Number of T =   1  Number of rho =   1  Number of materials =   9
TOPS results for  surf257T002     on Sep 19, 2026
Opacities in cm**2/gm, T in keV, density in gm/cc
Normalized composition for requested elements
No. Fraction Mass Fraction  At. No.  Chem. Sym.  Mat ID.
9.7044E-01   8.8941E-01      1         H         4525
2.9297E-02   1.0664E-01      2         He        4675
2.4325E-06   2.6953E-05      6         C         4387
1.1017E-04   1.4030E-03      7         N         4005
8.3156E-05   1.2116E-03      8         O         4105
2.5313E-09   4.3732E-08      9         F         4405
2.2228E-05   4.0413E-04     10         Ne        4145
4.1339E-05   9.0165E-04     12         Mg        4682
2.1699E-07   7.8856E-06     20         Ca        2302
Temperature grid used the following   1 points
2.0000E-03
Density grid used the following   1 points
1.9163E-09
Photon grid used the following 256 points
1.0000E-08  1.0746E-08  1.1548E-08  1.2409E-08  1.3335E-08  1.4330E-08
1.5399E-08  1.6548E-08  1.7783E-08  1.9110E-08  2.0535E-08  2.2067E-08
2.3714E-08  2.5483E-08  2.7384E-08  2.9427E-08  3.1623E-08  3.3982E-08
3.6517E-08  3.9242E-08  4.2170E-08  4.5316E-08  4.8697E-08  5.2330E-08
5.6234E-08  6.0430E-08  6.4938E-08  6.9783E-08  7.4989E-08  8.0584E-08
8.6596E-08  9.3057E-08  1.0000E-07  1.0746E-07  1.1548E-07  1.2409E-07
1.3335E-07  1.4330E-07  1.5399E-07  1.6548E-07  1.7783E-07  1.9110E-07
2.0535E-07  2.2067E-07  2.3714E-07  2.5483E-07  2.7384E-07  2.9427E-07
3.1623E-07  3.3982E-07  3.6517E-07  3.9242E-07  4.2170E-07  4.5316E-07
4.8697E-07  5.2330E-07  5.6234E-07  6.0430E-07  6.4938E-07  6.9783E-07
7.4989E-07  8.0584E-07  8.6596E-07  9.3057E-07  1.0000E-06  1.0746E-06
1.1548E-06  1.2409E-06  1.3335E-06  1.4330E-06  1.5399E-06  1.6548E-06
1.7783E-06  1.9110E-06  2.0535E-06  2.2067E-06  2.3714E-06  2.5483E-06
2.7384E-06  2.9427E-06  3.1623E-06  3.3982E-06  3.6517E-06  3.9242E-06
4.2170E-06  4.5316E-06  4.8697E-06  5.2330E-06  5.6234E-06  6.0430E-06
6.4938E-06  6.9783E-06  7.4989E-06  8.0584E-06  8.6596E-06  9.3057E-06
1.0000E-05  1.0746E-05  1.1548E-05  1.2409E-05  1.3335E-05  1.4330E-05
1.5399E-05  1.6548E-05  1.7783E-05  1.9110E-05  2.0535E-05  2.2067E-05
2.3714E-05  2.5483E-05  2.7384E-05  2.9427E-05  3.1623E-05  3.3982E-05
3.6517E-05  3.9242E-05  4.2170E-05  4.5316E-05  4.8697E-05  5.2330E-05
5.6234E-05  6.0430E-05  6.4938E-05  6.9783E-05  7.4989E-05  8.0584E-05
8.6596E-05  9.3057E-05  1.0000E-04  1.0746E-04  1.1548E-04  1.2409E-04
1.3335E-04  1.4330E-04  1.5399E-04  1.6548E-04  1.7783E-04  1.9110E-04
2.0535E-04  2.2067E-04  2.3714E-04  2.5483E-04  2.7384E-04  2.9427E-04
3.1623E-04  3.3982E-04  3.6517E-04  3.9242E-04  4.2170E-04  4.5316E-04
4.8697E-04  5.2330E-04  5.6234E-04  6.0430E-04  6.4938E-04  6.9783E-04
7.4989E-04  8.0584E-04  8.6596E-04  9.3057E-04  1.0000E-03  1.0746E-03
1.1548E-03  1.2409E-03  1.3335E-03  1.4330E-03  1.5399E-03  1.6548E-03
1.7783E-03  1.9110E-03  2.0535E-03  2.2067E-03  2.3714E-03  2.5483E-03
2.7384E-03  2.9427E-03  3.1623E-03  3.3982E-03  3.6517E-03  3.9242E-03
4.2170E-03  4.5316E-03  4.8697E-03  5.2330E-03  5.6234E-03  6.0430E-03
6.4938E-03  6.9783E-03  7.4989E-03  8.0584E-03  8.6596E-03  9.3057E-03
1.0000E-02  1.0746E-02  1.1548E-02  1.2409E-02  1.3335E-02  1.4330E-02
1.5399E-02  1.6548E-02  1.7783E-02  1.9110E-02  2.0535E-02  2.2067E-02
2.3714E-02  2.5483E-02  2.7384E-02  2.9427E-02  3.1623E-02  3.3982E-02
3.6517E-02  3.9242E-02  4.2170E-02  4.5316E-02  4.8697E-02  5.2330E-02
5.6234E-02  6.0430E-02  6.4938E-02  6.9783E-02  7.4989E-02  8.0584E-02
8.6596E-02  9.3057E-02  1.0000E-01  1.0746E-01  1.1548E-01  1.2409E-01
1.3335E-01  1.4330E-01  1.5399E-01  1.6548E-01  1.7783E-01  1.9110E-01
2.0535E-01  2.2067E-01  2.3714E-01  2.5483E-01  2.7384E-01  2.9427E-01
3.1623E-01  3.3982E-01  3.6517E-01  3.9242E-01  4.2170E-01  4.5316E-01
4.8697E-01  5.2330E-01  5.6234E-01  6.0430E-01  6.4938E-01  6.9783E-01
7.4989E-01  8.0584E-01  8.6596E-01  9.3057E-01
Rosseland and Planck opacities and free electrons
Density     Ross opa    Planck opa  No. Free    Av Sq Free  T=  2.0000E-03
1.9163E-09  3.5530E+00  4.0076E+02  9.9982E-01  1.0002E+00
Multigroup opacities
Energy      Ross mg     Planck mg    for T, density =   2.0000E-03  1.9163E-09
1.0000E-08  4.8209E+11  4.8457E+11
1.0746E-08  4.1747E+11  4.1962E+11
1.1548E-08  3.6151E+11  3.6338E+11
1.2409E-08  3.1306E+11  3.1467E+11
1.3335E-08  2.7110E+11  2.7250E+11
1.4330E-08  2.3476E+11  2.3597E+11
1.5399E-08  2.0329E+11  2.0434E+11
1.6548E-08  1.7605E+11  1.7695E+11
1.7783E-08  1.5245E+11  1.5324E+11
1.9110E-08  1.3202E+11  1.3270E+11
2.0535E-08  1.1432E+11  1.1491E+11
2.2067E-08  9.8997E+10  9.9508E+10
2.3714E-08  8.5728E+10  8.6171E+10
2.5483E-08  7.4238E+10  7.4621E+10
2.7384E-08  6.4287E+10  6.4619E+10
2.9427E-08  5.5670E+10  5.5957E+10
3.1623E-08  4.8208E+10  4.8457E+10
3.3982E-08  4.1747E+10  4.1962E+10
3.6517E-08  3.6151E+10  3.6338E+10
3.9242E-08  3.1306E+10  3.1467E+10
4.2170E-08  2.7109E+10  2.7249E+10
4.5316E-08  2.3476E+10  2.3597E+10
4.8697E-08  2.0329E+10  2.0434E+10
5.2330E-08  1.7604E+10  1.7695E+10
5.6234E-08  1.5245E+10  1.5323E+10
6.0430E-08  1.3201E+10  1.3270E+10
6.4938E-08  1.1432E+10  1.1491E+10
6.9783E-08  9.8996E+09  9.9507E+09
7.4989E-08  8.5727E+09  8.6169E+09
8.0584E-08  7.4236E+09  7.4619E+09
8.6596E-08  6.4286E+09  6.4618E+09
9.3057E-08  5.5669E+09  5.5957E+09
1.0000E-07  4.8208E+09  4.8456E+09
1.0746E-07  4.1746E+09  4.1961E+09
1.1548E-07  3.6150E+09  3.6337E+09
1.2409E-07  3.1305E+09  3.1466E+09
1.3335E-07  2.7109E+09  2.7249E+09
1.4330E-07  2.3475E+09  2.3596E+09
1.5399E-07  2.0329E+09  2.0434E+09
1.6548E-07  1.7604E+09  1.7695E+09
1.7783E-07  1.5244E+09  1.5323E+09
1.9110E-07  1.3201E+09  1.3269E+09
2.0535E-07  1.1431E+09  1.1490E+09
2.2067E-07  9.8992E+08  9.9503E+08
2.3714E-07  8.5723E+08  8.6166E+08
2.5483E-07  7.4233E+08  7.4616E+08
2.7384E-07  6.4283E+08  6.4615E+08
2.9427E-07  5.5666E+08  5.5954E+08
3.1623E-07  4.8205E+08  4.8454E+08
3.3982E-07  4.1743E+08  4.1959E+08
3.6517E-07  3.6148E+08  3.6335E+08
3.9242E-07  3.1303E+08  3.1464E+08
4.2170E-07  2.7107E+08  2.7247E+08
4.5316E-07  2.3473E+08  2.3594E+08
4.8697E-07  2.0327E+08  2.0432E+08
5.2330E-07  1.7602E+08  1.7693E+08
5.6234E-07  1.5243E+08  1.5321E+08
6.0430E-07  1.3200E+08  1.3268E+08
6.4938E-07  1.1430E+08  1.1489E+08
6.9783E-07  9.8980E+07  9.9491E+07
7.4989E-07  8.5712E+07  8.6154E+07
8.0584E-07  7.4222E+07  7.4606E+07
8.6596E-07  6.4273E+07  6.4605E+07
9.3057E-07  5.5657E+07  5.5944E+07
1.0000E-06  4.8196E+07  4.8445E+07
1.0746E-06  4.1735E+07  4.1951E+07
1.1548E-06  3.6141E+07  3.6327E+07
1.2409E-06  3.1296E+07  3.1457E+07
1.3335E-06  2.7100E+07  2.7240E+07
1.4330E-06  2.3467E+07  2.3589E+07
1.5399E-06  2.0321E+07  2.0426E+07
1.6548E-06  1.7597E+07  1.7688E+07
1.7783E-06  1.5238E+07  1.5317E+07
1.9110E-06  1.3195E+07  1.3263E+07
2.0535E-06  1.1426E+07  1.1485E+07
2.2067E-06  9.8941E+06  9.9452E+06
2.3714E-06  8.6355E+06  8.6574E+06
2.5483E-06  8.2319E+06  8.2326E+06
2.7384E-06  8.0514E+06  8.0526E+06
2.9427E-06  7.8307E+06  7.8325E+06
3.1623E-06  7.5799E+06  7.5822E+06
3.3982E-06  7.3071E+06  7.3098E+06
3.6517E-06  7.0191E+06  7.0222E+06
3.9242E-06  6.7216E+06  6.7250E+06
4.2170E-06  6.4192E+06  6.4228E+06
4.5316E-06  6.1157E+06  6.1194E+06
4.8697E-06  5.7231E+06  5.7325E+06
5.2330E-06  5.0604E+06  5.0799E+06
5.6234E-06  4.4701E+06  4.4871E+06
6.0430E-06  3.9528E+06  3.9676E+06
6.4938E-06  3.4992E+06  3.5120E+06
6.9783E-06  3.1010E+06  3.1122E+06
7.4989E-06  2.7091E+06  2.7235E+06
8.0584E-06  2.3396E+06  2.3521E+06
8.6596E-06  2.0201E+06  2.0310E+06
9.3057E-06  1.7439E+06  1.7533E+06
1.0000E-05  1.5013E+06  1.5099E+06
1.0746E-05  1.2894E+06  1.2969E+06
1.1548E-05  1.1067E+06  1.1132E+06
1.2409E-05  9.5052E+05  9.5515E+05
1.3335E-05  8.1390E+05  8.1874E+05
1.4330E-05  6.9965E+05  7.0186E+05
1.5399E-05  5.9745E+05  6.0102E+05
1.6548E-05  5.1293E+05  5.1491E+05
1.7783E-05  4.3817E+05  4.4079E+05
1.9110E-05  3.7637E+05  3.7758E+05
2.0535E-05  3.2088E+05  3.2285E+05
2.2067E-05  2.7517E+05  2.7621E+05
2.3714E-05  2.3537E+05  2.3623E+05
2.5483E-05  2.0077E+05  2.0199E+05
2.7384E-05  1.7211E+05  1.7302E+05
2.9427E-05  1.4816E+05  1.4867E+05
3.1623E-05  1.2734E+05  1.2778E+05
3.3982E-05  1.0817E+05  1.0854E+05
3.6517E-05  9.2224E+04  9.2534E+04
3.9242E-05  7.9047E+04  7.9316E+04
4.2170E-05  6.9443E+04  6.9578E+04
4.5316E-05  5.8664E+04  5.8984E+04
4.8697E-05  4.9256E+04  4.9437E+04
5.2330E-05  4.1930E+04  4.2070E+04
5.6234E-05  3.5857E+04  3.5962E+04
6.0430E-05  3.2869E+04  3.2939E+04
6.4938E-05  2.7913E+04  2.8420E+04
6.9783E-05  2.2508E+04  2.2573E+04
7.4989E-05  1.9312E+04  1.9376E+04
8.0584E-05  1.6257E+04  1.6303E+04
8.6596E-05  1.3847E+04  1.3883E+04
9.3057E-05  1.3285E+04  1.3789E+04
1.0000E-04  1.1253E+04  1.1940E+04
1.0746E-04  9.0190E+03  9.0781E+03
1.1548E-04  7.3388E+03  7.3588E+03
1.2409E-04  6.2346E+03  6.2495E+03
1.3335E-04  5.4340E+03  5.4394E+03
1.4330E-04  4.5886E+03  4.6024E+03
1.5399E-04  4.3395E+03  4.4731E+03
1.6548E-04  3.7634E+03  3.9781E+03
1.7783E-04  2.8481E+03  2.8552E+03
1.9110E-04  2.4290E+03  2.4334E+03
2.0535E-04  2.1902E+03  2.2111E+03
2.2067E-04  1.7888E+03  1.7922E+03
2.3714E-04  1.5681E+03  1.5744E+03
2.5483E-04  1.4882E+03  1.5288E+03
2.7384E-04  1.1724E+03  1.1739E+03
2.9427E-04  1.1685E+03  1.2458E+03
3.1623E-04  9.2701E+02  9.4039E+02
3.3982E-04  7.2141E+02  7.2316E+02
3.6517E-04  6.4420E+02  6.5001E+02
3.9242E-04  5.4445E+02  5.4606E+02
4.2170E-04  4.6612E+02  4.6644E+02
4.5316E-04  4.6027E+02  9.3627E+02
4.8697E-04  3.4041E+02  3.4104E+02
5.2330E-04  2.8884E+02  2.8910E+02
5.6234E-04  2.7023E+02  3.4204E+02
6.0430E-04  2.3113E+02  2.4861E+02
6.4938E-04  2.2416E+02  2.6052E+02
6.9783E-04  1.7303E+02  1.7596E+02
7.4989E-04  1.4749E+02  1.4758E+02
8.0584E-04  1.2420E+02  1.2422E+02
8.6596E-04  1.0520E+02  1.0515E+02
9.3057E-04  9.9610E+01  6.8254E+02
1.0000E-03  7.6615E+01  7.6493E+01
1.0746E-03  7.2001E+01  8.2015E+01
1.1548E-03  6.0675E+01  6.8909E+01
1.2409E-03  5.3135E+01  5.7976E+01
1.3335E-03  5.4404E+01  5.6318E+01
1.4330E-03  4.7793E+01  4.7596E+01
1.5399E-03  4.0359E+01  4.0120E+01
1.6548E-03  3.4312E+01  3.4055E+01
1.7783E-03  3.3510E+01  7.4774E+02
1.9110E-03  2.4865E+01  2.4751E+01
2.0535E-03  2.0855E+01  2.0594E+01
2.2067E-03  1.7659E+01  1.7741E+01
2.3714E-03  1.5472E+01  1.7499E+01
2.5483E-03  1.3453E+01  4.6152E+01
2.7384E-03  1.2054E+01  4.1571E+01
2.9427E-03  1.1954E+01  2.7965E+01
3.1623E-03  2.0982E+01  2.5007E+01
3.3982E-03  2.0892E+01  2.0619E+01
3.6517E-03  1.7762E+01  1.7451E+01
3.9242E-03  1.5046E+01  1.4739E+01
4.2170E-03  1.2630E+01  1.2333E+01
4.5316E-03  1.0608E+01  1.0288E+01
4.8697E-03  8.8520E+00  8.5214E+00
5.2330E-03  7.3548E+00  7.0331E+00
5.6234E-03  6.1002E+00  5.7587E+00
6.0430E-03  5.1098E+00  4.7651E+00
6.4938E-03  4.2492E+00  3.9040E+00
6.9783E-03  3.5479E+00  3.2421E+00
7.4989E-03  3.0218E+00  4.4924E+00
8.0584E-03  2.5062E+00  2.1524E+00
8.6596E-03  2.0981E+00  1.7415E+00
9.3057E-03  1.8077E+00  1.6323E+00
1.0000E-02  1.8723E+00  4.9555E+03
1.0746E-02  1.3336E+00  9.9762E-01
1.1548E-02  1.6045E+00  5.6007E+02
1.2409E-02  2.6172E+00  1.7608E+03
1.3335E-02  2.3386E+02  5.5660E+02
1.4330E-02  2.8304E+02  8.8983E+02
1.5399E-02  2.4336E+02  1.7653E+03
1.6548E-02  2.0214E+02  4.2381E+02
1.7783E-02  1.6873E+02  1.5890E+03
1.9110E-02  1.3733E+02  2.4501E+02
2.0535E-02  1.1348E+02  1.7968E+02
2.2067E-02  9.7236E+01  1.8369E+03
2.3714E-02  3.3422E+02  1.1978E+03
2.5483E-02  7.8926E+02  9.2887E+02
2.7384E-02  7.5412E+02  1.3592E+03
2.9427E-02  7.0395E+02  9.4710E+02
3.1623E-02  7.0145E+02  8.0354E+02
3.3982E-02  7.7584E+02  1.4754E+03
3.6517E-02  6.7073E+02  9.4093E+02
3.9242E-02  6.5156E+02  1.4565E+06
4.2170E-02  6.4361E+02  6.8224E+02
4.5316E-02  6.4615E+02  1.1039E+05
4.8697E-02  6.5455E+02  1.2998E+03
5.2330E-02  1.3652E+03  1.5340E+04
5.6234E-02  2.1071E+04  2.1144E+04
6.0430E-02  1.7950E+04  1.7997E+04
6.4938E-02  1.5195E+04  1.5251E+04
6.9783E-02  1.2421E+04  1.2462E+04
7.4989E-02  1.0506E+04  1.0622E+04
8.0584E-02  8.7114E+03  8.7399E+03
8.6596E-02  7.0863E+03  7.1090E+03
9.3057E-02  5.8569E+03  5.8714E+03
1.0000E-01  4.8680E+03  4.8808E+03
1.0746E-01  3.9643E+03  3.9758E+03
1.1548E-01  3.2447E+03  3.2509E+03
1.2409E-01  2.7027E+03  2.7080E+03
1.3335E-01  2.2071E+03  2.2121E+03
1.4330E-01  1.7885E+03  1.7912E+03
1.5399E-01  1.4814E+03  1.4833E+03
1.6548E-01  1.2130E+03  1.2147E+03
1.7783E-01  9.7517E+02  9.7606E+02
1.9110E-01  8.0407E+02  8.0456E+02
2.0535E-01  6.6139E+02  6.6179E+02
2.2067E-01  5.2947E+02  5.2963E+02
2.3714E-01  4.3350E+02  4.3345E+02
2.5483E-01  3.5589E+02  3.5578E+02
2.7384E-01  2.8538E+02  2.8523E+02
2.9427E-01  2.3145E+02  2.3120E+02
3.1623E-01  1.9009E+02  1.8981E+02
3.3982E-01  1.5371E+02  1.5341E+02
3.6517E-01  1.2338E+02  1.2305E+02
3.9242E-01  1.0153E+02  1.0119E+02
4.2170E-01  8.4052E+01  8.5620E+01
4.5316E-01  7.5802E+01  7.5967E+01
4.8697E-01  8.2056E+01  8.1696E+01
5.2330E-01  6.7014E+01  6.6875E+01
5.6234E-01  8.4896E+01  1.0040E+02
6.0430E-01  6.3335E+01  6.2967E+01
6.4938E-01  5.2338E+01  5.1969E+01
6.9783E-01  4.2529E+01  4.2159E+01
7.4989E-01  3.4825E+01  3.4453E+01
8.0584E-01  2.8817E+01  2.8445E+01
8.6596E-01  2.3626E+01  2.3254E+01
9.3057E-01  2.2797E+01  2.2424E+01
Frequency Dependent Energy Opacities
T (keV), Density (gm/cc) =   2.0000E-03  1.9163E-09
Photon energy(keV), Total, Absorp, Scatt (cm**2/gm)
2.5000E-06  8.3480E+06  8.3480E+06  1.8224E-01
5.0000E-06  5.8681E+06  5.8681E+06  1.8224E-01
7.5000E-06  2.9372E+06  2.9372E+06  1.8224E-01
1.0000E-05  1.6332E+06  1.6332E+06  1.8224E-01
1.2500E-05  1.0179E+06  1.0179E+06  1.8224E-01
1.5000E-05  6.8868E+05  6.8868E+05  1.8224E-01
1.7500E-05  4.9424E+05  4.9424E+05  1.8246E-01
2.0000E-05  3.7058E+05  3.7058E+05  1.8253E-01
2.2500E-05  2.8690E+05  2.8690E+05  1.8261E-01
2.5000E-05  2.2819E+05  2.2819E+05  1.8269E-01
2.7500E-05  1.8559E+05  1.8559E+05  1.8287E-01
3.0000E-05  1.5415E+05  1.5415E+05  1.8299E-01
3.2500E-05  1.3075E+05  1.3075E+05  1.8312E-01
3.5000E-05  1.1027E+05  1.1027E+05  1.8326E-01
3.7500E-05  9.4617E+04  9.4617E+04  1.8341E-01
4.0000E-05  8.2226E+04  8.2225E+04  1.8357E-01
4.2500E-05  7.2675E+04  7.2675E+04  1.8374E-01
4.5000E-05  6.6826E+04  6.6826E+04  1.8392E-01
4.7500E-05  5.7069E+04  5.7068E+04  1.8411E-01
5.0000E-05  5.0592E+04  5.0592E+04  1.8431E-01
5.2500E-05  4.5325E+04  4.5325E+04  1.8452E-01
5.5000E-05  4.0880E+04  4.0880E+04  1.8474E-01
5.7500E-05  3.7087E+04  3.7087E+04  1.8497E-01
6.0000E-05  3.3876E+04  3.3876E+04  1.8521E-01
6.2500E-05  3.1497E+04  3.1497E+04  1.8545E-01
6.5000E-05  3.5120E+04  3.5120E+04  1.8571E-01
6.7500E-05  2.6985E+04  2.6985E+04  1.8597E-01
7.0000E-05  2.4330E+04  2.4330E+04  1.8625E-01
7.2500E-05  2.2439E+04  2.2439E+04  1.8653E-01
7.5000E-05  2.0996E+04  2.0996E+04  1.8682E-01
7.7500E-05  1.9677E+04  1.9677E+04  1.8712E-01
8.0000E-05  1.8065E+04  1.8065E+04  1.8743E-01
8.2500E-05  1.6797E+04  1.6797E+04  1.8775E-01
8.5000E-05  1.5695E+04  1.5695E+04  1.8807E-01
8.7500E-05  1.4708E+04  1.4708E+04  1.8841E-01
9.0000E-05  1.3823E+04  1.3823E+04  1.8875E-01
9.2500E-05  1.3033E+04  1.3032E+04  1.8910E-01
9.5000E-05  1.2365E+04  1.2365E+04  1.8946E-01
9.7500E-05  1.2048E+04  1.2048E+04  1.8982E-01
1.0000E-04  1.9999E+04  1.9999E+04  1.9019E-01
1.0250E-04  1.1233E+04  1.1233E+04  1.9057E-01
1.0500E-04  1.0102E+04  1.0101E+04  1.9096E-01
1.0750E-04  9.6787E+03  9.6785E+03  1.9136E-01
1.1000E-04  9.9240E+03  9.9238E+03  1.9176E-01
1.1250E-04  8.6787E+03  8.6785E+03  1.9217E-01
1.1500E-04  8.1321E+03  8.1319E+03  1.9258E-01
1.1750E-04  7.6957E+03  7.6955E+03  1.9300E-01
1.2000E-04  7.3235E+03  7.3233E+03  1.9343E-01
1.2250E-04  6.9853E+03  6.9851E+03  1.9386E-01
1.2500E-04  6.6736E+03  6.6734E+03  1.9430E-01
1.2750E-04  6.3857E+03  6.3856E+03  1.9475E-01
1.3000E-04  6.1145E+03  6.1143E+03  1.9520E-01
1.3250E-04  5.8641E+03  5.8639E+03  1.9566E-01
1.3500E-04  5.6357E+03  5.6355E+03  1.9612E-01
1.3750E-04  5.4644E+03  5.4642E+03  1.9660E-01
1.4000E-04  5.3530E+03  5.3528E+03  1.9707E-01
1.4250E-04  5.2364E+03  5.2362E+03  1.9755E-01
1.4500E-04  4.8903E+03  4.8901E+03  1.9803E-01
1.4750E-04  4.6721E+03  4.6719E+03  1.9852E-01
1.5000E-04  4.4895E+03  4.4893E+03  1.9902E-01
1.5250E-04  4.3266E+03  4.3264E+03  1.9951E-01
1.5500E-04  4.1810E+03  4.1808E+03  2.0002E-01
1.5750E-04  4.0596E+03  4.0594E+03  2.0052E-01
1.6000E-04  3.9863E+03  3.9861E+03  2.0104E-01
1.6250E-04  4.0899E+03  4.0897E+03  2.0155E-01
1.6500E-04  6.5682E+03  6.5680E+03  2.0207E-01
1.6750E-04  5.4621E+03  5.4619E+03  2.0259E-01
1.7000E-04  3.7040E+03  3.7038E+03  2.0312E-01
1.7250E-04  3.4099E+03  3.4097E+03  2.0365E-01
1.7500E-04  3.2529E+03  3.2527E+03  2.0419E-01
1.7750E-04  3.1303E+03  3.1301E+03  2.0472E-01
1.8000E-04  3.0239E+03  3.0237E+03  2.0526E-01
1.8250E-04  2.9270E+03  2.9268E+03  2.0581E-01
1.8500E-04  2.8366E+03  2.8364E+03  2.0635E-01
1.8750E-04  2.7482E+03  2.7480E+03  2.0690E-01
1.9000E-04  2.6667E+03  2.6665E+03  2.0745E-01
1.9250E-04  2.5897E+03  2.5895E+03  2.0801E-01
1.9500E-04  2.5167E+03  2.5165E+03  2.0856E-01
1.9750E-04  2.4479E+03  2.4477E+03  2.0912E-01
2.0000E-04  2.3840E+03  2.3838E+03  2.0968E-01
2.0250E-04  2.3274E+03  2.3271E+03  2.1024E-01
2.0500E-04  2.2868E+03  2.2865E+03  2.1081E-01
2.0750E-04  2.3063E+03  2.3061E+03  2.1137E-01
2.1000E-04  2.6520E+03  2.6518E+03  2.1194E-01
2.1250E-04  2.1986E+03  2.1984E+03  2.1251E-01
2.1500E-04  2.0923E+03  2.0921E+03  2.1309E-01
2.1750E-04  2.0179E+03  2.0176E+03  2.1366E-01
2.2000E-04  1.9592E+03  1.9590E+03  2.1423E-01
2.2250E-04  1.9068E+03  1.9066E+03  2.1481E-01
2.2500E-04  1.8584E+03  1.8582E+03  2.1538E-01
2.2750E-04  1.8132E+03  1.8129E+03  2.1596E-01
2.3000E-04  1.7709E+03  1.7707E+03  2.1654E-01
2.3250E-04  1.7318E+03  1.7316E+03  2.1712E-01
2.3500E-04  1.6973E+03  1.6971E+03  2.1770E-01
2.3750E-04  1.6734E+03  1.6731E+03  2.1828E-01
2.4000E-04  1.6864E+03  1.6862E+03  2.1886E-01
2.4250E-04  1.7213E+03  1.7211E+03  2.1944E-01
2.4500E-04  1.5882E+03  1.5880E+03  2.2002E-01
2.4750E-04  1.5298E+03  1.5296E+03  2.2060E-01
2.5000E-04  1.4902E+03  1.4900E+03  2.2118E-01
2.5250E-04  1.4579E+03  1.4577E+03  2.2177E-01
2.5500E-04  1.4300E+03  1.4298E+03  2.2235E-01
2.5750E-04  1.4075E+03  1.4072E+03  2.2293E-01
2.6000E-04  1.3977E+03  1.3975E+03  2.2351E-01
2.6250E-04  1.4122E+03  1.4120E+03  2.2409E-01
2.6500E-04  1.7177E+03  1.7175E+03  2.2467E-01
2.6750E-04  2.1670E+03  2.1667E+03  2.2526E-01
2.7000E-04  1.3802E+03  1.3800E+03  2.2584E-01
2.7250E-04  1.2838E+03  1.2835E+03  2.2642E-01
2.7500E-04  1.2430E+03  1.2428E+03  2.2700E-01
2.7750E-04  1.2141E+03  1.2138E+03  2.2758E-01
2.8000E-04  1.2124E+03  1.2122E+03  2.2816E-01
2.8250E-04  1.1888E+03  1.1886E+03  2.2873E-01
2.8500E-04  1.1701E+03  1.1699E+03  2.2931E-01
2.8750E-04  1.1445E+03  1.1443E+03  2.2989E-01
2.9000E-04  1.1238E+03  1.1236E+03  2.3046E-01
2.9250E-04  1.1287E+03  1.1284E+03  2.3104E-01
2.9500E-04  1.0873E+03  1.0871E+03  2.3161E-01
2.9750E-04  1.0743E+03  1.0740E+03  2.3218E-01
3.0000E-04  1.0725E+03  1.0723E+03  2.3275E-01
3.0250E-04  1.1211E+03  1.1209E+03  2.3332E-01
3.0500E-04  2.0506E+03  2.0504E+03  2.3389E-01
3.0750E-04  1.7354E+03  1.7352E+03  2.3446E-01
3.1000E-04  1.1023E+03  1.1020E+03  2.3503E-01
3.1250E-04  9.8961E+02  9.8937E+02  2.3559E-01
3.1500E-04  9.5147E+02  9.5124E+02  2.3616E-01
3.1750E-04  9.2836E+02  9.2812E+02  2.3672E-01
3.2000E-04  9.1031E+02  9.1007E+02  2.3728E-01
3.2250E-04  8.9620E+02  8.9596E+02  2.3784E-01
3.2500E-04  8.8841E+02  8.8817E+02  2.3840E-01
3.2750E-04  9.0025E+02  9.0001E+02  2.3895E-01
3.3000E-04  1.0421E+03  1.0419E+03  2.3951E-01
3.3250E-04  1.2509E+03  1.2507E+03  2.4006E-01
3.3500E-04  8.8428E+02  8.8404E+02  2.4061E-01
3.3750E-04  8.2236E+02  8.2212E+02  2.4116E-01
3.4000E-04  7.9853E+02  7.9829E+02  2.4171E-01
3.4250E-04  7.7867E+02  7.7843E+02  2.4226E-01
3.4500E-04  7.6099E+02  7.6074E+02  2.4280E-01
3.4750E-04  7.4689E+02  7.4665E+02  2.4335E-01
3.5000E-04  7.3532E+02  7.3508E+02  2.4389E-01
3.5250E-04  7.2127E+02  7.2103E+02  2.4443E-01
3.5500E-04  7.0918E+02  7.0893E+02  2.4497E-01
3.5750E-04  6.9781E+02  6.9757E+02  2.4550E-01
3.6000E-04  6.8708E+02  6.8684E+02  2.4604E-01
3.6250E-04  6.7709E+02  6.7684E+02  2.4657E-01
3.6500E-04  6.6815E+02  6.6791E+02  2.4710E-01
3.6750E-04  6.6116E+02  6.6091E+02  2.4763E-01
3.7000E-04  6.5871E+02  6.5846E+02  2.4815E-01
3.7250E-04  6.7132E+02  6.7107E+02  2.4868E-01
3.7500E-04  7.6871E+02  7.6846E+02  2.4920E-01
3.7750E-04  7.6566E+02  7.6541E+02  2.4972E-01
3.8000E-04  6.4752E+02  6.4726E+02  2.5024E-01
3.8250E-04  6.1497E+02  6.1472E+02  2.5075E-01
3.8500E-04  5.9833E+02  5.9808E+02  2.5127E-01
3.8750E-04  5.8665E+02  5.8640E+02  2.5178E-01
3.9000E-04  5.7712E+02  5.7687E+02  2.5229E-01
3.9250E-04  5.6880E+02  5.6855E+02  2.5280E-01
3.9500E-04  5.6186E+02  5.6161E+02  2.5330E-01
3.9750E-04  5.5481E+02  5.5456E+02  2.5381E-01
4.0000E-04  5.5075E+02  5.5050E+02  2.5431E-01
4.0250E-04  5.5342E+02  5.5316E+02  2.5481E-01
4.0500E-04  5.5769E+02  5.5744E+02  2.5530E-01
4.0750E-04  6.1442E+02  6.1416E+02  2.5580E-01
4.1000E-04  5.7058E+02  5.7032E+02  2.5629E-01
4.1250E-04  5.3161E+02  5.3136E+02  2.5678E-01
4.1500E-04  5.1549E+02  5.1524E+02  2.5727E-01
4.1750E-04  5.0623E+02  5.0597E+02  2.5776E-01
4.2000E-04  4.9940E+02  4.9914E+02  2.5824E-01
4.2250E-04  4.9373E+02  4.9347E+02  2.5872E-01
4.2500E-04  4.8879E+02  4.8853E+02  2.5920E-01
4.2750E-04  4.8428E+02  4.8402E+02  2.5968E-01
4.3000E-04  4.7988E+02  4.7962E+02  2.6016E-01
4.3250E-04  4.7539E+02  4.7513E+02  2.6063E-01
4.3500E-04  4.7129E+02  4.7103E+02  2.6110E-01
4.3750E-04  4.6731E+02  4.6705E+02  2.6157E-01
4.4000E-04  4.6586E+02  4.6560E+02  2.6204E-01
4.4250E-04  4.5909E+02  4.5883E+02  2.6250E-01
4.4500E-04  4.5438E+02  4.5412E+02  2.6296E-01
4.4750E-04  4.4948E+02  4.4922E+02  2.6342E-01
4.5000E-04  4.4444E+02  4.4418E+02  2.6388E-01
4.5250E-04  4.3946E+02  4.3920E+02  2.6434E-01
4.5500E-04  4.3481E+02  4.3454E+02  2.6479E-01
4.5750E-04  4.3049E+02  4.3022E+02  2.6524E-01
4.6000E-04  4.2662E+02  4.2635E+02  2.6569E-01
4.6250E-04  4.2398E+02  4.2372E+02  2.6614E-01
4.6500E-04  4.2495E+02  4.2468E+02  2.6658E-01
4.6750E-04  4.3748E+02  4.3722E+02  2.6702E-01
4.7000E-04  5.2240E+02  5.2213E+02  2.6746E-01
4.7250E-04  7.1957E+03  7.1954E+03  2.6790E-01
4.7500E-04  5.0532E+02  5.0506E+02  2.6834E-01
4.7750E-04  4.3258E+02  4.3231E+02  2.6877E-01
4.8000E-04  3.9768E+02  3.9741E+02  2.6920E-01
4.8250E-04  3.8619E+02  3.8592E+02  2.6963E-01
4.8500E-04  3.7881E+02  3.7854E+02  2.7006E-01
4.8750E-04  3.7283E+02  3.7256E+02  2.7048E-01
4.9000E-04  3.6754E+02  3.6727E+02  2.7091E-01
4.9250E-04  3.6265E+02  3.6238E+02  2.7133E-01
4.9500E-04  3.5801E+02  3.5774E+02  2.7174E-01
4.9750E-04  3.5356E+02  3.5329E+02  2.7216E-01
5.0000E-04  3.4926E+02  3.4899E+02  2.7258E-01
5.0250E-04  3.4511E+02  3.4484E+02  2.7299E-01
5.0500E-04  3.4119E+02  3.4092E+02  2.7340E-01
5.0750E-04  3.3981E+02  3.3954E+02  2.7381E-01
5.1000E-04  3.3417E+02  3.3390E+02  2.7421E-01
5.1250E-04  3.2946E+02  3.2918E+02  2.7461E-01
5.1500E-04  3.2552E+02  3.2524E+02  2.7502E-01
5.1750E-04  3.2178E+02  3.2150E+02  2.7542E-01
5.2000E-04  3.1815E+02  3.1788E+02  2.7581E-01
5.2250E-04  3.1467E+02  3.1439E+02  2.7621E-01
5.2500E-04  3.1108E+02  3.1080E+02  2.7660E-01
5.2750E-04  3.0762E+02  3.0734E+02  2.7699E-01
5.3000E-04  3.0423E+02  3.0396E+02  2.7738E-01
5.3250E-04  3.0102E+02  3.0074E+02  2.7777E-01
5.3500E-04  2.9768E+02  2.9740E+02  2.7815E-01
5.3750E-04  2.9448E+02  2.9420E+02  2.7854E-01
5.4000E-04  2.9136E+02  2.9108E+02  2.7892E-01
5.4250E-04  2.8832E+02  2.8804E+02  2.7930E-01
5.4500E-04  2.8556E+02  2.8528E+02  2.7967E-01
5.4750E-04  2.8250E+02  2.8222E+02  2.8005E-01
5.5000E-04  2.7974E+02  2.7946E+02  2.8042E-01
5.5250E-04  2.7713E+02  2.7685E+02  2.8079E-01
5.5500E-04  2.7474E+02  2.7446E+02  2.8116E-01
5.5750E-04  2.7264E+02  2.7236E+02  2.8153E-01
5.6000E-04  2.8341E+02  2.8313E+02  2.8189E-01
5.6250E-04  2.7018E+02  2.6990E+02  2.8226E-01
5.6500E-04  2.7188E+02  2.7160E+02  2.8262E-01
5.6750E-04  2.8082E+02  2.8054E+02  2.8298E-01
5.7000E-04  3.3074E+02  3.3046E+02  2.8333E-01
5.7250E-04  1.6706E+03  1.6703E+03  2.8369E-01
5.7500E-04  3.5345E+02  3.5317E+02  2.8404E-01
5.7750E-04  2.8844E+02  2.8815E+02  2.8439E-01
5.8000E-04  2.6087E+02  2.6058E+02  2.8474E-01
5.8250E-04  2.5203E+02  2.5175E+02  2.8509E-01
5.8500E-04  2.4713E+02  2.4684E+02  2.8544E-01
5.8750E-04  2.4341E+02  2.4312E+02  2.8578E-01
5.9000E-04  2.4041E+02  2.4012E+02  2.8612E-01
5.9250E-04  2.3773E+02  2.3745E+02  2.8646E-01
5.9500E-04  2.3528E+02  2.3499E+02  2.8680E-01
5.9750E-04  2.3325E+02  2.3296E+02  2.8714E-01
6.0000E-04  2.3242E+02  2.3213E+02  2.8747E-01
6.0250E-04  2.2857E+02  2.2828E+02  2.8780E-01
6.0500E-04  2.2650E+02  2.2622E+02  2.8813E-01
6.0750E-04  2.2590E+02  2.2562E+02  2.8846E-01
6.1000E-04  2.2463E+02  2.2435E+02  2.8879E-01
6.1250E-04  2.2073E+02  2.2044E+02  2.8912E-01
6.1500E-04  2.1896E+02  2.1867E+02  2.8944E-01
6.1750E-04  2.1698E+02  2.1669E+02  2.8976E-01
6.2000E-04  2.1543E+02  2.1514E+02  2.9008E-01
6.2250E-04  2.1435E+02  2.1406E+02  2.9040E-01
6.2500E-04  2.1323E+02  2.1294E+02  2.9072E-01
6.2750E-04  2.1315E+02  2.1286E+02  2.9103E-01
6.3000E-04  2.1497E+02  2.1468E+02  2.9135E-01
6.3250E-04  2.2317E+02  2.2288E+02  2.9166E-01
6.3500E-04  2.5819E+02  2.5790E+02  2.9197E-01
6.3750E-04  6.6538E+02  6.6509E+02  2.9228E-01
6.4000E-04  2.8030E+02  2.8000E+02  2.9258E-01
6.4250E-04  2.2693E+02  2.2664E+02  2.9289E-01
6.4500E-04  2.0976E+02  2.0947E+02  2.9319E-01
6.4750E-04  2.0371E+02  2.0342E+02  2.9349E-01
6.5000E-04  2.0161E+02  2.0132E+02  2.9379E-01
6.5250E-04  2.0226E+02  2.0196E+02  2.9409E-01
6.5500E-04  2.0813E+02  2.0783E+02  2.9439E-01
6.5750E-04  2.3492E+02  2.3463E+02  2.9469E-01
6.6000E-04  5.3940E+02  5.3911E+02  2.9498E-01
6.6250E-04  7.5994E+02  7.5965E+02  2.9527E-01
6.6500E-04  2.4976E+02  2.4947E+02  2.9556E-01
6.6750E-04  2.0757E+02  2.0727E+02  2.9585E-01
6.7000E-04  3.1269E+02  3.1239E+02  2.9614E-01
6.7250E-04  1.9269E+02  1.9240E+02  2.9642E-01
6.7500E-04  1.9233E+02  1.9203E+02  2.9671E-01
6.7750E-04  2.0021E+02  1.9991E+02  2.9699E-01
6.8000E-04  2.2550E+02  2.2521E+02  2.9727E-01
6.8250E-04  3.6785E+02  3.6756E+02  2.9755E-01
6.8500E-04  2.1887E+02  2.1857E+02  2.9783E-01
6.8750E-04  1.9050E+02  1.9020E+02  2.9810E-01
6.9000E-04  1.8006E+02  1.7977E+02  2.9838E-01
6.9250E-04  1.7524E+02  1.7494E+02  2.9865E-01
6.9500E-04  1.7238E+02  1.7208E+02  2.9893E-01
6.9750E-04  1.7047E+02  1.7018E+02  2.9920E-01
7.0000E-04  1.6921E+02  1.6891E+02  2.9946E-01
7.0250E-04  1.6858E+02  1.6828E+02  2.9973E-01
7.0500E-04  1.6855E+02  1.6825E+02  3.0000E-01
7.0750E-04  1.7057E+02  1.7027E+02  3.0026E-01
7.1000E-04  1.7578E+02  1.7548E+02  3.0053E-01
7.1250E-04  1.9777E+02  1.9747E+02  3.0079E-01
7.1500E-04  2.2421E+02  2.2391E+02  3.0105E-01
7.1750E-04  1.8135E+02  1.8105E+02  3.0131E-01
7.2000E-04  1.7040E+02  1.7010E+02  3.0157E-01
7.2250E-04  1.6519E+02  1.6489E+02  3.0182E-01
7.2500E-04  1.6319E+02  1.6289E+02  3.0208E-01
7.2750E-04  1.6204E+02  1.6174E+02  3.0233E-01
7.3000E-04  1.6165E+02  1.6135E+02  3.0258E-01
7.3250E-04  1.6140E+02  1.6109E+02  3.0283E-01
7.3500E-04  1.6224E+02  1.6193E+02  3.0308E-01
7.3750E-04  1.6135E+02  1.6105E+02  3.0333E-01
7.4000E-04  1.6140E+02  1.6110E+02  3.0358E-01
7.4250E-04  1.6158E+02  1.6128E+02  3.0382E-01
7.4500E-04  1.6222E+02  1.6192E+02  3.0407E-01
7.4750E-04  2.8317E+02  2.8287E+02  3.0431E-01
7.5000E-04  1.6167E+02  1.6136E+02  3.0455E-01
7.5250E-04  1.6016E+02  1.5985E+02  3.0479E-01
7.5500E-04  1.5870E+02  1.5840E+02  3.0503E-01
7.5750E-04  1.5745E+02  1.5714E+02  3.0527E-01
7.6000E-04  1.5624E+02  1.5594E+02  3.0550E-01
7.6250E-04  1.5503E+02  1.5473E+02  3.0574E-01
7.6500E-04  1.5384E+02  1.5354E+02  3.0597E-01
7.6750E-04  1.5265E+02  1.5234E+02  3.0621E-01
7.7000E-04  1.5173E+02  1.5142E+02  3.0644E-01
7.7250E-04  1.5036E+02  1.5006E+02  3.0667E-01
7.7500E-04  1.4918E+02  1.4887E+02  3.0690E-01
7.7750E-04  1.4806E+02  1.4775E+02  3.0712E-01
7.8000E-04  1.4692E+02  1.4661E+02  3.0735E-01
7.8250E-04  1.4581E+02  1.4550E+02  3.0758E-01
7.8500E-04  1.4481E+02  1.4450E+02  3.0780E-01
7.8750E-04  1.4365E+02  1.4335E+02  3.0802E-01
7.9000E-04  1.4268E+02  1.4237E+02  3.0824E-01
7.9250E-04  1.4144E+02  1.4113E+02  3.0846E-01
7.9500E-04  1.4037E+02  1.4006E+02  3.0868E-01
7.9750E-04  1.3932E+02  1.3901E+02  3.0890E-01
8.0000E-04  1.3827E+02  1.3796E+02  3.0912E-01
8.0250E-04  1.3725E+02  1.3694E+02  3.0933E-01
8.0500E-04  1.3623E+02  1.3592E+02  3.0955E-01
8.0750E-04  1.3535E+02  1.3504E+02  3.0976E-01
8.1000E-04  1.3422E+02  1.3391E+02  3.0998E-01
8.1250E-04  1.3344E+02  1.3313E+02  3.1019E-01
8.1500E-04  1.3226E+02  1.3195E+02  3.1040E-01
8.1750E-04  1.3129E+02  1.3098E+02  3.1061E-01
8.2000E-04  1.3033E+02  1.3002E+02  3.1081E-01
8.2250E-04  1.2939E+02  1.2907E+02  3.1102E-01
8.2500E-04  1.2848E+02  1.2817E+02  3.1123E-01
8.2750E-04  1.2753E+02  1.2721E+02  3.1143E-01
8.3000E-04  1.2663E+02  1.2632E+02  3.1164E-01
8.3250E-04  1.2577E+02  1.2546E+02  3.1184E-01
8.3500E-04  1.2533E+02  1.2501E+02  3.1204E-01
8.3750E-04  1.2394E+02  1.2363E+02  3.1224E-01
8.4000E-04  1.2318E+02  1.2287E+02  3.1244E-01
8.4250E-04  1.2222E+02  1.2191E+02  3.1264E-01
8.4500E-04  1.2138E+02  1.2106E+02  3.1284E-01
8.4750E-04  1.2045E+02  1.2014E+02  3.1303E-01
8.5000E-04  1.1962E+02  1.1930E+02  3.1323E-01
8.5250E-04  1.1878E+02  1.1847E+02  3.1342E-01
8.5500E-04  1.1797E+02  1.1766E+02  3.1362E-01
8.5750E-04  1.1711E+02  1.1679E+02  3.1381E-01
8.6000E-04  1.1633E+02  1.1601E+02  3.1400E-01
8.6250E-04  1.1553E+02  1.1521E+02  3.1419E-01
8.6500E-04  1.1483E+02  1.1452E+02  3.1438E-01
8.6750E-04  1.1397E+02  1.1366E+02  3.1457E-01
8.7000E-04  1.1320E+02  1.1289E+02  3.1475E-01
8.7250E-04  1.1252E+02  1.1220E+02  3.1494E-01
8.7500E-04  1.1577E+02  1.1545E+02  3.1513E-01
8.7750E-04  1.1098E+02  1.1066E+02  3.1531E-01
8.8000E-04  1.1025E+02  1.0993E+02  3.1549E-01
8.8250E-04  1.0954E+02  1.0922E+02  3.1568E-01
8.8500E-04  1.0887E+02  1.0856E+02  3.1586E-01
8.8750E-04  1.0814E+02  1.0782E+02  3.1604E-01
8.9000E-04  1.0759E+02  1.0727E+02  3.1622E-01
8.9250E-04  1.0677E+02  1.0646E+02  3.1640E-01
8.9500E-04  1.0611E+02  1.0580E+02  3.1658E-01
8.9750E-04  1.0563E+02  1.0531E+02  3.1675E-01
9.0000E-04  1.0480E+02  1.0448E+02  3.1693E-01
9.0250E-04  1.0414E+02  1.0383E+02  3.1710E-01
9.0500E-04  1.0351E+02  1.0319E+02  3.1728E-01
9.0750E-04  1.0290E+02  1.0259E+02  3.1745E-01
9.1000E-04  1.0225E+02  1.0194E+02  3.1762E-01
9.1250E-04  1.0164E+02  1.0133E+02  3.1780E-01
9.1500E-04  1.0121E+02  1.0089E+02  3.1797E-01
9.1750E-04  1.0045E+02  1.0013E+02  3.1814E-01
9.2000E-04  9.9884E+01  9.9565E+01  3.1831E-01
9.2250E-04  9.9264E+01  9.8946E+01  3.1847E-01
9.2500E-04  9.8691E+01  9.8373E+01  3.1864E-01
9.2750E-04  9.8130E+01  9.7811E+01  3.1881E-01
9.3000E-04  9.7577E+01  9.7258E+01  3.1897E-01
9.3250E-04  9.7039E+01  9.6720E+01  3.1914E-01
9.3500E-04  9.6517E+01  9.6198E+01  3.1930E-01
9.3750E-04  9.6016E+01  9.5697E+01  3.1947E-01
9.4000E-04  9.5531E+01  9.5212E+01  3.1963E-01
9.4250E-04  9.5085E+01  9.4765E+01  3.1979E-01
9.4500E-04  9.4679E+01  9.4359E+01  3.1995E-01
9.4750E-04  9.4346E+01  9.4026E+01  3.2011E-01
9.5000E-04  9.4232E+01  9.3912E+01  3.2027E-01
9.5250E-04  9.4121E+01  9.3801E+01  3.2043E-01
9.5500E-04  9.4423E+01  9.4102E+01  3.2059E-01
9.5750E-04  9.8484E+01  9.8163E+01  3.2074E-01
9.6000E-04  9.7852E+01  9.7531E+01  3.2090E-01
9.6250E-04  1.0633E+02  1.0601E+02  3.2105E-01
9.6500E-04  1.5389E+02  1.5357E+02  3.2121E-01
9.6750E-04  1.6274E+04  1.6273E+04  3.2136E-01
9.7000E-04  1.5722E+02  1.5690E+02  3.2152E-01
9.7250E-04  1.0609E+02  1.0577E+02  3.2167E-01
9.7500E-04  9.9100E+01  9.8778E+01  3.2182E-01
9.7750E-04  9.7147E+01  9.6825E+01  3.2197E-01
9.8000E-04  9.0013E+01  8.9690E+01  3.2212E-01
9.8250E-04  9.2316E+01  9.1994E+01  3.2227E-01
9.8500E-04  8.7815E+01  8.7492E+01  3.2242E-01
9.8750E-04  8.6997E+01  8.6675E+01  3.2257E-01
9.9000E-04  8.5653E+01  8.5331E+01  3.2271E-01
9.9250E-04  8.4959E+01  8.4636E+01  3.2286E-01
9.9500E-04  8.4371E+01  8.4048E+01  3.2301E-01
9.9750E-04  8.3798E+01  8.3475E+01  3.2315E-01
1.0000E-03  8.3263E+01  8.2940E+01  3.2329E-01
1.0025E-03  8.2856E+01  8.2532E+01  3.2344E-01
1.0050E-03  8.2297E+01  8.1973E+01  3.2358E-01
1.0075E-03  8.2219E+01  8.1895E+01  3.2372E-01
1.0100E-03  8.1283E+01  8.0959E+01  3.2386E-01
1.0125E-03  8.0762E+01  8.0438E+01  3.2400E-01
1.0150E-03  8.0301E+01  7.9977E+01  3.2414E-01
1.0175E-03  7.9829E+01  7.9504E+01  3.2428E-01
1.0200E-03  7.9408E+01  7.9084E+01  3.2442E-01
1.0225E-03  7.8928E+01  7.8604E+01  3.2456E-01
1.0250E-03  7.8479E+01  7.8155E+01  3.2470E-01
1.0275E-03  7.8038E+01  7.7713E+01  3.2483E-01
1.0300E-03  7.7609E+01  7.7284E+01  3.2497E-01
1.0325E-03  7.7158E+01  7.6833E+01  3.2511E-01
1.0350E-03  7.6728E+01  7.6402E+01  3.2524E-01
1.0375E-03  7.6806E+01  7.6480E+01  3.2537E-01
1.0400E-03  7.5884E+01  7.5559E+01  3.2551E-01
1.0425E-03  7.5495E+01  7.5170E+01  3.2564E-01
1.0450E-03  7.5073E+01  7.4748E+01  3.2577E-01
1.0475E-03  7.4673E+01  7.4347E+01  3.2590E-01
1.0500E-03  7.4321E+01  7.3995E+01  3.2603E-01
1.0525E-03  7.4180E+01  7.3853E+01  3.2616E-01
1.0550E-03  8.3030E+01  8.2704E+01  3.2629E-01
1.0575E-03  7.3927E+01  7.3600E+01  3.2642E-01
1.0600E-03  7.2775E+01  7.2448E+01  3.2655E-01
1.0625E-03  7.2282E+01  7.1956E+01  3.2668E-01
1.0650E-03  7.2167E+01  7.1840E+01  3.2681E-01
1.0675E-03  7.1865E+01  7.1538E+01  3.2693E-01
1.0700E-03  7.1132E+01  7.0805E+01  3.2706E-01
1.0725E-03  7.0833E+01  7.0506E+01  3.2718E-01
1.0750E-03  7.0294E+01  6.9967E+01  3.2731E-01
1.0775E-03  6.9930E+01  6.9602E+01  3.2743E-01
1.0800E-03  6.9620E+01  6.9292E+01  3.2756E-01
1.0825E-03  6.9195E+01  6.8867E+01  3.2768E-01
1.0850E-03  6.9097E+01  6.8769E+01  3.2780E-01
1.0875E-03  6.8451E+01  6.8123E+01  3.2792E-01
1.0900E-03  6.8075E+01  6.7747E+01  3.2805E-01
1.0925E-03  6.7724E+01  6.7396E+01  3.2817E-01
1.0950E-03  6.7379E+01  6.7051E+01  3.2829E-01
1.0975E-03  6.7051E+01  6.6723E+01  3.2841E-01
1.1000E-03  6.6743E+01  6.6415E+01  3.2852E-01
1.1025E-03  6.6893E+01  6.6565E+01  3.2864E-01
1.1050E-03  6.6174E+01  6.5845E+01  3.2876E-01
1.1075E-03  6.5926E+01  6.5597E+01  3.2888E-01
1.1100E-03  6.5668E+01  6.5339E+01  3.2900E-01
1.1125E-03  6.5474E+01  6.5145E+01  3.2911E-01
1.1150E-03  6.5367E+01  6.5038E+01  3.2923E-01
1.1175E-03  6.5364E+01  6.5035E+01  3.2934E-01
1.1200E-03  6.5569E+01  6.5240E+01  3.2946E-01
1.1225E-03  6.6166E+01  6.5837E+01  3.2957E-01
1.1250E-03  6.7674E+01  6.7345E+01  3.2968E-01
1.1275E-03  7.1983E+01  7.1653E+01  3.2980E-01
1.1300E-03  8.7080E+01  8.6750E+01  3.2991E-01
1.1325E-03  2.5145E+02  2.5112E+02  3.3002E-01
1.1350E-03  2.9717E+02  2.9683E+02  3.3013E-01
1.1375E-03  8.8824E+01  8.8494E+01  3.3025E-01
1.1400E-03  7.1828E+01  7.1497E+01  3.3036E-01
1.1425E-03  9.2512E+01  9.2181E+01  3.3047E-01
1.1450E-03  6.6226E+01  6.5896E+01  3.3058E-01
1.1475E-03  6.2611E+01  6.2280E+01  3.3068E-01
1.1500E-03  6.1737E+01  6.1406E+01  3.3079E-01
1.1525E-03  6.1610E+01  6.1279E+01  3.3090E-01
1.1550E-03  6.0819E+01  6.0488E+01  3.3101E-01
1.1575E-03  6.0024E+01  5.9692E+01  3.3111E-01
1.1600E-03  6.0079E+01  5.9748E+01  3.3122E-01
1.1625E-03  5.9963E+01  5.9632E+01  3.3133E-01
1.1650E-03  5.8841E+01  5.8509E+01  3.3143E-01
1.1675E-03  5.8582E+01  5.8251E+01  3.3154E-01
1.1700E-03  5.8198E+01  5.7867E+01  3.3164E-01
1.1725E-03  5.7823E+01  5.7491E+01  3.3175E-01
1.1750E-03  5.7534E+01  5.7202E+01  3.3185E-01
1.1775E-03  5.7646E+01  5.7314E+01  3.3195E-01
1.1800E-03  5.7199E+01  5.6867E+01  3.3206E-01
1.1825E-03  5.6944E+01  5.6611E+01  3.3216E-01
1.1850E-03  5.6514E+01  5.6182E+01  3.3226E-01
1.1875E-03  5.6142E+01  5.5809E+01  3.3236E-01
1.1900E-03  5.5919E+01  5.5586E+01  3.3246E-01
1.1925E-03  5.5639E+01  5.5307E+01  3.3256E-01
1.1950E-03  5.5393E+01  5.5060E+01  3.3266E-01
1.1975E-03  5.5158E+01  5.4825E+01  3.3276E-01
1.2000E-03  5.4942E+01  5.4609E+01  3.3286E-01
1.2025E-03  5.4733E+01  5.4400E+01  3.3296E-01
1.2050E-03  5.4538E+01  5.4205E+01  3.3306E-01
1.2075E-03  5.4373E+01  5.4040E+01  3.3316E-01
1.2100E-03  5.4240E+01  5.3907E+01  3.3325E-01
1.2125E-03  5.4168E+01  5.3835E+01  3.3335E-01
1.2150E-03  5.4144E+01  5.3810E+01  3.3345E-01
1.2175E-03  5.4264E+01  5.3931E+01  3.3354E-01
1.2200E-03  5.4792E+01  5.4458E+01  3.3364E-01
1.2225E-03  6.4794E+01  6.4460E+01  3.3373E-01
1.2250E-03  5.7148E+01  5.6814E+01  3.3383E-01
1.2275E-03  6.0193E+01  5.9859E+01  3.3392E-01
1.2300E-03  7.2363E+01  7.2029E+01  3.3402E-01
1.2325E-03  1.6626E+02  1.6593E+02  3.3411E-01
1.2350E-03  3.0681E+02  3.0648E+02  3.3420E-01
1.2375E-03  8.1133E+01  8.0799E+01  3.3430E-01
1.2400E-03  6.1790E+01  6.1456E+01  3.3439E-01
1.2425E-03  6.4449E+01  6.4115E+01  3.3448E-01
1.2450E-03  5.4874E+01  5.4540E+01  3.3457E-01
1.2475E-03  5.2647E+01  5.2313E+01  3.3466E-01
1.2500E-03  5.1676E+01  5.1341E+01  3.3475E-01
1.2525E-03  5.2921E+01  5.2586E+01  3.3484E-01
1.2550E-03  5.1639E+01  5.1304E+01  3.3493E-01
1.2575E-03  5.0567E+01  5.0232E+01  3.3502E-01
1.2600E-03  4.9989E+01  4.9654E+01  3.3511E-01
1.2625E-03  4.9649E+01  4.9313E+01  3.3520E-01
1.2650E-03  4.9366E+01  4.9030E+01  3.3529E-01
1.2675E-03  4.9335E+01  4.9000E+01  3.3538E-01
1.2700E-03  4.8990E+01  4.8654E+01  3.3547E-01
1.2725E-03  4.8823E+01  4.8488E+01  3.3555E-01
1.2750E-03  4.8739E+01  4.8404E+01  3.3564E-01
1.2775E-03  4.8731E+01  4.8395E+01  3.3573E-01
1.2800E-03  4.8636E+01  4.8300E+01  3.3581E-01
1.2825E-03  4.8732E+01  4.8396E+01  3.3590E-01
1.2850E-03  4.9015E+01  4.8679E+01  3.3598E-01
1.2875E-03  4.9660E+01  4.9324E+01  3.3607E-01
1.2900E-03  5.1048E+01  5.0712E+01  3.3615E-01
1.2925E-03  5.4457E+01  5.4121E+01  3.3624E-01
1.2950E-03  6.5206E+01  6.4870E+01  3.3632E-01
1.2975E-03  1.2582E+02  1.2548E+02  3.3640E-01
1.3000E-03  2.1666E+02  2.1633E+02  3.3649E-01
1.3025E-03  7.4388E+01  7.4052E+01  3.3657E-01
1.3050E-03  5.6707E+01  5.6370E+01  3.3665E-01
1.3075E-03  6.4521E+01  6.4184E+01  3.3674E-01
1.3100E-03  4.9951E+01  4.9614E+01  3.3682E-01
1.3125E-03  4.8319E+01  4.7983E+01  3.3690E-01
1.3150E-03  4.7471E+01  4.7134E+01  3.3698E-01
1.3175E-03  4.6954E+01  4.6617E+01  3.3706E-01
1.3200E-03  4.7418E+01  4.7081E+01  3.3714E-01
1.3225E-03  4.7857E+01  4.7520E+01  3.3722E-01
1.3250E-03  4.7540E+01  4.7203E+01  3.3730E-01
1.3275E-03  4.6694E+01  4.6356E+01  3.3738E-01
1.3300E-03  4.6785E+01  4.6448E+01  3.3746E-01
1.3325E-03  4.7604E+01  4.7266E+01  3.3754E-01
1.3350E-03  4.8727E+01  4.8390E+01  3.3762E-01
1.3375E-03  5.2357E+01  5.2019E+01  3.3769E-01
1.3400E-03  6.2528E+01  6.2191E+01  3.3777E-01
1.3425E-03  1.1041E+02  1.1007E+02  3.3785E-01
1.3450E-03  1.1463E+02  1.1429E+02  3.3793E-01
1.3475E-03  6.3341E+01  6.3003E+01  3.3800E-01
1.3500E-03  5.2749E+01  5.2411E+01  3.3808E-01
1.3525E-03  5.0467E+01  5.0128E+01  3.3816E-01
1.3550E-03  4.7559E+01  4.7221E+01  3.3823E-01
1.3575E-03  4.6480E+01  4.6141E+01  3.3831E-01
1.3600E-03  4.6140E+01  4.5802E+01  3.3838E-01
1.3625E-03  4.6282E+01  4.5944E+01  3.3846E-01
1.3650E-03  4.7016E+01  4.6677E+01  3.3853E-01
1.3675E-03  4.8142E+01  4.7804E+01  3.3861E-01
1.3700E-03  5.1044E+01  5.0705E+01  3.3868E-01
1.3725E-03  5.9738E+01  5.9399E+01  3.3875E-01
1.3750E-03  9.0631E+01  9.0292E+01  3.3883E-01
1.3775E-03  7.2410E+01  7.2071E+01  3.3890E-01
1.3800E-03  5.5688E+01  5.5349E+01  3.3897E-01
1.3825E-03  5.1349E+01  5.1010E+01  3.3905E-01
1.3850E-03  5.0459E+01  5.0120E+01  3.3912E-01
1.3875E-03  5.0245E+01  4.9906E+01  3.3919E-01
1.3900E-03  5.1075E+01  5.0736E+01  3.3926E-01
1.3925E-03  5.0341E+01  5.0001E+01  3.3933E-01
1.3950E-03  5.0825E+01  5.0486E+01  3.3940E-01
1.3975E-03  5.2071E+01  5.1731E+01  3.3947E-01
1.4000E-03  5.2206E+01  5.1867E+01  3.3955E-01
1.4025E-03  5.2767E+01  5.2427E+01  3.3962E-01
1.4050E-03  5.3406E+01  5.3066E+01  3.3969E-01
1.4075E-03  5.3959E+01  5.3620E+01  3.3975E-01
1.4100E-03  5.4483E+01  5.4144E+01  3.3982E-01
1.4125E-03  5.4400E+01  5.4060E+01  3.3989E-01
1.4150E-03  5.4260E+01  5.3920E+01  3.3996E-01
1.4175E-03  5.3989E+01  5.3649E+01  3.4003E-01
1.4200E-03  5.3785E+01  5.3445E+01  3.4010E-01
1.4225E-03  5.3568E+01  5.3228E+01  3.4017E-01
1.4250E-03  5.3222E+01  5.2882E+01  3.4023E-01
1.4275E-03  5.3010E+01  5.2669E+01  3.4030E-01
1.4300E-03  5.2831E+01  5.2491E+01  3.4037E-01
1.4325E-03  5.2985E+01  5.2644E+01  3.4043E-01
1.4350E-03  5.2886E+01  5.2545E+01  3.4050E-01
1.4375E-03  5.2126E+01  5.1786E+01  3.4057E-01
1.4400E-03  5.1785E+01  5.1444E+01  3.4063E-01
1.4425E-03  5.1599E+01  5.1258E+01  3.4070E-01
1.4450E-03  5.1296E+01  5.0955E+01  3.4076E-01
1.4475E-03  5.1054E+01  5.0714E+01  3.4083E-01
1.4500E-03  5.0881E+01  5.0540E+01  3.4090E-01
1.4525E-03  5.0621E+01  5.0280E+01  3.4096E-01
1.4550E-03  5.0447E+01  5.0106E+01  3.4102E-01
1.4575E-03  5.0270E+01  4.9929E+01  3.4109E-01
1.4600E-03  5.0049E+01  4.9707E+01  3.4115E-01
1.4625E-03  4.9952E+01  4.9611E+01  3.4122E-01
1.4650E-03  4.9956E+01  4.9614E+01  3.4128E-01
1.4675E-03  4.9664E+01  4.9323E+01  3.4134E-01
1.4700E-03  4.9260E+01  4.8919E+01  3.4141E-01
1.4725E-03  4.9009E+01  4.8667E+01  3.4147E-01
1.4750E-03  4.8792E+01  4.8451E+01  3.4153E-01
1.4775E-03  4.8598E+01  4.8256E+01  3.4159E-01
1.4800E-03  4.8444E+01  4.8102E+01  3.4165E-01
1.4825E-03  4.8188E+01  4.7846E+01  3.4172E-01
1.4850E-03  4.8054E+01  4.7712E+01  3.4178E-01
1.4875E-03  4.7776E+01  4.7434E+01  3.4184E-01
1.4900E-03  4.7569E+01  4.7227E+01  3.4190E-01
1.4925E-03  4.7367E+01  4.7025E+01  3.4196E-01
1.4950E-03  4.7173E+01  4.6831E+01  3.4202E-01
1.4975E-03  4.6975E+01  4.6633E+01  3.4208E-01
1.5000E-03  4.6784E+01  4.6442E+01  3.4214E-01
1.5025E-03  4.6621E+01  4.6279E+01  3.4220E-01
1.5050E-03  4.6918E+01  4.6576E+01  3.4226E-01
1.5075E-03  4.6411E+01  4.6068E+01  3.4232E-01
1.5100E-03  4.6078E+01  4.5735E+01  3.4238E-01
1.5125E-03  4.5840E+01  4.5497E+01  3.4244E-01
1.5150E-03  4.5648E+01  4.5306E+01  3.4250E-01
1.5175E-03  4.5485E+01  4.5142E+01  3.4256E-01
1.5200E-03  4.5289E+01  4.4947E+01  3.4261E-01
1.5225E-03  4.5484E+01  4.5141E+01  3.4267E-01
1.5250E-03  4.4992E+01  4.4650E+01  3.4273E-01
1.5275E-03  4.4763E+01  4.4420E+01  3.4279E-01
1.5300E-03  4.4565E+01  4.4222E+01  3.4285E-01
1.5325E-03  4.4389E+01  4.4046E+01  3.4290E-01
1.5350E-03  4.4218E+01  4.3875E+01  3.4296E-01
1.5375E-03  4.4045E+01  4.3702E+01  3.4302E-01
1.5400E-03  4.3877E+01  4.3534E+01  3.4307E-01
1.5425E-03  4.3712E+01  4.3369E+01  3.4313E-01
1.5450E-03  4.3619E+01  4.3276E+01  3.4318E-01
1.5475E-03  4.3394E+01  4.3050E+01  3.4324E-01
1.5500E-03  4.3232E+01  4.2888E+01  3.4330E-01
1.5525E-03  4.3070E+01  4.2726E+01  3.4335E-01
1.5550E-03  4.2917E+01  4.2574E+01  3.4341E-01
1.5575E-03  4.2781E+01  4.2438E+01  3.4346E-01
1.5600E-03  4.2593E+01  4.2249E+01  3.4352E-01
1.5625E-03  4.2439E+01  4.2096E+01  3.4357E-01
1.5650E-03  4.2289E+01  4.1945E+01  3.4363E-01
1.5675E-03  4.3919E+01  4.3575E+01  3.4368E-01
1.5700E-03  4.2018E+01  4.1674E+01  3.4373E-01
1.5725E-03  4.1847E+01  4.1503E+01  3.4379E-01
1.5750E-03  4.1675E+01  4.1331E+01  3.4384E-01
1.5775E-03  4.1522E+01  4.1178E+01  3.4389E-01
1.5800E-03  4.1374E+01  4.1030E+01  3.4395E-01
1.5825E-03  4.1227E+01  4.0883E+01  3.4400E-01
1.5850E-03  4.1080E+01  4.0736E+01  3.4405E-01
1.5875E-03  4.0938E+01  4.0594E+01  3.4410E-01
1.5900E-03  4.0790E+01  4.0446E+01  3.4416E-01
1.5925E-03  4.0652E+01  4.0308E+01  3.4421E-01
1.5950E-03  4.0516E+01  4.0172E+01  3.4426E-01
1.5975E-03  4.0371E+01  4.0026E+01  3.4431E-01
1.6000E-03  4.0232E+01  3.9888E+01  3.4436E-01
1.6025E-03  4.0090E+01  3.9746E+01  3.4442E-01
1.6050E-03  3.9962E+01  3.9617E+01  3.4447E-01
1.6075E-03  3.9860E+01  3.9515E+01  3.4452E-01
1.6100E-03  4.0653E+01  4.0308E+01  3.4457E-01
1.6125E-03  3.9626E+01  3.9282E+01  3.4462E-01
1.6150E-03  3.9412E+01  3.9068E+01  3.4467E-01
1.6175E-03  3.9267E+01  3.8922E+01  3.4472E-01
1.6200E-03  3.9130E+01  3.8785E+01  3.4477E-01
1.6225E-03  3.8996E+01  3.8651E+01  3.4482E-01
1.6250E-03  3.8862E+01  3.8517E+01  3.4487E-01
1.6275E-03  3.8893E+01  3.8548E+01  3.4492E-01
1.6300E-03  3.8603E+01  3.8258E+01  3.4497E-01
1.6325E-03  3.8527E+01  3.8182E+01  3.4502E-01
1.6350E-03  3.8373E+01  3.8027E+01  3.4507E-01
1.6375E-03  3.8219E+01  3.7874E+01  3.4512E-01
1.6400E-03  3.8081E+01  3.7735E+01  3.4516E-01
1.6425E-03  3.7949E+01  3.7604E+01  3.4521E-01
1.6450E-03  3.7830E+01  3.7484E+01  3.4526E-01
1.6475E-03  3.7702E+01  3.7357E+01  3.4531E-01
1.6500E-03  3.7571E+01  3.7225E+01  3.4536E-01
1.6525E-03  3.7450E+01  3.7104E+01  3.4540E-01
1.6550E-03  3.7314E+01  3.6968E+01  3.4545E-01
1.6575E-03  3.7184E+01  3.6839E+01  3.4550E-01
1.6600E-03  3.7192E+01  3.6847E+01  3.4555E-01
1.6625E-03  3.6936E+01  3.6590E+01  3.4559E-01
1.6650E-03  3.6810E+01  3.6465E+01  3.4564E-01
1.6675E-03  3.6689E+01  3.6343E+01  3.4569E-01
1.6700E-03  3.6570E+01  3.6224E+01  3.4573E-01
1.6725E-03  3.6459E+01  3.6114E+01  3.4578E-01
1.6750E-03  3.6404E+01  3.6058E+01  3.4583E-01
1.6775E-03  3.6595E+01  3.6250E+01  3.4587E-01
1.6800E-03  3.6128E+01  3.5782E+01  3.4592E-01
1.6825E-03  3.5969E+01  3.5623E+01  3.4596E-01
1.6850E-03  3.5842E+01  3.5496E+01  3.4601E-01
1.6875E-03  3.5718E+01  3.5372E+01  3.4605E-01
1.6900E-03  3.5596E+01  3.5250E+01  3.4610E-01
1.6925E-03  3.5484E+01  3.5138E+01  3.4614E-01
1.6950E-03  3.5372E+01  3.5025E+01  3.4619E-01
1.6975E-03  3.5240E+01  3.4894E+01  3.4623E-01
1.7000E-03  3.5124E+01  3.4777E+01  3.4628E-01
1.7025E-03  3.5008E+01  3.4662E+01  3.4632E-01
1.7050E-03  3.4891E+01  3.4545E+01  3.4637E-01
1.7075E-03  3.4783E+01  3.4437E+01  3.4641E-01
1.7100E-03  3.5067E+01  3.4720E+01  3.4646E-01
1.7125E-03  3.4570E+01  3.4223E+01  3.4650E-01
1.7150E-03  3.4435E+01  3.4088E+01  3.4654E-01
1.7175E-03  3.4325E+01  3.3978E+01  3.4659E-01
1.7200E-03  3.4229E+01  3.3882E+01  3.4663E-01
1.7225E-03  3.4196E+01  3.3849E+01  3.4667E-01
1.7250E-03  3.4047E+01  3.3700E+01  3.4672E-01
1.7275E-03  3.4001E+01  3.3655E+01  3.4676E-01
1.7300E-03  3.3769E+01  3.3422E+01  3.4680E-01
1.7325E-03  3.3656E+01  3.3309E+01  3.4684E-01
1.7350E-03  3.3544E+01  3.3197E+01  3.4689E-01
1.7375E-03  3.3441E+01  3.3094E+01  3.4693E-01
1.7400E-03  3.3325E+01  3.2978E+01  3.4697E-01
1.7425E-03  3.3217E+01  3.2870E+01  3.4701E-01
1.7450E-03  3.3108E+01  3.2761E+01  3.4705E-01
1.7475E-03  3.3004E+01  3.2656E+01  3.4710E-01
1.7500E-03  3.2900E+01  3.2553E+01  3.4714E-01
1.7525E-03  3.2808E+01  3.2461E+01  3.4718E-01
1.7550E-03  3.2726E+01  3.2379E+01  3.4722E-01
1.7575E-03  3.2736E+01  3.2389E+01  3.4726E-01
1.7600E-03  3.2486E+01  3.2138E+01  3.4730E-01
1.7625E-03  3.2377E+01  3.2029E+01  3.4734E-01
1.7650E-03  3.2266E+01  3.1919E+01  3.4738E-01
1.7675E-03  3.2165E+01  3.1817E+01  3.4742E-01
1.7700E-03  3.2058E+01  3.1711E+01  3.4746E-01
1.7725E-03  3.1956E+01  3.1609E+01  3.4750E-01
1.7750E-03  3.1868E+01  3.1521E+01  3.4754E-01
1.7775E-03  3.1754E+01  3.1406E+01  3.4758E-01
1.7800E-03  3.1658E+01  3.1311E+01  3.4762E-01
1.7825E-03  3.1554E+01  3.1207E+01  3.4766E-01
1.7850E-03  3.1456E+01  3.1108E+01  3.4770E-01
1.7875E-03  3.1358E+01  3.1011E+01  3.4774E-01
1.7900E-03  3.1260E+01  3.0912E+01  3.4778E-01
1.7925E-03  3.1164E+01  3.0816E+01  3.4782E-01
1.7950E-03  3.1065E+01  3.0717E+01  3.4786E-01
1.7975E-03  3.0969E+01  3.0621E+01  3.4790E-01
1.8000E-03  3.0875E+01  3.0527E+01  3.4794E-01
1.8025E-03  3.0782E+01  3.0434E+01  3.4798E-01
1.8050E-03  3.0706E+01  3.0358E+01  3.4801E-01
1.8075E-03  3.0603E+01  3.0255E+01  3.4805E-01
1.8100E-03  3.0530E+01  3.0182E+01  3.4809E-01
1.8125E-03  3.0447E+01  3.0099E+01  3.4813E-01
1.8150E-03  3.4682E+01  3.4334E+01  3.4817E-01
1.8175E-03  3.0289E+01  2.9941E+01  3.4820E-01
1.8200E-03  3.0156E+01  2.9807E+01  3.4824E-01
1.8225E-03  3.0099E+01  2.9751E+01  3.4828E-01
1.8250E-03  2.9973E+01  2.9625E+01  3.4832E-01
1.8275E-03  2.9897E+01  2.9549E+01  3.4835E-01
1.8300E-03  2.9835E+01  2.9487E+01  3.4839E-01
1.8325E-03  2.9812E+01  2.9464E+01  3.4843E-01
1.8350E-03  3.1593E+01  3.1245E+01  3.4847E-01
1.8375E-03  2.9890E+01  2.9541E+01  3.4850E-01
1.8400E-03  2.9820E+01  2.9472E+01  3.4854E-01
1.8425E-03  2.9451E+01  2.9102E+01  3.4858E-01
1.8450E-03  2.9361E+01  2.9012E+01  3.4861E-01
1.8475E-03  2.9299E+01  2.8950E+01  3.4865E-01
1.8500E-03  2.9242E+01  2.8894E+01  3.4869E-01
1.8525E-03  2.9197E+01  2.8848E+01  3.4872E-01
1.8550E-03  2.9166E+01  2.8817E+01  3.4876E-01
1.8575E-03  2.9341E+01  2.8992E+01  3.4879E-01
1.8600E-03  2.9170E+01  2.8821E+01  3.4883E-01
1.8625E-03  2.9214E+01  2.8865E+01  3.4886E-01
1.8650E-03  2.9395E+01  2.9046E+01  3.4890E-01
1.8675E-03  2.9482E+01  2.9133E+01  3.4894E-01
1.8700E-03  2.9799E+01  2.9450E+01  3.4897E-01
1.8725E-03  3.0326E+01  2.9977E+01  3.4901E-01
1.8750E-03  3.1245E+01  3.0896E+01  3.4904E-01
1.8775E-03  3.2944E+01  3.2595E+01  3.4908E-01
1.8800E-03  3.6422E+01  3.6073E+01  3.4911E-01
1.8825E-03  4.5035E+01  4.4686E+01  3.4914E-01
1.8850E-03  7.5400E+01  7.5050E+01  3.4918E-01
1.8875E-03  3.2276E+02  3.2241E+02  3.4921E-01
1.8900E-03  3.6207E+04  3.6206E+04  3.4925E-01
1.8925E-03  2.0462E+02  2.0427E+02  3.4928E-01
1.8950E-03  6.5147E+01  6.4797E+01  3.4932E-01
1.8975E-03  4.2416E+01  4.2066E+01  3.4935E-01
1.9000E-03  3.5048E+01  3.4698E+01  3.4938E-01
1.9025E-03  3.1872E+01  3.1522E+01  3.4942E-01
1.9050E-03  3.0239E+01  2.9889E+01  3.4945E-01
1.9075E-03  2.9274E+01  2.8924E+01  3.4948E-01
1.9100E-03  2.8551E+01  2.8201E+01  3.4952E-01
1.9125E-03  2.7938E+01  2.7588E+01  3.4955E-01
1.9150E-03  2.7604E+01  2.7255E+01  3.4958E-01
1.9175E-03  2.7343E+01  2.6993E+01  3.4962E-01
1.9200E-03  2.7127E+01  2.6777E+01  3.4965E-01
1.9225E-03  2.6959E+01  2.6609E+01  3.4968E-01
1.9250E-03  2.6776E+01  2.6427E+01  3.4972E-01
1.9275E-03  2.6641E+01  2.6291E+01  3.4975E-01
1.9300E-03  2.6483E+01  2.6133E+01  3.4978E-01
1.9325E-03  2.6363E+01  2.6013E+01  3.4981E-01
1.9350E-03  2.6241E+01  2.5891E+01  3.4985E-01
1.9375E-03  2.6130E+01  2.5781E+01  3.4988E-01
1.9400E-03  2.6028E+01  2.5678E+01  3.4991E-01
1.9425E-03  2.5929E+01  2.5579E+01  3.4994E-01
1.9450E-03  2.5901E+01  2.5551E+01  3.4997E-01
1.9475E-03  2.5745E+01  2.5395E+01  3.5001E-01
1.9500E-03  2.5648E+01  2.5298E+01  3.5004E-01
1.9525E-03  2.5559E+01  2.5209E+01  3.5007E-01
1.9550E-03  2.5470E+01  2.5120E+01  3.5010E-01
1.9575E-03  2.5397E+01  2.5047E+01  3.5013E-01
1.9600E-03  2.5302E+01  2.4952E+01  3.5016E-01
1.9625E-03  2.5224E+01  2.4874E+01  3.5020E-01
1.9650E-03  2.5143E+01  2.4792E+01  3.5023E-01
1.9675E-03  2.5065E+01  2.4714E+01  3.5026E-01
1.9700E-03  2.4998E+01  2.4648E+01  3.5029E-01
1.9725E-03  2.4964E+01  2.4614E+01  3.5032E-01
1.9750E-03  2.4866E+01  2.4516E+01  3.5035E-01
1.9775E-03  2.4765E+01  2.4415E+01  3.5038E-01
1.9800E-03  2.4703E+01  2.4353E+01  3.5041E-01
1.9825E-03  2.4668E+01  2.4318E+01  3.5044E-01
1.9850E-03  2.4790E+01  2.4439E+01  3.5047E-01
1.9875E-03  4.4173E+01  4.3823E+01  3.5050E-01
1.9900E-03  2.4849E+01  2.4498E+01  3.5053E-01
1.9925E-03  2.4400E+01  2.4049E+01  3.5056E-01
1.9950E-03  2.4268E+01  2.3917E+01  3.5059E-01
1.9975E-03  2.4176E+01  2.3825E+01  3.5062E-01
2.0000E-03  2.4093E+01  2.3742E+01  3.5065E-01
2.0025E-03  2.4017E+01  2.3667E+01  3.5068E-01
2.0050E-03  2.3947E+01  2.3596E+01  3.5071E-01
2.0075E-03  2.3871E+01  2.3520E+01  3.5074E-01
2.0100E-03  2.3876E+01  2.3525E+01  3.5077E-01
2.0125E-03  2.3731E+01  2.3381E+01  3.5080E-01
2.0150E-03  2.3687E+01  2.3336E+01  3.5083E-01
2.0175E-03  2.3591E+01  2.3241E+01  3.5086E-01
2.0200E-03  2.3527E+01  2.3176E+01  3.5089E-01
2.0225E-03  2.3894E+01  2.3543E+01  3.5092E-01
2.0250E-03  2.3387E+01  2.3036E+01  3.5094E-01
2.0275E-03  2.3319E+01  2.2969E+01  3.5097E-01
2.0300E-03  2.3263E+01  2.2912E+01  3.5100E-01
2.0325E-03  2.3248E+01  2.2897E+01  3.5103E-01
2.0350E-03  2.3126E+01  2.2775E+01  3.5106E-01
2.0375E-03  2.3098E+01  2.2747E+01  3.5109E-01
2.0400E-03  2.2996E+01  2.2645E+01  3.5112E-01
2.0425E-03  2.2923E+01  2.2572E+01  3.5114E-01
2.0450E-03  2.2859E+01  2.2507E+01  3.5117E-01
2.0475E-03  2.2837E+01  2.2486E+01  3.5120E-01
2.0500E-03  2.2732E+01  2.2380E+01  3.5123E-01
2.0525E-03  2.2674E+01  2.2322E+01  3.5126E-01
2.0550E-03  2.2595E+01  2.2244E+01  3.5128E-01
2.0575E-03  2.2564E+01  2.2212E+01  3.5131E-01
2.0600E-03  2.2474E+01  2.2123E+01  3.5134E-01
2.0625E-03  2.2406E+01  2.2055E+01  3.5137E-01
2.0650E-03  2.2344E+01  2.1992E+01  3.5139E-01
2.0675E-03  2.2280E+01  2.1928E+01  3.5142E-01
2.0700E-03  2.2258E+01  2.1907E+01  3.5145E-01
2.0725E-03  2.2156E+01  2.1804E+01  3.5147E-01
2.0750E-03  2.2111E+01  2.1759E+01  3.5150E-01
2.0775E-03  2.2064E+01  2.1712E+01  3.5153E-01
2.0800E-03  2.1969E+01  2.1618E+01  3.5156E-01
2.0825E-03  2.1907E+01  2.1555E+01  3.5158E-01
2.0850E-03  2.1847E+01  2.1495E+01  3.5161E-01
2.0875E-03  2.1805E+01  2.1453E+01  3.5164E-01
2.0900E-03  2.1720E+01  2.1369E+01  3.5166E-01
2.0925E-03  2.1663E+01  2.1311E+01  3.5169E-01
2.0950E-03  2.1631E+01  2.1279E+01  3.5172E-01
2.0975E-03  2.1572E+01  2.1220E+01  3.5174E-01
2.1000E-03  2.1492E+01  2.1140E+01  3.5177E-01
2.1025E-03  2.1419E+01  2.1067E+01  3.5179E-01
2.1050E-03  2.1358E+01  2.1006E+01  3.5182E-01
2.1075E-03  2.1297E+01  2.0946E+01  3.5185E-01
2.1100E-03  2.1238E+01  2.0886E+01  3.5187E-01
2.1125E-03  2.1179E+01  2.0827E+01  3.5190E-01
2.1150E-03  2.1125E+01  2.0773E+01  3.5192E-01
2.1175E-03  2.1061E+01  2.0709E+01  3.5195E-01
2.1200E-03  2.1007E+01  2.0655E+01  3.5198E-01
2.1225E-03  2.0948E+01  2.0596E+01  3.5200E-01
2.1250E-03  2.0889E+01  2.0537E+01  3.5203E-01
2.1275E-03  2.0833E+01  2.0481E+01  3.5205E-01
2.1300E-03  2.0787E+01  2.0435E+01  3.5208E-01
2.1325E-03  2.0713E+01  2.0360E+01  3.5210E-01
2.1350E-03  2.0719E+01  2.0367E+01  3.5213E-01
2.1375E-03  2.8538E+01  2.8186E+01  3.5215E-01
2.1400E-03  2.0557E+01  2.0205E+01  3.5218E-01
2.1425E-03  2.0484E+01  2.0131E+01  3.5220E-01
2.1450E-03  2.0456E+01  2.0104E+01  3.5223E-01
2.1475E-03  2.0378E+01  2.0025E+01  3.5225E-01
2.1500E-03  2.0426E+01  2.0074E+01  3.5228E-01
2.1525E-03  2.1107E+01  2.0755E+01  3.5230E-01
2.1550E-03  2.0203E+01  1.9851E+01  3.5233E-01
2.1575E-03  2.0149E+01  1.9796E+01  3.5235E-01
2.1600E-03  2.0088E+01  1.9736E+01  3.5237E-01
2.1625E-03  2.0033E+01  1.9680E+01  3.5240E-01
2.1650E-03  1.9978E+01  1.9625E+01  3.5242E-01
2.1675E-03  1.9963E+01  1.9611E+01  3.5245E-01
2.1700E-03  1.9871E+01  1.9518E+01  3.5247E-01
2.1725E-03  1.9815E+01  1.9462E+01  3.5250E-01
2.1750E-03  1.9762E+01  1.9409E+01  3.5252E-01
2.1775E-03  1.9708E+01  1.9356E+01  3.5254E-01
2.1800E-03  1.9656E+01  1.9303E+01  3.5257E-01
2.1825E-03  1.9605E+01  1.9252E+01  3.5259E-01
2.1850E-03  1.9553E+01  1.9200E+01  3.5262E-01
2.1875E-03  1.9503E+01  1.9150E+01  3.5264E-01
2.1900E-03  1.9455E+01  1.9102E+01  3.5266E-01
2.1925E-03  1.9409E+01  1.9056E+01  3.5269E-01
2.1950E-03  1.9368E+01  1.9015E+01  3.5271E-01
2.1975E-03  1.9342E+01  1.8989E+01  3.5273E-01
2.2000E-03  1.9342E+01  1.8989E+01  3.5276E-01
2.2025E-03  1.9348E+01  1.8995E+01  3.5278E-01
2.2050E-03  1.9549E+01  1.9197E+01  3.5280E-01
2.2075E-03  2.1255E+01  2.0902E+01  3.5283E-01
2.2100E-03  5.5453E+01  5.5100E+01  3.5285E-01
2.2125E-03  1.9944E+01  1.9591E+01  3.5287E-01
2.2150E-03  1.9206E+01  1.8853E+01  3.5289E-01
2.2175E-03  1.9005E+01  1.8652E+01  3.5292E-01
2.2200E-03  1.8894E+01  1.8541E+01  3.5294E-01
2.2225E-03  1.8835E+01  1.8482E+01  3.5296E-01
2.2250E-03  1.8753E+01  1.8400E+01  3.5299E-01
2.2275E-03  1.8695E+01  1.8342E+01  3.5301E-01
2.2300E-03  1.8640E+01  1.8287E+01  3.5303E-01
2.2325E-03  1.8587E+01  1.8234E+01  3.5305E-01
2.2350E-03  1.8533E+01  1.8180E+01  3.5307E-01
2.2375E-03  1.8478E+01  1.8125E+01  3.5310E-01
2.2400E-03  1.8427E+01  1.8074E+01  3.5312E-01
2.2425E-03  1.8377E+01  1.8024E+01  3.5314E-01
2.2450E-03  1.8328E+01  1.7975E+01  3.5316E-01
2.2475E-03  1.8279E+01  1.7926E+01  3.5319E-01
2.2500E-03  1.8231E+01  1.7878E+01  3.5321E-01
2.2525E-03  1.8188E+01  1.7835E+01  3.5323E-01
2.2550E-03  1.8133E+01  1.7780E+01  3.5325E-01
2.2575E-03  1.8085E+01  1.7731E+01  3.5327E-01
2.2600E-03  1.8037E+01  1.7684E+01  3.5329E-01
2.2625E-03  1.7993E+01  1.7640E+01  3.5332E-01
2.2650E-03  1.7942E+01  1.7589E+01  3.5334E-01
2.2675E-03  1.7896E+01  1.7542E+01  3.5336E-01
2.2700E-03  1.7848E+01  1.7495E+01  3.5338E-01
2.2725E-03  1.7801E+01  1.7448E+01  3.5340E-01
2.2750E-03  1.7756E+01  1.7402E+01  3.5342E-01
2.2775E-03  1.7725E+01  1.7372E+01  3.5345E-01
2.2800E-03  1.7664E+01  1.7311E+01  3.5347E-01
2.2825E-03  1.7727E+01  1.7374E+01  3.5349E-01
2.2850E-03  1.7573E+01  1.7220E+01  3.5351E-01
2.2875E-03  1.7552E+01  1.7198E+01  3.5353E-01
2.2900E-03  1.7500E+01  1.7147E+01  3.5355E-01
2.2925E-03  1.7435E+01  1.7081E+01  3.5357E-01
2.2950E-03  1.7391E+01  1.7037E+01  3.5359E-01
2.2975E-03  1.7418E+01  1.7064E+01  3.5361E-01
2.3000E-03  1.7347E+01  1.6993E+01  3.5363E-01
2.3025E-03  1.7282E+01  1.6928E+01  3.5365E-01
2.3050E-03  1.7228E+01  1.6874E+01  3.5368E-01
2.3075E-03  1.7169E+01  1.6815E+01  3.5370E-01
2.3100E-03  1.7148E+01  1.6794E+01  3.5372E-01
2.3125E-03  1.7103E+01  1.6749E+01  3.5374E-01
2.3150E-03  1.7035E+01  1.6681E+01  3.5376E-01
2.3175E-03  1.6998E+01  1.6644E+01  3.5378E-01
2.3200E-03  1.6948E+01  1.6594E+01  3.5380E-01
2.3225E-03  1.6940E+01  1.6586E+01  3.5382E-01
2.3250E-03  1.6964E+01  1.6611E+01  3.5384E-01
2.3275E-03  1.6829E+01  1.6475E+01  3.5386E-01
2.3300E-03  1.6786E+01  1.6432E+01  3.5388E-01
2.3325E-03  1.6726E+01  1.6372E+01  3.5390E-01
2.3350E-03  1.6682E+01  1.6328E+01  3.5392E-01
2.3375E-03  1.6638E+01  1.6284E+01  3.5394E-01
2.3400E-03  1.6599E+01  1.6245E+01  3.5396E-01
2.3425E-03  1.6550E+01  1.6196E+01  3.5398E-01
2.3450E-03  1.6554E+01  1.6200E+01  3.5400E-01
2.3475E-03  1.6633E+01  1.6279E+01  3.5402E-01
2.3500E-03  1.6435E+01  1.6081E+01  3.5404E-01
2.3525E-03  1.6382E+01  1.6027E+01  3.5406E-01
2.3550E-03  1.6364E+01  1.6010E+01  3.5408E-01
2.3575E-03  1.6296E+01  1.5942E+01  3.5410E-01
2.3600E-03  1.6258E+01  1.5904E+01  3.5412E-01
2.3625E-03  1.6214E+01  1.5860E+01  3.5413E-01
2.3650E-03  1.6170E+01  1.5815E+01  3.5415E-01
2.3675E-03  1.6127E+01  1.5773E+01  3.5417E-01
2.3700E-03  1.6461E+01  1.6107E+01  3.5419E-01
2.3725E-03  1.6055E+01  1.5701E+01  3.5421E-01
2.3750E-03  1.6476E+01  1.6121E+01  3.5423E-01
2.3775E-03  1.5968E+01  1.5614E+01  3.5425E-01
2.3800E-03  1.5920E+01  1.5566E+01  3.5427E-01
2.3825E-03  1.5887E+01  1.5532E+01  3.5429E-01
2.3850E-03  1.5840E+01  1.5486E+01  3.5431E-01
2.3875E-03  1.5807E+01  1.5453E+01  3.5432E-01
2.3900E-03  1.5863E+01  1.5508E+01  3.5434E-01
2.3925E-03  1.5715E+01  1.5361E+01  3.5436E-01
2.3950E-03  1.5681E+01  1.5327E+01  3.5438E-01
2.3975E-03  1.5635E+01  1.5280E+01  3.5440E-01
2.4000E-03  1.5597E+01  1.5242E+01  3.5442E-01
2.4025E-03  1.5568E+01  1.5213E+01  3.5444E-01
2.4050E-03  1.5513E+01  1.5158E+01  3.5446E-01
2.4075E-03  1.5483E+01  1.5128E+01  3.5447E-01
2.4100E-03  1.5440E+01  1.5085E+01  3.5449E-01
2.4125E-03  1.5409E+01  1.5054E+01  3.5451E-01
2.4150E-03  1.5353E+01  1.4999E+01  3.5453E-01
2.4175E-03  1.5316E+01  1.4961E+01  3.5455E-01
2.4200E-03  1.5276E+01  1.4921E+01  3.5456E-01
2.4225E-03  1.5238E+01  1.4883E+01  3.5458E-01
2.4250E-03  1.5196E+01  1.4841E+01  3.5460E-01
2.4275E-03  1.5157E+01  1.4802E+01  3.5462E-01
2.4300E-03  1.5119E+01  1.4764E+01  3.5464E-01
2.4325E-03  1.5089E+01  1.4734E+01  3.5465E-01
2.4350E-03  1.5052E+01  1.4698E+01  3.5467E-01
2.4375E-03  1.5008E+01  1.4653E+01  3.5469E-01
2.4400E-03  1.4976E+01  1.4622E+01  3.5471E-01
2.4425E-03  1.4938E+01  1.4584E+01  3.5473E-01
2.4450E-03  1.4896E+01  1.4542E+01  3.5474E-01
2.4475E-03  1.4869E+01  1.4514E+01  3.5476E-01
2.4500E-03  1.4831E+01  1.4476E+01  3.5478E-01
2.4525E-03  1.4859E+01  1.4504E+01  3.5480E-01
2.4550E-03  1.4758E+01  1.4403E+01  3.5481E-01
2.4575E-03  1.4720E+01  1.4365E+01  3.5483E-01
2.4600E-03  1.4689E+01  1.4334E+01  3.5485E-01
2.4625E-03  1.4659E+01  1.4304E+01  3.5487E-01
2.4650E-03  1.4622E+01  1.4267E+01  3.5488E-01
2.4675E-03  1.4591E+01  1.4236E+01  3.5490E-01
2.4700E-03  1.4576E+01  1.4221E+01  3.5492E-01
2.4725E-03  1.4541E+01  1.4186E+01  3.5494E-01
2.4750E-03  1.4514E+01  1.4159E+01  3.5495E-01
2.4775E-03  1.4470E+01  1.4115E+01  3.5497E-01
2.4800E-03  1.4441E+01  1.4086E+01  3.5499E-01
2.4825E-03  1.4431E+01  1.4076E+01  3.5500E-01
2.4850E-03  1.4382E+01  1.4027E+01  3.5502E-01
2.4875E-03  1.4356E+01  1.4001E+01  3.5504E-01
2.4900E-03  1.4331E+01  1.3976E+01  3.5505E-01
2.4925E-03  1.4376E+01  1.4021E+01  3.5507E-01
2.4950E-03  1.4365E+01  1.4009E+01  3.5509E-01
2.4975E-03  1.4268E+01  1.3913E+01  3.5510E-01
2.5000E-03  1.4249E+01  1.3894E+01  3.5512E-01
2.5025E-03  1.4265E+01  1.3909E+01  3.5514E-01
2.5050E-03  1.4227E+01  1.3872E+01  3.5515E-01
2.5075E-03  1.4223E+01  1.3868E+01  3.5517E-01
2.5100E-03  1.4261E+01  1.3906E+01  3.5519E-01
2.5125E-03  1.4283E+01  1.3927E+01  3.5520E-01
2.5150E-03  1.4333E+01  1.3978E+01  3.5522E-01
2.5175E-03  1.4303E+01  1.3947E+01  3.5524E-01
2.5200E-03  1.4357E+01  1.4002E+01  3.5525E-01
2.5225E-03  1.4446E+01  1.4091E+01  3.5527E-01
2.5250E-03  1.4568E+01  1.4213E+01  3.5529E-01
2.5275E-03  1.4771E+01  1.4416E+01  3.5530E-01
2.5300E-03  1.5080E+01  1.4725E+01  3.5532E-01
2.5325E-03  1.5547E+01  1.5192E+01  3.5533E-01
2.5350E-03  1.7556E+01  1.7200E+01  3.5535E-01
2.5375E-03  1.7535E+01  1.7180E+01  3.5537E-01
2.5400E-03  2.0700E+01  2.0345E+01  3.5538E-01
2.5425E-03  2.5130E+01  2.4774E+01  3.5540E-01
2.5450E-03  3.9971E+01  3.9616E+01  3.5541E-01
2.5475E-03  1.1045E+02  1.1010E+02  3.5543E-01
2.5500E-03  1.5261E+03  1.5257E+03  3.5545E-01
2.5525E-03  1.0751E+03  1.0748E+03  3.5546E-01
2.5550E-03  9.8171E+01  9.7815E+01  3.5548E-01
2.5575E-03  6.2396E+01  6.2040E+01  3.5549E-01
2.5600E-03  2.4532E+01  2.4177E+01  3.5551E-01
2.5625E-03  1.9529E+01  1.9173E+01  3.5552E-01
2.5650E-03  1.7152E+01  1.6796E+01  3.5554E-01
2.5675E-03  1.5861E+01  1.5506E+01  3.5555E-01
2.5700E-03  1.5094E+01  1.4738E+01  3.5557E-01
2.5725E-03  1.4588E+01  1.4233E+01  3.5559E-01
2.5750E-03  1.4221E+01  1.3865E+01  3.5560E-01
2.5775E-03  1.3976E+01  1.3620E+01  3.5562E-01
2.5800E-03  1.3771E+01  1.3416E+01  3.5563E-01
2.5825E-03  1.3835E+01  1.3479E+01  3.5565E-01
2.5850E-03  1.3553E+01  1.3197E+01  3.5566E-01
2.5875E-03  1.3397E+01  1.3041E+01  3.5568E-01
2.5900E-03  1.3331E+01  1.2976E+01  3.5569E-01
2.5925E-03  1.3224E+01  1.2869E+01  3.5571E-01
2.5950E-03  1.3677E+01  1.3321E+01  3.5572E-01
2.5975E-03  1.3090E+01  1.2734E+01  3.5574E-01
2.6000E-03  1.3057E+01  1.2701E+01  3.5575E-01
2.6025E-03  1.3245E+01  1.2890E+01  3.5577E-01
2.6050E-03  1.2936E+01  1.2581E+01  3.5578E-01
2.6075E-03  1.2896E+01  1.2541E+01  3.5580E-01
2.6100E-03  1.2849E+01  1.2493E+01  3.5581E-01
2.6125E-03  1.2808E+01  1.2452E+01  3.5583E-01
2.6150E-03  1.2770E+01  1.2414E+01  3.5584E-01
2.6175E-03  1.2734E+01  1.2378E+01  3.5586E-01
2.6200E-03  1.2695E+01  1.2339E+01  3.5587E-01
2.6225E-03  1.2664E+01  1.2308E+01  3.5589E-01
2.6250E-03  1.2628E+01  1.2272E+01  3.5590E-01
2.6275E-03  1.2598E+01  1.2242E+01  3.5592E-01
2.6300E-03  1.5277E+01  1.4921E+01  3.5593E-01
2.6325E-03  1.2533E+01  1.2177E+01  3.5594E-01
2.6350E-03  1.2794E+01  1.2438E+01  3.5596E-01
2.6375E-03  1.2494E+01  1.2138E+01  3.5597E-01
2.6400E-03  1.2911E+01  1.2555E+01  3.5599E-01
2.6425E-03  1.2499E+01  1.2143E+01  3.5600E-01
2.6450E-03  1.2418E+01  1.2062E+01  3.5602E-01
2.6475E-03  1.2391E+01  1.2035E+01  3.5603E-01
2.6500E-03  1.2468E+01  1.2112E+01  3.5605E-01
2.6525E-03  1.3963E+01  1.3607E+01  3.5606E-01
2.6550E-03  1.3005E+01  1.2649E+01  3.5607E-01
2.6575E-03  1.2331E+01  1.1975E+01  3.5609E-01
2.6600E-03  1.2244E+01  1.1888E+01  3.5610E-01
2.6625E-03  1.2196E+01  1.1840E+01  3.5612E-01
2.6650E-03  1.2153E+01  1.1797E+01  3.5613E-01
2.6675E-03  1.2130E+01  1.1774E+01  3.5614E-01
2.6700E-03  1.2090E+01  1.1734E+01  3.5616E-01
2.6725E-03  1.2058E+01  1.1702E+01  3.5617E-01
2.6750E-03  1.2030E+01  1.1674E+01  3.5619E-01
2.6775E-03  1.2005E+01  1.1649E+01  3.5620E-01
2.6800E-03  1.1974E+01  1.1617E+01  3.5621E-01
2.6825E-03  1.1983E+01  1.1627E+01  3.5623E-01
2.6850E-03  1.1922E+01  1.1566E+01  3.5624E-01
2.6875E-03  1.1891E+01  1.1535E+01  3.5626E-01
2.6900E-03  1.1864E+01  1.1507E+01  3.5627E-01
2.6925E-03  1.1837E+01  1.1481E+01  3.5628E-01
2.6950E-03  1.1824E+01  1.1468E+01  3.5630E-01
2.6975E-03  1.1784E+01  1.1428E+01  3.5631E-01
2.7000E-03  1.1780E+01  1.1424E+01  3.5632E-01
2.7025E-03  1.1738E+01  1.1382E+01  3.5634E-01
2.7050E-03  1.1745E+01  1.1389E+01  3.5635E-01
2.7075E-03  1.1692E+01  1.1336E+01  3.5636E-01
2.7100E-03  1.1659E+01  1.1302E+01  3.5638E-01
2.7125E-03  1.1693E+01  1.1336E+01  3.5639E-01
2.7150E-03  1.1606E+01  1.1249E+01  3.5640E-01
2.7175E-03  1.1581E+01  1.1225E+01  3.5642E-01
2.7200E-03  1.1561E+01  1.1205E+01  3.5643E-01
2.7225E-03  1.1552E+01  1.1195E+01  3.5644E-01
2.7250E-03  1.6349E+01  1.5992E+01  3.5646E-01
2.7275E-03  1.9087E+01  1.8731E+01  3.5647E-01
2.7300E-03  1.1541E+01  1.1184E+01  3.5648E-01
2.7325E-03  1.1451E+01  1.1094E+01  3.5650E-01
2.7350E-03  1.1418E+01  1.1062E+01  3.5651E-01
2.7375E-03  1.1397E+01  1.1041E+01  3.5652E-01
2.7400E-03  1.1386E+01  1.1030E+01  3.5654E-01
2.7425E-03  1.1350E+01  1.0993E+01  3.5655E-01
2.7450E-03  1.1322E+01  1.0966E+01  3.5656E-01
2.7475E-03  1.1304E+01  1.0947E+01  3.5658E-01
2.7500E-03  1.1279E+01  1.0922E+01  3.5659E-01
2.7525E-03  1.1282E+01  1.0925E+01  3.5660E-01
2.7550E-03  1.1215E+01  1.0859E+01  3.5661E-01
2.7575E-03  1.1194E+01  1.0837E+01  3.5663E-01
2.7600E-03  1.1175E+01  1.0819E+01  3.5664E-01
2.7625E-03  1.1152E+01  1.0795E+01  3.5665E-01
2.7650E-03  1.1154E+01  1.0797E+01  3.5666E-01
2.7675E-03  1.7559E+01  1.7203E+01  3.5668E-01
2.7700E-03  1.1083E+01  1.0727E+01  3.5669E-01
2.7725E-03  1.1068E+01  1.0711E+01  3.5670E-01
2.7750E-03  1.1038E+01  1.0681E+01  3.5672E-01
2.7775E-03  1.1024E+01  1.0667E+01  3.5673E-01
2.7800E-03  1.1004E+01  1.0648E+01  3.5674E-01
2.7825E-03  1.0989E+01  1.0632E+01  3.5675E-01
2.7850E-03  1.0981E+01  1.0624E+01  3.5677E-01
2.7875E-03  1.0943E+01  1.0586E+01  3.5678E-01
2.7900E-03  1.0935E+01  1.0578E+01  3.5679E-01
2.7925E-03  1.0908E+01  1.0551E+01  3.5680E-01
2.7950E-03  1.0893E+01  1.0536E+01  3.5682E-01
2.7975E-03  1.0900E+01  1.0544E+01  3.5683E-01
2.8000E-03  1.0896E+01  1.0539E+01  3.5684E-01
2.8025E-03  1.0933E+01  1.0576E+01  3.5685E-01
2.8050E-03  1.0861E+01  1.0504E+01  3.5686E-01
2.8075E-03  1.0846E+01  1.0489E+01  3.5688E-01
2.8100E-03  1.0842E+01  1.0485E+01  3.5689E-01
2.8125E-03  1.0849E+01  1.0492E+01  3.5690E-01
2.8150E-03  1.0857E+01  1.0501E+01  3.5691E-01
2.8175E-03  1.1410E+01  1.1053E+01  3.5693E-01
2.8200E-03  1.0904E+01  1.0547E+01  3.5694E-01
2.8225E-03  1.0950E+01  1.0593E+01  3.5695E-01
2.8250E-03  1.1227E+01  1.0870E+01  3.5696E-01
2.8275E-03  1.1107E+01  1.0750E+01  3.5697E-01
2.8300E-03  1.1187E+01  1.0830E+01  3.5699E-01
2.8325E-03  1.1344E+01  1.0987E+01  3.5700E-01
2.8350E-03  1.1581E+01  1.1224E+01  3.5701E-01
2.8375E-03  1.1955E+01  1.1598E+01  3.5702E-01
2.8400E-03  1.2506E+01  1.2149E+01  3.5703E-01
2.8425E-03  1.4277E+01  1.3920E+01  3.5704E-01
2.8450E-03  1.5179E+01  1.4822E+01  3.5706E-01
2.8475E-03  1.8662E+01  1.8305E+01  3.5707E-01
2.8500E-03  2.7698E+01  2.7341E+01  3.5708E-01
2.8525E-03  6.0477E+01  6.0120E+01  3.5709E-01
2.8550E-03  2.8439E+02  2.8404E+02  3.5710E-01
2.8575E-03  1.8534E+03  1.8531E+03  3.5712E-01
2.8600E-03  2.0058E+02  2.0022E+02  3.5713E-01
2.8625E-03  5.0809E+01  5.0452E+01  3.5714E-01
2.8650E-03  2.5454E+01  2.5096E+01  3.5715E-01
2.8675E-03  1.7919E+01  1.7561E+01  3.5716E-01
2.8700E-03  1.4873E+01  1.4516E+01  3.5717E-01
2.8725E-03  1.3858E+01  1.3501E+01  3.5718E-01
2.8750E-03  7.4031E+01  7.3674E+01  3.5720E-01
2.8775E-03  1.2928E+01  1.2570E+01  3.5721E-01
2.8800E-03  1.1490E+01  1.1132E+01  3.5722E-01
2.8825E-03  1.1051E+01  1.0694E+01  3.5723E-01
2.8850E-03  1.0797E+01  1.0440E+01  3.5724E-01
2.8875E-03  1.0626E+01  1.0268E+01  3.5725E-01
2.8900E-03  1.0535E+01  1.0177E+01  3.5726E-01
2.8925E-03  1.0414E+01  1.0056E+01  3.5728E-01
2.8950E-03  1.0362E+01  1.0005E+01  3.5729E-01
2.8975E-03  1.0235E+01  9.8780E+00  3.5730E-01
2.9000E-03  1.0195E+01  9.8380E+00  3.5731E-01
2.9025E-03  1.0140E+01  9.7830E+00  3.5732E-01
2.9050E-03  1.0075E+01  9.7177E+00  3.5733E-01
2.9075E-03  1.0043E+01  9.6857E+00  3.5734E-01
2.9100E-03  9.9982E+00  9.6408E+00  3.5735E-01
2.9125E-03  9.9845E+00  9.6272E+00  3.5736E-01
2.9150E-03  1.0124E+01  9.7667E+00  3.5738E-01
2.9175E-03  9.9130E+00  9.5556E+00  3.5739E-01
2.9200E-03  9.8743E+00  9.5169E+00  3.5740E-01
2.9225E-03  9.8580E+00  9.5006E+00  3.5741E-01
2.9250E-03  9.9769E+00  9.6194E+00  3.5742E-01
2.9275E-03  9.9131E+00  9.5557E+00  3.5743E-01
2.9300E-03  9.8159E+00  9.4584E+00  3.5744E-01
2.9325E-03  9.8302E+00  9.4728E+00  3.5745E-01
2.9350E-03  9.7347E+00  9.3772E+00  3.5746E-01
2.9375E-03  9.7141E+00  9.3566E+00  3.5747E-01
2.9400E-03  9.7088E+00  9.3513E+00  3.5748E-01
2.9425E-03  9.9326E+00  9.5751E+00  3.5750E-01
2.9450E-03  9.6613E+00  9.3037E+00  3.5751E-01
2.9475E-03  9.6478E+00  9.2903E+00  3.5752E-01
2.9500E-03  9.6307E+00  9.2732E+00  3.5753E-01
2.9525E-03  9.6170E+00  9.2595E+00  3.5754E-01
2.9550E-03  9.6215E+00  9.2639E+00  3.5755E-01
2.9575E-03  9.6706E+00  9.3130E+00  3.5756E-01
2.9600E-03  1.0354E+01  9.9967E+00  3.5757E-01
2.9625E-03  1.1464E+01  1.1106E+01  3.5758E-01
2.9650E-03  9.7292E+00  9.3716E+00  3.5759E-01
2.9675E-03  9.6150E+00  9.2574E+00  3.5760E-01
2.9700E-03  9.5444E+00  9.1868E+00  3.5761E-01
2.9725E-03  9.7510E+00  9.3934E+00  3.5762E-01
2.9750E-03  9.5279E+00  9.1703E+00  3.5763E-01
2.9775E-03  9.6300E+00  9.2724E+00  3.5764E-01
2.9800E-03  9.5292E+00  9.1715E+00  3.5765E-01
2.9825E-03  9.5463E+00  9.1887E+00  3.5766E-01
2.9850E-03  9.5733E+00  9.2157E+00  3.5767E-01
2.9875E-03  9.6041E+00  9.2464E+00  3.5768E-01
2.9900E-03  1.2110E+01  1.1753E+01  3.5770E-01
2.9925E-03  9.7669E+00  9.4092E+00  3.5771E-01
2.9950E-03  9.9178E+00  9.5601E+00  3.5772E-01
2.9975E-03  1.0244E+01  9.8859E+00  3.5773E-01
3.0000E-03  3.4404E+01  3.4046E+01  3.5774E-01
3.0025E-03  1.0574E+01  1.0216E+01  3.5775E-01
3.0050E-03  1.0878E+01  1.0520E+01  3.5776E-01
3.0075E-03  1.1607E+01  1.1249E+01  3.5777E-01
3.0100E-03  1.2870E+01  1.2513E+01  3.5778E-01
3.0125E-03  1.5400E+01  1.5042E+01  3.5779E-01
3.0150E-03  2.1230E+01  2.0872E+01  3.5780E-01
3.0175E-03  3.7344E+01  3.6986E+01  3.5781E-01
3.0200E-03  9.9977E+01  9.9620E+01  3.5782E-01
3.0225E-03  4.2799E+02  4.2763E+02  3.5783E-01
3.0250E-03  3.4545E+02  3.4509E+02  3.5784E-01
3.0275E-03  8.5125E+01  8.4767E+01  3.5785E-01
3.0300E-03  3.3933E+01  3.3575E+01  3.5786E-01
3.0325E-03  2.0083E+01  1.9725E+01  3.5787E-01
3.0350E-03  1.4909E+01  1.4552E+01  3.5788E-01
3.0375E-03  1.2561E+01  1.2203E+01  3.5789E-01
3.0400E-03  1.1682E+01  1.1325E+01  3.5790E-01
3.0425E-03  1.3367E+01  1.3009E+01  3.5791E-01
3.0450E-03  1.0187E+01  9.8295E+00  3.5792E-01
3.0475E-03  9.9268E+00  9.5688E+00  3.5793E-01
3.0500E-03  9.6689E+00  9.3110E+00  3.5794E-01
3.0525E-03  9.5169E+00  9.1590E+00  3.5795E-01
3.0550E-03  9.3844E+00  9.0264E+00  3.5795E-01
3.0575E-03  9.6642E+00  9.3062E+00  3.5796E-01
3.0600E-03  9.2776E+00  8.9196E+00  3.5797E-01
3.0625E-03  9.6861E+00  9.3281E+00  3.5798E-01
3.0650E-03  9.1367E+00  8.7787E+00  3.5799E-01
3.0675E-03  9.1429E+00  8.7849E+00  3.5800E-01
3.0700E-03  9.0521E+00  8.6941E+00  3.5801E-01
3.0725E-03  9.0402E+00  8.6822E+00  3.5802E-01
3.0750E-03  9.0076E+00  8.6495E+00  3.5803E-01
3.0775E-03  9.0024E+00  8.6444E+00  3.5804E-01
3.0800E-03  9.0067E+00  8.6487E+00  3.5805E-01
3.0825E-03  9.0551E+00  8.6970E+00  3.5806E-01
3.0850E-03  9.3184E+00  8.9603E+00  3.5807E-01
3.0875E-03  9.0514E+00  8.6933E+00  3.5808E-01
3.0900E-03  9.1782E+00  8.8201E+00  3.5809E-01
3.0925E-03  9.1489E+00  8.7908E+00  3.5810E-01
3.0950E-03  9.2614E+00  8.9033E+00  3.5811E-01
3.0975E-03  9.5697E+00  9.2116E+00  3.5812E-01
3.1000E-03  9.5724E+00  9.2143E+00  3.5813E-01
3.1025E-03  1.2223E+01  1.1865E+01  3.5814E-01
3.1050E-03  1.0321E+01  9.9625E+00  3.5814E-01
3.1075E-03  1.1244E+01  1.0886E+01  3.5815E-01
3.1100E-03  1.9728E+01  1.9370E+01  3.5816E-01
3.1125E-03  1.4823E+01  1.4465E+01  3.5817E-01
3.1150E-03  1.9902E+01  1.9544E+01  3.5818E-01
3.1175E-03  3.2967E+01  3.2609E+01  3.5819E-01
3.1200E-03  7.0436E+01  7.0077E+01  3.5820E-01
3.1225E-03  1.8488E+02  1.8452E+02  3.5821E-01
3.1250E-03  1.9742E+02  1.9706E+02  3.5822E-01
3.1275E-03  7.6811E+01  7.6453E+01  3.5823E-01
3.1300E-03  3.6048E+01  3.5689E+01  3.5824E-01
3.1325E-03  2.0911E+01  2.0553E+01  3.5825E-01
3.1350E-03  1.5119E+01  1.4761E+01  3.5825E-01
3.1375E-03  1.2532E+01  1.2173E+01  3.5826E-01
3.1400E-03  1.1171E+01  1.0812E+01  3.5827E-01
3.1425E-03  1.0410E+01  1.0051E+01  3.5828E-01
3.1450E-03  9.9514E+00  9.5931E+00  3.5829E-01
3.1475E-03  9.6662E+00  9.3079E+00  3.5830E-01
3.1500E-03  9.4892E+00  9.1309E+00  3.5831E-01
3.1525E-03  9.3821E+00  9.0238E+00  3.5832E-01
3.1550E-03  9.3755E+00  9.0172E+00  3.5833E-01
3.1575E-03  9.3414E+00  8.9831E+00  3.5834E-01
3.1600E-03  9.3814E+00  9.0231E+00  3.5834E-01
3.1625E-03  9.4662E+00  9.1078E+00  3.5835E-01
3.1650E-03  9.6388E+00  9.2804E+00  3.5836E-01
3.1675E-03  9.9220E+00  9.5636E+00  3.5837E-01
3.1700E-03  1.0364E+01  1.0006E+01  3.5838E-01
3.1725E-03  1.1132E+01  1.0774E+01  3.5839E-01
3.1750E-03  1.2363E+01  1.2004E+01  3.5840E-01
3.1775E-03  1.4743E+01  1.4385E+01  3.5841E-01
3.1800E-03  1.9679E+01  1.9320E+01  3.5841E-01
3.1825E-03  3.4450E+01  3.4092E+01  3.5842E-01
3.1850E-03  5.4700E+01  5.4342E+01  3.5843E-01
3.1875E-03  9.8822E+01  9.8463E+01  3.5844E-01
3.1900E-03  1.0543E+02  1.0507E+02  3.5845E-01
3.1925E-03  5.7163E+01  5.6804E+01  3.5846E-01
3.1950E-03  3.1713E+01  3.1354E+01  3.5847E-01
3.1975E-03  2.0663E+01  2.0305E+01  3.5847E-01
3.2000E-03  1.5570E+01  1.5212E+01  3.5848E-01
3.2025E-03  1.3190E+01  1.2831E+01  3.5849E-01
3.2050E-03  1.1900E+01  1.1541E+01  3.5850E-01
3.2075E-03  1.1304E+01  1.0946E+01  3.5851E-01
3.2100E-03  3.3931E+01  3.3572E+01  3.5852E-01
3.2125E-03  1.1062E+01  1.0703E+01  3.5853E-01
3.2150E-03  1.1344E+01  1.0986E+01  3.5853E-01
3.2175E-03  1.2172E+01  1.1813E+01  3.5854E-01
3.2200E-03  1.3129E+01  1.2771E+01  3.5855E-01
3.2225E-03  1.5257E+01  1.4899E+01  3.5856E-01
3.2250E-03  1.9229E+01  1.8871E+01  3.5857E-01
3.2275E-03  2.6816E+01  2.6457E+01  3.5858E-01
3.2300E-03  4.4141E+01  4.3782E+01  3.5858E-01
3.2325E-03  5.8757E+01  5.8398E+01  3.5859E-01
3.2350E-03  5.6459E+01  5.6100E+01  3.5860E-01
3.2375E-03  5.0119E+01  4.9760E+01  3.5861E-01
3.2400E-03  2.5861E+01  2.5503E+01  3.5862E-01
3.2425E-03  1.9595E+01  1.9236E+01  3.5863E-01
3.2450E-03  1.6424E+01  1.6065E+01  3.5863E-01
3.2475E-03  1.4973E+01  1.4614E+01  3.5864E-01
3.2500E-03  1.4596E+01  1.4237E+01  3.5865E-01
3.2525E-03  1.5069E+01  1.4710E+01  3.5866E-01
3.2550E-03  1.6996E+01  1.6637E+01  3.5867E-01
3.2575E-03  1.9136E+01  1.8778E+01  3.5868E-01
3.2600E-03  2.4005E+01  2.3646E+01  3.5868E-01
3.2625E-03  3.1273E+01  3.0915E+01  3.5869E-01
3.2650E-03  3.6992E+01  3.6633E+01  3.5870E-01
3.2675E-03  3.4794E+01  3.4436E+01  3.5871E-01
3.2700E-03  2.8151E+01  2.7792E+01  3.5872E-01
3.2725E-03  2.3163E+01  2.2804E+01  3.5872E-01
3.2750E-03  2.0727E+01  2.0368E+01  3.5873E-01
3.2775E-03  1.9759E+01  1.9400E+01  3.5874E-01
3.2800E-03  1.9589E+01  1.9230E+01  3.5875E-01
3.2825E-03  1.9936E+01  1.9578E+01  3.5876E-01
3.2850E-03  2.0601E+01  2.0243E+01  3.5876E-01
3.2875E-03  2.1592E+01  2.1233E+01  3.5877E-01
3.2900E-03  2.4517E+01  2.4158E+01  3.5878E-01
3.2925E-03  2.3175E+01  2.2816E+01  3.5879E-01
3.2950E-03  2.5655E+01  2.5296E+01  3.5880E-01
3.2975E-03  2.4601E+01  2.4242E+01  3.5880E-01
3.3000E-03  2.4956E+01  2.4597E+01  3.5881E-01
3.3025E-03  2.4847E+01  2.4488E+01  3.5882E-01
3.3050E-03  2.4849E+01  2.4490E+01  3.5883E-01
3.3075E-03  2.4772E+01  2.4414E+01  3.5883E-01
3.3100E-03  2.5422E+01  2.5064E+01  3.5884E-01
3.3125E-03  2.4501E+01  2.4143E+01  3.5885E-01
3.3150E-03  2.4389E+01  2.4030E+01  3.5886E-01
3.3175E-03  2.4308E+01  2.3949E+01  3.5887E-01
3.3200E-03  2.4236E+01  2.3877E+01  3.5887E-01
3.3225E-03  2.4168E+01  2.3810E+01  3.5888E-01
3.3250E-03  2.4107E+01  2.3748E+01  3.5889E-01
3.3275E-03  2.4050E+01  2.3691E+01  3.5890E-01
3.3300E-03  2.4000E+01  2.3641E+01  3.5890E-01
3.3325E-03  2.3983E+01  2.3624E+01  3.5891E-01
3.3350E-03  2.3970E+01  2.3611E+01  3.5892E-01
3.3375E-03  2.4035E+01  2.3676E+01  3.5893E-01
3.3400E-03  2.4575E+01  2.4216E+01  3.5893E-01
3.3425E-03  2.3934E+01  2.3575E+01  3.5894E-01
3.3450E-03  2.3861E+01  2.3502E+01  3.5895E-01
3.3475E-03  2.4145E+01  2.3786E+01  3.5896E-01
3.3500E-03  3.0264E+01  2.9905E+01  3.5896E-01
3.3525E-03  2.5963E+01  2.5604E+01  3.5897E-01
3.3550E-03  2.3781E+01  2.3422E+01  3.5898E-01
3.3575E-03  2.3479E+01  2.3120E+01  3.5899E-01
3.3600E-03  2.3360E+01  2.3001E+01  3.5899E-01
3.3625E-03  2.3274E+01  2.2915E+01  3.5900E-01
3.3650E-03  2.3221E+01  2.2862E+01  3.5901E-01
3.3675E-03  2.5605E+01  2.5246E+01  3.5902E-01
3.3700E-03  2.3232E+01  2.2873E+01  3.5902E-01
3.3725E-03  2.3295E+01  2.2936E+01  3.5903E-01
3.3750E-03  2.3046E+01  2.2687E+01  3.5904E-01
3.3775E-03  2.2980E+01  2.2621E+01  3.5905E-01
3.3800E-03  2.2855E+01  2.2496E+01  3.5905E-01
3.3825E-03  2.2793E+01  2.2434E+01  3.5906E-01
3.3850E-03  2.2734E+01  2.2375E+01  3.5907E-01
3.3875E-03  2.2679E+01  2.2320E+01  3.5908E-01
3.3900E-03  2.2627E+01  2.2268E+01  3.5908E-01
3.3925E-03  2.2573E+01  2.2214E+01  3.5909E-01
3.3950E-03  2.2522E+01  2.2162E+01  3.5910E-01
3.3975E-03  2.2471E+01  2.2112E+01  3.5911E-01
3.4000E-03  2.2424E+01  2.2064E+01  3.5911E-01
3.4025E-03  2.2371E+01  2.2012E+01  3.5912E-01
3.4050E-03  2.2321E+01  2.1962E+01  3.5913E-01
3.4075E-03  2.2274E+01  2.1914E+01  3.5914E-01
3.4100E-03  2.2225E+01  2.1866E+01  3.5914E-01
3.4125E-03  2.2179E+01  2.1820E+01  3.5915E-01
3.4150E-03  2.2134E+01  2.1775E+01  3.5916E-01
3.4175E-03  2.2090E+01  2.1731E+01  3.5916E-01
3.4200E-03  2.2054E+01  2.1695E+01  3.5917E-01
3.4225E-03  2.2039E+01  2.1680E+01  3.5918E-01
3.4250E-03  2.2364E+01  2.2005E+01  3.5918E-01
3.4275E-03  2.2090E+01  2.1731E+01  3.5919E-01
3.4300E-03  2.1897E+01  2.1537E+01  3.5920E-01
3.4325E-03  2.1836E+01  2.1476E+01  3.5921E-01
3.4350E-03  2.1792E+01  2.1433E+01  3.5921E-01
3.4375E-03  2.1760E+01  2.1400E+01  3.5922E-01
3.4400E-03  2.1728E+01  2.1369E+01  3.5923E-01
3.4425E-03  2.1718E+01  2.1359E+01  3.5923E-01
3.4450E-03  2.1753E+01  2.1394E+01  3.5924E-01
3.4475E-03  2.1942E+01  2.1583E+01  3.5925E-01
3.4500E-03  2.3497E+01  2.3138E+01  3.5926E-01
3.4525E-03  2.7883E+01  2.7524E+01  3.5926E-01
3.4550E-03  2.2077E+01  2.1718E+01  3.5927E-01
3.4575E-03  2.1604E+01  2.1245E+01  3.5928E-01
3.4600E-03  2.1451E+01  2.1091E+01  3.5928E-01
3.4625E-03  2.1389E+01  2.1030E+01  3.5929E-01
3.4650E-03  2.1307E+01  2.0947E+01  3.5930E-01
3.4675E-03  2.1256E+01  2.0897E+01  3.5930E-01
3.4700E-03  2.1210E+01  2.0851E+01  3.5931E-01
3.4725E-03  2.1167E+01  2.0808E+01  3.5932E-01
3.4750E-03  2.1355E+01  2.0996E+01  3.5932E-01
3.4775E-03  2.1087E+01  2.0728E+01  3.5933E-01
3.4800E-03  2.1050E+01  2.0691E+01  3.5934E-01
3.4825E-03  2.1012E+01  2.0653E+01  3.5934E-01
3.4850E-03  2.0976E+01  2.0617E+01  3.5935E-01
3.4875E-03  2.0941E+01  2.0582E+01  3.5936E-01
3.4900E-03  2.0909E+01  2.0549E+01  3.5936E-01
3.4925E-03  2.0879E+01  2.0520E+01  3.5937E-01
3.4950E-03  2.0859E+01  2.0499E+01  3.5938E-01
3.4975E-03  2.0882E+01  2.0523E+01  3.5938E-01
3.5000E-03  2.1378E+01  2.1018E+01  3.5939E-01
3.5025E-03  2.0830E+01  2.0471E+01  3.5940E-01
3.5050E-03  2.0760E+01  2.0401E+01  3.5940E-01
3.5075E-03  2.0803E+01  2.0444E+01  3.5941E-01
3.5100E-03  2.0777E+01  2.0418E+01  3.5942E-01
3.5125E-03  2.0933E+01  2.0573E+01  3.5942E-01
3.5150E-03  2.1783E+01  2.1424E+01  3.5943E-01
3.5175E-03  2.6571E+01  2.6212E+01  3.5944E-01
3.5200E-03  2.4225E+01  2.3866E+01  3.5944E-01
3.5225E-03  2.0769E+01  2.0409E+01  3.5945E-01
3.5250E-03  2.0575E+01  2.0216E+01  3.5946E-01
3.5275E-03  2.0490E+01  2.0130E+01  3.5946E-01
3.5300E-03  2.0436E+01  2.0076E+01  3.5947E-01
3.5325E-03  2.0399E+01  2.0039E+01  3.5948E-01
3.5350E-03  2.0363E+01  2.0004E+01  3.5948E-01
3.5375E-03  2.0341E+01  1.9981E+01  3.5949E-01
3.5400E-03  2.0342E+01  1.9983E+01  3.5950E-01
3.5425E-03  2.0324E+01  1.9965E+01  3.5950E-01
3.5450E-03  2.0334E+01  1.9975E+01  3.5951E-01
3.5475E-03  2.1284E+01  2.0924E+01  3.5952E-01
3.5500E-03  2.0577E+01  2.0217E+01  3.5952E-01
3.5525E-03  2.0420E+01  2.0061E+01  3.5953E-01
3.5550E-03  2.0447E+01  2.0087E+01  3.5953E-01
3.5575E-03  2.0607E+01  2.0248E+01  3.5954E-01
3.5600E-03  2.1274E+01  2.0915E+01  3.5955E-01
3.5625E-03  2.2704E+01  2.2345E+01  3.5955E-01
3.5650E-03  2.0832E+01  2.0472E+01  3.5956E-01
3.5675E-03  2.0490E+01  2.0131E+01  3.5957E-01
3.5700E-03  2.0378E+01  2.0019E+01  3.5957E-01
3.5725E-03  2.0318E+01  1.9959E+01  3.5958E-01
3.5750E-03  2.0268E+01  1.9909E+01  3.5959E-01
3.5775E-03  2.0230E+01  1.9871E+01  3.5959E-01
3.5800E-03  2.0208E+01  1.9848E+01  3.5960E-01
3.5825E-03  2.0200E+01  1.9840E+01  3.5960E-01
3.5850E-03  2.0256E+01  1.9897E+01  3.5961E-01
3.5875E-03  2.0220E+01  1.9861E+01  3.5962E-01
3.5900E-03  2.0294E+01  1.9934E+01  3.5962E-01
3.5925E-03  2.0725E+01  2.0365E+01  3.5963E-01
3.5950E-03  2.0902E+01  2.0543E+01  3.5964E-01
3.5975E-03  2.0225E+01  1.9865E+01  3.5964E-01
3.6000E-03  2.0028E+01  1.9668E+01  3.5965E-01
3.6025E-03  1.9931E+01  1.9572E+01  3.5965E-01
3.6050E-03  1.9879E+01  1.9519E+01  3.5966E-01
3.6075E-03  1.9826E+01  1.9466E+01  3.5967E-01
3.6100E-03  1.9779E+01  1.9419E+01  3.5967E-01
3.6125E-03  1.9740E+01  1.9380E+01  3.5968E-01
3.6150E-03  1.9705E+01  1.9346E+01  3.5968E-01
3.6175E-03  1.9670E+01  1.9310E+01  3.5969E-01
3.6200E-03  1.9636E+01  1.9276E+01  3.5970E-01
3.6225E-03  1.9604E+01  1.9245E+01  3.5970E-01
3.6250E-03  1.9571E+01  1.9211E+01  3.5971E-01
3.6275E-03  1.9540E+01  1.9181E+01  3.5972E-01
3.6300E-03  1.9508E+01  1.9148E+01  3.5972E-01
3.6325E-03  1.9476E+01  1.9117E+01  3.5973E-01
3.6350E-03  1.9445E+01  1.9085E+01  3.5973E-01
3.6375E-03  1.9414E+01  1.9055E+01  3.5974E-01
3.6400E-03  1.9384E+01  1.9024E+01  3.5975E-01
3.6425E-03  1.9353E+01  1.8994E+01  3.5975E-01
3.6450E-03  1.9427E+01  1.9067E+01  3.5976E-01
3.6475E-03  1.9293E+01  1.8934E+01  3.5976E-01
3.6500E-03  1.9263E+01  1.8903E+01  3.5977E-01
3.6525E-03  1.9237E+01  1.8877E+01  3.5977E-01
3.6550E-03  1.9203E+01  1.8843E+01  3.5978E-01
3.6575E-03  1.9173E+01  1.8813E+01  3.5979E-01
3.6600E-03  1.9143E+01  1.8783E+01  3.5979E-01
3.6625E-03  1.9139E+01  1.8779E+01  3.5980E-01
3.6650E-03  1.9084E+01  1.8725E+01  3.5980E-01
3.6675E-03  1.9058E+01  1.8699E+01  3.5981E-01
3.6700E-03  1.9027E+01  1.8667E+01  3.5982E-01
3.6725E-03  1.9019E+01  1.8660E+01  3.5982E-01
3.6750E-03  1.8971E+01  1.8611E+01  3.5983E-01
3.6775E-03  1.8952E+01  1.8592E+01  3.5983E-01
3.6800E-03  1.8924E+01  1.8564E+01  3.5984E-01
3.6825E-03  1.8890E+01  1.8531E+01  3.5985E-01
3.6850E-03  1.8878E+01  1.8518E+01  3.5985E-01
3.6875E-03  1.9244E+01  1.8884E+01  3.5986E-01
3.6900E-03  1.8867E+01  1.8507E+01  3.5986E-01
3.6925E-03  1.8785E+01  1.8425E+01  3.5987E-01
3.6950E-03  1.8743E+01  1.8383E+01  3.5987E-01
3.6975E-03  1.8713E+01  1.8353E+01  3.5988E-01
3.7000E-03  1.8690E+01  1.8330E+01  3.5989E-01
3.7025E-03  1.8655E+01  1.8295E+01  3.5989E-01
3.7050E-03  1.8625E+01  1.8265E+01  3.5990E-01
3.7075E-03  1.8597E+01  1.8237E+01  3.5990E-01
3.7100E-03  1.8569E+01  1.8209E+01  3.5991E-01
3.7125E-03  1.8544E+01  1.8184E+01  3.5991E-01
3.7150E-03  1.8628E+01  1.8268E+01  3.5992E-01
3.7175E-03  1.8487E+01  1.8127E+01  3.5993E-01
3.7200E-03  1.8457E+01  1.8097E+01  3.5993E-01
3.7225E-03  1.8431E+01  1.8071E+01  3.5994E-01
3.7250E-03  1.8403E+01  1.8043E+01  3.5994E-01
3.7275E-03  1.8377E+01  1.8017E+01  3.5995E-01
3.7300E-03  1.8347E+01  1.7987E+01  3.5995E-01
3.7325E-03  1.8339E+01  1.7979E+01  3.5996E-01
3.7350E-03  1.8293E+01  1.7933E+01  3.5996E-01
3.7375E-03  1.8265E+01  1.7905E+01  3.5997E-01
3.7400E-03  1.8238E+01  1.7878E+01  3.5998E-01
3.7425E-03  1.8211E+01  1.7851E+01  3.5998E-01
3.7450E-03  1.8183E+01  1.7823E+01  3.5999E-01
3.7475E-03  1.8156E+01  1.7796E+01  3.5999E-01
3.7500E-03  1.8130E+01  1.7770E+01  3.6000E-01
3.7525E-03  1.8103E+01  1.7743E+01  3.6000E-01
3.7550E-03  1.8144E+01  1.7784E+01  3.6001E-01
3.7575E-03  1.8049E+01  1.7689E+01  3.6001E-01
3.7600E-03  1.8023E+01  1.7663E+01  3.6002E-01
3.7625E-03  1.7998E+01  1.7638E+01  3.6003E-01
3.7650E-03  1.9002E+01  1.8641E+01  3.6003E-01
3.7675E-03  1.7946E+01  1.7586E+01  3.6004E-01
3.7700E-03  1.7916E+01  1.7556E+01  3.6004E-01
3.7725E-03  1.7891E+01  1.7531E+01  3.6005E-01
3.7750E-03  1.7868E+01  1.7508E+01  3.6005E-01
3.7775E-03  1.7840E+01  1.7480E+01  3.6006E-01
3.7800E-03  1.7814E+01  1.7454E+01  3.6006E-01
3.7825E-03  1.7790E+01  1.7430E+01  3.6007E-01
3.7850E-03  1.7773E+01  1.7413E+01  3.6007E-01
3.7875E-03  1.7805E+01  1.7445E+01  3.6008E-01
3.7900E-03  1.7997E+01  1.7637E+01  3.6008E-01
3.7925E-03  1.7708E+01  1.7348E+01  3.6009E-01
3.7950E-03  1.7662E+01  1.7302E+01  3.6010E-01
3.7975E-03  1.7632E+01  1.7272E+01  3.6010E-01
3.8000E-03  1.7604E+01  1.7244E+01  3.6011E-01
3.8025E-03  1.7577E+01  1.7217E+01  3.6011E-01
3.8050E-03  1.7551E+01  1.7191E+01  3.6012E-01
3.8075E-03  1.7524E+01  1.7164E+01  3.6012E-01
3.8100E-03  1.7506E+01  1.7146E+01  3.6013E-01
3.8125E-03  1.7475E+01  1.7115E+01  3.6013E-01
3.8150E-03  1.7447E+01  1.7086E+01  3.6014E-01
3.8175E-03  1.7421E+01  1.7061E+01  3.6014E-01
3.8200E-03  1.7396E+01  1.7035E+01  3.6015E-01
3.8225E-03  1.7371E+01  1.7011E+01  3.6015E-01
3.8250E-03  1.7345E+01  1.6985E+01  3.6016E-01
3.8275E-03  1.7322E+01  1.6962E+01  3.6016E-01
3.8300E-03  1.7295E+01  1.6935E+01  3.6017E-01
3.8325E-03  1.7268E+01  1.6908E+01  3.6017E-01
3.8350E-03  1.7243E+01  1.6883E+01  3.6018E-01
3.8375E-03  1.7226E+01  1.6865E+01  3.6018E-01
3.8400E-03  1.7193E+01  1.6833E+01  3.6019E-01
3.8425E-03  1.7170E+01  1.6810E+01  3.6019E-01
3.8450E-03  1.7151E+01  1.6791E+01  3.6020E-01
3.8475E-03  1.7154E+01  1.6794E+01  3.6020E-01
3.8500E-03  1.7147E+01  1.6787E+01  3.6021E-01
3.8525E-03  1.7117E+01  1.6757E+01  3.6022E-01
3.8550E-03  1.7343E+01  1.6983E+01  3.6022E-01
3.8575E-03  1.7054E+01  1.6693E+01  3.6023E-01
3.8600E-03  1.7010E+01  1.6650E+01  3.6023E-01
3.8625E-03  1.8155E+01  1.7795E+01  3.6024E-01
3.8650E-03  1.6958E+01  1.6597E+01  3.6024E-01
3.8675E-03  1.6922E+01  1.6562E+01  3.6025E-01
3.8700E-03  1.6898E+01  1.6538E+01  3.6025E-01
3.8725E-03  1.6874E+01  1.6514E+01  3.6026E-01
3.8750E-03  1.6846E+01  1.6486E+01  3.6026E-01
3.8775E-03  1.6824E+01  1.6464E+01  3.6027E-01
3.8800E-03  1.6797E+01  1.6437E+01  3.6027E-01
3.8825E-03  1.6810E+01  1.6450E+01  3.6028E-01
3.8850E-03  1.6763E+01  1.6403E+01  3.6028E-01
3.8875E-03  1.6725E+01  1.6365E+01  3.6029E-01
3.8900E-03  1.6702E+01  1.6342E+01  3.6029E-01
3.8925E-03  1.7185E+01  1.6825E+01  3.6030E-01
3.8950E-03  1.6667E+01  1.6307E+01  3.6030E-01
3.8975E-03  1.6664E+01  1.6304E+01  3.6031E-01
3.9000E-03  1.6719E+01  1.6359E+01  3.6031E-01
3.9025E-03  1.6613E+01  1.6252E+01  3.6032E-01
3.9050E-03  1.6566E+01  1.6206E+01  3.6032E-01
3.9075E-03  1.6538E+01  1.6178E+01  3.6033E-01
3.9100E-03  1.9345E+01  1.8985E+01  3.6033E-01
3.9125E-03  1.6488E+01  1.6128E+01  3.6034E-01
3.9150E-03  1.6462E+01  1.6101E+01  3.6034E-01
3.9175E-03  1.6438E+01  1.6077E+01  3.6034E-01
3.9200E-03  1.6415E+01  1.6055E+01  3.6035E-01
3.9225E-03  1.6396E+01  1.6036E+01  3.6035E-01
3.9250E-03  1.6380E+01  1.6020E+01  3.6036E-01
3.9275E-03  1.6362E+01  1.6002E+01  3.6036E-01
3.9300E-03  1.6413E+01  1.6053E+01  3.6037E-01
3.9325E-03  1.6342E+01  1.5981E+01  3.6037E-01
3.9350E-03  1.7001E+01  1.6641E+01  3.6038E-01
3.9375E-03  1.6255E+01  1.5894E+01  3.6038E-01
3.9400E-03  1.6232E+01  1.5871E+01  3.6039E-01
3.9425E-03  1.6203E+01  1.5843E+01  3.6039E-01
3.9450E-03  1.6182E+01  1.5822E+01  3.6040E-01
3.9475E-03  1.6155E+01  1.5795E+01  3.6040E-01
3.9500E-03  1.6132E+01  1.5772E+01  3.6041E-01
3.9525E-03  1.6108E+01  1.5747E+01  3.6041E-01
3.9550E-03  1.6086E+01  1.5726E+01  3.6042E-01
3.9575E-03  1.6065E+01  1.5705E+01  3.6042E-01
3.9600E-03  1.6039E+01  1.5679E+01  3.6043E-01
3.9625E-03  1.6016E+01  1.5655E+01  3.6043E-01
3.9650E-03  1.5993E+01  1.5632E+01  3.6044E-01
3.9675E-03  1.5969E+01  1.5609E+01  3.6044E-01
3.9700E-03  1.5946E+01  1.5586E+01  3.6045E-01
3.9725E-03  1.5923E+01  1.5563E+01  3.6045E-01
3.9750E-03  1.5943E+01  1.5582E+01  3.6045E-01
3.9775E-03  1.5879E+01  1.5519E+01  3.6046E-01
3.9800E-03  1.5856E+01  1.5496E+01  3.6046E-01
3.9825E-03  1.5988E+01  1.5628E+01  3.6047E-01
3.9850E-03  1.5813E+01  1.5452E+01  3.6047E-01
3.9875E-03  1.5797E+01  1.5437E+01  3.6048E-01
3.9900E-03  1.5769E+01  1.5408E+01  3.6048E-01
3.9925E-03  1.5749E+01  1.5388E+01  3.6049E-01
3.9950E-03  1.5732E+01  1.5371E+01  3.6049E-01
3.9975E-03  1.5727E+01  1.5366E+01  3.6050E-01
4.0000E-03  1.5749E+01  1.5389E+01  3.6050E-01
4.0025E-03  1.6337E+01  1.5977E+01  3.6051E-01
4.0050E-03  1.6379E+01  1.6018E+01  3.6051E-01
4.0075E-03  1.5693E+01  1.5332E+01  3.6051E-01
4.0100E-03  1.5613E+01  1.5253E+01  3.6052E-01
4.0125E-03  1.5573E+01  1.5213E+01  3.6052E-01
4.0150E-03  1.5545E+01  1.5184E+01  3.6053E-01
4.0175E-03  1.5520E+01  1.5159E+01  3.6053E-01
4.0200E-03  1.5496E+01  1.5135E+01  3.6054E-01
4.0225E-03  1.5482E+01  1.5122E+01  3.6054E-01
4.0250E-03  1.5452E+01  1.5091E+01  3.6055E-01
4.0275E-03  1.6085E+01  1.5725E+01  3.6055E-01
4.0300E-03  1.7089E+01  1.6729E+01  3.6056E-01
4.0325E-03  1.5432E+01  1.5071E+01  3.6056E-01
4.0350E-03  1.5360E+01  1.5000E+01  3.6056E-01
4.0375E-03  1.5338E+01  1.4977E+01  3.6057E-01
4.0400E-03  1.5778E+01  1.5418E+01  3.6057E-01
4.0425E-03  1.5292E+01  1.4932E+01  3.6058E-01
4.0450E-03  1.5270E+01  1.4910E+01  3.6058E-01
4.0475E-03  1.5251E+01  1.4890E+01  3.6059E-01
4.0500E-03  1.5253E+01  1.4892E+01  3.6059E-01
4.0525E-03  1.5279E+01  1.4919E+01  3.6060E-01
4.0550E-03  1.5186E+01  1.4825E+01  3.6060E-01
4.0575E-03  1.5181E+01  1.4820E+01  3.6060E-01
4.0600E-03  1.5137E+01  1.4776E+01  3.6061E-01
4.0625E-03  1.5117E+01  1.4756E+01  3.6061E-01
4.0650E-03  1.5092E+01  1.4731E+01  3.6062E-01
4.0675E-03  1.5071E+01  1.4710E+01  3.6062E-01
4.0700E-03  1.5048E+01  1.4687E+01  3.6063E-01
4.0725E-03  1.5027E+01  1.4666E+01  3.6063E-01
4.0750E-03  1.5004E+01  1.4644E+01  3.6063E-01
4.0775E-03  1.4982E+01  1.4621E+01  3.6064E-01
4.0800E-03  1.4970E+01  1.4610E+01  3.6064E-01
4.0825E-03  1.4940E+01  1.4579E+01  3.6065E-01
4.0850E-03  1.4917E+01  1.4557E+01  3.6065E-01
4.0875E-03  1.4905E+01  1.4545E+01  3.6066E-01
4.0900E-03  1.4876E+01  1.4516E+01  3.6066E-01
4.0925E-03  1.4852E+01  1.4491E+01  3.6066E-01
4.0950E-03  1.4830E+01  1.4469E+01  3.6067E-01
4.0975E-03  1.4807E+01  1.4447E+01  3.6067E-01
4.1000E-03  1.4786E+01  1.4425E+01  3.6068E-01
4.1025E-03  1.4768E+01  1.4407E+01  3.6068E-01
4.1050E-03  1.4743E+01  1.4382E+01  3.6069E-01
4.1075E-03  1.4721E+01  1.4360E+01  3.6069E-01
4.1100E-03  1.4699E+01  1.4338E+01  3.6069E-01
4.1125E-03  1.4679E+01  1.4318E+01  3.6070E-01
4.1150E-03  1.4656E+01  1.4295E+01  3.6070E-01
4.1175E-03  1.4634E+01  1.4273E+01  3.6071E-01
4.1200E-03  1.4614E+01  1.4253E+01  3.6071E-01
4.1225E-03  1.4591E+01  1.4230E+01  3.6072E-01
4.1250E-03  1.4570E+01  1.4209E+01  3.6072E-01
4.1275E-03  1.4564E+01  1.4203E+01  3.6072E-01
4.1300E-03  1.4540E+01  1.4180E+01  3.6073E-01
4.1325E-03  1.4608E+01  1.4247E+01  3.6073E-01
4.1350E-03  1.4486E+01  1.4125E+01  3.6074E-01
4.1375E-03  1.4464E+01  1.4104E+01  3.6074E-01
4.1400E-03  1.4441E+01  1.4080E+01  3.6075E-01
4.1425E-03  1.4420E+01  1.4059E+01  3.6075E-01
4.1450E-03  1.4398E+01  1.4037E+01  3.6075E-01
4.1475E-03  1.4377E+01  1.4016E+01  3.6076E-01
4.1500E-03  1.4356E+01  1.3995E+01  3.6076E-01
4.1525E-03  1.4340E+01  1.3979E+01  3.6077E-01
4.1550E-03  1.4316E+01  1.3955E+01  3.6077E-01
4.1575E-03  1.4296E+01  1.3935E+01  3.6077E-01
4.1600E-03  1.4353E+01  1.3992E+01  3.6078E-01
4.1625E-03  1.4277E+01  1.3916E+01  3.6078E-01
4.1650E-03  1.4227E+01  1.3866E+01  3.6079E-01
4.1675E-03  1.4208E+01  1.3847E+01  3.6079E-01
4.1700E-03  1.4195E+01  1.3835E+01  3.6079E-01
4.1725E-03  1.4163E+01  1.3802E+01  3.6080E-01
4.1750E-03  1.4142E+01  1.3782E+01  3.6080E-01
4.1775E-03  1.4150E+01  1.3789E+01  3.6081E-01
4.1800E-03  1.4099E+01  1.3738E+01  3.6081E-01
4.1825E-03  1.4078E+01  1.3717E+01  3.6081E-01
4.1850E-03  1.4057E+01  1.3696E+01  3.6082E-01
4.1875E-03  1.4040E+01  1.3680E+01  3.6082E-01
4.1900E-03  1.4019E+01  1.3658E+01  3.6083E-01
4.1925E-03  1.4102E+01  1.3741E+01  3.6083E-01
4.1950E-03  1.3976E+01  1.3616E+01  3.6083E-01
4.1975E-03  1.3959E+01  1.3599E+01  3.6084E-01
4.2000E-03  1.3955E+01  1.3594E+01  3.6084E-01
4.2025E-03  1.3913E+01  1.3552E+01  3.6085E-01
4.2050E-03  1.3889E+01  1.3528E+01  3.6085E-01
4.2075E-03  1.3867E+01  1.3506E+01  3.6085E-01
4.2100E-03  1.3874E+01  1.3513E+01  3.6086E-01
4.2125E-03  1.3824E+01  1.3463E+01  3.6086E-01
4.2150E-03  1.3803E+01  1.3442E+01  3.6087E-01
4.2175E-03  1.3785E+01  1.3424E+01  3.6087E-01
4.2200E-03  1.3763E+01  1.3402E+01  3.6087E-01
4.2225E-03  1.3742E+01  1.3381E+01  3.6088E-01
4.2250E-03  1.3720E+01  1.3359E+01  3.6088E-01
4.2275E-03  1.3699E+01  1.3338E+01  3.6089E-01
4.2300E-03  1.3678E+01  1.3317E+01  3.6089E-01
4.2325E-03  1.3660E+01  1.3299E+01  3.6089E-01
4.2350E-03  1.3635E+01  1.3275E+01  3.6090E-01
4.2375E-03  1.3615E+01  1.3254E+01  3.6090E-01
4.2400E-03  1.3602E+01  1.3241E+01  3.6091E-01
4.2425E-03  1.3574E+01  1.3213E+01  3.6091E-01
4.2450E-03  1.3554E+01  1.3193E+01  3.6091E-01
4.2475E-03  1.3531E+01  1.3170E+01  3.6092E-01
4.2500E-03  1.3510E+01  1.3149E+01  3.6092E-01
4.2525E-03  1.3503E+01  1.3142E+01  3.6093E-01
4.2550E-03  1.3468E+01  1.3107E+01  3.6093E-01
4.2575E-03  1.3447E+01  1.3086E+01  3.6093E-01
4.2600E-03  1.3428E+01  1.3067E+01  3.6094E-01
4.2625E-03  1.3406E+01  1.3046E+01  3.6094E-01
4.2650E-03  1.3385E+01  1.3024E+01  3.6094E-01
4.2675E-03  1.3366E+01  1.3005E+01  3.6095E-01
4.2700E-03  1.3343E+01  1.2982E+01  3.6095E-01
4.2725E-03  1.3323E+01  1.2962E+01  3.6096E-01
4.2750E-03  1.3303E+01  1.2942E+01  3.6096E-01
4.2775E-03  1.3282E+01  1.2921E+01  3.6096E-01
4.2800E-03  1.3263E+01  1.2902E+01  3.6097E-01
4.2825E-03  1.3264E+01  1.2903E+01  3.6097E-01
4.2850E-03  1.3231E+01  1.2870E+01  3.6097E-01
4.2875E-03  1.3600E+01  1.3239E+01  3.6098E-01
4.2900E-03  1.3196E+01  1.2835E+01  3.6098E-01
4.2925E-03  1.3177E+01  1.2816E+01  3.6099E-01
4.2950E-03  1.3139E+01  1.2778E+01  3.6099E-01
4.2975E-03  1.3127E+01  1.2766E+01  3.6099E-01
4.3000E-03  1.3163E+01  1.2802E+01  3.6100E-01
4.3025E-03  1.3333E+01  1.2972E+01  3.6100E-01
4.3050E-03  1.3069E+01  1.2708E+01  3.6100E-01
4.3075E-03  1.3062E+01  1.2701E+01  3.6101E-01
4.3100E-03  1.3031E+01  1.2670E+01  3.6101E-01
4.3125E-03  1.3000E+01  1.2639E+01  3.6102E-01
4.3150E-03  1.3001E+01  1.2640E+01  3.6102E-01
4.3175E-03  1.2966E+01  1.2605E+01  3.6102E-01
4.3200E-03  1.3041E+01  1.2680E+01  3.6103E-01
4.3225E-03  1.2997E+01  1.2636E+01  3.6103E-01
4.3250E-03  1.3084E+01  1.2723E+01  3.6103E-01
4.3275E-03  1.4406E+01  1.4045E+01  3.6104E-01
4.3300E-03  1.3383E+01  1.3022E+01  3.6104E-01
4.3325E-03  1.2915E+01  1.2554E+01  3.6105E-01
4.3350E-03  1.2843E+01  1.2482E+01  3.6105E-01
4.3375E-03  1.2807E+01  1.2446E+01  3.6105E-01
4.3400E-03  1.2782E+01  1.2421E+01  3.6106E-01
4.3425E-03  1.3017E+01  1.2656E+01  3.6106E-01
4.3450E-03  1.2750E+01  1.2389E+01  3.6106E-01
4.3475E-03  1.2712E+01  1.2351E+01  3.6107E-01
4.3500E-03  1.2693E+01  1.2332E+01  3.6107E-01
4.3525E-03  1.2677E+01  1.2316E+01  3.6107E-01
4.3550E-03  1.2721E+01  1.2360E+01  3.6108E-01
4.3575E-03  1.2669E+01  1.2308E+01  3.6108E-01
4.3600E-03  1.2618E+01  1.2257E+01  3.6109E-01
4.3625E-03  1.2608E+01  1.2247E+01  3.6109E-01
4.3650E-03  1.2633E+01  1.2272E+01  3.6109E-01
4.3675E-03  1.2558E+01  1.2196E+01  3.6110E-01
4.3700E-03  1.3417E+01  1.3056E+01  3.6110E-01
4.3725E-03  1.2517E+01  1.2156E+01  3.6110E-01
4.3750E-03  1.2505E+01  1.2144E+01  3.6111E-01
4.3775E-03  1.2481E+01  1.2120E+01  3.6111E-01
4.3800E-03  1.2464E+01  1.2103E+01  3.6111E-01
4.3825E-03  1.2440E+01  1.2079E+01  3.6112E-01
4.3850E-03  1.2422E+01  1.2061E+01  3.6112E-01
4.3875E-03  1.2404E+01  1.2043E+01  3.6112E-01
4.3900E-03  1.2385E+01  1.2024E+01  3.6113E-01
4.3925E-03  1.2366E+01  1.2005E+01  3.6113E-01
4.3950E-03  1.2369E+01  1.2008E+01  3.6113E-01
4.3975E-03  1.2333E+01  1.1972E+01  3.6114E-01
4.4000E-03  1.2317E+01  1.1956E+01  3.6114E-01
4.4025E-03  1.2318E+01  1.1956E+01  3.6115E-01
4.4050E-03  1.2276E+01  1.1914E+01  3.6115E-01
4.4075E-03  1.2288E+01  1.1927E+01  3.6115E-01
4.4100E-03  1.2241E+01  1.1880E+01  3.6116E-01
4.4125E-03  1.2221E+01  1.1860E+01  3.6116E-01
4.4150E-03  1.2204E+01  1.1843E+01  3.6116E-01
4.4175E-03  1.2192E+01  1.1831E+01  3.6117E-01
4.4200E-03  1.2169E+01  1.1808E+01  3.6117E-01
4.4225E-03  1.2160E+01  1.1799E+01  3.6117E-01
4.4250E-03  1.2135E+01  1.1774E+01  3.6118E-01
4.4275E-03  1.2122E+01  1.1761E+01  3.6118E-01
4.4300E-03  1.2125E+01  1.1763E+01  3.6118E-01
4.4325E-03  1.2086E+01  1.1725E+01  3.6119E-01
4.4350E-03  1.2078E+01  1.1717E+01  3.6119E-01
4.4375E-03  1.2054E+01  1.1693E+01  3.6119E-01
4.4400E-03  1.2043E+01  1.1682E+01  3.6120E-01
4.4425E-03  1.2055E+01  1.1694E+01  3.6120E-01
4.4450E-03  1.4576E+01  1.4214E+01  3.6120E-01
4.4475E-03  1.2071E+01  1.1710E+01  3.6121E-01
4.4500E-03  1.2030E+01  1.1669E+01  3.6121E-01
4.4525E-03  1.2622E+01  1.2260E+01  3.6121E-01
4.4550E-03  1.2204E+01  1.1843E+01  3.6122E-01
4.4575E-03  1.1954E+01  1.1593E+01  3.6122E-01
4.4600E-03  1.1910E+01  1.1549E+01  3.6122E-01
4.4625E-03  1.1886E+01  1.1525E+01  3.6123E-01
4.4650E-03  1.1866E+01  1.1505E+01  3.6123E-01
4.4675E-03  1.1848E+01  1.1487E+01  3.6123E-01
4.4700E-03  1.1838E+01  1.1476E+01  3.6124E-01
4.4725E-03  1.1815E+01  1.1454E+01  3.6124E-01
4.4750E-03  1.1798E+01  1.1436E+01  3.6124E-01
4.4775E-03  1.1781E+01  1.1420E+01  3.6125E-01
4.4800E-03  1.1766E+01  1.1404E+01  3.6125E-01
4.4825E-03  1.1750E+01  1.1389E+01  3.6125E-01
4.4850E-03  1.1735E+01  1.1374E+01  3.6126E-01
4.4875E-03  1.1721E+01  1.1360E+01  3.6126E-01
4.4900E-03  1.1708E+01  1.1346E+01  3.6126E-01
4.4925E-03  1.1697E+01  1.1336E+01  3.6127E-01
4.4950E-03  1.1692E+01  1.1331E+01  3.6127E-01
4.4975E-03  1.1706E+01  1.1345E+01  3.6127E-01
4.5000E-03  1.1830E+01  1.1469E+01  3.6128E-01
4.5025E-03  1.8378E+01  1.8016E+01  3.6128E-01
4.5050E-03  1.1919E+01  1.1557E+01  3.6128E-01
4.5075E-03  1.1691E+01  1.1329E+01  3.6129E-01
4.5100E-03  1.4517E+01  1.4155E+01  3.6129E-01
4.5125E-03  1.1630E+01  1.1269E+01  3.6129E-01
4.5150E-03  1.1574E+01  1.1213E+01  3.6130E-01
4.5175E-03  1.1690E+01  1.1329E+01  3.6130E-01
4.5200E-03  1.1571E+01  1.1210E+01  3.6130E-01
4.5225E-03  1.1510E+01  1.1149E+01  3.6131E-01
4.5250E-03  1.1489E+01  1.1128E+01  3.6131E-01
4.5275E-03  1.1473E+01  1.1112E+01  3.6131E-01
4.5300E-03  1.1457E+01  1.1096E+01  3.6132E-01
4.5325E-03  1.1441E+01  1.1080E+01  3.6132E-01
4.5350E-03  1.1431E+01  1.1070E+01  3.6132E-01
4.5375E-03  1.1412E+01  1.1051E+01  3.6133E-01
4.5400E-03  1.1397E+01  1.1036E+01  3.6133E-01
4.5425E-03  1.1383E+01  1.1022E+01  3.6133E-01
4.5450E-03  1.1369E+01  1.1008E+01  3.6134E-01
4.5475E-03  1.1356E+01  1.0994E+01  3.6134E-01
4.5500E-03  1.1345E+01  1.0983E+01  3.6134E-01
4.5525E-03  1.1336E+01  1.0975E+01  3.6135E-01
4.5550E-03  1.1325E+01  1.0964E+01  3.6135E-01
4.5575E-03  1.1317E+01  1.0956E+01  3.6135E-01
4.5600E-03  1.1308E+01  1.0947E+01  3.6135E-01
4.5625E-03  1.1301E+01  1.0940E+01  3.6136E-01
4.5650E-03  1.1292E+01  1.0931E+01  3.6136E-01
4.5675E-03  1.1284E+01  1.0923E+01  3.6136E-01
4.5700E-03  1.1276E+01  1.0915E+01  3.6137E-01
4.5725E-03  1.1268E+01  1.0907E+01  3.6137E-01
4.5750E-03  1.1262E+01  1.0900E+01  3.6137E-01
4.5775E-03  1.1252E+01  1.0891E+01  3.6138E-01
4.5800E-03  1.1242E+01  1.0881E+01  3.6138E-01
4.5825E-03  1.1233E+01  1.0872E+01  3.6138E-01
4.5850E-03  1.1219E+01  1.0857E+01  3.6139E-01
4.5875E-03  1.1205E+01  1.0844E+01  3.6139E-01
4.5900E-03  1.1192E+01  1.0831E+01  3.6139E-01
4.5925E-03  1.1179E+01  1.0818E+01  3.6140E-01
4.5950E-03  1.1172E+01  1.0810E+01  3.6140E-01
4.5975E-03  1.1165E+01  1.0804E+01  3.6140E-01
4.6000E-03  1.1164E+01  1.0803E+01  3.6140E-01
4.6025E-03  1.1192E+01  1.0830E+01  3.6141E-01
4.6050E-03  1.1430E+01  1.1069E+01  3.6141E-01
4.6075E-03  1.3983E+01  1.3621E+01  3.6141E-01
4.6100E-03  1.1267E+01  1.0905E+01  3.6142E-01
4.6125E-03  1.1114E+01  1.0753E+01  3.6142E-01
4.6150E-03  1.1069E+01  1.0707E+01  3.6142E-01
4.6175E-03  1.1069E+01  1.0708E+01  3.6143E-01
4.6200E-03  1.1023E+01  1.0661E+01  3.6143E-01
4.6225E-03  1.1007E+01  1.0645E+01  3.6143E-01
4.6250E-03  1.0989E+01  1.0628E+01  3.6143E-01
4.6275E-03  1.0976E+01  1.0614E+01  3.6144E-01
4.6300E-03  1.0960E+01  1.0599E+01  3.6144E-01
4.6325E-03  1.0944E+01  1.0582E+01  3.6144E-01
4.6350E-03  1.0929E+01  1.0568E+01  3.6145E-01
4.6375E-03  1.0915E+01  1.0554E+01  3.6145E-01
4.6400E-03  1.0901E+01  1.0540E+01  3.6145E-01
4.6425E-03  1.0896E+01  1.0535E+01  3.6146E-01
4.6450E-03  1.0874E+01  1.0512E+01  3.6146E-01
4.6475E-03  1.0935E+01  1.0574E+01  3.6146E-01
4.6500E-03  1.0850E+01  1.0488E+01  3.6147E-01
4.6525E-03  1.0833E+01  1.0472E+01  3.6147E-01
4.6550E-03  1.0821E+01  1.0459E+01  3.6147E-01
4.6575E-03  1.0807E+01  1.0445E+01  3.6147E-01
4.6600E-03  1.0796E+01  1.0434E+01  3.6148E-01
4.6625E-03  1.0786E+01  1.0424E+01  3.6148E-01
4.6650E-03  1.0781E+01  1.0419E+01  3.6148E-01
4.6675E-03  1.0784E+01  1.0422E+01  3.6149E-01
4.6700E-03  1.0819E+01  1.0457E+01  3.6149E-01
4.6725E-03  1.1044E+01  1.0682E+01  3.6149E-01
4.6750E-03  1.1943E+01  1.1581E+01  3.6149E-01
4.6775E-03  1.0865E+01  1.0503E+01  3.6150E-01
4.6800E-03  1.0753E+01  1.0392E+01  3.6150E-01
4.6825E-03  1.0698E+01  1.0337E+01  3.6150E-01
4.6850E-03  1.0668E+01  1.0306E+01  3.6151E-01
4.6875E-03  1.0648E+01  1.0286E+01  3.6151E-01
4.6900E-03  1.0631E+01  1.0270E+01  3.6151E-01
4.6925E-03  1.0616E+01  1.0254E+01  3.6152E-01
4.6950E-03  1.0607E+01  1.0245E+01  3.6152E-01
4.6975E-03  1.0588E+01  1.0226E+01  3.6152E-01
4.7000E-03  1.0577E+01  1.0216E+01  3.6152E-01
4.7025E-03  1.0585E+01  1.0223E+01  3.6153E-01
4.7050E-03  1.0550E+01  1.0189E+01  3.6153E-01
4.7075E-03  1.0541E+01  1.0179E+01  3.6153E-01
4.7100E-03  1.0532E+01  1.0171E+01  3.6154E-01
4.7125E-03  1.0532E+01  1.0170E+01  3.6154E-01
4.7150E-03  1.0552E+01  1.0190E+01  3.6154E-01
4.7175E-03  1.1948E+01  1.1586E+01  3.6154E-01
4.7200E-03  1.1103E+01  1.0742E+01  3.6155E-01
4.7225E-03  1.0685E+01  1.0323E+01  3.6155E-01
4.7250E-03  1.0527E+01  1.0166E+01  3.6155E-01
4.7275E-03  1.0459E+01  1.0097E+01  3.6156E-01
4.7300E-03  1.0431E+01  1.0069E+01  3.6156E-01
4.7325E-03  1.0413E+01  1.0052E+01  3.6156E-01
4.7350E-03  1.0394E+01  1.0032E+01  3.6156E-01
4.7375E-03  1.0380E+01  1.0018E+01  3.6157E-01
4.7400E-03  1.0368E+01  1.0007E+01  3.6157E-01
4.7425E-03  1.0365E+01  1.0003E+01  3.6157E-01
4.7450E-03  1.0352E+01  9.9904E+00  3.6158E-01
4.7475E-03  1.0364E+01  1.0002E+01  3.6158E-01
4.7500E-03  1.0388E+01  1.0026E+01  3.6158E-01
4.7525E-03  1.0543E+01  1.0182E+01  3.6158E-01
4.7550E-03  1.0441E+01  1.0079E+01  3.6159E-01
4.7575E-03  1.0326E+01  9.9647E+00  3.6159E-01
4.7600E-03  1.0280E+01  9.9187E+00  3.6159E-01
4.7625E-03  1.0259E+01  9.8977E+00  3.6159E-01
4.7650E-03  1.0264E+01  9.9021E+00  3.6160E-01
4.7675E-03  1.0219E+01  9.8575E+00  3.6160E-01
4.7700E-03  1.0204E+01  9.8424E+00  3.6160E-01
4.7725E-03  1.0188E+01  9.8268E+00  3.6161E-01
4.7750E-03  1.0183E+01  9.8209E+00  3.6161E-01
4.7775E-03  1.0171E+01  9.8098E+00  3.6161E-01
4.7800E-03  1.0149E+01  9.7872E+00  3.6161E-01
4.7825E-03  1.0153E+01  9.7914E+00  3.6162E-01
4.7850E-03  1.0122E+01  9.7603E+00  3.6162E-01
4.7875E-03  1.0108E+01  9.7465E+00  3.6162E-01
4.7900E-03  1.0095E+01  9.7336E+00  3.6163E-01
4.7925E-03  1.0085E+01  9.7230E+00  3.6163E-01
4.7950E-03  1.0070E+01  9.7081E+00  3.6163E-01
4.7975E-03  1.0056E+01  9.6948E+00  3.6163E-01
4.8000E-03  1.0045E+01  9.6838E+00  3.6164E-01
4.8025E-03  1.0034E+01  9.6722E+00  3.6164E-01
4.8050E-03  1.0029E+01  9.6676E+00  3.6164E-01
4.8075E-03  1.0022E+01  9.6599E+00  3.6164E-01
4.8100E-03  9.9952E+00  9.6335E+00  3.6165E-01
4.8125E-03  1.0003E+01  9.6411E+00  3.6165E-01
4.8150E-03  9.9672E+00  9.6055E+00  3.6165E-01
4.8175E-03  9.9603E+00  9.5986E+00  3.6166E-01
4.8200E-03  9.9423E+00  9.5806E+00  3.6166E-01
4.8225E-03  9.9308E+00  9.5691E+00  3.6166E-01
4.8250E-03  9.9432E+00  9.5815E+00  3.6166E-01
4.8275E-03  1.0144E+01  9.7823E+00  3.6167E-01
4.8300E-03  1.0206E+01  9.8447E+00  3.6167E-01
4.8325E-03  9.8856E+00  9.5239E+00  3.6167E-01
4.8350E-03  9.8723E+00  9.5106E+00  3.6167E-01
4.8375E-03  9.8555E+00  9.4938E+00  3.6168E-01
4.8400E-03  9.8429E+00  9.4812E+00  3.6168E-01
4.8425E-03  9.8297E+00  9.4680E+00  3.6168E-01
4.8450E-03  9.8172E+00  9.4555E+00  3.6168E-01
4.8475E-03  1.0418E+01  1.0057E+01  3.6169E-01
4.8500E-03  9.7939E+00  9.4323E+00  3.6169E-01
4.8525E-03  9.7811E+00  9.4194E+00  3.6169E-01
4.8550E-03  9.7818E+00  9.4201E+00  3.6170E-01
4.8575E-03  9.7624E+00  9.4007E+00  3.6170E-01
4.8600E-03  9.7834E+00  9.4217E+00  3.6170E-01
4.8625E-03  9.7330E+00  9.3713E+00  3.6170E-01
4.8650E-03  9.7526E+00  9.3909E+00  3.6171E-01
4.8675E-03  9.7080E+00  9.3462E+00  3.6171E-01
4.8700E-03  9.7049E+00  9.3432E+00  3.6171E-01
4.8725E-03  9.6833E+00  9.3216E+00  3.6171E-01
4.8750E-03  9.6714E+00  9.3096E+00  3.6172E-01
4.8775E-03  9.6733E+00  9.3116E+00  3.6172E-01
4.8800E-03  9.6470E+00  9.2853E+00  3.6172E-01
4.8825E-03  9.6473E+00  9.2856E+00  3.6172E-01
4.8850E-03  9.6238E+00  9.2621E+00  3.6173E-01
4.8875E-03  9.6123E+00  9.2506E+00  3.6173E-01
4.8900E-03  9.6011E+00  9.2394E+00  3.6173E-01
4.8925E-03  9.5879E+00  9.2262E+00  3.6173E-01
4.8950E-03  9.6591E+00  9.2974E+00  3.6174E-01
4.8975E-03  9.5634E+00  9.2017E+00  3.6174E-01
4.9000E-03  9.5589E+00  9.1972E+00  3.6174E-01
4.9025E-03  9.5417E+00  9.1799E+00  3.6174E-01
4.9050E-03  9.5289E+00  9.1672E+00  3.6175E-01
4.9075E-03  9.5185E+00  9.1567E+00  3.6175E-01
4.9100E-03  9.5047E+00  9.1430E+00  3.6175E-01
4.9125E-03  9.4977E+00  9.1360E+00  3.6176E-01
4.9150E-03  9.4809E+00  9.1191E+00  3.6176E-01
4.9175E-03  9.4716E+00  9.1098E+00  3.6176E-01
4.9200E-03  9.4574E+00  9.0957E+00  3.6176E-01
4.9225E-03  9.4457E+00  9.0840E+00  3.6177E-01
4.9250E-03  9.4341E+00  9.0724E+00  3.6177E-01
4.9275E-03  9.4224E+00  9.0606E+00  3.6177E-01
4.9300E-03  9.4116E+00  9.0498E+00  3.6177E-01
4.9325E-03  9.3990E+00  9.0373E+00  3.6178E-01
4.9350E-03  9.3885E+00  9.0267E+00  3.6178E-01
4.9375E-03  9.3765E+00  9.0147E+00  3.6178E-01
4.9400E-03  9.3646E+00  9.0028E+00  3.6178E-01
4.9425E-03  9.3529E+00  8.9911E+00  3.6179E-01
4.9450E-03  9.3414E+00  8.9796E+00  3.6179E-01
4.9475E-03  9.3300E+00  8.9682E+00  3.6179E-01
4.9500E-03  9.3203E+00  8.9585E+00  3.6179E-01
4.9525E-03  9.3085E+00  8.9467E+00  3.6180E-01
4.9550E-03  9.2982E+00  8.9364E+00  3.6180E-01
4.9575E-03  9.3287E+00  8.9669E+00  3.6180E-01
4.9600E-03  9.3293E+00  8.9675E+00  3.6180E-01
4.9625E-03  9.2706E+00  8.9088E+00  3.6181E-01
4.9650E-03  9.2614E+00  8.8996E+00  3.6181E-01
4.9675E-03  9.2432E+00  8.8814E+00  3.6181E-01
4.9700E-03  9.2413E+00  8.8795E+00  3.6181E-01
4.9725E-03  9.2266E+00  8.8648E+00  3.6182E-01
4.9750E-03  9.2195E+00  8.8576E+00  3.6182E-01
4.9775E-03  9.1998E+00  8.8380E+00  3.6182E-01
4.9800E-03  9.2015E+00  8.8397E+00  3.6182E-01
4.9825E-03  9.1778E+00  8.8160E+00  3.6183E-01
4.9850E-03  9.1653E+00  8.8035E+00  3.6183E-01
4.9875E-03  9.1665E+00  8.8046E+00  3.6183E-01
4.9900E-03  9.1476E+00  8.7857E+00  3.6183E-01
4.9925E-03  9.1998E+00  8.8380E+00  3.6183E-01
4.9950E-03  9.3825E+00  9.0206E+00  3.6184E-01
4.9975E-03  9.1167E+00  8.7548E+00  3.6184E-01
5.0000E-03  9.1047E+00  8.7428E+00  3.6184E-01
5.0025E-03  9.0834E+00  8.7216E+00  3.6184E-01
5.0050E-03  9.0739E+00  8.7121E+00  3.6185E-01
5.0075E-03  9.0617E+00  8.6998E+00  3.6185E-01
5.0100E-03  9.0482E+00  8.6863E+00  3.6185E-01
5.0125E-03  9.0790E+00  8.7171E+00  3.6185E-01
5.0150E-03  9.0283E+00  8.6664E+00  3.6186E-01
5.0175E-03  9.0210E+00  8.6592E+00  3.6186E-01
5.0200E-03  9.0056E+00  8.6437E+00  3.6186E-01
5.0225E-03  8.9925E+00  8.6306E+00  3.6186E-01
5.0250E-03  8.9806E+00  8.6187E+00  3.6187E-01
5.0275E-03  8.9695E+00  8.6077E+00  3.6187E-01
5.0300E-03  8.9652E+00  8.6033E+00  3.6187E-01
5.0325E-03  8.9476E+00  8.5857E+00  3.6187E-01
5.0350E-03  8.9365E+00  8.5747E+00  3.6188E-01
5.0375E-03  8.9255E+00  8.5636E+00  3.6188E-01
5.0400E-03  8.9146E+00  8.5527E+00  3.6188E-01
5.0425E-03  8.9037E+00  8.5418E+00  3.6188E-01
5.0450E-03  8.8928E+00  8.5309E+00  3.6189E-01
5.0475E-03  8.8845E+00  8.5226E+00  3.6189E-01
5.0500E-03  8.8744E+00  8.5125E+00  3.6189E-01
5.0525E-03  8.8612E+00  8.4993E+00  3.6189E-01
5.0550E-03  8.8569E+00  8.4950E+00  3.6189E-01
5.0575E-03  8.8388E+00  8.4769E+00  3.6190E-01
5.0600E-03  8.8321E+00  8.4702E+00  3.6190E-01
5.0625E-03  8.8166E+00  8.4547E+00  3.6190E-01
5.0650E-03  8.8059E+00  8.4439E+00  3.6190E-01
5.0675E-03  8.7953E+00  8.4334E+00  3.6191E-01
5.0700E-03  8.7866E+00  8.4247E+00  3.6191E-01
5.0725E-03  8.7742E+00  8.4123E+00  3.6191E-01
5.0750E-03  8.7759E+00  8.4140E+00  3.6191E-01
5.0775E-03  8.7538E+00  8.3919E+00  3.6192E-01
5.0800E-03  8.7506E+00  8.3887E+00  3.6192E-01
5.0825E-03  8.7317E+00  8.3698E+00  3.6192E-01
5.0850E-03  8.7203E+00  8.3584E+00  3.6192E-01
5.0875E-03  8.7089E+00  8.3470E+00  3.6192E-01
5.0900E-03  8.6982E+00  8.3363E+00  3.6193E-01
5.0925E-03  8.6882E+00  8.3263E+00  3.6193E-01
5.0950E-03  8.6789E+00  8.3170E+00  3.6193E-01
5.0975E-03  8.6676E+00  8.3057E+00  3.6193E-01
5.1000E-03  8.6572E+00  8.2952E+00  3.6194E-01
5.1025E-03  8.6500E+00  8.2881E+00  3.6194E-01
5.1050E-03  8.6902E+00  8.3282E+00  3.6194E-01
5.1075E-03  8.6263E+00  8.2644E+00  3.6194E-01
5.1100E-03  8.6159E+00  8.2539E+00  3.6195E-01
5.1125E-03  8.6031E+00  8.2411E+00  3.6195E-01
5.1150E-03  8.5923E+00  8.2303E+00  3.6195E-01
5.1175E-03  8.5830E+00  8.2210E+00  3.6195E-01
5.1200E-03  8.5768E+00  8.2148E+00  3.6195E-01
5.1225E-03  8.6439E+00  8.2820E+00  3.6196E-01
5.1250E-03  8.5678E+00  8.2059E+00  3.6196E-01
5.1275E-03  8.5417E+00  8.1797E+00  3.6196E-01
5.1300E-03  8.5293E+00  8.1673E+00  3.6196E-01
5.1325E-03  8.5179E+00  8.1560E+00  3.6197E-01
5.1350E-03  8.5073E+00  8.1454E+00  3.6197E-01
5.1375E-03  8.4966E+00  8.1346E+00  3.6197E-01
5.1400E-03  8.4861E+00  8.1241E+00  3.6197E-01
5.1425E-03  8.4769E+00  8.1149E+00  3.6197E-01
5.1450E-03  8.4664E+00  8.1044E+00  3.6198E-01
5.1475E-03  8.4572E+00  8.0953E+00  3.6198E-01
5.1500E-03  8.4441E+00  8.0821E+00  3.6198E-01
5.1525E-03  8.4336E+00  8.0716E+00  3.6198E-01
5.1550E-03  8.4231E+00  8.0611E+00  3.6199E-01
5.1575E-03  8.4127E+00  8.0507E+00  3.6199E-01
5.1600E-03  8.4022E+00  8.0402E+00  3.6199E-01
5.1625E-03  8.3919E+00  8.0299E+00  3.6199E-01
5.1650E-03  8.3819E+00  8.0199E+00  3.6199E-01
5.1675E-03  8.3722E+00  8.0102E+00  3.6200E-01
5.1700E-03  8.3627E+00  8.0007E+00  3.6200E-01
5.1725E-03  8.3559E+00  7.9939E+00  3.6200E-01
5.1750E-03  8.3407E+00  7.9787E+00  3.6200E-01
5.1775E-03  8.3304E+00  7.9684E+00  3.6201E-01
5.1800E-03  8.3201E+00  7.9580E+00  3.6201E-01
5.1825E-03  8.3105E+00  7.9484E+00  3.6201E-01
5.1850E-03  8.2996E+00  7.9376E+00  3.6201E-01
5.1875E-03  8.2888E+00  7.9268E+00  3.6201E-01
5.1900E-03  8.3014E+00  7.9394E+00  3.6202E-01
5.1925E-03  8.2678E+00  7.9058E+00  3.6202E-01
5.1950E-03  8.2636E+00  7.9015E+00  3.6202E-01
5.1975E-03  8.2474E+00  7.8854E+00  3.6202E-01
5.2000E-03  8.2372E+00  7.8752E+00  3.6203E-01
5.2025E-03  8.2270E+00  7.8650E+00  3.6203E-01
5.2050E-03  8.2290E+00  7.8670E+00  3.6203E-01
5.2075E-03  8.2350E+00  7.8729E+00  3.6203E-01
5.2100E-03  8.2006E+00  7.8386E+00  3.6203E-01
5.2125E-03  8.2385E+00  7.8765E+00  3.6204E-01
5.2150E-03  8.1789E+00  7.8169E+00  3.6204E-01
5.2175E-03  8.1659E+00  7.8039E+00  3.6204E-01
5.2200E-03  8.1553E+00  7.7933E+00  3.6204E-01
5.2225E-03  8.1453E+00  7.7832E+00  3.6204E-01
5.2250E-03  8.1394E+00  7.7773E+00  3.6205E-01
5.2275E-03  8.2055E+00  7.8435E+00  3.6205E-01
5.2300E-03  8.1368E+00  7.7747E+00  3.6205E-01
5.2325E-03  8.1135E+00  7.7514E+00  3.6205E-01
5.2350E-03  8.0987E+00  7.7366E+00  3.6206E-01
5.2375E-03  8.0908E+00  7.7287E+00  3.6206E-01
5.2400E-03  8.0744E+00  7.7124E+00  3.6206E-01
5.2425E-03  8.9323E+00  8.5703E+00  3.6206E-01
5.2450E-03  8.0546E+00  7.6925E+00  3.6206E-01
5.2475E-03  8.0467E+00  7.6847E+00  3.6207E-01
5.2500E-03  8.0334E+00  7.6714E+00  3.6207E-01
5.2525E-03  8.0263E+00  7.6642E+00  3.6207E-01
5.2550E-03  8.0139E+00  7.6519E+00  3.6207E-01
5.2575E-03  8.0032E+00  7.6411E+00  3.6207E-01
5.2600E-03  7.9962E+00  7.6342E+00  3.6208E-01
5.2625E-03  7.9886E+00  7.6265E+00  3.6208E-01
5.2650E-03  7.9793E+00  7.6172E+00  3.6208E-01
5.2675E-03  7.9687E+00  7.6066E+00  3.6208E-01
5.2700E-03  7.9531E+00  7.5910E+00  3.6209E-01
5.2725E-03  8.0090E+00  7.6469E+00  3.6209E-01
5.2750E-03  7.9329E+00  7.5708E+00  3.6209E-01
5.2775E-03  7.9227E+00  7.5606E+00  3.6209E-01
5.2800E-03  7.9126E+00  7.5505E+00  3.6209E-01
5.2825E-03  7.9033E+00  7.5412E+00  3.6210E-01
5.2850E-03  7.8931E+00  7.5310E+00  3.6210E-01
5.2875E-03  7.8838E+00  7.5217E+00  3.6210E-01
5.2900E-03  7.8781E+00  7.5160E+00  3.6210E-01
5.2925E-03  7.8637E+00  7.5016E+00  3.6210E-01
5.2950E-03  7.8529E+00  7.4908E+00  3.6211E-01
5.2975E-03  7.8454E+00  7.4833E+00  3.6211E-01
5.3000E-03  7.8332E+00  7.4711E+00  3.6211E-01
5.3025E-03  7.8231E+00  7.4609E+00  3.6211E-01
5.3050E-03  7.8132E+00  7.4511E+00  3.6211E-01
5.3075E-03  7.8033E+00  7.4412E+00  3.6212E-01
5.3100E-03  7.8000E+00  7.4378E+00  3.6212E-01
5.3125E-03  7.7842E+00  7.4221E+00  3.6212E-01
5.3150E-03  7.7767E+00  7.4146E+00  3.6212E-01
5.3175E-03  7.7650E+00  7.4028E+00  3.6212E-01
5.3200E-03  7.7539E+00  7.3918E+00  3.6213E-01
5.3225E-03  7.7446E+00  7.3824E+00  3.6213E-01
5.3250E-03  7.7436E+00  7.3814E+00  3.6213E-01
5.3275E-03  7.7237E+00  7.3616E+00  3.6213E-01
5.3300E-03  7.7138E+00  7.3517E+00  3.6213E-01
5.3325E-03  7.7111E+00  7.3490E+00  3.6214E-01
5.3350E-03  7.7108E+00  7.3487E+00  3.6214E-01
5.3375E-03  7.6885E+00  7.3263E+00  3.6214E-01
5.3400E-03  7.6748E+00  7.3127E+00  3.6214E-01
5.3425E-03  7.6765E+00  7.3143E+00  3.6214E-01
5.3450E-03  7.6553E+00  7.2931E+00  3.6215E-01
5.3475E-03  7.6452E+00  7.2831E+00  3.6215E-01
5.3500E-03  7.6357E+00  7.2736E+00  3.6215E-01
5.3525E-03  7.6261E+00  7.2639E+00  3.6215E-01
5.3550E-03  1.0746E+01  1.0384E+01  3.6215E-01
5.3575E-03  7.6062E+00  7.2441E+00  3.6216E-01
5.3600E-03  7.5971E+00  7.2349E+00  3.6216E-01
5.3625E-03  7.5931E+00  7.2309E+00  3.6216E-01
5.3650E-03  7.5919E+00  7.2298E+00  3.6216E-01
5.3675E-03  7.6195E+00  7.2574E+00  3.6216E-01
5.3700E-03  7.5645E+00  7.2023E+00  3.6217E-01
5.3725E-03  8.6340E+00  8.2718E+00  3.6217E-01
5.3750E-03  7.6199E+00  7.2577E+00  3.6217E-01
5.3775E-03  7.5342E+00  7.1720E+00  3.6217E-01
5.3800E-03  7.5245E+00  7.1623E+00  3.6217E-01
5.3825E-03  7.6400E+00  7.2779E+00  3.6218E-01
5.3850E-03  7.5232E+00  7.1611E+00  3.6218E-01
5.3875E-03  7.4998E+00  7.1376E+00  3.6218E-01
5.3900E-03  7.5070E+00  7.1448E+00  3.6218E-01
5.3925E-03  7.5448E+00  7.1826E+00  3.6218E-01
5.3950E-03  7.4747E+00  7.1126E+00  3.6219E-01
5.3975E-03  7.6055E+00  7.2433E+00  3.6219E-01
5.4000E-03  7.4553E+00  7.0931E+00  3.6219E-01
5.4025E-03  7.4797E+00  7.1175E+00  3.6219E-01
5.4050E-03  7.4237E+00  7.0615E+00  3.6219E-01
5.4075E-03  7.4187E+00  7.0565E+00  3.6220E-01
5.4100E-03  7.4026E+00  7.0405E+00  3.6220E-01
5.4125E-03  7.3995E+00  7.0373E+00  3.6220E-01
5.4150E-03  7.3840E+00  7.0218E+00  3.6220E-01
5.4175E-03  7.4263E+00  7.0641E+00  3.6220E-01
5.4200E-03  7.3657E+00  7.0035E+00  3.6221E-01
5.4225E-03  7.3533E+00  6.9911E+00  3.6221E-01
5.4250E-03  7.3436E+00  6.9814E+00  3.6221E-01
5.4275E-03  7.3337E+00  6.9715E+00  3.6221E-01
5.4300E-03  7.3241E+00  6.9619E+00  3.6221E-01
5.4325E-03  7.3151E+00  6.9529E+00  3.6221E-01
5.4350E-03  7.3051E+00  6.9429E+00  3.6222E-01
5.4375E-03  7.2961E+00  6.9339E+00  3.6222E-01
5.4400E-03  7.2858E+00  6.9235E+00  3.6222E-01
5.4425E-03  7.2768E+00  6.9145E+00  3.6222E-01
5.4450E-03  7.2676E+00  6.9054E+00  3.6222E-01
5.4475E-03  7.2586E+00  6.8964E+00  3.6223E-01
5.4500E-03  7.2482E+00  6.8860E+00  3.6223E-01
5.4525E-03  7.2440E+00  6.8818E+00  3.6223E-01
5.4550E-03  7.2331E+00  6.8708E+00  3.6223E-01
5.4575E-03  7.2250E+00  6.8627E+00  3.6223E-01
5.4600E-03  7.2108E+00  6.8486E+00  3.6224E-01
5.4625E-03  7.2026E+00  6.8404E+00  3.6224E-01
5.4650E-03  7.1936E+00  6.8313E+00  3.6224E-01
5.4675E-03  7.1860E+00  6.8238E+00  3.6224E-01
5.4700E-03  7.1763E+00  6.8141E+00  3.6224E-01
5.4725E-03  7.1681E+00  6.8059E+00  3.6225E-01
5.4750E-03  7.1699E+00  6.8077E+00  3.6225E-01
5.4775E-03  7.2111E+00  6.8489E+00  3.6225E-01
5.4800E-03  7.1834E+00  6.8212E+00  3.6225E-01
5.4825E-03  7.1324E+00  6.7701E+00  3.6225E-01
5.4850E-03  7.1259E+00  6.7636E+00  3.6225E-01
5.4875E-03  7.1121E+00  6.7498E+00  3.6226E-01
5.4900E-03  7.1118E+00  6.7495E+00  3.6226E-01
5.4925E-03  7.1002E+00  6.7380E+00  3.6226E-01
5.4950E-03  7.0870E+00  6.7247E+00  3.6226E-01
5.4975E-03  7.1004E+00  6.7381E+00  3.6226E-01
5.5000E-03  7.0685E+00  6.7062E+00  3.6227E-01
5.5025E-03  7.0927E+00  6.7304E+00  3.6227E-01
5.5050E-03  7.0505E+00  6.6882E+00  3.6227E-01
5.5075E-03  7.0410E+00  6.6788E+00  3.6227E-01
5.5100E-03  7.0330E+00  6.6707E+00  3.6227E-01
5.5125E-03  7.0253E+00  6.6631E+00  3.6227E-01
5.5150E-03  7.0201E+00  6.6578E+00  3.6228E-01
5.5175E-03  7.0070E+00  6.6447E+00  3.6228E-01
5.5200E-03  7.0116E+00  6.6494E+00  3.6228E-01
5.5225E-03  7.0391E+00  6.6768E+00  3.6228E-01
5.5250E-03  6.9913E+00  6.6290E+00  3.6228E-01
5.5275E-03  6.9731E+00  6.6108E+00  3.6229E-01
5.5300E-03  6.9659E+00  6.6036E+00  3.6229E-01
5.5325E-03  6.9640E+00  6.6017E+00  3.6229E-01
5.5350E-03  6.9483E+00  6.5860E+00  3.6229E-01
5.5375E-03  6.9606E+00  6.5983E+00  3.6229E-01
5.5400E-03  6.9303E+00  6.5680E+00  3.6229E-01
5.5425E-03  6.9248E+00  6.5625E+00  3.6230E-01
5.5450E-03  6.9164E+00  6.5541E+00  3.6230E-01
5.5475E-03  6.9094E+00  6.5471E+00  3.6230E-01
5.5500E-03  6.9006E+00  6.5383E+00  3.6230E-01
5.5525E-03  6.8921E+00  6.5298E+00  3.6230E-01
5.5550E-03  6.8820E+00  6.5197E+00  3.6231E-01
5.5575E-03  6.8763E+00  6.5140E+00  3.6231E-01
5.5600E-03  6.8825E+00  6.5202E+00  3.6231E-01
5.5625E-03  6.9025E+00  6.5402E+00  3.6231E-01
5.5650E-03  7.6866E+00  7.3243E+00  3.6231E-01
5.5675E-03  6.8415E+00  6.4791E+00  3.6231E-01
5.5700E-03  6.8334E+00  6.4711E+00  3.6232E-01
5.5725E-03  6.8257E+00  6.4633E+00  3.6232E-01
5.5750E-03  6.8161E+00  6.4538E+00  3.6232E-01
5.5775E-03  6.8099E+00  6.4476E+00  3.6232E-01
5.5800E-03  6.8001E+00  6.4378E+00  3.6232E-01
5.5825E-03  6.7920E+00  6.4297E+00  3.6233E-01
5.5850E-03  6.7908E+00  6.4285E+00  3.6233E-01
5.5875E-03  6.7887E+00  6.4264E+00  3.6233E-01
5.5900E-03  6.7699E+00  6.4076E+00  3.6233E-01
5.5925E-03  6.7606E+00  6.3983E+00  3.6233E-01
5.5950E-03  6.7527E+00  6.3904E+00  3.6233E-01
5.5975E-03  6.7453E+00  6.3830E+00  3.6234E-01
5.6000E-03  6.7382E+00  6.3758E+00  3.6234E-01
5.6025E-03  6.7300E+00  6.3677E+00  3.6234E-01
5.6050E-03  6.7231E+00  6.3607E+00  3.6234E-01
5.6075E-03  6.7146E+00  6.3522E+00  3.6234E-01
5.6100E-03  6.7066E+00  6.3442E+00  3.6234E-01
5.6125E-03  6.6990E+00  6.3366E+00  3.6235E-01
5.6150E-03  6.6917E+00  6.3294E+00  3.6235E-01
5.6175E-03  6.6851E+00  6.3228E+00  3.6235E-01
5.6200E-03  6.6799E+00  6.3175E+00  3.6235E-01
5.6225E-03  6.6699E+00  6.3075E+00  3.6235E-01
5.6250E-03  6.6764E+00  6.3140E+00  3.6235E-01
5.6275E-03  6.6653E+00  6.3030E+00  3.6236E-01
5.6300E-03  6.6540E+00  6.2917E+00  3.6236E-01
5.6325E-03  6.6548E+00  6.2924E+00  3.6236E-01
5.6350E-03  6.6332E+00  6.2708E+00  3.6236E-01
5.6375E-03  6.6664E+00  6.3041E+00  3.6236E-01
5.6400E-03  6.6239E+00  6.2616E+00  3.6237E-01
5.6425E-03  6.6138E+00  6.2514E+00  3.6237E-01
5.6450E-03  6.6087E+00  6.2463E+00  3.6237E-01
5.6475E-03  6.6224E+00  6.2601E+00  3.6237E-01
5.6500E-03  6.6221E+00  6.2597E+00  3.6237E-01
5.6525E-03  6.5895E+00  6.2271E+00  3.6237E-01
5.6550E-03  6.5924E+00  6.2300E+00  3.6238E-01
5.6575E-03  6.5673E+00  6.2049E+00  3.6238E-01
5.6600E-03  6.5654E+00  6.2030E+00  3.6238E-01
5.6625E-03  6.5553E+00  6.1929E+00  3.6238E-01
5.6650E-03  6.5528E+00  6.1904E+00  3.6238E-01
5.6675E-03  6.5562E+00  6.1938E+00  3.6238E-01
5.6700E-03  6.5366E+00  6.1742E+00  3.6239E-01
5.6725E-03  6.5279E+00  6.1655E+00  3.6239E-01
5.6750E-03  6.5242E+00  6.1619E+00  3.6239E-01
5.6775E-03  6.5197E+00  6.1573E+00  3.6239E-01
5.6800E-03  6.5035E+00  6.1411E+00  3.6239E-01
5.6825E-03  6.4952E+00  6.1328E+00  3.6239E-01
5.6850E-03  6.4944E+00  6.1320E+00  3.6240E-01
5.6875E-03  6.5998E+00  6.2375E+00  3.6240E-01
5.6900E-03  6.4779E+00  6.1155E+00  3.6240E-01
5.6925E-03  6.4655E+00  6.1031E+00  3.6240E-01
5.6950E-03  6.4574E+00  6.0950E+00  3.6240E-01
5.6975E-03  6.4501E+00  6.0877E+00  3.6240E-01
5.7000E-03  6.4432E+00  6.0808E+00  3.6241E-01
5.7025E-03  6.4462E+00  6.0838E+00  3.6241E-01
5.7050E-03  6.4314E+00  6.0690E+00  3.6241E-01
5.7075E-03  6.4239E+00  6.0615E+00  3.6241E-01
5.7100E-03  6.4156E+00  6.0531E+00  3.6241E-01
5.7125E-03  6.4106E+00  6.0482E+00  3.6241E-01
5.7150E-03  6.4029E+00  6.0405E+00  3.6242E-01
5.7175E-03  6.3945E+00  6.0321E+00  3.6242E-01
5.7200E-03  6.3882E+00  6.0258E+00  3.6242E-01
5.7225E-03  6.3815E+00  6.0191E+00  3.6242E-01
5.7250E-03  6.3783E+00  6.0158E+00  3.6242E-01
5.7275E-03  6.5817E+00  6.2193E+00  3.6242E-01
5.7300E-03  6.3658E+00  6.0034E+00  3.6243E-01
5.7325E-03  6.3675E+00  6.0051E+00  3.6243E-01
5.7350E-03  6.3476E+00  5.9851E+00  3.6243E-01
5.7375E-03  6.3570E+00  5.9945E+00  3.6243E-01
5.7400E-03  6.3346E+00  5.9722E+00  3.6243E-01
5.7425E-03  6.3319E+00  5.9694E+00  3.6243E-01
5.7450E-03  6.3206E+00  5.9582E+00  3.6244E-01
5.7475E-03  6.3127E+00  5.9503E+00  3.6244E-01
5.7500E-03  6.3072E+00  5.9448E+00  3.6244E-01
5.7525E-03  6.3037E+00  5.9412E+00  3.6244E-01
5.7550E-03  6.3126E+00  5.9502E+00  3.6244E-01
5.7575E-03  6.2887E+00  5.9262E+00  3.6244E-01
5.7600E-03  6.2796E+00  5.9171E+00  3.6245E-01
5.7625E-03  6.2736E+00  5.9111E+00  3.6245E-01
5.7650E-03  6.2742E+00  5.9117E+00  3.6245E-01
5.7675E-03  6.2629E+00  5.9005E+00  3.6245E-01
5.7700E-03  6.2536E+00  5.8912E+00  3.6245E-01
5.7725E-03  6.2476E+00  5.8852E+00  3.6245E-01
5.7750E-03  6.2475E+00  5.8850E+00  3.6245E-01
5.7775E-03  6.2376E+00  5.8752E+00  3.6246E-01
5.7800E-03  6.2323E+00  5.8698E+00  3.6246E-01
5.7825E-03  6.2256E+00  5.8632E+00  3.6246E-01
5.7850E-03  6.2157E+00  5.8532E+00  3.6246E-01
5.7875E-03  6.2068E+00  5.8443E+00  3.6246E-01
5.7900E-03  6.2002E+00  5.8377E+00  3.6246E-01
5.7925E-03  6.1947E+00  5.8322E+00  3.6247E-01
5.7950E-03  6.1881E+00  5.8257E+00  3.6247E-01
5.7975E-03  6.1900E+00  5.8276E+00  3.6247E-01
5.8000E-03  6.1796E+00  5.8171E+00  3.6247E-01
5.8025E-03  6.1733E+00  5.8109E+00  3.6247E-01
5.8050E-03  6.1710E+00  5.8086E+00  3.6247E-01
5.8075E-03  6.1615E+00  5.7991E+00  3.6248E-01
5.8100E-03  6.1642E+00  5.8018E+00  3.6248E-01
5.8125E-03  6.1487E+00  5.7862E+00  3.6248E-01
5.8150E-03  6.4891E+00  6.1266E+00  3.6248E-01
5.8175E-03  6.1332E+00  5.7707E+00  3.6248E-01
5.8200E-03  6.1240E+00  5.7615E+00  3.6248E-01
5.8225E-03  6.1174E+00  5.7550E+00  3.6248E-01
5.8250E-03  6.1232E+00  5.7607E+00  3.6249E-01
5.8275E-03  6.1120E+00  5.7496E+00  3.6249E-01
5.8300E-03  6.1034E+00  5.7409E+00  3.6249E-01
5.8325E-03  6.1040E+00  5.7415E+00  3.6249E-01
5.8350E-03  6.1208E+00  5.7583E+00  3.6249E-01
5.8375E-03  6.0819E+00  5.7195E+00  3.6249E-01
5.8400E-03  6.1002E+00  5.7377E+00  3.6250E-01
5.8425E-03  6.0689E+00  5.7064E+00  3.6250E-01
5.8450E-03  6.0845E+00  5.7220E+00  3.6250E-01
5.8475E-03  6.0551E+00  5.6926E+00  3.6250E-01
5.8500E-03  6.0474E+00  5.6849E+00  3.6250E-01
5.8525E-03  6.0409E+00  5.6784E+00  3.6250E-01
5.8550E-03  6.0375E+00  5.6750E+00  3.6250E-01
5.8575E-03  6.0456E+00  5.6831E+00  3.6251E-01
5.8600E-03  6.0232E+00  5.6607E+00  3.6251E-01
5.8625E-03  6.0183E+00  5.6558E+00  3.6251E-01
5.8650E-03  6.0094E+00  5.6469E+00  3.6251E-01
5.8675E-03  6.0068E+00  5.6443E+00  3.6251E-01
5.8700E-03  5.9967E+00  5.6342E+00  3.6251E-01
5.8725E-03  5.9905E+00  5.6280E+00  3.6252E-01
5.8750E-03  5.9841E+00  5.6216E+00  3.6252E-01
5.8775E-03  5.9785E+00  5.6160E+00  3.6252E-01
5.8800E-03  5.9797E+00  5.6172E+00  3.6252E-01
5.8825E-03  5.9687E+00  5.6062E+00  3.6252E-01
5.8850E-03  5.9705E+00  5.6080E+00  3.6252E-01
5.8875E-03  5.9758E+00  5.6133E+00  3.6252E-01
5.8900E-03  5.9475E+00  5.5850E+00  3.6253E-01
5.8925E-03  5.9416E+00  5.5790E+00  3.6253E-01
5.8950E-03  5.9357E+00  5.5732E+00  3.6253E-01
5.8975E-03  5.9301E+00  5.5675E+00  3.6253E-01
5.9000E-03  5.9253E+00  5.5628E+00  3.6253E-01
5.9025E-03  5.9175E+00  5.5549E+00  3.6253E-01
5.9050E-03  5.9115E+00  5.5490E+00  3.6254E-01
5.9075E-03  5.9059E+00  5.5434E+00  3.6254E-01
5.9100E-03  5.8999E+00  5.5374E+00  3.6254E-01
5.9125E-03  5.8951E+00  5.5326E+00  3.6254E-01
5.9150E-03  5.8883E+00  5.5257E+00  3.6254E-01
5.9175E-03  5.8931E+00  5.5306E+00  3.6254E-01
5.9200E-03  5.9081E+00  5.5455E+00  3.6254E-01
5.9225E-03  5.8722E+00  5.5096E+00  3.6255E-01
5.9250E-03  5.8671E+00  5.5045E+00  3.6255E-01
5.9275E-03  5.8590E+00  5.4964E+00  3.6255E-01
5.9300E-03  5.8537E+00  5.4912E+00  3.6255E-01
5.9325E-03  5.8480E+00  5.4855E+00  3.6255E-01
5.9350E-03  5.8442E+00  5.4816E+00  3.6255E-01
5.9375E-03  5.8436E+00  5.4810E+00  3.6255E-01
5.9400E-03  5.8683E+00  5.5057E+00  3.6256E-01
5.9425E-03  6.1998E+00  5.8372E+00  3.6256E-01
5.9450E-03  5.8469E+00  5.4843E+00  3.6256E-01
5.9475E-03  5.8160E+00  5.4534E+00  3.6256E-01
5.9500E-03  5.8095E+00  5.4470E+00  3.6256E-01
5.9525E-03  5.8025E+00  5.4399E+00  3.6256E-01
5.9550E-03  5.8047E+00  5.4421E+00  3.6257E-01
5.9575E-03  5.7907E+00  5.4281E+00  3.6257E-01
5.9600E-03  5.8126E+00  5.4500E+00  3.6257E-01
5.9625E-03  5.7963E+00  5.4337E+00  3.6257E-01
5.9650E-03  5.7743E+00  5.4117E+00  3.6257E-01
5.9675E-03  5.7678E+00  5.4052E+00  3.6257E-01
5.9700E-03  5.7641E+00  5.4015E+00  3.6257E-01
5.9725E-03  5.7690E+00  5.4065E+00  3.6258E-01
5.9750E-03  5.7507E+00  5.3881E+00  3.6258E-01
5.9775E-03  5.7424E+00  5.3798E+00  3.6258E-01
5.9800E-03  5.7400E+00  5.3774E+00  3.6258E-01
5.9825E-03  5.7308E+00  5.3683E+00  3.6258E-01
5.9850E-03  5.7354E+00  5.3728E+00  3.6258E-01
5.9875E-03  5.7198E+00  5.3572E+00  3.6258E-01
5.9900E-03  5.7154E+00  5.3528E+00  3.6259E-01
5.9925E-03  5.7084E+00  5.3458E+00  3.6259E-01
5.9950E-03  5.7018E+00  5.3392E+00  3.6259E-01
5.9975E-03  5.7048E+00  5.3422E+00  3.6259E-01
6.0000E-03  5.6898E+00  5.3272E+00  3.6259E-01
6.0025E-03  5.6846E+00  5.3220E+00  3.6259E-01
6.0050E-03  5.6840E+00  5.3214E+00  3.6259E-01
6.0075E-03  5.6727E+00  5.3101E+00  3.6260E-01
6.0100E-03  5.6695E+00  5.3069E+00  3.6260E-01
6.0125E-03  5.6613E+00  5.2987E+00  3.6260E-01
6.0150E-03  5.6561E+00  5.2935E+00  3.6260E-01
6.0175E-03  5.6502E+00  5.2876E+00  3.6260E-01
6.0200E-03  5.6446E+00  5.2820E+00  3.6260E-01
6.0225E-03  5.6389E+00  5.2763E+00  3.6260E-01
6.0250E-03  5.6336E+00  5.2710E+00  3.6261E-01
6.0275E-03  6.4760E+00  6.1134E+00  3.6261E-01
6.0300E-03  5.6891E+00  5.3265E+00  3.6261E-01
6.0325E-03  5.6648E+00  5.3022E+00  3.6261E-01
6.0350E-03  5.6154E+00  5.2527E+00  3.6261E-01
6.0375E-03  5.6054E+00  5.2427E+00  3.6261E-01
6.0400E-03  5.6011E+00  5.2385E+00  3.6261E-01
6.0425E-03  5.5940E+00  5.2314E+00  3.6262E-01
6.0450E-03  5.6452E+00  5.2826E+00  3.6262E-01
6.0475E-03  5.5825E+00  5.2198E+00  3.6262E-01
6.0500E-03  5.5793E+00  5.2167E+00  3.6262E-01
6.0525E-03  5.5781E+00  5.2155E+00  3.6262E-01
6.0550E-03  5.5659E+00  5.2033E+00  3.6262E-01
6.0575E-03  5.5600E+00  5.1973E+00  3.6262E-01
6.0600E-03  5.5543E+00  5.1916E+00  3.6263E-01
6.0625E-03  5.5487E+00  5.1860E+00  3.6263E-01
6.0650E-03  5.5432E+00  5.1805E+00  3.6263E-01
6.0675E-03  5.5377E+00  5.1751E+00  3.6263E-01
6.0700E-03  5.5766E+00  5.2140E+00  3.6263E-01
6.0725E-03  5.5400E+00  5.1774E+00  3.6263E-01
6.0750E-03  5.5250E+00  5.1624E+00  3.6263E-01
6.0775E-03  5.5158E+00  5.1532E+00  3.6263E-01
6.0800E-03  5.5111E+00  5.1485E+00  3.6264E-01
6.0825E-03  5.5048E+00  5.1421E+00  3.6264E-01
6.0850E-03  5.4995E+00  5.1368E+00  3.6264E-01
6.0875E-03  5.5062E+00  5.1436E+00  3.6264E-01
6.0900E-03  5.4891E+00  5.1264E+00  3.6264E-01
6.0925E-03  5.4870E+00  5.1244E+00  3.6264E-01
6.0950E-03  5.4774E+00  5.1148E+00  3.6264E-01
6.0975E-03  5.4715E+00  5.1088E+00  3.6265E-01
6.1000E-03  5.4661E+00  5.1034E+00  3.6265E-01
6.1025E-03  5.4610E+00  5.0983E+00  3.6265E-01
6.1050E-03  5.4553E+00  5.0926E+00  3.6265E-01
6.1075E-03  5.4497E+00  5.0871E+00  3.6265E-01
6.1100E-03  5.4455E+00  5.0829E+00  3.6265E-01
6.1125E-03  5.4389E+00  5.0762E+00  3.6265E-01
6.1150E-03  5.4335E+00  5.0708E+00  3.6266E-01
6.1175E-03  5.4282E+00  5.0655E+00  3.6266E-01
6.1200E-03  5.4231E+00  5.0605E+00  3.6266E-01
6.1225E-03  5.4174E+00  5.0548E+00  3.6266E-01
6.1250E-03  5.4120E+00  5.0493E+00  3.6266E-01
6.1275E-03  5.4066E+00  5.0439E+00  3.6266E-01
6.1300E-03  5.4012E+00  5.0386E+00  3.6266E-01
6.1325E-03  5.3959E+00  5.0332E+00  3.6266E-01
6.1350E-03  5.3905E+00  5.0279E+00  3.6267E-01
6.1375E-03  5.3854E+00  5.0228E+00  3.6267E-01
6.1400E-03  5.3799E+00  5.0172E+00  3.6267E-01
6.1425E-03  5.3746E+00  5.0119E+00  3.6267E-01
6.1450E-03  5.3696E+00  5.0070E+00  3.6267E-01
6.1475E-03  5.3640E+00  5.0014E+00  3.6267E-01
6.1500E-03  5.3593E+00  4.9966E+00  3.6267E-01
6.1525E-03  5.3534E+00  4.9907E+00  3.6268E-01
6.1550E-03  5.3481E+00  4.9855E+00  3.6268E-01
6.1575E-03  5.3429E+00  4.9802E+00  3.6268E-01
6.1600E-03  5.3377E+00  4.9750E+00  3.6268E-01
6.1625E-03  5.3325E+00  4.9698E+00  3.6268E-01
6.1650E-03  5.3272E+00  4.9645E+00  3.6268E-01
6.1675E-03  5.3229E+00  4.9602E+00  3.6268E-01
6.1700E-03  5.3167E+00  4.9540E+00  3.6268E-01
6.1725E-03  5.3115E+00  4.9488E+00  3.6269E-01
6.1750E-03  5.3189E+00  4.9562E+00  3.6269E-01
6.1775E-03  5.3010E+00  4.9384E+00  3.6269E-01
6.1800E-03  5.2958E+00  4.9332E+00  3.6269E-01
6.1825E-03  5.2906E+00  4.9279E+00  3.6269E-01
6.1850E-03  5.2854E+00  4.9227E+00  3.6269E-01
6.1875E-03  5.2802E+00  4.9175E+00  3.6269E-01
6.1900E-03  5.2750E+00  4.9123E+00  3.6270E-01
6.1925E-03  5.2701E+00  4.9074E+00  3.6270E-01
6.1950E-03  5.2647E+00  4.9020E+00  3.6270E-01
6.1975E-03  5.3144E+00  4.9517E+00  3.6270E-01
6.2000E-03  5.2544E+00  4.8917E+00  3.6270E-01
6.2025E-03  5.2492E+00  4.8865E+00  3.6270E-01
6.2050E-03  5.2442E+00  4.8815E+00  3.6270E-01
6.2075E-03  5.2390E+00  4.8763E+00  3.6270E-01
6.2100E-03  5.2358E+00  4.8731E+00  3.6271E-01
6.2125E-03  5.2373E+00  4.8746E+00  3.6271E-01
6.2150E-03  5.2240E+00  4.8613E+00  3.6271E-01
6.2175E-03  5.2200E+00  4.8573E+00  3.6271E-01
6.2200E-03  5.2199E+00  4.8572E+00  3.6271E-01
6.2225E-03  5.2089E+00  4.8462E+00  3.6271E-01
6.2250E-03  5.2046E+00  4.8419E+00  3.6271E-01
6.2275E-03  5.2074E+00  4.8446E+00  3.6271E-01
6.2300E-03  5.1948E+00  4.8321E+00  3.6272E-01
6.2325E-03  5.1886E+00  4.8259E+00  3.6272E-01
6.2350E-03  5.1832E+00  4.8205E+00  3.6272E-01
6.2375E-03  5.1784E+00  4.8157E+00  3.6272E-01
6.2400E-03  5.2668E+00  4.9040E+00  3.6272E-01
6.2425E-03  5.1690E+00  4.8063E+00  3.6272E-01
6.2450E-03  5.1631E+00  4.8003E+00  3.6272E-01
6.2475E-03  5.1604E+00  4.7977E+00  3.6273E-01
6.2500E-03  5.1540E+00  4.7913E+00  3.6273E-01
6.2525E-03  5.1509E+00  4.7882E+00  3.6273E-01
6.2550E-03  5.1432E+00  4.7804E+00  3.6273E-01
6.2575E-03  5.1590E+00  4.7962E+00  3.6273E-01
6.2600E-03  5.1365E+00  4.7738E+00  3.6273E-01
6.2625E-03  5.1278E+00  4.7651E+00  3.6273E-01
6.2650E-03  5.1227E+00  4.7600E+00  3.6273E-01
6.2675E-03  5.1187E+00  4.7559E+00  3.6274E-01
6.2700E-03  5.1128E+00  4.7500E+00  3.6274E-01
6.2725E-03  5.1083E+00  4.7455E+00  3.6274E-01
6.2750E-03  5.1030E+00  4.7402E+00  3.6274E-01
6.2775E-03  5.0987E+00  4.7359E+00  3.6274E-01
6.2800E-03  5.0946E+00  4.7318E+00  3.6274E-01
6.2825E-03  5.0879E+00  4.7252E+00  3.6274E-01
6.2850E-03  5.0850E+00  4.7222E+00  3.6274E-01
6.2875E-03  5.0780E+00  4.7152E+00  3.6275E-01
6.2900E-03  5.0730E+00  4.7102E+00  3.6275E-01
6.2925E-03  5.0683E+00  4.7056E+00  3.6275E-01
6.2950E-03  5.0633E+00  4.7005E+00  3.6275E-01
6.2975E-03  5.0582E+00  4.6955E+00  3.6275E-01
6.3000E-03  5.0533E+00  4.6906E+00  3.6275E-01
6.3025E-03  5.0483E+00  4.6856E+00  3.6275E-01
6.3050E-03  5.0439E+00  4.6812E+00  3.6275E-01
6.3075E-03  5.0386E+00  4.6758E+00  3.6276E-01
6.3100E-03  5.0337E+00  4.6710E+00  3.6276E-01
6.3125E-03  5.0292E+00  4.6664E+00  3.6276E-01
6.3150E-03  5.0261E+00  4.6633E+00  3.6276E-01
6.3175E-03  5.0202E+00  4.6575E+00  3.6276E-01
6.3200E-03  5.0172E+00  4.6545E+00  3.6276E-01
6.3225E-03  5.0093E+00  4.6465E+00  3.6276E-01
6.3250E-03  5.0044E+00  4.6416E+00  3.6276E-01
6.3275E-03  4.9995E+00  4.6368E+00  3.6277E-01
6.3300E-03  4.9953E+00  4.6326E+00  3.6277E-01
6.3325E-03  4.9898E+00  4.6270E+00  3.6277E-01
6.3350E-03  4.9849E+00  4.6222E+00  3.6277E-01
6.3375E-03  4.9801E+00  4.6174E+00  3.6277E-01
6.3400E-03  4.9768E+00  4.6140E+00  3.6277E-01
6.3425E-03  4.9737E+00  4.6109E+00  3.6277E-01
6.3450E-03  4.9666E+00  4.6038E+00  3.6277E-01
6.3475E-03  4.9607E+00  4.5980E+00  3.6278E-01
6.3500E-03  4.9559E+00  4.5931E+00  3.6278E-01
6.3525E-03  4.9514E+00  4.5887E+00  3.6278E-01
6.3550E-03  4.9463E+00  4.5835E+00  3.6278E-01
6.3575E-03  4.9430E+00  4.5802E+00  3.6278E-01
6.3600E-03  4.9367E+00  4.5739E+00  3.6278E-01
6.3625E-03  4.9319E+00  4.5691E+00  3.6278E-01
6.3650E-03  4.9272E+00  4.5644E+00  3.6278E-01
6.3675E-03  4.9289E+00  4.5661E+00  3.6278E-01
6.3700E-03  4.9207E+00  4.5579E+00  3.6279E-01
6.3725E-03  4.9129E+00  4.5501E+00  3.6279E-01
6.3750E-03  4.9082E+00  4.5454E+00  3.6279E-01
6.3775E-03  4.9058E+00  4.5430E+00  3.6279E-01
6.3800E-03  4.8995E+00  4.5367E+00  3.6279E-01
6.3825E-03  4.8941E+00  4.5313E+00  3.6279E-01
6.3850E-03  4.8953E+00  4.5325E+00  3.6279E-01
6.3875E-03  4.8850E+00  4.5222E+00  3.6279E-01
6.3900E-03  4.8802E+00  4.5174E+00  3.6280E-01
6.3925E-03  4.8749E+00  4.5121E+00  3.6280E-01
6.3950E-03  4.8700E+00  4.5072E+00  3.6280E-01
6.3975E-03  4.8657E+00  4.5029E+00  3.6280E-01
6.4000E-03  4.8605E+00  4.4977E+00  3.6280E-01
6.4025E-03  4.8565E+00  4.4937E+00  3.6280E-01
6.4050E-03  4.8612E+00  4.4984E+00  3.6280E-01
6.4075E-03  4.8470E+00  4.4842E+00  3.6280E-01
6.4100E-03  4.8416E+00  4.4788E+00  3.6281E-01
6.4125E-03  4.8369E+00  4.4741E+00  3.6281E-01
6.4150E-03  4.8323E+00  4.4695E+00  3.6281E-01
6.4175E-03  4.8275E+00  4.4647E+00  3.6281E-01
6.4200E-03  4.8230E+00  4.4601E+00  3.6281E-01
6.4225E-03  4.8256E+00  4.4628E+00  3.6281E-01
6.4250E-03  4.8173E+00  4.4545E+00  3.6281E-01
6.4275E-03  4.8094E+00  4.4466E+00  3.6281E-01
6.4300E-03  4.8041E+00  4.4413E+00  3.6281E-01
6.4325E-03  4.8010E+00  4.4382E+00  3.6282E-01
6.4350E-03  4.7954E+00  4.4326E+00  3.6282E-01
6.4375E-03  4.7909E+00  4.4281E+00  3.6282E-01
6.4400E-03  4.8148E+00  4.4520E+00  3.6282E-01
6.4425E-03  4.7809E+00  4.4181E+00  3.6282E-01
6.4450E-03  4.7761E+00  4.4133E+00  3.6282E-01
6.4475E-03  4.7714E+00  4.4086E+00  3.6282E-01
6.4500E-03  4.7671E+00  4.4043E+00  3.6282E-01
6.4525E-03  4.7621E+00  4.3992E+00  3.6283E-01
6.4550E-03  4.7576E+00  4.3948E+00  3.6283E-01
6.4575E-03  4.7528E+00  4.3900E+00  3.6283E-01
6.4600E-03  4.7484E+00  4.3856E+00  3.6283E-01
6.4625E-03  4.7502E+00  4.3874E+00  3.6283E-01
6.4650E-03  4.7404E+00  4.3776E+00  3.6283E-01
6.4675E-03  4.7343E+00  4.3715E+00  3.6283E-01
6.4700E-03  4.7300E+00  4.3671E+00  3.6283E-01
6.4725E-03  4.7253E+00  4.3625E+00  3.6283E-01
6.4750E-03  4.7277E+00  4.3649E+00  3.6284E-01
6.4775E-03  4.7162E+00  4.3533E+00  3.6284E-01
6.4800E-03  4.7115E+00  4.3486E+00  3.6284E-01
6.4825E-03  4.7068E+00  4.3440E+00  3.6284E-01
6.4850E-03  4.7022E+00  4.3394E+00  3.6284E-01
6.4875E-03  4.6976E+00  4.3348E+00  3.6284E-01
6.4900E-03  4.6930E+00  4.3302E+00  3.6284E-01
6.4925E-03  4.6886E+00  4.3257E+00  3.6284E-01
6.4950E-03  4.6839E+00  4.3211E+00  3.6284E-01
6.4975E-03  4.6805E+00  4.3177E+00  3.6285E-01
6.5000E-03  4.6752E+00  4.3123E+00  3.6285E-01
6.5025E-03  4.6705E+00  4.3077E+00  3.6285E-01
6.5050E-03  4.6657E+00  4.3029E+00  3.6285E-01
6.5075E-03  4.6611E+00  4.2982E+00  3.6285E-01
6.5100E-03  4.6566E+00  4.2938E+00  3.6285E-01
6.5125E-03  4.6519E+00  4.2891E+00  3.6285E-01
6.5150E-03  4.6473E+00  4.2845E+00  3.6285E-01
6.5175E-03  4.6428E+00  4.2800E+00  3.6285E-01
6.5200E-03  4.6382E+00  4.2754E+00  3.6286E-01
6.5225E-03  4.6351E+00  4.2722E+00  3.6286E-01
6.5250E-03  4.6298E+00  4.2670E+00  3.6286E-01
6.5275E-03  4.6247E+00  4.2618E+00  3.6286E-01
6.5300E-03  4.6201E+00  4.2573E+00  3.6286E-01
6.5325E-03  4.6158E+00  4.2529E+00  3.6286E-01
6.5350E-03  4.6111E+00  4.2482E+00  3.6286E-01
6.5375E-03  4.6065E+00  4.2436E+00  3.6286E-01
6.5400E-03  4.6022E+00  4.2393E+00  3.6287E-01
6.5425E-03  4.5996E+00  4.2367E+00  3.6287E-01
6.5450E-03  4.5933E+00  4.2304E+00  3.6287E-01
6.5475E-03  4.5890E+00  4.2261E+00  3.6287E-01
6.5500E-03  4.5839E+00  4.2210E+00  3.6287E-01
6.5525E-03  4.5794E+00  4.2165E+00  3.6287E-01
6.5550E-03  4.5769E+00  4.2140E+00  3.6287E-01
6.5575E-03  4.5704E+00  4.2075E+00  3.6287E-01
6.5600E-03  4.5669E+00  4.2040E+00  3.6287E-01
6.5625E-03  4.5614E+00  4.1985E+00  3.6288E-01
6.5650E-03  4.5574E+00  4.1945E+00  3.6288E-01
6.5675E-03  4.5525E+00  4.1896E+00  3.6288E-01
6.5700E-03  4.5479E+00  4.1850E+00  3.6288E-01
6.5725E-03  4.5436E+00  4.1807E+00  3.6288E-01
6.5750E-03  4.5390E+00  4.1761E+00  3.6288E-01
6.5775E-03  4.5351E+00  4.1722E+00  3.6288E-01
6.5800E-03  4.5302E+00  4.1673E+00  3.6288E-01
6.5825E-03  4.5256E+00  4.1627E+00  3.6288E-01
6.5850E-03  4.5212E+00  4.1583E+00  3.6289E-01
6.5875E-03  4.5180E+00  4.1552E+00  3.6289E-01
6.5900E-03  4.5123E+00  4.1494E+00  3.6289E-01
6.5925E-03  4.5104E+00  4.1475E+00  3.6289E-01
6.5950E-03  4.5034E+00  4.1405E+00  3.6289E-01
6.5975E-03  4.5084E+00  4.1456E+00  3.6289E-01
6.6000E-03  4.4947E+00  4.1318E+00  3.6289E-01
6.6025E-03  4.4954E+00  4.1325E+00  3.6289E-01
6.6050E-03  4.4860E+00  4.1231E+00  3.6289E-01
6.6075E-03  4.4822E+00  4.1193E+00  3.6289E-01
6.6100E-03  4.4774E+00  4.1145E+00  3.6290E-01
6.6125E-03  4.4731E+00  4.1102E+00  3.6290E-01
6.6150E-03  4.4721E+00  4.1092E+00  3.6290E-01
6.6175E-03  4.4635E+00  4.1006E+00  3.6290E-01
6.6200E-03  4.4609E+00  4.0980E+00  3.6290E-01
6.6225E-03  4.4548E+00  4.0919E+00  3.6290E-01
6.6250E-03  4.4500E+00  4.0871E+00  3.6290E-01
6.6275E-03  4.4457E+00  4.0828E+00  3.6290E-01
6.6300E-03  4.4433E+00  4.0804E+00  3.6290E-01
6.6325E-03  4.4368E+00  4.0739E+00  3.6291E-01
6.6350E-03  4.4466E+00  4.0837E+00  3.6291E-01
6.6375E-03  4.4281E+00  4.0652E+00  3.6291E-01
6.6400E-03  4.4290E+00  4.0661E+00  3.6291E-01
6.6425E-03  4.4202E+00  4.0573E+00  3.6291E-01
6.6450E-03  4.4209E+00  4.0580E+00  3.6291E-01
6.6475E-03  4.4128E+00  4.0499E+00  3.6291E-01
6.6500E-03  4.4062E+00  4.0433E+00  3.6291E-01
6.6525E-03  4.4029E+00  4.0400E+00  3.6291E-01
6.6550E-03  4.3980E+00  4.0351E+00  3.6292E-01
6.6575E-03  4.4140E+00  4.0511E+00  3.6292E-01
6.6600E-03  4.3886E+00  4.0257E+00  3.6292E-01
6.6625E-03  4.3842E+00  4.0212E+00  3.6292E-01
6.6650E-03  4.3812E+00  4.0183E+00  3.6292E-01
6.6675E-03  4.3757E+00  4.0128E+00  3.6292E-01
6.6700E-03  4.3802E+00  4.0172E+00  3.6292E-01
6.6725E-03  4.3673E+00  4.0044E+00  3.6292E-01
6.6750E-03  4.3639E+00  4.0010E+00  3.6292E-01
6.6775E-03  4.3581E+00  3.9952E+00  3.6292E-01
6.6800E-03  4.3541E+00  3.9911E+00  3.6293E-01
6.6825E-03  4.3512E+00  3.9883E+00  3.6293E-01
6.6850E-03  4.3454E+00  3.9825E+00  3.6293E-01
6.6875E-03  4.3583E+00  3.9954E+00  3.6293E-01
6.6900E-03  4.3367E+00  3.9737E+00  3.6293E-01
6.6925E-03  4.3331E+00  3.9702E+00  3.6293E-01
6.6950E-03  4.3296E+00  3.9666E+00  3.6293E-01
6.6975E-03  4.3234E+00  3.9605E+00  3.6293E-01
6.7000E-03  4.3490E+00  3.9861E+00  3.6293E-01
6.7025E-03  4.3165E+00  3.9536E+00  3.6294E-01
6.7050E-03  4.3100E+00  3.9471E+00  3.6294E-01
6.7075E-03  4.3058E+00  3.9428E+00  3.6294E-01
6.7100E-03  4.3015E+00  3.9385E+00  3.6294E-01
6.7125E-03  4.2970E+00  3.9340E+00  3.6294E-01
6.7150E-03  4.2927E+00  3.9297E+00  3.6294E-01
6.7175E-03  4.3139E+00  3.9509E+00  3.6294E-01
6.7200E-03  4.2842E+00  3.9212E+00  3.6294E-01
6.7225E-03  4.2815E+00  3.9186E+00  3.6294E-01
6.7250E-03  4.2808E+00  3.9178E+00  3.6294E-01
6.7275E-03  4.2715E+00  3.9086E+00  3.6295E-01
6.7300E-03  4.2686E+00  3.9056E+00  3.6295E-01
6.7325E-03  4.2647E+00  3.9017E+00  3.6295E-01
6.7350E-03  4.2582E+00  3.8952E+00  3.6295E-01
6.7375E-03  4.2538E+00  3.8909E+00  3.6295E-01
6.7400E-03  4.2499E+00  3.8870E+00  3.6295E-01
6.7425E-03  4.2453E+00  3.8824E+00  3.6295E-01
6.7450E-03  4.2410E+00  3.8781E+00  3.6295E-01
6.7475E-03  4.2367E+00  3.8737E+00  3.6295E-01
6.7500E-03  4.2326E+00  3.8697E+00  3.6296E-01
6.7525E-03  4.2282E+00  3.8652E+00  3.6296E-01
6.7550E-03  4.2237E+00  3.8608E+00  3.6296E-01
6.7575E-03  4.2194E+00  3.8565E+00  3.6296E-01
6.7600E-03  4.2199E+00  3.8569E+00  3.6296E-01
6.7625E-03  4.2433E+00  3.8804E+00  3.6296E-01
6.7650E-03  4.2110E+00  3.8480E+00  3.6296E-01
6.7675E-03  4.2027E+00  3.8398E+00  3.6296E-01
6.7700E-03  4.1996E+00  3.8367E+00  3.6296E-01
6.7725E-03  4.1955E+00  3.8325E+00  3.6296E-01
6.7750E-03  4.2087E+00  3.8457E+00  3.6297E-01
6.7775E-03  4.1889E+00  3.8260E+00  3.6297E-01
6.7800E-03  4.1826E+00  3.8197E+00  3.6297E-01
6.7825E-03  4.1778E+00  3.8148E+00  3.6297E-01
6.7850E-03  4.1844E+00  3.8214E+00  3.6297E-01
6.7875E-03  4.1685E+00  3.8055E+00  3.6297E-01
6.7900E-03  4.1740E+00  3.8110E+00  3.6297E-01
6.7925E-03  4.1605E+00  3.7975E+00  3.6297E-01
6.7950E-03  4.1563E+00  3.7933E+00  3.6297E-01
6.7975E-03  4.1545E+00  3.7916E+00  3.6297E-01
6.8000E-03  4.1515E+00  3.7885E+00  3.6298E-01
6.8025E-03  4.1471E+00  3.7842E+00  3.6298E-01
6.8050E-03  4.1387E+00  3.7757E+00  3.6298E-01
6.8075E-03  4.1406E+00  3.7777E+00  3.6298E-01
6.8100E-03  4.1338E+00  3.7708E+00  3.6298E-01
6.8125E-03  4.1373E+00  3.7744E+00  3.6298E-01
6.8150E-03  4.1246E+00  3.7616E+00  3.6298E-01
6.8175E-03  4.1204E+00  3.7574E+00  3.6298E-01
6.8200E-03  4.1132E+00  3.7503E+00  3.6298E-01
6.8225E-03  4.1160E+00  3.7530E+00  3.6298E-01
6.8250E-03  4.1070E+00  3.7440E+00  3.6299E-01
6.8275E-03  4.1023E+00  3.7394E+00  3.6299E-01
6.8300E-03  4.0961E+00  3.7331E+00  3.6299E-01
6.8325E-03  4.0921E+00  3.7291E+00  3.6299E-01
6.8350E-03  4.0883E+00  3.7253E+00  3.6299E-01
6.8375E-03  4.0838E+00  3.7209E+00  3.6299E-01
6.8400E-03  4.0795E+00  3.7165E+00  3.6299E-01
6.8425E-03  4.0781E+00  3.7152E+00  3.6299E-01
6.8450E-03  4.0841E+00  3.7211E+00  3.6299E-01
6.8475E-03  4.1532E+00  3.7902E+00  3.6299E-01
6.8500E-03  4.0687E+00  3.7057E+00  3.6300E-01
6.8525E-03  4.0610E+00  3.6980E+00  3.6300E-01
6.8550E-03  4.0548E+00  3.6918E+00  3.6300E-01
6.8575E-03  4.0514E+00  3.6884E+00  3.6300E-01
6.8600E-03  4.0651E+00  3.7021E+00  3.6300E-01
6.8625E-03  4.0441E+00  3.6811E+00  3.6300E-01
6.8650E-03  4.0386E+00  3.6756E+00  3.6300E-01
6.8675E-03  4.0363E+00  3.6733E+00  3.6300E-01
6.8700E-03  4.0298E+00  3.6668E+00  3.6300E-01
6.8725E-03  4.0255E+00  3.6625E+00  3.6300E-01
6.8750E-03  4.0257E+00  3.6627E+00  3.6300E-01
6.8775E-03  4.0175E+00  3.6545E+00  3.6301E-01
6.8800E-03  4.0133E+00  3.6503E+00  3.6301E-01
6.8825E-03  4.0093E+00  3.6463E+00  3.6301E-01
6.8850E-03  4.0056E+00  3.6426E+00  3.6301E-01
6.8875E-03  4.0020E+00  3.6390E+00  3.6301E-01
6.8900E-03  3.9974E+00  3.6344E+00  3.6301E-01
6.8925E-03  3.9984E+00  3.6354E+00  3.6301E-01
6.8950E-03  3.9898E+00  3.6268E+00  3.6301E-01
6.8975E-03  3.9869E+00  3.6239E+00  3.6301E-01
6.9000E-03  3.9849E+00  3.6218E+00  3.6301E-01
6.9025E-03  3.9781E+00  3.6151E+00  3.6302E-01
6.9050E-03  3.9741E+00  3.6111E+00  3.6302E-01
6.9075E-03  3.9699E+00  3.6069E+00  3.6302E-01
6.9100E-03  3.9673E+00  3.6043E+00  3.6302E-01
6.9125E-03  4.0108E+00  3.6478E+00  3.6302E-01
6.9150E-03  3.9582E+00  3.5952E+00  3.6302E-01
6.9175E-03  3.9543E+00  3.5913E+00  3.6302E-01
6.9200E-03  3.9505E+00  3.5874E+00  3.6302E-01
6.9225E-03  3.9467E+00  3.5837E+00  3.6302E-01
6.9250E-03  3.9434E+00  3.5804E+00  3.6302E-01
6.9275E-03  3.9391E+00  3.5761E+00  3.6303E-01
6.9300E-03  3.9352E+00  3.5722E+00  3.6303E-01
6.9325E-03  3.9314E+00  3.5684E+00  3.6303E-01
6.9350E-03  3.9312E+00  3.5682E+00  3.6303E-01
6.9375E-03  3.9238E+00  3.5608E+00  3.6303E-01
6.9400E-03  3.9201E+00  3.5570E+00  3.6303E-01
6.9425E-03  3.9163E+00  3.5533E+00  3.6303E-01
6.9450E-03  3.9126E+00  3.5495E+00  3.6303E-01
6.9475E-03  3.9090E+00  3.5460E+00  3.6303E-01
6.9500E-03  3.9053E+00  3.5422E+00  3.6303E-01
6.9525E-03  3.9019E+00  3.5389E+00  3.6303E-01
6.9550E-03  3.8985E+00  3.5355E+00  3.6304E-01
6.9575E-03  3.8942E+00  3.5312E+00  3.6304E-01
6.9600E-03  3.8905E+00  3.5275E+00  3.6304E-01
6.9625E-03  3.8867E+00  3.5237E+00  3.6304E-01
6.9650E-03  3.8832E+00  3.5201E+00  3.6304E-01
6.9675E-03  3.8796E+00  3.5165E+00  3.6304E-01
6.9700E-03  3.8760E+00  3.5130E+00  3.6304E-01
6.9725E-03  3.8899E+00  3.5269E+00  3.6304E-01
6.9750E-03  3.8721E+00  3.5090E+00  3.6304E-01
6.9775E-03  3.8653E+00  3.5023E+00  3.6304E-01
6.9800E-03  3.8613E+00  3.4982E+00  3.6304E-01
6.9825E-03  3.8578E+00  3.4948E+00  3.6305E-01
6.9850E-03  3.8550E+00  3.4919E+00  3.6305E-01
6.9875E-03  3.8598E+00  3.4968E+00  3.6305E-01
6.9900E-03  3.8483E+00  3.4853E+00  3.6305E-01
6.9925E-03  3.8484E+00  3.4854E+00  3.6305E-01
6.9950E-03  3.8399E+00  3.4769E+00  3.6305E-01
6.9975E-03  3.8376E+00  3.4746E+00  3.6305E-01
7.0000E-03  3.8335E+00  3.4704E+00  3.6305E-01
7.0025E-03  3.8296E+00  3.4665E+00  3.6305E-01
7.0050E-03  3.8274E+00  3.4643E+00  3.6305E-01
7.0075E-03  3.8226E+00  3.4595E+00  3.6306E-01
7.0100E-03  3.8186E+00  3.4555E+00  3.6306E-01
7.0125E-03  3.8153E+00  3.4522E+00  3.6306E-01
7.0150E-03  3.8117E+00  3.4487E+00  3.6306E-01
7.0175E-03  3.8081E+00  3.4450E+00  3.6306E-01
7.0200E-03  3.8046E+00  3.4415E+00  3.6306E-01
7.0225E-03  3.8012E+00  3.4381E+00  3.6306E-01
7.0250E-03  3.7978E+00  3.4347E+00  3.6306E-01
7.0275E-03  3.7948E+00  3.4317E+00  3.6306E-01
7.0300E-03  3.7944E+00  3.4314E+00  3.6306E-01
7.0325E-03  3.7873E+00  3.4243E+00  3.6306E-01
7.0350E-03  3.7840E+00  3.4209E+00  3.6306E-01
7.0375E-03  3.7813E+00  3.4182E+00  3.6307E-01
7.0400E-03  3.7771E+00  3.4141E+00  3.6307E-01
7.0425E-03  3.7738E+00  3.4108E+00  3.6307E-01
7.0450E-03  3.7710E+00  3.4079E+00  3.6307E-01
7.0475E-03  3.7677E+00  3.4046E+00  3.6307E-01
7.0500E-03  3.7647E+00  3.4017E+00  3.6307E-01
7.0525E-03  3.7669E+00  3.4039E+00  3.6307E-01
7.0550E-03  3.7571E+00  3.3940E+00  3.6307E-01
7.0575E-03  3.7536E+00  3.3906E+00  3.6307E-01
7.0600E-03  3.7508E+00  3.3877E+00  3.6307E-01
7.0625E-03  3.7519E+00  3.3888E+00  3.6307E-01
7.0650E-03  3.7515E+00  3.3884E+00  3.6308E-01
7.0675E-03  3.7422E+00  3.3791E+00  3.6308E-01
7.0700E-03  3.7387E+00  3.3756E+00  3.6308E-01
7.0725E-03  3.7347E+00  3.3716E+00  3.6308E-01
7.0750E-03  3.7950E+00  3.4320E+00  3.6308E-01
7.0775E-03  3.7349E+00  3.3718E+00  3.6308E-01
7.0800E-03  4.0098E+00  3.6468E+00  3.6308E-01
7.0825E-03  3.7335E+00  3.3704E+00  3.6308E-01
7.0850E-03  3.7179E+00  3.3548E+00  3.6308E-01
7.0875E-03  3.7142E+00  3.3512E+00  3.6308E-01
7.0900E-03  3.7118E+00  3.3488E+00  3.6308E-01
7.0925E-03  3.7115E+00  3.3484E+00  3.6309E-01
7.0950E-03  3.7041E+00  3.3410E+00  3.6309E-01
7.0975E-03  3.7007E+00  3.3376E+00  3.6309E-01
7.1000E-03  3.7039E+00  3.3408E+00  3.6309E-01
7.1025E-03  3.6957E+00  3.3326E+00  3.6309E-01
7.1050E-03  3.6910E+00  3.3279E+00  3.6309E-01
7.1075E-03  3.6917E+00  3.3286E+00  3.6309E-01
7.1100E-03  3.6852E+00  3.3221E+00  3.6309E-01
7.1125E-03  3.6872E+00  3.3241E+00  3.6309E-01
7.1150E-03  3.6786E+00  3.3155E+00  3.6309E-01
7.1175E-03  3.6798E+00  3.3167E+00  3.6309E-01
7.1200E-03  3.6921E+00  3.3290E+00  3.6309E-01
7.1225E-03  3.6687E+00  3.3056E+00  3.6310E-01
7.1250E-03  3.6740E+00  3.3109E+00  3.6310E-01
7.1275E-03  3.6629E+00  3.2998E+00  3.6310E-01
7.1300E-03  3.6649E+00  3.3018E+00  3.6310E-01
7.1325E-03  3.6566E+00  3.2935E+00  3.6310E-01
7.1350E-03  3.6549E+00  3.2918E+00  3.6310E-01
7.1375E-03  3.6513E+00  3.2882E+00  3.6310E-01
7.1400E-03  3.6467E+00  3.2836E+00  3.6310E-01
7.1425E-03  3.6480E+00  3.2849E+00  3.6310E-01
7.1450E-03  3.6402E+00  3.2771E+00  3.6310E-01
7.1475E-03  3.6690E+00  3.3059E+00  3.6310E-01
7.1500E-03  3.6340E+00  3.2708E+00  3.6311E-01
7.1525E-03  3.6319E+00  3.2688E+00  3.6311E-01
7.1550E-03  3.6290E+00  3.2659E+00  3.6311E-01
7.1575E-03  3.6256E+00  3.2625E+00  3.6311E-01
7.1600E-03  3.6255E+00  3.2624E+00  3.6311E-01
7.1625E-03  3.6186E+00  3.2555E+00  3.6311E-01
7.1650E-03  3.6236E+00  3.2605E+00  3.6311E-01
7.1675E-03  3.6133E+00  3.2501E+00  3.6311E-01
7.1700E-03  3.6118E+00  3.2487E+00  3.6311E-01
7.1725E-03  3.6065E+00  3.2434E+00  3.6311E-01
7.1750E-03  3.6063E+00  3.2431E+00  3.6311E-01
7.1775E-03  3.6000E+00  3.2369E+00  3.6311E-01
7.1800E-03  3.5978E+00  3.2346E+00  3.6312E-01
7.1825E-03  3.5940E+00  3.2308E+00  3.6312E-01
7.1850E-03  3.5928E+00  3.2297E+00  3.6312E-01
7.1875E-03  3.5882E+00  3.2251E+00  3.6312E-01
7.1900E-03  3.5853E+00  3.2222E+00  3.6312E-01
7.1925E-03  3.5820E+00  3.2188E+00  3.6312E-01
7.1950E-03  3.5790E+00  3.2159E+00  3.6312E-01
7.1975E-03  3.5757E+00  3.2126E+00  3.6312E-01
7.2000E-03  3.5734E+00  3.2103E+00  3.6312E-01
7.2025E-03  3.5716E+00  3.2085E+00  3.6312E-01
7.2050E-03  3.5891E+00  3.2259E+00  3.6312E-01
7.2075E-03  3.5689E+00  3.2057E+00  3.6312E-01
7.2100E-03  3.9138E+00  3.5507E+00  3.6313E-01
7.2125E-03  3.5621E+00  3.1990E+00  3.6313E-01
7.2150E-03  3.5576E+00  3.1945E+00  3.6313E-01
7.2175E-03  3.5527E+00  3.1896E+00  3.6313E-01
7.2200E-03  3.5523E+00  3.1892E+00  3.6313E-01
7.2225E-03  3.5822E+00  3.2191E+00  3.6313E-01
7.2250E-03  3.5441E+00  3.1809E+00  3.6313E-01
7.2275E-03  3.5402E+00  3.1770E+00  3.6313E-01
7.2300E-03  3.5370E+00  3.1738E+00  3.6313E-01
7.2325E-03  3.5340E+00  3.1709E+00  3.6313E-01
7.2350E-03  3.5310E+00  3.1678E+00  3.6313E-01
7.2375E-03  3.5281E+00  3.1649E+00  3.6313E-01
7.2400E-03  3.5252E+00  3.1620E+00  3.6314E-01
7.2425E-03  3.5224E+00  3.1592E+00  3.6314E-01
7.2450E-03  3.5199E+00  3.1568E+00  3.6314E-01
7.2475E-03  3.5200E+00  3.1569E+00  3.6314E-01
7.2500E-03  3.5163E+00  3.1532E+00  3.6314E-01
7.2525E-03  3.5193E+00  3.1561E+00  3.6314E-01
7.2550E-03  3.5830E+00  3.2198E+00  3.6314E-01
7.2575E-03  3.5082E+00  3.1451E+00  3.6314E-01
7.2600E-03  3.5050E+00  3.1419E+00  3.6314E-01
7.2625E-03  1.5650E+01  1.5287E+01  3.6314E-01
7.2650E-03  3.5072E+00  3.1440E+00  3.6314E-01
7.2675E-03  3.4980E+00  3.1349E+00  3.6314E-01
7.2700E-03  3.4911E+00  3.1280E+00  3.6315E-01
7.2725E-03  3.4879E+00  3.1247E+00  3.6315E-01
7.2750E-03  3.4849E+00  3.1218E+00  3.6315E-01
7.2775E-03  3.4953E+00  3.1322E+00  3.6315E-01
7.2800E-03  3.4787E+00  3.1155E+00  3.6315E-01
7.2825E-03  3.4761E+00  3.1129E+00  3.6315E-01
7.2850E-03  3.4738E+00  3.1107E+00  3.6315E-01
7.2875E-03  3.4702E+00  3.1070E+00  3.6315E-01
7.2900E-03  3.4709E+00  3.1078E+00  3.6315E-01
7.2925E-03  3.4646E+00  3.1014E+00  3.6315E-01
7.2950E-03  3.4620E+00  3.0989E+00  3.6315E-01
7.2975E-03  3.4658E+00  3.1027E+00  3.6315E-01
7.3000E-03  3.4571E+00  3.0940E+00  3.6316E-01
7.3025E-03  3.4584E+00  3.0953E+00  3.6316E-01
7.3050E-03  3.4505E+00  3.0873E+00  3.6316E-01
7.3075E-03  3.4529E+00  3.0897E+00  3.6316E-01
7.3100E-03  3.4446E+00  3.0815E+00  3.6316E-01
7.3125E-03  3.4421E+00  3.0790E+00  3.6316E-01
7.3150E-03  3.4433E+00  3.0801E+00  3.6316E-01
7.3175E-03  3.4376E+00  3.0744E+00  3.6316E-01
7.3200E-03  3.4337E+00  3.0705E+00  3.6316E-01
7.3225E-03  3.4308E+00  3.0676E+00  3.6316E-01
7.3250E-03  3.5650E+00  3.2018E+00  3.6316E-01
7.3275E-03  3.4254E+00  3.0623E+00  3.6316E-01
7.3300E-03  3.4227E+00  3.0595E+00  3.6317E-01
7.3325E-03  3.4281E+00  3.0649E+00  3.6317E-01
7.3350E-03  3.4187E+00  3.0555E+00  3.6317E-01
7.3375E-03  3.4165E+00  3.0534E+00  3.6317E-01
7.3400E-03  3.4159E+00  3.0527E+00  3.6317E-01
7.3425E-03  3.4663E+00  3.1031E+00  3.6317E-01
7.3450E-03  3.4069E+00  3.0437E+00  3.6317E-01
7.3475E-03  3.4049E+00  3.0417E+00  3.6317E-01
7.3500E-03  3.4089E+00  3.0457E+00  3.6317E-01
7.3525E-03  3.3986E+00  3.0355E+00  3.6317E-01
7.3550E-03  3.4069E+00  3.0437E+00  3.6317E-01
7.3575E-03  3.3920E+00  3.0288E+00  3.6317E-01
7.3600E-03  3.4692E+00  3.1060E+00  3.6317E-01
7.3625E-03  3.3867E+00  3.0235E+00  3.6318E-01
7.3650E-03  3.3836E+00  3.0204E+00  3.6318E-01
7.3675E-03  3.3809E+00  3.0177E+00  3.6318E-01
7.3700E-03  3.3783E+00  3.0151E+00  3.6318E-01
7.3725E-03  3.3965E+00  3.0334E+00  3.6318E-01
7.3750E-03  3.3737E+00  3.0105E+00  3.6318E-01
7.3775E-03  3.3702E+00  3.0071E+00  3.6318E-01
7.3800E-03  3.3677E+00  3.0045E+00  3.6318E-01
7.3825E-03  3.3653E+00  3.0021E+00  3.6318E-01
7.3850E-03  3.3620E+00  2.9988E+00  3.6318E-01
7.3875E-03  3.3593E+00  2.9962E+00  3.6318E-01
7.3900E-03  3.3588E+00  2.9956E+00  3.6318E-01
7.3925E-03  3.3544E+00  2.9912E+00  3.6318E-01
7.3950E-03  3.3512E+00  2.9880E+00  3.6319E-01
7.3975E-03  3.3650E+00  3.0018E+00  3.6319E-01
7.4000E-03  3.3475E+00  2.9843E+00  3.6319E-01
7.4025E-03  3.3464E+00  2.9832E+00  3.6319E-01
7.4050E-03  3.3422E+00  2.9790E+00  3.6319E-01
7.4075E-03  3.3398E+00  2.9766E+00  3.6319E-01
7.4100E-03  3.3397E+00  2.9766E+00  3.6319E-01
7.4125E-03  3.3338E+00  2.9706E+00  3.6319E-01
7.4150E-03  3.3327E+00  2.9695E+00  3.6319E-01
7.4175E-03  3.3317E+00  2.9685E+00  3.6319E-01
7.4200E-03  3.3245E+00  2.9613E+00  3.6319E-01
7.4225E-03  3.3217E+00  2.9585E+00  3.6319E-01
7.4250E-03  3.3215E+00  2.9583E+00  3.6319E-01
7.4275E-03  3.3165E+00  2.9533E+00  3.6320E-01
7.4300E-03  3.3137E+00  2.9505E+00  3.6320E-01
7.4325E-03  3.3118E+00  2.9486E+00  3.6320E-01
7.4350E-03  3.3087E+00  2.9455E+00  3.6320E-01
7.4375E-03  3.3108E+00  2.9476E+00  3.6320E-01
7.4400E-03  3.3077E+00  2.9445E+00  3.6320E-01
7.4425E-03  3.3006E+00  2.9374E+00  3.6320E-01
7.4450E-03  3.2982E+00  2.9350E+00  3.6320E-01
7.4475E-03  3.2969E+00  2.9337E+00  3.6320E-01
7.4500E-03  3.2929E+00  2.9297E+00  3.6320E-01
7.4525E-03  3.2945E+00  2.9313E+00  3.6320E-01
7.4550E-03  3.3473E+00  2.9841E+00  3.6320E-01
7.4575E-03  3.2853E+00  2.9221E+00  3.6320E-01
7.4600E-03  3.2883E+00  2.9251E+00  3.6321E-01
7.4625E-03  3.2803E+00  2.9171E+00  3.6321E-01
7.4650E-03  3.2771E+00  2.9139E+00  3.6321E-01
7.4675E-03  3.2748E+00  2.9116E+00  3.6321E-01
7.4700E-03  3.2723E+00  2.9091E+00  3.6321E-01
7.4725E-03  3.2707E+00  2.9075E+00  3.6321E-01
7.4750E-03  3.2670E+00  2.9038E+00  3.6321E-01
7.4775E-03  3.2652E+00  2.9019E+00  3.6321E-01
7.4800E-03  3.2629E+00  2.8997E+00  3.6321E-01
7.4825E-03  3.3099E+00  2.9467E+00  3.6321E-01
7.4850E-03  3.2860E+00  2.9228E+00  3.6321E-01
7.4875E-03  3.2564E+00  2.8932E+00  3.6321E-01
7.4900E-03  3.3739E+00  3.0106E+00  3.6321E-01
7.4925E-03  3.2499E+00  2.8867E+00  3.6322E-01
7.4950E-03  3.2836E+00  2.9204E+00  3.6322E-01
7.4975E-03  3.2526E+00  2.8894E+00  3.6322E-01
7.5000E-03  3.2964E+00  2.9332E+00  3.6322E-01
7.5025E-03  3.2504E+00  2.8872E+00  3.6322E-01
7.5050E-03  3.2365E+00  2.8733E+00  3.6322E-01
7.5075E-03  3.2368E+00  2.8736E+00  3.6322E-01
7.5100E-03  3.2329E+00  2.8697E+00  3.6322E-01
7.5125E-03  3.2291E+00  2.8659E+00  3.6322E-01
7.5150E-03  3.2295E+00  2.8663E+00  3.6322E-01
7.5175E-03  3.2777E+00  2.9144E+00  3.6322E-01
7.5200E-03  3.2227E+00  2.8595E+00  3.6322E-01
7.5225E-03  3.2295E+00  2.8663E+00  3.6322E-01
7.5250E-03  3.2240E+00  2.8608E+00  3.6323E-01
7.5275E-03  3.2157E+00  2.8525E+00  3.6323E-01
7.5300E-03  3.2133E+00  2.8501E+00  3.6323E-01
7.5325E-03  3.2102E+00  2.8470E+00  3.6323E-01
7.5350E-03  3.2069E+00  2.8436E+00  3.6323E-01
7.5375E-03  3.2070E+00  2.8438E+00  3.6323E-01
7.5400E-03  3.2178E+00  2.8545E+00  3.6323E-01
7.5425E-03  3.2091E+00  2.8459E+00  3.6323E-01
7.5450E-03  3.1963E+00  2.8331E+00  3.6323E-01
7.5475E-03  3.1943E+00  2.8310E+00  3.6323E-01
7.5500E-03  3.1911E+00  2.8279E+00  3.6323E-01
7.5525E-03  3.1891E+00  2.8259E+00  3.6323E-01
7.5550E-03  3.1907E+00  2.8274E+00  3.6323E-01
7.5575E-03  3.1989E+00  2.8356E+00  3.6323E-01
7.5600E-03  4.5629E+00  4.1997E+00  3.6324E-01
7.5625E-03  3.1839E+00  2.8206E+00  3.6324E-01
7.5650E-03  3.1776E+00  2.8143E+00  3.6324E-01
7.5675E-03  3.1738E+00  2.8106E+00  3.6324E-01
7.5700E-03  3.1710E+00  2.8078E+00  3.6324E-01
7.5725E-03  3.1687E+00  2.8055E+00  3.6324E-01
7.5750E-03  3.1681E+00  2.8049E+00  3.6324E-01
7.5775E-03  3.1637E+00  2.8005E+00  3.6324E-01
7.5800E-03  3.1625E+00  2.7992E+00  3.6324E-01
7.5825E-03  3.1711E+00  2.8079E+00  3.6324E-01
7.5850E-03  3.1649E+00  2.8016E+00  3.6324E-01
7.5875E-03  3.1539E+00  2.7906E+00  3.6324E-01
7.5900E-03  3.2014E+00  2.8382E+00  3.6324E-01
7.5925E-03  3.1486E+00  2.7854E+00  3.6325E-01
7.5950E-03  3.1461E+00  2.7828E+00  3.6325E-01
7.5975E-03  3.1437E+00  2.7804E+00  3.6325E-01
7.6000E-03  3.1412E+00  2.7780E+00  3.6325E-01
7.6025E-03  3.1391E+00  2.7759E+00  3.6325E-01
7.6050E-03  3.1364E+00  2.7731E+00  3.6325E-01
7.6075E-03  3.1339E+00  2.7706E+00  3.6325E-01
7.6100E-03  3.1315E+00  2.7683E+00  3.6325E-01
7.6125E-03  3.1333E+00  2.7700E+00  3.6325E-01
7.6150E-03  3.1274E+00  2.7642E+00  3.6325E-01
7.6175E-03  3.1243E+00  2.7610E+00  3.6325E-01
7.6200E-03  3.1229E+00  2.7596E+00  3.6325E-01
7.6225E-03  3.1643E+00  2.8011E+00  3.6325E-01
7.6250E-03  3.1177E+00  2.7544E+00  3.6325E-01
7.6275E-03  3.1146E+00  2.7514E+00  3.6326E-01
7.6300E-03  3.1122E+00  2.7490E+00  3.6326E-01
7.6325E-03  3.1110E+00  2.7477E+00  3.6326E-01
7.6350E-03  3.1095E+00  2.7462E+00  3.6326E-01
7.6375E-03  3.1234E+00  2.7602E+00  3.6326E-01
7.6400E-03  3.1069E+00  2.7436E+00  3.6326E-01
7.6425E-03  3.1013E+00  2.7380E+00  3.6326E-01
7.6450E-03  3.0997E+00  2.7365E+00  3.6326E-01
7.6475E-03  3.0975E+00  2.7343E+00  3.6326E-01
7.6500E-03  3.0935E+00  2.7302E+00  3.6326E-01
7.6525E-03  3.0914E+00  2.7282E+00  3.6326E-01
7.6550E-03  3.0923E+00  2.7291E+00  3.6326E-01
7.6575E-03  3.0901E+00  2.7268E+00  3.6326E-01
7.6600E-03  3.0857E+00  2.7224E+00  3.6326E-01
7.6625E-03  3.0930E+00  2.7297E+00  3.6327E-01
7.6650E-03  3.2106E+00  2.8473E+00  3.6327E-01
7.6675E-03  3.0782E+00  2.7149E+00  3.6327E-01
7.6700E-03  3.0745E+00  2.7112E+00  3.6327E-01
7.6725E-03  3.0756E+00  2.7123E+00  3.6327E-01
7.6750E-03  3.0697E+00  2.7064E+00  3.6327E-01
7.6775E-03  3.0711E+00  2.7078E+00  3.6327E-01
7.6800E-03  3.0662E+00  2.7030E+00  3.6327E-01
7.6825E-03  3.0629E+00  2.6997E+00  3.6327E-01
7.6850E-03  3.0617E+00  2.6984E+00  3.6327E-01
7.6875E-03  3.0578E+00  2.6946E+00  3.6327E-01
7.6900E-03  3.0556E+00  2.6924E+00  3.6327E-01
7.6925E-03  3.0528E+00  2.6895E+00  3.6327E-01
7.6950E-03  3.0517E+00  2.6884E+00  3.6327E-01
7.6975E-03  3.0481E+00  2.6848E+00  3.6328E-01
7.7000E-03  3.0457E+00  2.6824E+00  3.6328E-01
7.7025E-03  3.0461E+00  2.6828E+00  3.6328E-01
7.7050E-03  3.0441E+00  2.6808E+00  3.6328E-01
7.7075E-03  3.0387E+00  2.6755E+00  3.6328E-01
7.7100E-03  3.0365E+00  2.6732E+00  3.6328E-01
7.7125E-03  3.0353E+00  2.6720E+00  3.6328E-01
7.7150E-03  3.0397E+00  2.6764E+00  3.6328E-01
7.7175E-03  3.0317E+00  2.6684E+00  3.6328E-01
7.7200E-03  3.0283E+00  2.6650E+00  3.6328E-01
7.7225E-03  3.0250E+00  2.6617E+00  3.6328E-01
7.7250E-03  3.0231E+00  2.6598E+00  3.6328E-01
7.7275E-03  3.0209E+00  2.6576E+00  3.6328E-01
7.7300E-03  3.0183E+00  2.6550E+00  3.6328E-01
7.7325E-03  3.0157E+00  2.6524E+00  3.6328E-01
7.7350E-03  3.0136E+00  2.6503E+00  3.6329E-01
7.7375E-03  3.0114E+00  2.6481E+00  3.6329E-01
7.7400E-03  3.0114E+00  2.6481E+00  3.6329E-01
7.7425E-03  3.0066E+00  2.6433E+00  3.6329E-01
7.7450E-03  3.0043E+00  2.6410E+00  3.6329E-01
7.7475E-03  3.0020E+00  2.6387E+00  3.6329E-01
7.7500E-03  3.0004E+00  2.6371E+00  3.6329E-01
7.7525E-03  2.9974E+00  2.6341E+00  3.6329E-01
7.7550E-03  3.0165E+00  2.6532E+00  3.6329E-01
7.7575E-03  2.9933E+00  2.6300E+00  3.6329E-01
7.7600E-03  2.9908E+00  2.6275E+00  3.6329E-01
7.7625E-03  2.9883E+00  2.6250E+00  3.6329E-01
7.7650E-03  2.9860E+00  2.6227E+00  3.6329E-01
7.7675E-03  2.9837E+00  2.6205E+00  3.6329E-01
7.7700E-03  2.9815E+00  2.6182E+00  3.6330E-01
7.7725E-03  2.9801E+00  2.6168E+00  3.6330E-01
7.7750E-03  2.9770E+00  2.6137E+00  3.6330E-01
7.7775E-03  2.9758E+00  2.6125E+00  3.6330E-01
7.7800E-03  2.9730E+00  2.6098E+00  3.6330E-01
7.7825E-03  2.9705E+00  2.6072E+00  3.6330E-01
7.7850E-03  2.9689E+00  2.6056E+00  3.6330E-01
7.7875E-03  2.9667E+00  2.6034E+00  3.6330E-01
7.7900E-03  2.9639E+00  2.6006E+00  3.6330E-01
7.7925E-03  2.9615E+00  2.5982E+00  3.6330E-01
7.7950E-03  2.9596E+00  2.5963E+00  3.6330E-01
7.7975E-03  2.9609E+00  2.5976E+00  3.6330E-01
7.8000E-03  2.9556E+00  2.5923E+00  3.6330E-01
7.8025E-03  2.9535E+00  2.5902E+00  3.6330E-01
7.8050E-03  2.9503E+00  2.5870E+00  3.6330E-01
7.8075E-03  2.9488E+00  2.5855E+00  3.6331E-01
7.8100E-03  2.9460E+00  2.5827E+00  3.6331E-01
7.8125E-03  2.9444E+00  2.5811E+00  3.6331E-01
7.8150E-03  2.9422E+00  2.5789E+00  3.6331E-01
7.8175E-03  2.9467E+00  2.5834E+00  3.6331E-01
7.8200E-03  2.9395E+00  2.5762E+00  3.6331E-01
7.8225E-03  2.9364E+00  2.5731E+00  3.6331E-01
7.8250E-03  2.9380E+00  2.5747E+00  3.6331E-01
7.8275E-03  2.9321E+00  2.5688E+00  3.6331E-01
7.8300E-03  2.9287E+00  2.5653E+00  3.6331E-01
7.8325E-03  2.9271E+00  2.5638E+00  3.6331E-01
7.8350E-03  2.9254E+00  2.5621E+00  3.6331E-01
7.8375E-03  2.9242E+00  2.5609E+00  3.6331E-01
7.8400E-03  2.9211E+00  2.5578E+00  3.6331E-01
7.8425E-03  2.9176E+00  2.5543E+00  3.6331E-01
7.8450E-03  2.9155E+00  2.5522E+00  3.6332E-01
7.8475E-03  2.9134E+00  2.5501E+00  3.6332E-01
7.8500E-03  2.9547E+00  2.5914E+00  3.6332E-01
7.8525E-03  2.9107E+00  2.5474E+00  3.6332E-01
7.8550E-03  2.1460E+02  2.1424E+02  3.6332E-01
7.8575E-03  2.9065E+00  2.5432E+00  3.6332E-01
7.8600E-03  2.9025E+00  2.5392E+00  3.6332E-01
7.8625E-03  2.9012E+00  2.5378E+00  3.6332E-01
7.8650E-03  2.8998E+00  2.5365E+00  3.6332E-01
7.8675E-03  2.9189E+00  2.5555E+00  3.6332E-01
7.8700E-03  2.8954E+00  2.5321E+00  3.6332E-01
7.8725E-03  2.8914E+00  2.5281E+00  3.6332E-01
7.8750E-03  2.8895E+00  2.5261E+00  3.6332E-01
7.8775E-03  2.8868E+00  2.5235E+00  3.6332E-01
7.8800E-03  2.8846E+00  2.5212E+00  3.6332E-01
7.8825E-03  2.8830E+00  2.5197E+00  3.6333E-01
7.8850E-03  2.8803E+00  2.5170E+00  3.6333E-01
7.8875E-03  2.8782E+00  2.5149E+00  3.6333E-01
7.8900E-03  2.8761E+00  2.5128E+00  3.6333E-01
7.8925E-03  2.8739E+00  2.5105E+00  3.6333E-01
7.8950E-03  2.8725E+00  2.5092E+00  3.6333E-01
7.8975E-03  2.8700E+00  2.5066E+00  3.6333E-01
7.9000E-03  2.8678E+00  2.5045E+00  3.6333E-01
7.9025E-03  2.8756E+00  2.5122E+00  3.6333E-01
7.9050E-03  2.8657E+00  2.5024E+00  3.6333E-01
7.9075E-03  2.8739E+00  2.5106E+00  3.6333E-01
7.9100E-03  2.8784E+00  2.5151E+00  3.6333E-01
7.9125E-03  2.8598E+00  2.4964E+00  3.6333E-01
7.9150E-03  2.8745E+00  2.5111E+00  3.6333E-01
7.9175E-03  2.8534E+00  2.4900E+00  3.6333E-01
7.9200E-03  2.8630E+00  2.4997E+00  3.6333E-01
7.9225E-03  2.8615E+00  2.4981E+00  3.6334E-01
7.9250E-03  2.8467E+00  2.4834E+00  3.6334E-01
7.9275E-03  2.8448E+00  2.4815E+00  3.6334E-01
7.9300E-03  2.8426E+00  2.4792E+00  3.6334E-01
7.9325E-03  2.8412E+00  2.4779E+00  3.6334E-01
7.9350E-03  2.8393E+00  2.4760E+00  3.6334E-01
7.9375E-03  2.8356E+00  2.4722E+00  3.6334E-01
7.9400E-03  2.8346E+00  2.4712E+00  3.6334E-01
7.9425E-03  2.8322E+00  2.4688E+00  3.6334E-01
7.9450E-03  2.8297E+00  2.4664E+00  3.6334E-01
7.9475E-03  2.8287E+00  2.4654E+00  3.6334E-01
7.9500E-03  2.8252E+00  2.4619E+00  3.6334E-01
7.9525E-03  2.8239E+00  2.4606E+00  3.6334E-01
7.9550E-03  2.8220E+00  2.4587E+00  3.6334E-01
7.9575E-03  2.8204E+00  2.4571E+00  3.6334E-01
7.9600E-03  2.8278E+00  2.4644E+00  3.6335E-01
7.9625E-03  2.8160E+00  2.4526E+00  3.6335E-01
7.9650E-03  2.8154E+00  2.4520E+00  3.6335E-01
7.9675E-03  2.8106E+00  2.4473E+00  3.6335E-01
7.9700E-03  2.8114E+00  2.4481E+00  3.6335E-01
7.9725E-03  2.8161E+00  2.4527E+00  3.6335E-01
7.9750E-03  2.8102E+00  2.4468E+00  3.6335E-01
7.9775E-03  2.8040E+00  2.4406E+00  3.6335E-01
7.9800E-03  2.8004E+00  2.4371E+00  3.6335E-01
7.9825E-03  2.8008E+00  2.4374E+00  3.6335E-01
7.9850E-03  2.8201E+00  2.4568E+00  3.6335E-01
7.9875E-03  2.7970E+00  2.4336E+00  3.6335E-01
7.9900E-03  2.7924E+00  2.4290E+00  3.6335E-01
7.9925E-03  2.7896E+00  2.4262E+00  3.6335E-01
7.9950E-03  2.7877E+00  2.4243E+00  3.6335E-01
7.9975E-03  2.7887E+00  2.4253E+00  3.6335E-01
8.0000E-03  2.7839E+00  2.4205E+00  3.6336E-01
8.0025E-03  2.7828E+00  2.4194E+00  3.6336E-01
8.0050E-03  2.7794E+00  2.4161E+00  3.6336E-01
8.0075E-03  2.7771E+00  2.4138E+00  3.6336E-01
8.0100E-03  2.7751E+00  2.4117E+00  3.6336E-01
8.0125E-03  2.7730E+00  2.4096E+00  3.6336E-01
8.0150E-03  2.7747E+00  2.4113E+00  3.6336E-01
8.0175E-03  2.7694E+00  2.4060E+00  3.6336E-01
8.0200E-03  2.7687E+00  2.4053E+00  3.6336E-01
8.0225E-03  2.7679E+00  2.4045E+00  3.6336E-01
8.0250E-03  2.7696E+00  2.4062E+00  3.6336E-01
8.0275E-03  7.4971E+01  7.4608E+01  3.6336E-01
8.0300E-03  2.7593E+00  2.3959E+00  3.6336E-01
8.0325E-03  2.7571E+00  2.3937E+00  3.6336E-01
8.0350E-03  2.7566E+00  2.3932E+00  3.6336E-01
8.0375E-03  2.7553E+00  2.3919E+00  3.6336E-01
8.0400E-03  1.4475E+02  1.4438E+02  3.6337E-01
8.0425E-03  2.7539E+00  2.3906E+00  3.6337E-01
8.0450E-03  2.7781E+00  2.4148E+00  3.6337E-01
8.0475E-03  2.7445E+00  2.3811E+00  3.6337E-01
8.0500E-03  2.7425E+00  2.3791E+00  3.6337E-01
8.0525E-03  2.7406E+00  2.3773E+00  3.6337E-01
8.0550E-03  2.7434E+00  2.3800E+00  3.6337E-01
8.0575E-03  2.7366E+00  2.3732E+00  3.6337E-01
8.0600E-03  2.7343E+00  2.3709E+00  3.6337E-01
8.0625E-03  2.7460E+00  2.3826E+00  3.6337E-01
8.0650E-03  2.7302E+00  2.3668E+00  3.6337E-01
8.0675E-03  2.7281E+00  2.3647E+00  3.6337E-01
8.0700E-03  2.7262E+00  2.3628E+00  3.6337E-01
8.0725E-03  2.7264E+00  2.3630E+00  3.6337E-01
8.0750E-03  2.7224E+00  2.3590E+00  3.6337E-01
8.0775E-03  2.7208E+00  2.3574E+00  3.6337E-01
8.0800E-03  2.7184E+00  2.3550E+00  3.6338E-01
8.0825E-03  2.7164E+00  2.3530E+00  3.6338E-01
8.0850E-03  2.7235E+00  2.3601E+00  3.6338E-01
8.0875E-03  2.7439E+00  2.3805E+00  3.6338E-01
8.0900E-03  2.7105E+00  2.3471E+00  3.6338E-01
8.0925E-03  2.7090E+00  2.3456E+00  3.6338E-01
8.0950E-03  2.7065E+00  2.3432E+00  3.6338E-01
8.0975E-03  2.7049E+00  2.3415E+00  3.6338E-01
8.1000E-03  2.7031E+00  2.3398E+00  3.6338E-01
8.1025E-03  2.7099E+00  2.3466E+00  3.6338E-01
8.1050E-03  2.6990E+00  2.3356E+00  3.6338E-01
8.1075E-03  2.7005E+00  2.3371E+00  3.6338E-01
8.1100E-03  2.7199E+00  2.3565E+00  3.6338E-01
8.1125E-03  2.6934E+00  2.3300E+00  3.6338E-01
8.1150E-03  2.6908E+00  2.3274E+00  3.6338E-01
8.1175E-03  2.6893E+00  2.3259E+00  3.6338E-01
8.1200E-03  2.6873E+00  2.3239E+00  3.6339E-01
8.1225E-03  2.6849E+00  2.3215E+00  3.6339E-01
8.1250E-03  2.6831E+00  2.3197E+00  3.6339E-01
8.1275E-03  2.6886E+00  2.3252E+00  3.6339E-01
8.1300E-03  2.6792E+00  2.3159E+00  3.6339E-01
8.1325E-03  2.6777E+00  2.3143E+00  3.6339E-01
8.1350E-03  2.6753E+00  2.3119E+00  3.6339E-01
8.1375E-03  2.6733E+00  2.3099E+00  3.6339E-01
8.1400E-03  2.6715E+00  2.3081E+00  3.6339E-01
8.1425E-03  2.6696E+00  2.3062E+00  3.6339E-01
8.1450E-03  2.6737E+00  2.3103E+00  3.6339E-01
8.1475E-03  2.6662E+00  2.3028E+00  3.6339E-01
8.1500E-03  2.6636E+00  2.3003E+00  3.6339E-01
8.1525E-03  2.6626E+00  2.2992E+00  3.6339E-01
8.1550E-03  2.6629E+00  2.2995E+00  3.6339E-01
8.1575E-03  2.6579E+00  2.2946E+00  3.6339E-01
8.1600E-03  2.6561E+00  2.2927E+00  3.6339E-01
8.1625E-03  2.6545E+00  2.2911E+00  3.6340E-01
8.1650E-03  2.6523E+00  2.2889E+00  3.6340E-01
8.1675E-03  2.6514E+00  2.2880E+00  3.6340E-01
8.1700E-03  2.6560E+00  2.2926E+00  3.6340E-01
8.1725E-03  2.6526E+00  2.2892E+00  3.6340E-01
8.1750E-03  2.6452E+00  2.2818E+00  3.6340E-01
8.1775E-03  2.6641E+00  2.3007E+00  3.6340E-01
8.1800E-03  2.6534E+00  2.2900E+00  3.6340E-01
8.1825E-03  2.6534E+00  2.2900E+00  3.6340E-01
8.1850E-03  2.6422E+00  2.2788E+00  3.6340E-01
8.1875E-03  2.6462E+00  2.2828E+00  3.6340E-01
8.1900E-03  2.6397E+00  2.2763E+00  3.6340E-01
8.1925E-03  2.6312E+00  2.2678E+00  3.6340E-01
8.1950E-03  2.6476E+00  2.2842E+00  3.6340E-01
8.1975E-03  2.6283E+00  2.2648E+00  3.6340E-01
8.2000E-03  2.6261E+00  2.2627E+00  3.6340E-01
8.2025E-03  2.9509E+00  2.5875E+00  3.6341E-01
8.2050E-03  2.6218E+00  2.2584E+00  3.6341E-01
8.2075E-03  2.6194E+00  2.2560E+00  3.6341E-01
8.2100E-03  2.6174E+00  2.2540E+00  3.6341E-01
8.2125E-03  2.6224E+00  2.2590E+00  3.6341E-01
8.2150E-03  2.6134E+00  2.2500E+00  3.6341E-01
8.2175E-03  2.6133E+00  2.2499E+00  3.6341E-01
8.2200E-03  2.6103E+00  2.2468E+00  3.6341E-01
8.2225E-03  2.6075E+00  2.2441E+00  3.6341E-01
8.2250E-03  2.6056E+00  2.2422E+00  3.6341E-01
8.2275E-03  2.6041E+00  2.2407E+00  3.6341E-01
8.2300E-03  2.6880E+00  2.3246E+00  3.6341E-01
8.2325E-03  2.6011E+00  2.2377E+00  3.6341E-01
8.2350E-03  2.6085E+00  2.2451E+00  3.6341E-01
8.2375E-03  2.6009E+00  2.2375E+00  3.6341E-01
8.2400E-03  2.6782E+00  2.3147E+00  3.6341E-01
8.2425E-03  2.5945E+00  2.2311E+00  3.6341E-01
8.2450E-03  2.5997E+00  2.2362E+00  3.6342E-01
8.2475E-03  2.5885E+00  2.2251E+00  3.6342E-01
8.2500E-03  2.5882E+00  2.2248E+00  3.6342E-01
8.2525E-03  2.5850E+00  2.2215E+00  3.6342E-01
8.2550E-03  2.5828E+00  2.2193E+00  3.6342E-01
8.2575E-03  2.5883E+00  2.2249E+00  3.6342E-01
8.2600E-03  2.5955E+00  2.2321E+00  3.6342E-01
8.2625E-03  2.5774E+00  2.2140E+00  3.6342E-01
8.2650E-03  2.5752E+00  2.2118E+00  3.6342E-01
8.2675E-03  2.5762E+00  2.2128E+00  3.6342E-01
8.2700E-03  2.5716E+00  2.2082E+00  3.6342E-01
8.2725E-03  2.5722E+00  2.2088E+00  3.6342E-01
8.2750E-03  2.5689E+00  2.2055E+00  3.6342E-01
8.2775E-03  2.5689E+00  2.2054E+00  3.6342E-01
8.2800E-03  2.5668E+00  2.2034E+00  3.6342E-01
8.2825E-03  2.5631E+00  2.1997E+00  3.6342E-01
8.2850E-03  2.5597E+00  2.1963E+00  3.6342E-01
8.2875E-03  2.5572E+00  2.1938E+00  3.6342E-01
8.2900E-03  2.5553E+00  2.1919E+00  3.6343E-01
8.2925E-03  2.5538E+00  2.1904E+00  3.6343E-01
8.2950E-03  2.5532E+00  2.1897E+00  3.6343E-01
8.2975E-03  2.5500E+00  2.1865E+00  3.6343E-01
8.3000E-03  2.5514E+00  2.1880E+00  3.6343E-01
8.3025E-03  2.5470E+00  2.1836E+00  3.6343E-01
8.3050E-03  2.5442E+00  2.1808E+00  3.6343E-01
8.3075E-03  2.5420E+00  2.1786E+00  3.6343E-01
8.3100E-03  2.5403E+00  2.1769E+00  3.6343E-01
8.3125E-03  2.5433E+00  2.1799E+00  3.6343E-01
8.3150E-03  2.5381E+00  2.1747E+00  3.6343E-01
8.3175E-03  2.5467E+00  2.1833E+00  3.6343E-01
8.3200E-03  2.5368E+00  2.1733E+00  3.6343E-01
8.3225E-03  2.5314E+00  2.1680E+00  3.6343E-01
8.3250E-03  2.5296E+00  2.1661E+00  3.6343E-01
8.3275E-03  2.5278E+00  2.1644E+00  3.6343E-01
8.3300E-03  2.5251E+00  2.1617E+00  3.6343E-01
8.3325E-03  2.5240E+00  2.1606E+00  3.6344E-01
8.3350E-03  2.5299E+00  2.1665E+00  3.6344E-01
8.3375E-03  2.5199E+00  2.1565E+00  3.6344E-01
8.3400E-03  2.5209E+00  2.1575E+00  3.6344E-01
8.3425E-03  2.5160E+00  2.1526E+00  3.6344E-01
8.3450E-03  2.5140E+00  2.1506E+00  3.6344E-01
8.3475E-03  2.5128E+00  2.1494E+00  3.6344E-01
8.3500E-03  2.5100E+00  2.1465E+00  3.6344E-01
8.3525E-03  2.5107E+00  2.1473E+00  3.6344E-01
8.3550E-03  2.5061E+00  2.1427E+00  3.6344E-01
8.3575E-03  2.5115E+00  2.1481E+00  3.6344E-01
8.3600E-03  2.5031E+00  2.1397E+00  3.6344E-01
8.3625E-03  2.5037E+00  2.1403E+00  3.6344E-01
8.3650E-03  2.5034E+00  2.1400E+00  3.6344E-01
8.3675E-03  2.5056E+00  2.1422E+00  3.6344E-01
8.3700E-03  2.5080E+00  2.1445E+00  3.6344E-01
8.3725E-03  2.4981E+00  2.1346E+00  3.6344E-01
8.3750E-03  2.4928E+00  2.1294E+00  3.6344E-01
8.3775E-03  2.4892E+00  2.1258E+00  3.6345E-01
8.3800E-03  2.4876E+00  2.1242E+00  3.6345E-01
8.3825E-03  2.4861E+00  2.1227E+00  3.6345E-01
8.3850E-03  2.5435E+00  2.1800E+00  3.6345E-01
8.3875E-03  2.4827E+00  2.1192E+00  3.6345E-01
8.3900E-03  2.4816E+00  2.1182E+00  3.6345E-01
8.3925E-03  2.5033E+00  2.1398E+00  3.6345E-01
8.3950E-03  2.4773E+00  2.1138E+00  3.6345E-01
8.3975E-03  2.4932E+00  2.1298E+00  3.6345E-01
8.4000E-03  2.4729E+00  2.1095E+00  3.6345E-01
8.4025E-03  2.4715E+00  2.1080E+00  3.6345E-01
8.4050E-03  2.4702E+00  2.1067E+00  3.6345E-01
8.4075E-03  2.4667E+00  2.1032E+00  3.6345E-01
8.4100E-03  2.4649E+00  2.1014E+00  3.6345E-01
8.4125E-03  2.4635E+00  2.1001E+00  3.6345E-01
8.4150E-03  2.4663E+00  2.1029E+00  3.6345E-01
8.4175E-03  2.4598E+00  2.0964E+00  3.6345E-01
8.4200E-03  2.4590E+00  2.0956E+00  3.6345E-01
8.4225E-03  2.4643E+00  2.1009E+00  3.6346E-01
8.4250E-03  2.4564E+00  2.0929E+00  3.6346E-01
8.4275E-03  2.4521E+00  2.0886E+00  3.6346E-01
8.4300E-03  2.4498E+00  2.0864E+00  3.6346E-01
8.4325E-03  2.4482E+00  2.0848E+00  3.6346E-01
8.4350E-03  2.4469E+00  2.0835E+00  3.6346E-01
8.4375E-03  2.4447E+00  2.0812E+00  3.6346E-01
8.4400E-03  2.4425E+00  2.0790E+00  3.6346E-01
8.4425E-03  2.4404E+00  2.0769E+00  3.6346E-01
8.4450E-03  2.4421E+00  2.0786E+00  3.6346E-01
8.4475E-03  2.4367E+00  2.0733E+00  3.6346E-01
8.4500E-03  2.4347E+00  2.0713E+00  3.6346E-01
8.4525E-03  2.4329E+00  2.0694E+00  3.6346E-01
8.4550E-03  2.4310E+00  2.0676E+00  3.6346E-01
8.4575E-03  2.4293E+00  2.0658E+00  3.6346E-01
8.4600E-03  2.4273E+00  2.0639E+00  3.6346E-01
8.4625E-03  2.4255E+00  2.0620E+00  3.6346E-01
8.4650E-03  2.4239E+00  2.0604E+00  3.6346E-01
8.4675E-03  2.4219E+00  2.0584E+00  3.6347E-01
8.4700E-03  2.4262E+00  2.0627E+00  3.6347E-01
8.4725E-03  2.4184E+00  2.0549E+00  3.6347E-01
8.4750E-03  2.4357E+00  2.0723E+00  3.6347E-01
8.4775E-03  2.4148E+00  2.0513E+00  3.6347E-01
8.4800E-03  2.4133E+00  2.0498E+00  3.6347E-01
8.4825E-03  2.4129E+00  2.0494E+00  3.6347E-01
8.4850E-03  2.4102E+00  2.0467E+00  3.6347E-01
8.4875E-03  2.4109E+00  2.0474E+00  3.6347E-01
8.4900E-03  2.4161E+00  2.0526E+00  3.6347E-01
8.4925E-03  2.4046E+00  2.0411E+00  3.6347E-01
8.4950E-03  2.4093E+00  2.0458E+00  3.6347E-01
8.4975E-03  2.4044E+00  2.0409E+00  3.6347E-01
8.5000E-03  2.4066E+00  2.0431E+00  3.6347E-01
8.5025E-03  2.4234E+00  2.0599E+00  3.6347E-01
8.5050E-03  2.5481E+00  2.1846E+00  3.6347E-01
8.5075E-03  2.3965E+00  2.0330E+00  3.6347E-01
8.5100E-03  2.3974E+00  2.0339E+00  3.6347E-01
8.5125E-03  2.5960E+00  2.2325E+00  3.6348E-01
8.5150E-03  2.4851E+00  2.1216E+00  3.6348E-01
8.5175E-03  2.3915E+00  2.0280E+00  3.6348E-01
8.5200E-03  2.4077E+00  2.0442E+00  3.6348E-01
8.5225E-03  2.3907E+00  2.0273E+00  3.6348E-01
8.5250E-03  2.3847E+00  2.0212E+00  3.6348E-01
8.5275E-03  2.3833E+00  2.0198E+00  3.6348E-01
8.5300E-03  2.3833E+00  2.0198E+00  3.6348E-01
8.5325E-03  2.3793E+00  2.0159E+00  3.6348E-01
8.5350E-03  2.3732E+00  2.0097E+00  3.6348E-01
8.5375E-03  2.3717E+00  2.0082E+00  3.6348E-01
8.5400E-03  2.3734E+00  2.0099E+00  3.6348E-01
8.5425E-03  2.3671E+00  2.0036E+00  3.6348E-01
8.5450E-03  2.3667E+00  2.0032E+00  3.6348E-01
8.5475E-03  2.3633E+00  1.9998E+00  3.6348E-01
8.5500E-03  2.3618E+00  1.9983E+00  3.6348E-01
8.5525E-03  2.3624E+00  1.9989E+00  3.6348E-01
8.5550E-03  2.3636E+00  2.0001E+00  3.6348E-01
8.5575E-03  2.3574E+00  1.9939E+00  3.6348E-01
8.5600E-03  2.3546E+00  1.9911E+00  3.6349E-01
8.5625E-03  2.3528E+00  1.9893E+00  3.6349E-01
8.5650E-03  2.3519E+00  1.9884E+00  3.6349E-01
8.5675E-03  2.3492E+00  1.9857E+00  3.6349E-01
8.5700E-03  2.3504E+00  1.9869E+00  3.6349E-01
8.5725E-03  2.3466E+00  1.9831E+00  3.6349E-01
8.5750E-03  2.3435E+00  1.9800E+00  3.6349E-01
8.5775E-03  2.3439E+00  1.9804E+00  3.6349E-01
8.5800E-03  2.3430E+00  1.9795E+00  3.6349E-01
8.5825E-03  2.3382E+00  1.9747E+00  3.6349E-01
8.5850E-03  2.3362E+00  1.9727E+00  3.6349E-01
8.5875E-03  2.3343E+00  1.9708E+00  3.6349E-01
8.5900E-03  2.3351E+00  1.9716E+00  3.6349E-01
8.5925E-03  2.3316E+00  1.9681E+00  3.6349E-01
8.5950E-03  2.3292E+00  1.9658E+00  3.6349E-01
8.5975E-03  2.3271E+00  1.9637E+00  3.6349E-01
8.6000E-03  2.3252E+00  1.9617E+00  3.6349E-01
8.6025E-03  2.3239E+00  1.9604E+00  3.6349E-01
8.6050E-03  2.3217E+00  1.9582E+00  3.6350E-01
8.6075E-03  2.3201E+00  1.9566E+00  3.6350E-01
8.6100E-03  2.3181E+00  1.9546E+00  3.6350E-01
8.6125E-03  2.3172E+00  1.9537E+00  3.6350E-01
8.6150E-03  2.3149E+00  1.9514E+00  3.6350E-01
8.6175E-03  2.3141E+00  1.9506E+00  3.6350E-01
8.6200E-03  2.3110E+00  1.9475E+00  3.6350E-01
8.6225E-03  2.3092E+00  1.9457E+00  3.6350E-01
8.6250E-03  2.3075E+00  1.9440E+00  3.6350E-01
8.6275E-03  2.3060E+00  1.9425E+00  3.6350E-01
8.6300E-03  2.3054E+00  1.9419E+00  3.6350E-01
8.6325E-03  2.3050E+00  1.9415E+00  3.6350E-01
8.6350E-03  2.3015E+00  1.9380E+00  3.6350E-01
8.6375E-03  2.3009E+00  1.9374E+00  3.6350E-01
8.6400E-03  2.2996E+00  1.9361E+00  3.6350E-01
8.6425E-03  2.2956E+00  1.9321E+00  3.6350E-01
8.6450E-03  2.2944E+00  1.9309E+00  3.6350E-01
8.6475E-03  2.2924E+00  1.9289E+00  3.6350E-01
8.6500E-03  2.2913E+00  1.9278E+00  3.6350E-01
8.6525E-03  2.3267E+00  1.9632E+00  3.6351E-01
8.6550E-03  2.2878E+00  1.9243E+00  3.6351E-01
8.6575E-03  2.2857E+00  1.9222E+00  3.6351E-01
8.6600E-03  2.2841E+00  1.9206E+00  3.6351E-01
8.6625E-03  2.2834E+00  1.9199E+00  3.6351E-01
8.6650E-03  2.2857E+00  1.9221E+00  3.6351E-01
8.6675E-03  2.2791E+00  1.9156E+00  3.6351E-01
8.6700E-03  2.2969E+00  1.9334E+00  3.6351E-01
8.6725E-03  2.2759E+00  1.9124E+00  3.6351E-01
8.6750E-03  2.2795E+00  1.9160E+00  3.6351E-01
8.6775E-03  2.2721E+00  1.9086E+00  3.6351E-01
8.6800E-03  2.2704E+00  1.9069E+00  3.6351E-01
8.6825E-03  2.2690E+00  1.9055E+00  3.6351E-01
8.6850E-03  2.2670E+00  1.9035E+00  3.6351E-01
8.6875E-03  2.2653E+00  1.9018E+00  3.6351E-01
8.6900E-03  2.2638E+00  1.9003E+00  3.6351E-01
8.6925E-03  2.2632E+00  1.8997E+00  3.6351E-01
8.6950E-03  2.2617E+00  1.8982E+00  3.6351E-01
8.6975E-03  2.2597E+00  1.8962E+00  3.6351E-01
8.7000E-03  2.2592E+00  1.8957E+00  3.6351E-01
8.7025E-03  2.2556E+00  1.8921E+00  3.6352E-01
8.7050E-03  2.2539E+00  1.8904E+00  3.6352E-01
8.7075E-03  2.2524E+00  1.8889E+00  3.6352E-01
8.7100E-03  2.2507E+00  1.8872E+00  3.6352E-01
8.7125E-03  2.2498E+00  1.8863E+00  3.6352E-01
8.7150E-03  2.2490E+00  1.8855E+00  3.6352E-01
8.7175E-03  2.2464E+00  1.8829E+00  3.6352E-01
8.7200E-03  2.2452E+00  1.8817E+00  3.6352E-01
8.7225E-03  2.2486E+00  1.8850E+00  3.6352E-01
8.7250E-03  2.2420E+00  1.8785E+00  3.6352E-01
8.7275E-03  2.2457E+00  1.8822E+00  3.6352E-01
8.7300E-03  2.2383E+00  1.8748E+00  3.6352E-01
8.7325E-03  2.2372E+00  1.8737E+00  3.6352E-01
8.7350E-03  2.2374E+00  1.8739E+00  3.6352E-01
8.7375E-03  2.2337E+00  1.8701E+00  3.6352E-01
8.7400E-03  2.2317E+00  1.8682E+00  3.6352E-01
8.7425E-03  2.2299E+00  1.8664E+00  3.6352E-01
8.7450E-03  2.2297E+00  1.8662E+00  3.6352E-01
8.7475E-03  2.2269E+00  1.8634E+00  3.6352E-01
8.7500E-03  2.2256E+00  1.8621E+00  3.6353E-01
8.7525E-03  2.2250E+00  1.8615E+00  3.6353E-01
8.7550E-03  2.2219E+00  1.8584E+00  3.6353E-01
8.7575E-03  2.2265E+00  1.8630E+00  3.6353E-01
8.7600E-03  2.2194E+00  1.8559E+00  3.6353E-01
8.7625E-03  2.2185E+00  1.8550E+00  3.6353E-01
8.7650E-03  2.2170E+00  1.8534E+00  3.6353E-01
8.7675E-03  2.2142E+00  1.8507E+00  3.6353E-01
8.7700E-03  2.2176E+00  1.8541E+00  3.6353E-01
8.7725E-03  2.2111E+00  1.8476E+00  3.6353E-01
8.7750E-03  2.2097E+00  1.8462E+00  3.6353E-01
8.7775E-03  2.2079E+00  1.8444E+00  3.6353E-01
8.7800E-03  2.2065E+00  1.8429E+00  3.6353E-01
8.7825E-03  2.2048E+00  1.8412E+00  3.6353E-01
8.7850E-03  2.2033E+00  1.8397E+00  3.6353E-01
8.7875E-03  2.2018E+00  1.8383E+00  3.6353E-01
8.7900E-03  2.2001E+00  1.8366E+00  3.6353E-01
8.7925E-03  2.1986E+00  1.8351E+00  3.6353E-01
8.7950E-03  2.1983E+00  1.8348E+00  3.6353E-01
8.7975E-03  2.1955E+00  1.8320E+00  3.6353E-01
8.8000E-03  2.1940E+00  1.8305E+00  3.6354E-01
8.8025E-03  2.1927E+00  1.8291E+00  3.6354E-01
8.8050E-03  2.1911E+00  1.8276E+00  3.6354E-01
8.8075E-03  2.1895E+00  1.8260E+00  3.6354E-01
8.8100E-03  2.1880E+00  1.8245E+00  3.6354E-01
8.8125E-03  2.1865E+00  1.8230E+00  3.6354E-01
8.8150E-03  2.1851E+00  1.8216E+00  3.6354E-01
8.8175E-03  2.1835E+00  1.8200E+00  3.6354E-01
8.8200E-03  2.1820E+00  1.8185E+00  3.6354E-01
8.8225E-03  2.1806E+00  1.8171E+00  3.6354E-01
8.8250E-03  2.1796E+00  1.8161E+00  3.6354E-01
8.8275E-03  2.1795E+00  1.8159E+00  3.6354E-01
8.8300E-03  2.1771E+00  1.8136E+00  3.6354E-01
8.8325E-03  2.1747E+00  1.8112E+00  3.6354E-01
8.8350E-03  2.1732E+00  1.8096E+00  3.6354E-01
8.8375E-03  2.1717E+00  1.8082E+00  3.6354E-01
8.8400E-03  2.1706E+00  1.8070E+00  3.6354E-01
8.8425E-03  2.1689E+00  1.8053E+00  3.6354E-01
8.8450E-03  2.1676E+00  1.8040E+00  3.6354E-01
8.8475E-03  2.1670E+00  1.8035E+00  3.6354E-01
8.8500E-03  2.1657E+00  1.8022E+00  3.6355E-01
8.8525E-03  2.1635E+00  1.8000E+00  3.6355E-01
8.8550E-03  2.1640E+00  1.8004E+00  3.6355E-01
8.8575E-03  2.1613E+00  1.7977E+00  3.6355E-01
8.8600E-03  2.1598E+00  1.7963E+00  3.6355E-01
8.8625E-03  2.1578E+00  1.7942E+00  3.6355E-01
8.8650E-03  2.1560E+00  1.7925E+00  3.6355E-01
8.8675E-03  2.1547E+00  1.7911E+00  3.6355E-01
8.8700E-03  2.1539E+00  1.7903E+00  3.6355E-01
8.8725E-03  2.1514E+00  1.7878E+00  3.6355E-01
8.8750E-03  2.1500E+00  1.7864E+00  3.6355E-01
8.8775E-03  2.1497E+00  1.7861E+00  3.6355E-01
8.8800E-03  2.1471E+00  1.7835E+00  3.6355E-01
8.8825E-03  2.1459E+00  1.7824E+00  3.6355E-01
8.8850E-03  2.1443E+00  1.7807E+00  3.6355E-01
8.8875E-03  2.1439E+00  1.7803E+00  3.6355E-01
8.8900E-03  2.1786E+00  1.8151E+00  3.6355E-01
8.8925E-03  2.1401E+00  1.7765E+00  3.6355E-01
8.8950E-03  2.1393E+00  1.7758E+00  3.6355E-01
8.8975E-03  2.1393E+00  1.7758E+00  3.6355E-01
8.9000E-03  2.1372E+00  1.7737E+00  3.6356E-01
8.9025E-03  2.1346E+00  1.7710E+00  3.6356E-01
8.9050E-03  2.1344E+00  1.7708E+00  3.6356E-01
8.9075E-03  2.1324E+00  1.7689E+00  3.6356E-01
8.9100E-03  2.1319E+00  1.7684E+00  3.6356E-01
8.9125E-03  2.1288E+00  1.7652E+00  3.6356E-01
8.9150E-03  2.1277E+00  1.7641E+00  3.6356E-01
8.9175E-03  2.1267E+00  1.7631E+00  3.6356E-01
8.9200E-03  2.1250E+00  1.7615E+00  3.6356E-01
8.9225E-03  2.1246E+00  1.7610E+00  3.6356E-01
8.9250E-03  2.1218E+00  1.7582E+00  3.6356E-01
8.9275E-03  2.1212E+00  1.7576E+00  3.6356E-01
8.9300E-03  2.1211E+00  1.7575E+00  3.6356E-01
8.9325E-03  2.1178E+00  1.7543E+00  3.6356E-01
8.9350E-03  2.1161E+00  1.7526E+00  3.6356E-01
8.9375E-03  2.1148E+00  1.7512E+00  3.6356E-01
8.9400E-03  2.1134E+00  1.7498E+00  3.6356E-01
8.9425E-03  2.1120E+00  1.7484E+00  3.6356E-01
8.9450E-03  2.1111E+00  1.7475E+00  3.6356E-01
8.9475E-03  2.1094E+00  1.7458E+00  3.6356E-01
8.9500E-03  2.1079E+00  1.7443E+00  3.6356E-01
8.9525E-03  2.1155E+00  1.7519E+00  3.6357E-01
8.9550E-03  2.1052E+00  1.7416E+00  3.6357E-01
8.9575E-03  2.1038E+00  1.7402E+00  3.6357E-01
8.9600E-03  2.1024E+00  1.7388E+00  3.6357E-01
8.9625E-03  2.1011E+00  1.7375E+00  3.6357E-01
8.9650E-03  2.0998E+00  1.7362E+00  3.6357E-01
8.9675E-03  2.0986E+00  1.7351E+00  3.6357E-01
8.9700E-03  2.0970E+00  1.7335E+00  3.6357E-01
8.9725E-03  2.0957E+00  1.7321E+00  3.6357E-01
8.9750E-03  2.0945E+00  1.7310E+00  3.6357E-01
8.9775E-03  2.0931E+00  1.7296E+00  3.6357E-01
8.9800E-03  2.0932E+00  1.7296E+00  3.6357E-01
8.9825E-03  2.0913E+00  1.7277E+00  3.6357E-01
8.9850E-03  2.0894E+00  1.7259E+00  3.6357E-01
8.9875E-03  2.0882E+00  1.7247E+00  3.6357E-01
8.9900E-03  2.0887E+00  1.7251E+00  3.6357E-01
8.9925E-03  2.0859E+00  1.7223E+00  3.6357E-01
8.9950E-03  2.0844E+00  1.7208E+00  3.6357E-01
8.9975E-03  2.0825E+00  1.7189E+00  3.6357E-01
9.0000E-03  2.0875E+00  1.7239E+00  3.6357E-01
9.0025E-03  2.0798E+00  1.7162E+00  3.6358E-01
9.0050E-03  2.0784E+00  1.7148E+00  3.6358E-01
9.0075E-03  2.0774E+00  1.7138E+00  3.6358E-01
9.0100E-03  2.0759E+00  1.7124E+00  3.6358E-01
9.0125E-03  2.0746E+00  1.7110E+00  3.6358E-01
9.0150E-03  2.0731E+00  1.7095E+00  3.6358E-01
9.0175E-03  2.0719E+00  1.7083E+00  3.6358E-01
9.0200E-03  2.0707E+00  1.7071E+00  3.6358E-01
9.0225E-03  2.0694E+00  1.7058E+00  3.6358E-01
9.0250E-03  2.0679E+00  1.7043E+00  3.6358E-01
9.0275E-03  2.0666E+00  1.7030E+00  3.6358E-01
9.0300E-03  2.0655E+00  1.7019E+00  3.6358E-01
9.0325E-03  2.0652E+00  1.7016E+00  3.6358E-01
9.0350E-03  2.0627E+00  1.6991E+00  3.6358E-01
9.0375E-03  2.0615E+00  1.6979E+00  3.6358E-01
9.0400E-03  2.0614E+00  1.6978E+00  3.6358E-01
9.0425E-03  2.0589E+00  1.6953E+00  3.6358E-01
9.0450E-03  2.0575E+00  1.6939E+00  3.6358E-01
9.0475E-03  2.0562E+00  1.6927E+00  3.6358E-01
9.0500E-03  2.0551E+00  1.6915E+00  3.6358E-01
9.0525E-03  2.0536E+00  1.6900E+00  3.6358E-01
9.0550E-03  2.0525E+00  1.6889E+00  3.6359E-01
9.0575E-03  2.0511E+00  1.6875E+00  3.6359E-01
9.0600E-03  2.0499E+00  1.6863E+00  3.6359E-01
9.0625E-03  2.0488E+00  1.6852E+00  3.6359E-01
9.0650E-03  2.0473E+00  1.6838E+00  3.6359E-01
9.0675E-03  2.0465E+00  1.6829E+00  3.6359E-01
9.0700E-03  2.0598E+00  1.6962E+00  3.6359E-01
9.0725E-03  2.0435E+00  1.6799E+00  3.6359E-01
9.0750E-03  2.0422E+00  1.6786E+00  3.6359E-01
9.0775E-03  2.0409E+00  1.6774E+00  3.6359E-01
9.0800E-03  2.0465E+00  1.6829E+00  3.6359E-01
9.0825E-03  2.0385E+00  1.6749E+00  3.6359E-01
9.0850E-03  2.0371E+00  1.6736E+00  3.6359E-01
9.0875E-03  2.0361E+00  1.6725E+00  3.6359E-01
9.0900E-03  2.0351E+00  1.6715E+00  3.6359E-01
9.0925E-03  2.0387E+00  1.6751E+00  3.6359E-01
9.0950E-03  2.0345E+00  1.6709E+00  3.6359E-01
9.0975E-03  2.0338E+00  1.6702E+00  3.6359E-01
9.1000E-03  2.0301E+00  1.6665E+00  3.6359E-01
9.1025E-03  2.0284E+00  1.6648E+00  3.6359E-01
9.1050E-03  2.0275E+00  1.6639E+00  3.6359E-01
9.1075E-03  2.0260E+00  1.6624E+00  3.6359E-01
9.1100E-03  2.0255E+00  1.6619E+00  3.6360E-01
9.1125E-03  2.0247E+00  1.6611E+00  3.6360E-01
9.1150E-03  2.0277E+00  1.6641E+00  3.6360E-01
9.1175E-03  2.0216E+00  1.6580E+00  3.6360E-01
9.1200E-03  2.0213E+00  1.6577E+00  3.6360E-01
9.1225E-03  2.1276E+00  1.7640E+00  3.6360E-01
9.1250E-03  2.0190E+00  1.6554E+00  3.6360E-01
9.1275E-03  2.0164E+00  1.6528E+00  3.6360E-01
9.1300E-03  2.0149E+00  1.6513E+00  3.6360E-01
9.1325E-03  2.0138E+00  1.6502E+00  3.6360E-01
9.1350E-03  2.0126E+00  1.6490E+00  3.6360E-01
9.1375E-03  2.0125E+00  1.6489E+00  3.6360E-01
9.1400E-03  2.0127E+00  1.6491E+00  3.6360E-01
9.1425E-03  2.4099E+00  2.0463E+00  3.6360E-01
9.1450E-03  2.0092E+00  1.6456E+00  3.6360E-01
9.1475E-03  2.0066E+00  1.6430E+00  3.6360E-01
9.1500E-03  2.0051E+00  1.6415E+00  3.6360E-01
9.1525E-03  2.0038E+00  1.6402E+00  3.6360E-01
9.1550E-03  2.0025E+00  1.6389E+00  3.6360E-01
9.1575E-03  2.0013E+00  1.6377E+00  3.6360E-01
9.1600E-03  2.0001E+00  1.6364E+00  3.6360E-01
9.1625E-03  1.9988E+00  1.6352E+00  3.6361E-01
9.1650E-03  1.9976E+00  1.6340E+00  3.6361E-01
9.1675E-03  1.9965E+00  1.6329E+00  3.6361E-01
9.1700E-03  1.9952E+00  1.6316E+00  3.6361E-01
9.1725E-03  1.9940E+00  1.6304E+00  3.6361E-01
9.1750E-03  1.9928E+00  1.6292E+00  3.6361E-01
9.1775E-03  1.9916E+00  1.6280E+00  3.6361E-01
9.1800E-03  1.9905E+00  1.6269E+00  3.6361E-01
9.1825E-03  1.9895E+00  1.6259E+00  3.6361E-01
9.1850E-03  2.0017E+00  1.6381E+00  3.6361E-01
9.1875E-03  1.9884E+00  1.6248E+00  3.6361E-01
9.1900E-03  1.9865E+00  1.6229E+00  3.6361E-01
9.1925E-03  1.9882E+00  1.6246E+00  3.6361E-01
9.1950E-03  2.1440E+00  1.7804E+00  3.6361E-01
9.1975E-03  2.0048E+00  1.6412E+00  3.6361E-01
9.2000E-03  1.9837E+00  1.6201E+00  3.6361E-01
9.2025E-03  2.1617E+00  1.7981E+00  3.6361E-01
9.2050E-03  1.9822E+00  1.6186E+00  3.6361E-01
9.2075E-03  1.9784E+00  1.6148E+00  3.6361E-01
9.2100E-03  1.9766E+00  1.6130E+00  3.6361E-01
9.2125E-03  1.9758E+00  1.6122E+00  3.6361E-01
9.2150E-03  2.3568E+00  1.9931E+00  3.6361E-01
9.2175E-03  1.9734E+00  1.6098E+00  3.6361E-01
9.2200E-03  1.9728E+00  1.6092E+00  3.6362E-01
9.2225E-03  1.9708E+00  1.6072E+00  3.6362E-01
9.2250E-03  1.9692E+00  1.6055E+00  3.6362E-01
9.2275E-03  1.9679E+00  1.6043E+00  3.6362E-01
9.2300E-03  1.9667E+00  1.6031E+00  3.6362E-01
9.2325E-03  1.9655E+00  1.6019E+00  3.6362E-01
9.2350E-03  1.9643E+00  1.6007E+00  3.6362E-01
9.2375E-03  1.9633E+00  1.5997E+00  3.6362E-01
9.2400E-03  1.9620E+00  1.5983E+00  3.6362E-01
9.2425E-03  1.9609E+00  1.5973E+00  3.6362E-01
9.2450E-03  1.9598E+00  1.5962E+00  3.6362E-01
9.2475E-03  1.9584E+00  1.5948E+00  3.6362E-01
9.2500E-03  1.9573E+00  1.5937E+00  3.6362E-01
9.2525E-03  1.9561E+00  1.5925E+00  3.6362E-01
9.2550E-03  1.9550E+00  1.5913E+00  3.6362E-01
9.2575E-03  1.9538E+00  1.5902E+00  3.6362E-01
9.2600E-03  1.9526E+00  1.5890E+00  3.6362E-01
9.2625E-03  1.9515E+00  1.5878E+00  3.6362E-01
9.2650E-03  1.9503E+00  1.5867E+00  3.6362E-01
9.2675E-03  1.9493E+00  1.5857E+00  3.6362E-01
9.2700E-03  1.9480E+00  1.5844E+00  3.6362E-01
9.2725E-03  1.9469E+00  1.5832E+00  3.6362E-01
9.2750E-03  1.9457E+00  1.5821E+00  3.6362E-01
9.2775E-03  1.9446E+00  1.5809E+00  3.6362E-01
9.2800E-03  1.9434E+00  1.5798E+00  3.6362E-01
9.2825E-03  1.9423E+00  1.5786E+00  3.6362E-01
9.2850E-03  1.9411E+00  1.5775E+00  3.6363E-01
9.2875E-03  1.9400E+00  1.5763E+00  3.6363E-01
9.2900E-03  1.9404E+00  1.5768E+00  3.6363E-01
9.2925E-03  1.9377E+00  1.5741E+00  3.6363E-01
9.2950E-03  1.9366E+00  1.5729E+00  3.6363E-01
9.2975E-03  1.9354E+00  1.5718E+00  3.6363E-01
9.3000E-03  1.9343E+00  1.5707E+00  3.6363E-01
9.3025E-03  1.9332E+00  1.5696E+00  3.6363E-01
9.3050E-03  1.9330E+00  1.5694E+00  3.6363E-01
9.3075E-03  1.9359E+00  1.5723E+00  3.6363E-01
9.3100E-03  1.9297E+00  1.5661E+00  3.6363E-01
9.3125E-03  1.9286E+00  1.5650E+00  3.6363E-01
9.3150E-03  1.9275E+00  1.5638E+00  3.6363E-01
9.3175E-03  1.9263E+00  1.5627E+00  3.6363E-01
9.3200E-03  1.9252E+00  1.5616E+00  3.6363E-01
9.3225E-03  1.9241E+00  1.5605E+00  3.6363E-01
9.3250E-03  1.9230E+00  1.5593E+00  3.6363E-01
9.3275E-03  1.9219E+00  1.5583E+00  3.6363E-01
9.3300E-03  1.9210E+00  1.5574E+00  3.6363E-01
9.3325E-03  1.9200E+00  1.5563E+00  3.6363E-01
9.3350E-03  1.9185E+00  1.5549E+00  3.6363E-01
9.3375E-03  1.9173E+00  1.5537E+00  3.6363E-01
9.3400E-03  1.9172E+00  1.5536E+00  3.6363E-01
9.3425E-03  1.9152E+00  1.5516E+00  3.6363E-01
9.3450E-03  1.9143E+00  1.5507E+00  3.6363E-01
9.3475E-03  1.9130E+00  1.5494E+00  3.6363E-01
9.3500E-03  1.9123E+00  1.5486E+00  3.6363E-01
9.3525E-03  1.9108E+00  1.5472E+00  3.6364E-01
9.3550E-03  1.9096E+00  1.5459E+00  3.6364E-01
9.3575E-03  1.9088E+00  1.5452E+00  3.6364E-01
9.3600E-03  1.9226E+00  1.5589E+00  3.6364E-01
9.3625E-03  1.9064E+00  1.5428E+00  3.6364E-01
9.3650E-03  1.9087E+00  1.5451E+00  3.6364E-01
9.3675E-03  1.9043E+00  1.5406E+00  3.6364E-01
9.3700E-03  1.9030E+00  1.5394E+00  3.6364E-01
9.3725E-03  1.9020E+00  1.5383E+00  3.6364E-01
9.3750E-03  1.9051E+00  1.5415E+00  3.6364E-01
9.3775E-03  1.8998E+00  1.5361E+00  3.6364E-01
9.3800E-03  1.8988E+00  1.5352E+00  3.6364E-01
9.3825E-03  1.9048E+00  1.5412E+00  3.6364E-01
9.3850E-03  1.9886E+00  1.6250E+00  3.6364E-01
9.3875E-03  1.8956E+00  1.5319E+00  3.6364E-01
9.3900E-03  1.8943E+00  1.5307E+00  3.6364E-01
9.3925E-03  1.8939E+00  1.5302E+00  3.6364E-01
9.3950E-03  3.3109E+00  2.9473E+00  3.6364E-01
9.3975E-03  1.8933E+00  1.5297E+00  3.6364E-01
9.4000E-03  1.8926E+00  1.5289E+00  3.6364E-01
9.4025E-03  1.8892E+00  1.5256E+00  3.6364E-01
9.4050E-03  1.8880E+00  1.5244E+00  3.6364E-01
9.4075E-03  1.8911E+00  1.5275E+00  3.6364E-01
9.4100E-03  1.8870E+00  1.5233E+00  3.6364E-01
9.4125E-03  1.9125E+00  1.5489E+00  3.6364E-01
9.4150E-03  1.8844E+00  1.5208E+00  3.6364E-01
9.4175E-03  1.8827E+00  1.5191E+00  3.6365E-01
9.4200E-03  1.8878E+00  1.5241E+00  3.6365E-01
9.4225E-03  1.8820E+00  1.5183E+00  3.6365E-01
9.4250E-03  1.9056E+00  1.5419E+00  3.6365E-01
9.4275E-03  1.8781E+00  1.5144E+00  3.6365E-01
9.4300E-03  1.8769E+00  1.5133E+00  3.6365E-01
9.4325E-03  1.8759E+00  1.5123E+00  3.6365E-01
9.4350E-03  1.9006E+00  1.5369E+00  3.6365E-01
9.4375E-03  1.8739E+00  1.5102E+00  3.6365E-01
9.4400E-03  1.8728E+00  1.5091E+00  3.6365E-01
9.4425E-03  1.8719E+00  1.5082E+00  3.6365E-01
9.4450E-03  1.8707E+00  1.5070E+00  3.6365E-01
9.4475E-03  1.8694E+00  1.5058E+00  3.6365E-01
9.4500E-03  1.8686E+00  1.5049E+00  3.6365E-01
9.4525E-03  1.8673E+00  1.5037E+00  3.6365E-01
9.4550E-03  1.8846E+00  1.5210E+00  3.6365E-01
9.4575E-03  1.8686E+00  1.5050E+00  3.6365E-01
9.4600E-03  1.8641E+00  1.5005E+00  3.6365E-01
9.4625E-03  1.8630E+00  1.4994E+00  3.6365E-01
9.4650E-03  1.8620E+00  1.4984E+00  3.6365E-01
9.4675E-03  1.8616E+00  1.4980E+00  3.6365E-01
9.4700E-03  1.8602E+00  1.4965E+00  3.6365E-01
9.4725E-03  1.8604E+00  1.4968E+00  3.6365E-01
9.4750E-03  1.8591E+00  1.4955E+00  3.6365E-01
9.4775E-03  1.8572E+00  1.4935E+00  3.6365E-01
9.4800E-03  1.8557E+00  1.4921E+00  3.6365E-01
9.4825E-03  1.8555E+00  1.4918E+00  3.6365E-01
9.4850E-03  1.8536E+00  1.4900E+00  3.6365E-01
9.4875E-03  1.8530E+00  1.4893E+00  3.6366E-01
9.4900E-03  1.8518E+00  1.4882E+00  3.6366E-01
9.4925E-03  1.8508E+00  1.4872E+00  3.6366E-01
9.4950E-03  1.8508E+00  1.4871E+00  3.6366E-01
9.4975E-03  1.8485E+00  1.4848E+00  3.6366E-01
9.5000E-03  1.8474E+00  1.4838E+00  3.6366E-01
9.5025E-03  1.8468E+00  1.4831E+00  3.6366E-01
9.5050E-03  1.8457E+00  1.4821E+00  3.6366E-01
9.5075E-03  1.8443E+00  1.4806E+00  3.6366E-01
9.5100E-03  1.8432E+00  1.4795E+00  3.6366E-01
9.5125E-03  1.8434E+00  1.4797E+00  3.6366E-01
9.5150E-03  1.8411E+00  1.4775E+00  3.6366E-01
9.5175E-03  1.8417E+00  1.4780E+00  3.6366E-01
9.5200E-03  1.8394E+00  1.4757E+00  3.6366E-01
9.5225E-03  1.8381E+00  1.4744E+00  3.6366E-01
9.5250E-03  1.8372E+00  1.4735E+00  3.6366E-01
9.5275E-03  1.8360E+00  1.4724E+00  3.6366E-01
9.5300E-03  1.8350E+00  1.4713E+00  3.6366E-01
9.5325E-03  1.8340E+00  1.4703E+00  3.6366E-01
9.5350E-03  1.8334E+00  1.4698E+00  3.6366E-01
9.5375E-03  1.8325E+00  1.4688E+00  3.6366E-01
9.5400E-03  1.8338E+00  1.4701E+00  3.6366E-01
9.5425E-03  1.8344E+00  1.4707E+00  3.6366E-01
9.5450E-03  1.8300E+00  1.4663E+00  3.6366E-01
9.5475E-03  1.8282E+00  1.4646E+00  3.6366E-01
9.5500E-03  1.8271E+00  1.4635E+00  3.6366E-01
9.5525E-03  1.8270E+00  1.4633E+00  3.6366E-01
9.5550E-03  1.8251E+00  1.4615E+00  3.6366E-01
9.5575E-03  1.8269E+00  1.4632E+00  3.6367E-01
9.5600E-03  1.9118E+00  1.5481E+00  3.6367E-01
9.5625E-03  1.8229E+00  1.4592E+00  3.6367E-01
9.5650E-03  1.8213E+00  1.4576E+00  3.6367E-01
9.5675E-03  1.8203E+00  1.4567E+00  3.6367E-01
9.5700E-03  1.8195E+00  1.4559E+00  3.6367E-01
9.5725E-03  1.8185E+00  1.4548E+00  3.6367E-01
9.5750E-03  1.8187E+00  1.4550E+00  3.6367E-01
9.5775E-03  1.8168E+00  1.4531E+00  3.6367E-01
9.5800E-03  1.8161E+00  1.4524E+00  3.6367E-01
9.5825E-03  1.8154E+00  1.4517E+00  3.6367E-01
9.5850E-03  1.8148E+00  1.4511E+00  3.6367E-01
9.5875E-03  1.8145E+00  1.4508E+00  3.6367E-01
9.5900E-03  1.8146E+00  1.4509E+00  3.6367E-01
9.5925E-03  1.8159E+00  1.4523E+00  3.6367E-01
9.5950E-03  1.8220E+00  1.4584E+00  3.6367E-01
9.5975E-03  1.8278E+00  1.4641E+00  3.6367E-01
9.6000E-03  1.8746E+00  1.5109E+00  3.6367E-01
9.6025E-03  5.2953E+01  5.2589E+01  3.6367E-01
9.6050E-03  1.9393E+00  1.5756E+00  3.6367E-01
9.6075E-03  1.8675E+00  1.5038E+00  3.6367E-01
9.6100E-03  2.8388E+00  2.4751E+00  3.6367E-01
9.6125E-03  1.8821E+00  1.5185E+00  3.6367E-01
9.6150E-03  1.8206E+00  1.4569E+00  3.6367E-01
9.6175E-03  1.8249E+00  1.4612E+00  3.6367E-01
9.6200E-03  1.8141E+00  1.4504E+00  3.6367E-01
9.6225E-03  1.8053E+00  1.4416E+00  3.6367E-01
9.6250E-03  1.9141E+00  1.5505E+00  3.6367E-01
9.6275E-03  1.7986E+00  1.4349E+00  3.6367E-01
9.6300E-03  1.7966E+00  1.4329E+00  3.6368E-01
9.6325E-03  1.7952E+00  1.4315E+00  3.6368E-01
9.6350E-03  1.7940E+00  1.4303E+00  3.6368E-01
9.6375E-03  1.7931E+00  1.4295E+00  3.6368E-01
9.6400E-03  1.7917E+00  1.4281E+00  3.6368E-01
9.6425E-03  1.7910E+00  1.4273E+00  3.6368E-01
9.6450E-03  1.7896E+00  1.4260E+00  3.6368E-01
9.6475E-03  1.7886E+00  1.4249E+00  3.6368E-01
9.6500E-03  1.7876E+00  1.4240E+00  3.6368E-01
9.6525E-03  1.7866E+00  1.4229E+00  3.6368E-01
9.6550E-03  1.7858E+00  1.4222E+00  3.6368E-01
9.6575E-03  1.7848E+00  1.4211E+00  3.6368E-01
9.6600E-03  1.7843E+00  1.4207E+00  3.6368E-01
9.6625E-03  1.7831E+00  1.4195E+00  3.6368E-01
9.6650E-03  1.7833E+00  1.4196E+00  3.6368E-01
9.6675E-03  1.7813E+00  1.4176E+00  3.6368E-01
9.6700E-03  1.7804E+00  1.4167E+00  3.6368E-01
9.6725E-03  1.7887E+00  1.4250E+00  3.6368E-01
9.6750E-03  1.7941E+00  1.4304E+00  3.6368E-01
9.6775E-03  1.7772E+00  1.4135E+00  3.6368E-01
9.6800E-03  1.7761E+00  1.4124E+00  3.6368E-01
9.6825E-03  1.7752E+00  1.4115E+00  3.6368E-01
9.6850E-03  1.7744E+00  1.4107E+00  3.6368E-01
9.6875E-03  1.7735E+00  1.4098E+00  3.6368E-01
9.6900E-03  1.7724E+00  1.4087E+00  3.6368E-01
9.6925E-03  1.7714E+00  1.4077E+00  3.6368E-01
9.6950E-03  1.7705E+00  1.4068E+00  3.6368E-01
9.6975E-03  1.7700E+00  1.4063E+00  3.6368E-01
9.7000E-03  1.7687E+00  1.4050E+00  3.6368E-01
9.7025E-03  1.7677E+00  1.4040E+00  3.6369E-01
9.7050E-03  1.7667E+00  1.4030E+00  3.6369E-01
9.7075E-03  1.7659E+00  1.4022E+00  3.6369E-01
9.7100E-03  1.7650E+00  1.4013E+00  3.6369E-01
9.7125E-03  1.7640E+00  1.4003E+00  3.6369E-01
9.7150E-03  1.7645E+00  1.4008E+00  3.6369E-01
9.7175E-03  1.7622E+00  1.3985E+00  3.6369E-01
9.7200E-03  1.7617E+00  1.3980E+00  3.6369E-01
9.7225E-03  1.7655E+00  1.4018E+00  3.6369E-01
9.7250E-03  1.7636E+00  1.3999E+00  3.6369E-01
9.7275E-03  1.7693E+00  1.4056E+00  3.6369E-01
9.7300E-03  1.7576E+00  1.3939E+00  3.6369E-01
9.7325E-03  1.7566E+00  1.3930E+00  3.6369E-01
9.7350E-03  1.7557E+00  1.3920E+00  3.6369E-01
9.7375E-03  1.7548E+00  1.3911E+00  3.6369E-01
9.7400E-03  1.7539E+00  1.3902E+00  3.6369E-01
9.7425E-03  1.7530E+00  1.3893E+00  3.6369E-01
9.7450E-03  1.7521E+00  1.3884E+00  3.6369E-01
9.7475E-03  1.7514E+00  1.3877E+00  3.6369E-01
9.7500E-03  1.7505E+00  1.3868E+00  3.6369E-01
9.7525E-03  1.7504E+00  1.3867E+00  3.6369E-01
9.7550E-03  1.7489E+00  1.3852E+00  3.6369E-01
9.7575E-03  1.7479E+00  1.3842E+00  3.6369E-01
9.7600E-03  1.7470E+00  1.3833E+00  3.6369E-01
9.7625E-03  1.7462E+00  1.3825E+00  3.6369E-01
9.7650E-03  1.7454E+00  1.3817E+00  3.6369E-01
9.7675E-03  1.7451E+00  1.3814E+00  3.6369E-01
9.7700E-03  1.7446E+00  1.3809E+00  3.6369E-01
9.7725E-03  1.7438E+00  1.3801E+00  3.6369E-01
9.7750E-03  1.7420E+00  1.3783E+00  3.6369E-01
9.7775E-03  1.7413E+00  1.3776E+00  3.6370E-01
9.7800E-03  1.7403E+00  1.3766E+00  3.6370E-01
9.7825E-03  1.7395E+00  1.3758E+00  3.6370E-01
9.7850E-03  1.7386E+00  1.3749E+00  3.6370E-01
9.7875E-03  1.7378E+00  1.3741E+00  3.6370E-01
9.7900E-03  1.7370E+00  1.3733E+00  3.6370E-01
9.7925E-03  1.7363E+00  1.3726E+00  3.6370E-01
9.7950E-03  1.7358E+00  1.3721E+00  3.6370E-01
9.7975E-03  1.7379E+00  1.3742E+00  3.6370E-01
9.8000E-03  1.7517E+00  1.3880E+00  3.6370E-01
9.8025E-03  1.7336E+00  1.3700E+00  3.6370E-01
9.8050E-03  1.7322E+00  1.3685E+00  3.6370E-01
9.8075E-03  1.7313E+00  1.3676E+00  3.6370E-01
9.8100E-03  1.7304E+00  1.3667E+00  3.6370E-01
9.8125E-03  1.7299E+00  1.3662E+00  3.6370E-01
9.8150E-03  1.7289E+00  1.3652E+00  3.6370E-01
9.8175E-03  1.7279E+00  1.3642E+00  3.6370E-01
9.8200E-03  1.7270E+00  1.3633E+00  3.6370E-01
9.8225E-03  1.7263E+00  1.3626E+00  3.6370E-01
9.8250E-03  1.7254E+00  1.3617E+00  3.6370E-01
9.8275E-03  1.7246E+00  1.3609E+00  3.6370E-01
9.8300E-03  1.7239E+00  1.3602E+00  3.6370E-01
9.8325E-03  1.7232E+00  1.3595E+00  3.6370E-01
9.8350E-03  1.7225E+00  1.3588E+00  3.6370E-01
9.8375E-03  1.7218E+00  1.3581E+00  3.6370E-01
9.8400E-03  1.7211E+00  1.3574E+00  3.6370E-01
9.8425E-03  1.7209E+00  1.3572E+00  3.6370E-01
9.8450E-03  1.7197E+00  1.3560E+00  3.6370E-01
9.8475E-03  1.7192E+00  1.3555E+00  3.6370E-01
9.8500E-03  1.7184E+00  1.3546E+00  3.6370E-01
9.8525E-03  1.7176E+00  1.3539E+00  3.6370E-01
9.8550E-03  1.7169E+00  1.3532E+00  3.6371E-01
9.8575E-03  1.7163E+00  1.3526E+00  3.6371E-01
9.8600E-03  1.7156E+00  1.3519E+00  3.6371E-01
9.8625E-03  1.7149E+00  1.3512E+00  3.6371E-01
9.8650E-03  1.7143E+00  1.3506E+00  3.6371E-01
9.8675E-03  1.7165E+00  1.3528E+00  3.6371E-01
9.8700E-03  1.7133E+00  1.3496E+00  3.6371E-01
9.8725E-03  1.7133E+00  1.3496E+00  3.6371E-01
9.8750E-03  1.7176E+00  1.3539E+00  3.6371E-01
9.8775E-03  1.7297E+00  1.3660E+00  3.6371E-01
9.8800E-03  1.7223E+00  1.3586E+00  3.6371E-01
9.8825E-03  1.7121E+00  1.3484E+00  3.6371E-01
9.8850E-03  1.7107E+00  1.3470E+00  3.6371E-01
9.8875E-03  1.7144E+00  1.3507E+00  3.6371E-01
9.8900E-03  1.7150E+00  1.3513E+00  3.6371E-01
9.8925E-03  1.7077E+00  1.3440E+00  3.6371E-01
9.8950E-03  1.7064E+00  1.3427E+00  3.6371E-01
9.8975E-03  1.7059E+00  1.3422E+00  3.6371E-01
9.9000E-03  1.7053E+00  1.3416E+00  3.6371E-01
9.9025E-03  1.7048E+00  1.3411E+00  3.6371E-01
9.9050E-03  1.7045E+00  1.3408E+00  3.6371E-01
9.9075E-03  1.7040E+00  1.3403E+00  3.6371E-01
9.9100E-03  1.7049E+00  1.3411E+00  3.6371E-01
9.9125E-03  1.7034E+00  1.3396E+00  3.6371E-01
9.9150E-03  1.7059E+00  1.3422E+00  3.6371E-01
9.9175E-03  1.7096E+00  1.3459E+00  3.6371E-01
9.9200E-03  1.7067E+00  1.3430E+00  3.6371E-01
9.9225E-03  1.7184E+00  1.3547E+00  3.6371E-01
9.9250E-03  1.7038E+00  1.3401E+00  3.6371E-01
9.9275E-03  1.7012E+00  1.3375E+00  3.6371E-01
9.9300E-03  1.7002E+00  1.3365E+00  3.6371E-01
9.9325E-03  1.7036E+00  1.3399E+00  3.6371E-01
9.9350E-03  1.6992E+00  1.3355E+00  3.6372E-01
9.9375E-03  1.6991E+00  1.3354E+00  3.6372E-01
9.9400E-03  1.7018E+00  1.3381E+00  3.6372E-01
9.9425E-03  1.6985E+00  1.3347E+00  3.6372E-01
9.9450E-03  1.7017E+00  1.3380E+00  3.6372E-01
9.9475E-03  1.6974E+00  1.3337E+00  3.6372E-01
9.9500E-03  1.6984E+00  1.3347E+00  3.6372E-01
9.9525E-03  1.6968E+00  1.3331E+00  3.6372E-01
9.9550E-03  1.7057E+00  1.3420E+00  3.6372E-01
9.9575E-03  1.6975E+00  1.3338E+00  3.6372E-01
9.9600E-03  1.7384E+00  1.3747E+00  3.6372E-01
9.9625E-03  1.6974E+00  1.3337E+00  3.6372E-01
9.9650E-03  1.6976E+00  1.3339E+00  3.6372E-01
9.9675E-03  1.7055E+00  1.3417E+00  3.6372E-01
9.9700E-03  1.6976E+00  1.3339E+00  3.6372E-01
9.9725E-03  1.7015E+00  1.3378E+00  3.6372E-01
9.9750E-03  1.6991E+00  1.3354E+00  3.6372E-01
9.9775E-03  1.7028E+00  1.3391E+00  3.6372E-01
9.9800E-03  1.6974E+00  1.3337E+00  3.6372E-01
9.9825E-03  1.6977E+00  1.3339E+00  3.6372E-01
9.9850E-03  1.6976E+00  1.3339E+00  3.6372E-01
9.9875E-03  1.6977E+00  1.3340E+00  3.6372E-01
9.9900E-03  1.6982E+00  1.3345E+00  3.6372E-01
9.9925E-03  1.6981E+00  1.3343E+00  3.6372E-01
9.9950E-03  1.6979E+00  1.3342E+00  3.6372E-01
9.9975E-03  1.6985E+00  1.3347E+00  3.6372E-01
1.0000E-02  1.6998E+00  1.3361E+00  3.6372E-01
1.0002E-02  1.7007E+00  1.3369E+00  3.6372E-01
1.0005E-02  1.7017E+00  1.3380E+00  3.6372E-01
1.0008E-02  1.7027E+00  1.3390E+00  3.6372E-01
1.0010E-02  1.7038E+00  1.3401E+00  3.6372E-01
1.0012E-02  1.7049E+00  1.3412E+00  3.6372E-01
1.0015E-02  1.7060E+00  1.3423E+00  3.6373E-01
1.0018E-02  1.7086E+00  1.3449E+00  3.6373E-01
1.0020E-02  1.7082E+00  1.3445E+00  3.6373E-01
1.0023E-02  1.7240E+00  1.3603E+00  3.6373E-01
1.0025E-02  1.7106E+00  1.3469E+00  3.6373E-01
1.0027E-02  1.7127E+00  1.3489E+00  3.6373E-01
1.0030E-02  1.7127E+00  1.3490E+00  3.6373E-01
1.0033E-02  1.7140E+00  1.3502E+00  3.6373E-01
1.0035E-02  1.7163E+00  1.3526E+00  3.6373E-01
1.0037E-02  1.7197E+00  1.3560E+00  3.6373E-01
1.0040E-02  2.0014E+00  1.6377E+00  3.6373E-01
1.0043E-02  1.7269E+00  1.3631E+00  3.6373E-01
1.0045E-02  1.7284E+00  1.3647E+00  3.6373E-01
1.0047E-02  1.7308E+00  1.3671E+00  3.6373E-01
1.0050E-02  1.7341E+00  1.3703E+00  3.6373E-01
1.0053E-02  1.7385E+00  1.3747E+00  3.6373E-01
1.0055E-02  1.7400E+00  1.3762E+00  3.6373E-01
1.0057E-02  1.7449E+00  1.3812E+00  3.6373E-01
1.0060E-02  1.7486E+00  1.3849E+00  3.6373E-01
1.0063E-02  1.7728E+00  1.4090E+00  3.6373E-01
1.0065E-02  1.7600E+00  1.3962E+00  3.6373E-01
1.0068E-02  1.7612E+00  1.3974E+00  3.6373E-01
1.0070E-02  1.7704E+00  1.4067E+00  3.6373E-01
1.0072E-02  1.7803E+00  1.4166E+00  3.6373E-01
1.0075E-02  1.7795E+00  1.4158E+00  3.6373E-01
1.0078E-02  1.7855E+00  1.4218E+00  3.6373E-01
1.0080E-02  1.7919E+00  1.4282E+00  3.6373E-01
1.0082E-02  1.7986E+00  1.4349E+00  3.6373E-01
1.0085E-02  1.8055E+00  1.4417E+00  3.6373E-01
1.0088E-02  1.8241E+00  1.4604E+00  3.6373E-01
1.0090E-02  1.8201E+00  1.4564E+00  3.6373E-01
1.0092E-02  1.8336E+00  1.4698E+00  3.6373E-01
1.0095E-02  1.8476E+00  1.4839E+00  3.6373E-01
1.0098E-02  1.8617E+00  1.4980E+00  3.6373E-01
1.0100E-02  1.8760E+00  1.5122E+00  3.6373E-01
1.0102E-02  1.8903E+00  1.5266E+00  3.6374E-01
1.0105E-02  1.9065E+00  1.5428E+00  3.6374E-01
1.0108E-02  1.9200E+00  1.5563E+00  3.6374E-01
1.0110E-02  1.9331E+00  1.5694E+00  3.6374E-01
1.0113E-02  1.9591E+00  1.5954E+00  3.6374E-01
1.0115E-02  1.9868E+00  1.6231E+00  3.6374E-01
1.0117E-02  2.0144E+00  1.6506E+00  3.6374E-01
1.0120E-02  2.0420E+00  1.6783E+00  3.6374E-01
1.0123E-02  2.0699E+00  1.7061E+00  3.6374E-01
1.0125E-02  2.0976E+00  1.7338E+00  3.6374E-01
1.0127E-02  2.1297E+00  1.7659E+00  3.6374E-01
1.0130E-02  2.1942E+00  1.8304E+00  3.6374E-01
1.0133E-02  2.2417E+00  1.8780E+00  3.6374E-01
1.0135E-02  2.2975E+00  1.9337E+00  3.6374E-01
1.0137E-02  2.3558E+00  1.9920E+00  3.6374E-01
1.0140E-02  2.4118E+00  2.0481E+00  3.6374E-01
1.0143E-02  2.4990E+00  2.1353E+00  3.6374E-01
1.0145E-02  2.6079E+00  2.2442E+00  3.6374E-01
1.0148E-02  2.7171E+00  2.3534E+00  3.6374E-01
1.0150E-02  2.8266E+00  2.4629E+00  3.6374E-01
1.0153E-02  2.9486E+00  2.5849E+00  3.6374E-01
1.0155E-02  3.1575E+00  2.7937E+00  3.6374E-01
1.0158E-02  3.3680E+00  3.0043E+00  3.6374E-01
1.0160E-02  3.5796E+00  3.2158E+00  3.6374E-01
1.0162E-02  3.8711E+00  3.5073E+00  3.6374E-01
1.0165E-02  4.2804E+00  3.9167E+00  3.6374E-01
1.0168E-02  4.6929E+00  4.3292E+00  3.6374E-01
1.0170E-02  5.2412E+00  4.8774E+00  3.6374E-01
1.0172E-02  6.0356E+00  5.6719E+00  3.6374E-01
1.0175E-02  6.8379E+00  6.4742E+00  3.6374E-01
1.0178E-02  8.5788E+00  8.2150E+00  3.6374E-01
1.0180E-02  9.7508E+00  9.3870E+00  3.6374E-01
1.0182E-02  1.2394E+01  1.2030E+01  3.6374E-01
1.0185E-02  1.5690E+01  1.5326E+01  3.6374E-01
1.0188E-02  2.1128E+01  2.0764E+01  3.6374E-01
1.0190E-02  3.0379E+01  3.0016E+01  3.6374E-01
1.0193E-02  4.6450E+01  4.6086E+01  3.6375E-01
1.0195E-02  7.8965E+01  7.8601E+01  3.6375E-01
1.0197E-02  1.6554E+02  1.6518E+02  3.6375E-01
1.0200E-02  4.8302E+02  4.8265E+02  3.6375E-01
1.0203E-02  7.2001E+03  7.1998E+03  3.6375E-01
1.0205E-02  1.4031E+06  1.4031E+06  3.6375E-01
1.0207E-02  1.5626E+03  1.5622E+03  3.6375E-01
1.0210E-02  3.1860E+02  3.1824E+02  3.6375E-01
1.0213E-02  1.2635E+02  1.2599E+02  3.6375E-01
1.0215E-02  6.6285E+01  6.5922E+01  3.6375E-01
1.0217E-02  4.0352E+01  3.9988E+01  3.6375E-01
1.0220E-02  2.7133E+01  2.6770E+01  3.6375E-01
1.0223E-02  1.9424E+01  1.9060E+01  3.6375E-01
1.0225E-02  1.4393E+01  1.4029E+01  3.6375E-01
1.0227E-02  1.1511E+01  1.1147E+01  3.6375E-01
1.0230E-02  9.2910E+00  8.9272E+00  3.6375E-01
1.0233E-02  7.7764E+00  7.4127E+00  3.6375E-01
1.0235E-02  6.5889E+00  6.2252E+00  3.6375E-01
1.0238E-02  5.7978E+00  5.4340E+00  3.6375E-01
1.0240E-02  5.0162E+00  4.6525E+00  3.6375E-01
1.0242E-02  4.5864E+00  4.2226E+00  3.6375E-01
1.0245E-02  4.1739E+00  3.8102E+00  3.6375E-01
1.0248E-02  3.7577E+00  3.3939E+00  3.6375E-01
1.0250E-02  3.5246E+00  3.1608E+00  3.6375E-01
1.0252E-02  3.3084E+00  2.9446E+00  3.6375E-01
1.0255E-02  3.0914E+00  2.7276E+00  3.6375E-01
1.0258E-02  2.8978E+00  2.5340E+00  3.6375E-01
1.0260E-02  2.7889E+00  2.4251E+00  3.6375E-01
1.0262E-02  2.6803E+00  2.3165E+00  3.6375E-01
1.0265E-02  2.5678E+00  2.2040E+00  3.6375E-01
1.0268E-02  2.4579E+00  2.0942E+00  3.6375E-01
1.0270E-02  2.3801E+00  2.0163E+00  3.6375E-01
1.0273E-02  2.5129E+00  2.1491E+00  3.6375E-01
1.0275E-02  2.2636E+00  1.8999E+00  3.6375E-01
1.0278E-02  2.2044E+00  1.8406E+00  3.6375E-01
1.0280E-02  2.1434E+00  1.7797E+00  3.6375E-01
1.0283E-02  2.0879E+00  1.7242E+00  3.6376E-01
1.0285E-02  2.0577E+00  1.6939E+00  3.6376E-01
1.0287E-02  2.0259E+00  1.6622E+00  3.6376E-01
1.0290E-02  1.9949E+00  1.6311E+00  3.6376E-01
1.0293E-02  1.9652E+00  1.6014E+00  3.6376E-01
1.0295E-02  1.9332E+00  1.5695E+00  3.6376E-01
1.0297E-02  1.9025E+00  1.5388E+00  3.6376E-01
1.0300E-02  1.8773E+00  1.5136E+00  3.6376E-01
1.0303E-02  1.8624E+00  1.4986E+00  3.6376E-01
1.0305E-02  1.8468E+00  1.4831E+00  3.6376E-01
1.0307E-02  1.8299E+00  1.4662E+00  3.6376E-01
1.0310E-02  1.8144E+00  1.4506E+00  3.6376E-01
1.0313E-02  1.7999E+00  1.4362E+00  3.6376E-01
1.0315E-02  1.7826E+00  1.4188E+00  3.6376E-01
1.0318E-02  1.7673E+00  1.4035E+00  3.6376E-01
1.0320E-02  1.7536E+00  1.3898E+00  3.6376E-01
1.0323E-02  1.7435E+00  1.3797E+00  3.6376E-01
1.0325E-02  1.7389E+00  1.3751E+00  3.6376E-01
1.0328E-02  1.7270E+00  1.3632E+00  3.6376E-01
1.0330E-02  1.7172E+00  1.3534E+00  3.6376E-01
1.0332E-02  1.7085E+00  1.3447E+00  3.6376E-01
1.0335E-02  1.6997E+00  1.3359E+00  3.6376E-01
1.0338E-02  1.6910E+00  1.3272E+00  3.6376E-01
1.0340E-02  1.6834E+00  1.3196E+00  3.6376E-01
1.0342E-02  1.6738E+00  1.3100E+00  3.6376E-01
1.0345E-02  1.6658E+00  1.3020E+00  3.6376E-01
1.0348E-02  1.6607E+00  1.2970E+00  3.6376E-01
1.0350E-02  1.7229E+00  1.3591E+00  3.6376E-01
1.0352E-02  1.6512E+00  1.2875E+00  3.6376E-01
1.0355E-02  1.6588E+00  1.2950E+00  3.6376E-01
1.0358E-02  1.6495E+00  1.2857E+00  3.6376E-01
1.0360E-02  1.6445E+00  1.2807E+00  3.6376E-01
1.0363E-02  1.6461E+00  1.2824E+00  3.6376E-01
1.0365E-02  1.6272E+00  1.2635E+00  3.6376E-01
1.0367E-02  1.6246E+00  1.2609E+00  3.6376E-01
1.0370E-02  1.6172E+00  1.2535E+00  3.6376E-01
1.0373E-02  1.6125E+00  1.2487E+00  3.6376E-01
1.0375E-02  1.6092E+00  1.2454E+00  3.6376E-01
1.0377E-02  1.6052E+00  1.2414E+00  3.6377E-01
1.0380E-02  1.6109E+00  1.2471E+00  3.6377E-01
1.0383E-02  1.5991E+00  1.2354E+00  3.6377E-01
1.0385E-02  1.5972E+00  1.2334E+00  3.6377E-01
1.0387E-02  1.5932E+00  1.2294E+00  3.6377E-01
1.0390E-02  1.5903E+00  1.2266E+00  3.6377E-01
1.0393E-02  1.5876E+00  1.2239E+00  3.6377E-01
1.0395E-02  1.5848E+00  1.2211E+00  3.6377E-01
1.0398E-02  1.5983E+00  1.2346E+00  3.6377E-01
1.0400E-02  1.5792E+00  1.2155E+00  3.6377E-01
1.0403E-02  1.5763E+00  1.2126E+00  3.6377E-01
1.0405E-02  1.5735E+00  1.2098E+00  3.6377E-01
1.0408E-02  1.5713E+00  1.2075E+00  3.6377E-01
1.0410E-02  1.5707E+00  1.2070E+00  3.6377E-01
1.0412E-02  1.5659E+00  1.2021E+00  3.6377E-01
1.0415E-02  1.5673E+00  1.2036E+00  3.6377E-01
1.0418E-02  1.5616E+00  1.1978E+00  3.6377E-01
1.0420E-02  1.5795E+00  1.2158E+00  3.6377E-01
1.0422E-02  1.5687E+00  1.2049E+00  3.6377E-01
1.0425E-02  1.5585E+00  1.1947E+00  3.6377E-01
1.0428E-02  1.5540E+00  1.1903E+00  3.6377E-01
1.0430E-02  1.5532E+00  1.1894E+00  3.6377E-01
1.0432E-02  1.5506E+00  1.1868E+00  3.6377E-01
1.0435E-02  1.5501E+00  1.1863E+00  3.6377E-01
1.0438E-02  1.6026E+00  1.2388E+00  3.6377E-01
1.0440E-02  1.5465E+00  1.1827E+00  3.6377E-01
1.0443E-02  1.5462E+00  1.1824E+00  3.6377E-01
1.0445E-02  1.5465E+00  1.1827E+00  3.6377E-01
1.0448E-02  1.5411E+00  1.1773E+00  3.6377E-01
1.0450E-02  1.5400E+00  1.1763E+00  3.6377E-01
1.0452E-02  1.5365E+00  1.1727E+00  3.6377E-01
1.0455E-02  1.5415E+00  1.1777E+00  3.6377E-01
1.0457E-02  1.5472E+00  1.1835E+00  3.6377E-01
1.0460E-02  1.5320E+00  1.1682E+00  3.6377E-01
1.0463E-02  1.5341E+00  1.1703E+00  3.6377E-01
1.0465E-02  1.5288E+00  1.1651E+00  3.6377E-01
1.0467E-02  1.5294E+00  1.1656E+00  3.6377E-01
1.0470E-02  1.5291E+00  1.1653E+00  3.6377E-01
1.0473E-02  1.5287E+00  1.1649E+00  3.6378E-01
1.0475E-02  1.5245E+00  1.1608E+00  3.6378E-01
1.0477E-02  1.5220E+00  1.1582E+00  3.6378E-01
1.0480E-02  1.5236E+00  1.1599E+00  3.6378E-01
1.0483E-02  1.5195E+00  1.1557E+00  3.6378E-01
1.0485E-02  1.5189E+00  1.1552E+00  3.6378E-01
1.0488E-02  1.5172E+00  1.1534E+00  3.6378E-01
1.0490E-02  1.5158E+00  1.1520E+00  3.6378E-01
1.0493E-02  1.5144E+00  1.1506E+00  3.6378E-01
1.0495E-02  1.5133E+00  1.1495E+00  3.6378E-01
1.0497E-02  1.5120E+00  1.1483E+00  3.6378E-01
1.0500E-02  1.5112E+00  1.1474E+00  3.6378E-01
1.0502E-02  1.5107E+00  1.1469E+00  3.6378E-01
1.0505E-02  1.6603E+00  1.2965E+00  3.6378E-01
1.0508E-02  1.5073E+00  1.1435E+00  3.6378E-01
1.0510E-02  1.5078E+00  1.1441E+00  3.6378E-01
1.0512E-02  1.5058E+00  1.1420E+00  3.6378E-01
1.0515E-02  1.5034E+00  1.1396E+00  3.6378E-01
1.0518E-02  1.5082E+00  1.1444E+00  3.6378E-01
1.0520E-02  1.5039E+00  1.1401E+00  3.6378E-01
1.0523E-02  1.5071E+00  1.1433E+00  3.6378E-01
1.0525E-02  1.5436E+00  1.1798E+00  3.6378E-01
1.0528E-02  1.4998E+00  1.1360E+00  3.6378E-01
1.0530E-02  1.6016E+00  1.2379E+00  3.6378E-01
1.0533E-02  1.5161E+00  1.1523E+00  3.6378E-01
1.0535E-02  1.5352E+00  1.1714E+00  3.6378E-01
1.0537E-02  1.5120E+00  1.1482E+00  3.6378E-01
1.0540E-02  1.5007E+00  1.1369E+00  3.6378E-01
1.0542E-02  1.5142E+00  1.1504E+00  3.6378E-01
1.0545E-02  1.4967E+00  1.1330E+00  3.6378E-01
1.0547E-02  1.5007E+00  1.1370E+00  3.6378E-01
1.0550E-02  1.5031E+00  1.1393E+00  3.6378E-01
1.0553E-02  1.5050E+00  1.1412E+00  3.6378E-01
1.0555E-02  1.5204E+00  1.1567E+00  3.6378E-01
1.0557E-02  1.5451E+00  1.1813E+00  3.6378E-01
1.0560E-02  2.2139E+00  1.8501E+00  3.6378E-01
1.0563E-02  1.9760E+00  1.6122E+00  3.6378E-01
1.0565E-02  1.9686E+00  1.6048E+00  3.6378E-01
1.0568E-02  1.5169E+04  1.5169E+04  3.6378E-01
1.0570E-02  9.8125E+01  9.7761E+01  3.6378E-01
1.0573E-02  1.7101E+00  1.3463E+00  3.6379E-01
1.0575E-02  2.0985E+00  1.7348E+00  3.6379E-01
1.0578E-02  1.5284E+00  1.1646E+00  3.6379E-01
1.0580E-02  1.4998E+00  1.1360E+00  3.6379E-01
1.0582E-02  1.4892E+00  1.1254E+00  3.6379E-01
1.0585E-02  1.4842E+00  1.1205E+00  3.6379E-01
1.0588E-02  1.4806E+00  1.1169E+00  3.6379E-01
1.0590E-02  1.4778E+00  1.1141E+00  3.6379E-01
1.0592E-02  1.4785E+00  1.1147E+00  3.6379E-01
1.0595E-02  1.4755E+00  1.1117E+00  3.6379E-01
1.0598E-02  1.4791E+00  1.1153E+00  3.6379E-01
1.0600E-02  1.4719E+00  1.1081E+00  3.6379E-01
1.0602E-02  1.4704E+00  1.1066E+00  3.6379E-01
1.0605E-02  1.4706E+00  1.1069E+00  3.6379E-01
1.0608E-02  1.4765E+00  1.1127E+00  3.6379E-01
1.0610E-02  1.4674E+00  1.1036E+00  3.6379E-01
1.0613E-02  1.4749E+00  1.1111E+00  3.6379E-01
1.0615E-02  1.4763E+00  1.1125E+00  3.6379E-01
1.0618E-02  1.4675E+00  1.1037E+00  3.6379E-01
1.0620E-02  1.4631E+00  1.0993E+00  3.6379E-01
1.0622E-02  1.4841E+00  1.1203E+00  3.6379E-01
1.0625E-02  1.4884E+00  1.1246E+00  3.6379E-01
1.0627E-02  1.4600E+00  1.0962E+00  3.6379E-01
1.0630E-02  1.4596E+00  1.0959E+00  3.6379E-01
1.0633E-02  1.4594E+00  1.0956E+00  3.6379E-01
1.0635E-02  1.4595E+00  1.0957E+00  3.6379E-01
1.0637E-02  1.4561E+00  1.0923E+00  3.6379E-01
1.0640E-02  1.4553E+00  1.0915E+00  3.6379E-01
1.0643E-02  1.4581E+00  1.0943E+00  3.6379E-01
1.0645E-02  1.4533E+00  1.0895E+00  3.6379E-01
1.0648E-02  1.4522E+00  1.0884E+00  3.6379E-01
1.0650E-02  1.4512E+00  1.0874E+00  3.6379E-01
1.0653E-02  1.4506E+00  1.0868E+00  3.6379E-01
1.0655E-02  1.4494E+00  1.0856E+00  3.6379E-01
1.0658E-02  1.4713E+00  1.1075E+00  3.6379E-01
1.0660E-02  1.4479E+00  1.0841E+00  3.6379E-01
1.0663E-02  1.4481E+00  1.0844E+00  3.6379E-01
1.0665E-02  1.4459E+00  1.0821E+00  3.6379E-01
1.0667E-02  1.4450E+00  1.0812E+00  3.6379E-01
1.0670E-02  1.4441E+00  1.0804E+00  3.6379E-01
1.0672E-02  1.4433E+00  1.0795E+00  3.6379E-01
1.0675E-02  1.4426E+00  1.0788E+00  3.6380E-01
1.0678E-02  1.4417E+00  1.0779E+00  3.6380E-01
1.0680E-02  1.4408E+00  1.0770E+00  3.6380E-01
1.0682E-02  1.4400E+00  1.0762E+00  3.6380E-01
1.0685E-02  1.4392E+00  1.0754E+00  3.6380E-01
1.0688E-02  1.4384E+00  1.0746E+00  3.6380E-01
1.0690E-02  1.4376E+00  1.0738E+00  3.6380E-01
1.0693E-02  1.4369E+00  1.0731E+00  3.6380E-01
1.0695E-02  1.4361E+00  1.0723E+00  3.6380E-01
1.0698E-02  1.4351E+00  1.0713E+00  3.6380E-01
1.0700E-02  1.4725E+00  1.1087E+00  3.6380E-01
1.0703E-02  1.4334E+00  1.0697E+00  3.6380E-01
1.0705E-02  1.4326E+00  1.0688E+00  3.6380E-01
1.0708E-02  1.4318E+00  1.0680E+00  3.6380E-01
1.0710E-02  1.4336E+00  1.0698E+00  3.6380E-01
1.0712E-02  1.4306E+00  1.0668E+00  3.6380E-01
1.0715E-02  1.4294E+00  1.0656E+00  3.6380E-01
1.0717E-02  1.4286E+00  1.0648E+00  3.6380E-01
1.0720E-02  1.4282E+00  1.0644E+00  3.6380E-01
1.0723E-02  1.4335E+00  1.0697E+00  3.6380E-01
1.0725E-02  1.4328E+00  1.0690E+00  3.6380E-01
1.0727E-02  1.4272E+00  1.0634E+00  3.6380E-01
1.0730E-02  1.4249E+00  1.0611E+00  3.6380E-01
1.0733E-02  1.4244E+00  1.0606E+00  3.6380E-01
1.0735E-02  1.4358E+00  1.0720E+00  3.6380E-01
1.0738E-02  1.4233E+00  1.0595E+00  3.6380E-01
1.0740E-02  1.4363E+00  1.0725E+00  3.6380E-01
1.0743E-02  1.4293E+00  1.0655E+00  3.6380E-01
1.0745E-02  1.4205E+00  1.0567E+00  3.6380E-01
1.0748E-02  1.4219E+00  1.0581E+00  3.6380E-01
1.0750E-02  1.4188E+00  1.0550E+00  3.6380E-01
1.0752E-02  1.4192E+00  1.0554E+00  3.6380E-01
1.0755E-02  1.4192E+00  1.0554E+00  3.6380E-01
1.0757E-02  1.4190E+00  1.0552E+00  3.6380E-01
1.0760E-02  1.4151E+00  1.0513E+00  3.6380E-01
1.0762E-02  1.4236E+00  1.0598E+00  3.6380E-01
1.0765E-02  1.4139E+00  1.0501E+00  3.6380E-01
1.0768E-02  1.4124E+00  1.0486E+00  3.6380E-01
1.0770E-02  1.4117E+00  1.0479E+00  3.6380E-01
1.0773E-02  1.4112E+00  1.0474E+00  3.6380E-01
1.0775E-02  1.4100E+00  1.0462E+00  3.6380E-01
1.0778E-02  1.4092E+00  1.0453E+00  3.6380E-01
1.0780E-02  1.4084E+00  1.0446E+00  3.6381E-01
1.0783E-02  1.4076E+00  1.0438E+00  3.6381E-01
1.0785E-02  1.4070E+00  1.0432E+00  3.6381E-01
1.0788E-02  1.4061E+00  1.0422E+00  3.6381E-01
1.0790E-02  1.4053E+00  1.0415E+00  3.6381E-01
1.0793E-02  1.4047E+00  1.0409E+00  3.6381E-01
1.0795E-02  1.4045E+00  1.0407E+00  3.6381E-01
1.0797E-02  1.4071E+00  1.0433E+00  3.6381E-01
1.0800E-02  1.4023E+00  1.0385E+00  3.6381E-01
1.0802E-02  1.4015E+00  1.0377E+00  3.6381E-01
1.0805E-02  1.4007E+00  1.0368E+00  3.6381E-01
1.0807E-02  1.4000E+00  1.0362E+00  3.6381E-01
1.0810E-02  1.3993E+00  1.0355E+00  3.6381E-01
1.0813E-02  1.3991E+00  1.0353E+00  3.6381E-01
1.0815E-02  1.3977E+00  1.0339E+00  3.6381E-01
1.0818E-02  1.4656E+00  1.1018E+00  3.6381E-01
1.0820E-02  1.3993E+00  1.0355E+00  3.6381E-01
1.0823E-02  1.3953E+00  1.0315E+00  3.6381E-01
1.0825E-02  1.3946E+00  1.0308E+00  3.6381E-01
1.0828E-02  1.3938E+00  1.0300E+00  3.6381E-01
1.0830E-02  1.3930E+00  1.0292E+00  3.6381E-01
1.0833E-02  1.3922E+00  1.0284E+00  3.6381E-01
1.0835E-02  1.3915E+00  1.0277E+00  3.6381E-01
1.0837E-02  1.3931E+00  1.0293E+00  3.6381E-01
1.0840E-02  1.3899E+00  1.0261E+00  3.6381E-01
1.0842E-02  1.3892E+00  1.0254E+00  3.6381E-01
1.0845E-02  1.3884E+00  1.0246E+00  3.6381E-01
1.0847E-02  1.3876E+00  1.0238E+00  3.6381E-01
1.0850E-02  1.3869E+00  1.0231E+00  3.6381E-01
1.0852E-02  1.3861E+00  1.0223E+00  3.6381E-01
1.0855E-02  1.3854E+00  1.0216E+00  3.6381E-01
1.0858E-02  1.3846E+00  1.0208E+00  3.6381E-01
1.0860E-02  1.3840E+00  1.0202E+00  3.6381E-01
1.0863E-02  1.3832E+00  1.0193E+00  3.6381E-01
1.0865E-02  1.3825E+00  1.0187E+00  3.6381E-01
1.0868E-02  1.3819E+00  1.0181E+00  3.6381E-01
1.0870E-02  1.3810E+00  1.0172E+00  3.6381E-01
1.0873E-02  1.3807E+00  1.0168E+00  3.6381E-01
1.0875E-02  1.3796E+00  1.0158E+00  3.6381E-01
1.0878E-02  1.3804E+00  1.0166E+00  3.6381E-01
1.0880E-02  1.3814E+00  1.0176E+00  3.6381E-01
1.0882E-02  1.3828E+00  1.0190E+00  3.6381E-01
1.0885E-02  1.3783E+00  1.0145E+00  3.6381E-01
1.0887E-02  1.3835E+00  1.0197E+00  3.6381E-01
1.0890E-02  1.3755E+00  1.0117E+00  3.6382E-01
1.0893E-02  1.3745E+00  1.0107E+00  3.6382E-01
1.0895E-02  1.3737E+00  1.0099E+00  3.6382E-01
1.0898E-02  1.3730E+00  1.0092E+00  3.6382E-01
1.0900E-02  1.3726E+00  1.0088E+00  3.6382E-01
1.0903E-02  1.3724E+00  1.0086E+00  3.6382E-01
1.0905E-02  1.3718E+00  1.0080E+00  3.6382E-01
1.0908E-02  1.3745E+00  1.0107E+00  3.6382E-01
1.0910E-02  1.3731E+00  1.0093E+00  3.6382E-01
1.0913E-02  1.3701E+00  1.0063E+00  3.6382E-01
1.0915E-02  1.3702E+00  1.0064E+00  3.6382E-01
1.0918E-02  1.3737E+00  1.0099E+00  3.6382E-01
1.0920E-02  1.3689E+00  1.0051E+00  3.6382E-01
1.0922E-02  1.3699E+00  1.0060E+00  3.6382E-01
1.0925E-02  1.3857E+00  1.0219E+00  3.6382E-01
1.0927E-02  1.3652E+00  1.0014E+00  3.6382E-01
1.0930E-02  1.3775E+00  1.0137E+00  3.6382E-01
1.0932E-02  1.3633E+00  9.9944E-01  3.6382E-01
1.0935E-02  1.3625E+00  9.9870E-01  3.6382E-01
1.0938E-02  1.3618E+00  9.9798E-01  3.6382E-01
1.0940E-02  1.3628E+00  9.9899E-01  3.6382E-01
1.0943E-02  1.3604E+00  9.9661E-01  3.6382E-01
1.0945E-02  1.3598E+00  9.9594E-01  3.6382E-01
1.0948E-02  1.3592E+00  9.9539E-01  3.6382E-01
1.0950E-02  1.3584E+00  9.9456E-01  3.6382E-01
1.0953E-02  1.3591E+00  9.9527E-01  3.6382E-01
1.0955E-02  1.3570E+00  9.9315E-01  3.6382E-01
1.0958E-02  1.3566E+00  9.9275E-01  3.6382E-01
1.0960E-02  1.3557E+00  9.9183E-01  3.6382E-01
1.0963E-02  1.3550E+00  9.9114E-01  3.6382E-01
1.0965E-02  1.3543E+00  9.9052E-01  3.6382E-01
1.0967E-02  1.3540E+00  9.9019E-01  3.6382E-01
1.0970E-02  1.3537E+00  9.8992E-01  3.6382E-01
1.0972E-02  1.3532E+00  9.8940E-01  3.6382E-01
1.0975E-02  1.3522E+00  9.8837E-01  3.6382E-01
1.0977E-02  1.3523E+00  9.8849E-01  3.6382E-01
1.0980E-02  1.3562E+00  9.9239E-01  3.6382E-01
1.0983E-02  2.4198E+00  2.0560E+00  3.6382E-01
1.0985E-02  1.3503E+00  9.8645E-01  3.6382E-01
1.0988E-02  1.3487E+00  9.8486E-01  3.6382E-01
1.0990E-02  1.3479E+00  9.8412E-01  3.6382E-01
1.0993E-02  1.3475E+00  9.8372E-01  3.6382E-01
1.0995E-02  2.8713E+00  2.5075E+00  3.6382E-01
1.0998E-02  1.3488E+00  9.8494E-01  3.6382E-01
1.1000E-02  1.3481E+00  9.8423E-01  3.6382E-01
1.1003E-02  1.3446E+00  9.8077E-01  3.6383E-01
1.1005E-02  1.3443E+00  9.8051E-01  3.6383E-01
1.1007E-02  1.3441E+00  9.8028E-01  3.6383E-01
1.1010E-02  1.3433E+00  9.7944E-01  3.6383E-01
1.1012E-02  1.3438E+00  9.7997E-01  3.6383E-01
1.1015E-02  1.3425E+00  9.7862E-01  3.6383E-01
1.1017E-02  1.3409E+00  9.7711E-01  3.6383E-01
1.1020E-02  1.3412E+00  9.7742E-01  3.6383E-01
1.1023E-02  1.3405E+00  9.7669E-01  3.6383E-01
1.1025E-02  1.3434E+00  9.7956E-01  3.6383E-01
1.1028E-02  1.3398E+00  9.7599E-01  3.6383E-01
1.1030E-02  1.3378E+00  9.7398E-01  3.6383E-01
1.1033E-02  1.3367E+00  9.7292E-01  3.6383E-01
1.1035E-02  1.3361E+00  9.7222E-01  3.6383E-01
1.1038E-02  1.3354E+00  9.7154E-01  3.6383E-01
1.1040E-02  1.3347E+00  9.7089E-01  3.6383E-01
1.1043E-02  1.3341E+00  9.7025E-01  3.6383E-01
1.1045E-02  1.3335E+00  9.6962E-01  3.6383E-01
1.1048E-02  1.3328E+00  9.6900E-01  3.6383E-01
1.1050E-02  1.3322E+00  9.6838E-01  3.6383E-01
1.1052E-02  1.3316E+00  9.6781E-01  3.6383E-01
1.1055E-02  1.3353E+00  9.7146E-01  3.6383E-01
1.1057E-02  1.3303E+00  9.6652E-01  3.6383E-01
1.1060E-02  1.3297E+00  9.6591E-01  3.6383E-01
1.1062E-02  1.3291E+00  9.6532E-01  3.6383E-01
1.1065E-02  1.3287E+00  9.6484E-01  3.6383E-01
1.1068E-02  1.3280E+00  9.6414E-01  3.6383E-01
1.1070E-02  1.3275E+00  9.6366E-01  3.6383E-01
1.1073E-02  1.3307E+00  9.6686E-01  3.6383E-01
1.1075E-02  1.3270E+00  9.6317E-01  3.6383E-01
1.1078E-02  1.3264E+00  9.6259E-01  3.6383E-01
1.1080E-02  1.3269E+00  9.6305E-01  3.6383E-01
1.1083E-02  1.5167E+00  1.1529E+00  3.6383E-01
1.1085E-02  1.3245E+00  9.6064E-01  3.6383E-01
1.1088E-02  1.3240E+00  9.6016E-01  3.6383E-01
1.1090E-02  1.3245E+00  9.6070E-01  3.6383E-01
1.1092E-02  1.3261E+00  9.6223E-01  3.6383E-01
1.1095E-02  1.3220E+00  9.5814E-01  3.6383E-01
1.1097E-02  1.3209E+00  9.5706E-01  3.6383E-01
1.1100E-02  1.3203E+00  9.5644E-01  3.6383E-01
1.1102E-02  1.3195E+00  9.5571E-01  3.6383E-01
1.1105E-02  1.3189E+00  9.5506E-01  3.6383E-01
1.1107E-02  1.3183E+00  9.5449E-01  3.6383E-01
1.1110E-02  1.3178E+00  9.5398E-01  3.6383E-01
1.1113E-02  1.3172E+00  9.5333E-01  3.6383E-01
1.1115E-02  1.3167E+00  9.5283E-01  3.6383E-01
1.1118E-02  1.3182E+00  9.5439E-01  3.6384E-01
1.1120E-02  1.3161E+00  9.5224E-01  3.6384E-01
1.1123E-02  1.3186E+00  9.5477E-01  3.6384E-01
1.1125E-02  1.3157E+00  9.5189E-01  3.6384E-01
1.1128E-02  1.3152E+00  9.5133E-01  3.6384E-01
1.1130E-02  1.3147E+00  9.5084E-01  3.6384E-01
1.1133E-02  1.3144E+00  9.5053E-01  3.6384E-01
1.1135E-02  1.3132E+00  9.4936E-01  3.6384E-01
1.1137E-02  1.3134E+00  9.4953E-01  3.6384E-01
1.1140E-02  1.3113E+00  9.4742E-01  3.6384E-01
1.1142E-02  1.3103E+00  9.4646E-01  3.6384E-01
1.1145E-02  1.3096E+00  9.4580E-01  3.6384E-01
1.1148E-02  1.3092E+00  9.4534E-01  3.6384E-01
1.1150E-02  1.3084E+00  9.4459E-01  3.6384E-01
1.1153E-02  1.3080E+00  9.4413E-01  3.6384E-01
1.1155E-02  1.3074E+00  9.4354E-01  3.6384E-01
1.1158E-02  1.3070E+00  9.4318E-01  3.6384E-01
1.1160E-02  1.3062E+00  9.4238E-01  3.6384E-01
1.1163E-02  1.3056E+00  9.4173E-01  3.6384E-01
1.1165E-02  1.3050E+00  9.4119E-01  3.6384E-01
1.1168E-02  1.3047E+00  9.4083E-01  3.6384E-01
1.1170E-02  1.3044E+00  9.4056E-01  3.6384E-01
1.1173E-02  1.3040E+00  9.4019E-01  3.6384E-01
1.1175E-02  1.3027E+00  9.3886E-01  3.6384E-01
1.1177E-02  1.3021E+00  9.3823E-01  3.6384E-01
1.1180E-02  1.3014E+00  9.3761E-01  3.6384E-01
1.1182E-02  1.3009E+00  9.3706E-01  3.6384E-01
1.1185E-02  1.3003E+00  9.3651E-01  3.6384E-01
1.1187E-02  1.2998E+00  9.3592E-01  3.6384E-01
1.1190E-02  1.2992E+00  9.3537E-01  3.6384E-01
1.1193E-02  1.2987E+00  9.3482E-01  3.6384E-01
1.1195E-02  1.2982E+00  9.3435E-01  3.6384E-01
1.1198E-02  1.2997E+00  9.3584E-01  3.6384E-01
1.1200E-02  1.2971E+00  9.3322E-01  3.6384E-01
1.1203E-02  1.2966E+00  9.3272E-01  3.6384E-01
1.1205E-02  1.2982E+00  9.3436E-01  3.6384E-01
1.1208E-02  1.2982E+00  9.3436E-01  3.6384E-01
1.1210E-02  1.2982E+00  9.3434E-01  3.6384E-01
1.1213E-02  1.2946E+00  9.3075E-01  3.6384E-01
1.1215E-02  1.2942E+00  9.3038E-01  3.6384E-01
1.1218E-02  1.2932E+00  9.2935E-01  3.6384E-01
1.1220E-02  1.2926E+00  9.2871E-01  3.6384E-01
1.1222E-02  1.2920E+00  9.2817E-01  3.6384E-01
1.1225E-02  1.2915E+00  9.2764E-01  3.6384E-01
1.1227E-02  1.2910E+00  9.2720E-01  3.6384E-01
1.1230E-02  1.2906E+00  9.2673E-01  3.6384E-01
1.1232E-02  1.2902E+00  9.2632E-01  3.6384E-01
1.1235E-02  1.2893E+00  9.2550E-01  3.6384E-01
1.1238E-02  1.2887E+00  9.2490E-01  3.6385E-01
1.1240E-02  1.2885E+00  9.2463E-01  3.6385E-01
1.1243E-02  1.2880E+00  9.2417E-01  3.6385E-01
1.1245E-02  1.3031E+00  9.3922E-01  3.6385E-01
1.1248E-02  1.2867E+00  9.2290E-01  3.6385E-01
1.1250E-02  1.2861E+00  9.2223E-01  3.6385E-01
1.1253E-02  1.2860E+00  9.2213E-01  3.6385E-01
1.1255E-02  1.2851E+00  9.2121E-01  3.6385E-01
1.1258E-02  1.2845E+00  9.2062E-01  3.6385E-01
1.1260E-02  1.2839E+00  9.2010E-01  3.6385E-01
1.1262E-02  1.2845E+00  9.2069E-01  3.6385E-01
1.1265E-02  1.2841E+00  9.2027E-01  3.6385E-01
1.1267E-02  1.2834E+00  9.1950E-01  3.6385E-01
1.1270E-02  1.2819E+00  9.1810E-01  3.6385E-01
1.1273E-02  1.2815E+00  9.1761E-01  3.6385E-01
1.1275E-02  1.2808E+00  9.1698E-01  3.6385E-01
1.1277E-02  1.2803E+00  9.1649E-01  3.6385E-01
1.1280E-02  1.2798E+00  9.1598E-01  3.6385E-01
1.1283E-02  1.2799E+00  9.1605E-01  3.6385E-01
1.1285E-02  1.2791E+00  9.1522E-01  3.6385E-01
1.1288E-02  1.3149E+00  9.5107E-01  3.6385E-01
1.1290E-02  1.2785E+00  9.1461E-01  3.6385E-01
1.1293E-02  1.2781E+00  9.1422E-01  3.6385E-01
1.1295E-02  1.2772E+00  9.1338E-01  3.6385E-01
1.1298E-02  1.2778E+00  9.1395E-01  3.6385E-01
1.1300E-02  1.3316E+00  9.6774E-01  3.6385E-01
1.1303E-02  1.2767E+00  9.1281E-01  3.6385E-01
1.1305E-02  1.2816E+00  9.1773E-01  3.6385E-01
1.1307E-02  1.2749E+00  9.1103E-01  3.6385E-01
1.1310E-02  1.2748E+00  9.1096E-01  3.6385E-01
1.1312E-02  1.2969E+00  9.3300E-01  3.6385E-01
1.1315E-02  1.2738E+00  9.0999E-01  3.6385E-01
1.1318E-02  1.2725E+00  9.0870E-01  3.6385E-01
1.1320E-02  1.2726E+00  9.0876E-01  3.6385E-01
1.1322E-02  1.4874E+00  1.1235E+00  3.6385E-01
1.1325E-02  1.2744E+00  9.1051E-01  3.6385E-01
1.1328E-02  1.2714E+00  9.0757E-01  3.6385E-01
1.1330E-02  1.2702E+00  9.0637E-01  3.6385E-01
1.1333E-02  1.2711E+00  9.0722E-01  3.6385E-01
1.1335E-02  1.2717E+00  9.0782E-01  3.6385E-01
1.1338E-02  1.2684E+00  9.0452E-01  3.6385E-01
1.1340E-02  1.2693E+00  9.0548E-01  3.6385E-01
1.1343E-02  1.2795E+00  9.1560E-01  3.6385E-01
1.1345E-02  1.2674E+00  9.0359E-01  3.6385E-01
1.1347E-02  1.2662E+00  9.0238E-01  3.6385E-01
1.1350E-02  1.2657E+00  9.0188E-01  3.6385E-01
1.1352E-02  1.2656E+00  9.0170E-01  3.6385E-01
1.1355E-02  1.2647E+00  9.0080E-01  3.6385E-01
1.1357E-02  1.2641E+00  9.0026E-01  3.6385E-01
1.1360E-02  1.2636E+00  8.9979E-01  3.6386E-01
1.1363E-02  1.2632E+00  8.9937E-01  3.6386E-01
1.1365E-02  1.2629E+00  8.9904E-01  3.6386E-01
1.1367E-02  1.2622E+00  8.9834E-01  3.6386E-01
1.1370E-02  1.2663E+00  9.0248E-01  3.6386E-01
1.1373E-02  1.2612E+00  8.9735E-01  3.6386E-01
1.1375E-02  1.2698E+00  9.0590E-01  3.6386E-01
1.1378E-02  1.2603E+00  8.9643E-01  3.6386E-01
1.1380E-02  1.2598E+00  8.9598E-01  3.6386E-01
1.1383E-02  1.2612E+00  8.9738E-01  3.6386E-01
1.1385E-02  1.3807E+00  1.0169E+00  3.6386E-01
1.1388E-02  1.2584E+00  8.9457E-01  3.6386E-01
1.1390E-02  1.2986E+00  9.3474E-01  3.6386E-01
1.1392E-02  1.3474E+00  9.8350E-01  3.6386E-01
1.1395E-02  1.2606E+00  8.9673E-01  3.6386E-01
1.1398E-02  1.5883E+00  1.2244E+00  3.6386E-01
1.1400E-02  1.3085E+00  9.4463E-01  3.6386E-01
1.1402E-02  1.6907E+00  1.3268E+00  3.6386E-01
1.1405E-02  1.3283E+00  9.6442E-01  3.6386E-01
1.1408E-02  1.2574E+00  8.9354E-01  3.6386E-01
1.1410E-02  1.2546E+00  8.9072E-01  3.6386E-01
1.1412E-02  1.2539E+00  8.9008E-01  3.6386E-01
1.1415E-02  1.2534E+00  8.8954E-01  3.6386E-01
1.1418E-02  1.2530E+00  8.8909E-01  3.6386E-01
1.1420E-02  1.2569E+00  8.9299E-01  3.6386E-01
1.1423E-02  1.2529E+00  8.8906E-01  3.6386E-01
1.1425E-02  1.2570E+00  8.9315E-01  3.6386E-01
1.1428E-02  1.2633E+00  8.9941E-01  3.6386E-01
1.1430E-02  1.4344E+00  1.0705E+00  3.6386E-01
1.1432E-02  1.2542E+00  8.9030E-01  3.6386E-01
1.1435E-02  1.2538E+00  8.8989E-01  3.6386E-01
1.1437E-02  1.2495E+00  8.8569E-01  3.6386E-01
1.1440E-02  1.2492E+00  8.8536E-01  3.6386E-01
1.1443E-02  1.2527E+00  8.8885E-01  3.6386E-01
1.1445E-02  1.2490E+00  8.8512E-01  3.6386E-01
1.1447E-02  1.2477E+00  8.8387E-01  3.6386E-01
1.1450E-02  1.2735E+00  9.0961E-01  3.6386E-01
1.1453E-02  1.8026E+00  1.4388E+00  3.6386E-01
1.1455E-02  1.2468E+00  8.8292E-01  3.6386E-01
1.1458E-02  1.2991E+00  9.3528E-01  3.6386E-01
1.1460E-02  1.2501E+00  8.8623E-01  3.6386E-01
1.1463E-02  1.2450E+00  8.8115E-01  3.6386E-01
1.1465E-02  1.2467E+00  8.8280E-01  3.6386E-01
1.1468E-02  1.2443E+00  8.8042E-01  3.6386E-01
1.1470E-02  1.2445E+00  8.8068E-01  3.6386E-01
1.1473E-02  1.2986E+00  9.3473E-01  3.6386E-01
1.1475E-02  1.2460E+00  8.8217E-01  3.6386E-01
1.1477E-02  1.2473E+00  8.8339E-01  3.6386E-01
1.1480E-02  1.2426E+00  8.7869E-01  3.6386E-01
1.1482E-02  1.2417E+00  8.7779E-01  3.6386E-01
1.1485E-02  1.2410E+00  8.7712E-01  3.6386E-01
1.1488E-02  1.2411E+00  8.7724E-01  3.6387E-01
1.1490E-02  1.2451E+00  8.8126E-01  3.6387E-01
1.1492E-02  1.7838E+00  1.4199E+00  3.6387E-01
1.1495E-02  1.4102E+00  1.0464E+00  3.6387E-01
1.1498E-02  1.2748E+00  9.1094E-01  3.6387E-01
1.1500E-02  1.2563E+00  8.9248E-01  3.6387E-01
1.1503E-02  1.2570E+00  8.9309E-01  3.6387E-01
1.1505E-02  1.2383E+00  8.7448E-01  3.6387E-01
1.1508E-02  1.2387E+00  8.7487E-01  3.6387E-01
1.1510E-02  1.2468E+00  8.8295E-01  3.6387E-01
1.1513E-02  1.4228E+00  1.0589E+00  3.6387E-01
1.1515E-02  9.2906E+00  8.9268E+00  3.6387E-01
1.1517E-02  1.3679E+00  1.0041E+00  3.6387E-01
1.1520E-02  1.5039E+00  1.1400E+00  3.6387E-01
1.1523E-02  1.2353E+00  8.7148E-01  3.6387E-01
1.1525E-02  1.2346E+00  8.7071E-01  3.6387E-01
1.1527E-02  1.2343E+00  8.7047E-01  3.6387E-01
1.1530E-02  1.2359E+00  8.7206E-01  3.6387E-01
1.1533E-02  1.2341E+00  8.7023E-01  3.6387E-01
1.1535E-02  1.2653E+00  9.0144E-01  3.6387E-01
1.1537E-02  1.2433E+00  8.7939E-01  3.6387E-01
1.1540E-02  1.2340E+00  8.7013E-01  3.6387E-01
1.1543E-02  1.2323E+00  8.6840E-01  3.6387E-01
1.1545E-02  1.2315E+00  8.6765E-01  3.6387E-01
1.1548E-02  1.2312E+00  8.6732E-01  3.6387E-01
1.1550E-02  1.2347E+00  8.7080E-01  3.6387E-01
1.1553E-02  2.0616E+00  1.6978E+00  3.6387E-01
1.1555E-02  1.2302E+00  8.6632E-01  3.6387E-01
1.1558E-02  1.2320E+00  8.6814E-01  3.6387E-01
1.1560E-02  1.2441E+00  8.8025E-01  3.6387E-01
1.1562E-02  1.2290E+00  8.6512E-01  3.6387E-01
1.1565E-02  1.2286E+00  8.6473E-01  3.6387E-01
1.1568E-02  1.2283E+00  8.6446E-01  3.6387E-01
1.1570E-02  1.2280E+00  8.6408E-01  3.6387E-01
1.1572E-02  1.2276E+00  8.6374E-01  3.6387E-01
1.1575E-02  1.2276E+00  8.6373E-01  3.6387E-01
1.1578E-02  1.2304E+00  8.6657E-01  3.6387E-01
1.1580E-02  1.3068E+00  9.4288E-01  3.6387E-01
1.1582E-02  1.5554E+00  1.1915E+00  3.6387E-01
1.1585E-02  1.2263E+00  8.6243E-01  3.6387E-01
1.1588E-02  1.2257E+00  8.6178E-01  3.6387E-01
1.1590E-02  1.2850E+00  9.2115E-01  3.6387E-01
1.1593E-02  1.2849E+00  9.2104E-01  3.6387E-01
1.1595E-02  1.2245E+00  8.6063E-01  3.6387E-01
1.1598E-02  1.2247E+00  8.6080E-01  3.6387E-01
1.1600E-02  1.2994E+00  9.3552E-01  3.6387E-01
1.1602E-02  1.2241E+00  8.6019E-01  3.6387E-01
1.1605E-02  1.2231E+00  8.5927E-01  3.6387E-01
1.1607E-02  1.2249E+00  8.6101E-01  3.6387E-01
1.1610E-02  1.2227E+00  8.5879E-01  3.6387E-01
1.1613E-02  1.2224E+00  8.5850E-01  3.6387E-01
1.1615E-02  1.2828E+00  9.1889E-01  3.6387E-01
1.1617E-02  1.2411E+00  8.7722E-01  3.6387E-01
1.1620E-02  1.4533E+00  1.0895E+00  3.6388E-01
1.1623E-02  1.2396E+00  8.7571E-01  3.6388E-01
1.1625E-02  1.2227E+00  8.5884E-01  3.6388E-01
1.1627E-02  1.2292E+00  8.6528E-01  3.6388E-01
1.1630E-02  1.2404E+00  8.7656E-01  3.6388E-01
1.1633E-02  1.2212E+00  8.5736E-01  3.6388E-01
1.1635E-02  1.2204E+00  8.5657E-01  3.6388E-01
1.1638E-02  1.2213E+00  8.5739E-01  3.6388E-01
1.1640E-02  1.5677E+00  1.2039E+00  3.6388E-01
1.1643E-02  1.6651E+00  1.3012E+00  3.6388E-01
1.1645E-02  1.2486E+00  8.8471E-01  3.6388E-01
1.1648E-02  1.2446E+00  8.8073E-01  3.6388E-01
1.1650E-02  1.2237E+00  8.5980E-01  3.6388E-01
1.1652E-02  1.2227E+00  8.5885E-01  3.6388E-01
1.1655E-02  1.2185E+00  8.5467E-01  3.6388E-01
1.1658E-02  1.2184E+00  8.5455E-01  3.6388E-01
1.1660E-02  1.2182E+00  8.5433E-01  3.6388E-01
1.1662E-02  1.2220E+00  8.5811E-01  3.6388E-01
1.1665E-02  1.2239E+00  8.5999E-01  3.6388E-01
1.1668E-02  1.2190E+00  8.5510E-01  3.6388E-01
1.1670E-02  1.2833E+00  9.1941E-01  3.6388E-01
1.1672E-02  1.2343E+00  8.7044E-01  3.6388E-01
1.1675E-02  1.2220E+00  8.5811E-01  3.6388E-01
1.1678E-02  1.2179E+00  8.5405E-01  3.6388E-01
1.1680E-02  4.3202E+00  3.9563E+00  3.6388E-01
1.1683E-02  1.2168E+00  8.5293E-01  3.6388E-01
1.1685E-02  1.2177E+00  8.5380E-01  3.6388E-01
1.1687E-02  1.2705E+00  9.0664E-01  3.6388E-01
1.1690E-02  1.2161E+00  8.5220E-01  3.6388E-01
1.1693E-02  1.2152E+00  8.5128E-01  3.6388E-01
1.1695E-02  1.2150E+00  8.5114E-01  3.6388E-01
1.1697E-02  1.2148E+00  8.5096E-01  3.6388E-01
1.1700E-02  1.2260E+00  8.6209E-01  3.6388E-01
1.1703E-02  1.3839E+00  1.0200E+00  3.6388E-01
1.1705E-02  1.2147E+00  8.5079E-01  3.6388E-01
1.1707E-02  1.3023E+00  9.3837E-01  3.6388E-01
1.1710E-02  1.2191E+00  8.5524E-01  3.6388E-01
1.1713E-02  1.2149E+00  8.5099E-01  3.6388E-01
1.1715E-02  1.2148E+00  8.5089E-01  3.6388E-01
1.1717E-02  1.2154E+00  8.5152E-01  3.6388E-01
1.1720E-02  1.2284E+00  8.6447E-01  3.6388E-01
1.1723E-02  1.2252E+00  8.6127E-01  3.6388E-01
1.1725E-02  1.5149E+00  1.1510E+00  3.6388E-01
1.1728E-02  1.2511E+00  8.8726E-01  3.6388E-01
1.1730E-02  1.2286E+00  8.6474E-01  3.6388E-01
1.1732E-02  1.2195E+00  8.5566E-01  3.6388E-01
1.1735E-02  1.2155E+00  8.5159E-01  3.6388E-01
1.1738E-02  1.2161E+00  8.5223E-01  3.6388E-01
1.1740E-02  1.2240E+00  8.6008E-01  3.6388E-01
1.1742E-02  1.3224E+00  9.5851E-01  3.6388E-01
1.1745E-02  1.8432E+00  1.4793E+00  3.6388E-01
1.1748E-02  2.0389E+00  1.6750E+00  3.6388E-01
1.1750E-02  1.4987E+00  1.1348E+00  3.6388E-01
1.1752E-02  1.2658E+00  9.0187E-01  3.6388E-01
1.1755E-02  1.2617E+00  8.9782E-01  3.6388E-01
1.1758E-02  1.2296E+00  8.6574E-01  3.6389E-01
1.1760E-02  1.2459E+00  8.8198E-01  3.6389E-01
1.1763E-02  1.3766E+00  1.0127E+00  3.6389E-01
1.1765E-02  1.9278E+00  1.5639E+00  3.6389E-01
1.1768E-02  5.4763E+00  5.1125E+00  3.6389E-01
1.1770E-02  1.9263E+00  1.5624E+00  3.6389E-01
1.1773E-02  1.3601E+00  9.9623E-01  3.6389E-01
1.1775E-02  1.2573E+00  8.9342E-01  3.6389E-01
1.1777E-02  1.2313E+00  8.6741E-01  3.6389E-01
1.1780E-02  1.2426E+00  8.7873E-01  3.6389E-01
1.1783E-02  1.3277E+00  9.6377E-01  3.6389E-01
1.1785E-02  1.5200E+00  1.1561E+00  3.6389E-01
1.1787E-02  1.4452E+00  1.0813E+00  3.6389E-01
1.1790E-02  2.1104E+00  1.7465E+00  3.6389E-01
1.1793E-02  1.2635E+00  8.9963E-01  3.6389E-01
1.1795E-02  1.2459E+00  8.8197E-01  3.6389E-01
1.1797E-02  1.2406E+00  8.7667E-01  3.6389E-01
1.1800E-02  1.2554E+00  8.9151E-01  3.6389E-01
1.1803E-02  1.2610E+00  8.9714E-01  3.6389E-01
1.1805E-02  1.2922E+00  9.2829E-01  3.6389E-01
1.1808E-02  1.6171E+00  1.2532E+00  3.6389E-01
1.1810E-02  1.2633E+00  8.9942E-01  3.6389E-01
1.1813E-02  1.3053E+00  9.4142E-01  3.6389E-01
1.1815E-02  1.3167E+00  9.5277E-01  3.6389E-01
1.1818E-02  1.2879E+00  9.2405E-01  3.6389E-01
1.1820E-02  1.2965E+00  9.3262E-01  3.6389E-01
1.1822E-02  1.3128E+00  9.4895E-01  3.6389E-01
1.1825E-02  1.2861E+01  1.2497E+01  3.6389E-01
1.1828E-02  1.5710E+00  1.2071E+00  3.6389E-01
1.1830E-02  1.4421E+00  1.0782E+00  3.6389E-01
1.1832E-02  1.5229E+00  1.1590E+00  3.6389E-01
1.1835E-02  1.5390E+00  1.1751E+00  3.6389E-01
1.1838E-02  1.6858E+00  1.3219E+00  3.6389E-01
1.1840E-02  1.9728E+00  1.6089E+00  3.6389E-01
1.1842E-02  2.8573E+00  2.4934E+00  3.6389E-01
1.1845E-02  5.2936E+00  4.9297E+00  3.6389E-01
1.1848E-02  4.6165E+01  4.5802E+01  3.6389E-01
1.1850E-02  2.7200E+01  2.6836E+01  3.6389E-01
1.1853E-02  5.0005E+00  4.6366E+00  3.6389E-01
1.1855E-02  6.2428E+00  5.8789E+00  3.6389E-01
1.1857E-02  5.0686E+00  4.7047E+00  3.6389E-01
1.1860E-02  3.7353E+02  3.7317E+02  3.6389E-01
1.1863E-02  9.8978E+00  9.5339E+00  3.6389E-01
1.1865E-02  1.6559E+01  1.6196E+01  3.6389E-01
1.1867E-02  5.4922E+00  5.1283E+00  3.6389E-01
1.1870E-02  2.1978E+00  1.8339E+00  3.6389E-01
1.1873E-02  6.2093E+00  5.8454E+00  3.6389E-01
1.1875E-02  1.5504E+00  1.1865E+00  3.6389E-01
1.1877E-02  1.4604E+00  1.0965E+00  3.6389E-01
1.1880E-02  1.4076E+00  1.0437E+00  3.6389E-01
1.1883E-02  1.3736E+00  1.0097E+00  3.6389E-01
1.1885E-02  1.3504E+00  9.8648E-01  3.6389E-01
1.1887E-02  1.3340E+00  9.7008E-01  3.6389E-01
1.1890E-02  1.4167E+00  1.0528E+00  3.6389E-01
1.1893E-02  1.3138E+00  9.4987E-01  3.6389E-01
1.1895E-02  1.3084E+00  9.4446E-01  3.6389E-01
1.1898E-02  1.3376E+00  9.7372E-01  3.6389E-01
1.1900E-02  1.3017E+00  9.3782E-01  3.6390E-01
1.1902E-02  1.3026E+00  9.3872E-01  3.6390E-01
1.1905E-02  1.3045E+00  9.4064E-01  3.6390E-01
1.1908E-02  1.2965E+00  9.3262E-01  3.6390E-01
1.1910E-02  1.2975E+00  9.3356E-01  3.6390E-01
1.1912E-02  1.2986E+00  9.3469E-01  3.6390E-01
1.1915E-02  1.3257E+00  9.6180E-01  3.6390E-01
1.1918E-02  1.3801E+00  1.0162E+00  3.6390E-01
1.1920E-02  1.3459E+00  9.8195E-01  3.6390E-01
1.1922E-02  1.3037E+00  9.3984E-01  3.6390E-01
1.1925E-02  1.3063E+00  9.4244E-01  3.6390E-01
1.1928E-02  1.3094E+00  9.4546E-01  3.6390E-01
1.1930E-02  1.3132E+00  9.4930E-01  3.6390E-01
1.1932E-02  1.4435E+00  1.0796E+00  3.6390E-01
1.1935E-02  1.4136E+00  1.0497E+00  3.6390E-01
1.1938E-02  1.5396E+00  1.1757E+00  3.6390E-01
1.1940E-02  1.4690E+00  1.1051E+00  3.6390E-01
1.1943E-02  1.3469E+00  9.8301E-01  3.6390E-01
1.1945E-02  1.3668E+00  1.0029E+00  3.6390E-01
1.1947E-02  1.4372E+00  1.0733E+00  3.6390E-01
1.1950E-02  1.3602E+00  9.9629E-01  3.6390E-01
1.1953E-02  1.3643E+00  1.0004E+00  3.6390E-01
1.1955E-02  1.3717E+00  1.0078E+00  3.6390E-01
1.1957E-02  1.3798E+00  1.0159E+00  3.6390E-01
1.1960E-02  1.3888E+00  1.0249E+00  3.6390E-01
1.1963E-02  1.3995E+00  1.0356E+00  3.6390E-01
1.1965E-02  1.4108E+00  1.0469E+00  3.6390E-01
1.1967E-02  1.4211E+00  1.0572E+00  3.6390E-01
1.1970E-02  1.4348E+00  1.0709E+00  3.6390E-01
1.1973E-02  1.4469E+00  1.0830E+00  3.6390E-01
1.1975E-02  1.4645E+00  1.1006E+00  3.6390E-01
1.1977E-02  1.4848E+00  1.1209E+00  3.6390E-01
1.1980E-02  1.5069E+00  1.1430E+00  3.6390E-01
1.1983E-02  1.5292E+00  1.1653E+00  3.6390E-01
1.1985E-02  1.5440E+00  1.1801E+00  3.6390E-01
1.1988E-02  1.5674E+00  1.2035E+00  3.6390E-01
1.1990E-02  1.5923E+00  1.2284E+00  3.6390E-01
1.1992E-02  1.6163E+00  1.2524E+00  3.6390E-01
1.1995E-02  1.6501E+00  1.2862E+00  3.6390E-01
1.1998E-02  1.6860E+00  1.3221E+00  3.6390E-01
1.2000E-02  1.7221E+00  1.3582E+00  3.6390E-01
1.2002E-02  1.7583E+00  1.3944E+00  3.6390E-01
1.2005E-02  1.7974E+00  1.4335E+00  3.6390E-01
1.2008E-02  1.8421E+00  1.4782E+00  3.6390E-01
1.2010E-02  1.8866E+00  1.5227E+00  3.6390E-01
1.2012E-02  1.9502E+00  1.5863E+00  3.6390E-01
1.2015E-02  2.0251E+00  1.6612E+00  3.6390E-01
1.2018E-02  2.0974E+00  1.7335E+00  3.6390E-01
1.2020E-02  2.1703E+00  1.8064E+00  3.6390E-01
1.2023E-02  2.3227E+00  1.9588E+00  3.6390E-01
1.2025E-02  2.3424E+00  1.9785E+00  3.6390E-01
1.2027E-02  2.4752E+00  2.1113E+00  3.6390E-01
1.2030E-02  2.6132E+00  2.2493E+00  3.6390E-01
1.2033E-02  2.7535E+00  2.3896E+00  3.6390E-01
1.2035E-02  2.9109E+00  2.5470E+00  3.6390E-01
1.2037E-02  3.0890E+00  2.7251E+00  3.6390E-01
1.2040E-02  3.3696E+00  3.0057E+00  3.6390E-01
1.2043E-02  3.6495E+00  3.2855E+00  3.6390E-01
1.2045E-02  4.0175E+00  3.6536E+00  3.6390E-01
1.2047E-02  4.3095E+00  3.9456E+00  3.6391E-01
1.2050E-02  4.8165E+00  4.4526E+00  3.6391E-01
1.2053E-02  5.3274E+00  4.9635E+00  3.6391E-01
1.2055E-02  5.8956E+00  5.5317E+00  3.6391E-01
1.2057E-02  6.8434E+00  6.4795E+00  3.6391E-01
1.2060E-02  7.8778E+00  7.5139E+00  3.6391E-01
1.2063E-02  9.1858E+00  8.8219E+00  3.6391E-01
1.2065E-02  1.1020E+01  1.0656E+01  3.6391E-01
1.2068E-02  1.3219E+01  1.2855E+01  3.6391E-01
1.2070E-02  1.6622E+01  1.6258E+01  3.6391E-01
1.2072E-02  2.1356E+01  2.0992E+01  3.6391E-01
1.2075E-02  2.7757E+01  2.7393E+01  3.6391E-01
1.2078E-02  3.7990E+01  3.7626E+01  3.6391E-01
1.2080E-02  5.5658E+01  5.5294E+01  3.6391E-01
1.2082E-02  8.7756E+01  8.7392E+01  3.6391E-01
1.2085E-02  1.5738E+02  1.5702E+02  3.6391E-01
1.2088E-02  3.3215E+02  3.3179E+02  3.6391E-01
1.2090E-02  1.0244E+03  1.0240E+03  3.6391E-01
1.2092E-02  2.1322E+04  2.1322E+04  3.6391E-01
1.2095E-02  1.7132E+05  1.7132E+05  3.6391E-01
1.2098E-02  2.5229E+03  2.5225E+03  3.6391E-01
1.2100E-02  5.2873E+02  5.2836E+02  3.6391E-01
1.2102E-02  2.1749E+02  2.1713E+02  3.6391E-01
1.2105E-02  1.1602E+02  1.1566E+02  3.6391E-01
1.2108E-02  6.9105E+01  6.8741E+01  3.6391E-01
1.2110E-02  4.5467E+01  4.5103E+01  3.6391E-01
1.2113E-02  3.2746E+01  3.2382E+01  3.6391E-01
1.2115E-02  2.4546E+01  2.4182E+01  3.6391E-01
1.2117E-02  1.8366E+01  1.8002E+01  3.6391E-01
1.2120E-02  1.4941E+01  1.4578E+01  3.6391E-01
1.2123E-02  1.1989E+01  1.1626E+01  3.6391E-01
1.2125E-02  1.0133E+01  9.7692E+00  3.6391E-01
1.2127E-02  8.4121E+00  8.0481E+00  3.6391E-01
1.2130E-02  7.3685E+00  7.0046E+00  3.6391E-01
1.2133E-02  6.3866E+00  6.0227E+00  3.6391E-01
1.2135E-02  5.6322E+00  5.2683E+00  3.6391E-01
1.2137E-02  5.1029E+00  4.7389E+00  3.6391E-01
1.2140E-02  4.5868E+00  4.2229E+00  3.6391E-01
1.2143E-02  4.1375E+00  3.7736E+00  3.6391E-01
1.2145E-02  3.8141E+00  3.4502E+00  3.6391E-01
1.2148E-02  3.5296E+00  3.1657E+00  3.6391E-01
1.2150E-02  3.2448E+00  2.8808E+00  3.6391E-01
1.2153E-02  3.0128E+00  2.6489E+00  3.6391E-01
1.2155E-02  2.8394E+00  2.4755E+00  3.6391E-01
1.2158E-02  2.6936E+00  2.3297E+00  3.6391E-01
1.2160E-02  2.5599E+00  2.1959E+00  3.6391E-01
1.2162E-02  2.4061E+00  2.0422E+00  3.6391E-01
1.2165E-02  2.3014E+00  1.9375E+00  3.6391E-01
1.2168E-02  2.2134E+00  1.8495E+00  3.6391E-01
1.2170E-02  2.1343E+00  1.7703E+00  3.6391E-01
1.2172E-02  2.0589E+00  1.6950E+00  3.6391E-01
1.2175E-02  1.9835E+00  1.6196E+00  3.6391E-01
1.2178E-02  1.9082E+00  1.5442E+00  3.6391E-01
1.2180E-02  1.8584E+00  1.4945E+00  3.6391E-01
1.2182E-02  1.8129E+00  1.4490E+00  3.6391E-01
1.2185E-02  1.7688E+00  1.4049E+00  3.6391E-01
1.2188E-02  1.7314E+00  1.3675E+00  3.6391E-01
1.2190E-02  1.6937E+00  1.3297E+00  3.6391E-01
1.2193E-02  1.6561E+00  1.2922E+00  3.6391E-01
1.2195E-02  1.6186E+00  1.2547E+00  3.6391E-01
1.2198E-02  1.5894E+00  1.2255E+00  3.6391E-01
1.2200E-02  1.5634E+00  1.1995E+00  3.6392E-01
1.2203E-02  1.5375E+00  1.1736E+00  3.6392E-01
1.2205E-02  1.5124E+00  1.1485E+00  3.6392E-01
1.2207E-02  1.4919E+00  1.1279E+00  3.6392E-01
1.2210E-02  1.4717E+00  1.1078E+00  3.6392E-01
1.2213E-02  1.4838E+00  1.1199E+00  3.6392E-01
1.2215E-02  1.4312E+00  1.0673E+00  3.6392E-01
1.2217E-02  1.4092E+00  1.0452E+00  3.6392E-01
1.2220E-02  1.3973E+00  1.0334E+00  3.6392E-01
1.2223E-02  1.3856E+00  1.0217E+00  3.6392E-01
1.2225E-02  1.3742E+00  1.0103E+00  3.6392E-01
1.2227E-02  1.3630E+00  9.9907E-01  3.6392E-01
1.2230E-02  1.3552E+00  9.9126E-01  3.6392E-01
1.2233E-02  1.3470E+00  9.8306E-01  3.6392E-01
1.2235E-02  1.3327E+00  9.6874E-01  3.6392E-01
1.2238E-02  1.3248E+00  9.6092E-01  3.6392E-01
1.2240E-02  1.3225E+00  9.5863E-01  3.6392E-01
1.2242E-02  1.3031E+00  9.3919E-01  3.6392E-01
1.2245E-02  1.2944E+00  9.3045E-01  3.6392E-01
1.2248E-02  1.2892E+00  9.2532E-01  3.6392E-01
1.2250E-02  1.2837E+00  9.1980E-01  3.6392E-01
1.2252E-02  1.2789E+00  9.1496E-01  3.6392E-01
1.2255E-02  1.2720E+00  9.0812E-01  3.6392E-01
1.2258E-02  1.2676E+00  9.0365E-01  3.6392E-01
1.2260E-02  1.2799E+00  9.1598E-01  3.6392E-01
1.2262E-02  1.2564E+00  8.9252E-01  3.6392E-01
1.2265E-02  1.2518E+00  8.8791E-01  3.6392E-01
1.2268E-02  1.2479E+00  8.8398E-01  3.6392E-01
1.2270E-02  1.2439E+00  8.7994E-01  3.6392E-01
1.2273E-02  1.2382E+00  8.7432E-01  3.6392E-01
1.2275E-02  1.2335E+00  8.6954E-01  3.6392E-01
1.2278E-02  1.2293E+00  8.6538E-01  3.6392E-01
1.2280E-02  1.2261E+00  8.6214E-01  3.6392E-01
1.2283E-02  1.2228E+00  8.5893E-01  3.6392E-01
1.2285E-02  1.2195E+00  8.5562E-01  3.6392E-01
1.2287E-02  1.2165E+00  8.5257E-01  3.6392E-01
1.2290E-02  1.2143E+00  8.5033E-01  3.6392E-01
1.2293E-02  1.2100E+00  8.4606E-01  3.6392E-01
1.2295E-02  1.2068E+00  8.4290E-01  3.6392E-01
1.2297E-02  1.2039E+00  8.3996E-01  3.6392E-01
1.2300E-02  1.2013E+00  8.3739E-01  3.6392E-01
1.2303E-02  1.2104E+00  8.4648E-01  3.6392E-01
1.2305E-02  1.1963E+00  8.3234E-01  3.6392E-01
1.2307E-02  1.1932E+00  8.2929E-01  3.6392E-01
1.2310E-02  1.1907E+00  8.2675E-01  3.6392E-01
1.2313E-02  1.1881E+00  8.2420E-01  3.6392E-01
1.2315E-02  2.8174E+00  2.4535E+00  3.6392E-01
1.2318E-02  1.1870E+00  8.2308E-01  3.6392E-01
1.2320E-02  1.1820E+00  8.1810E-01  3.6392E-01
1.2323E-02  1.1808E+00  8.1686E-01  3.6392E-01
1.2325E-02  1.1808E+00  8.1685E-01  3.6392E-01
1.2328E-02  1.3665E+00  1.0026E+00  3.6392E-01
1.2330E-02  1.1788E+00  8.1489E-01  3.6392E-01
1.2332E-02  1.9335E+00  1.5696E+00  3.6392E-01
1.2335E-02  1.1881E+00  8.2421E-01  3.6392E-01
1.2338E-02  1.1757E+00  8.1181E-01  3.6392E-01
1.2340E-02  1.1729E+00  8.0894E-01  3.6392E-01
1.2342E-02  1.1812E+00  8.1726E-01  3.6392E-01
1.2345E-02  1.2643E+00  9.0041E-01  3.6392E-01
1.2348E-02  1.1719E+00  8.0793E-01  3.6392E-01
1.2350E-02  1.1723E+00  8.0837E-01  3.6392E-01
1.2352E-02  1.1872E+00  8.2332E-01  3.6392E-01
1.2355E-02  2.0063E+00  1.6423E+00  3.6392E-01
1.2358E-02  1.2876E+00  9.2367E-01  3.6392E-01
1.2360E-02  1.1938E+00  8.2983E-01  3.6393E-01
1.2363E-02  1.1731E+00  8.0920E-01  3.6393E-01
1.2365E-02  1.1609E+00  7.9695E-01  3.6393E-01
1.2368E-02  1.1587E+00  7.9481E-01  3.6393E-01
1.2370E-02  1.1576E+00  7.9366E-01  3.6393E-01
1.2373E-02  1.1568E+00  7.9288E-01  3.6393E-01
1.2375E-02  1.1561E+00  7.9219E-01  3.6393E-01
1.2377E-02  1.1574E+00  7.9350E-01  3.6393E-01
1.2380E-02  1.1550E+00  7.9108E-01  3.6393E-01
1.2383E-02  1.1545E+00  7.9054E-01  3.6393E-01
1.2385E-02  1.1544E+00  7.9047E-01  3.6393E-01
1.2387E-02  1.1533E+00  7.8942E-01  3.6393E-01
1.2390E-02  1.1529E+00  7.8895E-01  3.6393E-01
1.2393E-02  1.1524E+00  7.8843E-01  3.6393E-01
1.2395E-02  1.1519E+00  7.8795E-01  3.6393E-01
1.2398E-02  1.1515E+00  7.8759E-01  3.6393E-01
1.2400E-02  1.1510E+00  7.8711E-01  3.6393E-01
1.2403E-02  1.1507E+00  7.8678E-01  3.6393E-01
1.2405E-02  1.1504E+00  7.8648E-01  3.6393E-01
1.2408E-02  1.1500E+00  7.8607E-01  3.6393E-01
1.2410E-02  1.1497E+00  7.8574E-01  3.6393E-01
1.2412E-02  1.1493E+00  7.8541E-01  3.6393E-01
1.2415E-02  1.1491E+00  7.8521E-01  3.6393E-01
1.2418E-02  1.1489E+00  7.8495E-01  3.6393E-01
1.2420E-02  1.1491E+00  7.8521E-01  3.6393E-01
1.2422E-02  1.1583E+00  7.9434E-01  3.6393E-01
1.2425E-02  1.1486E+00  7.8467E-01  3.6393E-01
1.2428E-02  1.1490E+00  7.8502E-01  3.6393E-01
1.2430E-02  1.1620E+00  7.9808E-01  3.6393E-01
1.2432E-02  1.1506E+00  7.8663E-01  3.6393E-01
1.2435E-02  1.1488E+00  7.8483E-01  3.6393E-01
1.2438E-02  1.1607E+00  7.9678E-01  3.6393E-01
1.2440E-02  1.1487E+00  7.8476E-01  3.6393E-01
1.2443E-02  1.1488E+00  7.8484E-01  3.6393E-01
1.2445E-02  1.1492E+00  7.8527E-01  3.6393E-01
1.2448E-02  1.1507E+00  7.8681E-01  3.6393E-01
1.2450E-02  1.6488E+00  1.2849E+00  3.6393E-01
1.2453E-02  1.1539E+00  7.9000E-01  3.6393E-01
1.2455E-02  1.1505E+00  7.8652E-01  3.6393E-01
1.2457E-02  1.1756E+00  8.1164E-01  3.6393E-01
1.2460E-02  1.1917E+00  8.2775E-01  3.6393E-01
1.2463E-02  1.1508E+00  7.8691E-01  3.6393E-01
1.2465E-02  1.1512E+00  7.8730E-01  3.6393E-01
1.2467E-02  1.1505E+00  7.8657E-01  3.6393E-01
1.2470E-02  1.1508E+00  7.8683E-01  3.6393E-01
1.2473E-02  1.1510E+00  7.8707E-01  3.6393E-01
1.2475E-02  1.1513E+00  7.8740E-01  3.6393E-01
1.2477E-02  1.1568E+00  7.9285E-01  3.6393E-01
1.2480E-02  1.1528E+00  7.8886E-01  3.6393E-01
1.2483E-02  1.1571E+00  7.9322E-01  3.6393E-01
1.2485E-02  1.1547E+00  7.9072E-01  3.6393E-01
1.2488E-02  1.1542E+00  7.9024E-01  3.6393E-01
1.2490E-02  1.1567E+00  7.9277E-01  3.6393E-01
1.2493E-02  1.4241E+00  1.0601E+00  3.6393E-01
1.2495E-02  1.1863E+00  8.2240E-01  3.6393E-01
1.2497E-02  1.7211E+01  1.6847E+01  3.6393E-01
1.2500E-02  1.1602E+00  7.9625E-01  3.6393E-01
1.2502E-02  1.1601E+00  7.9616E-01  3.6393E-01
1.2505E-02  1.1608E+00  7.9684E-01  3.6393E-01
1.2508E-02  1.1627E+00  7.9873E-01  3.6393E-01
1.2510E-02  1.1709E+00  8.0700E-01  3.6393E-01
1.2512E-02  1.1842E+00  8.2025E-01  3.6393E-01
1.2515E-02  1.1666E+00  8.0266E-01  3.6393E-01
1.2518E-02  1.1668E+00  8.0288E-01  3.6393E-01
1.2520E-02  1.1678E+00  8.0391E-01  3.6393E-01
1.2523E-02  1.1691E+00  8.0517E-01  3.6393E-01
1.2525E-02  1.1736E+00  8.0963E-01  3.6394E-01
1.2528E-02  1.1716E+00  8.0770E-01  3.6394E-01
1.2530E-02  1.1734E+00  8.0950E-01  3.6394E-01
1.2533E-02  1.1750E+00  8.1111E-01  3.6394E-01
1.2535E-02  1.1774E+00  8.1349E-01  3.6394E-01
1.2538E-02  1.1781E+00  8.1417E-01  3.6394E-01
1.2540E-02  1.1806E+00  8.1665E-01  3.6394E-01
1.2542E-02  1.1830E+00  8.1911E-01  3.6394E-01
1.2545E-02  1.1855E+00  8.2154E-01  3.6394E-01
1.2547E-02  1.1880E+00  8.2407E-01  3.6394E-01
1.2550E-02  2.0414E+00  1.6775E+00  3.6394E-01
1.2553E-02  1.1932E+00  8.2921E-01  3.6394E-01
1.2555E-02  1.1956E+00  8.3168E-01  3.6394E-01
1.2557E-02  1.1982E+00  8.3426E-01  3.6394E-01
1.2560E-02  1.2008E+00  8.3685E-01  3.6394E-01
1.2563E-02  1.2034E+00  8.3946E-01  3.6394E-01
1.2565E-02  1.2060E+00  8.4209E-01  3.6394E-01
1.2568E-02  1.2087E+00  8.4473E-01  3.6394E-01
1.2570E-02  1.2117E+00  8.4773E-01  3.6394E-01
1.2573E-02  1.2149E+00  8.5100E-01  3.6394E-01
1.2575E-02  1.2182E+00  8.5427E-01  3.6394E-01
1.2578E-02  1.2231E+00  8.5914E-01  3.6394E-01
1.2580E-02  1.2287E+00  8.6476E-01  3.6394E-01
1.2582E-02  1.2341E+00  8.7011E-01  3.6394E-01
1.2585E-02  1.2394E+00  8.7549E-01  3.6394E-01
1.2588E-02  1.2453E+00  8.8132E-01  3.6394E-01
1.2590E-02  1.2505E+00  8.8659E-01  3.6394E-01
1.2592E-02  1.2561E+00  8.9216E-01  3.6394E-01
1.2595E-02  1.2618E+00  8.9781E-01  3.6394E-01
1.2598E-02  1.2673E+00  9.0336E-01  3.6394E-01
1.2600E-02  1.2729E+00  9.0900E-01  3.6394E-01
1.2602E-02  1.2788E+00  9.1483E-01  3.6394E-01
1.2605E-02  1.2859E+00  9.2199E-01  3.6394E-01
1.2608E-02  1.2953E+00  9.3135E-01  3.6394E-01
1.2610E-02  1.3045E+00  9.4051E-01  3.6394E-01
1.2613E-02  1.3150E+00  9.5105E-01  3.6394E-01
1.2615E-02  1.3263E+00  9.6240E-01  3.6394E-01
1.2618E-02  1.3376E+00  9.7371E-01  3.6394E-01
1.2620E-02  1.3468E+00  9.8286E-01  3.6394E-01
1.2623E-02  1.3575E+00  9.9353E-01  3.6394E-01
1.2625E-02  1.3698E+00  1.0058E+00  3.6394E-01
1.2627E-02  1.3813E+00  1.0174E+00  3.6394E-01
1.2630E-02  1.3918E+00  1.0279E+00  3.6394E-01
1.2633E-02  1.4040E+00  1.0401E+00  3.6394E-01
1.2635E-02  1.4227E+00  1.0588E+00  3.6394E-01
1.2637E-02  1.4423E+00  1.0783E+00  3.6394E-01
1.2640E-02  1.4619E+00  1.0980E+00  3.6394E-01
1.2643E-02  1.4816E+00  1.1177E+00  3.6394E-01
1.2645E-02  1.5022E+00  1.1382E+00  3.6394E-01
1.2648E-02  1.5217E+00  1.1577E+00  3.6394E-01
1.2650E-02  1.8507E+00  1.4867E+00  3.6394E-01
1.2653E-02  1.5692E+00  1.2052E+00  3.6394E-01
1.2655E-02  1.5984E+00  1.2345E+00  3.6394E-01
1.2658E-02  1.6375E+00  1.2736E+00  3.6394E-01
1.2660E-02  1.6770E+00  1.3131E+00  3.6394E-01
1.2663E-02  1.7172E+00  1.3533E+00  3.6394E-01
1.2665E-02  1.7573E+00  1.3933E+00  3.6394E-01
1.2667E-02  1.7976E+00  1.4336E+00  3.6394E-01
1.2670E-02  1.8434E+00  1.4794E+00  3.6394E-01
1.2672E-02  1.9057E+00  1.5418E+00  3.6394E-01
1.2675E-02  1.9824E+00  1.6184E+00  3.6394E-01
1.2678E-02  2.0596E+00  1.6957E+00  3.6394E-01
1.2680E-02  2.1362E+00  1.7722E+00  3.6394E-01
1.2682E-02  2.2135E+00  1.8495E+00  3.6394E-01
1.2685E-02  2.2973E+00  1.9334E+00  3.6394E-01
1.2688E-02  2.4339E+00  2.0700E+00  3.6394E-01
1.2690E-02  2.5813E+00  2.2173E+00  3.6394E-01
1.2693E-02  2.7249E+00  2.3610E+00  3.6394E-01
1.2695E-02  2.8670E+00  2.5030E+00  3.6395E-01
1.2698E-02  3.0453E+00  2.6813E+00  3.6395E-01
1.2700E-02  3.3099E+00  2.9459E+00  3.6395E-01
1.2703E-02  3.5965E+00  3.2325E+00  3.6395E-01
1.2705E-02  3.8440E+00  3.4801E+00  3.6395E-01
1.2708E-02  4.1915E+00  3.8275E+00  3.6395E-01
1.2710E-02  4.6808E+00  4.3169E+00  3.6395E-01
1.2712E-02  5.1805E+00  4.8166E+00  3.6395E-01
1.2715E-02  6.0524E+00  5.6884E+00  3.6395E-01
1.2717E-02  6.6348E+00  6.2708E+00  3.6395E-01
1.2720E-02  7.5505E+00  7.1865E+00  3.6395E-01
1.2723E-02  8.8579E+00  8.4940E+00  3.6395E-01
1.2725E-02  1.0620E+01  1.0256E+01  3.6395E-01
1.2727E-02  1.2881E+01  1.2518E+01  3.6395E-01
1.2730E-02  1.5690E+01  1.5326E+01  3.6395E-01
1.2733E-02  1.9596E+01  1.9232E+01  3.6395E-01
1.2735E-02  2.5491E+01  2.5127E+01  3.6395E-01
1.2738E-02  3.4346E+01  3.3982E+01  3.6395E-01
1.2740E-02  4.8528E+01  4.8164E+01  3.6395E-01
1.2743E-02  7.3114E+01  7.2750E+01  3.6395E-01
1.2745E-02  1.2011E+02  1.1975E+02  3.6395E-01
1.2748E-02  2.2551E+02  2.2514E+02  3.6395E-01
1.2750E-02  5.5017E+02  5.4980E+02  3.6395E-01
1.2752E-02  2.6858E+03  2.6854E+03  3.6395E-01
1.2755E-02  4.9695E+04  4.9695E+04  3.6395E-01
1.2757E-02  1.6066E+04  1.6065E+04  3.6395E-01
1.2760E-02  1.2324E+03  1.2321E+03  3.6395E-01
1.2762E-02  3.6957E+02  3.6920E+02  3.6395E-01
1.2765E-02  1.7219E+02  1.7183E+02  3.6395E-01
1.2768E-02  9.7842E+01  9.7478E+01  3.6395E-01
1.2770E-02  6.0787E+01  6.0423E+01  3.6395E-01
1.2773E-02  4.2272E+01  4.1908E+01  3.6395E-01
1.2775E-02  3.0518E+01  3.0154E+01  3.6395E-01
1.2778E-02  2.2820E+01  2.2456E+01  3.6395E-01
1.2780E-02  1.8165E+01  1.7801E+01  3.6395E-01
1.2783E-02  1.4790E+01  1.4426E+01  3.6395E-01
1.2785E-02  1.2090E+01  1.1726E+01  3.6395E-01
1.2788E-02  1.0178E+01  9.8140E+00  3.6395E-01
1.2790E-02  8.5629E+00  8.1990E+00  3.6395E-01
1.2793E-02  7.5085E+00  7.1446E+00  3.6395E-01
1.2795E-02  6.7722E+00  6.4082E+00  3.6395E-01
1.2797E-02  9.6243E+00  9.2603E+00  3.6395E-01
1.2800E-02  5.4390E+00  5.0751E+00  3.6395E-01
1.2802E-02  5.0204E+00  4.6564E+00  3.6395E-01
1.2805E-02  4.6879E+00  4.3240E+00  3.6395E-01
1.2807E-02  4.5862E+00  4.2222E+00  3.6395E-01
1.2810E-02  4.5809E+00  4.2169E+00  3.6395E-01
1.2813E-02  4.8236E+00  4.4596E+00  3.6395E-01
1.2815E-02  5.6518E+00  5.2878E+00  3.6395E-01
1.2818E-02  8.4431E+00  8.0792E+00  3.6395E-01
1.2820E-02  2.2752E+01  2.2388E+01  3.6395E-01
1.2823E-02  5.0938E+05  5.0938E+05  3.6395E-01
1.2825E-02  3.2330E+01  3.1966E+01  3.6395E-01
1.2828E-02  9.2617E+00  8.8977E+00  3.6395E-01
1.2830E-02  5.5397E+00  5.1758E+00  3.6395E-01
1.2833E-02  4.3894E+00  4.0255E+00  3.6395E-01
1.2835E-02  4.1163E+00  3.7524E+00  3.6395E-01
1.2837E-02  4.5321E+00  4.1681E+00  3.6395E-01
1.2840E-02  7.1032E+00  6.7392E+00  3.6395E-01
1.2842E-02  3.5357E+01  3.4993E+01  3.6395E-01
1.2845E-02  8.3153E+01  8.2789E+01  3.6395E-01
1.2847E-02  8.1918E+00  7.8279E+00  3.6395E-01
1.2850E-02  4.1395E+00  3.7756E+00  3.6395E-01
1.2852E-02  3.0518E+00  2.6879E+00  3.6395E-01
1.2855E-02  2.5858E+00  2.2219E+00  3.6395E-01
1.2858E-02  2.3298E+00  1.9659E+00  3.6395E-01
1.2860E-02  2.1771E+00  1.8131E+00  3.6395E-01
1.2863E-02  2.0817E+00  1.7177E+00  3.6395E-01
1.2865E-02  2.0556E+00  1.6916E+00  3.6395E-01
1.2868E-02  1.9524E+00  1.5884E+00  3.6395E-01
1.2870E-02  1.9064E+00  1.5425E+00  3.6395E-01
1.2873E-02  1.8686E+00  1.5046E+00  3.6395E-01
1.2875E-02  1.8362E+00  1.4723E+00  3.6396E-01
1.2878E-02  1.8067E+00  1.4427E+00  3.6396E-01
1.2880E-02  1.7825E+00  1.4186E+00  3.6396E-01
1.2882E-02  1.7664E+00  1.4024E+00  3.6396E-01
1.2885E-02  1.7534E+00  1.3894E+00  3.6396E-01
1.2887E-02  1.7429E+00  1.3790E+00  3.6396E-01
1.2890E-02  1.7343E+00  1.3704E+00  3.6396E-01
1.2893E-02  1.7274E+00  1.3635E+00  3.6396E-01
1.2895E-02  1.7216E+00  1.3576E+00  3.6396E-01
1.2898E-02  1.7159E+00  1.3519E+00  3.6396E-01
1.2900E-02  1.7108E+00  1.3469E+00  3.6396E-01
1.2903E-02  1.7064E+00  1.3425E+00  3.6396E-01
1.2905E-02  1.7033E+00  1.3394E+00  3.6396E-01
1.2908E-02  1.7041E+00  1.3401E+00  3.6396E-01
1.2910E-02  1.7035E+00  1.3395E+00  3.6396E-01
1.2913E-02  1.7055E+00  1.3415E+00  3.6396E-01
1.2915E-02  1.7078E+00  1.3438E+00  3.6396E-01
1.2918E-02  1.7143E+00  1.3503E+00  3.6396E-01
1.2920E-02  1.7213E+00  1.3573E+00  3.6396E-01
1.2922E-02  1.7296E+00  1.3657E+00  3.6396E-01
1.2925E-02  1.7381E+00  1.3742E+00  3.6396E-01
1.2927E-02  1.7476E+00  1.3837E+00  3.6396E-01
1.2930E-02  1.7563E+00  1.3924E+00  3.6396E-01
1.2932E-02  1.7686E+00  1.4047E+00  3.6396E-01
1.2935E-02  1.7828E+00  1.4189E+00  3.6396E-01
1.2938E-02  1.7870E+00  1.4231E+00  3.6396E-01
1.2940E-02  1.7977E+00  1.4338E+00  3.6396E-01
1.2943E-02  1.8154E+00  1.4514E+00  3.6396E-01
1.2945E-02  1.8347E+00  1.4708E+00  3.6396E-01
1.2948E-02  1.8568E+00  1.4929E+00  3.6396E-01
1.2950E-02  1.8841E+00  1.5202E+00  3.6396E-01
1.2953E-02  1.9015E+00  1.5376E+00  3.6396E-01
1.2955E-02  1.9236E+00  1.5597E+00  3.6396E-01
1.2958E-02  1.9481E+00  1.5841E+00  3.6396E-01
1.2960E-02  1.9815E+00  1.6176E+00  3.6396E-01
1.2963E-02  2.0088E+00  1.6448E+00  3.6396E-01
1.2965E-02  2.0452E+00  1.6813E+00  3.6396E-01
1.2967E-02  2.1036E+00  1.7397E+00  3.6396E-01
1.2970E-02  2.1307E+00  1.7667E+00  3.6396E-01
1.2972E-02  2.1724E+00  1.8085E+00  3.6396E-01
1.2975E-02  2.2210E+00  1.8571E+00  3.6396E-01
1.2977E-02  2.3159E+00  1.9519E+00  3.6396E-01
1.2980E-02  2.3480E+00  1.9841E+00  3.6396E-01
1.2983E-02  2.4138E+00  2.0499E+00  3.6396E-01
1.2985E-02  2.4919E+00  2.1279E+00  3.6396E-01
1.2988E-02  2.5773E+00  2.2134E+00  3.6396E-01
1.2990E-02  2.8225E+00  2.4586E+00  3.6396E-01
1.2993E-02  2.7923E+00  2.4283E+00  3.6396E-01
1.2995E-02  2.9667E+00  2.6027E+00  3.6396E-01
1.2998E-02  3.0500E+00  2.6860E+00  3.6396E-01
1.3000E-02  3.1923E+00  2.8283E+00  3.6396E-01
1.3003E-02  3.4024E+00  3.0384E+00  3.6396E-01
1.3005E-02  3.6244E+00  3.2604E+00  3.6396E-01
1.3007E-02  3.8742E+00  3.5103E+00  3.6396E-01
1.3010E-02  4.1478E+00  3.7838E+00  3.6396E-01
1.3012E-02  4.5381E+00  4.1741E+00  3.6396E-01
1.3015E-02  4.9414E+00  4.5775E+00  3.6396E-01
1.3017E-02  5.4319E+00  5.0679E+00  3.6396E-01
1.3020E-02  6.0924E+00  5.7284E+00  3.6396E-01
1.3023E-02  6.8373E+00  6.4733E+00  3.6396E-01
1.3025E-02  7.9754E+00  7.6114E+00  3.6396E-01
1.3028E-02  9.0138E+00  8.6498E+00  3.6396E-01
1.3030E-02  1.0378E+01  1.0014E+01  3.6396E-01
1.3033E-02  1.2550E+01  1.2186E+01  3.6396E-01
1.3035E-02  1.5114E+01  1.4750E+01  3.6396E-01
1.3038E-02  1.8696E+01  1.8332E+01  3.6396E-01
1.3040E-02  2.4015E+01  2.3651E+01  3.6396E-01
1.3043E-02  3.1628E+01  3.1264E+01  3.6396E-01
1.3045E-02  4.3633E+01  4.3269E+01  3.6396E-01
1.3048E-02  6.4042E+01  6.3678E+01  3.6396E-01
1.3050E-02  1.0112E+02  1.0076E+02  3.6396E-01
1.3052E-02  1.8020E+02  1.7984E+02  3.6396E-01
1.3055E-02  3.8935E+02  3.8898E+02  3.6396E-01
1.3057E-02  1.2374E+03  1.2370E+03  3.6396E-01
1.3060E-02  8.5845E+03  8.5841E+03  3.6397E-01
1.3062E-02  2.0628E+04  2.0628E+04  3.6397E-01
1.3065E-02  2.9759E+03  2.9756E+03  3.6397E-01
1.3068E-02  6.5492E+02  6.5456E+02  3.6397E-01
1.3070E-02  2.5850E+02  2.5813E+02  3.6397E-01
1.3073E-02  1.3367E+02  1.3331E+02  3.6397E-01
1.3075E-02  8.0257E+01  7.9893E+01  3.6397E-01
1.3078E-02  5.3471E+01  5.3107E+01  3.6397E-01
1.3080E-02  3.7556E+01  3.7192E+01  3.6397E-01
1.3083E-02  2.7830E+01  2.7466E+01  3.6397E-01
1.3085E-02  2.1616E+01  2.1252E+01  3.6397E-01
1.3088E-02  1.7429E+01  1.7066E+01  3.6397E-01
1.3090E-02  1.4171E+01  1.3807E+01  3.6397E-01
1.3092E-02  1.2024E+01  1.1660E+01  3.6397E-01
1.3095E-02  1.0234E+01  9.8702E+00  3.6397E-01
1.3097E-02  9.0136E+00  8.6496E+00  3.6397E-01
1.3100E-02  7.8771E+00  7.5131E+00  3.6397E-01
1.3102E-02  7.1277E+00  6.7638E+00  3.6397E-01
1.3105E-02  6.4130E+00  6.0490E+00  3.6397E-01
1.3107E-02  5.8886E+00  5.5246E+00  3.6397E-01
1.3110E-02  5.5253E+00  5.1613E+00  3.6397E-01
1.3113E-02  5.1433E+00  4.7793E+00  3.6397E-01
1.3115E-02  4.8709E+00  4.5069E+00  3.6397E-01
1.3118E-02  4.6294E+00  4.2655E+00  3.6397E-01
1.3120E-02  4.4413E+00  4.0773E+00  3.6397E-01
1.3123E-02  4.2563E+00  3.8923E+00  3.6397E-01
1.3125E-02  4.1440E+00  3.7800E+00  3.6397E-01
1.3128E-02  4.0595E+00  3.6956E+00  3.6397E-01
1.3130E-02  3.9885E+00  3.6245E+00  3.6397E-01
1.3133E-02  3.9325E+00  3.5685E+00  3.6397E-01
1.3135E-02  4.0122E+00  3.6483E+00  3.6397E-01
1.3137E-02  3.8859E+00  3.5219E+00  3.6397E-01
1.3140E-02  3.8830E+00  3.5190E+00  3.6397E-01
1.3142E-02  3.9072E+00  3.5432E+00  3.6397E-01
1.3145E-02  3.9500E+00  3.5861E+00  3.6397E-01
1.3148E-02  4.0021E+00  3.6381E+00  3.6397E-01
1.3150E-02  4.1022E+00  3.7382E+00  3.6397E-01
1.3153E-02  4.2569E+00  3.8930E+00  3.6397E-01
1.3155E-02  4.6511E+00  4.2872E+00  3.6397E-01
1.3158E-02  5.0771E+00  4.7132E+00  3.6397E-01
1.3160E-02  6.7293E+00  6.3653E+00  3.6397E-01
1.3163E-02  2.0776E+01  2.0412E+01  3.6397E-01
1.3165E-02  7.3961E+01  7.3597E+01  3.6397E-01
1.3168E-02  8.4562E+00  8.0923E+00  3.6397E-01
1.3170E-02  6.0828E+00  5.7188E+00  3.6397E-01
1.3173E-02  5.6573E+00  5.2933E+00  3.6397E-01
1.3175E-02  5.6882E+00  5.3242E+00  3.6397E-01
1.3177E-02  5.9329E+00  5.5689E+00  3.6397E-01
1.3180E-02  6.2155E+00  5.8516E+00  3.6397E-01
1.3182E-02  7.4136E+00  7.0496E+00  3.6397E-01
1.3185E-02  7.1622E+00  6.7983E+00  3.6397E-01
1.3187E-02  7.8853E+00  7.5214E+00  3.6397E-01
1.3190E-02  8.5896E+00  8.2256E+00  3.6397E-01
1.3193E-02  9.6853E+00  9.3213E+00  3.6397E-01
1.3195E-02  1.1249E+01  1.0885E+01  3.6397E-01
1.3198E-02  1.8324E+01  1.7960E+01  3.6397E-01
1.3200E-02  1.5263E+01  1.4899E+01  3.6397E-01
1.3203E-02  1.8598E+01  1.8234E+01  3.6397E-01
1.3205E-02  2.2699E+01  2.2335E+01  3.6397E-01
1.3208E-02  2.9196E+01  2.8832E+01  3.6397E-01
1.3210E-02  3.9222E+01  3.8858E+01  3.6397E-01
1.3213E-02  5.5123E+01  5.4759E+01  3.6397E-01
1.3215E-02  8.4069E+01  8.3705E+01  3.6397E-01
1.3218E-02  1.3917E+02  1.3881E+02  3.6397E-01
1.3220E-02  2.6419E+02  2.6383E+02  3.6397E-01
1.3222E-02  6.4060E+02  6.4024E+02  3.6397E-01
1.3225E-02  2.2837E+03  2.2833E+03  3.6397E-01
1.3227E-02  8.8449E+03  8.8446E+03  3.6397E-01
1.3230E-02  5.1937E+03  5.1933E+03  3.6397E-01
1.3232E-02  1.2165E+03  1.2161E+03  3.6397E-01
1.3235E-02  4.1271E+02  4.1235E+02  3.6397E-01
1.3238E-02  1.9428E+02  1.9391E+02  3.6397E-01
1.3240E-02  1.1057E+02  1.1021E+02  3.6397E-01
1.3243E-02  7.0073E+01  6.9709E+01  3.6397E-01
1.3245E-02  4.8436E+01  4.8072E+01  3.6397E-01
1.3248E-02  3.5624E+01  3.5260E+01  3.6397E-01
1.3250E-02  2.7719E+01  2.7355E+01  3.6397E-01
1.3253E-02  2.2360E+01  2.1996E+01  3.6398E-01
1.3255E-02  1.8682E+01  1.8318E+01  3.6398E-01
1.3258E-02  1.6282E+01  1.5918E+01  3.6398E-01
1.3260E-02  1.4399E+01  1.4035E+01  3.6398E-01
1.3262E-02  1.3001E+01  1.2637E+01  3.6398E-01
1.3265E-02  1.2071E+01  1.1707E+01  3.6398E-01
1.3267E-02  1.1326E+01  1.0962E+01  3.6398E-01
1.3270E-02  1.0904E+01  1.0540E+01  3.6398E-01
1.3273E-02  1.0581E+01  1.0217E+01  3.6398E-01
1.3275E-02  1.0420E+01  1.0056E+01  3.6398E-01
1.3277E-02  1.0452E+01  1.0088E+01  3.6398E-01
1.3280E-02  1.0540E+01  1.0176E+01  3.6398E-01
1.3283E-02  2.1081E+02  2.1045E+02  3.6398E-01
1.3285E-02  1.1137E+01  1.0773E+01  3.6398E-01
1.3288E-02  1.1724E+01  1.1360E+01  3.6398E-01
1.3290E-02  1.2373E+01  1.2009E+01  3.6398E-01
1.3293E-02  1.3373E+01  1.3009E+01  3.6398E-01
1.3295E-02  1.4549E+01  1.4185E+01  3.6398E-01
1.3298E-02  1.6326E+01  1.5962E+01  3.6398E-01
1.3300E-02  1.8560E+01  1.8196E+01  3.6398E-01
1.3303E-02  2.1690E+01  2.1326E+01  3.6398E-01
1.3305E-02  2.6103E+01  2.5739E+01  3.6398E-01
1.3307E-02  3.2593E+01  3.2229E+01  3.6398E-01
1.3310E-02  4.2571E+01  4.2207E+01  3.6398E-01
1.3312E-02  5.8685E+01  5.8321E+01  3.6398E-01
1.3315E-02  8.4991E+01  8.4627E+01  3.6398E-01
1.3318E-02  1.3503E+02  1.3467E+02  3.6398E-01
1.3320E-02  2.4628E+02  2.4592E+02  3.6398E-01
1.3322E-02  5.3840E+02  5.3803E+02  3.6398E-01
1.3325E-02  1.4773E+03  1.4770E+03  3.6398E-01
1.3328E-02  3.9930E+03  3.9926E+03  3.6398E-01
1.3330E-02  3.3573E+03  3.3570E+03  3.6398E-01
1.3333E-02  1.1409E+03  1.1406E+03  3.6398E-01
1.3335E-02  4.4079E+02  4.4043E+02  3.6398E-01
1.3338E-02  2.1333E+02  2.1297E+02  3.6398E-01
1.3340E-02  1.2354E+02  1.2317E+02  3.6398E-01
1.3343E-02  8.1780E+01  8.1417E+01  3.6398E-01
1.3345E-02  5.8949E+01  5.8585E+01  3.6398E-01
1.3347E-02  4.5480E+01  4.5116E+01  3.6398E-01
1.3350E-02  3.7425E+01  3.7061E+01  3.6398E-01
1.3352E-02  3.2382E+01  3.2018E+01  3.6398E-01
1.3355E-02  2.9549E+01  2.9186E+01  3.6398E-01
1.3357E-02  2.8004E+01  2.7640E+01  3.6398E-01
1.3360E-02  2.7490E+01  2.7126E+01  3.6398E-01
1.3363E-02  2.7925E+01  2.7561E+01  3.6398E-01
1.3365E-02  2.9659E+01  2.9295E+01  3.6398E-01
1.3367E-02  3.2211E+01  3.1847E+01  3.6398E-01
1.3370E-02  3.5588E+01  3.5225E+01  3.6398E-01
1.3373E-02  4.1711E+01  4.1347E+01  3.6398E-01
1.3375E-02  5.0776E+01  5.0412E+01  3.6398E-01
1.3378E-02  6.4927E+01  6.4563E+01  3.6398E-01
1.3380E-02  8.9516E+01  8.9152E+01  3.6398E-01
1.3383E-02  1.3594E+02  1.3557E+02  3.6398E-01
1.3385E-02  2.3032E+02  2.2996E+02  3.6398E-01
1.3388E-02  4.5162E+02  4.5126E+02  3.6398E-01
1.3390E-02  1.0149E+03  1.0145E+03  3.6398E-01
1.3392E-02  2.0862E+03  2.0858E+03  3.6398E-01
1.3395E-02  1.9019E+03  1.9015E+03  3.6398E-01
1.3398E-02  8.7978E+02  8.7941E+02  3.6398E-01
1.3400E-02  4.0425E+02  4.0388E+02  3.6398E-01
1.3402E-02  2.1695E+02  2.1659E+02  3.6398E-01
1.3405E-02  1.3664E+02  1.3628E+02  3.6398E-01
1.3408E-02  9.8126E+01  9.7762E+01  3.6398E-01
1.3410E-02  7.9112E+01  7.8748E+01  3.6398E-01
1.3412E-02  6.9928E+01  6.9564E+01  3.6398E-01
1.3415E-02  6.6550E+01  6.6186E+01  3.6398E-01
1.3418E-02  6.7643E+01  6.7279E+01  3.6398E-01
1.3420E-02  7.3713E+01  7.3349E+01  3.6398E-01
1.3423E-02  8.5995E+01  8.5631E+01  3.6398E-01
1.3425E-02  1.0886E+02  1.0850E+02  3.6398E-01
1.3428E-02  1.5097E+02  1.5061E+02  3.6398E-01
1.3430E-02  2.3467E+02  2.3430E+02  3.6398E-01
1.3432E-02  4.1008E+02  4.0971E+02  3.6398E-01
1.3435E-02  7.8040E+02  7.8003E+02  3.6398E-01
1.3437E-02  1.2116E+03  1.2112E+03  3.6398E-01
1.3440E-02  1.0520E+03  1.0516E+03  3.6398E-01
1.3443E-02  5.8447E+02  5.8410E+02  3.6398E-01
1.3445E-02  3.2844E+02  3.2808E+02  3.6398E-01
1.3447E-02  2.1370E+02  2.1334E+02  3.6398E-01
1.3450E-02  1.6218E+02  1.6182E+02  3.6398E-01
1.3453E-02  1.4166E+02  1.4130E+02  3.6399E-01
1.3455E-02  1.3901E+02  1.3864E+02  3.6399E-01
1.3458E-02  1.5088E+02  1.5052E+02  3.6399E-01
1.3460E-02  1.8142E+02  1.8105E+02  3.6399E-01
1.3463E-02  2.4431E+02  2.4394E+02  3.6399E-01
1.3465E-02  3.6889E+02  3.6853E+02  3.6399E-01
1.3468E-02  5.7672E+02  5.7635E+02  3.6399E-01
1.3470E-02  7.4196E+02  7.4160E+02  3.6399E-01
1.3473E-02  6.0815E+02  6.0779E+02  3.6399E-01
1.3475E-02  4.1829E+02  4.1793E+02  3.6399E-01
1.3477E-02  3.1053E+02  3.1017E+02  3.6399E-01
1.3480E-02  2.6641E+02  2.6604E+02  3.6399E-01
1.3482E-02  2.5417E+02  2.5381E+02  3.6399E-01
1.3485E-02  2.5783E+02  2.5746E+02  3.6399E-01
1.3488E-02  2.6901E+02  2.6865E+02  3.6399E-01
1.3490E-02  2.8460E+02  2.8424E+02  3.6399E-01
1.3492E-02  3.0270E+02  3.0234E+02  3.6399E-01
1.3495E-02  3.2065E+02  3.2029E+02  3.6399E-01
1.3498E-02  3.3883E+02  3.3846E+02  3.6399E-01
1.3500E-02  3.5620E+02  3.5584E+02  3.6399E-01
1.3503E-02  3.7219E+02  3.7183E+02  3.6399E-01
1.3505E-02  3.8037E+02  3.8001E+02  3.6399E-01
1.3508E-02  3.7920E+02  3.7884E+02  3.6399E-01
1.3510E-02  3.7817E+02  3.7780E+02  3.6399E-01
1.3513E-02  3.7751E+02  3.7715E+02  3.6399E-01
1.3515E-02  3.7648E+02  3.7611E+02  3.6399E-01
1.3518E-02  3.7573E+02  3.7537E+02  3.6399E-01
1.3520E-02  3.7506E+02  3.7469E+02  3.6399E-01
1.3523E-02  3.7442E+02  3.7405E+02  3.6399E-01
1.3525E-02  3.7383E+02  3.7346E+02  3.6399E-01
1.3527E-02  3.7324E+02  3.7288E+02  3.6399E-01
1.3530E-02  3.7270E+02  3.7234E+02  3.6399E-01
1.3533E-02  3.7218E+02  3.7182E+02  3.6399E-01
1.3535E-02  3.7167E+02  3.7131E+02  3.6399E-01
1.3537E-02  3.7119E+02  3.7083E+02  3.6399E-01
1.3540E-02  3.7071E+02  3.7035E+02  3.6399E-01
1.3543E-02  3.7024E+02  3.6988E+02  3.6399E-01
1.3545E-02  3.6979E+02  3.6943E+02  3.6399E-01
1.3548E-02  3.6935E+02  3.6898E+02  3.6399E-01
1.3550E-02  3.6891E+02  3.6854E+02  3.6399E-01
1.3553E-02  3.6848E+02  3.6811E+02  3.6399E-01
1.3555E-02  3.6805E+02  3.6769E+02  3.6399E-01
1.3558E-02  3.6763E+02  3.6726E+02  3.6399E-01
1.3560E-02  3.6721E+02  3.6685E+02  3.6399E-01
1.3562E-02  3.6680E+02  3.6644E+02  3.6399E-01
1.3565E-02  3.6640E+02  3.6603E+02  3.6399E-01
1.3568E-02  3.6600E+02  3.6563E+02  3.6399E-01
1.3570E-02  3.6559E+02  3.6523E+02  3.6399E-01
1.3572E-02  3.6520E+02  3.6483E+02  3.6399E-01
1.3575E-02  3.6480E+02  3.6443E+02  3.6399E-01
1.3578E-02  3.6441E+02  3.6405E+02  3.6399E-01
1.3580E-02  3.6402E+02  3.6366E+02  3.6399E-01
1.3582E-02  3.6364E+02  3.6328E+02  3.6399E-01
1.3585E-02  3.6326E+02  3.6289E+02  3.6399E-01
1.3588E-02  3.6287E+02  3.6251E+02  3.6399E-01
1.3590E-02  3.6249E+02  3.6213E+02  3.6399E-01
1.3593E-02  3.6212E+02  3.6175E+02  3.6399E-01
1.3595E-02  3.6174E+02  3.6138E+02  3.6399E-01
1.3598E-02  3.6137E+02  3.6101E+02  3.6399E-01
1.3600E-02  3.6100E+02  3.6063E+02  3.6399E-01
1.3603E-02  3.6063E+02  3.6027E+02  3.6399E-01
1.3605E-02  3.6026E+02  3.5990E+02  3.6399E-01
1.3607E-02  3.5990E+02  3.5953E+02  3.6399E-01
1.3610E-02  3.5954E+02  3.5917E+02  3.6399E-01
1.3613E-02  3.5918E+02  3.5882E+02  3.6399E-01
1.3615E-02  3.5883E+02  3.5847E+02  3.6399E-01
1.3617E-02  3.5852E+02  3.5816E+02  3.6399E-01
1.3620E-02  3.5814E+02  3.5778E+02  3.6399E-01
1.3623E-02  3.5779E+02  3.5743E+02  3.6399E-01
1.3625E-02  3.5746E+02  3.5709E+02  3.6399E-01
1.3627E-02  3.5713E+02  3.5676E+02  3.6399E-01
1.3630E-02  3.5681E+02  3.5645E+02  3.6399E-01
1.3633E-02  3.5650E+02  3.5614E+02  3.6399E-01
1.3635E-02  3.5621E+02  3.5585E+02  3.6399E-01
1.3638E-02  3.5595E+02  3.5558E+02  3.6399E-01
1.3640E-02  3.5574E+02  3.5537E+02  3.6399E-01
1.3643E-02  3.5564E+02  3.5528E+02  3.6399E-01
1.3645E-02  3.5591E+02  3.5555E+02  3.6399E-01
1.3648E-02  3.5804E+02  3.5767E+02  3.6399E-01
1.3650E-02  4.7364E+02  4.7328E+02  3.6399E-01
1.3652E-02  3.6571E+02  3.6534E+02  3.6399E-01
1.3655E-02  3.5583E+02  3.5546E+02  3.6399E-01
1.3658E-02  3.5475E+02  3.5439E+02  3.6399E-01
1.3660E-02  3.5621E+02  3.5585E+02  3.6399E-01
1.3662E-02  8.5121E+04  8.5121E+04  3.6400E-01
1.3665E-02  3.5692E+02  3.5655E+02  3.6400E-01
1.3668E-02  1.0930E+03  1.0926E+03  3.6400E-01
1.3670E-02  3.5368E+02  3.5332E+02  3.6400E-01
1.3672E-02  3.5192E+02  3.5156E+02  3.6400E-01
1.3675E-02  3.5135E+02  3.5099E+02  3.6400E-01
1.3678E-02  3.5095E+02  3.5059E+02  3.6400E-01
1.3680E-02  3.5060E+02  3.5024E+02  3.6400E-01
1.3683E-02  3.5028E+02  3.4992E+02  3.6400E-01
1.3685E-02  3.4998E+02  3.4962E+02  3.6400E-01
1.3688E-02  3.4967E+02  3.4931E+02  3.6400E-01
1.3690E-02  3.4937E+02  3.4900E+02  3.6400E-01
1.3693E-02  3.4908E+02  3.4871E+02  3.6400E-01
1.3695E-02  3.4879E+02  3.4842E+02  3.6400E-01
1.3697E-02  3.4850E+02  3.4814E+02  3.6400E-01
1.3700E-02  3.4822E+02  3.4786E+02  3.6400E-01
1.3703E-02  3.4794E+02  3.4758E+02  3.6400E-01
1.3705E-02  3.4767E+02  3.4731E+02  3.6400E-01
1.3707E-02  3.4739E+02  3.4703E+02  3.6400E-01
1.3710E-02  3.4712E+02  3.4676E+02  3.6400E-01
1.3713E-02  3.4685E+02  3.4649E+02  3.6400E-01
1.3715E-02  3.4658E+02  3.4622E+02  3.6400E-01
1.3717E-02  3.4632E+02  3.4595E+02  3.6400E-01
1.3720E-02  3.4605E+02  3.4569E+02  3.6400E-01
1.3723E-02  3.4580E+02  3.4544E+02  3.6400E-01
1.3725E-02  3.4554E+02  3.4517E+02  3.6400E-01
1.3728E-02  3.4530E+02  3.4494E+02  3.6400E-01
1.3730E-02  3.4502E+02  3.4466E+02  3.6400E-01
1.3732E-02  3.4477E+02  3.4440E+02  3.6400E-01
1.3735E-02  3.4451E+02  3.4414E+02  3.6400E-01
1.3738E-02  3.4425E+02  3.4389E+02  3.6400E-01
1.3740E-02  3.4400E+02  3.4364E+02  3.6400E-01
1.3742E-02  3.4375E+02  3.4338E+02  3.6400E-01
1.3745E-02  3.4350E+02  3.4314E+02  3.6400E-01
1.3748E-02  3.4325E+02  3.4289E+02  3.6400E-01
1.3750E-02  3.4301E+02  3.4264E+02  3.6400E-01
1.3752E-02  3.4276E+02  3.4240E+02  3.6400E-01
1.3755E-02  3.4252E+02  3.4216E+02  3.6400E-01
1.3758E-02  3.4228E+02  3.4192E+02  3.6400E-01
1.3760E-02  3.4204E+02  3.4168E+02  3.6400E-01
1.3763E-02  3.4180E+02  3.4144E+02  3.6400E-01
1.3765E-02  3.4660E+02  3.4624E+02  3.6400E-01
1.3768E-02  3.4133E+02  3.4096E+02  3.6400E-01
1.3770E-02  3.4109E+02  3.4073E+02  3.6400E-01
1.3773E-02  3.4086E+02  3.4049E+02  3.6400E-01
1.3775E-02  3.4062E+02  3.4026E+02  3.6400E-01
1.3777E-02  3.4039E+02  3.4003E+02  3.6400E-01
1.3780E-02  3.4016E+02  3.3980E+02  3.6400E-01
1.3783E-02  3.3994E+02  3.3957E+02  3.6400E-01
1.3785E-02  3.3982E+02  3.3945E+02  3.6400E-01
1.3787E-02  3.3948E+02  3.3912E+02  3.6400E-01
1.3790E-02  3.3925E+02  3.3889E+02  3.6400E-01
1.3793E-02  3.3904E+02  3.3868E+02  3.6400E-01
1.3795E-02  3.3881E+02  3.3844E+02  3.6400E-01
1.3797E-02  3.3870E+02  3.3833E+02  3.6400E-01
1.3800E-02  3.3836E+02  3.3800E+02  3.6400E-01
1.3803E-02  3.3814E+02  3.3778E+02  3.6400E-01
1.3805E-02  3.3792E+02  3.3756E+02  3.6400E-01
1.3808E-02  3.3771E+02  3.3734E+02  3.6400E-01
1.3810E-02  3.3750E+02  3.3714E+02  3.6400E-01
1.3813E-02  3.3728E+02  3.3691E+02  3.6400E-01
1.3815E-02  3.3713E+02  3.3677E+02  3.6400E-01
1.3818E-02  3.3685E+02  3.3649E+02  3.6400E-01
1.3820E-02  3.3667E+02  3.3630E+02  3.6400E-01
1.3822E-02  3.3649E+02  3.3613E+02  3.6400E-01
1.3825E-02  3.3623E+02  3.3587E+02  3.6400E-01
1.3828E-02  3.3601E+02  3.3565E+02  3.6400E-01
1.3830E-02  3.3589E+02  3.3552E+02  3.6400E-01
1.3832E-02  3.3558E+02  3.3521E+02  3.6400E-01
1.3835E-02  3.3537E+02  3.3501E+02  3.6400E-01
1.3838E-02  3.3516E+02  3.3480E+02  3.6400E-01
1.3840E-02  3.3495E+02  3.3459E+02  3.6400E-01
1.3842E-02  3.3475E+02  3.3438E+02  3.6400E-01
1.3845E-02  3.3454E+02  3.3418E+02  3.6400E-01
1.3848E-02  3.3434E+02  3.3398E+02  3.6400E-01
1.3850E-02  3.3414E+02  3.3377E+02  3.6400E-01
1.3853E-02  3.3394E+02  3.3357E+02  3.6400E-01
1.3855E-02  3.3374E+02  3.3337E+02  3.6400E-01
1.3858E-02  3.3359E+02  3.3323E+02  3.6400E-01
1.3860E-02  3.3334E+02  3.3298E+02  3.6400E-01
1.3863E-02  3.3314E+02  3.3278E+02  3.6400E-01
1.3865E-02  3.3294E+02  3.3258E+02  3.6400E-01
1.3867E-02  3.3275E+02  3.3238E+02  3.6400E-01
1.3870E-02  3.3255E+02  3.3219E+02  3.6400E-01
1.3873E-02  3.3236E+02  3.3199E+02  3.6400E-01
1.3875E-02  3.3217E+02  3.3180E+02  3.6400E-01
1.3877E-02  3.3197E+02  3.3161E+02  3.6400E-01
1.3880E-02  3.3178E+02  3.3142E+02  3.6401E-01
1.3883E-02  3.3160E+02  3.3123E+02  3.6401E-01
1.3885E-02  3.3141E+02  3.3105E+02  3.6401E-01
1.3887E-02  3.3124E+02  3.3087E+02  3.6401E-01
1.3890E-02  3.3109E+02  3.3073E+02  3.6401E-01
1.3893E-02  3.3659E+02  3.3622E+02  3.6401E-01
1.3895E-02  3.3106E+02  3.3069E+02  3.6401E-01
1.3898E-02  7.7300E+02  7.7264E+02  3.6401E-01
1.3900E-02  3.3268E+02  3.3231E+02  3.6401E-01
1.3902E-02  3.3056E+02  3.3020E+02  3.6401E-01
1.3905E-02  3.3526E+02  3.3489E+02  3.6401E-01
1.3908E-02  3.2983E+02  3.2947E+02  3.6401E-01
1.3910E-02  3.2956E+02  3.2919E+02  3.6401E-01
1.3912E-02  3.2948E+02  3.2911E+02  3.6401E-01
1.3915E-02  3.2917E+02  3.2880E+02  3.6401E-01
1.3918E-02  3.2898E+02  3.2861E+02  3.6401E-01
1.3920E-02  3.2879E+02  3.2843E+02  3.6401E-01
1.3922E-02  3.2861E+02  3.2825E+02  3.6401E-01
1.3925E-02  3.2843E+02  3.2806E+02  3.6401E-01
1.3928E-02  3.2825E+02  3.2789E+02  3.6401E-01
1.3930E-02  3.2807E+02  3.2770E+02  3.6401E-01
1.3932E-02  3.2789E+02  3.2752E+02  3.6401E-01
1.3935E-02  3.2771E+02  3.2735E+02  3.6401E-01
1.3938E-02  3.2753E+02  3.2717E+02  3.6401E-01
1.3940E-02  3.2736E+02  3.2699E+02  3.6401E-01
1.3943E-02  3.2718E+02  3.2682E+02  3.6401E-01
1.3945E-02  3.2700E+02  3.2664E+02  3.6401E-01
1.3947E-02  3.2683E+02  3.2646E+02  3.6401E-01
1.3950E-02  3.2665E+02  3.2629E+02  3.6401E-01
1.3953E-02  3.2648E+02  3.2612E+02  3.6401E-01
1.3955E-02  3.2631E+02  3.2594E+02  3.6401E-01
1.3957E-02  3.2613E+02  3.2577E+02  3.6401E-01
1.3960E-02  3.2596E+02  3.2560E+02  3.6401E-01
1.3963E-02  3.2579E+02  3.2543E+02  3.6401E-01
1.3965E-02  3.2562E+02  3.2525E+02  3.6401E-01
1.3967E-02  3.2545E+02  3.2508E+02  3.6401E-01
1.3970E-02  3.2528E+02  3.2491E+02  3.6401E-01
1.3973E-02  3.2511E+02  3.2475E+02  3.6401E-01
1.3975E-02  3.2494E+02  3.2458E+02  3.6401E-01
1.3977E-02  3.2477E+02  3.2441E+02  3.6401E-01
1.3980E-02  3.2461E+02  3.2424E+02  3.6401E-01
1.3983E-02  3.2446E+02  3.2410E+02  3.6401E-01
1.3985E-02  3.2427E+02  3.2391E+02  3.6401E-01
1.3988E-02  3.2413E+02  3.2377E+02  3.6401E-01
1.3990E-02  3.2398E+02  3.2361E+02  3.6401E-01
1.3992E-02  3.2378E+02  3.2341E+02  3.6401E-01
1.3995E-02  3.2361E+02  3.2325E+02  3.6401E-01
1.3998E-02  3.2345E+02  3.2308E+02  3.6401E-01
1.4000E-02  3.2337E+02  3.2301E+02  3.6401E-01
1.4002E-02  3.2317E+02  3.2281E+02  3.6401E-01
1.4005E-02  3.2298E+02  3.2262E+02  3.6401E-01
1.4008E-02  3.2279E+02  3.2243E+02  3.6401E-01
1.4010E-02  3.2263E+02  3.2226E+02  3.6401E-01
1.4012E-02  3.2247E+02  3.2210E+02  3.6401E-01
1.4015E-02  3.2230E+02  3.2194E+02  3.6401E-01
1.4018E-02  3.2214E+02  3.2178E+02  3.6401E-01
1.4020E-02  3.2198E+02  3.2162E+02  3.6401E-01
1.4023E-02  3.2182E+02  3.2146E+02  3.6401E-01
1.4025E-02  3.2166E+02  3.2130E+02  3.6401E-01
1.4028E-02  3.2151E+02  3.2114E+02  3.6401E-01
1.4030E-02  3.2134E+02  3.2098E+02  3.6401E-01
1.4033E-02  3.2119E+02  3.2082E+02  3.6401E-01
1.4035E-02  3.2103E+02  3.2067E+02  3.6401E-01
1.4037E-02  3.2088E+02  3.2052E+02  3.6401E-01
1.4040E-02  3.2076E+02  3.2040E+02  3.6401E-01
1.4043E-02  3.2057E+02  3.2020E+02  3.6401E-01
1.4045E-02  3.2040E+02  3.2004E+02  3.6401E-01
1.4047E-02  3.2025E+02  3.1988E+02  3.6401E-01
1.4050E-02  3.2009E+02  3.1973E+02  3.6401E-01
1.4053E-02  3.1994E+02  3.1957E+02  3.6401E-01
1.4055E-02  3.1978E+02  3.1942E+02  3.6401E-01
1.4057E-02  3.1963E+02  3.1926E+02  3.6401E-01
1.4060E-02  3.1948E+02  3.1911E+02  3.6401E-01
1.4063E-02  3.1932E+02  3.1896E+02  3.6401E-01
1.4065E-02  3.1917E+02  3.1880E+02  3.6401E-01
1.4068E-02  3.1902E+02  3.1865E+02  3.6401E-01
1.4070E-02  3.1886E+02  3.1850E+02  3.6401E-01
1.4072E-02  3.1871E+02  3.1835E+02  3.6401E-01
1.4075E-02  3.1856E+02  3.1820E+02  3.6401E-01
1.4078E-02  3.1841E+02  3.1805E+02  3.6401E-01
1.4080E-02  3.1827E+02  3.1790E+02  3.6401E-01
1.4082E-02  3.1811E+02  3.1775E+02  3.6401E-01
1.4085E-02  3.1797E+02  3.1760E+02  3.6401E-01
1.4088E-02  3.1782E+02  3.1746E+02  3.6401E-01
1.4090E-02  3.1767E+02  3.1731E+02  3.6401E-01
1.4092E-02  3.1755E+02  3.1718E+02  3.6401E-01
1.4095E-02  3.1737E+02  3.1701E+02  3.6401E-01
1.4098E-02  3.1723E+02  3.1687E+02  3.6401E-01
1.4100E-02  3.1707E+02  3.1671E+02  3.6401E-01
1.4102E-02  3.1696E+02  3.1659E+02  3.6401E-01
1.4105E-02  3.1680E+02  3.1643E+02  3.6401E-01
1.4108E-02  3.1663E+02  3.1627E+02  3.6401E-01
1.4110E-02  3.1648E+02  3.1612E+02  3.6401E-01
1.4113E-02  3.1634E+02  3.1597E+02  3.6401E-01
1.4115E-02  3.1619E+02  3.1583E+02  3.6402E-01
1.4117E-02  3.1604E+02  3.1568E+02  3.6402E-01
1.4120E-02  3.1599E+02  3.1563E+02  3.6402E-01
1.4123E-02  3.1576E+02  3.1539E+02  3.6402E-01
1.4125E-02  3.1561E+02  3.1525E+02  3.6402E-01
1.4127E-02  3.1548E+02  3.1512E+02  3.6402E-01
1.4130E-02  3.1539E+02  3.1503E+02  3.6402E-01
1.4133E-02  3.1521E+02  3.1485E+02  3.6402E-01
1.4135E-02  3.1791E+02  3.1755E+02  3.6402E-01
1.4137E-02  3.1491E+02  3.1454E+02  3.6402E-01
1.4140E-02  3.1476E+02  3.1439E+02  3.6402E-01
1.4143E-02  3.1462E+02  3.1426E+02  3.6402E-01
1.4145E-02  3.1456E+02  3.1420E+02  3.6402E-01
1.4148E-02  3.1450E+02  3.1414E+02  3.6402E-01
1.4150E-02  3.1420E+02  3.1384E+02  3.6402E-01
1.4153E-02  3.1405E+02  3.1369E+02  3.6402E-01
1.4155E-02  3.1391E+02  3.1355E+02  3.6402E-01
1.4158E-02  3.1377E+02  3.1341E+02  3.6402E-01
1.4160E-02  3.1363E+02  3.1327E+02  3.6402E-01
1.4162E-02  3.1349E+02  3.1312E+02  3.6402E-01
1.4165E-02  3.1335E+02  3.1298E+02  3.6402E-01
1.4168E-02  3.1321E+02  3.1285E+02  3.6402E-01
1.4170E-02  3.1309E+02  3.1273E+02  3.6402E-01
1.4172E-02  3.1294E+02  3.1257E+02  3.6402E-01
1.4175E-02  3.1287E+02  3.1251E+02  3.6402E-01
1.4178E-02  3.1265E+02  3.1229E+02  3.6402E-01
1.4180E-02  3.1251E+02  3.1215E+02  3.6402E-01
1.4182E-02  3.1237E+02  3.1201E+02  3.6402E-01
1.4185E-02  3.1224E+02  3.1187E+02  3.6402E-01
1.4188E-02  3.1210E+02  3.1174E+02  3.6402E-01
1.4190E-02  3.1202E+02  3.1165E+02  3.6402E-01
1.4193E-02  3.1183E+02  3.1146E+02  3.6402E-01
1.4195E-02  3.1172E+02  3.1136E+02  3.6402E-01
1.4198E-02  3.1155E+02  3.1119E+02  3.6402E-01
1.4200E-02  3.1142E+02  3.1106E+02  3.6402E-01
1.4203E-02  3.1131E+02  3.1095E+02  3.6402E-01
1.4205E-02  3.1116E+02  3.1079E+02  3.6402E-01
1.4207E-02  3.1102E+02  3.1066E+02  3.6402E-01
1.4210E-02  3.1092E+02  3.1056E+02  3.6402E-01
1.4213E-02  3.1076E+02  3.1039E+02  3.6402E-01
1.4215E-02  3.1062E+02  3.1025E+02  3.6402E-01
1.4217E-02  3.1048E+02  3.1012E+02  3.6402E-01
1.4220E-02  3.1034E+02  3.0998E+02  3.6402E-01
1.4223E-02  3.1021E+02  3.0984E+02  3.6402E-01
1.4225E-02  3.1007E+02  3.0971E+02  3.6402E-01
1.4227E-02  3.0994E+02  3.0957E+02  3.6402E-01
1.4230E-02  3.0981E+02  3.0945E+02  3.6402E-01
1.4233E-02  3.0967E+02  3.0931E+02  3.6402E-01
1.4235E-02  3.0954E+02  3.0918E+02  3.6402E-01
1.4238E-02  3.0941E+02  3.0905E+02  3.6402E-01
1.4240E-02  3.0928E+02  3.0891E+02  3.6402E-01
1.4242E-02  3.0915E+02  3.0878E+02  3.6402E-01
1.4245E-02  3.0901E+02  3.0865E+02  3.6402E-01
1.4248E-02  3.0889E+02  3.0852E+02  3.6402E-01
1.4250E-02  3.0875E+02  3.0839E+02  3.6402E-01
1.4252E-02  3.0862E+02  3.0826E+02  3.6402E-01
1.4255E-02  3.0849E+02  3.0813E+02  3.6402E-01
1.4258E-02  3.0836E+02  3.0799E+02  3.6402E-01
1.4260E-02  3.0823E+02  3.0786E+02  3.6402E-01
1.4262E-02  3.0810E+02  3.0773E+02  3.6402E-01
1.4265E-02  3.0797E+02  3.0760E+02  3.6402E-01
1.4268E-02  3.0784E+02  3.0748E+02  3.6402E-01
1.4270E-02  3.0771E+02  3.0735E+02  3.6402E-01
1.4273E-02  3.0758E+02  3.0722E+02  3.6402E-01
1.4275E-02  3.0745E+02  3.0709E+02  3.6402E-01
1.4278E-02  3.0732E+02  3.0696E+02  3.6402E-01
1.4280E-02  3.0720E+02  3.0684E+02  3.6402E-01
1.4283E-02  3.0707E+02  3.0670E+02  3.6402E-01
1.4285E-02  3.0694E+02  3.0657E+02  3.6402E-01
1.4287E-02  3.0681E+02  3.0645E+02  3.6402E-01
1.4290E-02  3.0668E+02  3.0632E+02  3.6402E-01
1.4293E-02  3.0656E+02  3.0619E+02  3.6402E-01
1.4295E-02  3.0643E+02  3.0606E+02  3.6402E-01
1.4297E-02  3.0630E+02  3.0594E+02  3.6402E-01
1.4300E-02  3.0619E+02  3.0582E+02  3.6402E-01
1.4303E-02  3.0605E+02  3.0569E+02  3.6402E-01
1.4305E-02  3.0593E+02  3.0557E+02  3.6402E-01
1.4307E-02  3.0588E+02  3.0552E+02  3.6402E-01
1.4310E-02  3.0568E+02  3.0531E+02  3.6402E-01
1.4313E-02  3.0560E+02  3.0524E+02  3.6402E-01
1.4315E-02  3.0546E+02  3.0510E+02  3.6402E-01
1.4318E-02  3.0529E+02  3.0493E+02  3.6402E-01
1.4320E-02  3.0517E+02  3.0480E+02  3.6402E-01
1.4323E-02  3.0504E+02  3.0468E+02  3.6402E-01
1.4325E-02  3.0492E+02  3.0455E+02  3.6402E-01
1.4328E-02  3.0479E+02  3.0443E+02  3.6402E-01
1.4330E-02  3.0467E+02  3.0431E+02  3.6402E-01
1.4332E-02  3.0454E+02  3.0418E+02  3.6402E-01
1.4335E-02  3.0442E+02  3.0406E+02  3.6402E-01
1.4338E-02  3.0430E+02  3.0393E+02  3.6402E-01
1.4340E-02  3.0417E+02  3.0381E+02  3.6402E-01
1.4342E-02  3.0405E+02  3.0368E+02  3.6402E-01
1.4345E-02  3.0392E+02  3.0356E+02  3.6402E-01
1.4348E-02  3.0380E+02  3.0344E+02  3.6402E-01
1.4350E-02  3.0368E+02  3.0331E+02  3.6402E-01
1.4352E-02  3.0355E+02  3.0319E+02  3.6402E-01
1.4355E-02  3.0343E+02  3.0307E+02  3.6402E-01
1.4358E-02  3.0331E+02  3.0294E+02  3.6402E-01
1.4360E-02  3.0319E+02  3.0282E+02  3.6402E-01
1.4363E-02  3.0306E+02  3.0270E+02  3.6402E-01
1.4365E-02  3.0294E+02  3.0258E+02  3.6402E-01
1.4368E-02  3.0282E+02  3.0246E+02  3.6402E-01
1.4370E-02  3.0270E+02  3.0234E+02  3.6402E-01
1.4373E-02  3.0258E+02  3.0222E+02  3.6403E-01
1.4375E-02  3.0246E+02  3.0210E+02  3.6403E-01
1.4377E-02  3.0237E+02  3.0200E+02  3.6403E-01
1.4380E-02  3.0222E+02  3.0186E+02  3.6403E-01
1.4383E-02  3.0209E+02  3.0173E+02  3.6403E-01
1.4385E-02  3.0197E+02  3.0161E+02  3.6403E-01
1.4387E-02  3.0185E+02  3.0149E+02  3.6403E-01
1.4390E-02  3.0173E+02  3.0136E+02  3.6403E-01
1.4393E-02  3.0161E+02  3.0124E+02  3.6403E-01
1.4395E-02  3.0149E+02  3.0112E+02  3.6403E-01
1.4398E-02  3.0137E+02  3.0100E+02  3.6403E-01
1.4400E-02  3.0125E+02  3.0088E+02  3.6403E-01
1.4403E-02  3.0113E+02  3.0076E+02  3.6403E-01
1.4405E-02  3.0101E+02  3.0065E+02  3.6403E-01
1.4408E-02  3.0092E+02  3.0055E+02  3.6403E-01
1.4410E-02  3.0077E+02  3.0041E+02  3.6403E-01
1.4412E-02  3.0065E+02  3.0029E+02  3.6403E-01
1.4415E-02  3.0053E+02  3.0017E+02  3.6403E-01
1.4418E-02  3.0042E+02  3.0005E+02  3.6403E-01
1.4420E-02  3.0030E+02  2.9993E+02  3.6403E-01
1.4422E-02  3.0019E+02  2.9982E+02  3.6403E-01
1.4425E-02  3.0006E+02  2.9970E+02  3.6403E-01
1.4428E-02  2.9994E+02  2.9958E+02  3.6403E-01
1.4430E-02  2.9982E+02  2.9946E+02  3.6403E-01
1.4432E-02  2.9970E+02  2.9934E+02  3.6403E-01
1.4435E-02  2.9961E+02  2.9924E+02  3.6403E-01
1.4438E-02  2.9947E+02  2.9910E+02  3.6403E-01
1.4440E-02  2.9935E+02  2.9899E+02  3.6403E-01
1.4443E-02  2.9923E+02  2.9887E+02  3.6403E-01
1.4445E-02  2.9911E+02  2.9875E+02  3.6403E-01
1.4448E-02  2.9900E+02  2.9863E+02  3.6403E-01
1.4450E-02  2.9888E+02  2.9852E+02  3.6403E-01
1.4453E-02  2.9877E+02  2.9840E+02  3.6403E-01
1.4455E-02  2.9865E+02  2.9829E+02  3.6403E-01
1.4457E-02  2.9853E+02  2.9817E+02  3.6403E-01
1.4460E-02  2.9841E+02  2.9805E+02  3.6403E-01
1.4463E-02  2.9830E+02  2.9793E+02  3.6403E-01
1.4465E-02  2.9818E+02  2.9782E+02  3.6403E-01
1.4467E-02  2.9806E+02  2.9770E+02  3.6403E-01
1.4470E-02  2.9795E+02  2.9758E+02  3.6403E-01
1.4473E-02  2.9787E+02  2.9750E+02  3.6403E-01
1.4475E-02  2.9772E+02  2.9735E+02  3.6403E-01
1.4477E-02  2.9760E+02  2.9724E+02  3.6403E-01
1.4480E-02  2.9749E+02  2.9713E+02  3.6403E-01
1.4483E-02  2.9738E+02  2.9701E+02  3.6403E-01
1.4485E-02  2.9726E+02  2.9689E+02  3.6403E-01
1.4488E-02  2.9714E+02  2.9678E+02  3.6403E-01
1.4490E-02  2.9703E+02  2.9666E+02  3.6403E-01
1.4493E-02  2.9691E+02  2.9655E+02  3.6403E-01
1.4495E-02  2.9681E+02  2.9644E+02  3.6403E-01
1.4497E-02  2.9668E+02  2.9632E+02  3.6403E-01
1.4500E-02  2.9658E+02  2.9621E+02  3.6403E-01
1.4502E-02  2.9672E+02  2.9636E+02  3.6403E-01
1.4505E-02  2.9637E+02  2.9600E+02  3.6403E-01
1.4508E-02  2.9622E+02  2.9586E+02  3.6403E-01
1.4510E-02  2.9611E+02  2.9575E+02  3.6403E-01
1.4512E-02  2.9601E+02  2.9565E+02  3.6403E-01
1.4515E-02  2.9588E+02  2.9552E+02  3.6403E-01
1.4518E-02  2.9577E+02  2.9541E+02  3.6403E-01
1.4520E-02  2.9566E+02  2.9530E+02  3.6403E-01
1.4523E-02  2.9558E+02  2.9522E+02  3.6403E-01
1.4525E-02  2.9543E+02  2.9507E+02  3.6403E-01
1.4528E-02  2.9533E+02  2.9496E+02  3.6403E-01
1.4530E-02  2.9520E+02  2.9484E+02  3.6403E-01
1.4533E-02  2.9509E+02  2.9473E+02  3.6403E-01
1.4535E-02  2.9498E+02  2.9461E+02  3.6403E-01
1.4538E-02  2.9507E+02  2.9470E+02  3.6403E-01
1.4540E-02  2.9484E+02  2.9448E+02  3.6403E-01
1.4542E-02  2.9464E+02  2.9428E+02  3.6403E-01
1.4545E-02  2.9453E+02  2.9416E+02  3.6403E-01
1.4547E-02  2.9441E+02  2.9405E+02  3.6403E-01
1.4550E-02  2.9430E+02  2.9394E+02  3.6403E-01
1.4553E-02  2.9419E+02  2.9383E+02  3.6403E-01
1.4555E-02  2.9408E+02  2.9371E+02  3.6403E-01
1.4557E-02  2.9397E+02  2.9360E+02  3.6403E-01
1.4560E-02  2.9386E+02  2.9349E+02  3.6403E-01
1.4563E-02  2.9374E+02  2.9338E+02  3.6403E-01
1.4565E-02  2.9363E+02  2.9327E+02  3.6403E-01
1.4568E-02  2.9353E+02  2.9316E+02  3.6403E-01
1.4570E-02  2.9343E+02  2.9306E+02  3.6403E-01
1.4573E-02  2.9330E+02  2.9294E+02  3.6403E-01
1.4575E-02  2.9319E+02  2.9282E+02  3.6403E-01
1.4578E-02  2.9308E+02  2.9271E+02  3.6403E-01
1.4580E-02  2.9297E+02  2.9260E+02  3.6403E-01
1.4582E-02  2.9286E+02  2.9249E+02  3.6403E-01
1.4585E-02  2.9288E+02  2.9251E+02  3.6403E-01
1.4588E-02  2.9263E+02  2.9227E+02  3.6403E-01
1.4590E-02  2.9253E+02  2.9216E+02  3.6403E-01
1.4592E-02  2.9241E+02  2.9205E+02  3.6403E-01
1.4595E-02  2.9230E+02  2.9194E+02  3.6403E-01
1.4598E-02  2.9219E+02  2.9183E+02  3.6403E-01
1.4600E-02  2.9208E+02  2.9172E+02  3.6403E-01
1.4602E-02  2.9197E+02  2.9161E+02  3.6403E-01
1.4605E-02  2.9186E+02  2.9150E+02  3.6403E-01
1.4608E-02  2.9175E+02  2.9139E+02  3.6403E-01
1.4610E-02  2.9164E+02  2.9128E+02  3.6403E-01
1.4613E-02  2.9156E+02  2.9119E+02  3.6403E-01
1.4615E-02  2.9295E+02  2.9258E+02  3.6403E-01
1.4618E-02  2.9131E+02  2.9095E+02  3.6403E-01
1.4620E-02  2.9121E+02  2.9085E+02  3.6403E-01
1.4623E-02  2.9110E+02  2.9073E+02  3.6403E-01
1.4625E-02  2.9102E+02  2.9065E+02  3.6403E-01
1.4627E-02  2.9093E+02  2.9057E+02  3.6403E-01
1.4630E-02  2.9077E+02  2.9041E+02  3.6403E-01
1.4633E-02  2.9127E+02  2.9091E+02  3.6403E-01
1.4635E-02  2.9055E+02  2.9019E+02  3.6403E-01
1.4637E-02  2.9048E+02  2.9011E+02  3.6403E-01
1.4640E-02  2.9033E+02  2.8997E+02  3.6403E-01
1.4643E-02  2.9023E+02  2.8986E+02  3.6404E-01
1.4645E-02  2.9043E+02  2.9006E+02  3.6404E-01
1.4648E-02  2.9001E+02  2.8965E+02  3.6404E-01
1.4650E-02  2.8990E+02  2.8954E+02  3.6404E-01
1.4653E-02  2.8980E+02  2.8943E+02  3.6404E-01
1.4655E-02  2.8969E+02  2.8932E+02  3.6404E-01
1.4658E-02  2.8958E+02  2.8921E+02  3.6404E-01
1.4660E-02  2.8947E+02  2.8911E+02  3.6404E-01
1.4663E-02  2.8943E+02  2.8907E+02  3.6404E-01
1.4665E-02  2.8927E+02  2.8890E+02  3.6404E-01
1.4667E-02  2.8957E+02  2.8921E+02  3.6404E-01
1.4670E-02  2.8904E+02  2.8867E+02  3.6404E-01
1.4672E-02  2.8893E+02  2.8857E+02  3.6404E-01
1.4675E-02  2.8882E+02  2.8846E+02  3.6404E-01
1.4678E-02  2.8872E+02  2.8835E+02  3.6404E-01
1.4680E-02  2.8861E+02  2.8825E+02  3.6404E-01
1.4682E-02  2.8850E+02  2.8814E+02  3.6404E-01
1.4685E-02  2.8840E+02  2.8803E+02  3.6404E-01
1.4688E-02  2.8829E+02  2.8793E+02  3.6404E-01
1.4690E-02  2.8819E+02  2.8783E+02  3.6404E-01
1.4693E-02  2.8808E+02  2.8771E+02  3.6404E-01
1.4695E-02  2.8797E+02  2.8761E+02  3.6404E-01
1.4698E-02  2.8812E+02  2.8775E+02  3.6404E-01
1.4700E-02  2.8776E+02  2.8739E+02  3.6404E-01
1.4703E-02  2.8770E+02  2.8733E+02  3.6404E-01
1.4705E-02  2.8755E+02  2.8718E+02  3.6404E-01
1.4708E-02  2.8744E+02  2.8707E+02  3.6404E-01
1.4710E-02  2.8733E+02  2.8697E+02  3.6404E-01
1.4712E-02  2.8722E+02  2.8686E+02  3.6404E-01
1.4715E-02  2.8713E+02  2.8676E+02  3.6404E-01
1.4717E-02  2.8701E+02  2.8665E+02  3.6404E-01
1.4720E-02  2.8694E+02  2.8657E+02  3.6404E-01
1.4723E-02  2.8680E+02  2.8644E+02  3.6404E-01
1.4725E-02  2.8670E+02  2.8633E+02  3.6404E-01
1.4727E-02  2.8691E+02  2.8655E+02  3.6404E-01
1.4730E-02  2.8649E+02  2.8612E+02  3.6404E-01
1.4733E-02  2.8757E+02  2.8721E+02  3.6404E-01
1.4735E-02  2.8628E+02  2.8591E+02  3.6404E-01
1.4738E-02  2.8631E+02  2.8594E+02  3.6404E-01
1.4740E-02  2.8607E+02  2.8571E+02  3.6404E-01
1.4743E-02  2.8596E+02  2.8559E+02  3.6404E-01
1.4745E-02  2.8602E+02  2.8565E+02  3.6404E-01
1.4748E-02  2.8577E+02  2.8541E+02  3.6404E-01
1.4750E-02  2.8581E+02  2.8545E+02  3.6404E-01
1.4752E-02  2.8557E+02  2.8520E+02  3.6404E-01
1.4755E-02  2.8644E+02  2.8608E+02  3.6404E-01
1.4757E-02  2.8552E+02  2.8515E+02  3.6404E-01
1.4760E-02  2.8523E+02  2.8487E+02  3.6404E-01
1.4762E-02  2.8567E+02  2.8530E+02  3.6404E-01
1.4765E-02  2.8502E+02  2.8465E+02  3.6404E-01
1.4768E-02  2.9531E+02  2.9495E+02  3.6404E-01
1.4770E-02  2.8482E+02  2.8445E+02  3.6404E-01
1.4773E-02  2.8472E+02  2.8436E+02  3.6404E-01
1.4775E-02  2.8484E+02  2.8448E+02  3.6404E-01
1.4778E-02  2.8450E+02  2.8413E+02  3.6404E-01
1.4780E-02  2.8495E+02  2.8459E+02  3.6404E-01
1.4783E-02  2.8429E+02  2.8392E+02  3.6404E-01
1.4785E-02  2.8430E+02  2.8394E+02  3.6404E-01
1.4788E-02  2.8408E+02  2.8372E+02  3.6404E-01
1.4790E-02  2.8509E+02  2.8472E+02  3.6404E-01
1.4793E-02  2.8462E+02  2.8425E+02  3.6404E-01
1.4795E-02  2.8377E+02  2.8340E+02  3.6404E-01
1.4797E-02  2.8402E+02  2.8365E+02  3.6404E-01
1.4800E-02  2.8356E+02  2.8320E+02  3.6404E-01
1.4802E-02  2.8353E+02  2.8317E+02  3.6404E-01
1.4805E-02  2.8337E+02  2.8300E+02  3.6404E-01
1.4807E-02  2.8327E+02  2.8291E+02  3.6404E-01
1.4810E-02  2.8330E+02  2.8294E+02  3.6404E-01
1.4813E-02  2.8330E+02  2.8294E+02  3.6404E-01
1.4815E-02  2.8321E+02  2.8285E+02  3.6404E-01
1.4818E-02  2.8358E+02  2.8322E+02  3.6404E-01
1.4820E-02  2.8308E+02  2.8272E+02  3.6404E-01
1.4823E-02  2.8309E+02  2.8273E+02  3.6404E-01
1.4825E-02  2.8255E+02  2.8218E+02  3.6404E-01
1.4828E-02  2.8253E+02  2.8216E+02  3.6404E-01
1.4830E-02  2.8232E+02  2.8196E+02  3.6404E-01
1.4833E-02  2.8225E+02  2.8188E+02  3.6404E-01
1.4835E-02  2.8285E+02  2.8249E+02  3.6404E-01
1.4837E-02  2.8232E+02  2.8195E+02  3.6404E-01
1.4840E-02  2.8196E+02  2.8160E+02  3.6404E-01
1.4842E-02  2.8185E+02  2.8149E+02  3.6404E-01
1.4845E-02  2.8193E+02  2.8156E+02  3.6404E-01
1.4847E-02  2.8161E+02  2.8124E+02  3.6404E-01
1.4850E-02  2.8151E+02  2.8115E+02  3.6404E-01
1.4852E-02  2.8143E+02  2.8106E+02  3.6404E-01
1.4855E-02  2.8134E+02  2.8098E+02  3.6404E-01
1.4858E-02  2.8123E+02  2.8086E+02  3.6404E-01
1.4860E-02  2.8111E+02  2.8074E+02  3.6404E-01
1.4863E-02  2.8101E+02  2.8064E+02  3.6404E-01
1.4865E-02  2.8089E+02  2.8053E+02  3.6404E-01
1.4868E-02  2.8079E+02  2.8042E+02  3.6404E-01
1.4870E-02  2.8069E+02  2.8032E+02  3.6404E-01
1.4873E-02  2.8059E+02  2.8023E+02  3.6404E-01
1.4875E-02  2.8051E+02  2.8015E+02  3.6404E-01
1.4878E-02  2.8038E+02  2.8002E+02  3.6404E-01
1.4880E-02  2.8028E+02  2.7992E+02  3.6404E-01
1.4882E-02  2.8022E+02  2.7986E+02  3.6404E-01
1.4885E-02  2.8008E+02  2.7972E+02  3.6404E-01
1.4887E-02  2.7999E+02  2.7963E+02  3.6404E-01
1.4890E-02  2.7987E+02  2.7951E+02  3.6404E-01
1.4893E-02  2.7978E+02  2.7941E+02  3.6404E-01
1.4895E-02  2.7967E+02  2.7931E+02  3.6404E-01
1.4898E-02  2.7958E+02  2.7922E+02  3.6404E-01
1.4900E-02  2.7948E+02  2.7911E+02  3.6404E-01
1.4903E-02  2.8043E+02  2.8006E+02  3.6404E-01
1.4905E-02  2.7928E+02  2.7891E+02  3.6404E-01
1.4908E-02  2.9786E+02  2.9749E+02  3.6404E-01
1.4910E-02  2.7907E+02  2.7871E+02  3.6404E-01
1.4913E-02  2.7897E+02  2.7860E+02  3.6404E-01
1.4915E-02  2.7895E+02  2.7858E+02  3.6404E-01
1.4918E-02  2.7876E+02  2.7840E+02  3.6404E-01
1.4920E-02  2.7866E+02  2.7830E+02  3.6404E-01
1.4923E-02  2.7856E+02  2.7820E+02  3.6405E-01
1.4925E-02  2.7846E+02  2.7810E+02  3.6405E-01
1.4927E-02  2.7839E+02  2.7803E+02  3.6405E-01
1.4930E-02  2.7826E+02  2.7790E+02  3.6405E-01
1.4932E-02  2.7816E+02  2.7780E+02  3.6405E-01
1.4935E-02  2.7806E+02  2.7770E+02  3.6405E-01
1.4938E-02  2.7821E+02  2.7784E+02  3.6405E-01
1.4940E-02  2.7794E+02  2.7757E+02  3.6405E-01
1.4943E-02  2.7805E+02  2.7769E+02  3.6405E-01
1.4945E-02  2.7770E+02  2.7734E+02  3.6405E-01
1.4948E-02  2.7756E+02  2.7720E+02  3.6405E-01
1.4950E-02  2.7746E+02  2.7710E+02  3.6405E-01
1.4953E-02  2.7736E+02  2.7700E+02  3.6405E-01
1.4955E-02  2.7726E+02  2.7690E+02  3.6405E-01
1.4958E-02  2.7716E+02  2.7680E+02  3.6405E-01
1.4960E-02  2.7706E+02  2.7670E+02  3.6405E-01
1.4963E-02  2.7696E+02  2.7660E+02  3.6405E-01
1.4965E-02  2.7686E+02  2.7650E+02  3.6405E-01
1.4967E-02  2.7676E+02  2.7640E+02  3.6405E-01
1.4970E-02  2.7666E+02  2.7630E+02  3.6405E-01
1.4972E-02  2.7656E+02  2.7620E+02  3.6405E-01
1.4975E-02  2.7655E+02  2.7618E+02  3.6405E-01
1.4977E-02  2.7636E+02  2.7600E+02  3.6405E-01
1.4980E-02  2.7634E+02  2.7598E+02  3.6405E-01
1.4983E-02  2.7617E+02  2.7581E+02  3.6405E-01
1.4985E-02  2.7607E+02  2.7571E+02  3.6405E-01
1.4988E-02  2.7599E+02  2.7563E+02  3.6405E-01
1.4990E-02  2.7588E+02  2.7552E+02  3.6405E-01
1.4993E-02  2.7579E+02  2.7543E+02  3.6405E-01
1.4995E-02  2.7567E+02  2.7531E+02  3.6405E-01
1.4998E-02  2.7557E+02  2.7521E+02  3.6405E-01
1.5000E-02  2.7547E+02  2.7511E+02  3.6405E-01
1.5003E-02  2.7538E+02  2.7502E+02  3.6405E-01
1.5005E-02  2.7527E+02  2.7491E+02  3.6405E-01
1.5008E-02  2.7518E+02  2.7481E+02  3.6405E-01
1.5010E-02  2.7508E+02  2.7471E+02  3.6405E-01
1.5012E-02  2.7498E+02  2.7461E+02  3.6405E-01
1.5015E-02  2.7488E+02  2.7452E+02  3.6405E-01
1.5017E-02  2.7478E+02  2.7442E+02  3.6405E-01
1.5020E-02  2.7470E+02  2.7433E+02  3.6405E-01
1.5023E-02  2.7459E+02  2.7422E+02  3.6405E-01
1.5025E-02  2.7449E+02  2.7412E+02  3.6405E-01
1.5028E-02  2.7439E+02  2.7403E+02  3.6405E-01
1.5030E-02  2.7429E+02  2.7393E+02  3.6405E-01
1.5033E-02  2.7419E+02  2.7383E+02  3.6405E-01
1.5035E-02  2.7409E+02  2.7373E+02  3.6405E-01
1.5038E-02  2.7400E+02  2.7364E+02  3.6405E-01
1.5040E-02  2.8465E+02  2.8429E+02  3.6405E-01
1.5043E-02  2.7392E+02  2.7356E+02  3.6405E-01
1.5045E-02  2.7404E+02  2.7368E+02  3.6405E-01
1.5048E-02  2.7361E+02  2.7324E+02  3.6405E-01
1.5050E-02  3.8439E+02  3.8402E+02  3.6405E-01
1.5052E-02  2.7341E+02  2.7305E+02  3.6405E-01
1.5055E-02  2.7548E+02  2.7511E+02  3.6405E-01
1.5057E-02  2.7321E+02  2.7285E+02  3.6405E-01
1.5060E-02  2.7311E+02  2.7275E+02  3.6405E-01
1.5062E-02  2.7301E+02  2.7265E+02  3.6405E-01
1.5065E-02  2.7293E+02  2.7257E+02  3.6405E-01
1.5068E-02  2.7282E+02  2.7245E+02  3.6405E-01
1.5070E-02  2.7272E+02  2.7236E+02  3.6405E-01
1.5073E-02  2.7262E+02  2.7226E+02  3.6405E-01
1.5075E-02  2.7253E+02  2.7216E+02  3.6405E-01
1.5078E-02  2.7243E+02  2.7206E+02  3.6405E-01
1.5080E-02  2.7233E+02  2.7197E+02  3.6405E-01
1.5083E-02  2.7223E+02  2.7187E+02  3.6405E-01
1.5085E-02  2.7214E+02  2.7177E+02  3.6405E-01
1.5088E-02  2.7204E+02  2.7167E+02  3.6405E-01
1.5090E-02  2.7194E+02  2.7158E+02  3.6405E-01
1.5093E-02  2.7184E+02  2.7148E+02  3.6405E-01
1.5095E-02  2.7175E+02  2.7138E+02  3.6405E-01
1.5097E-02  2.7165E+02  2.7129E+02  3.6405E-01
1.5100E-02  2.7156E+02  2.7119E+02  3.6405E-01
1.5102E-02  2.7152E+02  2.7115E+02  3.6405E-01
1.5105E-02  2.7136E+02  2.7099E+02  3.6405E-01
1.5107E-02  2.7126E+02  2.7090E+02  3.6405E-01
1.5110E-02  2.7116E+02  2.7080E+02  3.6405E-01
1.5113E-02  2.7107E+02  2.7070E+02  3.6405E-01
1.5115E-02  2.7097E+02  2.7061E+02  3.6405E-01
1.5118E-02  2.7087E+02  2.7051E+02  3.6405E-01
1.5120E-02  2.7078E+02  2.7041E+02  3.6405E-01
1.5123E-02  2.7068E+02  2.7032E+02  3.6405E-01
1.5125E-02  2.7058E+02  2.7022E+02  3.6405E-01
1.5128E-02  2.7049E+02  2.7012E+02  3.6405E-01
1.5130E-02  2.7039E+02  2.7003E+02  3.6405E-01
1.5133E-02  2.7030E+02  2.6993E+02  3.6405E-01
1.5135E-02  2.7020E+02  2.6984E+02  3.6405E-01
1.5137E-02  2.7010E+02  2.6974E+02  3.6405E-01
1.5140E-02  2.7001E+02  2.6965E+02  3.6405E-01
1.5142E-02  2.6991E+02  2.6955E+02  3.6405E-01
1.5145E-02  2.6981E+02  2.6945E+02  3.6405E-01
1.5148E-02  2.6972E+02  2.6936E+02  3.6405E-01
1.5150E-02  2.6962E+02  2.6926E+02  3.6405E-01
1.5153E-02  2.6953E+02  2.6916E+02  3.6405E-01
1.5155E-02  2.6943E+02  2.6907E+02  3.6405E-01
1.5158E-02  2.6934E+02  2.6897E+02  3.6405E-01
1.5160E-02  2.6929E+02  2.6893E+02  3.6405E-01
1.5163E-02  2.6915E+02  2.6878E+02  3.6405E-01
1.5165E-02  2.6905E+02  2.6869E+02  3.6405E-01
1.5168E-02  2.6896E+02  2.6859E+02  3.6405E-01
1.5170E-02  2.6886E+02  2.6850E+02  3.6405E-01
1.5173E-02  2.6877E+02  2.6840E+02  3.6405E-01
1.5175E-02  2.6867E+02  2.6831E+02  3.6405E-01
1.5178E-02  2.6858E+02  2.6821E+02  3.6405E-01
1.5180E-02  2.6848E+02  2.6812E+02  3.6405E-01
1.5182E-02  2.6839E+02  2.6803E+02  3.6405E-01
1.5185E-02  2.6830E+02  2.6793E+02  3.6405E-01
1.5187E-02  2.6820E+02  2.6784E+02  3.6405E-01
1.5190E-02  2.6811E+02  2.6775E+02  3.6405E-01
1.5193E-02  2.6805E+02  2.6769E+02  3.6405E-01
1.5195E-02  2.6793E+02  2.6757E+02  3.6405E-01
1.5198E-02  2.6829E+02  2.6793E+02  3.6405E-01
1.5200E-02  2.6775E+02  2.6739E+02  3.6405E-01
1.5203E-02  2.6767E+02  2.6730E+02  3.6405E-01
1.5205E-02  2.6758E+02  2.6722E+02  3.6405E-01
1.5208E-02  2.6754E+02  2.6717E+02  3.6405E-01
1.5210E-02  2.6743E+02  2.6707E+02  3.6405E-01
1.5213E-02  2.6737E+02  2.6700E+02  3.6406E-01
1.5215E-02  2.6732E+02  2.6696E+02  3.6406E-01
1.5218E-02  2.6730E+02  2.6694E+02  3.6406E-01
1.5220E-02  2.6733E+02  2.6697E+02  3.6406E-01
1.5222E-02  2.6749E+02  2.6712E+02  3.6406E-01
1.5225E-02  2.6801E+02  2.6764E+02  3.6406E-01
1.5227E-02  2.7017E+02  2.6981E+02  3.6406E-01
1.5230E-02  3.0166E+02  3.0130E+02  3.6406E-01
1.5232E-02  2.9686E+02  2.9650E+02  3.6406E-01
1.5235E-02  2.6976E+02  2.6939E+02  3.6406E-01
1.5238E-02  2.6756E+02  2.6719E+02  3.6406E-01
1.5240E-02  2.6698E+02  2.6661E+02  3.6406E-01
1.5243E-02  2.6657E+02  2.6621E+02  3.6406E-01
1.5245E-02  2.6641E+02  2.6604E+02  3.6406E-01
1.5248E-02  2.6633E+02  2.6597E+02  3.6406E-01
1.5250E-02  2.6640E+02  2.6603E+02  3.6406E-01
1.5253E-02  2.6684E+02  2.6648E+02  3.6406E-01
1.5255E-02  2.6977E+02  2.6941E+02  3.6406E-01
1.5258E-02  2.9345E+05  2.9345E+05  3.6406E-01
1.5260E-02  2.6989E+02  2.6953E+02  3.6406E-01
1.5263E-02  2.6666E+02  2.6630E+02  3.6406E-01
1.5265E-02  2.6592E+02  2.6555E+02  3.6406E-01
1.5267E-02  2.6591E+02  2.6555E+02  3.6406E-01
1.5270E-02  2.6856E+02  2.6820E+02  3.6406E-01
1.5273E-02  2.7648E+02  2.7612E+02  3.6406E-01
1.5275E-02  2.6566E+02  2.6529E+02  3.6406E-01
1.5277E-02  2.6507E+02  2.6471E+02  3.6406E-01
1.5280E-02  2.6484E+02  2.6448E+02  3.6406E-01
1.5283E-02  2.6469E+02  2.6433E+02  3.6406E-01
1.5285E-02  2.6457E+02  2.6420E+02  3.6406E-01
1.5288E-02  2.6445E+02  2.6409E+02  3.6406E-01
1.5290E-02  2.6435E+02  2.6399E+02  3.6406E-01
1.5293E-02  3.0595E+02  3.0558E+02  3.6406E-01
1.5295E-02  2.6419E+02  2.6382E+02  3.6406E-01
1.5298E-02  2.6458E+02  2.6421E+02  3.6406E-01
1.5300E-02  2.6404E+02  2.6368E+02  3.6406E-01
1.5303E-02  2.6804E+02  2.6768E+02  3.6406E-01
1.5305E-02  2.6376E+02  2.6339E+02  3.6406E-01
1.5307E-02  2.6365E+02  2.6329E+02  3.6406E-01
1.5310E-02  2.6356E+02  2.6319E+02  3.6406E-01
1.5312E-02  2.6346E+02  2.6310E+02  3.6406E-01
1.5315E-02  2.6337E+02  2.6300E+02  3.6406E-01
1.5318E-02  2.6327E+02  2.6291E+02  3.6406E-01
1.5320E-02  2.6318E+02  2.6282E+02  3.6406E-01
1.5322E-02  2.6309E+02  2.6272E+02  3.6406E-01
1.5325E-02  2.6300E+02  2.6263E+02  3.6406E-01
1.5328E-02  2.6290E+02  2.6254E+02  3.6406E-01
1.5330E-02  2.6281E+02  2.6244E+02  3.6406E-01
1.5333E-02  2.6271E+02  2.6235E+02  3.6406E-01
1.5335E-02  2.6290E+02  2.6254E+02  3.6406E-01
1.5338E-02  2.6253E+02  2.6217E+02  3.6406E-01
1.5340E-02  2.6289E+02  2.6253E+02  3.6406E-01
1.5343E-02  2.6234E+02  2.6197E+02  3.6406E-01
1.5345E-02  2.6224E+02  2.6188E+02  3.6406E-01
1.5348E-02  2.6215E+02  2.6179E+02  3.6406E-01
1.5350E-02  2.6206E+02  2.6170E+02  3.6406E-01
1.5352E-02  2.6218E+02  2.6182E+02  3.6406E-01
1.5355E-02  2.6236E+02  2.6200E+02  3.6406E-01
1.5357E-02  2.6178E+02  2.6141E+02  3.6406E-01
1.5360E-02  2.6168E+02  2.6132E+02  3.6406E-01
1.5363E-02  2.6160E+02  2.6123E+02  3.6406E-01
1.5365E-02  2.6150E+02  2.6114E+02  3.6406E-01
1.5367E-02  2.6140E+02  2.6104E+02  3.6406E-01
1.5370E-02  2.6131E+02  2.6095E+02  3.6406E-01
1.5373E-02  2.6122E+02  2.6086E+02  3.6406E-01
1.5375E-02  2.6113E+02  2.6076E+02  3.6406E-01
1.5378E-02  2.6103E+02  2.6067E+02  3.6406E-01
1.5380E-02  2.6094E+02  2.6058E+02  3.6406E-01
1.5383E-02  2.6085E+02  2.6049E+02  3.6406E-01
1.5385E-02  2.6076E+02  2.6040E+02  3.6406E-01
1.5388E-02  2.6067E+02  2.6030E+02  3.6406E-01
1.5390E-02  2.6058E+02  2.6021E+02  3.6406E-01
1.5392E-02  2.6048E+02  2.6012E+02  3.6406E-01
1.5395E-02  2.6039E+02  2.6003E+02  3.6406E-01
1.5398E-02  2.6030E+02  2.5994E+02  3.6406E-01
1.5400E-02  2.6021E+02  2.5985E+02  3.6406E-01
1.5402E-02  2.6012E+02  2.5976E+02  3.6406E-01
1.5405E-02  2.6022E+02  2.5985E+02  3.6406E-01
1.5408E-02  2.5996E+02  2.5959E+02  3.6406E-01
1.5410E-02  2.5989E+02  2.5953E+02  3.6406E-01
1.5412E-02  2.5978E+02  2.5941E+02  3.6406E-01
1.5415E-02  2.5973E+02  2.5936E+02  3.6406E-01
1.5418E-02  2.5978E+02  2.5941E+02  3.6406E-01
1.5420E-02  2.5952E+02  2.5915E+02  3.6406E-01
1.5423E-02  2.5943E+02  2.5907E+02  3.6406E-01
1.5425E-02  2.5936E+02  2.5899E+02  3.6406E-01
1.5428E-02  2.5932E+02  2.5896E+02  3.6406E-01
1.5430E-02  2.5921E+02  2.5884E+02  3.6406E-01
1.5433E-02  2.5917E+02  2.5881E+02  3.6406E-01
1.5435E-02  2.6048E+02  2.6011E+02  3.6406E-01
1.5437E-02  2.5902E+02  2.5866E+02  3.6406E-01
1.5440E-02  2.5916E+02  2.5880E+02  3.6406E-01
1.5443E-02  2.5894E+02  2.5858E+02  3.6406E-01
1.5445E-02  2.5895E+02  2.5859E+02  3.6406E-01
1.5447E-02  2.5905E+02  2.5868E+02  3.6406E-01
1.5450E-02  2.5913E+02  2.5877E+02  3.6406E-01
1.5453E-02  2.5972E+02  2.5936E+02  3.6406E-01
1.5455E-02  2.6019E+02  2.5982E+02  3.6406E-01
1.5458E-02  2.6230E+02  2.6193E+02  3.6406E-01
1.5460E-02  2.7217E+02  2.7180E+02  3.6406E-01
1.5463E-02  2.5780E+04  2.5779E+04  3.6406E-01
1.5465E-02  2.8852E+02  2.8816E+02  3.6406E-01
1.5468E-02  2.6411E+02  2.6374E+02  3.6406E-01
1.5470E-02  2.6067E+02  2.6030E+02  3.6406E-01
1.5473E-02  2.5978E+02  2.5941E+02  3.6406E-01
1.5475E-02  2.5990E+02  2.5954E+02  3.6406E-01
1.5477E-02  2.6163E+02  2.6127E+02  3.6406E-01
1.5480E-02  2.7386E+02  2.7350E+02  3.6406E-01
1.5482E-02  2.4682E+05  2.4682E+05  3.6406E-01
1.5485E-02  2.6918E+02  2.6881E+02  3.6406E-01
1.5488E-02  2.6159E+02  2.6123E+02  3.6406E-01
1.5490E-02  2.6360E+02  2.6323E+02  3.6406E-01
1.5492E-02  5.3809E+04  5.3809E+04  3.6406E-01
1.5495E-02  2.6606E+02  2.6570E+02  3.6406E-01
1.5498E-02  2.5889E+02  2.5852E+02  3.6406E-01
1.5500E-02  2.5769E+02  2.5733E+02  3.6406E-01
1.5503E-02  2.5708E+02  2.5672E+02  3.6406E-01
1.5505E-02  2.5705E+02  2.5669E+02  3.6406E-01
1.5508E-02  2.5656E+02  2.5620E+02  3.6406E-01
1.5510E-02  2.5639E+02  2.5603E+02  3.6406E-01
1.5513E-02  2.5624E+02  2.5588E+02  3.6407E-01
1.5515E-02  2.5611E+02  2.5575E+02  3.6407E-01
1.5518E-02  2.5599E+02  2.5563E+02  3.6407E-01
1.5520E-02  2.5588E+02  2.5551E+02  3.6407E-01
1.5523E-02  2.5578E+02  2.5541E+02  3.6407E-01
1.5525E-02  2.5570E+02  2.5534E+02  3.6407E-01
1.5527E-02  2.7502E+02  2.7466E+02  3.6407E-01
1.5530E-02  2.5557E+02  2.5521E+02  3.6407E-01
1.5533E-02  2.5539E+02  2.5502E+02  3.6407E-01
1.5535E-02  2.5626E+02  2.5590E+02  3.6407E-01
1.5537E-02  2.5522E+02  2.5486E+02  3.6407E-01
1.5540E-02  2.5508E+02  2.5471E+02  3.6407E-01
1.5543E-02  2.5496E+02  2.5459E+02  3.6407E-01
1.5545E-02  2.5486E+02  2.5450E+02  3.6407E-01
1.5548E-02  2.5476E+02  2.5440E+02  3.6407E-01
1.5550E-02  2.5467E+02  2.5430E+02  3.6407E-01
1.5553E-02  2.5464E+02  2.5428E+02  3.6407E-01
1.5555E-02  2.5448E+02  2.5411E+02  3.6407E-01
1.5558E-02  2.5440E+02  2.5404E+02  3.6407E-01
1.5560E-02  2.5431E+02  2.5395E+02  3.6407E-01
1.5562E-02  2.5420E+02  2.5383E+02  3.6407E-01
1.5565E-02  2.5472E+02  2.5435E+02  3.6407E-01
1.5568E-02  2.5401E+02  2.5365E+02  3.6407E-01
1.5570E-02  2.5458E+02  2.5421E+02  3.6407E-01
1.5572E-02  2.5382E+02  2.5345E+02  3.6407E-01
1.5575E-02  2.5378E+02  2.5341E+02  3.6407E-01
1.5578E-02  2.5364E+02  2.5328E+02  3.6407E-01
1.5580E-02  2.5354E+02  2.5318E+02  3.6407E-01
1.5582E-02  2.5429E+02  2.5392E+02  3.6407E-01
1.5585E-02  2.5336E+02  2.5300E+02  3.6407E-01
1.5588E-02  2.5364E+02  2.5328E+02  3.6407E-01
1.5590E-02  2.5317E+02  2.5281E+02  3.6407E-01
1.5593E-02  2.5311E+02  2.5275E+02  3.6407E-01
1.5595E-02  2.5306E+02  2.5269E+02  3.6407E-01
1.5598E-02  2.5290E+02  2.5253E+02  3.6407E-01
1.5600E-02  2.5305E+02  2.5268E+02  3.6407E-01
1.5603E-02  2.5271E+02  2.5235E+02  3.6407E-01
1.5605E-02  2.5271E+02  2.5235E+02  3.6407E-01
1.5607E-02  2.5255E+02  2.5219E+02  3.6407E-01
1.5610E-02  2.5244E+02  2.5207E+02  3.6407E-01
1.5613E-02  2.5234E+02  2.5198E+02  3.6407E-01
1.5615E-02  2.5225E+02  2.5189E+02  3.6407E-01
1.5617E-02  2.5216E+02  2.5180E+02  3.6407E-01
1.5620E-02  2.5207E+02  2.5170E+02  3.6407E-01
1.5623E-02  2.5200E+02  2.5163E+02  3.6407E-01
1.5625E-02  2.5189E+02  2.5152E+02  3.6407E-01
1.5627E-02  2.5179E+02  2.5143E+02  3.6407E-01
1.5630E-02  2.5170E+02  2.5134E+02  3.6407E-01
1.5633E-02  2.5161E+02  2.5125E+02  3.6407E-01
1.5635E-02  2.5152E+02  2.5116E+02  3.6407E-01
1.5637E-02  2.5143E+02  2.5106E+02  3.6407E-01
1.5640E-02  2.5134E+02  2.5097E+02  3.6407E-01
1.5643E-02  2.5124E+02  2.5088E+02  3.6407E-01
1.5645E-02  2.5115E+02  2.5079E+02  3.6407E-01
1.5648E-02  2.5106E+02  2.5070E+02  3.6407E-01
1.5650E-02  2.5097E+02  2.5061E+02  3.6407E-01
1.5652E-02  2.5088E+02  2.5052E+02  3.6407E-01
1.5655E-02  2.5081E+02  2.5045E+02  3.6407E-01
1.5658E-02  2.5070E+02  2.5034E+02  3.6407E-01
1.5660E-02  2.5061E+02  2.5024E+02  3.6407E-01
1.5662E-02  2.5052E+02  2.5016E+02  3.6407E-01
1.5665E-02  2.5042E+02  2.5006E+02  3.6407E-01
1.5668E-02  2.5034E+02  2.4997E+02  3.6407E-01
1.5670E-02  2.7174E+02  2.7138E+02  3.6407E-01
1.5672E-02  2.5016E+02  2.4980E+02  3.6407E-01
1.5675E-02  2.5015E+02  2.4978E+02  3.6407E-01
1.5678E-02  2.4997E+02  2.4961E+02  3.6407E-01
1.5680E-02  2.5001E+02  2.4965E+02  3.6407E-01
1.5682E-02  2.5003E+02  2.4966E+02  3.6407E-01
1.5685E-02  2.4970E+02  2.4934E+02  3.6407E-01
1.5688E-02  2.4961E+02  2.4925E+02  3.6407E-01
1.5690E-02  2.4952E+02  2.4916E+02  3.6407E-01
1.5693E-02  2.4943E+02  2.4907E+02  3.6407E-01
1.5695E-02  2.4936E+02  2.4899E+02  3.6407E-01
1.5697E-02  2.4937E+02  2.4901E+02  3.6407E-01
1.5700E-02  2.4917E+02  2.4880E+02  3.6407E-01
1.5703E-02  2.4907E+02  2.4870E+02  3.6407E-01
1.5705E-02  2.4899E+02  2.4862E+02  3.6407E-01
1.5707E-02  2.4891E+02  2.4854E+02  3.6407E-01
1.5710E-02  2.4880E+02  2.4844E+02  3.6407E-01
1.5713E-02  2.4870E+02  2.4834E+02  3.6407E-01
1.5715E-02  2.4861E+02  2.4825E+02  3.6407E-01
1.5717E-02  2.4852E+02  2.4816E+02  3.6407E-01
1.5720E-02  2.5619E+02  2.5583E+02  3.6407E-01
1.5723E-02  2.4836E+02  2.4799E+02  3.6407E-01
1.5725E-02  2.4827E+02  2.4790E+02  3.6407E-01
1.5727E-02  2.4816E+02  2.4780E+02  3.6407E-01
1.5730E-02  2.4839E+02  2.4802E+02  3.6407E-01
1.5732E-02  2.4799E+02  2.4762E+02  3.6407E-01
1.5735E-02  2.4789E+02  2.4752E+02  3.6407E-01
1.5738E-02  2.4780E+02  2.4743E+02  3.6407E-01
1.5740E-02  2.4771E+02  2.4734E+02  3.6407E-01
1.5742E-02  2.4762E+02  2.4725E+02  3.6407E-01
1.5745E-02  2.4753E+02  2.4716E+02  3.6407E-01
1.5748E-02  2.4772E+02  2.4736E+02  3.6407E-01
1.5750E-02  2.4739E+02  2.4703E+02  3.6407E-01
1.5752E-02  2.4726E+02  2.4689E+02  3.6407E-01
1.5755E-02  2.4716E+02  2.4680E+02  3.6407E-01
1.5758E-02  2.4707E+02  2.4671E+02  3.6407E-01
1.5760E-02  2.4698E+02  2.4662E+02  3.6407E-01
1.5762E-02  2.4689E+02  2.4653E+02  3.6407E-01
1.5765E-02  2.4680E+02  2.4644E+02  3.6407E-01
1.5768E-02  2.4671E+02  2.4635E+02  3.6407E-01
1.5770E-02  2.4662E+02  2.4626E+02  3.6407E-01
1.5773E-02  2.4653E+02  2.4617E+02  3.6407E-01
1.5775E-02  2.4644E+02  2.4608E+02  3.6407E-01
1.5777E-02  2.4635E+02  2.4599E+02  3.6407E-01
1.5780E-02  2.4626E+02  2.4590E+02  3.6407E-01
1.5783E-02  2.4617E+02  2.4581E+02  3.6407E-01
1.5785E-02  2.4608E+02  2.4572E+02  3.6407E-01
1.5787E-02  2.4599E+02  2.4563E+02  3.6407E-01
1.5790E-02  2.4590E+02  2.4554E+02  3.6407E-01
1.5793E-02  2.4581E+02  2.4545E+02  3.6407E-01
1.5795E-02  2.4572E+02  2.4536E+02  3.6407E-01
1.5797E-02  2.4563E+02  2.4527E+02  3.6407E-01
1.5800E-02  2.4554E+02  2.4518E+02  3.6407E-01
1.5803E-02  2.4545E+02  2.4509E+02  3.6407E-01
1.5805E-02  2.4536E+02  2.4500E+02  3.6407E-01
1.5807E-02  2.4527E+02  2.4491E+02  3.6407E-01
1.5810E-02  2.4518E+02  2.4482E+02  3.6407E-01
1.5813E-02  2.4509E+02  2.4473E+02  3.6407E-01
1.5815E-02  2.4500E+02  2.4464E+02  3.6407E-01
1.5818E-02  2.4491E+02  2.4455E+02  3.6408E-01
1.5820E-02  2.4482E+02  2.4446E+02  3.6408E-01
1.5822E-02  2.4473E+02  2.4437E+02  3.6408E-01
1.5825E-02  2.4467E+02  2.4430E+02  3.6408E-01
1.5828E-02  2.4455E+02  2.4419E+02  3.6408E-01
1.5830E-02  2.4447E+02  2.4410E+02  3.6408E-01
1.5832E-02  2.4438E+02  2.4401E+02  3.6408E-01
1.5835E-02  2.4429E+02  2.4392E+02  3.6408E-01
1.5838E-02  2.4420E+02  2.4383E+02  3.6408E-01
1.5840E-02  2.4411E+02  2.4374E+02  3.6408E-01
1.5842E-02  2.4402E+02  2.4365E+02  3.6408E-01
1.5845E-02  2.4393E+02  2.4356E+02  3.6408E-01
1.5848E-02  2.4384E+02  2.4347E+02  3.6408E-01
1.5850E-02  2.4375E+02  2.4339E+02  3.6408E-01
1.5852E-02  2.4366E+02  2.4330E+02  3.6408E-01
1.5855E-02  2.4358E+02  2.4321E+02  3.6408E-01
1.5858E-02  2.4351E+02  2.4315E+02  3.6408E-01
1.5860E-02  2.5205E+02  2.5168E+02  3.6408E-01
1.5863E-02  2.4332E+02  2.4295E+02  3.6408E-01
1.5865E-02  2.4322E+02  2.4285E+02  3.6408E-01
1.5867E-02  2.4313E+02  2.4276E+02  3.6408E-01
1.5870E-02  2.4304E+02  2.4267E+02  3.6408E-01
1.5873E-02  2.4295E+02  2.4258E+02  3.6408E-01
1.5875E-02  2.4286E+02  2.4249E+02  3.6408E-01
1.5877E-02  2.4277E+02  2.4241E+02  3.6408E-01
1.5880E-02  2.4269E+02  2.4232E+02  3.6408E-01
1.5883E-02  2.4259E+02  2.4223E+02  3.6408E-01
1.5885E-02  2.4254E+02  2.4217E+02  3.6408E-01
1.5887E-02  2.4246E+02  2.4210E+02  3.6408E-01
1.5890E-02  2.4233E+02  2.4196E+02  3.6408E-01
1.5893E-02  2.4224E+02  2.4188E+02  3.6408E-01
1.5895E-02  2.4215E+02  2.4179E+02  3.6408E-01
1.5898E-02  2.4208E+02  2.4171E+02  3.6408E-01
1.5900E-02  2.4213E+02  2.4177E+02  3.6408E-01
1.5902E-02  2.4189E+02  2.4153E+02  3.6408E-01
1.5905E-02  2.4179E+02  2.4142E+02  3.6408E-01
1.5908E-02  2.4170E+02  2.4134E+02  3.6408E-01
1.5910E-02  2.4161E+02  2.4125E+02  3.6408E-01
1.5912E-02  2.4153E+02  2.4116E+02  3.6408E-01
1.5915E-02  2.4144E+02  2.4108E+02  3.6408E-01
1.5918E-02  2.4137E+02  2.4101E+02  3.6408E-01
1.5920E-02  2.4141E+02  2.4105E+02  3.6408E-01
1.5922E-02  2.4122E+02  2.4086E+02  3.6408E-01
1.5925E-02  2.4123E+02  2.4087E+02  3.6408E-01
1.5928E-02  2.4280E+02  2.4243E+02  3.6408E-01
1.5930E-02  2.4209E+02  2.4173E+02  3.6408E-01
1.5932E-02  2.4095E+02  2.4058E+02  3.6408E-01
1.5935E-02  2.4077E+02  2.4040E+02  3.6408E-01
1.5938E-02  2.4065E+02  2.4029E+02  3.6408E-01
1.5940E-02  2.4055E+02  2.4019E+02  3.6408E-01
1.5943E-02  2.4046E+02  2.4010E+02  3.6408E-01
1.5945E-02  2.4037E+02  2.4000E+02  3.6408E-01
1.5947E-02  2.4033E+02  2.3997E+02  3.6408E-01
1.5950E-02  2.4025E+02  2.3989E+02  3.6408E-01
1.5953E-02  2.4011E+02  2.3975E+02  3.6408E-01
1.5955E-02  2.4001E+02  2.3965E+02  3.6408E-01
1.5957E-02  2.3993E+02  2.3956E+02  3.6408E-01
1.5960E-02  2.3983E+02  2.3947E+02  3.6408E-01
1.5963E-02  2.3974E+02  2.3938E+02  3.6408E-01
1.5965E-02  2.3965E+02  2.3929E+02  3.6408E-01
1.5967E-02  2.3957E+02  2.3920E+02  3.6408E-01
1.5970E-02  2.3948E+02  2.3911E+02  3.6408E-01
1.5973E-02  2.3939E+02  2.3903E+02  3.6408E-01
1.5975E-02  2.3930E+02  2.3894E+02  3.6408E-01
1.5977E-02  2.3922E+02  2.3885E+02  3.6408E-01
1.5980E-02  2.3928E+02  2.3892E+02  3.6408E-01
1.5983E-02  2.3904E+02  2.3868E+02  3.6408E-01
1.5985E-02  2.3896E+02  2.3859E+02  3.6408E-01
1.5988E-02  2.3888E+02  2.3852E+02  3.6408E-01
1.5990E-02  2.3895E+02  2.3859E+02  3.6408E-01
1.5992E-02  2.3871E+02  2.3834E+02  3.6408E-01
1.5995E-02  2.3862E+02  2.3826E+02  3.6408E-01
1.5998E-02  2.3853E+02  2.3816E+02  3.6408E-01
1.6000E-02  2.4238E+02  2.4202E+02  3.6408E-01
1.6003E-02  2.3839E+02  2.3803E+02  3.6408E-01
1.6005E-02  2.3829E+02  2.3793E+02  3.6408E-01
1.6008E-02  2.3823E+02  2.3786E+02  3.6408E-01
1.6010E-02  2.3814E+02  2.3777E+02  3.6408E-01
1.6012E-02  2.3807E+02  2.3770E+02  3.6408E-01
1.6015E-02  2.3800E+02  2.3764E+02  3.6408E-01
1.6017E-02  2.3794E+02  2.3757E+02  3.6408E-01
1.6020E-02  2.3793E+02  2.3756E+02  3.6408E-01
1.6023E-02  2.3793E+02  2.3757E+02  3.6408E-01
1.6025E-02  2.3798E+02  2.3761E+02  3.6408E-01
1.6028E-02  2.3823E+02  2.3787E+02  3.6408E-01
1.6030E-02  2.3915E+02  2.3878E+02  3.6408E-01
1.6032E-02  2.4466E+02  2.4430E+02  3.6408E-01
1.6035E-02  3.3035E+05  3.3034E+05  3.6408E-01
1.6038E-02  2.4404E+02  2.4368E+02  3.6408E-01
1.6040E-02  2.3882E+02  2.3846E+02  3.6408E-01
1.6043E-02  2.3775E+02  2.3739E+02  3.6408E-01
1.6045E-02  2.3738E+02  2.3701E+02  3.6408E-01
1.6047E-02  2.4064E+02  2.4027E+02  3.6408E-01
1.6050E-02  2.3728E+02  2.3692E+02  3.6408E-01
1.6052E-02  2.3797E+02  2.3761E+02  3.6408E-01
1.6055E-02  2.4960E+02  2.4924E+02  3.6408E-01
1.6058E-02  2.4800E+02  2.4764E+02  3.6408E-01
1.6060E-02  2.3760E+02  2.3724E+02  3.6408E-01
1.6063E-02  2.3672E+02  2.3635E+02  3.6408E-01
1.6065E-02  2.3638E+02  2.3602E+02  3.6408E-01
1.6067E-02  2.3620E+02  2.3584E+02  3.6408E-01
1.6070E-02  2.3607E+02  2.3570E+02  3.6408E-01
1.6073E-02  2.3595E+02  2.3558E+02  3.6408E-01
1.6075E-02  2.3586E+02  2.3550E+02  3.6408E-01
1.6078E-02  2.3577E+02  2.3540E+02  3.6408E-01
1.6080E-02  2.3570E+02  2.3533E+02  3.6408E-01
1.6082E-02  2.3566E+02  2.3530E+02  3.6408E-01
1.6085E-02  2.3546E+02  2.3510E+02  3.6408E-01
1.6087E-02  2.3538E+02  2.3502E+02  3.6408E-01
1.6090E-02  2.3527E+02  2.3490E+02  3.6408E-01
1.6093E-02  2.3517E+02  2.3480E+02  3.6408E-01
1.6095E-02  2.3533E+02  2.3497E+02  3.6408E-01
1.6098E-02  2.3518E+02  2.3482E+02  3.6408E-01
1.6100E-02  2.3518E+02  2.3481E+02  3.6408E-01
1.6102E-02  2.3546E+02  2.3510E+02  3.6408E-01
1.6105E-02  2.3473E+02  2.3436E+02  3.6408E-01
1.6108E-02  2.3463E+02  2.3426E+02  3.6408E-01
1.6110E-02  2.3453E+02  2.3417E+02  3.6408E-01
1.6113E-02  2.3445E+02  2.3409E+02  3.6408E-01
1.6115E-02  2.3438E+02  2.3402E+02  3.6408E-01
1.6117E-02  2.3432E+02  2.3396E+02  3.6408E-01
1.6120E-02  2.3443E+02  2.3406E+02  3.6408E-01
1.6122E-02  2.3496E+02  2.3460E+02  3.6408E-01
1.6125E-02  2.3418E+02  2.3381E+02  3.6408E-01
1.6128E-02  2.3393E+02  2.3356E+02  3.6408E-01
1.6130E-02  2.3384E+02  2.3347E+02  3.6408E-01
1.6133E-02  2.3376E+02  2.3339E+02  3.6409E-01
1.6135E-02  2.3368E+02  2.3331E+02  3.6409E-01
1.6137E-02  2.3363E+02  2.3326E+02  3.6409E-01
1.6140E-02  2.3355E+02  2.3319E+02  3.6409E-01
1.6142E-02  2.3342E+02  2.3305E+02  3.6409E-01
1.6145E-02  2.3334E+02  2.3298E+02  3.6409E-01
1.6148E-02  2.3328E+02  2.3291E+02  3.6409E-01
1.6150E-02  2.3322E+02  2.3285E+02  3.6409E-01
1.6153E-02  2.3320E+02  2.3283E+02  3.6409E-01
1.6155E-02  2.3327E+02  2.3290E+02  3.6409E-01
1.6157E-02  2.3375E+02  2.3339E+02  3.6409E-01
1.6160E-02  2.4848E+02  2.4812E+02  3.6409E-01
1.6163E-02  2.4048E+02  2.4011E+02  3.6409E-01
1.6165E-02  2.6757E+02  2.6721E+02  3.6409E-01
1.6168E-02  2.3301E+02  2.3264E+02  3.6409E-01
1.6170E-02  2.3418E+02  2.3381E+02  3.6409E-01
1.6172E-02  3.9270E+02  3.9234E+02  3.6409E-01
1.6175E-02  2.3428E+02  2.3391E+02  3.6409E-01
1.6177E-02  2.3268E+02  2.3231E+02  3.6409E-01
1.6180E-02  2.3405E+02  2.3369E+02  3.6409E-01
1.6183E-02  2.3345E+02  2.3308E+02  3.6409E-01
1.6185E-02  2.3208E+02  2.3172E+02  3.6409E-01
1.6188E-02  2.3189E+02  2.3153E+02  3.6409E-01
1.6190E-02  2.3177E+02  2.3141E+02  3.6409E-01
1.6192E-02  2.3166E+02  2.3130E+02  3.6409E-01
1.6195E-02  2.3156E+02  2.3120E+02  3.6409E-01
1.6198E-02  2.3146E+02  2.3110E+02  3.6409E-01
1.6200E-02  2.3137E+02  2.3100E+02  3.6409E-01
1.6203E-02  2.3128E+02  2.3091E+02  3.6409E-01
1.6205E-02  2.3119E+02  2.3082E+02  3.6409E-01
1.6207E-02  2.3114E+02  2.3077E+02  3.6409E-01
1.6210E-02  2.3101E+02  2.3064E+02  3.6409E-01
1.6212E-02  2.3092E+02  2.3055E+02  3.6409E-01
1.6215E-02  2.3083E+02  2.3046E+02  3.6409E-01
1.6218E-02  2.3074E+02  2.3038E+02  3.6409E-01
1.6220E-02  2.3067E+02  2.3031E+02  3.6409E-01
1.6223E-02  2.3056E+02  2.3020E+02  3.6409E-01
1.6225E-02  2.3048E+02  2.3011E+02  3.6409E-01
1.6227E-02  2.3039E+02  2.3002E+02  3.6409E-01
1.6230E-02  2.3030E+02  2.2993E+02  3.6409E-01
1.6233E-02  2.3021E+02  2.2985E+02  3.6409E-01
1.6235E-02  2.3012E+02  2.2976E+02  3.6409E-01
1.6238E-02  2.3005E+02  2.2969E+02  3.6409E-01
1.6240E-02  2.2995E+02  2.2958E+02  3.6409E-01
1.6242E-02  2.3203E+02  2.3166E+02  3.6409E-01
1.6245E-02  2.2977E+02  2.2941E+02  3.6409E-01
1.6247E-02  2.2969E+02  2.2933E+02  3.6409E-01
1.6250E-02  2.2960E+02  2.2923E+02  3.6409E-01
1.6253E-02  2.2951E+02  2.2915E+02  3.6409E-01
1.6255E-02  2.2942E+02  2.2906E+02  3.6409E-01
1.6258E-02  2.2933E+02  2.2897E+02  3.6409E-01
1.6260E-02  2.2925E+02  2.2888E+02  3.6409E-01
1.6262E-02  2.2917E+02  2.2881E+02  3.6409E-01
1.6265E-02  2.2907E+02  2.2871E+02  3.6409E-01
1.6267E-02  2.2898E+02  2.2862E+02  3.6409E-01
1.6270E-02  2.2889E+02  2.2853E+02  3.6409E-01
1.6273E-02  2.2881E+02  2.2844E+02  3.6409E-01
1.6275E-02  2.2872E+02  2.2835E+02  3.6409E-01
1.6278E-02  2.2863E+02  2.2827E+02  3.6409E-01
1.6280E-02  2.2855E+02  2.2818E+02  3.6409E-01
1.6282E-02  2.2846E+02  2.2809E+02  3.6409E-01
1.6285E-02  2.2841E+02  2.2804E+02  3.6409E-01
1.6288E-02  2.2828E+02  2.2792E+02  3.6409E-01
1.6290E-02  2.2819E+02  2.2783E+02  3.6409E-01
1.6293E-02  2.2811E+02  2.2774E+02  3.6409E-01
1.6295E-02  2.2802E+02  2.2765E+02  3.6409E-01
1.6297E-02  2.2793E+02  2.2757E+02  3.6409E-01
1.6300E-02  2.2784E+02  2.2748E+02  3.6409E-01
1.6302E-02  2.2776E+02  2.2739E+02  3.6409E-01
1.6305E-02  2.2767E+02  2.2730E+02  3.6409E-01
1.6308E-02  2.2758E+02  2.2722E+02  3.6409E-01
1.6310E-02  2.2749E+02  2.2713E+02  3.6409E-01
1.6313E-02  2.2741E+02  2.2704E+02  3.6409E-01
1.6315E-02  2.2732E+02  2.2696E+02  3.6409E-01
1.6317E-02  2.2723E+02  2.2687E+02  3.6409E-01
1.6320E-02  2.2715E+02  2.2678E+02  3.6409E-01
1.6323E-02  2.2706E+02  2.2670E+02  3.6409E-01
1.6325E-02  2.2697E+02  2.2661E+02  3.6409E-01
1.6328E-02  2.2689E+02  2.2653E+02  3.6409E-01
1.6330E-02  2.2680E+02  2.2644E+02  3.6409E-01
1.6332E-02  2.2671E+02  2.2635E+02  3.6409E-01
1.6335E-02  2.2662E+02  2.2626E+02  3.6409E-01
1.6337E-02  2.2654E+02  2.2617E+02  3.6409E-01
1.6340E-02  2.2645E+02  2.2608E+02  3.6409E-01
1.6343E-02  2.2636E+02  2.2600E+02  3.6409E-01
1.6345E-02  2.2627E+02  2.2591E+02  3.6409E-01
1.6348E-02  2.2622E+02  2.2585E+02  3.6409E-01
1.6350E-02  2.2610E+02  2.2573E+02  3.6409E-01
1.6352E-02  2.2603E+02  2.2566E+02  3.6409E-01
1.6355E-02  2.2592E+02  2.2556E+02  3.6409E-01
1.6358E-02  2.2584E+02  2.2547E+02  3.6409E-01
1.6360E-02  2.2575E+02  2.2539E+02  3.6409E-01
1.6363E-02  2.2566E+02  2.2530E+02  3.6409E-01
1.6365E-02  2.2558E+02  2.2521E+02  3.6409E-01
1.6368E-02  2.2549E+02  2.2512E+02  3.6409E-01
1.6370E-02  2.2604E+02  2.2568E+02  3.6409E-01
1.6372E-02  2.2532E+02  2.2495E+02  3.6409E-01
1.6375E-02  2.2523E+02  2.2487E+02  3.6409E-01
1.6378E-02  2.2514E+02  2.2478E+02  3.6409E-01
1.6380E-02  2.2505E+02  2.2469E+02  3.6409E-01
1.6383E-02  2.2497E+02  2.2460E+02  3.6409E-01
1.6385E-02  2.2488E+02  2.2451E+02  3.6409E-01
1.6387E-02  2.2479E+02  2.2443E+02  3.6409E-01
1.6390E-02  2.2471E+02  2.2434E+02  3.6409E-01
1.6392E-02  2.2462E+02  2.2425E+02  3.6409E-01
1.6395E-02  2.2481E+02  2.2445E+02  3.6409E-01
1.6398E-02  2.2444E+02  2.2408E+02  3.6409E-01
1.6400E-02  2.2436E+02  2.2399E+02  3.6409E-01
1.6403E-02  2.2427E+02  2.2391E+02  3.6409E-01
1.6405E-02  2.2418E+02  2.2382E+02  3.6409E-01
1.6407E-02  2.2410E+02  2.2373E+02  3.6409E-01
1.6410E-02  2.2401E+02  2.2365E+02  3.6409E-01
1.6413E-02  2.2392E+02  2.2356E+02  3.6409E-01
1.6415E-02  2.2383E+02  2.2347E+02  3.6409E-01
1.6418E-02  2.2376E+02  2.2339E+02  3.6409E-01
1.6420E-02  2.2366E+02  2.2330E+02  3.6409E-01
1.6422E-02  2.2357E+02  2.2321E+02  3.6409E-01
1.6425E-02  2.2349E+02  2.2312E+02  3.6409E-01
1.6427E-02  2.2340E+02  2.2304E+02  3.6409E-01
1.6430E-02  2.2331E+02  2.2295E+02  3.6409E-01
1.6433E-02  2.2323E+02  2.2286E+02  3.6409E-01
1.6435E-02  2.2314E+02  2.2278E+02  3.6409E-01
1.6438E-02  2.2305E+02  2.2269E+02  3.6409E-01
1.6440E-02  2.2297E+02  2.2260E+02  3.6409E-01
1.6442E-02  2.2288E+02  2.2252E+02  3.6409E-01
1.6445E-02  2.2279E+02  2.2243E+02  3.6409E-01
1.6448E-02  2.2271E+02  2.2234E+02  3.6409E-01
1.6450E-02  2.2276E+02  2.2240E+02  3.6410E-01
1.6453E-02  2.2253E+02  2.2217E+02  3.6410E-01
1.6455E-02  2.2463E+02  2.2427E+02  3.6410E-01
1.6457E-02  2.2283E+02  2.2247E+02  3.6410E-01
1.6460E-02  2.2245E+02  2.2208E+02  3.6410E-01
1.6462E-02  2.2229E+02  2.2193E+02  3.6410E-01
1.6465E-02  2.2210E+02  2.2174E+02  3.6410E-01
1.6468E-02  2.2202E+02  2.2165E+02  3.6410E-01
1.6470E-02  2.2193E+02  2.2157E+02  3.6410E-01
1.6473E-02  2.2184E+02  2.2148E+02  3.6410E-01
1.6475E-02  2.2175E+02  2.2139E+02  3.6410E-01
1.6477E-02  2.2167E+02  2.2130E+02  3.6410E-01
1.6480E-02  2.2158E+02  2.2122E+02  3.6410E-01
1.6483E-02  2.2149E+02  2.2113E+02  3.6410E-01
1.6485E-02  2.2141E+02  2.2105E+02  3.6410E-01
1.6488E-02  2.2135E+02  2.2098E+02  3.6410E-01
1.6490E-02  2.2128E+02  2.2091E+02  3.6410E-01
1.6493E-02  2.2134E+02  2.2098E+02  3.6410E-01
1.6495E-02  1.0494E+03  1.0490E+03  3.6410E-01
1.6497E-02  2.2101E+02  2.2064E+02  3.6410E-01
1.6500E-02  2.2090E+02  2.2053E+02  3.6410E-01
1.6503E-02  2.2080E+02  2.2044E+02  3.6410E-01
1.6505E-02  2.2071E+02  2.2035E+02  3.6410E-01
1.6508E-02  2.2063E+02  2.2026E+02  3.6410E-01
1.6510E-02  2.2054E+02  2.2018E+02  3.6410E-01
1.6512E-02  2.2045E+02  2.2009E+02  3.6410E-01
1.6515E-02  2.2037E+02  2.2000E+02  3.6410E-01
1.6517E-02  2.2028E+02  2.1992E+02  3.6410E-01
1.6520E-02  2.2047E+02  2.2010E+02  3.6410E-01
1.6523E-02  2.2011E+02  2.1974E+02  3.6410E-01
1.6525E-02  2.2002E+02  2.1966E+02  3.6410E-01
1.6528E-02  2.1994E+02  2.1958E+02  3.6410E-01
1.6530E-02  2.1985E+02  2.1949E+02  3.6410E-01
1.6532E-02  2.1976E+02  2.1940E+02  3.6410E-01
1.6535E-02  2.1967E+02  2.1931E+02  3.6410E-01
1.6538E-02  2.1959E+02  2.1922E+02  3.6410E-01
1.6540E-02  2.1950E+02  2.1914E+02  3.6410E-01
1.6543E-02  2.1941E+02  2.1905E+02  3.6410E-01
1.6545E-02  2.1933E+02  2.1896E+02  3.6410E-01
1.6547E-02  2.1924E+02  2.1888E+02  3.6410E-01
1.6550E-02  2.1916E+02  2.1879E+02  3.6410E-01
1.6552E-02  2.1907E+02  2.1871E+02  3.6410E-01
1.6555E-02  2.1899E+02  2.1862E+02  3.6410E-01
1.6558E-02  2.1890E+02  2.1854E+02  3.6410E-01
1.6560E-02  2.1885E+02  2.1848E+02  3.6410E-01
1.6563E-02  2.1880E+02  2.1844E+02  3.6410E-01
1.6565E-02  2.1876E+02  2.1839E+02  3.6410E-01
1.6567E-02  2.1870E+02  2.1834E+02  3.6410E-01
1.6570E-02  2.1848E+02  2.1811E+02  3.6410E-01
1.6573E-02  2.2137E+02  2.2101E+02  3.6410E-01
1.6575E-02  2.1829E+02  2.1793E+02  3.6410E-01
1.6578E-02  2.1919E+02  2.1882E+02  3.6410E-01
1.6580E-02  2.1813E+02  2.1776E+02  3.6410E-01
1.6583E-02  2.1806E+02  2.1770E+02  3.6410E-01
1.6585E-02  2.1795E+02  2.1758E+02  3.6410E-01
1.6587E-02  2.1786E+02  2.1750E+02  3.6410E-01
1.6590E-02  2.1777E+02  2.1741E+02  3.6410E-01
1.6593E-02  2.1769E+02  2.1732E+02  3.6410E-01
1.6595E-02  2.1761E+02  2.1724E+02  3.6410E-01
1.6598E-02  2.1752E+02  2.1715E+02  3.6410E-01
1.6600E-02  2.1743E+02  2.1706E+02  3.6410E-01
1.6602E-02  2.1734E+02  2.1698E+02  3.6410E-01
1.6605E-02  2.1726E+02  2.1689E+02  3.6410E-01
1.6608E-02  2.1717E+02  2.1681E+02  3.6410E-01
1.6610E-02  2.1708E+02  2.1672E+02  3.6410E-01
1.6613E-02  2.1700E+02  2.1663E+02  3.6410E-01
1.6615E-02  2.1691E+02  2.1655E+02  3.6410E-01
1.6618E-02  2.1683E+02  2.1646E+02  3.6410E-01
1.6620E-02  2.1674E+02  2.1638E+02  3.6410E-01
1.6622E-02  2.1665E+02  2.1629E+02  3.6410E-01
1.6625E-02  2.1657E+02  2.1620E+02  3.6410E-01
1.6627E-02  2.1648E+02  2.1612E+02  3.6410E-01
1.6630E-02  2.1640E+02  2.1603E+02  3.6410E-01
1.6633E-02  2.1631E+02  2.1595E+02  3.6410E-01
1.6635E-02  2.1622E+02  2.1586E+02  3.6410E-01
1.6637E-02  2.1614E+02  2.1577E+02  3.6410E-01
1.6640E-02  2.1605E+02  2.1569E+02  3.6410E-01
1.6642E-02  2.1597E+02  2.1560E+02  3.6410E-01
1.6645E-02  2.1588E+02  2.1552E+02  3.6410E-01
1.6648E-02  2.1580E+02  2.1543E+02  3.6410E-01
1.6650E-02  2.1571E+02  2.1534E+02  3.6410E-01
1.6653E-02  2.1562E+02  2.1526E+02  3.6410E-01
1.6655E-02  2.1554E+02  2.1517E+02  3.6410E-01
1.6657E-02  2.1545E+02  2.1509E+02  3.6410E-01
1.6660E-02  2.1536E+02  2.1500E+02  3.6410E-01
1.6663E-02  2.1528E+02  2.1491E+02  3.6410E-01
1.6665E-02  2.1519E+02  2.1483E+02  3.6410E-01
1.6668E-02  2.1511E+02  2.1474E+02  3.6410E-01
1.6670E-02  2.1502E+02  2.1466E+02  3.6410E-01
1.6672E-02  2.1494E+02  2.1457E+02  3.6410E-01
1.6675E-02  2.1486E+02  2.1450E+02  3.6410E-01
1.6677E-02  2.1477E+02  2.1440E+02  3.6410E-01
1.6680E-02  2.1468E+02  2.1432E+02  3.6410E-01
1.6683E-02  2.1460E+02  2.1424E+02  3.6410E-01
1.6685E-02  2.1593E+02  2.1556E+02  3.6410E-01
1.6688E-02  2.1442E+02  2.1406E+02  3.6410E-01
1.6690E-02  2.1434E+02  2.1398E+02  3.6410E-01
1.6692E-02  2.1426E+02  2.1390E+02  3.6410E-01
1.6695E-02  2.1424E+02  2.1387E+02  3.6410E-01
1.6698E-02  2.1781E+02  2.1745E+02  3.6410E-01
1.6700E-02  2.1402E+02  2.1366E+02  3.6410E-01
1.6703E-02  2.1638E+02  2.1602E+02  3.6410E-01
1.6705E-02  2.1383E+02  2.1347E+02  3.6410E-01
1.6708E-02  2.1374E+02  2.1338E+02  3.6410E-01
1.6710E-02  2.1366E+02  2.1329E+02  3.6410E-01
1.6712E-02  2.1357E+02  2.1321E+02  3.6410E-01
1.6715E-02  2.1349E+02  2.1312E+02  3.6410E-01
1.6718E-02  2.1360E+02  2.1323E+02  3.6410E-01
1.6720E-02  2.1332E+02  2.1295E+02  3.6410E-01
1.6723E-02  2.1323E+02  2.1287E+02  3.6410E-01
1.6725E-02  2.1315E+02  2.1279E+02  3.6410E-01
1.6727E-02  2.1307E+02  2.1271E+02  3.6410E-01
1.6730E-02  2.1298E+02  2.1262E+02  3.6410E-01
1.6733E-02  2.1291E+02  2.1255E+02  3.6410E-01
1.6735E-02  2.1283E+02  2.1246E+02  3.6410E-01
1.6738E-02  2.1273E+02  2.1237E+02  3.6410E-01
1.6740E-02  2.1265E+02  2.1229E+02  3.6410E-01
1.6743E-02  2.1257E+02  2.1221E+02  3.6410E-01
1.6745E-02  2.1249E+02  2.1213E+02  3.6410E-01
1.6747E-02  2.1241E+02  2.1205E+02  3.6410E-01
1.6750E-02  2.1233E+02  2.1197E+02  3.6410E-01
1.6753E-02  2.1226E+02  2.1189E+02  3.6410E-01
1.6755E-02  2.1218E+02  2.1182E+02  3.6410E-01
1.6758E-02  2.1211E+02  2.1174E+02  3.6410E-01
1.6760E-02  2.1204E+02  2.1168E+02  3.6410E-01
1.6762E-02  2.1197E+02  2.1161E+02  3.6410E-01
1.6765E-02  2.1191E+02  2.1154E+02  3.6410E-01
1.6767E-02  2.1185E+02  2.1149E+02  3.6411E-01
1.6770E-02  2.1180E+02  2.1144E+02  3.6411E-01
1.6773E-02  2.1177E+02  2.1140E+02  3.6411E-01
1.6775E-02  2.1180E+02  2.1144E+02  3.6411E-01
1.6778E-02  2.1178E+02  2.1142E+02  3.6411E-01
1.6780E-02  2.1183E+02  2.1146E+02  3.6411E-01
1.6782E-02  2.1198E+02  2.1161E+02  3.6411E-01
1.6785E-02  2.1229E+02  2.1193E+02  3.6411E-01
1.6788E-02  2.1299E+02  2.1262E+02  3.6411E-01
1.6790E-02  2.1478E+02  2.1441E+02  3.6411E-01
1.6793E-02  2.2118E+02  2.2081E+02  3.6411E-01
1.6795E-02  2.9077E+02  2.9040E+02  3.6411E-01
1.6797E-02  3.9012E+02  3.8976E+02  3.6411E-01
1.6800E-02  2.2373E+02  2.2336E+02  3.6411E-01
1.6802E-02  2.1494E+02  2.1458E+02  3.6411E-01
1.6805E-02  2.1261E+02  2.1225E+02  3.6411E-01
1.6808E-02  2.1162E+02  2.1126E+02  3.6411E-01
1.6810E-02  2.1109E+02  2.1072E+02  3.6411E-01
1.6813E-02  2.1075E+02  2.1038E+02  3.6411E-01
1.6815E-02  2.1051E+02  2.1015E+02  3.6411E-01
1.6817E-02  2.1031E+02  2.0995E+02  3.6411E-01
1.6820E-02  2.1015E+02  2.0979E+02  3.6411E-01
1.6823E-02  2.1001E+02  2.0965E+02  3.6411E-01
1.6825E-02  2.0989E+02  2.0952E+02  3.6411E-01
1.6828E-02  2.0977E+02  2.0941E+02  3.6411E-01
1.6830E-02  2.0975E+02  2.0938E+02  3.6411E-01
1.6833E-02  2.0963E+02  2.0926E+02  3.6411E-01
1.6835E-02  2.0946E+02  2.0910E+02  3.6411E-01
1.6837E-02  2.0956E+02  2.0920E+02  3.6411E-01
1.6840E-02  4.7582E+02  4.7546E+02  3.6411E-01
1.6842E-02  2.0935E+02  2.0899E+02  3.6411E-01
1.6845E-02  2.0913E+02  2.0877E+02  3.6411E-01
1.6848E-02  2.0901E+02  2.0864E+02  3.6411E-01
1.6850E-02  2.0896E+02  2.0860E+02  3.6411E-01
1.6852E-02  6.0048E+02  6.0011E+02  3.6411E-01
1.6855E-02  2.0874E+02  2.0838E+02  3.6411E-01
1.6858E-02  3.9821E+02  3.9785E+02  3.6411E-01
1.6860E-02  2.0855E+02  2.0818E+02  3.6411E-01
1.6863E-02  2.0844E+02  2.0808E+02  3.6411E-01
1.6865E-02  2.0835E+02  2.0799E+02  3.6411E-01
1.6868E-02  2.0827E+02  2.0790E+02  3.6411E-01
1.6870E-02  2.0818E+02  2.0781E+02  3.6411E-01
1.6872E-02  2.0809E+02  2.0772E+02  3.6411E-01
1.6875E-02  2.0801E+02  2.0764E+02  3.6411E-01
1.6878E-02  2.0792E+02  2.0755E+02  3.6411E-01
1.6880E-02  2.0784E+02  2.0747E+02  3.6411E-01
1.6883E-02  2.0774E+02  2.0738E+02  3.6411E-01
1.6885E-02  2.0765E+02  2.0729E+02  3.6411E-01
1.6887E-02  2.0757E+02  2.0720E+02  3.6411E-01
1.6890E-02  2.0754E+02  2.0717E+02  3.6411E-01
1.6892E-02  2.1075E+02  2.1038E+02  3.6411E-01
1.6895E-02  2.0731E+02  2.0695E+02  3.6411E-01
1.6898E-02  2.0740E+02  2.0704E+02  3.6411E-01
1.6900E-02  2.0714E+02  2.0677E+02  3.6411E-01
1.6903E-02  2.0705E+02  2.0669E+02  3.6411E-01
1.6905E-02  2.0707E+02  2.0670E+02  3.6411E-01
1.6907E-02  2.0688E+02  2.0651E+02  3.6411E-01
1.6910E-02  2.0684E+02  2.0647E+02  3.6411E-01
1.6913E-02  2.0671E+02  2.0634E+02  3.6411E-01
1.6915E-02  2.0676E+02  2.0639E+02  3.6411E-01
1.6918E-02  2.0659E+02  2.0622E+02  3.6411E-01
1.6920E-02  2.0645E+02  2.0609E+02  3.6411E-01
1.6923E-02  2.0753E+02  2.0716E+02  3.6411E-01
1.6925E-02  2.0628E+02  2.0592E+02  3.6411E-01
1.6927E-02  2.0625E+02  2.0589E+02  3.6411E-01
1.6930E-02  2.0614E+02  2.0577E+02  3.6411E-01
1.6932E-02  2.0606E+02  2.0569E+02  3.6411E-01
1.6935E-02  2.0609E+02  2.0572E+02  3.6411E-01
1.6938E-02  2.0601E+02  2.0565E+02  3.6411E-01
1.6940E-02  2.0813E+02  2.0776E+02  3.6411E-01
1.6942E-02  2.0571E+02  2.0535E+02  3.6411E-01
1.6945E-02  2.0565E+02  2.0528E+02  3.6411E-01
1.6948E-02  2.0555E+02  2.0519E+02  3.6411E-01
1.6950E-02  2.0551E+02  2.0515E+02  3.6411E-01
1.6953E-02  2.0555E+02  2.0519E+02  3.6411E-01
1.6955E-02  2.0543E+02  2.0506E+02  3.6411E-01
1.6958E-02  2.0598E+02  2.0562E+02  3.6411E-01
1.6960E-02  2.0677E+02  2.0641E+02  3.6411E-01
1.6962E-02  5.9603E+04  5.9602E+04  3.6411E-01
1.6965E-02  2.0644E+02  2.0607E+02  3.6411E-01
1.6967E-02  2.0534E+02  2.0497E+02  3.6411E-01
1.6970E-02  2.0494E+02  2.0457E+02  3.6411E-01
1.6973E-02  2.0479E+02  2.0443E+02  3.6411E-01
1.6975E-02  2.0468E+02  2.0432E+02  3.6411E-01
1.6977E-02  2.0466E+02  2.0429E+02  3.6411E-01
1.6980E-02  2.0464E+02  2.0428E+02  3.6411E-01
1.6983E-02  2.0495E+02  2.0458E+02  3.6411E-01
1.6985E-02  2.0557E+02  2.0521E+02  3.6411E-01
1.6988E-02  8.6486E+03  8.6482E+03  3.6411E-01
1.6990E-02  2.0637E+02  2.0601E+02  3.6411E-01
1.6993E-02  2.0448E+02  2.0411E+02  3.6411E-01
1.6995E-02  2.0412E+02  2.0376E+02  3.6411E-01
1.6997E-02  2.0394E+02  2.0358E+02  3.6411E-01
1.7000E-02  2.0421E+02  2.0385E+02  3.6411E-01
1.7003E-02  2.1033E+02  2.0997E+02  3.6411E-01
1.7005E-02  2.0566E+02  2.0530E+02  3.6411E-01
1.7008E-02  2.0524E+02  2.0488E+02  3.6411E-01
1.7010E-02  2.0360E+02  2.0324E+02  3.6411E-01
1.7012E-02  2.0333E+02  2.0297E+02  3.6411E-01
1.7015E-02  2.0331E+02  2.0295E+02  3.6411E-01
1.7017E-02  2.0387E+02  2.0350E+02  3.6411E-01
1.7020E-02  2.1215E+02  2.1179E+02  3.6411E-01
1.7023E-02  2.1440E+02  2.1404E+02  3.6411E-01
1.7025E-02  2.0807E+02  2.0770E+02  3.6411E-01
1.7028E-02  2.1077E+02  2.1041E+02  3.6411E-01
1.7030E-02  2.0326E+02  2.0290E+02  3.6411E-01
1.7032E-02  2.0270E+02  2.0234E+02  3.6411E-01
1.7035E-02  2.0254E+02  2.0217E+02  3.6411E-01
1.7038E-02  2.0249E+02  2.0213E+02  3.6411E-01
1.7040E-02  2.1085E+02  2.1048E+02  3.6411E-01
1.7043E-02  2.1267E+02  2.1231E+02  3.6411E-01
1.7045E-02  2.0792E+02  2.0755E+02  3.6411E-01
1.7048E-02  2.0252E+02  2.0216E+02  3.6411E-01
1.7050E-02  2.0245E+02  2.0209E+02  3.6411E-01
1.7052E-02  2.0213E+02  2.0177E+02  3.6411E-01
1.7055E-02  2.0190E+02  2.0154E+02  3.6411E-01
1.7057E-02  2.0192E+02  2.0156E+02  3.6411E-01
1.7060E-02  2.0172E+02  2.0136E+02  3.6411E-01
1.7063E-02  2.0188E+02  2.0151E+02  3.6411E-01
1.7065E-02  2.0184E+02  2.0147E+02  3.6411E-01
1.7067E-02  2.0204E+02  2.0168E+02  3.6411E-01
1.7070E-02  2.0140E+02  2.0103E+02  3.6411E-01
1.7073E-02  2.0133E+02  2.0097E+02  3.6411E-01
1.7075E-02  2.0137E+02  2.0100E+02  3.6411E-01
1.7078E-02  2.0107E+02  2.0071E+02  3.6411E-01
1.7080E-02  2.0594E+02  2.0557E+02  3.6411E-01
1.7083E-02  2.0108E+02  2.0072E+02  3.6411E-01
1.7085E-02  2.0087E+02  2.0051E+02  3.6411E-01
1.7087E-02  2.0135E+02  2.0099E+02  3.6412E-01
1.7090E-02  2.0092E+02  2.0056E+02  3.6412E-01
1.7093E-02  2.0093E+02  2.0056E+02  3.6412E-01
1.7095E-02  2.0047E+02  2.0011E+02  3.6412E-01
1.7098E-02  2.0055E+02  2.0019E+02  3.6412E-01
1.7100E-02  2.0030E+02  1.9993E+02  3.6412E-01
1.7102E-02  2.0022E+02  1.9985E+02  3.6412E-01
1.7105E-02  2.0178E+02  2.0142E+02  3.6412E-01
1.7108E-02  2.0004E+02  1.9968E+02  3.6412E-01
1.7110E-02  2.0004E+02  1.9968E+02  3.6412E-01
1.7113E-02  1.9999E+02  1.9963E+02  3.6412E-01
1.7115E-02  1.9980E+02  1.9944E+02  3.6412E-01
1.7118E-02  1.9970E+02  1.9934E+02  3.6412E-01
1.7120E-02  1.9965E+02  1.9929E+02  3.6412E-01
1.7122E-02  1.9954E+02  1.9917E+02  3.6412E-01
1.7125E-02  1.9945E+02  1.9908E+02  3.6412E-01
1.7128E-02  1.9959E+02  1.9923E+02  3.6412E-01
1.7130E-02  2.0107E+02  2.0070E+02  3.6412E-01
1.7133E-02  1.9947E+02  1.9911E+02  3.6412E-01
1.7135E-02  2.0089E+02  2.0052E+02  3.6412E-01
1.7137E-02  1.9929E+02  1.9893E+02  3.6412E-01
1.7140E-02  1.9893E+02  1.9857E+02  3.6412E-01
1.7142E-02  1.9885E+02  1.9849E+02  3.6412E-01
1.7145E-02  1.9949E+02  1.9913E+02  3.6412E-01
1.7147E-02  1.9868E+02  1.9832E+02  3.6412E-01
1.7150E-02  1.9870E+02  1.9834E+02  3.6412E-01
1.7153E-02  1.9853E+02  1.9817E+02  3.6412E-01
1.7155E-02  1.9969E+02  1.9933E+02  3.6412E-01
1.7157E-02  1.9836E+02  1.9799E+02  3.6412E-01
1.7160E-02  1.9827E+02  1.9791E+02  3.6412E-01
1.7163E-02  2.0161E+02  2.0124E+02  3.6412E-01
1.7165E-02  1.9810E+02  1.9773E+02  3.6412E-01
1.7168E-02  1.9844E+02  1.9808E+02  3.6412E-01
1.7170E-02  1.9794E+02  1.9758E+02  3.6412E-01
1.7173E-02  1.9785E+02  1.9748E+02  3.6412E-01
1.7175E-02  1.9777E+02  1.9740E+02  3.6412E-01
1.7177E-02  1.9766E+02  1.9730E+02  3.6412E-01
1.7180E-02  1.9757E+02  1.9721E+02  3.6412E-01
1.7182E-02  1.9749E+02  1.9713E+02  3.6412E-01
1.7185E-02  1.9744E+02  1.9707E+02  3.6412E-01
1.7188E-02  1.9769E+02  1.9732E+02  3.6412E-01
1.7190E-02  1.9724E+02  1.9687E+02  3.6412E-01
1.7192E-02  2.1053E+02  2.1017E+02  3.6412E-01
1.7195E-02  2.2228E+02  2.2191E+02  3.6412E-01
1.7198E-02  1.9699E+02  1.9663E+02  3.6412E-01
1.7200E-02  1.9741E+02  1.9705E+02  3.6412E-01
1.7203E-02  1.9703E+02  1.9667E+02  3.6412E-01
1.7205E-02  1.9673E+02  1.9636E+02  3.6412E-01
1.7208E-02  2.0040E+02  2.0003E+02  3.6412E-01
1.7210E-02  1.9656E+02  1.9619E+02  3.6412E-01
1.7212E-02  1.9648E+02  1.9612E+02  3.6412E-01
1.7215E-02  1.9639E+02  1.9602E+02  3.6412E-01
1.7218E-02  1.9631E+02  1.9595E+02  3.6412E-01
1.7220E-02  1.9626E+02  1.9589E+02  3.6412E-01
1.7223E-02  1.9614E+02  1.9577E+02  3.6412E-01
1.7225E-02  1.9605E+02  1.9568E+02  3.6412E-01
1.7227E-02  1.9596E+02  1.9560E+02  3.6412E-01
1.7230E-02  1.9588E+02  1.9551E+02  3.6412E-01
1.7233E-02  1.9579E+02  1.9543E+02  3.6412E-01
1.7235E-02  1.9571E+02  1.9534E+02  3.6412E-01
1.7237E-02  1.9562E+02  1.9526E+02  3.6412E-01
1.7240E-02  1.9554E+02  1.9517E+02  3.6412E-01
1.7243E-02  1.9545E+02  1.9509E+02  3.6412E-01
1.7245E-02  1.9538E+02  1.9502E+02  3.6412E-01
1.7247E-02  1.9529E+02  1.9492E+02  3.6412E-01
1.7250E-02  1.9578E+02  1.9541E+02  3.6412E-01
1.7253E-02  1.9512E+02  1.9475E+02  3.6412E-01
1.7255E-02  1.9503E+02  1.9466E+02  3.6412E-01
1.7258E-02  1.9494E+02  1.9458E+02  3.6412E-01
1.7260E-02  1.9486E+02  1.9449E+02  3.6412E-01
1.7263E-02  1.9477E+02  1.9441E+02  3.6412E-01
1.7265E-02  1.9469E+02  1.9432E+02  3.6412E-01
1.7267E-02  1.9460E+02  1.9424E+02  3.6412E-01
1.7270E-02  1.9452E+02  1.9416E+02  3.6412E-01
1.7272E-02  1.9443E+02  1.9407E+02  3.6412E-01
1.7275E-02  1.9444E+02  1.9407E+02  3.6412E-01
1.7278E-02  1.9427E+02  1.9390E+02  3.6412E-01
1.7280E-02  1.9418E+02  1.9382E+02  3.6412E-01
1.7282E-02  1.9410E+02  1.9373E+02  3.6412E-01
1.7285E-02  1.9404E+02  1.9368E+02  3.6412E-01
1.7288E-02  1.9393E+02  1.9356E+02  3.6412E-01
1.7290E-02  1.9384E+02  1.9348E+02  3.6412E-01
1.7293E-02  1.9376E+02  1.9339E+02  3.6412E-01
1.7295E-02  1.9367E+02  1.9331E+02  3.6412E-01
1.7298E-02  1.9360E+02  1.9323E+02  3.6412E-01
1.7300E-02  1.9351E+02  1.9314E+02  3.6412E-01
1.7302E-02  1.9349E+02  1.9313E+02  3.6412E-01
1.7305E-02  1.9334E+02  1.9298E+02  3.6412E-01
1.7307E-02  1.9326E+02  1.9290E+02  3.6412E-01
1.7310E-02  1.9317E+02  1.9280E+02  3.6412E-01
1.7313E-02  1.9367E+02  1.9330E+02  3.6412E-01
1.7315E-02  1.9300E+02  1.9264E+02  3.6412E-01
1.7317E-02  1.9595E+02  1.9559E+02  3.6412E-01
1.7320E-02  1.9372E+02  1.9336E+02  3.6412E-01
1.7323E-02  1.9275E+02  1.9239E+02  3.6412E-01
1.7325E-02  1.9273E+02  1.9237E+02  3.6412E-01
1.7328E-02  1.9259E+02  1.9223E+02  3.6412E-01
1.7330E-02  1.9250E+02  1.9214E+02  3.6412E-01
1.7333E-02  1.9242E+02  1.9205E+02  3.6412E-01
1.7335E-02  1.9567E+02  1.9531E+02  3.6412E-01
1.7337E-02  1.9225E+02  1.9189E+02  3.6412E-01
1.7340E-02  1.9217E+02  1.9180E+02  3.6412E-01
1.7343E-02  1.9209E+02  1.9173E+02  3.6412E-01
1.7345E-02  1.9200E+02  1.9164E+02  3.6412E-01
1.7348E-02  1.9192E+02  1.9155E+02  3.6412E-01
1.7350E-02  1.9184E+02  1.9147E+02  3.6412E-01
1.7352E-02  1.9175E+02  1.9139E+02  3.6412E-01
1.7355E-02  1.9168E+02  1.9131E+02  3.6412E-01
1.7358E-02  1.9177E+02  1.9141E+02  3.6412E-01
1.7360E-02  1.9151E+02  1.9115E+02  3.6412E-01
1.7362E-02  1.9143E+02  1.9106E+02  3.6412E-01
1.7365E-02  1.9138E+02  1.9101E+02  3.6412E-01
1.7368E-02  1.9127E+02  1.9090E+02  3.6412E-01
1.7370E-02  1.9118E+02  1.9082E+02  3.6412E-01
1.7372E-02  1.9110E+02  1.9073E+02  3.6412E-01
1.7375E-02  1.9102E+02  1.9065E+02  3.6412E-01
1.7378E-02  1.9093E+02  1.9057E+02  3.6412E-01
1.7380E-02  1.9085E+02  1.9049E+02  3.6412E-01
1.7383E-02  1.9079E+02  1.9042E+02  3.6412E-01
1.7385E-02  1.9070E+02  1.9034E+02  3.6412E-01
1.7388E-02  1.9061E+02  1.9025E+02  3.6412E-01
1.7390E-02  1.9053E+02  1.9016E+02  3.6412E-01
1.7392E-02  1.9045E+02  1.9008E+02  3.6412E-01
1.7395E-02  1.9037E+02  1.9000E+02  3.6412E-01
1.7397E-02  1.9029E+02  1.8992E+02  3.6412E-01
1.7400E-02  1.9027E+02  1.8990E+02  3.6412E-01
1.7403E-02  1.9012E+02  1.8976E+02  3.6413E-01
1.7405E-02  1.9004E+02  1.8968E+02  3.6413E-01
1.7407E-02  1.8996E+02  1.8960E+02  3.6413E-01
1.7410E-02  1.8988E+02  1.8952E+02  3.6413E-01
1.7413E-02  1.8980E+02  1.8944E+02  3.6413E-01
1.7415E-02  1.8976E+02  1.8940E+02  3.6413E-01
1.7418E-02  1.8966E+02  1.8930E+02  3.6413E-01
1.7420E-02  1.8956E+02  1.8920E+02  3.6413E-01
1.7423E-02  1.8948E+02  1.8912E+02  3.6413E-01
1.7425E-02  1.8940E+02  1.8904E+02  3.6413E-01
1.7427E-02  1.8940E+02  1.8903E+02  3.6413E-01
1.7430E-02  1.8925E+02  1.8888E+02  3.6413E-01
1.7433E-02  1.8917E+02  1.8880E+02  3.6413E-01
1.7435E-02  1.8909E+02  1.8872E+02  3.6413E-01
1.7438E-02  1.8901E+02  1.8864E+02  3.6413E-01
1.7440E-02  1.9262E+02  1.9226E+02  3.6413E-01
1.7442E-02  1.8885E+02  1.8848E+02  3.6413E-01
1.7445E-02  1.8877E+02  1.8841E+02  3.6413E-01
1.7448E-02  1.8869E+02  1.8833E+02  3.6413E-01
1.7450E-02  1.8861E+02  1.8825E+02  3.6413E-01
1.7452E-02  1.8853E+02  1.8817E+02  3.6413E-01
1.7455E-02  1.8846E+02  1.8809E+02  3.6413E-01
1.7458E-02  1.8838E+02  1.8801E+02  3.6413E-01
1.7460E-02  1.8830E+02  1.8793E+02  3.6413E-01
1.7462E-02  1.8822E+02  1.8786E+02  3.6413E-01
1.7465E-02  1.8848E+02  1.8812E+02  3.6413E-01
1.7468E-02  1.8806E+02  1.8770E+02  3.6413E-01
1.7470E-02  1.8799E+02  1.8762E+02  3.6413E-01
1.7473E-02  1.8791E+02  1.8755E+02  3.6413E-01
1.7475E-02  1.8783E+02  1.8747E+02  3.6413E-01
1.7477E-02  1.9149E+02  1.9112E+02  3.6413E-01
1.7480E-02  1.8782E+02  1.8746E+02  3.6413E-01
1.7483E-02  1.8760E+02  1.8724E+02  3.6413E-01
1.7485E-02  1.8752E+02  1.8716E+02  3.6413E-01
1.7487E-02  1.8745E+02  1.8708E+02  3.6413E-01
1.7490E-02  1.8882E+02  1.8845E+02  3.6413E-01
1.7493E-02  1.8738E+02  1.8701E+02  3.6413E-01
1.7495E-02  1.8722E+02  1.8686E+02  3.6413E-01
1.7497E-02  1.8714E+02  1.8678E+02  3.6413E-01
1.7500E-02  1.8707E+02  1.8671E+02  3.6413E-01
1.7503E-02  1.8700E+02  1.8663E+02  3.6413E-01
1.7505E-02  1.8692E+02  1.8656E+02  3.6413E-01
1.7508E-02  1.8685E+02  1.8649E+02  3.6413E-01
1.7510E-02  1.8678E+02  1.8641E+02  3.6413E-01
1.7513E-02  1.8671E+02  1.8634E+02  3.6413E-01
1.7515E-02  1.8664E+02  1.8628E+02  3.6413E-01
1.7517E-02  1.8658E+02  1.8621E+02  3.6413E-01
1.7520E-02  1.8652E+02  1.8616E+02  3.6413E-01
1.7522E-02  1.8647E+02  1.8611E+02  3.6413E-01
1.7525E-02  1.8644E+02  1.8607E+02  3.6413E-01
1.7528E-02  1.8643E+02  1.8607E+02  3.6413E-01
1.7530E-02  1.8650E+02  1.8613E+02  3.6413E-01
1.7532E-02  1.8674E+02  1.8637E+02  3.6413E-01
1.7535E-02  1.8767E+02  1.8731E+02  3.6413E-01
1.7538E-02  1.9541E+02  1.9504E+02  3.6413E-01
1.7540E-02  1.1201E+03  1.1197E+03  3.6413E-01
1.7542E-02  1.8914E+02  1.8878E+02  3.6413E-01
1.7545E-02  1.8671E+02  1.8634E+02  3.6413E-01
1.7548E-02  1.8609E+02  1.8573E+02  3.6413E-01
1.7550E-02  1.8581E+02  1.8545E+02  3.6413E-01
1.7552E-02  1.8612E+02  1.8576E+02  3.6413E-01
1.7555E-02  1.8551E+02  1.8514E+02  3.6413E-01
1.7558E-02  1.8540E+02  1.8504E+02  3.6413E-01
1.7560E-02  1.8530E+02  1.8494E+02  3.6413E-01
1.7563E-02  1.8521E+02  1.8485E+02  3.6413E-01
1.7565E-02  1.8513E+02  1.8476E+02  3.6413E-01
1.7567E-02  1.8505E+02  1.8468E+02  3.6413E-01
1.7570E-02  1.8507E+02  1.8471E+02  3.6413E-01
1.7573E-02  1.8489E+02  1.8452E+02  3.6413E-01
1.7575E-02  1.8481E+02  1.8445E+02  3.6413E-01
1.7577E-02  1.8473E+02  1.8437E+02  3.6413E-01
1.7580E-02  1.8466E+02  1.8430E+02  3.6413E-01
1.7583E-02  1.8459E+02  1.8423E+02  3.6413E-01
1.7585E-02  1.8451E+02  1.8415E+02  3.6413E-01
1.7587E-02  1.8444E+02  1.8408E+02  3.6413E-01
1.7590E-02  1.8437E+02  1.8401E+02  3.6413E-01
1.7593E-02  1.8432E+02  1.8396E+02  3.6413E-01
1.7595E-02  1.8424E+02  1.8388E+02  3.6413E-01
1.7598E-02  1.8418E+02  1.8381E+02  3.6413E-01
1.7600E-02  1.8412E+02  1.8376E+02  3.6413E-01
1.7603E-02  1.8407E+02  1.8371E+02  3.6413E-01
1.7605E-02  1.8404E+02  1.8367E+02  3.6413E-01
1.7608E-02  1.8402E+02  1.8366E+02  3.6413E-01
1.7610E-02  1.8406E+02  1.8369E+02  3.6413E-01
1.7612E-02  1.8421E+02  1.8384E+02  3.6413E-01
1.7615E-02  1.8470E+02  1.8433E+02  3.6413E-01
1.7618E-02  1.8693E+02  1.8656E+02  3.6413E-01
1.7620E-02  3.5728E+02  3.5692E+02  3.6413E-01
1.7622E-02  1.9707E+02  1.9670E+02  3.6413E-01
1.7625E-02  1.8546E+02  1.8509E+02  3.6413E-01
1.7628E-02  1.8409E+02  1.8373E+02  3.6413E-01
1.7630E-02  1.8365E+02  1.8328E+02  3.6413E-01
1.7633E-02  1.8343E+02  1.8307E+02  3.6413E-01
1.7635E-02  1.8331E+02  1.8295E+02  3.6413E-01
1.7638E-02  1.8326E+02  1.8290E+02  3.6413E-01
1.7640E-02  1.8338E+02  1.8301E+02  3.6413E-01
1.7642E-02  1.8376E+02  1.8339E+02  3.6413E-01
1.7645E-02  1.8701E+02  1.8665E+02  3.6413E-01
1.7647E-02  4.3070E+04  4.3069E+04  3.6413E-01
1.7650E-02  1.8505E+02  1.8468E+02  3.6413E-01
1.7653E-02  1.8326E+02  1.8289E+02  3.6413E-01
1.7655E-02  1.8289E+02  1.8252E+02  3.6413E-01
1.7657E-02  1.8304E+02  1.8268E+02  3.6413E-01
1.7660E-02  1.8653E+02  1.8617E+02  3.6413E-01
1.7663E-02  1.8645E+02  1.8608E+02  3.6413E-01
1.7665E-02  1.8264E+02  1.8227E+02  3.6413E-01
1.7667E-02  1.8224E+02  1.8188E+02  3.6413E-01
1.7670E-02  1.8209E+02  1.8173E+02  3.6413E-01
1.7673E-02  1.8199E+02  1.8163E+02  3.6413E-01
1.7675E-02  1.8189E+02  1.8153E+02  3.6413E-01
1.7677E-02  1.8181E+02  1.8144E+02  3.6413E-01
1.7680E-02  1.8181E+02  1.8145E+02  3.6413E-01
1.7683E-02  1.8165E+02  1.8129E+02  3.6413E-01
1.7685E-02  1.8157E+02  1.8121E+02  3.6413E-01
1.7688E-02  1.8150E+02  1.8114E+02  3.6413E-01
1.7690E-02  1.8142E+02  1.8106E+02  3.6413E-01
1.7692E-02  1.8150E+02  1.8113E+02  3.6413E-01
1.7695E-02  1.8127E+02  1.8091E+02  3.6413E-01
1.7698E-02  1.8124E+02  1.8087E+02  3.6413E-01
1.7700E-02  1.8151E+02  1.8115E+02  3.6413E-01
1.7702E-02  1.8106E+02  1.8069E+02  3.6413E-01
1.7705E-02  1.8098E+02  1.8061E+02  3.6413E-01
1.7708E-02  1.8091E+02  1.8054E+02  3.6413E-01
1.7710E-02  1.8083E+02  1.8047E+02  3.6413E-01
1.7712E-02  1.8076E+02  1.8040E+02  3.6413E-01
1.7715E-02  1.8069E+02  1.8033E+02  3.6414E-01
1.7718E-02  1.8062E+02  1.8026E+02  3.6414E-01
1.7720E-02  1.8055E+02  1.8018E+02  3.6414E-01
1.7723E-02  1.8333E+02  1.8297E+02  3.6414E-01
1.7725E-02  1.8041E+02  1.8004E+02  3.6414E-01
1.7728E-02  1.8033E+02  1.7997E+02  3.6414E-01
1.7730E-02  1.8026E+02  1.7990E+02  3.6414E-01
1.7733E-02  1.8019E+02  1.7983E+02  3.6414E-01
1.7735E-02  1.8620E+02  1.8584E+02  3.6414E-01
1.7737E-02  1.8005E+02  1.7969E+02  3.6414E-01
1.7740E-02  1.7998E+02  1.7961E+02  3.6414E-01
1.7743E-02  1.7991E+02  1.7955E+02  3.6414E-01
1.7745E-02  1.7984E+02  1.7947E+02  3.6414E-01
1.7747E-02  1.7977E+02  1.7940E+02  3.6414E-01
1.7750E-02  1.7970E+02  1.7933E+02  3.6414E-01
1.7753E-02  1.7962E+02  1.7926E+02  3.6414E-01
1.7755E-02  1.7955E+02  1.7919E+02  3.6414E-01
1.7757E-02  1.7948E+02  1.7912E+02  3.6414E-01
1.7760E-02  1.7941E+02  1.7905E+02  3.6414E-01
1.7763E-02  1.7934E+02  1.7898E+02  3.6414E-01
1.7765E-02  1.7927E+02  1.7891E+02  3.6414E-01
1.7767E-02  1.7920E+02  1.7884E+02  3.6414E-01
1.7770E-02  1.7914E+02  1.7877E+02  3.6414E-01
1.7773E-02  1.7906E+02  1.7870E+02  3.6414E-01
1.7775E-02  1.7900E+02  1.7863E+02  3.6414E-01
1.7778E-02  1.7893E+02  1.7856E+02  3.6414E-01
1.7780E-02  1.7886E+02  1.7849E+02  3.6414E-01
1.7782E-02  1.8569E+02  1.8532E+02  3.6414E-01
1.7785E-02  1.7872E+02  1.7836E+02  3.6414E-01
1.7788E-02  1.7867E+02  1.7831E+02  3.6414E-01
1.7790E-02  1.7858E+02  1.7821E+02  3.6414E-01
1.7792E-02  1.7851E+02  1.7815E+02  3.6414E-01
1.7795E-02  1.7844E+02  1.7808E+02  3.6414E-01
1.7798E-02  1.7838E+02  1.7802E+02  3.6414E-01
1.7800E-02  1.7834E+02  1.7798E+02  3.6414E-01
1.7802E-02  1.7830E+02  1.7793E+02  3.6414E-01
1.7805E-02  1.7837E+02  1.7800E+02  3.6414E-01
1.7808E-02  1.7835E+02  1.7798E+02  3.6414E-01
1.7810E-02  1.7803E+02  1.7766E+02  3.6414E-01
1.7813E-02  1.7796E+02  1.7760E+02  3.6414E-01
1.7815E-02  1.7789E+02  1.7753E+02  3.6414E-01
1.7818E-02  1.7783E+02  1.7746E+02  3.6414E-01
1.7820E-02  1.7776E+02  1.7739E+02  3.6414E-01
1.7823E-02  1.7812E+02  1.7776E+02  3.6414E-01
1.7825E-02  1.7762E+02  1.7725E+02  3.6414E-01
1.7827E-02  1.7761E+02  1.7725E+02  3.6414E-01
1.7830E-02  1.7749E+02  1.7713E+02  3.6414E-01
1.7833E-02  1.7741E+02  1.7705E+02  3.6414E-01
1.7835E-02  1.7734E+02  1.7698E+02  3.6414E-01
1.7837E-02  1.7728E+02  1.7691E+02  3.6414E-01
1.7840E-02  1.7723E+02  1.7687E+02  3.6414E-01
1.7843E-02  1.7716E+02  1.7680E+02  3.6414E-01
1.7845E-02  1.7708E+02  1.7671E+02  3.6414E-01
1.7847E-02  1.7705E+02  1.7669E+02  3.6414E-01
1.7850E-02  1.7697E+02  1.7660E+02  3.6414E-01
1.7853E-02  1.7688E+02  1.7651E+02  3.6414E-01
1.7855E-02  1.7680E+02  1.7644E+02  3.6414E-01
1.7858E-02  1.7673E+02  1.7637E+02  3.6414E-01
1.7860E-02  1.7667E+02  1.7630E+02  3.6414E-01
1.7862E-02  1.7660E+02  1.7623E+02  3.6414E-01
1.7865E-02  1.7653E+02  1.7617E+02  3.6414E-01
1.7868E-02  1.7647E+02  1.7611E+02  3.6414E-01
1.7870E-02  1.7658E+02  1.7622E+02  3.6414E-01
1.7872E-02  1.7634E+02  1.7598E+02  3.6414E-01
1.7875E-02  1.7627E+02  1.7591E+02  3.6414E-01
1.7878E-02  1.7620E+02  1.7583E+02  3.6414E-01
1.7880E-02  1.7613E+02  1.7576E+02  3.6414E-01
1.7882E-02  1.7606E+02  1.7570E+02  3.6414E-01
1.7885E-02  1.7599E+02  1.7563E+02  3.6414E-01
1.7888E-02  1.7593E+02  1.7557E+02  3.6414E-01
1.7890E-02  1.7586E+02  1.7550E+02  3.6414E-01
1.7892E-02  1.7579E+02  1.7543E+02  3.6414E-01
1.7895E-02  1.7573E+02  1.7536E+02  3.6414E-01
1.7898E-02  1.7566E+02  1.7529E+02  3.6414E-01
1.7900E-02  1.7559E+02  1.7523E+02  3.6414E-01
1.7903E-02  1.7553E+02  1.7516E+02  3.6414E-01
1.7905E-02  1.7546E+02  1.7510E+02  3.6414E-01
1.7907E-02  1.7543E+02  1.7507E+02  3.6414E-01
1.7910E-02  1.7535E+02  1.7498E+02  3.6414E-01
1.7913E-02  1.7526E+02  1.7490E+02  3.6414E-01
1.7915E-02  1.7519E+02  1.7483E+02  3.6414E-01
1.7917E-02  1.7513E+02  1.7476E+02  3.6414E-01
1.7920E-02  1.7506E+02  1.7470E+02  3.6414E-01
1.7923E-02  1.7500E+02  1.7463E+02  3.6414E-01
1.7925E-02  1.7493E+02  1.7457E+02  3.6414E-01
1.7927E-02  1.7486E+02  1.7450E+02  3.6414E-01
1.7930E-02  1.7480E+02  1.7444E+02  3.6414E-01
1.7933E-02  1.7473E+02  1.7437E+02  3.6414E-01
1.7935E-02  1.7467E+02  1.7430E+02  3.6414E-01
1.7938E-02  1.7460E+02  1.7424E+02  3.6414E-01
1.7940E-02  1.7455E+02  1.7418E+02  3.6414E-01
1.7943E-02  1.7447E+02  1.7411E+02  3.6414E-01
1.7945E-02  1.7441E+02  1.7405E+02  3.6414E-01
1.7948E-02  1.7434E+02  1.7398E+02  3.6414E-01
1.7950E-02  1.7428E+02  1.7392E+02  3.6414E-01
1.7952E-02  1.7423E+02  1.7387E+02  3.6414E-01
1.7955E-02  1.7416E+02  1.7380E+02  3.6414E-01
1.7958E-02  1.7409E+02  1.7373E+02  3.6414E-01
1.7960E-02  1.7402E+02  1.7365E+02  3.6414E-01
1.7962E-02  1.7409E+02  1.7372E+02  3.6414E-01
1.7965E-02  1.7388E+02  1.7352E+02  3.6414E-01
1.7968E-02  1.8159E+02  1.8122E+02  3.6414E-01
1.7970E-02  1.7376E+02  1.7340E+02  3.6414E-01
1.7972E-02  1.7907E+02  1.7870E+02  3.6414E-01
1.7975E-02  1.7453E+02  1.7417E+02  3.6414E-01
1.7978E-02  1.7356E+02  1.7319E+02  3.6414E-01
1.7980E-02  1.7349E+02  1.7313E+02  3.6414E-01
1.7983E-02  1.7343E+02  1.7306E+02  3.6414E-01
1.7985E-02  1.7336E+02  1.7300E+02  3.6414E-01
1.7988E-02  1.7330E+02  1.7293E+02  3.6414E-01
1.7990E-02  1.7323E+02  1.7287E+02  3.6414E-01
1.7993E-02  1.7317E+02  1.7280E+02  3.6414E-01
1.7995E-02  1.7318E+02  1.7281E+02  3.6414E-01
1.7997E-02  1.7305E+02  1.7268E+02  3.6414E-01
1.8000E-02  1.7298E+02  1.7261E+02  3.6414E-01
1.8003E-02  1.7291E+02  1.7255E+02  3.6414E-01
1.8005E-02  1.7285E+02  1.7248E+02  3.6414E-01
1.8007E-02  1.7278E+02  1.7242E+02  3.6414E-01
1.8010E-02  1.7273E+02  1.7236E+02  3.6414E-01
1.8013E-02  1.7267E+02  1.7230E+02  3.6414E-01
1.8015E-02  1.7259E+02  1.7223E+02  3.6414E-01
1.8017E-02  1.7254E+02  1.7218E+02  3.6415E-01
1.8020E-02  1.7248E+02  1.7211E+02  3.6415E-01
1.8023E-02  1.7240E+02  1.7204E+02  3.6415E-01
1.8025E-02  1.7234E+02  1.7197E+02  3.6415E-01
1.8028E-02  1.7227E+02  1.7191E+02  3.6415E-01
1.8030E-02  1.7222E+02  1.7185E+02  3.6415E-01
1.8032E-02  1.7215E+02  1.7178E+02  3.6415E-01
1.8035E-02  1.7208E+02  1.7172E+02  3.6415E-01
1.8038E-02  1.7203E+02  1.7167E+02  3.6415E-01
1.8040E-02  1.7197E+02  1.7161E+02  3.6415E-01
1.8042E-02  1.7189E+02  1.7153E+02  3.6415E-01
1.8045E-02  1.7183E+02  1.7146E+02  3.6415E-01
1.8048E-02  1.7177E+02  1.7140E+02  3.6415E-01
1.8050E-02  1.7170E+02  1.7134E+02  3.6415E-01
1.8052E-02  1.7164E+02  1.7127E+02  3.6415E-01
1.8055E-02  1.7158E+02  1.7122E+02  3.6415E-01
1.8058E-02  1.7152E+02  1.7115E+02  3.6415E-01
1.8060E-02  1.7145E+02  1.7109E+02  3.6415E-01
1.8062E-02  1.7139E+02  1.7103E+02  3.6415E-01
1.8065E-02  1.7134E+02  1.7098E+02  3.6415E-01
1.8068E-02  1.7127E+02  1.7090E+02  3.6415E-01
1.8070E-02  1.7120E+02  1.7084E+02  3.6415E-01
1.8073E-02  1.7114E+02  1.7078E+02  3.6415E-01
1.8075E-02  1.7108E+02  1.7071E+02  3.6415E-01
1.8077E-02  1.7103E+02  1.7066E+02  3.6415E-01
1.8080E-02  1.7098E+02  1.7062E+02  3.6415E-01
1.8083E-02  1.7090E+02  1.7053E+02  3.6415E-01
1.8085E-02  1.7084E+02  1.7047E+02  3.6415E-01
1.8087E-02  1.7077E+02  1.7041E+02  3.6415E-01
1.8090E-02  1.7070E+02  1.7034E+02  3.6415E-01
1.8093E-02  1.7065E+02  1.7028E+02  3.6415E-01
1.8095E-02  1.7058E+02  1.7022E+02  3.6415E-01
1.8097E-02  1.8820E+02  1.8784E+02  3.6415E-01
1.8100E-02  1.7047E+02  1.7011E+02  3.6415E-01
1.8103E-02  1.7040E+02  1.7003E+02  3.6415E-01
1.8105E-02  1.7088E+02  1.7051E+02  3.6415E-01
1.8108E-02  1.7027E+02  1.6991E+02  3.6415E-01
1.8110E-02  1.7021E+02  1.6984E+02  3.6415E-01
1.8113E-02  1.7015E+02  1.6978E+02  3.6415E-01
1.8115E-02  1.7009E+02  1.6972E+02  3.6415E-01
1.8118E-02  1.7003E+02  1.6966E+02  3.6415E-01
1.8120E-02  1.6996E+02  1.6960E+02  3.6415E-01
1.8122E-02  1.6990E+02  1.6954E+02  3.6415E-01
1.8125E-02  1.6984E+02  1.6947E+02  3.6415E-01
1.8128E-02  1.6978E+02  1.6941E+02  3.6415E-01
1.8130E-02  1.6972E+02  1.6935E+02  3.6415E-01
1.8132E-02  1.6966E+02  1.6929E+02  3.6415E-01
1.8135E-02  1.6960E+02  1.6924E+02  3.6415E-01
1.8138E-02  1.6955E+02  1.6919E+02  3.6415E-01
1.8140E-02  1.6950E+02  1.6913E+02  3.6415E-01
1.8142E-02  1.6980E+02  1.6944E+02  3.6415E-01
1.8145E-02  1.6987E+02  1.6951E+02  3.6415E-01
1.8148E-02  1.6943E+02  1.6907E+02  3.6415E-01
1.8150E-02  1.8507E+02  1.8471E+02  3.6415E-01
1.8153E-02  1.6925E+02  1.6889E+02  3.6415E-01
1.8155E-02  1.6922E+02  1.6886E+02  3.6415E-01
1.8158E-02  7.1940E+02  7.1904E+02  3.6415E-01
1.8160E-02  1.6936E+02  1.6899E+02  3.6415E-01
1.8163E-02  1.6896E+02  1.6859E+02  3.6415E-01
1.8165E-02  1.6889E+02  1.6852E+02  3.6415E-01
1.8167E-02  1.6882E+02  1.6846E+02  3.6415E-01
1.8170E-02  1.6877E+02  1.6841E+02  3.6415E-01
1.8173E-02  1.6871E+02  1.6834E+02  3.6415E-01
1.8175E-02  1.6865E+02  1.6828E+02  3.6415E-01
1.8177E-02  1.6877E+02  1.6840E+02  3.6415E-01
1.8180E-02  1.6853E+02  1.6816E+02  3.6415E-01
1.8183E-02  1.6850E+02  1.6814E+02  3.6415E-01
1.8185E-02  1.6842E+02  1.6805E+02  3.6415E-01
1.8187E-02  1.6840E+02  1.6803E+02  3.6415E-01
1.8190E-02  1.6848E+02  1.6812E+02  3.6415E-01
1.8193E-02  1.6833E+02  1.6797E+02  3.6415E-01
1.8195E-02  1.6895E+02  1.6858E+02  3.6415E-01
1.8198E-02  1.6814E+02  1.6777E+02  3.6415E-01
1.8200E-02  1.6815E+02  1.6778E+02  3.6415E-01
1.8202E-02  1.6804E+02  1.6767E+02  3.6415E-01
1.8205E-02  1.6798E+02  1.6762E+02  3.6415E-01
1.8208E-02  1.6798E+02  1.6761E+02  3.6415E-01
1.8210E-02  1.6788E+02  1.6751E+02  3.6415E-01
1.8212E-02  1.6785E+02  1.6749E+02  3.6415E-01
1.8215E-02  1.6779E+02  1.6742E+02  3.6415E-01
1.8218E-02  1.6774E+02  1.6738E+02  3.6415E-01
1.8220E-02  1.6771E+02  1.6734E+02  3.6415E-01
1.8222E-02  1.6767E+02  1.6730E+02  3.6415E-01
1.8225E-02  1.6763E+02  1.6727E+02  3.6415E-01
1.8228E-02  1.6761E+02  1.6724E+02  3.6415E-01
1.8230E-02  1.6760E+02  1.6723E+02  3.6415E-01
1.8233E-02  1.6760E+02  1.6724E+02  3.6415E-01
1.8235E-02  1.6763E+02  1.6727E+02  3.6415E-01
1.8238E-02  1.6771E+02  1.6734E+02  3.6415E-01
1.8240E-02  1.6786E+02  1.6750E+02  3.6415E-01
1.8243E-02  1.6818E+02  1.6782E+02  3.6415E-01
1.8245E-02  1.6892E+02  1.6855E+02  3.6415E-01
1.8247E-02  1.7099E+02  1.7062E+02  3.6415E-01
1.8250E-02  1.8090E+02  1.8053E+02  3.6415E-01
1.8253E-02  7.1647E+04  7.1647E+04  3.6415E-01
1.8255E-02  1.9364E+02  1.9327E+02  3.6415E-01
1.8257E-02  1.7230E+02  1.7194E+02  3.6415E-01
1.8260E-02  1.6909E+02  1.6873E+02  3.6415E-01
1.8263E-02  1.6802E+02  1.6766E+02  3.6415E-01
1.8265E-02  1.6753E+02  1.6717E+02  3.6415E-01
1.8267E-02  1.6725E+02  1.6689E+02  3.6415E-01
1.8270E-02  1.6779E+02  1.6743E+02  3.6415E-01
1.8273E-02  1.6695E+02  1.6659E+02  3.6415E-01
1.8275E-02  1.6687E+02  1.6651E+02  3.6415E-01
1.8277E-02  1.6681E+02  1.6645E+02  3.6415E-01
1.8280E-02  1.6677E+02  1.6641E+02  3.6415E-01
1.8283E-02  1.6674E+02  1.6638E+02  3.6415E-01
1.8285E-02  1.6673E+02  1.6637E+02  3.6415E-01
1.8288E-02  1.6674E+02  1.6637E+02  3.6415E-01
1.8290E-02  1.6676E+02  1.6640E+02  3.6415E-01
1.8292E-02  1.6680E+02  1.6644E+02  3.6415E-01
1.8295E-02  1.6688E+02  1.6651E+02  3.6415E-01
1.8298E-02  1.6698E+02  1.6661E+02  3.6415E-01
1.8300E-02  1.6712E+02  1.6676E+02  3.6415E-01
1.8302E-02  1.6734E+02  1.6698E+02  3.6415E-01
1.8305E-02  1.6763E+02  1.6727E+02  3.6415E-01
1.8308E-02  1.6809E+02  1.6773E+02  3.6415E-01
1.8310E-02  1.6876E+02  1.6840E+02  3.6415E-01
1.8312E-02  1.6996E+02  1.6959E+02  3.6416E-01
1.8315E-02  1.7248E+02  1.7211E+02  3.6416E-01
1.8318E-02  1.8111E+02  1.8075E+02  3.6416E-01
1.8320E-02  9.7368E+02  9.7331E+02  3.6416E-01
1.8323E-02  2.2201E+02  2.2165E+02  3.6416E-01
1.8325E-02  1.8517E+02  1.8481E+02  3.6416E-01
1.8328E-02  1.8952E+02  1.8915E+02  3.6416E-01
1.8330E-02  2.1139E+02  2.1103E+02  3.6416E-01
1.8333E-02  3.1555E+02  3.1518E+02  3.6416E-01
1.8335E-02  3.4620E+05  3.4620E+05  3.6416E-01
1.8337E-02  4.9684E+02  4.9648E+02  3.6416E-01
1.8340E-02  3.2389E+02  3.2352E+02  3.6416E-01
1.8343E-02  2.3206E+05  2.3206E+05  3.6416E-01
1.8345E-02  2.2969E+02  2.2933E+02  3.6416E-01
1.8347E-02  1.8859E+02  1.8823E+02  3.6416E-01
1.8350E-02  1.8150E+02  1.8113E+02  3.6416E-01
1.8353E-02  1.7725E+02  1.7689E+02  3.6416E-01
1.8355E-02  1.9940E+02  1.9904E+02  3.6416E-01
1.8358E-02  1.8951E+03  1.8948E+03  3.6416E-01
1.8360E-02  1.7539E+02  1.7502E+02  3.6416E-01
1.8363E-02  1.6947E+02  1.6910E+02  3.6416E-01
1.8365E-02  2.0777E+02  2.0740E+02  3.6416E-01
1.8367E-02  1.6668E+02  1.6632E+02  3.6416E-01
1.8370E-02  1.6608E+02  1.6571E+02  3.6416E-01
1.8372E-02  1.6585E+02  1.6549E+02  3.6416E-01
1.8375E-02  1.6526E+02  1.6490E+02  3.6416E-01
1.8378E-02  1.6500E+02  1.6464E+02  3.6416E-01
1.8380E-02  1.6478E+02  1.6442E+02  3.6416E-01
1.8382E-02  1.6459E+02  1.6423E+02  3.6416E-01
1.8385E-02  1.6442E+02  1.6406E+02  3.6416E-01
1.8388E-02  1.6428E+02  1.6391E+02  3.6416E-01
1.8390E-02  1.6414E+02  1.6378E+02  3.6416E-01
1.8392E-02  1.6402E+02  1.6366E+02  3.6416E-01
1.8395E-02  1.6390E+02  1.6354E+02  3.6416E-01
1.8398E-02  1.6380E+02  1.6344E+02  3.6416E-01
1.8400E-02  1.6373E+02  1.6336E+02  3.6416E-01
1.8402E-02  1.6360E+02  1.6324E+02  3.6416E-01
1.8405E-02  1.6352E+02  1.6315E+02  3.6416E-01
1.8408E-02  1.6342E+02  1.6306E+02  3.6416E-01
1.8410E-02  1.6335E+02  1.6299E+02  3.6416E-01
1.8413E-02  1.6326E+02  1.6290E+02  3.6416E-01
1.8415E-02  1.6318E+02  1.6282E+02  3.6416E-01
1.8417E-02  1.6310E+02  1.6274E+02  3.6416E-01
1.8420E-02  1.6303E+02  1.6266E+02  3.6416E-01
1.8423E-02  1.6295E+02  1.6258E+02  3.6416E-01
1.8425E-02  1.6288E+02  1.6251E+02  3.6416E-01
1.8427E-02  1.6280E+02  1.6244E+02  3.6416E-01
1.8430E-02  1.6274E+02  1.6238E+02  3.6416E-01
1.8433E-02  1.6268E+02  1.6232E+02  3.6416E-01
1.8435E-02  1.6260E+02  1.6223E+02  3.6416E-01
1.8437E-02  1.6254E+02  1.6218E+02  3.6416E-01
1.8440E-02  1.6248E+02  1.6211E+02  3.6416E-01
1.8443E-02  1.6240E+02  1.6204E+02  3.6416E-01
1.8445E-02  1.6234E+02  1.6198E+02  3.6416E-01
1.8448E-02  1.6230E+02  1.6193E+02  3.6416E-01
1.8450E-02  1.6223E+02  1.6187E+02  3.6416E-01
1.8453E-02  1.6216E+02  1.6180E+02  3.6416E-01
1.8455E-02  1.6210E+02  1.6173E+02  3.6416E-01
1.8458E-02  1.6205E+02  1.6169E+02  3.6416E-01
1.8460E-02  1.6198E+02  1.6162E+02  3.6416E-01
1.8462E-02  1.6190E+02  1.6154E+02  3.6416E-01
1.8465E-02  1.6185E+02  1.6149E+02  3.6416E-01
1.8468E-02  1.6331E+02  1.6295E+02  3.6416E-01
1.8470E-02  1.6178E+02  1.6141E+02  3.6416E-01
1.8472E-02  1.6175E+02  1.6139E+02  3.6416E-01
1.8475E-02  1.6175E+02  1.6139E+02  3.6416E-01
1.8478E-02  1.6311E+02  1.6275E+02  3.6416E-01
1.8480E-02  1.6161E+02  1.6124E+02  3.6416E-01
1.8483E-02  1.6144E+02  1.6107E+02  3.6416E-01
1.8485E-02  1.6138E+02  1.6102E+02  3.6416E-01
1.8488E-02  1.6129E+02  1.6093E+02  3.6416E-01
1.8490E-02  1.6126E+02  1.6089E+02  3.6416E-01
1.8492E-02  1.6123E+02  1.6086E+02  3.6416E-01
1.8495E-02  1.6127E+02  1.6090E+02  3.6416E-01
1.8498E-02  1.6108E+02  1.6072E+02  3.6416E-01
1.8500E-02  1.6100E+02  1.6064E+02  3.6416E-01
1.8503E-02  1.6094E+02  1.6057E+02  3.6416E-01
1.8505E-02  1.6088E+02  1.6051E+02  3.6416E-01
1.8507E-02  1.6082E+02  1.6046E+02  3.6416E-01
1.8510E-02  1.6077E+02  1.6041E+02  3.6416E-01
1.8513E-02  1.6071E+02  1.6035E+02  3.6416E-01
1.8515E-02  1.6065E+02  1.6029E+02  3.6416E-01
1.8517E-02  1.6060E+02  1.6024E+02  3.6416E-01
1.8520E-02  1.6070E+02  1.6033E+02  3.6416E-01
1.8523E-02  1.6048E+02  1.6012E+02  3.6416E-01
1.8525E-02  1.6042E+02  1.6006E+02  3.6416E-01
1.8527E-02  1.6036E+02  1.6000E+02  3.6416E-01
1.8530E-02  1.6032E+02  1.5996E+02  3.6416E-01
1.8533E-02  1.6026E+02  1.5989E+02  3.6416E-01
1.8535E-02  1.6026E+02  1.5989E+02  3.6416E-01
1.8538E-02  1.6016E+02  1.5979E+02  3.6416E-01
1.8540E-02  1.6009E+02  1.5973E+02  3.6416E-01
1.8542E-02  1.6003E+02  1.5966E+02  3.6416E-01
1.8545E-02  1.5997E+02  1.5961E+02  3.6416E-01
1.8548E-02  1.5992E+02  1.5955E+02  3.6416E-01
1.8550E-02  1.5986E+02  1.5950E+02  3.6416E-01
1.8552E-02  1.5981E+02  1.5944E+02  3.6416E-01
1.8555E-02  1.5976E+02  1.5940E+02  3.6416E-01
1.8558E-02  1.5972E+02  1.5936E+02  3.6416E-01
1.8560E-02  1.5967E+02  1.5930E+02  3.6416E-01
1.8562E-02  1.5961E+02  1.5925E+02  3.6416E-01
1.8565E-02  1.5955E+02  1.5919E+02  3.6416E-01
1.8568E-02  1.5950E+02  1.5913E+02  3.6416E-01
1.8570E-02  1.5945E+02  1.5908E+02  3.6416E-01
1.8573E-02  1.5941E+02  1.5905E+02  3.6416E-01
1.8575E-02  1.5938E+02  1.5901E+02  3.6416E-01
1.8578E-02  1.5936E+02  1.5899E+02  3.6416E-01
1.8580E-02  1.5937E+02  1.5900E+02  3.6416E-01
1.8582E-02  1.5934E+02  1.5898E+02  3.6416E-01
1.8585E-02  1.5936E+02  1.5900E+02  3.6416E-01
1.8587E-02  1.5940E+02  1.5904E+02  3.6416E-01
1.8590E-02  1.5961E+02  1.5924E+02  3.6416E-01
1.8593E-02  1.6025E+02  1.5988E+02  3.6416E-01
1.8595E-02  1.6270E+02  1.6233E+02  3.6416E-01
1.8597E-02  2.0758E+02  2.0721E+02  3.6416E-01
1.8600E-02  1.8625E+02  1.8588E+02  3.6417E-01
1.8603E-02  1.6206E+02  1.6170E+02  3.6417E-01
1.8605E-02  1.6001E+02  1.5965E+02  3.6417E-01
1.8608E-02  1.5919E+02  1.5883E+02  3.6417E-01
1.8610E-02  1.5889E+02  1.5853E+02  3.6417E-01
1.8613E-02  1.5869E+02  1.5833E+02  3.6417E-01
1.8615E-02  1.5859E+02  1.5822E+02  3.6417E-01
1.8617E-02  1.5852E+02  1.5815E+02  3.6417E-01
1.8620E-02  1.5838E+02  1.5802E+02  3.6417E-01
1.8623E-02  1.5830E+02  1.5794E+02  3.6417E-01
1.8625E-02  1.5823E+02  1.5787E+02  3.6417E-01
1.8628E-02  1.5817E+02  1.5780E+02  3.6417E-01
1.8630E-02  1.5810E+02  1.5774E+02  3.6417E-01
1.8632E-02  1.5804E+02  1.5768E+02  3.6417E-01
1.8635E-02  1.5798E+02  1.5762E+02  3.6417E-01
1.8638E-02  1.5792E+02  1.5756E+02  3.6417E-01
1.8640E-02  1.5786E+02  1.5750E+02  3.6417E-01
1.8642E-02  1.5780E+02  1.5744E+02  3.6417E-01
1.8645E-02  1.5775E+02  1.5738E+02  3.6417E-01
1.8648E-02  1.5769E+02  1.5732E+02  3.6417E-01
1.8650E-02  1.5763E+02  1.5727E+02  3.6417E-01
1.8652E-02  1.5757E+02  1.5721E+02  3.6417E-01
1.8655E-02  1.5752E+02  1.5715E+02  3.6417E-01
1.8658E-02  1.5746E+02  1.5710E+02  3.6417E-01
1.8660E-02  1.5741E+02  1.5704E+02  3.6417E-01
1.8663E-02  1.5735E+02  1.5699E+02  3.6417E-01
1.8665E-02  1.5730E+02  1.5693E+02  3.6417E-01
1.8668E-02  1.5724E+02  1.5688E+02  3.6417E-01
1.8670E-02  1.5719E+02  1.5682E+02  3.6417E-01
1.8672E-02  1.5716E+02  1.5680E+02  3.6417E-01
1.8675E-02  1.5708E+02  1.5671E+02  3.6417E-01
1.8677E-02  1.5702E+02  1.5666E+02  3.6417E-01
1.8680E-02  1.5697E+02  1.5660E+02  3.6417E-01
1.8683E-02  1.5691E+02  1.5655E+02  3.6417E-01
1.8685E-02  1.5686E+02  1.5649E+02  3.6417E-01
1.8687E-02  1.5680E+02  1.5644E+02  3.6417E-01
1.8690E-02  1.5675E+02  1.5638E+02  3.6417E-01
1.8693E-02  1.5669E+02  1.5633E+02  3.6417E-01
1.8695E-02  1.5664E+02  1.5627E+02  3.6417E-01
1.8698E-02  1.5658E+02  1.5622E+02  3.6417E-01
1.8700E-02  1.5653E+02  1.5616E+02  3.6417E-01
1.8703E-02  1.5647E+02  1.5611E+02  3.6417E-01
1.8705E-02  1.5642E+02  1.5606E+02  3.6417E-01
1.8707E-02  1.5637E+02  1.5600E+02  3.6417E-01
1.8710E-02  1.5631E+02  1.5595E+02  3.6417E-01
1.8712E-02  1.5626E+02  1.5589E+02  3.6417E-01
1.8715E-02  1.5620E+02  1.5584E+02  3.6417E-01
1.8718E-02  1.5615E+02  1.5579E+02  3.6417E-01
1.8720E-02  1.5610E+02  1.5573E+02  3.6417E-01
1.8722E-02  1.5604E+02  1.5568E+02  3.6417E-01
1.8725E-02  1.5599E+02  1.5562E+02  3.6417E-01
1.8728E-02  1.5593E+02  1.5557E+02  3.6417E-01
1.8730E-02  1.5588E+02  1.5552E+02  3.6417E-01
1.8733E-02  1.5583E+02  1.5546E+02  3.6417E-01
1.8735E-02  1.5577E+02  1.5541E+02  3.6417E-01
1.8738E-02  1.5572E+02  1.5536E+02  3.6417E-01
1.8740E-02  1.5567E+02  1.5530E+02  3.6417E-01
1.8742E-02  1.5561E+02  1.5525E+02  3.6417E-01
1.8745E-02  1.5556E+02  1.5519E+02  3.6417E-01
1.8748E-02  1.5551E+02  1.5514E+02  3.6417E-01
1.8750E-02  1.5547E+02  1.5510E+02  3.6417E-01
1.8753E-02  1.5540E+02  1.5503E+02  3.6417E-01
1.8755E-02  1.5534E+02  1.5498E+02  3.6417E-01
1.8757E-02  1.5529E+02  1.5493E+02  3.6417E-01
1.8760E-02  1.5524E+02  1.5487E+02  3.6417E-01
1.8763E-02  1.5520E+02  1.5483E+02  3.6417E-01
1.8765E-02  1.5513E+02  1.5477E+02  3.6417E-01
1.8767E-02  1.5508E+02  1.5471E+02  3.6417E-01
1.8770E-02  1.5502E+02  1.5466E+02  3.6417E-01
1.8773E-02  1.5498E+02  1.5461E+02  3.6417E-01
1.8775E-02  1.5492E+02  1.5455E+02  3.6417E-01
1.8777E-02  1.5486E+02  1.5450E+02  3.6417E-01
1.8780E-02  1.5481E+02  1.5445E+02  3.6417E-01
1.8783E-02  1.5476E+02  1.5440E+02  3.6417E-01
1.8785E-02  1.5471E+02  1.5434E+02  3.6417E-01
1.8788E-02  1.5465E+02  1.5429E+02  3.6417E-01
1.8790E-02  1.5460E+02  1.5424E+02  3.6417E-01
1.8793E-02  1.5455E+02  1.5418E+02  3.6417E-01
1.8795E-02  1.5449E+02  1.5413E+02  3.6417E-01
1.8797E-02  1.5444E+02  1.5408E+02  3.6417E-01
1.8800E-02  1.5487E+02  1.5451E+02  3.6417E-01
1.8802E-02  1.5434E+02  1.5397E+02  3.6417E-01
1.8805E-02  1.5428E+02  1.5392E+02  3.6417E-01
1.8808E-02  1.5423E+02  1.5387E+02  3.6417E-01
1.8810E-02  1.5418E+02  1.5381E+02  3.6417E-01
1.8812E-02  1.5413E+02  1.5376E+02  3.6417E-01
1.8815E-02  1.5414E+02  1.5378E+02  3.6417E-01
1.8818E-02  1.5423E+02  1.5386E+02  3.6417E-01
1.8820E-02  1.5460E+02  1.5423E+02  3.6417E-01
1.8823E-02  1.5393E+02  1.5357E+02  3.6417E-01
1.8825E-02  1.5386E+02  1.5350E+02  3.6417E-01
1.8828E-02  1.5381E+02  1.5345E+02  3.6417E-01
1.8830E-02  1.5376E+02  1.5339E+02  3.6417E-01
1.8832E-02  1.5371E+02  1.5334E+02  3.6417E-01
1.8835E-02  1.5365E+02  1.5329E+02  3.6417E-01
1.8838E-02  1.5361E+02  1.5324E+02  3.6417E-01
1.8840E-02  1.5355E+02  1.5318E+02  3.6417E-01
1.8843E-02  1.5349E+02  1.5313E+02  3.6417E-01
1.8845E-02  1.5344E+02  1.5308E+02  3.6417E-01
1.8847E-02  1.5339E+02  1.5303E+02  3.6417E-01
1.8850E-02  1.5334E+02  1.5297E+02  3.6417E-01
1.8853E-02  1.5328E+02  1.5292E+02  3.6417E-01
1.8855E-02  1.5323E+02  1.5287E+02  3.6417E-01
1.8858E-02  1.5318E+02  1.5282E+02  3.6417E-01
1.8860E-02  1.5313E+02  1.5276E+02  3.6417E-01
1.8863E-02  1.5308E+02  1.5271E+02  3.6417E-01
1.8865E-02  1.5302E+02  1.5266E+02  3.6417E-01
1.8867E-02  1.5297E+02  1.5261E+02  3.6417E-01
1.8870E-02  1.5292E+02  1.5256E+02  3.6417E-01
1.8873E-02  1.5287E+02  1.5251E+02  3.6417E-01
1.8875E-02  1.5283E+02  1.5246E+02  3.6418E-01
1.8878E-02  1.5277E+02  1.5240E+02  3.6418E-01
1.8880E-02  1.5271E+02  1.5235E+02  3.6418E-01
1.8882E-02  1.5266E+02  1.5230E+02  3.6418E-01
1.8885E-02  1.5261E+02  1.5225E+02  3.6418E-01
1.8887E-02  1.5256E+02  1.5219E+02  3.6418E-01
1.8890E-02  1.5251E+02  1.5214E+02  3.6418E-01
1.8892E-02  1.5246E+02  1.5209E+02  3.6418E-01
1.8895E-02  1.5240E+02  1.5204E+02  3.6418E-01
1.8898E-02  1.5236E+02  1.5199E+02  3.6418E-01
1.8900E-02  1.5239E+02  1.5203E+02  3.6418E-01
1.8902E-02  1.5227E+02  1.5190E+02  3.6418E-01
1.8905E-02  1.5260E+02  1.5223E+02  3.6418E-01
1.8908E-02  1.5217E+02  1.5181E+02  3.6418E-01
1.8910E-02  1.5716E+02  1.5680E+02  3.6418E-01
1.8913E-02  1.5205E+02  1.5169E+02  3.6418E-01
1.8915E-02  1.5204E+02  1.5168E+02  3.6418E-01
1.8918E-02  1.5194E+02  1.5158E+02  3.6418E-01
1.8920E-02  1.5190E+02  1.5153E+02  3.6418E-01
1.8922E-02  1.5184E+02  1.5148E+02  3.6418E-01
1.8925E-02  1.5179E+02  1.5143E+02  3.6418E-01
1.8927E-02  1.5174E+02  1.5138E+02  3.6418E-01
1.8930E-02  1.5250E+02  1.5214E+02  3.6418E-01
1.8933E-02  1.5164E+02  1.5128E+02  3.6418E-01
1.8935E-02  1.5160E+02  1.5123E+02  3.6418E-01
1.8937E-02  1.5155E+02  1.5118E+02  3.6418E-01
1.8940E-02  1.5150E+02  1.5114E+02  3.6418E-01
1.8943E-02  1.5146E+02  1.5109E+02  3.6418E-01
1.8945E-02  1.5142E+02  1.5106E+02  3.6418E-01
1.8948E-02  1.5139E+02  1.5102E+02  3.6418E-01
1.8950E-02  1.5139E+02  1.5102E+02  3.6418E-01
1.8953E-02  1.5148E+02  1.5112E+02  3.6418E-01
1.8955E-02  1.7005E+02  1.6968E+02  3.6418E-01
1.8957E-02  6.0625E+02  6.0589E+02  3.6418E-01
1.8960E-02  1.5166E+02  1.5129E+02  3.6418E-01
1.8963E-02  1.5142E+02  1.5105E+02  3.6418E-01
1.8965E-02  1.5216E+02  1.5179E+02  3.6418E-01
1.8968E-02  1.6011E+02  1.5974E+02  3.6418E-01
1.8970E-02  1.5097E+02  1.5061E+02  3.6418E-01
1.8972E-02  1.5094E+02  1.5057E+02  3.6418E-01
1.8975E-02  1.5094E+02  1.5058E+02  3.6418E-01
1.8977E-02  1.5105E+02  1.5069E+02  3.6418E-01
1.8980E-02  1.5172E+02  1.5135E+02  3.6418E-01
1.8983E-02  1.9856E+02  1.9819E+02  3.6418E-01
1.8985E-02  1.7398E+02  1.7361E+02  3.6418E-01
1.8988E-02  4.7932E+02  4.7895E+02  3.6418E-01
1.8990E-02  2.7417E+02  2.7380E+02  3.6418E-01
1.8992E-02  1.8655E+02  1.8619E+02  3.6418E-01
1.8995E-02  1.5049E+02  1.5013E+02  3.6418E-01
1.8998E-02  1.5040E+02  1.5004E+02  3.6418E-01
1.9000E-02  1.5034E+02  1.4997E+02  3.6418E-01
1.9003E-02  1.5028E+02  1.4991E+02  3.6418E-01
1.9005E-02  1.5022E+02  1.4986E+02  3.6418E-01
1.9008E-02  1.5017E+02  1.4981E+02  3.6418E-01
1.9010E-02  1.5012E+02  1.4976E+02  3.6418E-01
1.9012E-02  1.5008E+02  1.4971E+02  3.6418E-01
1.9015E-02  1.5004E+02  1.4967E+02  3.6418E-01
1.9017E-02  1.5000E+02  1.4964E+02  3.6418E-01
1.9020E-02  1.4996E+02  1.4960E+02  3.6418E-01
1.9023E-02  1.4993E+02  1.4957E+02  3.6418E-01
1.9025E-02  1.4990E+02  1.4954E+02  3.6418E-01
1.9027E-02  1.4989E+02  1.4953E+02  3.6418E-01
1.9030E-02  1.4989E+02  1.4952E+02  3.6418E-01
1.9033E-02  1.4990E+02  1.4954E+02  3.6418E-01
1.9035E-02  1.4997E+02  1.4961E+02  3.6418E-01
1.9038E-02  1.5017E+02  1.4981E+02  3.6418E-01
1.9040E-02  1.5064E+02  1.5027E+02  3.6418E-01
1.9043E-02  1.5296E+02  1.5260E+02  3.6418E-01
1.9045E-02  2.2441E+04  2.2441E+04  3.6418E-01
1.9047E-02  1.6045E+02  1.6009E+02  3.6418E-01
1.9050E-02  2.0918E+02  2.0882E+02  3.6418E-01
1.9052E-02  1.5353E+02  1.5317E+02  3.6418E-01
1.9055E-02  2.5196E+02  2.5160E+02  3.6418E-01
1.9058E-02  1.6669E+02  1.6633E+02  3.6418E-01
1.9060E-02  5.0237E+04  5.0236E+04  3.6418E-01
1.9062E-02  2.0901E+04  2.0901E+04  3.6418E-01
1.9065E-02  1.5451E+02  1.5414E+02  3.6418E-01
1.9068E-02  1.5302E+02  1.5266E+02  3.6418E-01
1.9070E-02  6.8492E+03  6.8488E+03  3.6418E-01
1.9073E-02  1.5393E+02  1.5357E+02  3.6418E-01
1.9075E-02  1.5009E+02  1.4972E+02  3.6418E-01
1.9078E-02  1.4939E+02  1.4903E+02  3.6418E-01
1.9080E-02  1.4948E+02  1.4912E+02  3.6418E-01
1.9082E-02  1.4891E+02  1.4855E+02  3.6418E-01
1.9085E-02  1.4879E+02  1.4842E+02  3.6418E-01
1.9088E-02  1.4869E+02  1.4832E+02  3.6418E-01
1.9090E-02  1.4861E+02  1.4825E+02  3.6418E-01
1.9093E-02  1.4853E+02  1.4816E+02  3.6418E-01
1.9095E-02  1.4897E+02  1.4861E+02  3.6418E-01
1.9097E-02  1.4845E+02  1.4808E+02  3.6418E-01
1.9100E-02  1.4843E+02  1.4806E+02  3.6418E-01
1.9102E-02  1.4829E+02  1.4793E+02  3.6418E-01
1.9105E-02  1.4823E+02  1.4787E+02  3.6418E-01
1.9108E-02  1.4816E+02  1.4779E+02  3.6418E-01
1.9110E-02  1.4809E+02  1.4773E+02  3.6418E-01
1.9113E-02  1.4804E+02  1.4767E+02  3.6418E-01
1.9115E-02  1.4798E+02  1.4762E+02  3.6418E-01
1.9117E-02  1.4793E+02  1.4756E+02  3.6418E-01
1.9120E-02  1.4788E+02  1.4752E+02  3.6418E-01
1.9123E-02  1.4782E+02  1.4746E+02  3.6418E-01
1.9125E-02  1.4779E+02  1.4742E+02  3.6418E-01
1.9128E-02  1.4884E+02  1.4847E+02  3.6418E-01
1.9130E-02  1.4767E+02  1.4730E+02  3.6418E-01
1.9133E-02  1.4762E+02  1.4725E+02  3.6418E-01
1.9135E-02  1.4756E+02  1.4720E+02  3.6418E-01
1.9137E-02  1.4751E+02  1.4715E+02  3.6418E-01
1.9140E-02  1.4746E+02  1.4710E+02  3.6418E-01
1.9142E-02  1.4741E+02  1.4705E+02  3.6419E-01
1.9145E-02  1.4736E+02  1.4700E+02  3.6419E-01
1.9148E-02  1.4732E+02  1.4695E+02  3.6419E-01
1.9150E-02  1.4733E+02  1.4697E+02  3.6419E-01
1.9152E-02  1.5107E+02  1.5070E+02  3.6419E-01
1.9155E-02  1.7231E+02  1.7194E+02  3.6419E-01
1.9158E-02  1.4736E+02  1.4700E+02  3.6419E-01
1.9160E-02  1.5520E+02  1.5484E+02  3.6419E-01
1.9163E-02  1.4712E+02  1.4676E+02  3.6419E-01
1.9165E-02  1.4698E+02  1.4661E+02  3.6419E-01
1.9168E-02  1.4692E+02  1.4656E+02  3.6419E-01
1.9170E-02  1.4688E+02  1.4651E+02  3.6419E-01
1.9172E-02  1.4694E+02  1.4657E+02  3.6419E-01
1.9175E-02  1.4678E+02  1.4641E+02  3.6419E-01
1.9178E-02  1.4674E+02  1.4638E+02  3.6419E-01
1.9180E-02  1.4668E+02  1.4632E+02  3.6419E-01
1.9183E-02  1.4663E+02  1.4627E+02  3.6419E-01
1.9185E-02  1.4659E+02  1.4622E+02  3.6419E-01
1.9187E-02  1.4655E+02  1.4618E+02  3.6419E-01
1.9190E-02  1.4651E+02  1.4615E+02  3.6419E-01
1.9192E-02  1.4650E+02  1.4613E+02  3.6419E-01
1.9195E-02  1.4656E+02  1.4619E+02  3.6419E-01
1.9198E-02  1.8850E+02  1.8814E+02  3.6419E-01
1.9200E-02  1.4932E+02  1.4895E+02  3.6419E-01
1.9203E-02  1.4656E+02  1.4620E+02  3.6419E-01
1.9205E-02  1.8697E+02  1.8660E+02  3.6419E-01
1.9207E-02  1.4666E+02  1.4630E+02  3.6419E-01
1.9210E-02  1.4719E+02  1.4682E+02  3.6419E-01
1.9213E-02  1.4721E+02  1.4685E+02  3.6419E-01
1.9215E-02  1.4627E+02  1.4590E+02  3.6419E-01
1.9218E-02  1.4684E+02  1.4648E+02  3.6419E-01
1.9220E-02  1.7372E+02  1.7336E+02  3.6419E-01
1.9223E-02  1.4619E+02  1.4583E+02  3.6419E-01
1.9225E-02  1.4616E+02  1.4579E+02  3.6419E-01
1.9227E-02  1.4974E+02  1.4937E+02  3.6419E-01
1.9230E-02  1.4746E+02  1.4709E+02  3.6419E-01
1.9233E-02  1.4590E+02  1.4554E+02  3.6419E-01
1.9235E-02  1.4572E+02  1.4536E+02  3.6419E-01
1.9238E-02  1.4563E+02  1.4527E+02  3.6419E-01
1.9240E-02  1.4557E+02  1.4521E+02  3.6419E-01
1.9242E-02  1.4552E+02  1.4515E+02  3.6419E-01
1.9245E-02  1.4557E+02  1.4521E+02  3.6419E-01
1.9248E-02  1.4542E+02  1.4506E+02  3.6419E-01
1.9250E-02  1.4538E+02  1.4502E+02  3.6419E-01
1.9253E-02  1.4536E+02  1.4500E+02  3.6419E-01
1.9255E-02  1.4530E+02  1.4494E+02  3.6419E-01
1.9258E-02  1.4526E+02  1.4490E+02  3.6419E-01
1.9260E-02  1.4523E+02  1.4487E+02  3.6419E-01
1.9262E-02  1.4522E+02  1.4485E+02  3.6419E-01
1.9265E-02  1.4691E+02  1.4654E+02  3.6419E-01
1.9267E-02  1.5473E+02  1.5436E+02  3.6419E-01
1.9270E-02  1.7662E+02  1.7625E+02  3.6419E-01
1.9273E-02  1.4512E+02  1.4476E+02  3.6419E-01
1.9275E-02  1.4510E+02  1.4473E+02  3.6419E-01
1.9277E-02  1.4510E+02  1.4473E+02  3.6419E-01
1.9280E-02  1.4512E+02  1.4475E+02  3.6419E-01
1.9282E-02  1.4516E+02  1.4479E+02  3.6419E-01
1.9285E-02  1.4523E+02  1.4487E+02  3.6419E-01
1.9288E-02  1.4536E+02  1.4500E+02  3.6419E-01
1.9290E-02  1.4558E+02  1.4521E+02  3.6419E-01
1.9293E-02  1.4595E+02  1.4559E+02  3.6419E-01
1.9295E-02  1.4664E+02  1.4628E+02  3.6419E-01
1.9297E-02  1.4810E+02  1.4774E+02  3.6419E-01
1.9300E-02  1.5191E+02  1.5154E+02  3.6419E-01
1.9303E-02  1.6842E+02  1.6806E+02  3.6419E-01
1.9305E-02  1.1030E+04  1.1030E+04  3.6419E-01
1.9308E-02  2.1433E+02  2.1397E+02  3.6419E-01
1.9310E-02  1.5878E+02  1.5841E+02  3.6419E-01
1.9312E-02  1.5581E+02  1.5545E+02  3.6419E-01
1.9315E-02  2.1404E+02  2.1367E+02  3.6419E-01
1.9317E-02  2.1721E+02  2.1684E+02  3.6419E-01
1.9320E-02  1.5395E+02  1.5359E+02  3.6419E-01
1.9323E-02  1.5552E+04  1.5551E+04  3.6419E-01
1.9325E-02  1.4978E+02  1.4941E+02  3.6419E-01
1.9328E-02  1.4582E+02  1.4546E+02  3.6419E-01
1.9330E-02  1.4496E+02  1.4460E+02  3.6419E-01
1.9332E-02  1.4454E+02  1.4418E+02  3.6419E-01
1.9335E-02  1.4440E+02  1.4404E+02  3.6419E-01
1.9338E-02  1.4409E+02  1.4373E+02  3.6419E-01
1.9340E-02  1.4395E+02  1.4358E+02  3.6419E-01
1.9343E-02  1.4383E+02  1.4347E+02  3.6419E-01
1.9345E-02  1.4373E+02  1.4336E+02  3.6419E-01
1.9348E-02  1.4364E+02  1.4328E+02  3.6419E-01
1.9350E-02  1.4357E+02  1.4321E+02  3.6419E-01
1.9352E-02  1.4348E+02  1.4312E+02  3.6419E-01
1.9355E-02  1.4341E+02  1.4305E+02  3.6419E-01
1.9358E-02  1.4335E+02  1.4298E+02  3.6419E-01
1.9360E-02  1.4451E+02  1.4415E+02  3.6419E-01
1.9363E-02  1.4322E+02  1.4286E+02  3.6419E-01
1.9365E-02  1.4591E+02  1.4555E+02  3.6419E-01
1.9367E-02  1.4311E+02  1.4274E+02  3.6419E-01
1.9370E-02  1.4305E+02  1.4269E+02  3.6419E-01
1.9373E-02  1.4299E+02  1.4263E+02  3.6419E-01
1.9375E-02  1.4295E+02  1.4259E+02  3.6419E-01
1.9378E-02  1.4289E+02  1.4253E+02  3.6419E-01
1.9380E-02  1.4283E+02  1.4247E+02  3.6419E-01
1.9383E-02  1.5489E+02  1.5453E+02  3.6419E-01
1.9385E-02  1.4273E+02  1.4237E+02  3.6419E-01
1.9387E-02  1.4268E+02  1.4232E+02  3.6419E-01
1.9390E-02  1.4263E+02  1.4226E+02  3.6419E-01
1.9393E-02  1.4259E+02  1.4223E+02  3.6419E-01
1.9395E-02  1.4253E+02  1.4216E+02  3.6419E-01
1.9398E-02  1.4247E+02  1.4211E+02  3.6420E-01
1.9400E-02  1.4242E+02  1.4206E+02  3.6420E-01
1.9402E-02  1.4237E+02  1.4201E+02  3.6420E-01
1.9405E-02  1.4232E+02  1.4196E+02  3.6420E-01
1.9407E-02  1.4227E+02  1.4191E+02  3.6420E-01
1.9410E-02  1.4223E+02  1.4186E+02  3.6420E-01
1.9413E-02  1.4218E+02  1.4181E+02  3.6420E-01
1.9415E-02  1.4213E+02  1.4176E+02  3.6420E-01
1.9418E-02  1.4214E+02  1.4178E+02  3.6420E-01
1.9420E-02  1.4203E+02  1.4167E+02  3.6420E-01
1.9422E-02  1.4198E+02  1.4162E+02  3.6420E-01
1.9425E-02  1.4193E+02  1.4157E+02  3.6420E-01
1.9428E-02  1.4188E+02  1.4152E+02  3.6420E-01
1.9430E-02  1.4184E+02  1.4147E+02  3.6420E-01
1.9433E-02  1.4179E+02  1.4143E+02  3.6420E-01
1.9435E-02  1.4174E+02  1.4138E+02  3.6420E-01
1.9437E-02  1.4184E+02  1.4148E+02  3.6420E-01
1.9440E-02  1.4164E+02  1.4128E+02  3.6420E-01
1.9442E-02  1.4160E+02  1.4123E+02  3.6420E-01
1.9445E-02  1.4155E+02  1.4118E+02  3.6420E-01
1.9448E-02  1.4150E+02  1.4114E+02  3.6420E-01
1.9450E-02  1.4145E+02  1.4109E+02  3.6420E-01
1.9453E-02  1.4140E+02  1.4104E+02  3.6420E-01
1.9455E-02  1.4136E+02  1.4099E+02  3.6420E-01
1.9457E-02  1.4132E+02  1.4096E+02  3.6420E-01
1.9460E-02  1.4127E+02  1.4090E+02  3.6420E-01
1.9463E-02  1.4124E+02  1.4087E+02  3.6420E-01
1.9465E-02  1.4117E+02  1.4080E+02  3.6420E-01
1.9468E-02  1.4112E+02  1.4076E+02  3.6420E-01
1.9470E-02  1.4107E+02  1.4071E+02  3.6420E-01
1.9473E-02  1.4102E+02  1.4066E+02  3.6420E-01
1.9475E-02  1.4099E+02  1.4062E+02  3.6420E-01
1.9477E-02  1.4093E+02  1.4056E+02  3.6420E-01
1.9480E-02  1.4127E+02  1.4091E+02  3.6420E-01
1.9483E-02  1.4083E+02  1.4047E+02  3.6420E-01
1.9485E-02  1.4079E+02  1.4043E+02  3.6420E-01
1.9488E-02  1.4074E+02  1.4038E+02  3.6420E-01
1.9490E-02  1.4069E+02  1.4033E+02  3.6420E-01
1.9492E-02  1.4066E+02  1.4029E+02  3.6420E-01
1.9495E-02  1.4060E+02  1.4023E+02  3.6420E-01
1.9497E-02  1.4055E+02  1.4019E+02  3.6420E-01
1.9500E-02  1.4050E+02  1.4014E+02  3.6420E-01
1.9503E-02  1.4046E+02  1.4009E+02  3.6420E-01
1.9505E-02  1.4041E+02  1.4005E+02  3.6420E-01
1.9508E-02  1.4036E+02  1.4000E+02  3.6420E-01
1.9510E-02  1.4032E+02  1.3996E+02  3.6420E-01
1.9512E-02  1.4027E+02  1.3991E+02  3.6420E-01
1.9515E-02  1.4022E+02  1.3986E+02  3.6420E-01
1.9518E-02  1.4029E+02  1.3993E+02  3.6420E-01
1.9520E-02  1.4014E+02  1.3978E+02  3.6420E-01
1.9523E-02  1.4011E+02  1.3974E+02  3.6420E-01
1.9525E-02  1.6566E+02  1.6529E+02  3.6420E-01
1.9527E-02  1.4005E+02  1.3968E+02  3.6420E-01
1.9530E-02  1.3995E+02  1.3958E+02  3.6420E-01
1.9532E-02  1.3991E+02  1.3954E+02  3.6420E-01
1.9535E-02  1.4322E+02  1.4285E+02  3.6420E-01
1.9538E-02  1.4017E+02  1.3980E+02  3.6420E-01
1.9540E-02  1.3976E+02  1.3940E+02  3.6420E-01
1.9543E-02  1.3971E+02  1.3935E+02  3.6420E-01
1.9545E-02  1.3966E+02  1.3930E+02  3.6420E-01
1.9547E-02  1.3961E+02  1.3925E+02  3.6420E-01
1.9550E-02  1.3957E+02  1.3920E+02  3.6420E-01
1.9553E-02  1.3952E+02  1.3916E+02  3.6420E-01
1.9555E-02  1.3947E+02  1.3911E+02  3.6420E-01
1.9558E-02  1.3943E+02  1.3906E+02  3.6420E-01
1.9560E-02  1.3938E+02  1.3902E+02  3.6420E-01
1.9563E-02  1.3933E+02  1.3897E+02  3.6420E-01
1.9565E-02  1.3929E+02  1.3892E+02  3.6420E-01
1.9567E-02  1.3924E+02  1.3888E+02  3.6420E-01
1.9570E-02  1.3989E+02  1.3953E+02  3.6420E-01
1.9573E-02  1.4018E+02  1.3981E+02  3.6420E-01
1.9575E-02  1.3912E+02  1.3875E+02  3.6420E-01
1.9578E-02  1.4007E+02  1.3971E+02  3.6420E-01
1.9580E-02  1.3902E+02  1.3866E+02  3.6420E-01
1.9582E-02  1.3897E+02  1.3860E+02  3.6420E-01
1.9585E-02  1.3892E+02  1.3856E+02  3.6420E-01
1.9587E-02  1.3887E+02  1.3851E+02  3.6420E-01
1.9590E-02  1.3885E+02  1.3848E+02  3.6420E-01
1.9593E-02  1.3878E+02  1.3841E+02  3.6420E-01
1.9595E-02  1.3874E+02  1.3837E+02  3.6420E-01
1.9598E-02  1.3868E+02  1.3832E+02  3.6420E-01
1.9600E-02  1.3864E+02  1.3827E+02  3.6420E-01
1.9602E-02  1.3859E+02  1.3823E+02  3.6420E-01
1.9605E-02  1.3855E+02  1.3818E+02  3.6420E-01
1.9608E-02  1.3850E+02  1.3814E+02  3.6420E-01
1.9610E-02  1.3845E+02  1.3809E+02  3.6420E-01
1.9613E-02  1.3841E+02  1.3804E+02  3.6420E-01
1.9615E-02  1.3836E+02  1.3800E+02  3.6420E-01
1.9617E-02  1.3832E+02  1.3795E+02  3.6420E-01
1.9620E-02  1.3828E+02  1.3791E+02  3.6420E-01
1.9622E-02  1.3822E+02  1.3786E+02  3.6420E-01
1.9625E-02  1.3818E+02  1.3781E+02  3.6420E-01
1.9628E-02  1.3813E+02  1.3777E+02  3.6420E-01
1.9630E-02  1.3809E+02  1.3772E+02  3.6420E-01
1.9633E-02  1.3804E+02  1.3767E+02  3.6420E-01
1.9635E-02  1.3800E+02  1.3763E+02  3.6420E-01
1.9637E-02  1.3795E+02  1.3758E+02  3.6420E-01
1.9640E-02  1.3791E+02  1.3754E+02  3.6420E-01
1.9643E-02  1.3786E+02  1.3749E+02  3.6421E-01
1.9645E-02  1.3781E+02  1.3745E+02  3.6421E-01
1.9648E-02  1.3776E+02  1.3740E+02  3.6421E-01
1.9650E-02  1.3772E+02  1.3735E+02  3.6421E-01
1.9652E-02  1.3767E+02  1.3731E+02  3.6421E-01
1.9655E-02  1.3763E+02  1.3726E+02  3.6421E-01
1.9657E-02  1.3758E+02  1.3722E+02  3.6421E-01
1.9660E-02  1.3753E+02  1.3717E+02  3.6421E-01
1.9663E-02  1.3749E+02  1.3712E+02  3.6421E-01
1.9665E-02  1.3744E+02  1.3708E+02  3.6421E-01
1.9668E-02  1.3740E+02  1.3703E+02  3.6421E-01
1.9670E-02  1.3736E+02  1.3699E+02  3.6421E-01
1.9672E-02  1.3731E+02  1.3694E+02  3.6421E-01
1.9675E-02  1.3726E+02  1.3690E+02  3.6421E-01
1.9678E-02  1.3721E+02  1.3685E+02  3.6421E-01
1.9680E-02  1.3717E+02  1.3680E+02  3.6421E-01
1.9683E-02  1.3712E+02  1.3676E+02  3.6421E-01
1.9685E-02  1.3708E+02  1.3671E+02  3.6421E-01
1.9688E-02  1.3703E+02  1.3667E+02  3.6421E-01
1.9690E-02  1.3699E+02  1.3662E+02  3.6421E-01
1.9692E-02  1.3694E+02  1.3658E+02  3.6421E-01
1.9695E-02  1.3689E+02  1.3653E+02  3.6421E-01
1.9698E-02  1.3685E+02  1.3649E+02  3.6421E-01
1.9700E-02  1.3680E+02  1.3644E+02  3.6421E-01
1.9703E-02  1.3676E+02  1.3640E+02  3.6421E-01
1.9705E-02  1.3672E+02  1.3635E+02  3.6421E-01
1.9707E-02  1.3668E+02  1.3632E+02  3.6421E-01
1.9710E-02  1.3993E+02  1.3957E+02  3.6421E-01
1.9712E-02  1.3659E+02  1.3622E+02  3.6421E-01
1.9715E-02  1.3653E+02  1.3617E+02  3.6421E-01
1.9718E-02  1.3649E+02  1.3612E+02  3.6421E-01
1.9720E-02  1.3644E+02  1.3608E+02  3.6421E-01
1.9723E-02  1.3640E+02  1.3604E+02  3.6421E-01
1.9725E-02  1.3635E+02  1.3598E+02  3.6421E-01
1.9727E-02  1.3630E+02  1.3594E+02  3.6421E-01
1.9730E-02  1.3626E+02  1.3589E+02  3.6421E-01
1.9733E-02  1.3624E+02  1.3588E+02  3.6421E-01
1.9735E-02  1.3617E+02  1.3580E+02  3.6421E-01
1.9738E-02  1.3612E+02  1.3576E+02  3.6421E-01
1.9740E-02  1.3608E+02  1.3572E+02  3.6421E-01
1.9742E-02  1.3603E+02  1.3567E+02  3.6421E-01
1.9745E-02  1.3601E+02  1.3565E+02  3.6421E-01
1.9747E-02  1.3594E+02  1.3558E+02  3.6421E-01
1.9750E-02  1.3591E+02  1.3554E+02  3.6421E-01
1.9753E-02  1.3585E+02  1.3549E+02  3.6421E-01
1.9755E-02  1.3581E+02  1.3544E+02  3.6421E-01
1.9758E-02  1.3784E+02  1.3748E+02  3.6421E-01
1.9760E-02  1.3572E+02  1.3535E+02  3.6421E-01
1.9762E-02  1.3567E+02  1.3531E+02  3.6421E-01
1.9765E-02  1.3563E+02  1.3526E+02  3.6421E-01
1.9768E-02  1.3573E+02  1.3536E+02  3.6421E-01
1.9770E-02  1.3596E+02  1.3560E+02  3.6421E-01
1.9773E-02  1.3549E+02  1.3513E+02  3.6421E-01
1.9775E-02  1.3550E+02  1.3513E+02  3.6421E-01
1.9777E-02  1.3542E+02  1.3505E+02  3.6421E-01
1.9780E-02  1.3536E+02  1.3499E+02  3.6421E-01
1.9782E-02  1.4430E+02  1.4394E+02  3.6421E-01
1.9785E-02  1.3527E+02  1.3490E+02  3.6421E-01
1.9788E-02  1.3522E+02  1.3485E+02  3.6421E-01
1.9790E-02  1.3517E+02  1.3481E+02  3.6421E-01
1.9793E-02  1.3513E+02  1.3476E+02  3.6421E-01
1.9795E-02  1.3508E+02  1.3472E+02  3.6421E-01
1.9797E-02  1.3504E+02  1.3468E+02  3.6421E-01
1.9800E-02  1.3501E+02  1.3465E+02  3.6421E-01
1.9802E-02  1.3522E+02  1.3486E+02  3.6421E-01
1.9805E-02  1.3789E+02  1.3753E+02  3.6421E-01
1.9808E-02  1.3486E+02  1.3450E+02  3.6421E-01
1.9810E-02  1.3481E+02  1.3445E+02  3.6421E-01
1.9813E-02  1.3477E+02  1.3441E+02  3.6421E-01
1.9815E-02  1.3472E+02  1.3436E+02  3.6421E-01
1.9817E-02  1.3468E+02  1.3432E+02  3.6421E-01
1.9820E-02  1.3463E+02  1.3427E+02  3.6421E-01
1.9823E-02  1.3459E+02  1.3423E+02  3.6421E-01
1.9825E-02  1.3455E+02  1.3418E+02  3.6421E-01
1.9828E-02  1.3450E+02  1.3414E+02  3.6421E-01
1.9830E-02  1.3454E+02  1.3418E+02  3.6421E-01
1.9832E-02  1.3441E+02  1.3405E+02  3.6421E-01
1.9835E-02  1.3437E+02  1.3401E+02  3.6421E-01
1.9837E-02  1.3432E+02  1.3396E+02  3.6421E-01
1.9840E-02  1.3430E+02  1.3393E+02  3.6421E-01
1.9843E-02  1.3424E+02  1.3388E+02  3.6421E-01
1.9845E-02  1.3421E+02  1.3385E+02  3.6421E-01
1.9848E-02  1.3421E+02  1.3385E+02  3.6421E-01
1.9850E-02  1.3410E+02  1.3374E+02  3.6421E-01
1.9852E-02  1.3406E+02  1.3369E+02  3.6421E-01
1.9855E-02  1.3401E+02  1.3364E+02  3.6421E-01
1.9858E-02  1.3396E+02  1.3360E+02  3.6421E-01
1.9860E-02  1.3392E+02  1.3356E+02  3.6421E-01
1.9863E-02  1.3388E+02  1.3351E+02  3.6421E-01
1.9865E-02  1.3383E+02  1.3347E+02  3.6421E-01
1.9867E-02  1.3380E+02  1.3343E+02  3.6421E-01
1.9870E-02  1.3375E+02  1.3338E+02  3.6421E-01
1.9872E-02  1.3370E+02  1.3333E+02  3.6421E-01
1.9875E-02  1.3365E+02  1.3329E+02  3.6421E-01
1.9878E-02  1.3444E+02  1.3408E+02  3.6422E-01
1.9880E-02  1.3356E+02  1.3320E+02  3.6422E-01
1.9883E-02  1.3352E+02  1.3315E+02  3.6422E-01
1.9885E-02  1.3347E+02  1.3311E+02  3.6422E-01
1.9887E-02  1.3343E+02  1.3307E+02  3.6422E-01
1.9890E-02  1.3339E+02  1.3302E+02  3.6422E-01
1.9892E-02  1.3334E+02  1.3298E+02  3.6422E-01
1.9895E-02  1.3330E+02  1.3293E+02  3.6422E-01
1.9898E-02  1.3325E+02  1.3289E+02  3.6422E-01
1.9900E-02  1.3322E+02  1.3285E+02  3.6422E-01
1.9903E-02  1.3316E+02  1.3280E+02  3.6422E-01
1.9905E-02  1.3312E+02  1.3276E+02  3.6422E-01
1.9907E-02  1.3307E+02  1.3271E+02  3.6422E-01
1.9910E-02  1.3303E+02  1.3267E+02  3.6422E-01
1.9913E-02  1.3299E+02  1.3262E+02  3.6422E-01
1.9915E-02  1.3295E+02  1.3258E+02  3.6422E-01
1.9918E-02  1.3290E+02  1.3253E+02  3.6422E-01
1.9920E-02  1.3286E+02  1.3249E+02  3.6422E-01
1.9922E-02  1.3281E+02  1.3245E+02  3.6422E-01
1.9925E-02  1.3277E+02  1.3240E+02  3.6422E-01
1.9927E-02  1.3272E+02  1.3236E+02  3.6422E-01
1.9930E-02  1.3268E+02  1.3231E+02  3.6422E-01
1.9933E-02  1.3263E+02  1.3227E+02  3.6422E-01
1.9935E-02  1.3270E+02  1.3234E+02  3.6422E-01
1.9938E-02  1.3255E+02  1.3218E+02  3.6422E-01
1.9940E-02  1.3253E+02  1.3216E+02  3.6422E-01
1.9942E-02  1.3248E+02  1.3212E+02  3.6422E-01
1.9945E-02  1.3313E+02  1.3276E+02  3.6422E-01
1.9948E-02  1.3240E+02  1.3203E+02  3.6422E-01
1.9950E-02  1.3248E+02  1.3212E+02  3.6422E-01
1.9953E-02  1.3229E+02  1.3193E+02  3.6422E-01
1.9955E-02  1.3226E+02  1.3190E+02  3.6422E-01
1.9957E-02  1.3219E+02  1.3183E+02  3.6422E-01
1.9960E-02  1.3247E+02  1.3211E+02  3.6422E-01
1.9962E-02  1.3211E+02  1.3174E+02  3.6422E-01
1.9965E-02  1.3206E+02  1.3170E+02  3.6422E-01
1.9968E-02  1.3202E+02  1.3166E+02  3.6422E-01
1.9970E-02  1.3198E+02  1.3161E+02  3.6422E-01
1.9973E-02  1.3193E+02  1.3157E+02  3.6422E-01
1.9975E-02  1.3190E+02  1.3154E+02  3.6422E-01
1.9977E-02  1.3211E+02  1.3175E+02  3.6422E-01
1.9980E-02  1.3182E+02  1.3146E+02  3.6422E-01
1.9983E-02  1.3195E+02  1.3159E+02  3.6422E-01
1.9985E-02  1.3172E+02  1.3136E+02  3.6422E-01
1.9988E-02  1.3168E+02  1.3131E+02  3.6422E-01
1.9990E-02  1.3163E+02  1.3127E+02  3.6422E-01
1.9992E-02  1.3159E+02  1.3123E+02  3.6422E-01
1.9995E-02  1.3155E+02  1.3118E+02  3.6422E-01
1.9997E-02  1.3151E+02  1.3114E+02  3.6422E-01
2.0000E-02  1.3147E+02  1.3111E+02  3.6422E-01
2.0003E-02  1.3143E+02  1.3106E+02  3.6422E-01
2.0005E-02  1.3139E+02  1.3103E+02  3.6422E-01
2.0008E-02  1.3136E+02  1.3099E+02  3.6422E-01
2.0010E-02  1.3132E+02  1.3096E+02  3.6422E-01
2.0012E-02  1.3130E+02  1.3094E+02  3.6422E-01
2.0015E-02  1.3129E+02  1.3092E+02  3.6422E-01
2.0017E-02  1.3130E+02  1.3094E+02  3.6422E-01
2.0020E-02  1.3137E+02  1.3101E+02  3.6422E-01
2.0023E-02  1.3165E+02  1.3129E+02  3.6422E-01
2.0025E-02  1.3305E+02  1.3269E+02  3.6422E-01
2.0028E-02  6.4788E+03  6.4784E+03  3.6422E-01
2.0030E-02  1.3550E+02  1.3513E+02  3.6422E-01
2.0032E-02  1.3176E+02  1.3139E+02  3.6422E-01
2.0035E-02  1.3120E+02  1.3083E+02  3.6422E-01
2.0038E-02  1.3099E+02  1.3062E+02  3.6422E-01
2.0040E-02  1.3087E+02  1.3050E+02  3.6422E-01
2.0043E-02  1.3079E+02  1.3042E+02  3.6422E-01
2.0045E-02  1.3073E+02  1.3036E+02  3.6422E-01
2.0047E-02  1.3066E+02  1.3030E+02  3.6422E-01
2.0050E-02  1.3061E+02  1.3024E+02  3.6422E-01
2.0052E-02  1.3057E+02  1.3020E+02  3.6422E-01
2.0055E-02  1.3057E+02  1.3021E+02  3.6422E-01
2.0058E-02  1.3046E+02  1.3010E+02  3.6422E-01
2.0060E-02  1.3041E+02  1.3005E+02  3.6422E-01
2.0063E-02  1.3037E+02  1.3000E+02  3.6422E-01
2.0065E-02  1.3177E+02  1.3141E+02  3.6422E-01
2.0067E-02  1.3028E+02  1.2991E+02  3.6422E-01
2.0070E-02  1.3023E+02  1.2987E+02  3.6422E-01
2.0073E-02  1.3019E+02  1.2983E+02  3.6422E-01
2.0075E-02  1.3017E+02  1.2981E+02  3.6422E-01
2.0078E-02  1.3010E+02  1.2974E+02  3.6422E-01
2.0080E-02  1.3006E+02  1.2970E+02  3.6422E-01
2.0082E-02  1.3027E+02  1.2990E+02  3.6422E-01
2.0085E-02  1.2998E+02  1.2961E+02  3.6422E-01
2.0087E-02  1.2997E+02  1.2960E+02  3.6422E-01
2.0090E-02  1.3000E+02  1.2964E+02  3.6422E-01
2.0093E-02  1.2984E+02  1.2948E+02  3.6422E-01
2.0095E-02  1.2980E+02  1.2943E+02  3.6422E-01
2.0098E-02  1.2975E+02  1.2939E+02  3.6422E-01
2.0100E-02  1.2971E+02  1.2934E+02  3.6422E-01
2.0102E-02  1.2966E+02  1.2930E+02  3.6422E-01
2.0105E-02  1.2964E+02  1.2928E+02  3.6422E-01
2.0108E-02  1.2958E+02  1.2921E+02  3.6422E-01
2.0110E-02  1.2953E+02  1.2917E+02  3.6422E-01
2.0113E-02  1.3007E+02  1.2971E+02  3.6422E-01
2.0115E-02  1.2945E+02  1.2908E+02  3.6422E-01
2.0117E-02  1.2941E+02  1.2904E+02  3.6422E-01
2.0120E-02  1.2936E+02  1.2899E+02  3.6422E-01
2.0122E-02  1.2932E+02  1.2895E+02  3.6422E-01
2.0125E-02  1.2927E+02  1.2891E+02  3.6422E-01
2.0128E-02  1.2923E+02  1.2886E+02  3.6422E-01
2.0130E-02  1.2919E+02  1.2882E+02  3.6422E-01
2.0133E-02  1.2914E+02  1.2878E+02  3.6422E-01
2.0135E-02  1.2910E+02  1.2874E+02  3.6422E-01
2.0137E-02  1.2906E+02  1.2869E+02  3.6422E-01
2.0140E-02  1.2901E+02  1.2865E+02  3.6422E-01
2.0142E-02  1.2897E+02  1.2861E+02  3.6422E-01
2.0145E-02  1.2893E+02  1.2856E+02  3.6422E-01
2.0148E-02  1.2889E+02  1.2853E+02  3.6422E-01
2.0150E-02  1.2885E+02  1.2848E+02  3.6422E-01
2.0153E-02  1.2886E+02  1.2850E+02  3.6422E-01
2.0155E-02  1.2885E+02  1.2849E+02  3.6422E-01
2.0157E-02  1.2875E+02  1.2839E+02  3.6422E-01
2.0160E-02  1.2868E+02  1.2831E+02  3.6422E-01
2.0163E-02  1.2863E+02  1.2827E+02  3.6422E-01
2.0165E-02  1.2859E+02  1.2822E+02  3.6422E-01
2.0168E-02  1.2854E+02  1.2818E+02  3.6422E-01
2.0170E-02  1.2850E+02  1.2814E+02  3.6422E-01
2.0172E-02  1.2857E+02  1.2820E+02  3.6422E-01
2.0175E-02  1.2854E+02  1.2817E+02  3.6422E-01
2.0177E-02  1.2838E+02  1.2801E+02  3.6422E-01
2.0180E-02  1.2833E+02  1.2797E+02  3.6422E-01
2.0183E-02  1.2832E+02  1.2796E+02  3.6422E-01
2.0185E-02  1.2829E+02  1.2793E+02  3.6422E-01
2.0188E-02  1.2821E+02  1.2784E+02  3.6422E-01
2.0190E-02  1.2816E+02  1.2780E+02  3.6422E-01
2.0192E-02  1.2812E+02  1.2776E+02  3.6422E-01
2.0195E-02  1.2809E+02  1.2773E+02  3.6422E-01
2.0198E-02  1.2808E+02  1.2772E+02  3.6422E-01
2.0200E-02  1.2804E+02  1.2768E+02  3.6422E-01
2.0203E-02  1.2796E+02  1.2759E+02  3.6422E-01
2.0205E-02  1.2792E+02  1.2755E+02  3.6422E-01
2.0207E-02  1.2787E+02  1.2751E+02  3.6422E-01
2.0210E-02  1.2783E+02  1.2747E+02  3.6422E-01
2.0212E-02  1.2780E+02  1.2744E+02  3.6422E-01
2.0215E-02  1.2775E+02  1.2739E+02  3.6422E-01
2.0218E-02  1.2782E+02  1.2746E+02  3.6422E-01
2.0220E-02  1.2770E+02  1.2733E+02  3.6422E-01
2.0223E-02  1.2771E+02  1.2735E+02  3.6422E-01
2.0225E-02  1.2764E+02  1.2728E+02  3.6422E-01
2.0227E-02  1.2760E+02  1.2723E+02  3.6422E-01
2.0230E-02  1.2758E+02  1.2721E+02  3.6422E-01
2.0233E-02  1.2754E+02  1.2718E+02  3.6422E-01
2.0235E-02  1.2755E+02  1.2718E+02  3.6422E-01
2.0238E-02  1.2762E+02  1.2726E+02  3.6422E-01
2.0240E-02  1.2779E+02  1.2742E+02  3.6422E-01
2.0243E-02  1.2823E+02  1.2786E+02  3.6422E-01
2.0245E-02  1.3076E+02  1.3040E+02  3.6422E-01
2.0247E-02  2.9121E+04  2.9120E+04  3.6422E-01
2.0250E-02  1.3043E+02  1.3007E+02  3.6422E-01
2.0253E-02  1.2803E+02  1.2766E+02  3.6422E-01
2.0255E-02  1.2754E+02  1.2717E+02  3.6422E-01
2.0258E-02  1.2735E+02  1.2699E+02  3.6422E-01
2.0260E-02  1.2730E+02  1.2693E+02  3.6422E-01
2.0262E-02  1.2731E+02  1.2695E+02  3.6422E-01
2.0265E-02  1.2746E+02  1.2710E+02  3.6422E-01
2.0267E-02  1.2787E+02  1.2751E+02  3.6422E-01
2.0270E-02  1.2958E+02  1.2921E+02  3.6422E-01
2.0273E-02  1.5298E+02  1.5262E+02  3.6422E-01
2.0275E-02  1.5732E+02  1.5696E+02  3.6422E-01
2.0278E-02  1.2957E+02  1.2921E+02  3.6422E-01
2.0280E-02  1.2766E+02  1.2729E+02  3.6422E-01
2.0282E-02  1.2714E+02  1.2678E+02  3.6422E-01
2.0285E-02  1.2689E+02  1.2653E+02  3.6422E-01
2.0288E-02  1.2699E+02  1.2663E+02  3.6422E-01
2.0290E-02  1.2665E+02  1.2628E+02  3.6422E-01
2.0293E-02  1.2655E+02  1.2618E+02  3.6422E-01
2.0295E-02  1.2673E+02  1.2637E+02  3.6422E-01
2.0297E-02  1.2642E+02  1.2605E+02  3.6422E-01
2.0300E-02  1.2637E+02  1.2601E+02  3.6422E-01
2.0302E-02  1.2631E+02  1.2595E+02  3.6422E-01
2.0305E-02  1.2629E+02  1.2592E+02  3.6422E-01
2.0308E-02  1.2629E+02  1.2592E+02  3.6422E-01
2.0310E-02  1.2626E+02  1.2590E+02  3.6422E-01
2.0313E-02  1.2631E+02  1.2594E+02  3.6422E-01
2.0315E-02  1.2622E+02  1.2586E+02  3.6422E-01
2.0317E-02  1.2618E+02  1.2582E+02  3.6422E-01
2.0320E-02  1.2605E+02  1.2568E+02  3.6422E-01
2.0323E-02  1.3167E+02  1.3131E+02  3.6422E-01
2.0325E-02  1.2598E+02  1.2561E+02  3.6423E-01
2.0328E-02  1.2587E+02  1.2551E+02  3.6423E-01
2.0330E-02  1.2582E+02  1.2545E+02  3.6423E-01
2.0332E-02  1.2574E+02  1.2538E+02  3.6423E-01
2.0335E-02  1.2570E+02  1.2533E+02  3.6423E-01
2.0337E-02  1.2564E+02  1.2528E+02  3.6423E-01
2.0340E-02  1.2560E+02  1.2523E+02  3.6423E-01
2.0343E-02  1.2556E+02  1.2519E+02  3.6423E-01
2.0345E-02  1.2551E+02  1.2515E+02  3.6423E-01
2.0348E-02  1.2547E+02  1.2511E+02  3.6423E-01
2.0350E-02  1.2543E+02  1.2506E+02  3.6423E-01
2.0352E-02  1.2538E+02  1.2502E+02  3.6423E-01
2.0355E-02  1.2534E+02  1.2498E+02  3.6423E-01
2.0358E-02  1.2530E+02  1.2493E+02  3.6423E-01
2.0360E-02  1.2526E+02  1.2489E+02  3.6423E-01
2.0363E-02  1.2521E+02  1.2485E+02  3.6423E-01
2.0365E-02  1.2517E+02  1.2481E+02  3.6423E-01
2.0368E-02  1.2513E+02  1.2476E+02  3.6423E-01
2.0370E-02  1.2509E+02  1.2472E+02  3.6423E-01
2.0372E-02  1.2504E+02  1.2468E+02  3.6423E-01
2.0375E-02  1.2500E+02  1.2464E+02  3.6423E-01
2.0378E-02  1.2496E+02  1.2460E+02  3.6423E-01
2.0380E-02  1.2494E+02  1.2457E+02  3.6423E-01
2.0383E-02  1.2496E+02  1.2460E+02  3.6423E-01
2.0385E-02  1.2484E+02  1.2447E+02  3.6423E-01
2.0387E-02  1.2479E+02  1.2443E+02  3.6423E-01
2.0390E-02  1.2476E+02  1.2439E+02  3.6423E-01
2.0392E-02  1.2471E+02  1.2434E+02  3.6423E-01
2.0395E-02  1.2472E+02  1.2435E+02  3.6423E-01
2.0398E-02  1.2462E+02  1.2426E+02  3.6423E-01
2.0400E-02  1.2459E+02  1.2422E+02  3.6423E-01
2.0403E-02  1.2458E+02  1.2422E+02  3.6423E-01
2.0405E-02  1.2461E+02  1.2424E+02  3.6423E-01
2.0407E-02  1.2458E+02  1.2421E+02  3.6423E-01
2.0410E-02  1.2448E+02  1.2411E+02  3.6423E-01
2.0413E-02  1.2465E+02  1.2429E+02  3.6423E-01
2.0415E-02  1.2622E+02  1.2585E+02  3.6423E-01
2.0418E-02  1.2436E+02  1.2399E+02  3.6423E-01
2.0420E-02  1.2447E+02  1.2410E+02  3.6423E-01
2.0422E-02  1.2438E+02  1.2402E+02  3.6423E-01
2.0425E-02  1.2425E+02  1.2388E+02  3.6423E-01
2.0427E-02  1.2423E+02  1.2386E+02  3.6423E-01
2.0430E-02  1.2414E+02  1.2378E+02  3.6423E-01
2.0433E-02  1.2404E+02  1.2367E+02  3.6423E-01
2.0435E-02  1.3017E+02  1.2980E+02  3.6423E-01
2.0438E-02  1.2395E+02  1.2359E+02  3.6423E-01
2.0440E-02  1.2395E+02  1.2359E+02  3.6423E-01
2.0442E-02  1.2387E+02  1.2350E+02  3.6423E-01
2.0445E-02  1.2382E+02  1.2346E+02  3.6423E-01
2.0448E-02  1.2378E+02  1.2342E+02  3.6423E-01
2.0450E-02  1.2374E+02  1.2338E+02  3.6423E-01
2.0453E-02  1.2370E+02  1.2333E+02  3.6423E-01
2.0455E-02  1.2367E+02  1.2330E+02  3.6423E-01
2.0457E-02  1.2361E+02  1.2325E+02  3.6423E-01
2.0460E-02  1.2357E+02  1.2321E+02  3.6423E-01
2.0462E-02  1.2353E+02  1.2317E+02  3.6423E-01
2.0465E-02  1.2349E+02  1.2313E+02  3.6423E-01
2.0468E-02  1.2345E+02  1.2308E+02  3.6423E-01
2.0470E-02  1.2344E+02  1.2308E+02  3.6423E-01
2.0473E-02  1.2337E+02  1.2301E+02  3.6423E-01
2.0475E-02  1.2335E+02  1.2298E+02  3.6423E-01
2.0477E-02  1.2333E+02  1.2296E+02  3.6423E-01
2.0480E-02  1.2327E+02  1.2291E+02  3.6423E-01
2.0483E-02  1.2321E+02  1.2284E+02  3.6423E-01
2.0485E-02  1.2322E+02  1.2285E+02  3.6423E-01
2.0488E-02  1.2315E+02  1.2278E+02  3.6423E-01
2.0490E-02  1.2310E+02  1.2273E+02  3.6423E-01
2.0493E-02  1.2314E+02  1.2278E+02  3.6423E-01
2.0495E-02  1.3237E+02  1.3200E+02  3.6423E-01
2.0497E-02  1.3361E+02  1.3324E+02  3.6423E-01
2.0500E-02  1.3034E+02  1.2998E+02  3.6423E-01
2.0503E-02  1.2292E+02  1.2256E+02  3.6423E-01
2.0505E-02  1.2284E+02  1.2247E+02  3.6423E-01
2.0508E-02  1.2279E+02  1.2242E+02  3.6423E-01
2.0510E-02  1.2275E+02  1.2238E+02  3.6423E-01
2.0512E-02  1.2270E+02  1.2234E+02  3.6423E-01
2.0515E-02  1.2266E+02  1.2230E+02  3.6423E-01
2.0517E-02  1.2262E+02  1.2226E+02  3.6423E-01
2.0520E-02  1.2258E+02  1.2222E+02  3.6423E-01
2.0523E-02  1.2257E+02  1.2220E+02  3.6423E-01
2.0525E-02  1.2256E+02  1.2220E+02  3.6423E-01
2.0528E-02  1.2249E+02  1.2212E+02  3.6423E-01
2.0530E-02  1.2243E+02  1.2206E+02  3.6423E-01
2.0532E-02  1.2238E+02  1.2202E+02  3.6423E-01
2.0535E-02  1.2236E+02  1.2200E+02  3.6423E-01
2.0538E-02  1.2236E+02  1.2200E+02  3.6423E-01
2.0540E-02  1.2230E+02  1.2193E+02  3.6423E-01
2.0543E-02  1.2222E+02  1.2185E+02  3.6423E-01
2.0545E-02  1.2218E+02  1.2181E+02  3.6423E-01
2.0547E-02  1.2223E+02  1.2186E+02  3.6423E-01
2.0550E-02  1.2213E+02  1.2177E+02  3.6423E-01
2.0552E-02  1.2207E+02  1.2171E+02  3.6423E-01
2.0555E-02  1.2200E+02  1.2164E+02  3.6423E-01
2.0558E-02  1.2196E+02  1.2160E+02  3.6423E-01
2.0560E-02  1.2192E+02  1.2155E+02  3.6423E-01
2.0563E-02  1.2188E+02  1.2151E+02  3.6423E-01
2.0565E-02  1.2184E+02  1.2147E+02  3.6423E-01
2.0567E-02  1.2180E+02  1.2144E+02  3.6423E-01
2.0570E-02  1.2178E+02  1.2142E+02  3.6423E-01
2.0573E-02  1.2177E+02  1.2141E+02  3.6423E-01
2.0575E-02  1.2171E+02  1.2135E+02  3.6423E-01
2.0578E-02  1.8929E+02  1.8893E+02  3.6423E-01
2.0580E-02  1.2160E+02  1.2124E+02  3.6423E-01
2.0583E-02  1.2157E+02  1.2120E+02  3.6423E-01
2.0585E-02  1.2153E+02  1.2116E+02  3.6423E-01
2.0587E-02  1.2964E+02  1.2928E+02  3.6423E-01
2.0590E-02  1.2219E+02  1.2183E+02  3.6423E-01
2.0593E-02  1.2140E+02  1.2103E+02  3.6423E-01
2.0595E-02  1.2138E+02  1.2101E+02  3.6423E-01
2.0598E-02  1.2131E+02  1.2095E+02  3.6423E-01
2.0600E-02  1.2127E+02  1.2091E+02  3.6423E-01
2.0602E-02  1.2124E+02  1.2087E+02  3.6423E-01
2.0605E-02  1.2122E+02  1.2085E+02  3.6423E-01
2.0608E-02  3.0911E+02  3.0875E+02  3.6423E-01
2.0610E-02  1.2114E+02  1.2078E+02  3.6423E-01
2.0613E-02  1.2108E+02  1.2072E+02  3.6423E-01
2.0615E-02  1.2104E+02  1.2068E+02  3.6423E-01
2.0618E-02  1.2102E+02  1.2065E+02  3.6423E-01
2.0620E-02  1.2097E+02  1.2061E+02  3.6423E-01
2.0622E-02  1.2094E+02  1.2057E+02  3.6423E-01
2.0625E-02  1.2091E+02  1.2054E+02  3.6423E-01
2.0628E-02  1.2087E+02  1.2050E+02  3.6423E-01
2.0630E-02  1.2089E+02  1.2052E+02  3.6423E-01
2.0633E-02  1.2085E+02  1.2048E+02  3.6423E-01
2.0635E-02  1.2085E+02  1.2048E+02  3.6423E-01
2.0637E-02  1.2084E+02  1.2048E+02  3.6423E-01
2.0640E-02  1.2098E+02  1.2061E+02  3.6423E-01
2.0642E-02  1.2187E+02  1.2151E+02  3.6423E-01
2.0645E-02  6.2940E+03  6.2937E+03  3.6423E-01
2.0648E-02  1.2257E+02  1.2221E+02  3.6423E-01
2.0650E-02  1.2095E+02  1.2059E+02  3.6423E-01
2.0653E-02  1.2297E+02  1.2261E+02  3.6423E-01
2.0655E-02  1.2051E+02  1.2015E+02  3.6423E-01
2.0657E-02  1.2041E+02  1.2005E+02  3.6423E-01
2.0660E-02  1.2048E+02  1.2012E+02  3.6423E-01
2.0663E-02  1.2031E+02  1.1995E+02  3.6423E-01
2.0665E-02  1.2317E+02  1.2281E+02  3.6423E-01
2.0668E-02  1.2031E+02  1.1994E+02  3.6423E-01
2.0670E-02  1.2553E+02  1.2517E+02  3.6423E-01
2.0672E-02  1.2053E+02  1.2017E+02  3.6423E-01
2.0675E-02  1.2027E+02  1.1990E+02  3.6423E-01
2.0677E-02  1.2321E+02  1.2285E+02  3.6423E-01
2.0680E-02  1.2002E+02  1.1965E+02  3.6423E-01
2.0683E-02  1.2001E+02  1.1965E+02  3.6423E-01
2.0685E-02  1.2000E+02  1.1963E+02  3.6423E-01
2.0688E-02  1.1988E+02  1.1951E+02  3.6423E-01
2.0690E-02  1.2020E+02  1.1983E+02  3.6423E-01
2.0692E-02  1.1979E+02  1.1943E+02  3.6423E-01
2.0695E-02  1.1977E+02  1.1941E+02  3.6423E-01
2.0698E-02  1.1973E+02  1.1936E+02  3.6423E-01
2.0700E-02  1.1967E+02  1.1931E+02  3.6423E-01
2.0703E-02  1.1964E+02  1.1928E+02  3.6423E-01
2.0705E-02  1.1960E+02  1.1923E+02  3.6423E-01
2.0708E-02  1.1955E+02  1.1919E+02  3.6423E-01
2.0710E-02  1.1952E+02  1.1915E+02  3.6423E-01
2.0712E-02  1.1971E+02  1.1935E+02  3.6423E-01
2.0715E-02  1.1944E+02  1.1907E+02  3.6423E-01
2.0718E-02  1.1940E+02  1.1903E+02  3.6423E-01
2.0720E-02  1.1936E+02  1.1899E+02  3.6423E-01
2.0723E-02  1.1932E+02  1.1896E+02  3.6423E-01
2.0725E-02  1.1928E+02  1.1892E+02  3.6423E-01
2.0727E-02  1.1924E+02  1.1888E+02  3.6423E-01
2.0730E-02  1.1921E+02  1.1884E+02  3.6423E-01
2.0733E-02  1.1917E+02  1.1880E+02  3.6423E-01
2.0735E-02  1.1913E+02  1.1876E+02  3.6423E-01
2.0738E-02  1.1910E+02  1.1873E+02  3.6423E-01
2.0740E-02  1.1905E+02  1.1869E+02  3.6423E-01
2.0743E-02  1.1902E+02  1.1865E+02  3.6423E-01
2.0745E-02  1.1929E+02  1.1893E+02  3.6423E-01
2.0747E-02  1.1898E+02  1.1862E+02  3.6423E-01
2.0750E-02  1.1895E+02  1.1859E+02  3.6423E-01
2.0753E-02  1.1889E+02  1.1853E+02  3.6423E-01
2.0755E-02  1.1883E+02  1.1847E+02  3.6423E-01
2.0758E-02  1.1880E+02  1.1843E+02  3.6423E-01
2.0760E-02  1.1876E+02  1.1840E+02  3.6423E-01
2.0762E-02  1.1875E+02  1.1839E+02  3.6423E-01
2.0765E-02  1.1870E+02  1.1834E+02  3.6423E-01
2.0767E-02  1.1866E+02  1.1829E+02  3.6423E-01
2.0770E-02  1.1862E+02  1.1826E+02  3.6423E-01
2.0773E-02  1.1859E+02  1.1822E+02  3.6423E-01
2.0775E-02  1.1856E+02  1.1819E+02  3.6423E-01
2.0778E-02  1.1852E+02  1.1816E+02  3.6423E-01
2.0780E-02  1.1849E+02  1.1813E+02  3.6423E-01
2.0782E-02  1.1846E+02  1.1809E+02  3.6423E-01
2.0785E-02  1.1843E+02  1.1806E+02  3.6423E-01
2.0788E-02  1.1840E+02  1.1803E+02  3.6423E-01
2.0790E-02  1.1837E+02  1.1801E+02  3.6423E-01
2.0793E-02  1.1840E+02  1.1804E+02  3.6423E-01
2.0795E-02  1.1832E+02  1.1795E+02  3.6423E-01
2.0798E-02  1.1829E+02  1.1793E+02  3.6423E-01
2.0800E-02  1.1827E+02  1.1791E+02  3.6423E-01
2.0802E-02  1.1825E+02  1.1789E+02  3.6423E-01
2.0805E-02  1.1824E+02  1.1787E+02  3.6423E-01
2.0808E-02  1.2833E+02  1.2796E+02  3.6423E-01
2.0810E-02  1.1829E+02  1.1793E+02  3.6423E-01
2.0813E-02  1.2122E+02  1.2085E+02  3.6423E-01
2.0815E-02  1.1821E+02  1.1785E+02  3.6423E-01
2.0817E-02  1.1822E+02  1.1786E+02  3.6423E-01
2.0820E-02  1.2447E+02  1.2410E+02  3.6423E-01
2.0823E-02  1.1820E+02  1.1784E+02  3.6423E-01
2.0825E-02  1.1821E+02  1.1785E+02  3.6423E-01
2.0828E-02  1.1829E+02  1.1793E+02  3.6423E-01
2.0830E-02  1.1827E+02  1.1790E+02  3.6423E-01
2.0833E-02  1.1832E+02  1.1795E+02  3.6423E-01
2.0835E-02  1.1838E+02  1.1802E+02  3.6423E-01
2.0837E-02  1.1849E+02  1.1813E+02  3.6423E-01
2.0840E-02  1.1859E+02  1.1822E+02  3.6423E-01
2.0842E-02  1.1874E+02  1.1838E+02  3.6423E-01
2.0845E-02  1.1894E+02  1.1858E+02  3.6423E-01
2.0848E-02  1.1921E+02  1.1884E+02  3.6423E-01
2.0850E-02  1.1957E+02  1.1921E+02  3.6423E-01
2.0852E-02  1.2007E+02  1.1970E+02  3.6423E-01
2.0855E-02  1.2077E+02  1.2040E+02  3.6423E-01
2.0858E-02  1.2179E+02  1.2142E+02  3.6423E-01
2.0860E-02  1.2334E+02  1.2298E+02  3.6423E-01
2.0863E-02  1.2585E+02  1.2549E+02  3.6423E-01
2.0865E-02  1.3033E+02  1.2997E+02  3.6423E-01
2.0868E-02  1.3955E+02  1.3919E+02  3.6423E-01
2.0870E-02  1.6227E+02  1.6191E+02  3.6423E-01
2.0872E-02  2.5824E+02  2.5787E+02  3.6423E-01
2.0875E-02  1.8986E+03  1.8982E+03  3.6423E-01
2.0878E-02  1.1831E+03  1.1827E+03  3.6423E-01
2.0880E-02  2.3130E+02  2.3093E+02  3.6423E-01
2.0883E-02  1.6054E+02  1.6018E+02  3.6423E-01
2.0885E-02  1.3944E+02  1.3908E+02  3.6423E-01
2.0887E-02  1.3081E+02  1.3045E+02  3.6423E-01
2.0890E-02  1.2614E+02  1.2577E+02  3.6423E-01
2.0892E-02  1.2343E+02  1.2307E+02  3.6423E-01
2.0895E-02  1.2170E+02  1.2134E+02  3.6423E-01
2.0898E-02  1.2211E+02  1.2174E+02  3.6423E-01
2.0900E-02  1.1995E+02  1.1959E+02  3.6423E-01
2.0903E-02  1.1924E+02  1.1887E+02  3.6423E-01
2.0905E-02  1.1879E+02  1.1842E+02  3.6423E-01
2.0907E-02  1.1826E+02  1.1789E+02  3.6423E-01
2.0910E-02  1.1788E+02  1.1751E+02  3.6423E-01
2.0913E-02  1.1761E+02  1.1724E+02  3.6423E-01
2.0915E-02  1.1737E+02  1.1701E+02  3.6423E-01
2.0918E-02  1.1718E+02  1.1681E+02  3.6423E-01
2.0920E-02  1.1702E+02  1.1665E+02  3.6423E-01
2.0923E-02  1.1690E+02  1.1654E+02  3.6423E-01
2.0925E-02  1.1674E+02  1.1637E+02  3.6423E-01
2.0927E-02  1.1662E+02  1.1626E+02  3.6423E-01
2.0930E-02  1.1651E+02  1.1615E+02  3.6423E-01
2.0932E-02  1.1642E+02  1.1605E+02  3.6423E-01
2.0935E-02  1.1633E+02  1.1596E+02  3.6423E-01
2.0938E-02  1.1625E+02  1.1588E+02  3.6423E-01
2.0940E-02  1.1617E+02  1.1581E+02  3.6423E-01
2.0942E-02  1.1612E+02  1.1576E+02  3.6423E-01
2.0945E-02  1.1604E+02  1.1568E+02  3.6423E-01
2.0948E-02  1.1641E+02  1.1605E+02  3.6423E-01
2.0950E-02  1.1597E+02  1.1561E+02  3.6423E-01
2.0953E-02  1.1592E+02  1.1556E+02  3.6423E-01
2.0955E-02  1.1602E+02  1.1566E+02  3.6423E-01
2.0958E-02  1.1614E+02  1.1578E+02  3.6423E-01
2.0960E-02  1.1791E+02  1.1755E+02  3.6423E-01
2.0962E-02  2.9360E+03  2.9356E+03  3.6423E-01
2.0965E-02  1.1661E+02  1.1625E+02  3.6423E-01
2.0968E-02  1.1581E+02  1.1544E+02  3.6423E-01
2.0970E-02  1.1562E+02  1.1525E+02  3.6423E-01
2.0973E-02  1.1599E+02  1.1562E+02  3.6423E-01
2.0975E-02  1.1561E+02  1.1524E+02  3.6423E-01
2.0977E-02  1.1543E+02  1.1507E+02  3.6423E-01
2.0980E-02  2.5286E+02  2.5249E+02  3.6423E-01
2.0983E-02  1.1534E+02  1.1498E+02  3.6423E-01
2.0985E-02  1.1526E+02  1.1489E+02  3.6423E-01
2.0988E-02  1.2750E+02  1.2713E+02  3.6423E-01
2.0990E-02  1.1528E+02  1.1492E+02  3.6423E-01
2.0993E-02  1.1506E+02  1.1469E+02  3.6423E-01
2.0995E-02  1.1498E+02  1.1462E+02  3.6423E-01
2.0997E-02  1.1501E+02  1.1464E+02  3.6423E-01
2.1000E-02  1.1488E+02  1.1452E+02  3.6423E-01
2.1003E-02  1.1487E+02  1.1450E+02  3.6423E-01
2.1005E-02  1.1479E+02  1.1442E+02  3.6423E-01
2.1008E-02  1.1474E+02  1.1438E+02  3.6423E-01
2.1010E-02  1.1469E+02  1.1433E+02  3.6423E-01
2.1012E-02  1.1465E+02  1.1429E+02  3.6423E-01
2.1015E-02  1.1461E+02  1.1424E+02  3.6423E-01
2.1017E-02  1.1456E+02  1.1420E+02  3.6423E-01
2.1020E-02  1.1452E+02  1.1416E+02  3.6423E-01
2.1023E-02  1.1448E+02  1.1411E+02  3.6423E-01
2.1025E-02  1.1444E+02  1.1407E+02  3.6423E-01
2.1028E-02  1.1439E+02  1.1403E+02  3.6423E-01
2.1030E-02  1.1435E+02  1.1398E+02  3.6423E-01
2.1032E-02  1.1431E+02  1.1394E+02  3.6423E-01
2.1035E-02  1.1429E+02  1.1393E+02  3.6423E-01
2.1038E-02  1.1422E+02  1.1386E+02  3.6423E-01
2.1040E-02  1.1418E+02  1.1382E+02  3.6423E-01
2.1043E-02  1.1414E+02  1.1377E+02  3.6423E-01
2.1045E-02  1.1410E+02  1.1373E+02  3.6423E-01
2.1048E-02  1.1405E+02  1.1369E+02  3.6423E-01
2.1050E-02  1.1402E+02  1.1365E+02  3.6423E-01
2.1052E-02  1.1397E+02  1.1361E+02  3.6423E-01
2.1055E-02  1.1394E+02  1.1358E+02  3.6423E-01
2.1057E-02  1.1389E+02  1.1353E+02  3.6423E-01
2.1060E-02  1.1385E+02  1.1349E+02  3.6423E-01
2.1063E-02  1.1381E+02  1.1345E+02  3.6423E-01
2.1065E-02  1.1380E+02  1.1344E+02  3.6423E-01
2.1067E-02  1.1390E+02  1.1353E+02  3.6423E-01
2.1070E-02  1.1439E+02  1.1403E+02  3.6423E-01
2.1073E-02  1.2029E+02  1.1993E+02  3.6423E-01
2.1075E-02  1.1369E+02  1.1333E+02  3.6423E-01
2.1078E-02  1.1358E+02  1.1322E+02  3.6423E-01
2.1080E-02  1.1353E+02  1.1317E+02  3.6423E-01
2.1083E-02  1.1349E+02  1.1313E+02  3.6423E-01
2.1085E-02  1.1344E+02  1.1308E+02  3.6423E-01
2.1087E-02  1.1340E+02  1.1304E+02  3.6423E-01
2.1090E-02  1.1336E+02  1.1300E+02  3.6423E-01
2.1093E-02  1.1332E+02  1.1295E+02  3.6423E-01
2.1095E-02  1.1328E+02  1.1291E+02  3.6423E-01
2.1098E-02  1.1324E+02  1.1287E+02  3.6423E-01
2.1100E-02  1.1321E+02  1.1284E+02  3.6423E-01
2.1102E-02  1.1316E+02  1.1280E+02  3.6423E-01
2.1105E-02  1.1312E+02  1.1276E+02  3.6423E-01
2.1108E-02  1.1308E+02  1.1272E+02  3.6423E-01
2.1110E-02  1.1307E+02  1.1270E+02  3.6423E-01
2.1113E-02  1.1331E+02  1.1294E+02  3.6423E-01
2.1115E-02  1.1297E+02  1.1261E+02  3.6423E-01
2.1118E-02  1.1302E+02  1.1266E+02  3.6423E-01
2.1120E-02  1.1315E+02  1.1279E+02  3.6423E-01
2.1122E-02  1.1364E+02  1.1327E+02  3.6423E-01
2.1125E-02  1.1280E+02  1.1244E+02  3.6423E-01
2.1128E-02  1.1276E+02  1.1239E+02  3.6423E-01
2.1130E-02  1.1279E+02  1.1243E+02  3.6423E-01
2.1133E-02  1.1269E+02  1.1233E+02  3.6423E-01
2.1135E-02  1.1264E+02  1.1228E+02  3.6423E-01
2.1138E-02  1.1271E+02  1.1234E+02  3.6423E-01
2.1140E-02  1.1258E+02  1.1222E+02  3.6423E-01
2.1142E-02  1.1253E+02  1.1216E+02  3.6423E-01
2.1145E-02  1.1248E+02  1.1211E+02  3.6423E-01
2.1147E-02  1.1247E+02  1.1210E+02  3.6423E-01
2.1150E-02  1.1242E+02  1.1205E+02  3.6423E-01
2.1153E-02  1.1237E+02  1.1200E+02  3.6423E-01
2.1155E-02  1.1232E+02  1.1196E+02  3.6423E-01
2.1157E-02  1.1229E+02  1.1192E+02  3.6423E-01
2.1160E-02  1.1227E+02  1.1191E+02  3.6423E-01
2.1163E-02  1.1561E+02  1.1524E+02  3.6423E-01
2.1165E-02  1.1967E+02  1.1930E+02  3.6423E-01
2.1168E-02  1.2268E+02  1.2232E+02  3.6423E-01
2.1170E-02  1.1213E+02  1.1177E+02  3.6423E-01
2.1173E-02  1.1205E+02  1.1169E+02  3.6423E-01
2.1175E-02  1.1201E+02  1.1164E+02  3.6423E-01
2.1177E-02  1.1197E+02  1.1160E+02  3.6423E-01
2.1180E-02  1.1192E+02  1.1156E+02  3.6423E-01
2.1182E-02  1.1188E+02  1.1152E+02  3.6423E-01
2.1185E-02  1.1184E+02  1.1148E+02  3.6423E-01
2.1188E-02  1.1181E+02  1.1144E+02  3.6423E-01
2.1190E-02  1.1176E+02  1.1140E+02  3.6423E-01
2.1192E-02  1.1172E+02  1.1136E+02  3.6423E-01
2.1195E-02  1.1169E+02  1.1132E+02  3.6423E-01
2.1198E-02  1.1167E+02  1.1131E+02  3.6423E-01
2.1200E-02  1.1161E+02  1.1124E+02  3.6423E-01
2.1203E-02  1.1157E+02  1.1120E+02  3.6423E-01
2.1205E-02  1.1153E+02  1.1116E+02  3.6423E-01
2.1208E-02  1.1149E+02  1.1112E+02  3.6423E-01
2.1210E-02  1.1145E+02  1.1108E+02  3.6423E-01
2.1212E-02  1.1141E+02  1.1104E+02  3.6423E-01
2.1215E-02  1.1137E+02  1.1101E+02  3.6423E-01
2.1218E-02  1.1133E+02  1.1097E+02  3.6423E-01
2.1220E-02  1.1129E+02  1.1093E+02  3.6423E-01
2.1223E-02  1.1125E+02  1.1089E+02  3.6423E-01
2.1225E-02  1.1121E+02  1.1085E+02  3.6423E-01
2.1227E-02  1.1117E+02  1.1081E+02  3.6423E-01
2.1230E-02  1.1114E+02  1.1077E+02  3.6423E-01
2.1233E-02  1.1110E+02  1.1073E+02  3.6423E-01
2.1235E-02  1.1106E+02  1.1069E+02  3.6423E-01
2.1237E-02  1.1102E+02  1.1065E+02  3.6423E-01
2.1240E-02  1.1098E+02  1.1061E+02  3.6423E-01
2.1243E-02  1.1094E+02  1.1057E+02  3.6423E-01
2.1245E-02  1.1090E+02  1.1054E+02  3.6423E-01
2.1247E-02  1.1086E+02  1.1050E+02  3.6423E-01
2.1250E-02  1.1082E+02  1.1046E+02  3.6423E-01
2.1253E-02  1.1096E+02  1.1060E+02  3.6423E-01
2.1255E-02  1.1311E+02  1.1275E+02  3.6423E-01
2.1258E-02  1.1071E+02  1.1034E+02  3.6423E-01
2.1260E-02  1.1076E+02  1.1040E+02  3.6423E-01
2.1263E-02  1.1209E+02  1.1173E+02  3.6423E-01
2.1265E-02  1.1059E+02  1.1022E+02  3.6423E-01
2.1267E-02  1.1351E+02  1.1314E+02  3.6423E-01
2.1270E-02  1.1051E+02  1.1015E+02  3.6423E-01
2.1272E-02  1.1047E+02  1.1011E+02  3.6423E-01
2.1275E-02  1.1043E+02  1.1007E+02  3.6423E-01
2.1278E-02  1.1040E+02  1.1003E+02  3.6423E-01
2.1280E-02  1.1035E+02  1.0999E+02  3.6423E-01
2.1282E-02  1.1032E+02  1.0995E+02  3.6423E-01
2.1285E-02  1.1028E+02  1.0992E+02  3.6423E-01
2.1288E-02  1.1025E+02  1.0988E+02  3.6423E-01
2.1290E-02  1.1020E+02  1.0984E+02  3.6423E-01
2.1293E-02  1.1016E+02  1.0980E+02  3.6423E-01
2.1295E-02  1.1013E+02  1.0977E+02  3.6423E-01
2.1298E-02  1.1010E+02  1.0974E+02  3.6423E-01
2.1300E-02  1.1005E+02  1.0968E+02  3.6423E-01
2.1302E-02  1.1002E+02  1.0965E+02  3.6423E-01
2.1305E-02  1.1001E+02  1.0965E+02  3.6423E-01
2.1308E-02  1.0993E+02  1.0957E+02  3.6423E-01
2.1310E-02  1.0992E+02  1.0955E+02  3.6423E-01
2.1313E-02  1.0987E+02  1.0950E+02  3.6423E-01
2.1315E-02  1.0983E+02  1.0947E+02  3.6423E-01
2.1317E-02  1.1002E+02  1.0965E+02  3.6423E-01
2.1320E-02  1.0979E+02  1.0943E+02  3.6423E-01
2.1323E-02  1.0989E+02  1.0952E+02  3.6423E-01
2.1325E-02  1.0968E+02  1.0932E+02  3.6423E-01
2.1328E-02  1.0964E+02  1.0927E+02  3.6423E-01
2.1330E-02  1.0960E+02  1.0923E+02  3.6423E-01
2.1333E-02  1.0956E+02  1.0919E+02  3.6423E-01
2.1335E-02  1.0952E+02  1.0916E+02  3.6423E-01
2.1337E-02  1.0959E+02  1.0923E+02  3.6423E-01
2.1340E-02  1.0945E+02  1.0909E+02  3.6423E-01
2.1343E-02  1.0942E+02  1.0906E+02  3.6423E-01
2.1345E-02  2.2023E+02  2.1987E+02  3.6423E-01
2.1348E-02  1.0935E+02  1.0899E+02  3.6423E-01
2.1350E-02  1.0931E+02  1.0895E+02  3.6423E-01
2.1352E-02  1.0928E+02  1.0892E+02  3.6423E-01
2.1355E-02  1.0925E+02  1.0889E+02  3.6423E-01
2.1358E-02  1.2288E+02  1.2252E+02  3.6423E-01
2.1360E-02  1.0919E+02  1.0882E+02  3.6423E-01
2.1362E-02  1.0916E+02  1.0879E+02  3.6423E-01
2.1365E-02  1.0913E+02  1.0877E+02  3.6423E-01
2.1368E-02  1.0911E+02  1.0874E+02  3.6423E-01
2.1370E-02  1.0909E+02  1.0872E+02  3.6423E-01
2.1372E-02  1.0907E+02  1.0871E+02  3.6423E-01
2.1375E-02  1.0911E+02  1.0874E+02  3.6423E-01
2.1378E-02  1.0906E+02  1.0869E+02  3.6423E-01
2.1380E-02  1.0907E+02  1.0871E+02  3.6423E-01
2.1383E-02  1.0909E+02  1.0873E+02  3.6423E-01
2.1385E-02  1.0914E+02  1.0878E+02  3.6423E-01
2.1388E-02  1.0923E+02  1.0886E+02  3.6423E-01
2.1390E-02  1.0938E+02  1.0901E+02  3.6423E-01
2.1392E-02  1.0963E+02  1.0927E+02  3.6423E-01
2.1395E-02  1.1011E+02  1.0975E+02  3.6423E-01
2.1397E-02  1.1111E+02  1.1074E+02  3.6423E-01
2.1400E-02  1.1354E+02  1.1318E+02  3.6423E-01
2.1403E-02  1.2260E+02  1.2223E+02  3.6423E-01
2.1405E-02  2.5106E+02  2.5070E+02  3.6423E-01
2.1407E-02  2.6019E+02  2.5983E+02  3.6423E-01
2.1410E-02  1.2274E+02  1.2238E+02  3.6423E-01
2.1413E-02  1.1341E+02  1.1304E+02  3.6423E-01
2.1415E-02  1.1085E+02  1.1048E+02  3.6423E-01
2.1418E-02  1.0977E+02  1.0941E+02  3.6423E-01
2.1420E-02  1.0922E+02  1.0885E+02  3.6423E-01
2.1423E-02  1.0888E+02  1.0851E+02  3.6423E-01
2.1425E-02  1.0865E+02  1.0829E+02  3.6423E-01
2.1427E-02  1.0849E+02  1.0813E+02  3.6423E-01
2.1430E-02  1.0836E+02  1.0799E+02  3.6423E-01
2.1433E-02  1.0826E+02  1.0789E+02  3.6423E-01
2.1435E-02  1.0817E+02  1.0781E+02  3.6423E-01
2.1438E-02  1.0815E+02  1.0778E+02  3.6423E-01
2.1440E-02  1.0804E+02  1.0768E+02  3.6423E-01
2.1442E-02  1.0798E+02  1.0761E+02  3.6423E-01
2.1445E-02  1.0791E+02  1.0754E+02  3.6423E-01
2.1448E-02  1.0785E+02  1.0749E+02  3.6423E-01
2.1450E-02  1.0780E+02  1.0744E+02  3.6423E-01
2.1452E-02  1.0775E+02  1.0739E+02  3.6423E-01
2.1455E-02  1.0770E+02  1.0734E+02  3.6423E-01
2.1458E-02  1.0766E+02  1.0729E+02  3.6423E-01
2.1460E-02  1.0761E+02  1.0725E+02  3.6423E-01
2.1462E-02  1.0758E+02  1.0721E+02  3.6423E-01
2.1465E-02  1.0755E+02  1.0718E+02  3.6423E-01
2.1468E-02  1.0748E+02  1.0712E+02  3.6423E-01
2.1470E-02  1.0757E+02  1.0721E+02  3.6423E-01
2.1473E-02  1.0758E+02  1.0722E+02  3.6423E-01
2.1475E-02  1.0735E+02  1.0699E+02  3.6423E-01
2.1478E-02  1.0731E+02  1.0695E+02  3.6423E-01
2.1480E-02  1.0728E+02  1.0692E+02  3.6423E-01
2.1483E-02  1.0724E+02  1.0688E+02  3.6423E-01
2.1485E-02  1.0722E+02  1.0685E+02  3.6423E-01
2.1487E-02  1.0720E+02  1.0684E+02  3.6423E-01
2.1490E-02  1.0715E+02  1.0678E+02  3.6423E-01
2.1493E-02  1.0707E+02  1.0671E+02  3.6423E-01
2.1495E-02  1.0704E+02  1.0667E+02  3.6423E-01
2.1497E-02  1.0712E+02  1.0676E+02  3.6423E-01
2.1500E-02  1.0696E+02  1.0659E+02  3.6423E-01
2.1503E-02  1.0691E+02  1.0655E+02  3.6423E-01
2.1505E-02  1.0687E+02  1.0650E+02  3.6423E-01
2.1508E-02  1.0683E+02  1.0647E+02  3.6423E-01
2.1510E-02  1.0681E+02  1.0644E+02  3.6423E-01
2.1513E-02  1.0675E+02  1.0639E+02  3.6423E-01
2.1515E-02  1.0789E+02  1.0752E+02  3.6423E-01
2.1517E-02  1.0667E+02  1.0631E+02  3.6423E-01
2.1520E-02  1.0664E+02  1.0627E+02  3.6423E-01
2.1522E-02  1.0672E+02  1.0636E+02  3.6423E-01
2.1525E-02  1.0659E+02  1.0622E+02  3.6423E-01
2.1528E-02  1.0656E+02  1.0620E+02  3.6423E-01
2.1530E-02  1.0654E+02  1.0618E+02  3.6423E-01
2.1532E-02  1.0670E+02  1.0634E+02  3.6423E-01
2.1535E-02  1.0642E+02  1.0605E+02  3.6423E-01
2.1538E-02  1.0650E+02  1.0614E+02  3.6423E-01
2.1540E-02  1.0640E+02  1.0604E+02  3.6423E-01
2.1542E-02  1.0669E+02  1.0633E+02  3.6423E-01
2.1545E-02  1.0909E+02  1.0873E+02  3.6423E-01
2.1548E-02  1.0658E+02  1.0621E+02  3.6423E-01
2.1550E-02  1.0619E+02  1.0582E+02  3.6423E-01
2.1552E-02  1.0684E+02  1.0647E+02  3.6423E-01
2.1555E-02  1.0611E+02  1.0574E+02  3.6423E-01
2.1558E-02  1.0608E+02  1.0572E+02  3.6423E-01
2.1560E-02  1.0962E+02  1.0926E+02  3.6423E-01
2.1563E-02  1.0615E+02  1.0579E+02  3.6423E-01
2.1565E-02  1.0606E+02  1.0569E+02  3.6423E-01
2.1567E-02  1.0984E+02  1.0948E+02  3.6423E-01
2.1570E-02  1.0623E+02  1.0586E+02  3.6423E-01
2.1573E-02  1.0609E+02  1.0573E+02  3.6423E-01
2.1575E-02  1.0582E+02  1.0546E+02  3.6423E-01
2.1577E-02  1.0577E+02  1.0540E+02  3.6423E-01
2.1580E-02  1.0574E+02  1.0537E+02  3.6423E-01
2.1583E-02  1.0570E+02  1.0534E+02  3.6423E-01
2.1585E-02  1.0568E+02  1.0531E+02  3.6423E-01
2.1587E-02  1.0566E+02  1.0530E+02  3.6423E-01
2.1590E-02  1.0568E+02  1.0532E+02  3.6423E-01
2.1593E-02  1.0582E+02  1.0546E+02  3.6423E-01
2.1595E-02  1.0663E+02  1.0627E+02  3.6423E-01
2.1598E-02  1.8937E+04  1.8937E+04  3.6423E-01
2.1600E-02  1.0687E+02  1.0651E+02  3.6423E-01
2.1603E-02  1.0569E+02  1.0533E+02  3.6423E-01
2.1605E-02  1.0547E+02  1.0510E+02  3.6423E-01
2.1608E-02  1.1013E+02  1.0977E+02  3.6423E-01
2.1610E-02  1.0531E+02  1.0495E+02  3.6423E-01
2.1612E-02  1.0532E+02  1.0496E+02  3.6423E-01
2.1615E-02  1.0519E+02  1.0483E+02  3.6423E-01
2.1618E-02  1.0515E+02  1.0478E+02  3.6423E-01
2.1620E-02  1.0510E+02  1.0474E+02  3.6423E-01
2.1622E-02  1.0507E+02  1.0470E+02  3.6423E-01
2.1625E-02  1.0503E+02  1.0467E+02  3.6423E-01
2.1628E-02  1.0538E+02  1.0501E+02  3.6423E-01
2.1630E-02  1.0494E+02  1.0458E+02  3.6423E-01
2.1633E-02  1.0491E+02  1.0454E+02  3.6423E-01
2.1635E-02  1.0630E+02  1.0594E+02  3.6423E-01
2.1638E-02  1.0483E+02  1.0446E+02  3.6423E-01
2.1640E-02  1.0483E+02  1.0446E+02  3.6423E-01
2.1642E-02  1.0475E+02  1.0438E+02  3.6423E-01
2.1645E-02  1.0472E+02  1.0436E+02  3.6423E-01
2.1648E-02  1.0467E+02  1.0431E+02  3.6423E-01
2.1650E-02  1.0464E+02  1.0427E+02  3.6423E-01
2.1653E-02  1.0462E+02  1.0425E+02  3.6423E-01
2.1655E-02  1.0458E+02  1.0422E+02  3.6423E-01
2.1657E-02  1.0462E+02  1.0425E+02  3.6423E-01
2.1660E-02  1.0448E+02  1.0412E+02  3.6423E-01
2.1663E-02  1.0444E+02  1.0408E+02  3.6423E-01
2.1665E-02  1.0440E+02  1.0404E+02  3.6423E-01
2.1667E-02  1.0437E+02  1.0400E+02  3.6423E-01
2.1670E-02  1.0468E+02  1.0431E+02  3.6423E-01
2.1673E-02  1.0429E+02  1.0393E+02  3.6423E-01
2.1675E-02  1.0425E+02  1.0388E+02  3.6423E-01
2.1677E-02  1.0421E+02  1.0384E+02  3.6423E-01
2.1680E-02  1.0418E+02  1.0381E+02  3.6423E-01
2.1683E-02  1.0413E+02  1.0377E+02  3.6423E-01
2.1685E-02  1.0409E+02  1.0373E+02  3.6423E-01
2.1688E-02  1.0406E+02  1.0369E+02  3.6423E-01
2.1690E-02  1.0402E+02  1.0366E+02  3.6423E-01
2.1692E-02  1.0401E+02  1.0364E+02  3.6423E-01
2.1695E-02  1.0395E+02  1.0358E+02  3.6423E-01
2.1698E-02  1.0391E+02  1.0355E+02  3.6423E-01
2.1700E-02  1.0388E+02  1.0351E+02  3.6423E-01
2.1702E-02  1.0385E+02  1.0348E+02  3.6423E-01
2.1705E-02  1.0383E+02  1.0346E+02  3.6423E-01
2.1708E-02  1.0386E+02  1.0349E+02  3.6423E-01
2.1710E-02  1.0516E+02  1.0480E+02  3.6423E-01
2.1712E-02  1.0454E+02  1.0417E+02  3.6423E-01
2.1715E-02  1.0373E+02  1.0337E+02  3.6423E-01
2.1718E-02  1.0364E+02  1.0327E+02  3.6423E-01
2.1720E-02  1.0358E+02  1.0321E+02  3.6423E-01
2.1723E-02  1.0353E+02  1.0317E+02  3.6423E-01
2.1725E-02  1.0349E+02  1.0313E+02  3.6423E-01
2.1728E-02  1.0345E+02  1.0309E+02  3.6423E-01
2.1730E-02  1.0341E+02  1.0305E+02  3.6423E-01
2.1733E-02  1.0337E+02  1.0301E+02  3.6423E-01
2.1735E-02  1.0335E+02  1.0298E+02  3.6423E-01
2.1737E-02  1.0331E+02  1.0294E+02  3.6423E-01
2.1740E-02  1.0326E+02  1.0290E+02  3.6423E-01
2.1743E-02  1.0322E+02  1.0286E+02  3.6423E-01
2.1745E-02  1.0318E+02  1.0282E+02  3.6423E-01
2.1747E-02  1.0316E+02  1.0279E+02  3.6423E-01
2.1750E-02  1.0312E+02  1.0275E+02  3.6423E-01
2.1753E-02  1.0328E+02  1.0292E+02  3.6423E-01
2.1755E-02  1.0305E+02  1.0268E+02  3.6423E-01
2.1757E-02  1.0299E+02  1.0263E+02  3.6423E-01
2.1760E-02  1.0296E+02  1.0259E+02  3.6423E-01
2.1763E-02  1.0292E+02  1.0256E+02  3.6423E-01
2.1765E-02  1.0288E+02  1.0252E+02  3.6423E-01
2.1767E-02  1.0284E+02  1.0248E+02  3.6423E-01
2.1770E-02  1.0281E+02  1.0244E+02  3.6423E-01
2.1773E-02  1.0277E+02  1.0240E+02  3.6423E-01
2.1775E-02  1.0273E+02  1.0237E+02  3.6423E-01
2.1778E-02  1.0272E+02  1.0236E+02  3.6423E-01
2.1780E-02  1.0267E+02  1.0230E+02  3.6423E-01
2.1782E-02  1.0263E+02  1.0226E+02  3.6423E-01
2.1785E-02  1.0260E+02  1.0224E+02  3.6423E-01
2.1788E-02  1.0256E+02  1.0219E+02  3.6423E-01
2.1790E-02  1.0252E+02  1.0216E+02  3.6423E-01
2.1792E-02  1.0251E+02  1.0214E+02  3.6423E-01
2.1795E-02  1.0247E+02  1.0211E+02  3.6423E-01
2.1798E-02  1.0247E+02  1.0210E+02  3.6423E-01
2.1800E-02  1.0244E+02  1.0208E+02  3.6423E-01
2.1802E-02  1.0249E+02  1.0213E+02  3.6423E-01
2.1805E-02  1.0236E+02  1.0199E+02  3.6423E-01
2.1808E-02  1.0257E+02  1.0220E+02  3.6423E-01
2.1810E-02  1.0235E+02  1.0199E+02  3.6423E-01
2.1813E-02  1.0269E+02  1.0233E+02  3.6423E-01
2.1815E-02  1.0244E+02  1.0207E+02  3.6423E-01
2.1818E-02  1.0273E+02  1.0237E+02  3.6423E-01
2.1820E-02  1.0433E+02  1.0396E+02  3.6423E-01
2.1823E-02  1.1740E+04  1.1739E+04  3.6423E-01
2.1825E-02  1.0622E+02  1.0586E+02  3.6423E-01
2.1827E-02  1.0345E+02  1.0309E+02  3.6423E-01
2.1830E-02  1.0289E+02  1.0253E+02  3.6423E-01
2.1833E-02  1.0216E+02  1.0180E+02  3.6423E-01
2.1835E-02  1.0197E+02  1.0161E+02  3.6423E-01
2.1837E-02  1.0190E+02  1.0154E+02  3.6423E-01
2.1840E-02  1.0188E+02  1.0152E+02  3.6423E-01
2.1843E-02  1.0255E+02  1.0219E+02  3.6423E-01
2.1845E-02  1.0173E+02  1.0137E+02  3.6423E-01
2.1847E-02  1.0169E+02  1.0132E+02  3.6423E-01
2.1850E-02  1.0164E+02  1.0128E+02  3.6423E-01
2.1853E-02  1.0162E+02  1.0125E+02  3.6423E-01
2.1855E-02  1.0160E+02  1.0124E+02  3.6423E-01
2.1858E-02  1.0207E+02  1.0170E+02  3.6423E-01
2.1860E-02  1.0157E+02  1.0120E+02  3.6423E-01
2.1862E-02  1.0155E+02  1.0119E+02  3.6423E-01
2.1865E-02  1.1268E+02  1.1231E+02  3.6423E-01
2.1868E-02  1.0214E+02  1.0178E+02  3.6423E-01
2.1870E-02  1.0150E+02  1.0113E+02  3.6423E-01
2.1872E-02  1.0136E+02  1.0099E+02  3.6423E-01
2.1875E-02  1.0127E+02  1.0090E+02  3.6423E-01
2.1878E-02  1.0123E+02  1.0086E+02  3.6423E-01
2.1880E-02  1.0123E+02  1.0087E+02  3.6423E-01
2.1882E-02  1.0115E+02  1.0079E+02  3.6423E-01
2.1885E-02  1.0112E+02  1.0076E+02  3.6423E-01
2.1888E-02  1.0110E+02  1.0074E+02  3.6423E-01
2.1890E-02  1.0104E+02  1.0068E+02  3.6423E-01
2.1892E-02  1.0101E+02  1.0064E+02  3.6423E-01
2.1895E-02  1.0097E+02  1.0061E+02  3.6423E-01
2.1898E-02  1.0097E+02  1.0060E+02  3.6423E-01
2.1900E-02  1.0092E+02  1.0056E+02  3.6423E-01
2.1903E-02  1.0099E+02  1.0062E+02  3.6423E-01
2.1905E-02  1.0087E+02  1.0051E+02  3.6423E-01
2.1907E-02  1.0104E+02  1.0067E+02  3.6423E-01
2.1910E-02  1.0077E+02  1.0040E+02  3.6423E-01
2.1913E-02  1.0704E+02  1.0667E+02  3.6423E-01
2.1915E-02  1.0072E+02  1.0035E+02  3.6423E-01
2.1917E-02  1.0075E+02  1.0038E+02  3.6423E-01
2.1920E-02  1.0061E+02  1.0025E+02  3.6423E-01
2.1923E-02  1.0058E+02  1.0022E+02  3.6423E-01
2.1925E-02  1.0054E+02  1.0018E+02  3.6423E-01
2.1927E-02  1.0051E+02  1.0014E+02  3.6423E-01
2.1930E-02  1.0047E+02  1.0011E+02  3.6423E-01
2.1933E-02  1.0044E+02  1.0007E+02  3.6423E-01
2.1935E-02  1.0053E+02  1.0016E+02  3.6423E-01
2.1938E-02  1.0775E+02  1.0738E+02  3.6423E-01
2.1940E-02  1.0033E+02  9.9970E+01  3.6423E-01
2.1943E-02  1.0893E+02  1.0856E+02  3.6423E-01
2.1945E-02  1.0026E+02  9.9898E+01  3.6423E-01
2.1948E-02  1.0023E+02  9.9861E+01  3.6423E-01
2.1950E-02  1.0019E+02  9.9827E+01  3.6423E-01
2.1952E-02  1.0016E+02  9.9794E+01  3.6423E-01
2.1955E-02  1.0012E+02  9.9758E+01  3.6423E-01
2.1958E-02  1.0009E+02  9.9724E+01  3.6423E-01
2.1960E-02  1.0006E+02  9.9692E+01  3.6423E-01
2.1962E-02  1.0003E+02  9.9661E+01  3.6423E-01
2.1965E-02  1.0000E+02  9.9636E+01  3.6423E-01
2.1968E-02  1.0000E+02  9.9637E+01  3.6423E-01
2.1970E-02  1.0902E+02  1.0866E+02  3.6423E-01
2.1972E-02  1.2610E+02  1.2573E+02  3.6423E-01
2.1975E-02  1.1599E+02  1.1563E+02  3.6423E-01
2.1978E-02  1.0522E+02  1.0486E+02  3.6423E-01
2.1980E-02  9.9814E+01  9.9450E+01  3.6423E-01
2.1983E-02  9.9963E+01  9.9599E+01  3.6423E-01
2.1985E-02  1.0020E+02  9.9836E+01  3.6423E-01
2.1988E-02  9.9704E+01  9.9340E+01  3.6423E-01
2.1990E-02  9.9804E+01  9.9440E+01  3.6423E-01
2.1993E-02  9.9725E+01  9.9361E+01  3.6423E-01
2.1995E-02  9.9655E+01  9.9291E+01  3.6423E-01
2.1997E-02  9.9593E+01  9.9229E+01  3.6423E-01
2.2000E-02  9.9535E+01  9.9171E+01  3.6423E-01
2.2003E-02  9.9508E+01  9.9144E+01  3.6423E-01
2.2005E-02  1.0007E+02  9.9709E+01  3.6423E-01
2.2007E-02  1.0050E+02  1.0014E+02  3.6423E-01
2.2010E-02  1.0070E+02  1.0033E+02  3.6423E-01
2.2013E-02  9.9398E+01  9.9034E+01  3.6423E-01
2.2015E-02  9.9326E+01  9.8961E+01  3.6423E-01
2.2017E-02  9.9393E+01  9.9028E+01  3.6423E-01
2.2020E-02  9.9357E+01  9.8993E+01  3.6423E-01
2.2023E-02  9.9518E+01  9.9153E+01  3.6423E-01
2.2025E-02  9.9211E+01  9.8847E+01  3.6423E-01
2.2028E-02  1.1122E+02  1.1085E+02  3.6423E-01
2.2030E-02  1.0055E+02  1.0018E+02  3.6423E-01
2.2033E-02  9.9066E+01  9.8702E+01  3.6423E-01
2.2035E-02  9.9038E+01  9.8674E+01  3.6423E-01
2.2038E-02  9.9032E+01  9.8667E+01  3.6423E-01
2.2040E-02  9.8988E+01  9.8623E+01  3.6423E-01
2.2042E-02  9.8990E+01  9.8626E+01  3.6423E-01
2.2045E-02  9.8918E+01  9.8553E+01  3.6423E-01
2.2048E-02  9.8976E+01  9.8612E+01  3.6423E-01
2.2050E-02  9.8911E+01  9.8547E+01  3.6423E-01
2.2052E-02  9.8805E+01  9.8441E+01  3.6423E-01
2.2055E-02  9.8765E+01  9.8401E+01  3.6423E-01
2.2058E-02  9.9137E+01  9.8773E+01  3.6423E-01
2.2060E-02  9.8700E+01  9.8336E+01  3.6423E-01
2.2062E-02  9.8658E+01  9.8294E+01  3.6423E-01
2.2065E-02  9.8626E+01  9.8261E+01  3.6423E-01
2.2068E-02  9.8610E+01  9.8245E+01  3.6423E-01
2.2070E-02  9.8562E+01  9.8198E+01  3.6423E-01
2.2073E-02  9.8526E+01  9.8162E+01  3.6423E-01
2.2075E-02  9.8493E+01  9.8129E+01  3.6423E-01
2.2077E-02  1.0050E+02  1.0013E+02  3.6423E-01
2.2080E-02  9.8427E+01  9.8063E+01  3.6423E-01
2.2083E-02  9.8394E+01  9.8030E+01  3.6423E-01
2.2085E-02  9.8362E+01  9.7998E+01  3.6423E-01
2.2087E-02  9.8343E+01  9.7979E+01  3.6423E-01
2.2090E-02  9.8302E+01  9.7938E+01  3.6423E-01
2.2093E-02  1.1575E+02  1.1539E+02  3.6423E-01
2.2095E-02  9.8244E+01  9.7880E+01  3.6423E-01
2.2097E-02  9.8217E+01  9.7853E+01  3.6423E-01
2.2100E-02  9.8205E+01  9.7841E+01  3.6423E-01
2.2103E-02  9.8195E+01  9.7831E+01  3.6423E-01
2.2105E-02  9.8266E+01  9.7902E+01  3.6423E-01
2.2108E-02  9.9208E+01  9.8843E+01  3.6423E-01
2.2110E-02  1.1174E+02  1.1138E+02  3.6423E-01
2.2113E-02  9.8351E+01  9.7987E+01  3.6423E-01
2.2115E-02  9.8669E+01  9.8304E+01  3.6423E-01
2.2118E-02  1.2614E+02  1.2578E+02  3.6423E-01
2.2120E-02  9.8161E+01  9.7796E+01  3.6423E-01
2.2122E-02  9.8166E+01  9.7801E+01  3.6423E-01
2.2125E-02  9.7922E+01  9.7558E+01  3.6423E-01
2.2128E-02  9.7854E+01  9.7490E+01  3.6423E-01
2.2130E-02  9.7879E+01  9.7514E+01  3.6423E-01
2.2132E-02  9.7853E+01  9.7489E+01  3.6423E-01
2.2135E-02  9.7932E+01  9.7567E+01  3.6423E-01
2.2138E-02  9.8483E+01  9.8119E+01  3.6423E-01
2.2140E-02  9.7733E+01  9.7369E+01  3.6423E-01
2.2142E-02  9.7648E+01  9.7284E+01  3.6423E-01
2.2145E-02  9.8049E+01  9.7685E+01  3.6423E-01
2.2148E-02  9.7579E+01  9.7214E+01  3.6423E-01
2.2150E-02  9.7534E+01  9.7170E+01  3.6423E-01
2.2153E-02  9.7530E+01  9.7166E+01  3.6423E-01
2.2155E-02  9.7469E+01  9.7105E+01  3.6423E-01
2.2158E-02  9.7450E+01  9.7086E+01  3.6423E-01
2.2160E-02  9.7421E+01  9.7057E+01  3.6423E-01
2.2163E-02  1.0924E+02  1.0887E+02  3.6423E-01
2.2165E-02  9.7369E+01  9.7005E+01  3.6423E-01
2.2167E-02  9.7326E+01  9.6962E+01  3.6423E-01
2.2170E-02  9.7368E+01  9.7003E+01  3.6423E-01
2.2173E-02  9.7357E+01  9.6993E+01  3.6423E-01
2.2175E-02  1.1809E+02  1.1773E+02  3.6423E-01
2.2177E-02  9.7249E+01  9.6885E+01  3.6423E-01
2.2180E-02  9.7205E+01  9.6841E+01  3.6423E-01
2.2183E-02  9.7660E+01  9.7295E+01  3.6423E-01
2.2185E-02  9.7158E+01  9.6794E+01  3.6423E-01
2.2187E-02  1.7353E+02  1.7316E+02  3.6423E-01
2.2190E-02  9.7119E+01  9.6754E+01  3.6423E-01
2.2193E-02  9.7116E+01  9.6752E+01  3.6423E-01
2.2195E-02  9.7099E+01  9.6735E+01  3.6423E-01
2.2198E-02  9.7114E+01  9.6749E+01  3.6423E-01
2.2200E-02  9.7094E+01  9.6729E+01  3.6423E-01
2.2203E-02  9.7126E+01  9.6762E+01  3.6423E-01
2.2205E-02  2.0300E+02  2.0263E+02  3.6423E-01
2.2208E-02  9.7256E+01  9.6892E+01  3.6423E-01
2.2210E-02  9.7436E+01  9.7071E+01  3.6423E-01
2.2212E-02  9.7663E+01  9.7299E+01  3.6423E-01
2.2215E-02  9.8262E+01  9.7898E+01  3.6423E-01
2.2218E-02  1.0029E+02  9.9923E+01  3.6423E-01
2.2220E-02  1.0403E+02  1.0367E+02  3.6423E-01
2.2222E-02  1.4817E+02  1.4781E+02  3.6423E-01
2.2225E-02  1.0576E+03  1.0572E+03  3.6423E-01
2.2228E-02  1.0773E+02  1.0737E+02  3.6423E-01
2.2230E-02  1.0400E+02  1.0363E+02  3.6423E-01
2.2233E-02  9.8523E+01  9.8159E+01  3.6423E-01
2.2235E-02  9.7677E+01  9.7312E+01  3.6423E-01
2.2238E-02  9.7363E+01  9.6999E+01  3.6423E-01
2.2240E-02  9.7257E+01  9.6893E+01  3.6423E-01
2.2243E-02  9.7337E+01  9.6972E+01  3.6423E-01
2.2245E-02  9.7750E+01  9.7386E+01  3.6423E-01
2.2247E-02  1.0867E+02  1.0830E+02  3.6423E-01
2.2250E-02  1.0661E+02  1.0624E+02  3.6423E-01
2.2253E-02  8.6366E+04  8.6365E+04  3.6423E-01
2.2255E-02  1.1011E+02  1.0974E+02  3.6423E-01
2.2257E-02  9.9455E+01  9.9091E+01  3.6423E-01
2.2260E-02  9.7562E+01  9.7198E+01  3.6423E-01
2.2263E-02  1.7933E+02  1.7896E+02  3.6423E-01
2.2265E-02  9.6713E+01  9.6348E+01  3.6423E-01
2.2267E-02  9.6416E+01  9.6052E+01  3.6423E-01
2.2270E-02  9.6272E+01  9.5908E+01  3.6423E-01
2.2273E-02  9.6273E+01  9.5909E+01  3.6423E-01
2.2275E-02  9.6189E+01  9.5825E+01  3.6423E-01
2.2277E-02  9.6049E+01  9.5684E+01  3.6423E-01
2.2280E-02  9.5985E+01  9.5621E+01  3.6423E-01
2.2283E-02  9.6011E+01  9.5647E+01  3.6423E-01
2.2285E-02  9.5932E+01  9.5567E+01  3.6423E-01
2.2288E-02  1.2814E+02  1.2778E+02  3.6423E-01
2.2290E-02  9.5821E+01  9.5457E+01  3.6423E-01
2.2292E-02  9.5778E+01  9.5414E+01  3.6423E-01
2.2295E-02  9.5764E+01  9.5400E+01  3.6423E-01
2.2298E-02  1.0089E+02  1.0053E+02  3.6423E-01
2.2300E-02  1.0848E+02  1.0811E+02  3.6423E-01
2.2302E-02  1.1553E+02  1.1517E+02  3.6423E-01
2.2305E-02  9.5626E+01  9.5262E+01  3.6423E-01
2.2308E-02  9.5565E+01  9.5201E+01  3.6423E-01
2.2310E-02  9.5567E+01  9.5202E+01  3.6423E-01
2.2312E-02  9.5492E+01  9.5127E+01  3.6423E-01
2.2315E-02  9.5461E+01  9.5096E+01  3.6423E-01
2.2318E-02  9.5425E+01  9.5061E+01  3.6423E-01
2.2320E-02  9.5413E+01  9.5049E+01  3.6423E-01
2.2323E-02  9.5362E+01  9.4998E+01  3.6423E-01
2.2325E-02  9.5336E+01  9.4972E+01  3.6423E-01
2.2328E-02  9.5302E+01  9.4938E+01  3.6423E-01
2.2330E-02  9.5264E+01  9.4899E+01  3.6423E-01
2.2333E-02  9.5232E+01  9.4867E+01  3.6423E-01
2.2335E-02  9.5201E+01  9.4836E+01  3.6423E-01
2.2337E-02  9.5170E+01  9.4806E+01  3.6423E-01
2.2340E-02  9.5142E+01  9.4778E+01  3.6423E-01
2.2343E-02  9.5110E+01  9.4746E+01  3.6423E-01
2.2345E-02  9.5079E+01  9.4715E+01  3.6423E-01
2.2347E-02  9.5045E+01  9.4681E+01  3.6423E-01
2.2350E-02  9.5019E+01  9.4654E+01  3.6423E-01
2.2353E-02  9.4985E+01  9.4621E+01  3.6423E-01
2.2355E-02  9.4953E+01  9.4589E+01  3.6423E-01
2.2358E-02  9.5025E+01  9.4661E+01  3.6423E-01
2.2360E-02  9.4898E+01  9.4534E+01  3.6423E-01
2.2363E-02  9.4862E+01  9.4497E+01  3.6423E-01
2.2365E-02  9.4864E+01  9.4499E+01  3.6423E-01
2.2367E-02  9.4800E+01  9.4436E+01  3.6423E-01
2.2370E-02  9.4798E+01  9.4434E+01  3.6423E-01
2.2373E-02  9.4740E+01  9.4376E+01  3.6423E-01
2.2375E-02  9.4715E+01  9.4351E+01  3.6423E-01
2.2378E-02  9.4703E+01  9.4338E+01  3.6423E-01
2.2380E-02  9.4650E+01  9.4286E+01  3.6423E-01
2.2382E-02  9.4620E+01  9.4256E+01  3.6423E-01
2.2385E-02  9.4595E+01  9.4231E+01  3.6423E-01
2.2388E-02  9.4585E+01  9.4221E+01  3.6423E-01
2.2390E-02  9.4534E+01  9.4169E+01  3.6423E-01
2.2392E-02  9.4502E+01  9.4138E+01  3.6423E-01
2.2395E-02  9.4472E+01  9.4108E+01  3.6423E-01
2.2398E-02  1.0133E+02  1.0096E+02  3.6423E-01
2.2400E-02  9.4412E+01  9.4048E+01  3.6423E-01
2.2402E-02  9.4382E+01  9.4018E+01  3.6423E-01
2.2405E-02  9.4352E+01  9.3988E+01  3.6423E-01
2.2408E-02  9.4327E+01  9.3963E+01  3.6423E-01
2.2410E-02  9.4297E+01  9.3932E+01  3.6423E-01
2.2413E-02  9.4264E+01  9.3900E+01  3.6423E-01
2.2415E-02  9.4236E+01  9.3872E+01  3.6423E-01
2.2417E-02  9.4219E+01  9.3855E+01  3.6423E-01
2.2420E-02  9.4176E+01  9.3812E+01  3.6423E-01
2.2423E-02  9.4153E+01  9.3788E+01  3.6423E-01
2.2425E-02  9.4120E+01  9.3755E+01  3.6423E-01
2.2427E-02  9.4216E+01  9.3852E+01  3.6423E-01
2.2430E-02  9.4061E+01  9.3696E+01  3.6423E-01
2.2433E-02  9.4031E+01  9.3667E+01  3.6423E-01
2.2435E-02  9.4003E+01  9.3639E+01  3.6423E-01
2.2437E-02  9.3983E+01  9.3619E+01  3.6423E-01
2.2440E-02  9.3961E+01  9.3597E+01  3.6423E-01
2.2443E-02  9.7485E+01  9.7121E+01  3.6423E-01
2.2445E-02  2.0397E+02  2.0361E+02  3.6423E-01
2.2448E-02  9.3899E+01  9.3535E+01  3.6423E-01
2.2450E-02  1.1580E+02  1.1544E+02  3.6423E-01
2.2453E-02  1.2452E+02  1.2416E+02  3.6423E-01
2.2455E-02  9.3779E+01  9.3414E+01  3.6423E-01
2.2458E-02  9.3744E+01  9.3380E+01  3.6423E-01
2.2460E-02  9.3716E+01  9.3352E+01  3.6423E-01
2.2462E-02  9.3684E+01  9.3320E+01  3.6423E-01
2.2465E-02  9.3874E+01  9.3510E+01  3.6423E-01
2.2468E-02  9.3627E+01  9.3263E+01  3.6423E-01
2.2470E-02  9.3598E+01  9.3234E+01  3.6423E-01
2.2472E-02  9.3570E+01  9.3206E+01  3.6423E-01
2.2475E-02  9.3545E+01  9.3181E+01  3.6423E-01
2.2478E-02  9.3522E+01  9.3157E+01  3.6423E-01
2.2480E-02  9.3484E+01  9.3120E+01  3.6423E-01
2.2483E-02  9.3456E+01  9.3091E+01  3.6423E-01
2.2485E-02  9.3427E+01  9.3063E+01  3.6423E-01
2.2488E-02  9.3419E+01  9.3055E+01  3.6423E-01
2.2490E-02  9.3379E+01  9.3015E+01  3.6423E-01
2.2492E-02  9.3349E+01  9.2985E+01  3.6423E-01
2.2495E-02  9.3335E+01  9.2971E+01  3.6423E-01
2.2498E-02  9.3295E+01  9.2931E+01  3.6423E-01
2.2500E-02  9.3281E+01  9.2916E+01  3.6423E-01
2.2503E-02  9.3236E+01  9.2872E+01  3.6423E-01
2.2505E-02  9.3205E+01  9.2841E+01  3.6423E-01
2.2507E-02  9.3187E+01  9.2823E+01  3.6423E-01
2.2510E-02  9.3149E+01  9.2785E+01  3.6423E-01
2.2513E-02  9.3134E+01  9.2770E+01  3.6423E-01
2.2515E-02  9.3094E+01  9.2730E+01  3.6423E-01
2.2517E-02  9.3066E+01  9.2702E+01  3.6423E-01
2.2520E-02  9.3041E+01  9.2677E+01  3.6423E-01
2.2523E-02  9.3022E+01  9.2658E+01  3.6423E-01
2.2525E-02  9.2985E+01  9.2621E+01  3.6423E-01
2.2527E-02  9.2959E+01  9.2595E+01  3.6423E-01
2.2530E-02  9.2933E+01  9.2569E+01  3.6423E-01
2.2533E-02  9.2924E+01  9.2559E+01  3.6423E-01
2.2535E-02  9.2902E+01  9.2537E+01  3.6423E-01
2.2538E-02  9.2861E+01  9.2497E+01  3.6423E-01
2.2540E-02  9.2852E+01  9.2488E+01  3.6423E-01
2.2543E-02  9.2806E+01  9.2442E+01  3.6423E-01
2.2545E-02  9.2793E+01  9.2428E+01  3.6423E-01
2.2548E-02  9.3290E+01  9.2926E+01  3.6423E-01
2.2550E-02  9.2733E+01  9.2369E+01  3.6423E-01
2.2552E-02  9.2765E+01  9.2401E+01  3.6423E-01
2.2555E-02  9.2734E+01  9.2370E+01  3.6423E-01
2.2558E-02  9.2658E+01  9.2294E+01  3.6423E-01
2.2560E-02  9.2634E+01  9.2270E+01  3.6423E-01
2.2562E-02  9.2619E+01  9.2254E+01  3.6423E-01
2.2565E-02  9.3293E+01  9.2929E+01  3.6423E-01
2.2568E-02  9.2603E+01  9.2239E+01  3.6423E-01
2.2570E-02  9.2553E+01  9.2189E+01  3.6423E-01
2.2573E-02  9.2534E+01  9.2170E+01  3.6423E-01
2.2575E-02  9.2522E+01  9.2158E+01  3.6423E-01
2.2578E-02  9.2518E+01  9.2154E+01  3.6423E-01
2.2580E-02  9.2512E+01  9.2148E+01  3.6423E-01
2.2582E-02  9.2525E+01  9.2161E+01  3.6423E-01
2.2585E-02  9.2563E+01  9.2199E+01  3.6423E-01
2.2587E-02  9.2646E+01  9.2282E+01  3.6423E-01
2.2590E-02  9.3486E+01  9.3122E+01  3.6423E-01
2.2593E-02  9.3369E+01  9.3004E+01  3.6423E-01
2.2595E-02  1.0056E+02  1.0019E+02  3.6423E-01
2.2597E-02  2.9002E+02  2.8966E+02  3.6423E-01
2.2600E-02  1.0929E+02  1.0893E+02  3.6423E-01
2.2603E-02  9.4552E+01  9.4188E+01  3.6423E-01
2.2605E-02  9.3314E+01  9.2950E+01  3.6423E-01
2.2608E-02  9.4245E+01  9.3880E+01  3.6423E-01
2.2610E-02  9.2559E+01  9.2195E+01  3.6423E-01
2.2613E-02  9.2601E+01  9.2237E+01  3.6423E-01
2.2615E-02  9.3001E+01  9.2637E+01  3.6423E-01
2.2617E-02  9.6449E+01  9.6085E+01  3.6423E-01
2.2620E-02  7.2109E+03  7.2105E+03  3.6423E-01
2.2623E-02  9.3914E+01  9.3550E+01  3.6423E-01
2.2625E-02  9.2554E+01  9.2190E+01  3.6423E-01
2.2628E-02  9.2244E+01  9.1880E+01  3.6423E-01
2.2630E-02  9.2311E+01  9.1947E+01  3.6423E-01
2.2632E-02  9.2022E+01  9.1657E+01  3.6423E-01
2.2635E-02  9.2354E+01  9.1990E+01  3.6423E-01
2.2638E-02  9.5984E+01  9.5620E+01  3.6423E-01
2.2640E-02  9.1908E+01  9.1544E+01  3.6423E-01
2.2642E-02  9.1922E+01  9.1558E+01  3.6423E-01
2.2645E-02  9.1835E+01  9.1471E+01  3.6423E-01
2.2648E-02  9.1854E+01  9.1489E+01  3.6423E-01
2.2650E-02  9.1792E+01  9.1427E+01  3.6423E-01
2.2652E-02  9.8367E+01  9.8003E+01  3.6423E-01
2.2655E-02  9.3858E+01  9.3493E+01  3.6423E-01
2.2658E-02  9.1739E+01  9.1375E+01  3.6423E-01
2.2660E-02  9.1755E+01  9.1391E+01  3.6423E-01
2.2663E-02  9.1717E+01  9.1353E+01  3.6423E-01
2.2665E-02  9.1739E+01  9.1374E+01  3.6423E-01
2.2668E-02  9.1704E+01  9.1340E+01  3.6423E-01
2.2670E-02  9.1706E+01  9.1342E+01  3.6423E-01
2.2672E-02  9.1719E+01  9.1355E+01  3.6423E-01
2.2675E-02  9.1726E+01  9.1361E+01  3.6423E-01
2.2677E-02  9.1771E+01  9.1407E+01  3.6423E-01
2.2680E-02  9.2702E+01  9.2338E+01  3.6423E-01
2.2683E-02  9.1897E+01  9.1533E+01  3.6423E-01
2.2685E-02  9.2556E+01  9.2192E+01  3.6423E-01
2.2687E-02  9.3231E+01  9.2867E+01  3.6423E-01
2.2690E-02  9.2205E+01  9.1841E+01  3.6423E-01
2.2693E-02  9.1508E+01  9.1144E+01  3.6423E-01
2.2695E-02  9.1446E+01  9.1082E+01  3.6423E-01
2.2698E-02  9.1343E+01  9.0979E+01  3.6423E-01
2.2700E-02  9.1321E+01  9.0956E+01  3.6423E-01
2.2703E-02  9.1286E+01  9.0922E+01  3.6423E-01
2.2705E-02  9.1265E+01  9.0901E+01  3.6423E-01
2.2707E-02  9.1253E+01  9.0889E+01  3.6423E-01
2.2710E-02  9.1218E+01  9.0853E+01  3.6423E-01
2.2713E-02  9.1212E+01  9.0848E+01  3.6423E-01
2.2715E-02  9.1188E+01  9.0824E+01  3.6423E-01
2.2718E-02  9.1284E+01  9.0920E+01  3.6423E-01
2.2720E-02  9.1178E+01  9.0814E+01  3.6423E-01
2.2722E-02  9.1151E+01  9.0787E+01  3.6423E-01
2.2725E-02  9.1125E+01  9.0761E+01  3.6423E-01
2.2728E-02  9.1113E+01  9.0749E+01  3.6423E-01
2.2730E-02  9.1130E+01  9.0766E+01  3.6423E-01
2.2733E-02  9.1135E+01  9.0770E+01  3.6423E-01
2.2735E-02  9.1129E+01  9.0764E+01  3.6423E-01
2.2738E-02  9.1082E+01  9.0718E+01  3.6423E-01
2.2740E-02  9.1088E+01  9.0724E+01  3.6423E-01
2.2742E-02  9.1217E+01  9.0853E+01  3.6423E-01
2.2745E-02  9.1081E+01  9.0717E+01  3.6423E-01
2.2748E-02  9.1149E+01  9.0784E+01  3.6423E-01
2.2750E-02  9.1080E+01  9.0716E+01  3.6423E-01
2.2753E-02  9.1093E+01  9.0729E+01  3.6423E-01
2.2755E-02  9.1152E+01  9.0788E+01  3.6423E-01
2.2757E-02  9.1103E+01  9.0738E+01  3.6423E-01
2.2760E-02  9.1134E+01  9.0770E+01  3.6423E-01
2.2763E-02  9.1143E+01  9.0779E+01  3.6423E-01
2.2765E-02  9.1245E+01  9.0881E+01  3.6423E-01
2.2767E-02  9.1226E+01  9.0862E+01  3.6423E-01
2.2770E-02  9.1546E+01  9.1182E+01  3.6423E-01
2.2773E-02  9.1335E+01  9.0971E+01  3.6423E-01
2.2775E-02  9.1330E+01  9.0965E+01  3.6423E-01
2.2777E-02  9.1612E+01  9.1248E+01  3.6423E-01
2.2780E-02  9.1465E+01  9.1101E+01  3.6423E-01
2.2783E-02  9.1930E+01  9.1566E+01  3.6423E-01
2.2785E-02  9.2419E+01  9.2054E+01  3.6423E-01
2.2788E-02  9.1758E+01  9.1394E+01  3.6423E-01
2.2790E-02  9.1987E+01  9.1623E+01  3.6423E-01
2.2793E-02  9.2032E+01  9.1668E+01  3.6423E-01
2.2795E-02  9.2252E+01  9.1888E+01  3.6423E-01
2.2797E-02  9.2433E+01  9.2069E+01  3.6423E-01
2.2800E-02  9.2769E+01  9.2405E+01  3.6423E-01
2.2802E-02  9.3106E+01  9.2742E+01  3.6423E-01
2.2805E-02  9.3443E+01  9.3079E+01  3.6423E-01
2.2808E-02  1.2039E+02  1.2002E+02  3.6423E-01
2.2810E-02  9.4418E+01  9.4054E+01  3.6423E-01
2.2812E-02  9.5125E+01  9.4760E+01  3.6423E-01
2.2815E-02  1.0912E+02  1.0876E+02  3.6423E-01
2.2818E-02  9.7102E+01  9.6738E+01  3.6423E-01
2.2820E-02  9.8500E+01  9.8135E+01  3.6423E-01
2.2823E-02  1.0032E+02  9.9954E+01  3.6423E-01
2.2825E-02  1.0276E+02  1.0239E+02  3.6423E-01
2.2828E-02  1.0604E+02  1.0567E+02  3.6423E-01
2.2830E-02  1.1069E+02  1.1033E+02  3.6423E-01
2.2832E-02  1.1741E+02  1.1705E+02  3.6423E-01
2.2835E-02  1.2778E+02  1.2741E+02  3.6423E-01
2.2838E-02  1.4457E+02  1.4421E+02  3.6423E-01
2.2840E-02  1.7328E+02  1.7291E+02  3.6423E-01
2.2843E-02  2.3617E+02  2.3580E+02  3.6423E-01
2.2845E-02  3.9274E+02  3.9238E+02  3.6423E-01
2.2847E-02  1.0373E+03  1.0369E+03  3.6423E-01
2.2850E-02  5.7525E+05  5.7525E+05  3.6423E-01
2.2853E-02  2.6297E+05  2.6297E+05  3.6423E-01
2.2855E-02  6.2535E+02  6.2498E+02  3.6423E-01
2.2858E-02  2.8719E+02  2.8683E+02  3.6423E-01
2.2860E-02  1.9620E+02  1.9583E+02  3.6423E-01
2.2863E-02  1.8291E+02  1.8255E+02  3.6423E-01
2.2865E-02  4.1357E+02  4.1320E+02  3.6423E-01
2.2867E-02  1.9838E+02  1.9801E+02  3.6423E-01
2.2870E-02  1.5324E+02  1.5288E+02  3.6423E-01
2.2873E-02  1.3291E+02  1.3254E+02  3.6423E-01
2.2875E-02  1.2555E+02  1.2519E+02  3.6423E-01
2.2878E-02  5.1452E+04  5.1452E+04  3.6423E-01
2.2880E-02  1.1453E+02  1.1416E+02  3.6423E-01
2.2883E-02  1.0579E+02  1.0543E+02  3.6423E-01
2.2885E-02  1.0312E+02  1.0276E+02  3.6423E-01
2.2887E-02  1.0382E+02  1.0346E+02  3.6423E-01
2.2890E-02  1.2939E+02  1.2902E+02  3.6423E-01
2.2892E-02  9.3090E+02  9.3054E+02  3.6423E-01
2.2895E-02  1.0248E+02  1.0211E+02  3.6423E-01
2.2898E-02  9.6851E+01  9.6486E+01  3.6423E-01
2.2900E-02  9.5109E+01  9.4745E+01  3.6423E-01
2.2902E-02  9.4346E+01  9.3981E+01  3.6423E-01
2.2905E-02  9.4127E+01  9.3763E+01  3.6423E-01
2.2908E-02  9.4783E+01  9.4419E+01  3.6423E-01
2.2910E-02  9.7892E+01  9.7527E+01  3.6423E-01
2.2913E-02  1.2408E+02  1.2371E+02  3.6423E-01
2.2915E-02  2.4438E+04  2.4438E+04  3.6423E-01
2.2918E-02  1.0435E+02  1.0399E+02  3.6423E-01
2.2920E-02  9.4746E+01  9.4382E+01  3.6423E-01
2.2922E-02  9.2358E+01  9.1994E+01  3.6423E-01
2.2925E-02  9.1432E+01  9.1068E+01  3.6423E-01
2.2927E-02  9.0863E+01  9.0499E+01  3.6423E-01
2.2930E-02  9.0593E+01  9.0229E+01  3.6423E-01
2.2933E-02  1.1638E+02  1.1601E+02  3.6423E-01
2.2935E-02  9.0170E+01  8.9806E+01  3.6423E-01
2.2937E-02  9.1563E+01  9.1199E+01  3.6423E-01
2.2940E-02  9.1586E+01  9.1222E+01  3.6423E-01
2.2943E-02  8.9706E+01  8.9342E+01  3.6423E-01
2.2945E-02  8.9742E+01  8.9377E+01  3.6423E-01
2.2948E-02  1.1180E+02  1.1143E+02  3.6423E-01
2.2950E-02  8.9446E+01  8.9082E+01  3.6423E-01
2.2953E-02  8.9247E+01  8.8883E+01  3.6423E-01
2.2955E-02  8.9208E+01  8.8844E+01  3.6423E-01
2.2957E-02  8.9090E+01  8.8726E+01  3.6423E-01
2.2960E-02  8.9183E+01  8.8818E+01  3.6423E-01
2.2963E-02  8.9019E+01  8.8655E+01  3.6423E-01
2.2965E-02  8.9692E+01  8.9328E+01  3.6423E-01
2.2968E-02  9.1447E+01  9.1083E+01  3.6423E-01
2.2970E-02  9.5376E+01  9.5012E+01  3.6423E-01
2.2972E-02  8.8831E+01  8.8466E+01  3.6423E-01
2.2975E-02  8.8658E+01  8.8294E+01  3.6423E-01
2.2977E-02  8.8618E+01  8.8254E+01  3.6423E-01
2.2980E-02  8.8583E+01  8.8219E+01  3.6423E-01
2.2983E-02  8.8491E+01  8.8127E+01  3.6423E-01
2.2985E-02  8.8511E+01  8.8147E+01  3.6423E-01
2.2988E-02  8.8410E+01  8.8046E+01  3.6423E-01
2.2990E-02  8.8384E+01  8.8020E+01  3.6423E-01
2.2992E-02  8.8338E+01  8.7974E+01  3.6423E-01
2.2995E-02  8.8295E+01  8.7931E+01  3.6423E-01
2.2998E-02  8.8266E+01  8.7901E+01  3.6423E-01
2.3000E-02  8.8213E+01  8.7849E+01  3.6423E-01
2.3003E-02  8.8177E+01  8.7813E+01  3.6423E-01
2.3005E-02  8.8143E+01  8.7779E+01  3.6423E-01
2.3008E-02  8.8108E+01  8.7744E+01  3.6423E-01
2.3010E-02  8.8076E+01  8.7712E+01  3.6423E-01
2.3012E-02  8.8069E+01  8.7705E+01  3.6423E-01
2.3015E-02  8.8013E+01  8.7649E+01  3.6423E-01
2.3017E-02  8.7979E+01  8.7615E+01  3.6423E-01
2.3020E-02  8.7947E+01  8.7583E+01  3.6423E-01
2.3023E-02  8.7918E+01  8.7554E+01  3.6423E-01
2.3025E-02  8.7885E+01  8.7521E+01  3.6423E-01
2.3027E-02  8.7854E+01  8.7490E+01  3.6423E-01
2.3030E-02  8.8121E+01  8.7757E+01  3.6423E-01
2.3033E-02  8.8031E+01  8.7667E+01  3.6423E-01
2.3035E-02  8.7765E+01  8.7401E+01  3.6423E-01
2.3038E-02  8.7736E+01  8.7372E+01  3.6423E-01
2.3040E-02  8.7707E+01  8.7343E+01  3.6423E-01
2.3043E-02  8.7678E+01  8.7314E+01  3.6423E-01
2.3045E-02  8.7650E+01  8.7286E+01  3.6423E-01
2.3047E-02  8.7619E+01  8.7255E+01  3.6423E-01
2.3050E-02  8.7592E+01  8.7228E+01  3.6423E-01
2.3053E-02  8.7563E+01  8.7199E+01  3.6423E-01
2.3055E-02  8.7541E+01  8.7177E+01  3.6423E-01
2.3058E-02  8.7503E+01  8.7139E+01  3.6423E-01
2.3060E-02  8.7479E+01  8.7115E+01  3.6423E-01
2.3062E-02  8.7446E+01  8.7082E+01  3.6423E-01
2.3065E-02  8.7419E+01  8.7055E+01  3.6423E-01
2.3068E-02  8.7394E+01  8.7030E+01  3.6423E-01
2.3070E-02  8.7364E+01  8.7000E+01  3.6423E-01
2.3073E-02  8.7338E+01  8.6974E+01  3.6423E-01
2.3075E-02  8.7392E+01  8.7027E+01  3.6423E-01
2.3078E-02  8.7285E+01  8.6921E+01  3.6423E-01
2.3080E-02  8.7253E+01  8.6888E+01  3.6423E-01
2.3082E-02  8.7228E+01  8.6863E+01  3.6423E-01
2.3085E-02  8.7199E+01  8.6835E+01  3.6423E-01
2.3088E-02  8.7171E+01  8.6807E+01  3.6423E-01
2.3090E-02  8.7144E+01  8.6780E+01  3.6423E-01
2.3093E-02  8.7118E+01  8.6754E+01  3.6423E-01
2.3095E-02  8.7092E+01  8.6728E+01  3.6423E-01
2.3097E-02  8.7067E+01  8.6703E+01  3.6423E-01
2.3100E-02  8.7040E+01  8.6676E+01  3.6423E-01
2.3102E-02  8.7022E+01  8.6658E+01  3.6423E-01
2.3105E-02  8.7000E+01  8.6636E+01  3.6423E-01
2.3108E-02  8.7012E+01  8.6648E+01  3.6423E-01
2.3110E-02  8.6943E+01  8.6579E+01  3.6423E-01
2.3113E-02  8.7173E+01  8.6809E+01  3.6423E-01
2.3115E-02  8.6915E+01  8.6551E+01  3.6423E-01
2.3117E-02  8.6878E+01  8.6514E+01  3.6423E-01
2.3120E-02  8.6842E+01  8.6477E+01  3.6423E-01
2.3123E-02  8.6829E+01  8.6465E+01  3.6423E-01
2.3125E-02  8.9311E+01  8.8947E+01  3.6423E-01
2.3128E-02  8.6782E+01  8.6417E+01  3.6423E-01
2.3130E-02  8.6735E+01  8.6371E+01  3.6423E-01
2.3133E-02  8.6707E+01  8.6343E+01  3.6423E-01
2.3135E-02  8.6680E+01  8.6316E+01  3.6423E-01
2.3137E-02  8.6657E+01  8.6293E+01  3.6423E-01
2.3140E-02  8.6654E+01  8.6290E+01  3.6423E-01
2.3142E-02  8.6606E+01  8.6242E+01  3.6423E-01
2.3145E-02  8.6593E+01  8.6229E+01  3.6423E-01
2.3148E-02  8.6557E+01  8.6193E+01  3.6423E-01
2.3150E-02  8.6532E+01  8.6167E+01  3.6423E-01
2.3152E-02  8.6507E+01  8.6143E+01  3.6423E-01
2.3155E-02  8.6481E+01  8.6116E+01  3.6423E-01
2.3158E-02  8.6468E+01  8.6104E+01  3.6423E-01
2.3160E-02  8.6439E+01  8.6075E+01  3.6423E-01
2.3163E-02  8.6416E+01  8.6052E+01  3.6423E-01
2.3165E-02  8.6419E+01  8.6054E+01  3.6423E-01
2.3168E-02  8.6410E+01  8.6046E+01  3.6423E-01
2.3170E-02  8.6340E+01  8.5976E+01  3.6423E-01
2.3172E-02  8.6313E+01  8.5949E+01  3.6423E-01
2.3175E-02  8.6288E+01  8.5924E+01  3.6423E-01
2.3178E-02  8.6264E+01  8.5900E+01  3.6423E-01
2.3180E-02  8.6243E+01  8.5878E+01  3.6423E-01
2.3183E-02  8.6229E+01  8.5865E+01  3.6423E-01
2.3185E-02  8.6205E+01  8.5841E+01  3.6423E-01
2.3187E-02  8.6177E+01  8.5812E+01  3.6423E-01
2.3190E-02  8.6163E+01  8.5798E+01  3.6423E-01
2.3192E-02  8.6127E+01  8.5762E+01  3.6423E-01
2.3195E-02  8.6099E+01  8.5734E+01  3.6423E-01
2.3198E-02  8.6082E+01  8.5717E+01  3.6423E-01
2.3200E-02  8.6075E+01  8.5711E+01  3.6423E-01
2.3203E-02  8.6040E+01  8.5676E+01  3.6423E-01
2.3205E-02  8.6024E+01  8.5660E+01  3.6423E-01
2.3207E-02  8.6021E+01  8.5657E+01  3.6423E-01
2.3210E-02  8.5974E+01  8.5610E+01  3.6423E-01
2.3213E-02  8.5959E+01  8.5594E+01  3.6423E-01
2.3215E-02  8.5929E+01  8.5564E+01  3.6423E-01
2.3218E-02  8.5932E+01  8.5568E+01  3.6423E-01
2.3220E-02  1.0420E+02  1.0384E+02  3.6423E-01
2.3223E-02  8.5868E+01  8.5504E+01  3.6423E-01
2.3225E-02  8.5856E+01  8.5491E+01  3.6423E-01
2.3227E-02  8.5820E+01  8.5456E+01  3.6423E-01
2.3230E-02  8.5796E+01  8.5431E+01  3.6423E-01
2.3233E-02  8.5757E+01  8.5393E+01  3.6423E-01
2.3235E-02  8.5735E+01  8.5371E+01  3.6423E-01
2.3238E-02  8.5713E+01  8.5349E+01  3.6423E-01
2.3240E-02  8.6129E+01  8.5764E+01  3.6423E-01
2.3242E-02  8.5702E+01  8.5337E+01  3.6423E-01
2.3245E-02  8.5689E+01  8.5325E+01  3.6423E-01
2.3248E-02  8.5654E+01  8.5290E+01  3.6423E-01
2.3250E-02  8.7284E+01  8.6920E+01  3.6423E-01
2.3253E-02  8.5605E+01  8.5241E+01  3.6423E-01
2.3255E-02  8.5568E+01  8.5203E+01  3.6423E-01
2.3258E-02  8.5542E+01  8.5178E+01  3.6423E-01
2.3260E-02  8.5525E+01  8.5160E+01  3.6423E-01
2.3262E-02  8.5507E+01  8.5143E+01  3.6423E-01
2.3265E-02  8.5865E+01  8.5501E+01  3.6423E-01
2.3267E-02  8.5560E+01  8.5195E+01  3.6423E-01
2.3270E-02  8.5493E+01  8.5129E+01  3.6423E-01
2.3273E-02  8.5474E+01  8.5110E+01  3.6423E-01
2.3275E-02  8.5419E+01  8.5055E+01  3.6423E-01
2.3277E-02  8.5393E+01  8.5029E+01  3.6423E-01
2.3280E-02  8.5362E+01  8.4998E+01  3.6423E-01
2.3282E-02  8.5360E+01  8.4995E+01  3.6423E-01
2.3285E-02  8.5474E+01  8.5109E+01  3.6423E-01
2.3288E-02  8.5381E+01  8.5016E+01  3.6423E-01
2.3290E-02  8.5431E+01  8.5067E+01  3.6423E-01
2.3293E-02  8.5362E+01  8.4998E+01  3.6423E-01
2.3295E-02  8.6043E+01  8.5679E+01  3.6423E-01
2.3297E-02  1.1370E+02  1.1334E+02  3.6423E-01
2.3300E-02  1.0160E+02  1.0124E+02  3.6423E-01
2.3303E-02  9.1600E+01  9.1235E+01  3.6423E-01
2.3305E-02  8.5411E+01  8.5047E+01  3.6423E-01
2.3308E-02  8.5674E+01  8.5310E+01  3.6423E-01
2.3310E-02  8.5699E+01  8.5335E+01  3.6423E-01
2.3312E-02  1.1354E+02  1.1318E+02  3.6423E-01
2.3315E-02  8.5947E+01  8.5583E+01  3.6423E-01
2.3317E-02  9.2497E+01  9.2133E+01  3.6423E-01
2.3320E-02  2.7912E+02  2.7876E+02  3.6423E-01
2.3323E-02  1.6142E+03  1.6139E+03  3.6423E-01
2.3325E-02  8.7864E+01  8.7500E+01  3.6423E-01
2.3328E-02  8.5961E+01  8.5597E+01  3.6423E-01
2.3330E-02  3.6156E+02  3.6120E+02  3.6423E-01
2.3332E-02  3.4825E+02  3.4788E+02  3.6423E-01
2.3335E-02  8.5197E+01  8.4833E+01  3.6423E-01
2.3338E-02  8.5055E+01  8.4691E+01  3.6423E-01
2.3340E-02  8.5092E+01  8.4728E+01  3.6423E-01
2.3343E-02  8.7933E+01  8.7568E+01  3.6423E-01
2.3345E-02  8.5239E+01  8.4874E+01  3.6423E-01
2.3348E-02  8.6322E+01  8.5958E+01  3.6423E-01
2.3350E-02  8.5369E+01  8.5004E+01  3.6423E-01
2.3352E-02  8.4981E+01  8.4616E+01  3.6423E-01
2.3355E-02  8.4968E+01  8.4604E+01  3.6423E-01
2.3358E-02  8.6095E+01  8.5730E+01  3.6423E-01
2.3360E-02  8.7117E+01  8.6753E+01  3.6423E-01
2.3363E-02  8.5020E+01  8.4656E+01  3.6423E-01
2.3365E-02  8.5332E+01  8.4967E+01  3.6423E-01
2.3367E-02  8.5001E+01  8.4636E+01  3.6423E-01
2.3370E-02  8.8020E+01  8.7656E+01  3.6423E-01
2.3373E-02  8.5378E+01  8.5014E+01  3.6423E-01
2.3375E-02  9.5308E+01  9.4944E+01  3.6423E-01
2.3378E-02  9.0944E+01  9.0580E+01  3.6423E-01
2.3380E-02  1.1956E+02  1.1919E+02  3.6423E-01
2.3383E-02  8.6374E+01  8.6010E+01  3.6423E-01
2.3385E-02  8.5164E+01  8.4799E+01  3.6423E-01
2.3387E-02  8.4941E+01  8.4576E+01  3.6423E-01
2.3390E-02  8.4898E+01  8.4533E+01  3.6423E-01
2.3393E-02  8.5025E+01  8.4661E+01  3.6423E-01
2.3395E-02  8.5054E+01  8.4690E+01  3.6423E-01
2.3398E-02  8.4843E+01  8.4479E+01  3.6423E-01
2.3400E-02  8.4839E+01  8.4475E+01  3.6423E-01
2.3402E-02  8.4859E+01  8.4494E+01  3.6423E-01
2.3405E-02  8.4859E+01  8.4495E+01  3.6423E-01
2.3407E-02  8.4886E+01  8.4522E+01  3.6423E-01
2.3410E-02  8.4929E+01  8.4565E+01  3.6423E-01
2.3413E-02  8.4997E+01  8.4632E+01  3.6423E-01
2.3415E-02  8.5181E+01  8.4817E+01  3.6423E-01
2.3418E-02  8.6720E+01  8.6355E+01  3.6423E-01
2.3420E-02  9.2320E+01  9.1956E+01  3.6423E-01
2.3422E-02  8.5456E+01  8.5092E+01  3.6423E-01
2.3425E-02  8.5883E+01  8.5519E+01  3.6423E-01
2.3428E-02  9.3806E+01  9.3442E+01  3.6423E-01
2.3430E-02  8.5516E+01  8.5151E+01  3.6423E-01
2.3433E-02  8.5546E+01  8.5181E+01  3.6423E-01
2.3435E-02  8.5658E+01  8.5294E+01  3.6423E-01
2.3438E-02  8.5839E+01  8.5475E+01  3.6423E-01
2.3440E-02  8.5970E+01  8.5606E+01  3.6423E-01
2.3442E-02  8.6224E+01  8.5860E+01  3.6423E-01
2.3445E-02  8.6539E+01  8.6175E+01  3.6423E-01
2.3448E-02  8.6889E+01  8.6525E+01  3.6423E-01
2.3450E-02  8.7347E+01  8.6982E+01  3.6423E-01
2.3453E-02  8.8381E+01  8.8016E+01  3.6423E-01
2.3455E-02  8.9551E+01  8.9187E+01  3.6423E-01
2.3457E-02  9.4323E+01  9.3959E+01  3.6423E-01
2.3460E-02  9.0116E+01  8.9752E+01  3.6423E-01
2.3463E-02  8.6794E+01  8.6430E+01  3.6423E-01
2.3465E-02  8.6948E+01  8.6584E+01  3.6423E-01
2.3468E-02  8.7096E+01  8.6732E+01  3.6423E-01
2.3470E-02  8.7324E+01  8.6960E+01  3.6423E-01
2.3473E-02  8.8433E+01  8.8069E+01  3.6423E-01
2.3475E-02  8.8116E+01  8.7751E+01  3.6423E-01
2.3477E-02  8.8569E+01  8.8205E+01  3.6423E-01
2.3480E-02  8.8956E+01  8.8592E+01  3.6423E-01
2.3483E-02  8.9518E+01  8.9154E+01  3.6423E-01
2.3485E-02  9.0319E+01  8.9955E+01  3.6423E-01
2.3488E-02  9.1294E+01  9.0929E+01  3.6423E-01
2.3490E-02  9.2571E+01  9.2207E+01  3.6423E-01
2.3492E-02  9.4341E+01  9.3977E+01  3.6423E-01
2.3495E-02  9.7068E+01  9.6704E+01  3.6423E-01
2.3497E-02  9.9242E+01  9.8878E+01  3.6423E-01
2.3500E-02  1.0276E+02  1.0240E+02  3.6423E-01
2.3503E-02  1.0789E+02  1.0752E+02  3.6423E-01
2.3505E-02  1.1526E+02  1.1489E+02  3.6423E-01
2.3508E-02  1.2612E+02  1.2575E+02  3.6423E-01
2.3510E-02  1.4284E+02  1.4248E+02  3.6423E-01
2.3512E-02  1.7349E+02  1.7312E+02  3.6423E-01
2.3515E-02  2.2901E+02  2.2865E+02  3.6423E-01
2.3518E-02  3.4998E+02  3.4962E+02  3.6423E-01
2.3520E-02  6.9275E+02  6.9238E+02  3.6423E-01
2.3523E-02  2.4524E+03  2.4520E+03  3.6423E-01
2.3525E-02  1.2373E+05  1.2373E+05  3.6423E-01
2.3527E-02  9.3826E+03  9.3822E+03  3.6423E-01
2.3530E-02  6.0621E+03  6.0617E+03  3.6423E-01
2.3532E-02  4.5151E+02  4.5115E+02  3.6423E-01
2.3535E-02  3.5222E+02  3.5186E+02  3.6423E-01
2.3538E-02  2.3810E+02  2.3773E+02  3.6423E-01
2.3540E-02  1.8042E+02  1.8006E+02  3.6423E-01
2.3543E-02  1.4900E+02  1.4864E+02  3.6423E-01
2.3545E-02  1.3020E+02  1.2984E+02  3.6423E-01
2.3547E-02  1.1820E+02  1.1783E+02  3.6423E-01
2.3550E-02  1.1020E+02  1.0983E+02  3.6423E-01
2.3553E-02  1.0427E+02  1.0391E+02  3.6423E-01
2.3555E-02  1.0034E+02  9.9975E+01  3.6423E-01
2.3558E-02  9.7460E+01  9.7096E+01  3.6423E-01
2.3560E-02  9.4872E+01  9.4507E+01  3.6423E-01
2.3563E-02  1.3402E+03  1.3398E+03  3.6423E-01
2.3565E-02  9.1549E+01  9.1184E+01  3.6423E-01
2.3567E-02  9.0358E+01  8.9994E+01  3.6423E-01
2.3570E-02  8.9193E+01  8.8829E+01  3.6423E-01
2.3573E-02  8.8385E+01  8.8021E+01  3.6423E-01
2.3575E-02  8.7712E+01  8.7348E+01  3.6423E-01
2.3578E-02  8.7142E+01  8.6778E+01  3.6423E-01
2.3580E-02  8.6679E+01  8.6315E+01  3.6423E-01
2.3582E-02  8.6268E+01  8.5904E+01  3.6423E-01
2.3585E-02  8.5906E+01  8.5542E+01  3.6423E-01
2.3587E-02  8.5633E+01  8.5269E+01  3.6423E-01
2.3590E-02  8.5406E+01  8.5041E+01  3.6423E-01
2.3593E-02  8.5087E+01  8.4722E+01  3.6423E-01
2.3595E-02  8.4904E+01  8.4540E+01  3.6423E-01
2.3598E-02  8.4760E+01  8.4396E+01  3.6423E-01
2.3600E-02  8.4520E+01  8.4156E+01  3.6423E-01
2.3602E-02  8.4480E+01  8.4116E+01  3.6423E-01
2.3605E-02  8.4323E+01  8.3959E+01  3.6423E-01
2.3608E-02  8.4481E+01  8.4117E+01  3.6423E-01
2.3610E-02  8.4964E+01  8.4599E+01  3.6423E-01
2.3613E-02  8.4289E+01  8.3925E+01  3.6423E-01
2.3615E-02  8.6361E+01  8.5997E+01  3.6423E-01
2.3617E-02  8.3836E+01  8.3471E+01  3.6423E-01
2.3620E-02  8.3727E+01  8.3363E+01  3.6423E-01
2.3622E-02  8.3921E+01  8.3557E+01  3.6423E-01
2.3625E-02  9.6243E+01  9.5879E+01  3.6423E-01
2.3628E-02  8.4824E+01  8.4459E+01  3.6423E-01
2.3630E-02  8.5180E+01  8.4816E+01  3.6423E-01
2.3633E-02  8.5620E+01  8.5255E+01  3.6423E-01
2.3635E-02  8.3381E+01  8.3016E+01  3.6423E-01
2.3637E-02  8.3223E+01  8.2859E+01  3.6423E-01
2.3640E-02  8.3179E+01  8.2815E+01  3.6423E-01
2.3643E-02  8.3178E+01  8.2814E+01  3.6423E-01
2.3645E-02  8.3198E+01  8.2833E+01  3.6423E-01
2.3648E-02  8.3050E+01  8.2686E+01  3.6423E-01
2.3650E-02  8.3405E+01  8.3041E+01  3.6423E-01
2.3652E-02  8.3004E+01  8.2640E+01  3.6423E-01
2.3655E-02  8.3808E+01  8.3444E+01  3.6423E-01
2.3657E-02  8.3315E+01  8.2950E+01  3.6423E-01
2.3660E-02  1.0685E+02  1.0649E+02  3.6423E-01
2.3663E-02  8.4467E+01  8.4103E+01  3.6423E-01
2.3665E-02  8.3931E+01  8.3567E+01  3.6423E-01
2.3668E-02  8.0473E+02  8.0436E+02  3.6423E-01
2.3670E-02  8.8879E+01  8.8515E+01  3.6423E-01
2.3672E-02  8.3166E+01  8.2802E+01  3.6423E-01
2.3675E-02  8.4153E+01  8.3788E+01  3.6423E-01
2.3678E-02  8.2767E+01  8.2403E+01  3.6423E-01
2.3680E-02  8.2770E+01  8.2406E+01  3.6423E-01
2.3683E-02  8.2967E+01  8.2603E+01  3.6423E-01
2.3685E-02  8.3272E+01  8.2908E+01  3.6423E-01
2.3688E-02  8.2869E+01  8.2505E+01  3.6423E-01
2.3690E-02  8.3936E+01  8.3571E+01  3.6423E-01
2.3692E-02  8.4898E+01  8.4533E+01  3.6423E-01
2.3695E-02  8.2736E+01  8.2372E+01  3.6423E-01
2.3698E-02  8.3482E+01  8.3118E+01  3.6423E-01
2.3700E-02  8.3075E+01  8.2711E+01  3.6423E-01
2.3703E-02  8.2894E+01  8.2529E+01  3.6423E-01
2.3705E-02  8.3888E+01  8.3523E+01  3.6423E-01
2.3707E-02  8.3030E+01  8.2665E+01  3.6423E-01
2.3710E-02  8.2904E+01  8.2540E+01  3.6423E-01
2.3712E-02  8.2805E+01  8.2441E+01  3.6423E-01
2.3715E-02  8.3356E+01  8.2992E+01  3.6423E-01
2.3718E-02  8.2882E+01  8.2518E+01  3.6423E-01
2.3720E-02  8.3003E+01  8.2639E+01  3.6423E-01
2.3723E-02  8.3002E+01  8.2637E+01  3.6423E-01
2.3725E-02  8.3082E+01  8.2718E+01  3.6423E-01
2.3727E-02  8.3208E+01  8.2844E+01  3.6423E-01
2.3730E-02  8.3444E+01  8.3080E+01  3.6423E-01
2.3733E-02  1.2562E+03  1.2558E+03  3.6423E-01
2.3735E-02  8.4884E+01  8.4520E+01  3.6423E-01
2.3738E-02  5.7903E+03  5.7899E+03  3.6423E-01
2.3740E-02  8.6622E+01  8.6257E+01  3.6423E-01
2.3742E-02  4.0669E+02  4.0632E+02  3.6423E-01
2.3745E-02  8.5442E+01  8.5077E+01  3.6423E-01
2.3747E-02  8.4523E+01  8.4158E+01  3.6423E-01
2.3750E-02  8.4772E+01  8.4407E+01  3.6423E-01
2.3753E-02  8.5317E+01  8.4953E+01  3.6423E-01
2.3755E-02  8.6237E+01  8.5872E+01  3.6423E-01
2.3758E-02  8.8558E+01  8.8194E+01  3.6423E-01
2.3760E-02  1.1935E+02  1.1899E+02  3.6423E-01
2.3762E-02  3.5585E+03  3.5582E+03  3.6423E-01
2.3765E-02  1.5031E+02  1.4994E+02  3.6423E-01
2.3768E-02  7.6252E+04  7.6252E+04  3.6423E-01
2.3770E-02  2.4755E+04  2.4754E+04  3.6423E-01
2.3773E-02  2.1359E+02  2.1323E+02  3.6423E-01
2.3775E-02  2.3299E+02  2.3263E+02  3.6423E-01
2.3778E-02  2.0978E+02  2.0942E+02  3.6423E-01
2.3780E-02  9.5525E+01  9.5161E+01  3.6423E-01
2.3782E-02  9.1372E+01  9.1008E+01  3.6423E-01
2.3785E-02  9.4145E+01  9.3781E+01  3.6423E-01
2.3788E-02  9.1623E+01  9.1259E+01  3.6423E-01
2.3790E-02  9.7895E+01  9.7531E+01  3.6423E-01
2.3793E-02  1.2146E+02  1.2110E+02  3.6423E-01
2.3795E-02  7.5197E+02  7.5160E+02  3.6423E-01
2.3797E-02  9.9530E+01  9.9166E+01  3.6423E-01
2.3800E-02  9.6990E+01  9.6626E+01  3.6423E-01
2.3802E-02  9.9190E+01  9.8826E+01  3.6423E-01
2.3805E-02  1.0426E+02  1.0389E+02  3.6423E-01
2.3808E-02  1.0655E+02  1.0619E+02  3.6423E-01
2.3810E-02  1.1183E+02  1.1146E+02  3.6423E-01
2.3813E-02  1.2144E+02  1.2108E+02  3.6423E-01
2.3815E-02  1.3118E+02  1.3082E+02  3.6423E-01
2.3817E-02  1.5336E+02  1.5300E+02  3.6423E-01
2.3820E-02  1.7636E+02  1.7600E+02  3.6423E-01
2.3823E-02  2.2397E+02  2.2361E+02  3.6423E-01
2.3825E-02  3.1420E+02  3.1384E+02  3.6423E-01
2.3828E-02  5.2050E+02  5.2014E+02  3.6423E-01
2.3830E-02  1.1162E+03  1.1158E+03  3.6423E-01
2.3832E-02  4.0348E+03  4.0344E+03  3.6423E-01
2.3835E-02  3.1617E+04  3.1617E+04  3.6423E-01
2.3837E-02  2.5912E+04  2.5912E+04  3.6423E-01
2.3840E-02  3.3942E+03  3.3938E+03  3.6423E-01
2.3843E-02  1.0169E+03  1.0165E+03  3.6423E-01
2.3845E-02  4.9819E+02  4.9782E+02  3.6423E-01
2.3848E-02  3.3326E+02  3.3290E+02  3.6423E-01
2.3850E-02  2.2299E+02  2.2263E+02  3.6423E-01
2.3852E-02  1.7323E+02  1.7286E+02  3.6423E-01
2.3855E-02  1.4658E+02  1.4622E+02  3.6423E-01
2.3858E-02  1.2995E+02  1.2959E+02  3.6423E-01
2.3860E-02  1.1948E+02  1.1911E+02  3.6423E-01
2.3863E-02  1.1093E+02  1.1057E+02  3.6423E-01
2.3865E-02  1.1667E+02  1.1631E+02  3.6423E-01
2.3867E-02  1.0391E+02  1.0355E+02  3.6423E-01
2.3870E-02  9.8457E+01  9.8093E+01  3.6423E-01
2.3872E-02  9.6053E+01  9.5689E+01  3.6423E-01
2.3875E-02  9.4772E+01  9.4408E+01  3.6423E-01
2.3878E-02  9.3760E+01  9.3395E+01  3.6423E-01
2.3880E-02  9.3890E+01  9.3525E+01  3.6423E-01
2.3883E-02  9.6319E+01  9.5955E+01  3.6423E-01
2.3885E-02  1.0918E+02  1.0881E+02  3.6423E-01
2.3887E-02  2.3617E+02  2.3580E+02  3.6423E-01
2.3890E-02  5.5216E+02  5.5179E+02  3.6423E-01
2.3892E-02  1.0841E+02  1.0805E+02  3.6423E-01
2.3895E-02  9.4221E+01  9.3857E+01  3.6423E-01
2.3898E-02  9.0525E+01  9.0160E+01  3.6423E-01
2.3900E-02  8.9267E+01  8.8902E+01  3.6423E-01
2.3903E-02  8.9239E+01  8.8875E+01  3.6423E-01
2.3905E-02  9.0304E+01  8.9940E+01  3.6423E-01
2.3907E-02  9.5426E+01  9.5062E+01  3.6423E-01
2.3910E-02  1.4144E+02  1.4108E+02  3.6423E-01
2.3913E-02  4.1489E+03  4.1486E+03  3.6423E-01
2.3915E-02  1.1779E+02  1.1742E+02  3.6423E-01
2.3918E-02  4.9011E+04  4.9011E+04  3.6423E-01
2.3920E-02  9.9600E+01  9.9235E+01  3.6423E-01
2.3922E-02  1.0266E+02  1.0229E+02  3.6423E-01
2.3925E-02  1.4316E+02  1.4279E+02  3.6423E-01
2.3927E-02  9.4241E+01  9.3877E+01  3.6423E-01
2.3930E-02  7.0270E+02  7.0234E+02  3.6423E-01
2.3933E-02  8.9789E+01  8.9425E+01  3.6423E-01
2.3935E-02  2.7516E+02  2.7479E+02  3.6423E-01
2.3938E-02  1.4949E+02  1.4912E+02  3.6423E-01
2.3940E-02  1.1369E+02  1.1332E+02  3.6423E-01
2.3942E-02  9.8759E+01  9.8395E+01  3.6423E-01
2.3945E-02  8.8625E+01  8.8261E+01  3.6423E-01
2.3948E-02  8.8132E+01  8.7768E+01  3.6423E-01
2.3950E-02  8.8234E+01  8.7870E+01  3.6423E-01
2.3953E-02  8.8622E+01  8.8257E+01  3.6423E-01
2.3955E-02  8.9328E+01  8.8964E+01  3.6423E-01
2.3957E-02  9.0071E+01  8.9707E+01  3.6423E-01
2.3960E-02  9.0927E+01  9.0563E+01  3.6423E-01
2.3962E-02  9.2347E+01  9.1982E+01  3.6423E-01
2.3965E-02  9.3813E+01  9.3449E+01  3.6423E-01
2.3968E-02  9.5765E+01  9.5401E+01  3.6423E-01
2.3970E-02  9.8358E+01  9.7993E+01  3.6423E-01
2.3973E-02  1.0155E+02  1.0119E+02  3.6423E-01
2.3975E-02  1.0571E+02  1.0535E+02  3.6423E-01
2.3977E-02  1.1158E+02  1.1122E+02  3.6423E-01
2.3980E-02  1.1958E+02  1.1921E+02  3.6423E-01
2.3983E-02  1.3067E+02  1.3031E+02  3.6423E-01
2.3985E-02  1.4809E+02  1.4773E+02  3.6423E-01
2.3988E-02  1.7549E+02  1.7512E+02  3.6423E-01
2.3990E-02  2.2156E+02  2.2120E+02  3.6423E-01
2.3992E-02  3.0940E+02  3.0904E+02  3.6423E-01
2.3995E-02  4.9072E+02  4.9036E+02  3.6423E-01
2.3997E-02  9.7564E+02  9.7528E+02  3.6423E-01
2.4000E-02  2.8058E+03  2.8055E+03  3.6423E-01
2.4010E-02  1.2608E+03  1.2604E+03  3.6423E-01
2.4020E-02  1.8805E+02  1.8769E+02  3.6423E-01
2.4030E-02  1.1689E+02  1.1653E+02  3.6423E-01
2.4040E-02  1.0201E+02  1.0164E+02  3.6423E-01
2.4050E-02  7.0709E+03  7.0705E+03  3.6423E-01
2.4060E-02  9.8950E+01  9.8586E+01  3.6423E-01
2.4070E-02  1.0392E+02  1.0355E+02  3.6423E-01
2.4080E-02  1.2298E+02  1.2261E+02  3.6423E-01
2.4090E-02  2.0947E+02  2.0910E+02  3.6423E-01
2.4100E-02  1.5296E+03  1.5292E+03  3.6423E-01
2.4110E-02  1.7780E+03  1.7777E+03  3.6423E-01
2.4120E-02  2.3202E+02  2.3165E+02  3.6423E-01
2.4130E-02  1.4104E+02  1.4067E+02  3.6423E-01
2.4140E-02  1.3211E+02  1.3175E+02  3.6423E-01
2.4150E-02  1.6269E+02  1.6232E+02  3.6423E-01
2.4160E-02  3.7237E+02  3.7201E+02  3.6423E-01
2.4170E-02  4.6648E+03  4.6644E+03  3.6423E-01
2.4180E-02  5.0058E+02  5.0022E+02  3.6423E-01
2.4190E-02  2.1673E+02  2.1637E+02  3.6423E-01
2.4200E-02  2.5287E+02  2.5251E+02  3.6423E-01
2.4210E-02  9.3472E+02  9.3436E+02  3.6423E-01
2.4220E-02  1.3950E+03  1.3946E+03  3.6423E-01
2.4230E-02  3.6597E+02  3.6561E+02  3.6423E-01
2.4240E-02  5.7330E+02  5.7293E+02  3.6423E-01
2.4250E-02  1.3893E+03  1.3889E+03  3.6423E-01
2.4260E-02  6.2178E+02  6.2141E+02  3.6423E-01
2.4270E-02  7.1617E+02  7.1580E+02  3.6423E-01
2.4280E-02  8.5610E+02  8.5573E+02  3.6423E-01
2.4290E-02  8.5699E+02  8.5662E+02  3.6423E-01
2.4300E-02  8.5404E+02  8.5368E+02  3.6423E-01
2.4310E-02  8.5214E+02  8.5177E+02  3.6423E-01
2.4320E-02  8.5132E+02  8.5095E+02  3.6423E-01
2.4330E-02  8.5016E+02  8.4980E+02  3.6423E-01
2.4340E-02  8.4952E+02  8.4915E+02  3.6423E-01
2.4350E-02  8.4899E+02  8.4863E+02  3.6423E-01
2.4360E-02  8.4856E+02  8.4819E+02  3.6423E-01
2.4370E-02  8.4818E+02  8.4782E+02  3.6423E-01
2.4380E-02  8.4785E+02  8.4749E+02  3.6423E-01
2.4390E-02  8.4757E+02  8.4720E+02  3.6423E-01
2.4400E-02  8.4733E+02  8.4696E+02  3.6422E-01
2.4410E-02  8.4785E+02  8.4748E+02  3.6422E-01
2.4420E-02  8.4727E+02  8.4690E+02  3.6422E-01
2.4430E-02  8.6126E+02  8.6089E+02  3.6422E-01
2.4440E-02  8.4636E+02  8.4600E+02  3.6422E-01
2.4450E-02  8.4602E+02  8.4565E+02  3.6422E-01
2.4460E-02  8.4577E+02  8.4540E+02  3.6422E-01
2.4470E-02  8.4554E+02  8.4517E+02  3.6422E-01
2.4480E-02  8.4532E+02  8.4495E+02  3.6422E-01
2.4490E-02  8.4515E+02  8.4478E+02  3.6422E-01
2.4500E-02  8.4510E+02  8.4474E+02  3.6422E-01
2.4510E-02  8.4555E+02  8.4518E+02  3.6422E-01
2.4520E-02  8.5008E+02  8.4972E+02  3.6422E-01
2.4530E-02  9.4948E+02  9.4912E+02  3.6422E-01
2.4540E-02  9.0201E+02  9.0165E+02  3.6422E-01
2.4550E-02  8.5271E+02  8.5234E+02  3.6422E-01
2.4560E-02  8.4832E+02  8.4795E+02  3.6422E-01
2.4570E-02  8.4548E+02  8.4511E+02  3.6422E-01
2.4580E-02  8.4269E+02  8.4233E+02  3.6422E-01
2.4590E-02  8.4216E+02  8.4180E+02  3.6422E-01
2.4600E-02  8.4177E+02  8.4141E+02  3.6422E-01
2.4610E-02  8.4144E+02  8.4107E+02  3.6422E-01
2.4620E-02  8.4136E+02  8.4099E+02  3.6422E-01
2.4630E-02  8.4253E+02  8.4217E+02  3.6422E-01
2.4640E-02  8.4059E+02  8.4022E+02  3.6422E-01
2.4650E-02  8.4004E+02  8.3968E+02  3.6422E-01
2.4660E-02  8.3970E+02  8.3934E+02  3.6422E-01
2.4670E-02  8.3935E+02  8.3898E+02  3.6422E-01
2.4680E-02  8.3904E+02  8.3868E+02  3.6422E-01
2.4690E-02  8.3872E+02  8.3835E+02  3.6422E-01
2.4700E-02  8.3869E+02  8.3833E+02  3.6422E-01
2.4710E-02  8.3816E+02  8.3780E+02  3.6422E-01
2.4720E-02  8.3763E+02  8.3727E+02  3.6422E-01
2.4730E-02  8.3729E+02  8.3693E+02  3.6422E-01
2.4740E-02  8.3692E+02  8.3656E+02  3.6422E-01
2.4750E-02  8.3657E+02  8.3621E+02  3.6422E-01
2.4760E-02  8.3622E+02  8.3586E+02  3.6422E-01
2.4770E-02  8.3589E+02  8.3552E+02  3.6422E-01
2.4780E-02  8.7469E+02  8.7433E+02  3.6422E-01
2.4790E-02  8.4934E+02  8.4897E+02  3.6422E-01
2.4800E-02  8.4453E+02  8.4417E+02  3.6422E-01
2.4810E-02  8.3680E+02  8.3644E+02  3.6422E-01
2.4820E-02  8.4557E+02  8.4521E+02  3.6422E-01
2.4830E-02  8.3374E+02  8.3338E+02  3.6422E-01
2.4840E-02  8.3330E+02  8.3294E+02  3.6422E-01
2.4850E-02  8.3292E+02  8.3255E+02  3.6422E-01
2.4860E-02  8.3347E+02  8.3311E+02  3.6422E-01
2.4870E-02  8.3286E+02  8.3250E+02  3.6422E-01
2.4880E-02  8.3195E+02  8.3158E+02  3.6422E-01
2.4890E-02  8.3388E+02  8.3351E+02  3.6422E-01
2.4900E-02  8.3105E+02  8.3069E+02  3.6422E-01
2.4910E-02  8.3069E+02  8.3032E+02  3.6422E-01
2.4920E-02  8.3026E+02  8.2989E+02  3.6422E-01
2.4930E-02  8.2983E+02  8.2946E+02  3.6422E-01
2.4940E-02  8.2945E+02  8.2908E+02  3.6422E-01
2.4950E-02  8.2917E+02  8.2880E+02  3.6422E-01
2.4960E-02  8.2888E+02  8.2851E+02  3.6422E-01
2.4970E-02  8.2913E+02  8.2876E+02  3.6422E-01
2.4980E-02  8.4230E+02  8.4193E+02  3.6422E-01
2.4990E-02  1.1897E+03  1.1893E+03  3.6422E-01
2.5000E-02  8.2806E+02  8.2770E+02  3.6422E-01
2.5010E-02  8.2689E+02  8.2653E+02  3.6422E-01
2.5020E-02  8.2799E+02  8.2763E+02  3.6422E-01
2.5030E-02  8.2744E+02  8.2707E+02  3.6422E-01
2.5040E-02  8.2663E+02  8.2627E+02  3.6422E-01
2.5050E-02  2.1480E+03  2.1476E+03  3.6422E-01
2.5060E-02  9.6509E+03  9.6506E+03  3.6422E-01
2.5070E-02  9.4285E+02  9.4248E+02  3.6422E-01
2.5080E-02  8.2385E+02  8.2348E+02  3.6422E-01
2.5090E-02  8.2322E+02  8.2286E+02  3.6422E-01
2.5100E-02  8.2274E+02  8.2238E+02  3.6422E-01
2.5110E-02  8.2230E+02  8.2193E+02  3.6422E-01
2.5120E-02  8.2193E+02  8.2157E+02  3.6422E-01
2.5130E-02  8.2277E+02  8.2241E+02  3.6422E-01
2.5140E-02  8.2114E+02  8.2077E+02  3.6422E-01
2.5150E-02  8.2055E+02  8.2018E+02  3.6422E-01
2.5160E-02  8.2013E+02  8.1977E+02  3.6422E-01
2.5170E-02  8.1964E+02  8.1928E+02  3.6422E-01
2.5180E-02  8.1915E+02  8.1879E+02  3.6422E-01
2.5190E-02  8.1870E+02  8.1834E+02  3.6422E-01
2.5200E-02  8.1826E+02  8.1790E+02  3.6422E-01
2.5210E-02  8.1780E+02  8.1743E+02  3.6422E-01
2.5220E-02  8.1735E+02  8.1698E+02  3.6422E-01
2.5230E-02  8.1689E+02  8.1653E+02  3.6422E-01
2.5240E-02  8.1644E+02  8.1607E+02  3.6422E-01
2.5250E-02  8.1601E+02  8.1564E+02  3.6422E-01
2.5260E-02  8.1557E+02  8.1521E+02  3.6422E-01
2.5270E-02  8.1508E+02  8.1471E+02  3.6422E-01
2.5280E-02  8.1531E+02  8.1495E+02  3.6422E-01
2.5290E-02  8.1431E+02  8.1394E+02  3.6422E-01
2.5300E-02  8.1572E+02  8.1536E+02  3.6422E-01
2.5310E-02  8.1546E+02  8.1510E+02  3.6422E-01
2.5320E-02  8.2475E+02  8.2439E+02  3.6422E-01
2.5330E-02  8.1288E+02  8.1252E+02  3.6422E-01
2.5340E-02  8.1196E+02  8.1159E+02  3.6422E-01
2.5350E-02  8.1136E+02  8.1100E+02  3.6422E-01
2.5360E-02  8.1089E+02  8.1053E+02  3.6422E-01
2.5370E-02  8.1037E+02  8.1000E+02  3.6422E-01
2.5380E-02  8.0989E+02  8.0953E+02  3.6422E-01
2.5390E-02  8.0942E+02  8.0905E+02  3.6422E-01
2.5400E-02  8.4071E+02  8.4035E+02  3.6422E-01
2.5410E-02  8.0849E+02  8.0813E+02  3.6422E-01
2.5420E-02  8.0844E+02  8.0808E+02  3.6422E-01
2.5430E-02  8.0775E+02  8.0739E+02  3.6422E-01
2.5440E-02  8.0716E+02  8.0679E+02  3.6422E-01
2.5450E-02  8.1060E+02  8.1023E+02  3.6422E-01
2.5460E-02  8.0635E+02  8.0599E+02  3.6422E-01
2.5470E-02  8.0574E+02  8.0537E+02  3.6422E-01
2.5480E-02  8.0510E+02  8.0474E+02  3.6422E-01
2.5490E-02  8.0468E+02  8.0432E+02  3.6422E-01
2.5500E-02  8.0415E+02  8.0378E+02  3.6422E-01
2.5510E-02  8.0408E+02  8.0372E+02  3.6422E-01
2.5520E-02  8.0311E+02  8.0274E+02  3.6422E-01
2.5530E-02  8.0270E+02  8.0234E+02  3.6422E-01
2.5540E-02  8.0210E+02  8.0173E+02  3.6422E-01
2.5550E-02  8.0161E+02  8.0124E+02  3.6422E-01
2.5560E-02  8.0112E+02  8.0075E+02  3.6422E-01
2.5570E-02  8.0061E+02  8.0025E+02  3.6422E-01
2.5580E-02  8.0012E+02  7.9976E+02  3.6422E-01
2.5590E-02  7.9963E+02  7.9927E+02  3.6422E-01
2.5600E-02  7.9915E+02  7.9878E+02  3.6422E-01
2.5610E-02  8.0455E+02  8.0418E+02  3.6422E-01
2.5620E-02  7.9928E+02  7.9891E+02  3.6422E-01
2.5630E-02  7.9802E+02  7.9765E+02  3.6422E-01
2.5640E-02  8.0641E+02  8.0605E+02  3.6422E-01
2.5650E-02  7.9808E+02  7.9772E+02  3.6422E-01
2.5660E-02  7.9777E+02  7.9740E+02  3.6422E-01
2.5670E-02  8.1006E+02  8.0969E+02  3.6422E-01
2.5680E-02  8.0005E+02  7.9968E+02  3.6422E-01
2.5690E-02  7.9484E+02  7.9448E+02  3.6422E-01
2.5700E-02  7.9436E+02  7.9400E+02  3.6422E-01
2.5710E-02  1.1677E+03  1.1674E+03  3.6422E-01
2.5720E-02  7.9364E+02  7.9327E+02  3.6422E-01
2.5730E-02  7.9307E+02  7.9270E+02  3.6422E-01
2.5740E-02  7.9203E+02  7.9166E+02  3.6422E-01
2.5750E-02  7.9153E+02  7.9117E+02  3.6422E-01
2.5760E-02  7.9097E+02  7.9060E+02  3.6422E-01
2.5770E-02  7.9046E+02  7.9009E+02  3.6422E-01
2.5780E-02  7.8996E+02  7.8959E+02  3.6422E-01
2.5790E-02  7.8942E+02  7.8906E+02  3.6422E-01
2.5800E-02  7.8906E+02  7.8869E+02  3.6422E-01
2.5810E-02  7.8848E+02  7.8812E+02  3.6422E-01
2.5820E-02  7.8867E+02  7.8831E+02  3.6422E-01
2.5830E-02  1.2470E+03  1.2466E+03  3.6422E-01
2.5840E-02  7.8702E+02  7.8665E+02  3.6422E-01
2.5850E-02  7.8634E+02  7.8597E+02  3.6422E-01
2.5860E-02  7.8577E+02  7.8540E+02  3.6422E-01
2.5870E-02  7.8524E+02  7.8488E+02  3.6422E-01
2.5880E-02  7.8474E+02  7.8437E+02  3.6422E-01
2.5890E-02  7.8418E+02  7.8381E+02  3.6422E-01
2.5900E-02  7.8364E+02  7.8328E+02  3.6422E-01
2.5910E-02  7.8313E+02  7.8277E+02  3.6422E-01
2.5920E-02  7.8259E+02  7.8223E+02  3.6422E-01
2.5930E-02  7.8208E+02  7.8171E+02  3.6422E-01
2.5940E-02  7.8177E+02  7.8141E+02  3.6422E-01
2.5950E-02  7.8115E+02  7.8078E+02  3.6422E-01
2.5960E-02  7.8060E+02  7.8024E+02  3.6422E-01
2.5970E-02  7.8106E+02  7.8070E+02  3.6422E-01
2.5980E-02  7.8026E+02  7.7989E+02  3.6422E-01
2.5990E-02  7.7900E+02  7.7863E+02  3.6422E-01
2.6000E-02  7.7839E+02  7.7803E+02  3.6422E-01
2.6010E-02  7.7811E+02  7.7774E+02  3.6422E-01
2.6020E-02  7.7731E+02  7.7695E+02  3.6422E-01
2.6030E-02  7.7680E+02  7.7644E+02  3.6422E-01
2.6040E-02  7.7647E+02  7.7610E+02  3.6422E-01
2.6050E-02  7.7582E+02  7.7546E+02  3.6422E-01
2.6060E-02  7.7515E+02  7.7479E+02  3.6422E-01
2.6070E-02  7.7478E+02  7.7442E+02  3.6422E-01
2.6080E-02  7.7408E+02  7.7372E+02  3.6422E-01
2.6090E-02  7.7355E+02  7.7319E+02  3.6422E-01
2.6100E-02  7.7303E+02  7.7267E+02  3.6422E-01
2.6110E-02  7.7255E+02  7.7218E+02  3.6422E-01
2.6120E-02  7.7216E+02  7.7179E+02  3.6422E-01
2.6130E-02  7.7364E+02  7.7327E+02  3.6422E-01
2.6140E-02  7.7195E+02  7.7158E+02  3.6422E-01
2.6150E-02  7.7255E+02  7.7219E+02  3.6422E-01
2.6160E-02  7.7108E+02  7.7071E+02  3.6422E-01
2.6170E-02  7.7053E+02  7.7016E+02  3.6422E-01
2.6180E-02  7.6891E+02  7.6855E+02  3.6422E-01
2.6190E-02  7.6846E+02  7.6810E+02  3.6422E-01
2.6200E-02  7.6945E+02  7.6909E+02  3.6422E-01
2.6210E-02  7.6744E+02  7.6707E+02  3.6422E-01
2.6220E-02  7.6721E+02  7.6684E+02  3.6422E-01
2.6230E-02  7.7196E+02  7.7159E+02  3.6422E-01
2.6240E-02  7.7933E+02  7.7896E+02  3.6422E-01
2.6250E-02  7.6592E+02  7.6555E+02  3.6422E-01
2.6260E-02  7.6950E+02  7.6913E+02  3.6422E-01
2.6270E-02  7.6417E+02  7.6381E+02  3.6422E-01
2.6280E-02  7.6593E+02  7.6557E+02  3.6422E-01
2.6290E-02  7.6360E+02  7.6323E+02  3.6422E-01
2.6300E-02  7.6236E+02  7.6200E+02  3.6422E-01
2.6310E-02  7.6178E+02  7.6142E+02  3.6422E-01
2.6320E-02  7.6121E+02  7.6085E+02  3.6422E-01
2.6330E-02  7.6059E+02  7.6022E+02  3.6422E-01
2.6340E-02  7.6000E+02  7.5963E+02  3.6422E-01
2.6350E-02  7.5943E+02  7.5907E+02  3.6422E-01
2.6360E-02  7.5888E+02  7.5851E+02  3.6422E-01
2.6370E-02  7.5833E+02  7.5797E+02  3.6422E-01
2.6380E-02  7.5801E+02  7.5765E+02  3.6422E-01
2.6390E-02  7.5724E+02  7.5687E+02  3.6422E-01
2.6400E-02  7.5671E+02  7.5634E+02  3.6422E-01
2.6410E-02  7.5618E+02  7.5582E+02  3.6422E-01
2.6420E-02  7.5561E+02  7.5525E+02  3.6422E-01
2.6430E-02  7.5505E+02  7.5468E+02  3.6422E-01
2.6440E-02  7.5454E+02  7.5417E+02  3.6422E-01
2.6450E-02  7.5410E+02  7.5373E+02  3.6422E-01
2.6460E-02  7.5844E+02  7.5807E+02  3.6422E-01
2.6470E-02  7.5300E+02  7.5264E+02  3.6422E-01
2.6480E-02  7.5591E+02  7.5554E+02  3.6422E-01
2.6490E-02  7.5205E+02  7.5169E+02  3.6422E-01
2.6500E-02  7.5126E+02  7.5090E+02  3.6422E-01
2.6510E-02  7.5160E+02  7.5124E+02  3.6422E-01
2.6520E-02  7.5011E+02  7.4975E+02  3.6422E-01
2.6530E-02  7.4956E+02  7.4920E+02  3.6422E-01
2.6540E-02  7.4906E+02  7.4870E+02  3.6422E-01
2.6550E-02  7.4858E+02  7.4822E+02  3.6422E-01
2.6560E-02  7.4794E+02  7.4757E+02  3.6422E-01
2.6570E-02  7.4742E+02  7.4705E+02  3.6422E-01
2.6580E-02  7.4699E+02  7.4663E+02  3.6422E-01
2.6590E-02  1.1376E+03  1.1372E+03  3.6422E-01
2.6600E-02  7.4622E+02  7.4585E+02  3.6422E-01
2.6610E-02  7.4729E+02  7.4692E+02  3.6422E-01
2.6620E-02  7.4604E+02  7.4567E+02  3.6422E-01
2.6630E-02  7.4438E+02  7.4401E+02  3.6422E-01
2.6640E-02  7.4395E+02  7.4359E+02  3.6422E-01
2.6650E-02  2.7765E+03  2.7761E+03  3.6422E-01
2.6660E-02  7.8248E+02  7.8212E+02  3.6422E-01
2.6670E-02  7.4362E+02  7.4326E+02  3.6422E-01
2.6680E-02  7.6167E+02  7.6131E+02  3.6422E-01
2.6690E-02  5.8103E+03  5.8100E+03  3.6422E-01
2.6700E-02  7.4781E+02  7.4745E+02  3.6422E-01
2.6710E-02  7.4139E+02  7.4102E+02  3.6422E-01
2.6720E-02  7.4053E+02  7.4016E+02  3.6422E-01
2.6730E-02  7.6382E+02  7.6346E+02  3.6422E-01
2.6740E-02  7.4620E+02  7.4584E+02  3.6422E-01
2.6750E-02  1.9099E+03  1.9095E+03  3.6422E-01
2.6760E-02  7.3864E+02  7.3828E+02  3.6422E-01
2.6770E-02  7.3684E+02  7.3648E+02  3.6422E-01
2.6780E-02  7.3605E+02  7.3569E+02  3.6422E-01
2.6790E-02  7.3544E+02  7.3508E+02  3.6422E-01
2.6800E-02  7.3481E+02  7.3445E+02  3.6422E-01
2.6810E-02  7.4159E+02  7.4122E+02  3.6422E-01
2.6820E-02  7.3369E+02  7.3333E+02  3.6422E-01
2.6830E-02  7.3343E+02  7.3307E+02  3.6422E-01
2.6840E-02  7.3652E+02  7.3615E+02  3.6422E-01
2.6850E-02  7.3481E+02  7.3444E+02  3.6422E-01
2.6860E-02  7.3274E+02  7.3238E+02  3.6422E-01
2.6870E-02  7.3185E+02  7.3149E+02  3.6422E-01
2.6880E-02  7.3103E+02  7.3067E+02  3.6422E-01
2.6890E-02  7.3024E+02  7.2988E+02  3.6422E-01
2.6900E-02  7.3050E+02  7.3013E+02  3.6422E-01
2.6910E-02  7.5486E+02  7.5449E+02  3.6422E-01
2.6920E-02  7.3275E+02  7.3238E+02  3.6422E-01
2.6930E-02  7.2916E+02  7.2880E+02  3.6422E-01
2.6940E-02  7.2859E+02  7.2823E+02  3.6422E-01
2.6950E-02  7.2826E+02  7.2789E+02  3.6422E-01
2.6960E-02  7.2825E+02  7.2789E+02  3.6422E-01
2.6970E-02  1.2280E+03  1.2276E+03  3.6422E-01
2.6980E-02  7.2861E+02  7.2824E+02  3.6422E-01
2.6990E-02  2.5617E+03  2.5614E+03  3.6422E-01
2.7000E-02  7.2737E+02  7.2700E+02  3.6422E-01
2.7010E-02  7.2696E+02  7.2659E+02  3.6422E-01
2.7020E-02  7.2676E+02  7.2639E+02  3.6422E-01
2.7030E-02  7.8448E+02  7.8412E+02  3.6422E-01
2.7040E-02  7.2598E+02  7.2561E+02  3.6422E-01
2.7050E-02  7.2556E+02  7.2520E+02  3.6422E-01
2.7060E-02  7.5915E+02  7.5878E+02  3.6422E-01
2.7070E-02  7.2440E+02  7.2404E+02  3.6422E-01
2.7080E-02  7.2389E+02  7.2352E+02  3.6422E-01
2.7090E-02  7.2327E+02  7.2290E+02  3.6422E-01
2.7100E-02  3.1675E+03  3.1672E+03  3.6422E-01
2.7110E-02  7.2312E+02  7.2276E+02  3.6422E-01
2.7120E-02  7.3838E+02  7.3801E+02  3.6422E-01
2.7130E-02  7.2154E+02  7.2117E+02  3.6422E-01
2.7140E-02  7.2060E+02  7.2023E+02  3.6422E-01
2.7150E-02  7.2901E+02  7.2865E+02  3.6422E-01
2.7160E-02  7.1935E+02  7.1898E+02  3.6422E-01
2.7170E-02  7.1919E+02  7.1883E+02  3.6422E-01
2.7180E-02  7.1861E+02  7.1824E+02  3.6422E-01
2.7190E-02  2.3958E+04  2.3958E+04  3.6422E-01
2.7200E-02  7.2991E+02  7.2954E+02  3.6422E-01
2.7210E-02  7.2929E+02  7.2893E+02  3.6422E-01
2.7220E-02  7.1815E+02  7.1779E+02  3.6422E-01
2.7230E-02  7.2188E+02  7.2151E+02  3.6422E-01
2.7240E-02  7.2491E+02  7.2455E+02  3.6422E-01
2.7250E-02  7.3984E+02  7.3947E+02  3.6422E-01
2.7260E-02  7.2724E+02  7.2687E+02  3.6422E-01
2.7270E-02  7.1955E+02  7.1919E+02  3.6422E-01
2.7280E-02  7.2596E+02  7.2559E+02  3.6422E-01
2.7290E-02  7.1487E+02  7.1450E+02  3.6422E-01
2.7300E-02  3.0778E+03  3.0775E+03  3.6422E-01
2.7310E-02  7.1483E+02  7.1447E+02  3.6422E-01
2.7320E-02  1.2972E+03  1.2969E+03  3.6422E-01
2.7330E-02  7.1270E+02  7.1233E+02  3.6422E-01
2.7340E-02  7.0995E+02  7.0959E+02  3.6422E-01
2.7350E-02  7.0904E+02  7.0868E+02  3.6422E-01
2.7360E-02  7.0834E+02  7.0797E+02  3.6422E-01
2.7370E-02  7.0775E+02  7.0739E+02  3.6422E-01
2.7380E-02  7.0721E+02  7.0684E+02  3.6422E-01
2.7390E-02  7.0951E+02  7.0915E+02  3.6422E-01
2.7400E-02  7.0613E+02  7.0576E+02  3.6422E-01
2.7410E-02  7.0667E+02  7.0630E+02  3.6422E-01
2.7420E-02  7.0538E+02  7.0502E+02  3.6422E-01
2.7430E-02  7.0450E+02  7.0414E+02  3.6422E-01
2.7440E-02  7.0381E+02  7.0344E+02  3.6422E-01
2.7450E-02  7.0325E+02  7.0289E+02  3.6422E-01
2.7460E-02  7.0271E+02  7.0235E+02  3.6422E-01
2.7470E-02  7.0216E+02  7.0180E+02  3.6422E-01
2.7480E-02  7.0161E+02  7.0125E+02  3.6422E-01
2.7490E-02  7.0108E+02  7.0071E+02  3.6422E-01
2.7500E-02  7.0068E+02  7.0031E+02  3.6422E-01
2.7510E-02  7.0190E+02  7.0154E+02  3.6422E-01
2.7520E-02  8.2802E+02  8.2766E+02  3.6422E-01
2.7530E-02  6.9965E+02  6.9929E+02  3.6422E-01
2.7540E-02  7.3891E+02  7.3855E+02  3.6422E-01
2.7550E-02  7.9381E+02  7.9344E+02  3.6422E-01
2.7560E-02  6.9869E+02  6.9833E+02  3.6422E-01
2.7570E-02  7.1116E+02  7.1080E+02  3.6422E-01
2.7580E-02  7.1266E+02  7.1230E+02  3.6422E-01
2.7590E-02  7.0290E+02  7.0253E+02  3.6422E-01
2.7600E-02  8.3759E+02  8.3723E+02  3.6422E-01
2.7610E-02  6.9928E+02  6.9891E+02  3.6422E-01
2.7620E-02  6.9459E+02  6.9423E+02  3.6422E-01
2.7630E-02  6.9377E+02  6.9341E+02  3.6422E-01
2.7640E-02  6.9335E+02  6.9298E+02  3.6422E-01
2.7650E-02  6.9645E+02  6.9608E+02  3.6422E-01
2.7660E-02  6.9207E+02  6.9170E+02  3.6422E-01
2.7670E-02  6.9136E+02  6.9100E+02  3.6422E-01
2.7680E-02  6.9081E+02  6.9045E+02  3.6422E-01
2.7690E-02  6.9051E+02  6.9015E+02  3.6422E-01
2.7700E-02  6.8979E+02  6.8943E+02  3.6422E-01
2.7710E-02  6.8934E+02  6.8897E+02  3.6422E-01
2.7720E-02  6.8916E+02  6.8879E+02  3.6422E-01
2.7730E-02  6.9620E+02  6.9584E+02  3.6422E-01
2.7740E-02  6.9139E+02  6.9103E+02  3.6422E-01
2.7750E-02  6.9063E+02  6.9026E+02  3.6422E-01
2.7760E-02  7.0063E+02  7.0026E+02  3.6422E-01
2.7770E-02  6.9616E+02  6.9580E+02  3.6422E-01
2.7780E-02  6.8689E+02  6.8652E+02  3.6422E-01
2.7790E-02  6.8650E+02  6.8613E+02  3.6422E-01
2.7800E-02  6.8535E+02  6.8499E+02  3.6422E-01
2.7810E-02  6.9723E+02  6.9687E+02  3.6422E-01
2.7820E-02  7.1528E+02  7.1491E+02  3.6422E-01
2.7830E-02  6.8387E+02  6.8350E+02  3.6422E-01
2.7840E-02  6.8274E+02  6.8238E+02  3.6422E-01
2.7850E-02  6.8237E+02  6.8201E+02  3.6422E-01
2.7860E-02  6.8374E+02  6.8338E+02  3.6422E-01
2.7870E-02  6.9186E+02  6.9150E+02  3.6422E-01
2.7880E-02  6.8312E+02  6.8276E+02  3.6422E-01
2.7890E-02  7.0076E+02  7.0039E+02  3.6422E-01
2.7900E-02  7.0102E+02  7.0066E+02  3.6422E-01
2.7910E-02  6.8049E+02  6.8013E+02  3.6422E-01
2.7920E-02  6.7872E+02  6.7836E+02  3.6422E-01
2.7930E-02  6.7791E+02  6.7755E+02  3.6422E-01
2.7940E-02  7.0258E+02  7.0221E+02  3.6422E-01
2.7950E-02  6.7683E+02  6.7647E+02  3.6421E-01
2.7960E-02  7.0239E+02  7.0203E+02  3.6421E-01
2.7970E-02  6.9460E+02  6.9424E+02  3.6421E-01
2.7980E-02  6.8062E+02  6.8025E+02  3.6421E-01
2.7990E-02  6.9169E+02  6.9132E+02  3.6421E-01
2.8000E-02  3.2651E+04  3.2650E+04  3.6421E-01
2.8010E-02  7.3257E+02  7.3221E+02  3.6421E-01
2.8020E-02  7.7848E+02  7.7811E+02  3.6421E-01
2.8030E-02  6.8933E+02  6.8896E+02  3.6421E-01
2.8040E-02  1.4699E+03  1.4696E+03  3.6421E-01
2.8050E-02  6.7260E+02  6.7224E+02  3.6421E-01
2.8060E-02  6.7485E+02  6.7448E+02  3.6421E-01
2.8070E-02  6.7038E+02  6.7002E+02  3.6421E-01
2.8080E-02  6.7561E+02  6.7524E+02  3.6421E-01
2.8090E-02  6.6922E+02  6.6886E+02  3.6421E-01
2.8100E-02  6.6883E+02  6.6846E+02  3.6421E-01
2.8110E-02  7.1816E+02  7.1780E+02  3.6421E-01
2.8120E-02  9.4521E+03  9.4517E+03  3.6421E-01
2.8130E-02  6.6736E+02  6.6699E+02  3.6421E-01
2.8140E-02  6.6808E+02  6.6771E+02  3.6421E-01
2.8150E-02  6.7150E+02  6.7114E+02  3.6421E-01
2.8160E-02  6.6543E+02  6.6507E+02  3.6421E-01
2.8170E-02  6.6490E+02  6.6454E+02  3.6421E-01
2.8180E-02  6.6438E+02  6.6401E+02  3.6421E-01
2.8190E-02  6.6389E+02  6.6353E+02  3.6421E-01
2.8200E-02  6.6348E+02  6.6312E+02  3.6421E-01
2.8210E-02  6.6287E+02  6.6251E+02  3.6421E-01
2.8220E-02  6.6233E+02  6.6197E+02  3.6421E-01
2.8230E-02  6.6184E+02  6.6148E+02  3.6421E-01
2.8240E-02  6.6136E+02  6.6099E+02  3.6421E-01
2.8250E-02  6.6091E+02  6.6054E+02  3.6421E-01
2.8260E-02  6.6051E+02  6.6015E+02  3.6421E-01
2.8270E-02  6.6232E+02  6.6195E+02  3.6421E-01
2.8280E-02  6.9387E+02  6.9350E+02  3.6421E-01
2.8290E-02  2.1792E+03  2.1789E+03  3.6421E-01
2.8300E-02  1.5796E+03  1.5793E+03  3.6421E-01
2.8310E-02  6.5958E+02  6.5921E+02  3.6421E-01
2.8320E-02  6.5904E+02  6.5867E+02  3.6421E-01
2.8330E-02  6.5730E+02  6.5693E+02  3.6421E-01
2.8340E-02  6.5644E+02  6.5608E+02  3.6421E-01
2.8350E-02  6.5609E+02  6.5573E+02  3.6421E-01
2.8360E-02  6.5547E+02  6.5511E+02  3.6421E-01
2.8370E-02  6.6913E+02  6.6877E+02  3.6421E-01
2.8380E-02  8.7507E+02  8.7471E+02  3.6421E-01
2.8390E-02  1.2283E+03  1.2279E+03  3.6421E-01
2.8400E-02  3.8034E+03  3.8030E+03  3.6421E-01
2.8410E-02  7.1653E+02  7.1617E+02  3.6421E-01
2.8420E-02  6.8868E+02  6.8831E+02  3.6421E-01
2.8430E-02  6.9066E+02  6.9030E+02  3.6421E-01
2.8440E-02  1.1936E+03  1.1933E+03  3.6421E-01
2.8450E-02  6.9876E+02  6.9840E+02  3.6421E-01
2.8460E-02  2.3424E+03  2.3420E+03  3.6421E-01
2.8470E-02  7.1476E+02  7.1440E+02  3.6421E-01
2.8480E-02  7.3066E+02  7.3030E+02  3.6421E-01
2.8490E-02  7.3276E+02  7.3240E+02  3.6421E-01
2.8500E-02  7.4253E+02  7.4217E+02  3.6421E-01
2.8510E-02  7.4609E+02  7.4573E+02  3.6421E-01
2.8520E-02  3.7947E+03  3.7944E+03  3.6421E-01
2.8530E-02  7.5242E+02  7.5205E+02  3.6421E-01
2.8540E-02  7.5798E+02  7.5762E+02  3.6421E-01
2.8550E-02  7.8828E+02  7.8791E+02  3.6421E-01
2.8560E-02  7.5087E+02  7.5051E+02  3.6421E-01
2.8570E-02  7.5107E+02  7.5070E+02  3.6421E-01
2.8580E-02  7.4973E+02  7.4937E+02  3.6421E-01
2.8590E-02  7.4943E+02  7.4906E+02  3.6421E-01
2.8600E-02  7.4947E+02  7.4910E+02  3.6421E-01
2.8610E-02  7.4983E+02  7.4947E+02  3.6421E-01
2.8620E-02  7.5459E+02  7.5422E+02  3.6421E-01
2.8630E-02  7.6246E+02  7.6210E+02  3.6421E-01
2.8640E-02  7.5123E+02  7.5087E+02  3.6421E-01
2.8650E-02  7.3426E+04  7.3426E+04  3.6421E-01
2.8660E-02  7.8921E+02  7.8884E+02  3.6421E-01
2.8670E-02  8.2193E+02  8.2156E+02  3.6421E-01
2.8680E-02  1.8368E+03  1.8365E+03  3.6421E-01
2.8690E-02  7.6438E+02  7.6401E+02  3.6421E-01
2.8700E-02  7.7574E+02  7.7538E+02  3.6421E-01
2.8710E-02  5.5404E+03  5.5401E+03  3.6421E-01
2.8720E-02  8.0570E+02  8.0534E+02  3.6421E-01
2.8730E-02  1.5079E+03  1.5075E+03  3.6421E-01
2.8740E-02  7.4526E+02  7.4490E+02  3.6421E-01
2.8750E-02  7.4386E+02  7.4350E+02  3.6421E-01
2.8760E-02  7.4131E+02  7.4095E+02  3.6421E-01
2.8770E-02  7.4015E+02  7.3979E+02  3.6421E-01
2.8780E-02  7.3974E+02  7.3938E+02  3.6421E-01
2.8790E-02  7.3903E+02  7.3867E+02  3.6421E-01
2.8800E-02  7.3848E+02  7.3811E+02  3.6421E-01
2.8810E-02  7.6149E+02  7.6112E+02  3.6421E-01
2.8820E-02  7.3766E+02  7.3730E+02  3.6421E-01
2.8830E-02  7.6099E+02  7.6063E+02  3.6421E-01
2.8840E-02  7.3723E+02  7.3687E+02  3.6421E-01
2.8850E-02  7.3678E+02  7.3641E+02  3.6421E-01
2.8860E-02  7.3830E+02  7.3793E+02  3.6421E-01
2.8870E-02  7.4151E+02  7.4114E+02  3.6421E-01
2.8880E-02  7.3685E+02  7.3648E+02  3.6421E-01
2.8890E-02  7.7039E+02  7.7003E+02  3.6421E-01
2.8900E-02  7.3655E+02  7.3619E+02  3.6421E-01
2.8910E-02  7.3300E+02  7.3264E+02  3.6421E-01
2.8920E-02  7.3270E+02  7.3233E+02  3.6421E-01
2.8930E-02  7.3195E+02  7.3158E+02  3.6421E-01
2.8940E-02  8.3748E+02  8.3711E+02  3.6421E-01
2.8950E-02  7.3097E+02  7.3060E+02  3.6421E-01
2.8960E-02  7.3054E+02  7.3017E+02  3.6421E-01
2.8970E-02  7.3023E+02  7.2987E+02  3.6421E-01
2.8980E-02  7.3329E+02  7.3292E+02  3.6421E-01
2.8990E-02  7.3628E+02  7.3592E+02  3.6421E-01
2.9000E-02  7.3649E+02  7.3613E+02  3.6421E-01
2.9010E-02  1.1627E+03  1.1623E+03  3.6421E-01
2.9020E-02  7.3406E+02  7.3370E+02  3.6421E-01
2.9030E-02  7.2802E+02  7.2766E+02  3.6421E-01
2.9040E-02  7.2702E+02  7.2666E+02  3.6421E-01
2.9050E-02  7.2695E+02  7.2659E+02  3.6421E-01
2.9060E-02  7.2615E+02  7.2578E+02  3.6421E-01
2.9070E-02  7.2548E+02  7.2512E+02  3.6421E-01
2.9080E-02  7.2528E+02  7.2492E+02  3.6421E-01
2.9090E-02  7.2570E+02  7.2534E+02  3.6421E-01
2.9100E-02  7.3625E+02  7.3589E+02  3.6421E-01
2.9110E-02  7.3738E+02  7.3701E+02  3.6421E-01
2.9120E-02  8.0107E+02  8.0070E+02  3.6421E-01
2.9130E-02  3.6839E+03  3.6835E+03  3.6421E-01
2.9140E-02  7.4589E+02  7.4552E+02  3.6421E-01
2.9150E-02  7.4813E+02  7.4777E+02  3.6421E-01
2.9160E-02  7.2556E+02  7.2520E+02  3.6421E-01
2.9170E-02  1.7949E+03  1.7945E+03  3.6421E-01
2.9180E-02  7.2804E+02  7.2767E+02  3.6421E-01
2.9190E-02  7.1991E+02  7.1954E+02  3.6421E-01
2.9200E-02  7.1913E+02  7.1877E+02  3.6421E-01
2.9210E-02  7.1968E+02  7.1931E+02  3.6421E-01
2.9220E-02  7.2069E+02  7.2033E+02  3.6421E-01
2.9230E-02  7.6509E+02  7.6473E+02  3.6421E-01
2.9240E-02  7.2092E+02  7.2056E+02  3.6421E-01
2.9250E-02  7.2531E+02  7.2494E+02  3.6421E-01
2.9260E-02  7.2440E+02  7.2403E+02  3.6421E-01
2.9270E-02  7.1581E+02  7.1544E+02  3.6421E-01
2.9280E-02  7.2716E+02  7.2680E+02  3.6421E-01
2.9290E-02  7.1462E+02  7.1425E+02  3.6421E-01
2.9300E-02  7.1547E+02  7.1511E+02  3.6421E-01
2.9310E-02  7.1366E+02  7.1330E+02  3.6421E-01
2.9320E-02  7.1299E+02  7.1262E+02  3.6421E-01
2.9330E-02  7.1258E+02  7.1222E+02  3.6421E-01
2.9340E-02  7.1260E+02  7.1224E+02  3.6421E-01
2.9350E-02  7.1207E+02  7.1171E+02  3.6421E-01
2.9360E-02  7.1239E+02  7.1202E+02  3.6421E-01
2.9370E-02  7.7466E+02  7.7429E+02  3.6421E-01
2.9380E-02  7.2586E+02  7.2549E+02  3.6421E-01
2.9390E-02  7.8799E+02  7.8763E+02  3.6421E-01
2.9400E-02  1.9254E+03  1.9251E+03  3.6421E-01
2.9410E-02  1.0102E+03  1.0099E+03  3.6421E-01
2.9420E-02  7.1687E+02  7.1651E+02  3.6421E-01
2.9430E-02  1.0277E+03  1.0273E+03  3.6421E-01
2.9440E-02  7.0883E+02  7.0846E+02  3.6421E-01
2.9450E-02  7.1487E+02  7.1450E+02  3.6421E-01
2.9460E-02  7.5426E+02  7.5389E+02  3.6421E-01
2.9470E-02  9.3189E+02  9.3152E+02  3.6421E-01
2.9480E-02  7.5623E+02  7.5587E+02  3.6421E-01
2.9490E-02  7.0914E+02  7.0877E+02  3.6421E-01
2.9500E-02  7.0489E+02  7.0453E+02  3.6421E-01
2.9510E-02  7.0438E+02  7.0402E+02  3.6421E-01
2.9520E-02  4.6960E+03  4.6956E+03  3.6421E-01
2.9530E-02  7.0495E+02  7.0459E+02  3.6421E-01
2.9540E-02  7.0685E+02  7.0649E+02  3.6421E-01
2.9550E-02  7.0825E+02  7.0789E+02  3.6421E-01
2.9560E-02  7.8260E+02  7.8224E+02  3.6421E-01
2.9570E-02  8.8863E+02  8.8827E+02  3.6421E-01
2.9580E-02  1.0295E+03  1.0291E+03  3.6421E-01
2.9590E-02  1.0028E+03  1.0025E+03  3.6421E-01
2.9600E-02  1.7466E+03  1.7463E+03  3.6421E-01
2.9610E-02  7.1578E+02  7.1542E+02  3.6421E-01
2.9620E-02  7.0663E+02  7.0627E+02  3.6421E-01
2.9630E-02  7.2132E+02  7.2096E+02  3.6421E-01
2.9640E-02  7.0204E+02  7.0167E+02  3.6421E-01
2.9650E-02  7.0108E+02  7.0071E+02  3.6421E-01
2.9660E-02  6.9954E+02  6.9917E+02  3.6421E-01
2.9670E-02  7.9364E+02  7.9328E+02  3.6421E-01
2.9680E-02  7.0399E+02  7.0362E+02  3.6421E-01
2.9690E-02  7.3531E+02  7.3495E+02  3.6421E-01
2.9700E-02  8.4676E+02  8.4640E+02  3.6421E-01
2.9710E-02  8.3744E+02  8.3707E+02  3.6421E-01
2.9720E-02  8.7899E+02  8.7863E+02  3.6421E-01
2.9730E-02  7.7593E+02  7.7556E+02  3.6421E-01
2.9740E-02  9.9540E+02  9.9504E+02  3.6421E-01
2.9750E-02  6.9583E+02  6.9546E+02  3.6421E-01
2.9760E-02  7.3973E+02  7.3937E+02  3.6421E-01
2.9770E-02  6.9543E+02  6.9507E+02  3.6421E-01
2.9780E-02  6.9224E+02  6.9188E+02  3.6421E-01
2.9790E-02  6.9735E+02  6.9698E+02  3.6421E-01
2.9800E-02  6.9194E+02  6.9158E+02  3.6421E-01
2.9810E-02  6.9417E+02  6.9381E+02  3.6421E-01
2.9820E-02  6.8979E+02  6.8942E+02  3.6421E-01
2.9830E-02  6.9126E+02  6.9090E+02  3.6420E-01
2.9840E-02  6.9470E+02  6.9434E+02  3.6420E-01
2.9850E-02  7.0553E+02  7.0517E+02  3.6420E-01
2.9860E-02  6.9259E+02  6.9223E+02  3.6420E-01
2.9870E-02  7.3840E+02  7.3803E+02  3.6420E-01
2.9880E-02  6.8936E+02  6.8899E+02  3.6420E-01
2.9890E-02  6.9671E+02  6.9634E+02  3.6420E-01
2.9900E-02  6.8689E+02  6.8653E+02  3.6420E-01
2.9910E-02  6.9192E+02  6.9156E+02  3.6420E-01
2.9920E-02  6.8518E+02  6.8482E+02  3.6420E-01
2.9930E-02  6.8357E+02  6.8321E+02  3.6420E-01
2.9940E-02  6.8358E+02  6.8321E+02  3.6420E-01
2.9950E-02  6.8337E+02  6.8301E+02  3.6420E-01
2.9960E-02  6.8208E+02  6.8172E+02  3.6420E-01
2.9970E-02  6.8313E+02  6.8277E+02  3.6420E-01
2.9980E-02  6.8307E+02  6.8270E+02  3.6420E-01
2.9990E-02  7.4057E+02  7.4020E+02  3.6420E-01
3.0000E-02  6.8839E+02  6.8802E+02  3.6420E-01
3.0010E-02  6.8486E+02  6.8450E+02  3.6420E-01
3.0020E-02  7.4365E+02  7.4329E+02  3.6420E-01
3.0030E-02  6.9193E+02  6.9156E+02  3.6420E-01
3.0040E-02  6.7883E+02  6.7846E+02  3.6420E-01
3.0050E-02  6.7843E+02  6.7806E+02  3.6420E-01
3.0060E-02  6.9564E+02  6.9528E+02  3.6420E-01
3.0070E-02  6.7681E+02  6.7644E+02  3.6420E-01
3.0080E-02  6.7625E+02  6.7588E+02  3.6420E-01
3.0090E-02  6.7604E+02  6.7568E+02  3.6420E-01
3.0100E-02  1.6707E+03  1.6703E+03  3.6420E-01
3.0110E-02  6.9915E+02  6.9879E+02  3.6420E-01
3.0120E-02  6.8004E+02  6.7968E+02  3.6422E-01
3.0130E-02  6.7987E+02  6.7951E+02  3.6422E-01
3.0140E-02  6.7435E+02  6.7398E+02  3.6422E-01
3.0150E-02  7.1477E+02  7.1441E+02  3.6422E-01
3.0160E-02  6.8167E+02  6.8131E+02  3.6422E-01
3.0170E-02  6.7249E+02  6.7212E+02  3.6422E-01
3.0180E-02  6.7159E+02  6.7122E+02  3.6422E-01
3.0190E-02  6.7121E+02  6.7085E+02  3.6422E-01
3.0200E-02  6.7116E+02  6.7080E+02  3.6422E-01
3.0210E-02  6.7236E+02  6.7200E+02  3.6422E-01
3.0220E-02  6.6951E+02  6.6915E+02  3.6422E-01
3.0230E-02  6.7127E+02  6.7091E+02  3.6422E-01
3.0240E-02  6.6858E+02  6.6821E+02  3.6422E-01
3.0250E-02  6.6811E+02  6.6774E+02  3.6422E-01
3.0260E-02  6.6765E+02  6.6729E+02  3.6422E-01
3.0270E-02  6.6721E+02  6.6684E+02  3.6422E-01
3.0280E-02  6.6674E+02  6.6637E+02  3.6422E-01
3.0290E-02  6.6629E+02  6.6593E+02  3.6422E-01
3.0300E-02  6.6583E+02  6.6547E+02  3.6422E-01
3.0310E-02  6.6541E+02  6.6505E+02  3.6422E-01
3.0320E-02  6.6489E+02  6.6453E+02  3.6422E-01
3.0330E-02  6.6444E+02  6.6408E+02  3.6422E-01
3.0340E-02  6.6399E+02  6.6363E+02  3.6422E-01
3.0350E-02  6.6355E+02  6.6318E+02  3.6422E-01
3.0360E-02  6.6312E+02  6.6275E+02  3.6422E-01
3.0370E-02  6.6272E+02  6.6236E+02  3.6422E-01
3.0380E-02  6.6252E+02  6.6216E+02  3.6422E-01
3.0390E-02  6.6386E+02  6.6350E+02  3.6422E-01
3.0400E-02  6.6293E+02  6.6256E+02  3.6422E-01
3.0410E-02  6.7606E+02  6.7569E+02  3.6422E-01
3.0420E-02  6.6529E+02  6.6492E+02  3.6422E-01
3.0430E-02  6.6855E+02  6.6819E+02  3.6422E-01
3.0440E-02  6.6223E+02  6.6187E+02  3.6422E-01
3.0450E-02  6.8338E+03  6.8334E+03  3.6422E-01
3.0460E-02  7.8730E+02  7.8693E+02  3.6422E-01
3.0470E-02  6.6929E+02  6.6893E+02  3.6422E-01
3.0480E-02  6.5825E+02  6.5789E+02  3.6422E-01
3.0490E-02  6.5744E+02  6.5708E+02  3.6422E-01
3.0500E-02  6.5689E+02  6.5652E+02  3.6422E-01
3.0510E-02  6.5640E+02  6.5604E+02  3.6422E-01
3.0520E-02  6.6623E+02  6.6586E+02  3.6422E-01
3.0530E-02  6.5558E+02  6.5522E+02  3.6422E-01
3.0540E-02  6.5533E+02  6.5497E+02  3.6422E-01
3.0550E-02  6.5590E+02  6.5554E+02  3.6422E-01
3.0560E-02  6.5427E+02  6.5391E+02  3.6422E-01
3.0570E-02  6.5484E+02  6.5448E+02  3.6422E-01
3.0580E-02  6.5420E+02  6.5383E+02  3.6422E-01
3.0590E-02  6.5285E+02  6.5249E+02  3.6422E-01
3.0600E-02  6.5234E+02  6.5198E+02  3.6422E-01
3.0610E-02  6.5191E+02  6.5155E+02  3.6422E-01
3.0620E-02  6.5157E+02  6.5121E+02  3.6422E-01
3.0630E-02  6.5205E+02  6.5169E+02  3.6422E-01
3.0640E-02  6.5064E+02  6.5027E+02  3.6422E-01
3.0650E-02  6.5039E+02  6.5002E+02  3.6422E-01
3.0660E-02  6.4969E+02  6.4933E+02  3.6422E-01
3.0670E-02  6.4931E+02  6.4894E+02  3.6422E-01
3.0680E-02  6.4891E+02  6.4855E+02  3.6422E-01
3.0690E-02  6.4856E+02  6.4819E+02  3.6422E-01
3.0700E-02  6.4845E+02  6.4809E+02  3.6422E-01
3.0710E-02  6.5036E+02  6.4999E+02  3.6422E-01
3.0720E-02  9.0568E+02  9.0531E+02  3.6422E-01
3.0730E-02  6.4797E+02  6.4760E+02  3.6422E-01
3.0740E-02  6.4721E+02  6.4684E+02  3.6422E-01
3.0750E-02  6.5735E+02  6.5699E+02  3.6422E-01
3.0760E-02  7.1468E+02  7.1431E+02  3.6422E-01
3.0770E-02  6.4572E+02  6.4536E+02  3.6422E-01
3.0780E-02  6.4518E+02  6.4482E+02  3.6422E-01
3.0790E-02  7.5392E+02  7.5356E+02  3.6422E-01
3.0800E-02  6.4461E+02  6.4424E+02  3.6422E-01
3.0810E-02  5.9581E+03  5.9577E+03  3.6422E-01
3.0820E-02  6.4517E+02  6.4481E+02  3.6422E-01
3.0830E-02  6.4634E+02  6.4597E+02  3.6422E-01
3.0840E-02  7.0298E+02  7.0261E+02  3.6422E-01
3.0850E-02  6.4490E+02  6.4454E+02  3.6422E-01
3.0860E-02  6.5268E+02  6.5231E+02  3.6422E-01
3.0870E-02  6.6102E+02  6.6066E+02  3.6422E-01
3.0880E-02  6.4287E+02  6.4250E+02  3.6422E-01
3.0890E-02  6.4063E+02  6.4027E+02  3.6422E-01
3.0900E-02  6.3977E+02  6.3941E+02  3.6422E-01
3.0910E-02  6.3973E+02  6.3937E+02  3.6422E-01
3.0920E-02  6.3932E+02  6.3896E+02  3.6422E-01
3.0930E-02  6.3827E+02  6.3790E+02  3.6422E-01
3.0940E-02  6.3978E+02  6.3942E+02  3.6422E-01
3.0950E-02  6.3787E+02  6.3751E+02  3.6422E-01
3.0960E-02  6.3690E+02  6.3653E+02  3.6422E-01
3.0970E-02  6.3694E+02  6.3658E+02  3.6422E-01
3.0980E-02  6.3611E+02  6.3574E+02  3.6421E-01
3.0990E-02  6.3556E+02  6.3520E+02  3.6421E-01
3.1000E-02  6.3515E+02  6.3478E+02  3.6421E-01
3.1010E-02  6.3492E+02  6.3456E+02  3.6421E-01
3.1020E-02  6.3461E+02  6.3424E+02  3.6421E-01
3.1030E-02  6.3396E+02  6.3360E+02  3.6421E-01
3.1040E-02  6.3357E+02  6.3321E+02  3.6421E-01
3.1050E-02  6.3322E+02  6.3286E+02  3.6421E-01
3.1060E-02  6.3298E+02  6.3262E+02  3.6421E-01
3.1070E-02  6.3270E+02  6.3234E+02  3.6421E-01
3.1080E-02  6.3428E+02  6.3392E+02  3.6421E-01
3.1090E-02  6.3399E+02  6.3362E+02  3.6421E-01
3.1100E-02  6.4221E+02  6.4185E+02  3.6421E-01
3.1110E-02  8.3664E+02  8.3628E+02  3.6421E-01
3.1120E-02  6.3426E+02  6.3389E+02  3.6421E-01
3.1130E-02  7.6425E+02  7.6389E+02  3.6421E-01
3.1140E-02  6.4615E+02  6.4579E+02  3.6421E-01
3.1150E-02  6.3669E+02  6.3632E+02  3.6421E-01
3.1160E-02  6.6283E+02  6.6247E+02  3.6421E-01
3.1170E-02  6.2934E+02  6.2898E+02  3.6421E-01
3.1180E-02  6.2996E+02  6.2960E+02  3.6421E-01
3.1190E-02  6.2856E+02  6.2819E+02  3.6421E-01
3.1200E-02  6.2737E+02  6.2701E+02  3.6421E-01
3.1210E-02  6.2686E+02  6.2649E+02  3.6421E-01
3.1220E-02  6.6577E+02  6.6541E+02  3.6421E-01
3.1230E-02  6.2855E+02  6.2819E+02  3.6421E-01
3.1240E-02  6.2576E+02  6.2540E+02  3.6421E-01
3.1250E-02  6.2542E+02  6.2505E+02  3.6421E-01
3.1260E-02  6.2549E+02  6.2513E+02  3.6421E-01
3.1270E-02  7.7270E+02  7.7233E+02  3.6421E-01
3.1280E-02  6.9508E+02  6.9472E+02  3.6421E-01
3.1290E-02  6.6355E+02  6.6319E+02  3.6421E-01
3.1300E-02  6.3041E+02  6.3005E+02  3.6421E-01
3.1310E-02  6.4821E+02  6.4785E+02  3.6421E-01
3.1320E-02  6.7790E+02  6.7754E+02  3.6421E-01
3.1330E-02  6.2675E+02  6.2638E+02  3.6421E-01
3.1340E-02  6.2251E+02  6.2214E+02  3.6421E-01
3.1350E-02  6.4937E+02  6.4900E+02  3.6421E-01
3.1360E-02  6.2313E+02  6.2276E+02  3.6421E-01
3.1370E-02  6.2102E+02  6.2065E+02  3.6421E-01
3.1380E-02  6.2032E+02  6.1995E+02  3.6421E-01
3.1390E-02  6.5610E+02  6.5574E+02  3.6421E-01
3.1400E-02  7.3592E+02  7.3555E+02  3.6421E-01
3.1410E-02  6.3075E+02  6.3038E+02  3.6421E-01
3.1420E-02  6.5630E+02  6.5594E+02  3.6421E-01
3.1430E-02  6.2174E+02  6.2138E+02  3.6421E-01
3.1440E-02  6.5179E+02  6.5142E+02  3.6421E-01
3.1450E-02  6.4173E+02  6.4136E+02  3.6421E-01
3.1460E-02  6.2714E+02  6.2677E+02  3.6421E-01
3.1470E-02  6.1982E+02  6.1946E+02  3.6421E-01
3.1480E-02  6.4802E+02  6.4765E+02  3.6421E-01
3.1490E-02  6.1686E+02  6.1649E+02  3.6421E-01
3.1500E-02  3.3416E+03  3.3412E+03  3.6421E-01
3.1510E-02  6.2145E+02  6.2108E+02  3.6421E-01
3.1520E-02  4.5778E+04  4.5778E+04  3.6421E-01
3.1530E-02  7.0978E+02  7.0942E+02  3.6421E-01
3.1540E-02  6.2799E+02  6.2762E+02  3.6421E-01
3.1550E-02  1.0338E+04  1.0338E+04  3.6421E-01
3.1560E-02  6.1844E+02  6.1807E+02  3.6421E-01
3.1570E-02  6.1391E+02  6.1355E+02  3.6421E-01
3.1580E-02  6.1347E+02  6.1310E+02  3.6421E-01
3.1590E-02  6.1191E+02  6.1155E+02  3.6421E-01
3.1600E-02  6.1123E+02  6.1087E+02  3.6421E-01
3.1610E-02  6.1073E+02  6.1037E+02  3.6421E-01
3.1620E-02  6.1028E+02  6.0991E+02  3.6421E-01
3.1630E-02  6.0984E+02  6.0948E+02  3.6421E-01
3.1640E-02  6.0976E+02  6.0940E+02  3.6421E-01
3.1650E-02  6.0957E+02  6.0921E+02  3.6421E-01
3.1660E-02  6.0910E+02  6.0874E+02  3.6421E-01
3.1670E-02  6.0825E+02  6.0789E+02  3.6421E-01
3.1680E-02  6.0781E+02  6.0744E+02  3.6421E-01
3.1690E-02  6.0739E+02  6.0703E+02  3.6421E-01
3.1700E-02  6.0700E+02  6.0664E+02  3.6421E-01
3.1710E-02  6.0660E+02  6.0624E+02  3.6421E-01
3.1720E-02  6.0623E+02  6.0587E+02  3.6421E-01
3.1730E-02  6.0582E+02  6.0546E+02  3.6421E-01
3.1740E-02  6.0543E+02  6.0507E+02  3.6421E-01
3.1750E-02  6.0504E+02  6.0468E+02  3.6421E-01
3.1760E-02  6.0467E+02  6.0430E+02  3.6421E-01
3.1770E-02  6.0433E+02  6.0397E+02  3.6421E-01
3.1780E-02  6.0494E+02  6.0458E+02  3.6421E-01
3.1790E-02  6.0382E+02  6.0345E+02  3.6421E-01
3.1800E-02  6.1352E+02  6.1316E+02  3.6421E-01
3.1810E-02  6.0292E+02  6.0255E+02  3.6421E-01
3.1820E-02  6.0238E+02  6.0201E+02  3.6421E-01
3.1830E-02  6.0664E+02  6.0627E+02  3.6421E-01
3.1840E-02  6.0254E+02  6.0217E+02  3.6421E-01
3.1850E-02  6.0134E+02  6.0097E+02  3.6421E-01
3.1860E-02  6.0192E+02  6.0156E+02  3.6421E-01
3.1870E-02  6.1232E+02  6.1195E+02  3.6421E-01
3.1880E-02  6.6893E+02  6.6857E+02  3.6421E-01
3.1890E-02  6.6074E+02  6.6037E+02  3.6421E-01
3.1900E-02  6.0033E+02  5.9997E+02  3.6421E-01
3.1910E-02  6.0387E+02  6.0351E+02  3.6421E-01
3.1920E-02  5.4213E+03  5.4210E+03  3.6421E-01
3.1930E-02  6.0007E+02  5.9971E+02  3.6421E-01
3.1940E-02  6.0449E+02  6.0412E+02  3.6421E-01
3.1950E-02  6.0063E+02  6.0027E+02  3.6421E-01
3.1960E-02  5.9762E+02  5.9726E+02  3.6421E-01
3.1970E-02  5.9747E+02  5.9710E+02  3.6421E-01
3.1980E-02  5.9668E+02  5.9632E+02  3.6421E-01
3.1990E-02  5.9612E+02  5.9576E+02  3.6421E-01
3.2000E-02  5.9733E+02  5.9697E+02  3.6421E-01
3.2010E-02  5.9564E+02  5.9527E+02  3.6421E-01
3.2020E-02  5.9632E+02  5.9595E+02  3.6421E-01
3.2030E-02  6.4326E+02  6.4290E+02  3.6421E-01
3.2040E-02  5.9859E+02  5.9823E+02  3.6421E-01
3.2050E-02  6.6840E+02  6.6804E+02  3.6421E-01
3.2060E-02  5.9645E+02  5.9609E+02  3.6421E-01
3.2070E-02  5.9570E+02  5.9533E+02  3.6421E-01
3.2080E-02  1.3482E+03  1.3478E+03  3.6421E-01
3.2090E-02  5.9257E+02  5.9221E+02  3.6421E-01
3.2100E-02  5.9196E+02  5.9160E+02  3.6421E-01
3.2110E-02  5.9169E+02  5.9132E+02  3.6421E-01
3.2120E-02  5.9123E+02  5.9086E+02  3.6421E-01
3.2130E-02  5.9110E+02  5.9074E+02  3.6421E-01
3.2140E-02  6.4512E+02  6.4475E+02  3.6421E-01
3.2150E-02  6.1753E+02  6.1716E+02  3.6421E-01
3.2160E-02  5.9536E+02  5.9499E+02  3.6421E-01
3.2170E-02  5.8976E+02  5.8940E+02  3.6421E-01
3.2180E-02  5.8907E+02  5.8870E+02  3.6421E-01
3.2190E-02  5.8869E+02  5.8833E+02  3.6421E-01
3.2200E-02  5.8929E+02  5.8893E+02  3.6421E-01
3.2210E-02  5.8905E+02  5.8868E+02  3.6421E-01
3.2220E-02  5.8744E+02  5.8708E+02  3.6421E-01
3.2230E-02  5.8717E+02  5.8681E+02  3.6421E-01
3.2240E-02  5.8827E+02  5.8791E+02  3.6421E-01
3.2250E-02  1.5250E+03  1.5247E+03  3.6421E-01
3.2260E-02  1.2921E+03  1.2918E+03  3.6421E-01
3.2270E-02  5.8687E+02  5.8651E+02  3.6421E-01
3.2280E-02  5.8545E+02  5.8509E+02  3.6421E-01
3.2290E-02  5.8568E+02  5.8532E+02  3.6421E-01
3.2300E-02  5.8466E+02  5.8430E+02  3.6421E-01
3.2310E-02  5.8498E+02  5.8461E+02  3.6421E-01
3.2320E-02  5.8470E+02  5.8433E+02  3.6421E-01
3.2330E-02  6.3312E+02  6.3276E+02  3.6421E-01
3.2340E-02  5.8685E+02  5.8648E+02  3.6421E-01
3.2350E-02  5.8374E+02  5.8338E+02  3.6421E-01
3.2360E-02  5.8283E+02  5.8247E+02  3.6421E-01
3.2370E-02  5.8258E+02  5.8222E+02  3.6421E-01
3.2380E-02  5.8173E+02  5.8137E+02  3.6421E-01
3.2390E-02  5.8134E+02  5.8098E+02  3.6421E-01
3.2400E-02  5.8104E+02  5.8067E+02  3.6421E-01
3.2410E-02  5.8065E+02  5.8028E+02  3.6421E-01
3.2420E-02  5.8035E+02  5.7998E+02  3.6421E-01
3.2430E-02  5.8006E+02  5.7969E+02  3.6421E-01
3.2440E-02  5.7989E+02  5.7953E+02  3.6421E-01
3.2450E-02  5.8035E+02  5.7998E+02  3.6420E-01
3.2460E-02  6.1936E+02  6.1900E+02  3.6420E-01
3.2470E-02  5.8132E+02  5.8096E+02  3.6420E-01
3.2480E-02  5.7874E+02  5.7837E+02  3.6420E-01
3.2490E-02  5.7817E+02  5.7780E+02  3.6420E-01
3.2500E-02  5.8079E+02  5.8043E+02  3.6420E-01
3.2510E-02  5.7741E+02  5.7705E+02  3.6420E-01
3.2520E-02  5.7708E+02  5.7672E+02  3.6420E-01
3.2530E-02  5.7778E+02  5.7742E+02  3.6420E-01
3.2540E-02  5.7651E+02  5.7615E+02  3.6420E-01
3.2550E-02  5.7611E+02  5.7574E+02  3.6420E-01
3.2560E-02  5.7578E+02  5.7542E+02  3.6420E-01
3.2570E-02  5.7549E+02  5.7512E+02  3.6420E-01
3.2580E-02  5.8176E+02  5.8140E+02  3.6420E-01
3.2590E-02  5.9401E+02  5.9365E+02  3.6420E-01
3.2600E-02  6.0894E+02  6.0857E+02  3.6420E-01
3.2610E-02  6.2575E+02  6.2539E+02  3.6420E-01
3.2620E-02  6.4375E+02  6.4338E+02  3.6420E-01
3.2630E-02  6.6235E+02  6.6199E+02  3.6420E-01
3.2640E-02  6.8125E+02  6.8088E+02  3.6420E-01
3.2650E-02  7.0026E+02  6.9990E+02  3.6420E-01
3.2660E-02  7.1833E+02  7.1797E+02  3.6420E-01
3.2670E-02  7.3607E+02  7.3571E+02  3.6420E-01
3.2680E-02  7.5305E+02  7.5269E+02  3.6420E-01
3.2690E-02  7.6884E+02  7.6848E+02  3.6420E-01
3.2700E-02  7.8367E+02  7.8331E+02  3.6420E-01
3.2710E-02  7.9745E+02  7.9708E+02  3.6420E-01
3.2720E-02  8.0523E+02  8.0487E+02  3.6420E-01
3.2730E-02  8.0997E+02  8.0961E+02  3.6420E-01
3.2740E-02  8.5044E+02  8.5007E+02  3.6420E-01
3.2750E-02  9.1519E+02  9.1482E+02  3.6420E-01
3.2760E-02  8.0716E+02  8.0679E+02  3.6420E-01
3.2770E-02  8.0496E+02  8.0460E+02  3.6420E-01
3.2780E-02  8.0353E+02  8.0316E+02  3.6420E-01
3.2790E-02  8.3675E+02  8.3639E+02  3.6420E-01
3.2800E-02  8.0507E+02  8.0471E+02  3.6420E-01
3.2810E-02  4.4481E+03  4.4478E+03  3.6420E-01
3.2820E-02  1.6085E+03  1.6081E+03  3.6420E-01
3.2830E-02  8.3069E+02  8.3033E+02  3.6420E-01
3.2840E-02  8.1908E+02  8.1872E+02  3.6420E-01
3.2850E-02  1.4407E+03  1.4404E+03  3.6420E-01
3.2860E-02  8.0712E+02  8.0675E+02  3.6420E-01
3.2870E-02  8.1377E+02  8.1341E+02  3.6420E-01
3.2880E-02  8.0209E+02  8.0172E+02  3.6420E-01
3.2890E-02  8.0036E+02  8.0000E+02  3.6420E-01
3.2900E-02  8.0030E+02  7.9994E+02  3.6420E-01
3.2910E-02  7.9938E+02  7.9902E+02  3.6420E-01
3.2920E-02  7.9898E+02  7.9862E+02  3.6420E-01
3.2930E-02  7.9889E+02  7.9852E+02  3.6420E-01
3.2940E-02  8.1616E+02  8.1579E+02  3.6420E-01
3.2950E-02  7.9867E+02  7.9830E+02  3.6420E-01
3.2960E-02  7.9775E+02  7.9739E+02  3.6420E-01
3.2970E-02  7.9743E+02  7.9707E+02  3.6420E-01
3.2980E-02  7.9711E+02  7.9675E+02  3.6420E-01
3.2990E-02  7.9686E+02  7.9650E+02  3.6420E-01
3.3000E-02  7.9673E+02  7.9637E+02  3.6420E-01
3.3010E-02  7.9697E+02  7.9661E+02  3.6420E-01
3.3020E-02  8.0053E+02  8.0016E+02  3.6420E-01
3.3030E-02  8.5588E+02  8.5551E+02  3.6420E-01
3.3040E-02  7.9648E+02  7.9612E+02  3.6420E-01
3.3050E-02  7.9767E+02  7.9731E+02  3.6420E-01
3.3060E-02  7.9971E+02  7.9935E+02  3.6420E-01
3.3070E-02  7.9512E+02  7.9476E+02  3.6420E-01
3.3080E-02  7.9474E+02  7.9438E+02  3.6420E-01
3.3090E-02  7.9553E+02  7.9517E+02  3.6420E-01
3.3100E-02  7.9402E+02  7.9365E+02  3.6420E-01
3.3110E-02  9.0529E+02  9.0492E+02  3.6420E-01
3.3120E-02  1.3785E+03  1.3781E+03  3.6420E-01
3.3130E-02  7.9370E+02  7.9334E+02  3.6420E-01
3.3140E-02  7.9617E+02  7.9580E+02  3.6420E-01
3.3150E-02  7.9794E+02  7.9758E+02  3.6420E-01
3.3160E-02  1.8567E+03  1.8563E+03  3.6420E-01
3.3170E-02  8.0661E+02  8.0624E+02  3.6420E-01
3.3180E-02  7.9544E+02  7.9507E+02  3.6420E-01
3.3190E-02  7.9228E+02  7.9191E+02  3.6420E-01
3.3200E-02  7.9147E+02  7.9111E+02  3.6420E-01
3.3210E-02  7.9103E+02  7.9066E+02  3.6420E-01
3.3220E-02  7.9077E+02  7.9041E+02  3.6420E-01
3.3230E-02  7.9047E+02  7.9011E+02  3.6420E-01
3.3240E-02  7.9292E+02  7.9255E+02  3.6420E-01
3.3250E-02  7.9136E+02  7.9099E+02  3.6420E-01
3.3260E-02  7.9040E+02  7.9003E+02  3.6420E-01
3.3270E-02  7.8905E+02  7.8869E+02  3.6420E-01
3.3280E-02  7.8871E+02  7.8834E+02  3.6420E-01
3.3290E-02  7.8818E+02  7.8782E+02  3.6420E-01
3.3300E-02  7.8788E+02  7.8752E+02  3.6420E-01
3.3310E-02  7.8757E+02  7.8721E+02  3.6420E-01
3.3320E-02  7.8827E+02  7.8791E+02  3.6420E-01
3.3330E-02  7.8693E+02  7.8657E+02  3.6420E-01
3.3340E-02  7.8657E+02  7.8621E+02  3.6420E-01
3.3350E-02  8.2341E+02  8.2305E+02  3.6420E-01
3.3360E-02  7.8587E+02  7.8551E+02  3.6420E-01
3.3370E-02  7.8553E+02  7.8517E+02  3.6420E-01
3.3380E-02  8.9826E+02  8.9789E+02  3.6420E-01
3.3390E-02  7.8529E+02  7.8492E+02  3.6420E-01
3.3400E-02  7.8507E+02  7.8471E+02  3.6420E-01
3.3410E-02  7.8524E+02  7.8487E+02  3.6420E-01
3.3420E-02  7.8812E+02  7.8776E+02  3.6420E-01
3.3430E-02  2.5624E+03  2.5620E+03  3.6420E-01
3.3440E-02  8.1049E+02  8.1013E+02  3.6420E-01
3.3450E-02  7.8559E+02  7.8523E+02  3.6420E-01
3.3460E-02  7.8403E+02  7.8366E+02  3.6420E-01
3.3470E-02  7.8284E+02  7.8248E+02  3.6420E-01
3.3480E-02  7.8325E+02  7.8289E+02  3.6420E-01
3.3490E-02  8.6182E+02  8.6145E+02  3.6420E-01
3.3500E-02  8.0389E+02  8.0353E+02  3.6420E-01
3.3510E-02  8.0686E+02  8.0649E+02  3.6420E-01
3.3520E-02  9.1861E+02  9.1825E+02  3.6420E-01
3.3530E-02  7.9825E+02  7.9789E+02  3.6420E-01
3.3540E-02  9.4110E+02  9.4074E+02  3.6420E-01
3.3550E-02  9.0649E+02  9.0612E+02  3.6420E-01
3.3560E-02  7.8648E+02  7.8611E+02  3.6420E-01
3.3570E-02  9.5455E+02  9.5418E+02  3.6420E-01
3.3580E-02  7.8181E+02  7.8145E+02  3.6420E-01
3.3590E-02  7.7906E+02  7.7870E+02  3.6420E-01
3.3600E-02  7.8028E+02  7.7992E+02  3.6420E-01
3.3610E-02  7.9223E+02  7.9187E+02  3.6420E-01
3.3620E-02  1.4502E+03  1.4498E+03  3.6420E-01
3.3630E-02  1.3376E+03  1.3373E+03  3.6420E-01
3.3640E-02  9.9988E+02  9.9951E+02  3.6419E-01
3.3650E-02  7.9601E+02  7.9564E+02  3.6419E-01
3.3660E-02  7.9247E+02  7.9210E+02  3.6419E-01
3.3670E-02  8.3586E+02  8.3549E+02  3.6419E-01
3.3680E-02  7.7516E+02  7.7480E+02  3.6419E-01
3.3690E-02  7.7462E+02  7.7426E+02  3.6419E-01
3.3700E-02  7.7364E+02  7.7327E+02  3.6419E-01
3.3710E-02  7.7347E+02  7.7310E+02  3.6419E-01
3.3720E-02  7.7388E+02  7.7351E+02  3.6419E-01
3.3730E-02  7.7512E+02  7.7475E+02  3.6419E-01
3.3740E-02  7.8258E+02  7.8222E+02  3.6419E-01
3.3750E-02  1.1549E+03  1.1546E+03  3.6419E-01
3.3760E-02  7.7864E+02  7.7827E+02  3.6419E-01
3.3770E-02  7.7512E+02  7.7475E+02  3.6419E-01
3.3780E-02  8.7886E+02  8.7850E+02  3.6419E-01
3.3790E-02  7.7125E+02  7.7089E+02  3.6419E-01
3.3800E-02  7.6966E+02  7.6930E+02  3.6419E-01
3.3810E-02  7.7003E+02  7.6967E+02  3.6419E-01
3.3820E-02  7.7242E+02  7.7205E+02  3.6419E-01
3.3830E-02  7.9491E+02  7.9455E+02  3.6419E-01
3.3840E-02  7.6826E+02  7.6790E+02  3.6419E-01
3.3850E-02  7.6779E+02  7.6743E+02  3.6419E-01
3.3860E-02  7.6827E+02  7.6791E+02  3.6419E-01
3.3870E-02  5.9301E+03  5.9297E+03  3.6419E-01
3.3880E-02  7.6659E+02  7.6622E+02  3.6419E-01
3.3890E-02  7.6627E+02  7.6591E+02  3.6419E-01
3.3900E-02  7.6631E+02  7.6595E+02  3.6419E-01
3.3910E-02  7.6734E+02  7.6698E+02  3.6419E-01
3.3920E-02  1.0245E+03  1.0241E+03  3.6419E-01
3.3930E-02  7.9436E+02  7.9399E+02  3.6419E-01
3.3940E-02  8.2215E+02  8.2178E+02  3.6419E-01
3.3950E-02  7.7574E+02  7.7538E+02  3.6419E-01
3.3960E-02  8.2202E+02  8.2166E+02  3.6419E-01
3.3970E-02  9.3255E+03  9.3251E+03  3.6419E-01
3.3980E-02  1.1634E+03  1.1630E+03  3.6419E-01
3.3990E-02  7.6591E+02  7.6555E+02  3.6419E-01
3.4000E-02  7.7021E+02  7.6984E+02  3.6419E-01
3.4010E-02  3.6436E+03  3.6432E+03  3.6419E-01
3.4020E-02  7.6631E+02  7.6595E+02  3.6419E-01
3.4030E-02  2.0925E+04  2.0925E+04  3.6419E-01
3.4040E-02  7.8449E+02  7.8413E+02  3.6419E-01
3.4050E-02  7.6551E+02  7.6514E+02  3.6419E-01
3.4060E-02  7.5977E+02  7.5940E+02  3.6419E-01
3.4070E-02  7.5917E+02  7.5881E+02  3.6419E-01
3.4080E-02  7.5897E+02  7.5861E+02  3.6419E-01
3.4090E-02  7.5958E+02  7.5922E+02  3.6419E-01
3.4100E-02  1.0336E+03  1.0333E+03  3.6419E-01
3.4110E-02  1.6981E+04  1.6980E+04  3.6419E-01
3.4120E-02  7.6707E+02  7.6670E+02  3.6419E-01
3.4130E-02  7.5748E+02  7.5711E+02  3.6419E-01
3.4140E-02  7.5670E+02  7.5634E+02  3.6419E-01
3.4150E-02  7.5621E+02  7.5585E+02  3.6419E-01
3.4160E-02  7.5605E+02  7.5568E+02  3.6419E-01
3.4170E-02  7.5611E+02  7.5575E+02  3.6419E-01
3.4180E-02  7.5724E+02  7.5688E+02  3.6419E-01
3.4190E-02  7.8096E+02  7.8060E+02  3.6419E-01
3.4200E-02  7.8480E+02  7.8443E+02  3.6419E-01
3.4210E-02  8.2290E+02  8.2253E+02  3.6419E-01
3.4220E-02  7.6719E+02  7.6682E+02  3.6419E-01
3.4230E-02  8.3026E+02  8.2989E+02  3.6419E-01
3.4240E-02  1.6085E+03  1.6082E+03  3.6419E-01
3.4250E-02  7.7038E+02  7.7002E+02  3.6419E-01
3.4260E-02  1.0274E+03  1.0271E+03  3.6419E-01
3.4270E-02  7.5433E+02  7.5397E+02  3.6419E-01
3.4280E-02  7.5478E+02  7.5441E+02  3.6419E-01
3.4290E-02  7.6137E+02  7.6100E+02  3.6419E-01
3.4300E-02  5.0193E+04  5.0192E+04  3.6419E-01
3.4310E-02  9.5052E+02  9.5016E+02  3.6419E-01
3.4320E-02  7.5389E+02  7.5352E+02  3.6419E-01
3.4330E-02  7.5072E+02  7.5036E+02  3.6419E-01
3.4340E-02  7.6009E+02  7.5973E+02  3.6419E-01
3.4350E-02  2.7094E+04  2.7093E+04  3.6419E-01
3.4360E-02  2.0814E+03  2.0811E+03  3.6419E-01
3.4370E-02  4.3805E+03  4.3801E+03  3.6419E-01
3.4380E-02  8.1457E+02  8.1420E+02  3.6419E-01
3.4390E-02  1.4077E+03  1.4074E+03  3.6419E-01
3.4400E-02  7.7514E+02  7.7477E+02  3.6419E-01
3.4410E-02  7.7008E+02  7.6972E+02  3.6419E-01
3.4420E-02  2.9252E+03  2.9249E+03  3.6419E-01
3.4430E-02  8.1344E+02  8.1307E+02  3.6419E-01
3.4440E-02  7.5019E+02  7.4982E+02  3.6419E-01
3.4450E-02  7.5177E+02  7.5141E+02  3.6419E-01
3.4460E-02  7.6920E+02  7.6884E+02  3.6419E-01
3.4470E-02  7.4576E+02  7.4539E+02  3.6419E-01
3.4480E-02  7.4494E+02  7.4457E+02  3.6419E-01
3.4490E-02  7.4531E+02  7.4495E+02  3.6419E-01
3.4500E-02  7.5091E+02  7.5055E+02  3.6419E-01
3.4510E-02  1.2758E+03  1.2755E+03  3.6419E-01
3.4520E-02  1.0606E+03  1.0602E+03  3.6419E-01
3.4530E-02  8.1881E+02  8.1844E+02  3.6419E-01
3.4540E-02  7.6497E+02  7.6461E+02  3.6419E-01
3.4550E-02  4.2247E+03  4.2244E+03  3.6419E-01
3.4560E-02  7.7195E+02  7.7159E+02  3.6419E-01
3.4570E-02  7.5860E+02  7.5824E+02  3.6419E-01
3.4580E-02  1.0951E+03  1.0947E+03  3.6419E-01
3.4590E-02  7.8273E+02  7.8237E+02  3.6419E-01
3.4600E-02  8.1680E+02  8.1644E+02  3.6419E-01
3.4610E-02  7.8881E+02  7.8844E+02  3.6419E-01
3.4620E-02  1.8398E+03  1.8394E+03  3.6419E-01
3.4630E-02  7.4359E+02  7.4323E+02  3.6419E-01
3.4640E-02  8.7114E+02  8.7077E+02  3.6419E-01
3.4650E-02  7.6297E+02  7.6261E+02  3.6419E-01
3.4660E-02  7.5711E+02  7.5674E+02  3.6419E-01
3.4670E-02  7.3616E+02  7.3579E+02  3.6419E-01
3.4680E-02  7.3588E+02  7.3552E+02  3.6419E-01
3.4690E-02  7.4119E+02  7.4082E+02  3.6419E-01
3.4700E-02  7.5520E+02  7.5484E+02  3.6419E-01
3.4710E-02  7.3482E+02  7.3445E+02  3.6419E-01
3.4720E-02  7.4585E+02  7.4548E+02  3.6419E-01
3.4730E-02  7.3734E+02  7.3698E+02  3.6419E-01
3.4740E-02  7.3307E+02  7.3270E+02  3.6419E-01
3.4750E-02  7.3277E+02  7.3241E+02  3.6419E-01
3.4760E-02  7.9226E+02  7.9190E+02  3.6419E-01
3.4770E-02  7.3176E+02  7.3139E+02  3.6419E-01
3.4780E-02  7.3172E+02  7.3136E+02  3.6419E-01
3.4790E-02  7.3144E+02  7.3108E+02  3.6419E-01
3.4800E-02  7.3057E+02  7.3021E+02  3.6419E-01
3.4810E-02  7.3025E+02  7.2989E+02  3.6419E-01
3.4820E-02  7.2983E+02  7.2946E+02  3.6419E-01
3.4830E-02  7.2939E+02  7.2902E+02  3.6418E-01
3.4840E-02  7.5331E+02  7.5295E+02  3.6423E-01
3.4850E-02  7.2871E+02  7.2835E+02  3.6423E-01
3.4860E-02  7.2829E+02  7.2793E+02  3.6423E-01
3.4870E-02  7.2829E+02  7.2793E+02  3.6423E-01
3.4880E-02  7.2754E+02  7.2718E+02  3.6423E-01
3.4890E-02  7.2716E+02  7.2680E+02  3.6423E-01
3.4900E-02  7.2677E+02  7.2640E+02  3.6423E-01
3.4910E-02  7.2644E+02  7.2608E+02  3.6423E-01
3.4920E-02  7.2617E+02  7.2581E+02  3.6423E-01
3.4930E-02  7.2665E+02  7.2628E+02  3.6423E-01
3.4940E-02  7.4506E+02  7.4470E+02  3.6423E-01
3.4950E-02  7.2531E+02  7.2495E+02  3.6423E-01
3.4960E-02  7.2461E+02  7.2424E+02  3.6423E-01
3.4970E-02  7.2416E+02  7.2380E+02  3.6423E-01
3.4980E-02  7.2377E+02  7.2341E+02  3.6423E-01
3.4990E-02  7.2338E+02  7.2302E+02  3.6423E-01
3.5000E-02  7.2301E+02  7.2264E+02  3.6423E-01
3.5010E-02  7.2264E+02  7.2228E+02  3.6423E-01
3.5020E-02  7.2313E+02  7.2277E+02  3.6423E-01
3.5030E-02  7.2234E+02  7.2198E+02  3.6423E-01
3.5040E-02  7.5791E+02  7.5755E+02  3.6423E-01
3.5050E-02  7.4411E+02  7.4375E+02  3.6423E-01
3.5060E-02  7.2277E+02  7.2241E+02  3.6423E-01
3.5070E-02  7.2089E+02  7.2053E+02  3.6423E-01
3.5080E-02  7.2444E+02  7.2408E+02  3.6423E-01
3.5090E-02  7.3913E+02  7.3876E+02  3.6423E-01
3.5100E-02  7.6669E+02  7.6633E+02  3.6423E-01
3.5110E-02  7.2672E+02  7.2635E+02  3.6423E-01
3.5120E-02  7.2151E+02  7.2114E+02  3.6423E-01
3.5130E-02  7.1841E+02  7.1804E+02  3.6423E-01
3.5140E-02  7.1794E+02  7.1758E+02  3.6423E-01
3.5150E-02  7.1756E+02  7.1720E+02  3.6423E-01
3.5160E-02  7.1714E+02  7.1678E+02  3.6423E-01
3.5170E-02  7.1680E+02  7.1644E+02  3.6423E-01
3.5180E-02  7.1635E+02  7.1599E+02  3.6423E-01
3.5190E-02  7.1598E+02  7.1562E+02  3.6423E-01
3.5200E-02  7.1565E+02  7.1529E+02  3.6423E-01
3.5210E-02  7.1525E+02  7.1488E+02  3.6423E-01
3.5220E-02  7.1487E+02  7.1451E+02  3.6423E-01
3.5230E-02  7.1451E+02  7.1415E+02  3.6423E-01
3.5240E-02  7.1415E+02  7.1379E+02  3.6423E-01
3.5250E-02  7.1378E+02  7.1341E+02  3.6423E-01
3.5260E-02  7.1342E+02  7.1306E+02  3.6423E-01
3.5270E-02  7.1305E+02  7.1269E+02  3.6423E-01
3.5280E-02  7.1270E+02  7.1234E+02  3.6423E-01
3.5290E-02  7.1234E+02  7.1198E+02  3.6423E-01
3.5300E-02  7.1213E+02  7.1176E+02  3.6423E-01
3.5310E-02  7.1164E+02  7.1128E+02  3.6423E-01
3.5320E-02  7.1135E+02  7.1098E+02  3.6423E-01
3.5330E-02  7.1103E+02  7.1066E+02  3.6423E-01
3.5340E-02  7.1089E+02  7.1053E+02  3.6423E-01
3.5350E-02  7.1266E+02  7.1229E+02  3.6423E-01
3.5360E-02  7.1809E+02  7.1773E+02  3.6423E-01
3.5370E-02  7.1936E+02  7.1899E+02  3.6423E-01
3.5380E-02  7.1431E+02  7.1394E+02  3.6423E-01
3.5390E-02  7.1181E+02  7.1144E+02  3.6423E-01
3.5400E-02  8.9543E+02  8.9506E+02  3.6423E-01
3.5410E-02  7.1486E+02  7.1450E+02  3.6423E-01
3.5420E-02  7.0894E+02  7.0857E+02  3.6423E-01
3.5430E-02  7.0767E+02  7.0730E+02  3.6423E-01
3.5440E-02  7.0789E+02  7.0752E+02  3.6423E-01
3.5450E-02  7.0665E+02  7.0628E+02  3.6423E-01
3.5460E-02  7.0635E+02  7.0598E+02  3.6423E-01
3.5470E-02  7.0586E+02  7.0549E+02  3.6423E-01
3.5480E-02  7.0550E+02  7.0513E+02  3.6423E-01
3.5490E-02  7.0512E+02  7.0476E+02  3.6423E-01
3.5500E-02  7.0476E+02  7.0440E+02  3.6423E-01
3.5510E-02  7.0441E+02  7.0405E+02  3.6423E-01
3.5520E-02  7.0537E+02  7.0500E+02  3.6423E-01
3.5530E-02  7.0641E+02  7.0605E+02  3.6423E-01
3.5540E-02  7.0339E+02  7.0303E+02  3.6423E-01
3.5550E-02  7.0341E+02  7.0305E+02  3.6423E-01
3.5560E-02  7.0282E+02  7.0245E+02  3.6423E-01
3.5570E-02  7.0517E+02  7.0481E+02  3.6423E-01
3.5580E-02  7.0328E+02  7.0292E+02  3.6423E-01
3.5590E-02  7.0964E+02  7.0928E+02  3.6423E-01
3.5600E-02  7.2176E+02  7.2140E+02  3.6423E-01
3.5610E-02  7.2986E+02  7.2949E+02  3.6423E-01
3.5620E-02  7.1171E+02  7.1135E+02  3.6423E-01
3.5630E-02  7.0770E+02  7.0733E+02  3.6423E-01
3.5640E-02  7.0042E+02  7.0006E+02  3.6423E-01
3.5650E-02  6.9966E+02  6.9929E+02  3.6423E-01
3.5660E-02  6.9925E+02  6.9888E+02  3.6423E-01
3.5670E-02  6.9895E+02  6.9858E+02  3.6423E-01
3.5680E-02  7.1334E+02  7.1297E+02  3.6423E-01
3.5690E-02  6.9817E+02  6.9781E+02  3.6423E-01
3.5700E-02  6.9777E+02  6.9741E+02  3.6423E-01
3.5710E-02  6.9751E+02  6.9715E+02  3.6423E-01
3.5720E-02  6.9937E+02  6.9900E+02  3.6423E-01
3.5730E-02  6.9905E+02  6.9868E+02  3.6423E-01
3.5740E-02  7.0571E+02  7.0534E+02  3.6423E-01
3.5750E-02  7.7255E+02  7.7219E+02  3.6423E-01
3.5760E-02  6.9804E+02  6.9768E+02  3.6423E-01
3.5770E-02  6.9572E+02  6.9536E+02  3.6423E-01
3.5780E-02  6.9511E+02  6.9475E+02  3.6423E-01
3.5790E-02  6.9484E+02  6.9447E+02  3.6423E-01
3.5800E-02  6.9523E+02  6.9486E+02  3.6422E-01
3.5810E-02  9.3521E+02  9.3485E+02  3.6422E-01
3.5820E-02  6.9482E+02  6.9446E+02  3.6422E-01
3.5830E-02  6.9344E+02  6.9307E+02  3.6422E-01
3.5840E-02  6.9374E+02  6.9337E+02  3.6422E-01
3.5850E-02  6.9483E+02  6.9446E+02  3.6422E-01
3.5860E-02  6.9241E+02  6.9205E+02  3.6422E-01
3.5870E-02  6.9170E+02  6.9134E+02  3.6422E-01
3.5880E-02  6.9133E+02  6.9096E+02  3.6422E-01
3.5890E-02  6.9097E+02  6.9060E+02  3.6422E-01
3.5900E-02  6.9063E+02  6.9026E+02  3.6422E-01
3.5910E-02  6.9031E+02  6.8995E+02  3.6422E-01
3.5920E-02  6.9009E+02  6.8973E+02  3.6422E-01
3.5930E-02  6.9046E+02  6.9009E+02  3.6422E-01
3.5940E-02  7.1005E+02  7.0968E+02  3.6422E-01
3.5950E-02  7.0366E+02  7.0330E+02  3.6422E-01
3.5960E-02  6.8908E+02  6.8872E+02  3.6422E-01
3.5970E-02  6.8831E+02  6.8794E+02  3.6422E-01
3.5980E-02  6.8825E+02  6.8789E+02  3.6422E-01
3.5990E-02  6.8877E+02  6.8841E+02  3.6422E-01
3.6000E-02  6.8715E+02  6.8678E+02  3.6422E-01
3.6010E-02  6.8881E+02  6.8845E+02  3.6422E-01
3.6020E-02  6.8653E+02  6.8616E+02  3.6422E-01
3.6030E-02  6.8607E+02  6.8571E+02  3.6422E-01
3.6040E-02  6.8573E+02  6.8537E+02  3.6422E-01
3.6050E-02  6.8543E+02  6.8507E+02  3.6422E-01
3.6060E-02  6.8504E+02  6.8467E+02  3.6422E-01
3.6070E-02  6.8470E+02  6.8433E+02  3.6422E-01
3.6080E-02  6.8428E+02  6.8392E+02  3.6422E-01
3.6090E-02  6.8400E+02  6.8364E+02  3.6422E-01
3.6100E-02  6.8376E+02  6.8340E+02  3.6422E-01
3.6110E-02  6.8366E+02  6.8329E+02  3.6422E-01
3.6120E-02  6.8330E+02  6.8294E+02  3.6422E-01
3.6130E-02  6.8254E+02  6.8217E+02  3.6422E-01
3.6140E-02  6.8302E+02  6.8265E+02  3.6422E-01
3.6150E-02  6.8202E+02  6.8165E+02  3.6422E-01
3.6160E-02  6.8155E+02  6.8119E+02  3.6422E-01
3.6170E-02  6.8435E+02  6.8398E+02  3.6422E-01
3.6180E-02  6.8094E+02  6.8057E+02  3.6422E-01
3.6190E-02  6.8046E+02  6.8009E+02  3.6422E-01
3.6200E-02  6.8011E+02  6.7975E+02  3.6422E-01
3.6210E-02  6.7978E+02  6.7942E+02  3.6422E-01
3.6220E-02  6.7943E+02  6.7907E+02  3.6422E-01
3.6230E-02  6.7910E+02  6.7874E+02  3.6422E-01
3.6240E-02  6.7874E+02  6.7838E+02  3.6422E-01
3.6250E-02  6.7842E+02  6.7806E+02  3.6422E-01
3.6260E-02  6.7810E+02  6.7774E+02  3.6422E-01
3.6270E-02  6.7848E+02  6.7811E+02  3.6422E-01
3.6280E-02  6.7744E+02  6.7708E+02  3.6422E-01
3.6290E-02  6.7807E+02  6.7770E+02  3.6422E-01
3.6300E-02  6.7711E+02  6.7674E+02  3.6422E-01
3.6310E-02  6.8245E+02  6.8209E+02  3.6422E-01
3.6320E-02  6.7804E+02  6.7767E+02  3.6422E-01
3.6330E-02  6.7597E+02  6.7561E+02  3.6422E-01
3.6340E-02  6.7561E+02  6.7525E+02  3.6422E-01
3.6350E-02  6.7536E+02  6.7500E+02  3.6422E-01
3.6360E-02  6.7587E+02  6.7551E+02  3.6422E-01
3.6370E-02  7.1266E+02  7.1230E+02  3.6422E-01
3.6380E-02  6.7399E+02  6.7362E+02  3.6422E-01
3.6390E-02  6.7361E+02  6.7325E+02  3.6422E-01
3.6400E-02  6.7327E+02  6.7290E+02  3.6422E-01
3.6410E-02  6.7294E+02  6.7258E+02  3.6422E-01
3.6420E-02  6.7259E+02  6.7222E+02  3.6422E-01
3.6430E-02  6.7227E+02  6.7190E+02  3.6422E-01
3.6440E-02  6.7190E+02  6.7154E+02  3.6422E-01
3.6450E-02  6.7158E+02  6.7122E+02  3.6422E-01
3.6460E-02  6.7137E+02  6.7100E+02  3.6422E-01
3.6470E-02  6.7104E+02  6.7068E+02  3.6422E-01
3.6480E-02  6.7056E+02  6.7019E+02  3.6422E-01
3.6490E-02  6.7022E+02  6.6985E+02  3.6422E-01
3.6500E-02  6.7007E+02  6.6970E+02  3.6422E-01
3.6510E-02  6.6971E+02  6.6934E+02  3.6422E-01
3.6520E-02  6.6920E+02  6.6883E+02  3.6422E-01
3.6530E-02  6.6886E+02  6.6849E+02  3.6422E-01
3.6540E-02  6.6852E+02  6.6815E+02  3.6422E-01
3.6550E-02  6.6818E+02  6.6781E+02  3.6422E-01
3.6560E-02  6.6794E+02  6.6758E+02  3.6422E-01
3.6570E-02  6.6751E+02  6.6714E+02  3.6422E-01
3.6580E-02  6.6717E+02  6.6680E+02  3.6422E-01
3.6590E-02  6.6686E+02  6.6650E+02  3.6422E-01
3.6600E-02  6.6650E+02  6.6613E+02  3.6422E-01
3.6610E-02  6.6623E+02  6.6587E+02  3.6422E-01
3.6620E-02  6.6631E+02  6.6595E+02  3.6422E-01
3.6630E-02  6.6567E+02  6.6531E+02  3.6422E-01
3.6640E-02  6.6526E+02  6.6489E+02  3.6422E-01
3.6650E-02  6.6590E+02  6.6553E+02  3.6422E-01
3.6660E-02  6.6500E+02  6.6464E+02  3.6422E-01
3.6670E-02  6.6417E+02  6.6381E+02  3.6422E-01
3.6680E-02  6.6384E+02  6.6347E+02  3.6422E-01
3.6690E-02  6.6348E+02  6.6311E+02  3.6422E-01
3.6700E-02  6.6314E+02  6.6278E+02  3.6422E-01
3.6710E-02  6.6293E+02  6.6256E+02  3.6422E-01
3.6720E-02  6.6248E+02  6.6212E+02  3.6422E-01
3.6730E-02  6.6247E+02  6.6211E+02  3.6422E-01
3.6740E-02  6.6180E+02  6.6144E+02  3.6422E-01
3.6750E-02  6.6147E+02  6.6111E+02  3.6422E-01
3.6760E-02  6.6114E+02  6.6078E+02  3.6422E-01
3.6770E-02  6.6081E+02  6.6045E+02  3.6422E-01
3.6780E-02  6.6048E+02  6.6012E+02  3.6422E-01
3.6790E-02  6.6015E+02  6.5979E+02  3.6422E-01
3.6800E-02  6.5982E+02  6.5946E+02  3.6422E-01
3.6810E-02  6.5950E+02  6.5913E+02  3.6422E-01
3.6820E-02  6.5916E+02  6.5879E+02  3.6422E-01
3.6830E-02  6.5881E+02  6.5845E+02  3.6422E-01
3.6840E-02  6.5850E+02  6.5814E+02  3.6422E-01
3.6850E-02  6.5824E+02  6.5787E+02  3.6422E-01
3.6860E-02  6.5782E+02  6.5746E+02  3.6422E-01
3.6870E-02  6.5759E+02  6.5723E+02  3.6422E-01
3.6880E-02  6.5719E+02  6.5683E+02  3.6422E-01
3.6890E-02  6.5690E+02  6.5653E+02  3.6422E-01
3.6900E-02  6.5673E+02  6.5636E+02  3.6422E-01
3.6910E-02  6.5808E+02  6.5772E+02  3.6422E-01
3.6920E-02  6.5601E+02  6.5565E+02  3.6422E-01
3.6930E-02  6.5557E+02  6.5520E+02  3.6422E-01
3.6940E-02  7.6395E+02  7.6359E+02  3.6422E-01
3.6950E-02  6.5695E+02  6.5658E+02  3.6422E-01
3.6960E-02  6.5474E+02  6.5438E+02  3.6422E-01
3.6970E-02  1.3248E+03  1.3244E+03  3.6421E-01
3.6980E-02  6.5454E+02  6.5418E+02  3.6421E-01
3.6990E-02  1.1606E+03  1.1602E+03  3.6421E-01
3.7000E-02  6.5394E+02  6.5357E+02  3.6421E-01
3.7010E-02  1.6345E+04  1.6345E+04  3.6421E-01
3.7020E-02  6.5302E+02  6.5265E+02  3.6421E-01
3.7030E-02  6.5349E+02  6.5313E+02  3.6421E-01
3.7040E-02  6.5456E+02  6.5420E+02  3.6421E-01
3.7050E-02  6.6807E+02  6.6771E+02  3.6421E-01
3.7060E-02  6.5271E+02  6.5234E+02  3.6421E-01
3.7070E-02  7.3684E+02  7.3648E+02  3.6421E-01
3.7080E-02  6.6085E+02  6.6049E+02  3.6421E-01
3.7090E-02  6.6117E+02  6.6080E+02  3.6421E-01
3.7100E-02  6.5467E+02  6.5431E+02  3.6421E-01
3.7110E-02  6.5057E+02  6.5020E+02  3.6421E-01
3.7120E-02  6.4993E+02  6.4956E+02  3.6421E-01
3.7130E-02  6.5800E+02  6.5763E+02  3.6421E-01
3.7140E-02  7.0350E+02  7.0313E+02  3.6421E-01
3.7150E-02  6.5371E+02  6.5335E+02  3.6421E-01
3.7160E-02  6.4881E+02  6.4845E+02  3.6421E-01
3.7170E-02  6.7153E+02  6.7116E+02  3.6421E-01
3.7180E-02  6.4812E+02  6.4775E+02  3.6421E-01
3.7190E-02  7.2257E+02  7.2221E+02  3.6421E-01
3.7200E-02  6.4851E+02  6.4815E+02  3.6421E-01
3.7210E-02  6.4654E+02  6.4617E+02  3.6421E-01
3.7220E-02  6.4626E+02  6.4590E+02  3.6421E-01
3.7230E-02  6.4677E+02  6.4641E+02  3.6421E-01
3.7240E-02  6.4663E+02  6.4626E+02  3.6421E-01
3.7250E-02  1.8081E+03  1.8078E+03  3.6421E-01
3.7260E-02  6.4492E+02  6.4456E+02  3.6421E-01
3.7270E-02  6.4453E+02  6.4417E+02  3.6421E-01
3.7280E-02  6.4430E+02  6.4394E+02  3.6421E-01
3.7290E-02  6.6236E+02  6.6199E+02  3.6421E-01
3.7300E-02  6.4383E+02  6.4347E+02  3.6421E-01
3.7310E-02  6.4329E+02  6.4292E+02  3.6421E-01
3.7320E-02  6.4393E+02  6.4357E+02  3.6421E-01
3.7330E-02  6.4333E+02  6.4296E+02  3.6421E-01
3.7340E-02  6.4316E+02  6.4279E+02  3.6421E-01
3.7350E-02  6.4345E+02  6.4309E+02  3.6421E-01
3.7360E-02  6.4821E+02  6.4784E+02  3.6421E-01
3.7370E-02  6.4573E+02  6.4537E+02  3.6421E-01
3.7380E-02  6.4088E+02  6.4052E+02  3.6421E-01
3.7390E-02  6.4055E+02  6.4018E+02  3.6421E-01
3.7400E-02  6.4023E+02  6.3986E+02  3.6421E-01
3.7410E-02  6.3995E+02  6.3958E+02  3.6421E-01
3.7420E-02  6.3966E+02  6.3930E+02  3.6421E-01
3.7430E-02  6.3963E+02  6.3926E+02  3.6421E-01
3.7440E-02  2.0426E+03  2.0422E+03  3.6421E-01
3.7450E-02  6.3893E+02  6.3856E+02  3.6421E-01
3.7460E-02  6.3844E+02  6.3808E+02  3.6421E-01
3.7470E-02  6.3831E+02  6.3795E+02  3.6421E-01
3.7480E-02  6.3776E+02  6.3739E+02  3.6421E-01
3.7490E-02  6.3733E+02  6.3697E+02  3.6421E-01
3.7500E-02  6.3697E+02  6.3661E+02  3.6421E-01
3.7510E-02  6.3676E+02  6.3640E+02  3.6421E-01
3.7520E-02  6.3643E+02  6.3607E+02  3.6421E-01
3.7530E-02  6.3627E+02  6.3591E+02  3.6421E-01
3.7540E-02  6.3735E+02  6.3699E+02  3.6421E-01
3.7550E-02  6.3985E+02  6.3948E+02  3.6421E-01
3.7560E-02  1.8431E+03  1.8427E+03  3.6421E-01
3.7570E-02  6.3577E+02  6.3541E+02  3.6421E-01
3.7580E-02  6.3461E+02  6.3425E+02  3.6421E-01
3.7590E-02  6.3416E+02  6.3379E+02  3.6421E-01
3.7600E-02  6.3385E+02  6.3349E+02  3.6421E-01
3.7610E-02  6.3404E+02  6.3368E+02  3.6421E-01
3.7620E-02  6.3524E+02  6.3488E+02  3.6421E-01
3.7630E-02  6.5807E+02  6.5771E+02  3.6421E-01
3.7640E-02  6.3359E+02  6.3322E+02  3.6421E-01
3.7650E-02  6.3266E+02  6.3230E+02  3.6421E-01
3.7660E-02  6.3286E+02  6.3250E+02  3.6421E-01
3.7670E-02  6.3186E+02  6.3150E+02  3.6421E-01
3.7680E-02  6.3125E+02  6.3089E+02  3.6421E-01
3.7690E-02  6.3633E+02  6.3597E+02  3.6421E-01
3.7700E-02  6.3696E+02  6.3659E+02  3.6421E-01
3.7710E-02  6.3070E+02  6.3034E+02  3.6421E-01
3.7720E-02  6.3003E+02  6.2967E+02  3.6421E-01
3.7730E-02  6.2962E+02  6.2926E+02  3.6421E-01
3.7740E-02  6.2931E+02  6.2894E+02  3.6421E-01
3.7750E-02  6.2903E+02  6.2866E+02  3.6421E-01
3.7760E-02  6.2882E+02  6.2846E+02  3.6421E-01
3.7770E-02  6.2833E+02  6.2797E+02  3.6421E-01
3.7780E-02  6.2810E+02  6.2774E+02  3.6421E-01
3.7790E-02  6.2772E+02  6.2735E+02  3.6421E-01
3.7800E-02  6.2737E+02  6.2701E+02  3.6421E-01
3.7810E-02  6.2707E+02  6.2671E+02  3.6421E-01
3.7820E-02  6.3585E+02  6.3548E+02  3.6421E-01
3.7830E-02  6.3057E+02  6.3021E+02  3.6421E-01
3.7840E-02  6.2611E+02  6.2575E+02  3.6421E-01
3.7850E-02  6.2582E+02  6.2546E+02  3.6421E-01
3.7860E-02  6.2619E+02  6.2582E+02  3.6421E-01
3.7870E-02  6.2582E+02  6.2546E+02  3.6421E-01
3.7880E-02  6.2497E+02  6.2460E+02  3.6421E-01
3.7890E-02  6.2457E+02  6.2420E+02  3.6421E-01
3.7900E-02  6.2426E+02  6.2389E+02  3.6421E-01
3.7910E-02  6.2407E+02  6.2370E+02  3.6421E-01
3.7920E-02  6.2581E+02  6.2545E+02  3.6421E-01
3.7930E-02  6.2331E+02  6.2295E+02  3.6421E-01
3.7940E-02  6.2300E+02  6.2263E+02  3.6421E-01
3.7950E-02  6.2270E+02  6.2234E+02  3.6421E-01
3.7960E-02  6.2503E+02  6.2466E+02  3.6421E-01
3.7970E-02  6.2231E+02  6.2195E+02  3.6421E-01
3.7980E-02  6.2290E+02  6.2254E+02  3.6421E-01
3.7990E-02  1.5404E+04  1.5404E+04  3.6421E-01
3.8000E-02  6.2205E+02  6.2169E+02  3.6421E-01
3.8010E-02  6.2101E+02  6.2065E+02  3.6421E-01
3.8020E-02  6.2068E+02  6.2032E+02  3.6421E-01
3.8030E-02  6.2020E+02  6.1984E+02  3.6421E-01
3.8040E-02  6.1989E+02  6.1953E+02  3.6421E-01
3.8050E-02  6.1964E+02  6.1928E+02  3.6421E-01
3.8060E-02  6.1933E+02  6.1897E+02  3.6421E-01
3.8070E-02  6.1898E+02  6.1862E+02  3.6421E-01
3.8080E-02  6.1857E+02  6.1820E+02  3.6421E-01
3.8090E-02  6.1826E+02  6.1789E+02  3.6421E-01
3.8100E-02  6.1799E+02  6.1762E+02  3.6421E-01
3.8110E-02  6.1769E+02  6.1733E+02  3.6421E-01
3.8120E-02  6.1732E+02  6.1695E+02  3.6421E-01
3.8130E-02  6.1700E+02  6.1664E+02  3.6421E-01
3.8140E-02  6.1678E+02  6.1641E+02  3.6421E-01
3.8150E-02  6.1639E+02  6.1602E+02  3.6420E-01
3.8160E-02  6.1613E+02  6.1577E+02  3.6420E-01
3.8170E-02  6.1582E+02  6.1545E+02  3.6420E-01
3.8180E-02  6.1552E+02  6.1516E+02  3.6420E-01
3.8190E-02  6.1526E+02  6.1489E+02  3.6420E-01
3.8200E-02  6.1491E+02  6.1454E+02  3.6420E-01
3.8210E-02  6.1480E+02  6.1444E+02  3.6420E-01
3.8220E-02  6.1650E+02  6.1614E+02  3.6420E-01
3.8230E-02  6.1871E+02  6.1834E+02  3.6420E-01
3.8240E-02  6.8544E+02  6.8508E+02  3.6420E-01
3.8250E-02  6.1426E+02  6.1389E+02  3.6420E-01
3.8260E-02  6.1535E+02  6.1498E+02  3.6420E-01
3.8270E-02  6.1301E+02  6.1265E+02  3.6420E-01
3.8280E-02  6.1254E+02  6.1217E+02  3.6420E-01
3.8290E-02  8.5168E+02  8.5132E+02  3.6420E-01
3.8300E-02  6.1231E+02  6.1194E+02  3.6420E-01
3.8310E-02  7.3512E+02  7.3475E+02  3.6420E-01
3.8320E-02  6.7473E+02  6.7437E+02  3.6420E-01
3.8330E-02  6.1324E+02  6.1287E+02  3.6420E-01
3.8340E-02  3.2789E+03  3.2785E+03  3.6420E-01
3.8350E-02  6.6339E+02  6.6302E+02  3.6420E-01
3.8360E-02  2.1632E+03  2.1628E+03  3.6420E-01
3.8370E-02  6.1869E+02  6.1832E+02  3.6420E-01
3.8380E-02  2.6116E+04  2.6116E+04  3.6420E-01
3.8390E-02  6.1277E+02  6.1241E+02  3.6420E-01
3.8400E-02  6.4583E+02  6.4546E+02  3.6420E-01
3.8410E-02  1.2399E+03  1.2395E+03  3.6420E-01
3.8420E-02  6.1340E+02  6.1304E+02  3.6420E-01
3.8430E-02  6.1439E+02  6.1402E+02  3.6420E-01
3.8440E-02  1.2330E+03  1.2326E+03  3.6420E-01
3.8450E-02  6.1125E+02  6.1089E+02  3.6420E-01
3.8460E-02  6.9475E+03  6.9471E+03  3.6420E-01
3.8470E-02  6.0773E+02  6.0737E+02  3.6420E-01
3.8480E-02  6.0718E+02  6.0681E+02  3.6420E-01
3.8490E-02  6.0811E+02  6.0775E+02  3.6420E-01
3.8500E-02  1.0560E+03  1.0556E+03  3.6420E-01
3.8510E-02  2.1679E+03  2.1675E+03  3.6420E-01
3.8520E-02  1.6428E+03  1.6425E+03  3.6420E-01
3.8530E-02  6.0532E+02  6.0496E+02  3.6420E-01
3.8540E-02  6.0591E+02  6.0554E+02  3.6420E-01
3.8550E-02  6.0415E+02  6.0378E+02  3.6420E-01
3.8560E-02  6.0410E+02  6.0373E+02  3.6420E-01
3.8570E-02  6.0349E+02  6.0313E+02  3.6420E-01
3.8580E-02  6.0321E+02  6.0285E+02  3.6420E-01
3.8590E-02  6.0442E+02  6.0406E+02  3.6420E-01
3.8600E-02  6.0310E+02  6.0273E+02  3.6420E-01
3.8610E-02  6.0225E+02  6.0189E+02  3.6420E-01
3.8620E-02  6.0255E+02  6.0219E+02  3.6420E-01
3.8630E-02  6.0166E+02  6.0130E+02  3.6420E-01
3.8640E-02  6.0162E+02  6.0125E+02  3.6420E-01
3.8650E-02  6.0137E+02  6.0100E+02  3.6420E-01
3.8660E-02  6.2389E+02  6.2353E+02  3.6420E-01
3.8670E-02  8.0545E+02  8.0509E+02  3.6420E-01
3.8680E-02  6.0023E+02  5.9986E+02  3.6420E-01
3.8690E-02  5.9995E+02  5.9958E+02  3.6420E-01
3.8700E-02  5.9981E+02  5.9945E+02  3.6420E-01
3.8710E-02  5.9989E+02  5.9952E+02  3.6420E-01
3.8720E-02  5.9887E+02  5.9850E+02  3.6420E-01
3.8730E-02  5.9853E+02  5.9816E+02  3.6420E-01
3.8740E-02  5.9825E+02  5.9789E+02  3.6420E-01
3.8750E-02  5.9793E+02  5.9757E+02  3.6420E-01
3.8760E-02  5.9763E+02  5.9726E+02  3.6420E-01
3.8770E-02  5.9732E+02  5.9696E+02  3.6420E-01
3.8780E-02  5.9703E+02  5.9666E+02  3.6420E-01
3.8790E-02  5.9672E+02  5.9636E+02  3.6420E-01
3.8800E-02  5.9643E+02  5.9607E+02  3.6420E-01
3.8810E-02  5.9616E+02  5.9580E+02  3.6420E-01
3.8820E-02  5.9588E+02  5.9552E+02  3.6420E-01
3.8830E-02  5.9562E+02  5.9526E+02  3.6420E-01
3.8840E-02  5.9532E+02  5.9495E+02  3.6420E-01
3.8850E-02  5.9506E+02  5.9470E+02  3.6420E-01
3.8860E-02  5.9478E+02  5.9441E+02  3.6420E-01
3.8870E-02  5.9451E+02  5.9415E+02  3.6420E-01
3.8880E-02  5.9431E+02  5.9395E+02  3.6420E-01
3.8890E-02  5.9408E+02  5.9372E+02  3.6420E-01
3.8900E-02  5.9411E+02  5.9375E+02  3.6420E-01
3.8910E-02  4.0497E+03  4.0494E+03  3.6420E-01
3.8920E-02  5.9932E+02  5.9896E+02  3.6420E-01
3.8930E-02  6.1768E+02  6.1731E+02  3.6420E-01
3.8940E-02  9.4904E+02  9.4868E+02  3.6420E-01
3.8950E-02  8.5279E+02  8.5243E+02  3.6420E-01
3.8960E-02  5.9527E+02  5.9490E+02  3.6420E-01
3.8970E-02  5.9220E+02  5.9183E+02  3.6420E-01
3.8980E-02  5.9211E+02  5.9174E+02  3.6420E-01
3.8990E-02  5.9266E+02  5.9230E+02  3.6420E-01
3.9000E-02  5.9701E+02  5.9664E+02  3.6420E-01
3.9010E-02  6.0745E+02  6.0709E+02  3.6420E-01
3.9020E-02  7.6960E+02  7.6923E+02  3.6420E-01
3.9030E-02  8.7880E+02  8.7844E+02  3.6420E-01
3.9040E-02  1.3298E+03  1.3294E+03  3.6420E-01
3.9050E-02  7.2208E+02  7.2172E+02  3.6420E-01
3.9060E-02  1.3034E+04  1.3034E+04  3.6420E-01
3.9070E-02  5.9012E+02  5.8976E+02  3.6420E-01
3.9080E-02  5.9175E+02  5.9139E+02  3.6420E-01
3.9090E-02  5.9295E+02  5.9259E+02  3.6420E-01
3.9100E-02  1.0361E+03  1.0358E+03  3.6420E-01
3.9110E-02  5.9142E+02  5.9105E+02  3.6420E-01
3.9120E-02  5.9031E+02  5.8995E+02  3.6420E-01
3.9130E-02  5.9297E+02  5.9261E+02  3.6420E-01
3.9140E-02  8.2141E+02  8.2105E+02  3.6420E-01
3.9150E-02  5.9968E+02  5.9931E+02  3.6420E-01
3.9160E-02  6.8371E+02  6.8335E+02  3.6420E-01
3.9170E-02  5.9554E+02  5.9518E+02  3.6420E-01
3.9180E-02  5.9674E+02  5.9638E+02  3.6420E-01
3.9190E-02  5.9872E+02  5.9835E+02  3.6420E-01
3.9200E-02  5.9903E+02  5.9866E+02  3.6420E-01
3.9210E-02  6.0025E+02  5.9989E+02  3.6420E-01
3.9220E-02  6.0144E+02  6.0107E+02  3.6420E-01
3.9230E-02  6.0251E+02  6.0215E+02  3.6420E-01
3.9240E-02  6.0400E+02  6.0364E+02  3.6420E-01
3.9250E-02  6.0628E+02  6.0592E+02  3.6420E-01
3.9260E-02  6.1226E+02  6.1189E+02  3.6420E-01
3.9270E-02  6.0339E+02  6.0302E+02  3.6420E-01
3.9280E-02  6.1694E+02  6.1657E+02  3.6420E-01
3.9290E-02  6.0571E+02  6.0534E+02  3.6420E-01
3.9300E-02  6.0182E+02  6.0146E+02  3.6420E-01
3.9310E-02  6.0180E+02  6.0144E+02  3.6420E-01
3.9320E-02  6.0116E+02  6.0080E+02  3.6420E-01
3.9330E-02  6.0095E+02  6.0058E+02  3.6419E-01
3.9340E-02  6.1277E+02  6.1241E+02  3.6419E-01
3.9350E-02  7.6181E+02  7.6145E+02  3.6419E-01
3.9360E-02  6.0034E+02  5.9997E+02  3.6419E-01
3.9370E-02  5.9978E+02  5.9941E+02  3.6419E-01
3.9380E-02  6.9736E+02  6.9700E+02  3.6419E-01
3.9390E-02  6.0023E+02  5.9986E+02  3.6419E-01
3.9400E-02  5.9953E+02  5.9917E+02  3.6419E-01
3.9410E-02  6.0716E+02  6.0679E+02  3.6419E-01
3.9420E-02  6.3551E+02  6.3514E+02  3.6419E-01
3.9430E-02  6.0105E+02  6.0069E+02  3.6419E-01
3.9440E-02  6.1923E+02  6.1887E+02  3.6419E-01
3.9450E-02  6.3409E+02  6.3373E+02  3.6419E-01
3.9460E-02  6.0656E+02  6.0619E+02  3.6419E-01
3.9470E-02  6.0427E+02  6.0390E+02  3.6419E-01
3.9480E-02  6.0497E+02  6.0461E+02  3.6419E-01
3.9490E-02  6.0988E+02  6.0951E+02  3.6419E-01
3.9500E-02  6.2694E+02  6.2658E+02  3.6419E-01
3.9510E-02  6.4140E+02  6.4103E+02  3.6419E-01
3.9520E-02  1.3814E+03  1.3811E+03  3.6419E-01
3.9530E-02  5.9519E+02  5.9482E+02  3.6419E-01
3.9540E-02  5.9564E+02  5.9528E+02  3.6419E-01
3.9550E-02  7.4813E+02  7.4777E+02  3.6419E-01
3.9560E-02  5.9348E+02  5.9311E+02  3.6419E-01
3.9570E-02  5.9288E+02  5.9252E+02  3.6419E-01
3.9580E-02  5.9306E+02  5.9269E+02  3.6419E-01
3.9590E-02  5.9255E+02  5.9219E+02  3.6419E-01
3.9600E-02  5.9436E+02  5.9400E+02  3.6419E-01
3.9610E-02  6.5999E+02  6.5962E+02  3.6419E-01
3.9620E-02  5.9880E+02  5.9843E+02  3.6419E-01
3.9630E-02  5.9169E+02  5.9132E+02  3.6419E-01
3.9640E-02  5.9147E+02  5.9111E+02  3.6419E-01
3.9650E-02  5.9085E+02  5.9048E+02  3.6419E-01
3.9660E-02  6.1556E+02  6.1520E+02  3.6419E-01
3.9670E-02  5.9578E+02  5.9542E+02  3.6419E-01
3.9680E-02  7.3358E+02  7.3322E+02  3.6419E-01
3.9690E-02  8.2562E+02  8.2525E+02  3.6419E-01
3.9700E-02  6.0106E+02  6.0070E+02  3.6419E-01
3.9710E-02  9.1089E+02  9.1052E+02  3.6419E-01
3.9720E-02  6.0656E+02  6.0619E+02  3.6419E-01
3.9730E-02  6.5996E+02  6.5960E+02  3.6419E-01
3.9740E-02  5.9110E+02  5.9073E+02  3.6419E-01
3.9750E-02  5.8811E+02  5.8774E+02  3.6419E-01
3.9760E-02  5.9646E+02  5.9610E+02  3.6419E-01
3.9770E-02  5.8934E+02  5.8898E+02  3.6419E-01
3.9780E-02  7.4573E+02  7.4536E+02  3.6419E-01
3.9790E-02  5.9306E+02  5.9269E+02  3.6419E-01
3.9800E-02  6.0828E+02  6.0792E+02  3.6419E-01
3.9810E-02  5.9328E+02  5.9291E+02  3.6419E-01
3.9820E-02  5.8887E+02  5.8850E+02  3.6419E-01
3.9830E-02  5.8544E+02  5.8508E+02  3.6419E-01
3.9840E-02  6.1440E+02  6.1403E+02  3.6419E-01
3.9850E-02  5.8541E+02  5.8505E+02  3.6419E-01
3.9860E-02  2.1067E+03  2.1064E+03  3.6419E-01
3.9870E-02  9.7747E+02  9.7710E+02  3.6419E-01
3.9880E-02  6.4097E+02  6.4061E+02  3.6419E-01
3.9890E-02  6.6030E+02  6.5994E+02  3.6419E-01
3.9900E-02  6.0073E+02  6.0037E+02  3.6419E-01
3.9910E-02  6.0879E+03  6.0876E+03  3.6419E-01
3.9920E-02  6.2731E+02  6.2695E+02  3.6419E-01
3.9930E-02  5.9224E+02  5.9188E+02  3.6419E-01
3.9940E-02  5.8305E+02  5.8269E+02  3.6419E-01
3.9950E-02  5.8317E+02  5.8280E+02  3.6419E-01
3.9960E-02  5.9464E+02  5.9427E+02  3.6419E-01
3.9970E-02  5.8899E+02  5.8862E+02  3.6419E-01
3.9980E-02  6.0065E+02  6.0029E+02  3.6419E-01
3.9990E-02  5.8391E+02  5.8355E+02  3.6419E-01
4.0000E-02  6.9352E+02  6.9316E+02  3.6419E-01
4.0020E-02  9.3155E+02  9.3119E+02  3.6419E-01
4.0040E-02  6.0571E+02  6.0535E+02  3.6419E-01
4.0060E-02  5.8283E+02  5.8247E+02  3.6419E-01
4.0080E-02  5.7902E+02  5.7865E+02  3.6419E-01
4.0100E-02  5.8895E+02  5.8859E+02  3.6419E-01
4.0120E-02  5.7775E+02  5.7739E+02  3.6419E-01
4.0140E-02  5.7693E+02  5.7656E+02  3.6419E-01
4.0160E-02  5.7597E+02  5.7561E+02  3.6419E-01
4.0180E-02  5.7754E+02  5.7718E+02  3.6419E-01
4.0200E-02  1.0298E+03  1.0294E+03  3.6419E-01
4.0220E-02  5.7446E+02  5.7409E+02  3.6419E-01
4.0240E-02  5.7387E+02  5.7351E+02  3.6419E-01
4.0260E-02  5.7342E+02  5.7305E+02  3.6419E-01
4.0280E-02  5.7427E+02  5.7391E+02  3.6419E-01
4.0300E-02  5.7275E+02  5.7238E+02  3.6419E-01
4.0320E-02  5.7215E+02  5.7179E+02  3.6419E-01
4.0340E-02  5.7177E+02  5.7141E+02  3.6419E-01
4.0360E-02  5.7146E+02  5.7110E+02  3.6419E-01
4.0380E-02  5.7115E+02  5.7079E+02  3.6419E-01
4.0400E-02  5.8973E+02  5.8937E+02  3.6419E-01
4.0420E-02  5.7273E+02  5.7237E+02  3.6419E-01
4.0440E-02  5.7042E+02  5.7005E+02  3.6418E-01
4.0460E-02  5.7076E+02  5.7040E+02  3.6418E-01
4.0480E-02  5.7025E+02  5.6988E+02  3.6418E-01
4.0500E-02  5.7134E+02  5.7097E+02  3.6418E-01
4.0520E-02  5.7042E+02  5.7005E+02  3.6418E-01
4.0540E-02  5.7203E+02  5.7167E+02  3.6418E-01
4.0560E-02  5.7340E+02  5.7304E+02  3.6418E-01
4.0580E-02  5.7352E+02  5.7315E+02  3.6418E-01
4.0600E-02  7.0190E+02  7.0153E+02  3.6418E-01
4.0620E-02  5.8096E+02  5.8059E+02  3.6418E-01
4.0640E-02  5.7920E+02  5.7884E+02  3.6418E-01
4.0660E-02  6.4265E+02  6.4229E+02  3.6418E-01
4.0680E-02  5.9378E+02  5.9341E+02  3.6418E-01
4.0700E-02  8.7722E+02  8.7685E+02  3.6418E-01
4.0720E-02  8.0318E+02  8.0282E+02  3.6418E-01
4.0740E-02  6.8183E+02  6.8147E+02  3.6418E-01
4.0760E-02  8.5474E+02  8.5437E+02  3.6418E-01
4.0780E-02  1.3368E+03  1.3365E+03  3.6418E-01
4.0800E-02  3.3184E+03  3.3180E+03  3.6418E-01
4.0820E-02  2.3836E+08  2.3836E+08  3.6418E-01
4.0840E-02  3.3331E+03  3.3327E+03  3.6418E-01
4.0860E-02  1.1956E+03  1.1953E+03  3.6418E-01
4.0880E-02  8.0513E+02  8.0477E+02  3.6418E-01
4.0900E-02  6.7829E+02  6.7792E+02  3.6418E-01
4.0920E-02  6.3382E+02  6.3346E+02  3.6418E-01
4.0940E-02  6.0027E+02  5.9990E+02  3.6420E-01
4.0960E-02  5.8589E+02  5.8553E+02  3.6420E-01
4.0980E-02  5.7753E+02  5.7717E+02  3.6420E-01
4.1000E-02  5.7060E+02  5.7023E+02  3.6420E-01
4.1020E-02  5.6623E+02  5.6586E+02  3.6420E-01
4.1040E-02  5.6339E+02  5.6302E+02  3.6420E-01
4.1060E-02  5.9028E+02  5.8992E+02  3.6419E-01
4.1080E-02  5.8490E+02  5.8453E+02  3.6419E-01
4.1100E-02  5.6881E+02  5.6845E+02  3.6419E-01
4.1120E-02  5.6005E+02  5.5968E+02  3.6419E-01
4.1140E-02  5.5522E+02  5.5485E+02  3.6419E-01
4.1160E-02  5.8245E+02  5.8209E+02  3.6419E-01
4.1180E-02  1.8629E+03  1.8625E+03  3.6419E-01
4.1200E-02  5.5298E+02  5.5262E+02  3.6419E-01
4.1220E-02  3.3757E+03  3.3754E+03  3.6419E-01
4.1240E-02  6.2634E+02  6.2598E+02  3.6419E-01
4.1260E-02  4.5921E+04  4.5921E+04  3.6419E-01
4.1280E-02  5.5069E+02  5.5032E+02  3.6419E-01
4.1300E-02  4.5840E+03  4.5836E+03  3.6419E-01
4.1320E-02  5.4776E+02  5.4739E+02  3.6419E-01
4.1340E-02  5.4680E+02  5.4644E+02  3.6419E-01
4.1360E-02  5.4656E+02  5.4620E+02  3.6419E-01
4.1380E-02  6.3562E+02  6.3526E+02  3.6419E-01
4.1400E-02  5.4571E+02  5.4535E+02  3.6419E-01
4.1420E-02  5.5264E+02  5.5227E+02  3.6419E-01
4.1440E-02  5.6903E+02  5.6867E+02  3.6419E-01
4.1460E-02  5.8428E+02  5.8391E+02  3.6419E-01
4.1480E-02  8.8206E+02  8.8170E+02  3.6419E-01
4.1500E-02  6.1951E+02  6.1915E+02  3.6419E-01
4.1520E-02  1.1739E+03  1.1735E+03  3.6419E-01
4.1540E-02  6.5408E+02  6.5372E+02  3.6419E-01
4.1560E-02  6.5123E+02  6.5086E+02  3.6419E-01
4.1580E-02  6.5229E+02  6.5192E+02  3.6419E-01
4.1600E-02  6.5251E+02  6.5214E+02  3.6419E-01
4.1620E-02  6.5000E+02  6.4964E+02  3.6419E-01
4.1640E-02  6.4955E+02  6.4919E+02  3.6419E-01
4.1660E-02  6.4911E+02  6.4874E+02  3.6419E-01
4.1680E-02  6.4889E+02  6.4853E+02  3.6419E-01
4.1700E-02  6.4861E+02  6.4825E+02  3.6419E-01
4.1720E-02  6.4909E+02  6.4872E+02  3.6419E-01
4.1740E-02  7.1857E+02  7.1820E+02  3.6419E-01
4.1760E-02  6.6019E+02  6.5983E+02  3.6419E-01
4.1780E-02  6.4843E+02  6.4806E+02  3.6419E-01
4.1800E-02  6.4726E+02  6.4689E+02  3.6419E-01
4.1820E-02  6.4833E+02  6.4796E+02  3.6419E-01
4.1840E-02  6.4716E+02  6.4679E+02  3.6419E-01
4.1860E-02  7.0361E+02  7.0325E+02  3.6419E-01
4.1880E-02  6.4659E+02  6.4623E+02  3.6419E-01
4.1900E-02  6.4587E+02  6.4551E+02  3.6419E-01
4.1920E-02  6.4568E+02  6.4532E+02  3.6419E-01
4.1940E-02  6.4491E+02  6.4455E+02  3.6419E-01
4.1960E-02  6.4894E+02  6.4857E+02  3.6419E-01
4.1980E-02  6.4432E+02  6.4396E+02  3.6419E-01
4.2000E-02  6.4400E+02  6.4363E+02  3.6418E-01
4.2020E-02  6.4367E+02  6.4331E+02  3.6418E-01
4.2040E-02  6.4341E+02  6.4305E+02  3.6418E-01
4.2060E-02  6.4301E+02  6.4264E+02  3.6418E-01
4.2080E-02  6.4266E+02  6.4229E+02  3.6418E-01
4.2100E-02  6.4296E+02  6.4260E+02  3.6418E-01
4.2120E-02  6.4197E+02  6.4161E+02  3.6418E-01
4.2140E-02  6.4212E+02  6.4176E+02  3.6418E-01
4.2160E-02  6.4169E+02  6.4132E+02  3.6418E-01
4.2180E-02  8.2010E+02  8.1973E+02  3.6418E-01
4.2200E-02  6.4114E+02  6.4077E+02  3.6418E-01
4.2220E-02  6.4327E+02  6.4290E+02  3.6418E-01
4.2240E-02  6.4355E+02  6.4318E+02  3.6418E-01
4.2260E-02  6.4102E+02  6.4066E+02  3.6418E-01
4.2280E-02  1.3710E+03  1.3707E+03  3.6418E-01
4.2300E-02  6.3978E+02  6.3941E+02  3.6418E-01
4.2320E-02  6.3835E+02  6.3798E+02  3.6418E-01
4.2340E-02  6.3775E+02  6.3739E+02  3.6418E-01
4.2360E-02  6.3791E+02  6.3754E+02  3.6418E-01
4.2380E-02  6.3675E+02  6.3638E+02  3.6418E-01
4.2400E-02  6.3637E+02  6.3601E+02  3.6418E-01
4.2420E-02  6.3612E+02  6.3575E+02  3.6418E-01
4.2440E-02  6.4067E+02  6.4030E+02  3.6418E-01
4.2460E-02  6.3648E+02  6.3611E+02  3.6418E-01
4.2480E-02  6.3499E+02  6.3462E+02  3.6418E-01
4.2500E-02  6.3441E+02  6.3405E+02  3.6418E-01
4.2520E-02  6.3558E+02  6.3521E+02  3.6418E-01
4.2540E-02  8.2343E+02  8.2306E+02  3.6418E-01
4.2560E-02  6.3522E+02  6.3485E+02  3.6418E-01
4.2580E-02  6.3295E+02  6.3258E+02  3.6418E-01
4.2600E-02  6.3236E+02  6.3199E+02  3.6418E-01
4.2620E-02  6.3385E+02  6.3348E+02  3.6418E-01
4.2640E-02  6.3445E+02  6.3409E+02  3.6418E-01
4.2660E-02  6.3129E+02  6.3092E+02  3.6418E-01
4.2680E-02  6.3132E+02  6.3095E+02  3.6418E-01
4.2700E-02  6.3049E+02  6.3013E+02  3.6418E-01
4.2720E-02  6.5186E+02  6.5149E+02  3.6418E-01
4.2740E-02  6.4255E+02  6.4218E+02  3.6418E-01
4.2760E-02  7.6771E+02  7.6735E+02  3.6418E-01
4.2780E-02  6.2874E+02  6.2838E+02  3.6418E-01
4.2800E-02  6.2791E+02  6.2754E+02  3.6418E-01
4.2820E-02  6.2762E+02  6.2725E+02  3.6418E-01
4.2840E-02  1.3371E+03  1.3367E+03  3.6418E-01
4.2860E-02  6.5988E+02  6.5952E+02  3.6418E-01
4.2880E-02  6.3255E+02  6.3219E+02  3.6418E-01
4.2900E-02  7.6836E+02  7.6800E+02  3.6418E-01
4.2920E-02  6.2506E+02  6.2469E+02  3.6418E-01
4.2940E-02  6.2464E+02  6.2428E+02  3.6417E-01
4.2960E-02  6.2438E+02  6.2402E+02  3.6417E-01
4.2980E-02  6.2369E+02  6.2332E+02  3.6417E-01
4.3000E-02  6.2310E+02  6.2274E+02  3.6417E-01
4.3020E-02  6.2298E+02  6.2262E+02  3.6417E-01
4.3040E-02  6.2414E+02  6.2377E+02  3.6417E-01
4.3060E-02  6.2264E+02  6.2227E+02  3.6417E-01
4.3080E-02  6.2136E+02  6.2099E+02  3.6417E-01
4.3100E-02  6.2072E+02  6.2035E+02  3.6417E-01
4.3120E-02  1.4488E+03  1.4484E+03  3.6417E-01
4.3140E-02  6.2000E+02  6.1963E+02  3.6417E-01
4.3160E-02  6.1936E+02  6.1900E+02  3.6417E-01
4.3180E-02  6.1890E+02  6.1854E+02  3.6417E-01
4.3200E-02  6.1862E+02  6.1826E+02  3.6417E-01
4.3220E-02  6.1812E+02  6.1775E+02  3.6417E-01
4.3240E-02  6.1796E+02  6.1760E+02  3.6417E-01
4.3260E-02  6.1714E+02  6.1678E+02  3.6417E-01
4.3280E-02  6.1664E+02  6.1628E+02  3.6417E-01
4.3300E-02  6.1620E+02  6.1583E+02  3.6417E-01
4.3320E-02  6.1585E+02  6.1549E+02  3.6417E-01
4.3340E-02  6.1547E+02  6.1511E+02  3.6417E-01
4.3360E-02  6.1485E+02  6.1449E+02  3.6417E-01
4.3380E-02  6.1438E+02  6.1402E+02  3.6417E-01
4.3400E-02  6.1399E+02  6.1363E+02  3.6417E-01
4.3420E-02  6.1351E+02  6.1314E+02  3.6417E-01
4.3440E-02  6.1403E+02  6.1367E+02  3.6417E-01
4.3460E-02  6.1507E+02  6.1470E+02  3.6417E-01
4.3480E-02  6.1216E+02  6.1180E+02  3.6417E-01
4.3500E-02  6.1171E+02  6.1135E+02  3.6417E-01
4.3520E-02  6.1162E+02  6.1126E+02  3.6417E-01
4.3540E-02  6.1082E+02  6.1046E+02  3.6417E-01
4.3560E-02  6.1036E+02  6.1000E+02  3.6417E-01
4.3580E-02  6.1006E+02  6.0969E+02  3.6417E-01
4.3600E-02  6.1065E+02  6.1029E+02  3.6417E-01
4.3620E-02  6.0911E+02  6.0875E+02  3.6417E-01
4.3640E-02  6.0896E+02  6.0859E+02  3.6417E-01
4.3660E-02  2.8958E+03  2.8955E+03  3.6417E-01
4.3680E-02  1.3576E+03  1.3573E+03  3.6417E-01
4.3700E-02  8.9819E+02  8.9783E+02  3.6417E-01
4.3720E-02  6.0689E+02  6.0652E+02  3.6417E-01
4.3740E-02  6.0641E+02  6.0605E+02  3.6417E-01
4.3760E-02  6.0699E+02  6.0663E+02  3.6417E-01
4.3780E-02  6.0551E+02  6.0514E+02  3.6417E-01
4.3800E-02  6.0524E+02  6.0487E+02  3.6417E-01
4.3820E-02  6.0477E+02  6.0440E+02  3.6417E-01
4.3840E-02  6.0419E+02  6.0383E+02  3.6417E-01
4.3860E-02  6.0475E+02  6.0439E+02  3.6417E-01
4.3880E-02  6.0377E+02  6.0340E+02  3.6417E-01
4.3900E-02  6.0290E+02  6.0254E+02  3.6417E-01
4.3920E-02  6.0251E+02  6.0215E+02  3.6417E-01
4.3940E-02  6.0213E+02  6.0177E+02  3.6416E-01
4.3960E-02  7.1564E+02  7.1528E+02  3.6416E-01
4.3980E-02  6.0219E+02  6.0183E+02  3.6416E-01
4.4000E-02  6.0473E+02  6.0437E+02  3.6416E-01
4.4020E-02  6.2719E+02  6.2682E+02  3.6416E-01
4.4040E-02  6.2695E+02  6.2659E+02  3.6416E-01
4.4060E-02  6.0079E+02  6.0043E+02  3.6416E-01
4.4080E-02  5.9970E+02  5.9934E+02  3.6416E-01
4.4100E-02  6.0000E+02  5.9963E+02  3.6416E-01
4.4120E-02  5.9817E+02  5.9780E+02  3.6416E-01
4.4140E-02  5.9778E+02  5.9742E+02  3.6416E-01
4.4160E-02  5.9736E+02  5.9699E+02  3.6416E-01
4.4180E-02  5.9698E+02  5.9661E+02  3.6416E-01
4.4200E-02  5.9672E+02  5.9636E+02  3.6416E-01
4.4220E-02  5.9593E+02  5.9556E+02  3.6416E-01
4.4240E-02  5.9553E+02  5.9516E+02  3.6416E-01
4.4260E-02  5.9504E+02  5.9467E+02  3.6416E-01
4.4280E-02  5.9452E+02  5.9416E+02  3.6416E-01
4.4300E-02  5.9411E+02  5.9375E+02  3.6416E-01
4.4320E-02  5.9366E+02  5.9329E+02  3.6416E-01
4.4340E-02  5.9339E+02  5.9302E+02  3.6416E-01
4.4360E-02  5.9295E+02  5.9258E+02  3.6416E-01
4.4380E-02  5.9243E+02  5.9207E+02  3.6416E-01
4.4400E-02  5.9220E+02  5.9184E+02  3.6416E-01
4.4420E-02  6.0168E+02  6.0132E+02  3.6416E-01
4.4440E-02  5.9125E+02  5.9088E+02  3.6416E-01
4.4460E-02  5.9131E+02  5.9094E+02  3.6416E-01
4.4480E-02  5.9032E+02  5.8996E+02  3.6416E-01
4.4500E-02  5.8990E+02  5.8954E+02  3.6416E-01
4.4520E-02  5.8946E+02  5.8909E+02  3.6416E-01
4.4540E-02  5.9019E+02  5.8982E+02  3.6416E-01
4.4560E-02  5.8864E+02  5.8828E+02  3.6416E-01
4.4580E-02  5.8856E+02  5.8820E+02  3.6416E-01
4.4600E-02  5.9119E+02  5.9083E+02  3.6416E-01
4.4620E-02  5.8908E+02  5.8871E+02  3.6416E-01
4.4640E-02  7.4797E+02  7.4761E+02  3.6416E-01
4.4660E-02  5.8789E+02  5.8753E+02  3.6416E-01
4.4680E-02  6.1140E+02  6.1103E+02  3.6416E-01
4.4700E-02  6.0638E+02  6.0601E+02  3.6416E-01
4.4720E-02  5.8875E+02  5.8839E+02  3.6416E-01
4.4740E-02  5.9028E+02  5.8991E+02  3.6420E-01
4.4760E-02  5.8986E+02  5.8949E+02  3.6420E-01
4.4780E-02  5.9039E+02  5.9003E+02  3.6420E-01
4.4800E-02  5.9098E+02  5.9062E+02  3.6419E-01
4.4820E-02  5.9179E+02  5.9142E+02  3.6419E-01
4.4840E-02  3.9124E+03  3.9121E+03  3.6419E-01
4.4860E-02  5.9286E+02  5.9250E+02  3.6419E-01
4.4880E-02  8.6405E+02  8.6369E+02  3.6419E-01
4.4900E-02  1.2018E+03  1.2014E+03  3.6419E-01
4.4920E-02  5.9365E+02  5.9328E+02  3.6419E-01
4.4940E-02  6.0522E+02  6.0486E+02  3.6419E-01
4.4960E-02  5.9467E+02  5.9431E+02  3.6419E-01
4.4980E-02  5.9326E+02  5.9290E+02  3.6419E-01
4.5000E-02  5.9268E+02  5.9232E+02  3.6419E-01
4.5020E-02  5.9998E+02  5.9961E+02  3.6419E-01
4.5040E-02  6.3602E+02  6.3566E+02  3.6419E-01
4.5060E-02  5.9456E+02  5.9420E+02  3.6419E-01
4.5080E-02  5.9124E+02  5.9087E+02  3.6419E-01
4.5100E-02  5.9075E+02  5.9039E+02  3.6419E-01
4.5120E-02  5.9011E+02  5.8974E+02  3.6419E-01
4.5140E-02  5.9089E+02  5.9052E+02  3.6419E-01
4.5160E-02  5.8997E+02  5.8961E+02  3.6419E-01
4.5180E-02  6.0721E+02  6.0685E+02  3.6419E-01
4.5200E-02  5.8913E+02  5.8876E+02  3.6419E-01
4.5220E-02  5.8843E+02  5.8807E+02  3.6419E-01
4.5240E-02  1.0563E+03  1.0560E+03  3.6419E-01
4.5260E-02  5.8860E+02  5.8824E+02  3.6419E-01
4.5280E-02  5.8707E+02  5.8671E+02  3.6419E-01
4.5300E-02  5.8618E+02  5.8582E+02  3.6419E-01
4.5320E-02  5.8589E+02  5.8552E+02  3.6419E-01
4.5340E-02  5.8545E+02  5.8509E+02  3.6419E-01
4.5360E-02  5.8791E+02  5.8755E+02  3.6419E-01
4.5380E-02  5.8508E+02  5.8471E+02  3.6419E-01
4.5400E-02  5.8453E+02  5.8417E+02  3.6419E-01
4.5420E-02  5.8394E+02  5.8358E+02  3.6419E-01
4.5440E-02  5.8355E+02  5.8319E+02  3.6419E-01
4.5460E-02  5.8468E+02  5.8432E+02  3.6419E-01
4.5480E-02  5.8374E+02  5.8337E+02  3.6419E-01
4.5500E-02  7.7384E+02  7.7348E+02  3.6419E-01
4.5520E-02  5.9064E+02  5.9028E+02  3.6419E-01
4.5540E-02  5.8252E+02  5.8216E+02  3.6419E-01
4.5560E-02  5.8558E+02  5.8522E+02  3.6419E-01
4.5580E-02  6.4056E+02  6.4019E+02  3.6419E-01
4.5600E-02  5.9447E+02  5.9410E+02  3.6419E-01
4.5620E-02  5.8378E+02  5.8342E+02  3.6419E-01
4.5640E-02  8.8752E+02  8.8716E+02  3.6419E-01
4.5660E-02  5.8061E+02  5.8025E+02  3.6419E-01
4.5680E-02  5.7978E+02  5.7942E+02  3.6419E-01
4.5700E-02  5.7950E+02  5.7914E+02  3.6419E-01
4.5720E-02  5.7890E+02  5.7854E+02  3.6419E-01
4.5740E-02  5.7840E+02  5.7803E+02  3.6419E-01
4.5760E-02  5.7813E+02  5.7777E+02  3.6419E-01
4.5780E-02  5.7890E+02  5.7854E+02  3.6419E-01
4.5800E-02  5.7840E+02  5.7804E+02  3.6418E-01
4.5820E-02  5.9075E+02  5.9038E+02  3.6418E-01
4.5840E-02  5.7704E+02  5.7667E+02  3.6418E-01
4.5860E-02  6.1867E+02  6.1831E+02  3.6418E-01
4.5880E-02  5.7535E+02  5.7499E+02  3.6418E-01
4.5900E-02  5.7522E+02  5.7486E+02  3.6418E-01
4.5920E-02  5.7505E+02  5.7469E+02  3.6418E-01
4.5940E-02  5.7459E+02  5.7422E+02  3.6418E-01
4.5960E-02  5.8018E+02  5.7981E+02  3.6418E-01
4.5980E-02  5.7381E+02  5.7344E+02  3.6418E-01
4.6000E-02  5.7798E+02  5.7762E+02  3.6418E-01
4.6020E-02  7.0739E+02  7.0702E+02  3.6418E-01
4.6040E-02  5.7352E+02  5.7316E+02  3.6418E-01
4.6060E-02  5.8526E+02  5.8490E+02  3.6418E-01
4.6080E-02  5.7200E+02  5.7164E+02  3.6418E-01
4.6100E-02  2.4068E+03  2.4065E+03  3.6418E-01
4.6120E-02  5.7080E+02  5.7043E+02  3.6418E-01
4.6140E-02  5.7942E+02  5.7906E+02  3.6418E-01
4.6160E-02  6.6867E+02  6.6831E+02  3.6418E-01
4.6180E-02  2.2561E+03  2.2557E+03  3.6418E-01
4.6200E-02  5.8775E+02  5.8739E+02  3.6418E-01
4.6220E-02  5.6931E+02  5.6895E+02  3.6418E-01
4.6240E-02  5.6862E+02  5.6825E+02  3.6418E-01
4.6260E-02  5.6778E+02  5.6741E+02  3.6418E-01
4.6280E-02  5.6697E+02  5.6661E+02  3.6418E-01
4.6300E-02  5.6665E+02  5.6629E+02  3.6418E-01
4.6320E-02  5.6803E+02  5.6766E+02  3.6418E-01
4.6340E-02  5.8347E+02  5.8311E+02  3.6418E-01
4.6360E-02  5.7638E+02  5.7602E+02  3.6418E-01
4.6380E-02  5.7323E+02  5.7287E+02  3.6418E-01
4.6400E-02  5.6467E+02  5.6431E+02  3.6418E-01
4.6420E-02  5.6416E+02  5.6380E+02  3.6418E-01
4.6440E-02  5.6382E+02  5.6346E+02  3.6418E-01
4.6460E-02  5.6468E+02  5.6432E+02  3.6418E-01
4.6480E-02  6.0698E+02  6.0661E+02  3.6418E-01
4.6500E-02  5.6473E+02  5.6436E+02  3.6418E-01
4.6520E-02  5.8695E+02  5.8659E+02  3.6418E-01
4.6540E-02  7.3511E+02  7.3475E+02  3.6418E-01
4.6560E-02  5.8596E+02  5.8560E+02  3.6418E-01
4.6580E-02  5.6309E+02  5.6273E+02  3.6418E-01
4.6600E-02  5.6101E+02  5.6065E+02  3.6418E-01
4.6620E-02  5.6364E+02  5.6327E+02  3.6418E-01
4.6640E-02  5.6452E+02  5.6416E+02  3.6418E-01
4.6660E-02  1.4541E+03  1.4537E+03  3.6418E-01
4.6680E-02  5.6106E+02  5.6070E+02  3.6418E-01
4.6700E-02  4.2014E+04  4.2014E+04  3.6418E-01
4.6720E-02  2.4315E+04  2.4315E+04  3.6418E-01
4.6740E-02  1.1898E+03  1.1894E+03  3.6418E-01
4.6760E-02  5.6015E+02  5.5978E+02  3.6418E-01
4.6780E-02  5.5887E+02  5.5851E+02  3.6418E-01
4.6800E-02  5.8016E+02  5.7980E+02  3.6418E-01
4.6820E-02  5.6082E+02  5.6045E+02  3.6418E-01
4.6840E-02  5.6223E+02  5.6186E+02  3.6418E-01
4.6860E-02  5.6656E+02  5.6619E+02  3.6418E-01
4.6880E-02  5.7268E+02  5.7231E+02  3.6418E-01
4.6900E-02  5.7986E+02  5.7949E+02  3.6418E-01
4.6920E-02  5.9684E+02  5.9648E+02  3.6418E-01
4.6940E-02  6.0094E+02  6.0058E+02  3.6418E-01
4.6960E-02  6.1056E+02  6.1019E+02  3.6418E-01
4.6980E-02  6.0831E+02  6.0795E+02  3.6418E-01
4.7000E-02  6.2638E+02  6.2601E+02  3.6418E-01
4.7020E-02  6.2277E+02  6.2241E+02  3.6418E-01
4.7040E-02  6.7584E+02  6.7547E+02  3.6418E-01
4.7060E-02  6.5910E+02  6.5874E+02  3.6418E-01
4.7080E-02  6.4486E+02  6.4450E+02  3.6418E-01
4.7100E-02  6.4909E+02  6.4873E+02  3.6418E-01
4.7120E-02  6.8122E+02  6.8086E+02  3.6418E-01
4.7140E-02  6.7569E+02  6.7532E+02  3.6418E-01
4.7160E-02  6.7948E+02  6.7912E+02  3.6418E-01
4.7180E-02  6.5600E+02  6.5563E+02  3.6418E-01
4.7200E-02  6.8942E+02  6.8905E+02  3.6418E-01
4.7220E-02  6.6385E+02  6.6349E+02  3.6418E-01
4.7240E-02  6.5129E+02  6.5093E+02  3.6418E-01
4.7260E-02  6.5194E+02  6.5157E+02  3.6418E-01
4.7280E-02  9.0687E+02  9.0650E+02  3.6418E-01
4.7300E-02  6.4931E+02  6.4895E+02  3.6418E-01
4.7320E-02  6.4906E+02  6.4869E+02  3.6417E-01
4.7340E-02  6.4889E+02  6.4853E+02  3.6417E-01
4.7360E-02  6.4819E+02  6.4783E+02  3.6417E-01
4.7380E-02  6.5887E+02  6.5850E+02  3.6417E-01
4.7400E-02  6.5131E+02  6.5095E+02  3.6417E-01
4.7420E-02  6.4980E+02  6.4943E+02  3.6417E-01
4.7440E-02  6.4593E+02  6.4556E+02  3.6417E-01
4.7460E-02  6.4552E+02  6.4516E+02  3.6417E-01
4.7480E-02  6.5184E+02  6.5148E+02  3.6417E-01
4.7500E-02  7.1080E+02  7.1043E+02  3.6417E-01
4.7520E-02  6.8312E+02  6.8275E+02  3.6417E-01
4.7540E-02  6.7095E+02  6.7058E+02  3.6417E-01
4.7560E-02  6.5836E+02  6.5799E+02  3.6417E-01
4.7580E-02  6.4757E+02  6.4721E+02  3.6417E-01
4.7600E-02  6.4275E+02  6.4239E+02  3.6417E-01
4.7620E-02  7.7537E+02  7.7501E+02  3.6417E-01
4.7640E-02  6.4102E+02  6.4066E+02  3.6417E-01
4.7660E-02  7.4587E+02  7.4551E+02  3.6417E-01
4.7680E-02  1.7555E+03  1.7551E+03  3.6417E-01
4.7700E-02  6.3999E+02  6.3962E+02  3.6417E-01
4.7720E-02  6.4372E+02  6.4335E+02  3.6417E-01
4.7740E-02  6.5659E+02  6.5623E+02  3.6417E-01
4.7760E-02  8.9378E+02  8.9341E+02  3.6417E-01
4.7780E-02  9.1132E+04  9.1131E+04  3.6417E-01
4.7800E-02  1.0388E+04  1.0387E+04  3.6417E-01
4.7820E-02  6.4045E+02  6.4008E+02  3.6417E-01
4.7840E-02  1.0987E+03  1.0983E+03  3.6417E-01
4.7860E-02  7.0712E+02  7.0675E+02  3.6417E-01
4.7880E-02  8.2202E+02  8.2165E+02  3.6417E-01
4.7900E-02  6.3636E+02  6.3600E+02  3.6417E-01
4.7920E-02  6.3476E+02  6.3440E+02  3.6417E-01
4.7940E-02  6.3413E+02  6.3376E+02  3.6417E-01
4.7960E-02  6.3366E+02  6.3329E+02  3.6417E-01
4.7980E-02  6.4067E+02  6.4031E+02  3.6417E-01
4.8000E-02  6.3451E+02  6.3415E+02  3.6417E-01
4.8020E-02  6.3249E+02  6.3213E+02  3.6417E-01
4.8040E-02  6.3220E+02  6.3184E+02  3.6417E-01
4.8060E-02  6.3195E+02  6.3159E+02  3.6417E-01
4.8080E-02  6.3187E+02  6.3151E+02  3.6417E-01
4.8100E-02  6.3167E+02  6.3131E+02  3.6417E-01
4.8120E-02  6.3177E+02  6.3141E+02  3.6417E-01
4.8140E-02  6.3431E+02  6.3395E+02  3.6417E-01
4.8160E-02  6.3789E+02  6.3753E+02  3.6417E-01
4.8180E-02  6.3316E+02  6.3280E+02  3.6417E-01
4.8200E-02  6.7468E+02  6.7432E+02  3.6417E-01
4.8220E-02  6.4293E+02  6.4257E+02  3.6417E-01
4.8240E-02  6.5649E+02  6.5612E+02  3.6417E-01
4.8260E-02  6.5821E+02  6.5785E+02  3.6417E-01
4.8280E-02  6.7220E+02  6.7183E+02  3.6417E-01
4.8300E-02  6.9974E+02  6.9937E+02  3.6417E-01
4.8320E-02  7.7944E+02  7.7907E+02  3.6417E-01
4.8340E-02  9.9380E+02  9.9343E+02  3.6417E-01
4.8360E-02  2.4322E+03  2.4318E+03  3.6416E-01
4.8380E-02  3.6668E+07  3.6668E+07  3.6416E-01
4.8400E-02  2.2242E+03  2.2238E+03  3.6416E-01
4.8420E-02  9.5334E+02  9.5298E+02  3.6416E-01
4.8440E-02  9.8032E+02  9.7996E+02  3.6416E-01
4.8460E-02  7.0617E+02  7.0580E+02  3.6416E-01
4.8480E-02  6.8174E+02  6.8138E+02  3.6416E-01
4.8500E-02  6.6932E+02  6.6896E+02  3.6416E-01
4.8520E-02  6.6234E+02  6.6197E+02  3.6416E-01
4.8540E-02  6.5921E+02  6.5884E+02  3.6416E-01
4.8560E-02  6.9721E+02  6.9685E+02  3.6416E-01
4.8580E-02  6.5150E+02  6.5114E+02  3.6416E-01
4.8600E-02  6.5166E+02  6.5130E+02  3.6416E-01
4.8620E-02  6.4782E+02  6.4745E+02  3.6416E-01
4.8640E-02  6.4830E+02  6.4794E+02  3.6416E-01
4.8660E-02  6.4531E+02  6.4494E+02  3.6416E-01
4.8680E-02  6.7881E+02  6.7845E+02  3.6416E-01
4.8700E-02  6.4408E+02  6.4371E+02  3.6416E-01
4.8720E-02  6.4219E+02  6.4183E+02  3.6416E-01
4.8740E-02  6.4184E+02  6.4147E+02  3.6419E-01
4.8760E-02  6.4115E+02  6.4079E+02  3.6419E-01
4.8780E-02  6.3977E+02  6.3941E+02  3.6419E-01
4.8800E-02  6.3876E+02  6.3840E+02  3.6419E-01
4.8820E-02  6.3793E+02  6.3757E+02  3.6419E-01
4.8840E-02  6.3743E+02  6.3707E+02  3.6419E-01
4.8860E-02  6.3661E+02  6.3624E+02  3.6419E-01
4.8880E-02  6.3604E+02  6.3567E+02  3.6419E-01
4.8900E-02  6.3547E+02  6.3511E+02  3.6419E-01
4.8920E-02  6.3506E+02  6.3470E+02  3.6419E-01
4.8940E-02  6.3447E+02  6.3411E+02  3.6419E-01
4.8960E-02  6.3664E+02  6.3627E+02  3.6419E-01
4.8980E-02  6.3337E+02  6.3300E+02  3.6419E-01
4.9000E-02  6.3290E+02  6.3254E+02  3.6419E-01
4.9020E-02  6.3233E+02  6.3196E+02  3.6419E-01
4.9040E-02  6.3282E+02  6.3246E+02  3.6419E-01
4.9060E-02  6.3133E+02  6.3096E+02  3.6419E-01
4.9080E-02  9.5098E+02  9.5061E+02  3.6419E-01
4.9100E-02  6.3034E+02  6.2998E+02  3.6419E-01
4.9120E-02  6.3007E+02  6.2970E+02  3.6419E-01
4.9140E-02  6.2938E+02  6.2902E+02  3.6419E-01
4.9160E-02  6.2894E+02  6.2857E+02  3.6419E-01
4.9180E-02  6.2848E+02  6.2811E+02  3.6419E-01
4.9200E-02  6.2850E+02  6.2813E+02  3.6419E-01
4.9220E-02  6.2794E+02  6.2757E+02  3.6419E-01
4.9240E-02  6.2799E+02  6.2762E+02  3.6419E-01
4.9260E-02  6.2712E+02  6.2675E+02  3.6419E-01
4.9280E-02  6.2621E+02  6.2585E+02  3.6419E-01
4.9300E-02  6.2575E+02  6.2539E+02  3.6419E-01
4.9320E-02  6.3003E+02  6.2967E+02  3.6419E-01
4.9340E-02  6.2499E+02  6.2463E+02  3.6419E-01
4.9360E-02  6.2421E+02  6.2384E+02  3.6419E-01
4.9380E-02  6.2380E+02  6.2343E+02  3.6418E-01
4.9400E-02  6.2331E+02  6.2294E+02  3.6418E-01
4.9420E-02  6.2336E+02  6.2299E+02  3.6418E-01
4.9440E-02  6.2238E+02  6.2202E+02  3.6418E-01
4.9460E-02  6.2221E+02  6.2184E+02  3.6418E-01
4.9480E-02  6.2420E+02  6.2384E+02  3.6418E-01
4.9500E-02  6.2132E+02  6.2095E+02  3.6418E-01
4.9520E-02  6.2103E+02  6.2067E+02  3.6418E-01
4.9540E-02  6.2005E+02  6.1969E+02  3.6418E-01
4.9560E-02  6.1997E+02  6.1961E+02  3.6418E-01
4.9580E-02  6.2278E+02  6.2242E+02  3.6418E-01
4.9600E-02  6.1872E+02  6.1836E+02  3.6418E-01
4.9620E-02  6.4504E+02  6.4468E+02  3.6418E-01
4.9640E-02  6.1787E+02  6.1751E+02  3.6418E-01
4.9660E-02  6.1749E+02  6.1713E+02  3.6418E-01
4.9680E-02  7.1032E+02  7.0996E+02  3.6418E-01
4.9700E-02  6.1659E+02  6.1622E+02  3.6418E-01
4.9720E-02  6.1625E+02  6.1589E+02  3.6418E-01
4.9740E-02  6.1595E+02  6.1558E+02  3.6418E-01
4.9760E-02  6.1524E+02  6.1487E+02  3.6418E-01
4.9780E-02  6.1499E+02  6.1463E+02  3.6418E-01
4.9800E-02  6.1444E+02  6.1408E+02  3.6418E-01
4.9820E-02  6.1416E+02  6.1379E+02  3.6418E-01
4.9840E-02  6.1599E+02  6.1562E+02  3.6418E-01
4.9860E-02  6.1347E+02  6.1311E+02  3.6418E-01
4.9880E-02  6.1271E+02  6.1234E+02  3.6418E-01
4.9900E-02  6.2400E+02  6.2364E+02  3.6418E-01
4.9920E-02  6.1194E+02  6.1158E+02  3.6418E-01
4.9940E-02  6.1161E+02  6.1124E+02  3.6418E-01
4.9960E-02  7.3879E+03  7.3876E+03  3.6418E-01
4.9980E-02  6.1089E+02  6.1052E+02  3.6418E-01
5.0000E-02  6.1040E+02  6.1003E+02  3.6418E-01
5.0020E-02  6.0969E+02  6.0932E+02  3.6418E-01
5.0040E-02  6.0931E+02  6.0894E+02  3.6418E-01
5.0060E-02  2.4463E+03  2.4460E+03  3.6418E-01
5.0080E-02  6.5158E+02  6.5122E+02  3.6418E-01
5.0100E-02  6.0886E+02  6.0849E+02  3.6418E-01
5.0120E-02  6.0761E+02  6.0725E+02  3.6418E-01
5.0140E-02  6.0721E+02  6.0684E+02  3.6418E-01
5.0160E-02  6.1168E+02  6.1131E+02  3.6418E-01
5.0180E-02  6.0672E+02  6.0635E+02  3.6418E-01
5.0200E-02  6.0605E+02  6.0569E+02  3.6418E-01
5.0220E-02  6.0543E+02  6.0507E+02  3.6418E-01
5.0240E-02  6.0520E+02  6.0484E+02  3.6418E-01
5.0260E-02  6.0859E+02  6.0823E+02  3.6418E-01
5.0280E-02  7.7319E+02  7.7283E+02  3.6418E-01
5.0300E-02  6.0414E+02  6.0377E+02  3.6418E-01
5.0320E-02  6.0336E+02  6.0300E+02  3.6418E-01
5.0340E-02  6.0290E+02  6.0254E+02  3.6418E-01
5.0360E-02  6.0294E+02  6.0258E+02  3.6417E-01
5.0380E-02  6.0462E+02  6.0425E+02  3.6417E-01
5.0400E-02  6.0344E+02  6.0307E+02  3.6417E-01
5.0420E-02  6.0297E+02  6.0260E+02  3.6417E-01
5.0440E-02  6.0115E+02  6.0078E+02  3.6417E-01
5.0460E-02  6.0055E+02  6.0018E+02  3.6417E-01
5.0480E-02  1.1646E+03  1.1643E+03  3.6421E-01
5.0500E-02  5.9994E+02  5.9957E+02  3.6421E-01
5.0520E-02  5.9936E+02  5.9899E+02  3.6421E-01
5.0540E-02  5.9896E+02  5.9860E+02  3.6420E-01
5.0560E-02  5.9878E+02  5.9842E+02  3.6420E-01
5.0580E-02  6.0344E+02  6.0307E+02  3.6420E-01
5.0600E-02  5.9806E+02  5.9769E+02  3.6420E-01
5.0620E-02  6.2391E+02  6.2355E+02  3.6420E-01
5.0640E-02  5.9881E+02  5.9845E+02  3.6420E-01
5.0660E-02  5.9948E+02  5.9912E+02  3.6420E-01
5.0680E-02  5.9791E+02  5.9755E+02  3.6420E-01
5.0700E-02  6.5536E+02  6.5499E+02  3.6420E-01
5.0720E-02  2.2315E+04  2.2315E+04  3.6420E-01
5.0740E-02  6.1048E+02  6.1012E+02  3.6420E-01
5.0760E-02  6.0105E+02  6.0069E+02  3.6420E-01
5.0780E-02  8.7329E+02  8.7293E+02  3.6420E-01
5.0800E-02  5.9985E+02  5.9949E+02  3.6420E-01
5.0820E-02  6.9285E+02  6.9248E+02  3.6420E-01
5.0840E-02  6.1959E+02  6.1922E+02  3.6420E-01
5.0860E-02  6.0471E+02  6.0434E+02  3.6420E-01
5.0880E-02  6.1993E+02  6.1956E+02  3.6420E-01
5.0900E-02  6.1346E+02  6.1309E+02  3.6420E-01
5.0920E-02  6.2314E+02  6.2278E+02  3.6420E-01
5.0940E-02  6.6336E+02  6.6300E+02  3.6420E-01
5.0960E-02  7.0325E+02  7.0289E+02  3.6420E-01
5.0980E-02  8.4516E+02  8.4479E+02  3.6420E-01
5.1000E-02  2.1358E+03  2.1354E+03  3.6420E-01
5.1020E-02  9.9888E+04  9.9888E+04  3.6420E-01
5.1040E-02  4.3655E+03  4.3652E+03  3.6420E-01
5.1060E-02  1.0537E+03  1.0534E+03  3.6420E-01
5.1080E-02  7.3947E+02  7.3911E+02  3.6420E-01
5.1100E-02  6.5949E+02  6.5912E+02  3.6420E-01
5.1120E-02  6.2749E+02  6.2713E+02  3.6420E-01
5.1140E-02  6.1201E+02  6.1164E+02  3.6420E-01
5.1160E-02  6.0329E+02  6.0293E+02  3.6420E-01
5.1180E-02  6.9564E+02  6.9528E+02  3.6420E-01
5.1200E-02  5.9509E+02  5.9472E+02  3.6420E-01
5.1220E-02  5.9263E+02  5.9227E+02  3.6420E-01
5.1240E-02  5.9087E+02  5.9050E+02  3.6420E-01
5.1260E-02  5.8953E+02  5.8916E+02  3.6420E-01
5.1280E-02  5.8829E+02  5.8792E+02  3.6420E-01
5.1300E-02  5.8744E+02  5.8708E+02  3.6420E-01
5.1320E-02  6.1976E+02  6.1939E+02  3.6420E-01
5.1340E-02  5.8590E+02  5.8554E+02  3.6420E-01
5.1360E-02  5.8559E+02  5.8523E+02  3.6420E-01
5.1380E-02  6.3938E+02  6.3902E+02  3.6420E-01
5.1400E-02  9.2762E+02  9.2726E+02  3.6420E-01
5.1420E-02  5.8389E+02  5.8353E+02  3.6420E-01
5.1440E-02  6.1265E+02  6.1228E+02  3.6419E-01
5.1460E-02  5.8472E+02  5.8435E+02  3.6419E-01
5.1480E-02  5.8339E+02  5.8303E+02  3.6419E-01
5.1500E-02  5.8377E+02  5.8340E+02  3.6419E-01
5.1520E-02  5.8147E+02  5.8111E+02  3.6419E-01
5.1540E-02  5.8081E+02  5.8044E+02  3.6419E-01
5.1560E-02  5.8040E+02  5.8003E+02  3.6419E-01
5.1580E-02  8.2197E+02  8.2160E+02  3.6419E-01
5.1600E-02  6.1138E+02  6.1102E+02  3.6419E-01
5.1620E-02  1.0711E+03  1.0708E+03  3.6419E-01
5.1640E-02  5.7904E+02  5.7868E+02  3.6419E-01
5.1660E-02  5.7856E+02  5.7819E+02  3.6419E-01
5.1680E-02  5.7992E+02  5.7956E+02  3.6419E-01
5.1700E-02  5.7777E+02  5.7741E+02  3.6419E-01
5.1720E-02  5.7739E+02  5.7702E+02  3.6419E-01
5.1740E-02  5.7708E+02  5.7671E+02  3.6419E-01
5.1760E-02  5.7674E+02  5.7637E+02  3.6419E-01
5.1780E-02  5.7672E+02  5.7635E+02  3.6419E-01
5.1800E-02  6.4760E+02  6.4724E+02  3.6419E-01
5.1820E-02  5.7837E+02  5.7800E+02  3.6419E-01
5.1840E-02  2.0607E+03  2.0604E+03  3.6419E-01
5.1860E-02  7.2672E+02  7.2636E+02  3.6419E-01
5.1880E-02  5.8532E+02  5.8495E+02  3.6419E-01
5.1900E-02  5.7640E+02  5.7604E+02  3.6419E-01
5.1920E-02  5.7523E+02  5.7487E+02  3.6419E-01
5.1940E-02  5.7634E+02  5.7598E+02  3.6419E-01
5.1960E-02  8.6955E+03  8.6951E+03  3.6419E-01
5.1980E-02  5.7597E+02  5.7561E+02  3.6419E-01
5.2000E-02  5.7605E+02  5.7568E+02  3.6419E-01
5.2020E-02  5.7790E+02  5.7754E+02  3.6419E-01
5.2040E-02  5.7819E+02  5.7783E+02  3.6419E-01
5.2060E-02  5.7770E+02  5.7734E+02  3.6419E-01
5.2080E-02  5.7978E+02  5.7942E+02  3.6419E-01
5.2100E-02  6.0206E+02  6.0170E+02  3.6419E-01
5.2120E-02  5.8852E+02  5.8816E+02  3.6419E-01
5.2140E-02  5.9873E+02  5.9837E+02  3.6419E-01
5.2160E-02  6.2248E+02  6.2212E+02  3.6419E-01
5.2180E-02  6.6025E+02  6.5989E+02  3.6419E-01
5.2200E-02  7.7790E+02  7.7754E+02  3.6419E-01
5.2220E-02  1.4679E+03  1.4676E+03  3.6419E-01
5.2240E-02  1.3780E+04  1.3779E+04  3.6419E-01
5.2260E-02  1.0747E+04  1.0747E+04  3.6419E-01
5.2280E-02  1.2661E+03  1.2657E+03  3.6419E-01
5.2300E-02  7.9238E+03  7.9234E+03  3.6419E-01
5.2320E-02  7.6897E+02  7.6860E+02  3.6419E-01
5.2340E-02  1.0887E+03  1.0884E+03  3.6419E-01
5.2360E-02  6.1461E+02  6.1425E+02  3.6419E-01
5.2380E-02  5.8463E+02  5.8427E+02  3.6419E-01
5.2400E-02  5.7896E+02  5.7859E+02  3.6418E-01
5.2420E-02  5.7427E+02  5.7391E+02  3.6418E-01
5.2440E-02  5.7216E+02  5.7179E+02  3.6418E-01
5.2460E-02  5.6983E+02  5.6946E+02  3.6418E-01
5.2480E-02  7.3751E+02  7.3715E+02  3.6418E-01
5.2500E-02  5.6790E+02  5.6753E+02  3.6418E-01
5.2520E-02  9.1158E+02  9.1122E+02  3.6418E-01
5.2540E-02  5.6618E+02  5.6582E+02  3.6418E-01
5.2560E-02  5.6643E+02  5.6606E+02  3.6418E-01
5.2580E-02  5.6540E+02  5.6503E+02  3.6418E-01
5.2600E-02  5.6523E+02  5.6486E+02  3.6418E-01
5.2620E-02  5.6554E+02  5.6518E+02  3.6418E-01
5.2640E-02  5.6532E+02  5.6496E+02  3.6418E-01
5.2660E-02  5.6713E+02  5.6676E+02  3.6418E-01
5.2680E-02  4.5787E+03  4.5783E+03  3.6418E-01
5.2700E-02  5.6944E+02  5.6908E+02  3.6418E-01
5.2720E-02  5.6757E+02  5.6721E+02  3.6418E-01
5.2740E-02  5.6938E+02  5.6902E+02  3.6418E-01
5.2760E-02  5.7193E+02  5.7157E+02  3.6418E-01
5.2780E-02  5.7799E+02  5.7763E+02  3.6418E-01
5.2800E-02  5.8525E+02  5.8489E+02  3.6418E-01
5.2820E-02  6.0285E+02  6.0248E+02  3.6418E-01
5.2840E-02  6.3694E+02  6.3657E+02  3.6418E-01
5.2860E-02  7.3617E+02  7.3580E+02  3.6418E-01
5.2880E-02  1.8585E+03  1.8582E+03  3.6418E-01
5.2900E-02  4.8294E+03  4.8291E+03  3.6418E-01
5.2920E-02  1.0068E+05  1.0068E+05  3.6418E-01
5.2940E-02  1.7618E+03  1.7614E+03  3.6418E-01
5.2960E-02  2.0587E+03  2.0584E+03  3.6418E-01
5.2980E-02  7.1294E+02  7.1258E+02  3.6418E-01
5.3000E-02  6.6817E+02  6.6781E+02  3.6418E-01
5.3020E-02  6.5451E+02  6.5414E+02  3.6418E-01
5.3040E-02  6.4564E+02  6.4528E+02  3.6418E-01
5.3060E-02  6.4575E+02  6.4539E+02  3.6418E-01
5.3080E-02  6.5803E+02  6.5767E+02  3.6418E-01
5.3100E-02  3.0819E+03  3.0815E+03  3.6418E-01
5.3120E-02  6.5785E+02  6.5749E+02  3.6418E-01
5.3140E-02  6.6408E+02  6.6371E+02  3.6418E-01
5.3160E-02  6.6648E+02  6.6611E+02  3.6418E-01
5.3180E-02  1.4717E+03  1.4713E+03  3.6418E-01
5.3200E-02  6.7921E+02  6.7884E+02  3.6418E-01
5.3220E-02  2.1763E+03  2.1759E+03  3.6418E-01
5.3240E-02  9.3657E+02  9.3621E+02  3.6418E-01
5.3260E-02  8.5237E+02  8.5200E+02  3.6418E-01
5.3280E-02  1.2900E+03  1.2897E+03  3.6418E-01
5.3300E-02  4.3265E+03  4.3261E+03  3.6418E-01
5.3320E-02  2.2070E+05  2.2070E+05  3.6418E-01
5.3340E-02  1.9968E+03  1.9965E+03  3.6418E-01
5.3360E-02  9.4637E+02  9.4600E+02  3.6418E-01
5.3380E-02  7.6992E+02  7.6955E+02  3.6417E-01
5.3400E-02  7.2168E+02  7.2132E+02  3.6417E-01
5.3420E-02  6.9957E+02  6.9920E+02  3.6417E-01
5.3440E-02  6.9544E+02  6.9508E+02  3.6417E-01
5.3460E-02  8.8990E+02  8.8954E+02  3.6417E-01
5.3480E-02  7.1027E+02  7.0990E+02  3.6417E-01
5.3500E-02  7.4132E+02  7.4096E+02  3.6417E-01
5.3520E-02  9.8887E+02  9.8851E+02  3.6417E-01
5.3540E-02  1.4376E+03  1.4372E+03  3.6417E-01
5.3560E-02  4.4755E+03  4.4752E+03  3.6417E-01
5.3580E-02  2.2435E+05  2.2435E+05  3.6417E-01
5.3600E-02  2.1126E+03  2.1123E+03  3.6417E-01
5.3620E-02  1.8439E+03  1.8435E+03  3.6417E-01
5.3640E-02  8.3858E+02  8.3822E+02  3.6417E-01
5.3660E-02  7.7924E+02  7.7887E+02  3.6417E-01
5.3680E-02  7.9410E+02  7.9373E+02  3.6417E-01
5.3700E-02  8.8093E+02  8.8057E+02  3.6417E-01
5.3720E-02  1.2367E+03  1.2363E+03  3.6417E-01
5.3740E-02  5.5279E+03  5.5275E+03  3.6417E-01
5.3760E-02  7.8628E+04  7.8627E+04  3.6417E-01
5.3780E-02  1.9654E+03  1.9651E+03  3.6417E-01
5.3800E-02  1.0569E+03  1.0566E+03  3.6417E-01
5.3820E-02  9.8538E+02  9.8502E+02  3.6417E-01
5.3840E-02  1.1207E+03  1.1203E+03  3.6417E-01
5.3860E-02  2.6574E+03  2.6570E+03  3.6417E-01
5.3880E-02  2.3099E+05  2.3099E+05  3.6417E-01
5.3900E-02  6.3485E+03  6.3481E+03  3.6417E-01
5.3920E-02  7.4518E+03  7.4514E+03  3.6417E-01
5.3940E-02  1.1416E+04  1.1416E+04  3.6417E-01
5.3960E-02  1.5679E+04  1.5679E+04  3.6417E-01
5.3980E-02  1.9760E+04  1.9760E+04  3.6417E-01
5.4000E-02  2.3396E+04  2.3396E+04  3.6417E-01
5.4020E-02  2.6593E+04  2.6592E+04  3.6417E-01
5.4040E-02  2.6599E+04  2.6599E+04  3.6417E-01
5.4060E-02  2.6099E+04  2.6099E+04  3.6417E-01
5.4080E-02  2.5955E+04  2.5955E+04  3.6417E-01
5.4100E-02  2.5896E+04  2.5895E+04  3.6417E-01
5.4120E-02  2.5843E+04  2.5843E+04  3.6417E-01
5.4140E-02  2.5791E+04  2.5791E+04  3.6417E-01
5.4160E-02  2.5740E+04  2.5739E+04  3.6417E-01
5.4180E-02  2.5687E+04  2.5687E+04  3.6417E-01
5.4200E-02  2.5636E+04  2.5636E+04  3.6417E-01
5.4220E-02  2.5769E+04  2.5769E+04  3.6417E-01
5.4240E-02  2.5550E+04  2.5550E+04  3.6417E-01
5.4260E-02  2.5492E+04  2.5492E+04  3.6417E-01
5.4280E-02  2.5444E+04  2.5444E+04  3.6417E-01
5.4300E-02  2.6178E+04  2.6178E+04  3.6417E-01
5.4320E-02  2.5350E+04  2.5350E+04  3.6417E-01
5.4340E-02  2.5470E+04  2.5470E+04  3.6417E-01
5.4360E-02  2.5319E+04  2.5318E+04  3.6416E-01
5.4380E-02  2.5214E+04  2.5214E+04  3.6416E-01
5.4400E-02  2.8372E+04  2.8372E+04  3.6416E-01
5.4420E-02  2.5087E+04  2.5086E+04  3.6416E-01
5.4440E-02  2.5040E+04  2.5040E+04  3.7476E-01
5.4460E-02  2.5088E+04  2.5088E+04  3.7476E-01
5.4480E-02  2.4943E+04  2.4943E+04  3.7476E-01
5.4500E-02  2.4897E+04  2.4896E+04  3.7476E-01
5.4520E-02  2.4949E+04  2.4948E+04  3.7476E-01
5.4540E-02  2.4822E+04  2.4822E+04  3.7476E-01
5.4560E-02  2.4785E+04  2.4784E+04  3.7476E-01
5.4580E-02  2.4758E+04  2.4758E+04  3.7476E-01
5.4600E-02  2.4690E+04  2.4690E+04  3.7476E-01
5.4620E-02  2.4853E+04  2.4853E+04  3.7476E-01
5.4640E-02  2.4590E+04  2.4589E+04  3.7476E-01
5.4660E-02  2.4548E+04  2.4548E+04  3.7476E-01
5.4680E-02  2.4508E+04  2.4508E+04  3.7476E-01
5.4700E-02  2.4467E+04  2.4467E+04  3.7476E-01
5.4720E-02  2.4427E+04  2.4427E+04  3.7476E-01
5.4740E-02  2.4390E+04  2.4390E+04  3.7476E-01
5.4760E-02  2.4372E+04  2.4372E+04  3.7476E-01
5.4780E-02  2.4311E+04  2.4311E+04  3.7476E-01
5.4800E-02  2.4529E+04  2.4529E+04  3.7476E-01
5.4820E-02  2.4239E+04  2.4239E+04  3.7476E-01
5.4840E-02  2.4199E+04  2.4199E+04  3.7476E-01
5.4860E-02  2.4162E+04  2.4162E+04  3.7476E-01
5.4880E-02  2.4126E+04  2.4126E+04  3.7475E-01
5.4900E-02  2.4091E+04  2.4090E+04  3.7475E-01
5.4920E-02  2.4056E+04  2.4056E+04  3.7475E-01
5.4940E-02  2.4021E+04  2.4021E+04  3.7475E-01
5.4960E-02  2.3987E+04  2.3986E+04  3.7475E-01
5.4980E-02  2.3953E+04  2.3953E+04  3.7475E-01
5.5000E-02  2.3968E+04  2.3968E+04  3.7475E-01
5.5020E-02  2.3886E+04  2.3886E+04  3.7475E-01
5.5040E-02  2.3852E+04  2.3852E+04  3.7475E-01
5.5060E-02  2.3819E+04  2.3819E+04  3.7475E-01
5.5080E-02  2.3787E+04  2.3787E+04  3.7475E-01
5.5100E-02  2.3755E+04  2.3755E+04  3.7475E-01
5.5120E-02  2.3723E+04  2.3723E+04  3.7475E-01
5.5140E-02  2.3692E+04  2.3692E+04  3.7475E-01
5.5160E-02  2.3661E+04  2.3660E+04  3.7475E-01
5.5180E-02  2.3630E+04  2.3629E+04  3.7475E-01
5.5200E-02  2.3599E+04  2.3599E+04  3.7475E-01
5.5220E-02  2.3581E+04  2.3581E+04  3.7475E-01
5.5240E-02  2.3539E+04  2.3539E+04  3.7475E-01
5.5260E-02  2.3509E+04  2.3509E+04  3.7478E-01
5.5280E-02  2.3480E+04  2.3480E+04  3.7478E-01
5.5300E-02  2.3451E+04  2.3450E+04  3.7478E-01
5.5320E-02  2.3422E+04  2.3422E+04  3.7478E-01
5.5340E-02  2.3394E+04  2.3393E+04  3.7478E-01
5.5360E-02  2.3368E+04  2.3367E+04  3.7478E-01
5.5380E-02  2.3343E+04  2.3343E+04  3.7478E-01
5.5400E-02  2.3318E+04  2.3318E+04  3.7478E-01
5.5420E-02  2.3295E+04  2.3294E+04  3.7478E-01
5.5440E-02  2.3271E+04  2.3271E+04  3.7478E-01
5.5460E-02  2.3249E+04  2.3248E+04  3.7478E-01
5.5480E-02  2.3226E+04  2.3226E+04  3.7478E-01
5.5500E-02  2.3204E+04  2.3203E+04  3.7478E-01
5.5520E-02  2.3182E+04  2.3181E+04  3.7478E-01
5.5540E-02  2.3159E+04  2.3159E+04  3.7478E-01
5.5560E-02  2.3137E+04  2.3137E+04  3.7478E-01
5.5580E-02  2.3115E+04  2.3115E+04  3.7478E-01
5.5600E-02  2.3093E+04  2.3093E+04  3.7478E-01
5.5620E-02  2.3071E+04  2.3071E+04  3.7478E-01
5.5640E-02  2.3049E+04  2.3049E+04  3.7477E-01
5.5660E-02  2.3027E+04  2.3026E+04  3.7477E-01
5.5680E-02  2.3002E+04  2.3001E+04  3.7477E-01
5.5700E-02  2.2977E+04  2.2976E+04  3.7477E-01
5.5720E-02  2.2952E+04  2.2951E+04  3.7477E-01
5.5740E-02  2.2927E+04  2.2927E+04  3.7477E-01
5.5760E-02  2.2902E+04  2.2902E+04  3.7477E-01
5.5780E-02  2.2878E+04  2.2878E+04  3.7477E-01
5.5800E-02  2.2854E+04  2.2853E+04  3.7477E-01
5.5820E-02  2.2830E+04  2.2829E+04  3.7477E-01
5.5840E-02  2.2806E+04  2.2805E+04  3.7477E-01
5.5860E-02  2.2782E+04  2.2781E+04  3.7477E-01
5.5880E-02  2.2758E+04  2.2758E+04  3.7477E-01
5.5900E-02  2.2735E+04  2.2734E+04  3.7477E-01
5.5920E-02  2.2711E+04  2.2711E+04  3.7477E-01
5.5940E-02  2.2688E+04  2.2688E+04  3.7477E-01
5.5960E-02  2.2665E+04  2.2665E+04  3.7477E-01
5.5980E-02  2.2642E+04  2.2642E+04  3.7477E-01
5.6000E-02  2.2620E+04  2.2619E+04  3.7477E-01
5.6020E-02  2.2598E+04  2.2598E+04  3.7477E-01
5.6040E-02  2.2574E+04  2.2574E+04  3.7477E-01
5.6060E-02  2.2551E+04  2.2551E+04  3.7477E-01
5.6080E-02  2.2529E+04  2.2529E+04  3.7477E-01
5.6100E-02  2.2507E+04  2.2507E+04  3.7477E-01
5.6120E-02  2.2485E+04  2.2484E+04  3.7477E-01
5.6140E-02  2.2463E+04  2.2462E+04  3.7477E-01
5.6160E-02  2.2441E+04  2.2441E+04  3.7477E-01
5.6180E-02  2.2419E+04  2.2419E+04  3.7477E-01
5.6200E-02  2.2398E+04  2.2398E+04  3.7477E-01
5.6220E-02  2.2376E+04  2.2376E+04  3.7477E-01
5.6240E-02  2.2355E+04  2.2354E+04  3.7477E-01
5.6260E-02  2.2333E+04  2.2333E+04  3.7477E-01
5.6280E-02  2.2312E+04  2.2312E+04  3.7477E-01
5.6300E-02  2.2291E+04  2.2291E+04  3.7477E-01
5.6320E-02  2.2270E+04  2.2270E+04  3.7477E-01
5.6340E-02  2.2249E+04  2.2249E+04  3.7477E-01
5.6360E-02  2.2228E+04  2.2228E+04  3.7477E-01
5.6380E-02  2.2208E+04  2.2207E+04  3.7477E-01
5.6400E-02  2.2187E+04  2.2187E+04  3.7477E-01
5.6420E-02  2.2167E+04  2.2166E+04  3.7477E-01
5.6440E-02  2.2146E+04  2.2146E+04  3.7477E-01
5.6460E-02  2.2253E+04  2.2253E+04  3.7477E-01
5.6480E-02  2.2106E+04  2.2105E+04  3.7477E-01
5.6500E-02  2.2086E+04  2.2085E+04  3.7477E-01
5.6520E-02  2.2069E+04  2.2069E+04  3.7477E-01
5.6540E-02  2.2045E+04  2.2045E+04  3.7477E-01
5.6560E-02  2.2026E+04  2.2025E+04  3.7477E-01
5.6580E-02  2.2014E+04  2.2014E+04  3.7476E-01
5.6600E-02  2.1986E+04  2.1986E+04  3.7476E-01
5.6620E-02  2.1987E+04  2.1986E+04  3.7476E-01
5.6640E-02  2.2081E+04  2.2081E+04  3.7476E-01
5.6660E-02  2.1928E+04  2.1927E+04  3.7476E-01
5.6680E-02  2.1908E+04  2.1908E+04  3.7476E-01
5.6700E-02  2.1889E+04  2.1888E+04  3.7476E-01
5.6720E-02  2.1872E+04  2.1872E+04  3.7476E-01
5.6740E-02  2.1969E+04  2.1969E+04  3.7476E-01
5.6760E-02  2.1831E+04  2.1831E+04  3.7476E-01
5.6780E-02  2.1812E+04  2.1812E+04  3.7476E-01
5.6800E-02  2.1793E+04  2.1793E+04  3.7476E-01
5.6820E-02  2.1774E+04  2.1774E+04  3.7476E-01
5.6840E-02  2.1755E+04  2.1755E+04  3.7476E-01
5.6860E-02  2.1737E+04  2.1736E+04  3.7476E-01
5.6880E-02  2.1718E+04  2.1718E+04  3.7476E-01
5.6900E-02  2.1699E+04  2.1699E+04  3.7476E-01
5.6920E-02  2.1681E+04  2.1681E+04  3.7476E-01
5.6940E-02  2.1666E+04  2.1666E+04  3.7476E-01
5.6960E-02  2.1647E+04  2.1647E+04  3.7476E-01
5.6980E-02  2.1625E+04  2.1625E+04  3.7476E-01
5.7000E-02  2.1607E+04  2.1607E+04  3.7476E-01
5.7020E-02  2.1589E+04  2.1589E+04  3.7476E-01
5.7040E-02  2.1571E+04  2.1570E+04  3.7476E-01
5.7060E-02  2.1553E+04  2.1552E+04  3.7476E-01
5.7080E-02  2.1535E+04  2.1534E+04  3.7476E-01
5.7100E-02  2.1517E+04  2.1516E+04  3.7476E-01
5.7120E-02  2.1499E+04  2.1498E+04  3.7476E-01
5.7140E-02  2.1481E+04  2.1480E+04  3.7476E-01
5.7160E-02  2.1463E+04  2.1463E+04  3.7476E-01
5.7180E-02  2.1445E+04  2.1445E+04  3.7476E-01
5.7200E-02  2.1428E+04  2.1427E+04  3.7476E-01
5.7220E-02  2.1410E+04  2.1410E+04  3.7476E-01
5.7240E-02  2.1393E+04  2.1392E+04  3.7476E-01
5.7260E-02  2.1375E+04  2.1375E+04  3.7476E-01
5.7280E-02  2.1359E+04  2.1359E+04  3.7476E-01
5.7300E-02  2.1340E+04  2.1340E+04  3.7476E-01
5.7320E-02  2.1323E+04  2.1323E+04  3.7476E-01
5.7340E-02  2.1306E+04  2.1306E+04  3.7476E-01
5.7360E-02  2.1289E+04  2.1289E+04  3.7476E-01
5.7380E-02  2.1272E+04  2.1271E+04  3.7482E-01
5.7400E-02  2.1255E+04  2.1255E+04  3.7482E-01
5.7420E-02  2.1238E+04  2.1238E+04  3.7481E-01
5.7440E-02  2.1221E+04  2.1221E+04  3.7481E-01
5.7460E-02  2.1800E+04  2.1800E+04  3.7481E-01
5.7480E-02  2.1189E+04  2.1189E+04  3.7481E-01
5.7500E-02  2.1182E+04  2.1182E+04  3.7481E-01
5.7520E-02  2.1153E+04  2.1153E+04  3.7481E-01
5.7540E-02  2.1136E+04  2.1136E+04  3.7481E-01
5.7560E-02  2.1119E+04  2.1119E+04  3.7481E-01
5.7580E-02  2.1105E+04  2.1105E+04  3.7481E-01
5.7600E-02  2.1090E+04  2.1090E+04  3.7481E-01
5.7620E-02  2.1069E+04  2.1069E+04  3.7481E-01
5.7640E-02  2.1053E+04  2.1052E+04  3.7481E-01
5.7660E-02  2.1036E+04  2.1035E+04  3.7481E-01
5.7680E-02  2.1019E+04  2.1019E+04  3.7481E-01
5.7700E-02  2.1003E+04  2.1002E+04  3.7481E-01
5.7720E-02  2.0986E+04  2.0986E+04  3.7481E-01
5.7740E-02  2.0970E+04  2.0969E+04  3.7481E-01
5.7760E-02  2.0953E+04  2.0953E+04  3.7481E-01
5.7780E-02  2.0939E+04  2.0938E+04  3.7481E-01
5.7800E-02  2.0922E+04  2.0922E+04  3.7481E-01
5.7820E-02  2.0906E+04  2.0905E+04  3.7481E-01
5.7840E-02  2.1512E+04  2.1512E+04  3.7481E-01
5.7860E-02  2.0872E+04  2.0871E+04  3.7481E-01
5.7880E-02  2.0855E+04  2.0855E+04  3.7481E-01
5.7900E-02  2.0840E+04  2.0840E+04  3.7481E-01
5.7920E-02  2.0824E+04  2.0824E+04  3.7481E-01
5.7940E-02  2.0808E+04  2.0807E+04  3.7481E-01
5.7960E-02  2.0791E+04  2.0791E+04  3.7481E-01
5.7980E-02  2.0775E+04  2.0775E+04  3.7481E-01
5.8000E-02  2.0763E+04  2.0762E+04  3.7481E-01
5.8020E-02  2.0744E+04  2.0744E+04  3.7481E-01
5.8040E-02  2.0727E+04  2.0727E+04  3.7481E-01
5.8060E-02  2.0711E+04  2.0711E+04  3.7481E-01
5.8080E-02  2.0695E+04  2.0695E+04  3.7481E-01
5.8100E-02  2.0679E+04  2.0679E+04  3.7481E-01
5.8120E-02  2.0664E+04  2.0663E+04  3.7481E-01
5.8140E-02  2.0648E+04  2.0648E+04  3.7481E-01
5.8160E-02  2.1011E+04  2.1010E+04  3.7481E-01
5.8180E-02  2.0617E+04  2.0616E+04  3.7481E-01
5.8200E-02  2.0601E+04  2.0601E+04  3.7481E-01
5.8220E-02  2.0591E+04  2.0590E+04  3.7481E-01
5.8240E-02  2.0589E+04  2.0588E+04  3.7481E-01
5.8260E-02  2.0554E+04  2.0554E+04  3.7481E-01
5.8280E-02  2.0539E+04  2.0539E+04  3.7481E-01
5.8300E-02  2.2207E+04  2.2206E+04  3.7481E-01
5.8320E-02  2.0723E+04  2.0723E+04  3.7481E-01
5.8340E-02  2.0492E+04  2.0491E+04  3.7481E-01
5.8360E-02  2.0476E+04  2.0476E+04  3.7481E-01
5.8380E-02  2.0473E+04  2.0473E+04  3.7481E-01
5.8400E-02  2.0446E+04  2.0445E+04  3.7480E-01
5.8420E-02  2.0438E+04  2.0438E+04  3.7480E-01
5.8440E-02  2.0415E+04  2.0414E+04  3.7480E-01
5.8460E-02  2.0399E+04  2.0399E+04  3.7480E-01
5.8480E-02  2.0384E+04  2.0384E+04  3.7480E-01
5.8500E-02  2.0370E+04  2.0369E+04  3.7480E-01
5.8520E-02  2.0416E+04  2.0416E+04  3.7480E-01
5.8540E-02  2.0351E+04  2.0351E+04  3.7480E-01
5.8560E-02  2.0323E+04  2.0323E+04  3.7480E-01
5.8580E-02  2.0308E+04  2.0308E+04  3.7480E-01
5.8600E-02  2.0293E+04  2.0293E+04  3.7480E-01
5.8620E-02  3.2165E+04  3.2165E+04  3.7480E-01
5.8640E-02  2.0263E+04  2.0262E+04  3.7480E-01
5.8660E-02  2.0247E+04  2.0247E+04  3.7480E-01
5.8680E-02  2.0232E+04  2.0232E+04  3.7480E-01
5.8700E-02  2.0217E+04  2.0217E+04  3.7480E-01
5.8720E-02  2.0202E+04  2.0202E+04  3.7480E-01
5.8740E-02  2.0187E+04  2.0187E+04  3.7480E-01
5.8760E-02  2.0173E+04  2.0172E+04  3.7480E-01
5.8780E-02  2.0158E+04  2.0157E+04  3.7480E-01
5.8800E-02  2.0143E+04  2.0142E+04  3.7480E-01
5.8820E-02  2.0128E+04  2.0127E+04  3.7480E-01
5.8840E-02  2.0113E+04  2.0113E+04  3.7480E-01
5.8860E-02  2.0098E+04  2.0098E+04  3.7480E-01
5.8880E-02  2.0085E+04  2.0084E+04  3.7480E-01
5.8900E-02  2.5555E+04  2.5554E+04  3.7480E-01
5.8920E-02  2.0200E+04  2.0199E+04  3.7480E-01
5.8940E-02  2.0039E+04  2.0039E+04  3.7480E-01
5.8960E-02  2.0024E+04  2.0024E+04  3.7480E-01
5.8980E-02  2.0010E+04  2.0009E+04  3.7480E-01
5.9000E-02  1.9995E+04  1.9995E+04  3.7480E-01
5.9020E-02  1.9981E+04  1.9980E+04  3.7480E-01
5.9040E-02  1.9966E+04  1.9965E+04  3.7480E-01
5.9060E-02  1.9951E+04  1.9951E+04  3.7480E-01
5.9080E-02  1.9936E+04  1.9936E+04  3.7480E-01
5.9100E-02  1.9922E+04  1.9921E+04  3.7480E-01
5.9120E-02  1.9907E+04  1.9907E+04  3.7480E-01
5.9140E-02  1.9893E+04  1.9893E+04  3.7480E-01
5.9160E-02  1.9879E+04  1.9878E+04  3.7480E-01
5.9180E-02  1.9864E+04  1.9863E+04  3.7480E-01
5.9200E-02  1.9849E+04  1.9849E+04  3.7480E-01
5.9220E-02  1.9835E+04  1.9834E+04  3.7480E-01
5.9240E-02  1.9820E+04  1.9820E+04  3.7480E-01
5.9260E-02  1.9806E+04  1.9805E+04  3.7480E-01
5.9280E-02  1.9791E+04  1.9791E+04  3.7480E-01
5.9300E-02  1.9777E+04  1.9777E+04  3.7480E-01
5.9320E-02  1.9763E+04  1.9762E+04  3.7480E-01
5.9340E-02  1.9748E+04  1.9748E+04  3.7480E-01
5.9360E-02  1.9734E+04  1.9734E+04  3.7480E-01
5.9380E-02  1.9720E+04  1.9719E+04  3.7480E-01
5.9400E-02  1.9705E+04  1.9705E+04  3.7480E-01
5.9420E-02  1.9691E+04  1.9691E+04  3.7480E-01
5.9440E-02  1.9684E+04  1.9683E+04  3.7480E-01
5.9460E-02  1.9664E+04  1.9664E+04  3.7480E-01
5.9480E-02  1.9649E+04  1.9648E+04  3.7480E-01
5.9500E-02  1.9638E+04  1.9638E+04  3.7480E-01
5.9520E-02  1.9621E+04  1.9620E+04  3.7480E-01
5.9540E-02  1.9610E+04  1.9609E+04  3.7480E-01
5.9560E-02  1.9592E+04  1.9591E+04  3.7480E-01
5.9580E-02  1.9578E+04  1.9577E+04  3.7479E-01
5.9600E-02  1.9736E+04  1.9735E+04  3.7479E-01
5.9620E-02  1.9566E+04  1.9565E+04  3.7479E-01
5.9640E-02  1.9536E+04  1.9535E+04  3.7479E-01
5.9660E-02  2.0627E+04  2.0626E+04  3.7479E-01
5.9680E-02  1.9507E+04  1.9507E+04  3.7479E-01
5.9700E-02  1.9493E+04  1.9492E+04  3.7479E-01
5.9720E-02  1.9479E+04  1.9478E+04  3.7479E-01
5.9740E-02  1.9465E+04  1.9464E+04  3.7479E-01
5.9760E-02  1.9451E+04  1.9450E+04  3.7479E-01
5.9780E-02  1.9437E+04  1.9436E+04  3.7479E-01
5.9800E-02  1.9423E+04  1.9422E+04  3.7479E-01
5.9820E-02  1.9409E+04  1.9408E+04  3.7479E-01
5.9840E-02  1.9395E+04  1.9395E+04  3.7479E-01
5.9860E-02  1.9381E+04  1.9380E+04  3.7479E-01
5.9880E-02  1.9367E+04  1.9366E+04  3.7479E-01
5.9900E-02  1.9353E+04  1.9352E+04  3.7479E-01
5.9920E-02  1.9339E+04  1.9339E+04  3.7479E-01
5.9940E-02  2.2939E+04  2.2938E+04  3.7479E-01
5.9960E-02  1.9378E+04  1.9377E+04  3.7479E-01
5.9980E-02  1.9299E+04  1.9299E+04  3.7479E-01
6.0000E-02  1.9285E+04  1.9284E+04  3.7534E-01
6.0200E-02  1.9146E+04  1.9145E+04  3.7534E-01
6.0400E-02  1.9009E+04  1.9009E+04  3.7534E-01
6.0600E-02  1.8875E+04  1.8875E+04  3.7534E-01
6.0800E-02  1.8739E+04  1.8739E+04  3.7534E-01
6.1000E-02  1.8606E+04  1.8606E+04  3.7534E-01
6.1200E-02  1.8489E+04  1.8488E+04  3.7534E-01
6.1400E-02  1.8342E+04  1.8341E+04  3.7534E-01
6.1600E-02  1.8211E+04  1.8210E+04  3.7534E-01
6.1800E-02  1.8092E+04  1.8092E+04  3.7534E-01
6.2000E-02  1.7951E+04  1.7951E+04  3.7534E-01
6.2200E-02  1.7823E+04  1.7822E+04  3.7534E-01
6.2400E-02  1.7695E+04  1.7694E+04  3.7534E-01
6.2600E-02  1.7567E+04  1.7567E+04  3.7534E-01
6.2800E-02  1.7440E+04  1.7440E+04  3.7534E-01
6.3000E-02  1.7607E+04  1.7607E+04  3.7534E-01
6.3200E-02  1.7188E+04  1.7188E+04  3.7533E-01
6.3400E-02  1.7063E+04  1.7063E+04  3.7533E-01
6.3600E-02  1.6938E+04  1.6938E+04  3.7533E-01
6.3800E-02  1.6814E+04  1.6813E+04  3.7533E-01
6.4000E-02  1.6690E+04  1.6689E+04  3.7533E-01
6.4200E-02  1.6566E+04  1.6566E+04  3.7533E-01
6.4400E-02  1.6443E+04  1.6443E+04  3.7533E-01
6.4600E-02  1.6320E+04  1.6320E+04  3.7533E-01
6.4800E-02  1.6197E+04  1.6197E+04  3.7533E-01
6.5000E-02  1.6075E+04  1.6075E+04  3.7533E-01
6.5200E-02  1.5958E+04  1.5957E+04  3.7533E-01
6.5400E-02  1.5835E+04  1.5834E+04  3.7533E-01
6.5600E-02  1.5746E+04  1.5746E+04  3.7533E-01
6.5800E-02  1.5594E+04  1.5593E+04  3.7533E-01
6.6000E-02  1.5472E+04  1.5471E+04  3.7533E-01
6.6200E-02  1.5351E+04  1.5350E+04  3.7533E-01
6.6400E-02  1.5263E+04  1.5263E+04  3.7533E-01
6.6600E-02  1.5136E+04  1.5136E+04  3.7533E-01
6.6800E-02  1.5018E+04  1.5018E+04  3.7533E-01
6.7000E-02  1.4895E+04  1.4895E+04  3.7533E-01
6.7200E-02  1.4880E+04  1.4880E+04  3.7533E-01
6.7400E-02  1.4661E+04  1.4661E+04  3.7533E-01
6.7600E-02  1.7081E+04  1.7081E+04  3.7533E-01
6.7800E-02  1.4417E+04  1.4417E+04  3.7533E-01
6.8000E-02  1.4304E+04  1.4304E+04  3.7533E-01
6.8200E-02  1.4179E+04  1.4179E+04  3.7533E-01
6.8400E-02  1.4061E+04  1.4060E+04  3.7533E-01
6.8600E-02  1.3943E+04  1.3942E+04  3.7532E-01
6.8800E-02  1.3825E+04  1.3824E+04  3.7535E-01
6.9000E-02  1.3707E+04  1.3706E+04  3.7535E-01
6.9200E-02  1.3589E+04  1.3588E+04  3.7535E-01
6.9400E-02  1.3478E+04  1.3478E+04  3.7535E-01
6.9600E-02  1.3369E+04  1.3368E+04  3.7535E-01
6.9800E-02  1.3257E+04  1.3256E+04  3.7535E-01
7.0000E-02  1.3147E+04  1.3147E+04  3.7535E-01
7.0200E-02  1.3041E+04  1.3040E+04  3.7535E-01
7.0400E-02  1.2936E+04  1.2936E+04  3.7535E-01
7.0600E-02  1.2834E+04  1.2833E+04  3.7535E-01
7.0800E-02  1.2733E+04  1.2733E+04  3.7535E-01
7.1000E-02  1.2635E+04  1.2634E+04  3.7535E-01
7.1200E-02  1.2538E+04  1.2537E+04  3.7535E-01
7.1400E-02  1.2442E+04  1.2442E+04  3.7535E-01
7.1600E-02  1.2348E+04  1.2348E+04  3.7535E-01
7.1800E-02  1.2256E+04  1.2256E+04  3.7535E-01
7.2000E-02  1.2166E+04  1.2166E+04  3.7535E-01
7.2200E-02  1.2076E+04  1.2075E+04  3.7535E-01
7.2400E-02  1.1988E+04  1.1987E+04  3.7535E-01
7.2600E-02  1.2024E+04  1.2023E+04  3.7536E-01
7.2800E-02  1.1815E+04  1.1815E+04  3.7536E-01
7.3000E-02  1.1731E+04  1.1730E+04  3.7536E-01
7.3200E-02  1.1647E+04  1.1647E+04  3.7536E-01
7.3400E-02  1.1565E+04  1.1565E+04  3.7536E-01
7.3600E-02  1.1484E+04  1.1483E+04  3.7536E-01
7.3800E-02  1.1415E+04  1.1415E+04  3.7536E-01
7.4000E-02  1.1324E+04  1.1324E+04  3.7536E-01
7.4200E-02  1.1246E+04  1.1246E+04  3.7536E-01
7.4400E-02  1.1168E+04  1.1168E+04  3.7536E-01
7.4600E-02  1.1092E+04  1.1092E+04  3.7536E-01
7.4800E-02  1.1089E+04  1.1089E+04  3.7536E-01
7.5000E-02  1.0941E+04  1.0940E+04  3.7536E-01
7.5200E-02  1.0867E+04  1.0866E+04  3.7536E-01
7.5400E-02  1.0793E+04  1.0793E+04  3.7536E-01
7.5600E-02  1.1023E+04  1.1023E+04  3.7536E-01
7.5800E-02  1.0648E+04  1.0648E+04  3.7536E-01
7.6000E-02  1.0577E+04  1.0577E+04  3.7536E-01
7.6200E-02  1.0506E+04  1.0506E+04  3.7535E-01
7.6400E-02  1.0471E+04  1.0471E+04  3.7535E-01
7.6600E-02  1.0366E+04  1.0366E+04  3.7535E-01
7.6800E-02  1.0297E+04  1.0297E+04  3.7535E-01
7.7000E-02  1.0353E+04  1.0353E+04  3.7535E-01
7.7200E-02  1.0246E+04  1.0246E+04  3.7535E-01
7.7400E-02  1.0095E+04  1.0095E+04  3.7535E-01
7.7600E-02  1.0062E+04  1.0061E+04  3.7535E-01
7.7800E-02  9.9606E+03  9.9602E+03  3.7535E-01
7.8000E-02  1.8719E+04  1.8719E+04  3.7535E-01
7.8200E-02  9.8296E+03  9.8293E+03  3.7535E-01
7.8400E-02  9.7919E+03  9.7916E+03  3.7535E-01
7.8600E-02  9.8453E+03  9.8449E+03  3.7535E-01
7.8800E-02  9.8065E+03  9.8062E+03  3.7535E-01
7.9000E-02  9.7436E+03  9.7432E+03  3.7535E-01
7.9200E-02  9.6810E+03  9.6806E+03  3.7535E-01
7.9400E-02  9.6189E+03  9.6185E+03  3.7535E-01
7.9600E-02  9.5571E+03  9.5568E+03  3.7535E-01
7.9800E-02  9.4954E+03  9.4950E+03  3.7535E-01
8.0000E-02  9.4351E+03  9.4347E+03  3.7535E-01
8.0200E-02  9.3721E+03  9.3718E+03  3.7535E-01
8.0400E-02  9.3109E+03  9.3106E+03  3.7535E-01
8.0600E-02  9.2536E+03  9.2532E+03  3.7535E-01
8.0800E-02  9.1995E+03  9.1991E+03  3.7535E-01
8.1000E-02  9.1292E+03  9.1288E+03  3.7535E-01
8.1200E-02  9.0692E+03  9.0689E+03  3.7534E-01
8.1400E-02  9.0096E+03  9.0092E+03  3.7534E-01
8.1600E-02  8.9502E+03  8.9499E+03  3.7534E-01
8.1800E-02  8.8912E+03  8.8908E+03  3.7534E-01
8.2000E-02  8.8324E+03  8.8320E+03  3.7534E-01
8.2200E-02  8.7739E+03  8.7735E+03  3.7534E-01
8.2400E-02  8.7156E+03  8.7152E+03  3.7534E-01
8.2600E-02  8.6576E+03  8.6573E+03  3.7534E-01
8.2800E-02  8.5999E+03  8.5995E+03  3.7534E-01
8.3000E-02  8.5425E+03  8.5421E+03  3.7543E-01
8.3200E-02  8.4852E+03  8.4848E+03  3.7543E-01
8.3400E-02  8.4282E+03  8.4278E+03  3.7543E-01
8.3600E-02  8.3838E+03  8.3834E+03  3.7543E-01
8.3800E-02  8.3170E+03  8.3166E+03  3.7543E-01
8.4000E-02  8.2586E+03  8.2582E+03  3.7543E-01
8.4200E-02  8.2025E+03  8.2021E+03  3.7543E-01
8.4400E-02  8.1466E+03  8.1462E+03  3.7543E-01
8.4600E-02  8.0909E+03  8.0905E+03  3.7543E-01
8.4800E-02  8.0354E+03  8.0351E+03  3.7543E-01
8.5000E-02  7.9802E+03  7.9798E+03  3.7543E-01
8.5200E-02  7.9251E+03  7.9247E+03  3.7543E-01
8.5400E-02  7.8702E+03  7.8699E+03  3.7543E-01
8.5600E-02  7.8155E+03  7.8152E+03  3.7543E-01
8.5800E-02  7.7610E+03  7.7607E+03  3.7543E-01
8.6000E-02  7.7067E+03  7.7063E+03  3.7542E-01
8.6200E-02  7.6526E+03  7.6522E+03  3.7542E-01
8.6400E-02  7.5986E+03  7.5982E+03  3.7542E-01
8.6600E-02  7.5448E+03  7.5444E+03  3.7542E-01
8.6800E-02  7.4911E+03  7.4907E+03  3.7542E-01
8.7000E-02  7.4376E+03  7.4373E+03  3.7542E-01
8.7200E-02  7.3847E+03  7.3843E+03  3.7542E-01
8.7400E-02  7.3328E+03  7.3324E+03  3.7542E-01
8.7600E-02  7.2819E+03  7.2815E+03  3.7542E-01
8.7800E-02  7.2321E+03  7.2317E+03  3.7542E-01
8.8000E-02  7.1832E+03  7.1828E+03  3.7542E-01
8.8200E-02  7.1352E+03  7.1348E+03  3.7542E-01
8.8400E-02  7.0881E+03  7.0877E+03  3.7542E-01
8.8600E-02  7.0418E+03  7.0415E+03  3.7542E-01
8.8800E-02  6.9964E+03  6.9960E+03  3.7542E-01
8.9000E-02  6.9516E+03  6.9513E+03  3.7542E-01
8.9200E-02  6.9077E+03  6.9073E+03  3.7542E-01
8.9400E-02  6.8647E+03  6.8643E+03  3.7542E-01
8.9600E-02  6.8217E+03  6.8213E+03  3.7542E-01
8.9800E-02  6.7797E+03  6.7794E+03  3.7542E-01
9.0000E-02  6.7384E+03  6.7380E+03  3.7542E-01
9.0200E-02  6.6976E+03  6.6972E+03  3.7542E-01
9.0400E-02  6.6574E+03  6.6570E+03  3.7542E-01
9.0600E-02  6.6179E+03  6.6175E+03  3.7541E-01
9.0800E-02  6.5785E+03  6.5782E+03  3.7541E-01
9.1000E-02  6.5401E+03  6.5397E+03  3.7541E-01
9.1200E-02  6.5021E+03  6.5018E+03  3.7541E-01
9.1400E-02  6.4644E+03  6.4640E+03  3.7541E-01
9.1600E-02  6.4272E+03  6.4268E+03  3.7541E-01
9.1800E-02  6.3904E+03  6.3900E+03  3.7541E-01
9.2000E-02  6.3540E+03  6.3536E+03  3.7541E-01
9.2200E-02  6.3180E+03  6.3176E+03  3.7541E-01
9.2400E-02  6.2824E+03  6.2820E+03  3.7541E-01
9.2600E-02  6.2472E+03  6.2468E+03  3.7541E-01
9.2800E-02  6.2123E+03  6.2119E+03  3.7541E-01
9.3000E-02  6.1778E+03  6.1774E+03  3.7541E-01
9.3200E-02  6.1437E+03  6.1433E+03  3.7541E-01
9.3400E-02  6.1098E+03  6.1095E+03  3.7541E-01
9.3600E-02  6.0763E+03  6.0759E+03  3.7541E-01
9.3800E-02  6.0431E+03  6.0427E+03  3.7541E-01
9.4000E-02  6.0102E+03  6.0098E+03  3.7541E-01
9.4200E-02  5.9776E+03  5.9772E+03  3.7541E-01
9.4400E-02  5.9453E+03  5.9449E+03  3.7541E-01
9.4600E-02  5.9132E+03  5.9128E+03  3.7541E-01
9.4800E-02  5.8814E+03  5.8810E+03  3.7541E-01
9.5000E-02  5.8499E+03  5.8495E+03  3.7541E-01
9.5200E-02  5.8186E+03  5.8182E+03  3.7541E-01
9.5400E-02  5.7875E+03  5.7872E+03  3.7541E-01
9.5600E-02  5.7567E+03  5.7564E+03  3.7540E-01
9.5800E-02  5.7261E+03  5.7258E+03  3.7540E-01
9.6000E-02  5.6958E+03  5.6954E+03  3.7540E-01
9.6200E-02  5.6656E+03  5.6652E+03  3.7540E-01
9.6400E-02  5.6357E+03  5.6353E+03  3.7540E-01
9.6600E-02  5.6059E+03  5.6055E+03  3.7540E-01
9.6800E-02  5.5764E+03  5.5760E+03  3.7540E-01
9.7000E-02  5.5520E+03  5.5516E+03  3.7540E-01
9.7200E-02  5.5178E+03  5.5175E+03  3.7540E-01
9.7400E-02  5.4889E+03  5.4885E+03  3.7540E-01
9.7600E-02  5.4601E+03  5.4597E+03  3.7540E-01
9.7800E-02  5.4314E+03  5.4310E+03  3.7540E-01
9.8000E-02  5.4030E+03  5.4026E+03  3.7540E-01
9.8200E-02  5.3747E+03  5.3743E+03  3.7540E-01
9.8400E-02  5.3465E+03  5.3462E+03  3.7540E-01
9.8600E-02  5.3186E+03  5.3182E+03  3.7540E-01
9.8800E-02  5.2907E+03  5.2904E+03  3.7540E-01
9.9000E-02  5.2647E+03  5.2644E+03  3.7540E-01
9.9200E-02  5.2355E+03  5.2352E+03  3.7540E-01
9.9400E-02  5.2082E+03  5.2078E+03  3.7540E-01
9.9600E-02  5.1887E+03  5.1884E+03  3.7540E-01
9.9800E-02  5.1538E+03  5.1535E+03  3.7540E-01
1.0000E-01  5.1268E+03  5.1265E+03  3.7539E-01
1.0020E-01  5.1000E+03  5.0996E+03  3.7539E-01
1.0040E-01  5.0733E+03  5.0729E+03  3.7539E-01
1.0060E-01  5.0467E+03  5.0463E+03  3.7539E-01
1.0080E-01  5.0216E+03  5.0213E+03  3.7539E-01
1.0100E-01  4.9939E+03  4.9935E+03  3.7539E-01
1.0120E-01  4.9676E+03  4.9673E+03  3.7539E-01
1.0140E-01  4.9415E+03  4.9411E+03  3.7539E-01
1.0160E-01  4.9156E+03  4.9153E+03  3.7539E-01
1.0180E-01  4.8896E+03  4.8892E+03  3.7539E-01
1.0200E-01  4.8638E+03  4.8634E+03  3.7539E-01
1.0220E-01  4.8381E+03  4.8377E+03  3.7539E-01
1.0240E-01  4.8125E+03  4.8121E+03  3.7539E-01
1.0260E-01  4.7870E+03  4.7866E+03  3.7539E-01
1.0280E-01  4.7615E+03  4.7612E+03  3.7539E-01
1.0300E-01  4.7362E+03  4.7359E+03  3.7539E-01
1.0320E-01  4.7110E+03  4.7106E+03  3.7539E-01
1.0340E-01  4.6859E+03  4.6855E+03  3.7539E-01
1.0360E-01  4.6608E+03  4.6604E+03  3.7539E-01
1.0380E-01  4.6359E+03  4.6355E+03  3.7539E-01
1.0400E-01  4.6110E+03  4.6106E+03  3.7539E-01
1.0420E-01  4.5862E+03  4.5858E+03  3.7539E-01
1.0440E-01  4.5615E+03  4.5611E+03  3.7539E-01
1.0460E-01  4.5368E+03  4.5365E+03  3.7538E-01
1.0480E-01  4.5123E+03  4.5119E+03  3.7538E-01
1.0500E-01  4.4878E+03  4.4874E+03  3.7538E-01
1.0520E-01  4.4634E+03  4.4630E+03  3.7538E-01
1.0540E-01  4.4391E+03  4.4387E+03  3.7538E-01
1.0560E-01  4.4148E+03  4.4144E+03  3.7538E-01
1.0580E-01  4.3906E+03  4.3902E+03  3.7538E-01
1.0600E-01  4.3665E+03  4.3661E+03  3.7538E-01
1.0620E-01  4.3424E+03  4.3421E+03  3.7538E-01
1.0640E-01  4.3184E+03  4.3181E+03  3.7538E-01
1.0660E-01  4.2945E+03  4.2941E+03  3.7538E-01
1.0680E-01  4.2707E+03  4.2703E+03  3.7538E-01
1.0700E-01  4.2469E+03  4.2465E+03  3.7538E-01
1.0720E-01  4.2232E+03  4.2228E+03  3.7538E-01
1.0740E-01  4.1995E+03  4.1991E+03  3.7538E-01
1.0760E-01  4.1759E+03  4.1755E+03  3.7538E-01
1.0780E-01  4.1524E+03  4.1520E+03  3.7538E-01
1.0800E-01  4.1289E+03  4.1285E+03  3.7538E-01
1.0820E-01  4.1054E+03  4.1051E+03  3.7538E-01
1.0840E-01  4.0821E+03  4.0817E+03  3.7538E-01
1.0860E-01  4.0588E+03  4.0584E+03  3.7538E-01
1.0880E-01  4.0355E+03  4.0351E+03  3.7538E-01
1.0900E-01  4.0123E+03  4.0119E+03  3.7537E-01
1.0920E-01  3.9892E+03  3.9888E+03  3.7537E-01
1.0940E-01  3.9661E+03  3.9657E+03  3.7537E-01
1.0960E-01  3.9430E+03  3.9427E+03  3.7537E-01
1.0980E-01  3.9204E+03  3.9200E+03  3.7537E-01
1.1000E-01  3.8981E+03  3.8977E+03  3.7537E-01
1.1020E-01  3.8914E+03  3.8910E+03  3.7537E-01
1.1040E-01  3.8546E+03  3.8542E+03  3.7537E-01
1.1060E-01  3.8333E+03  3.8329E+03  3.7537E-01
1.1080E-01  3.8124E+03  3.8120E+03  3.7537E-01
1.1100E-01  3.7918E+03  3.7914E+03  3.7537E-01
1.1120E-01  3.7715E+03  3.7711E+03  3.7537E-01
1.1140E-01  3.7515E+03  3.7511E+03  3.7537E-01
1.1160E-01  3.7318E+03  3.7314E+03  3.7537E-01
1.1180E-01  3.7123E+03  3.7119E+03  3.7537E-01
1.1200E-01  3.6931E+03  3.6927E+03  3.7537E-01
1.1220E-01  3.6742E+03  3.6738E+03  3.7537E-01
1.1240E-01  3.6555E+03  3.6551E+03  3.7537E-01
1.1260E-01  3.6370E+03  3.6366E+03  3.7537E-01
1.1280E-01  3.6188E+03  3.6184E+03  3.7537E-01
1.1300E-01  3.6007E+03  3.6004E+03  3.7537E-01
1.1320E-01  3.5829E+03  3.5825E+03  3.7537E-01
1.1340E-01  3.5653E+03  3.5649E+03  3.7537E-01
1.1360E-01  3.5479E+03  3.5475E+03  3.7536E-01
1.1380E-01  3.5307E+03  3.5303E+03  3.7536E-01
1.1400E-01  3.5137E+03  3.5133E+03  3.7536E-01
1.1420E-01  3.4968E+03  3.4965E+03  3.7536E-01
1.1440E-01  3.4802E+03  3.4798E+03  3.7536E-01
1.1460E-01  3.4637E+03  3.4633E+03  3.7536E-01
1.1480E-01  3.4473E+03  3.4470E+03  3.7536E-01
1.1500E-01  3.4312E+03  3.4308E+03  3.7536E-01
1.1520E-01  3.4151E+03  3.4148E+03  3.7536E-01
1.1540E-01  3.3993E+03  3.3989E+03  3.7536E-01
1.1560E-01  3.3835E+03  3.3832E+03  3.7536E-01
1.1580E-01  3.3680E+03  3.3676E+03  3.7536E-01
1.1600E-01  3.3525E+03  3.3521E+03  3.7536E-01
1.1620E-01  3.3372E+03  3.3368E+03  3.7536E-01
1.1640E-01  3.3220E+03  3.3217E+03  3.7536E-01
1.1660E-01  3.3071E+03  3.3067E+03  3.7536E-01
1.1680E-01  3.2921E+03  3.2917E+03  3.7536E-01
1.1700E-01  3.2773E+03  3.2769E+03  3.7536E-01
1.1720E-01  3.2626E+03  3.2622E+03  3.7536E-01
1.1740E-01  3.2480E+03  3.2476E+03  3.7536E-01
1.1760E-01  3.2336E+03  3.2332E+03  3.7536E-01
1.1780E-01  3.2192E+03  3.2188E+03  3.7536E-01
1.1800E-01  3.2049E+03  3.2046E+03  3.7535E-01
1.1820E-01  3.1908E+03  3.1904E+03  3.7535E-01
1.1840E-01  3.1768E+03  3.1764E+03  3.7535E-01
1.1860E-01  3.1628E+03  3.1624E+03  3.7535E-01
1.1880E-01  3.1490E+03  3.1486E+03  3.7535E-01
1.1900E-01  3.1353E+03  3.1349E+03  3.7535E-01
1.1920E-01  3.1216E+03  3.1212E+03  3.7535E-01
1.1940E-01  3.1121E+03  3.1117E+03  3.7535E-01
1.1960E-01  3.1080E+03  3.1076E+03  3.7535E-01
1.1980E-01  3.0956E+03  3.0952E+03  3.7535E-01
1.2000E-01  3.0818E+03  3.0814E+03  3.7535E-01
1.2020E-01  3.0681E+03  3.0677E+03  3.7535E-01
1.2040E-01  3.0545E+03  3.0541E+03  3.7535E-01
1.2060E-01  3.0410E+03  3.0406E+03  3.7535E-01
1.2080E-01  3.0278E+03  3.0274E+03  3.7535E-01
1.2100E-01  3.0148E+03  3.0145E+03  3.7535E-01
1.2120E-01  3.0020E+03  3.0016E+03  3.7535E-01
1.2140E-01  2.9891E+03  2.9888E+03  3.7535E-01
1.2160E-01  2.9764E+03  2.9760E+03  3.7535E-01
1.2180E-01  2.9637E+03  2.9633E+03  3.7535E-01
1.2200E-01  2.9511E+03  2.9507E+03  3.7535E-01
1.2220E-01  2.9386E+03  2.9382E+03  3.7535E-01
1.2240E-01  2.9261E+03  2.9257E+03  3.7534E-01
1.2260E-01  2.9137E+03  2.9133E+03  3.7534E-01
1.2280E-01  2.9013E+03  2.9009E+03  3.7534E-01
1.2300E-01  2.8890E+03  2.8886E+03  3.7534E-01
1.2320E-01  2.8768E+03  2.8764E+03  3.7534E-01
1.2340E-01  2.8646E+03  2.8642E+03  3.7534E-01
1.2360E-01  2.8524E+03  2.8521E+03  3.7537E-01
1.2380E-01  2.8404E+03  2.8400E+03  3.7537E-01
1.2400E-01  2.8284E+03  2.8280E+03  3.7537E-01
1.2420E-01  2.8164E+03  2.8160E+03  3.7537E-01
1.2440E-01  2.8045E+03  2.8041E+03  3.7537E-01
1.2460E-01  2.7926E+03  2.7923E+03  3.7537E-01
1.2480E-01  2.7808E+03  2.7805E+03  3.7537E-01
1.2500E-01  2.7691E+03  2.7687E+03  3.7537E-01
1.2520E-01  2.7574E+03  2.7570E+03  3.7537E-01
1.2540E-01  2.7457E+03  2.7453E+03  3.7537E-01
1.2560E-01  2.7341E+03  2.7337E+03  3.7537E-01
1.2580E-01  2.7225E+03  2.7222E+03  3.7537E-01
1.2600E-01  2.7110E+03  2.7106E+03  3.7537E-01
1.2620E-01  2.6995E+03  2.6992E+03  3.7537E-01
1.2640E-01  2.6881E+03  2.6877E+03  3.7537E-01
1.2660E-01  2.6767E+03  2.6763E+03  3.7537E-01
1.2680E-01  2.6654E+03  2.6650E+03  3.7536E-01
1.2700E-01  2.6541E+03  2.6537E+03  3.7536E-01
1.2720E-01  2.6428E+03  2.6424E+03  3.7536E-01
1.2740E-01  2.6316E+03  2.6312E+03  3.7536E-01
1.2760E-01  2.6204E+03  2.6200E+03  3.7536E-01
1.2780E-01  2.6093E+03  2.6089E+03  3.7536E-01
1.2800E-01  2.5982E+03  2.5978E+03  3.7536E-01
1.2820E-01  2.5871E+03  2.5867E+03  3.7536E-01
1.2840E-01  2.5761E+03  2.5757E+03  3.7536E-01
1.2860E-01  2.5651E+03  2.5647E+03  3.7536E-01
1.2880E-01  2.5541E+03  2.5537E+03  3.7536E-01
1.2900E-01  2.5432E+03  2.5428E+03  3.7536E-01
1.2920E-01  2.5323E+03  2.5319E+03  3.7536E-01
1.2940E-01  2.5214E+03  2.5210E+03  3.7536E-01
1.2960E-01  2.5106E+03  2.5102E+03  3.7536E-01
1.2980E-01  2.4998E+03  2.4994E+03  3.7536E-01
1.3000E-01  2.4890E+03  2.4887E+03  3.7536E-01
1.3020E-01  2.4783E+03  2.4779E+03  3.7536E-01
1.3040E-01  2.4676E+03  2.4672E+03  3.7536E-01
1.3060E-01  2.4569E+03  2.4566E+03  3.7536E-01
1.3080E-01  2.4463E+03  2.4459E+03  3.7536E-01
1.3100E-01  2.4357E+03  2.4353E+03  3.7536E-01
1.3120E-01  2.4251E+03  2.4247E+03  3.7535E-01
1.3140E-01  2.4145E+03  2.4141E+03  3.7535E-01
1.3160E-01  2.4040E+03  2.4036E+03  3.7535E-01
1.3180E-01  2.3935E+03  2.3931E+03  3.7535E-01
1.3200E-01  2.3830E+03  2.3826E+03  3.7535E-01
1.3220E-01  2.3726E+03  2.3722E+03  3.7535E-01
1.3240E-01  2.3621E+03  2.3618E+03  3.7535E-01
1.3260E-01  2.3517E+03  2.3514E+03  3.7535E-01
1.3280E-01  2.3414E+03  2.3410E+03  3.7535E-01
1.3300E-01  2.3310E+03  2.3306E+03  3.7535E-01
1.3320E-01  2.3207E+03  2.3203E+03  3.7535E-01
1.3340E-01  2.3104E+03  2.3100E+03  3.7535E-01
1.3360E-01  2.3001E+03  2.2997E+03  3.7535E-01
1.3380E-01  2.2898E+03  2.2895E+03  3.7535E-01
1.3400E-01  2.2796E+03  2.2792E+03  3.7535E-01
1.3420E-01  2.2694E+03  2.2690E+03  3.7535E-01
1.3440E-01  2.2592E+03  2.2588E+03  3.7535E-01
1.3460E-01  2.2491E+03  2.2487E+03  3.7535E-01
1.3480E-01  2.2389E+03  2.2386E+03  3.7535E-01
1.3500E-01  2.2288E+03  2.2284E+03  3.7535E-01
1.3520E-01  2.2187E+03  2.2183E+03  3.7535E-01
1.3540E-01  2.2086E+03  2.2083E+03  3.7535E-01
1.3560E-01  2.1986E+03  2.1982E+03  3.7534E-01
1.3580E-01  2.1886E+03  2.1882E+03  3.7534E-01
1.3600E-01  2.1786E+03  2.1782E+03  3.7534E-01
1.3620E-01  2.1686E+03  2.1682E+03  3.7534E-01
1.3640E-01  2.1586E+03  2.1582E+03  3.7534E-01
1.3660E-01  2.1486E+03  2.1483E+03  3.7534E-01
1.3680E-01  2.1387E+03  2.1383E+03  3.7534E-01
1.3700E-01  2.1288E+03  2.1284E+03  3.7534E-01
1.3720E-01  2.1189E+03  2.1185E+03  3.7534E-01
1.3740E-01  2.1090E+03  2.1087E+03  3.7534E-01
1.3760E-01  2.0992E+03  2.0988E+03  3.7534E-01
1.3780E-01  2.0893E+03  2.0890E+03  3.7534E-01
1.3800E-01  2.0796E+03  2.0792E+03  3.7534E-01
1.3820E-01  2.0700E+03  2.0696E+03  3.7534E-01
1.3840E-01  2.0605E+03  2.0601E+03  3.7534E-01
1.3860E-01  2.0511E+03  2.0507E+03  3.7534E-01
1.3880E-01  2.0419E+03  2.0415E+03  3.7534E-01
1.3900E-01  2.0327E+03  2.0324E+03  3.7534E-01
1.3920E-01  2.0237E+03  2.0233E+03  3.7534E-01
1.3940E-01  2.0148E+03  2.0144E+03  3.7534E-01
1.3960E-01  2.0060E+03  2.0057E+03  3.7534E-01
1.3980E-01  1.9973E+03  1.9970E+03  3.7533E-01
1.4000E-01  1.9888E+03  1.9884E+03  3.7533E-01
1.4020E-01  1.9803E+03  1.9799E+03  3.7533E-01
1.4040E-01  1.9719E+03  1.9715E+03  3.7533E-01
1.4060E-01  1.9636E+03  1.9632E+03  3.7533E-01
1.4080E-01  1.9554E+03  1.9550E+03  3.7533E-01
1.4100E-01  1.9473E+03  1.9469E+03  3.7533E-01
1.4120E-01  1.9392E+03  1.9389E+03  3.7533E-01
1.4140E-01  1.9313E+03  1.9309E+03  3.7533E-01
1.4160E-01  1.9234E+03  1.9231E+03  3.7533E-01
1.4180E-01  1.9156E+03  1.9153E+03  3.7533E-01
1.4200E-01  1.9079E+03  1.9076E+03  3.7533E-01
1.4220E-01  1.9003E+03  1.8999E+03  3.7533E-01
1.4240E-01  1.8927E+03  1.8924E+03  3.7533E-01
1.4260E-01  1.8852E+03  1.8849E+03  3.7533E-01
1.4280E-01  1.8778E+03  1.8774E+03  3.7533E-01
1.4300E-01  1.8705E+03  1.8701E+03  3.7533E-01
1.4320E-01  1.8632E+03  1.8628E+03  3.7533E-01
1.4340E-01  1.8559E+03  1.8556E+03  3.7533E-01
1.4360E-01  1.8488E+03  1.8484E+03  3.7533E-01
1.4380E-01  1.8417E+03  1.8413E+03  3.7533E-01
1.4400E-01  1.8346E+03  1.8342E+03  3.7533E-01
1.4420E-01  1.8276E+03  1.8273E+03  3.7532E-01
1.4440E-01  1.8207E+03  1.8203E+03  3.7532E-01
1.4460E-01  1.8138E+03  1.8134E+03  3.7532E-01
1.4480E-01  1.8070E+03  1.8066E+03  3.7532E-01
1.4500E-01  1.8002E+03  1.7998E+03  3.7532E-01
1.4520E-01  1.7935E+03  1.7931E+03  3.7532E-01
1.4540E-01  1.7868E+03  1.7865E+03  3.7532E-01
1.4560E-01  1.7802E+03  1.7798E+03  3.7532E-01
1.4580E-01  1.7736E+03  1.7733E+03  3.7532E-01
1.4600E-01  1.7671E+03  1.7667E+03  3.7532E-01
1.4620E-01  1.7606E+03  1.7603E+03  3.7532E-01
1.4640E-01  1.7542E+03  1.7538E+03  3.7532E-01
1.4660E-01  1.7478E+03  1.7474E+03  3.7532E-01
1.4680E-01  1.7414E+03  1.7411E+03  3.7532E-01
1.4700E-01  1.7351E+03  1.7348E+03  3.7532E-01
1.4720E-01  1.7289E+03  1.7285E+03  3.7532E-01
1.4740E-01  1.7226E+03  1.7223E+03  3.7532E-01
1.4760E-01  1.7165E+03  1.7161E+03  3.7532E-01
1.4780E-01  1.7103E+03  1.7099E+03  3.7532E-01
1.4800E-01  1.7042E+03  1.7038E+03  3.7532E-01
1.4820E-01  1.6981E+03  1.6977E+03  3.7532E-01
1.4840E-01  1.6921E+03  1.6917E+03  3.7532E-01
1.4860E-01  1.6861E+03  1.6857E+03  3.7531E-01
1.4880E-01  1.6801E+03  1.6797E+03  3.7531E-01
1.4900E-01  1.6742E+03  1.6738E+03  3.7531E-01
1.4920E-01  1.6683E+03  1.6679E+03  3.7531E-01
1.4940E-01  1.6624E+03  1.6620E+03  3.7531E-01
1.4960E-01  1.6566E+03  1.6562E+03  3.7531E-01
1.4980E-01  1.6508E+03  1.6504E+03  3.7531E-01
1.5000E-01  1.6450E+03  1.6446E+03  3.7531E-01
1.5020E-01  1.6392E+03  1.6389E+03  3.7531E-01
1.5040E-01  1.6335E+03  1.6331E+03  3.7531E-01
1.5060E-01  1.6278E+03  1.6274E+03  3.7531E-01
1.5080E-01  1.6222E+03  1.6218E+03  3.7531E-01
1.5100E-01  1.6165E+03  1.6162E+03  3.7531E-01
1.5120E-01  1.6109E+03  1.6106E+03  3.7531E-01
1.5140E-01  1.6053E+03  1.6050E+03  3.7531E-01
1.5160E-01  1.5998E+03  1.5994E+03  3.7531E-01
1.5180E-01  1.5943E+03  1.5939E+03  3.7531E-01
1.5200E-01  1.5888E+03  1.5884E+03  3.7531E-01
1.5220E-01  1.5833E+03  1.5829E+03  3.7531E-01
1.5240E-01  1.5778E+03  1.5775E+03  3.7531E-01
1.5260E-01  1.5724E+03  1.5720E+03  3.7531E-01
1.5280E-01  1.5670E+03  1.5666E+03  3.7531E-01
1.5300E-01  1.5616E+03  1.5612E+03  3.7530E-01
1.5320E-01  1.5563E+03  1.5559E+03  3.7530E-01
1.5340E-01  1.5509E+03  1.5506E+03  3.7530E-01
1.5360E-01  1.5456E+03  1.5452E+03  3.7530E-01
1.5380E-01  1.5403E+03  1.5399E+03  3.7530E-01
1.5400E-01  1.5350E+03  1.5347E+03  3.7530E-01
1.5420E-01  1.5298E+03  1.5294E+03  3.7530E-01
1.5440E-01  1.5246E+03  1.5242E+03  3.7530E-01
1.5460E-01  1.5194E+03  1.5190E+03  3.7530E-01
1.5480E-01  1.5142E+03  1.5138E+03  3.7530E-01
1.5500E-01  1.5090E+03  1.5086E+03  3.7530E-01
1.5520E-01  1.5038E+03  1.5035E+03  3.7530E-01
1.5540E-01  1.4987E+03  1.4983E+03  3.7530E-01
1.5560E-01  1.4936E+03  1.4932E+03  3.7530E-01
1.5580E-01  1.4885E+03  1.4881E+03  3.7530E-01
1.5600E-01  1.4834E+03  1.4830E+03  3.7530E-01
1.5620E-01  1.4784E+03  1.4780E+03  3.7530E-01
1.5640E-01  1.4733E+03  1.4730E+03  3.7530E-01
1.5660E-01  1.4683E+03  1.4679E+03  3.7530E-01
1.5680E-01  1.4633E+03  1.4629E+03  3.7530E-01
1.5700E-01  1.4583E+03  1.4579E+03  3.7530E-01
1.5720E-01  1.4533E+03  1.4530E+03  3.7529E-01
1.5740E-01  1.4484E+03  1.4480E+03  3.7529E-01
1.5760E-01  1.4434E+03  1.4431E+03  3.7529E-01
1.5780E-01  1.4385E+03  1.4381E+03  3.7529E-01
1.5800E-01  1.4336E+03  1.4332E+03  3.7529E-01
1.5820E-01  1.4287E+03  1.4283E+03  3.7529E-01
1.5840E-01  1.4238E+03  1.4235E+03  3.7529E-01
1.5860E-01  1.4190E+03  1.4186E+03  3.7529E-01
1.5880E-01  1.4141E+03  1.4138E+03  3.7529E-01
1.5900E-01  1.4093E+03  1.4089E+03  3.7529E-01
1.5920E-01  1.4045E+03  1.4041E+03  3.7529E-01
1.5940E-01  1.3997E+03  1.3993E+03  3.7529E-01
1.5960E-01  1.3949E+03  1.3945E+03  3.7529E-01
1.5980E-01  1.3901E+03  1.3897E+03  3.7529E-01
1.6000E-01  1.3853E+03  1.3850E+03  3.7529E-01
1.6020E-01  1.3806E+03  1.3802E+03  3.7529E-01
1.6040E-01  1.3758E+03  1.3755E+03  3.7529E-01
1.6060E-01  1.3711E+03  1.3707E+03  3.7529E-01
1.6080E-01  1.3664E+03  1.3660E+03  3.7529E-01
1.6100E-01  1.3617E+03  1.3613E+03  3.7529E-01
1.6120E-01  1.3570E+03  1.3567E+03  3.7529E-01
1.6140E-01  1.3524E+03  1.3520E+03  3.7529E-01
1.6160E-01  1.3477E+03  1.3473E+03  3.7528E-01
1.6180E-01  1.3430E+03  1.3427E+03  3.7528E-01
1.6200E-01  1.3384E+03  1.3380E+03  3.7528E-01
1.6220E-01  1.3338E+03  1.3334E+03  3.7528E-01
1.6240E-01  1.3292E+03  1.3288E+03  3.7528E-01
1.6260E-01  1.3246E+03  1.3242E+03  3.7528E-01
1.6280E-01  1.3200E+03  1.3196E+03  3.7528E-01
1.6300E-01  1.3154E+03  1.3150E+03  3.7528E-01
1.6320E-01  1.3108E+03  1.3105E+03  3.7528E-01
1.6340E-01  1.3063E+03  1.3059E+03  3.7528E-01
1.6360E-01  1.3017E+03  1.3014E+03  3.7528E-01
1.6380E-01  1.2972E+03  1.2968E+03  3.7528E-01
1.6400E-01  1.2927E+03  1.2923E+03  3.7528E-01
1.6420E-01  1.2882E+03  1.2878E+03  3.7528E-01
1.6440E-01  1.2837E+03  1.2833E+03  3.7528E-01
1.6460E-01  1.2792E+03  1.2788E+03  3.7528E-01
1.6480E-01  1.2747E+03  1.2743E+03  3.7528E-01
1.6500E-01  1.2702E+03  1.2699E+03  3.7528E-01
1.6520E-01  1.2658E+03  1.2654E+03  3.7528E-01
1.6540E-01  1.2613E+03  1.2609E+03  3.7528E-01
1.6560E-01  1.2569E+03  1.2565E+03  3.7528E-01
1.6580E-01  1.2524E+03  1.2521E+03  3.7527E-01
1.6600E-01  1.2480E+03  1.2476E+03  3.7527E-01
1.6620E-01  1.2436E+03  1.2432E+03  3.7527E-01
1.6640E-01  1.2392E+03  1.2388E+03  3.7527E-01
1.6660E-01  1.2348E+03  1.2344E+03  3.7527E-01
1.6680E-01  1.2304E+03  1.2300E+03  3.7527E-01
1.6700E-01  1.2260E+03  1.2256E+03  3.7527E-01
1.6720E-01  1.2216E+03  1.2213E+03  3.7527E-01
1.6740E-01  1.2173E+03  1.2169E+03  3.7527E-01
1.6760E-01  1.2129E+03  1.2126E+03  3.7527E-01
1.6780E-01  1.2086E+03  1.2082E+03  3.7527E-01
1.6800E-01  1.2042E+03  1.2039E+03  3.7527E-01
1.6820E-01  1.1999E+03  1.1995E+03  3.7527E-01
1.6840E-01  1.1956E+03  1.1952E+03  3.7527E-01
1.6860E-01  1.1913E+03  1.1909E+03  3.7527E-01
1.6880E-01  1.1870E+03  1.1866E+03  3.7527E-01
1.6900E-01  1.1827E+03  1.1823E+03  3.7527E-01
1.6920E-01  1.1784E+03  1.1780E+03  3.7527E-01
1.6940E-01  1.1741E+03  1.1737E+03  3.7527E-01
1.6960E-01  1.1698E+03  1.1695E+03  3.7527E-01
1.6980E-01  1.1656E+03  1.1652E+03  3.7527E-01
1.7000E-01  1.1613E+03  1.1609E+03  3.7527E-01
1.7020E-01  1.1571E+03  1.1567E+03  3.7526E-01
1.7040E-01  1.1528E+03  1.1524E+03  3.7526E-01
1.7060E-01  1.1486E+03  1.1482E+03  3.7526E-01
1.7080E-01  1.1444E+03  1.1440E+03  3.7526E-01
1.7100E-01  1.1401E+03  1.1398E+03  3.7526E-01
1.7120E-01  1.1359E+03  1.1355E+03  3.7526E-01
1.7140E-01  1.1317E+03  1.1313E+03  3.7526E-01
1.7160E-01  1.1275E+03  1.1271E+03  3.7526E-01
1.7180E-01  1.1233E+03  1.1229E+03  3.7526E-01
1.7200E-01  1.1191E+03  1.1188E+03  3.7526E-01
1.7220E-01  1.1150E+03  1.1146E+03  3.7526E-01
1.7240E-01  1.1108E+03  1.1104E+03  3.7526E-01
1.7260E-01  1.1066E+03  1.1062E+03  3.7526E-01
1.7280E-01  1.1025E+03  1.1021E+03  3.7526E-01
1.7300E-01  1.0983E+03  1.0979E+03  3.7526E-01
1.7320E-01  1.0942E+03  1.0938E+03  3.7526E-01
1.7340E-01  1.0900E+03  1.0896E+03  3.7526E-01
1.7360E-01  1.0859E+03  1.0855E+03  3.7526E-01
1.7380E-01  1.0818E+03  1.0815E+03  3.7526E-01
1.7400E-01  1.0778E+03  1.0774E+03  3.7526E-01
1.7420E-01  1.0738E+03  1.0735E+03  3.7526E-01
1.7440E-01  1.0699E+03  1.0695E+03  3.7526E-01
1.7460E-01  1.0660E+03  1.0656E+03  3.7525E-01
1.7480E-01  1.0622E+03  1.0618E+03  3.7525E-01
1.7500E-01  1.0583E+03  1.0580E+03  3.7525E-01
1.7520E-01  1.0546E+03  1.0542E+03  3.7525E-01
1.7540E-01  1.0508E+03  1.0505E+03  3.7525E-01
1.7560E-01  1.0471E+03  1.0468E+03  3.7525E-01
1.7580E-01  1.0435E+03  1.0431E+03  3.7525E-01
1.7600E-01  1.0398E+03  1.0395E+03  3.7525E-01
1.7620E-01  1.0362E+03  1.0359E+03  3.7525E-01
1.7640E-01  1.0327E+03  1.0323E+03  3.7525E-01
1.7660E-01  1.0292E+03  1.0288E+03  3.7525E-01
1.7680E-01  1.0257E+03  1.0253E+03  3.7525E-01
1.7700E-01  1.0222E+03  1.0218E+03  3.7525E-01
1.7720E-01  1.0187E+03  1.0184E+03  3.7525E-01
1.7740E-01  1.0153E+03  1.0150E+03  3.7525E-01
1.7760E-01  1.0120E+03  1.0116E+03  3.7525E-01
1.7780E-01  1.0086E+03  1.0082E+03  3.7525E-01
1.7800E-01  1.0053E+03  1.0049E+03  3.7525E-01
1.7820E-01  1.0020E+03  1.0016E+03  3.7525E-01
1.7840E-01  9.9873E+02  9.9835E+02  3.7525E-01
1.7860E-01  9.9548E+02  9.9511E+02  3.7525E-01
1.7880E-01  9.9227E+02  9.9189E+02  3.7524E-01
1.7900E-01  9.8907E+02  9.8870E+02  3.7524E-01
1.7920E-01  9.8590E+02  9.8553E+02  3.7524E-01
1.7940E-01  9.8276E+02  9.8238E+02  3.7524E-01
1.7960E-01  9.7964E+02  9.7926E+02  3.7524E-01
1.7980E-01  9.7654E+02  9.7616E+02  3.7524E-01
1.8000E-01  9.7346E+02  9.7308E+02  3.7524E-01
1.8020E-01  9.7040E+02  9.7003E+02  3.7524E-01
1.8040E-01  9.6737E+02  9.6700E+02  3.7524E-01
1.8060E-01  9.6436E+02  9.6398E+02  3.7524E-01
1.8080E-01  9.6137E+02  9.6099E+02  3.7524E-01
1.8100E-01  9.5839E+02  9.5802E+02  3.7524E-01
1.8120E-01  9.5544E+02  9.5507E+02  3.7524E-01
1.8140E-01  9.5251E+02  9.5213E+02  3.7524E-01
1.8160E-01  9.4959E+02  9.4922E+02  3.7524E-01
1.8180E-01  9.4670E+02  9.4632E+02  3.7524E-01
1.8200E-01  9.4382E+02  9.4345E+02  3.7524E-01
1.8220E-01  9.4096E+02  9.4059E+02  3.7524E-01
1.8240E-01  9.3812E+02  9.3775E+02  3.7524E-01
1.8260E-01  9.3530E+02  9.3492E+02  3.7524E-01
1.8280E-01  9.3249E+02  9.3212E+02  3.7524E-01
1.8300E-01  9.2970E+02  9.2933E+02  3.7524E-01
1.8320E-01  9.2693E+02  9.2655E+02  3.7523E-01
1.8340E-01  9.2417E+02  9.2379E+02  3.7523E-01
1.8360E-01  9.2143E+02  9.2105E+02  3.7523E-01
1.8380E-01  9.1870E+02  9.1832E+02  3.7523E-01
1.8400E-01  9.1599E+02  9.1561E+02  3.7523E-01
1.8420E-01  9.1329E+02  9.1291E+02  3.7523E-01
1.8440E-01  9.1061E+02  9.1023E+02  3.7523E-01
1.8460E-01  9.0794E+02  9.0757E+02  3.7523E-01
1.8480E-01  9.0529E+02  9.0491E+02  3.7523E-01
1.8500E-01  9.0265E+02  9.0227E+02  3.7523E-01
1.8520E-01  9.0002E+02  8.9965E+02  3.7523E-01
1.8540E-01  8.9741E+02  8.9703E+02  3.7523E-01
1.8560E-01  8.9481E+02  8.9443E+02  3.7523E-01
1.8580E-01  8.9222E+02  8.9185E+02  3.7523E-01
1.8600E-01  8.8965E+02  8.8927E+02  3.7523E-01
1.8620E-01  8.8709E+02  8.8671E+02  3.7523E-01
1.8640E-01  8.8454E+02  8.8416E+02  3.7523E-01
1.8660E-01  8.8200E+02  8.8163E+02  3.7523E-01
1.8680E-01  8.7948E+02  8.7910E+02  3.7523E-01
1.8700E-01  8.7697E+02  8.7659E+02  3.7523E-01
1.8720E-01  8.7446E+02  8.7409E+02  3.7523E-01
1.8740E-01  8.7197E+02  8.7160E+02  3.7522E-01
1.8760E-01  8.6949E+02  8.6912E+02  3.7522E-01
1.8780E-01  8.6703E+02  8.6665E+02  3.7522E-01
1.8800E-01  8.6457E+02  8.6419E+02  3.7522E-01
1.8820E-01  8.6212E+02  8.6175E+02  3.7522E-01
1.8840E-01  8.5969E+02  8.5931E+02  3.7522E-01
1.8860E-01  8.5726E+02  8.5689E+02  3.7522E-01
1.8880E-01  8.5485E+02  8.5447E+02  3.7522E-01
1.8900E-01  8.5244E+02  8.5206E+02  3.7522E-01
1.8920E-01  8.5004E+02  8.4967E+02  3.7522E-01
1.8940E-01  8.4766E+02  8.4728E+02  3.7522E-01
1.8960E-01  8.4528E+02  8.4491E+02  3.7522E-01
1.8980E-01  8.4291E+02  8.4254E+02  3.7522E-01
1.9000E-01  8.4056E+02  8.4018E+02  3.7522E-01
1.9020E-01  8.3821E+02  8.3783E+02  3.7522E-01
1.9040E-01  8.3587E+02  8.3549E+02  3.7522E-01
1.9060E-01  8.3354E+02  8.3316E+02  3.7522E-01
1.9080E-01  8.3121E+02  8.3084E+02  3.7522E-01
1.9100E-01  8.2890E+02  8.2852E+02  3.7522E-01
1.9120E-01  8.2659E+02  8.2622E+02  3.7522E-01
1.9140E-01  8.2430E+02  8.2392E+02  3.7522E-01
1.9160E-01  8.2201E+02  8.2163E+02  3.7522E-01
1.9180E-01  8.1973E+02  8.1935E+02  3.7521E-01
1.9200E-01  8.1745E+02  8.1708E+02  3.7521E-01
1.9220E-01  8.1519E+02  8.1481E+02  3.7521E-01
1.9240E-01  8.1293E+02  8.1256E+02  3.7521E-01
1.9260E-01  8.1068E+02  8.1031E+02  3.7521E-01
1.9280E-01  8.0844E+02  8.0807E+02  3.7521E-01
1.9300E-01  8.0621E+02  8.0583E+02  3.7521E-01
1.9320E-01  8.0398E+02  8.0360E+02  3.7521E-01
1.9340E-01  8.0176E+02  8.0138E+02  3.7521E-01
1.9360E-01  7.9955E+02  7.9917E+02  3.7521E-01
1.9380E-01  7.9734E+02  7.9697E+02  3.7521E-01
1.9400E-01  7.9514E+02  7.9477E+02  3.7521E-01
1.9420E-01  7.9295E+02  7.9257E+02  3.7521E-01
1.9440E-01  7.9076E+02  7.9039E+02  3.7521E-01
1.9460E-01  7.8859E+02  7.8821E+02  3.7521E-01
1.9480E-01  7.8641E+02  7.8604E+02  3.7521E-01
1.9500E-01  7.8425E+02  7.8387E+02  3.7521E-01
1.9520E-01  7.8209E+02  7.8172E+02  3.7521E-01
1.9540E-01  7.7994E+02  7.7956E+02  3.7521E-01
1.9560E-01  7.7779E+02  7.7742E+02  3.7521E-01
1.9580E-01  7.7565E+02  7.7528E+02  3.7521E-01
1.9600E-01  7.7352E+02  7.7314E+02  3.7520E-01
1.9620E-01  7.7139E+02  7.7102E+02  3.7520E-01
1.9640E-01  7.6927E+02  7.6890E+02  3.7520E-01
1.9660E-01  7.6716E+02  7.6678E+02  3.7520E-01
1.9680E-01  7.6505E+02  7.6467E+02  3.7520E-01
1.9700E-01  7.6294E+02  7.6257E+02  3.7520E-01
1.9720E-01  7.6084E+02  7.6047E+02  3.7520E-01
1.9740E-01  7.5875E+02  7.5838E+02  3.7520E-01
1.9760E-01  7.5667E+02  7.5629E+02  3.7520E-01
1.9780E-01  7.5459E+02  7.5421E+02  3.7520E-01
1.9800E-01  7.5251E+02  7.5213E+02  3.7520E-01
1.9820E-01  7.5044E+02  7.5006E+02  3.7520E-01
1.9840E-01  7.4837E+02  7.4800E+02  3.7520E-01
1.9860E-01  7.4632E+02  7.4594E+02  3.7520E-01
1.9880E-01  7.4426E+02  7.4389E+02  3.7520E-01
1.9900E-01  7.4221E+02  7.4184E+02  3.7520E-01
1.9920E-01  7.4017E+02  7.3979E+02  3.7520E-01
1.9940E-01  7.3813E+02  7.3775E+02  3.7520E-01
1.9960E-01  7.3609E+02  7.3572E+02  3.7520E-01
1.9980E-01  7.3406E+02  7.3369E+02  3.7520E-01
2.0000E-01  7.3204E+02  7.3166E+02  3.7520E-01
2.0200E-01  7.1205E+02  7.1167E+02  3.7519E-01
2.0400E-01  6.9251E+02  6.9213E+02  3.7519E-01
2.0600E-01  6.7338E+02  6.7300E+02  3.7518E-01
2.0800E-01  6.5461E+02  6.5424E+02  3.7518E-01
2.1000E-01  6.3618E+02  6.3581E+02  3.7517E-01
2.1200E-01  6.1805E+02  6.1767E+02  3.7517E-01
2.1400E-01  6.0020E+02  5.9982E+02  3.7516E-01
2.1600E-01  5.8261E+02  5.8223E+02  3.7516E-01
2.1800E-01  5.6526E+02  5.6488E+02  3.7515E-01
2.2000E-01  5.4865E+02  5.4827E+02  3.7515E-01
2.2200E-01  5.3336E+02  5.3298E+02  3.7514E-01
2.2400E-01  5.1915E+02  5.1877E+02  3.7514E-01
2.2600E-01  5.0584E+02  5.0546E+02  3.7513E-01
2.2800E-01  4.9329E+02  4.9291E+02  3.7513E-01
2.3000E-01  4.8138E+02  4.8101E+02  3.7513E-01
2.3200E-01  4.7003E+02  4.6966E+02  3.7512E-01
2.3400E-01  4.5916E+02  4.5878E+02  3.7512E-01
2.3600E-01  4.4870E+02  4.4833E+02  3.7511E-01
2.3800E-01  4.3861E+02  4.3824E+02  3.7511E-01
2.4000E-01  4.2884E+02  4.2847E+02  3.7510E-01
2.4200E-01  4.1936E+02  4.1898E+02  3.7510E-01
2.4400E-01  4.1012E+02  4.0975E+02  3.7509E-01
2.4600E-01  4.0112E+02  4.0074E+02  3.7509E-01
2.4800E-01  3.9232E+02  3.9194E+02  3.7508E-01
2.5000E-01  3.8371E+02  3.8334E+02  3.7508E-01
2.5200E-01  3.7527E+02  3.7490E+02  3.7507E-01
2.5400E-01  3.6699E+02  3.6662E+02  3.7507E-01
2.5600E-01  3.5887E+02  3.5849E+02  3.7506E-01
2.5800E-01  3.5089E+02  3.5051E+02  3.7506E-01
2.6000E-01  3.4304E+02  3.4266E+02  3.7506E-01
2.6200E-01  3.3531E+02  3.3494E+02  3.7505E-01
2.6400E-01  3.2770E+02  3.2732E+02  3.7505E-01
2.6600E-01  3.2018E+02  3.1981E+02  3.7504E-01
2.6800E-01  3.1277E+02  3.1239E+02  3.7504E-01
2.7000E-01  3.0545E+02  3.0507E+02  3.7503E-01
2.7200E-01  2.9821E+02  2.9784E+02  3.7503E-01
2.7400E-01  2.9106E+02  2.9068E+02  3.7502E-01
2.7600E-01  2.8409E+02  2.8372E+02  3.7502E-01
2.7800E-01  2.7758E+02  2.7720E+02  3.7501E-01
2.8000E-01  2.7145E+02  2.7108E+02  3.7501E-01
2.8200E-01  2.6567E+02  2.6530E+02  3.7500E-01
2.8400E-01  2.6018E+02  2.5981E+02  3.7500E-01
2.8600E-01  2.5495E+02  2.5457E+02  3.7499E-01
2.8800E-01  2.4994E+02  2.4956E+02  3.7499E-01
2.9000E-01  2.4512E+02  2.4475E+02  3.7499E-01
2.9200E-01  2.4049E+02  2.4011E+02  3.7498E-01
2.9400E-01  2.3601E+02  2.3563E+02  3.7498E-01
2.9600E-01  2.3166E+02  2.3129E+02  3.7497E-01
2.9800E-01  2.2744E+02  2.2707E+02  3.7497E-01
3.0000E-01  2.2334E+02  2.2296E+02  3.7496E-01
3.0200E-01  2.1933E+02  2.1896E+02  3.7496E-01
3.0400E-01  2.1542E+02  2.1505E+02  3.7495E-01
3.0600E-01  2.1160E+02  2.1122E+02  3.7495E-01
3.0800E-01  2.0785E+02  2.0747E+02  3.7494E-01
3.1000E-01  2.0417E+02  2.0380E+02  3.7494E-01
3.1200E-01  2.0056E+02  2.0019E+02  3.7493E-01
3.1400E-01  1.9702E+02  1.9664E+02  3.7493E-01
3.1600E-01  1.9366E+02  1.9328E+02  3.7492E-01
3.1800E-01  1.9016E+02  1.8979E+02  3.7492E-01
3.2000E-01  1.8678E+02  1.8640E+02  3.7492E-01
3.2200E-01  1.8344E+02  1.8307E+02  3.7491E-01
3.2400E-01  1.8016E+02  1.7978E+02  3.7491E-01
3.2600E-01  1.7692E+02  1.7655E+02  3.7490E-01
3.2800E-01  1.7373E+02  1.7335E+02  3.7490E-01
3.3000E-01  1.7058E+02  1.7020E+02  3.7489E-01
3.3200E-01  1.6746E+02  1.6708E+02  3.7489E-01
3.3400E-01  1.6438E+02  1.6400E+02  3.7488E-01
3.3600E-01  1.6133E+02  1.6095E+02  3.7488E-01
3.3800E-01  1.5856E+02  1.5818E+02  3.7487E-01
3.4000E-01  1.5615E+02  1.5577E+02  3.7487E-01
3.4200E-01  1.5317E+02  1.5279E+02  3.7486E-01
3.4400E-01  1.5022E+02  1.4985E+02  3.7486E-01
3.4600E-01  1.4731E+02  1.4694E+02  3.7486E-01
3.4800E-01  1.4457E+02  1.4420E+02  3.7485E-01
3.5000E-01  1.4189E+02  1.4151E+02  3.7485E-01
3.5200E-01  1.3938E+02  1.3900E+02  3.7484E-01
3.5400E-01  1.3698E+02  1.3660E+02  3.7484E-01
3.5600E-01  1.3469E+02  1.3432E+02  3.7483E-01
3.5800E-01  1.3247E+02  1.3209E+02  3.7483E-01
3.6000E-01  1.3034E+02  1.2996E+02  3.7482E-01
3.6200E-01  1.2828E+02  1.2791E+02  3.7482E-01
3.6400E-01  1.2629E+02  1.2592E+02  3.7481E-01
3.6600E-01  1.2436E+02  1.2399E+02  3.7481E-01
3.6800E-01  1.2248E+02  1.2211E+02  3.7480E-01
3.7000E-01  1.2066E+02  1.2028E+02  3.7480E-01
3.7200E-01  1.1888E+02  1.1850E+02  3.7480E-01
3.7400E-01  1.1713E+02  1.1676E+02  3.7479E-01
3.7600E-01  1.1573E+02  1.1535E+02  3.7479E-01
3.7800E-01  1.1408E+02  1.1371E+02  3.7478E-01
3.8000E-01  1.1244E+02  1.1207E+02  3.7478E-01
3.8200E-01  1.1084E+02  1.1046E+02  3.7477E-01
3.8400E-01  1.0926E+02  1.0888E+02  3.7477E-01
3.8600E-01  1.0770E+02  1.0733E+02  3.7476E-01
3.8800E-01  1.0617E+02  1.0580E+02  3.7476E-01
3.9000E-01  1.0466E+02  1.0429E+02  3.7475E-01
3.9200E-01  1.0318E+02  1.0280E+02  3.7475E-01
3.9400E-01  1.0171E+02  1.0134E+02  3.7474E-01
3.9600E-01  1.0027E+02  9.9896E+01  3.7474E-01
3.9800E-01  9.8847E+01  9.8473E+01  3.7474E-01
4.0000E-01  9.7521E+01  9.7147E+01  3.7473E-01
4.0200E-01  9.6147E+01  9.5772E+01  3.7473E-01
4.0400E-01  9.4702E+01  9.4328E+01  3.7472E-01
4.0600E-01  9.3621E+01  9.3246E+01  3.7472E-01
4.0800E-01  9.2217E+01  9.1842E+01  3.7471E-01
4.1000E-01  1.1425E+02  1.1388E+02  3.7471E-01
4.1200E-01  8.9343E+01  8.8968E+01  3.7470E-01
4.1400E-01  8.8041E+01  8.7666E+01  3.7470E-01
4.1600E-01  8.6754E+01  8.6379E+01  3.7469E-01
4.1800E-01  8.5482E+01  8.5107E+01  3.7469E-01
4.2000E-01  8.4221E+01  8.3846E+01  3.7468E-01
4.2200E-01  8.2972E+01  8.2597E+01  3.7468E-01
4.2400E-01  8.1735E+01  8.1360E+01  3.7467E-01
4.2600E-01  8.0680E+01  8.0306E+01  3.7467E-01
4.2800E-01  1.7360E+02  1.7322E+02  3.7466E-01
4.3000E-01  7.8084E+01  7.7709E+01  3.7466E-01
4.3200E-01  7.7099E+01  7.6724E+01  3.7466E-01
4.3400E-01  8.3662E+01  8.3287E+01  3.7465E-01
4.3600E-01  8.2627E+01  8.2252E+01  3.7465E-01
4.3800E-01  8.1443E+01  8.1069E+01  3.7464E-01
4.4000E-01  8.0299E+01  7.9925E+01  3.7464E-01
4.4200E-01  8.0202E+01  7.9827E+01  3.7463E-01
4.4400E-01  7.8113E+01  7.7738E+01  3.7463E-01
4.4600E-01  7.7069E+01  7.6694E+01  3.7464E-01
4.4800E-01  7.6185E+01  7.5810E+01  3.7464E-01
4.5000E-01  7.5102E+01  7.4728E+01  3.7463E-01
4.5200E-01  7.4131E+01  7.3756E+01  3.7463E-01
4.5400E-01  7.3274E+01  7.2899E+01  3.7462E-01
4.5600E-01  7.3797E+01  7.3422E+01  3.7462E-01
4.5800E-01  9.4251E+01  9.3877E+01  3.7461E-01
4.6000E-01  9.4937E+01  9.4562E+01  3.7461E-01
4.6200E-01  9.4367E+01  9.3993E+01  3.7460E-01
4.6400E-01  9.3590E+01  9.3215E+01  3.7460E-01
4.6600E-01  9.2721E+01  9.2346E+01  3.7460E-01
4.6800E-01  9.1828E+01  9.1453E+01  3.7465E-01
4.7000E-01  9.0888E+01  9.0514E+01  3.7465E-01
4.7200E-01  8.9937E+01  8.9563E+01  3.7464E-01
4.7400E-01  8.8984E+01  8.8610E+01  3.7464E-01
4.7600E-01  8.9391E+01  8.9016E+01  3.7463E-01
4.7800E-01  8.7081E+01  8.6706E+01  3.7463E-01
4.8000E-01  8.6137E+01  8.5763E+01  3.7462E-01
4.8200E-01  8.5200E+01  8.4825E+01  3.7462E-01
4.8400E-01  8.4270E+01  8.3895E+01  3.7461E-01
4.8600E-01  8.3347E+01  8.2973E+01  3.7461E-01
4.8800E-01  8.2436E+01  8.2061E+01  3.7460E-01
4.9000E-01  8.1530E+01  8.1155E+01  3.7460E-01
4.9200E-01  8.0632E+01  8.0258E+01  3.7460E-01
4.9400E-01  7.9743E+01  7.9369E+01  3.7459E-01
4.9600E-01  7.8863E+01  7.8488E+01  3.7459E-01
4.9800E-01  7.7991E+01  7.7616E+01  3.7458E-01
5.0000E-01  7.7127E+01  7.6752E+01  3.7458E-01
5.0200E-01  7.6271E+01  7.5896E+01  3.7457E-01
5.0400E-01  7.5423E+01  7.5048E+01  3.7457E-01
5.0600E-01  7.4583E+01  7.4208E+01  3.7456E-01
5.0800E-01  7.3751E+01  7.3376E+01  3.7456E-01
5.1000E-01  7.2928E+01  7.2554E+01  3.7455E-01
5.1200E-01  7.2114E+01  7.1739E+01  3.7455E-01
5.1400E-01  7.1308E+01  7.0933E+01  3.7454E-01
5.1600E-01  7.0510E+01  7.0135E+01  3.7454E-01
5.1800E-01  6.9720E+01  6.9345E+01  3.7453E-01
5.2000E-01  6.8937E+01  6.8563E+01  3.7453E-01
5.2200E-01  6.8162E+01  6.7788E+01  3.7453E-01
5.2400E-01  6.7395E+01  6.7020E+01  3.7452E-01
5.2600E-01  6.6634E+01  6.6260E+01  3.7452E-01
5.2800E-01  6.5883E+01  6.5509E+01  3.7451E-01
5.3000E-01  6.5151E+01  6.4777E+01  3.7451E-01
5.3200E-01  6.5520E+01  6.5146E+01  3.7450E-01
5.3400E-01  6.3691E+01  6.3316E+01  3.7450E-01
5.3600E-01  6.3111E+01  6.2737E+01  3.7449E-01
5.3800E-01  4.7122E+02  4.7085E+02  3.7449E-01
5.4000E-01  6.1719E+01  6.1345E+01  3.7448E-01
5.4200E-01  6.0792E+01  6.0418E+01  3.7448E-01
5.4400E-01  6.0085E+01  5.9710E+01  3.7447E-01
5.4600E-01  5.9409E+01  5.9035E+01  3.7447E-01
5.4800E-01  5.8700E+01  5.8326E+01  3.7446E-01
5.5000E-01  5.8030E+01  5.7656E+01  3.7446E-01
5.5200E-01  5.7379E+01  5.7005E+01  3.7446E-01
5.5400E-01  5.6746E+01  5.6371E+01  3.7445E-01
5.5600E-01  5.6129E+01  5.5755E+01  3.7445E-01
5.5800E-01  5.5528E+01  5.5154E+01  3.7444E-01
5.6000E-01  8.9271E+01  8.8897E+01  3.7444E-01
5.6200E-01  6.3147E+01  6.2773E+01  3.7443E-01
5.6400E-01  1.5342E+02  1.5305E+02  3.7443E-01
5.6600E-01  5.3261E+01  5.2886E+01  3.7442E-01
5.6800E-01  5.2739E+01  5.2365E+01  3.7442E-01
5.7000E-01  6.3749E+01  6.3374E+01  3.7441E-01
5.7200E-01  6.3313E+01  6.2938E+01  3.7441E-01
5.7400E-01  6.2735E+01  6.2361E+01  3.7440E-01
5.7600E-01  6.2163E+01  6.1789E+01  3.7440E-01
5.7800E-01  6.1596E+01  6.1222E+01  3.7439E-01
5.8000E-01  6.1029E+01  6.0654E+01  3.7439E-01
5.8200E-01  6.0470E+01  6.0096E+01  3.7439E-01
5.8400E-01  5.9920E+01  5.9545E+01  3.7441E-01
5.8600E-01  3.4868E+02  3.4831E+02  3.7441E-01
5.8800E-01  5.8848E+01  5.8473E+01  3.7440E-01
5.9000E-01  5.8319E+01  5.7945E+01  3.7440E-01
5.9200E-01  5.7807E+01  5.7432E+01  3.7439E-01
5.9400E-01  5.9758E+01  5.9383E+01  3.7439E-01
5.9600E-01  6.5180E+01  6.4806E+01  3.7438E-01
5.9800E-01  6.5234E+01  6.4859E+01  3.7438E-01
6.0000E-01  6.4859E+01  6.4484E+01  3.7438E-01
6.0200E-01  6.4386E+01  6.4011E+01  3.7437E-01
6.0400E-01  6.3881E+01  6.3506E+01  3.7437E-01
6.0600E-01  6.3363E+01  6.2989E+01  3.7436E-01
6.0800E-01  6.2842E+01  6.2467E+01  3.7438E-01
6.1000E-01  6.2319E+01  6.1945E+01  3.7438E-01
6.1200E-01  6.1799E+01  6.1424E+01  3.7438E-01
6.1400E-01  6.1282E+01  6.0908E+01  3.7437E-01
6.1600E-01  6.0765E+01  6.0391E+01  3.7437E-01
6.1800E-01  6.0254E+01  5.9880E+01  3.7436E-01
6.2000E-01  5.9747E+01  5.9372E+01  3.7436E-01
6.2200E-01  5.9243E+01  5.8869E+01  3.7435E-01
6.2400E-01  5.8744E+01  5.8369E+01  3.7435E-01
6.2600E-01  5.8248E+01  5.7874E+01  3.7434E-01
6.2800E-01  5.7757E+01  5.7383E+01  3.7434E-01
6.3000E-01  5.7270E+01  5.6895E+01  3.7433E-01
6.3200E-01  5.6786E+01  5.6412E+01  3.7433E-01
6.3400E-01  5.6306E+01  5.5932E+01  3.7432E-01
6.3600E-01  5.5830E+01  5.5456E+01  3.7432E-01
6.3800E-01  5.5358E+01  5.4984E+01  3.7431E-01
6.4000E-01  5.4890E+01  5.4516E+01  3.7431E-01
6.4200E-01  5.4427E+01  5.4052E+01  3.7431E-01
6.4400E-01  5.3967E+01  5.3592E+01  3.7430E-01
6.4600E-01  5.3511E+01  5.3136E+01  3.7430E-01
6.4800E-01  5.3058E+01  5.2684E+01  3.7429E-01
6.5000E-01  5.2609E+01  5.2235E+01  3.7429E-01
6.5200E-01  5.2164E+01  5.1790E+01  3.7428E-01
6.5400E-01  5.1722E+01  5.1348E+01  3.7428E-01
6.5600E-01  5.1284E+01  5.0910E+01  3.7427E-01
6.5800E-01  5.0849E+01  5.0475E+01  3.7427E-01
6.6000E-01  5.0417E+01  5.0043E+01  3.7426E-01
6.6200E-01  4.9988E+01  4.9614E+01  3.7426E-01
6.6400E-01  4.9563E+01  4.9188E+01  3.7425E-01
6.6600E-01  4.9140E+01  4.8766E+01  3.7425E-01
6.6800E-01  4.8721E+01  4.8346E+01  3.7424E-01
6.7000E-01  4.8304E+01  4.7930E+01  3.7424E-01
6.7200E-01  4.7890E+01  4.7516E+01  3.7424E-01
6.7400E-01  4.7480E+01  4.7105E+01  3.7423E-01
6.7600E-01  4.7072E+01  4.6697E+01  3.7423E-01
6.7800E-01  4.6667E+01  4.6292E+01  3.7422E-01
6.8000E-01  4.6264E+01  4.5890E+01  3.7422E-01
6.8200E-01  4.5983E+01  4.5609E+01  3.7421E-01
6.8400E-01  4.5468E+01  4.5093E+01  3.7421E-01
6.8600E-01  4.5073E+01  4.4699E+01  3.7420E-01
6.8800E-01  4.4692E+01  4.4318E+01  3.7420E-01
6.9000E-01  4.4294E+01  4.3920E+01  3.7419E-01
6.9200E-01  4.3914E+01  4.3540E+01  3.7419E-01
6.9400E-01  4.3540E+01  4.3166E+01  3.7418E-01
6.9600E-01  4.3173E+01  4.2799E+01  3.7418E-01
6.9800E-01  4.2812E+01  4.2438E+01  3.7417E-01
7.0000E-01  4.2457E+01  4.2083E+01  3.7417E-01
7.0200E-01  4.2108E+01  4.1734E+01  3.7417E-01
7.0400E-01  4.1765E+01  4.1391E+01  3.7416E-01
7.0600E-01  4.1427E+01  4.1052E+01  3.7416E-01
7.0800E-01  4.1093E+01  4.0719E+01  3.7415E-01
7.1000E-01  4.0765E+01  4.0391E+01  3.7415E-01
7.1200E-01  4.0442E+01  4.0068E+01  3.7414E-01
7.1400E-01  4.0122E+01  3.9748E+01  3.7414E-01
7.1600E-01  3.9808E+01  3.9433E+01  3.7413E-01
7.1800E-01  3.9496E+01  3.9122E+01  3.7413E-01
7.2000E-01  3.9191E+01  3.8816E+01  3.7412E-01
7.2200E-01  3.8887E+01  3.8513E+01  3.7412E-01
7.2400E-01  3.8588E+01  3.8214E+01  3.7411E-01
7.2600E-01  3.8293E+01  3.7919E+01  3.7411E-01
7.2800E-01  3.8001E+01  3.7627E+01  3.7410E-01
7.3000E-01  3.7713E+01  3.7339E+01  3.7410E-01
7.3200E-01  3.7428E+01  3.7054E+01  3.7410E-01
7.3400E-01  3.7146E+01  3.6772E+01  3.7409E-01
7.3600E-01  3.6868E+01  3.6494E+01  3.7409E-01
7.3800E-01  3.6594E+01  3.6220E+01  3.7408E-01
7.4000E-01  3.6327E+01  3.5953E+01  3.7408E-01
7.4200E-01  3.6058E+01  3.5684E+01  3.7407E-01
7.4400E-01  3.5796E+01  3.5422E+01  3.7407E-01
7.4600E-01  3.5537E+01  3.5163E+01  3.7406E-01
7.4800E-01  3.5282E+01  3.4908E+01  3.7406E-01
7.5000E-01  3.5029E+01  3.4655E+01  3.7405E-01
7.5200E-01  3.4780E+01  3.4406E+01  3.7405E-01
7.5400E-01  3.4535E+01  3.4160E+01  3.7404E-01
7.5600E-01  3.4292E+01  3.3918E+01  3.7404E-01
7.5800E-01  3.4051E+01  3.3677E+01  3.7404E-01
7.6000E-01  3.3814E+01  3.3440E+01  3.7403E-01
7.6200E-01  3.3580E+01  3.3206E+01  3.7403E-01
7.6400E-01  3.3348E+01  3.2974E+01  3.7402E-01
7.6600E-01  3.3119E+01  3.2745E+01  3.7402E-01
7.6800E-01  3.2892E+01  3.2518E+01  3.7401E-01
7.7000E-01  3.2667E+01  3.2293E+01  3.7401E-01
7.7200E-01  3.2445E+01  3.2071E+01  3.7400E-01
7.7400E-01  3.2226E+01  3.1852E+01  3.7400E-01
7.7600E-01  3.2008E+01  3.1634E+01  3.7399E-01
7.7800E-01  3.1793E+01  3.1419E+01  3.7399E-01
7.8000E-01  3.1580E+01  3.1206E+01  3.7398E-01
7.8200E-01  3.1368E+01  3.0994E+01  3.7398E-01
7.8400E-01  3.1159E+01  3.0785E+01  3.7397E-01
7.8600E-01  3.0952E+01  3.0578E+01  3.7397E-01
7.8800E-01  3.0746E+01  3.0372E+01  3.7397E-01
7.9000E-01  3.0542E+01  3.0168E+01  3.7396E-01
7.9200E-01  3.0340E+01  2.9966E+01  3.7396E-01
7.9400E-01  3.0139E+01  2.9765E+01  3.7395E-01
7.9600E-01  2.9941E+01  2.9567E+01  3.7395E-01
7.9800E-01  2.9743E+01  2.9369E+01  3.7394E-01
8.0000E-01  2.9547E+01  2.9173E+01  3.7394E-01
8.0200E-01  2.9353E+01  2.8979E+01  3.7393E-01
8.0400E-01  2.9160E+01  2.8786E+01  3.7393E-01
8.0600E-01  2.8969E+01  2.8595E+01  3.7392E-01
8.0800E-01  2.8780E+01  2.8406E+01  3.7392E-01
8.1000E-01  2.8591E+01  2.8217E+01  3.7391E-01
8.1200E-01  2.8404E+01  2.8031E+01  3.7391E-01
8.1400E-01  2.8219E+01  2.7845E+01  3.7390E-01
8.1600E-01  2.8035E+01  2.7661E+01  3.7390E-01
8.1800E-01  2.7852E+01  2.7478E+01  3.7390E-01
8.2000E-01  2.7670E+01  2.7296E+01  3.7389E-01
8.2200E-01  2.7490E+01  2.7116E+01  3.7389E-01
8.2400E-01  2.7310E+01  2.6936E+01  3.7388E-01
8.2600E-01  2.7132E+01  2.6758E+01  3.7388E-01
8.2800E-01  2.6955E+01  2.6581E+01  3.7387E-01
8.3000E-01  2.6779E+01  2.6405E+01  3.7387E-01
8.3200E-01  2.6603E+01  2.6230E+01  3.7386E-01
8.3400E-01  2.6429E+01  2.6055E+01  3.7386E-01
8.3600E-01  2.6256E+01  2.5882E+01  3.7385E-01
8.3800E-01  2.6084E+01  2.5710E+01  3.7385E-01
8.4000E-01  2.5913E+01  2.5539E+01  3.7384E-01
8.4200E-01  2.5743E+01  2.5369E+01  3.7384E-01
8.4400E-01  2.5574E+01  2.5200E+01  3.7383E-01
8.4600E-01  2.5407E+01  2.5033E+01  3.7383E-01
8.4800E-01  2.5247E+01  2.4874E+01  3.7383E-01
8.5000E-01  2.6433E+01  2.6059E+01  3.7382E-01
8.5200E-01  2.4911E+01  2.4537E+01  3.7382E-01
8.5400E-01  2.4741E+01  2.4367E+01  3.7381E-01
8.5600E-01  2.4605E+01  2.4231E+01  3.7381E-01
8.5800E-01  2.4411E+01  2.4037E+01  3.7380E-01
8.6000E-01  2.4247E+01  2.3873E+01  3.7380E-01
8.6200E-01  2.4084E+01  2.3711E+01  3.7379E-01
8.6400E-01  2.3923E+01  2.3549E+01  3.7379E-01
8.6600E-01  2.3762E+01  2.3388E+01  3.7378E-01
8.6800E-01  2.3602E+01  2.3228E+01  3.7378E-01
8.7000E-01  2.3445E+01  2.3071E+01  3.7377E-01
8.7200E-01  2.3290E+01  2.2916E+01  3.7377E-01
8.7400E-01  2.3137E+01  2.2763E+01  3.7376E-01
8.7600E-01  2.2985E+01  2.2611E+01  3.7376E-01
8.7800E-01  2.2835E+01  2.2461E+01  3.7376E-01
8.8000E-01  2.2687E+01  2.2313E+01  3.7375E-01
8.8200E-01  2.2541E+01  2.2167E+01  3.7375E-01
8.8400E-01  2.2396E+01  2.2022E+01  3.7374E-01
8.8600E-01  2.2268E+01  2.1894E+01  3.7374E-01
8.8800E-01  2.2111E+01  2.1738E+01  3.7373E-01
8.9000E-01  2.1971E+01  2.1597E+01  3.7373E-01
8.9200E-01  2.1832E+01  2.1458E+01  3.7372E-01
8.9400E-01  2.1695E+01  2.1322E+01  3.7372E-01
8.9600E-01  2.1561E+01  2.1187E+01  3.7371E-01
8.9800E-01  2.5041E+01  2.4667E+01  3.7371E-01
9.0000E-01  2.4925E+01  2.4551E+01  3.7370E-01
9.0200E-01  2.4783E+01  2.4409E+01  3.7370E-01
9.0400E-01  2.4636E+01  2.4263E+01  3.7370E-01
9.0600E-01  2.4492E+01  2.4118E+01  3.7369E-01
9.0800E-01  2.4344E+01  2.3971E+01  3.7369E-01
9.1000E-01  2.4197E+01  2.3823E+01  3.7368E-01
9.1200E-01  2.5212E+01  2.4839E+01  3.7368E-01
9.1400E-01  2.3908E+01  2.3534E+01  3.7367E-01
9.1600E-01  2.3786E+01  2.3412E+01  3.7367E-01
9.1800E-01  2.3624E+01  2.3250E+01  3.7368E-01
9.2000E-01  2.3487E+01  2.3113E+01  3.7367E-01
9.2200E-01  2.3869E+01  2.3495E+01  3.7367E-01
9.2400E-01  2.3603E+01  2.3229E+01  3.7366E-01
9.2600E-01  2.3788E+01  2.3415E+01  3.7366E-01
9.2800E-01  2.3225E+01  2.2851E+01  3.7365E-01
9.3000E-01  2.3035E+01  2.2662E+01  3.7365E-01
9.3200E-01  2.2797E+01  2.2424E+01  3.7365E-01
9.3400E-01  2.2667E+01  2.2293E+01  3.7364E-01
9.3600E-01  2.2537E+01  2.2163E+01  3.7364E-01
9.3800E-01  2.2408E+01  2.2034E+01  3.7363E-01
9.4000E-01  2.2280E+01  2.1906E+01  3.7363E-01
9.4200E-01  2.2153E+01  2.1779E+01  3.7362E-01
9.4400E-01  2.2027E+01  2.1654E+01  3.7362E-01
9.4600E-01  2.1903E+01  2.1529E+01  3.7361E-01
9.4800E-01  2.1779E+01  2.1406E+01  3.7361E-01
9.5000E-01  2.1657E+01  2.1283E+01  3.7360E-01
9.5200E-01  2.1536E+01  2.1162E+01  3.7360E-01
9.5400E-01  2.1415E+01  2.1041E+01  3.7359E-01
9.5600E-01  2.1296E+01  2.0922E+01  3.7359E-01
9.5800E-01  2.1177E+01  2.0804E+01  3.7359E-01
9.6000E-01  2.1060E+01  2.0687E+01  3.7358E-01
9.6200E-01  2.0944E+01  2.0570E+01  3.7358E-01
9.6400E-01  2.0829E+01  2.0455E+01  3.7357E-01
9.6600E-01  2.0715E+01  2.0341E+01  3.7357E-01
9.6800E-01  2.0602E+01  2.0229E+01  3.7356E-01
9.7000E-01  2.0490E+01  2.0117E+01  3.7356E-01
9.7200E-01  2.0379E+01  2.0006E+01  3.7355E-01
9.7400E-01  2.0269E+01  1.9896E+01  3.7355E-01
9.7600E-01  2.0160E+01  1.9786E+01  3.7354E-01
9.7800E-01  2.0052E+01  1.9678E+01  3.7354E-01
9.8000E-01  1.9944E+01  1.9571E+01  3.7353E-01
9.8200E-01  1.9838E+01  1.9464E+01  3.7353E-01
9.8400E-01  1.9732E+01  1.9359E+01  3.7353E-01
9.8600E-01  1.9627E+01  1.9254E+01  3.7352E-01
9.8800E-01  1.9523E+01  1.9150E+01  3.7352E-01
9.9000E-01  1.9420E+01  1.9046E+01  3.7351E-01
9.9200E-01  1.9317E+01  1.8944E+01  3.7351E-01
9.9400E-01  1.9215E+01  1.8842E+01  3.7350E-01
9.9600E-01  1.9114E+01  1.8741E+01  3.7350E-01
9.9800E-01  1.9014E+01  1.8640E+01  3.7349E-01
1.0000E+00  1.8914E+01  1.8540E+01  3.7349E-01
1.0020E+00  1.8815E+01  1.8441E+01  3.7348E-01
1.0040E+00  1.8716E+01  1.8343E+01  3.7348E-01
1.0060E+00  1.8618E+01  1.8245E+01  3.7347E-01
1.0080E+00  1.8521E+01  1.8148E+01  3.7347E-01
1.0100E+00  1.8425E+01  1.8051E+01  3.7346E-01
1.0120E+00  1.8329E+01  1.7955E+01  3.7346E-01
1.0140E+00  1.8233E+01  1.7860E+01  3.7346E-01
1.0160E+00  1.8139E+01  1.7765E+01  3.7345E-01
1.0180E+00  1.8044E+01  1.7671E+01  3.7345E-01
1.0200E+00  1.7951E+01  1.7577E+01  3.7344E-01
1.0220E+00  1.7858E+01  1.7484E+01  3.7344E-01
1.0240E+00  1.7765E+01  1.7392E+01  3.7343E-01
1.0260E+00  1.7674E+01  1.7300E+01  3.7343E-01
1.0280E+00  1.7582E+01  1.7209E+01  3.7342E-01
1.0300E+00  1.7491E+01  1.7118E+01  3.7342E-01
1.0320E+00  1.7401E+01  1.7028E+01  3.7341E-01
1.0340E+00  1.7311E+01  1.6938E+01  3.7341E-01
1.0360E+00  1.7222E+01  1.6848E+01  3.7340E-01
1.0380E+00  1.7133E+01  1.6760E+01  3.7340E-01
1.0400E+00  1.7045E+01  1.6671E+01  3.7340E-01
1.0420E+00  1.6957E+01  1.6583E+01  3.7339E-01
1.0440E+00  1.6869E+01  1.6496E+01  3.7339E-01
1.0460E+00  1.6782E+01  1.6409E+01  3.7338E-01
1.0480E+00  1.6695E+01  1.6322E+01  3.7338E-01
1.0500E+00  1.6609E+01  1.6236E+01  3.7337E-01
1.0520E+00  1.6523E+01  1.6150E+01  3.7337E-01
1.0540E+00  1.6438E+01  1.6064E+01  3.7336E-01
1.0560E+00  1.6353E+01  1.5979E+01  3.7336E-01
1.0580E+00  1.6268E+01  1.5895E+01  3.7335E-01
1.0600E+00  1.6184E+01  1.5810E+01  3.7335E-01
1.0620E+00  1.6100E+01  1.5727E+01  3.7334E-01
1.0640E+00  1.6016E+01  1.5643E+01  3.7334E-01
1.0660E+00  1.5933E+01  1.5560E+01  3.7333E-01
1.0680E+00  1.5851E+01  1.5477E+01  3.7333E-01
1.0700E+00  1.5768E+01  1.5395E+01  3.7333E-01
1.0720E+00  1.5686E+01  1.5313E+01  3.7332E-01
1.0740E+00  1.5604E+01  1.5231E+01  3.7332E-01
1.0760E+00  1.5523E+01  1.5150E+01  3.7331E-01
1.0780E+00  1.5442E+01  1.5069E+01  3.7331E-01
1.0800E+00  1.5361E+01  1.4988E+01  3.7330E-01
1.0820E+00  1.5281E+01  1.4908E+01  3.7330E-01
1.0840E+00  1.5201E+01  1.4828E+01  3.7329E-01
1.0860E+00  1.5121E+01  1.4748E+01  3.7329E-01
1.0880E+00  1.5042E+01  1.4669E+01  3.7328E-01
1.0900E+00  1.4963E+01  1.4590E+01  3.7328E-01
1.0920E+00  1.4884E+01  1.4511E+01  3.7327E-01
1.0940E+00  1.4807E+01  1.4433E+01  3.7327E-01
1.0960E+00  1.4730E+01  1.4356E+01  3.7327E-01
1.0980E+00  1.4653E+01  1.4280E+01  3.7326E-01
1.1000E+00  1.4578E+01  1.4204E+01  3.7326E-01
1.1020E+00  1.4503E+01  1.4129E+01  3.7325E-01
1.1040E+00  1.4428E+01  1.4055E+01  3.7325E-01
1.1060E+00  1.4355E+01  1.3982E+01  3.7324E-01
1.1080E+00  1.4282E+01  1.3909E+01  3.7324E-01
1.1100E+00  1.4210E+01  1.3836E+01  3.7323E-01
1.1120E+00  1.4138E+01  1.3765E+01  3.7323E-01
1.1140E+00  1.4067E+01  1.3694E+01  3.7322E-01
1.1160E+00  1.3996E+01  1.3623E+01  3.7322E-01
1.1180E+00  1.3926E+01  1.3553E+01  3.7321E-01
1.1200E+00  1.3857E+01  1.3483E+01  3.7321E-01
1.1220E+00  1.3788E+01  1.3414E+01  3.7320E-01
1.1240E+00  1.3719E+01  1.3346E+01  3.7320E-01
1.1260E+00  1.3651E+01  1.3278E+01  3.7320E-01
1.1280E+00  1.3584E+01  1.3211E+01  3.7319E-01
1.1300E+00  1.3517E+01  1.3143E+01  3.7319E-01
1.1320E+00  1.3450E+01  1.3077E+01  3.7318E-01
1.1340E+00  1.3384E+01  1.3011E+01  3.7318E-01
1.1360E+00  1.3318E+01  1.2945E+01  3.7317E-01
1.1380E+00  1.3253E+01  1.2880E+01  3.7317E-01
1.1400E+00  1.3188E+01  1.2815E+01  3.7316E-01
1.1420E+00  1.3124E+01  1.2751E+01  3.7316E-01
1.1440E+00  1.3060E+01  1.2687E+01  3.7315E-01
1.1460E+00  1.2996E+01  1.2623E+01  3.7315E-01
1.1480E+00  1.2933E+01  1.2560E+01  3.7314E-01
1.1500E+00  1.2870E+01  1.2497E+01  3.7314E-01
1.1520E+00  1.2808E+01  1.2435E+01  3.7314E-01
1.1540E+00  1.2747E+01  1.2374E+01  3.7313E-01
1.1560E+00  1.2685E+01  1.2312E+01  3.7313E-01
1.1580E+00  1.2625E+01  1.2252E+01  3.7312E-01
1.1600E+00  1.2564E+01  1.2191E+01  3.7312E-01
1.1620E+00  1.2505E+01  1.2131E+01  3.7311E-01
1.1640E+00  1.2445E+01  1.2072E+01  3.7311E-01
1.1660E+00  1.2386E+01  1.2013E+01  3.7310E-01
1.1680E+00  1.2328E+01  1.1955E+01  3.7310E-01
1.1700E+00  1.2270E+01  1.1897E+01  3.7309E-01
1.1720E+00  1.2213E+01  1.1840E+01  3.7309E-01
1.1740E+00  1.2156E+01  1.1783E+01  3.7308E-01
1.1760E+00  1.2100E+01  1.1727E+01  3.7308E-01
1.1780E+00  1.2044E+01  1.1671E+01  3.7307E-01
1.1800E+00  1.1989E+01  1.1616E+01  3.7307E-01
1.1820E+00  1.1934E+01  1.1561E+01  3.7307E-01
1.1840E+00  1.1880E+01  1.1507E+01  3.7306E-01
1.1860E+00  1.1826E+01  1.1453E+01  3.7306E-01
1.1880E+00  1.1772E+01  1.1399E+01  3.7305E-01
1.1900E+00  1.1719E+01  1.1346E+01  3.7305E-01
1.1920E+00  1.1666E+01  1.1293E+01  3.7304E-01
1.1940E+00  1.1614E+01  1.1241E+01  3.7304E-01
1.1960E+00  1.1562E+01  1.1189E+01  3.7303E-01
1.1980E+00  1.1510E+01  1.1137E+01  3.7303E-01
1.2000E+00  1.1459E+01  1.1086E+01  3.7302E-01
1.2020E+00  1.1408E+01  1.1035E+01  3.7302E-01
1.2040E+00  1.1357E+01  1.0984E+01  3.7301E-01
1.2060E+00  1.1307E+01  1.0934E+01  3.7301E-01
1.2080E+00  1.1258E+01  1.0885E+01  3.7301E-01
1.2100E+00  1.1208E+01  1.0835E+01  3.7300E-01
1.2120E+00  1.1160E+01  1.0787E+01  3.7300E-01
1.2140E+00  1.1111E+01  1.0738E+01  3.7299E-01
1.2160E+00  1.1063E+01  1.0690E+01  3.7299E-01
1.2180E+00  1.1015E+01  1.0642E+01  3.7298E-01
1.2200E+00  1.0968E+01  1.0595E+01  3.7298E-01
1.2220E+00  1.0921E+01  1.0548E+01  3.7297E-01
1.2240E+00  1.0874E+01  1.0501E+01  3.7297E-01
1.2260E+00  1.0828E+01  1.0455E+01  3.7296E-01
1.2280E+00  1.0782E+01  1.0409E+01  3.7296E-01
1.2300E+00  1.0736E+01  1.0363E+01  3.7295E-01
1.2320E+00  1.0690E+01  1.0317E+01  3.7295E-01
1.2340E+00  1.0645E+01  1.0272E+01  3.7295E-01
1.2360E+00  1.0601E+01  1.0228E+01  3.7294E-01
1.2380E+00  1.0556E+01  1.0183E+01  3.7294E-01
1.2400E+00  1.0512E+01  1.0139E+01  3.7293E-01
1.2420E+00  1.0468E+01  1.0095E+01  3.7293E-01
1.2440E+00  1.0424E+01  1.0051E+01  3.7292E-01
1.2460E+00  1.0381E+01  1.0008E+01  3.7292E-01
1.2480E+00  1.0338E+01  9.9649E+00  3.7291E-01
1.2500E+00  1.0295E+01  9.9220E+00  3.7291E-01
1.2520E+00  1.0252E+01  9.8794E+00  3.7290E-01
1.2540E+00  1.0210E+01  9.8371E+00  3.7290E-01
1.2560E+00  1.0168E+01  9.7950E+00  3.7289E-01
1.2580E+00  1.0126E+01  9.7531E+00  3.7289E-01
1.2600E+00  1.0084E+01  9.7114E+00  3.7288E-01
1.2620E+00  1.0043E+01  9.6700E+00  3.7288E-01
1.2640E+00  1.0002E+01  9.6288E+00  3.7288E-01
1.2660E+00  9.9607E+00  9.5878E+00  3.7287E-01
1.2680E+00  9.9199E+00  9.5471E+00  3.7287E-01
1.2700E+00  9.8794E+00  9.5065E+00  3.7286E-01
1.2720E+00  9.8391E+00  9.4662E+00  3.7286E-01
1.2740E+00  9.7990E+00  9.4261E+00  3.7285E-01
1.2760E+00  9.7591E+00  9.3862E+00  3.7285E-01
1.2780E+00  9.7194E+00  9.3465E+00  3.7284E-01
1.2800E+00  9.6799E+00  9.3070E+00  3.7284E-01
1.2820E+00  9.6406E+00  9.2678E+00  3.7283E-01
1.2840E+00  9.6015E+00  9.2287E+00  3.7283E-01
1.2860E+00  9.5626E+00  9.1898E+00  3.7282E-01
1.2880E+00  9.5239E+00  9.1510E+00  3.7282E-01
1.2900E+00  9.4853E+00  9.1125E+00  3.7282E-01
1.2920E+00  9.4470E+00  9.0742E+00  3.7281E-01
1.2940E+00  9.4088E+00  9.0360E+00  3.7281E-01
1.2960E+00  9.3708E+00  8.9980E+00  3.7280E-01
1.2980E+00  9.3329E+00  8.9601E+00  3.7280E-01
1.3000E+00  9.2952E+00  8.9225E+00  3.7279E-01
1.3020E+00  9.2577E+00  8.8849E+00  3.7279E-01
1.3040E+00  9.2204E+00  8.8476E+00  3.7278E-01
1.3060E+00  9.1832E+00  8.8104E+00  3.7278E-01
1.3080E+00  9.1462E+00  8.7734E+00  3.7277E-01
1.3100E+00  9.1094E+00  8.7367E+00  3.7277E-01
1.3120E+00  9.0736E+00  8.7008E+00  3.7276E-01
1.3140E+00  2.5557E+02  2.5520E+02  3.7276E-01
1.3160E+00  9.0004E+00  8.6277E+00  3.7276E-01
1.3180E+00  8.9632E+00  8.5905E+00  3.7275E-01
1.3200E+00  8.9269E+00  8.5541E+00  3.7275E-01
1.3220E+00  8.8927E+00  8.5200E+00  3.7274E-01
1.3240E+00  8.8566E+00  8.4839E+00  3.7274E-01
1.3260E+00  8.8213E+00  8.4485E+00  3.7273E-01
1.3280E+00  8.7850E+00  8.4123E+00  3.7273E-01
1.3300E+00  8.7498E+00  8.3771E+00  3.7272E-01
1.3320E+00  8.7146E+00  8.3419E+00  3.7272E-01
1.3340E+00  1.4537E+01  1.4164E+01  3.7271E-01
1.3360E+00  1.3094E+01  1.2721E+01  3.7271E-01
1.3380E+00  1.3241E+01  1.2869E+01  3.7270E-01
1.3400E+00  1.3234E+01  1.2862E+01  3.7270E-01
1.3420E+00  1.3202E+01  1.2830E+01  3.7270E-01
1.3440E+00  1.3162E+01  1.2789E+01  3.7269E-01
1.3460E+00  1.3117E+01  1.2745E+01  3.7269E-01
1.3480E+00  1.3071E+01  1.2698E+01  3.7268E-01
1.3500E+00  1.3023E+01  1.2650E+01  3.7268E-01
1.3520E+00  1.2975E+01  1.2602E+01  3.7267E-01
1.3540E+00  1.2926E+01  1.2553E+01  3.7267E-01
1.3560E+00  1.2877E+01  1.2504E+01  3.7266E-01
1.3580E+00  1.2828E+01  1.2455E+01  3.7266E-01
1.3600E+00  1.2779E+01  1.2406E+01  3.7268E-01
1.3620E+00  1.2729E+01  1.2357E+01  3.7268E-01
1.3640E+00  1.2680E+01  1.2307E+01  3.7267E-01
1.3660E+00  1.2631E+01  1.2258E+01  3.7267E-01
1.3680E+00  1.2581E+01  1.2209E+01  3.7266E-01
1.3700E+00  1.2532E+01  1.2160E+01  3.7266E-01
1.3720E+00  1.2483E+01  1.2111E+01  3.7266E-01
1.3740E+00  1.2434E+01  1.2062E+01  3.7265E-01
1.3760E+00  1.2386E+01  1.2013E+01  3.7265E-01
1.3780E+00  1.2337E+01  1.1965E+01  3.7264E-01
1.3800E+00  1.2289E+01  1.1916E+01  3.7264E-01
1.3820E+00  1.2241E+01  1.1868E+01  3.7263E-01
1.3840E+00  1.2193E+01  1.1821E+01  3.7263E-01
1.3860E+00  1.2146E+01  1.1773E+01  3.7262E-01
1.3880E+00  1.2099E+01  1.1726E+01  3.7262E-01
1.3900E+00  1.2051E+01  1.1679E+01  3.7261E-01
1.3920E+00  1.2005E+01  1.1632E+01  3.7261E-01
1.3940E+00  1.1958E+01  1.1586E+01  3.7260E-01
1.3960E+00  1.1912E+01  1.1539E+01  3.7260E-01
1.3980E+00  1.1866E+01  1.1493E+01  3.7260E-01
1.4000E+00  1.1820E+01  1.1447E+01  3.7259E-01
1.4020E+00  1.1774E+01  1.1401E+01  3.7259E-01
1.4040E+00  1.1729E+01  1.1356E+01  3.7258E-01
1.4060E+00  1.1683E+01  1.1311E+01  3.7258E-01
1.4080E+00  1.1638E+01  1.1266E+01  3.7257E-01
1.4100E+00  1.1593E+01  1.1221E+01  3.7257E-01
1.4120E+00  1.1549E+01  1.1176E+01  3.7256E-01
1.4140E+00  1.1504E+01  1.1132E+01  3.7256E-01
1.4160E+00  1.1460E+01  1.1087E+01  3.7255E-01
1.4180E+00  1.1416E+01  1.1043E+01  3.7255E-01
1.4200E+00  1.1372E+01  1.0999E+01  3.7254E-01
1.4220E+00  1.1328E+01  1.0956E+01  3.7254E-01
1.4240E+00  1.1284E+01  1.0912E+01  3.7254E-01
1.4260E+00  1.1241E+01  1.0869E+01  3.7253E-01
1.4280E+00  1.1198E+01  1.0825E+01  3.7253E-01
1.4300E+00  1.1155E+01  1.0782E+01  3.7252E-01
1.4320E+00  1.1112E+01  1.0739E+01  3.7252E-01
1.4340E+00  1.1069E+01  1.0697E+01  3.7251E-01
1.4360E+00  1.1027E+01  1.0654E+01  3.7251E-01
1.4380E+00  1.0984E+01  1.0612E+01  3.7250E-01
1.4400E+00  1.0942E+01  1.0570E+01  3.7250E-01
1.4420E+00  1.0900E+01  1.0528E+01  3.7249E-01
1.4440E+00  1.0859E+01  1.0486E+01  3.7249E-01
1.4460E+00  1.0817E+01  1.0445E+01  3.7248E-01
1.4480E+00  1.0776E+01  1.0404E+01  3.7248E-01
1.4500E+00  1.0735E+01  1.0363E+01  3.7248E-01
1.4520E+00  1.0695E+01  1.0322E+01  3.7247E-01
1.4540E+00  1.0654E+01  1.0282E+01  3.7247E-01
1.4560E+00  1.0614E+01  1.0241E+01  3.7246E-01
1.4580E+00  1.0574E+01  1.0201E+01  3.7246E-01
1.4600E+00  1.0534E+01  1.0161E+01  3.7245E-01
1.4620E+00  1.0494E+01  1.0122E+01  3.7245E-01
1.4640E+00  1.0455E+01  1.0082E+01  3.7244E-01
1.4660E+00  1.0416E+01  1.0043E+01  3.7244E-01
1.4680E+00  1.0377E+01  1.0004E+01  3.7243E-01
1.4700E+00  1.0338E+01  9.9659E+00  3.7243E-01
1.4720E+00  1.0300E+01  9.9275E+00  3.7242E-01
1.4740E+00  1.0262E+01  9.8894E+00  3.7242E-01
1.4760E+00  1.0224E+01  9.8515E+00  3.7242E-01
1.4780E+00  1.0186E+01  9.8138E+00  3.7241E-01
1.4800E+00  1.0149E+01  9.7764E+00  3.7241E-01
1.4820E+00  1.0112E+01  9.7392E+00  3.7240E-01
1.4840E+00  1.0075E+01  9.7022E+00  3.7240E-01
1.4860E+00  1.0038E+01  9.6654E+00  3.7239E-01
1.4880E+00  1.0001E+01  9.6289E+00  3.7239E-01
1.4900E+00  9.9649E+00  9.5925E+00  3.7238E-01
1.4920E+00  9.9287E+00  9.5564E+00  3.7238E-01
1.4940E+00  9.8928E+00  9.5204E+00  3.7237E-01
1.4960E+00  9.8571E+00  9.4847E+00  3.7237E-01
1.4980E+00  9.8215E+00  9.4491E+00  3.7236E-01
1.5000E+00  9.7861E+00  9.4138E+00  3.7236E-01
1.5020E+00  9.7510E+00  9.3786E+00  3.7236E-01
1.5040E+00  9.7160E+00  9.3436E+00  3.7235E-01
1.5060E+00  9.6812E+00  9.3088E+00  3.7235E-01
1.5080E+00  9.6465E+00  9.2742E+00  3.7234E-01
1.5100E+00  9.6121E+00  9.2398E+00  3.7234E-01
1.5120E+00  9.5778E+00  9.2055E+00  3.7233E-01
1.5140E+00  9.5438E+00  9.1715E+00  3.7233E-01
1.5160E+00  9.5099E+00  9.1376E+00  3.7232E-01
1.5180E+00  9.4763E+00  9.1040E+00  3.7232E-01
1.5200E+00  9.4428E+00  9.0705E+00  3.7231E-01
1.5220E+00  9.4096E+00  9.0373E+00  3.7231E-01
1.5240E+00  9.3765E+00  9.0042E+00  3.7230E-01
1.5260E+00  9.3436E+00  8.9713E+00  3.7230E-01
1.5280E+00  9.3109E+00  8.9386E+00  3.7230E-01
1.5300E+00  9.2784E+00  8.9061E+00  3.7229E-01
1.5320E+00  9.2461E+00  8.8738E+00  3.7229E-01
1.5340E+00  9.2140E+00  8.8417E+00  3.7228E-01
1.5360E+00  9.1820E+00  8.8097E+00  3.7228E-01
1.5380E+00  9.1502E+00  8.7779E+00  3.7227E-01
1.5400E+00  9.1186E+00  8.7463E+00  3.7227E-01
1.5420E+00  9.0872E+00  8.7149E+00  3.7226E-01
1.5440E+00  9.0559E+00  8.6836E+00  3.7226E-01
1.5460E+00  9.0248E+00  8.6525E+00  3.7225E-01
1.5480E+00  8.9938E+00  8.6216E+00  3.7225E-01
1.5500E+00  8.9631E+00  8.5908E+00  3.7224E-01
1.5520E+00  8.9324E+00  8.5602E+00  3.7224E-01
1.5540E+00  8.9020E+00  8.5297E+00  3.7224E-01
1.5560E+00  8.8717E+00  8.4994E+00  3.7223E-01
1.5580E+00  8.8415E+00  8.4693E+00  3.7223E-01
1.5600E+00  8.8115E+00  8.4393E+00  3.7222E-01
1.5620E+00  8.7817E+00  8.4095E+00  3.7222E-01
1.5640E+00  8.7520E+00  8.3798E+00  3.7221E-01
1.5660E+00  8.7225E+00  8.3502E+00  3.7221E-01
1.5680E+00  8.6931E+00  8.3208E+00  3.7220E-01
1.5700E+00  8.6638E+00  8.2916E+00  3.7220E-01
1.5720E+00  8.6347E+00  8.2625E+00  3.7219E-01
1.5740E+00  8.6057E+00  8.2335E+00  3.7219E-01
1.5760E+00  8.5769E+00  8.2047E+00  3.7218E-01
1.5780E+00  8.5482E+00  8.1760E+00  3.7218E-01
1.5800E+00  8.5196E+00  8.1474E+00  3.7218E-01
1.5820E+00  8.4912E+00  8.1190E+00  3.7217E-01
1.5840E+00  8.4628E+00  8.0907E+00  3.7217E-01
1.5860E+00  8.4347E+00  8.0625E+00  3.7216E-01
1.5880E+00  8.4066E+00  8.0345E+00  3.7216E-01
1.5900E+00  8.3787E+00  8.0066E+00  3.7215E-01
1.5920E+00  8.3509E+00  7.9788E+00  3.7215E-01
1.5940E+00  8.3233E+00  7.9511E+00  3.7214E-01
1.5960E+00  8.2957E+00  7.9236E+00  3.7214E-01
1.5980E+00  8.2683E+00  7.8962E+00  3.7213E-01
1.6000E+00  8.2410E+00  7.8689E+00  3.7213E-01
1.6020E+00  8.2139E+00  7.8418E+00  3.7212E-01
1.6040E+00  8.1869E+00  7.8147E+00  3.7212E-01
1.6060E+00  8.1599E+00  7.7878E+00  3.7212E-01
1.6080E+00  8.1332E+00  7.7611E+00  3.7211E-01
1.6100E+00  8.1065E+00  7.7344E+00  3.7211E-01
1.6120E+00  8.0799E+00  7.7078E+00  3.7210E-01
1.6140E+00  8.0535E+00  7.6814E+00  3.7210E-01
1.6160E+00  8.0272E+00  7.6551E+00  3.7209E-01
1.6180E+00  8.0010E+00  7.6289E+00  3.7209E-01
1.6200E+00  7.9749E+00  7.6028E+00  3.7208E-01
1.6220E+00  7.9490E+00  7.5769E+00  3.7208E-01
1.6240E+00  7.9231E+00  7.5510E+00  3.7207E-01
1.6260E+00  7.8973E+00  7.5253E+00  3.7207E-01
1.6280E+00  7.8717E+00  7.4996E+00  3.7206E-01
1.6300E+00  7.8462E+00  7.4741E+00  3.7206E-01
1.6320E+00  7.8208E+00  7.4487E+00  3.7206E-01
1.6340E+00  7.7954E+00  7.4234E+00  3.7205E-01
1.6360E+00  7.7702E+00  7.3982E+00  3.7205E-01
1.6380E+00  7.7451E+00  7.3731E+00  3.7204E-01
1.6400E+00  7.7201E+00  7.3481E+00  3.7204E-01
1.6420E+00  7.6952E+00  7.3232E+00  3.7203E-01
1.6440E+00  7.6705E+00  7.2984E+00  3.7203E-01
1.6460E+00  7.6458E+00  7.2737E+00  3.7202E-01
1.6480E+00  7.6212E+00  7.2492E+00  3.7202E-01
1.6500E+00  7.5967E+00  7.2247E+00  3.7201E-01
1.6520E+00  7.5723E+00  7.2003E+00  3.7201E-01
1.6540E+00  7.5480E+00  7.1760E+00  3.7200E-01
1.6560E+00  7.5238E+00  7.1518E+00  3.7200E-01
1.6580E+00  7.4997E+00  7.1277E+00  3.7200E-01
1.6600E+00  7.4757E+00  7.1037E+00  3.7199E-01
1.6620E+00  7.4518E+00  7.0799E+00  3.7199E-01
1.6640E+00  7.4280E+00  7.0560E+00  3.7198E-01
1.6660E+00  7.4043E+00  7.0323E+00  3.7198E-01
1.6680E+00  7.3807E+00  7.0087E+00  3.7197E-01
1.6700E+00  7.3572E+00  6.9852E+00  3.7197E-01
1.6720E+00  7.3337E+00  6.9618E+00  3.7196E-01
1.6740E+00  7.3104E+00  6.9385E+00  3.7196E-01
1.6760E+00  7.2872E+00  6.9152E+00  3.7195E-01
1.6780E+00  7.2640E+00  6.8921E+00  3.7195E-01
1.6800E+00  7.2409E+00  6.8690E+00  3.7194E-01
1.6820E+00  7.2180E+00  6.8460E+00  3.7194E-01
1.6840E+00  7.1951E+00  6.8232E+00  3.7194E-01
1.6860E+00  7.1723E+00  6.8004E+00  3.7193E-01
1.6880E+00  7.1496E+00  6.7777E+00  3.7193E-01
1.6900E+00  7.1270E+00  6.7551E+00  3.7192E-01
1.6920E+00  7.1045E+00  6.7325E+00  3.7192E-01
1.6940E+00  7.0820E+00  6.7101E+00  3.7191E-01
1.6960E+00  7.0597E+00  6.6877E+00  3.7191E-01
1.6980E+00  7.0374E+00  6.6655E+00  3.7190E-01
1.7000E+00  7.0152E+00  6.6433E+00  3.7190E-01
1.7020E+00  6.9931E+00  6.6212E+00  3.7189E-01
1.7040E+00  6.9711E+00  6.5992E+00  3.7189E-01
1.7060E+00  6.9492E+00  6.5773E+00  3.7188E-01
1.7080E+00  6.9274E+00  6.5555E+00  3.7188E-01
1.7100E+00  6.9057E+00  6.5338E+00  3.7188E-01
1.7120E+00  6.8840E+00  6.5121E+00  3.7187E-01
1.7140E+00  6.8624E+00  6.4906E+00  3.7187E-01
1.7160E+00  6.8410E+00  6.4691E+00  3.7186E-01
1.7180E+00  6.8195E+00  6.4477E+00  3.7186E-01
1.7200E+00  6.7982E+00  6.4264E+00  3.7185E-01
1.7220E+00  6.7770E+00  6.4051E+00  3.7185E-01
1.7240E+00  6.7558E+00  6.3840E+00  3.7184E-01
1.7260E+00  6.7347E+00  6.3629E+00  3.7184E-01
1.7280E+00  6.7137E+00  6.3419E+00  3.7183E-01
1.7300E+00  6.6929E+00  6.3210E+00  3.7183E-01
1.7320E+00  6.6721E+00  6.3003E+00  3.7183E-01
1.7340E+00  6.6515E+00  6.2796E+00  3.7182E-01
1.7360E+00  6.6309E+00  6.2591E+00  3.7182E-01
1.7380E+00  6.6105E+00  6.2387E+00  3.7181E-01
1.7400E+00  6.5902E+00  6.2184E+00  3.7181E-01
1.7420E+00  6.5700E+00  6.1982E+00  3.7180E-01
1.7440E+00  6.5499E+00  6.1781E+00  3.7180E-01
1.7460E+00  6.5299E+00  6.1581E+00  3.7179E-01
1.7480E+00  6.5100E+00  6.1382E+00  3.7179E-01
1.7500E+00  6.4902E+00  6.1184E+00  3.7178E-01
1.7520E+00  6.4705E+00  6.0987E+00  3.7178E-01
1.7540E+00  6.4509E+00  6.0791E+00  3.7177E-01
1.7560E+00  6.4314E+00  6.0597E+00  3.7177E-01
1.7580E+00  6.4120E+00  6.0403E+00  3.7177E-01
1.7600E+00  6.3927E+00  6.0209E+00  3.7176E-01
1.7620E+00  6.3735E+00  6.0017E+00  3.7176E-01
1.7640E+00  6.3544E+00  5.9826E+00  3.7175E-01
1.7660E+00  6.3353E+00  5.9636E+00  3.7175E-01
1.7680E+00  6.3164E+00  5.9446E+00  3.7174E-01
1.7700E+00  6.2975E+00  5.9257E+00  3.7174E-01
1.7720E+00  6.2787E+00  5.9070E+00  3.7173E-01
1.7740E+00  6.2600E+00  5.8883E+00  3.7173E-01
1.7760E+00  6.2414E+00  5.8696E+00  3.7172E-01
1.7780E+00  6.2228E+00  5.8511E+00  3.7172E-01
1.7800E+00  6.2043E+00  5.8326E+00  3.7171E-01
1.7820E+00  6.1859E+00  5.8142E+00  3.7171E-01
1.7840E+00  6.1676E+00  5.7959E+00  3.7171E-01
1.7860E+00  6.1494E+00  5.7777E+00  3.7170E-01
1.7880E+00  6.1312E+00  5.7595E+00  3.7170E-01
1.7900E+00  6.1131E+00  5.7414E+00  3.7169E-01
1.7920E+00  6.0951E+00  5.7234E+00  3.7169E-01
1.7940E+00  6.0771E+00  5.7054E+00  3.7168E-01
1.7960E+00  6.0592E+00  5.6875E+00  3.7168E-01
1.7980E+00  6.0414E+00  5.6697E+00  3.7167E-01
1.8000E+00  6.0236E+00  5.6519E+00  3.7167E-01
1.8020E+00  6.0059E+00  5.6343E+00  3.7166E-01
1.8040E+00  5.9883E+00  5.6166E+00  3.7166E-01
1.8060E+00  5.9707E+00  5.5991E+00  3.7165E-01
1.8080E+00  5.9532E+00  5.5816E+00  3.7165E-01
1.8100E+00  5.9358E+00  5.5642E+00  3.7165E-01
1.8120E+00  5.9185E+00  5.5468E+00  3.7164E-01
1.8140E+00  5.9012E+00  5.5296E+00  3.7164E-01
1.8160E+00  5.8841E+00  5.5124E+00  3.7163E-01
1.8180E+00  5.8670E+00  5.4954E+00  3.7163E-01
1.8200E+00  5.8500E+00  5.4784E+00  3.7162E-01
1.8220E+00  5.8331E+00  5.4615E+00  3.7162E-01
1.8240E+00  5.8163E+00  5.4447E+00  3.7161E-01
1.8260E+00  5.7996E+00  5.4280E+00  3.7161E-01
1.8280E+00  5.7829E+00  5.4113E+00  3.7160E-01
1.8300E+00  5.7664E+00  5.3948E+00  3.7160E-01
1.8320E+00  5.7499E+00  5.3783E+00  3.7159E-01
1.8340E+00  5.7335E+00  5.3619E+00  3.7159E-01
1.8360E+00  5.7172E+00  5.3456E+00  3.7159E-01
1.8380E+00  5.7009E+00  5.3293E+00  3.7158E-01
1.8400E+00  5.6847E+00  5.3132E+00  3.7158E-01
1.8420E+00  5.6687E+00  5.2971E+00  3.7157E-01
1.8440E+00  5.6527E+00  5.2811E+00  3.7157E-01
1.8460E+00  5.6368E+00  5.2652E+00  3.7156E-01
1.8480E+00  5.6210E+00  5.2494E+00  3.7156E-01
1.8500E+00  5.6052E+00  5.2337E+00  3.7155E-01
1.8520E+00  5.5896E+00  5.2180E+00  3.7155E-01
1.8540E+00  5.5740E+00  5.2025E+00  3.7154E-01
1.8560E+00  5.5586E+00  5.1870E+00  3.7154E-01
1.8580E+00  5.5432E+00  5.1716E+00  3.7154E-01
1.8600E+00  5.5279E+00  5.1563E+00  3.7153E-01
1.8620E+00  5.5126E+00  5.1411E+00  3.7153E-01
1.8640E+00  5.4975E+00  5.1260E+00  3.7152E-01
1.8660E+00  5.4824E+00  5.1109E+00  3.7152E-01
1.8680E+00  5.4674E+00  5.0959E+00  3.7151E-01
1.8700E+00  5.4525E+00  5.0810E+00  3.7151E-01
1.8720E+00  5.4376E+00  5.0661E+00  3.7150E-01
1.8740E+00  5.4228E+00  5.0513E+00  3.7150E-01
1.8760E+00  5.4081E+00  5.0366E+00  3.7149E-01
1.8780E+00  5.3935E+00  5.0220E+00  3.7149E-01
1.8800E+00  5.3789E+00  5.0074E+00  3.7148E-01
1.8820E+00  5.3644E+00  4.9929E+00  3.7148E-01
1.8840E+00  5.3500E+00  4.9785E+00  3.7148E-01
1.8860E+00  5.3356E+00  4.9641E+00  3.7147E-01
1.8880E+00  5.3213E+00  4.9498E+00  3.7147E-01
1.8900E+00  5.3070E+00  4.9356E+00  3.7146E-01
1.8920E+00  5.2928E+00  4.9214E+00  3.7146E-01
1.8940E+00  5.2787E+00  4.9072E+00  3.7145E-01
1.8960E+00  5.2646E+00  4.8932E+00  3.7145E-01
1.8980E+00  5.2506E+00  4.8792E+00  3.7144E-01
1.9000E+00  5.2366E+00  4.8652E+00  3.7144E-01
1.9020E+00  5.2228E+00  4.8513E+00  3.7143E-01
1.9040E+00  5.2089E+00  4.8375E+00  3.7143E-01
1.9060E+00  5.1952E+00  4.8237E+00  3.7142E-01
1.9080E+00  5.1815E+00  4.8100E+00  3.7142E-01
1.9100E+00  5.1678E+00  4.7964E+00  3.7142E-01
1.9120E+00  5.1543E+00  4.7829E+00  3.7141E-01
1.9140E+00  5.1408E+00  4.7694E+00  3.7141E-01
1.9160E+00  5.1273E+00  4.7559E+00  3.7140E-01
1.9180E+00  5.1140E+00  4.7426E+00  3.7140E-01
1.9200E+00  5.1006E+00  4.7292E+00  3.7139E-01
1.9220E+00  5.0874E+00  4.7160E+00  3.7139E-01
1.9240E+00  5.0742E+00  4.7028E+00  3.7138E-01
1.9260E+00  5.0610E+00  4.6897E+00  3.7138E-01
1.9280E+00  5.0480E+00  4.6766E+00  3.7137E-01
1.9300E+00  5.0349E+00  4.6636E+00  3.7137E-01
1.9320E+00  5.0220E+00  4.6506E+00  3.7137E-01
1.9340E+00  5.0091E+00  4.6377E+00  3.7136E-01
1.9360E+00  4.9962E+00  4.6249E+00  3.7136E-01
1.9380E+00  4.9834E+00  4.6121E+00  3.7135E-01
1.9400E+00  4.9707E+00  4.5993E+00  3.7135E-01
1.9420E+00  4.9580E+00  4.5866E+00  3.7134E-01
1.9440E+00  4.9453E+00  4.5740E+00  3.7134E-01
1.9460E+00  4.9327E+00  4.5614E+00  3.7133E-01
1.9480E+00  4.9202E+00  4.5489E+00  3.7133E-01
1.9500E+00  4.9077E+00  4.5364E+00  3.7132E-01
1.9520E+00  4.8953E+00  4.5239E+00  3.7132E-01
1.9540E+00  4.8829E+00  4.5116E+00  3.7131E-01
1.9560E+00  4.8705E+00  4.4992E+00  3.7131E-01
1.9580E+00  4.8582E+00  4.4869E+00  3.7131E-01
1.9600E+00  4.8460E+00  4.4747E+00  3.7130E-01
1.9620E+00  4.8338E+00  4.4625E+00  3.7130E-01
1.9640E+00  4.8216E+00  4.4503E+00  3.7129E-01
1.9660E+00  4.8095E+00  4.4382E+00  3.7129E-01
1.9680E+00  4.7974E+00  4.4261E+00  3.7128E-01
1.9700E+00  4.7854E+00  4.4141E+00  3.7128E-01
1.9720E+00  4.7734E+00  4.4021E+00  3.7127E-01
1.9740E+00  4.7614E+00  4.3902E+00  3.7127E-01
1.9760E+00  4.7495E+00  4.3783E+00  3.7126E-01
1.9780E+00  4.7377E+00  4.3664E+00  3.7126E-01
1.9800E+00  4.7258E+00  4.3546E+00  3.7125E-01
1.9820E+00  4.7140E+00  4.3428E+00  3.7125E-01
1.9840E+00  4.7023E+00  4.3311E+00  3.7125E-01
1.9860E+00  4.6906E+00  4.3193E+00  3.7124E-01
1.9880E+00  4.6789E+00  4.3077E+00  3.7124E-01
1.9900E+00  4.6673E+00  4.2960E+00  3.7123E-01
1.9920E+00  4.6557E+00  4.2845E+00  3.7123E-01
1.9940E+00  4.6441E+00  4.2729E+00  3.7122E-01
1.9960E+00  4.6326E+00  4.2614E+00  3.7122E-01
1.9980E+00  4.6211E+00  4.2499E+00  3.7121E-01
2.0000E+00  4.6097E+00  4.2384E+00  3.7121E-01
2.0200E+00  4.4970E+00  4.1258E+00  3.7116E-01
2.0400E+00  4.3875E+00  4.0164E+00  3.7112E-01
2.0600E+00  4.2808E+00  3.9097E+00  3.7107E-01
2.0800E+00  4.1766E+00  3.8056E+00  3.7103E-01
2.1000E+00  4.0746E+00  3.7036E+00  3.7098E-01
2.1200E+00  3.9746E+00  3.6036E+00  3.7093E-01
2.1400E+00  3.8764E+00  3.5055E+00  3.7089E-01
2.1600E+00  3.7816E+00  3.4108E+00  3.7084E-01
2.1800E+00  3.6905E+00  3.3197E+00  3.7080E-01
2.2000E+00  3.6036E+00  3.2329E+00  3.7075E-01
2.2200E+00  3.5205E+00  3.1498E+00  3.7071E-01
2.2400E+00  3.4407E+00  3.0700E+00  3.7066E-01
2.2600E+00  3.3636E+00  2.9930E+00  3.7061E-01
2.2800E+00  3.2890E+00  2.9184E+00  3.7057E-01
2.3000E+00  3.2173E+00  2.8468E+00  3.7052E-01
2.3200E+00  3.1485E+00  2.7781E+00  3.7048E-01
2.3400E+00  3.0827E+00  2.7123E+00  3.7043E-01
2.3600E+00  3.0197E+00  2.6493E+00  3.7039E-01
2.3800E+00  2.9590E+00  2.5886E+00  3.7034E-01
2.4000E+00  2.9004E+00  2.5301E+00  3.7029E-01
2.4200E+00  2.8439E+00  2.4737E+00  3.7025E-01
2.4400E+00  2.7895E+00  2.4193E+00  3.7020E-01
2.4600E+00  2.7368E+00  2.3666E+00  3.7016E-01
2.4800E+00  2.6857E+00  2.3156E+00  3.7011E-01
2.5000E+00  2.6359E+00  2.2659E+00  3.7007E-01
2.5200E+00  2.5875E+00  2.2174E+00  3.7002E-01
2.5400E+00  2.5401E+00  2.1701E+00  3.6997E-01
2.5600E+00  2.4938E+00  2.1239E+00  3.6993E-01
2.5800E+00  2.4485E+00  2.0786E+00  3.6988E-01
2.6000E+00  2.4039E+00  2.0341E+00  3.6984E-01
2.6200E+00  2.3602E+00  1.9904E+00  3.6979E-01
2.6400E+00  2.3171E+00  1.9474E+00  3.6975E-01
2.6600E+00  2.2747E+00  1.9050E+00  3.6970E-01
2.6800E+00  2.2328E+00  1.8632E+00  3.6966E-01
2.7000E+00  2.1917E+00  1.8221E+00  3.6961E-01
2.7200E+00  2.1519E+00  1.7823E+00  3.6956E-01
2.7400E+00  2.1133E+00  1.7438E+00  3.6952E-01
2.7600E+00  2.0761E+00  1.7066E+00  3.6947E-01
2.7800E+00  2.0403E+00  1.6708E+00  3.6943E-01
2.8000E+00  2.0056E+00  1.6362E+00  3.6938E-01
2.8200E+00  1.9720E+00  1.6026E+00  3.6934E-01
2.8400E+00  1.9393E+00  1.5700E+00  3.6929E-01
2.8600E+00  1.9074E+00  1.5382E+00  3.6925E-01
2.8800E+00  1.8764E+00  1.5072E+00  3.6920E-01
2.9000E+00  1.8465E+00  1.4774E+00  3.6916E-01
2.9200E+00  1.8176E+00  1.4485E+00  3.6911E-01
2.9400E+00  1.7896E+00  1.4206E+00  3.6907E-01
2.9600E+00  1.7626E+00  1.3936E+00  3.6902E-01
2.9800E+00  1.7365E+00  1.3675E+00  3.6897E-01
3.0000E+00  1.7111E+00  1.3422E+00  3.6893E-01
3.0200E+00  1.6864E+00  1.3176E+00  3.6888E-01
3.0400E+00  1.6625E+00  1.2937E+00  3.6884E-01
3.0600E+00  1.6393E+00  1.2705E+00  3.6879E-01
3.0800E+00  1.6166E+00  1.2479E+00  3.6875E-01
3.1000E+00  1.5946E+00  1.2259E+00  3.6870E-01
3.1200E+00  1.5731E+00  1.2044E+00  3.6866E-01
3.1400E+00  1.5520E+00  1.1834E+00  3.6861E-01
3.1600E+00  1.5314E+00  1.1628E+00  3.6857E-01
3.1800E+00  1.5112E+00  1.1427E+00  3.6852E-01
3.2000E+00  1.4913E+00  1.1229E+00  3.6848E-01
3.2200E+00  1.4718E+00  1.1034E+00  3.6843E-01
3.2400E+00  1.4526E+00  1.0842E+00  3.6839E-01
3.2600E+00  1.4337E+00  1.0654E+00  3.6834E-01
3.2800E+00  1.4151E+00  1.0468E+00  3.6830E-01
3.3000E+00  1.3967E+00  1.0285E+00  3.6825E-01
3.3200E+00  1.3786E+00  1.0104E+00  3.6821E-01
3.3400E+00  1.3606E+00  9.9247E-01  3.6816E-01
3.3600E+00  1.3429E+00  9.7477E-01  3.6812E-01
3.3800E+00  1.3253E+00  9.5726E-01  3.6807E-01
3.4000E+00  1.3081E+00  9.4006E-01  3.6803E-01
3.4200E+00  1.2913E+00  9.2335E-01  3.6798E-01
3.4400E+00  1.2750E+00  9.0706E-01  3.6794E-01
3.4600E+00  1.2591E+00  8.9125E-01  3.6789E-01
3.4800E+00  1.2437E+00  8.7590E-01  3.6785E-01
3.5000E+00  1.2288E+00  8.6099E-01  3.6780E-01
3.5200E+00  1.2142E+00  8.4647E-01  3.6776E-01
3.5400E+00  1.2000E+00  8.3230E-01  3.6771E-01
3.5600E+00  1.1861E+00  8.1847E-01  3.6767E-01
3.5800E+00  1.1726E+00  8.0493E-01  3.6762E-01
3.6000E+00  1.1592E+00  7.9167E-01  3.6758E-01
3.6200E+00  1.1462E+00  7.7872E-01  3.6753E-01
3.6400E+00  1.1336E+00  7.6612E-01  3.6749E-01
3.6600E+00  1.1213E+00  7.5387E-01  3.6744E-01
3.6800E+00  1.1093E+00  7.4195E-01  3.6740E-01
3.7000E+00  1.0977E+00  7.3037E-01  3.6735E-01
3.7200E+00  1.0864E+00  7.1911E-01  3.6731E-01
3.7400E+00  1.0754E+00  7.0815E-01  3.6726E-01
3.7600E+00  1.0647E+00  6.9745E-01  3.6722E-01
3.7800E+00  1.0542E+00  6.8700E-01  3.6717E-01
3.8000E+00  1.0439E+00  6.7678E-01  3.6713E-01
3.8200E+00  1.0339E+00  6.6681E-01  3.6708E-01
3.8400E+00  1.0241E+00  6.5708E-01  3.6704E-01
3.8600E+00  1.0146E+00  6.4757E-01  3.6699E-01
3.8800E+00  1.0052E+00  6.3827E-01  3.6695E-01
3.9000E+00  9.9605E-01  6.2915E-01  3.6690E-01
3.9200E+00  9.8707E-01  6.2021E-01  3.6686E-01
3.9400E+00  9.7824E-01  6.1143E-01  3.6681E-01
3.9600E+00  9.6957E-01  6.0280E-01  3.6677E-01
3.9800E+00  9.6103E-01  5.9431E-01  3.6672E-01
4.0000E+00  9.5262E-01  5.8594E-01  3.6668E-01
4.0200E+00  9.4433E-01  5.7769E-01  3.6663E-01
4.0400E+00  9.3615E-01  5.6956E-01  3.6659E-01
4.0600E+00  9.2809E-01  5.6155E-01  3.6654E-01
4.0800E+00  9.2768E-01  5.6118E-01  3.6650E-01
4.1000E+00  9.1976E-01  5.5330E-01  3.6645E-01
4.1200E+00  9.1190E-01  5.4549E-01  3.6641E-01
4.1400E+00  9.0411E-01  5.3775E-01  3.6637E-01
4.1600E+00  8.9641E-01  5.3009E-01  3.6632E-01
4.1800E+00  8.8878E-01  5.2251E-01  3.6628E-01
4.2000E+00  8.8123E-01  5.1499E-01  3.6623E-01
4.2200E+00  8.7373E-01  5.0754E-01  3.6619E-01
4.2400E+00  8.6630E-01  5.0016E-01  3.6614E-01
4.2600E+00  8.5893E-01  4.9283E-01  3.6610E-01
4.2800E+00  8.5171E-01  4.8566E-01  3.6605E-01
4.3000E+00  8.4467E-01  4.7866E-01  3.6601E-01
4.3200E+00  8.3778E-01  4.7181E-01  3.6596E-01
4.3400E+00  8.3104E-01  4.6512E-01  3.6592E-01
4.3600E+00  8.2444E-01  4.5857E-01  3.6587E-01
4.3800E+00  8.1798E-01  4.5215E-01  3.6583E-01
4.4000E+00  8.1165E-01  4.4587E-01  3.6579E-01
4.4200E+00  8.0544E-01  4.3970E-01  3.6574E-01
4.4400E+00  7.9935E-01  4.3366E-01  3.6570E-01
4.4600E+00  7.9337E-01  4.2772E-01  3.6565E-01
4.4800E+00  7.8749E-01  4.2188E-01  3.6561E-01
4.5000E+00  7.8170E-01  4.1613E-01  3.6556E-01
4.5200E+00  7.7600E-01  4.1048E-01  3.6552E-01
4.5400E+00  7.7039E-01  4.0492E-01  3.6547E-01
4.5600E+00  7.6490E-01  3.9947E-01  3.6543E-01
4.5800E+00  7.5953E-01  3.9414E-01  3.6539E-01
4.6000E+00  7.5427E-01  3.8893E-01  3.6534E-01
4.6200E+00  7.4912E-01  3.8382E-01  3.6530E-01
4.6400E+00  7.4409E-01  3.7884E-01  3.6525E-01
4.6600E+00  7.3918E-01  3.7397E-01  3.6521E-01
4.6800E+00  7.3437E-01  3.6921E-01  3.6516E-01
4.7000E+00  7.2967E-01  3.6455E-01  3.6512E-01
4.7200E+00  7.2506E-01  3.5998E-01  3.6508E-01
4.7400E+00  7.2054E-01  3.5551E-01  3.6503E-01
4.7600E+00  7.1610E-01  3.5112E-01  3.6499E-01
4.7800E+00  7.1175E-01  3.4681E-01  3.6494E-01
4.8000E+00  7.0749E-01  3.4260E-01  3.6490E-01
4.8200E+00  7.0332E-01  3.3847E-01  3.6485E-01
4.8400E+00  6.9923E-01  3.3443E-01  3.6481E-01
4.8600E+00  6.9523E-01  3.3046E-01  3.6476E-01
4.8800E+00  6.9129E-01  3.2657E-01  3.6472E-01
4.9000E+00  6.8742E-01  3.2275E-01  3.6468E-01
4.9200E+00  6.8362E-01  3.1898E-01  3.6463E-01
4.9400E+00  6.7987E-01  3.1528E-01  3.6459E-01
4.9600E+00  6.7619E-01  3.1165E-01  3.6454E-01
4.9800E+00  6.7257E-01  3.0807E-01  3.6450E-01
5.0000E+00  6.6900E-01  3.0454E-01  3.6446E-01
5.0200E+00  6.6548E-01  3.0107E-01  3.6441E-01
5.0400E+00  6.6202E-01  2.9765E-01  3.6437E-01
5.0600E+00  6.5860E-01  2.9428E-01  3.6432E-01
5.0800E+00  6.5524E-01  2.9096E-01  3.6428E-01
5.1000E+00  6.5192E-01  2.8768E-01  3.6423E-01
5.1200E+00  6.4864E-01  2.8445E-01  3.6419E-01
5.1400E+00  6.4541E-01  2.8126E-01  3.6415E-01
5.1600E+00  6.4221E-01  2.7811E-01  3.6410E-01
5.1800E+00  6.3906E-01  2.7500E-01  3.6406E-01
5.2000E+00  6.3595E-01  2.7193E-01  3.6401E-01
5.2200E+00  6.3287E-01  2.6890E-01  3.6397E-01
5.2400E+00  6.2983E-01  2.6590E-01  3.6393E-01
5.2600E+00  6.2682E-01  2.6294E-01  3.6388E-01
5.2800E+00  6.2385E-01  2.6001E-01  3.6384E-01
5.3000E+00  6.2091E-01  2.5712E-01  3.6379E-01
5.3200E+00  6.1800E-01  2.5425E-01  3.6375E-01
5.3400E+00  6.1513E-01  2.5142E-01  3.6371E-01
5.3600E+00  6.1228E-01  2.4862E-01  3.6366E-01
5.3800E+00  6.0950E-01  2.4588E-01  3.6362E-01
5.4000E+00  6.0679E-01  2.4322E-01  3.6357E-01
5.4200E+00  6.0415E-01  2.4062E-01  3.6353E-01
5.4400E+00  6.0157E-01  2.3808E-01  3.6349E-01
5.4600E+00  5.9889E-01  2.3544E-01  3.6344E-01
5.4800E+00  5.9623E-01  2.3283E-01  3.6340E-01
5.5000E+00  5.9361E-01  2.3026E-01  3.6335E-01
5.5200E+00  5.9105E-01  2.2774E-01  3.6331E-01
5.5400E+00  5.8852E-01  2.2526E-01  3.6327E-01
5.5600E+00  5.8604E-01  2.2281E-01  3.6322E-01
5.5800E+00  5.8359E-01  2.2041E-01  3.6318E-01
5.6000E+00  5.8118E-01  2.1804E-01  3.6314E-01
5.6200E+00  5.7880E-01  2.1571E-01  3.6309E-01
5.6400E+00  5.7646E-01  2.1341E-01  3.6305E-01
5.6600E+00  5.7414E-01  2.1114E-01  3.6300E-01
5.6800E+00  5.7184E-01  2.0888E-01  3.6296E-01
5.7000E+00  5.6958E-01  2.0666E-01  3.6292E-01
5.7200E+00  5.6734E-01  2.0447E-01  3.6287E-01
5.7400E+00  5.6514E-01  2.0231E-01  3.6283E-01
5.7600E+00  5.6298E-01  2.0019E-01  3.6278E-01
5.7800E+00  5.6085E-01  1.9811E-01  3.6274E-01
5.8000E+00  5.5876E-01  1.9606E-01  3.6270E-01
5.8200E+00  5.5670E-01  1.9404E-01  3.6265E-01
5.8400E+00  5.5468E-01  1.9207E-01  3.6261E-01
5.8600E+00  5.5269E-01  1.9013E-01  3.6257E-01
5.8800E+00  5.5074E-01  1.8822E-01  3.6252E-01
5.9000E+00  5.4882E-01  1.8635E-01  3.6248E-01
5.9200E+00  5.4694E-01  1.8450E-01  3.6243E-01
5.9400E+00  5.4508E-01  1.8268E-01  3.6239E-01
5.9600E+00  5.4324E-01  1.8089E-01  3.6235E-01
5.9800E+00  5.4144E-01  1.7913E-01  3.6230E-01
6.0000E+00  5.3965E-01  1.7739E-01  3.6226E-01
6.0200E+00  5.3790E-01  1.7568E-01  3.6222E-01
6.0400E+00  5.3617E-01  1.7400E-01  3.6217E-01
6.0600E+00  5.3447E-01  1.7234E-01  3.6213E-01
6.0800E+00  5.3279E-01  1.7070E-01  3.6209E-01
6.1000E+00  5.3114E-01  1.6909E-01  3.6204E-01
6.1200E+00  5.2951E-01  1.6751E-01  3.6200E-01
6.1400E+00  5.2790E-01  1.6594E-01  3.6196E-01
6.1600E+00  5.2631E-01  1.6440E-01  3.6191E-01
6.1800E+00  5.2474E-01  1.6288E-01  3.6187E-01
6.2000E+00  5.2320E-01  1.6137E-01  3.6182E-01
6.2200E+00  5.2167E-01  1.5989E-01  3.6178E-01
6.2400E+00  5.2016E-01  1.5842E-01  3.6174E-01
6.2600E+00  5.1866E-01  1.5697E-01  3.6169E-01
6.2800E+00  5.1718E-01  1.5553E-01  3.6165E-01
6.3000E+00  5.1572E-01  1.5411E-01  3.6161E-01
6.3200E+00  5.1427E-01  1.5270E-01  3.6156E-01
6.3400E+00  5.1283E-01  1.5131E-01  3.6152E-01
6.3600E+00  5.1141E-01  1.4993E-01  3.6148E-01
6.3800E+00  5.1000E-01  1.4857E-01  3.6143E-01
6.4000E+00  5.0860E-01  1.4721E-01  3.6139E-01
6.4200E+00  5.0722E-01  1.4587E-01  3.6135E-01
6.4400E+00  5.0585E-01  1.4454E-01  3.6130E-01
6.4600E+00  5.0449E-01  1.4323E-01  3.6126E-01
6.4800E+00  5.0313E-01  1.4192E-01  3.6122E-01
6.5000E+00  5.0179E-01  1.4062E-01  3.6117E-01
6.5200E+00  5.0046E-01  1.3934E-01  3.6113E-01
6.5400E+00  4.9915E-01  1.3806E-01  3.6109E-01
6.5600E+00  4.9784E-01  1.3679E-01  3.6104E-01
6.5800E+00  4.9653E-01  1.3554E-01  3.6100E-01
6.6000E+00  4.9524E-01  1.3429E-01  3.6096E-01
6.6200E+00  4.9396E-01  1.3305E-01  3.6091E-01
6.6400E+00  4.9269E-01  1.3182E-01  3.6087E-01
6.6600E+00  4.9142E-01  1.3060E-01  3.6083E-01
6.6800E+00  4.9017E-01  1.2938E-01  3.6078E-01
6.7000E+00  4.8892E-01  1.2818E-01  3.6074E-01
6.7200E+00  4.8768E-01  1.2698E-01  3.6070E-01
6.7400E+00  4.8644E-01  1.2579E-01  3.6065E-01
6.7600E+00  4.8522E-01  1.2461E-01  3.6061E-01
6.7800E+00  4.8402E-01  1.2346E-01  3.6057E-01
6.8000E+00  4.8284E-01  1.2232E-01  3.6052E-01
6.8200E+00  4.8168E-01  1.2120E-01  3.6048E-01
6.8400E+00  4.8053E-01  1.2010E-01  3.6044E-01
6.8600E+00  4.7941E-01  1.1901E-01  3.6039E-01
6.8800E+00  4.7830E-01  1.1795E-01  3.6035E-01
6.9000E+00  4.7720E-01  1.1689E-01  3.6031E-01
6.9200E+00  4.7612E-01  1.1585E-01  3.6026E-01
6.9400E+00  4.7505E-01  1.1483E-01  3.6022E-01
6.9600E+00  4.7400E-01  1.1382E-01  3.6018E-01
6.9800E+00  4.7296E-01  1.1283E-01  3.6014E-01
7.0000E+00  4.7193E-01  1.1184E-01  3.6009E-01
7.0200E+00  4.7092E-01  1.1087E-01  3.6005E-01
7.0400E+00  4.6991E-01  1.0990E-01  3.6001E-01
7.0600E+00  4.6891E-01  1.0895E-01  3.5996E-01
7.0800E+00  4.6793E-01  1.0801E-01  3.5992E-01
7.1000E+00  4.6695E-01  1.0708E-01  3.5988E-01
7.1200E+00  4.6599E-01  1.0615E-01  3.5983E-01
7.1400E+00  4.6503E-01  1.0524E-01  3.5979E-01
7.1600E+00  4.6408E-01  1.0434E-01  3.5975E-01
7.1800E+00  4.6315E-01  1.0344E-01  3.5970E-01
7.2000E+00  4.6222E-01  1.0256E-01  3.5966E-01
7.2200E+00  4.6131E-01  1.0169E-01  3.5962E-01
7.2400E+00  4.6040E-01  1.0083E-01  3.5958E-01
7.2600E+00  4.5951E-01  9.9981E-02  3.5953E-01
7.2800E+00  4.5864E-01  9.9146E-02  3.5949E-01
7.3000E+00  4.5777E-01  9.8322E-02  3.5945E-01
7.3200E+00  4.5691E-01  9.7510E-02  3.5940E-01
7.3400E+00  4.5607E-01  9.6710E-02  3.5936E-01
7.3600E+00  4.5524E-01  9.5921E-02  3.5932E-01
7.3800E+00  4.5442E-01  9.5144E-02  3.5928E-01
7.4000E+00  4.5361E-01  9.4378E-02  3.5923E-01
7.4200E+00  4.5281E-01  9.3622E-02  3.5919E-01
7.4400E+00  4.5202E-01  9.2876E-02  3.5915E-01
7.4600E+00  4.5124E-01  9.2140E-02  3.5910E-01
7.4800E+00  4.5047E-01  9.1413E-02  3.5906E-01
7.5000E+00  4.4971E-01  9.0694E-02  3.5902E-01
7.5200E+00  4.4896E-01  8.9984E-02  3.5898E-01
7.5400E+00  4.4821E-01  8.9282E-02  3.5893E-01
7.5600E+00  4.4748E-01  8.8588E-02  3.5889E-01
7.5800E+00  4.4675E-01  8.7903E-02  3.5885E-01
7.6000E+00  4.4603E-01  8.7226E-02  3.5880E-01
7.6200E+00  4.4532E-01  8.6558E-02  3.5876E-01
7.6400E+00  4.4462E-01  8.5899E-02  3.5872E-01
7.6600E+00  4.4392E-01  8.5247E-02  3.5868E-01
7.6800E+00  4.4324E-01  8.4603E-02  3.5863E-01
7.7000E+00  4.4256E-01  8.3967E-02  3.5859E-01
7.7200E+00  4.4189E-01  8.3338E-02  3.5855E-01
7.7400E+00  4.4122E-01  8.2716E-02  3.5851E-01
7.7600E+00  4.4056E-01  8.2100E-02  3.5846E-01
7.7800E+00  4.3991E-01  8.1491E-02  3.5842E-01
7.8000E+00  4.3926E-01  8.0888E-02  3.5838E-01
7.8200E+00  4.3862E-01  8.0290E-02  3.5833E-01
7.8400E+00  4.3799E-01  7.9699E-02  3.5829E-01
7.8600E+00  4.3736E-01  7.9113E-02  3.5825E-01
7.8800E+00  4.3674E-01  7.8532E-02  3.5821E-01
7.9000E+00  4.3612E-01  7.7956E-02  3.5816E-01
7.9200E+00  4.3551E-01  7.7386E-02  3.5812E-01
7.9400E+00  4.3490E-01  7.6820E-02  3.5808E-01
7.9600E+00  4.3429E-01  7.6258E-02  3.5804E-01
7.9800E+00  4.3369E-01  7.5699E-02  3.5799E-01
8.0000E+00  4.3310E-01  7.5144E-02  3.5795E-01
8.0200E+00  4.3250E-01  7.4593E-02  3.5791E-01
8.0400E+00  4.3191E-01  7.4047E-02  3.5787E-01
8.0600E+00  4.3133E-01  7.3504E-02  3.5782E-01
8.0800E+00  4.3075E-01  7.2964E-02  3.5778E-01
8.1000E+00  4.3017E-01  7.2429E-02  3.5774E-01
8.1200E+00  4.2959E-01  7.1896E-02  3.5770E-01
8.1400E+00  4.2902E-01  7.1368E-02  3.5765E-01
8.1600E+00  4.2845E-01  7.0842E-02  3.5761E-01
8.1800E+00  4.2789E-01  7.0320E-02  3.5757E-01
8.2000E+00  4.2733E-01  6.9801E-02  3.5753E-01
8.2200E+00  4.2677E-01  6.9285E-02  3.5748E-01
8.2400E+00  4.2621E-01  6.8773E-02  3.5744E-01
8.2600E+00  4.2566E-01  6.8263E-02  3.5740E-01
8.2800E+00  4.2511E-01  6.7756E-02  3.5736E-01
8.3000E+00  4.2457E-01  6.7252E-02  3.5731E-01
8.3200E+00  4.2402E-01  6.6751E-02  3.5727E-01
8.3400E+00  4.2348E-01  6.6253E-02  3.5723E-01
8.3600E+00  4.2294E-01  6.5757E-02  3.5719E-01
8.3800E+00  4.2241E-01  6.5263E-02  3.5714E-01
8.4000E+00  4.2187E-01  6.4773E-02  3.5710E-01
8.4200E+00  4.2134E-01  6.4284E-02  3.5706E-01
8.4400E+00  4.2082E-01  6.3798E-02  3.5702E-01
8.4600E+00  4.2029E-01  6.3315E-02  3.5697E-01
8.4800E+00  4.1977E-01  6.2833E-02  3.5693E-01
8.5000E+00  4.1925E-01  6.2357E-02  3.5689E-01
8.5200E+00  4.1874E-01  6.1888E-02  3.5685E-01
8.5400E+00  4.1823E-01  6.1425E-02  3.5681E-01
8.5600E+00  4.1773E-01  6.0969E-02  3.5676E-01
8.5800E+00  4.1724E-01  6.0519E-02  3.5672E-01
8.6000E+00  4.1675E-01  6.0074E-02  3.5668E-01
8.6200E+00  4.1627E-01  5.9635E-02  3.5664E-01
8.6400E+00  4.1580E-01  5.9202E-02  3.5659E-01
8.6600E+00  4.1533E-01  5.8773E-02  3.5655E-01
8.6800E+00  4.1486E-01  5.8350E-02  3.5651E-01
8.7000E+00  4.1440E-01  5.7931E-02  3.5647E-01
8.7200E+00  4.1394E-01  5.7517E-02  3.5643E-01
8.7400E+00  4.1349E-01  5.7108E-02  3.5638E-01
8.7600E+00  4.1304E-01  5.6703E-02  3.5634E-01
8.7800E+00  4.1260E-01  5.6302E-02  3.5630E-01
8.8000E+00  4.1216E-01  5.5906E-02  3.5626E-01
8.8200E+00  4.1173E-01  5.5513E-02  3.5621E-01
8.8400E+00  4.1130E-01  5.5125E-02  3.5617E-01
8.8600E+00  4.1087E-01  5.4740E-02  3.5613E-01
8.8800E+00  4.1045E-01  5.4358E-02  3.5609E-01
8.9000E+00  4.1003E-01  5.3980E-02  3.5605E-01
8.9200E+00  4.0961E-01  5.3605E-02  3.5600E-01
8.9400E+00  4.0920E-01  5.3233E-02  3.5596E-01
8.9600E+00  4.0879E-01  5.2865E-02  3.5592E-01
8.9800E+00  4.0838E-01  5.2499E-02  3.5588E-01
9.0000E+00  4.0797E-01  5.2137E-02  3.5584E-01
9.0200E+00  4.0757E-01  5.1777E-02  3.5579E-01
9.0400E+00  4.0717E-01  5.1420E-02  3.5575E-01
9.0600E+00  4.0678E-01  5.1067E-02  3.5571E-01
9.0800E+00  4.0639E-01  5.0718E-02  3.5567E-01
9.1000E+00  4.0600E-01  5.0373E-02  3.5563E-01
9.1200E+00  4.0562E-01  5.0032E-02  3.5558E-01
9.1400E+00  4.0524E-01  4.9695E-02  3.5554E-01
9.1600E+00  4.0486E-01  4.9361E-02  3.5550E-01
9.1800E+00  4.0449E-01  4.9031E-02  3.5546E-01
9.2000E+00  4.0412E-01  4.8704E-02  3.5542E-01
9.2200E+00  4.0376E-01  4.8381E-02  3.5537E-01
9.2400E+00  4.0339E-01  4.8062E-02  3.5533E-01
9.2600E+00  4.0304E-01  4.7747E-02  3.5529E-01
9.2800E+00  4.0268E-01  4.7436E-02  3.5525E-01
9.3000E+00  4.0233E-01  4.7128E-02  3.5521E-01
9.3200E+00  4.0199E-01  4.6823E-02  3.5516E-01
9.3400E+00  4.0164E-01  4.6521E-02  3.5512E-01
9.3600E+00  4.0130E-01  4.6223E-02  3.5508E-01
9.3800E+00  4.0097E-01  4.5927E-02  3.5504E-01
9.4000E+00  4.0063E-01  4.5635E-02  3.5500E-01
9.4200E+00  4.0030E-01  4.5345E-02  3.5496E-01
9.4400E+00  3.9997E-01  4.5058E-02  3.5491E-01
9.4600E+00  3.9965E-01  4.4774E-02  3.5487E-01
9.4800E+00  3.9932E-01  4.4492E-02  3.5483E-01
9.5000E+00  3.9900E-01  4.4213E-02  3.5479E-01
9.5200E+00  3.9868E-01  4.3937E-02  3.5475E-01
9.5400E+00  3.9837E-01  4.3663E-02  3.5470E-01
9.5600E+00  3.9806E-01  4.3392E-02  3.5466E-01
9.5800E+00  3.9775E-01  4.3124E-02  3.5462E-01
9.6000E+00  3.9744E-01  4.2858E-02  3.5458E-01
9.6200E+00  3.9713E-01  4.2595E-02  3.5454E-01
9.6400E+00  3.9683E-01  4.2334E-02  3.5450E-01
9.6600E+00  3.9653E-01  4.2076E-02  3.5445E-01
9.6800E+00  3.9623E-01  4.1820E-02  3.5441E-01
9.7000E+00  3.9594E-01  4.1566E-02  3.5437E-01
9.7200E+00  3.9564E-01  4.1314E-02  3.5433E-01
9.7400E+00  3.9535E-01  4.1065E-02  3.5429E-01
9.7600E+00  3.9506E-01  4.0817E-02  3.5425E-01
9.7800E+00  3.9478E-01  4.0571E-02  3.5420E-01
9.8000E+00  3.9449E-01  4.0327E-02  3.5416E-01
9.8200E+00  3.9421E-01  4.0085E-02  3.5412E-01
9.8400E+00  3.9392E-01  3.9845E-02  3.5408E-01
9.8600E+00  3.9364E-01  3.9607E-02  3.5404E-01
9.8800E+00  3.9337E-01  3.9370E-02  3.5400E-01
9.9000E+00  3.9309E-01  3.9135E-02  3.5395E-01
9.9200E+00  3.9281E-01  3.8901E-02  3.5391E-01
9.9400E+00  3.9254E-01  3.8670E-02  3.5387E-01
9.9600E+00  3.9227E-01  3.8439E-02  3.5383E-01
9.9800E+00  3.9200E-01  3.8210E-02  3.5379E-01
1.0000E+01  3.9173E-01  3.7983E-02  3.5375E-01
1.0020E+01  3.9146E-01  3.7757E-02  3.5371E-01
1.0040E+01  3.9120E-01  3.7532E-02  3.5366E-01
1.0060E+01  3.9093E-01  3.7309E-02  3.5362E-01
1.0080E+01  3.9067E-01  3.7087E-02  3.5358E-01
1.0100E+01  3.9041E-01  3.6866E-02  3.5354E-01
1.0120E+01  3.9014E-01  3.6646E-02  3.5350E-01
1.0140E+01  3.8988E-01  3.6428E-02  3.5346E-01
1.0160E+01  3.8963E-01  3.6211E-02  3.5342E-01
1.0180E+01  3.8937E-01  3.5995E-02  3.5337E-01
1.0200E+01  3.8911E-01  3.5780E-02  3.5333E-01
1.0220E+01  3.8886E-01  3.5567E-02  3.5329E-01
1.0240E+01  3.8860E-01  3.5354E-02  3.5325E-01
1.0260E+01  3.8835E-01  3.5142E-02  3.5321E-01
1.0280E+01  3.8810E-01  3.4932E-02  3.5317E-01
1.0300E+01  3.8785E-01  3.4722E-02  3.5313E-01
1.0320E+01  3.8760E-01  3.4514E-02  3.5308E-01
1.0340E+01  3.8735E-01  3.4307E-02  3.5304E-01
1.0360E+01  3.8710E-01  3.4100E-02  3.5300E-01
1.0380E+01  3.8685E-01  3.3895E-02  3.5296E-01
1.0400E+01  3.8661E-01  3.3690E-02  3.5292E-01
1.0420E+01  3.8636E-01  3.3487E-02  3.5288E-01
1.0440E+01  3.8612E-01  3.3284E-02  3.5284E-01
1.0460E+01  3.8588E-01  3.3083E-02  3.5279E-01
1.0480E+01  3.8564E-01  3.2882E-02  3.5275E-01
1.0500E+01  3.8539E-01  3.2682E-02  3.5271E-01
1.0520E+01  3.8515E-01  3.2483E-02  3.5267E-01
1.0540E+01  3.8491E-01  3.2285E-02  3.5263E-01
1.0560E+01  3.8468E-01  3.2088E-02  3.5259E-01
1.0580E+01  3.8444E-01  3.1891E-02  3.5255E-01
1.0600E+01  3.8420E-01  3.1696E-02  3.5251E-01
1.0620E+01  3.8397E-01  3.1501E-02  3.5246E-01
1.0640E+01  3.8373E-01  3.1307E-02  3.5242E-01
1.0660E+01  3.8350E-01  3.1113E-02  3.5238E-01
1.0680E+01  3.8326E-01  3.0921E-02  3.5234E-01
1.0700E+01  3.8303E-01  3.0731E-02  3.5230E-01
1.0720E+01  3.8280E-01  3.0543E-02  3.5226E-01
1.0740E+01  3.8258E-01  3.0358E-02  3.5222E-01
1.0760E+01  3.8235E-01  3.0175E-02  3.5218E-01
1.0780E+01  3.8213E-01  2.9994E-02  3.5214E-01
1.0800E+01  3.8191E-01  2.9815E-02  3.5209E-01
1.0820E+01  3.8169E-01  2.9638E-02  3.5205E-01
1.0840E+01  3.8147E-01  2.9462E-02  3.5201E-01
1.0860E+01  3.8126E-01  2.9289E-02  3.5197E-01
1.0880E+01  3.8105E-01  2.9117E-02  3.5193E-01
1.0900E+01  3.8084E-01  2.8948E-02  3.5189E-01
1.0920E+01  3.8063E-01  2.8779E-02  3.5185E-01
1.0940E+01  3.8042E-01  2.8613E-02  3.5181E-01
1.0960E+01  3.8021E-01  2.8448E-02  3.5177E-01
1.0980E+01  3.8001E-01  2.8284E-02  3.5172E-01
1.1000E+01  3.7981E-01  2.8123E-02  3.5168E-01
1.1020E+01  3.7960E-01  2.7962E-02  3.5164E-01
1.1040E+01  3.7940E-01  2.7803E-02  3.5160E-01
1.1060E+01  3.7921E-01  2.7646E-02  3.5156E-01
1.1080E+01  3.7901E-01  2.7490E-02  3.5152E-01
1.1100E+01  3.7881E-01  2.7335E-02  3.5148E-01
1.1120E+01  3.7862E-01  2.7181E-02  3.5144E-01
1.1140E+01  3.7843E-01  2.7029E-02  3.5140E-01
1.1160E+01  3.7823E-01  2.6878E-02  3.5136E-01
1.1180E+01  3.7804E-01  2.6728E-02  3.5131E-01
1.1200E+01  3.7785E-01  2.6579E-02  3.5127E-01
1.1220E+01  3.7766E-01  2.6431E-02  3.5123E-01
1.1240E+01  3.7748E-01  2.6284E-02  3.5119E-01
1.1260E+01  3.7729E-01  2.6139E-02  3.5115E-01
1.1280E+01  3.7710E-01  2.5994E-02  3.5111E-01
1.1300E+01  3.7692E-01  2.5850E-02  3.5107E-01
1.1320E+01  3.7674E-01  2.5708E-02  3.5103E-01
1.1340E+01  3.7655E-01  2.5566E-02  3.5099E-01
1.1360E+01  3.7637E-01  2.5425E-02  3.5095E-01
1.1380E+01  3.7619E-01  2.5286E-02  3.5091E-01
1.1400E+01  3.7601E-01  2.5148E-02  3.5087E-01
1.1420E+01  3.7584E-01  2.5011E-02  3.5082E-01
1.1440E+01  3.7566E-01  2.4875E-02  3.5078E-01
1.1460E+01  3.7548E-01  2.4741E-02  3.5074E-01
1.1480E+01  3.7531E-01  2.4608E-02  3.5070E-01
1.1500E+01  3.7514E-01  2.4476E-02  3.5066E-01
1.1520E+01  3.7497E-01  2.4346E-02  3.5062E-01
1.1540E+01  3.7480E-01  2.4216E-02  3.5058E-01
1.1560E+01  3.7463E-01  2.4088E-02  3.5054E-01
1.1580E+01  3.7446E-01  2.3961E-02  3.5050E-01
1.1600E+01  3.7429E-01  2.3835E-02  3.5046E-01
1.1620E+01  3.7413E-01  2.3711E-02  3.5042E-01
1.1640E+01  3.7396E-01  2.3588E-02  3.5038E-01
1.1660E+01  3.7380E-01  2.3466E-02  3.5034E-01
1.1680E+01  3.7364E-01  2.3345E-02  3.5029E-01
1.1700E+01  3.7348E-01  2.3226E-02  3.5025E-01
1.1720E+01  3.7332E-01  2.3107E-02  3.5021E-01
1.1740E+01  3.7316E-01  2.2990E-02  3.5017E-01
1.1760E+01  3.7301E-01  2.2873E-02  3.5013E-01
1.1780E+01  3.7285E-01  2.2758E-02  3.5009E-01
1.1800E+01  3.7269E-01  2.2644E-02  3.5005E-01
1.1820E+01  3.7254E-01  2.2530E-02  3.5001E-01
1.1840E+01  3.7239E-01  2.2418E-02  3.4997E-01
1.1860E+01  3.7224E-01  2.2307E-02  3.4993E-01
1.1880E+01  3.7208E-01  2.2196E-02  3.4989E-01
1.1900E+01  3.7193E-01  2.2086E-02  3.4985E-01
1.1920E+01  3.7178E-01  2.1977E-02  3.4981E-01
1.1940E+01  3.7164E-01  2.1869E-02  3.4977E-01
1.1960E+01  3.7149E-01  2.1762E-02  3.4973E-01
1.1980E+01  3.7134E-01  2.1656E-02  3.4969E-01
1.2000E+01  3.7120E-01  2.1551E-02  3.4965E-01
1.2020E+01  3.7105E-01  2.1446E-02  3.4960E-01
1.2040E+01  3.7091E-01  2.1343E-02  3.4956E-01
1.2060E+01  3.7076E-01  2.1240E-02  3.4952E-01
1.2080E+01  3.7062E-01  2.1137E-02  3.4948E-01
1.2100E+01  3.7048E-01  2.1034E-02  3.4944E-01
1.2120E+01  3.7033E-01  2.0932E-02  3.4940E-01
1.2140E+01  3.7019E-01  2.0831E-02  3.4936E-01
1.2160E+01  3.7005E-01  2.0730E-02  3.4932E-01
1.2180E+01  3.6991E-01  2.0630E-02  3.4928E-01
1.2200E+01  3.6977E-01  2.0531E-02  3.4924E-01
1.2220E+01  3.6963E-01  2.0432E-02  3.4920E-01
1.2240E+01  3.6949E-01  2.0334E-02  3.4916E-01
1.2260E+01  3.6936E-01  2.0236E-02  3.4912E-01
1.2280E+01  3.6922E-01  2.0140E-02  3.4908E-01
1.2300E+01  3.6908E-01  2.0044E-02  3.4904E-01
1.2320E+01  3.6895E-01  1.9948E-02  3.4900E-01
1.2340E+01  3.6881E-01  1.9853E-02  3.4896E-01
1.2360E+01  3.6868E-01  1.9759E-02  3.4892E-01
1.2380E+01  3.6854E-01  1.9665E-02  3.4888E-01
1.2400E+01  3.6841E-01  1.9571E-02  3.4884E-01
1.2420E+01  3.6827E-01  1.9479E-02  3.4880E-01
1.2440E+01  3.6814E-01  1.9386E-02  3.4876E-01
1.2460E+01  3.6801E-01  1.9294E-02  3.4872E-01
1.2480E+01  3.6788E-01  1.9203E-02  3.4868E-01
1.2500E+01  3.6775E-01  1.9112E-02  3.4864E-01
1.2520E+01  3.6762E-01  1.9022E-02  3.4859E-01
1.2540E+01  3.6749E-01  1.8932E-02  3.4855E-01
1.2560E+01  3.6736E-01  1.8843E-02  3.4851E-01
1.2580E+01  3.6723E-01  1.8754E-02  3.4847E-01
1.2600E+01  3.6710E-01  1.8665E-02  3.4843E-01
1.2620E+01  3.6697E-01  1.8577E-02  3.4839E-01
1.2640E+01  3.6684E-01  1.8489E-02  3.4835E-01
1.2660E+01  3.6672E-01  1.8402E-02  3.4831E-01
1.2680E+01  3.6659E-01  1.8315E-02  3.4827E-01
1.2700E+01  3.6646E-01  1.8228E-02  3.4823E-01
1.2720E+01  3.6633E-01  1.8142E-02  3.4819E-01
1.2740E+01  3.6621E-01  1.8057E-02  3.4815E-01
1.2760E+01  3.6608E-01  1.7971E-02  3.4811E-01
1.2780E+01  3.6596E-01  1.7886E-02  3.4807E-01
1.2800E+01  3.6583E-01  1.7801E-02  3.4803E-01
1.2820E+01  3.6571E-01  1.7717E-02  3.4799E-01
1.2840E+01  3.6558E-01  1.7633E-02  3.4795E-01
1.2860E+01  3.6546E-01  1.7549E-02  3.4791E-01
1.2880E+01  3.6534E-01  1.7466E-02  3.4787E-01
1.2900E+01  3.6521E-01  1.7383E-02  3.4783E-01
1.2920E+01  3.6509E-01  1.7300E-02  3.4779E-01
1.2940E+01  3.6497E-01  1.7218E-02  3.4775E-01
1.2960E+01  3.6485E-01  1.7136E-02  3.4771E-01
1.2980E+01  3.6473E-01  1.7054E-02  3.4767E-01
1.3000E+01  3.6460E-01  1.6973E-02  3.4763E-01
1.3020E+01  3.6448E-01  1.6892E-02  3.4759E-01
1.3040E+01  3.6436E-01  1.6811E-02  3.4755E-01
1.3060E+01  3.6424E-01  1.6730E-02  3.4751E-01
1.3080E+01  3.6412E-01  1.6650E-02  3.4747E-01
1.3100E+01  3.6400E-01  1.6570E-02  3.4743E-01
1.3120E+01  3.6388E-01  1.6490E-02  3.4739E-01
1.3140E+01  3.6376E-01  1.6411E-02  3.4735E-01
1.3160E+01  3.6364E-01  1.6332E-02  3.4731E-01
1.3180E+01  3.6352E-01  1.6253E-02  3.4727E-01
1.3200E+01  3.6341E-01  1.6174E-02  3.4723E-01
1.3220E+01  3.6329E-01  1.6096E-02  3.4719E-01
1.3240E+01  3.6317E-01  1.6018E-02  3.4715E-01
1.3260E+01  3.6305E-01  1.5940E-02  3.4711E-01
1.3280E+01  3.6293E-01  1.5863E-02  3.4707E-01
1.3300E+01  3.6282E-01  1.5785E-02  3.4703E-01
1.3320E+01  3.6270E-01  1.5708E-02  3.4699E-01
1.3340E+01  3.6258E-01  1.5631E-02  3.4695E-01
1.3360E+01  3.6247E-01  1.5555E-02  3.4691E-01
1.3380E+01  3.6235E-01  1.5478E-02  3.4687E-01
1.3400E+01  3.6223E-01  1.5402E-02  3.4683E-01
1.3420E+01  3.6212E-01  1.5326E-02  3.4679E-01
1.3440E+01  3.6200E-01  1.5251E-02  3.4675E-01
1.3460E+01  3.6189E-01  1.5176E-02  3.4671E-01
1.3480E+01  3.6178E-01  1.5102E-02  3.4667E-01
1.3500E+01  3.6166E-01  1.5029E-02  3.4663E-01
1.3520E+01  3.6155E-01  1.4956E-02  3.4659E-01
1.3540E+01  3.6144E-01  1.4884E-02  3.4655E-01
1.3560E+01  3.6133E-01  1.4812E-02  3.4651E-01
1.3580E+01  3.6122E-01  1.4742E-02  3.4647E-01
1.3600E+01  3.6111E-01  1.4671E-02  3.4643E-01
1.3620E+01  3.6100E-01  1.4602E-02  3.4639E-01
1.3640E+01  3.6089E-01  1.4533E-02  3.4635E-01
1.3660E+01  3.6078E-01  1.4464E-02  3.4632E-01
1.3680E+01  3.6067E-01  1.4396E-02  3.4628E-01
1.3700E+01  3.6056E-01  1.4329E-02  3.4624E-01
1.3720E+01  3.6046E-01  1.4262E-02  3.4620E-01
1.3740E+01  3.6035E-01  1.4196E-02  3.4616E-01
1.3760E+01  3.6025E-01  1.4130E-02  3.4612E-01
1.3780E+01  3.6014E-01  1.4065E-02  3.4608E-01
1.3800E+01  3.6004E-01  1.4000E-02  3.4604E-01
1.3820E+01  3.5993E-01  1.3935E-02  3.4600E-01
1.3840E+01  3.5983E-01  1.3871E-02  3.4596E-01
1.3860E+01  3.5973E-01  1.3808E-02  3.4592E-01
1.3880E+01  3.5962E-01  1.3745E-02  3.4588E-01
1.3900E+01  3.5952E-01  1.3682E-02  3.4584E-01
1.3920E+01  3.5942E-01  1.3620E-02  3.4580E-01
1.3940E+01  3.5932E-01  1.3558E-02  3.4576E-01
1.3960E+01  3.5922E-01  1.3497E-02  3.4572E-01
1.3980E+01  3.5912E-01  1.3436E-02  3.4568E-01
1.4000E+01  3.5902E-01  1.3375E-02  3.4564E-01
1.4020E+01  3.5892E-01  1.3315E-02  3.4560E-01
1.4040E+01  3.5882E-01  1.3255E-02  3.4556E-01
1.4060E+01  3.5872E-01  1.3196E-02  3.4552E-01
1.4080E+01  3.5862E-01  1.3136E-02  3.4548E-01
1.4100E+01  3.5852E-01  1.3078E-02  3.4544E-01
1.4120E+01  3.5842E-01  1.3019E-02  3.4540E-01
1.4140E+01  3.5833E-01  1.2961E-02  3.4536E-01
1.4160E+01  3.5823E-01  1.2903E-02  3.4533E-01
1.4180E+01  3.5813E-01  1.2845E-02  3.4529E-01
1.4200E+01  3.5803E-01  1.2788E-02  3.4525E-01
1.4220E+01  3.5794E-01  1.2731E-02  3.4521E-01
1.4240E+01  3.5784E-01  1.2675E-02  3.4517E-01
1.4260E+01  3.5775E-01  1.2618E-02  3.4513E-01
1.4280E+01  3.5765E-01  1.2562E-02  3.4509E-01
1.4300E+01  3.5756E-01  1.2507E-02  3.4505E-01
1.4320E+01  3.5746E-01  1.2451E-02  3.4501E-01
1.4340E+01  3.5737E-01  1.2396E-02  3.4497E-01
1.4360E+01  3.5727E-01  1.2342E-02  3.4493E-01
1.4380E+01  3.5718E-01  1.2287E-02  3.4489E-01
1.4400E+01  3.5709E-01  1.2234E-02  3.4485E-01
1.4420E+01  3.5699E-01  1.2180E-02  3.4481E-01
1.4440E+01  3.5690E-01  1.2127E-02  3.4477E-01
1.4460E+01  3.5681E-01  1.2075E-02  3.4473E-01
1.4480E+01  3.5672E-01  1.2023E-02  3.4469E-01
1.4500E+01  3.5663E-01  1.1971E-02  3.4466E-01
1.4520E+01  3.5654E-01  1.1919E-02  3.4462E-01
1.4540E+01  3.5645E-01  1.1868E-02  3.4458E-01
1.4560E+01  3.5635E-01  1.1817E-02  3.4454E-01
1.4580E+01  3.5627E-01  1.1767E-02  3.4450E-01
1.4600E+01  3.5618E-01  1.1717E-02  3.4446E-01
1.4620E+01  3.5609E-01  1.1667E-02  3.4442E-01
1.4640E+01  3.5600E-01  1.1618E-02  3.4438E-01
1.4660E+01  3.5591E-01  1.1569E-02  3.4434E-01
1.4680E+01  3.5582E-01  1.1521E-02  3.4430E-01
1.4700E+01  3.5574E-01  1.1473E-02  3.4426E-01
1.4720E+01  3.5565E-01  1.1425E-02  3.4422E-01
1.4740E+01  3.5556E-01  1.1378E-02  3.4418E-01
1.4760E+01  3.5548E-01  1.1330E-02  3.4415E-01
1.4780E+01  3.5539E-01  1.1284E-02  3.4411E-01
1.4800E+01  3.5530E-01  1.1237E-02  3.4407E-01
1.4820E+01  3.5522E-01  1.1191E-02  3.4403E-01
1.4840E+01  3.5513E-01  1.1145E-02  3.4399E-01
1.4860E+01  3.5505E-01  1.1100E-02  3.4395E-01
1.4880E+01  3.5496E-01  1.1054E-02  3.4391E-01
1.4900E+01  3.5488E-01  1.1009E-02  3.4387E-01
1.4920E+01  3.5480E-01  1.0965E-02  3.4383E-01
1.4940E+01  3.5471E-01  1.0920E-02  3.4379E-01
1.4960E+01  3.5463E-01  1.0876E-02  3.4375E-01
1.4980E+01  3.5455E-01  1.0832E-02  3.4371E-01
1.5000E+01  3.5446E-01  1.0788E-02  3.4368E-01
1.5020E+01  3.5438E-01  1.0745E-02  3.4364E-01
1.5040E+01  3.5430E-01  1.0702E-02  3.4360E-01
1.5060E+01  3.5422E-01  1.0659E-02  3.4356E-01
1.5080E+01  3.5414E-01  1.0616E-02  3.4352E-01
1.5100E+01  3.5405E-01  1.0574E-02  3.4348E-01
1.5120E+01  3.5397E-01  1.0532E-02  3.4344E-01
1.5140E+01  3.5389E-01  1.0490E-02  3.4340E-01
1.5160E+01  3.5381E-01  1.0449E-02  3.4336E-01
1.5180E+01  3.5373E-01  1.0408E-02  3.4332E-01
1.5200E+01  3.5365E-01  1.0367E-02  3.4329E-01
1.5220E+01  3.5357E-01  1.0326E-02  3.4325E-01
1.5240E+01  3.5349E-01  1.0285E-02  3.4321E-01
1.5260E+01  3.5341E-01  1.0245E-02  3.4317E-01
1.5280E+01  3.5333E-01  1.0205E-02  3.4313E-01
1.5300E+01  3.5326E-01  1.0165E-02  3.4309E-01
1.5320E+01  3.5318E-01  1.0126E-02  3.4305E-01
1.5340E+01  3.5310E-01  1.0087E-02  3.4301E-01
1.5360E+01  3.5302E-01  1.0047E-02  3.4297E-01
1.5380E+01  3.5294E-01  1.0008E-02  3.4293E-01
1.5400E+01  3.5287E-01  9.9697E-03  3.4290E-01
1.5420E+01  3.5279E-01  9.9312E-03  3.4286E-01
1.5440E+01  3.5271E-01  9.8929E-03  3.4282E-01
1.5460E+01  3.5263E-01  9.8548E-03  3.4278E-01
1.5480E+01  3.5256E-01  9.8168E-03  3.4274E-01
1.5500E+01  3.5248E-01  9.7791E-03  3.4270E-01
1.5520E+01  3.5240E-01  9.7415E-03  3.4266E-01
1.5540E+01  3.5233E-01  9.7041E-03  3.4262E-01
1.5560E+01  3.5225E-01  9.6669E-03  3.4258E-01
1.5580E+01  3.5218E-01  9.6298E-03  3.4255E-01
1.5600E+01  3.5210E-01  9.5930E-03  3.4251E-01
1.5620E+01  3.5202E-01  9.5562E-03  3.4247E-01
1.5640E+01  3.5195E-01  9.5197E-03  3.4243E-01
1.5660E+01  3.5187E-01  9.4833E-03  3.4239E-01
1.5680E+01  3.5180E-01  9.4471E-03  3.4235E-01
1.5700E+01  3.5172E-01  9.4110E-03  3.4231E-01
1.5720E+01  3.5165E-01  9.3751E-03  3.4227E-01
1.5740E+01  3.5158E-01  9.3393E-03  3.4224E-01
1.5760E+01  3.5150E-01  9.3037E-03  3.4220E-01
1.5780E+01  3.5143E-01  9.2682E-03  3.4216E-01
1.5800E+01  3.5135E-01  9.2329E-03  3.4212E-01
1.5820E+01  3.5128E-01  9.1977E-03  3.4208E-01
1.5840E+01  3.5120E-01  9.1626E-03  3.4204E-01
1.5860E+01  3.5113E-01  9.1277E-03  3.4200E-01
1.5880E+01  3.5106E-01  9.0929E-03  3.4196E-01
1.5900E+01  3.5098E-01  9.0583E-03  3.4193E-01
1.5920E+01  3.5091E-01  9.0238E-03  3.4189E-01
1.5940E+01  3.5084E-01  8.9894E-03  3.4185E-01
1.5960E+01  3.5077E-01  8.9551E-03  3.4181E-01
1.5980E+01  3.5069E-01  8.9209E-03  3.4177E-01
1.6000E+01  3.5062E-01  8.8869E-03  3.4173E-01
1.6020E+01  3.5055E-01  8.8530E-03  3.4169E-01
1.6040E+01  3.5047E-01  8.8192E-03  3.4166E-01
1.6060E+01  3.5040E-01  8.7855E-03  3.4162E-01
1.6080E+01  3.5033E-01  8.7519E-03  3.4158E-01
1.6100E+01  3.5026E-01  8.7185E-03  3.4154E-01
1.6120E+01  3.5019E-01  8.6851E-03  3.4150E-01
1.6140E+01  3.5011E-01  8.6519E-03  3.4146E-01
1.6160E+01  3.5004E-01  8.6188E-03  3.4142E-01
1.6180E+01  3.4997E-01  8.5858E-03  3.4139E-01
1.6200E+01  3.4990E-01  8.5529E-03  3.4135E-01
1.6220E+01  3.4983E-01  8.5200E-03  3.4131E-01
1.6240E+01  3.4976E-01  8.4873E-03  3.4127E-01
1.6260E+01  3.4969E-01  8.4547E-03  3.4123E-01
1.6280E+01  3.4962E-01  8.4222E-03  3.4119E-01
1.6300E+01  3.4954E-01  8.3898E-03  3.4115E-01
1.6320E+01  3.4947E-01  8.3575E-03  3.4112E-01
1.6340E+01  3.4940E-01  8.3253E-03  3.4108E-01
1.6360E+01  3.4933E-01  8.2931E-03  3.4104E-01
1.6380E+01  3.4926E-01  8.2611E-03  3.4100E-01
1.6400E+01  3.4919E-01  8.2292E-03  3.4096E-01
1.6420E+01  3.4912E-01  8.1974E-03  3.4092E-01
1.6440E+01  3.4905E-01  8.1656E-03  3.4089E-01
1.6460E+01  3.4898E-01  8.1340E-03  3.4085E-01
1.6480E+01  3.4891E-01  8.1025E-03  3.4081E-01
1.6500E+01  3.4884E-01  8.0710E-03  3.4077E-01
1.6520E+01  3.4877E-01  8.0396E-03  3.4073E-01
1.6540E+01  3.4870E-01  8.0084E-03  3.4069E-01
1.6560E+01  3.4863E-01  7.9772E-03  3.4066E-01
1.6580E+01  3.4856E-01  7.9461E-03  3.4062E-01
1.6600E+01  3.4849E-01  7.9150E-03  3.4058E-01
1.6620E+01  3.4842E-01  7.8841E-03  3.4054E-01
1.6640E+01  3.4836E-01  7.8532E-03  3.4050E-01
1.6660E+01  3.4829E-01  7.8225E-03  3.4046E-01
1.6680E+01  3.4822E-01  7.7918E-03  3.4043E-01
1.6700E+01  3.4815E-01  7.7612E-03  3.4039E-01
1.6720E+01  3.4808E-01  7.7306E-03  3.4035E-01
1.6740E+01  3.4801E-01  7.7002E-03  3.4031E-01
1.6760E+01  3.4794E-01  7.6698E-03  3.4027E-01
1.6780E+01  3.4787E-01  7.6395E-03  3.4023E-01
1.6800E+01  3.4780E-01  7.6093E-03  3.4020E-01
1.6820E+01  3.4774E-01  7.5791E-03  3.4016E-01
1.6840E+01  3.4767E-01  7.5490E-03  3.4012E-01
1.6860E+01  3.4760E-01  7.5190E-03  3.4008E-01
1.6880E+01  3.4753E-01  7.4891E-03  3.4004E-01
1.6900E+01  3.4746E-01  7.4592E-03  3.4000E-01
1.6920E+01  3.4740E-01  7.4296E-03  3.3997E-01
1.6940E+01  3.4733E-01  7.4002E-03  3.3993E-01
1.6960E+01  3.4726E-01  7.3710E-03  3.3989E-01
1.6980E+01  3.4719E-01  7.3421E-03  3.3985E-01
1.7000E+01  3.4713E-01  7.3134E-03  3.3981E-01
1.7020E+01  3.4706E-01  7.2850E-03  3.3978E-01
1.7040E+01  3.4699E-01  7.2567E-03  3.3974E-01
1.7060E+01  3.4693E-01  7.2287E-03  3.3970E-01
1.7080E+01  3.4686E-01  7.2008E-03  3.3966E-01
1.7100E+01  3.4680E-01  7.1732E-03  3.3962E-01
1.7120E+01  3.4673E-01  7.1458E-03  3.3958E-01
1.7140E+01  3.4667E-01  7.1185E-03  3.3955E-01
1.7160E+01  3.4660E-01  7.0914E-03  3.3951E-01
1.7180E+01  3.4653E-01  7.0646E-03  3.3947E-01
1.7200E+01  3.4647E-01  7.0379E-03  3.3943E-01
1.7220E+01  3.4641E-01  7.0113E-03  3.3939E-01
1.7240E+01  3.4634E-01  6.9850E-03  3.3936E-01
1.7260E+01  3.4628E-01  6.9588E-03  3.3932E-01
1.7280E+01  3.4621E-01  6.9328E-03  3.3928E-01
1.7300E+01  3.4615E-01  6.9069E-03  3.3924E-01
1.7320E+01  3.4609E-01  6.8812E-03  3.3920E-01
1.7340E+01  3.4602E-01  6.8557E-03  3.3917E-01
1.7360E+01  3.4596E-01  6.8303E-03  3.3913E-01
1.7380E+01  3.4590E-01  6.8051E-03  3.3909E-01
1.7400E+01  3.4583E-01  6.7800E-03  3.3905E-01
1.7420E+01  3.4577E-01  6.7550E-03  3.3901E-01
1.7440E+01  3.4571E-01  6.7303E-03  3.3898E-01
1.7460E+01  3.4564E-01  6.7056E-03  3.3894E-01
1.7480E+01  3.4558E-01  6.6811E-03  3.3890E-01
1.7500E+01  3.4552E-01  6.6568E-03  3.3886E-01
1.7520E+01  3.4546E-01  6.6325E-03  3.3882E-01
1.7540E+01  3.4539E-01  6.6084E-03  3.3879E-01
1.7560E+01  3.4533E-01  6.5845E-03  3.3875E-01
1.7580E+01  3.4527E-01  6.5606E-03  3.3871E-01
1.7600E+01  3.4521E-01  6.5369E-03  3.3867E-01
1.7620E+01  3.4515E-01  6.5133E-03  3.3863E-01
1.7640E+01  3.4509E-01  6.4898E-03  3.3860E-01
1.7660E+01  3.4503E-01  6.4665E-03  3.3856E-01
1.7680E+01  3.4496E-01  6.4432E-03  3.3852E-01
1.7700E+01  3.4490E-01  6.4201E-03  3.3848E-01
1.7720E+01  3.4484E-01  6.3970E-03  3.3845E-01
1.7740E+01  3.4478E-01  6.3741E-03  3.3841E-01
1.7760E+01  3.4472E-01  6.3513E-03  3.3837E-01
1.7780E+01  3.4466E-01  6.3286E-03  3.3833E-01
1.7800E+01  3.4460E-01  6.3060E-03  3.3829E-01
1.7820E+01  3.4454E-01  6.2835E-03  3.3826E-01
1.7840E+01  3.4448E-01  6.2611E-03  3.3822E-01
1.7860E+01  3.4442E-01  6.2387E-03  3.3818E-01
1.7880E+01  3.4436E-01  6.2165E-03  3.3814E-01
1.7900E+01  3.4430E-01  6.1944E-03  3.3811E-01
1.7920E+01  3.4424E-01  6.1724E-03  3.3807E-01
1.7940E+01  3.4418E-01  6.1504E-03  3.3803E-01
1.7960E+01  3.4412E-01  6.1286E-03  3.3799E-01
1.7980E+01  3.4406E-01  6.1068E-03  3.3795E-01
1.8000E+01  3.4400E-01  6.0852E-03  3.3792E-01
1.8020E+01  3.4394E-01  6.0637E-03  3.3788E-01
1.8040E+01  3.4388E-01  6.0423E-03  3.3784E-01
1.8060E+01  3.4382E-01  6.0210E-03  3.3780E-01
1.8080E+01  3.4377E-01  5.9998E-03  3.3777E-01
1.8100E+01  3.4371E-01  5.9788E-03  3.3773E-01
1.8120E+01  3.4365E-01  5.9579E-03  3.3769E-01
1.8140E+01  3.4359E-01  5.9372E-03  3.3765E-01
1.8160E+01  3.4353E-01  5.9166E-03  3.3762E-01
1.8180E+01  3.4347E-01  5.8960E-03  3.3758E-01
1.8200E+01  3.4342E-01  5.8757E-03  3.3754E-01
1.8220E+01  3.4336E-01  5.8554E-03  3.3750E-01
1.8240E+01  3.4330E-01  5.8352E-03  3.3746E-01
1.8260E+01  3.4324E-01  5.8152E-03  3.3743E-01
1.8280E+01  3.4318E-01  5.7952E-03  3.3739E-01
1.8300E+01  3.4313E-01  5.7754E-03  3.3735E-01
1.8320E+01  3.4307E-01  5.7557E-03  3.3731E-01
1.8340E+01  3.4301E-01  5.7361E-03  3.3728E-01
1.8360E+01  3.4296E-01  5.7166E-03  3.3724E-01
1.8380E+01  3.4290E-01  5.6973E-03  3.3720E-01
1.8400E+01  3.4284E-01  5.6781E-03  3.3716E-01
1.8420E+01  3.4279E-01  5.6590E-03  3.3713E-01
1.8440E+01  3.4273E-01  5.6400E-03  3.3709E-01
1.8460E+01  3.4267E-01  5.6211E-03  3.3705E-01
1.8480E+01  3.4262E-01  5.6024E-03  3.3701E-01
1.8500E+01  3.4256E-01  5.5837E-03  3.3698E-01
1.8520E+01  3.4250E-01  5.5652E-03  3.3694E-01
1.8540E+01  3.4245E-01  5.5467E-03  3.3690E-01
1.8560E+01  3.4239E-01  5.5284E-03  3.3686E-01
1.8580E+01  3.4234E-01  5.5102E-03  3.3683E-01
1.8600E+01  3.4228E-01  5.4920E-03  3.3679E-01
1.8620E+01  3.4223E-01  5.4740E-03  3.3675E-01
1.8640E+01  3.4217E-01  5.4561E-03  3.3671E-01
1.8660E+01  3.4212E-01  5.4382E-03  3.3668E-01
1.8680E+01  3.4206E-01  5.4205E-03  3.3664E-01
1.8700E+01  3.4200E-01  5.4028E-03  3.3660E-01
1.8720E+01  3.4195E-01  5.3852E-03  3.3656E-01
1.8740E+01  3.4190E-01  5.3678E-03  3.3653E-01
1.8760E+01  3.4184E-01  5.3504E-03  3.3649E-01
1.8780E+01  3.4179E-01  5.3331E-03  3.3645E-01
1.8800E+01  3.4173E-01  5.3158E-03  3.3642E-01
1.8820E+01  3.4168E-01  5.2987E-03  3.3638E-01
1.8840E+01  3.4162E-01  5.2816E-03  3.3634E-01
1.8860E+01  3.4157E-01  5.2647E-03  3.3630E-01
1.8880E+01  3.4151E-01  5.2478E-03  3.3627E-01
1.8900E+01  3.4146E-01  5.2309E-03  3.3623E-01
1.8920E+01  3.4141E-01  5.2142E-03  3.3619E-01
1.8940E+01  3.4135E-01  5.1975E-03  3.3615E-01
1.8960E+01  3.4130E-01  5.1809E-03  3.3612E-01
1.8980E+01  3.4124E-01  5.1645E-03  3.3608E-01
1.9000E+01  3.4119E-01  5.1481E-03  3.3604E-01
1.9020E+01  3.4114E-01  5.1318E-03  3.3600E-01
1.9040E+01  3.4108E-01  5.1155E-03  3.3597E-01
1.9060E+01  3.4103E-01  5.0994E-03  3.3593E-01
1.9080E+01  3.4098E-01  5.0833E-03  3.3589E-01
1.9100E+01  3.4092E-01  5.0673E-03  3.3586E-01
1.9120E+01  3.4087E-01  5.0514E-03  3.3582E-01
1.9140E+01  3.4082E-01  5.0356E-03  3.3578E-01
1.9160E+01  3.4076E-01  5.0199E-03  3.3574E-01
1.9180E+01  3.4071E-01  5.0042E-03  3.3571E-01
1.9200E+01  3.4066E-01  4.9886E-03  3.3567E-01
1.9220E+01  3.4061E-01  4.9730E-03  3.3563E-01
1.9240E+01  3.4055E-01  4.9576E-03  3.3560E-01
1.9260E+01  3.4050E-01  4.9422E-03  3.3556E-01
1.9280E+01  3.4045E-01  4.9269E-03  3.3552E-01
1.9300E+01  3.4040E-01  4.9116E-03  3.3548E-01
1.9320E+01  3.4034E-01  4.8964E-03  3.3545E-01
1.9340E+01  3.4029E-01  4.8813E-03  3.3541E-01
1.9360E+01  3.4024E-01  4.8662E-03  3.3537E-01
1.9380E+01  3.4019E-01  4.8512E-03  3.3534E-01
1.9400E+01  3.4013E-01  4.8363E-03  3.3530E-01
1.9420E+01  3.4008E-01  4.8214E-03  3.3526E-01
1.9440E+01  3.4003E-01  4.8066E-03  3.3522E-01
1.9460E+01  3.3998E-01  4.7918E-03  3.3519E-01
1.9480E+01  3.3993E-01  4.7771E-03  3.3515E-01
1.9500E+01  3.3988E-01  4.7625E-03  3.3511E-01
1.9520E+01  3.3982E-01  4.7479E-03  3.3508E-01
1.9540E+01  3.3977E-01  4.7333E-03  3.3504E-01
1.9560E+01  3.3972E-01  4.7189E-03  3.3500E-01
1.9580E+01  3.3967E-01  4.7044E-03  3.3496E-01
1.9600E+01  3.3962E-01  4.6901E-03  3.3493E-01
1.9620E+01  3.3957E-01  4.6757E-03  3.3489E-01
1.9640E+01  3.3952E-01  4.6615E-03  3.3485E-01
1.9660E+01  3.3946E-01  4.6472E-03  3.3482E-01
1.9680E+01  3.3941E-01  4.6331E-03  3.3478E-01
1.9700E+01  3.3936E-01  4.6189E-03  3.3474E-01
1.9720E+01  3.3931E-01  4.6049E-03  3.3471E-01
1.9740E+01  3.3926E-01  4.5909E-03  3.3467E-01
1.9760E+01  3.3921E-01  4.5769E-03  3.3463E-01
1.9780E+01  3.3916E-01  4.5629E-03  3.3460E-01
1.9800E+01  3.3911E-01  4.5491E-03  3.3456E-01
1.9820E+01  3.3906E-01  4.5352E-03  3.3452E-01
1.9840E+01  3.3901E-01  4.5214E-03  3.3448E-01
1.9860E+01  3.3896E-01  4.5077E-03  3.3445E-01
1.9880E+01  3.3890E-01  4.4940E-03  3.3441E-01
1.9900E+01  3.3885E-01  4.4803E-03  3.3437E-01
1.9920E+01  3.3880E-01  4.4667E-03  3.3434E-01
1.9940E+01  3.3875E-01  4.4531E-03  3.3430E-01
1.9960E+01  3.3870E-01  4.4396E-03  3.3426E-01
1.9980E+01  3.3865E-01  4.4261E-03  3.3423E-01
2.0000E+01  3.3860E-01  4.4126E-03  3.3419E-01
2.0200E+01  3.3810E-01  4.2801E-03  3.3382E-01
2.0400E+01  3.3761E-01  4.1511E-03  3.3345E-01
2.0600E+01  3.3711E-01  4.0252E-03  3.3309E-01
2.0800E+01  3.3663E-01  3.9022E-03  3.3272E-01
2.1000E+01  3.3614E-01  3.7820E-03  3.3236E-01
2.1200E+01  3.3566E-01  3.6641E-03  3.3199E-01
2.1400E+01  3.3518E-01  3.5498E-03  3.3163E-01
2.1600E+01  3.3471E-01  3.4420E-03  3.3127E-01
2.1800E+01  3.3425E-01  3.3399E-03  3.3091E-01
2.2000E+01  3.3379E-01  3.2427E-03  3.3055E-01
2.2200E+01  3.3334E-01  3.1497E-03  3.3019E-01
2.2400E+01  3.3289E-01  3.0603E-03  3.2983E-01
2.2600E+01  3.3245E-01  2.9740E-03  3.2947E-01
2.2800E+01  3.3201E-01  2.8910E-03  3.2912E-01
2.3000E+01  3.3157E-01  2.8119E-03  3.2876E-01
2.3200E+01  3.3114E-01  2.7363E-03  3.2840E-01
2.3400E+01  3.3071E-01  2.6643E-03  3.2805E-01
2.3600E+01  3.3029E-01  2.5953E-03  3.2770E-01
2.3800E+01  3.2987E-01  2.5290E-03  3.2734E-01
2.4000E+01  3.2946E-01  2.4652E-03  3.2699E-01
2.4200E+01  3.2904E-01  2.4040E-03  3.2664E-01
2.4400E+01  3.2863E-01  2.3449E-03  3.2629E-01
2.4600E+01  3.2823E-01  2.2877E-03  3.2594E-01
2.4800E+01  3.2782E-01  2.2322E-03  3.2559E-01
2.5000E+01  3.2742E-01  2.1781E-03  3.2524E-01
2.5200E+01  3.2702E-01  2.1255E-03  3.2490E-01
2.5400E+01  3.2662E-01  2.0740E-03  3.2455E-01
2.5600E+01  3.2623E-01  2.0236E-03  3.2420E-01
2.5800E+01  3.2583E-01  1.9742E-03  3.2386E-01
2.6000E+01  3.2544E-01  1.9258E-03  3.2351E-01
2.6200E+01  3.2505E-01  1.8782E-03  3.2317E-01
2.6400E+01  3.2466E-01  1.8315E-03  3.2283E-01
2.6600E+01  3.2427E-01  1.7855E-03  3.2249E-01
2.6800E+01  3.2389E-01  1.7403E-03  3.2215E-01
2.7000E+01  3.2350E-01  1.6971E-03  3.2181E-01
2.7200E+01  3.2312E-01  1.6558E-03  3.2147E-01
2.7400E+01  3.2274E-01  1.6164E-03  3.2113E-01
2.7600E+01  3.2237E-01  1.5785E-03  3.2079E-01
2.7800E+01  3.2199E-01  1.5420E-03  3.2045E-01
2.8000E+01  3.2162E-01  1.5067E-03  3.2012E-01
2.8200E+01  3.2125E-01  1.4725E-03  3.1978E-01
2.8400E+01  3.2089E-01  1.4393E-03  3.1945E-01
2.8600E+01  3.2052E-01  1.4070E-03  3.1911E-01
2.8800E+01  3.2015E-01  1.3759E-03  3.1878E-01
2.9000E+01  3.1979E-01  1.3460E-03  3.1845E-01
2.9200E+01  3.1943E-01  1.3172E-03  3.1811E-01
2.9400E+01  3.1907E-01  1.2895E-03  3.1778E-01
2.9600E+01  3.1872E-01  1.2627E-03  3.1745E-01
2.9800E+01  3.1836E-01  1.2368E-03  3.1712E-01
3.0000E+01  3.1801E-01  1.2116E-03  3.1679E-01
3.0200E+01  3.1765E-01  1.1873E-03  3.1647E-01
3.0400E+01  3.1730E-01  1.1637E-03  3.1614E-01
3.0600E+01  3.1695E-01  1.1408E-03  3.1581E-01
3.0800E+01  3.1660E-01  1.1185E-03  3.1549E-01
3.1000E+01  3.1626E-01  1.0967E-03  3.1516E-01
3.1200E+01  3.1591E-01  1.0755E-03  3.1484E-01
3.1400E+01  3.1557E-01  1.0547E-03  3.1451E-01
3.1600E+01  3.1522E-01  1.0343E-03  3.1419E-01
3.1800E+01  3.1488E-01  1.0143E-03  3.1387E-01
3.2000E+01  3.1454E-01  9.9465E-04  3.1355E-01
3.2200E+01  3.1420E-01  9.7533E-04  3.1323E-01
3.2400E+01  3.1386E-01  9.5630E-04  3.1290E-01
3.2600E+01  3.1352E-01  9.3756E-04  3.1259E-01
3.2800E+01  3.1319E-01  9.1911E-04  3.1227E-01
3.3000E+01  3.1285E-01  9.0092E-04  3.1195E-01
3.3200E+01  3.1251E-01  8.8299E-04  3.1163E-01
3.3400E+01  3.1218E-01  8.6528E-04  3.1131E-01
3.3600E+01  3.1185E-01  8.4779E-04  3.1100E-01
3.3800E+01  3.1151E-01  8.3065E-04  3.1068E-01
3.4000E+01  3.1118E-01  8.1419E-04  3.1037E-01
3.4200E+01  3.1085E-01  7.9832E-04  3.1006E-01
3.4400E+01  3.1052E-01  7.8300E-04  3.0974E-01
3.4600E+01  3.1020E-01  7.6816E-04  3.0943E-01
3.4800E+01  3.0987E-01  7.5376E-04  3.0912E-01
3.5000E+01  3.0955E-01  7.3976E-04  3.0881E-01
3.5200E+01  3.0922E-01  7.2611E-04  3.0850E-01
3.5400E+01  3.0890E-01  7.1280E-04  3.0819E-01
3.5600E+01  3.0858E-01  6.9978E-04  3.0788E-01
3.5800E+01  3.0826E-01  6.8704E-04  3.0757E-01
3.6000E+01  3.0794E-01  6.7462E-04  3.0726E-01
3.6200E+01  3.0762E-01  6.6256E-04  3.0695E-01
3.6400E+01  3.0730E-01  6.5086E-04  3.0665E-01
3.6600E+01  3.0698E-01  6.3948E-04  3.0634E-01
3.6800E+01  3.0667E-01  6.2841E-04  3.0604E-01
3.7000E+01  3.0635E-01  6.1762E-04  3.0573E-01
3.7200E+01  3.0604E-01  6.0709E-04  3.0543E-01
3.7400E+01  3.0572E-01  5.9681E-04  3.0513E-01
3.7600E+01  3.0541E-01  5.8676E-04  3.0482E-01
3.7800E+01  3.0510E-01  5.7692E-04  3.0452E-01
3.8000E+01  3.0479E-01  5.6733E-04  3.0422E-01
3.8200E+01  3.0448E-01  5.5797E-04  3.0392E-01
3.8400E+01  3.0417E-01  5.4882E-04  3.0362E-01
3.8600E+01  3.0386E-01  5.3987E-04  3.0332E-01
3.8800E+01  3.0355E-01  5.3111E-04  3.0302E-01
3.9000E+01  3.0325E-01  5.2252E-04  3.0272E-01
3.9200E+01  3.0294E-01  5.1410E-04  3.0243E-01
3.9400E+01  3.0264E-01  5.0583E-04  3.0213E-01
3.9600E+01  3.0233E-01  4.9771E-04  3.0183E-01
3.9800E+01  3.0203E-01  4.8973E-04  3.0154E-01
4.0000E+01  3.0173E-01  4.8189E-04  3.0124E-01
4.0200E+01  3.0142E-01  4.7417E-04  3.0095E-01
4.0400E+01  3.0112E-01  4.6658E-04  3.0066E-01
4.0600E+01  3.0082E-01  4.5910E-04  3.0036E-01
4.0800E+01  3.0052E-01  4.5173E-04  3.0007E-01
4.1000E+01  3.0023E-01  4.4448E-04  2.9978E-01
4.1200E+01  2.9993E-01  4.3733E-04  2.9949E-01
4.1400E+01  2.9963E-01  4.3030E-04  2.9920E-01
4.1600E+01  2.9933E-01  4.2337E-04  2.9891E-01
4.1800E+01  2.9904E-01  4.1654E-04  2.9862E-01
4.2000E+01  2.9874E-01  4.0980E-04  2.9833E-01
4.2200E+01  2.9845E-01  4.0316E-04  2.9804E-01
4.2400E+01  2.9815E-01  3.9662E-04  2.9776E-01
4.2600E+01  2.9786E-01  3.9029E-04  2.9747E-01
4.2800E+01  2.9757E-01  3.8420E-04  2.9718E-01
4.3000E+01  2.9728E-01  3.7833E-04  2.9690E-01
4.3200E+01  2.9699E-01  3.7266E-04  2.9661E-01
4.3400E+01  2.9670E-01  3.6714E-04  2.9633E-01
4.3600E+01  2.9641E-01  3.6171E-04  2.9605E-01
4.3800E+01  2.9612E-01  3.5644E-04  2.9576E-01
4.4000E+01  2.9583E-01  3.5130E-04  2.9548E-01
4.4200E+01  2.9555E-01  3.4631E-04  2.9520E-01
4.4400E+01  2.9526E-01  3.4143E-04  2.9492E-01
4.4600E+01  2.9497E-01  3.3668E-04  2.9464E-01
4.4800E+01  2.9469E-01  3.3204E-04  2.9436E-01
4.5000E+01  2.9441E-01  3.2750E-04  2.9408E-01
4.5200E+01  2.9412E-01  3.2308E-04  2.9380E-01
4.5400E+01  2.9384E-01  3.1878E-04  2.9352E-01
4.5600E+01  2.9356E-01  3.1460E-04  2.9324E-01
4.5800E+01  2.9328E-01  3.1052E-04  2.9297E-01
4.6000E+01  2.9300E-01  3.0639E-04  2.9269E-01
4.6200E+01  2.9272E-01  3.0220E-04  2.9241E-01
4.6400E+01  2.9244E-01  2.9808E-04  2.9214E-01
4.6600E+01  2.9216E-01  2.9404E-04  2.9186E-01
4.6800E+01  2.9188E-01  2.9007E-04  2.9159E-01
4.7000E+01  2.9160E-01  2.8617E-04  2.9132E-01
4.7200E+01  2.9132E-01  2.8233E-04  2.9104E-01
4.7400E+01  2.9105E-01  2.7855E-04  2.9077E-01
4.7600E+01  2.9077E-01  2.7484E-04  2.9050E-01
4.7800E+01  2.9050E-01  2.7119E-04  2.9023E-01
4.8000E+01  2.9022E-01  2.6759E-04  2.8996E-01
4.8200E+01  2.8995E-01  2.6405E-04  2.8969E-01
4.8400E+01  2.8968E-01  2.6056E-04  2.8942E-01
4.8600E+01  2.8940E-01  2.5713E-04  2.8915E-01
4.8800E+01  2.8913E-01  2.5374E-04  2.8888E-01
4.9000E+01  2.8886E-01  2.5041E-04  2.8861E-01
4.9200E+01  2.8859E-01  2.4712E-04  2.8834E-01
4.9400E+01  2.8832E-01  2.4388E-04  2.8808E-01
4.9600E+01  2.8805E-01  2.4068E-04  2.8781E-01
4.9800E+01  2.8778E-01  2.3752E-04  2.8754E-01
5.0000E+01  2.8751E-01  2.3440E-04  2.8728E-01
5.0200E+01  2.8725E-01  2.3133E-04  2.8701E-01
5.0400E+01  2.8698E-01  2.2830E-04  2.8675E-01
5.0600E+01  2.8671E-01  2.2530E-04  2.8649E-01
5.0800E+01  2.8645E-01  2.2234E-04  2.8622E-01
5.1000E+01  2.8618E-01  2.1942E-04  2.8596E-01
5.1200E+01  2.8591E-01  2.1653E-04  2.8570E-01
5.1400E+01  2.8565E-01  2.1368E-04  2.8544E-01
5.1600E+01  2.8539E-01  2.1087E-04  2.8518E-01
5.1800E+01  2.8512E-01  2.0809E-04  2.8492E-01
5.2000E+01  2.8486E-01  2.0534E-04  2.8466E-01
5.2200E+01  2.8460E-01  2.0263E-04  2.8440E-01
5.2400E+01  2.8434E-01  1.9996E-04  2.8414E-01
5.2600E+01  2.8408E-01  1.9731E-04  2.8388E-01
5.2800E+01  2.8382E-01  1.9470E-04  2.8362E-01
5.3000E+01  2.8356E-01  1.9212E-04  2.8336E-01
5.3200E+01  2.8330E-01  1.8957E-04  2.8311E-01
5.3400E+01  2.8304E-01  1.8706E-04  2.8285E-01
5.3600E+01  2.8278E-01  1.8463E-04  2.8260E-01
5.3800E+01  2.8252E-01  1.8228E-04  2.8234E-01
5.4000E+01  2.8227E-01  1.8000E-04  2.8209E-01
5.4200E+01  2.8201E-01  1.7778E-04  2.8183E-01
5.4400E+01  2.8175E-01  1.7563E-04  2.8158E-01
5.4600E+01  2.8150E-01  1.7354E-04  2.8132E-01
5.4800E+01  2.8124E-01  1.7150E-04  2.8107E-01
5.5000E+01  2.8099E-01  1.6952E-04  2.8082E-01
5.5200E+01  2.8074E-01  1.6758E-04  2.8057E-01
5.5400E+01  2.8048E-01  1.6570E-04  2.8032E-01
5.5600E+01  2.8023E-01  1.6386E-04  2.8007E-01
5.5800E+01  2.7998E-01  1.6207E-04  2.7982E-01
5.6000E+01  2.7973E-01  1.6031E-04  2.7957E-01
5.6200E+01  2.7948E-01  1.5860E-04  2.7932E-01
5.6400E+01  2.7923E-01  1.5693E-04  2.7907E-01
5.6600E+01  2.7898E-01  1.5530E-04  2.7882E-01
5.6800E+01  2.7873E-01  1.5370E-04  2.7857E-01
5.7000E+01  2.7848E-01  1.5210E-04  2.7833E-01
5.7200E+01  2.7823E-01  1.5046E-04  2.7808E-01
5.7400E+01  2.7798E-01  1.4886E-04  2.7783E-01
5.7600E+01  2.7774E-01  1.4729E-04  2.7759E-01
5.7800E+01  2.7749E-01  1.4575E-04  2.7734E-01
5.8000E+01  2.7724E-01  1.4425E-04  2.7710E-01
5.8200E+01  2.7700E-01  1.4277E-04  2.7685E-01
5.8400E+01  2.7675E-01  1.4132E-04  2.7661E-01
5.8600E+01  2.7651E-01  1.3990E-04  2.7637E-01
5.8800E+01  2.7626E-01  1.3850E-04  2.7613E-01
5.9000E+01  2.7602E-01  1.3713E-04  2.7588E-01
5.9200E+01  2.7578E-01  1.3579E-04  2.7564E-01
5.9400E+01  2.7553E-01  1.3446E-04  2.7540E-01
5.9600E+01  2.7529E-01  1.3316E-04  2.7516E-01
5.9800E+01  2.7505E-01  1.3182E-04  2.7492E-01
6.0000E+01  2.7481E-01  1.3047E-04  2.7468E-01