

 read inlist_project
                                         version_number        7623
 read photos1/x200
                 WARNING -- inlist initial_mass ignored    1.3999999999999999D+00
                       using saved initial_mass instead    1.9745851365986666D-01

 change to cno_extras.net
 number of species =          22
 new_rotation_flag = T
 net name cno_extras.net
 extra_terminal_output_file: log1
 do_element_diffusion T
 rotation_flag = T
                                               tau_base    2.5118800000000000D+01
                     which_atm_option: WD_tau_25_tables
 kappa_file_prefix gn93
 kappa_lowT_prefix lowT_fa05_gs98
   eos_file_prefix mesa
                                        OMP_NUM_THREADS           4


__________________________________________________________________________________________________________________________________________________

       step    lg_Tcntr    Teff       lg_LH     lg_Lnuc     Mass       H_rich     H_cntr     N_cntr     Y_surf     X_avg     eta_cntr  zones retry
   lg_dt_yr    lg_Dcntr    lg_R       lg_L3a    lg_Lneu     lg_Mdot    He_core    He_cntr    O_cntr     Z_surf     Y_avg     gam_cntr  iters bckup
     age_yr    lg_Pcntr    lg_L       lg_LZ     lg_Psurf    lg_Dsurf   C_core     C_cntr     Ne_cntr    Z_cntr     Z_avg     v_div_cs     dt_limit
__________________________________________________________________________________________________________________________________________________

 central hydrogen    1.0000002837084303E-099
save profile for model number        19200
save LOGS1/profile1.data for model 19200


                star               model                 age                mass             lg_mdot           (r-rl)/rl          last photo
                   1               19201     5.732400102E+09     1.974585137E-01    -9.900000000E+01    -9.569240161E-01        photos1/x200
      19201   7.320152  1.788E+04  -0.122995  -0.122994   0.197459   0.006186   0.000000   0.011795   0.135694   0.009810  22.955656   2781     40
   3.815254   5.130232  -1.131493 -27.576531  -1.318373 -99.000000   0.191273   0.980012   0.001635   0.004991   0.970072   1.442701      2      0
 5.7324E+09  21.045142  -0.299770  -6.490643   3.510653  -8.320833   0.000000   0.000103   0.002146  1.999E-02  2.012E-02  0.440E-10    varcontrol
                            surface ca40    1.0666716055704323D-05
                              surface h1        0.8593151130601269
              log_total_angular_momentum       46.6420425749614935

reduce dt because of varcontrol   19201
 star_1_spin_period/binary_period  0.26019058442093557       0.48840438990620111        1.8771024746847178     
 normal tolerance
 element diffusion on 
save LOGS1/profile2.data for model 19201
                star               model                 age                mass             lg_mdot           (r-rl)/rl          last photo
                   1               19202     5.732406287E+09     1.974585137E-01    -9.900000000E+01    -9.567672429E-01        photos1/x200
      19202   7.320127  1.790E+04  -0.111456  -0.111456   0.197459   0.006186   0.000000   0.011795   0.135815   0.009809  22.955636   2781     40
   3.791350   5.130193  -1.129915 -27.577813  -1.305921 -99.000000   0.191273   0.980012   0.001635   0.004995   0.970072   1.442740      2      0
 5.7324E+09  21.045077  -0.294471  -6.472789   3.512798  -8.325645   0.000000   0.000103   0.002146  1.999E-02  2.012E-02  0.465E-10    varcontrol
                            surface ca40    1.0680998181602081D-05
                              surface h1        0.8591900197410343
              log_total_angular_momentum       46.6420425749614935

reduce dt because of varcontrol   19202
 star_1_spin_period/binary_period  0.26192230043953768       0.49165499693448933        1.8771024693561109     
 normal tolerance
 element diffusion on 
save LOGS1/profile3.data for model 19202
                star               model                 age                mass             lg_mdot           (r-rl)/rl          last photo
                   1               19203     5.732412145E+09     1.974585137E-01    -9.900000000E+01    -9.566103117E-01        photos1/x200
      19203   7.320102  1.793E+04  -0.099875  -0.099875   0.197459   0.006186   0.000000   0.011795   0.135933   0.009809  22.955617   2781     40
   3.767755   5.130153  -1.128341 -27.579094  -1.293450 -99.000000   0.191273   0.980012   0.001635   0.005000   0.970073   1.442778      2      0
 5.7324E+09  21.045013  -0.289229  -6.454950   3.514896  -8.330420   0.000000   0.000103   0.002146  1.999E-02  2.012E-02  0.491E-10    varcontrol
                            surface ca40    1.0694994877011231D-05
                              surface h1        0.8590669790636882
              log_total_angular_momentum       46.6420425749614864

reduce dt because of varcontrol   19203
 star_1_spin_period/binary_period  0.26366334341071757       0.49492311166423059        1.8771024643090852     
 normal tolerance
 element diffusion on 
save LOGS1/profile4.data for model 19203
                star               model                 age                mass             lg_mdot           (r-rl)/rl          last photo
                   1               19204     5.732417698E+09     1.974585137E-01    -9.900000000E+01    -9.564532125E-01        photos1/x200
      19204   7.320078  1.795E+04  -0.088253  -0.088253   0.197459   0.006186   0.000000   0.011795   0.136049   0.009809  22.955596   2783     40
   3.744467   5.130114  -1.126772 -27.580374  -1.280958 -99.000000   0.191273   0.980012   0.001635   0.005005   0.970073   1.442817      2      0
 5.7324E+09  21.044949  -0.284045  -6.437128   3.516942  -8.335158   0.000000   0.000103   0.002146  1.999E-02  2.012E-02  0.518E-10    varcontrol
                            surface ca40    1.0708707975010244D-05
                              surface h1        0.8589460171091020
              log_total_angular_momentum       46.6420425749614793

reduce dt because of varcontrol   19204
 star_1_spin_period/binary_period  0.26540826075622698       0.49819849904386609        1.8771024595253762     
 normal tolerance
 element diffusion on 
save LOGS1/profile5.data for model 19204
                star               model                 age                mass             lg_mdot           (r-rl)/rl          last photo
                   1               19205     5.732422963E+09     1.974585137E-01    -9.900000000E+01    -9.562959597E-01        photos1/x200
      19205   7.320053  1.797E+04  -0.076587  -0.076587   0.197459   0.006186   0.000000   0.011795   0.136164   0.009809  22.955576   2783     40
   3.721434   5.130075  -1.125206 -27.581653  -1.268444 -99.000000   0.191273   0.980012   0.001635   0.005009   0.970073   1.442856      2      0
 5.7324E+09  21.044884  -0.278917  -6.419314   3.518941  -8.339859   0.000000   0.000103   0.002146  1.999E-02  2.012E-02  0.546E-10    varcontrol
                            surface ca40    1.0722141088001100D-05
                              surface h1        0.8588271355426192
              log_total_angular_momentum       46.6420425749614722

reduce dt because of varcontrol   19205
 star_1_spin_period/binary_period  0.26716535362585314       0.50149674117898191        1.8771024549885833     
 normal tolerance
 element diffusion on 
save LOGS1/profile6.data for model 19205
                star               model                 age                mass             lg_mdot           (r-rl)/rl          last photo
                   1               19206     5.732427960E+09     1.974585137E-01    -9.900000000E+01    -9.561385427E-01        photos1/x200
      19206   7.320028  1.799E+04  -0.064879  -0.064879   0.197459   0.006186   0.000000   0.011795   0.136276   0.009809  22.955556   2783     40
   3.698657   5.130036  -1.123645 -27.582931  -1.255907 -99.000000   0.191273   0.980012   0.001635   0.005014   0.970073   1.442895      2      0
 5.7324E+09  21.044820  -0.273848  -6.401512   3.520889  -8.344523   0.000000   0.000103   0.002146  1.999E-02  2.012E-02  0.575E-10    varcontrol
                            surface ca40    1.0735297800421804D-05
                              surface h1        0.8587103353387975
              log_total_angular_momentum       46.6420425749614722

reduce dt because of varcontrol   19206
 star_1_spin_period/binary_period  0.26893162623907174       0.50481221467963799        1.8771024506834157     
 normal tolerance
 element diffusion on 
save LOGS1/profile7.data for model 19206
                star               model                 age                mass             lg_mdot           (r-rl)/rl          last photo
                   1               19207     5.732432704E+09     1.974585137E-01    -9.900000000E+01    -9.559809778E-01        photos1/x200
      19207   7.320004  1.801E+04  -0.053126  -0.053126   0.197459   0.006186   0.000000   0.011795   0.136386   0.009808  22.955536   2783     40
   3.676151   5.129997  -1.122088 -27.584207  -1.243346 -99.000000   0.191273   0.980012   0.001635   0.005018   0.970074   1.442933      2      0
 5.7324E+09  21.044756  -0.268835  -6.383715   3.522790  -8.349150   0.000000   0.000103   0.002146  1.999E-02  2.012E-02  0.606E-10    varcontrol
                            surface ca40    1.0748176720795869D-05
                              surface h1        0.8585956691495138
              log_total_angular_momentum       46.6420425749614651

reduce dt because of varcontrol   19207
 star_1_spin_period/binary_period  0.27070678820090033       0.50814437444191951        1.8771024465954986     
 normal tolerance
 element diffusion on 
save LOGS1/profile8.data for model 19207
                star               model                 age                mass             lg_mdot           (r-rl)/rl          last photo
                   1               19208     5.732437211E+09     1.974585137E-01    -9.900000000E+01    -9.558232323E-01        photos1/x200
      19208   7.319979  1.803E+04  -0.041325  -0.041325   0.197459   0.006186   0.000000   0.011795   0.136495   0.009808  22.955515   2783     40
   3.653904   5.129957  -1.120534 -27.585483  -1.230756 -99.000000   0.191273   0.980012   0.001635   0.005022   0.970074   1.442972      2      0
 5.7324E+09  21.044692  -0.263880  -6.365916   3.524640  -8.353742   0.000000   0.000103   0.002146  1.999E-02  2.012E-02  0.638E-10    varcontrol
                            surface ca40    1.0760780952677357D-05
                              surface h1        0.8584831395928816
              log_total_angular_momentum       46.6420425749614580

reduce dt because of varcontrol   19208
 star_1_spin_period/binary_period  0.27248372455076986       0.51147986495339259        1.8771024427115548     
 normal tolerance
 element diffusion on 
save LOGS1/profile9.data for model 19208
                star               model                 age                mass             lg_mdot           (r-rl)/rl          last photo
                   1               19209     5.732441495E+09     1.974585137E-01    -9.900000000E+01    -9.556653195E-01        photos1/x200
      19209   7.319954  1.805E+04  -0.029449  -0.029448   0.197459   0.006186   0.000000   0.011795   0.136601   0.009808  22.955495   2782     40
   3.631894   5.129918  -1.118984 -27.586759  -1.218109 -99.000000   0.191273   0.980012   0.001635   0.005026   0.970074   1.443011      2      0
 5.7324E+09  21.044628  -0.258981  -6.348083   3.526441  -8.358298   0.000000   0.000103   0.002146  1.999E-02  2.012E-02  0.671E-10    varcontrol
                            surface ca40    1.0773114750996535D-05
                              surface h1        0.8583727344467519
              log_total_angular_momentum       46.6420425749614580

reduce dt because of varcontrol   19209
 star_1_spin_period/binary_period  0.27427471794595171       0.51484174201769972        1.8771024390193847     
 normal tolerance
 element diffusion on 
save LOGS1/profile10.data for model 19209
                star               model                 age                mass             lg_mdot           (r-rl)/rl          last photo
                   1               19210     5.732445570E+09     1.974585137E-01    -9.900000000E+01    -9.555072454E-01        photos1/x200

__________________________________________________________________________________________________________________________________________________

       step    lg_Tcntr    Teff       lg_LH     lg_Lnuc     Mass       H_rich     H_cntr     N_cntr     Y_surf     X_avg     eta_cntr  zones retry
   lg_dt_yr    lg_Dcntr    lg_R       lg_L3a    lg_Lneu     lg_Mdot    He_core    He_cntr    O_cntr     Z_surf     Y_avg     gam_cntr  iters bckup
     age_yr    lg_Pcntr    lg_L       lg_LZ     lg_Psurf    lg_Dsurf   C_core     C_cntr     Ne_cntr    Z_cntr     Z_avg     v_div_cs     dt_limit
__________________________________________________________________________________________________________________________________________________

      19210   7.319930  1.806E+04  -0.017535  -0.017535   0.197459   0.006186   0.000000   0.011795   0.136705   0.009808  22.955474   2783     40
   3.610111   5.129879  -1.117439 -27.588033  -1.205443 -99.000000   0.191273   0.980012   0.001635   0.005031   0.970074   1.443049      2      0
 5.7324E+09  21.044564  -0.254139  -6.330256   3.528193  -8.362820   0.000000   0.000103   0.002146  1.999E-02  2.012E-02  0.705E-10    varcontrol
                            surface ca40    1.0785184432601049D-05
                              surface h1        0.8582644182248028
              log_total_angular_momentum       46.6420425749614509

reduce dt because of varcontrol   19210
 star_1_spin_period/binary_period  0.27607215064884272       0.51821570635878866        1.8771024355076904     
 normal tolerance
 element diffusion on 
save LOGS1/profile11.data for model 19210
                star               model                 age                mass             lg_mdot           (r-rl)/rl          last photo
                   1               19211     5.732449448E+09     1.974585137E-01    -9.900000000E+01    -9.553489984E-01        photos1/x200
      19211   7.319905  1.808E+04  -0.005572  -0.005572   0.197459   0.006186   0.000000   0.011795   0.136807   0.009808  22.955452   2787     40
   3.588547   5.129840  -1.115897 -27.589307  -1.192747 -99.000000   0.191273   0.980012   0.001635   0.005035   0.970074   1.443088      2      0
 5.7324E+09  21.044500  -0.249355  -6.312423   3.529896  -8.367308   0.000000   0.000103   0.002146  1.999E-02  2.012E-02  0.741E-10    varcontrol
                            surface ca40    1.0796989368489547D-05
                              surface h1        0.8581582267798759
              log_total_angular_momentum       46.6420425749614438

reduce dt because of varcontrol   19211
 star_1_spin_period/binary_period  0.27788004008138939       0.52160929908714981        1.8771024321659573     
 normal tolerance
 element diffusion on 
save LOGS1/profile12.data for model 19211
                star               model                 age                mass             lg_mdot           (r-rl)/rl          last photo
                   1               19212     5.732453138E+09     1.974585137E-01    -9.900000000E+01    -9.551906045E-01        photos1/x200
      19212   7.319880  1.810E+04   0.006442   0.006443   0.197459   0.006186   0.000000   0.011795   0.136907   0.009807  22.955431   2785     40
   3.567135   5.129801  -1.114359 -27.590580  -1.180017 -99.000000   0.191273   0.980012   0.001635   0.005038   0.970075   1.443126      2      0
 5.7325E+09  21.044436  -0.244627  -6.294579   3.531550  -8.371759   0.000000   0.000103   0.002146  1.999E-02  2.012E-02  0.779E-10    varcontrol
                            surface ca40    1.0808536485018242D-05
                              surface h1        0.8580541119565358
              log_total_angular_momentum       46.6420425749614438

reduce dt because of varcontrol   19212
 star_1_spin_period/binary_period  0.27969746996215322       0.52502080024687414        1.8771024289848470     
 normal tolerance
 element diffusion on 
save LOGS1/profile13.data for model 19212
                star               model                 age                mass             lg_mdot           (r-rl)/rl          last photo
                   1               19213     5.732456653E+09     1.974585137E-01    -9.900000000E+01    -9.550320699E-01        photos1/x200
      19213   7.319856  1.812E+04   0.018516   0.018516   0.197459   0.006186   0.000000   0.011795   0.137006   0.009807  22.955409   2789     40
   3.545923   5.129762  -1.112825 -27.591853  -1.167245 -99.000000   0.191273   0.980012   0.001635   0.005042   0.970075   1.443165      2      0
 5.7325E+09  21.044372  -0.239958  -6.276714   3.533154  -8.376177   0.000000   0.000103   0.002146  1.999E-02  2.012E-02  0.818E-10    varcontrol
                            surface ca40    1.0819825966765064D-05
                              surface h1        0.8579520982824410
              log_total_angular_momentum       46.6420425749614367

reduce dt because of varcontrol   19213
 star_1_spin_period/binary_period  0.28151712719755395       0.52843648241047958        1.8771024259552445     
 normal tolerance
 element diffusion on 
save LOGS1/profile14.data for model 19213
                star               model                 age                mass             lg_mdot           (r-rl)/rl          last photo
                   1               19214     5.732460002E+09     1.974585137E-01    -9.900000000E+01    -9.548733883E-01        photos1/x200
      19214   7.319831  1.813E+04   0.030645   0.030645   0.197459   0.006186   0.000000   0.011795   0.137102   0.009807  22.955388   2787     40
   3.524909   5.129723  -1.111295 -27.593125  -1.154435 -99.000000   0.191273   0.980012   0.001635   0.005046   0.970075   1.443203      2      0
 5.7325E+09  21.044308  -0.235346  -6.258828   3.534707  -8.380560   0.000000   0.000103   0.002146  1.999E-02  2.012E-02  0.858E-10    varcontrol
                            surface ca40    1.0830861088045624D-05
                              surface h1        0.8578521763768759
              log_total_angular_momentum       46.6420425749614367

reduce dt because of varcontrol   19214
 star_1_spin_period/binary_period  0.28335048970625987       0.53187789080529846        1.8771024230686133     
 normal tolerance
 element diffusion on 
save LOGS1/profile15.data for model 19214
                star               model                 age                mass             lg_mdot           (r-rl)/rl          last photo
                   1               19215     5.732463194E+09     1.974585137E-01    -9.900000000E+01    -9.547145731E-01        photos1/x200
      19215   7.319806  1.815E+04   0.042838   0.042838   0.197459   0.006186   0.000000   0.011795   0.137196   0.009807  22.955366   2787     40
   3.504078   5.129684  -1.109770 -27.594398  -1.141577 -99.000000   0.191273   0.980012   0.001635   0.005050   0.970075   1.443242      2      0
 5.7325E+09  21.044244  -0.230792  -6.240912   3.536212  -8.384908   0.000000   0.000103   0.002146  1.999E-02  2.012E-02  0.901E-10    varcontrol
                            surface ca40    1.0841648714160164D-05
                              surface h1        0.8577542973789724
              log_total_angular_momentum       46.6420425749614296

reduce dt because of varcontrol   19215
 star_1_spin_period/binary_period  0.28519260884393544       0.53533573631748388        1.8771024203170461     
 normal tolerance
 element diffusion on 
save LOGS1/profile16.data for model 19215
                star               model                 age                mass             lg_mdot           (r-rl)/rl          last photo
                   1               19216     5.732466239E+09     1.974585137E-01    -9.900000000E+01    -9.545556054E-01        photos1/x200
      19216   7.319782  1.816E+04   0.055092   0.055092   0.197459   0.006186   0.000000   0.011795   0.137288   0.009807  22.955343   2788     40
   3.483471   5.129645  -1.108248 -27.595670  -1.128675 -99.000000   0.191273   0.980012   0.001635   0.005053   0.970075   1.443280      2      0
 5.7325E+09  21.044180  -0.226296  -6.222967   3.537667  -8.389226   0.000000   0.000103   0.002146  1.999E-02  2.012E-02  0.944E-10    varcontrol
                            surface ca40    1.0852187690949931D-05
                              surface h1        0.8576584973819936
              log_total_angular_momentum       46.6420425749614296

reduce dt because of varcontrol   19216
 star_1_spin_period/binary_period  0.28704351449379789       0.53881007503936640        1.8771024176928701     
 normal tolerance
 element diffusion on 
save LOGS1/profile17.data for model 19216
                star               model                 age                mass             lg_mdot           (r-rl)/rl          last photo
                   1               19217     5.732469143E+09     1.974585137E-01    -9.900000000E+01    -9.543964892E-01        photos1/x200
      19217   7.319757  1.818E+04   0.067412   0.067412   0.197459   0.006186   0.000000   0.011795   0.137379   0.009806  22.955321   2788     40
   3.463032   5.129605  -1.106730 -27.596942  -1.115722 -99.000000   0.191273   0.980012   0.001635   0.005057   0.970075   1.443319      2      0
 5.7325E+09  21.044116  -0.221858  -6.204984   3.539071  -8.393508   0.000000   0.000103   0.002146  1.999E-02  2.012E-02  0.990E-10    varcontrol
                            surface ca40    1.0862484620488547D-05
                              surface h1        0.8575647276518517
              log_total_angular_momentum       46.6420425749614225

reduce dt because of varcontrol   19217
 star_1_spin_period/binary_period  0.28889865778463159       0.54229236827245475        1.8771024151892159     
 normal tolerance
 element diffusion on 
save LOGS1/profile18.data for model 19217
                star               model                 age                mass             lg_mdot           (r-rl)/rl          last photo
                   1               19218     5.732471915E+09     1.974585137E-01    -9.900000000E+01    -9.542372417E-01        photos1/x200
      19218   7.319733  1.819E+04   0.079798   0.079799   0.197459   0.006186   0.000000   0.011795   0.137467   0.009806  22.955299   2788     40
   3.442748   5.129566  -1.105216 -27.598214  -1.102717 -99.000000   0.191273   0.980012   0.001635   0.005060   0.970076   1.443357      2      0
 5.7325E+09  21.044052  -0.217478  -6.186964   3.540425  -8.397759   0.000000   0.000103   0.002146  1.999E-02  2.012E-02  0.104E-09    varcontrol
                            surface ca40    1.0872543938241229D-05
                              surface h1        0.8574729609966079
              log_total_angular_momentum       46.6420425749614225

reduce dt because of varcontrol   19218
 star_1_spin_period/binary_period  0.29076528111674049       0.54579621074261697        1.8771024127997009     
 normal tolerance
 element diffusion on 
save LOGS1/profile19.data for model 19218
                star               model                 age                mass             lg_mdot           (r-rl)/rl          last photo
                   1               19219     5.732474561E+09     1.974585137E-01    -9.900000000E+01    -9.540778435E-01        photos1/x200
      19219   7.319708  1.821E+04   0.092253   0.092253   0.197459   0.006186   0.000000   0.011795   0.137553   0.009806  22.955276   2788     40
   3.422634   5.129527  -1.103706 -27.599487  -1.089661 -99.000000   0.191273   0.980012   0.001635   0.005063   0.970076   1.443396      2      0
 5.7325E+09  21.043988  -0.213156  -6.168902   3.541729  -8.401978   0.000000   0.000103   0.002146  1.999E-02  2.012E-02  0.109E-09    varcontrol
                            surface ca40    1.0882371370191884D-05
                              surface h1        0.8573831571723044
              log_total_angular_momentum       46.6420425749614154

reduce dt because of varcontrol   19219
 star_1_spin_period/binary_period  0.29264143142734800       0.54931793634977788        1.8771024105182217     
 normal tolerance
 element diffusion on 
save LOGS1/profile20.data for model 19219
                star               model                 age                mass             lg_mdot           (r-rl)/rl          last photo
                   1               19220     5.732477088E+09     1.974585137E-01    -9.900000000E+01    -9.539183234E-01        photos1/x200

__________________________________________________________________________________________________________________________________________________

       step    lg_Tcntr    Teff       lg_LH     lg_Lnuc     Mass       H_rich     H_cntr     N_cntr     Y_surf     X_avg     eta_cntr  zones retry
   lg_dt_yr    lg_Dcntr    lg_R       lg_L3a    lg_Lneu     lg_Mdot    He_core    He_cntr    O_cntr     Z_surf     Y_avg     gam_cntr  iters bckup
     age_yr    lg_Pcntr    lg_L       lg_LZ     lg_Psurf    lg_Dsurf   C_core     C_cntr     Ne_cntr    Z_cntr     Z_avg     v_div_cs     dt_limit
__________________________________________________________________________________________________________________________________________________

      19220   7.319683  1.822E+04   0.104784   0.104784   0.197459   0.006186   0.000000   0.011795   0.137638   0.009806  22.955253   2792     40
   3.402673   5.129488  -1.102200 -27.600761  -1.076542 -99.000000   0.191273   0.980012   0.001635   0.005067   0.970076   1.443434      2      0
 5.7325E+09  21.043924  -0.208895  -6.150786   3.542980  -8.406165   0.000000   0.000103   0.002146  1.999E-02  2.012E-02  0.114E-09    varcontrol
                            surface ca40    1.0891968522797325D-05
                              surface h1        0.8572953168271219
              log_total_angular_momentum       46.6420425749614083

reduce dt because of varcontrol   19220
 star_1_spin_period/binary_period  0.29452434606483924       0.55285235931281607        1.8771024083391266     
 normal tolerance
 element diffusion on 
save LOGS1/profile21.data for model 19220
                star               model                 age                mass             lg_mdot           (r-rl)/rl          last photo
                   1               19221     5.732479503E+09     1.974585137E-01    -9.900000000E+01    -9.537586901E-01        photos1/x200
      19221   7.319659  1.823E+04   0.117388   0.117389   0.197459   0.006186   0.000000   0.011795   0.137721   0.009806  22.955231   2790     40
   3.382808   5.129449  -1.100698 -27.602035  -1.063364 -99.000000   0.191273   0.980012   0.001635   0.005070   0.970076   1.443473      2      0
 5.7325E+09  21.043860  -0.204693  -6.132619   3.544180  -8.410321   0.000000   0.000103   0.002146  1.999E-02  2.012E-02  0.119E-09    varcontrol
                            surface ca40    1.0901340243361337D-05
                              surface h1        0.8572094044661656
              log_total_angular_momentum       46.6420425749614083

reduce dt because of varcontrol   19221
 star_1_spin_period/binary_period  0.29641388401739360       0.55639921493713973        1.8771024062573607     
 normal tolerance
 element diffusion on 
save LOGS1/profile22.data for model 19221
                star               model                 age                mass             lg_mdot           (r-rl)/rl          last photo
                   1               19222     5.732481810E+09     1.974585137E-01    -9.900000000E+01    -9.535989657E-01        photos1/x200
      19222   7.319634  1.824E+04   0.130067   0.130067   0.197459   0.006186   0.000000   0.011795   0.137802   0.009806  22.955208   2790     40
   3.363084   5.129410  -1.099200 -27.603310  -1.050126 -99.000000   0.191273   0.980012   0.001635   0.005073   0.970076   1.443511      2      0
 5.7325E+09  21.043796  -0.200552  -6.114399   3.545328  -8.414444   0.000000   0.000103   0.002146  1.999E-02  2.012E-02  0.125E-09    varcontrol
                            surface ca40    1.0910489391878509D-05
                              surface h1        0.8571254065541355
              log_total_angular_momentum       46.6420425749614012

reduce dt because of varcontrol   19222
 star_1_spin_period/binary_period  0.29831562124986427       0.55996896987880018        1.8771024042679259     
 normal tolerance
 element diffusion on 
save LOGS1/profile23.data for model 19222
                star               model                 age                mass             lg_mdot           (r-rl)/rl          last photo
                   1               19223     5.732484016E+09     1.974585137E-01    -9.900000000E+01    -9.534391314E-01        photos1/x200
      19223   7.319609  1.825E+04   0.142822   0.142822   0.197459   0.006186   0.000000   0.011795   0.137881   0.009805  22.955184   2793     40
   3.343543   5.129370  -1.097707 -27.604586  -1.036826 -99.000000   0.191273   0.980012   0.001635   0.005076   0.970076   1.443550      2      0
 5.7325E+09  21.043732  -0.196471  -6.096123   3.546424  -8.418538   0.000000   0.000103   0.002146  1.999E-02  2.012E-02  0.130E-09    varcontrol
                            surface ca40    1.0919420059045322D-05
                              surface h1        0.8570432970512968
              log_total_angular_momentum       46.6420425749614012

reduce dt because of varcontrol   19223
 star_1_spin_period/binary_period  0.30022198430944597       0.56354740799032710        1.8771024023659282     
 normal tolerance
 element diffusion on 
save LOGS1/profile24.data for model 19223
                star               model                 age                mass             lg_mdot           (r-rl)/rl          last photo
                   1               19224     5.732486125E+09     1.974585137E-01    -9.900000000E+01    -9.532792067E-01        photos1/x200
      19224   7.319585  1.827E+04   0.155664   0.155664   0.197459   0.006186   0.000000   0.011795   0.137958   0.009805  22.955161   2793     40
   3.324104   5.129331  -1.096218 -27.605863  -1.023453 -99.000000   0.191273   0.980012   0.001635   0.005079   0.970077   1.443588      2      0
 5.7325E+09  21.043667  -0.192454  -6.077777   3.547465  -8.422601   0.000000   0.000103   0.002146  1.999E-02  2.012E-02  0.136E-09    varcontrol
                            surface ca40    1.0928135856219969D-05
                              surface h1        0.8569630518800919
              log_total_angular_momentum       46.6420425749613941

reduce dt because of varcontrol   19224
 star_1_spin_period/binary_period  0.30213716230158610       0.56714239265079502        1.8771024005470969     
 normal tolerance
 element diffusion on 
save LOGS1/profile25.data for model 19224
                star               model                 age                mass             lg_mdot           (r-rl)/rl          last photo
                   1               19225     5.732488142E+09     1.974585137E-01    -9.900000000E+01    -9.531192232E-01        photos1/x200
      19225   7.319560  1.828E+04   0.168593   0.168594   0.197459   0.006186   0.000000   0.011795   0.138034   0.009805  22.955137   2793     40
   3.304762   5.129292  -1.094733 -27.607142  -1.010004 -99.000000   0.191273   0.980012   0.001635   0.005082   0.970077   1.443627      2      0
 5.7325E+09  21.043603  -0.188498  -6.059355   3.548454  -8.426632   0.000000   0.000103   0.002146  1.999E-02  2.012E-02  0.143E-09    varcontrol
                            surface ca40    1.0936642565696483D-05
                              surface h1        0.8568846239261131
              log_total_angular_momentum       46.6420425749613941

reduce dt because of varcontrol   19225
 star_1_spin_period/binary_period  0.30406160542169192       0.57075476892228716        1.8771023988074005     
 normal tolerance
 element diffusion on 
save LOGS1/profile26.data for model 19225
                star               model                 age                mass             lg_mdot           (r-rl)/rl          last photo
                   1               19226     5.732490072E+09     1.974585137E-01    -9.900000000E+01    -9.529591652E-01        photos1/x200
      19226   7.319535  1.829E+04   0.181608   0.181609   0.197459   0.006186   0.000000   0.011795   0.138107   0.009805  22.955114   2793     40
   3.285571   5.129252  -1.093253 -27.608422  -0.996483 -99.000000   0.191273   0.980012   0.001635   0.005085   0.970077   1.443666      2      0
 5.7325E+09  21.043538  -0.184606  -6.040864   3.549387  -8.430635   0.000000   0.000103   0.002146  1.999E-02  2.012E-02  0.149E-09    varcontrol
                            surface ca40    1.0944941639942278D-05
                              surface h1        0.8568080121454119
              log_total_angular_momentum       46.6420425749613869

reduce dt because of varcontrol   19226
 star_1_spin_period/binary_period  0.30599523998382527       0.57438439848793188        1.8771023971428231     
 normal tolerance
 element diffusion on 
save LOGS1/profile27.data for model 19226
                star               model                 age                mass             lg_mdot           (r-rl)/rl          last photo
                   1               19227     5.732491919E+09     1.974585137E-01    -9.900000000E+01    -9.527990314E-01        photos1/x200
      19227   7.319510  1.829E+04   0.194721   0.194721   0.197459   0.006186   0.000000   0.011795   0.138179   0.009805  22.955090   2793     40
   3.266511   5.129213  -1.091777 -27.609705  -0.982877 -99.000000   0.191273   0.980012   0.001635   0.005087   0.970077   1.443705      2      0
 5.7325E+09  21.043474  -0.180778  -6.022284   3.550266  -8.434607   0.000000   0.000103   0.002146  1.999E-02  2.012E-02  0.156E-09    varcontrol
                            surface ca40    1.0953036613167266D-05
                              surface h1        0.8567331925669790
              log_total_angular_momentum       46.6420425749613869

reduce dt because of varcontrol   19227
 star_1_spin_period/binary_period  0.30793133796171623       0.57801865215274217        1.8771023955496362     
 normal tolerance
 element diffusion on 
save LOGS1/profile28.data for model 19227
                star               model                 age                mass             lg_mdot           (r-rl)/rl          last photo
                   1               19228     5.732493687E+09     1.974585137E-01    -9.900000000E+01    -9.526388543E-01        photos1/x200
      19228   7.319485  1.830E+04   0.207932   0.207932   0.197459   0.006186   0.000000   0.011795   0.138250   0.009805  22.955066   2793     40
   3.247556   5.129173  -1.090306 -27.610989  -0.969186 -99.000000   0.191273   0.980012   0.001635   0.005090   0.970077   1.443743      2      0
 5.7325E+09  21.043409  -0.177015  -6.003616   3.551089  -8.438551   0.000000   0.000103   0.002146  1.999E-02  2.012E-02  0.162E-09    varcontrol
                            surface ca40    1.0960931902419502D-05
                              surface h1        0.8566601309742530
              log_total_angular_momentum       46.6420425749613798

reduce dt because of varcontrol   19228
 star_1_spin_period/binary_period  0.30987730159616228       0.58167142467997990        1.8771023940244087     
 normal tolerance
 element diffusion on 
save LOGS1/profile29.data for model 19228
                star               model                 age                mass             lg_mdot           (r-rl)/rl          last photo
                   1               19229     5.732495381E+09     1.974585137E-01    -9.900000000E+01    -9.524786324E-01        photos1/x200
      19229   7.319461  1.831E+04   0.221248   0.221248   0.197459   0.006186   0.000000   0.011795   0.138319   0.009805  22.955042   2796     40
   3.228713   5.129134  -1.088839 -27.612275  -0.955402 -99.000000   0.191273   0.980012   0.001635   0.005093   0.970077   1.443782      2      0
 5.7325E+09  21.043344  -0.173316  -5.984850   3.551856  -8.442465   0.000000   0.000103   0.002146  1.999E-02  2.012E-02  0.170E-09    varcontrol
                            surface ca40    1.0968635234704703D-05
                              surface h1        0.8565887585639301
              log_total_angular_momentum       46.6420425749613798

reduce dt because of varcontrol   19229
 star_1_spin_period/binary_period  0.31183247970394012       0.58534149373138877        1.8771023925638646     
 normal tolerance
 element diffusion on 
save LOGS1/profile30.data for model 19229
                star               model                 age                mass             lg_mdot           (r-rl)/rl          last photo
                   1               19230     5.732497002E+09     1.974585137E-01    -9.900000000E+01    -9.523183896E-01        photos1/x200

__________________________________________________________________________________________________________________________________________________

       step    lg_Tcntr    Teff       lg_LH     lg_Lnuc     Mass       H_rich     H_cntr     N_cntr     Y_surf     X_avg     eta_cntr  zones retry
   lg_dt_yr    lg_Dcntr    lg_R       lg_L3a    lg_Lneu     lg_Mdot    He_core    He_cntr    O_cntr     Z_surf     Y_avg     gam_cntr  iters bckup
     age_yr    lg_Pcntr    lg_L       lg_LZ     lg_Psurf    lg_Dsurf   C_core     C_cntr     Ne_cntr    Z_cntr     Z_avg     v_div_cs     dt_limit
__________________________________________________________________________________________________________________________________________________

      19230   7.319436  1.832E+04   0.234669   0.234670   0.197459   0.006186   0.000000   0.011795   0.138386   0.009804  22.955018   2796     40
   3.209933   5.129094  -1.087377 -27.613564  -0.941524 -99.000000   0.191273   0.980012   0.001635   0.005095   0.970077   1.443821      2      0
 5.7325E+09  21.043279  -0.169685  -5.965984   3.552565  -8.446349   0.000000   0.000103   0.002146  1.999E-02  2.012E-02  0.177E-09    varcontrol
                            surface ca40    1.0976146725728416D-05
                              surface h1        0.8565190840823768
              log_total_angular_momentum       46.6420425749613798

reduce dt because of varcontrol   19230
 star_1_spin_period/binary_period  0.31379668067707772       0.58902849963860182        1.8771023911650613     
 normal tolerance
 element diffusion on 
save LOGS1/profile31.data for model 19230
                star               model                 age                mass             lg_mdot           (r-rl)/rl          last photo
                   1               19231     5.732498555E+09     1.974585137E-01    -9.900000000E+01    -9.521581503E-01        photos1/x200
      19231   7.319411  1.833E+04   0.248202   0.248202   0.197459   0.006186   0.000000   0.011795   0.138451   0.009804  22.954994   2796     40
   3.191221   5.129054  -1.085920 -27.614856  -0.927546 -99.000000   0.191273   0.980012   0.001635   0.005098   0.970078   1.443860      2      0
 5.7325E+09  21.043214  -0.166121  -5.947009   3.553217  -8.450204   0.000000   0.000103   0.002146  1.999E-02  2.012E-02  0.185E-09    varcontrol
                            surface ca40    1.0983468769702043D-05
                              surface h1        0.8564510925649174
              log_total_angular_momentum       46.6420425749613727

reduce dt because of varcontrol   19231
 star_1_spin_period/binary_period  0.31576503614145379       0.59272330396435524        1.8771023898251735     
 normal tolerance
 element diffusion on 
save LOGS1/profile32.data for model 19231
                star               model                 age                mass             lg_mdot           (r-rl)/rl          last photo
                   1               19232     5.732500044E+09     1.974585137E-01    -9.900000000E+01    -9.519979132E-01        photos1/x200
      19232   7.319386  1.833E+04   0.261852   0.261853   0.197459   0.006186   0.000000   0.011795   0.138515   0.009804  22.954969   2796     40
   3.172627   5.129015  -1.084468 -27.616151  -0.913462 -99.000000   0.191273   0.980012   0.001635   0.005100   0.970078   1.443899      2      0
 5.7325E+09  21.043149  -0.162626  -5.927917   3.553810  -8.454033   0.000000   0.000103   0.002146  1.999E-02  2.012E-02  0.193E-09    varcontrol
                            surface ca40    1.0990604323590423D-05
                              surface h1        0.8563847638186624
              log_total_angular_momentum       46.6420425749613727

reduce dt because of varcontrol   19232
 star_1_spin_period/binary_period  0.31774006078956463       0.59643062704337180        1.8771023885413700     
 normal tolerance
 element diffusion on 
save LOGS1/profile33.data for model 19232
                star               model                 age                mass             lg_mdot           (r-rl)/rl          last photo
                   1               19233     5.732501470E+09     1.974585137E-01    -9.900000000E+01    -9.518376843E-01        photos1/x200
      19233   7.319360  1.834E+04   0.275624   0.275624   0.197459   0.006186   0.000000   0.011795   0.138577   0.009804  22.954944   2798     40
   3.154134   5.128975  -1.083021 -27.617449  -0.899269 -99.000000   0.191273   0.980012   0.001635   0.005102   0.970078   1.443939      2      0
 5.7325E+09  21.043084  -0.159200  -5.908701   3.554343  -8.457836   0.000000   0.000103   0.002146  1.999E-02  2.012E-02  0.201E-09    varcontrol
                            surface ca40    1.0997559961053544D-05
                              surface h1        0.8563200393575067
              log_total_angular_momentum       46.6420425749613656

reduce dt because of varcontrol   19233
 star_1_spin_period/binary_period  0.31972648056859360       0.60015933996185666        1.8771023873110175     
 normal tolerance
 element diffusion on 
save LOGS1/profile34.data for model 19233
                star               model                 age                mass             lg_mdot           (r-rl)/rl          last photo
                   1               19234     5.732502836E+09     1.974585137E-01    -9.900000000E+01    -9.516774791E-01        photos1/x200
      19234   7.319335  1.834E+04   0.289523   0.289523   0.197459   0.006186   0.000000   0.011795   0.138638   0.009804  22.954920   2798     40
   3.135687   5.128935  -1.081578 -27.618750  -0.884959 -99.000000   0.191273   0.980012   0.001635   0.005105   0.970078   1.443978      2      0
 5.7325E+09  21.043018  -0.155845  -5.889354   3.554816  -8.461607   0.000000   0.000103   0.002146  1.999E-02  2.012E-02  0.210E-09    varcontrol
                            surface ca40    1.1004339007443658D-05
                              surface h1        0.8562568928669904
              log_total_angular_momentum       46.6420425749613656

reduce dt because of varcontrol   19234
 star_1_spin_period/binary_period  0.32171795658080699       0.60389754395926953        1.8771023861317684     
 normal tolerance
 element diffusion on 
save LOGS1/profile35.data for model 19234
                star               model                 age                mass             lg_mdot           (r-rl)/rl          last photo
                   1               19235     5.732504146E+09     1.974585137E-01    -9.900000000E+01    -9.515173343E-01        photos1/x200
      19235   7.319310  1.835E+04   0.303552   0.303553   0.197459   0.006186   0.000000   0.011795   0.138698   0.009804  22.954895   2798     40
   3.117284   5.128894  -1.080142 -27.620055  -0.870528 -99.000000   0.191273   0.980012   0.001635   0.005107   0.970078   1.444017      2      0
 5.7325E+09  21.042952  -0.152563  -5.869869   3.555226  -8.465356   0.000000   0.000103   0.002146  1.999E-02  2.012E-02  0.219E-09    varcontrol
                            surface ca40    1.1010941933149795D-05
                              surface h1        0.8561953276500781
              log_total_angular_momentum       46.6420425749613585

reduce dt because of varcontrol   19235
 star_1_spin_period/binary_period  0.32371573068619558       0.60764757013352289        1.8771023850013822     
 normal tolerance
 element diffusion on 
save LOGS1/profile36.data for model 19235
                star               model                 age                mass             lg_mdot           (r-rl)/rl          last photo
                   1               19236     5.732505402E+09     1.974585137E-01    -9.900000000E+01    -9.513572595E-01        photos1/x200
      19236   7.319285  1.835E+04   0.317720   0.317720   0.197459   0.006186   0.000000   0.011795   0.138755   0.009804  22.954869   2803     40
   3.098972   5.128854  -1.078710 -27.621364  -0.855971 -99.000000   0.191273   0.980012   0.001635   0.005109   0.970078   1.444057      2      0
 5.7325E+09  21.042886  -0.149353  -5.850237   3.555575  -8.469077   0.000000   0.000103   0.002146  1.999E-02  2.012E-02  0.228E-09    varcontrol
                            surface ca40    1.1017372028011089D-05
                              surface h1        0.8561353182765992
              log_total_angular_momentum       46.6420425749613585

reduce dt because of varcontrol   19236
 star_1_spin_period/binary_period  0.32571946019212106       0.61140877521498560        1.8771023839176042     
 normal tolerance
 element diffusion on 
save LOGS1/profile37.data for model 19236
                star               model                 age                mass             lg_mdot           (r-rl)/rl          last photo
                   1               19237     5.732506606E+09     1.974585137E-01    -9.900000000E+01    -9.511972689E-01        photos1/x200
      19237   7.319259  1.835E+04   0.332030   0.332031   0.197459   0.006186   0.000000   0.011795   0.138812   0.009803  22.954844   2800     40
   3.080678   5.128814  -1.077284 -27.622678  -0.841280 -99.000000   0.191273   0.980012   0.001635   0.005111   0.970078   1.444097      2      0
 5.7325E+09  21.042820  -0.146219  -5.830450   3.555859  -8.472771   0.000000   0.000103   0.002146  1.999E-02  2.012E-02  0.237E-09    varcontrol
                            surface ca40    1.1023633645774620D-05
                              surface h1        0.8560768266057925
              log_total_angular_momentum       46.6420425749613514

reduce dt because of varcontrol   19237
 star_1_spin_period/binary_period  0.32773125346556675       0.61518511682396404        1.8771023828784725     
 normal tolerance
 element diffusion on 
save LOGS1/profile38.data for model 19237
                star               model                 age                mass             lg_mdot           (r-rl)/rl          last photo
                   1               19238     5.732507761E+09     1.974585137E-01    -9.900000000E+01    -9.510374051E-01        photos1/x200
      19238   7.319234  1.836E+04   0.346494   0.346495   0.197459   0.006186   0.000000   0.011795   0.138867   0.009803  22.954819   2802     40
   3.062443   5.128773  -1.075864 -27.623996  -0.826446 -99.000000   0.191273   0.980012   0.001635   0.005113   0.970079   1.444137      2      0
 5.7325E+09  21.042754  -0.143160  -5.810495   3.556080  -8.476439   0.000000   0.000103   0.002146  1.999E-02  2.012E-02  0.247E-09    varcontrol
                            surface ca40    1.1029731263975147D-05
                              surface h1        0.8560198138452260
              log_total_angular_momentum       46.6420425749613514

reduce dt because of varcontrol   19238
 star_1_spin_period/binary_period  0.32974650757657492       0.61896795478926336        1.8771023818820110     
 normal tolerance
 element diffusion on 
save LOGS1/profile39.data for model 19238
                star               model                 age                mass             lg_mdot           (r-rl)/rl          last photo
                   1               19239     5.732508868E+09     1.974585137E-01    -9.900000000E+01    -9.508776624E-01        photos1/x200
      19239   7.319208  1.836E+04   0.361119   0.361119   0.197459   0.006186   0.000000   0.011795   0.138920   0.009803  22.954793   2801     40
   3.044304   5.128732  -1.074449 -27.625319  -0.811461 -99.000000   0.191273   0.980012   0.001635   0.005115   0.970079   1.444177      2      0
 5.7325E+09  21.042687  -0.140180  -5.790361   3.556233  -8.480083   0.000000   0.000103   0.002146  1.999E-02  2.012E-02  0.258E-09    varcontrol
                            surface ca40    1.1035664952670636D-05
                              surface h1        0.8559642872295748
              log_total_angular_momentum       46.6420425749613443

reduce dt because of varcontrol   19239
 star_1_spin_period/binary_period  0.33176923435214900       0.62276481972050002        1.8771023809262564     
 normal tolerance
 element diffusion on 
save LOGS1/profile40.data for model 19239
                star               model                 age                mass             lg_mdot           (r-rl)/rl          last photo
                   1               19240     5.732509931E+09     1.974585137E-01    -9.900000000E+01    -9.507180511E-01        photos1/x200

__________________________________________________________________________________________________________________________________________________

       step    lg_Tcntr    Teff       lg_LH     lg_Lnuc     Mass       H_rich     H_cntr     N_cntr     Y_surf     X_avg     eta_cntr  zones retry
   lg_dt_yr    lg_Dcntr    lg_R       lg_L3a    lg_Lneu     lg_Mdot    He_core    He_cntr    O_cntr     Z_surf     Y_avg     gam_cntr  iters bckup
     age_yr    lg_Pcntr    lg_L       lg_LZ     lg_Psurf    lg_Dsurf   C_core     C_cntr     Ne_cntr    Z_cntr     Z_avg     v_div_cs     dt_limit
__________________________________________________________________________________________________________________________________________________

      19240   7.319182  1.836E+04   0.375910   0.375910   0.197459   0.006186   0.000000   0.011795   0.138972   0.009803  22.954767   2802     40
   3.026214   5.128691  -1.073040 -27.626647  -0.796320 -99.000000   0.191273   0.980012   0.001635   0.005117   0.970079   1.444217      2      0
 5.7325E+09  21.042620  -0.137279  -5.770040   3.556318  -8.483702   0.000000   0.000103   0.002146  1.999E-02  2.012E-02  0.268E-09    varcontrol
                            surface ca40    1.1041440766947065D-05
                              surface h1        0.8559101908584683
              log_total_angular_momentum       46.6420425749613443

reduce dt because of varcontrol   19240
 star_1_spin_period/binary_period  0.33380043510554430       0.62657759118480427        1.8771023800094413     
 normal tolerance
 element diffusion on 
save LOGS1/profile41.data for model 19240
                star               model                 age                mass             lg_mdot           (r-rl)/rl          last photo
                   1               19241     5.732510950E+09     1.974585137E-01    -9.900000000E+01    -9.505585992E-01        photos1/x200
      19241   7.319157  1.836E+04   0.390880   0.390881   0.197459   0.006186   0.000000   0.011795   0.139023   0.009803  22.954741   2803     40
   3.008154   5.128650  -1.071637 -27.627982  -0.781008 -99.000000   0.191273   0.980012   0.001635   0.005119   0.970079   1.444257      2      0
 5.7325E+09  21.042553  -0.134459  -5.749516   3.556335  -8.487297   0.000000   0.000103   0.002146  1.999E-02  2.012E-02  0.279E-09    varcontrol
                            surface ca40    1.1047059138142330D-05
                              surface h1        0.8558575267270204
              log_total_angular_momentum       46.6420425749613443

reduce dt because of varcontrol   19241
 star_1_spin_period/binary_period  0.33583189584731898       0.63039085068271339        1.8771023791299182     
 normal tolerance
 element diffusion on 
save LOGS1/profile42.data for model 19241
                star               model                 age                mass             lg_mdot           (r-rl)/rl          last photo
                   1               19242     5.732511927E+09     1.974585137E-01    -9.900000000E+01    -9.503993409E-01        photos1/x200
      19242   7.319131  1.836E+04   0.406034   0.406035   0.197459   0.006186   0.000000   0.011795   0.139073   0.009803  22.954715   2803     40
   2.990096   5.128609  -1.070241 -27.629322  -0.765522 -99.000000   0.191273   0.980012   0.001635   0.005121   0.970079   1.444298      2      0
 5.7325E+09  21.042485  -0.131721  -5.728781   3.556282  -8.490869   0.000000   0.000103   0.002146  1.999E-02  2.012E-02  0.291E-09    varcontrol
                            surface ca40    1.1052523226178289D-05
                              surface h1        0.8558062679806994
              log_total_angular_momentum       46.6420425749613372

reduce dt because of varcontrol   19242
 star_1_spin_period/binary_period  0.33787323466136737       0.63422265234209274        1.8771023782861667     
 normal tolerance
 element diffusion on 
save LOGS1/profile43.data for model 19242
                star               model                 age                mass             lg_mdot           (r-rl)/rl          last photo
                   1               19243     5.732512865E+09     1.974585137E-01    -9.900000000E+01    -9.502402940E-01        photos1/x200
      19243   7.319104  1.836E+04   0.421379   0.421379   0.197459   0.006186   0.000000   0.011795   0.139121   0.009803  22.954689   2803     40
   2.972073   5.128567  -1.068850 -27.630669  -0.749856 -99.000000   0.191273   0.980012   0.001635   0.005123   0.970079   1.444338      2      0
 5.7325E+09  21.042417  -0.129068  -5.707828   3.556157  -8.494415   0.000000   0.000103   0.002146  1.999E-02  2.012E-02  0.303E-09    varcontrol
                            surface ca40    1.1057839681380216D-05
                              surface h1        0.8557563518965692
              log_total_angular_momentum       46.6420425749613372

reduce dt because of varcontrol   19243
 star_1_spin_period/binary_period  0.33991925205215101       0.63806323617718208        1.8771023774766642     
 normal tolerance
 element diffusion on 
save LOGS1/profile44.data for model 19243
                star               model                 age                mass             lg_mdot           (r-rl)/rl          last photo
                   1               19244     5.732513764E+09     1.974585137E-01    -9.900000000E+01    -9.500814789E-01        photos1/x200
      19244   7.319078  1.835E+04   0.436931   0.436932   0.197459   0.006186   0.000000   0.011795   0.139167   0.009803  22.954662   2803     40
   2.954084   5.128526  -1.067466 -27.632023  -0.733989 -99.000000   0.191273   0.980012   0.001635   0.005125   0.970079   1.444379      2      0
 5.7325E+09  21.042349  -0.126502  -5.686631   3.555957  -8.497940   0.000000   0.000103   0.002146  1.999E-02  2.012E-02  0.315E-09    varcontrol
                            surface ca40    1.1063005589380088D-05
                              surface h1        0.8557078146722692
              log_total_angular_momentum       46.6420425749613301

reduce dt because of varcontrol   19244
 star_1_spin_period/binary_period  0.34197176877255070       0.64191601992724368        1.8771023766999588     
 normal tolerance
 element diffusion on 
save LOGS1/profile45.data for model 19244
                star               model                 age                mass             lg_mdot           (r-rl)/rl          last photo
                   1               19245     5.732514628E+09     1.974585137E-01    -9.900000000E+01    -9.499229185E-01        photos1/x200
      19245   7.319052  1.835E+04   0.452697   0.452698   0.197459   0.006186   0.000000   0.011795   0.139213   0.009802  22.954635   2803     40
   2.936108   5.128484  -1.066089 -27.633385  -0.717918 -99.000000   0.191273   0.980012   0.001635   0.005127   0.970079   1.444420      2      0
 5.7325E+09  21.042280  -0.124025  -5.665184   3.555681  -8.501444   0.000000   0.000103   0.002146  1.999E-02  2.012E-02  0.328E-09    varcontrol
                            surface ca40    1.1068025245674554D-05
                              surface h1        0.8556606173689592
              log_total_angular_momentum       46.6420425749613301

reduce dt because of varcontrol   19245
 star_1_spin_period/binary_period  0.34402793467920972       0.64577565358113309        1.8771023759547005     
 normal tolerance
 element diffusion on 
save LOGS1/profile46.data for model 19245
                star               model                 age                mass             lg_mdot           (r-rl)/rl          last photo
                   1               19246     5.732515456E+09     1.974585137E-01    -9.900000000E+01    -9.497646434E-01        photos1/x200
      19246   7.319025  1.835E+04   0.468690   0.468690   0.197459   0.006186   0.000000   0.011795   0.139257   0.009802  22.954608   2803     40
   2.918135   5.128441  -1.064719 -27.634755  -0.701630 -99.000000   0.191273   0.980012   0.001635   0.005128   0.970080   1.444462      2      0
 5.7325E+09  21.042211  -0.121638  -5.643471   3.555329  -8.504922   0.000000   0.000103   0.002146  1.999E-02  2.012E-02  0.341E-09    varcontrol
                            surface ca40    1.1072901654867834D-05
                              surface h1        0.8556147341334810
              log_total_angular_momentum       46.6420425749613301

reduce dt because of varcontrol   19246
 star_1_spin_period/binary_period  0.34608925175395155       0.64964495651224230        1.8771023752396114     
 normal tolerance
 element diffusion on 
save LOGS1/profile47.data for model 19246
                star               model                 age                mass             lg_mdot           (r-rl)/rl          last photo
                   1               19247     5.732516251E+09     1.974585137E-01    -9.900000000E+01    -9.496066865E-01        photos1/x200
      19247   7.318999  1.834E+04   0.484925   0.484925   0.197459   0.006186   0.000000   0.011795   0.139300   0.009802  22.954580   2807     40
   2.900165   5.128399  -1.063355 -27.636133  -0.685107 -99.000000   0.191273   0.980012   0.001635   0.005130   0.970080   1.444503      2      0
 5.7325E+09  21.042142  -0.119345  -5.621468   3.554898  -8.508382   0.000000   0.000103   0.002146  1.999E-02  2.012E-02  0.355E-09    varcontrol
                            surface ca40    1.1077637715428224D-05
                              surface h1        0.8555701400549939
              log_total_angular_momentum       46.6420425749613230

reduce dt because of varcontrol   19247
 star_1_spin_period/binary_period  0.34815542732836097       0.65352337935174265        1.8771023745534650     
 normal tolerance
 element diffusion on 
save LOGS1/profile48.data for model 19247
                star               model                 age                mass             lg_mdot           (r-rl)/rl          last photo
                   1               19248     5.732517013E+09     1.974585137E-01    -9.900000000E+01    -9.494490890E-01        photos1/x200
      19248   7.318972  1.834E+04   0.501405   0.501405   0.197459   0.006186   0.000000   0.011795   0.139342   0.009802  22.954553   2805     40
   2.882127   5.128356  -1.061999 -27.637521  -0.668348 -99.000000   0.191273   0.980012   0.001635   0.005131   0.970080   1.444545      2      0
 5.7325E+09  21.042072  -0.117148  -5.599174   3.554385  -8.511819   0.000000   0.000103   0.002146  1.999E-02  2.012E-02  0.369E-09    varcontrol
                            surface ca40    1.1082235985437215D-05
                              surface h1        0.8555268129479136
              log_total_angular_momentum       46.6420425749613230

reduce dt because of varcontrol   19248
 star_1_spin_period/binary_period  0.35022368926129055       0.65740571850670049        1.8771023738951920     
 normal tolerance
 element diffusion on 
save LOGS1/profile49.data for model 19248
                star               model                 age                mass             lg_mdot           (r-rl)/rl          last photo
                   1               19249     5.732517744E+09     1.974585137E-01    -9.900000000E+01    -9.492918948E-01        photos1/x200
      19249   7.318945  1.833E+04   0.518158   0.518159   0.197459   0.006186   0.000000   0.011795   0.139382   0.009802  22.954525   2805     40
   2.864059   5.128313  -1.060651 -27.638918  -0.651324 -99.000000   0.191273   0.980012   0.001635   0.005133   0.970080   1.444588      2      0
 5.7325E+09  21.042001  -0.115049  -5.576550   3.553789  -8.515236   0.000000   0.000103   0.002146  1.999E-02  2.012E-02  0.384E-09    varcontrol
                            surface ca40    1.1086698273231685D-05
                              surface h1        0.8554847386945041
              log_total_angular_momentum       46.6420425749613230

reduce dt because of varcontrol   19249
 star_1_spin_period/binary_period  0.35229566396044243       0.66129502691065889        1.8771023732637042     
 normal tolerance
 element diffusion on 
save LOGS1/profile50.data for model 19249
                star               model                 age                mass             lg_mdot           (r-rl)/rl          last photo
                   1               19250     5.732518446E+09     1.974585137E-01    -9.900000000E+01    -9.491351140E-01        photos1/x200

__________________________________________________________________________________________________________________________________________________

       step    lg_Tcntr    Teff       lg_LH     lg_Lnuc     Mass       H_rich     H_cntr     N_cntr     Y_surf     X_avg     eta_cntr  zones retry
   lg_dt_yr    lg_Dcntr    lg_R       lg_L3a    lg_Lneu     lg_Mdot    He_core    He_cntr    O_cntr     Z_surf     Y_avg     gam_cntr  iters bckup
     age_yr    lg_Pcntr    lg_L       lg_LZ     lg_Psurf    lg_Dsurf   C_core     C_cntr     Ne_cntr    Z_cntr     Z_avg     v_div_cs     dt_limit
__________________________________________________________________________________________________________________________________________________

      19250   7.318918  1.832E+04   0.535186   0.535186   0.197459   0.006186   0.000000   0.011795   0.139422   0.009802  22.954497   2808     40
   2.846022   5.128270  -1.059310 -27.640325  -0.634034 -99.000000   0.191273   0.980012   0.001635   0.005134   0.970080   1.444630      2      0
 5.7325E+09  21.041930  -0.113053  -5.553597   3.553106  -8.518632   0.000000   0.000103   0.002146  1.999E-02  2.012E-02  0.399E-09    varcontrol
                            surface ca40    1.1091026855840637D-05
                              surface h1        0.8554438989005281
              log_total_angular_momentum       46.6420425749613159

reduce dt because of varcontrol   19250
 star_1_spin_period/binary_period  0.35437067456645110       0.66519003402905408        1.8771023726578666     
 normal tolerance
 element diffusion on 
save LOGS1/profile51.data for model 19250
save photos1/x250 for model 19250
                star               model                 age                mass             lg_mdot           (r-rl)/rl          last photo
                   1               19251     5.732519118E+09     1.974585137E-01    -9.900000000E+01    -9.489788028E-01        photos1/x250
      19251   7.318890  1.832E+04   0.552514   0.552515   0.197459   0.006186   0.000000   0.011795   0.139460   0.009802  22.954468   2812     40
   2.827900   5.128226  -1.057977 -27.641743  -0.616451 -99.000000   0.191273   0.980012   0.001635   0.005136   0.970080   1.444673      2      0
 5.7325E+09  21.041859  -0.111160  -5.530277   3.552337  -8.522008   0.000000   0.000103   0.002146  1.999E-02  2.012E-02  0.415E-09    varcontrol
                            surface ca40    1.1095224822886144D-05
                              surface h1        0.8554042653910154
              log_total_angular_momentum       46.6420425749613159

reduce dt because of varcontrol   19251
 star_1_spin_period/binary_period  0.35644807685222873       0.66908953058151543        1.8771023720767532     
 normal tolerance
 element diffusion on 
save LOGS1/profile52.data for model 19251
                star               model                 age                mass             lg_mdot           (r-rl)/rl          last photo
                   1               19252     5.732519763E+09     1.974585137E-01    -9.900000000E+01    -9.488230468E-01        photos1/x250
      19252   7.318862  1.831E+04   0.570147   0.570148   0.197459   0.006186   0.000000   0.011795   0.139497   0.009802  22.954440   2812     40
   2.809578   5.128182  -1.056654 -27.643172  -0.598573 -99.000000   0.191273   0.980012   0.001635   0.005137   0.970080   1.444716      2      0
 5.7325E+09  21.041787  -0.109377  -5.506589   3.551474  -8.525365   0.000000   0.000103   0.002146  1.999E-02  2.012E-02  0.432E-09    varcontrol
                            surface ca40    1.1099295230999151D-05
                              surface h1        0.8553658093965603
              log_total_angular_momentum       46.6420425749613159

reduce dt because of varcontrol   19252
 star_1_spin_period/binary_period  0.35852697700516883       0.67299183879015834        1.8771023715196080     
 normal tolerance
 element diffusion on 
save LOGS1/profile53.data for model 19252
                star               model                 age                mass             lg_mdot           (r-rl)/rl          last photo
                   1               19253     5.732520382E+09     1.974585137E-01    -9.900000000E+01    -9.486678994E-01        photos1/x250
      19253   7.318834  1.830E+04   0.588107   0.588107   0.197459   0.006186   0.000000   0.011795   0.139533   0.009801  22.954411   2816     40
   2.791161   5.128138  -1.055339 -27.644613  -0.580376 -99.000000   0.191273   0.980012   0.001635   0.005139   0.970080   1.444760      2      0
 5.7325E+09  21.041714  -0.107705  -5.482502   3.550520  -8.528700   0.000000   0.000103   0.002146  1.999E-02  2.012E-02  0.449E-09    varcontrol
                            surface ca40    1.1103238221780174D-05
                              surface h1        0.8553285332743454
              log_total_angular_momentum       46.6420425749613088

reduce dt because of varcontrol   19253
 star_1_spin_period/binary_period  0.36060657316027833       0.67689545347213775        1.8771023709855641     
 normal tolerance
 element diffusion on 
save LOGS1/profile54.data for model 19253
                star               model                 age                mass             lg_mdot           (r-rl)/rl          last photo
                   1               19254     5.732520974E+09     1.974585137E-01    -9.900000000E+01    -9.485134227E-01        photos1/x250
      19254   7.318806  1.829E+04   0.606416   0.606416   0.197459   0.006186   0.000000   0.011795   0.139568   0.009801  22.954381   2815     40
   2.772632   5.128093  -1.054034 -27.646066  -0.561836 -99.000000   0.191273   0.980012   0.001635   0.005140   0.970081   1.444804      2      0
 5.7325E+09  21.041640  -0.106148  -5.457999   3.549469  -8.532013   0.000000   0.000103   0.002146  1.999E-02  2.012E-02  0.467E-09    varcontrol
                            surface ca40    1.1107055509344612D-05
                              surface h1        0.8552924229193110
              log_total_angular_momentum       46.6420425749613088

reduce dt because of varcontrol   19254
 star_1_spin_period/binary_period  0.36268573609302973       0.68079825495725788        1.8771023704737908     
 normal tolerance
 element diffusion on 
save LOGS1/profile55.data for model 19254
                star               model                 age                mass             lg_mdot           (r-rl)/rl          last photo
                   1               19255     5.732521542E+09     1.974585137E-01    -9.900000000E+01    -9.483596533E-01        photos1/x250
      19255   7.318778  1.827E+04   0.625097   0.625098   0.197459   0.006186   0.000000   0.011795   0.139601   0.009801  22.954352   2815     40
   2.754038   5.128047  -1.052739 -27.647532  -0.542931 -99.000000   0.191273   0.980012   0.001635   0.005141   0.970081   1.444848      2      0
 5.7325E+09  21.041566  -0.104709  -5.433049   3.548319  -8.535307   0.000000   0.000103   0.002146  1.999E-02  2.012E-02  0.485E-09    varcontrol
                            surface ca40    1.1110748731374295D-05
                              surface h1        0.8552574653594612
              log_total_angular_momentum       46.6420425749613088

reduce dt because of varcontrol   19255
 star_1_spin_period/binary_period  0.36475838236967500       0.68468882401744113        1.8771023699834357     
 normal tolerance
 element diffusion on 
save LOGS1/profile56.data for model 19255
                star               model                 age                mass             lg_mdot           (r-rl)/rl          last photo
                   1               19256     5.732522086E+09     1.974585137E-01    -9.900000000E+01    -9.482065872E-01        photos1/x250
      19256   7.318749  1.826E+04   0.644185   0.644186   0.197459   0.006186   0.000000   0.011795   0.139634   0.009801  22.954322   2815     40
   2.735487   5.128002  -1.051454 -27.649013  -0.523627 -99.000000   0.191273   0.980012   0.001635   0.005142   0.970081   1.444893      2      0
 5.7325E+09  21.041492  -0.103393  -5.407608   3.547068  -8.538586   0.000000   0.000103   0.002146  1.999E-02  2.012E-02  0.504E-09    varcontrol
                            surface ca40    1.1114319576536350D-05
                              surface h1        0.8552236478061896
              log_total_angular_momentum       46.6420425749613017

reduce dt because of varcontrol   19256
 star_1_spin_period/binary_period  0.36683317068408999       0.68858341390727495        1.8771023695135531     
 normal tolerance
 element diffusion on 
save LOGS1/profile57.data for model 19256
                star               model                 age                mass             lg_mdot           (r-rl)/rl          last photo
                   1               19257     5.732522607E+09     1.974585137E-01    -9.900000000E+01    -9.480542528E-01        photos1/x250
      19257   7.318720  1.825E+04   0.663702   0.663703   0.197459   0.006186   0.000000   0.011795   0.139666   0.009801  22.954291   2815     40
   2.716855   5.127956  -1.050178 -27.650509  -0.503902 -99.000000   0.191273   0.980012   0.001635   0.005143   0.970081   1.444938      2      0
 5.7325E+09  21.041416  -0.102203  -5.381648   3.545709  -8.541843   0.000000   0.000103   0.002146  1.999E-02  2.012E-02  0.524E-09    varcontrol
                            surface ca40    1.1117776036951514D-05
                              surface h1        0.8551908913165283
              log_total_angular_momentum       46.6420425749613017

reduce dt because of varcontrol   19257
 star_1_spin_period/binary_period  0.36890821731614531       0.69247848869108253        1.8771023690633744     
 normal tolerance
 element diffusion on 
save LOGS1/profile58.data for model 19257
                star               model                 age                mass             lg_mdot           (r-rl)/rl          last photo
                   1               19258     5.732523106E+09     1.974585137E-01    -9.900000000E+01    -9.479026976E-01        photos1/x250
      19258   7.318691  1.823E+04   0.683690   0.683690   0.197459   0.006186   0.000000   0.011795   0.139696   0.009801  22.954261   2815     40
   2.698097   5.127909  -1.048913 -27.652022  -0.483714 -99.000000   0.191273   0.980012   0.001635   0.005145   0.970081   1.444984      2      0
 5.7325E+09  21.041340  -0.101144  -5.355115   3.544240  -8.545085   0.000000   0.000103   0.002146  1.999E-02  2.012E-02  0.545E-09    varcontrol
                            surface ca40    1.1121114227259340D-05
                              surface h1        0.8551592392307704
              log_total_angular_momentum       46.6420425749613017

reduce dt because of varcontrol   19258
 star_1_spin_period/binary_period  0.37098160485436343       0.69637044919109992        1.8771023686321984     
 normal tolerance
 element diffusion on 
save LOGS1/profile59.data for model 19258
                star               model                 age                mass             lg_mdot           (r-rl)/rl          last photo
                   1               19259     5.732523583E+09     1.974585137E-01    -9.900000000E+01    -9.477519783E-01        photos1/x250
      19259   7.318661  1.821E+04   0.704176   0.704177   0.197459   0.006186   0.000000   0.011795   0.139726   0.009801  22.954230   2815     40
   2.679181   5.127862  -1.047658 -27.653553  -0.463035 -99.000000   0.191273   0.980012   0.001635   0.005146   0.970081   1.445030      2      0
 5.7325E+09  21.041262  -0.100220  -5.327975   3.542657  -8.548313   0.000000   0.000103   0.002146  1.999E-02  2.012E-02  0.566E-09    varcontrol
                            surface ca40    1.1124336453929591D-05
                              surface h1        0.8551286707590930
              log_total_angular_momentum       46.6420425749612946

retry because of timestep limit Lnuc_H   19259
       retry cnt, step, log10(dt/yr), retry_factor     1 19259        2.077121        0.500000
                star               model                 age                mass             lg_mdot           (r-rl)/rl          last photo
                   1               19259     5.732523344E+09     1.974585137E-01    -9.900000000E+01    -9.478287272E-01        photos1/x250
      19259   7.318677  1.822E+04   0.693571   0.693571   0.197459   0.006186   0.000000   0.011795   0.139735   0.009801  22.954246   2815     41
   2.378151   5.127886  -1.048297 -27.652766  -0.473739 -99.000000   0.191273   0.980012   0.001635   0.005146   0.970081   1.445006      2      0
 5.7325E+09  21.041302  -0.100660  -5.342017   3.543493  -8.546659   0.000000   0.000103   0.002146  1.999E-02  2.012E-02  0.555E-09        Lnuc_H
                            surface ca40    1.1125164719386706D-05
                              surface h1        0.8551186688704892
              log_total_angular_momentum       46.6420425749612946

 star_1_spin_period/binary_period  0.37199680706620525       0.69827608759080584        1.8771023684257910     
 normal tolerance
 element diffusion on 
save LOGS1/profile60.data for model 19259
                star               model                 age                mass             lg_mdot           (r-rl)/rl          last photo
                   1               19260     5.732523631E+09     1.974585137E-01    -9.900000000E+01    -9.477379036E-01        photos1/x250

__________________________________________________________________________________________________________________________________________________

       step    lg_Tcntr    Teff       lg_LH     lg_Lnuc     Mass       H_rich     H_cntr     N_cntr     Y_surf     X_avg     eta_cntr  zones retry
   lg_dt_yr    lg_Dcntr    lg_R       lg_L3a    lg_Lneu     lg_Mdot    He_core    He_cntr    O_cntr     Z_surf     Y_avg     gam_cntr  iters bckup
     age_yr    lg_Pcntr    lg_L       lg_LZ     lg_Psurf    lg_Dsurf   C_core     C_cntr     Ne_cntr    Z_cntr     Z_avg     v_div_cs     dt_limit
__________________________________________________________________________________________________________________________________________________

      19260   7.318659  1.821E+04   0.705927   0.705928   0.197459   0.006186   0.000000   0.011795   0.139751   0.009801  22.954227   2816     41
   2.457332   5.127858  -1.047541 -27.653690  -0.461268 -99.000000   0.191273   0.980012   0.001635   0.005147   0.970081   1.445034      2      0
 5.7325E+09  21.041256  -0.100113  -5.325655   3.542530  -8.548603   0.000000   0.000103   0.002146  1.999E-02  2.012E-02  0.568E-09  max increase
                            surface ca40    1.1126929764250265D-05
                              surface h1        0.8551020763671247
              log_total_angular_momentum       46.6420425749612946

 star_1_spin_period/binary_period  0.37323643966357850       0.70060300478286330        1.8771023681780934     
 normal tolerance
 element diffusion on 
save LOGS1/profile61.data for model 19260
                star               model                 age                mass             lg_mdot           (r-rl)/rl          last photo
                   1               19261     5.732523948E+09     1.974585137E-01    -9.900000000E+01    -9.476349492E-01        photos1/x250
      19261   7.318638  1.820E+04   0.720242   0.720242   0.197459   0.006186   0.000000   0.011795   0.139769   0.009801  22.954205   2816     41
   2.500596   5.127825  -1.046687 -27.654749  -0.446828 -99.000000   0.191273   0.980012   0.001635   0.005147   0.970081   1.445066      2      0
 5.7325E+09  21.041202  -0.099554  -5.306726   3.541382  -8.550807   0.000000   0.000103   0.002146  1.999E-02  2.012E-02  0.583E-09        Lnuc_H
                            surface ca40    1.1128891574826514D-05
                              surface h1        0.8550836148399494
              log_total_angular_momentum       46.6420425749612946

reduce dt because of Lnuc_H   19261
 star_1_spin_period/binary_period  0.37465319828847188       0.70326240565026110        1.8771023679044370     
 normal tolerance
 element diffusion on 
save LOGS1/profile62.data for model 19261
                star               model                 age                mass             lg_mdot           (r-rl)/rl          last photo
                   1               19262     5.732524251E+09     1.974585137E-01    -9.900000000E+01    -9.475336966E-01        photos1/x250
      19262   7.318618  1.819E+04   0.734633   0.734633   0.197459   0.006186   0.000000   0.011795   0.139789   0.009801  22.954184   2816     41
   2.482149   5.127792  -1.045848 -27.655805  -0.432315 -99.000000   0.191273   0.980012   0.001635   0.005148   0.970081   1.445098      2      0
 5.7325E+09  21.041149  -0.099068  -5.287721   3.540192  -8.552976   0.000000   0.000103   0.002146  1.999E-02  2.012E-02  0.599E-09        Lnuc_H
                            surface ca40    1.1131108847679030D-05
                              surface h1        0.8550624268703791
              log_total_angular_momentum       46.6420425749612946

reduce dt because of Lnuc_H   19262
 star_1_spin_period/binary_period  0.37604895256009319       0.70588237919990071        1.8771023676421481     
 normal tolerance
 element diffusion on 
save LOGS1/profile63.data for model 19262
                star               model                 age                mass             lg_mdot           (r-rl)/rl          last photo
                   1               19263     5.732524551E+09     1.974585137E-01    -9.900000000E+01    -9.474310434E-01        photos1/x250
      19263   7.318597  1.817E+04   0.749568   0.749569   0.197459   0.006186   0.000000   0.011795   0.139809   0.009800  22.954161   2816     41
   2.476803   5.127759  -1.044999 -27.656890  -0.417260 -99.000000   0.191273   0.980012   0.001635   0.005149   0.970081   1.445131      2      0
 5.7325E+09  21.041094  -0.098642  -5.268023   3.538922  -8.555179   0.000000   0.000103   0.002146  1.999E-02  2.012E-02  0.615E-09        Lnuc_H
                            surface ca40    1.1133208850975935D-05
                              surface h1        0.8550424362785687
              log_total_angular_momentum       46.6420425749612946

reduce dt because of Lnuc_H   19263
 star_1_spin_period/binary_period  0.37717873245132305       0.70800309161091934        1.8771023673830576     
 normal tolerance
 element diffusion on 
save LOGS1/profile64.data for model 19263
                star               model                 age                mass             lg_mdot           (r-rl)/rl          last photo
                   1               19264     5.732524844E+09     1.974585137E-01    -9.900000000E+01    -9.473278633E-01        photos1/x250
      19264   7.318575  1.816E+04   0.764946   0.764946   0.197459   0.006186   0.000000   0.011795   0.139828   0.009800  22.954139   2816     41
   2.467470   5.127725  -1.044147 -27.657996  -0.401765 -99.000000   0.191273   0.980012   0.001635   0.005150   0.970082   1.445164      2      0
 5.7325E+09  21.041038  -0.098284  -5.247770   3.537578  -8.557396   0.000000   0.000103   0.002146  1.999E-02  2.012E-02  0.632E-09        Lnuc_H
                            surface ca40    1.1135280031357917D-05
                              surface h1        0.8550227101341380
              log_total_angular_momentum       46.6420425749613088

reduce dt because of Lnuc_H   19264
 star_1_spin_period/binary_period  0.31320338636767769       0.58791481794373168        1.8771023671294635     
 normal tolerance
 element diffusion on 
save LOGS1/profile65.data for model 19264
                star               model                 age                mass             lg_mdot           (r-rl)/rl          last photo
                   1               19265     5.732525131E+09     1.974585137E-01    -9.900000000E+01    -9.472240141E-01        photos1/x250
      19265   7.318553  1.815E+04   0.780799   0.780799   0.197459   0.006186   0.000000   0.011795   0.139878   0.009800  22.954116   2816     41
   2.458006   5.127690  -1.043292 -27.659124  -0.385798 -99.000000   0.191273   0.980012   0.001635   0.005151   0.970082   1.445198      2      0
 5.7325E+09  21.040981  -0.098000  -5.226920   3.536153  -8.559618   0.000000   0.000103   0.002146  1.999E-02  2.012E-02  0.651E-09        Lnuc_H
                            surface ca40    1.1140491723727351D-05
                              surface h1        0.8549703720585974
              log_total_angular_momentum       46.6420425749613088

reduce dt because of Lnuc_H   19265
 star_1_spin_period/binary_period  0.31222167765246855       0.58607205011310692        1.8771023668813254     
 normal tolerance
 element diffusion on 
save LOGS1/profile66.data for model 19265
                star               model                 age                mass             lg_mdot           (r-rl)/rl          last photo
                   1               19266     5.732525412E+09     1.974585137E-01    -9.900000000E+01    -9.471200402E-01        photos1/x250
      19266   7.318531  1.813E+04   0.797131   0.797131   0.197459   0.006186   0.000000   0.011795   0.139918   0.009800  22.954092   2818     41
   2.447525   5.127654  -1.042437 -27.660273  -0.369355 -99.000000   0.191273   0.980012   0.001635   0.005153   0.970082   1.445233      2      0
 5.7325E+09  21.040923  -0.097792  -5.205469   3.534653  -8.561854   0.000000   0.000103   0.002146  1.999E-02  2.012E-02  0.668E-09        Lnuc_H
                            surface ca40    1.1144645934633382D-05
                              surface h1        0.8549293601434642
              log_total_angular_momentum       46.6420425749613088

reduce dt because of Lnuc_H   19266
 star_1_spin_period/binary_period  0.31294128347329270       0.58742282382679256        1.8771023666390916     
 normal tolerance
 element diffusion on 
save LOGS1/profile67.data for model 19266
                star               model                 age                mass             lg_mdot           (r-rl)/rl          last photo
                   1               19267     5.732525685E+09     1.974585137E-01    -9.900000000E+01    -9.470159279E-01        photos1/x250
      19267   7.318508  1.811E+04   0.813940   0.813941   0.197459   0.006186   0.000000   0.011795   0.139955   0.009800  22.954068   2818     41
   2.436206   5.127618  -1.041583 -27.661443  -0.352438 -99.000000   0.191273   0.980012   0.001635   0.005154   0.970082   1.445269      2      0
 5.7325E+09  21.040864  -0.097666  -5.183420   3.533073  -8.564097   0.000000   0.000103   0.002146  1.999E-02  2.012E-02  0.687E-09        Lnuc_H
                            surface ca40    1.1148517740338134D-05
                              surface h1        0.8548912132675935
              log_total_angular_momentum       46.6420425749613088

reduce dt because of Lnuc_H   19267
 star_1_spin_period/binary_period  0.31387256576958600       0.58917093595509529        1.8771023664030768     
 normal tolerance
 element diffusion on 
save LOGS1/profile68.data for model 19267
                star               model                 age                mass             lg_mdot           (r-rl)/rl          last photo
                   1               19268     5.732525950E+09     1.974585137E-01    -9.900000000E+01    -9.469118629E-01        photos1/x250
      19268   7.318485  1.810E+04   0.831236   0.831236   0.197459   0.006186   0.000000   0.011795   0.139990   0.009800  22.954043   2818     41
   2.424004   5.127581  -1.040731 -27.662633  -0.335038 -99.000000   0.191273   0.980012   0.001635   0.005155   0.970082   1.445305      2      0
 5.7325E+09  21.040804  -0.097626  -5.160766   3.531411  -8.566348   0.000000   0.000103   0.002146  1.999E-02  2.012E-02  0.707E-09        Lnuc_H
                            surface ca40    1.1152192912632355D-05
                              surface h1        0.8548550553622168
              log_total_angular_momentum       46.6420425749613088

reduce dt because of Lnuc_H   19268
 star_1_spin_period/binary_period  0.31489178914720256       0.59108412249684994        1.8771023661735928     
 normal tolerance
 element diffusion on 
save LOGS1/profile69.data for model 19268
                star               model                 age                mass             lg_mdot           (r-rl)/rl          last photo
                   1               19269     5.732526208E+09     1.974585137E-01    -9.900000000E+01    -9.468080274E-01        photos1/x250
      19269   7.318462  1.808E+04   0.849027   0.849028   0.197459   0.006186   0.000000   0.011795   0.140023   0.009800  22.954019   2818     41
   2.410919   5.127544  -1.039882 -27.663842  -0.317147 -99.000000   0.191273   0.980012   0.001635   0.005157   0.970082   1.445341      2      0
 5.7325E+09  21.040743  -0.097674  -5.137493   3.529667  -8.568600   0.000000   0.000103   0.002146  1.999E-02  2.012E-02  0.727E-09        Lnuc_H
                            surface ca40    1.1155706897085510D-05
                              surface h1        0.8548205208261024
              log_total_angular_momentum       46.6420425749613017

reduce dt because of Lnuc_H   19269
 star_1_spin_period/binary_period  0.31596592267244267       0.59310038100830353        1.8771023659509074     
 normal tolerance
 element diffusion on 
save LOGS1/profile70.data for model 19269
                star               model                 age                mass             lg_mdot           (r-rl)/rl          last photo
                   1               19270     5.732526457E+09     1.974585137E-01    -9.900000000E+01    -9.467046191E-01        photos1/x250

__________________________________________________________________________________________________________________________________________________

       step    lg_Tcntr    Teff       lg_LH     lg_Lnuc     Mass       H_rich     H_cntr     N_cntr     Y_surf     X_avg     eta_cntr  zones retry
   lg_dt_yr    lg_Dcntr    lg_R       lg_L3a    lg_Lneu     lg_Mdot    He_core    He_cntr    O_cntr     Z_surf     Y_avg     gam_cntr  iters bckup
     age_yr    lg_Pcntr    lg_L       lg_LZ     lg_Psurf    lg_Dsurf   C_core     C_cntr     Ne_cntr    Z_cntr     Z_avg     v_div_cs     dt_limit
__________________________________________________________________________________________________________________________________________________

      19270   7.318438  1.806E+04   0.867312   0.867312   0.197459   0.006186   0.000000   0.011795   0.140055   0.009800  22.953993   2820     41
   2.396932   5.127506  -1.039038 -27.665069  -0.298767 -99.000000   0.191273   0.980012   0.001635   0.005158   0.970082   1.445378      2      0
 5.7325E+09  21.040681  -0.097815  -5.113607   3.527841  -8.570852   0.000000   0.000103   0.002146  1.999E-02  2.012E-02  0.749E-09        Lnuc_H
                            surface ca40    1.1159077388827251D-05
                              surface h1        0.8547874240211675
              log_total_angular_momentum       46.6420425749613017

reduce dt because of Lnuc_H   19270
 star_1_spin_period/binary_period  0.31705600272903511       0.59514657279323990        1.8771023657352695     
 normal tolerance
 element diffusion on 
save LOGS1/profile71.data for model 19270
                star               model                 age                mass             lg_mdot           (r-rl)/rl          last photo
                   1               19271     5.732526698E+09     1.974585137E-01    -9.900000000E+01    -9.466018162E-01        photos1/x250
      19271   7.318414  1.804E+04   0.886091   0.886091   0.197459   0.006186   0.000000   0.011795   0.140085   0.009800  22.953967   2820     41
   2.382040   5.127468  -1.038202 -27.666313  -0.279898 -99.000000   0.191273   0.980012   0.001635   0.005159   0.970082   1.445416      2      0
 5.7325E+09  21.040618  -0.098052  -5.089107   3.525932  -8.573099   0.000000   0.000103   0.002146  1.999E-02  2.012E-02  0.771E-09        Lnuc_H
                            surface ca40    1.1162314163001746D-05
                              surface h1        0.8547556607062406
              log_total_angular_momentum       46.6420425749613017

reduce dt because of Lnuc_H   19271
 star_1_spin_period/binary_period  0.31814420347813416       0.59718923692747439        1.8771023655268919     
 normal tolerance
 element diffusion on 
save LOGS1/profile72.data for model 19271
                star               model                 age                mass             lg_mdot           (r-rl)/rl          last photo
                   1               19272     5.732526931E+09     1.974585137E-01    -9.900000000E+01    -9.464998121E-01        photos1/x250
      19272   7.318390  1.802E+04   0.905354   0.905355   0.197459   0.006186   0.000000   0.011795   0.140115   0.009800  22.953941   2823     41
   2.366244   5.127429  -1.037373 -27.667573  -0.260548 -99.000000   0.191273   0.980012   0.001635   0.005160   0.970082   1.445454      2      0
 5.7325E+09  21.040554  -0.098387  -5.064005   3.523942  -8.575338   0.000000   0.000103   0.002146  1.999E-02  2.012E-02  0.794E-09        Lnuc_H
                            surface ca40    1.1165423421343976D-05
                              surface h1        0.8547251639134641
              log_total_angular_momentum       46.6420425749613017

reduce dt because of Lnuc_H   19272
 star_1_spin_period/binary_period  0.31922233433166747       0.59921299883884283        1.8771023653259458     
 normal tolerance
 element diffusion on 
save LOGS1/profile73.data for model 19272
                star               model                 age                mass             lg_mdot           (r-rl)/rl          last photo
                   1               19273     5.732527154E+09     1.974585137E-01    -9.900000000E+01    -9.463987824E-01        photos1/x250
      19273   7.318365  1.800E+04   0.925124   0.925124   0.197459   0.006186   0.000000   0.011795   0.140143   0.009800  22.953914   2823     41
   2.349554   5.127390  -1.036553 -27.668847  -0.240698 -99.000000   0.191273   0.980012   0.001635   0.005161   0.970082   1.445493      2      0
 5.7325E+09  21.040490  -0.098823  -5.038279   3.521869  -8.577568   0.000000   0.000103   0.002146  1.999E-02  2.012E-02  0.818E-09        Lnuc_H
                            surface ca40    1.1168409307999573D-05
                              surface h1        0.8546958883981687
              log_total_angular_momentum       46.6420425749613017

reduce dt because of Lnuc_H   19273
 star_1_spin_period/binary_period  0.32029089554686874       0.60121879756145535        1.8771023651325673     
 normal tolerance
 element diffusion on 
save LOGS1/profile74.data for model 19273
                star               model                 age                mass             lg_mdot           (r-rl)/rl          last photo
                   1               19274     5.732527369E+09     1.974585137E-01    -9.900000000E+01    -9.462989066E-01        photos1/x250
      19274   7.318340  1.797E+04   0.945396   0.945396   0.197459   0.006186   0.000000   0.011795   0.140170   0.009799  22.953888   2825     41
   2.331955   5.127350  -1.035745 -27.670136  -0.220351 -99.000000   0.191273   0.980012   0.001635   0.005162   0.970082   1.445532      2      0
 5.7325E+09  21.040425  -0.099360  -5.011931   3.519717  -8.579781   0.000000   0.000103   0.002146  1.999E-02  2.012E-02  0.843E-09        Lnuc_H
                            surface ca40    1.1171274745313479D-05
                              surface h1        0.8546678019055034
              log_total_angular_momentum       46.6420425749612946

retry because of timestep limit Lnuc_H   19274
       retry cnt, step, log10(dt/yr), retry_factor     1 19274        1.729895        0.500000
                star               model                 age                mass             lg_mdot           (r-rl)/rl          last photo
                   1               19274     5.732527262E+09     1.974585137E-01    -9.900000000E+01    -9.463495526E-01        photos1/x250
      19274   7.318353  1.799E+04   0.934919   0.934919   0.197459   0.006186   0.000000   0.011795   0.140174   0.009799  22.953901   2825     42
   2.030925   5.127370  -1.036155 -27.669475  -0.230866 -99.000000   0.191273   0.980012   0.001635   0.005162   0.970082   1.445512      2      0
 5.7325E+09  21.040458  -0.099062  -5.025543   3.520834  -8.578649   0.000000   0.000103   0.002146  1.999E-02  2.012E-02  0.831E-09        Lnuc_H
                            surface ca40    1.1171630116622946D-05
                              surface h1        0.8546635083385208
              log_total_angular_momentum       46.6420425749612946

 star_1_spin_period/binary_period  0.32081884598555593       0.60220981454879918        1.8771023650397152     
 normal tolerance
 element diffusion on 
save LOGS1/profile75.data for model 19274
                star               model                 age                mass             lg_mdot           (r-rl)/rl          last photo
                   1               19275     5.732527390E+09     1.974585137E-01    -9.900000000E+01    -9.462894302E-01        photos1/x250
      19275   7.318338  1.797E+04   0.947143   0.947144   0.197459   0.006186   0.000000   0.011795   0.140189   0.009799  22.953885   2825     42
   2.110106   5.127346  -1.035668 -27.670252  -0.218597 -99.000000   0.191273   0.980012   0.001635   0.005163   0.970083   1.445535      2      0
 5.7325E+09  21.040419  -0.099391  -5.009660   3.519533  -8.579983   0.000000   0.000103   0.002146  1.999E-02  2.012E-02  0.846E-09  max increase
                            surface ca40    1.1173210460689793D-05
                              surface h1        0.8546480840021586
              log_total_angular_momentum       46.6420425749612946

 star_1_spin_period/binary_period  0.32147151836915921       0.60343494738783698        1.8771023649282901     
 normal tolerance
 element diffusion on 
save LOGS1/profile76.data for model 19275
                star               model                 age                mass             lg_mdot           (r-rl)/rl          last photo
                   1               19276     5.732527544E+09     1.974585137E-01    -9.900000000E+01    -9.462163161E-01        photos1/x250
      19276   7.318319  1.796E+04   0.962427   0.962427   0.197459   0.006186   0.000000   0.011795   0.140205   0.009799  22.953865   2825     42
   2.185769   5.127316  -1.035077 -27.671212  -0.203262 -99.000000   0.191273   0.980012   0.001635   0.005163   0.970083   1.445564      2      0
 5.7325E+09  21.040370  -0.099851  -4.989819   3.517892  -8.581612   0.000000   0.000103   0.002146  1.999E-02  2.012E-02  0.865E-09        Lnuc_H
                            surface ca40    1.1174928774301481D-05
                              surface h1        0.8546313899813247
              log_total_angular_momentum       46.6420425749612946

reduce dt because of Lnuc_H   19276
 star_1_spin_period/binary_period  0.32227566199561242       0.60494440724804888        1.8771023647956540     
 normal tolerance
 element diffusion on 
save LOGS1/profile77.data for model 19276
                star               model                 age                mass             lg_mdot           (r-rl)/rl          last photo
                   1               19277     5.732527688E+09     1.974585137E-01    -9.900000000E+01    -9.461462269E-01        photos1/x250
      19277   7.318301  1.794E+04   0.977483   0.977483   0.197459   0.006186   0.000000   0.011795   0.140225   0.009799  22.953846   2830     42
   2.158265   5.127288  -1.034512 -27.672149  -0.188159 -99.000000   0.191273   0.980012   0.001635   0.005164   0.970083   1.445593      2      0
 5.7325E+09  21.040323  -0.100350  -4.970291   3.516264  -8.583181   0.000000   0.000103   0.002146  1.999E-02  2.012E-02  0.884E-09        Lnuc_H
                            surface ca40    1.1176963397820246D-05
                              surface h1        0.8546113964155229
              log_total_angular_momentum       46.6420425749612946

reduce dt because of Lnuc_H   19277
 star_1_spin_period/binary_period  0.32305668849215718       0.60641047389146030        1.8771023646711529     
 normal tolerance
 element diffusion on 
save LOGS1/profile78.data for model 19277
                star               model                 age                mass             lg_mdot           (r-rl)/rl          last photo
                   1               19278     5.732527830E+09     1.974585137E-01    -9.900000000E+01    -9.460754155E-01        photos1/x250
      19278   7.318282  1.792E+04   0.993134   0.993134   0.197459   0.006186   0.000000   0.011795   0.140243   0.009799  22.953826   2827     42
   2.153313   5.127258  -1.033941 -27.673111  -0.172463 -99.000000   0.191273   0.980012   0.001635   0.005165   0.970083   1.445622      2      0
 5.7325E+09  21.040274  -0.100915  -4.950009   3.514559  -8.584770   0.000000   0.000103   0.002146  1.999E-02  2.012E-02  0.904E-09        Lnuc_H
                            surface ca40    1.1178865758055963D-05
                              surface h1        0.8545927537156830
              log_total_angular_momentum       46.6420425749612946

reduce dt because of Lnuc_H   19278
 star_1_spin_period/binary_period  0.32385578380160074       0.60791045754654993        1.8771023645480596     
 normal tolerance
 element diffusion on 
save LOGS1/profile79.data for model 19278
                star               model                 age                mass             lg_mdot           (r-rl)/rl          last photo
                   1               19279     5.732527969E+09     1.974585137E-01    -9.900000000E+01    -9.460048487E-01        photos1/x250
      19279   7.318263  1.790E+04   1.009195   1.009195   0.197459   0.006186   0.000000   0.011795   0.140260   0.009799  22.953805   2827     42
   2.142303   5.127228  -1.033373 -27.674088  -0.156360 -99.000000   0.191273   0.980012   0.001635   0.005165   0.970083   1.445651      2      0
 5.7325E+09  21.040225  -0.101540  -4.929215   3.512800  -8.586363   0.000000   0.000103   0.002146  1.999E-02  2.012E-02  0.925E-09        Lnuc_H
                            surface ca40    1.1180734441132325D-05
                              surface h1        0.8545744378190543
              log_total_angular_momentum       46.6420425749612946

reduce dt because of Lnuc_H   19279
 star_1_spin_period/binary_period  0.32466188424570402       0.60942359055727480        1.8771023644280438     
 normal tolerance
 element diffusion on 
save LOGS1/profile80.data for model 19279
                star               model                 age                mass             lg_mdot           (r-rl)/rl          last photo
                   1               19280     5.732528104E+09     1.974585137E-01    -9.900000000E+01    -9.459344195E-01        photos1/x250

__________________________________________________________________________________________________________________________________________________

       step    lg_Tcntr    Teff       lg_LH     lg_Lnuc     Mass       H_rich     H_cntr     N_cntr     Y_surf     X_avg     eta_cntr  zones retry
   lg_dt_yr    lg_Dcntr    lg_R       lg_L3a    lg_Lneu     lg_Mdot    He_core    He_cntr    O_cntr     Z_surf     Y_avg     gam_cntr  iters bckup
     age_yr    lg_Pcntr    lg_L       lg_LZ     lg_Psurf    lg_Dsurf   C_core     C_cntr     Ne_cntr    Z_cntr     Z_avg     v_div_cs     dt_limit
__________________________________________________________________________________________________________________________________________________

      19280   7.318244  1.788E+04   1.025715   1.025716   0.197459   0.006186   0.000000   0.011795   0.140277   0.009799  22.953785   2831     42
   2.131658   5.127197  -1.032807 -27.675081  -0.139800 -99.000000   0.191273   0.980012   0.001635   0.005166   0.970083   1.445681      2      0
 5.7325E+09  21.040174  -0.102230  -4.907843   3.510979  -8.587960   0.000000   0.000103   0.002146  1.999E-02  2.012E-02  0.947E-09        Lnuc_H
                            surface ca40    1.1182546908846809D-05
                              surface h1        0.8545566803699387
              log_total_angular_momentum       46.6420425749612946

reduce dt because of Lnuc_H   19280
 star_1_spin_period/binary_period  0.32547555289630231       0.61095092986705613        1.8771023643109297     
 normal tolerance
 element diffusion on 
save LOGS1/profile81.data for model 19280
                star               model                 age                mass             lg_mdot           (r-rl)/rl          last photo
                   1               19281     5.732528236E+09     1.974585137E-01    -9.900000000E+01    -9.458642893E-01        photos1/x250
      19281   7.318224  1.787E+04   1.042686   1.042686   0.197459   0.006186   0.000000   0.011795   0.140294   0.009799  22.953764   2830     42
   2.119927   5.127166  -1.032244 -27.676089  -0.122794 -99.000000   0.191273   0.980012   0.001635   0.005167   0.970083   1.445712      2      0
 5.7325E+09  21.040123  -0.102983  -4.885908   3.509102  -8.589557   0.000000   0.000103   0.002146  1.999E-02  2.012E-02  0.970E-09        Lnuc_H
                            surface ca40    1.1184307571217474D-05
                              surface h1        0.8545394341269699
              log_total_angular_momentum       46.6420425749612946

reduce dt because of Lnuc_H   19281
 star_1_spin_period/binary_period  0.32629400503470202       0.61248724827392509        1.8771023641969329     
 normal tolerance
 element diffusion on 
save LOGS1/profile82.data for model 19281
                star               model                 age                mass             lg_mdot           (r-rl)/rl          last photo
                   1               19282     5.732528364E+09     1.974585137E-01    -9.900000000E+01    -9.457945447E-01        photos1/x250
      19282   7.318205  1.785E+04   1.060111   1.060111   0.197459   0.006186   0.000000   0.011795   0.140310   0.009799  22.953742   2830     42
   2.107427   5.127134  -1.031685 -27.677111  -0.105336 -99.000000   0.191273   0.980012   0.001635   0.005167   0.970083   1.445743      2      0
 5.7325E+09  21.040072  -0.103802  -4.863405   3.507166  -8.591156   0.000000   0.000103   0.002146  1.999E-02  2.012E-02  0.994E-09        Lnuc_H
                            surface ca40    1.1186014869415038D-05
                              surface h1        0.8545227138835512
              log_total_angular_momentum       46.6420425749612946

reduce dt because of Lnuc_H   19282
 star_1_spin_period/binary_period  0.32711539608506612       0.61402908332026018        1.8771023640861659     
 normal tolerance
 element diffusion on 
save LOGS1/profile83.data for model 19282
                star               model                 age                mass             lg_mdot           (r-rl)/rl          last photo
                   1               19283     5.732528488E+09     1.974585137E-01    -9.900000000E+01    -9.457252922E-01        photos1/x250
      19283   7.318184  1.782E+04   1.077996   1.077997   0.197459   0.006186   0.000000   0.011795   0.140326   0.009799  22.953721   2830     42
   2.094085   5.127102  -1.031131 -27.678146  -0.087421 -99.000000   0.191273   0.980012   0.001635   0.005168   0.970083   1.445774      2      0
 5.7325E+09  21.040019  -0.104687  -4.840327   3.505174  -8.592753   0.000000   0.000103   0.002146  1.999E-02  2.012E-02  0.102E-08        Lnuc_H
                            surface ca40    1.1187668473902569D-05
                              surface h1        0.8545065218523117
              log_total_angular_momentum       46.6420425749612875

reduce dt because of Lnuc_H   19283
 star_1_spin_period/binary_period  0.32793759889958357       0.61557244213192253        1.8771023639787472     
 normal tolerance
 element diffusion on 
save LOGS1/profile84.data for model 19283
                star               model                 age                mass             lg_mdot           (r-rl)/rl          last photo
                   1               19284     5.732528609E+09     1.974585137E-01    -9.900000000E+01    -9.456566342E-01        photos1/x250
      19284   7.318164  1.780E+04   1.096338   1.096339   0.197459   0.006186   0.000000   0.011795   0.140341   0.009799  22.953699   2830     42
   2.079907   5.127070  -1.030582 -27.679194  -0.069054 -99.000000   0.191273   0.980012   0.001635   0.005168   0.970083   1.445806      2      0
 5.7325E+09  21.039966  -0.105637  -4.816679   3.503127  -8.594343   0.000000   0.000103   0.002146  1.999E-02  2.012E-02  0.104E-08        Lnuc_H
                            surface ca40    1.1189267779366768D-05
                              surface h1        0.8544908632375817
              log_total_angular_momentum       46.6420425749612875

reduce dt because of Lnuc_H   19284
 star_1_spin_period/binary_period  0.32875918168788854       0.61711463709187198        1.8771023638747746     
 normal tolerance
 element diffusion on 
save LOGS1/profile85.data for model 19284
                star               model                 age                mass             lg_mdot           (r-rl)/rl          last photo
                   1               19285     5.732528725E+09     1.974585137E-01    -9.900000000E+01    -9.455886527E-01        photos1/x250
      19285   7.318143  1.778E+04   1.115137   1.115138   0.197459   0.006186   0.000000   0.011795   0.140355   0.009799  22.953677   2830     42
   2.064888   5.127037  -1.030039 -27.680254  -0.050233 -99.000000   0.191273   0.980012   0.001635   0.005169   0.970083   1.445838      2      0
 5.7325E+09  21.039912  -0.106655  -4.792463   3.501025  -8.595928   0.000000   0.000103   0.002146  1.999E-02  2.012E-02  0.107E-08        Lnuc_H
                            surface ca40    1.1190812244030855D-05
                              surface h1        0.8544757427312083
              log_total_angular_momentum       46.6420425749612875

reduce dt because of Lnuc_H   19285
 star_1_spin_period/binary_period  0.32957827544165536       0.61865215988019939        1.8771023637743329     
 normal tolerance
 element diffusion on 
save LOGS1/profile86.data for model 19285
                star               model                 age                mass             lg_mdot           (r-rl)/rl          last photo
                   1               19286     5.732528837E+09     1.974585137E-01    -9.900000000E+01    -9.455214452E-01        photos1/x250
      19286   7.318123  1.776E+04   1.134395   1.134396   0.197459   0.006186   0.000000   0.011795   0.140370   0.009799  22.953654   2833     42
   2.049035   5.127004  -1.029502 -27.681325  -0.030958 -99.000000   0.191273   0.980012   0.001635   0.005169   0.970083   1.445871      2      0
 5.7325E+09  21.039858  -0.107738  -4.767675   3.498871  -8.597504   0.000000   0.000103   0.002146  1.999E-02  2.012E-02  0.110E-08        Lnuc_H
                            surface ca40    1.1192301391608111D-05
                              surface h1        0.8544611645015776
              log_total_angular_momentum       46.6420425749612875

reduce dt because of Lnuc_H   19286
 star_1_spin_period/binary_period  0.33039311354380324       0.62018169437583803        1.8771023636774888     
 normal tolerance
 element diffusion on 
save LOGS1/profile87.data for model 19286
                star               model                 age                mass             lg_mdot           (r-rl)/rl          last photo
                   1               19287     5.732528944E+09     1.974585137E-01    -9.900000000E+01    -9.454550976E-01        photos1/x250
      19287   7.318102  1.774E+04   1.154100   1.154100   0.197459   0.006162   0.000000   0.011795   0.140383   0.009799  22.953631   2833     42
   2.032344   5.126970  -1.028974 -27.682405  -0.011239 -99.000000   0.191297   0.980012   0.001635   0.005170   0.970083   1.445904      2      0
 5.7325E+09  21.039803  -0.108885  -4.742333   3.496668  -8.599070   0.000000   0.000103   0.002146  1.999E-02  2.012E-02  0.113E-08        Lnuc_H
                            surface ca40    1.1193734860883898D-05
                              surface h1        0.8544471316652328
              log_total_angular_momentum       46.6420425749612875

reduce dt because of Lnuc_H   19287
 star_1_spin_period/binary_period  0.33120209535864487       0.62170023602178259        1.8771023635842929     
 normal tolerance
 element diffusion on 
save LOGS1/profile88.data for model 19287
                star               model                 age                mass             lg_mdot           (r-rl)/rl          last photo
                   1               19288     5.732529048E+09     1.974585137E-01    -9.900000000E+01    -9.453896839E-01        photos1/x250
      19288   7.318080  1.771E+04   1.174257   1.174258   0.197459   0.006162   0.000000   0.011795   0.140396   0.009798  22.953608   2833     42
   2.014826   5.126936  -1.028453 -27.683494   0.008928 -99.000000   0.191297   0.980012   0.001635   0.005170   0.970084   1.445937      2      0
 5.7325E+09  21.039748  -0.110096  -4.716429   3.494418  -8.600625   0.000000   0.000103   0.002146  1.999E-02  2.012E-02  0.116E-08        Lnuc_H
                            surface ca40    1.1195112437104060D-05
                              surface h1        0.8544336459936213
              log_total_angular_momentum       46.6420425749612875

retry because of timestep limit Lnuc_H   19288
       retry cnt, step, log10(dt/yr), retry_factor     1 19288        1.412766        0.500000
                star               model                 age                mass             lg_mdot           (r-rl)/rl          last photo
                   1               19288     5.732528996E+09     1.974585137E-01    -9.900000000E+01    -9.454228067E-01        photos1/x250
      19288   7.318091  1.773E+04   1.163850   1.163851   0.197459   0.006162   0.000000   0.011795   0.140398   0.009798  22.953620   2833     43
   1.713796   5.126954  -1.028717 -27.682936  -0.001484 -99.000000   0.191297   0.980012   0.001635   0.005170   0.970083   1.445920      2      0
 5.7325E+09  21.039776  -0.109462  -4.729800   3.495577  -8.599833   0.000000   0.000103   0.002146  1.999E-02  2.012E-02  0.115E-08        Lnuc_H
                            surface ca40    1.1195279250080396D-05
                              surface h1        0.8544316288586705
              log_total_angular_momentum       46.6420425749612875

 star_1_spin_period/binary_period  0.33159696809156319       0.62244145254721706        1.8771023635395350     
 normal tolerance
 element diffusion on 
save LOGS1/profile89.data for model 19288
                star               model                 age                mass             lg_mdot           (r-rl)/rl          last photo
                   1               19289     5.732529058E+09     1.974585137E-01    -9.900000000E+01    -9.453834399E-01        photos1/x250
      19289   7.318078  1.771E+04   1.176008   1.176009   0.197459   0.006162   0.000000   0.011795   0.140405   0.009798  22.953606   2833     43
   1.792977   5.126933  -1.028404 -27.683593   0.010679 -99.000000   0.191297   0.980012   0.001635   0.005171   0.970084   1.445940      2      0
 5.7325E+09  21.039743  -0.110196  -4.714178   3.494219  -8.600769   0.000000   0.000103   0.002146  1.999E-02  2.012E-02  0.116E-08  max increase
                            surface ca40    1.1196019277102657D-05
                              surface h1        0.8544244235487541
              log_total_angular_momentum       46.6420425749612875

 star_1_spin_period/binary_period  0.33208006667515433       0.62334827802246306        1.8771023634858266     
 normal tolerance
 element diffusion on 
save LOGS1/profile90.data for model 19289
                star               model                 age                mass             lg_mdot           (r-rl)/rl          last photo
                   1               19290     5.732529133E+09     1.974585137E-01    -9.900000000E+01    -9.453352754E-01        photos1/x250

__________________________________________________________________________________________________________________________________________________

       step    lg_Tcntr    Teff       lg_LH     lg_Lnuc     Mass       H_rich     H_cntr     N_cntr     Y_surf     X_avg     eta_cntr  zones retry
   lg_dt_yr    lg_Dcntr    lg_R       lg_L3a    lg_Lneu     lg_Mdot    He_core    He_cntr    O_cntr     Z_surf     Y_avg     gam_cntr  iters bckup
     age_yr    lg_Pcntr    lg_L       lg_LZ     lg_Psurf    lg_Dsurf   C_core     C_cntr     Ne_cntr    Z_cntr     Z_avg     v_div_cs     dt_limit
__________________________________________________________________________________________________________________________________________________

      19290   7.318063  1.770E+04   1.191311   1.191311   0.197459   0.006162   0.000000   0.011795   0.140413   0.009798  22.953589   2835     43
   1.872158   5.126908  -1.028021 -27.684409   0.025985 -99.000000   0.191297   0.980012   0.001635   0.005171   0.970084   1.445965      2      0
 5.7325E+09  21.039701  -0.111137  -4.694527   3.492513  -8.601920   0.000000   0.000103   0.002146  1.999E-02  2.012E-02  0.119E-08        Lnuc_H
                            surface ca40    1.1196837210033646D-05
                              surface h1        0.8544164934794279
              log_total_angular_momentum       46.6420425749612875

reduce dt because of Lnuc_H   19290
 star_1_spin_period/binary_period  0.33267364197882004       0.62446247960643930        1.8771023634213746     
 normal tolerance
 element diffusion on 
save LOGS1/profile91.data for model 19290
                star               model                 age                mass             lg_mdot           (r-rl)/rl          last photo
                   1               19291     5.732529203E+09     1.974585137E-01    -9.900000000E+01    -9.452892520E-01        photos1/x250
      19291   7.318047  1.768E+04   1.206333   1.206333   0.197459   0.006162   0.000000   0.011795   0.140422   0.009798  22.953572   2835     43
   1.843829   5.126883  -1.027655 -27.685202   0.041009 -99.000000   0.191297   0.980012   0.001635   0.005171   0.970084   1.445989      2      0
 5.7325E+09  21.039661  -0.112080  -4.675247   3.490840  -8.603025   0.000000   0.000103   0.002146  1.999E-02  2.012E-02  0.121E-08        Lnuc_H
                            surface ca40    1.1197821561939456D-05
                              surface h1        0.8544068302987239
              log_total_angular_momentum       46.6420425749612875

reduce dt because of Lnuc_H   19291
 star_1_spin_period/binary_period  0.33324213288177024       0.62552959520382856        1.8771023633609918     
 normal tolerance
 element diffusion on 
save LOGS1/profile92.data for model 19291
                star               model                 age                mass             lg_mdot           (r-rl)/rl          last photo
                   1               19292     5.732529272E+09     1.974585137E-01    -9.900000000E+01    -9.452427919E-01        photos1/x250
      19292   7.318031  1.766E+04   1.221924   1.221924   0.197459   0.006162   0.000000   0.011795   0.140431   0.009798  22.953555   2836     43
   1.839100   5.126858  -1.027287 -27.686016   0.056599 -99.000000   0.191297   0.980012   0.001635   0.005172   0.970084   1.446013      2      0
 5.7325E+09  21.039620  -0.113076  -4.655248   3.489108  -8.604145   0.000000   0.000103   0.002146  1.999E-02  2.012E-02  0.124E-08        Lnuc_H
                            surface ca40    1.1198738332101072D-05
                              surface h1        0.8543978547331048
              log_total_angular_momentum       46.6420425749612875

reduce dt because of Lnuc_H   19292
 star_1_spin_period/binary_period  0.33381872392632744       0.62661191559632023        1.8771023633012602     
 normal tolerance
 element diffusion on 
save LOGS1/profile93.data for model 19292
                star               model                 age                mass             lg_mdot           (r-rl)/rl          last photo
                   1               19293     5.732529339E+09     1.974585137E-01    -9.900000000E+01    -9.451965493E-01        photos1/x250
      19293   7.318015  1.764E+04   1.237902   1.237903   0.197459   0.006162   0.000000   0.011795   0.140439   0.009798  22.953537   2836     43
   1.828142   5.126832  -1.026920 -27.686840   0.072574 -99.000000   0.191297   0.980012   0.001635   0.005172   0.970084   1.446039      2      0
 5.7325E+09  21.039578  -0.114112  -4.634762   3.487340  -8.605268   0.000000   0.000103   0.002146  1.999E-02  2.012E-02  0.127E-08        Lnuc_H
                            surface ca40    1.1199640414598412D-05
                              surface h1        0.8543890194323362
              log_total_angular_momentum       46.6420425749612804

reduce dt because of Lnuc_H   19293
 star_1_spin_period/binary_period  0.33439395727787963       0.62769168746049220        1.8771023632430166     
 normal tolerance
 element diffusion on 
save LOGS1/profile94.data for model 19293
                star               model                 age                mass             lg_mdot           (r-rl)/rl          last photo
                   1               19294     5.732529405E+09     1.974585137E-01    -9.900000000E+01    -9.451504240E-01        photos1/x250
      19294   7.317999  1.762E+04   1.254313   1.254314   0.197459   0.006162   0.000000   0.011795   0.140447   0.009798  22.953520   2836     43
   1.817647   5.126806  -1.026555 -27.687675   0.088979 -99.000000   0.191297   0.980012   0.001635   0.005172   0.970084   1.446064      2      0
 5.7325E+09  21.039535  -0.115192  -4.613734   3.485530  -8.606393   0.000000   0.000103   0.002146  1.999E-02  2.012E-02  0.130E-08        Lnuc_H
                            surface ca40    1.1200515700622670D-05
                              surface h1        0.8543804490147159
              log_total_angular_momentum       46.6420425749612804

reduce dt because of Lnuc_H   19294
 star_1_spin_period/binary_period  0.33496941441124911       0.62877187938644052        1.8771023631861616     
 normal tolerance
 element diffusion on 
save LOGS1/profile95.data for model 19294
                star               model                 age                mass             lg_mdot           (r-rl)/rl          last photo
                   1               19295     5.732529469E+09     1.974585137E-01    -9.900000000E+01    -9.451045125E-01        photos1/x250
      19295   7.317982  1.761E+04   1.271145   1.271146   0.197459   0.006162   0.000000   0.011795   0.140455   0.009798  22.953502   2838     43
   1.806098   5.126780  -1.026191 -27.688521   0.105803 -99.000000   0.191297   0.980012   0.001635   0.005172   0.970084   1.446090      2      0
 5.7325E+09  21.039492  -0.116315  -4.592178   3.483682  -8.607520   0.000000   0.000103   0.002146  1.999E-02  2.012E-02  0.133E-08        Lnuc_H
                            surface ca40    1.1201366373703250D-05
                              surface h1        0.8543721203439762
              log_total_angular_momentum       46.6420425749612804

reduce dt because of Lnuc_H   19295
 star_1_spin_period/binary_period  0.33554369835657843       0.62984986911878083        1.8771023631307973     
 normal tolerance
 element diffusion on 
save LOGS1/profile96.data for model 19295
                star               model                 age                mass             lg_mdot           (r-rl)/rl          last photo
                   1               19296     5.732529531E+09     1.974585137E-01    -9.900000000E+01    -9.450588565E-01        photos1/x250
      19296   7.317965  1.759E+04   1.288404   1.288405   0.197459   0.006162   0.000000   0.011795   0.140463   0.009798  22.953483   2838     43
   1.793836   5.126753  -1.025830 -27.689377   0.123050 -99.000000   0.191297   0.980012   0.001635   0.005173   0.970084   1.446116      2      0
 5.7325E+09  21.039448  -0.117480  -4.570087   3.481796  -8.608645   0.000000   0.000103   0.002146  1.999E-02  2.012E-02  0.136E-08        Lnuc_H
                            surface ca40    1.1202191514623447D-05
                              surface h1        0.8543640424233794
              log_total_angular_momentum       46.6420425749612804

reduce dt because of Lnuc_H   19296
 star_1_spin_period/binary_period  0.33611649141071359       0.63092506029619155        1.8771023630769732     
 normal tolerance
 element diffusion on 
save LOGS1/profile97.data for model 19296
                star               model                 age                mass             lg_mdot           (r-rl)/rl          last photo
                   1               19297     5.732529591E+09     1.974585137E-01    -9.900000000E+01    -9.450135004E-01        photos1/x250
      19297   7.317948  1.757E+04   1.306087   1.306088   0.197459   0.006162   0.000000   0.011795   0.140471   0.009798  22.953465   2838     43
   1.780783   5.126726  -1.025472 -27.690241   0.140719 -99.000000   0.191297   0.980012   0.001635   0.005173   0.970084   1.446143      2      0
 5.7325E+09  21.039404  -0.118687  -4.547465   3.479873  -8.609770   0.000000   0.000103   0.002146  1.999E-02  2.012E-02  0.139E-08        Lnuc_H
                            surface ca40    1.1202990898568665D-05
                              surface h1        0.8543562171302755
              log_total_angular_momentum       46.6420425749612804

reduce dt because of Lnuc_H   19297
 star_1_spin_period/binary_period  0.33668626893597109       0.63199459101769484        1.8771023630247412     
 normal tolerance
 element diffusion on 
save LOGS1/profile98.data for model 19297
                star               model                 age                mass             lg_mdot           (r-rl)/rl          last photo
                   1               19298     5.732529650E+09     1.974585137E-01    -9.900000000E+01    -9.449685019E-01        photos1/x250
      19298   7.317931  1.755E+04   1.324200   1.324201   0.197459   0.006162   0.000000   0.011795   0.140478   0.009798  22.953446   2840     43
   1.766954   5.126698  -1.025117 -27.691113   0.158815 -99.000000   0.191297   0.980012   0.001635   0.005173   0.970084   1.446170      2      0
 5.7325E+09  21.039359  -0.119934  -4.524306   3.477917  -8.610893   0.000000   0.000103   0.002146  1.999E-02  2.012E-02  0.143E-08        Lnuc_H
                            surface ca40    1.1203764267714210D-05
                              surface h1        0.8543486467606199
              log_total_angular_momentum       46.6420425749612804

reduce dt because of Lnuc_H   19298
 star_1_spin_period/binary_period  0.33725350865756959       0.63305935802244528        1.8771023629741457     
 normal tolerance
 element diffusion on 
save LOGS1/profile99.data for model 19298
                star               model                 age                mass             lg_mdot           (r-rl)/rl          last photo
                   1               19299     5.732529706E+09     1.974585137E-01    -9.900000000E+01    -9.449238962E-01        photos1/x250
      19299   7.317914  1.753E+04   1.342730   1.342731   0.197459   0.006162   0.000000   0.011795   0.140485   0.009798  22.953427   2841     43
   1.752342   5.126671  -1.024765 -27.691992   0.177325 -99.000000   0.191297   0.980012   0.001635   0.005174   0.970084   1.446197      2      0
 5.7325E+09  21.039313  -0.121221  -4.500625   3.475927  -8.612010   0.000000   0.000103   0.002146  1.999E-02  2.012E-02  0.146E-08        Lnuc_H
                            surface ca40    1.1204511377000620D-05
                              surface h1        0.8543413335335335
              log_total_angular_momentum       46.6420425749612804

reduce dt because of Lnuc_H   19299
 star_1_spin_period/binary_period  0.33781820941772439       0.63411935913717787        1.8771023629252219     
 normal tolerance
 element diffusion on 
save LOGS1/profile100.data for model 19299
                star               model                 age                mass             lg_mdot           (r-rl)/rl          last photo
                   1               19300     5.732529761E+09     1.974585137E-01    -9.900000000E+01    -9.448797210E-01        photos1/x250

__________________________________________________________________________________________________________________________________________________

       step    lg_Tcntr    Teff       lg_LH     lg_Lnuc     Mass       H_rich     H_cntr     N_cntr     Y_surf     X_avg     eta_cntr  zones retry
   lg_dt_yr    lg_Dcntr    lg_R       lg_L3a    lg_Lneu     lg_Mdot    He_core    He_cntr    O_cntr     Z_surf     Y_avg     gam_cntr  iters bckup
     age_yr    lg_Pcntr    lg_L       lg_LZ     lg_Psurf    lg_Dsurf   C_core     C_cntr     Ne_cntr    Z_cntr     Z_avg     v_div_cs     dt_limit
__________________________________________________________________________________________________________________________________________________

      19300   7.317896  1.751E+04   1.361667   1.361667   0.197459   0.006162   0.000000   0.011795   0.140492   0.009798  22.953408   2841     43
   1.736957   5.126643  -1.024417 -27.692877   0.196237 -99.000000   0.191297   0.980012   0.001635   0.005174   0.970084   1.446224      2      0
 5.7325E+09  21.039268  -0.122547  -4.476437   3.473906  -8.613125   0.000000   0.000103   0.002146  1.999E-02  2.012E-02  0.150E-08        Lnuc_H
                            surface ca40    1.1205232040986394D-05
                              surface h1        0.8543342791207318
              log_total_angular_momentum       46.6420425749612804

reduce dt because of Lnuc_H   19300
 star_1_spin_period/binary_period  0.33837810283456460       0.63517033637693665        1.8771023628780017     
 normal tolerance
 element diffusion on 
save LOGS1/profile101.data for model 19300
save photos1/x300 for model 19300
                star               model                 age                mass             lg_mdot           (r-rl)/rl          last photo
                   1               19301     5.732529813E+09     1.974585137E-01    -9.900000000E+01    -9.448360819E-01        photos1/x300
      19301   7.317879  1.749E+04   1.380642   1.380643   0.197459   0.006162   0.000000   0.011795   0.140498   0.009798  22.953389   2843     43
   1.720823   5.126615  -1.024073 -27.693767   0.215218 -99.000000   0.191297   0.980012   0.001635   0.005174   0.970084   1.446252      3      0
 5.7325E+09  21.039221  -0.123906  -4.452172   3.471860  -8.614232   0.000000   0.000103   0.002146  1.999E-02  2.012E-02  0.154E-08        Lnuc_H
                            surface ca40    1.1205926139486794D-05
                              surface h1        0.8543274846016862
              log_total_angular_momentum       46.6420425749612804

reduce dt because of Lnuc_H   19301
 star_1_spin_period/binary_period  0.33893173684363376       0.63620956406810836        1.8771023628325010     
 normal tolerance
 element diffusion on 
save LOGS1/profile102.data for model 19301
                star               model                 age                mass             lg_mdot           (r-rl)/rl          last photo
                   1               19302     5.732529864E+09     1.974585137E-01    -9.900000000E+01    -9.447929988E-01        photos1/x300
      19302   7.317861  1.747E+04   1.399597   1.399597   0.197459   0.006162   0.000000   0.011795   0.140505   0.009798  22.953369   2852     43
   1.704367   5.126586  -1.023734 -27.694660   0.234198 -99.000000   0.191297   0.980012   0.001635   0.005174   0.970084   1.446280      3      0
 5.7325E+09  21.039175  -0.125296  -4.427941   3.469794  -8.615329   0.000000   0.000103   0.002146  1.999E-02  2.012E-02  0.158E-08        Lnuc_H
                            surface ca40    1.1206593493615697D-05
                              surface h1        0.8543209520001772
              log_total_angular_momentum       46.6420425749612804

reduce dt because of Lnuc_H   19302
 star_1_spin_period/binary_period  0.33948072829290338       0.63724007719983466        1.8771023627886914     
 normal tolerance
 element diffusion on 
save LOGS1/profile103.data for model 19302
                star               model                 age                mass             lg_mdot           (r-rl)/rl          last photo
                   1               19303     5.732529913E+09     1.974585137E-01    -9.900000000E+01    -9.447503634E-01        photos1/x300
      19303   7.317843  1.744E+04   1.419015   1.419016   0.197459   0.006162   0.000000   0.011795   0.140511   0.009798  22.953349   2862     43
   1.687971   5.126557  -1.023399 -27.695554   0.253627 -99.000000   0.191297   0.980012   0.001635   0.005175   0.970084   1.446308      3      0
 5.7325E+09  21.039128  -0.126721  -4.403151   3.467700  -8.616422   0.000000   0.000103   0.002146  1.999E-02  2.012E-02  0.163E-08        Lnuc_H
                            surface ca40    1.1207234527459256D-05
                              surface h1        0.8543146774348767
              log_total_angular_momentum       46.6420425749612804

reduce dt because of Lnuc_H   19303
 star_1_spin_period/binary_period  0.34002473517654164       0.63826123379214106        1.8771023627465051     
 normal tolerance
 element diffusion on 
save LOGS1/profile104.data for model 19303
                star               model                 age                mass             lg_mdot           (r-rl)/rl          last photo
                   1               19304     5.732529960E+09     1.974585137E-01    -9.900000000E+01    -9.447081165E-01        photos1/x300
      19304   7.317825  1.742E+04   1.438753   1.438754   0.197459   0.006162   0.000000   0.011795   0.140517   0.009798  22.953330   2870     43
   1.671053   5.126528  -1.023067 -27.696448   0.273360 -99.000000   0.191297   0.980012   0.001635   0.005175   0.970084   1.446336      3      0
 5.7325E+09  21.039080  -0.128184  -4.377966   3.465573  -8.617512   0.000000   0.000103   0.002146  1.999E-02  2.012E-02  0.168E-08        Lnuc_H
                            surface ca40    1.1207850470713207D-05
                              surface h1        0.8543086483938367
              log_total_angular_momentum       46.6420425749612804

reduce dt because of Lnuc_H   19304
 star_1_spin_period/binary_period  0.34056491306172321       0.63927520296289986        1.8771023627059289     
 normal tolerance
 element diffusion on 
save LOGS1/profile105.data for model 19304
                star               model                 age                mass             lg_mdot           (r-rl)/rl          last photo
                   1               19305     5.732530005E+09     1.974585137E-01    -9.900000000E+01    -9.446675324E-01        photos1/x300
      19305   7.317806  1.740E+04   1.455264   1.455264   0.197459   0.006162   0.000000   0.011795   0.140522   0.009797  22.953309   2881     43
   1.653370   5.126498  -1.022748 -27.697371   0.290330 -99.000000   0.191297   0.980012   0.001635   0.005175   0.970085   1.446366      3      0
 5.7325E+09  21.039031  -0.129607  -4.356670   3.463514  -8.618558   0.000000   0.000103   0.002146  1.999E-02  2.012E-02  0.168E-08        Lnuc_H
                            surface ca40    1.1208441768475696D-05
                              surface h1        0.8543028602764398
              log_total_angular_momentum       46.6420425749612804

reduce dt because of Lnuc_H   19305
 star_1_spin_period/binary_period  0.34108521375175133       0.64025186060418116        1.8771023626669705     
 normal tolerance
 element diffusion on 
save LOGS1/profile106.data for model 19305
                star               model                 age                mass             lg_mdot           (r-rl)/rl          last photo
                   1               19306     5.732530048E+09     1.974585137E-01    -9.900000000E+01    -9.446272798E-01        photos1/x300
      19306   7.317787  1.738E+04   1.467757   1.467758   0.197459   0.006162   0.000000   0.011795   0.140528   0.009797  22.953286   2884     43
   1.639204   5.126469  -1.022432 -27.698266   0.303538 -99.000000   0.191297   0.980012   0.001635   0.005175   0.970085   1.446394      4      0
 5.7325E+09  21.038983  -0.131055  -4.340915   3.461437  -8.619602   0.000000   0.000103   0.002146  1.999E-02  2.012E-02  0.173E-08        Lnuc_H
                            surface ca40    1.1209007162910328D-05
                              surface h1        0.8542973284679919
              log_total_angular_momentum       46.6420425749612804

reduce dt because of Lnuc_H   19306
 star_1_spin_period/binary_period  0.34160174173087732       0.64122143648130092        1.8771023626292627     
 normal tolerance
 element diffusion on 
save LOGS1/profile107.data for model 19306
                star               model                 age                mass             lg_mdot           (r-rl)/rl          last photo
                   1               19307     5.732530091E+09     1.974585137E-01    -9.900000000E+01    -9.445870646E-01        photos1/x300
      19307   7.317768  1.736E+04   1.485077   1.485078   0.197459   0.006162   0.000000   0.011795   0.140533   0.009797  22.953267   2877     43
   1.632445   5.126439  -1.022117 -27.699190   0.320935 -99.000000   0.191297   0.980012   0.001635   0.005175   0.970085   1.446424      3      0
 5.7325E+09  21.038933  -0.132528  -4.318836   3.459334  -8.620648   0.000000   0.000103   0.002146  1.999E-02  2.012E-02  0.175E-08        Lnuc_H
                            surface ca40    1.1209550131632134D-05
                              surface h1        0.8542920218839462
              log_total_angular_momentum       46.6420425749612804

reduce dt because of Lnuc_H   19307
 star_1_spin_period/binary_period  0.34211959394843044       0.64219349808966075        1.8771023625921353     
 normal tolerance
 element diffusion on 
save LOGS1/profile108.data for model 19307
                star               model                 age                mass             lg_mdot           (r-rl)/rl          last photo
                   1               19308     5.732530133E+09     1.974585137E-01    -9.900000000E+01    -9.445455753E-01        photos1/x300
      19308   7.317749  1.734E+04   1.505721   1.505722   0.197459   0.006162   0.000000   0.011795   0.140538   0.009797  22.953245   2875     43
   1.622910   5.126408  -1.021792 -27.700093   0.341512 -99.000000   0.191297   0.980012   0.001635   0.005175   0.970085   1.446454      3      0
 5.7325E+09  21.038884  -0.134113  -4.292330   3.457100  -8.621733   0.000000   0.000103   0.002146  1.999E-02  2.012E-02  0.185E-08        Lnuc_H
                            surface ca40    1.1210082001505283D-05
                              surface h1        0.8542868230982078
              log_total_angular_momentum       46.6420425749612804

retry because of timestep limit Lnuc_H   19308
       retry cnt, step, log10(dt/yr), retry_factor     1 19308        1.020850        0.500000
                star               model                 age                mass             lg_mdot           (r-rl)/rl          last photo
                   1               19308     5.732530112E+09     1.974585137E-01    -9.900000000E+01    -9.445667801E-01        photos1/x300
      19308   7.317759  1.735E+04   1.494362   1.494362   0.197459   0.006162   0.000000   0.011795   0.140538   0.009797  22.953256   2875     44
   1.321880   5.126424  -1.021958 -27.699635   0.330319 -99.000000   0.191297   0.980012   0.001635   0.005176   0.970085   1.446439      3      0
 5.7325E+09  21.038909  -0.133286  -4.306897   3.458258  -8.621176   0.000000   0.000103   0.002146  1.999E-02  2.012E-02  0.181E-08        Lnuc_H
                            surface ca40    1.1210147866077954D-05
                              surface h1        0.8542860268982468
              log_total_angular_momentum       46.6420425749612804

 star_1_spin_period/binary_period  0.34238107590941869       0.64268432649018947        1.8771023625739753     
 normal tolerance
 element diffusion on 
save LOGS1/profile109.data for model 19308
                star               model                 age                mass             lg_mdot           (r-rl)/rl          last photo
                   1               19309     5.732530137E+09     1.974585137E-01    -9.900000000E+01    -9.445418191E-01        photos1/x300
      19309   7.317747  1.734E+04   1.507368   1.507369   0.197459   0.006162   0.000000   0.011795   0.140541   0.009797  22.953243   2888     44
   1.401061   5.126405  -1.021762 -27.700176   0.343133 -99.000000   0.191297   0.980012   0.001635   0.005176   0.970085   1.446457      3      0
 5.7325E+09  21.038879  -0.134241  -4.290233   3.456913  -8.621829   0.000000   0.000103   0.002146  1.999E-02  2.012E-02  0.186E-08  max increase
                            surface ca40    1.1210424541015049D-05
                              surface h1        0.8542833419407806
              log_total_angular_momentum       46.6420425749612733

 star_1_spin_period/binary_period  0.34270352244448815       0.64328959163550359        1.8771023625521823     
 normal tolerance
 element diffusion on 
save LOGS1/profile110.data for model 19309
                star               model                 age                mass             lg_mdot           (r-rl)/rl          last photo
                   1               19310     5.732530167E+09     1.974585137E-01    -9.900000000E+01    -9.445109509E-01        photos1/x300

__________________________________________________________________________________________________________________________________________________

       step    lg_Tcntr    Teff       lg_LH     lg_Lnuc     Mass       H_rich     H_cntr     N_cntr     Y_surf     X_avg     eta_cntr  zones retry
   lg_dt_yr    lg_Dcntr    lg_R       lg_L3a    lg_Lneu     lg_Mdot    He_core    He_cntr    O_cntr     Z_surf     Y_avg     gam_cntr  iters bckup
     age_yr    lg_Pcntr    lg_L       lg_LZ     lg_Psurf    lg_Dsurf   C_core     C_cntr     Ne_cntr    Z_cntr     Z_avg     v_div_cs     dt_limit
__________________________________________________________________________________________________________________________________________________

      19310   7.317733  1.732E+04   1.523903   1.523904   0.197459   0.006162   0.000000   0.011795   0.140544   0.009797  22.953228   2897     44
   1.480242   5.126383  -1.021521 -27.700841   0.359453 -99.000000   0.191297   0.980012   0.001635   0.005176   0.970085   1.446479      3      0
 5.7325E+09  21.038842  -0.135457  -4.269024   3.455215  -8.622641   0.000000   0.000103   0.002146  1.999E-02  2.012E-02  0.192E-08        Lnuc_H
                            surface ca40    1.1210740240455439D-05
                              surface h1        0.8542802866238169
              log_total_angular_momentum       46.6420425749612804

reduce dt because of Lnuc_H   19310
 star_1_spin_period/binary_period  0.34310381146799013       0.64404097509824998        1.8771023625260306     
 normal tolerance
 element diffusion on 
save LOGS1/profile111.data for model 19310
                star               model                 age                mass             lg_mdot           (r-rl)/rl          last photo
                   1               19311     5.732530196E+09     1.974585137E-01    -9.900000000E+01    -9.444811796E-01        photos1/x300
      19311   7.317719  1.730E+04   1.538767   1.538767   0.197459   0.006162   0.000000   0.011795   0.140548   0.009797  22.953213   2925     44
   1.449533   5.126361  -1.021288 -27.701469   0.374157 -99.000000   0.191297   0.980012   0.001635   0.005176   0.970085   1.446500      3      0
 5.7325E+09  21.038806  -0.136663  -4.250018   3.453544  -8.623428   0.000000   0.000103   0.002146  1.999E-02  2.012E-02  0.199E-08        Lnuc_H
                            surface ca40    1.1211127598465217D-05
                              surface h1        0.8542764855578208
              log_total_angular_momentum       46.6420425749612733

reduce dt because of Lnuc_H   19311
 star_1_spin_period/binary_period  0.34348990747603564       0.64476571681874384        1.8771023625016621     
 normal tolerance
 element diffusion on 
save LOGS1/profile112.data for model 19311
                star               model                 age                mass             lg_mdot           (r-rl)/rl          last photo
                   1               19312     5.732530223E+09     1.974585137E-01    -9.900000000E+01    -9.444545425E-01        photos1/x300
      19312   7.317704  1.729E+04   1.536400   1.536401   0.197459   0.006162   0.000000   0.011795   0.140551   0.009797  22.953195   2925     44
   1.444171   5.126336  -1.021079 -27.702201   0.374155 -99.000000   0.191297   0.980012   0.001635   0.005176   0.970085   1.446525      4      0
 5.7325E+09  21.038765  -0.137707  -4.252132   3.452083  -8.624128   0.000000   0.000103   0.002146  1.999E-02  2.012E-02  0.180E-08        Lnuc_H
                            surface ca40    1.1211484611136125D-05
                              surface h1        0.8542729927722527
              log_total_angular_momentum       46.6420425749612733

 star_1_spin_period/binary_period  0.34383479221457869       0.64541310076797820        1.8771023624775940     
 normal tolerance
 element diffusion on 
save LOGS1/profile113.data for model 19312
                star               model                 age                mass             lg_mdot           (r-rl)/rl          last photo
                   1               19313     5.732530255E+09     1.974585137E-01    -9.900000000E+01    -9.444230005E-01        photos1/x300
      19313   7.317687  1.727E+04   1.546660   1.546661   0.197459   0.006162   0.000000   0.011795   0.140554   0.009797  22.953177   2918     44
   1.501024   5.126309  -1.020833 -27.703003   0.384631 -99.000000   0.191297   0.980012   0.001635   0.005176   0.970085   1.446551      4      0
 5.7325E+09  21.038721  -0.138956  -4.239928   3.450343  -8.624956   0.000000   0.000103   0.002146  1.999E-02  2.012E-02  0.187E-08    varcontrol
                            surface ca40    1.1211821442009076D-05
                              surface h1        0.8542697288279583
              log_total_angular_momentum       46.6420425749612733

 star_1_spin_period/binary_period  0.34424284755114881       0.64617906239483136        1.8771023624501588     
 normal tolerance
 element diffusion on 
save LOGS1/profile114.data for model 19313
                star               model                 age                mass             lg_mdot           (r-rl)/rl          last photo
                   1               19314     5.732530290E+09     1.974585137E-01    -9.900000000E+01    -9.443854813E-01        photos1/x300
      19314   7.317668  1.725E+04   1.565337   1.565338   0.197459   0.006162   0.000000   0.011795   0.140558   0.009797  22.953155   2908     44
   1.547591   5.126279  -1.020540 -27.703849   0.402760 -99.000000   0.191297   0.980012   0.001635   0.005176   0.970085   1.446580      3      0
 5.7325E+09  21.038672  -0.140496  -4.216169   3.448218  -8.625948   0.000000   0.000103   0.002146  1.999E-02  2.012E-02  0.200E-08        Lnuc_H
                            surface ca40    1.1212196554679461D-05
                              surface h1        0.8542660935334407
              log_total_angular_momentum       46.6420425749612733

reduce dt because of Lnuc_H   19314
 star_1_spin_period/binary_period  0.34472837120438671       0.64709043998082105        1.8771023624196173     
 normal tolerance
 element diffusion on 
save LOGS1/profile115.data for model 19314
                star               model                 age                mass             lg_mdot           (r-rl)/rl          last photo
                   1               19315     5.732530324E+09     1.974585137E-01    -9.900000000E+01    -9.443479242E-01        photos1/x300
      19315   7.317649  1.723E+04   1.586694   1.586695   0.197459   0.006162   0.000000   0.011795   0.140562   0.009797  22.953135   2926     44
   1.525726   5.126249  -1.020247 -27.704647   0.423818 -99.000000   0.191297   0.980012   0.001635   0.005176   0.970085   1.446609      3      0
 5.7325E+09  21.038624  -0.142091  -4.188410   3.446037  -8.626948   0.000000   0.000103   0.002146  1.999E-02  2.012E-02  0.211E-08        Lnuc_H
                            surface ca40    1.1212622275568775D-05
                              surface h1        0.8542619299834047
              log_total_angular_momentum       46.6420425749612733

retry because of timestep limit Lnuc_H   19315
       retry cnt, step, log10(dt/yr), retry_factor     1 19315        0.923666        0.500000
                star               model                 age                mass             lg_mdot           (r-rl)/rl          last photo
                   1               19315     5.732530307E+09     1.974585137E-01    -9.900000000E+01    -9.443672118E-01        photos1/x300
      19315   7.317659  1.724E+04   1.575068   1.575068   0.197459   0.006162   0.000000   0.011795   0.140562   0.009797  22.953145   2926     45
   1.224696   5.126264  -1.020397 -27.704250   0.412518 -99.000000   0.191297   0.980012   0.001635   0.005176   0.970085   1.446595      3      0
 5.7325E+09  21.038648  -0.141257  -4.203467   3.447172  -8.626433   0.000000   0.000103   0.002146  1.999E-02  2.012E-02  0.205E-08        Lnuc_H
                            surface ca40    1.1212674580494575D-05
                              surface h1        0.8542612978566095
              log_total_angular_momentum       46.6420425749612733

 star_1_spin_period/binary_period  0.34496555696579762       0.64753566192888856        1.8771023624050964     
 normal tolerance
 element diffusion on 
save LOGS1/profile116.data for model 19315
                star               model                 age                mass             lg_mdot           (r-rl)/rl          last photo
                   1               19316     5.732530327E+09     1.974585137E-01    -9.900000000E+01    -9.443444836E-01        photos1/x300
      19316   7.317648  1.723E+04   1.588519   1.588520   0.197459   0.006162   0.000000   0.011795   0.140564   0.009797  22.953133   2931     45
   1.303877   5.126247  -1.020220 -27.704712   0.425614 -99.000000   0.191297   0.980012   0.001635   0.005176   0.970085   1.446612      2      0
 5.7325E+09  21.038620  -0.142226  -4.185992   3.445849  -8.627037   0.000000   0.000103   0.002146  1.999E-02  2.012E-02  0.213E-08  max increase
                            surface ca40    1.1212886971515131D-05
                              surface h1        0.8542592402068778
              log_total_angular_momentum       46.6420425749612733

 star_1_spin_period/binary_period  0.34525970225654856       0.64808780274303113        1.8771023623876708     
 normal tolerance
 element diffusion on 
save LOGS1/profile117.data for model 19316
                star               model                 age                mass             lg_mdot           (r-rl)/rl          last photo
                   1               19317     5.732530351E+09     1.974585137E-01    -9.900000000E+01    -9.443162492E-01        photos1/x300
      19317   7.317634  1.721E+04   1.605166   1.605167   0.197459   0.006162   0.000000   0.011795   0.140567   0.009797  22.953118   2932     45
   1.383058   5.126225  -1.020000 -27.705287   0.441809 -99.000000   0.191297   0.980012   0.001635   0.005177   0.970085   1.446634      3      0
 5.7325E+09  21.038583  -0.143461  -4.164486   3.444174  -8.627792   0.000000   0.000103   0.002146  1.999E-02  2.012E-02  0.221E-08        Lnuc_H
                            surface ca40    1.1213131696711097D-05
                              surface h1        0.8542568746971136
              log_total_angular_momentum       46.6420425749612733

reduce dt because of Lnuc_H   19317
 star_1_spin_period/binary_period  0.34562692215366159       0.64877711207219058        1.8771023623667604     
 normal tolerance
 element diffusion on 
save LOGS1/profile118.data for model 19317
                star               model                 age                mass             lg_mdot           (r-rl)/rl          last photo
                   1               19318     5.732530374E+09     1.974585137E-01    -9.900000000E+01    -9.442894764E-01        photos1/x300
      19318   7.317621  1.719E+04   1.616927   1.616928   0.197459   0.006162   0.000000   0.011795   0.140569   0.009797  22.953103   2937     45
   1.351712   5.126203  -1.019791 -27.705819   0.453684 -99.000000   0.191297   0.980012   0.001635   0.005177   0.970085   1.446654      3      0
 5.7325E+09  21.038548  -0.144654  -4.149231   3.442564  -8.628511   0.000000   0.000103   0.002146  1.999E-02  2.012E-02  0.225E-08        Lnuc_H
                            surface ca40    1.1213434549220830D-05
                              surface h1        0.8542539043590944
              log_total_angular_momentum       46.6420425749612733

reduce dt because of Lnuc_H   19318
 star_1_spin_period/binary_period  0.34597505025348974       0.64943058414405330        1.8771023623473053     
 normal tolerance
 element diffusion on 
save LOGS1/profile119.data for model 19318
                star               model                 age                mass             lg_mdot           (r-rl)/rl          last photo
                   1               19319     5.732530396E+09     1.974585137E-01    -9.900000000E+01    -9.442631396E-01        photos1/x300
      19319   7.317606  1.718E+04   1.629092   1.629093   0.197459   0.006162   0.000000   0.011795   0.140572   0.009797  22.953087   2946     45
   1.349930   5.126181  -1.019586 -27.706371   0.466491 -99.000000   0.191297   0.980012   0.001635   0.005177   0.970085   1.446677      3      0
 5.7325E+09  21.038511  -0.145839  -4.133456   3.440970  -8.629218   0.000000   0.000103   0.002146  1.999E-02  2.012E-02  0.222E-08        Lnuc_H
                            surface ca40    1.1213712628619120D-05
                              surface h1        0.8542511868506241
              log_total_angular_momentum       46.6420425749612733

reduce dt because of Lnuc_H   19319
 star_1_spin_period/binary_period  0.34631909479396511       0.65007639095702263        1.8771023623279310     
 normal tolerance
 element diffusion on 
save LOGS1/profile120.data for model 19319
                star               model                 age                mass             lg_mdot           (r-rl)/rl          last photo
                   1               19320     5.732530418E+09     1.974585137E-01    -9.900000000E+01    -9.442356406E-01        photos1/x300

__________________________________________________________________________________________________________________________________________________

       step    lg_Tcntr    Teff       lg_LH     lg_Lnuc     Mass       H_rich     H_cntr     N_cntr     Y_surf     X_avg     eta_cntr  zones retry
   lg_dt_yr    lg_Dcntr    lg_R       lg_L3a    lg_Lneu     lg_Mdot    He_core    He_cntr    O_cntr     Z_surf     Y_avg     gam_cntr  iters bckup
     age_yr    lg_Pcntr    lg_L       lg_LZ     lg_Psurf    lg_Dsurf   C_core     C_cntr     Ne_cntr    Z_cntr     Z_avg     v_div_cs     dt_limit
__________________________________________________________________________________________________________________________________________________

      19320   7.317592  1.716E+04   1.642842   1.642843   0.197459   0.006162   0.000000   0.011795   0.140575   0.009797  22.953072   2991     45
   1.345885   5.126158  -1.019371 -27.706877   0.480466 -99.000000   0.191297   0.980012   0.001635   0.005177   0.970085   1.446699      4      0
 5.7325E+09  21.038475  -0.147100  -4.115579   3.439281  -8.629957   0.000000   0.000103   0.002146  1.999E-02  2.012E-02  0.235E-08        Lnuc_H
                            surface ca40    1.1213987884982181D-05
                              surface h1        0.8542484968590923
              log_total_angular_momentum       46.6420425749612733

reduce dt because of Lnuc_H   19320
 star_1_spin_period/binary_period  0.34667834669691405       0.65075074354606399        1.8771023623087348     
 normal tolerance
 element diffusion on 
save LOGS1/profile121.data for model 19320
                star               model                 age                mass             lg_mdot           (r-rl)/rl          last photo
                   1               19321     5.732530440E+09     1.974585137E-01    -9.900000000E+01    -9.442085903E-01        photos1/x300
      19321   7.317578  1.714E+04   1.656746   1.656747   0.197459   0.006162   0.000000   0.011795   0.140577   0.009797  22.953055   2984     45
   1.340130   5.126135  -1.019161 -27.707381   0.494584 -99.000000   0.191297   0.980012   0.001635   0.005177   0.970085   1.446721      3      0
 5.7325E+09  21.038436  -0.148356  -4.097661   3.437605  -8.630688   0.000000   0.000103   0.002146  1.999E-02  2.012E-02  0.234E-08        Lnuc_H
                            surface ca40    1.1214259224928887D-05
                              surface h1        0.8542458450907449
              log_total_angular_momentum       46.6420425749612733

reduce dt because of Lnuc_H   19321
 star_1_spin_period/binary_period  0.34703172622623280       0.65141407308876575        1.8771023622897913     
 normal tolerance
 element diffusion on 
save LOGS1/profile122.data for model 19321
                star               model                 age                mass             lg_mdot           (r-rl)/rl          last photo
                   1               19322     5.732530462E+09     1.974585137E-01    -9.900000000E+01    -9.441799160E-01        photos1/x300
      19322   7.317563  1.713E+04   1.669078   1.669079   0.197459   0.006162   0.000000   0.011795   0.140580   0.009797  22.953040   3019     45
   1.332813   5.126112  -1.018938 -27.707829   0.506916 -99.000000   0.191297   0.980012   0.001635   0.005177   0.970085   1.446744      4      0
 5.7325E+09  21.038399  -0.149717  -4.081752   3.435798  -8.631466   0.000000   0.000103   0.002146  1.999E-02  2.012E-02  0.253E-08        Lnuc_H
                            surface ca40    1.1214525823575550D-05
                              surface h1        0.8542432395762934
              log_total_angular_momentum       46.6420425749612733

reduce dt because of Lnuc_H   19322
 star_1_spin_period/binary_period  0.34740590700870988       0.65211644871300545        1.8771023622711636     
 normal tolerance
 element diffusion on 
save LOGS1/profile123.data for model 19322
                star               model                 age                mass             lg_mdot           (r-rl)/rl          last photo
                   1               19323     5.732530483E+09     1.974585137E-01    -9.900000000E+01    -9.441573510E-01        photos1/x300
      19323   7.317546  1.711E+04   1.656414   1.656415   0.197459   0.006162   0.000000   0.011795   0.140582   0.009797  22.953021   3005     45
   1.327509   5.126085  -1.018762 -27.708569   0.501216 -99.000000   0.191297   0.980012   0.001635   0.005177   0.970086   1.446770      4      0
 5.7325E+09  21.038355  -0.150761  -4.095474   3.434404  -8.632073   0.000000   0.000103   0.002146  1.999E-02  2.012E-02  0.201E-08        Lnuc_H
                            surface ca40    1.1214786480314305D-05
                              surface h1        0.8542406931975314
              log_total_angular_momentum       46.6420425749612733

reduce dt because of Lnuc_H   19323
 star_1_spin_period/binary_period  0.34770098838235514       0.65267034665013912        1.8771023622527625     
 normal tolerance
 element diffusion on 
save LOGS1/profile124.data for model 19323
                star               model                 age                mass             lg_mdot           (r-rl)/rl          last photo
                   1               19324     5.732530504E+09     1.974585137E-01    -9.900000000E+01    -9.441308119E-01        photos1/x300
      19324   7.317532  1.710E+04   1.671626   1.671626   0.197459   0.006162   0.000000   0.011795   0.140585   0.009796  22.953004   2986     45
   1.323118   5.126062  -1.018556 -27.709246   0.514934 -99.000000   0.191297   0.980012   0.001635   0.005177   0.970086   1.446793      4      0
 5.7325E+09  21.038316  -0.152004  -4.077829   3.432749  -8.632789   0.000000   0.000103   0.002146  1.999E-02  2.012E-02  0.240E-08        Lnuc_H
                            surface ca40    1.1215042450409519D-05
                              surface h1        0.8542381934209898
              log_total_angular_momentum       46.6420425749612733

reduce dt because of Lnuc_H   19324
 star_1_spin_period/binary_period  0.34804680802359789       0.65331948550928876        1.8771023622345449     
 normal tolerance
 element diffusion on 
save LOGS1/profile125.data for model 19324
                star               model                 age                mass             lg_mdot           (r-rl)/rl          last photo
                   1               19325     5.732530525E+09     1.974585137E-01    -9.900000000E+01    -9.441058971E-01        photos1/x300
      19325   7.317516  1.708E+04   1.687640   1.687640   0.197459   0.006162   0.000000   0.011795   0.140587   0.009796  22.952986   2961     45
   1.315206   5.126037  -1.018362 -27.709818   0.529154 -99.000000   0.191297   0.980012   0.001635   0.005177   0.970086   1.446817      3      0
 5.7325E+09  21.038276  -0.153176  -4.057522   3.431191  -8.633459   0.000000   0.000103   0.002146  1.999E-02  2.012E-02  0.229E-08        Lnuc_H
                            surface ca40    1.1215295185572124D-05
                              surface h1        0.8542357244233171
              log_total_angular_momentum       46.6420425749612733

reduce dt because of Lnuc_H   19325
 star_1_spin_period/binary_period  0.34837294573377237       0.65393167936923935        1.8771023622166569     
 normal tolerance
 element diffusion on 
save LOGS1/profile126.data for model 19325
                star               model                 age                mass             lg_mdot           (r-rl)/rl          last photo
                   1               19326     5.732530545E+09     1.974585137E-01    -9.900000000E+01    -9.440781231E-01        photos1/x300
      19326   7.317501  1.706E+04   1.704488   1.704488   0.197459   0.006162   0.000000   0.011795   0.140589   0.009796  22.952969   2962     45
   1.304343   5.126013  -1.018146 -27.710249   0.545619 -99.000000   0.191297   0.980012   0.001635   0.005177   0.970086   1.446840      3      0
 5.7325E+09  21.038237  -0.154513  -4.035015   3.429422  -8.634212   0.000000   0.000103   0.002146  1.999E-02  2.012E-02  0.262E-08        Lnuc_H
                            surface ca40    1.1215542796985244D-05
                              surface h1        0.8542333048081979
              log_total_angular_momentum       46.6420425749612733

reduce dt because of Lnuc_H   19326
 star_1_spin_period/binary_period  0.34873505764606516       0.65461140048910671        1.8771023621992105     
 normal tolerance
 element diffusion on 
save LOGS1/profile127.data for model 19326
                star               model                 age                mass             lg_mdot           (r-rl)/rl          last photo
                   1               19327     5.732530565E+09     1.974585137E-01    -9.900000000E+01    -9.440504130E-01        photos1/x300
      19327   7.317486  1.705E+04   1.718879   1.718880   0.197459   0.006162   0.000000   0.011795   0.140592   0.009796  22.952953   2975     45
   1.292345   5.125989  -1.017931 -27.710614   0.560707 -99.000000   0.191297   0.980012   0.001635   0.005177   0.970086   1.446864      3      0
 5.7325E+09  21.038198  -0.155876  -4.016899   3.427630  -8.634965   0.000000   0.000103   0.002146  1.999E-02  2.012E-02  0.269E-08        Lnuc_H
                            surface ca40    1.1215783772875340D-05
                              surface h1        0.8542309498182324
              log_total_angular_momentum       46.6420425749612733

reduce dt because of Lnuc_H   19327
 star_1_spin_period/binary_period  0.34909739982777077       0.65529155384838644        1.8771023621822398     
 normal tolerance
 element diffusion on 
save LOGS1/profile128.data for model 19327
                star               model                 age                mass             lg_mdot           (r-rl)/rl          last photo
                   1               19328     5.732530584E+09     1.974585137E-01    -9.900000000E+01    -9.440235547E-01        photos1/x300
      19328   7.317471  1.703E+04   1.723831   1.723832   0.197459   0.006162   0.000000   0.011795   0.140594   0.009796  22.952936   2980     45
   1.282488   5.125965  -1.017723 -27.710998   0.569574 -99.000000   0.191297   0.980012   0.001635   0.005178   0.970086   1.446888      4      0
 5.7325E+09  21.038158  -0.157216  -4.008995   3.425874  -8.635696   0.000000   0.000103   0.002146  1.999E-02  2.012E-02  0.267E-08        Lnuc_H
                            surface ca40    1.1216017184098832D-05
                              surface h1        0.8542286695867913
              log_total_angular_momentum       46.6420425749612733

 star_1_spin_period/binary_period  0.34944895157181211       0.65595145245175779        1.8771023621656486     
 normal tolerance
 element diffusion on 
save LOGS1/profile129.data for model 19328
                star               model                 age                mass             lg_mdot           (r-rl)/rl          last photo
                   1               19329     5.732530606E+09     1.974585137E-01    -9.900000000E+01    -9.439909181E-01        photos1/x300
      19329   7.317453  1.701E+04   1.742295   1.742296   0.197459   0.006162   0.000000   0.011795   0.140596   0.009796  22.952916   2975     45
   1.348761   5.125936  -1.017470 -27.711345   0.586119 -99.000000   0.191297   0.980012   0.001635   0.005178   0.970086   1.446916      3      0
 5.7325E+09  21.038111  -0.158869  -3.985039   3.423716  -8.636589   0.000000   0.000103   0.002146  1.999E-02  2.012E-02  0.279E-08    varcontrol
                            surface ca40    1.1216233429612490D-05
                              surface h1        0.8542265827979304
              log_total_angular_momentum       46.6420425749612733

 star_1_spin_period/binary_period  0.34987794916945214       0.65675672484888969        1.8771023621463230     
 normal tolerance
 element diffusion on 
save LOGS1/profile130.data for model 19329
                star               model                 age                mass             lg_mdot           (r-rl)/rl          last photo
                   1               19330     5.732530631E+09     1.974585137E-01    -9.900000000E+01    -9.439524284E-01        photos1/x300

__________________________________________________________________________________________________________________________________________________

       step    lg_Tcntr    Teff       lg_LH     lg_Lnuc     Mass       H_rich     H_cntr     N_cntr     Y_surf     X_avg     eta_cntr  zones retry
   lg_dt_yr    lg_Dcntr    lg_R       lg_L3a    lg_Lneu     lg_Mdot    He_core    He_cntr    O_cntr     Z_surf     Y_avg     gam_cntr  iters bckup
     age_yr    lg_Pcntr    lg_L       lg_LZ     lg_Psurf    lg_Dsurf   C_core     C_cntr     Ne_cntr    Z_cntr     Z_avg     v_div_cs     dt_limit
__________________________________________________________________________________________________________________________________________________

      19330   7.317432  1.698E+04   1.761872   1.761872   0.197459   0.006162   0.000000   0.011795   0.140598   0.009796  22.952893   2993     45
   1.391346   5.125903  -1.017171 -27.711509   0.605773 -99.000000   0.191297   0.980012   0.001635   0.005178   0.970086   1.446948      3      0
 5.7325E+09  21.038057  -0.160860  -3.958700   3.421129  -8.637644   0.000000   0.000103   0.002146  1.999E-02  2.012E-02  0.299E-08        Lnuc_H
                            surface ca40    1.1216482625427623D-05
                              surface h1        0.8542241715181393
              log_total_angular_momentum       46.6420425749612733

reduce dt because of Lnuc_H   19330
 star_1_spin_period/binary_period  0.35039479422876346       0.65772689592311717        1.8771023621250058     
 normal tolerance
 element diffusion on 
save LOGS1/profile131.data for model 19330
                star               model                 age                mass             lg_mdot           (r-rl)/rl          last photo
                   1               19331     5.732530654E+09     1.974585137E-01    -9.900000000E+01    -9.439166579E-01        photos1/x300
      19331   7.317412  1.696E+04   1.770074   1.770075   0.197459   0.006162   0.000000   0.011795   0.140601   0.009796  22.952871   2991     45
   1.360064   5.125870  -1.016894 -27.711754   0.618629 -99.000000   0.191297   0.980012   0.001635   0.005178   0.970086   1.446980      4      0
 5.7325E+09  21.038004  -0.162742  -3.945663   3.418694  -8.638624   0.000000   0.000103   0.002146  1.999E-02  2.012E-02  0.299E-08        Lnuc_H
                            surface ca40    1.1216765436552209D-05
                              surface h1        0.8542214061949798
              log_total_angular_momentum       46.6420425749612733

 star_1_spin_period/binary_period  0.35089215763030224       0.65866049793201964        1.8771023621051690     
 normal tolerance
 element diffusion on 
save LOGS1/profile132.data for model 19331
                star               model                 age                mass             lg_mdot           (r-rl)/rl          last photo
                   1               19332     5.732530680E+09     1.974585137E-01    -9.900000000E+01    -9.438818292E-01        photos1/x300
      19332   7.317384  1.694E+04   1.780543   1.780544   0.197459   0.006162   0.000000   0.011795   0.140603   0.009796  22.952840   2996     45
   1.423153   5.125826  -1.016625 -27.712173   0.633969 -99.000000   0.191297   0.980012   0.001635   0.005178   0.970086   1.447024      4      0
 5.7325E+09  21.037931  -0.164574  -3.935147   3.416324  -8.639578   0.000000   0.000103   0.002146  1.999E-02  2.012E-02  0.252E-08    varcontrol
                            surface ca40    1.1217014648164313D-05
                              surface h1        0.8542190047272050
              log_total_angular_momentum       46.6420425749612733

 star_1_spin_period/binary_period  0.35139144829508151       0.65959771761019337        1.8771023620822302     
 normal tolerance
 element diffusion on 
save LOGS1/profile133.data for model 19332
                star               model                 age                mass             lg_mdot           (r-rl)/rl          last photo
                   1               19333     5.732530710E+09     1.974585137E-01    -9.900000000E+01    -9.438336088E-01        photos1/x300
      19333   7.317356  1.690E+04   1.801149   1.801150   0.197459   0.006167   0.000000   0.011795   0.140606   0.009796  22.952809   2991     45
   1.473070   5.125782  -1.016252 -27.711917   0.659796 -99.000000   0.191292   0.980012   0.001635   0.005178   0.970086   1.447067      3      0
 5.7325E+09  21.037859  -0.167126  -3.905454   3.413027  -8.640900   0.000000   0.000103   0.002146  1.999E-02  2.012E-02  0.312E-08        Lnuc_H
                            surface ca40    1.1217297725784377D-05
                              surface h1        0.8542162744937993
              log_total_angular_momentum       46.6420425749612733

retry because of timestep limit Lnuc_H   19333
       retry cnt, step, log10(dt/yr), retry_factor     1 19333        0.871010        0.500000
                star               model                 age                mass             lg_mdot           (r-rl)/rl          last photo
                   1               19333     5.732530695E+09     1.974585137E-01    -9.900000000E+01    -9.438598420E-01        photos1/x300
      19333   7.317370  1.692E+04   1.787094   1.787095   0.197459   0.006167   0.000000   0.011795   0.140606   0.009796  22.952824   2991     46
   1.172040   5.125804  -1.016454 -27.712226   0.648714 -99.000000   0.191292   0.980012   0.001635   0.005178   0.970086   1.447045      3      0
 5.7325E+09  21.037895  -0.165721  -3.924967   3.414838  -8.640178   0.000000   0.000103   0.002146  1.999E-02  2.012E-02  0.284E-08        Lnuc_H
                            surface ca40    1.1217343261866878D-05
                              surface h1        0.8542157248104372
              log_total_angular_momentum       46.6420425749612733

 star_1_spin_period/binary_period  0.35169407254114704       0.66016577429278145        1.8771023620693641     
 normal tolerance
 element diffusion on 
save LOGS1/profile134.data for model 19333
                star               model                 age                mass             lg_mdot           (r-rl)/rl          last photo
                   1               19334     5.732530713E+09     1.974585137E-01    -9.900000000E+01    -9.438289768E-01        photos1/x300
      19334   7.317354  1.690E+04   1.799907   1.799908   0.197459   0.006167   0.000000   0.011795   0.140608   0.009796  22.952807   2987     46
   1.251222   5.125779  -1.016216 -27.712170   0.655022 -99.000000   0.191292   0.980012   0.001635   0.005178   0.970086   1.447070      4      0
 5.7325E+09  21.037854  -0.167350  -3.908048   3.412732  -8.641024   0.000000   0.000103   0.002146  1.999E-02  2.012E-02  0.332E-08  max increase
                            surface ca40    1.1217510800721453D-05
                              surface h1        0.8542141101866710
              log_total_angular_momentum       46.6420425749612733

 star_1_spin_period/binary_period  0.35210975994864796       0.66094606210184725        1.8771023620539240     
 normal tolerance
 element diffusion on 
save LOGS1/profile135.data for model 19334
                star               model                 age                mass             lg_mdot           (r-rl)/rl          last photo
                   1               19335     5.732530734E+09     1.974585137E-01    -9.900000000E+01    -9.437924399E-01        photos1/x300
      19335   7.317334  1.688E+04   1.816018   1.816019   0.197459   0.006167   0.000000   0.011795   0.140610   0.009796  22.952784   2989     46
   1.324902   5.125747  -1.015933 -27.711794   0.672995 -99.000000   0.191292   0.980012   0.001635   0.005178   0.970086   1.447101      4      0
 5.7325E+09  21.037801  -0.169327  -3.885457   3.410191  -8.642028   0.000000   0.000103   0.002146  1.999E-02  2.012E-02  0.333E-08        Lnuc_H
                            surface ca40    1.1217706172192971D-05
                              surface h1        0.8542122289977400
              log_total_angular_momentum       46.6420425749612733

reduce dt because of Lnuc_H   19335
 star_1_spin_period/binary_period  0.35259984704878045       0.66186600574866727        1.8771023620356291     
 normal tolerance
 element diffusion on 
save LOGS1/profile136.data for model 19335
                star               model                 age                mass             lg_mdot           (r-rl)/rl          last photo
                   1               19336     5.732530754E+09     1.974585137E-01    -9.900000000E+01    -9.437557694E-01        photos1/x300
      19336   7.317315  1.685E+04   1.830394   1.830395   0.197459   0.006167   0.000000   0.011795   0.140612   0.009796  22.952763   2995     46
   1.296273   5.125716  -1.015650 -27.711127   0.685277 -99.000000   0.191292   0.980012   0.001635   0.005178   0.970086   1.447131      3      0
 5.7325E+09  21.037751  -0.171342  -3.867397   3.407610  -8.643037   0.000000   0.000103   0.002146  1.999E-02  2.012E-02  0.357E-08        Lnuc_H
                            surface ca40    1.1217946634656601D-05
                              surface h1        0.8542098784506594
              log_total_angular_momentum       46.6420425749612733

reduce dt because of Lnuc_H   19336
 star_1_spin_period/binary_period  0.35309261765167810       0.66279098660526015        1.8771023620185006     
 normal tolerance
 element diffusion on 
save LOGS1/profile137.data for model 19336
                star               model                 age                mass             lg_mdot           (r-rl)/rl          last photo
                   1               19337     5.732530773E+09     1.974585137E-01    -9.900000000E+01    -9.437249036E-01        photos1/x300
      19337   7.317293  1.683E+04   1.833574   1.833575   0.197459   0.006167   0.000000   0.011795   0.140614   0.009796  22.952739   3003     46
   1.291435   5.125682  -1.015412 -27.711001   0.700517 -99.000000   0.191292   0.980012   0.001635   0.005178   0.970086   1.447165      4      0
 5.7325E+09  21.037695  -0.173076  -3.859218   3.405401  -8.643890   0.000000   0.000103   0.002146  1.999E-02  2.012E-02  0.304E-08        Lnuc_H
                            surface ca40    1.1218169132991812D-05
                              surface h1        0.8542077102964891
              log_total_angular_momentum       46.6420425749612733

 star_1_spin_period/binary_period  0.35350906993206116       0.66357271015844754        1.8771023620015623     
 normal tolerance
 element diffusion on 
save LOGS1/profile138.data for model 19337
                star               model                 age                mass             lg_mdot           (r-rl)/rl          last photo
                   1               19338     5.732530796E+09     1.974585137E-01    -9.900000000E+01    -9.436800487E-01        photos1/x300
      19338   7.317271  1.680E+04   1.853973   1.853974   0.197459   0.006167   0.000000   0.011795   0.140616   0.009796  22.952715   3005     46
   1.346398   5.125646  -1.015066 -27.709884   0.710191 -99.000000   0.191292   0.980012   0.001635   0.005178   0.970087   1.447200      3      0
 5.7325E+09  21.037637  -0.175577  -3.833302   3.402210  -8.645123   0.000000   0.000103   0.002146  1.999E-02  2.012E-02  0.390E-08    varcontrol
                            surface ca40    1.1218379173087271D-05
                              surface h1        0.8542056841558308
              log_total_angular_momentum       46.6420425749612733

retry because of timestep limit Lnuc_H   19338
       retry cnt, step, log10(dt/yr), retry_factor     1 19338        0.744338        0.500000
                star               model                 age                mass             lg_mdot           (r-rl)/rl          last photo
                   1               19338     5.732530784E+09     1.974585137E-01    -9.900000000E+01    -9.437037587E-01        photos1/x300
      19338   7.317282  1.681E+04   1.845206   1.845207   0.197459   0.006167   0.000000   0.011795   0.140616   0.009796  22.952727   3005     47
   1.045368   5.125664  -1.015249 -27.710628   0.705671 -99.000000   0.191292   0.980012   0.001635   0.005178   0.970086   1.447182      3      0
 5.7325E+09  21.037666  -0.174242  -3.844251   3.403910  -8.644469   0.000000   0.000103   0.002146  1.999E-02  2.012E-02  0.368E-08        Lnuc_H
                            surface ca40    1.1218412998655508D-05
                              surface h1        0.8542052760146609
              log_total_angular_momentum       46.6420425749612733

 star_1_spin_period/binary_period  0.35379138482495665       0.66410264410732900        1.8771023619919496     
 normal tolerance
 element diffusion on 
save LOGS1/profile139.data for model 19338
                star               model                 age                mass             lg_mdot           (r-rl)/rl          last photo
                   1               19339     5.732530798E+09     1.974585137E-01    -9.900000000E+01    -9.436785093E-01        photos1/x300
      19339   7.317268  1.680E+04   1.853994   1.853995   0.197459   0.006167   0.000000   0.011795   0.140617   0.009796  22.952711   2992     47
   1.124550   5.125642  -1.015054 -27.709966   0.718233 -99.000000   0.191292   0.980012   0.001635   0.005178   0.970087   1.447204      3      0
 5.7325E+09  21.037629  -0.175656  -3.832070   3.402107  -8.645165   0.000000   0.000103   0.002146  1.999E-02  2.012E-02  0.366E-08        Lnuc_H
                            surface ca40    1.1218536953800352D-05
                              surface h1        0.8542040814093662
              log_total_angular_momentum       46.6420425749612733

 star_1_spin_period/binary_period  0.35412912278234326       0.66473661282078911        1.8771023619804157     
 normal tolerance
 element diffusion on 
save LOGS1/profile140.data for model 19339
                star               model                 age                mass             lg_mdot           (r-rl)/rl          last photo
                   1               19340     5.732530813E+09     1.974585137E-01    -9.900000000E+01    -9.436458737E-01        photos1/x300

__________________________________________________________________________________________________________________________________________________

       step    lg_Tcntr    Teff       lg_LH     lg_Lnuc     Mass       H_rich     H_cntr     N_cntr     Y_surf     X_avg     eta_cntr  zones retry
   lg_dt_yr    lg_Dcntr    lg_R       lg_L3a    lg_Lneu     lg_Mdot    He_core    He_cntr    O_cntr     Z_surf     Y_avg     gam_cntr  iters bckup
     age_yr    lg_Pcntr    lg_L       lg_LZ     lg_Psurf    lg_Dsurf   C_core     C_cntr     Ne_cntr    Z_cntr     Z_avg     v_div_cs     dt_limit
__________________________________________________________________________________________________________________________________________________

      19340   7.317252  1.677E+04   1.865886   1.865887   0.197459   0.006167   0.000000   0.011795   0.140619   0.009796  22.952693   3001     47
   1.197041   5.125616  -1.014802 -27.708737   0.726380 -99.000000   0.191292   0.980012   0.001635   0.005178   0.970087   1.447230      3      0
 5.7325E+09  21.037587  -0.177498  -3.817022   3.399763  -8.646063   0.000000   0.000103   0.002146  1.999E-02  2.012E-02  0.401E-08    varcontrol
                            surface ca40    1.1218682291459660D-05
                              surface h1        0.8542026812577255
              log_total_angular_momentum       46.6420425749612733

 star_1_spin_period/binary_period  0.35456555978483861       0.66555584974419613        1.8771023619667857     
 normal tolerance
 element diffusion on 
save LOGS1/profile141.data for model 19340
                star               model                 age                mass             lg_mdot           (r-rl)/rl          last photo
                   1               19341     5.732530832E+09     1.974585137E-01    -9.900000000E+01    -9.436069103E-01        photos1/x300
      19341   7.317232  1.675E+04   1.876103   1.876104   0.197459   0.006167   0.000000   0.011795   0.140620   0.009795  22.952671   3018     47
   1.270906   5.125583  -1.014502 -27.707232   0.736722 -99.000000   0.191292   0.980012   0.001635   0.005179   0.970087   1.447262      3      0
 5.7325E+09  21.037534  -0.179741  -3.800969   3.396921  -8.647139   0.000000   0.000103   0.002146  1.999E-02  2.012E-02  0.405E-08        Lnuc_H
                            surface ca40    1.1218849272107323D-05
                              surface h1        0.8542010755551804
              log_total_angular_momentum       46.6420425749612733

reduce dt because of Lnuc_H   19341
 star_1_spin_period/binary_period  0.35509388867205982       0.66654757714055635        1.8771023619506266     
 normal tolerance
 element diffusion on 
save LOGS1/profile142.data for model 19341
                star               model                 age                mass             lg_mdot           (r-rl)/rl          last photo
                   1               19342     5.732530850E+09     1.974585137E-01    -9.900000000E+01    -9.435766696E-01        photos1/x300
      19342   7.317209  1.673E+04   1.889380   1.889381   0.197459   0.006167   0.000000   0.011795   0.140622   0.009795  22.952646   3023     47
   1.250027   5.125547  -1.014269 -27.705749   0.761027 -99.000000   0.191292   0.980012   0.001635   0.005179   0.970087   1.447297      3      0
 5.7325E+09  21.037475  -0.181539  -3.789361   3.394657  -8.647980   0.000000   0.000103   0.002146  1.999E-02  2.012E-02  0.330E-08        Lnuc_H
                            surface ca40    1.1219054852750238D-05
                              surface h1        0.8541990695736629
              log_total_angular_momentum       46.6420425749612733

 star_1_spin_period/binary_period  0.35550973421964999       0.66732816179466992        1.8771023619352276     
 normal tolerance
 element diffusion on 
save LOGS1/profile143.data for model 19342
                star               model                 age                mass             lg_mdot           (r-rl)/rl          last photo
                   1               19343     5.732530868E+09     1.974585137E-01    -9.900000000E+01    -9.435352752E-01        photos1/x300
      19343   7.317189  1.670E+04   1.898346   1.898347   0.197459   0.006167   0.000000   0.011795   0.140624   0.009795  22.952624   3008     47
   1.251251   5.125516  -1.013951 -27.703444   0.771460 -99.000000   0.191292   0.980012   0.001635   0.005179   0.970087   1.447328      3      0
 5.7325E+09  21.037423  -0.183918  -3.775296   3.391644  -8.649117   0.000000   0.000103   0.002146  1.999E-02  2.012E-02  0.451E-08        Lnuc_H
                            surface ca40    1.1219248046871062D-05
                              surface h1        0.8541971904370762
              log_total_angular_momentum       46.6420425749612733

 star_1_spin_period/binary_period  0.35607293500024251       0.66838534730466492        1.8771023619197840     
 normal tolerance
 element diffusion on 
save LOGS1/profile144.data for model 19343
                star               model                 age                mass             lg_mdot           (r-rl)/rl          last photo
                   1               19344     5.732530888E+09     1.974585137E-01    -9.900000000E+01    -9.434877265E-01        photos1/x300
      19344   7.317167  1.666E+04   1.911447   1.911448   0.197459   0.006167   0.000000   0.011795   0.140626   0.009795  22.952599   3009     47
   1.299294   5.125480  -1.013585 -27.700032   0.777880 -99.000000   0.191292   0.980012   0.001635   0.005179   0.970087   1.447363      3      0
 5.7325E+09  21.037365  -0.186713  -3.757682   3.388118  -8.650430   0.000000   0.000103   0.002146  1.999E-02  2.012E-02  0.465E-08    varcontrol
                            surface ca40    1.1219434461418106D-05
                              surface h1        0.8541953919208624
              log_total_angular_momentum       46.6420425749612733

 star_1_spin_period/binary_period  0.35671807922563076       0.66959634904776677        1.8771023619025338     
 normal tolerance
 element diffusion on 
save LOGS1/profile145.data for model 19344
                star               model                 age                mass             lg_mdot           (r-rl)/rl          last photo
                   1               19345     5.732530909E+09     1.974585137E-01    -9.900000000E+01    -9.434402786E-01        photos1/x300
      19345   7.317140  1.663E+04   1.923596   1.923597   0.197459   0.006167   0.000000   0.011795   0.140628   0.009795  22.952569   3011     47
   1.335834   5.125437  -1.013221 -27.697143   0.792375 -99.000000   0.191292   0.980012   0.001635   0.005179   0.970087   1.447405      4      0
 5.7325E+09  21.037294  -0.189587  -3.739898   3.384517  -8.651744   0.000000   0.000103   0.002146  1.999E-02  2.012E-02  0.427E-08        Lnuc_H
                            surface ca40    1.1219640092553328D-05
                              surface h1        0.8541934059267305
              log_total_angular_momentum       46.6420425749612733

reduce dt because of Lnuc_H   19345
 star_1_spin_period/binary_period  0.35737452143646936       0.67082855826547816        1.8771023618837686     
 normal tolerance
 element diffusion on 
save LOGS1/profile146.data for model 19345
                star               model                 age                mass             lg_mdot           (r-rl)/rl          last photo
                   1               19346     5.732530930E+09     1.974585137E-01    -9.900000000E+01    -9.433884021E-01        photos1/x300
      19346   7.317114  1.659E+04   1.941526   1.941527   0.197459   0.006167   0.000000   0.011795   0.140630   0.009795  22.952539   2990     47
   1.320693   5.125396  -1.012823 -27.692019   0.805902 -99.000000   0.191292   0.980012   0.001635   0.005179   0.970087   1.447445      4      0
 5.7325E+09  21.037226  -0.192706  -3.718945   3.380603  -8.653172   0.000000   0.000103   0.002146  1.999E-02  2.012E-02  0.484E-08        Lnuc_H
                            surface ca40    1.1219867826949088D-05
                              surface h1        0.8541911891784782
              log_total_angular_momentum       46.6420425749612733

reduce dt because of Lnuc_H   19346
 star_1_spin_period/binary_period  0.35807910646200253       0.67215113647456515        1.8771023618656462     
 normal tolerance
 element diffusion on 
save LOGS1/profile147.data for model 19346
                star               model                 age                mass             lg_mdot           (r-rl)/rl          last photo
                   1               19347     5.732530951E+09     1.974585137E-01    -9.900000000E+01    -9.433361518E-01        photos1/x300
      19347   7.317087  1.655E+04   1.955086   1.955087   0.197459   0.006167   0.000000   0.011795   0.140632   0.009795  22.952512   2988     47
   1.312949   5.125353  -1.012422 -27.686626   0.819902 -99.000000   0.191292   0.980012   0.001635   0.005179   0.970087   1.447487      3      0
 5.7325E+09  21.037157  -0.195893  -3.698578   3.376616  -8.654614   0.000000   0.000103   0.002146  1.999E-02  2.012E-02  0.498E-08        Lnuc_H
                            surface ca40    1.1220086435739486D-05
                              surface h1        0.8541890634238484
              log_total_angular_momentum       46.6420425749612662

reduce dt because of Lnuc_H   19347
 star_1_spin_period/binary_period  0.35879606551119836       0.67349694199278387        1.8771023618478433     
 normal tolerance
 element diffusion on 
save LOGS1/profile148.data for model 19347
                star               model                 age                mass             lg_mdot           (r-rl)/rl          last photo
                   1               19348     5.732530971E+09     1.974585137E-01    -9.900000000E+01    -9.432808385E-01        photos1/x300
      19348   7.317061  1.651E+04   1.970713   1.970714   0.197459   0.006167   0.000000   0.011795   0.140634   0.009795  22.952483   2996     47
   1.301742   5.125312  -1.011998 -27.679205   0.831882 -99.000000   0.191292   0.980012   0.001635   0.005179   0.970087   1.447528      3      0
 5.7325E+09  21.037089  -0.199278  -3.680037   3.372386  -8.656135   0.000000   0.000103   0.002146  1.999E-02  2.012E-02  0.542E-08        Lnuc_H
                            surface ca40    1.1220300502054852D-05
                              surface h1        0.8541869809098037
              log_total_angular_momentum       46.6420425749612662

reduce dt because of Lnuc_H   19348
 star_1_spin_period/binary_period  0.35955321917200761       0.67491819691153254        1.8771023618304934     
 normal tolerance
 element diffusion on 
save LOGS1/profile149.data for model 19348
                star               model                 age                mass             lg_mdot           (r-rl)/rl          last photo
                   1               19349     5.732530991E+09     1.974585137E-01    -9.900000000E+01    -9.432337541E-01        photos1/x300
      19349   7.317032  1.648E+04   1.984684   1.984685   0.197459   0.006167   0.000000   0.011795   0.140636   0.009795  22.952451   3003     47
   1.294034   5.125265  -1.011638 -27.672192   0.860558 -99.000000   0.191292   0.980012   0.001635   0.005179   0.970087   1.447573      3      0
 5.7325E+09  21.037014  -0.202273  -3.663373   3.368671  -8.657437   0.000000   0.000103   0.002146  1.999E-02  2.012E-02  0.470E-08        Lnuc_H
                            surface ca40    1.1220507569884505D-05
                              surface h1        0.8541849677034401
              log_total_angular_momentum       46.6420425749612662

reduce dt because of Lnuc_H   19349
 star_1_spin_period/binary_period  0.36019943285723738       0.67613120614018496        1.8771023618134486     
 normal tolerance
 element diffusion on 
save LOGS1/profile150.data for model 19349
                star               model                 age                mass             lg_mdot           (r-rl)/rl          last photo
                   1               19350     5.732531010E+09     1.974585137E-01    -9.900000000E+01    -9.431729735E-01        photos1/x300

__________________________________________________________________________________________________________________________________________________

       step    lg_Tcntr    Teff       lg_LH     lg_Lnuc     Mass       H_rich     H_cntr     N_cntr     Y_surf     X_avg     eta_cntr  zones retry
   lg_dt_yr    lg_Dcntr    lg_R       lg_L3a    lg_Lneu     lg_Mdot    He_core    He_cntr    O_cntr     Z_surf     Y_avg     gam_cntr  iters bckup
     age_yr    lg_Pcntr    lg_L       lg_LZ     lg_Psurf    lg_Dsurf   C_core     C_cntr     Ne_cntr    Z_cntr     Z_avg     v_div_cs     dt_limit
__________________________________________________________________________________________________________________________________________________

      19350   7.317006  1.643E+04   1.997699   1.997700   0.197459   0.006167   0.000000   0.011795   0.140638   0.009795  22.952423   2995     47
   1.284981   5.125224  -1.011173 -27.662119   0.864529 -99.000000   0.191292   0.980012   0.001635   0.005179   0.970088   1.447614      4      0
 5.7325E+09  21.036946  -0.205986  -3.646033   3.364031  -8.659096   0.000000   0.000103   0.002146  1.999E-02  2.012E-02  0.621E-08        Lnuc_H
                            surface ca40    1.1220709690604763D-05
                              surface h1        0.8541830025624471
              log_total_angular_momentum       46.6420425749612662

reduce dt because of Lnuc_H   19350
 star_1_spin_period/binary_period  0.36102740440774050       0.67768539348712176        1.8771023617967546     
 normal tolerance
 element diffusion on 
save LOGS1/profile151.data for model 19350
save photos1/x350 for model 19350
                star               model                 age                mass             lg_mdot           (r-rl)/rl          last photo
                   1               19351     5.732531029E+09     1.974585137E-01    -9.900000000E+01    -9.431232228E-01        photos1/x350
      19351   7.316977  1.640E+04   2.010942   2.010943   0.197459   0.006167   0.000000   0.011795   0.140640   0.009795  22.952390   2995     47
   1.279253   5.125177  -1.010793 -27.654788   0.886349 -99.000000   0.191292   0.980012   0.001635   0.005179   0.970088   1.447660      4      0
 5.7325E+09  21.036869  -0.209194  -3.629016   3.360063  -8.660467   0.000000   0.000103   0.002146  1.999E-02  2.012E-02  0.516E-08        Lnuc_H
                            surface ca40    1.1220906007618380D-05
                              surface h1        0.8541810950182281
              log_total_angular_momentum       46.6420425749612662

reduce dt because of Lnuc_H   19351
 star_1_spin_period/binary_period  0.36172645183034186       0.67899757704913499        1.8771023617802789     
 normal tolerance
 element diffusion on 
save LOGS1/profile152.data for model 19351
                star               model                 age                mass             lg_mdot           (r-rl)/rl          last photo
                   1               19352     5.732531048E+09     1.974585137E-01    -9.900000000E+01    -9.430607795E-01        photos1/x350
      19352   7.316950  1.635E+04   2.027446   2.027447   0.197459   0.006167   0.000000   0.011795   0.140641   0.009794  22.952359   2997     47
   1.273527   5.125134  -1.010317 -27.641779   0.892618 -99.000000   0.191292   0.980012   0.001635   0.005179   0.970088   1.447702      4      0
 5.7325E+09  21.036798  -0.213069  -3.608028   3.355238  -8.662164   0.000000   0.000103   0.002146  1.999E-02  2.012E-02  0.658E-08        Lnuc_H
                            surface ca40    1.1221097967736992D-05
                              surface h1        0.8541792303335242
              log_total_angular_momentum       46.6420425749612662

reduce dt because of Lnuc_H   19352
 star_1_spin_period/binary_period  0.36258994297249975       0.68061843830555990        1.8771023617640181     
 normal tolerance
 element diffusion on 
save LOGS1/profile153.data for model 19352
                star               model                 age                mass             lg_mdot           (r-rl)/rl          last photo
                   1               19353     5.732531066E+09     1.974585137E-01    -9.900000000E+01    -9.430071205E-01        photos1/x350
      19353   7.316920  1.631E+04   2.041658   2.041659   0.197459   0.006167   0.000000   0.011795   0.140643   0.009794  22.952326   2997     47
   1.263808   5.125087  -1.009907 -27.629740   0.913725 -99.000000   0.191292   0.980012   0.001635   0.005179   0.970088   1.447748      3      0
 5.7325E+09  21.036721  -0.216547  -3.588827   3.350943  -8.663634   0.000000   0.000103   0.002146  1.999E-02  2.012E-02  0.580E-08        Lnuc_H
                            surface ca40    1.1221286430721636D-05
                              surface h1        0.8541773987537424
              log_total_angular_momentum       46.6420425749612662

reduce dt because of Lnuc_H   19353
 star_1_spin_period/binary_period  0.36334058792450169       0.68202747571203159        1.8771023617481175     
 normal tolerance
 element diffusion on 
save LOGS1/profile154.data for model 19353
                star               model                 age                mass             lg_mdot           (r-rl)/rl          last photo
                   1               19354     5.732531084E+09     1.974585137E-01    -9.900000000E+01    -9.429424137E-01        photos1/x350
      19354   7.316892  1.626E+04   2.055957   2.055958   0.197459   0.006167   0.000000   0.011795   0.140645   0.009794  22.952295   3009     47
   1.253979   5.125043  -1.009415 -27.612628   0.919158 -99.000000   0.191292   0.980012   0.001635   0.005179   0.970088   1.447791      3      0
 5.7325E+09  21.036649  -0.220603  -3.570192   3.345903  -8.665381   0.000000   0.000103   0.002146  1.999E-02  2.012E-02  0.717E-08        Lnuc_H
                            surface ca40    1.1221469144597004D-05
                              surface h1        0.8541756234186304
              log_total_angular_momentum       46.6420425749612662

reduce dt because of Lnuc_H   19354
 star_1_spin_period/binary_period  0.36423645538069049       0.68370911062419459        1.8771023617325715     
 normal tolerance
 element diffusion on 
save LOGS1/profile155.data for model 19354
                star               model                 age                mass             lg_mdot           (r-rl)/rl          last photo
                   1               19355     5.732531102E+09     1.974585137E-01    -9.900000000E+01    -9.428950371E-01        photos1/x350
      19355   7.316859  1.623E+04   2.072232   2.072233   0.197459   0.006167   0.000000   0.011795   0.140647   0.009794  22.952259   3016     47
   1.246701   5.124990  -1.009054 -27.598669   0.967460 -99.000000   0.191292   0.980012   0.001635   0.005179   0.970088   1.447843      3      0
 5.7325E+09  21.036562  -0.223822  -3.556236   3.341964  -8.666684   0.000000   0.000103   0.002146  1.999E-02  2.012E-02  0.535E-08        Lnuc_H
                            surface ca40    1.1221646096198699D-05
                              surface h1        0.8541739050207809
              log_total_angular_momentum       46.6420425749612662

reduce dt because of Lnuc_H   19355
 star_1_spin_period/binary_period  0.36490937384916661       0.68497224746504570        1.8771023617172833     
 normal tolerance
 element diffusion on 
save LOGS1/profile156.data for model 19355
                star               model                 age                mass             lg_mdot           (r-rl)/rl          last photo
                   1               19356     5.732531119E+09     1.974585137E-01    -9.900000000E+01    -9.428278467E-01        photos1/x350
      19356   7.316831  1.618E+04   2.082803   2.082804   0.197459   0.006167   0.000000   0.011795   0.140648   0.009794  22.952228   3005     47
   1.236425   5.124945  -1.008543 -27.578355   0.964990 -99.000000   0.191292   0.980012   0.001635   0.005180   0.970088   1.447887      3      0
 5.7325E+09  21.036489  -0.228024  -3.539816   3.336743  -8.668483   0.000000   0.000103   0.002146  1.999E-02  2.012E-02  0.778E-08        Lnuc_H
                            surface ca40    1.1221818691184900D-05
                              surface h1        0.8541722286538721
              log_total_angular_momentum       46.6420425749612662

reduce dt because of Lnuc_H   19356
 star_1_spin_period/binary_period  0.36583569140303951       0.68671104032765828        1.8771023617023521     
 normal tolerance
 element diffusion on 
save LOGS1/profile157.data for model 19356
                star               model                 age                mass             lg_mdot           (r-rl)/rl          last photo
                   1               19357     5.732531136E+09     1.974585137E-01    -9.900000000E+01    -9.427663994E-01        photos1/x350
      19357   7.316801  1.613E+04   2.093970   2.093971   0.197459   0.006167   0.000000   0.011795   0.140650   0.009794  22.952194   3002     47
   1.231162   5.124897  -1.008077 -27.564414   0.972594 -99.000000   0.191292   0.980012   0.001635   0.005180   0.970088   1.447935      4      0
 5.7325E+09  21.036410  -0.232011  -3.521198   3.331825  -8.670138   0.000000   0.000103   0.002146  1.999E-02  2.012E-02  0.722E-08        Lnuc_H
                            surface ca40    1.1221985503088162D-05
                              surface h1        0.8541706099327302
              log_total_angular_momentum       46.6420425749612662

reduce dt because of Lnuc_H   19357
 star_1_spin_period/binary_period  0.36669164129997606       0.68831774589528738        1.8771023616876004     
 normal tolerance
 element diffusion on 
save LOGS1/profile158.data for model 19357
                star               model                 age                mass             lg_mdot           (r-rl)/rl          last photo
                   1               19358     5.732531153E+09     1.974585137E-01    -9.900000000E+01    -9.426987915E-01        photos1/x350
      19358   7.316771  1.608E+04   2.111817   2.111818   0.197459   0.006167   0.000000   0.011795   0.140651   0.009794  22.952161   3002     47
   1.230490   5.124848  -1.007564 -27.540558   0.985968 -99.000000   0.191292   0.980012   0.001635   0.005180   0.970088   1.447982      4      0
 5.7325E+09  21.036331  -0.236355  -3.500885   3.326457  -8.671945   0.000000   0.000103   0.002146  1.999E-02  2.012E-02  0.798E-08        Lnuc_H
                            surface ca40    1.1222147963512364D-05
                              surface h1        0.8541690351768508
              log_total_angular_momentum       46.6420425749612662

reduce dt because of Lnuc_H   19358
 star_1_spin_period/binary_period  0.36763542160947371       0.69008931813774477        1.8771023616728710     
 normal tolerance
 element diffusion on 
save LOGS1/profile159.data for model 19358
                star               model                 age                mass             lg_mdot           (r-rl)/rl          last photo
                   1               19359     5.732531169E+09     1.974585137E-01    -9.900000000E+01    -9.426356170E-01        photos1/x350
      19359   7.316738  1.603E+04   2.125891   2.125893   0.197459   0.006167   0.000000   0.011795   0.140653   0.009794  22.952125   2995     47
   1.220347   5.124797  -1.007086 -27.518613   1.009082 -99.000000   0.191292   0.980012   0.001635   0.005180   0.970089   1.448032      3      0
 5.7325E+09  21.036247  -0.240514  -3.481953   3.321342  -8.673636   0.000000   0.000103   0.002146  1.999E-02  2.012E-02  0.765E-08        Lnuc_H
                            surface ca40    1.1222309385243009D-05
                              surface h1        0.8541674685126973
              log_total_angular_momentum       46.6420425749612662

reduce dt because of Lnuc_H   19359
 star_1_spin_period/binary_period  0.36853557346659654       0.69177899530931086        1.8771023616584808     
 normal tolerance
 element diffusion on 
save LOGS1/profile160.data for model 19359
                star               model                 age                mass             lg_mdot           (r-rl)/rl          last photo
                   1               19360     5.732531186E+09     1.974585137E-01    -9.900000000E+01    -9.425599063E-01        photos1/x350

__________________________________________________________________________________________________________________________________________________

       step    lg_Tcntr    Teff       lg_LH     lg_Lnuc     Mass       H_rich     H_cntr     N_cntr     Y_surf     X_avg     eta_cntr  zones retry
   lg_dt_yr    lg_Dcntr    lg_R       lg_L3a    lg_Lneu     lg_Mdot    He_core    He_cntr    O_cntr     Z_surf     Y_avg     gam_cntr  iters bckup
     age_yr    lg_Pcntr    lg_L       lg_LZ     lg_Psurf    lg_Dsurf   C_core     C_cntr     Ne_cntr    Z_cntr     Z_avg     v_div_cs     dt_limit
__________________________________________________________________________________________________________________________________________________

      19360   7.316709  1.598E+04   2.138215   2.138216   0.197459   0.006167   0.000000   0.011795   0.140654   0.009794  22.952092   3011     47
   1.209245   5.124750  -1.006513 -27.488513   1.010325 -99.000000   0.191292   0.980012   0.001635   0.005180   0.970089   1.448079      3      0
 5.7325E+09  21.036170  -0.245318  -3.464655   3.315394  -8.675637   0.000000   0.000103   0.002146  1.999E-02  2.012E-02  0.943E-08        Lnuc_H
                            surface ca40    1.1222465628740846D-05
                              surface h1        0.8541659522378844
              log_total_angular_momentum       46.6420425749612662

reduce dt because of Lnuc_H   19360
 star_1_spin_period/binary_period  0.36958901949017642       0.69375642132286830        1.8771023616444540     
 normal tolerance
 element diffusion on 
save LOGS1/profile161.data for model 19360
                star               model                 age                mass             lg_mdot           (r-rl)/rl          last photo
                   1               19361     5.732531202E+09     1.974585137E-01    -9.900000000E+01    -9.424972506E-01        photos1/x350
      19361   7.316675  1.593E+04   2.153556   2.153557   0.197459   0.006167   0.000000   0.011795   0.140656   0.009793  22.952055   3019     47
   1.204702   5.124696  -1.006039 -27.462588   1.044651 -99.000000   0.191292   0.980012   0.001635   0.005180   0.970089   1.448131      3      0
 5.7325E+09  21.036082  -0.249543  -3.447971   3.310225  -8.677306   0.000000   0.000103   0.002146  1.999E-02  2.012E-02  0.790E-08        Lnuc_H
                            surface ca40    1.1222615838807489D-05
                              surface h1        0.8541644963771208
              log_total_angular_momentum       46.6420425749612662

reduce dt because of Lnuc_H   19361
 star_1_spin_period/binary_period  0.37047654329639890       0.69542239435040121        1.8771023616305720     
 normal tolerance
 element diffusion on 
save LOGS1/profile162.data for model 19361
                star               model                 age                mass             lg_mdot           (r-rl)/rl          last photo
                   1               19362     5.732531217E+09     1.974585137E-01    -9.900000000E+01    -9.424193872E-01        photos1/x350
      19362   7.316645  1.588E+04   2.164102   2.164103   0.197459   0.006167   0.000000   0.011795   0.140657   0.009793  22.952021   3026     47
   1.197071   5.124647  -1.005452 -27.428045   1.042836 -99.000000   0.191292   0.980012   0.001635   0.005180   0.970089   1.448179      3      0
 5.7325E+09  21.036002  -0.254527  -3.431627   3.304067  -8.679349   0.000000   0.000103   0.002146  1.999E-02  2.012E-02  0.100E-07        Lnuc_H
                            surface ca40    1.1222762913457718D-05
                              surface h1        0.8541630707368125
              log_total_angular_momentum       46.6420425749612662

reduce dt because of varcontrol   19362
 star_1_spin_period/binary_period  0.37156483779889671       0.69746523452612064        1.8771023616169302     
 normal tolerance
 element diffusion on 
save LOGS1/profile163.data for model 19362
                star               model                 age                mass             lg_mdot           (r-rl)/rl          last photo
                   1               19363     5.732531233E+09     1.974585137E-01    -9.900000000E+01    -9.423502549E-01        photos1/x350
      19363   7.316611  1.582E+04   2.177501   2.177502   0.197459   0.006167   0.000000   0.011795   0.140658   0.009793  22.951984   3034     47
   1.190168   5.124593  -1.004931 -27.406669   1.063395 -99.000000   0.191292   0.980012   0.001635   0.005180   0.970089   1.448232      4      0
 5.7325E+09  21.035914  -0.259138  -3.413655   3.298416  -8.681169   0.000000   0.000103   0.002146  1.999E-02  2.012E-02  0.906E-08    varcontrol
                            surface ca40    1.1222905869197663D-05
                              surface h1        0.8541616855020140
              log_total_angular_momentum       46.6420425749612662

reduce dt because of varcontrol   19363
 star_1_spin_period/binary_period  0.37254377414663459       0.69930279825133057        1.8771023616035052     
 normal tolerance
 element diffusion on 
save LOGS1/profile164.data for model 19363
                star               model                 age                mass             lg_mdot           (r-rl)/rl          last photo
                   1               19364     5.732531248E+09     1.974585137E-01    -9.900000000E+01    -9.422857071E-01        photos1/x350
      19364   7.316575  1.578E+04   2.199912   2.199913   0.197459   0.006167   0.000000   0.011795   0.140660   0.009793  22.951943   3022     47
   1.170509   5.124537  -1.004445 -27.378923   1.121839 -99.000000   0.191292   0.980012   0.001635   0.005180   0.970089   1.448287      4      0
 5.7325E+09  21.035821  -0.263496  -3.403853   3.293087  -8.682864   0.000000   0.000103   0.002146  1.999E-02  2.012E-02  0.887E-08    varcontrol
                            surface ca40    1.1223046077997899D-05
                              surface h1        0.8541603244344933
              log_total_angular_momentum       46.6420425749612662

retry because of timestep limit Lnuc_H   19364
       retry cnt, step, log10(dt/yr), retry_factor     1 19364        0.568449        0.500000
                star               model                 age                mass             lg_mdot           (r-rl)/rl          last photo
                   1               19364     5.732531240E+09     1.974585137E-01    -9.900000000E+01    -9.423258848E-01        photos1/x350
      19364   7.316591  1.580E+04   2.196237   2.196238   0.197459   0.006167   0.000000   0.011795   0.140660   0.009793  22.951961   3022     48
   0.869479   5.124562  -1.004747 -27.396548   1.125897 -99.000000   0.191292   0.980012   0.001635   0.005180   0.970089   1.448263      4      0
 5.7325E+09  21.035862  -0.260938  -3.411848   3.296249  -8.681822   0.000000   0.000103   0.002146  1.999E-02  2.012E-02  0.668E-08        Lnuc_H
                            surface ca40    1.1223067526709856D-05
                              surface h1        0.8541600669557973
              log_total_angular_momentum       46.6420425749612662

 star_1_spin_period/binary_period  0.37289378991320432       0.69995981367096471        1.8771023615970892     
 normal tolerance
 element diffusion on 
save LOGS1/profile165.data for model 19364
                star               model                 age                mass             lg_mdot           (r-rl)/rl          last photo
                   1               19365     5.732531249E+09     1.974585137E-01    -9.900000000E+01    -9.422864753E-01        photos1/x350
      19365   7.316572  1.578E+04   2.201122   2.201123   0.197459   0.006169   0.000000   0.011795   0.140661   0.009793  22.951940   3038     48
   0.920972   5.124531  -1.004450 -27.387580   1.134681 -99.000000   0.191289   0.980012   0.001635   0.005180   0.970089   1.448293      4      0
 5.7325E+09  21.035812  -0.263514  -3.402229   3.293081  -8.682850   0.000000   0.000103   0.002146  1.999E-02  2.012E-02  0.961E-08        Lnuc_H
                            surface ca40    1.1223133877822425D-05
                              surface h1        0.8541594295204854
              log_total_angular_momentum       46.6420425749612662

 star_1_spin_period/binary_period  0.37344854758902113       0.70100115061165647        1.8771023615898648     
 normal tolerance
 element diffusion on 
save LOGS1/profile166.data for model 19365
                star               model                 age                mass             lg_mdot           (r-rl)/rl          last photo
                   1               19366     5.732531257E+09     1.974585137E-01    -9.900000000E+01    -9.422395350E-01        photos1/x350
      19366   7.316553  1.574E+04   2.206648   2.206649   0.197459   0.006169   0.000000   0.011795   0.140661   0.009793  22.951920   3029     48
   0.940783   5.124502  -1.004097 -27.365913   1.121836 -99.000000   0.191289   0.980012   0.001635   0.005180   0.970089   1.448322      3      0
 5.7325E+09  21.035763  -0.266498  -3.389123   3.289391  -8.684065   0.000000   0.000103   0.002146  1.999E-02  2.012E-02  0.110E-07    varcontrol
                            surface ca40    1.1223210195951610D-05
                              surface h1        0.8541586917877014
              log_total_angular_momentum       46.6420425749612662

 star_1_spin_period/binary_period  0.37411018747323788       0.70224311639801296        1.8771023615823030     
 normal tolerance
 element diffusion on 
save LOGS1/profile167.data for model 19366
                star               model                 age                mass             lg_mdot           (r-rl)/rl          last photo
                   1               19367     5.732531268E+09     1.974585137E-01    -9.900000000E+01    -9.421827572E-01        photos1/x350
      19367   7.316530  1.570E+04   2.213640   2.213641   0.197459   0.006169   0.000000   0.011795   0.140662   0.009793  22.951895   3029     48
   1.019964   5.124465  -1.003671 -27.340579   1.125347 -99.000000   0.191289   0.980012   0.001635   0.005180   0.970089   1.448358      3      0
 5.7325E+09  21.035703  -0.270152  -3.375954   3.284885  -8.685531   0.000000   0.000103   0.002146  1.999E-02  2.012E-02  0.111E-07  max increase
                            surface ca40    1.1223285497613031D-05
                              surface h1        0.8541579731150831
              log_total_angular_momentum       46.6420425749612662

 star_1_spin_period/binary_period  0.37490826493288815       0.70374118947884645        1.8771023615732298     
 normal tolerance
 element diffusion on 
save LOGS1/profile168.data for model 19367
                star               model                 age                mass             lg_mdot           (r-rl)/rl          last photo
                   1               19368     5.732531280E+09     1.974585137E-01    -9.900000000E+01    -9.421144797E-01        photos1/x350
      19368   7.316504  1.565E+04   2.220765   2.220766   0.197459   0.006169   0.000000   0.011795   0.140663   0.009793  22.951866   3024     48
   1.069856   5.124423  -1.003158 -27.307456   1.122323 -99.000000   0.191289   0.980012   0.001635   0.005180   0.970090   1.448399      3      0
 5.7325E+09  21.035635  -0.274528  -3.363360   3.279486  -8.687287   0.000000   0.000103   0.002146  1.999E-02  2.012E-02  0.119E-07    varcontrol
                            surface ca40    1.1223376021829900D-05
                              surface h1        0.8541571046189662
              log_total_angular_momentum       46.6420425749612662

 star_1_spin_period/binary_period  0.37587208251642262       0.70555037373719853        1.8771023615630502     
 normal tolerance
 element diffusion on 
save LOGS1/profile169.data for model 19368
                star               model                 age                mass             lg_mdot           (r-rl)/rl          last photo
                   1               19369     5.732531292E+09     1.974585137E-01    -9.900000000E+01    -9.420477929E-01        photos1/x350
      19369   7.316473  1.560E+04   2.231013   2.231014   0.197459   0.006169   0.000000   0.011795   0.140664   0.009793  22.951832   3021     48
   1.100953   5.124375  -1.002658 -27.286005   1.132124 -99.000000   0.191289   0.980012   0.001635   0.005180   0.970090   1.448446      4      0
 5.7325E+09  21.035556  -0.278971  -3.347220   3.274044  -8.689009   0.000000   0.000103   0.002146  1.999E-02  2.012E-02  0.108E-07    varcontrol
                            surface ca40    1.1223476982128988D-05
                              surface h1        0.8541561332059138
              log_total_angular_momentum       46.6420425749612662

reduce dt because of varcontrol   19369
 star_1_spin_period/binary_period  0.37681752155616383       0.70732505958729053        1.8771023615521161     
 normal tolerance
 element diffusion on 
save LOGS1/profile170.data for model 19369
                star               model                 age                mass             lg_mdot           (r-rl)/rl          last photo
                   1               19370     5.732531305E+09     1.974585137E-01    -9.900000000E+01    -9.419719581E-01        photos1/x350

__________________________________________________________________________________________________________________________________________________

       step    lg_Tcntr    Teff       lg_LH     lg_Lnuc     Mass       H_rich     H_cntr     N_cntr     Y_surf     X_avg     eta_cntr  zones retry
   lg_dt_yr    lg_Dcntr    lg_R       lg_L3a    lg_Lneu     lg_Mdot    He_core    He_cntr    O_cntr     Z_surf     Y_avg     gam_cntr  iters bckup
     age_yr    lg_Pcntr    lg_L       lg_LZ     lg_Psurf    lg_Dsurf   C_core     C_cntr     Ne_cntr    Z_cntr     Z_avg     v_div_cs     dt_limit
__________________________________________________________________________________________________________________________________________________

      19370   7.316444  1.555E+04   2.242260   2.242261   0.197459   0.006169   0.000000   0.011795   0.140665   0.009793  22.951800   3023     48
   1.098041   5.124328  -1.002090 -27.246500   1.136401 -99.000000   0.191289   0.980012   0.001635   0.005180   0.970090   1.448492      3      0
 5.7325E+09  21.035479  -0.283880  -3.332146   3.268001  -8.690948   0.000000   0.000103   0.002146  1.999E-02  2.012E-02  0.124E-07    varcontrol
                            surface ca40    1.1223586296743035D-05
                              surface h1        0.8541550753780009
              log_total_angular_momentum       46.6420425749612662

reduce dt because of Lnuc_H   19370
 star_1_spin_period/binary_period  0.37789667628461443       0.70935074347244043        1.8771023615412537     
 normal tolerance
 element diffusion on 
save LOGS1/profile171.data for model 19370
                star               model                 age                mass             lg_mdot           (r-rl)/rl          last photo
                   1               19371     5.732531317E+09     1.974585137E-01    -9.900000000E+01    -9.418956309E-01        photos1/x350

stop because Teff <= Teff_lower_limit
    0.1549466253E+05    0.1550000000E+05    0.1000000000+100    0.1000000000+100
      19371   7.316415  1.549E+04   2.251530   2.251531   0.197459   0.006169   0.000000   0.011795   0.140666   0.009793  22.951767   3042     48
   1.084290   5.124281  -1.001519 -27.211704   1.142723 -99.000000   0.191289   0.980012   0.001635   0.005180   0.970090   1.448538      3      0
 5.7325E+09  21.035403  -0.288828  -3.316558   3.261913  -8.692889   0.000000   0.000103   0.002146  1.999E-02  2.012E-02  0.129E-07        Lnuc_H
                            surface ca40    1.1223694441541253D-05
                              surface h1        0.8541540271958991
              log_total_angular_momentum       46.6420425749612662

reduce dt because of varcontrol   19371
save LOGS1/profile172.data for model 19371
save photos1/x371 for model 19371
save final_profile.data for model 19371
 saved to final.mod
termination code: Teff_lower_limit

     >>>>>>> EXCESSIVE runtime       1147.141117          1.000000   <<<<<<<<<  ERROR

      19371   7.316415  1.549E+04   2.251530   2.251531   0.197459   0.006169   0.000000   0.011795   0.140666   0.009793  22.951767   3042     48
   1.084290   5.124281  -1.001519 -27.211704   1.142723 -99.000000   0.191289   0.980012   0.001635   0.005180   0.970090   1.448538      3      0
 5.7325E+09  21.035403  -0.288828  -3.316558   3.261913  -8.692889   0.000000   0.000103   0.002146  1.999E-02  2.012E-02  0.129E-07    varcontrol
                            surface ca40    1.1223694441541253D-05
                              surface h1        0.8541540271958991
              log_total_angular_momentum       46.6420425749612662

