

 read inlist_project
                                         version_number        7623
 read photos1/x800
                 WARNING -- inlist initial_mass ignored    1.3999999999999999D+00
                       using saved initial_mass instead    1.9745851365986666D-01

 change to cno_extras.net
 number of species =          22
 new_rotation_flag = T
 net name cno_extras.net
 extra_terminal_output_file: log1
 do_element_diffusion T
 rotation_flag = T
                                               tau_base    2.5118800000000000D+01
                     which_atm_option: WD_tau_25_tables
 kappa_file_prefix gn93
 kappa_lowT_prefix lowT_fa05_gs98
   eos_file_prefix mesa
                                        OMP_NUM_THREADS           4


__________________________________________________________________________________________________________________________________________________

       step    lg_Tcntr    Teff       lg_LH     lg_Lnuc     Mass       H_rich     H_cntr     N_cntr     Y_surf     X_avg     eta_cntr  zones retry
   lg_dt_yr    lg_Dcntr    lg_R       lg_L3a    lg_Lneu     lg_Mdot    He_core    He_cntr    O_cntr     Z_surf     Y_avg     gam_cntr  iters bckup
     age_yr    lg_Pcntr    lg_L       lg_LZ     lg_Psurf    lg_Dsurf   C_core     C_cntr     Ne_cntr    Z_cntr     Z_avg     v_div_cs     dt_limit
__________________________________________________________________________________________________________________________________________________

 central hydrogen    1.0000002833401451E-099
save profile for model number        19800
save LOGS1/profile1.data for model 19800


                star               model                 age                mass             lg_mdot           (r-rl)/rl          last photo
                   1               19801     5.732194857E+09     1.974585137E-01    -9.900000000E+01    -9.605142130E-01        photos1/x800
      19801   7.320772  1.723E+04  -0.378199  -0.378199   0.197459   0.006186   0.000000   0.011795   0.121377   0.009818  22.955810   2770     40
   4.112077   5.131205  -1.169287 -27.544570  -1.602036 -99.000000   0.191273   0.980012   0.001635   0.004479   0.970064   1.441719      2      0
 5.7322E+09  21.046735  -0.440033  -6.913612   3.446010  -8.392045   0.000000   0.000103   0.002146  1.999E-02  2.012E-02  0.100E-10    varcontrol
                            surface ca40    9.2379776507569014D-06
                              surface h1        0.8741445787671542
              log_total_angular_momentum       46.6400046040440230

reduce dt because of varcontrol   19801
 star_1_spin_period/binary_period  0.22538668855018892       0.42307395073522491        1.8771026516990383     
 normal tolerance
 element diffusion on 
save LOGS1/profile2.data for model 19801
                star               model                 age                mass             lg_mdot           (r-rl)/rl          last photo
                   1               19802     5.732207341E+09     1.974585137E-01    -9.900000000E+01    -9.604452831E-01        photos1/x800
      19802   7.320761  1.724E+04  -0.373245  -0.373245   0.197459   0.006186   0.000000   0.011795   0.121395   0.009818  22.955805   2775     40
   4.096354   5.131188  -1.168530 -27.545131  -1.596346 -99.000000   0.191273   0.980012   0.001635   0.004480   0.970064   1.441736      2      0
 5.7322E+09  21.046707  -0.437026  -6.904789   3.447503  -8.394369   0.000000   0.000103   0.002146  1.999E-02  2.012E-02  0.104E-10    varcontrol
                            surface ca40    9.2429089098523236D-06
                              surface h1        0.8741249008014119
              log_total_angular_momentum       46.6400046040440159

reduce dt because of varcontrol   19802
 star_1_spin_period/binary_period  0.22605991613603760       0.42433766559246788        1.8771026409525489     
 normal tolerance
 element diffusion on 
save LOGS1/profile3.data for model 19802
                star               model                 age                mass             lg_mdot           (r-rl)/rl          last photo
                   1               19803     5.732219385E+09     1.974585137E-01    -9.900000000E+01    -9.603763072E-01        photos1/x800
      19803   7.320750  1.726E+04  -0.368301  -0.368301   0.197459   0.006186   0.000000   0.011795   0.121416   0.009817  22.955802   2776     40
   4.080764   5.131171  -1.167773 -27.545696  -1.590678 -99.000000   0.191273   0.980012   0.001635   0.004481   0.970064   1.441753      2      0
 5.7322E+09  21.046679  -0.434030  -6.896017   3.448987  -8.396684   0.000000   0.000103   0.002146  1.999E-02  2.012E-02  0.108E-10    varcontrol
                            surface ca40    9.2480165801823245D-06
                              surface h1        0.8741025296419122
              log_total_angular_momentum       46.6400046040440088

reduce dt because of varcontrol   19803
 star_1_spin_period/binary_period  0.22673643227438658       0.42560755347166984        1.8771026305848284     
 normal tolerance
 element diffusion on 
save LOGS1/profile4.data for model 19803
                star               model                 age                mass             lg_mdot           (r-rl)/rl          last photo
                   1               19804     5.732231010E+09     1.974585137E-01    -9.900000000E+01    -9.603072744E-01        photos1/x800
      19804   7.320740  1.727E+04  -0.363347  -0.363347   0.197459   0.006186   0.000000   0.011795   0.121439   0.009817  22.955798   2776     40
   4.065408   5.131154  -1.167017 -27.546263  -1.585006 -99.000000   0.191273   0.980012   0.001635   0.004483   0.970065   1.441770      2      0
 5.7322E+09  21.046651  -0.431046  -6.887257   3.450461  -8.398987   0.000000   0.000103   0.002146  1.999E-02  2.012E-02  0.112E-10    varcontrol
                            surface ca40    9.2532786001240034D-06
                              surface h1        0.8740777394407140
              log_total_angular_momentum       46.6400046040440088

reduce dt because of varcontrol   19804
 star_1_spin_period/binary_period  0.22741789075713648       0.42688671870635497        1.8771026205771768     
 normal tolerance
 element diffusion on 
save LOGS1/profile5.data for model 19804
                star               model                 age                mass             lg_mdot           (r-rl)/rl          last photo
                   1               19805     5.732242239E+09     1.974585137E-01    -9.900000000E+01    -9.602381678E-01        photos1/x800
      19805   7.320729  1.729E+04  -0.358386  -0.358386   0.197459   0.006186   0.000000   0.011795   0.121465   0.009817  22.955794   2776     40
   4.050323   5.131137  -1.166262 -27.546833  -1.579334 -99.000000   0.191273   0.980012   0.001635   0.004484   0.970065   1.441788      2      0
 5.7322E+09  21.046622  -0.428072  -6.878516   3.451924  -8.401280   0.000000   0.000103   0.002146  1.999E-02  2.012E-02  0.116E-10    varcontrol
                            surface ca40    9.2586774511393331D-06
                              surface h1        0.8740507536363814
              log_total_angular_momentum       46.6400046040440017

reduce dt because of varcontrol   19805
 star_1_spin_period/binary_period  0.22810326525408728       0.42817323476577951        1.8771026109110345     
 normal tolerance
 element diffusion on 
save LOGS1/profile6.data for model 19805
                star               model                 age                mass             lg_mdot           (r-rl)/rl          last photo
                   1               19806     5.732253087E+09     1.974585137E-01    -9.900000000E+01    -9.601689902E-01        photos1/x800
      19806   7.320717  1.730E+04  -0.353418  -0.353418   0.197459   0.006186   0.000000   0.011795   0.121493   0.009817  22.955790   2776     40
   4.035358   5.131119  -1.165507 -27.547404  -1.573664 -99.000000   0.191273   0.980012   0.001635   0.004486   0.970065   1.441805      2      0
 5.7323E+09  21.046594  -0.425110  -6.869792   3.453378  -8.403564   0.000000   0.000103   0.002146  1.999E-02  2.012E-02  0.120E-10    varcontrol
                            surface ca40    9.2642183789544542D-06
                              surface h1        0.8740215249469915
              log_total_angular_momentum       46.6400046040439946

reduce dt because of varcontrol   19806
 star_1_spin_period/binary_period  0.22878935983331505       0.42946110255514552        1.8771026015721632     
 normal tolerance
 element diffusion on 
save LOGS1/profile7.data for model 19806
                star               model                 age                mass             lg_mdot           (r-rl)/rl          last photo
                   1               19807     5.732263571E+09     1.974585137E-01    -9.900000000E+01    -9.600997331E-01        photos1/x800
      19807   7.320706  1.732E+04  -0.348441  -0.348441   0.197459   0.006186   0.000000   0.011795   0.121522   0.009816  22.955785   2778     40
   4.020534   5.131102  -1.164752 -27.547978  -1.567991 -99.000000   0.191273   0.980012   0.001635   0.004488   0.970065   1.441823      2      0
 5.7323E+09  21.046565  -0.422158  -6.861081   3.454822  -8.405838   0.000000   0.000103   0.002146  1.999E-02  2.012E-02  0.124E-10    varcontrol
                            surface ca40    9.2698899233179753D-06
                              surface h1        0.8739901985337911
              log_total_angular_momentum       46.6400046040439946

reduce dt because of varcontrol   19807
 star_1_spin_period/binary_period  0.22947998117362989       0.43075746759855821        1.8771025925465676     
 normal tolerance
 element diffusion on 
save LOGS1/profile8.data for model 19807
                star               model                 age                mass             lg_mdot           (r-rl)/rl          last photo
                   1               19808     5.732273706E+09     1.974585137E-01    -9.900000000E+01    -9.600304133E-01        photos1/x800
      19808   7.320695  1.733E+04  -0.343463  -0.343463   0.197459   0.006186   0.000000   0.011795   0.121554   0.009816  22.955781   2776     40
   4.005815   5.131084  -1.163998 -27.548553  -1.562326 -99.000000   0.191273   0.980012   0.001635   0.004489   0.970066   1.441840      2      0
 5.7323E+09  21.046537  -0.419218  -6.852399   3.456255  -8.408101   0.000000   0.000103   0.002146  1.999E-02  2.012E-02  0.128E-10    varcontrol
                            surface ca40    9.2756880367790333D-06
                              surface h1        0.8739568335857421
              log_total_angular_momentum       46.6400046040439875

reduce dt because of varcontrol   19808
 star_1_spin_period/binary_period  0.23017474984572792       0.43206161766590817        1.8771025838216082     
 normal tolerance
 element diffusion on 
save LOGS1/profile9.data for model 19808
                star               model                 age                mass             lg_mdot           (r-rl)/rl          last photo
                   1               19809     5.732283506E+09     1.974585137E-01    -9.900000000E+01    -9.599610188E-01        photos1/x800
      19809   7.320684  1.735E+04  -0.338473  -0.338472   0.197459   0.006186   0.000000   0.011795   0.121587   0.009816  22.955776   2779     40
   3.991237   5.131067  -1.163245 -27.549130  -1.556655 -99.000000   0.191273   0.980012   0.001635   0.004491   0.970066   1.441858      2      0
 5.7323E+09  21.046508  -0.416288  -6.843724   3.457679  -8.410354   0.000000   0.000103   0.002146  1.999E-02  2.012E-02  0.133E-10    varcontrol
                            surface ca40    9.2815974155713447D-06
                              surface h1        0.8739216188271490
              log_total_angular_momentum       46.6400046040439804

reduce dt because of varcontrol   19809
 star_1_spin_period/binary_period  0.23087129758931746       0.43336910728728234        1.8771025753845572     
 normal tolerance
 element diffusion on 
save LOGS1/profile10.data for model 19809
                star               model                 age                mass             lg_mdot           (r-rl)/rl          last photo
                   1               19810     5.732292985E+09     1.974585137E-01    -9.900000000E+01    -9.598915638E-01        photos1/x800

__________________________________________________________________________________________________________________________________________________

       step    lg_Tcntr    Teff       lg_LH     lg_Lnuc     Mass       H_rich     H_cntr     N_cntr     Y_surf     X_avg     eta_cntr  zones retry
   lg_dt_yr    lg_Dcntr    lg_R       lg_L3a    lg_Lneu     lg_Mdot    He_core    He_cntr    O_cntr     Z_surf     Y_avg     gam_cntr  iters bckup
     age_yr    lg_Pcntr    lg_L       lg_LZ     lg_Psurf    lg_Dsurf   C_core     C_cntr     Ne_cntr    Z_cntr     Z_avg     v_div_cs     dt_limit
__________________________________________________________________________________________________________________________________________________

      19810   7.320673  1.736E+04  -0.333476  -0.333476   0.197459   0.006186   0.000000   0.011795   0.121622   0.009816  22.955771   2779     40
   3.976783   5.131049  -1.162492 -27.549708  -1.550986 -99.000000   0.191273   0.980012   0.001635   0.004493   0.970066   1.441875      2      0
 5.7323E+09  21.046479  -0.413370  -6.835068   3.459094  -8.412595   0.000000   0.000103   0.002146  1.999E-02  2.012E-02  0.137E-10    varcontrol
                            surface ca40    9.2876087577574441D-06
                              surface h1        0.8738846731864415
              log_total_angular_momentum       46.6400046040439804

reduce dt because of varcontrol   19810
 star_1_spin_period/binary_period  0.23157146780142107       0.43468339670577555        1.8771025672235606     
 normal tolerance
 element diffusion on 
save LOGS1/profile11.data for model 19810
                star               model                 age                mass             lg_mdot           (r-rl)/rl          last photo
                   1               19811     5.732302157E+09     1.974585137E-01    -9.900000000E+01    -9.598220413E-01        photos1/x800
      19811   7.320662  1.737E+04  -0.328474  -0.328474   0.197459   0.006186   0.000000   0.011795   0.121659   0.009815  22.955766   2779     40
   3.962443   5.131032  -1.161740 -27.550288  -1.545319 -99.000000   0.191273   0.980012   0.001635   0.004495   0.970066   1.441893      2      0
 5.7323E+09  21.046450  -0.410463  -6.826430   3.460497  -8.414830   0.000000   0.000103   0.002146  1.999E-02  2.012E-02  0.142E-10    varcontrol
                            surface ca40    9.2937159447268439D-06
                              surface h1        0.8738460792243786
              log_total_angular_momentum       46.6400046040439733

reduce dt because of varcontrol   19811
 star_1_spin_period/binary_period  0.23227523880626855       0.43600444523165832        1.8771025593275232     
 normal tolerance
 element diffusion on 
save LOGS1/profile12.data for model 19811
                star               model                 age                mass             lg_mdot           (r-rl)/rl          last photo
                   1               19812     5.732311034E+09     1.974585137E-01    -9.900000000E+01    -9.597524452E-01        photos1/x800
      19812   7.320651  1.739E+04  -0.323465  -0.323465   0.197459   0.006186   0.000000   0.011795   0.121697   0.009815  22.955761   2779     40
   3.948256   5.131014  -1.160989 -27.550869  -1.539652 -99.000000   0.191273   0.980012   0.001635   0.004497   0.970067   1.441911      2      0
 5.7323E+09  21.046421  -0.407566  -6.817808   3.461892  -8.417051   0.000000   0.000103   0.002146  1.999E-02  2.012E-02  0.146E-10    varcontrol
                            surface ca40    9.2999046211215130D-06
                              surface h1        0.8738060148113891
              log_total_angular_momentum       46.6400046040439733

reduce dt because of varcontrol   19812
 star_1_spin_period/binary_period  0.23297947310157049       0.43732636344922027        1.8771025516851521     
 normal tolerance
 element diffusion on 
save LOGS1/profile13.data for model 19812
                star               model                 age                mass             lg_mdot           (r-rl)/rl          last photo
                   1               19813     5.732319628E+09     1.974585137E-01    -9.900000000E+01    -9.596827926E-01        photos1/x800
      19813   7.320639  1.740E+04  -0.318449  -0.318449   0.197459   0.006186   0.000000   0.011795   0.121737   0.009815  22.955755   2779     40
   3.934191   5.130996  -1.160238 -27.551452  -1.533984 -99.000000   0.191273   0.980012   0.001635   0.004499   0.970067   1.441928      2      0
 5.7323E+09  21.046392  -0.404681  -6.809201   3.463276  -8.419262   0.000000   0.000103   0.002146  1.999E-02  2.012E-02  0.151E-10    varcontrol
                            surface ca40    9.3061689156669173D-06
                              surface h1        0.8737645590314876
              log_total_angular_momentum       46.6400046040439662

reduce dt because of varcontrol   19813
 star_1_spin_period/binary_period  0.23368856766736140       0.43865740493900601        1.8771025442862177     
 normal tolerance
 element diffusion on 
save LOGS1/profile14.data for model 19813
                star               model                 age                mass             lg_mdot           (r-rl)/rl          last photo
                   1               19814     5.732327951E+09     1.974585137E-01    -9.900000000E+01    -9.596130618E-01        photos1/x800
      19814   7.320628  1.741E+04  -0.313424  -0.313423   0.197459   0.006186   0.000000   0.011795   0.121778   0.009815  22.955750   2779     40
   3.920273   5.130978  -1.159487 -27.552035  -1.528315 -99.000000   0.191273   0.980012   0.001635   0.004501   0.970067   1.441946      2      0
 5.7323E+09  21.046363  -0.401807  -6.800607   3.464650  -8.421465   0.000000   0.000103   0.002146  1.999E-02  2.012E-02  0.156E-10    varcontrol
                            surface ca40    9.3125011676302619D-06
                              surface h1        0.8737218139510849
              log_total_angular_momentum       46.6400046040439591

reduce dt because of varcontrol   19814
 star_1_spin_period/binary_period  0.23440116381985376       0.43999501931025464        1.8771025371205394     
 normal tolerance
 element diffusion on 
save LOGS1/profile15.data for model 19814
                star               model                 age                mass             lg_mdot           (r-rl)/rl          last photo
                   1               19815     5.732336013E+09     1.974585137E-01    -9.900000000E+01    -9.595432670E-01        photos1/x800
      19815   7.320617  1.743E+04  -0.308388  -0.308388   0.197459   0.006186   0.000000   0.011795   0.121820   0.009815  22.955744   2782     40
   3.906475   5.130960  -1.158737 -27.552620  -1.522642 -99.000000   0.191273   0.980012   0.001635   0.004503   0.970067   1.441964      2      0
 5.7323E+09  21.046334  -0.398944  -6.792022   3.466015  -8.423658   0.000000   0.000103   0.002146  1.999E-02  2.012E-02  0.161E-10    varcontrol
                            surface ca40    9.3188932228124224D-06
                              surface h1        0.8736778833602344
              log_total_angular_momentum       46.6400046040439591

reduce dt because of varcontrol   19815
 star_1_spin_period/binary_period  0.23511602069193596       0.44133687732641497        1.8771025301788464     
 normal tolerance
 element diffusion on 
save LOGS1/profile16.data for model 19815
                star               model                 age                mass             lg_mdot           (r-rl)/rl          last photo
                   1               19816     5.732343825E+09     1.974585137E-01    -9.900000000E+01    -9.594733918E-01        photos1/x800
      19816   7.320605  1.744E+04  -0.303350  -0.303350   0.197459   0.006186   0.000000   0.011795   0.121863   0.009814  22.955739   2780     40
   3.892764   5.130943  -1.157988 -27.553206  -1.516973 -99.000000   0.191273   0.980012   0.001635   0.004505   0.970067   1.441982      2      0
 5.7323E+09  21.046305  -0.396092  -6.783459   3.467369  -8.425840   0.000000   0.000103   0.002146  1.999E-02  2.012E-02  0.167E-10    varcontrol
                            surface ca40    9.3253408694940788D-06
                              surface h1        0.8736328250634965
              log_total_angular_momentum       46.6400046040439520

reduce dt because of varcontrol   19816
 star_1_spin_period/binary_period  0.23583438334387630       0.44268531609172207        1.8771025234527867     
 normal tolerance
 element diffusion on 
save LOGS1/profile17.data for model 19816
                star               model                 age                mass             lg_mdot           (r-rl)/rl          last photo
                   1               19817     5.732351396E+09     1.974585137E-01    -9.900000000E+01    -9.594034613E-01        photos1/x800
      19817   7.320594  1.746E+04  -0.298303  -0.298303   0.197459   0.006186   0.000000   0.011795   0.121907   0.009814  22.955733   2780     40
   3.879167   5.130925  -1.157239 -27.553792  -1.511302 -99.000000   0.191273   0.980012   0.001635   0.004507   0.970068   1.442000      2      0
 5.7324E+09  21.046276  -0.393250  -6.774906   3.468714  -8.428011   0.000000   0.000103   0.002146  1.999E-02  2.012E-02  0.172E-10    varcontrol
                            surface ca40    9.3318356639584631D-06
                              surface h1        0.8735867458257671
              log_total_angular_momentum       46.6400046040439520

reduce dt because of varcontrol   19817
 star_1_spin_period/binary_period  0.23655427222552283       0.44403661978600711        1.8771025169339475     
 normal tolerance
 element diffusion on 
save LOGS1/profile18.data for model 19817
                star               model                 age                mass             lg_mdot           (r-rl)/rl          last photo
                   1               19818     5.732358737E+09     1.974585137E-01    -9.900000000E+01    -9.593334522E-01        photos1/x800
      19818   7.320583  1.747E+04  -0.293245  -0.293245   0.197459   0.006186   0.000000   0.011795   0.121952   0.009814  22.955727   2780     40
   3.865713   5.130907  -1.156491 -27.554380  -1.505628 -99.000000   0.191273   0.980012   0.001635   0.004509   0.970068   1.442018      2      0
 5.7324E+09  21.046246  -0.390420  -6.766363   3.470049  -8.430177   0.000000   0.000103   0.002146  1.999E-02  2.012E-02  0.177E-10    varcontrol
                            surface ca40    9.3383691791553191D-06
                              surface h1        0.8735397540959828
              log_total_angular_momentum       46.6400046040439449

reduce dt because of varcontrol   19818
 star_1_spin_period/binary_period  0.23727560714575613       0.44539063788072758        1.8771025106138632     
 normal tolerance
 element diffusion on 
save LOGS1/profile19.data for model 19818
                star               model                 age                mass             lg_mdot           (r-rl)/rl          last photo
                   1               19819     5.732365855E+09     1.974585137E-01    -9.900000000E+01    -9.592633693E-01        photos1/x800
      19819   7.320571  1.748E+04  -0.288178  -0.288177   0.197459   0.006186   0.000000   0.011795   0.121997   0.009814  22.955721   2780     40
   3.852375   5.130889  -1.155743 -27.554968  -1.499949 -99.000000   0.191273   0.980012   0.001635   0.004511   0.970068   1.442035      2      0
 5.7324E+09  21.046217  -0.387601  -6.757829   3.471374  -8.432328   0.000000   0.000103   0.002146  1.999E-02  2.012E-02  0.183E-10    varcontrol
                            surface ca40    9.3449372789976540D-06
                              surface h1        0.8734919076678983
              log_total_angular_momentum       46.6400046040439449

reduce dt because of varcontrol   19819
 star_1_spin_period/binary_period  0.23800114614141413       0.44675254749231219        1.8771025044848455     
 normal tolerance
 element diffusion on 
save LOGS1/profile20.data for model 19819
                star               model                 age                mass             lg_mdot           (r-rl)/rl          last photo
                   1               19820     5.732372759E+09     1.974585137E-01    -9.900000000E+01    -9.591932129E-01        photos1/x800

__________________________________________________________________________________________________________________________________________________

       step    lg_Tcntr    Teff       lg_LH     lg_Lnuc     Mass       H_rich     H_cntr     N_cntr     Y_surf     X_avg     eta_cntr  zones retry
   lg_dt_yr    lg_Dcntr    lg_R       lg_L3a    lg_Lneu     lg_Mdot    He_core    He_cntr    O_cntr     Z_surf     Y_avg     gam_cntr  iters bckup
     age_yr    lg_Pcntr    lg_L       lg_LZ     lg_Psurf    lg_Dsurf   C_core     C_cntr     Ne_cntr    Z_cntr     Z_avg     v_div_cs     dt_limit
__________________________________________________________________________________________________________________________________________________

      19820   7.320560  1.750E+04  -0.283097  -0.283097   0.197459   0.006186   0.000000   0.011795   0.122044   0.009814  22.955714   2783     40
   3.839124   5.130871  -1.154996 -27.555557  -1.494264 -99.000000   0.191273   0.980012   0.001635   0.004513   0.970068   1.442053      2      0
 5.7324E+09  21.046188  -0.384792  -6.749299   3.472689  -8.434475   0.000000   0.000103   0.002146  1.999E-02  2.012E-02  0.189E-10    varcontrol
                            surface ca40    9.3515381916617524D-06
                              surface h1        0.8734432365613647
              log_total_angular_momentum       46.6400046040439378

reduce dt because of varcontrol   19820
 star_1_spin_period/binary_period  0.23872835902624839       0.44811759920050614        1.8771024985399209     
 normal tolerance
 element diffusion on 
save LOGS1/profile21.data for model 19820
                star               model                 age                mass             lg_mdot           (r-rl)/rl          last photo
                   1               19821     5.732379457E+09     1.974585137E-01    -9.900000000E+01    -9.591229891E-01        photos1/x800
      19821   7.320549  1.751E+04  -0.278016  -0.278016   0.197459   0.006186   0.000000   0.011795   0.122091   0.009814  22.955708   2782     40
   3.825951   5.130853  -1.154249 -27.556147  -1.488586 -99.000000   0.191273   0.980012   0.001635   0.004515   0.970068   1.442071      2      0
 5.7324E+09  21.046158  -0.381995  -6.740793   3.473994  -8.436609   0.000000   0.000103   0.002146  1.999E-02  2.012E-02  0.194E-10    varcontrol
                            surface ca40    9.3581647279392317D-06
                              surface h1        0.8733938300407220
              log_total_angular_momentum       46.6400046040439378

reduce dt because of varcontrol   19821
 star_1_spin_period/binary_period  0.23945778877597312       0.44948681222517584        1.8771024927725246     
 normal tolerance
 element diffusion on 
save LOGS1/profile22.data for model 19821
                star               model                 age                mass             lg_mdot           (r-rl)/rl          last photo
                   1               19822     5.732385957E+09     1.974585137E-01    -9.900000000E+01    -9.590526951E-01        photos1/x800
      19822   7.320537  1.752E+04  -0.272924  -0.272924   0.197459   0.006186   0.000000   0.011795   0.122139   0.009813  22.955701   2782     40
   3.812870   5.130835  -1.153503 -27.556737  -1.482902 -99.000000   0.191273   0.980012   0.001635   0.004517   0.970069   1.442089      2      0
 5.7324E+09  21.046129  -0.379209  -6.732292   3.475289  -8.438734   0.000000   0.000103   0.002146  1.999E-02  2.012E-02  0.200E-10    varcontrol
                            surface ca40    9.3648121217174131D-06
                              surface h1        0.8733437513630630
              log_total_angular_momentum       46.6400046040439307

reduce dt because of varcontrol   19822
 star_1_spin_period/binary_period  0.24019205544514297       0.45086510467603391        1.8771024871761681     
 normal tolerance
 element diffusion on 
save LOGS1/profile23.data for model 19822
                star               model                 age                mass             lg_mdot           (r-rl)/rl          last photo
                   1               19823     5.732392265E+09     1.974585137E-01    -9.900000000E+01    -9.589823223E-01        photos1/x800
      19823   7.320526  1.753E+04  -0.267826  -0.267826   0.197459   0.006186   0.000000   0.011795   0.122188   0.009813  22.955695   2782     40
   3.799908   5.130817  -1.152757 -27.557328  -1.477220 -99.000000   0.191273   0.980012   0.001635   0.004519   0.970069   1.442107      2      0
 5.7324E+09  21.046099  -0.376433  -6.723807   3.476574  -8.440849   0.000000   0.000103   0.002146  1.999E-02  2.012E-02  0.207E-10    varcontrol
                            surface ca40    9.3714719146749848D-06
                              surface h1        0.8732931059814421
              log_total_angular_momentum       46.6400046040439307

reduce dt because of varcontrol   19823
 star_1_spin_period/binary_period  0.24092843339785186       0.45224736025387291        1.8771024817442954     
 normal tolerance
 element diffusion on 
save LOGS1/profile24.data for model 19823
                star               model                 age                mass             lg_mdot           (r-rl)/rl          last photo
                   1               19824     5.732398389E+09     1.974585137E-01    -9.900000000E+01    -9.589118820E-01        photos1/x800
      19824   7.320514  1.755E+04  -0.262715  -0.262715   0.197459   0.006186   0.000000   0.011795   0.122237   0.009813  22.955688   2782     40
   3.787034   5.130799  -1.152012 -27.557919  -1.471529 -99.000000   0.191273   0.980012   0.001635   0.004521   0.970069   1.442125      2      0
 5.7324E+09  21.046069  -0.373669  -6.715324   3.477849  -8.442957   0.000000   0.000103   0.002146  1.999E-02  2.012E-02  0.213E-10    varcontrol
                            surface ca40    9.3781424369668545D-06
                              surface h1        0.8732419216491172
              log_total_angular_momentum       46.6400046040439236

reduce dt because of varcontrol   19824
 star_1_spin_period/binary_period  0.24166492512982071       0.45362982943736485        1.8771024764709983     
 normal tolerance
 element diffusion on 
save LOGS1/profile25.data for model 19824
                star               model                 age                mass             lg_mdot           (r-rl)/rl          last photo
                   1               19825     5.732404335E+09     1.974585137E-01    -9.900000000E+01    -9.588413804E-01        photos1/x800
      19825   7.320503  1.756E+04  -0.257596  -0.257596   0.197459   0.006186   0.000000   0.011795   0.122286   0.009813  22.955681   2782     40
   3.774258   5.130781  -1.151267 -27.558511  -1.465838 -99.000000   0.191273   0.980012   0.001635   0.004524   0.970069   1.442143      2      0
 5.7324E+09  21.046040  -0.370915  -6.706854   3.479115  -8.445053   0.000000   0.000103   0.002146  1.999E-02  2.012E-02  0.219E-10    varcontrol
                            surface ca40    9.3848192346870568D-06
                              surface h1        0.8731902578971069
              log_total_angular_momentum       46.6400046040439236

reduce dt because of varcontrol   19825
 star_1_spin_period/binary_period  0.24240527018949426       0.45501953174108334        1.8771024713504916     
 normal tolerance
 element diffusion on 
save LOGS1/profile26.data for model 19825
                star               model                 age                mass             lg_mdot           (r-rl)/rl          last photo
                   1               19826     5.732410111E+09     1.974585137E-01    -9.900000000E+01    -9.587708443E-01        photos1/x800
      19826   7.320491  1.757E+04  -0.252467  -0.252467   0.197459   0.006186   0.000000   0.011795   0.122448   0.009813  22.955674   2782     40
   3.761601   5.130763  -1.150524 -27.559103  -1.460142 -99.000000   0.191273   0.980012   0.001635   0.004530   0.970069   1.442161      2      0
 5.7324E+09  21.046010  -0.368173  -6.698389   3.480370  -8.447096   0.000000   0.000103   0.002146  1.999E-02  2.012E-02  0.226E-10    varcontrol
                            surface ca40    9.4017317688861906D-06
                              surface h1        0.8730219230672940
              log_total_angular_momentum       46.6400046040439236

reduce dt because of varcontrol   19826
 star_1_spin_period/binary_period  0.24314999284327302       0.45641745126565586        1.8771024663769926     
 normal tolerance
 element diffusion on 
save LOGS1/profile27.data for model 19826
                star               model                 age                mass             lg_mdot           (r-rl)/rl          last photo
                   1               19827     5.732415730E+09     1.974585137E-01    -9.900000000E+01    -9.587000945E-01        photos1/x800
      19827   7.320480  1.759E+04  -0.247323  -0.247323   0.197459   0.006186   0.000000   0.011795   0.122540   0.009813  22.955667   2782     40
   3.749679   5.130744  -1.149779 -27.559697  -1.454436 -99.000000   0.191273   0.980012   0.001635   0.004533   0.970069   1.442179      2      0
 5.7324E+09  21.045981  -0.365437  -6.689923   3.481618  -8.449163   0.000000   0.000103   0.002146  1.999E-02  2.012E-02  0.232E-10    varcontrol
                            surface ca40    9.4123883037988481D-06
                              surface h1        0.8729265703750793
              log_total_angular_momentum       46.6400046040439165

reduce dt because of varcontrol   19827
 star_1_spin_period/binary_period  0.24389639059584195       0.45781851514771049        1.8771024615380905     
 normal tolerance
 element diffusion on 
save LOGS1/profile28.data for model 19827
                star               model                 age                mass             lg_mdot           (r-rl)/rl          last photo
                   1               19828     5.732421197E+09     1.974585137E-01    -9.900000000E+01    -9.586291756E-01        photos1/x800
      19828   7.320468  1.760E+04  -0.242161  -0.242161   0.197459   0.006186   0.000000   0.011795   0.122620   0.009812  22.955660   2782     40
   3.737748   5.130726  -1.149034 -27.560292  -1.448718 -99.000000   0.191273   0.980012   0.001635   0.004537   0.970070   1.442197      2      0
 5.7324E+09  21.045951  -0.362710  -6.681451   3.482857  -8.451227   0.000000   0.000103   0.002146  1.999E-02  2.012E-02  0.239E-10    varcontrol
                            surface ca40    9.4218576254051717D-06
                              surface h1        0.8728435642387907
              log_total_angular_momentum       46.6400046040439094

reduce dt because of varcontrol   19828
 star_1_spin_period/binary_period  0.24464508179918548       0.45922388409668707        1.8771024568302441     
 normal tolerance
 element diffusion on 
save LOGS1/profile29.data for model 19828
                star               model                 age                mass             lg_mdot           (r-rl)/rl          last photo
                   1               19829     5.732426508E+09     1.974585137E-01    -9.900000000E+01    -9.585582023E-01        photos1/x800
      19829   7.320457  1.761E+04  -0.236988  -0.236988   0.197459   0.006186   0.000000   0.011795   0.122694   0.009812  22.955652   2787     40
   3.725133   5.130708  -1.148289 -27.560887  -1.442994 -99.000000   0.191273   0.980012   0.001635   0.004540   0.970070   1.442215      2      0
 5.7324E+09  21.045921  -0.359994  -6.672985   3.484084  -8.453284   0.000000   0.000103   0.002146  1.999E-02  2.012E-02  0.246E-10    varcontrol
                            surface ca40    9.4307655977818648D-06
                              surface h1        0.8727662277778528
              log_total_angular_momentum       46.6400046040439094

reduce dt because of varcontrol   19829
 star_1_spin_period/binary_period  0.24539743097728689       0.46063611946505945        1.8771024522571074     
 normal tolerance
 element diffusion on 
save LOGS1/profile30.data for model 19829
                star               model                 age                mass             lg_mdot           (r-rl)/rl          last photo
                   1               19830     5.732431666E+09     1.974585137E-01    -9.900000000E+01    -9.584871924E-01        photos1/x800

__________________________________________________________________________________________________________________________________________________

       step    lg_Tcntr    Teff       lg_LH     lg_Lnuc     Mass       H_rich     H_cntr     N_cntr     Y_surf     X_avg     eta_cntr  zones retry
   lg_dt_yr    lg_Dcntr    lg_R       lg_L3a    lg_Lneu     lg_Mdot    He_core    He_cntr    O_cntr     Z_surf     Y_avg     gam_cntr  iters bckup
     age_yr    lg_Pcntr    lg_L       lg_LZ     lg_Psurf    lg_Dsurf   C_core     C_cntr     Ne_cntr    Z_cntr     Z_avg     v_div_cs     dt_limit
__________________________________________________________________________________________________________________________________________________

      19830   7.320445  1.762E+04  -0.231813  -0.231813   0.197459   0.006186   0.000000   0.011795   0.122765   0.009812  22.955645   2785     40
   3.712522   5.130690  -1.147546 -27.561482  -1.437276 -99.000000   0.191273   0.980012   0.001635   0.004542   0.970070   1.442233      2      0
 5.7324E+09  21.045891  -0.357291  -6.664538   3.485302  -8.455333   0.000000   0.000103   0.002146  1.999E-02  2.012E-02  0.254E-10    varcontrol
                            surface ca40    9.4392943379474484D-06
                              surface h1        0.8726926403695933
              log_total_angular_momentum       46.6400046040439094

reduce dt because of varcontrol   19830
 star_1_spin_period/binary_period  0.24615229572535086       0.46205307684128488        1.8771024478147849     
 normal tolerance
 element diffusion on 
save LOGS1/profile31.data for model 19830
                star               model                 age                mass             lg_mdot           (r-rl)/rl          last photo
                   1               19831     5.732436678E+09     1.974585137E-01    -9.900000000E+01    -9.584161523E-01        photos1/x800
      19831   7.320434  1.764E+04  -0.226633  -0.226632   0.197459   0.006186   0.000000   0.011795   0.122833   0.009812  22.955638   2785     40
   3.700018   5.130672  -1.146803 -27.562077  -1.431557 -99.000000   0.191273   0.980012   0.001635   0.004545   0.970070   1.442251      2      0
 5.7324E+09  21.045862  -0.354599  -6.656104   3.486509  -8.457371   0.000000   0.000103   0.002146  1.999E-02  2.012E-02  0.261E-10    varcontrol
                            surface ca40    9.4475444424809477D-06
                              surface h1        0.8726217299517240
              log_total_angular_momentum       46.6400046040439022

reduce dt because of varcontrol   19831
 star_1_spin_period/binary_period  0.24690749784242114       0.46347066751810129        1.8771024434984676     
 normal tolerance
 element diffusion on 
save LOGS1/profile32.data for model 19831
                star               model                 age                mass             lg_mdot           (r-rl)/rl          last photo
                   1               19832     5.732441550E+09     1.974585137E-01    -9.900000000E+01    -9.583450603E-01        photos1/x800
      19832   7.320422  1.765E+04  -0.221443  -0.221443   0.197459   0.006186   0.000000   0.011795   0.122899   0.009812  22.955630   2785     40
   3.687701   5.130654  -1.146062 -27.562672  -1.425836 -99.000000   0.191273   0.980012   0.001635   0.004548   0.970070   1.442270      2      0
 5.7324E+09  21.045832  -0.351920  -6.647678   3.487706  -8.459401   0.000000   0.000103   0.002146  1.999E-02  2.012E-02  0.269E-10    varcontrol
                            surface ca40    9.4555753453998728D-06
                              surface h1        0.8725528661432664
              log_total_angular_momentum       46.6400046040439022

reduce dt because of varcontrol   19832
 star_1_spin_period/binary_period  0.24766617795764714       0.46489478677709611        1.8771024393027811     
 normal tolerance
 element diffusion on 
save LOGS1/profile33.data for model 19832
                star               model                 age                mass             lg_mdot           (r-rl)/rl          last photo
                   1               19833     5.732446287E+09     1.974585137E-01    -9.900000000E+01    -9.582739039E-01        photos1/x800
      19833   7.320411  1.766E+04  -0.216245  -0.216245   0.197459   0.006186   0.000000   0.011795   0.122964   0.009812  22.955622   2785     40
   3.675509   5.130635  -1.145320 -27.563268  -1.420111 -99.000000   0.191273   0.980012   0.001635   0.004551   0.970070   1.442288      2      0
 5.7324E+09  21.045802  -0.349252  -6.639259   3.488892  -8.461425   0.000000   0.000103   0.002146  1.999E-02  2.012E-02  0.276E-10    varcontrol
                            surface ca40    9.4634313370297541D-06
                              surface h1        0.8724855757581518
              log_total_angular_momentum       46.6400046040438951

reduce dt because of varcontrol   19833
 star_1_spin_period/binary_period  0.24842700220655511       0.46632293081711934        1.8771024352231818     
 normal tolerance
 element diffusion on 
save LOGS1/profile34.data for model 19833
                star               model                 age                mass             lg_mdot           (r-rl)/rl          last photo
                   1               19834     5.732450894E+09     1.974585137E-01    -9.900000000E+01    -9.582026996E-01        photos1/x800
      19834   7.320399  1.767E+04  -0.211036  -0.211035   0.197459   0.006186   0.000000   0.011795   0.123027   0.009811  22.955615   2785     40
   3.663410   5.130617  -1.144580 -27.563863  -1.414381 -99.000000   0.191273   0.980012   0.001635   0.004553   0.970070   1.442306      2      0
 5.7325E+09  21.045772  -0.346596  -6.630845   3.490069  -8.463436   0.000000   0.000103   0.002146  1.999E-02  2.012E-02  0.284E-10    varcontrol
                            surface ca40    9.4711398775990966D-06
                              surface h1        0.8724195666670150
              log_total_angular_momentum       46.6400046040438951

reduce dt because of varcontrol   19834
 star_1_spin_period/binary_period  0.24919006065507898       0.46775526870038092        1.8771024312556071     
 normal tolerance
 element diffusion on 
save LOGS1/profile35.data for model 19834
                star               model                 age                mass             lg_mdot           (r-rl)/rl          last photo
                   1               19835     5.732455376E+09     1.974585137E-01    -9.900000000E+01    -9.581314261E-01        photos1/x800
      19835   7.320388  1.768E+04  -0.205818  -0.205818   0.197459   0.006186   0.000000   0.011795   0.123090   0.009811  22.955607   2785     40
   3.651418   5.130599  -1.143840 -27.564458  -1.408648 -99.000000   0.191273   0.980012   0.001635   0.004556   0.970071   1.442324      2      0
 5.7325E+09  21.045742  -0.343952  -6.622439   3.491234  -8.465441   0.000000   0.000103   0.002146  1.999E-02  2.012E-02  0.292E-10    varcontrol
                            surface ca40    9.4787196693991063D-06
                              surface h1        0.8723546431664811
              log_total_angular_momentum       46.6400046040438880

reduce dt because of varcontrol   19835
 star_1_spin_period/binary_period  0.24995610300110813       0.46919320768582962        1.8771024273960197     
 normal tolerance
 element diffusion on 
save LOGS1/profile36.data for model 19835
                star               model                 age                mass             lg_mdot           (r-rl)/rl          last photo
                   1               19836     5.732459736E+09     1.974585137E-01    -9.900000000E+01    -9.580600874E-01        photos1/x800
      19836   7.320376  1.769E+04  -0.200591  -0.200591   0.197459   0.006186   0.000000   0.011795   0.123151   0.009811  22.955599   2785     40
   3.639515   5.130581  -1.143101 -27.565054  -1.402912 -99.000000   0.191273   0.980012   0.001635   0.004558   0.970071   1.442342      2      0
 5.7325E+09  21.045712  -0.341318  -6.614040   3.492390  -8.467438   0.000000   0.000103   0.002146  1.999E-02  2.012E-02  0.300E-10    varcontrol
                            surface ca40    9.4861860485470420D-06
                              surface h1        0.8722906445104407
              log_total_angular_momentum       46.6400046040438880

reduce dt because of varcontrol   19836
 star_1_spin_period/binary_period  0.25072286086325257       0.47063248978854727        1.8771024236407232     
 normal tolerance
 element diffusion on 
save LOGS1/profile37.data for model 19836
                star               model                 age                mass             lg_mdot           (r-rl)/rl          last photo
                   1               19837     5.732463979E+09     1.974585137E-01    -9.900000000E+01    -9.579886836E-01        photos1/x800
      19837   7.320365  1.771E+04  -0.195356  -0.195356   0.197459   0.006186   0.000000   0.011795   0.123212   0.009811  22.955591   2785     40
   3.627684   5.130562  -1.142362 -27.565650  -1.397173 -99.000000   0.191273   0.980012   0.001635   0.004561   0.970071   1.442360      2      0
 5.7325E+09  21.045683  -0.338696  -6.605648   3.493536  -8.469424   0.000000   0.000103   0.002146  1.999E-02  2.012E-02  0.309E-10    varcontrol
                            surface ca40    9.4935506029093070D-06
                              surface h1        0.8722274502708830
              log_total_angular_momentum       46.6400046040438880

reduce dt because of varcontrol   19837
 star_1_spin_period/binary_period  0.25149273118681453       0.47207761431972950        1.8771024199862838     
 normal tolerance
 element diffusion on 
save LOGS1/profile38.data for model 19837
                star               model                 age                mass             lg_mdot           (r-rl)/rl          last photo
                   1               19838     5.732468109E+09     1.974585137E-01    -9.900000000E+01    -9.579172126E-01        photos1/x800
      19838   7.320353  1.772E+04  -0.190107  -0.190107   0.197459   0.006186   0.000000   0.011795   0.123272   0.009811  22.955583   2789     40
   3.615937   5.130544  -1.141624 -27.566246  -1.391426 -99.000000   0.191273   0.980012   0.001635   0.004563   0.970071   1.442378      2      0
 5.7325E+09  21.045653  -0.336085  -6.597256   3.494672  -8.471404   0.000000   0.000103   0.002146  1.999E-02  2.012E-02  0.317E-10    varcontrol
                            surface ca40    9.5008222397143686D-06
                              surface h1        0.8721649699895696
              log_total_angular_momentum       46.6400046040438809

reduce dt because of varcontrol   19838
 star_1_spin_period/binary_period  0.25226497255807157       0.47352718956922851        1.8771024164293051     
 normal tolerance
 element diffusion on 
save LOGS1/profile39.data for model 19838
                star               model                 age                mass             lg_mdot           (r-rl)/rl          last photo
                   1               19839     5.732472129E+09     1.974585137E-01    -9.900000000E+01    -9.578456721E-01        photos1/x800
      19839   7.320342  1.773E+04  -0.184853  -0.184853   0.197459   0.006186   0.000000   0.011795   0.123331   0.009811  22.955575   2787     40
   3.604232   5.130526  -1.140886 -27.566842  -1.385678 -99.000000   0.191273   0.980012   0.001635   0.004566   0.970071   1.442396      2      0
 5.7325E+09  21.045623  -0.333485  -6.588875   3.495797  -8.473372   0.000000   0.000103   0.002146  1.999E-02  2.012E-02  0.326E-10    varcontrol
                            surface ca40    9.5080072440531029D-06
                              surface h1        0.8721031397264992
              log_total_angular_momentum       46.6400046040438809

reduce dt because of varcontrol   19839
 star_1_spin_period/binary_period  0.25303954501152587       0.47498114051717105        1.8771024129668581     
 normal tolerance
 element diffusion on 
save LOGS1/profile40.data for model 19839
                star               model                 age                mass             lg_mdot           (r-rl)/rl          last photo
                   1               19840     5.732476043E+09     1.974585137E-01    -9.900000000E+01    -9.577740779E-01        photos1/x800

__________________________________________________________________________________________________________________________________________________

       step    lg_Tcntr    Teff       lg_LH     lg_Lnuc     Mass       H_rich     H_cntr     N_cntr     Y_surf     X_avg     eta_cntr  zones retry
   lg_dt_yr    lg_Dcntr    lg_R       lg_L3a    lg_Lneu     lg_Mdot    He_core    He_cntr    O_cntr     Z_surf     Y_avg     gam_cntr  iters bckup
     age_yr    lg_Pcntr    lg_L       lg_LZ     lg_Psurf    lg_Dsurf   C_core     C_cntr     Ne_cntr    Z_cntr     Z_avg     v_div_cs     dt_limit
__________________________________________________________________________________________________________________________________________________

      19840   7.320330  1.774E+04  -0.179585  -0.179585   0.197459   0.006186   0.000000   0.011795   0.123390   0.009811  22.955567   2787     40
   3.592589   5.130508  -1.140149 -27.567437  -1.379923 -99.000000   0.191273   0.980012   0.001635   0.004568   0.970071   1.442414      2      0
 5.7325E+09  21.045593  -0.330897  -6.580494   3.496913  -8.475334   0.000000   0.000103   0.002146  1.999E-02  2.012E-02  0.335E-10    varcontrol
                            surface ca40    9.5151098408473733D-06
                              surface h1        0.8720419192214071
              log_total_angular_momentum       46.6400046040438809

reduce dt because of varcontrol   19840
 star_1_spin_period/binary_period  0.25381665496883032       0.47643985463757393        1.8771024095959450     
 normal tolerance
 element diffusion on 
save LOGS1/profile41.data for model 19840
                star               model                 age                mass             lg_mdot           (r-rl)/rl          last photo
                   1               19841     5.732479854E+09     1.974585137E-01    -9.900000000E+01    -9.577024104E-01        photos1/x800
      19841   7.320319  1.775E+04  -0.174309  -0.174309   0.197459   0.006186   0.000000   0.011795   0.123448   0.009811  22.955559   2787     40
   3.581057   5.130489  -1.139412 -27.568033  -1.374164 -99.000000   0.191273   0.980012   0.001635   0.004570   0.970071   1.442432      2      0
 5.7325E+09  21.045563  -0.328320  -6.572119   3.498018  -8.477288   0.000000   0.000103   0.002146  1.999E-02  2.012E-02  0.344E-10    varcontrol
                            surface ca40    9.5221322387925697D-06
                              surface h1        0.8719812921227093
              log_total_angular_momentum       46.6400046040438738

reduce dt because of varcontrol   19841
 star_1_spin_period/binary_period  0.25459580383035585       0.47790239600723211        1.8771024063133086     
 normal tolerance
 element diffusion on 
save LOGS1/profile42.data for model 19841
                star               model                 age                mass             lg_mdot           (r-rl)/rl          last photo
                   1               19842     5.732483566E+09     1.974585137E-01    -9.900000000E+01    -9.576306740E-01        photos1/x800
      19842   7.320307  1.776E+04  -0.169024  -0.169024   0.197459   0.006186   0.000000   0.011795   0.123506   0.009810  22.955550   2787     40
   3.569600   5.130471  -1.138676 -27.568630  -1.368401 -99.000000   0.191273   0.980012   0.001635   0.004573   0.970071   1.442450      2      0
 5.7325E+09  21.045533  -0.325753  -6.563749   3.499114  -8.479234   0.000000   0.000103   0.002146  1.999E-02  2.012E-02  0.353E-10    varcontrol
                            surface ca40    9.5290796631695679D-06
                              surface h1        0.8719212071247692
              log_total_angular_momentum       46.6400046040438738

reduce dt because of varcontrol   19842
 star_1_spin_period/binary_period  0.25537765505739957       0.47937001001039586        1.8771024031160872     
 normal tolerance
 element diffusion on 
save LOGS1/profile43.data for model 19842
                star               model                 age                mass             lg_mdot           (r-rl)/rl          last photo
                   1               19843     5.732487182E+09     1.974585137E-01    -9.900000000E+01    -9.575588732E-01        photos1/x800
      19843   7.320296  1.777E+04  -0.163727  -0.163726   0.197459   0.006186   0.000000   0.011795   0.123563   0.009810  22.955542   2787     40
   3.558202   5.130453  -1.137941 -27.569226  -1.362631 -99.000000   0.191273   0.980012   0.001635   0.004575   0.970072   1.442468      2      0
 5.7325E+09  21.045503  -0.323198  -6.555381   3.500200  -8.481170   0.000000   0.000103   0.002146  1.999E-02  2.012E-02  0.363E-10    varcontrol
                            surface ca40    9.5359551125678598D-06
                              surface h1        0.8718616369459399
              log_total_angular_momentum       46.6400046040438667

reduce dt because of varcontrol   19843
 star_1_spin_period/binary_period  0.25616119452357561       0.48084079302748772        1.8771024000016283     
 normal tolerance
 element diffusion on 
save LOGS1/profile44.data for model 19843
                star               model                 age                mass             lg_mdot           (r-rl)/rl          last photo
                   1               19844     5.732490704E+09     1.974585137E-01    -9.900000000E+01    -9.574869964E-01        photos1/x800
      19844   7.320284  1.779E+04  -0.158414  -0.158414   0.197459   0.006186   0.000000   0.011795   0.123620   0.009810  22.955533   2792     40
   3.546882   5.130435  -1.137206 -27.569821  -1.356851 -99.000000   0.191273   0.980012   0.001635   0.004577   0.970072   1.442486      2      0
 5.7325E+09  21.045474  -0.320653  -6.547008   3.501276  -8.483096   0.000000   0.000103   0.002146  1.999E-02  2.012E-02  0.372E-10    varcontrol
                            surface ca40    9.5427602228137567D-06
                              surface h1        0.8718025697480161
              log_total_angular_momentum       46.6400046040438667

reduce dt because of varcontrol   19844
 star_1_spin_period/binary_period  0.25694601594936978       0.48231398242974716        1.8771023969672496     
 normal tolerance
 element diffusion on 
save LOGS1/profile45.data for model 19844
                star               model                 age                mass             lg_mdot           (r-rl)/rl          last photo
                   1               19845     5.732494137E+09     1.974585137E-01    -9.900000000E+01    -9.574150511E-01        photos1/x800
      19845   7.320273  1.780E+04  -0.153100  -0.153100   0.197459   0.006186   0.000000   0.011795   0.123677   0.009810  22.955525   2790     40
   3.535575   5.130416  -1.136472 -27.570418  -1.351076 -99.000000   0.191273   0.980012   0.001635   0.004579   0.970072   1.442505      2      0
 5.7325E+09  21.045444  -0.318120  -6.538653   3.502340  -8.485017   0.000000   0.000103   0.002146  1.999E-02  2.012E-02  0.382E-10    varcontrol
                            surface ca40    9.5494991216022670D-06
                              surface h1        0.8717439637618675
              log_total_angular_momentum       46.6400046040438667

reduce dt because of varcontrol   19845
 star_1_spin_period/binary_period  0.25773337149256365       0.48379192864516635        1.8771023940108011     
 normal tolerance
 element diffusion on 
save LOGS1/profile46.data for model 19845
                star               model                 age                mass             lg_mdot           (r-rl)/rl          last photo
                   1               19846     5.732497481E+09     1.974585137E-01    -9.900000000E+01    -9.573430486E-01        photos1/x800
      19846   7.320261  1.781E+04  -0.147772  -0.147771   0.197459   0.006186   0.000000   0.011795   0.123732   0.009810  22.955516   2792     40
   3.524300   5.130398  -1.135738 -27.571014  -1.345290 -99.000000   0.191273   0.980012   0.001635   0.004582   0.970072   1.442523      2      0
 5.7325E+09  21.045414  -0.315598  -6.530293   3.503397  -8.486928   0.000000   0.000103   0.002146  1.999E-02  2.012E-02  0.392E-10    varcontrol
                            surface ca40    9.5561743124696180D-06
                              surface h1        0.8716857961921795
              log_total_angular_momentum       46.6400046040438596

reduce dt because of varcontrol   19846
 star_1_spin_period/binary_period  0.25852234067004526       0.48527290383228489        1.8771023911300715     
 normal tolerance
 element diffusion on 
save LOGS1/profile47.data for model 19846
                star               model                 age                mass             lg_mdot           (r-rl)/rl          last photo
                   1               19847     5.732500740E+09     1.974585137E-01    -9.900000000E+01    -9.572709917E-01        photos1/x800
      19847   7.320250  1.782E+04  -0.142431  -0.142431   0.197459   0.006186   0.000000   0.011795   0.123788   0.009810  22.955507   2792     40
   3.513102   5.130380  -1.135005 -27.571610  -1.339496 -99.000000   0.191273   0.980012   0.001635   0.004584   0.970072   1.442541      2      0
 5.7325E+09  21.045384  -0.313087  -6.521933   3.504443  -8.488830   0.000000   0.000103   0.002146  1.999E-02  2.012E-02  0.403E-10    varcontrol
                            surface ca40    9.5627827754656022D-06
                              surface h1        0.8716281059472660
              log_total_angular_momentum       46.6400046040438596

reduce dt because of varcontrol   19847
 star_1_spin_period/binary_period  0.25931517375398949       0.48676113198190918        1.8771023883226212     
 normal tolerance
 element diffusion on 
save LOGS1/profile48.data for model 19847
                star               model                 age                mass             lg_mdot           (r-rl)/rl          last photo
                   1               19848     5.732503917E+09     1.974585137E-01    -9.900000000E+01    -9.571988780E-01        photos1/x800
      19848   7.320238  1.783E+04  -0.137078  -0.137078   0.197459   0.006186   0.000000   0.011795   0.123843   0.009810  22.955499   2792     40
   3.501988   5.130362  -1.134273 -27.572206  -1.333696 -99.000000   0.191273   0.980012   0.001635   0.004586   0.970072   1.442559      2      0
 5.7325E+09  21.045354  -0.310588  -6.513574   3.505478  -8.490725   0.000000   0.000103   0.002146  1.999E-02  2.012E-02  0.413E-10    varcontrol
                            surface ca40    9.5693261292350451D-06
                              surface h1        0.8715708811740078
              log_total_angular_momentum       46.6400046040438596

reduce dt because of varcontrol   19848
 star_1_spin_period/binary_period  0.26010984975930584       0.48825281949762478        1.8771023855860605     
 normal tolerance
 element diffusion on 
save LOGS1/profile49.data for model 19848
                star               model                 age                mass             lg_mdot           (r-rl)/rl          last photo
                   1               19849     5.732507014E+09     1.974585137E-01    -9.900000000E+01    -9.571266930E-01        photos1/x800
      19849   7.320226  1.784E+04  -0.131717  -0.131717   0.197459   0.006186   0.000000   0.011795   0.123898   0.009810  22.955489   2794     40
   3.490972   5.130343  -1.133541 -27.572802  -1.327893 -99.000000   0.191273   0.980012   0.001635   0.004588   0.970072   1.442577      2      0
 5.7325E+09  21.045324  -0.308101  -6.505220   3.506503  -8.492609   0.000000   0.000103   0.002146  1.999E-02  2.012E-02  0.424E-10    varcontrol
                            surface ca40    9.5758044544894005D-06
                              surface h1        0.8715141272635493
              log_total_angular_momentum       46.6400046040438525

reduce dt because of varcontrol   19849
 star_1_spin_period/binary_period  0.26090707290532383       0.48974928827074082        1.8771023829179887     
 normal tolerance
 element diffusion on 
save LOGS1/profile50.data for model 19849
                star               model                 age                mass             lg_mdot           (r-rl)/rl          last photo
                   1               19850     5.732510034E+09     1.974585137E-01    -9.900000000E+01    -9.570544500E-01        photos1/x800

__________________________________________________________________________________________________________________________________________________

       step    lg_Tcntr    Teff       lg_LH     lg_Lnuc     Mass       H_rich     H_cntr     N_cntr     Y_surf     X_avg     eta_cntr  zones retry
   lg_dt_yr    lg_Dcntr    lg_R       lg_L3a    lg_Lneu     lg_Mdot    He_core    He_cntr    O_cntr     Z_surf     Y_avg     gam_cntr  iters bckup
     age_yr    lg_Pcntr    lg_L       lg_LZ     lg_Psurf    lg_Dsurf   C_core     C_cntr     Ne_cntr    Z_cntr     Z_avg     v_div_cs     dt_limit
__________________________________________________________________________________________________________________________________________________

      19850   7.320215  1.785E+04  -0.126343  -0.126342   0.197459   0.006186   0.000000   0.011795   0.123952   0.009809  22.955481   2792     40
   3.479993   5.130325  -1.132810 -27.573398  -1.322080 -99.000000   0.191273   0.980012   0.001635   0.004591   0.970072   1.442595      2      0
 5.7325E+09  21.045294  -0.305624  -6.496864   3.507518  -8.494487   0.000000   0.000103   0.002146  1.999E-02  2.012E-02  0.435E-10    varcontrol
                            surface ca40    9.5822209859333682D-06
                              surface h1        0.8714578128506105
              log_total_angular_momentum       46.6400046040438525

reduce dt because of varcontrol   19850
 star_1_spin_period/binary_period  0.26170634878187776       0.49124961024239744        1.8771023803164792     
 normal tolerance
 element diffusion on 
save LOGS1/profile51.data for model 19850
save photos1/x850 for model 19850
                star               model                 age                mass             lg_mdot           (r-rl)/rl          last photo
                   1               19851     5.732512979E+09     1.974585137E-01    -9.900000000E+01    -9.569821340E-01        photos1/x850
      19851   7.320203  1.786E+04  -0.120956  -0.120956   0.197459   0.006186   0.000000   0.011795   0.124005   0.009809  22.955472   2794     40
   3.469084   5.130307  -1.132079 -27.573994  -1.316261 -99.000000   0.191273   0.980012   0.001635   0.004593   0.970073   1.442613      2      0
 5.7325E+09  21.045264  -0.303159  -6.488507   3.508523  -8.496357   0.000000   0.000103   0.002146  1.999E-02  2.012E-02  0.446E-10    varcontrol
                            surface ca40    9.5885753756889174D-06
                              surface h1        0.8714019468869131
              log_total_angular_momentum       46.6400046040438454

reduce dt because of varcontrol   19851
 star_1_spin_period/binary_period  0.26250767428655303       0.49275377958864436        1.8771023777794587     
 normal tolerance
 element diffusion on 
save LOGS1/profile52.data for model 19851
                star               model                 age                mass             lg_mdot           (r-rl)/rl          last photo
                   1               19852     5.732515851E+09     1.974585137E-01    -9.900000000E+01    -9.569097537E-01        photos1/x850
      19852   7.320192  1.787E+04  -0.115560  -0.115560   0.197459   0.006186   0.000000   0.011795   0.124059   0.009809  22.955463   2792     40
   3.458234   5.130289  -1.131349 -27.574590  -1.310436 -99.000000   0.191273   0.980012   0.001635   0.004595   0.970073   1.442631      2      0
 5.7325E+09  21.045234  -0.300704  -6.480153   3.509518  -8.498218   0.000000   0.000103   0.002146  1.999E-02  2.012E-02  0.458E-10    varcontrol
                            surface ca40    9.5948689535847210D-06
                              surface h1        0.8713465194718989
              log_total_angular_momentum       46.6400046040438454

reduce dt because of varcontrol   19852
 star_1_spin_period/binary_period  0.26331018661197347       0.49426017673133571        1.8771023753049902     
 normal tolerance
 element diffusion on 
save LOGS1/profile53.data for model 19852
                star               model                 age                mass             lg_mdot           (r-rl)/rl          last photo
                   1               19853     5.732518653E+09     1.974585137E-01    -9.900000000E+01    -9.568373066E-01        photos1/x850
      19853   7.320180  1.788E+04  -0.110149  -0.110149   0.197459   0.006186   0.000000   0.011795   0.124112   0.009809  22.955454   2794     40
   3.447442   5.130270  -1.130620 -27.575186  -1.304600 -99.000000   0.191273   0.980012   0.001635   0.004597   0.970073   1.442649      2      0
 5.7325E+09  21.045205  -0.298261  -6.471794   3.510503  -8.500071   0.000000   0.000103   0.002146  1.999E-02  2.012E-02  0.469E-10    varcontrol
                            surface ca40    9.6011023709727676D-06
                              surface h1        0.8712915281409910
              log_total_angular_momentum       46.6400046040438454

reduce dt because of varcontrol   19853
 star_1_spin_period/binary_period  0.26411492037492373       0.49577074375174252        1.8771023728912106     
 normal tolerance
 element diffusion on 
save LOGS1/profile54.data for model 19853
                star               model                 age                mass             lg_mdot           (r-rl)/rl          last photo
                   1               19854     5.732521387E+09     1.974585137E-01    -9.900000000E+01    -9.567647882E-01        photos1/x850
      19854   7.320169  1.789E+04  -0.104728  -0.104728   0.197459   0.006186   0.000000   0.011795   0.124164   0.009809  22.955445   2794     40
   3.436712   5.130252  -1.129890 -27.575782  -1.298760 -99.000000   0.191273   0.980012   0.001635   0.004599   0.970073   1.442667      2      0
 5.7325E+09  21.045175  -0.295830  -6.463438   3.511477  -8.501917   0.000000   0.000103   0.002146  1.999E-02  2.012E-02  0.481E-10    varcontrol
                            surface ca40    9.6072772902501025D-06
                              surface h1        0.8712369593829554
              log_total_angular_momentum       46.6400046040438383

reduce dt because of varcontrol   19854
 star_1_spin_period/binary_period  0.26492370636868107       0.49728891723591256        1.8771023705362950     
 normal tolerance
 element diffusion on 
save LOGS1/profile55.data for model 19854
                star               model                 age                mass             lg_mdot           (r-rl)/rl          last photo
                   1               19855     5.732524053E+09     1.974585137E-01    -9.900000000E+01    -9.566922096E-01        photos1/x850
      19855   7.320157  1.790E+04  -0.099297  -0.099296   0.197459   0.006186   0.000000   0.011795   0.124216   0.009809  22.955436   2794     40
   3.425995   5.130234  -1.129162 -27.576378  -1.292914 -99.000000   0.191273   0.980012   0.001635   0.004601   0.970073   1.442685      2      0
 5.7325E+09  21.045145  -0.293410  -6.455083   3.512442  -8.503754   0.000000   0.000103   0.002146  1.999E-02  2.012E-02  0.493E-10    varcontrol
                            surface ca40    9.6133938693688717D-06
                              surface h1        0.8711828144336073
              log_total_angular_momentum       46.6400046040438383

reduce dt because of varcontrol   19855
 star_1_spin_period/binary_period  0.26573440670743698       0.49881068415304552        1.8771023682387364     
 normal tolerance
 element diffusion on 
save LOGS1/profile56.data for model 19855
                star               model                 age                mass             lg_mdot           (r-rl)/rl          last photo
                   1               19856     5.732526656E+09     1.974585137E-01    -9.900000000E+01    -9.566195759E-01        photos1/x850
      19856   7.320146  1.791E+04  -0.093851  -0.093851   0.197459   0.006186   0.000000   0.011795   0.124268   0.009809  22.955426   2794     40
   3.415338   5.130216  -1.128434 -27.576974  -1.287058 -99.000000   0.191273   0.980012   0.001635   0.004603   0.970073   1.442703      2      0
 5.7325E+09  21.045115  -0.291001  -6.446723   3.513396  -8.505586   0.000000   0.000103   0.002146  1.999E-02  2.012E-02  0.506E-10    varcontrol
                            surface ca40    9.6194510373280399D-06
                              surface h1        0.8711291094252605
              log_total_angular_momentum       46.6400046040438383

reduce dt because of varcontrol   19856
 star_1_spin_period/binary_period  0.26654410848434684       0.50033057667848335        1.8771023659968307     
 normal tolerance
 element diffusion on 
save LOGS1/profile57.data for model 19856
                star               model                 age                mass             lg_mdot           (r-rl)/rl          last photo
                   1               19857     5.732529195E+09     1.974585137E-01    -9.900000000E+01    -9.565468704E-01        photos1/x850
      19857   7.320134  1.792E+04  -0.088396  -0.088396   0.197459   0.006186   0.000000   0.011795   0.124319   0.009809  22.955417   2794     40
   3.404760   5.130197  -1.127707 -27.577570  -1.281197 -99.000000   0.191273   0.980012   0.001635   0.004605   0.970073   1.442721      2      0
 5.7325E+09  21.045085  -0.288604  -6.438366   3.514340  -8.507405   0.000000   0.000103   0.002146  1.999E-02  2.012E-02  0.518E-10    varcontrol
                            surface ca40    9.6254490757921236D-06
                              surface h1        0.8710758460741109
              log_total_angular_momentum       46.6400046040438383

reduce dt because of varcontrol   19857
 star_1_spin_period/binary_period  0.26735969081818434       0.50186150762201187        1.8771023638088304     
 normal tolerance
 element diffusion on 
save LOGS1/profile58.data for model 19857
                star               model                 age                mass             lg_mdot           (r-rl)/rl          last photo
                   1               19858     5.732531674E+09     1.974585137E-01    -9.900000000E+01    -9.564741037E-01        photos1/x850
      19858   7.320123  1.793E+04  -0.082925  -0.082925   0.197459   0.006186   0.000000   0.011795   0.124370   0.009809  22.955408   2796     40
   3.394231   5.130179  -1.126980 -27.578166  -1.275325 -99.000000   0.191273   0.980012   0.001635   0.004607   0.970073   1.442739      2      0
 5.7325E+09  21.045055  -0.286219  -6.430002   3.515272  -8.509221   0.000000   0.000103   0.002146  1.999E-02  2.012E-02  0.531E-10    varcontrol
                            surface ca40    9.6313907293639467D-06
                              surface h1        0.8710229984591149
              log_total_angular_momentum       46.6400046040438312

reduce dt because of varcontrol   19858
 star_1_spin_period/binary_period  0.26817322614317773       0.50338859613088016        1.8771023616732003     
 normal tolerance
 element diffusion on 
save LOGS1/profile59.data for model 19858
                star               model                 age                mass             lg_mdot           (r-rl)/rl          last photo
                   1               19859     5.732534093E+09     1.974585137E-01    -9.900000000E+01    -9.564012804E-01        photos1/x850
      19859   7.320111  1.794E+04  -0.077443  -0.077443   0.197459   0.006186   0.000000   0.011795   0.124420   0.009808  22.955398   2796     40
   3.383717   5.130161  -1.126254 -27.578762  -1.269446 -99.000000   0.191273   0.980012   0.001635   0.004609   0.970073   1.442757      2      0
 5.7325E+09  21.045025  -0.283844  -6.421638   3.516196  -8.511024   0.000000   0.000103   0.002146  1.999E-02  2.012E-02  0.544E-10    varcontrol
                            surface ca40    9.6372750679521221D-06
                              surface h1        0.8709705794394209
              log_total_angular_momentum       46.6400046040438312

reduce dt because of varcontrol   19859
 star_1_spin_period/binary_period  0.26899199345579522       0.50492550562631733        1.8771023595886109     
 normal tolerance
 element diffusion on 
save LOGS1/profile60.data for model 19859
                star               model                 age                mass             lg_mdot           (r-rl)/rl          last photo
                   1               19860     5.732536455E+09     1.974585137E-01    -9.900000000E+01    -9.563283912E-01        photos1/x850

__________________________________________________________________________________________________________________________________________________

       step    lg_Tcntr    Teff       lg_LH     lg_Lnuc     Mass       H_rich     H_cntr     N_cntr     Y_surf     X_avg     eta_cntr  zones retry
   lg_dt_yr    lg_Dcntr    lg_R       lg_L3a    lg_Lneu     lg_Mdot    He_core    He_cntr    O_cntr     Z_surf     Y_avg     gam_cntr  iters bckup
     age_yr    lg_Pcntr    lg_L       lg_LZ     lg_Psurf    lg_Dsurf   C_core     C_cntr     Ne_cntr    Z_cntr     Z_avg     v_div_cs     dt_limit
__________________________________________________________________________________________________________________________________________________

      19860   7.320100  1.795E+04  -0.071949  -0.071949   0.197459   0.006186   0.000000   0.011795   0.124470   0.009808  22.955389   2796     40
   3.373258   5.130142  -1.125529 -27.579358  -1.263559 -99.000000   0.191273   0.980012   0.001635   0.004611   0.970074   1.442775      2      0
 5.7325E+09  21.044995  -0.281483  -6.413272   3.517108  -8.512824   0.000000   0.000103   0.002146  1.999E-02  2.012E-02  0.558E-10    varcontrol
                            surface ca40    9.6431031936722173D-06
                              surface h1        0.8709185811926777
              log_total_angular_momentum       46.6400046040438312

reduce dt because of varcontrol   19860
 star_1_spin_period/binary_period  0.26981256245179991       0.50646579707584805        1.8771023575535872     
 normal tolerance
 element diffusion on 
save LOGS1/profile61.data for model 19860
                star               model                 age                mass             lg_mdot           (r-rl)/rl          last photo
                   1               19861     5.732538761E+09     1.974585137E-01    -9.900000000E+01    -9.562554484E-01        photos1/x850
      19861   7.320088  1.796E+04  -0.066442  -0.066442   0.197459   0.006186   0.000000   0.011795   0.124520   0.009808  22.955380   2796     40
   3.362853   5.130124  -1.124804 -27.579954  -1.257664 -99.000000   0.191273   0.980012   0.001635   0.004613   0.970074   1.442794      2      0
 5.7325E+09  21.044965  -0.279132  -6.404903   3.518011  -8.514614   0.000000   0.000103   0.002146  1.999E-02  2.012E-02  0.572E-10    varcontrol
                            surface ca40    9.6488736360304921D-06
                              surface h1        0.8708670233677175
              log_total_angular_momentum       46.6400046040438241

reduce dt because of varcontrol   19861
 star_1_spin_period/binary_period  0.27063595043093008       0.50801138005493152        1.8771023555667001     
 normal tolerance
 element diffusion on 
save LOGS1/profile62.data for model 19861
                star               model                 age                mass             lg_mdot           (r-rl)/rl          last photo
                   1               19862     5.732541013E+09     1.974585137E-01    -9.900000000E+01    -9.561824468E-01        photos1/x850
      19862   7.320077  1.797E+04  -0.060925  -0.060924   0.197459   0.006186   0.000000   0.011795   0.124569   0.009808  22.955370   2796     40
   3.352500   5.130106  -1.124080 -27.580551  -1.251762 -99.000000   0.191273   0.980012   0.001635   0.004615   0.970074   1.442812      2      0
 5.7325E+09  21.044935  -0.276793  -6.396533   3.518902  -8.516396   0.000000   0.000103   0.002146  1.999E-02  2.012E-02  0.585E-10    varcontrol
                            surface ca40    9.6545871490127027D-06
                              surface h1        0.8708159014413867
              log_total_angular_momentum       46.6400046040438241

reduce dt because of varcontrol   19862
 star_1_spin_period/binary_period  0.27146165749419798       0.50956131620173217        1.8771023536265821     
 normal tolerance
 element diffusion on 
save LOGS1/profile63.data for model 19862
                star               model                 age                mass             lg_mdot           (r-rl)/rl          last photo
                   1               19863     5.732543212E+09     1.974585137E-01    -9.900000000E+01    -9.561093840E-01        photos1/x850
      19863   7.320065  1.798E+04  -0.055389  -0.055389   0.197459   0.006186   0.000000   0.011795   0.124618   0.009808  22.955360   2801     40
   3.342209   5.130088  -1.123356 -27.581146  -1.245846 -99.000000   0.191273   0.980012   0.001635   0.004617   0.970074   1.442830      2      0
 5.7325E+09  21.044905  -0.274466  -6.388154   3.519783  -8.518169   0.000000   0.000103   0.002146  1.999E-02  2.012E-02  0.600E-10    varcontrol
                            surface ca40    9.6602439097340246D-06
                              surface h1        0.8707652173379828
              log_total_angular_momentum       46.6400046040438241

reduce dt because of varcontrol   19863
 star_1_spin_period/binary_period  0.27228964702826408       0.51111553678899291        1.8771023517318615     
 normal tolerance
 element diffusion on 
save LOGS1/profile64.data for model 19863
                star               model                 age                mass             lg_mdot           (r-rl)/rl          last photo
                   1               19864     5.732545359E+09     1.974585137E-01    -9.900000000E+01    -9.560362599E-01        photos1/x850
      19864   7.320054  1.798E+04  -0.049846  -0.049846   0.197459   0.006186   0.000000   0.011795   0.124666   0.009808  22.955351   2799     40
   3.331912   5.130069  -1.122633 -27.581743  -1.239927 -99.000000   0.191273   0.980012   0.001635   0.004619   0.970074   1.442848      2      0
 5.7325E+09  21.044875  -0.272152  -6.379778   3.520652  -8.519939   0.000000   0.000103   0.002146  1.999E-02  2.012E-02  0.614E-10    varcontrol
                            surface ca40    9.6658458576306081D-06
                              surface h1        0.8707149520286497
              log_total_angular_momentum       46.6400046040438170

reduce dt because of varcontrol   19864
 star_1_spin_period/binary_period  0.27311761495322390       0.51266971682272777        1.8771023498815018     
 normal tolerance
 element diffusion on 
save LOGS1/profile65.data for model 19864
                star               model                 age                mass             lg_mdot           (r-rl)/rl          last photo
                   1               19865     5.732547456E+09     1.974585137E-01    -9.900000000E+01    -9.559630900E-01        photos1/x850
      19865   7.320042  1.799E+04  -0.044290  -0.044290   0.197459   0.006186   0.000000   0.011795   0.124714   0.009808  22.955341   2799     40
   3.321639   5.130051  -1.121911 -27.582339  -1.233999 -99.000000   0.191273   0.980012   0.001635   0.004621   0.970074   1.442866      2      0
 5.7325E+09  21.044845  -0.269849  -6.371399   3.521512  -8.521698   0.000000   0.000103   0.002146  1.999E-02  2.012E-02  0.629E-10    varcontrol
                            surface ca40    9.6713924926420922D-06
                              surface h1        0.8706651138322227
              log_total_angular_momentum       46.6400046040438170

reduce dt because of varcontrol   19865
 star_1_spin_period/binary_period  0.27394693960642130       0.51422644358299807        1.8771023480743592     
 normal tolerance
 element diffusion on 
save LOGS1/profile66.data for model 19865
                star               model                 age                mass             lg_mdot           (r-rl)/rl          last photo
                   1               19866     5.732549505E+09     1.974585137E-01    -9.900000000E+01    -9.558898592E-01        photos1/x850
      19866   7.320030  1.800E+04  -0.038720  -0.038720   0.197459   0.006186   0.000000   0.011795   0.124762   0.009808  22.955331   2801     40
   3.311453   5.130033  -1.121190 -27.582935  -1.228062 -99.000000   0.191273   0.980012   0.001635   0.004623   0.970074   1.442884      2      0
 5.7325E+09  21.044815  -0.267558  -6.363015   3.522361  -8.523448   0.000000   0.000103   0.002146  1.999E-02  2.012E-02  0.644E-10    varcontrol
                            surface ca40    9.6768838985067911D-06
                              surface h1        0.8706157063354225
              log_total_angular_momentum       46.6400046040438170

reduce dt because of varcontrol   19866
 star_1_spin_period/binary_period  0.27477992630334824       0.51579004438264975        1.8771023463090750     
 normal tolerance
 element diffusion on 
save LOGS1/profile67.data for model 19866
                star               model                 age                mass             lg_mdot           (r-rl)/rl          last photo
                   1               19867     5.732551506E+09     1.974585137E-01    -9.900000000E+01    -9.558165744E-01        photos1/x850
      19867   7.320019  1.801E+04  -0.033139  -0.033139   0.197459   0.006186   0.000000   0.011795   0.124809   0.009808  22.955322   2801     40
   3.301304   5.130014  -1.120469 -27.583531  -1.222117 -99.000000   0.191273   0.980012   0.001635   0.004625   0.970074   1.442902      2      0
 5.7326E+09  21.044786  -0.265278  -6.354629   3.523200  -8.525193   0.000000   0.000103   0.002146  1.999E-02  2.012E-02  0.660E-10    varcontrol
                            surface ca40    9.6823222596309557D-06
                              surface h1        0.8705667088807789
              log_total_angular_momentum       46.6400046040438099

reduce dt because of varcontrol   19867
 star_1_spin_period/binary_period  0.27561480734312777       0.51735720106599969        1.8771023445845336     
 normal tolerance
 element diffusion on 
save LOGS1/profile68.data for model 19867
                star               model                 age                mass             lg_mdot           (r-rl)/rl          last photo
                   1               19868     5.732553461E+09     1.974585137E-01    -9.900000000E+01    -9.557432378E-01        photos1/x850
      19868   7.320007  1.802E+04  -0.027543  -0.027543   0.197459   0.006186   0.000000   0.011795   0.124855   0.009808  22.955312   2801     40
   3.291191   5.129996  -1.119748 -27.584128  -1.216162 -99.000000   0.191273   0.980012   0.001635   0.004626   0.970074   1.442920      2      0
 5.7326E+09  21.044756  -0.263010  -6.346236   3.524028  -8.526931   0.000000   0.000103   0.002146  1.999E-02  2.012E-02  0.675E-10    varcontrol
                            surface ca40    9.6877051213268961D-06
                              surface h1        0.8705181509559455
              log_total_angular_momentum       46.6400046040438099

reduce dt because of varcontrol   19868
 star_1_spin_period/binary_period  0.27645305437676904       0.51893067607239773        1.8771023428996509     
 normal tolerance
 element diffusion on 
save LOGS1/profile69.data for model 19868
                star               model                 age                mass             lg_mdot           (r-rl)/rl          last photo
                   1               19869     5.732555372E+09     1.974585137E-01    -9.900000000E+01    -9.556698507E-01        photos1/x850
      19869   7.319996  1.803E+04  -0.021930  -0.021930   0.197459   0.006186   0.000000   0.011795   0.124902   0.009807  22.955302   2801     40
   3.281139   5.129978  -1.119029 -27.584724  -1.210194 -99.000000   0.191273   0.980012   0.001635   0.004628   0.970074   1.442938      2      0
 5.7326E+09  21.044726  -0.260755  -6.337834   3.524845  -8.528657   0.000000   0.000103   0.002146  1.999E-02  2.012E-02  0.691E-10    varcontrol
                            surface ca40    9.6930328800525779D-06
                              surface h1        0.8704700316189595
              log_total_angular_momentum       46.6400046040438099

reduce dt because of varcontrol   19869
 star_1_spin_period/binary_period  0.27729130018996073       0.52050414879574347        1.8771023412532872     
 normal tolerance
 element diffusion on 
save LOGS1/profile70.data for model 19869
                star               model                 age                mass             lg_mdot           (r-rl)/rl          last photo
                   1               19870     5.732557239E+09     1.974585137E-01    -9.900000000E+01    -9.555964074E-01        photos1/x850

__________________________________________________________________________________________________________________________________________________

       step    lg_Tcntr    Teff       lg_LH     lg_Lnuc     Mass       H_rich     H_cntr     N_cntr     Y_surf     X_avg     eta_cntr  zones retry
   lg_dt_yr    lg_Dcntr    lg_R       lg_L3a    lg_Lneu     lg_Mdot    He_core    He_cntr    O_cntr     Z_surf     Y_avg     gam_cntr  iters bckup
     age_yr    lg_Pcntr    lg_L       lg_LZ     lg_Psurf    lg_Dsurf   C_core     C_cntr     Ne_cntr    Z_cntr     Z_avg     v_div_cs     dt_limit
__________________________________________________________________________________________________________________________________________________

      19870   7.319984  1.804E+04  -0.016309  -0.016309   0.197459   0.006186   0.000000   0.011795   0.124948   0.009807  22.955292   2801     40
   3.271136   5.129959  -1.118310 -27.585320  -1.204221 -99.000000   0.191273   0.980012   0.001635   0.004630   0.970074   1.442956      2      0
 5.7326E+09  21.044696  -0.258511  -6.329434   3.525652  -8.530381   0.000000   0.000103   0.002146  1.999E-02  2.012E-02  0.707E-10    varcontrol
                            surface ca40    9.6983062557297141D-06
                              surface h1        0.8704223462445627
              log_total_angular_momentum       46.6400046040438099

reduce dt because of varcontrol   19870
 star_1_spin_period/binary_period  0.27813273717456005       0.52208361168206152        1.8771023396443780     
 normal tolerance
 element diffusion on 
save LOGS1/profile71.data for model 19870
                star               model                 age                mass             lg_mdot           (r-rl)/rl          last photo
                   1               19871     5.732559064E+09     1.974585137E-01    -9.900000000E+01    -9.555229104E-01        photos1/x850
      19871   7.319973  1.804E+04  -0.010670  -0.010669   0.197459   0.006186   0.000000   0.011795   0.124993   0.009807  22.955282   2801     40
   3.261193   5.129941  -1.117592 -27.585917  -1.198233 -99.000000   0.191273   0.980012   0.001635   0.004632   0.970075   1.442974      2      0
 5.7326E+09  21.044666  -0.256279  -6.321022   3.526449  -8.532094   0.000000   0.000103   0.002146  1.999E-02  2.012E-02  0.724E-10    varcontrol
                            surface ca40    9.7035273566201747D-06
                              surface h1        0.8703750753771228
              log_total_angular_momentum       46.6400046040438028

reduce dt because of varcontrol   19871
 star_1_spin_period/binary_period  0.27897719017502631       0.52366873594625829        1.8771023380718543     
 normal tolerance
 element diffusion on 
save LOGS1/profile72.data for model 19871
                star               model                 age                mass             lg_mdot           (r-rl)/rl          last photo
                   1               19872     5.732560847E+09     1.974585137E-01    -9.900000000E+01    -9.554493524E-01        photos1/x850
      19872   7.319961  1.805E+04  -0.005016  -0.005016   0.197459   0.006186   0.000000   0.011795   0.125038   0.009807  22.955272   2801     40
   3.251295   5.129923  -1.116874 -27.586513  -1.192236 -99.000000   0.191273   0.980012   0.001635   0.004634   0.970075   1.442992      2      0
 5.7326E+09  21.044636  -0.254061  -6.312604   3.527233  -8.533802   0.000000   0.000103   0.002146  1.999E-02  2.012E-02  0.741E-10    varcontrol
                            surface ca40    9.7086945287880180D-06
                              surface h1        0.8703282396656752
              log_total_angular_momentum       46.6400046040438028

reduce dt because of varcontrol   19872
 star_1_spin_period/binary_period  0.27982403181122117       0.52525834393141324        1.8771023365347348     
 normal tolerance
 element diffusion on 
save LOGS1/profile73.data for model 19872
                star               model                 age                mass             lg_mdot           (r-rl)/rl          last photo
                   1               19873     5.732562591E+09     1.974585137E-01    -9.900000000E+01    -9.553757307E-01        photos1/x850
      19873   7.319950  1.806E+04   0.000650   0.000651   0.197459   0.006186   0.000000   0.011795   0.125083   0.009807  22.955262   2801     40
   3.241422   5.129904  -1.116157 -27.587110  -1.186229 -99.000000   0.191273   0.980012   0.001635   0.004635   0.970075   1.443010      2      0
 5.7326E+09  21.044606  -0.251853  -6.304181   3.528008  -8.535501   0.000000   0.000103   0.002146  1.999E-02  2.012E-02  0.758E-10    varcontrol
                            surface ca40    9.7138087856847703D-06
                              surface h1        0.8702818305445381
              log_total_angular_momentum       46.6400046040438028

reduce dt because of varcontrol   19873
 star_1_spin_period/binary_period  0.28067307714764433       0.52685208849449749        1.8771023350321341     
 normal tolerance
 element diffusion on 
save LOGS1/profile74.data for model 19873
                star               model                 age                mass             lg_mdot           (r-rl)/rl          last photo
                   1               19874     5.732564295E+09     1.974585137E-01    -9.900000000E+01    -9.553020683E-01        photos1/x850
      19874   7.319938  1.807E+04   0.006336   0.006337   0.197459   0.006186   0.000000   0.011795   0.125127   0.009807  22.955252   2808     40
   3.231574   5.129886  -1.115441 -27.587706  -1.180207 -99.000000   0.191273   0.980012   0.001635   0.004637   0.970075   1.443028      2      0
 5.7326E+09  21.044576  -0.249657  -6.295744   3.528772  -8.537195   0.000000   0.000103   0.002146  1.999E-02  2.012E-02  0.776E-10    varcontrol
                            surface ca40    9.7188705143892301D-06
                              surface h1        0.8702358462041102
              log_total_angular_momentum       46.6400046040437957

reduce dt because of varcontrol   19874
 star_1_spin_period/binary_period  0.28152235271846926       0.52844626523803950        1.8771023335631951     
 normal tolerance
 element diffusion on 
save LOGS1/profile75.data for model 19874
                star               model                 age                mass             lg_mdot           (r-rl)/rl          last photo
                   1               19875     5.732565961E+09     1.974585137E-01    -9.900000000E+01    -9.552283557E-01        photos1/x850
      19875   7.319927  1.808E+04   0.012030   0.012030   0.197459   0.006186   0.000000   0.011795   0.125171   0.009807  22.955242   2806     40
   3.221710   5.129868  -1.114725 -27.588303  -1.174181 -99.000000   0.191273   0.980012   0.001635   0.004639   0.970075   1.443046      2      0
 5.7326E+09  21.044546  -0.247474  -6.287310   3.529525  -8.538881   0.000000   0.000103   0.002146  1.999E-02  2.012E-02  0.794E-10    varcontrol
                            surface ca40    9.7238806134225145D-06
                              surface h1        0.8701902783367740
              log_total_angular_momentum       46.6400046040437957

reduce dt because of varcontrol   19875
 star_1_spin_period/binary_period  0.28237492993561564       0.53004663951640274        1.8771023321272140     
 normal tolerance
 element diffusion on 
save LOGS1/profile76.data for model 19875
                star               model                 age                mass             lg_mdot           (r-rl)/rl          last photo
                   1               19876     5.732567590E+09     1.974585137E-01    -9.900000000E+01    -9.551546121E-01        photos1/x850
      19876   7.319915  1.808E+04   0.017740   0.017740   0.197459   0.006186   0.000000   0.011795   0.125214   0.009807  22.955232   2806     40
   3.211861   5.129849  -1.114010 -27.588900  -1.168142 -99.000000   0.191273   0.980012   0.001635   0.004640   0.970075   1.443064      2      0
 5.7326E+09  21.044516  -0.245304  -6.278866   3.530267  -8.540559   0.000000   0.000103   0.002146  1.999E-02  2.012E-02  0.812E-10    varcontrol
                            surface ca40    9.7288411390110014D-06
                              surface h1        0.8701451071235735
              log_total_angular_momentum       46.6400046040437957

reduce dt because of varcontrol   19876
 star_1_spin_period/binary_period  0.28323044548099324       0.53165252934419971        1.8771023307234016     
 normal tolerance
 element diffusion on 
save LOGS1/profile77.data for model 19876
                star               model                 age                mass             lg_mdot           (r-rl)/rl          last photo
                   1               19877     5.732569183E+09     1.974585137E-01    -9.900000000E+01    -9.550808128E-01        photos1/x850
      19877   7.319904  1.809E+04   0.023462   0.023463   0.197459   0.006186   0.000000   0.011795   0.125258   0.009807  22.955222   2806     40
   3.202105   5.129831  -1.113296 -27.589497  -1.162094 -99.000000   0.191273   0.980012   0.001635   0.004642   0.970075   1.443082      2      0
 5.7326E+09  21.044486  -0.243146  -6.270418   3.530997  -8.542229   0.000000   0.000103   0.002146  1.999E-02  2.012E-02  0.830E-10    varcontrol
                            surface ca40    9.7337478895454495D-06
                              surface h1        0.8701003815375515
              log_total_angular_momentum       46.6400046040437957

reduce dt because of varcontrol   19877
 star_1_spin_period/binary_period  0.28408736638124321       0.53326105717335004        1.8771023293507447     
 normal tolerance
 element diffusion on 
save LOGS1/profile78.data for model 19877
                star               model                 age                mass             lg_mdot           (r-rl)/rl          last photo
                   1               19878     5.732570740E+09     1.974585137E-01    -9.900000000E+01    -9.550069682E-01        photos1/x850
      19878   7.319892  1.810E+04   0.029203   0.029203   0.197459   0.006186   0.000000   0.011795   0.125300   0.009807  22.955211   2806     40
   3.192400   5.129813  -1.112583 -27.590094  -1.156032 -99.000000   0.191273   0.980012   0.001635   0.004644   0.970075   1.443100      2      0
 5.7326E+09  21.044456  -0.240999  -6.261957   3.531719  -8.543894   0.000000   0.000103   0.002146  1.999E-02  2.012E-02  0.849E-10    varcontrol
                            surface ca40    9.7386023126682609D-06
                              surface h1        0.8700560885434893
              log_total_angular_momentum       46.6400046040437886

reduce dt because of varcontrol   19878
 star_1_spin_period/binary_period  0.28494601949991660       0.53487283656001872        1.8771023280083940     
 normal tolerance
 element diffusion on 
save LOGS1/profile79.data for model 19878
                star               model                 age                mass             lg_mdot           (r-rl)/rl          last photo
                   1               19879     5.732572263E+09     1.974585137E-01    -9.900000000E+01    -9.549330682E-01        photos1/x850
      19879   7.319880  1.811E+04   0.034959   0.034959   0.197459   0.006186   0.000000   0.011795   0.125342   0.009807  22.955201   2806     40
   3.182745   5.129794  -1.111870 -27.590691  -1.149958 -99.000000   0.191273   0.980012   0.001635   0.004645   0.970075   1.443118      2      0
 5.7326E+09  21.044426  -0.238865  -6.253488   3.532428  -8.545549   0.000000   0.000103   0.002146  1.999E-02  2.012E-02  0.869E-10    varcontrol
                            surface ca40    9.7434052246466521D-06
                              surface h1        0.8700122220202078
              log_total_angular_momentum       46.6400046040437886

reduce dt because of varcontrol   19879
 star_1_spin_period/binary_period  0.28580761017157730       0.53649013004035628        1.8771023266955285     
 normal tolerance
 element diffusion on 
save LOGS1/profile80.data for model 19879
                star               model                 age                mass             lg_mdot           (r-rl)/rl          last photo
                   1               19880     5.732573753E+09     1.974585137E-01    -9.900000000E+01    -9.548591177E-01        photos1/x850

__________________________________________________________________________________________________________________________________________________

       step    lg_Tcntr    Teff       lg_LH     lg_Lnuc     Mass       H_rich     H_cntr     N_cntr     Y_surf     X_avg     eta_cntr  zones retry
   lg_dt_yr    lg_Dcntr    lg_R       lg_L3a    lg_Lneu     lg_Mdot    He_core    He_cntr    O_cntr     Z_surf     Y_avg     gam_cntr  iters bckup
     age_yr    lg_Pcntr    lg_L       lg_LZ     lg_Psurf    lg_Dsurf   C_core     C_cntr     Ne_cntr    Z_cntr     Z_avg     v_div_cs     dt_limit
__________________________________________________________________________________________________________________________________________________

      19880   7.319869  1.811E+04   0.040730   0.040731   0.197459   0.006186   0.000000   0.011795   0.125384   0.009807  22.955191   2806     40
   3.173130   5.129776  -1.111158 -27.591289  -1.143872 -99.000000   0.191273   0.980012   0.001635   0.004647   0.970075   1.443137      2      0
 5.7326E+09  21.044396  -0.236743  -6.245009   3.533127  -8.547199   0.000000   0.000103   0.002146  1.999E-02  2.012E-02  0.888E-10    varcontrol
                            surface ca40    9.7481571386273298D-06
                              surface h1        0.8699687787283126
              log_total_angular_momentum       46.6400046040437886

reduce dt because of varcontrol   19880
 star_1_spin_period/binary_period  0.28667197555967677       0.53811263195334458        1.8771023254113837     
 normal tolerance
 element diffusion on 
save LOGS1/profile81.data for model 19880
                star               model                 age                mass             lg_mdot           (r-rl)/rl          last photo
                   1               19881     5.732575210E+09     1.974585137E-01    -9.900000000E+01    -9.547851254E-01        photos1/x850
      19881   7.319857  1.812E+04   0.046522   0.046523   0.197459   0.006186   0.000000   0.011795   0.125426   0.009806  22.955181   2806     40
   3.163539   5.129758  -1.110447 -27.591886  -1.137769 -99.000000   0.191273   0.980012   0.001635   0.004649   0.970075   1.443155      2      0
 5.7326E+09  21.044366  -0.234634  -6.236515   3.533815  -8.548842   0.000000   0.000103   0.002146  1.999E-02  2.012E-02  0.908E-10    varcontrol
                            surface ca40    9.7528586796401883D-06
                              surface h1        0.8699257539849450
              log_total_angular_momentum       46.6400046040437815

reduce dt because of varcontrol   19881
 star_1_spin_period/binary_period  0.28753801075452451       0.53973826827029836        1.8771023241552609     
 normal tolerance
 element diffusion on 
save LOGS1/profile82.data for model 19881
                star               model                 age                mass             lg_mdot           (r-rl)/rl          last photo
                   1               19882     5.732576636E+09     1.974585137E-01    -9.900000000E+01    -9.547110773E-01        photos1/x850
      19882   7.319846  1.813E+04   0.052327   0.052328   0.197459   0.006186   0.000000   0.011795   0.125467   0.009806  22.955170   2806     40
   3.153998   5.129739  -1.109736 -27.592484  -1.131657 -99.000000   0.191273   0.980012   0.001635   0.004650   0.970076   1.443173      2      0
 5.7326E+09  21.044336  -0.232537  -6.228014   3.534491  -8.550478   0.000000   0.000103   0.002146  1.999E-02  2.012E-02  0.929E-10    varcontrol
                            surface ca40    9.7575099473754880D-06
                              surface h1        0.8698831492250142
              log_total_angular_momentum       46.6400046040437815

reduce dt because of varcontrol   19882
 star_1_spin_period/binary_period  0.28840343306511712       0.54136275414648205        1.8771023229264077     
 normal tolerance
 element diffusion on 
save LOGS1/profile83.data for model 19882
                star               model                 age                mass             lg_mdot           (r-rl)/rl          last photo
                   1               19883     5.732578030E+09     1.974585137E-01    -9.900000000E+01    -9.546369822E-01        photos1/x850
      19883   7.319834  1.814E+04   0.058152   0.058152   0.197459   0.006186   0.000000   0.011795   0.125507   0.009806  22.955160   2806     40
   3.144479   5.129721  -1.109026 -27.593082  -1.125528 -99.000000   0.191273   0.980012   0.001635   0.004652   0.970076   1.443191      2      0
 5.7326E+09  21.044305  -0.230453  -6.219499   3.535156  -8.552107   0.000000   0.000103   0.002146  1.999E-02  2.012E-02  0.950E-10    varcontrol
                            surface ca40    9.7621123993551405D-06
                              surface h1        0.8698409507337285
              log_total_angular_momentum       46.6400046040437815

reduce dt because of varcontrol   19883
 star_1_spin_period/binary_period  0.28927324612525374       0.54299548191440072        1.8771023217241687     
 normal tolerance
 element diffusion on 
save LOGS1/profile84.data for model 19883
                star               model                 age                mass             lg_mdot           (r-rl)/rl          last photo
                   1               19884     5.732579395E+09     1.974585137E-01    -9.900000000E+01    -9.545628426E-01        photos1/x850
      19884   7.319823  1.814E+04   0.063991   0.063991   0.197459   0.006186   0.000000   0.011795   0.125548   0.009806  22.955149   2810     40
   3.134987   5.129703  -1.108317 -27.593680  -1.119389 -99.000000   0.191273   0.980012   0.001635   0.004653   0.970076   1.443209      2      0
 5.7326E+09  21.044275  -0.228381  -6.210977   3.535811  -8.553733   0.000000   0.000103   0.002146  1.999E-02  2.012E-02  0.971E-10    varcontrol
                            surface ca40    9.7666685680053189D-06
                              surface h1        0.8697991334217595
              log_total_angular_momentum       46.6400046040437815

reduce dt because of varcontrol   19884
 star_1_spin_period/binary_period  0.29014489686338302       0.54463165919738565        1.8771023205478941     
 normal tolerance
 element diffusion on 
save LOGS1/profile85.data for model 19884
                star               model                 age                mass             lg_mdot           (r-rl)/rl          last photo
                   1               19885     5.732580730E+09     1.974585137E-01    -9.900000000E+01    -9.544886664E-01        photos1/x850
      19885   7.319811  1.815E+04   0.069846   0.069846   0.197459   0.006186   0.000000   0.011795   0.125587   0.009806  22.955139   2810     40
   3.125501   5.129684  -1.107608 -27.594278  -1.113237 -99.000000   0.191273   0.980012   0.001635   0.004655   0.970076   1.443227      2      0
 5.7326E+09  21.044245  -0.226321  -6.202443   3.536455  -8.555347   0.000000   0.000103   0.002146  1.999E-02  2.012E-02  0.992E-10    varcontrol
                            surface ca40    9.7711751902925895D-06
                              surface h1        0.8697577338954003
              log_total_angular_momentum       46.6400046040437743

reduce dt because of varcontrol   19885
 star_1_spin_period/binary_period  0.29101848113160539       0.54627146591953191        1.8771023193970116     
 normal tolerance
 element diffusion on 
save LOGS1/profile86.data for model 19885
                star               model                 age                mass             lg_mdot           (r-rl)/rl          last photo
                   1               19886     5.732582036E+09     1.974585137E-01    -9.900000000E+01    -9.544144439E-01        photos1/x850
      19886   7.319799  1.816E+04   0.075717   0.075718   0.197459   0.006186   0.000000   0.011795   0.125627   0.009806  22.955128   2810     40
   3.116027   5.129666  -1.106901 -27.594877  -1.107071 -99.000000   0.191273   0.980012   0.001635   0.004656   0.970076   1.443245      2      0
 5.7326E+09  21.044215  -0.224275  -6.193899   3.537087  -8.556958   0.000000   0.000103   0.002146  1.999E-02  2.012E-02  0.101E-09    varcontrol
                            surface ca40    9.7756326637238274D-06
                              surface h1        0.8697167495817102
              log_total_angular_momentum       46.6400046040437743

reduce dt because of varcontrol   19886
 star_1_spin_period/binary_period  0.29189392577391632       0.54791476475942313        1.8771023182709370     
 normal tolerance
 element diffusion on 
save LOGS1/profile87.data for model 19886
                star               model                 age                mass             lg_mdot           (r-rl)/rl          last photo
                   1               19887     5.732583314E+09     1.974585137E-01    -9.900000000E+01    -9.543401840E-01        photos1/x850
      19887   7.319788  1.816E+04   0.081607   0.081608   0.197459   0.006186   0.000000   0.011795   0.125666   0.009806  22.955117   2810     40
   3.106600   5.129647  -1.106194 -27.595476  -1.100891 -99.000000   0.191273   0.980012   0.001635   0.004658   0.970076   1.443263      2      0
 5.7326E+09  21.044185  -0.222241  -6.185341   3.537708  -8.558561   0.000000   0.000103   0.002146  1.999E-02  2.012E-02  0.104E-09    varcontrol
                            surface ca40    9.7800412823509215D-06
                              surface h1        0.8696761795389583
              log_total_angular_momentum       46.6400046040437743

reduce dt because of varcontrol   19887
 star_1_spin_period/binary_period  0.29277119985608241       0.54956149765020612        1.8771023171690184     
 normal tolerance
 element diffusion on 
save LOGS1/profile88.data for model 19887
                star               model                 age                mass             lg_mdot           (r-rl)/rl          last photo
                   1               19888     5.732584565E+09     1.974585137E-01    -9.900000000E+01    -9.542658816E-01        photos1/x850
      19888   7.319776  1.817E+04   0.087514   0.087514   0.197459   0.006186   0.000000   0.011795   0.125705   0.009806  22.955107   2810     40
   3.097211   5.129629  -1.105488 -27.596075  -1.094697 -99.000000   0.191273   0.980012   0.001635   0.004659   0.970076   1.443281      2      0
 5.7326E+09  21.044155  -0.220221  -6.176772   3.538317  -8.560156   0.000000   0.000103   0.002146  1.999E-02  2.012E-02  0.106E-09    varcontrol
                            surface ca40    9.7844013926516994D-06
                              surface h1        0.8696360220557007
              log_total_angular_momentum       46.6400046040437743

reduce dt because of varcontrol   19888
 star_1_spin_period/binary_period  0.29365287735592926       0.55121649621149638        1.8771023160906430     
 normal tolerance
 element diffusion on 
save LOGS1/profile89.data for model 19888
                star               model                 age                mass             lg_mdot           (r-rl)/rl          last photo
                   1               19889     5.732585790E+09     1.974585137E-01    -9.900000000E+01    -9.541915446E-01        photos1/x850
      19889   7.319765  1.817E+04   0.093440   0.093440   0.197459   0.006186   0.000000   0.011795   0.125743   0.009806  22.955096   2810     40
   3.087860   5.129611  -1.104782 -27.596674  -1.088487 -99.000000   0.191273   0.980012   0.001635   0.004661   0.970076   1.443299      2      0
 5.7326E+09  21.044125  -0.218212  -6.168188   3.538916  -8.561747   0.000000   0.000103   0.002146  1.999E-02  2.012E-02  0.108E-09    varcontrol
                            surface ca40    9.7887132475695181D-06
                              surface h1        0.8695962763828942
              log_total_angular_momentum       46.6400046040437672

reduce dt because of varcontrol   19889
 star_1_spin_period/binary_period  0.29453482000378656       0.55287199248758823        1.8771023150352153     
 normal tolerance
 element diffusion on 
save LOGS1/profile90.data for model 19889
                star               model                 age                mass             lg_mdot           (r-rl)/rl          last photo
                   1               19890     5.732586988E+09     1.974585137E-01    -9.900000000E+01    -9.541171652E-01        photos1/x850

__________________________________________________________________________________________________________________________________________________

       step    lg_Tcntr    Teff       lg_LH     lg_Lnuc     Mass       H_rich     H_cntr     N_cntr     Y_surf     X_avg     eta_cntr  zones retry
   lg_dt_yr    lg_Dcntr    lg_R       lg_L3a    lg_Lneu     lg_Mdot    He_core    He_cntr    O_cntr     Z_surf     Y_avg     gam_cntr  iters bckup
     age_yr    lg_Pcntr    lg_L       lg_LZ     lg_Psurf    lg_Dsurf   C_core     C_cntr     Ne_cntr    Z_cntr     Z_avg     v_div_cs     dt_limit
__________________________________________________________________________________________________________________________________________________

      19890   7.319753  1.818E+04   0.099385   0.099385   0.197459   0.006186   0.000000   0.011795   0.125781   0.009806  22.955086   2810     40
   3.078553   5.129592  -1.104078 -27.597273  -1.082261 -99.000000   0.191273   0.980012   0.001635   0.004662   0.970076   1.443318      2      0
 5.7326E+09  21.044095  -0.216216  -6.159588   3.539504  -8.563333   0.000000   0.000103   0.002146  1.999E-02  2.012E-02  0.111E-09    varcontrol
                            surface ca40    9.7929776578140823D-06
                              surface h1        0.8695569358967268
              log_total_angular_momentum       46.6400046040437672

reduce dt because of varcontrol   19890
 star_1_spin_period/binary_period  0.29541831612725816       0.55453040480109317        1.8771023140021441     
 normal tolerance
 element diffusion on 
save LOGS1/profile91.data for model 19890
                star               model                 age                mass             lg_mdot           (r-rl)/rl          last photo
                   1               19891     5.732588161E+09     1.974585137E-01    -9.900000000E+01    -9.540427360E-01        photos1/x850
      19891   7.319741  1.819E+04   0.105345   0.105345   0.197459   0.006186   0.000000   0.011795   0.125818   0.009806  22.955075   2810     40
   3.069286   5.129574  -1.103374 -27.597873  -1.076023 -99.000000   0.191273   0.980012   0.001635   0.004664   0.970076   1.443336      2      0
 5.7326E+09  21.044064  -0.214235  -6.150979   3.540079  -8.564911   0.000000   0.000103   0.002146  1.999E-02  2.012E-02  0.113E-09    varcontrol
                            surface ca40    9.7971950146437441D-06
                              surface h1        0.8695179983388515
              log_total_angular_momentum       46.6400046040437672

reduce dt because of varcontrol   19891
 star_1_spin_period/binary_period  0.29630540566936103       0.55619556233365242        1.8771023129908591     
 normal tolerance
 element diffusion on 
save LOGS1/profile92.data for model 19891
                star               model                 age                mass             lg_mdot           (r-rl)/rl          last photo
                   1               19892     5.732589309E+09     1.974585137E-01    -9.900000000E+01    -9.539682755E-01        photos1/x850
      19892   7.319730  1.819E+04   0.111329   0.111329   0.197459   0.006186   0.000000   0.011795   0.125855   0.009806  22.955064   2810     40
   3.060025   5.129555  -1.102671 -27.598473  -1.069765 -99.000000   0.191273   0.980012   0.001635   0.004665   0.970076   1.443354      2      0
 5.7326E+09  21.044034  -0.212265  -6.142350   3.540643  -8.566481   0.000000   0.000103   0.002146  1.999E-02  2.012E-02  0.115E-09    varcontrol
                            surface ca40    9.8013661856103071D-06
                              surface h1        0.8694794557845041
              log_total_angular_momentum       46.6400046040437672

reduce dt because of varcontrol   19892
 star_1_spin_period/binary_period  0.29719471806103320       0.55786489238681780        1.8771023120008890     
 normal tolerance
 element diffusion on 
save LOGS1/profile93.data for model 19892
                star               model                 age                mass             lg_mdot           (r-rl)/rl          last photo
                   1               19893     5.732590433E+09     1.974585137E-01    -9.900000000E+01    -9.538937698E-01        photos1/x850
      19893   7.319718  1.820E+04   0.117327   0.117328   0.197459   0.006186   0.000000   0.011795   0.125892   0.009805  22.955053   2810     40
   3.050798   5.129537  -1.101968 -27.599074  -1.063496 -99.000000   0.191273   0.980012   0.001635   0.004667   0.970076   1.443372      2      0
 5.7326E+09  21.044004  -0.210308  -6.133710   3.541196  -8.568049   0.000000   0.000103   0.002146  1.999E-02  2.012E-02  0.118E-09    varcontrol
                            surface ca40    9.8054908774405887D-06
                              surface h1        0.8694413132395289
              log_total_angular_momentum       46.6400046040437601

reduce dt because of varcontrol   19893
 star_1_spin_period/binary_period  0.29808321081532246       0.55953268390119371        1.8771023110317084     
 normal tolerance
 element diffusion on 
save LOGS1/profile94.data for model 19893
                star               model                 age                mass             lg_mdot           (r-rl)/rl          last photo
                   1               19894     5.732591534E+09     1.974585137E-01    -9.900000000E+01    -9.538192316E-01        photos1/x850
      19894   7.319707  1.820E+04   0.123346   0.123347   0.197459   0.006186   0.000000   0.011795   0.125928   0.009805  22.955043   2810     40
   3.041605   5.129518  -1.101267 -27.599675  -1.057208 -99.000000   0.191273   0.980012   0.001635   0.004668   0.970076   1.443390      2      0
 5.7326E+09  21.043974  -0.208366  -6.125054   3.541737  -8.569607   0.000000   0.000103   0.002146  1.999E-02  2.012E-02  0.121E-09    varcontrol
                            surface ca40    9.8095695175635619D-06
                              surface h1        0.8694035678604092
              log_total_angular_momentum       46.6400046040437601

reduce dt because of varcontrol   19894
 star_1_spin_period/binary_period  0.29897468808870881       0.56120607766760189        1.8771023100828066     
 normal tolerance
 element diffusion on 
save LOGS1/profile95.data for model 19894
                star               model                 age                mass             lg_mdot           (r-rl)/rl          last photo
                   1               19895     5.732592611E+09     1.974585137E-01    -9.900000000E+01    -9.537446533E-01        photos1/x850
      19895   7.319695  1.821E+04   0.129385   0.129385   0.197459   0.006186   0.000000   0.011795   0.125964   0.009805  22.955032   2810     40
   3.032428   5.129500  -1.100566 -27.600276  -1.050905 -99.000000   0.191273   0.980012   0.001635   0.004669   0.970077   1.443408      2      0
 5.7326E+09  21.043943  -0.206435  -6.116382   3.542267  -8.571161   0.000000   0.000103   0.002146  1.999E-02  2.012E-02  0.123E-09    varcontrol
                            surface ca40    9.8136056217478186D-06
                              surface h1        0.8693661835785956
              log_total_angular_momentum       46.6400046040437601

reduce dt because of varcontrol   19895
 star_1_spin_period/binary_period  0.29987039774812652       0.56288741605985404        1.8771023091537242     
 normal tolerance
 element diffusion on 
save LOGS1/profile96.data for model 19895
                star               model                 age                mass             lg_mdot           (r-rl)/rl          last photo
                   1               19896     5.732593666E+09     1.974585137E-01    -9.900000000E+01    -9.536700443E-01        photos1/x850
      19896   7.319683  1.822E+04   0.135444   0.135444   0.197459   0.006186   0.000000   0.011795   0.126000   0.009805  22.955021   2810     40
   3.023287   5.129481  -1.099866 -27.600878  -1.044584 -99.000000   0.191273   0.980012   0.001635   0.004671   0.970077   1.443427      2      0
 5.7326E+09  21.043913  -0.204519  -6.107692   3.542784  -8.572710   0.000000   0.000103   0.002146  1.999E-02  2.012E-02  0.126E-09    varcontrol
                            surface ca40    9.8175954473963334D-06
                              surface h1        0.8693292021674356
              log_total_angular_momentum       46.6400046040437601

reduce dt because of varcontrol   19896
 star_1_spin_period/binary_period  0.30076520616211322       0.56456706272637602        1.8771023082439695     
 normal tolerance
 element diffusion on 
save LOGS1/profile97.data for model 19896
                star               model                 age                mass             lg_mdot           (r-rl)/rl          last photo
                   1               19897     5.732594699E+09     1.974585137E-01    -9.900000000E+01    -9.535954032E-01        photos1/x850
      19897   7.319672  1.822E+04   0.141524   0.141524   0.197459   0.006186   0.000000   0.011795   0.126035   0.009805  22.955010   2810     40
   3.014173   5.129463  -1.099167 -27.601480  -1.038245 -99.000000   0.191273   0.980012   0.001635   0.004672   0.970077   1.443445      2      0
 5.7326E+09  21.043883  -0.202616  -6.098985   3.543290  -8.574254   0.000000   0.000103   0.002146  1.999E-02  2.012E-02  0.128E-09    varcontrol
                            surface ca40    9.8215396199667252D-06
                              surface h1        0.8692926184547501
              log_total_angular_momentum       46.6400046040437601

reduce dt because of varcontrol   19897
 star_1_spin_period/binary_period  0.30166239302040943       0.56625117398026470        1.8771023073530884     
 normal tolerance
 element diffusion on 
save LOGS1/profile98.data for model 19897
                star               model                 age                mass             lg_mdot           (r-rl)/rl          last photo
                   1               19898     5.732595711E+09     1.974585137E-01    -9.900000000E+01    -9.535207318E-01        photos1/x850
      19898   7.319660  1.823E+04   0.147627   0.147627   0.197459   0.006186   0.000000   0.011795   0.126070   0.009805  22.954999   2810     40
   3.005083   5.129444  -1.098469 -27.602083  -1.031885 -99.000000   0.191273   0.980012   0.001635   0.004674   0.970077   1.443463      2      0
 5.7326E+09  21.043852  -0.200726  -6.090256   3.543784  -8.575789   0.000000   0.000103   0.002146  1.999E-02  2.012E-02  0.131E-09    varcontrol
                            surface ca40    9.8254397622321175D-06
                              surface h1        0.8692564165889410
              log_total_angular_momentum       46.6400046040437530

reduce dt because of varcontrol   19898
 star_1_spin_period/binary_period  0.30256229989208877       0.56794039098152760        1.8771023064806420     
 normal tolerance
 element diffusion on 
save LOGS1/profile99.data for model 19898
                star               model                 age                mass             lg_mdot           (r-rl)/rl          last photo
                   1               19899     5.732596702E+09     1.974585137E-01    -9.900000000E+01    -9.534460211E-01        photos1/x850
      19899   7.319648  1.823E+04   0.153747   0.153748   0.197459   0.006186   0.000000   0.011795   0.126105   0.009805  22.954988   2810     40
   2.996024   5.129426  -1.097771 -27.602686  -1.025512 -99.000000   0.191273   0.980012   0.001635   0.004675   0.970077   1.443481      2      0
 5.7326E+09  21.043822  -0.198850  -6.081515   3.544266  -8.577320   0.000000   0.000103   0.002146  1.999E-02  2.012E-02  0.134E-09    varcontrol
                            surface ca40    9.8292955731041054D-06
                              surface h1        0.8692206013243322
              log_total_angular_momentum       46.6400046040437530

reduce dt because of varcontrol   19899
 star_1_spin_period/binary_period  0.30346299536107330       0.56963108826449904        1.8771023056261849     
 normal tolerance
 element diffusion on 
save LOGS1/profile100.data for model 19899
                star               model                 age                mass             lg_mdot           (r-rl)/rl          last photo
                   1               19900     5.732597673E+09     1.974585137E-01    -9.900000000E+01    -9.533712858E-01        photos1/x850

__________________________________________________________________________________________________________________________________________________

       step    lg_Tcntr    Teff       lg_LH     lg_Lnuc     Mass       H_rich     H_cntr     N_cntr     Y_surf     X_avg     eta_cntr  zones retry
   lg_dt_yr    lg_Dcntr    lg_R       lg_L3a    lg_Lneu     lg_Mdot    He_core    He_cntr    O_cntr     Z_surf     Y_avg     gam_cntr  iters bckup
     age_yr    lg_Pcntr    lg_L       lg_LZ     lg_Psurf    lg_Dsurf   C_core     C_cntr     Ne_cntr    Z_cntr     Z_avg     v_div_cs     dt_limit
__________________________________________________________________________________________________________________________________________________

      19900   7.319637  1.824E+04   0.159892   0.159893   0.197459   0.006186   0.000000   0.011795   0.126139   0.009805  22.954977   2814     40
   2.986983   5.129407  -1.097075 -27.603290  -1.019117 -99.000000   0.191273   0.980012   0.001635   0.004676   0.970077   1.443499      2      0
 5.7326E+09  21.043792  -0.196987  -6.072750   3.544738  -8.578844   0.000000   0.000103   0.002146  1.999E-02  2.012E-02  0.137E-09    varcontrol
                            surface ca40    9.8331074527712941D-06
                              surface h1        0.8691851697792067
              log_total_angular_momentum       46.6400046040437530

reduce dt because of varcontrol   19900
 star_1_spin_period/binary_period  0.30436754334267213       0.57132901711159090        1.8771023047893127     
 normal tolerance
 element diffusion on 
save LOGS1/profile101.data for model 19900
save photos1/x900 for model 19900
                star               model                 age                mass             lg_mdot           (r-rl)/rl          last photo
                   1               19901     5.732598623E+09     1.974585137E-01    -9.900000000E+01    -9.532965181E-01        photos1/x900
      19901   7.319625  1.824E+04   0.166055   0.166055   0.197459   0.006186   0.000000   0.011795   0.126172   0.009805  22.954966   2811     40
   2.977926   5.129388  -1.096379 -27.603894  -1.012707 -99.000000   0.191273   0.980012   0.001635   0.004677   0.970077   1.443518      2      0
 5.7326E+09  21.043761  -0.195139  -6.063970   3.545194  -8.580365   0.000000   0.000103   0.002146  1.999E-02  2.012E-02  0.140E-09    varcontrol
                            surface ca40    9.8368782097239453D-06
                              surface h1        0.8691500928912069
              log_total_angular_momentum       46.6400046040437459

reduce dt because of varcontrol   19901
 star_1_spin_period/binary_period  0.30527304993451210       0.57302874537192772        1.8771023039696930     
 normal tolerance
 element diffusion on 
save LOGS1/profile102.data for model 19901
                star               model                 age                mass             lg_mdot           (r-rl)/rl          last photo
                   1               19902     5.732599554E+09     1.974585137E-01    -9.900000000E+01    -9.532217414E-01        photos1/x900
      19902   7.319613  1.825E+04   0.172242   0.172243   0.197459   0.006186   0.000000   0.011795   0.126206   0.009805  22.954955   2811     40
   2.968882   5.129370  -1.095684 -27.604498  -1.006275 -99.000000   0.191273   0.980012   0.001635   0.004679   0.970077   1.443536      2      0
 5.7326E+09  21.043731  -0.193305  -6.055169   3.545640  -8.581877   0.000000   0.000103   0.002146  1.999E-02  2.012E-02  0.143E-09    varcontrol
                            surface ca40    9.8406050287191321D-06
                              surface h1        0.8691154020185058
              log_total_angular_momentum       46.6400046040437459

reduce dt because of varcontrol   19902
 star_1_spin_period/binary_period  0.30618079240574397       0.57473267061030264        1.8771023031669463     
 normal tolerance
 element diffusion on 
save LOGS1/profile103.data for model 19902
                star               model                 age                mass             lg_mdot           (r-rl)/rl          last photo
                   1               19903     5.732600466E+09     1.974585137E-01    -9.900000000E+01    -9.531469296E-01        photos1/x900
      19903   7.319602  1.825E+04   0.178453   0.178453   0.197459   0.006186   0.000000   0.011795   0.126239   0.009805  22.954944   2811     40
   2.959911   5.129351  -1.094990 -27.605103  -0.999823 -99.000000   0.191273   0.980012   0.001635   0.004680   0.970077   1.443554      2      0
 5.7326E+09  21.043700  -0.191484  -6.046346   3.546074  -8.583386   0.000000   0.000103   0.002146  1.999E-02  2.012E-02  0.146E-09    varcontrol
                            surface ca40    9.8442878379872836D-06
                              surface h1        0.8690810999686331
              log_total_angular_momentum       46.6400046040437459

reduce dt because of varcontrol   19903
 star_1_spin_period/binary_period  0.30708958199898617       0.57643856140739025        1.8771023023805911     
 normal tolerance
 element diffusion on 
save LOGS1/profile104.data for model 19903
                star               model                 age                mass             lg_mdot           (r-rl)/rl          last photo
                   1               19904     5.732601359E+09     1.974585137E-01    -9.900000000E+01    -9.530720938E-01        photos1/x900
      19904   7.319590  1.825E+04   0.184686   0.184687   0.197459   0.006186   0.000000   0.011795   0.126272   0.009805  22.954932   2814     40
   2.950976   5.129333  -1.094297 -27.605709  -0.993351 -99.000000   0.191273   0.980012   0.001635   0.004681   0.970077   1.443573      2      0
 5.7326E+09  21.043670  -0.189678  -6.037502   3.546495  -8.584889   0.000000   0.000103   0.002146  1.999E-02  2.012E-02  0.149E-09    varcontrol
                            surface ca40    9.8479278946198222D-06
                              surface h1        0.8690471747209775
              log_total_angular_momentum       46.6400046040437459

reduce dt because of varcontrol   19904
 star_1_spin_period/binary_period  0.30799945485097163       0.57814648559545534        1.8771023016102313     
 normal tolerance
 element diffusion on 
save LOGS1/profile105.data for model 19904
                star               model                 age                mass             lg_mdot           (r-rl)/rl          last photo
                   1               19905     5.732602234E+09     1.974585137E-01    -9.900000000E+01    -9.529972410E-01        photos1/x900
      19905   7.319578  1.826E+04   0.190943   0.190943   0.197459   0.006186   0.000000   0.011795   0.126304   0.009805  22.954921   2814     40
   2.942015   5.129314  -1.093605 -27.606315  -0.986858 -99.000000   0.191273   0.980012   0.001635   0.004683   0.970077   1.443591      2      0
 5.7326E+09  21.043639  -0.187885  -6.028636   3.546904  -8.586387   0.000000   0.000103   0.002146  1.999E-02  2.012E-02  0.152E-09    varcontrol
                            surface ca40    9.8515260717706821D-06
                              surface h1        0.8690136176670789
              log_total_angular_momentum       46.6400046040437459

reduce dt because of varcontrol   19905
 star_1_spin_period/binary_period  0.30891318822750485       0.57986165638648446        1.8771023008555872     
 normal tolerance
 element diffusion on 
save LOGS1/profile106.data for model 19905
                star               model                 age                mass             lg_mdot           (r-rl)/rl          last photo
                   1               19906     5.732603091E+09     1.974585137E-01    -9.900000000E+01    -9.529223737E-01        photos1/x900
      19906   7.319566  1.826E+04   0.197223   0.197223   0.197459   0.006186   0.000000   0.011795   0.126336   0.009805  22.954910   2814     40
   2.933059   5.129295  -1.092913 -27.606922  -0.980345 -99.000000   0.191273   0.980012   0.001635   0.004684   0.970077   1.443609      2      0
 5.7326E+09  21.043609  -0.186108  -6.019749   3.547300  -8.587879   0.000000   0.000103   0.002146  1.999E-02  2.012E-02  0.155E-09    varcontrol
                            surface ca40    9.8550828566833281D-06
                              surface h1        0.8689804247499494
              log_total_angular_momentum       46.6400046040437388

reduce dt because of varcontrol   19906
 star_1_spin_period/binary_period  0.30982836314531498       0.58157953310134691        1.8771023001163256     
 normal tolerance
 element diffusion on 
save LOGS1/profile107.data for model 19906
                star               model                 age                mass             lg_mdot           (r-rl)/rl          last photo
                   1               19907     5.732603931E+09     1.974585137E-01    -9.900000000E+01    -9.528474832E-01        photos1/x900
      19907   7.319555  1.827E+04   0.203526   0.203526   0.197459   0.006186   0.000000   0.011795   0.126367   0.009804  22.954899   2814     40
   2.924140   5.129277  -1.092223 -27.607529  -0.973811 -99.000000   0.191273   0.980012   0.001635   0.004685   0.970077   1.443628      2      0
 5.7326E+09  21.043578  -0.184345  -6.010840   3.547683  -8.589366   0.000000   0.000103   0.002146  1.999E-02  2.012E-02  0.158E-09    varcontrol
                            surface ca40    9.8585973130153413D-06
                              surface h1        0.8689476074105820
              log_total_angular_momentum       46.6400046040437388

reduce dt because of varcontrol   19907
 star_1_spin_period/binary_period  0.31074538016813519       0.58330086763907085        1.8771022993920745     
 normal tolerance
 element diffusion on 
save LOGS1/profile108.data for model 19907
                star               model                 age                mass             lg_mdot           (r-rl)/rl          last photo
                   1               19908     5.732604754E+09     1.974585137E-01    -9.900000000E+01    -9.527725836E-01        photos1/x900
      19908   7.319543  1.827E+04   0.209855   0.209855   0.197459   0.006186   0.000000   0.011795   0.126399   0.009804  22.954887   2814     40
   2.915240   5.129258  -1.091534 -27.608137  -0.967254 -99.000000   0.191273   0.980012   0.001635   0.004686   0.970077   1.443646      2      0
 5.7326E+09  21.043548  -0.182596  -6.001906   3.548055  -8.590846   0.000000   0.000103   0.002146  1.999E-02  2.012E-02  0.161E-09    varcontrol
                            surface ca40    9.8620702054538735D-06
                              surface h1        0.8689151586685907
              log_total_angular_momentum       46.6400046040437388

reduce dt because of varcontrol   19908
 star_1_spin_period/binary_period  0.31166272231661957       0.58502281247417154        1.8771022986824977     
 normal tolerance
 element diffusion on 
save LOGS1/profile109.data for model 19908
                star               model                 age                mass             lg_mdot           (r-rl)/rl          last photo
                   1               19909     5.732605560E+09     1.974585137E-01    -9.900000000E+01    -9.526976696E-01        photos1/x900
      19909   7.319531  1.827E+04   0.216212   0.216212   0.197459   0.006186   0.000000   0.011795   0.126430   0.009804  22.954876   2814     40
   2.906379   5.129239  -1.090846 -27.608746  -0.960673 -99.000000   0.191273   0.980012   0.001635   0.004687   0.970078   1.443664      2      0
 5.7326E+09  21.043517  -0.180862  -5.992945   3.548413  -8.592323   0.000000   0.000103   0.002146  1.999E-02  2.012E-02  0.165E-09    varcontrol
                            surface ca40    9.8655017565562591D-06
                              surface h1        0.8688830775882531
              log_total_angular_momentum       46.6400046040437388

reduce dt because of varcontrol   19909
 star_1_spin_period/binary_period  0.31258194262328076       0.58674828280747471        1.8771022979872363     
 normal tolerance
 element diffusion on 
save LOGS1/profile110.data for model 19909
                star               model                 age                mass             lg_mdot           (r-rl)/rl          last photo
                   1               19910     5.732606350E+09     1.974585137E-01    -9.900000000E+01    -9.526227293E-01        photos1/x900

__________________________________________________________________________________________________________________________________________________

       step    lg_Tcntr    Teff       lg_LH     lg_Lnuc     Mass       H_rich     H_cntr     N_cntr     Y_surf     X_avg     eta_cntr  zones retry
   lg_dt_yr    lg_Dcntr    lg_R       lg_L3a    lg_Lneu     lg_Mdot    He_core    He_cntr    O_cntr     Z_surf     Y_avg     gam_cntr  iters bckup
     age_yr    lg_Pcntr    lg_L       lg_LZ     lg_Psurf    lg_Dsurf   C_core     C_cntr     Ne_cntr    Z_cntr     Z_avg     v_div_cs     dt_limit
__________________________________________________________________________________________________________________________________________________

      19910   7.319519  1.828E+04   0.222591   0.222591   0.197459   0.006186   0.000000   0.011795   0.126460   0.009804  22.954865   2814     40
   2.897556   5.129220  -1.090158 -27.609355  -0.954071 -99.000000   0.191273   0.980012   0.001635   0.004689   0.970078   1.443683      2      0
 5.7326E+09  21.043486  -0.179143  -5.983963   3.548758  -8.593796   0.000000   0.000103   0.002146  1.999E-02  2.012E-02  0.168E-09    varcontrol
                            surface ca40    9.8688957548337931D-06
                              surface h1        0.8688513252512249
              log_total_angular_momentum       46.6400046040437317

reduce dt because of varcontrol   19910
 star_1_spin_period/binary_period  0.31350481491172644       0.58848060828727478        1.8771022973059388     
 normal tolerance
 element diffusion on 
save LOGS1/profile111.data for model 19910
                star               model                 age                mass             lg_mdot           (r-rl)/rl          last photo
                   1               19911     5.732607123E+09     1.974585137E-01    -9.900000000E+01    -9.525477864E-01        photos1/x900
      19911   7.319507  1.828E+04   0.228998   0.228998   0.197459   0.006186   0.000000   0.011795   0.126490   0.009804  22.954853   2814     40
   2.888728   5.129202  -1.089472 -27.609965  -0.947444 -99.000000   0.191273   0.980012   0.001635   0.004690   0.970078   1.443701      2      0
 5.7326E+09  21.043456  -0.177440  -5.974952   3.549090  -8.595262   0.000000   0.000103   0.002146  1.999E-02  2.012E-02  0.171E-09    varcontrol
                            surface ca40    9.8722485856975296D-06
                              surface h1        0.8688199410307614
              log_total_angular_momentum       46.6400046040437317

reduce dt because of varcontrol   19911
 star_1_spin_period/binary_period  0.31443010813999284       0.59021747812182057        1.8771022966383351     
 normal tolerance
 element diffusion on 
save LOGS1/profile112.data for model 19911
                star               model                 age                mass             lg_mdot           (r-rl)/rl          last photo
                   1               19912     5.732607882E+09     1.974585137E-01    -9.900000000E+01    -9.524728307E-01        photos1/x900
      19912   7.319496  1.828E+04   0.235433   0.235433   0.197459   0.006186   0.000000   0.011795   0.126520   0.009804  22.954842   2814     40
   2.879916   5.129183  -1.088786 -27.610576  -0.940793 -99.000000   0.191273   0.980012   0.001635   0.004691   0.970078   1.443720      2      0
 5.7326E+09  21.043425  -0.175750  -5.965915   3.549410  -8.596722   0.000000   0.000103   0.002146  1.999E-02  2.012E-02  0.175E-09    varcontrol
                            surface ca40    9.8755606707756380D-06
                              surface h1        0.8687889215119607
              log_total_angular_momentum       46.6400046040437317

reduce dt because of varcontrol   19912
 star_1_spin_period/binary_period  0.31535637331958388       0.59195617241141751        1.8771022959841239     
 normal tolerance
 element diffusion on 
save LOGS1/profile113.data for model 19912
                star               model                 age                mass             lg_mdot           (r-rl)/rl          last photo
                   1               19913     5.732608625E+09     1.974585137E-01    -9.900000000E+01    -9.523978552E-01        photos1/x900
      19913   7.319484  1.829E+04   0.241894   0.241895   0.197459   0.006186   0.000000   0.011795   0.126550   0.009804  22.954830   2815     40
   2.871146   5.129164  -1.088102 -27.611187  -0.934117 -99.000000   0.191273   0.980012   0.001635   0.004692   0.970078   1.443738      2      0
 5.7326E+09  21.043394  -0.174076  -5.956851   3.549716  -8.598179   0.000000   0.000103   0.002146  1.999E-02  2.012E-02  0.179E-09    varcontrol
                            surface ca40    9.8788327508504539D-06
                              surface h1        0.8687582601602437
              log_total_angular_momentum       46.6400046040437317

reduce dt because of varcontrol   19913
 star_1_spin_period/binary_period  0.31628518751216467       0.59369965146206805        1.8771022953429768     
 normal tolerance
 element diffusion on 
save LOGS1/profile114.data for model 19913
                star               model                 age                mass             lg_mdot           (r-rl)/rl          last photo
                   1               19914     5.732609354E+09     1.974585137E-01    -9.900000000E+01    -9.523228755E-01        photos1/x900
      19914   7.319472  1.829E+04   0.248382   0.248382   0.197459   0.006186   0.000000   0.011795   0.126579   0.009804  22.954819   2815     40
   2.862361   5.129145  -1.087418 -27.611800  -0.927417 -99.000000   0.191273   0.980012   0.001635   0.004693   0.970078   1.443757      2      0
 5.7326E+09  21.043363  -0.172416  -5.947760   3.550010  -8.599631   0.000000   0.000103   0.002146  1.999E-02  2.012E-02  0.182E-09    varcontrol
                            surface ca40    9.8820656292700828D-06
                              surface h1        0.8687279491176790
              log_total_angular_momentum       46.6400046040437317

reduce dt because of varcontrol   19914
 star_1_spin_period/binary_period  0.31721544791538481       0.59544584520090493        1.8771022947146521     
 normal tolerance
 element diffusion on 
save LOGS1/profile115.data for model 19914
                star               model                 age                mass             lg_mdot           (r-rl)/rl          last photo
                   1               19915     5.732610067E+09     1.974585137E-01    -9.900000000E+01    -9.522479007E-01        photos1/x900
      19915   7.319460  1.829E+04   0.254899   0.254899   0.197459   0.006186   0.000000   0.011795   0.126608   0.009804  22.954807   2815     40
   2.853578   5.129126  -1.086736 -27.612413  -0.920691 -99.000000   0.191273   0.980012   0.001635   0.004694   0.970078   1.443775      2      0
 5.7326E+09  21.043332  -0.170773  -5.938640   3.550289  -8.601078   0.000000   0.000103   0.002146  1.999E-02  2.012E-02  0.186E-09    varcontrol
                            surface ca40    9.8852592940864609D-06
                              surface h1        0.8686979894411668
              log_total_angular_momentum       46.6400046040437246

reduce dt because of varcontrol   19915
 star_1_spin_period/binary_period  0.31814611657823461       0.59719280528765739        1.8771022940988911     
 normal tolerance
 element diffusion on 
save LOGS1/profile116.data for model 19915
                star               model                 age                mass             lg_mdot           (r-rl)/rl          last photo
                   1               19916     5.732610767E+09     1.974585137E-01    -9.900000000E+01    -9.521729123E-01        photos1/x900
      19916   7.319448  1.830E+04   0.261447   0.261447   0.197459   0.006186   0.000000   0.011795   0.126636   0.009804  22.954796   2815     40
   2.844833   5.129107  -1.086054 -27.613027  -0.913936 -99.000000   0.191273   0.980012   0.001635   0.004695   0.970078   1.443794      2      0
 5.7326E+09  21.043301  -0.169145  -5.929487   3.550555  -8.602518   0.000000   0.000103   0.002146  1.999E-02  2.012E-02  0.190E-09    varcontrol
                            surface ca40    9.8884140184429854D-06
                              surface h1        0.8686683794867684
              log_total_angular_momentum       46.6400046040437246

reduce dt because of varcontrol   19916
 star_1_spin_period/binary_period  0.31907806084643869       0.59894215981891186        1.8771022934953905     
 normal tolerance
 element diffusion on 
save LOGS1/profile117.data for model 19916
                star               model                 age                mass             lg_mdot           (r-rl)/rl          last photo
                   1               19917     5.732611453E+09     1.974585137E-01    -9.900000000E+01    -9.520979215E-01        photos1/x900
      19917   7.319436  1.830E+04   0.268023   0.268023   0.197459   0.006186   0.000000   0.011795   0.126665   0.009804  22.954784   2815     40
   2.836099   5.129088  -1.085374 -27.613642  -0.907156 -99.000000   0.191273   0.980012   0.001635   0.004696   0.970078   1.443812      2      0
 5.7326E+09  21.043270  -0.167532  -5.920306   3.550808  -8.603957   0.000000   0.000103   0.002146  1.999E-02  2.012E-02  0.193E-09    varcontrol
                            surface ca40    9.8915310650202022D-06
                              surface h1        0.8686391067848239
              log_total_angular_momentum       46.6400046040437246

reduce dt because of varcontrol   19917
 star_1_spin_period/binary_period  0.32001300007852679       0.60069713620645526        1.8771022929038899     
 normal tolerance
 element diffusion on 
save LOGS1/profile118.data for model 19917
                star               model                 age                mass             lg_mdot           (r-rl)/rl          last photo
                   1               19918     5.732612125E+09     1.974585137E-01    -9.900000000E+01    -9.520229318E-01        photos1/x900
      19918   7.319424  1.830E+04   0.274629   0.274629   0.197459   0.006186   0.000000   0.011795   0.126692   0.009804  22.954772   2815     40
   2.827382   5.129070  -1.084694 -27.614257  -0.900349 -99.000000   0.191273   0.980012   0.001635   0.004697   0.970078   1.443831      2      0
 5.7326E+09  21.043239  -0.165935  -5.911093   3.551048  -8.605390   0.000000   0.000103   0.002146  1.999E-02  2.012E-02  0.197E-09    varcontrol
                            surface ca40    9.8946102600802255D-06
                              surface h1        0.8686101742263058
              log_total_angular_momentum       46.6400046040437246

reduce dt because of varcontrol   19918
 star_1_spin_period/binary_period  0.32094722714632412       0.60245077579143769        1.8771022923241283     
 normal tolerance
 element diffusion on 
save LOGS1/profile119.data for model 19918
                star               model                 age                mass             lg_mdot           (r-rl)/rl          last photo
                   1               19919     5.732612783E+09     1.974585137E-01    -9.900000000E+01    -9.519479422E-01        photos1/x900
      19919   7.319412  1.830E+04   0.281266   0.281266   0.197459   0.006186   0.000000   0.011795   0.126720   0.009804  22.954761   2815     40
   2.818687   5.129051  -1.084016 -27.614874  -0.893512 -99.000000   0.191273   0.980012   0.001635   0.004698   0.970078   1.443850      2      0
 5.7326E+09  21.043208  -0.164354  -5.901847   3.551273  -8.606819   0.000000   0.000103   0.002146  1.999E-02  2.012E-02  0.201E-09    varcontrol
                            surface ca40    9.8976512633094966D-06
                              surface h1        0.8685815864582082
              log_total_angular_momentum       46.6400046040437246

reduce dt because of varcontrol   19919
 star_1_spin_period/binary_period  0.32188460402739472       0.60421032790074525        1.8771022917558446     
 normal tolerance
 element diffusion on 
save LOGS1/profile120.data for model 19919
                star               model                 age                mass             lg_mdot           (r-rl)/rl          last photo
                   1               19920     5.732613429E+09     1.974585137E-01    -9.900000000E+01    -9.518729493E-01        photos1/x900

__________________________________________________________________________________________________________________________________________________

       step    lg_Tcntr    Teff       lg_LH     lg_Lnuc     Mass       H_rich     H_cntr     N_cntr     Y_surf     X_avg     eta_cntr  zones retry
   lg_dt_yr    lg_Dcntr    lg_R       lg_L3a    lg_Lneu     lg_Mdot    He_core    He_cntr    O_cntr     Z_surf     Y_avg     gam_cntr  iters bckup
     age_yr    lg_Pcntr    lg_L       lg_LZ     lg_Psurf    lg_Dsurf   C_core     C_cntr     Ne_cntr    Z_cntr     Z_avg     v_div_cs     dt_limit
__________________________________________________________________________________________________________________________________________________

      19920   7.319401  1.831E+04   0.287933   0.287934   0.197459   0.006186   0.000000   0.011795   0.126747   0.009804  22.954749   2815     40
   2.810001   5.129032  -1.083339 -27.615491  -0.886648 -99.000000   0.191273   0.980012   0.001635   0.004699   0.970078   1.443868      2      0
 5.7326E+09  21.043177  -0.162790  -5.892569   3.551484  -8.608243   0.000000   0.000103   0.002146  1.999E-02  2.012E-02  0.205E-09    varcontrol
                            surface ca40    9.9006584019436151D-06
                              surface h1        0.8685532984530283
              log_total_angular_momentum       46.6400046040437175

reduce dt because of varcontrol   19920
 star_1_spin_period/binary_period  0.32282379932750482       0.60597329337116035        1.8771022911987980     
 normal tolerance
 element diffusion on 
save LOGS1/profile121.data for model 19920
                star               model                 age                mass             lg_mdot           (r-rl)/rl          last photo
                   1               19921     5.732614062E+09     1.974585137E-01    -9.900000000E+01    -9.517979607E-01        photos1/x900
      19921   7.319389  1.831E+04   0.294634   0.294635   0.197459   0.006186   0.000000   0.011795   0.126774   0.009804  22.954737   2819     40
   2.801318   5.129012  -1.082663 -27.616110  -0.879753 -99.000000   0.191273   0.980012   0.001635   0.004700   0.970078   1.443887      2      0
 5.7326E+09  21.043146  -0.161241  -5.883255   3.551681  -8.609664   0.000000   0.000103   0.002146  1.999E-02  2.012E-02  0.209E-09    varcontrol
                            surface ca40    9.9036270368041152D-06
                              surface h1        0.8685253603363304
              log_total_angular_momentum       46.6400046040437175

reduce dt because of varcontrol   19921
 star_1_spin_period/binary_period  0.32376560156358275       0.60774115232957215        1.8771022906527663     
 normal tolerance
 element diffusion on 
save LOGS1/profile122.data for model 19921
                star               model                 age                mass             lg_mdot           (r-rl)/rl          last photo
                   1               19922     5.732614682E+09     1.974585137E-01    -9.900000000E+01    -9.517229867E-01        photos1/x900
      19922   7.319377  1.831E+04   0.301368   0.301368   0.197459   0.006186   0.000000   0.011795   0.126801   0.009804  22.954725   2816     40
   2.792597   5.128993  -1.081988 -27.616729  -0.872827 -99.000000   0.191273   0.980012   0.001635   0.004702   0.970078   1.443906      2      0
 5.7326E+09  21.043115  -0.159709  -5.873906   3.551865  -8.611081   0.000000   0.000103   0.002146  1.999E-02  2.012E-02  0.214E-09    varcontrol
                            surface ca40    9.9065579375293815D-06
                              surface h1        0.8684977643961240
              log_total_angular_momentum       46.6400046040437175

reduce dt because of varcontrol   19922
 star_1_spin_period/binary_period  0.32471049582655520       0.60951481534123997        1.8771022901175747     
 normal tolerance
 element diffusion on 
save LOGS1/profile123.data for model 19922
                star               model                 age                mass             lg_mdot           (r-rl)/rl          last photo
                   1               19923     5.732615290E+09     1.974585137E-01    -9.900000000E+01    -9.516480393E-01        photos1/x900
      19923   7.319365  1.831E+04   0.308134   0.308134   0.197459   0.006186   0.000000   0.011795   0.126827   0.009803  22.954713   2816     40
   2.783904   5.128974  -1.081314 -27.617350  -0.865872 -99.000000   0.191273   0.980012   0.001635   0.004703   0.970078   1.443925      2      0
 5.7326E+09  21.043083  -0.158193  -5.864522   3.552034  -8.612491   0.000000   0.000103   0.002146  1.999E-02  2.012E-02  0.218E-09    varcontrol
                            surface ca40    9.9094513089213471D-06
                              surface h1        0.8684705094728481
              log_total_angular_momentum       46.6400046040437175

reduce dt because of varcontrol   19923
 star_1_spin_period/binary_period  0.32565400552621931       0.61128587938838974        1.8771022895929754     
 normal tolerance
 element diffusion on 
save LOGS1/profile124.data for model 19923
                star               model                 age                mass             lg_mdot           (r-rl)/rl          last photo
                   1               19924     5.732615886E+09     1.974585137E-01    -9.900000000E+01    -9.515730811E-01        photos1/x900
      19924   7.319353  1.831E+04   0.314934   0.314934   0.197459   0.006186   0.000000   0.011795   0.126853   0.009803  22.954702   2816     40
   2.775292   5.128955  -1.080641 -27.617971  -0.858884 -99.000000   0.191273   0.980012   0.001635   0.004703   0.970079   1.443943      2      0
 5.7326E+09  21.043052  -0.156694  -5.855101   3.552188  -8.613901   0.000000   0.000103   0.002146  1.999E-02  2.012E-02  0.222E-09    varcontrol
                            surface ca40    9.9123074400258750D-06
                              surface h1        0.8684435939459216
              log_total_angular_momentum       46.6400046040437104

reduce dt because of varcontrol   19924
 star_1_spin_period/binary_period  0.32660026980933926       0.61306211407281996        1.8771022890786639     
 normal tolerance
 element diffusion on 
save LOGS1/profile125.data for model 19924
                star               model                 age                mass             lg_mdot           (r-rl)/rl          last photo
                   1               19925     5.732616471E+09     1.974585137E-01    -9.900000000E+01    -9.514981432E-01        photos1/x900
      19925   7.319340  1.832E+04   0.321767   0.321767   0.197459   0.006186   0.000000   0.011795   0.126879   0.009803  22.954689   2819     40
   2.766668   5.128936  -1.079970 -27.618594  -0.851866 -99.000000   0.191273   0.980012   0.001635   0.004704   0.970079   1.443962      2      0
 5.7326E+09  21.043021  -0.155211  -5.845645   3.552329  -8.615303   0.000000   0.000103   0.002146  1.999E-02  2.012E-02  0.226E-09    varcontrol
                            surface ca40    9.9151276385467189D-06
                              surface h1        0.8684170045324890
              log_total_angular_momentum       46.6400046040437104

reduce dt because of varcontrol   19925
 star_1_spin_period/binary_period  0.32754888523290160       0.61484276209068944        1.8771022885744497     
 normal tolerance
 element diffusion on 
save LOGS1/profile126.data for model 19925
                star               model                 age                mass             lg_mdot           (r-rl)/rl          last photo
                   1               19926     5.732617043E+09     1.974585137E-01    -9.900000000E+01    -9.514232337E-01        photos1/x900
      19926   7.319328  1.832E+04   0.328636   0.328636   0.197459   0.006186   0.000000   0.011795   0.126904   0.009803  22.954678   2817     40
   2.758009   5.128917  -1.079299 -27.619218  -0.844814 -99.000000   0.191273   0.980012   0.001635   0.004705   0.970079   1.443981      2      0
 5.7326E+09  21.042989  -0.153747  -5.836147   3.552455  -8.616704   0.000000   0.000103   0.002146  1.999E-02  2.012E-02  0.231E-09    varcontrol
                            surface ca40    9.9179125273545254D-06
                              surface h1        0.8683907350997617
              log_total_angular_momentum       46.6400046040437104

reduce dt because of varcontrol   19926
 star_1_spin_period/binary_period  0.32849888254533338       0.61662600405762680        1.8771022880801778     
 normal tolerance
 element diffusion on 
save LOGS1/profile127.data for model 19926
                star               model                 age                mass             lg_mdot           (r-rl)/rl          last photo
                   1               19927     5.732617605E+09     1.974585137E-01    -9.900000000E+01    -9.513483360E-01        photos1/x900
      19927   7.319316  1.832E+04   0.335542   0.335543   0.197459   0.006186   0.000000   0.011795   0.126929   0.009803  22.954665   2819     40
   2.749383   5.128897  -1.078630 -27.619843  -0.837727 -99.000000   0.191273   0.980012   0.001635   0.004706   0.970079   1.444000      2      0
 5.7326E+09  21.042958  -0.152299  -5.826609   3.552565  -8.618100   0.000000   0.000103   0.002146  1.999E-02  2.012E-02  0.235E-09    varcontrol
                            surface ca40    9.9206614704731424D-06
                              surface h1        0.8683647934598931
              log_total_angular_momentum       46.6400046040437104

reduce dt because of varcontrol   19927
 star_1_spin_period/binary_period  0.32945080992931830       0.61841286896855052        1.8771022875956118     
 normal tolerance
 element diffusion on 
save LOGS1/profile128.data for model 19927
                star               model                 age                mass             lg_mdot           (r-rl)/rl          last photo
                   1               19928     5.732618155E+09     1.974585137E-01    -9.900000000E+01    -9.512734551E-01        photos1/x900
      19928   7.319304  1.832E+04   0.342483   0.342483   0.197459   0.006186   0.000000   0.011795   0.126954   0.009803  22.954653   2819     40
   2.740761   5.128878  -1.077962 -27.620469  -0.830609 -99.000000   0.191273   0.980012   0.001635   0.004707   0.970079   1.444019      2      0
 5.7326E+09  21.042926  -0.150868  -5.817034   3.552661  -8.619492   0.000000   0.000103   0.002146  1.999E-02  2.012E-02  0.240E-09    varcontrol
                            surface ca40    9.9233750253521710D-06
                              surface h1        0.8683391744295259
              log_total_angular_momentum       46.6400046040437104

reduce dt because of varcontrol   19928
 star_1_spin_period/binary_period  0.33040352942804835       0.62020122076209439        1.8771022871205587     
 normal tolerance
 element diffusion on 
save LOGS1/profile129.data for model 19928
                star               model                 age                mass             lg_mdot           (r-rl)/rl          last photo
                   1               19929     5.732618695E+09     1.974585137E-01    -9.900000000E+01    -9.511986117E-01        photos1/x900
      19929   7.319292  1.832E+04   0.349463   0.349463   0.197459   0.006186   0.000000   0.011795   0.126978   0.009803  22.954641   2819     40
   2.732114   5.128859  -1.077296 -27.621096  -0.823453 -99.000000   0.191273   0.980012   0.001635   0.004708   0.970079   1.444038      2      0
 5.7326E+09  21.042895  -0.149455  -5.807414   3.552742  -8.620881   0.000000   0.000103   0.002146  1.999E-02  2.012E-02  0.245E-09    varcontrol
                            surface ca40    9.9260536486241067D-06
                              surface h1        0.8683138737122488
              log_total_angular_momentum       46.6400046040437104

reduce dt because of varcontrol   19929
 star_1_spin_period/binary_period  0.33135769668510712       0.62199229014830149        1.8771022866548586     
 normal tolerance
 element diffusion on 
save LOGS1/profile130.data for model 19929
                star               model                 age                mass             lg_mdot           (r-rl)/rl          last photo
                   1               19930     5.732619224E+09     1.974585137E-01    -9.900000000E+01    -9.511237856E-01        photos1/x900

__________________________________________________________________________________________________________________________________________________

       step    lg_Tcntr    Teff       lg_LH     lg_Lnuc     Mass       H_rich     H_cntr     N_cntr     Y_surf     X_avg     eta_cntr  zones retry
   lg_dt_yr    lg_Dcntr    lg_R       lg_L3a    lg_Lneu     lg_Mdot    He_core    He_cntr    O_cntr     Z_surf     Y_avg     gam_cntr  iters bckup
     age_yr    lg_Pcntr    lg_L       lg_LZ     lg_Psurf    lg_Dsurf   C_core     C_cntr     Ne_cntr    Z_cntr     Z_avg     v_div_cs     dt_limit
__________________________________________________________________________________________________________________________________________________

      19930   7.319280  1.832E+04   0.356482   0.356482   0.197459   0.006186   0.000000   0.011795   0.127002   0.009803  22.954629   2819     40
   2.723513   5.128840  -1.076630 -27.621725  -0.816260 -99.000000   0.191273   0.980012   0.001635   0.004709   0.970079   1.444057      2      0
 5.7326E+09  21.042863  -0.148060  -5.797750   3.552808  -8.622266   0.000000   0.000103   0.002146  1.999E-02  2.012E-02  0.250E-09    varcontrol
                            surface ca40    9.9286978049780990D-06
                              surface h1        0.8682888874583848
              log_total_angular_momentum       46.6400046040437033

reduce dt because of varcontrol   19930
 star_1_spin_period/binary_period  0.33228702226934076       0.62373672917579770        1.8771022861982780     
 normal tolerance
 element diffusion on 
save LOGS1/profile131.data for model 19930
                star               model                 age                mass             lg_mdot           (r-rl)/rl          last photo
                   1               19931     5.732619743E+09     1.974585137E-01    -9.900000000E+01    -9.510489887E-01        photos1/x900
      19931   7.319268  1.832E+04   0.363537   0.363538   0.197459   0.006186   0.000000   0.011795   0.127026   0.009803  22.954617   2819     40
   2.714922   5.128820  -1.075966 -27.622354  -0.809033 -99.000000   0.191273   0.980012   0.001635   0.004710   0.970079   1.444076      2      0
 5.7326E+09  21.042831  -0.146682  -5.788046   3.552858  -8.623650   0.000000   0.000103   0.002146  1.999E-02  2.012E-02  0.254E-09    varcontrol
                            surface ca40    9.9313110865985303D-06
                              surface h1        0.8682641783858590
              log_total_angular_momentum       46.6400046040437033

reduce dt because of varcontrol   19931
 star_1_spin_period/binary_period  0.33064644253461878       0.62065719305704714        1.8771022857506297     
 normal tolerance
 element diffusion on 
save LOGS1/profile132.data for model 19931
                star               model                 age                mass             lg_mdot           (r-rl)/rl          last photo
                   1               19932     5.732620251E+09     1.974585137E-01    -9.900000000E+01    -9.509742267E-01        photos1/x900
      19932   7.319255  1.832E+04   0.370634   0.370635   0.197459   0.006186   0.000000   0.011795   0.127050   0.009803  22.954605   2819     40
   2.706319   5.128801  -1.075304 -27.622986  -0.801767 -99.000000   0.191273   0.980012   0.001635   0.004711   0.970079   1.444095      2      0
 5.7326E+09  21.042799  -0.145322  -5.778294   3.552894  -8.625025   0.000000   0.000103   0.002146  1.999E-02  2.012E-02  0.259E-09    varcontrol
                            surface ca40    9.9339675246223003D-06
                              surface h1        0.8682389658493462
              log_total_angular_momentum       46.6400046040437104

reduce dt because of varcontrol   19932
 star_1_spin_period/binary_period  0.27663608827464725       0.51927423350004343        1.8771022853117501     
 normal tolerance
 element diffusion on 
save LOGS1/profile133.data for model 19932
                star               model                 age                mass             lg_mdot           (r-rl)/rl          last photo
                   1               19933     5.732620750E+09     1.974585137E-01    -9.900000000E+01    -9.508993478E-01        photos1/x900
      19933   7.319243  1.832E+04   0.377774   0.377774   0.197459   0.006186   0.000000   0.011795   0.127076   0.009803  22.954592   2819     40
   2.697747   5.128781  -1.074641 -27.623618  -0.794460 -99.000000   0.191273   0.980012   0.001635   0.004712   0.970079   1.444114      2      0
 5.7326E+09  21.042768  -0.143981  -5.768494   3.552911  -8.626403   0.000000   0.000103   0.002146  1.999E-02  2.012E-02  0.265E-09    varcontrol
                            surface ca40    9.9367842378432626D-06
                              surface h1        0.8682120411410572
              log_total_angular_momentum       46.6400046040437104

reduce dt because of varcontrol   19933
 star_1_spin_period/binary_period  0.27665135203023056       0.51930288501148403        1.8771022848814354     
 normal tolerance
 element diffusion on 
save LOGS1/profile134.data for model 19933
                star               model                 age                mass             lg_mdot           (r-rl)/rl          last photo
                   1               19934     5.732621239E+09     1.974585137E-01    -9.900000000E+01    -9.508247212E-01        photos1/x900
      19934   7.319231  1.832E+04   0.384953   0.384953   0.197459   0.006186   0.000000   0.011795   0.127114   0.009803  22.954580   2819     40
   2.688961   5.128762  -1.073981 -27.624252  -0.787116 -99.000000   0.191273   0.980012   0.001635   0.004713   0.970079   1.444133      2      0
 5.7326E+09  21.042736  -0.142659  -5.758650   3.552915  -8.627769   0.000000   0.000103   0.002146  1.999E-02  2.012E-02  0.269E-09    varcontrol
                            surface ca40    9.9408018689814590D-06
                              surface h1        0.8681724591970742
              log_total_angular_momentum       46.6400046040437104

reduce dt because of varcontrol   19934
 star_1_spin_period/binary_period  0.27715850192398550       0.52025485711894881        1.8771022844597269     
 normal tolerance
 element diffusion on 
save LOGS1/profile135.data for model 19934
                star               model                 age                mass             lg_mdot           (r-rl)/rl          last photo
                   1               19935     5.732621718E+09     1.974585137E-01    -9.900000000E+01    -9.507501337E-01        photos1/x900
      19935   7.319219  1.832E+04   0.392173   0.392173   0.197459   0.006186   0.000000   0.011795   0.127153   0.009803  22.954568   2819     40
   2.680390   5.128742  -1.073323 -27.624887  -0.779733 -99.000000   0.191273   0.980012   0.001635   0.004715   0.970079   1.444152      2      0
 5.7326E+09  21.042704  -0.141356  -5.748758   3.552902  -8.629131   0.000000   0.000103   0.002146  1.999E-02  2.012E-02  0.275E-09    varcontrol
                            surface ca40    9.9448630642306311D-06
                              surface h1        0.8681324569752729
              log_total_angular_momentum       46.6400046040437104

reduce dt because of varcontrol   19935
 star_1_spin_period/binary_period  0.27777192831116293       0.52140632107681473        1.8771022840462483     
 normal tolerance
 element diffusion on 
save LOGS1/profile136.data for model 19935
                star               model                 age                mass             lg_mdot           (r-rl)/rl          last photo
                   1               19936     5.732622188E+09     1.974585137E-01    -9.900000000E+01    -9.506755337E-01        photos1/x900
      19936   7.319206  1.832E+04   0.399444   0.399444   0.197459   0.006186   0.000000   0.011795   0.127191   0.009803  22.954555   2819     40
   2.672162   5.128722  -1.072666 -27.625524  -0.772301 -99.000000   0.191273   0.980012   0.001635   0.004716   0.970079   1.444172      2      0
 5.7326E+09  21.042671  -0.140070  -5.738806   3.552875  -8.630490   0.000000   0.000103   0.002146  1.999E-02  2.012E-02  0.280E-09    varcontrol
                            surface ca40    9.9489140819990664D-06
                              surface h1        0.8680925725973225
              log_total_angular_momentum       46.6400046040437104

reduce dt because of varcontrol   19936
 star_1_spin_period/binary_period  0.27842815072179078       0.52263811754967970        1.8771022836405178     
 normal tolerance
 element diffusion on 
save LOGS1/profile137.data for model 19936
                star               model                 age                mass             lg_mdot           (r-rl)/rl          last photo
                   1               19937     5.732622649E+09     1.974585137E-01    -9.900000000E+01    -9.506009387E-01        photos1/x900
      19937   7.319194  1.832E+04   0.406760   0.406760   0.197459   0.006186   0.000000   0.011795   0.127229   0.009803  22.954543   2819     40
   2.663783   5.128703  -1.072009 -27.626163  -0.764826 -99.000000   0.191273   0.980012   0.001635   0.004718   0.970079   1.444191      2      0
 5.7326E+09  21.042639  -0.138803  -5.728802   3.552831  -8.631846   0.000000   0.000103   0.002146  1.999E-02  2.012E-02  0.285E-09    varcontrol
                            surface ca40    9.9529386074898561D-06
                              surface h1        0.8680529621131009
              log_total_angular_momentum       46.6400046040437033

reduce dt because of varcontrol   19937
 star_1_spin_period/binary_period  0.27910967656088109       0.52391741114751433        1.8771022832425313     
 normal tolerance
 element diffusion on 
save LOGS1/profile138.data for model 19937
                star               model                 age                mass             lg_mdot           (r-rl)/rl          last photo
                   1               19938     5.732623101E+09     1.974585137E-01    -9.900000000E+01    -9.505263844E-01        photos1/x900
      19938   7.319182  1.832E+04   0.414130   0.414131   0.197459   0.006186   0.000000   0.011795   0.127267   0.009803  22.954530   2819     40
   2.655316   5.128683  -1.071354 -27.626803  -0.757299 -99.000000   0.191273   0.980012   0.001635   0.004719   0.970079   1.444210      2      0
 5.7326E+09  21.042607  -0.137555  -5.718734   3.552770  -8.633202   0.000000   0.000103   0.002146  1.999E-02  2.012E-02  0.291E-09    varcontrol
                            surface ca40    9.9569255205540787D-06
                              surface h1        0.8680137341444557
              log_total_angular_momentum       46.6400046040437033

reduce dt because of varcontrol   19938
 star_1_spin_period/binary_period  0.27981376480633607       0.52523905669144677        1.8771022828522170     
 normal tolerance
 element diffusion on 
save LOGS1/profile139.data for model 19938
                star               model                 age                mass             lg_mdot           (r-rl)/rl          last photo
                   1               19939     5.732623544E+09     1.974585137E-01    -9.900000000E+01    -9.504518713E-01        photos1/x900
      19939   7.319169  1.832E+04   0.421542   0.421543   0.197459   0.006186   0.000000   0.011795   0.127305   0.009802  22.954518   2819     40
   2.646798   5.128663  -1.070701 -27.627446  -0.749733 -99.000000   0.191273   0.980012   0.001635   0.004720   0.970079   1.444230      2      0
 5.7326E+09  21.042574  -0.136326  -5.708618   3.552692  -8.634555   0.000000   0.000103   0.002146  1.999E-02  2.012E-02  0.296E-09    varcontrol
                            surface ca40    9.9608684379747439D-06
                              surface h1        0.8679749505850298
              log_total_angular_momentum       46.6400046040437033

reduce dt because of varcontrol   19939
 star_1_spin_period/binary_period  0.28052824375268481       0.52658020664531746        1.8771022824694734     
 normal tolerance
 element diffusion on 
save LOGS1/profile140.data for model 19939
                star               model                 age                mass             lg_mdot           (r-rl)/rl          last photo
                   1               19940     5.732623979E+09     1.974585137E-01    -9.900000000E+01    -9.503774028E-01        photos1/x900

__________________________________________________________________________________________________________________________________________________

       step    lg_Tcntr    Teff       lg_LH     lg_Lnuc     Mass       H_rich     H_cntr     N_cntr     Y_surf     X_avg     eta_cntr  zones retry
   lg_dt_yr    lg_Dcntr    lg_R       lg_L3a    lg_Lneu     lg_Mdot    He_core    He_cntr    O_cntr     Z_surf     Y_avg     gam_cntr  iters bckup
     age_yr    lg_Pcntr    lg_L       lg_LZ     lg_Psurf    lg_Dsurf   C_core     C_cntr     Ne_cntr    Z_cntr     Z_avg     v_div_cs     dt_limit
__________________________________________________________________________________________________________________________________________________

      19940   7.319157  1.832E+04   0.429006   0.429007   0.197459   0.006186   0.000000   0.011795   0.127342   0.009802  22.954505   2819     40
   2.638263   5.128643  -1.070049 -27.628090  -0.742116 -99.000000   0.191273   0.980012   0.001635   0.004722   0.970079   1.444249      2      0
 5.7326E+09  21.042542  -0.135118  -5.698441   3.552597  -8.635903   0.000000   0.000103   0.002146  1.999E-02  2.012E-02  0.302E-09    varcontrol
                            surface ca40    9.9647633543233859D-06
                              surface h1        0.8679366500829202
              log_total_angular_momentum       46.6400046040437033

reduce dt because of varcontrol   19940
 star_1_spin_period/binary_period  0.28125281631722548       0.52794030335447506        1.8771022820941656     
 normal tolerance
 element diffusion on 
save LOGS1/profile141.data for model 19940
                star               model                 age                mass             lg_mdot           (r-rl)/rl          last photo
                   1               19941     5.732624405E+09     1.974585137E-01    -9.900000000E+01    -9.503029893E-01        photos1/x900
      19941   7.319144  1.832E+04   0.436519   0.436520   0.197459   0.006186   0.000000   0.011795   0.127378   0.009802  22.954492   2823     40
   2.629704   5.128624  -1.069398 -27.628736  -0.734452 -99.000000   0.191273   0.980012   0.001635   0.004723   0.970080   1.444269      2      0
 5.7326E+09  21.042509  -0.133928  -5.688207   3.552486  -8.637252   0.000000   0.000103   0.002146  1.999E-02  2.012E-02  0.308E-09    varcontrol
                            surface ca40    9.9686080975983854D-06
                              surface h1        0.8678988528582057
              log_total_angular_momentum       46.6400046040437033

reduce dt because of varcontrol   19941
 star_1_spin_period/binary_period  0.28198625880553552       0.52931704981929784        1.8771022817261729     
 normal tolerance
 element diffusion on 
save LOGS1/profile142.data for model 19941
                star               model                 age                mass             lg_mdot           (r-rl)/rl          last photo
                   1               19942     5.732624823E+09     1.974585137E-01    -9.900000000E+01    -9.502286488E-01        photos1/x900
      19942   7.319132  1.832E+04   0.444084   0.444084   0.197459   0.006186   0.000000   0.011795   0.127414   0.009802  22.954479   2821     40
   2.621077   5.128604  -1.068749 -27.629383  -0.726739 -99.000000   0.191273   0.980012   0.001635   0.004725   0.970080   1.444288      2      0
 5.7326E+09  21.042477  -0.132760  -5.677911   3.552357  -8.638594   0.000000   0.000103   0.002146  1.999E-02  2.012E-02  0.314E-09    varcontrol
                            surface ca40    9.9724014226079197D-06
                              surface h1        0.8678615697857376
              log_total_angular_momentum       46.6400046040437033

reduce dt because of varcontrol   19942
 star_1_spin_period/binary_period  0.28272737871985154       0.53070820759949489        1.8771022813654077     
 normal tolerance
 element diffusion on 
save LOGS1/profile143.data for model 19942
                star               model                 age                mass             lg_mdot           (r-rl)/rl          last photo
                   1               19943     5.732625233E+09     1.974585137E-01    -9.900000000E+01    -9.501543809E-01        photos1/x900
      19943   7.319119  1.831E+04   0.451697   0.451698   0.197459   0.006186   0.000000   0.011795   0.127449   0.009802  22.954467   2821     40
   2.612447   5.128584  -1.068101 -27.630033  -0.718979 -99.000000   0.191273   0.980012   0.001635   0.004726   0.970080   1.444308      2      0
 5.7326E+09  21.042444  -0.131612  -5.667559   3.552211  -8.639937   0.000000   0.000103   0.002146  1.999E-02  2.012E-02  0.320E-09    varcontrol
                            surface ca40    9.9761418893677977D-06
                              surface h1        0.8678248146137975
              log_total_angular_momentum       46.6400046040436962

reduce dt because of varcontrol   19943
 star_1_spin_period/binary_period  0.28347592075858952       0.53211329746784874        1.8771022810117297     
 normal tolerance
 element diffusion on 
save LOGS1/profile144.data for model 19943
                star               model                 age                mass             lg_mdot           (r-rl)/rl          last photo
                   1               19944     5.732625635E+09     1.974585137E-01    -9.900000000E+01    -9.500801907E-01        photos1/x900
      19944   7.319106  1.831E+04   0.459365   0.459365   0.197459   0.006186   0.000000   0.011795   0.127484   0.009802  22.954454   2821     40
   2.603864   5.128563  -1.067455 -27.630684  -0.711167 -99.000000   0.191273   0.980012   0.001635   0.004727   0.970080   1.444328      2      0
 5.7326E+09  21.042411  -0.130485  -5.657143   3.552048  -8.641276   0.000000   0.000103   0.002146  1.999E-02  2.012E-02  0.326E-09    varcontrol
                            surface ca40    9.9798288598139397D-06
                              surface h1        0.8677885932708038
              log_total_angular_momentum       46.6400046040436962

reduce dt because of varcontrol   19944
 star_1_spin_period/binary_period  0.28423051358498230       0.53352974528494446        1.8771022806649644     
 normal tolerance
 element diffusion on 
save LOGS1/profile145.data for model 19944
                star               model                 age                mass             lg_mdot           (r-rl)/rl          last photo
                   1               19945     5.732626028E+09     1.974585137E-01    -9.900000000E+01    -9.500060646E-01        photos1/x900
      19945   7.319094  1.831E+04   0.467086   0.467086   0.197459   0.006186   0.000000   0.011795   0.127519   0.009802  22.954441   2821     40
   2.595295   5.128543  -1.066811 -27.631337  -0.703303 -99.000000   0.191273   0.980012   0.001635   0.004728   0.970080   1.444347      2      0
 5.7326E+09  21.042378  -0.129379  -5.646663   3.551866  -8.642614   0.000000   0.000103   0.002146  1.999E-02  2.012E-02  0.332E-09    varcontrol
                            surface ca40    9.9834624803373220D-06
                              surface h1        0.8677529034582055
              log_total_angular_momentum       46.6400046040436962

reduce dt because of varcontrol   19945
 star_1_spin_period/binary_period  0.28499110275723516       0.53495744885793239        1.8771022803249644     
 normal tolerance
 element diffusion on 
save LOGS1/profile146.data for model 19945
                star               model                 age                mass             lg_mdot           (r-rl)/rl          last photo
                   1               19946     5.732626415E+09     1.974585137E-01    -9.900000000E+01    -9.499320158E-01        photos1/x900
      19946   7.319081  1.831E+04   0.474864   0.474864   0.197459   0.006186   0.000000   0.011795   0.127553   0.009802  22.954428   2821     40
   2.586718   5.128523  -1.066168 -27.631992  -0.695385 -99.000000   0.191273   0.980012   0.001635   0.004730   0.970080   1.444367      2      0
 5.7326E+09  21.042345  -0.128295  -5.636116   3.551666  -8.643951   0.000000   0.000103   0.002146  1.999E-02  2.012E-02  0.338E-09    varcontrol
                            surface ca40    9.9870429277434703D-06
                              surface h1        0.8677177426252574
              log_total_angular_momentum       46.6400046040436962

reduce dt because of varcontrol   19946
 star_1_spin_period/binary_period  0.28575720823947415       0.53639550711035222        1.8771022799916028     
 normal tolerance
 element diffusion on 
save LOGS1/profile147.data for model 19946
                star               model                 age                mass             lg_mdot           (r-rl)/rl          last photo
                   1               19947     5.732626793E+09     1.974585137E-01    -9.900000000E+01    -9.498580452E-01        photos1/x900
      19947   7.319068  1.831E+04   0.482699   0.482699   0.197459   0.006186   0.000000   0.011795   0.127586   0.009802  22.954415   2824     40
   2.578119   5.128503  -1.065527 -27.632649  -0.687412 -99.000000   0.191273   0.980012   0.001635   0.004731   0.970080   1.444387      2      0
 5.7326E+09  21.042312  -0.127232  -5.625500   3.551448  -8.645284   0.000000   0.000103   0.002146  1.999E-02  2.012E-02  0.345E-09    varcontrol
                            surface ca40    9.9905703194463636D-06
                              surface h1        0.8676831089092214
              log_total_angular_momentum       46.6400046040436962

reduce dt because of varcontrol   19947
 star_1_spin_period/binary_period  0.28652765608833286       0.53784171643041212        1.8771022796647678     
 normal tolerance
 element diffusion on 
save LOGS1/profile148.data for model 19947
                star               model                 age                mass             lg_mdot           (r-rl)/rl          last photo
                   1               19948     5.732627164E+09     1.974585137E-01    -9.900000000E+01    -9.497841611E-01        photos1/x900
      19948   7.319056  1.830E+04   0.490592   0.490592   0.197459   0.006186   0.000000   0.011795   0.127619   0.009802  22.954402   2823     40
   2.569467   5.128483  -1.064887 -27.633309  -0.679381 -99.000000   0.191273   0.980012   0.001635   0.004732   0.970080   1.444407      2      0
 5.7326E+09  21.042279  -0.126191  -5.614815   3.551210  -8.646617   0.000000   0.000103   0.002146  1.999E-02  2.012E-02  0.351E-09    varcontrol
                            surface ca40    9.9940448069046969D-06
                              surface h1        0.8676490000296834
              log_total_angular_momentum       46.6400046040436962

reduce dt because of varcontrol   19948
 star_1_spin_period/binary_period  0.28730191046714215       0.53929507099786500        1.8771022793443710     
 normal tolerance
 element diffusion on 
save LOGS1/profile149.data for model 19948
                star               model                 age                mass             lg_mdot           (r-rl)/rl          last photo
                   1               19949     5.732627528E+09     1.974585137E-01    -9.900000000E+01    -9.497103911E-01        photos1/x900
      19949   7.319043  1.830E+04   0.498544   0.498544   0.197459   0.006186   0.000000   0.011795   0.127651   0.009802  22.954389   2823     40
   2.560782   5.128462  -1.064250 -27.633970  -0.671295 -99.000000   0.191273   0.980012   0.001635   0.004733   0.970080   1.444427      2      0
 5.7326E+09  21.042245  -0.125173  -5.604060   3.550955  -8.647946   0.000000   0.000103   0.002146  1.999E-02  2.012E-02  0.358E-09    varcontrol
                            surface ca40    9.9974663249968238D-06
                              surface h1        0.8676154162118042
              log_total_angular_momentum       46.6400046040436891

reduce dt because of varcontrol   19949
 star_1_spin_period/binary_period  0.28808055160625179       0.54075665996440359        1.8771022790303080     
 normal tolerance
 element diffusion on 
save LOGS1/profile150.data for model 19949
                star               model                 age                mass             lg_mdot           (r-rl)/rl          last photo
                   1               19950     5.732627885E+09     1.974585137E-01    -9.900000000E+01    -9.496367097E-01        photos1/x900

__________________________________________________________________________________________________________________________________________________

       step    lg_Tcntr    Teff       lg_LH     lg_Lnuc     Mass       H_rich     H_cntr     N_cntr     Y_surf     X_avg     eta_cntr  zones retry
   lg_dt_yr    lg_Dcntr    lg_R       lg_L3a    lg_Lneu     lg_Mdot    He_core    He_cntr    O_cntr     Z_surf     Y_avg     gam_cntr  iters bckup
     age_yr    lg_Pcntr    lg_L       lg_LZ     lg_Psurf    lg_Dsurf   C_core     C_cntr     Ne_cntr    Z_cntr     Z_avg     v_div_cs     dt_limit
__________________________________________________________________________________________________________________________________________________

      19950   7.319030  1.830E+04   0.506556   0.506556   0.197459   0.006186   0.000000   0.011795   0.127683   0.009802  22.954375   2824     40
   2.552146   5.128442  -1.063614 -27.634633  -0.663150 -99.000000   0.191273   0.980012   0.001635   0.004735   0.970080   1.444447      2      0
 5.7326E+09  21.042212  -0.124177  -5.593233   3.550680  -8.649275   0.000000   0.000103   0.002146  1.999E-02  2.012E-02  0.365E-09    varcontrol
                            surface ca40    1.0000834709599543D-05
                              surface h1        0.8675823592292489
              log_total_angular_momentum       46.6400046040436891

reduce dt because of varcontrol   19950
 star_1_spin_period/binary_period  0.28886324827348392       0.54222586157331654        1.8771022787224192     
 normal tolerance
 element diffusion on 
save LOGS1/profile151.data for model 19950
save photos1/x950 for model 19950
                star               model                 age                mass             lg_mdot           (r-rl)/rl          last photo
                   1               19951     5.732628234E+09     1.974585137E-01    -9.900000000E+01    -9.495631379E-01        photos1/x950
      19951   7.319017  1.829E+04   0.514634   0.514635   0.197459   0.006186   0.000000   0.011795   0.127715   0.009802  22.954362   2825     40
   2.543490   5.128421  -1.062980 -27.635299  -0.654941 -99.000000   0.191273   0.980012   0.001635   0.004736   0.970080   1.444467      2      0
 5.7326E+09  21.042178  -0.123203  -5.582325   3.550387  -8.650600   0.000000   0.000103   0.002146  1.999E-02  2.012E-02  0.371E-09    varcontrol
                            surface ca40    1.0004150816297967D-05
                              surface h1        0.8675498198329575
              log_total_angular_momentum       46.6400046040436891

reduce dt because of varcontrol   19951
 star_1_spin_period/binary_period  0.28964741017124551       0.54369781357107050        1.8771022784205982     
 normal tolerance
 element diffusion on 
save LOGS1/profile152.data for model 19951
                star               model                 age                mass             lg_mdot           (r-rl)/rl          last photo
                   1               19952     5.732628577E+09     1.974585137E-01    -9.900000000E+01    -9.494896735E-01        photos1/x950
      19952   7.319004  1.829E+04   0.522771   0.522772   0.197459   0.006186   0.000000   0.011795   0.127745   0.009802  22.954349   2825     40
   2.534793   5.128401  -1.062348 -27.635967  -0.646675 -99.000000   0.191273   0.980012   0.001635   0.004737   0.970080   1.444487      2      0
 5.7326E+09  21.042145  -0.122254  -5.571348   3.550073  -8.651925   0.000000   0.000103   0.002146  1.999E-02  2.012E-02  0.378E-09    varcontrol
                            surface ca40    1.0007415006852731D-05
                              surface h1        0.8675177939318944
              log_total_angular_momentum       46.6400046040436891

reduce dt because of varcontrol   19952
 star_1_spin_period/binary_period  0.29043585019793472       0.54517779605564265        1.8771022781247528     
 normal tolerance
 element diffusion on 
save LOGS1/profile153.data for model 19952
                star               model                 age                mass             lg_mdot           (r-rl)/rl          last photo
                   1               19953     5.732628912E+09     1.974585137E-01    -9.900000000E+01    -9.494163234E-01        photos1/x950
      19953   7.318991  1.829E+04   0.530976   0.530977   0.197459   0.006186   0.000000   0.011795   0.127776   0.009802  22.954335   2825     40
   2.526091   5.128380  -1.061718 -27.636637  -0.638343 -99.000000   0.191273   0.980012   0.001635   0.004738   0.970080   1.444507      2      0
 5.7326E+09  21.042111  -0.121327  -5.560288   3.549741  -8.653248   0.000000   0.000103   0.002146  1.999E-02  2.012E-02  0.385E-09    varcontrol
                            surface ca40    1.0010627384032222D-05
                              surface h1        0.8674862803666176
              log_total_angular_momentum       46.6400046040436891

reduce dt because of varcontrol   19953
 star_1_spin_period/binary_period  0.29122692044556892       0.54666271573518188        1.8771022778347672     
 normal tolerance
 element diffusion on 
save LOGS1/profile154.data for model 19953
                star               model                 age                mass             lg_mdot           (r-rl)/rl          last photo
                   1               19954     5.732629242E+09     1.974585137E-01    -9.900000000E+01    -9.493430943E-01        photos1/x950
      19954   7.318978  1.828E+04   0.539247   0.539247   0.197459   0.006186   0.000000   0.011795   0.127806   0.009802  22.954322   2825     40
   2.517391   5.128359  -1.061089 -27.637309  -0.629948 -99.000000   0.191273   0.980012   0.001635   0.004739   0.970080   1.444528      2      0
 5.7326E+09  21.042077  -0.120425  -5.549149   3.549388  -8.654569   0.000000   0.000103   0.002146  1.999E-02  2.012E-02  0.393E-09    varcontrol
                            surface ca40    1.0013788401295478D-05
                              surface h1        0.8674552743968559
              log_total_angular_momentum       46.6400046040436891

reduce dt because of varcontrol   19954
 star_1_spin_period/binary_period  0.29202020609607243       0.54815179395371116        1.8771022775505248     
 normal tolerance
 element diffusion on 
save LOGS1/profile155.data for model 19954
                star               model                 age                mass             lg_mdot           (r-rl)/rl          last photo
                   1               19955     5.732629564E+09     1.974585137E-01    -9.900000000E+01    -9.492699757E-01        photos1/x950
      19955   7.318965  1.828E+04   0.547588   0.547589   0.197459   0.006186   0.000000   0.011795   0.127835   0.009802  22.954308   2828     40
   2.508706   5.128338  -1.060463 -27.637984  -0.621483 -99.000000   0.191273   0.980012   0.001635   0.004740   0.970080   1.444548      2      0
 5.7326E+09  21.042043  -0.119546  -5.537924   3.549015  -8.655891   0.000000   0.000103   0.002146  1.999E-02  2.012E-02  0.400E-09    varcontrol
                            surface ca40    1.0016898440583427D-05
                              surface h1        0.8674247721153120
              log_total_angular_momentum       46.6400046040436820

reduce dt because of varcontrol   19955
 star_1_spin_period/binary_period  0.29281548846365713       0.54964462021561533        1.8771022772719024     
 normal tolerance
 element diffusion on 
save LOGS1/profile156.data for model 19955
                star               model                 age                mass             lg_mdot           (r-rl)/rl          last photo
                   1               19956     5.732629880E+09     1.974585137E-01    -9.900000000E+01    -9.491969863E-01        photos1/x950
      19956   7.318952  1.828E+04   0.555998   0.555998   0.197459   0.006186   0.000000   0.011795   0.127864   0.009801  22.954295   2826     40
   2.499968   5.128318  -1.059839 -27.638662  -0.612953 -99.000000   0.191273   0.980012   0.001635   0.004741   0.970080   1.444569      2      0
 5.7326E+09  21.042009  -0.118692  -5.526617   3.548622  -8.657211   0.000000   0.000103   0.002146  1.999E-02  2.012E-02  0.407E-09    varcontrol
                            surface ca40    1.0019958310351653D-05
                              surface h1        0.8673947648519504
              log_total_angular_momentum       46.6400046040436820

reduce dt because of varcontrol   19956
 star_1_spin_period/binary_period  0.29361289180615124       0.55114142776553499        1.8771022769988213     
 normal tolerance
 element diffusion on 
save LOGS1/profile157.data for model 19956
                star               model                 age                mass             lg_mdot           (r-rl)/rl          last photo
                   1               19957     5.732630190E+09     1.974585137E-01    -9.900000000E+01    -9.491241311E-01        photos1/x950
      19957   7.318939  1.827E+04   0.564481   0.564481   0.197459   0.006186   0.000000   0.011795   0.127892   0.009801  22.954281   2827     40
   2.491215   5.128297  -1.059216 -27.639342  -0.604350 -99.000000   0.191273   0.980012   0.001635   0.004742   0.970080   1.444589      2      0
 5.7326E+09  21.041974  -0.117863  -5.515219   3.548207  -8.658529   0.000000   0.000103   0.002146  1.999E-02  2.012E-02  0.415E-09    varcontrol
                            surface ca40    1.0022968140461877D-05
                              surface h1        0.8673652512736486
              log_total_angular_momentum       46.6400046040436820

reduce dt because of varcontrol   19957
 star_1_spin_period/binary_period  0.29441186469751129       0.55264118152037112        1.8771022767311816     
 normal tolerance
 element diffusion on 
save LOGS1/profile158.data for model 19957
                star               model                 age                mass             lg_mdot           (r-rl)/rl          last photo
                   1               19958     5.732630494E+09     1.974585137E-01    -9.900000000E+01    -9.490514064E-01        photos1/x950
      19958   7.318926  1.827E+04   0.573040   0.573040   0.197459   0.006186   0.000000   0.011795   0.127920   0.009801  22.954268   2827     40
   2.482468   5.128275  -1.058596 -27.640025  -0.595674 -99.000000   0.191273   0.980012   0.001635   0.004743   0.970081   1.444610      2      0
 5.7326E+09  21.041940  -0.117059  -5.503729   3.547772  -8.659847   0.000000   0.000103   0.002146  1.999E-02  2.012E-02  0.423E-09    varcontrol
                            surface ca40    1.0025928289880968D-05
                              surface h1        0.8673362277647778
              log_total_angular_momentum       46.6400046040436820

reduce dt because of varcontrol   19958
 star_1_spin_period/binary_period  0.29521111110793391       0.55414144869960769        1.8771022764688712     
 normal tolerance
 element diffusion on 
save LOGS1/profile159.data for model 19958
                star               model                 age                mass             lg_mdot           (r-rl)/rl          last photo
                   1               19959     5.732630792E+09     1.974585137E-01    -9.900000000E+01    -9.489788194E-01        photos1/x950
      19959   7.318912  1.826E+04   0.581674   0.581674   0.197459   0.006186   0.000000   0.011795   0.127948   0.009801  22.954254   2827     40
   2.473682   5.128254  -1.057978 -27.640710  -0.586924 -99.000000   0.191273   0.980012   0.001635   0.004744   0.970081   1.444631      2      0
 5.7326E+09  21.041905  -0.116280  -5.492147   3.547315  -8.661164   0.000000   0.000103   0.002146  1.999E-02  2.012E-02  0.431E-09    varcontrol
                            surface ca40    1.0028839433064347D-05
                              surface h1        0.8673076872140343
              log_total_angular_momentum       46.6400046040436820

reduce dt because of varcontrol   19959
 star_1_spin_period/binary_period  0.29601122935310498       0.55564335240296803        1.8771022762118048     
 normal tolerance
 element diffusion on 
save LOGS1/profile160.data for model 19959
                star               model                 age                mass             lg_mdot           (r-rl)/rl          last photo
                   1               19960     5.732631083E+09     1.974585137E-01    -9.900000000E+01    -9.489063801E-01        photos1/x950

__________________________________________________________________________________________________________________________________________________

       step    lg_Tcntr    Teff       lg_LH     lg_Lnuc     Mass       H_rich     H_cntr     N_cntr     Y_surf     X_avg     eta_cntr  zones retry
   lg_dt_yr    lg_Dcntr    lg_R       lg_L3a    lg_Lneu     lg_Mdot    He_core    He_cntr    O_cntr     Z_surf     Y_avg     gam_cntr  iters bckup
     age_yr    lg_Pcntr    lg_L       lg_LZ     lg_Psurf    lg_Dsurf   C_core     C_cntr     Ne_cntr    Z_cntr     Z_avg     v_div_cs     dt_limit
__________________________________________________________________________________________________________________________________________________

      19960   7.318899  1.826E+04   0.590387   0.590387   0.197459   0.006186   0.000000   0.011795   0.127975   0.009801  22.954240   2827     40
   2.464890   5.128233  -1.057361 -27.641399  -0.578098 -99.000000   0.191273   0.980012   0.001635   0.004745   0.970081   1.444651      2      0
 5.7326E+09  21.041871  -0.115527  -5.480469   3.546836  -8.662481   0.000000   0.000103   0.002146  1.999E-02  2.012E-02  0.439E-09    varcontrol
                            surface ca40    1.0031701830771328D-05
                              surface h1        0.8672796270277845
              log_total_angular_momentum       46.6400046040436820

reduce dt because of varcontrol   19960
 star_1_spin_period/binary_period  0.29681342136139949       0.55714914877292321        1.8771022759598845     
 normal tolerance
 element diffusion on 
save LOGS1/profile161.data for model 19960
                star               model                 age                mass             lg_mdot           (r-rl)/rl          last photo
                   1               19961     5.732631369E+09     1.974585137E-01    -9.900000000E+01    -9.488340815E-01        photos1/x950
      19961   7.318886  1.825E+04   0.599180   0.599180   0.197459   0.006186   0.000000   0.011795   0.128002   0.009801  22.954226   2827     40
   2.456095   5.128212  -1.056747 -27.642090  -0.569193 -99.000000   0.191273   0.980012   0.001635   0.004746   0.970081   1.444672      2      0
 5.7326E+09  21.041836  -0.114801  -5.468694   3.546336  -8.663794   0.000000   0.000103   0.002146  1.999E-02  2.012E-02  0.447E-09    varcontrol
                            surface ca40    1.0034515972638656D-05
                              surface h1        0.8672520422405866
              log_total_angular_momentum       46.6400046040436749

reduce dt because of varcontrol   19961
 star_1_spin_period/binary_period  0.29761682774508141       0.55865722465077816        1.8771022757130067     
 normal tolerance
 element diffusion on 
save LOGS1/profile162.data for model 19961
                star               model                 age                mass             lg_mdot           (r-rl)/rl          last photo
                   1               19962     5.732631649E+09     1.974585137E-01    -9.900000000E+01    -9.487619460E-01        photos1/x950
      19962   7.318872  1.825E+04   0.608063   0.608064   0.197459   0.006186   0.000000   0.011795   0.128028   0.009801  22.954212   2831     40
   2.447282   5.128190  -1.056135 -27.642784  -0.560199 -99.000000   0.191273   0.980012   0.001635   0.004747   0.970081   1.444693      2      0
 5.7326E+09  21.041801  -0.114101  -5.456811   3.545814  -8.665111   0.000000   0.000103   0.002146  1.999E-02  2.012E-02  0.455E-09    varcontrol
                            surface ca40    1.0037282433411022D-05
                              surface h1        0.8672249269458974
              log_total_angular_momentum       46.6400046040436749

reduce dt because of varcontrol   19962
 star_1_spin_period/binary_period  0.29842099781825582       0.56016673405299844        1.8771022754710811     
 normal tolerance
 element diffusion on 
save LOGS1/profile163.data for model 19962
                star               model                 age                mass             lg_mdot           (r-rl)/rl          last photo
                   1               19963     5.732631924E+09     1.974585137E-01    -9.900000000E+01    -9.486899637E-01        photos1/x950
      19963   7.318859  1.824E+04   0.617033   0.617033   0.197459   0.006186   0.000000   0.011795   0.128053   0.009801  22.954198   2828     40
   2.438392   5.128169  -1.055526 -27.643482  -0.551121 -99.000000   0.191273   0.980012   0.001635   0.004748   0.970081   1.444714      2      0
 5.7326E+09  21.041765  -0.113428  -5.444825   3.545268  -8.666426   0.000000   0.000103   0.002146  1.999E-02  2.012E-02  0.464E-09    varcontrol
                            surface ca40    1.0040001813513460D-05
                              surface h1        0.8671982747548116
              log_total_angular_momentum       46.6400046040436749

reduce dt because of varcontrol   19963
 star_1_spin_period/binary_period  0.29922553729359708       0.56167693686194198        1.8771022752340496     
 normal tolerance
 element diffusion on 
save LOGS1/profile164.data for model 19963
                star               model                 age                mass             lg_mdot           (r-rl)/rl          last photo
                   1               19964     5.732632193E+09     1.974585137E-01    -9.900000000E+01    -9.486181510E-01        photos1/x950
      19964   7.318845  1.823E+04   0.626088   0.626088   0.197459   0.006186   0.000000   0.011795   0.128079   0.009801  22.954184   2829     40
   2.429484   5.128147  -1.054918 -27.644183  -0.541959 -99.000000   0.191273   0.980012   0.001635   0.004749   0.970081   1.444736      2      0
 5.7326E+09  21.041730  -0.112784  -5.432736   3.544699  -8.667740   0.000000   0.000103   0.002146  1.999E-02  2.012E-02  0.472E-09    varcontrol
                            surface ca40    1.0042674207612372D-05
                              surface h1        0.8671720848262425
              log_total_angular_momentum       46.6400046040436749

reduce dt because of varcontrol   19964
 star_1_spin_period/binary_period  0.30003050681121574       0.56318794690528340        1.8771022750018245     
 normal tolerance
 element diffusion on 
save LOGS1/profile165.data for model 19964
                star               model                 age                mass             lg_mdot           (r-rl)/rl          last photo
                   1               19965     5.732632456E+09     1.974585137E-01    -9.900000000E+01    -9.485465185E-01        photos1/x950
      19965   7.318831  1.823E+04   0.635240   0.635241   0.197459   0.006186   0.000000   0.011795   0.128104   0.009801  22.954170   2829     40
   2.420560   5.128126  -1.054313 -27.644886  -0.532701 -99.000000   0.191273   0.980012   0.001635   0.004750   0.970081   1.444757      2      0
 5.7326E+09  21.041695  -0.112165  -5.420530   3.544109  -8.669055   0.000000   0.000103   0.002146  1.999E-02  2.012E-02  0.481E-09    varcontrol
                            surface ca40    1.0045300035259019D-05
                              surface h1        0.8671463529487738
              log_total_angular_momentum       46.6400046040436749

reduce dt because of varcontrol   19965
 star_1_spin_period/binary_period  0.30083584501488658       0.56469964901109704        1.8771022747743153     
 normal tolerance
 element diffusion on 
save LOGS1/profile166.data for model 19965
                star               model                 age                mass             lg_mdot           (r-rl)/rl          last photo
                   1               19966     5.732632714E+09     1.974585137E-01    -9.900000000E+01    -9.484750677E-01        photos1/x950
      19966   7.318818  1.822E+04   0.644490   0.644491   0.197459   0.006186   0.000000   0.011795   0.128128   0.009801  22.954155   2829     40
   2.411604   5.128104  -1.053711 -27.645593  -0.523348 -99.000000   0.191273   0.980012   0.001635   0.004751   0.970081   1.444778      2      0
 5.7326E+09  21.041659  -0.111576  -5.408205   3.543494  -8.670368   0.000000   0.000103   0.002146  1.999E-02  2.012E-02  0.490E-09    varcontrol
                            surface ca40    1.0047879829900219D-05
                              surface h1        0.8671210736643110
              log_total_angular_momentum       46.6400046040436749

reduce dt because of varcontrol   19966
 star_1_spin_period/binary_period  0.30163961663993794       0.56620841048965243        1.8771022745514419     
 normal tolerance
 element diffusion on 
save LOGS1/profile167.data for model 19966
                star               model                 age                mass             lg_mdot           (r-rl)/rl          last photo
                   1               19967     5.732632967E+09     1.974585137E-01    -9.900000000E+01    -9.484037832E-01        photos1/x950
      19967   7.318804  1.822E+04   0.653836   0.653836   0.197459   0.006186   0.000000   0.011795   0.128152   0.009801  22.954141   2829     40
   2.402651   5.128082  -1.053110 -27.646304  -0.513901 -99.000000   0.191273   0.980012   0.001635   0.004752   0.970081   1.444800      2      0
 5.7326E+09  21.041623  -0.111016  -5.395765   3.542854  -8.671684   0.000000   0.000103   0.002146  1.999E-02  2.012E-02  0.499E-09    varcontrol
                            surface ca40    1.0050413962362063D-05
                              surface h1        0.8670962433584283
              log_total_angular_momentum       46.6400046040436678

reduce dt because of varcontrol   19967
 star_1_spin_period/binary_period  0.30244510543845066       0.56772039527943319        1.8771022743331105     
 normal tolerance
 element diffusion on 
save LOGS1/profile168.data for model 19967
                star               model                 age                mass             lg_mdot           (r-rl)/rl          last photo
                   1               19968     5.732633214E+09     1.974585137E-01    -9.900000000E+01    -9.483326971E-01        photos1/x950
      19968   7.318790  1.821E+04   0.663283   0.663284   0.197459   0.006186   0.000000   0.011795   0.128175   0.009801  22.954126   2829     40
   2.393639   5.128060  -1.052512 -27.647018  -0.504353 -99.000000   0.191273   0.980012   0.001635   0.004753   0.970081   1.444821      2      0
 5.7326E+09  21.041587  -0.110484  -5.383201   3.542192  -8.672996   0.000000   0.000103   0.002146  1.999E-02  2.012E-02  0.508E-09    varcontrol
                            surface ca40    1.0052903126662166D-05
                              surface h1        0.8670718548302926
              log_total_angular_momentum       46.6400046040436678

reduce dt because of varcontrol   19968
 star_1_spin_period/binary_period  0.30324865538841422       0.56922874065319906        1.8771022741192567     
 normal tolerance
 element diffusion on 
save LOGS1/profile169.data for model 19968
                star               model                 age                mass             lg_mdot           (r-rl)/rl          last photo
                   1               19969     5.732633457E+09     1.974585137E-01    -9.900000000E+01    -9.482617978E-01        photos1/x950
      19969   7.318776  1.820E+04   0.672835   0.672836   0.197459   0.006186   0.000000   0.011795   0.128198   0.009801  22.954112   2829     40
   2.384605   5.128038  -1.051917 -27.647736  -0.494703 -99.000000   0.191273   0.980012   0.001635   0.004754   0.970081   1.444843      2      0
 5.7326E+09  21.041551  -0.109983  -5.370511   3.541503  -8.674311   0.000000   0.000103   0.002146  1.999E-02  2.012E-02  0.518E-09    varcontrol
                            surface ca40    1.0055347564866198D-05
                              surface h1        0.8670479057470946
              log_total_angular_momentum       46.6400046040436678

reduce dt because of varcontrol   19969
 star_1_spin_period/binary_period  0.30405311022628945       0.57073878459511462        1.8771022739097987     
 normal tolerance
 element diffusion on 
save LOGS1/profile170.data for model 19969
                star               model                 age                mass             lg_mdot           (r-rl)/rl          last photo
                   1               19970     5.732633694E+09     1.974585137E-01    -9.900000000E+01    -9.481911024E-01        photos1/x950

__________________________________________________________________________________________________________________________________________________

       step    lg_Tcntr    Teff       lg_LH     lg_Lnuc     Mass       H_rich     H_cntr     N_cntr     Y_surf     X_avg     eta_cntr  zones retry
   lg_dt_yr    lg_Dcntr    lg_R       lg_L3a    lg_Lneu     lg_Mdot    He_core    He_cntr    O_cntr     Z_surf     Y_avg     gam_cntr  iters bckup
     age_yr    lg_Pcntr    lg_L       lg_LZ     lg_Psurf    lg_Dsurf   C_core     C_cntr     Ne_cntr    Z_cntr     Z_avg     v_div_cs     dt_limit
__________________________________________________________________________________________________________________________________________________

      19970   7.318762  1.819E+04   0.682497   0.682497   0.197459   0.006186   0.000000   0.011795   0.128221   0.009801  22.954097   2834     40
   2.375540   5.128015  -1.051324 -27.648458  -0.484945 -99.000000   0.191273   0.980012   0.001635   0.004754   0.970081   1.444865      2      0
 5.7326E+09  21.041514  -0.109511  -5.357688   3.540790  -8.675625   0.000000   0.000103   0.002146  1.999E-02  2.012E-02  0.527E-09    varcontrol
                            surface ca40    1.0057747772594718D-05
                              surface h1        0.8670243911131202
              log_total_angular_momentum       46.6400046040436678

reduce dt because of varcontrol   19970
 star_1_spin_period/binary_period  0.30485778154799670       0.57224923490030377        1.8771022737046621     
 normal tolerance
 element diffusion on 
save LOGS1/profile171.data for model 19970
                star               model                 age                mass             lg_mdot           (r-rl)/rl          last photo
                   1               19971     5.732633926E+09     1.974585137E-01    -9.900000000E+01    -9.481206200E-01        photos1/x950
      19971   7.318748  1.819E+04   0.692270   0.692270   0.197459   0.006186   0.000000   0.011795   0.128243   0.009801  22.954082   2832     40
   2.366319   5.127993  -1.050733 -27.649183  -0.475077 -99.000000   0.191273   0.980012   0.001635   0.004755   0.970081   1.444887      2      0
 5.7326E+09  21.041478  -0.109071  -5.344728   3.540050  -8.676941   0.000000   0.000103   0.002146  1.999E-02  2.012E-02  0.537E-09    varcontrol
                            surface ca40    1.0060104404668784D-05
                              surface h1        0.8670013038254301
              log_total_angular_momentum       46.6400046040436678

reduce dt because of varcontrol   19971
 star_1_spin_period/binary_period  0.30566209820710749       0.57375901946851204        1.8771022735038287     
 normal tolerance
 element diffusion on 
save LOGS1/profile172.data for model 19971
                star               model                 age                mass             lg_mdot           (r-rl)/rl          last photo
                   1               19972     5.732634154E+09     1.974585137E-01    -9.900000000E+01    -9.480503792E-01        photos1/x950
      19972   7.318734  1.818E+04   0.702155   0.702155   0.197459   0.006186   0.000000   0.011795   0.128265   0.009801  22.954067   2832     40
   2.357017   5.127971  -1.050146 -27.649912  -0.465100 -99.000000   0.191273   0.980012   0.001635   0.004756   0.970081   1.444909      2      0
 5.7326E+09  21.041441  -0.108662  -5.331634   3.539286  -8.678257   0.000000   0.000103   0.002146  1.999E-02  2.012E-02  0.547E-09    varcontrol
                            surface ca40    1.0062417338844597D-05
                              surface h1        0.8669786452065674
              log_total_angular_momentum       46.6400046040436678

reduce dt because of varcontrol   19972
 star_1_spin_period/binary_period  0.30646603612266904       0.57526809309732241        1.8771022733072453     
 normal tolerance
 element diffusion on 
save LOGS1/profile173.data for model 19972
                star               model                 age                mass             lg_mdot           (r-rl)/rl          last photo
                   1               19973     5.732634377E+09     1.974585137E-01    -9.900000000E+01    -9.479803698E-01        photos1/x950
      19973   7.318720  1.817E+04   0.712155   0.712155   0.197459   0.006186   0.000000   0.011795   0.128287   0.009800  22.954052   2832     40
   2.347751   5.127948  -1.049561 -27.650645  -0.455009 -99.000000   0.191273   0.980012   0.001635   0.004757   0.970081   1.444931      2      0
 5.7326E+09  21.041404  -0.108284  -5.318400   3.538495  -8.679573   0.000000   0.000103   0.002146  1.999E-02  2.012E-02  0.557E-09    varcontrol
                            surface ca40    1.0064686584688904D-05
                              surface h1        0.8669564156018437
              log_total_angular_momentum       46.6400046040436678

reduce dt because of varcontrol   19973
 star_1_spin_period/binary_period  0.30726869224578390       0.57677476067157440        1.8771022731148048     
 normal tolerance
 element diffusion on 
save LOGS1/profile174.data for model 19973
                star               model                 age                mass             lg_mdot           (r-rl)/rl          last photo
                   1               19974     5.732634595E+09     1.974585137E-01    -9.900000000E+01    -9.479105889E-01        photos1/x950
      19974   7.318706  1.816E+04   0.722279   0.722279   0.197459   0.006186   0.000000   0.011795   0.128308   0.009800  22.954037   2832     40
   2.338486   5.127925  -1.048979 -27.651383  -0.444796 -99.000000   0.191273   0.980012   0.001635   0.004758   0.970081   1.444953      2      0
 5.7326E+09  21.041367  -0.107938  -5.305015   3.537678  -8.680890   0.000000   0.000103   0.002146  1.999E-02  2.012E-02  0.567E-09    varcontrol
                            surface ca40    1.0066912930436317D-05
                              surface h1        0.8669346071228333
              log_total_angular_momentum       46.6400046040436678

reduce dt because of varcontrol   19974
 star_1_spin_period/binary_period  0.30807063236591170       0.57828008423593280        1.8771022729264213     
 normal tolerance
 element diffusion on 
save LOGS1/profile175.data for model 19974
                star               model                 age                mass             lg_mdot           (r-rl)/rl          last photo
                   1               19975     5.732634808E+09     1.974585137E-01    -9.900000000E+01    -9.478410337E-01        photos1/x950
      19975   7.318691  1.815E+04   0.732528   0.732529   0.197459   0.006186   0.000000   0.011795   0.128328   0.009800  22.954022   2832     40
   2.329181   5.127902  -1.048399 -27.652125  -0.434459 -99.000000   0.191273   0.980012   0.001635   0.004758   0.970082   1.444976      2      0
 5.7326E+09  21.041329  -0.107626  -5.291476   3.536832  -8.682208   0.000000   0.000103   0.002146  1.999E-02  2.012E-02  0.578E-09    varcontrol
                            surface ca40    1.0069097022282547D-05
                              surface h1        0.8669132132133194
              log_total_angular_momentum       46.6400046040436607

reduce dt because of varcontrol   19975
 star_1_spin_period/binary_period  0.30887214090715315       0.57978459768351254        1.8771022727420263     
 normal tolerance
 element diffusion on 
save LOGS1/profile176.data for model 19975
                star               model                 age                mass             lg_mdot           (r-rl)/rl          last photo
                   1               19976     5.732635017E+09     1.974585137E-01    -9.900000000E+01    -9.477717352E-01        photos1/x950
      19976   7.318677  1.814E+04   0.742915   0.742915   0.197459   0.006186   0.000000   0.011795   0.128349   0.009800  22.954007   2832     40
   2.319798   5.127879  -1.047822 -27.652871  -0.423987 -99.000000   0.191273   0.980012   0.001635   0.004759   0.970082   1.444998      2      0
 5.7326E+09  21.041291  -0.107347  -5.277770   3.535960  -8.683527   0.000000   0.000103   0.002146  1.999E-02  2.012E-02  0.589E-09    varcontrol
                            surface ca40    1.0071239373095085D-05
                              surface h1        0.8668922286131114
              log_total_angular_momentum       46.6400046040436607

reduce dt because of varcontrol   19976
 star_1_spin_period/binary_period  0.30967263504781456       0.58128720699838154        1.8771022725615671     
 normal tolerance
 element diffusion on 
save LOGS1/profile177.data for model 19976
                star               model                 age                mass             lg_mdot           (r-rl)/rl          last photo
                   1               19977     5.732635221E+09     1.974585137E-01    -9.900000000E+01    -9.477026765E-01        photos1/x950
      19977   7.318662  1.813E+04   0.753432   0.753432   0.197459   0.006186   0.000000   0.011795   0.128368   0.009800  22.953992   2832     40
   2.310373   5.127856  -1.047249 -27.653622  -0.413387 -99.000000   0.191273   0.980012   0.001635   0.004760   0.970082   1.445021      2      0
 5.7326E+09  21.041253  -0.107101  -5.263905   3.535060  -8.684846   0.000000   0.000103   0.002146  1.999E-02  2.012E-02  0.600E-09    varcontrol
                            surface ca40    1.0073340250151555D-05
                              surface h1        0.8668716507562914
              log_total_angular_momentum       46.6400046040436607

reduce dt because of varcontrol   19977
 star_1_spin_period/binary_period  0.31047216942006589       0.58278801473069874        1.8771022723849755     
 normal tolerance
 element diffusion on 
save LOGS1/profile178.data for model 19977
                star               model                 age                mass             lg_mdot           (r-rl)/rl          last photo
                   1               19978     5.732635421E+09     1.974585137E-01    -9.900000000E+01    -9.476338757E-01        photos1/x950
      19978   7.318648  1.812E+04   0.764091   0.764091   0.197459   0.006186   0.000000   0.011795   0.128388   0.009800  22.953976   2832     40
   2.300892   5.127833  -1.046678 -27.654377  -0.402646 -99.000000   0.191273   0.980012   0.001635   0.004761   0.970082   1.445044      2      0
 5.7326E+09  21.041215  -0.106889  -5.249865   3.534131  -8.686168   0.000000   0.000103   0.002146  1.999E-02  2.012E-02  0.611E-09    varcontrol
                            surface ca40    1.0075400095729021D-05
                              surface h1        0.8668514752115002
              log_total_angular_momentum       46.6400046040436607

reduce dt because of varcontrol   19978
 star_1_spin_period/binary_period  0.31127032912747360       0.58428624207741775        1.8771022722121924     
 normal tolerance
 element diffusion on 
save LOGS1/profile179.data for model 19978
                star               model                 age                mass             lg_mdot           (r-rl)/rl          last photo
                   1               19979     5.732635617E+09     1.974585137E-01    -9.900000000E+01    -9.475653421E-01        photos1/x950
      19979   7.318633  1.811E+04   0.774893   0.774894   0.197459   0.006186   0.000000   0.011795   0.128407   0.009800  22.953961   2832     40
   2.291334   5.127809  -1.046110 -27.655138  -0.391764 -99.000000   0.191273   0.980012   0.001635   0.004761   0.970082   1.445067      2      0
 5.7326E+09  21.041177  -0.106712  -5.235651   3.533173  -8.687491   0.000000   0.000103   0.002146  1.999E-02  2.012E-02  0.622E-09    varcontrol
                            surface ca40    1.0077419354705511D-05
                              surface h1        0.8668316974589437
              log_total_angular_momentum       46.6400046040436607

reduce dt because of varcontrol   19979
 star_1_spin_period/binary_period  0.31206704116359574       0.58578175199797322        1.8771022720431643     
 normal tolerance
 element diffusion on 
save LOGS1/profile180.data for model 19979
                star               model                 age                mass             lg_mdot           (r-rl)/rl          last photo
                   1               19980     5.732635808E+09     1.974585137E-01    -9.900000000E+01    -9.474970823E-01        photos1/x950

__________________________________________________________________________________________________________________________________________________

       step    lg_Tcntr    Teff       lg_LH     lg_Lnuc     Mass       H_rich     H_cntr     N_cntr     Y_surf     X_avg     eta_cntr  zones retry
   lg_dt_yr    lg_Dcntr    lg_R       lg_L3a    lg_Lneu     lg_Mdot    He_core    He_cntr    O_cntr     Z_surf     Y_avg     gam_cntr  iters bckup
     age_yr    lg_Pcntr    lg_L       lg_LZ     lg_Psurf    lg_Dsurf   C_core     C_cntr     Ne_cntr    Z_cntr     Z_avg     v_div_cs     dt_limit
__________________________________________________________________________________________________________________________________________________

      19980   7.318618  1.810E+04   0.785849   0.785850   0.197459   0.006186   0.000000   0.011795   0.128426   0.009800  22.953945   2834     40
   2.281715   5.127786  -1.045545 -27.655903  -0.380731 -99.000000   0.191273   0.980012   0.001635   0.004762   0.970082   1.445090      2      0
 5.7326E+09  21.041138  -0.106570  -5.221248   3.532187  -8.688814   0.000000   0.000103   0.002146  1.999E-02  2.012E-02  0.634E-09    varcontrol
                            surface ca40    1.0079398326468971D-05
                              surface h1        0.8668123145728580
              log_total_angular_momentum       46.6400046040436536

reduce dt because of varcontrol   19980
 star_1_spin_period/binary_period  0.31286218579609870       0.58727431974252231        1.8771022718778352     
 normal tolerance
 element diffusion on 
save LOGS1/profile181.data for model 19980
                star               model                 age                mass             lg_mdot           (r-rl)/rl          last photo
                   1               19981     5.732635995E+09     1.974585137E-01    -9.900000000E+01    -9.474291094E-01        photos1/x950
      19981   7.318603  1.809E+04   0.796955   0.796956   0.197459   0.006186   0.000000   0.011795   0.128444   0.009800  22.953929   2834     40
   2.271985   5.127762  -1.044983 -27.656674  -0.369549 -99.000000   0.191273   0.980012   0.001635   0.004763   0.970082   1.445113      2      0
 5.7326E+09  21.041099  -0.106465  -5.206660   3.531169  -8.690139   0.000000   0.000103   0.002146  1.999E-02  2.012E-02  0.646E-09    varcontrol
                            surface ca40    1.0081337609734660D-05
                              surface h1        0.8667933203671654
              log_total_angular_momentum       46.6400046040436607

reduce dt because of varcontrol   19981
 star_1_spin_period/binary_period  0.31365582908740236       0.58876406931697944        1.8771022717161627     
 normal tolerance
 element diffusion on 
save LOGS1/profile182.data for model 19981
                star               model                 age                mass             lg_mdot           (r-rl)/rl          last photo
                   1               19982     5.732636178E+09     1.974585137E-01    -9.900000000E+01    -9.473614388E-01        photos1/x950
      19982   7.318588  1.808E+04   0.808225   0.808226   0.197459   0.006186   0.000000   0.011795   0.128462   0.009800  22.953913   2836     40
   2.262146   5.127738  -1.044424 -27.657449  -0.358206 -99.000000   0.191273   0.980012   0.001635   0.004763   0.970082   1.445137      2      0
 5.7326E+09  21.041060  -0.106397  -5.191872   3.530121  -8.691468   0.000000   0.000103   0.002146  1.999E-02  2.012E-02  0.658E-09    varcontrol
                            surface ca40    1.0083237234485261D-05
                              surface h1        0.8667747146074206
              log_total_angular_momentum       46.6400046040436536

reduce dt because of varcontrol   19982
 star_1_spin_period/binary_period  0.31444871571478883       0.59025239855675959        1.8771022715581074     
 normal tolerance
 element diffusion on 
save LOGS1/profile183.data for model 19982
                star               model                 age                mass             lg_mdot           (r-rl)/rl          last photo
                   1               19983     5.732636357E+09     1.974585137E-01    -9.900000000E+01    -9.472940879E-01        photos1/x950
      19983   7.318573  1.807E+04   0.819656   0.819656   0.197459   0.006186   0.000000   0.011795   0.128479   0.009800  22.953897   2836     40
   2.252148   5.127714  -1.043869 -27.658230  -0.346704 -99.000000   0.191273   0.980012   0.001635   0.004764   0.970082   1.445160      2      0
 5.7326E+09  21.041021  -0.106366  -5.176885   3.529043  -8.692796   0.000000   0.000103   0.002146  1.999E-02  2.012E-02  0.671E-09    varcontrol
                            surface ca40    1.0085097544019405D-05
                              surface h1        0.8667564936755106
              log_total_angular_momentum       46.6400046040436536

reduce dt because of varcontrol   19983
 star_1_spin_period/binary_period  0.31523949701709508       0.59173677588693196        1.8771022714036456     
 normal tolerance
 element diffusion on 
save LOGS1/profile184.data for model 19983
                star               model                 age                mass             lg_mdot           (r-rl)/rl          last photo
                   1               19984     5.732636531E+09     1.974585137E-01    -9.900000000E+01    -9.472270721E-01        photos1/x950
      19984   7.318558  1.806E+04   0.831257   0.831257   0.197459   0.006186   0.000000   0.011795   0.128497   0.009800  22.953881   2838     40
   2.242037   5.127690  -1.043317 -27.659017  -0.335033 -99.000000   0.191273   0.980012   0.001635   0.004765   0.970082   1.445184      2      0
 5.7326E+09  21.040981  -0.106373  -5.161690   3.527934  -8.694128   0.000000   0.000103   0.002146  1.999E-02  2.012E-02  0.683E-09    varcontrol
                            surface ca40    1.0086918562687276D-05
                              surface h1        0.8667386574252797
              log_total_angular_momentum       46.6400046040436536

reduce dt because of varcontrol   19984
 star_1_spin_period/binary_period  0.31602825225828413       0.59321735009405663        1.8771022712527323     
 normal tolerance
 element diffusion on 
save LOGS1/profile185.data for model 19984
                star               model                 age                mass             lg_mdot           (r-rl)/rl          last photo
                   1               19985     5.732636702E+09     1.974585137E-01    -9.900000000E+01    -9.471604021E-01        photos1/x950
      19985   7.318542  1.805E+04   0.843030   0.843031   0.197459   0.006186   0.000000   0.011795   0.128513   0.009800  22.953864   2839     40
   2.231813   5.127665  -1.042769 -27.659808  -0.323192 -99.000000   0.191273   0.980012   0.001635   0.004765   0.970082   1.445208      2      0
 5.7326E+09  21.040941  -0.106418  -5.146282   3.526793  -8.695458   0.000000   0.000103   0.002146  1.999E-02  2.012E-02  0.696E-09    varcontrol
                            surface ca40    1.0088700567363570D-05
                              surface h1        0.8667212030930890
              log_total_angular_momentum       46.6400046040436536

reduce dt because of varcontrol   19985
 star_1_spin_period/binary_period  0.31681479173418647       0.59469376508400262        1.8771022711053273     
 normal tolerance
 element diffusion on 
save LOGS1/profile186.data for model 19985
                star               model                 age                mass             lg_mdot           (r-rl)/rl          last photo
                   1               19986     5.732636868E+09     1.974585137E-01    -9.900000000E+01    -9.470940975E-01        photos1/x950
      19986   7.318527  1.803E+04   0.854982   0.854982   0.197459   0.006186   0.000000   0.011795   0.128530   0.009800  22.953848   2839     40
   2.221422   5.127640  -1.042224 -27.660605  -0.311174 -99.000000   0.191273   0.980012   0.001635   0.004766   0.970082   1.445232      2      0
 5.7326E+09  21.040901  -0.106503  -5.130654   3.525621  -8.696791   0.000000   0.000103   0.002146  1.999E-02  2.012E-02  0.710E-09    varcontrol
                            surface ca40    1.0090443872501946D-05
                              surface h1        0.8667041274040093
              log_total_angular_momentum       46.6400046040436536

reduce dt because of varcontrol   19986
 star_1_spin_period/binary_period  0.31759896571658858       0.59616573980160104        1.8771022709614025     
 normal tolerance
 element diffusion on 
save LOGS1/profile187.data for model 19986
                star               model                 age                mass             lg_mdot           (r-rl)/rl          last photo
                   1               19987     5.732637031E+09     1.974585137E-01    -9.900000000E+01    -9.470281602E-01        photos1/x950
      19987   7.318511  1.802E+04   0.867118   0.867119   0.197459   0.006186   0.000000   0.011795   0.128546   0.009800  22.953831   2839     40
   2.210991   5.127616  -1.041683 -27.661408  -0.298975 -99.000000   0.191273   0.980012   0.001635   0.004767   0.970082   1.445256      2      0
 5.7326E+09  21.040860  -0.106627  -5.114800   3.524417  -8.698125   0.000000   0.000103   0.002146  1.999E-02  2.012E-02  0.723E-09    varcontrol
                            surface ca40    1.0092148427100564D-05
                              surface h1        0.8666874312258203
              log_total_angular_momentum       46.6400046040436536

reduce dt because of varcontrol   19987
 star_1_spin_period/binary_period  0.31838054192942178       0.59763283824090241        1.8771022708208875     
 normal tolerance
 element diffusion on 
save LOGS1/profile188.data for model 19987
                star               model                 age                mass             lg_mdot           (r-rl)/rl          last photo
                   1               19988     5.732637190E+09     1.974585137E-01    -9.900000000E+01    -9.469625825E-01        photos1/x950
      19988   7.318496  1.801E+04   0.879451   0.879452   0.197459   0.006186   0.000000   0.011795   0.128562   0.009800  22.953815   2839     40
   2.200549   5.127591  -1.041146 -27.662217  -0.286580 -99.000000   0.191273   0.980012   0.001635   0.004767   0.970082   1.445281      2      0
 5.7326E+09  21.040819  -0.106792  -5.098702   3.523178  -8.699463   0.000000   0.000103   0.002146  1.999E-02  2.012E-02  0.737E-09    varcontrol
                            surface ca40    1.0093814698360703D-05
                              surface h1        0.8666711100926852
              log_total_angular_momentum       46.6400046040436536

reduce dt because of varcontrol   19988
 star_1_spin_period/binary_period  0.31915955621653552       0.59909512768446316        1.8771022706837075     
 normal tolerance
 element diffusion on 
save LOGS1/profile189.data for model 19988
                star               model                 age                mass             lg_mdot           (r-rl)/rl          last photo
                   1               19989     5.732637345E+09     1.974585137E-01    -9.900000000E+01    -9.468973761E-01        photos1/x950
      19989   7.318480  1.800E+04   0.891989   0.891989   0.197459   0.006186   0.000000   0.011795   0.128577   0.009800  22.953798   2839     40
   2.190039   5.127566  -1.040612 -27.663032  -0.273984 -99.000000   0.191273   0.980012   0.001635   0.004768   0.970082   1.445306      2      0
 5.7326E+09  21.040778  -0.106997  -5.082352   3.521907  -8.700799   0.000000   0.000103   0.002146  1.999E-02  2.012E-02  0.751E-09    varcontrol
                            surface ca40    1.0095443315404870D-05
                              surface h1        0.8666551577194154
              log_total_angular_momentum       46.6400046040436536

reduce dt because of varcontrol   19989
 star_1_spin_period/binary_period  0.31993620987584687       0.60055298598905049        1.8771022705498033     
 normal tolerance
 element diffusion on 
save LOGS1/profile190.data for model 19989
                star               model                 age                mass             lg_mdot           (r-rl)/rl          last photo
                   1               19990     5.732637496E+09     1.974585137E-01    -9.900000000E+01    -9.468325265E-01        photos1/x950

__________________________________________________________________________________________________________________________________________________

       step    lg_Tcntr    Teff       lg_LH     lg_Lnuc     Mass       H_rich     H_cntr     N_cntr     Y_surf     X_avg     eta_cntr  zones retry
   lg_dt_yr    lg_Dcntr    lg_R       lg_L3a    lg_Lneu     lg_Mdot    He_core    He_cntr    O_cntr     Z_surf     Y_avg     gam_cntr  iters bckup
     age_yr    lg_Pcntr    lg_L       lg_LZ     lg_Psurf    lg_Dsurf   C_core     C_cntr     Ne_cntr    Z_cntr     Z_avg     v_div_cs     dt_limit
__________________________________________________________________________________________________________________________________________________

      19990   7.318464  1.798E+04   0.904740   0.904741   0.197459   0.006186   0.000000   0.011795   0.128592   0.009799  22.953781   2839     40
   2.179442   5.127540  -1.040082 -27.663854  -0.261175 -99.000000   0.191273   0.980012   0.001635   0.004768   0.970082   1.445330      2      0
 5.7326E+09  21.040737  -0.107245  -5.065736   3.520601  -8.702142   0.000000   0.000103   0.002146  1.999E-02  2.012E-02  0.766E-09    varcontrol
                            surface ca40    1.0097034722500467D-05
                              surface h1        0.8666395697012977
              log_total_angular_momentum       46.6400046040436465

reduce dt because of varcontrol   19990
 star_1_spin_period/binary_period  0.32071045181825381       0.60200631725518750        1.8771022704191247     
 normal tolerance
 element diffusion on 
save LOGS1/profile191.data for model 19990
                star               model                 age                mass             lg_mdot           (r-rl)/rl          last photo
                   1               19991     5.732637643E+09     1.974585137E-01    -9.900000000E+01    -9.467680608E-01        photos1/x950
      19991   7.318448  1.797E+04   0.917709   0.917709   0.197459   0.006186   0.000000   0.011795   0.128607   0.009799  22.953764   2839     40
   2.168724   5.127515  -1.039556 -27.664682  -0.248152 -99.000000   0.191273   0.980012   0.001635   0.004769   0.970083   1.445355      2      0
 5.7326E+09  21.040695  -0.107534  -5.048852   3.519261  -8.703484   0.000000   0.000103   0.002146  1.999E-02  2.012E-02  0.781E-09    varcontrol
                            surface ca40    1.0098589349744854D-05
                              surface h1        0.8666243417231685
              log_total_angular_momentum       46.6400046040436465

reduce dt because of varcontrol   19991
 star_1_spin_period/binary_period  0.32148180211400496       0.60345422060564202        1.8771022702916262     
 normal tolerance
 element diffusion on 
save LOGS1/profile192.data for model 19991
                star               model                 age                mass             lg_mdot           (r-rl)/rl          last photo
                   1               19992     5.732637787E+09     1.974585137E-01    -9.900000000E+01    -9.467039806E-01        photos1/x950
      19992   7.318432  1.795E+04   0.930911   0.930911   0.197459   0.006186   0.000000   0.011795   0.128621   0.009799  22.953746   2840     40
   2.157872   5.127489  -1.039033 -27.665517  -0.234897 -99.000000   0.191273   0.980012   0.001635   0.004769   0.970083   1.445381      2      0
 5.7326E+09  21.040652  -0.107867  -5.031678   3.517884  -8.704831   0.000000   0.000103   0.002146  1.999E-02  2.012E-02  0.797E-09    varcontrol
                            surface ca40    1.0100108125348169D-05
                              surface h1        0.8666094642949311
              log_total_angular_momentum       46.6400046040436465

reduce dt because of varcontrol   19992
 star_1_spin_period/binary_period  0.32224961924815737       0.60489549185125491        1.8771022701672710     
 normal tolerance
 element diffusion on 
save LOGS1/profile193.data for model 19992
                star               model                 age                mass             lg_mdot           (r-rl)/rl          last photo
                   1               19993     5.732637927E+09     1.974585137E-01    -9.900000000E+01    -9.466403081E-01        photos1/x950
      19993   7.318415  1.794E+04   0.944351   0.944351   0.197459   0.006186   0.000000   0.011795   0.128635   0.009799  22.953729   2840     40
   2.146826   5.127463  -1.038515 -27.666360  -0.221407 -99.000000   0.191273   0.980012   0.001635   0.004770   0.970083   1.445406      2      0
 5.7326E+09  21.040610  -0.108244  -5.014210   3.516472  -8.706180   0.000000   0.000103   0.002146  1.999E-02  2.012E-02  0.813E-09    varcontrol
                            surface ca40    1.0101590495613708D-05
                              surface h1        0.8665949431921132
              log_total_angular_momentum       46.6400046040436465

reduce dt because of varcontrol   19993
 star_1_spin_period/binary_period  0.32301438128306492       0.60633102836395669        1.8771022700460351     
 normal tolerance
 element diffusion on 
save LOGS1/profile194.data for model 19993
                star               model                 age                mass             lg_mdot           (r-rl)/rl          last photo
                   1               19994     5.732638064E+09     1.974585137E-01    -9.900000000E+01    -9.465770395E-01        photos1/x950
      19994   7.318399  1.793E+04   0.958032   0.958032   0.197459   0.006186   0.000000   0.011795   0.128649   0.009799  22.953711   2840     40
   2.135600   5.127436  -1.038000 -27.667209  -0.207679 -99.000000   0.191273   0.980012   0.001635   0.004770   0.970083   1.445432      2      0
 5.7326E+09  21.040567  -0.108666  -4.996443   3.515022  -8.707530   0.000000   0.000103   0.002146  1.999E-02  2.012E-02  0.829E-09    varcontrol
                            surface ca40    1.0103036894029030D-05
                              surface h1        0.8665807739988369
              log_total_angular_momentum       46.6400046040436465

reduce dt because of varcontrol   19994
 star_1_spin_period/binary_period  0.32377623167913511       0.60776109943360246        1.8771022699278883     
 normal tolerance
 element diffusion on 
save LOGS1/profile195.data for model 19994
                star               model                 age                mass             lg_mdot           (r-rl)/rl          last photo
                   1               19995     5.732638197E+09     1.974585137E-01    -9.900000000E+01    -9.465142018E-01        photos1/x950
      19995   7.318382  1.791E+04   0.971971   0.971971   0.197459   0.006186   0.000000   0.011795   0.128662   0.009799  22.953694   2840     40
   2.124245   5.127410  -1.037490 -27.668067  -0.193694 -99.000000   0.191273   0.980012   0.001635   0.004771   0.970083   1.445458      2      0
 5.7326E+09  21.040523  -0.109133  -4.978355   3.513536  -8.708885   0.000000   0.000103   0.002146  1.999E-02  2.012E-02  0.846E-09    varcontrol
                            surface ca40    1.0104447907244399D-05
                              surface h1        0.8665669508273340
              log_total_angular_momentum       46.6400046040436465

reduce dt because of varcontrol   19995
 star_1_spin_period/binary_period  0.32453498416622845       0.60918535541208474        1.8771022698127884     
 normal tolerance
 element diffusion on 
save LOGS1/profile196.data for model 19995
                star               model                 age                mass             lg_mdot           (r-rl)/rl          last photo
                   1               19996     5.732638327E+09     1.974585137E-01    -9.900000000E+01    -9.464517898E-01        photos1/x950
      19996   7.318365  1.789E+04   0.986176   0.986177   0.197459   0.006186   0.000000   0.011795   0.128675   0.009799  22.953676   2840     40
   2.112743   5.127383  -1.036983 -27.668931  -0.179445 -99.000000   0.191273   0.980012   0.001635   0.004771   0.970083   1.445484      2      0
 5.7326E+09  21.040480  -0.109645  -4.959936   3.512012  -8.710240   0.000000   0.000103   0.002146  1.999E-02  2.012E-02  0.863E-09    varcontrol
                            surface ca40    1.0105823279575075D-05
                              surface h1        0.8665534765151034
              log_total_angular_momentum       46.6400046040436465

reduce dt because of varcontrol   19996
 star_1_spin_period/binary_period  0.32529055162485537       0.61060363276720686        1.8771022697006943     
 normal tolerance
 element diffusion on 
save LOGS1/profile197.data for model 19996
                star               model                 age                mass             lg_mdot           (r-rl)/rl          last photo
                   1               19997     5.732638453E+09     1.974585137E-01    -9.900000000E+01    -9.463898094E-01        photos1/x950
      19997   7.318348  1.788E+04   1.000660   1.000660   0.197459   0.006186   0.000000   0.011795   0.128688   0.009799  22.953657   2840     40
   2.101094   5.127356  -1.036481 -27.669804  -0.164921 -99.000000   0.191273   0.980012   0.001635   0.004772   0.970083   1.445511      2      0
 5.7326E+09  21.040436  -0.110204  -4.941172   3.510450  -8.711599   0.000000   0.000103   0.002146  1.999E-02  2.012E-02  0.881E-09    varcontrol
                            surface ca40    1.0107163441254903D-05
                              surface h1        0.8665403467863677
              log_total_angular_momentum       46.6400046040436465

reduce dt because of varcontrol   19997
 star_1_spin_period/binary_period  0.32604240414948232       0.61201493681208230        1.8771022695915613     
 normal tolerance
 element diffusion on 
save LOGS1/profile198.data for model 19997
                star               model                 age                mass             lg_mdot           (r-rl)/rl          last photo
                   1               19998     5.732638576E+09     1.974585137E-01    -9.900000000E+01    -9.463282777E-01        photos1/x950
      19998   7.318331  1.786E+04   1.015428   1.015428   0.197459   0.006186   0.000000   0.011795   0.128700   0.009799  22.953639   2840     40
   2.089249   5.127329  -1.035983 -27.670685  -0.150115 -99.000000   0.191273   0.980012   0.001635   0.004772   0.970083   1.445537      2      0
 5.7326E+09  21.040391  -0.110811  -4.922054   3.508848  -8.712963   0.000000   0.000103   0.002146  1.999E-02  2.012E-02  0.900E-09    varcontrol
                            surface ca40    1.0108468844774333D-05
                              surface h1        0.8665275570658916
              log_total_angular_momentum       46.6400046040436465

reduce dt because of varcontrol   19998
 star_1_spin_period/binary_period  0.32679081838359653       0.61341978683482790        1.8771022694853623     
 normal tolerance
 element diffusion on 
save LOGS1/profile199.data for model 19998
                star               model                 age                mass             lg_mdot           (r-rl)/rl          last photo
                   1               19999     5.732638695E+09     1.974585137E-01    -9.900000000E+01    -9.462672023E-01        photos1/x950
      19999   7.318314  1.784E+04   1.030498   1.030498   0.197459   0.006186   0.000000   0.011795   0.128712   0.009799  22.953621   2840     40
   2.077206   5.127302  -1.035489 -27.671575  -0.135010 -99.000000   0.191273   0.980012   0.001635   0.004773   0.970083   1.445564      2      0
 5.7326E+09  21.040346  -0.111467  -4.902560   3.507207  -8.714329   0.000000   0.000103   0.002146  1.999E-02  2.012E-02  0.919E-09    varcontrol
                            surface ca40    1.0109739821261493D-05
                              surface h1        0.8665151040501180
              log_total_angular_momentum       46.6400046040436393

reduce dt because of varcontrol   19999
 star_1_spin_period/binary_period  0.32753520019465426       0.61481706758789478        1.8771022693820658     
 normal tolerance
 element diffusion on 
save LOGS1/profile200.data for model 19999
                star               model                 age                mass             lg_mdot           (r-rl)/rl          last photo
                   1               20000     5.732638811E+09     1.974585137E-01    -9.900000000E+01    -9.462065879E-01        photos1/x950

__________________________________________________________________________________________________________________________________________________

       step    lg_Tcntr    Teff       lg_LH     lg_Lnuc     Mass       H_rich     H_cntr     N_cntr     Y_surf     X_avg     eta_cntr  zones retry
   lg_dt_yr    lg_Dcntr    lg_R       lg_L3a    lg_Lneu     lg_Mdot    He_core    He_cntr    O_cntr     Z_surf     Y_avg     gam_cntr  iters bckup
     age_yr    lg_Pcntr    lg_L       lg_LZ     lg_Psurf    lg_Dsurf   C_core     C_cntr     Ne_cntr    Z_cntr     Z_avg     v_div_cs     dt_limit
__________________________________________________________________________________________________________________________________________________

      20000   7.318297  1.783E+04   1.045883   1.045883   0.197459   0.006186   0.000000   0.011795   0.128724   0.009799  22.953602   2840     40
   2.064964   5.127274  -1.034999 -27.672473  -0.119592 -99.000000   0.191273   0.980012   0.001635   0.004773   0.970083   1.445591      2      0
 5.7326E+09  21.040301  -0.112170  -4.882675   3.505525  -8.715700   0.000000   0.000103   0.002146  1.999E-02  2.012E-02  0.939E-09    varcontrol
                            surface ca40    1.0110976209054160D-05
                              surface h1        0.8665029895806220
              log_total_angular_momentum       46.6400046040436393

reduce dt because of varcontrol   20000
 star_1_spin_period/binary_period  0.32827580604227968       0.61620726047222152        1.8771022692816364     
 normal tolerance
 element diffusion on 
save LOGS1/profile201.data for model 20000
save photos1/20000 for model 20000
                star               model                 age                mass             lg_mdot           (r-rl)/rl          last photo
                   1               20001     5.732638924E+09     1.974585137E-01    -9.900000000E+01    -9.461464479E-01        photos1/20000
      20001   7.318279  1.781E+04   1.061596   1.061596   0.197459   0.006186   0.000000   0.011795   0.128735   0.009799  22.953583   2842     40
   2.052506   5.127246  -1.034514 -27.673380  -0.103849 -99.000000   0.191273   0.980012   0.001635   0.004774   0.970083   1.445619      2      0
 5.7326E+09  21.040255  -0.112923  -4.862380   3.503804  -8.717072   0.000000   0.000103   0.002146  1.999E-02  2.012E-02  0.959E-09    varcontrol
                            surface ca40    1.0112178154641121D-05
                              surface h1        0.8664912122892121
              log_total_angular_momentum       46.6400046040436393

reduce dt because of varcontrol   20001
 star_1_spin_period/binary_period  0.32901257481166235       0.61759025076905671        1.8771022691840449     
 normal tolerance
 element diffusion on 
save LOGS1/profile202.data for model 20001
                star               model                 age                mass             lg_mdot           (r-rl)/rl          last photo
                   1               20002     5.732639034E+09     1.974585137E-01    -9.900000000E+01    -9.460868100E-01        photos1/20000
      20002   7.318261  1.779E+04   1.077644   1.077645   0.197459   0.006186   0.000000   0.011795   0.128746   0.009799  22.953564   2842     40
   2.039659   5.127217  -1.034033 -27.674296  -0.087773 -99.000000   0.191273   0.980012   0.001635   0.004774   0.970083   1.445647      2      0
 5.7326E+09  21.040208  -0.113727  -4.841669   3.502040  -8.718447   0.000000   0.000103   0.002146  1.999E-02  2.012E-02  0.981E-09    varcontrol
                            surface ca40    1.0113346113481555D-05
                              surface h1        0.8664797673340083
              log_total_angular_momentum       46.6400046040436393

reduce dt because of varcontrol   20002
 star_1_spin_period/binary_period  0.32974516696172029       0.61896540112507348        1.8771022690892949     
 normal tolerance
 element diffusion on 
save LOGS1/profile203.data for model 20002
                star               model                 age                mass             lg_mdot           (r-rl)/rl          last photo
                   1               20003     5.732639140E+09     1.974585137E-01    -9.900000000E+01    -9.460276940E-01        photos1/20000
      20003   7.318243  1.777E+04   1.094032   1.094033   0.197459   0.006186   0.000000   0.011795   0.128757   0.009799  22.953544   2842     40
   2.026473   5.127189  -1.033557 -27.675221  -0.071362 -99.000000   0.191273   0.980012   0.001635   0.004774   0.970083   1.445675      2      0
 5.7326E+09  21.040161  -0.114580  -4.820535   3.500237  -8.719826   0.000000   0.000103   0.002146  1.999E-02  2.012E-02  0.100E-08    varcontrol
                            surface ca40    1.0114479985483629D-05
                              surface h1        0.8664686557761728
              log_total_angular_momentum       46.6400046040436393

reduce dt because of varcontrol   20003
 star_1_spin_period/binary_period  0.33047302402735829       0.62033166324417877        1.8771022689973766     
 normal tolerance
 element diffusion on 
save LOGS1/profile204.data for model 20003
                star               model                 age                mass             lg_mdot           (r-rl)/rl          last photo
                   1               20004     5.732639243E+09     1.974585137E-01    -9.900000000E+01    -9.459690943E-01        photos1/20000
      20004   7.318225  1.775E+04   1.110791   1.110791   0.197459   0.006186   0.000000   0.011795   0.128767   0.009799  22.953525   2844     40
   2.013133   5.127160  -1.033086 -27.676155  -0.054582 -99.000000   0.191273   0.980012   0.001635   0.004775   0.970083   1.445703      2      0
 5.7326E+09  21.040114  -0.115486  -4.798939   3.498390  -8.721205   0.000000   0.000103   0.002146  1.999E-02  2.012E-02  0.103E-08    varcontrol
                            surface ca40    1.0115579762895050D-05
                              surface h1        0.8664578780339527
              log_total_angular_momentum       46.6400046040436393

reduce dt because of varcontrol   20004
 star_1_spin_period/binary_period  0.33119639344207363       0.62168950158434066        1.8771022689082344     
 normal tolerance
 element diffusion on 
save LOGS1/profile205.data for model 20004
                star               model                 age                mass             lg_mdot           (r-rl)/rl          last photo
                   1               20005     5.732639343E+09     1.974585137E-01    -9.900000000E+01    -9.459110334E-01        photos1/20000
      20005   7.318207  1.773E+04   1.127921   1.127922   0.197459   0.006186   0.000000   0.011795   0.128777   0.009798  22.953505   2844     40
   1.999402   5.127131  -1.032619 -27.677098  -0.037433 -99.000000   0.191273   0.980012   0.001635   0.004775   0.970083   1.445732      2      0
 5.7326E+09  21.040066  -0.116441  -4.776880   3.496503  -8.722590   0.000000   0.000103   0.002146  1.999E-02  2.012E-02  0.105E-08    varcontrol
                            surface ca40    1.0116646033793079D-05
                              surface h1        0.8664474279823208
              log_total_angular_momentum       46.6400046040436393

reduce dt because of varcontrol   20005
 star_1_spin_period/binary_period  0.33191472855177606       0.62303789001993259        1.8771022688218659     
 normal tolerance
 element diffusion on 
save LOGS1/profile206.data for model 20005
                star               model                 age                mass             lg_mdot           (r-rl)/rl          last photo
                   1               20006     5.732639440E+09     1.974585137E-01    -9.900000000E+01    -9.458535263E-01        photos1/20000
      20006   7.318188  1.772E+04   1.145438   1.145439   0.197459   0.006186   0.000000   0.011795   0.128787   0.009798  22.953485   2844     40
   1.985316   5.127101  -1.032158 -27.678051  -0.019902 -99.000000   0.191273   0.980012   0.001635   0.004776   0.970084   1.445761      2      0
 5.7326E+09  21.040018  -0.117449  -4.754340   3.494574  -8.723974   0.000000   0.000103   0.002146  1.999E-02  2.012E-02  0.108E-08    varcontrol
                            surface ca40    1.0117678883275420D-05
                              surface h1        0.8664373048229135
              log_total_angular_momentum       46.6400046040436393

reduce dt because of varcontrol   20006
 star_1_spin_period/binary_period  0.33262810676259325       0.62437697385017277        1.8771022687382504     
 normal tolerance
 element diffusion on 
save LOGS1/profile207.data for model 20006
                star               model                 age                mass             lg_mdot           (r-rl)/rl          last photo
                   1               20007     5.732639533E+09     1.974585137E-01    -9.900000000E+01    -9.457965699E-01        photos1/20000
      20007   7.318169  1.770E+04   1.163367   1.163368   0.197459   0.006186   0.000000   0.011795   0.128797   0.009798  22.953465   2844     40
   1.971067   5.127071  -1.031701 -27.679013  -0.001961 -99.000000   0.191273   0.980012   0.001635   0.004776   0.970084   1.445790      2      0
 5.7326E+09  21.039969  -0.118510  -4.731285   3.492602  -8.725363   0.000000   0.000103   0.002146  1.999E-02  2.012E-02  0.110E-08    varcontrol
                            surface ca40    1.0118678241250203D-05
                              surface h1        0.8664275096650444
              log_total_angular_momentum       46.6400046040436393

reduce dt because of varcontrol   20007
 star_1_spin_period/binary_period  0.33333650514508328       0.62570671003414224        1.8771022686573320     
 normal tolerance
 element diffusion on 
save LOGS1/profile208.data for model 20007
                star               model                 age                mass             lg_mdot           (r-rl)/rl          last photo
                   1               20008     5.732639624E+09     1.974585137E-01    -9.900000000E+01    -9.457401437E-01        photos1/20000
      20008   7.318151  1.767E+04   1.181716   1.181717   0.197459   0.006186   0.000000   0.011795   0.128806   0.009798  22.953444   2847     40
   1.956570   5.127041  -1.031249 -27.679985   0.016396 -99.000000   0.191273   0.980012   0.001635   0.004776   0.970084   1.445819      2      0
 5.7326E+09  21.039920  -0.119625  -4.707706   3.490585  -8.726757   0.000000   0.000103   0.002146  1.999E-02  2.012E-02  0.113E-08    varcontrol
                            surface ca40    1.0119644699252634D-05
                              surface h1        0.8664180366356502
              log_total_angular_momentum       46.6400046040436393

reduce dt because of varcontrol   20008
 star_1_spin_period/binary_period  0.33404013835197727       0.62702750149696229        1.8771022685790679     
 normal tolerance
 element diffusion on 
save LOGS1/profile209.data for model 20008
                star               model                 age                mass             lg_mdot           (r-rl)/rl          last photo
                   1               20009     5.732639711E+09     1.974585137E-01    -9.900000000E+01    -9.456843016E-01        photos1/20000
      20009   7.318131  1.765E+04   1.200510   1.200511   0.197459   0.006186   0.000000   0.011795   0.128815   0.009798  22.953423   2847     40
   1.941469   5.127010  -1.030803 -27.680967   0.035194 -99.000000   0.191273   0.980012   0.001635   0.004777   0.970084   1.445849      2      0
 5.7326E+09  21.039870  -0.120792  -4.683573   3.488526  -8.728152   0.000000   0.000103   0.002146  1.999E-02  2.012E-02  0.116E-08    varcontrol
                            surface ca40    1.0120578906391958D-05
                              surface h1        0.8664088788226181
              log_total_angular_momentum       46.6400046040436322

reduce dt because of Lnuc_H   20009
 star_1_spin_period/binary_period  0.33473838568142034       0.62833818311778578        1.8771022685034764     
 normal tolerance
 element diffusion on 
save LOGS1/profile210.data for model 20009
                star               model                 age                mass             lg_mdot           (r-rl)/rl          last photo
                   1               20010     5.732639795E+09     1.974585137E-01    -9.900000000E+01    -9.456290979E-01        photos1/20000

__________________________________________________________________________________________________________________________________________________

       step    lg_Tcntr    Teff       lg_LH     lg_Lnuc     Mass       H_rich     H_cntr     N_cntr     Y_surf     X_avg     eta_cntr  zones retry
   lg_dt_yr    lg_Dcntr    lg_R       lg_L3a    lg_Lneu     lg_Mdot    He_core    He_cntr    O_cntr     Z_surf     Y_avg     gam_cntr  iters bckup
     age_yr    lg_Pcntr    lg_L       lg_LZ     lg_Psurf    lg_Dsurf   C_core     C_cntr     Ne_cntr    Z_cntr     Z_avg     v_div_cs     dt_limit
__________________________________________________________________________________________________________________________________________________

      20010   7.318112  1.763E+04   1.219743   1.219743   0.197459   0.006186   0.000000   0.011795   0.128823   0.009798  22.953402   2847     40
   1.925571   5.126980  -1.030362 -27.681958   0.054427 -99.000000   0.191273   0.980012   0.001635   0.004777   0.970084   1.445879      2      0
 5.7326E+09  21.039819  -0.122012  -4.658893   3.486426  -8.729546   0.000000   0.000103   0.002146  1.999E-02  2.012E-02  0.119E-08        Lnuc_H
                            surface ca40    1.0121480832747171D-05
                              surface h1        0.8664000362039072
              log_total_angular_momentum       46.6400046040436322

reduce dt because of Lnuc_H   20010
 star_1_spin_period/binary_period  0.33543055587990334       0.62963745734310339        1.8771022684305989     
 normal tolerance
 element diffusion on 
save LOGS1/profile211.data for model 20010
                star               model                 age                mass             lg_mdot           (r-rl)/rl          last photo
                   1               20011     5.732639876E+09     1.974585137E-01    -9.900000000E+01    -9.455745886E-01        photos1/20000
      20011   7.318093  1.761E+04   1.239413   1.239413   0.197459   0.006186   0.000000   0.011795   0.128831   0.009798  22.953381   2849     40
   1.908925   5.126949  -1.029926 -27.682957   0.074095 -99.000000   0.191273   0.980012   0.001635   0.004777   0.970084   1.445910      2      0
 5.7326E+09  21.039768  -0.123283  -4.633669   3.484286  -8.730945   0.000000   0.000103   0.002146  1.999E-02  2.012E-02  0.122E-08        Lnuc_H
                            surface ca40    1.0122350038463739D-05
                              surface h1        0.8663915131657094
              log_total_angular_momentum       46.6400046040436322

reduce dt because of Lnuc_H   20011
 star_1_spin_period/binary_period  0.33611576421591272       0.63092366344139950        1.8771022683604608     
 normal tolerance
 element diffusion on 
save LOGS1/profile212.data for model 20011
                star               model                 age                mass             lg_mdot           (r-rl)/rl          last photo
                   1               20012     5.732639954E+09     1.974585137E-01    -9.900000000E+01    -9.455208317E-01        photos1/20000
      20012   7.318073  1.759E+04   1.259519   1.259520   0.197459   0.006186   0.000000   0.011795   0.128839   0.009798  22.953360   2849     40
   1.891464   5.126917  -1.029498 -27.683962   0.094194 -99.000000   0.191273   0.980012   0.001635   0.004777   0.970084   1.445941      2      0
 5.7326E+09  21.039717  -0.124603  -4.607903   3.482110  -8.732336   0.000000   0.000103   0.002146  1.999E-02  2.012E-02  0.126E-08        Lnuc_H
                            surface ca40    1.0123186064968572D-05
                              surface h1        0.8663833142948607
              log_total_angular_momentum       46.6400046040436322

retry because of timestep limit Lnuc_H   20012
       retry cnt, step, log10(dt/yr), retry_factor     1 20012        1.289404        0.500000
                star               model                 age                mass             lg_mdot           (r-rl)/rl          last photo
                   1               20012     5.732639915E+09     1.974585137E-01    -9.900000000E+01    -9.455480555E-01        photos1/20000
      20012   7.318083  1.760E+04   1.249144   1.249145   0.197459   0.006186   0.000000   0.011795   0.128841   0.009798  22.953371   2849     41
   1.590434   5.126933  -1.029715 -27.683447   0.083823 -99.000000   0.191273   0.980012   0.001635   0.004777   0.970084   1.445925      2      0
 5.7326E+09  21.039743  -0.123918  -4.621196   3.483229  -8.731624   0.000000   0.000103   0.002146  1.999E-02  2.012E-02  0.124E-08        Lnuc_H
                            surface ca40    1.0123313821314556D-05
                              surface h1        0.8663817402016629
              log_total_angular_momentum       46.6400046040436322

 star_1_spin_period/binary_period  0.33644969448290069       0.63155048469170283        1.8771022683267735     
 normal tolerance
 element diffusion on 
save LOGS1/profile213.data for model 20012
                star               model                 age                mass             lg_mdot           (r-rl)/rl          last photo
                   1               20013     5.732639962E+09     1.974585137E-01    -9.900000000E+01    -9.455157002E-01        photos1/20000
      20013   7.318071  1.759E+04   1.261267   1.261267   0.197459   0.006186   0.000000   0.011795   0.128845   0.009798  22.953358   2850     41
   1.669616   5.126914  -1.029457 -27.684053   0.095941 -99.000000   0.191273   0.980012   0.001635   0.004778   0.970084   1.445943      2      0
 5.7326E+09  21.039712  -0.124717  -4.605664   3.481915  -8.732465   0.000000   0.000103   0.002146  1.999E-02  2.012E-02  0.126E-08  max increase
                            surface ca40    1.0123735920748061D-05
                              surface h1        0.8663776473700272
              log_total_angular_momentum       46.6400046040436322

 star_1_spin_period/binary_period  0.33685743424093317       0.63231585390277467        1.8771022682863470     
 normal tolerance
 element diffusion on 
save LOGS1/profile214.data for model 20013
                star               model                 age                mass             lg_mdot           (r-rl)/rl          last photo
                   1               20014     5.732640014E+09     1.974585137E-01    -9.900000000E+01    -9.454791312E-01        photos1/20000
      20014   7.318057  1.757E+04   1.275318   1.275318   0.197459   0.006186   0.000000   0.011795   0.128849   0.009798  22.953343   2850     41
   1.714858   5.126893  -1.029165 -27.684748   0.109984 -99.000000   0.191273   0.980012   0.001635   0.004778   0.970084   1.445965      2      0
 5.7326E+09  21.039677  -0.125651  -4.587668   3.480399  -8.733423   0.000000   0.000103   0.002146  1.999E-02  2.012E-02  0.128E-08        Lnuc_H
                            surface ca40    1.0124231497261215D-05
                              surface h1        0.8663728227380062
              log_total_angular_momentum       46.6400046040436322

reduce dt because of Lnuc_H   20014
 star_1_spin_period/binary_period  0.33731906150052421       0.63318237546372214        1.8771022682414826     
 normal tolerance
 element diffusion on 
save LOGS1/profile215.data for model 20014
                star               model                 age                mass             lg_mdot           (r-rl)/rl          last photo
                   1               20015     5.732640064E+09     1.974585137E-01    -9.900000000E+01    -9.454434119E-01        photos1/20000
      20015   7.318044  1.756E+04   1.289381   1.289382   0.197459   0.006186   0.000000   0.011795   0.128855   0.009798  22.953328   2850     41
   1.696485   5.126871  -1.028881 -27.685435   0.124039 -99.000000   0.191273   0.980012   0.001635   0.004778   0.970084   1.445986      2      0
 5.7326E+09  21.039642  -0.126596  -4.569664   3.478887  -8.734364   0.000000   0.000103   0.002146  1.999E-02  2.012E-02  0.131E-08        Lnuc_H
                            surface ca40    1.0124790305959789D-05
                              surface h1        0.8663673267574016
              log_total_angular_momentum       46.6400046040436322

reduce dt because of Lnuc_H   20015
 star_1_spin_period/binary_period  0.33777065830034680       0.63403006882647328        1.8771022681984757     
 normal tolerance
 element diffusion on 
save LOGS1/profile216.data for model 20015
                star               model                 age                mass             lg_mdot           (r-rl)/rl          last photo
                   1               20016     5.732640113E+09     1.974585137E-01    -9.900000000E+01    -9.454073889E-01        photos1/20000
      20016   7.318030  1.754E+04   1.303931   1.303932   0.197459   0.006186   0.000000   0.011795   0.128860   0.009798  22.953313   2852     41
   1.691796   5.126849  -1.028594 -27.686138   0.138579 -99.000000   0.191273   0.980012   0.001635   0.004778   0.970084   1.446007      2      0
 5.7326E+09  21.039606  -0.127580  -4.551045   3.477331  -8.735325   0.000000   0.000103   0.002146  1.999E-02  2.012E-02  0.134E-08        Lnuc_H
                            surface ca40    1.0125318836845655D-05
                              surface h1        0.8663621417529439
              log_total_angular_momentum       46.6400046040436322

reduce dt because of Lnuc_H   20016
 star_1_spin_period/binary_period  0.33822668176775000       0.63488607149709730        1.8771022681559295     
 normal tolerance
 element diffusion on 
save LOGS1/profile217.data for model 20016
                star               model                 age                mass             lg_mdot           (r-rl)/rl          last photo
                   1               20017     5.732640161E+09     1.974585137E-01    -9.900000000E+01    -9.453713665E-01        photos1/20000
      20017   7.318016  1.752E+04   1.318859   1.318860   0.197459   0.006186   0.000000   0.011795   0.128865   0.009798  22.953298   2852     41
   1.683115   5.126827  -1.028308 -27.686851   0.153493 -99.000000   0.191273   0.980012   0.001635   0.004778   0.970084   1.446029      2      0
 5.7326E+09  21.039569  -0.128597  -4.531952   3.475742  -8.736292   0.000000   0.000103   0.002146  1.999E-02  2.012E-02  0.136E-08        Lnuc_H
                            surface ca40    1.0125838894866888D-05
                              surface h1        0.8663570383146451
              log_total_angular_momentum       46.6400046040436322

reduce dt because of Lnuc_H   20017
 star_1_spin_period/binary_period  0.33868350087704807       0.63574356766917295        1.8771022681142249     
 normal tolerance
 element diffusion on 
save LOGS1/profile218.data for model 20017
                star               model                 age                mass             lg_mdot           (r-rl)/rl          last photo
                   1               20018     5.732640208E+09     1.974585137E-01    -9.900000000E+01    -9.453353157E-01        photos1/20000
      20018   7.318002  1.751E+04   1.334197   1.334197   0.197459   0.006186   0.000000   0.011795   0.128869   0.009798  22.953282   2854     41
   1.674443   5.126804  -1.028021 -27.687574   0.168816 -99.000000   0.191273   0.980012   0.001635   0.004779   0.970084   1.446051      2      0
 5.7326E+09  21.039532  -0.129650  -4.512341   3.474118  -8.737271   0.000000   0.000103   0.002146  1.999E-02  2.012E-02  0.139E-08        Lnuc_H
                            surface ca40    1.0126345796945915D-05
                              surface h1        0.8663520652880864
              log_total_angular_momentum       46.6400046040436322

reduce dt because of Lnuc_H   20018
 star_1_spin_period/binary_period  0.33914140731664272       0.63660310487165550        1.8771022680733431     
 normal tolerance
 element diffusion on 
save LOGS1/profile219.data for model 20018
                star               model                 age                mass             lg_mdot           (r-rl)/rl          last photo
                   1               20019     5.732640254E+09     1.974585137E-01    -9.900000000E+01    -9.452992989E-01        photos1/20000
      20019   7.317987  1.749E+04   1.349930   1.349931   0.197459   0.006186   0.000000   0.011795   0.128874   0.009798  22.953267   2854     41
   1.664868   5.126781  -1.027735 -27.688306   0.184532 -99.000000   0.191273   0.980012   0.001635   0.004779   0.970084   1.446074      2      0
 5.7326E+09  21.039494  -0.130735  -4.492234   3.472461  -8.738256   0.000000   0.000103   0.002146  1.999E-02  2.012E-02  0.143E-08        Lnuc_H
                            surface ca40    1.0126840445378711D-05
                              surface h1        0.8663472128311349
              log_total_angular_momentum       46.6400046040436322

reduce dt because of Lnuc_H   20019
 star_1_spin_period/binary_period  0.33959963930659925       0.63746325316572594        1.8771022680333527     
 normal tolerance
 element diffusion on 
save LOGS1/profile220.data for model 20019
                star               model                 age                mass             lg_mdot           (r-rl)/rl          last photo
                   1               20020     5.732640300E+09     1.974585137E-01    -9.900000000E+01    -9.452633827E-01        photos1/20000

__________________________________________________________________________________________________________________________________________________

       step    lg_Tcntr    Teff       lg_LH     lg_Lnuc     Mass       H_rich     H_cntr     N_cntr     Y_surf     X_avg     eta_cntr  zones retry
   lg_dt_yr    lg_Dcntr    lg_R       lg_L3a    lg_Lneu     lg_Mdot    He_core    He_cntr    O_cntr     Z_surf     Y_avg     gam_cntr  iters bckup
     age_yr    lg_Pcntr    lg_L       lg_LZ     lg_Psurf    lg_Dsurf   C_core     C_cntr     Ne_cntr    Z_cntr     Z_avg     v_div_cs     dt_limit
__________________________________________________________________________________________________________________________________________________

      20020   7.317973  1.747E+04   1.365750   1.365751   0.197459   0.006186   0.000000   0.011795   0.128879   0.009798  22.953251   2854     41
   1.654597   5.126757  -1.027450 -27.689048   0.200360 -99.000000   0.191273   0.980012   0.001635   0.004779   0.970084   1.446097      3      0
 5.7326E+09  21.039456  -0.131853  -4.471990   3.470775  -8.739248   0.000000   0.000103   0.002146  1.999E-02  2.012E-02  0.146E-08        Lnuc_H
                            surface ca40    1.0127322398813504D-05
                              surface h1        0.8663424852380800
              log_total_angular_momentum       46.6400046040436322

reduce dt because of Lnuc_H   20020
 star_1_spin_period/binary_period  0.34005696576549999       0.63832170168567881        1.8771022679942966     
 normal tolerance
 element diffusion on 
save LOGS1/profile221.data for model 20020
                star               model                 age                mass             lg_mdot           (r-rl)/rl          last photo
                   1               20021     5.732640344E+09     1.974585137E-01    -9.900000000E+01    -9.452275931E-01        photos1/20000
      20021   7.317958  1.746E+04   1.381660   1.381661   0.197459   0.006186   0.000000   0.011795   0.128883   0.009798  22.953234   2861     41
   1.643949   5.126734  -1.027166 -27.689798   0.216294 -99.000000   0.191273   0.980012   0.001635   0.004779   0.970084   1.446120      3      0
 5.7326E+09  21.039417  -0.132999  -4.451638   3.469062  -8.740242   0.000000   0.000103   0.002146  1.999E-02  2.012E-02  0.149E-08        Lnuc_H
                            surface ca40    1.0127791336517203D-05
                              surface h1        0.8663378857759334
              log_total_angular_momentum       46.6400046040436322

reduce dt because of Lnuc_H   20021
 star_1_spin_period/binary_period  0.34051422705588025       0.63918002787794015        1.8771022679561851     
 normal tolerance
 element diffusion on 
save LOGS1/profile222.data for model 20021
                star               model                 age                mass             lg_mdot           (r-rl)/rl          last photo
                   1               20022     5.732640387E+09     1.974585137E-01    -9.900000000E+01    -9.451918753E-01        photos1/20000
      20022   7.317943  1.744E+04   1.398005   1.398005   0.197459   0.006186   0.000000   0.011795   0.128887   0.009797  22.953218   2866     41
   1.633193   5.126709  -1.026883 -27.690555   0.232652 -99.000000   0.191273   0.980012   0.001635   0.004779   0.970085   1.446144      3      0
 5.7326E+09  21.039377  -0.134178  -4.430757   3.467318  -8.741246   0.000000   0.000103   0.002146  1.999E-02  2.012E-02  0.152E-08        Lnuc_H
                            surface ca40    1.0128247255706319D-05
                              surface h1        0.8663334145827708
              log_total_angular_momentum       46.6400046040436322

reduce dt because of Lnuc_H   20022
 star_1_spin_period/binary_period  0.34097096828245488       0.64003737785753556        1.8771022679190061     
 normal tolerance
 element diffusion on 
save LOGS1/profile223.data for model 20022
                star               model                 age                mass             lg_mdot           (r-rl)/rl          last photo
                   1               20023     5.732640428E+09     1.974585137E-01    -9.900000000E+01    -9.451561976E-01        photos1/20000
      20023   7.317927  1.742E+04   1.414853   1.414854   0.197459   0.006186   0.000000   0.011795   0.128892   0.009797  22.953201   2875     41
   1.621864   5.126685  -1.026601 -27.691318   0.249495 -99.000000   0.191273   0.980012   0.001635   0.004779   0.970085   1.446168      3      0
 5.7326E+09  21.039337  -0.135394  -4.409250   3.465538  -8.742257   0.000000   0.000103   0.002146  1.999E-02  2.012E-02  0.156E-08        Lnuc_H
                            surface ca40    1.0128690610564551D-05
                              surface h1        0.8663290667654365
              log_total_angular_momentum       46.6400046040436322

reduce dt because of Lnuc_H   20023
 star_1_spin_period/binary_period  0.34142818519537416       0.64089562074933948        1.8771022678827824     
 normal tolerance
 element diffusion on 
save LOGS1/profile224.data for model 20023
                star               model                 age                mass             lg_mdot           (r-rl)/rl          last photo
                   1               20024     5.732640469E+09     1.974585137E-01    -9.900000000E+01    -9.451206035E-01        photos1/20000
      20024   7.317912  1.740E+04   1.431718   1.431719   0.197459   0.006186   0.000000   0.011795   0.128896   0.009797  22.953184   2890     41
   1.609604   5.126660  -1.026319 -27.692086   0.266355 -99.000000   0.191273   0.980012   0.001635   0.004780   0.970085   1.446192      3      0
 5.7326E+09  21.039297  -0.136645  -4.387730   3.463725  -8.743277   0.000000   0.000103   0.002146  1.999E-02  2.012E-02  0.161E-08        Lnuc_H
                            surface ca40    1.0129121383981072D-05
                              surface h1        0.8663248421413464
              log_total_angular_momentum       46.6400046040436322

reduce dt because of Lnuc_H   20024
 star_1_spin_period/binary_period  0.34188526968936261       0.64175361507757955        1.8771022678475668     
 normal tolerance
 element diffusion on 
save LOGS1/profile225.data for model 20024
                star               model                 age                mass             lg_mdot           (r-rl)/rl          last photo
                   1               20025     5.732640509E+09     1.974585137E-01    -9.900000000E+01    -9.450871843E-01        photos1/20000
      20025   7.317895  1.739E+04   1.438760   1.438760   0.197459   0.006186   0.000000   0.011795   0.128900   0.009797  22.953166   2890     41
   1.596982   5.126634  -1.026054 -27.692904   0.274464 -99.000000   0.191273   0.980012   0.001635   0.004780   0.970085   1.446218      4      0
 5.7326E+09  21.039253  -0.137801  -4.378074   3.462042  -8.744227   0.000000   0.000103   0.002146  1.999E-02  2.012E-02  0.155E-08        Lnuc_H
                            surface ca40    1.0129539000356630D-05
                              surface h1        0.8663207466990425
              log_total_angular_momentum       46.6400046040436251

reduce dt because of varcontrol   20025
 star_1_spin_period/binary_period  0.34231464022989433       0.64255958748124897        1.8771022678133595     
 normal tolerance
 element diffusion on 
save LOGS1/profile226.data for model 20025
                star               model                 age                mass             lg_mdot           (r-rl)/rl          last photo
                   1               20026     5.732640547E+09     1.974585137E-01    -9.900000000E+01    -9.450543754E-01        photos1/20000
      20026   7.317879  1.737E+04   1.449602   1.449602   0.197459   0.006186   0.000000   0.011795   0.128903   0.009797  22.953148   2890     41
   1.583456   5.126609  -1.025795 -27.693686   0.285628 -99.000000   0.191273   0.980012   0.001635   0.004780   0.970085   1.446243      3      0
 5.7326E+09  21.039212  -0.138945  -4.364942   3.460380  -8.745161   0.000000   0.000103   0.002146  1.999E-02  2.012E-02  0.158E-08    varcontrol
                            surface ca40    1.0129943684528047D-05
                              surface h1        0.8663167778519151
              log_total_angular_momentum       46.6400046040436322

reduce dt because of varcontrol   20026
 star_1_spin_period/binary_period  0.34273750959998445       0.64335335652346914        1.8771022677802007     
 normal tolerance
 element diffusion on 
save LOGS1/profile227.data for model 20026
                star               model                 age                mass             lg_mdot           (r-rl)/rl          last photo
                   1               20027     5.732640584E+09     1.974585137E-01    -9.900000000E+01    -9.450208941E-01        photos1/20000
      20027   7.317864  1.735E+04   1.464993   1.464994   0.197459   0.006186   0.000000   0.011795   0.128907   0.009797  22.953131   2885     41
   1.564736   5.126584  -1.025530 -27.694429   0.300932 -99.000000   0.191273   0.980012   0.001635   0.004780   0.970085   1.446267      3      0
 5.7326E+09  21.039172  -0.140170  -4.345384   3.458627  -8.746132   0.000000   0.000103   0.002146  1.999E-02  2.012E-02  0.168E-08    varcontrol
                            surface ca40    1.0130336423963091D-05
                              surface h1        0.8663129228471997
              log_total_angular_momentum       46.6400046040436322

reduce dt because of Lnuc_H   20027
 star_1_spin_period/binary_period  0.34316915212978560       0.64416359368413034        1.8771022677484412     
 normal tolerance
 element diffusion on 
save LOGS1/profile228.data for model 20027
                star               model                 age                mass             lg_mdot           (r-rl)/rl          last photo
                   1               20028     5.732640619E+09     1.974585137E-01    -9.900000000E+01    -9.449876067E-01        photos1/20000
      20028   7.317849  1.733E+04   1.482085   1.482085   0.197459   0.006186   0.000000   0.011795   0.128911   0.009797  22.953114   2888     41
   1.549975   5.126560  -1.025268 -27.695169   0.317832 -99.000000   0.191273   0.980012   0.001635   0.004780   0.970085   1.446290      3      0
 5.7326E+09  21.039132  -0.141427  -4.323362   3.456846  -8.747104   0.000000   0.000103   0.002146  1.999E-02  2.012E-02  0.173E-08        Lnuc_H
                            surface ca40    1.0130711261662575D-05
                              surface h1        0.8663092460308230
              log_total_angular_momentum       46.6400046040436251

reduce dt because of Lnuc_H   20028
 star_1_spin_period/binary_period  0.34359882834311922       0.64497013986802809        1.8771022677177418     
 normal tolerance
 element diffusion on 
save LOGS1/profile229.data for model 20028
                star               model                 age                mass             lg_mdot           (r-rl)/rl          last photo
                   1               20029     5.732640654E+09     1.974585137E-01    -9.900000000E+01    -9.449542527E-01        photos1/20000
      20029   7.317833  1.732E+04   1.500328   1.500329   0.197459   0.006186   0.000000   0.011795   0.128914   0.009797  22.953097   2901     41
   1.539386   5.126535  -1.025004 -27.695902   0.335850 -99.000000   0.191273   0.980012   0.001635   0.004780   0.970085   1.446315      2      0
 5.7326E+09  21.039092  -0.142722  -4.299987   3.455026  -8.748089   0.000000   0.000103   0.002146  1.999E-02  2.012E-02  0.178E-08        Lnuc_H
                            surface ca40    1.0131071651757070D-05
                              surface h1        0.8663057138086691
              log_total_angular_momentum       46.6400046040436251

reduce dt because of Lnuc_H   20029
 star_1_spin_period/binary_period  0.34403041725763389       0.64578027638787838        1.8771022676877820     
 normal tolerance
 element diffusion on 
save LOGS1/profile230.data for model 20029
                star               model                 age                mass             lg_mdot           (r-rl)/rl          last photo
                   1               20030     5.732640687E+09     1.974585137E-01    -9.900000000E+01    -9.449207798E-01        photos1/20000

__________________________________________________________________________________________________________________________________________________

       step    lg_Tcntr    Teff       lg_LH     lg_Lnuc     Mass       H_rich     H_cntr     N_cntr     Y_surf     X_avg     eta_cntr  zones retry
   lg_dt_yr    lg_Dcntr    lg_R       lg_L3a    lg_Lneu     lg_Mdot    He_core    He_cntr    O_cntr     Z_surf     Y_avg     gam_cntr  iters bckup
     age_yr    lg_Pcntr    lg_L       lg_LZ     lg_Psurf    lg_Dsurf   C_core     C_cntr     Ne_cntr    Z_cntr     Z_avg     v_div_cs     dt_limit
__________________________________________________________________________________________________________________________________________________

      20030   7.317818  1.730E+04   1.518169   1.518169   0.197459   0.006186   0.000000   0.011795   0.128917   0.009797  22.953080   2911     41
   1.524491   5.126510  -1.024740 -27.696640   0.353495 -99.000000   0.191273   0.980012   0.001635   0.004780   0.970085   1.446339      3      0
 5.7326E+09  21.039051  -0.144065  -4.277202   3.453156  -8.749087   0.000000   0.000103   0.002146  1.999E-02  2.012E-02  0.185E-08        Lnuc_H
                            surface ca40    1.0131423184028223D-05
                              surface h1        0.8663022661550994
              log_total_angular_momentum       46.6400046040436251

reduce dt because of Lnuc_H   20030
 star_1_spin_period/binary_period  0.34446448055851592       0.64659505758431157        1.8771022676588311     
 normal tolerance
 element diffusion on 
save LOGS1/profile231.data for model 20030
                star               model                 age                mass             lg_mdot           (r-rl)/rl          last photo
                   1               20031     5.732640720E+09     1.974585137E-01    -9.900000000E+01    -9.448878938E-01        photos1/20000
      20031   7.317802  1.728E+04   1.534503   1.534504   0.197459   0.006186   0.000000   0.011795   0.128921   0.009797  22.953062   2919     41
   1.509816   5.126485  -1.024481 -27.697376   0.370060 -99.000000   0.191273   0.980012   0.001635   0.004780   0.970085   1.446364      3      0
 5.7326E+09  21.039009  -0.145413  -4.256193   3.451291  -8.750072   0.000000   0.000103   0.002146  1.999E-02  2.012E-02  0.188E-08        Lnuc_H
                            surface ca40    1.0131761995563731D-05
                              surface h1        0.8662989435713829
              log_total_angular_momentum       46.6400046040436251

reduce dt because of Lnuc_H   20031
 star_1_spin_period/binary_period  0.34489222032577788       0.64739796886175349        1.8771022676308415     
 normal tolerance
 element diffusion on 
save LOGS1/profile232.data for model 20031
                star               model                 age                mass             lg_mdot           (r-rl)/rl          last photo
                   1               20032     5.732640751E+09     1.974585137E-01    -9.900000000E+01    -9.448559328E-01        photos1/20000
      20032   7.317785  1.726E+04   1.547400   1.547401   0.197459   0.006186   0.000000   0.011795   0.128924   0.009797  22.953044   2935     41
   1.497269   5.126459  -1.024229 -27.698123   0.383332 -99.000000   0.191273   0.980012   0.001635   0.004781   0.970085   1.446390      3      0
 5.7326E+09  21.038967  -0.146737  -4.239478   3.449465  -8.751035   0.000000   0.000103   0.002146  1.999E-02  2.012E-02  0.188E-08        Lnuc_H
                            surface ca40    1.0132088204955737D-05
                              surface h1        0.8662957460160102
              log_total_angular_momentum       46.6400046040436251

reduce dt because of varcontrol   20032
 star_1_spin_period/binary_period  0.34530999758784997       0.64818217949836365        1.8771022676036491     
 normal tolerance
 element diffusion on 
save LOGS1/profile233.data for model 20032
                star               model                 age                mass             lg_mdot           (r-rl)/rl          last photo
                   1               20033     5.732640782E+09     1.974585137E-01    -9.900000000E+01    -9.448238691E-01        photos1/20000
      20033   7.317769  1.724E+04   1.561408   1.561409   0.197459   0.006186   0.000000   0.011795   0.128927   0.009797  22.953027   2925     41
   1.489351   5.126433  -1.023977 -27.698857   0.397750 -99.000000   0.191273   0.980012   0.001635   0.004781   0.970085   1.446415      3      0
 5.7326E+09  21.038924  -0.148088  -4.221798   3.447610  -8.752007   0.000000   0.000103   0.002146  1.999E-02  2.012E-02  0.193E-08    varcontrol
                            surface ca40    1.0132403066843117D-05
                              surface h1        0.8662926626372813
              log_total_angular_momentum       46.6400046040436251

reduce dt because of Lnuc_H   20033
 star_1_spin_period/binary_period  0.34573307276262283       0.64897633485906459        1.8771022675769462     
 normal tolerance
 element diffusion on 
save LOGS1/profile234.data for model 20033
                star               model                 age                mass             lg_mdot           (r-rl)/rl          last photo
                   1               20034     5.732640812E+09     1.974585137E-01    -9.900000000E+01    -9.447911950E-01        photos1/20000
      20034   7.317752  1.722E+04   1.577909   1.577910   0.197459   0.006186   0.000000   0.011795   0.128930   0.009797  22.953008   2927     41
   1.482936   5.126406  -1.023720 -27.699583   0.414283 -99.000000   0.191273   0.980012   0.001635   0.004781   0.970085   1.446441      3      0
 5.7326E+09  21.038880  -0.149495  -4.200527   3.445690  -8.753003   0.000000   0.000103   0.002146  1.999E-02  2.012E-02  0.199E-08        Lnuc_H
                            surface ca40    1.0132710723506869D-05
                              surface h1        0.8662896511091851
              log_total_angular_momentum       46.6400046040436251

reduce dt because of Lnuc_H   20034
 star_1_spin_period/binary_period  0.34616823348431347       0.64979317602740239        1.8771022675506348     
 normal tolerance
 element diffusion on 
save LOGS1/profile235.data for model 20034
                star               model                 age                mass             lg_mdot           (r-rl)/rl          last photo
                   1               20035     5.732640842E+09     1.974585137E-01    -9.900000000E+01    -9.447577982E-01        photos1/20000
      20035   7.317735  1.720E+04   1.595423   1.595423   0.197459   0.006186   0.000000   0.011795   0.128932   0.009797  22.952989   2953     41
   1.472519   5.126379  -1.023457 -27.700287   0.431807 -99.000000   0.191273   0.980012   0.001635   0.004781   0.970085   1.446467      3      0
 5.7326E+09  21.038837  -0.150974  -4.177931   3.443687  -8.754031   0.000000   0.000103   0.002146  1.999E-02  2.012E-02  0.209E-08        Lnuc_H
                            surface ca40    1.0133013450728742D-05
                              surface h1        0.8662866861132280
              log_total_angular_momentum       46.6400046040436251

reduce dt because of Lnuc_H   20035
 star_1_spin_period/binary_period  0.34661647315557215       0.65063456772182449        1.8771022675249474     
 normal tolerance
 element diffusion on 
save LOGS1/profile236.data for model 20035
                star               model                 age                mass             lg_mdot           (r-rl)/rl          last photo
                   1               20036     5.732640871E+09     1.974585137E-01    -9.900000000E+01    -9.447253676E-01        photos1/20000
      20036   7.317718  1.718E+04   1.610196   1.610197   0.197459   0.006186   0.000000   0.011795   0.128935   0.009797  22.952970   2992     41
   1.459091   5.126351  -1.023202 -27.700997   0.446736 -99.000000   0.191273   0.980012   0.001635   0.004781   0.970085   1.446495      3      0
 5.7326E+09  21.038791  -0.152431  -4.159033   3.441722  -8.755034   0.000000   0.000103   0.002146  1.999E-02  2.012E-02  0.209E-08        Lnuc_H
                            surface ca40    1.0133308678052165D-05
                              surface h1        0.8662837932477155
              log_total_angular_momentum       46.6400046040436251

reduce dt because of Lnuc_H   20036
 star_1_spin_period/binary_period  0.34705252072821824       0.65145307360054316        1.8771022675000404     
 normal tolerance
 element diffusion on 
save LOGS1/profile237.data for model 20036
                star               model                 age                mass             lg_mdot           (r-rl)/rl          last photo
                   1               20037     5.732640899E+09     1.974585137E-01    -9.900000000E+01    -9.446945643E-01        photos1/20000
      20037   7.317700  1.717E+04   1.607828   1.607829   0.197459   0.006186   0.000000   0.011795   0.128938   0.009797  22.952950   2975     41
   1.448393   5.126322  -1.022960 -27.701783   0.449108 -99.000000   0.191273   0.980012   0.001635   0.004781   0.970085   1.446523      4      0
 5.7326E+09  21.038744  -0.153817  -4.160284   3.439854  -8.755985   0.000000   0.000103   0.002146  1.999E-02  2.012E-02  0.204E-08        Lnuc_H
                            surface ca40    1.0133593598273277D-05
                              surface h1        0.8662810029561437
              log_total_angular_momentum       46.6400046040436251

reduce dt because of varcontrol   20037
 star_1_spin_period/binary_period  0.34746771158036382       0.65223242928210723        1.8771022674757396     
 normal tolerance
 element diffusion on 
save LOGS1/profile238.data for model 20037
                star               model                 age                mass             lg_mdot           (r-rl)/rl          last photo
                   1               20038     5.732640923E+09     1.974585137E-01    -9.900000000E+01    -9.446687088E-01        photos1/20000
      20038   7.317685  1.715E+04   1.618869   1.618870   0.197459   0.006186   0.000000   0.011795   0.128941   0.009797  22.952932   2952     41
   1.378046   5.126298  -1.022757 -27.702476   0.459528 -99.000000   0.191273   0.980012   0.001635   0.004781   0.970085   1.446547      4      0
 5.7326E+09  21.038704  -0.154977  -4.148055   3.438289  -8.756784   0.000000   0.000103   0.002146  1.999E-02  2.012E-02  0.202E-08    varcontrol
                            surface ca40    1.0133881855282111D-05
                              surface h1        0.8662781521024254
              log_total_angular_momentum       46.6400046040436251

reduce dt because of varcontrol   20038
 star_1_spin_period/binary_period  0.34781297397487249       0.65288052209852532        1.8771022674550726     
 normal tolerance
 element diffusion on 
save LOGS1/profile239.data for model 20038
                star               model                 age                mass             lg_mdot           (r-rl)/rl          last photo
                   1               20039     5.732640942E+09     1.974585137E-01    -9.900000000E+01    -9.446474345E-01        photos1/20000
      20039   7.317672  1.714E+04   1.626720   1.626721   0.197459   0.006186   0.000000   0.011795   0.128943   0.009797  22.952918   2960     41
   1.288433   5.126278  -1.022590 -27.703018   0.468611 -99.000000   0.191273   0.980012   0.001635   0.004781   0.970086   1.446566      3      0
 5.7326E+09  21.038671  -0.155934  -4.137801   3.436998  -8.757439   0.000000   0.000103   0.002146  1.999E-02  2.012E-02  0.204E-08    varcontrol
                            surface ca40    1.0134132511024629D-05
                              surface h1        0.8662756648084259
              log_total_angular_momentum       46.6400046040436251

reduce dt because of varcontrol   20039
 star_1_spin_period/binary_period  0.34809663083631465       0.65341297503046514        1.8771022674382598     
 normal tolerance
 element diffusion on 
save LOGS1/profile240.data for model 20039
                star               model                 age                mass             lg_mdot           (r-rl)/rl          last photo
                   1               20040     5.732640961E+09     1.974585137E-01    -9.900000000E+01    -9.446240276E-01        photos1/20000

__________________________________________________________________________________________________________________________________________________

       step    lg_Tcntr    Teff       lg_LH     lg_Lnuc     Mass       H_rich     H_cntr     N_cntr     Y_surf     X_avg     eta_cntr  zones retry
   lg_dt_yr    lg_Dcntr    lg_R       lg_L3a    lg_Lneu     lg_Mdot    He_core    He_cntr    O_cntr     Z_surf     Y_avg     gam_cntr  iters bckup
     age_yr    lg_Pcntr    lg_L       lg_LZ     lg_Psurf    lg_Dsurf   C_core     C_cntr     Ne_cntr    Z_cntr     Z_avg     v_div_cs     dt_limit
__________________________________________________________________________________________________________________________________________________

      20040   7.317660  1.712E+04   1.641582   1.641583   0.197459   0.006186   0.000000   0.011795   0.128945   0.009797  22.952904   2958     41
   1.285600   5.126259  -1.022407 -27.703477   0.482125 -99.000000   0.191273   0.980012   0.001635   0.004781   0.970086   1.446585      3      0
 5.7326E+09  21.038640  -0.157014  -4.118215   3.435552  -8.758168   0.000000   0.000103   0.002146  1.999E-02  2.012E-02  0.226E-08    varcontrol
                            surface ca40    1.0134327900197068D-05
                              surface h1        0.8662737511159104
              log_total_angular_momentum       46.6400046040436251

 star_1_spin_period/binary_period  0.34840656393370872       0.65399475114451733        1.8771022674215541     
 normal tolerance
 element diffusion on 
save LOGS1/profile241.data for model 20040
                star               model                 age                mass             lg_mdot           (r-rl)/rl          last photo
                   1               20041     5.732640981E+09     1.974585137E-01    -9.900000000E+01    -9.445995733E-01        photos1/20000
      20041   7.317647  1.711E+04   1.657907   1.657908   0.197459   0.006186   0.000000   0.011795   0.128947   0.009796  22.952890   2963     41
   1.295156   5.126238  -1.022215 -27.703932   0.497139 -99.000000   0.191273   0.980012   0.001635   0.004781   0.970086   1.446605      3      0
 5.7326E+09  21.038606  -0.158165  -4.096830   3.434019  -8.758935   0.000000   0.000103   0.002146  1.999E-02  2.012E-02  0.231E-08        Lnuc_H
                            surface ca40    1.0134519146181203D-05
                              surface h1        0.8662718829507206
              log_total_angular_momentum       46.6400046040436251

reduce dt because of Lnuc_H   20041
 star_1_spin_period/binary_period  0.34873056495845323       0.65460293419675708        1.8771022674044777     
 normal tolerance
 element diffusion on 
save LOGS1/profile242.data for model 20041
                star               model                 age                mass             lg_mdot           (r-rl)/rl          last photo
                   1               20042     5.732641000E+09     1.974585137E-01    -9.900000000E+01    -9.445747043E-01        photos1/20000
      20042   7.317634  1.709E+04   1.672773   1.672773   0.197459   0.006186   0.000000   0.011795   0.128949   0.009796  22.952876   2963     41
   1.279970   5.126218  -1.022020 -27.704355   0.511107 -99.000000   0.191273   0.980012   0.001635   0.004781   0.970086   1.446626      2      0
 5.7326E+09  21.038572  -0.159360  -4.077670   3.432435  -8.759722   0.000000   0.000103   0.002146  1.999E-02  2.012E-02  0.244E-08        Lnuc_H
                            surface ca40    1.0134716591126791D-05
                              surface h1        0.8662699460650078
              log_total_angular_momentum       46.6400046040436251

reduce dt because of Lnuc_H   20042
 star_1_spin_period/binary_period  0.34905980415839594       0.65522094983973234        1.8771022673879887     
 normal tolerance
 element diffusion on 
save LOGS1/profile243.data for model 20042
                star               model                 age                mass             lg_mdot           (r-rl)/rl          last photo
                   1               20043     5.732641019E+09     1.974585137E-01    -9.900000000E+01    -9.445507716E-01        photos1/20000
      20043   7.317621  1.708E+04   1.682169   1.682170   0.197459   0.006186   0.000000   0.011795   0.128950   0.009796  22.952861   2982     41
   1.270965   5.126197  -1.021833 -27.704756   0.522035 -99.000000   0.191273   0.980012   0.001635   0.004782   0.970086   1.446646      3      0
 5.7326E+09  21.038538  -0.160526  -4.064596   3.430896  -8.760480   0.000000   0.000103   0.002146  1.999E-02  2.012E-02  0.240E-08        Lnuc_H
                            surface ca40    1.0134905589574788D-05
                              surface h1        0.8662680944499671
              log_total_angular_momentum       46.6400046040436251

 star_1_spin_period/binary_period  0.34937762410331402       0.65581753037331592        1.8771022673718363     
 normal tolerance
 element diffusion on 
save LOGS1/profile244.data for model 20043
                star               model                 age                mass             lg_mdot           (r-rl)/rl          last photo
                   1               20044     5.732641039E+09     1.974585137E-01    -9.900000000E+01    -9.445287039E-01        photos1/20000
      20044   7.317604  1.706E+04   1.691327   1.691328   0.197459   0.006186   0.000000   0.011795   0.128952   0.009796  22.952843   2991     41
   1.300063   5.126170  -1.021660 -27.705332   0.533064 -99.000000   0.191273   0.980012   0.001635   0.004782   0.970086   1.446672      3      0
 5.7326E+09  21.038494  -0.161587  -4.053090   3.429490  -8.761176   0.000000   0.000103   0.002146  1.999E-02  2.012E-02  0.207E-08    varcontrol
                            surface ca40    1.0135084845767375D-05
                              surface h1        0.8662663517805965
              log_total_angular_momentum       46.6400046040436251

 star_1_spin_period/binary_period  0.34967330956933473       0.65637256222597284        1.8771022673545648     
 normal tolerance
 element diffusion on 
save LOGS1/profile245.data for model 20044
                star               model                 age                mass             lg_mdot           (r-rl)/rl          last photo
                   1               20045     5.732641060E+09     1.974585137E-01    -9.900000000E+01    -9.445002629E-01        photos1/20000
      20045   7.317588  1.705E+04   1.702707   1.702708   0.197459   0.006186   0.000000   0.011795   0.128954   0.009796  22.952825   2994     41
   1.329501   5.126144  -1.021437 -27.705753   0.547383 -99.000000   0.191273   0.980012   0.001635   0.004782   0.970086   1.446697      3      0
 5.7326E+09  21.038452  -0.162977  -4.037676   3.427656  -8.762079   0.000000   0.000103   0.002146  1.999E-02  2.012E-02  0.249E-08    varcontrol
                            surface ca40    1.0135274337535262D-05
                              surface h1        0.8662645110109266
              log_total_angular_momentum       46.6400046040436251

reduce dt because of Lnuc_H   20045
 star_1_spin_period/binary_period  0.35005263993470997       0.65708460410842540        1.8771022673360824     
 normal tolerance
 element diffusion on 
save LOGS1/profile246.data for model 20045
                star               model                 age                mass             lg_mdot           (r-rl)/rl          last photo
                   1               20046     5.732641081E+09     1.974585137E-01    -9.900000000E+01    -9.444707225E-01        photos1/20000
      20046   7.317572  1.703E+04   1.717739   1.717740   0.197459   0.006186   0.000000   0.011795   0.128956   0.009796  22.952808   2978     41
   1.324863   5.126119  -1.021206 -27.706097   0.560496 -99.000000   0.191273   0.980012   0.001635   0.004782   0.970086   1.446722      3      0
 5.7326E+09  21.038411  -0.164454  -4.018332   3.425718  -8.763022   0.000000   0.000103   0.002146  1.999E-02  2.012E-02  0.262E-08        Lnuc_H
                            surface ca40    1.0135480408765661D-05
                              surface h1        0.8662624963035456
              log_total_angular_momentum       46.6400046040436251

reduce dt because of Lnuc_H   20046
 star_1_spin_period/binary_period  0.35044614884414538       0.65782326056813523        1.8771022673177962     
 normal tolerance
 element diffusion on 
save LOGS1/profile247.data for model 20046
                star               model                 age                mass             lg_mdot           (r-rl)/rl          last photo
                   1               20047     5.732641102E+09     1.974585137E-01    -9.900000000E+01    -9.444410299E-01        photos1/20000
      20047   7.317556  1.701E+04   1.731106   1.731107   0.197459   0.006186   0.000000   0.011795   0.128958   0.009796  22.952789   2981     41
   1.318688   5.126093  -1.020974 -27.706392   0.575242 -99.000000   0.191273   0.980012   0.001635   0.004782   0.970086   1.446748      3      0
 5.7326E+09  21.038368  -0.165967  -4.000236   3.423742  -8.763979   0.000000   0.000103   0.002146  1.999E-02  2.012E-02  0.268E-08        Lnuc_H
                            surface ca40    1.0135683694070741D-05
                              surface h1        0.8662605085386316
              log_total_angular_momentum       46.6400046040436251

reduce dt because of Lnuc_H   20047
 star_1_spin_period/binary_period  0.35084155875938677       0.65856548541022941        1.8771022672997670     
 normal tolerance
 element diffusion on 
save LOGS1/profile248.data for model 20047
                star               model                 age                mass             lg_mdot           (r-rl)/rl          last photo
                   1               20048     5.732641123E+09     1.974585137E-01    -9.900000000E+01    -9.444174966E-01        photos1/20000
      20048   7.317537  1.699E+04   1.726011   1.726012   0.197459   0.006186   0.000000   0.011795   0.128960   0.009796  22.952768   2983     41
   1.310624   5.126062  -1.020790 -27.707052   0.580636 -99.000000   0.191273   0.980012   0.001635   0.004782   0.970086   1.446778      4      0
 5.7326E+09  21.038318  -0.167159  -4.003833   3.422182  -8.764733   0.000000   0.000103   0.002146  1.999E-02  2.012E-02  0.216E-08        Lnuc_H
                            surface ca40    1.0135883547530805D-05
                              surface h1        0.8662585539241959
              log_total_angular_momentum       46.6400046040436251

reduce dt because of varcontrol   20048
 star_1_spin_period/binary_period  0.35115669445065928       0.65915702732460946        1.8771022672820696     
 normal tolerance
 element diffusion on 
save LOGS1/profile249.data for model 20048
                star               model                 age                mass             lg_mdot           (r-rl)/rl          last photo
                   1               20049     5.732641142E+09     1.974585137E-01    -9.900000000E+01    -9.443882547E-01        photos1/20000
      20049   7.317521  1.697E+04   1.739758   1.739759   0.197459   0.006186   0.000000   0.011795   0.128961   0.009796  22.952751   2976     41
   1.291355   5.126038  -1.020562 -27.707571   0.589890 -99.000000   0.191273   0.980012   0.001635   0.004782   0.970086   1.446802      4      0
 5.7326E+09  21.038278  -0.168652  -3.988071   3.420235  -8.765674   0.000000   0.000103   0.002146  1.999E-02  2.012E-02  0.281E-08    varcontrol
                            surface ca40    1.0136080371775830D-05
                              surface h1        0.8662566252935748
              log_total_angular_momentum       46.6400046040436251

reduce dt because of varcontrol   20049
 star_1_spin_period/binary_period  0.35154601656841927       0.65988782474860819        1.8771022672651398     
 normal tolerance
 element diffusion on 
save LOGS1/profile250.data for model 20049
                star               model                 age                mass             lg_mdot           (r-rl)/rl          last photo
                   1               20050     5.732641159E+09     1.974585137E-01    -9.900000000E+01    -9.443662842E-01        photos1/20000

__________________________________________________________________________________________________________________________________________________

       step    lg_Tcntr    Teff       lg_LH     lg_Lnuc     Mass       H_rich     H_cntr     N_cntr     Y_surf     X_avg     eta_cntr  zones retry
   lg_dt_yr    lg_Dcntr    lg_R       lg_L3a    lg_Lneu     lg_Mdot    He_core    He_cntr    O_cntr     Z_surf     Y_avg     gam_cntr  iters bckup
     age_yr    lg_Pcntr    lg_L       lg_LZ     lg_Psurf    lg_Dsurf   C_core     C_cntr     Ne_cntr    Z_cntr     Z_avg     v_div_cs     dt_limit
__________________________________________________________________________________________________________________________________________________

      20050   7.317505  1.696E+04   1.748254   1.748255   0.197459   0.006186   0.000000   0.011795   0.128963   0.009796  22.952733   2973     41
   1.237091   5.126012  -1.020390 -27.708002   0.604263 -99.000000   0.191273   0.980012   0.001635   0.004782   0.970086   1.446827      4      0
 5.7326E+09  21.038236  -0.169784  -3.977060   3.418760  -8.766381   0.000000   0.000103   0.002146  1.999E-02  2.012E-02  0.240E-08    varcontrol
                            surface ca40    1.0136273060943319D-05
                              surface h1        0.8662547256643399
              log_total_angular_momentum       46.6400046040436251

reduce dt because of varcontrol   20050
 star_1_spin_period/binary_period  0.35184240060498173       0.66044416789036375        1.8771022672501982     
 normal tolerance
 element diffusion on 
save LOGS1/profile251.data for model 20050
save photos1/x050 for model 20050
                star               model                 age                mass             lg_mdot           (r-rl)/rl          last photo
                   1               20051     5.732641176E+09     1.974585137E-01    -9.900000000E+01    -9.443414217E-01        photos1/x050
      20051   7.317491  1.694E+04   1.764050   1.764050   0.197459   0.006186   0.000000   0.011795   0.128965   0.009796  22.952717   2981     41
   1.217658   5.125990  -1.020196 -27.708135   0.615311 -99.000000   0.191273   0.980012   0.001635   0.004782   0.970086   1.446848      3      0
 5.7326E+09  21.038200  -0.171070  -3.955599   3.417088  -8.767183   0.000000   0.000103   0.002146  1.999E-02  2.012E-02  0.284E-08    varcontrol
                            surface ca40    1.0136439823770678D-05
                              surface h1        0.8662530909029023
              log_total_angular_momentum       46.6400046040436251

 star_1_spin_period/binary_period  0.35217770188334740       0.66107356267516393        1.8771022672359103     
 normal tolerance
 element diffusion on 
save LOGS1/profile252.data for model 20051
                star               model                 age                mass             lg_mdot           (r-rl)/rl          last photo
                   1               20052     5.732641193E+09     1.974585137E-01    -9.900000000E+01    -9.443136683E-01        photos1/x050
      20052   7.317477  1.692E+04   1.778170   1.778171   0.197459   0.006186   0.000000   0.011795   0.128966   0.009796  22.952702   2988     41
   1.224539   5.125968  -1.019979 -27.708102   0.627443 -99.000000   0.191273   0.980012   0.001635   0.004782   0.970086   1.446870      2      0
 5.7326E+09  21.038163  -0.172532  -3.937080   3.415193  -8.768084   0.000000   0.000103   0.002146  1.999E-02  2.012E-02  0.312E-08        Lnuc_H
                            surface ca40    1.0136596012257324D-05
                              surface h1        0.8662515675049789
              log_total_angular_momentum       46.6400046040436251

reduce dt because of Lnuc_H   20052
 star_1_spin_period/binary_period  0.35255965063852113       0.66179051954435097        1.8771022672213951     
 normal tolerance
 element diffusion on 
save LOGS1/profile253.data for model 20052
                star               model                 age                mass             lg_mdot           (r-rl)/rl          last photo
                   1               20053     5.732641209E+09     1.974585137E-01    -9.900000000E+01    -9.442905299E-01        photos1/x050
      20053   7.317461  1.691E+04   1.782109   1.782109   0.197459   0.006186   0.000000   0.011795   0.128968   0.009796  22.952684   3006     41
   1.211476   5.125942  -1.019799 -27.708296   0.638898 -99.000000   0.191273   0.980012   0.001635   0.004782   0.970086   1.446895      4      0
 5.7326E+09  21.038122  -0.173777  -3.930637   3.413589  -8.768840   0.000000   0.000103   0.002146  1.999E-02  2.012E-02  0.268E-08        Lnuc_H
                            surface ca40    1.0136756076264789D-05
                              surface h1        0.8662500006794993
              log_total_angular_momentum       46.6400046040436251

 star_1_spin_period/binary_period  0.35287986125725707       0.66239158761779759        1.8771022672073083     
 normal tolerance
 element diffusion on 
save LOGS1/profile254.data for model 20053
                star               model                 age                mass             lg_mdot           (r-rl)/rl          last photo
                   1               20054     5.732641226E+09     1.974585137E-01    -9.900000000E+01    -9.442619767E-01        photos1/x050
      20054   7.317446  1.689E+04   1.796245   1.796246   0.197459   0.006186   0.000000   0.011795   0.128969   0.009796  22.952668   3013     41
   1.228978   5.125919  -1.019576 -27.708216   0.648131 -99.000000   0.191273   0.980012   0.001635   0.004782   0.970086   1.446918      3      0
 5.7326E+09  21.038083  -0.175312  -3.912146   3.411610  -8.769773   0.000000   0.000103   0.002146  1.999E-02  2.012E-02  0.318E-08    varcontrol
                            surface ca40    1.0136907347665471D-05
                              surface h1        0.8662485291175508
              log_total_angular_momentum       46.6400046040436251

 star_1_spin_period/binary_period  0.35327003913408245       0.66312399138981992        1.8771022671926429     
 normal tolerance
 element diffusion on 
save LOGS1/profile255.data for model 20054
                star               model                 age                mass             lg_mdot           (r-rl)/rl          last photo
                   1               20055     5.732641243E+09     1.974585137E-01    -9.900000000E+01    -9.442329723E-01        photos1/x050
      20055   7.317430  1.687E+04   1.809185   1.809186   0.197459   0.006186   0.000000   0.011795   0.128971   0.009796  22.952650   2998     41
   1.235867   5.125893  -1.019351 -27.707963   0.662578 -99.000000   0.191273   0.980012   0.001635   0.004782   0.970086   1.446944      3      0
 5.7326E+09  21.038040  -0.176900  -3.894095   3.409572  -8.770726   0.000000   0.000103   0.002146  1.999E-02  2.012E-02  0.319E-08    varcontrol
                            surface ca40    1.0137064934975243D-05
                              surface h1        0.8662469933290935
              log_total_angular_momentum       46.6400046040436251

reduce dt because of Lnuc_H   20055
 star_1_spin_period/binary_period  0.35366407531812633       0.66386363759897471        1.8771022671777424     
 normal tolerance
 element diffusion on 
save LOGS1/profile256.data for model 20055
                star               model                 age                mass             lg_mdot           (r-rl)/rl          last photo
                   1               20056     5.732641260E+09     1.974585137E-01    -9.900000000E+01    -9.442036402E-01        photos1/x050
      20056   7.317414  1.685E+04   1.820918   1.820919   0.197459   0.006186   0.000000   0.011795   0.128972   0.009796  22.952632   3003     41
   1.223098   5.125867  -1.019122 -27.707566   0.674483 -99.000000   0.191273   0.980012   0.001635   0.004782   0.970086   1.446969      3      0
 5.7326E+09  21.037998  -0.178524  -3.880025   3.407491  -8.771695   0.000000   0.000103   0.002146  1.999E-02  2.012E-02  0.332E-08        Lnuc_H
                            surface ca40    1.0137226482278632D-05
                              surface h1        0.8662454132171242
              log_total_angular_momentum       46.6400046040436251

reduce dt because of Lnuc_H   20056
 star_1_spin_period/binary_period  0.35406313795978517       0.66461271898325569        1.8771022671632738     
 normal tolerance
 element diffusion on 
save LOGS1/profile257.data for model 20056
                star               model                 age                mass             lg_mdot           (r-rl)/rl          last photo
                   1               20057     5.732641277E+09     1.974585137E-01    -9.900000000E+01    -9.441755716E-01        photos1/x050
      20057   7.317396  1.683E+04   1.824914   1.824915   0.197459   0.006186   0.000000   0.011795   0.128974   0.009796  22.952612   3013     41
   1.220944   5.125839  -1.018904 -27.707367   0.682906 -99.000000   0.191273   0.980012   0.001635   0.004782   0.970087   1.446996      3      0
 5.7326E+09  21.037952  -0.180102  -3.870105   3.405478  -8.772625   0.000000   0.000103   0.002146  1.999E-02  2.012E-02  0.320E-08        Lnuc_H
                            surface ca40    1.0137381669551544D-05
                              surface h1        0.8662438985517922
              log_total_angular_momentum       46.6400046040436251

 star_1_spin_period/binary_period  0.35444295126566105       0.66532566739571097        1.8771022671488762     
 normal tolerance
 element diffusion on 
save LOGS1/profile258.data for model 20057
                star               model                 age                mass             lg_mdot           (r-rl)/rl          last photo
                   1               20058     5.732641293E+09     1.974585137E-01    -9.900000000E+01    -9.441464997E-01        photos1/x050
      20058   7.317379  1.681E+04   1.838302   1.838303   0.197459   0.006186   0.000000   0.011795   0.128975   0.009796  22.952594   3006     41
   1.223188   5.125812  -1.018678 -27.707010   0.693477 -99.000000   0.191273   0.980012   0.001635   0.004782   0.970087   1.447023      3      0
 5.7326E+09  21.037908  -0.181743  -3.855922   3.403386  -8.773589   0.000000   0.000103   0.002146  1.999E-02  2.012E-02  0.330E-08    varcontrol
                            surface ca40    1.0137534761081389D-05
                              surface h1        0.8662424060065640
              log_total_angular_momentum       46.6400046040436251

reduce dt because of varcontrol   20058
 star_1_spin_period/binary_period  0.35483677180941897       0.66606490882611347        1.8771022671344040     
 normal tolerance
 element diffusion on 
save LOGS1/profile259.data for model 20058
                star               model                 age                mass             lg_mdot           (r-rl)/rl          last photo
                   1               20059     5.732641309E+09     1.974585137E-01    -9.900000000E+01    -9.441159825E-01        photos1/x050
      20059   7.317363  1.679E+04   1.849833   1.849834   0.197459   0.006186   0.000000   0.011795   0.128977   0.009795  22.952575   3001     41
   1.210046   5.125785  -1.018440 -27.706228   0.708721 -99.000000   0.191273   0.980012   0.001635   0.004783   0.970087   1.447049      3      0
 5.7326E+09  21.037864  -0.183473  -3.839366   3.401183  -8.774603   0.000000   0.000103   0.002146  1.999E-02  2.012E-02  0.358E-08    varcontrol
                            surface ca40    1.0137689644881466D-05
                              surface h1        0.8662408916912380
              log_total_angular_momentum       46.6400046040436251

reduce dt because of Lnuc_H   20059
 star_1_spin_period/binary_period  0.35525147136724672       0.66684334230130360        1.8771022671203634     
 normal tolerance
 element diffusion on 
save LOGS1/profile260.data for model 20059
                star               model                 age                mass             lg_mdot           (r-rl)/rl          last photo
                   1               20060     5.732641325E+09     1.974585137E-01    -9.900000000E+01    -9.440841182E-01        photos1/x050

__________________________________________________________________________________________________________________________________________________

       step    lg_Tcntr    Teff       lg_LH     lg_Lnuc     Mass       H_rich     H_cntr     N_cntr     Y_surf     X_avg     eta_cntr  zones retry
   lg_dt_yr    lg_Dcntr    lg_R       lg_L3a    lg_Lneu     lg_Mdot    He_core    He_cntr    O_cntr     Z_surf     Y_avg     gam_cntr  iters bckup
     age_yr    lg_Pcntr    lg_L       lg_LZ     lg_Psurf    lg_Dsurf   C_core     C_cntr     Ne_cntr    Z_cntr     Z_avg     v_div_cs     dt_limit
__________________________________________________________________________________________________________________________________________________

      20060   7.317346  1.676E+04   1.861076   1.861077   0.197459   0.006186   0.000000   0.011795   0.128978   0.009795  22.952557   3001     41
   1.195311   5.125759  -1.018193 -27.705161   0.717995 -99.000000   0.191273   0.980012   0.001635   0.004783   0.970087   1.447074      3      0
 5.7326E+09  21.037822  -0.185294  -3.825530   3.398869  -8.775661   0.000000   0.000103   0.002146  1.999E-02  2.012E-02  0.387E-08        Lnuc_H
                            surface ca40    1.0137839458032570D-05
                              surface h1        0.8662394267082733
              log_total_angular_momentum       46.6400046040436251

 star_1_spin_period/binary_period  0.35568574035636319       0.66765850960048656        1.8771022671067903     
 normal tolerance
 element diffusion on 
save LOGS1/profile261.data for model 20060
                star               model                 age                mass             lg_mdot           (r-rl)/rl          last photo
                   1               20061     5.732641341E+09     1.974585137E-01    -9.900000000E+01    -9.440587965E-01        photos1/x050
      20061   7.317327  1.675E+04   1.867079   1.867080   0.197459   0.006186   0.000000   0.011795   0.128979   0.009795  22.952536   3012     41
   1.195822   5.125729  -1.017996 -27.704627   0.735072 -99.000000   0.191273   0.980012   0.001635   0.004783   0.970087   1.447104      3      0
 5.7326E+09  21.037772  -0.186797  -3.815571   3.396973  -8.776516   0.000000   0.000103   0.002146  1.999E-02  2.012E-02  0.307E-08        Lnuc_H
                            surface ca40    1.0137982160851470D-05
                              surface h1        0.8662380355683319
              log_total_angular_momentum       46.6400046040436251

reduce dt because of varcontrol   20061
 star_1_spin_period/binary_period  0.35603637371521385       0.66831668426846980        1.8771022670932003     
 normal tolerance
 element diffusion on 
save LOGS1/profile262.data for model 20061
                star               model                 age                mass             lg_mdot           (r-rl)/rl          last photo
                   1               20062     5.732641356E+09     1.974585137E-01    -9.900000000E+01    -9.440259345E-01        photos1/x050
      20062   7.317311  1.672E+04   1.879753   1.879754   0.197459   0.006186   0.000000   0.011795   0.128981   0.009795  22.952518   3014     41
   1.193453   5.125703  -1.017741 -27.703284   0.738788 -99.000000   0.191273   0.980012   0.001635   0.004783   0.970087   1.447130      3      0
 5.7326E+09  21.037729  -0.188686  -3.799854   3.394576  -8.777608   0.000000   0.000103   0.002146  1.999E-02  2.012E-02  0.401E-08    varcontrol
                            surface ca40    1.0138124384548660D-05
                              surface h1        0.8662366487461163
              log_total_angular_momentum       46.6400046040436180

reduce dt because of varcontrol   20062
 star_1_spin_period/binary_period  0.35648484508507805       0.66915851088875034        1.8771022670796851     
 normal tolerance
 element diffusion on 
save LOGS1/profile263.data for model 20062
                star               model                 age                mass             lg_mdot           (r-rl)/rl          last photo
                   1               20063     5.732641371E+09     1.974585137E-01    -9.900000000E+01    -9.439961949E-01        photos1/x050
      20063   7.317294  1.670E+04   1.888381   1.888382   0.197459   0.006186   0.000000   0.011795   0.128982   0.009795  22.952499   3014     41
   1.163329   5.125675  -1.017511 -27.701902   0.755823 -99.000000   0.191273   0.980012   0.001635   0.004783   0.970087   1.447157      3      0
 5.7326E+09  21.037685  -0.190430  -3.788584   3.392371  -8.778602   0.000000   0.000103   0.002146  1.999E-02  2.012E-02  0.390E-08    varcontrol
                            surface ca40    1.0138268361620764D-05
                              surface h1        0.8662352373491069
              log_total_angular_momentum       46.6400046040436251

reduce dt because of varcontrol   20063
 star_1_spin_period/binary_period  0.35689504384294718       0.66992849590259962        1.8771022670670758     
 normal tolerance
 element diffusion on 
save LOGS1/profile264.data for model 20063
                star               model                 age                mass             lg_mdot           (r-rl)/rl          last photo
                   1               20064     5.732641385E+09     1.974585137E-01    -9.900000000E+01    -9.439678346E-01        photos1/x050
      20064   7.317278  1.668E+04   1.898262   1.898263   0.197459   0.006186   0.000000   0.011795   0.128983   0.009795  22.952481   3015     41
   1.143292   5.125650  -1.017291 -27.700222   0.767005 -99.000000   0.191273   0.980012   0.001635   0.004783   0.970087   1.447182      3      0
 5.7326E+09  21.037642  -0.192112  -3.777309   3.390252  -8.779556   0.000000   0.000103   0.002146  1.999E-02  2.012E-02  0.390E-08    varcontrol
                            surface ca40    1.0138401615777773D-05
                              surface h1        0.8662339334186957
              log_total_angular_momentum       46.6400046040436180

 star_1_spin_period/binary_period  0.35728399852691506       0.67065860361735941        1.8771022670550335     
 normal tolerance
 element diffusion on 
save LOGS1/profile265.data for model 20064
                star               model                 age                mass             lg_mdot           (r-rl)/rl          last photo
                   1               20065     5.732641399E+09     1.974585137E-01    -9.900000000E+01    -9.439357408E-01        photos1/x050
      20065   7.317261  1.666E+04   1.905968   1.905969   0.197459   0.006186   0.000000   0.011795   0.128984   0.009795  22.952463   3016     41
   1.158116   5.125623  -1.017042 -27.698265   0.774227 -99.000000   0.191273   0.980012   0.001635   0.004783   0.970087   1.447208      3      0
 5.7326E+09  21.037599  -0.194010  -3.764713   3.387857  -8.780630   0.000000   0.000103   0.002146  1.999E-02  2.012E-02  0.427E-08    varcontrol
                            surface ca40    1.0138525077908511D-05
                              surface h1        0.8662327339706795
              log_total_angular_momentum       46.6400046040436251

reduce dt because of varcontrol   20065
 star_1_spin_period/binary_period  0.35772069554011199       0.67147832856639067        1.8771022670425741     
 normal tolerance
 element diffusion on 
save LOGS1/profile266.data for model 20065
                star               model                 age                mass             lg_mdot           (r-rl)/rl          last photo
                   1               20066     5.732641414E+09     1.974585137E-01    -9.900000000E+01    -9.439019053E-01        photos1/x050
      20066   7.317244  1.663E+04   1.916015   1.916016   0.197459   0.006186   0.000000   0.011795   0.128986   0.009795  22.952444   3013     41
   1.157693   5.125596  -1.016780 -27.695746   0.781160 -99.000000   0.191273   0.980012   0.001635   0.004783   0.970087   1.447234      3      0
 5.7326E+09  21.037555  -0.196027  -3.752426   3.385318  -8.781765   0.000000   0.000103   0.002146  1.999E-02  2.012E-02  0.451E-08    varcontrol
                            surface ca40    1.0138653472714876D-05
                              surface h1        0.8662314829701436
              log_total_angular_momentum       46.6400046040436180

reduce dt because of varcontrol   20066
 star_1_spin_period/binary_period  0.35818253095206926       0.67234524086071756        1.8771022670301263     
 normal tolerance
 element diffusion on 
save LOGS1/profile267.data for model 20066
                star               model                 age                mass             lg_mdot           (r-rl)/rl          last photo
                   1               20067     5.732641428E+09     1.974585137E-01    -9.900000000E+01    -9.438732582E-01        photos1/x050
      20067   7.317226  1.661E+04   1.924850   1.924851   0.197459   0.006186   0.000000   0.011795   0.128987   0.009795  22.952425   3008     41
   1.141995   5.125567  -1.016558 -27.693514   0.798136 -99.000000   0.191273   0.980012   0.001635   0.004783   0.970087   1.447262      3      0
 5.7326E+09  21.037508  -0.197791  -3.741341   3.383112  -8.782736   0.000000   0.000103   0.002146  1.999E-02  2.012E-02  0.396E-08    varcontrol
                            surface ca40    1.0138782537284277D-05
                              surface h1        0.8662302218353221
              log_total_angular_momentum       46.6400046040436180

reduce dt because of varcontrol   20067
 star_1_spin_period/binary_period  0.35857949700006542       0.67309038672504018        1.8771022670181208     
 normal tolerance
 element diffusion on 
save LOGS1/profile268.data for model 20067
                star               model                 age                mass             lg_mdot           (r-rl)/rl          last photo
                   1               20068     5.732641440E+09     1.974585137E-01    -9.900000000E+01    -9.438385973E-01        photos1/x050
      20068   7.317211  1.659E+04   1.932740   1.932741   0.197459   0.006186   0.000000   0.011795   0.128988   0.009795  22.952408   2994     41
   1.111196   5.125543  -1.016290 -27.690494   0.799910 -99.000000   0.191273   0.980012   0.001635   0.004783   0.970087   1.447286      4      0
 5.7326E+09  21.037469  -0.199849  -3.730764   3.380519  -8.783895   0.000000   0.000103   0.002146  1.999E-02  2.012E-02  0.516E-08    varcontrol
                            surface ca40    1.0138907943562033D-05
                              surface h1        0.8662289930478299
              log_total_angular_momentum       46.6400046040436180

reduce dt because of varcontrol   20068
 star_1_spin_period/binary_period  0.35905444372929096       0.67398191030316612        1.8771022670069353     
 normal tolerance
 element diffusion on 
save LOGS1/profile269.data for model 20068
                star               model                 age                mass             lg_mdot           (r-rl)/rl          last photo
                   1               20069     5.732641453E+09     1.974585137E-01    -9.900000000E+01    -9.438139826E-01        photos1/x050
      20069   7.317194  1.657E+04   1.938826   1.938827   0.197459   0.006186   0.000000   0.011795   0.128989   0.009795  22.952389   2997     41
   1.088319   5.125516  -1.016100 -27.689298   0.815869 -99.000000   0.191273   0.980012   0.001635   0.004783   0.970087   1.447313      4      0
 5.7326E+09  21.037424  -0.201414  -3.724222   3.378575  -8.784738   0.000000   0.000103   0.002146  1.999E-02  2.012E-02  0.386E-08    varcontrol
                            surface ca40    1.0139023941356155D-05
                              surface h1        0.8662278580631277
              log_total_angular_momentum       46.6400046040436180

reduce dt because of varcontrol   20069
 star_1_spin_period/binary_period  0.35939707202047833       0.67462505864148148        1.8771022669963251     
 normal tolerance
 element diffusion on 
save LOGS1/profile270.data for model 20069
                star               model                 age                mass             lg_mdot           (r-rl)/rl          last photo
                   1               20070     5.732641464E+09     1.974585137E-01    -9.900000000E+01    -9.437831808E-01        photos1/x050

__________________________________________________________________________________________________________________________________________________

       step    lg_Tcntr    Teff       lg_LH     lg_Lnuc     Mass       H_rich     H_cntr     N_cntr     Y_surf     X_avg     eta_cntr  zones retry
   lg_dt_yr    lg_Dcntr    lg_R       lg_L3a    lg_Lneu     lg_Mdot    He_core    He_cntr    O_cntr     Z_surf     Y_avg     gam_cntr  iters bckup
     age_yr    lg_Pcntr    lg_L       lg_LZ     lg_Psurf    lg_Dsurf   C_core     C_cntr     Ne_cntr    Z_cntr     Z_avg     v_div_cs     dt_limit
__________________________________________________________________________________________________________________________________________________

      20070   7.317180  1.655E+04   1.950063   1.950064   0.197459   0.006186   0.000000   0.011795   0.128990   0.009795  22.952373   3004     41
   1.068678   5.125493  -1.015862 -27.686339   0.818706 -99.000000   0.191273   0.980012   0.001635   0.004783   0.970087   1.447335      4      0
 5.7326E+09  21.037387  -0.203272  -3.709793   3.376241  -8.785770   0.000000   0.000103   0.002146  1.999E-02  2.012E-02  0.506E-08    varcontrol
                            surface ca40    1.0139133350667506D-05
                              surface h1        0.8662267883142342
              log_total_angular_momentum       46.6400046040436180

reduce dt because of varcontrol   20070
 star_1_spin_period/binary_period  0.35982132630841157       0.67542142732349442        1.8771022669861830     
 normal tolerance
 element diffusion on 
save LOGS1/profile271.data for model 20070
                star               model                 age                mass             lg_mdot           (r-rl)/rl          last photo
                   1               20071     5.732641476E+09     1.974585137E-01    -9.900000000E+01    -9.437587656E-01        photos1/x050
      20071   7.317164  1.653E+04   1.955610   1.955611   0.197459   0.006186   0.000000   0.011795   0.128991   0.009795  22.952355   3005     41
   1.053586   5.125468  -1.015673 -27.684861   0.832263 -99.000000   0.191273   0.980012   0.001635   0.004783   0.970087   1.447360      4      0
 5.7326E+09  21.037345  -0.204822  -3.702773   3.374316  -8.786607   0.000000   0.000103   0.002146  1.999E-02  2.012E-02  0.416E-08    varcontrol
                            surface ca40    1.0139237342861692D-05
                              surface h1        0.8662257724333319
              log_total_angular_momentum       46.6400046040436180

 star_1_spin_period/binary_period  0.36016197317619641       0.67606085632772694        1.8771022669763870     
 normal tolerance
 element diffusion on 
save LOGS1/profile272.data for model 20071
                star               model                 age                mass             lg_mdot           (r-rl)/rl          last photo
                   1               20072     5.732641487E+09     1.974585137E-01    -9.900000000E+01    -9.437276832E-01        photos1/x050
      20072   7.317149  1.651E+04   1.967364   1.967365   0.197459   0.006186   0.000000   0.011795   0.128992   0.009795  22.952339   3008     41
   1.059476   5.125445  -1.015433 -27.681402   0.835880 -99.000000   0.191273   0.980012   0.001635   0.004783   0.970087   1.447383      4      0
 5.7326E+09  21.037307  -0.206711  -3.687306   3.371948  -8.787648   0.000000   0.000103   0.002146  1.999E-02  2.012E-02  0.523E-08    varcontrol
                            surface ca40    1.0139335542862601D-05
                              surface h1        0.8662248175562185
              log_total_angular_momentum       46.6400046040436180

 star_1_spin_period/binary_period  0.36058974077945866       0.67686381986196975        1.8771022669664590     
 normal tolerance
 element diffusion on 
save LOGS1/profile273.data for model 20072
                star               model                 age                mass             lg_mdot           (r-rl)/rl          last photo
                   1               20073     5.732641499E+09     1.974585137E-01    -9.900000000E+01    -9.436994530E-01        photos1/x050
      20073   7.317133  1.649E+04   1.976019   1.976020   0.197459   0.006186   0.000000   0.011795   0.128993   0.009795  22.952321   3007     41
   1.060210   5.125419  -1.015215 -27.677785   0.848768 -99.000000   0.191273   0.980012   0.001635   0.004783   0.970088   1.447408      3      0
 5.7326E+09  21.037265  -0.208484  -3.675689   3.369741  -8.788603   0.000000   0.000103   0.002146  1.999E-02  2.012E-02  0.475E-08        Lnuc_H
                            surface ca40    1.0139434992147898D-05
                              surface h1        0.8662238496554362
              log_total_angular_momentum       46.6400046040436180

 star_1_spin_period/binary_period  0.36097953018620865       0.67759549443742895        1.8771022669565123     
 normal tolerance
 element diffusion on 
save LOGS1/profile274.data for model 20073
                star               model                 age                mass             lg_mdot           (r-rl)/rl          last photo
                   1               20074     5.732641510E+09     1.974585137E-01    -9.900000000E+01    -9.436655817E-01        photos1/x050
      20074   7.317118  1.646E+04   1.985192   1.985193   0.197459   0.006186   0.000000   0.011795   0.128994   0.009795  22.952304   3019     41
   1.068497   5.125395  -1.014954 -27.672763   0.851864 -99.000000   0.191273   0.980012   0.001635   0.004783   0.970088   1.447432      3      0
 5.7326E+09  21.037225  -0.210559  -3.663411   3.367145  -8.789739   0.000000   0.000103   0.002146  1.999E-02  2.012E-02  0.560E-08    varcontrol
                            surface ca40    1.0139533432513350D-05
                              surface h1        0.8662228933836168
              log_total_angular_momentum       46.6400046040436180

 star_1_spin_period/binary_period  0.36144489600802349       0.67846903367285727        1.8771022669463739     
 normal tolerance
 element diffusion on 
save LOGS1/profile275.data for model 20074
                star               model                 age                mass             lg_mdot           (r-rl)/rl          last photo
                   1               20075     5.732641522E+09     1.974585137E-01    -9.900000000E+01    -9.436343449E-01        photos1/x050
      20075   7.317100  1.644E+04   1.992350   1.992351   0.197459   0.006186   0.000000   0.011795   0.128995   0.009795  22.952284   3034     41
   1.078897   5.125367  -1.014713 -27.668787   0.861344 -99.000000   0.191273   0.980012   0.001635   0.004783   0.970088   1.447459      3      0
 5.7326E+09  21.037179  -0.212542  -3.652640   3.364682  -8.790799   0.000000   0.000103   0.002146  1.999E-02  2.012E-02  0.505E-08    varcontrol
                            surface ca40    1.0139632998918895D-05
                              surface h1        0.8662219268709419
              log_total_angular_momentum       46.6400046040436180

reduce dt because of varcontrol   20075
 star_1_spin_period/binary_period  0.36188036475420998       0.67928645303975066        1.8771022669359902     
 normal tolerance
 element diffusion on 
save LOGS1/profile276.data for model 20075
                star               model                 age                mass             lg_mdot           (r-rl)/rl          last photo
                   1               20076     5.732641534E+09     1.974585137E-01    -9.900000000E+01    -9.436038619E-01        photos1/x050
      20076   7.317083  1.642E+04   2.002991   2.002992   0.197459   0.006186   0.000000   0.011795   0.128996   0.009795  22.952265   3031     41
   1.063449   5.125339  -1.014479 -27.663794   0.878826 -99.000000   0.191273   0.980012   0.001635   0.004783   0.970088   1.447487      4      0
 5.7326E+09  21.037134  -0.214482  -3.643101   3.362274  -8.791832   0.000000   0.000103   0.002146  1.999E-02  2.012E-02  0.511E-08    varcontrol
                            surface ca40    1.0139736409298981D-05
                              surface h1        0.8662209178236306
              log_total_angular_momentum       46.6400046040436180

reduce dt because of varcontrol   20076
 star_1_spin_period/binary_period  0.36230853742585378       0.68009017692870244        1.8771022669259689     
 normal tolerance
 element diffusion on 
save LOGS1/profile277.data for model 20076
                star               model                 age                mass             lg_mdot           (r-rl)/rl          last photo
                   1               20077     5.732641545E+09     1.974585137E-01    -9.900000000E+01    -9.435745696E-01        photos1/x050
      20077   7.317066  1.639E+04   2.009866   2.009867   0.197459   0.006186   0.000000   0.011795   0.128997   0.009794  22.952247   3029     41
   1.043306   5.125312  -1.014253 -27.659274   0.887459 -99.000000   0.191273   0.980012   0.001635   0.004783   0.970088   1.447512      3      0
 5.7326E+09  21.037090  -0.216352  -3.631648   3.359954  -8.792827   0.000000   0.000103   0.002146  1.999E-02  2.012E-02  0.515E-08    varcontrol
                            surface ca40    1.0139836208712033D-05
                              surface h1        0.8662199431766419
              log_total_angular_momentum       46.6400046040436180

reduce dt because of varcontrol   20077
 star_1_spin_period/binary_period  0.36271842734453780       0.68085958222078413        1.8771022669164019     
 normal tolerance
 element diffusion on 
save LOGS1/profile278.data for model 20077
                star               model                 age                mass             lg_mdot           (r-rl)/rl          last photo
                   1               20078     5.732641556E+09     1.974585137E-01    -9.900000000E+01    -9.435437588E-01        photos1/x050
      20078   7.317049  1.637E+04   2.019379   2.019380   0.197459   0.006186   0.000000   0.011795   0.128998   0.009794  22.952228   3030     41
   1.030564   5.125286  -1.014016 -27.653576   0.899737 -99.000000   0.191273   0.980012   0.001635   0.004783   0.970088   1.447538      3      0
 5.7326E+09  21.037047  -0.218295  -3.622593   3.357538  -8.793863   0.000000   0.000103   0.002146  1.999E-02  2.012E-02  0.558E-08    varcontrol
                            surface ca40    1.0139930576477259D-05
                              surface h1        0.8662190230533864
              log_total_angular_momentum       46.6400046040436180

reduce dt because of varcontrol   20078
 star_1_spin_period/binary_period  0.36314597730655335       0.68166213722032964        1.8771022669071111     
 normal tolerance
 element diffusion on 
save LOGS1/profile279.data for model 20078
                star               model                 age                mass             lg_mdot           (r-rl)/rl          last photo
                   1               20079     5.732641566E+09     1.974585137E-01    -9.900000000E+01    -9.435118530E-01        photos1/x050
      20079   7.317034  1.635E+04   2.025444   2.025445   0.197459   0.006186   0.000000   0.011795   0.128999   0.009794  22.952211   3030     41
   1.020180   5.125260  -1.013771 -27.647989   0.907588 -99.000000   0.191273   0.980012   0.001635   0.004783   0.970088   1.447563      3      0
 5.7326E+09  21.037006  -0.220300  -3.612220   3.355043  -8.794932   0.000000   0.000103   0.002146  1.999E-02  2.012E-02  0.593E-08    varcontrol
                            surface ca40    1.0140021474759951D-05
                              surface h1        0.8662181374279297
              log_total_angular_momentum       46.6400046040436180

 star_1_spin_period/binary_period  0.36358749424399683       0.68249090966118464        1.8771022668980402     
 normal tolerance
 element diffusion on 
save LOGS1/profile280.data for model 20079
                star               model                 age                mass             lg_mdot           (r-rl)/rl          last photo
                   1               20080     5.732641577E+09     1.974585137E-01    -9.900000000E+01    -9.434782524E-01        photos1/x050

__________________________________________________________________________________________________________________________________________________

       step    lg_Tcntr    Teff       lg_LH     lg_Lnuc     Mass       H_rich     H_cntr     N_cntr     Y_surf     X_avg     eta_cntr  zones retry
   lg_dt_yr    lg_Dcntr    lg_R       lg_L3a    lg_Lneu     lg_Mdot    He_core    He_cntr    O_cntr     Z_surf     Y_avg     gam_cntr  iters bckup
     age_yr    lg_Pcntr    lg_L       lg_LZ     lg_Psurf    lg_Dsurf   C_core     C_cntr     Ne_cntr    Z_cntr     Z_avg     v_div_cs     dt_limit
__________________________________________________________________________________________________________________________________________________

      20080   7.317018  1.632E+04   2.033673   2.033674   0.197459   0.006186   0.000000   0.011795   0.128999   0.009794  22.952193   3038     41
   1.022633   5.125235  -1.013512 -27.640631   0.910711 -99.000000   0.191273   0.980012   0.001635   0.004783   0.970088   1.447588      3      0
 5.7326E+09  21.036965  -0.222415  -3.601346   3.352413  -8.796060   0.000000   0.000103   0.002146  1.999E-02  2.012E-02  0.622E-08    varcontrol
                            surface ca40    1.0140108988286972D-05
                              surface h1        0.8662172872020073
              log_total_angular_momentum       46.6400046040436180

reduce dt because of varcontrol   20080
 star_1_spin_period/binary_period  0.36404967976542574       0.68335847914786507        1.8771022668889172     
 normal tolerance
 element diffusion on 
save LOGS1/profile281.data for model 20080
                star               model                 age                mass             lg_mdot           (r-rl)/rl          last photo
                   1               20081     5.732641587E+09     1.974585137E-01    -9.900000000E+01    -9.434469790E-01        photos1/x050
      20081   7.317001  1.630E+04   2.040567   2.040568   0.197459   0.006186   0.000000   0.011795   0.129000   0.009794  22.952175   3038     41
   1.017909   5.125209  -1.013272 -27.634858   0.920108 -99.000000   0.191273   0.980012   0.001635   0.004783   0.970088   1.447614      3      0
 5.7326E+09  21.036921  -0.224433  -3.591063   3.349916  -8.797118   0.000000   0.000103   0.002146  1.999E-02  2.012E-02  0.586E-08    varcontrol
                            surface ca40    1.0140197045059801D-05
                              surface h1        0.8662164305330906
              log_total_angular_momentum       46.6400046040436180

reduce dt because of varcontrol   20081
 star_1_spin_period/binary_period  0.36448258746610263       0.68417109117086994        1.8771022668798922     
 normal tolerance
 element diffusion on 
save LOGS1/profile282.data for model 20081
                star               model                 age                mass             lg_mdot           (r-rl)/rl          last photo
                   1               20082     5.732641596E+09     1.974585137E-01    -9.900000000E+01    -9.434144922E-01        photos1/x050
      20082   7.316987  1.628E+04   2.048096   2.048097   0.197459   0.006186   0.000000   0.011795   0.129001   0.009794  22.952160   3028     41
   0.963596   5.125186  -1.013023 -27.627078   0.920719 -99.000000   0.191273   0.980012   0.001635   0.004783   0.970088   1.447636      4      0
 5.7326E+09  21.036885  -0.226465  -3.580663   3.347387  -8.798200   0.000000   0.000103   0.002146  1.999E-02  2.012E-02  0.691E-08    varcontrol
                            surface ca40    1.0140287095380709D-05
                              surface h1        0.8662155460549026
              log_total_angular_momentum       46.6400046040436180

reduce dt because of varcontrol   20082
 star_1_spin_period/binary_period  0.36493076712069639       0.68501237021357109        1.8771022668719286     
 normal tolerance
 element diffusion on 
save LOGS1/profile283.data for model 20082
                star               model                 age                mass             lg_mdot           (r-rl)/rl          last photo
                   1               20083     5.732641605E+09     1.974585137E-01    -9.900000000E+01    -9.433961560E-01        photos1/x050
      20083   7.316970  1.626E+04   2.056287   2.056288   0.197459   0.006186   0.000000   0.011795   0.129002   0.009794  22.952141   3022     41
   0.935308   5.125158  -1.012882 -27.625863   0.960710 -99.000000   0.191273   0.980012   0.001635   0.004783   0.970088   1.447663      4      0
 5.7326E+09  21.036839  -0.227797  -3.579379   3.345774  -8.798849   0.000000   0.000103   0.002146  1.999E-02  2.012E-02  0.416E-08    varcontrol
                            surface ca40    1.0140364988834589D-05
                              surface h1        0.8662147846122693
              log_total_angular_momentum       46.6400046040436180

reduce dt because of varcontrol   20083
 star_1_spin_period/binary_period  0.36519339065727008       0.68550534144668251        1.8771022668644670     
 normal tolerance
 element diffusion on 
save LOGS1/profile284.data for model 20083
                star               model                 age                mass             lg_mdot           (r-rl)/rl          last photo
                   1               20084     5.732641613E+09     1.974585137E-01    -9.900000000E+01    -9.433669706E-01        photos1/x050
      20084   7.316956  1.624E+04   2.064197   2.064198   0.197459   0.006186   0.000000   0.011795   0.129002   0.009794  22.952126   3011     41
   0.925732   5.125137  -1.012658 -27.618998   0.956718 -99.000000   0.191273   0.980012   0.001635   0.004783   0.970088   1.447684      4      0
 5.7326E+09  21.036804  -0.229629  -3.566945   3.343496  -8.799818   0.000000   0.000103   0.002146  1.999E-02  2.012E-02  0.678E-08    varcontrol
                            surface ca40    1.0140436572525711D-05
                              surface h1        0.8662140876563874
              log_total_angular_momentum       46.6400046040436180

reduce dt because of varcontrol   20084
 star_1_spin_period/binary_period  0.36559764838709052       0.68626417454505739        1.8771022668571677     
 normal tolerance
 element diffusion on 
save LOGS1/profile285.data for model 20084
                star               model                 age                mass             lg_mdot           (r-rl)/rl          last photo
                   1               20085     5.732641621E+09     1.974585137E-01    -9.900000000E+01    -9.433385310E-01        photos1/x050
      20085   7.316944  1.622E+04   2.069842   2.069843   0.197459   0.006186   0.000000   0.011795   0.129003   0.009794  22.952112   3009     41
   0.898008   5.125117  -1.012440 -27.611295   0.961772 -99.000000   0.191273   0.980012   0.001635   0.004784   0.970088   1.447704      3      0
 5.7326E+09  21.036771  -0.231416  -3.558335   3.341274  -8.800765   0.000000   0.000103   0.002146  1.999E-02  2.012E-02  0.705E-08    varcontrol
                            surface ca40    1.0140507474317901D-05
                              surface h1        0.8662133947552869
              log_total_angular_momentum       46.6400046040436180

 star_1_spin_period/binary_period  0.36599221985258473       0.68700482553486752        1.8771022668503199     
 normal tolerance
 element diffusion on 
save LOGS1/profile286.data for model 20085
                star               model                 age                mass             lg_mdot           (r-rl)/rl          last photo
                   1               20086     5.732641630E+09     1.974585137E-01    -9.900000000E+01    -9.433142163E-01        photos1/x050
      20086   7.316929  1.620E+04   2.073693   2.073694   0.197459   0.006186   0.000000   0.011795   0.129004   0.009794  22.952095   3056     41
   0.912663   5.125093  -1.012254 -27.609534   0.968275 -99.000000   0.191273   0.980012   0.001635   0.004784   0.970088   1.447727      4      0
 5.7326E+09  21.036732  -0.233036  -3.552964   3.339282  -8.801590   0.000000   0.000103   0.002146  1.999E-02  2.012E-02  0.583E-08    varcontrol
                            surface ca40    1.0140571502976587D-05
                              surface h1        0.8662127747732004
              log_total_angular_momentum       46.6400046040436180

reduce dt because of varcontrol   20086
 star_1_spin_period/binary_period  0.36633530293858635       0.68764882757072476        1.8771022668432380     
 normal tolerance
 element diffusion on 
save LOGS1/profile287.data for model 20086
                star               model                 age                mass             lg_mdot           (r-rl)/rl          last photo
                   1               20087     5.732641637E+09     1.974585137E-01    -9.900000000E+01    -9.432862349E-01        photos1/x050
      20087   7.316916  1.618E+04   2.083719   2.083720   0.197459   0.006186   0.000000   0.011795   0.129004   0.009794  22.952081   3024     41
   0.888378   5.125073  -1.012040 -27.602602   0.969673 -99.000000   0.191273   0.980012   0.001635   0.004784   0.970088   1.447747      3      0
 5.7326E+09  21.036699  -0.234813  -3.539684   3.337078  -8.802520   0.000000   0.000103   0.002146  1.999E-02  2.012E-02  0.711E-08    varcontrol
                            surface ca40    1.0140639479083233D-05
                              surface h1        0.8662121111497161
              log_total_angular_momentum       46.6400046040436180

reduce dt because of Lnuc_H   20087
 star_1_spin_period/binary_period  0.36672469897132620       0.68837976374402421        1.8771022668365400     
 normal tolerance
 element diffusion on 
save LOGS1/profile288.data for model 20087
                star               model                 age                mass             lg_mdot           (r-rl)/rl          last photo
                   1               20088     5.732641644E+09     1.974585137E-01    -9.900000000E+01    -9.432579414E-01        photos1/x050
      20088   7.316904  1.616E+04   2.089461   2.089462   0.197459   0.006186   0.000000   0.011795   0.129005   0.009794  22.952067   3020     41
   0.857310   5.125054  -1.011823 -27.593969   0.974734 -99.000000   0.191273   0.980012   0.001635   0.004784   0.970088   1.447766      3      0
 5.7326E+09  21.036668  -0.236589  -3.531308   3.334870  -8.803456   0.000000   0.000103   0.002146  1.999E-02  2.012E-02  0.773E-08        Lnuc_H
                            surface ca40    1.0140703946867368D-05
                              surface h1        0.8662114809353469
              log_total_angular_momentum       46.6400046040436180

 star_1_spin_period/binary_period  0.36711902364691684       0.68911995148415561        1.8771022668303043     
 normal tolerance
 element diffusion on 
save LOGS1/profile289.data for model 20088
                star               model                 age                mass             lg_mdot           (r-rl)/rl          last photo
                   1               20089     5.732641652E+09     1.974585137E-01    -9.900000000E+01    -9.432314216E-01        photos1/x050
      20089   7.316889  1.614E+04   2.093169   2.093170   0.197459   0.006186   0.000000   0.011795   0.129005   0.009794  22.952052   3026     41
   0.896969   5.125031  -1.011620 -27.589567   0.978719 -99.000000   0.191273   0.980012   0.001635   0.004784   0.970088   1.447788      4      0
 5.7326E+09  21.036630  -0.238342  -3.524610   3.332712  -8.804349   0.000000   0.000103   0.002146  1.999E-02  2.012E-02  0.662E-08    varcontrol
                            surface ca40    1.0140760219600422D-05
                              surface h1        0.8662109397261624
              log_total_angular_momentum       46.6400046040436180

 star_1_spin_period/binary_period  0.36749586605986828       0.68982732322923446        1.8771022668234736     
 normal tolerance
 element diffusion on 
save LOGS1/profile290.data for model 20089
                star               model                 age                mass             lg_mdot           (r-rl)/rl          last photo
                   1               20090     5.732641661E+09     1.974585137E-01    -9.900000000E+01    -9.431988666E-01        photos1/x050

__________________________________________________________________________________________________________________________________________________

       step    lg_Tcntr    Teff       lg_LH     lg_Lnuc     Mass       H_rich     H_cntr     N_cntr     Y_surf     X_avg     eta_cntr  zones retry
   lg_dt_yr    lg_Dcntr    lg_R       lg_L3a    lg_Lneu     lg_Mdot    He_core    He_cntr    O_cntr     Z_surf     Y_avg     gam_cntr  iters bckup
     age_yr    lg_Pcntr    lg_L       lg_LZ     lg_Psurf    lg_Dsurf   C_core     C_cntr     Ne_cntr    Z_cntr     Z_avg     v_div_cs     dt_limit
__________________________________________________________________________________________________________________________________________________

      20090   7.316875  1.611E+04   2.102781   2.102782   0.197459   0.006186   0.000000   0.011795   0.129006   0.009794  22.952035   3031     41
   0.920429   5.125008  -1.011371 -27.579179   0.981270 -99.000000   0.191273   0.980012   0.001635   0.004784   0.970089   1.447811      3      0
 5.7326E+09  21.036592  -0.240421  -3.511792   3.330136  -8.805429   0.000000   0.000103   0.002146  1.999E-02  2.012E-02  0.771E-08    varcontrol
                            surface ca40    1.0140822238319933D-05
                              surface h1        0.8662103411037838
              log_total_angular_momentum       46.6400046040436180

reduce dt because of varcontrol   20090
 star_1_spin_period/binary_period  0.36796091202009368       0.69070026205269719        1.8771022668162625     
 normal tolerance
 element diffusion on 
save LOGS1/profile291.data for model 20090
                star               model                 age                mass             lg_mdot           (r-rl)/rl          last photo
                   1               20091     5.732641669E+09     1.974585137E-01    -9.900000000E+01    -9.431637466E-01        photos1/x050
      20091   7.316861  1.609E+04   2.109027   2.109028   0.197459   0.006186   0.000000   0.011795   0.129007   0.009794  22.952020   3040     41
   0.919868   5.124985  -1.011103 -27.567297   0.986611 -99.000000   0.191273   0.980012   0.001635   0.004784   0.970089   1.447833      3      0
 5.7326E+09  21.036555  -0.242645  -3.502667   3.327377  -8.806587   0.000000   0.000103   0.002146  1.999E-02  2.012E-02  0.834E-08    varcontrol
                            surface ca40    1.0140888649093326D-05
                              surface h1        0.8662096966246926
              log_total_angular_momentum       46.6400046040436180

 star_1_spin_period/binary_period  0.36845772641465657       0.69163283347626447        1.8771022668090604     
 normal tolerance
 element diffusion on 
save LOGS1/profile292.data for model 20091
                star               model                 age                mass             lg_mdot           (r-rl)/rl          last photo
                   1               20092     5.732641677E+09     1.974585137E-01    -9.900000000E+01    -9.431335444E-01        photos1/x050
      20092   7.316844  1.607E+04   2.114041   2.114043   0.197459   0.006186   0.000000   0.011795   0.129007   0.009794  22.952001   3059     41
   0.931183   5.124958  -1.010872 -27.560739   0.994633 -99.000000   0.191273   0.980012   0.001635   0.004784   0.970089   1.447859      4      0
 5.7326E+09  21.036511  -0.244671  -3.495161   3.324891  -8.807605   0.000000   0.000103   0.002146  1.999E-02  2.012E-02  0.699E-08    varcontrol
                            surface ca40    1.0140953878233111D-05
                              surface h1        0.8662090655368849
              log_total_angular_momentum       46.6400046040436180

reduce dt because of varcontrol   20092
 star_1_spin_period/binary_period  0.36888627456129769       0.69243726217103474        1.8771022668016690     
 normal tolerance
 element diffusion on 
save LOGS1/profile293.data for model 20092
                star               model                 age                mass             lg_mdot           (r-rl)/rl          last photo
                   1               20093     5.732641686E+09     1.974585137E-01    -9.900000000E+01    -9.430962929E-01        photos1/x050
      20093   7.316829  1.604E+04   2.122576   2.122577   0.197459   0.006186   0.000000   0.011795   0.129008   0.009794  22.951984   3097     41
   0.929456   5.124934  -1.010587 -27.547511   0.995355 -99.000000   0.191273   0.980012   0.001635   0.004784   0.970089   1.447883      3      0
 5.7326E+09  21.036472  -0.247042  -3.483159   3.321952  -8.808830   0.000000   0.000103   0.002146  1.999E-02  2.012E-02  0.867E-08    varcontrol
                            surface ca40    1.0141021087299209D-05
                              surface h1        0.8662084135538102
              log_total_angular_momentum       46.6400046040436180

reduce dt because of varcontrol   20093
 star_1_spin_period/binary_period  0.36940908193528926       0.69341862507513508        1.8771022667943063     
 normal tolerance
 element diffusion on 
save LOGS1/profile294.data for model 20093
                star               model                 age                mass             lg_mdot           (r-rl)/rl          last photo
                   1               20094     5.732641694E+09     1.974585137E-01    -9.900000000E+01    -9.430663090E-01        photos1/x050
      20094   7.316813  1.602E+04   2.130658   2.130660   0.197459   0.006186   0.000000   0.011795   0.129009   0.009794  22.951967   3074     41
   0.901670   5.124909  -1.010359 -27.535947   1.015002 -99.000000   0.191273   0.980012   0.001635   0.004784   0.970089   1.447907      3      0
 5.7326E+09  21.036431  -0.249050  -3.475193   3.319489  -8.809835   0.000000   0.000103   0.002146  1.999E-02  2.012E-02  0.745E-08    varcontrol
                            surface ca40    1.0141089198251522D-05
                              surface h1        0.8662077491449932
              log_total_angular_momentum       46.6400046040436180

reduce dt because of varcontrol   20094
 star_1_spin_period/binary_period  0.36983083135795625       0.69421029186988814        1.8771022667873993     
 normal tolerance
 element diffusion on 
save LOGS1/profile295.data for model 20094
                star               model                 age                mass             lg_mdot           (r-rl)/rl          last photo
                   1               20095     5.732641702E+09     1.974585137E-01    -9.900000000E+01    -9.430310639E-01        photos1/x050
      20095   7.316799  1.599E+04   2.135901   2.135902   0.197459   0.006186   0.000000   0.011795   0.129009   0.009794  22.951951   3085     41
   0.890111   5.124887  -1.010090 -27.522578   1.014871 -99.000000   0.191273   0.980012   0.001635   0.004784   0.970089   1.447930      3      0
 5.7326E+09  21.036394  -0.251302  -3.467170   3.316700  -8.810993   0.000000   0.000103   0.002146  1.999E-02  2.012E-02  0.900E-08    varcontrol
                            surface ca40    1.0141151967671176D-05
                              surface h1        0.8662071390410735
              log_total_angular_momentum       46.6400046040436180

 star_1_spin_period/binary_period  0.37032272324821042       0.69513362324960781        1.8771022667806736     
 normal tolerance
 element diffusion on 
save LOGS1/profile296.data for model 20095
                star               model                 age                mass             lg_mdot           (r-rl)/rl          last photo
                   1               20096     5.732641710E+09     1.974585137E-01    -9.900000000E+01    -9.429997601E-01        photos1/x050
      20096   7.316783  1.597E+04   2.141512   2.141513   0.197459   0.006186   0.000000   0.011795   0.129010   0.009793  22.951933   3069     41
   0.900747   5.124861  -1.009851 -27.513754   1.025249 -99.000000   0.191273   0.980012   0.001635   0.004784   0.970089   1.447955      3      0
 5.7326E+09  21.036351  -0.253401  -3.459242   3.314125  -8.812040   0.000000   0.000103   0.002146  1.999E-02  2.012E-02  0.781E-08    varcontrol
                            surface ca40    1.0141211642101412D-05
                              surface h1        0.8662065620811613
              log_total_angular_momentum       46.6400046040436180

reduce dt because of varcontrol   20096
 star_1_spin_period/binary_period  0.37076424188563983       0.69596239888219702        1.8771022667737813     
 normal tolerance
 element diffusion on 
save LOGS1/profile297.data for model 20096
                star               model                 age                mass             lg_mdot           (r-rl)/rl          last photo
                   1               20097     5.732641717E+09     1.974585137E-01    -9.900000000E+01    -9.429648335E-01        photos1/x050
      20097   7.316769  1.594E+04   2.147687   2.147688   0.197459   0.006186   0.000000   0.011795   0.129010   0.009793  22.951918   3086     41
   0.870719   5.124839  -1.009585 -27.499469   1.024296 -99.000000   0.191273   0.980012   0.001635   0.004784   0.970089   1.447977      3      0
 5.7326E+09  21.036315  -0.255640  -3.450017   3.311356  -8.813184   0.000000   0.000103   0.002146  1.999E-02  2.012E-02  0.935E-08    varcontrol
                            surface ca40    1.0141275921138881D-05
                              surface h1        0.8662059342044668
              log_total_angular_momentum       46.6400046040436180

reduce dt because of varcontrol   20097
 star_1_spin_period/binary_period  0.37125587082007377       0.69688523666704649        1.8771022667673487     
 normal tolerance
 element diffusion on 
save LOGS1/profile298.data for model 20097
                star               model                 age                mass             lg_mdot           (r-rl)/rl          last photo
                   1               20098     5.732641724E+09     1.974585137E-01    -9.900000000E+01    -9.429349900E-01        photos1/x050
      20098   7.316754  1.592E+04   2.154794   2.154795   0.197459   0.006186   0.000000   0.011795   0.129011   0.009793  22.951902   3099     41
   0.849183   5.124816  -1.009358 -27.486722   1.041813 -99.000000   0.191273   0.980012   0.001635   0.004784   0.970089   1.447999      3      0
 5.7326E+09  21.036278  -0.257627  -3.443723   3.308915  -8.814173   0.000000   0.000103   0.002146  1.999E-02  2.012E-02  0.841E-08    varcontrol
                            surface ca40    1.0141337761625297D-05
                              surface h1        0.8662053296276566
              log_total_angular_momentum       46.6400046040436180

 star_1_spin_period/binary_period  0.37167606455758279       0.69767398328193087        1.8771022667612272     
 normal tolerance
 element diffusion on 
save LOGS1/profile299.data for model 20098
                star               model                 age                mass             lg_mdot           (r-rl)/rl          last photo
                   1               20099     5.732641732E+09     1.974585137E-01    -9.900000000E+01    -9.429019277E-01        photos1/x050
      20099   7.316739  1.589E+04   2.159944   2.159945   0.197459   0.006186   0.000000   0.011795   0.129011   0.009793  22.951885   3134     41
   0.866270   5.124792  -1.009107 -27.476670   1.043004 -99.000000   0.191273   0.980012   0.001635   0.004784   0.970089   1.448023      3      0
 5.7326E+09  21.036238  -0.259800  -3.435061   3.306240  -8.815265   0.000000   0.000103   0.002146  1.999E-02  2.012E-02  0.897E-08    varcontrol
                            surface ca40    1.0141397278790279D-05
                              surface h1        0.8662047506860058
              log_total_angular_momentum       46.6400046040436180

reduce dt because of varcontrol   20099
 star_1_spin_period/binary_period  0.37214330817265345       0.69855104732854045        1.8771022667548607     
 normal tolerance
 element diffusion on 
save LOGS1/profile300.data for model 20099
                star               model                 age                mass             lg_mdot           (r-rl)/rl          last photo
                   1               20100     5.732641738E+09     1.974585137E-01    -9.900000000E+01    -9.428753389E-01        photos1/x050

__________________________________________________________________________________________________________________________________________________

       step    lg_Tcntr    Teff       lg_LH     lg_Lnuc     Mass       H_rich     H_cntr     N_cntr     Y_surf     X_avg     eta_cntr  zones retry
   lg_dt_yr    lg_Dcntr    lg_R       lg_L3a    lg_Lneu     lg_Mdot    He_core    He_cntr    O_cntr     Z_surf     Y_avg     gam_cntr  iters bckup
     age_yr    lg_Pcntr    lg_L       lg_LZ     lg_Psurf    lg_Dsurf   C_core     C_cntr     Ne_cntr    Z_cntr     Z_avg     v_div_cs     dt_limit
__________________________________________________________________________________________________________________________________________________

      20100   7.316727  1.587E+04   2.166930   2.166931   0.197459   0.006186   0.000000   0.011795   0.129012   0.009793  22.951872   3076     41
   0.777862   5.124772  -1.008904 -27.464906   1.055797 -99.000000   0.191273   0.980012   0.001635   0.004784   0.970089   1.448042      3      0
 5.7326E+09  21.036206  -0.261564  -3.429266   3.304074  -8.816143   0.000000   0.000103   0.002146  1.999E-02  2.012E-02  0.885E-08    varcontrol
                            surface ca40    1.0141464250874883D-05
                              surface h1        0.8662040866973600
              log_total_angular_momentum       46.6400046040436180

reduce dt because of varcontrol   20100
 star_1_spin_period/binary_period  0.37251666237961623       0.69925187135479749        1.8771022667496655     
 normal tolerance
 element diffusion on 
save LOGS1/profile301.data for model 20100
save photos1/x100 for model 20100
                star               model                 age                mass             lg_mdot           (r-rl)/rl          last photo
                   1               20101     5.732641743E+09     1.974585137E-01    -9.900000000E+01    -9.428527980E-01        photos1/x100
      20101   7.316715  1.586E+04   2.173245   2.173247   0.197459   0.006186   0.000000   0.011795   0.129013   0.009793  22.951859   3061     41
   0.728189   5.124753  -1.008733 -27.454870   1.073211 -99.000000   0.191273   0.980012   0.001635   0.004784   0.970089   1.448060      3      0
 5.7326E+09  21.036175  -0.263087  -3.424390   3.302209  -8.816891   0.000000   0.000103   0.002146  1.999E-02  2.012E-02  0.841E-08    varcontrol
                            surface ca40    1.0141517364166072D-05
                              surface h1        0.8662035632847928
              log_total_angular_momentum       46.6400046040436180

 star_1_spin_period/binary_period  0.37283658604641384       0.69985240079320299        1.8771022667450332     
 normal tolerance
 element diffusion on 
save LOGS1/profile302.data for model 20101
                star               model                 age                mass             lg_mdot           (r-rl)/rl          last photo
                   1               20102     5.732641749E+09     1.974585137E-01    -9.900000000E+01    -9.428203594E-01        photos1/x100
      20102   7.316703  1.583E+04   2.176781   2.176783   0.197459   0.006186   0.000000   0.011795   0.129013   0.009793  22.951845   3056     41
   0.795470   5.124733  -1.008487 -27.441352   1.071372 -99.000000   0.191273   0.980012   0.001635   0.004784   0.970089   1.448080      3      0
 5.7326E+09  21.036143  -0.265159  -3.417894   3.299645  -8.817944   0.000000   0.000103   0.002146  1.999E-02  2.012E-02  0.104E-07    varcontrol
                            surface ca40    1.0141560107129173D-05
                              surface h1        0.8662031525831039
              log_total_angular_momentum       46.6400046040436180

 star_1_spin_period/binary_period  0.37329107695266583       0.70070552670152431        1.8771022667396238     
 normal tolerance
 element diffusion on 
save LOGS1/profile303.data for model 20102
                star               model                 age                mass             lg_mdot           (r-rl)/rl          last photo
                   1               20103     5.732641756E+09     1.974585137E-01    -9.900000000E+01    -9.427902803E-01        photos1/x100
      20103   7.316688  1.581E+04   2.182605   2.182606   0.197459   0.006186   0.000000   0.011795   0.129013   0.009793  22.951829   3060     41
   0.823997   5.124710  -1.008258 -27.432263   1.078357 -99.000000   0.191273   0.980012   0.001635   0.004784   0.970089   1.448103      4      0
 5.7326E+09  21.036105  -0.267174  -3.410359   3.297174  -8.818935   0.000000   0.000103   0.002146  1.999E-02  2.012E-02  0.903E-08    varcontrol
                            surface ca40    1.0141611214888770D-05
                              surface h1        0.8662026570754993
              log_total_angular_momentum       46.6400046040436180

reduce dt because of varcontrol   20103
 star_1_spin_period/binary_period  0.37371573913482081       0.70150266104408743        1.8771022667338477     
 normal tolerance
 element diffusion on 
save LOGS1/profile304.data for model 20103
                star               model                 age                mass             lg_mdot           (r-rl)/rl          last photo
                   1               20104     5.732641762E+09     1.974585137E-01    -9.900000000E+01    -9.427567293E-01        photos1/x100
      20104   7.316675  1.579E+04   2.187241   2.187242   0.197459   0.006186   0.000000   0.011795   0.129014   0.009793  22.951814   3038     41
   0.799172   5.124689  -1.008004 -27.416963   1.075032 -99.000000   0.191273   0.980012   0.001635   0.004784   0.970089   1.448123      3      0
 5.7326E+09  21.036071  -0.269328  -3.402413   3.294512  -8.820020   0.000000   0.000103   0.002146  1.999E-02  2.012E-02  0.107E-07    varcontrol
                            surface ca40    1.0141667637184769D-05
                              surface h1        0.8662021041798157
              log_total_angular_momentum       46.6400046040436180

reduce dt because of varcontrol   20104
 star_1_spin_period/binary_period  0.37418447472436350       0.70238252567967552        1.8771022667283921     
 normal tolerance
 element diffusion on 
save LOGS1/profile305.data for model 20104
                star               model                 age                mass             lg_mdot           (r-rl)/rl          last photo
                   1               20105     5.732641768E+09     1.974585137E-01    -9.900000000E+01    -9.427253123E-01        photos1/x100
      20105   7.316662  1.576E+04   2.192367   2.192368   0.197459   0.006186   0.000000   0.011795   0.129014   0.009793  22.951800   3035     41
   0.790210   5.124668  -1.007765 -27.402490   1.082966 -99.000000   0.191273   0.980012   0.001635   0.004784   0.970089   1.448144      3      0
 5.7326E+09  21.036037  -0.271386  -3.396012   3.291979  -8.821044   0.000000   0.000103   0.002146  1.999E-02  2.012E-02  0.102E-07    varcontrol
                            surface ca40    1.0141719938143982D-05
                              surface h1        0.8662015933784977
              log_total_angular_momentum       46.6400046040436180

 star_1_spin_period/binary_period  0.37463338297508397       0.70322517237265347        1.8771022667230470     
 normal tolerance
 element diffusion on 
save LOGS1/profile306.data for model 20105
                star               model                 age                mass             lg_mdot           (r-rl)/rl          last photo
                   1               20106     5.732641775E+09     1.974585137E-01    -9.900000000E+01    -9.426939842E-01        photos1/x100
      20106   7.316647  1.574E+04   2.199758   2.199759   0.197459   0.006186   0.000000   0.011795   0.129015   0.009793  22.951783   3053     41
   0.823962   5.124644  -1.007528 -27.388562   1.098279 -99.000000   0.191273   0.980012   0.001635   0.004784   0.970089   1.448167      3      0
 5.7326E+09  21.035997  -0.273500  -3.389276   3.289391  -8.822075   0.000000   0.000103   0.002146  1.999E-02  2.012E-02  0.943E-08    varcontrol
                            surface ca40    1.0141768939357891D-05
                              surface h1        0.8662011195152027
              log_total_angular_momentum       46.6400046040436180

 star_1_spin_period/binary_period  0.37508679654530813       0.70407627601091771        1.8771022667172710     
 normal tolerance
 element diffusion on 
save LOGS1/profile307.data for model 20106
                star               model                 age                mass             lg_mdot           (r-rl)/rl          last photo
                   1               20107     5.732641782E+09     1.974585137E-01    -9.900000000E+01    -9.426565437E-01        photos1/x100
      20107   7.316633  1.571E+04   2.203701   2.203702   0.197459   0.006186   0.000000   0.011795   0.129015   0.009793  22.951767   3075     41
   0.827492   5.124622  -1.007244 -27.371095   1.095515 -99.000000   0.191273   0.980012   0.001635   0.004784   0.970090   1.448190      3      0
 5.7326E+09  21.035960  -0.275916  -3.382138   3.286409  -8.823283   0.000000   0.000103   0.002146  1.999E-02  2.012E-02  0.112E-07    varcontrol
                            surface ca40    1.0141822785375676D-05
                              surface h1        0.8662005954433272
              log_total_angular_momentum       46.6400046040436180

reduce dt because of varcontrol   20107
 star_1_spin_period/binary_period  0.37562231974191601       0.70508150781496259        1.8771022667114474     
 normal tolerance
 element diffusion on 
save LOGS1/profile308.data for model 20107
                star               model                 age                mass             lg_mdot           (r-rl)/rl          last photo
                   1               20108     5.732641788E+09     1.974585137E-01    -9.900000000E+01    -9.426273630E-01        photos1/x100
      20108   7.316617  1.569E+04   2.209614   2.209615   0.197459   0.006186   0.000000   0.011795   0.129016   0.009793  22.951749   3061     41
   0.814020   5.124596  -1.007023 -27.370917   1.110280 -99.000000   0.191273   0.980012   0.001635   0.004784   0.970090   1.448215      4      0
 5.7326E+09  21.035918  -0.277939  -3.376863   3.283945  -8.824250   0.000000   0.000103   0.002146  1.999E-02  2.012E-02  0.901E-08    varcontrol
                            surface ca40    1.0141877209496593D-05
                              surface h1        0.8662000641472144
              log_total_angular_momentum       46.6400046040436180

reduce dt because of varcontrol   20108
 star_1_spin_period/binary_period  0.37604816382962669       0.70588086071514644        1.8771022667058002     
 normal tolerance
 element diffusion on 
save LOGS1/profile309.data for model 20108
                star               model                 age                mass             lg_mdot           (r-rl)/rl          last photo
                   1               20109     5.732641794E+09     1.974585137E-01    -9.900000000E+01    -9.425936669E-01        photos1/x100
      20109   7.316604  1.567E+04   2.217110   2.217111   0.197459   0.006186   0.000000   0.011795   0.129016   0.009793  22.951735   3052     41
   0.769592   5.124575  -1.006768 -27.356009   1.107136 -99.000000   0.191273   0.980012   0.001635   0.004784   0.970090   1.448235      4      0
 5.7326E+09  21.035885  -0.280112  -3.365273   3.281264  -8.825331   0.000000   0.000103   0.002146  1.999E-02  2.012E-02  0.115E-07    varcontrol
                            surface ca40    1.0141929357559256D-05
                              surface h1        0.8661995530498052
              log_total_angular_momentum       46.6400046040436180

reduce dt because of varcontrol   20109
 star_1_spin_period/binary_period  0.37652535401696124       0.70677659549552307        1.8771022667007040     
 normal tolerance
 element diffusion on 
save LOGS1/profile310.data for model 20109
                star               model                 age                mass             lg_mdot           (r-rl)/rl          last photo
                   1               20110     5.732641800E+09     1.974585137E-01    -9.900000000E+01    -9.425630942E-01        photos1/x100

__________________________________________________________________________________________________________________________________________________

       step    lg_Tcntr    Teff       lg_LH     lg_Lnuc     Mass       H_rich     H_cntr     N_cntr     Y_surf     X_avg     eta_cntr  zones retry
   lg_dt_yr    lg_Dcntr    lg_R       lg_L3a    lg_Lneu     lg_Mdot    He_core    He_cntr    O_cntr     Z_surf     Y_avg     gam_cntr  iters bckup
     age_yr    lg_Pcntr    lg_L       lg_LZ     lg_Psurf    lg_Dsurf   C_core     C_cntr     Ne_cntr    Z_cntr     Z_avg     v_div_cs     dt_limit
__________________________________________________________________________________________________________________________________________________

      20110   7.316591  1.564E+04   2.222898   2.222899   0.197459   0.006186   0.000000   0.011795   0.129017   0.009793  22.951721   3046     41
   0.743296   5.124555  -1.006537 -27.339985   1.117156 -99.000000   0.191273   0.980012   0.001635   0.004784   0.970090   1.448254      3      0
 5.7326E+09  21.035852  -0.282115  -3.358980   3.278799  -8.826318   0.000000   0.000103   0.002146  1.999E-02  2.012E-02  0.111E-07    varcontrol
                            surface ca40    1.0141975208070239D-05
                              surface h1        0.8661991055490827
              log_total_angular_momentum       46.6400046040436180

 star_1_spin_period/binary_period  0.37695857931445803       0.70758980368163793        1.8771022666959065     
 normal tolerance
 element diffusion on 
save LOGS1/profile311.data for model 20110
                star               model                 age                mass             lg_mdot           (r-rl)/rl          last photo
                   1               20111     5.732641806E+09     1.974585137E-01    -9.900000000E+01    -9.425288255E-01        photos1/x100
      20111   7.316577  1.562E+04   2.227503   2.227504   0.197459   0.006186   0.000000   0.011795   0.129017   0.009793  22.951705   3057     41
   0.776664   5.124533  -1.006278 -27.325525   1.119341 -99.000000   0.191273   0.980012   0.001635   0.004784   0.970090   1.448276      3      0
 5.7326E+09  21.035815  -0.284351  -3.351217   3.276047  -8.827420   0.000000   0.000103   0.002146  1.999E-02  2.012E-02  0.116E-07    varcontrol
                            surface ca40    1.0142015677971169D-05
                              surface h1        0.8661987163237288
              log_total_angular_momentum       46.6400046040436180

 star_1_spin_period/binary_period  0.37744304503759790       0.70849919538672468        1.8771022666907258     
 normal tolerance
 element diffusion on 
save LOGS1/profile312.data for model 20111
                star               model                 age                mass             lg_mdot           (r-rl)/rl          last photo
                   1               20112     5.732641812E+09     1.974585137E-01    -9.900000000E+01    -9.424930648E-01        photos1/x100
      20112   7.316563  1.559E+04   2.233132   2.233133   0.197459   0.006186   0.000000   0.011795   0.129018   0.009793  22.951690   3058     41
   0.789754   5.124511  -1.006008 -27.306819   1.123613 -99.000000   0.191273   0.980012   0.001635   0.004784   0.970090   1.448298      3      0
 5.7326E+09  21.035778  -0.286690  -3.344183   3.273169  -8.828568   0.000000   0.000103   0.002146  1.999E-02  2.012E-02  0.117E-07    varcontrol
                            surface ca40    1.0142059547761496D-05
                              surface h1        0.8661982926064974
              log_total_angular_momentum       46.6400046040436180

 star_1_spin_period/binary_period  0.37795156536225721       0.70945374003878270        1.8771022666853858     
 normal tolerance
 element diffusion on 
save LOGS1/profile313.data for model 20112
                star               model                 age                mass             lg_mdot           (r-rl)/rl          last photo
                   1               20113     5.732641818E+09     1.974585137E-01    -9.900000000E+01    -9.424664522E-01        photos1/x100
      20113   7.316545  1.557E+04   2.245695   2.245697   0.197459   0.006186   0.000000   0.011795   0.129018   0.009793  22.951670   3065     41
   0.792448   5.124482  -1.005807 -27.302458   1.172296 -99.000000   0.191273   0.980012   0.001635   0.004784   0.970090   1.448326      4      0
 5.7326E+09  21.035732  -0.288619  -3.340848   3.270839  -8.829459   0.000000   0.000103   0.002146  1.999E-02  2.012E-02  0.868E-08    varcontrol
                            surface ca40    1.0142104231795696D-05
                              surface h1        0.8661978605262076
              log_total_angular_momentum       46.6400046040436180

reduce dt because of varcontrol   20113
 star_1_spin_period/binary_period  0.37833578779697130       0.71017496483986320        1.8771022666800130     
 normal tolerance
 element diffusion on 
save LOGS1/profile314.data for model 20113
                star               model                 age                mass             lg_mdot           (r-rl)/rl          last photo
                   1               20114     5.732641824E+09     1.974585137E-01    -9.900000000E+01    -9.424295938E-01        photos1/x100
      20114   7.316531  1.555E+04   2.249568   2.249569   0.197459   0.006186   0.000000   0.011795   0.129019   0.009793  22.951655   3073     41
   0.781001   5.124460  -1.005529 -27.283745   1.162962 -99.000000   0.191273   0.980012   0.001635   0.004784   0.970090   1.448348      3      0
 5.7326E+09  21.035695  -0.291003  -3.331444   3.267900  -8.830634   0.000000   0.000103   0.002146  1.999E-02  2.012E-02  0.124E-07    varcontrol
                            surface ca40    1.0142150779743543D-05
                              surface h1        0.8661974081204725
              log_total_angular_momentum       46.6400046040436180

reduce dt because of varcontrol   20114
 star_1_spin_period/binary_period  0.37885461695318612       0.71114886022303081        1.8771022666747790     
 normal tolerance
 element diffusion on 
save LOGS1/profile315.data for model 20114
                star               model                 age                mass             lg_mdot           (r-rl)/rl          last photo
                   1               20115     5.732641830E+09     1.974585137E-01    -9.900000000E+01    -9.423934653E-01        photos1/x100
      20115   7.316518  1.552E+04   2.253090   2.253091   0.197459   0.006186   0.000000   0.011795   0.129019   0.009792  22.951640   3081     41
   0.748789   5.124439  -1.005256 -27.265798   1.164152 -99.000000   0.191273   0.980012   0.001635   0.004784   0.970090   1.448369      3      0
 5.7326E+09  21.035661  -0.293317  -3.324926   3.265043  -8.831777   0.000000   0.000103   0.002146  1.999E-02  2.012E-02  0.131E-07    varcontrol
                            surface ca40    1.0142200713939562D-05
                              surface h1        0.8661969181046183
              log_total_angular_momentum       46.6400046040436180

reduce dt because of varcontrol   20115
 star_1_spin_period/binary_period  0.37936289498789338       0.71210295007223745        1.8771022666699200     
 normal tolerance
 element diffusion on 
save LOGS1/profile316.data for model 20115
                star               model                 age                mass             lg_mdot           (r-rl)/rl          last photo
                   1               20116     5.732641835E+09     1.974585137E-01    -9.900000000E+01    -9.423630447E-01        photos1/x100

stop because Teff <= Teff_lower_limit
    0.1549885388E+05    0.1550000000E+05    0.1000000000+100    0.1000000000+100
      20116   7.316503  1.550E+04   2.257870   2.257871   0.197459   0.006186   0.000000   0.011795   0.129019   0.009792  22.951624   3093     41
   0.743720   5.124415  -1.005027 -27.257879   1.171607 -99.000000   0.191273   0.980012   0.001635   0.004784   0.970090   1.448392      3      0
 5.7326E+09  21.035623  -0.295373  -3.317941   3.262529  -8.832759   0.000000   0.000103   0.002146  1.999E-02  2.012E-02  0.111E-07    varcontrol
                            surface ca40    1.0142245709478428D-05
                              surface h1        0.8661964790597506
              log_total_angular_momentum       46.6400046040436180

reduce dt because of varcontrol   20116
save LOGS1/profile317.data for model 20116
save photos1/x116 for model 20116
save final_profile.data for model 20116
 saved to final.mod
termination code: Teff_lower_limit

     >>>>>>> EXCESSIVE runtime       1153.648900          1.000000   <<<<<<<<<  ERROR

      20116   7.316503  1.550E+04   2.257870   2.257871   0.197459   0.006186   0.000000   0.011795   0.129019   0.009792  22.951624   3093     41
   0.743720   5.124415  -1.005027 -27.257879   1.171607 -99.000000   0.191273   0.980012   0.001635   0.004784   0.970090   1.448392      3      0
 5.7326E+09  21.035623  -0.295373  -3.317941   3.262529  -8.832759   0.000000   0.000103   0.002146  1.999E-02  2.012E-02  0.111E-07    varcontrol
                            surface ca40    1.0142245709478428D-05
                              surface h1        0.8661964790597506
              log_total_angular_momentum       46.6400046040436180

