create kap_data
bzip2 -d kap_data.tar.bz2
kap_data/OP_a09_nans_removed_by_hand_z0m0_x00.data
kap_data/OP_a09_nans_removed_by_hand_z0m0_x10.data
kap_data/OP_a09_nans_removed_by_hand_z0m0_x100.data
kap_data/OP_a09_nans_removed_by_hand_z0m0_x20.data
kap_data/OP_a09_nans_removed_by_hand_z0m0_x35.data
kap_data/OP_a09_nans_removed_by_hand_z0m0_x50.data
kap_data/OP_a09_nans_removed_by_hand_z0m0_x70.data
kap_data/OP_a09_nans_removed_by_hand_z0m0_x80.data
kap_data/OP_a09_nans_removed_by_hand_z0m0_x90.data
kap_data/OP_a09_nans_removed_by_hand_z0m0_x95.data
kap_data/OP_a09_nans_removed_by_hand_z1m1_x00.data
kap_data/OP_a09_nans_removed_by_hand_z1m1_x10.data
kap_data/OP_a09_nans_removed_by_hand_z1m1_x20.data
kap_data/OP_a09_nans_removed_by_hand_z1m1_x35.data
kap_data/OP_a09_nans_removed_by_hand_z1m1_x50.data
kap_data/OP_a09_nans_removed_by_hand_z1m1_x70.data
kap_data/OP_a09_nans_removed_by_hand_z1m1_x80.data
kap_data/OP_a09_nans_removed_by_hand_z1m1_x90.data
kap_data/OP_a09_nans_removed_by_hand_z1m2_x00.data
kap_data/OP_a09_nans_removed_by_hand_z1m2_x10.data
kap_data/OP_a09_nans_removed_by_hand_z1m2_x20.data
kap_data/OP_a09_nans_removed_by_hand_z1m2_x35.data
kap_data/OP_a09_nans_removed_by_hand_z1m2_x50.data
kap_data/OP_a09_nans_removed_by_hand_z1m2_x70.data
kap_data/OP_a09_nans_removed_by_hand_z1m2_x80.data
kap_data/OP_a09_nans_removed_by_hand_z1m2_x90.data
kap_data/OP_a09_nans_removed_by_hand_z1m2_x95.data
kap_data/OP_a09_nans_removed_by_hand_z1m2_x99.data
kap_data/OP_a09_nans_removed_by_hand_z1m3_x00.data
kap_data/OP_a09_nans_removed_by_hand_z1m3_x10.data
kap_data/OP_a09_nans_removed_by_hand_z1m3_x20.data
kap_data/OP_a09_nans_removed_by_hand_z1m3_x35.data
kap_data/OP_a09_nans_removed_by_hand_z1m3_x50.data
kap_data/OP_a09_nans_removed_by_hand_z1m3_x70.data
kap_data/OP_a09_nans_removed_by_hand_z1m3_x80.data
kap_data/OP_a09_nans_removed_by_hand_z1m3_x90.data
kap_data/OP_a09_nans_removed_by_hand_z1m3_x95.data
kap_data/OP_a09_nans_removed_by_hand_z1m3_x99.9.data
kap_data/OP_a09_nans_removed_by_hand_z1m4_x00.data
kap_data/OP_a09_nans_removed_by_hand_z1m4_x10.data
kap_data/OP_a09_nans_removed_by_hand_z1m4_x20.data
kap_data/OP_a09_nans_removed_by_hand_z1m4_x35.data
kap_data/OP_a09_nans_removed_by_hand_z1m4_x50.data
kap_data/OP_a09_nans_removed_by_hand_z1m4_x70.data
kap_data/OP_a09_nans_removed_by_hand_z1m4_x80.data
kap_data/OP_a09_nans_removed_by_hand_z1m4_x90.data
kap_data/OP_a09_nans_removed_by_hand_z1m4_x95.data
kap_data/OP_a09_nans_removed_by_hand_z1m4_x99.99.data
kap_data/OP_a09_nans_removed_by_hand_z2m2_x00.data
kap_data/OP_a09_nans_removed_by_hand_z2m2_x10.data
kap_data/OP_a09_nans_removed_by_hand_z2m2_x20.data
kap_data/OP_a09_nans_removed_by_hand_z2m2_x35.data
kap_data/OP_a09_nans_removed_by_hand_z2m2_x50.data
kap_data/OP_a09_nans_removed_by_hand_z2m2_x70.data
kap_data/OP_a09_nans_removed_by_hand_z2m2_x80.data
kap_data/OP_a09_nans_removed_by_hand_z2m2_x90.data
kap_data/OP_a09_nans_removed_by_hand_z2m2_x95.data
kap_data/OP_a09_nans_removed_by_hand_z2m2_x98.data
kap_data/OP_a09_nans_removed_by_hand_z2m3_x00.data
kap_data/OP_a09_nans_removed_by_hand_z2m3_x10.data
kap_data/OP_a09_nans_removed_by_hand_z2m3_x20.data
kap_data/OP_a09_nans_removed_by_hand_z2m3_x35.data
kap_data/OP_a09_nans_removed_by_hand_z2m3_x50.data
kap_data/OP_a09_nans_removed_by_hand_z2m3_x70.data
kap_data/OP_a09_nans_removed_by_hand_z2m3_x80.data
kap_data/OP_a09_nans_removed_by_hand_z2m3_x90.data
kap_data/OP_a09_nans_removed_by_hand_z2m3_x95.data
kap_data/OP_a09_nans_removed_by_hand_z2m3_x99.8.data
kap_data/OP_a09_nans_removed_by_hand_z3m2_x00.data
kap_data/OP_a09_nans_removed_by_hand_z3m2_x10.data
kap_data/OP_a09_nans_removed_by_hand_z3m2_x20.data
kap_data/OP_a09_nans_removed_by_hand_z3m2_x35.data
kap_data/OP_a09_nans_removed_by_hand_z3m2_x50.data
kap_data/OP_a09_nans_removed_by_hand_z3m2_x70.data
kap_data/OP_a09_nans_removed_by_hand_z3m2_x80.data
kap_data/OP_a09_nans_removed_by_hand_z3m2_x90.data
kap_data/OP_a09_nans_removed_by_hand_z3m2_x95.data
kap_data/OP_a09_nans_removed_by_hand_z3m2_x97.data
kap_data/OP_a09_nans_removed_by_hand_z3m4_x00.data
kap_data/OP_a09_nans_removed_by_hand_z3m4_x10.data
kap_data/OP_a09_nans_removed_by_hand_z3m4_x20.data
kap_data/OP_a09_nans_removed_by_hand_z3m4_x35.data
kap_data/OP_a09_nans_removed_by_hand_z3m4_x50.data
kap_data/OP_a09_nans_removed_by_hand_z3m4_x70.data
kap_data/OP_a09_nans_removed_by_hand_z3m4_x80.data
kap_data/OP_a09_nans_removed_by_hand_z3m4_x90.data
kap_data/OP_a09_nans_removed_by_hand_z3m4_x95.data
kap_data/OP_a09_nans_removed_by_hand_z3m4_x99.97.data
kap_data/OP_a09_nans_removed_by_hand_z4m2_x00.data
kap_data/OP_a09_nans_removed_by_hand_z4m2_x10.data
kap_data/OP_a09_nans_removed_by_hand_z4m2_x20.data
kap_data/OP_a09_nans_removed_by_hand_z4m2_x35.data
kap_data/OP_a09_nans_removed_by_hand_z4m2_x50.data
kap_data/OP_a09_nans_removed_by_hand_z4m2_x70.data
kap_data/OP_a09_nans_removed_by_hand_z4m2_x80.data
kap_data/OP_a09_nans_removed_by_hand_z4m2_x90.data
kap_data/OP_a09_nans_removed_by_hand_z4m2_x95.data
kap_data/OP_a09_nans_removed_by_hand_z4m2_x96.data
kap_data/OP_a09_nans_removed_by_hand_z4m3_x00.data
kap_data/OP_a09_nans_removed_by_hand_z4m3_x10.data
kap_data/OP_a09_nans_removed_by_hand_z4m3_x20.data
kap_data/OP_a09_nans_removed_by_hand_z4m3_x35.data
kap_data/OP_a09_nans_removed_by_hand_z4m3_x50.data
kap_data/OP_a09_nans_removed_by_hand_z4m3_x70.data
kap_data/OP_a09_nans_removed_by_hand_z4m3_x80.data
kap_data/OP_a09_nans_removed_by_hand_z4m3_x90.data
kap_data/OP_a09_nans_removed_by_hand_z4m3_x95.data
kap_data/OP_a09_nans_removed_by_hand_z4m3_x99.6.data
kap_data/OP_a09_nans_removed_by_hand_z6m2_x00.data
kap_data/OP_a09_nans_removed_by_hand_z6m2_x10.data
kap_data/OP_a09_nans_removed_by_hand_z6m2_x20.data
kap_data/OP_a09_nans_removed_by_hand_z6m2_x35.data
kap_data/OP_a09_nans_removed_by_hand_z6m2_x50.data
kap_data/OP_a09_nans_removed_by_hand_z6m2_x70.data
kap_data/OP_a09_nans_removed_by_hand_z6m2_x80.data
kap_data/OP_a09_nans_removed_by_hand_z6m2_x90.data
kap_data/OP_a09_nans_removed_by_hand_z6m2_x94.data
kap_data/OP_a09_nans_removed_by_hand_z8m2_x00.data
kap_data/OP_a09_nans_removed_by_hand_z8m2_x10.data
kap_data/OP_a09_nans_removed_by_hand_z8m2_x20.data
kap_data/OP_a09_nans_removed_by_hand_z8m2_x35.data
kap_data/OP_a09_nans_removed_by_hand_z8m2_x50.data
kap_data/OP_a09_nans_removed_by_hand_z8m2_x70.data
kap_data/OP_a09_nans_removed_by_hand_z8m2_x80.data
kap_data/OP_a09_nans_removed_by_hand_z8m2_x90.data
kap_data/OP_a09_nans_removed_by_hand_z8m2_x92.data
kap_data/OP_gs98_z0m0_x00.data
kap_data/OP_gs98_z0m0_x10.data
kap_data/OP_gs98_z0m0_x100.data
kap_data/OP_gs98_z0m0_x20.data
kap_data/OP_gs98_z0m0_x35.data
kap_data/OP_gs98_z0m0_x50.data
kap_data/OP_gs98_z0m0_x70.data
kap_data/OP_gs98_z0m0_x80.data
kap_data/OP_gs98_z0m0_x90.data
kap_data/OP_gs98_z0m0_x95.data
kap_data/OP_gs98_z1m1_x00.data
kap_data/OP_gs98_z1m1_x10.data
kap_data/OP_gs98_z1m1_x20.data
kap_data/OP_gs98_z1m1_x35.data
kap_data/OP_gs98_z1m1_x50.data
kap_data/OP_gs98_z1m1_x70.data
kap_data/OP_gs98_z1m1_x80.data
kap_data/OP_gs98_z1m1_x90.data
kap_data/OP_gs98_z1m2_x00.data
kap_data/OP_gs98_z1m2_x10.data
kap_data/OP_gs98_z1m2_x20.data
kap_data/OP_gs98_z1m2_x35.data
kap_data/OP_gs98_z1m2_x50.data
kap_data/OP_gs98_z1m2_x70.data
kap_data/OP_gs98_z1m2_x80.data
kap_data/OP_gs98_z1m2_x90.data
kap_data/OP_gs98_z1m2_x95.data
kap_data/OP_gs98_z1m2_x99.data
kap_data/OP_gs98_z1m3_x00.data
kap_data/OP_gs98_z1m3_x10.data
kap_data/OP_gs98_z1m3_x20.data
kap_data/OP_gs98_z1m3_x35.data
kap_data/OP_gs98_z1m3_x50.data
kap_data/OP_gs98_z1m3_x70.data
kap_data/OP_gs98_z1m3_x80.data
kap_data/OP_gs98_z1m3_x90.data
kap_data/OP_gs98_z1m3_x95.data
kap_data/OP_gs98_z1m3_x99.9.data
kap_data/OP_gs98_z1m4_x00.data
kap_data/OP_gs98_z1m4_x10.data
kap_data/OP_gs98_z1m4_x20.data
kap_data/OP_gs98_z1m4_x35.data
kap_data/OP_gs98_z1m4_x50.data
kap_data/OP_gs98_z1m4_x70.data
kap_data/OP_gs98_z1m4_x80.data
kap_data/OP_gs98_z1m4_x90.data
kap_data/OP_gs98_z1m4_x95.data
kap_data/OP_gs98_z1m4_x99.99.data
kap_data/OP_gs98_z2m2_x00.data
kap_data/OP_gs98_z2m2_x10.data
kap_data/OP_gs98_z2m2_x20.data
kap_data/OP_gs98_z2m2_x35.data
kap_data/OP_gs98_z2m2_x50.data
kap_data/OP_gs98_z2m2_x70.data
kap_data/OP_gs98_z2m2_x80.data
kap_data/OP_gs98_z2m2_x90.data
kap_data/OP_gs98_z2m2_x95.data
kap_data/OP_gs98_z2m2_x98.data
kap_data/OP_gs98_z2m3_x00.data
kap_data/OP_gs98_z2m3_x10.data
kap_data/OP_gs98_z2m3_x20.data
kap_data/OP_gs98_z2m3_x35.data
kap_data/OP_gs98_z2m3_x50.data
kap_data/OP_gs98_z2m3_x70.data
kap_data/OP_gs98_z2m3_x80.data
kap_data/OP_gs98_z2m3_x90.data
kap_data/OP_gs98_z2m3_x95.data
kap_data/OP_gs98_z2m3_x99.8.data
kap_data/OP_gs98_z3m2_x00.data
kap_data/OP_gs98_z3m2_x10.data
kap_data/OP_gs98_z3m2_x20.data
kap_data/OP_gs98_z3m2_x35.data
kap_data/OP_gs98_z3m2_x50.data
kap_data/OP_gs98_z3m2_x70.data
kap_data/OP_gs98_z3m2_x80.data
kap_data/OP_gs98_z3m2_x90.data
kap_data/OP_gs98_z3m2_x95.data
kap_data/OP_gs98_z3m2_x97.data
kap_data/OP_gs98_z3m4_x00.data
kap_data/OP_gs98_z3m4_x10.data
kap_data/OP_gs98_z3m4_x20.data
kap_data/OP_gs98_z3m4_x35.data
kap_data/OP_gs98_z3m4_x50.data
kap_data/OP_gs98_z3m4_x70.data
kap_data/OP_gs98_z3m4_x80.data
kap_data/OP_gs98_z3m4_x90.data
kap_data/OP_gs98_z3m4_x95.data
kap_data/OP_gs98_z3m4_x99.97.data
kap_data/OP_gs98_z4m2_x00.data
kap_data/OP_gs98_z4m2_x10.data
kap_data/OP_gs98_z4m2_x20.data
kap_data/OP_gs98_z4m2_x35.data
kap_data/OP_gs98_z4m2_x50.data
kap_data/OP_gs98_z4m2_x70.data
kap_data/OP_gs98_z4m2_x80.data
kap_data/OP_gs98_z4m2_x90.data
kap_data/OP_gs98_z4m2_x95.data
kap_data/OP_gs98_z4m2_x96.data
kap_data/OP_gs98_z4m3_x00.data
kap_data/OP_gs98_z4m3_x10.data
kap_data/OP_gs98_z4m3_x20.data
kap_data/OP_gs98_z4m3_x35.data
kap_data/OP_gs98_z4m3_x50.data
kap_data/OP_gs98_z4m3_x70.data
kap_data/OP_gs98_z4m3_x80.data
kap_data/OP_gs98_z4m3_x90.data
kap_data/OP_gs98_z4m3_x95.data
kap_data/OP_gs98_z4m3_x99.6.data
kap_data/OP_gs98_z6m2_x00.data
kap_data/OP_gs98_z6m2_x10.data
kap_data/OP_gs98_z6m2_x20.data
kap_data/OP_gs98_z6m2_x35.data
kap_data/OP_gs98_z6m2_x50.data
kap_data/OP_gs98_z6m2_x70.data
kap_data/OP_gs98_z6m2_x80.data
kap_data/OP_gs98_z6m2_x90.data
kap_data/OP_gs98_z6m2_x94.data
kap_data/OP_gs98_z8m2_x00.data
kap_data/OP_gs98_z8m2_x10.data
kap_data/OP_gs98_z8m2_x20.data
kap_data/OP_gs98_z8m2_x35.data
kap_data/OP_gs98_z8m2_x50.data
kap_data/OP_gs98_z8m2_x70.data
kap_data/OP_gs98_z8m2_x80.data
kap_data/OP_gs98_z8m2_x90.data
kap_data/OP_gs98_z8m2_x92.data
kap_data/a05+Ne_z0m0_x00.data
kap_data/a05+Ne_z0m0_x10.data
kap_data/a05+Ne_z0m0_x100.data
kap_data/a05+Ne_z0m0_x20.data
kap_data/a05+Ne_z0m0_x35.data
kap_data/a05+Ne_z0m0_x50.data
kap_data/a05+Ne_z0m0_x70.data
kap_data/a05+Ne_z0m0_x80.data
kap_data/a05+Ne_z0m0_x90.data
kap_data/a05+Ne_z0m0_x95.data
kap_data/a05+Ne_z1m1_x00.data
kap_data/a05+Ne_z1m1_x10.data
kap_data/a05+Ne_z1m1_x20.data
kap_data/a05+Ne_z1m1_x35.data
kap_data/a05+Ne_z1m1_x50.data
kap_data/a05+Ne_z1m1_x70.data
kap_data/a05+Ne_z1m1_x80.data
kap_data/a05+Ne_z1m1_x90.data
kap_data/a05+Ne_z1m2_x00.data
kap_data/a05+Ne_z1m2_x10.data
kap_data/a05+Ne_z1m2_x20.data
kap_data/a05+Ne_z1m2_x35.data
kap_data/a05+Ne_z1m2_x50.data
kap_data/a05+Ne_z1m2_x70.data
kap_data/a05+Ne_z1m2_x80.data
kap_data/a05+Ne_z1m2_x90.data
kap_data/a05+Ne_z1m2_x95.data
kap_data/a05+Ne_z1m2_x99.data
kap_data/a05+Ne_z1m3_x00.data
kap_data/a05+Ne_z1m3_x10.data
kap_data/a05+Ne_z1m3_x20.data
kap_data/a05+Ne_z1m3_x35.data
kap_data/a05+Ne_z1m3_x50.data
kap_data/a05+Ne_z1m3_x70.data
kap_data/a05+Ne_z1m3_x80.data
kap_data/a05+Ne_z1m3_x90.data
kap_data/a05+Ne_z1m3_x95.data
kap_data/a05+Ne_z1m3_x99.9.data
kap_data/a05+Ne_z1m4_x00.data
kap_data/a05+Ne_z1m4_x10.data
kap_data/a05+Ne_z1m4_x20.data
kap_data/a05+Ne_z1m4_x35.data
kap_data/a05+Ne_z1m4_x50.data
kap_data/a05+Ne_z1m4_x70.data
kap_data/a05+Ne_z1m4_x80.data
kap_data/a05+Ne_z1m4_x90.data
kap_data/a05+Ne_z1m4_x95.data
kap_data/a05+Ne_z1m4_x99.99.data
kap_data/a05+Ne_z2m2_x00.data
kap_data/a05+Ne_z2m2_x10.data
kap_data/a05+Ne_z2m2_x20.data
kap_data/a05+Ne_z2m2_x35.data
kap_data/a05+Ne_z2m2_x50.data
kap_data/a05+Ne_z2m2_x70.data
kap_data/a05+Ne_z2m2_x80.data
kap_data/a05+Ne_z2m2_x90.data
kap_data/a05+Ne_z2m2_x95.data
kap_data/a05+Ne_z2m2_x98.data
kap_data/a05+Ne_z2m3_x00.data
kap_data/a05+Ne_z2m3_x10.data
kap_data/a05+Ne_z2m3_x20.data
kap_data/a05+Ne_z2m3_x35.data
kap_data/a05+Ne_z2m3_x50.data
kap_data/a05+Ne_z2m3_x70.data
kap_data/a05+Ne_z2m3_x80.data
kap_data/a05+Ne_z2m3_x90.data
kap_data/a05+Ne_z2m3_x95.data
kap_data/a05+Ne_z2m3_x99.8.data
kap_data/a05+Ne_z3m2_x00.data
kap_data/a05+Ne_z3m2_x10.data
kap_data/a05+Ne_z3m2_x20.data
kap_data/a05+Ne_z3m2_x35.data
kap_data/a05+Ne_z3m2_x50.data
kap_data/a05+Ne_z3m2_x70.data
kap_data/a05+Ne_z3m2_x80.data
kap_data/a05+Ne_z3m2_x90.data
kap_data/a05+Ne_z3m2_x95.data
kap_data/a05+Ne_z3m2_x97.data
kap_data/a05+Ne_z3m4_x00.data
kap_data/a05+Ne_z3m4_x10.data
kap_data/a05+Ne_z3m4_x20.data
kap_data/a05+Ne_z3m4_x35.data
kap_data/a05+Ne_z3m4_x50.data
kap_data/a05+Ne_z3m4_x70.data
kap_data/a05+Ne_z3m4_x80.data
kap_data/a05+Ne_z3m4_x90.data
kap_data/a05+Ne_z3m4_x95.data
kap_data/a05+Ne_z3m4_x99.97.data
kap_data/a05+Ne_z4m2_x00.data
kap_data/a05+Ne_z4m2_x10.data
kap_data/a05+Ne_z4m2_x20.data
kap_data/a05+Ne_z4m2_x35.data
kap_data/a05+Ne_z4m2_x50.data
kap_data/a05+Ne_z4m2_x70.data
kap_data/a05+Ne_z4m2_x80.data
kap_data/a05+Ne_z4m2_x90.data
kap_data/a05+Ne_z4m2_x95.data
kap_data/a05+Ne_z4m2_x96.data
kap_data/a05+Ne_z4m3_x00.data
kap_data/a05+Ne_z4m3_x10.data
kap_data/a05+Ne_z4m3_x20.data
kap_data/a05+Ne_z4m3_x35.data
kap_data/a05+Ne_z4m3_x50.data
kap_data/a05+Ne_z4m3_x70.data
kap_data/a05+Ne_z4m3_x80.data
kap_data/a05+Ne_z4m3_x90.data
kap_data/a05+Ne_z4m3_x95.data
kap_data/a05+Ne_z4m3_x99.6.data
kap_data/a05+Ne_z6m2_x00.data
kap_data/a05+Ne_z6m2_x10.data
kap_data/a05+Ne_z6m2_x20.data
kap_data/a05+Ne_z6m2_x35.data
kap_data/a05+Ne_z6m2_x50.data
kap_data/a05+Ne_z6m2_x70.data
kap_data/a05+Ne_z6m2_x80.data
kap_data/a05+Ne_z6m2_x90.data
kap_data/a05+Ne_z6m2_x94.data
kap_data/a05+Ne_z8m2_x00.data
kap_data/a05+Ne_z8m2_x10.data
kap_data/a05+Ne_z8m2_x20.data
kap_data/a05+Ne_z8m2_x35.data
kap_data/a05+Ne_z8m2_x50.data
kap_data/a05+Ne_z8m2_x70.data
kap_data/a05+Ne_z8m2_x80.data
kap_data/a05+Ne_z8m2_x90.data
kap_data/a05+Ne_z8m2_x92.data
kap_data/a09_co_z0m0_x00.data
kap_data/a09_co_z0m0_x03.data
kap_data/a09_co_z0m0_x10.data
kap_data/a09_co_z0m0_x35.data
kap_data/a09_co_z0m0_x70.data
kap_data/a09_co_z1m1_x00.data
kap_data/a09_co_z1m1_x03.data
kap_data/a09_co_z1m1_x10.data
kap_data/a09_co_z1m1_x35.data
kap_data/a09_co_z1m1_x70.data
kap_data/a09_co_z1m2_x00.data
kap_data/a09_co_z1m2_x03.data
kap_data/a09_co_z1m2_x10.data
kap_data/a09_co_z1m2_x35.data
kap_data/a09_co_z1m2_x70.data
kap_data/a09_co_z1m3_x00.data
kap_data/a09_co_z1m3_x03.data
kap_data/a09_co_z1m3_x10.data
kap_data/a09_co_z1m3_x35.data
kap_data/a09_co_z1m3_x70.data
kap_data/a09_co_z2m2_x00.data
kap_data/a09_co_z2m2_x03.data
kap_data/a09_co_z2m2_x10.data
kap_data/a09_co_z2m2_x35.data
kap_data/a09_co_z2m2_x70.data
kap_data/a09_co_z3m2_x00.data
kap_data/a09_co_z3m2_x03.data
kap_data/a09_co_z3m2_x10.data
kap_data/a09_co_z3m2_x35.data
kap_data/a09_co_z3m2_x70.data
kap_data/a09_co_z4m3_x00.data
kap_data/a09_co_z4m3_x03.data
kap_data/a09_co_z4m3_x10.data
kap_data/a09_co_z4m3_x35.data
kap_data/a09_co_z4m3_x70.data
kap_data/a09_co_z5m2_x00.data
kap_data/a09_co_z5m2_x03.data
kap_data/a09_co_z5m2_x10.data
kap_data/a09_co_z5m2_x35.data
kap_data/a09_co_z5m2_x70.data
kap_data/a09_z0m0_x00.data
kap_data/a09_z0m0_x10.data
kap_data/a09_z0m0_x100.data
kap_data/a09_z0m0_x20.data
kap_data/a09_z0m0_x35.data
kap_data/a09_z0m0_x50.data
kap_data/a09_z0m0_x70.data
kap_data/a09_z0m0_x80.data
kap_data/a09_z0m0_x90.data
kap_data/a09_z0m0_x95.data
kap_data/a09_z1m1_x00.data
kap_data/a09_z1m1_x10.data
kap_data/a09_z1m1_x20.data
kap_data/a09_z1m1_x35.data
kap_data/a09_z1m1_x50.data
kap_data/a09_z1m1_x70.data
kap_data/a09_z1m1_x80.data
kap_data/a09_z1m1_x90.data
kap_data/a09_z1m2_x00.data
kap_data/a09_z1m2_x10.data
kap_data/a09_z1m2_x20.data
kap_data/a09_z1m2_x35.data
kap_data/a09_z1m2_x50.data
kap_data/a09_z1m2_x70.data
kap_data/a09_z1m2_x80.data
kap_data/a09_z1m2_x90.data
kap_data/a09_z1m2_x95.data
kap_data/a09_z1m2_x99.data
kap_data/a09_z1m3_x00.data
kap_data/a09_z1m3_x10.data
kap_data/a09_z1m3_x20.data
kap_data/a09_z1m3_x35.data
kap_data/a09_z1m3_x50.data
kap_data/a09_z1m3_x70.data
kap_data/a09_z1m3_x80.data
kap_data/a09_z1m3_x90.data
kap_data/a09_z1m3_x95.data
kap_data/a09_z1m3_x99.9.data
kap_data/a09_z1m4_x00.data
kap_data/a09_z1m4_x10.data
kap_data/a09_z1m4_x20.data
kap_data/a09_z1m4_x35.data
kap_data/a09_z1m4_x50.data
kap_data/a09_z1m4_x70.data
kap_data/a09_z1m4_x80.data
kap_data/a09_z1m4_x90.data
kap_data/a09_z1m4_x95.data
kap_data/a09_z1m4_x99.99.data
kap_data/a09_z2m2_x00.data
kap_data/a09_z2m2_x10.data
kap_data/a09_z2m2_x20.data
kap_data/a09_z2m2_x35.data
kap_data/a09_z2m2_x50.data
kap_data/a09_z2m2_x70.data
kap_data/a09_z2m2_x80.data
kap_data/a09_z2m2_x90.data
kap_data/a09_z2m2_x95.data
kap_data/a09_z2m2_x98.data
kap_data/a09_z2m3_x00.data
kap_data/a09_z2m3_x10.data
kap_data/a09_z2m3_x20.data
kap_data/a09_z2m3_x35.data
kap_data/a09_z2m3_x50.data
kap_data/a09_z2m3_x70.data
kap_data/a09_z2m3_x80.data
kap_data/a09_z2m3_x90.data
kap_data/a09_z2m3_x95.data
kap_data/a09_z2m3_x99.8.data
kap_data/a09_z3m2_x00.data
kap_data/a09_z3m2_x10.data
kap_data/a09_z3m2_x20.data
kap_data/a09_z3m2_x35.data
kap_data/a09_z3m2_x50.data
kap_data/a09_z3m2_x70.data
kap_data/a09_z3m2_x80.data
kap_data/a09_z3m2_x90.data
kap_data/a09_z3m2_x95.data
kap_data/a09_z3m2_x97.data
kap_data/a09_z3m4_x00.data
kap_data/a09_z3m4_x10.data
kap_data/a09_z3m4_x20.data
kap_data/a09_z3m4_x35.data
kap_data/a09_z3m4_x50.data
kap_data/a09_z3m4_x70.data
kap_data/a09_z3m4_x80.data
kap_data/a09_z3m4_x90.data
kap_data/a09_z3m4_x95.data
kap_data/a09_z3m4_x99.97.data
kap_data/a09_z4m2_x00.data
kap_data/a09_z4m2_x10.data
kap_data/a09_z4m2_x20.data
kap_data/a09_z4m2_x35.data
kap_data/a09_z4m2_x50.data
kap_data/a09_z4m2_x70.data
kap_data/a09_z4m2_x80.data
kap_data/a09_z4m2_x90.data
kap_data/a09_z4m2_x95.data
kap_data/a09_z4m2_x96.data
kap_data/a09_z4m3_x00.data
kap_data/a09_z4m3_x10.data
kap_data/a09_z4m3_x20.data
kap_data/a09_z4m3_x35.data
kap_data/a09_z4m3_x50.data
kap_data/a09_z4m3_x70.data
kap_data/a09_z4m3_x80.data
kap_data/a09_z4m3_x90.data
kap_data/a09_z4m3_x95.data
kap_data/a09_z4m3_x99.6.data
kap_data/a09_z6m2_x00.data
kap_data/a09_z6m2_x10.data
kap_data/a09_z6m2_x20.data
kap_data/a09_z6m2_x35.data
kap_data/a09_z6m2_x50.data
kap_data/a09_z6m2_x70.data
kap_data/a09_z6m2_x80.data
kap_data/a09_z6m2_x90.data
kap_data/a09_z6m2_x94.data
kap_data/a09_z8m2_x00.data
kap_data/a09_z8m2_x10.data
kap_data/a09_z8m2_x20.data
kap_data/a09_z8m2_x35.data
kap_data/a09_z8m2_x50.data
kap_data/a09_z8m2_x70.data
kap_data/a09_z8m2_x80.data
kap_data/a09_z8m2_x90.data
kap_data/a09_z8m2_x92.data
kap_data/._condtabl.data
kap_data/condtabl.data
kap_data/gn93_co_z0m0_x00.data
kap_data/gn93_co_z0m0_x03.data
kap_data/gn93_co_z0m0_x10.data
kap_data/gn93_co_z0m0_x35.data
kap_data/gn93_co_z0m0_x70.data
kap_data/gn93_co_z1m1_x00.data
kap_data/gn93_co_z1m1_x03.data
kap_data/gn93_co_z1m1_x10.data
kap_data/gn93_co_z1m1_x35.data
kap_data/gn93_co_z1m1_x70.data
kap_data/gn93_co_z1m2_x00.data
kap_data/gn93_co_z1m2_x03.data
kap_data/gn93_co_z1m2_x10.data
kap_data/gn93_co_z1m2_x35.data
kap_data/gn93_co_z1m2_x70.data
kap_data/gn93_co_z1m3_x00.data
kap_data/gn93_co_z1m3_x03.data
kap_data/gn93_co_z1m3_x10.data
kap_data/gn93_co_z1m3_x35.data
kap_data/gn93_co_z1m3_x70.data
kap_data/gn93_co_z2m2_x00.data
kap_data/gn93_co_z2m2_x03.data
kap_data/gn93_co_z2m2_x10.data
kap_data/gn93_co_z2m2_x35.data
kap_data/gn93_co_z2m2_x70.data
kap_data/gn93_co_z3m2_x00.data
kap_data/gn93_co_z3m2_x03.data
kap_data/gn93_co_z3m2_x10.data
kap_data/gn93_co_z3m2_x35.data
kap_data/gn93_co_z3m2_x70.data
kap_data/gn93_co_z4m3_x00.data
kap_data/gn93_co_z4m3_x03.data
kap_data/gn93_co_z4m3_x10.data
kap_data/gn93_co_z4m3_x35.data
kap_data/gn93_co_z4m3_x70.data
kap_data/gn93_co_z5m2_x00.data
kap_data/gn93_co_z5m2_x03.data
kap_data/gn93_co_z5m2_x10.data
kap_data/gn93_co_z5m2_x35.data
kap_data/gn93_co_z5m2_x70.data
kap_data/gn93_z0m0_x00.data
kap_data/gn93_z0m0_x10.data
kap_data/gn93_z0m0_x100.data
kap_data/gn93_z0m0_x20.data
kap_data/gn93_z0m0_x35.data
kap_data/gn93_z0m0_x50.data
kap_data/gn93_z0m0_x70.data
kap_data/gn93_z0m0_x80.data
kap_data/gn93_z0m0_x90.data
kap_data/gn93_z0m0_x95.data
kap_data/gn93_z1m1_x00.data
kap_data/gn93_z1m1_x10.data
kap_data/gn93_z1m1_x20.data
kap_data/gn93_z1m1_x35.data
kap_data/gn93_z1m1_x50.data
kap_data/gn93_z1m1_x70.data
kap_data/gn93_z1m1_x80.data
kap_data/gn93_z1m1_x90.data
kap_data/gn93_z1m2_x00.data
kap_data/gn93_z1m2_x10.data
kap_data/gn93_z1m2_x20.data
kap_data/gn93_z1m2_x35.data
kap_data/gn93_z1m2_x50.data
kap_data/gn93_z1m2_x70.data
kap_data/gn93_z1m2_x80.data
kap_data/gn93_z1m2_x90.data
kap_data/gn93_z1m2_x95.data
kap_data/gn93_z1m2_x99.data
kap_data/gn93_z1m3_x00.data
kap_data/gn93_z1m3_x10.data
kap_data/gn93_z1m3_x20.data
kap_data/gn93_z1m3_x35.data
kap_data/gn93_z1m3_x50.data
kap_data/gn93_z1m3_x70.data
kap_data/gn93_z1m3_x80.data
kap_data/gn93_z1m3_x90.data
kap_data/gn93_z1m3_x95.data
kap_data/gn93_z1m3_x99.9.data
kap_data/gn93_z1m4_x00.data
kap_data/gn93_z1m4_x10.data
kap_data/gn93_z1m4_x20.data
kap_data/gn93_z1m4_x35.data
kap_data/gn93_z1m4_x50.data
kap_data/gn93_z1m4_x70.data
kap_data/gn93_z1m4_x80.data
kap_data/gn93_z1m4_x90.data
kap_data/gn93_z1m4_x95.data
kap_data/gn93_z1m4_x99.99.data
kap_data/gn93_z2m2_x00.data
kap_data/gn93_z2m2_x10.data
kap_data/gn93_z2m2_x20.data
kap_data/gn93_z2m2_x35.data
kap_data/gn93_z2m2_x50.data
kap_data/gn93_z2m2_x70.data
kap_data/gn93_z2m2_x80.data
kap_data/gn93_z2m2_x90.data
kap_data/gn93_z2m2_x95.data
kap_data/gn93_z2m2_x98.data
kap_data/gn93_z2m3_x00.data
kap_data/gn93_z2m3_x10.data
kap_data/gn93_z2m3_x20.data
kap_data/gn93_z2m3_x35.data
kap_data/gn93_z2m3_x50.data
kap_data/gn93_z2m3_x70.data
kap_data/gn93_z2m3_x80.data
kap_data/gn93_z2m3_x90.data
kap_data/gn93_z2m3_x95.data
kap_data/gn93_z2m3_x99.8.data
kap_data/gn93_z3m2_x00.data
kap_data/gn93_z3m2_x10.data
kap_data/gn93_z3m2_x20.data
kap_data/gn93_z3m2_x35.data
kap_data/gn93_z3m2_x50.data
kap_data/gn93_z3m2_x70.data
kap_data/gn93_z3m2_x80.data
kap_data/gn93_z3m2_x90.data
kap_data/gn93_z3m2_x95.data
kap_data/gn93_z3m2_x97.data
kap_data/gn93_z3m4_x00.data
kap_data/gn93_z3m4_x10.data
kap_data/gn93_z3m4_x20.data
kap_data/gn93_z3m4_x35.data
kap_data/gn93_z3m4_x50.data
kap_data/gn93_z3m4_x70.data
kap_data/gn93_z3m4_x80.data
kap_data/gn93_z3m4_x90.data
kap_data/gn93_z3m4_x95.data
kap_data/gn93_z3m4_x99.97.data
kap_data/gn93_z4m2_x00.data
kap_data/gn93_z4m2_x10.data
kap_data/gn93_z4m2_x20.data
kap_data/gn93_z4m2_x35.data
kap_data/gn93_z4m2_x50.data
kap_data/gn93_z4m2_x70.data
kap_data/gn93_z4m2_x80.data
kap_data/gn93_z4m2_x90.data
kap_data/gn93_z4m2_x95.data
kap_data/gn93_z4m2_x96.data
kap_data/gn93_z4m3_x00.data
kap_data/gn93_z4m3_x10.data
kap_data/gn93_z4m3_x20.data
kap_data/gn93_z4m3_x35.data
kap_data/gn93_z4m3_x50.data
kap_data/gn93_z4m3_x70.data
kap_data/gn93_z4m3_x80.data
kap_data/gn93_z4m3_x90.data
kap_data/gn93_z4m3_x95.data
kap_data/gn93_z4m3_x99.6.data
kap_data/gn93_z6m2_x00.data
kap_data/gn93_z6m2_x10.data
kap_data/gn93_z6m2_x20.data
kap_data/gn93_z6m2_x35.data
kap_data/gn93_z6m2_x50.data
kap_data/gn93_z6m2_x70.data
kap_data/gn93_z6m2_x80.data
kap_data/gn93_z6m2_x90.data
kap_data/gn93_z6m2_x94.data
kap_data/gn93_z8m2_x00.data
kap_data/gn93_z8m2_x10.data
kap_data/gn93_z8m2_x20.data
kap_data/gn93_z8m2_x35.data
kap_data/gn93_z8m2_x50.data
kap_data/gn93_z8m2_x70.data
kap_data/gn93_z8m2_x80.data
kap_data/gn93_z8m2_x90.data
kap_data/gn93_z8m2_x92.data
kap_data/gs98_aFe_m2_z0m0_x00.data
kap_data/gs98_aFe_m2_z0m0_x10.data
kap_data/gs98_aFe_m2_z0m0_x100.data
kap_data/gs98_aFe_m2_z0m0_x20.data
kap_data/gs98_aFe_m2_z0m0_x35.data
kap_data/gs98_aFe_m2_z0m0_x50.data
kap_data/gs98_aFe_m2_z0m0_x70.data
kap_data/gs98_aFe_m2_z0m0_x80.data
kap_data/gs98_aFe_m2_z0m0_x90.data
kap_data/gs98_aFe_m2_z0m0_x95.data
kap_data/gs98_aFe_m2_z1m1_x00.data
kap_data/gs98_aFe_m2_z1m1_x10.data
kap_data/gs98_aFe_m2_z1m1_x20.data
kap_data/gs98_aFe_m2_z1m1_x35.data
kap_data/gs98_aFe_m2_z1m1_x50.data
kap_data/gs98_aFe_m2_z1m1_x70.data
kap_data/gs98_aFe_m2_z1m1_x80.data
kap_data/gs98_aFe_m2_z1m1_x90.data
kap_data/gs98_aFe_m2_z1m2_x00.data
kap_data/gs98_aFe_m2_z1m2_x10.data
kap_data/gs98_aFe_m2_z1m2_x20.data
kap_data/gs98_aFe_m2_z1m2_x35.data
kap_data/gs98_aFe_m2_z1m2_x50.data
kap_data/gs98_aFe_m2_z1m2_x70.data
kap_data/gs98_aFe_m2_z1m2_x80.data
kap_data/gs98_aFe_m2_z1m2_x90.data
kap_data/gs98_aFe_m2_z1m2_x95.data
kap_data/gs98_aFe_m2_z1m2_x99.data
kap_data/gs98_aFe_m2_z1m3_x00.data
kap_data/gs98_aFe_m2_z1m3_x10.data
kap_data/gs98_aFe_m2_z1m3_x20.data
kap_data/gs98_aFe_m2_z1m3_x35.data
kap_data/gs98_aFe_m2_z1m3_x50.data
kap_data/gs98_aFe_m2_z1m3_x70.data
kap_data/gs98_aFe_m2_z1m3_x80.data
kap_data/gs98_aFe_m2_z1m3_x90.data
kap_data/gs98_aFe_m2_z1m3_x95.data
kap_data/gs98_aFe_m2_z1m3_x99.9.data
kap_data/gs98_aFe_m2_z1m4_x00.data
kap_data/gs98_aFe_m2_z1m4_x10.data
kap_data/gs98_aFe_m2_z1m4_x20.data
kap_data/gs98_aFe_m2_z1m4_x35.data
kap_data/gs98_aFe_m2_z1m4_x50.data
kap_data/gs98_aFe_m2_z1m4_x70.data
kap_data/gs98_aFe_m2_z1m4_x80.data
kap_data/gs98_aFe_m2_z1m4_x90.data
kap_data/gs98_aFe_m2_z1m4_x95.data
kap_data/gs98_aFe_m2_z1m4_x99.99.data
kap_data/gs98_aFe_m2_z2m2_x00.data
kap_data/gs98_aFe_m2_z2m2_x10.data
kap_data/gs98_aFe_m2_z2m2_x20.data
kap_data/gs98_aFe_m2_z2m2_x35.data
kap_data/gs98_aFe_m2_z2m2_x50.data
kap_data/gs98_aFe_m2_z2m2_x70.data
kap_data/gs98_aFe_m2_z2m2_x80.data
kap_data/gs98_aFe_m2_z2m2_x90.data
kap_data/gs98_aFe_m2_z2m2_x95.data
kap_data/gs98_aFe_m2_z2m2_x98.data
kap_data/gs98_aFe_m2_z2m3_x00.data
kap_data/gs98_aFe_m2_z2m3_x10.data
kap_data/gs98_aFe_m2_z2m3_x20.data
kap_data/gs98_aFe_m2_z2m3_x35.data
kap_data/gs98_aFe_m2_z2m3_x50.data
kap_data/gs98_aFe_m2_z2m3_x70.data
kap_data/gs98_aFe_m2_z2m3_x80.data
kap_data/gs98_aFe_m2_z2m3_x90.data
kap_data/gs98_aFe_m2_z2m3_x95.data
kap_data/gs98_aFe_m2_z2m3_x99.8.data
kap_data/gs98_aFe_m2_z3m2_x00.data
kap_data/gs98_aFe_m2_z3m2_x10.data
kap_data/gs98_aFe_m2_z3m2_x20.data
kap_data/gs98_aFe_m2_z3m2_x35.data
kap_data/gs98_aFe_m2_z3m2_x50.data
kap_data/gs98_aFe_m2_z3m2_x70.data
kap_data/gs98_aFe_m2_z3m2_x80.data
kap_data/gs98_aFe_m2_z3m2_x90.data
kap_data/gs98_aFe_m2_z3m2_x95.data
kap_data/gs98_aFe_m2_z3m2_x97.data
kap_data/gs98_aFe_m2_z3m4_x00.data
kap_data/gs98_aFe_m2_z3m4_x10.data
kap_data/gs98_aFe_m2_z3m4_x20.data
kap_data/gs98_aFe_m2_z3m4_x35.data
kap_data/gs98_aFe_m2_z3m4_x50.data
kap_data/gs98_aFe_m2_z3m4_x70.data
kap_data/gs98_aFe_m2_z3m4_x80.data
kap_data/gs98_aFe_m2_z3m4_x90.data
kap_data/gs98_aFe_m2_z3m4_x95.data
kap_data/gs98_aFe_m2_z3m4_x99.97.data
kap_data/gs98_aFe_m2_z4m2_x00.data
kap_data/gs98_aFe_m2_z4m2_x10.data
kap_data/gs98_aFe_m2_z4m2_x20.data
kap_data/gs98_aFe_m2_z4m2_x35.data
kap_data/gs98_aFe_m2_z4m2_x50.data
kap_data/gs98_aFe_m2_z4m2_x70.data
kap_data/gs98_aFe_m2_z4m2_x80.data
kap_data/gs98_aFe_m2_z4m2_x90.data
kap_data/gs98_aFe_m2_z4m2_x95.data
kap_data/gs98_aFe_m2_z4m2_x96.data
kap_data/gs98_aFe_m2_z4m3_x00.data
kap_data/gs98_aFe_m2_z4m3_x10.data
kap_data/gs98_aFe_m2_z4m3_x20.data
kap_data/gs98_aFe_m2_z4m3_x35.data
kap_data/gs98_aFe_m2_z4m3_x50.data
kap_data/gs98_aFe_m2_z4m3_x70.data
kap_data/gs98_aFe_m2_z4m3_x80.data
kap_data/gs98_aFe_m2_z4m3_x90.data
kap_data/gs98_aFe_m2_z4m3_x95.data
kap_data/gs98_aFe_m2_z4m3_x99.6.data
kap_data/gs98_aFe_m2_z6m2_x00.data
kap_data/gs98_aFe_m2_z6m2_x10.data
kap_data/gs98_aFe_m2_z6m2_x20.data
kap_data/gs98_aFe_m2_z6m2_x35.data
kap_data/gs98_aFe_m2_z6m2_x50.data
kap_data/gs98_aFe_m2_z6m2_x70.data
kap_data/gs98_aFe_m2_z6m2_x80.data
kap_data/gs98_aFe_m2_z6m2_x90.data
kap_data/gs98_aFe_m2_z6m2_x94.data
kap_data/gs98_aFe_m2_z8m2_x00.data
kap_data/gs98_aFe_m2_z8m2_x10.data
kap_data/gs98_aFe_m2_z8m2_x20.data
kap_data/gs98_aFe_m2_z8m2_x35.data
kap_data/gs98_aFe_m2_z8m2_x50.data
kap_data/gs98_aFe_m2_z8m2_x70.data
kap_data/gs98_aFe_m2_z8m2_x80.data
kap_data/gs98_aFe_m2_z8m2_x90.data
kap_data/gs98_aFe_m2_z8m2_x92.data
kap_data/gs98_aFe_p2_z0m0_x00.data
kap_data/gs98_aFe_p2_z0m0_x10.data
kap_data/gs98_aFe_p2_z0m0_x100.data
kap_data/gs98_aFe_p2_z0m0_x20.data
kap_data/gs98_aFe_p2_z0m0_x35.data
kap_data/gs98_aFe_p2_z0m0_x50.data
kap_data/gs98_aFe_p2_z0m0_x70.data
kap_data/gs98_aFe_p2_z0m0_x80.data
kap_data/gs98_aFe_p2_z0m0_x90.data
kap_data/gs98_aFe_p2_z0m0_x95.data
kap_data/gs98_aFe_p2_z1m1_x00.data
kap_data/gs98_aFe_p2_z1m1_x10.data
kap_data/gs98_aFe_p2_z1m1_x20.data
kap_data/gs98_aFe_p2_z1m1_x35.data
kap_data/gs98_aFe_p2_z1m1_x50.data
kap_data/gs98_aFe_p2_z1m1_x70.data
kap_data/gs98_aFe_p2_z1m1_x80.data
kap_data/gs98_aFe_p2_z1m1_x90.data
kap_data/gs98_aFe_p2_z1m2_x00.data
kap_data/gs98_aFe_p2_z1m2_x10.data
kap_data/gs98_aFe_p2_z1m2_x20.data
kap_data/gs98_aFe_p2_z1m2_x35.data
kap_data/gs98_aFe_p2_z1m2_x50.data
kap_data/gs98_aFe_p2_z1m2_x70.data
kap_data/gs98_aFe_p2_z1m2_x80.data
kap_data/gs98_aFe_p2_z1m2_x90.data
kap_data/gs98_aFe_p2_z1m2_x95.data
kap_data/gs98_aFe_p2_z1m2_x99.data
kap_data/gs98_aFe_p2_z1m3_x00.data
kap_data/gs98_aFe_p2_z1m3_x10.data
kap_data/gs98_aFe_p2_z1m3_x20.data
kap_data/gs98_aFe_p2_z1m3_x35.data
kap_data/gs98_aFe_p2_z1m3_x50.data
kap_data/gs98_aFe_p2_z1m3_x70.data
kap_data/gs98_aFe_p2_z1m3_x80.data
kap_data/gs98_aFe_p2_z1m3_x90.data
kap_data/gs98_aFe_p2_z1m3_x95.data
kap_data/gs98_aFe_p2_z1m3_x99.9.data
kap_data/gs98_aFe_p2_z1m4_x00.data
kap_data/gs98_aFe_p2_z1m4_x10.data
kap_data/gs98_aFe_p2_z1m4_x20.data
kap_data/gs98_aFe_p2_z1m4_x35.data
kap_data/gs98_aFe_p2_z1m4_x50.data
kap_data/gs98_aFe_p2_z1m4_x70.data
kap_data/gs98_aFe_p2_z1m4_x80.data
kap_data/gs98_aFe_p2_z1m4_x90.data
kap_data/gs98_aFe_p2_z1m4_x95.data
kap_data/gs98_aFe_p2_z1m4_x99.99.data
kap_data/gs98_aFe_p2_z2m2_x00.data
kap_data/gs98_aFe_p2_z2m2_x10.data
kap_data/gs98_aFe_p2_z2m2_x20.data
kap_data/gs98_aFe_p2_z2m2_x35.data
kap_data/gs98_aFe_p2_z2m2_x50.data
kap_data/gs98_aFe_p2_z2m2_x70.data
kap_data/gs98_aFe_p2_z2m2_x80.data
kap_data/gs98_aFe_p2_z2m2_x90.data
kap_data/gs98_aFe_p2_z2m2_x95.data
kap_data/gs98_aFe_p2_z2m2_x98.data
kap_data/gs98_aFe_p2_z2m3_x00.data
kap_data/gs98_aFe_p2_z2m3_x10.data
kap_data/gs98_aFe_p2_z2m3_x20.data
kap_data/gs98_aFe_p2_z2m3_x35.data
kap_data/gs98_aFe_p2_z2m3_x50.data
kap_data/gs98_aFe_p2_z2m3_x70.data
kap_data/gs98_aFe_p2_z2m3_x80.data
kap_data/gs98_aFe_p2_z2m3_x90.data
kap_data/gs98_aFe_p2_z2m3_x95.data
kap_data/gs98_aFe_p2_z2m3_x99.8.data
kap_data/gs98_aFe_p2_z3m2_x00.data
kap_data/gs98_aFe_p2_z3m2_x10.data
kap_data/gs98_aFe_p2_z3m2_x20.data
kap_data/gs98_aFe_p2_z3m2_x35.data
kap_data/gs98_aFe_p2_z3m2_x50.data
kap_data/gs98_aFe_p2_z3m2_x70.data
kap_data/gs98_aFe_p2_z3m2_x80.data
kap_data/gs98_aFe_p2_z3m2_x90.data
kap_data/gs98_aFe_p2_z3m2_x95.data
kap_data/gs98_aFe_p2_z3m2_x97.data
kap_data/gs98_aFe_p2_z3m4_x00.data
kap_data/gs98_aFe_p2_z3m4_x10.data
kap_data/gs98_aFe_p2_z3m4_x20.data
kap_data/gs98_aFe_p2_z3m4_x35.data
kap_data/gs98_aFe_p2_z3m4_x50.data
kap_data/gs98_aFe_p2_z3m4_x70.data
kap_data/gs98_aFe_p2_z3m4_x80.data
kap_data/gs98_aFe_p2_z3m4_x90.data
kap_data/gs98_aFe_p2_z3m4_x95.data
kap_data/gs98_aFe_p2_z3m4_x99.97.data
kap_data/gs98_aFe_p2_z4m2_x00.data
kap_data/gs98_aFe_p2_z4m2_x10.data
kap_data/gs98_aFe_p2_z4m2_x20.data
kap_data/gs98_aFe_p2_z4m2_x35.data
kap_data/gs98_aFe_p2_z4m2_x50.data
kap_data/gs98_aFe_p2_z4m2_x70.data
kap_data/gs98_aFe_p2_z4m2_x80.data
kap_data/gs98_aFe_p2_z4m2_x90.data
kap_data/gs98_aFe_p2_z4m2_x95.data
kap_data/gs98_aFe_p2_z4m2_x96.data
kap_data/gs98_aFe_p2_z4m3_x00.data
kap_data/gs98_aFe_p2_z4m3_x10.data
kap_data/gs98_aFe_p2_z4m3_x20.data
kap_data/gs98_aFe_p2_z4m3_x35.data
kap_data/gs98_aFe_p2_z4m3_x50.data
kap_data/gs98_aFe_p2_z4m3_x70.data
kap_data/gs98_aFe_p2_z4m3_x80.data
kap_data/gs98_aFe_p2_z4m3_x90.data
kap_data/gs98_aFe_p2_z4m3_x95.data
kap_data/gs98_aFe_p2_z4m3_x99.6.data
kap_data/gs98_aFe_p2_z6m2_x00.data
kap_data/gs98_aFe_p2_z6m2_x10.data
kap_data/gs98_aFe_p2_z6m2_x20.data
kap_data/gs98_aFe_p2_z6m2_x35.data
kap_data/gs98_aFe_p2_z6m2_x50.data
kap_data/gs98_aFe_p2_z6m2_x70.data
kap_data/gs98_aFe_p2_z6m2_x80.data
kap_data/gs98_aFe_p2_z6m2_x90.data
kap_data/gs98_aFe_p2_z6m2_x94.data
kap_data/gs98_aFe_p2_z8m2_x00.data
kap_data/gs98_aFe_p2_z8m2_x10.data
kap_data/gs98_aFe_p2_z8m2_x20.data
kap_data/gs98_aFe_p2_z8m2_x35.data
kap_data/gs98_aFe_p2_z8m2_x50.data
kap_data/gs98_aFe_p2_z8m2_x70.data
kap_data/gs98_aFe_p2_z8m2_x80.data
kap_data/gs98_aFe_p2_z8m2_x90.data
kap_data/gs98_aFe_p2_z8m2_x92.data
kap_data/gs98_aFe_p3_z0m0_x00.data
kap_data/gs98_aFe_p3_z0m0_x10.data
kap_data/gs98_aFe_p3_z0m0_x100.data
kap_data/gs98_aFe_p3_z0m0_x20.data
kap_data/gs98_aFe_p3_z0m0_x35.data
kap_data/gs98_aFe_p3_z0m0_x50.data
kap_data/gs98_aFe_p3_z0m0_x70.data
kap_data/gs98_aFe_p3_z0m0_x80.data
kap_data/gs98_aFe_p3_z0m0_x90.data
kap_data/gs98_aFe_p3_z0m0_x95.data
kap_data/gs98_aFe_p3_z1m1_x00.data
kap_data/gs98_aFe_p3_z1m1_x10.data
kap_data/gs98_aFe_p3_z1m1_x20.data
kap_data/gs98_aFe_p3_z1m1_x35.data
kap_data/gs98_aFe_p3_z1m1_x50.data
kap_data/gs98_aFe_p3_z1m1_x70.data
kap_data/gs98_aFe_p3_z1m1_x80.data
kap_data/gs98_aFe_p3_z1m1_x90.data
kap_data/gs98_aFe_p3_z1m2_x00.data
kap_data/gs98_aFe_p3_z1m2_x10.data
kap_data/gs98_aFe_p3_z1m2_x20.data
kap_data/gs98_aFe_p3_z1m2_x35.data
kap_data/gs98_aFe_p3_z1m2_x50.data
kap_data/gs98_aFe_p3_z1m2_x70.data
kap_data/gs98_aFe_p3_z1m2_x80.data
kap_data/gs98_aFe_p3_z1m2_x90.data
kap_data/gs98_aFe_p3_z1m2_x95.data
kap_data/gs98_aFe_p3_z1m2_x99.data
kap_data/gs98_aFe_p3_z1m3_x00.data
kap_data/gs98_aFe_p3_z1m3_x10.data
kap_data/gs98_aFe_p3_z1m3_x20.data
kap_data/gs98_aFe_p3_z1m3_x35.data
kap_data/gs98_aFe_p3_z1m3_x50.data
kap_data/gs98_aFe_p3_z1m3_x70.data
kap_data/gs98_aFe_p3_z1m3_x80.data
kap_data/gs98_aFe_p3_z1m3_x90.data
kap_data/gs98_aFe_p3_z1m3_x95.data
kap_data/gs98_aFe_p3_z1m3_x99.9.data
kap_data/gs98_aFe_p3_z1m4_x00.data
kap_data/gs98_aFe_p3_z1m4_x10.data
kap_data/gs98_aFe_p3_z1m4_x20.data
kap_data/gs98_aFe_p3_z1m4_x35.data
kap_data/gs98_aFe_p3_z1m4_x50.data
kap_data/gs98_aFe_p3_z1m4_x70.data
kap_data/gs98_aFe_p3_z1m4_x80.data
kap_data/gs98_aFe_p3_z1m4_x90.data
kap_data/gs98_aFe_p3_z1m4_x95.data
kap_data/gs98_aFe_p3_z1m4_x99.99.data
kap_data/gs98_aFe_p3_z2m2_x00.data
kap_data/gs98_aFe_p3_z2m2_x10.data
kap_data/gs98_aFe_p3_z2m2_x20.data
kap_data/gs98_aFe_p3_z2m2_x35.data
kap_data/gs98_aFe_p3_z2m2_x50.data
kap_data/gs98_aFe_p3_z2m2_x70.data
kap_data/gs98_aFe_p3_z2m2_x80.data
kap_data/gs98_aFe_p3_z2m2_x90.data
kap_data/gs98_aFe_p3_z2m2_x95.data
kap_data/gs98_aFe_p3_z2m2_x98.data
kap_data/gs98_aFe_p3_z2m3_x00.data
kap_data/gs98_aFe_p3_z2m3_x10.data
kap_data/gs98_aFe_p3_z2m3_x20.data
kap_data/gs98_aFe_p3_z2m3_x35.data
kap_data/gs98_aFe_p3_z2m3_x50.data
kap_data/gs98_aFe_p3_z2m3_x70.data
kap_data/gs98_aFe_p3_z2m3_x80.data
kap_data/gs98_aFe_p3_z2m3_x90.data
kap_data/gs98_aFe_p3_z2m3_x95.data
kap_data/gs98_aFe_p3_z2m3_x99.8.data
kap_data/gs98_aFe_p3_z3m2_x00.data
kap_data/gs98_aFe_p3_z3m2_x10.data
kap_data/gs98_aFe_p3_z3m2_x20.data
kap_data/gs98_aFe_p3_z3m2_x35.data
kap_data/gs98_aFe_p3_z3m2_x50.data
kap_data/gs98_aFe_p3_z3m2_x70.data
kap_data/gs98_aFe_p3_z3m2_x80.data
kap_data/gs98_aFe_p3_z3m2_x90.data
kap_data/gs98_aFe_p3_z3m2_x95.data
kap_data/gs98_aFe_p3_z3m2_x97.data
kap_data/gs98_aFe_p3_z3m4_x00.data
kap_data/gs98_aFe_p3_z3m4_x10.data
kap_data/gs98_aFe_p3_z3m4_x20.data
kap_data/gs98_aFe_p3_z3m4_x35.data
kap_data/gs98_aFe_p3_z3m4_x50.data
kap_data/gs98_aFe_p3_z3m4_x70.data
kap_data/gs98_aFe_p3_z3m4_x80.data
kap_data/gs98_aFe_p3_z3m4_x90.data
kap_data/gs98_aFe_p3_z3m4_x95.data
kap_data/gs98_aFe_p3_z3m4_x99.97.data
kap_data/gs98_aFe_p3_z4m2_x00.data
kap_data/gs98_aFe_p3_z4m2_x10.data
kap_data/gs98_aFe_p3_z4m2_x20.data
kap_data/gs98_aFe_p3_z4m2_x35.data
kap_data/gs98_aFe_p3_z4m2_x50.data
kap_data/gs98_aFe_p3_z4m2_x70.data
kap_data/gs98_aFe_p3_z4m2_x80.data
kap_data/gs98_aFe_p3_z4m2_x90.data
kap_data/gs98_aFe_p3_z4m2_x95.data
kap_data/gs98_aFe_p3_z4m2_x96.data
kap_data/gs98_aFe_p3_z4m3_x00.data
kap_data/gs98_aFe_p3_z4m3_x10.data
kap_data/gs98_aFe_p3_z4m3_x20.data
kap_data/gs98_aFe_p3_z4m3_x35.data
kap_data/gs98_aFe_p3_z4m3_x50.data
kap_data/gs98_aFe_p3_z4m3_x70.data
kap_data/gs98_aFe_p3_z4m3_x80.data
kap_data/gs98_aFe_p3_z4m3_x90.data
kap_data/gs98_aFe_p3_z4m3_x95.data
kap_data/gs98_aFe_p3_z4m3_x99.6.data
kap_data/gs98_aFe_p3_z6m2_x00.data
kap_data/gs98_aFe_p3_z6m2_x10.data
kap_data/gs98_aFe_p3_z6m2_x20.data
kap_data/gs98_aFe_p3_z6m2_x35.data
kap_data/gs98_aFe_p3_z6m2_x50.data
kap_data/gs98_aFe_p3_z6m2_x70.data
kap_data/gs98_aFe_p3_z6m2_x80.data
kap_data/gs98_aFe_p3_z6m2_x90.data
kap_data/gs98_aFe_p3_z6m2_x94.data
kap_data/gs98_aFe_p3_z8m2_x00.data
kap_data/gs98_aFe_p3_z8m2_x10.data
kap_data/gs98_aFe_p3_z8m2_x20.data
kap_data/gs98_aFe_p3_z8m2_x35.data
kap_data/gs98_aFe_p3_z8m2_x50.data
kap_data/gs98_aFe_p3_z8m2_x70.data
kap_data/gs98_aFe_p3_z8m2_x80.data
kap_data/gs98_aFe_p3_z8m2_x90.data
kap_data/gs98_aFe_p3_z8m2_x92.data
kap_data/gs98_aFe_p4_co_z0m0_x00.data
kap_data/gs98_aFe_p4_co_z0m0_x03.data
kap_data/gs98_aFe_p4_co_z0m0_x10.data
kap_data/gs98_aFe_p4_co_z0m0_x35.data
kap_data/gs98_aFe_p4_co_z0m0_x70.data
kap_data/gs98_aFe_p4_co_z1m1_x00.data
kap_data/gs98_aFe_p4_co_z1m1_x03.data
kap_data/gs98_aFe_p4_co_z1m1_x10.data
kap_data/gs98_aFe_p4_co_z1m1_x35.data
kap_data/gs98_aFe_p4_co_z1m1_x70.data
kap_data/gs98_aFe_p4_co_z1m2_x00.data
kap_data/gs98_aFe_p4_co_z1m2_x03.data
kap_data/gs98_aFe_p4_co_z1m2_x10.data
kap_data/gs98_aFe_p4_co_z1m2_x35.data
kap_data/gs98_aFe_p4_co_z1m2_x70.data
kap_data/gs98_aFe_p4_co_z1m3_x00.data
kap_data/gs98_aFe_p4_co_z1m3_x03.data
kap_data/gs98_aFe_p4_co_z1m3_x10.data
kap_data/gs98_aFe_p4_co_z1m3_x35.data
kap_data/gs98_aFe_p4_co_z1m3_x70.data
kap_data/gs98_aFe_p4_co_z2m2_x00.data
kap_data/gs98_aFe_p4_co_z2m2_x03.data
kap_data/gs98_aFe_p4_co_z2m2_x10.data
kap_data/gs98_aFe_p4_co_z2m2_x35.data
kap_data/gs98_aFe_p4_co_z2m2_x70.data
kap_data/gs98_aFe_p4_co_z3m2_x00.data
kap_data/gs98_aFe_p4_co_z3m2_x03.data
kap_data/gs98_aFe_p4_co_z3m2_x10.data
kap_data/gs98_aFe_p4_co_z3m2_x35.data
kap_data/gs98_aFe_p4_co_z3m2_x70.data
kap_data/gs98_aFe_p4_co_z4m3_x00.data
kap_data/gs98_aFe_p4_co_z4m3_x03.data
kap_data/gs98_aFe_p4_co_z4m3_x10.data
kap_data/gs98_aFe_p4_co_z4m3_x35.data
kap_data/gs98_aFe_p4_co_z4m3_x70.data
kap_data/gs98_aFe_p4_co_z5m2_x00.data
kap_data/gs98_aFe_p4_co_z5m2_x03.data
kap_data/gs98_aFe_p4_co_z5m2_x10.data
kap_data/gs98_aFe_p4_co_z5m2_x35.data
kap_data/gs98_aFe_p4_co_z5m2_x70.data
kap_data/gs98_aFe_p4_z0m0_x00.data
kap_data/gs98_aFe_p4_z0m0_x10.data
kap_data/gs98_aFe_p4_z0m0_x100.data
kap_data/gs98_aFe_p4_z0m0_x20.data
kap_data/gs98_aFe_p4_z0m0_x35.data
kap_data/gs98_aFe_p4_z0m0_x50.data
kap_data/gs98_aFe_p4_z0m0_x70.data
kap_data/gs98_aFe_p4_z0m0_x80.data
kap_data/gs98_aFe_p4_z0m0_x90.data
kap_data/gs98_aFe_p4_z0m0_x95.data
kap_data/gs98_aFe_p4_z1m1_x00.data
kap_data/gs98_aFe_p4_z1m1_x10.data
kap_data/gs98_aFe_p4_z1m1_x20.data
kap_data/gs98_aFe_p4_z1m1_x35.data
kap_data/gs98_aFe_p4_z1m1_x50.data
kap_data/gs98_aFe_p4_z1m1_x70.data
kap_data/gs98_aFe_p4_z1m1_x80.data
kap_data/gs98_aFe_p4_z1m1_x90.data
kap_data/gs98_aFe_p4_z1m2_x00.data
kap_data/gs98_aFe_p4_z1m2_x10.data
kap_data/gs98_aFe_p4_z1m2_x20.data
kap_data/gs98_aFe_p4_z1m2_x35.data
kap_data/gs98_aFe_p4_z1m2_x50.data
kap_data/gs98_aFe_p4_z1m2_x70.data
kap_data/gs98_aFe_p4_z1m2_x80.data
kap_data/gs98_aFe_p4_z1m2_x90.data
kap_data/gs98_aFe_p4_z1m2_x95.data
kap_data/gs98_aFe_p4_z1m2_x99.data
kap_data/gs98_aFe_p4_z1m3_x00.data
kap_data/gs98_aFe_p4_z1m3_x10.data
kap_data/gs98_aFe_p4_z1m3_x20.data
kap_data/gs98_aFe_p4_z1m3_x35.data
kap_data/gs98_aFe_p4_z1m3_x50.data
kap_data/gs98_aFe_p4_z1m3_x70.data
kap_data/gs98_aFe_p4_z1m3_x80.data
kap_data/gs98_aFe_p4_z1m3_x90.data
kap_data/gs98_aFe_p4_z1m3_x95.data
kap_data/gs98_aFe_p4_z1m3_x99.9.data
kap_data/gs98_aFe_p4_z1m4_x00.data
kap_data/gs98_aFe_p4_z1m4_x10.data
kap_data/gs98_aFe_p4_z1m4_x20.data
kap_data/gs98_aFe_p4_z1m4_x35.data
kap_data/gs98_aFe_p4_z1m4_x50.data
kap_data/gs98_aFe_p4_z1m4_x70.data
kap_data/gs98_aFe_p4_z1m4_x80.data
kap_data/gs98_aFe_p4_z1m4_x90.data
kap_data/gs98_aFe_p4_z1m4_x95.data
kap_data/gs98_aFe_p4_z1m4_x99.99.data
kap_data/gs98_aFe_p4_z2m2_x00.data
kap_data/gs98_aFe_p4_z2m2_x10.data
kap_data/gs98_aFe_p4_z2m2_x20.data
kap_data/gs98_aFe_p4_z2m2_x35.data
kap_data/gs98_aFe_p4_z2m2_x50.data
kap_data/gs98_aFe_p4_z2m2_x70.data
kap_data/gs98_aFe_p4_z2m2_x80.data
kap_data/gs98_aFe_p4_z2m2_x90.data
kap_data/gs98_aFe_p4_z2m2_x95.data
kap_data/gs98_aFe_p4_z2m2_x98.data
kap_data/gs98_aFe_p4_z2m3_x00.data
kap_data/gs98_aFe_p4_z2m3_x10.data
kap_data/gs98_aFe_p4_z2m3_x20.data
kap_data/gs98_aFe_p4_z2m3_x35.data
kap_data/gs98_aFe_p4_z2m3_x50.data
kap_data/gs98_aFe_p4_z2m3_x70.data
kap_data/gs98_aFe_p4_z2m3_x80.data
kap_data/gs98_aFe_p4_z2m3_x90.data
kap_data/gs98_aFe_p4_z2m3_x95.data
kap_data/gs98_aFe_p4_z2m3_x99.8.data
kap_data/gs98_aFe_p4_z3m2_x00.data
kap_data/gs98_aFe_p4_z3m2_x10.data
kap_data/gs98_aFe_p4_z3m2_x20.data
kap_data/gs98_aFe_p4_z3m2_x35.data
kap_data/gs98_aFe_p4_z3m2_x50.data
kap_data/gs98_aFe_p4_z3m2_x70.data
kap_data/gs98_aFe_p4_z3m2_x80.data
kap_data/gs98_aFe_p4_z3m2_x90.data
kap_data/gs98_aFe_p4_z3m2_x95.data
kap_data/gs98_aFe_p4_z3m2_x97.data
kap_data/gs98_aFe_p4_z3m4_x00.data
kap_data/gs98_aFe_p4_z3m4_x10.data
kap_data/gs98_aFe_p4_z3m4_x20.data
kap_data/gs98_aFe_p4_z3m4_x35.data
kap_data/gs98_aFe_p4_z3m4_x50.data
kap_data/gs98_aFe_p4_z3m4_x70.data
kap_data/gs98_aFe_p4_z3m4_x80.data
kap_data/gs98_aFe_p4_z3m4_x90.data
kap_data/gs98_aFe_p4_z3m4_x95.data
kap_data/gs98_aFe_p4_z3m4_x99.97.data
kap_data/gs98_aFe_p4_z4m2_x00.data
kap_data/gs98_aFe_p4_z4m2_x10.data
kap_data/gs98_aFe_p4_z4m2_x20.data
kap_data/gs98_aFe_p4_z4m2_x35.data
kap_data/gs98_aFe_p4_z4m2_x50.data
kap_data/gs98_aFe_p4_z4m2_x70.data
kap_data/gs98_aFe_p4_z4m2_x80.data
kap_data/gs98_aFe_p4_z4m2_x90.data
kap_data/gs98_aFe_p4_z4m2_x95.data
kap_data/gs98_aFe_p4_z4m2_x96.data
kap_data/gs98_aFe_p4_z4m3_x00.data
kap_data/gs98_aFe_p4_z4m3_x10.data
kap_data/gs98_aFe_p4_z4m3_x20.data
kap_data/gs98_aFe_p4_z4m3_x35.data
kap_data/gs98_aFe_p4_z4m3_x50.data
kap_data/gs98_aFe_p4_z4m3_x70.data
kap_data/gs98_aFe_p4_z4m3_x80.data
kap_data/gs98_aFe_p4_z4m3_x90.data
kap_data/gs98_aFe_p4_z4m3_x95.data
kap_data/gs98_aFe_p4_z4m3_x99.6.data
kap_data/gs98_aFe_p4_z6m2_x00.data
kap_data/gs98_aFe_p4_z6m2_x10.data
kap_data/gs98_aFe_p4_z6m2_x20.data
kap_data/gs98_aFe_p4_z6m2_x35.data
kap_data/gs98_aFe_p4_z6m2_x50.data
kap_data/gs98_aFe_p4_z6m2_x70.data
kap_data/gs98_aFe_p4_z6m2_x80.data
kap_data/gs98_aFe_p4_z6m2_x90.data
kap_data/gs98_aFe_p4_z6m2_x94.data
kap_data/gs98_aFe_p4_z8m2_x00.data
kap_data/gs98_aFe_p4_z8m2_x10.data
kap_data/gs98_aFe_p4_z8m2_x20.data
kap_data/gs98_aFe_p4_z8m2_x35.data
kap_data/gs98_aFe_p4_z8m2_x50.data
kap_data/gs98_aFe_p4_z8m2_x70.data
kap_data/gs98_aFe_p4_z8m2_x80.data
kap_data/gs98_aFe_p4_z8m2_x90.data
kap_data/gs98_aFe_p4_z8m2_x92.data
kap_data/gs98_aFe_p6_z0m0_x00.data
kap_data/gs98_aFe_p6_z0m0_x10.data
kap_data/gs98_aFe_p6_z0m0_x100.data
kap_data/gs98_aFe_p6_z0m0_x20.data
kap_data/gs98_aFe_p6_z0m0_x35.data
kap_data/gs98_aFe_p6_z0m0_x50.data
kap_data/gs98_aFe_p6_z0m0_x70.data
kap_data/gs98_aFe_p6_z0m0_x80.data
kap_data/gs98_aFe_p6_z0m0_x90.data
kap_data/gs98_aFe_p6_z0m0_x95.data
kap_data/gs98_aFe_p6_z1m1_x00.data
kap_data/gs98_aFe_p6_z1m1_x10.data
kap_data/gs98_aFe_p6_z1m1_x20.data
kap_data/gs98_aFe_p6_z1m1_x35.data
kap_data/gs98_aFe_p6_z1m1_x50.data
kap_data/gs98_aFe_p6_z1m1_x70.data
kap_data/gs98_aFe_p6_z1m1_x80.data
kap_data/gs98_aFe_p6_z1m1_x90.data
kap_data/gs98_aFe_p6_z1m2_x00.data
kap_data/gs98_aFe_p6_z1m2_x10.data
kap_data/gs98_aFe_p6_z1m2_x20.data
kap_data/gs98_aFe_p6_z1m2_x35.data
kap_data/gs98_aFe_p6_z1m2_x50.data
kap_data/gs98_aFe_p6_z1m2_x70.data
kap_data/gs98_aFe_p6_z1m2_x80.data
kap_data/gs98_aFe_p6_z1m2_x90.data
kap_data/gs98_aFe_p6_z1m2_x95.data
kap_data/gs98_aFe_p6_z1m2_x99.data
kap_data/gs98_aFe_p6_z1m3_x00.data
kap_data/gs98_aFe_p6_z1m3_x10.data
kap_data/gs98_aFe_p6_z1m3_x20.data
kap_data/gs98_aFe_p6_z1m3_x35.data
kap_data/gs98_aFe_p6_z1m3_x50.data
kap_data/gs98_aFe_p6_z1m3_x70.data
kap_data/gs98_aFe_p6_z1m3_x80.data
kap_data/gs98_aFe_p6_z1m3_x90.data
kap_data/gs98_aFe_p6_z1m3_x95.data
kap_data/gs98_aFe_p6_z1m3_x99.9.data
kap_data/gs98_aFe_p6_z1m4_x00.data
kap_data/gs98_aFe_p6_z1m4_x10.data
kap_data/gs98_aFe_p6_z1m4_x20.data
kap_data/gs98_aFe_p6_z1m4_x35.data
kap_data/gs98_aFe_p6_z1m4_x50.data
kap_data/gs98_aFe_p6_z1m4_x70.data
kap_data/gs98_aFe_p6_z1m4_x80.data
kap_data/gs98_aFe_p6_z1m4_x90.data
kap_data/gs98_aFe_p6_z1m4_x95.data
kap_data/gs98_aFe_p6_z1m4_x99.99.data
kap_data/gs98_aFe_p6_z2m2_x00.data
kap_data/gs98_aFe_p6_z2m2_x10.data
kap_data/gs98_aFe_p6_z2m2_x20.data
kap_data/gs98_aFe_p6_z2m2_x35.data
kap_data/gs98_aFe_p6_z2m2_x50.data
kap_data/gs98_aFe_p6_z2m2_x70.data
kap_data/gs98_aFe_p6_z2m2_x80.data
kap_data/gs98_aFe_p6_z2m2_x90.data
kap_data/gs98_aFe_p6_z2m2_x95.data
kap_data/gs98_aFe_p6_z2m2_x98.data
kap_data/gs98_aFe_p6_z2m3_x00.data
kap_data/gs98_aFe_p6_z2m3_x10.data
kap_data/gs98_aFe_p6_z2m3_x20.data
kap_data/gs98_aFe_p6_z2m3_x35.data
kap_data/gs98_aFe_p6_z2m3_x50.data
kap_data/gs98_aFe_p6_z2m3_x70.data
kap_data/gs98_aFe_p6_z2m3_x80.data
kap_data/gs98_aFe_p6_z2m3_x90.data
kap_data/gs98_aFe_p6_z2m3_x95.data
kap_data/gs98_aFe_p6_z2m3_x99.8.data
kap_data/gs98_aFe_p6_z3m2_x00.data
kap_data/gs98_aFe_p6_z3m2_x10.data
kap_data/gs98_aFe_p6_z3m2_x20.data
kap_data/gs98_aFe_p6_z3m2_x35.data
kap_data/gs98_aFe_p6_z3m2_x50.data
kap_data/gs98_aFe_p6_z3m2_x70.data
kap_data/gs98_aFe_p6_z3m2_x80.data
kap_data/gs98_aFe_p6_z3m2_x90.data
kap_data/gs98_aFe_p6_z3m2_x95.data
kap_data/gs98_aFe_p6_z3m2_x97.data
kap_data/gs98_aFe_p6_z3m4_x00.data
kap_data/gs98_aFe_p6_z3m4_x10.data
kap_data/gs98_aFe_p6_z3m4_x20.data
kap_data/gs98_aFe_p6_z3m4_x35.data
kap_data/gs98_aFe_p6_z3m4_x50.data
kap_data/gs98_aFe_p6_z3m4_x70.data
kap_data/gs98_aFe_p6_z3m4_x80.data
kap_data/gs98_aFe_p6_z3m4_x90.data
kap_data/gs98_aFe_p6_z3m4_x95.data
kap_data/gs98_aFe_p6_z3m4_x99.97.data
kap_data/gs98_aFe_p6_z4m2_x00.data
kap_data/gs98_aFe_p6_z4m2_x10.data
kap_data/gs98_aFe_p6_z4m2_x20.data
kap_data/gs98_aFe_p6_z4m2_x35.data
kap_data/gs98_aFe_p6_z4m2_x50.data
kap_data/gs98_aFe_p6_z4m2_x70.data
kap_data/gs98_aFe_p6_z4m2_x80.data
kap_data/gs98_aFe_p6_z4m2_x90.data
kap_data/gs98_aFe_p6_z4m2_x95.data
kap_data/gs98_aFe_p6_z4m2_x96.data
kap_data/gs98_aFe_p6_z4m3_x00.data
kap_data/gs98_aFe_p6_z4m3_x10.data
kap_data/gs98_aFe_p6_z4m3_x20.data
kap_data/gs98_aFe_p6_z4m3_x35.data
kap_data/gs98_aFe_p6_z4m3_x50.data
kap_data/gs98_aFe_p6_z4m3_x70.data
kap_data/gs98_aFe_p6_z4m3_x80.data
kap_data/gs98_aFe_p6_z4m3_x90.data
kap_data/gs98_aFe_p6_z4m3_x95.data
kap_data/gs98_aFe_p6_z4m3_x99.6.data
kap_data/gs98_aFe_p6_z6m2_x00.data
kap_data/gs98_aFe_p6_z6m2_x10.data
kap_data/gs98_aFe_p6_z6m2_x20.data
kap_data/gs98_aFe_p6_z6m2_x35.data
kap_data/gs98_aFe_p6_z6m2_x50.data
kap_data/gs98_aFe_p6_z6m2_x70.data
kap_data/gs98_aFe_p6_z6m2_x80.data
kap_data/gs98_aFe_p6_z6m2_x90.data
kap_data/gs98_aFe_p6_z6m2_x94.data
kap_data/gs98_aFe_p6_z8m2_x00.data
kap_data/gs98_aFe_p6_z8m2_x10.data
kap_data/gs98_aFe_p6_z8m2_x20.data
kap_data/gs98_aFe_p6_z8m2_x35.data
kap_data/gs98_aFe_p6_z8m2_x50.data
kap_data/gs98_aFe_p6_z8m2_x70.data
kap_data/gs98_aFe_p6_z8m2_x80.data
kap_data/gs98_aFe_p6_z8m2_x90.data
kap_data/gs98_aFe_p6_z8m2_x92.data
kap_data/gs98_aFe_p8_z0m0_x00.data
kap_data/gs98_aFe_p8_z0m0_x10.data
kap_data/gs98_aFe_p8_z0m0_x100.data
kap_data/gs98_aFe_p8_z0m0_x20.data
kap_data/gs98_aFe_p8_z0m0_x35.data
kap_data/gs98_aFe_p8_z0m0_x50.data
kap_data/gs98_aFe_p8_z0m0_x70.data
kap_data/gs98_aFe_p8_z0m0_x80.data
kap_data/gs98_aFe_p8_z0m0_x90.data
kap_data/gs98_aFe_p8_z0m0_x95.data
kap_data/gs98_aFe_p8_z1m1_x00.data
kap_data/gs98_aFe_p8_z1m1_x10.data
kap_data/gs98_aFe_p8_z1m1_x20.data
kap_data/gs98_aFe_p8_z1m1_x35.data
kap_data/gs98_aFe_p8_z1m1_x50.data
kap_data/gs98_aFe_p8_z1m1_x70.data
kap_data/gs98_aFe_p8_z1m1_x80.data
kap_data/gs98_aFe_p8_z1m1_x90.data
kap_data/gs98_aFe_p8_z1m2_x00.data
kap_data/gs98_aFe_p8_z1m2_x10.data
kap_data/gs98_aFe_p8_z1m2_x20.data
kap_data/gs98_aFe_p8_z1m2_x35.data
kap_data/gs98_aFe_p8_z1m2_x50.data
kap_data/gs98_aFe_p8_z1m2_x70.data
kap_data/gs98_aFe_p8_z1m2_x80.data
kap_data/gs98_aFe_p8_z1m2_x90.data
kap_data/gs98_aFe_p8_z1m2_x95.data
kap_data/gs98_aFe_p8_z1m2_x99.data
kap_data/gs98_aFe_p8_z1m3_x00.data
kap_data/gs98_aFe_p8_z1m3_x10.data
kap_data/gs98_aFe_p8_z1m3_x20.data
kap_data/gs98_aFe_p8_z1m3_x35.data
kap_data/gs98_aFe_p8_z1m3_x50.data
kap_data/gs98_aFe_p8_z1m3_x70.data
kap_data/gs98_aFe_p8_z1m3_x80.data
kap_data/gs98_aFe_p8_z1m3_x90.data
kap_data/gs98_aFe_p8_z1m3_x95.data
kap_data/gs98_aFe_p8_z1m3_x99.9.data
kap_data/gs98_aFe_p8_z1m4_x00.data
kap_data/gs98_aFe_p8_z1m4_x10.data
kap_data/gs98_aFe_p8_z1m4_x20.data
kap_data/gs98_aFe_p8_z1m4_x35.data
kap_data/gs98_aFe_p8_z1m4_x50.data
kap_data/gs98_aFe_p8_z1m4_x70.data
kap_data/gs98_aFe_p8_z1m4_x80.data
kap_data/gs98_aFe_p8_z1m4_x90.data
kap_data/gs98_aFe_p8_z1m4_x95.data
kap_data/gs98_aFe_p8_z1m4_x99.99.data
kap_data/gs98_aFe_p8_z2m2_x00.data
kap_data/gs98_aFe_p8_z2m2_x10.data
kap_data/gs98_aFe_p8_z2m2_x20.data
kap_data/gs98_aFe_p8_z2m2_x35.data
kap_data/gs98_aFe_p8_z2m2_x50.data
kap_data/gs98_aFe_p8_z2m2_x70.data
kap_data/gs98_aFe_p8_z2m2_x80.data
kap_data/gs98_aFe_p8_z2m2_x90.data
kap_data/gs98_aFe_p8_z2m2_x95.data
kap_data/gs98_aFe_p8_z2m2_x98.data
kap_data/gs98_aFe_p8_z2m3_x00.data
kap_data/gs98_aFe_p8_z2m3_x10.data
kap_data/gs98_aFe_p8_z2m3_x20.data
kap_data/gs98_aFe_p8_z2m3_x35.data
kap_data/gs98_aFe_p8_z2m3_x50.data
kap_data/gs98_aFe_p8_z2m3_x70.data
kap_data/gs98_aFe_p8_z2m3_x80.data
kap_data/gs98_aFe_p8_z2m3_x90.data
kap_data/gs98_aFe_p8_z2m3_x95.data
kap_data/gs98_aFe_p8_z2m3_x99.8.data
kap_data/gs98_aFe_p8_z3m2_x00.data
kap_data/gs98_aFe_p8_z3m2_x10.data
kap_data/gs98_aFe_p8_z3m2_x20.data
kap_data/gs98_aFe_p8_z3m2_x35.data
kap_data/gs98_aFe_p8_z3m2_x50.data
kap_data/gs98_aFe_p8_z3m2_x70.data
kap_data/gs98_aFe_p8_z3m2_x80.data
kap_data/gs98_aFe_p8_z3m2_x90.data
kap_data/gs98_aFe_p8_z3m2_x95.data
kap_data/gs98_aFe_p8_z3m2_x97.data
kap_data/gs98_aFe_p8_z3m4_x00.data
kap_data/gs98_aFe_p8_z3m4_x10.data
kap_data/gs98_aFe_p8_z3m4_x20.data
kap_data/gs98_aFe_p8_z3m4_x35.data
kap_data/gs98_aFe_p8_z3m4_x50.data
kap_data/gs98_aFe_p8_z3m4_x70.data
kap_data/gs98_aFe_p8_z3m4_x80.data
kap_data/gs98_aFe_p8_z3m4_x90.data
kap_data/gs98_aFe_p8_z3m4_x95.data
kap_data/gs98_aFe_p8_z3m4_x99.97.data
kap_data/gs98_aFe_p8_z4m2_x00.data
kap_data/gs98_aFe_p8_z4m2_x10.data
kap_data/gs98_aFe_p8_z4m2_x20.data
kap_data/gs98_aFe_p8_z4m2_x35.data
kap_data/gs98_aFe_p8_z4m2_x50.data
kap_data/gs98_aFe_p8_z4m2_x70.data
kap_data/gs98_aFe_p8_z4m2_x80.data
kap_data/gs98_aFe_p8_z4m2_x90.data
kap_data/gs98_aFe_p8_z4m2_x95.data
kap_data/gs98_aFe_p8_z4m2_x96.data
kap_data/gs98_aFe_p8_z4m3_x00.data
kap_data/gs98_aFe_p8_z4m3_x10.data
kap_data/gs98_aFe_p8_z4m3_x20.data
kap_data/gs98_aFe_p8_z4m3_x35.data
kap_data/gs98_aFe_p8_z4m3_x50.data
kap_data/gs98_aFe_p8_z4m3_x70.data
kap_data/gs98_aFe_p8_z4m3_x80.data
kap_data/gs98_aFe_p8_z4m3_x90.data
kap_data/gs98_aFe_p8_z4m3_x95.data
kap_data/gs98_aFe_p8_z4m3_x99.6.data
kap_data/gs98_aFe_p8_z6m2_x00.data
kap_data/gs98_aFe_p8_z6m2_x10.data
kap_data/gs98_aFe_p8_z6m2_x20.data
kap_data/gs98_aFe_p8_z6m2_x35.data
kap_data/gs98_aFe_p8_z6m2_x50.data
kap_data/gs98_aFe_p8_z6m2_x70.data
kap_data/gs98_aFe_p8_z6m2_x80.data
kap_data/gs98_aFe_p8_z6m2_x90.data
kap_data/gs98_aFe_p8_z6m2_x94.data
kap_data/gs98_aFe_p8_z8m2_x00.data
kap_data/gs98_aFe_p8_z8m2_x10.data
kap_data/gs98_aFe_p8_z8m2_x20.data
kap_data/gs98_aFe_p8_z8m2_x35.data
kap_data/gs98_aFe_p8_z8m2_x50.data
kap_data/gs98_aFe_p8_z8m2_x70.data
kap_data/gs98_aFe_p8_z8m2_x80.data
kap_data/gs98_aFe_p8_z8m2_x90.data
kap_data/gs98_aFe_p8_z8m2_x92.data
kap_data/gs98_co_z0m0_x00.data
kap_data/gs98_co_z0m0_x03.data
kap_data/gs98_co_z0m0_x10.data
kap_data/gs98_co_z0m0_x35.data
kap_data/gs98_co_z0m0_x70.data
kap_data/gs98_co_z1m1_x00.data
kap_data/gs98_co_z1m1_x03.data
kap_data/gs98_co_z1m1_x10.data
kap_data/gs98_co_z1m1_x35.data
kap_data/gs98_co_z1m1_x70.data
kap_data/gs98_co_z1m2_x00.data
kap_data/gs98_co_z1m2_x03.data
kap_data/gs98_co_z1m2_x10.data
kap_data/gs98_co_z1m2_x35.data
kap_data/gs98_co_z1m2_x70.data
kap_data/gs98_co_z1m3_x00.data
kap_data/gs98_co_z1m3_x03.data
kap_data/gs98_co_z1m3_x10.data
kap_data/gs98_co_z1m3_x35.data
kap_data/gs98_co_z1m3_x70.data
kap_data/gs98_co_z2m2_x00.data
kap_data/gs98_co_z2m2_x03.data
kap_data/gs98_co_z2m2_x10.data
kap_data/gs98_co_z2m2_x35.data
kap_data/gs98_co_z2m2_x70.data
kap_data/gs98_co_z3m2_x00.data
kap_data/gs98_co_z3m2_x03.data
kap_data/gs98_co_z3m2_x10.data
kap_data/gs98_co_z3m2_x35.data
kap_data/gs98_co_z3m2_x70.data
kap_data/gs98_co_z4m3_x00.data
kap_data/gs98_co_z4m3_x03.data
kap_data/gs98_co_z4m3_x10.data
kap_data/gs98_co_z4m3_x35.data
kap_data/gs98_co_z4m3_x70.data
kap_data/gs98_co_z5m2_x00.data
kap_data/gs98_co_z5m2_x03.data
kap_data/gs98_co_z5m2_x10.data
kap_data/gs98_co_z5m2_x35.data
kap_data/gs98_co_z5m2_x70.data
kap_data/gs98_z0m0_x00.data
kap_data/gs98_z0m0_x10.data
kap_data/gs98_z0m0_x100.data
kap_data/gs98_z0m0_x20.data
kap_data/gs98_z0m0_x35.data
kap_data/gs98_z0m0_x50.data
kap_data/gs98_z0m0_x70.data
kap_data/gs98_z0m0_x80.data
kap_data/gs98_z0m0_x90.data
kap_data/gs98_z0m0_x95.data
kap_data/gs98_z1m1_x00.data
kap_data/gs98_z1m1_x10.data
kap_data/gs98_z1m1_x20.data
kap_data/gs98_z1m1_x35.data
kap_data/gs98_z1m1_x50.data
kap_data/gs98_z1m1_x70.data
kap_data/gs98_z1m1_x80.data
kap_data/gs98_z1m1_x90.data
kap_data/gs98_z1m2_x00.data
kap_data/gs98_z1m2_x10.data
kap_data/gs98_z1m2_x20.data
kap_data/gs98_z1m2_x35.data
kap_data/gs98_z1m2_x50.data
kap_data/gs98_z1m2_x70.data
kap_data/gs98_z1m2_x80.data
kap_data/gs98_z1m2_x90.data
kap_data/gs98_z1m2_x95.data
kap_data/gs98_z1m2_x99.data
kap_data/gs98_z1m3_x00.data
kap_data/gs98_z1m3_x10.data
kap_data/gs98_z1m3_x20.data
kap_data/gs98_z1m3_x35.data
kap_data/gs98_z1m3_x50.data
kap_data/gs98_z1m3_x70.data
kap_data/gs98_z1m3_x80.data
kap_data/gs98_z1m3_x90.data
kap_data/gs98_z1m3_x95.data
kap_data/gs98_z1m3_x99.9.data
kap_data/gs98_z1m4_x00.data
kap_data/gs98_z1m4_x10.data
kap_data/gs98_z1m4_x20.data
kap_data/gs98_z1m4_x35.data
kap_data/gs98_z1m4_x50.data
kap_data/gs98_z1m4_x70.data
kap_data/gs98_z1m4_x80.data
kap_data/gs98_z1m4_x90.data
kap_data/gs98_z1m4_x95.data
kap_data/gs98_z1m4_x99.99.data
kap_data/gs98_z2m2_x00.data
kap_data/gs98_z2m2_x10.data
kap_data/gs98_z2m2_x20.data
kap_data/gs98_z2m2_x35.data
kap_data/gs98_z2m2_x50.data
kap_data/gs98_z2m2_x70.data
kap_data/gs98_z2m2_x80.data
kap_data/gs98_z2m2_x90.data
kap_data/gs98_z2m2_x95.data
kap_data/gs98_z2m2_x98.data
kap_data/gs98_z2m3_x00.data
kap_data/gs98_z2m3_x10.data
kap_data/gs98_z2m3_x20.data
kap_data/gs98_z2m3_x35.data
kap_data/gs98_z2m3_x50.data
kap_data/gs98_z2m3_x70.data
kap_data/gs98_z2m3_x80.data
kap_data/gs98_z2m3_x90.data
kap_data/gs98_z2m3_x95.data
kap_data/gs98_z2m3_x99.8.data
kap_data/gs98_z3m2_x00.data
kap_data/gs98_z3m2_x10.data
kap_data/gs98_z3m2_x20.data
kap_data/gs98_z3m2_x35.data
kap_data/gs98_z3m2_x50.data
kap_data/gs98_z3m2_x70.data
kap_data/gs98_z3m2_x80.data
kap_data/gs98_z3m2_x90.data
kap_data/gs98_z3m2_x95.data
kap_data/gs98_z3m2_x97.data
kap_data/gs98_z3m4_x00.data
kap_data/gs98_z3m4_x10.data
kap_data/gs98_z3m4_x20.data
kap_data/gs98_z3m4_x35.data
kap_data/gs98_z3m4_x50.data
kap_data/gs98_z3m4_x70.data
kap_data/gs98_z3m4_x80.data
kap_data/gs98_z3m4_x90.data
kap_data/gs98_z3m4_x95.data
kap_data/gs98_z3m4_x99.97.data
kap_data/gs98_z4m2_x00.data
kap_data/gs98_z4m2_x10.data
kap_data/gs98_z4m2_x20.data
kap_data/gs98_z4m2_x35.data
kap_data/gs98_z4m2_x50.data
kap_data/gs98_z4m2_x70.data
kap_data/gs98_z4m2_x80.data
kap_data/gs98_z4m2_x90.data
kap_data/gs98_z4m2_x95.data
kap_data/gs98_z4m2_x96.data
kap_data/gs98_z4m3_x00.data
kap_data/gs98_z4m3_x10.data
kap_data/gs98_z4m3_x20.data
kap_data/gs98_z4m3_x35.data
kap_data/gs98_z4m3_x50.data
kap_data/gs98_z4m3_x70.data
kap_data/gs98_z4m3_x80.data
kap_data/gs98_z4m3_x90.data
kap_data/gs98_z4m3_x95.data
kap_data/gs98_z4m3_x99.6.data
kap_data/gs98_z6m2_x00.data
kap_data/gs98_z6m2_x10.data
kap_data/gs98_z6m2_x20.data
kap_data/gs98_z6m2_x35.data
kap_data/gs98_z6m2_x50.data
kap_data/gs98_z6m2_x70.data
kap_data/gs98_z6m2_x80.data
kap_data/gs98_z6m2_x90.data
kap_data/gs98_z6m2_x94.data
kap_data/gs98_z8m2_x00.data
kap_data/gs98_z8m2_x10.data
kap_data/gs98_z8m2_x20.data
kap_data/gs98_z8m2_x35.data
kap_data/gs98_z8m2_x50.data
kap_data/gs98_z8m2_x70.data
kap_data/gs98_z8m2_x80.data
kap_data/gs98_z8m2_x90.data
kap_data/gs98_z8m2_x92.data
kap_data/lowT_Freedman11_z0.01.data
kap_data/lowT_Freedman11_z0.02.data
kap_data/lowT_Freedman11_z0.04.data
kap_data/lowT_Freedman11_z0.10.data
kap_data/lowT_Freedman11_z0.20.data
kap_data/lowT_Freedman11_z0.63.data
kap_data/lowT_Freedman11_z1.00.data
kap_data/lowT_af94_gn93_z0m0_x00.data
kap_data/lowT_af94_gn93_z0m0_x10.data
kap_data/lowT_af94_gn93_z0m0_x100.data
kap_data/lowT_af94_gn93_z0m0_x20.data
kap_data/lowT_af94_gn93_z0m0_x35.data
kap_data/lowT_af94_gn93_z0m0_x50.data
kap_data/lowT_af94_gn93_z0m0_x70.data
kap_data/lowT_af94_gn93_z0m0_x80.data
kap_data/lowT_af94_gn93_z0m0_x90.data
kap_data/lowT_af94_gn93_z0m0_x95.data
kap_data/lowT_af94_gn93_z1m1_x00.data
kap_data/lowT_af94_gn93_z1m1_x10.data
kap_data/lowT_af94_gn93_z1m1_x20.data
kap_data/lowT_af94_gn93_z1m1_x35.data
kap_data/lowT_af94_gn93_z1m1_x50.data
kap_data/lowT_af94_gn93_z1m1_x70.data
kap_data/lowT_af94_gn93_z1m1_x80.data
kap_data/lowT_af94_gn93_z1m1_x90.data
kap_data/lowT_af94_gn93_z1m2_x00.data
kap_data/lowT_af94_gn93_z1m2_x10.data
kap_data/lowT_af94_gn93_z1m2_x20.data
kap_data/lowT_af94_gn93_z1m2_x35.data
kap_data/lowT_af94_gn93_z1m2_x50.data
kap_data/lowT_af94_gn93_z1m2_x70.data
kap_data/lowT_af94_gn93_z1m2_x80.data
kap_data/lowT_af94_gn93_z1m2_x90.data
kap_data/lowT_af94_gn93_z1m2_x95.data
kap_data/lowT_af94_gn93_z1m2_x99.data
kap_data/lowT_af94_gn93_z1m3_x00.data
kap_data/lowT_af94_gn93_z1m3_x10.data
kap_data/lowT_af94_gn93_z1m3_x20.data
kap_data/lowT_af94_gn93_z1m3_x35.data
kap_data/lowT_af94_gn93_z1m3_x50.data
kap_data/lowT_af94_gn93_z1m3_x70.data
kap_data/lowT_af94_gn93_z1m3_x80.data
kap_data/lowT_af94_gn93_z1m3_x90.data
kap_data/lowT_af94_gn93_z1m3_x95.data
kap_data/lowT_af94_gn93_z1m3_x99.9.data
kap_data/lowT_af94_gn93_z1m4_x00.data
kap_data/lowT_af94_gn93_z1m4_x10.data
kap_data/lowT_af94_gn93_z1m4_x20.data
kap_data/lowT_af94_gn93_z1m4_x35.data
kap_data/lowT_af94_gn93_z1m4_x50.data
kap_data/lowT_af94_gn93_z1m4_x70.data
kap_data/lowT_af94_gn93_z1m4_x80.data
kap_data/lowT_af94_gn93_z1m4_x90.data
kap_data/lowT_af94_gn93_z1m4_x95.data
kap_data/lowT_af94_gn93_z1m4_x99.99.data
kap_data/lowT_af94_gn93_z2m2_x00.data
kap_data/lowT_af94_gn93_z2m2_x10.data
kap_data/lowT_af94_gn93_z2m2_x20.data
kap_data/lowT_af94_gn93_z2m2_x35.data
kap_data/lowT_af94_gn93_z2m2_x50.data
kap_data/lowT_af94_gn93_z2m2_x70.data
kap_data/lowT_af94_gn93_z2m2_x80.data
kap_data/lowT_af94_gn93_z2m2_x90.data
kap_data/lowT_af94_gn93_z2m2_x95.data
kap_data/lowT_af94_gn93_z2m2_x98.data
kap_data/lowT_af94_gn93_z2m3_x00.data
kap_data/lowT_af94_gn93_z2m3_x10.data
kap_data/lowT_af94_gn93_z2m3_x20.data
kap_data/lowT_af94_gn93_z2m3_x35.data
kap_data/lowT_af94_gn93_z2m3_x50.data
kap_data/lowT_af94_gn93_z2m3_x70.data
kap_data/lowT_af94_gn93_z2m3_x80.data
kap_data/lowT_af94_gn93_z2m3_x90.data
kap_data/lowT_af94_gn93_z2m3_x95.data
kap_data/lowT_af94_gn93_z2m3_x99.8.data
kap_data/lowT_af94_gn93_z3m2_x00.data
kap_data/lowT_af94_gn93_z3m2_x10.data
kap_data/lowT_af94_gn93_z3m2_x20.data
kap_data/lowT_af94_gn93_z3m2_x35.data
kap_data/lowT_af94_gn93_z3m2_x50.data
kap_data/lowT_af94_gn93_z3m2_x70.data
kap_data/lowT_af94_gn93_z3m2_x80.data
kap_data/lowT_af94_gn93_z3m2_x90.data
kap_data/lowT_af94_gn93_z3m2_x95.data
kap_data/lowT_af94_gn93_z3m2_x97.data
kap_data/lowT_af94_gn93_z3m4_x00.data
kap_data/lowT_af94_gn93_z3m4_x10.data
kap_data/lowT_af94_gn93_z3m4_x20.data
kap_data/lowT_af94_gn93_z3m4_x35.data
kap_data/lowT_af94_gn93_z3m4_x50.data
kap_data/lowT_af94_gn93_z3m4_x70.data
kap_data/lowT_af94_gn93_z3m4_x80.data
kap_data/lowT_af94_gn93_z3m4_x90.data
kap_data/lowT_af94_gn93_z3m4_x95.data
kap_data/lowT_af94_gn93_z3m4_x99.97.data
kap_data/lowT_af94_gn93_z4m2_x00.data
kap_data/lowT_af94_gn93_z4m2_x10.data
kap_data/lowT_af94_gn93_z4m2_x20.data
kap_data/lowT_af94_gn93_z4m2_x35.data
kap_data/lowT_af94_gn93_z4m2_x50.data
kap_data/lowT_af94_gn93_z4m2_x70.data
kap_data/lowT_af94_gn93_z4m2_x80.data
kap_data/lowT_af94_gn93_z4m2_x90.data
kap_data/lowT_af94_gn93_z4m2_x95.data
kap_data/lowT_af94_gn93_z4m2_x96.data
kap_data/lowT_af94_gn93_z4m3_x00.data
kap_data/lowT_af94_gn93_z4m3_x10.data
kap_data/lowT_af94_gn93_z4m3_x20.data
kap_data/lowT_af94_gn93_z4m3_x35.data
kap_data/lowT_af94_gn93_z4m3_x50.data
kap_data/lowT_af94_gn93_z4m3_x70.data
kap_data/lowT_af94_gn93_z4m3_x80.data
kap_data/lowT_af94_gn93_z4m3_x90.data
kap_data/lowT_af94_gn93_z4m3_x95.data
kap_data/lowT_af94_gn93_z4m3_x99.6.data
kap_data/lowT_af94_gn93_z6m2_x00.data
kap_data/lowT_af94_gn93_z6m2_x10.data
kap_data/lowT_af94_gn93_z6m2_x20.data
kap_data/lowT_af94_gn93_z6m2_x35.data
kap_data/lowT_af94_gn93_z6m2_x50.data
kap_data/lowT_af94_gn93_z6m2_x70.data
kap_data/lowT_af94_gn93_z6m2_x80.data
kap_data/lowT_af94_gn93_z6m2_x90.data
kap_data/lowT_af94_gn93_z6m2_x94.data
kap_data/lowT_af94_gn93_z8m2_x00.data
kap_data/lowT_af94_gn93_z8m2_x10.data
kap_data/lowT_af94_gn93_z8m2_x20.data
kap_data/lowT_af94_gn93_z8m2_x35.data
kap_data/lowT_af94_gn93_z8m2_x50.data
kap_data/lowT_af94_gn93_z8m2_x70.data
kap_data/lowT_af94_gn93_z8m2_x80.data
kap_data/lowT_af94_gn93_z8m2_x90.data
kap_data/lowT_af94_gn93_z8m2_x92.data
kap_data/lowT_fa05_a09p_z0m0_x00.data
kap_data/lowT_fa05_a09p_z0m0_x10.data
kap_data/lowT_fa05_a09p_z0m0_x100.data
kap_data/lowT_fa05_a09p_z0m0_x20.data
kap_data/lowT_fa05_a09p_z0m0_x35.data
kap_data/lowT_fa05_a09p_z0m0_x50.data
kap_data/lowT_fa05_a09p_z0m0_x70.data
kap_data/lowT_fa05_a09p_z0m0_x80.data
kap_data/lowT_fa05_a09p_z0m0_x90.data
kap_data/lowT_fa05_a09p_z0m0_x95.data
kap_data/lowT_fa05_a09p_z1m1_x00.data
kap_data/lowT_fa05_a09p_z1m1_x10.data
kap_data/lowT_fa05_a09p_z1m1_x20.data
kap_data/lowT_fa05_a09p_z1m1_x35.data
kap_data/lowT_fa05_a09p_z1m1_x50.data
kap_data/lowT_fa05_a09p_z1m1_x70.data
kap_data/lowT_fa05_a09p_z1m1_x80.data
kap_data/lowT_fa05_a09p_z1m1_x90.data
kap_data/lowT_fa05_a09p_z1m2_x00.data
kap_data/lowT_fa05_a09p_z1m2_x10.data
kap_data/lowT_fa05_a09p_z1m2_x20.data
kap_data/lowT_fa05_a09p_z1m2_x35.data
kap_data/lowT_fa05_a09p_z1m2_x50.data
kap_data/lowT_fa05_a09p_z1m2_x70.data
kap_data/lowT_fa05_a09p_z1m2_x80.data
kap_data/lowT_fa05_a09p_z1m2_x90.data
kap_data/lowT_fa05_a09p_z1m2_x95.data
kap_data/lowT_fa05_a09p_z1m2_x99.data
kap_data/lowT_fa05_a09p_z1m3_x00.data
kap_data/lowT_fa05_a09p_z1m3_x10.data
kap_data/lowT_fa05_a09p_z1m3_x20.data
kap_data/lowT_fa05_a09p_z1m3_x35.data
kap_data/lowT_fa05_a09p_z1m3_x50.data
kap_data/lowT_fa05_a09p_z1m3_x70.data
kap_data/lowT_fa05_a09p_z1m3_x80.data
kap_data/lowT_fa05_a09p_z1m3_x90.data
kap_data/lowT_fa05_a09p_z1m3_x95.data
kap_data/lowT_fa05_a09p_z1m3_x99.9.data
kap_data/lowT_fa05_a09p_z1m4_x00.data
kap_data/lowT_fa05_a09p_z1m4_x10.data
kap_data/lowT_fa05_a09p_z1m4_x20.data
kap_data/lowT_fa05_a09p_z1m4_x35.data
kap_data/lowT_fa05_a09p_z1m4_x50.data
kap_data/lowT_fa05_a09p_z1m4_x70.data
kap_data/lowT_fa05_a09p_z1m4_x80.data
kap_data/lowT_fa05_a09p_z1m4_x90.data
kap_data/lowT_fa05_a09p_z1m4_x95.data
kap_data/lowT_fa05_a09p_z1m4_x99.99.data
kap_data/lowT_fa05_a09p_z2m2_x00.data
kap_data/lowT_fa05_a09p_z2m2_x10.data
kap_data/lowT_fa05_a09p_z2m2_x20.data
kap_data/lowT_fa05_a09p_z2m2_x35.data
kap_data/lowT_fa05_a09p_z2m2_x50.data
kap_data/lowT_fa05_a09p_z2m2_x70.data
kap_data/lowT_fa05_a09p_z2m2_x80.data
kap_data/lowT_fa05_a09p_z2m2_x90.data
kap_data/lowT_fa05_a09p_z2m2_x95.data
kap_data/lowT_fa05_a09p_z2m2_x98.data
kap_data/lowT_fa05_a09p_z2m3_x00.data
kap_data/lowT_fa05_a09p_z2m3_x10.data
kap_data/lowT_fa05_a09p_z2m3_x20.data
kap_data/lowT_fa05_a09p_z2m3_x35.data
kap_data/lowT_fa05_a09p_z2m3_x50.data
kap_data/lowT_fa05_a09p_z2m3_x70.data
kap_data/lowT_fa05_a09p_z2m3_x80.data
kap_data/lowT_fa05_a09p_z2m3_x90.data
kap_data/lowT_fa05_a09p_z2m3_x95.data
kap_data/lowT_fa05_a09p_z2m3_x99.8.data
kap_data/lowT_fa05_a09p_z3m2_x00.data
kap_data/lowT_fa05_a09p_z3m2_x10.data
kap_data/lowT_fa05_a09p_z3m2_x20.data
kap_data/lowT_fa05_a09p_z3m2_x35.data
kap_data/lowT_fa05_a09p_z3m2_x50.data
kap_data/lowT_fa05_a09p_z3m2_x70.data
kap_data/lowT_fa05_a09p_z3m2_x80.data
kap_data/lowT_fa05_a09p_z3m2_x90.data
kap_data/lowT_fa05_a09p_z3m2_x95.data
kap_data/lowT_fa05_a09p_z3m2_x97.data
kap_data/lowT_fa05_a09p_z3m4_x00.data
kap_data/lowT_fa05_a09p_z3m4_x10.data
kap_data/lowT_fa05_a09p_z3m4_x20.data
kap_data/lowT_fa05_a09p_z3m4_x35.data
kap_data/lowT_fa05_a09p_z3m4_x50.data
kap_data/lowT_fa05_a09p_z3m4_x70.data
kap_data/lowT_fa05_a09p_z3m4_x80.data
kap_data/lowT_fa05_a09p_z3m4_x90.data
kap_data/lowT_fa05_a09p_z3m4_x95.data
kap_data/lowT_fa05_a09p_z3m4_x99.97.data
kap_data/lowT_fa05_a09p_z4m2_x00.data
kap_data/lowT_fa05_a09p_z4m2_x10.data
kap_data/lowT_fa05_a09p_z4m2_x20.data
kap_data/lowT_fa05_a09p_z4m2_x35.data
kap_data/lowT_fa05_a09p_z4m2_x50.data
kap_data/lowT_fa05_a09p_z4m2_x70.data
kap_data/lowT_fa05_a09p_z4m2_x80.data
kap_data/lowT_fa05_a09p_z4m2_x90.data
kap_data/lowT_fa05_a09p_z4m2_x95.data
kap_data/lowT_fa05_a09p_z4m2_x96.data
kap_data/lowT_fa05_a09p_z4m3_x00.data
kap_data/lowT_fa05_a09p_z4m3_x10.data
kap_data/lowT_fa05_a09p_z4m3_x20.data
kap_data/lowT_fa05_a09p_z4m3_x35.data
kap_data/lowT_fa05_a09p_z4m3_x50.data
kap_data/lowT_fa05_a09p_z4m3_x70.data
kap_data/lowT_fa05_a09p_z4m3_x80.data
kap_data/lowT_fa05_a09p_z4m3_x90.data
kap_data/lowT_fa05_a09p_z4m3_x95.data
kap_data/lowT_fa05_a09p_z4m3_x99.6.data
kap_data/lowT_fa05_a09p_z6m2_x00.data
kap_data/lowT_fa05_a09p_z6m2_x10.data
kap_data/lowT_fa05_a09p_z6m2_x20.data
kap_data/lowT_fa05_a09p_z6m2_x35.data
kap_data/lowT_fa05_a09p_z6m2_x50.data
kap_data/lowT_fa05_a09p_z6m2_x70.data
kap_data/lowT_fa05_a09p_z6m2_x80.data
kap_data/lowT_fa05_a09p_z6m2_x90.data
kap_data/lowT_fa05_a09p_z6m2_x94.data
kap_data/lowT_fa05_a09p_z8m2_x00.data
kap_data/lowT_fa05_a09p_z8m2_x10.data
kap_data/lowT_fa05_a09p_z8m2_x20.data
kap_data/lowT_fa05_a09p_z8m2_x35.data
kap_data/lowT_fa05_a09p_z8m2_x50.data
kap_data/lowT_fa05_a09p_z8m2_x70.data
kap_data/lowT_fa05_a09p_z8m2_x80.data
kap_data/lowT_fa05_a09p_z8m2_x90.data
kap_data/lowT_fa05_a09p_z8m2_x92.data
kap_data/lowT_fa05_ags04_z0m0_x00.data
kap_data/lowT_fa05_ags04_z0m0_x10.data
kap_data/lowT_fa05_ags04_z0m0_x100.data
kap_data/lowT_fa05_ags04_z0m0_x20.data
kap_data/lowT_fa05_ags04_z0m0_x35.data
kap_data/lowT_fa05_ags04_z0m0_x50.data
kap_data/lowT_fa05_ags04_z0m0_x70.data
kap_data/lowT_fa05_ags04_z0m0_x80.data
kap_data/lowT_fa05_ags04_z0m0_x90.data
kap_data/lowT_fa05_ags04_z0m0_x95.data
kap_data/lowT_fa05_ags04_z1m1_x00.data
kap_data/lowT_fa05_ags04_z1m1_x10.data
kap_data/lowT_fa05_ags04_z1m1_x20.data
kap_data/lowT_fa05_ags04_z1m1_x35.data
kap_data/lowT_fa05_ags04_z1m1_x50.data
kap_data/lowT_fa05_ags04_z1m1_x70.data
kap_data/lowT_fa05_ags04_z1m1_x80.data
kap_data/lowT_fa05_ags04_z1m1_x90.data
kap_data/lowT_fa05_ags04_z1m2_x00.data
kap_data/lowT_fa05_ags04_z1m2_x10.data
kap_data/lowT_fa05_ags04_z1m2_x20.data
kap_data/lowT_fa05_ags04_z1m2_x35.data
kap_data/lowT_fa05_ags04_z1m2_x50.data
kap_data/lowT_fa05_ags04_z1m2_x70.data
kap_data/lowT_fa05_ags04_z1m2_x80.data
kap_data/lowT_fa05_ags04_z1m2_x90.data
kap_data/lowT_fa05_ags04_z1m2_x95.data
kap_data/lowT_fa05_ags04_z1m2_x99.data
kap_data/lowT_fa05_ags04_z1m3_x00.data
kap_data/lowT_fa05_ags04_z1m3_x10.data
kap_data/lowT_fa05_ags04_z1m3_x20.data
kap_data/lowT_fa05_ags04_z1m3_x35.data
kap_data/lowT_fa05_ags04_z1m3_x50.data
kap_data/lowT_fa05_ags04_z1m3_x70.data
kap_data/lowT_fa05_ags04_z1m3_x80.data
kap_data/lowT_fa05_ags04_z1m3_x90.data
kap_data/lowT_fa05_ags04_z1m3_x95.data
kap_data/lowT_fa05_ags04_z1m3_x99.9.data
kap_data/lowT_fa05_ags04_z1m4_x00.data
kap_data/lowT_fa05_ags04_z1m4_x10.data
kap_data/lowT_fa05_ags04_z1m4_x20.data
kap_data/lowT_fa05_ags04_z1m4_x35.data
kap_data/lowT_fa05_ags04_z1m4_x50.data
kap_data/lowT_fa05_ags04_z1m4_x70.data
kap_data/lowT_fa05_ags04_z1m4_x80.data
kap_data/lowT_fa05_ags04_z1m4_x90.data
kap_data/lowT_fa05_ags04_z1m4_x95.data
kap_data/lowT_fa05_ags04_z1m4_x99.99.data
kap_data/lowT_fa05_ags04_z2m2_x00.data
kap_data/lowT_fa05_ags04_z2m2_x10.data
kap_data/lowT_fa05_ags04_z2m2_x20.data
kap_data/lowT_fa05_ags04_z2m2_x35.data
kap_data/lowT_fa05_ags04_z2m2_x50.data
kap_data/lowT_fa05_ags04_z2m2_x70.data
kap_data/lowT_fa05_ags04_z2m2_x80.data
kap_data/lowT_fa05_ags04_z2m2_x90.data
kap_data/lowT_fa05_ags04_z2m2_x95.data
kap_data/lowT_fa05_ags04_z2m2_x98.data
kap_data/lowT_fa05_ags04_z2m3_x00.data
kap_data/lowT_fa05_ags04_z2m3_x10.data
kap_data/lowT_fa05_ags04_z2m3_x20.data
kap_data/lowT_fa05_ags04_z2m3_x35.data
kap_data/lowT_fa05_ags04_z2m3_x50.data
kap_data/lowT_fa05_ags04_z2m3_x70.data
kap_data/lowT_fa05_ags04_z2m3_x80.data
kap_data/lowT_fa05_ags04_z2m3_x90.data
kap_data/lowT_fa05_ags04_z2m3_x95.data
kap_data/lowT_fa05_ags04_z2m3_x99.8.data
kap_data/lowT_fa05_ags04_z3m2_x00.data
kap_data/lowT_fa05_ags04_z3m2_x10.data
kap_data/lowT_fa05_ags04_z3m2_x20.data
kap_data/lowT_fa05_ags04_z3m2_x35.data
kap_data/lowT_fa05_ags04_z3m2_x50.data
kap_data/lowT_fa05_ags04_z3m2_x70.data
kap_data/lowT_fa05_ags04_z3m2_x80.data
kap_data/lowT_fa05_ags04_z3m2_x90.data
kap_data/lowT_fa05_ags04_z3m2_x95.data
kap_data/lowT_fa05_ags04_z3m2_x97.data
kap_data/lowT_fa05_ags04_z3m4_x00.data
kap_data/lowT_fa05_ags04_z3m4_x10.data
kap_data/lowT_fa05_ags04_z3m4_x20.data
kap_data/lowT_fa05_ags04_z3m4_x35.data
kap_data/lowT_fa05_ags04_z3m4_x50.data
kap_data/lowT_fa05_ags04_z3m4_x70.data
kap_data/lowT_fa05_ags04_z3m4_x80.data
kap_data/lowT_fa05_ags04_z3m4_x90.data
kap_data/lowT_fa05_ags04_z3m4_x95.data
kap_data/lowT_fa05_ags04_z3m4_x99.97.data
kap_data/lowT_fa05_ags04_z4m2_x00.data
kap_data/lowT_fa05_ags04_z4m2_x10.data
kap_data/lowT_fa05_ags04_z4m2_x20.data
kap_data/lowT_fa05_ags04_z4m2_x35.data
kap_data/lowT_fa05_ags04_z4m2_x50.data
kap_data/lowT_fa05_ags04_z4m2_x70.data
kap_data/lowT_fa05_ags04_z4m2_x80.data
kap_data/lowT_fa05_ags04_z4m2_x90.data
kap_data/lowT_fa05_ags04_z4m2_x95.data
kap_data/lowT_fa05_ags04_z4m2_x96.data
kap_data/lowT_fa05_ags04_z4m3_x00.data
kap_data/lowT_fa05_ags04_z4m3_x10.data
kap_data/lowT_fa05_ags04_z4m3_x20.data
kap_data/lowT_fa05_ags04_z4m3_x35.data
kap_data/lowT_fa05_ags04_z4m3_x50.data
kap_data/lowT_fa05_ags04_z4m3_x70.data
kap_data/lowT_fa05_ags04_z4m3_x80.data
kap_data/lowT_fa05_ags04_z4m3_x90.data
kap_data/lowT_fa05_ags04_z4m3_x95.data
kap_data/lowT_fa05_ags04_z4m3_x99.6.data
kap_data/lowT_fa05_ags04_z6m2_x00.data
kap_data/lowT_fa05_ags04_z6m2_x10.data
kap_data/lowT_fa05_ags04_z6m2_x20.data
kap_data/lowT_fa05_ags04_z6m2_x35.data
kap_data/lowT_fa05_ags04_z6m2_x50.data
kap_data/lowT_fa05_ags04_z6m2_x70.data
kap_data/lowT_fa05_ags04_z6m2_x80.data
kap_data/lowT_fa05_ags04_z6m2_x90.data
kap_data/lowT_fa05_ags04_z6m2_x94.data
kap_data/lowT_fa05_ags04_z8m2_x00.data
kap_data/lowT_fa05_ags04_z8m2_x10.data
kap_data/lowT_fa05_ags04_z8m2_x20.data
kap_data/lowT_fa05_ags04_z8m2_x35.data
kap_data/lowT_fa05_ags04_z8m2_x50.data
kap_data/lowT_fa05_ags04_z8m2_x70.data
kap_data/lowT_fa05_ags04_z8m2_x80.data
kap_data/lowT_fa05_ags04_z8m2_x90.data
kap_data/lowT_fa05_ags04_z8m2_x92.data
kap_data/lowT_fa05_gn93_z0m0_x00.data
kap_data/lowT_fa05_gn93_z0m0_x10.data
kap_data/lowT_fa05_gn93_z0m0_x100.data
kap_data/lowT_fa05_gn93_z0m0_x20.data
kap_data/lowT_fa05_gn93_z0m0_x35.data
kap_data/lowT_fa05_gn93_z0m0_x50.data
kap_data/lowT_fa05_gn93_z0m0_x70.data
kap_data/lowT_fa05_gn93_z0m0_x80.data
kap_data/lowT_fa05_gn93_z0m0_x90.data
kap_data/lowT_fa05_gn93_z0m0_x95.data
kap_data/lowT_fa05_gn93_z1m1_x00.data
kap_data/lowT_fa05_gn93_z1m1_x10.data
kap_data/lowT_fa05_gn93_z1m1_x20.data
kap_data/lowT_fa05_gn93_z1m1_x35.data
kap_data/lowT_fa05_gn93_z1m1_x50.data
kap_data/lowT_fa05_gn93_z1m1_x70.data
kap_data/lowT_fa05_gn93_z1m1_x80.data
kap_data/lowT_fa05_gn93_z1m1_x90.data
kap_data/lowT_fa05_gn93_z1m2_x00.data
kap_data/lowT_fa05_gn93_z1m2_x10.data
kap_data/lowT_fa05_gn93_z1m2_x20.data
kap_data/lowT_fa05_gn93_z1m2_x35.data
kap_data/lowT_fa05_gn93_z1m2_x50.data
kap_data/lowT_fa05_gn93_z1m2_x70.data
kap_data/lowT_fa05_gn93_z1m2_x80.data
kap_data/lowT_fa05_gn93_z1m2_x90.data
kap_data/lowT_fa05_gn93_z1m2_x95.data
kap_data/lowT_fa05_gn93_z1m2_x99.data
kap_data/lowT_fa05_gn93_z1m3_x00.data
kap_data/lowT_fa05_gn93_z1m3_x10.data
kap_data/lowT_fa05_gn93_z1m3_x20.data
kap_data/lowT_fa05_gn93_z1m3_x35.data
kap_data/lowT_fa05_gn93_z1m3_x50.data
kap_data/lowT_fa05_gn93_z1m3_x70.data
kap_data/lowT_fa05_gn93_z1m3_x80.data
kap_data/lowT_fa05_gn93_z1m3_x90.data
kap_data/lowT_fa05_gn93_z1m3_x95.data
kap_data/lowT_fa05_gn93_z1m3_x99.9.data
kap_data/lowT_fa05_gn93_z1m4_x00.data
kap_data/lowT_fa05_gn93_z1m4_x10.data
kap_data/lowT_fa05_gn93_z1m4_x20.data
kap_data/lowT_fa05_gn93_z1m4_x35.data
kap_data/lowT_fa05_gn93_z1m4_x50.data
kap_data/lowT_fa05_gn93_z1m4_x70.data
kap_data/lowT_fa05_gn93_z1m4_x80.data
kap_data/lowT_fa05_gn93_z1m4_x90.data
kap_data/lowT_fa05_gn93_z1m4_x95.data
kap_data/lowT_fa05_gn93_z1m4_x99.99.data
kap_data/lowT_fa05_gn93_z2m2_x00.data
kap_data/lowT_fa05_gn93_z2m2_x10.data
kap_data/lowT_fa05_gn93_z2m2_x20.data
kap_data/lowT_fa05_gn93_z2m2_x35.data
kap_data/lowT_fa05_gn93_z2m2_x50.data
kap_data/lowT_fa05_gn93_z2m2_x70.data
kap_data/lowT_fa05_gn93_z2m2_x80.data
kap_data/lowT_fa05_gn93_z2m2_x90.data
kap_data/lowT_fa05_gn93_z2m2_x95.data
kap_data/lowT_fa05_gn93_z2m2_x98.data
kap_data/lowT_fa05_gn93_z2m3_x00.data
kap_data/lowT_fa05_gn93_z2m3_x10.data
kap_data/lowT_fa05_gn93_z2m3_x20.data
kap_data/lowT_fa05_gn93_z2m3_x35.data
kap_data/lowT_fa05_gn93_z2m3_x50.data
kap_data/lowT_fa05_gn93_z2m3_x70.data
kap_data/lowT_fa05_gn93_z2m3_x80.data
kap_data/lowT_fa05_gn93_z2m3_x90.data
kap_data/lowT_fa05_gn93_z2m3_x95.data
kap_data/lowT_fa05_gn93_z2m3_x99.8.data
kap_data/lowT_fa05_gn93_z3m2_x00.data
kap_data/lowT_fa05_gn93_z3m2_x10.data
kap_data/lowT_fa05_gn93_z3m2_x20.data
kap_data/lowT_fa05_gn93_z3m2_x35.data
kap_data/lowT_fa05_gn93_z3m2_x50.data
kap_data/lowT_fa05_gn93_z3m2_x70.data
kap_data/lowT_fa05_gn93_z3m2_x80.data
kap_data/lowT_fa05_gn93_z3m2_x90.data
kap_data/lowT_fa05_gn93_z3m2_x95.data
kap_data/lowT_fa05_gn93_z3m2_x97.data
kap_data/lowT_fa05_gn93_z3m4_x00.data
kap_data/lowT_fa05_gn93_z3m4_x10.data
kap_data/lowT_fa05_gn93_z3m4_x20.data
kap_data/lowT_fa05_gn93_z3m4_x35.data
kap_data/lowT_fa05_gn93_z3m4_x50.data
kap_data/lowT_fa05_gn93_z3m4_x70.data
kap_data/lowT_fa05_gn93_z3m4_x80.data
kap_data/lowT_fa05_gn93_z3m4_x90.data
kap_data/lowT_fa05_gn93_z3m4_x95.data
kap_data/lowT_fa05_gn93_z3m4_x99.97.data
kap_data/lowT_fa05_gn93_z4m2_x00.data
kap_data/lowT_fa05_gn93_z4m2_x10.data
kap_data/lowT_fa05_gn93_z4m2_x20.data
kap_data/lowT_fa05_gn93_z4m2_x35.data
kap_data/lowT_fa05_gn93_z4m2_x50.data
kap_data/lowT_fa05_gn93_z4m2_x70.data
kap_data/lowT_fa05_gn93_z4m2_x80.data
kap_data/lowT_fa05_gn93_z4m2_x90.data
kap_data/lowT_fa05_gn93_z4m2_x95.data
kap_data/lowT_fa05_gn93_z4m2_x96.data
kap_data/lowT_fa05_gn93_z4m3_x00.data
kap_data/lowT_fa05_gn93_z4m3_x10.data
kap_data/lowT_fa05_gn93_z4m3_x20.data
kap_data/lowT_fa05_gn93_z4m3_x35.data
kap_data/lowT_fa05_gn93_z4m3_x50.data
kap_data/lowT_fa05_gn93_z4m3_x70.data
kap_data/lowT_fa05_gn93_z4m3_x80.data
kap_data/lowT_fa05_gn93_z4m3_x90.data
kap_data/lowT_fa05_gn93_z4m3_x95.data
kap_data/lowT_fa05_gn93_z4m3_x99.6.data
kap_data/lowT_fa05_gn93_z6m2_x00.data
kap_data/lowT_fa05_gn93_z6m2_x10.data
kap_data/lowT_fa05_gn93_z6m2_x20.data
kap_data/lowT_fa05_gn93_z6m2_x35.data
kap_data/lowT_fa05_gn93_z6m2_x50.data
kap_data/lowT_fa05_gn93_z6m2_x70.data
kap_data/lowT_fa05_gn93_z6m2_x80.data
kap_data/lowT_fa05_gn93_z6m2_x90.data
kap_data/lowT_fa05_gn93_z6m2_x94.data
kap_data/lowT_fa05_gn93_z8m2_x00.data
kap_data/lowT_fa05_gn93_z8m2_x10.data
kap_data/lowT_fa05_gn93_z8m2_x20.data
kap_data/lowT_fa05_gn93_z8m2_x35.data
kap_data/lowT_fa05_gn93_z8m2_x50.data
kap_data/lowT_fa05_gn93_z8m2_x70.data
kap_data/lowT_fa05_gn93_z8m2_x80.data
kap_data/lowT_fa05_gn93_z8m2_x90.data
kap_data/lowT_fa05_gn93_z8m2_x92.data
kap_data/lowT_fa05_gs98_aFe_m2_z0m0_x00.data
kap_data/lowT_fa05_gs98_aFe_m2_z0m0_x10.data
kap_data/lowT_fa05_gs98_aFe_m2_z0m0_x100.data
kap_data/lowT_fa05_gs98_aFe_m2_z0m0_x20.data
kap_data/lowT_fa05_gs98_aFe_m2_z0m0_x35.data
kap_data/lowT_fa05_gs98_aFe_m2_z0m0_x50.data
kap_data/lowT_fa05_gs98_aFe_m2_z0m0_x70.data
kap_data/lowT_fa05_gs98_aFe_m2_z0m0_x80.data
kap_data/lowT_fa05_gs98_aFe_m2_z0m0_x90.data
kap_data/lowT_fa05_gs98_aFe_m2_z0m0_x95.data
kap_data/lowT_fa05_gs98_aFe_m2_z1m1_x00.data
kap_data/lowT_fa05_gs98_aFe_m2_z1m1_x10.data
kap_data/lowT_fa05_gs98_aFe_m2_z1m1_x20.data
kap_data/lowT_fa05_gs98_aFe_m2_z1m1_x35.data
kap_data/lowT_fa05_gs98_aFe_m2_z1m1_x50.data
kap_data/lowT_fa05_gs98_aFe_m2_z1m1_x70.data
kap_data/lowT_fa05_gs98_aFe_m2_z1m1_x80.data
kap_data/lowT_fa05_gs98_aFe_m2_z1m1_x90.data
kap_data/lowT_fa05_gs98_aFe_m2_z1m2_x00.data
kap_data/lowT_fa05_gs98_aFe_m2_z1m2_x10.data
kap_data/lowT_fa05_gs98_aFe_m2_z1m2_x20.data
kap_data/lowT_fa05_gs98_aFe_m2_z1m2_x35.data
kap_data/lowT_fa05_gs98_aFe_m2_z1m2_x50.data
kap_data/lowT_fa05_gs98_aFe_m2_z1m2_x70.data
kap_data/lowT_fa05_gs98_aFe_m2_z1m2_x80.data
kap_data/lowT_fa05_gs98_aFe_m2_z1m2_x90.data
kap_data/lowT_fa05_gs98_aFe_m2_z1m2_x95.data
kap_data/lowT_fa05_gs98_aFe_m2_z1m2_x99.data
kap_data/lowT_fa05_gs98_aFe_m2_z1m3_x00.data
kap_data/lowT_fa05_gs98_aFe_m2_z1m3_x10.data
kap_data/lowT_fa05_gs98_aFe_m2_z1m3_x20.data
kap_data/lowT_fa05_gs98_aFe_m2_z1m3_x35.data
kap_data/lowT_fa05_gs98_aFe_m2_z1m3_x50.data
kap_data/lowT_fa05_gs98_aFe_m2_z1m3_x70.data
kap_data/lowT_fa05_gs98_aFe_m2_z1m3_x80.data
kap_data/lowT_fa05_gs98_aFe_m2_z1m3_x90.data
kap_data/lowT_fa05_gs98_aFe_m2_z1m3_x95.data
kap_data/lowT_fa05_gs98_aFe_m2_z1m3_x99.9.data
kap_data/lowT_fa05_gs98_aFe_m2_z1m4_x00.data
kap_data/lowT_fa05_gs98_aFe_m2_z1m4_x10.data
kap_data/lowT_fa05_gs98_aFe_m2_z1m4_x20.data
kap_data/lowT_fa05_gs98_aFe_m2_z1m4_x35.data
kap_data/lowT_fa05_gs98_aFe_m2_z1m4_x50.data
kap_data/lowT_fa05_gs98_aFe_m2_z1m4_x70.data
kap_data/lowT_fa05_gs98_aFe_m2_z1m4_x80.data
kap_data/lowT_fa05_gs98_aFe_m2_z1m4_x90.data
kap_data/lowT_fa05_gs98_aFe_m2_z1m4_x95.data
kap_data/lowT_fa05_gs98_aFe_m2_z1m4_x99.99.data
kap_data/lowT_fa05_gs98_aFe_m2_z2m2_x00.data
kap_data/lowT_fa05_gs98_aFe_m2_z2m2_x10.data
kap_data/lowT_fa05_gs98_aFe_m2_z2m2_x20.data
kap_data/lowT_fa05_gs98_aFe_m2_z2m2_x35.data
kap_data/lowT_fa05_gs98_aFe_m2_z2m2_x50.data
kap_data/lowT_fa05_gs98_aFe_m2_z2m2_x70.data
kap_data/lowT_fa05_gs98_aFe_m2_z2m2_x80.data
kap_data/lowT_fa05_gs98_aFe_m2_z2m2_x90.data
kap_data/lowT_fa05_gs98_aFe_m2_z2m2_x95.data
kap_data/lowT_fa05_gs98_aFe_m2_z2m2_x98.data
kap_data/lowT_fa05_gs98_aFe_m2_z2m3_x00.data
kap_data/lowT_fa05_gs98_aFe_m2_z2m3_x10.data
kap_data/lowT_fa05_gs98_aFe_m2_z2m3_x20.data
kap_data/lowT_fa05_gs98_aFe_m2_z2m3_x35.data
kap_data/lowT_fa05_gs98_aFe_m2_z2m3_x50.data
kap_data/lowT_fa05_gs98_aFe_m2_z2m3_x70.data
kap_data/lowT_fa05_gs98_aFe_m2_z2m3_x80.data
kap_data/lowT_fa05_gs98_aFe_m2_z2m3_x90.data
kap_data/lowT_fa05_gs98_aFe_m2_z2m3_x95.data
kap_data/lowT_fa05_gs98_aFe_m2_z2m3_x99.8.data
kap_data/lowT_fa05_gs98_aFe_m2_z3m2_x00.data
kap_data/lowT_fa05_gs98_aFe_m2_z3m2_x10.data
kap_data/lowT_fa05_gs98_aFe_m2_z3m2_x20.data
kap_data/lowT_fa05_gs98_aFe_m2_z3m2_x35.data
kap_data/lowT_fa05_gs98_aFe_m2_z3m2_x50.data
kap_data/lowT_fa05_gs98_aFe_m2_z3m2_x70.data
kap_data/lowT_fa05_gs98_aFe_m2_z3m2_x80.data
kap_data/lowT_fa05_gs98_aFe_m2_z3m2_x90.data
kap_data/lowT_fa05_gs98_aFe_m2_z3m2_x95.data
kap_data/lowT_fa05_gs98_aFe_m2_z3m2_x97.data
kap_data/lowT_fa05_gs98_aFe_m2_z3m4_x00.data
kap_data/lowT_fa05_gs98_aFe_m2_z3m4_x10.data
kap_data/lowT_fa05_gs98_aFe_m2_z3m4_x20.data
kap_data/lowT_fa05_gs98_aFe_m2_z3m4_x35.data
kap_data/lowT_fa05_gs98_aFe_m2_z3m4_x50.data
kap_data/lowT_fa05_gs98_aFe_m2_z3m4_x70.data
kap_data/lowT_fa05_gs98_aFe_m2_z3m4_x80.data
kap_data/lowT_fa05_gs98_aFe_m2_z3m4_x90.data
kap_data/lowT_fa05_gs98_aFe_m2_z3m4_x95.data
kap_data/lowT_fa05_gs98_aFe_m2_z3m4_x99.97.data
kap_data/lowT_fa05_gs98_aFe_m2_z4m2_x00.data
kap_data/lowT_fa05_gs98_aFe_m2_z4m2_x10.data
kap_data/lowT_fa05_gs98_aFe_m2_z4m2_x20.data
kap_data/lowT_fa05_gs98_aFe_m2_z4m2_x35.data
kap_data/lowT_fa05_gs98_aFe_m2_z4m2_x50.data
kap_data/lowT_fa05_gs98_aFe_m2_z4m2_x70.data
kap_data/lowT_fa05_gs98_aFe_m2_z4m2_x80.data
kap_data/lowT_fa05_gs98_aFe_m2_z4m2_x90.data
kap_data/lowT_fa05_gs98_aFe_m2_z4m2_x95.data
kap_data/lowT_fa05_gs98_aFe_m2_z4m2_x96.data
kap_data/lowT_fa05_gs98_aFe_m2_z4m3_x00.data
kap_data/lowT_fa05_gs98_aFe_m2_z4m3_x10.data
kap_data/lowT_fa05_gs98_aFe_m2_z4m3_x20.data
kap_data/lowT_fa05_gs98_aFe_m2_z4m3_x35.data
kap_data/lowT_fa05_gs98_aFe_m2_z4m3_x50.data
kap_data/lowT_fa05_gs98_aFe_m2_z4m3_x70.data
kap_data/lowT_fa05_gs98_aFe_m2_z4m3_x80.data
kap_data/lowT_fa05_gs98_aFe_m2_z4m3_x90.data
kap_data/lowT_fa05_gs98_aFe_m2_z4m3_x95.data
kap_data/lowT_fa05_gs98_aFe_m2_z4m3_x99.6.data
kap_data/lowT_fa05_gs98_aFe_m2_z6m2_x00.data
kap_data/lowT_fa05_gs98_aFe_m2_z6m2_x10.data
kap_data/lowT_fa05_gs98_aFe_m2_z6m2_x20.data
kap_data/lowT_fa05_gs98_aFe_m2_z6m2_x35.data
kap_data/lowT_fa05_gs98_aFe_m2_z6m2_x50.data
kap_data/lowT_fa05_gs98_aFe_m2_z6m2_x70.data
kap_data/lowT_fa05_gs98_aFe_m2_z6m2_x80.data
kap_data/lowT_fa05_gs98_aFe_m2_z6m2_x90.data
kap_data/lowT_fa05_gs98_aFe_m2_z6m2_x94.data
kap_data/lowT_fa05_gs98_aFe_m2_z8m2_x00.data
kap_data/lowT_fa05_gs98_aFe_m2_z8m2_x10.data
kap_data/lowT_fa05_gs98_aFe_m2_z8m2_x20.data
kap_data/lowT_fa05_gs98_aFe_m2_z8m2_x35.data
kap_data/lowT_fa05_gs98_aFe_m2_z8m2_x50.data
kap_data/lowT_fa05_gs98_aFe_m2_z8m2_x70.data
kap_data/lowT_fa05_gs98_aFe_m2_z8m2_x80.data
kap_data/lowT_fa05_gs98_aFe_m2_z8m2_x90.data
kap_data/lowT_fa05_gs98_aFe_m2_z8m2_x92.data
kap_data/lowT_fa05_gs98_aFe_p2_z0m0_x00.data
kap_data/lowT_fa05_gs98_aFe_p2_z0m0_x10.data
kap_data/lowT_fa05_gs98_aFe_p2_z0m0_x100.data
kap_data/lowT_fa05_gs98_aFe_p2_z0m0_x20.data
kap_data/lowT_fa05_gs98_aFe_p2_z0m0_x35.data
kap_data/lowT_fa05_gs98_aFe_p2_z0m0_x50.data
kap_data/lowT_fa05_gs98_aFe_p2_z0m0_x70.data
kap_data/lowT_fa05_gs98_aFe_p2_z0m0_x80.data
kap_data/lowT_fa05_gs98_aFe_p2_z0m0_x90.data
kap_data/lowT_fa05_gs98_aFe_p2_z0m0_x95.data
kap_data/lowT_fa05_gs98_aFe_p2_z1m1_x00.data
kap_data/lowT_fa05_gs98_aFe_p2_z1m1_x10.data
kap_data/lowT_fa05_gs98_aFe_p2_z1m1_x20.data
kap_data/lowT_fa05_gs98_aFe_p2_z1m1_x35.data
kap_data/lowT_fa05_gs98_aFe_p2_z1m1_x50.data
kap_data/lowT_fa05_gs98_aFe_p2_z1m1_x70.data
kap_data/lowT_fa05_gs98_aFe_p2_z1m1_x80.data
kap_data/lowT_fa05_gs98_aFe_p2_z1m1_x90.data
kap_data/lowT_fa05_gs98_aFe_p2_z1m2_x00.data
kap_data/lowT_fa05_gs98_aFe_p2_z1m2_x10.data
kap_data/lowT_fa05_gs98_aFe_p2_z1m2_x20.data
kap_data/lowT_fa05_gs98_aFe_p2_z1m2_x35.data
kap_data/lowT_fa05_gs98_aFe_p2_z1m2_x50.data
kap_data/lowT_fa05_gs98_aFe_p2_z1m2_x70.data
kap_data/lowT_fa05_gs98_aFe_p2_z1m2_x80.data
kap_data/lowT_fa05_gs98_aFe_p2_z1m2_x90.data
kap_data/lowT_fa05_gs98_aFe_p2_z1m2_x95.data
kap_data/lowT_fa05_gs98_aFe_p2_z1m2_x99.data
kap_data/lowT_fa05_gs98_aFe_p2_z1m3_x00.data
kap_data/lowT_fa05_gs98_aFe_p2_z1m3_x10.data
kap_data/lowT_fa05_gs98_aFe_p2_z1m3_x20.data
kap_data/lowT_fa05_gs98_aFe_p2_z1m3_x35.data
kap_data/lowT_fa05_gs98_aFe_p2_z1m3_x50.data
kap_data/lowT_fa05_gs98_aFe_p2_z1m3_x70.data
kap_data/lowT_fa05_gs98_aFe_p2_z1m3_x80.data
kap_data/lowT_fa05_gs98_aFe_p2_z1m3_x90.data
kap_data/lowT_fa05_gs98_aFe_p2_z1m3_x95.data
kap_data/lowT_fa05_gs98_aFe_p2_z1m3_x99.9.data
kap_data/lowT_fa05_gs98_aFe_p2_z1m4_x00.data
kap_data/lowT_fa05_gs98_aFe_p2_z1m4_x10.data
kap_data/lowT_fa05_gs98_aFe_p2_z1m4_x20.data
kap_data/lowT_fa05_gs98_aFe_p2_z1m4_x35.data
kap_data/lowT_fa05_gs98_aFe_p2_z1m4_x50.data
kap_data/lowT_fa05_gs98_aFe_p2_z1m4_x70.data
kap_data/lowT_fa05_gs98_aFe_p2_z1m4_x80.data
kap_data/lowT_fa05_gs98_aFe_p2_z1m4_x90.data
kap_data/lowT_fa05_gs98_aFe_p2_z1m4_x95.data
kap_data/lowT_fa05_gs98_aFe_p2_z1m4_x99.99.data
kap_data/lowT_fa05_gs98_aFe_p2_z2m2_x00.data
kap_data/lowT_fa05_gs98_aFe_p2_z2m2_x10.data
kap_data/lowT_fa05_gs98_aFe_p2_z2m2_x20.data
kap_data/lowT_fa05_gs98_aFe_p2_z2m2_x35.data
kap_data/lowT_fa05_gs98_aFe_p2_z2m2_x50.data
kap_data/lowT_fa05_gs98_aFe_p2_z2m2_x70.data
kap_data/lowT_fa05_gs98_aFe_p2_z2m2_x80.data
kap_data/lowT_fa05_gs98_aFe_p2_z2m2_x90.data
kap_data/lowT_fa05_gs98_aFe_p2_z2m2_x95.data
kap_data/lowT_fa05_gs98_aFe_p2_z2m2_x98.data
kap_data/lowT_fa05_gs98_aFe_p2_z2m3_x00.data
kap_data/lowT_fa05_gs98_aFe_p2_z2m3_x10.data
kap_data/lowT_fa05_gs98_aFe_p2_z2m3_x20.data
kap_data/lowT_fa05_gs98_aFe_p2_z2m3_x35.data
kap_data/lowT_fa05_gs98_aFe_p2_z2m3_x50.data
kap_data/lowT_fa05_gs98_aFe_p2_z2m3_x70.data
kap_data/lowT_fa05_gs98_aFe_p2_z2m3_x80.data
kap_data/lowT_fa05_gs98_aFe_p2_z2m3_x90.data
kap_data/lowT_fa05_gs98_aFe_p2_z2m3_x95.data
kap_data/lowT_fa05_gs98_aFe_p2_z2m3_x99.8.data
kap_data/lowT_fa05_gs98_aFe_p2_z3m2_x00.data
kap_data/lowT_fa05_gs98_aFe_p2_z3m2_x10.data
kap_data/lowT_fa05_gs98_aFe_p2_z3m2_x20.data
kap_data/lowT_fa05_gs98_aFe_p2_z3m2_x35.data
kap_data/lowT_fa05_gs98_aFe_p2_z3m2_x50.data
kap_data/lowT_fa05_gs98_aFe_p2_z3m2_x70.data
kap_data/lowT_fa05_gs98_aFe_p2_z3m2_x80.data
kap_data/lowT_fa05_gs98_aFe_p2_z3m2_x90.data
kap_data/lowT_fa05_gs98_aFe_p2_z3m2_x95.data
kap_data/lowT_fa05_gs98_aFe_p2_z3m2_x97.data
kap_data/lowT_fa05_gs98_aFe_p2_z3m4_x00.data
kap_data/lowT_fa05_gs98_aFe_p2_z3m4_x10.data
kap_data/lowT_fa05_gs98_aFe_p2_z3m4_x20.data
kap_data/lowT_fa05_gs98_aFe_p2_z3m4_x35.data
kap_data/lowT_fa05_gs98_aFe_p2_z3m4_x50.data
kap_data/lowT_fa05_gs98_aFe_p2_z3m4_x70.data
kap_data/lowT_fa05_gs98_aFe_p2_z3m4_x80.data
kap_data/lowT_fa05_gs98_aFe_p2_z3m4_x90.data
kap_data/lowT_fa05_gs98_aFe_p2_z3m4_x95.data
kap_data/lowT_fa05_gs98_aFe_p2_z3m4_x99.97.data
kap_data/lowT_fa05_gs98_aFe_p2_z4m2_x00.data
kap_data/lowT_fa05_gs98_aFe_p2_z4m2_x10.data
kap_data/lowT_fa05_gs98_aFe_p2_z4m2_x20.data
kap_data/lowT_fa05_gs98_aFe_p2_z4m2_x35.data
kap_data/lowT_fa05_gs98_aFe_p2_z4m2_x50.data
kap_data/lowT_fa05_gs98_aFe_p2_z4m2_x70.data
kap_data/lowT_fa05_gs98_aFe_p2_z4m2_x80.data
kap_data/lowT_fa05_gs98_aFe_p2_z4m2_x90.data
kap_data/lowT_fa05_gs98_aFe_p2_z4m2_x95.data
kap_data/lowT_fa05_gs98_aFe_p2_z4m2_x96.data
kap_data/lowT_fa05_gs98_aFe_p2_z4m3_x00.data
kap_data/lowT_fa05_gs98_aFe_p2_z4m3_x10.data
kap_data/lowT_fa05_gs98_aFe_p2_z4m3_x20.data
kap_data/lowT_fa05_gs98_aFe_p2_z4m3_x35.data
kap_data/lowT_fa05_gs98_aFe_p2_z4m3_x50.data
kap_data/lowT_fa05_gs98_aFe_p2_z4m3_x70.data
kap_data/lowT_fa05_gs98_aFe_p2_z4m3_x80.data
kap_data/lowT_fa05_gs98_aFe_p2_z4m3_x90.data
kap_data/lowT_fa05_gs98_aFe_p2_z4m3_x95.data
kap_data/lowT_fa05_gs98_aFe_p2_z4m3_x99.6.data
kap_data/lowT_fa05_gs98_aFe_p2_z6m2_x00.data
kap_data/lowT_fa05_gs98_aFe_p2_z6m2_x10.data
kap_data/lowT_fa05_gs98_aFe_p2_z6m2_x20.data
kap_data/lowT_fa05_gs98_aFe_p2_z6m2_x35.data
kap_data/lowT_fa05_gs98_aFe_p2_z6m2_x50.data
kap_data/lowT_fa05_gs98_aFe_p2_z6m2_x70.data
kap_data/lowT_fa05_gs98_aFe_p2_z6m2_x80.data
kap_data/lowT_fa05_gs98_aFe_p2_z6m2_x90.data
kap_data/lowT_fa05_gs98_aFe_p2_z6m2_x94.data
kap_data/lowT_fa05_gs98_aFe_p2_z8m2_x00.data
kap_data/lowT_fa05_gs98_aFe_p2_z8m2_x10.data
kap_data/lowT_fa05_gs98_aFe_p2_z8m2_x20.data
kap_data/lowT_fa05_gs98_aFe_p2_z8m2_x35.data
kap_data/lowT_fa05_gs98_aFe_p2_z8m2_x50.data
kap_data/lowT_fa05_gs98_aFe_p2_z8m2_x70.data
kap_data/lowT_fa05_gs98_aFe_p2_z8m2_x80.data
kap_data/lowT_fa05_gs98_aFe_p2_z8m2_x90.data
kap_data/lowT_fa05_gs98_aFe_p2_z8m2_x92.data
kap_data/lowT_fa05_gs98_aFe_p4_z0m0_x00.data
kap_data/lowT_fa05_gs98_aFe_p4_z0m0_x10.data
kap_data/lowT_fa05_gs98_aFe_p4_z0m0_x100.data
kap_data/lowT_fa05_gs98_aFe_p4_z0m0_x20.data
kap_data/lowT_fa05_gs98_aFe_p4_z0m0_x35.data
kap_data/lowT_fa05_gs98_aFe_p4_z0m0_x50.data
kap_data/lowT_fa05_gs98_aFe_p4_z0m0_x70.data
kap_data/lowT_fa05_gs98_aFe_p4_z0m0_x80.data
kap_data/lowT_fa05_gs98_aFe_p4_z0m0_x90.data
kap_data/lowT_fa05_gs98_aFe_p4_z0m0_x95.data
kap_data/lowT_fa05_gs98_aFe_p4_z1m1_x00.data
kap_data/lowT_fa05_gs98_aFe_p4_z1m1_x10.data
kap_data/lowT_fa05_gs98_aFe_p4_z1m1_x20.data
kap_data/lowT_fa05_gs98_aFe_p4_z1m1_x35.data
kap_data/lowT_fa05_gs98_aFe_p4_z1m1_x50.data
kap_data/lowT_fa05_gs98_aFe_p4_z1m1_x70.data
kap_data/lowT_fa05_gs98_aFe_p4_z1m1_x80.data
kap_data/lowT_fa05_gs98_aFe_p4_z1m1_x90.data
kap_data/lowT_fa05_gs98_aFe_p4_z1m2_x00.data
kap_data/lowT_fa05_gs98_aFe_p4_z1m2_x10.data
kap_data/lowT_fa05_gs98_aFe_p4_z1m2_x20.data
kap_data/lowT_fa05_gs98_aFe_p4_z1m2_x35.data
kap_data/lowT_fa05_gs98_aFe_p4_z1m2_x50.data
kap_data/lowT_fa05_gs98_aFe_p4_z1m2_x70.data
kap_data/lowT_fa05_gs98_aFe_p4_z1m2_x80.data
kap_data/lowT_fa05_gs98_aFe_p4_z1m2_x90.data
kap_data/lowT_fa05_gs98_aFe_p4_z1m2_x95.data
kap_data/lowT_fa05_gs98_aFe_p4_z1m2_x99.data
kap_data/lowT_fa05_gs98_aFe_p4_z1m3_x00.data
kap_data/lowT_fa05_gs98_aFe_p4_z1m3_x10.data
kap_data/lowT_fa05_gs98_aFe_p4_z1m3_x20.data
kap_data/lowT_fa05_gs98_aFe_p4_z1m3_x35.data
kap_data/lowT_fa05_gs98_aFe_p4_z1m3_x50.data
kap_data/lowT_fa05_gs98_aFe_p4_z1m3_x70.data
kap_data/lowT_fa05_gs98_aFe_p4_z1m3_x80.data
kap_data/lowT_fa05_gs98_aFe_p4_z1m3_x90.data
kap_data/lowT_fa05_gs98_aFe_p4_z1m3_x95.data
kap_data/lowT_fa05_gs98_aFe_p4_z1m3_x99.9.data
kap_data/lowT_fa05_gs98_aFe_p4_z1m4_x00.data
kap_data/lowT_fa05_gs98_aFe_p4_z1m4_x10.data
kap_data/lowT_fa05_gs98_aFe_p4_z1m4_x20.data
kap_data/lowT_fa05_gs98_aFe_p4_z1m4_x35.data
kap_data/lowT_fa05_gs98_aFe_p4_z1m4_x50.data
kap_data/lowT_fa05_gs98_aFe_p4_z1m4_x70.data
kap_data/lowT_fa05_gs98_aFe_p4_z1m4_x80.data
kap_data/lowT_fa05_gs98_aFe_p4_z1m4_x90.data
kap_data/lowT_fa05_gs98_aFe_p4_z1m4_x95.data
kap_data/lowT_fa05_gs98_aFe_p4_z1m4_x99.99.data
kap_data/lowT_fa05_gs98_aFe_p4_z2m2_x00.data
kap_data/lowT_fa05_gs98_aFe_p4_z2m2_x10.data
kap_data/lowT_fa05_gs98_aFe_p4_z2m2_x20.data
kap_data/lowT_fa05_gs98_aFe_p4_z2m2_x35.data
kap_data/lowT_fa05_gs98_aFe_p4_z2m2_x50.data
kap_data/lowT_fa05_gs98_aFe_p4_z2m2_x70.data
kap_data/lowT_fa05_gs98_aFe_p4_z2m2_x80.data
kap_data/lowT_fa05_gs98_aFe_p4_z2m2_x90.data
kap_data/lowT_fa05_gs98_aFe_p4_z2m2_x95.data
kap_data/lowT_fa05_gs98_aFe_p4_z2m2_x98.data
kap_data/lowT_fa05_gs98_aFe_p4_z2m3_x00.data
kap_data/lowT_fa05_gs98_aFe_p4_z2m3_x10.data
kap_data/lowT_fa05_gs98_aFe_p4_z2m3_x20.data
kap_data/lowT_fa05_gs98_aFe_p4_z2m3_x35.data
kap_data/lowT_fa05_gs98_aFe_p4_z2m3_x50.data
kap_data/lowT_fa05_gs98_aFe_p4_z2m3_x70.data
kap_data/lowT_fa05_gs98_aFe_p4_z2m3_x80.data
kap_data/lowT_fa05_gs98_aFe_p4_z2m3_x90.data
kap_data/lowT_fa05_gs98_aFe_p4_z2m3_x95.data
kap_data/lowT_fa05_gs98_aFe_p4_z2m3_x99.8.data
kap_data/lowT_fa05_gs98_aFe_p4_z3m2_x00.data
kap_data/lowT_fa05_gs98_aFe_p4_z3m2_x10.data
kap_data/lowT_fa05_gs98_aFe_p4_z3m2_x20.data
kap_data/lowT_fa05_gs98_aFe_p4_z3m2_x35.data
kap_data/lowT_fa05_gs98_aFe_p4_z3m2_x50.data
kap_data/lowT_fa05_gs98_aFe_p4_z3m2_x70.data
kap_data/lowT_fa05_gs98_aFe_p4_z3m2_x80.data
kap_data/lowT_fa05_gs98_aFe_p4_z3m2_x90.data
kap_data/lowT_fa05_gs98_aFe_p4_z3m2_x95.data
kap_data/lowT_fa05_gs98_aFe_p4_z3m2_x97.data
kap_data/lowT_fa05_gs98_aFe_p4_z3m4_x00.data
kap_data/lowT_fa05_gs98_aFe_p4_z3m4_x10.data
kap_data/lowT_fa05_gs98_aFe_p4_z3m4_x20.data
kap_data/lowT_fa05_gs98_aFe_p4_z3m4_x35.data
kap_data/lowT_fa05_gs98_aFe_p4_z3m4_x50.data
kap_data/lowT_fa05_gs98_aFe_p4_z3m4_x70.data
kap_data/lowT_fa05_gs98_aFe_p4_z3m4_x80.data
kap_data/lowT_fa05_gs98_aFe_p4_z3m4_x90.data
kap_data/lowT_fa05_gs98_aFe_p4_z3m4_x95.data
kap_data/lowT_fa05_gs98_aFe_p4_z3m4_x99.97.data
kap_data/lowT_fa05_gs98_aFe_p4_z4m2_x00.data
kap_data/lowT_fa05_gs98_aFe_p4_z4m2_x10.data
kap_data/lowT_fa05_gs98_aFe_p4_z4m2_x20.data
kap_data/lowT_fa05_gs98_aFe_p4_z4m2_x35.data
kap_data/lowT_fa05_gs98_aFe_p4_z4m2_x50.data
kap_data/lowT_fa05_gs98_aFe_p4_z4m2_x70.data
kap_data/lowT_fa05_gs98_aFe_p4_z4m2_x80.data
kap_data/lowT_fa05_gs98_aFe_p4_z4m2_x90.data
kap_data/lowT_fa05_gs98_aFe_p4_z4m2_x95.data
kap_data/lowT_fa05_gs98_aFe_p4_z4m2_x96.data
kap_data/lowT_fa05_gs98_aFe_p4_z4m3_x00.data
kap_data/lowT_fa05_gs98_aFe_p4_z4m3_x10.data
kap_data/lowT_fa05_gs98_aFe_p4_z4m3_x20.data
kap_data/lowT_fa05_gs98_aFe_p4_z4m3_x35.data
kap_data/lowT_fa05_gs98_aFe_p4_z4m3_x50.data
kap_data/lowT_fa05_gs98_aFe_p4_z4m3_x70.data
kap_data/lowT_fa05_gs98_aFe_p4_z4m3_x80.data
kap_data/lowT_fa05_gs98_aFe_p4_z4m3_x90.data
kap_data/lowT_fa05_gs98_aFe_p4_z4m3_x95.data
kap_data/lowT_fa05_gs98_aFe_p4_z4m3_x99.6.data
kap_data/lowT_fa05_gs98_aFe_p4_z6m2_x00.data
kap_data/lowT_fa05_gs98_aFe_p4_z6m2_x10.data
kap_data/lowT_fa05_gs98_aFe_p4_z6m2_x20.data
kap_data/lowT_fa05_gs98_aFe_p4_z6m2_x35.data
kap_data/lowT_fa05_gs98_aFe_p4_z6m2_x50.data
kap_data/lowT_fa05_gs98_aFe_p4_z6m2_x70.data
kap_data/lowT_fa05_gs98_aFe_p4_z6m2_x80.data
kap_data/lowT_fa05_gs98_aFe_p4_z6m2_x90.data
kap_data/lowT_fa05_gs98_aFe_p4_z6m2_x94.data
kap_data/lowT_fa05_gs98_aFe_p4_z8m2_x00.data
kap_data/lowT_fa05_gs98_aFe_p4_z8m2_x10.data
kap_data/lowT_fa05_gs98_aFe_p4_z8m2_x20.data
kap_data/lowT_fa05_gs98_aFe_p4_z8m2_x35.data
kap_data/lowT_fa05_gs98_aFe_p4_z8m2_x50.data
kap_data/lowT_fa05_gs98_aFe_p4_z8m2_x70.data
kap_data/lowT_fa05_gs98_aFe_p4_z8m2_x80.data
kap_data/lowT_fa05_gs98_aFe_p4_z8m2_x90.data
kap_data/lowT_fa05_gs98_aFe_p4_z8m2_x92.data
kap_data/lowT_fa05_gs98_aFe_p6_z0m0_x00.data
kap_data/lowT_fa05_gs98_aFe_p6_z0m0_x10.data
kap_data/lowT_fa05_gs98_aFe_p6_z0m0_x100.data
kap_data/lowT_fa05_gs98_aFe_p6_z0m0_x20.data
kap_data/lowT_fa05_gs98_aFe_p6_z0m0_x35.data
kap_data/lowT_fa05_gs98_aFe_p6_z0m0_x50.data
kap_data/lowT_fa05_gs98_aFe_p6_z0m0_x70.data
kap_data/lowT_fa05_gs98_aFe_p6_z0m0_x80.data
kap_data/lowT_fa05_gs98_aFe_p6_z0m0_x90.data
kap_data/lowT_fa05_gs98_aFe_p6_z0m0_x95.data
kap_data/lowT_fa05_gs98_aFe_p6_z1m1_x00.data
kap_data/lowT_fa05_gs98_aFe_p6_z1m1_x10.data
kap_data/lowT_fa05_gs98_aFe_p6_z1m1_x20.data
kap_data/lowT_fa05_gs98_aFe_p6_z1m1_x35.data
kap_data/lowT_fa05_gs98_aFe_p6_z1m1_x50.data
kap_data/lowT_fa05_gs98_aFe_p6_z1m1_x70.data
kap_data/lowT_fa05_gs98_aFe_p6_z1m1_x80.data
kap_data/lowT_fa05_gs98_aFe_p6_z1m1_x90.data
kap_data/lowT_fa05_gs98_aFe_p6_z1m2_x00.data
kap_data/lowT_fa05_gs98_aFe_p6_z1m2_x10.data
kap_data/lowT_fa05_gs98_aFe_p6_z1m2_x20.data
kap_data/lowT_fa05_gs98_aFe_p6_z1m2_x35.data
kap_data/lowT_fa05_gs98_aFe_p6_z1m2_x50.data
kap_data/lowT_fa05_gs98_aFe_p6_z1m2_x70.data
kap_data/lowT_fa05_gs98_aFe_p6_z1m2_x80.data
kap_data/lowT_fa05_gs98_aFe_p6_z1m2_x90.data
kap_data/lowT_fa05_gs98_aFe_p6_z1m2_x95.data
kap_data/lowT_fa05_gs98_aFe_p6_z1m2_x99.data
kap_data/lowT_fa05_gs98_aFe_p6_z1m3_x00.data
kap_data/lowT_fa05_gs98_aFe_p6_z1m3_x10.data
kap_data/lowT_fa05_gs98_aFe_p6_z1m3_x20.data
kap_data/lowT_fa05_gs98_aFe_p6_z1m3_x35.data
kap_data/lowT_fa05_gs98_aFe_p6_z1m3_x50.data
kap_data/lowT_fa05_gs98_aFe_p6_z1m3_x70.data
kap_data/lowT_fa05_gs98_aFe_p6_z1m3_x80.data
kap_data/lowT_fa05_gs98_aFe_p6_z1m3_x90.data
kap_data/lowT_fa05_gs98_aFe_p6_z1m3_x95.data
kap_data/lowT_fa05_gs98_aFe_p6_z1m3_x99.9.data
kap_data/lowT_fa05_gs98_aFe_p6_z1m4_x00.data
kap_data/lowT_fa05_gs98_aFe_p6_z1m4_x10.data
kap_data/lowT_fa05_gs98_aFe_p6_z1m4_x20.data
kap_data/lowT_fa05_gs98_aFe_p6_z1m4_x35.data
kap_data/lowT_fa05_gs98_aFe_p6_z1m4_x50.data
kap_data/lowT_fa05_gs98_aFe_p6_z1m4_x70.data
kap_data/lowT_fa05_gs98_aFe_p6_z1m4_x80.data
kap_data/lowT_fa05_gs98_aFe_p6_z1m4_x90.data
kap_data/lowT_fa05_gs98_aFe_p6_z1m4_x95.data
kap_data/lowT_fa05_gs98_aFe_p6_z1m4_x99.99.data
kap_data/lowT_fa05_gs98_aFe_p6_z2m2_x00.data
kap_data/lowT_fa05_gs98_aFe_p6_z2m2_x10.data
kap_data/lowT_fa05_gs98_aFe_p6_z2m2_x20.data
kap_data/lowT_fa05_gs98_aFe_p6_z2m2_x35.data
kap_data/lowT_fa05_gs98_aFe_p6_z2m2_x50.data
kap_data/lowT_fa05_gs98_aFe_p6_z2m2_x70.data
kap_data/lowT_fa05_gs98_aFe_p6_z2m2_x80.data
kap_data/lowT_fa05_gs98_aFe_p6_z2m2_x90.data
kap_data/lowT_fa05_gs98_aFe_p6_z2m2_x95.data
kap_data/lowT_fa05_gs98_aFe_p6_z2m2_x98.data
kap_data/lowT_fa05_gs98_aFe_p6_z2m3_x00.data
kap_data/lowT_fa05_gs98_aFe_p6_z2m3_x10.data
kap_data/lowT_fa05_gs98_aFe_p6_z2m3_x20.data
kap_data/lowT_fa05_gs98_aFe_p6_z2m3_x35.data
kap_data/lowT_fa05_gs98_aFe_p6_z2m3_x50.data
kap_data/lowT_fa05_gs98_aFe_p6_z2m3_x70.data
kap_data/lowT_fa05_gs98_aFe_p6_z2m3_x80.data
kap_data/lowT_fa05_gs98_aFe_p6_z2m3_x90.data
kap_data/lowT_fa05_gs98_aFe_p6_z2m3_x95.data
kap_data/lowT_fa05_gs98_aFe_p6_z2m3_x99.8.data
kap_data/lowT_fa05_gs98_aFe_p6_z3m2_x00.data
kap_data/lowT_fa05_gs98_aFe_p6_z3m2_x10.data
kap_data/lowT_fa05_gs98_aFe_p6_z3m2_x20.data
kap_data/lowT_fa05_gs98_aFe_p6_z3m2_x35.data
kap_data/lowT_fa05_gs98_aFe_p6_z3m2_x50.data
kap_data/lowT_fa05_gs98_aFe_p6_z3m2_x70.data
kap_data/lowT_fa05_gs98_aFe_p6_z3m2_x80.data
kap_data/lowT_fa05_gs98_aFe_p6_z3m2_x90.data
kap_data/lowT_fa05_gs98_aFe_p6_z3m2_x95.data
kap_data/lowT_fa05_gs98_aFe_p6_z3m2_x97.data
kap_data/lowT_fa05_gs98_aFe_p6_z3m4_x00.data
kap_data/lowT_fa05_gs98_aFe_p6_z3m4_x10.data
kap_data/lowT_fa05_gs98_aFe_p6_z3m4_x20.data
kap_data/lowT_fa05_gs98_aFe_p6_z3m4_x35.data
kap_data/lowT_fa05_gs98_aFe_p6_z3m4_x50.data
kap_data/lowT_fa05_gs98_aFe_p6_z3m4_x70.data
kap_data/lowT_fa05_gs98_aFe_p6_z3m4_x80.data
kap_data/lowT_fa05_gs98_aFe_p6_z3m4_x90.data
kap_data/lowT_fa05_gs98_aFe_p6_z3m4_x95.data
kap_data/lowT_fa05_gs98_aFe_p6_z3m4_x99.97.data
kap_data/lowT_fa05_gs98_aFe_p6_z4m2_x00.data
kap_data/lowT_fa05_gs98_aFe_p6_z4m2_x10.data
kap_data/lowT_fa05_gs98_aFe_p6_z4m2_x20.data
kap_data/lowT_fa05_gs98_aFe_p6_z4m2_x35.data
kap_data/lowT_fa05_gs98_aFe_p6_z4m2_x50.data
kap_data/lowT_fa05_gs98_aFe_p6_z4m2_x70.data
kap_data/lowT_fa05_gs98_aFe_p6_z4m2_x80.data
kap_data/lowT_fa05_gs98_aFe_p6_z4m2_x90.data
kap_data/lowT_fa05_gs98_aFe_p6_z4m2_x95.data
kap_data/lowT_fa05_gs98_aFe_p6_z4m2_x96.data
kap_data/lowT_fa05_gs98_aFe_p6_z4m3_x00.data
kap_data/lowT_fa05_gs98_aFe_p6_z4m3_x10.data
kap_data/lowT_fa05_gs98_aFe_p6_z4m3_x20.data
kap_data/lowT_fa05_gs98_aFe_p6_z4m3_x35.data
kap_data/lowT_fa05_gs98_aFe_p6_z4m3_x50.data
kap_data/lowT_fa05_gs98_aFe_p6_z4m3_x70.data
kap_data/lowT_fa05_gs98_aFe_p6_z4m3_x80.data
kap_data/lowT_fa05_gs98_aFe_p6_z4m3_x90.data
kap_data/lowT_fa05_gs98_aFe_p6_z4m3_x95.data
kap_data/lowT_fa05_gs98_aFe_p6_z4m3_x99.6.data
kap_data/lowT_fa05_gs98_aFe_p6_z6m2_x00.data
kap_data/lowT_fa05_gs98_aFe_p6_z6m2_x10.data
kap_data/lowT_fa05_gs98_aFe_p6_z6m2_x20.data
kap_data/lowT_fa05_gs98_aFe_p6_z6m2_x35.data
kap_data/lowT_fa05_gs98_aFe_p6_z6m2_x50.data
kap_data/lowT_fa05_gs98_aFe_p6_z6m2_x70.data
kap_data/lowT_fa05_gs98_aFe_p6_z6m2_x80.data
kap_data/lowT_fa05_gs98_aFe_p6_z6m2_x90.data
kap_data/lowT_fa05_gs98_aFe_p6_z6m2_x94.data
kap_data/lowT_fa05_gs98_aFe_p6_z8m2_x00.data
kap_data/lowT_fa05_gs98_aFe_p6_z8m2_x10.data
kap_data/lowT_fa05_gs98_aFe_p6_z8m2_x20.data
kap_data/lowT_fa05_gs98_aFe_p6_z8m2_x35.data
kap_data/lowT_fa05_gs98_aFe_p6_z8m2_x50.data
kap_data/lowT_fa05_gs98_aFe_p6_z8m2_x70.data
kap_data/lowT_fa05_gs98_aFe_p6_z8m2_x80.data
kap_data/lowT_fa05_gs98_aFe_p6_z8m2_x90.data
kap_data/lowT_fa05_gs98_aFe_p6_z8m2_x92.data
kap_data/lowT_fa05_gs98_aFe_p8_z0m0_x00.data
kap_data/lowT_fa05_gs98_aFe_p8_z0m0_x10.data
kap_data/lowT_fa05_gs98_aFe_p8_z0m0_x100.data
kap_data/lowT_fa05_gs98_aFe_p8_z0m0_x20.data
kap_data/lowT_fa05_gs98_aFe_p8_z0m0_x35.data
kap_data/lowT_fa05_gs98_aFe_p8_z0m0_x50.data
kap_data/lowT_fa05_gs98_aFe_p8_z0m0_x70.data
kap_data/lowT_fa05_gs98_aFe_p8_z0m0_x80.data
kap_data/lowT_fa05_gs98_aFe_p8_z0m0_x90.data
kap_data/lowT_fa05_gs98_aFe_p8_z0m0_x95.data
kap_data/lowT_fa05_gs98_aFe_p8_z1m1_x00.data
kap_data/lowT_fa05_gs98_aFe_p8_z1m1_x10.data
kap_data/lowT_fa05_gs98_aFe_p8_z1m1_x20.data
kap_data/lowT_fa05_gs98_aFe_p8_z1m1_x35.data
kap_data/lowT_fa05_gs98_aFe_p8_z1m1_x50.data
kap_data/lowT_fa05_gs98_aFe_p8_z1m1_x70.data
kap_data/lowT_fa05_gs98_aFe_p8_z1m1_x80.data
kap_data/lowT_fa05_gs98_aFe_p8_z1m1_x90.data
kap_data/lowT_fa05_gs98_aFe_p8_z1m2_x00.data
kap_data/lowT_fa05_gs98_aFe_p8_z1m2_x10.data
kap_data/lowT_fa05_gs98_aFe_p8_z1m2_x20.data
kap_data/lowT_fa05_gs98_aFe_p8_z1m2_x35.data
kap_data/lowT_fa05_gs98_aFe_p8_z1m2_x50.data
kap_data/lowT_fa05_gs98_aFe_p8_z1m2_x70.data
kap_data/lowT_fa05_gs98_aFe_p8_z1m2_x80.data
kap_data/lowT_fa05_gs98_aFe_p8_z1m2_x90.data
kap_data/lowT_fa05_gs98_aFe_p8_z1m2_x95.data
kap_data/lowT_fa05_gs98_aFe_p8_z1m2_x99.data
kap_data/lowT_fa05_gs98_aFe_p8_z1m3_x00.data
kap_data/lowT_fa05_gs98_aFe_p8_z1m3_x10.data
kap_data/lowT_fa05_gs98_aFe_p8_z1m3_x20.data
kap_data/lowT_fa05_gs98_aFe_p8_z1m3_x35.data
kap_data/lowT_fa05_gs98_aFe_p8_z1m3_x50.data
kap_data/lowT_fa05_gs98_aFe_p8_z1m3_x70.data
kap_data/lowT_fa05_gs98_aFe_p8_z1m3_x80.data
kap_data/lowT_fa05_gs98_aFe_p8_z1m3_x90.data
kap_data/lowT_fa05_gs98_aFe_p8_z1m3_x95.data
kap_data/lowT_fa05_gs98_aFe_p8_z1m3_x99.9.data
kap_data/lowT_fa05_gs98_aFe_p8_z1m4_x00.data
kap_data/lowT_fa05_gs98_aFe_p8_z1m4_x10.data
kap_data/lowT_fa05_gs98_aFe_p8_z1m4_x20.data
kap_data/lowT_fa05_gs98_aFe_p8_z1m4_x35.data
kap_data/lowT_fa05_gs98_aFe_p8_z1m4_x50.data
kap_data/lowT_fa05_gs98_aFe_p8_z1m4_x70.data
kap_data/lowT_fa05_gs98_aFe_p8_z1m4_x80.data
kap_data/lowT_fa05_gs98_aFe_p8_z1m4_x90.data
kap_data/lowT_fa05_gs98_aFe_p8_z1m4_x95.data
kap_data/lowT_fa05_gs98_aFe_p8_z1m4_x99.99.data
kap_data/lowT_fa05_gs98_aFe_p8_z2m2_x00.data
kap_data/lowT_fa05_gs98_aFe_p8_z2m2_x10.data
kap_data/lowT_fa05_gs98_aFe_p8_z2m2_x20.data
kap_data/lowT_fa05_gs98_aFe_p8_z2m2_x35.data
kap_data/lowT_fa05_gs98_aFe_p8_z2m2_x50.data
kap_data/lowT_fa05_gs98_aFe_p8_z2m2_x70.data
kap_data/lowT_fa05_gs98_aFe_p8_z2m2_x80.data
kap_data/lowT_fa05_gs98_aFe_p8_z2m2_x90.data
kap_data/lowT_fa05_gs98_aFe_p8_z2m2_x95.data
kap_data/lowT_fa05_gs98_aFe_p8_z2m2_x98.data
kap_data/lowT_fa05_gs98_aFe_p8_z2m3_x00.data
kap_data/lowT_fa05_gs98_aFe_p8_z2m3_x10.data
kap_data/lowT_fa05_gs98_aFe_p8_z2m3_x20.data
kap_data/lowT_fa05_gs98_aFe_p8_z2m3_x35.data
kap_data/lowT_fa05_gs98_aFe_p8_z2m3_x50.data
kap_data/lowT_fa05_gs98_aFe_p8_z2m3_x70.data
kap_data/lowT_fa05_gs98_aFe_p8_z2m3_x80.data
kap_data/lowT_fa05_gs98_aFe_p8_z2m3_x90.data
kap_data/lowT_fa05_gs98_aFe_p8_z2m3_x95.data
kap_data/lowT_fa05_gs98_aFe_p8_z2m3_x99.8.data
kap_data/lowT_fa05_gs98_aFe_p8_z3m2_x00.data
kap_data/lowT_fa05_gs98_aFe_p8_z3m2_x10.data
kap_data/lowT_fa05_gs98_aFe_p8_z3m2_x20.data
kap_data/lowT_fa05_gs98_aFe_p8_z3m2_x35.data
kap_data/lowT_fa05_gs98_aFe_p8_z3m2_x50.data
kap_data/lowT_fa05_gs98_aFe_p8_z3m2_x70.data
kap_data/lowT_fa05_gs98_aFe_p8_z3m2_x80.data
kap_data/lowT_fa05_gs98_aFe_p8_z3m2_x90.data
kap_data/lowT_fa05_gs98_aFe_p8_z3m2_x95.data
kap_data/lowT_fa05_gs98_aFe_p8_z3m2_x97.data
kap_data/lowT_fa05_gs98_aFe_p8_z3m4_x00.data
kap_data/lowT_fa05_gs98_aFe_p8_z3m4_x10.data
kap_data/lowT_fa05_gs98_aFe_p8_z3m4_x20.data
kap_data/lowT_fa05_gs98_aFe_p8_z3m4_x35.data
kap_data/lowT_fa05_gs98_aFe_p8_z3m4_x50.data
kap_data/lowT_fa05_gs98_aFe_p8_z3m4_x70.data
kap_data/lowT_fa05_gs98_aFe_p8_z3m4_x80.data
kap_data/lowT_fa05_gs98_aFe_p8_z3m4_x90.data
kap_data/lowT_fa05_gs98_aFe_p8_z3m4_x95.data
kap_data/lowT_fa05_gs98_aFe_p8_z3m4_x99.97.data
kap_data/lowT_fa05_gs98_aFe_p8_z4m2_x00.data
kap_data/lowT_fa05_gs98_aFe_p8_z4m2_x10.data
kap_data/lowT_fa05_gs98_aFe_p8_z4m2_x20.data
kap_data/lowT_fa05_gs98_aFe_p8_z4m2_x35.data
kap_data/lowT_fa05_gs98_aFe_p8_z4m2_x50.data
kap_data/lowT_fa05_gs98_aFe_p8_z4m2_x70.data
kap_data/lowT_fa05_gs98_aFe_p8_z4m2_x80.data
kap_data/lowT_fa05_gs98_aFe_p8_z4m2_x90.data
kap_data/lowT_fa05_gs98_aFe_p8_z4m2_x95.data
kap_data/lowT_fa05_gs98_aFe_p8_z4m2_x96.data
kap_data/lowT_fa05_gs98_aFe_p8_z4m3_x00.data
kap_data/lowT_fa05_gs98_aFe_p8_z4m3_x10.data
kap_data/lowT_fa05_gs98_aFe_p8_z4m3_x20.data
kap_data/lowT_fa05_gs98_aFe_p8_z4m3_x35.data
kap_data/lowT_fa05_gs98_aFe_p8_z4m3_x50.data
kap_data/lowT_fa05_gs98_aFe_p8_z4m3_x70.data
kap_data/lowT_fa05_gs98_aFe_p8_z4m3_x80.data
kap_data/lowT_fa05_gs98_aFe_p8_z4m3_x90.data
kap_data/lowT_fa05_gs98_aFe_p8_z4m3_x95.data
kap_data/lowT_fa05_gs98_aFe_p8_z4m3_x99.6.data
kap_data/lowT_fa05_gs98_aFe_p8_z6m2_x00.data
kap_data/lowT_fa05_gs98_aFe_p8_z6m2_x10.data
kap_data/lowT_fa05_gs98_aFe_p8_z6m2_x20.data
kap_data/lowT_fa05_gs98_aFe_p8_z6m2_x35.data
kap_data/lowT_fa05_gs98_aFe_p8_z6m2_x50.data
kap_data/lowT_fa05_gs98_aFe_p8_z6m2_x70.data
kap_data/lowT_fa05_gs98_aFe_p8_z6m2_x80.data
kap_data/lowT_fa05_gs98_aFe_p8_z6m2_x90.data
kap_data/lowT_fa05_gs98_aFe_p8_z6m2_x94.data
kap_data/lowT_fa05_gs98_aFe_p8_z8m2_x00.data
kap_data/lowT_fa05_gs98_aFe_p8_z8m2_x10.data
kap_data/lowT_fa05_gs98_aFe_p8_z8m2_x20.data
kap_data/lowT_fa05_gs98_aFe_p8_z8m2_x35.data
kap_data/lowT_fa05_gs98_aFe_p8_z8m2_x50.data
kap_data/lowT_fa05_gs98_aFe_p8_z8m2_x70.data
kap_data/lowT_fa05_gs98_aFe_p8_z8m2_x80.data
kap_data/lowT_fa05_gs98_aFe_p8_z8m2_x90.data
kap_data/lowT_fa05_gs98_aFe_p8_z8m2_x92.data
kap_data/lowT_fa05_gs98_z0m0_x00.data
kap_data/lowT_fa05_gs98_z0m0_x10.data
kap_data/lowT_fa05_gs98_z0m0_x100.data
kap_data/lowT_fa05_gs98_z0m0_x20.data
kap_data/lowT_fa05_gs98_z0m0_x35.data
kap_data/lowT_fa05_gs98_z0m0_x50.data
kap_data/lowT_fa05_gs98_z0m0_x70.data
kap_data/lowT_fa05_gs98_z0m0_x80.data
kap_data/lowT_fa05_gs98_z0m0_x90.data
kap_data/lowT_fa05_gs98_z0m0_x95.data
kap_data/lowT_fa05_gs98_z1m1_x00.data
kap_data/lowT_fa05_gs98_z1m1_x10.data
kap_data/lowT_fa05_gs98_z1m1_x20.data
kap_data/lowT_fa05_gs98_z1m1_x35.data
kap_data/lowT_fa05_gs98_z1m1_x50.data
kap_data/lowT_fa05_gs98_z1m1_x70.data
kap_data/lowT_fa05_gs98_z1m1_x80.data
kap_data/lowT_fa05_gs98_z1m1_x90.data
kap_data/lowT_fa05_gs98_z1m2_x00.data
kap_data/lowT_fa05_gs98_z1m2_x10.data
kap_data/lowT_fa05_gs98_z1m2_x20.data
kap_data/lowT_fa05_gs98_z1m2_x35.data
kap_data/lowT_fa05_gs98_z1m2_x50.data
kap_data/lowT_fa05_gs98_z1m2_x70.data
kap_data/lowT_fa05_gs98_z1m2_x80.data
kap_data/lowT_fa05_gs98_z1m2_x90.data
kap_data/lowT_fa05_gs98_z1m2_x95.data
kap_data/lowT_fa05_gs98_z1m2_x99.data
kap_data/lowT_fa05_gs98_z1m3_x00.data
kap_data/lowT_fa05_gs98_z1m3_x10.data
kap_data/lowT_fa05_gs98_z1m3_x20.data
kap_data/lowT_fa05_gs98_z1m3_x35.data
kap_data/lowT_fa05_gs98_z1m3_x50.data
kap_data/lowT_fa05_gs98_z1m3_x70.data
kap_data/lowT_fa05_gs98_z1m3_x80.data
kap_data/lowT_fa05_gs98_z1m3_x90.data
kap_data/lowT_fa05_gs98_z1m3_x95.data
kap_data/lowT_fa05_gs98_z1m3_x99.9.data
kap_data/lowT_fa05_gs98_z1m4_x00.data
kap_data/lowT_fa05_gs98_z1m4_x10.data
kap_data/lowT_fa05_gs98_z1m4_x20.data
kap_data/lowT_fa05_gs98_z1m4_x35.data
kap_data/lowT_fa05_gs98_z1m4_x50.data
kap_data/lowT_fa05_gs98_z1m4_x70.data
kap_data/lowT_fa05_gs98_z1m4_x80.data
kap_data/lowT_fa05_gs98_z1m4_x90.data
kap_data/lowT_fa05_gs98_z1m4_x95.data
kap_data/lowT_fa05_gs98_z1m4_x99.99.data
kap_data/lowT_fa05_gs98_z2m2_x00.data
kap_data/lowT_fa05_gs98_z2m2_x10.data
kap_data/lowT_fa05_gs98_z2m2_x20.data
kap_data/lowT_fa05_gs98_z2m2_x35.data
kap_data/lowT_fa05_gs98_z2m2_x50.data
kap_data/lowT_fa05_gs98_z2m2_x70.data
kap_data/lowT_fa05_gs98_z2m2_x80.data
kap_data/lowT_fa05_gs98_z2m2_x90.data
kap_data/lowT_fa05_gs98_z2m2_x95.data
kap_data/lowT_fa05_gs98_z2m2_x98.data
kap_data/lowT_fa05_gs98_z2m3_x00.data
kap_data/lowT_fa05_gs98_z2m3_x10.data
kap_data/lowT_fa05_gs98_z2m3_x20.data
kap_data/lowT_fa05_gs98_z2m3_x35.data
kap_data/lowT_fa05_gs98_z2m3_x50.data
kap_data/lowT_fa05_gs98_z2m3_x70.data
kap_data/lowT_fa05_gs98_z2m3_x80.data
kap_data/lowT_fa05_gs98_z2m3_x90.data
kap_data/lowT_fa05_gs98_z2m3_x95.data
kap_data/lowT_fa05_gs98_z2m3_x99.8.data
kap_data/lowT_fa05_gs98_z3m2_x00.data
kap_data/lowT_fa05_gs98_z3m2_x10.data
kap_data/lowT_fa05_gs98_z3m2_x20.data
kap_data/lowT_fa05_gs98_z3m2_x35.data
kap_data/lowT_fa05_gs98_z3m2_x50.data
kap_data/lowT_fa05_gs98_z3m2_x70.data
kap_data/lowT_fa05_gs98_z3m2_x80.data
kap_data/lowT_fa05_gs98_z3m2_x90.data
kap_data/lowT_fa05_gs98_z3m2_x95.data
kap_data/lowT_fa05_gs98_z3m2_x97.data
kap_data/lowT_fa05_gs98_z3m4_x00.data
kap_data/lowT_fa05_gs98_z3m4_x10.data
kap_data/lowT_fa05_gs98_z3m4_x20.data
kap_data/lowT_fa05_gs98_z3m4_x35.data
kap_data/lowT_fa05_gs98_z3m4_x50.data
kap_data/lowT_fa05_gs98_z3m4_x70.data
kap_data/lowT_fa05_gs98_z3m4_x80.data
kap_data/lowT_fa05_gs98_z3m4_x90.data
kap_data/lowT_fa05_gs98_z3m4_x95.data
kap_data/lowT_fa05_gs98_z3m4_x99.97.data
kap_data/lowT_fa05_gs98_z4m2_x00.data
kap_data/lowT_fa05_gs98_z4m2_x10.data
kap_data/lowT_fa05_gs98_z4m2_x20.data
kap_data/lowT_fa05_gs98_z4m2_x35.data
kap_data/lowT_fa05_gs98_z4m2_x50.data
kap_data/lowT_fa05_gs98_z4m2_x70.data
kap_data/lowT_fa05_gs98_z4m2_x80.data
kap_data/lowT_fa05_gs98_z4m2_x90.data
kap_data/lowT_fa05_gs98_z4m2_x95.data
kap_data/lowT_fa05_gs98_z4m2_x96.data
kap_data/lowT_fa05_gs98_z4m3_x00.data
kap_data/lowT_fa05_gs98_z4m3_x10.data
kap_data/lowT_fa05_gs98_z4m3_x20.data
kap_data/lowT_fa05_gs98_z4m3_x35.data
kap_data/lowT_fa05_gs98_z4m3_x50.data
kap_data/lowT_fa05_gs98_z4m3_x70.data
kap_data/lowT_fa05_gs98_z4m3_x80.data
kap_data/lowT_fa05_gs98_z4m3_x90.data
kap_data/lowT_fa05_gs98_z4m3_x95.data
kap_data/lowT_fa05_gs98_z4m3_x99.6.data
kap_data/lowT_fa05_gs98_z6m2_x00.data
kap_data/lowT_fa05_gs98_z6m2_x10.data
kap_data/lowT_fa05_gs98_z6m2_x20.data
kap_data/lowT_fa05_gs98_z6m2_x35.data
kap_data/lowT_fa05_gs98_z6m2_x50.data
kap_data/lowT_fa05_gs98_z6m2_x70.data
kap_data/lowT_fa05_gs98_z6m2_x80.data
kap_data/lowT_fa05_gs98_z6m2_x90.data
kap_data/lowT_fa05_gs98_z6m2_x94.data
kap_data/lowT_fa05_gs98_z8m2_x00.data
kap_data/lowT_fa05_gs98_z8m2_x10.data
kap_data/lowT_fa05_gs98_z8m2_x20.data
kap_data/lowT_fa05_gs98_z8m2_x35.data
kap_data/lowT_fa05_gs98_z8m2_x50.data
kap_data/lowT_fa05_gs98_z8m2_x70.data
kap_data/lowT_fa05_gs98_z8m2_x80.data
kap_data/lowT_fa05_gs98_z8m2_x90.data
kap_data/lowT_fa05_gs98_z8m2_x92.data
