         1   2.00000007055490613E+02   9.82280021001616888E+00
         2   2.00039611017283733E+02   9.82328625348159257E+00
         3   2.00079214979076880E+02   9.82377220330269374E+00
         4   2.00118818940870028E+02   9.82425805951315212E+00
         5   2.00158422902663176E+02   9.82474382214663322E+00
         6   2.00198026864456324E+02   9.82522949123678835E+00
         7   2.00237630826249500E+02   9.82571506681725104E+00
         8   2.00277234788042648E+02   9.82620054892163886E+00
         9   2.00316838749835796E+02   9.82668593758355158E+00
        10   2.00356442711628944E+02   9.82717123283657656E+00
        11   2.00396046673422092E+02   9.82765643471428341E+00
        12   2.00435650635215239E+02   9.82814154325022571E+00
        13   2.00475254597008387E+02   9.82862655847793931E+00
        14   2.00514858558801535E+02   9.82911148043094762E+00
        15   2.00554462520594683E+02   9.82959630914275628E+00
        16   2.00594066482387831E+02   9.83008104464685317E+00
        17   2.00633670444180979E+02   9.83056568697671374E+00
        18   2.00673274405974126E+02   9.83105023616579565E+00
        19   2.00712878367767274E+02   9.83153469224754062E+00
        20   2.00752482329560451E+02   9.83201905525537434E+00
        21   2.00792086291353570E+02   9.83250332522270654E+00
        22   2.00831690253146718E+02   9.83298750218293094E+00
        23   2.00871294214939866E+02   9.83347158616942529E+00
        24   2.00910898176733042E+02   9.83395557721555313E+00
        25   2.00950502138526161E+02   9.83443947535466201E+00
        26   2.00990106100319309E+02   9.83492328062007992E+00
        27   2.01029710062112486E+02   9.83540699304512245E+00
        28   2.01069314023905605E+02   9.83589061266308917E+00
        29   2.01108917985698781E+02   9.83637413950726369E+00
        30   2.01148521947491901E+02   9.83685757361091007E+00
        31   2.01188125909285077E+02   9.83734091500728347E+00
        32   2.01227729871078225E+02   9.83782416372961777E+00
        33   2.01267333832871373E+02   9.83830731981113260E+00
        34   2.01306937794664492E+02   9.83879038328503341E+00
        35   2.01346541756457668E+02   9.83927335418450610E+00
        36   2.01386145718250816E+02   9.83975623254272591E+00
        37   2.01425749680043964E+02   9.84023901839284676E+00
        38   2.01465353641837112E+02   9.84072171176801369E+00
        39   2.01504957603630260E+02   9.84120431270134688E+00
        40   2.01544561565423408E+02   9.84168682122595939E+00
        41   2.01584165527216555E+02   9.84216923737494476E+00
        42   2.01623769489009703E+02   9.84265156118138052E+00
        43   2.01663373450802851E+02   9.84313379267833000E+00
        44   2.01702977412595999E+02   9.84361593189883699E+00
        45   2.01742581374389147E+02   9.84409797887593818E+00
        46   2.01782185336182295E+02   9.84457993364264361E+00
        47   2.01821789297975442E+02   9.84506179623195621E+00
        48   2.01861393259768590E+02   9.84554356667685937E+00
        49   2.01900997221561738E+02   9.84602524501032228E+00
        50   2.01940601183354886E+02   9.84650683126529636E+00
        51   2.01980205145148034E+02   9.84698832547472058E+00
        52   2.02019809106941210E+02   9.84746972767151441E+00
        53   2.02059413068734329E+02   9.84795103788858661E+00
        54   2.02099017030527477E+02   9.84843225615882822E+00
        55   2.02138620992320625E+02   9.84891338251511073E+00
        56   2.02178224954113801E+02   9.84939441699029672E+00
        57   2.02217828915906921E+02   9.84987535961722749E+00
        58   2.02257432877700097E+02   9.85035621042873544E+00
        59   2.02297036839493217E+02   9.85083696945762988E+00
        60   2.02336640801286393E+02   9.85131763673670946E+00
        61   2.02376244763079512E+02   9.85179821229875508E+00
        62   2.02415848724872660E+02   9.85227869617653518E+00
        63   2.02455452686665836E+02   9.85275908840279691E+00
        64   2.02495056648458984E+02   9.85323938901028029E+00
        65   2.02534660610252104E+02   9.85371959803170228E+00
        66   2.02574264572045251E+02   9.85419971549976736E+00
        67   2.02613868533838428E+02   9.85467974144716585E+00
        68   2.02653472495631547E+02   9.85515967590656849E+00
        69   2.02693076457424695E+02   9.85563951891063716E+00
        70   2.02732680419217871E+02   9.85611927049201242E+00
        71   2.02772284381010991E+02   9.85659893068332238E+00
        72   2.02811888342804167E+02   9.85707849951717741E+00
        73   2.02851492304597315E+02   9.85755797702617720E+00
        74   2.02891096266390434E+02   9.85803736324289837E+00
        75   2.02930700228183611E+02   9.85851665819991041E+00
        76   2.02970304189976758E+02   9.85899586192976329E+00
        77   2.03009908151769906E+02   9.85947497446498922E+00
        78   2.03049512113563054E+02   9.85995399583811150E+00
        79   2.03089116075356202E+02   9.86043292608163213E+00
        80   2.03128720037149350E+02   9.86091176522804069E+00
        81   2.03168323998942498E+02   9.86139051330981253E+00
        82   2.03207927960735645E+02   9.86186917035940347E+00
        83   2.03247531922528793E+02   9.86234773640925866E+00
        84   2.03287135884321941E+02   9.86282621149180549E+00
        85   2.03326739846115089E+02   9.86330459563945539E+00
        86   2.03366343807908237E+02   9.86378288888460730E+00
        87   2.03405947769701385E+02   9.86426109125964246E+00
        88   2.03445551731494533E+02   9.86473920279692784E+00
        89   2.03485155693287680E+02   9.86521722352881625E+00
        90   2.03524759655080857E+02   9.86569515348764448E+00
        91   2.03564363616874004E+02   9.86617299270572801E+00
        92   2.03603967578667124E+02   9.86665074121538055E+00
        93   2.03643571540460272E+02   9.86712839904888739E+00
        94   2.03683175502253420E+02   9.86760596623852848E+00
        95   2.03722779464046567E+02   9.86808344281656069E+00
        96   2.03762383425839715E+02   9.86856082881523022E+00
        97   2.03801987387632863E+02   9.86903812426676907E+00
        98   2.03841591349426039E+02   9.86951532920338970E+00
        99   2.03881195311219159E+02   9.86999244365729211E+00
       100   2.03920799273012307E+02   9.87046946766066391E+00
       101   2.03960403234805455E+02   9.87094640124567135E+00
       102   2.04000007196598631E+02   9.87142324444447006E+00
       103   2.04039611158391750E+02   9.87189999728919965E+00
       104   2.04079215120184926E+02   9.87237665981198553E+00
       105   2.04118819081978074E+02   9.87285323204493537E+00
       106   2.04158423043771222E+02   9.87332971402014437E+00
       107   2.04198027005564370E+02   9.87380610576968998E+00
       108   2.04237630967357518E+02   9.87428240732563722E+00
       109   2.04277234929150666E+02   9.87475861872003691E+00
       110   2.04316838890943785E+02   9.87523473998492030E+00
       111   2.04356442852736933E+02   9.87571077115230622E+00
       112   2.04396046814530109E+02   9.87618671225420286E+00
       113   2.04435650776323257E+02   9.87666256332259351E+00
       114   2.04475254738116405E+02   9.87713832438945616E+00
       115   2.04514858699909553E+02   9.87761399548674746E+00
       116   2.04554462661702701E+02   9.87808957664641341E+00
       117   2.04594066623495848E+02   9.87856506790038225E+00
       118   2.04633670585288996E+02   9.87904046928056623E+00
       119   2.04674192104216786E+02   9.87952679192258287E+00
       120   2.04714713623144576E+02   9.88001302054566999E+00
       121   2.04755235142072365E+02   9.88049915518396560E+00
       122   2.04795756661000127E+02   9.88098519587158997E+00
       123   2.04836278179927888E+02   9.88147114264264381E+00
       124   2.04876799698855677E+02   9.88195699553121365E+00
       125   2.04917321217783467E+02   9.88244275457137356E+00
       126   2.04957842736711228E+02   9.88292841979717274E+00
       127   2.04998364255639018E+02   9.88341399124265152E+00
       128   2.05038885774566808E+02   9.88389946894183069E+00
       129   2.05079407293494597E+02   9.88438485292871327E+00
       130   2.05119928812422359E+02   9.88487014323729163E+00
       131   2.05160450331350120E+02   9.88535533990153681E+00
       132   2.05200971850277938E+02   9.88584044295540565E+00
       133   2.05241493369205699E+02   9.88632545243283545E+00
       134   2.05282014888133489E+02   9.88681036836775462E+00
       135   2.05322536407061278E+02   9.88729519079406671E+00
       136   2.05363057925989040E+02   9.88777991974566461E+00
       137   2.05403579444916829E+02   9.88826455525642523E+00
       138   2.05444100963844591E+02   9.88874909736020591E+00
       139   2.05484622482772380E+02   9.88923354609084804E+00
       140   2.05525144001700170E+02   9.88971790148218410E+00
       141   2.05565665520627959E+02   9.89020216356801818E+00
       142   2.05606187039555721E+02   9.89068633238215078E+00
       143   2.05646708558483482E+02   9.89117040795835401E+00
       144   2.05687230077411272E+02   9.89165439033039640E+00
       145   2.05727751596339061E+02   9.89213827953201985E+00
       146   2.05768273115266851E+02   9.89262207559695561E+00
       147   2.05808794634194612E+02   9.89310577855891715E+00
       148   2.05849316153122402E+02   9.89358938845160374E+00
       149   2.05889837672050191E+02   9.89407290530869687E+00
       150   2.05930359190977981E+02   9.89455632916386207E+00
       151   2.05970880709905742E+02   9.89503966005074886E+00
       152   2.06011402228833504E+02   9.89552289800299079E+00
       153   2.06051923747761322E+02   9.89600604305420717E+00
       154   2.06092445266689083E+02   9.89648909523799958E+00
       155   2.06132966785616873E+02   9.89697205458795004E+00
       156   2.06173488304544634E+02   9.89745492113763348E+00
       157   2.06214009823472423E+02   9.89793769492059994E+00
       158   2.06254531342400185E+02   9.89842037597038882E+00
       159   2.06295052861327974E+02   9.89890296432052175E+00
       160   2.06335574380255764E+02   9.89938546000450614E+00
       161   2.06376095899183554E+02   9.89986786305582811E+00
       162   2.06416617418111315E+02   9.90035017350796487E+00
       163   2.06457138937039105E+02   9.90083239139437410E+00
       164   2.06497660455966894E+02   9.90131451674849750E+00
       165   2.06538181974894684E+02   9.90179654960376077E+00
       166   2.06578703493822445E+02   9.90227848999357541E+00
       167   2.06619225012750206E+02   9.90276033795133515E+00
       168   2.06659746531677996E+02   9.90324209351041951E+00
       169   2.06700268050605786E+02   9.90372375670419203E+00
       170   2.06740789569533575E+02   9.90420532756599670E+00
       171   2.06781311088461337E+02   9.90468680612916685E+00
       172   2.06821832607389126E+02   9.90516819242701807E+00
       173   2.06862354126316916E+02   9.90564948649284993E+00
       174   2.06902875645244677E+02   9.90613068835994603E+00
       175   2.06943397164172495E+02   9.90661179806157222E+00
       176   2.06983918683100256E+02   9.90709281563098365E+00
       177   2.07024440202028046E+02   9.90757374110141420E+00
       178   2.07064961720955807E+02   9.90805457450608706E+00
       179   2.07105483239883597E+02   9.90853531587820413E+00
       180   2.07146004758811358E+02   9.90901596525095663E+00
       181   2.07186526277739148E+02   9.90949652265751801E+00
       182   2.07227047796666938E+02   9.90997698813104577E+00
       183   2.07267569315594727E+02   9.91045736170467961E+00
       184   2.07308090834522488E+02   9.91093764341154859E+00
       185   2.07348612353450250E+02   9.91141783328476222E+00
       186   2.07389133872378068E+02   9.91189793135741581E+00
       187   2.07429655391305829E+02   9.91237793766258690E+00
       188   2.07470176910233619E+02   9.91285785223334237E+00
       189   2.07510698429161380E+02   9.91333767510272601E+00
       190   2.07551219948089170E+02   9.91381740630377273E+00
       191   2.07591741467016959E+02   9.91429704586949967E+00
       192   2.07632262985944749E+02   9.91477659383290622E+00
       193   2.07672784504872538E+02   9.91525605022697754E+00
       194   2.07713306023800271E+02   9.91573541508468459E+00
       195   2.07753827542728061E+02   9.91621468843898057E+00
       196   2.07794349061655879E+02   9.91669387032280625E+00
       197   2.07834870580583640E+02   9.91717296076908283E+00
       198   2.07875392099511430E+02   9.91765195981071734E+00
       199   2.07915913618439191E+02   9.91813086748060257E+00
       200   2.07956435137366981E+02   9.91860968381161534E+00
       201   2.07996956656294742E+02   9.91908840883661469E+00
       202   2.08037478175222560E+02   9.91956704258844901E+00
       203   2.08077999694150321E+02   9.92004558509994538E+00
       204   2.08118521213078083E+02   9.92052403640392022E+00
       205   2.08159042732005872E+02   9.92100239653317040E+00
       206   2.08199564250933662E+02   9.92148066552048213E+00
       207   2.08240085769861423E+02   9.92195884339861855E+00
       208   2.08280607288789213E+02   9.92243693020033746E+00
       209   2.08321128807717002E+02   9.92291492595837354E+00
       210   2.08361650326644792E+02   9.92339283070544731E+00
       211   2.08402171845572553E+02   9.92387064447426503E+00
       212   2.08442693364500315E+02   9.92434836729751879E+00
       213   2.08483214883428133E+02   9.92482599920788289E+00
       214   2.08523736402355894E+02   9.92530354023801920E+00
       215   2.08564257921283684E+02   9.92578099042056827E+00
       216   2.08604779440211445E+02   9.92625834978816357E+00
       217   2.08645300959139234E+02   9.92673561837341545E+00
       218   2.08685822478067024E+02   9.92721279620892538E+00
       219   2.08726343996994785E+02   9.92768988332727353E+00
       220   2.08766865515922575E+02   9.92816687976102941E+00
       221   2.08807387034850365E+02   9.92864378554274474E+00
       222   2.08847908553778154E+02   9.92912060070495528E+00
       223   2.08888430072705916E+02   9.92959732528018435E+00
       224   2.08928951591633705E+02   9.93007395930093928E+00
       225   2.08969473110561495E+02   9.93055050279970963E+00
       226   2.09009994629489285E+02   9.93102695580897077E+00
       227   2.09050516148417046E+02   9.93150331836118383E+00
       228   2.09091037667344835E+02   9.93197959048879575E+00
       229   2.09131559186272597E+02   9.93245577222423393E+00
       230   2.09172080705200386E+02   9.93293186359991509E+00
       231   2.09212602224128176E+02   9.93340786464823644E+00
       232   2.09253123743055937E+02   9.93388377540158629E+00
       233   2.09293645261983727E+02   9.93435959589233164E+00
       234   2.09334166780911517E+02   9.93483532615282527E+00
       235   2.09374688299839278E+02   9.93531096621540755E+00
       236   2.09416148634156087E+02   9.93579753273465016E+00
       237   2.09457608968472897E+02   9.93628400489654418E+00
       238   2.09499069302789707E+02   9.93677038273567703E+00
       239   2.09540529637106516E+02   9.93725666628662019E+00
       240   2.09581989971423326E+02   9.93774285558393444E+00
       241   2.09623450305740135E+02   9.93822895066215573E+00
       242   2.09664910640056945E+02   9.93871495155580931E+00
       243   2.09706370974373755E+02   9.93920085829940092E+00
       244   2.09747831308690564E+02   9.93968667092742209E+00
       245   2.09789291643007346E+02   9.94017238947434301E+00
       246   2.09830751977324184E+02   9.94065801397462501E+00
       247   2.09872212311640965E+02   9.94114354446270454E+00
       248   2.09913672645957774E+02   9.94162898097300918E+00
       249   2.09955132980274584E+02   9.94211432353994340E+00
       250   2.09996593314591422E+02   9.94259957219790103E+00
       251   2.10038053648908203E+02   9.94308472698125456E+00
       252   2.10079513983225041E+02   9.94356978792436230E+00
       253   2.10120974317541823E+02   9.94405475506156655E+00
       254   2.10162434651858632E+02   9.94453962842719186E+00
       255   2.10203894986175442E+02   9.94502440805554677E+00
       256   2.10245355320492251E+02   9.94550909398092386E+00
       257   2.10286815654809033E+02   9.94599368623759794E+00
       258   2.10328275989125871E+02   9.94647818485983137E+00
       259   2.10369736323442680E+02   9.94696258988186521E+00
       260   2.10411196657759461E+02   9.94744690133792453E+00
       261   2.10452656992076300E+02   9.94793111926222373E+00
       262   2.10494117326393109E+02   9.94841524368895236E+00
       263   2.10535577660709919E+02   9.94889927465229107E+00
       264   2.10577037995026728E+02   9.94938321218639921E+00
       265   2.10618498329343538E+02   9.94986705632542368E+00
       266   2.10659958663660319E+02   9.95035080710349185E+00
       267   2.10701418997977129E+02   9.95083446455471510E+00
       268   2.10742879332293938E+02   9.95131802871319060E+00
       269   2.10784339666610748E+02   9.95180149961299776E+00
       270   2.10825800000927529E+02   9.95228487728819999E+00
       271   2.10867260335244367E+02   9.95276816177284651E+00
       272   2.10908720669561177E+02   9.95325135310096520E+00
       273   2.10950181003877958E+02   9.95373445130656975E+00
       274   2.10991641338194796E+02   9.95421745642366318E+00
       275   2.11033101672511606E+02   9.95470036848622364E+00
       276   2.11074562006828415E+02   9.95518318752822040E+00
       277   2.11116022341145197E+02   9.95566591358359965E+00
       278   2.11157482675462035E+02   9.95614854668629867E+00
       279   2.11198943009778816E+02   9.95663108687022991E+00
       280   2.11240403344095625E+02   9.95711353416930045E+00
       281   2.11281863678412435E+02   9.95759588861739253E+00
       282   2.11323324012729273E+02   9.95807815024837417E+00
       283   2.11364784347046083E+02   9.95856031909609918E+00
       284   2.11406244681362892E+02   9.95904239519440360E+00
       285   2.11447705015679674E+02   9.95952437857710926E+00
       286   2.11489165349996483E+02   9.96000626927802024E+00
       287   2.11530625684313293E+02   9.96048806733092462E+00
       288   2.11572086018630102E+02   9.96096977276959450E+00
       289   2.11613546352946912E+02   9.96145138562778598E+00
       290   2.11655006687263693E+02   9.96193290593923741E+00
       291   2.11696467021580503E+02   9.96241433373767649E+00
       292   2.11737927355897341E+02   9.96289566905680957E+00
       293   2.11779387690214122E+02   9.96337691193032704E+00
       294   2.11820848024530932E+02   9.96385806239190863E+00
       295   2.11862308358847741E+02   9.96433912047520920E+00
       296   2.11903768693164551E+02   9.96482008621387649E+00
       297   2.11945229027481361E+02   9.96530095964153873E+00
       298   2.11986689361798199E+02   9.96578174079180457E+00
       299   2.12028149696114980E+02   9.96626242969827381E+00
       300   2.12069610030431789E+02   9.96674302639452314E+00
       301   2.12111070364748599E+02   9.96722353091411684E+00
       302   2.12152530699065409E+02   9.96770394329060672E+00
       303   2.12193991033382218E+02   9.96818426355751974E+00
       304   2.12235451367699028E+02   9.96866449174837577E+00
       305   2.12276911702015838E+02   9.96914462789667510E+00
       306   2.12318372036332647E+02   9.96962467203590208E+00
       307   2.12359832370649457E+02   9.97010462419952326E+00
       308   2.12401292704966266E+02   9.97058448442099099E+00
       309   2.12442753039283048E+02   9.97106425273374519E+00
       310   2.12484213373599886E+02   9.97154392917120624E+00
       311   2.12525673707916695E+02   9.97202351376677676E+00
       312   2.12567134042233477E+02   9.97250300655384692E+00
       313   2.12608594376550315E+02   9.97298240756579268E+00
       314   2.12650054710867096E+02   9.97346171683596872E+00
       315   2.12691515045183934E+02   9.97394093439771723E+00
       316   2.12732975379500715E+02   9.97442006028436623E+00
       317   2.12774435713817525E+02   9.97489909452922419E+00
       318   2.12815896048134334E+02   9.97537803716558535E+00
       319   2.12857356382451144E+02   9.97585688822672978E+00
       320   2.12898816716767953E+02   9.97633564774591797E+00
       321   2.12940277051084763E+02   9.97681431575639976E+00
       322   2.12981737385401544E+02   9.97729289229140548E+00
       323   2.13023197719718354E+02   9.97777137738415121E+00
       324   2.13064658054035192E+02   9.97824977106783528E+00
       325   2.13106118388352002E+02   9.97872807337564538E+00
       326   2.13147578722668783E+02   9.97920628434074608E+00
       327   2.13189039056985592E+02   9.97968440399629309E+00
       328   2.13230499391302402E+02   9.98016243237542255E+00
       329   2.13271959725619212E+02   9.98064036951125466E+00
       330   2.13313420059936021E+02   9.98111821543689892E+00
       331   2.13354880394252831E+02   9.98159597018544353E+00
       332   2.13396340728569641E+02   9.98207363378996249E+00
       333   2.13437801062886450E+02   9.98255120628351733E+00
       334   2.13479261397203260E+02   9.98302868769914653E+00
       335   2.13520721731520069E+02   9.98350607806988322E+00
       336   2.13562182065836879E+02   9.98398337742873565E+00
       337   2.13603642400153689E+02   9.98446058580870321E+00
       338   2.13645102734470470E+02   9.98493770324276575E+00
       339   2.13686563068787308E+02   9.98541472976388711E+00
       340   2.13728023403104118E+02   9.98589166540502049E+00
       341   2.13769483737420927E+02   9.98636851019909777E+00
       342   2.13810944071737737E+02   9.98684526417903840E+00
       343   2.13852404406054518E+02   9.98732192737774582E+00
       344   2.13893864740371328E+02   9.98779849982810930E+00
       345   2.13935325074688166E+02   9.98827498156299853E+00
       346   2.13976785409004947E+02   9.98875137261527080E+00
       347   2.14018245743321756E+02   9.98922767301777093E+00
       348   2.14059706077638566E+02   9.98970388280332600E+00
       349   2.14101166411955376E+02   9.99018000200474177E+00
       350   2.14142626746272185E+02   9.99065603065481334E+00
       351   2.14184087080588995E+02   9.99113196878631982E+00
       352   2.14225547414905805E+02   9.99160781643202611E+00
       353   2.14267968315384024E+02   9.99209459504621833E+00
       354   2.14310389215862216E+02   9.99258127900257698E+00
       355   2.14352810116340436E+02   9.99306786833614780E+00
       356   2.14395231016818627E+02   9.99355436308195522E+00
       357   2.14437651917296819E+02   9.99404076327501301E+00
       358   2.14480072817775010E+02   9.99452706895031362E+00
       359   2.14522493718253259E+02   9.99501328014283352E+00
       360   2.14564914618731450E+02   9.99549939688753497E+00
       361   2.14607335519209641E+02   9.99598541921935713E+00
       362   2.14649756419687861E+02   9.99647134717323027E+00
       363   2.14692177320166053E+02   9.99695718078406337E+00
       364   2.14734598220644273E+02   9.99744292008674762E+00
       365   2.14777019121122464E+02   9.99792856511616179E+00
       366   2.14819440021600656E+02   9.99841411590716334E+00
       367   2.14861860922078876E+02   9.99889957249459371E+00
       368   2.14904281822557095E+02   9.99938493491328195E+00
       369   2.14946702723035287E+02   9.99987020319803399E+00
       370   2.14989123623513478E+02   1.00003553773836451E+01
       371   2.15031544523991698E+02   1.00008404575048893E+01
       372   2.15073965424469890E+02   1.00013254435965262E+01
       373   2.15116386324948081E+02   1.00018103356932979E+01
       374   2.15158807225426301E+02   1.00022951338299304E+01
       375   2.15201228125904493E+02   1.00027798380411319E+01
       376   2.15243649026382712E+02   1.00032644483615965E+01
       377   2.15286069926860904E+02   1.00037489648259967E+01
       378   2.15328490827339124E+02   1.00042333874689948E+01
       379   2.15370911727817344E+02   1.00047177163252314E+01
       380   2.15413332628295535E+02   1.00052019514293331E+01
       381   2.15455753528773727E+02   1.00056860928159086E+01
       382   2.15498174429251947E+02   1.00061701405195507E+01
       383   2.15540595329730138E+02   1.00066540945748361E+01
       384   2.15583016230208329E+02   1.00071379550163240E+01
       385   2.15625437130686549E+02   1.00076217218785573E+01
       386   2.15667858031164741E+02   1.00081053951960630E+01
       387   2.15710278931642932E+02   1.00085889750033488E+01
       388   2.15752699832121152E+02   1.00090724613349114E+01
       389   2.15795120732599344E+02   1.00095558542252263E+01
       390   2.15837541633077592E+02   1.00100391537087514E+01
       391   2.15879962533555755E+02   1.00105223598199338E+01
       392   2.15922383434033975E+02   1.00110054725932009E+01
       393   2.15964804334512195E+02   1.00114884920629610E+01
       394   2.16007225234990386E+02   1.00119714182636095E+01
       395   2.16049646135468606E+02   1.00124542512295260E+01
       396   2.16092067035946798E+02   1.00129369909950707E+01
       397   2.16134487936424989E+02   1.00134196375945894E+01
       398   2.16176908836903209E+02   1.00139021910624102E+01
       399   2.16219329737381400E+02   1.00143846514328470E+01
       400   2.16261750637859620E+02   1.00148670187401940E+01
       401   2.16304171538337812E+02   1.00153492930187316E+01
       402   2.16346592438816032E+02   1.00158314743027201E+01
       403   2.16389013339294223E+02   1.00163135626264115E+01
       404   2.16431434239772443E+02   1.00167955580240342E+01
       405   2.16473855140250635E+02   1.00172774605298009E+01
       406   2.16516276040728854E+02   1.00177592701779101E+01
       407   2.16558696941207046E+02   1.00182409870025442E+01
       408   2.16601117841685237E+02   1.00187226110378678E+01
       409   2.16643538742163457E+02   1.00192041423180296E+01
       410   2.16685959642641649E+02   1.00196855808771623E+01
       411   2.16728380543119869E+02   1.00201669267493827E+01
       412   2.16770801443598060E+02   1.00206481799687914E+01
       413   2.16813222344076280E+02   1.00211293405694697E+01
       414   2.16855643244554500E+02   1.00216104085854880E+01
       415   2.16898064145032691E+02   1.00220913840508956E+01
       416   2.16940485045510883E+02   1.00225722669997293E+01
       417   2.16982905945989103E+02   1.00230530574660079E+01
       418   2.17025326846467294E+02   1.00235337554837329E+01
       419   2.17067747746945486E+02   1.00240143610868913E+01
       420   2.17110168647423706E+02   1.00244948743094540E+01
       421   2.17152589547901925E+02   1.00249752951853743E+01
       422   2.17195010448380117E+02   1.00254556237485897E+01
       423   2.17237431348858337E+02   1.00259358600330248E+01
       424   2.17279852249336500E+02   1.00264160040725816E+01
       425   2.17322273149814748E+02   1.00268960559011528E+01
       426   2.17364694050292940E+02   1.00273760155526119E+01
       427   2.17407114950771131E+02   1.00278558830608127E+01
       428   2.17449535851249351E+02   1.00283356584596017E+01
       429   2.17491956751727542E+02   1.00288153417827974E+01
       430   2.17534377652205762E+02   1.00292949330642163E+01
       431   2.17576798552683954E+02   1.00297744323376463E+01
       432   2.17619219453162145E+02   1.00302538396368668E+01
       433   2.17661640353640337E+02   1.00307331549956373E+01
       434   2.17704061254118557E+02   1.00312123784477034E+01
       435   2.17746482154596777E+02   1.00316915100267945E+01
       436   2.17788903055074996E+02   1.00321705497666240E+01
       437   2.17831323955553188E+02   1.00326494977008860E+01
       438   2.17873744856031379E+02   1.00331283538632654E+01
       439   2.17916165756509599E+02   1.00336071182874225E+01
       440   2.17958586656987791E+02   1.00340857910070103E+01
       441   2.18001007557465982E+02   1.00345643720556605E+01
       442   2.18043428457944202E+02   1.00350428614669891E+01
       443   2.18085849358422394E+02   1.00355212592745975E+01
       444   2.18128270258900613E+02   1.00359995655120731E+01
       445   2.18170691159378833E+02   1.00364777802129819E+01
       446   2.18213112059857025E+02   1.00369559034108793E+01
       447   2.18255532960335245E+02   1.00374339351393012E+01
       448   2.18297953860813408E+02   1.00379118754317709E+01
       449   2.18340374761291628E+02   1.00383897243217941E+01
       450   2.18382795661769819E+02   1.00388674818428587E+01
       451   2.18425216562248039E+02   1.00393451480284401E+01
       452   2.18467637462726231E+02   1.00398227229119961E+01
       453   2.18510058363204479E+02   1.00403002065269682E+01
       454   2.18552479263682670E+02   1.00407775989067840E+01
       455   2.18594900164160862E+02   1.00412549000848550E+01
       456   2.18637321064639082E+02   1.00417321100945731E+01
       457   2.18679741965117273E+02   1.00422092289693197E+01
       458   2.18722162865595493E+02   1.00426862567424582E+01
       459   2.18764583766073685E+02   1.00431631934473344E+01
       460   2.18807004666551876E+02   1.00436400391172800E+01
       461   2.18849425567030096E+02   1.00441167937856122E+01
       462   2.18891846467508287E+02   1.00445934574856306E+01
       463   2.18934267367986479E+02   1.00450700302506206E+01
       464   2.18976688268464699E+02   1.00455465121138499E+01
       465   2.19019109168942890E+02   1.00460229031085717E+01
       466   2.19061530069421110E+02   1.00464992032680236E+01
       467   2.19103950969899330E+02   1.00469754126254269E+01
       468   2.19146371870377521E+02   1.00474515312139889E+01
       469   2.19188792770855713E+02   1.00479275590668973E+01
       470   2.19232196492196493E+02   1.00484145218052312E+01
       471   2.19275600213537246E+02   1.00489013896250725E+01
       472   2.19319003934878026E+02   1.00493881625619181E+01
       473   2.19362407656218778E+02   1.00498748406512526E+01
       474   2.19405811377559530E+02   1.00503614239285426E+01
       475   2.19449215098900282E+02   1.00508479124292354E+01
       476   2.19492618820241034E+02   1.00513343061887639E+01
       477   2.19536022541581843E+02   1.00518206052425434E+01
       478   2.19579426262922595E+02   1.00523068096259678E+01
       479   2.19622829984263348E+02   1.00527929193744221E+01
       480   2.19666233705604100E+02   1.00532789345232665E+01
       481   2.19709637426944880E+02   1.00537648551078505E+01
       482   2.19753041148285632E+02   1.00542506811634986E+01
       483   2.19796444869626413E+02   1.00547364127255285E+01
       484   2.19839848590967165E+02   1.00552220498292311E+01
       485   2.19883252312307917E+02   1.00557075925098882E+01
       486   2.19926656033648669E+02   1.00561930408027589E+01
       487   2.19970059754989450E+02   1.00566783947430878E+01
       488   2.20013463476330202E+02   1.00571636543661036E+01
       489   2.20056867197670982E+02   1.00576488197070155E+01
       490   2.20100270919011734E+02   1.00581338908010167E+01
       491   2.20143674640352515E+02   1.00586188676832844E+01
       492   2.20187078361693267E+02   1.00591037503889780E+01
       493   2.20230482083033991E+02   1.00595885389532409E+01
       494   2.20273885804374771E+02   1.00600732334111989E+01
       495   2.20317289525715523E+02   1.00605578337979598E+01
       496   2.20360693247056304E+02   1.00610423401486173E+01
       497   2.20404096968397056E+02   1.00615267524982457E+01
       498   2.20447500689737836E+02   1.00620110708819031E+01
       499   2.20490904411078589E+02   1.00624952953346334E+01
       500   2.20534308132419341E+02   1.00629794258914558E+01
       501   2.20577711853760121E+02   1.00634634625873840E+01
       502   2.20621115575100873E+02   1.00639474054574070E+01
       503   2.20664519296441625E+02   1.00644312545364976E+01
       504   2.20707923017782406E+02   1.00649150098596145E+01
       505   2.20751326739123158E+02   1.00653986714616988E+01
       506   2.20794730460463938E+02   1.00658822393776752E+01
       507   2.20838134181804691E+02   1.00663657136424494E+01
       508   2.20881537903145443E+02   1.00668490942909106E+01
       509   2.20924941624486195E+02   1.00673323813579358E+01
       510   2.20968345345826975E+02   1.00678155748783809E+01
       511   2.21011749067167756E+02   1.00682986748870853E+01
       512   2.21055152788508479E+02   1.00687816814188729E+01
       513   2.21098556509849260E+02   1.00692645945085495E+01
       514   2.21141960231190012E+02   1.00697474141909087E+01
       515   2.21185363952530793E+02   1.00702301405007209E+01
       516   2.21228767673871516E+02   1.00707127734727440E+01
       517   2.21272171395212325E+02   1.00711953131417200E+01
       518   2.21315575116553049E+02   1.00716777595423697E+01
       519   2.21358978837893801E+02   1.00721601127094011E+01
       520   2.21402382559234582E+02   1.00726423726775067E+01
       521   2.21445786280575362E+02   1.00731245394813573E+01
       522   2.21489190001916114E+02   1.00736066131556115E+01
       523   2.21532593723256895E+02   1.00740885937349098E+01
       524   2.21575997444597618E+02   1.00745704812538772E+01
       525   2.21619401165938399E+02   1.00750522757471188E+01
       526   2.21662804887279151E+02   1.00755339772492292E+01
       527   2.21706208608619932E+02   1.00760155857947797E+01
       528   2.21749612329960684E+02   1.00764971014183295E+01
       529   2.21793016051301464E+02   1.00769785241544216E+01
       530   2.21836419772642188E+02   1.00774598540375777E+01
       531   2.21879823493982968E+02   1.00779410911023088E+01
       532   2.21923227215323720E+02   1.00784222353831048E+01
       533   2.21966630936664473E+02   1.00789032869144446E+01
       534   2.22010034658005281E+02   1.00793842457307843E+01
       535   2.22053438379346005E+02   1.00798651118665656E+01
       536   2.22096842100686786E+02   1.00803458853562180E+01
       537   2.22140245822027538E+02   1.00808265662341476E+01
       538   2.22183649543368318E+02   1.00813071545347519E+01
       539   2.22227053264709070E+02   1.00817876502924033E+01
       540   2.22270456986049822E+02   1.00822680535414655E+01
       541   2.22313860707390603E+02   1.00827483643162825E+01
       542   2.22357264428731355E+02   1.00832285826511789E+01
       543   2.22400668150072136E+02   1.00837087085804704E+01
       544   2.22444071871412859E+02   1.00841887421384495E+01
       545   2.22487475592753611E+02   1.00846686833593964E+01
       546   2.22530879314094420E+02   1.00851485322775716E+01
       547   2.22574283035435172E+02   1.00856282889272215E+01
       548   2.22617686756775953E+02   1.00861079533425766E+01
       549   2.22661090478116677E+02   1.00865875255578512E+01
       550   2.22704494199457457E+02   1.00870670056072420E+01
       551   2.22747897920798209E+02   1.00875463935249279E+01
       552   2.22791301642138990E+02   1.00880256893450770E+01
       553   2.22834705363479742E+02   1.00885048931018346E+01
       554   2.22878109084820494E+02   1.00889840048293333E+01
       555   2.22921512806161246E+02   1.00894630245616899E+01
       556   2.22964916527501998E+02   1.00899419523330049E+01
       557   2.23008320248842779E+02   1.00904207881773598E+01
       558   2.23051723970183531E+02   1.00908995321288231E+01
       559   2.23095127691524311E+02   1.00913781842214458E+01
       560   2.23138531412865092E+02   1.00918567444892631E+01
       561   2.23181935134205844E+02   1.00923352129662920E+01
       562   2.23225338855546568E+02   1.00928135896865374E+01
       563   2.23268742576887348E+02   1.00932918746839828E+01
       564   2.23312146298228100E+02   1.00937700679926010E+01
       565   2.23355550019568881E+02   1.00942481696463471E+01
       566   2.23398953740909633E+02   1.00947261796791565E+01
       567   2.23442357462250413E+02   1.00952040981249507E+01
       568   2.23485761183591165E+02   1.00956819250176384E+01
       569   2.23529164904931918E+02   1.00961596603911072E+01
       570   2.23572568626272698E+02   1.00966373042792323E+01
       571   2.23615972347613479E+02   1.00971148567158693E+01
       572   2.23659376068954231E+02   1.00975923177348630E+01
       573   2.23702779790294983E+02   1.00980696873700335E+01
       574   2.23746183511635735E+02   1.00985469656551956E+01
       575   2.23789587232976515E+02   1.00990241526241409E+01
       576   2.23832990954317268E+02   1.00995012483106468E+01
       577   2.23876394675658020E+02   1.00999782527484747E+01
       578   2.23919798396998800E+02   1.01004551659713702E+01
       579   2.23963202118339552E+02   1.01009319880130608E+01
       580   2.24006605839680304E+02   1.01014087189072637E+01
       581   2.24050009561021085E+02   1.01018853586876727E+01
       582   2.24093413282361837E+02   1.01023619073879729E+01
       583   2.24136817003702589E+02   1.01028383650418281E+01
       584   2.24180220725043341E+02   1.01033147316828860E+01
       585   2.24223624446384122E+02   1.01037910073447854E+01
       586   2.24267028167724874E+02   1.01042671920611404E+01
       587   2.24311437480233309E+02   1.01047543150803865E+01
       588   2.24355846792741772E+02   1.01052413429623140E+01
       589   2.24400256105250236E+02   1.01057282757428784E+01
       590   2.24444665417758671E+02   1.01062151134580223E+01
       591   2.24489074730267134E+02   1.01067018561436690E+01
       592   2.24533484042775569E+02   1.01071885038357205E+01
       593   2.24577893355284033E+02   1.01076750565700664E+01
       594   2.24622302667792496E+02   1.01081615143825783E+01
       595   2.24666711980300903E+02   1.01086478773091066E+01
       596   2.24711121292809366E+02   1.01091341453854913E+01
       597   2.24755530605317830E+02   1.01096203186475471E+01
       598   2.24799939917826265E+02   1.01101063971310765E+01
       599   2.24844349230334700E+02   1.01105923808718661E+01
       600   2.24888758542843163E+02   1.01110782699056792E+01
       601   2.24933167855351627E+02   1.01115640642682667E+01
       602   2.24977577167860062E+02   1.01120497639953602E+01
       603   2.25021986480368497E+02   1.01125353691226767E+01
       604   2.25066395792876961E+02   1.01130208796859122E+01
       605   2.25110805105385424E+02   1.01135062957207467E+01
       606   2.25155214417893887E+02   1.01139916172628457E+01
       607   2.25199623730402323E+02   1.01144768443478537E+01
       608   2.25244033042910758E+02   1.01149619770114008E+01
       609   2.25288442355419221E+02   1.01154470152890994E+01
       610   2.25332851667927685E+02   1.01159319592165406E+01
       611   2.25377260980436120E+02   1.01164168088293049E+01
       612   2.25421670292944555E+02   1.01169015641629532E+01
       613   2.25466079605453018E+02   1.01173862252530267E+01
       614   2.25510488917961453E+02   1.01178707921350526E+01
       615   2.25554898230469917E+02   1.01183552648445403E+01
       616   2.25599307542978352E+02   1.01188396434169796E+01
       617   2.25643716855486815E+02   1.01193239278878497E+01
       618   2.25688126167995279E+02   1.01198081182926032E+01
       619   2.25732535480503714E+02   1.01202922146666854E+01
       620   2.25776944793012177E+02   1.01207762170455151E+01
       621   2.25821354105520612E+02   1.01212601254645040E+01
       622   2.25865763418029076E+02   1.01217439399590390E+01
       623   2.25910172730537511E+02   1.01222276605644925E+01
       624   2.25954582043045974E+02   1.01227112873162213E+01
       625   2.25998991355554409E+02   1.01231948202495623E+01
       626   2.26043400668062873E+02   1.01236782593998402E+01
       627   2.26087809980571308E+02   1.01241616048023566E+01
       628   2.26132219293079771E+02   1.01246448564924023E+01
       629   2.26176628605588206E+02   1.01251280145052434E+01
       630   2.26221037918096641E+02   1.01256110788761386E+01
       631   2.26265447230605105E+02   1.01260940496403222E+01
       632   2.26309856543113540E+02   1.01265769268330139E+01
       633   2.26354265855622003E+02   1.01270597104894176E+01
       634   2.26398675168130438E+02   1.01275424006447210E+01
       635   2.26443084480638902E+02   1.01280249973340908E+01
       636   2.26487493793147337E+02   1.01285075005926810E+01
       637   2.26531903105655800E+02   1.01289899104556262E+01
       638   2.26576312418164264E+02   1.01294722269580486E+01
       639   2.26620721730672699E+02   1.01299544501350436E+01
       640   2.26665131043181162E+02   1.01304365800217031E+01
       641   2.26709540355689597E+02   1.01309186166530907E+01
       642   2.26753949668198032E+02   1.01314005600642609E+01
       643   2.26798358980706496E+02   1.01318824102902454E+01
       644   2.26842768293214959E+02   1.01323641673660649E+01
       645   2.26887177605723423E+02   1.01328458313267191E+01
       646   2.26931586918231858E+02   1.01333274022071933E+01
       647   2.26975996230740293E+02   1.01338088800424551E+01
       648   2.27020405543248728E+02   1.01342902648674524E+01
       649   2.27064814855757191E+02   1.01347715567171246E+01
       650   2.27109224168265627E+02   1.01352527556263858E+01
       651   2.27153633480774118E+02   1.01357338616301380E+01
       652   2.27198042793282553E+02   1.01362148747632634E+01
       653   2.27242452105790989E+02   1.01366957950606320E+01
       654   2.27286861418299452E+02   1.01371766225570941E+01
       655   2.27331270730807887E+02   1.01376573572874822E+01
       656   2.27375680043316351E+02   1.01381379992866147E+01
       657   2.27420089355824786E+02   1.01386185485892923E+01
       658   2.27464498668333221E+02   1.01390990052302996E+01
       659   2.27508907980841684E+02   1.01395793692444052E+01
       660   2.27553317293350119E+02   1.01400596406663563E+01
       661   2.27597726605858583E+02   1.01405398195308916E+01
       662   2.27642135918367018E+02   1.01410199058727262E+01
       663   2.27686545230875481E+02   1.01414998997265613E+01
       664   2.27730954543383945E+02   1.01419798011270839E+01
       665   2.27775363855892380E+02   1.01424596101089612E+01
       666   2.27819773168400815E+02   1.01429393267068413E+01
       667   2.27864182480909307E+02   1.01437557039362147E+01
       668   2.27908591793417713E+02   1.01451291124493590E+01
       669   2.27953001105926205E+02   1.01465006535951776E+01
       670   2.27997410418434640E+02   1.01478611865029524E+01
       671   2.28041819730943104E+02   1.01491634417418233E+01
       672   2.28086229043451510E+02   1.01502483913274748E+01
       673   2.28130638355959974E+02   1.01507067291289452E+01
       674   2.28175047668468437E+02   1.01496638542392095E+01
       675   2.28219456980976872E+02   1.01455020895901331E+01
       676   2.28263866293485307E+02   1.01355852717745041E+01
       677   2.28308275605993771E+02   1.01161331051645114E+01
       678   2.28352684918502206E+02   1.00824782380381528E+01
       679   2.28397094231010669E+02   1.00299290085892547E+01
       680   2.28441503543519133E+02   9.95520737425412428E+00
       681   2.28485912856027568E+02   9.85793846167340426E+00
       682   2.28530322168536031E+02   9.74133285101771840E+00
       683   2.28574731481044466E+02   9.61154015679905172E+00
       684   2.28619140793552930E+02   9.47601198519859977E+00
       685   2.28663550106061365E+02   9.34176639929210495E+00
       686   2.28707959418569828E+02   9.21425588147907781E+00
       687   2.28752368731078263E+02   9.09699694551570914E+00
       688   2.28796778043586727E+02   8.99174441598271024E+00
       689   2.28841187356095190E+02   8.89891384011428066E+00
       690   2.28885596668603625E+02   8.81803722817517688E+00
       691   2.28930005981112089E+02   8.74814471595170318E+00
       692   2.28974415293620524E+02   8.68804084681775990E+00
       693   2.29018824606128959E+02   8.63648357091330254E+00
       694   2.29063233918637394E+02   8.59228828571989922E+00
       695   2.29107643231145857E+02   8.55438023789514368E+00
       696   2.29152052543654321E+02   8.52181431972423375E+00
       697   2.29196461856162784E+02   8.49377593460158664E+00
       698   2.29240871168671219E+02   8.46957195162222476E+00
       699   2.29285280481179655E+02   8.44861730452974591E+00
       700   2.29329689793688090E+02   8.43042043640595828E+00
       701   2.29374099106196581E+02   8.41456929320406921E+00
       702   2.29418508418705017E+02   8.40071866579318005E+00
       703   2.29462917731213480E+02   8.38857916373507173E+00
       704   2.29508355932744365E+02   8.37767629077133336E+00
       705   2.29553794134275279E+02   8.36809200494111494E+00
       706   2.29599232335806221E+02   8.35964268200508798E+00
       707   2.29644670537337106E+02   8.35217358931094012E+00
       708   2.29690108738868048E+02   8.34555393038999327E+00
       709   2.29735546940398962E+02   8.33967278281826729E+00
       710   2.29780985141929875E+02   8.33443576809034070E+00
       711   2.29826423343460789E+02   8.32976231880698847E+00
       712   2.29871861544991702E+02   8.32558343221565345E+00
       713   2.29917299746522644E+02   8.32183981949960305E+00
       714   2.29962737948053530E+02   8.31848037723134226E+00
       715   2.30008176149584443E+02   8.31546092140851201E+00
       716   2.30053614351115357E+02   8.31274313589343805E+00
       717   2.30099052552646270E+02   8.31029369630305581E+00
       718   2.30144490754177184E+02   8.30808353783155873E+00
       719   2.30189928955708126E+02   8.30608724146872746E+00
       720   2.30235367157239040E+02   8.30428251788405447E+00
       721   2.30280805358769925E+02   8.30264977211186306E+00
       722   2.30326243560300838E+02   8.30117173528319441E+00
       723   2.30371681761831780E+02   8.29983315215772066E+00
       724   2.30417119963362694E+02   8.29862051523376465E+00
       725   2.30462558164893579E+02   8.29752183785364927E+00
       726   2.30507996366424521E+02   8.29652646005126293E+00
       727   2.30553434567955435E+02   8.29562488197057490E+00
       728   2.30598872769486348E+02   8.29480862056601964E+00
       729   2.30644310971017262E+02   8.29407008601726758E+00
       730   2.30689749172548204E+02   8.29340247488268112E+00
       731   2.30735187374079089E+02   8.29279967750238534E+00
       732   2.30780625575610003E+02   8.29225619756332932E+00
       733   2.30826063777140916E+02   8.29176708207053714E+00
       734   2.30871501978671859E+02   8.29132786024407409E+00
       735   2.30916940180202772E+02   8.29093449009009653E+00
       736   2.30962378381733686E+02   8.29058331158514861E+00
       737   2.31007816583264628E+02   8.29027100557241958E+00
       738   2.31053254784795485E+02   8.28999455760231641E+00
       739   2.31098692986326455E+02   8.28975122606202852E+00
       740   2.31144131187857340E+02   8.28953851403335307E+00
       741   2.31189569389388282E+02   8.28935414439795970E+00
       742   2.31235007590919167E+02   8.28919603777677239E+00
       743   2.31280445792450109E+02   8.28906229294760166E+00
       744   2.31325883993980995E+02   8.28895116943380295E+00
       745   2.31371322195511937E+02   8.28886107199833688E+00
       746   2.31416760397042850E+02   8.28879053681304967E+00
       747   2.31462198598573735E+02   8.28873821910332964E+00
       748   2.31507636800104677E+02   8.28870288209433603E+00
       749   2.31553075001635591E+02   8.28868338710735841E+00
       750   2.31598513203166505E+02   8.28867868467408009E+00
       751   2.31643951404697418E+02   8.28868780655314730E+00
       752   2.31689389606228332E+02   8.28870985854779541E+00
       753   2.31734827807759245E+02   8.28874401403565209E+00
       754   2.31780266009290159E+02   8.28878950813270521E+00
       755   2.31825704210821073E+02   8.28884563242263361E+00
       756   2.31871142412352015E+02   8.28891173019099980E+00
       757   2.31916580613882900E+02   8.28898719211077939E+00
       758   2.31962018815413842E+02   8.28907145233195308E+00
       759   2.32007457016944727E+02   8.28916398493329964E+00
       760   2.32052895218475669E+02   8.28926430069925502E+00
       761   2.32098333420006583E+02   8.28937194418890932E+00
       762   2.32143771621537468E+02   8.28948649106778923E+00
       763   2.32189209823068410E+02   8.28960754567639668E+00
       764   2.32234648024599295E+02   8.28973473881220357E+00
       765   2.32280086226130237E+02   8.28986772570437580E+00
       766   2.32325524427661151E+02   8.29000618416268686E+00
       767   2.32370962629192064E+02   8.29014981288400854E+00
       768   2.32416400830723006E+02   8.29029832990153714E+00
       769   2.32461839032253891E+02   8.29045147116343450E+00
       770   2.32507277233784805E+02   8.29060898922888967E+00
       771   2.32552715435315719E+02   8.29077065207089348E+00
       772   2.32598153636846632E+02   8.29093624197600931E+00
       773   2.32643591838377546E+02   8.29110555453246967E+00
       774   2.32689030039908488E+02   8.29127839769870612E+00
       775   2.32734468241439373E+02   8.29145459094524462E+00
       776   2.32779906442970315E+02   8.29163396446355883E+00
       777   2.32825344644501257E+02   8.29181635843608333E+00
       778   2.32870782846032142E+02   8.29200162236214489E+00
       779   2.32916221047563084E+02   8.29218961443507219E+00
       780   2.32961659249093969E+02   8.29238020096615713E+00
       781   2.33007097450624883E+02   8.29257325585157723E+00
       782   2.33052535652155797E+02   8.29276866007871583E+00
       783   2.33097973853686739E+02   8.29296630126864365E+00
       784   2.33143412055217652E+02   8.29316607325184663E+00
       785   2.33188850256748566E+02   8.29336787567448575E+00
       786   2.33234288458279480E+02   8.29357161363278728E+00
       787   2.33279726659810393E+02   8.29377719733329499E+00
       788   2.33325164861341278E+02   8.29398454177699840E+00
       789   2.33370603062872220E+02   8.29419356646542738E+00
       790   2.33416041264403106E+02   8.29440419512705773E+00
       791   2.33461479465934048E+02   8.29461635546244302E+00
       792   2.33506917667464961E+02   8.29482997890666773E+00
       793   2.33552355868995875E+02   8.29504500040779114E+00
       794   2.33597794070526788E+02   8.29526135822012911E+00
       795   2.33643232272057702E+02   8.29547899371121389E+00
       796   2.33688670473588616E+02   8.29569785118147252E+00
       797   2.33734108675119558E+02   8.29591787769568256E+00
       798   2.33779546876650471E+02   8.29613902292532579E+00
       799   2.33824985078181356E+02   8.29636123900109723E+00
       800   2.33870423279712298E+02   8.29658448037480589E+00
       801   2.33915861481243184E+02   8.29680870369003287E+00
       802   2.33961299682774126E+02   8.29703386766090922E+00
       803   2.34006737884305039E+02   8.29725993295845043E+00
       804   2.34052176085835953E+02   8.29748686210393771E+00
       805   2.34097614287366895E+02   8.29771461936884869E+00
       806   2.34143052488897780E+02   8.29794317068087572E+00
       807   2.34188490690428694E+02   8.29817248353567116E+00
       808   2.34233928891959607E+02   8.29840252691386127E+00
       809   2.34279367093490549E+02   8.29863327120303929E+00
       810   2.34324805295021463E+02   8.29886468812437350E+00
       811   2.34370243496552376E+02   8.29909675066354069E+00
       812   2.34415681698083290E+02   8.29932943300568127E+00
       813   2.34461119899614204E+02   8.29956271047414695E+00
       814   2.34506558101145146E+02   8.29979655947277095E+00
       815   2.34551996302676031E+02   8.30003095743145103E+00
       816   2.34597434504206944E+02   8.30026588275480748E+00
       817   2.34642872705737858E+02   8.30050131477376141E+00
       818   2.34688310907268772E+02   8.30073723369981842E+00
       819   2.34733749108799685E+02   8.30097362058190136E+00
       820   2.34779187310330627E+02   8.30121045726557583E+00
       821   2.34825678238510875E+02   8.30145322847038436E+00
       822   2.34872169166691123E+02   8.30169643449954187E+00
       823   2.34918660094871370E+02   8.30194005825319792E+00
       824   2.34965151023051618E+02   8.30218408334734725E+00
       825   2.35011641951231837E+02   8.30242849407933825E+00
       826   2.35058132879412085E+02   8.30267327539526789E+00
       827   2.35104623807592361E+02   8.30291841285913890E+00
       828   2.35151114735772580E+02   8.30316389262366172E+00
       829   2.35197605663952828E+02   8.30340970140263579E+00
       830   2.35244096592133104E+02   8.30365582644478017E+00
       831   2.35290587520313352E+02   8.30390225550893923E+00
       832   2.35337078448493600E+02   8.30414897684060094E+00
       833   2.35383569376673819E+02   8.30439597914962491E+00
       834   2.35430060304854095E+02   8.30464325158913041E+00
       835   2.35476551233034314E+02   8.30489078373546263E+00
       836   2.35523042161214590E+02   8.30513856556918562E+00
       837   2.35569533089394810E+02   8.30538658745703628E+00
       838   2.35616024017575057E+02   8.30563484013480036E+00
       839   2.35662514945755333E+02   8.30588331469102670E+00
       840   2.35709005873935553E+02   8.30613200255157302E+00
       841   2.35755496802115800E+02   8.30638089546491010E+00
       842   2.35801987730296048E+02   8.30662998548814890E+00
       843   2.35848478658476267E+02   8.30687926497374640E+00
       844   2.35894969586656543E+02   8.30712872655687029E+00
       845   2.35941460514836820E+02   8.30737836314337130E+00
       846   2.35987951443017039E+02   8.30762816789832570E+00
       847   2.36034442371197287E+02   8.30787813423516219E+00
       848   2.36080933299377534E+02   8.30812825580521697E+00
       849   2.36127424227557782E+02   8.30837852648788022E+00
       850   2.36173915155738030E+02   8.30862894038117261E+00
       851   2.36220406083918277E+02   8.30887949179275331E+00
       852   2.36266897012098497E+02   8.30913017523134201E+00
       853   2.36313387940278773E+02   8.30938098539855652E+00
       854   2.36359878868459020E+02   8.30963191718111460E+00
       855   2.36406369796639240E+02   8.30988296564338214E+00
       856   2.36452860724819516E+02   8.31013412602028723E+00
       857   2.36499351652999763E+02   8.31038539371053098E+00
       858   2.36545842581180011E+02   8.31063676427010734E+00
       859   2.36592333509360259E+02   8.31088823340613203E+00
       860   2.36638824437540507E+02   8.31113979697091665E+00
       861   2.36685315365720754E+02   8.31139145095632692E+00
       862   2.36731806293900974E+02   8.31164319148838437E+00
       863   2.36778297222081221E+02   8.31189501482210069E+00
       864   2.36824788150261469E+02   8.31214691733653410E+00
       865   2.36871279078441745E+02   8.31239889553007494E+00
       866   2.36917770006621993E+02   8.31265094601591237E+00
       867   2.36964260934802212E+02   8.31290306551772140E+00
       868   2.37010751862982488E+02   8.31315525086550977E+00
       869   2.37057242791162707E+02   8.31340749899165488E+00
       870   2.37103733719342983E+02   8.31365980692710593E+00
       871   2.37150224647523231E+02   8.31391217179774245E+00
       872   2.37196715575703450E+02   8.31416459082089254E+00
       873   2.37243206503883698E+02   8.31441706130198099E+00
       874   2.37289697432063974E+02   8.31466958063133710E+00
       875   2.37336188360244194E+02   8.31492214628111270E+00
       876   2.37382679288424470E+02   8.31517475580234233E+00
       877   2.37429170216604689E+02   8.31542740682211523E+00
       878   2.37475661144784937E+02   8.31568009704086819E+00
       879   2.37522152072965213E+02   8.31593282422977254E+00
       880   2.37568643001145460E+02   8.31618558622825432E+00
       881   2.37615133929325708E+02   8.31643838094158205E+00
       882   2.37661624857505927E+02   8.31669120633856984E+00
       883   2.37708115785686175E+02   8.31694406044937473E+00
       884   2.37754606713866423E+02   8.31719694136335619E+00
       885   2.37801097642046670E+02   8.31744984722705105E+00
       886   2.37847588570226918E+02   8.31770277624220888E+00
       887   2.37894079498407166E+02   8.31795572666390193E+00
       888   2.37940570426587442E+02   8.31820869679871855E+00
       889   2.37987061354767661E+02   8.31846168500302241E+00
       890   2.38033552282947909E+02   8.31871468968127914E+00
       891   2.38080043211128157E+02   8.31896770928443452E+00
       892   2.38126534139308404E+02   8.31922074230837794E+00
       893   2.38173025067488680E+02   8.31947378729243958E+00
       894   2.38219515995668928E+02   8.31972684281796759E+00
       895   2.38266006923849147E+02   8.31997990750693184E+00
       896   2.38312497852029395E+02   8.32023298002060763E+00
       897   2.38358988780209643E+02   8.32048605905828431E+00
       898   2.38405479708389890E+02   8.32073914335604137E+00
       899   2.38451970636570167E+02   8.32099223168554936E+00
       900   2.38498461564750414E+02   8.32124532285293661E+00
       901   2.38544952492930634E+02   8.32149841569767901E+00
       902   2.38591443421110881E+02   8.32175150909154127E+00
       903   2.38637934349291129E+02   8.32200460193755021E+00
       904   2.38684425277471377E+02   8.32225769316900710E+00
       905   2.38730916205651653E+02   8.32251078174853731E+00
       906   2.38777407133831872E+02   8.32276386666717016E+00
       907   2.38823898062012120E+02   8.32301694694345606E+00
       908   2.38870388990192367E+02   8.32327002162261209E+00
       909   2.38916879918372615E+02   8.32352308977568889E+00
       910   2.38963370846552863E+02   8.32377615049879438E+00
       911   2.39009861774733139E+02   8.32402920291230330E+00
       912   2.39056352702913358E+02   8.32428224616013601E+00
       913   2.39102843631093606E+02   8.32453527940902660E+00
       914   2.39149334559273882E+02   8.32478830184785146E+00
       915   2.39195825487454101E+02   8.32504131268694358E+00
       916   2.39242316415634349E+02   8.32529431115745666E+00
       917   2.39288807343814597E+02   8.32554729651074865E+00
       918   2.39335298271994844E+02   8.32580026801776718E+00
       919   2.39381789200175092E+02   8.32605322496848466E+00
       920   2.39428280128355340E+02   8.32630616667132095E+00
       921   2.39474771056535587E+02   8.32655909245261583E+00
       922   2.39521261984715835E+02   8.32681200165609070E+00
       923   2.39567752912896083E+02   8.32706489364235480E+00
       924   2.39614243841076330E+02   8.32731776778840782E+00
       925   2.39660734769256578E+02   8.32757062348716026E+00
       926   2.39707225697436826E+02   8.32782346014698938E+00
       927   2.39753716625617074E+02   8.32807627719128618E+00
       928   2.39800207553797293E+02   8.32832907405802381E+00
       929   2.39846698481977569E+02   8.32858183380795936E+00
       930   2.39893189410157817E+02   8.32883448523605452E+00
       931   2.39939680338338064E+02   8.32908711747210617E+00
       932   2.39986171266518312E+02   8.32933972994391603E+00
       933   2.40032662194698560E+02   8.32959232209368672E+00
       934   2.40079153122878807E+02   8.32984489337762923E+00
       935   2.40125644051059055E+02   8.33009744326555435E+00
       936   2.40172134979239303E+02   8.33034997124050136E+00
       937   2.40218625907419522E+02   8.33060247679836685E+00
       938   2.40266193952153714E+02   8.33086080877017743E+00
       939   2.40313761996887848E+02   8.33111911624613199E+00
       940   2.40361330041622011E+02   8.33137739872577576E+00
       941   2.40408898086356146E+02   8.33163565572121989E+00
       942   2.40456466131090309E+02   8.33189388675680753E+00
       943   2.40504034175824472E+02   8.33215209136877100E+00
       944   2.40551602220558607E+02   8.33241026910489779E+00
       945   2.40599170265292770E+02   8.33266841952420734E+00
       946   2.40646738310026933E+02   8.33292654219665074E+00
       947   2.40694306354761068E+02   8.33318463670280529E+00
       948   2.40741874399495259E+02   8.33344270263357956E+00
       949   2.40789442444229394E+02   8.33184258099196207E+00
       950   2.40837010488963557E+02   8.33225239505744675E+00
       951   2.40884578533697720E+02   8.33266213159564018E+00
       952   2.40932146578431855E+02   8.33307179024339462E+00
       953   2.40979714623165989E+02   8.33348137064682071E+00
       954   2.41027282667900153E+02   8.33389087246104232E+00
       955   2.41074850712634316E+02   8.33430029534994787E+00
       956   2.41122418757368450E+02   8.33470963898596473E+00
       957   2.41169986802102613E+02   8.33511890304982472E+00
       958   2.41217554846836748E+02   8.33552808723035277E+00
       959   2.41265122891570911E+02   8.33593719122424659E+00
       960   2.41312690936305074E+02   8.33634621473587423E+00
       961   2.41360258981039237E+02   8.33675515747706797E+00
       962   2.41407827025773400E+02   8.33716401916693606E+00
       963   2.41455395070507535E+02   8.33757279953166552E+00
       964   2.41502963115241698E+02   8.33798149830434987E+00
       965   2.41550531159975833E+02   8.33839011522479900E+00
       966   2.41598099204709996E+02   8.33879865003937581E+00
       967   2.41645667249444188E+02   8.33920710250082031E+00
       968   2.41693235294178322E+02   8.33961547236808798E+00
       969   2.41740803338912485E+02   8.34002375940620233E+00
       970   2.41788371383646620E+02   8.34043196338608439E+00
       971   2.41835939428380783E+02   8.34084008408441235E+00
       972   2.41883507473114946E+02   8.34124812128347770E+00
       973   2.41931075517849081E+02   8.34165607477104132E+00
       974   2.41978643562583244E+02   8.34206394434019494E+00
       975   2.42026211607317379E+02   8.34247172978923324E+00
       976   2.42073779652051542E+02   8.34287943092151885E+00
       977   2.42121347696785705E+02   8.34328704754535444E+00
       978   2.42168915741519839E+02   8.34369457947387794E+00
       979   2.42216483786253974E+02   8.34410202652491861E+00
       980   2.42264051830988166E+02   8.34450938852089941E+00
       981   2.42311619875722329E+02   8.34491666528871612E+00
       982   2.42359187920456463E+02   8.34532385665963261E+00
       983   2.42406755965190627E+02   8.34573096246917778E+00
       984   2.42454324009924790E+02   8.34613798255702832E+00
       985   2.42501892054658924E+02   8.34654491676692700E+00
       986   2.42549460099393059E+02   8.34695176494656899E+00
       987   2.42597028144127222E+02   8.34735852694751479E+00
       988   2.42644596188861385E+02   8.34776520262509791E+00
       989   2.42692164233595548E+02   8.34817179183833424E+00
       990   2.42739732278329683E+02   8.34857829444982791E+00
       991   2.42787300323063846E+02   8.34898471032570200E+00
       992   2.42834868367797981E+02   8.34939103933549553E+00
       993   2.42882436412532144E+02   8.34979728135209598E+00
       994   2.42930004457266307E+02   8.35020343625165928E+00
       995   2.42977572502000470E+02   8.35060950391352996E+00
       996   2.43025140546734605E+02   8.35101548422016826E+00
       997   2.43072708591468796E+02   8.35142137705707910E+00
       998   2.43120276636202931E+02   8.35182718231273391E+00
       999   2.43167844680937094E+02   8.35223289987851736E+00
      1000   2.43215412725671229E+02   8.35263852964864029E+00
      1001   2.43262980770405392E+02   8.35304407152009709E+00
      1002   2.43310548815139555E+02   8.35344952539257868E+00
      1003   2.43358116859873661E+02   8.35385489116842983E+00
      1004   2.43405684904607853E+02   8.35426016875257460E+00
      1005   2.43453252949341987E+02   8.35466535805247190E+00
      1006   2.43500820994076150E+02   8.35507045897804446E+00
      1007   2.43548389038810285E+02   8.35547547144163261E+00
      1008   2.43595957083544448E+02   8.35588039535793392E+00
      1009   2.43643525128278611E+02   8.35628523064395345E+00
      1010   2.43691093173012774E+02   8.35668997721895224E+00
      1011   2.43738661217746909E+02   8.35709463500439398E+00
      1012   2.43786229262481100E+02   8.35749920392389889E+00
      1013   2.43833797307215207E+02   8.35790368390319749E+00
      1014   2.43881365351949370E+02   8.35830807487007732E+00
      1015   2.43928933396683533E+02   8.35871237675434564E+00
      1016   2.43976501441417668E+02   8.35911658948777614E+00
      1017   2.44024069486151831E+02   8.35952071300407518E+00
      1018   2.44071637530885994E+02   8.35992474723883205E+00
      1019   2.44119205575620157E+02   8.36032869212947993E+00
      1020   2.44166773620354292E+02   8.36073254761526208E+00
      1021   2.44214341665088483E+02   8.36113631363718035E+00
      1022   2.44261909709822589E+02   8.36153999013796678E+00
      1023   2.44309477754556781E+02   8.36194357706204094E+00
      1024   2.44357045799290944E+02   8.36234707435548330E+00
      1025   2.44404613844025050E+02   8.36275048196598014E+00
      1026   2.44452181888759213E+02   8.36315379984281293E+00
      1027   2.44499749933493405E+02   8.36355702793680322E+00
      1028   2.44547317978227539E+02   8.36396016620029847E+00
      1029   2.44594886022961674E+02   8.36436321458711873E+00
      1030   2.44642454067695837E+02   8.36476617305254599E+00
      1031   2.44690022112430000E+02   8.36516904155328511E+00
      1032   2.44737590157164135E+02   8.36557182004742472E+00
      1033   2.44785158201898327E+02   8.36597450849442303E+00
      1034   2.44832726246632461E+02   8.36637710685507052E+00
      1035   2.44880294291366596E+02   8.36677961509146506E+00
      1036   2.44927862336100759E+02   8.36718203316698350E+00
      1037   2.44975430380834894E+02   8.36758436104625325E+00
      1038   2.45022998425569057E+02   8.36798659869513450E+00
      1039   2.45070566470303191E+02   8.36838874608067584E+00
      1040   2.45118134515037411E+02   8.36879080317111779E+00
      1041   2.45165702559771546E+02   8.36919276993584127E+00
      1042   2.45213270604505681E+02   8.36959464634536410E+00
      1043   2.45260838649239844E+02   8.36999643237130009E+00
      1044   2.45308406693974007E+02   8.37039812798635552E+00
      1045   2.45355974738708170E+02   8.37079973316429182E+00
      1046   2.45403542783442305E+02   8.37120124787991138E+00
      1047   2.45451110828176439E+02   8.37160267210903086E+00
      1048   2.45498678872910602E+02   8.37200400582847237E+00
      1049   2.45546246917644766E+02   8.37240524901602789E+00
      1050   2.45593814962378900E+02   8.37280640165044865E+00
      1051   2.45641383007113092E+02   8.37320746371142732E+00
      1052   2.45688951051847255E+02   8.37360843517957321E+00
      1053   2.45736519096581361E+02   8.37400931603639620E+00
      1054   2.45784087141315553E+02   8.37441010626429261E+00
      1055   2.45832757257581193E+02   8.37482008830688507E+00
      1056   2.45881427373846805E+02   8.37522997543793224E+00
      1057   2.45930097490112445E+02   8.37563976764133145E+00
      1058   2.45978767606378028E+02   8.37604946490187530E+00
      1059   2.46027437722643668E+02   8.37645906720522859E+00
      1060   2.46076107838909309E+02   8.37686857453791589E+00
      1061   2.46124777955174892E+02   8.37727798688730019E+00
      1062   2.46173448071440561E+02   8.37768730424156693E+00
      1063   2.46222118187706144E+02   8.37809652658970627E+00
      1064   2.46270788303971784E+02   8.37850565392150415E+00
      1065   2.46319458420237396E+02   8.37891468622751390E+00
      1066   2.46368128536503008E+02   8.37932362349905624E+00
      1067   2.46416798652768648E+02   8.37973246572818731E+00
      1068   2.46465468769034260E+02   8.38014121290769864E+00
      1069   2.46514138885299900E+02   8.38054986503109411E+00
      1070   2.46562809001565483E+02   8.38095842209258279E+00
      1071   2.46611479117831124E+02   8.38136688408705410E+00
      1072   2.46660149234096764E+02   8.38177525101007603E+00
      1073   2.46708819350362376E+02   8.38218352285787738E+00
      1074   2.46757489466628016E+02   8.38259169962733175E+00
      1075   2.46806159582893599E+02   8.38299978131594870E+00
      1076   2.46854829699159211E+02   8.38340776792186126E+00
      1077   2.46903499815424880E+02   8.38381565944381357E+00
      1078   2.46952169931690491E+02   8.38422345588115014E+00
      1079   2.47000840047956103E+02   8.38463115723379282E+00
      1080   2.47049510164221743E+02   8.38503876350225674E+00
      1081   2.47098180280487355E+02   8.38544627468760417E+00
      1082   2.47146850396752939E+02   8.38585369079146226E+00
      1083   2.47195520513018579E+02   8.38626101181599815E+00
      1084   2.47244190629284191E+02   8.38666823776391190E+00
      1085   2.47292860745549831E+02   8.38707536863842762E+00
      1086   2.47341530861815443E+02   8.38748240444327919E+00
      1087   2.47390200978081054E+02   8.38788934518270857E+00
      1088   2.47438871094346695E+02   8.38829619086144618E+00
      1089   2.47487541210612306E+02   8.38870294148471096E+00
      1090   2.47536211326877947E+02   8.38910959705819081E+00
      1091   2.47584881443143558E+02   8.38951615758804614E+00
      1092   2.47633551559409170E+02   8.38992262308089209E+00
      1093   2.47682221675674782E+02   8.39032899354378969E+00
      1094   2.47730891791940422E+02   8.39073526898424760E+00
      1095   2.47779561908206034E+02   8.39114144941019546E+00
      1096   2.47828232024471646E+02   8.39154753482999638E+00
      1097   2.47876902140737286E+02   8.39195352525242555E+00
      1098   2.47925572257002869E+02   8.39235942068666674E+00
      1099   2.47974242373268510E+02   8.39276522114230517E+00
      1100   2.48022912489534122E+02   8.39317092662931508E+00
      1101   2.48071582605799790E+02   8.39357653715806507E+00
      1102   2.48120252722065402E+02   8.39398205273929143E+00
      1103   2.48168922838331014E+02   8.39438747338411240E+00
      1104   2.48217592954596597E+02   8.39479279910400500E+00
      1105   2.48266263070862266E+02   8.39519802991080510E+00
      1106   2.48314933187127849E+02   8.39560316581670207E+00
      1107   2.48363603303393518E+02   8.39600820683422810E+00
      1108   2.48412273419659101E+02   8.39641315297625823E+00
      1109   2.48460943535924713E+02   8.39681800425599079E+00
      1110   2.48509613652190353E+02   8.39722276068696338E+00
      1111   2.48558283768455993E+02   8.39762742228302272E+00
      1112   2.48606953884721577E+02   8.39803198905833703E+00
      1113   2.48655624000987217E+02   8.39843646102738006E+00
      1114   2.48704294117252829E+02   8.39884083820493110E+00
      1115   2.48752964233518469E+02   8.39924512060606610E+00
      1116   2.48801634349784052E+02   8.39964930824615053E+00
      1117   2.48850304466049693E+02   8.40005340114084298E+00
      1118   2.48898974582315333E+02   8.40045739930607915E+00
      1119   2.48947644698580916E+02   8.40086130275807008E+00
      1120   2.48996314814846556E+02   8.40126511151330746E+00
      1121   2.49044984931112168E+02   8.40166882558853700E+00
      1122   2.49093655047377808E+02   8.40207244500077799E+00
      1123   2.49142325163643420E+02   8.40247596976730016E+00
      1124   2.49190995279909032E+02   8.40287939990562727E+00
      1125   2.49239665396174672E+02   8.40328273543353355E+00
      1126   2.49288335512440284E+02   8.40368597636903658E+00
      1127   2.49337005628705924E+02   8.40408912273038844E+00
      1128   2.49385675744971536E+02   8.40449217453608277E+00
      1129   2.49434345861237148E+02   8.40489513180483705E+00
      1130   2.49483015977502760E+02   8.40529799455560500E+00
      1131   2.49531686093768400E+02   8.40570076280755707E+00
      1132   2.49580356210033983E+02   8.40610343658008041E+00
      1133   2.49629026326299652E+02   8.40650601589278068E+00
      1134   2.49677696442565264E+02   8.40690850076547314E+00
      1135   2.49726366558830847E+02   8.40731089121818442E+00
      1136   2.49775036675096516E+02   8.40771318727113659E+00
      1137   2.49823706791362099E+02   8.40811538894475774E+00
      1138   2.49872376907627768E+02   8.40851749625967315E+00
      1139   2.49921047023893379E+02   8.40891950923669818E+00
      1140   2.49969717140158963E+02   8.40932142789683468E+00
      1141   2.50018387256424631E+02   8.40972325226127637E+00
      1142   2.50067057372690215E+02   8.41012498235139994E+00
      1143   2.50115727488955855E+02   8.41052661818875791E+00
      1144   2.50164397605221467E+02   8.41092815979508224E+00
      1145   2.50213067721487107E+02   8.41132960719227718E+00
      1146   2.50261737837752690E+02   8.41173096040241575E+00
      1147   2.50310407954018331E+02   8.41213221944774148E+00
      1148   2.50359078070283942E+02   8.41253338435066134E+00
      1149   2.50407748186549583E+02   8.41293445513374216E+00
      1150   2.50456418302815194E+02   8.41333543181971066E+00
      1151   2.50505088419080835E+02   8.41373631443144987E+00
      1152   2.50553758535346418E+02   8.41413710299199380E+00
      1153   2.50602428651612030E+02   8.41453779752453102E+00
      1154   2.50651098767877670E+02   8.41493839805239219E+00
      1155   2.50699768884143310E+02   8.41533890459905898E+00
      1156   2.50748439000408922E+02   8.41573931718815338E+00
      1157   2.50797109116674534E+02   8.41613963584343594E+00
      1158   2.50845779232940174E+02   8.41653986058880754E+00
      1159   2.50894449349205814E+02   8.41693999144830229E+00
      1160   2.50943119465471398E+02   8.41734002844608753E+00
      1161   2.50991789581737009E+02   8.41773997160646381E+00
      1162   2.51040459698002650E+02   8.41813982095385427E+00
      1163   2.51089129814268261E+02   8.41853957651281526E+00
      1164   2.51137799930533902E+02   8.41893923830802393E+00
      1165   2.51186470046799514E+02   8.41933880636427467E+00
      1166   2.51235140163065125E+02   8.41973828070648977E+00
      1167   2.51283810279330737E+02   8.42013766135970165E+00
      1168   2.51332480395596377E+02   8.42053694834906352E+00
      1169   2.51381150511861989E+02   8.42093614169983695E+00
      1170   2.51429820628127629E+02   8.42133524143740075E+00
      1171   2.51478490744393241E+02   8.42173424758723677E+00
      1172   2.51528288465332736E+02   8.42214240119941593E+00
      1173   2.51578086186272230E+02   8.42255045689141291E+00
      1174   2.51627883907211725E+02   8.42295841469086959E+00
      1175   2.51677681628151220E+02   8.42336627462553622E+00
      1176   2.51727479349090714E+02   8.42377403672328029E+00
      1177   2.51777277070030209E+02   8.42418170101206698E+00
      1178   2.51827074790969675E+02   8.42458926751997339E+00
      1179   2.51876872511909170E+02   8.42499673627517964E+00
      1180   2.51926670232848693E+02   8.42540410730596712E+00
      1181   2.51976467953788159E+02   8.42581138064071666E+00
      1182   2.52026265674727654E+02   8.42621855630790861E+00
      1183   2.52076063395667120E+02   8.42662563433612100E+00
      1184   2.52125861116606671E+02   8.42703261475402421E+00
      1185   2.52175658837546138E+02   8.42743949759038280E+00
      1186   2.52225456558485632E+02   8.42784628287405013E+00
      1187   2.52275254279425127E+02   8.42825297063397549E+00
      1188   2.52325052000364622E+02   8.42865956089919166E+00
      1189   2.52374849721304088E+02   8.42906605369881667E+00
      1190   2.52424647442243611E+02   8.42947244906205739E+00
      1191   2.52474445163183077E+02   8.42987874701820239E+00
      1192   2.52524242884122572E+02   8.43028494759662372E+00
      1193   2.52574040605062066E+02   8.43069105082676806E+00
      1194   2.52623838326001589E+02   8.43109705673817089E+00
      1195   2.52673636046941056E+02   8.43150296536043342E+00
      1196   2.52723433767880522E+02   8.43190877672324390E+00
      1197   2.52773231488820045E+02   8.43231449085635809E+00
      1198   2.52823029209759540E+02   8.43272010778960635E+00
      1199   2.52872826930699034E+02   8.43312562755289541E+00
      1200   2.52922624651638529E+02   8.43353105017619598E+00
      1201   2.52972422372578023E+02   8.43393637568955512E+00
      1202   2.53022220093517490E+02   8.43434160412308032E+00
      1203   2.53072017814457013E+02   8.43474673550695009E+00
      1204   2.53121815535396507E+02   8.43515176987141047E+00
      1205   2.53171613256335974E+02   8.43555670724676609E+00
      1206   2.53221410977275497E+02   8.43596154766339090E+00
      1207   2.53271208698214963E+02   8.43636629115171921E+00
      1208   2.53321006419154457E+02   8.43677093774224041E+00
      1209   2.53370804140093952E+02   8.43717548746550960E+00
      1210   2.53420601861033418E+02   8.43757994035214054E+00
      1211   2.53470399581972970E+02   8.43798429643280201E+00
      1212   2.53520197302912436E+02   8.43838855573821789E+00
      1213   2.53569995023851931E+02   8.43879271829917244E+00
      1214   2.53619792744791425E+02   8.43919678414649788E+00
      1215   2.53669590465730892E+02   8.43960075331108328E+00
      1216   2.53719388186670386E+02   8.44000462582387101E+00
      1217   2.53769185907609881E+02   8.44040840171585494E+00
      1218   2.53818983628549404E+02   8.44081208101806979E+00
      1219   2.53868781349488899E+02   8.44121566376161070E+00
      1220   2.53918579070428365E+02   8.44161914997761897E+00
      1221   2.53968376791367859E+02   8.44202253969727856E+00
      1222   2.54018174512307354E+02   8.44242583295182492E+00
      1223   2.54067972233246849E+02   8.44282902977253613E+00
      1224   2.54117769954186343E+02   8.44323213019073471E+00
      1225   2.54167567675125838E+02   8.44363513423778578E+00
      1226   2.54217365396065304E+02   8.44403804194510244E+00
      1227   2.54267163117004827E+02   8.44444085334413863E+00
      1228   2.54316960837944322E+02   8.44484356846638207E+00
      1229   2.54366758558883816E+02   8.44524618734336840E+00
      1230   2.54416556279823311E+02   8.44564871000667061E+00
      1231   2.54466354000762777E+02   8.44605113648790251E+00
      1232   2.54516151721702300E+02   8.44645346681870990E+00
      1233   2.54565949442641795E+02   8.44685570103078298E+00
      1234   2.54615747163581261E+02   8.44725783915584394E+00
      1235   2.54665544884520756E+02   8.44765988122565226E+00
      1236   2.54715342605460251E+02   8.44806182727200117E+00
      1237   2.54765140326399717E+02   8.44846367732671766E+00
      1238   2.54814938047339240E+02   8.44886543142166602E+00
      1239   2.54864735768278734E+02   8.44926708958874073E+00
      1240   2.54914533489218229E+02   8.44966865185986471E+00
      1241   2.54964331210157724E+02   8.45007011826699994E+00
      1242   2.55014128931097218E+02   8.45047148884213328E+00
      1243   2.55063926652036713E+02   8.45087276361728534E+00
      1244   2.55113724372976179E+02   8.45127394262449982E+00
      1245   2.55163522093915674E+02   8.45167502589586128E+00
      1246   2.55213319814855168E+02   8.45207601346347026E+00
      1247   2.55263117535794663E+02   8.45247690535945928E+00
      1248   2.55312915256734158E+02   8.45287770161599106E+00
      1249   2.55362712977673652E+02   8.45327840226524962E+00
      1250   2.55412510698613119E+02   8.45367900733944566E+00
      1251   2.55462308419552670E+02   8.45407951687082004E+00
      1252   2.55512106140492136E+02   8.45447993089163319E+00
      1253   2.55561903861431631E+02   8.45488024943416860E+00
      1254   2.55611701582371097E+02   8.45528047253073822E+00
      1255   2.55661499303310620E+02   8.45568060021367351E+00
      1256   2.55711297024250086E+02   8.45608063251532549E+00
      1257   2.55761094745189610E+02   8.45648056946807714E+00
      1258   2.55810892466129076E+02   8.45688041110432387E+00
      1259   2.55860690187068570E+02   8.45728015745648065E+00
      1260   2.55910487908008065E+02   8.45767980855698909E+00
      1261   2.55960285628947560E+02   8.45807936443831032E+00
      1262   2.56010083349887054E+02   8.45847882513291793E+00
      1263   2.56059881070826577E+02   8.45887819067331215E+00
      1264   2.56109678791766044E+02   8.45927743696305789E+00
      1265   2.56159476512705567E+02   8.45967661824836625E+00
      1266   2.56209274233645033E+02   8.46007570440561985E+00
      1267   2.56259071954584499E+02   8.46047469546823905E+00
      1268   2.56308869675524022E+02   8.46087359146964424E+00
      1269   2.56358667396463488E+02   8.46126265449858117E+00
      1270   2.56408465117403011E+02   8.46166140389570387E+00
      1271   2.56458262838342478E+02   8.46206005805157169E+00
      1272   2.56508060559282001E+02   8.46245861700194979E+00
      1273   2.56557858280221467E+02   8.46285708078258736E+00
      1274   2.56607656001160990E+02   8.46325544942921582E+00
      1275   2.56657453722100456E+02   8.46365372297753815E+00
      1276   2.56707251443039979E+02   8.46405190146325026E+00
      1277   2.56757049163979445E+02   8.46444998492201961E+00
      1278   2.56806846884918912E+02   8.46484797338949768E+00
      1279   2.56856644605858435E+02   8.46524586690131642E+00
      1280   2.56906442326797958E+02   8.46564366549309000E+00
      1281   2.56956240047737424E+02   8.46604136920040773E+00
      1282   2.57006037768676890E+02   8.46643897805884826E+00
      1283   2.57055835489616413E+02   8.46683649210396538E+00
      1284   2.57105633210555879E+02   8.46723391137129333E+00
      1285   2.57155430931495403E+02   8.46763123589635036E+00
      1286   2.57205228652434869E+02   8.46802846571463341E+00
      1287   2.57255026373374335E+02   8.46842560086161988E+00
      1288   2.57304824094313858E+02   8.46882264137277119E+00
      1289   2.57355775544629580E+02   8.46922878273117696E+00
      1290   2.57406726994945245E+02   8.46963482509288390E+00
      1291   2.57457678445260910E+02   8.47004076849581011E+00
      1292   2.57508629895576632E+02   8.47044661297785417E+00
      1293   2.57559581345892354E+02   8.47085235857689334E+00
      1294   2.57610532796208020E+02   8.47125800533078177E+00
      1295   2.57661484246523685E+02   8.47166355327735943E+00
      1296   2.57712435696839407E+02   8.47206900245443606E+00
      1297   2.57763387147155072E+02   8.47247435289980722E+00
      1298   2.57814338597470794E+02   8.47287960465124890E+00
      1299   2.57865290047786459E+02   8.47328475774650691E+00
      1300   2.57916241498102181E+02   8.47368981222331819E+00
      1301   2.57967192948417846E+02   8.47409476811938944E+00
      1302   2.58018144398733568E+02   8.47449962547241142E+00
      1303   2.58069095849049290E+02   8.47490438432005355E+00
      1304   2.58120047299364956E+02   8.47530904469996571E+00
      1305   2.58170998749680621E+02   8.47571360664977114E+00
      1306   2.58221950199996343E+02   8.47611807020707886E+00
      1307   2.58272901650312008E+02   8.47652243540947659E+00
      1308   2.58323853100627730E+02   8.47692670229452716E+00
      1309   2.58374804550943395E+02   8.47733087089977388E+00
      1310   2.58425756001259060E+02   8.47773494126274585E+00
      1311   2.58476707451574782E+02   8.47813891342094017E+00
      1312   2.58527658901890504E+02   8.47854278741184508E+00
      1313   2.58578610352206169E+02   8.47894656327291862E+00
      1314   2.58629561802521891E+02   8.47935024104160640E+00
      1315   2.58680513252837557E+02   8.47975382075532558E+00
      1316   2.58731464703153222E+02   8.48015730245147736E+00
      1317   2.58782416153468944E+02   8.48056068616744341E+00
      1318   2.58833367603784666E+02   8.48096397194058049E+00
      1319   2.58884319054100331E+02   8.48136715980822764E+00
      1320   2.58935270504415996E+02   8.48177024980770611E+00
      1321   2.58986221954731718E+02   8.48217324197631051E+00
      1322   2.59037173405047383E+02   8.48257613635131946E+00
      1323   2.59088124855363105E+02   8.48297893296998851E+00
      1324   2.59139076305678770E+02   8.48338163186955541E+00
      1325   2.59190027755994493E+02   8.48378423308723661E+00
      1326   2.59240979206310158E+02   8.48418673666022727E+00
      1327   2.59291930656625880E+02   8.48458914262569941E+00
      1328   2.59342882106941545E+02   8.48499145102081087E+00
      1329   2.59393833557257267E+02   8.48539366188269639E+00
      1330   2.59444785007572989E+02   8.48579577524846762E+00
      1331   2.59495736457888597E+02   8.48619779115522022E+00
      1332   2.59546687908204319E+02   8.48659970964002675E+00
      1333   2.59597639358519984E+02   8.48700153073994024E+00
      1334   2.59648590808835706E+02   8.48740325449199418E+00
      1335   2.59699542259151372E+02   8.48780488093319896E+00
      1336   2.59750493709467094E+02   8.48820641010054722E+00
      1337   2.59801445159782759E+02   8.48860784203101204E+00
      1338   2.59852396610098481E+02   8.48900917676154521E+00
      1339   2.59903348060414146E+02   8.48941041432907717E+00
      1340   2.59954299510729868E+02   8.48981155477051885E+00
      1341   2.60005250961045533E+02   8.49021259812276163E+00
      1342   2.60056202411361255E+02   8.49061354442267735E+00
      1343   2.60107153861676920E+02   8.49101439370711475E+00
      1344   2.60158105311992642E+02   8.49141514601290481E+00
      1345   2.60209056762308364E+02   8.49181580137685899E+00
      1346   2.60260008212624030E+02   8.49221635983576739E+00
      1347   2.60310959662939695E+02   8.49261682142639884E+00
      1348   2.60361911113255360E+02   8.49301718618550439E+00
      1349   2.60412862563571082E+02   8.49341745414981375E+00
      1350   2.60463814013886747E+02   8.49381762535603535E+00
      1351   2.60514765464202469E+02   8.49421769984086161E+00
      1352   2.60565716914518191E+02   8.49461767764096187E+00
      1353   2.60616668364833856E+02   8.49501755879298237E+00
      1354   2.60667619815149521E+02   8.49541734333355691E+00
      1355   2.60718571265465243E+02   8.49581703129929444E+00
      1356   2.60769522715780965E+02   8.49621662272678435E+00
      1357   2.60820474166096631E+02   8.49661611765259472E+00
      1358   2.60871425616412296E+02   8.49701551611327588E+00
      1359   2.60922377066728018E+02   8.49741481814536037E+00
      1360   2.60973328517043740E+02   8.49781402378535589E+00
      1361   2.61024279967359405E+02   8.49821313306975235E+00
      1362   2.61075231417675070E+02   8.49861214603502191E+00
      1363   2.61126182867990792E+02   8.49901106271761186E+00
      1364   2.61177134318306514E+02   8.49940988315395529E+00
      1365   2.61228085768622179E+02   8.49980860738046218E+00
      1366   2.61279037218937845E+02   8.50020723543352119E+00
      1367   2.61329988669253567E+02   8.50060576734950679E+00
      1368   2.61380940119569289E+02   8.50100420316476679E+00
      1369   2.61431891569884954E+02   8.50140254291563302E+00
      1370   2.61482843020200619E+02   8.50180078663841776E+00
      1371   2.61533794470516341E+02   8.50219893436941376E+00
      1372   2.61584745920832063E+02   8.50259698614489245E+00
      1373   2.61635697371147728E+02   8.50299494200110395E+00
      1374   2.61686648821463393E+02   8.50339280197428415E+00
      1375   2.61737600271779115E+02   8.50379056610064232E+00
      1376   2.61788551722094780E+02   8.50418823441637528E+00
      1377   2.61839503172410502E+02   8.50458580695765320E+00
      1378   2.61890454622726168E+02   8.50498328376063029E+00
      1379   2.61941406073041890E+02   8.50538066486144295E+00
      1380   2.61992357523357555E+02   8.50577795029620454E+00
      1381   2.62043308973673220E+02   8.50617514010100884E+00
      1382   2.62094260423988942E+02   8.50657223431193188E+00
      1383   2.62145211874304607E+02   8.50696923296503016E+00
      1384   2.62196163324620329E+02   8.50736613609633707E+00
      1385   2.62247114774936051E+02   8.50776294374187358E+00
      1386   2.62298066225251716E+02   8.50815965593763224E+00
      1387   2.62349017675567382E+02   8.50855627271959314E+00
      1388   2.62399969125883104E+02   8.50895279412371153E+00
      1389   2.62450920576198769E+02   8.50934922018592665E+00
      1390   2.62501872026514491E+02   8.50974555094216001E+00
      1391   2.62552823476830213E+02   8.51014178642830821E+00
      1392   2.62603774927145878E+02   8.51053792668025189E+00
      1393   2.62654726377461543E+02   8.51093397173385036E+00
      1394   2.62705677827777265E+02   8.51132992162494695E+00
      1395   2.62756629278092930E+02   8.51172577638936190E+00
      1396   2.62807580728408595E+02   8.51212153606289768E+00
      1397   2.62858532178724317E+02   8.51251720068133544E+00
      1398   2.62909483629040039E+02   8.51291277028044213E+00
      1399   2.62960435079355705E+02   8.51330824489595805E+00
      1400   2.63011386529671427E+02   8.51370362456360930E+00
      1401   2.63062337979987092E+02   8.51409890931909885E+00
      1402   2.63113289430302757E+02   8.51449409919811728E+00
      1403   2.63164240880618479E+02   8.51488919423632851E+00
      1404   2.63215192330934201E+02   8.51528419446937868E+00
      1405   2.63266143781249866E+02   8.51567909993289618E+00
      1406   2.63318275690909502E+02   8.51608305664001186E+00
      1407   2.63370407600569195E+02   8.51648691421082127E+00
      1408   2.63422539510228830E+02   8.51689067268342725E+00
      1409   2.63474671419888466E+02   8.51729433209590781E+00
      1410   2.63526803329548159E+02   8.51769789248631781E+00
      1411   2.63578935239207851E+02   8.51810135389269618E+00
      1412   2.63631067148867487E+02   8.51850471635305873E+00
      1413   2.63683199058527180E+02   8.51890797990539816E+00
      1414   2.63735330968186815E+02   8.51931114458768590E+00
      1415   2.63787462877846451E+02   8.51971421043787736E+00
      1416   2.63839594787506144E+02   8.52011717749390485E+00
      1417   2.63891726697165836E+02   8.52052004579367406E+00
      1418   2.63943858606825472E+02   8.52092281537507645E+00
      1419   2.63995990516485165E+02   8.52132548627598219E+00
      1420   2.64048122426144801E+02   8.52172805853434667E+00
      1421   2.64100254335804436E+02   8.52213053218789796E+00
      1422   2.64152386245464129E+02   8.52253290727442803E+00
      1423   2.64204518155123765E+02   8.52293518383172710E+00
      1424   2.64256650064783457E+02   8.52333736189755520E+00
      1425   2.64308781974443093E+02   8.52373944150965990E+00
      1426   2.64360913884102786E+02   8.52414142270576036E+00
      1427   2.64413045793762421E+02   8.52454330552355799E+00
      1428   2.64465177703422114E+02   8.52494509000073286E+00
      1429   2.64517309613081693E+02   8.52534677617494907E+00
      1430   2.64569441522741442E+02   8.52574836408384229E+00
      1431   2.64621573432401078E+02   8.52614985376503220E+00
      1432   2.64673705342060714E+02   8.52655124525611541E+00
      1433   2.64725837251720407E+02   8.52695253859467073E+00
      1434   2.64777969161380042E+02   8.52735373381825390E+00
      1435   2.64830101071039735E+02   8.52775483096440112E+00
      1436   2.64882232980699371E+02   8.52815583007062550E+00
      1437   2.64934364890359006E+02   8.52855673117442237E+00
      1438   2.64986496800018699E+02   8.52895753431326575E+00
      1439   2.65038628709678392E+02   8.52935823952460836E+00
      1440   2.65090760619338027E+02   8.52975884684588159E+00
      1441   2.65142892528997663E+02   8.53015935631450084E+00
      1442   2.65195024438657356E+02   8.53055976796785309E+00
      1443   2.65247156348316992E+02   8.53096008184331112E+00
      1444   2.65299288257976684E+02   8.53136029797822459E+00
      1445   2.65351420167636320E+02   8.53176041640992366E+00
      1446   2.65403552077296013E+02   8.53216043717571715E+00
      1447   2.65455683986955648E+02   8.53256036031289433E+00
      1448   2.65507815896615284E+02   8.53296018585871963E+00
      1449   2.65559947806274977E+02   8.53335991385044679E+00
      1450   2.65612079715934669E+02   8.53375954432529760E+00
      1451   2.65664211625594305E+02   8.53415907732047962E+00
      1452   2.65716343535253941E+02   8.53455851287318268E+00
      1453   2.65768475444913577E+02   8.53495785102056814E+00
      1454   2.65820607354573269E+02   8.53535709179978674E+00
      1455   2.65872739264232962E+02   8.53575623524795901E+00
      1456   2.65924871173892598E+02   8.53615528140218771E+00
      1457   2.65977003083552290E+02   8.53655423029956317E+00
      1458   2.66029134993211926E+02   8.53695308197714553E+00
      1459   2.66081266902871562E+02   8.53735183647198070E+00
      1460   2.66133398812531254E+02   8.53775049382108975E+00
      1461   2.66185530722190947E+02   8.53814905406147595E+00
      1462   2.66237662631850583E+02   8.53854751723012129E+00
      1463   2.66289794541510219E+02   8.53894588336399174E+00
      1464   2.66341926451169911E+02   8.53934415250002665E+00
      1465   2.66394058360829547E+02   8.53974232467514938E+00
      1466   2.66446190270489183E+02   8.54014039992626017E+00
      1467   2.66498322180148875E+02   8.54053837829024154E+00
      1468   2.66550454089808511E+02   8.54093625980395466E+00
      1469   2.66602585999468204E+02   8.54133404450423939E+00
      1470   2.66654717909127896E+02   8.54173173242791961E+00
      1471   2.66706849818787532E+02   8.54212932361179256E+00
      1472   2.66758981728447225E+02   8.54252681809264125E+00
      1473   2.66811113638106860E+02   8.54292421590722562E+00
      1474   2.66863245547766496E+02   8.54332151709228604E+00
      1475   2.66915377457426189E+02   8.54371872168454338E+00
      1476   2.66967509367085881E+02   8.54411582972069716E+00
      1477   2.67019641276745460E+02   8.54451284123742738E+00
      1478   2.67071773186405153E+02   8.54490975627139626E+00
      1479   2.67123905096064846E+02   8.54530657485923939E+00
      1480   2.67176037005724481E+02   8.54570329703758169E+00
      1481   2.67228168915384174E+02   8.54609992284301967E+00
      1482   2.67280300825043810E+02   8.54649645231213562E+00
      1483   2.67332432734703502E+02   8.54689288548148873E+00
      1484   2.67384564644363138E+02   8.54728922238762046E+00
      1485   2.67436696554022774E+02   8.54768546306704735E+00
      1486   2.67488828463682466E+02   8.54808160755627355E+00
      1487   2.67540960373342159E+02   8.54847765589177655E+00
      1488   2.67593092283001795E+02   8.54887360811001962E+00
      1489   2.67645224192661431E+02   8.54926946424743939E+00
      1490   2.67697356102321066E+02   8.54966522434046183E+00
      1491   2.67749488011980759E+02   8.55006088842548273E+00
      1492   2.67801619921640395E+02   8.55045645653888364E+00
      1493   2.67853751831300087E+02   8.55085192871702837E+00
      1494   2.67905883740959723E+02   8.55124730499625407E+00
      1495   2.67958015650619416E+02   8.55164258541288724E+00
      1496   2.68010147560279052E+02   8.55203777000322596E+00
      1497   2.68062279469938744E+02   8.55243285880355231E+00
      1498   2.68114411379598380E+02   8.55282785185012884E+00
      1499   2.68166543289258072E+02   8.55322274917919678E+00
      1500   2.68218675198917708E+02   8.55361755082698316E+00
      1501   2.68270807108577344E+02   8.55401225682968303E+00
      1502   2.68322939018237037E+02   8.55440686722348964E+00
      1503   2.68375070927896729E+02   8.55480138204455542E+00
      1504   2.68427202837556365E+02   8.55519580132903279E+00
      1505   2.68479334747216058E+02   8.55559012511304040E+00
      1506   2.68531466656875693E+02   8.55598435343268626E+00
      1507   2.68583598566535329E+02   8.55637848632405351E+00
      1508   2.68635730476195022E+02   8.55677252382320752E+00
      1509   2.68687862385854658E+02   8.55716646596619412E+00
      1510   2.68739994295514350E+02   8.55756031278903784E+00
      1511   2.68792126205173986E+02   8.55795406432774719E+00
      1512   2.68844258114833679E+02   8.55834772061830762E+00
      1513   2.68896390024493314E+02   8.55874128169668680E+00
      1514   2.68948521934152950E+02   8.55913474759883286E+00
      1515   2.69000653843812586E+02   8.55952811836067440E+00
      1516   2.69052785753472278E+02   8.55992139401811869E+00
      1517   2.69104917663131971E+02   8.56031457460705347E+00
      1518   2.69157049572791607E+02   8.56070766016335227E+00
      1519   2.69209181482451299E+02   8.56110065072286375E+00
      1520   2.69261313392110992E+02   8.56149354632141701E+00
      1521   2.69313445301770628E+02   8.56188634699482520E+00
      1522   2.69365577211430264E+02   8.56227905277888013E+00
      1523   2.69418916929689942E+02   8.56268075871981083E+00
      1524   2.69472256647949621E+02   8.56308236539934775E+00
      1525   2.69525596366209300E+02   8.56348387285576251E+00
      1526   2.69578936084469035E+02   8.56388528112730896E+00
      1527   2.69632275802728714E+02   8.56428659025221961E+00
      1528   2.69685615520988392E+02   8.56468780026870746E+00
      1529   2.69738955239248128E+02   8.56508891121495886E+00
      1530   2.69792294957507806E+02   8.56548992312914415E+00
      1531   2.69845634675767485E+02   8.56589083604941059E+00
      1532   2.69898974394027164E+02   8.56629165001388415E+00
      1533   2.69952314112286842E+02   8.56669236506067122E+00
      1534   2.70005653830546521E+02   8.56709298122785334E+00
      1535   2.70058993548806200E+02   8.56749349855349607E+00
      1536   2.70112333267065878E+02   8.56789391707564008E+00
      1537   2.70165672985325557E+02   8.56829423683230473E+00
      1538   2.70219012703585292E+02   8.56869445786149520E+00
      1539   2.70272352421844914E+02   8.56909458020118286E+00
      1540   2.70325692140104650E+02   8.56949460388933026E+00
      1541   2.70379031858364328E+02   8.56989452896387505E+00
      1542   2.70432371576624007E+02   8.57029435546272822E+00
      1543   2.70485711294883743E+02   8.57069408342378836E+00
      1544   2.70539051013143364E+02   8.57109371288492916E+00
      1545   2.70592390731403043E+02   8.57149324388399947E+00
      1546   2.70645730449662778E+02   8.57189267645883923E+00
      1547   2.70699070167922457E+02   8.57229201064724933E+00
      1548   2.70752409886182136E+02   8.57269124648702707E+00
      1549   2.70805749604441814E+02   8.57309038401594137E+00
      1550   2.70859089322701493E+02   8.57348942327173802E+00
      1551   2.70912429040961172E+02   8.57388836429214329E+00
      1552   2.70965768759220850E+02   8.57428720711486925E+00
      1553   2.71019108477480586E+02   8.57468595177759774E+00
      1554   2.71072448195740265E+02   8.57508459831799463E+00
      1555   2.71125787913999943E+02   8.57548314677370271E+00
      1556   2.71179127632259622E+02   8.57588159718235055E+00
      1557   2.71232467350519357E+02   8.57627994958153472E+00
      1558   2.71285807068778979E+02   8.57667820400884295E+00
      1559   2.71339146787038658E+02   8.57707636050183098E+00
      1560   2.71392486505298393E+02   8.57747441909804387E+00
      1561   2.71445826223558072E+02   8.57787237983500006E+00
      1562   2.71499165941817751E+02   8.57827024275019845E+00
      1563   2.71552505660077429E+02   8.57866800788111838E+00
      1564   2.71605845378337165E+02   8.57906567526521435E+00
      1565   2.71659185096596843E+02   8.57946324493992840E+00
      1566   2.71712524814856522E+02   8.57986071694267416E+00
      1567   2.71765864533116201E+02   8.58025809131084927E+00
      1568   2.71819204251375879E+02   8.58065536808183005E+00
      1569   2.71872543969635615E+02   8.58105254729296796E+00
      1570   2.71925883687895293E+02   8.58144962898159847E+00
      1571   2.71979223406154915E+02   8.58184661318503572E+00
      1572   2.72032563124414651E+02   8.58224349994057434E+00
      1573   2.72085902842674329E+02   8.58264028928548584E+00
      1574   2.72139242560934008E+02   8.58303698125702219E+00
      1575   2.72192582279193743E+02   8.58343357589241585E+00
      1576   2.72245921997453365E+02   8.58383007322887615E+00
      1577   2.72299261715713101E+02   8.58422647330359645E+00
      1578   2.72352601433972779E+02   8.58462277615374525E+00
      1579   2.72405941152232458E+02   8.58501898181647327E+00
      1580   2.72459280870492137E+02   8.58541509032890815E+00
      1581   2.72512620588751815E+02   8.58581110172816331E+00
      1582   2.72565960307011551E+02   8.58620701605132197E+00
      1583   2.72619300025271230E+02   8.58660283333545671E+00
      1584   2.72672639743530908E+02   8.58699855361761344E+00
      1585   2.72725979461790530E+02   8.58739417693482032E+00
      1586   2.72779319180050265E+02   8.58778970332408420E+00
      1587   2.72832658898309944E+02   8.58818513282239238E+00
      1588   2.72885998616569623E+02   8.58858046546671261E+00
      1589   2.72939338334829358E+02   8.58897570129399135E+00
      1590   2.72992678053088980E+02   8.58937084034115195E+00
      1591   2.73046017771348716E+02   8.58976588264510177E+00
      1592   2.73099357489608394E+02   8.59016082824272686E+00
      1593   2.73152697207868073E+02   8.59055567717089374E+00
      1594   2.73206036926127751E+02   8.59095042946644583E+00
      1595   2.73259376644387487E+02   8.59134508516620876E+00
      1596   2.73312716362647166E+02   8.59173964430698689E+00
      1597   2.73366056080906844E+02   8.59213410692556501E+00
      1598   2.73419395799166523E+02   8.59252847305871015E+00
      1599   2.73472735517426202E+02   8.59292274274316270E+00
      1600   2.73526075235685880E+02   8.59331691601564884E+00
      1601   2.73579414953945616E+02   8.59371099291287344E+00
      1602   2.73632754672205238E+02   8.59410497347152003E+00
      1603   2.73686094390464973E+02   8.59449885772825084E+00
      1604   2.73739434108724595E+02   8.59489264571971212E+00
      1605   2.73792773826984330E+02   8.59528633748252702E+00
      1606   2.73846113545244009E+02   8.59567993305329914E+00
      1607   2.73899453263503688E+02   8.59607343246861255E+00
      1608   2.73952792981763366E+02   8.59646683576503179E+00
      1609   2.74006132700023102E+02   8.59686014297910006E+00
      1610   2.74059472418282780E+02   8.59725335414733927E+00
      1611   2.74112812136542402E+02   8.59764646930625709E+00
      1612   2.74166151854802138E+02   8.59803948849233457E+00
      1613   2.74219491573061816E+02   8.59843241174203676E+00
      1614   2.74272831291321495E+02   8.59882523909180740E+00
      1615   2.74326171009581174E+02   8.59921797057807069E+00
      1616   2.74379510727840909E+02   8.59961060623723128E+00
      1617   2.74432850446100588E+02   8.60000314610567429E+00
      1618   2.74486190164360266E+02   8.60039559021976352E+00
      1619   2.74539529882619945E+02   8.60078793861584145E+00
      1620   2.74592869600879624E+02   8.60118019133023637E+00
      1621   2.74646209319139302E+02   8.60157234839925167E+00
      1622   2.74699549037398981E+02   8.60196440985917299E+00
      1623   2.74752888755658660E+02   8.60235637574626644E+00
      1624   2.74806228473918395E+02   8.60274824609677680E+00
      1625   2.74859568192178074E+02   8.60314002094692931E+00
      1626   2.74912907910437752E+02   8.60353170033293146E+00
      1627   2.74966247628697488E+02   8.60392328429096942E+00
      1628   2.75019587346957110E+02   8.60431477285720980E+00
      1629   2.75072927065216845E+02   8.60470616606779792E+00
      1630   2.75126266783476467E+02   8.60509746395886488E+00
      1631   2.75179606501736203E+02   8.60548866656651512E+00
      1632   2.75232946219995881E+02   8.60587977392683712E+00
      1633   2.75286285938255560E+02   8.60627078607589979E+00
      1634   2.75339625656515238E+02   8.60666170304975253E+00
      1635   2.75392965374774917E+02   8.60705252488442341E+00
      1636   2.75446305093034653E+02   8.60744325161592272E+00
      1637   2.75499644811294274E+02   8.60783388328023769E+00
      1638   2.75552984529554010E+02   8.60822441991334131E+00
      1639   2.75606324247813689E+02   8.60861486155118527E+00
      1640   2.75660899757565744E+02   8.60901425077999605E+00
      1641   2.75715475267317743E+02   8.60941354063687569E+00
      1642   2.75770050777069855E+02   8.60981273116026991E+00
      1643   2.75824626286821854E+02   8.61021182238859950E+00
      1644   2.75879201796573909E+02   8.61061081436026399E+00
      1645   2.75933777306325965E+02   8.61100970711364688E+00
      1646   2.75988352816078020E+02   8.61140850068710684E+00
      1647   2.76042928325830076E+02   8.61180719511898118E+00
      1648   2.76097503835582131E+02   8.61220579044758416E+00
      1649   2.76152079345334130E+02   8.61260428671121225E+00
      1650   2.76206654855086242E+02   8.61300268394814061E+00
      1651   2.76261230364838241E+02   8.61340098219661776E+00
      1652   2.76315805874590296E+02   8.61379918149487978E+00
      1653   2.76370381384342352E+02   8.61419728188113432E+00
      1654   2.76424956894094350E+02   8.61459528339356773E+00
      1655   2.76479532403846463E+02   8.61499318607035214E+00
      1656   2.76534107913598461E+02   8.61539098994962949E+00
      1657   2.76588683423350517E+02   8.61578869506952927E+00
      1658   2.76643258933102572E+02   8.61618630146815256E+00
      1659   2.76697834442854628E+02   8.61658380918358446E+00
      1660   2.76752409952606683E+02   8.61698121825388519E+00
      1661   2.76806985462358739E+02   8.61737852871709542E+00
      1662   2.76861560972110794E+02   8.61777574061123630E+00
      1663   2.76916136481862793E+02   8.61817285397430588E+00
      1664   2.76970711991614849E+02   8.61856986884428089E+00
      1665   2.77025287501366904E+02   8.61896678525911852E+00
      1666   2.77079863011118960E+02   8.61936360325675466E+00
      1667   2.77134438520871015E+02   8.61976032287510208E+00
      1668   2.77189014030623071E+02   8.62015694415205580E+00
      1669   2.77243589540375069E+02   8.62055346712548953E+00
      1670   2.77298165050127182E+02   8.62094989183325211E+00
      1671   2.77352740559879180E+02   8.62134621831317460E+00
      1672   2.77407316069631236E+02   8.62174244660306677E+00
      1673   2.77461891579383234E+02   8.62213857674071882E+00
      1674   2.77516467089135290E+02   8.62253460876389788E+00
      1675   2.77571042598887402E+02   8.62293054271035153E+00
      1676   2.77625618108639458E+02   8.62332637861780427E+00
      1677   2.77680193618391513E+02   8.62372211652396103E+00
      1678   2.77734769128143512E+02   8.62411775646650902E+00
      1679   2.77789344637895567E+02   8.62451329848310877E+00
      1680   2.77843920147647623E+02   8.62490874261140483E+00
      1681   2.77898495657399621E+02   8.62530408888902045E+00
      1682   2.77953071167151734E+02   8.62569933735355221E+00
      1683   2.78007646676903732E+02   8.62609448804258427E+00
      1684   2.78062222186655788E+02   8.62648954099367771E+00
      1685   2.78116797696407843E+02   8.62688449624436693E+00
      1686   2.78171373206159899E+02   8.62727935383217392E+00
      1687   2.78225948715911954E+02   8.62767411379459226E+00
      1688   2.78280524225663953E+02   8.62806877616910306E+00
      1689   2.78335099735416009E+02   8.62846334099316081E+00
      1690   2.78389675245168121E+02   8.62885780830420046E+00
      1691   2.78444250754920120E+02   8.62925217813963563E+00
      1692   2.78498826264672175E+02   8.62964645053686397E+00
      1693   2.78553401774424231E+02   8.63004062553325824E+00
      1694   2.78607977284176229E+02   8.63043470316616812E+00
      1695   2.78662552793928342E+02   8.63082868347292909E+00
      1696   2.78717128303680397E+02   8.63122256649085351E+00
      1697   2.78771703813432396E+02   8.63161635225723067E+00
      1698   2.78826279323184451E+02   8.63201004080933210E+00
      1699   2.78880854832936450E+02   8.63240363218440621E+00
      1700   2.78935430342688505E+02   8.63279712641968722E+00
      1701   2.78990005852440618E+02   8.63319052355238092E+00
      1702   2.79044581362192673E+02   8.63358382361967713E+00
      1703   2.79099156871944672E+02   8.63397702665874256E+00
      1704   2.79153732381696727E+02   8.63437013270672793E+00
      1705   2.79208307891448783E+02   8.63476314180075910E+00
      1706   2.79262883401200781E+02   8.63515605397794239E+00
      1707   2.79317458910952837E+02   8.63554886927536458E+00
      1708   2.79372034420704892E+02   8.63594158773009291E+00
      1709   2.79426609930456948E+02   8.63633420937917329E+00
      1710   2.79481185440209003E+02   8.63672673425962856E+00
      1711   2.79535760949961059E+02   8.63711916240846733E+00
      1712   2.79590336459713058E+02   8.63751149386267159E+00
      1713   2.79644911969465170E+02   8.63790372865920908E+00
      1714   2.79699487479217225E+02   8.63829586683501915E+00
      1715   2.79754062988969281E+02   8.63868790842703049E+00
      1716   2.79808638498721280E+02   8.63907985347214336E+00
      1717   2.79863214008473335E+02   8.63947170200724202E+00
      1718   2.79917789518225391E+02   8.63986345406919121E+00
      1719   2.79972365027977446E+02   8.64025510969483079E+00
      1720   2.80026940537729502E+02   8.64064666892098643E+00
      1721   2.80081516047481557E+02   8.64103813178445712E+00
      1722   2.80136091557233556E+02   8.64142949832202945E+00
      1723   2.80190667066985611E+02   8.64182076857046155E+00
      1724   2.80245242576737667E+02   8.64221194256649916E+00
      1725   2.80299818086489722E+02   8.64260302034685957E+00
      1726   2.80354393596241778E+02   8.64299400194824763E+00
      1727   2.80408969105993776E+02   8.64338488740734512E+00
      1728   2.80463544615745889E+02   8.64377567676081071E+00
      1729   2.80518120125497944E+02   8.64416637004528887E+00
      1730   2.80572695635249943E+02   8.64455696729739920E+00
      1731   2.80627271145001998E+02   8.64494746855374174E+00
      1732   2.80681846654753997E+02   8.64533787385090058E+00
      1733   2.80736422164506052E+02   8.64572818322543490E+00
      1734   2.80790997674258165E+02   8.64611839671388793E+00
      1735   2.80845573184010163E+02   8.64650851435277801E+00
      1736   2.80900148693762219E+02   8.64689853617860926E+00
      1737   2.80954724203514274E+02   8.64728846222785918E+00
      1738   2.81009299713266273E+02   8.64767829253699283E+00
      1739   2.81063875223018385E+02   8.64806802714245038E+00
      1740   2.81118450732770384E+02   8.64845766608065070E+00
      1741   2.81173026242522440E+02   8.64884720938799845E+00
      1742   2.81227601752274495E+02   8.64923665710087519E+00
      1743   2.81282177262026551E+02   8.64962600925563940E+00
      1744   2.81336752771778606E+02   8.65001526588863712E+00
      1745   2.81391328281530662E+02   8.65040442703618773E+00
      1746   2.81445903791282660E+02   8.65079349273459286E+00
      1747   2.81500479301034716E+02   8.65118246302013816E+00
      1748   2.81555054810786771E+02   8.65157133792908262E+00
      1749   2.81609630320538827E+02   8.65196011749767102E+00
      1750   2.81664205830290882E+02   8.65234880176212506E+00
      1751   2.81718781340042938E+02   8.65273739075864867E+00
      1752   2.81773356849794993E+02   8.65312588452342446E+00
      1753   2.81827932359546992E+02   8.65351428309261728E+00
      1754   2.81882507869299047E+02   8.65390258650237065E+00
      1755   2.81937083379051103E+02   8.65429079478880858E+00
      1756   2.81991658888803158E+02   8.65467890798803730E+00
      1757   2.82047498821256397E+02   8.65507591473721938E+00
      1758   2.82103338753709579E+02   8.65547282201853818E+00
      1759   2.82159178686162818E+02   8.65586962987059927E+00
      1760   2.82215018618616057E+02   8.65626633833199044E+00
      1761   2.82270858551069239E+02   8.65666294744127462E+00
      1762   2.82326698483522478E+02   8.65705945723700232E+00
      1763   2.82382538415975716E+02   8.65745586775769205E+00
      1764   2.82438378348428898E+02   8.65785217904184456E+00
      1765   2.82494218280882137E+02   8.65824839112793931E+00
      1766   2.82550058213335319E+02   8.65864450405443797E+00
      1767   2.82605898145788615E+02   8.65904051785977380E+00
      1768   2.82661738078241797E+02   8.65943643258236406E+00
      1769   2.82717578010695036E+02   8.65983224826060294E+00
      1770   2.82773417943148218E+02   8.66022796493286329E+00
      1771   2.82829257875601513E+02   8.66062358263749488E+00
      1772   2.82885097808054695E+02   8.66101910141282971E+00
      1773   2.82940937740507877E+02   8.66141452129717671E+00
      1774   2.82996777672961116E+02   8.66180984232881990E+00
      1775   2.83052617605414355E+02   8.66220506454603090E+00
      1776   2.83108457537867537E+02   8.66260018798704934E+00
      1777   2.83164297470320776E+02   8.66299521269010242E+00
      1778   2.83220137402774014E+02   8.66339013869339070E+00
      1779   2.83275977335227196E+02   8.66378496603509518E+00
      1780   2.83331817267680435E+02   8.66417969475337735E+00
      1781   2.83387657200133674E+02   8.66457432488637380E+00
      1782   2.83443497132586913E+02   8.66496885647220516E+00
      1783   2.83499337065040095E+02   8.66536328954896540E+00
      1784   2.83555176997493334E+02   8.66575762415473072E+00
      1785   2.83611016929946572E+02   8.66615186032755425E+00
      1786   2.83666856862399811E+02   8.66654599810546955E+00
      1787   2.83722696794852993E+02   8.66694003752648889E+00
      1788   2.83778536727306232E+02   8.66733397862860500E+00
      1789   2.83834376659759471E+02   8.66772782144978393E+00
      1790   2.83890216592212710E+02   8.66812156602797579E+00
      1791   2.83946056524665892E+02   8.66851521240110756E+00
      1792   2.84001896457119130E+02   8.66890876060708848E+00
      1793   2.84057736389572312E+02   8.66930221068380114E+00
      1794   2.84113576322025551E+02   8.66969556266911212E+00
      1795   2.84169416254478733E+02   8.67008881660086494E+00
      1796   2.84225256186932029E+02   8.67048197251688180E+00
      1797   2.84281096119385211E+02   8.67087503045496355E+00
      1798   2.84336936051838450E+02   8.67126799045289154E+00
      1799   2.84392775984291632E+02   8.67166085254842578E+00
      1800   2.84448615916744870E+02   8.67205361677930675E+00
      1801   2.84504455849198052E+02   8.67244628318325184E+00
      1802   2.84560295781651291E+02   8.67283885179795533E+00
      1803   2.84616135714104530E+02   8.67323132266109731E+00
      1804   2.84671975646557712E+02   8.67362369581033121E+00
      1805   2.84727815579010951E+02   8.67401597128329271E+00
      1806   2.84783655511464190E+02   8.67440814911759439E+00
      1807   2.84839495443917428E+02   8.67480022935083106E+00
      1808   2.84895335376370610E+02   8.67519221202057444E+00
      1809   2.84951175308823849E+02   8.67558409716437673E+00
      1810   2.85007015241277088E+02   8.67597588481976700E+00
      1811   2.85062855173730270E+02   8.67636757502425482E+00
      1812   2.85118695106183509E+02   8.67675916781533196E+00
      1813   2.85174535038636748E+02   8.67715066323046713E+00
      1814   2.85230374971089930E+02   8.67754206130710593E+00
      1815   2.85286214903543168E+02   8.67793336208267618E+00
      1816   2.85342054835996407E+02   8.67832456559458620E+00
      1817   2.85397894768449589E+02   8.67871567188021942E+00
      1818   2.85453734700902828E+02   8.67910668097694504E+00
      1819   2.85509574633356067E+02   8.67949759292210388E+00
      1820   2.85565414565809249E+02   8.67988840775302251E+00
      1821   2.85621254498262488E+02   8.68027912550700265E+00
      1822   2.85677094430715727E+02   8.68066974622132648E+00
      1823   2.85732934363168965E+02   8.68106026993325841E+00
      1824   2.85788774295622147E+02   8.68145069668004155E+00
      1825   2.85844614228075386E+02   8.68184102649889411E+00
      1826   2.85900454160528625E+02   8.68223125942701834E+00
      1827   2.85956294092981864E+02   8.68262139550159517E+00
      1828   2.86012134025435046E+02   8.68301143475978243E+00
      1829   2.86067973957888285E+02   8.68340137723872196E+00
      1830   2.86123813890341467E+02   8.68379122297553074E+00
      1831   2.86179653822794705E+02   8.68418097200730976E+00
      1832   2.86235493755247944E+02   8.68457062437113336E+00
      1833   2.86291333687701126E+02   8.68496018010406168E+00
      1834   2.86347173620154365E+02   8.68534963924313175E+00
      1835   2.86403013552607547E+02   8.68573900182536107E+00
      1836   2.86458853485060843E+02   8.68612826788774406E+00
      1837   2.86514693417514025E+02   8.68651743746725913E+00
      1838   2.86570533349967263E+02   8.68690651060085983E+00
      1839   2.86626373282420445E+02   8.68729548732548373E+00
      1840   2.86682213214873684E+02   8.68768436767804531E+00
      1841   2.86738053147326923E+02   8.68807315169543948E+00
      1842   2.86793893079780162E+02   8.68846183941453987E+00
      1843   2.86849733012233344E+02   8.68885043087220410E+00
      1844   2.86905572944686583E+02   8.68923892610526138E+00
      1845   2.86961412877139765E+02   8.68962732515053027E+00
      1846   2.87017252809593003E+02   8.69001562804480265E+00
      1847   2.87073092742046185E+02   8.69040383482485090E+00
      1848   2.87128932674499424E+02   8.69079194552742962E+00
      1849   2.87184772606952720E+02   8.69117996018927386E+00
      1850   2.87240612539405902E+02   8.69156787884709203E+00
      1851   2.87296452471859141E+02   8.69195570153758013E+00
      1852   2.87352292404312323E+02   8.69234342829741102E+00
      1853   2.87408132336765561E+02   8.69273105916323630E+00
      1854   2.87463972269218743E+02   8.69311859417168620E+00
      1855   2.87519812201672039E+02   8.69350603335937855E+00
      1856   2.87575652134125221E+02   8.69389337676290097E+00
      1857   2.87631492066578460E+02   8.69428062441882865E+00
      1858   2.87687331999031699E+02   8.69466777636371191E+00
      1859   2.87743171931484881E+02   8.69505483263408330E+00
      1860   2.87799011863938119E+02   8.69544179326645583E+00
      1861   2.87854851796391358E+02   8.69582865829732299E+00
      1862   2.87910691728844540E+02   8.69621542776315337E+00
      1863   2.87966531661297779E+02   8.69660210170040138E+00
      1864   2.88022371593750961E+02   8.69698868014550008E+00
      1865   2.88078211526204200E+02   8.69737516313486125E+00
      1866   2.88134051458657439E+02   8.69776155070487711E+00
      1867   2.88189891391110621E+02   8.69814784289191856E+00
      1868   2.88245731323563859E+02   8.69853403973234229E+00
      1869   2.88301571256017098E+02   8.69892014126247659E+00
      1870   2.88357411188470337E+02   8.69930614751863551E+00
      1871   2.88413251120923576E+02   8.69969205853711536E+00
      1872   2.88469091053376701E+02   8.70007787435418578E+00
      1873   2.88524930985829997E+02   8.70046359500610045E+00
      1874   2.88582064635530116E+02   8.70085815369615823E+00
      1875   2.88639198285230350E+02   8.70125261283707019E+00
      1876   2.88696331934930527E+02   8.70164697246759999E+00
      1877   2.88753465584630703E+02   8.70204123262649354E+00
      1878   2.88810599234330823E+02   8.70243539335247718E+00
      1879   2.88867732884031000E+02   8.70282945468425240E+00
      1880   2.88924866533731176E+02   8.70322341666050114E+00
      1881   2.88982000183431353E+02   8.70361727931988227E+00
      1882   2.89039133833131530E+02   8.70401104270103332E+00
      1883   2.89096267482831706E+02   8.70440470684257228E+00
      1884   2.89153401132531883E+02   8.70479827178309229E+00
      1885   2.89210534782232060E+02   8.70519173756116693E+00
      1886   2.89267668431932236E+02   8.70558510421534670E+00
      1887   2.89324802081632413E+02   8.70597837178416434E+00
      1888   2.89381935731332590E+02   8.70637154030612592E+00
      1889   2.89439069381032766E+02   8.70676460981972156E+00
      1890   2.89496203030732943E+02   8.70715758036341470E+00
      1891   2.89553336680433119E+02   8.70755045197565103E+00
      1892   2.89610470330133239E+02   8.70794322469485138E+00
      1893   2.89667603979833416E+02   8.70833589855942058E+00
      1894   2.89724737629533593E+02   8.70872847360773683E+00
      1895   2.89781871279233769E+02   8.70912094987815877E+00
      1896   2.89839004928934003E+02   8.70951332740902373E+00
      1897   2.89896138578634179E+02   8.70990560623864774E+00
      1898   2.89953272228334356E+02   8.71029778640532371E+00
      1899   2.90010405878034476E+02   8.71068986794732858E+00
      1900   2.90067539527734652E+02   8.71108185090291265E+00
      1901   2.90124673177434829E+02   8.71147373531030844E+00
      1902   2.90181806827135006E+02   8.71186552120772184E+00
      1903   2.90238940476835182E+02   8.71225720863334274E+00
      1904   2.90296074126535359E+02   8.71264879762533795E+00
      1905   2.90353207776235536E+02   8.71304028822185650E+00
      1906   2.90410341425935712E+02   8.71343168046101724E+00
      1907   2.90467475075635889E+02   8.71382297438092834E+00
      1908   2.90524608725336066E+02   8.71421417001966958E+00
      1909   2.90581742375036242E+02   8.71460526741530295E+00
      1910   2.90638876024736419E+02   8.71499626660586735E+00
      1911   2.90696009674436596E+02   8.71538716762938215E+00
      1912   2.90753143324136715E+02   8.71577797052384540E+00
      1913   2.90810276973836949E+02   8.71616867532723205E+00
      1914   2.90867410623537069E+02   8.71655928207749930E+00
      1915   2.90924544273237302E+02   8.71694979081258126E+00
      1916   2.90981677922937422E+02   8.71734020157039247E+00
      1917   2.91038811572637599E+02   8.71773051438882263E+00
      1918   2.91095945222337775E+02   8.71812072930574367E+00
      1919   2.91153078872037952E+02   8.71851084635900619E+00
      1920   2.91210212521738129E+02   8.71890086558644128E+00
      1921   2.91267346171438305E+02   8.71929078702585336E+00
      1922   2.91324479821138482E+02   8.71968061071503442E+00
      1923   2.91381613470838658E+02   8.72007033669174625E+00
      1924   2.91438747120538835E+02   8.72045996499373821E+00
      1925   2.91495880770239012E+02   8.72084949565873302E+00
      1926   2.91553014419939132E+02   8.72123892872443385E+00
      1927   2.91610148069639365E+02   8.72162826422852433E+00
      1928   2.91667281719339485E+02   8.72201750220866678E+00
      1929   2.91724415369039718E+02   8.72240664270250221E+00
      1930   2.91781549018739895E+02   8.72279568574764852E+00
      1931   2.91838682668440072E+02   8.72318463138170763E+00
      1932   2.91895816318140248E+02   8.72357347964225660E+00
      1933   2.91952949967840425E+02   8.72396223056685471E+00
      1934   2.92010083617540545E+02   8.72435088419303817E+00
      1935   2.92067217267240721E+02   8.72473944055832362E+00
      1936   2.92124350916940955E+02   8.72512789970020641E+00
      1937   2.92181484566641132E+02   8.72551626165615879E+00
      1938   2.92238618216341251E+02   8.72590452646363879E+00
      1939   2.92295751866041428E+02   8.72629269416007780E+00
      1940   2.92352885515741605E+02   8.72668076478288945E+00
      1941   2.92410019165441781E+02   8.72706873836946428E+00
      1942   2.92467152815141958E+02   8.72745661495717506E+00
      1943   2.92524286464842135E+02   8.72784439458336969E+00
      1944   2.92581420114542311E+02   8.72823207728538186E+00
      1945   2.92638553764242488E+02   8.72861966310051862E+00
      1946   2.92695687413942665E+02   8.72900715206606925E+00
      1947   2.92752821063642841E+02   8.72939454421930350E+00
      1948   2.92809954713343018E+02   8.72978183959746801E+00
      1949   2.92867088363043138E+02   8.73016903823778811E+00
      1950   2.92924222012743371E+02   8.73055614017747317E+00
      1951   2.92981355662443548E+02   8.73094314545370764E+00
      1952   2.93038489312143668E+02   8.73133005410365648E+00
      1953   2.93095622961843844E+02   8.73171686616446685E+00
      1954   2.93152756611544021E+02   8.73210358167326284E+00
      1955   2.93209890261244254E+02   8.73249020066714898E+00
      1956   2.93267023910944374E+02   8.73287672318320674E+00
      1957   2.93324157560644551E+02   8.73326314925850156E+00
      1958   2.93381291210344727E+02   8.73364947893007404E+00
      1959   2.93438424860044904E+02   8.73403571223494879E+00
      1960   2.93495558509745081E+02   8.73442184921012732E+00
      1961   2.93552692159445201E+02   8.73480788989258983E+00
      1962   2.93609825809145434E+02   8.73519383431930052E+00
      1963   2.93666959458845611E+02   8.73557968252719697E+00
      1964   2.93724093108545787E+02   8.73596543455320251E+00
      1965   2.93781226758245964E+02   8.73635109043421565E+00
      1966   2.93838360407946084E+02   8.73673665020711709E+00
      1967   2.93895494057646260E+02   8.73712211390876803E+00
      1968   2.93952627707346494E+02   8.73750748157600476E+00
      1969   2.94009761357046671E+02   8.73789275324564940E+00
      1970   2.94066895006746790E+02   8.73827792895449740E+00
      1971   2.94124028656447024E+02   8.73866300873933355E+00
      1972   2.94181162306147144E+02   8.73904799263691068E+00
      1973   2.94238295955847320E+02   8.73943288068396740E+00
      1974   2.94295429605547497E+02   8.73981767291722633E+00
      1975   2.94352563255247674E+02   8.74020236937338169E+00
      1976   2.94409696904947850E+02   8.74058697008911167E+00
      1977   2.94466830554648027E+02   8.74097147510107497E+00
      1978   2.94523964204348204E+02   8.74135588444590717E+00
      1979   2.94581097854048380E+02   8.74174019816022962E+00
      1980   2.94638231503748557E+02   8.74212441628063530E+00
      1981   2.94695365153448677E+02   8.74250853884370471E+00
      1982   2.94752498803148910E+02   8.74289256588599351E+00
      1983   2.94809632452849087E+02   8.74327649744403779E+00
      1984   2.94866766102549207E+02   8.74366033355435590E+00
      1985   2.94923899752249440E+02   8.74404407425344665E+00
      1986   2.94981033401949617E+02   8.74442771957778398E+00
      1987   2.95038167051649793E+02   8.74481126956382582E+00
      1988   2.95095300701349970E+02   8.74519472424801059E+00
      1989   2.95152434351050090E+02   8.74557808366675538E+00
      1990   2.95209568000750323E+02   8.74596134785645596E+00
      1991   2.95268025340948441E+02   8.74635339310622761E+00
      1992   2.95326482681146672E+02   8.74674533874027205E+00
      1993   2.95384940021344846E+02   8.74713718479751101E+00
      1994   2.95443397361542964E+02   8.74752893131684317E+00
      1995   2.95501854701741138E+02   8.74792057833714587E+00
      1996   2.95560312041939312E+02   8.74831212589727514E+00
      1997   2.95618769382137430E+02   8.74870357403606391E+00
      1998   2.95677226722335661E+02   8.74909492279232737E+00
      1999   2.95735684062533778E+02   8.74948617220485225E+00
      2000   2.95794141402731952E+02   8.74987732231241289E+00
      2001   2.95852598742930127E+02   8.75026837315375161E+00
      2002   2.95911056083128301E+02   8.75065932476759656E+00
      2003   2.95969513423326418E+02   8.75105017719265099E+00
      2004   2.96027970763524650E+02   8.75144093046759863E+00
      2005   2.96086428103722767E+02   8.75183158463109834E+00
      2006   2.96144885443920941E+02   8.75222213972179119E+00
      2007   2.96203342784119116E+02   8.75261259577829165E+00
      2008   2.96261800124317290E+02   8.75300295283919816E+00
      2009   2.96320257464515407E+02   8.75339321094308254E+00
      2010   2.96378714804713582E+02   8.75378337012850061E+00
      2011   2.96437172144911756E+02   8.75417343043398155E+00
      2012   2.96495629485109873E+02   8.75456339189803678E+00
      2013   2.96554086825308104E+02   8.75495325455915463E+00
      2014   2.96612544165506222E+02   8.75534301845580032E+00
      2015   2.96671001505704396E+02   8.75573268362641777E+00
      2016   2.96729458845902570E+02   8.75612225010943490E+00
      2017   2.96787916186100745E+02   8.75651171794325123E+00
      2018   2.96846373526298919E+02   8.75690108716625026E+00
      2019   2.96904830866497093E+02   8.75729035781678888E+00
      2020   2.96963288206695211E+02   8.75767952993320620E+00
      2021   2.97021745546893385E+02   8.75806860355382000E+00
      2022   2.97080202887091559E+02   8.75845757871692321E+00
      2023   2.97138660227289733E+02   8.75884645546079277E+00
      2024   2.97197117567487851E+02   8.75923523382368074E+00
      2025   2.97255574907686025E+02   8.75962391384381789E+00
      2026   2.97314032247884256E+02   8.76001249555941541E+00
      2027   2.97372489588082374E+02   8.76040097900866144E+00
      2028   2.97430946928280548E+02   8.76078936422972454E+00
      2029   2.97489404268478665E+02   8.76117765126075021E+00
      2030   2.97547861608676897E+02   8.76156584013986439E+00
      2031   2.97606318948875014E+02   8.76195393090516994E+00
      2032   2.97664776289073188E+02   8.76234192359475017E+00
      2033   2.97723233629271363E+02   8.76272981824666708E+00
      2034   2.97781690969469537E+02   8.76311761489896135E+00
      2035   2.97840148309667711E+02   8.76350531358965235E+00
      2036   2.97898605649865829E+02   8.76389291435673634E+00
      2037   2.97957062990064003E+02   8.76428041723819184E+00
      2038   2.98015520330262177E+02   8.76466782227201513E+00
      2039   2.98073977670460351E+02   8.76505512949621135E+00
      2040   2.98132435010658526E+02   8.76544233894858138E+00
      2041   2.98190892350856643E+02   8.76582945066702202E+00
      2042   2.98249349691054817E+02   8.76621646468940163E+00
      2043   2.98307807031252992E+02   8.76660338105357084E+00
      2044   2.98366264371451166E+02   8.76699019979736072E+00
      2045   2.98424721711649340E+02   8.76737692095857923E+00
      2046   2.98483179051847458E+02   8.76776354457501306E+00
      2047   2.98541636392045632E+02   8.76815007068443109E+00
      2048   2.98600093732243806E+02   8.76853649932457735E+00
      2049   2.98658551072441981E+02   8.76892283053317456E+00
      2050   2.98717008412640098E+02   8.76930906434792945E+00
      2051   2.98775465752838272E+02   8.76969520080652742E+00
      2052   2.98833923093036503E+02   8.77008123994662370E+00
      2053   2.98892380433234621E+02   8.77046718180586282E+00
      2054   2.98950837773432795E+02   8.77085302642186626E+00
      2055   2.99009295113630969E+02   8.77123877383223238E+00
      2056   2.99067752453829087E+02   8.77162442407454002E+00
      2057   2.99126209794027318E+02   8.77200997718634667E+00
      2058   2.99184667134225435E+02   8.77239543320518678E+00
      2059   2.99243124474423610E+02   8.77278079216858053E+00
      2060   2.99301581814621784E+02   8.77316605411402151E+00
      2061   2.99360039154819958E+02   8.77355121907898550E+00
      2062   2.99418496495018076E+02   8.77393628710092521E+00
      2063   2.99476953835216250E+02   8.77432125821727205E+00
      2064   2.99535411175414424E+02   8.77470613246544318E+00
      2065   2.99593868515612598E+02   8.77509090988282558E+00
      2066   2.99652325855810773E+02   8.77547559050679382E+00
      2067   2.99710783196008947E+02   8.77586017437469579E+00
      2068   2.99769240536207121E+02   8.77624466152386518E+00
      2069   2.99827697876405239E+02   8.77662905199160548E+00
      2070   2.99886155216603413E+02   8.77701334581520776E+00
      2071   2.99944612556801587E+02   8.77739754303194353E+00
      2072   3.00003069896999762E+02   8.77778164367905411E+00
      2073   3.00061527237197936E+02   8.77816564779377018E+00
      2074   3.00119984577396110E+02   8.77854955541329574E+00
      2075   3.00178441917594228E+02   8.77893336657481704E+00
      2076   3.00236899257792402E+02   8.77931708131550081E+00
      2077   3.00295356597990576E+02   8.77970069967249067E+00
      2078   3.00353813938188750E+02   8.78008422168290892E+00
      2079   3.00412271278386868E+02   8.78046764738386187E+00
      2080   3.00470728618585042E+02   8.78085097681243099E+00
      2081   3.00529185958783216E+02   8.78123421000567994E+00
      2082   3.00587643298981391E+02   8.78161734700065111E+00
      2083   3.00646100639179565E+02   8.78200038783436554E+00
      2084   3.00704557979377682E+02   8.78238333254382297E+00
      2085   3.00763015319575914E+02   8.78276618116600716E+00
      2086   3.00821472659774031E+02   8.78314893373787875E+00
      2087   3.00879929999972205E+02   8.78353159029637531E+00
      2088   3.00938387340170380E+02   8.78391415087841843E+00
      2089   3.00996844680368497E+02   8.78429661552090835E+00
      2090   3.01055302020566671E+02   8.78467898426072402E+00
      2091   3.01113759360764845E+02   8.78506125713472308E+00
      2092   3.01172216700963020E+02   8.78544343417974538E+00
      2093   3.01230674041161194E+02   8.78582551543260948E+00
      2094   3.01289131381359311E+02   8.78620750093011260E+00
      2095   3.01347588721557486E+02   8.78658939070903422E+00
      2096   3.01406046061755660E+02   8.78697118480612893E+00
      2097   3.01464503401953834E+02   8.78735288325813713E+00
      2098   3.01522960742152009E+02   8.78773448610177432E+00
      2099   3.01581418082350183E+02   8.78811599337373650E+00
      2100   3.01639875422548357E+02   8.78849740511070365E+00
      2101   3.01698332762746531E+02   8.78887872134932913E+00
      2102   3.01756790102944649E+02   8.78925994212625206E+00
      2103   3.01815247443142823E+02   8.78964106747808849E+00
      2104   3.01873704783340941E+02   8.79002209744143315E+00
      2105   3.01932162123539172E+02   8.79040303205286300E+00
      2106   3.01990619463737289E+02   8.79078387134893369E+00
      2107   3.02049076803935463E+02   8.79116461536618132E+00
      2108   3.02108888502312482E+02   8.79155408200397126E+00
      2109   3.02168700200689500E+02   8.79194344897421232E+00
      2110   3.02228511899066461E+02   8.79233271631597724E+00
      2111   3.02288323597443480E+02   8.79272188406831390E+00
      2112   3.02348135295820498E+02   8.79311095227024531E+00
      2113   3.02407946994197516E+02   8.79349992096077848E+00
      2114   3.02467758692574535E+02   8.79388879017889202E+00
      2115   3.02527570390951553E+02   8.79427755996354854E+00
      2116   3.02587382089328571E+02   8.79466623035368400E+00
      2117   3.02647193787705589E+02   8.79505480138821838E+00
      2118   3.02707005486082551E+02   8.79544327310604324E+00
      2119   3.02766817184459569E+02   8.79583164554603059E+00
      2120   3.02826628882836587E+02   8.79621991874703291E+00
      2121   3.02886440581213606E+02   8.79660809274787958E+00
      2122   3.02946252279590624E+02   8.79699616758737690E+00
      2123   3.03006063977967642E+02   8.79738414330431162E+00
      2124   3.03065875676344604E+02   8.79777201993744740E+00
      2125   3.03125687374721622E+02   8.79815979752552657E+00
      2126   3.03185499073098640E+02   8.79854747610726839E+00
      2127   3.03245310771475658E+02   8.79893505572137258E+00
      2128   3.03305122469852677E+02   8.79932253640651574E+00
      2129   3.03364934168229638E+02   8.79970991820135495E+00
      2130   3.03424745866606656E+02   8.80009720114452421E+00
      2131   3.03484557564983675E+02   8.80048438527463261E+00
      2132   3.03544369263360693E+02   8.80087147063027508E+00
      2133   3.03604180961737711E+02   8.80125845725001810E+00
      2134   3.03663992660114673E+02   8.80164534517240860E+00
      2135   3.03723804358491748E+02   8.80203213443597399E+00
      2136   3.03783616056868766E+02   8.80241882507922035E+00
      2137   3.03843427755245784E+02   8.80280541714062714E+00
      2138   3.03903239453622746E+02   8.80319191065865603E+00
      2139   3.03963051151999707E+02   8.80357830567175093E+00
      2140   3.04022862850376782E+02   8.80396460221832555E+00
      2141   3.04082674548753744E+02   8.80435080033678119E+00
      2142   3.04142486247130762E+02   8.80473690006548892E+00
      2143   3.04202297945507837E+02   8.80512290144280740E+00
      2144   3.04262109643884799E+02   8.80550880450706508E+00
      2145   3.04321921342261817E+02   8.80589460929657619E+00
      2146   3.04381733040638778E+02   8.80628031584963011E+00
      2147   3.04441544739015853E+02   8.80666592420449668E+00
      2148   3.04501356437392872E+02   8.80705143439942084E+00
      2149   3.04561168135769890E+02   8.80743684647262803E+00
      2150   3.04620979834146851E+02   8.80782216046232591E+00
      2151   3.04680791532523926E+02   8.80820737640669549E+00
      2152   3.04740603230900888E+02   8.80859249434390001E+00
      2153   3.04800414929277906E+02   8.80897751431207965E+00
      2154   3.04860226627654924E+02   8.80936243634935323E+00
      2155   3.04920038326031943E+02   8.80974726049382006E+00
      2156   3.04979850024408904E+02   8.81013198678355813E+00
      2157   3.05039661722785922E+02   8.81051661525662055E+00
      2158   3.05099473421162941E+02   8.81090114595104446E+00
      2159   3.05159285119539959E+02   8.81128557890484210E+00
      2160   3.05219096817916920E+02   8.81166991415600620E+00
      2161   3.05278908516293939E+02   8.81205415174250817E+00
      2162   3.05338720214670957E+02   8.81243829170229809E+00
      2163   3.05398531913047975E+02   8.81282233407330473E+00
      2164   3.05458343611424937E+02   8.81320627889343555E+00
      2165   3.05518155309802012E+02   8.81359012620057669E+00
      2166   3.05577967008178973E+02   8.81397387603259652E+00
      2167   3.05637778706556048E+02   8.81435752842733677E+00
      2168   3.05697590404933067E+02   8.81474108342262141E+00
      2169   3.05757402103310028E+02   8.81512454105625487E+00
      2170   3.05817213801687046E+02   8.81550790136601847E+00
      2171   3.05877025500064065E+02   8.81589116438967046E+00
      2172   3.05936837198441026E+02   8.81627433016495488E+00
      2173   3.05996648896818044E+02   8.81665739872958554E+00
      2174   3.06056460595195063E+02   8.81704037012126207E+00
      2175   3.06116272293572081E+02   8.81742324437766278E+00
      2176   3.06176083991949099E+02   8.81780602153644288E+00
      2177   3.06235895690326117E+02   8.81818870163523449E+00
      2178   3.06295707388703136E+02   8.81857128471165552E+00
      2179   3.06355519087080097E+02   8.81895377080329723E+00
      2180   3.06415330785457115E+02   8.81933615994773312E+00
      2181   3.06475142483834134E+02   8.81971845218251360E+00
      2182   3.06534954182211209E+02   8.82010064754516954E+00
      2183   3.06594765880588170E+02   8.82048274607321225E+00
      2184   3.06654577578965188E+02   8.82086474780412999E+00
      2185   3.06714389277342207E+02   8.82124665277538966E+00
      2186   3.06774200975719168E+02   8.82162846102444220E+00
      2187   3.06834012674096186E+02   8.82201017258871190E+00
      2188   3.06893824372473205E+02   8.82239178750560527E+00
      2189   3.06953636070850166E+02   8.82277330581250752E+00
      2190   3.07013447769227241E+02   8.82315472754678609E+00
      2191   3.07073259467604259E+02   8.82353605274578001E+00
      2192   3.07133071165981278E+02   8.82391728144681764E+00
      2193   3.07192882864358239E+02   8.82429841368719714E+00
      2194   3.07252694562735257E+02   8.82467944950420424E+00
      2195   3.07312506261112276E+02   8.82506038893509981E+00
      2196   3.07372317959489237E+02   8.82544123201712338E+00
      2197   3.07432129657866312E+02   8.82582197878749497E+00
      2198   3.07491941356243331E+02   8.82620262928341681E+00
      2199   3.07551753054620349E+02   8.82658318354206450E+00
      2200   3.07611564752997310E+02   8.82696364160059943E+00
      2201   3.07671376451374329E+02   8.82734400349615811E+00
      2202   3.07731188149751347E+02   8.82772426926585929E+00
      2203   3.07790999848128308E+02   8.82810443894679864E+00
      2204   3.07850811546505327E+02   8.82848451257605404E+00
      2205   3.07910623244882345E+02   8.82886449019068031E+00
      2206   3.07970434943259420E+02   8.82924437182771271E+00
      2207   3.08030246641636381E+02   8.82962415752416696E+00
      2208   3.08090058340013343E+02   8.83000384731703925E+00
      2209   3.08149870038390418E+02   8.83038344124330088E+00
      2210   3.08209681736767436E+02   8.83076293933990719E+00
      2211   3.08269493435144454E+02   8.83114234164379397E+00
      2212   3.08329305133521416E+02   8.83152164819187036E+00
      2213   3.08389116831898434E+02   8.83190085902103128E+00
      2214   3.08448928530275452E+02   8.83227997416814858E+00
      2215   3.08508740228652471E+02   8.83265899367007634E+00
      2216   3.08568551927029489E+02   8.83303791756364376E+00
      2217   3.08628363625406450E+02   8.83341674588566228E+00
      2218   3.08688175323783469E+02   8.83379547867292381E+00
      2219   3.08747987022160487E+02   8.83417411596220070E+00
      2220   3.08807798720537505E+02   8.83455265779024224E+00
      2221   3.08867610418914524E+02   8.83493110419377992E+00
      2222   3.08927422117291485E+02   8.83530945520952038E+00
      2223   3.08987233815668503E+02   8.83568771087415961E+00
      2224   3.09047045514045521E+02   8.83606587122436338E+00
      2225   3.09108242948800807E+02   8.83645269429917235E+00
      2226   3.09169440383556037E+02   8.83683941766943448E+00
      2227   3.09230637818311266E+02   8.83722604137436640E+00
      2228   3.09291835253066495E+02   8.83761256545315632E+00
      2229   3.09353032687821724E+02   8.83799898994497291E+00
      2230   3.09414230122577010E+02   8.83838531488896351E+00
      2231   3.09475427557332182E+02   8.83877154032425061E+00
      2232   3.09536624992087468E+02   8.83915766628993893E+00
      2233   3.09597822426842697E+02   8.83954369282510655E+00
      2234   3.09659019861597926E+02   8.83992961996881199E+00
      2235   3.09720217296353155E+02   8.84031544776009426E+00
      2236   3.09781414731108384E+02   8.84070117623796570E+00
      2237   3.09842612165863670E+02   8.84108680544141912E+00
      2238   3.09903809600618899E+02   8.84147233540942601E+00
      2239   3.09965007035374185E+02   8.84185776618093477E+00
      2240   3.10026204470129414E+02   8.84224309779487072E+00
      2241   3.10087401904884643E+02   8.84262833029014139E+00
      2242   3.10148599339639873E+02   8.84301346370562946E+00
      2243   3.10209796774395102E+02   8.84339849808019451E+00
      2244   3.10270994209150388E+02   8.84378343345267837E+00
      2245   3.10332191643905560E+02   8.84416826986189797E+00
      2246   3.10393389078660846E+02   8.84455300734665073E+00
      2247   3.10454586513416075E+02   8.84493764594570742E+00
      2248   3.10515783948171361E+02   8.84532218569782458E+00
      2249   3.10576981382926590E+02   8.84570662664172858E+00
      2250   3.10638178817681762E+02   8.84609096881613333E+00
      2251   3.10699376252436991E+02   8.84647521225972433E+00
      2252   3.10760573687192277E+02   8.84685935701116399E+00
      2253   3.10821771121947506E+02   8.84724340310910051E+00
      2254   3.10882968556702792E+02   8.84762735059215721E+00
      2255   3.10944165991458021E+02   8.84801119949893256E+00
      2256   3.11005363426213250E+02   8.84839494986800368E+00
      2257   3.11066560860968480E+02   8.84877860173793351E+00
      2258   3.11127758295723709E+02   8.84916215514725302E+00
      2259   3.11188955730478995E+02   8.84954561013447893E+00
      2260   3.11250153165234224E+02   8.84992896673810137E+00
      2261   3.11311350599989453E+02   8.85031222499659798E+00
      2262   3.11372548034744682E+02   8.85069538494841268E+00
      2263   3.11433745469499968E+02   8.85107844663197518E+00
      2264   3.11494942904255197E+02   8.85146141008569387E+00
      2265   3.11556140339010426E+02   8.85184427534795404E+00
      2266   3.11617337773765655E+02   8.85222704245711611E+00
      2267   3.11678535208520884E+02   8.85260971145152809E+00
      2268   3.11739732643276170E+02   8.85299228236950597E+00
      2269   3.11800930078031399E+02   8.85337475524935158E+00
      2270   3.11862127512786628E+02   8.85375713012934362E+00
      2271   3.11923324947541857E+02   8.85413940704773772E+00
      2272   3.11984522382297087E+02   8.85452158604277173E+00
      2273   3.12045719817052316E+02   8.85490366715265509E+00
      2274   3.12106917251807602E+02   8.85528565041558657E+00
      2275   3.12168114686562831E+02   8.85566753586973299E+00
      2276   3.12229312121318060E+02   8.85604932355324515E+00
      2277   3.12290509556073346E+02   8.85643101350425610E+00
      2278   3.12351706990828575E+02   8.85681260576086871E+00
      2279   3.12412904425583804E+02   8.85719410036116983E+00
      2280   3.12474101860339033E+02   8.85757549734322680E+00
      2281   3.12535299295094262E+02   8.85795679674508385E+00
      2282   3.12596496729849491E+02   8.85833799860476034E+00
      2283   3.12657694164604720E+02   8.85871910296026321E+00
      2284   3.12718891599360006E+02   8.85910010984956742E+00
      2285   3.12780089034115235E+02   8.85948101931063370E+00
      2286   3.12841286468870464E+02   8.85986183138140149E+00
      2287   3.12902483903625694E+02   8.86024254609978712E+00
      2288   3.12963681338380923E+02   8.86062316350368739E+00
      2289   3.13024878773136209E+02   8.86100368363097601E+00
      2290   3.13086076207891438E+02   8.86138410651950537E+00
      2291   3.13147273642646667E+02   8.86176443220711008E+00
      2292   3.13208471077401953E+02   8.86214466073159990E+00
      2293   3.13269668512157125E+02   8.86252479213076683E+00
      2294   3.13330865946912411E+02   8.86290482644238153E+00
      2295   3.13392063381667640E+02   8.86328476370418805E+00
      2296   3.13453260816422926E+02   8.86366460395391798E+00
      2297   3.13514458251178155E+02   8.86404434722927803E+00
      2298   3.13575655685933327E+02   8.86442399356795008E+00
      2299   3.13636853120688613E+02   8.86480354300760176E+00
      2300   3.13698050555443899E+02   8.86518299558587586E+00
      2301   3.13759247990199128E+02   8.86556235134039561E+00
      2302   3.13820445424954357E+02   8.86594161030876116E+00
      2303   3.13881642859709586E+02   8.86632077252855666E+00
      2304   3.13942840294464816E+02   8.86669983803733963E+00
      2305   3.14004037729220101E+02   8.86707880687264982E+00
      2306   3.14065235163975331E+02   8.86745767907200744E+00
      2307   3.14126432598730560E+02   8.86783645467290604E+00
      2308   3.14187630033485789E+02   8.86821513371282855E+00
      2309   3.14248827468241018E+02   8.86859371622922588E+00
      2310   3.14310024902996304E+02   8.86897220225953475E+00
      2311   3.14371222337751476E+02   8.86935059184117058E+00
      2312   3.14432419772506762E+02   8.86972888501152568E+00
      2313   3.14493617207261991E+02   8.87010708180797458E+00
      2314   3.14554814642017220E+02   8.87048518226786875E+00
      2315   3.14616012076772449E+02   8.87086318642853833E+00
      2316   3.14677209511527735E+02   8.87124109432729746E+00
      2317   3.14738406946282964E+02   8.87161890600143366E+00
      2318   3.14799604381038193E+02   8.87199662148821844E+00
      2319   3.14860801815793423E+02   8.87237424082490023E+00
      2320   3.14921999250548652E+02   8.87275176404870791E+00
      2321   3.14983196685303881E+02   8.87312919119684729E+00
      2322   3.15044394120059167E+02   8.87350652230650638E+00
      2323   3.15105591554814396E+02   8.87388375741485191E+00
      2324   3.15166788989569625E+02   8.87426089655903105E+00
      2325   3.15227986424324911E+02   8.87463793977616788E+00
      2326   3.15289183859080140E+02   8.87501488710336695E+00
      2327   3.15350381293835369E+02   8.87539173857771324E+00
      2328   3.15411578728590655E+02   8.87576849423627046E+00
      2329   3.15472776163345884E+02   8.87614515411608451E+00
      2330   3.15533973598101113E+02   8.87652171825417469E+00
      2331   3.15595171032856342E+02   8.87689818668754427E+00
      2332   3.15656368467611514E+02   8.87727455945317523E+00
      2333   3.15717565902366800E+02   8.87765083658803178E+00
      2334   3.15778763337122029E+02   8.87802701812905148E+00
      2335   3.15839960771877259E+02   8.87840310411315770E+00
      2336   3.15901158206632545E+02   8.87877909457725067E+00
      2337   3.15962355641387830E+02   8.87915498955820937E+00
      2338   3.16023553076143060E+02   8.87953078909289317E+00
      2339   3.16084750510898289E+02   8.87990649321814196E+00
      2340   3.16145947945653461E+02   8.88028210197077428E+00
      2341   3.16207145380408690E+02   8.88065761538758913E+00
      2342   3.16269760656721644E+02   8.88104173018202125E+00
      2343   3.16332375933034598E+02   8.88142574524979622E+00
      2344   3.16394991209347609E+02   8.88180966063026389E+00
      2345   3.16457606485660563E+02   8.88219347636275280E+00
      2346   3.16520221761973573E+02   8.88257719248657018E+00
      2347   3.16582837038286470E+02   8.88296080904099661E+00
      2348   3.16645452314599424E+02   8.88334432606529489E+00
      2349   3.16708067590912378E+02   8.88372774359870654E+00
      2350   3.16770682867225389E+02   8.88411106168044462E+00
      2351   3.16833298143538343E+02   8.88449428034970801E+00
      2352   3.16895913419851240E+02   8.88487739964566892E+00
      2353   3.16958528696164251E+02   8.88526041960747648E+00
      2354   3.17021143972477205E+02   8.88564334027426206E+00
      2355   3.17083759248790159E+02   8.88602616168513038E+00
      2356   3.17146374525103170E+02   8.88640888387917016E+00
      2357   3.17208989801416124E+02   8.88679150689543995E+00
      2358   3.17271605077729021E+02   8.88717403077298229E+00
      2359   3.17334220354042031E+02   8.88755645555081664E+00
      2360   3.17396835630354985E+02   8.88793878126793935E+00
      2361   3.17459450906667939E+02   8.88832100796332547E+00
      2362   3.17522066182980893E+02   8.88870313567593051E+00
      2363   3.17584681459293847E+02   8.88908516444468333E+00
      2364   3.17647296735606801E+02   8.88946709430849324E+00
      2365   3.17709912011919812E+02   8.88984892530624826E+00
      2366   3.17772527288232709E+02   8.89023065747681507E+00
      2367   3.17835142564545720E+02   8.89061229085903726E+00
      2368   3.17897757840858674E+02   8.89099382549173534E+00
      2369   3.17960373117171628E+02   8.89137526141371204E+00
      2370   3.18022988393484638E+02   8.89175659866374168E+00
      2371   3.18085603669797536E+02   8.89213783728058438E+00
      2372   3.18148218946110489E+02   8.89251897730297536E+00
      2373   3.18210834222423443E+02   8.89290001876962499E+00
      2374   3.18273449498736454E+02   8.89328096171922766E+00
      2375   3.18336064775049408E+02   8.89366180619045110E+00
      2376   3.18398680051362362E+02   8.89404255222194529E+00
      2377   3.18461295327675316E+02   8.89442319985233354E+00
      2378   3.18523910603988327E+02   8.89480374912022498E+00
      2379   3.18586525880301224E+02   8.89518420006419852E+00
      2380   3.18649141156614178E+02   8.89556455272281710E+00
      2381   3.18711756432927189E+02   8.89594480713462055E+00
      2382   3.18774371709240143E+02   8.89632496333812739E+00
      2383   3.18836986985553096E+02   8.89670502137183483E+00
      2384   3.18899602261866050E+02   8.89708498127421699E+00
      2385   3.18962217538179061E+02   8.89746484308372843E+00
      2386   3.19024832814491958E+02   8.89784460683879885E+00
      2387   3.19087448090804912E+02   8.89822427257784199E+00
      2388   3.19150063367117866E+02   8.89860384033924490E+00
      2389   3.19212678643430877E+02   8.89898331016137689E+00
      2390   3.19275293919743831E+02   8.89936268208258063E+00
      2391   3.19337909196056785E+02   8.89974195614118280E+00
      2392   3.19400524472369739E+02   8.90012113237548697E+00
      2393   3.19463139748682750E+02   8.90050021082377540E+00
      2394   3.19525755024995703E+02   8.90087919152430551E+00
      2395   3.19588370301308601E+02   8.90125807451532047E+00
      2396   3.19650985577621611E+02   8.90163685983503328E+00
      2397   3.19713600853934565E+02   8.90201554752164448E+00
      2398   3.19776216130247519E+02   8.90239413761332621E+00
      2399   3.19838831406560473E+02   8.90277263014823284E+00
      2400   3.19901446682873484E+02   8.90315102516449741E+00
      2401   3.19964061959186381E+02   8.90352932270022990E+00
      2402   3.20026677235499392E+02   8.90390752279351894E+00
      2403   3.20089292511812346E+02   8.90428562548243541E+00
      2404   3.20151907788125186E+02   8.90466363080502532E+00
      2405   3.20214523064438140E+02   8.90504153879931337E+00
      2406   3.20277138340751094E+02   8.90541934950330649E+00
      2407   3.20339753617063991E+02   8.90579706295498674E+00
      2408   3.20402368893376945E+02   8.90617467919231665E+00
      2409   3.20464984169689842E+02   8.90655219825323741E+00
      2410   3.20527599446002796E+02   8.90692962017566892E+00
      2411   3.20590214722315693E+02   8.90730694499751152E+00
      2412   3.20652829998628590E+02   8.90768417275664248E+00
      2413   3.20715445274941544E+02   8.90806130349091596E+00
      2414   3.20778060551254498E+02   8.90843833723817013E+00
      2415   3.20840675827567395E+02   8.90881527403621831E+00
      2416   3.20903291103880349E+02   8.90919211392285426E+00
      2417   3.20965906380193303E+02   8.90956885693585043E+00
      2418   3.21028521656506200E+02   8.90994550311295974E+00
      2419   3.21091136932819154E+02   8.91032205249190845E+00
      2420   3.21153752209132051E+02   8.91069850511041039E+00
      2421   3.21216367485444948E+02   8.91107486100614921E+00
      2422   3.21278982761757845E+02   8.91145112021679608E+00
      2423   3.21341598038070799E+02   8.91182728277999558E+00
      2424   3.21404213314383753E+02   8.91220334873337627E+00
      2425   3.21466828590696650E+02   8.91257931811453830E+00
      2426   3.21529443867009604E+02   8.91295519096106759E+00
      2427   3.21592059143322558E+02   8.91333096731052521E+00
      2428   3.21654674419635455E+02   8.91370664720045625E+00
      2429   3.21717289695948352E+02   8.91408223066837735E+00
      2430   3.21779904972261249E+02   8.91445771775179452E+00
      2431   3.21842520248574203E+02   8.91483310848818178E+00
      2432   3.21905135524887100E+02   8.91520840291499894E+00
      2433   3.21967750801200111E+02   8.91558360106968628E+00
      2434   3.22030366077512952E+02   8.91595870298965743E+00
      2435   3.22092981353825905E+02   8.91633370871231001E+00
      2436   3.22155596630138859E+02   8.91670861827502037E+00
      2437   3.22218211906451756E+02   8.91708343171514173E+00
      2438   3.22280827182764710E+02   8.91745814907000778E+00
      2439   3.22343442459077664E+02   8.91783277037693445E+00
      2440   3.22406057735390561E+02   8.91820729567320925E+00
      2441   3.22468673011703459E+02   8.91858172499610902E+00
      2442   3.22531288288016412E+02   8.91895605838288219E+00
      2443   3.22593903564329310E+02   8.91933029587076120E+00
      2444   3.22656518840642264E+02   8.91970443749695541E+00
      2445   3.22719134116955217E+02   8.92007848329865283E+00
      2446   3.22781749393268115E+02   8.92045243331302196E+00
      2447   3.22844364669581012E+02   8.92082628757721174E+00
      2448   3.22906979945893909E+02   8.92120004612835160E+00
      2449   3.22969595222206920E+02   8.92157370900354607E+00
      2450   3.23032210498519817E+02   8.92194727623988015E+00
      2451   3.23094825774832771E+02   8.92232074787442464E+00
      2452   3.23157441051145668E+02   8.92269412394422012E+00
      2453   3.23220056327458622E+02   8.92306740448629476E+00
      2454   3.23282671603771519E+02   8.92344058953765185E+00
      2455   3.23345286880084473E+02   8.92381367913527335E+00
      2456   3.23407902156397370E+02   8.92418667331612703E+00
      2457   3.23470517432710324E+02   8.92455957211715045E+00
      2458   3.23533132709023221E+02   8.92493237557527053E+00
      2459   3.23597198675896266E+02   8.92531371761861969E+00
      2460   3.23661264642769368E+02   8.92569495992815298E+00
      2461   3.23725330609642356E+02   8.92607610254335349E+00
      2462   3.23789396576515458E+02   8.92645714550368297E+00
      2463   3.23853462543388446E+02   8.92683808884857832E+00
      2464   3.23917528510261548E+02   8.92721893261745514E+00
      2465   3.23981594477134536E+02   8.92759967684970768E+00
      2466   3.24045660444007581E+02   8.92798032158470534E+00
      2467   3.24109726410880683E+02   8.92836086686179975E+00
      2468   3.24173792377753728E+02   8.92874131272031413E+00
      2469   3.24237858344626773E+02   8.92912165919955569E+00
      2470   3.24301924311499818E+02   8.92950190633880503E+00
      2471   3.24365990278372863E+02   8.92988205417732317E+00
      2472   3.24430056245245908E+02   8.93026210275434806E+00
      2473   3.24494122212118953E+02   8.93064205210909456E+00
      2474   3.24558188178991998E+02   8.93102190228075621E+00
      2475   3.24622254145865099E+02   8.93140165330850699E+00
      2476   3.24686320112738144E+02   8.93178130523149427E+00
      2477   3.24750386079611133E+02   8.93216085808884586E+00
      2478   3.24814452046484178E+02   8.93254031191966646E+00
      2479   3.24878518013357223E+02   8.93291966676304128E+00
      2480   3.24942583980230268E+02   8.93329892265802883E+00
      2481   3.25006649947103313E+02   8.93367807964367167E+00
      2482   3.25070715913976414E+02   8.93405713775898391E+00
      2483   3.25134781880849403E+02   8.93443609704296371E+00
      2484   3.25198847847722504E+02   8.93481495753458255E+00
      2485   3.25262913814595549E+02   8.93519371927279238E+00
      2486   3.25326979781468594E+02   8.93557238229652384E+00
      2487   3.25391045748341639E+02   8.93595094664468270E+00
      2488   3.25455111715214684E+02   8.93632941235615519E+00
      2489   3.25519177682087729E+02   8.93670777946980621E+00
      2490   3.25583243648960774E+02   8.93708604802447582E+00
      2491   3.25647309615833876E+02   8.93746421805898628E+00
      2492   3.25711375582706921E+02   8.93784228961213500E+00
      2493   3.25775441549579909E+02   8.93822026272269810E+00
      2494   3.25839507516453011E+02   8.93859813742943210E+00
      2495   3.25903573483326056E+02   8.93897591377106693E+00
      2496   3.25967639450199101E+02   8.93935359178631295E+00
      2497   3.26031705417072146E+02   8.93973117151386454E+00
      2498   3.26095771383945134E+02   8.94010865299238588E+00
      2499   3.26159837350818236E+02   8.94048603626052518E+00
      2500   3.26223903317691338E+02   8.94086332135690398E+00
      2501   3.26287969284564326E+02   8.94124050832012607E+00
      2502   3.26352035251437371E+02   8.94161759718877214E+00
      2503   3.26416101218310416E+02   8.94199458800140334E+00
      2504   3.26480167185183461E+02   8.94237148079655420E+00
      2505   3.26544233152056506E+02   8.94274827561274321E+00
      2506   3.26608299118929551E+02   8.94312497248846228E+00
      2507   3.26672365085802653E+02   8.94350157146218727E+00
      2508   3.26736431052675698E+02   8.94387807257236744E+00
      2509   3.26800497019548686E+02   8.94425447585743250E+00
      2510   3.26864562986421731E+02   8.94463078135579259E+00
      2511   3.26928628953294833E+02   8.94500698910583125E+00
      2512   3.26992694920167878E+02   8.94538309914591778E+00
      2513   3.27056760887040923E+02   8.94575911151439129E+00
      2514   3.27120826853913968E+02   8.94613502624957668E+00
      2515   3.27184892820787013E+02   8.94651084338977221E+00
      2516   3.27248958787660058E+02   8.94688656297326190E+00
      2517   3.27313024754533103E+02   8.94726218503829784E+00
      2518   3.27377090721406148E+02   8.94763770962311966E+00
      2519   3.27441156688279193E+02   8.94801313676594390E+00
      2520   3.27505222655152238E+02   8.94838846650496045E+00
      2521   3.27569288622025340E+02   8.94876369887834322E+00
      2522   3.27633354588898385E+02   8.94913883392424481E+00
      2523   3.27697420555771373E+02   8.94951387168079115E+00
      2524   3.27761486522644418E+02   8.94988881218609400E+00
      2525   3.27825552489517463E+02   8.95026365547824021E+00
      2526   3.27889618456390565E+02   8.95063840159529178E+00
      2527   3.27953684423263610E+02   8.95101305057529828E+00
      2528   3.28017750390136712E+02   8.95138760245627907E+00
      2529   3.28081816357009700E+02   8.95176205727623575E+00
      2530   3.28145882323882745E+02   8.95213641507315216E+00
      2531   3.28209948290755790E+02   8.95251067588498550E+00
      2532   3.28274014257628835E+02   8.95288483974967519E+00
      2533   3.28338080224501880E+02   8.95325890670513935E+00
      2534   3.28402146191374925E+02   8.95363287678927122E+00
      2535   3.28466212158248027E+02   8.95400675003994628E+00
      2536   3.28530278125121072E+02   8.95438052649501870E+00
      2537   3.28594344091994117E+02   8.95475420619232310E+00
      2538   3.28658410058867105E+02   8.95512778916966745E+00
      2539   3.28722476025740150E+02   8.95550127546484376E+00
      2540   3.28786541992613195E+02   8.95587466511562269E+00
      2541   3.28850607959486297E+02   8.95624795815975006E+00
      2542   3.28914673926359285E+02   8.95662115463495390E+00
      2543   3.28978739893232387E+02   8.95699425457894272E+00
      2544   3.29042805860105432E+02   8.95736725802939837E+00
      2545   3.29106871826978534E+02   8.95774016502398673E+00
      2546   3.29170937793851522E+02   8.95811297560035058E+00
      2547   3.29235003760724624E+02   8.95848568979611137E+00
      2548   3.29299069727597669E+02   8.95885830764887459E+00
      2549   3.29363135694470714E+02   8.95923082919621550E+00
      2550   3.29427201661343759E+02   8.95960325447569517E+00
      2551   3.29491267628216804E+02   8.95997558352485335E+00
      2552   3.29555333595089849E+02   8.96034781638120670E+00
      2553   3.29619399561962894E+02   8.96071995308225233E+00
      2554   3.29683465528835939E+02   8.96109199366546605E+00
      2555   3.29747531495708927E+02   8.96146393816830411E+00
      2556   3.29811597462582029E+02   8.96183578662820146E+00
      2557   3.29875663429455074E+02   8.96220753908256640E+00
      2558   3.29939729396328119E+02   8.96257919556879834E+00
      2559   3.30003795363201164E+02   8.96295075612426473E+00
      2560   3.30067861330074209E+02   8.96332222078631879E+00
      2561   3.30131927296947254E+02   8.96369358959229068E+00
      2562   3.30195993263820355E+02   8.96406486257949098E+00
      2563   3.30260059230693344E+02   8.96443603978520542E+00
      2564   3.30324125197566389E+02   8.96480712124670731E+00
      2565   3.30388191164439434E+02   8.96517810700123796E+00
      2566   3.30452257131312535E+02   8.96554899708602981E+00
      2567   3.30516323098185580E+02   8.96591979153828689E+00
      2568   3.30580389065058625E+02   8.96629049039519543E+00
      2569   3.30644455031931670E+02   8.96666109369391862E+00
      2570   3.30708520998804659E+02   8.96703160147160361E+00
      2571   3.30772586965677704E+02   8.96740201376537271E+00
      2572   3.30836652932550805E+02   8.96777233061232870E+00
      2573   3.30900718899423850E+02   8.96814255204955657E+00
      2574   3.30964784866296895E+02   8.96851267811411468E+00
      2575   3.31028850833169940E+02   8.96888270884304717E+00
      2576   3.31094401100661685E+02   8.96926121392539777E+00
      2577   3.31159951368153486E+02   8.96963961928180353E+00
      2578   3.31225501635645173E+02   8.97001792495187722E+00
      2579   3.31291051903136918E+02   8.97039613097520316E+00
      2580   3.31356602170628719E+02   8.97077423739134971E+00
      2581   3.31422152438120406E+02   8.97115224423985502E+00
      2582   3.31487702705612151E+02   8.97153015156024125E+00
      2583   3.31553252973103895E+02   8.97190795939200392E+00
      2584   3.31618803240595639E+02   8.97228566777462255E+00
      2585   3.31684353508087383E+02   8.97266327674754649E+00
      2586   3.31749903775579071E+02   8.97304078635020730E+00
      2587   3.31815454043070929E+02   8.97341819662201345E+00
      2588   3.31881004310562616E+02   8.97379550760235034E+00
      2589   3.31946554578054361E+02   8.97417271933058025E+00
      2590   3.32012104845546105E+02   8.97454983184604771E+00
      2591   3.32077655113037849E+02   8.97492684518807060E+00
      2592   3.32143205380529537E+02   8.97530375939594549E+00
      2593   3.32208755648021338E+02   8.97568057450894763E+00
      2594   3.32274305915513082E+02   8.97605729056632740E+00
      2595   3.32339856183004827E+02   8.97643390760731918E+00
      2596   3.32405406450496571E+02   8.97681042567112897E+00
      2597   3.32470956717988315E+02   8.97718684479694318E+00
      2598   3.32536506985480059E+02   8.97756316502392337E+00
      2599   3.32602057252971804E+02   8.97793938639121691E+00
      2600   3.32667607520463491E+02   8.97831550893793739E+00
      2601   3.32733157787955292E+02   8.97869153270318776E+00
      2602   3.32798708055447037E+02   8.97906745772603898E+00
      2603   3.32864258322938781E+02   8.97944328404554781E+00
      2604   3.32929808590430525E+02   8.97981901170074615E+00
      2605   3.32995358857922270E+02   8.98019464073064100E+00
      2606   3.33060909125414014E+02   8.98057017117422163E+00
      2607   3.33126459392905758E+02   8.98094560307045242E+00
      2608   3.33192009660397503E+02   8.98132093645828000E+00
      2609   3.33257559927889247E+02   8.98169617137662080E+00
      2610   3.33323110195380991E+02   8.98207130786438057E+00
      2611   3.33388660462872735E+02   8.98244634596043312E+00
      2612   3.33454210730364480E+02   8.98282128570363625E+00
      2613   3.33519760997856224E+02   8.98319612713282112E+00
      2614   3.33585311265347912E+02   8.98357087028680290E+00
      2615   3.33650861532839713E+02   8.98394551520437190E+00
      2616   3.33716411800331457E+02   8.98432006192429533E+00
      2617   3.33781962067823144E+02   8.98469451048532264E+00
      2618   3.33847512335314946E+02   8.98506886092617307E+00
      2619   3.33913062602806690E+02   8.98544311328555523E+00
      2620   3.33978612870298434E+02   8.98581726760214927E+00
      2621   3.34044163137790179E+02   8.98619132391461228E+00
      2622   3.34109713405281923E+02   8.98656528226158535E+00
      2623   3.34175263672773667E+02   8.98693914268168115E+00
      2624   3.34240813940265411E+02   8.98731290521349813E+00
      2625   3.34306364207757156E+02   8.98768656989560455E+00
      2626   3.34371914475248843E+02   8.98806013676655446E+00
      2627   3.34437464742740588E+02   8.98843360586487883E+00
      2628   3.34503015010232389E+02   8.98880697722908195E+00
      2629   3.34568565277724076E+02   8.98918025089765216E+00
      2630   3.34634115545215877E+02   8.98955342690905468E+00
      2631   3.34699665812707622E+02   8.98992650530172988E+00
      2632   3.34765216080199366E+02   8.99029948611410035E+00
      2633   3.34830766347691053E+02   8.99067236938456738E+00
      2634   3.34896316615182798E+02   8.99104515515150560E+00
      2635   3.34961866882674542E+02   8.99141784345327544E+00
      2636   3.35027417150166286E+02   8.99179043432821246E+00
      2637   3.35092967417658087E+02   8.99216292781462734E+00
      2638   3.35158517685149832E+02   8.99253532395081479E+00
      2639   3.35224067952641519E+02   8.99290762277504463E+00
      2640   3.35289618220133264E+02   8.99327982432556539E+00
      2641   3.35355168487625065E+02   8.99365192864060781E+00
      2642   3.35420718755116752E+02   8.99402393575837600E+00
      2643   3.35486269022608496E+02   8.99439584571705630E+00
      2644   3.35551819290100241E+02   8.99476765855481197E+00
      2645   3.35617369557592042E+02   8.99513937430978494E+00
      2646   3.35682919825083729E+02   8.99551099302009760E+00
      2647   3.35748470092575474E+02   8.99588251472384925E+00
      2648   3.35814020360067218E+02   8.99625393945911611E+00
      2649   3.35879570627558962E+02   8.99662526726395839E+00
      2650   3.35945120895050707E+02   8.99699649817640967E+00
      2651   3.36010671162542451E+02   8.99736763223448577E+00
      2652   3.36076221430034195E+02   8.99773866947618117E+00
      2653   3.36141771697525940E+02   8.99810960993946374E+00
      2654   3.36207321965017684E+02   8.99848045366228888E+00
      2655   3.36272872232509428E+02   8.99885120068258182E+00
      2656   3.36338422500001172E+02   8.99922185103825534E+00
      2657   3.36403972767492917E+02   8.99959240476719202E+00
      2658   3.36469523034984661E+02   8.99996286190726380E+00
      2659   3.36535073302476405E+02   9.00033322249631063E+00
      2660   3.36600623569968150E+02   9.00070348657215646E+00
      2661   3.36666173837459894E+02   9.00107365417260574E+00
      2662   3.36731724104951638E+02   9.00144372533543979E+00
      2663   3.36797274372443383E+02   9.00181370009841864E+00
      2664   3.36862824639935127E+02   9.00218357849928275E+00
      2665   3.36928374907426871E+02   9.00255336057574951E+00
      2666   3.36993925174918616E+02   9.00292304636551499E+00
      2667   3.37059475442410360E+02   9.00329263590625750E+00
      2668   3.37125025709902104E+02   9.00366212923563225E+00
      2669   3.37190575977393848E+02   9.00403152639126958E+00
      2670   3.37256126244885593E+02   9.00440082741078918E+00
      2671   3.37321676512377337E+02   9.00477003233177875E+00
      2672   3.37387226779869081E+02   9.00513914119181003E+00
      2673   3.37452777047360826E+02   9.00550815402843519E+00
      2674   3.37518327314852570E+02   9.00587707087918332E+00
      2675   3.37583877582344314E+02   9.00624589178156221E+00
      2676   3.37649427849836059E+02   9.00661461677306185E+00
      2677   3.37714978117327803E+02   9.00698324589114385E+00
      2678   3.37780528384819547E+02   9.00735177917325913E+00
      2679   3.37846078652311292E+02   9.00772021665683198E+00
      2680   3.37911628919803036E+02   9.00808855837926714E+00
      2681   3.37977179187294780E+02   9.00845680437794627E+00
      2682   3.38042729454786524E+02   9.00882495469023148E+00
      2683   3.38108279722278269E+02   9.00919300935346534E+00
      2684   3.38173829989770013E+02   9.00956096840497267E+00
      2685   3.38239380257261757E+02   9.00992883188204985E+00
      2686   3.38304930524753502E+02   9.01029659982197728E+00
      2687   3.38370480792245246E+02   9.01066427226201583E+00
      2688   3.38436031059736990E+02   9.01103184923939970E+00
      2689   3.38501581327228735E+02   9.01139933079135069E+00
      2690   3.38567131594720422E+02   9.01176671695506570E+00
      2691   3.38632681862212223E+02   9.01213400776771678E+00
      2692   3.38698232129703968E+02   9.01250120326646353E+00
      2693   3.38765301086561294E+02   9.01287680745371489E+00
      2694   3.38832370043418678E+02   9.01325231193800569E+00
      2695   3.38899439000276061E+02   9.01362771675906060E+00
      2696   3.38966507957133388E+02   9.01400302195659542E+00
      2697   3.39033576913990771E+02   9.01437822757029217E+00
      2698   3.39100645870848155E+02   9.01475333363981512E+00
      2699   3.39167714827705538E+02   9.01512834020480724E+00
      2700   3.39234783784562865E+02   9.01550324730488484E+00
      2701   3.39301852741420248E+02   9.01587805497964645E+00
      2702   3.39368921698277632E+02   9.01625276326866576E+00
      2703   3.39435990655135015E+02   9.01662737221149513E+00
      2704   3.39503059611992342E+02   9.01700188184765850E+00
      2705   3.39570128568849725E+02   9.01737629221666737E+00
      2706   3.39637197525707109E+02   9.01775060335800482E+00
      2707   3.39704266482564492E+02   9.01812481531113264E+00
      2708   3.39771335439421875E+02   9.01849892811548948E+00
      2709   3.39838404396279202E+02   9.01887294181049270E+00
      2710   3.39905473353136586E+02   9.01924685643553836E+00
      2711   3.39972542309993969E+02   9.01962067202999762E+00
      2712   3.40039611266851296E+02   9.01999438863322034E+00
      2713   3.40106680223708679E+02   9.02036800628453506E+00
      2714   3.40173749180566062E+02   9.02074152502324722E+00
      2715   3.40240818137423446E+02   9.02111494488864096E+00
      2716   3.40307887094280773E+02   9.02148826591997732E+00
      2717   3.40374956051138213E+02   9.02186148815649602E+00
      2718   3.40442025007995539E+02   9.02223461163741192E+00
      2719   3.40509093964852923E+02   9.02260763640191854E+00
      2720   3.40576162921710306E+02   9.02298056248919345E+00
      2721   3.40643231878567633E+02   9.02335338993838398E+00
      2722   3.40710300835425016E+02   9.02372611878861619E+00
      2723   3.40777369792282400E+02   9.02409874907900011E+00
      2724   3.40844438749139783E+02   9.02447128084861561E+00
      2725   3.40911507705997167E+02   9.02484371413653008E+00
      2726   3.40978576662854493E+02   9.02521604898177898E+00
      2727   3.41045645619711877E+02   9.02558828542338354E+00
      2728   3.41112714576569260E+02   9.02596042350033478E+00
      2729   3.41179783533426587E+02   9.02633246325160954E+00
      2730   3.41246852490283970E+02   9.02670440471615976E+00
      2731   3.41313921447141354E+02   9.02707624793291430E+00
      2732   3.41380990403998737E+02   9.02744799294078248E+00
      2733   3.41448059360856064E+02   9.02781963977864876E+00
      2734   3.41515128317713447E+02   9.02819118848537805E+00
      2735   3.41582197274570831E+02   9.02856263909981216E+00
      2736   3.41649266231428157E+02   9.02893399166077160E+00
      2737   3.41716335188285541E+02   9.02930524620705377E+00
      2738   3.41783404145142924E+02   9.02967640277743477E+00
      2739   3.41850473102000308E+02   9.03004746141067294E+00
      2740   3.41917542058857691E+02   9.03041842214549639E+00
      2741   3.41984611015715075E+02   9.03078928502061729E+00
      2742   3.42051679972572401E+02   9.03116005007472644E+00
      2743   3.42118748929429728E+02   9.03153071734648982E+00
      2744   3.42185817886287168E+02   9.03190128687455207E+00
      2745   3.42252886843144495E+02   9.03227175869754006E+00
      2746   3.42319955800001878E+02   9.03264213285405404E+00
      2747   3.42387024756859262E+02   9.03301240938267469E+00
      2748   3.42454093713716645E+02   9.03338258832196139E+00
      2749   3.42521162670573972E+02   9.03375266971044866E+00
      2750   3.42588231627431355E+02   9.03412265358665501E+00
      2751   3.42655300584288739E+02   9.03449253998907231E+00
      2752   3.42722369541146065E+02   9.03486232895617292E+00
      2753   3.42789438498003449E+02   9.03523202052640784E+00
      2754   3.42856507454860832E+02   9.03560161473820500E+00
      2755   3.42923576411718216E+02   9.03597111162997280E+00
      2756   3.42990645368575542E+02   9.03634051124009474E+00
      2757   3.43057714325432926E+02   9.03670981360725989E+00
      2758   3.43124783282290309E+02   9.03707901876953912E+00
      2759   3.43191852239147693E+02   9.03744812676520048E+00
      2760   3.43258921196005019E+02   9.03781713763254579E+00
      2761   3.43325990152862403E+02   9.03818605140985021E+00
      2762   3.43393059109719786E+02   9.03855486813537468E+00
      2763   3.43460128066577170E+02   9.03892358784734995E+00
      2764   3.43527197023434553E+02   9.03929221058399079E+00
      2765   3.43594265980291880E+02   9.03966073638349066E+00
      2766   3.43661334937149263E+02   9.04002916528401812E+00
      2767   3.43728403894006647E+02   9.04039749732372577E+00
      2768   3.43795472850863973E+02   9.04076573254073956E+00
      2769   3.43862541807721414E+02   9.04113387097316767E+00
      2770   3.43929610764578740E+02   9.04150191265909164E+00
      2771   3.43996679721436124E+02   9.04186985763658058E+00
      2772   3.44063748678293507E+02   9.04223770594367160E+00
      2773   3.44130817635150834E+02   9.04260545761839118E+00
      2774   3.44197886592008217E+02   9.04297311269873738E+00
      2775   3.44264955548865601E+02   9.04334067122268870E+00
      2776   3.44332024505722984E+02   9.04370813322820233E+00
      2777   3.44399093462580311E+02   9.04407549875321770E+00
      2778   3.44466162419437694E+02   9.04444276783564405E+00
      2779   3.44533231376295078E+02   9.04480994051337994E+00
      2780   3.44600300333152461E+02   9.04517701682429554E+00
      2781   3.44667369290009788E+02   9.04554399680624499E+00
      2782   3.44734438246867171E+02   9.04591088049705583E+00
      2783   3.44801507203724555E+02   9.04627766793453958E+00
      2784   3.44868576160581938E+02   9.04664435915648113E+00
      2785   3.44935645117439265E+02   9.04701095420065116E+00
      2786   3.45002714074296648E+02   9.04737745310479191E+00
      2787   3.45069783031154032E+02   9.04774385590663144E+00
      2788   3.45136851988011415E+02   9.04811016264387113E+00
      2789   3.45203920944868742E+02   9.04847637335419286E+00
      2790   3.45270989901726125E+02   9.04884248807526248E+00
      2791   3.45338058858583508E+02   9.04920850684471567E+00
      2792   3.45405127815440892E+02   9.04957442970017389E+00
      2793   3.45472196772298219E+02   9.04994025667923552E+00
      2794   3.45539265729155602E+02   9.05030598781948115E+00
      2795   3.45606334686012985E+02   9.05067162315846119E+00
      2796   3.45673403642870312E+02   9.05103716273371717E+00
      2797   3.45740472599727696E+02   9.05140260658275864E+00
      2798   3.45807541556585079E+02   9.05176795474308449E+00
      2799   3.45874610513442406E+02   9.05213320725216342E+00
      2800   3.45941679470299789E+02   9.05249836414744991E+00
      2801   3.46008748427157173E+02   9.05286342546637357E+00
      2802   3.46075817384014556E+02   9.05322839124634626E+00
      2803   3.46142886340871939E+02   9.05359326152475674E+00
      2804   3.46209955297729266E+02   9.05395803633897422E+00
      2805   3.46277024254586649E+02   9.05432271572634484E+00
      2806   3.46344093211444033E+02   9.05468729972419695E+00
      2807   3.46411162168301416E+02   9.05505178836983582E+00
      2808   3.46478231125158743E+02   9.05541618170054896E+00
      2809   3.46545300082016126E+02   9.05578047975359901E+00
      2810   3.46613922913715498E+02   9.05615311940384160E+00
      2811   3.46682545745414927E+02   9.05652565938929222E+00
      2812   3.46751168577114299E+02   9.05689809974980164E+00
      2813   3.46819791408813671E+02   9.05727044052519403E+00
      2814   3.46888414240513100E+02   9.05764268175527043E+00
      2815   3.46957037072212472E+02   9.05801482347981235E+00
      2816   3.47025659903911901E+02   9.05838686573857643E+00
      2817   3.47094282735611273E+02   9.05875880857129978E+00
      2818   3.47162905567310645E+02   9.05913065201769108E+00
      2819   3.47231528399010017E+02   9.05950239611744301E+00
      2820   3.47300151230709446E+02   9.05987404091021986E+00
      2821   3.47368774062408818E+02   9.06024558643566813E+00
      2822   3.47437396894108190E+02   9.06061703273340946E+00
      2823   3.47506019725807619E+02   9.06098837984304062E+00
      2824   3.47574642557506991E+02   9.06135962780414239E+00
      2825   3.47643265389206363E+02   9.06173077665626892E+00
      2826   3.47711888220905792E+02   9.06210182643894946E+00
      2827   3.47780511052605164E+02   9.06247277719169730E+00
      2828   3.47849133884304592E+02   9.06284362895399553E+00
      2829   3.47917756716003964E+02   9.06321438176531302E+00
      2830   3.47986379547703336E+02   9.06358503566509022E+00
      2831   3.48055002379402765E+02   9.06395559069274626E+00
      2832   3.48123625211102137E+02   9.06432604688767896E+00
      2833   3.48192248042801509E+02   9.06469640428926660E+00
      2834   3.48260870874500938E+02   9.06506666293685903E+00
      2835   3.48329493706200310E+02   9.06543682286979013E+00
      2836   3.48398116537899682E+02   9.06580688412736535E+00
      2837   3.48466739369599111E+02   9.06617684674887059E+00
      2838   3.48535362201298483E+02   9.06654671077357399E+00
      2839   3.48603985032997912E+02   9.06691647624071173E+00
      2840   3.48672607864697227E+02   9.06728614318950576E+00
      2841   3.48741230696396656E+02   9.06765571165915674E+00
      2842   3.48809853528096028E+02   9.06802518168883331E+00
      2843   3.48878476359795400E+02   9.06839455331769528E+00
      2844   3.48947099191494829E+02   9.06876382658486691E+00
      2845   3.49015722023194201E+02   9.06913300152946178E+00
      2846   3.49084344854893629E+02   9.06950207819056331E+00
      2847   3.49152967686593001E+02   9.06987105660723714E+00
      2848   3.49221590518292430E+02   9.07023993681852581E+00
      2849   3.49290213349991802E+02   9.07060871886344877E+00
      2850   3.49358836181691174E+02   9.07097740278100595E+00
      2851   3.49427459013390546E+02   9.07134598861017061E+00
      2852   3.49496081845089975E+02   9.07171447638990003E+00
      2853   3.49564704676789347E+02   9.07208286615912485E+00
      2854   3.49633327508488719E+02   9.07245115795675439E+00
      2855   3.49701950340188148E+02   9.07281935182167842E+00
      2856   3.49770573171887520E+02   9.07318744779276187E+00
      2857   3.49839196003586892E+02   9.07355544590885010E+00
      2858   3.49907818835286321E+02   9.07392334620876539E+00
      2859   3.49976441666985693E+02   9.07429114873130693E+00
      2860   3.50045064498685122E+02   9.07465885351525436E+00
      2861   3.50113687330384494E+02   9.07502646059936424E+00
      2862   3.50182310162083922E+02   9.07539397002237180E+00
      2863   3.50250932993783238E+02   9.07576138182298919E+00
      2864   3.50319555825482666E+02   9.07612869603990724E+00
      2865   3.50388178657182095E+02   9.07649591271179546E+00
      2866   3.50456801488881467E+02   9.07686303187730203E+00
      2867   3.50525424320580839E+02   9.07723005357505386E+00
      2868   3.50594047152280211E+02   9.07759697784365294E+00
      2869   3.50662669983979640E+02   9.07796380472168352E+00
      2870   3.50731292815679012E+02   9.07833053424770320E+00
      2871   3.50799915647378441E+02   9.07869716646025360E+00
      2872   3.50868538479077813E+02   9.07906370139784968E+00
      2873   3.50937161310777185E+02   9.07943013909898866E+00
      2874   3.51005784142476557E+02   9.07979647960214287E+00
      2875   3.51074406974175986E+02   9.08016272294576510E+00
      2876   3.51143029805875358E+02   9.08052886916828683E+00
      2877   3.51211652637574787E+02   9.08089491830811468E+00
      2878   3.51280275469274159E+02   9.08126087040363927E+00
      2879   3.51348898300973531E+02   9.08162672549322281E+00
      2880   3.51417521132672960E+02   9.08199248361521150E+00
      2881   3.51486143964372332E+02   9.08235814480792669E+00
      2882   3.51554766796071704E+02   9.08272370910967020E+00
      2883   3.51623389627771132E+02   9.08308917655872072E+00
      2884   3.51692012459470504E+02   9.08345454719333922E+00
      2885   3.51760635291169876E+02   9.08381982105175823E+00
      2886   3.51829258122869305E+02   9.08418499817219427E+00
      2887   3.51897880954568677E+02   9.08455007859284258E+00
      2888   3.51966503786268049E+02   9.08491506235187352E+00
      2889   3.52035126617967421E+02   9.08527994948743611E+00
      2890   3.52103749449666850E+02   9.08564474003766342E+00
      2891   3.52172372281366222E+02   9.08600943404066186E+00
      2892   3.52240995113065651E+02   9.08637403153451828E+00
      2893   3.52309617944765023E+02   9.08673853255729647E+00
      2894   3.52378240776464395E+02   9.08710293714704065E+00
      2895   3.52446863608163767E+02   9.08746724534177375E+00
      2896   3.52515486439863196E+02   9.08783145717949736E+00
      2897   3.52584109271562568E+02   9.08819557269819178E+00
      2898   3.52652732103261997E+02   9.08855959193581420E+00
      2899   3.52721354934961369E+02   9.08892351493030226E+00
      2900   3.52789977766660741E+02   9.08928734171957231E+00
      2901   3.52858600598360169E+02   9.08965107234152114E+00
      2902   3.52927223430059541E+02   9.09001470683401891E+00
      2903   3.52995846261758970E+02   9.09037824523491800E+00
      2904   3.53064469093458342E+02   9.09074168758205303E+00
      2905   3.53133091925157714E+02   9.09110503391323199E+00
      2906   3.53201714756857086E+02   9.09146828426624332E+00
      2907   3.53270337588556515E+02   9.09183143867885590E+00
      2908   3.53338960420255887E+02   9.09219449718881556E+00
      2909   3.53407583251955259E+02   9.09255745983384855E+00
      2910   3.53476206083654688E+02   9.09292032665165983E+00
      2911   3.53544828915354060E+02   9.09328309767992948E+00
      2912   3.53613451747053432E+02   9.09364577295632159E+00
      2913   3.53682074578752861E+02   9.09400835251848072E+00
      2914   3.53750697410452233E+02   9.09437083640402300E+00
      2915   3.53819320242151662E+02   9.09473322465054679E+00
      2916   3.53887943073851034E+02   9.09509551729563448E+00
      2917   3.53956565905550463E+02   9.09545771437684003E+00
      2918   3.54025188737249778E+02   9.09581981593169964E+00
      2919   3.54093811568949207E+02   9.09618182199772995E+00
      2920   3.54162434400648579E+02   9.09654373261242455E+00
      2921   3.54231057232348007E+02   9.09690554781325744E+00
      2922   3.54299680064047379E+02   9.09726726763768134E+00
      2923   3.54368302895746751E+02   9.09762889212312587E+00
      2924   3.54436925727446180E+02   9.09799042130700109E+00
      2925   3.54505548559145552E+02   9.09835185522670109E+00
      2926   3.54574171390844924E+02   9.09871319391959155E+00
      2927   3.54644384098051034E+02   9.09908280569902139E+00
      2928   3.54714596805257145E+02   9.09945231786712050E+00
      2929   3.54784809512463312E+02   9.09982173046384624E+00
      2930   3.54855022219669422E+02   9.10019104352913288E+00
      2931   3.54925234926875532E+02   9.10056025710289873E+00
      2932   3.54995447634081643E+02   9.10092937122503010E+00
      2933   3.55065660341287753E+02   9.10129838593539908E+00
      2934   3.55135873048493863E+02   9.10166730127384760E+00
      2935   3.55206085755699917E+02   9.10203611728019979E+00
      2936   3.55276298462906027E+02   9.10240483399425671E+00
      2937   3.55346511170112194E+02   9.10277345145579453E+00
      2938   3.55416723877318304E+02   9.10314196970456990E+00
      2939   3.55486936584524358E+02   9.10351038878031282E+00
      2940   3.55557149291730525E+02   9.10387870872273552E+00
      2941   3.55627361998936635E+02   9.10424692957152182E+00
      2942   3.55697574706142746E+02   9.10461505136633775E+00
      2943   3.55767787413348856E+02   9.10498307414682451E+00
      2944   3.55838000120554966E+02   9.10535099795260372E+00
      2945   3.55908212827761076E+02   9.10571882282326861E+00
      2946   3.55978425534967187E+02   9.10608654879839641E+00
      2947   3.56048638242173297E+02   9.10645417591753592E+00
      2948   3.56118850949379407E+02   9.10682170422021997E+00
      2949   3.56189063656585517E+02   9.10718913374595118E+00
      2950   3.56259276363791628E+02   9.10755646453421797E+00
      2951   3.56329489070997738E+02   9.10792369662448031E+00
      2952   3.56399701778203848E+02   9.10829083005617868E+00
      2953   3.56469914485409959E+02   9.10865786486872864E+00
      2954   3.56540127192616069E+02   9.10902480110152446E+00
      2955   3.56610339899822236E+02   9.10939163879394087E+00
      2956   3.56680552607028289E+02   9.10975837798532773E+00
      2957   3.56750765314234400E+02   9.11012501871501001E+00
      2958   3.56820978021440510E+02   9.11049156102229674E+00
      2959   3.56891190728646620E+02   9.11085800494646847E+00
      2960   3.56961403435852787E+02   9.11122435052678803E+00
      2961   3.57031616143058898E+02   9.11159059780249159E+00
      2962   3.57101828850264951E+02   9.11195674681279755E+00
      2963   3.57172041557471061E+02   9.11232279759689767E+00
      2964   3.57242254264677229E+02   9.11268875019396773E+00
      2965   3.57312466971883339E+02   9.11305460464315331E+00
      2966   3.57382679679089449E+02   9.11342036098358399E+00
      2967   3.57452892386295559E+02   9.11378601925436627E+00
      2968   3.57523105093501670E+02   9.11415157949457999E+00
      2969   3.57593317800707780E+02   9.11451704174328903E+00
      2970   3.57663530507913833E+02   9.11488240603953237E+00
      2971   3.57733743215120001E+02   9.11524767242232592E+00
      2972   3.57803955922326111E+02   9.11561284093066249E+00
      2973   3.57874168629532221E+02   9.11597791160351889E+00
      2974   3.57944381336738331E+02   9.11634288447984353E+00
      2975   3.58014594043944442E+02   9.11670775959856527E+00
      2976   3.58084806751150552E+02   9.11707253699859166E+00
      2977   3.58155019458356662E+02   9.11743721671880714E+00
      2978   3.58225232165562772E+02   9.11780179879807129E+00
      2979   3.58295444872768883E+02   9.11816628327522949E+00
      2980   3.58365657579974993E+02   9.11853067018909869E+00
      2981   3.58435870287181103E+02   9.11889495957847451E+00
      2982   3.58506082994387214E+02   9.11925915148213306E+00
      2983   3.58576295701593324E+02   9.11962324593882556E+00
      2984   3.58646508408799491E+02   9.11998724298728725E+00
      2985   3.58716721116005544E+02   9.12035114266622138E+00
      2986   3.58786933823211655E+02   9.12071494501432234E+00
      2987   3.58857146530417765E+02   9.12107865007025076E+00
      2988   3.58927359237623875E+02   9.12144225787265128E+00
      2989   3.58997571944829986E+02   9.12180576846014723E+00
      2990   3.59067784652036096E+02   9.12216918187133885E+00
      2991   3.59137997359242206E+02   9.12253249814480149E+00
      2992   3.59208210066448316E+02   9.12289571731909632E+00
      2993   3.59278422773654484E+02   9.12325883943275429E+00
      2994   3.59348635480860537E+02   9.12362186452429036E+00
      2995   3.59418848188066647E+02   9.12398479263219464E+00
      2996   3.59489060895272758E+02   9.12434762379493947E+00
      2997   3.59559273602478868E+02   9.12471035805097230E+00
      2998   3.59629486309684978E+02   9.12507299543871753E+00
      2999   3.59699699016891145E+02   9.12543553599658175E+00
      3000   3.59769911724097199E+02   9.12579797976294671E+00
      3001   3.59840124431303366E+02   9.12616032677617817E+00
      3002   3.59910337138509476E+02   9.12652257707460990E+00
      3003   3.59980549845715586E+02   9.12688473069656503E+00
      3004   3.60050762552921697E+02   9.12724678768033826E+00
      3005   3.60120975260127807E+02   9.12760874806420652E+00
      3006   3.60191187967333917E+02   9.12797061188642189E+00
      3007   3.60261400674540027E+02   9.12833237918521867E+00
      3008   3.60331613381746138E+02   9.12869404999880452E+00
      3009   3.60401826088952248E+02   9.12905562436537110E+00
      3010   3.60472038796158358E+02   9.12941710232308523E+00
      3011   3.60542251503364469E+02   9.12977848391009417E+00
      3012   3.60612464210570579E+02   9.13013976916452386E+00
      3013   3.60682676917776689E+02   9.13050095812447537E+00
      3014   3.60752889624982799E+02   9.13086205082803026E+00
      3015   3.60823102332188910E+02   9.13122304731325229E+00
      3016   3.60893315039395020E+02   9.13158394761818037E+00
      3017   3.60963527746601187E+02   9.13194475178083032E+00
      3018   3.61033740453807241E+02   9.13230545983920017E+00
      3019   3.61103953161013351E+02   9.13266607183126666E+00
      3020   3.61174165868219461E+02   9.13302658779498167E+00
      3021   3.61244378575425628E+02   9.13338700776827750E+00
      3022   3.61314591282631739E+02   9.13374733178906872E+00
      3023   3.61384803989837792E+02   9.13410755989524148E+00
      3024   3.61455016697043959E+02   9.13446769212466947E+00
      3025   3.61525229404250013E+02   9.13482772851519798E+00
      3026   3.61595442111456180E+02   9.13518766910465096E+00
      3027   3.61665654818662233E+02   9.13554751393083642E+00
      3028   3.61735867525868400E+02   9.13590726303154099E+00
      3029   3.61806080233074510E+02   9.13626691644452293E+00
      3030   3.61876292940280621E+02   9.13662647420752805E+00
      3031   3.61946505647486731E+02   9.13698593635827194E+00
      3032   3.62016718354692841E+02   9.13734530293445957E+00
      3033   3.62086931061898952E+02   9.13770457397376923E+00
      3034   3.62157143769105062E+02   9.13806374951385436E+00
      3035   3.62227356476311115E+02   9.13842282959235241E+00
      3036   3.62297569183517282E+02   9.13878181424688130E+00
      3037   3.62367781890723393E+02   9.13914070351503405E+00
      3038   3.62437994597929503E+02   9.13949949743438061E+00
      3039   3.62508207305135613E+02   9.13985819604247851E+00
      3040   3.62578420012341724E+02   9.14021679937685327E+00
      3041   3.62648632719547834E+02   9.14057530747502156E+00
      3042   3.62718845426753944E+02   9.14093372037446805E+00
      3043   3.62789058133960054E+02   9.14129203811266144E+00
      3044   3.62860897551412336E+02   9.14165855901491575E+00
      3045   3.62932736968864617E+02   9.14202498037467848E+00
      3046   3.63004576386316842E+02   9.14239130223201180E+00
      3047   3.63076415803769180E+02   9.14275752462696012E+00
      3048   3.63148255221221405E+02   9.14312364759954121E+00
      3049   3.63220094638673686E+02   9.14348967118975509E+00
      3050   3.63291934056125967E+02   9.14385559543757331E+00
      3051   3.63363773473578249E+02   9.14422142038294616E+00
      3052   3.63435612891030473E+02   9.14458714606580081E+00
      3053   3.63507452308482755E+02   9.14495277252604666E+00
      3054   3.63579291725935036E+02   9.14531829980356470E+00
      3055   3.63651131143387317E+02   9.14568372793821460E+00
      3056   3.63722970560839599E+02   9.14604905696983295E+00
      3057   3.63794809978291880E+02   9.14641428693823499E+00
      3058   3.63866649395744105E+02   9.14677941788321114E+00
      3059   3.63938488813196443E+02   9.14714444984453223E+00
      3060   3.64010328230648668E+02   9.14750938286194604E+00
      3061   3.64082167648100949E+02   9.14787421697517367E+00
      3062   3.64154007065553230E+02   9.14823895222391492E+00
      3063   3.64225846483005512E+02   9.14860358864785184E+00
      3064   3.64297685900457793E+02   9.14896812628663980E+00
      3065   3.64369525317910075E+02   9.14933256517991111E+00
      3066   3.64441364735362299E+02   9.14969690536727498E+00
      3067   3.64513204152814581E+02   9.15006114688832106E+00
      3068   3.64585043570266862E+02   9.15042528978261771E+00
      3069   3.64656882987719143E+02   9.15078933408970308E+00
      3070   3.64728722405171368E+02   9.15115327984910110E+00
      3071   3.64800561822623649E+02   9.15151712710030907E+00
      3072   3.64872401240075931E+02   9.15188087588280474E+00
      3073   3.64944240657528212E+02   9.15224452623603746E+00
      3074   3.65016080074980493E+02   9.15260807819944056E+00
      3075   3.65087919492432718E+02   9.15297153181242251E+00
      3076   3.65159758909884999E+02   9.15333488711436694E+00
      3077   3.65231598327337281E+02   9.15369814414463967E+00
      3078   3.65303437744789562E+02   9.15406130294258347E+00
      3079   3.65375277162241844E+02   9.15442436354751443E+00
      3080   3.65447116579694125E+02   9.15478732599873091E+00
      3081   3.65518955997146406E+02   9.15515019033550637E+00
      3082   3.65590795414598688E+02   9.15551295659708941E+00
      3083   3.65662634832050912E+02   9.15587562482271800E+00
      3084   3.65734474249503194E+02   9.15623819505159098E+00
      3085   3.65806313666955475E+02   9.15660066732290012E+00
      3086   3.65878153084407757E+02   9.15696304167580166E+00
      3087   3.65949992501859981E+02   9.15732531814944295E+00
      3088   3.66021831919312319E+02   9.15768749678294114E+00
      3089   3.66093671336764601E+02   9.15804957761538674E+00
      3090   3.66165510754216825E+02   9.15841156068586315E+00
      3091   3.66237350171669107E+02   9.15877344603341470E+00
      3092   3.66309189589121388E+02   9.15913523369707328E+00
      3093   3.66381029006573669E+02   9.15949692371585122E+00
      3094   3.66452868424025951E+02   9.15985851612872715E+00
      3095   3.66524707841478175E+02   9.16022001097466898E+00
      3096   3.66596547258930457E+02   9.16058140829261802E+00
      3097   3.66668386676382738E+02   9.16094270812149247E+00
      3098   3.66740226093835020E+02   9.16130391050019099E+00
      3099   3.66812065511287301E+02   9.16166501546758916E+00
      3100   3.66883904928739526E+02   9.16202602306253766E+00
      3101   3.66955744346191864E+02   9.16238693332387122E+00
      3102   3.67027583763644088E+02   9.16274774629039790E+00
      3103   3.67099423181096370E+02   9.16310846200090445E+00
      3104   3.67171262598548651E+02   9.16346908049415987E+00
      3105   3.67243102016000933E+02   9.16382960180890294E+00
      3106   3.67314941433453214E+02   9.16419002598385823E+00
      3107   3.67386780850905438E+02   9.16455035305772547E+00
      3108   3.67458620268357720E+02   9.16491058306918305E+00
      3109   3.67530459685810001E+02   9.16527071605688448E+00
      3110   3.67602299103262283E+02   9.16563075205946909E+00
      3111   3.67674138520714564E+02   9.16599069111554421E+00
      3112   3.67745977938166789E+02   9.16635053326370297E+00
      3113   3.67817817355619127E+02   9.16671027854251363E+00
      3114   3.67889656773071351E+02   9.16706992699052492E+00
      3115   3.67961496190523633E+02   9.16742947864625890E+00
      3116   3.68033335607975914E+02   9.16778893354822344E+00
      3117   3.68105175025428139E+02   9.16814829173489798E+00
      3118   3.68177014442880420E+02   9.16850755324474243E+00
      3119   3.68248853860332702E+02   9.16886671811619536E+00
      3120   3.68320693277784983E+02   9.16922578638767405E+00
      3121   3.68392532695237264E+02   9.16958475809757445E+00
      3122   3.68464372112689546E+02   9.16994363328426942E+00
      3123   3.68536211530141827E+02   9.17030241198611051E+00
      3124   3.68608050947594052E+02   9.17066109424142795E+00
      3125   3.68679890365046333E+02   9.17101968008853063E+00
      3126   3.68751729782498614E+02   9.17137816956570617E+00
      3127   3.68823569199950896E+02   9.17173656271121907E+00
      3128   3.68895408617403177E+02   9.17209485956331427E+00
      3129   3.68967248034855459E+02   9.17245306016021367E+00
      3130   3.69039087452307683E+02   9.17281116454011780E+00
      3131   3.69110926869760021E+02   9.17316917274120769E+00
      3132   3.69182766287212246E+02   9.17352708480163948E+00
      3133   3.69254605704664527E+02   9.17388490075955154E+00
      3134   3.69326445122116809E+02   9.17424262065305740E+00
      3135   3.69398284539569033E+02   9.17460024452025102E+00
      3136   3.69470123957021315E+02   9.17495777239920507E+00
      3137   3.69541963374473596E+02   9.17531520432796910E+00
      3138   3.69613802791925878E+02   9.17567254034457314E+00
      3139   3.69685642209378159E+02   9.17602978048702411E+00
      3140   3.69757481626830440E+02   9.17638692479331297E+00
      3141   3.69829321044282665E+02   9.17674397330140046E+00
      3142   3.69901160461735003E+02   9.17710092604923133E+00
      3143   3.69972999879187228E+02   9.17745778307472904E+00
      3144   3.70044839296639509E+02   9.17781454441579569E+00
      3145   3.70116678714091790E+02   9.17817121011030856E+00
      3146   3.70188518131544072E+02   9.17852778019613069E+00
      3147   3.70260357548996353E+02   9.17888425471109670E+00
      3148   3.70332196966448578E+02   9.17924063369302345E+00
      3149   3.70404036383900859E+02   9.17959691717970649E+00
      3150   3.70475875801353141E+02   9.17995310520891827E+00
      3151   3.70547715218805365E+02   9.18030919781841348E+00
      3152   3.70619554636257703E+02   9.18066519504592371E+00
      3153   3.70691394053709928E+02   9.18102109692915747E+00
      3154   3.70763233471162209E+02   9.18137690350580549E+00
      3155   3.70835072888614491E+02   9.18173261481353542E+00
      3156   3.70906912306066772E+02   9.18208823088999537E+00
      3157   3.70978751723519053E+02   9.18244375177281213E+00
      3158   3.71050591140971278E+02   9.18279917749958408E+00
      3159   3.71122430558423616E+02   9.18315450810790423E+00
      3160   3.71194269975875841E+02   9.18350974363532835E+00
      3161   3.71267773791712671E+02   9.18387311100045167E+00
      3162   3.71341277607549500E+02   9.18423637890740707E+00
      3163   3.71414781423386330E+02   9.18459954739635975E+00
      3164   3.71488285239223103E+02   9.18496261650745538E+00
      3165   3.71561789055059933E+02   9.18532558628081119E+00
      3166   3.71635292870896762E+02   9.18568845675652668E+00
      3167   3.71708796686733592E+02   9.18605122797467466E+00
      3168   3.71782300502570422E+02   9.18641389997530844E+00
      3169   3.71855804318407195E+02   9.18677647279845644E+00
      3170   3.71929308134244025E+02   9.18713894648412221E+00
      3171   3.72002811950080797E+02   9.18750132107228801E+00
      3172   3.72076315765917684E+02   9.18786359660291829E+00
      3173   3.72149819581754514E+02   9.18822577311594557E+00
      3174   3.72223323397591287E+02   9.18858785065128458E+00
      3175   3.72296827213428116E+02   9.18894982924883053E+00
      3176   3.72370331029264946E+02   9.18931170894844662E+00
      3177   3.72443834845101719E+02   9.18967348978998189E+00
      3178   3.72517338660938549E+02   9.19003517181326046E+00
      3179   3.72590842476775379E+02   9.19039675505808162E+00
      3180   3.72664346292612208E+02   9.19075823956421978E+00
      3181   3.72737850108449038E+02   9.19111962537143512E+00
      3182   3.72811353924285811E+02   9.19148091251945587E+00
      3183   3.72884857740122641E+02   9.19184210104799249E+00
      3184   3.72958361555959470E+02   9.19220319099673411E+00
      3185   3.73031865371796243E+02   9.19256418240534323E+00
      3186   3.73105369187633073E+02   9.19292507531346104E+00
      3187   3.73178873003469903E+02   9.19328586976070739E+00
      3188   3.73252376819306733E+02   9.19364656578668082E+00
      3189   3.73325880635143506E+02   9.19400716343094970E+00
      3190   3.73399384450980335E+02   9.19436766273306993E+00
      3191   3.73472888266817165E+02   9.19472806373257079E+00
      3192   3.73546392082653995E+02   9.19508836646895489E+00
      3193   3.73619895898490824E+02   9.19544857098171065E+00
      3194   3.73693399714327597E+02   9.19580867731029450E+00
      3195   3.73766903530164484E+02   9.19616868549414868E+00
      3196   3.73840407346001257E+02   9.19652859557268876E+00
      3197   3.73913911161838087E+02   9.19688840758530901E+00
      3198   3.73987414977674860E+02   9.19724812157137883E+00
      3199   3.74060918793511689E+02   9.19760773757024985E+00
      3200   3.74134422609348519E+02   9.19796725562124884E+00
      3201   3.74207926425185349E+02   9.19832667576367946E+00
      3202   3.74281430241022179E+02   9.19868599803682407E+00
      3203   3.74354934056858951E+02   9.19904522247994016E+00
      3204   3.74428437872695781E+02   9.19940434913226923E+00
      3205   3.74501941688532611E+02   9.19976337803302435E+00
      3206   3.74575445504369441E+02   9.20012230922139729E+00
      3207   3.74648949320206270E+02   9.20048114273656026E+00
      3208   3.74722453136043100E+02   9.20083987861766062E+00
      3209   3.74795956951879873E+02   9.20119851690382440E+00
      3210   3.74869460767716646E+02   9.20155705763415632E+00
      3211   3.74942964583553476E+02   9.20191550084773802E+00
      3212   3.75016468399390305E+02   9.20227384658362801E+00
      3213   3.75089972215227135E+02   9.20263209488086353E+00
      3214   3.75163476031063965E+02   9.20299024577846048E+00
      3215   3.75236979846900738E+02   9.20334829931541343E+00
      3216   3.75310483662737568E+02   9.20370625553069033E+00
      3217   3.75383987478574397E+02   9.20406411446324135E+00
      3218   3.75457491294411227E+02   9.20442187615199359E+00
      3219   3.75530995110248057E+02   9.20477954063585102E+00
      3220   3.75604498926084887E+02   9.20513710795369811E+00
      3221   3.75678002741921659E+02   9.20549457814439265E+00
      3222   3.75751506557758489E+02   9.20585195124677469E+00
      3223   3.75825010373595262E+02   9.20620922729965940E+00
      3224   3.75898514189432149E+02   9.20656640634184420E+00
      3225   3.75972018005268978E+02   9.20692348841209984E+00
      3226   3.76045521821105751E+02   9.20728047354917578E+00
      3227   3.76119025636942581E+02   9.20763736179180370E+00
      3228   3.76192529452779411E+02   9.20799415317868863E+00
      3229   3.76266033268616241E+02   9.20835084774851609E+00
      3230   3.76339537084453013E+02   9.20870744553994847E+00
      3231   3.76413040900289843E+02   9.20906394659162686E+00
      3232   3.76486544716126673E+02   9.20942035094216926E+00
      3233   3.76560048531963446E+02   9.20977665863017769E+00
      3234   3.76633552347800276E+02   9.21013286969422218E+00
      3235   3.76707056163637105E+02   9.21048898417286033E+00
      3236   3.76780559979473878E+02   9.21084500210462309E+00
      3237   3.76854063795310765E+02   9.21120092352802011E+00
      3238   3.76927567611147595E+02   9.21155674848154149E+00
      3239   3.77001071426984367E+02   9.21191247700365246E+00
      3240   3.77074575242821197E+02   9.21226810913279870E+00
      3241   3.77148079058657970E+02   9.21262364490740104E+00
      3242   3.77221582874494800E+02   9.21297908436586610E+00
      3243   3.77295086690331630E+02   9.21333442754656851E+00
      3244   3.77368590506168459E+02   9.21368967448787224E+00
      3245   3.77442094322005289E+02   9.21404482522810930E+00
      3246   3.77515598137842062E+02   9.21439987980559572E+00
      3247   3.77589101953678892E+02   9.21475483825862618E+00
      3248   3.77662605769515721E+02   9.21510970062547052E+00
      3249   3.77736109585352494E+02   9.21546446694438259E+00
      3250   3.77809613401189324E+02   9.21581913725358604E+00
      3251   3.77883117217026154E+02   9.21617371159129384E+00
      3252   3.77956621032862984E+02   9.21652818999568524E+00
      3253   3.78030124848699813E+02   9.21688257250492882E+00
      3254   3.78103628664536643E+02   9.21723685915716473E+00
      3255   3.78177132480373416E+02   9.21759104999051715E+00
      3256   3.78250636296210246E+02   9.21794514504308182E+00
      3257   3.78324140112047075E+02   9.21829914435294029E+00
      3258   3.78397643927883905E+02   9.21865304795814566E+00
      3259   3.78471147743720678E+02   9.21900685589673685E+00
      3260   3.78544651559557508E+02   9.21936056820672434E+00
      3261   3.78618155375394338E+02   9.21971418492610439E+00
      3262   3.78691659191231167E+02   9.22006770609284487E+00
      3263   3.78765163007067940E+02   9.22042113174489764E+00
      3264   3.78838666822904827E+02   9.22077446192018968E+00
      3265   3.78912170638741600E+02   9.22112769665663023E+00
      3266   3.78985674454578430E+02   9.22148083599210189E+00
      3267   3.79059178270415202E+02   9.22183387996447301E+00
      3268   3.79132682086252032E+02   9.22218682861158179E+00
      3269   3.79206185902088862E+02   9.22253968197125573E+00
      3270   3.79279689717925692E+02   9.22289244008129216E+00
      3271   3.79353193533762521E+02   9.22324510297947064E+00
      3272   3.79426697349599351E+02   9.22359767070354941E+00
      3273   3.79500201165436124E+02   9.22395014329126717E+00
      3274   3.79573704981272954E+02   9.22430252078033952E+00
      3275   3.79647208797109727E+02   9.22465480320845899E+00
      3276   3.79720712612946613E+02   9.22500699061330209E+00
      3277   3.79794216428783443E+02   9.22535908303252050E+00
      3278   3.79869423204313875E+02   9.22571923456760423E+00
      3279   3.79944629979844365E+02   9.22607928674444544E+00
      3280   3.80019836755374797E+02   9.22643923960330348E+00
      3281   3.80095043530905286E+02   9.22679909318441815E+00
      3282   3.80170250306435719E+02   9.22715884752800264E+00
      3283   3.80245457081966208E+02   9.22751850267425233E+00
      3284   3.80320663857496697E+02   9.22787805866333599E+00
      3285   3.80395870633027187E+02   9.22823751553540106E+00
      3286   3.80471077408557619E+02   9.22859687333057011E+00
      3287   3.80546284184088108E+02   9.22895613208894261E+00
      3288   3.80621490959618598E+02   9.22931529185059851E+00
      3289   3.80696697735149030E+02   9.22967435265559111E+00
      3290   3.80771904510679519E+02   9.23003331454395237E+00
      3291   3.80847111286209952E+02   9.23039217755569119E+00
      3292   3.80922318061740441E+02   9.23075094173079513E+00
      3293   3.80997524837270873E+02   9.23110960710922335E+00
      3294   3.81072731612801363E+02   9.23146817373092077E+00
      3295   3.81147938388331852E+02   9.23182664163580213E+00
      3296   3.81223145163862284E+02   9.23218501086376087E+00
      3297   3.81298351939392774E+02   9.23254328145466907E+00
      3298   3.81373558714923263E+02   9.23290145344837754E+00
      3299   3.81448765490453695E+02   9.23325952688471219E+00
      3300   3.81523972265984185E+02   9.23361750180347229E+00
      3301   3.81599179041514674E+02   9.23397537824444470E+00
      3302   3.81674385817045106E+02   9.23433315624738071E+00
      3303   3.81749592592575539E+02   9.23469083585202100E+00
      3304   3.81824799368106085E+02   9.23504841709807422E+00
      3305   3.81900006143636517E+02   9.23540590002523132E+00
      3306   3.81975212919167006E+02   9.23576328467315832E+00
      3307   3.82050419694697439E+02   9.23612057108150175E+00
      3308   3.82125626470227928E+02   9.23647775928988146E+00
      3309   3.82200833245758417E+02   9.23683484933789778E+00
      3310   3.82276040021288907E+02   9.23719184126512616E+00
      3311   3.82351246796819339E+02   9.23754873511112073E+00
      3312   3.82426453572349772E+02   9.23790553091541433E+00
      3313   3.82501660347880261E+02   9.23826222871751312E+00
      3314   3.82576867123410750E+02   9.23861882855690730E+00
      3315   3.82652073898941183E+02   9.23897533047305686E+00
      3316   3.82727280674471672E+02   9.23933173450540401E+00
      3317   3.82802487450002161E+02   9.23968804069337146E+00
      3318   3.82877694225532593E+02   9.24004424907634814E+00
      3319   3.82952901001063083E+02   9.24040035969371409E+00
      3320   3.83028107776593572E+02   9.24075637258481919E+00
      3321   3.83103314552124004E+02   9.24111228778899019E+00
      3322   3.83178521327654494E+02   9.24146810534553609E+00
      3323   3.83253728103184926E+02   9.24182382529374280E+00
      3324   3.83328934878715415E+02   9.24217944767286781E+00
      3325   3.83404141654245905E+02   9.24253497252215261E+00
      3326   3.83479348429776394E+02   9.24289039988081562E+00
      3327   3.83554555205306826E+02   9.24324572978805215E+00
      3328   3.83629761980837316E+02   9.24360096228303263E+00
      3329   3.83704968756367748E+02   9.24395609740490798E+00
      3330   3.83780175531898237E+02   9.24431113519280778E+00
      3331   3.83855382307428727E+02   9.24466607568583498E+00
      3332   3.83930589082959159E+02   9.24502091892307654E+00
      3333   3.84005795858489648E+02   9.24537566494359275E+00
      3334   3.84081002634020081E+02   9.24573031378642263E+00
      3335   3.84156209409550627E+02   9.24608486549058206E+00
      3336   3.84231416185081059E+02   9.24643932009506742E+00
      3337   3.84306622960611548E+02   9.24679367763885018E+00
      3338   3.84381829736141981E+02   9.24714793816088232E+00
      3339   3.84457036511672470E+02   9.24750210170009090E+00
      3340   3.84532243287202959E+02   9.24785616829538348E+00
      3341   3.84607450062733392E+02   9.24821013798564451E+00
      3342   3.84682656838263824E+02   9.24856401080973534E+00
      3343   3.84757863613794314E+02   9.24891778680649601E+00
      3344   3.84833070389324803E+02   9.24927146601474526E+00
      3345   3.84908277164855292E+02   9.24962504847327871E+00
      3346   3.84983483940385725E+02   9.24997853422087069E+00
      3347   3.85058690715916214E+02   9.25033192329627418E+00
      3348   3.85133897491446703E+02   9.25068521573821911E+00
      3349   3.85209104266977135E+02   9.25103841158541229E+00
      3350   3.85284311042507625E+02   9.25139151087654277E+00
      3351   3.85359517818038057E+02   9.25174451365027295E+00
      3352   3.85434724593568546E+02   9.25209741994524393E+00
      3353   3.85509931369099036E+02   9.25245022980007903E+00
      3354   3.85585138144629468E+02   9.25280294325337671E+00
      3355   3.85660344920159957E+02   9.25315556034371234E+00
      3356   3.85735551695690447E+02   9.25350808110964174E+00
      3357   3.85810758471220879E+02   9.25386050558969764E+00
      3358   3.85885965246751368E+02   9.25421283382239324E+00
      3359   3.85961172022281858E+02   9.25456506584621685E+00
      3360   3.86036378797812290E+02   9.25491720169963550E+00
      3361   3.86111585573342779E+02   9.25526924142109841E+00
      3362   3.86186792348873269E+02   9.25562118504902642E+00
      3363   3.86261999124403701E+02   9.25597303262182258E+00
      3364   3.86337205899934190E+02   9.25632478417787219E+00
      3365   3.86412412675464680E+02   9.25667643975552856E+00
      3366   3.86487619450995112E+02   9.25702799939313259E+00
      3367   3.86562826226525601E+02   9.25737946312899851E+00
      3368   3.86638033002056090E+02   9.25773083100142458E+00
      3369   3.86713239777586523E+02   9.25808210304867885E+00
      3370   3.86788446553117012E+02   9.25843327930901339E+00
      3371   3.86863653328647445E+02   9.25878435982065895E+00
      3372   3.86938860104177934E+02   9.25913534462182497E+00
      3373   3.87014066879708423E+02   9.25948623375069246E+00
      3374   3.87089273655238856E+02   9.25983702724543178E+00
      3375   3.87164480430769345E+02   9.26018772514418309E+00
      3376   3.87239687206299777E+02   9.26053832748506878E+00
      3377   3.87314893981830267E+02   9.26088883430618992E+00
      3378   3.87390100757360756E+02   9.26123924564562451E+00
      3379   3.87465307532891188E+02   9.26158956154143098E+00
      3380   3.87540514308421677E+02   9.26193978203164292E+00
      3381   3.87615721083952110E+02   9.26228990715427614E+00
      3382   3.87690927859482599E+02   9.26263993694732335E+00
      3383   3.87766134635013088E+02   9.26298987144875774E+00
      3384   3.87841341410543578E+02   9.26333971069652584E+00
      3385   3.87916548186074067E+02   9.26368945472855998E+00
      3386   3.87991754961604499E+02   9.26403910358276583E+00
      3387   3.88066961737134989E+02   9.26438865729703309E+00
      3388   3.88142168512665421E+02   9.26473811590922125E+00
      3389   3.88217375288195910E+02   9.26508747945717737E+00
      3390   3.88292582063726400E+02   9.26543674797872008E+00
      3391   3.88367788839256832E+02   9.26578592151165559E+00
      3392   3.88442995614787321E+02   9.26613500009375990E+00
      3393   3.88518202390317754E+02   9.26648398376279125E+00
      3394   3.88593409165848243E+02   9.26683287255649013E+00
      3395   3.88670358355782071E+02   9.26718974635768689E+00
      3396   3.88747307545715842E+02   9.26754652091627840E+00
      3397   3.88824256735649726E+02   9.26790319627261994E+00
      3398   3.88901205925583497E+02   9.26825977246703658E+00
      3399   3.88978155115517325E+02   9.26861624953983565E+00
      3400   3.89055104305451152E+02   9.26897262753130136E+00
      3401   3.89132053495384923E+02   9.26932890648169305E+00
      3402   3.89209002685318751E+02   9.26968508643124522E+00
      3403   3.89285951875252522E+02   9.27004116742017459E+00
      3404   3.89362901065186406E+02   9.27039714948867122E+00
      3405   3.89439850255120234E+02   9.27075303267690032E+00
      3406   3.89516799445054005E+02   9.27110881702500933E+00
      3407   3.89593748634987833E+02   9.27146450257311727E+00
      3408   3.89670697824921604E+02   9.27182008936132185E+00
      3409   3.89747647014855431E+02   9.27217557742970122E+00
      3410   3.89824596204789259E+02   9.27253096681830513E+00
      3411   3.89901545394723030E+02   9.27288625756716378E+00
      3412   3.89978494584656914E+02   9.27324144971628428E+00
      3413   3.90055443774590685E+02   9.27359654330564886E+00
      3414   3.90132392964524513E+02   9.27395153837522024E+00
      3415   3.90209342154458341E+02   9.27430643496493268E+00
      3416   3.90286291344392168E+02   9.27466123311470270E+00
      3417   3.90363240534325939E+02   9.27501593286442372E+00
      3418   3.90440189724259767E+02   9.27537053425396252E+00
      3419   3.90517138914193595E+02   9.27572503732316456E+00
      3420   3.90594088104127366E+02   9.27607944211185753E+00
      3421   3.90671037294061193E+02   9.27643374865983716E+00
      3422   3.90747986483995021E+02   9.27678795700688497E+00
      3423   3.90824935673928792E+02   9.27714206719275403E+00
      3424   3.90901884863862676E+02   9.27749607925717612E+00
      3425   3.90978834053796447E+02   9.27784999323986170E+00
      3426   3.91055783243730275E+02   9.27820380918049814E+00
      3427   3.91132732433664046E+02   9.27855752711874970E+00
      3428   3.91209681623597874E+02   9.27891114709425757E+00
      3429   3.91286630813531701E+02   9.27926466914663983E+00
      3430   3.91363580003465472E+02   9.27961809331549325E+00
      3431   3.91440529193399300E+02   9.27997141964039152E+00
      3432   3.91517478383333128E+02   9.28032464816088520E+00
      3433   3.91594427573266955E+02   9.28067777891650358E+00
      3434   3.91671376763200783E+02   9.28103081194675283E+00
      3435   3.91748325953134611E+02   9.28138374729111248E+00
      3436   3.91825275143068382E+02   9.28173658498904963E+00
      3437   3.91902224333002209E+02   9.28208932507999585E+00
      3438   3.91979173522935980E+02   9.28244196760337026E+00
      3439   3.92056122712869865E+02   9.28279451259856714E+00
      3440   3.92133071902803692E+02   9.28314696010495410E+00
      3441   3.92210021092737463E+02   9.28349931016188279E+00
      3442   3.92286970282671291E+02   9.28385156280867463E+00
      3443   3.92363919472605119E+02   9.28420371808463685E+00
      3444   3.92440868662538946E+02   9.28455577602905002E+00
      3445   3.92517817852472717E+02   9.28490773668116987E+00
      3446   3.92594767042406488E+02   9.28525960008023610E+00
      3447   3.92671716232340316E+02   9.28561136626546002E+00
      3448   3.92748665422274144E+02   9.28596303527603517E+00
      3449   3.92825614612207971E+02   9.28631460715112844E+00
      3450   3.92902563802141799E+02   9.28666608192988896E+00
      3451   3.92979512992075570E+02   9.28701745965144099E+00
      3452   3.93056462182009454E+02   9.28736874035488569E+00
      3453   3.93133411371943225E+02   9.28771992407930469E+00
      3454   3.93210360561876996E+02   9.28807101086375297E+00
      3455   3.93287309751810881E+02   9.28842200074727131E+00
      3456   3.93364258941744652E+02   9.28877289376886672E+00
      3457   3.93441208131678422E+02   9.28912368996753557E+00
      3458   3.93518157321612250E+02   9.28947438938224401E+00
      3459   3.93595106511546078E+02   9.28982499205194046E+00
      3460   3.93672055701479906E+02   9.29017549801554843E+00
      3461   3.93749004891413733E+02   9.29052590731197192E+00
      3462   3.93825954081347504E+02   9.29087621998009183E+00
      3463   3.93902903271281332E+02   9.29122643605876419E+00
      3464   3.93979852461215160E+02   9.29157655558682727E+00
      3465   3.94056801651148987E+02   9.29192657860309446E+00
      3466   3.94133750841082815E+02   9.29227650514635783E+00
      3467   3.94210700031016586E+02   9.29262633525538995E+00
      3468   3.94287649220950414E+02   9.29297606896893491E+00
      3469   3.94364598410884241E+02   9.29332570632572441E+00
      3470   3.94441547600818069E+02   9.29367524736445816E+00
      3471   3.94518496790751840E+02   9.29402469212381988E+00
      3472   3.94595445980685668E+02   9.29437404064247019E+00
      3473   3.94672395170619438E+02   9.29472329295904665E+00
      3474   3.94749344360553266E+02   9.29507244911216723E+00
      3475   3.94826293550487094E+02   9.29542150914042686E+00
      3476   3.94903242740420922E+02   9.29577047308239734E+00
      3477   3.94980191930354692E+02   9.29611934097662740E+00
      3478   3.95057141120288577E+02   9.29646811286164976E+00
      3479   3.95134090310222348E+02   9.29681678877597051E+00
      3480   3.95211039500156176E+02   9.29716536875807442E+00
      3481   3.95287988690090003E+02   9.29751385284642495E+00
      3482   3.95364937880023774E+02   9.29786224107946602E+00
      3483   3.95441887069957602E+02   9.29821053349561488E+00
      3484   3.95518836259891430E+02   9.29855873013327106E+00
      3485   3.95595785449825200E+02   9.29890683103081095E+00
      3486   3.95672734639759028E+02   9.29925483622659144E+00
      3487   3.95749683829692856E+02   9.29960274575894275E+00
      3488   3.95826633019626684E+02   9.29995055966617912E+00
      3489   3.95903582209560511E+02   9.30029827798658637E+00
      3490   3.95980531399494282E+02   9.30064590075843789E+00
      3491   3.96057480589428110E+02   9.30099342801997686E+00
      3492   3.96134429779361938E+02   9.30134085980942693E+00
      3493   3.96211378969295765E+02   9.30168819616499576E+00
      3494   3.96288328159229593E+02   9.30203543712486258E+00
      3495   3.96365277349163364E+02   9.30238258272718710E+00
      3496   3.96442226539097192E+02   9.30272963301010947E+00
      3497   3.96519175729031019E+02   9.30307658801174675E+00
      3498   3.96596124918964790E+02   9.30342344777019292E+00
      3499   3.96673074108898618E+02   9.30377021232352241E+00
      3500   3.96750023298832446E+02   9.30411688170979012E+00
      3501   3.96826972488766273E+02   9.30446345596702429E+00
      3502   3.96903921678700044E+02   9.30480993513323540E+00
      3503   3.96980870868633872E+02   9.30515631924641085E+00
      3504   3.97057820058567700E+02   9.30550260834452025E+00
      3505   3.97134769248501527E+02   9.30584880246550661E+00
      3506   3.97211718438435298E+02   9.30619490164729513E+00
      3507   3.97288667628369126E+02   9.30654090592778793E+00
      3508   3.97365616818302954E+02   9.30688681534486584E+00
      3509   3.97442566008236781E+02   9.30723262993638834E+00
      3510   3.97519515198170552E+02   9.30757834974019538E+00
      3511   3.97596464388104380E+02   9.30792397479410383E+00
      3512   3.97675196361250585E+02   9.30827750937006471E+00
      3513   3.97753928334396790E+02   9.30863094483490627E+00
      3514   3.97832660307542938E+02   9.30898428122906374E+00
      3515   3.97911392280689142E+02   9.30933751859295455E+00
      3516   3.97990124253835290E+02   9.30969065696696951E+00
      3517   3.98068856226981495E+02   9.31004369639147455E+00
      3518   3.98147588200127643E+02   9.31039663690681607E+00
      3519   3.98226320173273848E+02   9.31074947855331558E+00
      3520   3.98305052146420053E+02   9.31110222137127153E+00
      3521   3.98383784119566258E+02   9.31145486540095924E+00
      3522   3.98462516092712406E+02   9.31180741068263096E+00
      3523   3.98541248065858611E+02   9.31215985725651407E+00
      3524   3.98619980039004815E+02   9.31251220516281641E+00
      3525   3.98698712012150963E+02   9.31286445444172095E+00
      3526   3.98777443985297168E+02   9.31321660513338401E+00
      3527   3.98856175958443373E+02   9.31356865727794592E+00
      3528   3.98934907931589521E+02   9.31392061091551859E+00
      3529   3.99013639904735726E+02   9.31427246608619086E+00
      3530   3.99092371877881874E+02   9.31462422283003377E+00
      3531   3.99171103851028079E+02   9.31497588118708819E+00
      3532   3.99249835824174227E+02   9.31532744119737721E+00
      3533   3.99328567797320432E+02   9.31567890290089906E+00
      3534   3.99407299770466636E+02   9.31603026633762887E+00
      3535   3.99486031743612784E+02   9.31638153154751869E+00
      3536   3.99564763716758989E+02   9.31673269857049924E+00
      3537   3.99643495689905194E+02   9.31708376744647637E+00
      3538   3.99722227663051342E+02   9.31743473821533286E+00
      3539   3.99800959636197547E+02   9.31778561091693369E+00
      3540   3.99879691609343752E+02   9.31813638559111013E+00
      3541   3.99958423582489900E+02   9.31848706227768453E+00
      3542   4.00037155555636105E+02   9.31883764101644374E+00
      3543   4.00115887528782309E+02   9.31918812184716217E+00
      3544   4.00194619501928514E+02   9.31953850480958224E+00
      3545   4.00273351475074662E+02   9.31988878994343040E+00
      3546   4.00352083448220867E+02   9.32023897728840822E+00
      3547   4.00430815421367072E+02   9.32058906688419242E+00
      3548   4.00509547394513220E+02   9.32093905877044016E+00
      3549   4.00588279367659425E+02   9.32128895298678373E+00
      3550   4.00667011340805630E+02   9.32163874957283412E+00
      3551   4.00745743313951834E+02   9.32198844856818098E+00
      3552   4.00824475287097982E+02   9.32233805001238558E+00
      3553   4.00903207260244187E+02   9.32268755394499316E+00
      3554   4.00981939233390335E+02   9.32303696040552232E+00
      3555   4.01060671206536540E+02   9.32338626943347037E+00
      3556   4.01139403179682688E+02   9.32373548106831329E+00
      3557   4.01218135152828893E+02   9.32408459534950396E+00
      3558   4.01296867125975041E+02   9.32443361231646861E+00
      3559   4.01375599099121246E+02   9.32478253200861751E+00
      3560   4.01454331072267451E+02   9.32513135446533248E+00
      3561   4.01533063045413655E+02   9.32548007972597759E+00
      3562   4.01611795018559860E+02   9.32582870782989204E+00
      3563   4.01690526991706008E+02   9.32617723881639193E+00
      3564   4.01769258964852213E+02   9.32652567272477384E+00
      3565   4.01847990937998361E+02   9.32687400959430768E+00
      3566   4.01926722911144566E+02   9.32722224946424561E+00
      3567   4.02005454884290714E+02   9.32757039237381314E+00
      3568   4.02084186857436976E+02   9.32791843836221624E+00
      3569   4.02162918830583124E+02   9.32826638746863779E+00
      3570   4.02241650803729328E+02   9.32861423973223758E+00
      3571   4.02320382776875533E+02   9.32896199519215408E+00
      3572   4.02399114750021681E+02   9.32930965391307687E+00
      3573   4.02477846723167829E+02   9.32965721588600516E+00
      3574   4.02556578696314034E+02   9.33000468117253234E+00
      3575   4.02635310669460239E+02   9.33035204981170629E+00
      3576   4.02714042642606387E+02   9.33069932184255180E+00
      3577   4.02792774615752592E+02   9.33104649730407587E+00
      3578   4.02871506588898797E+02   9.33139357623525889E+00
      3579   4.02950238562045001E+02   9.33174055867506169E+00
      3580   4.03028970535191149E+02   9.33208744466242202E+00
      3581   4.03107702508337297E+02   9.33243423423625629E+00
      3582   4.03186434481483502E+02   9.33278092743545784E+00
      3583   4.03265166454629707E+02   9.33312752429889692E+00
      3584   4.03343898427775912E+02   9.33347402486542244E+00
      3585   4.03422630400922060E+02   9.33382042917386379E+00
      3586   4.03501362374068265E+02   9.33416673726302371E+00
      3587   4.03580094347214470E+02   9.33451294917168539E+00
      3588   4.03658826320360618E+02   9.33485906493861251E+00
      3589   4.03737558293506822E+02   9.33520508460254206E+00
      3590   4.03816290266653027E+02   9.33555100820218975E+00
      3591   4.03895022239799175E+02   9.33589683577625351E+00
      3592   4.03973754212945380E+02   9.33624256736340463E+00
      3593   4.04052486186091585E+02   9.33658820300246362E+00
      3594   4.04131218159237733E+02   9.33693374273197563E+00
      3595   4.04209950132383938E+02   9.33727918659046097E+00
      3596   4.04288682105530086E+02   9.33762453461650743E+00
      3597   4.04367414078676291E+02   9.33796978684867796E+00
      3598   4.04446146051822495E+02   9.33831494332551060E+00
      3599   4.04524878024968700E+02   9.33866000408552743E+00
      3600   4.04603609998114848E+02   9.33900496916722744E+00
      3601   4.04682341971261053E+02   9.33934983860908297E+00
      3602   4.04761073944407201E+02   9.33969461244955035E+00
      3603   4.04839805917553406E+02   9.34003929072706285E+00
      3604   4.04918537890699554E+02   9.34038387348002885E+00
      3605   4.04997269863845759E+02   9.34072836074683899E+00
      3606   4.05076001836991964E+02   9.34107275256585723E+00
      3607   4.05154733810138111E+02   9.34141704897543335E+00
      3608   4.05233465783284316E+02   9.34176125001388691E+00
      3609   4.05312197756430521E+02   9.34210535571951972E+00
      3610   4.05390929729576669E+02   9.34244936613061405E+00
      3611   4.05469661702722874E+02   9.34279328128542730E+00
      3612   4.05548393675869079E+02   9.34313710122219732E+00
      3613   4.05627125649015284E+02   9.34348082597913887E+00
      3614   4.05705857622161432E+02   9.34382445559444363E+00
      3615   4.05784589595307637E+02   9.34416799010628374E+00
      3616   4.05863321568453841E+02   9.34451142955281355E+00
      3617   4.05942053541599989E+02   9.34485477397215725E+00
      3618   4.06020785514746194E+02   9.34519802340242300E+00
      3619   4.06099517487892399E+02   9.34554117788169769E+00
      3620   4.06178249461038547E+02   9.34588423744804508E+00
      3621   4.06256981434184752E+02   9.34622720213950764E+00
      3622   4.06335713407330900E+02   9.34657007199410650E+00
      3623   4.06414445380477105E+02   9.34691284704983971E+00
      3624   4.06493177353623253E+02   9.34725552734468934E+00
      3625   4.06571909326769514E+02   9.34759811291660903E+00
      3626   4.06650641299915662E+02   9.34794060380353464E+00
      3627   4.06729373273061867E+02   9.34828300004337898E+00
      3628   4.06808105246208072E+02   9.34862530167403527E+00
      3629   4.06888661306652807E+02   9.34897543597434222E+00
      3630   4.06969217367097599E+02   9.34932547131099412E+00
      3631   4.07049773427542448E+02   9.34967540772450789E+00
      3632   4.07130329487987183E+02   9.35002524525538270E+00
      3633   4.07210885548431975E+02   9.35037498394408573E+00
      3634   4.07291441608876767E+02   9.35072462383106640E+00
      3635   4.07371997669321559E+02   9.35107416495675103E+00
      3636   4.07452553729766350E+02   9.35142360736154110E+00
      3637   4.07533109790211142E+02   9.35177295108581319E+00
      3638   4.07613665850655934E+02   9.35212219616992080E+00
      3639   4.07694221911100669E+02   9.35247134265420144E+00
      3640   4.07774777971545461E+02   9.35282039057895709E+00
      3641   4.07855334031990310E+02   9.35316933998447730E+00
      3642   4.07935890092435102E+02   9.35351819091102143E+00
      3643   4.08016446152879837E+02   9.35386694339882929E+00
      3644   4.08097002213324629E+02   9.35421559748811582E+00
      3645   4.08177558273769478E+02   9.35456415321907642E+00
      3646   4.08258114334214213E+02   9.35491261063187807E+00
      3647   4.08338670394659005E+02   9.35526096976666466E+00
      3648   4.08419226455103797E+02   9.35560923066356409E+00
      3649   4.08499782515548588E+02   9.35595739336267407E+00
      3650   4.08580338575993380E+02   9.35630545790407098E+00
      3651   4.08660894636438172E+02   9.35665342432780989E+00
      3652   4.08741450696882964E+02   9.35700129267392100E+00
      3653   4.08822006757327756E+02   9.35734906298241143E+00
      3654   4.08902562817772548E+02   9.35769673529326873E+00
      3655   4.08983118878217340E+02   9.35804430964645206E+00
      3656   4.09063674938662132E+02   9.35839178608190458E+00
      3657   4.09144230999106924E+02   9.35873916463953748E+00
      3658   4.09224787059551659E+02   9.35908644535924417E+00
      3659   4.09305343119996508E+02   9.35943362828089853E+00
      3660   4.09385899180441243E+02   9.35978071344434426E+00
      3661   4.09466455240886091E+02   9.36012770088940727E+00
      3662   4.09547011301330883E+02   9.36047459065588860E+00
      3663   4.09627567361775618E+02   9.36082138278356979E+00
      3664   4.09708123422220410E+02   9.36116807731220213E+00
      3665   4.09788679482665202E+02   9.36151467428152095E+00
      3666   4.09869235543109994E+02   9.36186117373123672E+00
      3667   4.09949791603554786E+02   9.36220757570103679E+00
      3668   4.10030347663999578E+02   9.36255388023058721E+00
      3669   4.10110903724444427E+02   9.36290008735952739E+00
      3670   4.10191459784889219E+02   9.36324619712747719E+00
      3671   4.10272015845333954E+02   9.36359220957403693E+00
      3672   4.10352571905778746E+02   9.36393812473877496E+00
      3673   4.10433127966223537E+02   9.36428394266124542E+00
      3674   4.10513684026668329E+02   9.36462966338097758E+00
      3675   4.10594240087113121E+02   9.36497528693747761E+00
      3676   4.10674796147557913E+02   9.36532081337022504E+00
      3677   4.10755352208002648E+02   9.36566624271868520E+00
      3678   4.10835908268447440E+02   9.36601157502229320E+00
      3679   4.10916464328892289E+02   9.36635681032046641E+00
      3680   4.10997020389337081E+02   9.36670194865259731E+00
      3681   4.11077576449781816E+02   9.36704699005805708E+00
      3682   4.11158132510226665E+02   9.36739193457619201E+00
      3683   4.11238688570671400E+02   9.36773678224632889E+00
      3684   4.11319244631116192E+02   9.36808153310777136E+00
      3685   4.11399800691561040E+02   9.36842618719980003E+00
      3686   4.11480356752005775E+02   9.36877074456167058E+00
      3687   4.11560912812450567E+02   9.36911520523262098E+00
      3688   4.11641468872895359E+02   9.36945956925186252E+00
      3689   4.11722024933340151E+02   9.36980383665858874E+00
      3690   4.11802580993784943E+02   9.37014800749196652E+00
      3691   4.11883137054229735E+02   9.37049208179114146E+00
      3692   4.11963693114674527E+02   9.37083605959523780E+00
      3693   4.12044249175119319E+02   9.37117994094335849E+00
      3694   4.12124805235564111E+02   9.37152372587458160E+00
      3695   4.12205361296008903E+02   9.37186741442796212E+00
      3696   4.12285917356453638E+02   9.37221100664253726E+00
      3697   4.12366473416898486E+02   9.37255450255731937E+00
      3698   4.12447029477343222E+02   9.37289790221129593E+00
      3699   4.12527585537788013E+02   9.37324120564343488E+00
      3700   4.12608141598232805E+02   9.37358441289268463E+00
      3701   4.12688697658677597E+02   9.37392752399796869E+00
      3702   4.12769253719122446E+02   9.37427053899818574E+00
      3703   4.12849809779567238E+02   9.37461345793221490E+00
      3704   4.12930365840011973E+02   9.37495628083891575E+00
      3705   4.13010921900456765E+02   9.37529900775712122E+00
      3706   4.13091477960901557E+02   9.37564163872564293E+00
      3707   4.13172034021346349E+02   9.37598417378327298E+00
      3708   4.13252590081791141E+02   9.37632661296877856E+00
      3709   4.13333146142235933E+02   9.37666895632090913E+00
      3710   4.13413702202680724E+02   9.37701120387838571E+00
      3711   4.13494258263125516E+02   9.37735335567991157E+00
      3712   4.13574814323570308E+02   9.37769541176416688E+00
      3713   4.13655370384015100E+02   9.37803737216981226E+00
      3714   4.13735926444459892E+02   9.37837923693548170E+00
      3715   4.13816482504904627E+02   9.37872100609978787E+00
      3716   4.13897038565349419E+02   9.37906267970132923E+00
      3717   4.13977594625794211E+02   9.37940425777867048E+00
      3718   4.14058150686239060E+02   9.37974574037036213E+00
      3719   4.14138706746683852E+02   9.38008712751493157E+00
      3720   4.14219262807128587E+02   9.38042841925088311E+00
      3721   4.14299818867573379E+02   9.38076961561669798E+00
      3722   4.14380374928018171E+02   9.38111071665083962E+00
      3723   4.14460930988462962E+02   9.38145172239174840E+00
      3724   4.14541487048907754E+02   9.38179263287783805E+00
      3725   4.14622043109352546E+02   9.38213344814750627E+00
      3726   4.14702599169797338E+02   9.38247416823912772E+00
      3727   4.14783155230242130E+02   9.38281479319105216E+00
      3728   4.14863711290686922E+02   9.38315532304160982E+00
      3729   4.14944267351131714E+02   9.38349575782911138E+00
      3730   4.15024823411576506E+02   9.38383609759184445E+00
      3731   4.15105379472021298E+02   9.38417634236807174E+00
      3732   4.15185935532466090E+02   9.38451649219603823E+00
      3733   4.15266491592910825E+02   9.38485654711396400E+00
      3734   4.15347047653355673E+02   9.38519650716005138E+00
      3735   4.15427603713800465E+02   9.38553637237247607E+00
      3736   4.15508159774245200E+02   9.38587614278939775E+00
      3737   4.15588715834690049E+02   9.38621581844894948E+00
      3738   4.15669271895134784E+02   9.38655539938924655E+00
      3739   4.15749827955579576E+02   9.38689488564838115E+00
      3740   4.15830384016024368E+02   9.38723427726442239E+00
      3741   4.15910940076469160E+02   9.38757357427541983E+00
      3742   4.15991496136913952E+02   9.38791277671940172E+00
      3743   4.16072052197358744E+02   9.38825188463437321E+00
      3744   4.16152608257803536E+02   9.38859089805831815E+00
      3745   4.16233164318248328E+02   9.38892981702920082E+00
      3746   4.16315586727024197E+02   9.38927649046086543E+00
      3747   4.16398009135800123E+02   9.38962306509246503E+00
      3748   4.16480431544575993E+02   9.38996954096459646E+00
      3749   4.16562853953351919E+02   9.39031591811782818E+00
      3750   4.16645276362127788E+02   9.39066219659270907E+00
      3751   4.16727698770903658E+02   9.39100837642975783E+00
      3752   4.16810121179679584E+02   9.39135445766947896E+00
      3753   4.16892543588455510E+02   9.39170044035234497E+00
      3754   4.16974965997231436E+02   9.39204632451881061E+00
      3755   4.17057388406007249E+02   9.39239211020930576E+00
      3756   4.17139810814783175E+02   9.39273779746423543E+00
      3757   4.17222233223559101E+02   9.39308338632398332E+00
      3758   4.17304655632334971E+02   9.39342887682891003E+00
      3759   4.17387078041110840E+02   9.39377426901934953E+00
      3760   4.17469500449886766E+02   9.39411956293561445E+00
      3761   4.17551922858662635E+02   9.39446475861799790E+00
      3762   4.17634345267438562E+02   9.39480985610676278E+00
      3763   4.17716767676214431E+02   9.39515485544215423E+00
      3764   4.17799190084990357E+02   9.39549975666439252E+00
      3765   4.17881612493766283E+02   9.39584455981367483E+00
      3766   4.17964034902542153E+02   9.39618926493017348E+00
      3767   4.18046457311318022E+02   9.39653387205403945E+00
      3768   4.18128879720093948E+02   9.39687838122540064E+00
      3769   4.18211302128869818E+02   9.39722279248436010E+00
      3770   4.18293724537645744E+02   9.39756710587100130E+00
      3771   4.18376146946421613E+02   9.39791132142538110E+00
      3772   4.18458569355197540E+02   9.39825543918753326E+00
      3773   4.18540991763973409E+02   9.39859945919747197E+00
      3774   4.18623414172749278E+02   9.39894338149518482E+00
      3775   4.18705836581525205E+02   9.39928720612063806E+00
      3776   4.18788258990301074E+02   9.39963093311377484E+00
      3777   4.18870681399077000E+02   9.39997456251451702E+00
      3778   4.18953103807852870E+02   9.40031809436275800E+00
      3779   4.19035526216628796E+02   9.40066152869837346E+00
      3780   4.19117948625404722E+02   9.40100486556121595E+00
      3781   4.19200371034180591E+02   9.40134810499111317E+00
      3782   4.19282793442956518E+02   9.40169124702786796E+00
      3783   4.19365215851732387E+02   9.40203429171126537E+00
      3784   4.19447638260508256E+02   9.40237723908106560E+00
      3785   4.19530060669284126E+02   9.40272008917700219E+00
      3786   4.19612483078060052E+02   9.40306284203879272E+00
      3787   4.19694905486835978E+02   9.40340549770612633E+00
      3788   4.19777327895611847E+02   9.40374805621867260E+00
      3789   4.19859750304387774E+02   9.40409051761607628E+00
      3790   4.19942172713163643E+02   9.40443288193795901E+00
      3791   4.20024595121939512E+02   9.40477514922392466E+00
      3792   4.20107017530715439E+02   9.40511731951354690E+00
      3793   4.20189439939491365E+02   9.40545939284638166E+00
      3794   4.20271862348267234E+02   9.40580136926196175E+00
      3795   4.20354284757043104E+02   9.40614324879979513E+00
      3796   4.20436707165818973E+02   9.40648503149936843E+00
      3797   4.20519129574594899E+02   9.40682671740014875E+00
      3798   4.20601551983370825E+02   9.40716830654157476E+00
      3799   4.20683974392146752E+02   9.40750979896306561E+00
      3800   4.20766396800922564E+02   9.40785119470401732E+00
      3801   4.20848819209698433E+02   9.40819249380380462E+00
      3802   4.20931241618474417E+02   9.40853369630177738E+00
      3803   4.21013664027250229E+02   9.40887480223726591E+00
      3804   4.21096086436026155E+02   9.40921581164957566E+00
      3805   4.21178508844802082E+02   9.40955672457798897E+00
      3806   4.21260931253577951E+02   9.40989754106177045E+00
      3807   4.21343353662353877E+02   9.41023826114015272E+00
      3808   4.21425776071129803E+02   9.41057888485235949E+00
      3809   4.21508198479905673E+02   9.41091941223757722E+00
      3810   4.21590620888681542E+02   9.41125984333498167E+00
      3811   4.21673043297457468E+02   9.41160017818372197E+00
      3812   4.21755465706233338E+02   9.41194041682292415E+00
      3813   4.21837888115009264E+02   9.41228055929168939E+00
      3814   4.21920310523785133E+02   9.41262060562910463E+00
      3815   4.22002732932561003E+02   9.41296055587422487E+00
      3816   4.22085155341336929E+02   9.41330041006609086E+00
      3817   4.22167577750112798E+02   9.41364016824371674E+00
      3818   4.22250000158888668E+02   9.41397983044609177E+00
      3819   4.22332422567664651E+02   9.41431939671219276E+00
      3820   4.22414844976440520E+02   9.41465886708096100E+00
      3821   4.22497267385216389E+02   9.41499824159132714E+00
      3822   4.22579689793992316E+02   9.41533752028219340E+00
      3823   4.22662112202768185E+02   9.41567670319244243E+00
      3824   4.22744534611544111E+02   9.41601579036093206E+00
      3825   4.22826957020319981E+02   9.41635478182649877E+00
      3826   4.22909379429095850E+02   9.41669367762795950E+00
      3827   4.22991801837871776E+02   9.41703247780410635E+00
      3828   4.23074224246647645E+02   9.41737118239371007E+00
      3829   4.23156646655423572E+02   9.41770979143552012E+00
      3830   4.23239069064199441E+02   9.41804830496826106E+00
      3831   4.23321491472975367E+02   9.41838672303064151E+00
      3832   4.23403913881751237E+02   9.41872504566133983E+00
      3833   4.23486336290527163E+02   9.41906327289901668E+00
      3834   4.23568758699303089E+02   9.41940140478231314E+00
      3835   4.23651181108078958E+02   9.41973944134984542E+00
      3836   4.23733603516854885E+02   9.42007738264020489E+00
      3837   4.23816025925630754E+02   9.42041522869196868E+00
      3838   4.23898448334406623E+02   9.42075297954368374E+00
      3839   4.23980870743182550E+02   9.42109063523387924E+00
      3840   4.24063293151958419E+02   9.42142819580106305E+00
      3841   4.24145715560734345E+02   9.42176566128371995E+00
      3842   4.24228137969510215E+02   9.42210303172031161E+00
      3843   4.24310560378286084E+02   9.42244030714928194E+00
      3844   4.24392982787062010E+02   9.42277748760904643E+00
      3845   4.24475405195837936E+02   9.42311457313800460E+00
      3846   4.24557827604613806E+02   9.42345156377453286E+00
      3847   4.24640250013389732E+02   9.42378845955698274E+00
      3848   4.24722672422165601E+02   9.42412526052368804E+00
      3849   4.24805094830941528E+02   9.42446196671295766E+00
      3850   4.24887517239717340E+02   9.42479857816308098E+00
      3851   4.24969939648493266E+02   9.42513509491232426E+00
      3852   4.25052362057269136E+02   9.42547151699893426E+00
      3853   4.25134784466045062E+02   9.42580784446113107E+00
      3854   4.25217206874820988E+02   9.42614407733711879E+00
      3855   4.25299629283596857E+02   9.42648021566507666E+00
      3856   4.25382051692372727E+02   9.42681625948316260E+00
      3857   4.25464474101148653E+02   9.42715220882951499E+00
      3858   4.25546896509924579E+02   9.42748806374224557E+00
      3859   4.25629318918700449E+02   9.42782382425945187E+00
      3860   4.25711741327476318E+02   9.42815949041920298E+00
      3861   4.25794163736252244E+02   9.42849506225954848E+00
      3862   4.25876586145028114E+02   9.42883053981852015E+00
      3863   4.25960918142284527E+02   9.42917369228431923E+00
      3864   4.26045250139540940E+02   9.42951674612992896E+00
      3865   4.26129582136797353E+02   9.42985970139601370E+00
      3866   4.26213914134053766E+02   9.43020255812321473E+00
      3867   4.26298246131310236E+02   9.43054531635214666E+00
      3868   4.26382578128566649E+02   9.43088797612340279E+00
      3869   4.26466910125823006E+02   9.43123053747755336E+00
      3870   4.26551242123079476E+02   9.43157300045514368E+00
      3871   4.26635574120335889E+02   9.43191536509669604E+00
      3872   4.26719906117592302E+02   9.43225763144271134E+00
      3873   4.26804238114848715E+02   9.43259979953366390E+00
      3874   4.26888570112105128E+02   9.43294186941000667E+00
      3875   4.26972902109361542E+02   9.43328384111216778E+00
      3876   4.27057234106618012E+02   9.43362571468055400E+00
      3877   4.27141566103874368E+02   9.43396749015554548E+00
      3878   4.27225898101130781E+02   9.43430916757750282E+00
      3879   4.27310230098387194E+02   9.43465074698675998E+00
      3880   4.27394562095643607E+02   9.43499222842363139E+00
      3881   4.27478894092900077E+02   9.43533361192840481E+00
      3882   4.27563226090156490E+02   9.43567489754134492E+00
      3883   4.27647558087412904E+02   9.43601608530269331E+00
      3884   4.27731890084669317E+02   9.43635717525267204E+00
      3885   4.27816222081925730E+02   9.43669816743147649E+00
      3886   4.27900554079182143E+02   9.43703906187927721E+00
      3887   4.27984886076438556E+02   9.43737985863622519E+00
      3888   4.28069218073694969E+02   9.43772055774244656E+00
      3889   4.28153550070951383E+02   9.43806115923804612E+00
      3890   4.28237882068207853E+02   9.43840166316310025E+00
      3891   4.28322214065464266E+02   9.43874206955766937E+00
      3892   4.28406546062720622E+02   9.43908237846178544E+00
      3893   4.28490878059977092E+02   9.43942258991546090E+00
      3894   4.28575210057233505E+02   9.43976270395868156E+00
      3895   4.28659542054489918E+02   9.44010272063141365E+00
      3896   4.28743874051746332E+02   9.44044263997359678E+00
      3897   4.28828206049002745E+02   9.44078246202515281E+00
      3898   4.28912538046259101E+02   9.44112218682597515E+00
      3899   4.28996870043515571E+02   9.44146181441593768E+00
      3900   4.29081202040771984E+02   9.44180134483488764E+00
      3901   4.29165534038028454E+02   9.44214077812265629E+00
      3902   4.29249866035284811E+02   9.44248011431904288E+00
      3903   4.29334198032541281E+02   9.44281935346383250E+00
      3904   4.29418530029797637E+02   9.44315849559677822E+00
      3905   4.29502862027054050E+02   9.44349754075762071E+00
      3906   4.29587194024310520E+02   9.44383648898607042E+00
      3907   4.29671526021566876E+02   9.44417534032181472E+00
      3908   4.29755858018823346E+02   9.44451409480452142E+00
      3909   4.29840190016079703E+02   9.44485275247383527E+00
      3910   4.29924522013336173E+02   9.44519131336937967E+00
      3911   4.30008854010592586E+02   9.44552977753074785E+00
      3912   4.30093186007848999E+02   9.44586814499751881E+00
      3913   4.30177518005105412E+02   9.44620641580924492E+00
      3914   4.30261850002361825E+02   9.44654459000545543E+00
      3915   4.30346181999618238E+02   9.44688266762565831E+00
      3916   4.30430513996874652E+02   9.44722064870933842E+00
      3917   4.30514845994131065E+02   9.44755853329595929E+00
      3918   4.30599177991387535E+02   9.44789632142495961E+00
      3919   4.30683509988643891E+02   9.44823401313575317E+00
      3920   4.30767841985900304E+02   9.44857160846773958E+00
      3921   4.30852173983156717E+02   9.44890910746028645E+00
      3922   4.30936505980413131E+02   9.44924651015274364E+00
      3923   4.31020837977669601E+02   9.44958381658443969E+00
      3924   4.31105169974925957E+02   9.44992102679467649E+00
      3925   4.31189501972182370E+02   9.45025814082273463E+00
      3926   4.31273833969438783E+02   9.45059515870787692E+00
      3927   4.31358165966695253E+02   9.45093208048933597E+00
      3928   4.31442497963951666E+02   9.45126890620632665E+00
      3929   4.31526829961208080E+02   9.45160563589804248E+00
      3930   4.31611161958464493E+02   9.45194226960365036E+00
      3931   4.31695493955720906E+02   9.45227880736229764E+00
      3932   4.31779825952977319E+02   9.45261524921310681E+00
      3933   4.31864157950233732E+02   9.45295159519518435E+00
      3934   4.31948489947490202E+02   9.45328784534760480E+00
      3935   4.32032821944746559E+02   9.45362399970942846E+00
      3936   4.32117153942002972E+02   9.45396005831968722E+00
      3937   4.32201485939259385E+02   9.45429602121739698E+00
      3938   4.32285817936515855E+02   9.45463188844154701E+00
      3939   4.32370149933772211E+02   9.45496766003110167E+00
      3940   4.32454481931028624E+02   9.45530333602501116E+00
      3941   4.32538813928285037E+02   9.45563891646219545E+00
      3942   4.32623145925541507E+02   9.45597440138155676E+00
      3943   4.32707477922797921E+02   9.45630979082197598E+00
      3944   4.32791809920054334E+02   9.45664508482230559E+00
      3945   4.32876141917310747E+02   9.45698028342138386E+00
      3946   4.32960473914567160E+02   9.45731538665802063E+00
      3947   4.33044805911823573E+02   9.45765039457100798E+00
      3948   4.33129137909080043E+02   9.45798530719911135E+00
      3949   4.33213469906336400E+02   9.45832012458107840E+00
      3950   4.33297801903592870E+02   9.45865484675563373E+00
      3951   4.33382133900849226E+02   9.45898947376147703E+00
      3952   4.33466465898105639E+02   9.45932400563729026E+00
      3953   4.33550797895362109E+02   9.45965844242172693E+00
      3954   4.33635129892618465E+02   9.45999278415342637E+00
      3955   4.33719461889874935E+02   9.46032703087100124E+00
      3956   4.33803793887131349E+02   9.46066118261304112E+00
      3957   4.33888125884387705E+02   9.46099523941811604E+00
      3958   4.33972457881644175E+02   9.46132920132477651E+00
      3959   4.34056789878900588E+02   9.46166306837154458E+00
      3960   4.34141121876157001E+02   9.46199684059692459E+00
      3961   4.34225453873413414E+02   9.46233051803939773E+00
      3962   4.34309785870669884E+02   9.46266410073742570E+00
      3963   4.34394117867926241E+02   9.46299758872944530E+00
      3964   4.34478449865182711E+02   9.46333098205387202E+00
      3965   4.34562781862439067E+02   9.46366428074910004E+00
      3966   4.34647113859695537E+02   9.46399748485350401E+00
      3967   4.34731445856951950E+02   9.46433059440543012E+00
      3968   4.34815777854208363E+02   9.46466360944321039E+00
      3969   4.34900109851464720E+02   9.46499653000515018E+00
      3970   4.34984441848721190E+02   9.46532935612953530E+00
      3971   4.35068773845977546E+02   9.46566208785462671E+00
      3972   4.35153105843234016E+02   9.46599472521866936E+00
      3973   4.35237437840490429E+02   9.46632726825988158E+00
      3974   4.35321769837746899E+02   9.46665971701646036E+00
      3975   4.35406101835003255E+02   9.46699207152658495E+00
      3976   4.35490433832259669E+02   9.46732433182840794E+00
      3977   4.35574765829516082E+02   9.46765649796006059E+00
      3978   4.35659097826772495E+02   9.46798856995965821E+00
      3979   4.35743429824028908E+02   9.46832054786528765E+00
      3980   4.35829715651716867E+02   9.46866011979070343E+00
      3981   4.35916001479404713E+02   9.46899959329225283E+00
      3982   4.36002287307092672E+02   9.46933896841066414E+00
      3983   4.36088573134780574E+02   9.46967824518664258E+00
      3984   4.36174858962468477E+02   9.47001742366087029E+00
      3985   4.36261144790156379E+02   9.47035650387400274E+00
      3986   4.36347430617844282E+02   9.47069548586667764E+00
      3987   4.36433716445532184E+02   9.47103436967950429E+00
      3988   4.36520002273220143E+02   9.47137315535306890E+00
      3989   4.36606288100908046E+02   9.47171184292793811E+00
      3990   4.36692573928595948E+02   9.47205043244464839E+00
      3991   4.36778859756283850E+02   9.47238892394372023E+00
      3992   4.36865145583971753E+02   9.47272731746564389E+00
      3993   4.36951431411659712E+02   9.47306561305088835E+00
      3994   4.37037717239347558E+02   9.47340381073990478E+00
      3995   4.37124003067035460E+02   9.47374191057311066E+00
      3996   4.37210288894723419E+02   9.47407991259090920E+00
      3997   4.37296574722411265E+02   9.47441781683367523E+00
      3998   4.37382860550099224E+02   9.47475562334176047E+00
      3999   4.37469146377787126E+02   9.47509333215549709E+00
      4000   4.37555432205475086E+02   9.47543094331518709E+00
      4001   4.37641718033162931E+02   9.47576845686111646E+00
      4002   4.37728003860850833E+02   9.47610587283354455E+00
      4003   4.37814289688538736E+02   9.47644319127270585E+00
      4004   4.37900575516226695E+02   9.47678041221881351E+00
      4005   4.37986861343914597E+02   9.47711753571205762E+00
      4006   4.38073147171602500E+02   9.47745456179260515E+00
      4007   4.38159432999290402E+02   9.47779149050059999E+00
      4008   4.38245718826978361E+02   9.47812832187615939E+00
      4009   4.38332004654666207E+02   9.47846505595938105E+00
      4010   4.38418290482354166E+02   9.47880169279033957E+00
      4011   4.38504576310042012E+02   9.47913823240908648E+00
      4012   4.38590862137729914E+02   9.47947467485564843E+00
      4013   4.38677147965417873E+02   9.47981102017002897E+00
      4014   4.38763433793105719E+02   9.48014726839220856E+00
      4015   4.38849719620793678E+02   9.48048341956214813E+00
      4016   4.38936005448481637E+02   9.48081947371978018E+00
      4017   4.39022291276169540E+02   9.48115543090501767E+00
      4018   4.39108577103857442E+02   9.48149129115775047E+00
      4019   4.39194862931545345E+02   9.48182705451784358E+00
      4020   4.39281148759233247E+02   9.48216272102514068E+00
      4021   4.39367434586921149E+02   9.48249829071946237E+00
      4022   4.39453720414609052E+02   9.48283376364060260E+00
      4023   4.39540006242296954E+02   9.48316913982834109E+00
      4024   4.39626292069984856E+02   9.48350441932242383E+00
      4025   4.39712577897672816E+02   9.48383960216258259E+00
      4026   4.39798863725360661E+02   9.48417468838852074E+00
      4027   4.39885149553048564E+02   9.48450967803992384E+00
      4028   4.39971435380736523E+02   9.48484457115644908E+00
      4029   4.40057721208424425E+02   9.48517936777773585E+00
      4030   4.40144007036112328E+02   9.48551406794339513E+00
      4031   4.40230292863800287E+02   9.48584867169302193E+00
      4032   4.40316578691488132E+02   9.48618317906618103E+00
      4033   4.40402864519176092E+02   9.48651759010242124E+00
      4034   4.40489150346863994E+02   9.48685190484126473E+00
      4035   4.40575436174551896E+02   9.48718612332221234E+00
      4036   4.40661722002239799E+02   9.48752024558474183E+00
      4037   4.40748007829927701E+02   9.48785427166830786E+00
      4038   4.40834293657615603E+02   9.48818820161234200E+00
      4039   4.40920579485303563E+02   9.48852203545625628E+00
      4040   4.41006865312991408E+02   9.48885577323943430E+00
      4041   4.41093151140679367E+02   9.48918941500124369E+00
      4042   4.41179436968367213E+02   9.48952296078102364E+00
      4043   4.41265722796055172E+02   9.48985641061809559E+00
      4044   4.41352008623743075E+02   9.49018976455175611E+00
      4045   4.41438294451430977E+02   9.49052302262127867E+00
      4046   4.41524580279118879E+02   9.49085618486591365E+00
      4047   4.41610866106806782E+02   9.49118925132489188E+00
      4048   4.41697151934494684E+02   9.49152222203741935E+00
      4049   4.41783437762182643E+02   9.49185509704268071E+00
      4050   4.41869723589870546E+02   9.49218787637983574E+00
      4051   4.41956009417558448E+02   9.49252056008802469E+00
      4052   4.42042295245246351E+02   9.49285314820636472E+00
      4053   4.42128581072934253E+02   9.49318564077395166E+00
      4054   4.42214866900622155E+02   9.49351803782985293E+00
      4055   4.42301152728310115E+02   9.49385033941312351E+00
      4056   4.42387438555998017E+02   9.49418254556278640E+00
      4057   4.42473724383685919E+02   9.49451465631784863E+00
      4058   4.42560010211373765E+02   9.49484667171729058E+00
      4059   4.42646296039061724E+02   9.49517859180007484E+00
      4060   4.42732581866749626E+02   9.49551041660513739E+00
      4061   4.42818867694437586E+02   9.49584214617139644E+00
      4062   4.42905153522125431E+02   9.49617378053774175E+00
      4063   4.42991439349813390E+02   9.49650531974304712E+00
      4064   4.43077725177501236E+02   9.49683676382615971E+00
      4065   4.43164011005189195E+02   9.49716811282590712E+00
      4066   4.43250296832877098E+02   9.49749936678109385E+00
      4067   4.43336582660565000E+02   9.49783052573050135E+00
      4068   4.43422868488252902E+02   9.49816158971288971E+00
      4069   4.43509154315940805E+02   9.49849255876699949E+00
      4070   4.43595440143628707E+02   9.49882343293154285E+00
      4071   4.43681725971316610E+02   9.49915421224521417E+00
      4072   4.43768011799004569E+02   9.49948489674668650E+00
      4073   4.43854297626692471E+02   9.49981548647460805E+00
      4074   4.43940583454380373E+02   9.50014598146760925E+00
      4075   4.44026869282068333E+02   9.50047638176429032E+00
      4076   4.44113155109756178E+02   9.50080668740323908E+00
      4077   4.44199440937444137E+02   9.50113689842301312E+00
      4078   4.44285726765131983E+02   9.50146701486215584E+00
      4079   4.44372012592819885E+02   9.50179703675918219E+00
      4080   4.44458298420507845E+02   9.50212696415258762E+00
      4081   4.44544584248195747E+02   9.50245679708084445E+00
      4082   4.44630870075883649E+02   9.50278653558240904E+00
      4083   4.44717155903571609E+02   9.50311617969570399E+00
      4084   4.44803441731259511E+02   9.50344572945914301E+00
      4085   4.44889727558947357E+02   9.50377518491110784E+00
      4086   4.44976013386635259E+02   9.50410454608996424E+00
      4087   4.45062299214323218E+02   9.50443381303405488E+00
      4088   4.45148585042011121E+02   9.50476298578169931E+00
      4089   4.45234870869699023E+02   9.50509206437119403E+00
      4090   4.45321156697386925E+02   9.50542104884081773E+00
      4091   4.45407442525074828E+02   9.50574993922882605E+00
      4092   4.45493728352762787E+02   9.50607873557345151E+00
      4093   4.45580014180450689E+02   9.50640743791290355E+00
      4094   4.45666300008138592E+02   9.50673604628537205E+00
      4095   4.45752585835826494E+02   9.50706456072902739E+00
      4096   4.45838871663514396E+02   9.50739298128201327E+00
      4097   4.45927156588596233E+02   9.50772891364738904E+00
      4098   4.46015441513678184E+02   9.50806474780184452E+00
      4099   4.46103726438760077E+02   9.50840048378617020E+00
      4100   4.46192011363841914E+02   9.50873612164112636E+00
      4101   4.46280296288923807E+02   9.50907166140746263E+00
      4102   4.46368581214005701E+02   9.50940710312589133E+00
      4103   4.46456866139087595E+02   9.50974244683710701E+00
      4104   4.46545151064169431E+02   9.51007769258178115E+00
      4105   4.46633435989251325E+02   9.51041284040056212E+00
      4106   4.46721720914333162E+02   9.51074789033406987E+00
      4107   4.46810005839415055E+02   9.51108284242290658E+00
      4108   4.46898290764496949E+02   9.51141769670764781E+00
      4109   4.46986575689578842E+02   9.51175245322884599E+00
      4110   4.47074860614660679E+02   9.51208711202703050E+00
      4111   4.47163145539742629E+02   9.51242167314270581E+00
      4112   4.47251430464824466E+02   9.51275613661635511E+00
      4113   4.47339715389906416E+02   9.51309050248843668E+00
      4114   4.47428000314988196E+02   9.51342477079938398E+00
      4115   4.47516285240070147E+02   9.51375894158961088E+00
      4116   4.47604570165152040E+02   9.51409301489950643E+00
      4117   4.47692855090233877E+02   9.51442699076943121E+00
      4118   4.47781140015315771E+02   9.51476086923973163E+00
      4119   4.47869424940397664E+02   9.51509465035072211E+00
      4120   4.47957709865479558E+02   9.51542833414269928E+00
      4121   4.48045994790561394E+02   9.51576192065593318E+00
      4122   4.48134279715643288E+02   9.51609540993067071E+00
      4123   4.48222564640725182E+02   9.51642880200714103E+00
      4124   4.48310849565807075E+02   9.51676209692554131E+00
      4125   4.48399134490888969E+02   9.51709529472605098E+00
      4126   4.48487419415970805E+02   9.51742839544882457E+00
      4127   4.48575704341052756E+02   9.51776139913399533E+00
      4128   4.48663989266134593E+02   9.51809430582167160E+00
      4129   4.48752274191216429E+02   9.51842711555193510E+00
      4130   4.48840559116298380E+02   9.51875982836485157E+00
      4131   4.48928844041380273E+02   9.51909244430045831E+00
      4132   4.49017128966462110E+02   9.51942496339877309E+00
      4133   4.49105413891544003E+02   9.51975738569978525E+00
      4134   4.49193698816625840E+02   9.52008971124346637E+00
      4135   4.49281983741707791E+02   9.52042194006976317E+00
      4136   4.49370268666789627E+02   9.52075407221859749E+00
      4137   4.49458553591871521E+02   9.52108610772986985E+00
      4138   4.49546838516953414E+02   9.52141804664345948E+00
      4139   4.49635123442035308E+02   9.52174988899921892E+00
      4140   4.49723408367117145E+02   9.52208163483697945E+00
      4141   4.49811693292199038E+02   9.52241328419654920E+00
      4142   4.49899978217280875E+02   9.52274483711771502E+00
      4143   4.49988263142362825E+02   9.52307629364023711E+00
      4144   4.50076548067444719E+02   9.52340765380385612E+00
      4145   4.50164832992526613E+02   9.52373891764828784E+00
      4146   4.50253117917608449E+02   9.52407008521322673E+00
      4147   4.50341402842690343E+02   9.52440115653834241E+00
      4148   4.50429687767772236E+02   9.52473213166328136E+00
      4149   4.50517972692854073E+02   9.52506301062767236E+00
      4150   4.50606257617935967E+02   9.52539379347111392E+00
      4151   4.50694542543017860E+02   9.52572448023318863E+00
      4152   4.50782827468099697E+02   9.52605507095345061E+00
      4153   4.50871112393181647E+02   9.52638556567143446E+00
      4154   4.50959397318263484E+02   9.52671596442664992E+00
      4155   4.51047682243345378E+02   9.52704626725858539E+00
      4156   4.51135967168427271E+02   9.52737647420670974E+00
      4157   4.51224252093509165E+02   9.52770658531046166E+00
      4158   4.51312537018591001E+02   9.52803660060926205E+00
      4159   4.51400821943672952E+02   9.52836652014250873E+00
      4160   4.51489106868754789E+02   9.52869634394957821E+00
      4161   4.51577391793836682E+02   9.52902607206982033E+00
      4162   4.51665676718918519E+02   9.52935570454256542E+00
      4163   4.51753961644000412E+02   9.52968524140712248E+00
      4164   4.51842246569082363E+02   9.53001468270277030E+00
      4165   4.51930531494164200E+02   9.53034402846877526E+00
      4166   4.52018816419246093E+02   9.53067327874437353E+00
      4167   4.52107101344327987E+02   9.53100243356878529E+00
      4168   4.52195386269409880E+02   9.53133149298120053E+00
      4169   4.52283671194491717E+02   9.53166045702079501E+00
      4170   4.52371956119573611E+02   9.53198932572671431E+00
      4171   4.52460241044655504E+02   9.53231809913808803E+00
      4172   4.52548525969737398E+02   9.53264677729401733E+00
      4173   4.52636810894819291E+02   9.53297536023358560E+00
      4174   4.52725095819901128E+02   9.53330384799585318E+00
      4175   4.52813380744983021E+02   9.53363224061985370E+00
      4176   4.52901665670064915E+02   9.53396053814460487E+00
      4177   4.52989950595146752E+02   9.53428874060909592E+00
      4178   4.53078235520228645E+02   9.53461684805229837E+00
      4179   4.53166520445310539E+02   9.53494486051316237E+00
      4180   4.53254805370392376E+02   9.53527277803060791E+00
      4181   4.53343090295474326E+02   9.53560060064354076E+00
      4182   4.53431375220556220E+02   9.53592832839084004E+00
      4183   4.53519660145638056E+02   9.53625596131136533E+00
      4184   4.53607945070719950E+02   9.53658349944395134E+00
      4185   4.53696229995801787E+02   9.53691094282741325E+00
      4186   4.53784514920883680E+02   9.53723829150054137E+00
      4187   4.53872799845965631E+02   9.53756554550210645E+00
      4188   4.53961084771047467E+02   9.53789270487085439E+00
      4189   4.54049369696129361E+02   9.53821976964550977E+00
      4190   4.54137654621211254E+02   9.53854673986477586E+00
      4191   4.54225939546293091E+02   9.53887361556733460E+00
      4192   4.54314224471375042E+02   9.53920039679184484E+00
      4193   4.54402509396456878E+02   9.53952708357693879E+00
      4194   4.54490794321538715E+02   9.53985367596123623E+00
      4195   4.54579079246620609E+02   9.54018017398332674E+00
      4196   4.54667364171702559E+02   9.54050657768178212E+00
      4197   4.54755649096784396E+02   9.54083288709514754E+00
      4198   4.54843934021866289E+02   9.54115910226195041E+00
      4199   4.54932218946948126E+02   9.54148522322069681E+00
      4200   4.55020503872030076E+02   9.54181125000986796E+00
      4201   4.55108788797111970E+02   9.54213718266792377E+00
      4202   4.55197073722193807E+02   9.54246302123330281E+00
      4203   4.55285358647275700E+02   9.54278876574442059E+00
      4204   4.55373643572357594E+02   9.54311441623967127E+00
      4205   4.55461928497439487E+02   9.54343997275742950E+00
      4206   4.55550213422521381E+02   9.54376543533604504E+00
      4207   4.55638498347603218E+02   9.54409080401384458E+00
      4208   4.55726783272685111E+02   9.54441607882913701E+00
      4209   4.55815068197767005E+02   9.54474125982020816E+00
      4210   4.55903353122848841E+02   9.54506634702531898E+00
      4211   4.55991638047930735E+02   9.54539134048271265E+00
      4212   4.56079922973012629E+02   9.54571624023060750E+00
      4213   4.56168207898094522E+02   9.54604104630720407E+00
      4214   4.56258538236292168E+02   9.54637328068195856E+00
      4215   4.56348868574489813E+02   9.54670541707555209E+00
      4216   4.56439198912687516E+02   9.54703745552883198E+00
      4217   4.56529529250885162E+02   9.54736939608261714E+00
      4218   4.56619859589082864E+02   9.54770123877770160E+00
      4219   4.56710189927280510E+02   9.54803298365486164E+00
      4220   4.56800520265478212E+02   9.54836463075484332E+00
      4221   4.56890850603675915E+02   9.54869618011837495E+00
      4222   4.56981180941873561E+02   9.54902763178615466E+00
      4223   4.57071511280071206E+02   9.54935898579886455E+00
      4224   4.57161841618268909E+02   9.54969024219715479E+00
      4225   4.57252171956466555E+02   9.55002140102165953E+00
      4226   4.57342502294664200E+02   9.55035246231298274E+00
      4227   4.57432832632861903E+02   9.55068342611170884E+00
      4228   4.57523162971059548E+02   9.55101429245839917E+00
      4229   4.57613493309257194E+02   9.55134506139358841E+00
      4230   4.57703823647454954E+02   9.55167573295778993E+00
      4231   4.57794153985652542E+02   9.55200630719149046E+00
      4232   4.57884484323850245E+02   9.55233678413515896E+00
      4233   4.57974814662047947E+02   9.55266716382923597E+00
      4234   4.58065145000245593E+02   9.55299744631414072E+00
      4235   4.58155475338443239E+02   9.55332763163026755E+00
      4236   4.58245805676640941E+02   9.55365771981798950E+00
      4237   4.58336136014838587E+02   9.55398771091765298E+00
      4238   4.58426466353036290E+02   9.55431760496958482E+00
      4239   4.58516796691233935E+02   9.55464740201408347E+00
      4240   4.58607127029431638E+02   9.55497710209143136E+00
      4241   4.58697457367629283E+02   9.55530670524187897E+00
      4242   4.58787787705826986E+02   9.55563621150565901E+00
      4243   4.58878118044024575E+02   9.55596562092298107E+00
      4244   4.58968448382222277E+02   9.55629493353402815E+00
      4245   4.59058778720419923E+02   9.55662414937896365E+00
      4246   4.59149109058617626E+02   9.55695326849792259E+00
      4247   4.59239439396815271E+02   9.55728229093102222E+00
      4248   4.59329769735012974E+02   9.55761121671835490E+00
      4249   4.59420100073210619E+02   9.55794004589998814E+00
      4250   4.59510430411408265E+02   9.55826877851596635E+00
      4251   4.59600760749605968E+02   9.55859741460631085E+00
      4252   4.59691091087803613E+02   9.55892595421102342E+00
      4253   4.59781421426001316E+02   9.55925439737007920E+00
      4254   4.59871751764199018E+02   9.55958274412343023E+00
      4255   4.59962082102396664E+02   9.55991099451100368E+00
      4256   4.60052412440594367E+02   9.56023914857271073E+00
      4257   4.60142742778792012E+02   9.56056720634843060E+00
      4258   4.60233073116989658E+02   9.56089516787802474E+00
      4259   4.60323403455187361E+02   9.56122303320133149E+00
      4260   4.60413733793385006E+02   9.56155080235816435E+00
      4261   4.60504064131582709E+02   9.56187847538831548E+00
      4262   4.60594394469780354E+02   9.56220605233155041E+00
      4263   4.60684724807978000E+02   9.56253353322761690E+00
      4264   4.60775055146175703E+02   9.56286091811623784E+00
      4265   4.60865385484373348E+02   9.56318820703711125E+00
      4266   4.60955715822571051E+02   9.56351540002991207E+00
      4267   4.61046046160768697E+02   9.56384249713429746E+00
      4268   4.61136376498966342E+02   9.56416949838989439E+00
      4269   4.61226706837164102E+02   9.56449640383631383E+00
      4270   4.61317037175361747E+02   9.56482321351313836E+00
      4271   4.61407367513559393E+02   9.56514992745993098E+00
      4272   4.61497697851757096E+02   9.56547654571622985E+00
      4273   4.61588028189954741E+02   9.56580306832155358E+00
      4274   4.61678358528152387E+02   9.56612949531539414E+00
      4275   4.61768688866350089E+02   9.56645582673722572E+00
      4276   4.61859019204547735E+02   9.56678206262649056E+00
      4277   4.61949349542745381E+02   9.56710820302261844E+00
      4278   4.62039679880943140E+02   9.56743424796501252E+00
      4279   4.62130010219140729E+02   9.56776019749304929E+00
      4280   4.62220340557338432E+02   9.56808605164608927E+00
      4281   4.62310670895536134E+02   9.56841181046346811E+00
      4282   4.62401001233733780E+02   9.56873747398449304E+00
      4283   4.62491331571931426E+02   9.56906304224845705E+00
      4284   4.62581661910129128E+02   9.56938851529462653E+00
      4285   4.62671992248326774E+02   9.56971389316224652E+00
      4286   4.62762322586524476E+02   9.57003917589053721E+00
      4287   4.62852652924722122E+02   9.57036436351869746E+00
      4288   4.62942983262919768E+02   9.57068945608590482E+00
      4289   4.63033313601117413E+02   9.57101445363131376E+00
      4290   4.63123643939315116E+02   9.57133935619405385E+00
      4291   4.63213974277512818E+02   9.57166416381323515E+00
      4292   4.63304304615710464E+02   9.57198887652794461E+00
      4293   4.63394634953908110E+02   9.57231349437724610E+00
      4294   4.63484965292105812E+02   9.57263801740018216E+00
      4295   4.63575295630303458E+02   9.57296244563577048E+00
      4296   4.63665625968501161E+02   9.57328677912300918E+00
      4297   4.63755956306698863E+02   9.57361101790086977E+00
      4298   4.63846286644896452E+02   9.57393516200830952E+00
      4299   4.63936616983094154E+02   9.57425921148425374E+00
      4300   4.64026947321291800E+02   9.57458316636760998E+00
      4301   4.64117277659489503E+02   9.57490702669726623E+00
      4302   4.64207607997687148E+02   9.57523079251208209E+00
      4303   4.64297938335884851E+02   9.57555446385090114E+00
      4304   4.64388268674082497E+02   9.57587804075253857E+00
      4305   4.64478599012280199E+02   9.57620152325579177E+00
      4306   4.64568929350477845E+02   9.57652491139943507E+00
      4307   4.64659259688675490E+02   9.57684820522221791E+00
      4308   4.64749590026873193E+02   9.57717140476287199E+00
      4309   4.64839920365070839E+02   9.57749451006010233E+00
      4310   4.64930250703268541E+02   9.57781752115259444E+00
      4311   4.65020581041466244E+02   9.57814043807901072E+00
      4312   4.65110911379663833E+02   9.57846326087799405E+00
      4313   4.65201241717861535E+02   9.57878598958816063E+00
      4314   4.65291572056059238E+02   9.57910862424810539E+00
      4315   4.65381902394256940E+02   9.57943116489640722E+00
      4316   4.65472232732454586E+02   9.57975361157161309E+00
      4317   4.65562563070652232E+02   9.58007596431225750E+00
      4318   4.65652893408849877E+02   9.58039822315684653E+00
      4319   4.65743223747047523E+02   9.58072038814386673E+00
      4320   4.65833554085245225E+02   9.58104245931178156E+00
      4321   4.65923884423442928E+02   9.58136443669903315E+00
      4322   4.66014214761640631E+02   9.58168632034404233E+00
      4323   4.66104545099838219E+02   9.58200811028520683E+00
      4324   4.66194875438035865E+02   9.58232980656090305E+00
      4325   4.66285205776233624E+02   9.58265140920948610E+00
      4326   4.66375536114431270E+02   9.58297291826928799E+00
      4327   4.66465866452628916E+02   9.58329433377861584E+00
      4328   4.66556196790826618E+02   9.58361565577576435E+00
      4329   4.66646527129024321E+02   9.58393688429899449E+00
      4330   4.66736857467221967E+02   9.58425801938655653E+00
      4331   4.66829280607314502E+02   9.58458649796557083E+00
      4332   4.66921703747407037E+02   9.58491487881019744E+00
      4333   4.67014126887499572E+02   9.58524316196133519E+00
      4334   4.67106550027592107E+02   9.58557134745984918E+00
      4335   4.67198973167684699E+02   9.58589943534659028E+00
      4336   4.67291396307777234E+02   9.58622742566238095E+00
      4337   4.67383819447869769E+02   9.58655531844801700E+00
      4338   4.67476242587962304E+02   9.58688311374427471E+00
      4339   4.67568665728054896E+02   9.58721081159190902E+00
      4340   4.67661088868147431E+02   9.58753841203164292E+00
      4341   4.67753512008239966E+02   9.58786591510418162E+00
      4342   4.67845935148332501E+02   9.58819332085020726E+00
      4343   4.67938358288425093E+02   9.58852062931037530E+00
      4344   4.68030781428517628E+02   9.58884784052531636E+00
      4345   4.68123204568610163E+02   9.58917495453564328E+00
      4346   4.68215627708702698E+02   9.58950197138193872E+00
      4347   4.68308050848795233E+02   9.58982889110476577E+00
      4348   4.68400473988887825E+02   9.59015571374466269E+00
      4349   4.68492897128980360E+02   9.59048243934214462E+00
      4350   4.68585320269072895E+02   9.59080906793770183E+00
      4351   4.68677743409165487E+02   9.59113559957180151E+00
      4352   4.68770166549258022E+02   9.59146203428488775E+00
      4353   4.68862589689350557E+02   9.59178837211738333E+00
      4354   4.68955012829443092E+02   9.59211461310968083E+00
      4355   4.69047435969535684E+02   9.59244075730215684E+00
      4356   4.69139859109628219E+02   9.59276680473516308E+00
      4357   4.69232282249720754E+02   9.59309275544902107E+00
      4358   4.69324705389813289E+02   9.59341860948403813E+00
      4359   4.69417128529905881E+02   9.59374436688049137E+00
      4360   4.69509551669998416E+02   9.59407002767864014E+00
      4361   4.69601974810090951E+02   9.59439559191871361E+00
      4362   4.69694397950183543E+02   9.59472105964092670E+00
      4363   4.69786821090276078E+02   9.59504643088545883E+00
      4364   4.69879244230368613E+02   9.59537170569247877E+00
      4365   4.69971667370461148E+02   9.59569688410212329E+00
      4366   4.70064090510553740E+02   9.59602196615450787E+00
      4367   4.70156513650646218E+02   9.59634695188972842E+00
      4368   4.70248936790738810E+02   9.59667184134785245E+00
      4369   4.70341359930831345E+02   9.59699663456892971E+00
      4370   4.70433783070923937E+02   9.59732133159297796E+00
      4371   4.70526206211016415E+02   9.59764593246000430E+00
      4372   4.70618629351109007E+02   9.59797043720997856E+00
      4373   4.70711052491201599E+02   9.59829484588286164E+00
      4374   4.70803475631294134E+02   9.59861915851857894E+00
      4375   4.70895898771386669E+02   9.59894337515703988E+00
      4376   4.70988321911479204E+02   9.59926749583812899E+00
      4377   4.71080745051571796E+02   9.59959152060170595E+00
      4378   4.71173168191664331E+02   9.59991544948761089E+00
      4379   4.71265591331756866E+02   9.60023928253566083E+00
      4380   4.71358014471849344E+02   9.60056301978564441E+00
      4381   4.71450437611941936E+02   9.60088666127733070E+00
      4382   4.71542860752034471E+02   9.60121020705046924E+00
      4383   4.71635283892127006E+02   9.60153365714477935E+00
      4384   4.71727707032219541E+02   9.60185701159996441E+00
      4385   4.71820130172312133E+02   9.60218027045569933E+00
      4386   4.71912553312404725E+02   9.60250343375163951E+00
      4387   4.72004976452497260E+02   9.60282650152741546E+00
      4388   4.72097399592589795E+02   9.60314947382263639E+00
      4389   4.72189822732682330E+02   9.60347235067689020E+00
      4390   4.72282245872774922E+02   9.60379513212973279E+00
      4391   4.72374669012867400E+02   9.60411781822071120E+00
      4392   4.72467092152959992E+02   9.60444040898933871E+00
      4393   4.72559515293052527E+02   9.60476290447511083E+00
      4394   4.72651938433145062E+02   9.60508530471749822E+00
      4395   4.72744361573237654E+02   9.60540760975595020E+00
      4396   4.72836784713330132E+02   9.60572981962989125E+00
      4397   4.72929207853422668E+02   9.60605193437872629E+00
      4398   4.73021630993515316E+02   9.60637395404183358E+00
      4399   4.73114054133607851E+02   9.60669587865857366E+00
      4400   4.73206477273700386E+02   9.60701770826827861E+00
      4401   4.73298900413792921E+02   9.60733944291026276E+00
      4402   4.73391323553885513E+02   9.60766108262381557E+00
      4403   4.73483746693978048E+02   9.60798262744820342E+00
      4404   4.73576169834070583E+02   9.60830407742266956E+00
      4405   4.73668592974163118E+02   9.60862543258643953E+00
      4406   4.73761016114255710E+02   9.60894669297870685E+00
      4407   4.73853439254348245E+02   9.60926785863865440E+00
      4408   4.73945862394440780E+02   9.60958892960543132E+00
      4409   4.74038285534533259E+02   9.60990990591817074E+00
      4410   4.74130708674625851E+02   9.61023078761598093E+00
      4411   4.74223131814718386E+02   9.61055157473795063E+00
      4412   4.74315554954810978E+02   9.61087226732314193E+00
      4413   4.74407978094903513E+02   9.61119286541059559E+00
      4414   4.74500401234996048E+02   9.61151336903933284E+00
      4415   4.74592824375088583E+02   9.61183377824835006E+00
      4416   4.74685247515181118E+02   9.61215409307662050E+00
      4417   4.74777670655273653E+02   9.61247431356309434E+00
      4418   4.74870093795366245E+02   9.61279443974670400E+00
      4419   4.74962516935458780E+02   9.61311447166635524E+00
      4420   4.75054940075551372E+02   9.61343440936093252E+00
      4421   4.75147363215643907E+02   9.61375425286929719E+00
      4422   4.75239786355736442E+02   9.61407400223029107E+00
      4423   4.75332209495828977E+02   9.61439365748273289E+00
      4424   4.75424632635921569E+02   9.61471321866541473E+00
      4425   4.75517055776014104E+02   9.61503268581711268E+00
      4426   4.75609478916106582E+02   9.61535205897657441E+00
      4427   4.75701902056199231E+02   9.61567133818253161E+00
      4428   4.75794325196291766E+02   9.61599052347368932E+00
      4429   4.75886748336384301E+02   9.61630961488873304E+00
      4430   4.75979171476476836E+02   9.61662861246632161E+00
      4431   4.76071594616569371E+02   9.61694751624509969E+00
      4432   4.76164017756661906E+02   9.61726632626367994E+00
      4433   4.76256440896754498E+02   9.61758504256066260E+00
      4434   4.76348864036847090E+02   9.61790366517461948E+00
      4435   4.76441287176939568E+02   9.61822219414409929E+00
      4436   4.76533710317032103E+02   9.61854062950763478E+00
      4437   4.76626133457124695E+02   9.61885897130373202E+00
      4438   4.76718556597217287E+02   9.61917721957087579E+00
      4439   4.76810979737309765E+02   9.61949537434752777E+00
      4440   4.76903402877402300E+02   9.61981343567213365E+00
      4441   4.76995826017494892E+02   9.62013140358310892E+00
      4442   4.77088249157587484E+02   9.62044927811884953E+00
      4443   4.77180672297679962E+02   9.62076705931773368E+00
      4444   4.77273095437772554E+02   9.62108474721811291E+00
      4445   4.77365518577865032E+02   9.62140234185831922E+00
      4446   4.77457941717957624E+02   9.62171984327666152E+00
      4447   4.77550364858050216E+02   9.62203725151142741E+00
      4448   4.77644929286734907E+02   9.62236191715370559E+00
      4449   4.77739493715419712E+02   9.62268648532560000E+00
      4450   4.77834058144104461E+02   9.62301095606804680E+00
      4451   4.77928622572789152E+02   9.62333532942196612E+00
      4452   4.78023187001473957E+02   9.62365960542824617E+00
      4453   4.78117751430158705E+02   9.62398378412775379E+00
      4454   4.78212315858843453E+02   9.62430786556133633E+00
      4455   4.78306880287528202E+02   9.62463184976981267E+00
      4456   4.78401444716212950E+02   9.62495573679398042E+00
      4457   4.78496009144897698E+02   9.62527952667460873E+00
      4458   4.78590573573582446E+02   9.62560321945244723E+00
      4459   4.78685138002267195E+02   9.62592681516822424E+00
      4460   4.78779702430952000E+02   9.62625031386263608E+00
      4461   4.78874266859636748E+02   9.62657371557636310E+00
      4462   4.78968831288321553E+02   9.62689702035005901E+00
      4463   4.79063395717006301E+02   9.62722022822435086E+00
      4464   4.79157960145691050E+02   9.62754333923984795E+00
      4465   4.79252524574375798E+02   9.62786635343713115E+00
      4466   4.79347089003060546E+02   9.62818927085676179E+00
      4467   4.79441653431745294E+02   9.62851209153927101E+00
      4468   4.79536217860430042E+02   9.62883481552517217E+00
      4469   4.79630782289114791E+02   9.62915744285495379E+00
      4470   4.79725346717799539E+02   9.62947997356908125E+00
      4471   4.79819911146484287E+02   9.62980240770799512E+00
      4472   4.79914475575169035E+02   9.63012474531210927E+00
      4473   4.80009040003853784E+02   9.63044698642182162E+00
      4474   4.80103604432538646E+02   9.63076913107750165E+00
      4475   4.80198168861223394E+02   9.63109117931949221E+00
      4476   4.80292733289908085E+02   9.63141313118812192E+00
      4477   4.80387297718592833E+02   9.63173498672368744E+00
      4478   4.80481862147277582E+02   9.63205674596646588E+00
      4479   4.80576426575962330E+02   9.63237840895671127E+00
      4480   4.80670991004647135E+02   9.63269997573465098E+00
      4481   4.80765555433331883E+02   9.63302144634049107E+00
      4482   4.80860119862016688E+02   9.63334282081441806E+00
      4483   4.80954684290701380E+02   9.63366409919658651E+00
      4484   4.81049248719386185E+02   9.63398528152713496E+00
      4485   4.81143813148070933E+02   9.63430636784617711E+00
      4486   4.81238377576755681E+02   9.63462735819380001E+00
      4487   4.81332942005440430E+02   9.63494825261007115E+00
      4488   4.81427506434125235E+02   9.63526905113503318E+00
      4489   4.81522070862809926E+02   9.63558975380870564E+00
      4490   4.81616635291494674E+02   9.63591036067108497E+00
      4491   4.81711199720179422E+02   9.63623087176214277E+00
      4492   4.81805764148864171E+02   9.63655128712183284E+00
      4493   4.81900328577548919E+02   9.63687160679008059E+00
      4494   4.81994893006233724E+02   9.63719183080678654E+00
      4495   4.82089457434918472E+02   9.63751195921183523E+00
      4496   4.82184021863603277E+02   9.63783199204508279E+00
      4497   4.82278586292287969E+02   9.63815192934636222E+00
      4498   4.82373150720972774E+02   9.63847177115548526E+00
      4499   4.82467715149657522E+02   9.63879151751224050E+00
      4500   4.82562279578342213E+02   9.63911116845639526E+00
      4501   4.82656844007027019E+02   9.63943072402768664E+00
      4502   4.82751408435711767E+02   9.63975018426583574E+00
      4503   4.82845972864396515E+02   9.64006954921054060E+00
      4504   4.82940537293081320E+02   9.64038881890147259E+00
      4505   4.83035101721766011E+02   9.64070799337828177E+00
      4506   4.83129666150450817E+02   9.64102707268059511E+00
      4507   4.83224230579135565E+02   9.64134605684801826E+00
      4508   4.83318795007820313E+02   9.64166494592013024E+00
      4509   4.83413359436505061E+02   9.64198373993649049E+00
      4510   4.83507923865189866E+02   9.64230243893663364E+00
      4511   4.83602488293874615E+02   9.64262104296007472E+00
      4512   4.83697052722559306E+02   9.64293955204630038E+00
      4513   4.83791617151244054E+02   9.64325796623477949E+00
      4514   4.83886181579928859E+02   9.64357628556495783E+00
      4515   4.83980746008613664E+02   9.64389451007625276E+00
      4516   4.84075310437298356E+02   9.64421263980806565E+00
      4517   4.84169874865983104E+02   9.64453067479977122E+00
      4518   4.84264439294667909E+02   9.64484861509072289E+00
      4519   4.84359003723352600E+02   9.64516646072024919E+00
      4520   4.84453568152037349E+02   9.64548421172766091E+00
      4521   4.84548132580722154E+02   9.64580186815224216E+00
      4522   4.84642697009406845E+02   9.64611943003325401E+00
      4523   4.84737261438091650E+02   9.64643689740993615E+00
      4524   4.84831825866776455E+02   9.64675427032150701E+00
      4525   4.84926390295461147E+02   9.64707154880716011E+00
      4526   4.85020954724145952E+02   9.64738873290606591E+00
      4527   4.85115519152830643E+02   9.64770582265737531E+00
      4528   4.85210083581515448E+02   9.64802281810021434E+00
      4529   4.85304648010200196E+02   9.64833971927368594E+00
      4530   4.85399212438885002E+02   9.64865652621687531E+00
      4531   4.85493776867569693E+02   9.64897323896883741E+00
      4532   4.85588341296254441E+02   9.64928985756860946E+00
      4533   4.85682905724939189E+02   9.64960638205520738E+00
      4534   4.85777470153623938E+02   9.64992281246762040E+00
      4535   4.85872034582308743E+02   9.65023914884482004E+00
      4536   4.85966599010993491E+02   9.65055539122575112E+00
      4537   4.86061163439678296E+02   9.65087153964933719E+00
      4538   4.86155727868362987E+02   9.65118759415448224E+00
      4539   4.86250292297047736E+02   9.65150355478006539E+00
      4540   4.86344856725732541E+02   9.65181942156494266E+00
      4541   4.86439421154417289E+02   9.65213519454794877E+00
      4542   4.86533985583102037E+02   9.65245087376789535E+00
      4543   4.86628550011786785E+02   9.65276645926357624E+00
      4544   4.86723114440471591E+02   9.65308195107375511E+00
      4545   4.86817678869156282E+02   9.65339734923717785E+00
      4546   4.86912243297841087E+02   9.65371265379257082E+00
      4547   4.87006807726525778E+02   9.65402786477863373E+00
      4548   4.87101372155210527E+02   9.65434298223404319E+00
      4549   4.87195936583895332E+02   9.65465800619745629E+00
      4550   4.87290501012580023E+02   9.65497293670750878E+00
      4551   4.87385065441264771E+02   9.65528777380281333E+00
      4552   4.87479629869949576E+02   9.65560251752195775E+00
      4553   4.87574194298634325E+02   9.65591716790351207E+00
      4554   4.87668758727319130E+02   9.65623172498601967E+00
      4555   4.87763323156003821E+02   9.65654618880800619E+00
      4556   4.87857887584688626E+02   9.65686055940797416E+00
      4557   4.87952452013373374E+02   9.65717483682439948E+00
      4558   4.88047016442058123E+02   9.65748902109574026E+00
      4559   4.88141580870742928E+02   9.65780311226043509E+00
      4560   4.88236145299427619E+02   9.65811711035689413E+00
      4561   4.88330709728112424E+02   9.65843101542350801E+00
      4562   4.88425274156797173E+02   9.65874482749864960E+00
      4563   4.88519838585481921E+02   9.65905854662066332E+00
      4564   4.88614403014166669E+02   9.65937217282787408E+00
      4565   4.88711158341496230E+02   9.65969296909761432E+00
      4566   4.88807913668825677E+02   9.66001366817842033E+00
      4567   4.88904668996155294E+02   9.66033427011127621E+00
      4568   4.89001424323484798E+02   9.66065477493713587E+00
      4569   4.89098179650814359E+02   9.66097518269693190E+00
      4570   4.89194934978143863E+02   9.66129549343157024E+00
      4571   4.89291690305473367E+02   9.66161570718193730E+00
      4572   4.89388445632802984E+02   9.66193582398889284E+00
      4573   4.89485200960132488E+02   9.66225584389327175E+00
      4574   4.89581956287462049E+02   9.66257576693588938E+00
      4575   4.89678711614791553E+02   9.66289559315753088E+00
      4576   4.89775466942121113E+02   9.66321532259896365E+00
      4577   4.89872222269450674E+02   9.66353495530092488E+00
      4578   4.89968977596780178E+02   9.66385449130413754E+00
      4579   4.90065732924109739E+02   9.66417393064928909E+00
      4580   4.90162488251439243E+02   9.66449327337705277E+00
      4581   4.90259243578768746E+02   9.66481251952807163E+00
      4582   4.90355998906098307E+02   9.66513166914296917E+00
      4583   4.90452754233427868E+02   9.66545072226234403E+00
      4584   4.90549509560757372E+02   9.66576967892676819E+00
      4585   4.90646264888086989E+02   9.66608853917679589E+00
      4586   4.90743020215416436E+02   9.66640730305295115E+00
      4587   4.90839775542745997E+02   9.66672597059574024E+00
      4588   4.90936530870075558E+02   9.66704454184564099E+00
      4589   4.91033286197405062E+02   9.66736301684321298E+00
      4590   4.91130041524734622E+02   9.66768139562898199E+00
      4591   4.91226796852064126E+02   9.66799967824316120E+00
      4592   4.91323552179393687E+02   9.66831786472613608E+00
      4593   4.91420307506723191E+02   9.66863595511826723E+00
      4594   4.91517062834052751E+02   9.66895394945989572E+00
      4595   4.91613818161382312E+02   9.66927184779133597E+00
      4596   4.91710573488711873E+02   9.66958965015287752E+00
      4597   4.91807328816041377E+02   9.66990735658478862E+00
      4598   4.91904084143370881E+02   9.67022496712731616E+00
      4599   4.92000839470700441E+02   9.67054248182068044E+00
      4600   4.92097594798030002E+02   9.67085990070507506E+00
      4601   4.92194350125359563E+02   9.67117722382067946E+00
      4602   4.92291105452689067E+02   9.67149445120764106E+00
      4603   4.92387860780018570E+02   9.67181158290609133E+00
      4604   4.92484616107348131E+02   9.67212861895612974E+00
      4605   4.92581371434677635E+02   9.67244555939783979E+00
      4606   4.92678126762007196E+02   9.67276240427127831E+00
      4607   4.92774882089336757E+02   9.67307915326336065E+00
      4608   4.92871637416666317E+02   9.67339580713665725E+00
      4609   4.92968392743995878E+02   9.67371236556171610E+00
      4610   4.93065148071325382E+02   9.67402882857849988E+00
      4611   4.93161903398654886E+02   9.67434519622694822E+00
      4612   4.93258658725984390E+02   9.67466146854698295E+00
      4613   4.93355414053314007E+02   9.67497764557849749E+00
      4614   4.93452169380643511E+02   9.67529372736136217E+00
      4615   4.93548924707973072E+02   9.67560971393542779E+00
      4616   4.93645680035302576E+02   9.67592560534051671E+00
      4617   4.93742435362632136E+02   9.67624140161643176E+00
      4618   4.93839190689961640E+02   9.67655710280295445E+00
      4619   4.93935946017291144E+02   9.67687270893983964E+00
      4620   4.94032701344620705E+02   9.67718822006682089E+00
      4621   4.94129456671950322E+02   9.67750363622360688E+00
      4622   4.94226211999279769E+02   9.67781895744988496E+00
      4623   4.94322967326609387E+02   9.67813418378531942E+00
      4624   4.94419722653938891E+02   9.67844931526955143E+00
      4625   4.94516477981268451E+02   9.67876435194219731E+00
      4626   4.94613233308597955E+02   9.67907929384285382E+00
      4627   4.94709988635927459E+02   9.67939414101109286E+00
      4628   4.94806743963257077E+02   9.67970889348646324E+00
      4629   4.94903499290586524E+02   9.68002355130848890E+00
      4630   4.95000254617916084E+02   9.68033811451667781E+00
      4631   4.95097009945245588E+02   9.68065258315050770E+00
      4632   4.95193765272575206E+02   9.68096695724943501E+00
      4633   4.95290520599904710E+02   9.68128123685289665E+00
      4634   4.95387275927234271E+02   9.68159542200030465E+00
      4635   4.95484031254563774E+02   9.68190951273104616E+00
      4636   4.95580786581893335E+02   9.68222350908448881E+00
      4637   4.95677541909222839E+02   9.68253741109997712E+00
      4638   4.95774297236552400E+02   9.68285121881682898E+00
      4639   4.95871052563881960E+02   9.68316493227434627E+00
      4640   4.95967807891211464E+02   9.68347855151180248E+00
      4641   4.96064563218540968E+02   9.68379207656844798E+00
      4642   4.96161318545870529E+02   9.68410550748351717E+00
      4643   4.96258073873200033E+02   9.68441884429621602E+00
      4644   4.96354829200529593E+02   9.68473208704572563E+00
      4645   4.96451584527859154E+02   9.68504523577121290E+00
      4646   4.96548339855188658E+02   9.68535829051181452E+00
      4647   4.96645095182518162E+02   9.68567125130664941E+00
      4648   4.96741850509847779E+02   9.68598411819480987E+00
      4649   4.96838605837177340E+02   9.68629689121536686E+00
      4650   4.96935361164506787E+02   9.68660957040737358E+00
      4651   4.97032116491836405E+02   9.68692215580985305E+00
      4652   4.97128871819165909E+02   9.68723464746181051E+00
      4653   4.97225627146495412E+02   9.68754704540222633E+00
      4654   4.97322382473824973E+02   9.68785934967006135E+00
      4655   4.97419137801154534E+02   9.68817156030425153E+00
      4656   4.97515893128484038E+02   9.68848367734371330E+00
      4657   4.97612648455813655E+02   9.68879570082733466E+00
      4658   4.97709403783143102E+02   9.68910763079398762E+00
      4659   4.97806159110472663E+02   9.68941946728251757E+00
      4660   4.97902914437802224E+02   9.68973121033175211E+00
      4661   4.97999669765131728E+02   9.69004285998048864E+00
      4662   4.98096425092461232E+02   9.69035441626751215E+00
      4663   4.98193180419790849E+02   9.69066587923157741E+00
      4664   4.98289935747120410E+02   9.69097724891141965E+00
      4665   4.98386691074449857E+02   9.69128852534575458E+00
      4666   4.98483446401779418E+02   9.69159970857326947E+00
      4667   4.98580201729108978E+02   9.69191079863263560E+00
      4668   4.98676957056438482E+02   9.69222179556249763E+00
      4669   4.98773712383768043E+02   9.69253269940147888E+00
      4670   4.98870467711097604E+02   9.69284351018818313E+00
      4671   4.98967223038427107E+02   9.69315422796118931E+00
      4672   4.99063978365756668E+02   9.69346485275905501E+00
      4673   4.99160733693086172E+02   9.69377538462031474E+00
      4674   4.99257489020415733E+02   9.69408582358348170E+00
      4675   4.99354244347745237E+02   9.69439616968704776E+00
      4676   4.99450999675074797E+02   9.69470642296948171E+00
      4677   4.99547755002404358E+02   9.69501658346923101E+00
      4678   4.99644510329733862E+02   9.69532665122471826E+00
      4679   4.99741265657063423E+02   9.69563662627434830E+00
      4680   4.99838020984392983E+02   9.69594650865650109E+00
      4681   4.99934776311722430E+02   9.69625629840953529E+00
      4682   5.00033773297130608E+02   9.69657316963663440E+00
      4683   5.00132770282538957E+02   9.69688994397394666E+00
      4684   5.00231767267947134E+02   9.69720662146248458E+00
      4685   5.00330764253355426E+02   9.69752320214324470E+00
      4686   5.00429761238763660E+02   9.69783968605718982E+00
      4687   5.00528758224171895E+02   9.69815607324526496E+00
      4688   5.00627755209580130E+02   9.69847236374839028E+00
      4689   5.00726752194988364E+02   9.69878855760746106E+00
      4690   5.00825749180396656E+02   9.69910465486334772E+00
      4691   5.00924746165804891E+02   9.69942065555689936E+00
      4692   5.01023743151213125E+02   9.69973655972893667E+00
      4693   5.01122740136621417E+02   9.70005236742026433E+00
      4694   5.01221737122029651E+02   9.70036807867165152E+00
      4695   5.01320734107437943E+02   9.70068369352385496E+00
      4696   5.01419731092846121E+02   9.70099921201759940E+00
      4697   5.01518728078254412E+02   9.70131463419359186E+00
      4698   5.01617725063662647E+02   9.70162996009251266E+00
      4699   5.01716722049070938E+02   9.70194518975501552E+00
      4700   5.01815719034479116E+02   9.70226032322173637E+00
      4701   5.01914716019887408E+02   9.70257536053328096E+00
      4702   5.02013713005295642E+02   9.70289030173023725E+00
      4703   5.02112709990703877E+02   9.70320514685316482E+00
      4704   5.02211706976112168E+02   9.70351989594260367E+00
      4705   5.02310703961520346E+02   9.70383454903906539E+00
      4706   5.02409700946928638E+02   9.70414910618304205E+00
      4707   5.02508697932336872E+02   9.70446356741499905E+00
      4708   5.02607694917745221E+02   9.70477793277538048E+00
      4709   5.02706691903153455E+02   9.70509220230460734E+00
      4710   5.02805688888561633E+02   9.70540637604307221E+00
      4711   5.02904685873969868E+02   9.70572045403114991E+00
      4712   5.03003682859378216E+02   9.70603443630918861E+00
      4713   5.03102679844786394E+02   9.70634832291750982E+00
      4714   5.03201676830194629E+02   9.70666211389642086E+00
      4715   5.03300673815602920E+02   9.70697580928619708E+00
      4716   5.03399670801011155E+02   9.70728940912709248E+00
      4717   5.03498667786419389E+02   9.70760291345933979E+00
      4718   5.03597664771827624E+02   9.70791632232314683E+00
      4719   5.03696661757235916E+02   9.70822963575869657E+00
      4720   5.03795658742644150E+02   9.70854285380614890E+00
      4721   5.03894655728052442E+02   9.70885597650564236E+00
      4722   5.03993652713460676E+02   9.70916900389729243E+00
      4723   5.04092649698868911E+02   9.70948193602118970E+00
      4724   5.04191646684277202E+02   9.70979477291739812E+00
      4725   5.04290643669685437E+02   9.71010751462596211E+00
      4726   5.04389640655093672E+02   9.71042016034662581E+00
      4727   5.04488637640501906E+02   9.71073263015539112E+00
      4728   5.04587634625910141E+02   9.71104380388288213E+00
      4729   5.04686631611318376E+02   9.71134718650647955E+00
      4730   5.04785628596726667E+02   9.71161939958084908E+00
      4731   5.04884625582134959E+02   9.71179727218087585E+00
      4732   5.04983622567543136E+02   9.71173959202232773E+00
      4733   5.05082619552951371E+02   9.71117077594643519E+00
      4734   5.05181616538359606E+02   9.70960631437991317E+00
      4735   5.05280613523767954E+02   9.70626455373805008E+00
      4736   5.05379610509176132E+02   9.69997699998395468E+00
      4737   5.05478607494584367E+02   9.68912014406600264E+00
      4738   5.05577604479992601E+02   9.67160422441618550E+00
      4739   5.05676601465400893E+02   9.64496274264601361E+00
      4740   5.05775598450809184E+02   9.60658006313854251E+00
      4741   5.05874595436217419E+02   9.55406060572915905E+00
      4742   5.05973592421625654E+02   9.48568044186892756E+00
      4743   5.06072589407033945E+02   9.40079551364457977E+00
      4744   5.06171586392442123E+02   9.30005895488699608E+00
      4745   5.06270583377850414E+02   9.18535792386968986E+00
      4746   5.06369580363258706E+02   9.05949469645846683E+00
      4747   5.06468577348666884E+02   8.92573466308911456E+00
      4748   5.06567574334075175E+02   8.78736755934424174E+00
      4749   5.06666571319483410E+02   8.64738199770831173E+00
      4750   5.06765568304891644E+02   8.50828406466288634E+00
      4751   5.06864565290299879E+02   8.37203959458560654E+00
      4752   5.06963562275708171E+02   8.24009907890262916E+00
      4753   5.07062559261116405E+02   8.11346573862061504E+00
      4754   5.07161556246524697E+02   7.99277826353388132E+00
      4755   5.07260553231932874E+02   7.87839140566489871E+00
      4756   5.07359550217341223E+02   7.77044642197447644E+00
      4757   5.07458547202749457E+02   7.66892883474491605E+00
      4758   5.07557544188157635E+02   7.57371387798860329E+00
      4759   5.07656541173565927E+02   7.48460125838352575E+00
      4760   5.07755538158974218E+02   7.40134120680817098E+00
      4761   5.07854535144382396E+02   7.32365370011428496E+00
      4762   5.07953532129790688E+02   7.25124245982518723E+00
      4763   5.08052529115198865E+02   7.18380502262149712E+00
      4764   5.08151526100607157E+02   7.12103988928257081E+00
      4765   5.08250523086015448E+02   7.06265151680606351E+00
      4766   5.08349520071423683E+02   7.00835372592633021E+00
      4767   5.08448517056831918E+02   6.95787194812633647E+00
      4768   5.08547514042240152E+02   6.91094462470828663E+00
      4769   5.08646511027648387E+02   6.86732398772951047E+00
      4770   5.08745508013056678E+02   6.82677639177517115E+00
      4771   5.08844504998464856E+02   6.78908232106298382E+00
      4772   5.08943501983873148E+02   6.75403616393184336E+00
      4773   5.09042498969281382E+02   6.19665995759219790E+00
      4774   5.09141495954689674E+02   6.19720847559561427E+00
      4775   5.09240492940097909E+02   6.19775687767400907E+00
      4776   5.09339489925506143E+02   6.19830516387346009E+00
      4777   5.09438486910914435E+02   6.19885333424002027E+00
      4778   5.09537483896322669E+02   6.19940138881971148E+00
      4779   5.09636480881730904E+02   6.19994932765853157E+00
      4780   5.09735477867139195E+02   6.20049715080245267E+00
      4781   5.09834474852547373E+02   6.20104485829741492E+00
      4782   5.09933471837955665E+02   6.20159245018933714E+00
      4783   5.10032468823363899E+02   6.20213992652410617E+00
      4784   5.10131465808772191E+02   6.20268728734758756E+00
      4785   5.10230462794180369E+02   6.20323453270561309E+00
      4786   5.10329459779588717E+02   6.20378166264399500E+00
      4787   5.10428456764996895E+02   6.20432867720851089E+00
      4788   5.10527453750405186E+02   6.20487557644491972E+00
      4789   5.10626450735813478E+02   6.20542236039894757E+00
      4790   5.10725447721221656E+02   6.20596902911629567E+00
      4791   5.10824444706629947E+02   6.20651558264263770E+00
      4792   5.10923441692038182E+02   6.20706202102362425E+00
      4793   5.11022438677446416E+02   6.20760834430487485E+00
      4794   5.11121435662854708E+02   6.20815455253198323E+00
      4795   5.11220432648262943E+02   6.20870064575051828E+00
      4796   5.11319429633671120E+02   6.20924662400601957E+00
      4797   5.11418426619079412E+02   6.20979248734400180E+00
      4798   5.11517423604487703E+02   6.21033823580995481E+00
      4799   5.11618714183419229E+02   6.21089650950174477E+00
      4800   5.11720004762350811E+02   6.21145466303331872E+00
      4801   5.11821295341282280E+02   6.21201269645331244E+00
      4802   5.11922585920213862E+02   6.21257060981033593E+00
      4803   5.12023876499145331E+02   6.21312840315296455E+00
      4804   5.12125167078076970E+02   6.21368607652975236E+00
      4805   5.12226457657008609E+02   6.21424362998921520E+00
      4806   5.12327748235940021E+02   6.21480106357984763E+00
      4807   5.12429038814871546E+02   6.21535837735011043E+00
      4808   5.12530329393803186E+02   6.21591557134843953E+00
      4809   5.12631619972734711E+02   6.21647264562323887E+00
      4810   5.12732910551666237E+02   6.21702960022288309E+00
      4811   5.12834201130597876E+02   6.21758643519572107E+00
      4812   5.12935491709529401E+02   6.21814315059006884E+00
      4813   5.13036782288460927E+02   6.21869974645421753E+00
      4814   5.13138072867392452E+02   6.21925622283642721E+00
      4815   5.13239363446323978E+02   6.21981257978492952E+00
      4816   5.13340654025255617E+02   6.22036881734792590E+00
      4817   5.13441944604187142E+02   6.22092493557359294E+00
      4818   5.13543235183118668E+02   6.22148093451007345E+00
      4819   5.13644525762050193E+02   6.22203681420548804E+00
      4820   5.13745816340981833E+02   6.22259257470792093E+00
      4821   5.13847106919913358E+02   6.22314821606543500E+00
      4822   5.13948397498844884E+02   6.22370373832605939E+00
      4823   5.14049688077776409E+02   6.22425914153779569E+00
      4824   5.14150978656708048E+02   6.22481442574862065E+00
      4825   5.14252269235639574E+02   6.22536959100647369E+00
      4826   5.14353559814571099E+02   6.22592463735927737E+00
      4827   5.14454850393502625E+02   6.22647956485491783E+00
      4828   5.14556140972434150E+02   6.22703437354125278E+00
      4829   5.14657431551365789E+02   6.22758906346611507E+00
      4830   5.14758722130297201E+02   6.22814363467730736E+00
      4831   5.14860012709228840E+02   6.22869808722260387E+00
      4832   5.14961303288160366E+02   6.22925242114975042E+00
      4833   5.15062593867091891E+02   6.22980663650646527E+00
      4834   5.15163884446023530E+02   6.23036073334043650E+00
      4835   5.15265175024955056E+02   6.23091471169932376E+00
      4836   5.15366465603886581E+02   6.23146857163076273E+00
      4837   5.15467756182818221E+02   6.23202231318235622E+00
      4838   5.15569046761749746E+02   6.23257593640167862E+00
      4839   5.15670337340681272E+02   6.23312944133628033E+00
      4840   5.15771627919612797E+02   6.23368282803367979E+00
      4841   5.15872918498544323E+02   6.23423609654136790E+00
      4842   5.15974209077475848E+02   6.23478924690680891E+00
      4843   5.16075499656407487E+02   6.23534227917743511E+00
      4844   5.16176790235339013E+02   6.23589519340065834E+00
      4845   5.16278080814270538E+02   6.23644798962385316E+00
      4846   5.16379371393202064E+02   6.23700066789437191E+00
      4847   5.16480661972133589E+02   6.23755322825953584E+00
      4848   5.16581952551065228E+02   6.23810567076664135E+00
      4849   5.16683243129996754E+02   6.23865799546295463E+00
      4850   5.16784533708928279E+02   6.23921020239571344E+00
      4851   5.16885824287859805E+02   6.23976229161212981E+00
      4852   5.16987114866791444E+02   6.24031426315938464E+00
      4853   5.17088405445722969E+02   6.24086611708463490E+00
      4854   5.17189696024654495E+02   6.24141785343500555E+00
      4855   5.17290986603586134E+02   6.24196947225759668E+00
      4856   5.17392277182517660E+02   6.24252097359947733E+00
      4857   5.17493567761449071E+02   6.24307235750769340E+00
      4858   5.17594858340380711E+02   6.24362362402926063E+00
      4859   5.17696148919312236E+02   6.24417477321116277E+00
      4860   5.17797439498243762E+02   6.24472580510036401E+00
      4861   5.17898730077175401E+02   6.24527671974379484E+00
      4862   5.18000020656106926E+02   6.24582751718835993E+00
      4863   5.18101311235038452E+02   6.24637819748093559E+00
      4864   5.18202601813969977E+02   6.24692876066836877E+00
      4865   5.18303892392901616E+02   6.24747920679748603E+00
      4866   5.18405182971833142E+02   6.24802953591507659E+00
      4867   5.18506473550764667E+02   6.24857974806790750E+00
      4868   5.18607764129696193E+02   6.24912984330271826E+00
      4869   5.18709054708627718E+02   6.24967982166621994E+00
      4870   5.18810345287559358E+02   6.25022968320509431E+00
      4871   5.18911635866490883E+02   6.25077942796599828E+00
      4872   5.19012926445422409E+02   6.25132905599556032E+00
      4873   5.19114217024354048E+02   6.25187856734038139E+00
      4874   5.19215507603285459E+02   6.25242796204703311E+00
      4875   5.19316798182217099E+02   6.25297724016206313E+00
      4876   5.19418088761148624E+02   6.25352640173199070E+00
      4877   5.19519379340080150E+02   6.25407544680330396E+00
      4878   5.19620669919011789E+02   6.25462437542247063E+00
      4879   5.19721960497943201E+02   6.25517318763592378E+00
      4880   5.19823251076874840E+02   6.25572188349007430E+00
      4881   5.19924541655806365E+02   6.25627046303130196E+00
      4882   5.20025832234737891E+02   6.25681892630596170E+00
      4883   5.20127122813669416E+02   6.25736727336038268E+00
      4884   5.20228413392601055E+02   6.25791550424086385E+00
      4885   5.20329703971532581E+02   6.25846361899367576E+00
      4886   5.20430994550464106E+02   6.25901161766506675E+00
      4887   5.20532285129395746E+02   6.25955950030125319E+00
      4888   5.20633575708327157E+02   6.26010726694842656E+00
      4889   5.20734866287258797E+02   6.26065491765275173E+00
      4890   5.20836156866190322E+02   6.26120245246036333E+00
      4891   5.20937447445121848E+02   6.26174987141737471E+00
      4892   5.21038738024053373E+02   6.26229717456986457E+00
      4893   5.21140028602985012E+02   6.26284436196389116E+00
      4894   5.21241319181916538E+02   6.26339143364548345E+00
      4895   5.21342609760848063E+02   6.26393838966064020E+00
      4896   5.21443900339779702E+02   6.26448523005533708E+00
      4897   5.21545190918711228E+02   6.26503195487552311E+00
      4898   5.21646481497642753E+02   6.26557856416711623E+00
      4899   5.21747772076574279E+02   6.26612505797601305E+00
      4900   5.21849062655505804E+02   6.26667143634807822E+00
      4901   5.21950353234437330E+02   6.26721769932915240E+00
      4902   5.22051643813368969E+02   6.26776384696504962E+00
      4903   5.22152934392300494E+02   6.26830987930155281E+00
      4904   5.22254224971232020E+02   6.26885579638442358E+00
      4905   5.22355515550163545E+02   6.26940159825939514E+00
      4906   5.22456806129095185E+02   6.26994728497217224E+00
      4907   5.22558096708026710E+02   6.27049285656843480E+00
      4908   5.22659387286958236E+02   6.27103831309383253E+00
      4909   5.22760677865889761E+02   6.27158365459399292E+00
      4910   5.22861968444821287E+02   6.27212888111451505E+00
      4911   5.22963259023752812E+02   6.27267399270097048E+00
      4912   5.23064549602684451E+02   6.27321898939890410E+00
      4913   5.23165840181615977E+02   6.27376387125383594E+00
      4914   5.23267130760547502E+02   6.27430863831125674E+00
      4915   5.23368421339479028E+02   6.27485329061663322E+00
      4916   5.23472058650635404E+02   6.27541044287581862E+00
      4917   5.23575695961791780E+02   6.27596747510034891E+00
      4918   5.23679333272948156E+02   6.27652438733884033E+00
      4919   5.23782970584104532E+02   6.27708117963987799E+00
      4920   5.23886607895260909E+02   6.27763785205201419E+00
      4921   5.23990245206417285E+02   6.27819440462377631E+00
      4922   5.24093882517573547E+02   6.27875083740366158E+00
      4923   5.24197519828729924E+02   6.27930715044013787E+00
      4924   5.24301157139886300E+02   6.27986334378164468E+00
      4925   5.24404794451042676E+02   6.28041941747659038E+00
      4926   5.24508431762199052E+02   6.28097537157335850E+00
      4927   5.24612069073355315E+02   6.28153120612030147E+00
      4928   5.24715706384511691E+02   6.28208692116574241E+00
      4929   5.24819343695667953E+02   6.28264251675797425E+00
      4930   5.24922981006824443E+02   6.28319799294526593E+00
      4931   5.25026618317980706E+02   6.28375334977585354E+00
      4932   5.25130255629137082E+02   6.28430858729794561E+00
      4933   5.25233892940293345E+02   6.28486370555972051E+00
      4934   5.25337530251449834E+02   6.28541870460933172E+00
      4935   5.25441167562606097E+02   6.28597358449489985E+00
      4936   5.25544804873762587E+02   6.28652834526451976E+00
      4937   5.25648442184918849E+02   6.28708298696625434E+00
      4938   5.25752079496075226E+02   6.28763750964814339E+00
      4939   5.25855716807231602E+02   6.28819191335819205E+00
      4940   5.25959354118387864E+02   6.28874619814437974E+00
      4941   5.26062991429544240E+02   6.28930036405465831E+00
      4942   5.26166628740700617E+02   6.28985441113694765E+00
      4943   5.26270266051856993E+02   6.29040833943914546E+00
      4944   5.26373903363013369E+02   6.29096214900911477E+00
      4945   5.26477540674169632E+02   6.29151583989469110E+00
      4946   5.26581177985326008E+02   6.29206941214368332E+00
      4947   5.26684815296482384E+02   6.29262286580387187E+00
      4948   5.26788452607638760E+02   6.29317620092300789E+00
      4949   5.26892089918795136E+02   6.29372941754881499E+00
      4950   5.26995727229951399E+02   6.29428251572898834E+00
      4951   5.27099364541107775E+02   6.29483549551119292E+00
      4952   5.27203001852264151E+02   6.29538835694306709E+00
      4953   5.27306639163420527E+02   6.29594110007222163E+00
      4954   5.27410276474576790E+02   6.29649372494623805E+00
      4955   5.27513913785733280E+02   6.29704623161266941E+00
      4956   5.27617551096889542E+02   6.29759862011903948E+00
      4957   5.27721188408045919E+02   6.29815089051284804E+00
      4958   5.27824825719202295E+02   6.29870304284156113E+00
      4959   5.27928463030358557E+02   6.29925507715262167E+00
      4960   5.28032100341515047E+02   6.29980699349344064E+00
      4961   5.28135737652671310E+02   6.30035879191140413E+00
      4962   5.28239374963827686E+02   6.30091047245386537E+00
      4963   5.28343012274984062E+02   6.30146203516815540E+00
      4964   5.28446649586140438E+02   6.30201348010157414E+00
      4965   5.28550286897296701E+02   6.30256480730139224E+00
      4966   5.28653924208453077E+02   6.30311601681485545E+00
      4967   5.28757561519609453E+02   6.30366710868918023E+00
      4968   5.28861198830765829E+02   6.30421808297155373E+00
      4969   5.28964836141922092E+02   6.30476893970913821E+00
      4970   5.29068473453078468E+02   6.30531967894906309E+00
      4971   5.29172110764234844E+02   6.30587030073843646E+00
      4972   5.29275748075391220E+02   6.30642080512433267E+00
      4973   5.29379385386547483E+02   6.30697119215380120E+00
      4974   5.29483022697703973E+02   6.30752146187386487E+00
      4975   5.29586660008860235E+02   6.30807161433151453E+00
      4976   5.29690297320016612E+02   6.30862164957371618E+00
      4977   5.29793934631172988E+02   6.30917156764741005E+00
      4978   5.29897571942329364E+02   6.30972136859950350E+00
      4979   5.30001209253485627E+02   6.31027105247687992E+00
      4980   5.30104846564642003E+02   6.31082061932639515E+00
      4981   5.30208483875798379E+02   6.31137006919487398E+00
      4982   5.30312121186954755E+02   6.31191940212911806E+00
      4983   5.30415758498111131E+02   6.31246861817589799E+00
      4984   5.30519395809267508E+02   6.31301771738195772E+00
      4985   5.30623033120423770E+02   6.31356669979401364E+00
      4986   5.30726670431580146E+02   6.31411556545875641E+00
      4987   5.30830307742736522E+02   6.31466431442284648E+00
      4988   5.30933945053892899E+02   6.31521294673291944E+00
      4989   5.31037582365049161E+02   6.31576146243557890E+00
      4990   5.31141219676205537E+02   6.31630986157740626E+00
      4991   5.31244856987361914E+02   6.31685814420495273E+00
      4992   5.31348494298518290E+02   6.31740631036474110E+00
      4993   5.31452131609674552E+02   6.31795436010327016E+00
      4994   5.31555768920830928E+02   6.31850229346700853E+00
      4995   5.31659406231987305E+02   6.31905011050239906E+00
      4996   5.31763043543143681E+02   6.31959781125585529E+00
      4997   5.31866680854300057E+02   6.32014539577376677E+00
      4998   5.31970318165456433E+02   6.32069286410249109E+00
      4999   5.32073955476612809E+02   6.32124021628836363E+00
      5000   5.32177592787769072E+02   6.32178745237768691E+00
      5001   5.32281230098925448E+02   6.32233457241674124E+00
      5002   5.32384867410081711E+02   6.32288157645177940E+00
      5003   5.32488504721238201E+02   6.32342846452902307E+00
      5004   5.32592142032394463E+02   6.32397523669466999E+00
      5005   5.32695779343550839E+02   6.32452189299488943E+00
      5006   5.32799416654707215E+02   6.32506843347582492E+00
      5007   5.32903053965863592E+02   6.32561485818359159E+00
      5008   5.33006691277019968E+02   6.32616116716427701E+00
      5009   5.33110328588176230E+02   6.32670736046394389E+00
      5010   5.33213965899332607E+02   6.32725343812862562E+00
      5011   5.33317603210488983E+02   6.32779940020433163E+00
      5012   5.33421240521645359E+02   6.32834524673703847E+00
      5013   5.33524877832801621E+02   6.32889097777270315E+00
      5014   5.33628515143958111E+02   6.32943659335724984E+00
      5015   5.33732152455114374E+02   6.32998209353657870E+00
      5016   5.33835789766270750E+02   6.33052747835656326E+00
      5017   5.33939427077427126E+02   6.33107274786304774E+00
      5018   5.34043064388583502E+02   6.33161790210185149E+00
      5019   5.34146701699739879E+02   6.33216294111876721E+00
      5020   5.34250339010896141E+02   6.33270786495955917E+00
      5021   5.34353976322052517E+02   6.33325267366996769E+00
      5022   5.34457613633208894E+02   6.33379736729570109E+00
      5023   5.34561250944365270E+02   6.33434194588244637E+00
      5024   5.34664888255521532E+02   6.33488640947586212E+00
      5025   5.34768525566677909E+02   6.33543075812157763E+00
      5026   5.34872162877834285E+02   6.33597499186519819E+00
      5027   5.34975800188990547E+02   6.33651911075230334E+00
      5028   5.35079437500146923E+02   6.33706311482844420E+00
      5029   5.35183074811303300E+02   6.33760700413914257E+00
      5030   5.35286712122459676E+02   6.33815077872990074E+00
      5031   5.35390349433616052E+02   6.33869443864618720E+00
      5032   5.35493986744772315E+02   6.33923798393344740E+00
      5033   5.35600025157989080E+02   6.33979400365407475E+00
      5034   5.35706063571205959E+02   6.34034990346879113E+00
      5035   5.35812101984422725E+02   6.34090568342618788E+00
      5036   5.35918140397639490E+02   6.34146134357482438E+00
      5037   5.36024178810856256E+02   6.34201688396323782E+00
      5038   5.36130217224073021E+02   6.34257230463992983E+00
      5039   5.36236255637289901E+02   6.34312760565337630E+00
      5040   5.36342294050506666E+02   6.34368278705202293E+00
      5041   5.36448332463723432E+02   6.34423784888428788E+00
      5042   5.36554370876940197E+02   6.34479279119855821E+00
      5043   5.36660409290156963E+02   6.34534761404319347E+00
      5044   5.36766447703373842E+02   6.34590231746652567E+00
      5045   5.36872486116590608E+02   6.34645690151685482E+00
      5046   5.36978524529807373E+02   6.34701136624245699E+00
      5047   5.37084562943024139E+02   6.34756571169157358E+00
      5048   5.37190601356241018E+02   6.34811993791242113E+00
      5049   5.37296639769457784E+02   6.34867404495318599E+00
      5050   5.37402678182674663E+02   6.34922803286202608E+00
      5051   5.37508716595891315E+02   6.34978190168707091E+00
      5052   5.37614755009108194E+02   6.35033565147642332E+00
      5053   5.37720793422324959E+02   6.35088928227815330E+00
      5054   5.37826831835541725E+02   6.35144279414030244E+00
      5055   5.37932870248758604E+02   6.35199618711089009E+00
      5056   5.38038908661975256E+02   6.35254946123789921E+00
      5057   5.38144947075192135E+02   6.35310261656928787E+00
      5058   5.38250985488409015E+02   6.35365565315298753E+00
      5059   5.38357023901625666E+02   6.35420857103689674E+00
      5060   5.38463062314842546E+02   6.35476137026888832E+00
      5061   5.38569100728059311E+02   6.35531405089680579E+00
      5062   5.38675139141276077E+02   6.35586661296846511E+00
      5063   5.38781177554492956E+02   6.35641905653165473E+00
      5064   5.38887215967709608E+02   6.35697138163412934E+00
      5065   5.38993254380926487E+02   6.35752358832362230E+00
      5066   5.39099292794143253E+02   6.35807567664783413E+00
      5067   5.39205331207360132E+02   6.35862764665444047E+00
      5068   5.39311369620576897E+02   6.35917949839108321E+00
      5069   5.39417408033793663E+02   6.35973123190538026E+00
      5070   5.39523446447010429E+02   6.36028284724492288E+00
      5071   5.39629484860227194E+02   6.36083434445726859E+00
      5072   5.39735523273444073E+02   6.36138572358995180E+00
      5073   5.39841561686660839E+02   6.36193698469047320E+00
      5074   5.39947600099877604E+02   6.36248812780631212E+00
      5075   5.40053638513094484E+02   6.36303915298491596E+00
      5076   5.40159676926311249E+02   6.36359006027370278E+00
      5077   5.40265715339528015E+02   6.36414084972006577E+00
      5078   5.40371753752744780E+02   6.36469152137136707E+00
      5079   5.40477792165961546E+02   6.36524207527494301E+00
      5080   5.40583830579178425E+02   6.36579251147810066E+00
      5081   5.40689868992395191E+02   6.36634283002811951E+00
      5082   5.40795907405611956E+02   6.36689303097224979E+00
      5083   5.40901945818828722E+02   6.36744311435771682E+00
      5084   5.41007984232045601E+02   6.36799308023171662E+00
      5085   5.41114022645262366E+02   6.36854292864141414E+00
      5086   5.41220061058479132E+02   6.36909265963395121E+00
      5087   5.41326099471695898E+02   6.36964227325643773E+00
      5088   5.41432137884912777E+02   6.37019176955595956E+00
      5089   5.41538176298129542E+02   6.37074114857957152E+00
      5090   5.41644214711346308E+02   6.37129041037430177E+00
      5091   5.41750253124563073E+02   6.37183955498715271E+00
      5092   5.41856291537779953E+02   6.37238858246509565E+00
      5093   5.41962329950996718E+02   6.37293749285507527E+00
      5094   5.42068368364213484E+02   6.37348628620401048E+00
      5095   5.42174406777430249E+02   6.37403496255878910E+00
      5096   5.42280445190647015E+02   6.37458352196627320E+00
      5097   5.42386483603863894E+02   6.37513196447329911E+00
      5098   5.42492522017080660E+02   6.37568029012667115E+00
      5099   5.42598560430297539E+02   6.37622849897316968E+00
      5100   5.42704598843514191E+02   6.37677659105954486E+00
      5101   5.42810637256731070E+02   6.37732456643252199E+00
      5102   5.42916675669947836E+02   6.37787242513879704E+00
      5103   5.43022714083164601E+02   6.37842016722503669E+00
      5104   5.43128752496381367E+02   6.37896779273788628E+00
      5105   5.43234790909598246E+02   6.37951530172395564E+00
      5106   5.43340829322815011E+02   6.38006269422983330E+00
      5107   5.43446867736031777E+02   6.38060997030207755E+00
      5108   5.43552906149248543E+02   6.38115712998722184E+00
      5109   5.43658944562465308E+02   6.38170417333176587E+00
      5110   5.43764982975682187E+02   6.38225110038219068E+00
      5111   5.43871021388899067E+02   6.38279791118494266E+00
      5112   5.43977059802115832E+02   6.38334460578644514E+00
      5113   5.44083098215332484E+02   6.38389118423309387E+00
      5114   5.44189136628549250E+02   6.38443764657125357E+00
      5115   5.44295175041766129E+02   6.38498399284726847E+00
      5116   5.44401213454982894E+02   6.38553022310744645E+00
      5117   5.44507251868199774E+02   6.38607633739807756E+00
      5118   5.44613290281416539E+02   6.38662233576541993E+00
      5119   5.44719328694633305E+02   6.38716821825570058E+00
      5120   5.44825367107850184E+02   6.38771398491512787E+00
      5121   5.44931405521066949E+02   6.38825963578987821E+00
      5122   5.45037443934283715E+02   6.38880517092610045E+00
      5123   5.45143482347500481E+02   6.38935059036991682E+00
      5124   5.45249520760717246E+02   6.38989589416742554E+00
      5125   5.45355559173934125E+02   6.39044108236469288E+00
      5126   5.45461597587150891E+02   6.39098615500776290E+00
      5127   5.45567636000367656E+02   6.39153111214264769E+00
      5128   5.45673674413584422E+02   6.39207595381533622E+00
      5129   5.45779712826801187E+02   6.39262068007178907E+00
      5130   5.45885751240018067E+02   6.39316529095794106E+00
      5131   5.45991789653234832E+02   6.39370978651969679E+00
      5132   5.46097828066451598E+02   6.39425416680293690E+00
      5133   5.46203866479668477E+02   6.39479843185351626E+00
      5134   5.46309904892885243E+02   6.39534258171725778E+00
      5135   5.46415943306102008E+02   6.39588661643996481E+00
      5136   5.46521981719318774E+02   6.39643053606740697E+00
      5137   5.46628020132535539E+02   6.39697434064532988E+00
      5138   5.46734058545752305E+02   6.39751803021945342E+00
      5139   5.46840096958969184E+02   6.39806160483546993E+00
      5140   5.46946135372185950E+02   6.39860506453904510E+00
      5141   5.47052173785402715E+02   6.39914840937581708E+00
      5142   5.47158212198619594E+02   6.39969163939139740E+00
      5143   5.47264250611836360E+02   6.40023475463137181E+00
      5144   5.47370289025053125E+02   6.40077775514130032E+00
      5145   5.47476327438270005E+02   6.40132064096671449E+00
      5146   5.47582365851486770E+02   6.40186341215311749E+00
      5147   5.47688404264703536E+02   6.40240606874599028E+00
      5148   5.47794442677920301E+02   6.40294861079078448E+00
      5149   5.47900481091137067E+02   6.40349103833292688E+00
      5150   5.48008976235907653E+02   6.40404591454294092E+00
      5151   5.48117471380678126E+02   6.40460067097930175E+00
      5152   5.48225966525448712E+02   6.40515530769057762E+00
      5153   5.48334461670219298E+02   6.40570982472531014E+00
      5154   5.48442956814989770E+02   6.40626422213201341E+00
      5155   5.48551451959760357E+02   6.40681849995916952E+00
      5156   5.48659947104530829E+02   6.40737265825523483E+00
      5157   5.48768442249301415E+02   6.40792669706863549E+00
      5158   5.48876937394071888E+02   6.40848061644776656E+00
      5159   5.48985432538842474E+02   6.40903441644099647E+00
      5160   5.49093927683612947E+02   6.40958809709666610E+00
      5161   5.49202422828383533E+02   6.41014165846308348E+00
      5162   5.49310917973154119E+02   6.41069510058853265E+00
      5163   5.49419413117924591E+02   6.41124842352126478E+00
      5164   5.49527908262695178E+02   6.41180162730950531E+00
      5165   5.49636403407465650E+02   6.41235471200144858E+00
      5166   5.49744898552236236E+02   6.41290767764526137E+00
      5167   5.49853393697006823E+02   6.41346052428908209E+00
      5168   5.49961888841777409E+02   6.41401325198101979E+00
      5169   5.50070383986547768E+02   6.41456586076915602E+00
      5170   5.50178879131318467E+02   6.41511835070154213E+00
      5171   5.50287374276088940E+02   6.41567072182620013E+00
      5172   5.50395869420859526E+02   6.41622297419112719E+00
      5173   5.50504364565630112E+02   6.41677510784429028E+00
      5174   5.50612859710400585E+02   6.41732712283362616E+00
      5175   5.50721354855171057E+02   6.41787901920704229E+00
      5176   5.50829849999941644E+02   6.41843079701242125E+00
      5177   5.50938345144712230E+02   6.41898245629761721E+00
      5178   5.51046840289482702E+02   6.41953399711045236E+00
      5179   5.51155335434253288E+02   6.42008541949872225E+00
      5180   5.51263830579023761E+02   6.42063672351019310E+00
      5181   5.51372325723794347E+02   6.42118790919260540E+00
      5182   5.51480820868564933E+02   6.42173897659367032E+00
      5183   5.51589316013335406E+02   6.42228992576106883E+00
      5184   5.51697811158105878E+02   6.42284075674245347E+00
      5185   5.51806306302876465E+02   6.42339146958545371E+00
      5186   5.51914801447647051E+02   6.42394206433766257E+00
      5187   5.52023296592417637E+02   6.42449254104665357E+00
      5188   5.52131791737188109E+02   6.42504289975996379E+00
      5189   5.52240286881958582E+02   6.42559314052510810E+00
      5190   5.52348782026729168E+02   6.42614326338957031E+00
      5191   5.52457277171499754E+02   6.42669326840080668E+00
      5192   5.52565772316270227E+02   6.42724315560624593E+00
      5193   5.52674267461040813E+02   6.42779292505328925E+00
      5194   5.52782762605811286E+02   6.42834257678930854E+00
      5195   5.52891257750581872E+02   6.42889211086164547E+00
      5196   5.52999752895352344E+02   6.42944152731761953E+00
      5197   5.53108248040122930E+02   6.42999082620451734E+00
      5198   5.53216743184893403E+02   6.43054000756959798E+00
      5199   5.53325238329663989E+02   6.43108907146009479E+00
      5200   5.53433733474434462E+02   6.43163801792321266E+00
      5201   5.53542228619205048E+02   6.43218684700612631E+00
      5202   5.53650723763975520E+02   6.43273555875598557E+00
      5203   5.53759218908746107E+02   6.43328415321990921E+00
      5204   5.53867714053516693E+02   6.43383263044499198E+00
      5205   5.53976209198287165E+02   6.43438099047829670E+00
      5206   5.54084704343057751E+02   6.43492923336686307E+00
      5207   5.54193199487828338E+02   6.43547735915769703E+00
      5208   5.54301694632598810E+02   6.43602536789778323E+00
      5209   5.54410189777369396E+02   6.43657325963407345E+00
      5210   5.54518684922139983E+02   6.43712103441349281E+00
      5211   5.54627180066910455E+02   6.43766869228294247E+00
      5212   5.54735675211681041E+02   6.43821623328929160E+00
      5213   5.54844170356451514E+02   6.43876365747938273E+00
      5214   5.54952665501221986E+02   6.43931096490003263E+00
      5215   5.55061160645992572E+02   6.43985815559802788E+00
      5216   5.55169655790763159E+02   6.44040522962013018E+00
      5217   5.55278150935533631E+02   6.44095218701307015E+00
      5218   5.55386646080304217E+02   6.44149902782355266E+00
      5219   5.55495141225074804E+02   6.44204575209825769E+00
      5220   5.55603636369845276E+02   6.44259235988383416E+00
      5221   5.55712131514615749E+02   6.44313885122690433E+00
      5222   5.55820626659386448E+02   6.44368522617406292E+00
      5223   5.55929121804156921E+02   6.44423148477187802E+00
      5224   5.56037616948927507E+02   6.44477762706689195E+00
      5225   5.56146112093697980E+02   6.44532365310561328E+00
      5226   5.56254607238468452E+02   6.44586956293453106E+00
      5227   5.56363102383239038E+02   6.44641535660010234E+00
      5228   5.56471597528009511E+02   6.44696103414875843E+00
      5229   5.56580092672780097E+02   6.44750659562690132E+00
      5230   5.56688587817550683E+02   6.44805204108090901E+00
      5231   5.56797082962321156E+02   6.44859737055712934E+00
      5232   5.56905578107091742E+02   6.44914258410188435E+00
      5233   5.57014073251862328E+02   6.44968768176146945E+00
      5234   5.57122568396632801E+02   6.45023266358214986E+00
      5235   5.57231063541403387E+02   6.45077752961016770E+00
      5236   5.57339558686173859E+02   6.45132228041293043E+00
      5237   5.57448053830944446E+02   6.45186691499778231E+00
      5238   5.57556548975714918E+02   6.45241143392851946E+00
      5239   5.57665044120485504E+02   6.45295583725127919E+00
      5240   5.57773539265256090E+02   6.45350012501216330E+00
      5241   5.57882034410026563E+02   6.45404429725724960E+00
      5242   5.57990529554797035E+02   6.45458835403258924E+00
      5243   5.58099024699567735E+02   6.45513229538420497E+00
      5244   5.58207519844338208E+02   6.45567612135809288E+00
      5245   5.58316014989108680E+02   6.45621983200022242E+00
      5246   5.58424510133879267E+02   6.45676342735653996E+00
      5247   5.58533005278649853E+02   6.45730690747295633E+00
      5248   5.58641500423420325E+02   6.45785027239536102E+00
      5249   5.58749995568190911E+02   6.45839352216961959E+00
      5250   5.58858490712961384E+02   6.45893665684156204E+00
      5251   5.58966985857731970E+02   6.45947967645699972E+00
      5252   5.59075481002502556E+02   6.46002258106171379E+00
      5253   5.59183976147273142E+02   6.46056537070145964E+00
      5254   5.59292471292043501E+02   6.46110804542196160E+00
      5255   5.59400966436814088E+02   6.46165060526892354E+00
      5256   5.59509461581584674E+02   6.46219305028802005E+00
      5257   5.59617956726355260E+02   6.46273538052489727E+00
      5258   5.59726451871125732E+02   6.46327759602517649E+00
      5259   5.59834947015896205E+02   6.46381969683445234E+00
      5260   5.59943442160666791E+02   6.46436168299829284E+00
      5261   5.60051937305437377E+02   6.46490355456223664E+00
      5262   5.60160432450207963E+02   6.46544531157180202E+00
      5263   5.60268927594978436E+02   6.46598695407247348E+00
      5264   5.60377422739749022E+02   6.46652848210971420E+00
      5265   5.60485917884519495E+02   6.46706989572895630E+00
      5266   5.60594413029290081E+02   6.46761119497561054E+00
      5267   5.60705421823949223E+02   6.46816491688402895E+00
      5268   5.60816430618608479E+02   6.46871851915491725E+00
      5269   5.60927439413267734E+02   6.46927200183682416E+00
      5270   5.61038448207926990E+02   6.46982536497827532E+00
      5271   5.61149457002586246E+02   6.47037860862776082E+00
      5272   5.61260465797245388E+02   6.47093173283374945E+00
      5273   5.61371474591904757E+02   6.47148473764467536E+00
      5274   5.61482483386563899E+02   6.47203762310894692E+00
      5275   5.61593492181223155E+02   6.47259038927494057E+00
      5276   5.61704500975882411E+02   6.47314303619100695E+00
      5277   5.61815509770541667E+02   6.47369556390546652E+00
      5278   5.61926518565200922E+02   6.47424797246661221E+00
      5279   5.62037527359860064E+02   6.47480026192270497E+00
      5280   5.62148536154519320E+02   6.47535243232198088E+00
      5281   5.62259544949178576E+02   6.47590448371264493E+00
      5282   5.62370553743837831E+02   6.47645641614287371E+00
      5283   5.62481562538497087E+02   6.47700822966081713E+00
      5284   5.62592571333156229E+02   6.47755992431459227E+00
      5285   5.62703580127815485E+02   6.47811150015229131E+00
      5286   5.62814588922474741E+02   6.47866295722197716E+00
      5287   5.62925597717133996E+02   6.47921429557168338E+00
      5288   5.63036606511793138E+02   6.47976551524941247E+00
      5289   5.63147615306452394E+02   6.48031661630314559E+00
      5290   5.63258624101111650E+02   6.48086759878082663E+00
      5291   5.63369632895770906E+02   6.48141846273037903E+00
      5292   5.63480641690430161E+02   6.48196920819969069E+00
      5293   5.63591650485089303E+02   6.48251983523662734E+00
      5294   5.63702659279748559E+02   6.48307034388902093E+00
      5295   5.63813668074407815E+02   6.48362073468032474E+00
      5296   5.63924676869067071E+02   6.48417100670798341E+00
      5297   5.64035685663726326E+02   6.48472116049442970E+00
      5298   5.64146694458385582E+02   6.48527119608738101E+00
      5299   5.64257703253044838E+02   6.48582111353453339E+00
      5300   5.64368712047704093E+02   6.48637091288354917E+00
      5301   5.64479720842363236E+02   6.48692059418206401E+00
      5302   5.64590729637022491E+02   6.48747015747768607E+00
      5303   5.64701738431681747E+02   6.48801960281799506E+00
      5304   5.64812747226341003E+02   6.48856893025054227E+00
      5305   5.64923756021000258E+02   6.48911813982284880E+00
      5306   5.65034764815659400E+02   6.48966723158241265E+00
      5307   5.65145773610318656E+02   6.49021620557669898E+00
      5308   5.65256782404977912E+02   6.49076506185314628E+00
      5309   5.65367791199637168E+02   6.49131380045916462E+00
      5310   5.65478799994296423E+02   6.49186242144213832E+00
      5311   5.65589808788955565E+02   6.49241092484942062E+00
      5312   5.65700817583614821E+02   6.49295931072833721E+00
      5313   5.65811826378274191E+02   6.49350757912618803E+00
      5314   5.65922835172933333E+02   6.49405573009024284E+00
      5315   5.66033843967592588E+02   6.49460376366774295E+00
      5316   5.66144852762251844E+02   6.49515167990590481E+00
      5317   5.66255861556911100E+02   6.49569947885191379E+00
      5318   5.66366870351570242E+02   6.49624716055292950E+00
      5319   5.66477879146229498E+02   6.49679472505608224E+00
      5320   5.66588887940888753E+02   6.49734217240847478E+00
      5321   5.66699896735548009E+02   6.49788950265718235E+00
      5322   5.66810905530207265E+02   6.49843671584925264E+00
      5323   5.66921914324866407E+02   6.49898381203170494E+00
      5324   5.67032923119525663E+02   6.49953079125153099E+00
      5325   5.67143931914184918E+02   6.50007765355569678E+00
      5326   5.67254940708844174E+02   6.50062439899113631E+00
      5327   5.67365949503503430E+02   6.50117102760475962E+00
      5328   5.67476958298162685E+02   6.50171753944344655E+00
      5329   5.67587967092821827E+02   6.50226393455405027E+00
      5330   5.67698975887481083E+02   6.50281021298339734E+00
      5331   5.67809984682140339E+02   6.50335637477828676E+00
      5332   5.67920993476799595E+02   6.50390241998548824E+00
      5333   5.68032002271458850E+02   6.50444834865174393E+00
      5334   5.68143011066118106E+02   6.50499416082377024E+00
      5335   5.68254019860777248E+02   6.50553985654825428E+00
      5336   5.68365028655436504E+02   6.50608543587185828E+00
      5337   5.68476037450095760E+02   6.50663089884121248E+00
      5338   5.68587046244755015E+02   6.50717624550292584E+00
      5339   5.68698055039414271E+02   6.50772147590357264E+00
      5340   5.68809063834073413E+02   6.50826659008970498E+00
      5341   5.68920072628732669E+02   6.50881158810784743E+00
      5342   5.69031081423391925E+02   6.50935647000449435E+00
      5343   5.69142090218051180E+02   6.50990123582611435E+00
      5344   5.69253099012710322E+02   6.51044588561914939E+00
      5345   5.69364107807369578E+02   6.51099041943001300E+00
      5346   5.69475116602028834E+02   6.51153483730509208E+00
      5347   5.69586125396688089E+02   6.51207913929074511E+00
      5348   5.69697134191347232E+02   6.51262332543330480E+00
      5349   5.69808142986006601E+02   6.51316739577907722E+00
      5350   5.69919151780665857E+02   6.51371135037433824E+00
      5351   5.70030160575325112E+02   6.51425518926533798E+00
      5352   5.70141169369984254E+02   6.51479891249830256E+00
      5353   5.70252178164643510E+02   6.51534252011942527E+00
      5354   5.70363186959302766E+02   6.51588601217487717E+00
      5355   5.70474195753961908E+02   6.51642938871080002E+00
      5356   5.70585204548621277E+02   6.51697264977330804E+00
      5357   5.70696213343280419E+02   6.51751579540848880E+00
      5358   5.70807222137939675E+02   6.51805882566240502E+00
      5359   5.70918230932598931E+02   6.51860174058108921E+00
      5360   5.71029239727258187E+02   6.51914454021054901E+00
      5361   5.71140248521917329E+02   6.51968722459676364E+00
      5362   5.71251257316576584E+02   6.52022979378568568E+00
      5363   5.71362266111235840E+02   6.52077224782324194E+00
      5364   5.71473274905895096E+02   6.52131458675533260E+00
      5365   5.71584283700554352E+02   6.52185681062782940E+00
      5366   5.71695292495213494E+02   6.52239891948657657E+00
      5367   5.71806301289872863E+02   6.52294091337739523E+00
      5368   5.71917310084532005E+02   6.52348279234607364E+00
      5369   5.72028318879191261E+02   6.52402455643837964E+00
      5370   5.72139327673850516E+02   6.52456620570004908E+00
      5371   5.72250336468509772E+02   6.52510774017679562E+00
      5372   5.72361345263169028E+02   6.52564915991430450E+00
      5373   5.72472354057828284E+02   6.52619046495823163E+00
      5374   5.72583362852487426E+02   6.52673165535420896E+00
      5375   5.72694371647146681E+02   6.52727273114784179E+00
      5376   5.72805380441805823E+02   6.52781369238470788E+00
      5377   5.72916389236465193E+02   6.52835453911035835E+00
      5378   5.73027398031124449E+02   6.52889527137031855E+00
      5379   5.73138406825783704E+02   6.52943588921008633E+00
      5380   5.73249415620442846E+02   6.52997639267513375E+00
      5381   5.73360424415101988E+02   6.53051678181090445E+00
      5382   5.73471433209761358E+02   6.53105705666281988E+00
      5383   5.73582442004420500E+02   6.53159721727626952E+00
      5384   5.73696022686005563E+02   6.53214977431007426E+00
      5385   5.73809603367590512E+02   6.53270221184672462E+00
      5386   5.73923184049175461E+02   6.53325452993475331E+00
      5387   5.74036764730760524E+02   6.53380672862266998E+00
      5388   5.74150345412345587E+02   6.53435880795894697E+00
      5389   5.74263926093930650E+02   6.53491076799203441E+00
      5390   5.74377506775515599E+02   6.53546260877035223E+00
      5391   5.74491087457100662E+02   6.53601433034228840E+00
      5392   5.74604668138685724E+02   6.53656593275620601E+00
      5393   5.74718248820270674E+02   6.53711741606043617E+00
      5394   5.74831829501855736E+02   6.53766878030328424E+00
      5395   5.74945410183440686E+02   6.53822002553302362E+00
      5396   5.75058990865025862E+02   6.53877115179790103E+00
      5397   5.75172571546610811E+02   6.53932215914613479E+00
      5398   5.75286152228195874E+02   6.53987304762591304E+00
      5399   5.75399732909780823E+02   6.54042381728539635E+00
      5400   5.75513313591365772E+02   6.54097446817271422E+00
      5401   5.75626894272950835E+02   6.54152500033597306E+00
      5402   5.75740474954535898E+02   6.54207541382324465E+00
      5403   5.75854055636120961E+02   6.54262570868257498E+00
      5404   5.75967636317706024E+02   6.54317588496198166E+00
      5405   5.76081216999290973E+02   6.54372594270945207E+00
      5406   5.76194797680876036E+02   6.54427588197294607E+00
      5407   5.76308378362460985E+02   6.54482570280039777E+00
      5408   5.76421959044046048E+02   6.54537540523970751E+00
      5409   5.76535539725631111E+02   6.54592498933875255E+00
      5410   5.76649120407216060E+02   6.54647445514537640E+00
      5411   5.76762701088801009E+02   6.54702380270739770E+00
      5412   5.76876281770386072E+02   6.54757303207260577E+00
      5413   5.76989862451971135E+02   6.54812214328876330E+00
      5414   5.77103443133556084E+02   6.54867113640360099E+00
      5415   5.77217023815141147E+02   6.54922001146482380E+00
      5416   5.77330604496726210E+02   6.54976876852010736E+00
      5417   5.77444185178311159E+02   6.55031740761710068E+00
      5418   5.77557765859896222E+02   6.55086592880342256E+00
      5419   5.77671346541481284E+02   6.55141433212666424E+00
      5420   5.77784927223066234E+02   6.55196261763438947E+00
      5421   5.77898507904651296E+02   6.55251078537413267E+00
      5422   5.78012088586236359E+02   6.55305883539340073E+00
      5423   5.78125669267821308E+02   6.55360676773967299E+00
      5424   5.78239249949406371E+02   6.55415458246039950E+00
      5425   5.78352830630991434E+02   6.55470227960300189E+00
      5426   5.78466411312576497E+02   6.55524985921487602E+00
      5427   5.78579991994161446E+02   6.55579732134338844E+00
      5428   5.78693572675746509E+02   6.55634466603587551E+00
      5429   5.78807153357331458E+02   6.55689189333964872E+00
      5430   5.78920734038916521E+02   6.55743900330199114E+00
      5431   5.79034314720501584E+02   6.55798599597015652E+00
      5432   5.79147895402086533E+02   6.55853287139137109E+00
      5433   5.79261476083671596E+02   6.55907962961283442E+00
      5434   5.79375056765256659E+02   6.55962627068171500E+00
      5435   5.79488637446841608E+02   6.56017279464515735E+00
      5436   5.79602218128426671E+02   6.56071920155027666E+00
      5437   5.79715798810011734E+02   6.56126549144415971E+00
      5438   5.79829379491596569E+02   6.56181166437386487E+00
      5439   5.79942960173181746E+02   6.56235772038642473E+00
      5440   5.80056540854766695E+02   6.56290365952884347E+00
      5441   5.80170121536351758E+02   6.56344948184809596E+00
      5442   5.80283702217936820E+02   6.56399518739113041E+00
      5443   5.80397282899521770E+02   6.56454077620486931E+00
      5444   5.80510863581106832E+02   6.56508624833620313E+00
      5445   5.80624444262691782E+02   6.56563160383200017E+00
      5446   5.80738024944276845E+02   6.56617684273909585E+00
      5447   5.80851605625861907E+02   6.56672196510430073E+00
      5448   5.80965186307446970E+02   6.56726697097439693E+00
      5449   5.81078766989031919E+02   6.56781186039613996E+00
      5450   5.81192347670616982E+02   6.56835663341625775E+00
      5451   5.81305928352201931E+02   6.56890129008144896E+00
      5452   5.81419509033786994E+02   6.56944583043838737E+00
      5453   5.81533089715372057E+02   6.56999025453371743E+00
      5454   5.81646670396957006E+02   6.57053456241405520E+00
      5455   5.81760251078541955E+02   6.57107875412599274E+00
      5456   5.81873831760127018E+02   6.57162282971609102E+00
      5457   5.81987412441712081E+02   6.57216678923088793E+00
      5458   5.82100993123297144E+02   6.57271063271688671E+00
      5459   5.82214573804882093E+02   6.57325436022057197E+00
      5460   5.82328154486467156E+02   6.57379797178839631E+00
      5461   5.82441735168052105E+02   6.57434146746678394E+00
      5462   5.82555315849637168E+02   6.57488484730213507E+00
      5463   5.82668896531222117E+02   6.57542811134082061E+00
      5464   5.82782477212807180E+02   6.57597125962918305E+00
      5465   5.82896057894392243E+02   6.57651429221354178E+00
      5466   5.83009638575977306E+02   6.57705720914018599E+00
      5467   5.83123219257562369E+02   6.57760001045537734E+00
      5468   5.83236799939147318E+02   6.57814269620535175E+00
      5469   5.83350380620732381E+02   6.57868526643631668E+00
      5470   5.83463961302317330E+02   6.57922772119445387E+00
      5471   5.83577541983902393E+02   6.57977006052591751E+00
      5472   5.83691122665487342E+02   6.58031228447683425E+00
      5473   5.83804703347072518E+02   6.58085439309330500E+00
      5474   5.83918284028657467E+02   6.58139638642140135E+00
      5475   5.84031864710242530E+02   6.58193826450717090E+00
      5476   5.84145445391827479E+02   6.58248002739662930E+00
      5477   5.84259026073412542E+02   6.58302167513577263E+00
      5478   5.84372606754997605E+02   6.58356320777056325E+00
      5479   5.84486187436582554E+02   6.58410462534693863E+00
      5480   5.84599768118167617E+02   6.58464592791081404E+00
      5481   5.84713348799752566E+02   6.58518711550806923E+00
      5482   5.84826929481337629E+02   6.58572818818456440E+00
      5483   5.84940510162922692E+02   6.58626914598612867E+00
      5484   5.85054090844507641E+02   6.58680998895856806E+00
      5485   5.85167671526092704E+02   6.58735071714765663E+00
      5486   5.85281252207677767E+02   6.58789133059914622E+00
      5487   5.85394832889262830E+02   6.58843182935876115E+00
      5488   5.85508413570847779E+02   6.58897221347219642E+00
      5489   5.85621994252432842E+02   6.58951248298512393E+00
      5490   5.85735574934017791E+02   6.59005263794318541E+00
      5491   5.85849155615602740E+02   6.59059267839199947E+00
      5492   5.85962736297187803E+02   6.59113260437715365E+00
      5493   5.86076316978772866E+02   6.59167241594421416E+00
      5494   5.86189897660357929E+02   6.59221211313871525E+00
      5495   5.86303478341942878E+02   6.59275169600617073E+00
      5496   5.86417059023527941E+02   6.59329116459205977E+00
      5497   5.86530639705113003E+02   6.59383051894184291E+00
      5498   5.86644220386697953E+02   6.59436975910094958E+00
      5499   5.86757801068283015E+02   6.59490888511478435E+00
      5500   5.86871381749867965E+02   6.59544789702872336E+00
      5501   5.86987593904670007E+02   6.59599927889299309E+00
      5502   5.87103806059471935E+02   6.59655054140514263E+00
      5503   5.87220018214273750E+02   6.59710168461369140E+00
      5504   5.87336230369075906E+02   6.59765270856713038E+00
      5505   5.87452442523877721E+02   6.59820361331391947E+00
      5506   5.87568654678679763E+02   6.59875439890249371E+00
      5507   5.87684866833481692E+02   6.59930506538125528E+00
      5508   5.87801078988283621E+02   6.59985561279858057E+00
      5509   5.87917291143085549E+02   6.60040604120281316E+00
      5510   5.88033503297887478E+02   6.60095635064227260E+00
      5511   5.88149715452689406E+02   6.60150654116524649E+00
      5512   5.88265927607491449E+02   6.60205661281999578E+00
      5513   5.88382139762293377E+02   6.60260656565475035E+00
      5514   5.88498351917095306E+02   6.60315639971771162E+00
      5515   5.88614564071897234E+02   6.60370611505705618E+00
      5516   5.88730776226699163E+02   6.60425571172092685E+00
      5517   5.88846988381501092E+02   6.60480518975743980E+00
      5518   5.88963200536303134E+02   6.60535454921468546E+00
      5519   5.89079412691105063E+02   6.60590379014072049E+00
      5520   5.89195624845906991E+02   6.60645291258357670E+00
      5521   5.89311837000708920E+02   6.60700191659125569E+00
      5522   5.89428049155510848E+02   6.60755080221173152E+00
      5523   5.89544261310312891E+02   6.60809956949294897E+00
      5524   5.89660473465114819E+02   6.60864821848282613E+00
      5525   5.89776685619916748E+02   6.60919674922924827E+00
      5526   5.89892897774718676E+02   6.60974516178007754E+00
      5527   5.90009109929520605E+02   6.61029345618314501E+00
      5528   5.90125322084322647E+02   6.61084163248625334E+00
      5529   5.90241534239124576E+02   6.61138969073717675E+00
      5530   5.90357746393926504E+02   6.61193763098366194E+00
      5531   5.90473958548728433E+02   6.61248545327342807E+00
      5532   5.90590170703530475E+02   6.61303315765416322E+00
      5533   5.90706382858332290E+02   6.61358074417352881E+00
      5534   5.90822595013134332E+02   6.61412821287915875E+00
      5535   5.90938807167936375E+02   6.61467556381865851E+00
      5536   5.91055019322738190E+02   6.61522279703960336E+00
      5537   5.91171231477540118E+02   6.61576991258954283E+00
      5538   5.91287443632342047E+02   6.61631691051599713E+00
      5539   5.91403655787144089E+02   6.61686379086645982E+00
      5540   5.91519867941946131E+02   6.61741055368839248E+00
      5541   5.91636080096747946E+02   6.61795719902923274E+00
      5542   5.91752292251549875E+02   6.61850372693638977E+00
      5543   5.91868504406351803E+02   6.61905013745724169E+00
      5544   5.91984716561153732E+02   6.61959643063914083E+00
      5545   5.92100928715955774E+02   6.62014260652941200E+00
      5546   5.92217140870757703E+02   6.62068866517535071E+00
      5547   5.92333353025559745E+02   6.62123460662422492E+00
      5548   5.92449565180361560E+02   6.62178043092327329E+00
      5549   5.92565777335163602E+02   6.62232613811971049E+00
      5550   5.92681989489965531E+02   6.62287172826072101E+00
      5551   5.92798201644767460E+02   6.62341720139345824E+00
      5552   5.92914413799569502E+02   6.62396255756505337E+00
      5553   5.93030625954371430E+02   6.62450779682260649E+00
      5554   5.93146838109173359E+02   6.62505291921319017E+00
      5555   5.93263050263975288E+02   6.62559792478385035E+00
      5556   5.93379262418777216E+02   6.62614281358160362E+00
      5557   5.93495474573579259E+02   6.62668758565344085E+00
      5558   5.93611686728381073E+02   6.62723224104632269E+00
      5559   5.93727898883183116E+02   6.62777677980718316E+00
      5560   5.93844111037985044E+02   6.62832120198293051E+00
      5561   5.93960323192786973E+02   6.62886550762044280E+00
      5562   5.94076535347588901E+02   6.62940969676657144E+00
      5563   5.94192747502390944E+02   6.62995376946814030E+00
      5564   5.94308959657192872E+02   6.63049772577194485E+00
      5565   5.94425171811994801E+02   6.63104156572475478E+00
      5566   5.94541383966796730E+02   6.63158528937331049E+00
      5567   5.94657596121598658E+02   6.63212889676432571E+00
      5568   5.94773808276400700E+02   6.63267238794448666E+00
      5569   5.94890020431202515E+02   6.63321576296045112E+00
      5570   5.95006232586004558E+02   6.63375902185885202E+00
      5571   5.95122444740806486E+02   6.63430216468629119E+00
      5572   5.95238656895608415E+02   6.63484519148934471E+00
      5573   5.95354869050410343E+02   6.63538810231456289E+00
      5574   5.95471081205212272E+02   6.63593089720846674E+00
      5575   5.95587293360014314E+02   6.63647357621754974E+00
      5576   5.95703505514816243E+02   6.63701613938827961E+00
      5577   5.95819717669618285E+02   6.63755858676709742E+00
      5578   5.95935929824420100E+02   6.63810091840041139E+00
      5579   5.96052141979222142E+02   6.63864313433461017E+00
      5580   5.96168354134024071E+02   6.63918523461604959E+00
      5581   5.96284566288825999E+02   6.63972721929106147E+00
      5582   5.96400778443627928E+02   6.64026908840594832E+00
      5583   5.96516990598429857E+02   6.64081084200698601E+00
      5584   5.96633202753231899E+02   6.64135248014042467E+00
      5585   5.96749414908033827E+02   6.64189400285248510E+00
      5586   5.96865627062835756E+02   6.64243541018936412E+00
      5587   5.96981839217637685E+02   6.64297670219722747E+00
      5588   5.97098051372439727E+02   6.64351787892221601E+00
      5589   5.97214263527241656E+02   6.64405894041044398E+00
      5590   5.97330475682043584E+02   6.64459988670799806E+00
      5591   5.97446687836845513E+02   6.64514071786093830E+00
      5592   5.97562899991647441E+02   6.64568143391529453E+00
      5593   5.97679112146449370E+02   6.64622203491707619E+00
      5594   5.97795324301251298E+02   6.64676252091225983E+00
      5595   5.97911536456053341E+02   6.64730289194679713E+00
      5596   5.98027748610855269E+02   6.64784314806661492E+00
      5597   5.98143960765657198E+02   6.64838328931760802E+00
      5598   5.98260172920459127E+02   6.64892331574564999E+00
      5599   5.98376385075261169E+02   6.64946322739658502E+00
      5600   5.98492597230063097E+02   6.65000302431622980E+00
      5601   5.98608809384865026E+02   6.65054270655037616E+00
      5602   5.98725021539666955E+02   6.65108227414478659E+00
      5603   5.98841233694468883E+02   6.65162172714520050E+00
      5604   5.98957445849270925E+02   6.65216106559732445E+00
      5605   5.99073658004072854E+02   6.65270028954684634E+00
      5606   5.99189870158874783E+02   6.65323939903942208E+00
      5607   5.99306082313676711E+02   6.65377839412068095E+00
      5608   5.99422294468478640E+02   6.65431727483622737E+00
      5609   5.99538506623280682E+02   6.65485604123163910E+00
      5610   5.99654718778082611E+02   6.65539469335246636E+00
      5611   5.99770930932884539E+02   6.65593323124423186E+00
      5612   5.99887143087686468E+02   6.65647165495243431E+00
      5613   6.00003355242488396E+02   6.65700996452254401E+00
      5614   6.00119567397290439E+02   6.65754816000000638E+00
      5615   6.00235779552092254E+02   6.65808624143023753E+00
      5616   6.00351991706894296E+02   6.65862420885863049E+00
      5617   6.00468203861696225E+02   6.65916206233054986E+00
      5618   6.00587108456520355E+02   6.65971225906207653E+00
      5619   6.00706013051344485E+02   6.66026233659159939E+00
      5620   6.00824917646168615E+02   6.66081229496762450E+00
      5621   6.00943822240992745E+02   6.66136213423862955E+00
      5622   6.01062726835816761E+02   6.66191185445305933E+00
      5623   6.01181631430640891E+02   6.66246145565933645E+00
      5624   6.01300536025465021E+02   6.66301093790585064E+00
      5625   6.01419440620289151E+02   6.66356030124096055E+00
      5626   6.01538345215113281E+02   6.66410954571300262E+00
      5627   6.01657249809937412E+02   6.66465867137027779E+00
      5628   6.01776154404761542E+02   6.66520767826106386E+00
      5629   6.01895058999585672E+02   6.66575656643360492E+00
      5630   6.02013963594409802E+02   6.66630533593612018E+00
      5631   6.02132868189233932E+02   6.66685398681679686E+00
      5632   6.02251772784057948E+02   6.66740251912379822E+00
      5633   6.02370677378882078E+02   6.66795093290525376E+00
      5634   6.02489581973706208E+02   6.66849922820926810E+00
      5635   6.02608486568530338E+02   6.66904740508391392E+00
      5636   6.02727391163354582E+02   6.66959546357723987E+00
      5637   6.02846295758178599E+02   6.67014340373726089E+00
      5638   6.02965200353002729E+02   6.67069122561196615E+00
      5639   6.03084104947826859E+02   6.67123892924931905E+00
      5640   6.03203009542650989E+02   6.67178651469724837E+00
      5641   6.03321914137475005E+02   6.67233398200365979E+00
      5642   6.03440818732299249E+02   6.67288133121642790E+00
      5643   6.03559723327123379E+02   6.67342856238339799E+00
      5644   6.03678627921947509E+02   6.67397567555238957E+00
      5645   6.03797532516771639E+02   6.67452267077119288E+00
      5646   6.03916437111595656E+02   6.67506954808756969E+00
      5647   6.04035341706419786E+02   6.67561630754925162E+00
      5648   6.04154246301243916E+02   6.67616294920394626E+00
      5649   6.04273150896068046E+02   6.67670947309933016E+00
      5650   6.04392055490892176E+02   6.67725587928304964E+00
      5651   6.04510960085716306E+02   6.67780216780272706E+00
      5652   6.04629864680540436E+02   6.67834833870595190E+00
      5653   6.04748769275364566E+02   6.67889439204029234E+00
      5654   6.04867673870188696E+02   6.67944032785328101E+00
      5655   6.04986578465012713E+02   6.67998614619242659E+00
      5656   6.05105483059836843E+02   6.68053184710520753E+00
      5657   6.05224387654660973E+02   6.68107743063907744E+00
      5658   6.05343292249485103E+02   6.68162289684145883E+00
      5659   6.05462196844309233E+02   6.68216824575974577E+00
      5660   6.05581101439133363E+02   6.68271347744130662E+00
      5661   6.05700006033957493E+02   6.68325859193348126E+00
      5662   6.05818910628781623E+02   6.68380358928357943E+00
      5663   6.05937815223605753E+02   6.68434846953888684E+00
      5664   6.06056719818429883E+02   6.68489323274665637E+00
      5665   6.06175624413254013E+02   6.68543787895411867E+00
      5666   6.06294529008078143E+02   6.68598240820846978E+00
      5667   6.06413433602902273E+02   6.68652682055688441E+00
      5668   6.06532338197726403E+02   6.68707111604650439E+00
      5669   6.06651242792550420E+02   6.68761529472444760E+00
      5670   6.06770147387374664E+02   6.68815935663780259E+00
      5671   6.06889051982198680E+02   6.68870330183362771E+00
      5672   6.07007956577022810E+02   6.68924713035895735E+00
      5673   6.07126861171846940E+02   6.68979084226079657E+00
      5674   6.07245765766671070E+02   6.69033443758612201E+00
      5675   6.07364670361495200E+02   6.69087791638188367E+00
      5676   6.07483574956319330E+02   6.69142127869500403E+00
      5677   6.07602479551143460E+02   6.69196452457237800E+00
      5678   6.07721384145967590E+02   6.69250765406086945E+00
      5679   6.07840288740791721E+02   6.69305066720732089E+00
      5680   6.07959193335615851E+02   6.69359356405854200E+00
      5681   6.08078097930439867E+02   6.69413634466131580E+00
      5682   6.08197002525263997E+02   6.69467900906240043E+00
      5683   6.08315907120088127E+02   6.69522155730852564E+00
      5684   6.08434811714912257E+02   6.69576398944639095E+00
      5685   6.08553716309736387E+02   6.69630630552267103E+00
      5686   6.08672620904560631E+02   6.69684850558401301E+00
      5687   6.08791525499384647E+02   6.69739058967703382E+00
      5688   6.08910430094208664E+02   6.69793255784832642E+00
      5689   6.09029334689032794E+02   6.69847441014445710E+00
      5690   6.09148239283856924E+02   6.69901614661195932E+00
      5691   6.09267143878681054E+02   6.69955776729734609E+00
      5692   6.09386048473505184E+02   6.70009927224709489E+00
      5693   6.09504953068329428E+02   6.70064066150766635E+00
      5694   6.09623857663153444E+02   6.70118193512548377E+00
      5695   6.09742762257977688E+02   6.70172309314695003E+00
      5696   6.09861666852801818E+02   6.70226413561843781E+00
      5697   6.09980571447625834E+02   6.70280506258629138E+00
      5698   6.10099476042449965E+02   6.70334587409683014E+00
      5699   6.10218380637274095E+02   6.70388657019634859E+00
      5700   6.10337285232098225E+02   6.70442715093110753E+00
      5701   6.10456189826922355E+02   6.70496761634734550E+00
      5702   6.10575094421746371E+02   6.70550796649127356E+00
      5703   6.10693999016570615E+02   6.70604820140907432E+00
      5704   6.10812903611394631E+02   6.70658832114690373E+00
      5705   6.10931808206218875E+02   6.70712832575089024E+00
      5706   6.11050712801043005E+02   6.70766821526713652E+00
      5707   6.11169617395867022E+02   6.70820798974171684E+00
      5708   6.11288521990691152E+02   6.70874764922067968E+00
      5709   6.11407426585515395E+02   6.70928719375004690E+00
      5710   6.11526331180339412E+02   6.70982662337581104E+00
      5711   6.11645235775163542E+02   6.71036593814393978E+00
      5712   6.11764140369987672E+02   6.71090513810037503E+00
      5713   6.11883044964811802E+02   6.71144422329102852E+00
      5714   6.12001949559635932E+02   6.71198319376178620E+00
      5715   6.12120854154460062E+02   6.71252204955851006E+00
      5716   6.12239758749284192E+02   6.71306079072703099E+00
      5717   6.12358663344108209E+02   6.71359941731315590E+00
      5718   6.12477567938932452E+02   6.71413792936266418E+00
      5719   6.12596472533756582E+02   6.71467632692130767E+00
      5720   6.12715377128580599E+02   6.71521461003481424E+00
      5721   6.12834281723404729E+02   6.71575277874888155E+00
      5722   6.12953186318228859E+02   6.71629083310918151E+00
      5723   6.13072090913052989E+02   6.71682877316136118E+00
      5724   6.13190995507877119E+02   6.71736659895104005E+00
      5725   6.13309900102701249E+02   6.71790431052381010E+00
      5726   6.13428804697525379E+02   6.71844190792523577E+00
      5727   6.13547709292349509E+02   6.71897939120085841E+00
      5728   6.13666613887173639E+02   6.71951676039619006E+00
      5729   6.13785518481997656E+02   6.72005401555671700E+00
      5730   6.13904423076821786E+02   6.72059115672789975E+00
      5731   6.14023327671645916E+02   6.72112818395517131E+00
      5732   6.14142232266470046E+02   6.72166509728393713E+00
      5733   6.14261136861294176E+02   6.72220189675957869E+00
      5734   6.14380041456118306E+02   6.72273858242745082E+00
      5735   6.14501700870268110E+02   6.72328758445277508E+00
      5736   6.14623360284417799E+02   6.72383646743174612E+00
      5737   6.14745019698567489E+02   6.72438523141285671E+00
      5738   6.14866679112717293E+02   6.72493387644457385E+00
      5739   6.14988338526866983E+02   6.72548240257533259E+00
      5740   6.15109997941016672E+02   6.72603080985354218E+00
      5741   6.15231657355166476E+02   6.72657909832757905E+00
      5742   6.15353316769316166E+02   6.72712726804579386E+00
      5743   6.15474976183465856E+02   6.72767531905650795E+00
      5744   6.15596635597615546E+02   6.72822325140801247E+00
      5745   6.15718295011765349E+02   6.72877106514857282E+00
      5746   6.15839954425915039E+02   6.72931876032642329E+00
      5747   6.15961613840064729E+02   6.72986633698976977E+00
      5748   6.16083273254214419E+02   6.73041379518678884E+00
      5749   6.16204932668364222E+02   6.73096113496563042E+00
      5750   6.16326592082513912E+02   6.73150835637441514E+00
      5751   6.16448251496663602E+02   6.73205545946123518E+00
      5752   6.16569910910813292E+02   6.73260244427415344E+00
      5753   6.16691570324962981E+02   6.73314931086120350E+00
      5754   6.16813229739112671E+02   6.73369605927039228E+00
      5755   6.16934889153262475E+02   6.73424268954969651E+00
      5756   6.17056548567412165E+02   6.73478920174706719E+00
      5757   6.17178207981561854E+02   6.73533559591042419E+00
      5758   6.17299867395711658E+02   6.73588187208765898E+00
      5759   6.17421526809861348E+02   6.73642803032663640E+00
      5760   6.17543186224011038E+02   6.73697407067519105E+00
      5761   6.17664845638160841E+02   6.73751999318113182E+00
      5762   6.17786505052310531E+02   6.73806579789223559E+00
      5763   6.17908164466460221E+02   6.73861148485625350E+00
      5764   6.18029823880609911E+02   6.73915705412090826E+00
      5765   6.18151483294759601E+02   6.73970250573389329E+00
      5766   6.18273142708909290E+02   6.74024783974287622E+00
      5767   6.18394802123059094E+02   6.74079305619549096E+00
      5768   6.18516461537208784E+02   6.74133815513935009E+00
      5769   6.18638120951358474E+02   6.74188313662203242E+00
      5770   6.18759780365508277E+02   6.74242800069109283E+00
      5771   6.18881439779657853E+02   6.74297274739405328E+00
      5772   6.19003099193807657E+02   6.74351737677841445E+00
      5773   6.19124758607957347E+02   6.74406188889164238E+00
      5774   6.19246418022107036E+02   6.74460628378117732E+00
      5775   6.19368077436256840E+02   6.74515056149443382E+00
      5776   6.19489736850406530E+02   6.74569472207879439E+00
      5777   6.19611396264556333E+02   6.74623876558161584E+00
      5778   6.19733055678705909E+02   6.74678269205022740E+00
      5779   6.19854715092855713E+02   6.74732650153193081E+00
      5780   6.19976374507005403E+02   6.74787019407399580E+00
      5781   6.20098033921155093E+02   6.74841376972366902E+00
      5782   6.20219693335304896E+02   6.74895722852816693E+00
      5783   6.20341352749454586E+02   6.74950057053467845E+00
      5784   6.20463012163604276E+02   6.75004379579036407E+00
      5785   6.20584671577754079E+02   6.75058690434235853E+00
      5786   6.20706330991903769E+02   6.75112989623776549E+00
      5787   6.20827990406053459E+02   6.75167277152366463E+00
      5788   6.20949649820203149E+02   6.75221553024710364E+00
      5789   6.21071309234352839E+02   6.75275817245510712E+00
      5790   6.21192968648502529E+02   6.75330069819466772E+00
      5791   6.21314628062652332E+02   6.75384310751275407E+00
      5792   6.21436287476802022E+02   6.75438540045630376E+00
      5793   6.21557946890951712E+02   6.75492757707222857E+00
      5794   6.21679606305101402E+02   6.75546963740741280E+00
      5795   6.21801265719251205E+02   6.75601158150871317E+00
      5796   6.21922925133400895E+02   6.75655340942295624E+00
      5797   6.22044584547550585E+02   6.75709512119694633E+00
      5798   6.22166243961700275E+02   6.75763671687745493E+00
      5799   6.22287903375850078E+02   6.75817819651122864E+00
      5800   6.22409562789999768E+02   6.75871956014498565E+00
      5801   6.22531222204149572E+02   6.75926080782541749E+00
      5802   6.22652881618299148E+02   6.75980193959918818E+00
      5803   6.22774541032448951E+02   6.76034295551293241E+00
      5804   6.22896200446598641E+02   6.76088385561326088E+00
      5805   6.23017859860748331E+02   6.76142463994675502E+00
      5806   6.23139519274898021E+02   6.76196530855996780E+00
      5807   6.23261178689047824E+02   6.76250586149942556E+00
      5808   6.23382838103197514E+02   6.76304629881162889E+00
      5809   6.23504497517347204E+02   6.76358662054304904E+00
      5810   6.23626156931496894E+02   6.76412682674013244E+00
      5811   6.23747816345646697E+02   6.76466691744929438E+00
      5812   6.23869475759796387E+02   6.76520689271692621E+00
      5813   6.23991135173946077E+02   6.76574675258939173E+00
      5814   6.24112794588095767E+02   6.76628649711302543E+00
      5815   6.24234454002245457E+02   6.76682612633413783E+00
      5816   6.24356113416395260E+02   6.76736564029901011E+00
      5817   6.24477772830544950E+02   6.76790503905389507E+00
      5818   6.24599432244694640E+02   6.76844432264502238E+00
      5819   6.24721091658844443E+02   6.76898349111859066E+00
      5820   6.24842751072994133E+02   6.76952254452077273E+00
      5821   6.24964410487143823E+02   6.77006148289771748E+00
      5822   6.25086069901293513E+02   6.77060030629554088E+00
      5823   6.25207729315443316E+02   6.77113901476033675E+00
      5824   6.25329388729593006E+02   6.77167760833817045E+00
      5825   6.25451048143742696E+02   6.77221608707507983E+00
      5826   6.25572707557892386E+02   6.77275445101707518E+00
      5827   6.25694366972042076E+02   6.77329270021014285E+00
      5828   6.25816026386191879E+02   6.77383083470023895E+00
      5829   6.25937685800341569E+02   6.77436885453329385E+00
      5830   6.26059345214491259E+02   6.77490675977425294E+00
      5831   6.26181004628641062E+02   6.77544455046997207E+00
      5832   6.26302664042790752E+02   6.77598222664623773E+00
      5833   6.26424323456940442E+02   6.77651978834887636E+00
      5834   6.26545982871090246E+02   6.77705723562368156E+00
      5835   6.26667642285239822E+02   6.77759456851642383E+00
      5836   6.26789301699389625E+02   6.77813178707284880E+00
      5837   6.26910961113539315E+02   6.77866889133867012E+00
      5838   6.27032620527689005E+02   6.77920588135957836E+00
      5839   6.27154279941838809E+02   6.77974275718123742E+00
      5840   6.27275939355988498E+02   6.78027951884928193E+00
      5841   6.27397598770138188E+02   6.78081616640932161E+00
      5842   6.27519258184287878E+02   6.78135269990694134E+00
      5843   6.27640917598437682E+02   6.78188911938769756E+00
      5844   6.27762577012587371E+02   6.78242542489711919E+00
      5845   6.27884236426737061E+02   6.78296161648071028E+00
      5846   6.28005895840886751E+02   6.78349769418394821E+00
      5847   6.28127555255036441E+02   6.78403365805228198E+00
      5848   6.28249214669186244E+02   6.78456950813113657E+00
      5849   6.28370874083335934E+02   6.78510524446591035E+00
      5850   6.28492533497485624E+02   6.78564086710197323E+00
      5851   6.28614192911635428E+02   6.78617637608467117E+00
      5852   6.28738670969637724E+02   6.78672417432280817E+00
      5853   6.28863149027640020E+02   6.78727185367621466E+00
      5854   6.28987627085642316E+02   6.78781941419337542E+00
      5855   6.29112105143644726E+02   6.78836685592274502E+00
      5856   6.29236583201646908E+02   6.78891417891274962E+00
      5857   6.29361061259649432E+02   6.78946138321178871E+00
      5858   6.29485539317651615E+02   6.79000846886822895E+00
      5859   6.29610017375654024E+02   6.79055543593041122E+00
      5860   6.29734495433656207E+02   6.79110228444664710E+00
      5861   6.29858973491658617E+02   6.79164901446521974E+00
      5862   6.29983451549660913E+02   6.79219562603438298E+00
      5863   6.30107929607663323E+02   6.79274211920236137E+00
      5864   6.30232407665665505E+02   6.79328849401735191E+00
      5865   6.30356885723667915E+02   6.79383475052752406E+00
      5866   6.30481363781670211E+02   6.79438088878101443E+00
      5867   6.30605841839672621E+02   6.79492690882593653E+00
      5868   6.30730319897674917E+02   6.79547281071037101E+00
      5869   6.30854797955677327E+02   6.79601859448237189E+00
      5870   6.30979276013679623E+02   6.79656426018996562E+00
      5871   6.31103754071681919E+02   6.79710980788114671E+00
      5872   6.31228232129684216E+02   6.79765523760388390E+00
      5873   6.31352710187686512E+02   6.79820054940611929E+00
      5874   6.31477188245688808E+02   6.79874574333576209E+00
      5875   6.31601666303691104E+02   6.79929081944069580E+00
      5876   6.31726144361693628E+02   6.79983577776877546E+00
      5877   6.31850622419695924E+02   6.80038061836782681E+00
      5878   6.31975100477698106E+02   6.80092534128564719E+00
      5879   6.32099578535700516E+02   6.80146994657000725E+00
      5880   6.32224056593702812E+02   6.80201443426864838E+00
      5881   6.32348534651705108E+02   6.80255880442928262E+00
      5882   6.32473012709707518E+02   6.80310305709959540E+00
      5883   6.32597490767709814E+02   6.80364719232724280E+00
      5884   6.32721968825712111E+02   6.80419121015985429E+00
      5885   6.32846446883714407E+02   6.80473511064502912E+00
      5886   6.32970924941716817E+02   6.80527889383033902E+00
      5887   6.33095402999719113E+02   6.80582255976332906E+00
      5888   6.33219881057721409E+02   6.80636610849151324E+00
      5889   6.33344359115723819E+02   6.80690954006238247E+00
      5890   6.33468837173726001E+02   6.80745285452339211E+00
      5891   6.33593315231728411E+02   6.80799605192197710E+00
      5892   6.33717793289730821E+02   6.80853913230554042E+00
      5893   6.33842271347733117E+02   6.80908209572145573E+00
      5894   6.33966749405735413E+02   6.80962494221707271E+00
      5895   6.34091227463737596E+02   6.81016767183970906E+00
      5896   6.34215705521740006E+02   6.81071028463665940E+00
      5897   6.34340183579742302E+02   6.81125278065518547E+00
      5898   6.34464661637744712E+02   6.81179515994252238E+00
      5899   6.34589139695747008E+02   6.81233742254588037E+00
      5900   6.34713617753749304E+02   6.81287956851243681E+00
      5901   6.34838095811751600E+02   6.81342159788934776E+00
      5902   6.34962573869753896E+02   6.81396351072373463E+00
      5903   6.35087051927756306E+02   6.81450530706269664E+00
      5904   6.35211529985758602E+02   6.81504698695330102E+00
      5905   6.35336008043760899E+02   6.81558855044258838E+00
      5906   6.35460486101763308E+02   6.81612999757757532E+00
      5907   6.35584964159765605E+02   6.81667132840524470E+00
      5908   6.35709442217767901E+02   6.81721254297255630E+00
      5909   6.35833920275770311E+02   6.81775364132644146E+00
      5910   6.35958398333772607E+02   6.81829462351380045E+00
      5911   6.36082876391775017E+02   6.81883548958151131E+00
      5912   6.36207354449777199E+02   6.81937623957641925E+00
      5913   6.36331832507779495E+02   6.81991687354534726E+00
      5914   6.36456310565781905E+02   6.82045739153508634E+00
      5915   6.36580788623784201E+02   6.82099779359240177E+00
      5916   6.36705266681786497E+02   6.82153807976403126E+00
      5917   6.36829744739788794E+02   6.82207825009668589E+00
      5918   6.36954222797791203E+02   6.82261830463704744E+00
      5919   6.37078700855793613E+02   6.82315824343177102E+00
      5920   6.37203178913795909E+02   6.82369806652748423E+00
      5921   6.37327656971798206E+02   6.82423777397078979E+00
      5922   6.37452135029800502E+02   6.82477736580825756E+00
      5923   6.37576613087802798E+02   6.82531684208643519E+00
      5924   6.37701091145805208E+02   6.82585620285184280E+00
      5925   6.37825569203807504E+02   6.82639544815096766E+00
      5926   6.37950047261809686E+02   6.82693457803027570E+00
      5927   6.38074525319812096E+02   6.82747359253620445E+00
      5928   6.38199003377814392E+02   6.82801249171516211E+00
      5929   6.38323481435816802E+02   6.82855127561353203E+00
      5930   6.38447959493819098E+02   6.82908994427766736E+00
      5931   6.38572437551821508E+02   6.82962849775389813E+00
      5932   6.38696915609823805E+02   6.83016693608852332E+00
      5933   6.38821393667826101E+02   6.83070525932781614E+00
      5934   6.38945871725828397E+02   6.83124346751802314E+00
      5935   6.39070349783830693E+02   6.83178156070536513E+00
      5936   6.39194827841832989E+02   6.83231953893603361E+00
      5937   6.39319305899835399E+02   6.83285740225619342E+00
      5938   6.39443783957837695E+02   6.83339515071198367E+00
      5939   6.39568262015839991E+02   6.83393278434951412E+00
      5940   6.39692740073842401E+02   6.83447030321487148E+00
      5941   6.39817218131844584E+02   6.83500770735411134E+00
      5942   6.39941696189846994E+02   6.83554499681326178E+00
      5943   6.40066174247849403E+02   6.83608217163832954E+00
      5944   6.40190652305851586E+02   6.83661923187529030E+00
      5945   6.40315130363853882E+02   6.83715617757009309E+00
      5946   6.40439608421856292E+02   6.83769300876866115E+00
      5947   6.40564086479858588E+02   6.83822972551689112E+00
      5948   6.40688564537860998E+02   6.83876632786065120E+00
      5949   6.40813042595863294E+02   6.83930281584578292E+00
      5950   6.40937520653865590E+02   6.83983918951810299E+00
      5951   6.41061998711867886E+02   6.84037544892340055E+00
      5952   6.41186476769870183E+02   6.84091159410743721E+00
      5953   6.41310954827872592E+02   6.84144762511594884E+00
      5954   6.41435432885874889E+02   6.84198354199464198E+00
      5955   6.41559910943877185E+02   6.84251934478920187E+00
      5956   6.41684389001879595E+02   6.84305503354528266E+00
      5957   6.41808867059881891E+02   6.84359060830851096E+00
      5958   6.41933345117884187E+02   6.84412606912449206E+00
      5959   6.42057823175886483E+02   6.84466141603880018E+00
      5960   6.42182301233888893E+02   6.84519664909698466E+00
      5961   6.42306779291891189E+02   6.84573176834456731E+00
      5962   6.42431257349893599E+02   6.84626677382704596E+00
      5963   6.42555735407895781E+02   6.84680166558988645E+00
      5964   6.42680213465898191E+02   6.84733644367853511E+00
      5965   6.42804691523900487E+02   6.84787110813840805E+00
      5966   6.42929169581902784E+02   6.84840565901489473E+00
      5967   6.43053647639905080E+02   6.84894009635335710E+00
      5968   6.43178125697907490E+02   6.84947442019913577E+00
      5969   6.43305487702996174E+02   6.85002100600902608E+00
      5970   6.43432849708084746E+02   6.85056747310238201E+00
      5971   6.43560211713173430E+02   6.85111382152768122E+00
      5972   6.43687573718262115E+02   6.85166005133336942E+00
      5973   6.43814935723350686E+02   6.85220616256786652E+00
      5974   6.43942297728439371E+02   6.85275215527956227E+00
      5975   6.44069659733528056E+02   6.85329802951681710E+00
      5976   6.44197021738616627E+02   6.85384378532796390E+00
      5977   6.44324383743705198E+02   6.85438942276130714E+00
      5978   6.44451745748793996E+02   6.85493494186512109E+00
      5979   6.44579107753882568E+02   6.85548034268765072E+00
      5980   6.44706469758971139E+02   6.85602562527711612E+00
      5981   6.44833831764059823E+02   6.85657078968170453E+00
      5982   6.44961193769148394E+02   6.85711583594957741E+00
      5983   6.45088555774237193E+02   6.85766076412886605E+00
      5984   6.45215917779325764E+02   6.85820557426767330E+00
      5985   6.45343279784414449E+02   6.85875026641407448E+00
      5986   6.45470641789503020E+02   6.85929484061611650E+00
      5987   6.45598003794591818E+02   6.85983929692181604E+00
      5988   6.45725365799680276E+02   6.86038363537916140E+00
      5989   6.45852727804768961E+02   6.86092785603611510E+00
      5990   6.45980089809857645E+02   6.86147195894060857E+00
      5991   6.46107451814946330E+02   6.86201594414054661E+00
      5992   6.46234813820034901E+02   6.86255981168380469E+00
      5993   6.46362175825123700E+02   6.86310356161822988E+00
      5994   6.46489537830212271E+02   6.86364719399163992E+00
      5995   6.46616899835300842E+02   6.86419070885182592E+00
      5996   6.46744261840389527E+02   6.86473410624655056E+00
      5997   6.46871623845478211E+02   6.86527738622354899E+00
      5998   6.46998985850566783E+02   6.86582054883052439E+00
      5999   6.47126347855655467E+02   6.86636359411515684E+00
      6000   6.47253709860744152E+02   6.86690652212509356E+00
      6001   6.47381071865832723E+02   6.86744933290795778E+00
      6002   6.47508433870921408E+02   6.86799202651134166E+00
      6003   6.47635795876010093E+02   6.86853460298280982E+00
      6004   6.47763157881098778E+02   6.86907706236989757E+00
      6005   6.47890519886187349E+02   6.86961940472011534E+00
      6006   6.48017881891276033E+02   6.87016163008094427E+00
      6007   6.48145243896364718E+02   6.87070373849983440E+00
      6008   6.48272605901453289E+02   6.87124573002421357E+00
      6009   6.48399967906541860E+02   6.87178760470147587E+00
      6010   6.48527329911630545E+02   6.87232936257899141E+00
      6011   6.48654691916719230E+02   6.87287100370410009E+00
      6012   6.48782053921807915E+02   6.87341252812411430E+00
      6013   6.48909415926896486E+02   6.87395393588631887E+00
      6014   6.49036777931985171E+02   6.87449522703797111E+00
      6015   6.49164139937073742E+02   6.87503640162629903E+00
      6016   6.49291501942162427E+02   6.87557745969850576E+00
      6017   6.49418863947251111E+02   6.87611840130176244E+00
      6018   6.49546225952339682E+02   6.87665922648321448E+00
      6019   6.49673587957428481E+02   6.87719993528998241E+00
      6020   6.49800949962517052E+02   6.87774052776915301E+00
      6021   6.49928311967605737E+02   6.87828100396779174E+00
      6022   6.50055673972694422E+02   6.87882136393292942E+00
      6023   6.50183035977782993E+02   6.87936160771157557E+00
      6024   6.50310397982871677E+02   6.87990173535070948E+00
      6025   6.50437759987960249E+02   6.88044174689728028E+00
      6026   6.50565121993048933E+02   6.88098164239821397E+00
      6027   6.50692483998137618E+02   6.88152142190040639E+00
      6028   6.50819846003226303E+02   6.88206108545072670E+00
      6029   6.50947208008314874E+02   6.88260063309601477E+00
      6030   6.51074570013403559E+02   6.88314006488308472E+00
      6031   6.51201932018492130E+02   6.88367938085872400E+00
      6032   6.51329294023580815E+02   6.88421858106968898E+00
      6033   6.51456656028669386E+02   6.88475766556271207E+00
      6034   6.51584018033758070E+02   6.88529663438449635E+00
      6035   6.51711380038846755E+02   6.88583548758171915E+00
      6036   6.51838742043935326E+02   6.88637422520102849E+00
      6037   6.51966104049024011E+02   6.88691284728904662E+00
      6038   6.52093466054112696E+02   6.88745135389236562E+00
      6039   6.52220828059201267E+02   6.88798974505755357E+00
      6040   6.52348190064289952E+02   6.88852802083115101E+00
      6041   6.52475552069378523E+02   6.88906618125966830E+00
      6042   6.52602914074467321E+02   6.88960422638959091E+00
      6043   6.52730276079556006E+02   6.89014215626737592E+00
      6044   6.52857638084644577E+02   6.89067997093945372E+00
      6045   6.52985000089733262E+02   6.89121767045222899E+00
      6046   6.53112362094821947E+02   6.89175525485207530E+00
      6047   6.53239724099910518E+02   6.89229272418534311E+00
      6048   6.53367086104999089E+02   6.89283007849835361E+00
      6049   6.53494448110087774E+02   6.89336731783740042E+00
      6050   6.53621810115176459E+02   6.89390444224875232E+00
      6051   6.53749172120265030E+02   6.89444145177864698E+00
      6052   6.53876534125353714E+02   6.89497834647330166E+00
      6053   6.54003896130442399E+02   6.89551512637889896E+00
      6054   6.54131258135530970E+02   6.89605179154160020E+00
      6055   6.54258620140619655E+02   6.89658834200753734E+00
      6056   6.54385982145708226E+02   6.89712477782281308E+00
      6057   6.54513344150796911E+02   6.89766109903350877E+00
      6058   6.54640706155885596E+02   6.89819730568567291E+00
      6059   6.54768068160974281E+02   6.89873339782533179E+00
      6060   6.54895430166062852E+02   6.89926937549848240E+00
      6061   6.55022792171151423E+02   6.89980523875109508E+00
      6062   6.55150154176240108E+02   6.90034098762911352E+00
      6063   6.55277516181328906E+02   6.90087662217845477E+00
      6064   6.55404878186417477E+02   6.90141214244500922E+00
      6065   6.55532240191506048E+02   6.90194754847463887E+00
      6066   6.55659602196594733E+02   6.90248284031318349E+00
      6067   6.55786964201683418E+02   6.90301801800644732E+00
      6068   6.55914326206772103E+02   6.90355308160021686E+00
      6069   6.56041688211860787E+02   6.90408803114024927E+00
      6070   6.56169050216949358E+02   6.90462286667227243E+00
      6071   6.56296412222037929E+02   6.90515758824199022E+00
      6072   6.56423774227126614E+02   6.90569219589507632E+00
      6073   6.56551136232215299E+02   6.90622668967718578E+00
      6074   6.56678498237303984E+02   6.90676106963393810E+00
      6075   6.56805860242392555E+02   6.90729533581092792E+00
      6076   6.56933222247481240E+02   6.90782948825372856E+00
      6077   6.57060584252569925E+02   6.90836352700788314E+00
      6078   6.57187946257658496E+02   6.90889745211890638E+00
      6079   6.57315308262747067E+02   6.90943126363229165E+00
      6080   6.57442670267835865E+02   6.90996496159350038E+00
      6081   6.57570032272924436E+02   6.91049854604796998E+00
      6082   6.57697394278013121E+02   6.91103201704111303E+00
      6083   6.57824756283101806E+02   6.91156537461831455E+00
      6084   6.57952118288190377E+02   6.91209861882493026E+00
      6085   6.58079480293279062E+02   6.91263174970629279E+00
      6086   6.58209793061653954E+02   6.91317711508608301E+00
      6087   6.58340105830028733E+02   6.91372236192460665E+00
      6088   6.58470418598403626E+02   6.91426749027033605E+00
      6089   6.58600731366778405E+02   6.91481250017171334E+00
      6090   6.58731044135153297E+02   6.91535739167715224E+00
      6091   6.58861356903528076E+02   6.91590216483503450E+00
      6092   6.58991669671902969E+02   6.91644681969371788E+00
      6093   6.59121982440277748E+02   6.91699135630152728E+00
      6094   6.59252295208652640E+02   6.91753577470676184E+00
      6095   6.59382607977027419E+02   6.91808007495769051E+00
      6096   6.59512920745402312E+02   6.91862425710255557E+00
      6097   6.59643233513777204E+02   6.91916832118956560E+00
      6098   6.59773546282151983E+02   6.91971226726690691E+00
      6099   6.59903859050526762E+02   6.92025609538273301E+00
      6100   6.60034171818901541E+02   6.92079980558517072E+00
      6101   6.60164484587276434E+02   6.92134339792231934E+00
      6102   6.60294797355651326E+02   6.92188687244224532E+00
      6103   6.60425110124026105E+02   6.92243022919299023E+00
      6104   6.60555422892400998E+02   6.92297346822256721E+00
      6105   6.60685735660775777E+02   6.92351658957895921E+00
      6106   6.60816048429150669E+02   6.92405959331012255E+00
      6107   6.60946361197525448E+02   6.92460247946398244E+00
      6108   6.61076673965900341E+02   6.92514524808844012E+00
      6109   6.61206986734275233E+02   6.92568789923136396E+00
      6110   6.61337299502650012E+02   6.92623043294059482E+00
      6111   6.61467612271024791E+02   6.92677284926394954E+00
      6112   6.61597925039399684E+02   6.92731514824921035E+00
      6113   6.61728237807774576E+02   6.92785732994413639E+00
      6114   6.61858550576149469E+02   6.92839939439645480E+00
      6115   6.61988863344524361E+02   6.92894134165386966E+00
      6116   6.62119176112899027E+02   6.92948317176404771E+00
      6117   6.62249488881273919E+02   6.93002488477463707E+00
      6118   6.62379801649648698E+02   6.93056648073325299E+00
      6119   6.62510114418023704E+02   6.93110795968748139E+00
      6120   6.62640427186398369E+02   6.93164932168488512E+00
      6121   6.62770739954773262E+02   6.93219056677299417E+00
      6122   6.62901052723148155E+02   6.93273169499931363E+00
      6123   6.63031365491522934E+02   6.93327270641131577E+00
      6124   6.63161678259897826E+02   6.93381360105645062E+00
      6125   6.63291991028272605E+02   6.93435437898213802E+00
      6126   6.63422303796647498E+02   6.93489504023576853E+00
      6127   6.63552616565022277E+02   6.93543558486470602E+00
      6128   6.63682929333397169E+02   6.93597601291628685E+00
      6129   6.63813242101772062E+02   6.93651632443781718E+00
      6130   6.63943554870146954E+02   6.93705651947657831E+00
      6131   6.64073867638521619E+02   6.93759659807982132E+00
      6132   6.64204180406896512E+02   6.93813656029477066E+00
      6133   6.64334493175271405E+02   6.93867640616862236E+00
      6134   6.64464805943646297E+02   6.93921613574854756E+00
      6135   6.64595118712020962E+02   6.93975574908168369E+00
      6136   6.64725431480395969E+02   6.94029524621514327E+00
      6137   6.64855744248770748E+02   6.94083462719601396E+00
      6138   6.64986057017145527E+02   6.94137389207135236E+00
      6139   6.65116369785520419E+02   6.94191304088818839E+00
      6140   6.65246682553895198E+02   6.94245207369352446E+00
      6141   6.65376995322270091E+02   6.94299099053433455E+00
      6142   6.65507308090644869E+02   6.94352979145756599E+00
      6143   6.65637620859019762E+02   6.94406847651013770E+00
      6144   6.65767933627394655E+02   6.94460704573894105E+00
      6145   6.65898246395769434E+02   6.94514549919084079E+00
      6146   6.66028559164144326E+02   6.94568383691267410E+00
      6147   6.66158871932519105E+02   6.94622205895124800E+00
      6148   6.66289184700893998E+02   6.94676016535334728E+00
      6149   6.66419497469268777E+02   6.94729815616572211E+00
      6150   6.66549810237643669E+02   6.94783603143510309E+00
      6151   6.66680123006018448E+02   6.94837379120818621E+00
      6152   6.66810435774393341E+02   6.94891143553164348E+00
      6153   6.66940748542768119E+02   6.94944896445212201E+00
      6154   6.67071061311143012E+02   6.94998637801623786E+00
      6155   6.67201374079517791E+02   6.95052367627057865E+00
      6156   6.67331686847892684E+02   6.95106085926170891E+00
      6157   6.67461999616267576E+02   6.95159792703616297E+00
      6158   6.67592312384642355E+02   6.95213487964044852E+00
      6159   6.67722625153017248E+02   6.95267171712104570E+00
      6160   6.67852937921392027E+02   6.95320843952440981E+00
      6161   6.67983250689766919E+02   6.95374504689696504E+00
      6162   6.68113563458141698E+02   6.95428153928510984E+00
      6163   6.68243876226516591E+02   6.95481791673521688E+00
      6164   6.68374188994891369E+02   6.95535417929363042E+00
      6165   6.68504501763266262E+02   6.95589032700666987E+00
      6166   6.68634814531641155E+02   6.95642635992062264E+00
      6167   6.68765127300015934E+02   6.95696227808175305E+00
      6168   6.68895440068390826E+02   6.95749808153629790E+00
      6169   6.69025752836765605E+02   6.95803377033046377E+00
      6170   6.69156065605140498E+02   6.95856934451043685E+00
      6171   6.69286378373515277E+02   6.95910480412236954E+00
      6172   6.69416691141890169E+02   6.95964014921238938E+00
      6173   6.69547003910264948E+02   6.96017537982659995E+00
      6174   6.69677316678639727E+02   6.96071049601107461E+00
      6175   6.69807629447014733E+02   6.96124549781185920E+00
      6176   6.69937942215389512E+02   6.96178038527497467E+00
      6177   6.70068254983764291E+02   6.96231515844641446E+00
      6178   6.70198567752139184E+02   6.96284981737214714E+00
      6179   6.70328880520513962E+02   6.96338436209811018E+00
      6180   6.70459193288888855E+02   6.96391879267021885E+00
      6181   6.70589506057263634E+02   6.96445310913435645E+00
      6182   6.70719818825638527E+02   6.96498731153638406E+00
      6183   6.70850131594013419E+02   6.96552139992213437E+00
      6184   6.70980444362388198E+02   6.96605537433741340E+00
      6185   6.71110757130763091E+02   6.96658923482800052E+00
      6186   6.71241069899137869E+02   6.96712298143964759E+00
      6187   6.71371382667512762E+02   6.96765661421808158E+00
      6188   6.71501695435887541E+02   6.96819013320899927E+00
      6189   6.71632008204262434E+02   6.96872353845807702E+00
      6190   6.71762320972637212E+02   6.96925683001095830E+00
      6191   6.71892633741012105E+02   6.96979000791326264E+00
      6192   6.72022946509386998E+02   6.97032307221058467E+00
      6193   6.72153259277761777E+02   6.97085602294848883E+00
      6194   6.72283572046136669E+02   6.97138886017251558E+00
      6195   6.72413884814511448E+02   6.97192158392817873E+00
      6196   6.72544197582886341E+02   6.97245419426096458E+00
      6197   6.72674510351261119E+02   6.97298669121633363E+00
      6198   6.72804823119635898E+02   6.97351907483971889E+00
      6199   6.72935135888010791E+02   6.97405134517652936E+00
      6200   6.73065448656385684E+02   6.97458350227214563E+00
      6201   6.73195761424760576E+02   6.97511554617192164E+00
      6202   6.73326074193135355E+02   6.97564747692118736E+00
      6203   6.73459406089015147E+02   6.97619161454469516E+00
      6204   6.73592737984894939E+02   6.97673563380986383E+00
      6205   6.73726069880774617E+02   6.97727953476515950E+00
      6206   6.73859401776654408E+02   6.97782331745902074E+00
      6207   6.73992733672534200E+02   6.97836698193985594E+00
      6208   6.74126065568413992E+02   6.97891052825604863E+00
      6209   6.74259397464293784E+02   6.97945395645594679E+00
      6210   6.74392729360173576E+02   6.97999726658787623E+00
      6211   6.74526061256053367E+02   6.98054045870013162E+00
      6212   6.74659393151933159E+02   6.98108353284097571E+00
      6213   6.74792725047812951E+02   6.98162648905864991E+00
      6214   6.74926056943692743E+02   6.98216932740136187E+00
      6215   6.75059388839572421E+02   6.98271204791728817E+00
      6216   6.75192720735452212E+02   6.98325465065458495E+00
      6217   6.75326052631332004E+02   6.98379713566137372E+00
      6218   6.75459384527211796E+02   6.98433950298574580E+00
      6219   6.75592716423091588E+02   6.98488175267577116E+00
      6220   6.75726048318971380E+02   6.98542388477948428E+00
      6221   6.75859380214851171E+02   6.98596589934489742E+00
      6222   6.75992712110730963E+02   6.98650779641998820E+00
      6223   6.76126044006610641E+02   6.98704957605271026E+00
      6224   6.76259375902490433E+02   6.98759123829098705E+00
      6225   6.76392707798370225E+02   6.98813278318271358E+00
      6226   6.76526039694250017E+02   6.98867421077575823E+00
      6227   6.76659371590129808E+02   6.98921552111795741E+00
      6228   6.76792703486009600E+02   6.98975671451666081E+00
      6229   6.76926035381889392E+02   6.99029779048572841E+00
      6230   6.77059367277769184E+02   6.99083874934727501E+00
      6231   6.77192699173648975E+02   6.99137959114902419E+00
      6232   6.77326031069528653E+02   6.99192031593867469E+00
      6233   6.77459362965408445E+02   6.99246092376389594E+00
      6234   6.77592694861288237E+02   6.99300141467232805E+00
      6235   6.77726026757168029E+02   6.99354178871158538E+00
      6236   6.77859358653047821E+02   6.99408204592925209E+00
      6237   6.77992690548927612E+02   6.99462218637288569E+00
      6238   6.78126022444807404E+02   6.99516221009001438E+00
      6239   6.78259354340687196E+02   6.99570211712813794E+00
      6240   6.78392686236566988E+02   6.99624190753473130E+00
      6241   6.78526018132446666E+02   6.99678158135723738E+00
      6242   6.78659350028326458E+02   6.99732113864307337E+00
      6243   6.78792681924206249E+02   6.99786057943962803E+00
      6244   6.78926013820086041E+02   6.99839990379426347E+00
      6245   6.79059345715965833E+02   6.99893911175430983E+00
      6246   6.79192677611845625E+02   6.99947820336707327E+00
      6247   6.79326009507725416E+02   7.00001717867983242E+00
      6248   6.79459341403605208E+02   7.00055603773983481E+00
      6249   6.79592673299484886E+02   7.00109478059430224E+00
      6250   6.79726005195364678E+02   7.00163340729042982E+00
      6251   6.79859337091244470E+02   7.00217191787538074E+00
      6252   6.79992668987124262E+02   7.00271031239629593E+00
      6253   6.80126000883004053E+02   7.00324859090028440E+00
      6254   6.80259332778883845E+02   7.00378675343442847E+00
      6255   6.80392664674763637E+02   7.00432480004578384E+00
      6256   6.80525996570643429E+02   7.00486273078137689E+00
      6257   6.80659328466523220E+02   7.00540054568820825E+00
      6258   6.80792660362403012E+02   7.00593824481324923E+00
      6259   6.80925992258282690E+02   7.00647582820344361E+00
      6260   6.81059324154162482E+02   7.00701329590571120E+00
      6261   6.81192656050042274E+02   7.00755064796693805E+00
      6262   6.81325987945922066E+02   7.00808788443398800E+00
      6263   6.81459319841801857E+02   7.00862500535369204E+00
      6264   6.81592651737681649E+02   7.00916201077286072E+00
      6265   6.81725983633561441E+02   7.00969890073827173E+00
      6266   6.81859315529441233E+02   7.01023567529667613E+00
      6267   6.81992647425321024E+02   7.01077233449479920E+00
      6268   6.82125979321200703E+02   7.01130887837933692E+00
      6269   6.82259311217080494E+02   7.01184530699696040E+00
      6270   6.82392643112960286E+02   7.01238162039431057E+00
      6271   6.82525975008840078E+02   7.01291781861800168E+00
      6272   6.82659306904719870E+02   7.01345390171462313E+00
      6273   6.82792638800599661E+02   7.01398986973073413E+00
      6274   6.82925970696479453E+02   7.01452572271286634E+00
      6275   6.83059302592359245E+02   7.01506146070752745E+00
      6276   6.83192634488239037E+02   7.01559708376119495E+00
      6277   6.83325966384118715E+02   7.01613259192031968E+00
      6278   6.83459298279998620E+02   7.01666798523132762E+00
      6279   6.83592630175878298E+02   7.01720326374061187E+00
      6280   6.83725962071758090E+02   7.01773842749454424E+00
      6281   6.83859293967637882E+02   7.01827347653946720E+00
      6282   6.83992625863517674E+02   7.01880841092169749E+00
      6283   6.84125957759397465E+02   7.01934323068752164E+00
      6284   6.84259289655277257E+02   7.01987793588320041E+00
      6285   6.84392621551156935E+02   7.02041252655497061E+00
      6286   6.84525953447036841E+02   7.02094700274903705E+00
      6287   6.84659285342916519E+02   7.02148136451157967E+00
      6288   6.84792617238796311E+02   7.02201561188875445E+00
      6289   6.84925949134676102E+02   7.02254974492668360E+00
      6290   6.85059281030555894E+02   7.02308376367147069E+00
      6291   6.85192612926435686E+02   7.02361766816918554E+00
      6292   6.85325944822315364E+02   7.02415145846587397E+00
      6293   6.85459276718195156E+02   7.02468513460755517E+00
      6294   6.85592608614075061E+02   7.02521869664021992E+00
      6295   6.85725940509954853E+02   7.02575214460983410E+00
      6296   6.85859272405834531E+02   7.02628547856233521E+00
      6297   6.85992604301714323E+02   7.02681869854363494E+00
      6298   6.86125936197594115E+02   7.02735180459961750E+00
      6299   6.86259268093473906E+02   7.02788479677613953E+00
      6300   6.86392599989353698E+02   7.02841767511903459E+00
      6301   6.86525931885233490E+02   7.02895043967410427E+00
      6302   6.86659263781113282E+02   7.02948309048713149E+00
      6303   6.86792595676992960E+02   7.03001562760386012E+00
      6304   6.86925927572872865E+02   7.03054805107001801E+00
      6305   6.87059259468752543E+02   7.03108036093130373E+00
      6306   6.87192591364632335E+02   7.03161255723338563E+00
      6307   6.87325923260512127E+02   7.03214464002191164E+00
      6308   6.87459255156391919E+02   7.03267660934249683E+00
      6309   6.87592587052271710E+02   7.03320846524073406E+00
      6310   6.87725918948151502E+02   7.03374020776218778E+00
      6311   6.87859250844031180E+02   7.03427183695239666E+00
      6312   6.87992582739910972E+02   7.03480335285687186E+00
      6313   6.88125914635790764E+02   7.03533475552109966E+00
      6314   6.88259246531670556E+02   7.03586604499053880E+00
      6315   6.88392578427550347E+02   7.03639722131062229E+00
      6316   6.88525910323430139E+02   7.03692828452675556E+00
      6317   6.88659242219309931E+02   7.03745923468431922E+00
      6318   6.88792574115189723E+02   7.03799007182866454E+00
      6319   6.88925906011069401E+02   7.03852079600512148E+00
      6320   6.89062326982556897E+02   7.03906369929057618E+00
      6321   6.89198747954044279E+02   7.03960648440887127E+00
      6322   6.89335168925531661E+02   7.04014915140846931E+00
      6323   6.89471589897019157E+02   7.04069170033781067E+00
      6324   6.89608010868506426E+02   7.04123413124530106E+00
      6325   6.89744431839993922E+02   7.04177644417932136E+00
      6326   6.89880852811481304E+02   7.04231863918822221E+00
      6327   6.90017273782968687E+02   7.04286071632032584E+00
      6328   6.90153694754456069E+02   7.04340267562392341E+00
      6329   6.90290115725943451E+02   7.04394451714728120E+00
      6330   6.90426536697430834E+02   7.04448624093863707E+00
      6331   6.90562957668918330E+02   7.04502784704619600E+00
      6332   6.90699378640405712E+02   7.04556933551813813E+00
      6333   6.90835799611893094E+02   7.04611070640261339E+00
      6334   6.90972220583380476E+02   7.04665195974774328E+00
      6335   6.91108641554867972E+02   7.04719309560162355E+00
      6336   6.91245062526355355E+02   7.04773411401231620E+00
      6337   6.91381483497842737E+02   7.04827501502785747E+00
      6338   6.91517904469330119E+02   7.04881579869625874E+00
      6339   6.91654325440817502E+02   7.04935646506549585E+00
      6340   6.91790746412304998E+02   7.04989701418352332E+00
      6341   6.91927167383792380E+02   7.05043744609826195E+00
      6342   6.92063588355279762E+02   7.05097776085760675E+00
      6343   6.92200009326767145E+02   7.05151795850942520E+00
      6344   6.92336430298254641E+02   7.05205803910155282E+00
      6345   6.92472851269741909E+02   7.05259800268180115E+00
      6346   6.92609272241229405E+02   7.05313784929795151E+00
      6347   6.92745693212716787E+02   7.05367757899775683E+00
      6348   6.92882114184204170E+02   7.05421719182894158E+00
      6349   6.93018535155691552E+02   7.05475668783920185E+00
      6350   6.93154956127178934E+02   7.05529606707620793E+00
      6351   6.93291377098666430E+02   7.05583532958759907E+00
      6352   6.93427798070153813E+02   7.05637447542098872E+00
      6353   6.93564219041641195E+02   7.05691350462396105E+00
      6354   6.93700640013128691E+02   7.05745241724407180E+00
      6355   6.93837060984616073E+02   7.05799121332884827E+00
      6356   6.93973481956103456E+02   7.05852989292579291E+00
      6357   6.94109902927590838E+02   7.05906845608237621E+00
      6358   6.94246323899078220E+02   7.05960690284604198E+00
      6359   6.94382744870565602E+02   7.06014523326420651E+00
      6360   6.94519165842052985E+02   7.06068344738426035E+00
      6361   6.94655586813540367E+02   7.06122154525356205E+00
      6362   6.94792007785027863E+02   7.06175952691944353E+00
      6363   6.94928428756515245E+02   7.06229739242920918E+00
      6364   6.95064849728002628E+02   7.06283514183013761E+00
      6365   6.95201270699490124E+02   7.06337277516947548E+00
      6366   6.95337691670977506E+02   7.06391029249444546E+00
      6367   6.95474112642464888E+02   7.06444769385224092E+00
      6368   6.95610533613952271E+02   7.06498497929002678E+00
      6369   6.95746954585439653E+02   7.06552214885494045E+00
      6370   6.95883375556927035E+02   7.06605920259409270E+00
      6371   6.96019796528414417E+02   7.06659614055456409E+00
      6372   6.96156217499901913E+02   7.06713296278341474E+00
      6373   6.96292638471389296E+02   7.06766966932766483E+00
      6374   6.96429059442876678E+02   7.06820626023431853E+00
      6375   6.96565480414364060E+02   7.06874273555034538E+00
      6376   6.96701901385851556E+02   7.06927909532269094E+00
      6377   6.96838322357338939E+02   7.06981533959827058E+00
      6378   6.96974743328826321E+02   7.07035146842397300E+00
      6379   6.97111164300313703E+02   7.07088748184666294E+00
      6380   6.97247585271801086E+02   7.07142337991317227E+00
      6381   6.97384006243288468E+02   7.07195916267030711E+00
      6382   6.97520427214775964E+02   7.07249483016484692E+00
      6383   6.97656848186263346E+02   7.07303038244354543E+00
      6384   6.97793269157750728E+02   7.07356581955312524E+00
      6385   6.97929690129238111E+02   7.07410114154028324E+00
      6386   6.98066111100725607E+02   7.07463634845168876E+00
      6387   6.98202532072212989E+02   7.07517144033398448E+00
      6388   6.98338953043700371E+02   7.07570641723378646E+00
      6389   6.98475374015187754E+02   7.07624127919768053E+00
      6390   6.98611794986675136E+02   7.07677602627222679E+00
      6391   6.98748215958162518E+02   7.07731065850396135E+00
      6392   6.98884636929649901E+02   7.07784517593938567E+00
      6393   6.99021057901137397E+02   7.07837957862498168E+00
      6394   6.99157478872624779E+02   7.07891386660719935E+00
      6395   6.99293899844112161E+02   7.07944803993246286E+00
      6396   6.99430320815599543E+02   7.07998209864716976E+00
      6397   6.99566741787086926E+02   7.08051604279769009E+00
      6398   6.99703162758574422E+02   7.08104987243036543E+00
      6399   6.99839583730061804E+02   7.08158358759151341E+00
      6400   6.99976004701549186E+02   7.08211718832742143E+00
      6401   7.00112425673036569E+02   7.08265067468435117E+00
      6402   7.00248846644524065E+02   7.08318404670853763E+00
      6403   7.00385267616011333E+02   7.08371730444618741E+00
      6404   7.00521688587498716E+02   7.08425044794348224E+00
      6405   7.00658109558986212E+02   7.08478347724657542E+00
      6406   7.00794530530473594E+02   7.08531639240159361E+00
      6407   7.00930951501960976E+02   7.08584919345463682E+00
      6408   7.01067372473448359E+02   7.08638188045177753E+00
      6409   7.01203793444935854E+02   7.08691445343906068E+00
      6410   7.01340214416423237E+02   7.08744691246250813E+00
      6411   7.01476635387910619E+02   7.08797925756810887E+00
      6412   7.01613056359398001E+02   7.08851148880183057E+00
      6413   7.01749477330885384E+02   7.08904360620961160E+00
      6414   7.01885898302372766E+02   7.08957560983736368E+00
      6415   7.02022319273860262E+02   7.09010749973097276E+00
      6416   7.02158740245347644E+02   7.09063927593629550E+00
      6417   7.02295161216835027E+02   7.09117093849916458E+00
      6418   7.02431582188322523E+02   7.09170248746538512E+00
      6419   7.02568003159809791E+02   7.09223392288073562E+00
      6420   7.02704424131297287E+02   7.09276524479096704E+00
      6421   7.02840845102784670E+02   7.09329645324180458E+00
      6422   7.02977266074272052E+02   7.09382754827894679E+00
      6423   7.03113687045759434E+02   7.09435852994806737E+00
      6424   7.03250108017246930E+02   7.09488939829480803E+00
      6425   7.03386528988734312E+02   7.09542015336479182E+00
      6426   7.03522949960221695E+02   7.09595079520360716E+00
      6427   7.03659370931709077E+02   7.09648132385682118E+00
      6428   7.03795791903196459E+02   7.09701173936997343E+00
      6429   7.03932212874683955E+02   7.09754204178857773E+00
      6430   7.04068633846171338E+02   7.09807223115811770E+00
      6431   7.04205054817658720E+02   7.09860230752405563E+00
      6432   7.04341475789146102E+02   7.09913227093182542E+00
      6433   7.04477896760633485E+02   7.09966212142683162E+00
      6434   7.04614317732120981E+02   7.10019185905445749E+00
      6435   7.04750738703608363E+02   7.10072148386005608E+00
      6436   7.04887159675095745E+02   7.10125099588895647E+00
      6437   7.05026741290872906E+02   7.10179265914132252E+00
      6438   7.05166322906650180E+02   7.10233420442668262E+00
      6439   7.05305904522427340E+02   7.10287563179350556E+00
      6440   7.05445486138204615E+02   7.10341694129022549E+00
      6441   7.05585067753981775E+02   7.10395813296525613E+00
      6442   7.05724649369758936E+02   7.10449920686697389E+00
      6443   7.05864230985536210E+02   7.10504016304373476E+00
      6444   7.06003812601313371E+02   7.10558100154385830E+00
      6445   7.06143394217090645E+02   7.10612172241564366E+00
      6446   7.06282975832867919E+02   7.10666232570735357E+00
      6447   7.06422557448645080E+02   7.10720281146722499E+00
      6448   7.06562139064422240E+02   7.10774317974346825E+00
      6449   7.06701720680199514E+02   7.10828343058426437E+00
      6450   7.06841302295976675E+02   7.10882356403776328E+00
      6451   7.06980883911753835E+02   7.10936358015209002E+00
      6452   7.07120465527531110E+02   7.10990347897533859E+00
      6453   7.07260047143308270E+02   7.11044326055557541E+00
      6454   7.07399628759085545E+02   7.11098292494083850E+00
      6455   7.07539210374862819E+02   7.11152247217913835E+00
      6456   7.07678791990639979E+02   7.11206190231845437E+00
      6457   7.07818373606417140E+02   7.11260121540674017E+00
      6458   7.07957955222194300E+02   7.11314041149192189E+00
      6459   7.08097536837971575E+02   7.11367949062189364E+00
      6460   7.08237118453748735E+02   7.11421845284452292E+00
      6461   7.08376700069526009E+02   7.11475729820765057E+00
      6462   7.08516281685303170E+02   7.11529602675908723E+00
      6463   7.08655863301080444E+02   7.11583463854661602E+00
      6464   7.08795444916857605E+02   7.11637313361799340E+00
      6465   7.08935026532634879E+02   7.11691151202094474E+00
      6466   7.09074608148412040E+02   7.11744977380316701E+00
      6467   7.09214189764189200E+02   7.11798791901233319E+00
      6468   7.09353771379966474E+02   7.11852594769608338E+00
      6469   7.09493352995743749E+02   7.11906385990203461E+00
      6470   7.09632934611520909E+02   7.11960165567777015E+00
      6471   7.09772516227298183E+02   7.12013933507085106E+00
      6472   7.09912097843075344E+02   7.12067689812880555E+00
      6473   7.10051679458852504E+02   7.12121434489913430E+00
      6474   7.10191261074629779E+02   7.12175167542931220E+00
      6475   7.10330842690406939E+02   7.12228888976678753E+00
      6476   7.10470424306184213E+02   7.12282598795897659E+00
      6477   7.10610005921961374E+02   7.12336297005326990E+00
      6478   7.10749587537738648E+02   7.12389983609702959E+00
      6479   7.10889169153515809E+02   7.12443658613759023E+00
      6480   7.11028750769292969E+02   7.12497322022225887E+00
      6481   7.11168332385070244E+02   7.12550973839831503E+00
      6482   7.11307914000847404E+02   7.12604614071300624E+00
      6483   7.11447495616624678E+02   7.12658242721355961E+00
      6484   7.11587077232401839E+02   7.12711859794716851E+00
      6485   7.11726658848179113E+02   7.12765465296100231E+00
      6486   7.11866240463956274E+02   7.12819059230219931E+00
      6487   7.12005822079733548E+02   7.12872641601787116E+00
      6488   7.12145403695510709E+02   7.12926212415510552E+00
      6489   7.12284985311287983E+02   7.12979771676095631E+00
      6490   7.12424566927065143E+02   7.13033319388245435E+00
      6491   7.12564148542842418E+02   7.13086855556660115E+00
      6492   7.12703730158619578E+02   7.13140380186036982E+00
      6493   7.12843311774396739E+02   7.13193893281070856E+00
      6494   7.12982893390173899E+02   7.13247394846453542E+00
      6495   7.13122475005951173E+02   7.13300884886874265E+00
      6496   7.13262056621728448E+02   7.13354363407019409E+00
      6497   7.13401638237505608E+02   7.13407830411572430E+00
      6498   7.13541219853282769E+02   7.13461285905214559E+00
      6499   7.13680801469060043E+02   7.13514729892623745E+00
      6500   7.13820383084837204E+02   7.13568162378475357E+00
      6501   7.13959964700614478E+02   7.13621583367442280E+00
      6502   7.14099546316391638E+02   7.13674992864194202E+00
      6503   7.14239127932168913E+02   7.13728390873398677E+00
      6504   7.14378709547946073E+02   7.13781777399719797E+00
      6505   7.14518291163723347E+02   7.13835152447819610E+00
      6506   7.14657872779500508E+02   7.13888516022357056E+00
      6507   7.14797454395277668E+02   7.13941868127988233E+00
      6508   7.14937036011054943E+02   7.13995208769366929E+00
      6509   7.15076617626832103E+02   7.14048537951144091E+00
      6510   7.15216199242609378E+02   7.14101855677967468E+00
      6511   7.15355780858386652E+02   7.14155161954482853E+00
      6512   7.15495362474163812E+02   7.14208456785332579E+00
      6513   7.15634944089940973E+02   7.14261740175156934E+00
      6514   7.15774525705718247E+02   7.14315012128593008E+00
      6515   7.15914107321495408E+02   7.14368272650275493E+00
      6516   7.16053688937272682E+02   7.14421521744836063E+00
      6517   7.16193270553049842E+02   7.14474759416903993E+00
      6518   7.16332852168827117E+02   7.14527985671105625E+00
      6519   7.16472433784604277E+02   7.14581200512064996E+00
      6520   7.16612015400381551E+02   7.14634403944402674E+00
      6521   7.16751597016158712E+02   7.14687595972737366E+00
      6522   7.16891178631935873E+02   7.14740776601684580E+00
      6523   7.17030760247713147E+02   7.14793945835857247E+00
      6524   7.17170341863490307E+02   7.14847103679865725E+00
      6525   7.17309923479267582E+02   7.14900250138317794E+00
      6526   7.17449505095044742E+02   7.14953385215817860E+00
      6527   7.17589086710822016E+02   7.15006508916968553E+00
      6528   7.17728668326599177E+02   7.15059621246369215E+00
      6529   7.17868249942376337E+02   7.15112722208616702E+00
      6530   7.18007831558153612E+02   7.15165811808305296E+00
      6531   7.18147413173930772E+02   7.15218890050026435E+00
      6532   7.18286994789707933E+02   7.15271956938368891E+00
      6533   7.18426576405485321E+02   7.15325012477918865E+00
      6534   7.18566158021262481E+02   7.15378056673259888E+00
      6535   7.18705739637039642E+02   7.15431089528972741E+00
      6536   7.18845321252816916E+02   7.15484111049635629E+00
      6537   7.18984902868594077E+02   7.15537121239823826E+00
      6538   7.19124484484371351E+02   7.15590120104110472E+00
      6539   7.19264066100148511E+02   7.15643107647065424E+00
      6540   7.19403647715925672E+02   7.15696083873256494E+00
      6541   7.19543229331702946E+02   7.15749048787248476E+00
      6542   7.19682810947480107E+02   7.15802002393603409E+00
      6543   7.19822392563257381E+02   7.15854944696880935E+00
      6544   7.19961974179034542E+02   7.15907875701638030E+00
      6545   7.20101555794811816E+02   7.15960795412428919E+00
      6546   7.20241137410588976E+02   7.16013703833805160E+00
      6547   7.20380719026366251E+02   7.16066600970315825E+00
      6548   7.20520300642143411E+02   7.16119486826507234E+00
      6549   7.20659882257920572E+02   7.16172361406923041E+00
      6550   7.20799463873697846E+02   7.16225224716104325E+00
      6551   7.20939045489475006E+02   7.16278076758589588E+00
      6552   7.21078627105252281E+02   7.16330917538914402E+00
      6553   7.21218208721029441E+02   7.16383747061612297E+00
      6554   7.21361024207904961E+02   7.16437788908276474E+00
      6555   7.21503839694780481E+02   7.16491818979223183E+00
      6556   7.21646655181655888E+02   7.16545837279299302E+00
      6557   7.21789470668531408E+02   7.16599843813349047E+00
      6558   7.21932286155406928E+02   7.16653838586213876E+00
      6559   7.22075101642282448E+02   7.16707821602732142E+00
      6560   7.22217917129157854E+02   7.16761792867739445E+00
      6561   7.22360732616033374E+02   7.16815752386068539E+00
      6562   7.22503548102908780E+02   7.16869700162549162E+00
      6563   7.22646363589784301E+02   7.16923636202008474E+00
      6564   7.22789179076659821E+02   7.16977560509270617E+00
      6565   7.22931994563535227E+02   7.17031473089156712E+00
      6566   7.23074810050410747E+02   7.17085373946485483E+00
      6567   7.23217625537286267E+02   7.17139263086072276E+00
      6568   7.23360441024161673E+02   7.17193140512729954E+00
      6569   7.23503256511037193E+02   7.17247006231268269E+00
      6570   7.23646071997912713E+02   7.17300860246494576E+00
      6571   7.23788887484788120E+02   7.17354702563212765E+00
      6572   7.23931702971663640E+02   7.17408533186224417E+00
      6573   7.24074518458539160E+02   7.17462352120328006E+00
      6574   7.24217333945414566E+02   7.17516159370319162E+00
      6575   7.24360149432290086E+02   7.17569954940990851E+00
      6576   7.24502964919165606E+02   7.17623738837133285E+00
      6577   7.24645780406041013E+02   7.17677511063533213E+00
      6578   7.24788595892916533E+02   7.17731271624975431E+00
      6579   7.24931411379792053E+02   7.17785020526241446E+00
      6580   7.25074226866667459E+02   7.17838757772109748E+00
      6581   7.25217042353542979E+02   7.17892483367356515E+00
      6582   7.25359857840418499E+02   7.17946197316754908E+00
      6583   7.25502673327294019E+02   7.17999899625074889E+00
      6584   7.25645488814169425E+02   7.18053590297084376E+00
      6585   7.25788304301044946E+02   7.18107269337547738E+00
      6586   7.25931119787920466E+02   7.18160936751227030E+00
      6587   7.26073935274795986E+02   7.18214592542881025E+00
      6588   7.26216750761671392E+02   7.18268236717266362E+00
      6589   7.26359566248546912E+02   7.18321869279136127E+00
      6590   7.26502381735422318E+02   7.18375490233241365E+00
      6591   7.26645197222297838E+02   7.18429099584329744E+00
      6592   7.26788012709173245E+02   7.18482697337146270E+00
      6593   7.26930828196048765E+02   7.18536283496433281E+00
      6594   7.27073643682924285E+02   7.18589858066930365E+00
      6595   7.27216459169799805E+02   7.18643421053374087E+00
      6596   7.27359274656675325E+02   7.18696972460498440E+00
      6597   7.27502090143550845E+02   7.18750512293034571E+00
      6598   7.27644905630426251E+02   7.18804040555710611E+00
      6599   7.27787721117301658E+02   7.18857557253252466E+00
      6600   7.27930536604177178E+02   7.18911062390382849E+00
      6601   7.28073352091052698E+02   7.18964555971821717E+00
      6602   7.28216167577928104E+02   7.19018038002286186E+00
      6603   7.28358983064803624E+02   7.19071508486490973E+00
      6604   7.28501798551679144E+02   7.19124967429147777E+00
      6605   7.28644614038554550E+02   7.19178414834965363E+00
      6606   7.28787429525430070E+02   7.19231850708650100E+00
      6607   7.28930245012305591E+02   7.19285275054905338E+00
      6608   7.29073060499180997E+02   7.19338687878431760E+00
      6609   7.29215875986056631E+02   7.19392089183927297E+00
      6610   7.29358691472932037E+02   7.19445478976086950E+00
      6611   7.29501506959807557E+02   7.19498857259603319E+00
      6612   7.29644322446683077E+02   7.19552224039165989E+00
      6613   7.29787137933558483E+02   7.19605579319461874E+00
      6614   7.29929953420433890E+02   7.19658923105175052E+00
      6615   7.30072768907309410E+02   7.19712255400987111E+00
      6616   7.30215584394184930E+02   7.19765576211576619E+00
      6617   7.30358399881060450E+02   7.19818885541619480E+00
      6618   7.30501215367935856E+02   7.19872183395789023E+00
      6619   7.30644030854811376E+02   7.19925469778755467E+00
      6620   7.30786846341686896E+02   7.19978744695186723E+00
      6621   7.30929661828562416E+02   7.20032008149747771E+00
      6622   7.31072477315437823E+02   7.20085260147100836E+00
      6623   7.31215292802313343E+02   7.20138500691905570E+00
      6624   7.31358108289188749E+02   7.20191729788818691E+00
      6625   7.31500923776064269E+02   7.20244947442494343E+00
      6626   7.31643739262939789E+02   7.20298153657583917E+00
      6627   7.31786554749815309E+02   7.20351348438735872E+00
      6628   7.31929370236690716E+02   7.20404531790596536E+00
      6629   7.32072185723566236E+02   7.20457703717808773E+00
      6630   7.32215001210441642E+02   7.20510864225013403E+00
      6631   7.32357816697317162E+02   7.20564013316847962E+00
      6632   7.32500632184192682E+02   7.20617150997947764E+00
      6633   7.32643447671068088E+02   7.20670277272945103E+00
      6634   7.32786263157943608E+02   7.20723392146469610E+00
      6635   7.32929078644819128E+02   7.20776495623148517E+00
      6636   7.33071894131694648E+02   7.20829587707605945E+00
      6637   7.33214709618570055E+02   7.20882668404463534E+00
      6638   7.33357525105445575E+02   7.20935737718340075E+00
      6639   7.33500340592321095E+02   7.20988795653851966E+00
      6640   7.33643156079196501E+02   7.21041842215612672E+00
      6641   7.33785971566072021E+02   7.21094877408232904E+00
      6642   7.33928787052947541E+02   7.21147901236321065E+00
      6643   7.34071602539822948E+02   7.21200913704482360E+00
      6644   7.34214418026698468E+02   7.21253914817319774E+00
      6645   7.34357233513573988E+02   7.21306904579433183E+00
      6646   7.34500049000449508E+02   7.21359882995420243E+00
      6647   7.34642864487324914E+02   7.21412850069875589E+00
      6648   7.34785679974200320E+02   7.21465805807391281E+00
      6649   7.34928495461075840E+02   7.21518750212556803E+00
      6650   7.35071310947951361E+02   7.21571683289958887E+00
      6651   7.35214126434826881E+02   7.21624605044181511E+00
      6652   7.35356941921702287E+02   7.21677515479806342E+00
      6653   7.35499757408577921E+02   7.21730414601411674E+00
      6654   7.35642572895453327E+02   7.21783302413573935E+00
      6655   7.35785388382328733E+02   7.21836178920866534E+00
      6656   7.35928203869204253E+02   7.21889044127860036E+00
      6657   7.36071019356079773E+02   7.21941898039122698E+00
      6658   7.36213834842955180E+02   7.21994740659220025E+00
      6659   7.36356650329830700E+02   7.22047571992714676E+00
      6660   7.36499465816706220E+02   7.22100392044166828E+00
      6661   7.36642281303581740E+02   7.22153200818134255E+00
      6662   7.36785096790457146E+02   7.22205998319171538E+00
      6663   7.36927912277332666E+02   7.22258784551831035E+00
      6664   7.37070727764208186E+02   7.22311559520662350E+00
      6665   7.37213543251083706E+02   7.22364323230212246E+00
      6666   7.37356358737959113E+02   7.22417075685025267E+00
      6667   7.37499174224834519E+02   7.22469816889642935E+00
      6668   7.37641989711710153E+02   7.22522546848604463E+00
      6669   7.37784805198585559E+02   7.22575265566446134E+00
      6670   7.37927620685460965E+02   7.22627973047701833E+00
      6671   7.38073744966784943E+02   7.22681890047207620E+00
      6672   7.38219869248108807E+02   7.22735795293024719E+00
      6673   7.38365993529432671E+02   7.22789688790000540E+00
      6674   7.38512117810756536E+02   7.22843570542980096E+00
      6675   7.38658242092080286E+02   7.22897440556805382E+00
      6676   7.38804366373404150E+02   7.22951298836315548E+00
      6677   7.38950490654728014E+02   7.23005145386346815E+00
      6678   7.39096614936051992E+02   7.23058980211732560E+00
      6679   7.39242739217375743E+02   7.23112803317303410E+00
      6680   7.39388863498699607E+02   7.23166614707887145E+00
      6681   7.39534987780023471E+02   7.23220414388308441E+00
      6682   7.39681112061347335E+02   7.23274202363389396E+00
      6683   7.39827236342671199E+02   7.23327978637949087E+00
      6684   7.39973360623995063E+02   7.23381743216803752E+00
      6685   7.40119484905318927E+02   7.23435496104766962E+00
      6686   7.40265609186642678E+02   7.23489237306649269E+00
      6687   7.40411733467966542E+02   7.23542966827258471E+00
      6688   7.40557857749290406E+02   7.23596684671399437E+00
      6689   7.40703982030614270E+02   7.23650390843874192E+00
      6690   7.40850106311938134E+02   7.23704085349482096E+00
      6691   7.40996230593261998E+02   7.23757768193019491E+00
      6692   7.41142354874585862E+02   7.23811439379280053E+00
      6693   7.41288479155909727E+02   7.23865098913054528E+00
      6694   7.41434603437233591E+02   7.23918746799130641E+00
      6695   7.41580727718557341E+02   7.23972383042293899E+00
      6696   7.41726851999881319E+02   7.24026007647326253E+00
      6697   7.41872976281205069E+02   7.24079620619007347E+00
      6698   7.42019100562528934E+02   7.24133221962113804E+00
      6699   7.42165224843852798E+02   7.24186811681419407E+00
      6700   7.42311349125176662E+02   7.24240389781695271E+00
      6701   7.42457473406500526E+02   7.24293956267709582E+00
      6702   7.42603597687824390E+02   7.24347511144227774E+00
      6703   7.42749721969148254E+02   7.24401054416012435E+00
      6704   7.42895846250472118E+02   7.24454586087823316E+00
      6705   7.43041970531795982E+02   7.24508106164417498E+00
      6706   7.43188094813119847E+02   7.24561614650549224E+00
      6707   7.43334219094443711E+02   7.24615111550969715E+00
      6708   7.43480343375767575E+02   7.24668596870427884E+00
      6709   7.43626467657091325E+02   7.24722070613669356E+00
      6710   7.43772591938415303E+02   7.24775532785437093E+00
      6711   7.43918716219739053E+02   7.24828983390471659E+00
      6712   7.44064840501062918E+02   7.24882422433510065E+00
      6713   7.44210964782386782E+02   7.24935849919287456E+00
      6714   7.44357089063710646E+02   7.24989265852535336E+00
      6715   7.44503213345034510E+02   7.25042670237983167E+00
      6716   7.44649337626358374E+02   7.25096063080357034E+00
      6717   7.44795461907682238E+02   7.25149444384380626E+00
      6718   7.44941586189005989E+02   7.25202814154774611E+00
      6719   7.45087710470329966E+02   7.25256172396257348E+00
      6720   7.45233834751653717E+02   7.25309519113543733E+00
      6721   7.45379959032977581E+02   7.25362854311346439E+00
      6722   7.45526083314301559E+02   7.25416177994375211E+00
      6723   7.45672207595625309E+02   7.25469490167336861E+00
      6724   7.45818331876949173E+02   7.25522790834935805E+00
      6725   7.45964456158273038E+02   7.25576080001873436E+00
      6726   7.46110580439596902E+02   7.25629357672848219E+00
      6727   7.46256704720920766E+02   7.25682623852556397E+00
      6728   7.46402829002244630E+02   7.25735878545691193E+00
      6729   7.46548953283568380E+02   7.25789121756942812E+00
      6730   7.46695077564892244E+02   7.25842353490999148E+00
      6731   7.46841201846216222E+02   7.25895573752545076E+00
      6732   7.46987326127540086E+02   7.25948782546262894E+00
      6733   7.47133450408863837E+02   7.26001979876831971E+00
      6734   7.47279574690187701E+02   7.26055165748929099E+00
      6735   7.47425698971511565E+02   7.26108340167228317E+00
      6736   7.47571823252835429E+02   7.26161503136400910E+00
      6737   7.47717947534159293E+02   7.26214654661115322E+00
      6738   7.47864071815483157E+02   7.26267794746037509E+00
      6739   7.48010196096807022E+02   7.26320923395830409E+00
      6740   7.48156320378130886E+02   7.26374040615154470E+00
      6741   7.48302444659454750E+02   7.26427146408667390E+00
      6742   7.48448568940778614E+02   7.26480240781024023E+00
      6743   7.48594693222102364E+02   7.26533323736876646E+00
      6744   7.48740817503426229E+02   7.26586395280874608E+00
      6745   7.48886941784750206E+02   7.26639455417664770E+00
      6746   7.49033066066073957E+02   7.26692504151891239E+00
      6747   7.49179190347397821E+02   7.26745541488195279E+00
      6748   7.49325314628721685E+02   7.26798567431215581E+00
      6749   7.49471438910045549E+02   7.26851581985588080E+00
      6750   7.49617563191369300E+02   7.26904585155946048E+00
      6751   7.49763687472693277E+02   7.26957576946920092E+00
      6752   7.49909811754017142E+02   7.27010557363137888E+00
      6753   7.50055936035340892E+02   7.27063526409224536E+00
      6754   7.50202060316664870E+02   7.27116484089802739E+00
      6755   7.50348184597988734E+02   7.27169430409492268E+00
      6756   7.50494308879312484E+02   7.27222365372909785E+00
      6757   7.50640433160636348E+02   7.27275288984670087E+00
      6758   7.50786557441960213E+02   7.27328201249384687E+00
      6759   7.50932681723284077E+02   7.27381102171662608E+00
      6760   7.51078806004607941E+02   7.27433991756110210E+00
      6761   7.51224930285931805E+02   7.27486870007331099E+00
      6762   7.51371054567255669E+02   7.27539736929926395E+00
      6763   7.51517178848579533E+02   7.27592592528494198E+00
      6764   7.51663303129903397E+02   7.27645436807630119E+00
      6765   7.51809427411227261E+02   7.27698269771927375E+00
      6766   7.51955551692551126E+02   7.27751091425975982E+00
      6767   7.52101675973874990E+02   7.27803901774363737E+00
      6768   7.52247800255198740E+02   7.27856700821675329E+00
      6769   7.52393924536522604E+02   7.27909488572493402E+00
      6770   7.52540048817846468E+02   7.27962265031397227E+00
      6771   7.52686173099170333E+02   7.28015030202964031E+00
      6772   7.52832297380494197E+02   7.28067784093639947E+00
      6773   7.52978421661818061E+02   7.28120526704282423E+00
      6774   7.53124545943141925E+02   7.28173258041302685E+00
      6775   7.53270670224465789E+02   7.28225978109267036E+00
      6776   7.53416794505789539E+02   7.28278686912739204E+00
      6777   7.53562918787113517E+02   7.28331384456280162E+00
      6778   7.53709043068437381E+02   7.28384070744448486E+00
      6779   7.53855167349761132E+02   7.28436745781799821E+00
      6780   7.54001291631084996E+02   7.28489409572887237E+00
      6781   7.54147415912408860E+02   7.28542062122261402E+00
      6782   7.54293540193732724E+02   7.28594703434470059E+00
      6783   7.54439664475056588E+02   7.28647333514058548E+00
      6784   7.54585788756380452E+02   7.28699952365569370E+00
      6785   7.54731913037704317E+02   7.28752559993542537E+00
      6786   7.54878037319028181E+02   7.28805156402515220E+00
      6787   7.55024161600351931E+02   7.28857741597022368E+00
      6788   7.55173671335322297E+02   7.28911533499497732E+00
      6789   7.55323181070292662E+02   7.28965313671443393E+00
      6790   7.55472690805263028E+02   7.29019082117708006E+00
      6791   7.55622200540233280E+02   7.29072838843137472E+00
      6792   7.55771710275203645E+02   7.29126583852575028E+00
      6793   7.55921220010173897E+02   7.29180317150860446E+00
      6794   7.56070729745144376E+02   7.29234038742831370E+00
      6795   7.56220239480114628E+02   7.29287748633321886E+00
      6796   7.56369749215084994E+02   7.29341446827163686E+00
      6797   7.56519258950055359E+02   7.29395133329185530E+00
      6798   7.56668768685025611E+02   7.29448808144213157E+00
      6799   7.56818278419995977E+02   7.29502471277069642E+00
      6800   7.56967788154966229E+02   7.29556122732575307E+00
      6801   7.57117297889936594E+02   7.29609762515547100E+00
      6802   7.57266807624906960E+02   7.29663390630799658E+00
      6803   7.57416317359877326E+02   7.29717007083144686E+00
      6804   7.57565827094847577E+02   7.29770611877390873E+00
      6805   7.57715336829817943E+02   7.29824205018344330E+00
      6806   7.57864846564788309E+02   7.29877786510807791E+00
      6807   7.58014356299758674E+02   7.29931356359581862E+00
      6808   7.58163866034728926E+02   7.29984914569463950E+00
      6809   7.58313375769699178E+02   7.30038461145248618E+00
      6810   7.58462885504669657E+02   7.30091996091727680E+00
      6811   7.58612395239639909E+02   7.30145519413690192E+00
      6812   7.58761904974610275E+02   7.30199031115922192E+00
      6813   7.58911414709580527E+02   7.30252531203207056E+00
      6814   7.59060924444550892E+02   7.30306019680325402E+00
      6815   7.59210434179521258E+02   7.30359496552054743E+00
      6816   7.59359943914491510E+02   7.30412961823170193E+00
      6817   7.59509453649461875E+02   7.30466415498443578E+00
      6818   7.59658963384432241E+02   7.30519857582644416E+00
      6819   7.59808473119402493E+02   7.30573288080539029E+00
      6820   7.59957982854372858E+02   7.30626706996891162E+00
      6821   7.60107492589343224E+02   7.30680114336461717E+00
      6822   7.60257002324313476E+02   7.30733510104008577E+00
      6823   7.60406512059283841E+02   7.30786894304287404E+00
      6824   7.60556021794254207E+02   7.30840266942050221E+00
      6825   7.60705531529224572E+02   7.30893628022047004E+00
      6826   7.60855041264194824E+02   7.30946977549024623E+00
      6827   7.61004550999165190E+02   7.31000315527727018E+00
      6828   7.61154060734135442E+02   7.31053641962895728E+00
      6829   7.61303570469105807E+02   7.31106956859269186E+00
      6830   7.61453080204076059E+02   7.31160260221583069E+00
      6831   7.61602589939046538E+02   7.31213552054570570E+00
      6832   7.61752099674016790E+02   7.31266832362961772E+00
      6833   7.61901609408987156E+02   7.31320101151484270E+00
      6834   7.62051119143957521E+02   7.31373358424862463E+00
      6835   7.62200628878927887E+02   7.31426604187818352E+00
      6836   7.62350138613898139E+02   7.31479838445071096E+00
      6837   7.62499648348868391E+02   7.31533061201337009E+00
      6838   7.62649158083838756E+02   7.31586272461329745E+00
      6839   7.62798667818809122E+02   7.31639472229760113E+00
      6840   7.62948177553779487E+02   7.31692660511336257E+00
      6841   7.63097687288749739E+02   7.31745837310763392E+00
      6842   7.63247197023720105E+02   7.31799002632743978E+00
      6843   7.63396706758690470E+02   7.31852156481978255E+00
      6844   7.63546216493660722E+02   7.31905298863162734E+00
      6845   7.63695726228631088E+02   7.31958429780992237E+00
      6846   7.63845235963601453E+02   7.32011549240157944E+00
      6847   7.63994745698571705E+02   7.32064657245348727E+00
      6848   7.64144255433542071E+02   7.32117753801250881E+00
      6849   7.64293765168512437E+02   7.32170838912547772E+00
      6850   7.64443274903482688E+02   7.32223912583919745E+00
      6851   7.64592784638453054E+02   7.32276974820044746E+00
      6852   7.64742294373423306E+02   7.32330025625598058E+00
      6853   7.64891804108393785E+02   7.32383065005252032E+00
      6854   7.65041313843364037E+02   7.32436092963676266E+00
      6855   7.65190823578334403E+02   7.32489109505537961E+00
      6856   7.65340333313304768E+02   7.32542114635500941E+00
      6857   7.65489843048275134E+02   7.32595108358226987E+00
      6858   7.65639352783245386E+02   7.32648090678374952E+00
      6859   7.65788862518215751E+02   7.32701061600600667E+00
      6860   7.65938372253186003E+02   7.32754021129557653E+00
      6861   7.66087881988156369E+02   7.32806969269896502E+00
      6862   7.66237391723126734E+02   7.32859906026265229E+00
      6863   7.66386901458097100E+02   7.32912831403309095E+00
      6864   7.66536411193067352E+02   7.32965745447601780E+00
      6865   7.66685920928037717E+02   7.33018648087386726E+00
      6866   7.66835430663007969E+02   7.33071539361756752E+00
      6867   7.66984940397978335E+02   7.33124419275346195E+00
      6868   7.67134450132948700E+02   7.33177287832786817E+00
      6869   7.67283959867918952E+02   7.33230145038707537E+00
      6870   7.67433469602889318E+02   7.33282990897734877E+00
      6871   7.67582979337859570E+02   7.33335825414492248E+00
      6872   7.67732489072829935E+02   7.33388648593600756E+00
      6873   7.67881998807800301E+02   7.33441460439678572E+00
      6874   7.68031508542770666E+02   7.33494260957341382E+00
      6875   7.68181018277741032E+02   7.33547050151202029E+00
      6876   7.68330528012711284E+02   7.33599828025870426E+00
      6877   7.68480037747681649E+02   7.33652594585954620E+00
      6878   7.68629547482651901E+02   7.33705349836059018E+00
      6879   7.68779057217622267E+02   7.33758093780785980E+00
      6880   7.68928566952592632E+02   7.33810826424735030E+00
      6881   7.69078076687562884E+02   7.33863547772502933E+00
      6882   7.69227586422533250E+02   7.33916257828683882E+00
      6883   7.69377096157503615E+02   7.33968956597869315E+00
      6884   7.69526605892473867E+02   7.34021644084648095E+00
      6885   7.69676115627444233E+02   7.34074320293606419E+00
      6886   7.69825625362414598E+02   7.34126985229327733E+00
      6887   7.69975135097384964E+02   7.34179638896392905E+00
      6888   7.70124644832355216E+02   7.34232281299380141E+00
      6889   7.70274154567325581E+02   7.34284912442864979E+00
      6890   7.70423664302295947E+02   7.34337532331420206E+00
      6891   7.70573174037266199E+02   7.34390140969616123E+00
      6892   7.70722683772236564E+02   7.34442738362020364E+00
      6893   7.70872193507206930E+02   7.34495324513197811E+00
      6894   7.71021703242177182E+02   7.34547899427710771E+00
      6895   7.71171212977147547E+02   7.34600463110118973E+00
      6896   7.71320722712117913E+02   7.34653015564979128E+00
      6897   7.71470232447088279E+02   7.34705556796846082E+00
      6898   7.71619742182058530E+02   7.34758086810271216E+00
      6899   7.71769251917028782E+02   7.34810605609803780E+00
      6900   7.71918761651999148E+02   7.34863113199990092E+00
      6901   7.72068271386969514E+02   7.34915609585374163E+00
      6902   7.72217781121939879E+02   7.34968094770497160E+00
      6903   7.72367290856910245E+02   7.35020568759897674E+00
      6904   7.72516800591880610E+02   7.35073031558111722E+00
      6905   7.72669774215760185E+02   7.35126698252673361E+00
      6906   7.72822747839639760E+02   7.35180353241078333E+00
      6907   7.72975721463519449E+02   7.35233996528176625E+00
      6908   7.73128695087399024E+02   7.35287628118815562E+00
      6909   7.73281668711278712E+02   7.35341248017839355E+00
      6910   7.73434642335158287E+02   7.35394856230089466E+00
      6911   7.73587615959037976E+02   7.35448452760404781E+00
      6912   7.73740589582917551E+02   7.35502037613620807E+00
      6913   7.73893563206797239E+02   7.35555610794570569E+00
      6914   7.74046536830676928E+02   7.35609172308084158E+00
      6915   7.74199510454556503E+02   7.35662722158988824E+00
      6916   7.74352484078436191E+02   7.35716260352108886E+00
      6917   7.74505457702315766E+02   7.35769786892265731E+00
      6918   7.74658431326195455E+02   7.35823301784278438E+00
      6919   7.74811404950075030E+02   7.35876805032962444E+00
      6920   7.74964378573954718E+02   7.35930296643131054E+00
      6921   7.75117352197834407E+02   7.35983776619594199E+00
      6922   7.75270325821713982E+02   7.36037244967159410E+00
      6923   7.75423299445593557E+02   7.36090701690631022E+00
      6924   7.75576273069473245E+02   7.36144146794810705E+00
      6925   7.75729246693352820E+02   7.36197580284497555E+00
      6926   7.75882220317232509E+02   7.36251002164487378E+00
      6927   7.76035193941112198E+02   7.36304412439573408E+00
      6928   7.76188167564991772E+02   7.36357811114546035E+00
      6929   7.76341141188871461E+02   7.36411198194192718E+00
      6930   7.76494114812751036E+02   7.36464573683298429E+00
      6931   7.76647088436630725E+02   7.36517937586644944E+00
      6932   7.76800062060510299E+02   7.36571289909011373E+00
      6933   7.76953035684389988E+02   7.36624630655173984E+00
      6934   7.77106009308269563E+02   7.36677959829906470E+00
      6935   7.77258982932149252E+02   7.36731277437979326E+00
      6936   7.77411956556028940E+02   7.36784583484160649E+00
      6937   7.77564930179908515E+02   7.36837877973215249E+00
      6938   7.77717903803788204E+02   7.36891160909905718E+00
      6939   7.77870877427667779E+02   7.36944432303820030E+00
      6940   7.78023851051547467E+02   7.36997692149982697E+00
      6941   7.78176824675427042E+02   7.37050940458051151E+00
      6942   7.78329798299306731E+02   7.37104177232776525E+00
      6943   7.78482771923186306E+02   7.37157402478907198E+00
      6944   7.78635745547065994E+02   7.37210616201188618E+00
      6945   7.78788719170945683E+02   7.37263818404363747E+00
      6946   7.78941692794825258E+02   7.37317009093172349E+00
      6947   7.79094666418704946E+02   7.37370188272351701E+00
      6948   7.79247640042584521E+02   7.37423355946636327E+00
      6949   7.79400613666464210E+02   7.37476512120757732E+00
      6950   7.79553587290343785E+02   7.37529656799444933E+00
      6951   7.79706560914223473E+02   7.37582789987424103E+00
      6952   7.79859534538103048E+02   7.37635911689418400E+00
      6953   7.80012508161982737E+02   7.37689021910148490E+00
      6954   7.80165481785862312E+02   7.37742120654332290E+00
      6955   7.80318455409741887E+02   7.37795207926684693E+00
      6956   7.80471429033621689E+02   7.37848283731918109E+00
      6957   7.80624402657501264E+02   7.37901348074742014E+00
      6958   7.80777376281380839E+02   7.37954400959863488E+00
      6959   7.80930349905260528E+02   7.38007442391986146E+00
      6960   7.81083323529140102E+02   7.38060472375811383E+00
      6961   7.81236297153019791E+02   7.38113490916037840E+00
      6962   7.81389270776899366E+02   7.38166498017361405E+00
      6963   7.81542244400779055E+02   7.38219493684474948E+00
      6964   7.81695218024658743E+02   7.38272477922068848E+00
      6965   7.81848191648538318E+02   7.38325450734830824E+00
      6966   7.82001165272418007E+02   7.38378412127445483E+00
      6967   7.82154138896297582E+02   7.38431362104594857E+00
      6968   7.82307112520177157E+02   7.38484300670958671E+00
      6969   7.82460086144056845E+02   7.38537227831213272E+00
      6970   7.82613059767936534E+02   7.38590143590032611E+00
      6971   7.82766033391816109E+02   7.38643047952087972E+00
      6972   7.82919007015695797E+02   7.38695940922047800E+00
      6973   7.83071980639575372E+02   7.38748822504577696E+00
      6974   7.83224954263455061E+02   7.38801692704340862E+00
      6975   7.83377927887334636E+02   7.38854551525997483E+00
      6976   7.83530901511214324E+02   7.38907398974205165E+00
      6977   7.83683875135093899E+02   7.38960235053618764E+00
      6978   7.83836848758973588E+02   7.39013059768890557E+00
      6979   7.83989822382853163E+02   7.39065873124669803E+00
      6980   7.84142796006732851E+02   7.39118675125603453E+00
      6981   7.84295769630612540E+02   7.39171465776335346E+00
      6982   7.84448743254492115E+02   7.39224245081506925E+00
      6983   7.84601716878371803E+02   7.39277013045756792E+00
      6984   7.84754690502251378E+02   7.39329769673720971E+00
      6985   7.84907664126131067E+02   7.39382514970032645E+00
      6986   7.85060637750010642E+02   7.39435248938745904E+00
      6987   7.85213611373890330E+02   7.39487971585651582E+00
      6988   7.85366584997769905E+02   7.39540682914788228E+00
      6989   7.85519558621649594E+02   7.39593382930778453E+00
      6990   7.85672532245529169E+02   7.39646071638241942E+00
      6991   7.85825505869408858E+02   7.39698749041795800E+00
      6992   7.85978479493288546E+02   7.39751415146054558E+00
      6993   7.86131453117168121E+02   7.39804069955629906E+00
      6994   7.86284426741047696E+02   7.39856713475130956E+00
      6995   7.86437400364927385E+02   7.39909345709163979E+00
      6996   7.86590373988807073E+02   7.39961966662332848E+00
      6997   7.86743347612686762E+02   7.40014576339238506E+00
      6998   7.86896321236566337E+02   7.40067174744479495E+00
      6999   7.87049294860446025E+02   7.40119761882651339E+00
      7000   7.87202268484325600E+02   7.40172337758347165E+00
      7001   7.87355242108205289E+02   7.40224902376157434E+00
      7002   7.87508215732084864E+02   7.40277455740669676E+00
      7003   7.87661189355964552E+02   7.40329997856469202E+00
      7004   7.87814162979844127E+02   7.40382528728138301E+00
      7005   7.87967136603723816E+02   7.40435048360256776E+00
      7006   7.88120110227603504E+02   7.40487556757401766E+00
      7007   7.88273083851483079E+02   7.40540053924147657E+00
      7008   7.88426057475362654E+02   7.40592539865066346E+00
      7009   7.88579031099242343E+02   7.40645014584726802E+00
      7010   7.88732004723121918E+02   7.40697478087695860E+00
      7011   7.88884978347001606E+02   7.40749930378537069E+00
      7012   7.89037951970881295E+02   7.40802371461812026E+00
      7013   7.89190925594760870E+02   7.40854801342079039E+00
      7014   7.89343899218640559E+02   7.40907220023894109E+00
      7015   7.89496872842520133E+02   7.40959627511810748E+00
      7016   7.89649846466399822E+02   7.41012023810379450E+00
      7017   7.89802820090279397E+02   7.41064408924148488E+00
      7018   7.89955793714159086E+02   7.41116782857663203E+00
      7019   7.90108767338038774E+02   7.41169145615466363E+00
      7020   7.90261740961918349E+02   7.41221497202098334E+00
      7021   7.90414714585798038E+02   7.41273837622096465E+00
      7022   7.90571232351062349E+02   7.41327379128559372E+00
      7023   7.90727750116326888E+02   7.41380908954572604E+00
      7024   7.90884267881591313E+02   7.41434427104988014E+00
      7025   7.91040785646855738E+02   7.41487933584654613E+00
      7026   7.91197303412120277E+02   7.41541428398418390E+00
      7027   7.91353821177384702E+02   7.41594911551122582E+00
      7028   7.91510338942649128E+02   7.41648383047607584E+00
      7029   7.91666856707913666E+02   7.41701842892711039E+00
      7030   7.91823374473178092E+02   7.41755291091267388E+00
      7031   7.91979892238442517E+02   7.41808727648108590E+00
      7032   7.92136410003706942E+02   7.41862152568063582E+00
      7033   7.92292927768971481E+02   7.41915565855958459E+00
      7034   7.92449445534235906E+02   7.41968967516616651E+00
      7035   7.92605963299500331E+02   7.42022357554858569E+00
      7036   7.92762481064764870E+02   7.42075735975501694E+00
      7037   7.92918998830029295E+02   7.42129102783360839E+00
      7038   7.93075516595293720E+02   7.42182457983248067E+00
      7039   7.93232034360558259E+02   7.42235801579972332E+00
      7040   7.93388552125822685E+02   7.42289133578339921E+00
      7041   7.93545069891087110E+02   7.42342453983154371E+00
      7042   7.93701587656351535E+02   7.42395762799216197E+00
      7043   7.93858105421616074E+02   7.42449060031323338E+00
      7044   7.94014623186880613E+02   7.42502345684270715E+00
      7045   7.94171140952145038E+02   7.42555619762850316E+00
      7046   7.94327658717409463E+02   7.42608882271851822E+00
      7047   7.94484176482673888E+02   7.42662133216061449E+00
      7048   7.94640694247938427E+02   7.42715372600263102E+00
      7049   7.94797212013202738E+02   7.42768600429237669E+00
      7050   7.94953729778467277E+02   7.42821816707763194E+00
      7051   7.95110247543731703E+02   7.42875021440614969E+00
      7052   7.95266765308996128E+02   7.42928214632565620E+00
      7053   7.95423283074260667E+02   7.42981396288384843E+00
      7054   7.95579800839525092E+02   7.43034566412839315E+00
      7055   7.95736318604789517E+02   7.43087725010693401E+00
      7056   7.95892836370054056E+02   7.43140872086708182E+00
      7057   7.96049354135318481E+02   7.43194007645642341E+00
      7058   7.96205871900583020E+02   7.43247131692251539E+00
      7059   7.96362389665847331E+02   7.43300244231288687E+00
      7060   7.96518907431111870E+02   7.43353345267504118E+00
      7061   7.96675425196376409E+02   7.43406434805645056E+00
      7062   7.96831942961640834E+02   7.43459512850456061E+00
      7063   7.96988460726905259E+02   7.43512579406678942E+00
      7064   7.97144978492169685E+02   7.43565634479052928E+00
      7065   7.97301496257434110E+02   7.43618678072314143E+00
      7066   7.97458014022698649E+02   7.43671710191196045E+00
      7067   7.97614531787963074E+02   7.43724730840429515E+00
      7068   7.97771049553227499E+02   7.43777740024742329E+00
      7069   7.97927567318491924E+02   7.43830737748859772E+00
      7070   7.98084085083756463E+02   7.43883724017504377E+00
      7071   7.98240602849021002E+02   7.43936698835395660E+00
      7072   7.98397120614285313E+02   7.43989662207250557E+00
      7073   7.98553638379549852E+02   7.44042614137783342E+00
      7074   7.98710156144814277E+02   7.44095554631705269E+00
      7075   7.98866673910078816E+02   7.44148483693725105E+00
      7076   7.99023191675343242E+02   7.44201401328548595E+00
      7077   7.99179709440607667E+02   7.44254307540879090E+00
      7078   7.99336227205872092E+02   7.44307202335416829E+00
      7079   7.99492744971136517E+02   7.44360085716859654E+00
      7080   7.99649262736400942E+02   7.44412957689902299E+00
      7081   7.99805780501665481E+02   7.44465818259237100E+00
      7082   7.99962298266929906E+02   7.44518667429553460E+00
      7083   8.00118816032194445E+02   7.44571505205538031E+00
      7084   8.00275333797458870E+02   7.44624331591874888E+00
      7085   8.00431851562723296E+02   7.44677146593245176E+00
      7086   8.00588369327987834E+02   7.44729950214327552E+00
      7087   8.00744887093252260E+02   7.44782742459797742E+00
      7088   8.00901404858516798E+02   7.44835523334328808E+00
      7089   8.01057922623781224E+02   7.44888292842591149E+00
      7090   8.01214440389045649E+02   7.44941050989252407E+00
      7091   8.01370958154310074E+02   7.44993797778977385E+00
      7092   8.01527475919574499E+02   7.45046533216428397E+00
      7093   8.01683993684839038E+02   7.45099257306265006E+00
      7094   8.01840511450103463E+02   7.45151970053143753E+00
      7095   8.01997029215367888E+02   7.45204671461718871E+00
      7096   8.02153546980632427E+02   7.45257361536641749E+00
      7097   8.02310064745896852E+02   7.45310040282560937E+00
      7098   8.02466582511161391E+02   7.45362707704122496E+00
      7099   8.02623100276425703E+02   7.45415363805969555E+00
      7100   8.02779618041690242E+02   7.45468008592742937E+00
      7101   8.02936135806954667E+02   7.45520642069080086E+00
      7102   8.03092653572219206E+02   7.45573264239616584E+00
      7103   8.03249171337483631E+02   7.45625875108984637E+00
      7104   8.03405689102748056E+02   7.45678474681814141E+00
      7105   8.03562206868012481E+02   7.45731062962732238E+00
      7106   8.03718724633277020E+02   7.45783639956363231E+00
      7107   8.03875242398541445E+02   7.45836205667328933E+00
      7108   8.04031760163805870E+02   7.45888760100248316E+00
      7109   8.04188277929070409E+02   7.45941303259737953E+00
      7110   8.04344795694334834E+02   7.45993835150411222E+00
      7111   8.04501313459599260E+02   7.46046355776879366E+00
      7112   8.04657831224863685E+02   7.46098865143750700E+00
      7113   8.04814348990128224E+02   7.46151363255630873E+00
      7114   8.04970866755392649E+02   7.46203850117122869E+00
      7115   8.05127384520657074E+02   7.46256325732827186E+00
      7116   8.05283902285921499E+02   7.46308790107341302E+00
      7117   8.05440420051186038E+02   7.46361243245260297E+00
      7118   8.05596937816450463E+02   7.46413685151176676E+00
      7119   8.05753455581715002E+02   7.46466115829679921E+00
      7120   8.05909973346979427E+02   7.46518535285357121E+00
      7121   8.06066491112243853E+02   7.46570943522792785E+00
      7122   8.06223008877508278E+02   7.46623340546568581E+00
      7123   8.06379526642772817E+02   7.46675726361263514E+00
      7124   8.06536044408037242E+02   7.46728100971454101E+00
      7125   8.06692562173301781E+02   7.46780464381714193E+00
      7126   8.06849079938566206E+02   7.46832816596614890E+00
      7127   8.07005597703830631E+02   7.46885157620724716E+00
      7128   8.07162115469095170E+02   7.46937487458609350E+00
      7129   8.07318633234359595E+02   7.46989806114832433E+00
      7130   8.07475150999624020E+02   7.47042113593954227E+00
      7131   8.07631668764888445E+02   7.47094409900532685E+00
      7132   8.07788186530152984E+02   7.47146695039123454E+00
      7133   8.07944704295417409E+02   7.47198969014278980E+00
      7134   8.08101222060681835E+02   7.47251231830549312E+00
      7135   8.08257739825946260E+02   7.47303483492482012E+00
      7136   8.08414257591210799E+02   7.47355724004621980E+00
      7137   8.08570775356475224E+02   7.47407953371511358E+00
      7138   8.08727293121739649E+02   7.47460171597689627E+00
      7139   8.08887437140179600E+02   7.47513588106140237E+00
      7140   8.09047581158619664E+02   7.47566992961283372E+00
      7141   8.09207725177059615E+02   7.47620386167972750E+00
      7142   8.09367869195499679E+02   7.47673767731059691E+00
      7143   8.09528013213939516E+02   7.47727137655392493E+00
      7144   8.09688157232379581E+02   7.47780495945816437E+00
      7145   8.09848301250819532E+02   7.47833842607174049E+00
      7146   8.10008445269259596E+02   7.47887177644305190E+00
      7147   8.10168589287699547E+02   7.47940501062046614E+00
      7148   8.10328733306139497E+02   7.47993812865232321E+00
      7149   8.10488877324579448E+02   7.48047113058693380E+00
      7150   8.10649021343019513E+02   7.48100401647258462E+00
      7151   8.10809165361459463E+02   7.48153678635752684E+00
      7152   8.10969309379899528E+02   7.48206944028998766E+00
      7153   8.11129453398339479E+02   7.48260197831816676E+00
      7154   8.11289597416779429E+02   7.48313440049023182E+00
      7155   8.11449741435219380E+02   7.48366670685432567E+00
      7156   8.11609885453659331E+02   7.48419889745856004E+00
      7157   8.11770029472099395E+02   7.48473097235102092E+00
      7158   8.11930173490539346E+02   7.48526293157976497E+00
      7159   8.12090317508979297E+02   7.48579477519281955E+00
      7160   8.12250461527419361E+02   7.48632650323818538E+00
      7161   8.12410605545859198E+02   7.48685811576383564E+00
      7162   8.12570749564299263E+02   7.48738961281771243E+00
      7163   8.12730893582739327E+02   7.48792099444773207E+00
      7164   8.12891037601179278E+02   7.48845226070178160E+00
      7165   8.13051181619619229E+02   7.48898341162772141E+00
      7166   8.13211325638059179E+02   7.48951444727338345E+00
      7167   8.13371469656499130E+02   7.49004536768656948E+00
      7168   8.13531613674939194E+02   7.49057617291505640E+00
      7169   8.13691757693379145E+02   7.49110686300658912E+00
      7170   8.13851901711819210E+02   7.49163743800889126E+00
      7171   8.14012045730259160E+02   7.49216789796964999E+00
      7172   8.14172189748699111E+02   7.49269824293653208E+00
      7173   8.14332333767139176E+02   7.49322847295717143E+00
      7174   8.14492477785579126E+02   7.49375858807917616E+00
      7175   8.14652621804019077E+02   7.49428858835012512E+00
      7176   8.14812765822459028E+02   7.49481847381757227E+00
      7177   8.14972909840899092E+02   7.49534824452904225E+00
      7178   8.15133053859339043E+02   7.49587790053202774E+00
      7179   8.15293197877778994E+02   7.49640744187400010E+00
      7180   8.15453341896219058E+02   7.49693686860240049E+00
      7181   8.15613485914658895E+02   7.49746618076464078E+00
      7182   8.15773629933098846E+02   7.49799537840810704E+00
      7183   8.15933773951538910E+02   7.49852446158015695E+00
      7184   8.16093917969978861E+02   7.49905343032812155E+00
      7185   8.16254061988418925E+02   7.49958228469930077E+00
      7186   8.16414206006858876E+02   7.50011102474097235E+00
      7187   8.16574350025298827E+02   7.50063965050038117E+00
      7188   8.16734494043738891E+02   7.50116816202474812E+00
      7189   8.16894638062178842E+02   7.50169655936126478E+00
      7190   8.17054782080618793E+02   7.50222484255709610E+00
      7191   8.17214926099058857E+02   7.50275301165937947E+00
      7192   8.17375070117498808E+02   7.50328106671522210E+00
      7193   8.17535214135938759E+02   7.50380900777170901E+00
      7194   8.17695358154378823E+02   7.50433683487589320E+00
      7195   8.17855502172818774E+02   7.50486454807480197E+00
      7196   8.18015646191258725E+02   7.50539214741543503E+00
      7197   8.18175790209698675E+02   7.50591963294476550E+00
      7198   8.18335934228138626E+02   7.50644700470973802E+00
      7199   8.18496078246578691E+02   7.50697426275727064E+00
      7200   8.18656222265018641E+02   7.50750140713425207E+00
      7201   8.18816366283458592E+02   7.50802843788754792E+00
      7202   8.18976510301898657E+02   7.50855535506399274E+00
      7203   8.19136654320338607E+02   7.50908215871039442E+00
      7204   8.19296798338778558E+02   7.50960884887353508E+00
      7205   8.19456942357218622E+02   7.51013542560017022E+00
      7206   8.19617086375658573E+02   7.51066188893702336E+00
      7207   8.19777230394098638E+02   7.51118823893079668E+00
      7208   8.19937374412538588E+02   7.51171447562816219E+00
      7209   8.20097518430978539E+02   7.51224059907576613E+00
      7210   8.20257662449418490E+02   7.51276660932022544E+00
      7211   8.20417806467858554E+02   7.51329250640813218E+00
      7212   8.20577950486298391E+02   7.51381829038605087E+00
      7213   8.20738094504738456E+02   7.51434396130051852E+00
      7214   8.20898238523178406E+02   7.51486951919804547E+00
      7215   8.21058382541618471E+02   7.51539496412511543E+00
      7216   8.21218526560058308E+02   7.51592029612818280E+00
      7217   8.21378670578498372E+02   7.51644551525367799E+00
      7218   8.21538814596938323E+02   7.51697062154800300E+00
      7219   8.21698958615378388E+02   7.51749561505753494E+00
      7220   8.21859102633818338E+02   7.51802049582861986E+00
      7221   8.22019246652258289E+02   7.51854526390758071E+00
      7222   8.22179390670698240E+02   7.51906991934071200E+00
      7223   8.22339534689138304E+02   7.51959446217428251E+00
      7224   8.22499678707578255E+02   7.52011889245453169E+00
      7225   8.22659822726018206E+02   7.52064321022767679E+00
      7226   8.22819966744458270E+02   7.52116741553990131E+00
      7227   8.22980110762898221E+02   7.52169150843737011E+00
      7228   8.23140254781338285E+02   7.52221548896621606E+00
      7229   8.23300398799778236E+02   7.52273935717254449E+00
      7230   8.23460542818218187E+02   7.52326311310243945E+00
      7231   8.23620686836658251E+02   7.52378675680195386E+00
      7232   8.23780830855098202E+02   7.52431028831711401E+00
      7233   8.23940974873538039E+02   7.52483370769392135E+00
      7234   8.24101118891978103E+02   7.52535701497835241E+00
      7235   8.24261262910418054E+02   7.52588021021635178E+00
      7236   8.24421406928858119E+02   7.52640329345384274E+00
      7237   8.24581550947297956E+02   7.52692626473671922E+00
      7238   8.24741694965738020E+02   7.52744912411084854E+00
      7239   8.24901838984177971E+02   7.52797187162207404E+00
      7240   8.25061983002618035E+02   7.52849450731620884E+00
      7241   8.25222127021057986E+02   7.52901703123904209E+00
      7242   8.25382271039497937E+02   7.52953944343633896E+00
      7243   8.25542415057938001E+02   7.53006174395383265E+00
      7244   8.25702559076377952E+02   7.53058393283723149E+00
      7245   8.25862703094817903E+02   7.53110601013222158E+00
      7246   8.26022847113257853E+02   7.53162797588445709E+00
      7247   8.26182991131697804E+02   7.53214983013957085E+00
      7248   8.26343135150137869E+02   7.53267157294316458E+00
      7249   8.26503279168577933E+02   7.53319320434081874E+00
      7250   8.26663423187017770E+02   7.53371472437808265E+00
      7251   8.26823567205457834E+02   7.53423613310048346E+00
      7252   8.26983711223897899E+02   7.53475743055351810E+00
      7253   8.27143855242337736E+02   7.53527861678266220E+00
      7254   8.27303999260777800E+02   7.53579969183336029E+00
      7255   8.27464143279217751E+02   7.53632065575103471E+00
      7256   8.27627997565015676E+02   7.53685357454815819E+00
      7257   8.27791851850813487E+02   7.53738637709919246E+00
      7258   8.27955706136611525E+02   7.53791906345270313E+00
      7259   8.28119560422409450E+02   7.53845163365722559E+00
      7260   8.28283414708207260E+02   7.53898408776127216E+00
      7261   8.28447268994005185E+02   7.53951642581332138E+00
      7262   8.28611123279803110E+02   7.54004864786182605E+00
      7263   8.28774977565601034E+02   7.54058075395521055E+00
      7264   8.28938831851398959E+02   7.54111274414186905E+00
      7265   8.29102686137196770E+02   7.54164461847016820E+00
      7266   8.29266540422994808E+02   7.54217637698844889E+00
      7267   8.29430394708792733E+02   7.54270801974501648E+00
      7268   8.29594248994590544E+02   7.54323954678815678E+00
      7269   8.29758103280388468E+02   7.54377095816612098E+00
      7270   8.29921957566186279E+02   7.54430225392713538E+00
      7271   8.30085811851984317E+02   7.54483343411939433E+00
      7272   8.30249666137782128E+02   7.54536449879106907E+00
      7273   8.30413520423580167E+02   7.54589544799029710E+00
      7274   8.30577374709378091E+02   7.54642628176519104E+00
      7275   8.30741228995176016E+02   7.54695700016383508E+00
      7276   8.30905083280973827E+02   7.54748760323428325E+00
      7277   8.31068937566771638E+02   7.54801809102456467E+00
      7278   8.31232791852569676E+02   7.54854846358267739E+00
      7279   8.31396646138367487E+02   7.54907872095659194E+00
      7280   8.31560500424165411E+02   7.54960886319425217E+00
      7281   8.31724354709963336E+02   7.55013889034357266E+00
      7282   8.31888208995761261E+02   7.55066880245243954E+00
      7283   8.32052063281559185E+02   7.55119859956871142E+00
      7284   8.32215917567356996E+02   7.55172828174021937E+00
      7285   8.32379771853155034E+02   7.55225784901476604E+00
      7286   8.32543626138952845E+02   7.55278730144012656E+00
      7287   8.32707480424750770E+02   7.55331663906404671E+00
      7288   8.32871334710548695E+02   7.55384586193424568E+00
      7289   8.33035188996346619E+02   7.55437497009841508E+00
      7290   8.33199043282144544E+02   7.55490396360421723E+00
      7291   8.33362897567942468E+02   7.55543284249928782E+00
      7292   8.33526751853740279E+02   7.55596160683123319E+00
      7293   8.33690606139538204E+02   7.55649025664763396E+00
      7294   8.33854460425336129E+02   7.55701879199604143E+00
      7295   8.34018314711134053E+02   7.55754721292398024E+00
      7296   8.34182168996931978E+02   7.55807551947894485E+00
      7297   8.34346023282729902E+02   7.55860371170840573E+00
      7298   8.34509877568527713E+02   7.55913178965980226E+00
      7299   8.34673731854325752E+02   7.55965975338054896E+00
      7300   8.34837586140123676E+02   7.56018760291803016E+00
      7301   8.35001440425921601E+02   7.56071533831960441E+00
      7302   8.35165294711719412E+02   7.56124295963260007E+00
      7303   8.35329148997517336E+02   7.56177046690432242E+00
      7304   8.35493003283315147E+02   7.56229786018204475E+00
      7305   8.35656857569113185E+02   7.56282513951301461E+00
      7306   8.35820711854910996E+02   7.56335230494445288E+00
      7307   8.35984566140709035E+02   7.56387935652355115E+00
      7308   8.36148420426506959E+02   7.56440629429747524E+00
      7309   8.36312274712304770E+02   7.56493311831336079E+00
      7310   8.36476128998102581E+02   7.56545982861832034E+00
      7311   8.36639983283900619E+02   7.56598642525943532E+00
      7312   8.36803837569698430E+02   7.56651290828376055E+00
      7313   8.36967691855496355E+02   7.56703927773832419E+00
      7314   8.37131546141294280E+02   7.56756553367012863E+00
      7315   8.37295400427092204E+02   7.56809167612614342E+00
      7316   8.37459254712890015E+02   7.56861770515331589E+00
      7317   8.37623108998688053E+02   7.56914362079856673E+00
      7318   8.37786963284485978E+02   7.56966942310878554E+00
      7319   8.37950817570283903E+02   7.57019511213083529E+00
      7320   8.38114671856081827E+02   7.57072068791155495E+00
      7321   8.38278526141879638E+02   7.57124615049775240E+00
      7322   8.38442380427677563E+02   7.57177149993621068E+00
      7323   8.38606234713475487E+02   7.57229673627368616E+00
      7324   8.38770088999273298E+02   7.57282185955690501E+00
      7325   8.38933943285071223E+02   7.57334686983256944E+00
      7326   8.39097797570869261E+02   7.57387176714735322E+00
      7327   8.39261651856667072E+02   7.57439655154790525E+00
      7328   8.39425506142464997E+02   7.57492122308084070E+00
      7329   8.39589360428262808E+02   7.57544578179275518E+00
      7330   8.39753214714060846E+02   7.57597022773021589E+00
      7331   8.39917068999858770E+02   7.57649456093975893E+00
      7332   8.40080923285656581E+02   7.57701878146789731E+00
      7333   8.40244777571454620E+02   7.57754288936111653E+00
      7334   8.40408631857252431E+02   7.57806688466587275E+00
      7335   8.40572486143050355E+02   7.57859076742859727E+00
      7336   8.40736340428848280E+02   7.57911453769569654E+00
      7337   8.40900194714646204E+02   7.57963819551354590E+00
      7338   8.41064049000444129E+02   7.58016174092849671E+00
      7339   8.41227903286241940E+02   7.58068517398687103E+00
      7340   8.41391757572039978E+02   7.58120849473496783E+00
      7341   8.41555611857837789E+02   7.58173170321905410E+00
      7342   8.41719466143635714E+02   7.58225479948537728E+00
      7343   8.41883320429433638E+02   7.58277778358015109E+00
      7344   8.42047174715231563E+02   7.58330065554956523E+00
      7345   8.42211029001029374E+02   7.58382341543978544E+00
      7346   8.42374883286827412E+02   7.58434606329694461E+00
      7347   8.42538737572625223E+02   7.58486859916715606E+00
      7348   8.42702591858423148E+02   7.58539102309650026E+00
      7349   8.42866446144221072E+02   7.58591333513103550E+00
      7350   8.43030300430018997E+02   7.58643553531679071E+00
      7351   8.43194154715816808E+02   7.58695762369977000E+00
      7352   8.43358009001614732E+02   7.58747960032594992E+00
      7353   8.43521863287412771E+02   7.58800146524128216E+00
      7354   8.43685717573210582E+02   7.58852321849168909E+00
      7355   8.43849571859008506E+02   7.58904486012306823E+00
      7356   8.44013426144806317E+02   7.58956639018128953E+00
      7357   8.44177280430604355E+02   7.59008780871220079E+00
      7358   8.44341134716402166E+02   7.59060911576161690E+00
      7359   8.44504989002200091E+02   7.59113031137533145E+00
      7360   8.44668843287998016E+02   7.59165139559910784E+00
      7361   8.44832697573795940E+02   7.59217236847868726E+00
      7362   8.44996551859593751E+02   7.59269323005977892E+00
      7363   8.45160406145391789E+02   7.59321398038807427E+00
      7364   8.45324260431189714E+02   7.59373461950922746E+00
      7365   8.45488114716987639E+02   7.59425514746887576E+00
      7366   8.45651969002785449E+02   7.59477556431262624E+00
      7367   8.45815823288583374E+02   7.59529587008605933E+00
      7368   8.45979677574381299E+02   7.59581606483473148E+00
      7369   8.46143531860179223E+02   7.59633614860416895E+00
      7370   8.46307386145977148E+02   7.59685612143987665E+00
      7371   8.46471240431774959E+02   7.59737598338733022E+00
      7372   8.46635094717572883E+02   7.59789573449198041E+00
      7373   8.46802745231378367E+02   7.59842741267766009E+00
      7374   8.46970395745183851E+02   7.59895897492113637E+00
      7375   8.47138046258989334E+02   7.59949042127100682E+00
      7376   8.47305696772794818E+02   7.60002175177584238E+00
      7377   8.47473347286600188E+02   7.60055296648418643E+00
      7378   8.47640997800405671E+02   7.60108406544454684E+00
      7379   8.47808648314211155E+02   7.60161504870541105E+00
      7380   8.47976298828016638E+02   7.60214591631523451E+00
      7381   8.48143949341822122E+02   7.60267666832244338E+00
      7382   8.48311599855627492E+02   7.60320730477543716E+00
      7383   8.48479250369433089E+02   7.60373782572258872E+00
      7384   8.48646900883238459E+02   7.60426823121223627E+00
      7385   8.48814551397044056E+02   7.60479852129269673E+00
      7386   8.48982201910849426E+02   7.60532869601225414E+00
      7387   8.49149852424654910E+02   7.60585875541916501E+00
      7388   8.49317502938460393E+02   7.60638869956166097E+00
      7389   8.49485153452265877E+02   7.60691852848794081E+00
      7390   8.49652803966071360E+02   7.60744824224617577E+00
      7391   8.49820454479876730E+02   7.60797784088451312E+00
      7392   8.49988104993682214E+02   7.60850732445106637E+00
      7393   8.50155755507487697E+02   7.60903669299392593E+00
      7394   8.50323406021293067E+02   7.60956594656114849E+00
      7395   8.50491056535098664E+02   7.61009508520076761E+00
      7396   8.50658707048904034E+02   7.61062410896078756E+00
      7397   8.50826357562709518E+02   7.61115301788918241E+00
      7398   8.50994008076515001E+02   7.61168181203389871E+00
      7399   8.51161658590320485E+02   7.61221049144285988E+00
      7400   8.51329309104125855E+02   7.61273905616395297E+00
      7401   8.51496959617931452E+02   7.61326750624504189E+00
      7402   8.51664610131736822E+02   7.61379584173396484E+00
      7403   8.51832260645542306E+02   7.61432406267852713E+00
      7404   8.51999911159347789E+02   7.61485216912651097E+00
      7405   8.52167561673153273E+02   7.61538016112566396E+00
      7406   8.52335212186958756E+02   7.61590803872371058E+00
      7407   8.52502862700764240E+02   7.61643580196834957E+00
      7408   8.52670513214569610E+02   7.61696345090724858E+00
      7409   8.52838163728375207E+02   7.61749098558804683E+00
      7410   8.53005814242180577E+02   7.61801840605835512E+00
      7411   8.53173464755986060E+02   7.61854571236576383E+00
      7412   8.53341115269791544E+02   7.61907290455782427E+00
      7413   8.53508765783597028E+02   7.61959998268206817E+00
      7414   8.53676416297402398E+02   7.62012694678599711E+00
      7415   8.53844066811207881E+02   7.62065379691708422E+00
      7416   8.54011717325013365E+02   7.62118053312277777E+00
      7417   8.54179367838818735E+02   7.62170715545049493E+00
      7418   8.54347018352624218E+02   7.62223366394762714E+00
      7419   8.54514668866429815E+02   7.62276005866153739E+00
      7420   8.54682319380235185E+02   7.62328633963956204E+00
      7421   8.54849969894040669E+02   7.62381250692900991E+00
      7422   8.55017620407846152E+02   7.62433856057716142E+00
      7423   8.55185270921651636E+02   7.62486450063126942E+00
      7424   8.55352921435457006E+02   7.62539032713856013E+00
      7425   8.55520571949262603E+02   7.62591604014623403E+00
      7426   8.55688222463067973E+02   7.62644163970145872E+00
      7427   8.55855872976873570E+02   7.62696712585137870E+00
      7428   8.56023523490678940E+02   7.62749249864311185E+00
      7429   8.56191174004484424E+02   7.62801775812374672E+00
      7430   8.56358824518289794E+02   7.62854290434034432E+00
      7431   8.56526475032095391E+02   7.62906793733993727E+00
      7432   8.56694125545900874E+02   7.62959285716953417E+00
      7433   8.56861776059706244E+02   7.63011766387611523E+00
      7434   8.57029426573511728E+02   7.63064235750663045E+00
      7435   8.57197077087317211E+02   7.63116693810800761E+00
      7436   8.57364727601122695E+02   7.63169140572714255E+00
      7437   8.57532378114928065E+02   7.63221576041090710E+00
      7438   8.57700028628733548E+02   7.63274000220614468E+00
      7439   8.57867679142539032E+02   7.63326413115967028E+00
      7440   8.58035329656344516E+02   7.63378814731827404E+00
      7441   8.58202980170149999E+02   7.63431205072871855E+00
      7442   8.58370630683955483E+02   7.63483584143773797E+00
      7443   8.58538281197760966E+02   7.63535951949204161E+00
      7444   8.58705931711566336E+02   7.63588308493831125E+00
      7445   8.58873582225371820E+02   7.63640653782319667E+00
      7446   8.59041232739177303E+02   7.63692987819332725E+00
      7447   8.59208883252982673E+02   7.63745310609530303E+00
      7448   8.59376533766788270E+02   7.63797622157569744E+00
      7449   8.59544184280593754E+02   7.63849922468105635E+00
      7450   8.59711834794399124E+02   7.63902211545789900E+00
      7451   8.59879485308204721E+02   7.63954489395271619E+00
      7452   8.60047135822010091E+02   7.64006756021197297E+00
      7453   8.60214786335815461E+02   7.64059011428211043E+00
      7454   8.60382436849621058E+02   7.64111255620953767E+00
      7455   8.60550087363426542E+02   7.64163488604064245E+00
      7456   8.60717737877231912E+02   7.64215710382177882E+00
      7457   8.60885388391037509E+02   7.64267920959928215E+00
      7458   8.61053038904842879E+02   7.64320120341945408E+00
      7459   8.61220689418648362E+02   7.64372308532857314E+00
      7460   8.61388339932453846E+02   7.64424485537289122E+00
      7461   8.61555990446259329E+02   7.64476651359863268E+00
      7462   8.61723640960064813E+02   7.64528806005199524E+00
      7463   8.61891291473870183E+02   7.64580949477914906E+00
      7464   8.62058941987675666E+02   7.64633081782623858E+00
      7465   8.62226592501481150E+02   7.64685202923938334E+00
      7466   8.62394243015286634E+02   7.64737312906467359E+00
      7467   8.62561893529092117E+02   7.64789411734817559E+00
      7468   8.62729544042897601E+02   7.64841499413592452E+00
      7469   8.62897194556702971E+02   7.64893575947393423E+00
      7470   8.63064845070508454E+02   7.64945641340818927E+00
      7471   8.63232495584313938E+02   7.64997695598464933E+00
      7472   8.63400146098119421E+02   7.65049738724924566E+00
      7473   8.63567796611924791E+02   7.65101770724788466E+00
      7474   8.63735447125730275E+02   7.65153791602644606E+00
      7475   8.63903097639535758E+02   7.65205801363078120E+00
      7476   8.64070748153341242E+02   7.65257800010672007E+00
      7477   8.64238398667146726E+02   7.65309787550005982E+00
      7478   8.64406049180952095E+02   7.65361763985657717E+00
      7479   8.64573699694757579E+02   7.65413729322201686E+00
      7480   8.64741350208563176E+02   7.65465683564210320E+00
      7481   8.64909000722368546E+02   7.65517626716252764E+00
      7482   8.65076651236174030E+02   7.65569558782896298E+00
      7483   8.65244301749979513E+02   7.65621479768705004E+00
      7484   8.65411952263784997E+02   7.65673389678240568E+00
      7485   8.65579602777590367E+02   7.65725288516062008E+00
      7486   8.65747253291395964E+02   7.65777176286725769E+00
      7487   8.65914903805201334E+02   7.65829052994785631E+00
      7488   8.66082554319006817E+02   7.65880918644792708E+00
      7489   8.66250204832812301E+02   7.65932773241295628E+00
      7490   8.66421739526838564E+02   7.65985817785653733E+00
      7491   8.66593274220864942E+02   7.66038850768017898E+00
      7492   8.66764808914891319E+02   7.66091872193251611E+00
      7493   8.66936343608917582E+02   7.66144882066215871E+00
      7494   8.67107878302943959E+02   7.66197880391768482E+00
      7495   8.67279412996970336E+02   7.66250867174764494E+00
      7496   8.67450947690996600E+02   7.66303842420056203E+00
      7497   8.67622482385022977E+02   7.66356806132493151E+00
      7498   8.67794017079049240E+02   7.66409758316921597E+00
      7499   8.67965551773075617E+02   7.66462698978185486E+00
      7500   8.68137086467101881E+02   7.66515628121125570E+00
      7501   8.68308621161128258E+02   7.66568545750580199E+00
      7502   8.68480155855154635E+02   7.66621451871384174E+00
      7503   8.68651690549180898E+02   7.66674346488370162E+00
      7504   8.68823225243207276E+02   7.66727229606367722E+00
      7505   8.68994759937233653E+02   7.66780101230203481E+00
      7506   8.69166294631259916E+02   7.66832961364701404E+00
      7507   8.69337829325286293E+02   7.66885810014682612E+00
      7508   8.69509364019312557E+02   7.66938647184965294E+00
      7509   8.69680898713338934E+02   7.66991472880365155E+00
      7510   8.69852433407365311E+02   7.67044287105694611E+00
      7511   8.70023968101391574E+02   7.67097089865763682E+00
      7512   8.70195502795417951E+02   7.67149881165379188E+00
      7513   8.70367037489444328E+02   7.67202661009345555E+00
      7514   8.70538572183470592E+02   7.67255429402464184E+00
      7515   8.70710106877496969E+02   7.67308186349533639E+00
      7516   8.70881641571523232E+02   7.67360931855349637E+00
      7517   8.71053176265549610E+02   7.67413665924705413E+00
      7518   8.71224710959575873E+02   7.67466388562391089E+00
      7519   8.71396245653602250E+02   7.67519099773194213E+00
      7520   8.71567780347628513E+02   7.67571799561899315E+00
      7521   8.71739315041654891E+02   7.67624487933288258E+00
      7522   8.71910849735681268E+02   7.67677164892140240E+00
      7523   8.72082384429707531E+02   7.67729830443231354E+00
      7524   8.72253919123733908E+02   7.67782484591335379E+00
      7525   8.72425453817760285E+02   7.67835127341222634E+00
      7526   8.72596988511786662E+02   7.67887758697661482E+00
      7527   8.72768523205812926E+02   7.67940378665416823E+00
      7528   8.72940057899839303E+02   7.67992987249251335E+00
      7529   8.73111592593865566E+02   7.68045584453924235E+00
      7530   8.73283127287891944E+02   7.68098170284192960E+00
      7531   8.73454661981918207E+02   7.68150744744811043E+00
      7532   8.73626196675944584E+02   7.68203307840530059E+00
      7533   8.73797731369970847E+02   7.68255859576098654E+00
      7534   8.73969266063997338E+02   7.68308399956262544E+00
      7535   8.74140800758023488E+02   7.68360928985764957E+00
      7536   8.74312335452049865E+02   7.68413446669345923E+00
      7537   8.74483870146076242E+02   7.68465953011742986E+00
      7538   8.74655404840102506E+02   7.68518448017691291E+00
      7539   8.74826939534128883E+02   7.68570931691922699E+00
      7540   8.74998474228155146E+02   7.68623404039166314E+00
      7541   8.75170008922181637E+02   7.68675865064148844E+00
      7542   8.75341543616207900E+02   7.68728314771594157E+00
      7543   8.75513078310234278E+02   7.68780753166223363E+00
      7544   8.75684613004260655E+02   7.68833180252754556E+00
      7545   8.75856147698286918E+02   7.68885596035903607E+00
      7546   8.76027682392313181E+02   7.68938000520383280E+00
      7547   8.76199217086339559E+02   7.68990393710903586E+00
      7548   8.76370751780365936E+02   7.69042775612172225E+00
      7549   8.76542286474392199E+02   7.69095146228893700E+00
      7550   8.76713821168418576E+02   7.69147505565769940E+00
      7551   8.76885355862444840E+02   7.69199853627500030E+00
      7552   8.77056890556471330E+02   7.69252190418780835E+00
      7553   8.77228425250497594E+02   7.69304515944305933E+00
      7554   8.77399959944523971E+02   7.69356830208766596E+00
      7555   8.77571494638550121E+02   7.69409133216850805E+00
      7556   8.77743029332576612E+02   7.69461424973244590E+00
      7557   8.77914564026602875E+02   7.69513705482630783E+00
      7558   8.78086098720629252E+02   7.69565974749689463E+00
      7559   8.78257633414655515E+02   7.69618232779098310E+00
      7560   8.78429168108682006E+02   7.69670479575532163E+00
      7561   8.78600702802708270E+02   7.69722715143663105E+00
      7562   8.78772237496734533E+02   7.69774939488160559E+00
      7563   8.78943772190760910E+02   7.69827152613691190E+00
      7564   8.79115306884787174E+02   7.69879354524919179E+00
      7565   8.79286841578813551E+02   7.69931545226505687E+00
      7566   8.79458376272839928E+02   7.69983724723109564E+00
      7567   8.79629910966866191E+02   7.70035893019386553E+00
      7568   8.79801445660892568E+02   7.70088050119990264E+00
      7569   8.79972980354918946E+02   7.70140196029570934E+00
      7570   8.80144515048945209E+02   7.70192330752776666E+00
      7571   8.80316049742971586E+02   7.70244454294252634E+00
      7572   8.80487584436997963E+02   7.70296566658641435E+00
      7573   8.80659119131024227E+02   7.70348667850582824E+00
      7574   8.80830653825050490E+02   7.70400757874714159E+00
      7575   8.81002188519076867E+02   7.70452836735669955E+00
      7576   8.81173723213103244E+02   7.70504904438082061E+00
      7577   8.81345257907129508E+02   7.70556960986579487E+00
      7578   8.81516792601155885E+02   7.70609006385789108E+00
      7579   8.81688327295182148E+02   7.70661040640334427E+00
      7580   8.81859861989208525E+02   7.70713063754836902E+00
      7581   8.82031396683234902E+02   7.70765075733915062E+00
      7582   8.82202931377261166E+02   7.70817076582184679E+00
      7583   8.82374466071287543E+02   7.70869066304259132E+00
      7584   8.82546000765313920E+02   7.70921044904748953E+00
      7585   8.82717535459340183E+02   7.70973012388261925E+00
      7586   8.82889070153366447E+02   7.71024968759403606E+00
      7587   8.83060604847392824E+02   7.71076914022776361E+00
      7588   8.83232139541419201E+02   7.71128848182980420E+00
      7589   8.83403674235445465E+02   7.71180771244613172E+00
      7590   8.83575208929471842E+02   7.71232683212268988E+00
      7591   8.83746743623498219E+02   7.71284584090540193E+00
      7592   8.83918278317524482E+02   7.71336473884016272E+00
      7593   8.84089813011550859E+02   7.71388352597283955E+00
      7594   8.84261347705577236E+02   7.71440220234927310E+00
      7595   8.84432882399603614E+02   7.71492076801528093E+00
      7596   8.84604417093629877E+02   7.71543922301665130E+00
      7597   8.84775951787656140E+02   7.71595756739914584E+00
      7598   8.84947486481682631E+02   7.71647580120850396E+00
      7599   8.85119021175708895E+02   7.71699392449043398E+00
      7600   8.85290555869735158E+02   7.71751193729062024E+00
      7601   8.85462090563761535E+02   7.71802983965472222E+00
      7602   8.85633625257787799E+02   7.71854763162837010E+00
      7603   8.85805159951814176E+02   7.71906531325717182E+00
      7604   8.85976694645840553E+02   7.71958288458670694E+00
      7605   8.86148229339866930E+02   7.72010034566252479E+00
      7606   8.86319764033893193E+02   7.72061769653015872E+00
      7607   8.86495272898058374E+02   7.72114691952629428E+00
      7608   8.86670781762223442E+02   7.72167602724475355E+00
      7609   8.86846290626388509E+02   7.72220501973421936E+00
      7610   8.87021799490553690E+02   7.72273389704334345E+00
      7611   8.87197308354718757E+02   7.72326265922074917E+00
      7612   8.87372817218884052E+02   7.72379130631503763E+00
      7613   8.87548326083049119E+02   7.72431983837476821E+00
      7614   8.87723834947214186E+02   7.72484825544848697E+00
      7615   8.87899343811379367E+02   7.72537655758470088E+00
      7616   8.88074852675544548E+02   7.72590474483189205E+00
      7617   8.88250361539709615E+02   7.72643281723851771E+00
      7618   8.88425870403874796E+02   7.72696077485300048E+00
      7619   8.88601379268039864E+02   7.72748861772373896E+00
      7620   8.88776888132204931E+02   7.72801634589910247E+00
      7621   8.88952396996370112E+02   7.72854395942743189E+00
      7622   8.89127905860535293E+02   7.72907145835703968E+00
      7623   8.89303414724700474E+02   7.72959884273621256E+00
      7624   8.89478923588865541E+02   7.73012611261320348E+00
      7625   8.89654432453030722E+02   7.73065326803624142E+00
      7626   8.89829941317195789E+02   7.73118030905352871E+00
      7627   8.90005450181360970E+02   7.73170723571323570E+00
      7628   8.90180959045526038E+02   7.73223404806350700E+00
      7629   8.90356467909691219E+02   7.73276074615245701E+00
      7630   8.90531976773856400E+02   7.73328733002817703E+00
      7631   8.90707485638021467E+02   7.73381379973872374E+00
      7632   8.90882994502186648E+02   7.73434015533213071E+00
      7633   8.91058503366351715E+02   7.73486639685640220E+00
      7634   8.91234012230516782E+02   7.73539252435951319E+00
      7635   8.91409521094681963E+02   7.73591853788941197E+00
      7636   8.91585029958847144E+02   7.73644443749401933E+00
      7637   8.91760538823012325E+02   7.73697022322122763E+00
      7638   8.91936047687177393E+02   7.73749589511889990E+00
      7639   8.92111556551342460E+02   7.73802145323487522E+00
      7640   8.92287065415507641E+02   7.73854689777660631E+00
      7641   8.92462574279672822E+02   7.73907222847637044E+00
      7642   8.92638083143837889E+02   7.73959744553777451E+00
      7643   8.92813592008003070E+02   7.74012254900854657E+00
      7644   8.92989100872168137E+02   7.74064753893638269E+00
      7645   8.93164609736333318E+02   7.74117241536895495E+00
      7646   8.93340118600498386E+02   7.74169717835390436E+00
      7647   8.93515627464663567E+02   7.74222182793884706E+00
      7648   8.93691136328828748E+02   7.74274636417136897E+00
      7649   8.93866645192993815E+02   7.74327078709903116E+00
      7650   8.94042154057158996E+02   7.74379509676936451E+00
      7651   8.94217662921324063E+02   7.74431929322987500E+00
      7652   8.94393171785489130E+02   7.74484337652803667E+00
      7653   8.94568680649654425E+02   7.74536734671130223E+00
      7654   8.94744189513819492E+02   7.74589120382709151E+00
      7655   8.94919698377984560E+02   7.74641494792280039E+00
      7656   8.95095207242149741E+02   7.74693857904579541E+00
      7657   8.95270716106314921E+02   7.74746209724341650E+00
      7658   8.95446224970479989E+02   7.74798550256297336E+00
      7659   8.95621733834645056E+02   7.74850879505175438E+00
      7660   8.95797242698810237E+02   7.74903197475701511E+00
      7661   8.95972751562975418E+02   7.74955504172598619E+00
      7662   8.96148260427140485E+02   7.75007799600586988E+00
      7663   8.96323769291305553E+02   7.75060083764384267E+00
      7664   8.96499278155470734E+02   7.75112356668705171E+00
      7665   8.96674787019635914E+02   7.75164618318261933E+00
      7666   8.96850295883800982E+02   7.75216868717763585E+00
      7667   8.97025804747966163E+02   7.75269107871917118E+00
      7668   8.97201313612131344E+02   7.75321335785426413E+00
      7669   8.97376822476296411E+02   7.75373552462992599E+00
      7670   8.97552331340461592E+02   7.75425757909314228E+00
      7671   8.97727840204626659E+02   7.75477952129087011E+00
      7672   8.97903349068791840E+02   7.75530135127004172E+00
      7673   8.98078857932956907E+02   7.75582306907755914E+00
      7674   8.98254366797122088E+02   7.75634467476030043E+00
      7675   8.98429875661287269E+02   7.75686616836511345E+00
      7676   8.98605384525452450E+02   7.75738754993882296E+00
      7677   8.98780893389617518E+02   7.75790881952822353E+00
      7678   8.98956402253782585E+02   7.75842997718008132E+00
      7679   8.99131911117947652E+02   7.75895102294114114E+00
      7680   8.99307419982112833E+02   7.75947195685811852E+00
      7681   8.99482928846278014E+02   7.75999277897769790E+00
      7682   8.99658437710443081E+02   7.76051348934654239E+00
      7683   8.99833946574608149E+02   7.76103408801128403E+00
      7684   9.00009455438773443E+02   7.76155457501853263E+00
      7685   9.00184964302938511E+02   7.76207495041486695E+00
      7686   9.00360473167103692E+02   7.76259521424684085E+00
      7687   9.00535982031268759E+02   7.76311536656098156E+00
      7688   9.00711490895433826E+02   7.76363540740378788E+00
      7689   9.00886999759599007E+02   7.76415533682173464E+00
      7690   9.01062508623764074E+02   7.76467515486126736E+00
      7691   9.01238017487929369E+02   7.76519486156880667E+00
      7692   9.01413526352094323E+02   7.76571445699074392E+00
      7693   9.01589035216259617E+02   7.76623394117344645E+00
      7694   9.01764544080424798E+02   7.76675331419268833E+00
      7695   9.01940052944589752E+02   7.76727257603608567E+00
      7696   9.02115561808755047E+02   7.76779172677918783E+00
      7697   9.02291070672920000E+02   7.76831076646825469E+00
      7698   9.02466579537085295E+02   7.76882969514951949E+00
      7699   9.02642088401250362E+02   7.76934851286919059E+00
      7700   9.02817597265415429E+02   7.76986721967344707E+00
      7701   9.02993106129580724E+02   7.77038581560844488E+00
      7702   9.03168614993745678E+02   7.77090430072030891E+00
      7703   9.03344123857910859E+02   7.77142267505514006E+00
      7704   9.03519632722076039E+02   7.77194093865901703E+00
      7705   9.03695141586241220E+02   7.77245909157798476E+00
      7706   9.03870650450406288E+02   7.77297713385806599E+00
      7707   9.04046159314571469E+02   7.77349506554525504E+00
      7708   9.04221668178736536E+02   7.77401288668552137E+00
      7709   9.04397177042901717E+02   7.77453059732481044E+00
      7710   9.04572685907066784E+02   7.77504819750903575E+00
      7711   9.04748194771231852E+02   7.77556568728408948E+00
      7712   9.04923703635397032E+02   7.77608306669583538E+00
      7713   9.05099212499562100E+02   7.77660033579010879E+00
      7714   9.05274721363727394E+02   7.77711749461272461E+00
      7715   9.05450230227892462E+02   7.77763454320946757E+00
      7716   9.05625739092057529E+02   7.77815148162609393E+00
      7717   9.05801247956222710E+02   7.77866830990834046E+00
      7718   9.05976756820387891E+02   7.77918502810191104E+00
      7719   9.06152265684553072E+02   7.77970163625248823E+00
      7720   9.06327774548718025E+02   7.78021813440572618E+00
      7721   9.06503283412883206E+02   7.78073452260725329E+00
      7722   9.06678792277048274E+02   7.78125080090267129E+00
