STATE   1.88279471798386585E+04   1.91629314434999988E-09   1.04453475292582825E+15
ION    1    0   3.65100833255875000E+11   1.57751134614109070E+01   5.75950706946709277E+12
ION    1    1   1.00469854234497012E+15   1.00000000000000000E+00   1.00469854234497012E+15
ION    1    2   0.00000000000000000E+00   0.00000000000000000E+00   0.00000000000000000E+00
ION    1    3   0.00000000000000000E+00   0.00000000000000000E+00   0.00000000000000000E+00
ION    1    4   0.00000000000000000E+00   0.00000000000000000E+00   0.00000000000000000E+00
ION    1    5   0.00000000000000000E+00   0.00000000000000000E+00   0.00000000000000000E+00
ION    1    6   0.00000000000000000E+00   0.00000000000000000E+00   0.00000000000000000E+00
ION    1    7   0.00000000000000000E+00   0.00000000000000000E+00   0.00000000000000000E+00
ION    1    8   0.00000000000000000E+00   0.00000000000000000E+00   0.00000000000000000E+00
ION    2    0   4.15431776156052246E+12   1.03164758763282949E+00   4.28579189697412891E+12
ION    2    1   1.31095095723700332E+13   2.00000000050971183E+00   2.62190191514221367E+13
ION    2    2   4.32637752343915927E+05   1.00000000000000000E+00   4.32637752343915927E+05
ION    2    3   0.00000000000000000E+00   0.00000000000000000E+00   0.00000000000000000E+00
ION    2    4   0.00000000000000000E+00   0.00000000000000000E+00   0.00000000000000000E+00
ION    2    5   0.00000000000000000E+00   0.00000000000000000E+00   0.00000000000000000E+00
ION    2    6   0.00000000000000000E+00   0.00000000000000000E+00   0.00000000000000000E+00
ION    2    7   0.00000000000000000E+00   0.00000000000000000E+00   0.00000000000000000E+00
ION    2    8   0.00000000000000000E+00   0.00000000000000000E+00   0.00000000000000000E+00
ION    3    0   0.00000000000000000E+00   0.00000000000000000E+00   0.00000000000000000E+00
ION    3    1   0.00000000000000000E+00   0.00000000000000000E+00   0.00000000000000000E+00
ION    3    2   0.00000000000000000E+00   0.00000000000000000E+00   0.00000000000000000E+00
ION    3    3   0.00000000000000000E+00   0.00000000000000000E+00   0.00000000000000000E+00
ION    3    4   0.00000000000000000E+00   0.00000000000000000E+00   0.00000000000000000E+00
ION    3    5   0.00000000000000000E+00   0.00000000000000000E+00   0.00000000000000000E+00
ION    3    6   0.00000000000000000E+00   0.00000000000000000E+00   0.00000000000000000E+00
ION    3    7   0.00000000000000000E+00   0.00000000000000000E+00   0.00000000000000000E+00
ION    3    8   0.00000000000000000E+00   0.00000000000000000E+00   0.00000000000000000E+00
ION    4    0   0.00000000000000000E+00   0.00000000000000000E+00   0.00000000000000000E+00
ION    4    1   0.00000000000000000E+00   0.00000000000000000E+00   0.00000000000000000E+00
ION    4    2   0.00000000000000000E+00   0.00000000000000000E+00   0.00000000000000000E+00
ION    4    3   0.00000000000000000E+00   0.00000000000000000E+00   0.00000000000000000E+00
ION    4    4   0.00000000000000000E+00   0.00000000000000000E+00   0.00000000000000000E+00
ION    4    5   0.00000000000000000E+00   0.00000000000000000E+00   0.00000000000000000E+00
ION    4    6   0.00000000000000000E+00   0.00000000000000000E+00   0.00000000000000000E+00
ION    4    7   0.00000000000000000E+00   0.00000000000000000E+00   0.00000000000000000E+00
ION    4    8   0.00000000000000000E+00   0.00000000000000000E+00   0.00000000000000000E+00
ION    5    0   0.00000000000000000E+00   0.00000000000000000E+00   0.00000000000000000E+00
ION    5    1   0.00000000000000000E+00   0.00000000000000000E+00   0.00000000000000000E+00
ION    5    2   0.00000000000000000E+00   0.00000000000000000E+00   0.00000000000000000E+00
ION    5    3   0.00000000000000000E+00   0.00000000000000000E+00   0.00000000000000000E+00
ION    5    4   0.00000000000000000E+00   0.00000000000000000E+00   0.00000000000000000E+00
ION    5    5   0.00000000000000000E+00   0.00000000000000000E+00   0.00000000000000000E+00
ION    5    6   0.00000000000000000E+00   0.00000000000000000E+00   0.00000000000000000E+00
ION    5    7   0.00000000000000000E+00   0.00000000000000000E+00   0.00000000000000000E+00
ION    5    8   0.00000000000000000E+00   0.00000000000000000E+00   0.00000000000000000E+00
ION    6    0   2.03854915196645052E+04   3.62259312153821099E+02   7.38483413583121728E+06
ION    6    1   2.36005148291164786E+08   6.52306531404147005E+00   1.53947699675331044E+09
ION    6    2   8.48163860619371533E+08   1.16247741925642156E+00   9.85971335799370289E+08
ION    6    3   1.57935940737603482E+03   2.04320780044114736E+00   3.22695946085082232E+03
ION    6    4   1.05569239567180227E-07   1.00000000000000000E+00   1.05569239567180227E-07
ION    6    5   0.00000000000000000E+00   0.00000000000000000E+00   0.00000000000000000E+00
ION    6    6   0.00000000000000000E+00   0.00000000000000000E+00   0.00000000000000000E+00
ION    6    7   0.00000000000000000E+00   0.00000000000000000E+00   0.00000000000000000E+00
ION    6    8   0.00000000000000000E+00   0.00000000000000000E+00   0.00000000000000000E+00
ION    7    0   6.30614167778682616E+06   8.88834507983114293E+01   5.60511633544746399E+08
ION    7    1   9.75214002079456711E+09   1.08255608578504070E+01   1.05572385289390121E+11
ION    7    2   1.40649255410817337E+09   6.10172185106307285E+00   8.58202635075935268E+09
ION    7    3   3.43071991014788682E+03   1.04862612629183416E+00   3.59754252977064789E+03
ION    7    4   7.71750947212403962E-11   2.01263743021067087E+00   1.55325484316022387E-10
ION    7    5   0.00000000000000000E+00   0.00000000000000000E+00   0.00000000000000000E+00
ION    7    6   0.00000000000000000E+00   0.00000000000000000E+00   0.00000000000000000E+00
ION    7    7   0.00000000000000000E+00   0.00000000000000000E+00   0.00000000000000000E+00
ION    7    8   0.00000000000000000E+00   0.00000000000000000E+00   0.00000000000000000E+00
ION    8    0   5.64187821012925450E+06   8.63894490026792283E+01   4.87398749913288414E+08
ION    8    1   1.53447775513607197E+10   5.56262755158768307E+00   8.53572823801833191E+10
ION    8    2   7.39105882442774624E+07   1.00064642043564316E+01   7.39583655589289665E+08
ION    8    3   1.81556727899225767E+00   5.93533641424648994E+00   1.07760025835171636E+01
ION    8    4   4.22760725471645620E-14   1.01401123156480644E+00   4.28684123892734417E-14
ION    8    5   0.00000000000000000E+00   0.00000000000000000E+00   0.00000000000000000E+00
ION    8    6   0.00000000000000000E+00   0.00000000000000000E+00   0.00000000000000000E+00
ION    8    7   0.00000000000000000E+00   0.00000000000000000E+00   0.00000000000000000E+00
ION    8    8   0.00000000000000000E+00   0.00000000000000000E+00   0.00000000000000000E+00
ION    9    0   1.00726585356520934E+03   1.90481767254862362E+01   1.91865779882578463E+04
ION    9    1   2.62664754489306593E+05   9.93590391933410011E+00   2.60981176360123046E+06
ION    9    2   1.36902795452149257E+03   4.85840763409625520E+00   6.65129586553839999E+03
ION    9    3   2.81495294612143142E-07   9.48179680618993537E+00   2.66908118541091371E-06
ION    9    4   0.00000000000000000E+00   0.00000000000000000E+00   0.00000000000000000E+00
ION    9    5   0.00000000000000000E+00   0.00000000000000000E+00   0.00000000000000000E+00
ION    9    6   0.00000000000000000E+00   0.00000000000000000E+00   0.00000000000000000E+00
ION    9    7   0.00000000000000000E+00   0.00000000000000000E+00   0.00000000000000000E+00
ION    9    8   0.00000000000000000E+00   0.00000000000000000E+00   0.00000000000000000E+00
ION   10    0   1.91033369234576255E+08   1.59977076816477704E+00   3.05609599845503569E+08
ION   10    1   3.88040351016591644E+09   5.88459658702500832E+00   2.28346092522022133E+10
ION   10    2   4.73888882083776698E+05   9.49225986931780774E+00   4.49827641791971214E+06
ION   10    3   5.75613591051707366E-05   4.48745790940438294E+00   2.58304176192564443E-04
ION   10    4   0.00000000000000000E+00   0.00000000000000000E+00   0.00000000000000000E+00
ION   10    5   0.00000000000000000E+00   0.00000000000000000E+00   0.00000000000000000E+00
ION   10    6   0.00000000000000000E+00   0.00000000000000000E+00   0.00000000000000000E+00
ION   10    7   0.00000000000000000E+00   0.00000000000000000E+00   0.00000000000000000E+00
ION   10    8   0.00000000000000000E+00   0.00000000000000000E+00   0.00000000000000000E+00
ION   11    0   0.00000000000000000E+00   0.00000000000000000E+00   0.00000000000000000E+00
ION   11    1   0.00000000000000000E+00   0.00000000000000000E+00   0.00000000000000000E+00
ION   11    2   0.00000000000000000E+00   0.00000000000000000E+00   0.00000000000000000E+00
ION   11    3   0.00000000000000000E+00   0.00000000000000000E+00   0.00000000000000000E+00
ION   11    4   0.00000000000000000E+00   0.00000000000000000E+00   0.00000000000000000E+00
ION   11    5   0.00000000000000000E+00   0.00000000000000000E+00   0.00000000000000000E+00
ION   11    6   0.00000000000000000E+00   0.00000000000000000E+00   0.00000000000000000E+00
ION   11    7   0.00000000000000000E+00   0.00000000000000000E+00   0.00000000000000000E+00
ION   11    8   0.00000000000000000E+00   0.00000000000000000E+00   0.00000000000000000E+00
ION   12    0   3.48533928739425903E+02   1.08386412867424770E+03   3.77763422986570222E+05
ION   12    1   3.71122051493988112E+07   1.86320241959894624E+01   6.91475504310123324E+08
ION   12    2   4.23519186381651230E+10   1.00000000000002398E+00   4.23519186381661377E+10
ION   12    3   1.82968819320520053E-04   5.68769748301559019E+00   1.04067129311965611E-03
ION   12    4   0.00000000000000000E+00   0.00000000000000000E+00   0.00000000000000000E+00
ION   12    5   0.00000000000000000E+00   0.00000000000000000E+00   0.00000000000000000E+00
ION   12    6   0.00000000000000000E+00   0.00000000000000000E+00   0.00000000000000000E+00
ION   12    7   0.00000000000000000E+00   0.00000000000000000E+00   0.00000000000000000E+00
ION   12    8   0.00000000000000000E+00   0.00000000000000000E+00   0.00000000000000000E+00
ION   13    0   0.00000000000000000E+00   0.00000000000000000E+00   0.00000000000000000E+00
ION   13    1   0.00000000000000000E+00   0.00000000000000000E+00   0.00000000000000000E+00
ION   13    2   0.00000000000000000E+00   0.00000000000000000E+00   0.00000000000000000E+00
ION   13    3   0.00000000000000000E+00   0.00000000000000000E+00   0.00000000000000000E+00
ION   13    4   0.00000000000000000E+00   0.00000000000000000E+00   0.00000000000000000E+00
ION   13    5   0.00000000000000000E+00   0.00000000000000000E+00   0.00000000000000000E+00
ION   13    6   0.00000000000000000E+00   0.00000000000000000E+00   0.00000000000000000E+00
ION   13    7   0.00000000000000000E+00   0.00000000000000000E+00   0.00000000000000000E+00
ION   13    8   0.00000000000000000E+00   0.00000000000000000E+00   0.00000000000000000E+00
ION   14    0   0.00000000000000000E+00   0.00000000000000000E+00   0.00000000000000000E+00
ION   14    1   0.00000000000000000E+00   0.00000000000000000E+00   0.00000000000000000E+00
ION   14    2   0.00000000000000000E+00   0.00000000000000000E+00   0.00000000000000000E+00
ION   14    3   0.00000000000000000E+00   0.00000000000000000E+00   0.00000000000000000E+00
ION   14    4   0.00000000000000000E+00   0.00000000000000000E+00   0.00000000000000000E+00
ION   14    5   0.00000000000000000E+00   0.00000000000000000E+00   0.00000000000000000E+00
ION   14    6   0.00000000000000000E+00   0.00000000000000000E+00   0.00000000000000000E+00
ION   14    7   0.00000000000000000E+00   0.00000000000000000E+00   0.00000000000000000E+00
ION   14    8   0.00000000000000000E+00   0.00000000000000000E+00   0.00000000000000000E+00
ION   15    0   0.00000000000000000E+00   0.00000000000000000E+00   0.00000000000000000E+00
ION   15    1   0.00000000000000000E+00   0.00000000000000000E+00   0.00000000000000000E+00
ION   15    2   0.00000000000000000E+00   0.00000000000000000E+00   0.00000000000000000E+00
ION   15    3   0.00000000000000000E+00   0.00000000000000000E+00   0.00000000000000000E+00
ION   15    4   0.00000000000000000E+00   0.00000000000000000E+00   0.00000000000000000E+00
ION   15    5   0.00000000000000000E+00   0.00000000000000000E+00   0.00000000000000000E+00
ION   15    6   0.00000000000000000E+00   0.00000000000000000E+00   0.00000000000000000E+00
ION   15    7   0.00000000000000000E+00   0.00000000000000000E+00   0.00000000000000000E+00
ION   15    8   0.00000000000000000E+00   0.00000000000000000E+00   0.00000000000000000E+00
ION   16    0   0.00000000000000000E+00   0.00000000000000000E+00   0.00000000000000000E+00
ION   16    1   0.00000000000000000E+00   0.00000000000000000E+00   0.00000000000000000E+00
ION   16    2   0.00000000000000000E+00   0.00000000000000000E+00   0.00000000000000000E+00
ION   16    3   0.00000000000000000E+00   0.00000000000000000E+00   0.00000000000000000E+00
ION   16    4   0.00000000000000000E+00   0.00000000000000000E+00   0.00000000000000000E+00
ION   16    5   0.00000000000000000E+00   0.00000000000000000E+00   0.00000000000000000E+00
ION   16    6   0.00000000000000000E+00   0.00000000000000000E+00   0.00000000000000000E+00
ION   16    7   0.00000000000000000E+00   0.00000000000000000E+00   0.00000000000000000E+00
ION   16    8   0.00000000000000000E+00   0.00000000000000000E+00   0.00000000000000000E+00
ION   17    0   0.00000000000000000E+00   0.00000000000000000E+00   0.00000000000000000E+00
ION   17    1   0.00000000000000000E+00   0.00000000000000000E+00   0.00000000000000000E+00
ION   17    2   0.00000000000000000E+00   0.00000000000000000E+00   0.00000000000000000E+00
ION   17    3   0.00000000000000000E+00   0.00000000000000000E+00   0.00000000000000000E+00
ION   17    4   0.00000000000000000E+00   0.00000000000000000E+00   0.00000000000000000E+00
ION   17    5   0.00000000000000000E+00   0.00000000000000000E+00   0.00000000000000000E+00
ION   17    6   0.00000000000000000E+00   0.00000000000000000E+00   0.00000000000000000E+00
ION   17    7   0.00000000000000000E+00   0.00000000000000000E+00   0.00000000000000000E+00
ION   17    8   0.00000000000000000E+00   0.00000000000000000E+00   0.00000000000000000E+00
ION   18    0   0.00000000000000000E+00   0.00000000000000000E+00   0.00000000000000000E+00
ION   18    1   0.00000000000000000E+00   0.00000000000000000E+00   0.00000000000000000E+00
ION   18    2   0.00000000000000000E+00   0.00000000000000000E+00   0.00000000000000000E+00
ION   18    3   0.00000000000000000E+00   0.00000000000000000E+00   0.00000000000000000E+00
ION   18    4   0.00000000000000000E+00   0.00000000000000000E+00   0.00000000000000000E+00
ION   18    5   0.00000000000000000E+00   0.00000000000000000E+00   0.00000000000000000E+00
ION   18    6   0.00000000000000000E+00   0.00000000000000000E+00   0.00000000000000000E+00
ION   18    7   0.00000000000000000E+00   0.00000000000000000E+00   0.00000000000000000E+00
ION   18    8   0.00000000000000000E+00   0.00000000000000000E+00   0.00000000000000000E+00
ION   19    0   0.00000000000000000E+00   0.00000000000000000E+00   0.00000000000000000E+00
ION   19    1   0.00000000000000000E+00   0.00000000000000000E+00   0.00000000000000000E+00
ION   19    2   0.00000000000000000E+00   0.00000000000000000E+00   0.00000000000000000E+00
ION   19    3   0.00000000000000000E+00   0.00000000000000000E+00   0.00000000000000000E+00
ION   19    4   0.00000000000000000E+00   0.00000000000000000E+00   0.00000000000000000E+00
ION   19    5   0.00000000000000000E+00   0.00000000000000000E+00   0.00000000000000000E+00
ION   19    6   0.00000000000000000E+00   0.00000000000000000E+00   0.00000000000000000E+00
ION   19    7   0.00000000000000000E+00   0.00000000000000000E+00   0.00000000000000000E+00
ION   19    8   0.00000000000000000E+00   0.00000000000000000E+00   0.00000000000000000E+00
ION   20    0   1.00292948813206453E-01   7.67775448657212564E+03   7.70024637722144348E+02
ION   20    1   2.78137304356407221E+04   1.20153787857326023E+02   3.34192506628482742E+06
ION   20    2   2.22589615867710263E+08   1.00000336234020604E+00   2.22590364289725155E+08
ION   20    3   5.27019721611977587E+01   5.58318189610523596E+00   2.94244696859441490E+02
ION   20    4   4.82905602054357008E-10   9.00000000000000000E+00   4.34615041848921349E-09
ION   20    5   0.00000000000000000E+00   0.00000000000000000E+00   0.00000000000000000E+00
ION   20    6   0.00000000000000000E+00   0.00000000000000000E+00   0.00000000000000000E+00
ION   20    7   0.00000000000000000E+00   0.00000000000000000E+00   0.00000000000000000E+00
ION   20    8   0.00000000000000000E+00   0.00000000000000000E+00   0.00000000000000000E+00
ION   21    0   0.00000000000000000E+00   0.00000000000000000E+00   0.00000000000000000E+00
ION   21    1   0.00000000000000000E+00   0.00000000000000000E+00   0.00000000000000000E+00
ION   21    2   0.00000000000000000E+00   0.00000000000000000E+00   0.00000000000000000E+00
ION   21    3   0.00000000000000000E+00   0.00000000000000000E+00   0.00000000000000000E+00
ION   21    4   0.00000000000000000E+00   0.00000000000000000E+00   0.00000000000000000E+00
ION   21    5   0.00000000000000000E+00   0.00000000000000000E+00   0.00000000000000000E+00
ION   21    6   0.00000000000000000E+00   0.00000000000000000E+00   0.00000000000000000E+00
ION   21    7   0.00000000000000000E+00   0.00000000000000000E+00   0.00000000000000000E+00
ION   21    8   0.00000000000000000E+00   0.00000000000000000E+00   0.00000000000000000E+00
ION   22    0   0.00000000000000000E+00   0.00000000000000000E+00   0.00000000000000000E+00
ION   22    1   0.00000000000000000E+00   0.00000000000000000E+00   0.00000000000000000E+00
ION   22    2   0.00000000000000000E+00   0.00000000000000000E+00   0.00000000000000000E+00
ION   22    3   0.00000000000000000E+00   0.00000000000000000E+00   0.00000000000000000E+00
ION   22    4   0.00000000000000000E+00   0.00000000000000000E+00   0.00000000000000000E+00
ION   22    5   0.00000000000000000E+00   0.00000000000000000E+00   0.00000000000000000E+00
ION   22    6   0.00000000000000000E+00   0.00000000000000000E+00   0.00000000000000000E+00
ION   22    7   0.00000000000000000E+00   0.00000000000000000E+00   0.00000000000000000E+00
ION   22    8   0.00000000000000000E+00   0.00000000000000000E+00   0.00000000000000000E+00
ION   23    0   0.00000000000000000E+00   0.00000000000000000E+00   0.00000000000000000E+00
ION   23    1   0.00000000000000000E+00   0.00000000000000000E+00   0.00000000000000000E+00
ION   23    2   0.00000000000000000E+00   0.00000000000000000E+00   0.00000000000000000E+00
ION   23    3   0.00000000000000000E+00   0.00000000000000000E+00   0.00000000000000000E+00
ION   23    4   0.00000000000000000E+00   0.00000000000000000E+00   0.00000000000000000E+00
ION   23    5   0.00000000000000000E+00   0.00000000000000000E+00   0.00000000000000000E+00
ION   23    6   0.00000000000000000E+00   0.00000000000000000E+00   0.00000000000000000E+00
ION   23    7   0.00000000000000000E+00   0.00000000000000000E+00   0.00000000000000000E+00
ION   23    8   0.00000000000000000E+00   0.00000000000000000E+00   0.00000000000000000E+00
ION   24    0   0.00000000000000000E+00   0.00000000000000000E+00   0.00000000000000000E+00
ION   24    1   0.00000000000000000E+00   0.00000000000000000E+00   0.00000000000000000E+00
ION   24    2   0.00000000000000000E+00   0.00000000000000000E+00   0.00000000000000000E+00
ION   24    3   0.00000000000000000E+00   0.00000000000000000E+00   0.00000000000000000E+00
ION   24    4   0.00000000000000000E+00   0.00000000000000000E+00   0.00000000000000000E+00
ION   24    5   0.00000000000000000E+00   0.00000000000000000E+00   0.00000000000000000E+00
ION   24    6   0.00000000000000000E+00   0.00000000000000000E+00   0.00000000000000000E+00
ION   24    7   0.00000000000000000E+00   0.00000000000000000E+00   0.00000000000000000E+00
ION   24    8   0.00000000000000000E+00   0.00000000000000000E+00   0.00000000000000000E+00
ION   25    0   0.00000000000000000E+00   0.00000000000000000E+00   0.00000000000000000E+00
ION   25    1   0.00000000000000000E+00   0.00000000000000000E+00   0.00000000000000000E+00
ION   25    2   0.00000000000000000E+00   0.00000000000000000E+00   0.00000000000000000E+00
ION   25    3   0.00000000000000000E+00   0.00000000000000000E+00   0.00000000000000000E+00
ION   25    4   0.00000000000000000E+00   0.00000000000000000E+00   0.00000000000000000E+00
ION   25    5   0.00000000000000000E+00   0.00000000000000000E+00   0.00000000000000000E+00
ION   25    6   0.00000000000000000E+00   0.00000000000000000E+00   0.00000000000000000E+00
ION   25    7   0.00000000000000000E+00   0.00000000000000000E+00   0.00000000000000000E+00
ION   25    8   0.00000000000000000E+00   0.00000000000000000E+00   0.00000000000000000E+00
ION   26    0   0.00000000000000000E+00   0.00000000000000000E+00   0.00000000000000000E+00
ION   26    1   0.00000000000000000E+00   0.00000000000000000E+00   0.00000000000000000E+00
ION   26    2   0.00000000000000000E+00   0.00000000000000000E+00   0.00000000000000000E+00
ION   26    3   0.00000000000000000E+00   0.00000000000000000E+00   0.00000000000000000E+00
ION   26    4   0.00000000000000000E+00   0.00000000000000000E+00   0.00000000000000000E+00
ION   26    5   0.00000000000000000E+00   0.00000000000000000E+00   0.00000000000000000E+00
ION   26    6   0.00000000000000000E+00   0.00000000000000000E+00   0.00000000000000000E+00
ION   26    7   0.00000000000000000E+00   0.00000000000000000E+00   0.00000000000000000E+00
ION   26    8   0.00000000000000000E+00   0.00000000000000000E+00   0.00000000000000000E+00
ION   27    0   0.00000000000000000E+00   0.00000000000000000E+00   0.00000000000000000E+00
ION   27    1   0.00000000000000000E+00   0.00000000000000000E+00   0.00000000000000000E+00
ION   27    2   0.00000000000000000E+00   0.00000000000000000E+00   0.00000000000000000E+00
ION   27    3   0.00000000000000000E+00   0.00000000000000000E+00   0.00000000000000000E+00
ION   27    4   0.00000000000000000E+00   0.00000000000000000E+00   0.00000000000000000E+00
ION   27    5   0.00000000000000000E+00   0.00000000000000000E+00   0.00000000000000000E+00
ION   27    6   0.00000000000000000E+00   0.00000000000000000E+00   0.00000000000000000E+00
ION   27    7   0.00000000000000000E+00   0.00000000000000000E+00   0.00000000000000000E+00
ION   27    8   0.00000000000000000E+00   0.00000000000000000E+00   0.00000000000000000E+00
ION   28    0   0.00000000000000000E+00   0.00000000000000000E+00   0.00000000000000000E+00
ION   28    1   0.00000000000000000E+00   0.00000000000000000E+00   0.00000000000000000E+00
ION   28    2   0.00000000000000000E+00   0.00000000000000000E+00   0.00000000000000000E+00
ION   28    3   0.00000000000000000E+00   0.00000000000000000E+00   0.00000000000000000E+00
ION   28    4   0.00000000000000000E+00   0.00000000000000000E+00   0.00000000000000000E+00
ION   28    5   0.00000000000000000E+00   0.00000000000000000E+00   0.00000000000000000E+00
ION   28    6   0.00000000000000000E+00   0.00000000000000000E+00   0.00000000000000000E+00
ION   28    7   0.00000000000000000E+00   0.00000000000000000E+00   0.00000000000000000E+00
ION   28    8   0.00000000000000000E+00   0.00000000000000000E+00   0.00000000000000000E+00
ION   29    0   0.00000000000000000E+00   0.00000000000000000E+00   0.00000000000000000E+00
ION   29    1   0.00000000000000000E+00   0.00000000000000000E+00   0.00000000000000000E+00
ION   29    2   0.00000000000000000E+00   0.00000000000000000E+00   0.00000000000000000E+00
ION   29    3   0.00000000000000000E+00   0.00000000000000000E+00   0.00000000000000000E+00
ION   29    4   0.00000000000000000E+00   0.00000000000000000E+00   0.00000000000000000E+00
ION   29    5   0.00000000000000000E+00   0.00000000000000000E+00   0.00000000000000000E+00
ION   29    6   0.00000000000000000E+00   0.00000000000000000E+00   0.00000000000000000E+00
ION   29    7   0.00000000000000000E+00   0.00000000000000000E+00   0.00000000000000000E+00
ION   29    8   0.00000000000000000E+00   0.00000000000000000E+00   0.00000000000000000E+00
ION   30    0   0.00000000000000000E+00   0.00000000000000000E+00   0.00000000000000000E+00
ION   30    1   0.00000000000000000E+00   0.00000000000000000E+00   0.00000000000000000E+00
ION   30    2   0.00000000000000000E+00   0.00000000000000000E+00   0.00000000000000000E+00
ION   30    3   0.00000000000000000E+00   0.00000000000000000E+00   0.00000000000000000E+00
ION   30    4   0.00000000000000000E+00   0.00000000000000000E+00   0.00000000000000000E+00
ION   30    5   0.00000000000000000E+00   0.00000000000000000E+00   0.00000000000000000E+00
ION   30    6   0.00000000000000000E+00   0.00000000000000000E+00   0.00000000000000000E+00
ION   30    7   0.00000000000000000E+00   0.00000000000000000E+00   0.00000000000000000E+00
ION   30    8   0.00000000000000000E+00   0.00000000000000000E+00   0.00000000000000000E+00
ION   31    0   0.00000000000000000E+00   0.00000000000000000E+00   0.00000000000000000E+00
ION   31    1   0.00000000000000000E+00   0.00000000000000000E+00   0.00000000000000000E+00
ION   31    2   0.00000000000000000E+00   0.00000000000000000E+00   0.00000000000000000E+00
ION   31    3   0.00000000000000000E+00   0.00000000000000000E+00   0.00000000000000000E+00
ION   31    4   0.00000000000000000E+00   0.00000000000000000E+00   0.00000000000000000E+00
ION   31    5   0.00000000000000000E+00   0.00000000000000000E+00   0.00000000000000000E+00
ION   31    6   0.00000000000000000E+00   0.00000000000000000E+00   0.00000000000000000E+00
ION   31    7   0.00000000000000000E+00   0.00000000000000000E+00   0.00000000000000000E+00
ION   31    8   0.00000000000000000E+00   0.00000000000000000E+00   0.00000000000000000E+00
ION   32    0   0.00000000000000000E+00   0.00000000000000000E+00   0.00000000000000000E+00
ION   32    1   0.00000000000000000E+00   0.00000000000000000E+00   0.00000000000000000E+00
ION   32    2   0.00000000000000000E+00   0.00000000000000000E+00   0.00000000000000000E+00
ION   32    3   0.00000000000000000E+00   0.00000000000000000E+00   0.00000000000000000E+00
ION   32    4   0.00000000000000000E+00   0.00000000000000000E+00   0.00000000000000000E+00
ION   32    5   0.00000000000000000E+00   0.00000000000000000E+00   0.00000000000000000E+00
ION   32    6   0.00000000000000000E+00   0.00000000000000000E+00   0.00000000000000000E+00
ION   32    7   0.00000000000000000E+00   0.00000000000000000E+00   0.00000000000000000E+00
ION   32    8   0.00000000000000000E+00   0.00000000000000000E+00   0.00000000000000000E+00
ION   33    0   0.00000000000000000E+00   0.00000000000000000E+00   0.00000000000000000E+00
ION   33    1   0.00000000000000000E+00   0.00000000000000000E+00   0.00000000000000000E+00
ION   33    2   0.00000000000000000E+00   0.00000000000000000E+00   0.00000000000000000E+00
ION   33    3   0.00000000000000000E+00   0.00000000000000000E+00   0.00000000000000000E+00
ION   33    4   0.00000000000000000E+00   0.00000000000000000E+00   0.00000000000000000E+00
ION   33    5   0.00000000000000000E+00   0.00000000000000000E+00   0.00000000000000000E+00
ION   33    6   0.00000000000000000E+00   0.00000000000000000E+00   0.00000000000000000E+00
ION   33    7   0.00000000000000000E+00   0.00000000000000000E+00   0.00000000000000000E+00
ION   33    8   0.00000000000000000E+00   0.00000000000000000E+00   0.00000000000000000E+00
ION   34    0   0.00000000000000000E+00   0.00000000000000000E+00   0.00000000000000000E+00
ION   34    1   0.00000000000000000E+00   0.00000000000000000E+00   0.00000000000000000E+00
ION   34    2   0.00000000000000000E+00   0.00000000000000000E+00   0.00000000000000000E+00
ION   34    3   0.00000000000000000E+00   0.00000000000000000E+00   0.00000000000000000E+00
ION   34    4   0.00000000000000000E+00   0.00000000000000000E+00   0.00000000000000000E+00
ION   34    5   0.00000000000000000E+00   0.00000000000000000E+00   0.00000000000000000E+00
ION   34    6   0.00000000000000000E+00   0.00000000000000000E+00   0.00000000000000000E+00
ION   34    7   0.00000000000000000E+00   0.00000000000000000E+00   0.00000000000000000E+00
ION   34    8   0.00000000000000000E+00   0.00000000000000000E+00   0.00000000000000000E+00
ION   35    0   0.00000000000000000E+00   0.00000000000000000E+00   0.00000000000000000E+00
ION   35    1   0.00000000000000000E+00   0.00000000000000000E+00   0.00000000000000000E+00
ION   35    2   0.00000000000000000E+00   0.00000000000000000E+00   0.00000000000000000E+00
ION   35    3   0.00000000000000000E+00   0.00000000000000000E+00   0.00000000000000000E+00
ION   35    4   0.00000000000000000E+00   0.00000000000000000E+00   0.00000000000000000E+00
ION   35    5   0.00000000000000000E+00   0.00000000000000000E+00   0.00000000000000000E+00
ION   35    6   0.00000000000000000E+00   0.00000000000000000E+00   0.00000000000000000E+00
ION   35    7   0.00000000000000000E+00   0.00000000000000000E+00   0.00000000000000000E+00
ION   35    8   0.00000000000000000E+00   0.00000000000000000E+00   0.00000000000000000E+00
ION   36    0   0.00000000000000000E+00   0.00000000000000000E+00   0.00000000000000000E+00
ION   36    1   0.00000000000000000E+00   0.00000000000000000E+00   0.00000000000000000E+00
ION   36    2   0.00000000000000000E+00   0.00000000000000000E+00   0.00000000000000000E+00
ION   36    3   0.00000000000000000E+00   0.00000000000000000E+00   0.00000000000000000E+00
ION   36    4   0.00000000000000000E+00   0.00000000000000000E+00   0.00000000000000000E+00
ION   36    5   0.00000000000000000E+00   0.00000000000000000E+00   0.00000000000000000E+00
ION   36    6   0.00000000000000000E+00   0.00000000000000000E+00   0.00000000000000000E+00
ION   36    7   0.00000000000000000E+00   0.00000000000000000E+00   0.00000000000000000E+00
ION   36    8   0.00000000000000000E+00   0.00000000000000000E+00   0.00000000000000000E+00
ION   37    0   0.00000000000000000E+00   0.00000000000000000E+00   0.00000000000000000E+00
ION   37    1   0.00000000000000000E+00   0.00000000000000000E+00   0.00000000000000000E+00
ION   37    2   0.00000000000000000E+00   0.00000000000000000E+00   0.00000000000000000E+00
ION   37    3   0.00000000000000000E+00   0.00000000000000000E+00   0.00000000000000000E+00
ION   37    4   0.00000000000000000E+00   0.00000000000000000E+00   0.00000000000000000E+00
ION   37    5   0.00000000000000000E+00   0.00000000000000000E+00   0.00000000000000000E+00
ION   37    6   0.00000000000000000E+00   0.00000000000000000E+00   0.00000000000000000E+00
ION   37    7   0.00000000000000000E+00   0.00000000000000000E+00   0.00000000000000000E+00
ION   37    8   0.00000000000000000E+00   0.00000000000000000E+00   0.00000000000000000E+00
ION   38    0   0.00000000000000000E+00   0.00000000000000000E+00   0.00000000000000000E+00
ION   38    1   0.00000000000000000E+00   0.00000000000000000E+00   0.00000000000000000E+00
ION   38    2   0.00000000000000000E+00   0.00000000000000000E+00   0.00000000000000000E+00
ION   38    3   0.00000000000000000E+00   0.00000000000000000E+00   0.00000000000000000E+00
ION   38    4   0.00000000000000000E+00   0.00000000000000000E+00   0.00000000000000000E+00
ION   38    5   0.00000000000000000E+00   0.00000000000000000E+00   0.00000000000000000E+00
ION   38    6   0.00000000000000000E+00   0.00000000000000000E+00   0.00000000000000000E+00
ION   38    7   0.00000000000000000E+00   0.00000000000000000E+00   0.00000000000000000E+00
ION   38    8   0.00000000000000000E+00   0.00000000000000000E+00   0.00000000000000000E+00
ION   39    0   0.00000000000000000E+00   0.00000000000000000E+00   0.00000000000000000E+00
ION   39    1   0.00000000000000000E+00   0.00000000000000000E+00   0.00000000000000000E+00
ION   39    2   0.00000000000000000E+00   0.00000000000000000E+00   0.00000000000000000E+00
ION   39    3   0.00000000000000000E+00   0.00000000000000000E+00   0.00000000000000000E+00
ION   39    4   0.00000000000000000E+00   0.00000000000000000E+00   0.00000000000000000E+00
ION   39    5   0.00000000000000000E+00   0.00000000000000000E+00   0.00000000000000000E+00
ION   39    6   0.00000000000000000E+00   0.00000000000000000E+00   0.00000000000000000E+00
ION   39    7   0.00000000000000000E+00   0.00000000000000000E+00   0.00000000000000000E+00
ION   39    8   0.00000000000000000E+00   0.00000000000000000E+00   0.00000000000000000E+00
ION   40    0   0.00000000000000000E+00   0.00000000000000000E+00   0.00000000000000000E+00
ION   40    1   0.00000000000000000E+00   0.00000000000000000E+00   0.00000000000000000E+00
ION   40    2   0.00000000000000000E+00   0.00000000000000000E+00   0.00000000000000000E+00
ION   40    3   0.00000000000000000E+00   0.00000000000000000E+00   0.00000000000000000E+00
ION   40    4   0.00000000000000000E+00   0.00000000000000000E+00   0.00000000000000000E+00
ION   40    5   0.00000000000000000E+00   0.00000000000000000E+00   0.00000000000000000E+00
ION   40    6   0.00000000000000000E+00   0.00000000000000000E+00   0.00000000000000000E+00
ION   40    7   0.00000000000000000E+00   0.00000000000000000E+00   0.00000000000000000E+00
ION   40    8   0.00000000000000000E+00   0.00000000000000000E+00   0.00000000000000000E+00
ION   41    0   0.00000000000000000E+00   0.00000000000000000E+00   0.00000000000000000E+00
ION   41    1   0.00000000000000000E+00   0.00000000000000000E+00   0.00000000000000000E+00
ION   41    2   0.00000000000000000E+00   0.00000000000000000E+00   0.00000000000000000E+00
ION   41    3   0.00000000000000000E+00   0.00000000000000000E+00   0.00000000000000000E+00
ION   41    4   0.00000000000000000E+00   0.00000000000000000E+00   0.00000000000000000E+00
ION   41    5   0.00000000000000000E+00   0.00000000000000000E+00   0.00000000000000000E+00
ION   41    6   0.00000000000000000E+00   0.00000000000000000E+00   0.00000000000000000E+00
ION   41    7   0.00000000000000000E+00   0.00000000000000000E+00   0.00000000000000000E+00
ION   41    8   0.00000000000000000E+00   0.00000000000000000E+00   0.00000000000000000E+00
ION   42    0   0.00000000000000000E+00   0.00000000000000000E+00   0.00000000000000000E+00
ION   42    1   0.00000000000000000E+00   0.00000000000000000E+00   0.00000000000000000E+00
ION   42    2   0.00000000000000000E+00   0.00000000000000000E+00   0.00000000000000000E+00
ION   42    3   0.00000000000000000E+00   0.00000000000000000E+00   0.00000000000000000E+00
ION   42    4   0.00000000000000000E+00   0.00000000000000000E+00   0.00000000000000000E+00
ION   42    5   0.00000000000000000E+00   0.00000000000000000E+00   0.00000000000000000E+00
ION   42    6   0.00000000000000000E+00   0.00000000000000000E+00   0.00000000000000000E+00
ION   42    7   0.00000000000000000E+00   0.00000000000000000E+00   0.00000000000000000E+00
ION   42    8   0.00000000000000000E+00   0.00000000000000000E+00   0.00000000000000000E+00
ION   43    0   0.00000000000000000E+00   0.00000000000000000E+00   0.00000000000000000E+00
ION   43    1   0.00000000000000000E+00   0.00000000000000000E+00   0.00000000000000000E+00
ION   43    2   0.00000000000000000E+00   0.00000000000000000E+00   0.00000000000000000E+00
ION   43    3   0.00000000000000000E+00   0.00000000000000000E+00   0.00000000000000000E+00
ION   43    4   0.00000000000000000E+00   0.00000000000000000E+00   0.00000000000000000E+00
ION   43    5   0.00000000000000000E+00   0.00000000000000000E+00   0.00000000000000000E+00
ION   43    6   0.00000000000000000E+00   0.00000000000000000E+00   0.00000000000000000E+00
ION   43    7   0.00000000000000000E+00   0.00000000000000000E+00   0.00000000000000000E+00
ION   43    8   0.00000000000000000E+00   0.00000000000000000E+00   0.00000000000000000E+00
ION   44    0   0.00000000000000000E+00   0.00000000000000000E+00   0.00000000000000000E+00
ION   44    1   0.00000000000000000E+00   0.00000000000000000E+00   0.00000000000000000E+00
ION   44    2   0.00000000000000000E+00   0.00000000000000000E+00   0.00000000000000000E+00
ION   44    3   0.00000000000000000E+00   0.00000000000000000E+00   0.00000000000000000E+00
ION   44    4   0.00000000000000000E+00   0.00000000000000000E+00   0.00000000000000000E+00
ION   44    5   0.00000000000000000E+00   0.00000000000000000E+00   0.00000000000000000E+00
ION   44    6   0.00000000000000000E+00   0.00000000000000000E+00   0.00000000000000000E+00
ION   44    7   0.00000000000000000E+00   0.00000000000000000E+00   0.00000000000000000E+00
ION   44    8   0.00000000000000000E+00   0.00000000000000000E+00   0.00000000000000000E+00
ION   45    0   0.00000000000000000E+00   0.00000000000000000E+00   0.00000000000000000E+00
ION   45    1   0.00000000000000000E+00   0.00000000000000000E+00   0.00000000000000000E+00
ION   45    2   0.00000000000000000E+00   0.00000000000000000E+00   0.00000000000000000E+00
ION   45    3   0.00000000000000000E+00   0.00000000000000000E+00   0.00000000000000000E+00
ION   45    4   0.00000000000000000E+00   0.00000000000000000E+00   0.00000000000000000E+00
ION   45    5   0.00000000000000000E+00   0.00000000000000000E+00   0.00000000000000000E+00
ION   45    6   0.00000000000000000E+00   0.00000000000000000E+00   0.00000000000000000E+00
ION   45    7   0.00000000000000000E+00   0.00000000000000000E+00   0.00000000000000000E+00
ION   45    8   0.00000000000000000E+00   0.00000000000000000E+00   0.00000000000000000E+00
ION   46    0   0.00000000000000000E+00   0.00000000000000000E+00   0.00000000000000000E+00
ION   46    1   0.00000000000000000E+00   0.00000000000000000E+00   0.00000000000000000E+00
ION   46    2   0.00000000000000000E+00   0.00000000000000000E+00   0.00000000000000000E+00
ION   46    3   0.00000000000000000E+00   0.00000000000000000E+00   0.00000000000000000E+00
ION   46    4   0.00000000000000000E+00   0.00000000000000000E+00   0.00000000000000000E+00
ION   46    5   0.00000000000000000E+00   0.00000000000000000E+00   0.00000000000000000E+00
ION   46    6   0.00000000000000000E+00   0.00000000000000000E+00   0.00000000000000000E+00
ION   46    7   0.00000000000000000E+00   0.00000000000000000E+00   0.00000000000000000E+00
ION   46    8   0.00000000000000000E+00   0.00000000000000000E+00   0.00000000000000000E+00
ION   47    0   0.00000000000000000E+00   0.00000000000000000E+00   0.00000000000000000E+00
ION   47    1   0.00000000000000000E+00   0.00000000000000000E+00   0.00000000000000000E+00
ION   47    2   0.00000000000000000E+00   0.00000000000000000E+00   0.00000000000000000E+00
ION   47    3   0.00000000000000000E+00   0.00000000000000000E+00   0.00000000000000000E+00
ION   47    4   0.00000000000000000E+00   0.00000000000000000E+00   0.00000000000000000E+00
ION   47    5   0.00000000000000000E+00   0.00000000000000000E+00   0.00000000000000000E+00
ION   47    6   0.00000000000000000E+00   0.00000000000000000E+00   0.00000000000000000E+00
ION   47    7   0.00000000000000000E+00   0.00000000000000000E+00   0.00000000000000000E+00
ION   47    8   0.00000000000000000E+00   0.00000000000000000E+00   0.00000000000000000E+00
ION   48    0   0.00000000000000000E+00   0.00000000000000000E+00   0.00000000000000000E+00
ION   48    1   0.00000000000000000E+00   0.00000000000000000E+00   0.00000000000000000E+00
ION   48    2   0.00000000000000000E+00   0.00000000000000000E+00   0.00000000000000000E+00
ION   48    3   0.00000000000000000E+00   0.00000000000000000E+00   0.00000000000000000E+00
ION   48    4   0.00000000000000000E+00   0.00000000000000000E+00   0.00000000000000000E+00
ION   48    5   0.00000000000000000E+00   0.00000000000000000E+00   0.00000000000000000E+00
ION   48    6   0.00000000000000000E+00   0.00000000000000000E+00   0.00000000000000000E+00
ION   48    7   0.00000000000000000E+00   0.00000000000000000E+00   0.00000000000000000E+00
ION   48    8   0.00000000000000000E+00   0.00000000000000000E+00   0.00000000000000000E+00
ION   49    0   0.00000000000000000E+00   0.00000000000000000E+00   0.00000000000000000E+00
ION   49    1   0.00000000000000000E+00   0.00000000000000000E+00   0.00000000000000000E+00
ION   49    2   0.00000000000000000E+00   0.00000000000000000E+00   0.00000000000000000E+00
ION   49    3   0.00000000000000000E+00   0.00000000000000000E+00   0.00000000000000000E+00
ION   49    4   0.00000000000000000E+00   0.00000000000000000E+00   0.00000000000000000E+00
ION   49    5   0.00000000000000000E+00   0.00000000000000000E+00   0.00000000000000000E+00
ION   49    6   0.00000000000000000E+00   0.00000000000000000E+00   0.00000000000000000E+00
ION   49    7   0.00000000000000000E+00   0.00000000000000000E+00   0.00000000000000000E+00
ION   49    8   0.00000000000000000E+00   0.00000000000000000E+00   0.00000000000000000E+00
ION   50    0   0.00000000000000000E+00   0.00000000000000000E+00   0.00000000000000000E+00
ION   50    1   0.00000000000000000E+00   0.00000000000000000E+00   0.00000000000000000E+00
ION   50    2   0.00000000000000000E+00   0.00000000000000000E+00   0.00000000000000000E+00
ION   50    3   0.00000000000000000E+00   0.00000000000000000E+00   0.00000000000000000E+00
ION   50    4   0.00000000000000000E+00   0.00000000000000000E+00   0.00000000000000000E+00
ION   50    5   0.00000000000000000E+00   0.00000000000000000E+00   0.00000000000000000E+00
ION   50    6   0.00000000000000000E+00   0.00000000000000000E+00   0.00000000000000000E+00
ION   50    7   0.00000000000000000E+00   0.00000000000000000E+00   0.00000000000000000E+00
ION   50    8   0.00000000000000000E+00   0.00000000000000000E+00   0.00000000000000000E+00
ION   51    0   0.00000000000000000E+00   0.00000000000000000E+00   0.00000000000000000E+00
ION   51    1   0.00000000000000000E+00   0.00000000000000000E+00   0.00000000000000000E+00
ION   51    2   0.00000000000000000E+00   0.00000000000000000E+00   0.00000000000000000E+00
ION   51    3   0.00000000000000000E+00   0.00000000000000000E+00   0.00000000000000000E+00
ION   51    4   0.00000000000000000E+00   0.00000000000000000E+00   0.00000000000000000E+00
ION   51    5   0.00000000000000000E+00   0.00000000000000000E+00   0.00000000000000000E+00
ION   51    6   0.00000000000000000E+00   0.00000000000000000E+00   0.00000000000000000E+00
ION   51    7   0.00000000000000000E+00   0.00000000000000000E+00   0.00000000000000000E+00
ION   51    8   0.00000000000000000E+00   0.00000000000000000E+00   0.00000000000000000E+00
ION   52    0   0.00000000000000000E+00   0.00000000000000000E+00   0.00000000000000000E+00
ION   52    1   0.00000000000000000E+00   0.00000000000000000E+00   0.00000000000000000E+00
ION   52    2   0.00000000000000000E+00   0.00000000000000000E+00   0.00000000000000000E+00
ION   52    3   0.00000000000000000E+00   0.00000000000000000E+00   0.00000000000000000E+00
ION   52    4   0.00000000000000000E+00   0.00000000000000000E+00   0.00000000000000000E+00
ION   52    5   0.00000000000000000E+00   0.00000000000000000E+00   0.00000000000000000E+00
ION   52    6   0.00000000000000000E+00   0.00000000000000000E+00   0.00000000000000000E+00
ION   52    7   0.00000000000000000E+00   0.00000000000000000E+00   0.00000000000000000E+00
ION   52    8   0.00000000000000000E+00   0.00000000000000000E+00   0.00000000000000000E+00
ION   53    0   0.00000000000000000E+00   0.00000000000000000E+00   0.00000000000000000E+00
ION   53    1   0.00000000000000000E+00   0.00000000000000000E+00   0.00000000000000000E+00
ION   53    2   0.00000000000000000E+00   0.00000000000000000E+00   0.00000000000000000E+00
ION   53    3   0.00000000000000000E+00   0.00000000000000000E+00   0.00000000000000000E+00
ION   53    4   0.00000000000000000E+00   0.00000000000000000E+00   0.00000000000000000E+00
ION   53    5   0.00000000000000000E+00   0.00000000000000000E+00   0.00000000000000000E+00
ION   53    6   0.00000000000000000E+00   0.00000000000000000E+00   0.00000000000000000E+00
ION   53    7   0.00000000000000000E+00   0.00000000000000000E+00   0.00000000000000000E+00
ION   53    8   0.00000000000000000E+00   0.00000000000000000E+00   0.00000000000000000E+00
ION   54    0   0.00000000000000000E+00   0.00000000000000000E+00   0.00000000000000000E+00
ION   54    1   0.00000000000000000E+00   0.00000000000000000E+00   0.00000000000000000E+00
ION   54    2   0.00000000000000000E+00   0.00000000000000000E+00   0.00000000000000000E+00
ION   54    3   0.00000000000000000E+00   0.00000000000000000E+00   0.00000000000000000E+00
ION   54    4   0.00000000000000000E+00   0.00000000000000000E+00   0.00000000000000000E+00
ION   54    5   0.00000000000000000E+00   0.00000000000000000E+00   0.00000000000000000E+00
ION   54    6   0.00000000000000000E+00   0.00000000000000000E+00   0.00000000000000000E+00
ION   54    7   0.00000000000000000E+00   0.00000000000000000E+00   0.00000000000000000E+00
ION   54    8   0.00000000000000000E+00   0.00000000000000000E+00   0.00000000000000000E+00
ION   55    0   0.00000000000000000E+00   0.00000000000000000E+00   0.00000000000000000E+00
ION   55    1   0.00000000000000000E+00   0.00000000000000000E+00   0.00000000000000000E+00
ION   55    2   0.00000000000000000E+00   0.00000000000000000E+00   0.00000000000000000E+00
ION   55    3   0.00000000000000000E+00   0.00000000000000000E+00   0.00000000000000000E+00
ION   55    4   0.00000000000000000E+00   0.00000000000000000E+00   0.00000000000000000E+00
ION   55    5   0.00000000000000000E+00   0.00000000000000000E+00   0.00000000000000000E+00
ION   55    6   0.00000000000000000E+00   0.00000000000000000E+00   0.00000000000000000E+00
ION   55    7   0.00000000000000000E+00   0.00000000000000000E+00   0.00000000000000000E+00
ION   55    8   0.00000000000000000E+00   0.00000000000000000E+00   0.00000000000000000E+00
ION   56    0   0.00000000000000000E+00   0.00000000000000000E+00   0.00000000000000000E+00
ION   56    1   0.00000000000000000E+00   0.00000000000000000E+00   0.00000000000000000E+00
ION   56    2   0.00000000000000000E+00   0.00000000000000000E+00   0.00000000000000000E+00
ION   56    3   0.00000000000000000E+00   0.00000000000000000E+00   0.00000000000000000E+00
ION   56    4   0.00000000000000000E+00   0.00000000000000000E+00   0.00000000000000000E+00
ION   56    5   0.00000000000000000E+00   0.00000000000000000E+00   0.00000000000000000E+00
ION   56    6   0.00000000000000000E+00   0.00000000000000000E+00   0.00000000000000000E+00
ION   56    7   0.00000000000000000E+00   0.00000000000000000E+00   0.00000000000000000E+00
ION   56    8   0.00000000000000000E+00   0.00000000000000000E+00   0.00000000000000000E+00
ION   57    0   0.00000000000000000E+00   0.00000000000000000E+00   0.00000000000000000E+00
ION   57    1   0.00000000000000000E+00   0.00000000000000000E+00   0.00000000000000000E+00
ION   57    2   0.00000000000000000E+00   0.00000000000000000E+00   0.00000000000000000E+00
ION   57    3   0.00000000000000000E+00   0.00000000000000000E+00   0.00000000000000000E+00
ION   57    4   0.00000000000000000E+00   0.00000000000000000E+00   0.00000000000000000E+00
ION   57    5   0.00000000000000000E+00   0.00000000000000000E+00   0.00000000000000000E+00
ION   57    6   0.00000000000000000E+00   0.00000000000000000E+00   0.00000000000000000E+00
ION   57    7   0.00000000000000000E+00   0.00000000000000000E+00   0.00000000000000000E+00
ION   57    8   0.00000000000000000E+00   0.00000000000000000E+00   0.00000000000000000E+00
ION   58    0   0.00000000000000000E+00   0.00000000000000000E+00   0.00000000000000000E+00
ION   58    1   0.00000000000000000E+00   0.00000000000000000E+00   0.00000000000000000E+00
ION   58    2   0.00000000000000000E+00   0.00000000000000000E+00   0.00000000000000000E+00
ION   58    3   0.00000000000000000E+00   0.00000000000000000E+00   0.00000000000000000E+00
ION   58    4   0.00000000000000000E+00   0.00000000000000000E+00   0.00000000000000000E+00
ION   58    5   0.00000000000000000E+00   0.00000000000000000E+00   0.00000000000000000E+00
ION   58    6   0.00000000000000000E+00   0.00000000000000000E+00   0.00000000000000000E+00
ION   58    7   0.00000000000000000E+00   0.00000000000000000E+00   0.00000000000000000E+00
ION   58    8   0.00000000000000000E+00   0.00000000000000000E+00   0.00000000000000000E+00
ION   59    0   0.00000000000000000E+00   0.00000000000000000E+00   0.00000000000000000E+00
ION   59    1   0.00000000000000000E+00   0.00000000000000000E+00   0.00000000000000000E+00
ION   59    2   0.00000000000000000E+00   0.00000000000000000E+00   0.00000000000000000E+00
ION   59    3   0.00000000000000000E+00   0.00000000000000000E+00   0.00000000000000000E+00
ION   59    4   0.00000000000000000E+00   0.00000000000000000E+00   0.00000000000000000E+00
ION   59    5   0.00000000000000000E+00   0.00000000000000000E+00   0.00000000000000000E+00
ION   59    6   0.00000000000000000E+00   0.00000000000000000E+00   0.00000000000000000E+00
ION   59    7   0.00000000000000000E+00   0.00000000000000000E+00   0.00000000000000000E+00
ION   59    8   0.00000000000000000E+00   0.00000000000000000E+00   0.00000000000000000E+00
ION   60    0   0.00000000000000000E+00   0.00000000000000000E+00   0.00000000000000000E+00
ION   60    1   0.00000000000000000E+00   0.00000000000000000E+00   0.00000000000000000E+00
ION   60    2   0.00000000000000000E+00   0.00000000000000000E+00   0.00000000000000000E+00
ION   60    3   0.00000000000000000E+00   0.00000000000000000E+00   0.00000000000000000E+00
ION   60    4   0.00000000000000000E+00   0.00000000000000000E+00   0.00000000000000000E+00
ION   60    5   0.00000000000000000E+00   0.00000000000000000E+00   0.00000000000000000E+00
ION   60    6   0.00000000000000000E+00   0.00000000000000000E+00   0.00000000000000000E+00
ION   60    7   0.00000000000000000E+00   0.00000000000000000E+00   0.00000000000000000E+00
ION   60    8   0.00000000000000000E+00   0.00000000000000000E+00   0.00000000000000000E+00
ION   61    0   0.00000000000000000E+00   0.00000000000000000E+00   0.00000000000000000E+00
ION   61    1   0.00000000000000000E+00   0.00000000000000000E+00   0.00000000000000000E+00
ION   61    2   0.00000000000000000E+00   0.00000000000000000E+00   0.00000000000000000E+00
ION   61    3   0.00000000000000000E+00   0.00000000000000000E+00   0.00000000000000000E+00
ION   61    4   0.00000000000000000E+00   0.00000000000000000E+00   0.00000000000000000E+00
ION   61    5   0.00000000000000000E+00   0.00000000000000000E+00   0.00000000000000000E+00
ION   61    6   0.00000000000000000E+00   0.00000000000000000E+00   0.00000000000000000E+00
ION   61    7   0.00000000000000000E+00   0.00000000000000000E+00   0.00000000000000000E+00
ION   61    8   0.00000000000000000E+00   0.00000000000000000E+00   0.00000000000000000E+00
ION   62    0   0.00000000000000000E+00   0.00000000000000000E+00   0.00000000000000000E+00
ION   62    1   0.00000000000000000E+00   0.00000000000000000E+00   0.00000000000000000E+00
ION   62    2   0.00000000000000000E+00   0.00000000000000000E+00   0.00000000000000000E+00
ION   62    3   0.00000000000000000E+00   0.00000000000000000E+00   0.00000000000000000E+00
ION   62    4   0.00000000000000000E+00   0.00000000000000000E+00   0.00000000000000000E+00
ION   62    5   0.00000000000000000E+00   0.00000000000000000E+00   0.00000000000000000E+00
ION   62    6   0.00000000000000000E+00   0.00000000000000000E+00   0.00000000000000000E+00
ION   62    7   0.00000000000000000E+00   0.00000000000000000E+00   0.00000000000000000E+00
ION   62    8   0.00000000000000000E+00   0.00000000000000000E+00   0.00000000000000000E+00
ION   63    0   0.00000000000000000E+00   0.00000000000000000E+00   0.00000000000000000E+00
ION   63    1   0.00000000000000000E+00   0.00000000000000000E+00   0.00000000000000000E+00
ION   63    2   0.00000000000000000E+00   0.00000000000000000E+00   0.00000000000000000E+00
ION   63    3   0.00000000000000000E+00   0.00000000000000000E+00   0.00000000000000000E+00
ION   63    4   0.00000000000000000E+00   0.00000000000000000E+00   0.00000000000000000E+00
ION   63    5   0.00000000000000000E+00   0.00000000000000000E+00   0.00000000000000000E+00
ION   63    6   0.00000000000000000E+00   0.00000000000000000E+00   0.00000000000000000E+00
ION   63    7   0.00000000000000000E+00   0.00000000000000000E+00   0.00000000000000000E+00
ION   63    8   0.00000000000000000E+00   0.00000000000000000E+00   0.00000000000000000E+00
ION   64    0   0.00000000000000000E+00   0.00000000000000000E+00   0.00000000000000000E+00
ION   64    1   0.00000000000000000E+00   0.00000000000000000E+00   0.00000000000000000E+00
ION   64    2   0.00000000000000000E+00   0.00000000000000000E+00   0.00000000000000000E+00
ION   64    3   0.00000000000000000E+00   0.00000000000000000E+00   0.00000000000000000E+00
ION   64    4   0.00000000000000000E+00   0.00000000000000000E+00   0.00000000000000000E+00
ION   64    5   0.00000000000000000E+00   0.00000000000000000E+00   0.00000000000000000E+00
ION   64    6   0.00000000000000000E+00   0.00000000000000000E+00   0.00000000000000000E+00
ION   64    7   0.00000000000000000E+00   0.00000000000000000E+00   0.00000000000000000E+00
ION   64    8   0.00000000000000000E+00   0.00000000000000000E+00   0.00000000000000000E+00
ION   65    0   0.00000000000000000E+00   0.00000000000000000E+00   0.00000000000000000E+00
ION   65    1   0.00000000000000000E+00   0.00000000000000000E+00   0.00000000000000000E+00
ION   65    2   0.00000000000000000E+00   0.00000000000000000E+00   0.00000000000000000E+00
ION   65    3   0.00000000000000000E+00   0.00000000000000000E+00   0.00000000000000000E+00
ION   65    4   0.00000000000000000E+00   0.00000000000000000E+00   0.00000000000000000E+00
ION   65    5   0.00000000000000000E+00   0.00000000000000000E+00   0.00000000000000000E+00
ION   65    6   0.00000000000000000E+00   0.00000000000000000E+00   0.00000000000000000E+00
ION   65    7   0.00000000000000000E+00   0.00000000000000000E+00   0.00000000000000000E+00
ION   65    8   0.00000000000000000E+00   0.00000000000000000E+00   0.00000000000000000E+00
ION   66    0   0.00000000000000000E+00   0.00000000000000000E+00   0.00000000000000000E+00
ION   66    1   0.00000000000000000E+00   0.00000000000000000E+00   0.00000000000000000E+00
ION   66    2   0.00000000000000000E+00   0.00000000000000000E+00   0.00000000000000000E+00
ION   66    3   0.00000000000000000E+00   0.00000000000000000E+00   0.00000000000000000E+00
ION   66    4   0.00000000000000000E+00   0.00000000000000000E+00   0.00000000000000000E+00
ION   66    5   0.00000000000000000E+00   0.00000000000000000E+00   0.00000000000000000E+00
ION   66    6   0.00000000000000000E+00   0.00000000000000000E+00   0.00000000000000000E+00
ION   66    7   0.00000000000000000E+00   0.00000000000000000E+00   0.00000000000000000E+00
ION   66    8   0.00000000000000000E+00   0.00000000000000000E+00   0.00000000000000000E+00
ION   67    0   0.00000000000000000E+00   0.00000000000000000E+00   0.00000000000000000E+00
ION   67    1   0.00000000000000000E+00   0.00000000000000000E+00   0.00000000000000000E+00
ION   67    2   0.00000000000000000E+00   0.00000000000000000E+00   0.00000000000000000E+00
ION   67    3   0.00000000000000000E+00   0.00000000000000000E+00   0.00000000000000000E+00
ION   67    4   0.00000000000000000E+00   0.00000000000000000E+00   0.00000000000000000E+00
ION   67    5   0.00000000000000000E+00   0.00000000000000000E+00   0.00000000000000000E+00
ION   67    6   0.00000000000000000E+00   0.00000000000000000E+00   0.00000000000000000E+00
ION   67    7   0.00000000000000000E+00   0.00000000000000000E+00   0.00000000000000000E+00
ION   67    8   0.00000000000000000E+00   0.00000000000000000E+00   0.00000000000000000E+00
ION   68    0   0.00000000000000000E+00   0.00000000000000000E+00   0.00000000000000000E+00
ION   68    1   0.00000000000000000E+00   0.00000000000000000E+00   0.00000000000000000E+00
ION   68    2   0.00000000000000000E+00   0.00000000000000000E+00   0.00000000000000000E+00
ION   68    3   0.00000000000000000E+00   0.00000000000000000E+00   0.00000000000000000E+00
ION   68    4   0.00000000000000000E+00   0.00000000000000000E+00   0.00000000000000000E+00
ION   68    5   0.00000000000000000E+00   0.00000000000000000E+00   0.00000000000000000E+00
ION   68    6   0.00000000000000000E+00   0.00000000000000000E+00   0.00000000000000000E+00
ION   68    7   0.00000000000000000E+00   0.00000000000000000E+00   0.00000000000000000E+00
ION   68    8   0.00000000000000000E+00   0.00000000000000000E+00   0.00000000000000000E+00
ION   69    0   0.00000000000000000E+00   0.00000000000000000E+00   0.00000000000000000E+00
ION   69    1   0.00000000000000000E+00   0.00000000000000000E+00   0.00000000000000000E+00
ION   69    2   0.00000000000000000E+00   0.00000000000000000E+00   0.00000000000000000E+00
ION   69    3   0.00000000000000000E+00   0.00000000000000000E+00   0.00000000000000000E+00
ION   69    4   0.00000000000000000E+00   0.00000000000000000E+00   0.00000000000000000E+00
ION   69    5   0.00000000000000000E+00   0.00000000000000000E+00   0.00000000000000000E+00
ION   69    6   0.00000000000000000E+00   0.00000000000000000E+00   0.00000000000000000E+00
ION   69    7   0.00000000000000000E+00   0.00000000000000000E+00   0.00000000000000000E+00
ION   69    8   0.00000000000000000E+00   0.00000000000000000E+00   0.00000000000000000E+00
ION   70    0   0.00000000000000000E+00   0.00000000000000000E+00   0.00000000000000000E+00
ION   70    1   0.00000000000000000E+00   0.00000000000000000E+00   0.00000000000000000E+00
ION   70    2   0.00000000000000000E+00   0.00000000000000000E+00   0.00000000000000000E+00
ION   70    3   0.00000000000000000E+00   0.00000000000000000E+00   0.00000000000000000E+00
ION   70    4   0.00000000000000000E+00   0.00000000000000000E+00   0.00000000000000000E+00
ION   70    5   0.00000000000000000E+00   0.00000000000000000E+00   0.00000000000000000E+00
ION   70    6   0.00000000000000000E+00   0.00000000000000000E+00   0.00000000000000000E+00
ION   70    7   0.00000000000000000E+00   0.00000000000000000E+00   0.00000000000000000E+00
ION   70    8   0.00000000000000000E+00   0.00000000000000000E+00   0.00000000000000000E+00
ION   71    0   0.00000000000000000E+00   0.00000000000000000E+00   0.00000000000000000E+00
ION   71    1   0.00000000000000000E+00   0.00000000000000000E+00   0.00000000000000000E+00
ION   71    2   0.00000000000000000E+00   0.00000000000000000E+00   0.00000000000000000E+00
ION   71    3   0.00000000000000000E+00   0.00000000000000000E+00   0.00000000000000000E+00
ION   71    4   0.00000000000000000E+00   0.00000000000000000E+00   0.00000000000000000E+00
ION   71    5   0.00000000000000000E+00   0.00000000000000000E+00   0.00000000000000000E+00
ION   71    6   0.00000000000000000E+00   0.00000000000000000E+00   0.00000000000000000E+00
ION   71    7   0.00000000000000000E+00   0.00000000000000000E+00   0.00000000000000000E+00
ION   71    8   0.00000000000000000E+00   0.00000000000000000E+00   0.00000000000000000E+00
ION   72    0   0.00000000000000000E+00   0.00000000000000000E+00   0.00000000000000000E+00
ION   72    1   0.00000000000000000E+00   0.00000000000000000E+00   0.00000000000000000E+00
ION   72    2   0.00000000000000000E+00   0.00000000000000000E+00   0.00000000000000000E+00
ION   72    3   0.00000000000000000E+00   0.00000000000000000E+00   0.00000000000000000E+00
ION   72    4   0.00000000000000000E+00   0.00000000000000000E+00   0.00000000000000000E+00
ION   72    5   0.00000000000000000E+00   0.00000000000000000E+00   0.00000000000000000E+00
ION   72    6   0.00000000000000000E+00   0.00000000000000000E+00   0.00000000000000000E+00
ION   72    7   0.00000000000000000E+00   0.00000000000000000E+00   0.00000000000000000E+00
ION   72    8   0.00000000000000000E+00   0.00000000000000000E+00   0.00000000000000000E+00
ION   73    0   0.00000000000000000E+00   0.00000000000000000E+00   0.00000000000000000E+00
ION   73    1   0.00000000000000000E+00   0.00000000000000000E+00   0.00000000000000000E+00
ION   73    2   0.00000000000000000E+00   0.00000000000000000E+00   0.00000000000000000E+00
ION   73    3   0.00000000000000000E+00   0.00000000000000000E+00   0.00000000000000000E+00
ION   73    4   0.00000000000000000E+00   0.00000000000000000E+00   0.00000000000000000E+00
ION   73    5   0.00000000000000000E+00   0.00000000000000000E+00   0.00000000000000000E+00
ION   73    6   0.00000000000000000E+00   0.00000000000000000E+00   0.00000000000000000E+00
ION   73    7   0.00000000000000000E+00   0.00000000000000000E+00   0.00000000000000000E+00
ION   73    8   0.00000000000000000E+00   0.00000000000000000E+00   0.00000000000000000E+00
ION   74    0   0.00000000000000000E+00   0.00000000000000000E+00   0.00000000000000000E+00
ION   74    1   0.00000000000000000E+00   0.00000000000000000E+00   0.00000000000000000E+00
ION   74    2   0.00000000000000000E+00   0.00000000000000000E+00   0.00000000000000000E+00
ION   74    3   0.00000000000000000E+00   0.00000000000000000E+00   0.00000000000000000E+00
ION   74    4   0.00000000000000000E+00   0.00000000000000000E+00   0.00000000000000000E+00
ION   74    5   0.00000000000000000E+00   0.00000000000000000E+00   0.00000000000000000E+00
ION   74    6   0.00000000000000000E+00   0.00000000000000000E+00   0.00000000000000000E+00
ION   74    7   0.00000000000000000E+00   0.00000000000000000E+00   0.00000000000000000E+00
ION   74    8   0.00000000000000000E+00   0.00000000000000000E+00   0.00000000000000000E+00
ION   75    0   0.00000000000000000E+00   0.00000000000000000E+00   0.00000000000000000E+00
ION   75    1   0.00000000000000000E+00   0.00000000000000000E+00   0.00000000000000000E+00
ION   75    2   0.00000000000000000E+00   0.00000000000000000E+00   0.00000000000000000E+00
ION   75    3   0.00000000000000000E+00   0.00000000000000000E+00   0.00000000000000000E+00
ION   75    4   0.00000000000000000E+00   0.00000000000000000E+00   0.00000000000000000E+00
ION   75    5   0.00000000000000000E+00   0.00000000000000000E+00   0.00000000000000000E+00
ION   75    6   0.00000000000000000E+00   0.00000000000000000E+00   0.00000000000000000E+00
ION   75    7   0.00000000000000000E+00   0.00000000000000000E+00   0.00000000000000000E+00
ION   75    8   0.00000000000000000E+00   0.00000000000000000E+00   0.00000000000000000E+00
ION   76    0   0.00000000000000000E+00   0.00000000000000000E+00   0.00000000000000000E+00
ION   76    1   0.00000000000000000E+00   0.00000000000000000E+00   0.00000000000000000E+00
ION   76    2   0.00000000000000000E+00   0.00000000000000000E+00   0.00000000000000000E+00
ION   76    3   0.00000000000000000E+00   0.00000000000000000E+00   0.00000000000000000E+00
ION   76    4   0.00000000000000000E+00   0.00000000000000000E+00   0.00000000000000000E+00
ION   76    5   0.00000000000000000E+00   0.00000000000000000E+00   0.00000000000000000E+00
ION   76    6   0.00000000000000000E+00   0.00000000000000000E+00   0.00000000000000000E+00
ION   76    7   0.00000000000000000E+00   0.00000000000000000E+00   0.00000000000000000E+00
ION   76    8   0.00000000000000000E+00   0.00000000000000000E+00   0.00000000000000000E+00
ION   77    0   0.00000000000000000E+00   0.00000000000000000E+00   0.00000000000000000E+00
ION   77    1   0.00000000000000000E+00   0.00000000000000000E+00   0.00000000000000000E+00
ION   77    2   0.00000000000000000E+00   0.00000000000000000E+00   0.00000000000000000E+00
ION   77    3   0.00000000000000000E+00   0.00000000000000000E+00   0.00000000000000000E+00
ION   77    4   0.00000000000000000E+00   0.00000000000000000E+00   0.00000000000000000E+00
ION   77    5   0.00000000000000000E+00   0.00000000000000000E+00   0.00000000000000000E+00
ION   77    6   0.00000000000000000E+00   0.00000000000000000E+00   0.00000000000000000E+00
ION   77    7   0.00000000000000000E+00   0.00000000000000000E+00   0.00000000000000000E+00
ION   77    8   0.00000000000000000E+00   0.00000000000000000E+00   0.00000000000000000E+00
ION   78    0   0.00000000000000000E+00   0.00000000000000000E+00   0.00000000000000000E+00
ION   78    1   0.00000000000000000E+00   0.00000000000000000E+00   0.00000000000000000E+00
ION   78    2   0.00000000000000000E+00   0.00000000000000000E+00   0.00000000000000000E+00
ION   78    3   0.00000000000000000E+00   0.00000000000000000E+00   0.00000000000000000E+00
ION   78    4   0.00000000000000000E+00   0.00000000000000000E+00   0.00000000000000000E+00
ION   78    5   0.00000000000000000E+00   0.00000000000000000E+00   0.00000000000000000E+00
ION   78    6   0.00000000000000000E+00   0.00000000000000000E+00   0.00000000000000000E+00
ION   78    7   0.00000000000000000E+00   0.00000000000000000E+00   0.00000000000000000E+00
ION   78    8   0.00000000000000000E+00   0.00000000000000000E+00   0.00000000000000000E+00
ION   79    0   0.00000000000000000E+00   0.00000000000000000E+00   0.00000000000000000E+00
ION   79    1   0.00000000000000000E+00   0.00000000000000000E+00   0.00000000000000000E+00
ION   79    2   0.00000000000000000E+00   0.00000000000000000E+00   0.00000000000000000E+00
ION   79    3   0.00000000000000000E+00   0.00000000000000000E+00   0.00000000000000000E+00
ION   79    4   0.00000000000000000E+00   0.00000000000000000E+00   0.00000000000000000E+00
ION   79    5   0.00000000000000000E+00   0.00000000000000000E+00   0.00000000000000000E+00
ION   79    6   0.00000000000000000E+00   0.00000000000000000E+00   0.00000000000000000E+00
ION   79    7   0.00000000000000000E+00   0.00000000000000000E+00   0.00000000000000000E+00
ION   79    8   0.00000000000000000E+00   0.00000000000000000E+00   0.00000000000000000E+00
ION   80    0   0.00000000000000000E+00   0.00000000000000000E+00   0.00000000000000000E+00
ION   80    1   0.00000000000000000E+00   0.00000000000000000E+00   0.00000000000000000E+00
ION   80    2   0.00000000000000000E+00   0.00000000000000000E+00   0.00000000000000000E+00
ION   80    3   0.00000000000000000E+00   0.00000000000000000E+00   0.00000000000000000E+00
ION   80    4   0.00000000000000000E+00   0.00000000000000000E+00   0.00000000000000000E+00
ION   80    5   0.00000000000000000E+00   0.00000000000000000E+00   0.00000000000000000E+00
ION   80    6   0.00000000000000000E+00   0.00000000000000000E+00   0.00000000000000000E+00
ION   80    7   0.00000000000000000E+00   0.00000000000000000E+00   0.00000000000000000E+00
ION   80    8   0.00000000000000000E+00   0.00000000000000000E+00   0.00000000000000000E+00
ION   81    0   0.00000000000000000E+00   0.00000000000000000E+00   0.00000000000000000E+00
ION   81    1   0.00000000000000000E+00   0.00000000000000000E+00   0.00000000000000000E+00
ION   81    2   0.00000000000000000E+00   0.00000000000000000E+00   0.00000000000000000E+00
ION   81    3   0.00000000000000000E+00   0.00000000000000000E+00   0.00000000000000000E+00
ION   81    4   0.00000000000000000E+00   0.00000000000000000E+00   0.00000000000000000E+00
ION   81    5   0.00000000000000000E+00   0.00000000000000000E+00   0.00000000000000000E+00
ION   81    6   0.00000000000000000E+00   0.00000000000000000E+00   0.00000000000000000E+00
ION   81    7   0.00000000000000000E+00   0.00000000000000000E+00   0.00000000000000000E+00
ION   81    8   0.00000000000000000E+00   0.00000000000000000E+00   0.00000000000000000E+00
ION   82    0   0.00000000000000000E+00   0.00000000000000000E+00   0.00000000000000000E+00
ION   82    1   0.00000000000000000E+00   0.00000000000000000E+00   0.00000000000000000E+00
ION   82    2   0.00000000000000000E+00   0.00000000000000000E+00   0.00000000000000000E+00
ION   82    3   0.00000000000000000E+00   0.00000000000000000E+00   0.00000000000000000E+00
ION   82    4   0.00000000000000000E+00   0.00000000000000000E+00   0.00000000000000000E+00
ION   82    5   0.00000000000000000E+00   0.00000000000000000E+00   0.00000000000000000E+00
ION   82    6   0.00000000000000000E+00   0.00000000000000000E+00   0.00000000000000000E+00
ION   82    7   0.00000000000000000E+00   0.00000000000000000E+00   0.00000000000000000E+00
ION   82    8   0.00000000000000000E+00   0.00000000000000000E+00   0.00000000000000000E+00
ION   83    0   0.00000000000000000E+00   0.00000000000000000E+00   0.00000000000000000E+00
ION   83    1   0.00000000000000000E+00   0.00000000000000000E+00   0.00000000000000000E+00
ION   83    2   0.00000000000000000E+00   0.00000000000000000E+00   0.00000000000000000E+00
ION   83    3   0.00000000000000000E+00   0.00000000000000000E+00   0.00000000000000000E+00
ION   83    4   0.00000000000000000E+00   0.00000000000000000E+00   0.00000000000000000E+00
ION   83    5   0.00000000000000000E+00   0.00000000000000000E+00   0.00000000000000000E+00
ION   83    6   0.00000000000000000E+00   0.00000000000000000E+00   0.00000000000000000E+00
ION   83    7   0.00000000000000000E+00   0.00000000000000000E+00   0.00000000000000000E+00
ION   83    8   0.00000000000000000E+00   0.00000000000000000E+00   0.00000000000000000E+00
ION   84    0   0.00000000000000000E+00   0.00000000000000000E+00   0.00000000000000000E+00
ION   84    1   0.00000000000000000E+00   0.00000000000000000E+00   0.00000000000000000E+00
ION   84    2   0.00000000000000000E+00   0.00000000000000000E+00   0.00000000000000000E+00
ION   84    3   0.00000000000000000E+00   0.00000000000000000E+00   0.00000000000000000E+00
ION   84    4   0.00000000000000000E+00   0.00000000000000000E+00   0.00000000000000000E+00
ION   84    5   0.00000000000000000E+00   0.00000000000000000E+00   0.00000000000000000E+00
ION   84    6   0.00000000000000000E+00   0.00000000000000000E+00   0.00000000000000000E+00
ION   84    7   0.00000000000000000E+00   0.00000000000000000E+00   0.00000000000000000E+00
ION   84    8   0.00000000000000000E+00   0.00000000000000000E+00   0.00000000000000000E+00
ION   85    0   0.00000000000000000E+00   0.00000000000000000E+00   0.00000000000000000E+00
ION   85    1   0.00000000000000000E+00   0.00000000000000000E+00   0.00000000000000000E+00
ION   85    2   0.00000000000000000E+00   0.00000000000000000E+00   0.00000000000000000E+00
ION   85    3   0.00000000000000000E+00   0.00000000000000000E+00   0.00000000000000000E+00
ION   85    4   0.00000000000000000E+00   0.00000000000000000E+00   0.00000000000000000E+00
ION   85    5   0.00000000000000000E+00   0.00000000000000000E+00   0.00000000000000000E+00
ION   85    6   0.00000000000000000E+00   0.00000000000000000E+00   0.00000000000000000E+00
ION   85    7   0.00000000000000000E+00   0.00000000000000000E+00   0.00000000000000000E+00
ION   85    8   0.00000000000000000E+00   0.00000000000000000E+00   0.00000000000000000E+00
ION   86    0   0.00000000000000000E+00   0.00000000000000000E+00   0.00000000000000000E+00
ION   86    1   0.00000000000000000E+00   0.00000000000000000E+00   0.00000000000000000E+00
ION   86    2   0.00000000000000000E+00   0.00000000000000000E+00   0.00000000000000000E+00
ION   86    3   0.00000000000000000E+00   0.00000000000000000E+00   0.00000000000000000E+00
ION   86    4   0.00000000000000000E+00   0.00000000000000000E+00   0.00000000000000000E+00
ION   86    5   0.00000000000000000E+00   0.00000000000000000E+00   0.00000000000000000E+00
ION   86    6   0.00000000000000000E+00   0.00000000000000000E+00   0.00000000000000000E+00
ION   86    7   0.00000000000000000E+00   0.00000000000000000E+00   0.00000000000000000E+00
ION   86    8   0.00000000000000000E+00   0.00000000000000000E+00   0.00000000000000000E+00
ION   87    0   0.00000000000000000E+00   0.00000000000000000E+00   0.00000000000000000E+00
ION   87    1   0.00000000000000000E+00   0.00000000000000000E+00   0.00000000000000000E+00
ION   87    2   0.00000000000000000E+00   0.00000000000000000E+00   0.00000000000000000E+00
ION   87    3   0.00000000000000000E+00   0.00000000000000000E+00   0.00000000000000000E+00
ION   87    4   0.00000000000000000E+00   0.00000000000000000E+00   0.00000000000000000E+00
ION   87    5   0.00000000000000000E+00   0.00000000000000000E+00   0.00000000000000000E+00
ION   87    6   0.00000000000000000E+00   0.00000000000000000E+00   0.00000000000000000E+00
ION   87    7   0.00000000000000000E+00   0.00000000000000000E+00   0.00000000000000000E+00
ION   87    8   0.00000000000000000E+00   0.00000000000000000E+00   0.00000000000000000E+00
ION   88    0   0.00000000000000000E+00   0.00000000000000000E+00   0.00000000000000000E+00
ION   88    1   0.00000000000000000E+00   0.00000000000000000E+00   0.00000000000000000E+00
ION   88    2   0.00000000000000000E+00   0.00000000000000000E+00   0.00000000000000000E+00
ION   88    3   0.00000000000000000E+00   0.00000000000000000E+00   0.00000000000000000E+00
ION   88    4   0.00000000000000000E+00   0.00000000000000000E+00   0.00000000000000000E+00
ION   88    5   0.00000000000000000E+00   0.00000000000000000E+00   0.00000000000000000E+00
ION   88    6   0.00000000000000000E+00   0.00000000000000000E+00   0.00000000000000000E+00
ION   88    7   0.00000000000000000E+00   0.00000000000000000E+00   0.00000000000000000E+00
ION   88    8   0.00000000000000000E+00   0.00000000000000000E+00   0.00000000000000000E+00
ION   89    0   0.00000000000000000E+00   0.00000000000000000E+00   0.00000000000000000E+00
ION   89    1   0.00000000000000000E+00   0.00000000000000000E+00   0.00000000000000000E+00
ION   89    2   0.00000000000000000E+00   0.00000000000000000E+00   0.00000000000000000E+00
ION   89    3   0.00000000000000000E+00   0.00000000000000000E+00   0.00000000000000000E+00
ION   89    4   0.00000000000000000E+00   0.00000000000000000E+00   0.00000000000000000E+00
ION   89    5   0.00000000000000000E+00   0.00000000000000000E+00   0.00000000000000000E+00
ION   89    6   0.00000000000000000E+00   0.00000000000000000E+00   0.00000000000000000E+00
ION   89    7   0.00000000000000000E+00   0.00000000000000000E+00   0.00000000000000000E+00
ION   89    8   0.00000000000000000E+00   0.00000000000000000E+00   0.00000000000000000E+00
ION   90    0   0.00000000000000000E+00   0.00000000000000000E+00   0.00000000000000000E+00
ION   90    1   0.00000000000000000E+00   0.00000000000000000E+00   0.00000000000000000E+00
ION   90    2   0.00000000000000000E+00   0.00000000000000000E+00   0.00000000000000000E+00
ION   90    3   0.00000000000000000E+00   0.00000000000000000E+00   0.00000000000000000E+00
ION   90    4   0.00000000000000000E+00   0.00000000000000000E+00   0.00000000000000000E+00
ION   90    5   0.00000000000000000E+00   0.00000000000000000E+00   0.00000000000000000E+00
ION   90    6   0.00000000000000000E+00   0.00000000000000000E+00   0.00000000000000000E+00
ION   90    7   0.00000000000000000E+00   0.00000000000000000E+00   0.00000000000000000E+00
ION   90    8   0.00000000000000000E+00   0.00000000000000000E+00   0.00000000000000000E+00
ION   91    0   0.00000000000000000E+00   0.00000000000000000E+00   0.00000000000000000E+00
ION   91    1   0.00000000000000000E+00   0.00000000000000000E+00   0.00000000000000000E+00
ION   91    2   0.00000000000000000E+00   0.00000000000000000E+00   0.00000000000000000E+00
ION   91    3   0.00000000000000000E+00   0.00000000000000000E+00   0.00000000000000000E+00
ION   91    4   0.00000000000000000E+00   0.00000000000000000E+00   0.00000000000000000E+00
ION   91    5   0.00000000000000000E+00   0.00000000000000000E+00   0.00000000000000000E+00
ION   91    6   0.00000000000000000E+00   0.00000000000000000E+00   0.00000000000000000E+00
ION   91    7   0.00000000000000000E+00   0.00000000000000000E+00   0.00000000000000000E+00
ION   91    8   0.00000000000000000E+00   0.00000000000000000E+00   0.00000000000000000E+00
ION   92    0   0.00000000000000000E+00   0.00000000000000000E+00   0.00000000000000000E+00
ION   92    1   0.00000000000000000E+00   0.00000000000000000E+00   0.00000000000000000E+00
ION   92    2   0.00000000000000000E+00   0.00000000000000000E+00   0.00000000000000000E+00
ION   92    3   0.00000000000000000E+00   0.00000000000000000E+00   0.00000000000000000E+00
ION   92    4   0.00000000000000000E+00   0.00000000000000000E+00   0.00000000000000000E+00
ION   92    5   0.00000000000000000E+00   0.00000000000000000E+00   0.00000000000000000E+00
ION   92    6   0.00000000000000000E+00   0.00000000000000000E+00   0.00000000000000000E+00
ION   92    7   0.00000000000000000E+00   0.00000000000000000E+00   0.00000000000000000E+00
ION   92    8   0.00000000000000000E+00   0.00000000000000000E+00   0.00000000000000000E+00
ION   93    0   0.00000000000000000E+00   0.00000000000000000E+00   0.00000000000000000E+00
ION   93    1   0.00000000000000000E+00   0.00000000000000000E+00   0.00000000000000000E+00
ION   93    2   0.00000000000000000E+00   0.00000000000000000E+00   0.00000000000000000E+00
ION   93    3   0.00000000000000000E+00   0.00000000000000000E+00   0.00000000000000000E+00
ION   93    4   0.00000000000000000E+00   0.00000000000000000E+00   0.00000000000000000E+00
ION   93    5   0.00000000000000000E+00   0.00000000000000000E+00   0.00000000000000000E+00
ION   93    6   0.00000000000000000E+00   0.00000000000000000E+00   0.00000000000000000E+00
ION   93    7   0.00000000000000000E+00   0.00000000000000000E+00   0.00000000000000000E+00
ION   93    8   0.00000000000000000E+00   0.00000000000000000E+00   0.00000000000000000E+00
ION   94    0   0.00000000000000000E+00   0.00000000000000000E+00   0.00000000000000000E+00
ION   94    1   0.00000000000000000E+00   0.00000000000000000E+00   0.00000000000000000E+00
ION   94    2   0.00000000000000000E+00   0.00000000000000000E+00   0.00000000000000000E+00
ION   94    3   0.00000000000000000E+00   0.00000000000000000E+00   0.00000000000000000E+00
ION   94    4   0.00000000000000000E+00   0.00000000000000000E+00   0.00000000000000000E+00
ION   94    5   0.00000000000000000E+00   0.00000000000000000E+00   0.00000000000000000E+00
ION   94    6   0.00000000000000000E+00   0.00000000000000000E+00   0.00000000000000000E+00
ION   94    7   0.00000000000000000E+00   0.00000000000000000E+00   0.00000000000000000E+00
ION   94    8   0.00000000000000000E+00   0.00000000000000000E+00   0.00000000000000000E+00
ION   95    0   0.00000000000000000E+00   0.00000000000000000E+00   0.00000000000000000E+00
ION   95    1   0.00000000000000000E+00   0.00000000000000000E+00   0.00000000000000000E+00
ION   95    2   0.00000000000000000E+00   0.00000000000000000E+00   0.00000000000000000E+00
ION   95    3   0.00000000000000000E+00   0.00000000000000000E+00   0.00000000000000000E+00
ION   95    4   0.00000000000000000E+00   0.00000000000000000E+00   0.00000000000000000E+00
ION   95    5   0.00000000000000000E+00   0.00000000000000000E+00   0.00000000000000000E+00
ION   95    6   0.00000000000000000E+00   0.00000000000000000E+00   0.00000000000000000E+00
ION   95    7   0.00000000000000000E+00   0.00000000000000000E+00   0.00000000000000000E+00
ION   95    8   0.00000000000000000E+00   0.00000000000000000E+00   0.00000000000000000E+00
ION   96    0   0.00000000000000000E+00   0.00000000000000000E+00   0.00000000000000000E+00
ION   96    1   0.00000000000000000E+00   0.00000000000000000E+00   0.00000000000000000E+00
ION   96    2   0.00000000000000000E+00   0.00000000000000000E+00   0.00000000000000000E+00
ION   96    3   0.00000000000000000E+00   0.00000000000000000E+00   0.00000000000000000E+00
ION   96    4   0.00000000000000000E+00   0.00000000000000000E+00   0.00000000000000000E+00
ION   96    5   0.00000000000000000E+00   0.00000000000000000E+00   0.00000000000000000E+00
ION   96    6   0.00000000000000000E+00   0.00000000000000000E+00   0.00000000000000000E+00
ION   96    7   0.00000000000000000E+00   0.00000000000000000E+00   0.00000000000000000E+00
ION   96    8   0.00000000000000000E+00   0.00000000000000000E+00   0.00000000000000000E+00
ION   97    0   0.00000000000000000E+00   0.00000000000000000E+00   0.00000000000000000E+00
ION   97    1   0.00000000000000000E+00   0.00000000000000000E+00   0.00000000000000000E+00
ION   97    2   0.00000000000000000E+00   0.00000000000000000E+00   0.00000000000000000E+00
ION   97    3   0.00000000000000000E+00   0.00000000000000000E+00   0.00000000000000000E+00
ION   97    4   0.00000000000000000E+00   0.00000000000000000E+00   0.00000000000000000E+00
ION   97    5   0.00000000000000000E+00   0.00000000000000000E+00   0.00000000000000000E+00
ION   97    6   0.00000000000000000E+00   0.00000000000000000E+00   0.00000000000000000E+00
ION   97    7   0.00000000000000000E+00   0.00000000000000000E+00   0.00000000000000000E+00
ION   97    8   0.00000000000000000E+00   0.00000000000000000E+00   0.00000000000000000E+00
ION   98    0   0.00000000000000000E+00   0.00000000000000000E+00   0.00000000000000000E+00
ION   98    1   0.00000000000000000E+00   0.00000000000000000E+00   0.00000000000000000E+00
ION   98    2   0.00000000000000000E+00   0.00000000000000000E+00   0.00000000000000000E+00
ION   98    3   0.00000000000000000E+00   0.00000000000000000E+00   0.00000000000000000E+00
ION   98    4   0.00000000000000000E+00   0.00000000000000000E+00   0.00000000000000000E+00
ION   98    5   0.00000000000000000E+00   0.00000000000000000E+00   0.00000000000000000E+00
ION   98    6   0.00000000000000000E+00   0.00000000000000000E+00   0.00000000000000000E+00
ION   98    7   0.00000000000000000E+00   0.00000000000000000E+00   0.00000000000000000E+00
ION   98    8   0.00000000000000000E+00   0.00000000000000000E+00   0.00000000000000000E+00
ION   99    0   0.00000000000000000E+00   0.00000000000000000E+00   0.00000000000000000E+00
ION   99    1   0.00000000000000000E+00   0.00000000000000000E+00   0.00000000000000000E+00
ION   99    2   0.00000000000000000E+00   0.00000000000000000E+00   0.00000000000000000E+00
ION   99    3   0.00000000000000000E+00   0.00000000000000000E+00   0.00000000000000000E+00
ION   99    4   0.00000000000000000E+00   0.00000000000000000E+00   0.00000000000000000E+00
ION   99    5   0.00000000000000000E+00   0.00000000000000000E+00   0.00000000000000000E+00
ION   99    6   0.00000000000000000E+00   0.00000000000000000E+00   0.00000000000000000E+00
ION   99    7   0.00000000000000000E+00   0.00000000000000000E+00   0.00000000000000000E+00
ION   99    8   0.00000000000000000E+00   0.00000000000000000E+00   0.00000000000000000E+00
LEVEL    1    1    1   7.37822279375626343E+11   2.00000000000000000E+00   2.17853041000000000E-11   9.99999961973287554E-01
LEVEL    2    1    1   5.49597479877879333E+09   8.00000000000000000E+00   5.44632602500000001E-12   9.99997566269001492E-01
LEVEL    3    1    1   3.86070849194010830E+09   1.80000000000000000E+01   2.42058934444444449E-12   9.99972275709814618E-01
LEVEL    4    1    1   4.56592108428917217E+09   3.20000000000000000E+01   1.36158150625000000E-12   9.99802264192529822E-01
LEVEL    5    1    1   5.90376420405237484E+09   5.00000000000000000E+01   8.71412164000000009E-13   9.99064832422597804E-01
LEVEL    6    1    1   7.65471633684247875E+09   7.20000000000000000E+01   6.05147336111111123E-13   9.96597084638205954E-01
LEVEL    7    1    1   9.72604559557566261E+09   9.80000000000000000E+01   4.44598042857142868E-13   9.89596829810411083E-01
LEVEL    8    1    1   1.19820271629466648E+10   1.28000000000000000E+02   3.40395376562500000E-13   9.71580740642060126E-01
LEVEL    9    1    1   6.37087713277784882E+10   7.53758266268371358E+02   0.00000000000000000E+00   1.00000000000000000E+00
LEVEL   10    1    1   1.00960732920605925E+15   1.00000000000000000E+00   0.00000000000000000E+00   1.00000000000000000E+00
LEVEL   11    2    2   4.18052113254089307E+12   1.00000000000000000E+00   3.93894252211200053E-11   1.00000000000000000E+00
LEVEL   12    2    2   6.20989602404648438E+07   3.00000000000000000E+00   7.63714426576000073E-12   1.00000000000000000E+00
LEVEL   13    2    2   1.26715917707503513E+07   1.00000000000000000E+00   6.36153956100800056E-12   1.00000000000000000E+00
LEVEL   14    2    2   9.20129990999404788E+07   9.00000000000000000E+00   5.80358645523200086E-12   1.00000000000000000E+00
LEVEL   15    2    2   2.62276478528943397E+07   3.00000000000000000E+00   5.39679117923200095E-12   1.00000000000000000E+00
LEVEL   16    2    2   1.04020930506238509E+07   3.00000000000000000E+00   2.99296473016000043E-12   1.00000000000000000E+00
LEVEL   17    2    2   3.06175014244852215E+06   1.00000000000000000E+00   2.66959417267200046E-12   1.00000000000000000E+00
LEVEL   18    2    2   2.61204586347001009E+07   9.00000000000000000E+00   2.53055277638400033E-12   1.00000000000000000E+00
LEVEL   19    2    2   4.17837787375755310E+07   1.50000000000000000E+01   2.42388823582400028E-12   1.00000000000000000E+00
LEVEL   20    2    2   1.39247342212334592E+07   5.00000000000000000E+00   2.42329246187200035E-12   1.00000000000000000E+00
LEVEL   21    2    2   8.28807009368157573E+06   3.00000000000000000E+00   2.40243606691200020E-12   1.00000000000000000E+00
LEVEL   22    2    2   6.06431495588371623E+06   3.00000000000000000E+00   1.59043459881600016E-12   1.00000000000000000E+00
LEVEL   23    2    2   1.92465965536115575E+06   1.00000000000000000E+00   1.46291386206400017E-12   1.00000000000000000E+00
LEVEL   24    2    2   1.69591248377672397E+07   9.00000000000000000E+00   1.40789322326400014E-12   1.00000000000000000E+00
LEVEL   25    2    2   2.77770012642892376E+07   1.50000000000000000E+01   1.36260539209600022E-12   1.00000000000000000E+00
LEVEL   26    2    2   9.25758539097410999E+06   5.00000000000000000E+00   1.36220812112000012E-12   1.00000000000000000E+00
LEVEL   27    2    2   3.88670047957010567E+07   2.10000000000000000E+01   1.36121494368000008E-12   1.00000000000000000E+00
LEVEL   28    2    2   1.29556649628083240E+07   7.00000000000000000E+00   1.36121428112000023E-12   1.00000000000000000E+00
LEVEL   29    2    2   5.53506000939877052E+06   3.00000000000000000E+00   1.35307108744000015E-12   1.00000000000000000E+00
LEVEL   30    2    2   1.14970235258163691E+08   7.50000000000000000E+01   8.71412825760000092E-13   1.00000000000000000E+00
LEVEL   31    2    2   3.83233922152974084E+07   2.50000000000000000E+01   8.71411500640000078E-13   1.00000000000000000E+00
LEVEL   32    2    2   1.99249941835711390E+08   1.44000000000000000E+02   6.05147334083200101E-13   1.00000000000000000E+00
LEVEL   33    2    2   2.54956870679018646E+08   1.96000000000000000E+02   4.44598040961600030E-13   1.00000000000000000E+00
LEVEL   34    2    2   3.19919061132385015E+08   2.56000000000000000E+02   3.40395374593600015E-13   1.00000000000000000E+00
LEVEL   35    2    3   2.61903443842548594E+13   2.00000000000000000E+00   8.71769793211200027E-11   9.99999998352501529E-01
LEVEL   36    2    3   1.24696907635714842E+03   8.00000000000000000E+00   2.17942447971520020E-11   9.99999894560059777E-01
LEVEL   37    2    3   2.66079118536945955E+01   1.80000000000000000E+01   9.68633103568000048E-12   9.99998798968228075E-01
LEVEL   38    2    3   9.26457796101071196E+00   3.20000000000000000E+01   5.44856119928800050E-12   9.99991439071651667E-01
LEVEL   39    2    3   6.80614945600411136E+00   5.00000000000000000E+01   3.48707916621920037E-12   9.99959615783120759E-01
LEVEL   40    2    3   6.50416947800353817E+00   7.20000000000000000E+01   2.42158275229440014E-12   9.99854273139170524E-01
LEVEL   41    2    3   6.91218170452394975E+00   9.80000000000000000E+01   1.77912202669120020E-12   9.99564239360923978E-01
LEVEL   42    2    3   7.68466217446844535E+00   1.28000000000000000E+02   1.36214030147840022E-12   9.98865517954092397E-01
LEVEL   43    2    3   8.69962787016940098E+00   1.62000000000000000E+02   1.07625899881120002E-12   9.97341260547957797E-01
LEVEL   44    2    3   9.89695920090525760E+00   2.00000000000000000E+02   8.71769793211200088E-13   9.94252257250147542E-01
LEVEL   45    2    3   1.12306823010451140E+01   2.42000000000000000E+02   7.20470904411200093E-13   9.88314243047941909E-01
LEVEL   46    2    3   1.26440693223894183E+01   2.88000000000000000E+02   6.05395688736160094E-13   9.77295220063554848E-01
LEVEL   47    2    3   1.40433483249109692E+01   3.38000000000000000E+02   5.15840113052000095E-13   9.57301146328732866E-01
LEVEL   48    2    3   1.52583765104181150E+01   3.92000000000000000E+02   4.44780506010240042E-13   9.21700293801964166E-01
LEVEL   49    2    3   1.59922612380803582E+01   4.50000000000000000E+02   3.87453241427200033E-13   8.60286763051067438E-01
LEVEL   50    2    3   1.58124573815628331E+01   5.12000000000000000E+02   3.40535075369600055E-13   7.61227580888854338E-01
LEVEL   51    2    3   1.43270285410428251E+01   5.78000000000000000E+02   3.01650447324320013E-13   6.20169433838982598E-01
LEVEL   52    2    3   1.16041950588400784E+01   6.48000000000000000E+02   2.69064750696640043E-13   4.53697724726845830E-01
LEVEL   53    2    3   8.37121935446798382E+00   7.22000000000000000E+02   2.41487477620960010E-13   2.96883325226609318E-01
LEVEL   54    2    3   5.49973058330064113E+00   8.00000000000000000E+02   2.17942447971520018E-13   1.77631377712147959E-01
LEVEL   55    2    3   4.25111263807637850E+05   1.00000000000000000E+00   0.00000000000000000E+00   1.00000000000000000E+00
LEVEL   56    3    4   1.83610111587351043E+05   9.00000000000000000E+00   1.80330082877120021E-11   1.00000000000000000E+00
LEVEL   57    3    4   4.69190076683691950E+04   5.00000000000000000E+00   1.60143995231200000E-11   1.00000000000000000E+00
LEVEL   58    3    4   3.91036775298013708E+03   1.00000000000000000E+00   1.37391163396480007E-11   1.00000000000000000E+00
LEVEL   59    3    4   7.76356366118879214E+03   5.00000000000000000E+00   1.13383549593920010E-11   1.00000000000000000E+00
LEVEL   60    3    4   1.82524999835084259E+03   9.00000000000000000E+00   6.04750489133280097E-12   1.00000000000000000E+00
LEVEL   61    3    4   5.38037583517525036E+02   3.00000000000000000E+00   5.72797221264480057E-12   1.00000000000000000E+00
LEVEL   62    3    4   2.29011336262828399E+03   1.50000000000000000E+01   5.30946390281280072E-12   1.00000000000000000E+00
LEVEL   63    3    4   3.18180628759563888E+02   3.00000000000000000E+00   4.36255002621600017E-12   1.00000000000000000E+00
LEVEL   64    3    4   1.48906538502997182E+03   1.50000000000000000E+01   4.19059975839680026E-12   1.00000000000000000E+00
LEVEL   65    3    4   2.75440560840248850E+02   3.00000000000000000E+00   3.98761164210720007E-12   1.00000000000000000E+00
LEVEL   66    3    4   7.87431609180479768E+02   9.00000000000000000E+00   3.86230685052640002E-12   1.00000000000000000E+00
LEVEL   67    3    4   3.98039767917792858E+02   5.00000000000000000E+00   3.61683683141760036E-12   1.00000000000000000E+00
LEVEL   68    3    4   7.17214641461177251E+01   1.00000000000000000E+00   3.34567037679520047E-12   1.00000000000000000E+00
LEVEL   69    3    4   5.85392050518513997E+02   9.00000000000000000E+00   3.09163598786560015E-12   1.00000000000000000E+00
LEVEL   70    3    4   2.70210501198414306E+02   5.00000000000000000E+00   2.61000663367840031E-12   1.00000000000000000E+00
LEVEL   71    3    4   4.69830729074266287E+02   9.00000000000000000E+00   2.52003154885440029E-12   1.00000000000000000E+00
LEVEL   72    3    4   1.08846741103149907E+03   2.10000000000000000E+01   2.50146130392320018E-12   1.00000000000000000E+00
LEVEL   73    3    4   7.72537491198261478E+02   1.50000000000000000E+01   2.48489570715360009E-12   1.00000000000000000E+00
LEVEL   74    3    4   1.54146419680328108E+02   3.00000000000000000E+00   2.47881418817440020E-12   1.00000000000000000E+00
LEVEL   75    3    4   3.54509945149625594E+02   7.00000000000000000E+00   2.44121728723040013E-12   1.00000000000000000E+00
LEVEL   76    3    4   1.49609121678359088E+02   3.00000000000000000E+00   2.40115598111520040E-12   1.00000000000000000E+00
LEVEL   77    3    4   4.29251841245270043E+02   9.00000000000000000E+00   2.28524258662400033E-12   1.00000000000000000E+00
LEVEL   78    3    4   1.30069795610839748E+02   3.00000000000000000E+00   2.03737508090400034E-12   1.00000000000000000E+00
LEVEL   79    3    4   6.38031275328424272E+02   1.50000000000000000E+01   1.98767228117600011E-12   1.00000000000000000E+00
LEVEL   80    3    4   1.24790544020785234E+02   3.00000000000000000E+00   1.92967545598400036E-12   1.00000000000000000E+00
LEVEL   81    3    4   3.67872632807172124E+02   9.00000000000000000E+00   1.88415645763200039E-12   1.00000000000000000E+00
LEVEL   82    3    4   1.97683834585956987E+02   5.00000000000000000E+00   1.79764965576320009E-12   1.00000000000000000E+00
LEVEL   83    3    4   3.81072630755101827E+01   1.00000000000000000E+00   1.70192841995520023E-12   1.00000000000000000E+00
LEVEL   84    3    4   4.77180274690777696E+03   1.44000000000000000E+02   1.33870920498400008E-12   1.00000000000000000E+00
LEVEL   85    3    4   1.58910505244323485E+03   4.80000000000000000E+01   1.33626359664000009E-12   1.00000000000000000E+00
LEVEL   86    3    4   6.20629796618417367E+03   2.25000000000000000E+02   8.61881091836800092E-13   1.00000000000000000E+00
LEVEL   87    3    4   2.06752757618588703E+03   7.50000000000000000E+01   8.60324639012800113E-13   1.00000000000000000E+00
LEVEL   88    3    4   2.47493651302973240E+03   9.90000000000000000E+01   6.06192434362720080E-13   1.00000000000000000E+00
LEVEL   89    3    4   8.08179453050136544E+03   3.24000000000000000E+02   6.00410436895040079E-13   1.00000000000000000E+00
LEVEL   90    3    4   3.17722265015476478E+03   1.35000000000000000E+02   4.49294473622880045E-13   1.00000000000000000E+00
LEVEL   91    3    4   9.29189672889121175E+03   3.96000000000000000E+02   4.41485823050880035E-13   1.00000000000000000E+00
LEVEL   92    3    4   2.46127045356617054E+03   1.09000000000000000E+02   3.41677075049120051E-13   1.00000000000000000E+00
LEVEL   93    3    4   6.89847629046207840E+03   3.06000000000000000E+02   3.37481013000320043E-13   1.00000000000000000E+00
LEVEL   94    3    4   5.21002406403723762E+03   2.39000000000000000E+02   2.50159630714880035E-13   1.00000000000000000E+00
LEVEL   95    3    4   1.27898215340920651E+04   5.88000000000000000E+02   2.44445885540480045E-13   1.00000000000000000E+00
LEVEL   96    3    5   1.41899544849405718E+09   6.00000000000000000E+00   3.90535362549920038E-11   1.00000000000000000E+00
LEVEL   97    3    5   1.06218633355713382E+08   1.20000000000000000E+01   3.05140078625280041E-11   1.00000000000000000E+00
LEVEL   98    3    5   7.73574103678747080E+06   1.00000000000000000E+01   2.41787293309120019E-11   1.00000000000000000E+00
LEVEL   99    3    5   2.97826556134229235E+05   2.00000000000000000E+00   1.98960173540320018E-11   1.00000000000000000E+00
LEVEL  100    3    5   3.02854523155029048E+05   6.00000000000000000E+00   1.70839387920320015E-11   1.00000000000000000E+00
LEVEL  101    3    5   6.43841431715338840E+04   2.00000000000000000E+00   1.59148560449280032E-11   1.00000000000000000E+00
LEVEL  102    3    5   6.04872548378096981E+04   6.00000000000000000E+00   1.28969774686240010E-11   1.00000000000000000E+00
LEVEL  103    3    5   1.83616913551826110E+04   4.00000000000000000E+00   1.08521262925760019E-11   1.00000000000000000E+00
LEVEL  104    3    5   3.50698270845940933E+04   1.00000000000000000E+01   1.01523600370080014E-11   1.00000000000000000E+00
LEVEL  105    3    5   2.40920185072365275E+04   1.00000000000000000E+01   9.17643546064000142E-12   1.00000000000000000E+00
LEVEL  106    3    5   2.87221326805581566E+03   2.00000000000000000E+00   7.83167592337600139E-12   1.00000000000000000E+00
LEVEL  107    3    5   5.75229099236987076E+03   6.00000000000000000E+00   6.78131736892800087E-12   1.00000000000000000E+00
LEVEL  108    3    5   8.16518581964499208E+03   1.20000000000000000E+01   5.89011513483200080E-12   1.00000000000000000E+00
LEVEL  109    3    5   6.24867093739948268E+03   1.00000000000000000E+01   5.66868527712320083E-12   1.00000000000000000E+00
LEVEL  110    3    5   3.57628831766729218E+03   6.00000000000000000E+00   5.54595359693280042E-12   1.00000000000000000E+00
LEVEL  111    3    5   8.19536251897609145E+03   1.40000000000000000E+01   5.49902399508960064E-12   1.00000000000000000E+00
LEVEL  112    3    5   8.38421294664104039E+02   2.00000000000000000E+00   4.63114514510880080E-12   1.00000000000000000E+00
LEVEL  113    3    5   1.56388543529525723E+04   5.40000000000000000E+01   3.66981993920320060E-12   1.00000000000000000E+00
LEVEL  114    3    5   7.15982397607129133E+03   3.60000000000000000E+01   2.69299225380160043E-12   1.00000000000000000E+00
LEVEL  115    3    5   1.45585980423421242E+04   7.80000000000000000E+01   2.52795519665280044E-12   1.00000000000000000E+00
LEVEL  116    3    5   1.02429767205344415E+04   7.20000000000000000E+01   1.82213089660640000E-12   1.00000000000000000E+00
LEVEL  117    3    5   7.34211058637296810E+03   6.00000000000000000E+01   1.43056499287040022E-12   1.00000000000000000E+00
LEVEL  118    3    6   8.43008374553136110E+08   1.00000000000000000E+00   7.67158227939200029E-11   1.00000000000000000E+00
LEVEL  119    3    6   1.38188703212949425E+08   9.00000000000000000E+00   6.63042217793600026E-11   1.00000000000000000E+00
LEVEL  120    3    6   1.01454549292772519E+06   3.00000000000000000E+00   5.63865194912000028E-11   1.00000000000000000E+00
LEVEL  121    3    6   2.07824950595405622E+05   9.00000000000000000E+00   4.94097781288480063E-11   1.00000000000000000E+00
LEVEL  122    3    6   6.07743337663685670E+04   5.00000000000000000E+00   4.77417154164480047E-11   1.00000000000000000E+00
LEVEL  123    3    6   7.39013527593250842E+02   1.00000000000000000E+00   4.04633113474240064E-11   1.00000000000000000E+00
LEVEL  124    3    6   3.14439821699851585E+01   3.00000000000000000E+00   2.94015291401120014E-11   1.00000000000000000E+00
LEVEL  125    3    6   5.28658318086937840E+00   1.00000000000000000E+00   2.76225261224480032E-11   1.00000000000000000E+00
LEVEL  126    3    6   6.45611387284999605E+00   3.00000000000000000E+00   2.52864113176960011E-11   1.00000000000000000E+00
LEVEL  127    3    6   1.82381533925310748E+01   9.00000000000000000E+00   2.51301322966560030E-11   1.00000000000000000E+00
LEVEL  128    3    6   1.38418562362422719E+01   1.50000000000000000E+01   2.30854286727200024E-11   1.00000000000000000E+00
LEVEL  129    3    6   2.81419538822106263E+00   5.00000000000000000E+00   2.18003261041120013E-11   1.00000000000000000E+00
LEVEL  130    3    6   4.47480798665903456E-01   9.00000000000000000E+00   1.54929689772480008E-11   1.00000000000000000E+00
LEVEL  131    3    6   1.35897288391051113E-01   3.00000000000000000E+00   1.52509195102720031E-11   1.00000000000000000E+00
LEVEL  132    3    6   1.30312021689299506E-01   3.00000000000000000E+00   1.51418341742400007E-11   1.00000000000000000E+00
LEVEL  133    3    6   3.81018626197366442E-02   1.00000000000000000E+00   1.48011830581120014E-11   1.00000000000000000E+00
LEVEL  134    3    6   2.15525776069431713E-01   9.00000000000000000E+00   1.35940616813120017E-11   1.00000000000000000E+00
LEVEL  135    3    6   6.20318892934862073E-02   3.00000000000000000E+00   1.32124373247360012E-11   1.00000000000000000E+00
LEVEL  136    3    6   2.72080215382623447E-01   1.50000000000000000E+01   1.28719596005600015E-11   1.00000000000000000E+00
LEVEL  137    3    6   3.64475560186292735E-01   2.10000000000000000E+01   1.27573065078240016E-11   1.00000000000000000E+00
LEVEL  138    3    6   5.05297641044710963E-02   3.00000000000000000E+00   1.26793626181440021E-11   1.00000000000000000E+00
LEVEL  139    3    6   1.15249805675043532E-01   7.00000000000000000E+00   1.26202072736640016E-11   1.00000000000000000E+00
LEVEL  140    3    6   2.39299290236378276E-01   1.50000000000000000E+01   1.25382599314400008E-11   1.00000000000000000E+00
LEVEL  141    3    6   7.33471319513407244E-02   5.00000000000000000E+00   1.23201826140800014E-11   1.00000000000000000E+00
LEVEL  142    3    6   3.48172169885004601E-02   3.00000000000000000E+00   1.17112618152800007E-11   1.00000000000000000E+00
LEVEL  143    3    6   8.61995506365752368E-02   9.00000000000000000E+00   1.12120471049760019E-11   1.00000000000000000E+00
LEVEL  144    3    6   3.83712206486871502E-02   5.00000000000000000E+00   1.06361245769280008E-11   1.00000000000000000E+00
LEVEL  145    3    6   3.71394491727135082E-02   5.00000000000000000E+00   1.05513155055520009E-11   1.00000000000000000E+00
LEVEL  146    3    6   1.52418314352549406E-01   2.10000000000000000E+01   1.04911801685760017E-11   1.00000000000000000E+00
LEVEL  147    3    6   7.86553350653825395E-02   1.50000000000000000E+01   9.64620547449600120E-12   1.00000000000000000E+00
LEVEL  148    3    6   4.91799706312786786E-03   1.00000000000000000E+00   9.47952989321600022E-12   1.00000000000000000E+00
LEVEL  149    3    6   1.32365429465086445E-02   3.00000000000000000E+00   9.19742496390400079E-12   1.00000000000000000E+00
LEVEL  150    3    6   3.91665963269557382E-02   9.00000000000000000E+00   9.16163440028800156E-12   1.00000000000000000E+00
LEVEL  151    3    6   2.76749887379547192E-02   7.00000000000000000E+00   8.91215419040000126E-12   1.00000000000000000E+00
LEVEL  152    3    6   1.97189417611283696E-01   7.20000000000000000E+01   7.95790824595200120E-12   1.00000000000000000E+00
LEVEL  153    3    6   7.41263710267189985E-02   2.80000000000000000E+01   7.86971018017600119E-12   1.00000000000000000E+00
LEVEL  154    3    6   1.16355309940671794E-01   1.08000000000000000E+02   5.53283459752960066E-12   1.00000000000000000E+00
LEVEL  155    3    6   3.85099827637399861E-02   3.60000000000000000E+01   5.51433105251360053E-12   1.00000000000000000E+00
LEVEL  156    3    6   9.04708511289689654E-02   1.47000000000000000E+02   4.07744377298560013E-12   1.00000000000000000E+00
LEVEL  157    3    6   2.98902401858731313E-02   4.90000000000000000E+01   4.05435335821760065E-12   1.00000000000000000E+00
LEVEL  158    3    6   8.16100039355982243E-02   1.92000000000000000E+02   3.11535223030720022E-12   1.00000000000000000E+00
LEVEL  159    3    6   2.70762395741735266E-02   6.40000000000000000E+01   3.10317986350400019E-12   1.00000000000000000E+00
LEVEL  160    3    6   8.02062579207000192E-02   2.43000000000000000E+02   2.45795340044160013E-12   1.00000000000000000E+00
LEVEL  161    3    6   2.66678275700884260E-02   8.10000000000000000E+01   2.45137366947040018E-12   1.00000000000000000E+00
LEVEL  162    3    6   8.26501122701882446E-02   3.00000000000000000E+02   1.98824808556960020E-12   1.00000000000000000E+00
LEVEL  163    3    6   2.75320170407556686E-02   1.00000000000000000E+02   1.98654735368000006E-12   1.00000000000000000E+00
LEVEL  164    3    6   3.06291556655454406E+03   2.00000000000000000E+00   0.00000000000000000E+00   1.00000000000000000E+00
LEVEL  165    4    7   2.53748963329214416E+07   4.00000000000000000E+00   2.32837116788000036E-11   1.00000000000000000E+00
LEVEL  166    4    7   1.45955716397269610E+07   1.00000000000000000E+01   1.94645136917440019E-11   1.00000000000000000E+00
LEVEL  167    4    7   4.20154751931579597E+06   6.00000000000000000E+00   1.75555042772320004E-11   1.00000000000000000E+00
LEVEL  168    4    7   1.30586306128873679E+05   1.20000000000000000E+01   6.73129534779200084E-12   1.00000000000000000E+00
LEVEL  169    4    7   5.24889600044713734E+04   6.00000000000000000E+00   6.16391472878080028E-12   1.00000000000000000E+00
LEVEL  170    4    7   9.03658885247172730E+04   1.20000000000000000E+01   5.77432734846560034E-12   1.00000000000000000E+00
LEVEL  171    4    7   9.94761738928950035E+03   2.00000000000000000E+00   4.69621547411200078E-12   1.00000000000000000E+00
LEVEL  172    4    7   9.03707032605068089E+04   2.00000000000000000E+01   4.44669036915840015E-12   1.00000000000000000E+00
LEVEL  173    4    7   5.15082375971009096E+04   1.20000000000000000E+01   4.31321049488480015E-12   1.00000000000000000E+00
LEVEL  174    4    7   1.56160132922670109E+04   4.00000000000000000E+00   4.06671469375840007E-12   1.00000000000000000E+00
LEVEL  175    4    7   3.87943085859208441E+04   1.00000000000000000E+01   4.05030271815040025E-12   1.00000000000000000E+00
LEVEL  176    4    7   2.16294925207536253E+04   6.00000000000000000E+00   3.85954165636640010E-12   1.00000000000000000E+00
LEVEL  177    4    7   3.12497173745623186E+04   1.00000000000000000E+01   3.48817548437440032E-12   1.00000000000000000E+00
LEVEL  178    4    7   2.75599684337096696E+04   1.20000000000000000E+01   2.68768351830400013E-12   1.00000000000000000E+00
LEVEL  179    4    7   1.32612294325763669E+04   6.00000000000000000E+00   2.58794310077760041E-12   1.00000000000000000E+00
LEVEL  180    4    7   1.28302541205399175E+04   6.00000000000000000E+00   2.50206645309920022E-12   1.00000000000000000E+00
LEVEL  181    4    7   5.94587415575371706E+04   2.80000000000000000E+01   2.48395374560160025E-12   1.00000000000000000E+00
LEVEL  182    4    7   2.52356506080254585E+04   1.20000000000000000E+01   2.45867037649440020E-12   1.00000000000000000E+00
LEVEL  183    4    7   2.94324528947999643E+04   1.40000000000000000E+01   2.45786336516320018E-12   1.00000000000000000E+00
LEVEL  184    4    7   4.15469065189712564E+04   2.00000000000000000E+01   2.42680261199360028E-12   1.00000000000000000E+00
LEVEL  185    4    7   2.05730661732747612E+04   1.00000000000000000E+01   2.40160750912960017E-12   1.00000000000000000E+00
LEVEL  186    4    7   3.71309493644817167E+03   2.00000000000000000E+00   2.13471646142880029E-12   1.00000000000000000E+00
LEVEL  187    4    7   3.61633895564010090E+04   2.00000000000000000E+01   2.06608636981120029E-12   1.00000000000000000E+00
LEVEL  188    4    7   2.13842598957895170E+04   1.20000000000000000E+01   2.02822402082880031E-12   1.00000000000000000E+00
LEVEL  189    4    7   1.75351644321789099E+04   1.00000000000000000E+01   1.98630991867840000E-12   1.00000000000000000E+00
LEVEL  190    4    7   6.89680212565588045E+03   4.00000000000000000E+00   1.94248698779360026E-12   1.00000000000000000E+00
LEVEL  191    4    7   1.02121596262582352E+04   6.00000000000000000E+00   1.90884245601760039E-12   1.00000000000000000E+00
LEVEL  192    4    7   2.16283928187125013E+05   1.56000000000000000E+02   1.37577399736640010E-12   1.00000000000000000E+00
LEVEL  193    4    7   1.50688741823774704E+05   1.10000000000000000E+02   1.34458274637920012E-12   1.00000000000000000E+00
LEVEL  194    4    7   4.63263934834297033E+04   3.60000000000000000E+01   1.18201608394400003E-12   1.00000000000000000E+00
LEVEL  195    4    7   1.64691002692586830E+05   1.44000000000000000E+02   8.75470237190400131E-13   1.00000000000000000E+00
LEVEL  196    4    7   2.91043166565175285E+05   2.56000000000000000E+02   8.59969321336000078E-13   1.00000000000000000E+00
LEVEL  197    4    7   2.99993749569718144E+05   2.92000000000000000E+02   5.96698500150080082E-13   1.00000000000000000E+00
LEVEL  198    4    7   1.49860999588248553E+05   1.46000000000000000E+02   5.94342872092000021E-13   1.00000000000000000E+00
LEVEL  199    4    8   8.77928248483708649E+10   9.00000000000000000E+00   4.74035284934720041E-11   1.00000000000000000E+00
LEVEL  200    4    8   1.52352839977475471E+10   5.00000000000000000E+00   4.43790683774080024E-11   1.00000000000000000E+00
LEVEL  201    4    8   8.07882231207738757E+08   1.00000000000000000E+00   4.09284935970720043E-11   1.00000000000000000E+00
LEVEL  202    4    8   1.41669211004081726E+09   5.00000000000000000E+00   3.82050417771680028E-11   1.00000000000000000E+00
LEVEL  203    4    8   1.27938148174760401E+08   1.50000000000000000E+01   2.90994093332960035E-11   1.00000000000000000E+00
LEVEL  204    4    8   2.09833318506933004E+07   9.00000000000000000E+00   2.57281701499200025E-11   1.00000000000000000E+00
LEVEL  205    4    8   8.05488580904790899E+05   5.00000000000000000E+00   1.87822669802080030E-11   1.00000000000000000E+00
LEVEL  206    4    8   1.00283111635208537E+06   9.00000000000000000E+00   1.78240362674080014E-11   1.00000000000000000E+00
LEVEL  207    4    8   3.29824571068828576E+05   3.00000000000000000E+00   1.77891820998400023E-11   1.00000000000000000E+00
LEVEL  208    4    8   2.09504407853733079E+05   3.00000000000000000E+00   1.66095898922720010E-11   1.00000000000000000E+00
LEVEL  209    4    8   1.01496385165672880E+05   3.00000000000000000E+00   1.47258403127360029E-11   1.00000000000000000E+00
LEVEL  210    4    8   4.35411385722402832E+05   1.50000000000000000E+01   1.43277101289280023E-11   1.00000000000000000E+00
LEVEL  211    4    8   8.60867905881506740E+04   3.00000000000000000E+00   1.42978252276160014E-11   1.00000000000000000E+00
LEVEL  212    4    8   7.31755189306266402E+04   3.00000000000000000E+00   1.38754561475360007E-11   1.00000000000000000E+00
LEVEL  213    4    8   1.92132499600484181E+05   9.00000000000000000E+00   1.35290042523520019E-11   1.00000000000000000E+00
LEVEL  214    4    8   8.12208319698490668E+04   5.00000000000000000E+00   1.28188130789760017E-11   1.00000000000000000E+00
LEVEL  215    4    8   1.19100776640540171E+04   1.00000000000000000E+00   1.20121313051200008E-11   1.00000000000000000E+00
LEVEL  216    4    8   1.32456942701861350E+05   2.10000000000000000E+01   1.03599039092320010E-11   1.00000000000000000E+00
LEVEL  217    4    8   3.03562483535851934E+04   5.00000000000000000E+00   1.02606877356800010E-11   1.00000000000000000E+00
LEVEL  218    4    8   8.84652140931264294E+04   1.50000000000000000E+01   1.01852951657920014E-11   1.00000000000000000E+00
LEVEL  219    4    8   4.76478062317245858E+04   9.00000000000000000E+00   9.90471087793600065E-12   1.00000000000000000E+00
LEVEL  220    4    8   3.58023981796927474E+04   7.00000000000000000E+00   9.81501701670400027E-12   1.00000000000000000E+00
LEVEL  221    4    8   1.44504661550768506E+04   3.00000000000000000E+00   9.65908570715200162E-12   1.00000000000000000E+00
LEVEL  222    4    8   2.63156571391322104E+04   9.00000000000000000E+00   8.36159373033600061E-12   1.00000000000000000E+00
LEVEL  223    4    8   7.99962474584536085E+03   3.00000000000000000E+00   8.12205205296000007E-12   1.00000000000000000E+00
LEVEL  224    4    8   5.75398849735699969E+03   3.00000000000000000E+00   7.26558790592000113E-12   1.00000000000000000E+00
LEVEL  225    4    8   4.85355499957427310E+04   2.70000000000000000E+01   7.09709956048000058E-12   1.00000000000000000E+00
LEVEL  226    4    8   2.26650037795556018E+04   1.50000000000000000E+01   6.64563747080000064E-12   1.00000000000000000E+00
LEVEL  227    4    8   7.52142780211670197E+03   5.00000000000000000E+00   6.63406089120000091E-12   1.00000000000000000E+00
LEVEL  228    4    8   1.33523705851150157E+03   1.00000000000000000E+00   6.32420351656160066E-12   1.00000000000000000E+00
LEVEL  229    4    8   1.15831852080614277E+05   1.17000000000000000E+02   5.54664856274240025E-12   1.00000000000000000E+00
LEVEL  230    4    8   3.50888558426798118E+04   3.60000000000000000E+01   5.50609727363040032E-12   1.00000000000000000E+00
LEVEL  231    4    8   1.13878111726112940E+05   2.34000000000000000E+02   3.70075352060640067E-12   1.00000000000000000E+00
LEVEL  232    4    8   3.60155227309651309E+04   7.50000000000000000E+01   3.66606453587200074E-12   1.00000000000000000E+00
LEVEL  233    4    8   9.50686517226298929E+03   2.50000000000000000E+01   3.05959281723040025E-12   1.00000000000000000E+00
LEVEL  234    4    8   4.92851313509555803E+03   1.50000000000000000E+01   2.67970584536320043E-12   1.00000000000000000E+00
LEVEL  235    4    8   1.00501250007960625E+05   3.27000000000000000E+02   2.50613376980160010E-12   1.00000000000000000E+00
LEVEL  236    4    8   3.29289808167010269E+04   1.08000000000000000E+02   2.48537057715680021E-12   1.00000000000000000E+00
LEVEL  237    4    8   1.19219557499540997E+03   5.00000000000000000E+00   1.84630488850080000E-12   1.00000000000000000E+00
LEVEL  238    4    8   1.28154939072024848E+05   5.43000000000000000E+02   1.81971941010240034E-12   1.00000000000000000E+00
LEVEL  239    4    8   1.08502565378112311E+05   5.42000000000000000E+02   1.39181959054560024E-12   1.00000000000000000E+00
LEVEL  240    4    8   1.62155516130803444E+05   9.40000000000000000E+02   1.00496494557600001E-12   1.00000000000000000E+00
LEVEL  241    4    9   2.79966864073216915E+09   2.00000000000000000E+00   7.60166543662400132E-11   1.00000000000000000E+00
LEVEL  242    4    9   5.52520832093477345E+09   4.00000000000000000E+00   7.59820130792000082E-11   1.00000000000000000E+00
LEVEL  243    4    9   2.11038102994440764E+08   1.20000000000000000E+01   6.46396940895840096E-11   1.00000000000000000E+00
LEVEL  244    4    9   6.21174845333860535E+06   1.00000000000000000E+01   5.59496089417760089E-11   1.00000000000000000E+00
LEVEL  245    4    9   1.25708181840781617E+05   2.00000000000000000E+00   4.99952022973440020E-11   1.00000000000000000E+00
LEVEL  246    4    9   1.20365838122953137E+05   6.00000000000000000E+00   4.70267287663040061E-11   1.00000000000000000E+00
LEVEL  247    4    9   3.53796764214983932E+03   4.00000000000000000E+00   3.89130494840640010E-11   1.00000000000000000E+00
LEVEL  248    4    9   2.54859257091403015E+03   1.00000000000000000E+01   3.56787686083360029E-11   1.00000000000000000E+00
LEVEL  249    4    9   1.26641450459557277E+02   2.00000000000000000E+00   3.20592835643520024E-11   1.00000000000000000E+00
LEVEL  250    4    9   1.89464977572537236E+02   6.00000000000000000E+00   3.02507923863040062E-11   1.00000000000000000E+00
LEVEL  251    4    9   5.89322668978605151E+01   6.00000000000000000E+00   2.72153207880640043E-11   1.00000000000000000E+00
LEVEL  252    4    9   1.89193182421714745E+01   1.00000000000000000E+01   2.29342372511520011E-11   1.00000000000000000E+00
LEVEL  253    4    9   4.77700169536851060E+00   1.20000000000000000E+01   1.88827705740960025E-11   1.00000000000000000E+00
LEVEL  254    4    9   1.14794445900068642E+00   6.00000000000000000E+00   1.69783011532160030E-11   1.00000000000000000E+00
LEVEL  255    4    9   2.84997320832967360E-01   2.00000000000000000E+00   1.62124613004160013E-11   1.00000000000000000E+00
LEVEL  256    4    9   7.68246513929524588E-01   1.00000000000000000E+01   1.46066119119200030E-11   1.00000000000000000E+00
LEVEL  257    4    9   4.60824600480108038E-01   6.00000000000000000E+00   1.46059164889440009E-11   1.00000000000000000E+00
LEVEL  258    4    9   1.46626826638274821E+00   2.00000000000000000E+01   1.44850127389120008E-11   1.00000000000000000E+00
LEVEL  259    4    9   3.79533574240322802E-01   6.00000000000000000E+00   1.41014639768160018E-11   1.00000000000000000E+00
LEVEL  260    4    9   2.08764362578729545E-01   4.00000000000000000E+00   1.36016970227520010E-11   1.00000000000000000E+00
LEVEL  261    4    9   4.92624645254538085E-01   1.20000000000000000E+01   1.29776870162560015E-11   1.00000000000000000E+00
LEVEL  262    4    9   3.98048799052011015E-01   1.00000000000000000E+01   1.28974959218240013E-11   1.00000000000000000E+00
LEVEL  263    4    9   4.59723184303295229E-01   1.40000000000000000E+01   1.23973377260800015E-11   1.00000000000000000E+00
LEVEL  264    4    9   3.10324247576670376E-01   1.00000000000000000E+01   1.22503888749600017E-11   1.00000000000000000E+00
LEVEL  265    4    9   3.91500812307282106E-02   2.00000000000000000E+00   1.10527026838400019E-11   1.00000000000000000E+00
LEVEL  266    4    9   8.02792902049610957E-01   6.00000000000000000E+01   1.00636710805280003E-11   1.00000000000000000E+00
LEVEL  267    4    9   4.65894563772780490E-01   7.00000000000000000E+01   8.24862937052800009E-12   1.00000000000000000E+00
LEVEL  268    4    9   1.37860399017998597E-01   5.60000000000000000E+01   5.66345901709440025E-12   1.00000000000000000E+00
LEVEL  269    4    9   6.77402068349010483E-02   5.00000000000000000E+01   4.11108719166080047E-12   1.00000000000000000E+00
LEVEL  270    4    9   4.65807630774133785E-02   5.00000000000000000E+01   3.13767942896000045E-12   1.00000000000000000E+00
LEVEL  271    4    9   7.59658333473192809E-02   1.18000000000000000E+02   2.17707742054560007E-12   1.00000000000000000E+00
LEVEL  272    4    9   2.54165357631821916E-02   4.80000000000000000E+01   1.66917916575360012E-12   1.00000000000000000E+00
LEVEL  273    4    9   3.32788996183449808E+03   1.00000000000000000E+00   0.00000000000000000E+00   1.00000000000000000E+00
LEVEL  274    5   10   5.07726310925833061E+07   9.00000000000000000E+00   2.18007938714720022E-11   1.00000000000000000E+00
LEVEL  275    5   10   8.43988197018050775E+06   5.00000000000000000E+00   1.86645041621120025E-11   1.00000000000000000E+00
LEVEL  276    5   10   4.29047162271404930E+05   1.00000000000000000E+00   1.51042303826720016E-11   1.00000000000000000E+00
LEVEL  277    5   10   1.01115303184700591E+05   5.00000000000000000E+00   7.16411737196800064E-12   1.00000000000000000E+00
LEVEL  278    5   10   4.81414968320791013E+04   3.00000000000000000E+00   6.56292795930560076E-12   1.00000000000000000E+00
LEVEL  279    5   10   1.13534635828570958E+05   1.50000000000000000E+01   4.60964030267680080E-12   1.00000000000000000E+00
LEVEL  280    5   10   5.84582312558478079E+04   9.00000000000000000E+00   4.21202990381440013E-12   1.00000000000000000E+00
LEVEL  281    5   10   1.92480137521648539E+04   5.00000000000000000E+00   2.85230328191360034E-12   1.00000000000000000E+00
LEVEL  282    5   10   1.09068661797058285E+04   3.00000000000000000E+00   2.70365152570720042E-12   1.00000000000000000E+00
LEVEL  283    5   10   8.29540459317818022E+04   2.50000000000000000E+01   2.46615783454240040E-12   1.00000000000000000E+00
LEVEL  284    5   10   4.95155521174821406E+04   1.50000000000000000E+01   2.45270825082720016E-12   1.00000000000000000E+00
LEVEL  285    5   10   4.37984126764006651E+04   1.50000000000000000E+01   2.13380540167520022E-12   1.00000000000000000E+00
LEVEL  286    5   10   2.51263511736093824E+04   9.00000000000000000E+00   2.01721548704480023E-12   1.00000000000000000E+00
LEVEL  287    5   10   3.74495404926672127E+04   1.50000000000000000E+01   1.72675103158720017E-12   1.00000000000000000E+00
LEVEL  288    5   10   1.15884742794430895E+04   5.00000000000000000E+00   1.53344009439200023E-12   1.00000000000000000E+00
LEVEL  289    5   10   6.79794295039044118E+03   3.00000000000000000E+00   1.47478664573760021E-12   1.00000000000000000E+00
LEVEL  290    5   10   1.11154879285432671E+04   5.00000000000000000E+00   1.42512430854880010E-12   1.00000000000000000E+00
LEVEL  291    5   10   5.47197106956594725E+04   2.50000000000000000E+01   1.38469684527520023E-12   1.00000000000000000E+00
LEVEL  292    5   10   3.27244899499127459E+04   1.50000000000000000E+01   1.37618516885120023E-12   1.00000000000000000E+00
LEVEL  293    5   10   7.60088409072904033E+04   3.50000000000000000E+01   1.36430148606560016E-12   1.00000000000000000E+00
LEVEL  294    5   10   4.56049788163030098E+04   2.10000000000000000E+01   1.36428292113440021E-12   1.00000000000000000E+00
LEVEL  295    5   10   3.09777418644610261E+04   1.50000000000000000E+01   1.23360258813120019E-12   1.00000000000000000E+00
LEVEL  296    5   10   1.82436508683768188E+04   9.00000000000000000E+00   1.18518801043680010E-12   1.00000000000000000E+00
LEVEL  297    5   10   1.43627747938932880E+05   8.00000000000000000E+01   8.69651005838400108E-13   1.00000000000000000E+00
LEVEL  298    5   10   8.59222506603155925E+04   4.80000000000000000E+01   8.61966462692800119E-13   1.00000000000000000E+00
LEVEL  299    5   10   1.29646948825170344E+05   8.00000000000000000E+01   6.03459698354560112E-13   1.00000000000000000E+00
LEVEL  300    5   10   7.76501312942345394E+04   4.80000000000000000E+01   5.98843093572320019E-13   1.00000000000000000E+00
LEVEL  301    5   10   1.21906959815656955E+05   8.00000000000000000E+01   4.43456618371840052E-13   1.00000000000000000E+00
LEVEL  302    5   10   7.30621256448985223E+04   4.80000000000000000E+01   4.40539219603520047E-13   1.00000000000000000E+00
LEVEL  303    5   10   1.17127141325554068E+05   8.00000000000000000E+01   3.39490603196960013E-13   1.00000000000000000E+00
LEVEL  304    5   10   7.02202121716093388E+04   4.80000000000000000E+01   3.37415845586400044E-13   1.00000000000000000E+00
LEVEL  305    5   10   2.04849810128738609E+05   1.45000000000000000E+02   2.46722395983840020E-13   1.00000000000000000E+00
LEVEL  306    5   10   1.22857943809689605E+05   8.70000000000000000E+01   2.45623699238240047E-13   1.00000000000000000E+00
LEVEL  307    5   11   6.13888902038062210E+10   4.00000000000000000E+00   5.63361545952640027E-11   1.00000000000000000E+00
LEVEL  308    5   11   1.97467797234733696E+10   1.00000000000000000E+01   5.10062685923200074E-11   1.00000000000000000E+00
LEVEL  309    5   11   4.17276739929887772E+09   6.00000000000000000E+00   4.82937049521760054E-11   1.00000000000000000E+00
LEVEL  310    5   11   1.91816720351987891E+07   1.20000000000000000E+01   3.25017499444000015E-11   1.00000000000000000E+00
LEVEL  311    5   11   4.72417653330831788E+05   1.00000000000000000E+01   2.33483422866080024E-11   1.00000000000000000E+00
LEVEL  312    5   11   1.28524500413087982E+05   1.20000000000000000E+01   1.94908503854880032E-11   1.00000000000000000E+00
LEVEL  313    5   11   4.87768049641752004E+04   6.00000000000000000E+00   1.87741852720960016E-11   1.00000000000000000E+00
LEVEL  314    5   11   9.73992133016603839E+03   2.00000000000000000E+00   1.74422927162880025E-11   1.00000000000000000E+00
LEVEL  315    5   11   5.19061433426197891E+03   2.00000000000000000E+00   1.58063594597120005E-11   1.00000000000000000E+00
LEVEL  316    5   11   4.14179154165814980E+04   2.00000000000000000E+01   1.52196420403520032E-11   1.00000000000000000E+00
LEVEL  317    5   11   2.05867202877775853E+04   1.00000000000000000E+01   1.52042540180960007E-11   1.00000000000000000E+00
LEVEL  318    5   11   2.20973200113874191E+04   1.20000000000000000E+01   1.49144052862720009E-11   1.00000000000000000E+00
LEVEL  319    5   11   1.44114646429288623E+04   1.00000000000000000E+01   1.42772954747360017E-11   1.00000000000000000E+00
LEVEL  320    5   11   5.53762821730534051E+03   4.00000000000000000E+00   1.41728903962880020E-11   1.00000000000000000E+00
LEVEL  321    5   11   8.00213528706484703E+03   6.00000000000000000E+00   1.40758777647840019E-11   1.00000000000000000E+00
LEVEL  322    5   11   7.10256569078460689E+03   6.00000000000000000E+00   1.37659083446240010E-11   1.00000000000000000E+00
LEVEL  323    5   11   5.45768544870665937E+03   1.40000000000000000E+01   1.08788195761120006E-11   1.00000000000000000E+00
LEVEL  324    5   11   3.55162146267675007E+03   1.00000000000000000E+01   1.06367016666880012E-11   1.00000000000000000E+00
LEVEL  325    5   11   6.75691084391853565E+02   2.00000000000000000E+00   1.05067753733440005E-11   1.00000000000000000E+00
LEVEL  326    5   11   8.88514235356946847E+03   2.80000000000000000E+01   1.03439112347200007E-11   1.00000000000000000E+00
LEVEL  327    5   11   3.50573746294346029E+03   1.20000000000000000E+01   1.01289988339680009E-11   1.00000000000000000E+00
LEVEL  328    5   11   1.75272240738631626E+03   6.00000000000000000E+00   1.01287818455680013E-11   1.00000000000000000E+00
LEVEL  329    5   11   5.73850081886995122E+03   2.00000000000000000E+01   1.00821377540800009E-11   1.00000000000000000E+00
LEVEL  330    5   11   3.97319800723618800E+03   1.40000000000000000E+01   1.00536711949600012E-11   1.00000000000000000E+00
LEVEL  331    5   11   1.62904971539752114E+03   6.00000000000000000E+00   9.93858419168000116E-12   1.00000000000000000E+00
LEVEL  332    5   11   2.52189943030063341E+03   1.00000000000000000E+01   9.74673152916800123E-12   1.00000000000000000E+00
LEVEL  333    5   11   2.16807563027106016E+03   1.20000000000000000E+01   8.87988957233600122E-12   1.00000000000000000E+00
LEVEL  334    5   11   9.54892930860841034E+02   6.00000000000000000E+00   8.55017473782400117E-12   1.00000000000000000E+00
LEVEL  335    5   11   2.24222054105671276E+02   2.00000000000000000E+00   7.63951914582400055E-12   1.00000000000000000E+00
LEVEL  336    5   11   6.54268613575752852E+02   6.00000000000000000E+00   7.56743824958400137E-12   1.00000000000000000E+00
LEVEL  337    5   11   2.09541909080113737E+03   2.00000000000000000E+01   7.46351425595200112E-12   1.00000000000000000E+00
LEVEL  338    5   11   4.07427084827044894E+02   4.00000000000000000E+00   7.39019145724800095E-12   1.00000000000000000E+00
LEVEL  339    5   11   1.20830888465079170E+03   1.20000000000000000E+01   7.36030701972800119E-12   1.00000000000000000E+00
LEVEL  340    5   11   8.85970153572667414E+02   1.00000000000000000E+01   7.02767221704000073E-12   1.00000000000000000E+00
LEVEL  341    5   11   5.16769724567306866E+02   6.00000000000000000E+00   6.95421604500800052E-12   1.00000000000000000E+00
LEVEL  342    5   11   7.14760866424320557E+03   1.28000000000000000E+02   5.82785980462400067E-12   1.00000000000000000E+00
LEVEL  343    5   11   8.00233291713946073E+03   1.60000000000000000E+02   5.54145032237600030E-12   1.00000000000000000E+00
LEVEL  344    5   11   1.18146739702170021E+03   3.40000000000000000E+01   4.59489215436640014E-12   1.00000000000000000E+00
LEVEL  345    5   11   1.17248763601773294E+03   3.60000000000000000E+01   4.42649053140480006E-12   1.00000000000000000E+00
LEVEL  346    5   11   5.05290418829597093E+03   2.20000000000000000E+02   3.51863419577440027E-12   1.00000000000000000E+00
LEVEL  347    5   11   3.16032156287839643E+03   1.42000000000000000E+02   3.43678595264960049E-12   1.00000000000000000E+00
LEVEL  348    5   11   3.44876201825842600E+02   1.80000000000000000E+01   3.04744534943200040E-12   1.00000000000000000E+00
LEVEL  349    5   11   4.54296004339207320E+03   2.92000000000000000E+02   2.50618957060480046E-12   1.00000000000000000E+00
LEVEL  350    5   11   2.23365935833486174E+03   1.46000000000000000E+02   2.46254672352800016E-12   1.00000000000000000E+00
LEVEL  351    5   11   4.02992365135775071E+03   3.40000000000000000E+02   1.79912695916960010E-12   1.00000000000000000E+00
LEVEL  352    5   11   2.78241194536021021E+03   2.42000000000000000E+02   1.72005347094560019E-12   1.00000000000000000E+00
LEVEL  353    5   11   3.65227501633573138E+03   3.92000000000000000E+02   1.17344704970080005E-12   1.00000000000000000E+00
LEVEL  354    5   11   6.73604972524112691E+03   7.28000000000000000E+02   1.15547095544960004E-12   1.00000000000000000E+00
LEVEL  355    5   12   6.37737827589038014E+08   9.00000000000000000E+00   8.79660505152000115E-11   1.00000000000000000E+00
LEVEL  356    5   12   7.64779475913461745E+07   5.00000000000000000E+00   8.39810052131200045E-11   1.00000000000000000E+00
LEVEL  357    5   12   2.65578367865682160E+06   1.00000000000000000E+00   7.94301330084800067E-11   1.00000000000000000E+00
LEVEL  358    5   12   3.58322349542570440E+06   5.00000000000000000E+00   7.60253060747200126E-11   1.00000000000000000E+00
LEVEL  359    5   12   1.12106003051536638E+05   1.50000000000000000E+01   6.41643392912320103E-11   1.00000000000000000E+00
LEVEL  360    5   12   1.21985289187406524E+04   9.00000000000000000E+00   5.97265896657280098E-11   1.00000000000000000E+00
LEVEL  361    5   12   2.23224985737376301E+02   5.00000000000000000E+00   5.08549996512320079E-11   1.00000000000000000E+00
LEVEL  362    5   12   6.21981706515959090E+01   3.00000000000000000E+00   4.88612816756960052E-11   1.00000000000000000E+00
LEVEL  363    5   12   2.23883729696563343E+01   3.00000000000000000E+00   4.62053861297920054E-11   1.00000000000000000E+00
LEVEL  364    5   12   8.58908572715327612E-01   9.00000000000000000E+00   3.48745116715680009E-11   1.00000000000000000E+00
LEVEL  365    5   12   1.86991105340312047E-01   3.00000000000000000E+00   3.37672494165440052E-11   1.00000000000000000E+00
LEVEL  366    5   12   2.46030707457351089E-01   9.00000000000000000E+00   3.16248841173280008E-11   1.00000000000000000E+00
LEVEL  367    5   12   4.77056655720644249E-02   3.00000000000000000E+00   3.02166136324000023E-11   1.00000000000000000E+00
LEVEL  368    5   12   1.87917409466119845E-01   1.50000000000000000E+01   2.95967245503360011E-11   1.00000000000000000E+00
LEVEL  369    5   12   2.88056345652269660E-02   3.00000000000000000E+00   2.89053343782880034E-11   1.00000000000000000E+00
LEVEL  370    5   12   4.53979190640766694E-02   5.00000000000000000E+00   2.87599560593920041E-11   1.00000000000000000E+00
LEVEL  371    5   12   6.96867427641716802E-02   9.00000000000000000E+00   2.83460403835840027E-11   1.00000000000000000E+00
LEVEL  372    5   12   2.40852605179428178E-02   5.00000000000000000E+00   2.71123644633120021E-11   1.00000000000000000E+00
LEVEL  373    5   12   2.77521212886959511E-03   1.00000000000000000E+00   2.56790342365280021E-11   1.00000000000000000E+00
LEVEL  374    5   12   2.53635812349235455E-02   2.10000000000000000E+01   2.35166069517920038E-11   1.00000000000000000E+00
LEVEL  375    5   12   6.01771304288160024E-03   5.00000000000000000E+00   2.35074509688960025E-11   1.00000000000000000E+00
LEVEL  376    5   12   1.48366130975305845E-02   1.50000000000000000E+01   2.29974173826080010E-11   1.00000000000000000E+00
LEVEL  377    5   12   7.51109507973546624E-03   9.00000000000000000E+00   2.25558239916160016E-11   1.00000000000000000E+00
LEVEL  378    5   12   4.90238399447989141E-03   7.00000000000000000E+00   2.21000538043040036E-11   1.00000000000000000E+00
LEVEL  379    5   12   1.95287838139115164E-03   3.00000000000000000E+00   2.19099965468800021E-11   1.00000000000000000E+00
LEVEL  380    5   12   6.18444095661314138E-03   1.50000000000000000E+01   2.07228936254080032E-11   1.00000000000000000E+00
LEVEL  381    5   12   2.91238742952530097E-04   1.00000000000000000E+00   1.98193905011200021E-11   1.00000000000000000E+00
LEVEL  382    5   12   1.54596357431446797E-03   9.00000000000000000E+00   1.84470644262400012E-11   1.00000000000000000E+00
LEVEL  383    5   12   2.08708513387478476E-03   4.50000000000000000E+01   1.50437918582400020E-11   1.00000000000000000E+00
LEVEL  384    5   12   5.24631621991480251E-03   1.71000000000000000E+02   1.39696594583840007E-11   1.00000000000000000E+00
LEVEL  385    5   12   1.36308826094581025E-03   4.80000000000000000E+01   1.37687077931360021E-11   1.00000000000000000E+00
LEVEL  386    5   12   3.77012216513849413E-04   7.50000000000000000E+01   9.26801987057600125E-12   1.00000000000000000E+00
LEVEL  387    5   12   1.02475190759843972E-03   2.85000000000000000E+02   8.39707395084800123E-12   1.00000000000000000E+00
LEVEL  388    5   12   2.64433755823804809E-04   8.00000000000000000E+01   8.17833857889600054E-12   1.00000000000000000E+00
LEVEL  389    5   12   3.97558450583923584E-04   3.24000000000000000E+02   5.60254782235840048E-12   1.00000000000000000E+00
LEVEL  390    5   12   1.30998482863966078E-04   1.08000000000000000E+02   5.57254197071840039E-12   1.00000000000000000E+00
LEVEL  391    5   12   2.70351144093754019E-04   3.96000000000000000E+02   4.07861716674560044E-12   1.00000000000000000E+00
LEVEL  392    5   12   8.95735828964151813E-05   1.32000000000000000E+02   4.06289437942400059E-12   1.00000000000000000E+00
LEVEL  393    5   12   1.46095661743112296E-04   3.68000000000000000E+02   2.66947631649920010E-12   1.00000000000000000E+00
LEVEL  394    5   12   4.39059738264211861E-04   1.11000000000000000E+03   2.65996687772000032E-12   1.00000000000000000E+00
LEVEL  395    5   12   1.57651707159275926E-05   6.00000000000000000E+01   1.59670386079680024E-12   1.00000000000000000E+00
LEVEL  396    5   12   1.01883043543446501E+01   6.00000000000000000E+00   0.00000000000000000E+00   1.00000000000000000E+00
LEVEL  397    6   13   1.88567814431316257E+08   1.00000000000000000E+00   3.45467150145120017E-11   1.00000000000000000E+00
LEVEL  398    6   13   5.97164019620180406E+04   9.00000000000000000E+00   7.89160580049600073E-12   1.00000000000000000E+00
LEVEL  399    6   13   1.78548419236145819E+04   3.00000000000000000E+00   7.60901355830400088E-12   1.00000000000000000E+00
LEVEL  400    6   13   6.46126384575832799E+03   3.00000000000000000E+00   4.96698264357600048E-12   1.00000000000000000E+00
LEVEL  401    6   13   3.03813905995816385E+04   1.50000000000000000E+01   4.80730256291840050E-12   1.00000000000000000E+00
LEVEL  402    6   13   1.75236330898316628E+04   9.00000000000000000E+00   4.70475027388000016E-12   1.00000000000000000E+00
LEVEL  403    6   13   9.51237527205756487E+03   5.00000000000000000E+00   4.64452470285760041E-12   1.00000000000000000E+00
LEVEL  404    6   13   5.58663449186966864E+03   3.00000000000000000E+00   4.58892380063520077E-12   1.00000000000000000E+00
LEVEL  405    6   13   1.76583659256198621E+03   1.00000000000000000E+00   4.45079791650400046E-12   1.00000000000000000E+00
LEVEL  406    6   13   9.20063682896629689E+03   9.00000000000000000E+00   3.03009629533920042E-12   1.00000000000000000E+00
LEVEL  407    6   13   2.88022644316823653E+03   3.00000000000000000E+00   2.86688402781440035E-12   1.00000000000000000E+00
LEVEL  408    6   13   2.46739089695088342E+03   3.00000000000000000E+00   2.46475656652160040E-12   1.00000000000000000E+00
LEVEL  409    6   13   1.71787306145506518E+04   2.10000000000000000E+01   2.45072205496160042E-12   1.00000000000000000E+00
LEVEL  410    6   13   7.34707681146715913E+03   9.00000000000000000E+00   2.44533728407840032E-12   1.00000000000000000E+00
LEVEL  411    6   13   5.67852090750752450E+03   7.00000000000000000E+00   2.42896888504160030E-12   1.00000000000000000E+00
LEVEL  412    6   13   1.15266191421798831E+04   1.50000000000000000E+01   2.28816162059040027E-12   1.00000000000000000E+00
LEVEL  413    6   13   3.83744259566570963E+03   5.00000000000000000E+00   2.28493689469120005E-12   1.00000000000000000E+00
LEVEL  414    6   13   2.24807096956725081E+03   3.00000000000000000E+00   2.22279339136000036E-12   1.00000000000000000E+00
LEVEL  415    6   13   1.11373391576220729E+04   1.50000000000000000E+01   2.19886171753440010E-12   1.00000000000000000E+00
LEVEL  416    6   13   6.59639001491313502E+03   9.00000000000000000E+00   2.16518762233120013E-12   1.00000000000000000E+00
LEVEL  417    6   13   3.64423109220175684E+03   5.00000000000000000E+00   2.15065645579520033E-12   1.00000000000000000E+00
LEVEL  418    6   13   2.09054653721492650E+03   3.00000000000000000E+00   2.03396405638400010E-12   1.00000000000000000E+00
LEVEL  419    6   13   6.88228472985570306E+02   1.00000000000000000E+00   2.00160919102240033E-12   1.00000000000000000E+00
LEVEL  420    6   13   7.75757847168683220E+04   1.44000000000000000E+02   1.36498589066880016E-12   1.00000000000000000E+00
LEVEL  421    6   13   2.48064289339968454E+04   4.80000000000000000E+01   1.25701158824960014E-12   1.00000000000000000E+00
LEVEL  422    6   13   8.55467704638322175E+04   1.92000000000000000E+02   8.71451062097600053E-13   1.00000000000000000E+00
LEVEL  423    6   13   2.79132247113375779E+04   6.40000000000000000E+01   8.15955586422400116E-13   1.00000000000000000E+00
LEVEL  424    6   13   8.80468043049619009E+04   2.19000000000000000E+02   6.04320959436000069E-13   1.00000000000000000E+00
LEVEL  425    6   13   2.93351310577735676E+04   7.30000000000000000E+01   6.03098153276320101E-13   1.00000000000000000E+00
LEVEL  426    6   13   8.27810725688952225E+04   2.19000000000000000E+02   4.44026114531680040E-13   1.00000000000000000E+00
LEVEL  427    6   13   2.75854552863016288E+04   7.30000000000000000E+01   4.43250223643680051E-13   1.00000000000000000E+00
LEVEL  428    6   13   7.95334797114441608E+04   2.19000000000000000E+02   3.39999601003200029E-13   1.00000000000000000E+00
LEVEL  429    6   13   2.65058739799413597E+04   7.30000000000000000E+01   3.39481293566400057E-13   1.00000000000000000E+00
LEVEL  430    6   13   1.43938941238400381E+05   4.11000000000000000E+02   2.45619058668000016E-13   1.00000000000000000E+00
LEVEL  431    6   13   4.79748921023013463E+04   1.37000000000000000E+02   2.45361447389280011E-13   1.00000000000000000E+00
LEVEL  432    6   14   2.28367505836485405E+10   6.00000000000000000E+00   6.55721864665760014E-11   1.00000000000000000E+00
LEVEL  433    6   14   4.86433707520681992E+02   2.00000000000000000E+00   2.25128204685600036E-11   1.00000000000000000E+00
LEVEL  434    6   14   2.43118960887269168E+03   1.20000000000000000E+01   2.20378704943680026E-11   1.00000000000000000E+00
LEVEL  435    6   14   8.38999570705482938E+02   6.00000000000000000E+00   2.10741155550560031E-11   1.00000000000000000E+00
LEVEL  436    6   14   3.11349127672642055E+02   1.20000000000000000E+01   1.66957889482720020E-11   1.00000000000000000E+00
LEVEL  437    6   14   2.58246642335251693E+02   1.00000000000000000E+01   1.66836289845920020E-11   1.00000000000000000E+00
LEVEL  438    6   14   4.10525386077953783E+02   2.00000000000000000E+01   1.60867720782720015E-11   1.00000000000000000E+00
LEVEL  439    6   14   1.78677782003005916E+02   1.00000000000000000E+01   1.57262359464000004E-11   1.00000000000000000E+00
LEVEL  440    6   14   3.16640782065701636E+01   2.00000000000000000E+00   1.54118192247520017E-11   1.00000000000000000E+00
LEVEL  441    6   14   6.25822878381075540E+01   4.00000000000000000E+00   1.53810237009760012E-11   1.00000000000000000E+00
LEVEL  442    6   14   8.52962839085872844E+01   6.00000000000000000E+00   1.51319703784960025E-11   1.00000000000000000E+00
LEVEL  443    6   14   4.25707198806886780E+01   1.40000000000000000E+01   1.11232096025440012E-11   1.00000000000000000E+00
LEVEL  444    6   14   1.57005975149909425E+01   6.00000000000000000E+00   1.07328765573280006E-11   1.00000000000000000E+00
LEVEL  445    6   14   5.10633701491026670E+00   2.00000000000000000E+00   1.06689236158880015E-11   1.00000000000000000E+00
LEVEL  446    6   14   2.42764299477085679E+01   1.00000000000000000E+01   1.05378830291360017E-11   1.00000000000000000E+00
LEVEL  447    6   14   4.20199643110589562E+01   2.00000000000000000E+01   1.01622665678720014E-11   1.00000000000000000E+00
LEVEL  448    6   14   1.92824382333788371E+01   1.00000000000000000E+01   9.93924131868800035E-12   1.00000000000000000E+00
LEVEL  449    6   14   5.36123295962581210E+01   2.80000000000000000E+01   9.92095519273600058E-12   1.00000000000000000E+00
LEVEL  450    6   14   2.60046384263244299E+01   1.40000000000000000E+01   9.84204913342400044E-12   1.00000000000000000E+00
LEVEL  451    6   14   2.19456417921240003E+01   1.20000000000000000E+01   9.80161568060800094E-12   1.00000000000000000E+00
LEVEL  452    6   14   1.05233302610696331E+01   6.00000000000000000E+00   9.69289674025600077E-12   1.00000000000000000E+00
LEVEL  453    6   14   2.00318976698067885E+01   1.20000000000000000E+01   9.56445100348800039E-12   1.00000000000000000E+00
LEVEL  454    6   14   9.08586267011336801E+00   6.00000000000000000E+00   9.31112827688000134E-12   1.00000000000000000E+00
LEVEL  455    6   14   3.01560383425304508E+01   3.60000000000000000E+01   7.77211423084800144E-12   1.00000000000000000E+00
LEVEL  456    6   14   1.33673900659957088E+01   1.80000000000000000E+01   7.45911015337600135E-12   1.00000000000000000E+00
LEVEL  457    6   14   6.36009948209264806E+01   1.92000000000000000E+02   5.36068379930080086E-12   1.00000000000000000E+00
LEVEL  458    6   14   4.91501921554262680E+01   1.62000000000000000E+02   5.13233939917600046E-12   1.00000000000000000E+00
LEVEL  459    6   14   3.03836292759070687E+01   1.92000000000000000E+02   3.44053512791680021E-12   1.00000000000000000E+00
LEVEL  460    6   14   1.49615388652331962E+01   9.60000000000000000E+01   3.40083398279200021E-12   1.00000000000000000E+00
LEVEL  461    6   14   1.34888585455389016E+01   1.26000000000000000E+02   2.42467036140160009E-12   1.00000000000000000E+00
LEVEL  462    6   14   2.02804362404368774E+01   1.92000000000000000E+02   2.38978596122080007E-12   1.00000000000000000E+00
LEVEL  463    6   14   7.07023741173264000E+01   9.96000000000000000E+02   1.35675822721440022E-12   1.00000000000000000E+00
LEVEL  464    6   15   4.52805031697076280E+06   9.00000000000000000E+00   1.01648361743200012E-10   1.00000000000000000E+00
LEVEL  465    6   15   3.57364614776942530E+05   5.00000000000000000E+00   9.65758706268800144E-11   1.00000000000000000E+00
LEVEL  466    6   15   7.26125768150368458E+03   1.00000000000000000E+00   9.06319415075200033E-11   1.00000000000000000E+00
LEVEL  467    6   15   7.46614235434183704E-01   9.00000000000000000E+00   6.10528869685920081E-11   1.00000000000000000E+00
LEVEL  468    6   15   3.77738352677521485E-04   3.00000000000000000E+00   4.41823292023840023E-11   1.00000000000000000E+00
LEVEL  469    6   15   1.31875752091004621E-04   5.00000000000000000E+00   4.01192302906880056E-11   1.00000000000000000E+00
LEVEL  470    6   15   3.82123302351255334E-05   3.00000000000000000E+00   3.82272806698240028E-11   1.00000000000000000E+00
LEVEL  471    6   15   2.07402581922960357E-05   1.50000000000000000E+01   3.24555433412800021E-11   1.00000000000000000E+00
LEVEL  472    6   15   1.45016609493319989E-05   1.50000000000000000E+01   3.15254883237600036E-11   1.00000000000000000E+00
LEVEL  473    6   15   6.60427628596626456E-06   9.00000000000000000E+00   3.08088161209760012E-11   1.00000000000000000E+00
LEVEL  474    6   15   3.35839432392217128E-06   5.00000000000000000E+00   3.05788643370400037E-11   1.00000000000000000E+00
LEVEL  475    6   15   1.70979470609584663E-06   9.00000000000000000E+00   2.72963034429280023E-11   1.00000000000000000E+00
LEVEL  476    6   15   3.77547559758682675E-07   3.00000000000000000E+00   2.62258713081600018E-11   1.00000000000000000E+00
LEVEL  477    6   15   9.28470393524804724E-07   1.50000000000000000E+01   2.43814373764640039E-11   1.00000000000000000E+00
LEVEL  478    6   15   1.63664055418224678E-07   3.00000000000000000E+00   2.40531889197440025E-11   1.00000000000000000E+00
LEVEL  479    6   15   1.08860735830530800E-06   2.10000000000000000E+01   2.39204400545440038E-11   1.00000000000000000E+00
LEVEL  480    6   15   1.00771525721557928E-06   2.50000000000000000E+01   2.32665487245600026E-11   1.00000000000000000E+00
LEVEL  481    6   15   2.62858163250378035E-07   7.00000000000000000E+00   2.30823624775520012E-11   1.00000000000000000E+00
LEVEL  482    6   15   4.63492079177799310E-07   1.50000000000000000E+01   2.25755942519680008E-11   1.00000000000000000E+00
LEVEL  483    6   15   2.60968710862130164E-07   9.00000000000000000E+00   2.24103762364320011E-11   1.00000000000000000E+00
LEVEL  484    6   15   3.41537713797541330E-07   3.00000000000000000E+01   1.99802759705600017E-11   1.00000000000000000E+00
LEVEL  485    6   15   1.12071542404498962E-07   1.30000000000000000E+01   1.92574891340480025E-11   1.00000000000000000E+00
LEVEL  486    6   15   3.37864303813751687E-08   5.00000000000000000E+00   1.86243925809440030E-11   1.00000000000000000E+00
LEVEL  487    6   15   3.68499065442942652E-08   1.50000000000000000E+01   1.59943997519840020E-11   1.00000000000000000E+00
LEVEL  488    6   15   1.52266208195116801E-07   9.90000000000000000E+01   1.47771798344320006E-11   1.00000000000000000E+00
LEVEL  489    6   15   3.42535278515988866E-08   2.60000000000000000E+01   1.43747668627840020E-11   1.00000000000000000E+00
LEVEL  490    6   15   4.52931536363111345E-08   8.00000000000000000E+01   1.21795146992480019E-11   1.00000000000000000E+00
LEVEL  491    6   15   3.23077509692153524E-08   9.30000000000000000E+01   1.09099734785920005E-11   1.00000000000000000E+00
LEVEL  492    6   15   5.54532634915178004E-09   2.00000000000000000E+01   1.03238776730240009E-11   1.00000000000000000E+00
LEVEL  493    6   15   8.22733699884055057E-09   8.00000000000000000E+01   7.74595092905600123E-12   1.00000000000000000E+00
LEVEL  494    6   15   9.82298715980144478E-09   1.02000000000000000E+02   7.57522207072000120E-12   1.00000000000000000E+00
LEVEL  495    6   15   1.49898604942182515E-09   1.90000000000000000E+01   7.05692039819200089E-12   1.00000000000000000E+00
LEVEL  496    6   15   1.41985476559974987E-08   4.64000000000000000E+02   4.59516204818240021E-12   1.00000000000000000E+00
LEVEL  497    6   15   7.24176137556424393E-09   5.20000000000000000E+02   2.54896337748320024E-12   1.00000000000000000E+00
LEVEL  498    6   15   2.49573048305566094E-04   4.00000000000000000E+00   0.00000000000000000E+00   1.00000000000000000E+00
LEVEL  499    7   16   7.50025703849556595E+07   2.00000000000000000E+00   2.40868603514560023E-11   1.00000000000000000E+00
LEVEL  500    7   16   4.91347608488391805E+06   2.00000000000000000E+00   1.70024347687040022E-11   1.00000000000000000E+00
LEVEL  501    7   16   9.75842741926261783E+06   4.00000000000000000E+00   1.69842461715840012E-11   1.00000000000000000E+00
LEVEL  502    7   16   3.61795059148748172E+05   2.00000000000000000E+00   1.02218167318560016E-11   1.00000000000000000E+00
LEVEL  503    7   16   1.59035318588450155E+06   1.00000000000000000E+01   9.88701880328000107E-12   1.00000000000000000E+00
LEVEL  504    7   16   4.74247505020426004E+05   6.00000000000000000E+00   8.06972008264000020E-12   1.00000000000000000E+00
LEVEL  505    7   16   6.24653637221770405E+04   2.00000000000000000E+00   5.65628214067200039E-12   1.00000000000000000E+00
LEVEL  506    7   16   3.00153392855349521E+05   1.00000000000000000E+01   5.55294417473440025E-12   1.00000000000000000E+00
LEVEL  507    7   16   4.04805969868881977E+05   1.40000000000000000E+01   5.45584045448160091E-12   1.00000000000000000E+00
LEVEL  508    7   16   1.31115488562726561E+05   6.00000000000000000E+00   4.72796207626560084E-12   1.00000000000000000E+00
LEVEL  509    7   16   2.82026189738097783E+04   2.00000000000000000E+00   3.58934673334880054E-12   1.00000000000000000E+00
LEVEL  510    7   16   1.38629511609369481E+05   1.00000000000000000E+01   3.54503492594240056E-12   1.00000000000000000E+00
LEVEL  511    7   16   1.90117010796081420E+05   1.40000000000000000E+01   3.49139242519360016E-12   1.00000000000000000E+00
LEVEL  512    7   16   2.44141255662231473E+05   1.80000000000000000E+01   3.48825462716640021E-12   1.00000000000000000E+00
LEVEL  513    7   16   7.02663231436804926E+04   6.00000000000000000E+00   3.10657199843840024E-12   1.00000000000000000E+00
LEVEL  514    7   16   1.84015093963548243E+04   2.00000000000000000E+00   2.47950337646080017E-12   1.00000000000000000E+00
LEVEL  515    7   16   9.11971875887633796E+04   1.00000000000000000E+01   2.45650878112000007E-12   1.00000000000000000E+00
LEVEL  516    7   16   1.26103407736351728E+05   1.40000000000000000E+01   2.42429331175680029E-12   1.00000000000000000E+00
LEVEL  517    7   16   1.62011907755728404E+05   1.80000000000000000E+01   2.42235202420800044E-12   1.00000000000000000E+00
LEVEL  518    7   16   1.97986424571950076E+05   2.20000000000000000E+01   2.42198275301760023E-12   1.00000000000000000E+00
LEVEL  519    7   16   4.95194936001977985E+04   6.00000000000000000E+00   2.19701803169920041E-12   1.00000000000000000E+00
LEVEL  520    7   16   6.87539949312180048E+05   9.80000000000000000E+01   1.77475443117120016E-12   1.00000000000000000E+00
LEVEL  521    7   16   7.65502876721187262E+05   1.28000000000000000E+02   1.35978108433280006E-12   1.00000000000000000E+00
LEVEL  522    7   16   8.68271738757048966E+05   1.62000000000000000E+02   1.07491549277120002E-12   1.00000000000000000E+00
LEVEL  523    7   16   9.61858206299331621E+05   1.94000000000000000E+02   8.72433373553600058E-13   1.00000000000000000E+00
LEVEL  524    7   16   4.23375639143082352E+10   1.00000000000000000E+00   0.00000000000000000E+00   1.00000000000000000E+00
LEVEL  525    8   17   1.01659986081647641E-01   1.00000000000000000E+00   9.79365979264000094E-12   1.00000000000000000E+00
LEVEL  526    8   17   2.84999726330549041E-01   9.00000000000000000E+00   6.76194490960000067E-12   1.00000000000000000E+00
LEVEL  527    8   17   3.21847415460339015E-01   1.50000000000000000E+01   5.75021340438400064E-12   1.00000000000000000E+00
LEVEL  528    8   17   9.57148064624119832E-02   5.00000000000000000E+00   5.45365638507200028E-12   1.00000000000000000E+00
LEVEL  529    8   17   5.00384385534144438E-02   3.00000000000000000E+00   5.09559113820800072E-12   1.00000000000000000E+00
LEVEL  530    8   17   2.73870560829634034E-02   3.00000000000000000E+00   3.52895450198400037E-12   1.00000000000000000E+00
LEVEL  531    8   17   7.96936808332061701E-03   1.00000000000000000E+00   3.17583539803200050E-12   1.00000000000000000E+00
LEVEL  532    8   17   1.38105543002251058E-01   2.10000000000000000E+01   2.67649042843200011E-12   1.00000000000000000E+00
LEVEL  533    8   17   3.28716952293101536E-02   5.00000000000000000E+00   2.67565421145600014E-12   1.00000000000000000E+00
LEVEL  534    8   17   5.59592514237909830E-02   9.00000000000000000E+00   2.53068012041600006E-12   1.00000000000000000E+00
LEVEL  535    8   17   1.84174879029803638E-02   3.00000000000000000E+00   2.49764116848000017E-12   1.00000000000000000E+00
LEVEL  536    8   17   2.93949383545815471E-02   5.00000000000000000E+00   2.38508282544000009E-12   1.00000000000000000E+00
LEVEL  537    8   17   8.51683840307507212E-02   1.50000000000000000E+01   2.29461641924800021E-12   1.00000000000000000E+00
LEVEL  538    8   17   8.21090949558988814E-02   1.50000000000000000E+01   2.19953110852800013E-12   1.00000000000000000E+00
LEVEL  539    8   17   4.82398154531308992E-02   9.00000000000000000E+00   2.14484645390400013E-12   1.00000000000000000E+00
LEVEL  540    8   17   4.52751412802747874E-02   9.00000000000000000E+00   1.97998337176000033E-12   1.00000000000000000E+00
LEVEL  541    8   17   1.38363306962759787E-02   3.00000000000000000E+00   1.75424156032000013E-12   1.00000000000000000E+00
LEVEL  542    8   17   3.21281152202315679E-02   7.00000000000000000E+00   1.74159832537600025E-12   1.00000000000000000E+00
LEVEL  543    8   17   4.53653923267048533E-03   1.00000000000000000E+00   1.71129879401600026E-12   1.00000000000000000E+00
LEVEL  544    8   17   2.26317718217448095E-02   5.00000000000000000E+00   1.70545667121600027E-12   1.00000000000000000E+00
LEVEL  545    8   17   1.26193614951620806E-02   3.00000000000000000E+00   1.51493807326400023E-12   1.00000000000000000E+00
LEVEL  546    8   17   4.17211377724485341E-03   1.00000000000000000E+00   1.49363140252800024E-12   1.00000000000000000E+00
LEVEL  547    8   17   8.50781449419190094E-02   2.10000000000000000E+01   1.41727759059200014E-12   1.00000000000000000E+00
LEVEL  548    8   17   2.79871231567789085E-02   7.00000000000000000E+00   1.38293240161600014E-12   1.00000000000000000E+00
LEVEL  549    8   17   3.54943928220236987E-02   9.00000000000000000E+00   1.34736339806400010E-12   1.00000000000000000E+00
LEVEL  550    8   17   5.81579260935376971E-02   1.50000000000000000E+01   1.30307649628800008E-12   1.00000000000000000E+00
LEVEL  551    8   17   1.91307408639178160E-02   5.00000000000000000E+00   1.26862735164800016E-12   1.00000000000000000E+00
LEVEL  552    8   17   7.68962168526840378E-02   2.10000000000000000E+01   1.15445594003200004E-12   1.00000000000000000E+00
LEVEL  553    8   17   1.06222507771845994E-02   3.00000000000000000E+00   1.06713179089600004E-12   1.00000000000000000E+00
LEVEL  554    8   17   1.05839333999934743E-02   3.00000000000000000E+00   1.05773854526400009E-12   1.00000000000000000E+00
LEVEL  555    8   17   3.44913236334327706E-03   1.00000000000000000E+00   9.98989416320000072E-13   1.00000000000000000E+00
LEVEL  556    8   17   6.97891123939467645E-02   2.10000000000000000E+01   9.02381874000000143E-13   1.00000000000000000E+00
LEVEL  557    8   17   2.31885429801161197E-02   7.00000000000000000E+00   8.94044947776000043E-13   1.00000000000000000E+00
LEVEL  558    8   17   8.89644803219652447E-02   2.70000000000000000E+01   8.80144438976000063E-13   1.00000000000000000E+00
LEVEL  559    8   17   2.96523565712541876E-02   9.00000000000000000E+00   8.79927914368000080E-13   1.00000000000000000E+00
LEVEL  560    8   17   2.94631580974461273E-02   9.00000000000000000E+00   8.63289972672000065E-13   1.00000000000000000E+00
LEVEL  561    8   17   1.63307932279430600E-02   5.00000000000000000E+00   8.57307850944000063E-13   1.00000000000000000E+00
LEVEL  562    8   17   4.87636695316886470E-02   1.50000000000000000E+01   8.45145303280000039E-13   1.00000000000000000E+00
LEVEL  563    8   17   9.47772977382532918E-03   3.00000000000000000E+00   7.70798716864000107E-13   1.00000000000000000E+00
LEVEL  564    8   17   9.25349347711500701E-03   3.00000000000000000E+00   7.08562600896000028E-13   1.00000000000000000E+00
LEVEL  565    8   17   3.04968904659145331E-03   1.00000000000000000E+00   6.79062845712000077E-13   1.00000000000000000E+00
LEVEL  566    8   17   6.26990403219030296E-02   2.10000000000000000E+01   6.23916843934400113E-13   1.00000000000000000E+00
LEVEL  567    8   17   2.08716410052374075E-02   7.00000000000000000E+00   6.20427306054400030E-13   1.00000000000000000E+00
LEVEL  568    8   17   1.48881284797761273E-02   5.00000000000000000E+00   6.16905388867200110E-13   1.00000000000000000E+00
LEVEL  569    8   17   2.37648631840417623E-01   8.00000000000000000E+01   6.10772077572800112E-13   1.00000000000000000E+00
LEVEL  570    8   17   2.66224595017085924E-02   9.00000000000000000E+00   5.99761589236800061E-13   1.00000000000000000E+00
LEVEL  571    8   17   4.43097818055210174E-02   1.50000000000000000E+01   5.96186640747200069E-13   1.00000000000000000E+00
LEVEL  572    8   17   8.74398287832403240E-03   3.00000000000000000E+00   5.61351813305600066E-13   1.00000000000000000E+00
LEVEL  573    8   17   1.40600684745308072E-02   5.00000000000000000E+00   4.68160947142400005E-13   1.00000000000000000E+00
LEVEL  574    8   17   5.87941392076517799E-02   2.10000000000000000E+01   4.56773256772800001E-13   1.00000000000000000E+00
LEVEL  575    8   17   1.95848267602103179E-02   7.00000000000000000E+00   4.55019354443200097E-13   1.00000000000000000E+00
LEVEL  576    8   17   4.18824179911258671E-02   1.50000000000000000E+01   4.49745290710400021E-13   1.00000000000000000E+00
LEVEL  577    8   17   3.67902931808153921E-01   1.32000000000000000E+02   4.45069949321600031E-13   1.00000000000000000E+00
LEVEL  578    8   17   1.35328766995333038E-02   5.00000000000000000E+00   3.68825241140800056E-13   1.00000000000000000E+00
LEVEL  579    8   17   4.05377464369561444E-02   1.50000000000000000E+01   3.64924319756800018E-13   1.00000000000000000E+00
LEVEL  580    8   17   5.64001483821303107E-02   2.10000000000000000E+01   3.48720454244800057E-13   1.00000000000000000E+00
LEVEL  581    8   17   1.87929681108254878E-02   7.00000000000000000E+00   3.47741210441600056E-13   1.00000000000000000E+00
LEVEL  582    8   17   5.14657117108997531E-01   1.92000000000000000E+02   3.43667890945600022E-13   1.00000000000000000E+00
LEVEL  583    8   17   8.47882339649861483E-01   3.24000000000000000E+02   2.81266731281600029E-13   1.00000000000000000E+00
LEVEL  584    8   17   1.02406612325119295E+00   4.00000000000000000E+02   2.24273684489600026E-13   1.00000000000000000E+00
LEVEL  585    8   17   1.22035430033525216E+00   4.84000000000000000E+02   1.84608171841600021E-13   1.00000000000000000E+00
LEVEL  586    8   17   1.43539672897095172E+00   5.76000000000000000E+02   1.54137660248000026E-13   1.00000000000000000E+00
LEVEL  587    8   17   2.23928192316134901E-02   9.00000000000000000E+00   1.50048651331200006E-13   1.00000000000000000E+00
LEVEL  588    8   17   1.66952865814485363E+00   6.76000000000000000E+02   1.30782287736000002E-13   1.00000000000000000E+00
LEVEL  589    8   17   1.92250666398952741E+00   7.84000000000000000E+02   1.12256222305600011E-13   1.00000000000000000E+00
LEVEL  590    8   17   2.19563795580735022E+00   9.00000000000000000E+02   9.88881931008000145E-14   1.00000000000000000E+00
LEVEL  591    8   18   5.61062225591234310E+04   2.00000000000000000E+00   1.90192406412800030E-11   1.00000000000000000E+00
LEVEL  592    8   18   9.85718806672252103E+04   1.00000000000000000E+01   1.63006642028800007E-11   1.00000000000000000E+00
LEVEL  593    8   18   2.42745110794426146E+04   6.00000000000000000E+00   1.39859240475200020E-11   1.00000000000000000E+00
LEVEL  594    8   18   1.04161258189644127E+03   2.00000000000000000E+00   8.65729783616000158E-12   1.00000000000000000E+00
LEVEL  595    8   18   3.64107670266027890E+03   1.00000000000000000E+01   7.72694367280000117E-12   1.00000000000000000E+00
LEVEL  596    8   18   1.64226768203245706E+03   6.00000000000000000E+00   6.98517396224000081E-12   1.00000000000000000E+00
LEVEL  597    8   18   2.16496586862307277E+03   1.40000000000000000E+01   5.50106348065600049E-12   1.00000000000000000E+00
LEVEL  598    8   18   2.53149721741809429E+02   2.00000000000000000E+00   4.98051056176000018E-12   1.00000000000000000E+00
LEVEL  599    8   18   1.08222646625593461E+03   1.00000000000000000E+01   4.57335187160000048E-12   1.00000000000000000E+00
LEVEL  600    8   18   5.66667088045778769E+02   6.00000000000000000E+00   4.21938767236800068E-12   1.00000000000000000E+00
LEVEL  601    8   18   1.00999820893394167E+03   1.40000000000000000E+01   3.51923176526400054E-12   1.00000000000000000E+00
LEVEL  602    8   18   1.28570017697267167E+03   1.80000000000000000E+01   3.49334422094400040E-12   1.00000000000000000E+00
LEVEL  603    8   18   5.96427554028163854E+02   1.00000000000000000E+01   3.02465808899200024E-12   1.00000000000000000E+00
LEVEL  604    8   18   6.67298799912048935E+02   1.40000000000000000E+01   2.44192152888000035E-12   1.00000000000000000E+00
LEVEL  605    8   18   8.52601455519867727E+02   1.80000000000000000E+01   2.42564971784000026E-12   1.00000000000000000E+00
LEVEL  606    8   18   3.05224428825759105E+03   8.00000000000000000E+01   1.86338877945600005E-12   1.00000000000000000E+00
LEVEL  607    8   18   3.51420206005075488E+03   1.10000000000000000E+02   1.40196993686400019E-12   1.00000000000000000E+00
LEVEL  608    8   18   4.37446580581245144E+03   1.54000000000000000E+02   1.09655449035200018E-12   1.00000000000000000E+00
LEVEL  609    8   18   5.02374530226766637E+03   1.92000000000000000E+02   8.83020413168000087E-13   1.00000000000000000E+00
LEVEL  610    8   18   6.15752061446843254E+03   2.42000000000000000E+02   8.10386610608000051E-13   1.00000000000000000E+00
LEVEL  611    8   18   6.95317210651601636E+03   2.88000000000000000E+02   6.73927409408000039E-13   1.00000000000000000E+00
LEVEL  612    8   18   7.84001325448383977E+03   3.38000000000000000E+02   5.69845057310400020E-13   1.00000000000000000E+00
LEVEL  613    8   18   8.80899794221903903E+03   3.92000000000000000E+02   4.87492857798400024E-13   1.00000000000000000E+00
LEVEL  614    8   18   9.86107399051182438E+03   4.50000000000000000E+02   4.22083834748800058E-13   1.00000000000000000E+00
LEVEL  615    8   18   2.22522540884647101E+08   1.00000000000000000E+00   0.00000000000000000E+00   1.00000000000000000E+00
STAGE    1    0   8.50720208377830078E+11
STAGE    2    0   4.18186448454173145E+12
STAGE    2    1   2.61903443857089922E+13
STAGE    6    0   3.20987017992918962E+05
STAGE    6    1   1.53384348969763041E+09
STAGE    6    2   9.82481043166999578E+08
STAGE    7    0   4.63492638588648960E+07
STAGE    7    1   1.05406251740290665E+11
STAGE    7    2   8.54237938046861553E+09
STAGE    8    0   6.16664612643354014E+07
STAGE    8    1   8.53284996497382660E+10
STAGE    8    2   7.20579396476728320E+08
STAGE   10    0   1.89544682118654579E+08
STAGE   10    1   2.28367562748646545E+10
STAGE   10    2   4.89267693664357532E+06
STAGE   12    1   9.75991592760892808E+07
STAGE   20    0   1.40701097638178254E+01
STAGE   20    1   2.49342041977001383E+05
STAGE    1    1   1.00960732920605925E+15
STAGE    2    2   4.25111263807637850E+05
STAGE    6    3   3.06291556655454406E+03
STAGE    7    3   3.32788996183449808E+03
STAGE    8    3   1.01883043543446501E+01
STAGE   10    3   2.49573048305566094E-04
STAGE   12    2   4.23375639143082352E+10
STAGE   20    2   2.22522540884647101E+08
