   2.99792500000000000E+16   6.91781919404627429E-06   6.91781905498018054E-06   6.91781893859517104E-06   4.48931436596242473E-39   1.27024048488008366E-13   1.28427054637290460E-13   0.00000000000000000E+00
   2.92975794301226240E+16   7.29327354517780934E-06   7.29327339842747929E-06   7.29327328034450584E-06   2.69004721430936399E-38   1.36110980907486666E-13   1.28722322184798106E-13   0.00000000000000000E+00
   2.92975794301226240E+16   7.29327354517780934E-06   7.29327339842747929E-06   7.29327328034450584E-06   2.69004721430936399E-38   1.36110980907486666E-13   1.28722322184798106E-13   0.00000000000000000E+00
   2.86332277874703920E+16   7.68981427177686584E-06   7.68981411690590048E-06   7.68981399693051058E-06   1.54243669276474901E-37   1.45820435311112057E-13   1.29025919870130558E-13   0.00000000000000000E+00
   2.86332277874703920E+16   7.68981427177686584E-06   7.68981411690590048E-06   7.68981399693051058E-06   1.54243669276474901E-37   1.45820435311112057E-13   1.29025919870130558E-13   0.00000000000000000E+00
   2.79836907715476000E+16   8.10990064515544470E-06   8.10990048167661204E-06   8.10990035958933523E-06   8.51845751157737502E-37   1.56227037907963002E-13   1.29339070864682843E-13   0.00000000000000000E+00
   2.79836907715476000E+16   8.10990064515544470E-06   8.10990048167661204E-06   8.10990035958933523E-06   8.51845751157737502E-37   1.56227037907963002E-13   1.29339070864682843E-13   0.00000000000000000E+00
   2.73522265496660280E+16   8.55234606209169456E-06   8.55234588954219782E-06   8.55234576511615971E-06   4.49239136074281706E-36   1.67315313627957355E-13   1.29660221395639396E-13   0.00000000000000000E+00
   2.73522265496660280E+16   8.55234606209169456E-06   8.55234588954219782E-06   8.55234576511615971E-06   4.49239136074281706E-36   1.67315313627957355E-13   1.29660221395639396E-13   0.00000000000000000E+00
   2.67359790329868280E+16   9.01909744746134615E-06   9.01909726533659766E-06   9.01909713829906210E-06   2.27906655718792899E-35   1.79171494410370900E-13   1.29990791086893824E-13   0.00000000000000000E+00
   2.67359790329868280E+16   9.01909744746134615E-06   9.01909726533659766E-06   9.01909713829906210E-06   2.27906655718792899E-35   1.79171494410370900E-13   1.29990791086893824E-13   0.00000000000000000E+00
   2.61310732860374240E+16   9.51524987199785832E-06   9.51524967968939871E-06   9.51524954974044151E-06   1.12372517768599483E-34   1.91924336704200637E-13   1.30333080160245606E-13   0.00000000000000000E+00
   2.61310732860374240E+16   9.51524987199785832E-06   9.51524967968939871E-06   9.51524954974044151E-06   1.12372517768599483E-34   1.91924336704200637E-13   1.30333080160245606E-13   0.00000000000000000E+00
   2.55367538670541400E+16   1.00431912279659033E-05   1.00431910248152848E-05   1.00431908916176242E-05   5.39558201054746743E-34   2.05660343751438201E-13   1.30687936561030317E-13   0.00000000000000000E+00
   2.55367538670541400E+16   1.00431912279659033E-05   1.00431910248152848E-05   1.00431908916176242E-05   5.39558201054746743E-34   2.05660343751438201E-13   1.30687936561030317E-13   0.00000000000000000E+00
   2.49560603354427960E+16   1.06013731632082558E-05   1.06013729485876795E-05   1.06013728117773319E-05   2.50248300720950446E-33   2.20377067977423143E-13   1.31053856222075371E-13   0.00000000000000000E+00
   2.49560603354427960E+16   1.06013731632082558E-05   1.06013729485876795E-05   1.06013728117773319E-05   2.50248300720950446E-33   2.20377067977423143E-13   1.31053856222075371E-13   0.00000000000000000E+00
   2.43890033090954960E+16   1.11921065746229117E-05   1.11921063478573602E-05   1.11921062070570317E-05   1.12115935485640930E-32   2.36134902802007809E-13   1.31430976458561363E-13   0.00000000000000000E+00
   2.43890033090954960E+16   1.11921065746229117E-05   1.11921063478573602E-05   1.11921062070570317E-05   1.12115935485640930E-32   2.36134902802007809E-13   1.31430976458561363E-13   0.00000000000000000E+00
   2.38363355574571320E+16   1.18160715745339330E-05   1.18160713349338367E-05   1.18160711897429451E-05   4.84223454836100253E-32   2.52972120754472329E-13   1.31818867869259307E-13   0.00000000000000000E+00
   2.38363355574571320E+16   1.18160715745339330E-05   1.18160713349338367E-05   1.18160711897429451E-05   4.84223454836100253E-32   2.52972120754472329E-13   1.31818867869259307E-13   0.00000000000000000E+00
   2.32977609813375040E+16   1.24749103008572688E-05   1.24749100476988449E-05   1.24749098976838177E-05   2.01755712069279177E-31   2.70955707264400033E-13   1.32217744224323989E-13   0.00000000000000000E+00
   2.32977609813375040E+16   1.24749103008572688E-05   1.24749100476988449E-05   1.24749098976838177E-05   2.01755712069279177E-31   2.70955707264400033E-13   1.32217744224323989E-13   0.00000000000000000E+00
   2.27679483165834720E+16   1.31772131143765804E-05   1.31772128467586739E-05   1.31772126913957213E-05   8.22485060636036428E-31   2.90348997163305862E-13   1.32631861727139795E-13   0.00000000000000000E+00
   2.27679483165834720E+16   1.31772131143765804E-05   1.31772128467586739E-05   1.31772126913957213E-05   8.22485060636036428E-31   2.90348997163305862E-13   1.32631861727139795E-13   0.00000000000000000E+00
   2.22502489970906440E+16   1.39203606210710118E-05   1.39203603381451599E-05   1.39203601768835749E-05   3.25133107971970271E-30   3.11128422464648668E-13   1.33059014388292336E-13   0.00000000000000000E+00
   2.22502489970906440E+16   1.39203606210710118E-05   1.39203603381451599E-05   1.39203601768835749E-05   3.25133107971970271E-30   3.11128422464648668E-13   1.33059014388292336E-13   0.00000000000000000E+00
   2.17442872935493720E+16   1.47076540331637715E-05   1.47076537340135169E-05   1.47076535662666292E-05   1.24757463765489540E-29   3.33397422224433674E-13   1.33499719169800927E-13   0.00000000000000000E+00
   2.17442872935493720E+16   1.47076540331637715E-05   1.47076537340135169E-05   1.47076535662666292E-05   1.24757463765489540E-29   3.33397422224433674E-13   1.33499719169800927E-13   0.00000000000000000E+00
   2.12497155344473520E+16   1.55418721170331205E-05   1.55418718006840854E-05   1.55418716258114805E-05   4.65082425242653163E-29   3.57267132005581791E-13   1.33954507084012831E-13   0.00000000000000000E+00
   2.12497155344473520E+16   1.55418721170331205E-05   1.55418718006840854E-05   1.55418716258114805E-05   4.65082425242653163E-29   3.57267132005581791E-13   1.33954507084012831E-13   0.00000000000000000E+00
   2.07662199596380320E+16   1.64259376606114201E-05   1.64259373260282865E-05   1.64259371433310589E-05   1.68577114783028363E-28   3.82856445443780050E-13   1.34423914830025017E-13   0.00000000000000000E+00
   2.07662199596380320E+16   1.64259376606114201E-05   1.64259373260282865E-05   1.64259371433310589E-05   1.68577114783028363E-28   3.82856445443780050E-13   1.34423914830025017E-13   0.00000000000000000E+00
   2.02945274465333040E+16   1.73608365050110924E-05   1.73608361511376880E-05   1.73608359598726442E-05   5.92945331565691094E-28   4.10231030004816256E-13   1.34907419590383319E-13   0.00000000000000000E+00
   2.02945274465333040E+16   1.73608365050110924E-05   1.73608361511376880E-05   1.73608359598726442E-05   5.92945331565691094E-28   4.10231030004816256E-13   1.34907419590383319E-13   0.00000000000000000E+00
   1.98334227672727040E+16   1.83514145782311683E-05   1.83514142039106935E-05   1.83514140032520984E-05   2.03033692849885976E-27   4.39572616079121408E-13   1.35406454036882587E-13   0.00000000000000000E+00
   1.98334227672727040E+16   1.83514145782311683E-05   1.83514142039106935E-05   1.83514140032520984E-05   2.03033692849885976E-27   4.39572616079121408E-13   1.35406454036882587E-13   0.00000000000000000E+00
   1.93829294321181840E+16   1.93999989116505312E-05   1.93999985156778411E-05   1.93999983047248886E-05   6.76718121628457382E-27   4.71004396849107819E-13   1.35921244783509468E-13   0.00000000000000000E+00
   1.93829294321181840E+16   1.93999989116505312E-05   1.93999985156778411E-05   1.93999983047248886E-05   6.76718121628457382E-27   4.71004396849107819E-13   1.35921244783509468E-13   0.00000000000000000E+00
   1.89476528325631000E+16   2.04942222100511584E-05   2.04942217914710945E-05   2.04942215693186148E-05   2.16820211398998130E-26   5.04286246023816730E-13   1.36446297190070487E-13   0.00000000000000000E+00
   1.89476528325631000E+16   2.04942222100511584E-05   2.04942217914710945E-05   2.04942215693186148E-05   2.16820211398998130E-26   5.04286246023816730E-13   1.36446297190070487E-13   0.00000000000000000E+00
   1.85272894253476240E+16   2.16372074363042208E-05   2.16372069941002081E-05   2.16372067598515626E-05   6.68378500410122678E-26   5.39471424714503476E-13   1.36981232950773627E-13   0.00000000000000000E+00
   1.85272894253476240E+16   2.16372074363042208E-05   2.16372069941002081E-05   2.16372067598515626E-05   6.68378500410122678E-26   5.39471424714503476E-13   1.36981232950773627E-13   0.00000000000000000E+00
   1.81199440340092000E+16   2.28333873778727803E-05   2.28333869109349109E-05   2.28333866635851390E-05   1.99220155343003400E-25   5.76759827759778010E-13   1.37527812625190757E-13   0.00000000000000000E+00
   1.81199440340092000E+16   2.28333873778727803E-05   2.28333869109349109E-05   2.28333866635851390E-05   1.99220155343003400E-25   5.76759827759778010E-13   1.37527812625190757E-13   0.00000000000000000E+00
   1.77110598482262160E+16   2.41321614100797621E-05   2.41321609162771992E-05   2.41321606542464728E-05   5.97041201208231045E-25   6.17726677919009849E-13   1.38106612464682248E-13   0.00000000000000000E+00
   1.77110598482262160E+16   2.41321614100797621E-05   2.41321609162771992E-05   2.41321606542464728E-05   5.97041201208231045E-25   6.17726677919009849E-13   1.38106612464682248E-13   0.00000000000000000E+00
   1.73217080140577860E+16   2.54693588889819886E-05   2.54693583675097901E-05   2.54693580898712144E-05   1.69999810478027344E-24   6.60422690178347577E-13   1.38688083819914748E-13   0.00000000000000000E+00
   1.73217080140577860E+16   2.54693588889819886E-05   2.54693583675097901E-05   2.54693580898712144E-05   1.69999810478027344E-24   6.60422690178347577E-13   1.38688083819914748E-13   0.00000000000000000E+00
   1.69282479559107240E+16   2.69291075702701039E-05   2.69291070185791580E-05   2.69291067233000743E-05   4.90029963639779774E-24   7.07661863938367222E-13   1.39308164471683782E-13   0.00000000000000000E+00
   1.69282479559107240E+16   2.69291075702701039E-05   2.69291070185791580E-05   2.69291067233000743E-05   4.90029963639779774E-24   7.07661863938367222E-13   1.39308164471683782E-13   0.00000000000000000E+00
   1.65489726325144660E+16   2.84523883647144192E-05   2.84523877814789803E-05   2.84523874672153235E-05   1.36140328383930730E-23   7.57559812483994326E-13   1.39939280745455012E-13   0.00000000000000000E+00
   1.65489726325144660E+16   2.84523883647144192E-05   2.84523877814789803E-05   2.84523874672153235E-05   1.36140328383930730E-23   7.57559812483994326E-13   1.39939280745455012E-13   0.00000000000000000E+00
   1.61789775963944500E+16   3.00601955908988748E-05   3.00601949743579514E-05   3.00601946394488897E-05   3.69363303048929451E-23   8.10860884297439848E-13   1.40589101016299092E-13   0.00000000000000000E+00
   1.61789775963944500E+16   3.00601955908988748E-05   3.00601949743579514E-05   3.00601946394488897E-05   3.69363303048929451E-23   8.10860884297439848E-13   1.40589101016299092E-13   0.00000000000000000E+00
   1.58152933893669200E+16   3.17702026520050291E-05   3.17702020000307456E-05   3.17702016425027938E-05   9.86482892114747319E-23   8.68238873313934999E-13   1.41263362072990898E-13   0.00000000000000000E+00
   1.58152933893669200E+16   3.17702026520050291E-05   3.17702020000307456E-05   3.17702016425027938E-05   9.86482892114747319E-23   8.68238873313934999E-13   1.41263362072990898E-13   0.00000000000000000E+00
   1.54567468363752740E+16   3.35951047530145167E-05   3.35951040632141812E-05   3.35951036808192463E-05   2.60175075393208045E-22   9.30229891635489373E-13   1.41965377470685022E-13   0.00000000000000000E+00
   1.54567468363752740E+16   3.35951047530145167E-05   3.35951040632141812E-05   3.35951036808192463E-05   2.60175075393208045E-22   9.30229891635489373E-13   1.41965377470685022E-13   0.00000000000000000E+00
   1.51077677437561800E+16   3.55164689819681726E-05   3.55164682523284285E-05   3.55164678428801083E-05   6.69496278241460935E-22   9.96365171875438091E-13   1.42722889398233798E-13   0.00000000000000000E+00
   1.51077677437561800E+16   3.55164689819681726E-05   3.55164682523284285E-05   3.55164678428801083E-05   6.69496278241460935E-22   9.96365171875438091E-13   1.42722889398233798E-13   0.00000000000000000E+00
   1.47725424881367660E+16   3.75128754093282817E-05   3.75128746382807424E-05   3.75128741998770007E-05   1.66188737760957684E-21   1.06593034365847222E-12   1.43520940133340602E-13   0.00000000000000000E+00
   1.47725424881367660E+16   3.75128754093282817E-05   3.75128746382807424E-05   3.75128741998770007E-05   1.66188737760957684E-21   1.06593034365847222E-12   1.43520940133340602E-13   0.00000000000000000E+00
   1.44675877638426580E+16   3.94705857304859572E-05   3.94705849188222937E-05   3.94705844512490005E-05   3.80441084031046573E-21   1.13495190307608074E-12   1.44285056737292187E-13   0.00000000000000000E+00
   1.44675877638426580E+16   3.94705857304859572E-05   3.94705849188222937E-05   3.94705844512490005E-05   3.80441084031046573E-21   1.13495190307608074E-12   1.44285056737292187E-13   0.00000000000000000E+00
   1.41804437594896960E+16   4.14512568530945796E-05   4.14512560003300518E-05   4.14512555025572422E-05   8.30667519521719582E-21   1.20549711102153018E-12   1.45040234402853898E-13   0.00000000000000000E+00
   1.41804437594896960E+16   4.14512568530945796E-05   4.14512560003300518E-05   4.14512555025572422E-05   8.30667519521719582E-21   1.20549711102153018E-12   1.45040234402853898E-13   0.00000000000000000E+00
   1.38911799457869220E+16   4.35929603349458482E-05   4.35929594377291194E-05   4.35929589064966042E-05   1.82611556063076576E-20   1.28260036623644653E-12   1.45848898590451395E-13   0.00000000000000000E+00
   1.38911799457869220E+16   4.35929603349458482E-05   4.35929594377291194E-05   4.35929589064966042E-05   1.82611556063076576E-20   1.28260036623644653E-12   1.45848898590451395E-13   0.00000000000000000E+00
   1.36733441744799620E+16   4.53109998692604243E-05   4.53109989363779163E-05   4.53109983777044746E-05   3.30723653891619936E-20   1.34505974213592705E-12   1.46496240421601424E-13   0.00000000000000000E+00
   1.36733441744799620E+16   4.53109998692604243E-05   4.53109989363779163E-05   4.53109983777044746E-05   3.30723653891619936E-20   1.34505974213592705E-12   1.46496240421601424E-13   0.00000000000000000E+00
   1.33769187754095240E+16   4.78002506244656284E-05   4.78002496398901295E-05   4.78002490403089267E-05   7.42749231121193907E-20   1.43673949678453197E-12   1.47417280076423534E-13   0.00000000000000000E+00
   1.33769187754095240E+16   4.78002506244656284E-05   4.78002496398901295E-05   4.78002490403089267E-05   7.42749231121193907E-20   1.43673949678453197E-12   1.47417280076423534E-13   0.00000000000000000E+00
   1.31557467872274860E+16   4.98090001227287149E-05   4.98089990964195503E-05   4.98089984639483427E-05   1.36007498920253989E-19   1.51064393344661301E-12   1.48136576444601929E-13   0.00000000000000000E+00
   1.31557467872274860E+16   4.98090001227287149E-05   4.98089990964195503E-05   4.98089984639483427E-05   1.36007498920253989E-19   1.51064393344661301E-12   1.48136576444601929E-13   0.00000000000000000E+00
   1.31049955849310760E+16   1.77616376846817025E-05   1.77616373307930820E-05   1.77616360080621151E-05   5.51976867732986165E-20   1.52831395608879211E-12   1.48305688597730455E-13   0.00000000000000000E+00
   1.31049955849310760E+16   1.77616376846817025E-05   1.77616373307930820E-05   1.77616360080621151E-05   5.51976867732986165E-20   1.52831395608879211E-12   1.48305688597730455E-13   0.00000000000000000E+00
   1.29052661361931680E+16   8.71028689934542456E-06   8.71028673573168497E-06   8.71028514976634086E-06   4.50376627361591069E-20   1.60059257726654114E-12   1.48986551775554047E-13   0.00000000000000000E+00
   1.29052661361931680E+16   8.71028689934542456E-06   8.71028673573168497E-06   8.71028514976634086E-06   4.50376627361591069E-20   1.60059257726654114E-12   1.48986551775554047E-13   0.00000000000000000E+00
   1.26772207098871680E+16   8.89150467356941772E-06   8.89150450661185801E-06   8.89150283497117434E-06   8.22187190908866333E-20   1.68880097449832141E-12   1.49797351738615748E-13   0.00000000000000000E+00
   1.26772207098871680E+16   8.89150467356941772E-06   8.89150450661185801E-06   8.89150283497117434E-06   8.22187190908866333E-20   1.68880097449832141E-12   1.49797351738615748E-13   0.00000000000000000E+00
   1.24306124966440380E+16   9.11522048416047354E-06   9.11522031301566067E-06   9.11521854178922529E-06   1.58038958776806280E-19   1.79163819698295020E-12   1.50733208927320669E-13   0.00000000000000000E+00
   1.24306124966440380E+16   9.11522048416047354E-06   9.11522031301566067E-06   9.11521854178922529E-06   1.58038958776806280E-19   1.79163819698295020E-12   1.50733208927320669E-13   0.00000000000000000E+00
   1.21725598949186620E+16   9.50142478592720695E-06   9.50142460755078254E-06   9.50142272578087920E-06   3.18021500043314996E-19   1.90838593907258564E-12   1.51760705870897638E-13   0.00000000000000000E+00
   1.21725598949186620E+16   9.50142478592720695E-06   9.50142460755078254E-06   9.50142272578087920E-06   3.18021500043314996E-19   1.90838593907258564E-12   1.51760705870897638E-13   0.00000000000000000E+00
   1.19599503185543300E+16   9.83867405951613990E-06   9.83867387482287919E-06   9.83867189455600030E-06   5.66198227607337728E-19   2.01231385680048379E-12   1.52646848511082455E-13   0.00000000000000000E+00
   1.19599503185543300E+16   9.83867405951613990E-06   9.83867387482287919E-06   9.83867189455600030E-06   5.66198227607337728E-19   2.01231385680048379E-12   1.52646848511082455E-13   0.00000000000000000E+00
   1.17254030680978680E+16   1.02313871188225199E-05   1.02313869267729051E-05   1.02313848292460986E-05   1.07057277612236498E-18   2.13590871339206784E-12   1.53668777661657806E-13   0.00000000000000000E+00
   1.17254030680978680E+16   1.02313871188225199E-05   1.02313869267729051E-05   1.02313848292460986E-05   1.07057277612236498E-18   2.13590871339206784E-12   1.53668777661657806E-13   0.00000000000000000E+00
   1.15289287980464040E+16   1.05767202315514499E-05   1.05767200330350333E-05   1.05767178296416462E-05   1.82614259927118067E-18   2.24734870268861262E-12   1.54562926315449235E-13   0.00000000000000000E+00
   1.15289287980464040E+16   1.05767202315514499E-05   1.05767200330350333E-05   1.05767178296416462E-05   1.82614259927118067E-18   2.24734870268861262E-12   1.54562926315449235E-13   0.00000000000000000E+00
   1.13658938828123540E+16   1.08485825917103886E-05   1.08485823881496706E-05   1.08485800905991845E-05   2.83818336316525397E-18   2.34578119518110426E-12   1.55332848093194586E-13   0.00000000000000000E+00
   1.13658938828123540E+16   1.08485825917103886E-05   1.08485823881496706E-05   1.08485800905991845E-05   2.83818336316525397E-18   2.34578119518110426E-12   1.55332848093194586E-13   0.00000000000000000E+00
   1.12531161873364200E+16   1.10624583295556319E-05   1.10624581219903606E-05   1.10624557563678295E-05   3.85804121547649327E-18   2.41725816258745283E-12   1.55933496436214105E-13   0.00000000000000000E+00
   1.12531161873364200E+16   1.10624583295556319E-05   1.10624581219903606E-05   1.10624557563678295E-05   3.85804121547649327E-18   2.41725816258745283E-12   1.55933496436214105E-13   0.00000000000000000E+00
   1.11074009356126040E+16   1.13477916001046103E-05   1.13477913871968752E-05   1.13477889293969764E-05   5.73768947194498970E-18   2.51397579982645783E-12   1.56737572696951496E-13   0.00000000000000000E+00
   1.11074009356126040E+16   1.13477916001046103E-05   1.13477913871968752E-05   1.13477889293969764E-05   5.73768947194498970E-18   2.51397579982645783E-12   1.56737572696951496E-13   0.00000000000000000E+00
   1.09328332354775260E+16   1.17041527259506742E-05   1.17041525063705710E-05   1.17041499314667764E-05   9.23456693495656878E-18   2.63675910286010021E-12   1.57734030139916631E-13   0.00000000000000000E+00
   1.09328332354775260E+16   1.17041527259506742E-05   1.17041525063705710E-05   1.17041499314667764E-05   9.23456693495656878E-18   2.63675910286010021E-12   1.57734030139916631E-13   0.00000000000000000E+00
   1.07669778082654260E+16   1.20561922686482743E-05   1.20561920424793423E-05   1.20561893490138457E-05   1.45175348243275449E-17   2.76093297229811967E-12   1.58715973335382476E-13   0.00000000000000000E+00
   1.07669778082654260E+16   1.20561922686482743E-05   1.20561920424793423E-05   1.20561893490138457E-05   1.45175348243275449E-17   2.76093297229811967E-12   1.58715973335382476E-13   0.00000000000000000E+00
   1.05875757094171040E+16   1.24486486959941599E-05   1.24486484624857721E-05   1.24486456320135145E-05   2.36814117260122000E-17   2.90418541287406269E-12   1.59818913703350233E-13   0.00000000000000000E+00
   1.05875757094171040E+16   1.24486486959941599E-05   1.24486484624857721E-05   1.24486456320135145E-05   2.36814117260122000E-17   2.90418541287406269E-12   1.59818913703350233E-13   0.00000000000000000E+00
   1.04068239647589420E+16   1.28631756409047054E-05   1.28631753996439383E-05   1.28631724212528992E-05   3.87909428177713109E-17   3.05871510160826137E-12   1.60975496588220725E-13   0.00000000000000000E+00
   1.04068239647589420E+16   1.28631756409047054E-05   1.28631753996439383E-05   1.28631724212528992E-05   3.87909428177713109E-17   3.05871510160826137E-12   1.60975496588220725E-13   0.00000000000000000E+00
   1.02101233282974140E+16   1.33398529164606697E-05   1.33398526662816384E-05   1.33398495146446857E-05   6.64179951083933154E-17   3.23959333330167170E-12   1.62289067465522603E-13   0.00000000000000000E+00
   1.02101233282974140E+16   1.33398529164606697E-05   1.33398526662816384E-05   1.33398495146446857E-05   6.64179951083933154E-17   3.23959333330167170E-12   1.62289067465522603E-13   0.00000000000000000E+00
   1.00063202655703540E+16   1.38567631468473150E-05   1.38567628869976798E-05   1.38567595408334002E-05   1.15987627505391219E-16   3.44236445796325203E-12   1.63765444087930809E-13   0.00000000000000000E+00
   1.00063202655703540E+16   1.38567631468473150E-05   1.38567628869976798E-05   1.38567595408334002E-05   1.15987627505391219E-16   3.44236445796325203E-12   1.63765444087930809E-13   0.00000000000000000E+00
   9.86399649914781200E+15   1.40652819748456843E-05   1.40652817113073697E-05   1.40652782159682062E-05   1.69221026935935269E-16   3.59410707435709391E-12   1.64939623228586975E-13   0.00000000000000000E+00
   9.86399649914781200E+15   1.40652819748456843E-05   1.40652817113073697E-05   1.40652782159682062E-05   1.69221026935935269E-16   3.59410707435709391E-12   1.64939623228586975E-13   0.00000000000000000E+00
   9.77816518864758200E+15   1.43040634330011416E-05   1.43040631649929392E-05   1.43040595775974778E-05   2.14181888963292893E-16   3.68995092343207650E-12   1.65666922799799618E-13   0.00000000000000000E+00
   9.77816518864758200E+15   1.43040634330011416E-05   1.43040631649929392E-05   1.43040595775974778E-05   2.14181888963292893E-16   3.68995092343207650E-12   1.65666922799799618E-13   0.00000000000000000E+00
   9.63639227333581000E+15   1.47145261241444630E-05   1.47145258484507393E-05   1.47145221016943467E-05   3.16239274022725357E-16   3.85586512124781041E-12   1.66901233910810167E-13   0.00000000000000000E+00
   9.63639227333581000E+15   1.47145261241444630E-05   1.47145258484507393E-05   1.47145221016943467E-05   3.16239274022725357E-16   3.85586512124781041E-12   1.66901233910810167E-13   0.00000000000000000E+00
   9.52658246753555800E+15   1.50437290818180369E-05   1.50437287999604833E-05   1.50437249230860301E-05   4.27747286339409588E-16   3.99127311849804979E-12   1.67886636087927930E-13   0.00000000000000000E+00
   9.52658246753555800E+15   1.50437290818180369E-05   1.50437287999604833E-05   1.50437249230860301E-05   4.27747286339409588E-16   3.99127311849804979E-12   1.67886636087927930E-13   0.00000000000000000E+00
   9.38370549827533600E+15   1.54910773783450690E-05   1.54910770881102766E-05   1.54910730326536530E-05   6.33989120097874795E-16   4.17711642442331600E-12   1.69208980003925271E-13   0.00000000000000000E+00
   9.38370549827533600E+15   1.54910773783450690E-05   1.54910770881102766E-05   1.54910730326536530E-05   6.33989120097874795E-16   4.17711642442331600E-12   1.69208980003925271E-13   0.00000000000000000E+00
   9.26310439174210200E+15   1.58820775318315795E-05   1.58820772342754612E-05   1.58820730192854234E-05   8.83926128985183353E-16   4.34306792279884493E-12   1.70362158667168794E-13   0.00000000000000000E+00
   9.26310439174210200E+15   1.58820775318315795E-05   1.58820772342754612E-05   1.58820730192854234E-05   8.83926128985183353E-16   4.34306792279884493E-12   1.70362158667168794E-13   0.00000000000000000E+00
   9.10065306964995000E+15   1.64104563591647526E-05   1.64104560517280898E-05   1.64104516077784599E-05   1.38186954318532507E-15   4.58079627441474094E-12   1.71971887481418150E-13   0.00000000000000000E+00
   9.10065306964995000E+15   1.64104563591647526E-05   1.64104560517280898E-05   1.64104516077784599E-05   1.38186954318532507E-15   4.58079627441474094E-12   1.71971887481418150E-13   0.00000000000000000E+00
   8.95951518065486100E+15   1.68685503390032900E-05   1.68685500230145624E-05   1.68685453659914297E-05   2.03548245807909613E-15   4.80162156045718214E-12   1.73425779916701414E-13   0.00000000000000000E+00
   8.95951518065486100E+15   1.68685503390032900E-05   1.68685500230145624E-05   1.68685453659914297E-05   2.03548245807909613E-15   4.80162156045718214E-12   1.73425779916701414E-13   0.00000000000000000E+00
   8.77709875268293700E+15   1.74822718989817161E-05   1.74822715715395479E-05   1.74822666183854264E-05   3.35835866854032713E-15   5.10856871203223217E-12   1.75385938952590346E-13   0.00000000000000000E+00
   8.77709875268293700E+15   1.74822718989817161E-05   1.74822715715395479E-05   1.74822666183854264E-05   3.35835866854032713E-15   5.10856871203223217E-12   1.75385938952590346E-13   0.00000000000000000E+00
   8.59479597599815000E+15   1.81283720521020003E-05   1.81283717126020336E-05   1.81283664376550606E-05   5.54245020641600367E-15   5.44202536212777128E-12   1.77964028982772925E-13   0.00000000000000000E+00
   8.59479597599815000E+15   1.81283720521020003E-05   1.81283717126020336E-05   1.81283664376550606E-05   5.54245020641600367E-15   5.44202536212777128E-12   1.77964028982772925E-13   0.00000000000000000E+00
   8.45807758152742000E+15   1.80868291912139816E-05   1.80868288529515842E-05   1.80868233075805167E-05   7.83530940397744933E-15   5.71138779557791214E-12   1.80080978867130790E-13   0.00000000000000000E+00
   8.45807758152742000E+15   1.80868291912139816E-05   1.80868288529515842E-05   1.80868233075805167E-05   7.83530940397744933E-15   5.71138779557791214E-12   1.80080978867130790E-13   0.00000000000000000E+00
   8.33029993164425600E+15   1.85923461373619853E-05   1.85923457896554009E-05   1.85923399869435844E-05   1.11552935322823971E-14   5.97944309454748792E-12   1.82130600494915702E-13   0.00000000000000000E+00
   8.33029993164425600E+15   1.85923461373619853E-05   1.85923457896554009E-05   1.85923399869435844E-05   1.11552935322823971E-14   5.97944309454748792E-12   1.82130600494915702E-13   0.00000000000000000E+00
   8.20646706586826200E+15   1.91063429776567392E-05   1.91063426203455432E-05   1.91063365537226617E-05   1.57184780430845670E-14   6.25546660974978144E-12   1.84185944693777588E-13   0.00000000000000000E+00
   8.20646706586826200E+15   1.91063429776567392E-05   1.91063426203455432E-05   1.91063365537226617E-05   1.57184780430845670E-14   6.25546660974978144E-12   1.84185944693777588E-13   0.00000000000000000E+00
   8.07110992652898900E+15   1.97053860283237969E-05   1.97053856598129246E-05   1.97053792877407669E-05   2.28908357865477366E-14   6.57695947088734764E-12   1.86514393719445074E-13   0.00000000000000000E+00
   8.07110992652898900E+15   1.97053860283237969E-05   1.97053856598129246E-05   1.97053792877407669E-05   2.28908357865477366E-14   6.57695947088734764E-12   1.86514393719445074E-13   0.00000000000000000E+00
   7.95247758501777900E+15   2.02592014846117372E-05   2.02592011057431325E-05   2.02591944507361393E-05   3.18440305103741046E-14   6.87709050116420705E-12   1.88629126658283668E-13   0.00000000000000000E+00
   7.95247758501777900E+15   2.02592014846117372E-05   2.02592011057431325E-05   2.02591944507361393E-05   3.18440305103741046E-14   6.87709050116420705E-12   1.88629126658283668E-13   0.00000000000000000E+00
   7.80165145159107000E+15   2.09990498447891374E-05   2.09990494520821218E-05   2.09990424162216039E-05   4.84812378098893466E-14   7.28562547202829765E-12   1.91423300191225808E-13   0.00000000000000000E+00
   7.80165145159107000E+15   2.09990498447891374E-05   2.09990494520821218E-05   2.09990424162216039E-05   4.84812378098893466E-14   7.28562547202829765E-12   1.91423300191225808E-13   0.00000000000000000E+00
   7.65207540299045600E+15   2.15006154376373936E-05   2.15006150356930263E-05   2.15006075926374415E-05   7.26790792164577726E-14   7.72336089733963370E-12   1.94318134038319727E-13   0.00000000000000000E+00
   7.65207540299045600E+15   2.15006154376373936E-05   2.15006150356930263E-05   2.15006075926374415E-05   7.26790792164577726E-14   7.72336089733963370E-12   1.94318134038319727E-13   0.00000000000000000E+00
   7.51869060825674300E+15   2.21515113922148146E-05   2.21515109781234392E-05   2.21515031566278992E-05   1.05201572640239085E-13   8.14377818739153516E-12   1.97010302463012222E-13   0.00000000000000000E+00
   7.51869060825674300E+15   2.21515113922148146E-05   2.21515109781234392E-05   2.21515031566278992E-05   1.05201572640239085E-13   8.14377818739153516E-12   1.97010302463012222E-13   0.00000000000000000E+00
   7.39141583178315100E+15   2.27933818062044268E-05   2.27933813801362969E-05   2.27933731822799356E-05   1.49735243350006179E-13   8.57386466854291328E-12   1.99795064386685779E-13   0.00000000000000000E+00
   7.39141583178315100E+15   2.27933818062044268E-05   2.27933813801362969E-05   2.27933731822799356E-05   1.49735243350006179E-13   8.57386466854291328E-12   1.99795064386685779E-13   0.00000000000000000E+00
   7.24500473667929600E+15   2.35131046945557321E-05   2.35131042550748660E-05   2.35130956084091393E-05   2.24339647214464926E-13   9.10690616549314196E-12   2.03580075124754270E-13   0.00000000000000000E+00
   7.24500473667929600E+15   2.35131046945557321E-05   2.35131042550748660E-05   2.35130956084091393E-05   2.24339647214464926E-13   9.10690616549314196E-12   2.03580075124754270E-13   0.00000000000000000E+00
   7.12529471602685400E+15   2.34886841998760286E-05   2.34886837611391793E-05   2.34886747211001237E-05   3.04072231842068570E-13   9.57604371007277034E-12   2.06804425439137729E-13   0.00000000000000000E+00
   7.12529471602685400E+15   2.34886841998760286E-05   2.34886837611391793E-05   2.34886747211001237E-05   3.04072231842068570E-13   9.57604371007277034E-12   2.06804425439137729E-13   0.00000000000000000E+00
   7.00284819010942500E+15   2.42027645944582320E-05   2.42027641423934548E-05   2.42027547224787774E-05   4.28089379551491133E-13   1.00898383342596169E-11   2.10230500955894429E-13   0.00000000000000000E+00
   7.00284819010942500E+15   2.42027645944582320E-05   2.42027641423934548E-05   2.42027547224787774E-05   4.28089379551491133E-13   1.00898383342596169E-11   2.10230500955894429E-13   0.00000000000000000E+00
   6.90556098145263300E+15   2.47907196839038596E-05   2.47907192208656553E-05   2.47907095081800570E-05   5.61898683843884925E-13   1.05245725706234748E-11   2.13049914765632462E-13   0.00000000000000000E+00
   6.90556098145263300E+15   2.47907196839038596E-05   2.47907192208656553E-05   2.47907095081800570E-05   5.61898683843884925E-13   1.05245725706234748E-11   2.13049914765632462E-13   0.00000000000000000E+00
   6.83466372218075500E+15   2.52312213495101656E-05   2.52312208782509238E-05   2.52312109622742063E-05   6.85160338353424789E-13   1.08572349406113080E-11   2.15161358388434690E-13   0.00000000000000000E+00
   6.83466372218075500E+15   2.52312213495101656E-05   2.52312208782509238E-05   2.52312109622742063E-05   6.85160338353424789E-13   1.08572349406113080E-11   2.15161358388434690E-13   0.00000000000000000E+00
   6.73787915565385000E+15   2.58494524177518240E-05   2.58494519349549974E-05   2.58494417636006922E-05   8.98355551280234338E-13   1.13343822208215829E-11   2.18124463060109201E-13   0.00000000000000000E+00
   6.73787915565385000E+15   2.58494524177518240E-05   2.58494519349549974E-05   2.58494417636006922E-05   8.98355551280234338E-13   1.13343822208215829E-11   2.18124463060109201E-13   0.00000000000000000E+00
   6.62924814307858100E+15   2.64393531721520141E-05   2.64393526783818960E-05   2.64393422587696506E-05   1.21200668906445553E-12   1.19038227414766102E-11   2.21566313494526183E-13   0.00000000000000000E+00
   6.62924814307858100E+15   2.64393531721520141E-05   2.64393526783818960E-05   2.64393422587696506E-05   1.21200668906445553E-12   1.19038227414766102E-11   2.21566313494526183E-13   0.00000000000000000E+00
   6.51888065540093300E+15   2.71950719779711904E-05   2.71950714700991155E-05   2.71950608823457649E-05   1.65167277368277279E-12   1.25221025624982366E-11   2.25195633847819195E-13   0.00000000000000000E+00
   6.51888065540093300E+15   2.71950719779711904E-05   2.71950714700991155E-05   2.71950608823457649E-05   1.65167277368277279E-12   1.25221025624982366E-11   2.25195633847819195E-13   0.00000000000000000E+00
   6.42840448069714700E+15   2.78352959320644882E-05   2.78352954122461181E-05   2.78352847715820142E-05   2.12906568600873661E-12   1.30612724247575698E-11   2.28275735657078527E-13   0.00000000000000000E+00
   6.42840448069714700E+15   2.78352959320644882E-05   2.78352954122461181E-05   2.78352847715820142E-05   2.12906568600873661E-12   1.30612724247575698E-11   2.28275735657078527E-13   0.00000000000000000E+00
   6.34199614985932500E+15   2.84647827147737701E-05   2.84647821832100210E-05   2.84647715916559793E-05   2.71367170344328941E-12   1.36054794901016919E-11   2.31310003022690373E-13   0.00000000000000000E+00
   6.34199614985932500E+15   2.84647827147737701E-05   2.84647821832100210E-05   2.84647715916559793E-05   2.71367170344328941E-12   1.36054794901016919E-11   2.31310003022690373E-13   0.00000000000000000E+00
   6.22719011268630900E+15   2.93299192191273901E-05   2.93299186714221712E-05   2.93299083540596605E-05   3.74673951062884674E-12   1.43763184660016157E-11   2.35488771256951323E-13   0.00000000000000000E+00
   6.22719011268630900E+15   2.93299192191273901E-05   2.93299186714221712E-05   2.93299083540596605E-05   3.74673951062884674E-12   1.43763184660016157E-11   2.35488771256951323E-13   0.00000000000000000E+00
   6.13755384313018400E+15   3.00214733995496865E-05   3.00214728389433258E-05   3.00214629610786659E-05   4.81952532834988588E-12   1.50191219511262442E-11   2.38874397056055654E-13   0.00000000000000000E+00
   6.13755384313018400E+15   3.00214733995496865E-05   3.00214728389433258E-05   3.00214629610786659E-05   4.81952532834988588E-12   1.50191219511262442E-11   2.38874397056055654E-13   0.00000000000000000E+00
   6.02006645749737700E+15   3.09702711196158087E-05   3.09702705413088887E-05   3.09702616622507012E-05   6.70777986932849818E-12   1.59210062457508080E-11   2.44138734869856595E-13   0.00000000000000000E+00
   6.02006645749737700E+15   3.09702711196158087E-05   3.09702705413088887E-05   3.09702616622507012E-05   6.70777986932849818E-12   1.59210062457508080E-11   2.44138734869856595E-13   0.00000000000000000E+00
   5.94415958822082000E+15   3.16046006567119681E-05   3.16046000665722891E-05   3.16045921729228100E-05   8.30644023838616775E-12   1.65424070428506007E-11   2.47822350742287357E-13   0.00000000000000000E+00
   5.94415958822082000E+15   3.16046006567119681E-05   3.16046000665722891E-05   3.16045921729228100E-05   8.30644023838616775E-12   1.65424070428506007E-11   2.47822350742287357E-13   0.00000000000000000E+00
   5.91466763786966000E+15   8.31847760386262113E-06   8.31847744911623229E-06   8.31846291900484833E-06   2.35698150917354323E-12   1.67925573775567424E-11   2.49281905614774074E-13   0.00000000000000000E+00
   5.91466763786966000E+15   8.31847760386262113E-06   8.31847744911623229E-06   8.31846291900484833E-06   2.35698150917354323E-12   1.67925573775567424E-11   2.49281905614774074E-13   0.00000000000000000E+00
   5.81557869171424200E+15   9.80317124571900370E-07   9.80317107065746559E-07   9.80299556942329912E-07   3.57573948789883553E-13   1.76708969544608829E-11   2.54306564773943474E-13   0.00000000000000000E+00
   5.81557869171424200E+15   9.80317124571900370E-07   9.80317107065746559E-07   9.80299556942329912E-07   3.57573948789883553E-13   1.76708969544608829E-11   2.54306564773943474E-13   0.00000000000000000E+00
   5.71674697899167000E+15   1.02845905890983399E-06   1.02845904054410289E-06   1.02844067297712696E-06   4.82609112183928142E-13   1.86090301561628494E-11   2.59511663051115265E-13   0.00000000000000000E+00
   5.71674697899167000E+15   1.02845905890983399E-06   1.02845904054410289E-06   1.02844067297712696E-06   4.82609112183928142E-13   1.86090301561628494E-11   2.59511663051115265E-13   0.00000000000000000E+00
   5.63325431923387500E+15   1.07161507339474782E-06   1.07161505425846513E-06   1.07159597747037831E-06   6.22122398595008638E-13   1.94539790219216119E-11   2.64067746229544482E-13   0.00000000000000000E+00
   5.63325431923387500E+15   1.07161507339474782E-06   1.07161505425846513E-06   1.07159597747037831E-06   6.22122398595008638E-13   1.94539790219216119E-11   2.64067746229544482E-13   0.00000000000000000E+00
   5.56214713898479500E+15   1.11026455324930556E-06   1.11026453342294173E-06   1.11024484345558589E-06   7.72646741885907982E-13   2.02143720440472359E-11   2.68068417610041954E-13   0.00000000000000000E+00
   5.56214713898479500E+15   1.11026455324930556E-06   1.11026453342294173E-06   1.11024484345558589E-06   7.72646741885907982E-13   2.02143720440472359E-11   2.68068417610041954E-13   0.00000000000000000E+00
   5.45722713864307300E+15   1.17064313771932383E-06   1.17064311681488845E-06   1.17062251757234726E-06   1.06445715303476013E-12   2.14104197034217750E-11   2.74184426135212574E-13   0.00000000000000000E+00
   5.45722713864307300E+15   1.17064313771932383E-06   1.17064311681488845E-06   1.17062251757234726E-06   1.06445715303476013E-12   2.14104197034217750E-11   2.74184426135212574E-13   0.00000000000000000E+00
   5.36306228141575800E+15   1.22853507409558443E-06   1.22853505215759669E-06   1.22851364883135789E-06   1.42014987239524550E-12   2.25655124650636911E-11   2.79901633910058088E-13   0.00000000000000000E+00
   5.36306228141575800E+15   1.22853507409558443E-06   1.22853505215759669E-06   1.22851364883135789E-06   1.42014987239524550E-12   2.25655124650636911E-11   2.79901633910058088E-13   0.00000000000000000E+00
   5.29162937898581000E+15   1.27511223587053059E-06   1.27511221310096465E-06   1.27509022208462238E-06   1.76837001037424788E-12   2.34977651812909440E-11   2.84390737394307820E-13   0.00000000000000000E+00
   5.29162937898581000E+15   1.27511223587053059E-06   1.27511221310096465E-06   1.27509022208462238E-06   1.76837001037424788E-12   2.34977651812909440E-11   2.84390737394307820E-13   0.00000000000000000E+00
   5.19683640303359600E+15   1.33972430434677775E-06   1.33972428042425746E-06   1.33970156372847154E-06   2.36580265927774357E-12   2.48158593415629327E-11   2.90561623853974335E-13   0.00000000000000000E+00
   5.19683640303359600E+15   1.33972430434677775E-06   1.33972428042425746E-06   1.33970156372847154E-06   2.36580265927774357E-12   2.48158593415629327E-11   2.90561623853974335E-13   0.00000000000000000E+00
   5.12249528831416800E+15   1.39458729918267996E-06   1.39458727428053430E-06   1.39456406075176400E-06   2.97650363538652301E-12   2.59193540208045469E-11   2.95580530554898020E-13   0.00000000000000000E+00
   5.12249528831416800E+15   1.39458729918267996E-06   1.39458727428053430E-06   1.39456406075176400E-06   2.97650363538652301E-12   2.59193540208045469E-11   2.95580530554898020E-13   0.00000000000000000E+00
   5.02699143517951900E+15   1.46944996932638335E-06   1.46944994308747995E-06   1.46942623270624711E-06   4.00074546758570765E-12   2.74350925214113038E-11   3.02273082402128293E-13   0.00000000000000000E+00
   5.02699143517951900E+15   1.46944996932638335E-06   1.46944994308747995E-06   1.46942623270624711E-06   4.00074546758570765E-12   2.74350925214113038E-11   3.02273082402128293E-13   0.00000000000000000E+00
   4.93954752085519200E+15   1.54266752678912152E-06   1.54266749924282446E-06   1.54264353867382553E-06   5.24881596659428709E-12   2.89282749861159155E-11   3.08656276479046989E-13   0.00000000000000000E+00
   4.93954752085519200E+15   1.54266752678912152E-06   1.54266749924282446E-06   1.54264353867382553E-06   5.24881596659428709E-12   2.89282749861159155E-11   3.08656276479046989E-13   0.00000000000000000E+00
   4.84691341058732900E+15   1.62558779879835073E-06   1.62558776977139517E-06   1.62556385650542659E-06   7.00403169013206423E-12   3.06306231368779311E-11   3.15701477278043443E-13   0.00000000000000000E+00
   4.84691341058732900E+15   1.62558779879835073E-06   1.62558776977139517E-06   1.62556385650542659E-06   7.00403169013206423E-12   3.06306231368779311E-11   3.15701477278043443E-13   0.00000000000000000E+00
   4.74964521338092600E+15   1.71917323023706067E-06   1.71917319953901245E-06   1.71914983059929667E-06   9.49152847586758198E-12   3.25649355828206424E-11   3.26230657127162930E-13   0.00000000000000000E+00
   4.74964521338092600E+15   1.71917323023706067E-06   1.71917319953901245E-06   1.71914983059929667E-06   9.49152847586758198E-12   3.25649355828206424E-11   3.26230657127162930E-13   0.00000000000000000E+00
   4.66198227842590200E+15   1.80965180616533881E-06   1.80965177385172306E-06   1.80962950878577055E-06   1.24927251518579105E-11   3.44501948018411980E-11   3.39909918319062697E-13   0.00000000000000000E+00
   4.66198227842590200E+15   1.80965180616533881E-06   1.80965177385172306E-06   1.80962950878577055E-06   1.24927251518579105E-11   3.44501948018411980E-11   3.39909918319062697E-13   0.00000000000000000E+00
   4.57987599805374100E+15   1.90017155930249166E-06   1.90017152537268325E-06   1.90015102736126098E-06   1.61714651392698115E-11   3.63501762135895895E-11   3.53230156226030584E-13   0.00000000000000000E+00
   4.57987599805374100E+15   1.90017155930249166E-06   1.90017152537268325E-06   1.90015102736126098E-06   1.61714651392698115E-11   3.63501762135895895E-11   3.53230156226030584E-13   0.00000000000000000E+00
   4.50882235276776300E+15   1.98344764067496959E-06   1.98344760525821560E-06   1.98342939864333683E-06   2.02318771563581888E-11   3.81087323308984721E-11   3.65176458277445116E-13   0.00000000000000000E+00
   4.50882235276776300E+15   1.98344764067496959E-06   1.98344760525821560E-06   1.98342939864333683E-06   2.02318771563581888E-11   3.81087323308984721E-11   3.65176458277445116E-13   0.00000000000000000E+00
   4.47187851938036600E+15   2.02870023689600136E-06   2.02870020067121520E-06   2.02868353423420285E-06   2.27369128400692706E-11   3.90680261759424197E-11   3.71548462625863515E-13   0.00000000000000000E+00
   4.47187851938036600E+15   2.02870023689600136E-06   2.02870020067121520E-06   2.02868353423420285E-06   2.27369128400692706E-11   3.90680261759424197E-11   3.71548462625863515E-13   0.00000000000000000E+00
   4.42913284037437450E+15   2.08278610975760247E-06   2.08278607256704501E-06   2.08277154244899913E-06   2.60303122209968672E-11   4.02185575849348879E-11   3.79063239380523586E-13   0.00000000000000000E+00
   4.42913284037437450E+15   2.08278610975760247E-06   2.08278607256704501E-06   2.08277154244899913E-06   2.60303122209968672E-11   4.02185575849348879E-11   3.79063239380523586E-13   0.00000000000000000E+00
   4.36708464315160000E+15   2.16458923685882949E-06   2.16458919820762089E-06   2.16457856461754986E-06   3.16883788506875378E-11   4.19703681265329239E-11   3.90252003745723141E-13   0.00000000000000000E+00
   4.36708464315160000E+15   2.16458923685882949E-06   2.16458919820762089E-06   2.16457856461754986E-06   3.16883788506875378E-11   4.19703681265329239E-11   3.90252003745723141E-13   0.00000000000000000E+00
   4.28865609210398950E+15   2.27469088374330791E-06   2.27469084312596432E-06   2.27468681530312486E-06   4.06696721345271924E-11   4.43332207934910208E-11   4.04891523988239998E-13   0.00000000000000000E+00
   4.28865609210398950E+15   2.27469088374330791E-06   2.27469084312596432E-06   2.27468681530312486E-06   4.06696721345271924E-11   4.43332207934910208E-11   4.04891523988239998E-13   0.00000000000000000E+00
   4.20801091695946200E+15   2.39578329849929265E-06   2.39578325571951587E-06   2.39578853722965417E-06   5.26106654887941449E-11   4.69513792751044370E-11   4.20555852136452178E-13   0.00000000000000000E+00
   4.20801091695946200E+15   2.39578329849929265E-06   2.39578325571951587E-06   2.39578853722965417E-06   5.26106654887941449E-11   4.69513792751044370E-11   4.20555852136452178E-13   0.00000000000000000E+00
   4.12567381039866300E+15   2.52840201249606940E-06   2.52840196734797410E-06   2.52842022333096160E-06   6.84894739759997884E-11   4.98414112363287317E-11   4.37227847325143536E-13   0.00000000000000000E+00
   4.12567381039866300E+15   2.52840201249606940E-06   2.52840196734797410E-06   2.52842022333096160E-06   6.84894739759997884E-11   4.98414112363287317E-11   4.37227847325143536E-13   0.00000000000000000E+00
   4.07717865234858950E+15   2.61107436121366145E-06   2.61107431458918307E-06   2.61110229431558196E-06   8.00357151955955191E-11   5.16552271257546175E-11   4.47386149266579759E-13   0.00000000000000000E+00
   4.07717865234858950E+15   2.61107436121366145E-06   2.61107431458918307E-06   2.61110229431558196E-06   8.00357151955955191E-11   5.16552271257546175E-11   4.47386149266579759E-13   0.00000000000000000E+00
   4.06371847675875550E+15   2.63463733131930277E-06   2.63463728427401884E-06   2.63466828382218416E-06   8.35769739165461440E-11   5.21742191654909927E-11   4.50251869437756446E-13   0.00000000000000000E+00
   4.06371847675875550E+15   2.63463733131930277E-06   2.63463728427401884E-06   2.63466828382218416E-06   8.35769739165461440E-11   5.21742191654909927E-11   4.50251869437756446E-13   0.00000000000000000E+00
   4.02726329329030450E+15   2.69989641173804816E-06   2.69989636352732017E-06   2.69993632613799991E-06   9.39877023332769962E-11   5.36151856127662445E-11   4.58116768927470049E-13   0.00000000000000000E+00
   4.02726329329030450E+15   2.69989641173804816E-06   2.69989636352732017E-06   2.69993632613799991E-06   9.39877023332769962E-11   5.36151856127662445E-11   4.58116768927470049E-13   0.00000000000000000E+00
   3.99948904515480450E+15   2.75108567670813853E-06   2.75108562758321254E-06   2.75113325962467606E-06   1.02795933365701584E-10   5.47488044745857769E-11   4.64212353770790106E-13   0.00000000000000000E+00
   3.99948904515480450E+15   2.75108567670813853E-06   2.75108562758321254E-06   2.75113325962467606E-06   1.02795933365701584E-10   5.47488044745857769E-11   4.64212353770790106E-13   0.00000000000000000E+00
   3.95743211936483750E+15   2.83110210437016557E-06   2.83110205381623570E-06   2.83116286092338031E-06   1.17757137946762169E-10   5.65269668810207557E-11   4.73617851159449862E-13   0.00000000000000000E+00
   3.95743211936483750E+15   2.83110210437016557E-06   2.83110205381623570E-06   2.83116286092338031E-06   1.17757137946762169E-10   5.65269668810207557E-11   4.73617851159449862E-13   0.00000000000000000E+00
   3.89047186885743550E+15   2.96514797477221279E-06   2.96514792182428913E-06   2.96523425325074129E-06   1.46287794012640663E-10   5.95202707528623563E-11   4.89044731196874557E-13   0.00000000000000000E+00
   3.89047186885743550E+15   2.96514797477221279E-06   2.96514792182428913E-06   2.96523425325074129E-06   1.46287794012640663E-10   5.95202707528623563E-11   4.89044731196874557E-13   0.00000000000000000E+00
   3.84569712999566850E+15   3.05952189241087101E-06   3.05952183777743480E-06   3.05962894603047929E-06   1.69193865902019922E-10   6.16405629385505506E-11   4.99683355118895707E-13   0.00000000000000000E+00
   3.84569712999566850E+15   3.05952189241087101E-06   3.05952183777743480E-06   3.05962894603047929E-06   1.69193865902019922E-10   6.16405629385505506E-11   4.99683355118895707E-13   0.00000000000000000E+00
   3.78071195941750700E+15   3.20385337023637977E-06   3.20385331302507968E-06   3.20399705113771162E-06   2.09097187080458403E-10   6.49006781894292787E-11   5.15607559052554825E-13   0.00000000000000000E+00
   3.78071195941750700E+15   3.20385337023637977E-06   3.20385331302507968E-06   3.20399705113771162E-06   2.09097187080458403E-10   6.49006781894292787E-11   5.15607559052554825E-13   0.00000000000000000E+00
   3.71815828737194500E+15   3.35147067793103643E-06   3.35147061808315232E-06   3.35165843251111748E-06   2.56545461193702428E-10   6.82593776227531098E-11   5.31503489838891048E-13   0.00000000000000000E+00
   3.71815828737194500E+15   3.35147067793103643E-06   3.35147061808315232E-06   3.35165843251111748E-06   2.56545461193702428E-10   6.82593776227531098E-11   5.31503489838891048E-13   0.00000000000000000E+00
   3.66146346420238350E+15   3.49318852144738421E-06   3.49318845906808200E-06   3.49342544026947871E-06   3.08971674273033131E-10   7.15064348137766323E-11   5.46417364834965373E-13   0.00000000000000000E+00
   3.66146346420238350E+15   3.49318852144738421E-06   3.49318845906808200E-06   3.49342544026947871E-06   3.08971674273033131E-10   7.15064348137766323E-11   5.46417364834965373E-13   0.00000000000000000E+00
   3.59578977417203450E+15   3.66741526649615752E-06   3.66741520100455472E-06   3.66772267271091531E-06   3.83500660330466216E-10   7.55301169421810506E-11   5.64328630518015534E-13   0.00000000000000000E+00
   3.59578977417203450E+15   3.66741526649615752E-06   3.66741520100455472E-06   3.66772267271091531E-06   3.83500660330466216E-10   7.55301169421810506E-11   5.64328630518015534E-13   0.00000000000000000E+00
   3.56114501159955150E+15   3.76408781798598854E-06   3.76408775076747148E-06   3.76443942379321277E-06   4.29954569449510308E-10   7.77746971457734291E-11   5.74065079499058859E-13   0.00000000000000000E+00
   3.56114501159955150E+15   3.76408781798598854E-06   3.76408775076747148E-06   3.76443942379321277E-06   4.29954569449510308E-10   7.77746971457734291E-11   5.74065079499058859E-13   0.00000000000000000E+00
   3.49507306485329000E+15   3.95776246147704273E-06   3.95776239079846046E-06   3.95821457410775466E-06   5.35013706272919974E-10   8.23078629196358221E-11   5.93212641662163686E-13   0.00000000000000000E+00
   3.49507306485329000E+15   3.95776246147704273E-06   3.95776239079846046E-06   3.95821457410775466E-06   5.35013706272919974E-10   8.23078629196358221E-11   5.93212641662163686E-13   0.00000000000000000E+00
   3.46246686724375700E+15   4.05843881781962684E-06   4.05843874534230318E-06   4.05894971674600875E-06   5.96176883631349939E-10   8.46750039666936341E-11   6.02953282755330730E-13   0.00000000000000000E+00
   3.46246686724375700E+15   4.05843881781962684E-06   4.05843874534230318E-06   4.05894971674600875E-06   5.96176883631349939E-10   8.46750039666936341E-11   6.02953282755330730E-13   0.00000000000000000E+00
   3.42337913559226550E+15   4.18368948407740508E-06   4.18368940936215685E-06   4.18428020979092083E-06   6.78974291779831978E-10   8.76336833735406367E-11   6.14894890235301818E-13   0.00000000000000000E+00
   3.42337913559226550E+15   4.18368948407740508E-06   4.18368940936215685E-06   4.18428020979092083E-06   6.78974291779831978E-10   8.76336833735406367E-11   6.14894890235301818E-13   0.00000000000000000E+00
   3.37648844300907700E+15   4.34085576180649665E-06   4.34085568428288528E-06   4.34155770412386582E-06   7.93939359424366969E-10   9.13674266226022945E-11   6.29615432987024543E-13   0.00000000000000000E+00
   3.37648844300907700E+15   4.34085576180649665E-06   4.34085568428288528E-06   4.34155770412386582E-06   7.93939359424366969E-10   9.13674266226022945E-11   6.29615432987024543E-13   0.00000000000000000E+00
   3.32502057394085500E+15   4.52238875398487852E-06   4.52238867321720295E-06   4.52323551472542530E-06   9.43120512717323823E-10   9.57134813277399297E-11   6.46290843062051947E-13   0.00000000000000000E+00
   3.32502057394085500E+15   4.52238875398487852E-06   4.52238867321720295E-06   4.52323551472542530E-06   9.43120512717323823E-10   9.57134813277399297E-11   6.46290843062051947E-13   0.00000000000000000E+00
   3.28106984377317200E+15   4.73891576473007429E-06   4.73891568009323268E-06   4.73992092012231897E-06   1.10546159017919511E-09   9.96452182966636918E-11   6.60979637937853062E-13   0.00000000000000000E+00
   3.28106984377317200E+15   4.73891576473007429E-06   4.73891568009323268E-06   4.73992092012231897E-06   1.10546159017919511E-09   9.96452182966636918E-11   6.60979637937853062E-13   0.00000000000000000E+00
   3.25416441431173100E+15   7.73440826655283694E-07   7.73440812843947951E-07   7.73531210340925693E-07   1.93212577687212404E-10   1.02158708087337519E-10   6.70183957850283626E-13   0.00000000000000000E+00
   3.25416441431173100E+15   7.73440826655283694E-07   7.73440812843947951E-07   7.73531210340925693E-07   1.93212577687212404E-10   1.02158708087337519E-10   6.70183957850283626E-13   0.00000000000000000E+00
   3.20455615420430950E+15   2.89577852000006366E-08   2.89577846859055433E-08   2.88582586284070953E-08   8.17984878318013309E-12   1.07018825980667526E-10   6.87594396053132362E-13   0.00000000000000000E+00
   3.20455615420430950E+15   2.89577852000006366E-08   2.89577846859055433E-08   2.88582586284070953E-08   8.17984878318013309E-12   1.07018825980667526E-10   6.87594396053132362E-13   0.00000000000000000E+00
   3.14998418664176100E+15   7.47469747792001195E-09   7.47469734770644926E-09   7.36366150713644722E-09   2.39873085252554024E-12   1.12727267268112993E-10   7.07434367977365389E-13   0.00000000000000000E+00
   3.14998418664176100E+15   7.47469747792001195E-09   7.47469734770644926E-09   7.36366150713644722E-09   2.39873085252554024E-12   1.12727267268112993E-10   7.07434367977365389E-13   0.00000000000000000E+00
   3.09752274638734150E+15   4.31713119031905151E-09   4.31713111664097916E-09   4.19936438603273650E-09   1.56367829730978316E-12   1.18603259987870822E-10   7.27222595753931456E-13   0.00000000000000000E+00
   3.09752274638734150E+15   4.31713119031905151E-09   4.31713111664097916E-09   4.19936438603273650E-09   1.56367829730978316E-12   1.18603259987870822E-10   7.27222595753931456E-13   0.00000000000000000E+00
   3.06577050119136850E+15   2.58438673833622707E-09   2.58438669574915046E-09   2.46228251910317239E-09   9.94150807214949019E-13   1.22358813473114544E-10   7.39556567155019851E-13   0.00000000000000000E+00
   3.06577050119136850E+15   2.58438673833622707E-09   2.58438669574915046E-09   2.46228251910317239E-09   9.94150807214949019E-13   1.22358813473114544E-10   7.39556567155019851E-13   0.00000000000000000E+00
   3.03185908278405550E+15   2.64108540703657422E-09   2.64108536347712819E-09   2.51489295027872585E-09   1.10706900106585461E-12   1.26546486757421440E-10   7.53039001492698426E-13   0.00000000000000000E+00
   3.03185908278405550E+15   2.64108540703657422E-09   2.64108536347712819E-09   2.51489295027872585E-09   1.10706900106585461E-12   1.26546486757421440E-10   7.53039001492698426E-13   0.00000000000000000E+00
   2.99780209011430800E+15   2.69462593051673941E-09   2.69462588614137814E-09   2.56414394217709964E-09   1.23111760494058555E-12   1.30946193259808245E-10   7.66912684772104194E-13   0.00000000000000000E+00
   2.99780209011430800E+15   2.69462593051673941E-09   2.69462588614137814E-09   2.56414394217709964E-09   1.23111760494058555E-12   1.30946193259808245E-10   7.66912684772104194E-13   0.00000000000000000E+00
   2.95026929999714750E+15   2.77380239161061430E-09   2.77380234601588210E-09   2.63701125052096927E-09   1.42918722595065621E-12   1.37433470609332475E-10   7.86857706263497958E-13   0.00000000000000000E+00
   2.95026929999714750E+15   2.77380239161061430E-09   2.77380234601588210E-09   2.63701125052096927E-09   1.42918722595065621E-12   1.37433470609332475E-10   7.86857706263497958E-13   0.00000000000000000E+00
   2.90070216551832200E+15   2.72795098306119992E-09   2.72795093848007912E-09   2.58407003613685429E-09   1.58910830301961506E-12   1.44661642263509214E-10   8.08412963855752840E-13   0.00000000000000000E+00
   2.90070216551832200E+15   2.72795098306119992E-09   2.72795093848007912E-09   2.58407003613685429E-09   1.58910830301961506E-12   1.44661642263509214E-10   8.08412963855752840E-13   0.00000000000000000E+00
   2.88400395959215600E+15   2.77282735650260309E-09   2.77282731119390621E-09   2.62648665768163619E-09   1.68542624582396704E-12   1.47210269331480580E-10   8.15855735310582350E-13   0.00000000000000000E+00
   2.88400395959215600E+15   2.77282735650260309E-09   2.77282731119390621E-09   2.62648665768163619E-09   1.68542624582396704E-12   1.47210269331480580E-10   8.15855735310582350E-13   0.00000000000000000E+00
   2.86464728506246700E+15   2.82656833777169262E-09   2.82656829158925190E-09   2.67730876452581490E-09   1.80493406824135217E-12   1.50239905947503784E-10   8.24601366614921149E-13   0.00000000000000000E+00
   2.86464728506246700E+15   2.82656833777169262E-09   2.82656829158925190E-09   2.67730876452581490E-09   1.80493406824135217E-12   1.50239905947503784E-10   8.24601366614921149E-13   0.00000000000000000E+00
   2.82981422626053550E+15   2.92693614193486024E-09   2.92693609423308022E-09   2.77223397239254233E-09   2.04246132828557727E-12   1.55903964024406080E-10   8.40666846197489287E-13   0.00000000000000000E+00
   2.82981422626053550E+15   2.92693614193486024E-09   2.92693609423308022E-09   2.77223397239254233E-09   2.04246132828557727E-12   1.55903964024406080E-10   8.40666846197489287E-13   0.00000000000000000E+00
   2.80566406432786950E+15   2.99958608674041180E-09   2.99958603785541155E-09   2.84096150581597776E-09   2.22599483001966704E-12   1.59998516167662957E-10   8.52059586790591520E-13   0.00000000000000000E+00
   2.80566406432786950E+15   2.99958608674041180E-09   2.99958603785541155E-09   2.84096150581597776E-09   2.22599483001966704E-12   1.59998516167662957E-10   8.52059586790591520E-13   0.00000000000000000E+00
   2.77841244942801500E+15   3.08373062911925342E-09   3.08373057886600089E-09   2.92052607339793772E-09   2.45294673626505055E-12   1.64792328695192605E-10   8.65173762388152892E-13   0.00000000000000000E+00
   2.77841244942801500E+15   3.08373062911925342E-09   3.08373057886600089E-09   2.92052607339793772E-09   2.45294673626505055E-12   1.64792328695192605E-10   8.65173762388152892E-13   0.00000000000000000E+00
   2.74221107504132050E+15   3.19812345024603741E-09   3.19812339814680520E-09   3.02856981747392487E-09   2.78959052010759213E-12   1.71460190568687875E-10   8.83032723532389523E-13   0.00000000000000000E+00
   2.74221107504132050E+15   3.19812345024603741E-09   3.19812339814680520E-09   3.02856981747392487E-09   2.78959052010759213E-12   1.71460190568687875E-10   8.83032723532389523E-13   0.00000000000000000E+00
   2.72218779297961350E+15   3.26314827979733872E-09   3.26314822664390618E-09   3.08994760638549780E-09   2.99516163764350460E-12   1.75302702809557323E-10   8.93132239927163226E-13   0.00000000000000000E+00
   2.72218779297961350E+15   3.26314827979733872E-09   3.26314822664390618E-09   3.08994760638549780E-09   2.99516163764350460E-12   1.75302702809557323E-10   8.93132239927163226E-13   0.00000000000000000E+00
   2.72057095304946950E+15   3.26520894155378058E-09   3.26520888837177474E-09   3.09170628044926644E-09   3.00924300735376724E-12   1.75617949315549586E-10   8.93954796318337927E-13   0.00000000000000000E+00
   2.72057095304946950E+15   3.26520894155378058E-09   3.26520888837177474E-09   3.09170628044926644E-09   3.00924300735376724E-12   1.75617949315549586E-10   8.93954796318337927E-13   0.00000000000000000E+00
   2.71915455578623600E+15   3.26984148324866120E-09   3.26984142999161395E-09   3.09607647010899647E-09   3.02439630142489474E-12   1.75894733189983597E-10   8.94676251105934357E-13   0.00000000000000000E+00
   2.71915455578623600E+15   3.26984148324866120E-09   3.26984142999161395E-09   3.09607647010899647E-09   3.02439630142489474E-12   1.75894733189983597E-10   8.94676251105934357E-13   0.00000000000000000E+00
   2.71759058446429300E+15   3.27496552154216225E-09   3.27496546820212728E-09   3.10091023719594544E-09   3.04121812517910921E-12   1.76201028649290273E-10   8.95473822105532980E-13   0.00000000000000000E+00
   2.71759058446429300E+15   3.27496552154216225E-09   3.27496546820212728E-09   3.10091023719594544E-09   3.04121812517910921E-12   1.76201028649290273E-10   8.95473822105532980E-13   0.00000000000000000E+00
   2.71581312237997300E+15   3.28080014654478896E-09   3.28080009311023247E-09   3.10641422024215258E-09   3.06045104226344289E-12   1.76549995868732303E-10   8.96381476167422967E-13   0.00000000000000000E+00
   2.71581312237997300E+15   3.28080014654478896E-09   3.28080009311023247E-09   3.10641422024215258E-09   3.06045104226344289E-12   1.76549995868732303E-10   8.96381476167422967E-13   0.00000000000000000E+00
   2.71320284956778150E+15   3.28939897904514183E-09   3.28939892547128729E-09   3.11452605572921213E-09   3.08892723247929183E-12   1.77064133807527249E-10   8.97716740881472006E-13   0.00000000000000000E+00
   2.71320284956778150E+15   3.28939897904514183E-09   3.28939892547128729E-09   3.11452605572921213E-09   3.08892723247929183E-12   1.77064133807527249E-10   8.97716740881472006E-13   0.00000000000000000E+00
   2.71044687327937050E+15   3.29851431426108815E-09   3.29851426053957071E-09   3.12312534578302612E-09   3.11929220164566956E-12   1.77609131111807357E-10   8.99129567900031410E-13   0.00000000000000000E+00
   2.71044687327937050E+15   3.29851431426108815E-09   3.29851426053957071E-09   3.12312534578302612E-09   3.11929220164566956E-12   1.77609131111807357E-10   8.99129567900031410E-13   0.00000000000000000E+00
   2.70652557112232750E+15   3.31154561405098624E-09   3.31154556011836197E-09   3.13541907829880541E-09   3.16302935165302890E-12   1.78388419933093531E-10   9.01145170740192808E-13   0.00000000000000000E+00
   2.70652557112232750E+15   3.31154561405098624E-09   3.31154556011836197E-09   3.13541907829880541E-09   3.16302935165302890E-12   1.78388419933093531E-10   9.01145170740192808E-13   0.00000000000000000E+00
   2.70108275764203650E+15   3.32975589572664994E-09   3.32975584149901129E-09   3.15259910792154453E-09   3.22479198802368285E-12   1.79477626416732271E-10   9.03953376396786785E-13   0.00000000000000000E+00
   2.70108275764203650E+15   3.32975589572664994E-09   3.32975584149901129E-09   3.15259910792154453E-09   3.22479198802368285E-12   1.79477626416732271E-10   9.03953376396786785E-13   0.00000000000000000E+00
   2.69111863749509700E+15   3.36350161174911947E-09   3.36350155697495722E-09   3.18442571737742376E-09   3.34113953895342356E-12   1.81494625849394482E-10   9.22408061254909806E-13   0.00000000000000000E+00
   2.69111863749509700E+15   3.36350161174911947E-09   3.36350155697495722E-09   3.18442571737742376E-09   3.34113953895342356E-12   1.81494625849394482E-10   9.22408061254909806E-13   0.00000000000000000E+00
   2.68029766532007400E+15   3.39858707402684046E-09   3.39858701879158540E-09   3.21735044749664044E-09   3.47009168958770327E-12   1.83719317692832651E-10   9.87400526955006555E-13   0.00000000000000000E+00
   2.68029766532007400E+15   3.39858707402684046E-09   3.39858701879158540E-09   3.21735044749664044E-09   3.47009168958770327E-12   1.83719317692832651E-10   9.87400526955006555E-13   0.00000000000000000E+00
   2.65669274243038600E+15   3.48333671132421619E-09   3.48333665475325469E-09   3.29557895285167413E-09   3.77490085517534485E-12   1.88699454626092863E-10   2.83320470162439084E-12   0.00000000000000000E+00
   2.65669274243038600E+15   3.48333671132421619E-09   3.48333665475325469E-09   3.29557895285167413E-09   3.77490085517534485E-12   1.88699454626092863E-10   2.83320470162439084E-12   0.00000000000000000E+00
   2.63309171170174000E+15   3.53542283355634948E-09   3.53542277615859614E-09   3.34489549379901956E-09   4.06895907152900589E-12   1.93859584559363734E-10   7.36714269495536754E-13   0.00000000000000000E+00
   2.63309171170174000E+15   3.53542283355634948E-09   3.53542277615859614E-09   3.34489549379901956E-09   4.06895907152900589E-12   1.93859584559363734E-10   7.36714269495536754E-13   0.00000000000000000E+00
   2.61766241613316650E+15   3.59451780071960477E-09   3.59451774236362267E-09   3.40079023778956044E-09   4.30289981357401048E-12   1.97334700370781361E-10   6.95762372837177167E-13   0.00000000000000000E+00
   2.61766241613316650E+15   3.59451780071960477E-09   3.59451774236362267E-09   3.40079023778956044E-09   4.30289981357401048E-12   1.97334700370781361E-10   6.95762372837177167E-13   0.00000000000000000E+00
   2.59900839887367650E+15   3.66804053584566488E-09   3.66804047629851002E-09   3.47030951625281073E-09   4.60468652417419734E-12   2.01647426346056538E-10   6.88279770971791110E-13   0.00000000000000000E+00
   2.59900839887367650E+15   3.66804053584566488E-09   3.66804047629851002E-09   3.47030951625281073E-09   4.60468652417419734E-12   2.01647426346056538E-10   6.88279770971791110E-13   0.00000000000000000E+00
   2.58403495343793750E+15   3.72870948449739195E-09   3.72870942396419975E-09   3.52769003712118029E-09   4.86293271544095677E-12   2.05200173430779290E-10   6.82206660873642827E-13   0.00000000000000000E+00
   2.58403495343793750E+15   3.72870948449739195E-09   3.72870942396419975E-09   3.52769003712118029E-09   4.86293271544095677E-12   2.05200173430779290E-10   6.82206660873642827E-13   0.00000000000000000E+00
   2.56372486558921300E+15   3.81113730335583132E-09   3.81113724148947956E-09   3.60554463071033110E-09   5.23434687561211892E-12   2.10153147294386685E-10   6.73872226725773718E-13   0.00000000000000000E+00
   2.56372486558921300E+15   3.81113730335583132E-09   3.81113724148947956E-09   3.60554463071033110E-09   5.23434687561211892E-12   2.10153147294386685E-10   6.73872226725773718E-13   0.00000000000000000E+00
   2.54493432496008450E+15   3.88737615624295737E-09   3.88737609314663685E-09   3.67743291369481244E-09   5.60064424537823807E-12   2.14877826434273787E-10   6.66060359249084973E-13   0.00000000000000000E+00
   2.54493432496008450E+15   3.88737615624295737E-09   3.88737609314663685E-09   3.67743291369481244E-09   5.60064424537823807E-12   2.14877826434273787E-10   6.66060359249084973E-13   0.00000000000000000E+00
   2.51586617237639100E+15   4.01745257236259625E-09   4.01745250715528599E-09   3.80056380039739527E-09   6.23333455557517457E-12   2.22468326219329381E-10   6.53780301446215278E-13   0.00000000000000000E+00
   2.51586617237639100E+15   4.01745257236259625E-09   4.01745250715528599E-09   3.80056380039739527E-09   6.23333455557517457E-12   2.22468326219329381E-10   6.53780301446215278E-13   0.00000000000000000E+00
   2.49202623093631150E+15   4.12869132792081998E-09   4.12869126091010874E-09   3.90589399656602883E-09   6.80744719486238772E-12   2.28961250927432022E-10   6.43527622221999466E-13   0.00000000000000000E+00
   2.49202623093631150E+15   4.12869132792081998E-09   4.12869126091010874E-09   3.90589399656602883E-09   6.80744719486238772E-12   2.28961250927432022E-10   6.43527622221999466E-13   0.00000000000000000E+00
   2.45560228797743650E+15   4.30699544905623936E-09   4.30699537914988147E-09   4.07476998552194830E-09   7.79272148422001803E-12   2.39375746487219997E-10   6.42438531290723193E-13   0.00000000000000000E+00
   2.45560228797743650E+15   4.30699544905623936E-09   4.30699537914988147E-09   4.07476998552194830E-09   7.79272148422001803E-12   2.39375746487219997E-10   6.42438531290723193E-13   0.00000000000000000E+00
   2.42839576875067200E+15   4.44710287992031530E-09   4.44710280772953355E-09   4.20751016335481830E-09   8.62441280579597499E-12   2.47568120198102317E-10   6.49009173190770820E-13   0.00000000000000000E+00
   2.42839576875067200E+15   4.44710287992031530E-09   4.44710280772953355E-09   4.20751016335481830E-09   8.62441280579597499E-12   2.47568120198102317E-10   6.49009173190770820E-13   0.00000000000000000E+00
   2.41429948531774700E+15   4.52149558706466745E-09   4.52149551367159108E-09   4.27797348509477461E-09   9.08965486598344348E-12   2.51959269902180031E-10   6.52486933696344682E-13   0.00000000000000000E+00
   2.41429948531774700E+15   4.52149558706466745E-09   4.52149551367159108E-09   4.27797348509477461E-09   9.08965486598344348E-12   2.51959269902180031E-10   6.52486933696344682E-13   0.00000000000000000E+00
   2.41011873226834200E+15   4.54406541108446938E-09   4.54406533732417942E-09   4.29936340519758874E-09   9.23297500766227584E-12   2.53281452665990474E-10   6.53528228552786501E-13   0.00000000000000000E+00
   2.41011873226834200E+15   4.54406541108446938E-09   4.54406533732417942E-09   4.29936340519758874E-09   9.23297500766227584E-12   2.53281452665990474E-10   6.53528228552786501E-13   0.00000000000000000E+00
   2.39943030112883350E+15   4.60229698421422911E-09   4.60229690950022803E-09   4.35454674523415115E-09   9.60976628333086677E-12   2.56703794122898316E-10   6.56211140510613442E-13   0.00000000000000000E+00
   2.39943030112883350E+15   4.60229698421422911E-09   4.60229690950022803E-09   4.35454674523415115E-09   9.60976628333086677E-12   2.56703794122898316E-10   6.56211140510613442E-13   0.00000000000000000E+00
   2.38242161175887450E+15   4.69728904363116271E-09   4.69728896737148200E-09   4.44459427042836008E-09   1.02430912238192401E-11   2.62277321429014015E-10   6.60542997608169743E-13   0.00000000000000000E+00
   2.38242161175887450E+15   4.69728904363116271E-09   4.69728896737148200E-09   4.44459427042836008E-09   1.02430912238192401E-11   2.62277321429014015E-10   6.60542997608169743E-13   0.00000000000000000E+00
   2.35942691565093400E+15   4.82993775937549179E-09   4.82993768095820393E-09   4.57036976404270956E-09   1.11687859417786832E-11   2.70070256788199180E-10   6.66524486361285253E-13   0.00000000000000000E+00
   2.35942691565093400E+15   4.82993775937549179E-09   4.82993768095820393E-09   4.57036976404270956E-09   1.11687859417786832E-11   2.70070256788199180E-10   6.66524486361285253E-13   0.00000000000000000E+00
   2.33444251111107000E+15   4.97979084872638679E-09   4.97979076786166423E-09   4.71250186869377786E-09   1.22733899731370193E-11   2.78889178151182285E-10   6.73191854563196012E-13   0.00000000000000000E+00
   2.33444251111107000E+15   4.97979084872638679E-09   4.97979076786166423E-09   4.71250186869377786E-09   1.22733899731370193E-11   2.78889178151182285E-10   6.73191854563196012E-13   0.00000000000000000E+00
   2.31263200768942400E+15   5.11574256300486239E-09   5.11574247991019656E-09   4.84149132178239315E-09   1.33302082972229429E-11   2.86902288940025718E-10   6.79160579666518761E-13   0.00000000000000000E+00
   2.31263200768942400E+15   5.11574256300486239E-09   5.11574247991019656E-09   4.84149132178239315E-09   1.33302082972229429E-11   2.86902288940025718E-10   6.79160579666518761E-13   0.00000000000000000E+00
   2.28312788729991650E+15   5.30757620816108884E-09   5.30757612197987383E-09   5.02356600504739884E-09   1.49118559436747376E-11   2.98234595653854800E-10   6.87463403510036446E-13   0.00000000000000000E+00
   2.28312788729991650E+15   5.30757620816108884E-09   5.30757612197987383E-09   5.02356600504739884E-09   1.49118559436747376E-11   2.98234595653854800E-10   6.87463403510036446E-13   0.00000000000000000E+00
   2.26361677323096250E+15   5.43979964000460597E-09   5.43979955166740590E-09   5.14911440059469279E-09   1.60639160206567898E-11   3.06056051665553608E-10   6.93103765015801672E-13   0.00000000000000000E+00
   2.26361677323096250E+15   5.43979964000460597E-09   5.43979955166740590E-09   5.14911440059469279E-09   1.60639160206567898E-11   3.06056051665553608E-10   6.93103765015801672E-13   0.00000000000000000E+00
   2.23040700614306975E+15   5.67512443982859957E-09   5.67512434765110514E-09   5.37265824851597821E-09   1.82419875011973763E-11   3.20005188790698952E-10   7.02990023120114959E-13   0.00000000000000000E+00
   2.23040700614306975E+15   5.67512443982859957E-09   5.67512434765110514E-09   5.37265824851597821E-09   1.82419875011973763E-11   3.20005188790698952E-10   7.02990023120114959E-13   0.00000000000000000E+00
   2.19423945279754450E+15   5.94684203974664833E-09   5.94684194313255663E-09   5.63092280905228360E-09   2.09652916943258342E-11   3.36170336641785889E-10   7.14185746904763737E-13   0.00000000000000000E+00
   2.19423945279754450E+15   5.94684203974664833E-09   5.94684194313255663E-09   5.63092280905228360E-09   2.09652916943258342E-11   3.36170336641785889E-10   7.14185746904763737E-13   0.00000000000000000E+00
   2.16104202603839575E+15   6.21069057280223691E-09   6.21069047186907788E-09   5.88182654037335587E-09   2.38332868658995382E-11   3.51972441824496393E-10   7.24877470283859114E-13   0.00000000000000000E+00
   2.16104202603839575E+15   6.21069057280223691E-09   6.21069047186907788E-09   5.88182654037335587E-09   2.38332868658995382E-11   3.51972441824496393E-10   7.24877470283859114E-13   0.00000000000000000E+00
   2.13204046995671350E+15   6.45523522887280324E-09   6.45523512391698548E-09   6.11458486546983223E-09   2.66774406211901937E-11   3.66590989409233384E-10   7.36814614928511507E-13   0.00000000000000000E+00
   2.13204046995671350E+15   6.45523522887280324E-09   6.45523512391698548E-09   6.11458486546983223E-09   2.66774406211901937E-11   3.66590989409233384E-10   7.36814614928511507E-13   0.00000000000000000E+00
   2.10077489910615450E+15   6.73356575514542720E-09   6.73356564564382763E-09   6.37969462388331749E-09   3.01431652700202867E-11   3.83263743632713215E-10   7.50552899416858394E-13   0.00000000000000000E+00
   2.10077489910615450E+15   6.73356575514542720E-09   6.73356564564382763E-09   6.37969462388331749E-09   3.01431652700202867E-11   3.83263743632713215E-10   7.50552899416858394E-13   0.00000000000000000E+00
   2.06637161431911825E+15   7.05844388842952940E-09   7.05844377364285784E-09   6.68939298135962295E-09   3.45033276031096292E-11   4.02787989758293123E-10   7.66244914722651454E-13   0.00000000000000000E+00
   2.06637161431911825E+15   7.05844388842952940E-09   7.05844377364285784E-09   6.68939298135962295E-09   3.45033276031096292E-11   4.02787989758293123E-10   7.66244914722651454E-13   0.00000000000000000E+00
   2.04362826030940375E+15   7.28491130409604808E-09   7.28491118555085145E-09   6.90545633843174795E-09   3.77436698088625706E-11   4.16421670086389647E-10   7.76965386772855062E-13   0.00000000000000000E+00
   2.04362826030940375E+15   7.28491130409604808E-09   7.28491118555085145E-09   6.90545633843174795E-09   3.77436698088625706E-11   4.16421670086389647E-10   7.76965386772855062E-13   0.00000000000000000E+00
   2.02321491358604125E+15   7.49586929521064687E-09   7.49586917328026073E-09   7.10681909233039604E-09   4.09190076543381681E-11   4.29182377857512169E-10   7.86832677075878733E-13   0.00000000000000000E+00
   2.02321491358604125E+15   7.49586929521064687E-09   7.49586917328026073E-09   7.10681909233039604E-09   4.09190076543381681E-11   4.29182377857512169E-10   7.86832677075878733E-13   0.00000000000000000E+00
   1.99490614124395225E+15   7.80299017512989901E-09   7.80299004821375948E-09   7.40023863202520901E-09   4.57966894665781597E-11   4.47747317097920711E-10   8.00915473346338523E-13   0.00000000000000000E+00
   1.99490614124395225E+15   7.80299017512989901E-09   7.80299004821375948E-09   7.40023863202520901E-09   4.57966894665781597E-11   4.47747317097920711E-10   8.00915473346338523E-13   0.00000000000000000E+00
   1.96398763665712925E+15   8.15783909250596301E-09   8.15783895975257533E-09   7.73959203690139480E-09   5.18243659604869862E-11   4.69254571296132770E-10   8.16850268923038724E-13   0.00000000000000000E+00
   1.96398763665712925E+15   8.15783909250596301E-09   8.15783895975257533E-09   7.73959203690139480E-09   5.18243659604869862E-11   4.69254571296132770E-10   8.16850268923038724E-13   0.00000000000000000E+00
   1.93324152678312750E+15   8.53170400016883568E-09   8.53170386129959550E-09   8.09749740429225613E-09   5.86412836383753724E-11   4.92014580336957370E-10   8.33299177996428773E-13   0.00000000000000000E+00
   1.93324152678312750E+15   8.53170400016883568E-09   8.53170386129959550E-09   8.09749740429225613E-09   5.86412836383753724E-11   4.92014580336957370E-10   8.33299177996428773E-13   0.00000000000000000E+00
   1.90796905677909375E+15   8.85680870431223123E-09   8.85680856015651119E-09   8.40908641285491658E-09   6.49499364813915816E-11   5.11824935200741699E-10   8.47292737964915371E-13   0.00000000000000000E+00
   1.90796905677909375E+15   8.85680870431223123E-09   8.85680856015651119E-09   8.40908641285491658E-09   6.49499364813915816E-11   5.11824935200741699E-10   8.47292737964915371E-13   0.00000000000000000E+00
   1.88015263608948400E+15   9.23395539440278231E-09   9.23395524402203847E-09   8.77095105019577681E-09   7.27227151034970116E-11   5.34863846651077543E-10   8.63212659426116808E-13   0.00000000000000000E+00
   1.88015263608948400E+15   9.23395539440278231E-09   9.23395524402203847E-09   8.77095105019577681E-09   7.27227151034970116E-11   5.34863846651077543E-10   8.63212659426116808E-13   0.00000000000000000E+00
   1.85571659193268975E+15   9.58302691612346653E-09   9.58302676006287543E-09   9.10626080134199900E-09   8.03553508714234259E-11   5.56243799381276352E-10   8.77666271615214805E-13   0.00000000000000000E+00
   1.85571659193268975E+15   9.58302691612346653E-09   9.58302676006287543E-09   9.10626080134199900E-09   8.03553508714234259E-11   5.56243799381276352E-10   8.77666271615214805E-13   0.00000000000000000E+00
   1.83594125575889550E+15   9.87847512927036012E-09   9.87847496839393012E-09   9.39035414863997075E-09   8.71462065631013778E-11   5.74377489475697899E-10   8.89697717792191929E-13   0.00000000000000000E+00
   1.83594125575889550E+15   9.87847512927036012E-09   9.87847496839393012E-09   9.39035414863997075E-09   8.71462065631013778E-11   5.74377489475697899E-10   8.89697717792191929E-13   0.00000000000000000E+00
   1.82153991417039150E+15   1.01012853242512156E-08   1.01012851596918913E-08   9.60477958505719386E-09   9.24690867574755699E-11   5.88076117724935558E-10   8.98708226560584066E-13   0.00000000000000000E+00
   1.82153991417039150E+15   1.01012853242512156E-08   1.01012851596918913E-08   9.60477958505719386E-09   9.24690867574755699E-11   5.88076117724935558E-10   8.98708226560584066E-13   0.00000000000000000E+00
   1.79887417541412175E+15   1.04655929026792365E-08   1.04655927321750694E-08   9.95570725477208942E-09   1.01548340438940250E-10   6.10520647789322463E-10   9.13340556764093904E-13   0.00000000000000000E+00
   1.79887417541412175E+15   1.04655929026792365E-08   1.04655927321750694E-08   9.95570725477208942E-09   1.01548340438940250E-10   6.10520647789322463E-10   9.13340556764093904E-13   0.00000000000000000E+00
   1.77564848624844725E+15   1.08572799945890484E-08   1.08572798175994313E-08   1.03334766932740773E-08   1.11830071618806810E-10   6.34704580381229680E-10   9.28792552549118598E-13   0.00000000000000000E+00
   1.77564848624844725E+15   1.08572799945890484E-08   1.08572798175994313E-08   1.03334766932740773E-08   1.11830071618806810E-10   6.34704580381229680E-10   9.28792552549118598E-13   0.00000000000000000E+00
   1.74877501020824875E+15   1.13351296699296126E-08   1.13351294850536886E-08   1.07950045916263529E-08   1.25107858106278271E-10   6.64285659853845344E-10   9.47276555691743771E-13   0.00000000000000000E+00
   1.74877501020824875E+15   1.13351296699296126E-08   1.13351294850536886E-08   1.07950045916263529E-08   1.25107858106278271E-10   6.64285659853845344E-10   9.47276555691743771E-13   0.00000000000000000E+00
   1.71994636937661600E+15   1.18792511209520935E-08   1.18792509270692214E-08   1.13214275876440921E-08   1.41213750064552221E-10   6.98069419995733145E-10   9.67863376820106134E-13   0.00000000000000000E+00
   1.71994636937661600E+15   1.18792511209520935E-08   1.18792509270692214E-08   1.13214275876440921E-08   1.41213750064552221E-10   6.98069419995733145E-10   9.67863376820106134E-13   0.00000000000000000E+00
   1.69959260913834550E+15   1.22844214065055072E-08   1.22844212059015710E-08   1.17140362328825484E-08   1.53891447392581818E-10   7.23293436257255895E-10   9.83184758284263486E-13   0.00000000000000000E+00
   1.69959260913834550E+15   1.22844214065055072E-08   1.22844212059015710E-08   1.17140362328825484E-08   1.53891447392581818E-10   7.23293436257255895E-10   9.83184758284263486E-13   0.00000000000000000E+00
   1.67093048855595800E+15   1.28866307878690816E-08   1.28866305772605398E-08   1.22985561730369418E-08   1.73816797487110694E-10   7.60885698779468557E-10   1.00571353978083784E-12   0.00000000000000000E+00
   1.67093048855595800E+15   1.28866307878690816E-08   1.28866305772605398E-08   1.22985561730369418E-08   1.73816797487110694E-10   7.60885698779468557E-10   1.00571353978083784E-12   0.00000000000000000E+00
   1.64516021049211700E+15   1.34619188455567049E-08   1.34619186253799019E-08   1.28580470159864632E-08   1.94062210912896166E-10   7.96907287642032965E-10   1.02675284110378547E-12   0.00000000000000000E+00
   1.64516021049211700E+15   1.34619188455567049E-08   1.34619186253799019E-08   1.28580470159864632E-08   1.94062210912896166E-10   7.96907287642032965E-10   1.02675284110378547E-12   0.00000000000000000E+00
   1.63014295645620425E+15   1.38129138806010744E-08   1.38129136545735055E-08   1.31999347665602078E-08   2.06996132417466138E-10   8.18935875368284792E-10   1.03937109004853061E-12   0.00000000000000000E+00
   1.63014295645620425E+15   1.38129138806010744E-08   1.38129136545735055E-08   1.31999347665602078E-08   2.06996132417466138E-10   8.18935875368284792E-10   1.03937109004853061E-12   0.00000000000000000E+00
   1.61218981509365700E+15   1.42486171140512354E-08   1.42486168809205806E-08   1.36248944240417355E-08   2.23665074579890033E-10   8.46332948899297562E-10   1.05481569009322483E-12   0.00000000000000000E+00
   1.61218981509365700E+15   1.42486171140512354E-08   1.42486168809205806E-08   1.36248944240417355E-08   2.23665074579890033E-10   8.46332948899297562E-10   1.05481569009322483E-12   0.00000000000000000E+00
   1.58834923576662000E+15   1.48557673254893384E-08   1.48557670822142464E-08   1.42181128956436367E-08   2.48027086575250873E-10   8.84605562897671154E-10   1.07595352328189487E-12   0.00000000000000000E+00
   1.58834923576662000E+15   1.48557673254893384E-08   1.48557670822142464E-08   1.42181128956436367E-08   2.48027086575250873E-10   8.84605562897671154E-10   1.07595352328189487E-12   0.00000000000000000E+00
   1.56464267922796050E+15   1.54938930428209055E-08   1.54938927888566118E-08   1.48429028500744204E-08   2.75055134939474491E-10   9.24947612199431682E-10   1.09771548652798413E-12   0.00000000000000000E+00
   1.56464267922796050E+15   1.54938930428209055E-08   1.54938927888566118E-08   1.48429028500744204E-08   2.75055134939474491E-10   9.24947612199431682E-10   1.09771548652798413E-12   0.00000000000000000E+00
   1.54702389122880725E+15   1.59907358767717039E-08   1.59907356144700648E-08   1.53302508055106966E-08   2.97135551318458220E-10   9.56506231893787822E-10   1.11439068567780477E-12   0.00000000000000000E+00
   1.54702389122880725E+15   1.59907358767717039E-08   1.59907356144700648E-08   1.53302508055106966E-08   2.97135551318458220E-10   9.56506231893787822E-10   1.11439068567780477E-12   0.00000000000000000E+00
   1.51938416268460175E+15   1.68144790100394329E-08   1.68144787339622654E-08   1.61400835109998869E-08   3.35667283537147209E-10   1.00892132860670731E-09   1.14145396998298562E-12   0.00000000000000000E+00
   1.51938416268460175E+15   1.68144790100394329E-08   1.68144787339622654E-08   1.61400835109998869E-08   3.35667283537147209E-10   1.00892132860670731E-09   1.14145396998298562E-12   0.00000000000000000E+00
   1.49836224914884550E+15   1.74793760114724339E-08   1.74793757241798388E-08   1.67954032402804817E-08   3.68523733664084520E-10   1.05133367909288932E-09   1.16282576314859016E-12   0.00000000000000000E+00
   1.49836224914884550E+15   1.74793760114724339E-08   1.74793757241798388E-08   1.67954032402804817E-08   3.68523733664084520E-10   1.05133367909288932E-09   1.16282576314859016E-12   0.00000000000000000E+00
   1.47929251717178650E+15   1.81040665786066304E-08   1.81040662807693122E-08   1.74121176583342278E-08   4.01085809443147549E-10   1.09185146670074674E-09   1.18326301480401493E-12   0.00000000000000000E+00
   1.47929251717178650E+15   1.81040665786066304E-08   1.81040662807693122E-08   1.74121176583342278E-08   4.01085809443147549E-10   1.09185146670074674E-09   1.18326301480401493E-12   0.00000000000000000E+00
   1.45925457578166875E+15   1.88024550239003032E-08   1.88024547142381734E-08   1.81034530256358778E-08   4.38863671214820333E-10   1.13666027050290042E-09   1.20539897634357326E-12   0.00000000000000000E+00
   1.45925457578166875E+15   1.88024550239003032E-08   1.88024547142381734E-08   1.81034530256358778E-08   4.38863671214820333E-10   1.13666027050290042E-09   1.20539897634357326E-12   0.00000000000000000E+00
   1.43535175921850300E+15   1.96828294808478028E-08   1.96828291562805335E-08   1.89772270639349118E-08   4.88947229612054690E-10   1.19331691475485198E-09   1.23273177009256033E-12   0.00000000000000000E+00
   1.43535175921850300E+15   1.96828294808478028E-08   1.96828291562805335E-08   1.89772270639349118E-08   4.88947229612054690E-10   1.19331691475485198E-09   1.23273177009256033E-12   0.00000000000000000E+00
   1.42517122757124875E+15   2.00743617024536355E-08   2.00743613712260238E-08   1.93666448274323464E-08   5.12098766925172298E-10   1.21857095010389446E-09   1.24469184256677839E-12   0.00000000000000000E+00
   1.42517122757124875E+15   2.00743617024536355E-08   2.00743613712260238E-08   1.93666448274323464E-08   5.12098766925172298E-10   1.21857095010389446E-09   1.24469184256677839E-12   0.00000000000000000E+00
   1.41608244497183175E+15   2.04326450408188629E-08   2.04326447034890008E-08   1.97234350709609399E-08   5.33756785939550797E-10   1.24171122044173875E-09   1.25553535573665735E-12   0.00000000000000000E+00
   1.41608244497183175E+15   2.04326450408188629E-08   2.04326447034890008E-08   1.97234350709609399E-08   5.33756785939550797E-10   1.24171122044173875E-09   1.25553535573665735E-12   0.00000000000000000E+00
   1.40158049356644750E+15   2.10219941786988744E-08   2.10219938313155617E-08   2.03112448186605504E-08   5.70363103158434320E-10   1.27983929349166744E-09   1.27316970509227425E-12   0.00000000000000000E+00
   1.40158049356644750E+15   2.10219941786988744E-08   2.10219938313155617E-08   2.03112448186605504E-08   5.70363103158434320E-10   1.27983929349166744E-09   1.27316970509227425E-12   0.00000000000000000E+00
   1.38471738835666750E+15   2.17358401401190411E-08   2.17358397805325843E-08   2.10247503009095574E-08   6.16330434175432094E-10   1.32612606815926352E-09   1.29420522565173822E-12   0.00000000000000000E+00
   1.38471738835666750E+15   2.17358401401190411E-08   2.17358397805325843E-08   2.10247503009095574E-08   6.16330434175432094E-10   1.32612606815926352E-09   1.29420522565173822E-12   0.00000000000000000E+00
   1.36895134062803800E+15   2.24324412773893244E-08   2.24324409058668697E-08   2.17226245673539488E-08   6.62900699803737102E-10   1.37140300338478043E-09   1.31440645433441189E-12   0.00000000000000000E+00
   1.36895134062803800E+15   2.24324412773893244E-08   2.24324409058668697E-08   2.17226245673539488E-08   6.62900699803737102E-10   1.37140300338478043E-09   1.31440645433441189E-12   0.00000000000000000E+00
   1.34864330982178225E+15   2.33737461290287437E-08   2.33737457413459030E-08   2.26681603725341590E-08   7.28507390968947743E-10   1.43275192789149982E-09   1.34121957203517059E-12   0.00000000000000000E+00
   1.34864330982178225E+15   2.33737461290287437E-08   2.33737457413459030E-08   2.26681603725341590E-08   7.28507390968947743E-10   1.43275192789149982E-09   1.34121957203517059E-12   0.00000000000000000E+00
   1.32942798871739675E+15   2.43128969574621883E-08   2.43128965535960254E-08   2.36143973830183955E-08   7.97014825968015979E-10   1.49414691204047687E-09   1.36748837133187962E-12   0.00000000000000000E+00
   1.32942798871739675E+15   2.43128969574621883E-08   2.43128965535960254E-08   2.36143973830183955E-08   7.97014825968015979E-10   1.49414691204047687E-09   1.36748837133187962E-12   0.00000000000000000E+00
   1.31038782056827425E+15   2.52931605118676927E-08   2.52931600912703891E-08   2.46050967119169267E-08   8.71751207771278499E-10   1.55842033186823529E-09   1.39467585380988656E-12   0.00000000000000000E+00
   1.31038782056827425E+15   2.52931605118676927E-08   2.52931600912703891E-08   2.46050967119169267E-08   8.71751207771278499E-10   1.55842033186823529E-09   1.39467585380988656E-12   0.00000000000000000E+00
   1.29623125648655950E+15   2.60559985899840552E-08   2.60559981561709134E-08   2.53781946670187620E-08   9.32180214417278976E-10   1.60856852648694018E-09   1.41561089563115530E-12   0.00000000000000000E+00
   1.29623125648655950E+15   2.60559985899840552E-08   2.60559981561709134E-08   2.53781946670187620E-08   9.32180214417278976E-10   1.60856852648694018E-09   1.41561089563115530E-12   0.00000000000000000E+00
   1.27884075317192900E+15   2.70351595994122532E-08   2.70351591486102841E-08   2.63732562459980576E-08   1.01263897454822250E-09   1.67310027895999652E-09   1.44204900242152735E-12   0.00000000000000000E+00
   1.27884075317192900E+15   2.70351595994122532E-08   2.70351591486102841E-08   2.63732562459980576E-08   1.01263897454822250E-09   1.67310027895999652E-09   1.44204900242152735E-12   0.00000000000000000E+00
   1.25352398931537975E+15   2.85491044827567005E-08   2.85491040055558676E-08   2.79177942208016993E-08   1.14340025509357543E-09   1.77322849211877990E-09   1.48202492979603620E-12   0.00000000000000000E+00
   1.25352398931537975E+15   2.85491044827567005E-08   2.85491040055558676E-08   2.79177942208016993E-08   1.14340025509357543E-09   1.77322849211877990E-09   1.48202492979603620E-12   0.00000000000000000E+00
   1.23504420104590500E+15   2.97254008941925339E-08   2.97254003963902914E-08   2.91228651709402969E-08   1.25028458379900055E-09   1.85130793043979370E-09   1.51237661144375693E-12   0.00000000000000000E+00
   1.23504420104590500E+15   2.97254008941925339E-08   2.97254003963902914E-08   2.91228651709402969E-08   1.25028458379900055E-09   1.85130793043979370E-09   1.51237661144375693E-12   0.00000000000000000E+00
   1.22066676612501100E+15   3.06847939897182975E-08   3.06847934750579156E-08   3.01089400517033635E-08   1.34086924098981039E-09   1.91518647062919459E-09   1.53670837555055624E-12   0.00000000000000000E+00
   1.22066676612501100E+15   3.06847939897182975E-08   3.06847934750579156E-08   3.01089400517033635E-08   1.34086924098981039E-09   1.91518647062919459E-09   1.53670837555055624E-12   0.00000000000000000E+00
   1.20310241455694750E+15   3.19125803281399957E-08   3.19125797918333494E-08   3.13750577546948314E-08   1.46123369244812232E-09   1.99718894244566788E-09   1.56732344761589241E-12   0.00000000000000000E+00
   1.20310241455694750E+15   3.19125803281399957E-08   3.19125797918333494E-08   3.13750577546948314E-08   1.46123369244812232E-09   1.99718894244566788E-09   1.56732344761589241E-12   0.00000000000000000E+00
   1.18762415969020850E+15   3.30493196854827070E-08   3.30493191290831686E-08   3.25514639372463536E-08   1.57703193742997159E-09   2.07329235622743245E-09   1.59532943889687936E-12   0.00000000000000000E+00
   1.18762415969020850E+15   3.30493196854827070E-08   3.30493191290831686E-08   3.25514639372463536E-08   1.57703193742997159E-09   2.07329235622743245E-09   1.59532943889687936E-12   0.00000000000000000E+00
   1.17346441807110225E+15   3.41363378624762905E-08   3.41363372867795614E-08   3.36801368637254767E-08   1.69168307391150005E-09   2.14626233964026667E-09   1.62173302204383898E-12   0.00000000000000000E+00
   1.17346441807110225E+15   3.41363378624762905E-08   3.41363372867795614E-08   3.36801368637254767E-08   1.69168307391150005E-09   2.14626233964026667E-09   1.62173302204383898E-12   0.00000000000000000E+00
   1.15506379454075275E+15   3.56203458775959191E-08   3.56203452754535972E-08   3.52268470094576548E-08   1.85433794789392888E-09   2.24617968849225598E-09   1.65712753993981569E-12   0.00000000000000000E+00
   1.15506379454075275E+15   3.56203458775959191E-08   3.56203452754535972E-08   3.52268470094576548E-08   1.85433794789392888E-09   2.24617968849225598E-09   1.65712753993981569E-12   0.00000000000000000E+00
   1.15043376859559000E+15   3.56853079134375975E-08   3.56853073102238517E-08   3.52911458206029300E-08   1.87977741703699270E-09   2.27227316488765728E-09   1.66634498400113546E-12   0.00000000000000000E+00
   1.15043376859559000E+15   3.56853079134375975E-08   3.56853073102238517E-08   3.52911458206029300E-08   1.87977741703699270E-09   2.27227316488765728E-09   1.66634498400113546E-12   0.00000000000000000E+00
   1.13865556048280350E+15   3.66918581444704123E-08   3.66918575232443190E-08   3.63445996457646379E-08   1.99489174279624252E-09   2.34045888953851864E-09   1.69135196350009910E-12   0.00000000000000000E+00
   1.13865556048280350E+15   3.66918581444704123E-08   3.66918575232443190E-08   3.63445996457646379E-08   1.99489174279624252E-09   2.34045888953851864E-09   1.69135196350009910E-12   0.00000000000000000E+00
   1.12545382011812062E+15   3.78644195664282947E-08   3.78644189243661438E-08   3.75756521613714232E-08   2.13304801424378377E-09   2.42009530731249551E-09   1.72011198815573144E-12   0.00000000000000000E+00
   1.12545382011812062E+15   3.78644195664282947E-08   3.78644189243661438E-08   3.75756521613714232E-08   2.13304801424378377E-09   2.42009530731249551E-09   1.72011198815573144E-12   0.00000000000000000E+00
   1.10978226841481138E+15   3.93209317690739602E-08   3.93209311007801253E-08   3.91105562200270545E-08   2.31066455061870273E-09   2.51928480461945619E-09   1.75529504615405603E-12   0.00000000000000000E+00
   1.10978226841481138E+15   3.93209317690739602E-08   3.93209311007801253E-08   3.91105562200270545E-08   2.31066455061870273E-09   2.51928480461945619E-09   1.75529504615405603E-12   0.00000000000000000E+00
   1.09607840002895588E+15   4.06552510734536381E-08   4.06552503813055952E-08   4.05222257862559438E-08   2.47917241333680111E-09   2.61041067320591731E-09   1.78702732857784976E-12   0.00000000000000000E+00
   1.09607840002895588E+15   4.06552510734536381E-08   4.06552503813055952E-08   4.05222257862559438E-08   2.47917241333680111E-09   2.61041067320591731E-09   1.78702732857784976E-12   0.00000000000000000E+00
   1.08438972090423512E+15   4.18405739251729775E-08   4.18405732115253856E-08   4.17806666509796689E-08   2.63347056078716370E-09   2.69156294563881333E-09   1.81488934165702199E-12   0.00000000000000000E+00
   1.08438972090423512E+15   4.18405739251729775E-08   4.18405732115253856E-08   4.17806666509796689E-08   2.63347056078716370E-09   2.69156294563881333E-09   1.81488934165702199E-12   0.00000000000000000E+00
   1.07191853583359812E+15   4.31556032480657766E-08   4.31556025107386110E-08   4.31816290362998087E-08   2.80968764954474969E-09   2.78181640167125381E-09   1.84545963946116959E-12   0.00000000000000000E+00
   1.07191853583359812E+15   4.31556032480657766E-08   4.31556025107386110E-08   4.31816290362998087E-08   2.80968764954474969E-09   2.78181640167125381E-09   1.84545963946116959E-12   0.00000000000000000E+00
   1.06080101300937388E+15   4.43738457793667188E-08   4.43738450197975996E-08   4.44839666527927735E-08   2.97762434235165194E-09   2.86563004974160054E-09   1.87341918399816990E-12   0.00000000000000000E+00
   1.06080101300937388E+15   4.43738457793667188E-08   4.43738450197975996E-08   4.44839666527927735E-08   2.97762434235165194E-09   2.86563004974160054E-09   1.87341918399816990E-12   0.00000000000000000E+00
   1.04517749279029538E+15   4.61630441845736428E-08   4.61630433922048469E-08   4.64044329723842697E-08   3.23237323944513969E-09   2.98907056777209134E-09   1.91388386242037672E-12   0.00000000000000000E+00
   1.04517749279029538E+15   4.61630441845736428E-08   4.61630433922048469E-08   4.64044329723842697E-08   3.23237323944513969E-09   2.98907056777209134E-09   1.91388386242037672E-12   0.00000000000000000E+00
   1.03733329267499375E+15   4.70969994202672134E-08   4.70969986107137204E-08   4.74105506151074605E-08   3.36915320245244026E-09   3.05366727185369593E-09   1.93473575849303399E-12   0.00000000000000000E+00
   1.03733329267499375E+15   4.70969994202672134E-08   4.70969986107137204E-08   4.74105506151074605E-08   3.36915320245244026E-09   3.05366727185369593E-09   1.93473575849303399E-12   0.00000000000000000E+00
   1.02736211114234262E+15   4.83201953191555273E-08   4.83201944870424632E-08   4.87320075339850496E-08   3.55220821074119288E-09   3.13843421915066301E-09   1.96177676100734521E-12   0.00000000000000000E+00
   1.02736211114234262E+15   4.83201953191555273E-08   4.83201944870424632E-08   4.87320075339850496E-08   3.55220821074119288E-09   3.13843421915066301E-09   1.96177676100734521E-12   0.00000000000000000E+00
   1.01517454955596462E+15   4.98722772253038194E-08   4.98722763644470827E-08   5.04148520677054521E-08   3.79083208428884668E-09   3.24626157398824810E-09   1.99566789896933227E-12   0.00000000000000000E+00
   1.01517454955596462E+15   4.98722772253038194E-08   4.98722763644470827E-08   5.04148520677054521E-08   3.79083208428884668E-09   3.24626157398824810E-09   1.99566789896933227E-12   0.00000000000000000E+00
   1.00500646372190300E+15   5.12174281004367055E-08   5.12174272145744511E-08   5.18787937308439103E-08   4.00333790425801860E-09   3.33994759928449776E-09   2.02467456631708744E-12   0.00000000000000000E+00
   1.00500646372190300E+15   5.12174281004367055E-08   5.12174272145744511E-08   5.18787937308439103E-08   4.00333790425801860E-09   3.33994759928449776E-09   2.02467456631708744E-12   0.00000000000000000E+00
   9.95092568315810375E+14   5.25749300102798401E-08   5.25749290990939807E-08   5.33612813833404080E-08   4.22312136393724370E-09   3.43471637175914316E-09   2.05361911753622512E-12   0.00000000000000000E+00
   9.95092568315810375E+14   5.25749300102798401E-08   5.25749290990939807E-08   5.33612813833404080E-08   4.22312136393724370E-09   3.43471637175914316E-09   2.05361911753622512E-12   0.00000000000000000E+00
   9.87196848936839875E+14   5.36899038920355085E-08   5.36899029599837467E-08   5.45827211996048428E-08   4.40761098986660545E-09   3.51271652819399909E-09   2.07715410326763952E-12   0.00000000000000000E+00
   9.87196848936839875E+14   5.36899038920355085E-08   5.36899029599837467E-08   5.45827211996048428E-08   4.40761098986660545E-09   3.51271652819399909E-09   2.07715410326763952E-12   0.00000000000000000E+00
   9.77665921503728250E+14   5.50772911661769861E-08   5.50772902080790207E-08   5.61073524337700594E-08   4.64214634739349662E-09   3.60997816299399393E-09   2.10691680642891340E-12   0.00000000000000000E+00
   9.77665921503728250E+14   5.50772911661769861E-08   5.50772902080790207E-08   5.61073524337700594E-08   4.64214634739349662E-09   3.60997816299399393E-09   2.10691680642891340E-12   0.00000000000000000E+00
   9.69513235604315750E+14   5.63014158178613234E-08   5.63014148367048780E-08   5.74569327278780178E-08   4.85363059664549362E-09   3.69598073366218710E-09   2.13295296661106281E-12   0.00000000000000000E+00
   9.69513235604315750E+14   5.63014158178613234E-08   5.63014148367048780E-08   5.74569327278780178E-08   4.85363059664549362E-09   3.69598073366218710E-09   2.13295296661106281E-12   0.00000000000000000E+00
   9.59943822091030625E+14   5.76755068813653047E-08   5.76755058742210943E-08   5.89781252851352359E-08   5.10515377892637393E-09   3.80037118813713002E-09   2.16418701931097748E-12   0.00000000000000000E+00
   9.59943822091030625E+14   5.76755068813653047E-08   5.76755058742210943E-08   5.89781252851352359E-08   5.10515377892637393E-09   3.80037118813713002E-09   2.16418701931097748E-12   0.00000000000000000E+00
   9.57171850650555125E+14   5.81140378901112648E-08   5.81140368746604141E-08   5.94642702526249716E-08   5.18373272486445476E-09   3.83132698865680166E-09   2.17337369394307152E-12   0.00000000000000000E+00
   9.57171850650555125E+14   5.81140378901112648E-08   5.81140368746604141E-08   5.94642702526249716E-08   5.18373272486445476E-09   3.83132698865680166E-09   2.17337369394307152E-12   0.00000000000000000E+00
   9.46167542581829750E+14   5.98984575545437635E-08   5.98984565052000673E-08   6.14477569987027036E-08   5.50902305543809442E-09   3.95751313440172128E-09   2.21047687742811952E-12   0.00000000000000000E+00
   9.46167542581829750E+14   5.98984575545437635E-08   5.98984565052000673E-08   6.14477569987027036E-08   5.50902305543809442E-09   3.95751313440172128E-09   2.21047687742811952E-12   0.00000000000000000E+00
   9.36375877887672125E+14   6.15467656675409843E-08   6.15467645868239819E-08   6.32874925406818834E-08   5.81736167344197469E-09   4.07439043404079599E-09   2.24436626027241586E-12   0.00000000000000000E+00
   9.36375877887672125E+14   6.15467656675409843E-08   6.15467645868239819E-08   6.32874925406818834E-08   5.81736167344197469E-09   4.07439043404079599E-09   2.24436626027241586E-12   0.00000000000000000E+00
   9.22228957847778500E+14   6.40341821430717673E-08   6.40341810146937958E-08   6.60773794677489594E-08   6.29683025563867076E-09   4.25133808478194772E-09   2.29484617953539522E-12   0.00000000000000000E+00
   9.22228957847778500E+14   6.40341821430717673E-08   6.40341810146937958E-08   6.60773794677489594E-08   6.29683025563867076E-09   4.25133808478194772E-09   2.29484617953539522E-12   0.00000000000000000E+00
   9.06362241589080875E+14   6.69821676393211134E-08   6.69821664545598379E-08   6.94047860172703629E-08   6.88689483728870837E-09   4.46192275853202214E-09   2.35370080743181675E-12   0.00000000000000000E+00
   9.06362241589080875E+14   6.69821676393211134E-08   6.69821664545598379E-08   6.94047860172703629E-08   6.88689483728870837E-09   4.46192275853202214E-09   2.35370080743181675E-12   0.00000000000000000E+00
   8.95753954459215125E+14   6.90522876532628289E-08   6.90522864287005208E-08   7.17547716336494257E-08   7.31523800968677078E-09   4.61035959195102896E-09   2.39443734914727830E-12   0.00000000000000000E+00
   8.95753954459215125E+14   6.90522876532628289E-08   6.90522864287005208E-08   7.17547716336494257E-08   7.31523800968677078E-09   4.61035959195102896E-09   2.39443734914727830E-12   0.00000000000000000E+00
   8.86719428798924000E+14   7.08813956581059423E-08   7.08813943979550155E-08   7.38402933227652750E-08   7.70322416960238955E-09   4.74189645855392645E-09   2.43004638913410627E-12   0.00000000000000000E+00
   8.86719428798924000E+14   7.08813956581059423E-08   7.08813943979550155E-08   7.38402933227652750E-08   7.70322416960238955E-09   4.74189645855392645E-09   2.43004638913410627E-12   0.00000000000000000E+00
   8.75505504034169250E+14   7.19284565830008732E-08   7.19284553018592921E-08   7.50728204715356801E-08   8.05890348192547851E-09   4.91206412977933601E-09   2.47546361134075898E-12   0.00000000000000000E+00
   8.75505504034169250E+14   7.19284565830008732E-08   7.19284553018592921E-08   7.50728204715356801E-08   8.05890348192547851E-09   4.91206412977933601E-09   2.47546361134075898E-12   0.00000000000000000E+00
   8.74506679530608125E+14   7.21396830058520027E-08   7.21396817205758817E-08   7.53151230092949484E-08   8.10552473978613904E-09   4.92760516018931026E-09   2.47957615387965158E-12   0.00000000000000000E+00
   8.74506679530608125E+14   7.21396830058520027E-08   7.21396817205758817E-08   7.53151230092949484E-08   8.10552473978613904E-09   4.92760516018931026E-09   2.47957615387965158E-12   0.00000000000000000E+00
   8.69124694572833125E+14   7.32917340949968031E-08   7.32917327871627256E-08   7.66386714044333903E-08   8.36189879427812522E-09   5.01245955542786296E-09   2.50192941367585914E-12   0.00000000000000000E+00
   8.69124694572833125E+14   7.32917340949968031E-08   7.32917327871627256E-08   7.66386714044333903E-08   8.36189879427812522E-09   5.01245955542786296E-09   2.50192941367585914E-12   0.00000000000000000E+00
   8.59169127445488375E+14   7.54867411100760010E-08   7.54867397590517400E-08   7.91697508293523851E-08   8.86007264416089443E-09   5.17451876746697293E-09   2.54415741754105964E-12   0.00000000000000000E+00
   8.59169127445488375E+14   7.54867411100760010E-08   7.54867397590517400E-08   7.91697508293523851E-08   8.86007264416089443E-09   5.17451876746697293E-09   2.54415741754105964E-12   0.00000000000000000E+00
   8.44921329274330000E+14   7.87788797160835773E-08   7.87788782998937498E-08   8.29886688119926794E-08   9.63095772216346750E-09   5.41856222253583416E-09   2.60640371853549345E-12   0.00000000000000000E+00
   8.44921329274330000E+14   7.87788797160835773E-08   7.87788782998937498E-08   8.29886688119926794E-08   9.63095772216346750E-09   5.41856222253583416E-09   2.60640371853549345E-12   0.00000000000000000E+00
   8.34019203725593125E+14   8.14221300584515810E-08   8.14221285896329627E-08   8.60744934244235751E-08   1.02705590215184599E-08   5.61553995163019123E-09   2.65570391626773774E-12   0.00000000000000000E+00
   8.34019203725593125E+14   8.14221300584515810E-08   8.14221285896329627E-08   8.60744934244235751E-08   1.02705590215184599E-08   5.61553995163019123E-09   2.65570391626773774E-12   0.00000000000000000E+00
   8.20651505418238250E+14   8.51644883146684957E-08   8.51644867710163296E-08   9.04596729687048547E-08   1.11679381797932826E-08   5.87003540900653722E-09   2.71811675038421558E-12   0.00000000000000000E+00
   8.20651505418238250E+14   8.51644883146684957E-08   8.51644867710163296E-08   9.04596729687048547E-08   1.11679381797932826E-08   5.87003540900653722E-09   2.71811675038421558E-12   0.00000000000000000E+00
   8.13824987829517875E+14   8.83781874728925014E-08   8.83781858653271732E-08   9.42039582151916791E-08   1.18343461192689984E-08   6.00582504334574536E-09   2.75033362408102509E-12   0.00000000000000000E+00
   8.13824987829517875E+14   8.83781874728925014E-08   8.83781858653271732E-08   9.42039582151916791E-08   1.18343461192689984E-08   6.00582504334574536E-09   2.75033362408102509E-12   0.00000000000000000E+00
   8.11768341259787750E+14   8.93280758609262579E-08   8.93280742344036838E-08   9.53145823569448945E-08   1.20368050005189661E-08   6.04753834107290292E-09   2.76016342743152102E-12   0.00000000000000000E+00
   8.11768341259787750E+14   8.93280758609262579E-08   8.93280742344036838E-08   9.53145823569448945E-08   1.20368050005189661E-08   6.04753834107290292E-09   2.76016342743152102E-12   0.00000000000000000E+00
   8.04128180597229500E+14   8.50802479442442725E-08   8.50802463994737715E-08   9.05288638057273944E-08   1.16572684235047665E-08   6.20585536913533008E-09   2.79719288630805149E-12   0.00000000000000000E+00
   8.04128180597229500E+14   8.50802479442442725E-08   8.50802463994737715E-08   9.05288638057273944E-08   1.16572684235047665E-08   6.20585536913533008E-09   2.79719288630805149E-12   0.00000000000000000E+00
   7.94547862402843250E+14   4.70615840067031950E-08   4.70615832082612523E-08   4.68252999455130510E-08   6.17868350975378073E-09   6.41212289056954883E-09   2.84468037438079570E-12   0.00000000000000000E+00
   7.94547862402843250E+14   4.70615840067031950E-08   4.70615832082612523E-08   4.68252999455130510E-08   6.17868350975378073E-09   6.41212289056954883E-09   2.84468037438079570E-12   0.00000000000000000E+00
   7.83510579702206500E+14   2.74130359648133682E-08   2.74130355564169025E-08   2.40073143046023903E-08   3.25819829307847405E-09   6.66101901508667620E-09   2.90093820277539344E-12   0.00000000000000000E+00
   7.83510579702206500E+14   2.74130359648133682E-08   2.74130355564169025E-08   2.40073143046023903E-08   3.25819829307847405E-09   6.66101901508667620E-09   2.90093820277539344E-12   0.00000000000000000E+00
   7.78449498999286125E+14   2.48122597896273016E-08   2.48122594342567494E-08   2.09037889979228324E-08   2.87383408267228448E-09   6.77937751683412743E-09   2.92735754262537057E-12   0.00000000000000000E+00
   7.78449498999286125E+14   2.48122597896273016E-08   2.48122594342567494E-08   2.09037889979228324E-08   2.87383408267228448E-09   6.77937751683412743E-09   2.92735754262537057E-12   0.00000000000000000E+00
   7.74130418307644750E+14   2.36540305686814343E-08   2.36540302377239235E-08   1.94756469245780342E-08   2.70713492887958032E-09   6.88256835076992569E-09   2.95022221305568078E-12   0.00000000000000000E+00
   7.74130418307644750E+14   2.36540305686814343E-08   2.36540302377239235E-08   1.94756469245780342E-08   2.70713492887958032E-09   6.88256835076992569E-09   2.95022221305568078E-12   0.00000000000000000E+00
   7.68867379850154500E+14   2.29484842012938034E-08   2.29484838862209661E-08   1.85473128049817790E-08   2.61291524766382714E-09   7.01110815489672438E-09   2.97848907912651856E-12   0.00000000000000000E+00
   7.68867379850154500E+14   2.29484842012938034E-08   2.29484838862209661E-08   1.85473128049817790E-08   2.61291524766382714E-09   7.01110815489672438E-09   2.97848907912651856E-12   0.00000000000000000E+00
   7.60440964651041375E+14   2.26233211074048530E-08   2.26233208019781990E-08   1.79855574209866848E-08   2.58878798379392200E-09   7.22352697365587539E-09   3.02469655621631062E-12   0.00000000000000000E+00
   7.60440964651041375E+14   2.26233211074048530E-08   2.26233208019781990E-08   1.79855574209866848E-08   2.58878798379392200E-09   7.22352697365587539E-09   3.02469655621631062E-12   0.00000000000000000E+00
   7.55433964496086250E+14   2.26749030332313310E-08   2.26749027287453799E-08   1.79323921950508070E-08   2.61428954708284121E-09   7.35374766257860537E-09   3.05272268476176952E-12   0.00000000000000000E+00
   7.55433964496086250E+14   2.26749030332313310E-08   2.26749027287453799E-08   1.79323921950508070E-08   2.61428954708284121E-09   7.35374766257860537E-09   3.05272268476176952E-12   0.00000000000000000E+00
   7.49404830967853875E+14   2.28716724256486831E-08   2.28716721196738433E-08   1.80219616525271089E-08   2.66803745802199906E-09   7.51466118418384610E-09   3.08704695972719377E-12   0.00000000000000000E+00
   7.49404830967853875E+14   2.28716724256486831E-08   2.28716721196738433E-08   1.80219616525271089E-08   2.66803745802199906E-09   7.51466118418384610E-09   3.08704695972719377E-12   0.00000000000000000E+00
   7.43827098614460875E+14   2.31406565134265938E-08   2.31406562043930816E-08   1.82033618180034244E-08   2.73348159297584409E-09   7.66765710723921121E-09   3.11918115980101781E-12   0.00000000000000000E+00
   7.43827098614460875E+14   2.31406565134265938E-08   2.31406562043930816E-08   1.82033618180034244E-08   2.73348159297584409E-09   7.66765710723921121E-09   3.11918115980101781E-12   0.00000000000000000E+00
   7.38549742699604125E+14   2.34488807946535963E-08   2.34488804816964753E-08   1.84353481556476322E-08   2.80580873406867787E-09   7.81619126576785007E-09   3.15010730679215151E-12   0.00000000000000000E+00
   7.38549742699604125E+14   2.34488807946535963E-08   2.34488804816964753E-08   1.84353481556476322E-08   2.80580873406867787E-09   7.81619126576785007E-09   3.15010730679215151E-12   0.00000000000000000E+00
   7.34979747202127500E+14   2.36802228945805352E-08   2.36802225785356747E-08   1.86177037723278537E-08   2.85946582477737071E-09   7.91881362463934945E-09   3.17132239070330340E-12   0.00000000000000000E+00
   7.34979747202127500E+14   2.36802228945805352E-08   2.36802225785356747E-08   1.86177037723278537E-08   2.85946582477737071E-09   7.91881362463934945E-09   3.17132239070330340E-12   0.00000000000000000E+00
   7.29767663248062000E+14   2.40445916277913397E-08   2.40445913067384995E-08   1.89132682864568198E-08   2.94371178500961923E-09   8.07183239489331836E-09   3.20273145082045498E-12   0.00000000000000000E+00
   7.29767663248062000E+14   2.40445916277913397E-08   2.40445913067384995E-08   1.89132682864568198E-08   2.94371178500961923E-09   8.07183239489331836E-09   3.20273145082045498E-12   0.00000000000000000E+00
   7.25436218827582875E+14   2.43681318679644836E-08   2.43681315423640724E-08   1.91815597425146478E-08   3.01861441002616929E-09   8.20195730050409797E-09   3.22923497190509648E-12   0.00000000000000000E+00
   7.25436218827582875E+14   2.43681318679644836E-08   2.43681315423640724E-08   1.91815597425146478E-08   3.01861441002616929E-09   8.20195730050409797E-09   3.22923497190509648E-12   0.00000000000000000E+00
   7.18223789158390125E+14   2.49420270341543384E-08   2.49420267003352591E-08   1.96662719369561248E-08   3.15231860048716688E-09   8.42479950144243088E-09   3.27419624294762711E-12   0.00000000000000000E+00
   7.18223789158390125E+14   2.49420270341543384E-08   2.49420267003352591E-08   1.96662719369561248E-08   3.15231860048716688E-09   8.42479950144243088E-09   3.27419624294762711E-12   0.00000000000000000E+00
   7.10745973076122375E+14   2.55770075826013382E-08   2.55770072395368083E-08   2.02114355607554263E-08   3.30204781404533191E-09   8.66429789712563640E-09   3.32193876560888843E-12   0.00000000000000000E+00
   7.10745973076122375E+14   2.55770075826013382E-08   2.55770072395368083E-08   2.02114355607554263E-08   3.30204781404533191E-09   8.66429789712563640E-09   3.32193876560888843E-12   0.00000000000000000E+00
   7.05169520646944000E+14   2.60749300211313191E-08   2.60749296707330622E-08   2.06438004841418727E-08   3.42096887996782226E-09   8.84874011326604992E-09   3.35830369122210439E-12   0.00000000000000000E+00
   7.05169520646944000E+14   2.60749300211313191E-08   2.60749296707330622E-08   2.06438004841418727E-08   3.42096887996782226E-09   8.84874011326604992E-09   3.35830369122210439E-12   0.00000000000000000E+00
   7.00370683041894625E+14   2.65189549183025006E-08   2.65189545613161537E-08   2.10321836084297463E-08   3.52822497326001646E-09   9.01160632654771503E-09   3.38995658505545377E-12   0.00000000000000000E+00
   7.00370683041894625E+14   2.65189549183025006E-08   2.65189545613161537E-08   2.10321836084297463E-08   3.52822497326001646E-09   9.01160632654771503E-09   3.38995658505545377E-12   0.00000000000000000E+00
   6.95983863092728375E+14   2.69371139479409993E-08   2.69371135847140710E-08   2.14000522307014667E-08   3.63030454447637197E-09   9.16394692230321939E-09   3.41933941268553313E-12   0.00000000000000000E+00
   6.95983863092728375E+14   2.69371139479409993E-08   2.69371135847140710E-08   2.14000522307014667E-08   3.63030454447637197E-09   9.16394692230321939E-09   3.41933941268553313E-12   0.00000000000000000E+00
   6.92833690590790375E+14   2.72440735281033696E-08   2.72440731602776810E-08   2.16711287582946063E-08   3.70592886860302261E-09   9.27543293025052045E-09   3.44070816126464447E-12   0.00000000000000000E+00
   6.92833690590790375E+14   2.72440735281033696E-08   2.72440731602776810E-08   2.16711287582946063E-08   3.70592886860302261E-09   9.27543293025052045E-09   3.44070816126464447E-12   0.00000000000000000E+00
   6.89721111832746250E+14   2.74417791605588349E-08   2.74417787903847011E-08   2.18104346484280907E-08   3.75946088640879102E-09   9.38734335201630341E-09   3.46204652323104618E-12   0.00000000000000000E+00
   6.89721111832746250E+14   2.74417791605588349E-08   2.74417787903847011E-08   2.18104346484280907E-08   3.75946088640879102E-09   9.38734335201630341E-09   3.46204652323104618E-12   0.00000000000000000E+00
   6.86376287712643375E+14   2.77887789808333324E-08   2.77887786053818989E-08   2.21214203532992703E-08   3.84571471173694781E-09   9.50958810944561827E-09   3.48522982539256625E-12   0.00000000000000000E+00
   6.86376287712643375E+14   2.77887789808333324E-08   2.77887786053818989E-08   2.21214203532992703E-08   3.84571471173694781E-09   9.50958810944561827E-09   3.48522982539256625E-12   0.00000000000000000E+00
   6.83956146393474750E+14   2.80434722702732481E-08   2.80434718909402662E-08   2.23501476349729306E-08   3.90952153112540564E-09   9.59934399671560255E-09   3.50216971011840610E-12   0.00000000000000000E+00
   6.83956146393474750E+14   2.80434722702732481E-08   2.80434718909402662E-08   2.23501476349729306E-08   3.90952153112540564E-09   9.59934399671560255E-09   3.50216971011840610E-12   0.00000000000000000E+00
   6.80323249491519125E+14   2.84316177763129321E-08   2.84316173910518115E-08   2.26994801694119739E-08   4.00756738657932176E-09   9.73617713004001405E-09   3.52786344026434091E-12   0.00000000000000000E+00
   6.80323249491519125E+14   2.84316177763129321E-08   2.84316173910518115E-08   2.26994801694119739E-08   4.00756738657932176E-09   9.73617713004001405E-09   3.52786344026434091E-12   0.00000000000000000E+00
   6.76738520562145000E+14   2.88216069541720322E-08   2.88216065633261124E-08   2.30513896866832219E-08   4.10705406846353304E-09   9.87371780256442267E-09   3.55353338792079344E-12   0.00000000000000000E+00
   6.76738520562145000E+14   2.88216069541720322E-08   2.88216065633261124E-08   2.30513896866832219E-08   4.10705406846353304E-09   9.87371780256442267E-09   3.55353338792079344E-12   0.00000000000000000E+00
   6.73637119924181500E+14   2.91647386911686471E-08   2.91647382950864059E-08   2.33617736455077401E-08   4.19539106026786434E-09   9.99478010534916581E-09   3.57600057960340999E-12   0.00000000000000000E+00
   6.73637119924181500E+14   2.91647386911686471E-08   2.91647382950864059E-08   2.33617736455077401E-08   4.19539106026786434E-09   9.99478010534916581E-09   3.57600057960340999E-12   0.00000000000000000E+00
   6.70388078447684500E+14   2.95298062022647856E-08   2.95298058005725526E-08   2.36927058787608504E-08   4.29020526100986655E-09   1.01237057859167396E-08   3.59979859706532360E-12   0.00000000000000000E+00
   6.70388078447684500E+14   2.95298062022647856E-08   2.95298058005725526E-08   2.36927058787608504E-08   4.29020526100986655E-09   1.01237057859167396E-08   3.59979859706532360E-12   0.00000000000000000E+00
   6.67279700061720875E+14   2.98849576780184965E-08   2.98849572708545894E-08   2.40154762026866197E-08   4.38324417436927968E-09   1.02491028291791693E-08   3.62282052198505067E-12   0.00000000000000000E+00
   6.67279700061720875E+14   2.98849576780184965E-08   2.98849572708545894E-08   2.40154762026866197E-08   4.38324417436927968E-09   1.02491028291791693E-08   3.62282052198505067E-12   0.00000000000000000E+00
   6.62841249509953375E+14   3.04019365602882627E-08   3.04019361451366828E-08   2.44866541751900792E-08   4.52009316755811952E-09   1.04317196402553437E-08   3.65591240095718539E-12   0.00000000000000000E+00
   6.62841249509953375E+14   3.04019365602882627E-08   3.04019361451366828E-08   2.44866541751900792E-08   4.52009316755811952E-09   1.04317196402553437E-08   3.65591240095718539E-12   0.00000000000000000E+00
   6.57921005959157000E+14   3.09889518422018168E-08   3.09889514179480738E-08   2.50235692965752734E-08   4.67750251233231581E-09   1.06391919259434216E-08   3.69313201543114720E-12   0.00000000000000000E+00
   6.57921005959157000E+14   3.09889518422018168E-08   3.09889514179480738E-08   2.50235692965752734E-08   4.67750251233231581E-09   1.06391919259434216E-08   3.69313201543114720E-12   0.00000000000000000E+00
   6.51283305104287125E+14   3.18048787669612949E-08   3.18048783299993512E-08   2.57731976784670795E-08   4.89983189975047126E-09   1.09277689128784902E-08   3.74407536619777086E-12   0.00000000000000000E+00
   6.51283305104287125E+14   3.18048787669612949E-08   3.18048783299993512E-08   2.57731976784670795E-08   4.89983189975047126E-09   1.09277689128784902E-08   3.74407536619777086E-12   0.00000000000000000E+00
   6.46253721490942250E+14   3.24420599551244785E-08   3.24420595081935856E-08   2.63612462237566166E-08   5.07629310263815133E-09   1.11533233418562534E-08   3.78349214976046911E-12   0.00000000000000000E+00
   6.46253721490942250E+14   3.24420599551244785E-08   3.24420595081935856E-08   2.63612462237566166E-08   5.07629310263815133E-09   1.11533233418562534E-08   3.78349214976046911E-12   0.00000000000000000E+00
   6.41652838352272500E+14   3.30399231850688328E-08   3.30399227287476069E-08   2.69151550508957907E-08   5.24409961355420053E-09   1.13650475651921950E-08   3.82018253504553079E-12   0.00000000000000000E+00
   6.41652838352272500E+14   3.30399231850688328E-08   3.30399227287476069E-08   2.69151550508957907E-08   5.24409961355420053E-09   1.13650475651921950E-08   3.82018253504553079E-12   0.00000000000000000E+00
   6.37874172569518875E+14   3.35418136231802117E-08   3.35418131589497164E-08   2.73816871458836733E-08   5.38663228160888145E-09   1.15429079796710537E-08   3.85077923436600435E-12   0.00000000000000000E+00
   6.37874172569518875E+14   3.35418136231802117E-08   3.35418131589497164E-08   2.73816871458836733E-08   5.38663228160888145E-09   1.15429079796710537E-08   3.85077923436600435E-12   0.00000000000000000E+00
   6.34464547799265375E+14   3.40034802442261588E-08   3.40034797726986136E-08   2.78121119794003908E-08   5.51906661098358149E-09   1.17065561220997507E-08   3.87875370959440403E-12   0.00000000000000000E+00
   6.34464547799265375E+14   3.40034802442261588E-08   3.40034797726986136E-08   2.78121119794003908E-08   5.51906661098358149E-09   1.17065561220997507E-08   3.87875370959440403E-12   0.00000000000000000E+00
   6.30726486320376875E+14   3.45193447931712306E-08   3.45193443134658603E-08   2.82944817984030648E-08   5.66854422877245402E-09   1.18894974284536047E-08   3.90979508701855761E-12   0.00000000000000000E+00
   6.30726486320376875E+14   3.45193447931712306E-08   3.45193443134658603E-08   2.82944817984030648E-08   5.66854422877245402E-09   1.18894974284536047E-08   3.90979508701855761E-12   0.00000000000000000E+00
   6.26124896485494125E+14   3.51687310157089993E-08   3.51687305256734402E-08   2.89038152782451012E-08   5.85893992122211478E-09   1.21199073960576082E-08   3.94826262840321358E-12   0.00000000000000000E+00
   6.26124896485494125E+14   3.51687310157089993E-08   3.51687305256734402E-08   2.89038152782451012E-08   5.85893992122211478E-09   1.21199073960576082E-08   3.94826262840321358E-12   0.00000000000000000E+00
   6.22714971652810375E+14   3.56604352747555705E-08   3.56604347768719930E-08   2.93667461610235599E-08   6.00474506816223973E-09   1.22944569822595162E-08   3.97719963473297488E-12   0.00000000000000000E+00
   6.22714971652810375E+14   3.56604352747555705E-08   3.56604347768719930E-08   2.93667461610235599E-08   6.00474506816223973E-09   1.22944569822595162E-08   3.97719963473297488E-12   0.00000000000000000E+00
   6.19839219291340750E+14   3.60822270628575222E-08   3.60822265582686930E-08   2.97649163825588392E-08   6.13093825541407391E-09   1.24442470410985281E-08   4.00189461422886752E-12   0.00000000000000000E+00
   6.19839219291340750E+14   3.60822270628575222E-08   3.60822265582686930E-08   2.97649163825588392E-08   6.13093825541407391E-09   1.24442470410985281E-08   4.00189461422886752E-12   0.00000000000000000E+00
   6.16026932343186125E+14   3.66516488177938231E-08   3.66516483040666134E-08   3.03039929693199892E-08   6.30292922237344309E-09   1.26465500209013713E-08   4.03504994590873988E-12   0.00000000000000000E+00
   6.16026932343186125E+14   3.66516488177938231E-08   3.66516483040666134E-08   3.03039929693199892E-08   6.30292922237344309E-09   1.26465500209013713E-08   4.03504994590873988E-12   0.00000000000000000E+00
   6.12319417955908750E+14   3.72168931209545089E-08   3.72168925981618431E-08   3.08408506884192614E-08   6.47549891377046059E-09   1.28474735864152289E-08   4.06775989048027436E-12   0.00000000000000000E+00
   6.12319417955908750E+14   3.72168931209545089E-08   3.72168925981618431E-08   3.08408506884192614E-08   6.47549891377046059E-09   1.28474735864152289E-08   4.06775989048027436E-12   0.00000000000000000E+00
   6.09540151761120625E+14   3.76481901012539430E-08   3.76481895714981502E-08   3.12516368685590031E-08   6.60840077588288160E-09   1.30008614213811900E-08   4.09258719663319117E-12   0.00000000000000000E+00
   6.09540151761120625E+14   3.76481901012539430E-08   3.76481895714981502E-08   3.12516368685590031E-08   6.60840077588288160E-09   1.30008614213811900E-08   4.09258719663319117E-12   0.00000000000000000E+00
   6.05790240478749875E+14   3.82407814984178546E-08   3.82407809587836459E-08   3.18177020251458920E-08   6.79271918980409303E-09   1.32116721530210009E-08   4.12651005505659990E-12   0.00000000000000000E+00
   6.05790240478749875E+14   3.82407814984178546E-08   3.82407809587836459E-08   3.18177020251458920E-08   6.79271918980409303E-09   1.32116721530210009E-08   4.12651005505659990E-12   0.00000000000000000E+00
   6.02665375402741000E+14   3.87440975753900242E-08   3.87440970276411605E-08   3.22999608448662421E-08   6.95082175331542916E-09   1.33908033259100918E-08   4.15515792911763951E-12   0.00000000000000000E+00
   6.02665375402741000E+14   3.87440975753900242E-08   3.87440970276411605E-08   3.22999608448662421E-08   6.95082175331542916E-09   1.33908033259100918E-08   4.15515792911763951E-12   0.00000000000000000E+00
   5.99241121251867375E+14   3.93057924574366636E-08   3.93057919005572149E-08   3.28397429024923290E-08   7.12893475932616566E-09   1.35907973910102696E-08   4.18692326023480261E-12   0.00000000000000000E+00
   5.99241121251867375E+14   3.93057924574366636E-08   3.93057919005572149E-08   3.28397429024923290E-08   7.12893475932616566E-09   1.35907973910102696E-08   4.18692326023480261E-12   0.00000000000000000E+00
   5.94674593996792500E+14   4.00718251098019102E-08   4.00718245404227235E-08   3.35785714892036583E-08   7.37466623200636017E-09   1.38636902685510611E-08   4.22958405354983364E-12   0.00000000000000000E+00
   5.94674593996792500E+14   4.00718251098019102E-08   4.00718245404227235E-08   3.35785714892036583E-08   7.37466623200636017E-09   1.38636902685510611E-08   4.22958405354983364E-12   0.00000000000000000E+00
   5.88780996615699125E+14   4.10900972719867996E-08   4.10900966859077495E-08   3.45654276980867953E-08   7.70630954777205012E-09   1.42266925531804112E-08   4.28656849164678476E-12   0.00000000000000000E+00
   5.88780996615699125E+14   4.10900972719867996E-08   4.10900966859077495E-08   3.45654276980867953E-08   7.70630954777205012E-09   1.42266925531804112E-08   4.28656849164678476E-12   0.00000000000000000E+00
   5.84703550909509750E+14   4.18148073917296587E-08   4.18148067941709100E-08   3.52710484189256087E-08   7.94578335329543635E-09   1.44852151141868550E-08   4.32721191262473099E-12   0.00000000000000000E+00
   5.84703550909509750E+14   4.18148073917296587E-08   4.18148067941709100E-08   3.52710484189256087E-08   7.94578335329543635E-09   1.44852151141868550E-08   4.32721191262473099E-12   0.00000000000000000E+00
   5.82196396375466625E+14   4.22688552608559751E-08   4.22688546557971732E-08   3.57145027373330676E-08   8.09726666020088341E-09   1.46472666383367105E-08   4.35254538708330073E-12   0.00000000000000000E+00
   5.82196396375466625E+14   4.22688552608559751E-08   4.22688546557971732E-08   3.57145027373330676E-08   8.09726666020088341E-09   1.46472666383367105E-08   4.35254538708330073E-12   0.00000000000000000E+00
   5.79762290724095875E+14   4.27159997871418282E-08   4.27159991746789459E-08   3.61522519556386538E-08   8.24752813468996859E-09   1.48068985714395716E-08   4.37739475357253542E-12   0.00000000000000000E+00
   5.79762290724095875E+14   4.27159997871418282E-08   4.27159991746789459E-08   3.61522519556386538E-08   8.24752813468996859E-09   1.48068985714395716E-08   4.37739475357253542E-12   0.00000000000000000E+00
   5.76138341598780500E+14   4.33934601078828389E-08   4.33934594839966453E-08   3.68174124437989393E-08   8.47722122504104821E-09   1.50488540264866882E-08   4.41486263825346575E-12   0.00000000000000000E+00
   5.76138341598780500E+14   4.33934601078828389E-08   4.33934594839966453E-08   3.68174124437989393E-08   8.47722122504104821E-09   1.50488540264866882E-08   4.41486263825346575E-12   0.00000000000000000E+00
   5.70607488053366125E+14   4.44552532921958749E-08   4.44552526506058456E-08   3.78645815766123955E-08   8.84211606105157351E-09   1.54283146588225921E-08   4.47311781246498839E-12   0.00000000000000000E+00
   5.70607488053366125E+14   4.44552532921958749E-08   4.44552526506058456E-08   3.78645815766123955E-08   8.84211606105157351E-09   1.54283146588225921E-08   4.47311781246498839E-12   0.00000000000000000E+00
   5.64739964749458500E+14   4.56198147318909622E-08   4.56198140707612527E-08   3.90195590131628686E-08   9.24913040926403989E-09   1.58448502228505493E-08   4.53590514158122334E-12   0.00000000000000000E+00
   5.64739964749458500E+14   4.56198147318909622E-08   4.56198140707612527E-08   3.90195590131628686E-08   9.24913040926403989E-09   1.58448502228505493E-08   4.53590514158122334E-12   0.00000000000000000E+00
   5.61866574642227938E+14   4.62049300592114875E-08   4.62049293882211034E-08   3.96023779796584253E-08   9.45628877583843135E-09   1.60542736191127101E-08   4.56723627878462606E-12   0.00000000000000000E+00
   5.61866574642227938E+14   4.62049300592114875E-08   4.62049293882211034E-08   3.96023779796584253E-08   9.45628877583843135E-09   1.60542736191127101E-08   4.56723627878462606E-12   0.00000000000000000E+00
   5.58948880463116438E+14   4.68093869228622845E-08   4.68093862416546648E-08   4.02062366785082766E-08   9.67214609739294420E-09   1.62706968892053971E-08   4.59945254155991958E-12   0.00000000000000000E+00
   5.58948880463116438E+14   4.68093869228622845E-08   4.68093862416546648E-08   4.02062366785082766E-08   9.67214609739294420E-09   1.62706968892053971E-08   4.59945254155991958E-12   0.00000000000000000E+00
   5.54860694027905438E+14   4.76741693950344000E-08   4.76741686991504721E-08   4.10732459822863761E-08   9.98422076076870572E-09   1.65804988849327253E-08   4.64528858400909696E-12   0.00000000000000000E+00
   5.54860694027905438E+14   4.76741693950344000E-08   4.76741686991504721E-08   4.10732459822863761E-08   9.98422076076870572E-09   1.65804988849327253E-08   4.64528858400909696E-12   0.00000000000000000E+00
   5.49178009515037625E+14   4.89120486859610531E-08   4.89120479689507006E-08   4.23206065528740077E-08   1.04375341208522646E-08   1.70242658674417487E-08   4.71038649755847796E-12   0.00000000000000000E+00
   5.49178009515037625E+14   4.89120486859610531E-08   4.89120479689507006E-08   4.23206065528740077E-08   1.04375341208522646E-08   1.70242658674417487E-08   4.71038649755847796E-12   0.00000000000000000E+00
   5.43799722326511375E+14   5.01234567153559892E-08   5.01234559775327072E-08   4.35483793463869362E-08   1.08885969468859203E-08   1.74589009585342458E-08   4.77335732072410655E-12   0.00000000000000000E+00
   5.43799722326511375E+14   5.01234567153559892E-08   5.01234559775327072E-08   4.35483793463869362E-08   1.08885969468859203E-08   1.74589009585342458E-08   4.77335732072410655E-12   0.00000000000000000E+00
   5.40196938444673938E+14   5.09574407032620736E-08   5.09574399510552589E-08   4.43976599789447353E-08   1.12033622499031106E-08   1.77583269463028766E-08   4.81602791757819752E-12   0.00000000000000000E+00
   5.40196938444673938E+14   5.09574407032620736E-08   5.09574399510552589E-08   4.43976599789447353E-08   1.12033622499031106E-08   1.77583269463028766E-08   4.81602791757819752E-12   0.00000000000000000E+00
   5.35144601213036062E+14   5.21584963594961110E-08   5.21584955864459066E-08   4.56264630807410067E-08   1.16626748312598341E-08   1.81898310524556008E-08   4.87705755934080824E-12   0.00000000000000000E+00
   5.35144601213036062E+14   5.21584963594961110E-08   5.21584955864459066E-08   4.56264630807410067E-08   1.16626748312598341E-08   1.81898310524556008E-08   4.87705755934080824E-12   0.00000000000000000E+00
   5.28758248259970625E+14   5.37299497562824980E-08   5.37299489558111703E-08   4.72438238374775513E-08   1.22742865840814517E-08   1.87554562459730190E-08   4.95625691338007449E-12   0.00000000000000000E+00
   5.28758248259970625E+14   5.37299497562824980E-08   5.37299489558111703E-08   4.72438238374775513E-08   1.22742865840814517E-08   1.87554562459730190E-08   4.95625691338007449E-12   0.00000000000000000E+00
   5.22594046010117125E+14   5.53069536199628976E-08   5.53069527918366059E-08   4.88780830676735246E-08   1.28999881345889552E-08   1.93238275955909779E-08   5.03109128735398693E-12   0.00000000000000000E+00
   5.22594046010117125E+14   5.53069536199628976E-08   5.53069527918366059E-08   4.88780830676735246E-08   1.28999881345889552E-08   1.93238275955909779E-08   5.03109128735398693E-12   0.00000000000000000E+00
   5.19131218011856062E+14   5.62212338229014046E-08   5.62212329786322596E-08   4.98310461264800179E-08   1.32680954953511779E-08   1.96532108682314768E-08   5.07232354108436904E-12   0.00000000000000000E+00
   5.19131218011856062E+14   5.62212338229014046E-08   5.62212329786322596E-08   4.98310461264800179E-08   1.32680954953511779E-08   1.96532108682314768E-08   5.07232354108436904E-12   0.00000000000000000E+00
   5.15157655079735688E+14   5.72954713664078505E-08   5.72954705030889346E-08   5.09555033723533280E-08   1.37056145901383693E-08   2.00404623508208680E-08   5.12023337202334756E-12   0.00000000000000000E+00
   5.15157655079735688E+14   5.72954713664078505E-08   5.72954705030889346E-08   5.09555033723533280E-08   1.37056145901383693E-08   2.00404623508208680E-08   5.12023337202334756E-12   0.00000000000000000E+00
   5.09824580203142500E+14   5.87809038934005839E-08   5.87809030035981042E-08   5.25187811458359604E-08   1.43194357865618527E-08   2.05763726637644895E-08   5.18587036198603549E-12   0.00000000000000000E+00
   5.09824580203142500E+14   5.87809038934005839E-08   5.87809030035981042E-08   5.25187811458359604E-08   1.43194357865618527E-08   2.05763726637644895E-08   5.18587036198603549E-12   0.00000000000000000E+00
   5.05122788954984000E+14   6.01336193310900867E-08   6.01336184170716166E-08   5.39507768207640725E-08   1.48872325411579836E-08   2.10648300062915282E-08   5.24504519246852114E-12   0.00000000000000000E+00
   5.05122788954984000E+14   6.01336193310900867E-08   6.01336184170716166E-08   5.39507768207640725E-08   1.48872325411579836E-08   2.10648300062915282E-08   5.24504519246852114E-12   0.00000000000000000E+00
   4.99344825701762562E+14   6.18537454012849630E-08   6.18537444567996708E-08   5.57831208637570793E-08   1.56212372853280916E-08   2.16865423759981441E-08   5.31944685783378543E-12   0.00000000000000000E+00
   4.99344825701762562E+14   6.18537454012849630E-08   6.18537444567996708E-08   5.57831208637570793E-08   1.56212372853280916E-08   2.16865423759981441E-08   5.31944685783378543E-12   0.00000000000000000E+00
   4.93036787192980062E+14   6.38079227036723625E-08   6.38079217237100217E-08   5.78800652053525737E-08   1.64711829730945455E-08   2.23936385556119920E-08   5.40191580234317696E-12   0.00000000000000000E+00
   4.93036787192980062E+14   6.38079227036723625E-08   6.38079217237100217E-08   5.78800652053525737E-08   1.64711829730945455E-08   2.23936385556119920E-08   5.40191580234317696E-12   0.00000000000000000E+00
   4.87309067553985562E+14   6.56548028172852934E-08   6.56548018035435302E-08   5.98765890461417546E-08   1.72899430529744030E-08   2.30626779093143459E-08   5.47891480359152338E-12   0.00000000000000000E+00
   4.87309067553985562E+14   6.56548028172852934E-08   6.56548018035435302E-08   5.98765890461417546E-08   1.72899430529744030E-08   2.30626779093143459E-08   5.47891480359152338E-12   0.00000000000000000E+00
   4.82119095237763250E+14   6.73908471885258025E-08   6.73908461428131645E-08   6.17661436338636871E-08   1.80730907176013578E-08   2.36922437801812319E-08   5.55049208224230483E-12   0.00000000000000000E+00
   4.82119095237763250E+14   6.73908471885258025E-08   6.73908461428131645E-08   6.17661436338636871E-08   1.80730907176013578E-08   2.36922437801812319E-08   5.55049208224230483E-12   0.00000000000000000E+00
   4.77384787620331812E+14   6.90287271429595255E-08   6.90287260668917280E-08   6.35601119518884929E-08   1.88238127241193444E-08   2.42868109922036510E-08   5.61692298672785070E-12   0.00000000000000000E+00
   4.77384787620331812E+14   6.90287271429595255E-08   6.90287260668917280E-08   6.35601119518884929E-08   1.88238127241193444E-08   2.42868109922036510E-08   5.61692298672785070E-12   0.00000000000000000E+00
   4.71845829457884312E+14   7.10137093297880492E-08   7.10137082167231893E-08   6.57487105838596738E-08   1.97488561817022561E-08   2.50081588648988859E-08   5.69606273174972334E-12   0.00000000000000000E+00
   4.71845829457884312E+14   7.10137093297880492E-08   7.10137082167231893E-08   6.57487105838596738E-08   1.97488561817022561E-08   2.50081588648988859E-08   5.69606273174972334E-12   0.00000000000000000E+00
   4.66166179076526375E+14   7.31294963612603115E-08   7.31294952084762636E-08   6.80986276732929671E-08   2.07529855596324737E-08   2.57780747869865745E-08   5.77946061324596024E-12   0.00000000000000000E+00
   4.66166179076526375E+14   7.31294963612603115E-08   7.31294952084762636E-08   6.80986276732929671E-08   2.07529855596324737E-08   2.57780747869865745E-08   5.77946061324596024E-12   0.00000000000000000E+00
   4.61694895103461938E+14   7.48555320548838986E-08   7.48555308694426939E-08   7.00286745648886084E-08   2.15857903621658323E-08   2.64068010765020957E-08   5.84677565903465423E-12   0.00000000000000000E+00
   4.61694895103461938E+14   7.48555320548838986E-08   7.48555308694426939E-08   7.00286745648886084E-08   2.15857903621658323E-08   2.64068010765020957E-08   5.84677565903465423E-12   0.00000000000000000E+00
   4.58766420760540375E+14   7.60158732319190236E-08   7.60158720244102019E-08   7.13326124835774256E-08   2.21524657418684316E-08   2.68298315333708915E-08   5.89495683913868109E-12   0.00000000000000000E+00
   4.58766420760540375E+14   7.60158732319190236E-08   7.60158720244102019E-08   7.13326124835774256E-08   2.21524657418684316E-08   2.68298315333708915E-08   5.89495683913868109E-12   0.00000000000000000E+00
   4.55423359510299500E+14   7.73703505124675291E-08   7.73703492791624778E-08   7.28612071314892816E-08   2.28208154745635960E-08   2.73240052228148146E-08   5.95363272703309555E-12   0.00000000000000000E+00
   4.55423359510299500E+14   7.73703505124675291E-08   7.73703492791624778E-08   7.28612071314892816E-08   2.28208154745635960E-08   2.73240052228148146E-08   5.95363272703309555E-12   0.00000000000000000E+00
   4.51333098984567562E+14   7.90153260116909219E-08   7.90153247471328563E-08   7.47084230678761470E-08   2.36446227208882144E-08   2.79454986941644607E-08   6.02697053852026147E-12   0.00000000000000000E+00
   4.51333098984567562E+14   7.90153260116909219E-08   7.90153247471328563E-08   7.47084230678761470E-08   2.36446227208882144E-08   2.79454986941644607E-08   6.02697053852026147E-12   0.00000000000000000E+00
   4.49783178671464188E+14   7.96733061265963264E-08   7.96733048493637494E-08   7.54574942788277653E-08   2.39762357220659261E-08   2.81859923536782754E-08   6.05521615621006322E-12   0.00000000000000000E+00
   4.49783178671464188E+14   7.96733061265963264E-08   7.96733048493637494E-08   7.54574942788277653E-08   2.39762357220659261E-08   2.81859923536782754E-08   6.05521615621006322E-12   0.00000000000000000E+00
   4.46571949944811250E+14   8.10602831213498114E-08   8.10602818173102430E-08   7.70417460297619330E-08   2.46808236342662062E-08   2.86932461721431907E-08   6.11455371089328502E-12   0.00000000000000000E+00
   4.46571949944811250E+14   8.10602831213498114E-08   8.10602818173102430E-08   7.70417460297619330E-08   2.46808236342662062E-08   2.86932461721431907E-08   6.11455371089328502E-12   0.00000000000000000E+00
   4.43098899685484875E+14   8.25973121301186224E-08   8.25973107961671708E-08   7.88056592541414542E-08   2.54703957495202637E-08   2.92558688601514941E-08   6.17976534594044249E-12   0.00000000000000000E+00
   4.43098899685484875E+14   8.25973121301186224E-08   8.25973107961671708E-08   7.88056592541414542E-08   2.54703957495202637E-08   2.92558688601514941E-08   6.17976534594044249E-12   0.00000000000000000E+00
   4.38552159088663750E+14   8.46696489445646057E-08   8.46696475703203923E-08   8.11974951168314841E-08   2.65493733751400379E-08   3.00152607293771373E-08   6.26647349602927260E-12   0.00000000000000000E+00
   4.38552159088663750E+14   8.46696489445646057E-08   8.46696475703203923E-08   8.11974951168314841E-08   2.65493733751400379E-08   3.00152607293771373E-08   6.26647349602927260E-12   0.00000000000000000E+00
   4.32086123652354312E+14   8.77397168570317136E-08   8.77397154223487613E-08   8.47691394240511078E-08   2.81778259788591463E-08   3.11420094701666227E-08   6.39394167312349542E-12   0.00000000000000000E+00
   4.32086123652354312E+14   8.77397168570317136E-08   8.77397154223487613E-08   8.47691394240511078E-08   2.81778259788591463E-08   3.11420094701666227E-08   6.39394167312349542E-12   0.00000000000000000E+00
   4.26242578052572875E+14   9.06452928845353732E-08   9.06452913921350400E-08   8.81799211492325848E-08   2.97514658080375245E-08   3.22103244788661122E-08   6.51306447419746626E-12   0.00000000000000000E+00
   4.26242578052572875E+14   9.06452928845353732E-08   9.06452913921350400E-08   8.81799211492325848E-08   2.97514658080375245E-08   3.22103244788661122E-08   6.51306447419746626E-12   0.00000000000000000E+00
   4.20530717010329250E+14   9.36128604818602495E-08   9.36128589306105156E-08   9.16934748942175113E-08   3.13906470448247483E-08   3.33033997632035013E-08   6.63286926398991522E-12   0.00000000000000000E+00
   4.20530717010329250E+14   9.36128604818602495E-08   9.36128589306105156E-08   9.16934748942175113E-08   3.13906470448247483E-08   3.33033997632035013E-08   6.63286926398991522E-12   0.00000000000000000E+00
   4.14942147927228812E+14   9.66453795516009325E-08   9.66453779390929818E-08   9.53146265421936875E-08   3.30984818713475052E-08   3.44224805304633329E-08   6.75435029142203846E-12   0.00000000000000000E+00
   4.14942147927228812E+14   9.66453795516009325E-08   9.66453779390929818E-08   9.53146265421936875E-08   3.30984818713475052E-08   3.44224805304633329E-08   6.75435029142203846E-12   0.00000000000000000E+00
   4.09626381004669438E+14   9.96549867529595790E-08   9.96549850791358264E-08   9.89384871218311728E-08   3.48255895953831793E-08   3.55352160928593183E-08   6.87313365227374896E-12   0.00000000000000000E+00
   4.09626381004669438E+14   9.96549867529595790E-08   9.96549850791358264E-08   9.89384871218311728E-08   3.48255895953831793E-08   3.55352160928593183E-08   6.87313365227374896E-12   0.00000000000000000E+00
   4.05651810729947438E+14   1.01989039564557793E-07   1.01989037842843909E-07   1.01769158935898410E-07   3.61867306487516052E-08   3.63996468443032195E-08   6.96443310777381857E-12   0.00000000000000000E+00
   4.05651810729947438E+14   1.01989039564557793E-07   1.01989037842843909E-07   1.01769158935898410E-07   3.61867306487516052E-08   3.63996468443032195E-08   6.96443310777381857E-12   0.00000000000000000E+00
   4.02065495516965750E+14   1.04130192931231597E-07   1.04130191165534734E-07   1.04371375344772783E-07   3.74528361519304322E-08   3.72046048427842308E-08   7.04889560501737050E-12   0.00000000000000000E+00
   4.02065495516965750E+14   1.04130192931231597E-07   1.04130191165534734E-07   1.04371375344772783E-07   3.74528361519304322E-08   3.72046048427842308E-08   7.04889560501737050E-12   0.00000000000000000E+00
   3.98777261259003688E+14   1.06175498506977663E-07   1.06175496699022657E-07   1.06879844036107590E-07   3.86757971972711145E-08   3.79643238045555705E-08   7.12786358561855784E-12   0.00000000000000000E+00
   3.98777261259003688E+14   1.06175498506977663E-07   1.06175496699022657E-07   1.06879844036107590E-07   3.86757971972711145E-08   3.79643238045555705E-08   7.12786358561855784E-12   0.00000000000000000E+00
   3.94120571269118562E+14   1.09165721517882753E-07   1.09165719647508486E-07   1.10570207065311481E-07   4.04889635374474848E-08   3.90772375264701049E-08   7.24046354865960234E-12   0.00000000000000000E+00
   3.94120571269118562E+14   1.09165721517882753E-07   1.09165719647508486E-07   1.10570207065311481E-07   4.04889635374474848E-08   3.90772375264701049E-08   7.24046354865960234E-12   0.00000000000000000E+00
   3.88988890525934562E+14   1.12595127627239538E-07   1.12595125684422752E-07   1.14835949114667929E-07   4.26046793827165082E-08   4.03564988087109077E-08   7.35908657720725991E-12   0.00000000000000000E+00
   3.88988890525934562E+14   1.12595127627239538E-07   1.12595125684422752E-07   1.14835949114667929E-07   4.26046793827165082E-08   4.03564988087109077E-08   7.35908657720725991E-12   0.00000000000000000E+00
   3.82703301157894188E+14   1.16999237028615434E-07   1.16999234992358949E-07   1.20365375213220232E-07   4.53773696469419591E-08   4.20037228561112156E-08   7.50860622594873344E-12   0.00000000000000000E+00
   3.82703301157894188E+14   1.16999237028615434E-07   1.16999234992358949E-07   1.20365375213220232E-07   4.53773696469419591E-08   4.20037228561112156E-08   7.50860622594873344E-12   0.00000000000000000E+00
   3.81225022581770188E+14   1.17604875411210842E-07   1.17604873364752573E-07   1.20970293882488325E-07   4.57775948798292070E-08   4.24046318852735464E-08   7.54452327817335899E-12   0.00000000000000000E+00
   3.81225022581770188E+14   1.17604875411210842E-07   1.17604873364752573E-07   1.20970293882488325E-07   4.57775948798292070E-08   4.24046318852735464E-08   7.54452327817335899E-12   0.00000000000000000E+00
   3.79574613596072312E+14   1.18811822743612787E-07   1.18811820671362616E-07   1.22496135545746584E-07   4.65504269149620449E-08   4.28585290725585022E-08   7.58504026974538072E-12   0.00000000000000000E+00
   3.79574613596072312E+14   1.18811822743612787E-07   1.18811820671362616E-07   1.22496135545746584E-07   4.65504269149620449E-08   4.28585290725585022E-08   7.58504026974538072E-12   0.00000000000000000E+00
   3.76191150003397750E+14   1.21338863687494191E-07   1.21338861560991401E-07   1.25704038848860134E-07   4.81832501912257238E-08   4.38104055209450420E-08   7.66950891472780891E-12   0.00000000000000000E+00
   3.76191150003397750E+14   1.21338863687494191E-07   1.21338861560991401E-07   1.25704038848860134E-07   4.81832501912257238E-08   4.38104055209450420E-08   7.66950891472780891E-12   0.00000000000000000E+00
   3.72243278744057938E+14   1.24380328400615963E-07   1.24380326208416504E-07   1.29588393089180636E-07   5.01745352283275760E-08   4.49587007275808234E-08   7.76981218207448484E-12   0.00000000000000000E+00
   3.72243278744057938E+14   1.24380328400615963E-07   1.24380326208416504E-07   1.29588393089180636E-07   5.01745352283275760E-08   4.49587007275808234E-08   7.76981218207448484E-12   0.00000000000000000E+00
   3.67492145807570625E+14   1.28180963487242309E-07   1.28180961212403509E-07   1.34478139936691460E-07   5.27021789871110026E-08   4.63971088806597018E-08   7.89365700215717475E-12   0.00000000000000000E+00
   3.67492145807570625E+14   1.28180963487242309E-07   1.28180961212403509E-07   1.34478139936691460E-07   5.27021789871110026E-08   4.63971088806597018E-08   7.89365700215717475E-12   0.00000000000000000E+00
   3.65174607648248312E+14   1.29515514550408379E-07   1.29515512249848895E-07   1.35999623304767122E-07   5.36142403685359190E-08   4.71221760584294906E-08   7.95555574768162524E-12   0.00000000000000000E+00
   3.65174607648248312E+14   1.29515514550408379E-07   1.29515512249848895E-07   1.35999623304767122E-07   5.36142403685359190E-08   4.71221760584294906E-08   7.95555574768162524E-12   0.00000000000000000E+00
   3.64509241041447625E+14   1.30270520809058840E-07   1.30270518490745704E-07   1.37048854542593502E-07   5.41195827178587585E-08   4.73332754725583936E-08   7.97351176570816369E-12   0.00000000000000000E+00
   3.64509241041447625E+14   1.30270520809058840E-07   1.30270518490745704E-07   1.37048854542593502E-07   5.41195827178587585E-08   4.73332754725583936E-08   7.97351176570816369E-12   0.00000000000000000E+00
   3.63340517470916312E+14   1.31609018689213858E-07   1.31609016339354965E-07   1.38913167134784771E-07   5.50194505478171316E-08   4.77072968625801245E-08   8.00523966610091727E-12   0.00000000000000000E+00
   3.63340517470916312E+14   1.31609018689213858E-07   1.31609016339354965E-07   1.38913167134784771E-07   5.50194505478171316E-08   4.77072968625801245E-08   8.00523966610091727E-12   0.00000000000000000E+00
   3.62124411225507812E+14   1.32883442344973227E-07   1.32883439965598042E-07   1.40657993708690671E-07   5.58834892637148393E-08   4.81008997490733347E-08   8.03815092405491400E-12   0.00000000000000000E+00
   3.62124411225507812E+14   1.32883442344973227E-07   1.32883439965598042E-07   1.40657993708690671E-07   5.58834892637148393E-08   4.81008997490733347E-08   8.03815092405491400E-12   0.00000000000000000E+00
   3.61437518760359875E+14   1.33686783253560853E-07   1.33686780855158290E-07   1.41782436940805224E-07   5.64289462522883907E-08   4.83252356995254249E-08   8.05686551858213183E-12   0.00000000000000000E+00
   3.61437518760359875E+14   1.33686783253560853E-07   1.33686780855158290E-07   1.41782436940805224E-07   5.64289462522883907E-08   4.83252356995254249E-08   8.05686551858213183E-12   0.00000000000000000E+00
   3.59754519704428625E+14   1.35677679184402943E-07   1.35677676738821413E-07   1.44576973094188336E-07   5.77885442461508474E-08   4.88811472300859287E-08   8.10310627950918171E-12   0.00000000000000000E+00
   3.59754519704428625E+14   1.35677679184402943E-07   1.35677676738821413E-07   1.44576973094188336E-07   5.77885442461508474E-08   4.88811472300859287E-08   8.10310627950918171E-12   0.00000000000000000E+00
   3.56848884707984688E+14   1.39164765780199543E-07   1.39164763251464471E-07   1.49491357583706626E-07   6.01970659196249187E-08   4.98622898610716014E-08   8.18425504622848138E-12   0.00000000000000000E+00
   3.56848884707984688E+14   1.39164765780199543E-07   1.39164763251464471E-07   1.49491357583706626E-07   6.01970659196249187E-08   4.98622898610716014E-08   8.18425504622848138E-12   0.00000000000000000E+00
   3.52880071487308438E+14   1.43583675507735672E-07   1.43583672875036199E-07   1.55636237522079389E-07   6.33087207270760798E-08   5.12478608474224022E-08   8.29786530995139331E-12   0.00000000000000000E+00
   3.52880071487308438E+14   1.43583675507735672E-07   1.43583672875036199E-07   1.55636237522079389E-07   6.33087207270760798E-08   5.12478608474224022E-08   8.29786530995139331E-12   0.00000000000000000E+00
   3.48962971759014938E+14   1.45247453678834735E-07   1.45247451020996278E-07   1.57125661187293928E-07   6.45559477537660490E-08   5.26693282667228586E-08   8.41197858398852647E-12   0.00000000000000000E+00
   3.48962971759014938E+14   1.45247453678834735E-07   1.45247451020996278E-07   1.57125661187293928E-07   6.45559477537660490E-08   5.26693282667228586E-08   8.41197858398852647E-12   0.00000000000000000E+00
   3.45808725847555312E+14   1.41268696034552593E-07   1.41268693510969255E-07   1.49199633880343264E-07   6.17943446524341498E-08   5.38549005630405573E-08   8.50624360291669657E-12   0.00000000000000000E+00
   3.45808725847555312E+14   1.41268696034552593E-07   1.41268693510969255E-07   1.49199633880343264E-07   6.17943446524341498E-08   5.38549005630405573E-08   8.50624360291669657E-12   0.00000000000000000E+00
   3.43368531040755812E+14   1.34513606760970201E-07   1.34513604450419354E-07   1.36661225190582920E-07   5.69544471723343607E-08   5.47982480411977156E-08   8.58070152392571337E-12   0.00000000000000000E+00
   3.43368531040755812E+14   1.34513606760970201E-07   1.34513604450419354E-07   1.36661225190582920E-07   5.69544471723343607E-08   5.47982480411977156E-08   8.58070152392571337E-12   0.00000000000000000E+00
   3.40699435811391938E+14   1.26020885268787477E-07   1.26020883225615524E-07   1.20873834096446885E-07   5.07188484972476049E-08   5.58572366272983576E-08   8.66304228984162181E-12   0.00000000000000000E+00
   3.40699435811391938E+14   1.26020885268787477E-07   1.26020883225615524E-07   1.20873834096446885E-07   5.07188484972476049E-08   5.58572366272983576E-08   8.66304228984162181E-12   0.00000000000000000E+00
   3.37404742295678000E+14   1.17391107414914695E-07   1.17391105652136204E-07   1.04318629528292358E-07   4.41414168449219938E-08   5.72051280462812610E-08   8.76668526306948777E-12   0.00000000000000000E+00
   3.37404742295678000E+14   1.17391107414914695E-07   1.17391105652136204E-07   1.04318629528292358E-07   4.41414168449219938E-08   5.72051280462812610E-08   8.76668526306948777E-12   0.00000000000000000E+00
   3.34411158565090125E+14   1.12535548470247120E-07   1.12535546878244963E-07   9.42371613662958383E-08   4.01809836955493753E-08   5.84705076439507163E-08   8.86315554994110521E-12   0.00000000000000000E+00
   3.34411158565090125E+14   1.12535548470247120E-07   1.12535546878244963E-07   9.42371613662958383E-08   4.01809836955493753E-08   5.84705076439507163E-08   8.86315554994110521E-12   0.00000000000000000E+00
   3.31082129533156375E+14   1.09921855886882936E-07   1.09921854405668745E-07   8.76998155138275120E-08   3.77122434102637516E-08   5.99253113662601355E-08   8.97241705904250113E-12   0.00000000000000000E+00
   3.31082129533156375E+14   1.09921855886882936E-07   1.09921854405668745E-07   8.76998155138275120E-08   3.77122434102637516E-08   5.99253113662601355E-08   8.97241705904250113E-12   0.00000000000000000E+00
   3.28206054965679500E+14   1.09265885548399809E-07   1.09265884117436271E-07   8.47400145586335954E-08   3.67076101105781610E-08   6.12244115053728524E-08   9.06959497150426079E-12   0.00000000000000000E+00
   3.28206054965679500E+14   1.09265885548399809E-07   1.09265884117436271E-07   8.47400145586335954E-08   3.67076101105781610E-08   6.12244115053728524E-08   9.06959497150426079E-12   0.00000000000000000E+00
   3.25169031603281375E+14   1.09605192396997304E-07   1.09605190990004256E-07   8.33347157584429193E-08   3.63794053724159465E-08   6.26407047886244105E-08   9.17722234590761933E-12   0.00000000000000000E+00
   3.25169031603281375E+14   1.09605192396997304E-07   1.09605190990004256E-07   8.33347157584429193E-08   3.63794053724159465E-08   6.26407047886244105E-08   9.17722234590761933E-12   0.00000000000000000E+00
   3.23442909095281750E+14   1.10126224130893598E-07   1.10126222728336037E-07   8.30769541311162155E-08   3.64268036325848507E-08   6.34668343026915798E-08   9.23932967064846471E-12   0.00000000000000000E+00
   3.23442909095281750E+14   1.10126224130893598E-07   1.10126222728336037E-07   8.30769541311162155E-08   3.64268036325848507E-08   6.34668343026915798E-08   9.23932967064846471E-12   0.00000000000000000E+00
   3.20871049913144312E+14   1.11222058643744233E-07   1.11222057239020254E-07   8.32110134972741942E-08   3.67255597691598706E-08   6.47272720401099633E-08   9.33287551995238068E-12   0.00000000000000000E+00
   3.20871049913144312E+14   1.11222058643744233E-07   1.11222057239020254E-07   8.32110134972741942E-08   3.67255597691598706E-08   6.47272720401099633E-08   9.33287551995238068E-12   0.00000000000000000E+00
   3.18763055598371375E+14   1.12342185184016581E-07   1.12342183771539696E-07   8.36740513801662258E-08   3.71288940216348167E-08   6.57876167576092470E-08   9.41106787593813246E-12   0.00000000000000000E+00
   3.18763055598371375E+14   1.12342185184016581E-07   1.12342183771539696E-07   8.36740513801662258E-08   3.71288940216348167E-08   6.57876167576092470E-08   9.41106787593813246E-12   0.00000000000000000E+00
   3.16698255298880250E+14   1.13592324635804556E-07   1.13592323211716569E-07   8.43650035884798581E-08   3.76330425051089443E-08   6.68508745339775907E-08   9.48901845604953028E-12   0.00000000000000000E+00
   3.16698255298880250E+14   1.13592324635804556E-07   1.13592323211716569E-07   8.43650035884798581E-08   3.76330425051089443E-08   6.68508745339775907E-08   9.48901845604953028E-12   0.00000000000000000E+00
   3.13895899986263688E+14   1.15485902052238197E-07   1.15485900607349080E-07   8.55992465383391251E-08   3.84573382357775899E-08   6.83343973292376625E-08   9.59642043900308236E-12   0.00000000000000000E+00
   3.13895899986263688E+14   1.15485902052238197E-07   1.15485900607349080E-07   8.55992465383391251E-08   3.84573382357775899E-08   6.83343973292376625E-08   9.59642043900308236E-12   0.00000000000000000E+00
   3.11378874090348562E+14   1.17347493504227226E-07   1.17347492036704886E-07   8.69413214909200838E-08   3.93117093774506312E-08   6.97081866401972599E-08   9.69475056052853576E-12   0.00000000000000000E+00
   3.11378874090348562E+14   1.17347493504227226E-07   1.17347492036704886E-07   8.69413214909200838E-08   3.93117093774506312E-08   6.97081866401972599E-08   9.69475056052853576E-12   0.00000000000000000E+00
   3.09296432636650562E+14   1.18987099046086593E-07   1.18987097557802456E-07   8.81906113905215662E-08   4.00888280420390266E-08   7.08755379546154822E-08   9.77774298856284510E-12   0.00000000000000000E+00
   3.09296432636650562E+14   1.18987099046086593E-07   1.18987097557802456E-07   8.81906113905215662E-08   4.00888280420390266E-08   7.08755379546154822E-08   9.77774298856284510E-12   0.00000000000000000E+00
   3.07157855952821188E+14   1.20755114081871996E-07   1.20755112570046908E-07   8.95870111037046594E-08   4.09461914639547393E-08   7.21044300030324770E-08   9.86443908960221591E-12   0.00000000000000000E+00
   3.07157855952821188E+14   1.20755114081871996E-07   1.20755112570046908E-07   8.95870111037046594E-08   4.09461914639547393E-08   7.21044300030324770E-08   9.86443908960221591E-12   0.00000000000000000E+00
   3.04764901405715125E+14   1.22826767146282981E-07   1.22826765606065586E-07   9.12708828617540417E-08   4.19710445872587882E-08   7.35169662295898602E-08   9.96264219787314144E-12   0.00000000000000000E+00
   3.04764901405715125E+14   1.22826767146282981E-07   1.22826765606065586E-07   9.12708828617540417E-08   4.19710445872587882E-08   7.35169662295898602E-08   9.96264219787314144E-12   0.00000000000000000E+00
   3.03123796841658312E+14   1.24301671164057492E-07   1.24301669603212198E-07   9.24941185117778614E-08   4.27118506116217694E-08   7.45093720526451443E-08   1.00312112562892363E-11   0.00000000000000000E+00
   3.03123796841658312E+14   1.24301671164057492E-07   1.24301669603212198E-07   9.24941185117778614E-08   4.27118506116217694E-08   7.45093720526451443E-08   1.00312112562892363E-11   0.00000000000000000E+00
   3.01823298231429750E+14   1.25500590754994746E-07   1.25500589177176050E-07   9.35005764758252002E-08   4.33199797018906986E-08   7.53099077115508322E-08   1.00862695094217060E-11   0.00000000000000000E+00
   3.01823298231429750E+14   1.25500590754994746E-07   1.25500589177176050E-07   9.35005764758252002E-08   4.33199797018906986E-08   7.53099077115508322E-08   1.00862695094217060E-11   0.00000000000000000E+00
   3.00437968948636688E+14   1.26806411279840931E-07   1.26806409683355244E-07   9.46073806679728127E-08   4.39878331614739601E-08   7.61767181411993771E-08   1.01456321426921750E-11   0.00000000000000000E+00
   3.00437968948636688E+14   1.26806411279840931E-07   1.26806409683355244E-07   9.46073806679728127E-08   4.39878331614739601E-08   7.61767181411993771E-08   1.01456321426921750E-11   0.00000000000000000E+00
   2.98858288171989062E+14   1.28209794495666715E-07   1.28209792877222996E-07   9.59116572432015742E-08   4.47741853078858393E-08   7.70621087179144742E-08   1.02138424365164691E-11   0.00000000000000000E+00
   2.98858288171989062E+14   1.28209794495666715E-07   1.28209792877222996E-07   9.59116572432015742E-08   4.47741853078858393E-08   7.70621087179144742E-08   1.02138424365164691E-11   0.00000000000000000E+00
   2.97667356486157438E+14   1.29344292491453039E-07   1.29344290855931151E-07   9.69241210385683123E-08   4.53843960013665075E-08   7.77943017397338525E-08   1.02657145173984841E-11   0.00000000000000000E+00
   2.97667356486157438E+14   1.29344292491453039E-07   1.29344290855931151E-07   9.69241210385683123E-08   4.53843960013665075E-08   7.77943017397338525E-08   1.02657145173984841E-11   0.00000000000000000E+00
   2.96197059225097062E+14   1.30771568988703836E-07   1.30771567331526729E-07   9.82078860253999357E-08   4.61581833336176948E-08   7.87115357550883854E-08   1.03305418332132637E-11   0.00000000000000000E+00
   2.96197059225097062E+14   1.30771568988703836E-07   1.30771567331526729E-07   9.82078860253999357E-08   4.61581833336176948E-08   7.87115357550883854E-08   1.03305418332132637E-11   0.00000000000000000E+00
   2.94655559491238750E+14   1.32299369255175161E-07   1.32299367574626642E-07   9.95933482168671580E-08   4.69936477703784446E-08   7.96892687240645280E-08   1.04000846219086973E-11   0.00000000000000000E+00
   2.94655559491238750E+14   1.32299369255175161E-07   1.32299367574626642E-07   9.95933482168671580E-08   4.69936477703784446E-08   7.96892687240645280E-08   1.04000846219086973E-11   0.00000000000000000E+00
   2.92606119670558750E+14   1.34380163178341647E-07   1.34380161465675227E-07   1.01497237493027556E-07   4.81428535083628036E-08   8.10152850076278785E-08   1.04941860490246752E-11   0.00000000000000000E+00
   2.92606119670558750E+14   1.34380163178341647E-07   1.34380161465675227E-07   1.01497237493027556E-07   4.81428535083628036E-08   8.10152850076278785E-08   1.04941860490246752E-11   0.00000000000000000E+00
   2.90416226648227125E+14   1.36666161931260622E-07   1.36666160182963549E-07   1.03609273645304768E-07   4.94197452349402216E-08   8.24660376622558008E-08   1.05958586402754883E-11   0.00000000000000000E+00
   2.90416226648227125E+14   1.36666161931260622E-07   1.36666160182963549E-07   1.03609273645304768E-07   4.94197452349402216E-08   8.24660376622558008E-08   1.05958586402754883E-11   0.00000000000000000E+00
   2.88846625577155625E+14   1.38344622427945441E-07   1.38344620653279121E-07   1.05172394812360193E-07   5.03664364296117781E-08   8.35279940382896049E-08   1.06700069074345664E-11   0.00000000000000000E+00
   2.88846625577155625E+14   1.38344622427945441E-07   1.38344620653279121E-07   1.05172394812360193E-07   5.03664364296117781E-08   8.35279940382896049E-08   1.06700069074345664E-11   0.00000000000000000E+00
   2.86941748636741562E+14   1.40426815694034823E-07   1.40426813886426968E-07   1.07124963545467870E-07   5.15512138034822863E-08   8.48423044492022090E-08   1.07615028470400733E-11   0.00000000000000000E+00
   2.86941748636741562E+14   1.40426815694034823E-07   1.40426813886426968E-07   1.07124963545467870E-07   5.15512138034822863E-08   8.48423044492022090E-08   1.07615028470400733E-11   0.00000000000000000E+00
   2.85166593366404500E+14   1.42412344911994970E-07   1.42412343072754193E-07   1.08999929471932722E-07   5.26913792841791735E-08   8.60929465510560291E-08   1.08481731853841423E-11   0.00000000000000000E+00
   2.85166593366404500E+14   1.42412344911994970E-07   1.42412343072754193E-07   1.08999929471932722E-07   5.26913792841791735E-08   8.60929465510560291E-08   1.08481731853841423E-11   0.00000000000000000E+00
   2.83441838744271375E+14   1.44383750479977543E-07   1.44383748609128276E-07   1.10873411356374486E-07   5.38331889741636492E-08   8.73325947424476864E-08   1.09333553190046372E-11   0.00000000000000000E+00
   2.83441838744271375E+14   1.44383750479977543E-07   1.44383748609128276E-07   1.10873411356374486E-07   5.38331889741636492E-08   8.73325947424476864E-08   1.09333553190046372E-11   0.00000000000000000E+00
   2.81340510635948656E+14   1.46842766233145142E-07   1.46842764322306549E-07   1.13225952578881767E-07   5.52706922194479925E-08   8.88764667760722898E-08   1.10390976390666521E-11   0.00000000000000000E+00
   2.81340510635948656E+14   1.46842766233145142E-07   1.46842764322306549E-07   1.13225952578881767E-07   5.52706922194479925E-08   8.88764667760722898E-08   1.10390976390666521E-11   0.00000000000000000E+00
   2.79704341991877531E+14   1.48801420124909432E-07   1.48801418182318645E-07   1.15111380374959310E-07   5.64258958169642518E-08   9.01048126065555205E-08   1.11229603588387357E-11   0.00000000000000000E+00
   2.79704341991877531E+14   1.48801420124909432E-07   1.48801418182318645E-07   1.15111380374959310E-07   5.64258958169642518E-08   9.01048126065555205E-08   1.11229603588387357E-11   0.00000000000000000E+00
   2.78436845035140062E+14   1.50346051810052536E-07   1.50346049842289120E-07   1.16605612855846855E-07   5.73433166015311884E-08   9.10725668930515441E-08   1.11886626853193447E-11   0.00000000000000000E+00
   2.78436845035140062E+14   1.50346051810052536E-07   1.50346049842289120E-07   1.16605612855846855E-07   5.73433166015311884E-08   9.10725668930515441E-08   1.11886626853193447E-11   0.00000000000000000E+00
   2.76896456857734719E+14   1.52255609255935129E-07   1.52255607256897722E-07   1.18461281203781785E-07   5.84850716322479011E-08   9.22681305150610925E-08   1.12691693401319281E-11   0.00000000000000000E+00
   2.76896456857734719E+14   1.52255609255935129E-07   1.52255607256897722E-07   1.18461281203781785E-07   5.84850716322479011E-08   9.22681305150610925E-08   1.12691693401319281E-11   0.00000000000000000E+00
   2.75002363320423438E+14   1.54653206478694643E-07   1.54653204440162525E-07   1.20803986153440207E-07   5.99303308393025281E-08   9.37681812766184524E-08   1.13698879385102191E-11   0.00000000000000000E+00
   2.75002363320423438E+14   1.54653206478694643E-07   1.54653204440162525E-07   1.20803986153440207E-07   5.99303308393025281E-08   9.37681812766184524E-08   1.13698879385102191E-11   0.00000000000000000E+00
   2.73622987495169594E+14   1.56065913107312316E-07   1.56065911051627357E-07   1.21819598893298429E-07   6.06470358621915233E-08   9.48819056159994583E-08   1.14444602059601812E-11   0.00000000000000000E+00
   2.73622987495169594E+14   1.56065913107312316E-07   1.56065911051627357E-07   1.21819598893298429E-07   6.06470358621915233E-08   9.48819056159994583E-08   1.14444602059601812E-11   0.00000000000000000E+00
   2.71947830195415656E+14   1.58287651768910647E-07   1.58287649676856767E-07   1.24027190709291497E-07   6.20102900337380143E-08   9.62592148640351193E-08   1.15362293220543081E-11   0.00000000000000000E+00
   2.71947830195415656E+14   1.58287651768910647E-07   1.58287649676856767E-07   1.24027190709291497E-07   6.20102900337380143E-08   9.62592148640351193E-08   1.15362293220543081E-11   0.00000000000000000E+00
   2.69517021002647125E+14   1.61590316834819885E-07   1.61590314687169965E-07   1.27326823040196934E-07   6.40556918462260479E-08   9.83075139779439832E-08   1.16716629050124678E-11   0.00000000000000000E+00
   2.69517021002647125E+14   1.61590316834819885E-07   1.61590314687169965E-07   1.27326823040196934E-07   6.40556918462260479E-08   9.83075139779439832E-08   1.16716629050124678E-11   0.00000000000000000E+00
   2.66387714201920344E+14   1.65984140740376323E-07   1.65984138518142664E-07   1.31749325430895678E-07   6.68113804754495762E-08   1.01034344714734719E-07   1.18510701955392060E-11   0.00000000000000000E+00
   2.66387714201920344E+14   1.65984140740376323E-07   1.65984138518142664E-07   1.31749325430895678E-07   6.68113804754495762E-08   1.01034344714734719E-07   1.18510701955392060E-11   0.00000000000000000E+00
   2.64380664355244094E+14   1.68890059399433634E-07   1.68890057127520645E-07   1.34694789675316345E-07   6.86553991806939187E-08   1.02838700519379807E-07   1.19683854314192037E-11   0.00000000000000000E+00
   2.64380664355244094E+14   1.68890059399433634E-07   1.68890057127520645E-07   1.34694789675316345E-07   6.86553991806939187E-08   1.02838700519379807E-07   1.19683854314192037E-11   0.00000000000000000E+00
   2.62651264728725094E+14   1.71450926674223390E-07   1.71450924358303467E-07   1.37303828831197462E-07   7.02944500199472274E-08   1.04429477331797494E-07   1.20705311757007728E-11   0.00000000000000000E+00
   2.62651264728725094E+14   1.71450926674223390E-07   1.71450924358303467E-07   1.37303828831197462E-07   7.02944500199472274E-08   1.04429477331797494E-07   1.20705311757007728E-11   0.00000000000000000E+00
   2.61205602550539156E+14   1.73633178877533480E-07   1.73633176523948648E-07   1.39536878851645619E-07   7.17014235968998965E-08   1.05785568176712288E-07   1.21554460754668146E-11   0.00000000000000000E+00
   2.61205602550539156E+14   1.73633178877533480E-07   1.73633176523948648E-07   1.39536878851645619E-07   7.17014235968998965E-08   1.05785568176712288E-07   1.21554460754668146E-11   0.00000000000000000E+00
   2.59315352547598844E+14   1.76545196238623495E-07   1.76545193834269440E-07   1.42530581361165514E-07   7.35934876866243978E-08   1.07595834654879393E-07   1.22679092030087918E-11   0.00000000000000000E+00
   2.59315352547598844E+14   1.76545196238623495E-07   1.76545193834269440E-07   1.42530581361165514E-07   7.35934876866243978E-08   1.07595834654879393E-07   1.22679092030087918E-11   0.00000000000000000E+00
   2.57524744856887656E+14   1.79366669379626996E-07   1.79366666926080709E-07   1.45446195082831812E-07   7.54424773458905276E-08   1.09350575293651226E-07   1.23763490344670580E-11   0.00000000000000000E+00
   2.57524744856887656E+14   1.79366669379626996E-07   1.79366666926080709E-07   1.45446195082831812E-07   7.54424773458905276E-08   1.09350575293651226E-07   1.23763490344670580E-11   0.00000000000000000E+00
   2.56192486157435312E+14   1.81506731144181540E-07   1.81506728653224905E-07   1.47667418422612745E-07   7.68551727798352668E-08   1.10682027119638179E-07   1.24583817658912344E-11   0.00000000000000000E+00
   2.56192486157435312E+14   1.81506731144181540E-07   1.81506728653224905E-07   1.47667418422612745E-07   7.68551727798352668E-08   1.10682027119638179E-07   1.24583817658912344E-11   0.00000000000000000E+00
   2.54009654632287344E+14   1.85090533623175612E-07   1.85090531069182705E-07   1.51405811072700655E-07   7.92405378430448408E-08   1.12912665494435170E-07   1.25948990846153755E-11   0.00000000000000000E+00
   2.54009654632287344E+14   1.85090533623175612E-07   1.85090531069182705E-07   1.51405811072700655E-07   7.92405378430448408E-08   1.12912665494435170E-07   1.25948990846153755E-11   0.00000000000000000E+00
   2.51752445347900906E+14   1.88900780207380163E-07   1.88900777585931802E-07   1.55405801000019457E-07   8.18033114601056082E-08   1.15285551599222715E-07   1.27390682435912174E-11   0.00000000000000000E+00
   2.51752445347900906E+14   1.88900780207380163E-07   1.88900777585931802E-07   1.55405801000019457E-07   8.18033114601056082E-08   1.15285551599222715E-07   1.27390682435912174E-11   0.00000000000000000E+00
   2.50064409888697469E+14   1.91821906172478499E-07   1.91821903499211891E-07   1.58489917036642303E-07   8.37864894757985834E-08   1.17105629385927210E-07   1.28492257075738306E-11   0.00000000000000000E+00
   2.50064409888697469E+14   1.91821906172478499E-07   1.91821903499211891E-07   1.58489917036642303E-07   8.37864894757985834E-08   1.17105629385927210E-07   1.28492257075738306E-11   0.00000000000000000E+00
   2.47756692701333594E+14   1.95918052942636786E-07   1.95918050195790359E-07   1.62839941980195783E-07   8.65940389865472079E-08   1.19659147432484015E-07   1.30025165042133469E-11   0.00000000000000000E+00
   2.47756692701333594E+14   1.95918052942636786E-07   1.95918050195790359E-07   1.62839941980195783E-07   8.65940389865472079E-08   1.19659147432484015E-07   1.30025165042133469E-11   0.00000000000000000E+00
   2.46173707622648625E+14   1.98798525234250194E-07   1.98798522435463415E-07   1.65916469486450038E-07   8.85867890319656338E-08   1.21455734873558618E-07   1.31099062071537823E-11   0.00000000000000000E+00
   2.46173707622648625E+14   1.98798525234250194E-07   1.98798522435463415E-07   1.65916469486450038E-07   8.85867890319656338E-08   1.21455734873558618E-07   1.31099062071537823E-11   0.00000000000000000E+00
   2.44459050098110469E+14   2.01985553790050618E-07   2.01985550933824233E-07   1.69337106434801007E-07   9.08091825393075728E-08   1.23444401603942990E-07   1.32282906142051172E-11   0.00000000000000000E+00
   2.44459050098110469E+14   2.01985553790050618E-07   2.01985550933824233E-07   1.69337106434801007E-07   9.08091825393075728E-08   1.23444401603942990E-07   1.32282906142051172E-11   0.00000000000000000E+00
   2.42707984673225938E+14   2.05314169763760436E-07   2.05314166846962115E-07   1.72928248415438795E-07   9.31498260176099881E-08   1.25522396341469591E-07   1.33510244620666033E-11   0.00000000000000000E+00
   2.42707984673225938E+14   2.05314169763760436E-07   2.05314166846962115E-07   1.72928248415438795E-07   9.31498260176099881E-08   1.25522396341469591E-07   1.33510244620666033E-11   0.00000000000000000E+00
   2.40602472895852000E+14   2.09418600345451703E-07   2.09418597353527966E-07   1.77382195993362639E-07   9.60631862997174247E-08   1.28086088784150572E-07   1.35018676559041026E-11   0.00000000000000000E+00
   2.40602472895852000E+14   2.09418600345451703E-07   2.09418597353527966E-07   1.77382195993362639E-07   9.60631862997174247E-08   1.28086088784150572E-07   1.35018676559041026E-11   0.00000000000000000E+00
   2.39208626225667938E+14   2.12169030700524492E-07   2.12169027658309259E-07   1.80349886298820525E-07   9.80180045327322791E-08   1.29823545400560454E-07   1.36035338758276707E-11   0.00000000000000000E+00
   2.39208626225667938E+14   2.12169030700524492E-07   2.12169027658309259E-07   1.80349886298820525E-07   9.80180045327322791E-08   1.29823545400560454E-07   1.36035338758276707E-11   0.00000000000000000E+00
   2.38071712692913719E+14   2.14474955104089009E-07   2.14474952019362516E-07   1.82874877696358682E-07   9.96787595396386702E-08   1.31265149478806115E-07   1.36874685628591390E-11   0.00000000000000000E+00
   2.38071712692913719E+14   2.14474955104089009E-07   2.14474952019362516E-07   1.82874877696358682E-07   9.96787595396386702E-08   1.31265149478806115E-07   1.36874685628591390E-11   0.00000000000000000E+00
   2.36386546093354781E+14   2.17957605497537672E-07   2.17957602348163295E-07   1.86704974484346901E-07   1.02204492818458904E-07   1.33443309901900852E-07   1.38139297488269357E-11   0.00000000000000000E+00
   2.36386546093354781E+14   2.17957605497537672E-07   2.17957602348163295E-07   1.86704974484346901E-07   1.02204492818458904E-07   1.33443309901900852E-07   1.38139297488269357E-11   0.00000000000000000E+00
   2.34695778715847125E+14   2.21531580651099602E-07   2.21531577435188696E-07   1.90656074710582332E-07   1.04818144583822209E-07   1.35679707341425776E-07   1.39431829137166381E-11   0.00000000000000000E+00
   2.34695778715847125E+14   2.21531580651099602E-07   2.21531577435188696E-07   1.90656074710582332E-07   1.04818144583822209E-07   1.35679707341425776E-07   1.39431829137166381E-11   0.00000000000000000E+00
   2.32677121372899094E+14   2.25906593485252965E-07   2.25906590187304985E-07   1.95520790324639618E-07   1.08047188194488805E-07   1.38418890963584643E-07   1.41003915175395602E-11   0.00000000000000000E+00
   2.32677121372899094E+14   2.25906593485252965E-07   2.25906590187304985E-07   1.95520790324639618E-07   1.08047188194488805E-07   1.38418890963584643E-07   1.41003915175395602E-11   0.00000000000000000E+00
   2.29726855336160750E+14   2.32520373921800225E-07   2.32520370498821924E-07   2.02932687298628517E-07   1.12989620767983074E-07   1.42562968675735112E-07   1.43387154196574035E-11   0.00000000000000000E+00
   2.29726855336160750E+14   2.32520373921800225E-07   2.32520370498821924E-07   2.02932687298628517E-07   1.12989620767983074E-07   1.42562968675735112E-07   1.43387154196574035E-11   0.00000000000000000E+00
   2.26715076772821812E+14   2.39554130511732729E-07   2.39554126954602514E-07   2.10890338936767445E-07   1.18325226505626029E-07   1.46974418898873756E-07   1.45991817175922634E-11   0.00000000000000000E+00
   2.26715076772821812E+14   2.39554130511732729E-07   2.39554126954602514E-07   2.10890338936767445E-07   1.18325226505626029E-07   1.46974418898873756E-07   1.45991817175922634E-11   0.00000000000000000E+00
   2.23751482215431156E+14   2.46768712230203403E-07   2.46768708533937016E-07   2.19131474948119160E-07   1.23881425996131263E-07   1.51503798543511224E-07   1.48647347042610211E-11   0.00000000000000000E+00
   2.23751482215431156E+14   2.46768712230203403E-07   2.46768708533937016E-07   2.19131474948119160E-07   1.23881425996131263E-07   1.51503798543511224E-07   1.48647347042610211E-11   0.00000000000000000E+00
   2.21424715828439656E+14   2.52647346939232944E-07   2.52647343128822196E-07   2.25904593720731907E-07   1.28470166082303761E-07   1.55197839182966749E-07   1.50801178380648724E-11   0.00000000000000000E+00
   2.21424715828439656E+14   2.52647346939232944E-07   2.52647343128822196E-07   2.25904593720731907E-07   1.28470166082303761E-07   1.55197839182966749E-07   1.50801178380648724E-11   0.00000000000000000E+00
   2.18985393055347312E+14   2.59005083213960832E-07   2.59005079279389931E-07   2.33266889225718466E-07   1.33484461300115351E-07   1.59207342736411424E-07   1.53125519462995895E-11   0.00000000000000000E+00
   2.18985393055347312E+14   2.59005083213960832E-07   2.59005079279389931E-07   2.33266889225718466E-07   1.33484461300115351E-07   1.59207342736411424E-07   1.53125519462995895E-11   0.00000000000000000E+00
   2.16618963161286312E+14   2.65406455173361860E-07   2.65406451112428519E-07   2.40759468689519464E-07   1.38605572005649842E-07   1.63237013400199922E-07   1.55450892923466951E-11   0.00000000000000000E+00
   2.16618963161286312E+14   2.65406455173361860E-07   2.65406451112428519E-07   2.40759468689519464E-07   1.38605572005649842E-07   1.63237013400199922E-07   1.55450892923466951E-11   0.00000000000000000E+00
   2.14417535354760500E+14   2.71561744636862478E-07   2.71561740453482901E-07   2.48019435824106500E-07   1.43588634285664322E-07   1.67115175178317188E-07   1.57679201031270810E-11   0.00000000000000000E+00
   2.14417535354760500E+14   2.71561744636862478E-07   2.71561740453482901E-07   2.48019435824106500E-07   1.43588634285664322E-07   1.67115175178317188E-07   1.57679201031270810E-11   0.00000000000000000E+00
   2.12260883191158406E+14   2.77491753509917260E-07   2.77491749213716283E-07   2.54709675983394844E-07   1.48274770844035068E-07   1.71040855886207777E-07   1.59924843496842519E-11   0.00000000000000000E+00
   2.12260883191158406E+14   2.77491753509917260E-07   2.77491749213716283E-07   2.54709675983394844E-07   1.48274770844035068E-07   1.71040855886207777E-07   1.59924843496842519E-11   0.00000000000000000E+00
   2.09303669982505219E+14   2.86349583436759082E-07   2.86349578962599500E-07   2.65310705031981371E-07   1.55614586035972260E-07   1.76637153244308172E-07   1.63111964418103115E-11   0.00000000000000000E+00
   2.09303669982505219E+14   2.86349583436759082E-07   2.86349578962599500E-07   2.65310705031981371E-07   1.55614586035972260E-07   1.76637153244308172E-07   1.63111964418103115E-11   0.00000000000000000E+00
   2.06732188858307406E+14   2.94377314689612526E-07   2.94377310051876218E-07   2.75011201568381224E-07   1.62365070852844547E-07   1.81714584938243450E-07   1.65990358323924723E-11   0.00000000000000000E+00
   2.06732188858307406E+14   2.94377314689612526E-07   2.94377310051876218E-07   2.75011201568381224E-07   1.62365070852844547E-07   1.81714584938243450E-07   1.65990358323924723E-11   0.00000000000000000E+00
   2.04009627574224844E+14   3.02909885658476171E-07   3.02909880851862562E-07   2.85026171073315081E-07   1.69449739621098084E-07   1.87316538899828803E-07   1.69153064303940824E-11   0.00000000000000000E+00
   2.04009627574224844E+14   3.02909885658476171E-07   3.02909880851862562E-07   2.85026171073315081E-07   1.69449739621098084E-07   1.87316538899828803E-07   1.69153064303940824E-11   0.00000000000000000E+00
   2.01855717325868969E+14   3.11221598094727430E-07   3.11221593093571636E-07   2.96559749336840697E-07   1.77277168411266823E-07   1.91921842670358126E-07   1.71744987954764914E-11   0.00000000000000000E+00
   2.01855717325868969E+14   3.11221598094727430E-07   3.11221593093571636E-07   2.96559749336840697E-07   1.77277168411266823E-07   1.91921842670358126E-07   1.71744987954764914E-11   0.00000000000000000E+00
   1.99530191855028219E+14   3.20530006903323522E-07   3.20530001681753714E-07   3.09626174304944611E-07   1.86188426919590196E-07   1.97074795919551865E-07   1.74635984172325664E-11   0.00000000000000000E+00
   1.99530191855028219E+14   3.20530006903323522E-07   3.20530001681753714E-07   3.09626174304944611E-07   1.86188426919590196E-07   1.97074795919551865E-07   1.74635984172325664E-11   0.00000000000000000E+00
   1.97295043321308688E+14   3.29796515225203150E-07   3.29796509782018818E-07   3.22762892177676988E-07   1.95196928847380602E-07   2.02212800895647134E-07   1.77509992596228216E-11   0.00000000000000000E+00
   1.97295043321308688E+14   3.29796515225203150E-07   3.29796509782018818E-07   3.22762892177676988E-07   1.95196928847380602E-07   2.02212800895647134E-07   1.77509992596228216E-11   0.00000000000000000E+00
   1.94553449119254938E+14   3.41117212747407603E-07   3.41117207039962544E-07   3.38430550706288236E-07   2.06107576567112228E-07   2.08776132515614729E-07   1.81060926168823095E-11   0.00000000000000000E+00
   1.94553449119254938E+14   3.41117212747407603E-07   3.41117207039962544E-07   3.38430550706288236E-07   2.06107576567112228E-07   2.08776132515614729E-07   1.81060926168823095E-11   0.00000000000000000E+00
   1.92157374480108906E+14   3.49893200984202130E-07   3.49893195100214335E-07   3.48898590435933210E-07   2.13784456687891329E-07   2.14760637970218491E-07   1.84292659417657134E-11   0.00000000000000000E+00
   1.92157374480108906E+14   3.49893200984202130E-07   3.49893195100214335E-07   3.48898590435933210E-07   2.13784456687891329E-07   2.14760637970218491E-07   1.84292659417657134E-11   0.00000000000000000E+00
   1.89727260068104812E+14   3.57553122407468499E-07   3.57553116406169288E-07   3.55857865221885994E-07   2.19403564431242185E-07   2.21080051452894665E-07   1.87701639300750054E-11   0.00000000000000000E+00
   1.89727260068104812E+14   3.57553122407468499E-07   3.57553116406169288E-07   3.55857865221885994E-07   2.19403564431242185E-07   2.21080051452894665E-07   1.87701639300750054E-11   0.00000000000000000E+00
   1.87101795972607500E+14   3.62859481163486972E-07   3.62859475177785713E-07   3.54943419068639251E-07   2.20309230423816699E-07   2.28206137804099990E-07   1.91547145644444111E-11   0.00000000000000000E+00
   1.87101795972607500E+14   3.62859481163486972E-07   3.62859475177785713E-07   3.54943419068639251E-07   2.20309230423816699E-07   2.28206137804099990E-07   1.91547145644444111E-11   0.00000000000000000E+00
   1.84908958345327906E+14   3.64269704898548912E-07   3.64269699073133710E-07   3.45476591130380409E-07   2.15635230560113982E-07   2.34408853382332528E-07   1.94909459499712397E-11   0.00000000000000000E+00
   1.84908958345327906E+14   3.64269704898548912E-07   3.64269699073133710E-07   3.45476591130380409E-07   2.15635230560113982E-07   2.34408853382332528E-07   1.94909459499712397E-11   0.00000000000000000E+00
   1.82683566791952156E+14   3.63714487953445475E-07   3.63714482394436428E-07   3.29709449694303608E-07   2.06964591736711140E-07   2.40949780388122613E-07   1.98496077304390746E-11   0.00000000000000000E+00
   1.82683566791952156E+14   3.63714487953445475E-07   3.63714482394436428E-07   3.29709449694303608E-07   2.06964591736711140E-07   2.40949780388122613E-07   1.98496077304390746E-11   0.00000000000000000E+00
   1.80666683999394188E+14   3.62999341279842798E-07   3.62999335986435861E-07   3.13988612045746253E-07   1.98112233422481259E-07   2.47102771753084052E-07   2.01909034937392912E-11   0.00000000000000000E+00
   1.80666683999394188E+14   3.62999341279842798E-07   3.62999335986435861E-07   3.13988612045746253E-07   1.98112233422481259E-07   2.47102771753084052E-07   2.01909034937392912E-11   0.00000000000000000E+00
   1.79067270586118062E+14   3.63148953416213230E-07   3.63148948310927069E-07   3.02856030731137504E-07   1.91868735893893855E-07   2.52141189415753475E-07   2.04691632161409658E-11   0.00000000000000000E+00
   1.79067270586118062E+14   3.63148953416213230E-07   3.63148948310927069E-07   3.02856030731137504E-07   1.91868735893893855E-07   2.52141189415753475E-07   2.04691632161409658E-11   0.00000000000000000E+00
   1.77451930915370719E+14   3.64327637465693141E-07   3.64327632512187767E-07   2.93876569164481334E-07   1.86948149703118210E-07   2.57378461290089801E-07   2.07567142402192803E-11   0.00000000000000000E+00
   1.77451930915370719E+14   3.64327637465693141E-07   3.64327632512187767E-07   2.93876569164481334E-07   1.86948149703118210E-07   2.57378461290089801E-07   2.07567142402192803E-11   0.00000000000000000E+00
   1.75992883206025000E+14   3.66366088230506479E-07   3.66366083376608315E-07   2.87986969491910986E-07   1.83884130518323550E-07   2.62242227000920013E-07   2.10222559990331218E-11   0.00000000000000000E+00
   1.75992883206025000E+14   3.66366088230506479E-07   3.66366083376608315E-07   2.87986969491910986E-07   1.83884130518323550E-07   2.62242227000920013E-07   2.10222559990331218E-11   0.00000000000000000E+00
   1.74212044702297938E+14   3.70053642183679926E-07   3.70053637404909191E-07   2.83550872869952026E-07   1.81875346911345026E-07   2.68356762134662366E-07   2.13540904104853529E-11   0.00000000000000000E+00
   1.74212044702297938E+14   3.70053642183679926E-07   3.70053637404909191E-07   2.83550872869952026E-07   1.81875346911345026E-07   2.68356762134662366E-07   2.13540904104853529E-11   0.00000000000000000E+00
   1.73038294651096000E+14   3.73136173273120380E-07   3.73136168518821062E-07   2.82110619201326336E-07   1.81493740517022565E-07   2.72497716998730313E-07   2.15775900862653021E-11   0.00000000000000000E+00
   1.73038294651096000E+14   3.73136173273120380E-07   3.73136168518821062E-07   2.82110619201326336E-07   1.81493740517022565E-07   2.72497716998730313E-07   2.15775900862653021E-11   0.00000000000000000E+00
   1.71752695279440406E+14   3.76546692548439260E-07   3.76546687824511790E-07   2.80322040313800190E-07   1.80935028758475223E-07   2.77137854110619859E-07   2.18268824943652592E-11   0.00000000000000000E+00
   1.71752695279440406E+14   3.76546692548439260E-07   3.76546687824511790E-07   2.80322040313800190E-07   1.80935028758475223E-07   2.77137854110619859E-07   2.18268824943652592E-11   0.00000000000000000E+00
   1.70517174266106812E+14   3.80392992876313746E-07   3.80392988159687065E-07   2.79900013303379838E-07   1.81232499629985335E-07   2.81703408194695621E-07   2.20710082236718039E-11   0.00000000000000000E+00
   1.70517174266106812E+14   3.80392992876313746E-07   3.80392988159687065E-07   2.79900013303379838E-07   1.81232499629985335E-07   2.81703408194695621E-07   2.20710082236718039E-11   0.00000000000000000E+00
   1.69161964969832688E+14   3.85179170218259128E-07   3.85179165488256049E-07   2.80704248977610722E-07   1.82382178490635029E-07   2.86834755684670203E-07   2.23440466133081635E-11   0.00000000000000000E+00
   1.69161964969832688E+14   3.85179170218259128E-07   3.85179165488256049E-07   2.80704248977610722E-07   1.82382178490635029E-07   2.86834755684670203E-07   2.23440466133081635E-11   0.00000000000000000E+00
   1.68145904068762344E+14   3.89108556256449096E-07   3.89108551503953322E-07   2.82045788378244556E-07   1.83729053009970449E-07   2.90769268426972097E-07   2.25524612029423861E-11   0.00000000000000000E+00
   1.68145904068762344E+14   3.89108556256449096E-07   3.89108551503953322E-07   2.82045788378244556E-07   1.83729053009970449E-07   2.90769268426972097E-07   2.25524612029423861E-11   0.00000000000000000E+00
   1.67081131291981594E+14   3.93505640546725669E-07   3.93505635760787341E-07   2.84036638405532510E-07   1.85528789954962384E-07   2.94975017736432826E-07   2.27743597227003165E-11   0.00000000000000000E+00
   1.67081131291981594E+14   3.93505640546725669E-07   3.93505635760787341E-07   2.84036638405532510E-07   1.85528789954962384E-07   2.94975017736432826E-07   2.27743597227003165E-11   0.00000000000000000E+00
   1.65988807942978312E+14   3.98286540306515969E-07   3.98286535477046341E-07   2.86625638513740807E-07   1.87741901752605820E-07   2.99379797746086555E-07   2.30057992943821689E-11   0.00000000000000000E+00
   1.65988807942978312E+14   3.98286540306515969E-07   3.98286535477046341E-07   2.86625638513740807E-07   1.87741901752605820E-07   2.99379797746086555E-07   2.30057992943821689E-11   0.00000000000000000E+00
   1.64989936819042156E+14   4.02878118014012063E-07   4.02878113137505690E-07   2.89421657781347378E-07   1.90056610623869181E-07   3.03489849972048930E-07   2.32208844849997695E-11   0.00000000000000000E+00
   1.64989936819042156E+14   4.02878118014012063E-07   4.02878113137505690E-07   2.89421657781347378E-07   1.90056610623869181E-07   3.03489849972048930E-07   2.32208844849997695E-11   0.00000000000000000E+00
   1.64208641200593594E+14   4.06606998165354306E-07   4.06606993247676520E-07   2.91868271752483060E-07   1.92045331307529109E-07   3.06760663492428584E-07   2.33942279717900527E-11   0.00000000000000000E+00
   1.64208641200593594E+14   4.06606998165354306E-07   4.06606993247676520E-07   2.91868271752483060E-07   1.92045331307529109E-07   3.06760663492428584E-07   2.33942279717900527E-11   0.00000000000000000E+00
   1.63110575140248250E+14   4.12039870141997219E-07   4.12039865160550029E-07   2.95656935835189879E-07   1.95083494209997777E-07   3.11442779533291584E-07   2.36489835135292418E-11   0.00000000000000000E+00
   1.63110575140248250E+14   4.12039870141997219E-07   4.12039865160550029E-07   2.95656935835189879E-07   1.95083494209997777E-07   3.11442779533291584E-07   2.36489835135292418E-11   0.00000000000000000E+00
   1.62140584053706281E+14   4.17016914141985155E-07   4.17016909098929076E-07   2.99316562850610052E-07   1.97987151942389855E-07   3.15663625365330687E-07   2.38778684342365659E-11   0.00000000000000000E+00
   1.62140584053706281E+14   4.17016914141985155E-07   4.17016909098929076E-07   2.99316562850610052E-07   1.97987151942389855E-07   3.15663625365330687E-07   2.38778684342365659E-11   0.00000000000000000E+00
   1.61292023729555406E+14   4.21502633281300890E-07   4.21502628180564567E-07   3.02742388382283548E-07   2.00686828378020865E-07   3.19422992153836627E-07   2.40811232015650497E-11   0.00000000000000000E+00
   1.61292023729555406E+14   4.21502633281300890E-07   4.21502628180564567E-07   3.02742388382283548E-07   2.00686828378020865E-07   3.19422992153836627E-07   2.40811232015650497E-11   0.00000000000000000E+00
   1.60759154174881938E+14   4.24380607383397576E-07   4.24380602244734029E-07   3.04994840500451749E-07   2.02454777365299430E-07   3.21816334018745523E-07   2.42102294997194109E-11   0.00000000000000000E+00
   1.60759154174881938E+14   4.24380607383397576E-07   4.24380602244734029E-07   3.04994840500451749E-07   2.02454777365299430E-07   3.21816334018745523E-07   2.42102294997194109E-11   0.00000000000000000E+00
   1.59816084994950312E+14   4.29587070684557612E-07   4.29587065475691074E-07   3.09163707871133520E-07   2.05715987828353032E-07   3.26114909093271952E-07   2.44415485052130382E-11   0.00000000000000000E+00
   1.59816084994950312E+14   4.29587070684557612E-07   4.29587065475691074E-07   3.09163707871133520E-07   2.05715987828353032E-07   3.26114909093271952E-07   2.44415485052130382E-11   0.00000000000000000E+00
   1.58823605223085031E+14   4.35219571202047673E-07   4.35219565915236264E-07   3.13792196517072882E-07   2.09324651918670423E-07   3.30727337638368047E-07   2.46889652771442029E-11   0.00000000000000000E+00
   1.58823605223085031E+14   4.35219571202047673E-07   4.35219565915236264E-07   3.13792196517072882E-07   2.09324651918670423E-07   3.30727337638368047E-07   2.46889652771442029E-11   0.00000000000000000E+00
   1.57109166282138969E+14   4.45312902328264390E-07   4.45312896897486285E-07   3.22340441064800216E-07   2.15968773375758417E-07   3.38916108388245635E-07   2.51262509769657718E-11   0.00000000000000000E+00
   1.57109166282138969E+14   4.45312902328264390E-07   4.45312896897486285E-07   3.22340441064800216E-07   2.15968773375758417E-07   3.38916108388245635E-07   2.51262509769657718E-11   0.00000000000000000E+00
   1.55881276415680250E+14   4.52821895790661574E-07   4.52821890249825407E-07   3.28874812857024486E-07   2.21037563639200152E-07   3.44959199192068684E-07   2.54473807685742391E-11   0.00000000000000000E+00
   1.55881276415680250E+14   4.52821895790661574E-07   4.52821890249825407E-07   3.28874812857024486E-07   2.21037563639200152E-07   3.44959199192068684E-07   2.54473807685742391E-11   0.00000000000000000E+00
   1.54826609191421750E+14   4.59457734291121305E-07   4.59457728651626764E-07   3.34753386327266694E-07   2.25594233000670585E-07   3.50272852292440714E-07   2.57286720844576904E-11   0.00000000000000000E+00
   1.54826609191421750E+14   4.59457734291121305E-07   4.59457728651626764E-07   3.34753386327266694E-07   2.25594233000670585E-07   3.50272852292440714E-07   2.57286720844576904E-11   0.00000000000000000E+00
   1.53855652764333562E+14   4.65719505432387736E-07   4.65719499698139590E-07   3.40379145624804592E-07   2.29953927519541842E-07   3.55268295107467821E-07   2.59922196570721510E-11   0.00000000000000000E+00
   1.53855652764333562E+14   4.65719505432387736E-07   4.65719499698139590E-07   3.40379145624804592E-07   2.29953927519541842E-07   3.55268295107467821E-07   2.59922196570721510E-11   0.00000000000000000E+00
   1.52227313391588375E+14   4.76552235094237256E-07   4.76552229193404358E-07   3.50269396169392989E-07   2.37619837377375569E-07   3.63876231941369375E-07   2.64443608505534193E-11   0.00000000000000000E+00
   1.52227313391588375E+14   4.76552235094237256E-07   4.76552229193404358E-07   3.50269396169392989E-07   2.37619837377375569E-07   3.63876231941369375E-07   2.64443608505534193E-11   0.00000000000000000E+00
   1.50542467664444094E+14   4.88204108884308872E-07   4.88204102801051653E-07   3.61099657646267184E-07   2.46021319937509455E-07   3.73098845104710337E-07   2.69260708407865872E-11   0.00000000000000000E+00
   1.50542467664444094E+14   4.88204108884308872E-07   4.88204102801051653E-07   3.61099657646267184E-07   2.46021319937509455E-07   3.73098845104710337E-07   2.69260708407865872E-11   0.00000000000000000E+00
   1.49896248416010250E+14   4.92795654488174499E-07   4.92795648332187113E-07   3.65417505963226811E-07   2.49373555721370362E-07   3.76724589547043601E-07   2.71146992745313375E-11   0.00000000000000000E+00
  it   ir     t       rho      elec       atomic   molec1  molec2  molec3      time

   1   1 18827.95  1.92E-09  1.04E+15      23.5       0.0     0.0     0.0      1.01
