2.497300088381334514e-31 9.768003638566226021e-24
2.528320820749597109e-31 9.843231298086234633e-24
2.559726883595817816e-31 9.919038318645445447e-24
2.591523063382638973e-31 9.995429162154220550e-24
2.623714206028806215e-31 1.007240832488600439e-23
2.656305217647590149e-31 1.014998033774195841e-23
2.689301065294587083e-31 1.022814976651757638e-23
2.722706777724686450e-31 1.030692121217148471e-23
2.756527446158568363e-31 1.038629931109648207e-23
2.790768225058503174e-31 1.046628873539197924e-23
2.825434332914007413e-31 1.054689419313929264e-23
2.860531053037128392e-31 1.062812042867860394e-23
2.896063734367741539e-31 1.070997222288850736e-23
2.932037792288622211e-31 1.079245439346687931e-23
2.968458709450871365e-31 1.087557179521496604e-23
3.005332036609481361e-31 1.095932932032267460e-23
3.042663393469277082e-31 1.104373189865706269e-23
3.080458469541490266e-31 1.112878449805195843e-23
3.118723025010724480e-31 1.121449212460067312e-23
3.157462891612939545e-31 1.130085982295056988e-23
3.196683973524189617e-31 1.138789267659991413e-23
3.236392248260558959e-31 1.147559580819730879e-23
3.276593767589010754e-31 1.156397437984297636e-23
3.317294658449818101e-31 1.165303359339250670e-23
3.358501123890287711e-31 1.174277869076351560e-23
3.400219444010251453e-31 1.183321495424361103e-23
3.442455976919024903e-31 1.192434770680162734e-23
3.485217159704528276e-31 1.201618231240084161e-23
3.528509509414278122e-31 1.210872417631460856e-23
3.572339624048740654e-31 1.220197874544484607e-23
3.616714183566727488e-31 1.229595150864203410e-23
3.661639950903579545e-31 1.239064799702870490e-23
3.707123773001843094e-31 1.248607378432526649e-23
3.753172581854755405e-31 1.258223448717718686e-23
3.799793395562841752e-31 1.267913576548654652e-23
3.846993319403329908e-31 1.277678332274437870e-23
3.894779546913156801e-31 1.287518290636707968e-23
3.943159360985241962e-31 1.297434030803388287e-23
3.992140134978572083e-31 1.307426136402865886e-23
4.041729333841746363e-31 1.317495195558270125e-23
4.091934515250810717e-31 1.327641800922143582e-23
4.142763330761019575e-31 1.337866549711241385e-23
4.194223526973114704e-31 1.348170043741803686e-23
4.246322946713747502e-31 1.358552889464884259e-23
4.299069530230906575e-31 1.369015698002054819e-23
4.352471316404022160e-31 1.379559085181401307e-23
4.406536443969098607e-31 1.390183671573812572e-23
4.461273152759253252e-31 1.400890082529368095e-23
4.516689784960293855e-31 1.411678948214331678e-23
4.572794786382261206e-31 1.422550903648055205e-23
4.629596707746543659e-31 1.433506588740482793e-23
4.687104205989206443e-31 1.444546648329795994e-23
4.745326045580132870e-31 1.455671732220318204e-23
4.804271099858929459e-31 1.466882495220789927e-23
4.863948352387197344e-31 1.478179597182932051e-23
4.924366898317833840e-31 1.489563703040241562e-23
4.985535945780950779e-31 1.501035482847169603e-23
5.047464817287402794e-31 1.512595611818530501e-23
5.110162951149551567e-31 1.524244770369231132e-23
5.173639902919676811e-31 1.535983644154362330e-23
5.237905346846463119e-31 1.547812924109567711e-23
5.302969077349162447e-31 1.559733306491589415e-23
5.368841010510483200e-31 1.571745492919448023e-23
5.435531185587772386e-31 1.583850190415527848e-23
5.503049766543235294e-31 1.596048111447358705e-23
5.571407043592710113e-31 1.608339973969459986e-23
5.640613434774139548e-31 1.620726501465611727e-23
5.710679487535241983e-31 1.633208422991434838e-23
5.781615880341192306e-31 1.645786473217385100e-23
5.853433424301800052e-31 1.658461392471831507e-23
5.926143064819369837e-31 1.671233926784806990e-23
5.999755883256799164e-31 1.684104827931788236e-23
6.074283098626387427e-31 1.697074853477979497e-23
6.149736069299878963e-31 1.710144766822962569e-23
6.226126294739243566e-31 1.723315337245544253e-23
6.303465417249461773e-31 1.736587339949083120e-23
6.381765223752771906e-31 1.749961556107106042e-23
6.461037647585275710e-31 1.763438772909273254e-23
6.541294770315333305e-31 1.777019783607761299e-23
6.622548823585072555e-31 1.790705387563865216e-23
6.704812190974451464e-31 1.804496390295109994e-23
6.788097409888805453e-31 1.818393603522701170e-23
6.872417173469295363e-31 1.832397845219199939e-23
6.957784332527627692e-31 1.846509939656691095e-23
7.044211897504480432e-31 1.860730717455390598e-23
7.131713040452601384e-31 1.875061015632457103e-23
7.220301097043956261e-31 1.889501677651243110e-23
7.309989568602391815e-31 1.904053553470967244e-23
7.400792124161254326e-31 1.918717499596767392e-23
7.492722602546571288e-31 1.933494379130033019e-23
7.585795014486409346e-31 1.948385061819368727e-23
7.680023544745822572e-31 1.963390424111541060e-23
7.775422554288936008e-31 1.978511349203311635e-23
7.872006582467511126e-31 1.993748727093240590e-23
7.969790349237086209e-31 2.009103454634197094e-23
8.068788757399991892e-31 2.024576435586048230e-23
8.169016894876885746e-31 2.040168580668893616e-23
8.270490037006098264e-31 2.055880807616670586e-23
8.373223648871955947e-31 2.071714041231213122e-23
8.477233387661343176e-31 2.087669213436598776e-23
8.582535105050213343e-31 2.103747263334071292e-23
8.689144849619413387e-31 2.119949137257242707e-23
8.797078869300496124e-31 2.136275788827865554e-23
8.906353613852298079e-31 2.152728179011963019e-23
9.016985737367533134e-31 2.169307276176314674e-23
9.128992100811267469e-31 2.186014056145482349e-23
9.242389774590475298e-31 2.202849502259322084e-23
9.357196041155964606e-31 2.219814605430739976e-23
9.473428397635875886e-31 2.236910364204139236e-23
9.591104558502643889e-31 2.254137784814083525e-23
9.710242458272618380e-31 2.271497881244569198e-23
9.830860254239720686e-31 2.288991675288756290e-23
9.952976329242230447e-31 2.306620196608994544e-23
1.007660929446475896e-30 2.324384482797510659e-23
1.020177799227452982e-30 2.342285579437511662e-23
1.032850149909340495e-30 2.360324540164644161e-23
1.045679912830473285e-30 2.378502426729026064e-23
1.058669043319715614e-30 2.396820309057789928e-23
1.071819520994455333e-30 2.415279265317955161e-23
1.085133350062301162e-30 2.433880381980040484e-23
1.098612559626569435e-30 2.452624753881892980e-23
1.112259203995479030e-30 2.471513484293127518e-23
1.126075362995274313e-30 2.490547684980185667e-23
1.140063142287184662e-30 2.509728476271580330e-23
1.154224673688375939e-30 2.529056987124047281e-23
1.168562115496796528e-30 2.548534355188781328e-23
1.183077652820151060e-30 2.568161726878574382e-23
1.197773497908903757e-30 2.587940257435184507e-23
1.212651890493477789e-30 2.607871110997403804e-23
1.227715098125543611e-30 2.627955460669505384e-23
1.242965416523646782e-30 2.648194488590362736e-23
1.258405169923077680e-30 2.668589386002956119e-23
1.274036711430088405e-30 2.689141353324541343e-23
1.289862423380561072e-30 2.709851600217286696e-23
1.305884717703026967e-30 2.730721345659491740e-23
1.322106036286299652e-30 2.751751818017236041e-23
1.338528851351611316e-30 2.772944255116834877e-23
1.355155665829437171e-30 2.794299904317657588e-23
1.371989013740891409e-30 2.815820022585387910e-23
1.389031460583968851e-30 2.837505876566182974e-23
1.406285603724519831e-30 2.859358742661147927e-23
1.423754072792149237e-30 2.881379907101542887e-23
1.441439530080918338e-30 2.903570666024368398e-23
1.459344670955139621e-30 2.925932325548692053e-23
1.477472224260153426e-30 2.948466201852670398e-23
1.495824952738207752e-30 2.971173621250727199e-23
1.514405653449564916e-30 2.994055920271908363e-23
1.533217158198716111e-30 3.017114445738383805e-23
1.552262333966013215e-30 3.040350554844735127e-23
1.571544083344587693e-30 3.063765615237862787e-23
1.591065344982773809e-30 3.087361005097523919e-23
1.610829094031898974e-30 3.111138113217897534e-23
1.630838342599763726e-30 3.135098339091324976e-23
1.651096140209679082e-30 3.159243092988981158e-23
1.671605574265284240e-30 3.183573796043346072e-23
1.692369770521004520e-30 3.208091880331582016e-23
1.713391893558486877e-30 3.232798788960050462e-23
1.734675147268887957e-30 3.257695976149048738e-23
1.756222775341149529e-30 3.282784907318678722e-23
1.778038061756413729e-30 3.308067059174852468e-23
1.800124331288434090e-30 3.333543919796297598e-23
1.822484950010347077e-30 3.359216988722148676e-23
1.845123325807651372e-30 3.385087777040184515e-23
1.868042908897649596e-30 3.411157807475915370e-23
1.891247192355190620e-30 3.437428614481946953e-23
1.914739712645094318e-30 3.463901744328486449e-23
1.938524050161097260e-30 3.490578755194362216e-23
1.962603829771589803e-30 3.517461217258661800e-23
1.986982721371970461e-30 3.544550712793125792e-23
2.011664440444022880e-30 3.571848836255358061e-23
2.036652748622160580e-30 3.599357194382697797e-23
2.061951454266703412e-30 3.627077406286641097e-23
2.087564413044362292e-30 3.655011103548372208e-23
2.113495528515763365e-30 3.683159930314592773e-23
2.139748752730438975e-30 3.711525543394371982e-23
2.166328086829110305e-30 3.740109612356641485e-23
2.193237581653551385e-30 3.768913819628596029e-23
2.220481338363857910e-30 3.797939860594512560e-23
2.248063509063555629e-30 3.827189443695724257e-23
2.275988297432369624e-30 3.856664290530964846e-23
2.304259959366962082e-30 3.886366135957970100e-23
2.332882803629445164e-30 3.916296728195490179e-23
2.361861192504133861e-30 3.946457828926045468e-23
2.391199542462345811e-30 3.976851213399702158e-23
2.420902324835573868e-30 4.007478670538734737e-23
2.450974066496826144e-30 4.038342003042694610e-23
2.481419350550625371e-30 4.069443027494631300e-23
2.512242817031479817e-30 4.100783574467900802e-23
2.543449163611029984e-30 4.132365488634115341e-23
2.575043146314084456e-30 4.164190628871606825e-23
2.607029580243340977e-30 4.196260868374750761e-23
2.639413340313316529e-30 4.228578094764340468e-23
2.672199361993271632e-30 4.261144210198661891e-23
2.705392642059489722e-30 4.293961131485516453e-23
2.738998239356684228e-30 4.327030790194893357e-23
2.773021275569082322e-30 4.360355132772844432e-23
2.807466936000954119e-30 4.393936120655867958e-23
2.842340470366973037e-30 4.427775730386542635e-23
2.877647193592167343e-30 4.461875953729715207e-23
2.913392486622033568e-30 4.496238797789764252e-23
2.949581797242578120e-30 4.530866285128832580e-23
2.986220640910687163e-30 4.565760453885814298e-23
3.023314601594567640e-30 4.600923357896286969e-23
3.060869332624874583e-30 4.636357066813467045e-23
3.098890557556284064e-30 4.672063666229993434e-23
3.137384071039772061e-30 4.708045257800590332e-23
3.176355739705852879e-30 4.744303959366033682e-23
3.215811503058535052e-30 4.780841905077544929e-23
3.255757374380637577e-30 4.817661245522468405e-23
3.296199441650194964e-30 4.854764147850960826e-23
3.337143868468406892e-30 4.892152795903447201e-23
3.378596894998847290e-30 4.929829390339301614e-23
3.420564838918606885e-30 4.967796148766132207e-23
3.463054096381087539e-30 5.006055305870417389e-23
3.506071142990924124e-30 5.044609113549282875e-23
3.549622534790738970e-30 5.083459841042664858e-23
3.593714909260426711e-30 5.122609775067123005e-23
3.638354986328720121e-30 5.162061219950257052e-23
3.683549569397314383e-30 5.201816497766596308e-23
3.729305546377862981e-30 5.241877948474168586e-23
3.775629890741557263e-30 5.282247930051971332e-23
3.822529662582040745e-30 5.322928818639170132e-23
3.870012009691344999e-30 5.363923008674662225e-23
3.918084168649384487e-30 5.405232913038274532e-23
3.966753465926659348e-30 5.446860963192410135e-23
4.016027319000978165e-30 5.488809609325660185e-23
4.065913237487859518e-30 5.531081320496482229e-23
4.116418824285173520e-30 5.573678584779077880e-23
4.167551776731666029e-30 5.616603909409366884e-23
4.219319887780210496e-30 5.659859820932805531e-23
4.271731047185466570e-30 5.703448865353052604e-23
4.324793242706284563e-30 5.747373608281833153e-23
4.378514561323229228e-30 5.791636635090034187e-23
4.432903190470870414e-30 5.836240551059714903e-23
4.487967419285734641e-30 5.881187981537578051e-23
4.543715639869542733e-30 5.926481572089372293e-23
4.600156348568366906e-30 5.972123988655825058e-23
4.657298147267293920e-30 6.018117917709304196e-23
4.715149744701553490e-30 6.064466066412157070e-23
4.773719957783703480e-30 6.111171162775971234e-23
4.833017712947529776e-30 6.158235955822061144e-23
4.893052047508254481e-30 6.205663215743490079e-23
4.953832111040030515e-30 6.253455734067956037e-23
5.015367166770348501e-30 6.301616323822007119e-23
5.077666592991763686e-30 6.350147819696930825e-23
5.140739884491366116e-30 6.399053078215340405e-23
5.204596653997596771e-30 6.448334977899395156e-23
5.269246633645438940e-30 6.497996419440330216e-23
5.334699676459575631e-30 6.548040325868907952e-23
5.400965757856211587e-30 6.598469642727939378e-23
5.468054977163130391e-30 6.649287338245101821e-23
5.535977559159057965e-30 6.700496403508015863e-23
5.604743855631889643e-30 6.752099852640263870e-23
5.674364346956545942e-30 6.804100722978801478e-23
5.744849643691963755e-30 6.856502075252444654e-23
5.816210488198393062e-30 6.909306993762612529e-23
5.888457756274542333e-30 6.962518586564331197e-23
5.961602458815069387e-30 7.016139985649225274e-23
6.035655743488895541e-30 7.070174347130360850e-23
6.110628896437881331e-30 7.124624851427472843e-23
6.186533343997096936e-30 7.179494703454367010e-23
6.263380654436156929e-30 7.234787132807453956e-23
6.341182539722496555e-30 7.290505393956260327e-23
6.419950857306036727e-30 7.346652766434424315e-23
6.499697611926530442e-30 7.403232555033090331e-23
6.580434957443045506e-30 7.460248089995221753e-23
6.662175198686500723e-30 7.517702727211886148e-23
6.744930793334670503e-30 7.575599848419518500e-23
6.828714353811015746e-30 7.633942861399027627e-23
6.913538649206840741e-30 7.692735200176649368e-23
6.999416607227314181e-30 7.751980325225583833e-23
7.086361316161954044e-30 7.811681723670232845e-23
7.174386026879015821e-30 7.871842909490959300e-23
7.263504154845231637e-30 7.932467423731248064e-23
7.353729282170279488e-30 7.993558834705803736e-23
7.445075159677019555e-30 8.055120738211315612e-23
7.537555708996837578e-30 8.117156757737034566e-23
7.631185024691614304e-30 8.179670544679076250e-23
7.725977376401707245e-30 8.242665778554486844e-23
7.821947211020959267e-30 8.306146167218573152e-23
7.919109154898125870e-30 8.370115447082625319e-23
8.017478016066256966e-30 8.434577383334019914e-23
8.117068786499396970e-30 8.499535770157784161e-23
8.217896644397714438e-30 8.564994430960219635e-23
8.319976956500346583e-30 8.630957218593414626e-23
8.423325280427643030e-30 8.697428015582691720e-23
8.527957367052101165e-30 8.764410734354278720e-23
8.633889162899165952e-30 8.831909317466581280e-23
8.741136812577154334e-30 8.899927737841443785e-23
8.849716661238061458e-30 8.968469998998368959e-23
8.959645257068587293e-30 9.037540135290169207e-23
9.070939353812103928e-30 9.107142212140370637e-23
9.183615913322307620e-30 9.177280326282313311e-23
9.297692108147868972e-30 9.247958606000871674e-23
9.413185324149914133e-30 9.319181211374730992e-23
9.530113163151584515e-30 9.390952334521515542e-23
9.648493445620957231e-30 9.463276199845070306e-23
9.768344213386528903e-30 9.536157064283115293e-23
9.889683732387198037e-30 9.609599217558613255e-23
1.001253049545594022e-29 9.683606982432001383e-23
1.013690322513854519e-29 9.758184714955562412e-23
1.026282087654655265e-29 9.833336804724931037e-23
1.039030264024644938e-29 9.909067675111304595e-23
1.051936794518432772e-29 9.985381783540682926e-23
1.065003646164688948e-29 1.006228362176673822e-22
1.078232810425965708e-29 1.013977771613587726e-22
1.091626303502155129e-29 1.021786862785265272e-22
1.105186166637804103e-29 1.029656095324942397e-22
1.118914466433194328e-29 1.037585932405565576e-22
1.132813295159339771e-29 1.045576840767153332e-22
1.146884771076806872e-29 1.053629290744193015e-22
1.161131038758585059e-29 1.061743756293359429e-22
1.175554269416913268e-29 1.069920715021402140e-22
1.190156661234224189e-29 1.078160648213269768e-22
1.204940439698101393e-29 1.086464040860391442e-22
1.219907857940495162e-29 1.094831381689288682e-22
1.235061197081102685e-29 1.103263163190279092e-22
1.250402766575013534e-29 1.111759881646460525e-22
1.265934904564724947e-29 1.120322037163014743e-22
1.281659978236426445e-29 1.128950133696490868e-22
1.297580384180813309e-29 1.137644679084583940e-22
1.313698548758319890e-29 1.146406185075993886e-22
1.330016928468953522e-29 1.155235167360509948e-22
1.346538010326614973e-29 1.164132145599403087e-22
1.363264312238175466e-29 1.173097643455994951e-22
1.380198383387199840e-29 1.182132188626451594e-22
1.397342804622499988e-29 1.191236312870907981e-22
1.414700188851403953e-29 1.200410552044698992e-22
1.432273181438023159e-29 1.209655446129903341e-22
1.450064460606409070e-29 1.218971539267193363e-22
1.468076737848718918e-29 1.228359379787739810e-22
1.486312758338508507e-29 1.237819520245631044e-22
1.504775301349042789e-29 1.247352517450253914e-22
1.523467180676919035e-29 1.256958932499142468e-22
1.542391245070881824e-29 1.266639330810993600e-22
1.561550378666038074e-29 1.276394282158926481e-22
1.580947501423341233e-29 1.286224360704033290e-22
1.600585569574659366e-29 1.296130145029154687e-22
1.620467576073296255e-29 1.306112218172939061e-22
1.640596551050187198e-29 1.316171167664177306e-22
1.660975562275629372e-29 1.326307585556334383e-22
1.681607715626879722e-29 1.336522068462430933e-22
1.702496155561495920e-29 1.346815217590147304e-22
1.723644065596554379e-29 1.357187638777237200e-22
1.745054668793893845e-29 1.367639942527096255e-22
1.766731228251242765e-29 1.378172744044817975e-22
1.788677047599591399e-29 1.388786663273276477e-22
1.810895471506654255e-29 1.399482324929678954e-22
1.833389886186676204e-29 1.410260358542374401e-22
1.856163719916421123e-29 1.421121398487803634e-22
1.879220443557721976e-29 1.432066084027875077e-22
1.902563571086426705e-29 1.443095059347648280e-22
1.926196660128012339e-29 1.454208973593155698e-22
1.950123312499694116e-29 1.465408480909690175e-22
1.974347174759423961e-29 1.476694240480210236e-22
1.998871938761631996e-29 1.488066916564208268e-22
2.023701342219869178e-29 1.499527178536794305e-22
2.048839169276522287e-29 1.511075700928081903e-22
2.074289251079439831e-29 1.522713163462864834e-22
2.100055466365887031e-29 1.534440251100674882e-22
2.126141742053653031e-29 1.546257654076030293e-22
2.152552053839604603e-29 1.558166067939123638e-22
2.179290426805502790e-29 1.570166193596703152e-22
2.206360936031514911e-29 1.582258737353333759e-22
2.233767707217246784e-29 1.594444410952988419e-22
2.261514917310593905e-29 1.606723931620959904e-22
2.289606795144224664e-29 1.619098022105982052e-22
2.318047622080148774e-29 1.631567410722867067e-22
2.346841732662206112e-29 1.644132831395302443e-22
2.375993515276653676e-29 1.656795023699043566e-22
2.405507412821059425e-29 1.669554732905534193e-22
2.435387923381309368e-29 1.682412710025640012e-22
2.465639600917217781e-29 1.695369711853905772e-22
2.496267055956537925e-29 1.708426501013144605e-22
2.527274956297712950e-29 1.721583845999199671e-22
2.558668027721154250e-29 1.734842521226330471e-22
2.590451054709557366e-29 1.748203307072632064e-22
2.622628881177043814e-29 1.761666989926059669e-22
2.655206411207484508e-29 1.775234362230723863e-22
2.688188609801785890e-29 1.788906222533428876e-22
2.721580503634665644e-29 1.802683375530769238e-22
2.755387181820726877e-29 1.816566632116451421e-22
2.789613796690044867e-29 1.830556809428978946e-22
2.824265564573504049e-29 1.844654730899873038e-22
2.859347766597658223e-29 1.858861226301926437e-22
2.894865749489672266e-29 1.873177131798233031e-22
2.930824926392265754e-29 1.887603289991307767e-22
2.967230777688564315e-29 1.902140549972676294e-22
3.004088851837437192e-29 1.916789767372845929e-22
3.041404766219087817e-29 1.931551804411716736e-22
3.079184207991152444e-29 1.946427529949243216e-22
3.117432934955553472e-29 1.961417819536666814e-22
3.156156776435870346e-29 1.976523555467919586e-22
3.195361634165864800e-29 1.991745626831660277e-22
3.235053483188883537e-29 2.007084929563530215e-22
3.275238372768597974e-29 2.022542366498981674e-22
3.315922427310785098e-29 2.038118847426225902e-22
3.357111847296829344e-29 2.053815289139991531e-22
3.398812910228655701e-29 2.069632615495337302e-22
3.441031971585568820e-29 2.085571757462081918e-22
3.483775465792696540e-29 2.101633653179547990e-22
3.527049907201745797e-29 2.117819248011835194e-22
3.570861891083796802e-29 2.134129494603411516e-22
3.615218094634431445e-29 2.150565352935209955e-22
3.660125277991495252e-29 2.167127790381079996e-22
3.705590285265200851e-29 2.183817781764810603e-22
3.751620045581330223e-29 2.200636309417380560e-22
3.798221574137210620e-29 2.217584363234830875e-22
3.845401973270995544e-29 2.234662940736569303e-22
3.893168433543915008e-29 2.251873047124015754e-22
3.941528234836280959e-29 2.269215695339727314e-22
3.990488747456921611e-29 2.286691906127125111e-22
4.040057433266585612e-29 2.304302708090453458e-22
4.090241846814979157e-29 2.322049137755432073e-22
4.141049636492251053e-29 2.339932239630124585e-22
4.192488545694619126e-29 2.357953066266493064e-22
4.244566414004472602e-29 2.376112678322326820e-22
4.297291178385308071e-29 2.394412144623679967e-22
4.350670874391159364e-29 2.412852542227742495e-22
4.404713637391402476e-29 2.431434956486260552e-22
4.459427703810558307e-29 2.450160481109376121e-22
4.514821412383717074e-29 2.469030218230031892e-22
4.570903205427190922e-29 2.488045278468794602e-22
4.627681630125318449e-29 2.507206780999238378e-22
4.685165339833024886e-29 2.526515853613791706e-22
4.743363095394799877e-29 2.545973632790197993e-22
4.802283766479668564e-29 2.565581263758257321e-22
4.861936332933134079e-29 2.585339900567335083e-22
4.922329886145717011e-29 2.605250706154240205e-22
4.983473630438494868e-29 2.625314852411595180e-22
5.045376884466056320e-29 2.645533520257023794e-22
5.108049082636473920e-29 2.665907899702374572e-22
5.171499776549320518e-29 2.686439189923899672e-22
5.235738636451310075e-29 2.707128599332890813e-22
5.300775452710262426e-29 2.727977345646639165e-22
5.366620137306960372e-29 2.748986655960218088e-22
5.433282725345960184e-29 2.770157766818642029e-22
5.500773376584910450e-29 2.791491924289634793e-22
5.569102376983137100e-29 2.812990384037085712e-22
5.638280140269013672e-29 2.834654411394707541e-22
5.708317209527252444e-29 2.856485281440721715e-22
5.779224258805684816e-29 2.878484279072838441e-22
5.851012094741996190e-29 2.900652699083775620e-22
5.923691658210917563e-29 2.922991846237640126e-22
5.997274025991382820e-29 2.945503035346532886e-22
6.071770412454889352e-29 2.968187591348027127e-22
6.147192171274531755e-29 2.991046849383123868e-22
6.223550797155563955e-29 3.014082154874889672e-22
6.300857927586963992e-29 3.037294863607424944e-22
6.379125344615249187e-29 3.060686341805993624e-22
6.458364976640022641e-29 3.084257966217040491e-22
6.538588900232145660e-29 3.108011124194419322e-22
6.619809341973953169e-29 3.131947213811498376e-22
6.702038680322870804e-29 3.156067643925173582e-22
6.785289447497907931e-29 3.180373834243354614e-22
6.869574331389579239e-29 3.204867215408611186e-22
6.954906177493841246e-29 3.229549229082174347e-22
7.041297990869479793e-29 3.254421328029082244e-22
7.128762938120320719e-29 3.279484976203457998e-22
7.217314349402073106e-29 3.304741648834925944e-22
7.306965720453571943e-29 3.330192832515230983e-22
7.397730714653837187e-29 3.355840025285944566e-22
7.489623165104390949e-29 3.381684736726541200e-22
7.582657076737441529e-29 3.407728488043439789e-22
7.676846628450563203e-29 3.433972812159224598e-22
7.772206175267266400e-29 3.460419253803353917e-22
7.868750250525033330e-29 3.487069369602688177e-22
7.966493568090221545e-29 3.513924728173379752e-22
8.065451024600471068e-29 3.540986910213074972e-22
8.165637701735305647e-29 3.568257508594198069e-22
8.267068868514264478e-29 3.595738128457405792e-22
8.369759983624191026e-29 3.623430387306390560e-22
8.473726697775424469e-29 3.651335915102929056e-22
8.578984856086651616e-29 3.679456354362925755e-22
8.685550500500066110e-29 3.707793360253032448e-22
8.793439872226180229e-29 3.736348600688201576e-22
8.902669414219010108e-29 3.765123756429751617e-22
9.013255773682361944e-29 3.794120521184585383e-22
9.125215804606524132e-29 3.823340601704454415e-22
9.238566570337208324e-29 3.852785717886978137e-22
9.353325346176020827e-29 3.882457602876417113e-22
9.469509622013241212e-29 3.912358003166036973e-22
9.587137104993690632e-29 3.942488678700853203e-22
9.706225722214940981e-29 3.972851402981106148e-22
9.826793623459730312e-29 4.003447963166845690e-22
9.948859183962340122e-29 4.034280160183177485e-22
1.007244100720860268e-28 4.065349808826069211e-22
1.019755792777149912e-28 4.096658737869420705e-22
1.032422901418157467e-28 4.128208790172652261e-22
1.045247357183301089e-28 4.160001822789113889e-22
1.058231114592620668e-28 4.192039707075656907e-22
1.071376152444608458e-28 4.224324328802545012e-22
1.084684474117821420e-28 4.256857588264598212e-22
1.098158107876191425e-28 4.289641400393197689e-22
1.111799107178179269e-28 4.322677694868724657e-22
1.125609550989680140e-28 4.355968416234568734e-22
1.139591544100905177e-28 4.389515524011220017e-22
1.153747217447146092e-28 4.423320992811879419e-22
1.168078728433577989e-28 4.457386812458691550e-22
1.182588261264005107e-28 4.491714988099865335e-22
1.197278027273782655e-28 4.526307540327635340e-22
1.212150265266827745e-28 4.561166505297481348e-22
1.227207241856816512e-28 4.596293934847693066e-22
1.242451251812667638e-28 4.631691896620465785e-22
1.257884618408219002e-28 4.667362474183408889e-22
1.273509693776348365e-28 4.703307767152416978e-22
1.289328859267429771e-28 4.739529891315025312e-22
1.305344525812308193e-28 4.776030978755382725e-22
1.321559134289675818e-28 4.812813177979313882e-22
1.337975155898117689e-28 4.849878654041253858e-22
1.354595092532714588e-28 4.887229588671353872e-22
1.371421477166390609e-28 4.924868180404273153e-22
1.388456874235887032e-28 4.962796644708283954e-22
1.405703880032640064e-28 5.001017214115987459e-22
1.423165123098459772e-28 5.039532138355624975e-22
1.440843264626123200e-28 5.078343684483571183e-22
1.458740998865002738e-28 5.117454137017850552e-22
1.476861053531613619e-28 5.156865798072577219e-22
1.495206190225380961e-28 5.196580987493569414e-22
1.513779204849499475e-28 5.236602042994791451e-22
1.532582928037093213e-28 5.276931320296333246e-22
1.551620225582547791e-28 5.317571193262624005e-22
1.570893998878321577e-28 5.358524054042578425e-22
1.590407185357110063e-28 5.399792313210483919e-22
1.610162758939578884e-28 5.441378399907477478e-22
1.630163730487528276e-28 5.483284761985141236e-22
1.650413148262817419e-28 5.525513866149213710e-22
1.670914098391924702e-28 5.568068198105056755e-22
1.691669705336275952e-28 5.610950262703897405e-22
1.712683132368485918e-28 5.654162584090350534e-22
1.733957582054376467e-28 5.697707705851081276e-22
1.755496296741120590e-28 5.741588191164452975e-22
1.777302559051366914e-28 5.785806622951602666e-22
1.799379692383586665e-28 5.830365604028410862e-22
1.821731061418493292e-28 5.875267757258872531e-22
1.844360072631895727e-28 5.920515725709288105e-22
1.867270174813835306e-28 5.966112172804176349e-22
1.890464859594262138e-28 6.012059782482933899e-22
1.913947661975087738e-28 6.058361259357951481e-22
1.937722160868999979e-28 6.105019328873778666e-22
1.961791979644895532e-28 6.152036737467687937e-22
1.986160786680084740e-28 6.199416252731166921e-22
2.010832295919438398e-28 6.247160663573405204e-22
2.035810267441317275e-28 6.295272780384805596e-22
2.061098508030676053e-28 6.343755435203038223e-22
2.086700871759291253e-28 6.392611481879392729e-22
2.112621260573044294e-28 6.441843796247271751e-22
2.138863624886663281e-28 6.491455276290885647e-22
2.165431964185775533e-28 6.541448842316623584e-22
2.192330327636433398e-28 6.591827437124318363e-22
2.219562814702300362e-28 6.642594026181125542e-22
2.247133575769326582e-28 6.693751597795623558e-22
2.275046812778362722e-28 6.745303163294245078e-22
2.303306779865541250e-28 6.797251757198064771e-22
2.331917784010611718e-28 6.849600437402057496e-22
2.360884185693426899e-28 6.902352285354673395e-22
2.390210399558387845e-28 6.955510406239520428e-22
2.419900895087319610e-28 7.009077929158212981e-22
2.449960197280704091e-28 7.063058007314520116e-22
2.480392887347198241e-28 7.117453818200086151e-22
2.511203603401915218e-28 7.172268563781635189e-22
2.542397041173279240e-28 7.227505470689156479e-22
2.573977954718660865e-28 7.283167790406457694e-22
2.605951157149004793e-28 7.339258799462118817e-22
2.638321521362253338e-28 7.395781799622730240e-22
2.671093980786082596e-28 7.452740118087104188e-22
2.704273530129768352e-28 7.510137107682461899e-22
2.737865226145383510e-28 7.567976147061539579e-22
2.771874188398564268e-28 7.626260640901804601e-22
2.806305600048630236e-28 7.684994020105779491e-22
2.841164708638591220e-28 7.744179742003116928e-22
2.876456826894973406e-28 7.803821290554188787e-22
2.912187333537370342e-28 7.863922176555345316e-22
2.948361674098283245e-28 7.924485937845318781e-22
2.984985361753027357e-28 7.985516139513986559e-22
3.022063978159946461e-28 8.047016374111859281e-22
3.059603174311189839e-28 8.108990261862139068e-22
3.097608671393805015e-28 8.171441450873378687e-22
3.136086261661779472e-28 8.234373617354650618e-22
3.175041809318762270e-28 8.297790465831790056e-22
3.214481251411906377e-28 8.361695729365767908e-22
3.254410598736550545e-28 8.426093169772344604e-22
3.294835936752405730e-28 8.490986577843699687e-22
3.335763426510958189e-28 8.556379773571426850e-22
3.377199305594557374e-28 8.622276606372005979e-22
3.419149889066899420e-28 8.688680955312768901e-22
3.461621570435582423e-28 8.755596729340804811e-22
3.504620822626489124e-28 8.823027867513073165e-22
3.548154198970269642e-28 8.890978339228194239e-22
3.592228334201218854e-28 8.959452144460490993e-22
3.636849945468277138e-28 9.028453313995294830e-22
3.682025833358875987e-28 9.097985909666105812e-22
3.727762882935328032e-28 9.168054024594423602e-22
3.774068064784270002e-28 9.238661783430142638e-22
3.820948436078838442e-28 9.309813342594823045e-22
3.868411141654344977e-28 9.381512890526261163e-22
3.916463415097125575e-28 9.453764647925196662e-22
3.965112579847110879e-28 9.526572868003864711e-22
4.014366050313765595e-28 9.599941836736522972e-22
4.064231333006216647e-28 9.673875873111712694e-22
4.114716027677254862e-28 9.748379329386725961e-22
4.165827828481547379e-28 9.823456591299726948e-22
4.217574525148403848e-28 9.899112077969637408e-22
4.269964004168774875e-28 9.975350242329615738e-22
4.323004249997334726e-28 1.005217557159594945e-21
4.376703346269283710e-28 1.012959258753382409e-21
4.431069477032485486e-28 1.020760584672366959e-21
4.486110927994548253e-28 1.028621994082818741e-21
4.541836087785758336e-28 1.036543949686354372e-21
4.598253449237477822e-28 1.044526917747037439e-21
4.655371610676652873e-28 1.052571368118901623e-21
4.713199277236023752e-28 1.060677774273477387e-21
4.771745262180984520e-28 1.068846613327725299e-21
4.831018488252738154e-28 1.077078366072040631e-21
4.891027989028132716e-28 1.085373516998542337e-21
4.951782910296589336e-28 1.093732554329563272e-21
5.013292511453735456e-28 1.102155970046384544e-21
5.075566166912746013e-28 1.110644259918087973e-21
5.138613367532977309e-28 1.119197923530826843e-21
5.202443722066594008e-28 1.127817464317094390e-21
5.267066958622747113e-28 1.136503389585406076e-21
5.332492926150362980e-28 1.145256210550075701e-21
5.398731595939089572e-28 1.154076442361316714e-21
5.465793063139155092e-28 1.162964604135501880e-21
5.533687548299661862e-28 1.171921218985737795e-21
5.602425398926435617e-28 1.180946814052559772e-21
5.672017091058996121e-28 1.190041920534969215e-21
5.742473230867117269e-28 1.199207073721652682e-21
5.813804556267460958e-28 1.208442813022499428e-21
5.886021938559810298e-28 1.217749682000242701e-21
5.959136384084107517e-28 1.227128228402507860e-21
6.033159035897786244e-28 1.236579004193923678e-21
6.108101175474231351e-28 1.246102565588682600e-21
6.183974224421850648e-28 1.255699473083158546e-21
6.260789746224981736e-28 1.265370291488916296e-21
6.338559448006138045e-28 1.275115589965894101e-21
6.417295182310445170e-28 1.284935942055879498e-21
6.497008948911725811e-28 1.294831925716240177e-21
6.577712896641540889e-28 1.304804123353889362e-21
6.659419325240690910e-28 1.314853121859537471e-21
6.742140687233706679e-28 1.324979512642200294e-21
6.825889589826909650e-28 1.335183891663981031e-21
6.910678796829488528e-28 1.345466859475100399e-21
6.996521230598941886e-28 1.355829021249188541e-21
7.083429974010690373e-28 1.366270986818902889e-21
7.171418272451639690e-28 1.376793370711755721e-21
7.260499535839083530e-28 1.387396792186273496e-21
7.350687340664387748e-28 1.398081875268337314e-21
7.441995432062071893e-28 1.408849248787979456e-21
7.534437725904881799e-28 1.419699546416256108e-21
7.628028310924290022e-28 1.430633406702562062e-21
7.722781450857936189e-28 1.441651473112142718e-21
7.818711586623445833e-28 1.452754394063945190e-21
7.915833338519236672e-28 1.463942822968698678e-21
8.014161508453002883e-28 1.475217418267422537e-21
8.113711082197214616e-28 1.486578843470002051e-21
8.214497231673230011e-28 1.498027767194320736e-21
8.316535317263787424e-28 1.509564863205496833e-21
8.419840890153609726e-28 1.521190810455524176e-21
8.524429694699760962e-28 1.532906293123155873e-21
8.630317670831110571e-28 1.544712000654180310e-21
8.737520956477602869e-28 1.556608627801876969e-21
8.846055890030042127e-28 1.568596874667946762e-21
8.955939012829740305e-28 1.580677446743604119e-21
9.067187071689794243e-28 1.592851054951084726e-21
9.179817021447319648e-28 1.605118415685403412e-21
9.293846027547388070e-28 1.617480250856503987e-21
9.409291468659452472e-28 1.629937287931708323e-21
9.526170939325486537e-28 1.642490259978436072e-21
9.644502252641728242e-28 1.655139905707297728e-21
9.764303442973729932e-28 1.667886969515613304e-21
9.885592768704427924e-28 1.680732201531031076e-21
1.000838871501713830e-27 1.693676357655728988e-21
1.013270999671272732e-27 1.706720199610802829e-21
1.025857556106176728e-27 1.719864494981053689e-21
1.038600459069254398e-27 1.733110017260122435e-21
1.051501650651409810e-27 1.746457545895932812e-21
1.064563097067641147e-27 1.759907866336521434e-21
1.077786788956686657e-27 1.773461770076220601e-21
1.091174741684443931e-27 1.787120054702158603e-21
1.104728995651070675e-27 1.800883523941167773e-21
1.118451616601988481e-27 1.814752987706990458e-21
1.132344695942695453e-27 1.828729262147936009e-21
1.146410351057546581e-27 1.842813169694830413e-21
1.160650725632398388e-27 1.857005539109329680e-21
1.175067989981356933e-27 1.871307205532688372e-21
1.189664341377535906e-27 1.885719010534820038e-21
1.204442004387924185e-27 1.900241802163724401e-21
1.219403231212461496e-27 1.914876434995441163e-21
1.234550302027228204e-27 1.929623770184157289e-21
1.249885525331995671e-27 1.944484675512905981e-21
1.265411238302034767e-27 1.959460025444515802e-21
1.281129807144356525e-27 1.974550701173078899e-21
1.297043627458272645e-27 1.989757590675658831e-21
1.313155124600540961e-27 2.005081588764553996e-21
1.329466754054981252e-27 2.020523597139844664e-21
1.345981001806749190e-27 2.036084524442422263e-21
1.362700384721148799e-27 2.051765286307347792e-21
1.379627450927261599e-27 2.067566805417740992e-21
1.396764780206283414e-27 2.083490011558906882e-21
1.414114984384688088e-27 2.099535841673114545e-21
1.431680707732328985e-27 2.115705239914515474e-21
1.449464627365373323e-27 2.131999157704766834e-21
1.467469453654354369e-27 2.148418553788859732e-21
1.485697930637225260e-27 2.164964394291478252e-21
1.504152836437613007e-27 2.181637652773843345e-21
1.522836983688148745e-27 2.198439310290850133e-21
1.541753219959176813e-27 2.215370355448757039e-21
1.560904428192716217e-27 2.232431784463268363e-21
1.580293527141887919e-27 2.249624601218160804e-21
1.599923471815673071e-27 2.266949817324154466e-21
1.619797253929324864e-27 2.284408452178424474e-21
1.639917902360308992e-27 2.302001533024575635e-21
1.660288483609909389e-27 2.319730095012847309e-21
1.680912102270633958e-27 2.337595181261158992e-21
1.701791901499290779e-27 2.355597842916196527e-21
1.722931063496078106e-27 2.373739139215333011e-21
1.744332809989541079e-27 2.392020137548791564e-21
1.766000402727639439e-27 2.410441913522455853e-21
1.787937143974769483e-27 2.429005551020991690e-21
1.810146377015106526e-27 2.447712142271594564e-21
1.832631486662110031e-27 2.466562787908100533e-21
1.855395899774449681e-27 2.485558597035804685e-21
1.878443085778186677e-27 2.504700687296460133e-21
1.901776557195594812e-27 2.523990184934111353e-21
1.925399870180473880e-27 2.543428224861169370e-21
1.949316625060111477e-27 2.563015950725117024e-21
1.973530466884057847e-27 2.582754514975785238e-21
1.998045085979555213e-27 2.602645078932980242e-21
2.022864218514030189e-27 2.622688812854741237e-21
2.047991647064472067e-27 2.642886896006177725e-21
2.073431201193988254e-27 2.663240516728671326e-21
2.099186758035349619e-27 2.683750872509738513e-21
2.125262242881954777e-27 2.704419170053371819e-21
2.151661629786033240e-27 2.725246625351022769e-21
2.178388942164383740e-27 2.746234463752953442e-21
2.205448253411460108e-27 2.767383920040293339e-21
2.232843687520250258e-27 2.788696238497531086e-21
2.260579419710778951e-27 2.810172672985704280e-21
2.288659677066415142e-27 2.831814487016010267e-21
2.317088739178180134e-27 2.853622953824085723e-21
2.345870938796868567e-27 2.875599356444753047e-21
2.375010662493438188e-27 2.897744987787487852e-21
2.404512351327610290e-27 2.920061150712339724e-21
2.434380501524593643e-27 2.942549158106461607e-21
2.464619665160412626e-27 2.965210332961263988e-21
2.495234450855651575e-27 2.988046008450167918e-21
2.526229524477812302e-27 3.011057528006844418e-21
2.557609609852502165e-27 3.034246245404315653e-21
2.589379489483248941e-27 3.057613524834297980e-21
2.621544005280463367e-27 3.081160740987500062e-21
2.654108059299352067e-27 3.104889279173481914e-21
2.687076614486999304e-27 3.128800535814695805e-21
2.720454695438833908e-27 3.152895918380382478e-21
2.754247389164275433e-27 3.177176845194450981e-21
2.788459845862088697e-27 3.201644745514669754e-21
2.823097279705371003e-27 3.226301059617193879e-21
2.858164969636087742e-27 3.251147238881429387e-21
2.893668260169701288e-27 3.276184745875917690e-21
2.929612562209685123e-27 3.301415054444494995e-21
2.966003353872151353e-27 3.326839649793531284e-21
3.002846181320842350e-27 3.352460028579498064e-21
3.040146659612254802e-27 3.378277698997470115e-21
3.077910473551500980e-27 3.404294180869978939e-21
3.116143378558683006e-27 3.430511005737077076e-21
3.154851201546023374e-27 3.456929716946503970e-21
3.194039841806025757e-27 3.483551869745025076e-21
3.233715271910403173e-27 3.510379031370141868e-21
3.273883538620410618e-27 3.537412781142775705e-21
3.314550763808484220e-27 3.564654710560555066e-21
3.355723145391093654e-27 3.592106423391635422e-21
3.397406958273441336e-27 3.619769535769656608e-21
3.439608555305771271e-27 3.647645676289077864e-21
3.482334368251547645e-27 3.675736486101350196e-21
3.525590908767808786e-27 3.704043619012040421e-21
3.569384769397410243e-27 3.732568741578212508e-21
3.613722624573875155e-27 3.761313533207214993e-21
3.658611231638594332e-27 3.790279686255655721e-21
3.704057431870647277e-27 3.819468906129481744e-21
3.750068151529575584e-27 3.848882911384679127e-21
3.796650402910802382e-27 3.878523433828880796e-21
3.843811285414437512e-27 3.908392218623519068e-21
3.891557986627358679e-27 3.938491024387234546e-21
3.939897783418454493e-27 3.968821623299391096e-21
3.988838043047784175e-27 3.999385801205061591e-21
4.038386224289361203e-27 4.030185357720431206e-21
4.088549878567878735e-27 4.061222106339218582e-21
4.139336651109719754e-27 4.092497874539743243e-21
4.190754282107938409e-27 4.124014503892911581e-21
4.242810607902005343e-27 4.155773850171065003e-21
4.295513562172248855e-27 4.187777783457698501e-21
4.348871177148613790e-27 4.220028188257855561e-21
4.402891584835307253e-27 4.252526963609579323e-21
4.457583018249772807e-27 4.285276023196079187e-21
4.512953812677593836e-27 4.318277295458885973e-21
4.569012406942945794e-27 4.351532723711852679e-21
4.625767344694504087e-27 4.385044266255790190e-21
4.683227275707689346e-27 4.418813896494450400e-21
4.741400957202905706e-27 4.452843603051103642e-21
4.800297255180152352e-27 4.487135389885914349e-21
4.859925145770410827e-27 4.521691276414740080e-21
4.920293716603419949e-27 4.556513297628013310e-21
4.981412168192801188e-27 4.591603504211445327e-21
5.043289815338390994e-27 4.626963962667049111e-21
5.105936088545626553e-27 4.662596755435330564e-21
5.169360535462971468e-27 4.698503981018381761e-21
5.233572822336988936e-27 4.734687754103873977e-21
5.298582735485490003e-27 4.771150205690195738e-21
5.364400182789198878e-27 4.807893483212407883e-21
5.431035195201510550e-27 4.844919750669123986e-21
5.498497928277436290e-27 4.882231188750450779e-21
5.566798663721325919e-27 4.919829994966910357e-21
5.635947810953811682e-27 4.957718383779507403e-21
5.705955908698447241e-27 4.995898586730589360e-21
5.776833626587594824e-27 5.034372852575577027e-21
5.848591766788671143e-27 5.073143447416211831e-21
5.921241265650605742e-27 5.112212654834441808e-21
5.994793195370318046e-27 5.151582776027489482e-21
6.069258765680369658e-27 5.191256129943780385e-21
6.144649325557347811e-27 5.231235053420255095e-21
6.220976364951461385e-27 5.271521901320483237e-21
6.298251516537878969e-27 5.312119046673922514e-21
6.376486557489306760e-27 5.353028880816260316e-21
6.455693411271105618e-27 5.394253813530792781e-21
6.535884149458438587e-27 5.435796273191020344e-21
6.617070993575995612e-27 5.477658706904194216e-21
6.699266316960842138e-27 5.519843580656159110e-21
6.782482646647857088e-27 5.562353379457018238e-21
6.866732665279087538e-27 5.605190607488343579e-21
6.952029213036825641e-27 5.648357788251182083e-21
7.038385289600188269e-27 5.691857464715158764e-21
7.125814056126566850e-27 5.735692199469258959e-21
7.214328837257406441e-27 5.779864574873092823e-21
7.303943123148895177e-27 5.824377193209690029e-21
7.394670571528181122e-27 5.869232676839817168e-21
7.486525009774535364e-27 5.914433668356570488e-21
7.579520437026949392e-27 5.959982830742000641e-21
7.673671026317632947e-27 6.005882847524658268e-21
7.768991126732003546e-27 6.052136422938316956e-21
7.865495265595811961e-27 6.098746282081963853e-21
7.963198150688818196e-27 6.145715171081036111e-21
8.062114672486526088e-27 6.193045857249809131e-21
8.162259906429772751e-27 6.240741129255356399e-21
8.263649115221921767e-27 6.288803797282424132e-21
8.366297751155248584e-27 6.337236693199581107e-21
8.470221458465888189e-27 6.386042670726964897e-21
8.575436075718038127e-27 6.435224605605199476e-21
8.681957638218125717e-27 6.484785395765436019e-21
8.789802380458259315e-27 6.534727961500842674e-21
8.898986738590740061e-27 6.585055245639522220e-21
9.009527352932952527e-27 6.635770213718623666e-21
9.121441070503366068e-27 6.686875854159755341e-21
9.234744947589421744e-27 6.738375178446140359e-21
9.349456252346554350e-27 6.790271221300517626e-21
9.465592467430183388e-27 6.842567040864904834e-21
9.583171292660396036e-27 6.895265718881700569e-21
9.702210647719048052e-27 6.948370360875858481e-21
9.822728674881120753e-27 7.001884096339040792e-21
9.944743741779643862e-27 7.055810078914488009e-21
1.006827444420493471e-26 7.110151486583927417e-21
1.019333960893903193e-26 7.164911521855769535e-21
1.031995829662452015e-26 7.220093411954579001e-21
1.044814980466979900e-26 7.275700409011931217e-21
1.057793367019003880e-26 7.331735790259402566e-21
1.070932967298466247e-26 7.388202858222072207e-21
1.084235783855224881e-26 7.445104940914632900e-21
1.097703844114200660e-26 7.502445392037846394e-21
1.111339200684394426e-26 7.560227591177427286e-21
1.125143931671743833e-26 7.618454944004205830e-21
1.139120140995784481e-26 7.677130882475620830e-21
1.153269958710334872e-26 7.736258865038879669e-21
1.167595541328120258e-26 7.795842376836081891e-21
1.182099072149427052e-26 7.855884929910101106e-21
1.196782761594889703e-26 7.916390063413110543e-21
1.211648847542312729e-26 7.977361343815730015e-21
1.226699595667775156e-26 8.038802365118465944e-21
1.241937299790922661e-26 8.100716749064434835e-21
1.257364282224547993e-26 8.163108145353925415e-21
1.272982894128566448e-26 8.225980231860727208e-21
1.288795515868284074e-26 8.289336714849619186e-21
1.304804557377209297e-26 8.353181329195943835e-21
1.321012458524372376e-26 8.417517838607362944e-21
1.337421689486112513e-26 8.482350035845963970e-21
1.354034751122589039e-26 8.547681742953577293e-21
1.370854175358914652e-26 8.613516811477821706e-21
1.387882525571026356e-26 8.679859122700381284e-21
1.405122396976401306e-26 8.746712587867054706e-21
1.422576417029516810e-26 8.814081148419221942e-21
1.440247245822321972e-26 8.881968776227525756e-21
1.458137576489698291e-26 8.950379473827191762e-21
1.476250135619778651e-26 9.019317274654782386e-21
1.494587683669662221e-26 9.088786243287994707e-21
1.513153015385991174e-26 9.158790475685598225e-21
1.531948960230933375e-26 9.229334099430572984e-21
1.550978382813448465e-26 9.300421273974677096e-21
1.570244183325792883e-26 9.372056190884863461e-21
1.589749297985577775e-26 9.444243074091644980e-21
1.609496699483251798e-26 9.516986180139409782e-21
1.629489397435141980e-26 9.590289798438522438e-21
1.649730438842191826e-26 9.664158251519930402e-21
1.670222908554259204e-26 9.738595895290859791e-21
1.690969929740307193e-26 9.813607118953028071e-21
1.711974664364431371e-26 9.889196340598659165e-21
1.733240313667681635e-26 9.965368008505466717e-21
1.754770118656002841e-26 1.004212660499270889e-20
1.776567360594168583e-26 1.011947664677352823e-20
1.798635361505851005e-26 1.019742268521770870e-20
1.820977484679973895e-26 1.027596930661687921e-20
1.843597135183210710e-26 1.035512113245019870e-20
1.866497760378991739e-26 1.043488281965410068e-20
1.889682850452890384e-26 1.051525906089239736e-20
1.913155938944529758e-26 1.059625458482931183e-20
1.936920603286176926e-26 1.067787415640460016e-20
1.960980465347871519e-26 1.076012257710999007e-20
1.985339191989463539e-26 1.084300468526871307e-20
2.010000495619515002e-26 1.092652535631661505e-20
2.034968134760992825e-26 1.101068950308517467e-20
2.060245914624155863e-26 1.109550207608751898e-20
2.085837687686473402e-26 1.118096806380543369e-20
2.111747354279746701e-26 1.126709249297965039e-20
2.137978863184612390e-26 1.135388042890171075e-20
2.164536212232254096e-26 1.144133697570827419e-20
2.191423448913765398e-26 1.152946727667725365e-20
2.218644670996990483e-26 1.161827651452701487e-20
2.246204027151032505e-26 1.170776991171685604e-20
2.274105717578604392e-26 1.179795273075092105e-20
2.302353994656055390e-26 1.188883027448284401e-20
2.330953163581512417e-26 1.198040788642445173e-20
2.359907583031071661e-26 1.207269095105554201e-20
2.389221665822974984e-26 1.216568489413652684e-20
2.418899879590222281e-26 1.225939518302317890e-20
2.448946747461445588e-26 1.235382732698454552e-20
2.479366848750240089e-26 1.244898687752152752e-20
2.510164819653157514e-26 1.254487942869059345e-20
2.541345353956168194e-26 1.264151061742676858e-20
2.572913203750102051e-26 1.273888612387164331e-20
2.604873180154872222e-26 1.283701167170261245e-20
2.637230154052697977e-26 1.293589302846488441e-20
2.669989056830539319e-26 1.303553600590601079e-20
2.703154881131539498e-26 1.313594646031292707e-20
2.736732681615996315e-26 1.323713029285128946e-20
2.770727575731789617e-26 1.333909344990868615e-20
2.805144744494174283e-26 1.344184192343770409e-20
2.839989433275485716e-26 1.354538175130502187e-20
2.875266952604543149e-26 1.364971901764017758e-20
2.910982678975980380e-26 1.375485985318899650e-20
2.947142055669747284e-26 1.386081043566834137e-20
2.983750593580558253e-26 1.396757699012481836e-20
3.020813872057874747e-26 1.407516578929470934e-20
3.058337539756207860e-26 1.418358315396823737e-20
3.096327315495980812e-26 1.429283545335486753e-20
3.134788989135209096e-26 1.440292910545329910e-20
3.173728422451757778e-26 1.451387057742232446e-20
3.213151550036784355e-26 1.462566638595623793e-20
3.253064380199282808e-26 1.473832309766142735e-20
3.293472995881627247e-26 1.485184732943737112e-20
3.334383555586753416e-26 1.496624574885927839e-20
3.375802294316719756e-26 1.508152507456445467e-20
3.417735524522933874e-26 1.519769207664115309e-20
3.460189637068312470e-26 1.531475357702050718e-20
3.503171102201123869e-26 1.543271644987128028e-20
3.546686470541196221e-26 1.555158762199795531e-20
3.590742374078245679e-26 1.567137407324160799e-20
3.635345527182596633e-26 1.579208283688336215e-20
3.680502727628612551e-26 1.591372100005201274e-20
3.726220857630532073e-26 1.603629570413361702e-20
3.772506884891451355e-26 1.615981414518461852e-20
3.819367863665329836e-26 1.628428357434833243e-20
3.866810935831917263e-26 1.640971129827423559e-20
3.914843331985339512e-26 1.653610467954065093e-20
3.963472372536050508e-26 1.666347113707993564e-20
4.012705468826472783e-26 1.679181814660849917e-20
4.062550124260657314e-26 1.692115324105811226e-20
4.113013935447650364e-26 1.705148401101184417e-20
4.164104593359357719e-26 1.718281810514262704e-20
4.215829884502827093e-26 1.731516323065593991e-20
4.268197692106581932e-26 1.744852715373378671e-20
4.321215997322551768e-26 1.758291769998558359e-20
4.374892880442064293e-26 1.771834275489836906e-20
4.429236522127465554e-26 1.785481026429364062e-20
4.484255204659007791e-26 1.799232823478630690e-20
4.539957313196902757e-26 1.813090473424654367e-20
4.596351337059407803e-26 1.827054789226604948e-20
4.653445871016613529e-26 1.841126590062822831e-20
4.711249616600295759e-26 1.855306701378007255e-20
4.769771383430233053e-26 1.869595954931039546e-20
4.829020090556610349e-26 1.883995188842807266e-20
4.889004767819449480e-26 1.898505247644776468e-20
4.949734557224928242e-26 1.913126982327624137e-20
5.011218714338434754e-26 1.927861250390410190e-20
5.073466609695325985e-26 1.942708915890054915e-20
5.136487730229013917e-26 1.957670849491188061e-20
5.200291680716784561e-26 1.972747928516416507e-20
5.264888185243788358e-26 1.987941036996944325e-20
5.330287088684795578e-26 2.003251065723530177e-20
5.396498358204777417e-26 2.018678912297915663e-20
5.463532084777918489e-26 2.034225481184570244e-20
5.531398484725489448e-26 2.049891683762883643e-20
5.600107901273060174e-26 2.065678438379707618e-20
5.669670806126588589e-26 2.081586670402326263e-20
5.740097801068505517e-26 2.097617312271748291e-20
5.811399619573627957e-26 2.113771303556551826e-20
5.883587128444721729e-26 2.130049591006984972e-20
5.956671329468848772e-26 2.146453128609535243e-20
6.030663361094058309e-26 2.162982877641939528e-20
6.105574500126897117e-26 2.179639806728547963e-20
6.181416163451260071e-26 2.196424891896183422e-20
6.258199909768089639e-26 2.213339116630328415e-20
6.335937441357184775e-26 2.230383471931780831e-20
6.414640605860648552e-26 2.247558956373785146e-20
6.494321398088478477e-26 2.264866576159451618e-20
6.574991961846859693e-26 2.282307345179863096e-20
6.656664591788630709e-26 2.299882285072282945e-20
6.739351735287217697e-26 2.317592425279091205e-20
6.823065994333846784e-26 2.335438803107036136e-20
6.907820127457833465e-26 2.353422463786897712e-20
6.993627051671276140e-26 2.371544460533684975e-20
7.080499844437622301e-26 2.389805854607284171e-20
7.168451745664692797e-26 2.408207715373449036e-20
7.257496159722755386e-26 2.426751120365469677e-20
7.347646657487070143e-26 2.445437155345979875e-20
7.438916978406409399e-26 2.464266914369608792e-20
7.531321032596962152e-26 2.483241499845742814e-20
7.624872902962258920e-26 2.502362022602105314e-20
7.719586847339730041e-26 2.521629601948501619e-20
7.815477300673310804e-26 2.541045365741272669e-20
7.912558877213593800e-26 2.560610450448037557e-20
8.010846372745318389e-26 2.580326001213210653e-20
8.110354766841945910e-26 2.600193171923633392e-20
8.211099225148888710e-26 2.620213125275043224e-20
8.313095101694778844e-26 2.640387032838788734e-20
8.416357941231438813e-26 2.660716075129266382e-20
8.520903481603263768e-26 2.681201441671679831e-20
8.626747656145350523e-26 2.701844331070402635e-20
8.733906596112099870e-26 2.722645951077797437e-20
8.842396633135643637e-26 2.743607518663723983e-20
8.952234301714802441e-26 2.764730260085189475e-20
9.063436341735337545e-26 2.786015410957115361e-20
9.176019701020758670e-26 2.807464216322946143e-20
9.290001537915485464e-26 2.829077930726342719e-20
9.405399223900114655e-26 2.850857818283153182e-20
9.522230346238468018e-26 2.872805152753995702e-20
9.640512710658301512e-26 2.894921217617286781e-20
9.760264344064919057e-26 2.917207306143004971e-20
9.881503497288497990e-26 2.939664721466884317e-20
1.000424864786594006e-25 2.962294776665121178e-20
1.012851850285647313e-25 2.985098794829773784e-20
1.025433200169302854e-25 3.008078109144637858e-20
1.038170831906864682e-25 3.031234062961696401e-20
1.051066686785871645e-25 3.054568009878227914e-20
1.064122730207995376e-25 3.078081313814343128e-20
1.077340951988527093e-25 3.101775349375985490e-20
1.090723366659662375e-25 3.125651507138097644e-20
1.104272013777554062e-25 3.149711193373054477e-20
1.117988958233099413e-25 3.173955825503936134e-20
1.131876290566675508e-25 3.198386832019410340e-20
1.145936127286742064e-25 3.223005652561384479e-20
1.160170611192399386e-25 3.247813738013579111e-20
1.174581911700000158e-25 3.272812550590791221e-20
1.189172225173726004e-25 3.298003563928793611e-20
1.203943775260361624e-25 3.323388263174934862e-20
1.218898813228182927e-25 3.348968145079708876e-20
1.234039618310052605e-25 3.374744718088712015e-20
1.249368498050828997e-25 3.400719502435729909e-20
1.264887788658988363e-25 3.426894030236216685e-20
1.280599855362705535e-25 3.453269845581770857e-20
1.296507092770361051e-25 3.479848504635408671e-20
1.312611925235429524e-25 3.506631575727288241e-20
1.328916807226007307e-25 3.533620639451577208e-20
1.345424223698875922e-25 3.560817288764040205e-20
1.362136690478214196e-25 3.588223129080086754e-20
1.379056754639066329e-25 3.615839778374169710e-20
1.396186994895466710e-25 3.643668867279387138e-20
1.413530021993480920e-25 3.671712039188476270e-20
1.431088479109146612e-25 3.699970950355165572e-20
1.448865042251180656e-25 3.728447269996559587e-20
1.466862420668980375e-25 3.757142680396378406e-20
1.485083357265401370e-25 3.786058877009015667e-20
1.503530629014836544e-25 3.815197568564226689e-20
1.522207047386480404e-25 3.844560477173173784e-20
1.541115458772740493e-25 3.874149338434613010e-20
1.560258744923091008e-25 3.903965901542752262e-20
1.579639823383257465e-25 3.934011929395227335e-20
1.599261647939852255e-25 3.964289198702639785e-20
1.619127209070602296e-25 3.994799500098384900e-20
1.639239534400036311e-25 4.025544638249779050e-20
1.659601689160949696e-25 4.056526431969909282e-20
1.680216776661605441e-25 4.087746714330556000e-20
1.701087938758614845e-25 4.119207332775722934e-20
1.722218356335827943e-25 4.150910149236524872e-20
1.743611249789105082e-25 4.182857040246576145e-20
1.765269879517108542e-25 4.215049897058641193e-20
1.787197546418264810e-25 4.247490625762088006e-20
1.809397592393752190e-25 4.280181147401331010e-20
1.831873400856884975e-25 4.313123398095269415e-20
1.854628397248748866e-25 4.346319329157578396e-20
1.877666049560243065e-25 4.379770907218132353e-20
1.900989868860683323e-25 4.413480114345486835e-20
1.924603409832816257e-25 4.447448948169918981e-20
1.948510271314619620e-25 4.481679422008132686e-20
1.972714096847832732e-25 4.516173564988416968e-20
1.997218575233158764e-25 4.550933422177074837e-20
2.022027441092522057e-25 4.585961054705955373e-20
2.047144475438229391e-25 4.621258539900794686e-20
2.072573506249201460e-25 4.656827971410844238e-20
2.098318409054446013e-25 4.692671459339480798e-20
2.124383107523609463e-25 4.728791130375663794e-20
2.150771574065033281e-25 4.765189127926892494e-20
2.177487830431155859e-25 4.801867612252854102e-20
2.204535948331430877e-25 4.838828760600462752e-20
2.231920050052953423e-25 4.876074767339774180e-20
2.259644309088608814e-25 4.913607844101142641e-20
2.287712950773193204e-25 4.951430219913432253e-20
2.316130252927432500e-25 4.989544141343538589e-20
2.344900546509837142e-25 5.027951872636662582e-20
2.374028216276837689e-25 5.066655695858263594e-20
2.403517701451027644e-25 5.105657911036610137e-20
2.433373496397708668e-25 5.144960836307031416e-20
2.463600151309935164e-25 5.184566808056994028e-20
2.494202272901869524e-25 5.224478181072401615e-20
2.525184525110953570e-25 5.264697328685239661e-20
2.556551629808697394e-25 5.305226642922511272e-20
2.588308367520299084e-25 5.346068534655828964e-20
2.620459578153307965e-25 5.387225433753212854e-20
2.653010161735126996e-25 5.428699789230999582e-20
2.685965079159869533e-25 5.470494069408028660e-20
2.719329352944491485e-25 5.512610762060321120e-20
2.753108067994121237e-25 5.555052374577578180e-20
2.787306372377117269e-25 5.597821434120411753e-20
2.821929478109638078e-25 5.640920487779576724e-20
2.856982661949962284e-25 5.684352102735760548e-20
2.892471266202788500e-25 5.728118866421404689e-20
2.928400699533294551e-25 5.772223386683088210e-20
2.964776437791539679e-25 5.816668291945976905e-20
3.001604024846994812e-25 5.861456231379099389e-20
3.038889073433432809e-25 5.906589875062343276e-20
3.076637266004440386e-25 5.952071914154545532e-20
3.114854355599309298e-25 5.997905061063123572e-20
3.153546166719904155e-25 6.044092049614978665e-20
3.192718596218428357e-25 6.090635635229239822e-20
3.232377614195982541e-25 6.137538595090516835e-20
3.272529264912547352e-25 6.184803728324620926e-20
3.313179667708134342e-25 6.232433856175043725e-20
3.354335017935382321e-25 6.280431822181100974e-20
3.396001587903873751e-25 6.328800492357720496e-20
3.438185727835907165e-25 6.377542755376277387e-20
3.480893866834414366e-25 6.426661522747308193e-20
3.524132513862766654e-25 6.476159729004792314e-20
3.567908258736748334e-25 6.526040331891253130e-20
3.612227773128998271e-25 6.576306312545551819e-20
3.657097811585636183e-25 6.626960675691060341e-20
3.702525212555781251e-25 6.678006449826186469e-20
3.748516899433860210e-25 6.729446687415950850e-20
3.795079881614593779e-25 6.781284465085764451e-20
3.842221255561385116e-25 6.833522883815896926e-20
3.889948205887835685e-25 6.886165069138611193e-20
3.938268006452684268e-25 6.939214171336004589e-20
3.987188021468517164e-25 6.992673365640119009e-20
4.036715706623921271e-25 7.046545852434263176e-20
4.086858610219867994e-25 7.100834857456346313e-20
4.137624374320254054e-25 7.155543632003791061e-20
4.189020735916226350e-25 7.210675453139740397e-20
4.241055528105811655e-25 7.266233623901882605e-20
4.293736681287357470e-25 7.322221473511879307e-20
4.347072224368303874e-25 7.378642357587450070e-20
4.401070285988939273e-25 7.435499658355858127e-20
4.455739095761040835e-25 7.492796784868840557e-20
4.511086985522255532e-25 7.550537173220007245e-20
4.567122390605886585e-25 7.608724286763454403e-20
4.623853851126441640e-25 7.667361616334406321e-20
4.681290013281355008e-25 7.726452680471897411e-20
4.739439630668483564e-25 7.786001025642704891e-20
4.798311565620319478e-25 7.846010226467900741e-20
4.857914790554781069e-25 7.906483885950733756e-20
4.918258389342420189e-25 7.967425635706400204e-20
4.979351558691017731e-25 8.028839136194276078e-20
5.041203609547172381e-25 8.090728076951298870e-20
5.103823968515298620e-25 8.153096176827833812e-20
5.167222179294465617e-25 8.215947184225516590e-20
5.231407904132658223e-25 8.279284877336601900e-20
5.296390925299526297e-25 8.343113064385588212e-20
5.362181146577218268e-25 8.407435583873201798e-20
5.428788594769723236e-25 8.472256304821580851e-20
5.496223421231199129e-25 8.537579127022512212e-20
5.564495903412823169e-25 8.603407981286590127e-20
5.633616446429272179e-25 8.669746829695462515e-20
5.703595584644651799e-25 8.736599665855645665e-20
5.774443983277729541e-25 8.803970515154680141e-20
5.846172440027547955e-25 8.871863435018867149e-20
5.918791886719013877e-25 8.940282515174269366e-20
5.992313390968921971e-25 9.009231877908437594e-20
6.066748157872919532e-25 9.078715678335838810e-20
6.142107531712930402e-25 9.148738104663959507e-20
6.218402997686283274e-25 9.219303378463234399e-20
6.295646183656076971e-25 9.290415754937407264e-20
6.373848861923275831e-25 9.362079523198032538e-20
6.453022951021085299e-25 9.434299006539833943e-20
6.533180517531092539e-25 9.507078562718997753e-20
6.614333777922437549e-25 9.580422584233672452e-20
6.696495100413831110e-25 9.654335498606791550e-20
6.779677006858224875e-25 9.728821768671196674e-20
6.863892174651423900e-25 9.803885890577966008e-20
6.949153438664142928e-25 9.879532336868761068e-20
7.035473793198052871e-25 9.955765550533221799e-20
7.122866393966418995e-25 1.003259000399472151e-19
7.211344560098760514e-25 1.011001020236324207e-19
7.300921776170994540e-25 1.018803068365657300e-19
7.391611694260497755e-25 1.026665601902259268e-19
7.483428136026707533e-25 1.034589081296254258e-19
7.576385094817859448e-25 1.042573970355649470e-19
7.670496737803290864e-25 1.050620736268870825e-19
7.765777408132778136e-25 1.058729849627585474e-19
7.862241627122704476e-25 1.066901784449552715e-19
7.959904096468814195e-25 1.075137018201628148e-19
8.058779700487086048e-25 1.083436031822908170e-19
8.158883508382125091e-25 1.091799309748030361e-19
8.260230776543726919e-25 1.100227339930546209e-19
8.362836950872310375e-25 1.108720613866528918e-19
8.466717669132552961e-25 1.117279626618166530e-19
8.571888763336945319e-25 1.125904876837671983e-19
8.678366262158617365e-25 1.134596866791138649e-19
8.786166393374119325e-25 1.143356102382714597e-19
8.895305586336920824e-25 1.152183093178770134e-19
9.005800474480907126e-25 1.161078352432266108e-19
9.117667897855613713e-25 1.170042397107269074e-19
9.230924905692984326e-25 1.179075747903595733e-19
9.345588759005312659e-25 1.188178929281538747e-19
9.461676933216224635e-25 1.197352469486839540e-19
9.579207120823951873e-25 1.206596900575691216e-19
9.698197234097697163e-25 1.215912758440002173e-19
9.818665407807872539e-25 1.225300582832645052e-19
9.940630001989477116e-25 1.234760917393001790e-19
1.006410960474058363e-24 1.244294309672547429e-19
1.018912303505518433e-24 1.253901311160619302e-19
1.031568934569124103e-24 1.263582477310301531e-19
1.044382782607476235e-24 1.273338367564534378e-19
1.057355800523911622e-24 1.283169545382214686e-19
1.070489965480162227e-24 1.293076578264601107e-19
1.083787279197711338e-24 1.303060037781758556e-19
1.097249768262815988e-24 1.313120499599189736e-19
1.110879484435404462e-24 1.323258543504595692e-19
1.124678504961767893e-24 1.333474753434830644e-19
1.138648932891134487e-24 1.343769717502886432e-19
1.152792897396223892e-24 1.354144028025218336e-19
1.167112554097689881e-24 1.364598281548958220e-19
1.181610085392684986e-24 1.375133078879563185e-19
1.196287700787462582e-24 1.385749025108364314e-19
1.211147637234106978e-24 1.396446729640406465e-19
1.226192159471498045e-24 1.407226806222421687e-19
1.241423560370410640e-24 1.418089872970911924e-19
1.256844161282990732e-24 1.429036552400359554e-19
1.272456312396572958e-24 1.440067471451733082e-19
1.288262393091802504e-24 1.451183261520940344e-19
1.304264812305305788e-24 1.462384558487596124e-19
1.320466008896816814e-24 1.473672002743817936e-19
1.336868452020861873e-24 1.485046239223342234e-19
1.353474641503116285e-24 1.496507917430584526e-19
1.370287108221327567e-24 1.508057691470020161e-19
1.387308414491066393e-24 1.519696220075591829e-19
1.404541154456285144e-24 1.531424166640454833e-19
1.421987954484554375e-24 1.543242199246606796e-19
1.439651473567496615e-24 1.555150990694943724e-19
1.457534403725905255e-24 1.567151218535308364e-19
1.475639470420068847e-24 1.579243565096706121e-19
1.493969432965184746e-24 1.591428717517775436e-19
1.512527084951820771e-24 1.603707367777328457e-19
1.531315254671723886e-24 1.616080212725002462e-19
1.550336805548854328e-24 1.628547954112237954e-19
1.569594636575775946e-24 1.641111298623257489e-19
1.589091682755530586e-24 1.653770957906283553e-19
1.608830915548871452e-24 1.666527648604854667e-19
1.628815343327169135e-24 1.679382092389361525e-19
1.649048011830945334e-24 1.692335015988766821e-19
1.669532004633980243e-24 1.705387151222330369e-19
1.690270443613320562e-24 1.718539235031671505e-19
1.711266489425058449e-24 1.731792009512961246e-19
1.732523341986018431e-24 1.745146221949114448e-19
1.754044240961499212e-24 1.758602624842400378e-19
1.775832466258934652e-24 1.772161975946982741e-19
1.797891338527823062e-24 1.785825038301783511e-19
1.820224219665803235e-24 1.799592580263394662e-19
1.842834513331007622e-24 1.813465375539242929e-19
1.865725665460862355e-24 1.827444203220867462e-19
1.888901164797176159e-24 1.841529847817398754e-19
1.912364543417889559e-24 1.855723099289085710e-19
1.936119377275429608e-24 1.870024753081207418e-19
1.960169286741614342e-24 1.884435610157915594e-19
1.984517937159478315e-24 1.898956477036425613e-19
2.009169039401876696e-24 1.913588165821185879e-19
2.034126350437026993e-24 1.928331494238455489e-19
2.059393673901158470e-24 1.943187285670804620e-19
2.084974860678109472e-24 1.958156369191957249e-19
2.110873809486288491e-24 1.973239579601691170e-19
2.137094467472846153e-24 1.988437757460946496e-19
2.163640830815224165e-24 2.003751749127127470e-19
2.190516945330266365e-24 2.019182406789560521e-19
2.217726907090719593e-24 2.034730588505018286e-19
2.245274863049548291e-24 2.050397158233583069e-19
2.273165011672011038e-24 2.066182985874578678e-19
2.301401603575421150e-24 2.082088947302656093e-19
2.329988942177036552e-24 2.098115924404090502e-19
2.358931384349907748e-24 2.114264805113217974e-19
2.388233341086870136e-24 2.130536483449085419e-19
2.417899278172883058e-24 2.146931859552257523e-19
2.447933716865523114e-24 2.163451839721698783e-19
2.478341234584128014e-24 2.180097336451948047e-19
2.509126465607401775e-24 2.196869268470448578e-19
2.540294101779684061e-24 2.213768560774955389e-19
2.571848893226096697e-24 2.230796144671235800e-19
2.603795649076366804e-24 2.247952957810848004e-19
2.636139238197825407e-24 2.265239944229057809e-19
2.668884589937516117e-24 2.282658054383163680e-19
2.702036694873327576e-24 2.300208245190579602e-19
2.735600605574670909e-24 2.317891480067566968e-19
2.769581437372498687e-24 2.335708728967704554e-19
2.803984369138887639e-24 2.353660968420871264e-19
2.838814644076420209e-24 2.371749181572119101e-19
2.874077570517140883e-24 2.389974358220967916e-19
2.909778522731667686e-24 2.408337494860686675e-19
2.945922941748238440e-24 2.426839594717849650e-19
2.982516336181930929e-24 2.445481667791941248e-19
3.019564283074303089e-24 2.464264730895394163e-19
3.057072428743221416e-24 2.483189807693451795e-19
3.095046489643463163e-24 2.502257928744462558e-19
3.133492253238012954e-24 2.521470131540244961e-19
3.172415578879955012e-24 2.540827460546653470e-19
3.211822398705571156e-24 2.560330967244216117e-19
3.251718718538408363e-24 2.579981710169227096e-19
3.292110618804571202e-24 2.599780754954561561e-19
3.333004255459524553e-24 2.619729174371115851e-19
3.374405860926131128e-24 2.639828048369147103e-19
3.416321745044619507e-24 2.660078464119819407e-19
3.458758296034209423e-24 2.680481516056996491e-19
3.501721981466685931e-24 2.701038305919226987e-19
3.545219349252206445e-24 2.721749942791730194e-19
3.589257028637072828e-24 2.742617543148763156e-19
3.633841731214145195e-24 2.763642230895967058e-19
3.678980251945820283e-24 2.784825137413117564e-19
3.724679470199442870e-24 2.806167401596775506e-19
3.770946350795882006e-24 2.827670169903322267e-19
3.817787945070974486e-24 2.849334596392067869e-19
3.865211391950162530e-24 2.871161842768574293e-19
3.913223919036628324e-24 2.893153078428063040e-19
3.961832843712635254e-24 2.915309480499139047e-19
4.011045574254832535e-24 2.937632233887500143e-19
4.060869610963449044e-24 2.960122531320088033e-19
4.111312547305020031e-24 2.982781573388987461e-19
4.162382071070139588e-24 3.005610568596067823e-19
4.214085965544755546e-24 3.028610733397178926e-19
4.266432110696520247e-24 3.051783292247005897e-19
4.319428484375847494e-24 3.075129477643772423e-19
4.373083163531574277e-24 3.098650532393091475e-19
4.427404325442072168e-24 3.122347789481354445e-19
4.482400248961477046e-24 3.146222697169881398e-19
4.538079315781394202e-24 3.170276724528428035e-19
4.594450011708468213e-24 3.194511355033946822e-19
4.651520927957441420e-24 3.218928086730523917e-19
4.709300762460617168e-24 3.243528432391881431e-19
4.767798321193588210e-24 3.268313919685381925e-19
4.827022519517089222e-24 3.293286091338283342e-19
4.886982383535901337e-24 3.318446505305681065e-19
4.947687051474441344e-24 3.343796734940990757e-19
5.009145775069441849e-24 3.369338369167859268e-19
5.071367920980130129e-24 3.395073012654850820e-19
5.134362972215514111e-24 3.421002285991501078e-19
5.198140529579813571e-24 3.447127825867240852e-19
5.262710313135631749e-24 3.473451285251903405e-19
5.328082163685309655e-24 3.499974333578849572e-19
5.394266044270889922e-24 3.526698656930022186e-19
5.461272041692284658e-24 3.553625958223434392e-19
5.529110368044686140e-24 3.580757957402918047e-19
5.597791362275085169e-24 3.608096391630165893e-19
5.667325491757720027e-24 3.635643015479022746e-19
5.737723353889536758e-24 3.663399601132405088e-19
5.808995677705253014e-24 3.691367938581359410e-19
5.881153325512474376e-24 3.719549835826708039e-19
5.954207294547362713e-24 3.747947119083286307e-19
6.028168718650391548e-24 3.776561632986395016e-19
6.103048869963399165e-24 3.805395240800926099e-19
6.178859160647474423e-24 3.834449824633307839e-19
6.255611144622189545e-24 3.863727285645607129e-19
6.333316519326683875e-24 3.893229544272707448e-19
6.411987127502117395e-24 3.922958540441843202e-19
6.491634958996718700e-24 3.952916233795044637e-19
6.572272152593268769e-24 3.983104603914339235e-19
6.653910997858805971e-24 4.013525650549601741e-19
6.736563937017829948e-24 4.044181393849266131e-19
6.820243566848525348e-24 4.075073874594213427e-19
6.904962640602516016e-24 4.106205154433939828e-19
6.990734069948763102e-24 4.137577316126449089e-19
7.077570926941039917e-24 4.169192463780375148e-19
7.165486446010408081e-24 4.201052723100685518e-19
7.254494025982173342e-24 4.233160241637158036e-19
7.344607232117867668e-24 4.265517189036147566e-19
7.435839798182926181e-24 4.298125757295262796e-19
7.528205628539425625e-24 4.330988161021598772e-19
7.621718800265364028e-24 4.364106637692689334e-19
7.716393565300280258e-24 4.397483447921452483e-19
7.812244352616956324e-24 4.431120875723716013e-19
7.909285770420721759e-24 4.465021228789552634e-19
8.007532608375767916e-24 4.499186838758097173e-19
8.106999839859105494e-24 4.533620061495387006e-19
8.207702624242864694e-24 4.568323277376289315e-19
8.309656309204269453e-24 4.603298891569570495e-19
8.412876433064969651e-24 4.638549334326616165e-19
8.517378727159117091e-24 4.674077061274056001e-19
8.623179118230822965e-24 4.709884553709819612e-19
8.730293730861778497e-24 4.745974318903346649e-19
8.838738889928309972e-24 4.782348890398839882e-19
8.948531123089581425e-24 4.819010828323390879e-19
9.059687163306737806e-24 4.855962719698362434e-19
9.172223951392655086e-24 4.893207178754731671e-19
9.286158638594116370e-24 4.930746847252770338e-19
9.401508589205683746e-24 4.968584394805825409e-19
9.518291383216034353e-24 5.006722519207806140e-19
9.636524818987565874e-24 5.045163946765449352e-19
9.756226915968502978e-24 5.083911432634226651e-19
9.877415917439467792e-24 5.122967761159252328e-19
1.000011029329379293e-23 5.162335746219858220e-19
1.012432874285234265e-23 5.202018231579280964e-19
1.025009019771373543e-23 5.242018091238353247e-19
1.037741382463912913e-23 5.282338229793973304e-19
1.050631902847359036e-23 5.322981582802090701e-19
1.063682545510375877e-23 5.363951117145684151e-19
1.076895299445148585e-23 5.405249831406940726e-19
1.090272178350550687e-23 5.446880756244968281e-19
1.103815220939034956e-23 5.488846954777691950e-19
1.117526491247335956e-23 5.531151522969234736e-19
1.131408078951077007e-23 5.573797590022272770e-19
1.145462099683194703e-23 5.616788318774969477e-19
1.159690695356408604e-23 5.660126906103803079e-19
1.174096034489652931e-23 5.703816583331363005e-19
1.188680312538561224e-23 5.747860616639151786e-19
1.203445752230104448e-23 5.792262307486351561e-19
1.218394603901290012e-23 5.837024993033490144e-19
1.233529145842154112e-23 5.882152046572322073e-19
1.248851684643016437e-23 5.927646877960686253e-19
1.264364555545957821e-23 5.973512934063399471e-19
1.280070122800764198e-23 6.019753699198900735e-19
1.295970780025242216e-23 6.066372695591995999e-19
1.312068950570008781e-23 6.113373483832002226e-19
1.328367087887866793e-23 6.160759663337577321e-19
1.344867675907661430e-23 6.208534872827129488e-19
1.361573229412875136e-23 6.256702790795916292e-19
1.378486294424942226e-23 6.305267135999289379e-19
1.395609448591152616e-23 6.354231667941798821e-19
1.412945301577657201e-23 6.403600187373945347e-19
1.430496495467071766e-23 6.453376536794409903e-19
1.448265705161191064e-23 6.503564600959538197e-19
1.466255638788693755e-23 6.554168307399563114e-19
1.484469038117806742e-23 6.605191626941470615e-19
1.502908678974213111e-23 6.656638574238979072e-19
1.521577371664091090e-23 6.708513208309632013e-19
1.540477961402410119e-23 6.760819633079030295e-19
1.559613328746605686e-23 6.813561997932488743e-19
1.578986390035519796e-23 6.866744498273592416e-19
1.598600097833902396e-23 6.920371376090832168e-19
1.618457441382440578e-23 6.974446920531642510e-19
1.638561447053255879e-23 7.028975468484019933e-19
1.658915178811194713e-23 7.083961405165849768e-19
1.679521738680779099e-23 7.139409164722727363e-19
1.700384267218960813e-23 7.195323230833342376e-19
1.721505943993813541e-23 7.251708137323282284e-19
1.742889988069036091e-23 7.308568468786617604e-19
1.764539658494609909e-23 7.365908861216928986e-19
1.786458254803483645e-23 7.423734002645741437e-19
1.808649117514425831e-23 7.482048633790444705e-19
1.831115628641197606e-23 7.540857548710704137e-19
1.853861212207903550e-23 7.600165595473355244e-19
1.876889334770874433e-23 7.659977676827414228e-19
1.900203505947038416e-23 7.720298750887161993e-19
1.923807278948713377e-23 7.781133822356618357e-19
1.947704251125198006e-23 7.842487481537379968e-19
1.971898064511014145e-23 7.904363679023750055e-19
1.996392406380956117e-23 7.966766333336874333e-19
2.021191009812117496e-23 8.029699382425767868e-19
2.046297654252737218e-23 8.093166783570645914e-19
2.071716166098271743e-23 8.157172513282015774e-19
2.097450419274545463e-23 8.221720567195511395e-19
2.123504335828139504e-23 8.286814959961854401e-19
2.149881886524204956e-23 8.352459725132760075e-19
2.176587091451526255e-23 8.418658915041538370e-19
2.203624020635254959e-23 8.485416600679808389e-19
2.230996794657261317e-23 8.552736871568810641e-19
2.258709585284025753e-23 8.620623835626249203e-19
2.286766616102511660e-23 8.689081619027917507e-19
2.315172163163846420e-23 8.758114366064727893e-19
2.343930555634996072e-23 8.827726238994453524e-19
2.373046176458632301e-23 8.897921417888483099e-19
2.402523463021002486e-23 8.968704100473131934e-19
2.432366907828290630e-23 9.040078501966147840e-19
2.462581059191278761e-23 9.112048854907446919e-19
2.493170521918518018e-23 9.184619408984554978e-19
2.524139958018206931e-23 9.257794430853122412e-19
2.555494087408587613e-23 9.331578203950767670e-19
2.587237688637347427e-23 9.405975028306483374e-19
2.619375599609982317e-23 9.480989220343694574e-19
2.651912718326887900e-23 9.556625112677146329e-19
2.684854003630140150e-23 9.632887053905615861e-19
2.718204475959018536e-23 9.709779408396506921e-19
2.751969218115229329e-23 9.787306556065785337e-19
2.786153376037628088e-23 9.865472892152132903e-19
2.820762159586349035e-23 9.944282826983800085e-19
2.855800843336889104e-23 1.002374078573991589e-18
2.891274767384074373e-23 1.010385120820601225e-18
2.927189338155664372e-23 1.018461854852155000e-18
2.963550029236651627e-23 1.026604727492342547e-18
3.000362382203206727e-23 1.034814186948029616e-18
3.037632007467342126e-23 1.043090682782241509e-18
3.075364585132066657e-23 1.051434665886391947e-18
3.113565865856796222e-23 1.059846588451792400e-18
3.152241671734135639e-23 1.068326903940620041e-18
3.191397897176920194e-23 1.076876067056002083e-18
3.231040509816661253e-23 1.085494533711589364e-18
3.271175551413123811e-23 1.094182761000311787e-18
3.311809138774968963e-23 1.102941207162435621e-18
3.352947464692068451e-23 1.111770331552938823e-18
3.394596798879430737e-23 1.120670594608142184e-18
3.436763488932438871e-23 1.129642457811542177e-18
3.479453961294648501e-23 1.138686383659034439e-18
3.522674722236906493e-23 1.147802835623251326e-18
3.566432358849055562e-23 1.156992278117195156e-18
3.610733540043962201e-23 1.166255176457172339e-18
3.655585017573574620e-23 1.175591996824772441e-18
3.700993627058339590e-23 1.185003206228312600e-18
3.746966289028664574e-23 1.194489272463236372e-18
3.793510009979765217e-23 1.204050664071924379e-18
3.840631883439585507e-23 1.213687850302610184e-18
3.888339091049710675e-23 1.223401301067457608e-18
3.936638903659977540e-23 1.233191486899843992e-18
3.985538682436727061e-23 1.243058878910924120e-18
4.035045879984329976e-23 1.253003948745114656e-18
4.085168041481461960e-23 1.263027168535017952e-18
4.135912805830671859e-23 1.273129010855296600e-18
4.187287906822724716e-23 1.283309948675762017e-18
4.239301174315378101e-23 1.293570455313656256e-18
4.291960535426494182e-23 1.303911004384963917e-18
4.345274015742310974e-23 1.314332069754874346e-18
4.399249740540555967e-23 1.324834125487443982e-18
4.453895936028746551e-23 1.335417645794219293e-18
4.509220930598056923e-23 1.346083104982158854e-18
4.565233156092395313e-23 1.356830977400407584e-18
4.621941149093569603e-23 1.367661737386394389e-18
4.679353552222468471e-23 1.378575859210882496e-18
4.737479115455822541e-23 1.389573817022053544e-18
4.796326697460289967e-23 1.400656084788866944e-18
4.855905266942142000e-23 1.411823136243208223e-18
4.916223904014301205e-23 1.423075444821310318e-18
4.977291801580318552e-23 1.434413483604136610e-18
5.039118266735189464e-23 1.445837725256797719e-18
5.101712722183924525e-23 1.457348641967027279e-18
5.165084707677788468e-23 1.468946705382740988e-18
5.229243881467758969e-23 1.480632386548446821e-18
5.294200021777081351e-23 1.492406155840976755e-18
5.359963028291064264e-23 1.504268482903922335e-18
5.426542923666014177e-23 1.516219836581224174e-18
5.493949855056926053e-23 1.528260684849874191e-18
5.562194095663477067e-23 1.540391494751306276e-18
5.631286046296345786e-23 1.552612732322167781e-18
5.701236236961862020e-23 1.564924862523767694e-18
5.772055328467017403e-23 1.577328349170636772e-18
5.843754114044377091e-23 1.589823654858126061e-18
5.916343520996745651e-23 1.602411240888856012e-18
5.989834612362690918e-23 1.615091567198157569e-18
6.064238588602811796e-23 1.627865092278628683e-18
6.139566789306211638e-23 1.640732273103400447e-18
6.215830694919405934e-23 1.653693565048650189e-18
6.293041928495462606e-23 1.666749421814756024e-18
6.371212257465622457e-23 1.679900295346691811e-18
6.450353595432924876e-23 1.693146635753197030e-18
6.530478003987340388e-23 1.706488891224887203e-18
6.611597694544759860e-23 1.719927507951474921e-18
6.693725030207501131e-23 1.733462930037713212e-18
6.776872527648728725e-23 1.747095599418331833e-18
6.861052859020228284e-23 1.760825955772104591e-18
6.946278853883389965e-23 1.774654436434516313e-18
7.032563501164667978e-23 1.788581476309628060e-18
7.119919951135396361e-23 1.802607507780773674e-18
7.208361517415333300e-23 1.816732960620088070e-18
7.297901679002542380e-23 1.830958261897193886e-18
7.388554082327030594e-23 1.845283835886538062e-18
7.480332543330770309e-23 1.859710103973832857e-18
7.573251049573573892e-23 1.874237484561402558e-18
7.667323762364207364e-23 1.888866392972324170e-18
7.762565018919512564e-23 1.903597241353682171e-18
7.858989334548801268e-23 1.918430438578547544e-18
7.956611404866315401e-23 1.933366390147021952e-18
8.055446108031123302e-23 1.948405498086138300e-18
8.155508507014240423e-23 1.963548301596794048e-18
8.256813851894510861e-23 1.978795991876042930e-18
8.359377582183073377e-23 1.994149969274351821e-18
8.463215329175686638e-23 2.009611661198028936e-18
8.568342918335985234e-23 2.025182522523333437e-18
8.674776371706609026e-23 2.040864036033970446e-18
8.782531910351333801e-23 2.056657712867462293e-18
8.891625956827540260e-23 2.072565092969885222e-18
9.002075137688312520e-23 2.088587745559523548e-18
9.113896286017430472e-23 2.104727269599921574e-18
9.227106443994035146e-23 2.120985294281923444e-18
9.341722865490234948e-23 2.137363479515478227e-18
9.457763018700926329e-23 2.153863516431361229e-18
9.575244588805592592e-23 2.170487127892772636e-18
9.694185480663852322e-23 2.187236069017478684e-18
9.814603821544574064e-23 2.204112127710533522e-18
9.936517963887710873e-23 2.221117125207660689e-18
1.005994648810242473e-22 2.238252916630164003e-18
1.018490820539797436e-22 2.255521391550931398e-18
1.031142216065095868e-22 2.272924474572351039e-18
1.043950763530821423e-22 2.290464125916254479e-18
1.056918415032448020e-22 2.308142342026004343e-18
1.070047146913869597e-22 2.325961156181512323e-18
1.083338960068512168e-22 2.343922639126900516e-18
1.096795880244315238e-22 2.362028899711689729e-18
1.110419958352494674e-22 2.380282085545469284e-18
1.124213270780059516e-22 2.398684383666576045e-18
1.138177919706291261e-22 2.417238021224991817e-18
1.152316033423166226e-22 2.435945266180076942e-18
1.166629766659616136e-22 2.454808428013134343e-18
1.181121300910052224e-22 2.473829858455605938e-18
1.195792844766734621e-22 2.493011952232789370e-18
1.210646634256410892e-22 2.512357147824078048e-18
1.225684933181129465e-22 2.531867928239484161e-18
1.240910033463197386e-22 2.551546821813387979e-18
1.256324255494520308e-22 2.571396403015618211e-18
1.271929948490235158e-22 2.591419293280485883e-18
1.287729490846732802e-22 2.611618161854086050e-18
1.303725290504180502e-22 2.631995726660403508e-18
1.319919785313443780e-22 2.652554755186637372e-18
1.336315443407659240e-22 2.673298065388411645e-18
1.352914763578436258e-22 2.694228526614979637e-18
1.369720275656566682e-22 2.715349060555372102e-18
1.386734540897739328e-22 2.736662642205679375e-18
1.403960152372768369e-22 2.758172300858300666e-18
1.421399735362836380e-22 2.779881121113248716e-18
1.439055947759636380e-22 2.801792243912751665e-18
1.456931480470381357e-22 2.823908867598888645e-18
1.475029057827959166e-22 2.846234248995750945e-18
1.493351438006124894e-22 2.868771704515893770e-18
1.511901413439851054e-22 2.891524611292389005e-18
1.530681811250958108e-22 2.914496408336689288e-18
1.549695493678911041e-22 2.937690597723025239e-18
1.568945358517077762e-22 2.961110745800264905e-18
1.588434339554420167e-22 2.984760484431641414e-18
1.608165407022478917e-22 3.008643512262981695e-18
1.628141568048234994e-22 3.032763596020787115e-18
1.648365867112270376e-22 3.057124571839913340e-18
1.668841386512814648e-22 3.081730346622686007e-18
1.689571246835547311e-22 3.106584899429313902e-18
1.710558607429110166e-22 3.131692282901081470e-18
1.731806666886651156e-22 3.157056624716718170e-18
1.753318663533365358e-22 3.182682129083303207e-18
1.775097875919876523e-22 3.208573078261607451e-18
1.797147623322108525e-22 3.234733834128196715e-18
1.819471266247003019e-22 3.261168839773842300e-18
1.842072206944737102e-22 3.287882621140101527e-18
1.864953889927306284e-22 3.314879788694622187e-18
1.888119802493321826e-22 3.342165039146285614e-18
1.911573475259707054e-22 3.369743157201288867e-18
1.935318482699615561e-22 3.397619017361087770e-18
1.959358443687262494e-22 3.425797585763358294e-18
1.983697022049509767e-22 3.454283922067188848e-18
2.008337927124158162e-22 3.483083181383396720e-18
2.033284914325318742e-22 3.512200616251455874e-18
2.058541785715826635e-22 3.541641578664136586e-18
2.084112390586513840e-22 3.571411522140808700e-18
2.110000626043097119e-22 3.601516003851386445e-18
2.136210437599934291e-22 3.631960686791462161e-18
2.162745819781409266e-22 3.662751342010464723e-18
2.189610816730793211e-22 3.693893850894183892e-18
2.216809522826397546e-22 3.725394207502797647e-18
2.244346083305832917e-22 3.757258520966516421e-18
2.272224694897567042e-22 3.789493017939405813e-18
2.300449606460602881e-22 3.822104045113964699e-18
2.329025119632086210e-22 3.855098071797336947e-18
2.357955589482785724e-22 3.888481692551247531e-18
2.387245425180886706e-22 3.922261629896843258e-18
2.416899090664053585e-22 3.956444737087171383e-18
2.446921105319540881e-22 3.991038000947470213e-18
2.477316044673252002e-22 4.026048544787378566e-18
2.508088541086856769e-22 4.061483631384357635e-18
2.539243284463867608e-22 4.097350666042687126e-18
2.570785022964492938e-22 4.133657199728410814e-18
2.602718563729052375e-22 4.170410932283045711e-18
2.635048773610907805e-22 4.207619715718105562e-18
2.667780579917967103e-22 4.245291557592479391e-18
2.700918971163716878e-22 4.283434624474990836e-18
2.734468997827567482e-22 4.322057245494742160e-18
2.768435773124443518e-22 4.361167915981013215e-18
2.802824473784131429e-22 4.400775301195909354e-18
2.837640340840334302e-22 4.440888240161820554e-18
2.872888680429185193e-22 4.481515749586398852e-18
2.908574864598251481e-22 4.522667027888204908e-18
2.944704332125014192e-22 4.564351459324812498e-18
2.981282589345858589e-22 4.606578618227254387e-18
3.018315210995370084e-22 4.649358273343446562e-18
3.055807841055686742e-22 4.692700392292945084e-18
3.093766193617018507e-22 4.736615146137560718e-18
3.132196053748234779e-22 4.781112914069525398e-18
3.171103278378640342e-22 4.826204288221650174e-18
3.210493797190682915e-22 4.871900078602496043e-18
3.250373613523516639e-22 4.918210999450699141e-18
3.290748805288018632e-22 4.965139557779353413e-18
3.331625525893210662e-22 5.012679038224225653e-18
3.373010005183771376e-22 5.060821814679049052e-18
3.414908550389884167e-22 5.109559768572767198e-18
3.457327547088192049e-22 5.158884271400957360e-18
3.500273460175106981e-22 5.208786167299811433e-18
3.543752834852209854e-22 5.259255755684287325e-18
3.587772297623461373e-22 5.310282773975719794e-18
3.632338557305523937e-22 5.361856380445849899e-18
3.677458406049903350e-22 5.413965137204406325e-18
3.723138720378227850e-22 5.466596993359412597e-18
3.769386462230359311e-22 5.519739268382065788e-18
3.816208680025252446e-22 5.573378635706664968e-18
3.863612509735262132e-22 5.627501106600727590e-18
3.911605175973835857e-22 5.682092014339806494e-18
3.960193993096233935e-22 5.737135998723138715e-18
4.009386366314728987e-22 5.792616990969251010e-18
4.059189792826847305e-22 5.848518199029448266e-18
4.109611862958112045e-22 5.904822093361079934e-18
4.160660261318953954e-22 5.961510393202230799e-18
4.212342767975690411e-22 6.018564053390783548e-18
4.264667259636382941e-22 6.075963251773543912e-18
4.317641710851261440e-22 6.133687377249917348e-18
4.371274195228052280e-22 6.191715482864978267e-18
4.425572886662587816e-22 6.250037450646009133e-18
4.480546060584340934e-22 6.308655018897296838e-18
4.536202095217748346e-22 6.367570588226016126e-18
4.592549472859254497e-22 6.426786667633477771e-18
4.649596781169651926e-22 6.486305876368602731e-18
4.707352714483409887e-22 6.546130945795916261e-18
4.765826075133330468e-22 6.606264721276612938e-18
4.825025774792221166e-22 6.666710164065727848e-18
4.884960835831204000e-22 6.727470353224934772e-18
4.945640392694543613e-22 6.788548487552364964e-18
5.007073693291901839e-22 6.849947887530025082e-18
5.069270100407936927e-22 6.911671997291263283e-18
5.132239093128794148e-22 6.973724386606470782e-18
5.195990268287350706e-22 7.036108752891557927e-18
5.260533341925371787e-22 7.098828923237405191e-18
5.325878150774454763e-22 7.161888856463052400e-18
5.392034653755376002e-22 7.225292645193292581e-18
5.459012933495414267e-22 7.289044517961739700e-18
5.526823197865604873e-22 7.353148841340905636e-18
5.595475781536002402e-22 7.417610122100451208e-18
5.664981147550908020e-22 7.482433009394655859e-18
5.735349888923646681e-22 7.547622296981119770e-18
5.806592730250721170e-22 7.613182925471119015e-18
5.878720529346436684e-22 7.679119984613884815e-18
5.951744278897890609e-22 7.745438715616111905e-18
6.025675108139789602e-22 7.812144513497498736e-18
6.100524284551286031e-22 7.879242929484983462e-18
6.176303215572669924e-22 7.946739673446253497e-18
6.253023450344122597e-22 8.014640616364771948e-18
6.330696681466075869e-22 8.082951792857918691e-18
6.409334746780669047e-22 8.151679403739014923e-18
6.488949631176621762e-22 8.220829818627520600e-18
6.569553468415233727e-22 8.290409578605186118e-18
6.651158542979840781e-22 8.360425398924489134e-18
6.733777291948206236e-22 8.430884171767436763e-18
6.817422306887678264e-22 8.501792969059312253e-18
6.902106335774376262e-22 8.573159045337794451e-18
6.987842284936281133e-22 8.644989840680377483e-18
7.074643221019612584e-22 8.717292983691474226e-18
7.162522372981054126e-22 8.790076294552548548e-18
7.251493134103297070e-22 8.863347788135311720e-18
7.341569064036474540e-22 8.937115677183090601e-18
7.432763890864974893e-22 9.011388375560401467e-18
7.525091513199019500e-22 9.086174501573512082e-18
7.618566002293731119e-22 9.161482881365977907e-18
7.713201604193009891e-22 9.237322552389674767e-18
7.809012741900951648e-22 9.313702766954585099e-18
7.906014017580185976e-22 9.390632995861020168e-18
8.004220214776952545e-22 9.468122932114817513e-18
8.103646300674380839e-22 9.546182494730792192e-18
8.204307428373847275e-22 9.624821832624945683e-18
8.306218939203655510e-22 9.704051328600236447e-18
8.409396365058084006e-22 9.783881603427492975e-18
8.513855430763792507e-22 9.864323520025803433e-18
8.619612056476644685e-22 9.945388187743791675e-18
8.726682360108313095e-22 1.002708696674773460e-17
8.835082659781963050e-22 1.010943147251597854e-17
8.944829476320222148e-22 1.019243358044781285e-17
9.055939535762263504e-22 1.027610543058580394e-17
9.168429771913232946e-22 1.036045943245776955e-17
9.282317328925281017e-22 1.044550827004206961e-17
9.397619563909987268e-22 1.053126490685853859e-17
9.514354049583893985e-22 1.061774259119001742e-17
9.632538576947012070e-22 1.070495486143913661e-17
9.752191157993413210e-22 1.079291555162188197e-17
9.873330028457444234e-22 1.088163879700609655e-17
9.995973650592106749e-22 1.097113903989511143e-17
1.012014071598310974e-21 1.106143103556421370e-17
1.024585014839791806e-21 1.115252985835266642e-17
1.037312110666892221e-21 1.124445090791657294e-17
1.050197298761451921e-21 1.133720991564785969e-17
1.063242542899438633e-21 1.143082295126391791e-17
1.076449831250271095e-21 1.152530642957217214e-17
1.089821176679853978e-21 1.162067711741741651e-17
1.103358617057298780e-21 1.171695214081433752e-17
1.117064215565530627e-21 1.181414899227259142e-17
1.130940061015767987e-21 1.191228553832020761e-17
1.144988268165767178e-21 1.201138002723026090e-17
1.159210978042252754e-21 1.211145109695781368e-17
1.173610358267120947e-21 1.221251778329314777e-17
1.188188603387833330e-21 1.231459951878792904e-17
1.202947935211908527e-21 1.241771319678764944e-17
1.217890603145480196e-21 1.252186885374521831e-17
1.233018884536157701e-21 1.262707554608895190e-17
1.248335085020097306e-21 1.273334238416085583e-17
1.263841538873383956e-21 1.284067853183716607e-17
1.279540609367829155e-21 1.294909320612969683e-17
1.295434689131086199e-21 1.305859567676740840e-17
1.311526200511329524e-21 1.316919526575933200e-17
1.327817595946478236e-21 1.328090134693689639e-17
1.344311358337843258e-21 1.339372334547593363e-17
1.361010001428686917e-21 1.350767073739866136e-17
1.377916070187212544e-21 1.362275304905355843e-17
1.395032141194474225e-21 1.373897985657484416e-17
1.412360823037097990e-21 1.385636078531936423e-17
1.429904756704777204e-21 1.397490550928185209e-17
1.447666615992818820e-21 1.409462375048680813e-17
1.465649107909634420e-21 1.421552527835838471e-17
1.483854973089291336e-21 1.433761990906587351e-17
1.502286986209249301e-21 1.446091750484698612e-17
1.520947956413164701e-21 1.458542797330437499e-17
1.539840727739055647e-21 1.471116126668046693e-17
1.558968179552800218e-21 1.483812738110529649e-17
1.578333226986830011e-21 1.496633635581974612e-17
1.597938821384589447e-21 1.509579827237338863e-17
1.617787950750197906e-21 1.522652325379525569e-17
1.637883640203889087e-21 1.535852146373825654e-17
1.658228952443096697e-21 1.549180310559766606e-17
1.678826988209147144e-21 1.562637842160035086e-17
1.699680886759870336e-21 1.576225769186783371e-17
1.720793826348094716e-21 1.589945123345011762e-17
1.742169024705879656e-21 1.603796939933141605e-17
1.763809739535111686e-21 1.617782257740625459e-17
1.785719269003841287e-21 1.631902118942711819e-17
1.807900952248999124e-21 1.646157568992037137e-17
1.830358169885358395e-21 1.660549656507449745e-17
1.853094344520597714e-21 1.675079433159447533e-17
1.876112941277134080e-21 1.689747953552817628e-17
1.899417468320062413e-21 1.704556275105844229e-17
1.923011477391879463e-21 1.719505457926511677e-17
1.946898564353836765e-21 1.734596564685367809e-17
1.971082369733877491e-21 1.749830660485117551e-17
1.995566579281519433e-21 1.765208812726891271e-17
2.020354924529648769e-21 1.780732090973286813e-17
2.045451183363049316e-21 1.796401566807624390e-17
2.070859180594401534e-21 1.812218313690297477e-17
2.096582788547026419e-21 1.828183406811111608e-17
2.122625927645112317e-21 1.844297922938463723e-17
2.148992567011282458e-21 1.860562940264728511e-17
2.175686725071319653e-21 1.876979538248123233e-17
2.202712470166841106e-21 1.893548797450959185e-17
2.230073921175144661e-21 1.910271799374078597e-17
2.257775248137018338e-21 1.927149626287651355e-17
2.285820672892334826e-21 1.944183361058198461e-17
2.314214469723373024e-21 1.961374086971692432e-17
2.342960966006296571e-21 1.978722887552983961e-17
2.372064542870750242e-21 1.996230846381226955e-17
2.401529635867356051e-21 2.013899046901275757e-17
2.431360735643985866e-21 2.031728572231382427e-17
2.461562388629950281e-21 2.049720504966646505e-17
2.492139197728976801e-21 2.067875926978496425e-17
2.523095823020799031e-21 2.086195919210189963e-17
2.554436982471157904e-21 2.104681561467954372e-17
2.586167452651130867e-21 2.123333932208356017e-17
2.618292069464882881e-21 2.142154108321072115e-17
2.650815728886767961e-21 2.161143164907739126e-17
2.683743387707567968e-21 2.180302175056397393e-17
2.717080064289808107e-21 2.199632209611740331e-17
2.750830839332646023e-21 2.219134336940890225e-17
2.785000856646290106e-21 2.238809622695134192e-17
2.819595323935699139e-21 2.258659129566791709e-17
2.854619513594581141e-21 2.278683917042288510e-17
2.890078763508687841e-21 2.298885041150117069e-17
2.925978477869427546e-21 2.319263554204923037e-17
2.962324127997591768e-21 2.339820504546740488e-17
2.999121253176952253e-21 2.360556936275730661e-17
3.036375461498816239e-21 2.381473888982573340e-17
3.074092430716465279e-21 2.402572397474048334e-17
3.112277909110573742e-21 2.423853491494120767e-17
3.150937716365355721e-21 2.445318195440557584e-17
3.190077744455366246e-21 2.466967555346315523e-17
3.229703958543546999e-21 2.488803043721716146e-17
3.269822397890457459e-21 2.510826488684636880e-17
3.310439176774401854e-21 2.533039750261737819e-17
3.351560485423651475e-21 2.555444711433692061e-17
3.393192590959576709e-21 2.578043278455373560e-17
3.435341838351900392e-21 2.600837381180767055e-17
3.478014651385815188e-21 2.623828973392913463e-17
3.521217533640703577e-21 2.647020033138514468e-17
3.564957069481707395e-21 2.670412563067981192e-17
3.609239925062917663e-21 2.694008590780191361e-17
3.654072849343441807e-21 2.717810169172751877e-17
3.699462675116076701e-21 2.741819376797363701e-17
3.745416320048485196e-21 2.766038318220737118e-17
3.791940787737578072e-21 2.790469124390746770e-17
3.839043168777024652e-21 2.815113953008477560e-17
3.886730641837559572e-21 2.839974988905455781e-17
3.935010474761488768e-21 2.865054444427238587e-17
3.983890025670006659e-21 2.890354559822156325e-17
4.033376744084738880e-21 2.915877603636659423e-17
4.083478172063192339e-21 2.941625873116264342e-17
4.134201945348010272e-21 2.967601694612794387e-17
4.185555794530834283e-21 2.993807423997859923e-17
4.237547546230456626e-21 3.020245447082789982e-17
4.290185124285608804e-21 3.046918180044811293e-17
4.343476550962737067e-21 3.073828069860058957e-17
4.397429948178435283e-21 3.100977594743013268e-17
4.452053538737368762e-21 3.128369264592953688e-17
4.507355647585629587e-21 3.156005621447264215e-17
4.563344703079100669e-21 3.183889239941615385e-17
4.620029238268499391e-21 3.212022727777615195e-17
4.677417892199458568e-21 3.240408726197440825e-17
4.735519411229311829e-21 3.269049910465920781e-17
4.794342650360203521e-21 3.297948990360460042e-17
4.853896574588414031e-21 3.327108710668077896e-17
4.914190260270828153e-21 3.356531851690762098e-17
4.975232896508183856e-21 3.386221229758352952e-17
5.037033786545505482e-21 3.416179697749746171e-17
5.099602349190132104e-21 3.446410145622226562e-17
5.162948120246954376e-21 3.476915500948999694e-17
5.227080753971843143e-21 3.507698729465424453e-17
5.292010024543190073e-21 3.538762835623837412e-17
5.357745827551072799e-21 3.570110863156860527e-17
5.424298181506002105e-21 3.601745895650294728e-17
5.491677229365328236e-21 3.633671057124253416e-17
5.559893240079252577e-21 3.665889512624408157e-17
5.628956610156012106e-21 3.698404468821960547e-17
5.698877865246098963e-21 3.731219174623653557e-17
5.769667661746557084e-21 3.764336921791138278e-17
5.841336788425273902e-21 3.797761045570842989e-17
5.913896168064726945e-21 3.831494925332967134e-17
5.987356859127342232e-21 3.865541985222067853e-17
6.061730057440345184e-21 3.899905694816689444e-17
6.137027097902254924e-21 3.934589569800762881e-17
6.213259456210589388e-21 3.969597172645185334e-17
6.290438750610277943e-21 4.004932113300536187e-17
6.368576743665049746e-21 4.040598049901293168e-17
6.447685344049563469e-21 4.076598689480944618e-17
6.527776608364550376e-21 4.112937788699223721e-17
6.608862742974478755e-21 4.149619154580880442e-17
6.690956105867550094e-21 4.186646645266386829e-17
6.774069208539282649e-21 4.224024170775268406e-17
6.858214717899561247e-21 4.261755693781455226e-17
6.943405458202537213e-21 4.299845230401676847e-17
7.029654413001893381e-21 4.338296850996522238e-17
7.116974727128996083e-21 4.377114680984835119e-17
7.205379708696470161e-21 4.416302901671140928e-17
7.294882831126662116e-21 4.455865751087443985e-17
7.385497735204422623e-21 4.495807524847767848e-17
7.477238231156864122e-21 4.536132577017933009e-17
7.570118300757466356e-21 4.576845320998959700e-17
7.664152099457217168e-21 4.617950230425441178e-17
7.759353958542167113e-21 4.659451840078622489e-17
7.855738387317229387e-21 4.701354746814907629e-17
7.953320075317663491e-21 4.743663610509409291e-17
8.052113894548107222e-21 4.786383155015753463e-17
8.152134901748436255e-21 4.829518169141256340e-17
8.253398340689413961e-21 4.873073507639040166e-17
8.355919644495209445e-21 4.917054067181439654e-17
8.459714437995744934e-21 4.961463968282916383e-17
8.564798540108300742e-21 5.006306338586188951e-17
8.671187966247636041e-21 5.051584243965878035e-17
8.778898930767806228e-21 5.097300748043811699e-17
8.887947849432554763e-21 5.143458911506558408e-17
8.998351341917446752e-21 5.190061791408382136e-17
9.110126234343025039e-21 5.237112440459378598e-17
9.223289561838763125e-21 5.284613906297981562e-17
9.337858571139539224e-21 5.332569230748853660e-17
9.453850723214440354e-21 5.380981449064977181e-17
9.571283695927070437e-21 5.429853589154261003e-17
9.690175386730839601e-21 5.479188670790769051e-17
9.810543915395783068e-21 5.528989704809737662e-17
9.932407626770422931e-21 5.579259692287043764e-17
1.005578509357796114e-20 5.630001623702762101e-17
1.018069511924596864e-20 5.681218478087713874e-17
1.030715674077327800e-20 5.732913222155092970e-17
1.043518923163043097e-20 5.785088809414586879e-17
1.056481210469738962e-20 5.837748179270555833e-17
1.069604511523766877e-20 5.890894256103568221e-17
1.082890826390863970e-20 5.944529948335130793e-17
1.096342179980999588e-20 5.998658147475672834e-17
1.109960622357019113e-20 6.053281727156101075e-17
1.123748229046986765e-20 6.108403542141342686e-17
1.137707101360633800e-20 6.164026427328215825e-17
1.151839366709510807e-20 6.220153196725039294e-17
1.166147178931252775e-20 6.276786642414753761e-17
1.180632718617865582e-20 6.333929533500598068e-17
1.195298193448003685e-20 6.391584615034467576e-17
1.210145838523470101e-20 6.449754606927659959e-17
1.225177916709850221e-20 6.508442202844941515e-17
1.240396718981374242e-20 6.567650069080393263e-17
1.255804564770116103e-20 6.627380843416247219e-17
1.271403802319426755e-20 6.687637133963932632e-17
1.287196809041850185e-20 6.748421517987921353e-17
1.303185991881496469e-20 6.809736540711809039e-17
1.319373787680758689e-20 6.871584714106589058e-17
1.335762663551848893e-20 6.933968515662212406e-17
1.352355117252683805e-20 6.996890387140577336e-17
1.369153677567598887e-20 7.060352733311732288e-17
1.386160904692783802e-20 7.124357920672377502e-17
1.403379390626403742e-20 7.188908276146548252e-17
1.420811759563679892e-20 7.254006085769611197e-17
1.438460668296819756e-20 7.319653593353879041e-17
1.456328806619915347e-20 7.385852999138062178e-17
1.474418897738931841e-20 7.452606458418386710e-17
1.492733698686667238e-20 7.519916080163153783e-17
1.511276000742976135e-20 7.587783925609918106e-17
1.530048629860225103e-20 7.656212006846277873e-17
1.549054447093848769e-20 7.725202285372406260e-17
1.568296349038564526e-20 7.794756670648471304e-17
1.587777268269693056e-20 7.864877018624207806e-17
1.607500173790148919e-20 7.935565130252292929e-17
1.627468071482972700e-20 8.006822749985610545e-17
1.647684004569367102e-20 8.078651564257977860e-17
1.668151054072539421e-20 8.151053199948747219e-17
1.688872339287322408e-20 8.224029222832230975e-17
1.709851018255421257e-20 8.297581136010116538e-17
1.731090288246910535e-20 8.371710378330091155e-17
1.752593386247363856e-20 8.446418322787746532e-17
1.774363589451243430e-20 8.521706274914208775e-17
1.796404215761423093e-20 8.597575471148862556e-17
1.818718624294694067e-20 8.674027077197289067e-17
1.841310215893918774e-20 8.751062186375363164e-17
1.864182433646176718e-20 8.828681817938919285e-17
1.887338763407569856e-20 8.906886915399964829e-17
1.910782734334531904e-20 8.985678344829623407e-17
1.934517919421601844e-20 9.065056893147178127e-17
1.958547936046011608e-20 9.145023266397892093e-17
1.982876446519062069e-20 9.225578088016972074e-17
2.007507158644101358e-20 9.306721897082066566e-17
2.032443826281843078e-20 9.388455146554234168e-17
2.057690249922295581e-20 9.470778201507785315e-17
2.083250277264044074e-20 9.553691337348399566e-17
2.109127803800730896e-20 9.637194738022064992e-17
2.135326773414560925e-20 9.721288494212532239e-17
2.161851178977614818e-20 9.805972721195388414e-17
2.188705062960193413e-20 9.891252507716366489e-17
2.215892518046982595e-20 9.977139889042489476e-17
2.243417687760856592e-20 1.006364770778005219e-16
2.271284767094266123e-20 1.015078914979391001e-16
2.299498003148632991e-20 1.023857775026184085e-16
2.328061695781707202e-20 1.032702739989329101e-16
2.356980198262683168e-20 1.041615235131759786e-16
2.386257917935928127e-20 1.050596722565060121e-16
2.415899316892476884e-20 1.059648701924261241e-16
2.445908912650155003e-20 1.068772711061847494e-16
2.476291278842155344e-20 1.077970326761312553e-16
2.507051045913865695e-20 1.087243165471177857e-16
2.538192901828856308e-20 1.096592884060265783e-16
2.569721592783129378e-20 1.106021180594707306e-16
2.601641923928547983e-20 1.115529795137775092e-16
2.633958760105231428e-20 1.125120510573175966e-16
2.666677026582858627e-20 1.134795153452566706e-16
2.699801709811369105e-20 1.144555594868391287e-16
2.733337858181016515e-20 1.154403751352630358e-16
2.767290582791526669e-20 1.164341585802459007e-16
2.801665058231371229e-20 1.174371108433902191e-16
2.836466523366159169e-20 1.184494377764199029e-16
2.871700282137155610e-20 1.194713501623953992e-16
2.907371704369730643e-20 1.205030638200192459e-16
2.943486226591490152e-20 1.215447997111127984e-16
2.980049352861165974e-20 1.225967840514052852e-16
3.017066655607203106e-20 1.236592484247083828e-16
3.054543776477125510e-20 1.247324299006240006e-16
3.092486427197428923e-20 1.258165711558825510e-16
3.130900390443933275e-20 1.269119205994427799e-16
3.169791520723167677e-20 1.280187325014743949e-16
3.209165745264735617e-20 1.291372671263684203e-16
3.249029064924372072e-20 1.302677908698729988e-16
3.289387555098874588e-20 1.314105764005511892e-16
3.330247366651738915e-20 1.325659028056415700e-16
3.371614726850689662e-20 1.337340557415140312e-16
3.413495940316864041e-20 1.349153275888617883e-16
3.455897389985365816e-20 1.361100176127680892e-16
3.498825538078451544e-20 1.373184321278500284e-16
3.542286927090102074e-20 1.385408846686131094e-16
3.586288180783246806e-20 1.397776961652042527e-16
3.630836005199352416e-20 1.410291951247543270e-16
3.675937189680285775e-20 1.422957178184761852e-16
3.721598607903134165e-20 1.435776084747334653e-16
3.767827218927915981e-20 1.448752194782696059e-16
3.814630068257847902e-20 1.461889115757911612e-16
3.862014288913543747e-20 1.475190540881580231e-16
3.909987102519793273e-20 1.488660251293595480e-16
3.958555820406299751e-20 1.502302118325360996e-16
4.007727844722064555e-20 1.516120105832746029e-16
4.057510669563324891e-20 1.530118272604181475e-16
4.107911882115827059e-20 1.544300774846643593e-16
4.158939163811121083e-20 1.558671868751932662e-16
4.210600291497222790e-20 1.573235913146242049e-16
4.262903138623985167e-20 1.587997372225670463e-16
4.315855676442854015e-20 1.602960818380719192e-16
4.369465975221830022e-20 1.618130935112842762e-16
4.423742205475570446e-20 1.633512520046235071e-16
4.478692639210226578e-20 1.649110488037965519e-16
4.534325651184648593e-20 1.664929874390333031e-16
4.590649720186349045e-20 1.680975838168308180e-16
4.647673430323860846e-20 1.697253665626402150e-16
4.705405472335121979e-20 1.713768773748394089e-16
4.763854644911762991e-20 1.730526713903881360e-16
4.823029856040231315e-20 1.747533175625932275e-16
4.882940124359379889e-20 1.764793990514095721e-16
4.943594580534919703e-20 1.782315136266913648e-16
5.005002468651145523e-20 1.800102740849005094e-16
5.067173147619546612e-20 1.818163086796934257e-16
5.130116092605275628e-20 1.836502615669439627e-16
5.193840896471388446e-20 1.855127932646660197e-16
5.258357271240386652e-20 1.874045811283855905e-16
5.323675049574979612e-20 1.893263198425527644e-16
5.389804186276167274e-20 1.912787219285128306e-16
5.456754759800579866e-20 1.932625182696772369e-16
5.524536973796627296e-20 1.952784581957678455e-16
5.593161158659324074e-20 1.973269754440935075e-16
5.662637773104836337e-20 1.994075746372253648e-16
5.732977405764628238e-20 2.015195649301186810e-16
5.804190776798730401e-20 2.036622133660761007e-16
5.876288739530197221e-20 2.058347431400600378e-16
5.949282282098703093e-20 2.080363318816936761e-16
6.023182529135381645e-20 2.102661099620566022e-16
6.098000743458486686e-20 2.125231588285035406e-16
6.173748327789358471e-20 2.148065093720303786e-16
6.250436826490966677e-20 2.171151403321032952e-16
6.328077927326780377e-20 2.194479767439089098e-16
6.406683463242254431e-20 2.218038884334803987e-16
6.486265414168394280e-20 2.241816885662692838e-16
6.566835908847247428e-20 2.265801322549903061e-16
6.648407226680556663e-20 2.289979152329183849e-16
6.730991799601420896e-20 2.314336725989387623e-16
6.814602213968401527e-20 2.338859776408929979e-16
6.899251212484513022e-20 2.363533407440939609e-16
6.984951696138685480e-20 2.388342083918760907e-16
7.071716726172160776e-20 2.413269622654677317e-16
7.159559526069340787e-20 2.438299184504395621e-16
7.248493483572478633e-20 2.463413378628048525e-16
7.338532152722862288e-20 2.488601458183456548e-16
7.429689255925885741e-20 2.513864094718456767e-16
7.521978686042655860e-20 2.539203128086460054e-16
7.615414508507523477e-20 2.564620543998885665e-16
7.710010963471374987e-20 2.590118475815505223e-16
7.805782467972090402e-20 2.615699206340706608e-16
7.902743618132037833e-20 2.641365169629008721e-16
8.000909191381905087e-20 2.667118952803318330e-16
8.100294148713762042e-20 2.692963297890190797e-16
8.200913636960492631e-20 2.718901103675125428e-16
8.302782991104511789e-20 2.744935427582615257e-16
8.405917736615179958e-20 2.771069487584693956e-16
8.510333591814225429e-20 2.797306664141661846e-16
8.616046470272260827e-20 2.823650502180467698e-16
8.723072483233345945e-20 2.850104713113459503e-16
8.831427942070709719e-20 2.876673176903505471e-16
8.941129360772910326e-20 2.903359944179074579e-16
9.052193458460232377e-20 2.930169238404181407e-16
9.164637161932987141e-20 2.957105458108238553e-16
9.278477608251558115e-20 2.984173179180650363e-16
9.393732147347356562e-20 3.011377157234553290e-16
9.510418344668109163e-20 3.038722330046013248e-16
9.628553983854097765e-20 3.066213820072740158e-16
9.748157069448787817e-20 3.093856937058400799e-16
9.869245829643142518e-20 3.121657180728087988e-16
9.991838719052830654e-20 3.149620243579881402e-16
1.011595442153193200e-19 3.177752013779441519e-16
1.024161185301957975e-19 3.206058578162273713e-16
1.036883016442317634e-19 3.234546225350792305e-16
1.049762874453735453e-19 3.263221448991904825e-16
1.062802722299844184e-19 3.292090951121491445e-16
1.076004547327636740e-19 3.321161645662557384e-16
1.089370361570385607e-19 3.350440662063924837e-16
1.102902202054190828e-19 3.379935349085600759e-16
1.116602131108558110e-19 3.409653278739143004e-16
1.130472236680612130e-19 3.439602250389354931e-16
1.144514632653346831e-19 3.469790295025126571e-16
1.158731459167821217e-19 3.500225679707542708e-16
1.173124882949273227e-19 3.530916912202625330e-16
1.187697097637378677e-19 3.561872745807214871e-16
1.202450324120564534e-19 3.593102184376708132e-16
1.217386810874475698e-19 3.624614487563004964e-16
1.232508834304693750e-19 3.656419176271707492e-16
1.247818699093616921e-19 3.688526038348171834e-16
1.263318738551733820e-19 3.720945134501708550e-16
1.279011314973276497e-19 3.753686804478140157e-16
1.294898819996132930e-19 3.786761673490551359e-16
1.310983674966491527e-19 3.820180658919781369e-16
1.327268331307754453e-19 3.853954977294237594e-16
1.343755270894188501e-19 3.888096151561789004e-16
1.360447006429210957e-19 3.922615051353064708e-16
1.377346081828274101e-19 3.957517004274344810e-16
1.394455072606616053e-19 3.992805250161531653e-16
1.411776586271772999e-19 4.028483035865040298e-16
1.429313262720966190e-19 4.064553618093903387e-16
1.447067774643485036e-19 4.101020262842076003e-16
1.465042827927949313e-19 4.137886244797541865e-16
1.483241162074735981e-19 4.175154846734465442e-16
1.501665550613545356e-19 4.212829358888339166e-16
1.520318801525966989e-19 4.250913078312614120e-16
1.539203757673604745e-19 4.289409308218663077e-16
1.558323297231208818e-19 4.328321357296354813e-16
1.577680334125375853e-19 4.367652539017082684e-16
1.597277818478685958e-19 4.407406170917873350e-16
1.617118737059241485e-19 4.447585573866209827e-16
1.637206113735905580e-19 4.488194071306145718e-16
1.657543009939210934e-19 4.529234988484742294e-16
1.678132525127792320e-19 4.570711651658535061e-16
1.698977797260948660e-19 4.612627387280692970e-16
1.720082003276738761e-19 4.654985521167192435e-16
1.741448359576217397e-19 4.697789377643025288e-16
1.763080122513691616e-19 4.741042278667537418e-16
1.784980588892849193e-19 4.784747542938588466e-16
1.807153096469412149e-19 4.828908484976124223e-16
1.829601024459671807e-19 4.873528414183594854e-16
1.852327794055555648e-19 4.918610633887930901e-16
1.875336868946084155e-19 4.964158440358032679e-16
1.898631755845165899e-19 5.010175121800362995e-16
1.922216005026084744e-19 5.056663957332954650e-16
1.946093210862645718e-19 5.103628215936402931e-16
1.970267012376804288e-19 5.151071155381881540e-16
1.994741093793495474e-19 5.198996021137041823e-16
2.019519185101956972e-19 5.247406045247678192e-16
2.044605062624261982e-19 5.296304445196507702e-16
2.070002549590921414e-19 5.345694422738679224e-16
2.095715516723380435e-19 5.395579162712739178e-16
2.121747882824174681e-19 5.445961831828570420e-16
2.148103615373992372e-19 5.496845577430308457e-16
2.174786731136406930e-19 5.548233526235879771e-16
2.201801296770109640e-19 5.600128783051379425e-16
2.229151429448584838e-19 5.652534429461348971e-16
2.256841297487642399e-19 5.705453522494111554e-16
2.284875120980768788e-19 5.758889093262549782e-16
2.313257172442088182e-19 5.812844145579237733e-16
2.341991777457778896e-19 5.867321654547716808e-16
2.371083315345112657e-19 5.922324565127091337e-16
2.400536219819959282e-19 5.977855790672750284e-16
2.430354979672592616e-19 6.033918211450835670e-16
2.460544139451588731e-19 6.090514673127405321e-16
2.491108300156718708e-19 6.147647985232795795e-16
2.522052119939948616e-19 6.205320635442522281e-16
2.553380314815448031e-19 6.263531154446086550e-16
2.585097659378398613e-19 6.322275025763666427e-16
2.617208987532546877e-19 6.381547358575926415e-16
2.649719193226979294e-19 6.441342941499061260e-16
2.682633231202075875e-19 6.501656234873417319e-16
2.715956117744400571e-19 6.562481363070009241e-16
2.749692931451519340e-19 6.623812106823233726e-16
2.783848814005764179e-19 6.685641895597140451e-16
2.818428970957943121e-19 6.747963799994631810e-16
2.853438672520789192e-19 6.810770524218720576e-16
2.888883254371915270e-19 6.874054398594033860e-16
2.924768118467326893e-19 6.937807372159936757e-16
2.961098733864455904e-19 7.002021005343403921e-16
2.997880637555767927e-19 7.066686462722962170e-16
3.035119435312703912e-19 7.131794505894000727e-16
3.072820802539887837e-19 7.197335486446634175e-16
3.110990485140162480e-19 7.263299339065974914e-16
3.149634300390398356e-19 7.329675574769124103e-16
3.188758137827800898e-19 7.396453274286527097e-16
3.228367960147868075e-19 7.463621081604726868e-16
3.268469804112855395e-19 7.531167197677885348e-16
3.309069781471915903e-19 7.599079374325206735e-16
3.350174079892673452e-19 7.667344908323818851e-16
3.391788963903961084e-19 7.735950635711971711e-16
3.433920775850952761e-19 7.804886000518973280e-16
3.476575936861470303e-19 7.874202538552605085e-16
3.519760947824709698e-19 7.944012028675509355e-16
3.563482390382099309e-19 8.014432414304717236e-16
3.607746927930210085e-19 8.085585735404907990e-16
3.652561306636377858e-19 8.157598226429258180e-16
3.697932356466977568e-19 8.230600433421377104e-16
3.743866992228021989e-19 8.304727351390906372e-16
3.790372214619436483e-19 8.380118583126640378e-16
3.837455111301675595e-19 8.456918520671618857e-16
3.885122857976039273e-19 8.535276550759676161e-16
3.933382719478389220e-19 8.615347285593151177e-16
3.982242050886162358e-19 8.697290820436211896e-16
4.031708298639449346e-19 8.781273019606853075e-16
4.081789001675846394e-19 8.867465832569101518e-16
4.132491792579396221e-19 8.956047641963595179e-16
4.183824398743973475e-19 9.047200017118727712e-16
4.235794643550780970e-19 9.141000013451754796e-16
4.288410447560776697e-19 9.237396875740203523e-16
4.341679829721954559e-19 9.336329790668406610e-16
4.395610908591090776e-19 9.437734686314534511e-16
4.450211903571552057e-19 9.541543959213441096e-16
4.505491136165591105e-19 9.647686204494664659e-16
4.561457031242727485e-19 9.756085949625541015e-16
4.618118118323864301e-19 9.866663392363376643e-16
4.675483032881008765e-19 9.979334143609806631e-16
4.733560517653517232e-19 1.009400897594124940e-15
4.792359423980499763e-19 1.021059357867374483e-15
4.851888713149778053e-19 1.032898832039994986e-15
4.912157457763791532e-19 1.044908802002246391e-15
4.973174843122079961e-19 1.057078172737986856e-15
5.034950168621288129e-19 1.069395251464823834e-15
5.097492849172616584e-19 1.081847727976783224e-15
5.160812416636252336e-19 1.094422656322281410e-15
5.224918521274658256e-19 1.107106437956788929e-15
5.289820933222871329e-19 1.119884806515897489e-15
5.355529543977690429e-19 1.132742814360538926e-15
5.422054367905331834e-19 1.145664821051477121e-15
5.489405543767409966e-19 1.158634483914405156e-15
5.557593336266276618e-19 1.171634750861502375e-15
5.626628137609598287e-19 1.184647855637625643e-15
5.696520469093690149e-19 1.197655543087422348e-15
5.767280982707661625e-19 1.210647478497585139e-15
5.838920462756333031e-19 1.223624141474140820e-15
5.911449827504007150e-19 1.236586888031808422e-15
5.984880130838673006e-19 1.249537247246275994e-15
6.059222563956146855e-19 1.262476922028828486e-15
6.134488457066351749e-19 1.275407789868403165e-15
6.210689281119574766e-19 1.288331903550054353e-15
6.287836649554895545e-19 1.301251491859790388e-15
6.365942320070294056e-19 1.314168960285397258e-15
6.445018196414289301e-19 1.327086891723229574e-15
6.525076330200284727e-19 1.340008047200920558e-15
6.606128922743519249e-19 1.352935366626654948e-15
6.688188326920030676e-19 1.365871969574763036e-15
6.771267049050055355e-19 1.378821156118838245e-15
6.855377750803466209e-19 1.391786407722500720e-15
6.940533251129702850e-19 1.404771388198909752e-15
7.026746528211677572e-19 1.417779944749967130e-15
7.114030721443097778e-19 1.430816109096050754e-15
7.202399133431789418e-19 1.443884098707906143e-15
7.291865232026453217e-19 1.456988318151740060e-15
7.382442652369471997e-19 1.470133360559209961e-15
7.474145198975165308e-19 1.483324009234139793e-15
7.566986847833319003e-19 1.496565239407538490e-15
7.660981748539378351e-19 1.509862220153491269e-15
7.756144226451182383e-19 1.523220316477684260e-15
7.852488784871539416e-19 1.536645091591505309e-15
7.950030107259496035e-19 1.550142309384290670e-15
8.048783059467480941e-19 1.563717937106714848e-15
8.148762692007200058e-19 1.577378148278629521e-15
8.249984242343683904e-19 1.591129325835127405e-15
8.352463137216838219e-19 1.604978065524348402e-15
8.456214994993495533e-19 1.618931179571817389e-15
8.561255628047010434e-19 1.632995700625442151e-15
8.667601045167417407e-19 1.647178885996709463e-15
8.775267454001478149e-19 1.661488222213294450e-15
8.884271263522399757e-19 1.675931429899239327e-15
8.994629086530852173e-19 1.690516468999069963e-15
9.106357742187166426e-19 1.705251544363341295e-15
9.219474258573846058e-19 1.720145111712639556e-15
9.333995875291791940e-19 1.735205883999260324e-15
9.449940046086883612e-19 1.750442838184817038e-15
9.567324441510339499e-19 1.765865222454260967e-15
9.686166951612112602e-19 1.781482563886499009e-15
9.806485688666582113e-19 1.797304676603464495e-15
9.928298989934067324e-19 1.813341670419983327e-15
1.005162542045465864e-18 1.829603960017877231e-15
1.017648377587794987e-18 1.846102274668902206e-15
1.030289308532785128e-18 1.862847668532452784e-15
1.043087261430225050e-18 1.879851531554552264e-15
1.056044186760941432e-18 1.897125489542596899e-15
1.069162059234099090e-18 1.914676856751495599e-15
1.082442878088062052e-18 1.932506845125958304e-15
1.095888667395211259e-18 1.950616187435957933e-15
1.109501476370328123e-18 1.969005560675758004e-15
1.123283379682941467e-18 1.987675582224503733e-15
1.137236477773555587e-18 2.006626805940735771e-15
1.151362897173668746e-18 2.025859718190321331e-15
1.165664790829997699e-18 2.045374733808750888e-15
1.180144338432496881e-18 2.065172191997088935e-15
1.194803746746592497e-18 2.085252352152970703e-15
1.209645249949535975e-18 2.105615389636588079e-15
1.224671109970846173e-18 2.126261391472780934e-15
1.239883616837069716e-18 2.147190351990003421e-15
1.255285089020835382e-18 2.168402168397494839e-15
1.270877873794089683e-18 2.189896636301640374e-15
1.286664347585977789e-18 2.211673445163535672e-15
1.302646916344912388e-18 2.233732173698753933e-15
1.318828015905294824e-18 2.256072285221917990e-15
1.335210112358781421e-18 2.278693122937810886e-15
1.351795702430066896e-18 2.301593905181218784e-15
1.368587313857442334e-18 2.324773720608505834e-15
1.385587505778024512e-18 2.348231523343242629e-15
1.402798869117773660e-18 2.371966128079039753e-15
1.420224026986409249e-18 2.395976205143086971e-15
1.437865635077119609e-18 2.420260275523221419e-15
1.455726382071338093e-18 2.444816705863007477e-15
1.473808990048560554e-18 2.469643703428218072e-15
1.492116214901076063e-18 2.494739311049221402e-15
1.510650846754147043e-18 2.520101402043769210e-15
1.529415710391108617e-18 2.545727675124683486e-15
1.548413665683929313e-18 2.571615649297818499e-15
1.567647608029109484e-18 2.597762658755337380e-15
1.587120468788881817e-18 2.624165847769907733e-15
1.606835215738003386e-18 2.650822165595730751e-15
1.626794853516115770e-18 2.677728361382588908e-15
1.647002424085523964e-18 2.704880979108947002e-15
1.667461007194993431e-18 2.732276352541455195e-15
1.688173720848975976e-18 2.759910600227200820e-15
1.709143721782863386e-18 2.787779620526267037e-15
1.730374205944148478e-18 2.815879086692283427e-15
1.751868408979352385e-18 2.844204442008284004e-15
1.773629606727350928e-18 2.872750894986985596e-15
1.795661115718477440e-18 2.901513414642447872e-15
1.817966293680035079e-18 2.930486725843476719e-15
1.840548540048080546e-18 2.959665304756187832e-15
1.863411296485427212e-18 2.989043374386167939e-15
1.886558047406217588e-18 3.018614900228975420e-15
1.909992320507032793e-18 3.048373586039298621e-15
1.933717687304359506e-18 3.078312869728079643e-15
1.957737763679130488e-18 3.108426084522501922e-15
1.982056210427632213e-18 3.138710941128317125e-15
2.006676733819491459e-18 3.169170254445040431e-15
2.031603086162601788e-18 3.199807220897756774e-15
2.056839066374811970e-18 3.230625158440190344e-15
2.082388520563136702e-18 3.261627508541300107e-15
2.108255342609740823e-18 3.292817838209391575e-15
2.134443474765456613e-18 3.324199842056179250e-15
2.160956908250656215e-18 3.355777344403048005e-15
2.187799683863433735e-18 3.387554301431777423e-15
2.214975892595496453e-18 3.419534803382035332e-15
2.242489676255728167e-18 3.451723076798228793e-15
2.270345228101225919e-18 3.484123486828125654e-15
2.298546793476629774e-18 3.516740539575887403e-15
2.327098670460937528e-18 3.549578884512066050e-15
2.356005210522627888e-18 3.582643316943416001e-15
2.385270819182928016e-18 3.615938780545472432e-15
2.414899956687026692e-18 3.649470369959951553e-15
2.444897138684112861e-18 3.683243333461717747e-15
2.475266936915372887e-18 3.717263075695926995e-15
2.506013979910824753e-18 3.751535160490881616e-15
2.537142953694797750e-18 3.786065313748071889e-15
2.568658602499984105e-18 3.820859426413812718e-15
2.600565729490548631e-18 3.855923557535046230e-15
2.632869197494244427e-18 3.891263937403742925e-15
2.665573929743300015e-18 3.926886970792535370e-15
2.698684910625048232e-18 3.962799240286379939e-15
2.732207186441338503e-18 3.999007509712807227e-15
2.766145866177708202e-18 4.035518727676036264e-15
2.800506122282110464e-18 4.072340031197898910e-15
2.835293191452977373e-18 4.109478749470545846e-15
2.870512375437640024e-18 4.146942407724852429e-15
2.906169041840094749e-18 4.184738731218869446e-15
2.942268624939145467e-18 4.222875649351303599e-15
2.978816626516693004e-18 4.261361299904583377e-15
3.015818616696093550e-18 4.300204033421795412e-15
3.053280234791148255e-18 4.339412417723709910e-15
3.091207190165667718e-18 4.378995242569964103e-15
3.129605263103335576e-18 4.418961524470095353e-15
3.168480305689009431e-18 4.459320511650403470e-15
3.207838242700333579e-18 4.500081689181500841e-15
3.247685072510808336e-18 4.541254784273033231e-15
3.288026868004085599e-18 4.582849771741722790e-15
3.328869777499216026e-18 4.624876879658067545e-15
3.370220025688063080e-18 4.667346595179678280e-15
3.412083914583686011e-18 4.710269670576341756e-15
3.454467824480908592e-18 4.753657129455154029e-15
3.497378214928798569e-18 4.797520273191702682e-15
3.540821625714970777e-18 4.841870687575663003e-15
3.584804677862371061e-18 4.886720249677545818e-15
3.629334074638475893e-18 4.932080545328631729e-15
3.674416602576586441e-18 4.977953205217020147e-15
3.720059132510546760e-18 5.024331063061801042e-15
3.766268620621570687e-18 5.071206258275869258e-15
3.813052109498525591e-18 5.118570487671522990e-15
3.860416729211351743e-18 5.166414992728484646e-15
3.908369698397543337e-18 5.214730546957300512e-15
3.956918325362433805e-18 5.263507443377208078e-15
4.006070009192989612e-18 5.312735482129055562e-15
4.055832240885441466e-18 5.362403958244326752e-15
4.106212604487087293e-18 5.412501649593090547e-15
4.157218778251946499e-18 5.463016805033039817e-15
4.208858535811065171e-18 5.513937132784798452e-15
4.261139747357404413e-18 5.565249789057450351e-15
4.314070380844918164e-18 5.616941366950749547e-15
4.367658503203402851e-18 5.668997885660421733e-15
4.421912281567561933e-18 5.721404780014425277e-15
4.476839984521856914e-18 5.774146890367866280e-15
4.532449983360802774e-18 5.827208452887032675e-15
4.588750753364578393e-18 5.880573090250882478e-15
4.645750875090857156e-18 5.934223802802398905e-15
4.703459035682490278e-18 5.988143736270860077e-15
4.761884030191444970e-18 6.042340239425248017e-15
4.821034762919369548e-18 6.096850511454572306e-15
4.880920248774432650e-18 6.151714816573707936e-15
4.941549614645354844e-18 6.206974846008450472e-15
5.002932100792568684e-18 6.262673742569595060e-15
5.065077062256034215e-18 6.318856128144590669e-15
5.127993970281575751e-18 6.375568134279323420e-15
5.191692413763901066e-18 6.432857436022641253e-15
5.256182100708165749e-18 6.490773289216939350e-15
5.321472859709659014e-18 6.549366571422002236e-15
5.387574641451483094e-18 6.608689826667620144e-15
5.454497520221216140e-18 6.668797314238417416e-15
5.522251695446474648e-18 6.729745061704537759e-15
5.590847493248870073e-18 6.791590922418744778e-15
5.660295368018398776e-18 6.854394637716252108e-15
5.730605904006253880e-18 6.918217904059618059e-15
5.801789816938103602e-18 6.983124445389779871e-15
5.873857955647423901e-18 7.049180090953736658e-15
5.946821303728392423e-18 7.116452858898095598e-15
6.020690981210526950e-18 7.185013045933157585e-15
6.095478246252908259e-18 7.254933323390102059e-15
6.171194496860181387e-18 7.326288840014140713e-15
6.247851272619826106e-18 7.399157331858484310e-15
6.325460256460556380e-18 7.473619239665450680e-15
6.404033276433014391e-18 7.549755018888854650e-15
6.483582307512641268e-18 7.627585906875044775e-15
6.564119473424157512e-18 7.707072645940925222e-15
6.645657048490022795e-18 7.788171263330578894e-15
6.728207459500532425e-18 7.870835361451472477e-15
6.811783287607937862e-18 7.955015977459132244e-15
6.896397270244115962e-18 8.040661445054244956e-15
6.982062303061206093e-18 8.127717258842397073e-15
7.068791441897771215e-18 8.216125941651079954e-15
7.156597904767956878e-18 8.305826915222357087e-15
7.245495073876222709e-18 8.396756374742814241e-15
7.335496497657035503e-18 8.488847167699586536e-15
7.426615892839387542e-18 8.582028677587436736e-15
7.518867146537462885e-18 8.676226713022742994e-15
7.612264318367376122e-18 8.771363402852635403e-15
7.706821642589248671e-18 8.867357097874263142e-15
7.802553530277462190e-18 8.964122279813527274e-15
7.899474571516305000e-18 9.061569478231073627e-15
7.997599537623827980e-18 9.159605196056996138e-15
8.096943383403342955e-18 9.258131844471598176e-15
8.197521249421902593e-18 9.357047687872194914e-15
8.299348464318723115e-18 9.456246799684310844e-15
8.402440547140633200e-18 9.555619029786153052e-15
8.506813209707530413e-18 9.655049984330050978e-15
8.612482359007153378e-18 9.754421018748112713e-15
8.719464099618992488e-18 9.853614222334209066e-15
8.827774736168916899e-18 9.952595029746699282e-15
8.937430775814386823e-18 1.005140314754107975e-14
9.048448930759442244e-18 1.015008309459794411e-14
9.160846120802751373e-18 1.024868190386236039e-14
9.274639475915489454e-18 1.034724912273640033e-14
9.389846338852326604e-18 1.044583681549316737e-14
9.506484267794871439e-18 1.054449956799049452e-14
9.624571039026797011e-18 1.064329449496103679e-14
9.744124649644129596e-18 1.074228125016208850e-14
9.865163320297249094e-18 1.084152203966484764e-14
9.987705497968127760e-18 1.094108163857219607e-14
1.011176985878201075e-17 1.104102741145066387e-14
1.023737531085326879e-17 1.114142933677149543e-14
1.036454099716734592e-17 1.124236003565640950e-14
1.049328629849859724e-17 1.134389480523106894e-14
1.062363083636310317e-17 1.144611165689274536e-14
1.075559447601028572e-17 1.154909135980979916e-14
1.088919732944954751e-17 1.165291748997142084e-14
1.102445975851579754e-17 1.175767648512281581e-14
1.116140237797306882e-17 1.186345770592498923e-14
1.130004605865534030e-17 1.197035350369107811e-14
1.144041193064863388e-17 1.207845929506595466e-14
1.158252138651036342e-17 1.218787364402559104e-14
1.172639608453003582e-17 1.229869835159185302e-14
1.187205795203039360e-17 1.241103204337469298e-14
1.201952918870869530e-17 1.252490161245011299e-14
1.216883227002034642e-17 1.264028638722979897e-14
1.231998995060469730e-17 1.275716369267916267e-14
1.247302526775188043e-17 1.287550955423267749e-14
1.262796154491522589e-17 1.299529865104927869e-14
1.278482239526478086e-17 1.311650426950844663e-14
1.294363172528649211e-17 1.323909825701668782e-14
1.310441373842601306e-17 1.336305097619590830e-14
1.326719293877680725e-17 1.348833125952813041e-14
1.343199413481514281e-17 1.361490636453864974e-14
1.359884244318093173e-17 1.374274192959973689e-14
1.376776329250553875e-17 1.387180193044521333e-14
1.393878242728769998e-17 1.400204863748677973e-14
1.411192591181645881e-17 1.413344257402995972e-14
1.428722013414383865e-17 1.426594247548944834e-14
1.446469181010700894e-17 1.439950524970998281e-14
1.464436798739864257e-17 1.453408593849885628e-14
1.482627604969077867e-17 1.466963768048704696e-14
1.501044372080696007e-17 1.480611167542951188e-14
1.519689906894796085e-17 1.494345715007024784e-14
1.538567051096992389e-17 1.508162132569171552e-14
1.557678681671450150e-17 1.522054938747782956e-14
1.577027711339392069e-17 1.536018445581832588e-14
1.596617089003064291e-17 1.550046755969126001e-14
1.616449800195024748e-17 1.564135261285090344e-14
1.636528867533335928e-17 1.578291741196029111e-14
1.656857351182087693e-17 1.592530526906823151e-14
1.677438349317832556e-17 1.606866514593679218e-14
1.698274998601823704e-17 1.621315130402248867e-14
1.719370474657906620e-17 1.635892340203158875e-14
1.740727992556696337e-17 1.650614660877635844e-14
1.762350807305420613e-17 1.665499173223089486e-14
1.784242214344055512e-17 1.680563536571929513e-14
1.806405550047613784e-17 1.695826005220587318e-14
1.828844192234540762e-17 1.711305446769490727e-14
1.851561560681554876e-17 1.727021362480021978e-14
1.874561117644903215e-17 1.742993909759218781e-14
1.897846368387862027e-17 1.759243926889212541e-14
1.921420861715172418e-17 1.775792960125006240e-14
1.945288190513728699e-17 1.792663293291206212e-14
1.969451992300216719e-17 1.809877980016695635e-14
1.993915949775557355e-17 1.827460878755286115e-14
2.018683791385992464e-17 1.845436690749506125e-14
2.043759291891549138e-17 1.863831001106668483e-14
2.069146272941154746e-17 1.882670322709635667e-14
2.094848603655143534e-17 1.901974775012025739e-14
2.120870201214984080e-17 1.921738883163742347e-14
2.147215031460176747e-17 1.941950947340563478e-14
2.173887109492722366e-17 1.962598634887787603e-14
2.200890500289117128e-17 1.983668937724276094e-14
2.228229319319682665e-17 2.005148130346687520e-14
2.255907733176037412e-17 2.027021728532099968e-14
2.283929960205911161e-17 2.049274448846876039e-14
2.312300271156116924e-17 2.071890169082929750e-14
2.341022989823512788e-17 2.094851889752280011e-14
2.370102493713765798e-17 2.118141696783020012e-14
2.399543214708774186e-17 2.141740725570678384e-14
2.429349639741900884e-17 2.165629126549376430e-14
2.459526311481884493e-17 2.189786032458338634e-14
2.490077829025228661e-17 2.214189527489355860e-14
2.521008848597009785e-17 2.238816618510031568e-14
2.552324084260571406e-17 2.263643208568070465e-14
2.584028308636059704e-17 2.288644072889283635e-14
2.616126353627566212e-17 2.313792837590876891e-14
2.648623111159832992e-17 2.339061961338444906e-14
2.681523533923577358e-17 2.364422720181391953e-14
2.714832636130392624e-17 2.389845195806820792e-14
2.748555494277034147e-17 2.415298267456575433e-14
2.782697247918860157e-17 2.440749607753985821e-14
2.817263100453442729e-17 2.466165700377440659e-14
2.852258319913347729e-17 2.491522166107801777e-14
2.887688239769102768e-17 2.516821801262985610e-14
2.923558259742118672e-17 2.542072429427948309e-14
2.959873846627499758e-17 2.567282415117658344e-14
2.996640535127278782e-17 2.592460663686110553e-14
3.033863928694041428e-17 2.617616621429236514e-14
3.071549700384650688e-17 2.642760275930417107e-14
3.109703593725200178e-17 2.667902156699283768e-14
3.148331423586086451e-17 2.693053336152623798e-14
3.187439077068327498e-17 2.718225430988985953e-14
3.227032514400895114e-17 2.743430604006855576e-14
3.267117769848799803e-17 2.768681566418009713e-14
3.307700952633117061e-17 2.793991580707626671e-14
3.348788247861774224e-17 2.819374464093212320e-14
3.390385917472302725e-17 2.844844592635066809e-14
3.432500301186276589e-17 2.870416906051995138e-14
3.475137817475355197e-17 2.896106913295782965e-14
3.518304964539578661e-17 2.921930698940280788e-14
3.562008321297845551e-17 2.947904930440430054e-14
3.606254548390260515e-17 2.974046866318552339e-14
3.651050389193657729e-17 3.000374365336531655e-14
3.696402670849012717e-17 3.026905896713115017e-14
3.742318305302051583e-17 3.053660551448067535e-14
3.788804290356761799e-17 3.080658054816237263e-14
3.835867710741717682e-17 3.107918770810783949e-14
3.883515739189953320e-17 3.135462636086382824e-14
3.931755637532096986e-17 3.163308115013465132e-14
3.980594757803085677e-17 3.191474012120452589e-14
4.030040543362782085e-17 3.219979720885858261e-14
4.080100530030195725e-17 3.248845240375552376e-14
4.130782347232076744e-17 3.278091193049232974e-14
4.182093719165822613e-17 3.307738843793961478e-14
4.234042465976315622e-17 3.337810120244069773e-14
4.286636504948234985e-17 3.368327634451784585e-14
4.339883851712319452e-17 3.399314705973099874e-14
4.393792621467130436e-17 3.430795386439564043e-14
4.448371030215964334e-17 3.462794485688025144e-14
4.503627396018801905e-17 3.495337599525526980e-14
4.559570140260172296e-17 3.528451139209838191e-14
4.616207788932585359e-17 3.562162362731365422e-14
4.673548973935899581e-17 3.596499407985558396e-14
4.731602434393028052e-17 3.631491327931997435e-14
4.790377017981601625e-17 3.667168127839200812e-14
4.849881682282518000e-17 3.703560804722814421e-14
4.910125496145286157e-17 3.740701389088776009e-14
4.971117641069737184e-17 3.778618698173665295e-14
5.032867412605893085e-17 3.817320043854647117e-14
5.095384221770219853e-17 3.856805473179587179e-14
5.158677596480081666e-17 3.897074774697457609e-14
5.222757183005976497e-17 3.938127459469979762e-14
5.287632747441428650e-17 3.979962738218695504e-14
5.353314177191524914e-17 4.022579498121099527e-14
5.419811482479983404e-17 4.065976279257992910e-14
5.487134797874292246e-17 4.110151250717553433e-14
5.555294383830884709e-17 4.155102186364258665e-14
5.624300628258410073e-17 4.200826440280423561e-14
5.694164048101085315e-17 4.247320921892658188e-14
5.764895290941719635e-17 4.294582070796702896e-14
5.836505136623960686e-17 4.342605831295214683e-14
5.909004498895856685e-17 4.391387626668349331e-14
5.982404427072655642e-17 4.440922333195264810e-14
6.056716107720969156e-17 4.491204253951023998e-14
6.131950866363825005e-17 4.542227092403146915e-14
6.208120169206438430e-17 4.593983925835710406e-14
6.285235624883875531e-17 4.646467178631333568e-14
6.363308986230485542e-17 4.699668595444636124e-14
6.442352152070527566e-17 4.753579214301214436e-14
6.522377169032348513e-17 4.808189339663193174e-14
6.603396233383783862e-17 4.863488515499731020e-14
6.685421692891142891e-17 4.919465498226165265e-14
6.768466048701303849e-17 4.976092723471744451e-14
6.852541957246350809e-17 5.033282580495486792e-14
6.937662232173264266e-17 5.090929385871631373e-14
7.023839846296176849e-17 5.148922444948242136e-14
7.111087933573732063e-17 5.207145964558007540e-14
7.199419791110943331e-17 5.265478990929505403e-14
7.288848881185405412e-17 5.323795374783300515e-14
7.379388833299194345e-17 5.381963765628473359e-14
7.471053446256316611e-17 5.439847637282471708e-14
7.563856690265072757e-17 5.497305346628977173e-14
7.657812709068036069e-17 5.554190227597737175e-14
7.752935822096972815e-17 5.610350722291754063e-14
7.849240526655447808e-17 5.665630551109248976e-14
7.946741500128554454e-17 5.719868923599165369e-14
8.045453602219120949e-17 5.772900791650882907e-14
8.145391877213326191e-17 5.824557146456285043e-14
8.246571556272811567e-17 5.874665360480838995e-14
8.349008059756257915e-17 5.923049575455683719e-14
8.452716999569746059e-17 5.969531137139133986e-14
8.557714181545686427e-17 6.013929077303405659e-14
8.664015607851923839e-17 6.056060643076404889e-14
8.771637479430841188e-17 6.095741873411284529e-14
8.880596198467696585e-17 6.132788222066498619e-14
8.990908370891406109e-17 6.167015226064274971e-14
9.102590808904596984e-17 6.198239504617256764e-14
9.215660533546164307e-17 6.226493343321376372e-14
9.330134777285679251e-17 6.252410866903699813e-14
9.446030986648885792e-17 6.276743458676115483e-14
9.563366824877710103e-17 6.300256310890760808e-14
9.682160174621404059e-17 6.323726945270851435e-14
9.802429140662264282e-17 6.347944680854520311e-14
9.924192052675144003e-17 6.373711075988926709e-14
1.004746746802052480e-16 6.401841371167379699e-14
1.017227417457303777e-16 6.433166962719453889e-14
1.029863119358493372e-16 6.468538944284839078e-14
1.042655778258473403e-16 6.508832763713076296e-14
1.055607343831252298e-16 6.554954057775435880e-14
1.068719789969102959e-16 6.607845746184366670e-14
1.081995115083428521e-16 6.668496490348304049e-14
1.095435342409302229e-16 6.737950651652496639e-14
1.109042520313831929e-16 6.817319919661821605e-14
1.122818722608357445e-16 6.907796823541545017e-14
1.136766048864478856e-16 7.010670391553785319e-14
1.150886624734080479e-16 7.127344285453948966e-14
1.165182602273254168e-16 7.259357811201723497e-14
1.179656160270323329e-16 7.408410297437394619e-14
1.194309504577864373e-16 7.576389442210550109e-14
1.209144868448929828e-16 7.764423840326624224e-14
1.224164512877369593e-16 7.964930505772968575e-14
1.239370726942458630e-16 8.164846910460164557e-14
1.254765828157726079e-16 8.354669865213431759e-14
1.270352162824197800e-16 8.533328065151994755e-14
1.286132106387945120e-16 8.700789310575456094e-14
1.302108063802157437e-16 8.857131284749068732e-14
1.318282469893634674e-16 9.002536494062746694e-14
1.334657789733884214e-16 9.137286383343130826e-14
1.351236519014827734e-16 9.261754820248051348e-14
1.368021184429121158e-16 9.376401139858939032e-14
1.385014344055281483e-16 9.481762933953192875e-14
1.402218587747506581e-16 9.578448759680117197e-14
1.419636537530430321e-16 9.667130930208323093e-14
1.437270847998687520e-16 9.748538536053703824e-14
1.455124206721535491e-16 9.823450830927150191e-14
1.473199334652408191e-16 9.892691100684061863e-14
1.491498986543652943e-16 9.957121118898845633e-14
1.510025951366321775e-16 1.001763627823466882e-13
1.528783052735275011e-16 1.007516147358302290e-13
1.547773149339467169e-16 1.013064780128428347e-13
1.566999135377677493e-16 1.018507012893805181e-13
1.586463940999558137e-16 1.023942558262298430e-13
1.606170532752224350e-16 1.029473299300205471e-13
1.626121914032393059e-16 1.035203333896341597e-13
1.646321125544071343e-16 1.041239122731188719e-13
1.666771245762030205e-16 1.047689744973094634e-13
1.687475391400928567e-16 1.054666010004512196e-13
1.708436717890371476e-16 1.062223532058465763e-13
1.729658419855761492e-16 1.070337381688885392e-13
1.751143731605232952e-16 1.078976193730635862e-13
1.772895927622523133e-16 1.088108025007467134e-13
1.794918323066078394e-16 1.097700174227991141e-13
1.817214274274246112e-16 1.107719011946098990e-13
1.839787179276857892e-16 1.118129820800672473e-13
1.862640478313057579e-16 1.128896646415612341e-13
1.885777654355634180e-16 1.139982159498831361e-13
1.909202233641870770e-16 1.151347529825987447e-13
1.932917786210909146e-16 1.162952312931986976e-13
1.956927926447906326e-16 1.174754350459394629e-13
1.981236313634824136e-16 1.186709685226310435e-13
2.005846652508188381e-16 1.198772492176207475e-13
2.030762693823647508e-16 1.210895026456367514e-13
2.055988234927674401e-16 1.223027589938849605e-13
2.081527120336237021e-16 1.235118517545296756e-13
2.107383242320792395e-16 1.247114184763605520e-13
2.133560541501422004e-16 1.258959037746507920e-13
2.160063007447473933e-16 1.270600205225016164e-13
2.186894679285526626e-16 1.282072126800664730e-13
2.214059646315044780e-16 1.293492020710813698e-13
2.241562048631549881e-16 1.304984440757712908e-13
2.269406077757620423e-16 1.316678436563236138e-13
2.297595977281732183e-16 1.328707688906014512e-13
2.326136043504940252e-16 1.341210777283164641e-13
2.355030626095735406e-16 1.354331588163293034e-13
2.384284128752880041e-16 1.368219873347568421e-13
2.413901009876636604e-16 1.383009816926355210e-13
2.443885783248174052e-16 1.398688192747490256e-13
2.474243018717571898e-16 1.415176338666480962e-13
2.504977342900213805e-16 1.432391945715657835e-13
2.536093439881987818e-16 1.450248754833264777e-13
2.567596051933088632e-16 1.468656085284430947e-13
2.599489980230847883e-16 1.487518417036980696e-13
2.631780085591387352e-16 1.506735032296951262e-13
2.664471289210468809e-16 1.526199722176869518e-13
2.697568573413540994e-16 1.545800565124889510e-13
2.731076982415002454e-16 1.565420900327931596e-13
2.765001623087052011e-16 1.584988271091172816e-13
2.799347665737920751e-16 1.604496511466696708e-13
2.834120344899943080e-16 1.623944610223287279e-13
2.869324960127239069e-16 1.643331836009663356e-13
2.904966876803489284e-16 1.662657739679685600e-13
2.941051526959556577e-16 1.681922156362990175e-13
2.977584410101451313e-16 1.701125207295137960e-13
3.014571094048395014e-16 1.720267301421040864e-13
3.052017215781480372e-16 1.739349136786623023e-13
3.089928482302685059e-16 1.758371701733996828e-13
3.128310671504747663e-16 1.777336275916081675e-13
3.167169633051666126e-16 1.796244431146896825e-13
3.206511289270254041e-16 1.815098032104323875e-13
3.246341636052780448e-16 1.833899236902698610e-13
3.286666743770682762e-16 1.852650497552470788e-13
3.327492758199833570e-16 1.871354560325258418e-13
3.368825901457084670e-16 1.890014466042051847e-13
3.410672472948660311e-16 1.908633550303609360e-13
3.453038850330114138e-16 1.927215443681309260e-13
3.495931490478431141e-16 1.945764071887989380e-13
3.539356930475978307e-16 1.964283655947500421e-13
3.583321788606909398e-16 1.982778712382903681e-13
3.627832765365712286e-16 2.001254053442695917e-13
3.672896644478520045e-16 2.019714787384874999e-13
3.718520293936869780e-16 2.038166739107775743e-13
3.764710667044545210e-16 2.056625955315815296e-13
3.811474803477193370e-16 2.075119238432193838e-13
3.858819830355254326e-16 2.093674871483201126e-13
3.906752963330226097e-16 2.112322191638728756e-13
3.955281507684257372e-16 2.131091601396967523e-13
4.004412859443642929e-16 2.150014584032061404e-13
4.054154506505890892e-16 2.169123723574068841e-13
4.104514029781051632e-16 2.188452729599148175e-13
4.155499104346959191e-16 2.208036467115839553e-13
4.207117500619091306e-16 2.227910991845183150e-13
4.259377085534687588e-16 2.248113591205624752e-13
4.312285823751855075e-16 2.268682831329987518e-13
4.365851778863287436e-16 2.289658610459815430e-13
4.420083114625341814e-16 2.311082219084472431e-13
4.474988096202120793e-16 2.332996407216493903e-13
4.530575091425179232e-16 2.355445459222976310e-13
4.586852572068888014e-16 2.378475276664093601e-13
4.643829115141450775e-16 2.402133469624950058e-13
4.701513404192236733e-16 2.426469457067425242e-13
4.759914230635055412e-16 2.451534576771954331e-13
4.819040495088165084e-16 2.477382005515068543e-13
4.878901208730629360e-16 2.504036633693850165e-13
4.939505494675823620e-16 2.531460962988545723e-13
5.000862589361693888e-16 2.559607785127635775e-13
5.062981843958601395e-16 2.588427565066239614e-13
5.125872725794333735e-16 2.617868276105855202e-13
5.189544819797142479e-16 2.647875244637140911e-13
5.254007829956372393e-16 2.678391005496320156e-13
5.319271580801576618e-16 2.709355169027771952e-13
5.385346018899681980e-16 2.740704301040386095e-13
5.452241214370962709e-16 2.772371816933903427e-13
5.519967362423851180e-16 2.804287891350333044e-13
5.588534784908595516e-16 2.836379384776570161e-13
5.657953931890541101e-16 2.868569788583327956e-13
5.728235383242603101e-16 2.900779190031343543e-13
5.799389850257878611e-16 2.932924258809201819e-13
5.871428177281928050e-16 2.964918256683014768e-13
5.944361343365699088e-16 2.996671071838244793e-13
6.018200463938608920e-16 3.028089279473224086e-13
6.092956792502786744e-16 3.059076230164307849e-13
6.168641722347985393e-16 3.089532167459097517e-13
6.245266788288169862e-16 3.119355406739503032e-13
6.322843668419324240e-16 3.148612300582446188e-13
6.401384185899327006e-16 3.177735245716460377e-13
6.480900310749951920e-16 3.207209111765589244e-13
6.561404161680978698e-16 3.237142770442923029e-13
6.642908007937369005e-16 3.267348510631594136e-13
6.725424271168955542e-16 3.297812247998852842e-13
6.808965527323785137e-16 3.328527744071177677e-13
6.893544508564547844e-16 3.359488467739398631e-13
6.979174105209252669e-16 3.390692832184355819e-13
7.065867367695561237e-16 3.422166496290894312e-13
7.153637508569975507e-16 3.453944916491244432e-13
7.242497904501275066e-16 3.486064806417863783e-13
7.332462098319427738e-16 3.518564164422415488e-13
7.423543801079365080e-16 3.551482309286357832e-13
7.515756894150855372e-16 3.584859920166395729e-13
7.609115431333900200e-16 3.618676999704058133e-13
7.703633641000698895e-16 3.652650243039829730e-13
7.799325928264226169e-16 3.686416269724177862e-13
7.896206877173439732e-16 3.719665058955222417e-13
7.994291252936222286e-16 3.753264616518865327e-13
8.093594004169424828e-16 3.789143012552289659e-13
8.194130265177383897e-16 3.829204600371649574e-13
8.295915358258212636e-16 3.874090808918199773e-13
8.398964796039268858e-16 3.923694367049946147e-13
8.503294283841102970e-16 3.977902554415203244e-13
8.608919722071305693e-16 4.036604016373828657e-13
8.715857208647550536e-16 4.099686415508868692e-13
8.824123041451282538e-16 4.167034124723110403e-13
8.933733720811327506e-16 4.238525952331884952e-13
9.044705952018923569e-16 4.314055383030914261e-13
9.157056647873444340e-16 4.393643905488271043e-13
9.270802931260122226e-16 4.477364217395490969e-13
9.385962137759779768e-16 4.565292304436347484e-13
9.502551818290606486e-16 4.657507032189813406e-13
9.620589741783330171e-16 4.754089798583961583e-13
9.740093897888991808e-16 4.855124168150318895e-13
9.861082499720976776e-16 4.960695485712175199e-13
9.983573986630491781e-16 5.070890467194898108e-13
1.010758702701713427e-15 5.185796765309106901e-13
1.023314052117375163e-15 5.305502507924763257e-13
1.036025360416727253e-15 5.430095807035315760e-13
1.048894564875467200e-15 5.559664236299526856e-13
1.061923626833581987e-15 5.694294275256836155e-13
1.075114531994238794e-15 5.834070718433484883e-13
1.088469290726429511e-15 5.979076047699950138e-13
1.101989938371375358e-15 6.129389766402743407e-13
1.115678535552694177e-15 6.285087693982099198e-13
1.129537168490486778e-15 6.446241220002544411e-13
1.143567949319252617e-15 6.612916516762894335e-13
1.157773016409826893e-15 6.785173709928607666e-13
1.172154534695244985e-15 6.963066006932707998e-13
1.186714696000726513e-15 7.146638783234330996e-13
1.201455719377684774e-15 7.335928626896489711e-13
1.216379851441961101e-15 7.530962342361622368e-13
1.231489366716183402e-15 7.731755914752656588e-13
1.246786567976454748e-15 7.938313436521198850e-13
1.262273786603270459e-15 8.150625998790085270e-13
1.277953382936874297e-15 8.368670550311789170e-13
1.293827746636951040e-15 8.592408727567611847e-13
1.309899297046840799e-15 8.821785660181160344e-13
1.326170483562275286e-15 9.056728756494164099e-13
1.342643786004643916e-15 9.297146474868860981e-13
1.359321714998974535e-15 9.542927087020177029e-13
1.376206812356524063e-15 9.793937440443362169e-13
1.393301651462208197e-15 1.005002172778948669e-12
1.410608837666756983e-15 1.031100027183465742e-12
1.428131008683828387e-15 1.057666833549414543e-12
1.445870834991966055e-15 1.084679496712542809e-12
1.463831020241641879e-15 1.112112189215748734e-12
1.482014301667260492e-15 1.139936246284257780e-12
1.500423450504376958e-15 1.168120067866125925e-12
1.519061272412006948e-15 1.196629029059115785e-12
1.537930607900242597e-15 1.225425400307766653e-12
1.557034332763182131e-15 1.254468278809612844e-12
1.576375358517172276e-15 1.283713532615306644e-12
1.595956632844591619e-15 1.313113758943774242e-12
1.615781140043042410e-15 1.342618258256855066e-12
1.635851901480226294e-15 1.372173025648571930e-12
1.656171976054365344e-15 1.401720761098479216e-12
1.676744460660449429e-15 1.431200900117171179e-12
1.697572490662165936e-15 1.460549666271173845e-12
1.718659240369801766e-15 1.489700147014676785e-12
1.740007923523971852e-15 1.518582394173230662e-12
1.761621793785465697e-15 1.547123550321157119e-12
1.783504145231069521e-15 1.575248036664323677e-12
1.805658312855657295e-15 1.602894770830194628e-12
1.828087673080414386e-15 1.630046697009961421e-12
1.850795644267442478e-15 1.656696067394242041e-12
1.873785687240763357e-15 1.682837534626045092e-12
1.897061305813712259e-15 1.708468141585458197e-12
1.920626047323001832e-15 1.733587303412201557e-12
1.944483503169293805e-15 1.758196782431122917e-12
1.968637309364612445e-15 1.782300656674151767e-12
1.993091147086428232e-15 1.805905282713741763e-12
2.017848743238756870e-15 1.829019253538829099e-12
2.042913871020093778e-15 1.851653352214258705e-12
2.068290350498537082e-15 1.873820502069642317e-12
2.093982049193921993e-15 1.895535714163085161e-12
2.119992882667319996e-15 1.916816032761337574e-12
2.146326815117722987e-15 1.937680479569452485e-12
2.172987859986281931e-15 1.958149997431569959e-12
2.199980080567913085e-15 1.978247394210027821e-12
2.227307590630596413e-15 1.997997287533513556e-12
2.254974555042363414e-15 2.017426051086889435e-12
2.282985190405983444e-15 2.036561763095500334e-12
2.311343765701670788e-15 2.055434157637013900e-12
2.340054602937627875e-15 2.074074579393511745e-12
2.369122077808818681e-15 2.092515942436825670e-12
2.398550620363773525e-15 2.110792693620841357e-12
2.428344715679831129e-15 2.128940781137183410e-12
2.458508904546611254e-15 2.146997628774595057e-12
2.489047784158136015e-15 2.165002116408922533e-12
2.519966008813389641e-15 2.182994567239186704e-12
2.551268290625738326e-15 2.201016742278003609e-12
2.582959400241015326e-15 2.219111842599463133e-12
2.615044167564631796e-15 2.237324519847787808e-12
2.647527482497652655e-15 2.255700895513118595e-12
2.680414295682130509e-15 2.274288589490051947e-12
2.713709619255482684e-15 2.293136758447204971e-12
2.747418527614455682e-15 2.312296144556311011e-12
2.781546158188447104e-15 2.331819135153204956e-12
2.816097712222571192e-15 2.351759833935778882e-12
2.851078455570220667e-15 2.372172424490841015e-12
2.886493719495705099e-15 2.393081343810851398e-12
2.922348901486717680e-15 2.414484038435902695e-12
2.958649466077039449e-15 2.436376851261004899e-12
2.995400945679222204e-15 2.458755909608136572e-12
3.032608941427854786e-15 2.481617105001327878e-12
3.070279124033184328e-15 2.504956072842138639e-12
3.108417234645339019e-15 2.528768171991645182e-12
3.147029085729413085e-15 2.553048464266886296e-12
3.186120561951168651e-15 2.577791693862333423e-12
3.225697621073992678e-15 2.602992266709468512e-12
3.265766294866843129e-15 2.628644229790040976e-12
3.306332690023628884e-15 2.654741250420911309e-12
3.347402989093748482e-15 2.681276595531291761e-12
3.388983451424449557e-15 2.708243110955568936e-12
3.431080414114734826e-15 2.735633200767994342e-12
3.473700292981284797e-15 2.763438806687462327e-12
3.516849583536097032e-15 2.791651387584257431e-12
3.560534861976549579e-15 2.820261899122658059e-12
3.604762786187594710e-15 2.849260773576725049e-12
3.649540096756576022e-15 2.878637899858796008e-12
3.694873618000354518e-15 2.908382603803566752e-12
3.740770259005492714e-15 2.938483628753058882e-12
3.787237014681209604e-15 2.968929116491079252e-12
3.834280966825411000e-15 2.999706588577905193e-12
3.881909285204122624e-15 3.030802928139635548e-12
3.930129228644015124e-15 3.062204362168217081e-12
3.978948146138816994e-15 3.093896444392393937e-12
4.028373477969275392e-15 3.125864038780794343e-12
4.078412756837232040e-15 3.158091303742709816e-12
4.129073609013453708e-15 3.190561677092757504e-12
4.180363755500046371e-15 3.223257861850074457e-12
4.232291013207113818e-15 3.256161812942988305e-12
4.284863296144241335e-15 3.289254724894167982e-12
4.338088616626423426e-15 3.322517020561401504e-12
4.391975086495326989e-15 3.355929987571746419e-12
4.446530918355546796e-15 3.389489672044713634e-12
4.501764426826216940e-15 3.423200508459675564e-12
4.557684029808352161e-15 3.457067236313969163e-12
4.614298249767566451e-15 3.491094820666751938e-12
4.671615715033086358e-15 3.525288455257722875e-12
4.729645161112688240e-15 3.559653565701282392e-12
4.788395432024189770e-15 3.594195812762230571e-12
4.847875481643099668e-15 3.628921095720457185e-12
4.908094375067390461e-15 3.663835555831153307e-12
4.969061289998995083e-15 3.698945579888409194e-12
5.030785518142701019e-15 3.734257803899097799e-12
5.093276466622018370e-15 3.769779116874842756e-12
5.156543659413035522e-15 3.805516664750011053e-12
5.220596738795893230e-15 3.841477854433763891e-12
5.285445466824277087e-15 3.877670358004066760e-12
5.351099726813379580e-15 3.914102117052799729e-12
5.417569524845920753e-15 3.950781347189688024e-12
5.484864991297301122e-15 3.987716542715084084e-12
5.552996382379440328e-15 4.024916481469843006e-12
5.621974081704061214e-15 4.062390229872404151e-12
5.691808601864945222e-15 4.100147148152156891e-12
5.762510586040289539e-15 4.138196895789719450e-12
5.834090809614691892e-15 4.176549437173787198e-12
5.906560181821576312e-15 4.215215047485739147e-12
5.979929747405533680e-15 4.254204318822144505e-12
6.054210688305795870e-15 4.293528166567191670e-12
6.129414325360326763e-15 4.333197836025979616e-12
6.205552120031383690e-15 4.373224909331124618e-12
6.282635676152012092e-15 4.413621312634350892e-12
6.360676741694730042e-15 4.454399323596617507e-12
6.439687210561941944e-15 4.495571579189168262e-12
6.519679124398579179e-15 4.537149485403632730e-12
6.600664674427530151e-15 4.579137528004033218e-12
6.682656203307333562e-15 4.621538201349592311e-12
6.765666207013482304e-15 4.664353980481105821e-12
6.849707336742769967e-15 4.707587320135302156e-12
6.934792400841630557e-15 4.751240653639605429e-12
7.020934366757867942e-15 4.795316391786940409e-12
7.108146363017194178e-15 4.839816921690229551e-12
7.196441681223970093e-15 4.884744605616775952e-12
7.285833778087165752e-15 4.930101779802010426e-12
7.376336277470879741e-15 4.975890753242933060e-12
7.467962972470934247e-15 5.022113806471040865e-12
7.560727827516954288e-15 5.068773190304819047e-12
7.654644980500572443e-15 5.115871124581295082e-12
7.749728744930371229e-15 5.163409796867632207e-12
7.845993612112965176e-15 5.211391361151225113e-12
7.943454253361811362e-15 5.259817936510037795e-12
8.042125522233074717e-15 5.308691605761612441e-12
8.142022456789649362e-15 5.358014414092038567e-12
8.243160281892660692e-15 5.407788367663744228e-12
8.345554411522078017e-15 5.458015432203323424e-12
8.449220451125760894e-15 5.508697531568277665e-12
8.554174199998087755e-15 5.559836546293952867e-12
8.660431653687453678e-15 5.611434312119377483e-12
8.768009006434352299e-15 5.663492618493480943e-12
8.876922653639402889e-15 5.716013207060586542e-12
8.987189194362030980e-15 5.768997770126332290e-12
9.098825433850550394e-15 5.822447949103131160e-12
9.211848386102938267e-15 5.876365332938002861e-12
9.326275276460164793e-15 5.930752004035220774e-12
9.442123544231273030e-15 5.985612122760494515e-12
9.559410845351543544e-15 6.040950400846318304e-12
9.678155055072896636e-15 6.096771610882806774e-12
9.798374270688488535e-15 6.153080587212193862e-12
9.920086814290687453e-15 6.209882226837100551e-12
1.004331123556377845e-14 6.267181490343002003e-12
1.016806631461057354e-14 6.324983402835036260e-12
1.029437106481490866e-14 6.383293054889141584e-12
1.042224473573924339e-14 6.442115603518534615e-12
1.055170681605873280e-14 6.501456273154894396e-12
1.068277703653090543e-14 6.561320356645122287e-12
1.081547537300308818e-14 6.621713216263508916e-12
1.094982204945674358e-14 6.682640284740212105e-12
1.108583754108963932e-14 6.744107066305413256e-12
1.122354257743673974e-14 6.806119137750684587e-12
1.136295814552896742e-14 6.868682149506125312e-12
1.150410549309210352e-14 6.931801826735494650e-12
1.164700613178488044e-14 6.995483970448102504e-12
1.179168184047785526e-14 7.059734458628871474e-12
1.193815466857207349e-14 7.124559247385780955e-12
1.208644693935989101e-14 7.189964372116144141e-12
1.223658125342698720e-14 7.255955948691211446e-12
1.238858049209721014e-14 7.322540174660042215e-12
1.254246782091923758e-14 7.389723330472135028e-12
1.269826669319752004e-14 7.457511780720328764e-12
1.285600085356661261e-14 7.525911975403245820e-12
1.301569434160987726e-14 7.594930451208285590e-12
1.317737149552367694e-14 7.664573832815513137e-12
1.334105695582602695e-14 7.734848834222038369e-12
1.350677566911236635e-14 7.805762260088520669e-12
1.367455289185734222e-14 7.877321007107227078e-12
1.384441419426449184e-14 7.949532065392519673e-12
1.401638546416261763e-14 8.022402519893576658e-12
1.419049291095168203e-14 8.095939551830657402e-12
1.436676306959704375e-14 8.170150440154614162e-12
1.454522280467400126e-14 8.245042563030576222e-12
1.472589931446140822e-14 8.320623399345459095e-12
1.490882013508732209e-14 8.396900530240722118e-12
1.509401314472552485e-14 8.473881640670261355e-12
1.528150656784422372e-14 8.551574520983827160e-12
1.547132897950808831e-14 8.629987068537247561e-12
1.566350930973252933e-14 8.709127289328045443e-12
1.585807684789327959e-14 8.789003299659646781e-12
1.605506124719002143e-14 8.869623327832170114e-12
1.625449252916620629e-14 8.950995715862152821e-12
1.645640108828374430e-14 9.033128921230186647e-12
1.666081769655579822e-14 9.116031518658265499e-12
1.686777350823636588e-14 9.199712201916809965e-12
1.707730006456889148e-14 9.284179785662039016e-12
1.728942929859252691e-14 9.369443206927507514e-12
1.750419354000944455e-14 9.455511229052373841e-12
1.772162552011179422e-14 9.542391890272617299e-12
1.794175837677070892e-14 9.630093168284483740e-12
1.816462565948584441e-14 9.718623122783365004e-12
1.839026133449909436e-14 9.807989896348728686e-12
1.861869978997107980e-14 9.898201715338639656e-12
1.884997584122196234e-14 9.989266890794871745e-12
1.908412473603810516e-14 1.008119381935803123e-11
1.932118216004311137e-14 1.017399098419285367e-11
1.956118424213714302e-14 1.026766695592422177e-11
1.980416756000283887e-14 1.036223039358387522e-11
2.005016914568061412e-14 1.045769004556799987e-11
2.029922649121159071e-14 1.055405475060508076e-11
2.055137755435224454e-14 1.065133343873538736e-11
2.080666076435903731e-14 1.074953513230122506e-11
2.106511502784594541e-14 1.084866894694898698e-11
2.132677973471303356e-14 1.094874409264174741e-11
2.159169476415036795e-14 1.104976987468426299e-11
2.185990049071566881e-14 1.115175569475893403e-11
2.213143779048743810e-14 1.125471105197419781e-11
2.240634804729543345e-14 1.135864554392477697e-11
2.268467315902671179e-14 1.146356886776327748e-11
2.296645554401183701e-14 1.156949082128526059e-11
2.325173814748928902e-14 1.167642130402547847e-11
2.354056444815132740e-14 1.178437031836797966e-11
2.383297846476926496e-14 1.189334797066753658e-11
2.412902476290292224e-14 1.200336447238480389e-11
2.442874846169229073e-14 1.211443014123414631e-11
2.473219524073473707e-14 1.222655540234520216e-11
2.503941134704565606e-14 1.233975078943649106e-11
2.535044360210755190e-14 1.245402694600379136e-11
2.566533940900571415e-14 1.256939462652152307e-11
2.598414675965249552e-14 1.268586469765789880e-11
2.630691424210241900e-14 1.280344813950474256e-11
2.663369104795597827e-14 1.292215604682002822e-11
2.696452697985758706e-14 1.304199963028630869e-11
2.729947245908533293e-14 1.316299021778234788e-11
2.763857853323636005e-14 1.328513925567064990e-11
2.798189688400550153e-14 1.340845831009832818e-11
2.832947983506271505e-14 1.353295906831442942e-11
2.868138036002708769e-14 1.365865334000107234e-11
2.903765209054121541e-14 1.378555305862168909e-11
2.939834932444362218e-14 1.391367028278279555e-11
2.976352703404492061e-14 1.404301719430852813e-11
3.013324087450575140e-14 1.417360598016707046e-11
3.050754719231862215e-14 1.430544879513579501e-11
3.088650303389648843e-14 1.443855790392331141e-11
3.127016615426542668e-14 1.457294569216211671e-11
3.165859502586782967e-14 1.470862466759982763e-11
3.205184884747342976e-14 1.484560746130142775e-11
3.244998755320258655e-14 1.498390682886419554e-11
3.285307182165899269e-14 1.512353565164293813e-11
3.326116308517851895e-14 1.526450693798851659e-11
3.367432353919127660e-14 1.540683382449743475e-11
3.409261615170168706e-14 1.555052957727503440e-11
3.451610467288349809e-14 1.569560759320878480e-11
3.494485364479677047e-14 1.584208140125605102e-11
3.537892841122390061e-14 1.598996466374299692e-11
3.581839512762954486e-14 1.613927117767750168e-11
3.626332077124133417e-14 1.629001487607292672e-11
3.671377315125875657e-14 1.644220982928652301e-11
3.716982091918738020e-14 1.659587024637003278e-11
3.763153357930141445e-14 1.675101047643319341e-11
3.809898149923777755e-14 1.690764501002159412e-11
3.857223592071871672e-14 1.706578848050647515e-11
3.905136897041064267e-14 1.722545566548873110e-11
3.953645367091602910e-14 1.738666148821696991e-11
4.002756395190376673e-14 1.754942101901864522e-11
4.052477466137453249e-14 1.771374947674526690e-11
4.102816157706932118e-14 1.787966223023168013e-11
4.153780141801776960e-14 1.804717479976952930e-11
4.205377185623190871e-14 1.821630285859536569e-11
4.257615152854180357e-14 1.838706223439232272e-11
4.310502004858158161e-14 1.855946891080688090e-11
4.364045801892270030e-14 1.873353902898064151e-11
4.418254704335784934e-14 1.890928888909612038e-11
4.473136973933929291e-14 1.908673495193873629e-11
4.528700975056805469e-14 1.926589384047237034e-11
4.584955175974316601e-14 1.944678234143133641e-11
4.641908150146703264e-14 1.962941740692740569e-11
4.699568577531337639e-14 1.981381615607262841e-11
4.757945245905375033e-14 1.999999587661712562e-11
4.817047052205209412e-14 2.018797370474710570e-11
4.876883003882341010e-14 2.037776548738561617e-11
4.937462220276320583e-14 2.056938677051825024e-11
4.998793934004353133e-14 2.076285319161007220e-11
5.060887492368557611e-14 2.095818047933125838e-11
5.123752358780508971e-14 2.115538445324479772e-11
5.187398114203476599e-14 2.135448102347320259e-11
5.251834458612782548e-14 2.155548619034604908e-11
5.317071212473884538e-14 2.175841604402434329e-11
5.383118318239235108e-14 2.196328676410467986e-11
5.449985841863482724e-14 2.217011461920123790e-11
5.517683974337758913e-14 2.237891596650543331e-11
5.586223033242578089e-14 2.258970725132270412e-11
5.655613464320469003e-14 2.280250500658685526e-11
5.725865843067879008e-14 2.301732585235030533e-11
5.796990876347121708e-14 2.323418649525164075e-11
5.868999404017889613e-14 2.345310372795758875e-11
5.941902400589491120e-14 2.367409442858184864e-11
6.015710976893337237e-14 2.389717556007823855e-11
6.090436381776487109e-14 2.412236416960920761e-11
6.166090003815746838e-14 2.434967738788752948e-11
6.242683373053547176e-14 2.457913242849319007e-11
6.320228162755136872e-14 2.481074658716359227e-11
6.398736191187604115e-14 2.504453724105561067e-11
6.478219423421258711e-14 2.528052184798313461e-11
6.558689973152861295e-14 2.551871794562344328e-11
6.640160104552027375e-14 2.575914315069872996e-11
6.722642234130250864e-14 2.600181515812726277e-11
6.806148932633471007e-14 2.624675174014675421e-11
6.890692926957598314e-14 2.649397074540750624e-11
6.976287102088377799e-14 2.674349009803682700e-11
7.062944503065031645e-14 2.699532779667282571e-11
7.150678336968620346e-14 2.724950191346832886e-11
7.239501974934534167e-14 2.750603059306285304e-11
7.329428954190562618e-14 2.776493196188181784e-11
7.420472980119982819e-14 2.802622248585621595e-11
7.512647928350278902e-14 2.828991706589939910e-11
7.605967846868114692e-14 2.855603048588752865e-11
7.700446958159953854e-14 2.882457746255722985e-11
7.796099661379895091e-14 2.909557264125230663e-11
7.892940534544062304e-14 2.936903059159543831e-11
7.990984336752627599e-14 2.964496580308565293e-11
8.090246010438807030e-14 2.992339268061981310e-11
8.190740683646416888e-14 3.020432553993959095e-11
8.292483672335351882e-14 3.048777860300281423e-11
8.395490482716089616e-14 3.077376599327897997e-11
8.499776813612520852e-14 3.106230173096725874e-11
8.605358558854812017e-14 3.135339972813972306e-11
8.712251809701644904e-14 3.164707378380730554e-11
8.820472857292545406e-14 3.194333757890813122e-11
8.930038195131033368e-14 3.224220467122113882e-11
9.040964521597896832e-14 3.254368849019891603e-11
9.153268742496403152e-14 3.284780233172703217e-11
9.266967973628695987e-14 3.315455935280325054e-11
9.382079543404644151e-14 3.346397256614182935e-11
9.498620995482330711e-14 3.377605483469738568e-11
9.616610091442117279e-14 3.409081886611433265e-11
9.736064813493445398e-14 3.440827720709657117e-11
9.857003367215753316e-14 3.472844223770269022e-11
9.979444184332627166e-14 3.505132616556003235e-11
1.010340592552122494e-13 3.537694102000567642e-11
1.022890748325609736e-13 3.570529864614778491e-11
1.035596798468885198e-13 3.603641069885215596e-11
1.048460679456273556e-13 3.637028863665049049e-11
1.061484351816426247e-13 3.670694371557431653e-11
1.074669800431109041e-13 3.704638697478943397e-11
1.088019034837700662e-13 3.738862886092529302e-11
1.101534089535492583e-13 3.773367905327887718e-11
1.115217024295706187e-13 3.808154692920210950e-11
1.129069924475447546e-13 3.843224159529544737e-11
1.143094901335511201e-13 3.878577188006748181e-11
1.157294092362183793e-13 3.914214632651581885e-11
1.171669661592955263e-13 3.950137318463148542e-11
1.186223799946366082e-13 3.986346040382780342e-11
1.200958725555896861e-13 4.022841562529401611e-11
1.215876684108064787e-13 4.059624617427631009e-11
1.230979949184619124e-13 4.096695905228395797e-11
1.246270822609087422e-13 4.134056092922530584e-11
1.261751634797576792e-13 4.171705813547341810e-11
1.277424745113932715e-13 4.209645665386146996e-11
1.293292542229360154e-13 4.247876211161217897e-11
1.309357444486409026e-13 4.286397977219823784e-11
1.325621900267584543e-13 4.325211452713987520e-11
1.342088388368473371e-13 4.364317088773780577e-11
1.358759418375569886e-13 4.403715297674538272e-11
1.375637531048686152e-13 4.443406451997827211e-11
1.392725298708221539e-13 4.483390883786820855e-11
1.410025325627176608e-13 4.523668883695776262e-11
1.427540248428105397e-13 4.564240700134256288e-11
1.445272736484882150e-13 4.605106538405708865e-11
1.463225492329576085e-13 4.646266559841264793e-11
1.481401252064319836e-13 4.687720880928481324e-11
1.499802785778295776e-13 4.729469572435419930e-11
1.518432897969961887e-13 4.771512658530309000e-11
1.537294427974399801e-13 4.813850115896836043e-11
1.556390250396095000e-13 4.856481872845599324e-11
1.575723275547017151e-13 4.899407808421672395e-11
1.595296449890220449e-13 4.942627751508876702e-11
1.615112756488823105e-13 4.986141479930373246e-11
1.635175215460696172e-13 5.029948719546728750e-11
1.655486884438718066e-13 5.074049143351018200e-11
1.676050859036831818e-13 5.118442370561588007e-11
1.696870273321751083e-13 5.163127965712543790e-11
1.717948300290665020e-13 5.208105437742574734e-11
1.739288152354792863e-13 5.253374239082028605e-11
1.760893081829030512e-13 5.298933764739095595e-11
1.782766381427536938e-13 5.344783351384554303e-11
1.804911384765619355e-13 5.390922354683126859e-11
1.827331466867780091e-13 5.437350590247922819e-11
1.850030044682075353e-13 5.484068043353746921e-11
1.873010577600937858e-13 5.531074665901963925e-11
1.896276567988317170e-13 5.578370375367473779e-11
1.919831561713520170e-13 5.625955054308989032e-11
1.943679148691590878e-13 5.673828549878550336e-11
1.967822963430496686e-13 5.721990673330729170e-11
1.992266685584954913e-13 5.770441199531575943e-11
2.017014040517293719e-13 5.819179866467332228e-11
2.042068799865188862e-13 5.868206374753307782e-11
2.067434782116546655e-13 5.917520387142740768e-11
2.093115853191365493e-13 5.967121528035886735e-11
2.119115927030989707e-13 6.017009382989502457e-11
2.145438966194599733e-13 6.067183498226863559e-11
2.172088982463111516e-13 6.117643380148418683e-11
2.199070037450664624e-13 6.168388494843220428e-11
2.226386243223530206e-13 6.219418267601116265e-11
2.254041762926883573e-13 6.270732082426284909e-11
2.282040811419255110e-13 6.322329281551686472e-11
2.310387655914972539e-13 6.374209164955129492e-11
2.339086616634398391e-13 6.426370989876630430e-11
2.368142067462427670e-13 6.478813970337430122e-11
2.397558436615059665e-13 6.531537276660957968e-11
2.427340207314354916e-13 6.584540034995742596e-11
2.457491918471593300e-13 6.637821326840128098e-11
2.488018165379102273e-13 6.691380188569754857e-11
2.518923600410590153e-13 6.745215610967034660e-11
2.550212933730171286e-13 6.799326538753448561e-11
2.581890934010305188e-13 6.853711870124717908e-11
2.613962429158446751e-13 6.908370456288515069e-11
2.646432307052925986e-13 6.963301101005694847e-11
2.679305516287850821e-13 7.018502560134538641e-11
2.712587066927383332e-13 7.073973541178640791e-11
2.746282031269174846e-13 7.129712702838128195e-11
2.780395544617498599e-13 7.185718654565035225e-11
2.814932806065854779e-13 7.241989956122350539e-11
2.849899079289433191e-13 7.298525117147441497e-11
2.885299693347191172e-13 7.355322596719723043e-11
2.921140043494122841e-13 7.412380802932773975e-11
2.957425592003504094e-13 7.469698092471408549e-11
2.994161868999350127e-13 7.527272770193373823e-11
3.031354473299334393e-13 7.585103088716347428e-11
3.069009073267935231e-13 7.643187248010160791e-11
3.107131407680424100e-13 7.701523394994295630e-11
3.145727286597436410e-13 7.760109623141405949e-11
3.184802592250561669e-13 7.818943981211413437e-11
3.224363279938674252e-13 7.878028692679657327e-11
3.264415378935659110e-13 7.937377059305235989e-11
3.304964993409252216e-13 7.997004553804208801e-11
3.346018303351459720e-13 8.056927111233415019e-11
3.387581565520263491e-13 8.117161134695295467e-11
3.429661114393292108e-13 8.177723501370762449e-11
3.472263363133176579e-13 8.238631568895683047e-11
3.515394804565066894e-13 8.299903182098081689e-11
3.559062012166005465e-13 8.361556680112054972e-11
3.603271641066875391e-13 8.423610903886914675e-11
3.648030429066651425e-13 8.486085204108226660e-11
3.693345197659249983e-13 8.548999449549498081e-11
3.739222853073282659e-13 8.612374035873146462e-11
3.785670387324424943e-13 8.676229894898949890e-11
3.832694879281160993e-13 8.740588504361115385e-11
3.880303495743578819e-13 8.805471898172721764e-11
3.928503492535759111e-13 8.870902677219356466e-11
3.977302215611414924e-13 8.936904020702270438e-11
4.026707102173584431e-13 9.003499698054237974e-11
4.076725681808034972e-13 9.070714081449678616e-11
4.127365577630949399e-13 9.138572158933709200e-11
4.178634507450533725e-13 9.207099317740808499e-11
4.230540284943387715e-13 9.276256451099762663e-11
4.283090820845318312e-13 9.345847950166246253e-11
4.336294124156948316e-13 9.415649614574605196e-11
4.390158303364472196e-13 9.485430508813460580e-11
4.444691567675227341e-13 9.554953021250690867e-11
4.499902228268960743e-13 9.624031999332602168e-11
4.555798699564430127e-13 9.692642042797048872e-11
4.612389500501959503e-13 9.760785936258586937e-11
4.669683255841547273e-13 9.828467040726303687e-11
4.727688697477480086e-13 9.895689290655239458e-11
4.786414665769046522e-13 9.962457190775609147e-11
4.845870110888011480e-13 1.002877581271851019e-10
4.906064094182445358e-13 1.009465079145501213e-10
4.967005789557876375e-13 1.016008832156776020e-10
5.028704484875406540e-13 1.022509515337264080e-10
5.091169583367195198e-13 1.028967858890814719e-10
5.154410605069730186e-13 1.035384647781194098e-10
5.218437188274488762e-13 1.041760721310110399e-10
5.283259090997029355e-13 1.048096972687558252e-10
5.348886192464087017e-13 1.054394348596245323e-10
5.415328494619398578e-13 1.060653848751912348e-10
5.482596123647790999e-13 1.066876525461320380e-10
5.550699331518649708e-13 1.073063483179763837e-10
5.619648497548279208e-13 1.079215878069866190e-10
5.689454129981961724e-13 1.085334917563442815e-10
5.760126867595191871e-13 1.091421859928165624e-10
5.831677481315274776e-13 1.097478013840854325e-10
5.904116875862781794e-13 1.103504737969109273e-10
5.977456091413679679e-13 1.109503440563025721e-10
6.051706305281635406e-13 1.115475579058678716e-10
6.126878833621689155e-13 1.121422659695155278e-10
6.202985133154852177e-13 1.127346237146810065e-10
6.280036802914130376e-13 1.133247914172381558e-10
6.358045586012480490e-13 1.139129341282733513e-10
6.437023371432229361e-13 1.144992216428788928e-10
6.516982195837217427e-13 1.150838284711380802e-10
6.597934245407155549e-13 1.156669338114623520e-10
6.679891857695082698e-13 1.162487215264447327e-10
6.762867523507356043e-13 1.168293801213889386e-10
6.846873888807533551e-13 1.174091027256771990e-10
6.931923756643586671e-13 1.179880870771408592e-10
7.018030089099376116e-13 1.185665355095842098e-10
7.105206009269814163e-13 1.191446549436278679e-10
7.193464803261122074e-13 1.197226568810290716e-10
7.282819922215651512e-13 1.203007574026343038e-10
7.373284984361858623e-13 1.208791771701277974e-10
7.464873777090033615e-13 1.214581414317293361e-10
7.557600259053223385e-13 1.220378800320006616e-10
7.651478562294845683e-13 1.226186274259257418e-10
7.746522994402372778e-13 1.232006226974146980e-10
7.842748040688138820e-13 1.237841095824046844e-10
7.940168366396606483e-13 1.243693364967080353e-10
8.038798818939687258e-13 1.249565565687765783e-10
8.138654430159438895e-13 1.255460276775521792e-10
8.239750418619272892e-13 1.261380079242473719e-10
8.342102191922951111e-13 1.267326382004377232e-10
8.445725349063052704e-13 1.273299294922617667e-10
8.550635682798292413e-13 1.279298862022309159e-10
8.656849182060345534e-13 1.285325126485137591e-10
8.764382034390942941e-13 1.291378130636708612e-10
8.873250628408517205e-13 1.297457915933699195e-10
8.983471556306206255e-13 1.303564522951033494e-10
9.095061616380447176e-13 1.309697991368921954e-10
9.208037815591434422e-13 1.315858359959852869e-10
9.322417372154632659e-13 1.322045666575488285e-10
9.438217718165224344e-13 1.328259948133499938e-10
9.555456502254711544e-13 1.334501240604325836e-10
9.674151592280969482e-13 1.340769578997866090e-10
9.794321078050961205e-13 1.347064997350049505e-10
9.915983274078021777e-13 1.353387528709420065e-10
1.003915672237293651e-12 1.359737205123568075e-10
1.016386019527018851e-12 1.366114057625530532e-10
1.029011269828846477e-12 1.372518116220116023e-10
1.041793347302753715e-12 1.378949409870144574e-10
1.054734200010071258e-12 1.385407966482637091e-10
1.067835800210370064e-12 1.391893812894910980e-10
1.081100144662079504e-12 1.398406974860641625e-10
1.094529254926752709e-12 1.404947477035826695e-10
1.108125177677199220e-12 1.411515342964683222e-10
1.121889985009390651e-12 1.418110595065507731e-10
1.135825774758297666e-12 1.424733254616441493e-10
1.149934670817556720e-12 1.431383341741176326e-10
1.164218823463199587e-12 1.438060875394604821e-10
1.178680409681349567e-12 1.444765873348404912e-10
1.193321633500044499e-12 1.451498352176564734e-10
1.208144726325086433e-12 1.458258327240833284e-10
1.223151947280157453e-12 1.465045812676128705e-10
1.238345583551114827e-12 1.471860821375863322e-10
1.253727950734560192e-12 1.478703364977245160e-10
1.269301393190790616e-12 1.485573453846490540e-10
1.285068284401031365e-12 1.492471097063986787e-10
1.301031027329208477e-12 1.499396302409407626e-10
1.317192054788153693e-12 1.506349076346765004e-10
1.333553829810421086e-12 1.513329424009443573e-10
1.350118846023603703e-12 1.520337349185088624e-10
1.366889628030419220e-12 1.527372854300567683e-10
1.383868731793451315e-12 1.534435940406778821e-10
1.401058745024738811e-12 1.541526607163480939e-10
1.418462287580089202e-12 1.548644852824020911e-10
1.436082011858405543e-12 1.555790674220042890e-10
1.453920603205915039e-12 1.562964066746170220e-10
1.471980780325419881e-12 1.570165024344584200e-10
1.490265295690690299e-12 1.577393539489644989e-10
1.508776935965885924e-12 1.584649603172373440e-10
1.527518522430306169e-12 1.591933204884975842e-10
1.546492911408346433e-12 1.599244332605271468e-10
1.565702994704866315e-12 1.606582972781131760e-10
1.585151700045843636e-12 1.613949110314850491e-10
1.604841991524625856e-12 1.621342728547459387e-10
1.624776870053648842e-12 1.628763809243077093e-10
1.644959373821846142e-12 1.636212332573169996e-10
1.665392578757607587e-12 1.643688277100793916e-10
1.686079598997619658e-12 1.651191619764817447e-10
1.707023587361466010e-12 1.658722335864119703e-10
1.728227735832119647e-12 1.666280399041742313e-10
1.749695276042476788e-12 1.673865781269037541e-10
1.771429479767791054e-12 1.681478452829785900e-10
1.793433659424366845e-12 1.689118382304304976e-10
1.815711168574361862e-12 1.696785536553498030e-10
1.838265402436947767e-12 1.704479880702938523e-10
1.861099798405672480e-12 1.712201378126919490e-10
1.884217836572398718e-12 1.719949990432455088e-10
1.907623040257656625e-12 1.727725677443321446e-10
1.931318976547683308e-12 1.735528397184065188e-10
1.955309256837972188e-12 1.743358105863995424e-10
1.979597537383731403e-12 1.751214757861169018e-10
2.004187519857088098e-12 1.759098305706378435e-10
2.029082951911308807e-12 1.767008700067158722e-10
2.054287627751864670e-12 1.774945889731734005e-10
2.079805388714755486e-12 1.782909821593037387e-10
2.105640123851935887e-12 1.790900440632659511e-10
2.131795770524009634e-12 1.798917689904865106e-10
2.158276315000376615e-12 1.806961510520596085e-10
2.185085793066658874e-12 1.815031841631447251e-10
2.212228290639846719e-12 1.823128620413714895e-10
2.239707944390978319e-12 1.831251782052402736e-10
2.267528942375667815e-12 1.839401259725305422e-10
2.295695524672277185e-12 1.847576984587014987e-10
2.324211984028202391e-12 1.855778885753053724e-10
2.353082666514074291e-12 1.864006890283955345e-10
2.382311972186201463e-12 1.872260923169405092e-10
2.411904355757049370e-12 1.880540907312389917e-10
2.441864327274240531e-12 1.888846763513361079e-10
2.472196452807891527e-12 1.897178411151527755e-10
2.502905355146486769e-12 1.905535848487653525e-10
2.533995714501502287e-12 1.913919229118545510e-10
2.565472269220572337e-12 1.922328726402222022e-10
2.597339816509721073e-12 1.930764516050467071e-10
2.629603213164445206e-12 1.939226776147921434e-10
2.662267376309999457e-12 1.947715687171362685e-10
2.695337284150668710e-12 1.956231432009120158e-10
2.728817976728559610e-12 1.964774195980693084e-10
2.762714556691686228e-12 1.973344166856482214e-10
2.797032190071734714e-12 1.981941534877770360e-10
2.831776107071259738e-12 1.990566492776803245e-10
2.866951602860887888e-12 1.999219235797105053e-10
2.902564038386307882e-12 2.007899961713935126e-10
2.938618841185287123e-12 2.016608870854984283e-10
2.975121506214953281e-12 2.025346166121200119e-10
3.012077596689115544e-12 2.034112053007830231e-10
3.049492744926222895e-12 2.042906739625675580e-10
3.087372653207715857e-12 2.051730436722508532e-10
3.125723094647183703e-12 2.060583357704748861e-10
3.164549914070071835e-12 2.069465718659284001e-10
3.203859028904565409e-12 2.078377738375523493e-10
3.243656430083387856e-12 2.087319638367677538e-10
3.283948182956958600e-12 2.096291642897258899e-10
3.324740428217629661e-12 2.105293978995758506e-10
3.366039382835665965e-12 2.114326876487593512e-10
3.407851341006693497e-12 2.123390568013273780e-10
3.450182675111082193e-12 2.132485289052784989e-10
3.493039836684966315e-12 2.141611277949208253e-10
3.536429357403605085e-12 2.150768775932602125e-10
3.580357850076821041e-12 2.159958027144097069e-10
3.624832009656798446e-12 2.169179278660269636e-10
3.669858614258552744e-12 2.178432780517750306e-10
3.715444526192773396e-12 2.187718785738052351e-10
3.761596693011801440e-12 2.197037550352765171e-10
3.808322148568410573e-12 2.206389333428868347e-10
3.855628014087935011e-12 2.215774397094466781e-10
3.903521499253395553e-12 2.225193006564659735e-10
3.952009903304420326e-12 2.234645430167774348e-10
4.001100616149629850e-12 2.244131939371855061e-10
4.050801119493027613e-12 2.253652808811465304e-10
4.101118987974061752e-12 2.263208316314700367e-10
4.152061890322172895e-12 2.272798742930590090e-10
4.203637590525517972e-12 2.282424372956772186e-10
4.255853949014212497e-12 2.292085493967420446e-10
4.308718923858445142e-12 2.301782396841572831e-10
4.362240571981122897e-12 2.311515375791693499e-10
4.416427050385930553e-12 2.321284728392577862e-10
4.471286617400433718e-12 2.331090755610624433e-10
4.526827633934842530e-12 2.340933761833386891e-10
4.583058564756041053e-12 2.350814054899486225e-10
4.639987979777812126e-12 2.360731946128814457e-10
4.697624555366865885e-12 2.370687750353178841e-10
4.755977075665323040e-12 2.380681785947239451e-10
4.815054433929234469e-12 2.390714374859742487e-10
4.874865633884120219e-12 2.400785842645266437e-10
4.935419791097149046e-12 2.410896518496163132e-10
4.996726134366363218e-12 2.421046735275031311e-10
5.058794007127359725e-12 2.431236829547448158e-10
5.121632868877040986e-12 2.441467141615161989e-10
5.185252296615461740e-12 2.451738015549605994e-10
5.249661986305327038e-12 2.462049799225888122e-10
5.314871754349890155e-12 2.472402844357128897e-10
5.380891539088769786e-12 2.482797506529221619e-10
5.447731402312779476e-12 2.493234145235997876e-10
5.515401530797314485e-12 2.503713123914834053e-10
5.583912237855055426e-12 2.514234809982694177e-10
5.653273964907504799e-12 2.524799574872543438e-10
5.723497283076497029e-12 2.535407794070297832e-10
5.794592894795211876e-12 2.546059841009545199e-10
5.866571635439465072e-12 2.556756011839985496e-10
5.939444474978809295e-12 2.567496547757546769e-10
6.013222519648598994e-12 2.578281690492420613e-10
6.087917013642602256e-12 2.589111683518364039e-10
6.163539340826626619e-12 2.599986772066023805e-10
6.240101026473689534e-12 2.610907203136561628e-10
6.317613739020231055e-12 2.621873225515249934e-10
6.396089291844651516e-12 2.632885089785177721e-10
6.475539645067634585e-12 2.643943048341212337e-10
6.555976907375149943e-12 2.655047355403919895e-10
6.637413337863568493e-12 2.666198267033694033e-10
6.719861347908229440e-12 2.677396041144960157e-10
6.803333503054894579e-12 2.688640937520505313e-10
6.887842524935034117e-12 2.699933217826014331e-10
6.973401293204342203e-12 2.711273145624542906e-10
7.060022847505889370e-12 2.722660986391306033e-10
7.147720389457383558e-12 2.734097007528472132e-10
7.236507284663114093e-12 2.745581478380130884e-10
7.326397064751181209e-12 2.757114670247383587e-10
7.417403429435440831e-12 2.768696856403537433e-10
7.509540248603649324e-12 2.780328312109454359e-10
7.602821564431198345e-12 2.792009314629023461e-10
7.697261593521468911e-12 2.803740143244771443e-10
7.792874729072149566e-12 2.815521079273593008e-10
7.889675543069085776e-12 2.827352406082587747e-10
7.987678788507017529e-12 2.839234409105137429e-10
8.086899401638264990e-12 2.851167375856988975e-10
8.187352504248722415e-12 2.863151595952565430e-10
8.289053405962754922e-12 2.875187361121348270e-10
8.392017606576411661e-12 2.887274965224518727e-10
8.496260798419611305e-12 2.899414704271561892e-10
8.601798868748018800e-12 2.911606876437205816e-10
8.708647902163942908e-12 2.923851782078344600e-10
8.816824183067992917e-12 2.936149723751238572e-10
8.926344198140775572e-12 2.948501006228722757e-10
9.037224638855848775e-12 2.960905936517765324e-10
9.149482404023154951e-12 2.973364823876935585e-10
9.263134602364798462e-12 2.985877979834192503e-10
9.378198555122354451e-12 2.998445718204816943e-10
9.494691798697032243e-12 3.011068355109393537e-10
9.612632087321861324e-12 3.023746208992076389e-10
9.732037395767853093e-12 3.036479600638930249e-10
9.852925922083288633e-12 3.049268853196426274e-10
9.975316090367534798e-12 3.062114292190204037e-10
1.009922655357849521e-11 3.075016245543870755e-10
1.022467619637575281e-11 3.087975043597994388e-10
1.035168413799861718e-11 3.100991019129373850e-10
1.048026973517991346e-11 3.114064507370267854e-10
1.061045258509641284e-11 3.127195846028050273e-10
1.074225252835503208e-11 3.140385375304800880e-10
1.087568965201699943e-11 3.153633437917192323e-10
1.101078429265906259e-11 3.166940379116554420e-10
1.114755703947325280e-11 3.180306546709111655e-10
1.128602873740426455e-11 3.193732291076278567e-10
1.142622049032669833e-11 3.207217966923307676e-10
1.156815366426122447e-11 3.220763939686859536e-10
1.171184989063126753e-11 3.234370579970546340e-10
1.185733106955919179e-11 3.248038261244856455e-10
1.200461937320438056e-11 3.261767359870551739e-10
1.215373724914230771e-11 3.275558255122533770e-10
1.230470742378556932e-11 3.289411329213941169e-10
1.245755290584792704e-11 3.303326967320433039e-10
1.261229698985036158e-11 3.317305557604733995e-10
1.276896325967169057e-11 3.331347491241391165e-10
1.292757559214268287e-11 3.345453162441765386e-10
1.308815816068543997e-11 3.359622968479258141e-10
1.325073543899693794e-11 3.373857309714745815e-10
1.341533220477937608e-11 3.388156589622280196e-10
1.358197354351621925e-11 3.402521214815015415e-10
1.375068485229581929e-11 3.416951595071393902e-10
1.392149184368140696e-11 3.431448143361533446e-10
1.409442054963027526e-11 3.446011275873901704e-10
1.426949732546108797e-11 3.460641412042213009e-10
1.444674885387046185e-11 3.475338974572637963e-10
1.462620214900003441e-11 3.490104389471148990e-10
1.480788456055286684e-11 3.504938086071262944e-10
1.499182377796216123e-11 3.519840497061888142e-10
1.517804783461104980e-11 3.534812058515607219e-10
1.536658511210552720e-11 3.549853209917098024e-10
1.555746434459925126e-11 3.564964394191850742e-10
1.575071462317326076e-11 3.580146057735165228e-10
1.594636540026937271e-11 3.595398650441459568e-10
1.614444649417943046e-11 3.610722625733784401e-10
1.634498809358900363e-11 3.626118440593687755e-10
1.654802076217881930e-11 3.641586555591233953e-10
1.675357544328272594e-11 3.657127434915544150e-10
1.696168346460349208e-11 3.672741546405335330e-10
1.717237654298786475e-11 3.688429361580015052e-10
1.738568678925959509e-11 3.704191355670873404e-10
1.760164671311384672e-11 3.720028007652662169e-10
1.782028922807156491e-11 3.735939800275503839e-10
1.804164765649629144e-11 3.751927220097037397e-10
1.826575573467179020e-11 3.767990757514859831e-10
1.849264761794424127e-11 3.784130906799418967e-10
1.872235788592739778e-11 3.800348166126974552e-10
1.895492154777334193e-11 3.816643037613192121e-10
1.919037404750716022e-11 3.833016027346694998e-10
1.942875126942941832e-11 3.849467645423292513e-10
1.967008954358482337e-11 3.865998405969730423e-10
1.991442565129976843e-11 3.882608823547548014e-10
2.016179683078706276e-11 3.899299407774917783e-10
2.041224078282187714e-11 3.916070670835588375e-10
2.066579567648739855e-11 3.932923128851377814e-10
2.092250015499185834e-11 3.949857301915267446e-10
2.118239334155863325e-11 3.966873714124904824e-10
2.144551484538784926e-11 3.983972893616265303e-10
2.171190476769372402e-11 4.001155372597785134e-10
2.198160370781586126e-11 4.018421687384688423e-10
2.225465276940754081e-11 4.035772378433764908e-10
2.253109356669908495e-11 4.053207990378317305e-10
2.281096823084081184e-11 4.070729072063581699e-10
2.309431941632369545e-11 4.088336176582426072e-10
2.338119030748090173e-11 4.106029861311370404e-10
2.367162462506821080e-11 4.123810687946930919e-10
2.396566663292804561e-11 4.141679222542385161e-10
2.426336114473535606e-11 4.159636035544836404e-10
2.456475353082727772e-11 4.177681701832605842e-10
2.486988972511861379e-11 4.195816800753017673e-10
2.517881623210125325e-11 4.214041916160563670e-10
2.549158013393249805e-11 4.232357636455306067e-10
2.580822909761024095e-11 4.250764554621815025e-10
2.612881138223854203e-11 4.269263268268473668e-10
2.645337584638132246e-11 4.287854379666873590e-10
2.678197195550952972e-11 4.306538495791963620e-10
2.711464978953951564e-11 4.325316228362383152e-10
2.745146005046639806e-11 4.344188193881200783e-10
2.779245407009000847e-11 4.363155013677020542e-10
2.813768381783901575e-11 4.382217313945582867e-10
2.848720190869116439e-11 4.401375725791646832e-10
2.884106161119185023e-11 4.420630885271344893e-10
2.919931685557348301e-11 4.439983433434937786e-10
2.956202224197336424e-11 4.459434016369923563e-10
2.992923304875599976e-11 4.478983285244680158e-10
3.030100524093733654e-11 4.498631896352332322e-10
3.067739547871514676e-11 4.518380511155365101e-10
3.105846112610290637e-11 4.538229796330213513e-10
3.144426025967334623e-11 4.558180423842472921e-10
3.183485167740915542e-11 4.578233071704446024e-10
3.223029490766519878e-11 4.598388424068752305e-10
3.263065021823937958e-11 4.618647170549644950e-10
3.303597862555884206e-11 4.639010006234676677e-10
3.344634190397870939e-11 4.659477631732524739e-10
3.386180259519791287e-11 4.680050753221448708e-10
3.428242401778929489e-11 4.700730082497969546e-10
3.470827027685077749e-11 4.721516337026155085e-10
3.513940627377509564e-11 4.742410239987524874e-10
3.557589771614084172e-11 4.763412520331173185e-10
3.601781112772781328e-11 4.784523912824581684e-10
3.646521385865393053e-11 4.805745158104867408e-10
3.691817409564087726e-11 4.827077002730477415e-10
3.737676087240557675e-11 4.848520199233458328e-10
3.784104408018254949e-11 4.870075506172351433e-10
3.831109447837389588e-11 4.891743688185250111e-10
3.878698370533465226e-11 4.913525516043802326e-10
3.926878428929025661e-11 4.935421766707433347e-10
3.975656965939154604e-11 4.957433223378358428e-10
4.025041415690386095e-11 4.979560675556832269e-10
4.075039304653834662e-11 5.001804919097229795e-10
4.125658252792240864e-11 5.024166756264537422e-10
4.176905974721264367e-11 5.046646995791409904e-10
4.228790280885369010e-11 5.069246452935902378e-10
4.281319078747974791e-11 5.091965949539508446e-10
4.334500373996738861e-11 5.114806314086115416e-10
4.388342271763596521e-11 5.137768381761322454e-10
4.442852977860172269e-11 5.160852994512445294e-10
4.498040800028178328e-11 5.184061001108973846e-10
4.553914149205704080e-11 5.207393257203840420e-10
4.610481540809017092e-11 5.230850625395146017e-10
4.667751596030513531e-11 5.254433975288922655e-10
4.725733043152409585e-11 5.278144185113658612e-10
4.784434718877131580e-11 5.301982145455316675e-10
4.843865569674043568e-11 5.325948755306529285e-10
4.904034653142898824e-11 5.350044921067048991e-10
4.964951139394428844e-11 5.374271556611246392e-10
5.026624312447683399e-11 5.398629583356292562e-10
5.089063571645125244e-11 5.423119930331098357e-10
5.152278433085062018e-11 5.447743534245822396e-10
5.216278531072121659e-11 5.472501339562318933e-10
5.281073619585324163e-11 5.497394298565075836e-10
5.346673573764810127e-11 5.522423371432881508e-10
5.413088391416784078e-11 5.547589526311432743e-10
5.480328194537410574e-11 5.572893739386497808e-10
5.548403230855201672e-11 5.598336994957853988e-10
5.617323875393005984e-11 5.623920285514029555e-10
5.687100632049128236e-11 5.649644611807793308e-10
5.757744135198369649e-11 5.675510982932465080e-10
5.829265151312489626e-11 5.701520416398785641e-10
5.901674580601264231e-11 5.727673938212981862e-10
5.974983458673689751e-11 5.753972582955207221e-10
6.049202958219825699e-11 5.780417393859071081e-10
6.124344390713772942e-11 5.807009422891932082e-10
6.200419208137311295e-11 5.833749730835872914e-10
6.277439004725443193e-11 5.860639387369727687e-10
6.355415518733322569e-11 5.887679471151790684e-10
6.434360634225433590e-11 5.914871069903480509e-10
6.514286382886482890e-11 5.942215280493786961e-10
6.595204945855306809e-11 5.969713209024677425e-10
6.677128655581230125e-11 5.997365975598113932e-10
6.760069997703830117e-11 6.025174766824323491e-10
6.844041612955486872e-11 6.053140818060519108e-10
6.929056299088120865e-11 6.081265376810536859e-10
7.015127012823589208e-11 6.109549702161794725e-10
7.102266871828306644e-11 6.137995064903307486e-10
7.190489156712681968e-11 6.166602747645077835e-10
7.279807313054817987e-11 6.195374044938613486e-10
7.370234953449912224e-11 6.224310263399037654e-10
7.461785859584791005e-11 6.253412721828612959e-10
7.554473984338548838e-11 6.282682751341695338e-10
7.648313453908685640e-11 6.312121695490934917e-10
7.743318569964264334e-11 6.341730910395212938e-10
7.839503811825439994e-11 6.371511764868928018e-10
7.936883838670442348e-11 6.401465640552854059e-10
8.035473491769346000e-11 6.431593932046386776e-10
8.135287796746207780e-11 6.461898047041464242e-10
8.236341965868998656e-11 6.492379406458013578e-10
8.338651400367972565e-11 6.523039444580968247e-10
8.442231692783173967e-11 6.553879609198943856e-10
8.547098629340417225e-11 6.584901361744391498e-10
8.653268192357473579e-11 6.616106177435514032e-10
8.760756562679729017e-11 6.647495545419889447e-10
8.869580122146516328e-11 6.679070968919668985e-10
8.979755456087379463e-11 6.710833965378528869e-10
9.091299355850052517e-11 6.742786062589131217e-10
9.204228821359414039e-11 6.774928652101899516e-10
9.318561063708669077e-11 6.807262944135813923e-10
9.434313507781969251e-11 6.839790144445194803e-10
9.551503794910366916e-11 6.872511466737243991e-10
9.670149785560371875e-11 6.905428132724541807e-10
9.790269562055917137e-11 6.938541372178041424e-10
9.911881431334519549e-11 6.971852422980305170e-10
1.003500392773688954e-10 7.005362531179024152e-10
1.015965581583198427e-10 7.039072951040987653e-10
1.028585609327667183e-10 7.072984945106432002e-10
1.041362399371141781e-10 7.107099784243764774e-10
1.054297898969110131e-10 7.141418747704295195e-10
1.067394079565307334e-10 7.175943123177896162e-10
1.080652937092158151e-10 7.210674206848523568e-10
1.094076492275003693e-10 7.245613303450482163e-10
1.107666790940018111e-10 7.280761726324659362e-10
1.121425904326040049e-10 7.316120797475475592e-10
1.135355929400222698e-10 7.351691847628056951e-10
1.149458989177660775e-10 7.387476216285739770e-10
1.163737233044894405e-10 7.423475251788073551e-10
1.178192837087524854e-10 7.459690311368958322e-10
1.192828004421853857e-10 7.496122761215560575e-10
1.207644965530639330e-10 7.532774036317784657e-10
1.222645978603075520e-10 7.569646210632664837e-10
1.237833329878892902e-10 7.606741757391203166e-10
1.253209333996834636e-10 7.644063185169514940e-10
1.268776334347399213e-10 7.681613033322759666e-10
1.284536703430029443e-10 7.719393872373486851e-10
1.300492843214631492e-10 7.757408304405849600e-10
1.316647185507691220e-10 7.795658963466183375e-10
1.333002192322873586e-10 7.834148515970043993e-10
1.349560356256289934e-10 7.872879661115789662e-10
1.366324200866321494e-10 7.911855131304359635e-10
1.383296281058263798e-10 7.951077692566381676e-10
1.400479183473701270e-10 7.990550144995451337e-10
1.417875526884712558e-10 8.030275323188836209e-10
1.435487962593032739e-10 8.070256096695181225e-10
1.453319174834058416e-10 8.110495370468976165e-10
1.471371881185985461e-10 8.150996085332830709e-10
1.489648832983961032e-10 8.191761218447053502e-10
1.508152815739449667e-10 8.232793783786549687e-10
1.526886649564689900e-10 8.274096832625742103e-10
1.545853189602542803e-10 8.315673453935322261e-10
1.565055326461607080e-10 8.357526445125938838e-10
1.584495986656816566e-10 8.399657562940739794e-10
1.604178133055379497e-10 8.442068357295659464e-10
1.624104765328388878e-10 8.484760384637336856e-10
1.644278920407975228e-10 8.527735207919485172e-10
1.664703672950140494e-10 8.570994396578534433e-10
1.685382135803405243e-10 8.614539526508455214e-10
1.706317460483145302e-10 8.658372180034524602e-10
1.727512837651953118e-10 8.702493945886345635e-10
1.748971497605886058e-10 8.746906419170179148e-10
1.770696710766838430e-10 8.791611201339885945e-10
1.792691788180887560e-10 8.836609900167423341e-10
1.814960082022972191e-10 8.881904129712154692e-10
1.837504986107754321e-10 8.927495510289198358e-10
1.860329936406915466e-10 8.973385668437168701e-10
1.883438411572729161e-10 9.019576236884416769e-10
1.906833933468285799e-10 9.066068854514771582e-10
1.930520067704215755e-10 9.112865166331973429e-10
1.954500424182169789e-10 9.159966825341405335e-10
1.978778657644895968e-10 9.207375939578239850e-10
2.003358468233304965e-10 9.255095659899672424e-10
2.028243602050377436e-10 9.303129316974573239e-10
2.053437851732073738e-10 9.351480281705504209e-10
2.078945057025421510e-10 9.400151965749000068e-10
2.104769105373614379e-10 9.449147822043107984e-10
2.130913932508546511e-10 9.498471345343913443e-10
2.157383523050606183e-10 9.548126072769561432e-10
2.184181911116025908e-10 9.598115584353410720e-10
2.211313180931598866e-10 9.648443503605129085e-10
2.238781467457208313e-10 9.699113498080839959e-10
2.266590957015983073e-10 9.750129279962152986e-10
2.294745887932390615e-10 9.801494606644041291e-10
2.323250551178071492e-10 9.853213281331881830e-10
2.352109291025882009e-10 9.905289153647938015e-10
2.381326505711966480e-10 9.957726120247179130e-10
2.410906648106054770e-10 1.001052812544267438e-09
2.440854226390183111e-10 1.006369909043788851e-09
2.471173804745649252e-10 1.011724243516761026e-09
2.501870004048697718e-10 1.017116136135175883e-09
2.532947502574727099e-10 1.022545910068349447e-09
2.564411036711369890e-10 1.028013891651582528e-09
2.596265401680219462e-10 1.033520410420719704e-09
2.628515452267733056e-10 1.039065799147136790e-09
2.661166103565083838e-10 1.044650393873163603e-09
2.694222331717339930e-10 1.050274533947920323e-09
2.727689174681722782e-10 1.055938562063550487e-09
2.761571732995509437e-10 1.061642824291945532e-09
2.795875170553362589e-10 1.067387670121882927e-09
2.830604715394311766e-10 1.073173452496597756e-09
2.865765660498630183e-10 1.079000527851855562e-09
2.901363364594377713e-10 1.084869256154413974e-09
2.937403252974191080e-10 1.090780000941015586e-09
2.973890818322083967e-10 1.096733132334752518e-09
3.010831621550659776e-10 1.102729060184076355e-09
3.048231292648481140e-10 1.108768222835838410e-09
3.086095531538208798e-10 1.114851064192775140e-09
3.124430108945252393e-10 1.120978033360493930e-09
3.163240867277363837e-10 1.127149584715224765e-09
3.202533721514901810e-10 1.133366177972598649e-09
3.242314660112409007e-10 1.139628278257434141e-09
3.282589745911233780e-10 1.145936356174586824e-09
3.323365117063650632e-10 1.152290887880816823e-09
3.364646987968187979e-10 1.158692355157740348e-09
3.406441650216844554e-10 1.165141245485877035e-09
3.448755473553938047e-10 1.171638052119790214e-09
3.491594906846861010e-10 1.178183274164343649e-09
3.534966479069038702e-10 1.184777416652133917e-09
3.578876800294812304e-10 1.191420987161490305e-09
3.623332562706964030e-10 1.198114452394639983e-09
3.668340541616586365e-10 1.204858250286311379e-09
3.713907596495797410e-10 1.211652822360755475e-09
3.760040672022985953e-10 1.218498614503082014e-09
3.806746799141334851e-10 1.225396077006649091e-09
3.854033096130321329e-10 1.232345664621029697e-09
3.901906769690703423e-10 1.239347836600561024e-09
3.950375116042677721e-10 1.246403056753418812e-09
3.999445522037989578e-10 1.253511793491301745e-09
4.049125466285698528e-10 1.260674519879703148e-09
4.099422520291927705e-10 1.267891713688777841e-09
4.150344349613940024e-10 1.275163857444806207e-09
4.201898715028210272e-10 1.282491438482256533e-09
4.254093473713346107e-10 1.289874952412335709e-09
4.306936580447498180e-10 1.297314959020642463e-09
4.360436088820853358e-10 1.304812074691552420e-09
4.414600152462838335e-10 1.312366925049685989e-09
4.469437026284918177e-10 1.319980143523346070e-09
4.524955067738621191e-10 1.327652371452842111e-09
4.581162738089407930e-10 1.335384258200575643e-09
4.638068603705997094e-10 1.343176461262814100e-09
4.695681337366073745e-10 1.351029646383272226e-09
4.754009719578036557e-10 1.358944487668474612e-09
4.813062639919152708e-10 1.366921667704949615e-09
4.872849098390542795e-10 1.374961877678300140e-09
4.933378206788594590e-10 1.383065817494159787e-09
4.994659190093807562e-10 1.391234195079375979e-09
5.056701387876654572e-10 1.399467685709522704e-09
5.119514255721148328e-10 1.407766912130059640e-09
5.183107366665680417e-10 1.416132499065774275e-09
5.247490412662173070e-10 1.424565077964872832e-09
5.312673206053100105e-10 1.433065287079175629e-09
5.378665681067117362e-10 1.441633771545385718e-09
5.445477895332837345e-10 1.450271183467394387e-09
5.513120031411844084e-10 1.458978181999668413e-09
5.581602398350477759e-10 1.467755433431741389e-09
5.650935433251183188e-10 1.476603611273780183e-09
5.721129702862903098e-10 1.485523396343276155e-09
5.792195905191697011e-10 1.494515476852874366e-09
5.864144871131129740e-10 1.503580564743332708e-09
5.936987566112917539e-10 1.512719464288643408e-09
6.010735091778307533e-10 1.521933017195257136e-09
6.085398687669753066e-10 1.531222076116035031e-09
6.160989732944063680e-10 1.540587504796159022e-09
6.237519748106564457e-10 1.550030178234460166e-09
6.315000396767084654e-10 1.559550982847331732e-09
6.393443487417255546e-10 1.569150816635380031e-09
6.472860975230394431e-10 1.578830589352837834e-09
6.553264963883436105e-10 1.588591222679708719e-09
6.634667707401816532e-10 1.598433650396867357e-09
6.717081612026734845e-10 1.608358818488904733e-09
6.800519238106150269e-10 1.618367655551599666e-09
6.884993302008994895e-10 1.628461026426339062e-09
6.970516678063165832e-10 1.638639794332304003e-09
7.057102400517873691e-10 1.648904832503409156e-09
7.144763665529791125e-10 1.659257024317658505e-09
7.233513833174455192e-10 1.669697263428364540e-09
7.323366429482300051e-10 1.680226453897175639e-09
7.414335148500337436e-10 1.690845510329040106e-09
7.506433854378853129e-10 1.701555358009023285e-09
7.599676583484618715e-10 1.712356933041095859e-09
7.694077546539990985e-10 1.723251182488941902e-09
7.789651130788958817e-10 1.734239067206070709e-09
7.886411902189465449e-10 1.745321569628254580e-09
7.984374607633591226e-10 1.756499686369707104e-09
8.083554177195007461e-10 1.767774425991016504e-09
8.183965726404326964e-10 1.779146809158894897e-09
8.285624558553076047e-10 1.790617868808353879e-09
8.388546167025595259e-10 1.802188650307164361e-09
8.492746237660587294e-10 1.813860211622822570e-09
8.598240651141593490e-10 1.825633623491916101e-09
8.705045485417578651e-10 1.837509969592016186e-09
8.813177018152881829e-10 1.849490349818387428e-09
8.922651729208307347e-10 1.861575975339394951e-09
9.033486303152601267e-10 1.873768189239714554e-09
9.145697631805572690e-10 1.886068360670617260e-09
9.259302816812062686e-10 1.898477878671594165e-09
9.374319172248622017e-10 1.910998152492178912e-09
9.490764227262203849e-10 1.923630611919649558e-09
9.608655728741628323e-10 1.936376707612826972e-09
9.728011644022620326e-10 1.949237911442087838e-09
9.848850163625667715e-10 1.962215716835665062e-09
9.971189704028666627e-10 1.975311636000080613e-09
1.009504891047354322e-09 1.988527056426499198e-09
1.022044665980822088e-09 2.001863176604984882e-09
1.034740206336306629e-09 2.015321192676064683e-09
1.047593446986389497e-09 2.028902313821988482e-09
1.060606346838065501e-09 2.042607762416088060e-09
1.073780889131325963e-09 2.056438774173926162e-09
1.087119081741364601e-09 2.070396598306206617e-09
1.100622957484622776e-09 2.084482497673592364e-09
1.114294574428584973e-09 2.098697748943367661e-09
1.128136016205475872e-09 2.113043654932016736e-09
1.142149392329764538e-09 2.127521631673881584e-09
1.156336838519701301e-09 2.142133160515206486e-09
1.170700517022804653e-09 2.156879742012160867e-09
1.185242616945391178e-09 2.171762895896595260e-09
1.199965354586245738e-09 2.186784161349253685e-09
1.214870973774339876e-09 2.201945097277177767e-09
1.229961746210843502e-09 2.217247282595498221e-09
1.245239971815324579e-09 2.232692316513621142e-09
1.260707979076311170e-09 2.248281827306767444e-09
1.276368125406104767e-09 2.264017587692118137e-09
1.292222797500104445e-09 2.279901488624660625e-09
1.308274411700531832e-09 2.295935451252234847e-09
1.324525414364737823e-09 2.312121425149947283e-09
1.340978282237978139e-09 2.328461388791062538e-09
1.357635522830925120e-09 2.344957350026819800e-09
1.374499674801816272e-09 2.361611346575098060e-09
1.391573308343349598e-09 2.378425446518326722e-09
1.408859025574439435e-09 2.395401710741682177e-09
1.426359460936727758e-09 2.412541978734287678e-09
1.444077281596132386e-09 2.429848011324998447e-09
1.462015187849315684e-09 2.447321590027160923e-09
1.480175913535271638e-09 2.464964517583049811e-09
1.498562226451908904e-09 2.482778618234825148e-09
1.517176928777924501e-09 2.500765737999351901e-09
1.536022857499848623e-09 2.518927744946593385e-09
1.555102884844467572e-09 2.537266533907076696e-09
1.574419918716492054e-09 2.555784162882304600e-09
1.593976903141788050e-09 2.574482883630876619e-09
1.613776818716051994e-09 2.593364989983574184e-09
1.633822683059054935e-09 2.612432809016885658e-09
1.654117551274600865e-09 2.631688701593363311e-09
1.674664516416059628e-09 2.651135062911669888e-09
1.695466709957821196e-09 2.670774323066641512e-09
1.716527302272521190e-09 2.690608939771633124e-09
1.737849503114280616e-09 2.710641049291454027e-09
1.759436562107806184e-09 2.730872314699437487e-09
1.781291769243708129e-09 2.751304373226205010e-09
1.803418455379884564e-09 2.771938872084095591e-09
1.825819992749221584e-09 2.792777468399101161e-09
1.848499795473453153e-09 2.813821829139592982e-09
1.871461320083551192e-09 2.835073631041843134e-09
1.894708066046490521e-09 2.856534703428298137e-09
1.918243576298648837e-09 2.878208809737996749e-09
1.942071437785678755e-09 2.900101163022813409e-09
1.966195282009238829e-09 2.922217121929352724e-09
1.990618785580441904e-09 2.944562164458639283e-09
2.015345670780172785e-09 2.967141890662156111e-09
2.040379706126453078e-09 2.989962025426008052e-09
2.065724706948683200e-09 3.013028409303390298e-09
2.091384535969189644e-09 3.036343459968819828e-09
2.117363103891889303e-09 3.059901078602927518e-09
2.143664369998372776e-09 3.083693668224765912e-09
2.170292342751218475e-09 3.107713343466954867e-09
2.197251080404973865e-09 3.131951923141511195e-09
2.224544691624621454e-09 3.156400923000728307e-09
2.252177336111832684e-09 3.181051548709459660e-09
