2.497300088381334514e-31 9.768003638566226021e-24
2.505017990568369262e-31 9.786753043823737812e-24
2.512759744920565743e-31 9.805538438031622824e-24
2.520525425153005464e-31 9.824359890269437583e-24
2.528315105208565013e-31 9.843217469749616493e-24
2.536128859258703410e-31 9.862111245817371926e-24
2.543966761704043644e-31 9.881041287950886702e-24
2.551828887175165288e-31 9.900007665761979720e-24
2.559715310533293323e-31 9.919010448995741548e-24
2.567626106871011044e-31 9.938049707531414580e-24
2.575561351512975167e-31 9.957125511382232869e-24
2.583521120016612970e-31 9.976237930695886454e-24
2.591505488172923662e-31 9.995387035754716780e-24
2.599514532007077003e-31 1.001457289697589450e-23
2.607548327779217293e-31 1.003379558491182794e-23
2.615606951985172348e-31 1.005305517025020426e-23
2.623690481357179981e-31 1.007235172381475207e-23
2.631798992864596534e-31 1.009168531656456988e-23
2.639932563714717516e-31 1.011105601959553380e-23
2.648091271353382788e-31 1.013046390413977149e-23
2.656275193465799387e-31 1.014990904156585024e-23
2.664484407977260565e-31 1.016939150337990395e-23
2.672718993053888044e-31 1.018891136122474424e-23
2.680979027103375579e-31 1.020846868688112987e-23
2.689264588775713249e-31 1.022806355226731134e-23
2.697575756964025617e-31 1.024769602943965972e-23
2.705912610805190046e-31 1.026736619059314128e-23
2.714275229680678357e-31 1.028707410806079583e-23
2.722663693217290319e-31 1.030681985431493432e-23
2.731078081287912545e-31 1.032660350196668915e-23
2.739518474012278251e-31 1.034642512376678562e-23
2.747984951757709075e-31 1.036628479260529801e-23
2.756477595139968550e-31 1.038618258151257674e-23
2.764996485023894882e-31 1.040611856365900741e-23
2.773541702524263185e-31 1.042609281235520034e-23
2.782113329006532109e-31 1.044610540105292950e-23
2.790711446087620686e-31 1.046615640334443603e-23
2.799336135636685177e-31 1.048624589296373888e-23
2.807987479775874893e-31 1.050637394378586936e-23
2.816665560881207132e-31 1.052654062982810237e-23
2.825370461583212219e-31 1.054674602524964200e-23
2.834102264767813688e-31 1.056699020435188457e-23
2.842861053577094188e-31 1.058727324157907392e-23
2.851646911410085896e-31 1.060759521151812070e-23
2.860459921923566196e-31 1.062795618889940467e-23
2.869300169032830581e-31 1.064835624859629270e-23
2.878167736912583791e-31 1.066879546562632457e-23
2.887062709997602804e-31 1.068927391515088532e-23
2.895985172983633665e-31 1.070979167247547119e-23
2.904935210828174900e-31 1.073034881305043604e-23
2.913912908751284139e-31 1.075094541247049767e-23
2.922918352236370288e-31 1.077158154647593388e-23
2.931951627031098242e-31 1.079225729095232679e-23
2.941012819148064571e-31 1.081297272193053788e-23
2.950102014865712747e-31 1.083372791558790108e-23
2.959219300729127940e-31 1.085452294824743523e-23
2.968364763550864225e-31 1.087535789637919589e-23
2.977538490411769155e-31 1.089623283659963759e-23
2.986740568661788635e-31 1.091714784567227365e-23
2.995971085920897470e-31 1.093810300050842990e-23
3.005230130079786000e-31 1.095909837816636310e-23
3.014517789300795471e-31 1.098013405585286254e-23
3.023834152018732973e-31 1.100121011092252122e-23
3.033179306941712222e-31 1.102232662087841619e-23
3.042553343051999592e-31 1.104348366337277855e-23
3.051956349606837380e-31 1.106468131620641897e-23
3.061388416139390119e-31 1.108591965732971947e-23
3.070849632459450920e-31 1.110719876484276866e-23
3.080340088654393916e-31 1.112851871699532491e-23
3.089859875090009352e-31 1.114987959218766135e-23
3.099409082411361877e-31 1.117128146897006473e-23
3.108987801543654969e-31 1.119272442604407119e-23
3.118596123693070843e-31 1.121420854226204309e-23
3.128234140347739969e-31 1.123573389662769798e-23
3.137901943278461432e-31 1.125730056829663901e-23
3.147599624539676392e-31 1.127890863657592445e-23
3.157327276470321128e-31 1.130055818092540332e-23
3.167084991694704598e-31 1.132224928095688080e-23
3.176872863123390384e-31 1.134398201643561845e-23
3.186690983954057613e-31 1.136575646727926302e-23
3.196539447672489311e-31 1.138757271355941872e-23
3.206418348053309400e-31 1.140943083550131069e-23
3.216327779160976740e-31 1.143133091348374536e-23
3.226267835350657003e-31 1.145327302804038143e-23
3.236238611269120816e-31 1.147525725985905691e-23
3.246240201855616946e-31 1.149728368978248266e-23
3.256272702342884738e-31 1.151935239880903585e-23
3.266336208257898555e-31 1.154146346809183426e-23
3.276430815422887660e-31 1.156361697894041870e-23
3.286556619956217718e-31 1.158581301281990959e-23
3.296713718273309529e-31 1.160805165135212663e-23
3.306902207087554244e-31 1.163033297631539631e-23
3.317122183411210199e-31 1.165265706964509411e-23
3.327373744556431556e-31 1.167502401343387222e-23
3.337656988136035514e-31 1.169743388993179037e-23
3.347972012064537517e-31 1.171988678154711660e-23
3.358318914559059034e-31 1.174238277084588348e-23
3.368697794140259858e-31 1.176492194055302109e-23
3.379108749633279168e-31 1.178750437355183381e-23
3.389551880168646812e-31 1.181013015288513329e-23
3.400027285183337779e-31 1.183279936175487841e-23
3.410535064421555181e-31 1.185551208352264695e-23
3.421075317935787789e-31 1.187826840171036588e-23
3.431648146087737084e-31 1.190106839999993962e-23
3.442253649549272768e-31 1.192391216223406844e-23
3.452891929303390020e-31 1.194679977241629992e-23
3.463563086645143119e-31 1.196973131471150796e-23
3.474267223182724877e-31 1.199270687344620720e-23
3.485004440838261874e-31 1.201572653310842816e-23
3.495774841848899594e-31 1.203879037834889125e-23
3.506578528767747861e-31 1.206189849398011337e-23
3.517415604464855616e-31 1.208505096497817854e-23
3.528286172128192703e-31 1.210824787648167847e-23
3.539190335264601000e-31 1.213148931379288362e-23
3.550128197700898380e-31 1.215477536237788723e-23
3.561099863584691464e-31 1.217810610786648484e-23
3.572105437385483959e-31 1.220148163605335708e-23
3.583145023895642681e-31 1.222490203289725423e-23
3.594218728231395100e-31 1.224836738452244646e-23
3.605326655833801060e-31 1.227187777721816692e-23
3.616468912469873808e-31 1.229543329743953894e-23
3.627645604233410272e-31 1.231903403180754958e-23
3.638856837546121294e-31 1.234268006710918627e-23
3.650102719158612970e-31 1.236637149029854765e-23
3.661383356151403040e-31 1.239010838849602809e-23
3.672698855935942952e-31 1.241389084898985461e-23
3.684049326255607969e-31 1.243771895923527878e-23
3.695434875186845361e-31 1.246159280685568311e-23
3.706855611140021310e-31 1.248551247964281470e-23
3.718311642860574358e-31 1.250947806555640762e-23
3.729803079430020835e-31 1.253348965272564784e-23
3.741330030266993136e-31 1.255754732944844153e-23
3.752892605128282374e-31 1.258165118419226723e-23
3.764490914109851258e-31 1.260580130559441542e-23
3.776125067648006798e-31 1.262999778246257918e-23
3.787795176520266493e-31 1.265424070377455883e-23
3.799501351846536724e-31 1.267853015867921412e-23
3.811243705090140091e-31 1.270286623649616297e-23
3.823022348058875139e-31 1.272724902671691732e-23
3.834837392906083536e-31 1.275167861900440849e-23
3.846688952131684845e-31 1.277615510319385122e-23
3.858577138583373756e-31 1.280067856929298901e-23
3.870502065457505972e-31 1.282524910748196483e-23
3.882463846300302449e-31 1.284986680811457155e-23
3.894462595008898182e-31 1.287453176171739091e-23
3.906498425832426455e-31 1.289924405899140685e-23
3.918571453373109230e-31 1.292400379081106368e-23
3.930681792587312062e-31 1.294881104822578244e-23
3.942829558786770673e-31 1.297366592245957006e-23
3.955014867639494788e-31 1.299856850491134852e-23
3.967237835170998651e-31 1.302351888715566450e-23
3.979498577765372142e-31 1.304851716094283638e-23
3.991797212166391308e-31 1.307356341819929656e-23
4.004133855478593858e-31 1.309865775102773988e-23
4.016508625168528946e-31 1.312380025170783479e-23
4.028921639065678523e-31 1.314899101269656865e-23
4.041373015363705375e-31 1.317423012662792450e-23
4.053862872621554009e-31 1.319951768631397715e-23
4.066391329764572575e-31 1.322485378474495201e-23
4.078958506085647913e-31 1.325023851508965558e-23
4.091564521246309080e-31 1.327567197069526681e-23
4.104209495277998146e-31 1.330115424508869627e-23
4.116893548583015204e-31 1.332668543197629229e-23
4.129616801935794417e-31 1.335226562524379242e-23
4.142379376484025940e-31 1.337789491895780462e-23
4.155181393749805859e-31 1.340357340736493146e-23
4.168022975630792259e-31 1.342930118489315136e-23
4.180904244401335901e-31 1.345507834615121614e-23
4.193825322713778173e-31 1.348090498592986178e-23
4.206786333599414481e-31 1.350678119920177020e-23
4.219787400469802714e-31 1.353270708112143999e-23
4.232828647117902673e-31 1.355868272702669101e-23
4.245910197719259294e-31 1.358470823243785331e-23
4.259032176833177987e-31 1.361078369305881040e-23
4.272194709403881580e-31 1.363690920477694043e-23
4.285397920761838054e-31 1.366308486366406545e-23
4.298641936624744074e-31 1.368931076597613106e-23
4.311926883098860608e-31 1.371558700815382944e-23
4.325252886680179502e-31 1.374191368682307541e-23
4.338620074255631228e-31 1.376829089879515630e-23
4.352028573104249712e-31 1.379471874106717866e-23
4.365478510898536846e-31 1.382119731082282643e-23
4.378970015705454788e-31 1.384772670543154694e-23
4.392503215987793976e-31 1.387430702245045813e-23
4.406078240605359850e-31 1.390093835962345809e-23
4.419695218816197244e-31 1.392762081488224778e-23
4.433354280277823521e-31 1.395435448634640744e-23
4.447055555048424937e-31 1.398113947232395785e-23
4.460799173588244798e-31 1.400797587131171594e-23
4.474585266760599405e-31 1.403486378199516255e-23
4.488413965833279351e-31 1.406180330324970020e-23
4.502285402479753761e-31 1.408879453414012118e-23
4.516199708780432339e-31 1.411583757392166844e-23
4.530157017223916899e-31 1.414293252203970350e-23
4.544157460708227503e-31 1.417007947813086729e-23
4.558201172542217775e-31 1.419727854202315354e-23
4.572288286446620616e-31 1.422452981373556798e-23
4.586418936555470522e-31 1.425183339347970636e-23
4.600593257417341111e-31 1.427918938165901101e-23
4.614811383996629931e-31 1.430659787887025192e-23
4.629073451674840653e-31 1.433405898590278622e-23
4.643379596251836358e-31 1.436157280373932809e-23
4.657729953947281994e-31 1.438913943355714189e-23
4.672124661401716374e-31 1.441675897672708418e-23
4.686563855678004269e-31 1.444443153481448526e-23
4.701047674262600204e-31 1.447215720958034827e-23
4.715576255066863053e-31 1.449993610298017654e-23
4.730149736428367127e-31 1.452776831716580156e-23
4.744768257112175604e-31 1.455565395448470407e-23
4.759431956312327659e-31 1.458359311748093394e-23
4.774140973652919213e-31 1.461158590889578311e-23
4.788895449189596194e-31 1.463963243166691277e-23
4.803695523410845480e-31 1.466773278893051632e-23
4.818541337239334019e-31 1.469588708401991753e-23
4.833433032033210281e-31 1.472409542046740732e-23
4.848370749587607154e-31 1.475235790200369414e-23
4.863354632135758600e-31 1.478067463255848884e-23
4.878384822350507806e-31 1.480904571626140684e-23
4.893461463345629658e-31 1.483747125744152731e-23
4.908584698677191751e-31 1.486595136062849227e-23
4.923754672344920658e-31 1.489448613055216276e-23
4.938971528793534036e-31 1.492307567214396182e-23
4.954235412914276800e-31 1.495172009053639845e-23
4.969546470046059682e-31 1.498041949106378757e-23
4.984904845977001529e-31 1.500917397926294358e-23
5.000310686945780685e-31 1.503798366087251619e-23
5.015764139643026653e-31 1.506684864183506518e-23
5.031265351212713512e-31 1.509576902829577030e-23
5.046814469253524431e-31 1.512474492660386535e-23
5.062411641820419374e-31 1.515377644331282629e-23
5.078057017425798172e-31 1.518286368518023014e-23
5.093750745041079618e-31 1.521200675916921263e-23
5.109492974098076487e-31 1.524120577244757777e-23
5.125283854490423110e-31 1.527046083238926129e-23
5.141123536574997691e-31 1.529977204657398391e-23
5.157012171173315725e-31 1.532913952278817411e-23
5.172949909573131856e-31 1.535856336902536774e-23
5.188936903529628353e-31 1.538804369348574379e-23
5.204973305267030107e-31 1.541758060457792576e-23
5.221059267480010310e-31 1.544717421091797075e-23
5.237194943335144297e-31 1.547682462133086236e-23
5.253380486472367781e-31 1.550653194485013454e-23
5.269616051006400037e-31 1.553629629071894124e-23
5.285901791528378173e-31 1.556611776839001531e-23
5.302237863107074507e-31 1.559599648752595942e-23
5.318624421290545717e-31 1.562593255800030990e-23
5.335061622107567424e-31 1.565592608989684021e-23
5.351549622069123069e-31 1.568597719351140066e-23
5.368088578169849005e-31 1.571608597935100148e-23
5.384678647889705540e-31 1.574625255813486781e-23
5.401319989195210962e-31 1.577647704079508920e-23
5.418012760541123969e-31 1.580675953847601424e-23
5.434757120871908903e-31 1.583710016253622531e-23
5.451553229623245648e-31 1.586749902454703994e-23
5.468401246723550040e-31 1.589795623629495280e-23
5.485301332595453112e-31 1.592847190978012523e-23
5.502253648157504548e-31 1.595904615721814263e-23
5.519258354825438231e-31 1.598967909104033474e-23
5.536315614513888832e-31 1.602037082389292929e-23
5.553425589637888573e-31 1.605112146863927959e-23
5.570588443114411283e-31 1.608193113835881536e-23
5.587804338363926963e-31 1.611279994634824179e-23
5.605073439311909058e-31 1.614372800612161588e-23
5.622395910390581701e-31 1.617471543141111351e-23
5.639771916540206280e-31 1.620576233616699413e-23
5.657201623210841819e-31 1.623686883455811214e-23
5.674685196363867137e-31 1.626803504097293365e-23
5.692222802473564320e-31 1.629926107001914567e-23
5.709814608528707439e-31 1.633054703652418505e-23
5.727460782034097847e-31 1.636189305553647570e-23
5.745161491012354341e-31 1.639329924232504362e-23
5.762916904005226878e-31 1.642476571238016930e-23
5.780727190075390236e-31 1.645629258141358167e-23
5.798592518808009090e-31 1.648787996535922804e-23
5.816513060312347755e-31 1.651952798037381780e-23
5.834488985223347518e-31 1.655123674283667837e-23
5.852520464703440451e-31 1.658300636935110412e-23
5.870607670443889397e-31 1.661483697674349826e-23
5.888750774666620168e-31 1.664672868206474815e-23
5.906949950125807641e-31 1.667868160259076896e-23
5.925205370109524915e-31 1.671069585582187187e-23
5.943517208441390703e-31 1.674277155948485936e-23
5.961885639482177333e-31 1.677490883153155293e-23
5.980310838131663079e-31 1.680710779014077085e-23
5.998792979830010698e-31 1.683936855371817827e-23
6.017332240559625895e-31 1.687169124089611388e-23
6.035928796846790714e-31 1.690407597053558823e-23
6.054582825763339843e-31 1.693652286172480257e-23
6.073294504928347422e-31 1.696903203378113843e-23
6.092064012509770949e-31 1.700160360625089311e-23
6.110891527226343901e-31 1.703423769890957943e-23
6.129777228348982292e-31 1.706693443176310120e-23
6.148721295702685183e-31 1.709969392504710676e-23
6.167723909668203977e-31 1.713251629922875805e-23
6.186785251183753759e-31 1.716540167500547870e-23
6.205905501746740390e-31 1.719835017330746377e-23
6.225084843415435941e-31 1.723136191529617504e-23
6.244323458810916861e-31 1.726443702236588098e-23
6.263621531118494174e-31 1.729757561614435904e-23
6.282979244089668299e-31 1.733077781849198470e-23
6.302396782043818479e-31 1.736404375150377974e-23
6.321874329869966677e-31 1.739737353750849830e-23
6.341412073028531818e-31 1.743076729907045770e-23
6.361010197553047259e-31 1.746422515898848052e-23
6.380668890052137495e-31 1.749774724029746679e-23
6.400388337710986020e-31 1.753133366626861443e-23
6.420168728293322543e-31 1.756498456040934871e-23
6.440010250143160596e-31 1.759870004646455062e-23
6.459913092186592075e-31 1.763248024841611902e-23
6.479877443933529227e-31 1.766632529048455168e-23
6.499903495479726025e-31 1.770023529712854854e-23
6.519991437508266169e-31 1.773421039304531146e-23
6.540141461291593220e-31 1.776825070317216056e-23
6.560353758693276234e-31 1.780235635268534102e-23
6.580628522169840210e-31 1.783652746700225365e-23
6.600965944772597409e-31 1.787076417178027939e-23
6.621366220149427007e-31 1.790506659291837204e-23
6.641829542546843758e-31 1.793943485655726700e-23
6.662356106811514904e-31 1.797386908907944592e-23
6.682946108392337593e-31 1.800836941711036222e-23
6.703599743342241308e-31 1.804293596751813543e-23
6.724317208320058592e-31 1.807756886741478841e-23
6.745098700592395790e-31 1.811226824415607394e-23
6.765944418035454727e-31 1.814703422534220355e-23
6.786854559137139920e-31 1.818186693881857045e-23
6.807829322998617517e-31 1.821676651267557614e-23
6.828868909336429508e-31 1.825173307524999690e-23
6.849973518484342562e-31 1.828676675512431086e-23
6.871143351395252918e-31 1.832186768112831721e-23
6.892378609643102661e-31 1.835703598233884529e-23
6.913679495424742572e-31 1.839227178808048043e-23
6.935046211562079619e-31 1.842757522792643091e-23
6.956478961503672685e-31 1.846294643169783439e-23
6.977977949326895823e-31 1.849838552946607070e-23
6.999543379739823001e-31 1.853389265155099568e-23
7.021175458083177660e-31 1.856946792852366537e-23
7.042874390332290152e-31 1.860511149120524280e-23
7.064640383098998254e-31 1.864082347066758868e-23
7.086473643633845448e-31 1.867660399823535379e-23
7.108374379827712567e-31 1.871245320548406290e-23
7.130342800214021327e-31 1.874837122424259508e-23
7.152379113970668128e-31 1.878435818659234030e-23
7.174483530922013017e-31 1.882041422486834549e-23
7.196656261540816982e-31 1.885653947165993466e-23
7.218897516950485787e-31 1.889273405981067066e-23
7.241207508926723497e-31 1.892899812241910165e-23
7.263586449899786823e-31 1.896533179283965740e-23
7.286034552956446934e-31 1.900173520468193517e-23
7.308552031842020472e-31 1.903820849181292434e-23
7.331139100962402301e-31 1.907475178835576627e-23
7.353795975386048351e-31 1.911136522869158807e-23
7.376522870846265864e-31 1.914804894745917931e-23
7.399320003742901958e-31 1.918480307955590602e-23
7.422187591144648760e-31 1.922162776013806330e-23
7.445125850791049897e-31 1.925852312462110160e-23
7.468135001094570909e-31 1.929548930868094917e-23
7.491215261142681929e-31 1.933252644825312458e-23
7.514366850699880811e-31 1.936963467953504649e-23
7.537589990210032420e-31 1.940681413898499638e-23
7.560884900798095734e-31 1.944406496332305592e-23
7.584251804272481527e-31 1.948138728953214732e-23
7.607690923127096513e-31 1.951878125485784233e-23
7.631202480543465440e-31 1.955624699680930554e-23
7.654786700392854054e-31 1.959378465315949128e-23
7.678443807238342147e-31 1.963139436194581367e-23
7.702174026337206640e-31 1.966907626147106350e-23
7.725977583642693348e-31 1.970683049030279403e-23
7.749854705806421962e-31 1.974465718727524290e-23
7.773805620180475730e-31 1.978255649148856812e-23
7.797830554819570848e-31 1.982052854231020863e-23
7.821929738483161031e-31 1.985857347937483735e-23
7.846103400637874023e-31 1.989669144258570706e-23
7.870351771459310512e-31 1.993488257211419200e-23
7.894675081834494652e-31 1.997314700840072237e-23
7.919073563364003162e-31 2.001148489215543673e-23
7.943547448364175872e-31 2.004989636435842300e-23
7.968096969869328898e-31 2.008838156626065879e-23
7.992722361633900384e-31 2.012694063938367648e-23
8.017423858134944811e-31 2.016557372552137338e-23
8.042201694573970450e-31 2.020428096673952400e-23
8.067056106879442430e-31 2.024306250537602680e-23
8.091987331708960007e-31 2.028191848404313186e-23
8.116995606451516158e-31 2.032084904562583329e-23
8.142081169229748417e-31 2.035985433328395875e-23
8.167244258902151172e-31 2.039893449045154639e-23
8.192485115065608516e-31 2.043808966083867864e-23
8.217803978057275486e-31 2.047731998843099438e-23
8.243201088957140692e-31 2.051662561749007096e-23
8.268676689590247372e-31 2.055600669255512283e-23
8.294231022528996778e-31 2.059546335844221096e-23
8.319864331095462067e-31 2.063499576024596206e-23
8.345576859363635638e-31 2.067460404333861931e-23
8.371368852162021531e-31 2.071428835337234640e-23
8.397240555075565718e-31 2.075404883627858681e-23
8.423192214448259011e-31 2.079388563826860458e-23
8.449224077385417678e-31 2.083379890583474798e-23
8.475336391756037626e-31 2.087378878574996751e-23
8.501529406195155586e-31 2.091385542506996710e-23
8.527803370106141988e-31 2.095399897113139088e-23
8.554158533663356423e-31 2.099421957155473254e-23
8.580595147814116465e-31 2.103451737424353600e-23
8.607113464281358391e-31 2.107489252738494494e-23
8.633713735565968586e-31 2.111534517945114280e-23
8.660396214949188524e-31 2.115587547919839767e-23
8.687161156495025002e-31 2.119648357566956609e-23
8.714008815052593810e-31 2.123716961819267956e-23
8.740939446258841754e-31 2.127793375638300746e-23
8.767953306540543508e-31 2.131877614014299836e-23
8.795050653117028889e-31 2.135969691966207717e-23
8.822231744002572069e-31 2.140069624541916663e-23
8.849496838008831592e-31 2.144177426818081238e-23
8.876846194747255346e-31 2.148293113900325768e-23
8.904280074631834120e-31 2.152416700923390990e-23
8.931798738881154502e-31 2.156548203050900415e-23
8.959402449521168196e-31 2.160687635475660378e-23
8.987091469387616270e-31 2.164835013419654162e-23
9.014866062128539233e-31 2.168990352134021714e-23
9.042726492206774843e-31 2.173153666899270358e-23
9.070673024902412139e-31 2.177324973025144021e-23
9.098705926315609797e-31 2.181504285850820124e-23
9.126825463368685820e-31 2.185691620744950437e-23
9.155031903808955164e-31 2.189886993105592599e-23
9.183325516211208286e-31 2.194090418360454040e-23
9.211706569980261510e-31 2.198301911966792352e-23
9.240175335353526653e-31 2.202521489411598084e-23
9.268732083403512346e-31 2.206749166211494232e-23
9.297377086040700200e-31 2.210984957912981039e-23
9.326110616015683533e-31 2.215228880092384861e-23
9.354932946922066313e-31 2.219480948355851110e-23
9.383844353198995999e-31 2.223741178339591115e-23
9.412845110133771711e-31 2.228009585709734884e-23
9.441935493864466408e-31 2.232286186162546224e-23
9.471115781382484260e-31 2.236570995424385124e-23
9.500386250535498118e-31 2.240864029251798561e-23
9.529747180029637290e-31 2.245165303431625414e-23
9.559198849432453044e-31 2.249474833780910654e-23
9.588741539175498743e-31 2.253792636147171590e-23
9.618375530556995817e-31 2.258118726408264452e-23
9.648101105744445436e-31 2.262453120472522516e-23
9.677918547777618528e-31 2.266795834278910672e-23
9.707828140570785593e-31 2.271146883796843527e-23
9.737830168915734755e-31 2.275506285026517766e-23
9.767924918484399193e-31 2.279874053998744066e-23
9.798112675831582666e-31 2.284250206775185419e-23
9.828393728397683289e-31 2.288634759448253399e-23
9.858768364511357751e-31 2.293027728141296829e-23
9.889236873392579648e-31 2.297429129008662024e-23
9.919799545154916595e-31 2.301838978235572596e-23
9.950456670808611328e-31 2.306257292038449483e-23
9.981208542263273952e-31 2.310684086664742562e-23
1.001205545233066001e-30 2.315119378393170150e-23
1.004299769472746083e-30 2.319563183533631143e-23
1.007403556407801502e-30 2.324015518427347244e-23
1.010516935591744565e-30 2.328476399446972584e-23
1.013639936669397761e-30 2.332945842996456184e-23
1.016772589377209232e-30 2.337423865511365807e-23
1.019914923543527602e-30 2.341910483458733967e-23
1.023066969088885739e-30 2.346405713337251592e-23
1.026228756026286269e-30 2.350909571677210718e-23
1.029400314461478160e-30 2.355422075040699915e-23
1.032581674593277614e-30 2.359943240021598118e-23
1.035772866713804894e-30 2.364473083245568746e-23
1.038973921208806442e-30 2.369011621370288337e-23
1.042184868557935839e-30 2.373558871085289622e-23
1.045405739335044052e-30 2.378114849112240700e-23
1.048636564208470204e-30 2.382679572204839835e-23
1.051877373941325508e-30 2.387253057148976793e-23
1.055128199391820472e-30 2.391835320762778389e-23
1.058389071513506625e-30 2.396426379896585273e-23
1.061660021355606520e-30 2.401026251433183797e-23
1.064941080063299953e-30 2.405634952287647028e-23
1.068232278878020682e-30 2.410252499407635383e-23
1.071533649137754558e-30 2.414878909773220301e-23
1.074845222277328366e-30 2.419514200397168127e-23
1.078167029828744387e-30 2.424158388324867233e-23
1.081499103421428424e-30 2.428811490634388553e-23
1.084841474782565766e-30 2.433473524436636342e-23
1.088194175737394234e-30 2.438144506875324078e-23
1.091557238209507913e-30 2.442824455127054100e-23
1.094930694221151249e-30 2.447513386401451031e-23
1.098314575893560613e-30 2.452211317941138263e-23
1.101708915447216015e-30 2.456918267021887835e-23
1.105113745202184066e-30 2.461634250952562541e-23
1.108529097578415934e-30 2.466359287075248465e-23
1.111955005096056850e-30 2.471093392765407208e-23
1.115391500375755801e-30 2.475836585431711613e-23
1.118838616138966279e-30 2.480588882516389891e-23
1.122296385208295035e-30 2.485350301495080742e-23
1.125764840507759558e-30 2.490120859876965889e-23
1.129244015063138059e-30 2.494900575204870880e-23
1.132733942002274775e-30 2.499689465055223358e-23
1.136234654555395784e-30 2.504487547038294916e-23
1.139746186055425002e-30 2.509294838798034767e-23
1.143268569938292292e-30 2.514111358012365968e-23
1.146801839743289219e-30 2.518937122393090793e-23
1.150346029113332491e-30 2.523772149686007985e-23
1.153901171795321471e-30 2.528616457671015032e-23
1.157467301640450662e-30 2.533470064162065253e-23
1.161044452604530956e-30 2.538332987007431408e-23
1.164632658748314036e-30 2.543205244089465307e-23
1.168231954237806789e-30 2.548086853325005118e-23
1.171842373344634596e-30 2.552977832665244597e-23
1.175463950446310730e-30 2.557878200095724563e-23
1.179096720026601570e-30 2.562787973636690834e-23
1.182740716675845221e-30 2.567707171342778024e-23
1.186395975091281870e-30 2.572635811303476504e-23
1.190062530077373282e-30 2.577573911642816197e-23
1.193740416546173443e-30 2.582521490519743320e-23
1.197429669517603216e-30 2.587478566128023411e-23
1.201130324119821684e-30 2.592445156696307445e-23
1.204842415589552126e-30 2.597421280488290824e-23
1.208565979272416056e-30 2.602406955802669883e-23
1.212301050623271279e-30 2.607402200973339075e-23
1.216047665206538575e-30 2.612407034369291354e-23
1.219805858696580047e-30 2.617421474394834169e-23
1.223575666877980257e-30 2.622445539489657052e-23
1.227357125645925101e-30 2.627479248128676167e-23
1.231150271006534969e-30 2.632522618822474816e-23
1.234955139077207011e-30 2.637575670116980482e-23
1.238771766086959159e-30 2.642638420593886824e-23
1.242600188376765032e-30 2.647710888870385374e-23
1.246440442399939998e-30 2.652793093599535524e-23
1.250292564722428439e-30 2.657885053470180182e-23
1.254156592023191383e-30 2.662986787206960469e-23
1.258032561094546673e-30 2.668098313570553458e-23
1.261920508842518239e-30 2.673219651357531709e-23
1.265820472287188347e-30 2.678350819400701216e-23
1.269732488563039346e-30 2.683491836568862200e-23
1.273656594919348478e-30 2.688642721767130016e-23
1.277592828720481104e-30 2.693803493936907531e-23
1.281541227446287443e-30 2.698974172055877480e-23
1.285501828692448698e-30 2.704154775138246971e-23
1.289474670170835957e-30 2.709345322234622296e-23
1.293459789709857895e-30 2.714545832432256369e-23
1.297457225254863997e-30 2.719756324855036388e-23
1.301467014868441280e-30 2.724976818663482067e-23
1.305489196730820674e-30 2.730207333054968396e-23
1.309523809140228217e-30 2.735447887263678617e-23
1.313570890513250976e-30 2.740698500560756457e-23
1.317630479385202427e-30 2.745959192254275559e-23
1.321702614410478570e-30 2.751229981689392297e-23
1.325787334362968850e-30 2.756510888248470971e-23
1.329884678136361296e-30 2.761801931350925698e-23
1.333994684744555727e-30 2.767103130453620670e-23
1.338117393322023886e-30 2.772414505050609780e-23
1.342252843124182710e-30 2.777736074673483396e-23
1.346401073527768478e-30 2.783067858891262565e-23
1.350562124031199396e-30 2.788409877310491876e-23
1.354736034254996862e-30 2.793762149575486902e-23
1.358922843942096731e-30 2.799124695368112622e-23
1.363122592958270929e-30 2.804497534408151934e-23
1.367335321292496523e-30 2.809880686453118167e-23
1.371561069057336343e-30 2.815274171298490179e-23
1.375799876489321542e-30 2.820678008777822265e-23
1.380051783949322587e-30 2.826092218762579000e-23
1.384316831922978933e-30 2.831516821162527856e-23
1.388595061021017119e-30 2.836951835925572280e-23
1.392886511979682188e-30 2.842397283037883937e-23
1.397191225661114818e-30 2.847853182524100194e-23
1.401509243053739828e-30 2.853319554447130751e-23
1.405840605272656614e-30 2.858796418908580231e-23
1.410185353560019606e-30 2.864283796048472526e-23
1.414543529285476167e-30 2.869781706045594044e-23
1.418915173946492227e-30 2.875290169117461966e-23
1.423300329168792812e-30 2.880809205520338943e-23
1.427699036706747400e-30 2.886338835549411184e-23
1.432111338443767545e-30 2.891879079538799034e-23
1.436537276392704663e-30 2.897429957861695092e-23
1.440976892696239774e-30 2.902991490930315434e-23
1.445430229627330865e-30 2.908563699196158804e-23
1.449897329589545172e-30 2.914146603149939615e-23
1.454378235117509522e-30 2.919740223321662590e-23
1.458872988877304275e-30 2.925344580280778514e-23
1.463381633666869350e-30 2.930959694636202460e-23
1.467904212416399386e-30 2.936585587036426042e-23
1.472440768188800750e-30 2.942222278169617922e-23
1.476991344180029766e-30 2.947869788763510379e-23
1.481555983719551647e-30 2.953528139585810137e-23
1.486134730270741613e-30 2.959197351443920365e-23
1.490727627431297925e-30 2.964877445185328003e-23
1.495334718933657718e-30 2.970568441697390995e-23
1.499956048645400581e-30 2.976270361907685061e-23
1.504591660569716409e-30 2.981983226783913772e-23
1.509241598845748899e-30 2.987707057333963798e-23
1.513905907749067087e-30 2.993441874606173508e-23
1.518584631692072776e-30 2.999187699689133724e-23
1.523277815224424777e-30 3.004944553712062705e-23
1.527985503033462104e-30 3.010712457844587501e-23
1.532707739944617879e-30 3.016491433297096607e-23
1.537444570921895254e-30 3.022281501320670017e-23
1.542196041068221406e-30 3.028082683207070996e-23
1.546962195625926262e-30 3.033895000289061703e-23
1.551743079977161308e-30 3.039718473940263890e-23
1.556538739644331193e-30 3.045553125575412815e-23
1.561349220290528128e-30 3.051398976650240274e-23
1.566174567719952451e-30 3.057256048661747909e-23
1.571014827878401158e-30 3.063124363148178991e-23
1.575870046853628206e-30 3.069003941689053101e-23
1.580740270875834624e-30 3.074894805905462942e-23
1.585625546318095554e-30 3.080796977459807498e-23
1.590525919696802012e-30 3.086710478056238727e-23
1.595441437672091084e-30 3.092635329440438214e-23
1.600372147048341816e-30 3.098571553399961004e-23
1.605318094774543401e-30 3.104519171764180940e-23
1.610279327944793339e-30 3.110478206404285375e-23
1.615255893798733599e-30 3.116448679233597846e-23
1.620247839722000425e-30 3.122430612207349439e-23
1.625255213246674511e-30 3.128424027323024383e-23
1.630278062051722059e-30 3.134428946620263073e-23
1.635316433963500643e-30 3.140445392181056617e-23
1.640370376956134762e-30 3.146473386129781508e-23
1.645439939152026610e-30 3.152512950633236655e-23
1.650525168822300291e-30 3.158564107900815594e-23
1.655626114387262492e-30 3.164626880184495319e-23
1.660742824416861760e-30 3.170701289779034939e-23
1.665875347631139023e-30 3.176787359021896335e-23
1.671023732900745013e-30 3.182885110293485726e-23
1.676188029247324576e-30 3.188994566017213611e-23
1.681368285844036905e-30 3.195115748659396038e-23
1.686564552016011310e-30 3.201248680729539652e-23
1.691776877240816654e-30 3.207393384780404591e-23
1.697005311148931136e-30 3.213549883407971567e-23
1.702249903524202624e-30 3.219718199251617020e-23
1.707510704304377636e-30 3.225898354994218318e-23
1.712787763581493362e-30 3.232090373362101455e-23
1.718081131602410150e-30 3.238294277125329040e-23
1.723390858769276394e-30 3.244510089097533382e-23
1.728716995640008473e-30 3.250737832136274425e-23
1.734059592928756683e-30 3.256977529142849321e-23
1.739418701506447544e-30 3.263229203062651539e-23
1.744794372401179663e-30 3.269492876885049205e-23
1.750186656798770242e-30 3.275768573643513820e-23
1.755595606043223810e-30 3.282056316415776593e-23
1.761021271637225834e-30 3.288356128323843146e-23
1.766463705242628616e-30 3.294668032534100473e-23
1.771922958680932292e-30 3.300992052257403346e-23
1.777399083933834138e-30 3.307328210749182458e-23
1.782892133143637399e-30 3.313676531309483216e-23
1.788402158613805854e-30 3.320037037283053311e-23
1.793929212809446565e-30 3.326409752059541969e-23
1.799473348357809787e-30 3.332794699073331266e-23
1.805034618048791335e-30 3.339191901803996922e-23
1.810613074835417782e-30 3.345601383775970343e-23
1.816208771834412237e-30 3.352023168559002948e-23
1.821821762326610878e-30 3.358457279767994540e-23
1.827452099757528025e-30 3.364903741063195496e-23
1.833099837737852202e-30 3.371362576150320788e-23
1.838765030043955509e-30 3.377833808780490619e-23
1.844447730618405091e-30 3.384317462750513131e-23
1.850147993570463061e-30 3.390813561902775674e-23
1.855865873176662071e-30 3.397322130125503999e-23
1.861601423881229216e-30 3.403843191352801048e-23
1.867354700296668266e-30 3.410376769564638145e-23
1.873125757204262386e-30 3.416922888787040716e-23
1.878914649554595067e-30 3.423481573092150007e-23
1.884721432468076313e-30 3.430052846598339456e-23
1.890546161235448512e-30 3.436636733470227626e-23
1.896388891318377780e-30 3.443233257918865105e-23
1.902249678349887318e-30 3.449842444201775652e-23
1.908128578134949807e-30 3.456464316622971474e-23
1.914025646651002384e-30 3.463098899533239465e-23
1.919940940048481944e-30 3.469746217329982506e-23
1.925874514651356575e-30 3.476406294457533332e-23
1.931826426957648600e-30 3.483079155407048141e-23
1.937796733640034675e-30 3.489764824716764031e-23
1.943785491546290709e-30 3.496463326972071883e-23
1.949792757699896520e-30 3.503174686805378821e-23
1.955818589300562723e-30 3.509898928896546092e-23
1.961863043724775839e-30 3.516636077972684526e-23
1.967926178526327979e-30 3.523386158808468390e-23
1.974008051436929919e-30 3.530149196226074858e-23
1.980108720366662666e-30 3.536925215095328587e-23
1.986228243404596128e-30 3.543714240333790475e-23
1.992366678819323364e-30 3.550516296906849934e-23
1.998524085059515847e-30 3.557331409827843026e-23
2.004700520754482228e-30 3.564159604158067746e-23
2.010896044714707142e-30 3.571000905006977392e-23
2.017110715932478284e-30 3.577855337532221705e-23
2.023344593582350940e-30 3.584722926939664501e-23
2.029597737021774019e-30 3.591603698483705760e-23
2.035870205791641463e-30 3.598497677466989512e-23
2.042162059616858372e-30 3.605404889240983358e-23
2.048473358406908877e-30 3.612325359205613476e-23
2.054804162256411411e-30 3.619259112809661356e-23
2.061154531445756293e-30 3.626206175550783776e-23
2.067524526441580423e-30 3.633166572975476957e-23
2.073914207897409073e-30 3.640140330679376307e-23
2.080323636654217811e-30 3.647127474307169440e-23
2.086752873741010533e-30 3.654128029552768971e-23
2.093201980375401356e-30 3.661142022159511174e-23
2.099671017964180388e-30 3.668169477919987888e-23
2.106160048103966738e-30 3.675210422676484389e-23
2.112669132581691959e-30 3.682264882320731358e-23
2.119198333375257962e-30 3.689332882794211686e-23
2.125747712654108042e-30 3.696414450088228069e-23
2.132317332779821380e-30 3.703509610243947082e-23
2.138907256306686876e-30 3.710618389352494399e-23
2.145517545982371214e-30 3.717740813555182250e-23
2.152148264748408622e-30 3.724876909043343089e-23
2.158799475740872439e-30 3.732026702058741602e-23
2.165471242290957707e-30 3.739190218893380755e-23
2.172163627925585129e-30 3.746367485889835631e-23
2.178876696368003632e-30 3.753558529441167620e-23
2.185610511538382760e-30 3.760763375991097214e-23
2.192365137554489504e-30 3.767982052034237351e-23
2.199140638732193820e-30 3.775214584115871234e-23
2.205937079586151415e-30 3.782460998832366705e-23
2.212754524830399991e-30 3.789721322831037527e-23
2.219593039378976878e-30 3.796995582810507207e-23
2.226452688346534895e-30 3.804283805520403951e-23
2.233333537048946667e-30 3.811586017761944295e-23
2.240235651003997564e-30 3.818902246387682144e-23
2.247159095931900328e-30 3.826232518301686264e-23
2.254103937755995021e-30 3.833576860459723078e-23
2.261070242603357190e-30 3.840935299869243729e-23
2.268058076805428101e-30 3.848307863589623299e-23
2.275067506898646373e-30 3.855694578732093802e-23
2.282098599625062448e-30 3.863095472459954600e-23
2.289151421933049050e-30 3.870510571988671729e-23
2.296226040977827370e-30 3.877939904585924335e-23
2.303322524122179281e-30 3.885383497571758073e-23
2.310440938937072311e-30 3.892841378318548668e-23
2.317581353202301093e-30 3.900313574251434498e-23
2.324743834907134058e-30 3.907800112847945722e-23
2.331928452250941224e-30 3.915301021638522677e-23
2.339135273643919713e-30 3.922816328206448871e-23
2.346364367707631501e-30 3.930346060187788098e-23
2.353615803275732092e-30 3.937890245271900479e-23
2.360889649394607411e-30 3.945448911201044553e-23
2.368185975324031010e-30 3.953022085770926238e-23
2.375504850537823731e-30 3.960609796830463731e-23
2.382846344724495500e-30 3.968212072282143094e-23
2.390210527787987665e-30 3.975828940081981812e-23
2.397597469848220203e-30 3.983460428239545254e-23
2.405007241241838263e-30 3.991106564818331058e-23
2.412439912522863065e-30 3.998767377935563417e-23
2.419895554463362427e-30 4.006442895762608620e-23
2.427374238054104817e-30 4.014133146524650025e-23
2.434876034505315356e-30 4.021838158501276984e-23
2.442401015247235635e-30 4.029557960026333201e-23
2.449949251930880766e-30 4.037292579487904393e-23
2.457520816428704301e-30 4.045042045328712079e-23
2.465115780835280662e-30 4.052806386045984863e-23
2.472734217467993177e-30 4.060585630191767589e-23
2.480376198867701104e-30 4.068379806372709165e-23
2.488041797799512440e-30 4.076188943250540399e-23
2.495731087253353904e-30 4.084013069542008177e-23
2.503444140444749356e-30 4.091852214018864878e-23
2.511181030815493123e-30 4.099706405508206917e-23
2.518941832034353098e-30 4.107575672892346620e-23
2.526726617997769288e-30 4.115460045109151938e-23
2.534535462830538349e-30 4.123359551151948881e-23
2.542368440886601117e-30 4.131274220069746040e-23
2.550225626749627646e-30 4.139204080967397981e-23
2.558107095233809297e-30 4.147149163005449486e-23
2.566012921384549573e-30 4.155109495400566381e-23
2.573943180479181590e-30 4.163085107425465585e-23
2.581897948027681331e-30 4.171076028408904537e-23
2.589877299773367600e-30 4.179082287736174314e-23
2.597881311693707765e-30 4.187103914848851011e-23
2.605910060000912963e-30 4.195140939244994404e-23
2.613963621142750149e-30 4.203193390479344255e-23
2.622042071803247653e-30 4.211261298163311498e-23
2.630145488903425603e-30 4.219344691965265054e-23
2.638273949602007089e-30 4.227443601610310847e-23
2.646427531296238267e-30 4.235558056880823120e-23
2.654606311622497228e-30 4.243688087616283393e-23
2.662810368457118310e-30 4.251833723713357464e-23
2.671039779917113416e-30 4.259994995126218662e-23
2.679294624360913653e-30 4.268171931866417372e-23
2.687574980389117971e-30 4.276364564003259544e-23
2.695880926845217292e-30 4.284572921663589811e-23
2.704212542816435281e-30 4.292797035032259928e-23
2.712569907634347375e-30 4.301036934351972427e-23
2.720953100875726463e-30 4.309292649923417567e-23
2.729362202363276117e-30 4.317564212105600702e-23
2.737797292166392552e-30 4.325851651315617769e-23
2.746258450601926222e-30 4.334154998029163097e-23
2.754745758234923817e-30 4.342474282780183815e-23
2.763259295879486555e-30 4.350809536161452313e-23
2.771799144599402516e-30 4.359160788824401089e-23
2.780365385709011595e-30 4.367528071479205622e-23
2.788958100773954498e-30 4.375911414895111154e-23
2.797577371611950108e-30 4.384310849900302217e-23
2.806223280293575663e-30 4.392726407382292305e-23
2.814895909143023802e-30 4.401158118287694653e-23
2.823595340738979432e-30 4.409606013622682444e-23
2.832321657915267828e-30 4.418070124452912403e-23
2.841074943761734295e-30 4.426550481903576516e-23
2.849855281625013834e-30 4.435047117159801112e-23
2.858662755109323926e-30 4.443560061466287750e-23
2.867497448077237348e-30 4.452089346127996178e-23
2.876359444650574099e-30 4.460635002509848115e-23
2.885248829211063163e-30 4.469197062036907093e-23
2.894165686401236889e-30 4.477775556194715831e-23
2.903110101125216770e-30 4.486370516529093459e-23
2.912082158549519887e-30 4.494981974646506387e-23
2.921081944103870261e-30 4.503609962214057726e-23
2.930109543482011961e-30 4.512254510959666549e-23
2.939165042642501885e-30 4.520915652672089642e-23
2.948248527809623755e-30 4.529593419201133086e-23
2.957360085474065300e-30 4.538287842457836230e-23
2.966499802393837504e-30 4.546998954414297124e-23
2.975667765595076498e-30 4.555726787104144482e-23
2.984864062372873132e-30 4.564471372622398974e-23
2.994088780292078721e-30 4.573232743125752407e-23
3.003342007188237607e-30 4.582010930832619442e-23
3.012623831168275547e-30 4.590805968023161111e-23
3.021934340611437887e-30 4.599617887039662145e-23
3.031273624170104759e-30 4.608446720286292938e-23
3.040641770770638175e-30 4.617292500229651452e-23
3.050038869614224902e-30 4.626155259398391757e-23
3.059465010177703931e-30 4.635035030383838230e-23
3.068920282214517606e-30 4.643931845839772789e-23
3.078404775755415431e-30 4.652845738482625323e-23
3.087918581109411852e-30 4.661776741091721136e-23
3.097461788864621786e-30 4.670724886509173972e-23
3.107034489889121713e-30 4.679690207640303908e-23
3.116636775331791164e-30 4.688672737453391086e-23
3.126268736623281360e-30 4.697672508980166482e-23
3.135930465476732683e-30 4.706689555315729622e-23
3.145622053888751028e-30 4.715723909618607356e-23
3.155343594140257689e-30 4.724775605111105916e-23
3.165095178797367279e-30 4.733844675079235692e-23
3.174876900712271238e-30 4.742931152872898126e-23
3.184688853024119261e-30 4.752035071906010324e-23
3.194531129159881090e-30 4.761156465656558531e-23
3.204403822835341785e-30 4.770295367666991929e-23
3.214307028055837412e-30 4.779451811544011048e-23
3.224240839117249959e-30 4.788625830958718810e-23
3.234205350606887354e-30 4.797817459647090736e-23
3.244200657404375393e-30 4.807026731409582324e-23
3.254226854682541253e-30 4.816253680111770283e-23
3.264284037908421735e-30 4.825498339684165631e-23
3.274372302844015752e-30 4.834760744122306558e-23
3.284491745547300278e-30 4.844040927487122830e-23
3.294642462373120166e-30 4.853338923904785324e-23
3.304824549974104603e-30 4.862654767567142136e-23
3.315038105301586358e-30 4.871988492731465854e-23
3.325283225606500718e-30 4.881340133720991929e-23
3.335560008440417540e-30 4.890709724924735303e-23
3.345868551656307765e-30 4.900097300797616768e-23
3.356208953409583882e-30 4.909502895860969612e-23
3.366581312159009368e-30 4.918926544702112909e-23
3.376985726667631954e-30 4.928368281974894012e-23
3.387422296003728103e-30 4.937828142399645057e-23
3.397891119541715951e-30 4.947306160763341072e-23
3.408392296963213292e-30 4.956802371919801568e-23
3.418925928257821599e-30 4.966316810789571233e-23
3.429492113724187515e-30 4.975849512360472407e-23
3.440090953970929104e-30 4.985400511687236573e-23
3.450722549917596447e-30 4.994969843892060945e-23
3.461387002795631526e-30 5.004557544164452721e-23
3.472084414149303595e-30 5.014163647761535297e-23
3.482814885836788179e-30 5.023788190008108806e-23
3.493578520030970016e-30 5.033431206296670098e-23
3.504375419220525561e-30 5.043092732087832398e-23
3.515205686210873769e-30 5.052772802910094315e-23
3.526069424125152797e-30 5.062471454360260083e-23
3.536966736405174291e-30 5.072188722103423696e-23
3.547897726812523402e-30 5.081924641873102907e-23
3.558862499429372245e-30 5.091679249471587180e-23
3.569861158659590420e-30 5.101452580769596209e-23
3.580893809229704211e-30 5.111244671706995201e-23
3.591960556189899905e-30 5.121055558292344079e-23
3.603061504915019424e-30 5.130885276603611006e-23
3.614196761105536322e-30 5.140733862787762136e-23
3.625366430788681034e-30 5.150601353061364643e-23
3.636570620319271140e-30 5.160487783710357503e-23
3.647809436380842916e-30 5.170393191090329492e-23
3.659082985986639249e-30 5.180317611626800721e-23
3.670391376480626280e-30 5.190261081815026919e-23
3.681734715538517752e-30 5.200223638220423779e-23
3.693113111168766428e-30 5.210205317478559910e-23
3.704526671713717363e-30 5.220206156295286143e-23
3.715975505850457787e-30 5.230226191447096403e-23
3.727459722591969676e-30 5.240265459780779176e-23
3.738979431288140086e-30 5.250323998214111055e-23
3.750534741626801622e-30 5.260401843735506438e-23
3.762125763634777798e-30 5.270499033404678744e-23
3.773752607678897587e-30 5.280615604352103215e-23
3.785415384467171803e-30 5.290751593779862682e-23
3.797114205049662611e-30 5.300907038961262003e-23
3.808849180819661319e-30 5.311081977241190114e-23
3.820620423514720429e-30 5.321276446036254039e-23
3.832428045217718631e-30 5.331490482834770659e-23
3.844272158357893554e-30 5.341724125197203995e-23
3.856152875712040580e-30 5.351977410755963025e-23
3.868070310405395663e-30 5.362250377215690856e-23
3.880024575912841141e-30 5.372543062353558595e-23
3.892015786059953915e-30 5.382855504019057288e-23
3.904044055024086543e-30 5.393187740134445784e-23
3.916109497335457457e-30 5.403539808694734276e-23
3.928212227878241167e-30 5.413911747767867682e-23
3.940352361891629050e-30 5.424303595494856120e-23
3.952530014971055480e-30 5.434715390089964166e-23
3.964745303069104474e-30 5.445147169840768452e-23
3.976998342496746334e-30 5.455598973108375132e-23
3.989289249924407540e-30 5.466070838327410481e-23
4.001618142383086181e-30 5.476562804006467576e-23
4.013985137265430961e-30 5.487074908727746605e-23
4.026390352326991148e-30 5.497607191147972918e-23
4.038833905687139339e-30 5.508159689997721124e-23
4.051315915830331220e-30 5.518732444081870004e-23
4.063836501607196480e-30 5.529325492280058606e-23
4.076395782235673861e-30 5.539938873546318313e-23
4.088993877302144111e-30 5.550572626909611219e-23
4.101630906762536305e-30 5.561226791473617365e-23
4.114306990943603730e-30 5.571901406417311910e-23
4.127022250543868361e-30 5.582596510994795854e-23
4.139776806634904447e-30 5.593312144535398311e-23
4.152570780662458851e-30 5.604048346444059716e-23
4.165404294447604319e-30 5.614805156201317722e-23
4.178277470187903961e-30 5.625582613363534071e-23
4.191190430458535085e-30 5.636380757562918102e-23
4.204143298213598721e-30 5.647199628507830027e-23
4.217136196787080902e-30 5.658039265982811499e-23
4.230169249894165686e-30 5.668899709848773685e-23
4.243242581632380718e-30 5.679781000043213562e-23
4.256356316482773616e-30 5.690683176580094013e-23
4.269510579311103079e-30 5.701606279550419823e-23
4.282705495368988649e-30 5.712550349121952029e-23
4.295941190295245451e-30 5.723515425539673420e-23
4.309217790116871404e-30 5.734501549125856715e-23
4.322535421250382662e-30 5.745508760279970519e-23
4.335894210502988600e-30 5.756537099479314096e-23
4.349294285073793431e-30 5.767586607278556574e-23
4.362735772554976794e-30 5.778657324310496310e-23
4.376218800933147416e-30 5.789749291285846954e-23
4.389743498590349237e-30 5.800862548993298575e-23
4.403309994305426980e-30 5.811997138300081897e-23
4.416918417255215852e-30 5.823153100151667370e-23
4.430568897015771884e-30 5.834330475572325886e-23
4.444261563563605773e-30 5.845529305664825497e-23
4.457996547276884500e-30 5.856749631611035623e-23
4.471773978936817208e-30 5.867991494671837709e-23
4.485593989728683759e-30 5.879254936187222798e-23
4.499456711243226222e-30 5.890539997576624190e-23
4.513362275477870105e-30 5.901846720338849265e-23
4.527310814837977819e-30 5.913175146052570843e-23
4.541302462138109840e-30 5.924525316376066218e-23
4.555337350603252954e-30 5.935897273047739083e-23
4.569415613870238367e-30 5.947291057886027839e-23
4.583537385988788477e-30 5.958706712789554883e-23
4.597702801422944096e-30 5.970144279737621492e-23
4.611911995052305999e-30 5.981603800789812854e-23
4.626165102173322018e-30 5.993085318086653999e-23
4.640462258500572034e-30 6.004588873849393503e-23
4.654803600168024237e-30 6.016114510380492496e-23
4.669189263730481971e-30 6.027662270063565888e-23
4.683619386164657827e-30 6.039232195363499916e-23
4.698094104870628191e-30 6.050824328826736617e-23
4.712613557673104223e-30 6.062438713081380793e-23
4.727177882822744172e-30 6.074075390837452748e-23
4.741787218997431357e-30 6.085734404886776613e-23
4.756441705303749042e-30 6.097415798103449368e-23
4.771141481278072739e-30 6.109119613443903144e-23
4.785886686888052788e-30 6.120845893946812358e-23
4.800677462533910554e-30 6.132594682733721429e-23
4.815513949049773867e-30 6.144366023008729744e-23
4.830396287705018766e-30 6.156159958059038262e-23
4.845324620205573405e-30 6.167976531254767315e-23
4.860299088695426549e-30 6.179815786049456190e-23
4.875319835757744416e-30 6.191677765980056081e-23
4.890387004416386873e-30 6.203562514666821935e-23
4.905500738137228168e-30 6.215470075814045970e-23
4.920661180829521788e-30 6.227400493209777901e-23
4.935868476847275138e-30 6.239353810726072971e-23
4.951122770990580069e-30 6.251330072319244685e-23
4.966424208507154311e-30 6.263329322030110482e-23
4.981772935093481427e-30 6.275351603983716676e-23
4.997169096896360648e-30 6.287396962390204793e-23
5.012612840514258429e-30 6.299465441544176802e-23
5.028104312998702735e-30 6.311557085825570859e-23
5.043643661855683646e-30 6.323671939699287504e-23
5.059231035047018216e-30 6.335810047715756243e-23
5.074866580991922033e-30 6.347971454510832109e-23
5.090550448568177198e-30 6.360156204806002546e-23
5.106282787113712292e-30 6.372364343408734183e-23
5.122063746427986858e-30 6.384595915212317667e-23
5.137893476773411613e-30 6.396850965196398984e-23
5.153772128876745552e-30 6.409129538426825476e-23
5.169699853930691314e-30 6.421431680056039623e-23
5.185676803595086998e-30 6.433757435323151930e-23
5.201703129998519050e-30 6.446106849553973839e-23
5.217778985739723563e-30 6.458479968161546702e-23
5.233904523889046432e-30 6.470876836645807937e-23
5.250079897989895099e-30 6.483297500594352755e-23
5.266305262060202907e-30 6.495742005681911058e-23
5.282580770593852120e-30 6.508210397671166764e-23
5.298906578562319750e-30 6.520702722412637904e-23
5.315282841415888979e-30 6.533219025844674269e-23
5.331709715085306891e-30 6.545759353993984038e-23
5.348187355983225013e-30 6.558323752975393970e-23
5.364715921005686788e-30 6.570912268992571162e-23
5.381295567533578622e-30 6.583524948337592815e-23
5.397926453434304438e-30 6.596161837391484614e-23
5.414608737063026521e-30 6.608822982624444069e-23
5.431342577264344975e-30 6.621508430595534886e-23
5.448128133373770494e-30 6.634218227953570944e-23
5.464965565219240557e-30 6.646952421436575559e-23
5.481855033122638444e-30 6.659711057872569075e-23
5.498796697901280009e-30 6.672494184179222083e-23
5.515790720869619062e-30 6.685301847364451407e-23
5.532837263840517644e-30 6.698134094526313123e-23
5.549936489126964723e-30 6.710990972853168316e-23
5.567088559543578384e-30 6.723872529624196759e-23
5.584293638408154264e-30 6.736778812209091293e-23
5.601551889543220991e-30 6.749709868068709048e-23
5.618863477277555694e-30 6.762665744754721143e-23
5.636228566447930015e-30 6.775646489910265090e-23
5.653647322400405611e-30 6.788652151270024727e-23
5.671119910992093489e-30 6.801682776660022150e-23
5.688646498592684215e-30 6.814738413998273646e-23
5.706227252086032792e-30 6.827819111294774408e-23
5.723862338871751228e-30 6.840924916651624312e-23
5.741551926866751370e-30 6.854055878263208946e-23
5.759296184507031559e-30 6.867212044416516992e-23
5.777095280749002958e-30 6.880393463491275407e-23
5.794949385071281812e-30 6.893600183959778976e-23
5.812858667476257503e-30 6.906832254387808377e-23
5.830823298491712452e-30 6.920089723433973076e-23
5.848843449172397172e-30 6.933372639850475397e-23
5.866919291101848463e-30 6.946681052483103475e-23
5.885050996393740252e-30 6.960015010271299427e-23
5.903238737693710899e-30 6.973374562248596642e-23
5.921482688180959263e-30 6.986759757542399962e-23
5.939783021569894040e-30 7.000170645374759155e-23
5.958139912111789392e-30 7.013607275061908124e-23
5.976553534596392241e-30 7.027069696014795053e-23
5.995024064353785289e-30 7.040557957739456215e-23
6.013551677255759593e-30 7.054072109836611604e-23
6.032136549717690207e-30 7.067612202002432528e-23
6.050778858700159577e-30 7.081178284028335901e-23
6.069478781710649619e-30 7.094770405801410949e-23
6.088236496805226774e-30 7.108388617304457996e-23
6.107052182590192038e-30 7.122032968616113070e-23
6.125926018223975518e-30 7.135703509911495601e-23
6.144858183418548942e-30 7.149400291461628902e-23
6.163848858441332826e-30 7.163123363634183077e-23
6.182898224116863315e-30 7.176872776893559663e-23
6.202006461828515086e-30 7.190648581800977438e-23
6.221173753520227740e-30 7.204450829014755714e-23
6.240400281698187366e-30 7.218279569290348430e-23
6.259686229432767339e-30 7.232134853480689741e-23
6.279031780359968851e-30 7.246016732536477321e-23
6.298437118683368718e-30 7.259925257505846743e-23
6.317902429175825462e-30 7.273860479535387110e-23
6.337427897181237239e-30 7.287822449869344070e-23
6.357013708616257029e-30 7.301811219850741236e-23
6.376660049972267764e-30 7.315826840921103946e-23
6.396367108316845284e-30 7.329869364620438104e-23
6.416135071295755193e-30 7.343938842587940177e-23
6.435964127134677847e-30 7.358035326561719781e-23
6.455854464641004828e-30 7.372158868379512030e-23
6.475806273205638208e-30 7.386309519978184999e-23
6.495819742804789813e-30 7.400487333394564931e-23
6.515895064001745463e-30 7.414692360765149406e-23
6.536032427948877233e-30 7.428924654326724482e-23
6.556232026389162463e-30 7.443184266416288285e-23
6.576494051658207230e-30 7.457471249471145050e-23
6.596818696686033007e-30 7.471785656029514026e-23
6.617206154998910960e-30 7.486127538730143916e-23
6.637656620721148605e-30 7.500496950313034627e-23
6.658170288577160926e-30 7.514893943619530136e-23
6.678747353892992186e-30 7.529318571592023443e-23
6.699388012598396856e-30 7.543770887275018037e-23
6.720092461228651491e-30 7.558250943814295653e-23
6.740860896926424067e-30 7.572758794458188150e-23
6.761693517443647510e-30 7.587294492556757020e-23
6.782590521143359609e-30 7.601858091562840755e-23
6.803552107001796549e-30 7.616449645031722175e-23
6.824578474609967974e-30 7.631069206621371765e-23
6.845669824175778555e-30 7.645716830093085959e-23
6.866826356525866487e-30 7.660392569310915858e-23
6.888048273107531682e-30 7.675096478242742800e-23
6.909335775990585478e-30 7.689828610959657706e-23
6.930689067869510046e-30 7.704589021636810956e-23
6.952108352065040449e-30 7.719377764553291318e-23
6.973593832526331055e-30 7.734194894092151805e-23
6.995145713832845886e-30 7.749040464741221945e-23
7.016764201196293810e-30 7.763914531092588210e-23
7.038449500462597369e-30 7.778817147843292262e-23
7.060201818113840582e-30 7.793748369795253368e-23
7.082021361270184518e-30 7.808708251855698631e-23
7.103908337692065937e-30 7.823696849037299351e-23
7.125862955781836805e-30 7.838714216458048766e-23
7.147885424585968541e-30 7.853760409342073154e-23
7.169975953796991411e-30 7.868835483019219224e-23
7.192134753755494183e-30 7.883939492925766472e-23
7.214362035452056513e-30 7.899072494604175622e-23
7.236658010529509248e-30 7.914234543703748080e-23
7.259022891284582342e-30 7.929425695980490753e-23
7.281456890670169365e-30 7.944646007297435781e-23
7.303960222297296320e-30 7.959895533624896795e-23
7.326533100437149324e-30 7.975174331040454814e-23
7.349175740023123309e-30 7.990482455729614167e-23
7.371888356652803452e-30 8.005819963985443970e-23
7.394671166590257708e-30 8.021186912209179978e-23
7.417524386767739377e-30 8.036583356910547847e-23
7.440448234787990849e-30 8.052009354707230633e-23
7.463442928926251658e-30 8.067464962326103062e-23
7.486508688132346419e-30 8.082950236602640258e-23
7.509645732032760150e-30 8.098465234481411448e-23
7.532854280932671557e-30 8.114010013016465526e-23
7.556134555818298810e-30 8.129584629371133569e-23
7.579486778358631541e-30 8.145189140818819944e-23
7.602911170907787836e-30 8.160823604742515658e-23
7.626407956507074139e-30 8.176488078635361411e-23
7.649977358887101212e-30 8.192182620101198913e-23
7.673619602469923923e-30 8.207907286854095975e-23
7.697334912371105352e-30 8.223662136719015371e-23
7.721123514402120023e-30 8.239447227632034657e-23
7.744985635072122339e-30 8.255262617640202753e-23
7.768921501590355419e-30 8.271108364902284038e-23
7.792931341868254439e-30 8.286984527688384541e-23
7.817015384521613049e-30 8.302891164380634901e-23
7.841173858872695122e-30 8.318828333473112788e-23
7.865406994952681425e-30 8.334796093572293112e-23
7.889715023503468885e-30 8.350794503397205547e-23
7.914098175980127066e-30 8.366823621779292288e-23
7.938556684553033747e-30 8.382883507663341400e-23
7.963090782110094580e-30 8.398974220106805026e-23
7.987700702258951533e-30 8.415095818280974887e-23
8.012386679329145100e-30 8.431248361470304015e-23
8.037148948374607205e-30 8.447431909073278976e-23
8.061987745175508114e-30 8.463646520602524487e-23
8.086903306240763361e-30 8.479892255684476626e-23
8.111895868810214168e-30 8.496169174060566558e-23
8.136965670856896143e-30 8.512477335586295419e-23
8.162112951089298179e-30 8.528816800232601418e-23
8.187337948953569494e-30 8.545187628085170995e-23
8.212640904636068596e-30 8.561589879345211123e-23
8.238022059065249430e-30 8.578023614329540994e-23
8.263481653914222952e-30 8.594488893470455663e-23
8.289019931602987994e-30 8.610985777316615899e-23
8.314637135300742008e-30 8.627514326532599143e-23
8.340333508928200213e-30 8.644074601899672985e-23
8.366109297159843279e-30 8.660666664315589453e-23
8.391964745426520939e-30 8.677290574795057558e-23
8.417900099917385781e-30 8.693946394470025420e-23
8.443915607582503866e-30 8.710634184589473374e-23
8.470011516135141648e-30 8.727354006520446055e-23
8.496188074054118756e-30 8.744105921747163731e-23
8.522445530586113126e-30 8.760889991872356478e-23
8.548784135748306656e-30 8.777706278616882154e-23
8.575204140330351226e-30 8.794554843819881561e-23
8.601705795897029763e-30 8.811435749439508423e-23
8.628289354790588005e-30 8.828349057552467424e-23
8.654955070133137723e-30 8.845294830354936964e-23
8.681703195829059953e-30 8.862273130162350525e-23
8.708533986567427837e-30 8.879284019409758713e-23
8.735447697824360806e-30 8.896327560652056139e-23
8.762444585865741699e-30 8.913403816564209457e-23
8.789524907749223420e-30 8.930512849941679370e-23
8.816688921326974083e-30 8.947654723700022137e-23
8.843936885248046608e-30 8.964829500876000416e-23
8.871269058960853412e-30 8.982037244627058991e-23
8.898685702715555626e-30 8.999278018232128813e-23
8.926187077566839066e-30 9.016551885091540010e-23
8.953773445375954522e-30 9.033858908727127686e-23
8.981445068813514752e-30 9.051199152782914880e-23
9.009202211361910318e-30 9.068572681024892748e-23
9.037045137317824922e-30 9.085979557341582453e-23
9.064974111794752129e-30 9.103419845744009300e-23
9.092989400725442045e-30 9.120893610366132969e-23
9.121091270864733331e-30 9.138400915465275395e-23
9.149279989791649554e-30 9.155941825421516564e-23
9.177555825912236809e-30 9.173516404739101578e-23
9.205919048462052432e-30 9.191124718045696569e-23
9.234369927508725167e-30 9.208766830093349078e-23
9.262908733954526550e-30 9.226442805758003749e-23
9.291535739538877835e-30 9.244152710040334583e-23
9.320251216841236664e-30 9.261896608066042332e-23
9.349055439283236854e-30 9.279674565085311428e-23
9.377948681131601693e-30 9.297486646474103021e-23
9.406931217500673286e-30 9.315332917733469668e-23
9.436003324355034386e-30 9.333213444490259455e-23
9.465165278512134421e-30 9.351128292497620281e-23
9.494417357644851074e-30 9.369077527634386254e-23
9.523759840284442818e-30 9.387061215906240253e-23
9.553193005822734938e-30 9.405079423445564637e-23
9.582717134515087485e-30 9.423132216511349564e-23
9.612332507482994680e-30 9.441219661490170994e-23
9.642039406716752993e-30 9.459341824895695813e-23
9.671838115078071757e-30 9.477498773369468232e-23
9.701728916303078953e-30 9.495690573681015588e-23
9.731712095004553482e-30 9.513917292727694349e-23
9.761787936674947763e-30 9.532178997535741010e-23
9.791956727689029182e-30 9.550475755259508019e-23
9.822218755306605615e-30 9.568807633182727433e-23
9.852574307675260766e-30 9.587174698718005458e-23
9.883023673833016633e-30 9.605577019407486602e-23
9.913567143711409357e-30 9.624014662922894817e-23
9.944205008137767733e-30 9.642487697065778002e-23
9.974937558838298873e-30 9.660996189768103979e-23
1.000576508844079130e-29 9.679540209091896090e-23
1.003668789047740216e-29 9.698119823230023126e-23
1.006770625938744295e-29 9.716735100506048870e-23
1.009882049052011351e-29 9.735386109375024374e-23
1.013003088013763389e-29 9.754072918423264619e-23
1.016133772541757330e-29 9.772795596368459010e-23
1.019274132445601429e-29 9.791554212060336706e-23
1.022424197627030204e-29 9.810348834480087100e-23
1.025583998080189463e-29 9.829179532741511807e-23
1.028753563891922031e-29 9.848046376090657905e-23
1.031932925242045341e-29 9.866949433906969923e-23
1.035122112403673319e-29 9.885888775702854908e-23
1.038321155743452917e-29 9.904864471123933978e-23
1.041530085721888240e-29 9.923876589949928647e-23
1.044748932893621080e-29 9.942925202094077781e-23
1.047977727907722669e-29 9.962010377604094447e-23
1.051216501507976181e-29 9.981132186662003697e-23
1.054465284533204635e-29 1.000029069958461159e-22
1.057724107917512060e-29 1.001948598682383198e-22
1.060993002690613359e-29 1.003871811896631388e-22
1.064271999978120312e-29 1.005798716673489908e-22
1.067561131001838937e-29 1.007729320098754187e-22
1.070860427080065441e-29 1.009663629271855506e-22
1.074169919627877129e-29 1.011601651305845363e-22
1.077489640157465353e-29 1.013543393327420748e-22
1.080819620278383823e-29 1.015488862476972454e-22
1.084159891697884078e-29 1.017438065908575089e-22
1.087510486221209056e-29 1.019391010790064181e-22
1.090871435751895776e-29 1.021347704302997043e-22
1.094242772292078720e-29 1.023308153642758912e-22
1.097624527942786625e-29 1.025272366018495600e-22
1.101016734904282582e-29 1.027240348653233626e-22
1.104419425476318089e-29 1.029212108783856822e-22
1.107832632058475949e-29 1.031187653661110217e-22
1.111256387150469446e-29 1.033166990549685490e-22
1.114690723352452736e-29 1.035150126728211102e-22
1.118135673365330251e-29 1.037137069489286497e-22
1.121591269991059520e-29 1.039127826139486571e-22
1.125057546133000094e-29 1.041122403999454773e-22
1.128534534796171521e-29 1.043120810403864312e-22
1.132022269087604658e-29 1.045123052701444370e-22
1.135520782216647707e-29 1.047129138255066501e-22
1.139030107495281934e-29 1.049139074441705371e-22
1.142550278338430371e-29 1.051152868652509758e-22
1.146081328264312486e-29 1.053170528292830643e-22
1.149623290894707909e-29 1.055192060782195352e-22
1.153176199955313620e-29 1.057217473554410058e-22
1.156740089276055739e-29 1.059246774057527105e-22
1.160314992791411826e-29 1.061279969753887674e-22
1.163900944540733738e-29 1.063317068120186084e-22
1.167497978668572312e-29 1.065358076647437352e-22
1.171106129424991956e-29 1.067403002841050890e-22
1.174725431165935824e-29 1.069451854220856607e-22
1.178355918353495432e-29 1.071504638321080925e-22
1.181997625556276813e-29 1.073561362690441291e-22
1.185650587449720152e-29 1.075622034892137949e-22
1.189314838816430076e-29 1.077686662503879325e-22
1.192990414546497111e-29 1.079755253117927175e-22
1.196677349637868884e-29 1.081827814341108099e-22
1.200375679196624638e-29 1.083904353794873020e-22
1.204085438437348818e-29 1.085984879115262394e-22
1.207806662683456455e-29 1.088069397953020700e-22
1.211539387367529474e-29 1.090157917973522854e-22
1.215283648031654270e-29 1.092250446856903516e-22
1.219039480327749890e-29 1.094346992298015473e-22
1.222806920017947643e-29 1.096447562006489361e-22
1.226586002974871646e-29 1.098552163706761397e-22
1.230376765182020393e-29 1.100660805138063279e-22
1.234179242734099001e-29 1.102773494054520688e-22
1.237993471837363515e-29 1.104890238225111206e-22
1.241819488809965482e-29 1.107011045433764231e-22
1.245657330082287146e-29 1.109135923479286455e-22
1.249507032197329463e-29 1.111264880175517261e-22
1.253368631810998809e-29 1.113397923351270419e-22
1.257242165692497102e-29 1.115535060850362299e-22
1.261127670724661196e-29 1.117676300531713198e-22
1.265025183904314046e-29 1.119821650269288330e-22
1.268934742342617977e-29 1.121971117952181520e-22
1.272856383265416035e-29 1.124124711484622261e-22
1.276790144013629403e-29 1.126282438786018966e-22
1.280736062043549847e-29 1.128444307790989067e-22
1.284694174927238525e-29 1.130610326449363712e-22
1.288664520352872673e-29 1.132780502726241607e-22
1.292647136125105173e-29 1.134954844601993244e-22
1.296642060165412638e-29 1.137133360072339895e-22
1.300649330512500386e-29 1.139316057148332926e-22
1.304668985322601200e-29 1.141502943856377068e-22
1.308701062869878618e-29 1.143694028238331277e-22
1.312745601546783704e-29 1.145889318351433503e-22
1.316802639864419108e-29 1.148088822268452089e-22
1.320872216452905364e-29 1.150292548077585155e-22
1.324954370061739340e-29 1.152500503882604945e-22
1.329049139560205102e-29 1.154712697802821855e-22
1.333156563937679957e-29 1.156929137973105598e-22
1.337276682304048114e-29 1.159149832543998281e-22
1.341409533890063901e-29 1.161374789681612140e-22
1.345555158047723114e-29 1.163604017567807977e-22
1.349713594250639399e-29 1.165837524400092897e-22
1.353884882094408592e-29 1.168075318391734090e-22
1.358069061297029673e-29 1.170317407771771061e-22
1.362266171699216407e-29 1.172563800785021975e-22
1.366476253264822226e-29 1.174814505692139140e-22
1.370699346081207643e-29 1.177069530769621706e-22
1.374935490359624491e-29 1.179328884309880311e-22
1.379184726435595956e-29 1.181592574621191713e-22
1.383447094769292122e-29 1.183860610027830443e-22
1.387722635945957930e-29 1.186132998870040590e-22
1.392011390676233796e-29 1.188409749504040745e-22
1.396313399796587205e-29 1.190690870302130965e-22
1.400628704269691351e-29 1.192976369652647634e-22
1.404957345184813289e-29 1.195266255960053513e-22
1.409299363758196211e-29 1.197560537644925269e-22
1.413654801333495815e-29 1.199859223144011790e-22
1.418023699382105680e-29 1.202162320910255336e-22
1.422406099503598958e-29 1.204469839412814347e-22
1.426802043426110931e-29 1.206781787137120103e-22
1.431211573006739217e-29 1.209098172584883070e-22
1.435634730231939500e-29 1.211419004274106063e-22
1.440071557217926862e-29 1.213744290739184169e-22
1.444522096211064780e-29 1.216074040530851139e-22
1.448986389588314668e-29 1.218408262216322097e-22
1.453464479857567980e-29 1.220746964379187273e-22
1.457956409658098832e-29 1.223090155619512154e-22
1.462462221760958324e-29 1.225437844553939049e-22
1.466981959069380643e-29 1.227790039815553320e-22
1.471515664619180744e-29 1.230146750054098725e-22
1.476063381579211740e-29 1.232507983935877509e-22
1.480625153251704290e-29 1.234873750143825866e-22
1.485201023072725951e-29 1.237244057377555788e-22
1.489791034612583629e-29 1.239618914353367996e-22
1.494395231576238359e-29 1.241998329804311419e-22
1.499013657803720937e-29 1.244382312480180372e-22
1.503646357270538011e-29 1.246770871147562521e-22
1.508293374088138717e-29 1.249164014589900000e-22
1.512954752504262198e-29 1.251561751607458153e-22
1.517630536903406761e-29 1.253964091017411337e-22
1.522320771807241577e-29 1.256371041653858676e-22
1.527025501875030153e-29 1.258782612367854628e-22
1.531744771904054369e-29 1.261198812027434134e-22
1.536478626830030657e-29 1.263619649517653999e-22
1.541227111727585888e-29 1.266045133740660366e-22
1.545990271810613018e-29 1.268475273615624298e-22
1.550768152432750895e-29 1.270910078078899056e-22
1.555560799087803523e-29 1.273349556083927242e-22
1.560368257410173350e-29 1.275793716601409592e-22
1.565190573175296225e-29 1.278242568619193076e-22
1.570027792300064036e-29 1.280696121142421121e-22
1.574879960843312914e-29 1.283154383193531028e-22
1.579747125006185617e-29 1.285617363812223876e-22
1.584629331132622260e-29 1.288085072055614992e-22
1.589526625709788272e-29 1.290557516998149305e-22
1.594439055368518609e-29 1.293034707731745003e-22
1.599366666883746832e-29 1.295516653365706773e-22
1.604309507175003966e-29 1.298003363026869918e-22
1.609267623306786486e-29 1.300494845859597541e-22
1.614241062489056575e-29 1.302991111025757968e-22
1.619229872077678772e-29 1.305492167704851943e-22
1.624234099574871191e-29 1.307998025093952675e-22
1.629253792629657296e-29 1.310508692407842193e-22
1.634288999038305632e-29 1.313024178878934474e-22
1.639339766744840736e-29 1.315544493757391340e-22
1.644406143841416444e-29 1.318069646311149033e-22
1.649488178568829328e-29 1.320599645825885763e-22
1.654585919316964586e-29 1.323134501605149839e-22
1.659699414625255109e-29 1.325674222970309599e-22
1.664828713183146153e-29 1.328218819260662016e-22
1.669973863830542631e-29 1.330768299833374635e-22
1.675134915558331521e-29 1.333322674063640739e-22
1.680311917508763572e-29 1.335881951344610459e-22
1.685504918975978241e-29 1.338446141087464366e-22
1.690713969406458544e-29 1.341015252721464954e-22
1.695939118399501060e-29 1.343589295693945829e-22
1.701180415707689563e-29 1.346168279470411385e-22
1.706437911237353814e-29 1.348752213534486970e-22
1.711711655049100926e-29 1.351341107388039488e-22
1.717001697358208295e-29 1.353934970551173165e-22
1.722308088535157769e-29 1.356533812562237548e-22
1.727630879106100884e-29 1.359137642977927888e-22
1.732970119753340348e-29 1.361746471373225426e-22
1.738325861315798072e-29 1.364360307341547622e-22
1.743698154789556078e-29 1.366979160494725584e-22
1.749087051328257824e-29 1.369603040462972332e-22
1.754492602243649949e-29 1.372231956895071813e-22
1.759914859006059276e-29 1.374865919458251012e-22
1.765353873244881022e-29 1.377504937838369912e-22
1.770809696749070376e-29 1.380149021739802058e-22
1.776282381467622861e-29 1.382798180885585967e-22
1.781771979510125048e-29 1.385452425017443462e-22
1.787278543147164853e-29 1.388111763895764863e-22
1.792802124810886732e-29 1.390776207299674814e-22
1.798342777095476814e-29 1.393445765027087999e-22
1.803900552757663160e-29 1.396120446894695510e-22
1.809475504717218830e-29 1.398800262738061000e-22
1.815067686057450379e-29 1.401485222411596235e-22
1.820677150025762295e-29 1.404175335788668296e-22
1.826303950034076272e-29 1.406870612761565022e-22
1.831948139659397893e-29 1.409571063241561777e-22
1.837609772644312410e-29 1.412276697158987982e-22
1.843288902897496775e-29 1.414987524463173279e-22
1.848985584494232243e-29 1.417703555122614453e-22
1.854699871676904908e-29 1.420424799124891967e-22
1.860431818855581638e-29 1.423151266476776464e-22
1.866181480608438597e-29 1.425882967204256042e-22
1.871948911682341378e-29 1.428619911352532485e-22
1.877734166993349190e-29 1.431362108986119306e-22
1.883537301627240908e-29 1.434109570188827169e-22
1.889358370840021221e-29 1.436862305063822192e-22
1.895197430058510298e-29 1.439620323733703060e-22
1.901054534880778750e-29 1.442383636340426968e-22
1.906929741076737861e-29 1.445152253045478662e-22
1.912823104588655820e-29 1.447926184029806719e-22
1.918734681531690781e-29 1.450705439493951684e-22
1.924664528194423914e-29 1.453490029657951789e-22
1.930612701039396662e-29 1.456279964761553841e-22
1.936579256703632307e-29 1.459075255064076628e-22
1.942564251999237965e-29 1.461875910844603699e-22
1.948567743913850482e-29 1.464681942401906252e-22
1.954589789611243754e-29 1.467493360054513198e-22
1.960630446431855336e-29 1.470310174140800489e-22
1.966689771893333790e-29 1.473132395018946458e-22
1.972767823691069778e-29 1.475960033067031499e-22
1.978864659698809827e-29 1.478793098683066274e-22
1.984980337969110352e-29 1.481631602284999008e-22
1.991114916733955910e-29 1.484475554310784838e-22
1.997268454405296736e-29 1.487324965218391928e-22
2.003441009575604501e-29 1.490179845485915255e-22
2.009632641018431705e-29 1.493040205611497856e-22
2.015843407688953424e-29 1.495906056113464825e-22
2.022073368724595090e-29 1.498777407530351300e-22
2.028322583445497161e-29 1.501654270420856847e-22
2.034591111355144865e-29 1.504536655364032835e-22
2.040879012140919472e-29 1.507424572959150784e-22
2.047186345674665257e-29 1.510318033825900783e-22
2.053513172013260951e-29 1.513217048604293695e-22
2.059859551399174094e-29 1.516121627954804327e-22
2.066225544261101429e-29 1.519031782558359678e-22
2.072611211214444785e-29 1.521947523116377023e-22
2.079016613061953986e-29 1.524868860350835150e-22
2.085441810794290181e-29 1.527795805004260958e-22
2.091886865590605696e-29 1.530728367839832902e-22
2.098351838819126978e-29 1.533666559641366415e-22
2.104836792037721837e-29 1.536610391213376444e-22
2.111341786994554133e-29 1.539559873381159034e-22
2.117866885628568629e-29 1.542515016990712326e-22
2.124412150070149598e-29 1.545475832908929348e-22
2.130977642641695354e-29 1.548442332023483985e-22
2.137563425858210726e-29 1.551414525243036223e-22
2.144169562427886911e-29 1.554392423497096261e-22
2.150796115252765692e-29 1.557376037736207185e-22
2.157443147429236335e-29 1.560365378931931564e-22
2.164110722248703732e-29 1.563360458076857329e-22
2.170798903198175825e-29 1.566361286184715795e-22
2.177507753960866160e-29 1.569367874290323352e-22
2.184237338416802056e-29 1.572380233449731697e-22
2.190987720643412867e-29 1.575398374740158241e-22
2.197758964916214096e-29 1.578422309260137987e-22
2.204551135709310464e-29 1.581452048129497668e-22
2.211364297696081139e-29 1.584487602489373845e-22
2.218198515749779219e-29 1.587528983502286972e-22
2.225053854944147736e-29 1.590576202352240128e-22
2.231930380554040436e-29 1.593629270244634859e-22
2.238828158056024616e-29 1.596688198406425633e-22
2.245747253129077287e-29 1.599752998086105502e-22
2.252687731655101977e-29 1.602823680553745834e-22
2.259649659719627975e-29 1.605900257101084470e-22
2.266633103612422141e-29 1.608982739041464372e-22
2.273638129828119208e-29 1.612071137710023573e-22
2.280664805066855729e-29 1.615165464463599265e-22
2.287713196234886932e-29 1.618265730680838761e-22
2.294783370445296614e-29 1.621371947762275668e-22
2.301875395018525992e-29 1.624484127130257006e-22
2.308989337483089209e-29 1.627602280229088500e-22
2.316125265576196064e-29 1.630726418525042105e-22
2.323283247244398862e-29 1.633856553506409839e-22
2.330463350644219623e-29 1.636992696683499789e-22
2.337665644142874564e-29 1.640134859588736498e-22
2.344890196318811911e-29 1.643283053776691295e-22
2.352137075962440855e-29 1.646437290824078763e-22
2.359406352076766625e-29 1.649597582329880406e-22
2.366698093878048531e-29 1.652763939915282582e-22
2.374012370796458299e-29 1.655936375223836368e-22
2.381349252476741763e-29 1.659114899921394085e-22
2.388708808778862340e-29 1.662299525696235546e-22
2.396091109778743720e-29 1.665490264259062649e-22
2.403496225768821135e-29 1.668687127343032289e-22
2.410924227258787131e-29 1.671890126703868738e-22
2.418375184976245134e-29 1.675099274119812863e-22
2.425849169867382072e-29 1.678314581391749075e-22
2.433346253097623344e-29 1.681536060343175950e-22
2.440866506052391761e-29 1.684763722820322831e-22
2.448410000337666104e-29 1.687997580692144187e-22
2.455976807780743432e-29 1.691237645850364521e-22
2.463567000430903295e-29 1.694483930209557356e-22
2.471180650560092972e-29 1.697736445707128551e-22
2.478817830663616627e-29 1.700995204303433373e-22
2.486478613460804009e-29 1.704260217981759576e-22
2.494163071895785651e-29 1.707531498748396046e-22
2.501871279138064039e-29 1.710809058632724724e-22
2.509603308583293016e-29 1.714092909687131979e-22
2.517359233853954605e-29 1.717383063987211021e-22
2.525139128800062184e-29 1.720679533631683853e-22
2.532943067499840675e-29 1.723982330742531752e-22
2.540771124260516316e-29 1.727291467465002785e-22
2.548623373618899323e-29 1.730606955967608057e-22
2.556499890342177300e-29 1.733928808442276399e-22
2.564400749428604683e-29 1.737257037104275846e-22
2.572326026108218520e-29 1.740591654192395372e-22
2.580275795843554257e-29 1.743932671968852728e-22
2.588250134330363761e-29 1.747280102719427039e-22
2.596249117498315409e-29 1.750633958753466325e-22
2.604272821511801799e-29 1.753994252403969791e-22
2.612321322770537820e-29 1.757360996027596989e-22
2.620394697910372848e-29 1.760734202004686865e-22
2.628493023803999241e-29 1.764113882739429146e-22
2.636616377561684378e-29 1.767500050659721871e-22
2.644764836531983637e-29 1.770892718217380154e-22
2.652938478302561002e-29 1.774291897888119262e-22
2.661137380700802262e-29 1.777697602171562607e-22
2.669361621794638983e-29 1.781109843591363055e-22
2.677611279893272694e-29 1.784528634695174011e-22
2.685886433547918137e-29 1.787953988054796120e-22
2.694187161552552682e-29 1.791385916266071474e-22
2.702513542944645561e-29 1.794824431949082267e-22
2.710865657005995847e-29 1.798269547748146802e-22
2.719243583263357432e-29 1.801721276331775994e-22
2.727647401489283729e-29 1.805179630392886609e-22
2.736077191702864755e-29 1.808644622648706987e-22
2.744533034170488878e-29 1.812116265840862146e-22
2.753015009406586626e-29 1.815594572735459127e-22
2.761523198174484357e-29 1.819079556123121081e-22
2.770057681487041009e-29 1.822571228819021827e-22
2.778618540607506259e-29 1.826069603662880918e-22
2.787205857050276095e-29 1.829574693519114573e-22
2.795819712581665221e-29 1.833086511276817339e-22
2.804460189220687294e-29 1.836605069849810992e-22
2.813127369239835728e-29 1.840130382176716948e-22
2.821821335165843201e-29 1.843662461220990822e-22
2.830542169780561668e-29 1.847201319970944526e-22
2.839289956121610320e-29 1.850746971439898146e-22
2.848064777483258406e-29 1.854299428666031590e-22
2.856866717417197065e-29 1.857858704712669064e-22
2.865695859733333022e-29 1.861424812668089340e-22
2.874552288500564910e-29 1.864997765645798946e-22
2.883436088047676172e-29 1.868577576784448000e-22
2.892347342963996479e-29 1.872164259247825507e-22
2.901286138100304164e-29 1.875757826225119846e-22
2.910252558569607587e-29 1.879358290930715179e-22
2.919246689747956765e-29 1.882965666604439009e-22
2.928268617275257248e-29 1.886579966511465083e-22
2.937318427056083432e-29 1.890201203942522157e-22
2.946396205260473937e-29 1.893829392213728023e-22
2.955502038324848615e-29 1.897464544666853756e-22
2.964636012952685660e-29 1.901106674669265642e-22
2.973798216115445339e-29 1.904755795613946578e-22
2.982988735053372101e-29 1.908411920919626314e-22
2.992207657276326945e-29 1.912075064030750181e-22
3.001455070564595129e-29 1.915745238417596179e-22
3.010731062969820558e-29 1.919422457576337503e-22
3.020035722815697459e-29 1.923106735028943576e-22
3.029369138698907017e-29 1.926798084323446643e-22
3.038731399489940771e-29 1.930496519033814588e-22
3.048122594333942518e-29 1.934202052760124671e-22
3.057542812651559740e-29 1.937914699128475363e-22
3.066992144139769813e-29 1.941634471791215337e-22
3.076470678772831763e-29 1.945361384426856476e-22
3.085978506802997570e-29 1.949095450740110084e-22
3.095515718761465611e-29 1.952836684462102701e-22
3.105082405459223678e-29 1.956585099350219767e-22
3.114678657987908258e-29 1.960340709188321911e-22
3.124304567720650915e-29 1.964103527786656788e-22
3.133960226313047428e-29 1.967873568982035405e-22
3.143645725703878061e-29 1.971650846637827653e-22
3.153361158116085664e-29 1.975435374643969830e-22
3.163106616057628790e-29 1.979227166917101705e-22
3.172882192322360585e-29 1.983026237400531487e-22
3.182687979990913289e-29 1.986832600064387698e-22
3.192524072431585537e-29 1.990646268905555699e-22
3.202390563301204441e-29 1.994467257947814986e-22
3.212287546546121068e-29 1.998295581241877276e-22
3.222215116402949769e-29 2.002131252865379455e-22
3.232173367399568704e-29 2.005974286923036624e-22
3.242162394355994812e-29 2.009824697546565464e-22
3.252182292385285129e-29 2.013682498894892289e-22
3.262233156894418484e-29 2.017547705154005649e-22
3.272315083585306672e-29 2.021420330537251604e-22
3.282428168455550041e-29 2.025300389285186325e-22
3.292572507799455390e-29 2.029187895665683767e-22
3.302748198208926636e-29 2.033082863974062385e-22
3.312955336574384627e-29 2.036985308533005909e-22
3.323194020085690876e-29 2.040895243692776575e-22
3.333464346233043274e-29 2.044812683831093113e-22
3.343766412808016971e-29 2.048737643353314590e-22
3.354100317904327806e-29 2.052670136692493311e-22
3.364466159918878797e-29 2.056610178309268081e-22
3.374864037552667617e-29 2.060557782692164429e-22
3.385294049811728275e-29 2.064512964357414756e-22
3.395756296008043073e-29 2.068475737849143591e-22
3.406250875760604234e-29 2.072446117739450115e-22
3.416777888996189099e-29 2.076424118628314353e-22
3.427337435950430159e-29 2.080409755143814172e-22
3.437929617168735430e-29 2.084403041942044641e-22
3.448554533507249737e-29 2.088403993707261912e-22
3.459212286133812088e-29 2.092412625151906732e-22
3.469902976528922569e-29 2.096428951016658980e-22
3.480626706486676725e-29 2.100452986070461889e-22
3.491383578115850731e-29 2.104484745110696017e-22
3.502173693840701251e-29 2.108524242962993985e-22
3.512997156402056767e-29 2.112571494481610293e-22
3.523854068858265984e-29 2.116626514549174699e-22
3.534744534586178170e-29 2.120689318076988679e-22
3.545668657282101092e-29 2.124759920004868381e-22
3.556626540962901308e-29 2.128838335301395943e-22
3.567618289966823654e-29 2.132924578963869657e-22
3.578644008954598261e-29 2.137018666018297620e-22
3.589703802910409702e-29 2.141120611519650225e-22
3.600797777142894710e-29 2.145230430551671618e-22
3.611926037286148874e-29 2.149348138227166518e-22
3.623088689300726604e-29 2.153473749687853510e-22
3.634285839474625965e-29 2.157607280104576641e-22
3.645517594424415319e-29 2.161748744677281904e-22
3.656784061096074107e-29 2.165898158635076958e-22
3.668085346766126776e-29 2.170055537236329396e-22
3.679421559042634902e-29 2.174220895768646998e-22
3.690792805866193231e-29 2.178394249549013148e-22
3.702199195511078743e-29 2.182575613923839967e-22
3.713640836586097038e-29 2.186765004268918469e-22
3.725117838035739808e-29 2.190962435989630155e-22
3.736630309141192650e-29 2.195167924520861903e-22
3.748178359521373709e-29 2.199381485327174769e-22
3.759762099133977927e-29 2.203603133902748507e-22
3.771381638276525212e-29 2.207832885771612434e-22
3.783037087587377782e-29 2.212070756487483211e-22
3.794728558046919496e-29 2.216316761633962328e-22
3.806456160978425223e-29 2.220570916824624970e-22
3.818220008049245216e-29 2.224833237702920805e-22
3.830020211271838713e-29 2.229103739942388395e-22
3.841856883004837798e-29 2.233382439246618992e-22
3.853730135954087170e-29 2.237669351349344461e-22
3.865640083173845333e-29 2.241964492014559537e-22
3.877586838067667975e-29 2.246267877036389693e-22
3.889570514389617007e-29 2.250579522239433920e-22
3.901591226245310419e-29 2.254899443478506116e-22
3.913649088093010246e-29 2.259227656638979739e-22
3.925744214744711657e-29 2.263564177636637346e-22
3.937876721367234285e-29 2.267909022417859613e-22
3.950046723483291143e-29 2.272262206959585836e-22
3.962254336972712792e-29 2.276623747269453111e-22
3.974499678073359869e-29 2.280993659385856522e-22
3.986782863382359033e-29 2.285371959377910577e-22
3.999104009857179723e-29 2.289758663345603912e-22
4.011463234816747346e-29 2.294153787419812921e-22
4.023860655942529007e-29 2.298557347762406142e-22
4.036296391279785709e-29 2.302969360566258834e-22
4.048770559238498329e-29 2.307389842055291999e-22
4.061283278594624303e-29 2.311818808484617680e-22
4.073834668491201289e-29 2.316256276140513564e-22
4.086424848439475494e-29 2.320702261340567807e-22
4.099053938320044570e-29 2.325156780433588284e-22
4.111722058383961839e-29 2.329619849799862609e-22
4.124429329254018203e-29 2.334091485851085253e-22
4.137175871925687734e-29 2.338571705030417730e-22
4.149961807768414073e-29 2.343060523812665395e-22
4.162787258526734266e-29 2.347557958704140139e-22
4.175652346321435121e-29 2.352064026242950508e-22
4.188557193650684889e-29 2.356578742998849824e-22
4.201501923391332555e-29 2.361102125573444016e-22
4.214486658799878094e-29 2.365634190600255093e-22
4.227511523513777921e-29 2.370174954744613945e-22
4.240576641552590031e-29 2.374724434703922236e-22
4.253682137319155016e-29 2.379282647207631249e-22
4.266828135600779880e-29 2.383849609017233893e-22
4.280014761570426900e-29 2.388425336926497449e-22
4.293242140787869979e-29 2.393009847761321102e-22
4.306510399201030924e-29 2.397603158379967275e-22
4.319819663146967642e-29 2.402205285673039535e-22
4.333170059353217704e-29 2.406816246563542773e-22
4.346561714938969829e-29 2.411436058006999816e-22
4.359994757416275731e-29 2.416064736991424626e-22
4.373469314691224964e-29 2.420702300537473231e-22
4.386985515065309230e-29 2.425348765698504854e-22
4.400543487236428506e-29 2.430004149560507147e-22
4.414143360300259836e-29 2.434668469242400886e-22
4.427785263751448436e-29 2.439341741895826963e-22
4.441469327484843634e-29 2.444023984705467538e-22
4.455195681796734821e-29 2.448715214888866890e-22
4.468964457386054882e-29 2.453415449696722003e-22
4.482775785355771407e-29 2.458124706412822373e-22
4.496629797213915245e-29 2.462843002354062713e-22
4.510526624874981238e-29 2.467570354870679455e-22
4.524466400661142311e-29 2.472306781346089476e-22
4.538449257303516804e-29 2.477052299197179738e-22
4.552475327943387600e-29 2.481806925874214661e-22
4.566544746133624166e-29 2.486570678860969656e-22
4.580657645839729039e-29 2.491343575674778620e-22
4.594814161441262111e-29 2.496125633866580480e-22
4.609014427733082733e-29 2.500916871021053673e-22
4.623258579926633311e-29 2.505717304756523044e-22
4.637546753651228497e-29 2.510526952725271593e-22
4.651879084955343263e-29 2.515345832613303017e-22
4.666255710307873508e-29 2.520173962140710823e-22
4.680676766599585566e-29 2.525011359061546665e-22
4.695142391144192396e-29 2.529858041163885239e-22
4.709652721679812620e-29 2.534714026270050442e-22
4.724207896370245141e-29 2.539579332236485131e-22
4.738808053806283002e-29 2.544453976953941081e-22
4.753453333006995853e-29 2.549337978347492151e-22
4.768143873421206358e-29 2.554231354376633966e-22
4.782879814928589378e-29 2.559134123035371374e-22
4.797661297841155101e-29 2.564046302352135691e-22
4.812488462904548328e-29 2.568967910390091739e-22
4.827361451299387552e-29 2.573898965246980803e-22
4.842280404642610206e-29 2.578839485055336917e-22
4.857245464988820153e-29 2.583789487982424335e-22
4.872256774831602101e-29 2.588748992230468389e-22
4.887314477105035005e-29 2.593718016036613651e-22
4.902418715184816475e-29 2.598696577672934738e-22
4.917569632889786818e-29 2.603684695446670008e-22
4.932767374483257480e-29 2.608682387700104008e-22
4.948012084674386552e-29 2.613689672810838305e-22
4.963303908619513370e-29 2.618706569191636795e-22
4.978642991923706110e-29 2.623733095290679138e-22
4.994029480641901884e-29 2.628769269591534896e-22
5.009463521280462178e-29 2.633815110613233126e-22
5.024945260798525952e-29 2.638870636910384626e-22
5.040474846609408128e-29 2.643935867073157488e-22
5.056052426582005943e-29 2.649010819727458125e-22
5.071678149042163242e-29 2.654095513534905408e-22
5.087352162774247227e-29 2.659189967192956210e-22
5.103074617022321063e-29 2.664294199434954774e-22
5.118845661491727342e-29 2.669408229030201369e-22
5.134665446350471444e-29 2.674532074784004001e-22
5.150534122230655353e-29 2.679665755537802557e-22
5.166451840229863250e-29 2.684809290169104848e-22
5.182418751912775820e-29 2.689962697591825627e-22
5.198435009312357423e-29 2.695125996756008702e-22
5.214500764931471517e-29 2.700299206648205443e-22
5.230616171744289799e-29 2.705482346291294228e-22
5.246781383197755165e-29 2.710675434744723534e-22
5.262996553213032331e-29 2.715878491104543441e-22
5.279261836186983123e-29 2.721091534503379300e-22
5.295577386993587948e-29 2.726314584110695516e-22
5.311943360985594851e-29 2.731547659132672352e-22
5.328359913995739198e-29 2.736790778812354048e-22
5.344827202338401696e-29 2.742043962429739561e-22
5.361345382811051168e-29 2.747307229301832883e-22
5.377914612695738897e-29 2.752580598782696171e-22
5.394535049760552619e-29 2.757864090263557890e-22
5.411206852261293588e-29 2.763157723172865949e-22
5.427930178942722057e-29 2.768461516976379388e-22
5.444705189040239956e-29 2.773775491177140167e-22
5.461532042281367297e-29 2.779099665315741646e-22
5.478410898887263426e-29 2.784434058970146152e-22
5.495341919574248274e-29 2.789778691756031043e-22
5.512325265555291093e-29 2.795133583326605330e-22
5.529361098541724527e-29 2.800498753372898851e-22
5.546449580744516989e-29 2.805874221623696438e-22
5.563590874875991215e-29 2.811260007845591058e-22
5.580785144151334304e-29 2.816656131843233951e-22
5.598032552290149232e-29 2.822062613459169121e-22
5.615333263517968258e-29 2.827479472574086308e-22
5.632687442568000624e-29 2.832906729106894801e-22
5.650095254682422864e-29 2.838344403014594141e-22
5.667556865614142208e-29 2.843792514292609836e-22
5.685072441628322308e-29 2.849251082974666885e-22
5.702642149503970630e-29 2.854720129133021106e-22
5.720266156535522486e-29 2.860199672878335482e-22
5.737944630534439632e-29 2.865689734360054436e-22
5.755677739830753937e-29 2.871190333766093497e-22
5.773465653274866654e-29 2.876701491323238974e-22
5.791308540238866760e-29 2.882223227297120209e-22
5.809206570618335826e-29 2.887755561992162561e-22
5.827159914833914112e-29 2.893298515751864352e-22
5.845168743832932798e-29 2.898852108958690128e-22
5.863233229090982315e-29 2.904416362034266267e-22
5.881353542613745248e-29 2.909991295439437399e-22
5.899529856938340457e-29 2.915576929674257473e-22
5.917762345135162705e-29 2.921173285278190064e-22
5.936051180809480135e-29 2.926780382830081566e-22
5.954396538103087805e-29 2.932398242948316363e-22
5.972798591695966825e-29 2.938026886290771687e-22
5.991257516807894166e-29 2.943666333555079048e-22
6.009773489200313678e-29 2.949316605478575334e-22
6.028346685177710479e-29 2.954977722838296229e-22
6.046977281589488699e-29 2.960649706451322748e-22
6.065665455831605952e-29 2.966332577174524977e-22
6.084411385848259380e-29 2.972026355904931654e-22
6.103215250133533576e-29 2.977731063579595687e-22
6.122077227733300751e-29 2.983446721175819380e-22
6.140997498246620907e-29 2.989173349711148324e-22
6.159976241827656573e-29 2.994910970243446153e-22
6.179013639187336424e-29 3.000659603871038428e-22
6.198109871595074958e-29 3.006419271732659974e-22
6.217265120880500015e-29 3.012189995007747343e-22
6.236479569435185904e-29 3.017971794916281299e-22
6.255753400214331595e-29 3.023764692718994172e-22
6.275086796738716934e-29 3.029568709717488351e-22
6.294479943096136454e-29 3.035383867254145533e-22
6.313933023943361187e-29 3.041210186712441289e-22
6.333446224507841528e-29 3.047047689516741936e-22
6.353019730589472865e-29 3.052896397132708437e-22
6.372653728562314138e-29 3.058756331067029798e-22
6.392348405376568708e-29 3.064627512867761144e-22
6.412103948560054045e-29 3.070509964124380138e-22
6.431920546220192687e-29 3.076403706467674606e-22
6.451798387045752096e-29 3.082308761570035002e-22
6.471737660308645047e-29 3.088225151145429483e-22
6.491738555865726649e-29 3.094152896949523342e-22
6.511801264160604825e-29 3.100092020780468471e-22
6.531925976225400345e-29 3.106042544478324074e-22
6.552112883682777024e-29 3.112004489925140837e-22
6.572362178747450641e-29 3.117977879044952459e-22
6.592674054228226987e-29 3.123962733803877689e-22
6.613048703529788804e-29 3.129959076210224240e-22
6.633486320654536526e-29 3.135966928314501480e-22
6.653987100204376339e-29 3.141986312209548800e-22
6.674551237382799707e-29 3.148017250030724633e-22
6.695178927996407985e-29 3.154059763955724486e-22
6.715870368456997549e-29 3.160113876204927006e-22
6.736625755783374763e-29 3.166179609041275021e-22
6.757445287603232592e-29 3.172256984770561419e-22
6.778329162155032829e-29 3.178346025741260817e-22
6.799277578289836751e-29 3.184446754344838954e-22
6.820290735473419398e-29 3.190559193015790302e-22
6.841368833787842392e-29 3.196683364231537917e-22
6.862512073933570455e-29 3.202819290512744712e-22
6.883720657231339060e-29 3.208966994423303107e-22
6.904994785624059081e-29 3.215126498570374530e-22
6.926334661678693404e-29 3.221297825604563388e-22
6.947740488588404844e-29 3.227480998219907665e-22
6.969212470174156984e-29 3.233676039154079225e-22
6.990750810886875541e-29 3.239882971188304817e-22
7.012355715809345161e-29 3.246101817147656662e-22
7.034027390658155543e-29 3.252332599900885527e-22
7.055766041785663258e-29 3.258575342360778552e-22
7.077571876181958051e-29 3.264830067483991851e-22
7.099445101476775329e-29 3.271096798271294554e-22
7.121385925941699010e-29 3.277375557767679768e-22
7.143394558491807200e-29 3.283666369062214113e-22
7.165471208687886249e-29 3.289969255288495699e-22
7.187616086738366785e-29 3.296284239624298184e-22
7.209829403501333735e-29 3.302611345292120433e-22
7.232111370486463479e-29 3.308950595558852212e-22
7.254462199857286109e-29 3.315302013736117427e-22
7.276882104432840081e-29 3.321665623180359704e-22
7.299371297689944561e-29 3.328041447292717317e-22
7.321929993765163484e-29 3.334429509519390878e-22
7.344558407456854812e-29 3.340829833351446800e-22
7.367256754227206344e-29 3.347242442325187807e-22
7.390025250204233403e-29 3.353667360021978025e-22
7.412864112184074727e-29 3.360104610068521339e-22
7.435773557632696444e-29 3.366554216136898064e-22
7.458753804688203658e-29 3.373016201944512287e-22
7.481805072162856075e-29 3.379490591254438873e-22
7.504927579545152012e-29 3.385977407875249018e-22
7.528121547001859722e-29 3.392476675661265571e-22
7.551387195380353639e-29 3.398988418512674937e-22
7.574724746210355350e-29 3.405512660375397776e-22
7.598134421706282169e-29 3.412049425241443058e-22
7.621616444769306491e-29 3.418598737148802274e-22
7.645171038989477912e-29 3.425160620181684059e-22
7.668798428647846483e-29 3.431735098470431440e-22
7.692498838718606129e-29 3.438322196191807247e-22
7.716272494871169697e-29 3.444921937568886435e-22
7.740119623472569099e-29 3.451534346871315636e-22
7.764040451589235519e-29 3.458159448415355943e-22
7.788035206989407408e-29 3.464797266563822732e-22
7.812104118145247003e-29 3.471447825726471684e-22
7.836247414235005053e-29 3.478111150359743477e-22
7.860465325145145188e-29 3.484787264967099502e-22
7.884758081472785540e-29 3.491476194099113084e-22
7.909125914527512587e-29 3.498177962353361333e-22
7.933569056333839587e-29 3.504892594374715261e-22
7.958087739633351130e-29 3.511620114855303102e-22
7.982682197886918303e-29 3.518360548534728486e-22
8.007352665276922840e-29 3.525113920200036586e-22
8.032099376709487984e-29 3.531880254685777591e-22
8.056922567816647695e-29 3.538659576874327383e-22
8.081822474958852179e-29 3.545451911695774691e-22
8.106799335226827682e-29 3.552257284127964818e-22
8.131853386444095473e-29 3.559075719196842412e-22
8.156984867169166831e-29 3.565907241976292077e-22
8.182194016697754860e-29 3.572751877588330203e-22
8.207481075065313636e-29 3.579609651203299639e-22
8.232846283048926043e-29 3.586480588039734736e-22
8.258289882169863097e-29 3.593364713364655700e-22
8.283812114695819305e-29 3.600262052493535199e-22
8.309413223643214151e-29 3.607172630790544756e-22
8.335093452779509289e-29 3.614096473668366191e-22
8.360853046625532450e-29 3.621033606588669817e-22
8.386692250457729615e-29 3.627984055061822918e-22
8.412611310310781515e-29 3.634947844647291294e-22
8.438610472979532942e-29 3.641925000953581431e-22
8.464689986021615976e-29 3.648915549638279994e-22
8.490850097759739152e-29 3.655919516408330304e-22
8.517091057284051723e-29 3.662936927019946766e-22
8.543413114454446281e-29 3.669967807278810465e-22
8.569816519903216735e-29 3.677012183040167912e-22
8.596301525037024616e-29 3.684070080208844678e-22
8.622868382039576115e-29 3.691141524739499771e-22
8.649517343873948240e-29 3.698226542636431446e-22
8.676248664285001292e-29 3.705325159954067148e-22
8.703062597801793582e-29 3.712437402796665410e-22
8.729959399740003994e-29 3.719563297318752663e-22
8.756939326204292895e-29 3.726702869724905537e-22
8.784002634091028500e-29 3.733856146270134544e-22
8.811149581090299139e-29 3.741023153259851160e-22
8.838380425688657555e-29 3.748203917049804820e-22
8.865695427171508721e-29 3.755398464046550766e-22
8.893094845625577246e-29 3.762606820707174982e-22
8.920578941941315363e-29 3.769829013539605460e-22
8.948147977815670777e-29 3.777065069102709539e-22
8.975802215754151617e-29 3.784315014006229479e-22
9.003541919073608856e-29 3.791578874911124771e-22
9.031367351904674566e-29 3.798856678529345031e-22
9.059278779194276413e-29 3.806148451624359439e-22
9.087276466708159992e-29 3.813454221010743910e-22
9.115360681033343901e-29 3.820774013554791878e-22
9.143531689580958213e-29 3.828107856174262739e-22
9.171789760588344179e-29 3.835455775838505987e-22
9.200135163121902792e-29 3.842817799568833609e-22
9.228568167079584610e-29 3.850193954438264766e-22
9.257089043193460298e-29 3.857584267571871391e-22
9.285698063032221670e-29 3.864988766146741511e-22
9.314395499004069478e-29 3.872407477392187545e-22
9.343181624358854603e-29 3.879840428589793328e-22
9.372056713190983782e-29 3.887287647073430091e-22
9.401021040441949795e-29 3.894749160229551280e-22
9.430074881902951333e-29 3.902224995497099455e-22
9.459218514217522955e-29 3.909715180367773831e-22
9.488452214884162800e-29 3.917219742385935771e-22
9.517776262258898648e-29 3.924738709148907363e-22
9.547190935558253068e-29 3.932272108306985519e-22
9.576696514861433924e-29 3.939819967563464081e-22
9.606293281113308494e-29 3.947382314674956376e-22
9.635981516127006520e-29 3.954959177451190204e-22
9.665761502586599495e-29 3.962550583755475222e-22
9.695633524049712676e-29 3.970156561504384146e-22
9.725597864950547412e-29 3.977777138668247869e-22
9.755654810602107521e-29 3.985412343271091516e-22
9.785804647199237310e-29 3.993062203390622216e-22
9.816047661821263860e-29 4.000726747158532854e-22
9.846384142434734602e-29 4.008406002760461631e-22
9.876814377896156021e-29 4.016099998436209763e-22
9.907338657954665082e-29 4.023808762479761237e-22
9.937957273255108732e-29 4.031532323239413990e-22
9.968670515340331935e-29 4.039270709117914854e-22
9.999478676654270619e-29 4.047023948572503293e-22
1.003038205054466011e-28 4.054792070115020010e-22
1.006138093126582314e-28 4.062575102312123243e-22
1.009247561398139736e-28 4.070373073785136887e-22
1.012366639476746639e-28 4.078186013210616619e-22
1.015495357061489155e-28 4.086013949319936584e-22
1.018633743943246652e-28 4.093856910899623717e-22
1.021781830004966945e-28 4.101714926791611640e-22
1.024939645221951264e-28 4.109588025893024377e-22
1.028107219662139226e-28 4.117476237156634795e-22
1.031284583486395813e-28 4.125379589590677936e-22
1.034471766948789401e-28 4.133298112259103040e-22
1.037668800396913710e-28 4.141231834281711788e-22
1.040875714272126596e-28 4.149180784834059087e-22
1.044092539109872903e-28 4.157144993147882361e-22
1.047319305539967864e-28 4.165124488510857519e-22
1.050556044286887451e-28 4.173119300267119466e-22
1.053802786170053565e-28 4.181129457816837507e-22
1.057059562104160710e-28 4.189154990616826614e-22
1.060326403099420152e-28 4.197195928180479241e-22
1.063603340261887712e-28 4.205252300077634138e-22
1.066890404793753667e-28 4.213324135935103449e-22
1.070187627993637582e-28 4.221411465436422560e-22
1.073495041256888078e-28 4.229514318322259645e-22
1.076812676075880353e-28 4.237632724390164579e-22
1.080140564040308552e-28 4.245766713495128474e-22
1.083478736837520953e-28 4.253916315549303911e-22
1.086827226252769068e-28 4.262081560522264490e-22
1.090186064169545517e-28 4.270262478441206544e-22
1.093555282569878644e-28 4.278459099390844752e-22
1.096934913534637433e-28 4.286671453513770438e-22
1.100324989243827694e-28 4.294899571010346238e-22
1.103725541976934644e-28 4.303143482138970356e-22
1.107136604113175595e-28 4.311403217216127343e-22
1.110558208131845456e-28 4.319678806616376816e-22
1.113990386612616277e-28 4.327970280772799199e-22
1.117433172235847098e-28 4.336277670176685398e-22
1.120886597782895830e-28 4.344601005378011700e-22
1.124350696136422154e-28 4.352940316985305295e-22
1.127825500280736614e-28 4.361295635665916049e-22
1.131311043302060474e-28 4.369666992146064467e-22
1.134807358388877277e-28 4.378054417210861441e-22
1.138314478832239111e-28 4.386457941704639267e-22
1.141832438026084535e-28 4.394877596530816231e-22
1.145361269467545970e-28 4.403313412652292513e-22
1.148901006757307086e-28 4.411765421091279975e-22
1.152451683599866691e-28 4.420233652929511873e-22
1.156013333803896349e-28 4.428718139308577635e-22
1.159585991282552918e-28 4.437218911429625694e-22
1.163169690053802535e-28 4.445736000553891055e-22
1.166764464240743027e-28 4.454269438002431040e-22
1.170370348071930354e-28 4.462819255156586082e-22
1.173987375881693850e-28 4.471385483457874403e-22
1.177615582110501674e-28 4.479968154408141536e-22
1.181255001305231664e-28 4.488567299569833037e-22
1.184905668119538130e-28 4.497182950565791363e-22
1.188567617314172701e-28 4.505815139079757101e-22
1.192240883757314584e-28 4.514463896856101898e-22
1.195925502424894091e-28 4.523129255700263860e-22
1.199621508400962811e-28 4.531811247478799278e-22
1.203328936877971400e-28 4.540509904119248147e-22
1.207047823157141544e-28 4.549225257610632581e-22
1.210778202648793748e-28 4.557957340003157762e-22
1.214520110872683875e-28 4.566706183408843890e-22
1.218273583458342146e-28 4.575471820001099241e-22
1.222038656145400707e-28 4.584254282015158392e-22
1.225815364783976131e-28 4.593053601748298510e-22
1.229603745334948775e-28 4.601869811559571343e-22
1.233403833870346407e-28 4.610702943870342066e-22
1.237215666573677595e-28 4.619553031164084270e-22
1.241039279740275872e-28 4.628420105986560524e-22
1.244874709777634699e-28 4.637304200946245550e-22
1.248721993205796468e-28 4.646205348714077958e-22
1.252581166657637018e-28 4.655123582023645507e-22
1.256452266879256882e-28 4.664058933671544332e-22
1.260335330730320284e-28 4.673011436517126920e-22
1.264230395184406254e-28 4.681981123482991117e-22
1.268137497329360182e-28 4.690968027554871041e-22
1.272056674367647842e-28 4.699972181781822337e-22
1.275987963616698656e-28 4.708993619276343494e-22
1.279931402509302540e-28 4.718032373214465176e-22
1.283887028593904516e-28 4.727088476836071845e-22
1.287854879535003124e-28 4.736161963444593302e-22
1.291834993113499070e-28 4.745252866407587740e-22
1.295827407227054628e-28 4.754361219156604442e-22
1.299832159890444751e-28 4.763487055187370922e-22
1.303849289235960419e-28 4.772630408059947148e-22
1.307878833513708631e-28 4.781791311398718020e-22
1.311920831092018670e-28 4.790969798892786454e-22
1.315975320457797468e-28 4.800165904295756154e-22
1.320042340216895293e-28 4.809379661426131275e-22
1.324121929094474122e-28 4.818611104167301381e-22
1.328214125935365025e-28 4.827860266467700370e-22
1.332318969704481385e-28 4.837127182340970102e-22
1.336436499487125160e-28 4.846411885865976389e-22
1.340566754489402119e-28 4.855714411187074182e-22
1.344709774038584613e-28 4.865034792514098170e-22
1.348865597583485322e-28 4.874373064122692858e-22
1.353034264694823393e-28 4.883729260354057721e-22
1.357215815065643480e-28 4.893103415615559399e-22
1.361410288511628740e-28 4.902495564380513529e-22
1.365617724971523691e-28 4.911905741188376579e-22
1.369838164507503251e-28 4.921333980645015750e-22
1.374071647305554797e-28 4.930780317422557567e-22
1.378318213675860208e-28 4.940244786259929547e-22
1.382577904053179935e-28 4.949727421962505672e-22
1.386850758997226533e-28 4.959228259402648055e-22
1.391136819193096706e-28 4.968747333519594093e-22
1.395436125451590136e-28 4.978284679319583421e-22
1.399748718709643316e-28 4.987840331876266985e-22
1.404074640030708471e-28 4.997414326330381660e-22
1.408413930605144793e-28 5.007006697890296628e-22
1.412766631750597805e-28 5.016617481831832815e-22
1.417132784912440599e-28 5.026246713498669146e-22
1.421512431664098044e-28 5.035894428302299282e-22
1.425905613707489367e-28 5.045560661722051377e-22
1.430312372873413123e-28 5.055245449305616570e-22
1.434732751121946728e-28 5.064948826668672834e-22
1.439166790542843984e-28 5.074670829495450151e-22
1.443614533355937980e-28 5.084411493538538672e-22
1.448076021911529862e-28 5.094170854619303430e-22
1.452551298690840173e-28 5.103948948627879641e-22
1.457040406306341568e-28 5.113745811523043865e-22
1.461543387502212842e-28 5.123561479333003943e-22
1.466060285154733083e-28 5.133395988154728495e-22
1.470591142272690851e-28 5.143249374154813018e-22
1.475136001997781254e-28 5.153121673569022862e-22
1.479694907605064671e-28 5.163012922702905422e-22
1.484267902503307105e-28 5.172923157931558802e-22
1.488855030235440927e-28 5.182852415699909233e-22
1.493456334478968451e-28 5.192800732522991310e-22
1.498071859046376716e-28 5.202768144985721355e-22
1.502701647885555413e-28 5.212754689743426862e-22
1.507345745080202923e-28 5.222760403521695094e-22
1.512004194850294912e-28 5.232785323116688112e-22
1.516677041552432075e-28 5.242829485395243401e-22
1.521364329680311201e-28 5.252892927294747853e-22
1.526066103865137261e-28 5.262975685823796989e-22
1.530782408876047391e-28 5.273077798061804692e-22
1.535513289620525223e-28 5.283199301159406636e-22
1.540258791144878675e-28 5.293340232338741467e-22
1.545018958634593749e-28 5.303500628893180906e-22
1.549793837414814335e-28 5.313680528187687102e-22
1.554583472950761483e-28 5.323879967659214180e-22
1.559387910848167016e-28 5.334098984816210773e-22
1.564207196853706703e-28 5.344337617239504931e-22
1.569041376855436566e-28 5.354595902581728602e-22
1.573890496883216857e-28 5.364873878568025748e-22
1.578754603109201054e-28 5.375171582995919752e-22
1.583633741848199977e-28 5.385489053735383942e-22
1.588527959558171905e-28 5.395826328729277942e-22
1.593437302840654845e-28 5.406183445993112567e-22
1.598361818441207331e-28 5.416560443615488990e-22
1.603301553249842933e-28 5.426957359758053604e-22
1.608256554301527779e-28 5.437374232655786721e-22
1.613226868776549594e-28 5.447811100617070283e-22
1.618212544001020830e-28 5.458268002023748045e-22
1.623213627447314296e-28 5.468744975331424624e-22
1.628230166734516734e-28 5.479242059069489946e-22
1.633262209628881043e-28 5.489759291841258424e-22
1.638309804044268867e-28 5.500296712324231333e-22
1.643372998042659321e-28 5.510854359270157931e-22
1.648451839834527009e-28 5.521432271505063673e-22
1.653546377779354108e-28 5.532030487929703482e-22
1.658656660386078117e-28 5.542649047519315364e-22
1.663782736313552825e-28 5.553287989324075559e-22
1.668924654370998968e-28 5.563947352469047763e-22
1.674082463518522378e-28 5.574627176154522606e-22
1.679256212867500061e-28 5.585327499655923618e-22
1.684445951681100589e-28 5.596048362324154228e-22
1.689651729374740139e-28 5.606789803585578024e-22
1.694873595516553996e-28 5.617551862942367630e-22
1.700111599827866723e-28 5.628334579972367419e-22
1.705365792183667254e-28 5.639137994329521384e-22
1.710636222613068745e-28 5.649962145743815778e-22
1.715922941299841517e-28 5.660807074021708875e-22
1.721225998582806536e-28 5.671672819045754809e-22
1.726545444956370827e-28 5.682559420775310756e-22
1.731881331070994495e-28 5.693466919246367658e-22
1.737233707733672326e-28 5.704395354571770278e-22
1.742602625908404844e-28 5.715344766941329108e-22
1.747988136716737982e-28 5.726315196622172074e-22
1.753390291438167551e-28 5.737306683958522605e-22
1.758809141510681600e-28 5.748319269372137857e-22
1.764244738531237978e-28 5.759352993362453533e-22
1.769697134256254227e-28 5.770407896506488903e-22
1.775166380602101736e-28 5.781484019459324526e-22
1.780652529645598552e-28 5.792581402953964013e-22
1.786155633624492098e-28 5.803700087801606736e-22
1.791675744938014308e-28 5.814840114891963809e-22
1.797212916147292381e-28 5.826001525193076585e-22
1.802767199975908626e-28 5.837184359751675891e-22
1.808338649310387886e-28 5.848388659693292053e-22
1.813927317200685196e-28 5.859614466222362099e-22
1.819533256860751454e-28 5.870861820622589934e-22
1.825156521668950227e-28 5.882130764256725346e-22
1.830797165168626113e-28 5.893421338567050189e-22
1.836455241068598902e-28 5.904733585075357696e-22
1.842130803243675659e-28 5.916067545383114225e-22
1.847823905735163715e-28 5.927423261171773355e-22
1.853534602751384328e-28 5.938800774202721337e-22
1.859262948668174907e-28 5.950200126317431325e-22
1.865008998029466570e-28 5.961621359437911001e-22
1.870772805547713054e-28 5.973064515566435502e-22
1.876554426104471417e-28 5.984529636786084389e-22
1.882353914750910982e-28 5.996016765260551683e-22
1.888171326708335749e-28 6.007525943234647101e-22
1.894006717368696479e-28 6.019057213034150288e-22
1.899860142295178348e-28 6.030610617066180398e-22
1.905731657222638596e-28 6.042186197819223365e-22
1.911621318058197765e-28 6.053783997863334084e-22
1.917529180881758068e-28 6.065404059850286879e-22
1.923455301946536105e-28 6.077046426513738186e-22
1.929399737679599170e-28 6.088711140669423104e-22
1.935362544682401776e-28 6.100398245215230617e-22
1.941343779731310083e-28 6.112107783131313627e-22
1.947343499778204563e-28 6.123839797480552567e-22
1.953361761950928195e-28 6.135594331408323122e-22
1.959398623553892719e-28 6.147371428142873330e-22
1.965454142068609789e-28 6.159171130995480625e-22
1.971528375154237140e-28 6.170993483360480994e-22
1.977621380648112203e-28 6.182838528715604691e-22
1.983733216566366656e-28 6.194706310622000697e-22
1.989863941104382917e-28 6.206596872724404099e-22
1.996013612637411830e-28 6.218510258751466179e-22
2.002182289721113235e-28 6.230446512515696103e-22
2.008370031092113345e-28 6.242405677913671573e-22
2.014576895668563249e-28 6.254387798926279567e-22
2.020802942550683960e-28 6.266392919618885609e-22
2.027048231021396440e-28 6.278421084141450379e-22
2.033312820546783917e-28 6.290472336728554167e-22
2.039596770776727510e-28 6.302546721699876467e-22
2.045900141545455545e-28 6.314644283460044580e-22
2.052222992872114380e-28 6.326765066499021054e-22
2.058565384961321756e-28 6.338909115392086757e-22
2.064927378203809373e-28 6.351076474800232081e-22
2.071309033176894625e-28 6.363267189470046920e-22
2.077710410645127213e-28 6.375481304234071429e-22
2.084131571560848321e-28 6.387718864010910763e-22
2.090572577064772659e-28 6.399979913805447597e-22
2.097033488486571403e-28 6.412264498708916422e-22
2.103514367345452892e-28 6.424572663899117953e-22
2.110015275350734809e-28 6.436904454640486842e-22
2.116536274402498865e-28 6.449259916284633340e-22
2.123077426592076432e-28 6.461639094269997232e-22
2.129638794202709511e-28 6.474042034122252214e-22
2.136220439710127394e-28 6.486468781454513711e-22
2.142822425783139466e-28 6.498919381967509096e-22
2.149444815284215905e-28 6.511393881449652915e-22
2.156087671270154924e-28 6.523892325777262245e-22
2.162751056992580963e-28 6.536414760914772038e-22
2.169435035898612825e-28 6.548961232914763338e-22
2.176139671631454687e-28 6.561531787918320626e-22
2.182865028030997877e-28 6.574126472155059096e-22
2.189611169134432511e-28 6.586745331943344707e-22
2.196378159176836711e-28 6.599388413690416431e-22
2.203166062591861335e-28 6.612055763892742666e-22
2.209974944012234445e-28 6.624747429135914030e-22
2.216804868270451419e-28 6.637463456095045852e-22
2.223655900399369996e-28 6.650203891534812963e-22
2.230528105632833578e-28 6.662968782309665989e-22
2.237421549406271206e-28 6.675758175363955485e-22
2.244336297357396641e-28 6.688572117732298685e-22
2.251272415326719557e-28 6.701410656539509917e-22
2.258229969358250452e-28 6.714273839000777394e-22
2.265209025700106458e-28 6.727161712422170090e-22
2.272209650805145842e-28 6.740074324200379129e-22
2.279231911331599386e-28 6.753011721823087363e-22
2.286275874143703990e-28 6.765973952869287220e-22
2.293341606312322383e-28 6.778961065009117084e-22
2.300429175115656108e-28 6.791973106004470663e-22
2.307538648039772854e-28 6.805010123708694187e-22
2.314670092779325270e-28 6.818072166067142179e-22
2.321823577238176500e-28 6.831159281117166171e-22
2.328999169530045906e-28 6.844271516988336638e-22
2.336196937979138640e-28 6.857408921902622612e-22
2.343416951120874321e-28 6.870571544174615499e-22
2.350659277702423341e-28 6.883759432211609007e-22
2.357923986683437329e-28 6.896972634513778770e-22
2.365211147236688598e-28 6.910211199674508657e-22
2.372520828748727966e-28 6.923475176380468829e-22
2.379853100820544377e-28 6.936764613411646772e-22
2.387208033268229451e-28 6.950079559641875799e-22
2.394585696123620963e-28 6.963420064038665776e-22
2.401986159635049006e-28 6.976786175663631008e-22
2.409409494267887988e-28 6.990177943672523146e-22
2.416855770705303693e-28 7.003595417315511429e-22
2.424325059848909315e-28 7.017038645937163877e-22
2.431817432819438978e-28 7.030507678976976729e-22
2.439332960957404661e-28 7.044002565969209877e-22
2.446871715823857163e-28 7.057523356543316629e-22
2.454433769200945724e-28 7.071070100423926777e-22
2.462019193092683469e-28 7.084642847431280121e-22
2.469628059725610170e-28 7.098241647481108921e-22
2.477260441549482354e-28 7.111866550585022518e-22
2.484916411237962966e-28 7.125517606850691651e-22
2.492596041689291753e-28 7.139194866481877610e-22
2.500299406027061467e-28 7.152898379778827201e-22
2.508026577600792292e-28 7.166628197138298139e-22
2.515777629986711181e-28 7.180384369053798844e-22
2.523552636988433007e-28 7.194166946115823547e-22
2.531351672637661883e-28 7.207975979011888959e-22
2.539174811194875887e-28 7.221811518526867174e-22
2.547022127150118076e-28 7.235673615543180332e-22
2.554893695223579868e-28 7.249562321040879607e-22
2.562789590366396533e-28 7.263477686097886895e-22
2.570709887761339097e-28 7.277419761890233673e-22
2.578654662823531363e-28 7.291388599692092968e-22
2.586623991201167369e-28 7.305384250876177148e-22
2.594617948776232445e-28 7.319406766913719116e-22
2.602636611665202291e-28 7.333456199374761947e-22
2.610680056219855059e-28 7.347532599928614042e-22
2.618748359027870882e-28 7.361636020343517168e-22
2.626841596913643955e-28 7.375766512487041427e-22
2.634959846938995519e-28 7.389924128326542282e-22
2.643103186403904774e-28 7.404108919929033607e-22
2.651271692847225449e-28 7.418320939461436895e-22
2.659465444047510438e-28 7.432560239190924497e-22
2.667684518023621645e-28 7.446826871485011784e-22
2.675928993035560002e-28 7.461120888811640839e-22
2.684198947585188311e-28 7.475442343739534050e-22
2.692494460416980104e-28 7.489791288938387829e-22
2.700815610518768044e-28 7.504167777178904586e-22
2.709162477122473945e-28 7.518571861333201799e-22
2.717535139704954041e-28 7.533003594374899475e-22
2.725933677988618688e-28 7.547463029379209485e-22
2.734358171942284360e-28 7.561950219523288210e-22
2.742808701781910841e-28 7.576465218086435909e-22
2.751285347971363532e-28 7.591008078450125870e-22
2.759788191223160960e-28 7.605578854098424766e-22
2.768317312499329906e-28 7.620177598618073530e-22
2.776872793012042603e-28 7.634804365698525908e-22
2.785454714224480386e-28 7.649459209132524927e-22
2.794063157851586132e-28 7.664142182815975937e-22
2.802698205860842708e-28 7.678853340748196758e-22
2.811359940473053664e-28 7.693592737032282555e-22
2.820048444163124823e-28 7.708360425875138747e-22
2.828763799660828377e-28 7.723156461587735860e-22
2.837506089951682233e-28 7.737980898585311708e-22
2.846275398277601109e-28 7.752833791387621540e-22
2.855071808137781712e-28 7.767715194619035839e-22
2.863895403289475350e-28 7.782625163008732168e-22
2.872746267748784775e-28 7.797563751391069439e-22
2.881624485791440384e-28 7.812531014705620836e-22
2.890530141953698395e-28 7.827527007997488840e-22
2.899463321033002265e-28 7.842551786417335326e-22
2.908424108088885796e-28 7.857605405221816024e-22
2.917412588443760101e-28 7.872687919773552309e-22
2.926428847683723898e-28 7.887799385541619261e-22
2.935472971659380067e-28 7.902939858101356655e-22
2.944545046486652220e-28 7.918109393134964220e-22
2.953645158547581085e-28 7.933308046431542084e-22
2.962773394491244654e-28 7.948535873887178231e-22
2.971929841234435741e-28 7.963792931505441261e-22
2.981114585962587958e-28 7.979079275397187618e-22
2.990327716130581517e-28 7.994394961781163434e-22
2.999569319463551727e-28 8.009740046983930247e-22
3.008839483957820796e-28 8.025114587440413244e-22
3.018138297881590637e-28 8.040518639693594697e-22
3.027465849775880057e-28 8.055952260395180700e-22
3.036822228455344457e-28 8.071415506305520297e-22
3.046207523009120199e-28 8.086908434294045588e-22
3.055621822801673461e-28 8.102431101339367645e-22
3.065065217473650876e-28 8.117983564529368676e-22
3.074537796942709551e-28 8.133565881061584763e-22
3.084039651404470398e-28 8.149178108243417452e-22
3.093570871333230221e-28 8.164820303492173248e-22
3.103131547482920422e-28 8.180492524335558265e-22
3.112721770887948235e-28 8.196194828411548451e-22
3.122341632864061715e-28 8.211927273468772327e-22
3.131991225009194555e-28 8.227689917366897495e-22
3.141670639204441389e-28 8.243482818076556338e-22
3.151379967614777949e-28 8.259306033679612161e-22
3.161119302690040401e-28 8.275159622369610574e-22
3.170888737165782717e-28 8.291043642451581071e-22
3.180688364064156469e-28 8.306958152342724463e-22
3.190518276694798689e-28 8.322903210572211625e-22
3.200378568655720178e-28 8.338878875781696960e-22
3.210269333834168711e-28 8.354885206725237520e-22
3.220190666407630344e-28 8.370922262269982318e-22
3.230142660844567511e-28 8.386990101395856355e-22
3.240125411905423470e-28 8.403088783196135199e-22
3.250139014643497611e-28 8.419218366877358475e-22
3.260183564405853500e-28 8.435378911759973087e-22
3.270259156834195528e-28 8.451570477278068975e-22
3.280365887865890406e-28 8.467793122980198193e-22
3.290503853734718704e-28 8.484046908528872742e-22
3.300673150971897690e-28 8.500331893701205918e-22
3.310873876406974125e-28 8.516648138389251794e-22
3.321106127168746652e-28 8.532995702599866045e-22
3.331370000686190432e-28 8.549374646455161093e-22
3.341665594689357111e-28 8.565785030192739332e-22
3.351993007210415594e-28 8.582226914165781522e-22
3.362352336584419283e-28 8.598700358843338311e-22
3.372743681450355817e-28 8.615205424810610473e-22
3.383167140752053770e-28 8.631742172768986526e-22
3.393622813739130154e-28 8.648310663536448979e-22
3.404110799967902491e-28 8.664910958047743609e-22
3.414631199302452461e-28 8.681543117354719877e-22
3.425184111915406588e-28 8.698207202626253821e-22
3.435769638289003024e-28 8.714903275148708848e-22
3.446387879216020664e-28 8.731631396326174593e-22
3.457038935800737413e-28 8.748391627680434950e-22
3.467722909459895170e-28 8.765184030851697812e-22
3.478439901923662582e-28 8.782008667598194470e-22
3.489190015236577164e-28 8.798865599796909354e-22
3.499973351758631359e-28 8.815754889443557466e-22
3.510790014166074307e-28 8.832676598652932327e-22
3.521640105452505079e-28 8.849630789658954876e-22
3.532523728929824220e-28 8.866617524815147431e-22
3.543440988229217120e-28 8.883636866594614880e-22
3.554391987302113175e-28 8.900688877590522400e-22
3.565376830421289787e-28 8.917773620516142480e-22
3.576395622181692519e-28 8.934891158205206630e-22
3.587448467501545364e-28 8.952041553611948633e-22
3.598535471623323814e-28 8.969224869811527730e-22
3.609656740114753927e-28 8.986441170000322018e-22
3.620812378869818571e-28 9.003690517495779870e-22
3.632002494109736764e-28 9.020972975737036837e-22
3.643227192384092336e-28 9.038288608285209045e-22
3.654486580571672018e-28 9.055637478823120486e-22
3.665780765881600828e-28 9.073019651155983862e-22
3.677109855854333071e-28 9.090435189211567974e-22
3.688473958362676969e-28 9.107884157040242864e-22
3.699873181612791488e-28 9.125366618815472582e-22
3.711307634145336971e-28 9.142882638833926149e-22
3.722777424836327129e-28 9.160432281515579123e-22
3.734282662898289091e-28 9.178015611404208249e-22
3.745823457881268304e-28 9.195632693167376405e-22
3.757399919673876929e-28 9.213283591596927258e-22
3.769012158504336404e-28 9.230968371609026639e-22
3.780660284941528982e-28 9.248687098244467228e-22
3.792344409896018771e-28 9.266439836668845353e-22
3.804064644621230620e-28 9.284226652173125223e-22
3.815821100714327215e-28 9.302047610173287225e-22
3.827613890117390663e-28 9.319902776211099043e-22
3.839443125118461910e-28 9.337792215954093091e-22
3.851308918352606181e-28 9.355715995195865562e-22
3.863211382802957787e-28 9.373674179856266380e-22
3.875150631801917393e-28 9.391666835981959684e-22
3.887126779032046612e-28 9.409694029746010049e-22
3.899139938527273788e-28 9.427755827448924445e-22
3.911190224673948672e-28 9.445852295518161352e-22
3.923277752211931624e-28 9.463983500508975234e-22
3.935402636235686849e-28 9.482149509104194605e-22
3.947564992195378325e-28 9.500350388114733607e-22
3.959764935897934790e-28 9.518586204479704853e-22
3.972002583508285126e-28 9.536857025267004359e-22
3.984278051550266848e-28 9.555162917673016252e-22
3.996591456907867321e-28 9.573503949023193941e-22
4.008942916826303542e-28 9.591880186772251957e-22
4.021332548913140041e-28 9.610291698504399166e-22
4.033760471139371804e-28 9.628738551933598325e-22
4.046226801840683424e-28 9.647220814903882048e-22
4.058731659718377769e-28 9.665738555389527727e-22
4.071275163840635133e-28 9.684291841495038717e-22
4.083857433643615892e-28 9.702880741456082854e-22
4.096478588932599025e-28 9.721505323639050472e-22
4.109138749883121098e-28 9.740165656541725839e-22
4.121838037042086532e-28 9.758861808793183719e-22
4.134576571329051871e-28 9.777593849154400626e-22
4.147354474037172833e-28 9.796361846512998013e-22
4.160171866834497543e-28 9.815165869884289876e-22
4.173028871765086669e-28 9.834005988415540861e-22
4.185925611250178412e-28 9.852882271387053364e-22
4.198862208089320305e-28 9.871794788211733064e-22
4.211838785461674099e-28 9.890743608435963498e-22
4.224855466926983447e-28 9.909728801739449948e-22
4.237912376426887760e-28 9.928750437935539180e-22
4.251009638286067462e-28 9.947808586971755466e-22
4.264147377213429598e-28 9.966903318929714072e-22
4.277325718303290754e-28 9.986034704025444750e-22
4.290544787036574330e-28 1.000520281260992965e-21
4.303804709281967449e-28 1.002440771516893779e-21
4.317105611297257236e-28 1.004364948232364764e-21
4.330447619730325403e-28 1.006292818483074865e-21
4.343830861620497083e-28 1.008224389358257289e-21
4.357255464399706712e-28 1.010159667960763302e-21
4.370721555893722202e-28 1.012098661407067112e-21
4.384229264323317995e-28 1.014041376827299539e-21
4.397778718305643628e-28 1.015987821365287700e-21
4.411370046855229980e-28 1.017938002178539021e-21
4.425003379385365004e-28 1.019891926438324554e-21
4.438678845709289211e-28 1.021849601329662056e-21
4.452396576041427911e-28 1.023811034051357735e-21
4.466156700998635117e-28 1.025776231816031082e-21
4.479959351601399786e-28 1.027745201850150416e-21
4.493804659275240389e-28 1.029717951394043228e-21
4.507692755851732678e-28 1.031694487701931353e-21
4.521623773569917714e-28 1.033674818041971782e-21
4.535597845077518868e-28 1.035658949696238982e-21
4.549615103432208138e-28 1.037646889960803892e-21
4.563675682102834816e-28 1.039638646145737680e-21
4.577779714970845171e-28 1.041634225575132250e-21
4.591927336331333527e-28 1.043633635587134090e-21
4.606118680894470925e-28 1.045636883533977941e-21
4.620353883786749022e-28 1.047643976782000152e-21
4.634633080552269733e-28 1.049654922711672718e-21
4.648956407154031290e-28 1.051669728717637328e-21
4.663323999975226853e-28 1.053688402208718714e-21
4.677735995820503658e-28 1.055710950607950232e-21
4.692192531917416783e-28 1.057737381352633105e-21
4.706693745917510724e-28 1.059767701894324389e-21
4.721239775897776746e-28 1.061801919698880792e-21
4.735830760361934458e-28 1.063840042246492909e-21
4.750466838241750147e-28 1.065882077031689540e-21
4.765148148898318358e-28 1.067928031563397321e-21
4.779874832123545247e-28 1.069977913364950685e-21
4.794647028141247199e-28 1.072031729974114244e-21
4.809464877608642262e-28 1.074089488943116460e-21
4.824328521617647857e-28 1.076151197838678039e-21
4.839238101696226926e-28 1.078216864242047482e-21
4.854193759809732276e-28 1.080286495749013308e-21
4.869195638362224030e-28 1.082360099969932079e-21
4.884243880197977193e-28 1.084437684529794791e-21
4.899338628602611665e-28 1.086519257068193210e-21
4.914480027304607885e-28 1.088604825239387200e-21
4.929668220476640413e-28 1.090694396712331247e-21
4.944903352736947398e-28 1.092787979170689126e-21
4.960185569150673130e-28 1.094885580312860608e-21
4.975515015231402519e-28 1.096987207852041461e-21
4.990891836942309935e-28 1.099092869516220437e-21
5.006316180697710727e-28 1.101202573048200524e-21
5.021788193364411848e-28 1.103316326205649545e-21
5.037308022263112707e-28 1.105434136761130057e-21
5.052875815169806020e-28 1.107556012502111013e-21
5.068491720317187627e-28 1.109681961231005381e-21
5.084155886396023260e-28 1.111811990765205687e-21
5.099868462556732351e-28 1.113946108937097369e-21
5.115629598410558395e-28 1.116084323594103545e-21
5.131439444031162616e-28 1.118226642598697794e-21
5.147298149956003299e-28 1.120373073828433128e-21
5.163205867187780578e-28 1.122523625176002172e-21
5.179162747195820249e-28 1.124678304549227574e-21
5.195168941917695245e-28 1.126837119871097929e-21
5.211224603760412134e-28 1.129000079079828903e-21
5.227329885602033495e-28 1.131167190128853453e-21
5.243484940793092216e-28 1.133338460986865652e-21
5.259689923158049743e-28 1.135513899637850778e-21
5.275944986996762398e-28 1.137693514081123120e-21
5.292250287085950388e-28 1.139877312331329739e-21
5.308605978680626456e-28 1.142065302418513474e-21
5.325012217515750537e-28 1.144257492388134010e-21
5.341469159807449447e-28 1.146453890301057152e-21
5.357976962254680501e-28 1.148654504233648492e-21
5.374535782040679004e-28 1.150859342277747268e-21
5.391145776834452368e-28 1.153068412540727861e-21
5.407807104792241948e-28 1.155281723145538353e-21
5.424519924559202804e-28 1.157499282230688679e-21
5.441284395270650300e-28 1.159721097950330938e-21
5.458100676553751523e-28 1.161947178474230424e-21
5.474968928528999679e-28 1.164177531987862869e-21
5.491889311811740491e-28 1.166412166692393562e-21
5.508861987513703996e-28 1.168651090804717222e-21
5.525887117244486101e-28 1.170894312557520253e-21
5.542964863113276784e-28 1.173141840199269839e-21
5.560095387730124619e-28 1.175393681994252681e-21
5.577278854207673046e-28 1.177649846222646848e-21
5.594515426162663457e-28 1.179910341180468927e-21
5.611805267717492992e-28 1.182175175179704736e-21
5.629148543501735565e-28 1.184444356548255722e-21
5.646545418653888892e-28 1.186717893630012125e-21
5.663996058822672201e-28 1.188995794784891909e-21
5.681500630168791200e-28 1.191278068388828912e-21
5.699059299366466276e-28 1.193564722833846389e-21
5.716672233605028853e-28 1.195855766528053434e-21
5.734339600590505196e-28 1.198151207895718897e-21
5.752061568547219048e-28 1.200451055377250697e-21
5.769838306219343149e-28 1.202755317429261456e-21
5.787669982872694691e-28 1.205064002524616468e-21
5.805556768296066212e-28 1.207377119152387424e-21
5.823498832803029130e-28 1.209694675817987077e-21
5.841496347233508571e-28 1.212016681043105678e-21
5.859549482955409329e-28 1.214343143365819866e-21
5.877658411866202357e-28 1.216674071340572171e-21
5.895823306394750716e-28 1.219009473538219728e-21
5.914044339502662893e-28 1.221349358546065682e-21
5.932321684686135789e-28 1.223693734967900006e-21
5.950655515977554665e-28 1.226042611424012472e-21
5.969046007947150487e-28 1.228395996551234790e-21
5.987493335704665338e-28 1.230753899002987993e-21
6.005997674900967614e-28 1.233116327449254235e-21
6.024559201729921020e-28 1.235483290576704491e-21
6.043178092929771066e-28 1.237854797088660378e-21
6.061854525785018554e-28 1.240230855705117477e-21
6.080588678128064361e-28 1.242611475162829970e-21
6.099380728340899070e-28 1.244996664215316091e-21
6.118230855356752241e-28 1.247386431632873178e-21
6.137139238661997285e-28 1.249780786202654025e-21
6.156106058297558585e-28 1.252179736728645261e-21
6.175131494860828028e-28 1.254583292031754048e-21
6.194215729507334008e-28 1.256991460949786271e-21
6.213358943952463339e-28 1.259404252337514801e-21
6.232561320473195729e-28 1.261821675066712794e-21
6.251823041909838246e-28 1.264243738026167041e-21
6.271144291667712265e-28 1.266670450121720659e-21
6.290525253719108554e-28 1.269101820276314288e-21
6.309966112604729378e-28 1.271537857430001316e-21
6.329467053435652564e-28 1.273978570539998293e-21
6.349028261895038162e-28 1.276423968580690942e-21
6.368649924239903284e-28 1.278874060543712029e-21
6.388332227302836837e-28 1.281328855437911645e-21
6.408075358493994077e-28 1.283788362289471557e-21
6.427879505802560239e-28 1.286252590141847280e-21
6.447744857798754953e-28 1.288721548055883747e-21
6.467671603635573890e-28 1.291195245109793303e-21
6.487659933050590496e-28 1.293673690399198774e-21
6.507710036367760416e-28 1.296156893037202870e-21
6.527822104499236677e-28 1.298644862154367306e-21
6.547996328947130174e-28 1.301137606898791610e-21
6.568232901805550849e-28 1.303635136436119703e-21
6.588532015762116168e-28 1.306137459949600840e-21
6.608893864099995892e-28 1.308644586640058760e-21
6.629318640699700358e-28 1.311156525726037075e-21
6.649806540040875936e-28 1.313673286443702034e-21
6.670357757204368638e-28 1.316194878046989221e-21
6.690972487873758592e-28 1.318721309807581176e-21
6.711650928337442489e-28 1.321252591014932408e-21
6.732393275490442484e-28 1.323788730976330710e-21
6.753199726836286861e-28 1.326329739016941736e-21
6.774070480488888883e-28 1.328875624479805422e-21
6.795005735174429246e-28 1.331426396725879248e-21
6.816005690233199966e-28 1.333982065134092028e-21
6.837070545621718203e-28 1.336542639101396949e-21
6.858200501914300205e-28 1.339108128042730566e-21
6.879395760305193072e-28 1.341678541391123023e-21
6.900656522610432991e-28 1.344253888597704253e-21
6.921982991269770735e-28 1.346834179131720157e-21
6.943375369348537065e-28 1.349419422480595232e-21
6.964833860539808584e-28 1.352009628149986551e-21
6.986358669166003195e-28 1.354604805663743327e-21
7.007950000181055813e-28 1.357204964564016936e-21
7.029608059172307094e-28 1.359810114411258474e-21
7.051333052362470184e-28 1.362420264784273302e-21
7.073125186611584911e-28 1.365035425280226495e-21
7.094984669418994406e-28 1.367655605514727108e-21
7.116911708925258936e-28 1.370280815121805223e-21
7.138906513914371975e-28 1.372911063753995840e-21
7.160969293815397817e-28 1.375546361082354670e-21
7.183100258704701101e-28 1.378186716796464906e-21
7.205299619307884856e-28 1.380832140604550076e-21
7.227567587001802099e-28 1.383482642233422690e-21
7.249904373816502854e-28 1.386138231428558537e-21
7.272310192437496856e-28 1.388798917954171914e-21
7.294785256207418963e-28 1.391464711593172931e-21
7.317329779128298145e-28 1.394135622147252151e-21
7.339943975863535889e-28 1.396811659436917823e-21
7.362628061739951869e-28 1.399492833301510371e-21
7.385382252749832314e-28 1.402179153599260318e-21
7.408206765552926347e-28 1.404870630207283208e-21
7.431101817478752640e-28 1.407567273021696030e-21
7.454067626528302492e-28 1.410269091957564552e-21
7.477104411376362624e-28 1.412976096948998493e-21
7.500212391373531254e-28 1.415688297949158853e-21
7.523391786548309506e-28 1.418405704930303622e-21
7.546642817609136322e-28 1.421128327883825580e-21
7.569965705946733674e-28 1.423856176820308345e-21
7.593360673635845517e-28 1.426589261769502676e-21
7.616827943437600942e-28 1.429327592780454556e-21
7.640367738801569714e-28 1.432071179921440302e-21
7.663980283867894032e-28 1.434820033280095776e-21
7.687665803469419409e-28 1.437574162963371247e-21
7.711424523133838987e-28 1.440333579097660414e-21
7.735256669085774189e-28 1.443098291828735893e-21
7.759162468249181815e-28 1.445868311321878240e-21
7.783142148249140525e-28 1.448643647761851500e-21
7.807195937414263315e-28 1.451424311352962078e-21
7.831324064778815838e-28 1.454210312319095223e-21
7.855526760084890313e-28 1.457001660903762992e-21
7.879804253784535506e-28 1.459798367370122302e-21
7.904156777042204180e-28 1.462600442001021764e-21
7.928584561736566484e-28 1.465407895099050207e-21
7.953087840462982521e-28 1.468220736986553604e-21
7.977666846535643977e-28 1.471038978005684350e-21
8.002321813989800955e-28 1.473862628518447904e-21
8.027052977583989699e-28 1.476691698906721789e-21
8.051860572802201139e-28 1.479526199572302795e-21
8.076744835856386627e-28 1.482366140936946100e-21
8.101706003688313488e-28 1.485211533442424144e-21
8.126744313972080629e-28 1.488062387550512327e-21
8.151860005116320258e-28 1.490918713743069703e-21
8.177053316266468661e-28 1.493780522522077529e-21
8.202324487306967024e-28 1.496647824409656574e-21
8.227673758863826372e-28 1.499520629948127301e-21
8.253101372306509119e-28 1.502398949700026606e-21
8.278607569750495799e-28 1.505282794248158414e-21
8.304192594059521761e-28 1.508172174195630917e-21
8.329856688847899964e-28 1.511067100165907917e-21
8.355600098482825831e-28 1.513967582802825570e-21
8.381423068086716183e-28 1.516873632770641660e-21
8.407325843539463876e-28 1.519785260754086943e-21
8.433308671481067305e-28 1.522702477458381514e-21
8.459371799313549628e-28 1.525625293609296869e-21
8.485515475203607997e-28 1.528553719953161739e-21
8.511739948084891518e-28 1.531487767256945218e-21
8.538045467660381431e-28 1.534427446308275573e-21
8.564432284404695974e-28 1.537372767915445884e-21
8.590900649566750380e-28 1.540323742907541377e-21
8.617450815171742458e-28 1.543280382134392401e-21
8.644083034023814396e-28 1.546242696466635556e-21
8.670797559708406035e-28 1.549210696795786665e-21
8.697594646594658384e-28 1.552184394034247926e-21
8.724474549837842235e-28 1.555163799115358497e-21
8.751437525381786783e-28 1.558148922993457513e-21
8.778483829961240084e-28 1.561139776643857557e-21
8.805613721104604389e-28 1.564136371062973501e-21
8.832827457135959397e-28 1.567138717268296735e-21
8.860125297177804761e-28 1.570146826298457048e-21
8.887507501153461807e-28 1.573160709213275664e-21
8.914974329789539812e-28 1.576180377093770511e-21
8.942526044618352073e-28 1.579205841042243486e-21
8.970162907980697873e-28 1.582237112182297760e-21
8.997885183027918021e-28 1.585274201658856400e-21
9.025693133724698340e-28 1.588317120638259602e-21
9.053587024851503674e-28 1.591365880308238175e-21
9.081567122007105151e-28 1.594420491878011152e-21
9.109633691611107459e-28 1.597480966578280901e-21
9.137787000906404363e-28 1.600547315661332243e-21
9.166027317962036014e-28 1.603619550401005180e-21
9.194354911675280355e-28 1.606697682092803790e-21
9.222770051774514014e-28 1.609781722053871032e-21
9.251273008821712670e-28 1.612871681623073938e-21
9.279864054215024953e-28 1.615967572161047061e-21
9.308543460191274610e-28 1.619069405050209783e-21
9.337311499828864438e-28 1.622177191694832325e-21
9.366168447049916124e-28 1.625290943521054182e-21
9.395114576623181361e-28 1.628410671976948820e-21
9.424150164166588844e-28 1.631536388532519541e-21
9.453275486149859433e-28 1.634668104679834897e-21
9.482490819897146422e-28 1.637805831932965688e-21
9.511796443589672222e-28 1.640949581828085765e-21
9.541192636268296885e-28 1.644099365923502883e-21
9.570679677836495582e-28 1.647255195799723959e-21
9.600257849062546875e-28 1.650417083059451689e-21
9.629927431582520952e-28 1.653585039327637773e-21
9.659688707902885821e-28 1.656759076251561910e-21
9.689541961403194218e-28 1.659939205500838567e-21
9.719487476338704142e-28 1.663125438767483561e-21
9.749525537843401180e-28 1.666317787765933804e-21
9.779656431932238787e-28 1.669516264233113134e-21
9.809880445504182134e-28 1.672720879928440967e-21
9.840197866344850172e-28 1.675931646633922007e-21
9.870608983129272488e-28 1.679148576154165997e-21
9.901114085424617466e-28 1.682371680316407844e-21
9.931713463692889955e-28 1.685600970970585857e-21
9.962407409294002018e-28 1.688836459989397986e-21
9.993196214488074204e-28 1.692078159268297306e-21
1.002408017243853678e-27 1.695326080725559538e-21
1.005505957721484176e-27 1.698580236302315399e-21
1.008613472379526102e-27 1.701840637962653104e-21
1.011730590806961263e-27 1.705107297693544076e-21
1.014857342684241417e-27 1.708380227505041934e-21
1.017993757783520367e-27 1.711659439430157982e-21
1.021139865968971624e-27 1.714944945525063209e-21
1.024295697197063011e-27 1.718236757869011174e-21
1.027461281516843654e-27 1.721534888564442205e-21
1.030636649070228633e-27 1.724839349737029287e-21
1.033821830092286866e-27 1.728150153535684835e-21
1.037016854911519843e-27 1.731467312132667145e-21
1.040221753950185385e-27 1.734790837723563094e-21
1.043436557724535301e-27 1.738120742527358100e-21
1.046661296845140040e-27 1.741457038786481644e-21
1.049896002017172811e-27 1.744799738766862558e-21
1.053140704040700334e-27 1.748148854757951600e-21
1.056395433810968748e-27 1.751504399072777124e-21
1.059660222318731493e-27 1.754866384048003759e-21
1.062935100650493251e-27 1.758234822043953099e-21
1.066220099988839796e-27 1.761609725444660504e-21
1.069515251612726958e-27 1.764991106657921363e-21
1.072820586897778005e-27 1.768378978115361068e-21
1.076136137316582656e-27 1.771773352272406415e-21
1.079461934438987285e-27 1.775174241608431186e-21
1.082798009932432139e-27 1.778581658626726053e-21
1.086144395562198497e-27 1.781995615854570800e-21
1.089501123191747141e-27 1.785416125843291875e-21
1.092868224783013228e-27 1.788843201168271420e-21
1.096245732396709600e-27 1.792276854429056355e-21
1.099633678192624177e-27 1.795717098249315496e-21
1.103032094429961463e-27 1.799163945277000927e-21
1.106441013467595999e-27 1.802617408184279540e-21
1.109860467764416558e-27 1.806077499667644002e-21
1.113290489879625515e-27 1.809544232447957891e-21
1.116731112473050042e-27 1.813017619270477893e-21
1.120182368305452234e-27 1.816497672904913986e-21
1.123644290238841208e-27 1.819984406145487743e-21
1.127116911236776765e-27 1.823477831810941362e-21
1.130600264364720595e-27 1.826977962744662926e-21
1.134094382790294920e-27 1.830484811814602518e-21
1.137599299783636023e-27 1.833998391913477230e-21
1.141115048717701507e-27 1.837518715958685773e-21
1.144641663068587949e-27 1.841045796892437502e-21
1.148179176415840486e-27 1.844579647681744512e-21
1.151727622442809576e-27 1.848120281318523581e-21
1.155287034936916459e-27 1.851667710819630023e-21
1.158857447790011354e-27 1.855221949226839632e-21
1.162438894998687165e-27 1.858783009606989365e-21
1.166031410664603243e-27 1.862350905051985618e-21
1.169635028994810211e-27 1.865925648678838457e-21
1.173249784302075524e-27 1.869507253629710516e-21
1.176875711005200397e-27 1.873095733072004271e-21
1.180512843629386262e-27 1.876691100198398144e-21
1.184161216806505959e-27 1.880293368226854408e-21
1.187820865275471265e-27 1.883902550400667333e-21
1.191491823882554854e-27 1.887518659988592584e-21
1.195174127581721583e-27 1.891141710284816002e-21
1.198867811434951897e-27 1.894771714609028082e-21
1.202572910612614542e-27 1.898408686306487164e-21
1.206289460393742619e-27 1.902052638748041259e-21
1.210017496166409170e-27 1.905703585330204023e-21
1.213757053428053630e-27 1.909361539475164545e-21
1.217508167785820822e-27 1.913026514630874986e-21
1.221270874956898712e-27 1.916698524271128825e-21
1.225045210768849513e-27 1.920377581895487504e-21
1.228831211159990481e-27 1.924063701029494087e-21
1.232628912179676238e-27 1.927756895224571699e-21
1.236438349988681898e-27 1.931457178058210475e-21
1.240259560859537048e-27 1.935164563133880669e-21
1.244092581176871742e-27 1.938879064081205683e-21
1.247937447437752636e-27 1.942600694555903015e-21
1.251794196252070779e-27 1.946329468239957289e-21
1.255662864342829672e-27 1.950065398841546905e-21
1.259543488546535210e-27 1.953808500095163280e-21
1.263436105813536660e-27 1.957558785761661254e-21
1.267340753208378399e-27 1.961316269628295955e-21
1.271257467910152182e-27 1.965080965508731825e-21
1.275186287212852117e-27 1.968852887243190825e-21
1.279127248525718862e-27 1.972632048698418207e-21
1.283080389373637641e-27 1.976418463767778060e-21
1.287045747397432765e-27 1.980212146371259698e-21
1.291023360354267975e-27 1.984013110455600672e-21
1.295013266117995489e-27 1.987821369994252156e-21
1.299015502679516706e-27 1.991636938987488413e-21
1.303030108147133051e-27 1.995459831462456074e-21
1.307057120746951698e-27 1.999290061473199710e-21
1.311096578823185468e-27 2.003127643100739326e-21
1.315148520838560534e-27 2.006972590453095940e-21
1.319212985374672100e-27 2.010824917665370194e-21
1.323290011132351923e-27 2.014684638899752520e-21
1.327379636932036375e-27 2.018551768345617545e-21
1.331481901714125530e-27 2.022426320219589552e-21
1.335596844539397325e-27 2.026308308765525545e-21
1.339724504589314450e-27 2.030197748254636754e-21
1.343864921166440663e-27 2.034094652985513836e-21
1.348018133694804183e-27 2.037999037284135147e-21
1.352184181720273103e-27 2.041910915504035642e-21
1.356363104910920939e-27 2.045830302026214715e-21
1.360554943057448858e-27 2.049757211259318631e-21
1.364759736073497238e-27 2.053691657639608561e-21
1.368977523996071122e-27 2.057633655631039191e-21
1.373208346985909537e-27 2.061583219725315526e-21
1.377452245327868615e-27 2.065540364441957590e-21
1.381709259431304368e-27 2.069505104328326755e-21
1.385979429830458136e-27 2.073477453959692697e-21
1.390262797184830576e-27 2.077457427939301857e-21
1.394559402279615002e-27 2.081445040898386472e-21
1.398869286026016842e-27 2.085440307496307886e-21
1.403192489461688956e-27 2.089443242420461385e-21
1.407529053751111358e-27 2.093453860386508287e-21
1.411879020185982411e-27 2.097472176138282279e-21
1.416242430185601235e-27 2.101498204447916930e-21
1.420619325297307337e-27 2.105531960115899488e-21
1.425009747196808129e-27 2.109573457971112629e-21
1.429413737688621072e-27 2.113622712870855901e-21
1.433831338706460203e-27 2.117679739700948413e-21
1.438262592313636128e-27 2.121744553375795039e-21
1.442707540703455465e-27 2.125817168838399210e-21
1.447166226199623704e-27 2.129897601060371562e-21
1.451638691256635509e-27 2.133985865042103347e-21
1.456124978460226896e-27 2.138081975812795772e-21
1.460625130527709216e-27 2.142185948430420130e-21
1.465139190308423488e-27 2.146297797981836284e-21
1.469667200784136800e-27 2.150417539582892354e-21
1.474209205069439065e-27 2.154545188378389730e-21
1.478765246412202021e-27 2.158680759542229403e-21
1.483335368193918590e-27 2.162824268277377352e-21
1.487919613930164569e-27 2.166975729815994700e-21
1.492518027271000049e-27 2.171135159419434701e-21
1.497130652001385727e-27 2.175302572378374022e-21
1.501757532041600106e-27 2.179477984012776255e-21
1.506398711447656530e-27 2.183661409672043131e-21
1.511054234411711593e-27 2.187852864734959226e-21
1.515724145262534544e-27 2.192052364609874775e-21
1.520408488465855439e-27 2.196259924734669182e-21
1.525107308624838124e-27 2.200475560576852585e-21
1.529820650480492421e-27 2.204699287633562092e-21
1.534548558912100307e-27 2.208931121431742341e-21
1.539291078937630241e-27 2.213171077528046189e-21
1.544048255714216437e-27 2.217419171509034833e-21
1.548820134538513649e-27 2.221675418991153357e-21
1.553606760847178408e-27 2.225939835620759320e-21
1.558408180217289103e-27 2.230212437074273220e-21
1.563224438366779861e-27 2.234493239058204826e-21
1.568055581154876232e-27 2.238782257309132110e-21
1.572901654582531408e-27 2.243079507593885570e-21
1.577762704792852035e-27 2.247385005709494808e-21
1.582638778071588065e-27 2.251698767483326212e-21
1.587529920847497048e-27 2.256020808773109280e-21
1.592436179692837568e-27 2.260351145466979130e-21
1.597357601323799543e-27 2.264689793483534052e-21
1.602294232600949410e-27 2.269036768771958887e-21
1.607246120529662581e-27 2.273392087311986658e-21
1.612213312260624229e-27 2.277755765114038127e-21
1.617195855090199146e-27 2.282127818219247370e-21
1.622193796460934679e-27 2.286508262699490369e-21
1.627207183961999466e-27 2.290897114657506511e-21
1.632236065329635796e-27 2.295294390226910621e-21
1.637280488447615377e-27 2.299700105572283620e-21
1.642340501347680934e-27 2.304114276889184185e-21
1.647416152210057410e-27 2.308536920404288301e-21
1.652507489363830777e-27 2.312968052375352779e-21
1.657614561287460675e-27 2.317407689091354430e-21
1.662737416609230255e-27 2.321855846872519030e-21
1.667876104107707511e-27 2.326312542070331103e-21
1.673030672712197284e-27 2.330777791067708829e-21
1.678201171503261423e-27 2.335251610278966434e-21
1.683387649713104424e-27 2.339734016149922521e-21
1.688590156726095023e-27 2.344225025157928658e-21
1.693808742079226454e-27 2.348724653811929562e-21
1.699043455462584234e-27 2.353232918652588738e-21
1.704294346719821841e-27 2.357749836252268543e-21
1.709561465848634245e-27 2.362275423215122342e-21
1.714844863001220307e-27 2.366809696177139273e-21
1.720144588484816223e-27 2.371352671806272518e-21
1.725460692762090839e-27 2.375904366802434032e-21
1.730793226451680884e-27 2.380464797897537807e-21
1.736142240328660552e-27 2.385033981855612340e-21
1.741507785325024710e-27 2.389611935472861946e-21
1.746889912530158840e-27 2.394198675577695350e-21
1.752288673191382879e-27 2.398794219030821226e-21
1.757704118714353355e-27 2.403398582725274533e-21
1.763136300663610814e-27 2.408011783586498514e-21
1.768585270763055500e-27 2.412633838572403378e-21
1.774051080896440609e-27 2.417264764673448679e-21
1.779533783107865551e-27 2.421904578912686573e-21
1.785033429602258081e-27 2.426553298345774232e-21
1.790550072745928187e-27 2.431210940061172833e-21
1.796083765066980987e-27 2.435877521180038846e-21
1.801634559255872765e-27 2.440553058856458756e-21
1.807202508165901359e-27 2.445237570277339606e-21
1.812787664813706236e-27 2.449931072662611739e-21
1.818390082379760310e-27 2.454633583265202098e-21
1.824009814208936023e-27 2.459345119371205749e-21
1.829646913810922194e-27 2.464065698299807266e-21
1.835301434860794762e-27 2.468795337403432323e-21
1.840973431199512551e-27 2.473534054067812391e-21
1.846662956834429542e-27 2.478281865712012202e-21
1.852370065939809657e-27 2.483038789788510993e-21
1.858094812857341176e-27 2.487804843783286771e-21
1.863837252096641834e-27 2.492580045215823459e-21
1.869597438335836024e-27 2.497364411639250069e-21
1.875375426421984556e-27 2.502157960640384722e-21
1.881171271371669030e-27 2.506960709839711318e-21
1.886985028371499807e-27 2.511772676891568746e-21
1.892816752778640829e-27 2.516593879484162548e-21
1.898666500121321893e-27 2.521424335339593504e-21
1.904534326099429478e-27 2.526264062214012607e-21
1.910420286584943689e-27 2.531113077897578563e-21
1.916324437622532667e-27 2.535971400214612388e-21
1.922246835430070607e-27 2.540839047023609822e-21
1.928187536399172264e-27 2.545716036217342515e-21
1.934146597095731054e-27 2.550602385722869689e-21
1.940124074260457871e-27 2.555498113501675435e-21
1.946120024809403397e-27 2.560403237549681127e-21
1.952134505834566518e-27 2.565317775897366169e-21
1.958167574604339505e-27 2.570241746609725110e-21
1.964219288564119659e-27 2.575175167786478297e-21
1.970289705336838793e-27 2.580118057562011687e-21
1.976378882723512459e-27 2.585070434105535961e-21
1.982486878703773735e-27 2.590032315621095179e-21
1.988613751436489890e-27 2.595003720347673982e-21
1.994759559260220844e-27 2.599984666559224301e-21
2.000924360693836184e-27 2.604975172564772561e-21
2.007108214437059366e-27 2.609975256708410278e-21
2.013311179371024465e-27 2.614984937369511101e-21
2.019533314558837949e-27 2.620004232962630757e-21
2.025774679246124315e-27 2.625033161937667664e-21
2.032035332861655659e-27 2.630071742779930272e-21
2.038315335017819467e-27 2.635119994010169030e-21
2.044614745511251776e-27 2.640177934184680208e-21
2.050933624323389983e-27 2.645245581895336740e-21
2.057272031621043225e-27 2.650322955769676250e-21
2.063630027756950571e-27 2.655410074470949571e-21
2.070007673270420998e-27 2.660506956698284375e-21
2.076405028887809431e-27 2.665613621186601293e-21
2.082822155523162458e-27 2.670730086706779421e-21
2.089259114278781545e-27 2.675856372065723653e-21
2.095715966445804894e-27 2.680992496106396281e-21
2.102192773504790746e-27 2.686138477707904634e-21
2.108689597126302474e-27 2.691294335785590234e-21
2.115206499171479681e-27 2.696460089291059639e-21
2.121743541692695402e-27 2.701635757212273965e-21
2.128300786934042900e-27 2.706821358573635782e-21
2.134878297331998608e-27 2.712016912436003033e-21
2.141476135515998967e-27 2.717222437896854917e-21
2.148094364309036280e-27 2.722437954090265558e-21
2.154733046728239506e-27 2.727663480186993156e-21
2.161392245985545082e-27 2.732899035394608634e-21
2.168072025488192693e-27 2.738144638957527607e-21
2.174772448839400053e-27 2.743400310157061920e-21
2.181493579838950143e-27 2.748666068311527605e-21
2.188235482483798908e-27 2.753941932776239989e-21
2.194998220968685459e-27 2.759227922943740142e-21
2.201781859686723981e-27 2.764524058243650808e-21
2.208586463230089990e-27 2.769830358143001033e-21
2.215412096390526504e-27 2.775146842146065915e-21
2.222258824160033885e-27 2.780473529794552057e-21
2.229126711731469996e-27 2.785810440667651727e-21
2.236015824499170813e-27 2.791157594382134271e-21
2.242926228059555243e-27 2.796515010592358145e-21
2.249857988211822862e-27 2.801882708990442823e-21
2.256811170958470846e-27 2.807260709306242087e-21
2.263785842505995294e-27 2.812649031307455370e-21
2.270782069265502510e-27 2.818047694799699982e-21
2.277799917853343237e-27 2.823456719626605144e-21
2.284839455091745464e-27 2.828876125669844342e-21
2.291900748009451537e-27 2.834305932849207923e-21
2.298983863842336968e-27 2.839746161122756193e-21
2.306088870034126107e-27 2.845196830486813021e-21
2.313215834236921276e-27 2.850657960975999695e-21
2.320364824311922741e-27 2.856129572663447074e-21
2.327535908330055778e-27 2.861611685660750822e-21
2.334729154572618183e-27 2.867104320118084264e-21
2.341944631531913079e-27 2.872607496224271728e-21
2.349182407911974631e-27 2.878121234206885222e-21
2.356442552629110805e-27 2.883645554332296720e-21
2.363725134812633751e-27 2.889180476905711261e-21
2.371030223805499421e-27 2.894726022271303500e-21
2.378357889164969072e-27 2.900282210812314374e-21
2.385708200663269334e-27 2.905849062951020262e-21
2.393081228288258734e-27 2.911426599148913163e-21
2.400477042244072697e-27 2.917014839906692419e-21
2.407895712951872579e-27 2.922613805764443393e-21
2.415337311050395964e-27 2.928223517301608880e-21
2.422801907396709642e-27 2.933843995137107596e-21
2.430289573066864297e-27 2.939475259929408657e-21
2.437800379356550626e-27 2.945117332376606812e-21
2.445334397781858419e-27 2.950770233216541686e-21
2.452891700079838691e-27 2.956433983226768437e-21
2.460472358209264197e-27 2.962108603224718751e-21
2.468076444351297750e-27 2.967794114067796016e-21
2.475704030910177038e-27 2.973490536653329047e-21
2.483355190513905546e-27 2.979197891918835403e-21
2.491029996014942399e-27 2.984916200841888223e-21
2.498728520490898298e-27 2.990645484440363738e-21
2.506450837245209584e-27 2.996385763772430743e-21
2.514197019807917043e-27 3.002137059936673218e-21
2.521967141936245976e-27 3.007899394072145630e-21
2.529761277615387879e-27 3.013672787358406782e-21
2.537579501059185977e-27 3.019457261015684197e-21
2.545421886710819691e-27 3.025252836304866216e-21
2.553288509243597790e-27 3.031059534527686697e-21
2.561179443561544562e-27 3.036877377026696419e-21
2.569094764800195484e-27 3.042706385185383838e-21
2.577034548327292800e-27 3.048546580428276264e-21
2.584998869743502272e-27 3.054397984220952283e-21
2.592987804883133155e-27 3.060260618070208012e-21
2.601001429814861402e-27 3.066134503524070270e-21
2.609039820842430985e-27 3.072019662171898889e-21
2.617103054505466780e-27 3.077916115644507461e-21
2.625191207580075091e-27 3.083823885614135130e-21
2.633304357079659763e-27 3.089742993794635420e-21
2.641442580255635700e-27 3.095673461944458793e-21
2.649605954598139513e-27 3.101615311871609663e-21
2.657794557836857838e-27 3.107568565427376593e-21
2.666008467941635024e-27 3.113533244504898000e-21
2.674247763123302166e-27 3.119509371039488285e-21
2.682512521834402100e-27 3.125496967008516714e-21
2.690802822769933778e-27 3.131496054431667715e-21
2.699118744868104166e-27 3.137506655370866775e-21
2.707460367311078000e-27 3.143528791930449339e-21
2.715827769525731834e-27 3.149562486257244313e-21
2.724221031184389809e-27 3.155607760540542091e-21
2.732640232205669536e-27 3.161664637012423698e-21
2.741085452755109884e-27 3.167733137947529445e-21
2.749556773246023684e-27 3.173813285663386193e-21
2.758054274340241021e-27 3.179905102520402086e-21
2.766578036948854325e-27 3.186008610921857142e-21
2.775128142233080403e-27 3.192123833314212461e-21
2.783704671604896110e-27 3.198250792186966531e-21
2.792307706727904336e-27 3.204389510072874903e-21
2.800937329518089489e-27 3.210540009547918968e-21
2.809593622144597027e-27 3.216702313231501941e-21
2.818276667030516923e-27 3.222876443786535374e-21
2.826986546853666065e-27 3.229062423919383107e-21
2.835723344547355227e-27 3.235260276380082829e-21
2.844487143301268676e-27 3.241470023962431085e-21
2.853278026562120296e-27 3.247691689503927987e-21
2.862096078034538224e-27 3.253925295886024343e-21
2.870941381681838633e-27 3.260170866034112258e-21
2.879814021726804900e-27 3.266428422917610145e-21
2.888714082652579414e-27 3.272697989550117699e-21
2.897641649203330101e-27 3.278979588989407249e-21
2.906596806385149770e-27 3.285273244337601303e-21
2.915579639466842447e-27 3.291578978741189853e-21
2.924590233980735191e-27 3.297896815391113503e-21
2.933628675723492778e-27 3.304226777522920328e-21
2.942695050756934168e-27 3.310568888416758354e-21
2.951789445408852575e-27 3.316923171397530153e-21
2.960911946273812926e-27 3.323289649834980495e-21
2.970062640214072726e-27 3.329668347143712139e-21
2.979241614360265086e-27 3.336059286783364891e-21
2.988448956112323894e-27 3.342462492258609205e-21
2.997684753140292756e-27 3.348877987119326366e-21
3.006949093385134296e-27 3.355305794960578394e-21
3.016242065059667526e-27 3.361745939422858944e-21
3.025563756649258042e-27 3.368198444192017321e-21
3.034914256912760062e-27 3.374663332999461604e-21
3.044293654883337919e-27 3.381140629622129311e-21
3.053702039869311592e-27 3.387630357882741298e-21
3.063139501455008701e-27 3.394132541649722396e-21
3.072606129501617567e-27 3.400647204837409425e-21
3.082102014148016604e-27 3.407174371405994014e-21
3.091627245811734288e-27 3.413714065361879957e-21
3.101181915189658368e-27 3.420266310757427046e-21
3.110766113259000499e-27 3.426831131691338513e-21
3.120379931278137112e-27 3.433408552308522609e-21
3.130023460787453867e-27 3.439998596800360422e-21
3.139696793610317103e-27 3.446601289404715660e-21
3.149400021853797761e-27 3.453216654405979040e-21
3.159133237909648565e-27 3.459844716135205206e-21
3.168896534455158173e-27 3.466485498970251908e-21
3.178690004454035085e-27 3.473139027335819878e-21
3.188513741157291923e-27 3.479805325703470882e-21
3.198367838104133654e-27 3.486484418591865453e-21
3.208252389122846882e-27 3.493176330566729037e-21
3.218167488331669420e-27 3.499881086241040825e-21
3.228113230139789718e-27 3.506598710275054064e-21
3.238089709248088359e-27 3.513329227376407403e-21
3.248097020650145745e-27 3.520072662300218928e-21
3.258135259633119908e-27 3.526829039849175691e-21
3.268204521778626128e-27 3.533598384873576590e-21
3.278304902963756088e-27 3.540380722271598692e-21
3.288436499361827626e-27 3.547176076989139243e-21
3.298599407443409991e-27 3.553984474020106817e-21
3.308793723977214220e-27 3.560805938406413791e-21
3.319019546031014359e-27 3.567640495238070386e-21
3.329276970972573712e-27 3.574488169653326101e-21
3.339566096470568936e-27 3.581348986838786324e-21
3.349887020495523462e-27 3.588222972029331081e-21
3.360239841320707913e-27 3.595110150508460347e-21
3.370624657523191910e-27 3.602010547608183461e-21
3.381041567984613906e-27 3.608924188709241803e-21
3.391490671892232279e-27 3.615851099241098272e-21
3.401972068739844399e-27 3.622791304682159964e-21
3.412485858328705704e-27 3.629744830559615672e-21
3.423032140768590110e-27 3.636711702449992606e-21
3.433611016478576356e-27 3.643691945978711015e-21
3.444222586188118456e-27 3.650685586820590501e-21
3.454866950937972671e-27 3.657692650699737166e-21
3.465544212081161058e-27 3.664713163389639915e-21
3.476254471283938614e-27 3.671747150713422478e-21
3.486997830526759703e-27 3.678794638543727553e-21
3.497774392105218652e-27 3.685855652803021496e-21
3.508584258631142448e-27 3.692930219463510813e-21
3.519427533033392865e-27 3.700018364547337009e-21
3.530304318558960598e-27 3.707120114126651824e-21
3.541214718773923078e-27 3.714235494323708255e-21
3.552158837564397982e-27 3.721364531310962128e-21
3.563136779137651002e-27 3.728507251311165378e-21
3.574148648022913033e-27 3.735663680597463102e-21
3.585194549072490093e-27 3.742833845493491359e-21
3.596274587462735490e-27 3.750017772373474971e-21
3.607388868695049245e-27 3.757215487662348645e-21
3.618537498596884702e-27 3.764427017835725376e-21
3.629720583322752256e-27 3.771652389420257563e-21
3.640938229355234568e-27 3.778891628993469234e-21
3.652190543505968055e-27 3.786144763183961438e-21
3.663477632916780075e-27 3.793411818671561195e-21
3.674799605060530511e-27 3.800692822187345577e-21
3.686156567742252539e-27 3.807987800513761322e-21
3.697548629100151343e-27 3.815296780484698562e-21
3.708975897606604256e-27 3.822619788985672132e-21
3.720438482069310142e-27 3.829956852953839626e-21
3.731936491632148917e-27 3.837307999378124775e-21
3.743470035776340256e-27 3.844673255299294186e-21
3.755039224321454502e-27 3.852052647810136389e-21
3.766644167426459443e-27 3.859446204055452062e-21
3.778284975590768532e-27 3.866853951232265429e-21
3.789961759655294125e-27 3.874275916589815231e-21
3.801674630803470582e-27 3.881712127429763121e-21
3.813423700562438808e-27 3.889162611106185387e-21
3.825209080803919400e-27 3.896627395025785104e-21
3.837030883745405081e-27 3.904106506647908686e-21
3.848889221951195279e-27 3.911599973484621118e-21
3.860784208333437888e-27 3.919107823100973029e-21
3.872715956153331020e-27 3.926630083114936742e-21
3.884684579022010512e-27 3.934166781197533420e-21
3.896690190901760287e-27 3.941717945072995561e-21
3.908732906107063439e-27 3.949283602518835464e-21
3.920812839305692065e-27 3.956863781365982147e-21
3.932930105519797809e-27 3.964458509498794891e-21
3.945084820127011018e-27 3.972067814855280658e-21
3.957277098861533443e-27 3.979691725427057226e-21
3.969507057815212283e-27 3.987330269259624780e-21
3.981774813438772789e-27 3.994983474452382459e-21
3.994080482542734466e-27 4.002651369158680266e-21
4.006424182298652288e-27 4.010333981586004892e-21
4.018806030240198636e-27 4.018031339996084286e-21
4.031226144264251690e-27 4.025743472704849290e-21
4.043684642632147406e-27 4.033470408082824086e-21
4.056181643970610787e-27 4.041212174554974986e-21
4.068717267273014311e-27 4.048968800600841332e-21
4.081291631900479966e-27 4.056740314754813101e-21
4.093904857583014986e-27 4.064526745606009781e-21
4.106557064420651195e-27 4.072328121798582806e-21
4.119248372884591508e-27 4.080144472031709534e-21
4.131978903818318420e-27 4.087975825059695562e-21
4.144748778438884004e-27 4.095822209692201175e-21
4.157558118337859835e-27 4.103683654794169876e-21
4.170407045482630581e-27 4.111560189286025491e-21
4.183295682217518985e-27 4.119451842143861002e-21
4.196224151264954620e-27 4.127358642399349021e-21
4.209192575726604605e-27 4.135280619140015632e-21
4.222201079084686576e-27 4.143217801509325406e-21
4.235249785202935820e-27 4.151170218706728039e-21
4.248338818327921111e-27 4.159137899987794528e-21
4.261468303090197672e-27 4.167120874664325499e-21
4.274638364505488843e-27 4.175119172104431709e-21
4.287849127975881375e-27 4.183132821732728891e-21
4.301100719291014986e-27 4.191161853030329485e-21
4.314393264629247529e-27 4.199206295535037482e-21
4.327726890558997362e-27 4.207266178841494378e-21
4.341101724039734171e-27 4.215341532601070083e-21
4.354517892423334258e-27 4.223432386522309050e-21
4.367975523455252166e-27 4.231538770370677494e-21
4.381474745275705208e-27 4.239660713969001992e-21
4.395015686421034502e-27 4.247798247197340838e-21
4.408598475824715157e-27 4.255951399993245848e-21
4.422223242818727353e-27 4.264120202351779665e-21
4.435890117134751635e-27 4.272304684325600018e-21
4.449599228905402235e-27 4.280504876025247857e-21
4.463350708665471154e-27 4.288720807619080400e-21
4.477144687353165077e-27 4.296952509333379463e-21
4.490981296311356626e-27 4.305200011452648629e-21
4.504860667288796879e-27 4.313463344319478581e-21
4.518782932441514424e-27 4.321742538334905956e-21
4.532748224333858554e-27 4.330037623958338869e-21
4.546756675939903346e-27 4.338348631707673518e-21
4.560808420644678831e-27 4.346675592159586838e-21
4.574903592245404314e-27 4.355018535949406350e-21
4.589042324952912542e-27 4.363377493771467509e-21
4.603224753392700793e-27 4.371752496378982804e-21
4.617451012606364368e-27 4.380143574584400611e-21
4.631721238052844979e-27 4.388550759259302126e-21
4.646035565609717883e-27 4.396974081334641354e-21
4.660394131574491210e-27 4.405413571800824855e-21
4.674797072665896682e-27 4.413869261707799764e-21
4.689244526025159527e-27 4.422341182165256917e-21
4.703736629217452776e-27 4.430829364342688781e-21
4.718273520232981359e-27 4.439333839469403745e-21
4.732855337488445010e-27 4.447854638834868426e-21
4.747482219828321814e-27 4.456391793788565479e-21
4.762154306526148164e-27 4.464945335740302802e-21
4.776871737286002478e-27 4.473515296160327887e-21
4.791634652243602921e-27 4.482101706579251836e-21
4.806443191967792556e-27 4.490704598588392415e-21
4.821297497461845848e-27 4.499324003839760516e-21
4.836197710164805300e-27 4.507959954046177516e-21
4.851143971952832441e-27 4.516612480981488937e-21
4.866136425140553790e-27 4.525281616480584002e-21
4.881175212482423318e-27 4.533967392439516011e-21
4.896260477174033262e-27 4.542669840815713738e-21
4.911392362853644473e-27 4.551388993627973157e-21
4.926571013603309966e-27 4.560124882956701944e-21
4.941796573950409582e-27 4.568877540943943553e-21
4.957069188868983748e-27 4.577646999793494576e-21
4.972389003781073708e-27 4.586433291771089059e-21
4.987756164558271240e-27 4.595236449204517372e-21
5.003170817522860152e-27 4.604056504483647269e-21
5.018633109449375322e-27 4.612893490060675919e-21
5.034143187565956563e-27 4.621747438450117111e-21
5.049701199555753414e-27 4.630618382229020937e-21
5.065307293558329222e-27 4.639506354037091899e-21
5.080961618171071674e-27 4.648411386576714493e-21
5.096664322450568899e-27 4.657333512613169873e-21
5.112415555914190756e-27 4.666272764974723873e-21
5.128215468541267631e-27 4.675229176552782738e-21
5.144064210774681059e-27 4.684202780301915689e-21
5.159961933522255600e-27 4.693193609240073101e-21
5.175908788158155746e-27 4.702201696448679785e-21
5.191904926524493045e-27 4.711227075072751600e-21
5.207950500932519957e-27 4.720269778321056446e-21
5.224045664164249893e-27 4.729329839466134582e-21
5.240190569473868468e-27 4.738407291844487450e-21
5.256385370589192823e-27 4.747502168856835724e-21
5.272630221713135256e-27 4.756614503967907157e-21
5.288925277525173303e-27 4.765744330706863896e-21
5.305270693182819827e-27 4.774891682667388996e-21
5.321666624323058666e-27 4.784056593507612697e-21
5.338113227064001253e-27 4.793239096950504379e-21
5.354610658006109903e-27 4.802439226783725859e-21
5.371159074233863039e-27 4.811657016860030120e-21
5.387758633317211653e-27 4.820892501097111601e-21
5.404409493313028582e-27 4.830145713477971822e-21
5.421111812766795983e-27 4.839416688050873489e-21
5.437865750713847988e-27 4.848705458929636162e-21
5.454671466681060327e-27 4.858012060293524907e-21
5.471529120688327593e-27 4.867336526387649774e-21
5.488438873250083547e-27 4.876678891522782238e-21
5.505400885376833625e-27 4.886039190075863008e-21
5.522415318576685288e-27 4.895417456489745489e-21
5.539482334856886986e-27 4.904813725273603535e-21
5.556602096725323355e-27 4.914228031002884058e-21
5.573774767192247892e-27 4.923660408319574094e-21
5.591000509771558610e-27 4.933110891932187268e-21
5.608279488482540758e-27 4.942579516616071485e-21
5.625611867851377805e-27 4.952066317213252452e-21
5.642997812912678200e-27 4.961571328632915160e-21
5.660437489211226711e-27 4.971094585851251917e-21
5.677931062803285179e-27 4.980636123911802391e-21
5.695478700258357492e-27 4.990195977925301647e-21
5.713080568660733561e-27 4.999774183070161626e-21
5.730736835611072768e-27 5.009370774592319180e-21
5.748447669228007501e-27 5.018985787805543013e-21
5.766213238149739512e-27 5.028619258091423154e-21
5.784033711535597532e-27 5.038271220899606427e-21
5.801909259067841697e-27 5.047941711747893502e-21
5.819840050952991575e-27 5.057630766222404406e-21
5.837826257923637045e-27 5.067338419977604851e-21
5.855868051240016724e-27 5.077064708736542464e-21
5.873965602691601405e-27 5.086809668290945338e-21
5.892119084598920014e-27 5.096573334501389051e-21
5.910328669814914175e-27 5.106355743297322988e-21
5.928594531726775642e-27 5.116156930677306580e-21
5.946916844257549115e-27 5.125976932709111608e-21
5.965295781867788148e-27 5.135815785529851611e-21
5.983731519557215363e-27 5.145673525346119552e-21
6.002224232866390554e-27 5.155550188434114964e-21
6.020774097878381666e-27 5.165445811139785385e-21
6.039381291220391286e-27 5.175360429878955755e-21
6.058045990065636398e-27 5.185294081137464585e-21
6.076768372134739552e-27 5.195246801471297873e-21
6.095548615697617229e-27 5.205218627506726021e-21
6.114386899575129293e-27 5.215209595940400885e-21
6.133283403140732028e-27 5.225219743539601785e-21
6.152238306322383729e-27 5.235249107142297945e-21
6.171251789603960255e-27 5.245297723657174824e-21
6.190324034027174253e-27 5.255365630063989962e-21
6.209455221193243973e-27 5.265452863413563953e-21
6.228645533264629543e-27 5.275559460827953477e-21
6.247895152966762050e-27 5.285685459500549854e-21
6.267204263589784834e-27 5.295830896696331820e-21
6.286573048990249571e-27 5.305995809751848228e-21
6.306001693593069211e-27 5.316180236075549815e-21
6.325490382392967262e-27 5.326384213147660561e-21
6.345039300956445075e-27 5.336607778520541803e-21
6.364648635423496584e-27 5.346850969818794558e-21
6.384318572509330225e-27 5.357113824739285096e-21
6.404049299506352005e-27 5.367396381051474457e-21
6.423841004285639895e-27 5.377698676597251436e-21
6.443693875298939098e-27 5.388020749291493812e-21
6.463608101580403339e-27 5.398362637121748612e-21
6.483583872748397847e-27 5.408724378148796350e-21
6.503621379007300920e-27 5.419106010506556985e-21
6.523720811149321969e-27 5.429507572402081649e-21
6.543882360556305953e-27 5.439929102116191361e-21
6.564106219201516987e-27 5.450370638003001564e-21
6.584392579651667339e-27 5.460832218490684220e-21
6.604741635068441323e-27 5.471313882081104445e-21
6.625153579210535770e-27 5.481815667350119925e-21
6.645628606435463730e-27 5.492337612947913445e-21
6.666166911701345271e-27 5.502879757598870261e-21
6.686768690568978079e-27 5.513442140101869243e-21
6.707434139203380007e-27 5.524024799330394973e-21
6.728163454375869721e-27 5.534627774232713034e-21
6.748956833465889068e-27 5.545251103831862486e-21
6.769814474462875650e-27 5.555894827226074156e-21
6.790736575968161242e-27 5.566558983588637475e-21
6.811723337196847244e-27 5.577243612168204418e-21
6.832774957979657173e-27 5.587948752288855703e-21
6.853891638765057491e-27 5.598674443350403978e-21
6.875073580620834591e-27 5.609420724828301284e-21
6.896320985236225669e-27 5.620187636273945250e-21
6.917634054923794179e-27 5.630975217314782911e-21
6.939012992621346892e-27 5.641783507654420545e-21
6.960458001893812226e-27 5.652612547072886987e-21
6.981969286935408423e-27 5.663462375426702088e-21
7.003547052571243492e-27 5.674333032648905303e-21
7.025191504259494872e-27 5.685224558749440876e-21
7.046902848093306405e-27 5.696136993815147310e-21
7.068681290802755628e-27 5.707070378009946196e-21
7.090527039756816752e-27 5.718024751574987413e-21
7.112440302965336566e-27 5.729000154828761218e-21
7.134421289080961543e-27 5.739996628167325453e-21
7.156470207401350503e-27 5.751014212064497377e-21
7.178587267870821914e-27 5.762052947071758131e-21
7.200772681082585202e-27 5.773112873818687568e-21
7.223026658280689392e-27 5.784194033012913102e-21
7.245349411361971741e-27 5.795296465440418155e-21
7.267741152878314876e-27 5.806420211965576012e-21
7.290202096038314193e-27 5.817565313531298025e-21
7.312732454709547905e-27 5.828731811159306709e-21
7.335332443420547209e-27 5.839919745950126709e-21
7.358002277362846793e-27 5.851129159083354883e-21
7.380742172393031052e-27 5.862360091817861172e-21
7.403552345034784599e-27 5.873612585491644156e-21
7.426433012480962870e-27 5.884886681522402809e-21
7.449384392595590978e-27 5.896182421407355198e-21
7.472406703916188302e-27 5.907499846723560469e-21
7.495500165655478925e-27 5.918838999128112947e-21
7.518664997703724822e-27 5.930199920358002957e-21
7.541901420630762035e-27 5.941582652230647208e-21
7.565209655688028219e-27 5.952987236643879011e-21
7.588589924810931718e-27 5.964413715576016741e-21
7.612042450620580653e-27 5.975862131086144450e-21
7.635567456426157729e-27 5.987332525314269855e-21
7.659165166226982229e-27 5.998824940481307788e-21
7.682835804714642322e-27 6.010339418889537599e-21
7.706579597275135977e-27 6.021876002922455708e-21
7.730396769991016180e-27 6.033434735045108878e-21
7.754287549643480195e-27 6.045015657804161173e-21
7.778252163714780245e-27 6.056618813828225727e-21
7.802290840390015738e-27 6.068244245827806817e-21
7.826403808559552559e-27 6.079891996595455595e-21
7.850591297821142460e-27 6.091562109006146993e-21
7.874853538482045324e-27 6.103254626017219542e-21
7.899190761561477152e-27 6.114969590668753035e-21
7.923603198792426684e-27 6.126707046083465456e-21
7.948091082624116306e-27 6.138467035467047764e-21
7.972654646224151570e-27 6.150249602108234611e-21
7.997294123480743904e-27 6.162054789379140624e-21
8.022009749004936189e-27 6.173882640735114459e-21
8.046801758132835502e-27 6.185733199715248870e-21
8.071670386927854486e-27 6.197606509942191878e-21
8.096615872182892435e-27 6.209502615122525188e-21
8.121638451422856470e-27 6.221421559047062100e-21
8.146738362906528380e-27 6.233363385590697807e-21
8.171915845629088665e-27 6.245328138712572641e-21
8.197171139324334936e-27 6.257315862456630292e-21
8.222504484466897447e-27 6.269326600951209306e-21
8.247916122274788964e-27 6.281360398409912003e-21
8.273406294711308919e-27 6.293417299131059053e-21
8.298975244487609059e-27 6.305497347498163432e-21
8.324623215064940552e-27 6.317600587980274234e-21
8.350350450656969961e-27 6.329727065131872847e-21
8.376157196232108134e-27 6.341876823593081349e-21
8.402043697515836223e-27 6.354049908089963430e-21
8.428010200992985793e-27 6.366246363434462707e-21
8.454056953910353258e-27 6.378466234524887213e-21
8.480184204278644214e-27 6.390709566345802567e-21
8.506392200875110839e-27 6.402976403968242624e-21
8.532681193245849214e-27 6.415266792550014165e-21
8.559051431708109561e-27 6.427580777335635203e-21
8.585503167352956603e-27 6.439918403656820984e-21
8.612036652047241155e-27 6.452279716932380162e-21
8.638652138436276270e-27 6.464664762668378809e-21
8.665349879946179044e-27 6.477073586458585784e-21
8.692130130786276992e-27 6.489506233984321516e-21
8.718993145951531645e-27 6.501962751014807081e-21
8.745939181224965013e-27 6.514443183407337988e-21
8.772968493180098972e-27 6.526947577107263111e-21
8.800081339183320021e-27 6.539475978148439090e-21
8.827277977396624306e-27 6.552028432653255910e-21
8.854558666779638000e-27 6.564604986832670754e-21
8.881923667092378110e-27 6.577205686986703780e-21
8.909373238897643064e-27 6.589830579504283897e-21
8.936907643563434879e-27 6.602479710863560223e-21
8.964527143265725700e-27 6.615153127632211289e-21
8.992232000990525537e-27 6.627850876467294570e-21
9.020022480536676070e-27 6.640573004115790417e-21
9.047898846518287164e-27 6.653319557414399681e-21
9.075861364367259470e-27 6.666090583290094406e-21
9.103910300335811339e-27 6.678886128759914708e-21
9.132045921499011475e-27 6.691706240931470567e-21
9.160268495757248441e-27 6.704550967002880138e-21
9.188578291839083310e-27 6.717420354263138386e-21
9.216975579303354698e-27 6.730314450092190812e-21
9.245460628542051496e-27 6.743233301960968815e-21
9.274033710782805344e-27 6.756176957431804215e-21
9.302695098091476374e-27 6.769145464158602286e-21
9.331445063374670073e-27 6.782138869886687535e-21
9.360283880382635847e-27 6.795157222453503349e-21
9.389211823711419409e-27 6.808200569788262176e-21
9.418229168805784301e-27 6.821268959912507500e-21
9.447336191961750282e-27 6.834362440940102558e-21
9.476533170329235031e-27 6.847481061077398859e-21
9.505820381914682945e-27 6.860624868623519054e-21
9.535198105583721186e-27 6.873793911970537493e-21
9.564666621063729646e-27 6.886988239603502794e-21
9.594226208946819856e-27 6.900207900100821525e-21
9.623877150692040478e-27 6.913452942134243155e-21
9.653619728628364824e-27 6.926723414469225684e-21
9.683454225957303864e-27 6.940019365964929622e-21
9.713380926755526410e-27 6.953340845574494841e-21
9.743400115977871029e-27 6.966687902345415230e-21
9.773512079459598887e-27 6.980060585419279898e-21
9.803717103919417143e-27 6.993458944032347941e-21
9.834015476962139309e-27 7.006883027515434094e-21
9.864407487081421660e-27 7.020332885294439864e-21
9.894893423662509691e-27 7.033808566890183508e-21
9.925473576984993182e-27 7.047310121918840886e-21
9.956148238225569871e-27 7.060837600091870238e-21
9.986917699460737382e-27 7.074391051216450021e-21
1.001778225366990128e-26 7.087970525195718157e-21
1.004874219473767384e-26 7.101576072028544823e-21
1.007979781745699788e-26 7.115207741810077138e-21
1.011094941753187598e-26 7.128865584731821907e-21
1.014219729158009688e-26 7.142549651081728388e-21
1.017354173713639806e-26 7.156259991244779600e-21
1.020498305265479747e-26 7.169996655702575551e-21
1.023652153751176906e-26 7.183759695033915523e-21
1.026815749200900789e-26 7.197549159914895878e-21
1.029989121737629134e-26 7.211365101119034938e-21
1.033172301577434617e-26 7.225207569517673222e-21
1.036365319029772835e-26 7.239076616079801915e-21
1.039568204497761979e-26 7.252972291872553378e-21
1.042780988478506837e-26 7.266894648061399763e-21
1.046003701563337715e-26 7.280843735910076272e-21
1.049236374438135729e-26 7.294819606780928730e-21
1.052479037883617214e-26 7.308822312135261156e-21
1.055731722775616976e-26 7.322851903533105550e-21
1.058994460085417897e-26 7.336908432633939607e-21
1.062267280879993578e-26 7.350991951196555814e-21
1.065550216322338521e-26 7.365102511079162257e-21
1.068843297671756548e-26 7.379240164239820472e-21
1.072146556284158403e-26 7.393404962736595907e-21
1.075460023612359935e-26 7.407596958727643685e-21
1.078783731206382137e-26 7.421816204471393679e-21
1.082117710713751194e-26 7.436062752326917636e-21
1.085461993879791063e-26 7.450336654753840406e-21
1.088816612547961255e-26 7.464637964312971889e-21
1.092181598660106657e-26 7.478966733665965482e-21
1.095556984256797467e-26 7.493323015575934980e-21
1.098942801477625076e-26 7.507706862907389875e-21
1.102339082561499243e-26 7.522118328626587440e-21
1.105745859846991040e-26 7.536557465801672660e-21
1.109163165772586985e-26 7.551024327602935528e-21
1.112591032877033558e-26 7.565518967302890785e-21
1.116029493799637974e-26 7.580041438276432899e-21
1.119478581280579697e-26 7.594591794001344632e-21
1.122938328161221105e-26 7.609170088058124008e-21
1.126408767384421171e-26 7.623776374130453754e-21
1.129889931994839371e-26 7.638410706005124571e-21
1.133381855139287393e-26 7.653073137572618923e-21
1.136884570066989003e-26 7.667763722826867293e-21
1.140398110129934465e-26 7.682482515865895173e-21
1.143922508783188055e-26 7.697229570891687646e-21
1.147457799585197428e-26 7.712004942210338347e-21
1.151004016198150771e-26 7.726808684232737076e-21
1.154561192388240977e-26 7.741640851474291446e-21
1.158129362026025089e-26 7.756501498555169127e-21
1.161708559086736549e-26 7.771390680200779326e-21
1.165298817650609340e-26 7.786308451241760752e-21
1.168900171903202574e-26 7.801254866614232893e-21
1.172512656135725642e-26 7.816229981360054805e-21
1.176136304745364952e-26 7.831233850626757411e-21
1.179771152235601330e-26 7.846266529668297317e-21
1.183417233216578085e-26 7.861328073844649061e-21
1.187074582405371777e-26 7.876418538622516800e-21
1.190743234626361712e-26 7.891537979575086047e-21
1.194423224811552228e-26 7.906686452382627031e-21
1.198114588000894690e-26 7.921864012832416453e-21
1.201817359342661294e-26 7.937070716819227999e-21
1.205531574093719855e-26 7.952306620345141247e-21
1.209257267619910040e-26 7.967571779520143526e-21
1.212994475396368961e-26 7.982866250562062206e-21
1.216743233007869959e-26 7.998190089796992008e-21
1.220503576149160958e-26 8.013543353659332629e-21
1.224275540625304402e-26 8.028926098692002393e-21
1.228059162352018340e-26 8.044338381546874596e-21
1.231854477356008034e-26 8.059780258984470563e-21
1.235661521775349662e-26 8.075251787874969255e-21
1.239480331859773570e-26 8.090753025197621968e-21
1.243310943971050417e-26 8.106284028041530224e-21
1.247153394583326226e-26 8.121844853605346355e-21
1.251007720283460599e-26 8.137435559197938548e-21
1.254873957771415009e-26 8.153056202238663183e-21
1.258752143860541937e-26 8.168706840256948049e-21
1.262642315477975319e-26 8.184387530893071747e-21
1.266544509664972487e-26 8.200098331898216348e-21
1.270458763577266589e-26 8.215839301134670522e-21
1.274385114485420729e-26 8.231610496576106390e-21
1.278323599775182397e-26 8.247411976307621650e-21
1.282274256947829426e-26 8.263243798526063078e-21
1.286237123620568476e-26 8.279106021540486943e-21
1.290212237526831059e-26 8.294998703771779838e-21
1.294199636516673882e-26 8.310921903753523848e-21
1.298199358557129692e-26 8.326875680131745274e-21
1.302211441732556675e-26 8.342860091665302828e-21
1.306235924245045840e-26 8.358875197226287863e-21
1.310272844414718903e-26 8.374921055799881441e-21
1.314322240680136962e-26 8.390997726484814740e-21
1.318384151598655204e-26 8.407105268493587234e-21
1.322458615846790254e-26 8.423243741152445624e-21
1.326545672220588374e-26 8.439413203901958609e-21
1.330645359635995388e-26 8.455613716297007858e-21
1.334757717129226323e-26 8.471845338007057338e-21
1.338882783857126720e-26 8.488108128816318828e-21
1.343020599097589339e-26 8.504402148624212330e-21
1.347171202249862098e-26 8.520727457445232163e-21
1.351334632834967642e-26 8.537084115409341171e-21
1.355510930496067530e-26 8.553472182762318300e-21
1.359700134998830152e-26 8.569891719865802225e-21
1.363902286231852022e-26 8.586342787197511031e-21
1.368117424206973177e-26 8.602825445351710153e-21
1.372345589059700196e-26 8.619339755039010755e-21
1.376586821049578990e-26 8.635885777087025749e-21
1.380841160560577646e-26 8.652463572440278014e-21
1.385108648101469838e-26 8.669073202160745072e-21
1.389389324306223118e-26 8.685714727427585245e-21
1.393683229934371426e-26 8.702388209537983258e-21
1.397990405871451020e-26 8.719093709906944105e-21
1.402310893129320467e-26 8.735831290067645135e-21
1.406644732846596571e-26 8.752601011671601558e-21
1.410991966289035496e-26 8.769402936489017025e-21
1.415352634849912729e-26 8.786237126408952150e-21
1.419726780050465043e-26 8.803103643439675087e-21
1.424114443540215939e-26 8.820002549708524608e-21
1.428515667097417312e-26 8.836933907462505940e-21
1.432930492629438038e-26 8.853897779068459280e-21
1.437358962173160581e-26 8.870894227013109451e-21
1.441801117895382778e-26 8.887923313903481181e-21
1.446257002093218758e-26 8.904985102467067619e-21
1.450726657194501867e-26 8.922079655552123742e-21
1.455210125758176695e-26 8.939207036127716003e-21
1.459707450474751936e-26 8.956367307284137615e-21
1.464218674166635590e-26 8.973560532233150794e-21
1.468743839788589836e-26 8.990786774308019860e-21
1.473282990428128793e-26 9.008046096963944575e-21
1.477836169305916282e-26 9.025338563778163958e-21
1.482403419776225867e-26 9.042664238450446799e-21
1.486984785327281217e-26 9.060023184803010407e-21
1.491580309581717870e-26 9.077415466780756837e-21
1.496190036296987879e-26 9.094841148451888287e-21
1.500814009365775085e-26 9.112300294007640774e-21
1.505452272816413540e-26 9.129792967763024419e-21
1.510104870813306793e-26 9.147319234156557121e-21
1.514771847657336845e-26 9.164879157750947666e-21
1.519453247786333662e-26 9.182472803233077666e-21
1.524149115775425291e-26 9.200100235414310013e-21
1.528859496337511966e-26 9.217761519230723598e-21
1.533584434323679079e-26 9.235456719743418756e-21
1.538323974723623354e-26 9.253185902138503719e-21
1.543078162666070412e-26 9.270949131727586635e-21
1.547847043419253749e-26 9.288746473948290153e-21
1.552630662391270313e-26 9.306577994363700721e-21
1.557429065130563217e-26 9.324443758663333063e-21
1.562242297326343026e-26 9.342343832663050431e-21
1.567070404809023413e-26 9.360278282305299326e-21
1.571913433550655645e-26 9.378247173659560889e-21
1.576771429665368539e-26 9.396250572922390022e-21
1.581644439409793200e-26 9.414288546417665156e-21
1.586532509183555487e-26 9.432361160596961401e-21
1.591435685529640775e-26 9.450468482039871032e-21
1.596354015134888140e-26 9.468610577453842494e-21
1.601287544830422566e-26 9.486787513674831907e-21
1.606236321592087142e-26 9.504999357667482118e-21
1.611200392540942989e-26 9.523246176525170849e-21
1.616179804943639480e-26 9.541528037470526786e-21
1.621174606212917318e-26 9.559845007855476224e-21
1.626184843908045332e-26 9.578197155161494337e-21
1.631210565735274490e-26 9.596584546999987360e-21
1.636251819548291909e-26 9.615007251112479158e-21
1.641308653348676301e-26 9.633465335370924194e-21
1.646381115286355718e-26 9.651958867777829401e-21
1.651469253660050943e-26 9.670487916466362519e-21
1.656573116917791779e-26 9.689052549701295495e-21
1.661692753657294720e-26 9.707652835878362012e-21
1.666828212626482114e-26 9.726288843525127156e-21
1.671979542723930716e-26 9.744960641300833956e-21
1.677146792999325130e-26 9.763668297997065413e-21
1.682330012653978684e-26 9.782411882527091703e-21
1.687529251041220579e-26 9.801191463848438767e-21
1.692744557666919923e-26 9.820007111007448009e-21
1.697975982189943474e-26 9.838858893182167355e-21
1.703223574422629164e-26 9.857746879683097558e-21
1.708487384331259057e-26 9.876671139953159090e-21
1.713767462036536602e-26 9.895631743568089365e-21
1.719063857814048970e-26 9.914628760236757210e-21
1.724376622094802281e-26 9.933662259801359974e-21
1.729705805465616785e-26 9.952732312237593543e-21
1.735051458669666109e-26 9.971838987655121796e-21
1.740413632606945041e-26 9.990982356297484814e-21
1.745792378334741053e-26 1.001016248854263002e-20
1.751187747068175836e-26 1.002937945490330940e-20
1.756599790180609672e-26 1.004863332602684327e-20
1.762028559204185553e-26 1.006792417269587413e-20
1.767474105830307301e-26 1.008725206582819205e-20
1.772936481910130027e-26 1.010661707647735469e-20
1.778415739455055472e-26 1.012601927583286924e-20
1.783911930637226190e-26 1.014545873522009623e-20
1.789425107790022615e-26 1.016493552610115374e-20
1.794955323408547487e-26 1.018444972007459846e-20
1.800502630150182035e-26 1.020400138887591014e-20
1.806067080835002965e-26 1.022359060437781666e-20
1.811648728446340363e-26 1.024321743859048202e-20
1.817247626131270161e-26 1.026288196366170504e-20
1.822863827201104021e-26 1.028258425187724278e-20
1.828497385131956996e-26 1.030232437566122588e-20
1.834148353565167102e-26 1.032210240757612992e-20
1.839816786307865847e-26 1.034191842032325092e-20
1.845502737333475574e-26 1.036177248674290696e-20
1.851206260782223459e-26 1.038166467981454800e-20
1.856927410961656930e-26 1.040159507265738932e-20
1.862666242347160537e-26 1.042156373853031376e-20
1.868422809582460466e-26 1.044157075083228094e-20
1.874197167480203969e-26 1.046161618310281781e-20
1.879989371022391847e-26 1.048170010902168910e-20
1.885799475360961037e-26 1.050182260240983921e-20
1.891627535818296589e-26 1.052198373722921172e-20
1.897473607887741070e-26 1.054218358758323681e-20
1.903337747234185180e-26 1.056242222771695922e-20
1.909220009694506841e-26 1.058269973201752420e-20
1.915120451278161524e-26 1.060301617501415798e-20
1.921039128167703420e-26 1.062337163137857398e-20
1.926976096719317509e-26 1.064376617592533701e-20
1.932931413463358233e-26 1.066419988361196548e-20
1.938905135104887021e-26 1.068467282953944759e-20
1.944897318524212111e-26 1.070518508895212239e-20
1.950908020777413730e-26 1.072573673723841559e-20
1.956937299096952508e-26 1.074632784993072968e-20
1.962985210892117751e-26 1.076695850270587279e-20
1.969051813749637854e-26 1.078762877138548601e-20
1.975137165434213241e-26 1.080833873193600874e-20
1.981241323889049293e-26 1.082908846046911507e-20
1.987364347236474518e-26 1.084987803324213504e-20
1.993506293778393989e-26 1.087070752665795540e-20
1.999667221996912961e-26 1.089157701726575381e-20
2.005847190554874114e-26 1.091248658176081378e-20
2.012046258296417745e-26 1.093343629698534622e-20
2.018264484247542828e-26 1.095442623992807416e-20
2.024501927616666634e-26 1.097545648772527845e-20
2.030758647795174888e-26 1.099652711766031178e-20
2.037034704358050836e-26 1.101763820716465191e-20
2.043330157064345045e-26 1.103878983381755862e-20
2.049645065857809641e-26 1.105998207534658982e-20
2.055979490867452765e-26 1.108121500962796864e-20
2.062333492408111972e-26 1.110248871468677454e-20
2.068707130981009262e-26 1.112380326869708025e-20
2.075100467274397943e-26 1.114515874998270706e-20
2.081513562164036449e-26 1.116655523701686974e-20
2.087946476713836928e-26 1.118799280842294693e-20
2.094399272176429738e-26 1.120947154297459696e-20
2.100872009993745748e-26 1.123099151959597607e-20
2.107364751797602647e-26 1.125255281736217321e-20
2.113877559410290969e-26 1.127415551549934395e-20
2.120410494845145198e-26 1.129579969338515288e-20
2.126963620307204690e-26 1.131748543054899024e-20
2.133536998193700697e-26 1.133921280667224879e-20
2.140130691094721019e-26 1.136098190158854499e-20
2.146744761793787136e-26 1.138279279528407860e-20
2.153379273268435930e-26 1.140464556789800885e-20
2.160034288690889504e-26 1.142654029972266356e-20
2.166709871428549668e-26 1.144847707120383108e-20
2.173406085044673494e-26 1.147045596294096939e-20
2.180122993298959923e-26 1.149247705568766503e-20
2.186860660148157598e-26 1.151454043035175801e-20
2.193619149746672412e-26 1.153664616799579917e-20
2.200398526447180513e-26 1.155879434983718413e-20
2.207198854801239293e-26 1.158098505724869495e-20
2.214020199559884324e-26 1.160321837175829397e-20
2.220862625674319267e-26 1.162549437505025233e-20
2.227726198296423840e-26 1.164781314896453605e-20
2.234610982779448898e-26 1.167017477549759444e-20
2.241517044678618528e-26 1.169257933680274683e-20
2.248444449751737312e-26 1.171502691519006070e-20
2.255393263959889137e-26 1.173751759312715057e-20
2.262363553467955495e-26 1.176005145323906524e-20
2.269355384645318592e-26 1.178262857830882941e-20
2.276368824066475217e-26 1.180524905127758360e-20
2.283403938511670117e-26 1.182791295524504762e-20
2.290460794967533107e-26 1.185062037346974171e-20
2.297539460627715603e-26 1.187337138936920474e-20
2.304640002893511661e-26 1.189616608652037938e-20
2.311762489374576304e-26 1.191900454866016431e-20
2.318906987889455293e-26 1.194188685968505008e-20
2.326073566466305470e-26 1.196481310365217840e-20
2.333262293343526118e-26 1.198778336477914502e-20
2.340473236970386604e-26 1.201079772744455041e-20
2.347706466007757335e-26 1.203385627618823150e-20
2.354962049328646701e-26 1.205695909571138654e-20
2.362240056018934330e-26 1.208010627087740568e-20
2.369540555378009918e-26 1.210329788671148577e-20
2.376863616919433006e-26 1.212653402840154518e-20
2.384209310371593914e-26 1.214981478129792438e-20
2.391577705678379256e-26 1.217314023091447529e-20
2.398968872999836604e-26 1.219651046292818212e-20
2.406382882712823647e-26 1.221992556317963982e-20
2.413819805411756364e-26 1.224338561767388768e-20
2.421279711909164344e-26 1.226689071257977136e-20
2.428762673236442111e-26 1.229044093423102771e-20
2.436268760644506612e-26 1.231403636912634495e-20
2.443798045604456424e-26 1.233767710392967115e-20
2.451350599808330541e-26 1.236136322547044745e-20
2.458926495169672594e-26 1.238509482074400072e-20
2.466525803824295088e-26 1.240887197691213193e-20
2.474148598130945790e-26 1.243269478130272190e-20
2.481794950671996776e-26 1.245656332141084324e-20
2.489464934254136645e-26 1.248047768489854817e-20
2.497158621909062155e-26 1.250443795959545237e-20
2.504876086894154647e-26 1.252844423349887335e-20
2.512617402693258352e-26 1.255249659477441880e-20
2.520382643017257519e-26 1.257659513175586018e-20
2.528171881804861035e-26 1.260073993294598585e-20
2.535985193223284303e-26 1.262493108701647771e-20
2.543822651668936289e-26 1.264916868280832193e-20
2.551684331768209876e-26 1.267345280933266811e-20
2.559570308378069042e-26 1.269778355577016427e-20
2.567480656586842948e-26 1.272216101147217854e-20
2.575415451714921592e-26 1.274658526596058406e-20
2.583374769315472700e-26 1.277105640892835327e-20
2.591358685175160913e-26 1.279557453023970237e-20
2.599367275314868694e-26 1.282013971993050511e-20
2.607400615990422119e-26 1.284475206820889762e-20
2.615458783693293990e-26 1.286941166545487218e-20
2.623541855151416863e-26 1.289411860222142526e-20
2.631649907329788597e-26 1.291887296923442960e-20
2.639783017431287385e-26 1.294367485739296828e-20
2.647941262897387501e-26 1.296852435776974543e-20
2.656124721408873323e-26 1.299342156161151660e-20
2.664333470886667570e-26 1.301836656033932346e-20
2.672567589492442583e-26 1.304335944554882937e-20
2.680827155629449718e-26 1.306840030901054951e-20
2.689112247943246565e-26 1.309348924267037910e-20
2.697422945322444259e-26 1.311862633864973477e-20
2.705759326899458810e-26 1.314381168924607669e-20
2.714121472051265878e-26 1.316904538693314780e-20
2.722509460400154395e-26 1.319432752436121607e-20
2.730923371814463546e-26 1.321965819435750482e-20
2.739363286409432821e-26 1.324503748992671632e-20
2.747829284547831664e-26 1.327046550425099269e-20
2.756321446840811820e-26 1.329594233069053125e-20
2.764839854148653494e-26 1.332146806278374709e-20
2.773384587581513246e-26 1.334704279424768680e-20
2.781955728500286662e-26 1.337266661897867243e-20
2.790553358517246613e-26 1.339833963105186522e-20
2.799177559496911105e-26 1.342406192472257155e-20
2.807828413556801487e-26 1.344983359442571635e-20
2.816506003068221341e-26 1.347565473477666463e-20
2.825210410657043963e-26 1.350152544057175863e-20
2.833941719204497560e-26 1.352744580678789500e-20
2.842700011847931504e-26 1.355341592858372856e-20
2.851485371981700245e-26 1.357943590129953381e-20
2.860297883257818789e-26 1.360550582045756456e-20
2.869137629586852355e-26 1.363162578176257306e-20
2.878004695138691235e-26 1.365779588110197997e-20
2.886899164343328528e-26 1.368401621454630172e-20
2.895821121891759552e-26 1.371028687834971623e-20
2.904770652736646503e-26 1.373660796895008998e-20
2.913747842093220170e-26 1.376297958296925793e-20
2.922752775440070285e-26 1.378940181721384497e-20
2.931785538519957128e-26 1.381587476867522384e-20
2.940846217340628284e-26 1.384239853452968365e-20
2.949934898175639999e-26 1.386897321213955232e-20
2.959051667565174515e-26 1.389559889905277225e-20
2.968196612316844202e-26 1.392227569300344808e-20
2.977369819506611641e-26 1.394900369191268921e-20
2.986571376479475514e-26 1.397578299388827881e-20
2.995801370850398148e-26 1.400261369722542313e-20
3.005059890505115383e-26 1.402949590040680867e-20
3.014347023600949324e-26 1.405642970210335151e-20
3.023662858567746778e-26 1.408341520117457040e-20
3.033007484108572040e-26 1.411045249666812341e-20
3.042380989200650507e-26 1.413754168782148703e-20
3.051783463096193467e-26 1.416468287406099627e-20
3.061214995323243569e-26 1.419187615500322587e-20
3.070675675686531757e-26 1.421912163045483385e-20
3.080165594268328470e-26 1.424641940041282029e-20
3.089684841429279350e-26 1.427376956506530973e-20
3.099233507809365491e-26 1.430117222479179497e-20
3.108811684328614021e-26 1.432862748016320620e-20
3.118419462188065240e-26 1.435613543194247683e-20
3.128056932870617511e-26 1.438369618108500683e-20
3.137724188141870421e-26 1.441130982873881931e-20
3.147421320051101685e-26 1.443897647624525556e-20
3.157148420931991494e-26 1.446669622513889689e-20
3.166905583403601140e-26 1.449446917714827476e-20
3.176692900371231677e-26 1.452229543419590693e-20
3.186510465027308412e-26 1.455017509839918818e-20
3.196358370852267691e-26 1.457810827207035421e-20
3.206236711615445408e-26 1.460609505771673440e-20
3.216145581375972974e-26 1.463413555804165463e-20
3.226085074483645163e-26 1.466222987594427774e-20
3.236055285579922843e-26 1.469037811452030172e-20
3.246056309598677412e-26 1.471858037706211013e-20
3.256088241767199847e-26 1.474683676705935895e-20
3.266151177607081173e-26 1.477514738819925643e-20
3.276245212935093510e-26 1.480351234436681586e-20
3.286370443864212891e-26 1.483193173964545740e-20
3.296526966804370593e-26 1.486040567831726995e-20
3.306714878463480544e-26 1.488893426486328793e-20
3.316934275848330704e-26 1.491751760396407213e-20
3.327185256265510025e-26 1.494615580049989022e-20
3.337467917322333126e-26 1.497484895955129455e-20
3.347782356927768401e-26 1.500359718639929971e-20
3.358128673293345469e-26 1.503240058652596929e-20
3.368506964934199803e-26 1.506125926561480413e-20
3.378917330669843003e-26 1.509017332955069114e-20
3.389359869625218325e-26 1.511914288442082411e-20
3.399834681231612153e-26 1.514816803651487528e-20
3.410341865227604494e-26 1.517724889232526316e-20
3.420881521659989629e-26 1.520638555854776637e-20
3.431453750884838536e-26 1.523557814208168019e-20
3.442058653568290396e-26 1.526482675003054174e-20
3.452696330687620183e-26 1.529413148970207284e-20
3.463366883532171936e-26 1.532349246860867652e-20
3.474070413704326485e-26 1.535290979446837591e-20
3.484807023120465140e-26 1.538238357520443810e-20
3.495576814011941434e-26 1.541191391894609633e-20
3.506379888926027022e-26 1.544150093402892618e-20
3.517216350727001657e-26 1.547114472899547751e-20
3.528086302596959619e-26 1.550084541259521125e-20
3.538989848036910022e-26 1.553060309378522765e-20
3.549927090867729600e-26 1.556041788173055520e-20
3.560898135231126416e-26 1.559028988580431306e-20
3.571903085590744175e-26 1.562021921558856575e-20
3.582942046732984157e-26 1.565020598087469931e-20
3.594015123768119294e-26 1.568025029166305413e-20
3.605122422131265329e-26 1.571035225816421896e-20
3.616264047583385846e-26 1.574051199079906701e-20
3.627440106212297289e-26 1.577072960019930065e-20
3.638650704433681451e-26 1.580100519720727385e-20
3.649895948992097387e-26 1.583133889287739446e-20
3.661175946961966922e-26 1.586173079847531177e-20
3.672490805748717429e-26 1.589218102547998988e-20
3.683840633089620403e-26 1.592268968558197431e-20
3.695225537054940554e-26 1.595325689068570922e-20
3.706645626048932791e-26 1.598388275290882714e-20
3.718101008810845531e-26 1.601456738458287727e-20
3.729591794416076673e-26 1.604531089825396041e-20
3.741118092277029395e-26 1.607611340668268984e-20
3.752680012144277886e-26 1.610697502284482328e-20
3.764277664107578687e-26 1.613789585993178046e-20
3.775911158596921061e-26 1.616887603135094108e-20
3.787580606383578504e-26 1.619991565072605401e-20
3.799286118581161992e-26 1.623101483189742391e-20
3.811027806646649676e-26 1.626217368892276584e-20
3.822805782381568126e-26 1.629339233607752727e-20
3.834620157932874518e-26 1.632467088785493018e-20
3.846471045794147630e-26 1.635600945896663917e-20
3.858358558806626156e-26 1.638740816434326695e-20
3.870282810160253909e-26 1.641886711913457599e-20
3.882243913394882291e-26 1.645038643871035425e-20
3.894241982401162821e-26 1.648196623865990355e-20
3.906277131421757064e-26 1.651360663479337571e-20
3.918349475052394466e-26 1.654530774314197718e-20
3.930459128242961750e-26 1.657706967995791187e-20
3.942606206298596906e-26 1.660889256171549456e-20
3.954790824880790644e-26 1.664077650511088610e-20
3.967013100008483826e-26 1.667272162706332118e-20
3.979273148059141372e-26 1.670472804471436806e-20
3.991571085769990313e-26 1.673679587542998390e-20
4.003907030238935851e-26 1.676892523679906727e-20
4.016281098925808027e-26 1.680111624663553462e-20
4.028693409653444230e-26 1.683336902297766717e-20
4.041144080608781468e-26 1.686568368408878807e-20
4.053633230344112217e-26 1.689806034845816516e-20
4.066160977778015976e-26 1.693049913480106811e-20
4.078727442196621435e-26 1.696300016205873840e-20
4.091332743254712513e-26 1.699556354939975847e-20
4.103977000976865402e-26 1.702818941621989826e-20
4.116660335758592490e-26 1.706087788214240714e-20
4.129382868367486860e-26 1.709362906701906712e-20
4.142144719944342111e-26 1.712644309093001534e-20
4.154946012004436332e-26 1.715932007418453845e-20
4.167786866438491211e-26 1.719226013732137964e-20
4.180667405513963468e-26 1.722526340110906959e-20
4.193587751876179025e-26 1.725832998654659155e-20
4.206548028549462586e-26 1.729146001486345356e-20
4.219548358938450304e-26 1.732465360752086807e-20
4.232588866829055781e-26 1.735791088621120429e-20
4.245669676389787332e-26 1.739123197285928512e-20
4.258790912172897075e-26 1.742461698962209229e-20
4.271952699115564463e-26 1.745806605888994599e-20
4.285155162541087274e-26 1.749157930328633333e-20
4.298398428160074901e-26 1.752515684566859143e-20
4.311682622071645654e-26 1.755879880912860258e-20
4.325007870764590202e-26 1.759250531699261971e-20
4.338374301118720983e-26 1.762627649282245203e-20
4.351782040405864026e-26 1.766011246041529047e-20
4.365231216291214669e-26 1.769401334380453827e-20
4.378721956834518800e-26 1.772797926726011490e-20
4.392254390491252936e-26 1.776201035528866975e-20
4.405828646113993727e-26 1.779610673263465637e-20
4.419444852953428713e-26 1.783026852428014595e-20
4.433103140659730419e-26 1.786449585544566690e-20
4.446803639283755377e-26 1.789878885159039140e-20
4.460546479278280466e-26 1.793314763841298706e-20
4.474331791499248428e-26 1.796757234185141223e-20
4.488159707207012240e-26 1.800206308808428530e-20
4.502030358067582927e-26 1.803662000353004201e-20
4.515943876153850403e-26 1.807124321484881633e-20
4.529900393946984534e-26 1.810593284894224780e-20
4.543900044337479197e-26 1.814068903295380657e-20
4.557942960626560798e-26 1.817551189426901005e-20
4.572029276527425192e-26 1.821040156051689745e-20
4.586159126166469419e-26 1.824535815956920827e-20
4.600332644084721471e-26 1.828038181954213366e-20
4.614549965238895825e-26 1.831547266879587409e-20
4.628811225002826654e-26 1.835063083593497335e-20
4.643116559168723098e-26 1.838585644980981719e-20
4.657466103948456687e-26 1.842114963951606154e-20
4.671859995974864829e-26 1.845651053439549016e-20
4.686298372303046267e-26 1.849193926403646904e-20
4.700781370411630700e-26 1.852743595827469571e-20
4.715309128204241270e-26 1.856300074719326541e-20
4.729881784010575343e-26 1.859863376112299617e-20
4.744499476587876756e-26 1.863433513064358126e-20
4.759162345122219782e-26 1.867010498658337861e-20
4.773870529229793114e-26 1.870594346002016009e-20
4.788624168958384724e-26 1.874185068228184580e-20
4.803423404788485615e-26 1.877782678494644683e-20
4.818268377634779274e-26 1.881387189984280260e-20
4.833159228847445166e-26 1.884998615905119773e-20
4.848096100213506418e-26 1.888616969490382546e-20
4.863079133958177503e-26 1.892242263998461010e-20
4.878108472746221113e-26 1.895874512713088022e-20
4.893184259683305028e-26 1.899513728943265240e-20
4.908306638317322822e-26 1.903159926023389814e-20
4.923475752639925796e-26 1.906813117313277560e-20
4.938691747087648540e-26 1.910473316198209600e-20
4.953954766543447745e-26 1.914140536088954935e-20
4.969264956338041284e-26 1.917814790421898938e-20
4.984622462251249007e-26 1.921496092658970531e-20
5.000027430513546489e-26 1.925184456287825447e-20
5.015480007807211817e-26 1.928879894821773712e-20
5.030980341267885079e-26 1.932582421799923482e-20
5.046528578485929820e-26 1.936292050787147042e-20
5.062124867507835260e-26 1.940008795374212911e-20
5.077769356837629981e-26 1.943732669177765380e-20
5.093462195438293330e-26 1.947463685840401850e-20
5.109203532733132946e-26 1.951201859030734821e-20
5.124993518607374092e-26 1.954947202443442451e-20
5.140832303409336869e-26 1.958699729799261632e-20
5.156720037952034154e-26 1.962459454845107460e-20
5.172656873514567500e-26 1.966226391354093694e-20
5.188642961843520166e-26 1.970000553125570077e-20
5.204678455154581457e-26 1.973781953985199066e-20
5.220763506133729678e-26 1.977570607784991649e-20
5.236898267938865089e-26 1.981366528403344049e-20
5.253082894201220722e-26 1.985169729745115072e-20
5.269317539026827160e-26 1.988980225741647767e-20
5.285602356997978462e-26 1.992798030350848572e-20
5.301937503174707268e-26 1.996623157557224027e-20
5.318323133096256467e-26 2.000455621371929523e-20
5.334759402782521008e-26 2.004295435832792777e-20
5.351246468735705537e-26 2.008142615004420055e-20
5.367784487941551545e-26 2.011997172978234394e-20
5.384373617871012220e-26 2.015859123872481618e-20
5.401014016481701150e-26 2.019728481832311887e-20
5.417705842219357100e-26 2.023605261029842296e-20
5.434449254019528046e-26 2.027489475664196290e-20
5.451244411308817841e-26 2.031381139961538878e-20
5.468091474006584025e-26 2.035280268175156973e-20
5.484990602526412932e-26 2.039186874585482270e-20
5.501941957777649896e-26 2.043100973500170989e-20
5.518945701166931762e-26 2.047022579254155932e-20
5.536001994599719386e-26 2.050951706209639868e-20
5.553111000481797998e-26 2.054888368756191523e-20
5.570272881721003712e-26 2.058832581310868364e-20
5.587487801728504627e-26 2.062784358318125112e-20
5.604755924420535375e-26 2.066743714249981060e-20
5.622077414219910106e-26 2.070710663605970119e-20
5.639452436057596322e-26 2.074685220913324985e-20
5.656881155374232457e-26 2.078667400726882947e-20
5.674363738121887674e-26 2.082657217629299849e-20
5.691900350765369377e-26 2.086654686230925505e-20
5.709491160283989890e-26 2.090659821170004113e-20
5.727136334173111596e-26 2.094672637112639054e-20
5.744836040445739129e-26 2.098693148752889180e-20
5.762590447634121906e-26 2.102721370812791390e-20
5.780399724791358954e-26 2.106757318042445789e-20
5.798264041492960110e-26 2.110801005220036452e-20
5.816183567838648295e-26 2.114852447151931032e-20
5.834158474453698016e-26 2.118911658672673536e-20
5.852188932490751412e-26 2.122978654645068287e-20
5.870275113631393233e-26 2.127053449960247327e-20
5.888417190087744187e-26 2.131136059537710744e-20
5.906615334604290761e-26 2.135226498325363384e-20
5.924869720459238647e-26 2.139324781299600316e-20
5.943180521466363228e-26 2.143430923465345045e-20
5.961547911976605219e-26 2.147544939856088337e-20
5.979972066879740923e-26 2.151666845533972778e-20
5.998453161606041015e-26 2.155796655589817145e-20
6.016991372127943091e-26 2.159934385143200070e-20
6.035586874961729964e-26 2.164080049342500057e-20
6.054239847169155151e-26 2.168233663364918959e-20
6.072950466359330094e-26 2.172395242416629129e-20
6.091718910690121207e-26 2.176564801732720457e-20
6.110545358870037094e-26 2.180742356577285532e-20
6.129429990159887329e-26 2.184927922243536402e-20
6.148372984374436644e-26 2.189121514053783208e-20
6.167374521884316251e-26 2.193323147359549742e-20
6.186434783617442708e-26 2.197532837541552978e-20
6.205553951060940716e-26 2.201750600009849932e-20
6.224732206262817973e-26 2.205976450203800642e-20
6.243969731833706608e-26 2.210210403592202083e-20
6.263266710948590828e-26 2.214452475673326984e-20
6.282623327348559838e-26 2.218702681974917815e-20
6.302039765342502196e-26 2.222961038054321295e-20
6.321516209809069951e-26 2.227227559498527817e-20
6.341052846198122756e-26 2.231502261924166030e-20
6.360649860532708069e-26 2.235785160977635548e-20
6.380307439410776179e-26 2.240076272335134333e-20
6.400025770006905570e-26 2.244375611702696916e-20
6.419805040074294601e-26 2.248683194816284070e-20
6.439645437946236612e-26 2.252999037441823736e-20
6.459547152538118498e-26 2.257323155375250749e-20
6.479510373349173614e-26 2.261655564442611554e-20
6.499535290464278312e-26 2.265996280500026296e-20
6.519622094555769133e-26 2.270345319433889535e-20
6.539770976885253114e-26 2.274702697160782073e-20
6.559982129305433019e-26 2.279068429627642483e-20
6.580255744261876321e-26 2.283442532811726186e-20
6.600592014795066577e-26 2.287825022720760726e-20
6.620991134541914122e-26 2.292215915392921997e-20
6.641453297737821218e-26 2.296615226896941073e-20
6.661978699218473997e-26 2.301022973332145434e-20
6.682567534421638990e-26 2.305439170828484244e-20
6.703219999389253537e-26 2.309863835546667982e-20
6.723936290768952545e-26 2.314296983678161219e-20
6.744716605816166937e-26 2.318738631445224446e-20
6.765561142395947727e-26 2.323188795101054909e-20
6.786470098984842915e-26 2.327647490929761931e-20
6.807443674672795033e-26 2.332114735246475851e-20
6.828482069165032957e-26 2.336590544397372697e-20
6.849585482783917804e-26 2.341074934759750621e-20
6.870754116471076953e-26 2.345567922742137331e-20
6.891988171788976735e-26 2.350069524784234421e-20
6.913287850923067933e-26 2.354579757357074152e-20
6.934653356683658085e-26 2.359098636963031187e-20
6.956084892507781478e-26 2.363626180135896020e-20
6.977582662461361878e-26 2.368162403440986917e-20
6.999146871240823093e-26 2.372707323475107489e-20
7.020777724175255144e-26 2.377260956866640279e-20
7.042475427228319851e-26 2.381823320275674054e-20
7.064240187000209224e-26 2.386394430393979426e-20
7.086072210729611893e-26 2.390974303945119300e-20
7.107971706295688717e-26 2.395562957684474747e-20
7.129938882220049543e-26 2.400160408399340399e-20
7.151973947668681754e-26 2.404766672908949730e-20
7.174077112454176127e-26 2.409381768064586697e-20
7.196248587037372991e-26 2.414005710749561365e-20
7.218488582529598413e-26 2.418638517879390463e-20
7.240797310694620304e-26 2.423280206401703495e-20
7.263174983950601061e-26 2.427930793296441053e-20
7.285621815372361319e-26 2.432590295575898448e-20
7.308138018693049059e-26 2.437258730284667031e-20
7.330723808306412537e-26 2.441936114499850256e-20
7.353379399268787373e-26 2.446622465331021253e-20
7.376105007301137596e-26 2.451317799920336277e-20
7.398900848791111612e-26 2.456022135442579241e-20
7.421767140795107353e-26 2.460735489105188802e-20
7.444704101040271996e-26 2.465457878148405818e-20
7.467711947926818514e-26 2.470189319845250772e-20
7.490790900529748737e-26 2.474929831501635422e-20
7.513941178601168758e-26 2.479679430456409440e-20
7.537163002572335713e-26 2.484438134081404653e-20
7.560456593555743597e-26 2.489205959781531934e-20
7.583822173347175789e-26 2.493982924994791443e-20
7.607259964428059478e-26 2.498769047192441438e-20
7.630770189967212841e-26 2.503564343878936892e-20
7.654353073823223579e-26 2.508368832592028193e-20
7.678008840546509473e-26 2.513182530902912213e-20
7.701737715381462749e-26 2.518005456416153159e-20
7.725539924268594432e-26 2.522837626769872163e-20
7.749415693846682150e-26 2.527679059635701236e-20
7.773365251454867428e-26 2.532529772718919588e-20
7.797388825135074405e-26 2.537389783758552635e-20
7.821486643633799478e-26 2.542259110527328964e-20
7.845658936404543794e-26 2.547137770831796793e-20
7.869905933609932356e-26 2.552025782512406726e-20
7.894227866123844603e-26 2.556923163443520781e-20
7.918624965533867571e-26 2.561829931533586624e-20
7.943097464143118823e-26 2.566746104725074076e-20
7.967645594972709937e-26 2.571671700994593679e-20
7.992269591763904642e-26 2.576606738352980651e-20
8.016969688980342385e-26 2.581551234845339726e-20
8.041746121810275670e-26 2.586505208551074947e-20
8.066599126168802811e-26 2.591468677584045242e-20
8.091528938700117903e-26 2.596441660092556001e-20
8.116535796779698800e-26 2.601424174259406622e-20
8.141619938516829147e-26 2.606416238302047290e-20
8.166781602756470680e-26 2.611417870472552500e-20
8.192021029081801326e-26 2.616429089057759785e-20
8.217338457816430734e-26 2.621449912379225171e-20
8.242734130026620401e-26 2.626480358793436544e-20
8.268208287523849325e-26 2.631520446691806722e-20
8.293761172866713850e-26 2.636570194500662623e-20
8.319393029363501359e-26 2.641629620681481494e-20
8.345104101074444833e-26 2.646698743730787994e-20
8.370894632814046288e-26 2.651777582180332340e-20
8.396764870153404810e-26 2.656866154597120702e-20
8.422715059422557206e-26 2.661964479583481408e-20
8.448745447712753233e-26 2.667072575777073971e-20
8.474856282879086682e-26 2.672190461851127723e-20
8.501047813542438848e-26 2.677318156514318736e-20
8.527320289092121096e-26 2.682455678510893505e-20
8.553673959688185674e-26 2.687603046620813090e-20
8.580109076263729632e-26 2.692760279659686610e-20
8.606625890527571828e-26 2.697927396479048098e-20
8.633224654966226246e-26 2.703104415966139532e-20
8.659905622846584737e-26 2.708291357044263821e-20
8.686669048218261122e-26 2.713488238672584390e-20
8.713515185916008761e-26 2.718695079846424900e-20
8.740444291562148451e-26 2.723911899597220802e-20
8.767456621568999778e-26 2.729138716992607203e-20
8.794552433141325081e-26 2.734375551136468825e-20
8.821731984278705701e-26 2.739622421169006808e-20
8.848995533778286712e-26 2.744879346266925887e-20
8.876343341236807633e-26 2.750146345643287539e-20
8.903775667053365531e-26 2.755423438547774798e-20
8.931292772431818813e-26 2.760710644266663369e-20
8.958894919383203646e-26 2.766007982122851114e-20
8.986582370728521169e-26 2.771315471476086161e-20
9.014355390100799197e-26 2.776633131722876015e-20
9.042214241947896645e-26 2.781960982296639236e-20
9.070159191534949802e-26 2.787299042667733114e-20
9.098190504946894357e-26 2.792647332343565019e-20
9.126308449091001212e-26 2.798005870868620683e-20
9.154513291699420322e-26 2.803374677824576752e-20
9.182805301331648774e-26 2.808753772830347724e-20
9.211184747377393761e-26 2.814143175542138919e-20
9.239651900058687092e-26 2.819542905653576472e-20
9.268207030432752755e-26 2.824952982895657989e-20
9.296850410394519769e-26 2.830373427037002310e-20
9.325582312679129289e-26 2.835804257883740573e-20
9.354403010864841203e-26 2.841245495279749741e-20
9.383312779375179635e-26 2.846697159106539442e-20
9.412311893481847579e-26 2.852159269283507768e-20
9.441400629307277624e-26 2.857631845767888906e-20
9.470579263827258454e-26 2.863114908554866287e-20
9.499848074873570526e-26 2.868608477677706805e-20
9.529207341136632078e-26 2.874112573207667523e-20
9.558657342168157766e-26 2.879627215254271327e-20
9.588198358383733508e-26 2.885152423965176920e-20
9.617830671065805721e-26 2.890688219526434615e-20
9.647554562365891119e-26 2.896234622162454435e-20
9.677370315307571695e-26 2.901791652136100604e-20
9.707278213789110884e-26 2.907359329748724043e-20
9.737278542586084655e-26 2.912937675340314648e-20
9.767371587354402891e-26 2.918526709289536187e-20
9.797557634632555923e-26 2.924126452013796725e-20
9.827836971844662313e-26 2.929736923969323852e-20
9.858209887303122905e-26 2.935358145651194774e-20
9.888676670211367854e-26 2.940990137593514466e-20
9.919237610666610540e-26 2.946632920369386780e-20
9.949892999662610670e-26 2.952286514591046853e-20
9.980643129092439675e-26 2.957950940909896617e-20
1.001148829175118527e-25 2.963626220016620353e-20
1.004242878133906351e-25 2.969312372641235853e-20
1.007346489246372503e-25 2.975009419553149183e-20
1.010459692064338435e-25 2.980717381561272048e-20
1.013582516230955883e-25 2.986436279514051283e-20
1.016714991480979965e-25 2.992166134299589219e-20
1.019857147641086129e-25 2.997906966845695449e-20
1.023009014630104333e-25 3.003658798119962056e-20
1.026170622459336679e-25 3.009421649129796111e-20
1.029342001232835335e-25 3.015195540922601438e-20
1.032523181147688940e-25 3.020980494585748518e-20
1.035714192494310172e-25 3.026776531246712312e-20
1.038915065656724102e-25 3.032583672073107172e-20
1.042125831112849337e-25 3.038401938272802997e-20
1.045346519434821727e-25 3.044231351093981805e-20
1.048577161289234757e-25 3.050071931825191906e-20
1.051817787437465783e-25 3.055923701795489328e-20
1.055068428735959579e-25 3.061786682374381856e-20
1.058329116136514634e-25 3.067660894972083003e-20
1.061599880686611691e-25 3.073546361039498777e-20
1.064880753529657343e-25 3.079443102068240317e-20
1.068171765905316247e-25 3.085351139590787596e-20
1.071472949149798569e-25 3.091270495182346743e-20
1.074784334696159138e-25 3.097201190528152865e-20
1.078105954074596600e-25 3.103143247446391023e-20
1.081437838912753953e-25 3.109096687803835082e-20
1.084780020936018842e-25 3.115061533509794877e-20
1.088132531967817669e-25 3.121037806516198063e-20
1.091495403929953545e-25 3.127025528817697845e-20
1.094868668842857458e-25 3.133024722451713308e-20
1.098252358825928068e-25 3.139035409498533531e-20
1.101646506097829023e-25 3.145057612081451805e-20
1.105051142976786965e-25 3.151091352366689795e-20
1.108466301880934993e-25 3.157136652563730971e-20
1.111892015328566821e-25 3.163193534925202644e-20
1.115328315938483456e-25 3.169262021747008371e-20
1.118775236430294186e-25 3.175342135368501892e-20
1.122232809624728137e-25 3.181433898172414910e-20
1.125701068443946739e-25 3.187537332585148985e-20
1.129180045911857345e-25 3.193652461076631696e-20
1.132669775154418587e-25 3.199779306160563397e-20
1.136170289399992331e-25 3.205917890394527359e-20
1.139681621979605182e-25 3.212068236379915137e-20
1.143203806327302050e-25 3.218230366762106528e-20
1.146736875980456093e-25 3.224404304230624244e-20
1.150280864580077975e-25 3.230590071519058680e-20
1.153835805871174714e-25 3.236787691405366439e-20
1.157401733703012786e-25 3.242997186711770416e-20
1.160978682029480651e-25 3.249218580304871146e-20
1.164566684909399844e-25 3.255451895095873702e-20
1.168165776506851909e-25 3.261697154040559408e-20
1.171775991091501199e-25 3.267954380139329773e-20
1.175397363038923191e-25 3.274223596437453853e-20
1.179029926830931189e-25 3.280504826025020705e-20
1.182673717055893847e-25 3.286798092037072998e-20
1.186328768409105262e-25 3.293103417653696089e-20
1.189995115693055664e-25 3.299420826100130567e-20
1.193672793817801969e-25 3.305750340646816189e-20
1.197361837801290813e-25 3.312091984609502622e-20
1.201062282769681810e-25 3.318445781349339722e-20
1.204774163957721323e-25 3.324811754273015353e-20
1.208497516709019351e-25 3.331189926832703633e-20
1.212232376476424673e-25 3.337580322526342990e-20
1.215978778822353852e-25 3.343982964897586807e-20
1.219736759419128039e-25 3.350397877535939442e-20
1.223506354049314603e-25 3.356825084076823035e-20
1.227287598606066233e-25 3.363264608201789960e-20
1.231080529093453381e-25 3.369716473638372364e-20
1.234885181626847449e-25 3.376180704160462536e-20
1.238701592433203867e-25 3.382657323588163650e-20
1.242529797851447808e-25 3.389146355788026289e-20
1.246369834332809612e-25 3.395647824673068313e-20
1.250221738441172386e-25 3.402161754202913276e-20
1.254085546853408811e-25 3.408688168383788028e-20
1.257961296359773047e-25 3.415227091268784515e-20
1.261849023864188642e-25 3.421778546957805011e-20
1.265748766384639976e-25 3.428342559597730642e-20
1.269660561053516877e-25 3.434919153382437626e-20
1.273584445117965432e-25 3.441508352552992286e-20
1.277520455940244764e-25 3.448110181397692566e-20
1.281468630998081985e-25 3.454724664252113178e-20
1.285429007885018176e-25 3.461351825499249443e-20
1.289401624310809027e-25 3.467991689569732750e-20
1.293386518101720542e-25 3.474644280941654822e-20
1.297383727200931285e-25 3.481309624140858407e-20
1.301393289668882953e-25 3.487987743741009499e-20
1.305415243683632573e-25 3.494678664363637666e-20
1.309449627541258412e-25 3.501382410678286511e-20
1.313496479656160508e-25 3.508099007402553996e-20
1.317555838561469566e-25 3.514828479302191748e-20
1.321627742909402368e-25 3.521570851191297052e-20
1.325712231471630715e-25 3.528326147932285162e-20
1.329809343139649688e-25 3.535094394436010278e-20
1.333919116925149359e-25 3.541875615661935264e-20
1.338041591960384649e-25 3.548669836618181005e-20
1.342176807498538086e-25 3.555477082361568530e-20
1.346324802914136273e-25 3.562297377997819437e-20
1.350485617703360987e-25 3.569130748681599821e-20
1.354659291484466794e-25 3.575977219616569029e-20
1.358845863998149315e-25 3.582836816055577067e-20
1.363045375107910498e-25 3.589709563300686264e-20
1.367257864800485198e-25 3.596595486703292849e-20
1.371483373186152492e-25 3.603494611664252137e-20
1.375721940499163871e-25 3.610406963633925470e-20
1.379973607098115168e-25 3.617332568112327675e-20
1.384238413466329743e-25 3.624271450649125255e-20
1.388516400212245109e-25 3.631223636843937318e-20
1.392807608069798417e-25 3.638189152346207985e-20
1.397112077898804120e-25 3.645168022855402590e-20
1.401429850685387907e-25 3.652160274121213517e-20
1.405760967542309264e-25 3.659165931943427793e-20
1.410105469709397242e-25 3.666185022172255696e-20
1.414463398553932949e-25 3.673217570708254323e-20
1.418834795571031353e-25 3.680263603502552684e-20
1.423219702384083015e-25 3.687323146556876372e-20
1.427618160745080105e-25 3.694396225923674562e-20
1.432030212535061570e-25 3.701482867706243385e-20
1.436455899764499307e-25 3.708583098058780097e-20
1.440895264573698565e-25 3.715696943186530532e-20
1.445348349233199033e-25 3.722824429345789105e-20
1.449815196144177543e-25 3.729965582844209363e-20
1.454295847838851915e-25 3.737120430040642091e-20
1.458790346980873323e-25 3.744288997345449479e-20
1.463298736365781112e-25 3.751471311220524979e-20
1.467821058921338226e-25 3.758667398179400441e-20
1.472357357707987401e-25 3.765877284787262958e-20
1.476907675919250420e-25 3.773100997661249180e-20
1.481472056882125533e-25 3.780338563470358038e-20
1.486050544057549845e-25 3.787590008935688480e-20
1.490643181040740258e-25 3.794855360830490026e-20
1.495250011561656320e-25 3.802134645980238601e-20
1.499871079485405222e-25 3.809427891262740055e-20
1.504506428812658959e-25 3.816735123608316133e-20
1.509156103680073788e-25 3.824056369999852626e-20
1.513820148360710377e-25 3.831391657472878212e-20
1.518498607264442244e-25 3.838741013115642698e-20
1.523191524938429396e-25 3.846104464069436002e-20
1.527898946067466847e-25 3.853482037528397363e-20
1.532620915474461240e-25 3.860873760739754283e-20
1.537357478120843656e-25 3.868279661003983213e-20
1.542108679106985620e-25 3.875699765674834839e-20
1.546874563672680094e-25 3.883134102159519448e-20
1.551655177197494583e-25 3.890582697918649754e-20
1.556450565201255569e-25 3.898045580466539415e-20
1.561260773344467967e-25 3.905522777371254794e-20
1.566085847428750658e-25 3.913014316254583061e-20
1.570925833397272245e-25 3.920520224792333121e-20
1.575780777335188421e-25 3.928040530714330793e-20
1.580650725470081633e-25 3.935575261804584328e-20
1.585535724172386967e-25 3.943124445901305467e-20
1.590435819955886683e-25 3.950688110897186297e-20
1.595351059478074342e-25 3.958266284739227723e-20
1.600281489540651638e-25 3.965858995429183031e-20
1.605227157089961401e-25 3.973466271023386363e-20
1.610188109217419910e-25 3.981088139632972993e-20
1.615164393160019699e-25 3.988724629424102617e-20
1.620156056300699418e-25 3.996375768617812496e-20
1.625163146168847323e-25 4.004041585490382787e-20
1.630185710440742088e-25 4.011722108373246261e-20
1.635223796940004864e-25 4.019417365653270574e-20
1.640277453638056621e-25 4.027127385772666180e-20
1.645346728654572961e-25 4.034852197229298699e-20
1.650431670257930209e-25 4.042591828576684699e-20
1.655532326865719006e-25 4.050346308424186094e-20
1.660648747045123358e-25 4.058115665436980659e-20
1.665780979513437670e-25 4.065899928336315403e-20
1.670929073138516969e-25 4.073699125899501759e-20
1.676093076939242969e-25 4.081513286960173778e-20
1.681273040085975445e-25 4.089342440408194238e-20
1.686469011901077299e-25 4.097186615190002518e-20
1.691681041859300272e-25 4.105045840308548994e-20
1.696909179588311388e-25 4.112920144823467771e-20
1.702153474869152593e-25 4.120809557851218119e-20
1.707413977636713479e-25 4.128714108565109751e-20
1.712690737980207677e-25 4.136633826195561620e-20
1.717983806143648798e-25 4.144568740030011638e-20
1.723293232526316267e-25 4.152518879413263952e-20
1.728619067683290263e-25 4.160484273747425741e-20
1.733961362325849142e-25 4.168464952492082363e-20
1.739320167322008508e-25 4.176460945164440591e-20
1.744695533696991179e-25 4.184472281339351483e-20
1.750087512633699915e-25 4.192498990649547518e-20
1.755496155473259933e-25 4.200541102785697960e-20
1.760921513715423904e-25 4.208598647496461221e-20
1.766363639019118601e-25 4.216671654588723199e-20
1.771822583202922904e-25 4.224760153927621947e-20
1.777298398245560039e-25 4.232864175436722216e-20
1.782791136286394406e-25 4.240983749098044943e-20
1.788300849625926576e-25 4.249118904952300170e-20
1.793827590726291724e-25 4.257269673098946625e-20
1.799371412211744522e-25 4.265436083696216399e-20
1.804932366869218878e-25 4.273618166961473653e-20
1.810510507648742572e-25 4.281815953171060540e-20
1.816105887664000206e-25 4.290029472660565633e-20
1.821718560192824066e-25 4.298258755824943694e-20
1.827348578677686363e-25 4.306503833118538543e-20
1.832995996726268149e-25 4.314764735055358108e-20
1.838660868111880386e-25 4.323041492209037708e-20
1.844343246774034701e-25 4.331334135212989918e-20
1.850043186818943206e-25 4.339642694760617020e-20
1.855760742520033229e-25 4.347967201605365774e-20
1.861495968318463664e-25 4.356307686560820704e-20
1.867248918823643839e-25 4.364664180500819052e-20
1.873019648813738155e-25 4.373036714359666244e-20
1.878808213236248777e-25 4.381425319132194264e-20
1.884614667208447268e-25 4.389830025873851335e-20
1.890439066017960034e-25 4.398250865700819883e-20
1.896281465123279849e-25 4.406687869790298198e-20
1.902141920154278531e-25 4.415141069380304839e-20
1.908020486912798585e-25 4.423610495770145667e-20
1.913917221373091037e-25 4.432096180320350654e-20
1.919832179682411209e-25 4.440598154452790037e-20
1.925765418161537365e-25 4.449116449650802516e-20
1.931716993305306569e-25 4.457651097459407705e-20
1.937686961783153760e-25 4.466202129485337432e-20
1.943675380439650368e-25 4.474769577397219302e-20
1.949682306295045680e-25 4.483353472925638085e-20
1.955707796545794673e-25 4.491953847863260301e-20
1.961751908565164808e-25 4.500570734065114084e-20
1.967814699903688554e-25 4.509204163448428483e-20
1.973896228289773865e-25 4.517854167993013232e-20
1.979996551630237970e-25 4.526520779741286438e-20
1.986115728010843010e-25 4.535204030798302265e-20
1.992253815696913854e-25 4.543903953332136119e-20
1.998410873133795675e-25 4.552620579573716730e-20
2.004586958947474753e-25 4.561353941817114444e-20
2.010782131945121458e-25 4.570104072419667608e-20
2.016996451115648834e-25 4.578871003802075256e-20
2.023229975630275786e-25 4.587654768448459704e-20
2.029482764843089565e-25 4.596455398906554927e-20
2.035754878291594262e-25 4.605272927787935869e-20
2.042046375697344701e-25 4.614107387768011215e-20
2.048357316966415025e-25 4.622958811586152193e-20
2.054687762190036272e-25 4.631827232045820766e-20
2.061037771645150136e-25 4.640712682014793523e-20
2.067407405794968019e-25 4.649615194425128573e-20
2.073796725289613649e-25 4.658534802273653655e-20
2.080205790966598788e-25 4.667471538621469000e-20
2.086634663851469984e-25 4.676425436594705069e-20
2.093083405158374277e-25 4.685396529384252318e-20
2.099552076290639828e-25 4.694384850246057312e-20
2.106040738841361832e-25 4.703390432501286428e-20
2.112549454593989804e-25 4.712413309536289742e-20
2.119078285522913491e-25 4.721453514802861636e-20
2.125627293794038217e-25 4.730511081818340100e-20
2.132196541765444269e-25 4.739586044165806546e-20
2.138786091987878672e-25 4.748678435494077388e-20
2.145396007205416402e-25 4.757788289517874360e-20
2.152026350356045844e-25 4.766915640018053223e-20
2.158677184572244593e-25 4.776060520841600757e-20
2.165348573181656289e-25 4.785222965901973603e-20
2.172040579707584685e-25 4.794403009178955622e-20
2.178753267869670021e-25 4.803600684718926925e-20
2.185486701584477228e-25 4.812816026635099803e-20
2.192240944966107093e-25 4.822049069107447098e-20
2.199016062326802372e-25 4.831299846383041657e-20
2.205812118177565388e-25 4.840568392775946789e-20
2.212629177228767815e-25 4.849854742667629139e-20
2.219467304390751282e-25 4.859158930506849148e-20
2.226326564774516601e-25 4.868480990810004113e-20
2.233207023692235748e-25 4.877820958161054759e-20
2.240108746657947059e-25 4.887178867211799683e-20
2.247031799388158127e-25 4.896554752682043273e-20
2.253976247802456512e-25 4.905948649359525890e-20
2.260942158024208149e-25 4.915360592100336745e-20
2.267929596381078971e-25 4.924790615828839262e-20
2.274938629405737911e-25 4.934238755537880527e-20
2.281969323836473581e-25 4.943705046288926106e-20
2.289021746617828849e-25 4.953189523212196055e-20
2.296095964901239560e-25 4.962692221506876180e-20
2.303192046045671412e-25 4.972213176441040391e-20
2.310310057618245359e-25 4.981752423352072605e-20
2.317450067394953922e-25 4.991309997646592717e-20
2.324612143361195679e-25 5.000885934800631137e-20
2.331796353712496169e-25 5.010480270359906244e-20
2.339002766855139721e-25 5.020093039939791284e-20
2.346231451406799904e-25 5.029724279225482892e-20
2.353482476197271458e-25 5.039374023972253262e-20
2.360755910269010287e-25 5.049042310005513349e-20
2.368051822877865842e-25 5.058729173220886290e-20
2.375370283493724436e-25 5.068434649584523980e-20
2.382711361801167698e-25 5.078158775133032443e-20
2.390075127700137007e-25 5.087901585973758915e-20
2.397461651306600217e-25 5.097663118284929670e-20
2.404871002953219298e-25 5.107443408315722239e-20
2.412303253189996862e-25 5.117242492386442961e-20
2.419758472785032428e-25 5.127060406888703924e-20
2.427236732725072970e-25 5.136897188285493987e-20
2.434738104216270110e-25 5.146752873111358128e-20
2.442262658684838112e-25 5.156627497972576199e-20
2.449810467777714180e-25 5.166521099547196026e-20
2.457381603363319779e-25 5.176433714585361417e-20
2.464976137532125878e-25 5.186365379909235729e-20
2.472594142597418858e-25 5.196316132413292565e-20
2.480235691095969538e-25 5.206286009064495721e-20
2.487900855788721935e-25 5.216275046902263684e-20
2.495589709661490301e-25 5.226283283038795233e-20
2.503302325925649262e-25 5.236310754659067629e-20
2.511038778018813866e-25 5.246357499021057500e-20
2.518799139605618340e-25 5.256423553456110378e-20
2.526583484578297415e-25 5.266508955368564537e-20
2.534391887057468303e-25 5.276613742236343825e-20
2.542224421392819005e-25 5.286737951610921545e-20
2.550081162163794778e-25 5.296881621117461898e-20
2.557962184180389762e-25 5.307044788455199747e-20
2.565867562483736560e-25 5.317227491397130665e-20
2.573797372346902914e-25 5.327429767790614592e-20
2.581751689275587814e-25 5.337651655557221763e-20
2.589730589008841034e-25 5.347893192693070346e-20
2.597734147519782657e-25 5.358154417268859545e-20
2.605762441016328584e-25 5.368435367430099505e-20
2.613815545941914648e-25 5.378736081397142011e-20
2.621893538976204211e-25 5.389056597465485623e-20
2.629996497035902287e-25 5.399396954005810588e-20
2.638124497275361652e-25 5.409757189464205133e-20
2.646277617087400644e-25 5.420137342362240698e-20
2.654455934104021771e-25 5.430537451297161520e-20
2.662659526197125275e-25 5.440957554942035697e-20
2.670888471479341623e-25 5.451397692045944776e-20
2.679142848304641290e-25 5.461857901434096893e-20
2.687422735269170466e-25 5.472338222007865902e-20
2.695728211211976554e-25 5.482838692745211465e-20
2.704059355215758469e-25 5.493359352700602013e-20
2.712416246607620143e-25 5.503900241005245859e-20
2.720798964959825877e-25 5.514461396867241665e-20
2.729207590090535482e-25 5.525042859571733712e-20
2.737642202064654676e-25 5.535644668481149039e-20
2.746102881194460943e-25 5.546266863035187808e-20
2.754589708040459899e-25 5.556909482750983395e-20
2.763102763412130076e-25 5.567572567223529714e-20
2.771642128368689753e-25 5.578256156125446485e-20
2.780207884219850002e-25 5.588960289207486001e-20
2.788800112526676109e-25 5.599685006298413957e-20
2.797418895102229959e-25 5.610430347305406674e-20
2.806064314012439264e-25 5.621196352213925918e-20
2.814736451576856578e-25 5.631983061088234076e-20
2.823435390369442660e-25 5.642790514071158243e-20
2.832161213219353039e-25 5.653618751384559654e-20
2.840914003211726884e-25 5.664467813329337306e-20
2.849693843688454290e-25 5.675337740285665082e-20
2.858500818249062948e-25 5.686228572713071196e-20
2.867335010751375230e-25 5.697140351150634401e-20
2.876196505312399449e-25 5.708073116217146485e-20
2.885085386309107709e-25 5.719026908611349404e-20
2.894001738379213752e-25 5.730001769111816111e-20
2.902945646422077075e-25 5.740997738577596952e-20
2.911917195599365986e-25 5.752014857947886237e-20
2.920916471335965854e-25 5.763053168242397793e-20
2.929943559320765682e-25 5.774112710561598488e-20
2.938998545507477738e-25 5.785193526086792487e-20
2.948081516115453055e-25 5.796295656080241626e-20
2.957192557630503357e-25 5.807419141885325500e-20
2.966331756805725744e-25 5.818564024926876099e-20
2.975499200662301659e-25 5.829730346711081507e-20
2.984694976490425806e-25 5.840918148825867479e-20
2.993919171849989402e-25 5.852127472940970865e-20
3.003171874571511394e-25 5.863358360808022670e-20
3.012453172756952119e-25 5.874610854260840552e-20
3.021763154780524671e-25 5.885884995215585300e-20
3.031101909289637591e-25 5.897180825670893250e-20
3.040469525205589146e-25 5.908498387707995445e-20
3.049866091724515069e-25 5.919837723490882545e-20
3.059291698318209568e-25 5.931198875266639458e-20
3.068746434734980779e-25 5.942581885365361081e-20
3.078230391000502990e-25 5.953986796200484520e-20
3.087743657418675313e-25 5.965413650269002149e-20
3.097286324572455542e-25 5.976862490151372535e-20
3.106858483324823052e-25 5.988333358512027197e-20
3.116460224819494199e-25 5.999826298099285145e-20
3.126091640481890264e-25 6.011341351745647785e-20
3.135752822019981420e-25 6.022878562367842257e-20
3.145443861425137130e-25 6.034437972967071801e-20
3.155164850973101443e-25 6.046019626629360020e-20
3.164915883224720325e-25 6.057623566525418471e-20
3.174697051026925223e-25 6.069249835910905463e-20
3.184508447513589427e-25 6.080898478126720964e-20
3.194350166106417038e-25 6.092569536599052342e-20
3.204222300515832399e-25 6.104263054839588626e-20
3.214124944741870435e-25 6.115979076445732355e-20
3.224058193075074346e-25 6.127717645100687453e-20
3.234022140097364374e-25 6.139478804573627743e-20
3.244016880683047071e-25 6.151262598720095380e-20
3.254042509999556874e-25 6.163069071481770936e-20
3.264099123508470425e-25 6.174898266887005443e-20
3.274186816966388195e-25 6.186750229050854096e-20
3.284305686425818856e-25 6.198625002175170141e-20
3.294455828236202333e-25 6.210522630548952746e-20
3.304637339044665605e-25 6.222443158548386725e-20
3.314850315797050349e-25 6.234386630637108554e-20
3.325094855738808793e-25 6.246353091366295449e-20
3.335371056415931253e-25 6.258342585374879625e-20
3.345679015675872297e-25 6.270355157389730050e-20
3.356018831668485170e-25 6.282390852225825789e-20
3.366390602846926373e-25 6.294449714786478679e-20
3.376794427968705343e-25 6.306531790063466949e-20
3.387230406096458167e-25 6.318637123137121880e-20
3.397698636599002314e-25 6.330765759176685312e-20
3.408199219152253611e-25 6.342917743440354175e-20
3.418732253740148270e-25 6.355093121275456236e-20
3.429297840655706347e-25 6.367291938118860557e-20
3.439896080501820605e-25 6.379514239496745186e-20
3.450527074192323646e-25 6.391760071025185762e-20
3.461190922952922334e-25 6.404029478410019503e-20
3.471887728322162069e-25 6.416322507447250852e-20
3.482617592152392436e-25 6.428639204023097217e-20
3.493380616610737453e-25 6.440979614114218881e-20
3.504176904180069016e-25 6.453343783787939277e-20
3.515006557659952817e-25 6.465731759202295549e-20
3.525869680167743013e-25 6.478143586606449010e-20
3.536766375139392222e-25 6.490579312340591257e-20
3.547696746330548494e-25 6.503038982836312502e-20
3.558660897817519126e-25 6.515522644616829076e-20
3.569658933998228048e-25 6.528030344296895556e-20
3.580690959593328407e-25 6.540562128583399395e-20
3.591757079647026336e-25 6.553118044275084072e-20
3.602857399528194454e-25 6.565698138263156965e-20
3.613992024931348540e-25 6.578302457531140084e-20
3.625161061877653133e-25 6.590931049155250452e-20
3.636364616715930799e-25 6.603583960304627598e-20
3.647602796123674623e-25 6.616261238241245690e-20
3.658875707108035436e-25 6.628962930320466035e-20
3.670183457006958741e-25 6.641689083990952820e-20
3.681526153490026845e-25 6.654439746794949965e-20
3.692903904559607259e-25 6.667214966368466491e-20
3.704316818551845902e-25 6.680014790441519673e-20
3.715765004137703462e-25 6.692839266838222907e-20
3.727248570323956406e-25 6.705688443477026454e-20
3.738767626454358237e-25 6.718562368370950955e-20
3.750322282210498156e-25 6.731461089627637991e-20
3.761912647612965537e-25 6.744384655449778599e-20
3.773538833022369763e-25 6.757333114134967628e-20
3.785200949140388064e-25 6.770306514076328458e-20
3.796899107010822085e-25 6.783304903762222906e-20
3.808633418020653540e-25 6.796328331776877160e-20
3.820403993901074141e-25 6.809376846800189179e-20
3.832210946728675331e-25 6.822450497608352217e-20
3.844054388926325770e-25 6.835549333073621300e-20
3.855934433264370248e-25 6.848673402164788696e-20
3.867851192861667887e-25 6.861822753947138168e-20
3.879804781186640898e-25 6.874997437582983035e-20
3.891795312058480846e-25 6.888197502331613204e-20
3.903822899648041745e-25 6.901422997549443234e-20
3.915887658479054125e-25 6.914673972690404736e-20
3.927989703429183899e-25 6.927950477305994525e-20
3.940129149731127035e-25 6.941252561045568324e-20
3.952306112973704700e-25 6.954580273656341968e-20
3.964520709102966203e-25 6.967933664983982424e-20
3.976773054423291479e-25 6.981312784972361029e-20
3.989063265598466482e-25 6.994717683664001271e-20
4.001391459652924345e-25 7.008148411200273789e-20
4.013757753972663272e-25 7.021605017821497484e-20
4.026162266306496882e-25 7.035087553867187481e-20
4.038605114767140159e-25 7.048596069776310318e-20
4.051086417832302759e-25 7.062130616087323667e-20
4.063606294345948530e-25 7.075691243438586795e-20
4.076164863519229479e-25 7.089278002568508624e-20
4.088762244931752188e-25 7.102890944315443006e-20
4.101398558532683507e-25 7.116530119618453077e-20
4.114073924641893910e-25 7.130195579516999499e-20
4.126788463951101764e-25 7.143887375151453235e-20
4.139542297525023570e-25 7.157605557763093145e-20
4.152335546802490220e-25 7.171350178694514040e-20
4.165168333597743718e-25 7.185121289389725388e-20
4.178040780101389514e-25 7.198918941394308999e-20
4.190953008881696431e-25 7.212743186355622450e-20
4.203905142885731756e-25 7.226594076023207142e-20
4.216897305440495409e-25 7.240471662248687190e-20
4.229929620254231349e-25 7.254375996986232849e-20
4.243002211417401954e-25 7.268307132292613475e-20
4.256115203404005857e-25 7.282265120327451512e-20
4.269268721072725890e-25 7.296250013353487301e-20
4.282462889668122030e-25 7.310261863736680198e-20
4.295697834821824337e-25 7.324300723946521532e-20
4.308973682553723149e-25 7.338366646556030997e-20
4.322290559273175792e-25 7.352459684242389801e-20
4.335648591780171979e-25 7.366579889786622885e-20
4.349047907266681952e-25 7.380727316074279022e-20
4.362488633317656574e-25 7.394902016095277943e-20
4.375970897912383734e-25 7.409104042944382188e-20
4.389494829425671191e-25 7.423333449821300631e-20
4.403060556629031253e-25 7.437590290030798009e-20
4.416668208692053716e-25 7.451874616983063263e-20
4.430317915183419728e-25 7.466186484193975555e-20
4.444009806072276568e-25 7.480525945285053711e-20
4.457744011729441607e-25 7.494893053983930482e-20
4.471520662928643006e-25 7.509287864124412728e-20
4.485339890847764090e-25 7.523710429646690868e-20
4.499201827070095979e-25 7.538160804597823966e-20
4.513106603585547066e-25 7.552639043131415941e-20
4.527054352792053608e-25 7.567145199508479823e-20
4.541045207496616550e-25 7.581679328097109143e-20
4.555079300916713034e-25 7.596241483373026826e-20
4.569156766681527917e-25 7.610831719919632130e-20
4.583277738833190791e-25 7.625450092428219723e-20
4.597442351828200354e-25 7.640096655698419039e-20
4.611650740538479602e-25 7.654771464638134088e-20
4.625903040252812129e-25 7.669474574263875679e-20
4.640199386678088343e-25 7.684206039700980499e-20
4.654539915940604932e-25 7.698965916183881944e-20
4.668924764587352401e-25 7.713754259056223265e-20
4.683354069587321891e-25 7.728571123771079054e-20
4.697827968332806487e-25 7.743416565891446356e-20
4.712346598640672219e-25 7.758290641089923275e-20
4.726910098753821927e-25 7.773193405149582870e-20
4.741518607342283502e-25 7.788124913963651762e-20
4.756172263504682935e-25 7.803085223536006064e-20
4.770871206769529093e-25 7.818074389981448228e-20
4.785615577096505843e-25 7.833092469525543349e-20
4.800405514877958872e-25 7.848139518505514714e-20
4.815241160939998626e-25 7.863215593369794825e-20
4.830122656543998154e-25 7.878320750678586326e-20
4.845050143387898083e-25 7.893455047103976351e-20
4.860023763607556607e-25 7.908618539430387919e-20
4.875043659778103136e-25 7.923811284554523356e-20
4.890109974915293792e-25 7.939033339485706150e-20
4.905222852476876081e-25 7.954284761346163818e-20
4.920382436363911330e-25 7.969565607371027914e-20
4.935588870922311087e-25 7.984875934909017723e-20
4.950842300943963949e-25 8.000215801422159808e-20
4.966142871668278395e-25 8.015585264486353746e-20
4.981490728783525422e-25 8.030984381791379352e-20
4.996886018428185772e-25 8.046413211141349269e-20
5.012328887192501032e-25 8.061871810454830550e-20
5.027819482119628928e-25 8.077360237764961411e-20
5.043357950707204523e-25 8.092878551219966419e-20
5.058944440908703060e-25 8.108426809082986770e-20
5.074579101134851475e-25 8.124005069732776031e-20
5.090262080255038065e-25 8.139613391663584583e-20
5.105993527598733191e-25 8.155251833485454531e-20
5.121773592956867723e-25 8.170920453924680724e-20
5.137602426583424552e-25 8.186619311823702417e-20
5.153480179196623268e-25 8.202348466141681054e-20
5.169407001980519933e-25 8.218107975954393140e-20
5.185383046586402062e-25 8.233897900454694864e-20
5.201408465134194627e-25 8.249718298952700255e-20
5.217483410214077278e-25 8.265569230876139885e-20
5.233608034887680039e-25 8.281450755770298271e-20
5.249782492689713394e-25 8.297362933298553143e-20
5.266006937629386222e-25 8.313305823242371827e-20
5.282281524191871493e-25 8.329279485501848102e-20
5.298606407339781146e-25 8.345283980095590253e-20
5.314981742514636376e-25 8.361319367161250700e-20
5.331407685638350777e-25 8.377385706955533227e-20
5.347884393114671241e-25 8.393483059854729826e-20
5.364412021830841097e-25 8.409611486354666537e-20
5.380990729158831627e-25 8.425771047071001964e-20
5.397620672957016229e-25 8.441961802739711168e-20
5.414302011571630595e-25 8.458183814216907513e-20
5.431034903838231984e-25 8.474437142479569709e-20
5.447819509083394501e-25 8.490721848625481627e-20
5.464655987125957144e-25 8.507037993873416462e-20
5.481544498278720921e-25 8.523385639563565256e-20
5.498485203349936588e-25 8.539764847157782454e-20
5.515478263644830952e-25 8.556175678239767662e-20
5.532523840967143284e-25 8.572618194515134258e-20
5.549622097620669984e-25 8.589092457812142450e-20
5.566773196410757834e-25 8.605598530081270759e-20
5.583977300646043357e-25 8.622136473396268052e-20
5.601234574139730254e-25 8.638706349953597437e-20
5.618545181211330597e-25 8.655308222073181352e-20
5.635909286688188388e-25 8.671942152198648326e-20
5.653327055906998514e-25 8.688608202897277610e-20
5.670798654715567234e-25 8.705306436860492695e-20
5.688324249474115325e-25 8.722036916904181498e-20
5.705904007057045915e-25 8.738799705968628956e-20
5.723538094854486403e-25 8.755594867119087581e-20
5.741226680773882718e-25 8.772422463545778664e-20
5.758969933241599099e-25 8.789282558564389406e-20
5.776768021204523377e-25 8.806175215616213751e-20
5.794621114131668587e-25 8.823100498268269147e-20
5.812529382015749781e-25 8.840058470213747935e-20
5.830492995374981250e-25 8.857049195272330312e-20
5.848512125254425592e-25 8.874072737390192757e-20
5.866586943227804698e-25 8.891129160640324607e-20
5.884717621399089435e-25 8.908218529223102224e-20
5.902904332404089312e-25 8.925340907465785846e-20
5.921147249412290109e-25 8.942496359823917088e-20
5.939446546128212126e-25 8.959684950880632834e-20
5.957802396793257912e-25 8.976906745347106992e-20
5.976214976187323060e-25 8.994161808063255870e-20
5.994684459630459347e-25 9.011450203997303636e-20
6.013211022984544305e-25 9.028771998246803059e-20
6.031794842654959053e-25 9.046127256038194959e-20
6.050436095592212869e-25 9.063516042727649589e-20
6.069134959293830410e-25 9.080938423801004048e-20
6.087891611805743016e-25 9.098394464873898301e-20
6.106706231724183281e-25 9.115884231692487767e-20
6.125578998197332578e-25 9.133407790133259157e-20
6.144510090927033795e-25 9.150965206203680473e-20
6.163499690170442533e-25 9.168556546042013233e-20
6.182547976741954734e-25 9.186181875918094874e-20
6.201655132014618197e-25 9.203841262233219593e-20
6.220821337922066627e-25 9.221534771520598154e-20
6.240046776960197474e-25 9.239262470445362711e-20
6.259331632188914050e-25 9.257024425805357637e-20
6.278676087233863976e-25 9.274820704530755546e-20
6.298080326288189568e-25 9.292651373684850533e-20
6.317544534114230464e-25 9.310516500464127987e-20
6.337068896045490741e-25 9.328416152198472838e-20
6.356653597988089920e-25 9.346350396351500572e-20
6.376298826422742014e-25 9.364319300520835285e-20
6.396004768406481123e-25 9.382322932438440710e-20
6.415771611574387938e-25 9.400361359970699652e-20
6.435599544141584409e-25 9.418434651119014646e-20
6.455488754904716889e-25 9.436542874019751377e-20
6.475439433243957228e-25 9.454686096944578126e-20
6.495451769124756830e-25 9.472864388301006239e-20
6.515525953099656735e-25 9.491077816632268545e-20
6.535662176310099530e-25 9.509326450617855012e-20
6.555860630488248609e-25 9.527610359073799223e-20
6.576121507958817540e-25 9.545929610952878198e-20
6.596445001640843404e-25 9.564284275344695444e-20
6.616831305049742998e-25 9.582674421476495868e-20
6.637280612298828112e-25 9.601100118712832346e-20
6.657793118101373671e-25 9.619561436556189247e-20
6.678369017772413119e-25 9.638058444647261693e-20
6.699008507230549411e-25 9.656591212765027778e-20
6.719711783000032334e-25 9.675159810827372088e-20
6.740479042212307772e-25 9.693764308890959316e-20
6.761310482608109718e-25 9.712404777151856575e-20
6.782206302539289639e-25 9.731081285945681454e-20
6.803166700970705529e-25 9.749793905747674240e-20
6.824191877482116478e-25 9.768542707173469495e-20
6.845282032270079992e-25 9.787327760625472448e-20
6.866437366149807988e-25 9.806149135320824094e-20
6.887658080557297378e-25 9.825006900295463106e-20
6.908944377550916070e-25 9.843901124711091385e-20
6.930296459813547323e-25 9.862831877855388313e-20
6.951714530654467786e-25 9.881799229142500668e-20
6.973198794011222777e-25 9.900803248113190677e-20
6.994749454451796358e-25 9.919844004434833607e-20
7.016366717176221207e-25 9.938921567901848698e-20
7.038050788018755126e-25 9.958036008435835174e-20
7.059801873449786619e-25 9.977187396085796136e-20
7.081620180577802016e-25 9.996375801028274583e-20
7.103505917151355341e-25 1.001560129356778554e-19
7.125459291561046447e-25 1.003486394413667402e-19
7.147480512841507423e-25 1.005416382329583122e-19
7.169569790673332051e-25 1.007350100173426845e-19
7.191727335385307413e-25 1.009287555027004512e-19
7.213953357956066012e-25 1.011228753984999074e-19
7.236248070016329310e-25 1.013173704154998780e-19
7.258611683850859235e-25 1.015122412657533402e-19
7.281044412400428969e-25 1.017074886626081704e-19
7.303546469264079348e-25 1.019031133207115013e-19
7.326118068700802204e-25 1.020991159560089759e-19
7.348759425631816052e-25 1.022954972857498750e-19
7.371470755642552489e-25 1.024922580284856488e-19
7.394252274984709636e-25 1.026893989040772112e-19
7.417104200578311092e-25 1.028869206336905828e-19
7.440026750013772229e-25 1.030848239398070859e-19
7.463020141553908638e-25 1.032831095462160981e-19
7.486084594136261403e-25 1.034817781780274630e-19
7.509220327374814421e-25 1.036808305616656399e-19
7.532427561562328865e-25 1.038802674248756378e-19
7.555706517672380095e-25 1.040800894967236661e-19
7.579057417361400995e-25 1.042802975076001670e-19
7.602480482971038471e-25 1.044808921892249804e-19
7.625975937529900169e-25 1.046818742746421191e-19
7.649544004755924740e-25 1.048832444982287366e-19
7.673184909058452738e-25 1.050850035956958134e-19
7.696898875540359954e-25 1.052871523040889512e-19
7.720686130000201777e-25 1.054896913617898416e-19
7.744546898934363980e-25 1.056926215085222244e-19
7.768481409539220855e-25 1.058959434853511772e-19
7.792489889713229981e-25 1.060996580346853425e-19
7.816572568059363109e-25 1.063037659002814177e-19
7.840729673886896035e-25 1.065082678272426740e-19
7.864961437213847753e-25 1.067131645620264681e-19
7.889268088769110117e-25 1.069184568524404740e-19
7.913649859994574756e-25 1.071241454476494605e-19
7.938106983047599768e-25 1.073302310981776260e-19
7.962639690802830826e-25 1.075367145559054569e-19
7.987248216854677058e-25 1.077435965740789118e-19
8.011932795519471018e-25 1.079508779073078930e-19
8.036693661837698453e-25 1.081585593115684612e-19
8.061531051576239092e-25 1.083666415442074939e-19
8.086445201230608344e-25 1.085751253639418546e-19
8.111436348027210946e-25 1.087840115308629914e-19
8.136504729925534912e-25 1.089933008064377068e-19
8.161650585620677007e-25 1.092029939535135149e-19
8.186874154545225378e-25 1.094130917363148251e-19
8.212175676871799722e-25 1.096235949204528605e-19
8.237555393515271867e-25 1.098345042729219032e-19
8.263013546134993706e-25 1.100458205621038193e-19
8.288550377137365829e-25 1.102575445577719834e-19
8.314166129677748625e-25 1.104696770310912546e-19
8.339861047663032754e-25 1.106822187546203115e-19
8.365635375753910243e-25 1.108951705023154319e-19
8.391489359367193327e-25 1.111085330495322263e-19
8.417423244678152587e-25 1.113223071730277800e-19
8.443437278622867931e-25 1.115364936509622668e-19
8.469531708900500612e-25 1.117510932629021503e-19
8.495706783975938084e-25 1.119661067898255766e-19
8.521962753081735409e-25 1.121815350141168134e-19
8.548299866220774811e-25 1.123973787195766016e-19
8.574718374168567071e-25 1.126136386914196518e-19
8.601218528475578645e-25 1.128303157162794109e-19
8.627800581469902232e-25 1.130474105822104695e-19
8.654464786259234919e-25 1.132649240786884414e-19
8.681211396733578138e-25 1.134828569966139844e-19
8.708040667567577636e-25 1.137012101283167237e-19
8.734952854222951609e-25 1.139199842675553009e-19
8.761948212950920665e-25 1.141391802095187694e-19
8.789027000794652487e-25 1.143587987508340340e-19
8.816189475591704657e-25 1.145788406895615656e-19
8.843435895976406868e-25 1.147993068252027673e-19
8.870766521382619663e-25 1.150201979587014679e-19
8.898181612045762161e-25 1.152415148924447636e-19
8.925681429005583658e-25 1.154632584302645354e-19
8.953266234108577056e-25 1.156854293774439247e-19
8.980936290010401487e-25 1.159080285407156961e-19
9.008691860178666768e-25 1.161310567282686656e-19
9.036533208895012551e-25 1.163545147497436559e-19
9.064460601257914822e-25 1.165784034162431019e-19
9.092474303185132391e-25 1.168027235403304249e-19
9.120574581416247071e-25 1.170274759360297438e-19
9.148761703515194655e-25 1.172526614188334101e-19
9.177035937872819787e-25 1.174782808056993599e-19
9.205397553709353679e-25 1.177043349150586008e-19
9.233846821077272035e-25 1.179308245668151158e-19
9.262384010863431140e-25 1.181577505823457428e-19
9.291009394791929459e-25 1.183851137845076857e-19
9.319723245426634948e-25 1.186129149976367811e-19
9.348525836173692162e-25 1.188411550475524096e-19
9.377417441284440788e-25 1.190698347615591325e-19
9.406398335857559086e-25 1.192989549684490753e-19
9.435468795841998951e-25 1.195285164985036372e-19
9.464629098039527917e-25 1.197585201834984739e-19
9.493879520107375862e-25 1.199889668567024631e-19
9.523220340560861497e-25 1.202198573528819649e-19
9.552651838776064783e-25 1.204511925083058299e-19
9.582174294992469954e-25 1.206829731607418596e-19
9.611787990315566300e-25 1.209152001494644627e-19
9.641493206719832819e-25 1.211478743152561954e-19
9.671290227050956965e-25 1.213809965004068946e-19
9.701179335028835830e-25 1.216145675487221766e-19
9.731160815250204476e-25 1.218485883055189347e-19
9.761234953191262431e-25 1.220830596176331395e-19
9.791402035210715281e-25 1.223179823334204650e-19
9.821662348552017292e-25 1.225533573027598268e-19
9.852016181346429529e-25 1.227891853770522275e-19
9.882463822615683094e-25 1.230254674092294948e-19
9.913005562274726834e-25 1.232622042537488893e-19
9.943641691134493433e-25 1.234993967666042748e-19
9.974372500904669168e-25 1.237370458053218091e-19
1.000519828419638102e-24 1.239751522289649032e-19
1.003611933452532273e-24 1.242137168981395174e-19
1.006713594631404523e-24 1.244527406749904785e-19
1.009824841489509736e-24 1.246922244232092553e-19
1.012945703651375524e-24 1.249321690080348251e-19
1.016076210833083430e-24 1.251725752962560819e-19
1.019216392842544613e-24 1.254134441562145078e-19
1.022366279579816500e-24 1.256547764578057141e-19
1.025525901037337518e-24 1.258965730724847617e-19
1.028695287300245946e-24 1.261388348732650777e-19
1.031874468546658358e-24 1.263815627347236795e-19
1.035063475047956705e-24 1.266247575330019692e-19
1.038262337169076126e-24 1.268684201458118968e-19
1.041471085368795327e-24 1.271125514524313376e-19
1.044689750200016687e-24 1.273571523337147090e-19
1.047918362310092271e-24 1.276022236720919839e-19
1.051156952441063700e-24 1.278477663515684974e-19
1.054405551429989827e-24 1.280937812577340232e-19
1.057664190209231238e-24 1.283402692777569235e-19
1.060932899806736049e-24 1.285872313003951749e-19
1.064211711346370324e-24 1.288346682159951649e-19
1.067500656048162730e-24 1.290825809164915710e-19
1.070799765228635326e-24 1.293309702954154743e-19
1.074109070301094682e-24 1.295798372478932999e-19
1.077428602775929610e-24 1.298291826706493687e-19
1.080758394260911650e-24 1.300790074620103757e-19
1.084098476461496472e-24 1.303293125219061835e-19
1.087448881181125466e-24 1.305800987518760826e-19
1.090809640321518882e-24 1.308313670550640241e-19
1.094180785883016902e-24 1.310831183362304882e-19
1.097562349964829072e-24 1.313353535017486811e-19
1.100954364765377209e-24 1.315880734596071342e-19
1.104356862582591851e-24 1.318412791194168788e-19
1.107769875814211087e-24 1.320949713924086531e-19
1.111193436958125678e-24 1.323491511914429416e-19
1.114627578612633619e-24 1.326038194310032338e-19
1.118072333476787284e-24 1.328589770272052689e-19
1.121527734350694826e-24 1.331146248977968915e-19
1.124993814135833887e-24 1.333707639621634198e-19
1.128470605835363473e-24 1.336273951413276219e-19
1.131958142554438951e-24 1.338845193579522433e-19
1.135456457500517672e-24 1.341421375363427995e-19
1.138965583983713096e-24 1.344002506024557856e-19
1.142485555417054863e-24 1.346588594838938852e-19
1.146016405316845305e-24 1.349179651099085704e-19
1.149558167302968743e-24 1.351775684114104059e-19
1.153110875099202077e-24 1.354376703209622114e-19
1.156674562533574229e-24 1.356982717727932420e-19
1.160249263538630631e-24 1.359593737027883779e-19
1.163835012151795238e-24 1.362209770485004756e-19
1.167431842515684424e-24 1.364830827491512334e-19
1.171039788878432077e-24 1.367456917456297962e-19
1.174658885594016172e-24 1.370088049805025046e-19
1.178289167122585328e-24 1.372724233980076232e-19
1.181930668030787405e-24 1.375365479440649461e-19
1.185583422992088537e-24 1.378011795662727393e-19
1.189247466787142675e-24 1.380663192139171298e-19
1.192922834304063792e-24 1.383319678379681333e-19
1.196609560538797447e-24 1.385981263910852153e-19
1.200307680595444046e-24 1.388647958276220578e-19
1.204017229686583024e-24 1.391319771036252834e-19
1.207738243133648448e-24 1.393996711768412201e-19
1.211470756367205076e-24 1.396678790067136382e-19
1.215214804927326170e-24 1.399366015543924413e-19
1.218970424463920797e-24 1.402058397827324626e-19
1.222737650737074719e-24 1.404755946562962571e-19
1.226516519617389822e-24 1.407458671413587003e-19
1.230307067086326110e-24 1.410166582059089619e-19
1.234109329236534147e-24 1.412879688196521189e-19
1.237923342272239114e-24 1.415597999540159204e-19
1.241749142509524950e-24 1.418321525821466468e-19
1.245586766376720612e-24 1.421050276789178490e-19
1.249436250414736373e-24 1.423784262209310219e-19
1.253297631277402331e-24 1.426523491865175792e-19
1.257170945731857792e-24 1.429267975557454972e-19
1.261056230658839996e-24 1.432017723104151022e-19
1.264953523053076445e-24 1.434772744340679297e-19
1.268862860023626709e-24 1.437533049119874948e-19
1.272784278794235813e-24 1.440298647312020847e-19
1.276717816703688902e-24 1.443069548804875273e-19
1.280663511206166282e-24 1.445845763503690690e-19
1.284621399871600654e-24 1.448627301331261653e-19
1.288591520386023707e-24 1.451414172227942143e-19
1.292573910551967616e-24 1.454206386151674939e-19
1.296568608288761312e-24 1.457003953078019298e-19
1.300575651632934552e-24 1.459806883000179368e-19
1.304595078738567995e-24 1.462615185929021036e-19
1.308626927877647509e-24 1.465428871893112857e-19
1.312671237440470079e-24 1.468247950938783108e-19
1.316728045935946132e-24 1.471072433130087286e-19
1.320797391992008019e-24 1.473902328548868057e-19
1.324879314355968361e-24 1.476737647294792569e-19
1.328973851894887753e-24 1.479578399485382543e-19
1.333081043595945417e-24 1.482424595256000311e-19
1.337200928566810582e-24 1.485276244759950651e-19
1.341333546036003582e-24 1.488133358168415303e-19
1.345478935353313707e-24 1.490995945670586343e-19
1.349637135990107036e-24 1.493864017473621642e-19
1.353808187539747411e-24 1.496737583802673275e-19
1.357992129717961942e-24 1.499616654900969133e-19
1.362189002363218818e-24 1.502501241029799682e-19
1.366398845437095752e-24 1.505391352468546611e-19
1.370621699024705731e-24 1.508286999514732906e-19
1.374857603335010354e-24 1.511188192484051738e-19
1.379106598701248893e-24 1.514094941710353224e-19
1.383368725581310226e-24 1.517007257545736632e-19
1.387644024558117806e-24 1.519925150360527024e-19
1.391932536340017216e-24 1.522848630543357355e-19
1.396234301761162603e-24 1.525777708501100338e-19
1.400549361781894864e-24 1.528712394659028300e-19
1.404877757489177126e-24 1.531652699460754198e-19
1.409219530096917272e-24 1.534598633368294936e-19
1.413574720946406002e-24 1.537550206862045602e-19
1.417943371506699594e-24 1.540507430440895511e-19
1.422325523375002315e-24 1.543470314622192810e-19
1.426721218277109615e-24 1.546438869941828019e-19
1.431130498067735798e-24 1.549413106954187087e-19
1.435553404730958137e-24 1.552393036232257556e-19
1.439989980380606440e-24 1.555378668367603042e-19
1.444440267260662538e-24 1.558370013970426074e-19
1.448904307745663621e-24 1.561367083669574588e-19
1.453382144341105031e-24 1.564369888112606208e-19
1.457873819683845627e-24 1.567378437965783669e-19
1.462379376542501019e-24 1.570392743914093841e-19
1.466898857817899627e-24 1.573412816661332705e-19
1.471432306543418430e-24 1.576438666930090912e-19
1.475979765885441041e-24 1.579470305461794225e-19
1.480541279143757009e-24 1.582507743016733855e-19
1.485116889751961489e-24 1.585550990374074404e-19
1.489706641277917167e-24 1.588600058331937884e-19
1.494310577424097368e-24 1.591654957707402995e-19
1.498928742028049449e-24 1.594715699336498382e-19
1.503561179062801084e-24 1.597782294074290751e-19
1.508207932637278298e-24 1.600854752794903642e-19
1.512869046996725521e-24 1.603933086391512617e-19
1.517544566523127483e-24 1.607017305776410501e-19
1.522234535735618249e-24 1.610107421881002324e-19
1.526938999290956372e-24 1.613203445655916545e-19
1.531658001983874057e-24 1.616305388070920313e-19
1.536391588747554152e-24 1.619413260115029963e-19
1.541139804654045793e-24 1.622527072796530279e-19
1.545902694914680239e-24 1.625646837142947289e-19
1.550680304880552274e-24 1.628772564201181153e-19
1.555472680042876157e-24 1.631904265037458257e-19
1.560279866033469598e-24 1.635041950737359621e-19
1.565101908625174918e-24 1.638185632405921525e-19
1.569938853732296179e-24 1.641335321167585199e-19
1.574790747411034308e-24 1.644491028166262063e-19
1.579657635859928087e-24 1.647652764565376094e-19
1.584539565420292025e-24 1.650820541547894403e-19
1.589436582576645416e-24 1.653994370316299308e-19
1.594348733957207510e-24 1.657174262092748669e-19
1.599276066334262291e-24 1.660360228118941794e-19
1.604218626624656772e-24 1.663552279656267735e-19
1.609176461890234276e-24 1.666750427985801437e-19
1.614149619338269735e-24 1.669954684408334314e-19
1.619138146321971297e-24 1.673165060244416614e-19
1.624142090340852996e-24 1.676381566834342260e-19
1.629161499041238923e-24 1.679604215538237435e-19
1.634196420216703860e-24 1.682833017736069735e-19
1.639246901808529147e-24 1.686067984827690058e-19
1.644312991906158002e-24 1.689309128232828267e-19
1.649394738747654517e-24 1.692556459391148085e-19
1.654492190720148511e-24 1.695809989762290901e-19
1.659605396360351087e-24 1.699069730825906356e-19
1.664734404354934838e-24 1.702335694081647756e-19
1.669879263541052718e-24 1.705607891049240212e-19
1.675040022906788211e-24 1.708886333268487136e-19
1.680216731591609011e-24 1.712171032299337887e-19
1.685409438886889370e-24 1.715461999721871406e-19
1.690618194236296917e-24 1.718759247136376138e-19
1.695843047236319424e-24 1.722062786163320180e-19
1.701084047636721780e-24 1.725372628443456728e-19
1.706341245341020596e-24 1.728688785637806261e-19
1.711614690406959913e-24 1.732011269427689042e-19
1.716904433046985807e-24 1.735340091514792041e-19
1.722210523628726875e-24 1.738675263621141494e-19
1.727533012675458554e-24 1.742016797489194143e-19
1.732871950866640539e-24 1.745364704881869975e-19
1.738227389038314989e-24 1.748718997582510577e-19
1.743599378183646880e-24 1.752079687394984096e-19
1.748987969453395674e-24 1.755446786143705462e-19
1.754393214156387725e-24 1.758820305673593539e-19
1.759815163760061775e-24 1.762200257850278158e-19
1.765253869890874873e-24 1.765586654559931120e-19
1.770709384334848607e-24 1.768979507709388009e-19
1.776181759038049227e-24 1.772378829226215119e-19
1.781671046107083549e-24 1.775784631058694048e-19
1.787177297809592300e-24 1.779196925175865027e-19
1.792700566574749703e-24 1.782615723567546908e-19
1.798240904993763059e-24 1.786041038244407213e-19
1.803798365820356541e-24 1.789472881237931805e-19
1.809373001971335425e-24 1.792911264600532499e-19
1.814964866526998991e-24 1.796356200405529004e-19
1.820574012731705854e-24 1.799807700747194907e-19
1.826200493994366940e-24 1.803265777740776207e-19
1.831844363888937360e-24 1.806730443522549581e-19
1.837505676154988725e-24 1.810201710249843319e-19
1.843184484698128650e-24 1.813679590101055388e-19
1.848880843590575281e-24 1.817164095275739372e-19
1.854594807071656875e-24 1.820655237994532251e-19
1.860326429548328289e-24 1.824153030499317863e-19
1.866075765595688925e-24 1.827657485053155166e-19
1.871842869957502892e-24 1.831168613940349977e-19
1.877627797546703364e-24 1.834686429466514915e-19
1.883430603445979225e-24 1.838210943958548701e-19
1.889251342908205596e-24 1.841742169764722099e-19
1.895090071357031579e-24 1.845280119254645900e-19
1.900946844387393803e-24 1.848824804819394663e-19
1.906821717766028499e-24 1.852376238871422451e-19
1.912714747432066225e-24 1.855934433844740024e-19
1.918625989497470842e-24 1.859499402194790611e-19
1.924555500247634606e-24 1.863071156398627579e-19
1.930503336141901264e-24 1.866649708954828968e-19
1.936469553814100536e-24 1.870235072383636402e-19
1.942454210073090312e-24 1.873827259226869625e-19
1.948457361903294810e-24 1.877426282048092127e-19
1.954479066465249338e-24 1.881032153432538445e-19
1.960519381096127807e-24 1.884644885987187107e-19
1.966578363310352508e-24 1.888264492340834537e-19
1.972656070800045584e-24 1.891890985144035592e-19
1.978752561435643220e-24 1.895524377069215510e-19
1.984867893266429026e-24 1.899164680810692297e-19
1.991002124521072928e-24 1.902811909084641578e-19
1.997155313608248302e-24 1.906466074629265837e-19
2.003327519117092253e-24 1.910127190204693311e-19
2.009518799817827158e-24 1.913795268593064410e-19
2.015729214662305435e-24 1.917470322598580590e-19
2.021958822784569003e-24 1.921152365047524337e-19
2.028207683501414623e-24 1.924841408788292144e-19
2.034475856312957401e-24 1.928537466691415938e-19
2.040763400903179594e-24 1.932240551649623029e-19
2.047070377140568319e-24 1.935950676577871974e-19
2.053396845078582810e-24 1.939667854413343674e-19
2.059742864956295064e-24 1.943392098115517207e-19
2.066108497198945258e-24 1.947123420666177529e-19
2.072493802418501219e-24 1.950861835069474940e-19
2.078898841414302366e-24 1.954607354351961435e-19
2.085323675173537625e-24 1.958359991562582518e-19
2.091768364871893791e-24 1.962119759772739316e-19
2.098232971874121229e-24 1.965886672076364166e-19
2.104717557734617583e-24 1.969660741589858269e-19
2.111222184198014424e-24 1.973441981452208930e-19
2.117746913199765358e-24 1.977230404824997258e-19
2.124291806866734515e-24 1.981026024892431150e-19
2.130856927517772535e-24 1.984828854861366719e-19
2.137442337664378156e-24 1.988638907961385327e-19
2.144048100011190081e-24 1.992456197444770959e-19
2.150674277456651869e-24 1.996280736586615664e-19
2.157320933093595643e-24 2.000112538684727838e-19
2.163988130209823954e-24 2.003951617059821199e-19
2.170675932288783126e-24 2.007797985055494330e-19
2.177384403010062101e-24 2.011651656038193602e-19
2.184113606250069087e-24 2.015512643397333543e-19
2.190863606082621872e-24 2.019380960545303344e-19
2.197634466779558718e-24 2.023256620917501759e-19
2.204426252811349616e-24 2.027139637972371776e-19
2.211239028847711216e-24 2.031030025191407359e-19
2.218072859758202292e-24 2.034927796079274536e-19
2.224927810612916908e-24 2.038832964163731719e-19
2.231803946682992831e-24 2.042745542995779200e-19
2.238701333441305797e-24 2.046665546149579949e-19
2.245620036563076366e-24 2.050592987222595154e-19
2.252560121926494400e-24 2.054527879835547863e-19
2.259521655613326649e-24 2.058470237632486304e-19
2.266504703909621680e-24 2.062420074280864049e-19
2.273509333306229298e-24 2.066377403471472369e-19
2.280535610499507676e-24 2.070342238918578896e-19
2.287583602391940131e-24 2.074314594359888147e-19
2.294653376092772085e-24 2.078294483556623370e-19
2.301744998918649879e-24 2.082281920293545570e-19
2.308858538394261416e-24 2.086276918378989852e-19
2.315994062252961007e-24 2.090279491644871449e-19
2.323151638437489366e-24 2.094289653946810177e-19
2.330331335100508458e-24 2.098307419164076995e-19
2.337533220605322956e-24 2.102332801199629876e-19
2.344757363526515745e-24 2.106365813980224302e-19
2.352003832650579752e-24 2.110406471456374030e-19
2.359272696976649321e-24 2.114454787602446904e-19
2.366564025717044246e-24 2.118510776416641259e-19
2.373877888298002989e-24 2.122574451921066575e-19
2.381214354360326260e-24 2.126645828161763937e-19
2.388573493760039337e-24 2.130724919208728424e-19
2.395955376569057687e-24 2.134811739155973389e-19
2.403360073075853326e-24 2.138906302121568733e-19
2.410787653786125586e-24 2.143008622247629833e-19
2.418238189423450942e-24 2.147118713700384952e-19
2.425711750930036799e-24 2.151236590670242402e-19
2.433208409467278011e-24 2.155362267371764303e-19
2.440728236416512877e-24 2.159495758043765774e-19
2.448271303379684352e-24 2.163637076949273518e-19
2.455837682180000531e-24 2.167786238375654865e-19
2.463427444862699450e-24 2.171943256634592490e-19
2.471040663695614433e-24 2.176108146062137139e-19
2.478677411169942563e-24 2.180280921018726646e-19
2.486337760000915456e-24 2.184461595889240100e-19
2.494021783128489859e-24 2.188650185083080897e-19
2.501729553718044498e-24 2.192846703034102600e-19
2.509461145161074726e-24 2.197051164200756747e-19
2.517216631075872100e-24 2.201263583066050962e-19
2.524996085308307190e-24 2.205483974137632740e-19
2.532799581932409244e-24 2.209712351947809180e-19
2.540627195251153404e-24 2.213948731053571061e-19
2.548478999797148365e-24 2.218193126036689625e-19
2.556355070333325146e-24 2.222445551503628939e-19
2.564255481853732017e-24 2.226706022085725977e-19
2.572180309584123345e-24 2.230974552439162208e-19
2.580129628982758936e-24 2.235251157244953968e-19
2.588103515741103816e-24 2.239535851209086792e-19
2.596102045784545653e-24 2.243828649062469195e-19
2.604125295273120623e-24 2.248129565561020779e-19
2.612173340602237077e-24 2.252438615485708829e-19
2.620246258403402505e-24 2.256755813642521350e-19
2.628344125544933247e-24 2.261081174862583101e-19
2.636467019132771457e-24 2.265414714002179673e-19
2.644615016511090852e-24 2.269756445942744486e-19
2.652788195263117721e-24 2.274106385590946421e-19
2.660986633211850548e-24 2.278464547878724967e-19
2.669210408420776696e-24 2.282830947763232442e-19
2.677459599194704438e-24 2.287205600227082443e-19
2.685734284080377883e-24 2.291588520278157726e-19
2.694034541867310848e-24 2.295979722949798474e-19
2.702360451588516764e-24 2.300379223300754626e-19
2.710712092521259890e-24 2.304787036415241248e-19
2.719089544187811302e-24 2.309203177403075273e-19
2.727492886356205253e-24 2.313627661399532023e-19
2.735922199040976058e-24 2.318060503565547426e-19
2.744377562504010697e-24 2.322501719087691059e-19
2.752859057255178071e-24 2.326951323178154107e-19
2.761366764053185275e-24 2.331409331074868770e-19
2.769900763906323672e-24 2.335875758041530897e-19
2.778461138073218269e-24 2.340350619367589388e-19
2.787047968063691337e-24 2.344833930368331904e-19
2.795661335639403425e-24 2.349325706384890639e-19
2.804301322814722490e-24 2.353825962784348730e-19
2.812968011857480624e-24 2.358334714959641554e-19
2.821661485289759791e-24 2.362851978329766171e-19
2.830381825888675378e-24 2.367377768339682142e-19
2.839129116687165604e-24 2.371912100460403486e-19
2.847903440974782413e-24 2.376454990189067540e-19
2.856704882298459583e-24 2.381006453048908469e-19
2.865533524463403531e-24 2.385566504589344904e-19
2.874389451533750121e-24 2.390135160386019897e-19
2.883272747833458775e-24 2.394712436040770115e-19
2.892183497947091235e-24 2.399298347181767386e-19
2.901121786720595476e-24 2.403892909463472005e-19
2.910087699262205687e-24 2.408496138566722762e-19
2.919081320943112311e-24 2.413108050198775469e-19
2.928102737398369004e-24 2.417728660093273583e-19
2.937152034527683528e-24 2.422357984010406618e-19
2.946229298496238391e-24 2.426996037736794105e-19
2.955334615735507816e-24 2.431642837085697928e-19
2.964468072944082791e-24 2.436298397896922654e-19
2.973629757088472609e-24 2.440962736036905575e-19
2.982819755404028731e-24 2.445635867398791333e-19
2.992038155395630253e-24 2.450317807902418922e-19
3.001285044838614374e-24 2.455008573494361171e-19
3.010560511779588229e-24 2.459708180147996000e-19
3.019864644537266425e-24 2.464416643863550721e-19
3.029197531703288012e-24 2.469133980668049070e-19
3.038559262143158344e-24 2.473860206615509581e-19
3.047949924996947401e-24 2.478595337786864696e-19
3.057369609680237161e-24 2.483339390290013245e-19
3.066818405884948119e-24 2.488092380259899414e-19
3.076296403580194094e-24 2.492854323858512739e-19
3.085803693013137032e-24 2.497625237274984888e-19
3.095340364709849527e-24 2.502405136725573289e-19
3.104906509476147583e-24 2.507194038453682314e-19
3.114502218398560029e-24 2.511991958730013025e-19
3.124127582845041166e-24 2.516798913852457240e-19
3.133782694465944220e-24 2.521614920146262691e-19
3.143467645194866965e-24 2.526439993964003163e-19
3.153182527249502486e-24 2.531274151685597759e-19
3.162927433132619616e-24 2.536117409718442343e-19
3.172702455632789536e-24 2.540969784497394131e-19
3.182507687825372091e-24 2.545831292484759177e-19
3.192343223073376839e-24 2.550701950170439220e-19
3.202209155028350547e-24 2.555581774071863797e-19
3.212105577631271671e-24 2.560470780734157320e-19
3.222032585113441161e-24 2.565368986730050478e-19
3.231990271997382815e-24 2.570276408659977981e-19
3.241978733097715713e-24 2.575193063152152712e-19
3.251998063522162210e-24 2.580118966862532976e-19
3.262048358672296207e-24 2.585054136474919772e-19
3.272129714244555546e-24 2.589998588700976041e-19
3.282242226231128775e-24 2.594952340280268562e-19
3.292385990920840810e-24 2.599915407980290099e-19
3.302561104900177447e-24 2.604887808596554252e-19
3.312767665054044666e-24 2.609869558952562714e-19
3.323005768566797915e-24 2.614860675899882796e-19
3.333275512923140633e-24 2.619861176318241791e-19
3.343576995909052157e-24 2.624871077115441755e-19
3.353910315612720400e-24 2.629890395227525136e-19
3.364275570425473430e-24 2.634919147618727107e-19
3.374672859042690483e-24 2.639957351281530939e-19
3.385102280464851820e-24 2.645005023236841813e-19
3.395563933998315293e-24 2.650062180533785079e-19
3.406057919256372084e-24 2.655128840249931592e-19
3.416584336160170202e-24 2.660205019491304451e-19
3.427143284939632837e-24 2.665290735392322666e-19
3.437734866134529535e-24 2.670386005116051530e-19
3.448359180595263772e-24 2.675490845853980172e-19
3.459016329483944127e-24 2.680605274826247856e-19
3.469706414275321737e-24 2.685729309281651681e-19
3.480429536757753472e-24 2.690862966497627810e-19
3.491185799034174649e-24 2.696006263780331869e-19
3.501975303523069558e-24 2.701159218464718398e-19
3.512798152959445646e-24 2.706321847914523516e-19
3.523654450395784202e-24 2.711494169522289475e-19
3.534544299203136504e-24 2.716676200709518737e-19
3.545467803071937113e-24 2.721867958926581527e-19
3.556425066013101497e-24 2.727069461652835241e-19
3.567416192358992130e-24 2.732280726396626855e-19
3.578441286764383141e-24 2.737501770695371405e-19
3.589500454207568949e-24 2.742732612115596766e-19
3.600593799991192251e-24 2.747973268252904652e-19
3.611721429743363681e-24 2.753223756732130466e-19
3.622883449418636735e-24 2.758484095207307674e-19
3.634079965299017230e-24 2.763754301361706800e-19
3.645311083994974960e-24 2.769034392907919692e-19
3.656576912446460498e-24 2.774324387587898998e-19
3.667877557923891148e-24 2.779624303172902316e-19
3.679213128029293370e-24 2.784934157463731972e-19
3.690583730697147673e-24 2.790253968290558318e-19
3.701989474195535457e-24 2.795583753513101729e-19
3.713430467127141850e-24 2.800923531020633568e-19
3.724906818430256354e-24 2.806273318731998816e-19
3.736418637379933644e-24 2.811633134595738848e-19
3.747966033588853146e-24 2.817002996589992730e-19
3.759549117008480577e-24 2.822382922722659482e-19
3.771167997930087681e-24 2.827772931031420220e-19
3.782822786985800625e-24 2.833173039583701568e-19
3.794513595149653538e-24 2.838583266476835990e-19
3.806240533738646455e-24 2.844003629838005938e-19
3.818003714413804728e-24 2.849434147824344964e-19
3.829803249181210525e-24 2.854874838622961311e-19
3.841639250393192287e-24 2.860325720451000026e-19
3.853511830749212951e-24 2.865786811555603479e-19
3.865421103297062353e-24 2.871258130214078435e-19
3.877367181433903412e-24 2.876739694733833944e-19
3.889350178907321993e-24 2.882231523452465119e-19
3.901370209816537668e-24 2.887733634737860026e-19
3.913427388613294889e-24 2.893246046988115905e-19
3.925521830103085499e-24 2.898768778631646058e-19
3.937653649446206679e-24 2.904301848127262667e-19
3.949822962158857095e-24 2.909845273964136827e-19
3.962029884114240396e-24 2.915399074661884254e-19
3.974274531543664298e-24 2.920963268770667839e-19
3.986557021037650692e-24 2.926537874871098941e-19
3.998877469547009755e-24 2.932122911574401098e-19
4.011235994384087440e-24 2.937718397522415317e-19
4.023632713223685301e-24 2.943324351387660262e-19
4.036067744104310193e-24 2.948940791873295660e-19
4.048541205429268947e-24 2.954567737713287934e-19
4.061053215967757910e-24 2.960205207672350014e-19
4.073603894856130271e-24 2.965853220546067968e-19
4.086193361598830585e-24 2.971511795160862005e-19
4.098821736069665033e-24 2.977180950374069285e-19
4.111489138512908601e-24 2.982860705074052255e-19
4.124195689544451912e-24 2.988551078180093688e-19
4.136941510152948808e-24 2.994252088642545937e-19
4.149726721700966864e-24 2.999963755442917127e-19
4.162551445926113660e-24 3.005686097593787372e-19
4.175415804942324676e-24 3.011419134138916147e-19
4.188319921240830144e-24 3.017162884153327030e-19
4.201263917691450291e-24 3.022917366743269183e-19
4.214247917543737039e-24 3.028682601046343981e-19
4.227272044428106888e-24 3.034458606231419791e-19
4.240336422357163347e-24 3.040245401498893895e-19
4.253441175726663777e-24 3.046043006080517237e-19
4.266586429316847702e-24 3.051851439239527786e-19
4.279772308293585852e-24 3.057670720270712653e-19
4.292998938209574763e-24 3.063500868500434090e-19
4.306266445005531368e-24 3.069341903286670893e-19
4.319574955011391269e-24 3.075193844019041519e-19
4.332924594947514357e-24 3.081056710118913861e-19
4.346315491925852952e-24 3.086930521039339768e-19
4.359747773451304363e-24 3.092815296403414331e-19
4.373221567422715197e-24 3.098711057573934309e-19
4.386737002134237587e-24 3.104617827111053366e-19
4.400294206276514972e-24 3.110535627651341253e-19
4.413893308937876693e-24 3.116464481886527797e-19
4.427534439605703771e-24 3.122404412563631460e-19
4.441217728167451585e-24 3.128355442485182263e-19
4.454943304912028877e-24 3.134317594509237679e-19
4.468711300531000426e-24 3.140290891549739888e-19
4.482521846119835280e-24 3.146275356576445000e-19
4.496375073179151308e-24 3.152271012615303913e-19
4.510271113615968571e-24 3.158277882748412712e-19
4.524210099744928899e-24 3.164295990114304936e-19
4.538192164289705013e-24 3.170325357908040648e-19
4.552217440384038634e-24 3.176366009381429362e-19
4.566286061573158424e-24 3.182417967843075305e-19
4.580398161815016458e-24 3.188481256658646082e-19
4.594553875481521760e-24 3.194555899250989194e-19
4.608753337359972932e-24 3.200641919100263002e-19
4.622996682654116842e-24 3.206739339744123063e-19
4.637284046985582718e-24 3.212848184777923867e-19
4.651615566395140669e-24 3.218968477854765546e-19
4.665991377343992519e-24 3.225100242685792867e-19
4.680411616715075142e-24 3.231243503040215945e-19
4.694876421814360847e-24 3.237398282745613089e-19
4.709385930372165120e-24 3.243564605687949580e-19
4.723940280544422030e-24 3.249742495811861269e-19
4.738539610914150666e-24 3.255931977120788424e-19
4.753184060492545402e-24 3.262133073677027733e-19
4.767873768720453347e-24 3.268345809602103043e-19
4.782608875469662248e-24 3.274570209076720105e-19
4.797389521044196471e-24 3.280806296341071828e-19
4.812215846181805474e-24 3.287054095694934100e-19
4.827087992055070969e-24 3.293313631497899302e-19
4.842006100272907888e-24 3.299584928169406164e-19
4.856970312881873588e-24 3.305868010189112911e-19
4.871980772367520401e-24 3.312162902096880411e-19
4.887037621655751129e-24 3.318469628492984994e-19
4.902141004114180416e-24 3.324788214038405892e-19
4.917291063553462313e-24 3.331118683454756872e-19
4.932487944228816228e-24 3.337461061524762422e-19
4.947731790841162004e-24 3.343815373092145563e-19
4.963022748538656881e-24 3.350181643061962964e-19
4.978360962918039968e-24 3.356559896400703642e-19
4.993746580026016387e-24 3.362950158136509487e-19
5.009179746360605419e-24 3.369352453359274440e-19
5.024660608872703910e-24 3.375766807220960833e-19
5.040189314967235319e-24 3.382193244935581572e-19
5.055766012504720467e-24 3.388631791779515507e-19
5.071390849802641119e-24 3.395082473091611433e-19
5.087063975636855713e-24 3.401545314273432204e-19
5.102785539243012893e-24 3.408020340789312987e-19
5.118555690317974595e-24 3.414507578166629935e-19
5.134374579021197985e-24 3.421007051995976885e-19
5.150242355976334866e-24 3.427518787931344478e-19
5.166159172272413052e-24 3.434042811690221262e-19
5.182125179465440915e-24 3.440579149053797361e-19
5.198140529579813571e-24 3.447127825867240852e-19
5.214205375109711720e-24 3.453688868039752163e-19
5.230319869020728234e-24 3.460262301544819266e-19
5.246484164751069366e-24 3.466848152420321674e-19
5.262698416213182075e-24 3.473446446768860740e-19
5.278962777795180784e-24 3.480057210757741358e-19
5.295277404362316011e-24 3.486680470619277707e-19
5.311642451258449615e-24 3.493316252651000767e-19
5.328058074307532979e-24 3.499964583215716100e-19
5.344524429815090341e-24 3.506625488741810553e-19
5.361041674569665381e-24 3.513298995723388035e-19
5.377609965844487489e-24 3.519985130720452482e-19
5.394229461398707502e-24 3.526683920359068191e-19
5.410900319479074252e-24 3.533395391331544226e-19
5.427622698821397320e-24 3.540119570396747382e-19
5.444396758652015675e-24 3.546856484380086297e-19
5.461222658689490381e-24 3.553606160173850415e-19
5.478100559145857968e-24 3.560368624737346728e-19
5.495030620728335636e-24 3.567143905097037478e-19
5.512013004640806050e-24 3.573932028346881050e-19
5.529047872585351360e-24 3.580733021648293448e-19
5.546135386763793833e-24 3.587546912230565746e-19
5.563275709879240895e-24 3.594373727390877566e-19
5.580469005137587556e-24 3.601213494494640858e-19
5.597715436249253208e-24 3.608066240975588493e-19
5.615015167430468787e-24 3.614931994335942780e-19
5.632368363405017243e-24 3.621810782146734690e-19
5.649775189405764618e-24 3.628702632047844784e-19
5.667235811176178639e-24 3.635607571748324357e-19
5.684750394972099307e-24 3.642525629026539406e-19
5.702319107563037818e-24 3.649456831730340110e-19
5.719942116233954499e-24 3.656401207777307349e-19
5.737619588786803845e-24 3.663358785154925556e-19
5.755351693542130992e-24 3.670329591920724273e-19
5.773138599340676998e-24 3.677313656202609411e-19
5.790980475544982660e-24 3.684311006198928251e-19
5.808877492041004817e-24 3.691321670178723184e-19
5.826829819239685636e-24 3.698345676481953673e-19
5.844837628078764345e-24 3.705383053519648408e-19
5.862901090024118760e-24 3.712433829774181185e-19
5.881020377071591716e-24 3.719498033799341695e-19
5.899195661748577244e-24 3.726575694220670146e-19
5.917427117115617043e-24 3.733666839735579082e-19
5.935714916768242334e-24 3.740771499113636494e-19
5.954059234838333753e-24 3.747889701196637559e-19
5.972460245995977170e-24 3.755021474898967202e-19
5.990918125451074114e-24 3.762166849207647273e-19
6.009433048955012443e-24 3.769325853182699592e-19
6.028005192802340689e-24 3.776498515957193612e-19
6.046634733832443874e-24 3.783684866737587309e-19
6.065321849431180385e-24 3.790884934803880295e-19
6.084066717532767171e-24 3.798098749509794853e-19
6.102869516621179320e-24 3.805326340283040273e-19
6.121730425732043335e-24 3.812567736625492444e-19
6.140649624454297524e-24 3.819822968113353707e-19
6.159627292931847974e-24 3.827092064397494225e-19
6.178663611865486815e-24 3.834375055203532872e-19
6.197758762514310889e-24 3.841671970332099643e-19
6.216912926697648099e-24 3.848982839659076391e-19
6.236126286796737623e-24 3.856307693135785092e-19
6.255399025756469652e-24 3.863646560789144324e-19
6.274731327087122913e-24 3.870999472722050117e-19
6.294123374866116895e-24 3.878366459113342738e-19
6.313575353739759658e-24 3.885747550218271794e-19
6.333087448924958180e-24 3.893142776368518870e-19
6.352659846211187306e-24 3.900552167972607747e-19
6.372292731961948838e-24 3.907975755515902957e-19
6.391986293116750031e-24 3.915413569560965123e-19
6.411740717192838185e-24 3.922865640747798914e-19
6.431556192286926419e-24 3.930331999793904572e-19
6.451432907077200825e-24 3.937812677494780574e-19
6.471371050824797921e-24 3.945307704723834559e-19
6.491370813375818415e-24 3.952817112432747811e-19
6.511432385163081634e-24 3.960340931651806521e-19
6.531555957207940193e-24 3.967879193489905153e-19
6.551741721122097600e-24 3.975431929134936446e-19
6.571989869109432482e-24 3.982999169853930567e-19
6.592300593967829412e-24 3.990580946993341103e-19
6.612674089090961255e-24 3.998177291979210700e-19
6.633110548470345547e-24 4.005788236317456577e-19
6.653610166696867497e-24 4.013413811594069379e-19
6.674173138962849590e-24 4.021054049475313474e-19
6.694799661063857441e-24 4.028708981708011509e-19
6.715489929400504177e-24 4.036378640119690781e-19
6.736244140980545760e-24 4.044063056618953016e-19
6.757062493420426758e-24 4.051762263195566331e-19
6.777945184947377132e-24 4.059476291920781087e-19
6.798892414401250421e-24 4.067205174947504668e-19
6.819904381236411875e-24 4.074948944510593258e-19
6.840981285523642757e-24 4.082707632927027582e-19
6.862123327952041706e-24 4.090481272596205169e-19
6.883330709830879078e-24 4.098269896000090569e-19
6.904603633091740755e-24 4.106073535703623175e-19
6.925942300290116532e-24 4.113892224354723475e-19
6.947346914607543922e-24 4.121725994684704728e-19
6.968817679853496298e-24 4.129574879508453513e-19
6.990354800467262212e-24 4.137438911724580436e-19
7.011958481520122997e-24 4.145318124315923278e-19
7.033628928716955853e-24 4.153212550349436739e-19
7.055366348398430543e-24 4.161122222976727358e-19
7.077170947542910766e-24 4.169047175434118522e-19
7.099042933768426039e-24 4.176987441042982199e-19
7.120982515334649472e-24 4.184943053209922870e-19
7.142989901144879943e-24 4.192914045427053417e-19
7.165065300748033095e-24 4.200900451272266196e-19
7.187208924340575017e-24 4.208902304409423226e-19
7.209420982768760100e-24 4.216919638588691296e-19
7.231701687530287008e-24 4.224952487646638266e-19
7.254051250776545345e-24 4.233000885506663509e-19
7.276469885314581668e-24 4.241064866179064840e-19
7.298957804609056687e-24 4.249144463761440071e-19
7.321515222784528660e-24 4.257239712438906085e-19
7.344142354627124065e-24 4.265350646484230761e-19
7.366839415586828346e-24 4.273477300258204684e-19
7.389606621779472499e-24 4.281619708209925212e-19
7.412444189988793122e-24 4.289777904876899039e-19
7.435352337668498352e-24 4.297951924885476967e-19
7.458331282944336729e-24 4.306141802950959837e-19
7.481381244616110234e-24 4.314347573877912456e-19
7.504502442160007645e-24 4.322569272560453924e-19
7.527695095730323696e-24 4.330806933982482016e-19
7.550959426161801251e-24 4.339060593217903319e-19
7.574295654971672254e-24 4.347330285430923575e-19
7.597704004361706032e-24 4.355616045876301898e-19
7.621184697220570563e-24 4.363917909899714777e-19
7.644737957125588377e-24 4.372235912937790745e-19
7.668364008345105173e-24 4.380570090518565856e-19
7.692063075840568976e-24 4.388920478261621395e-19
7.715835385268673946e-24 4.397287111878530687e-19
7.739681162983499774e-24 4.405670027172849474e-19
7.763600636038680474e-24 4.414069260040690802e-19
7.787594032189552596e-24 4.422484846470679762e-19
7.811661579895268177e-24 4.430916822544468674e-19
7.835803508321228015e-24 4.439365224436980723e-19
7.860020047340868421e-24 4.447830088416485062e-19
7.884311427538120939e-24 4.456311450844993562e-19
7.908677880209531178e-24 4.464809348178658510e-19
7.933119637366404084e-24 4.473323816967762984e-19
7.957636931737269545e-24 4.481854893857303445e-19
7.982229996769707343e-24 4.490402615586983956e-19
8.006899066632836262e-24 4.498967018991678410e-19
8.031644376219471123e-24 4.507548141001641420e-19
8.056466161148362101e-24 4.516146018642753868e-19
8.081364657766441384e-24 4.524760689036832988e-19
8.106340103151068372e-24 4.533392189401936658e-19
8.131392735112226382e-24 4.542040557052585844e-19
8.156522792195047017e-24 4.550705829400134385e-19
8.181730513681685087e-24 4.559388043952890319e-19
8.207016139593865016e-24 4.568087238316592556e-19
8.232379910695098124e-24 4.576803450194495614e-19
8.257822068492907248e-24 4.585536717387818367e-19
8.283342855241395196e-24 4.594287077795959743e-19
8.308942513943147581e-24 4.603054569416785692e-19
8.334621288351818904e-24 4.611839230346850666e-19
8.360379422974383634e-24 4.620641098781843470e-19
8.386217163073465146e-24 4.629460213016683564e-19
8.412134754669666146e-24 4.638296611446003503e-19
8.438132444543922596e-24 4.647150332564239456e-19
8.464210480239840010e-24 4.656021414966123285e-19
8.490369110065991541e-24 4.664909897346774024e-19
8.516608583098556972e-24 4.673815818502219807e-19
8.542929149183272565e-24 4.682739217329395940e-19
8.569331058938096492e-24 4.691680132826732312e-19
8.595814563755518684e-24 4.700638604094223690e-19
8.622379915804888311e-24 4.709614670333916982e-19
8.649027368035092436e-24 4.718608370850047972e-19
8.675757174176548480e-24 4.727619745049433255e-19
8.702569588743896105e-24 4.736648832441709044e-19
8.729464867038349670e-24 4.745695672639690363e-19
8.756443265150135914e-24 4.754760305359608894e-19
8.783505039960925759e-24 4.763842770421450019e-19
8.810650449146282277e-24 4.772943107749315853e-19
8.837879751178114536e-24 4.782061357371565843e-19
8.865193205327066790e-24 4.791197559421288615e-19
8.892591071665276485e-24 4.800351754136573532e-19
8.920073611068416677e-24 4.809523981860680180e-19
8.947641085218465794e-24 4.818714283042482289e-19
8.975293756606133562e-24 4.827922698236812475e-19
9.003031888533281052e-24 4.837149268104595134e-19
9.030855745115724235e-24 4.846394033413367401e-19
9.058765591285310199e-24 4.855657035037452487e-19
9.086761692792729520e-24 4.864938313958200419e-19
9.114844316209971576e-24 4.874237911264579298e-19
9.143013728932872428e-24 4.883555868153175304e-19
9.171270199183650953e-24 4.892892225928722324e-19
9.199613996013465541e-24 4.902247026004307061e-19
9.228045389304903206e-24 4.911620309901759041e-19
9.256564649774847794e-24 4.921012119251968385e-19
9.285172048976609091e-24 4.930422495795031223e-19
9.313867859302804262e-24 4.939851481380848650e-19
9.342652353987883687e-24 4.949299117969238439e-19
9.371525807110645054e-24 4.958765447630362593e-19
9.400488493597164747e-24 4.968250512544980601e-19
9.429540689222940182e-24 4.977754355004805745e-19
9.458682670615832955e-24 4.987277017412943237e-19
9.487914715258622601e-24 4.996818542283893120e-19
9.517237101491647050e-24 5.006378972244336999e-19
9.546650108515457771e-24 5.015958350033012864e-19
9.576154016393471986e-24 5.025556718501390126e-19
9.605749106054643977e-24 5.035174120613760132e-19
9.635435659296057055e-24 5.044810599447701284e-19
9.665213958785931351e-24 5.054466198194529699e-19
9.695084288065826404e-24 5.064140960159266475e-19
9.725046931553675402e-24 5.073834928761334874e-19
9.755102174546396249e-24 5.083548147534606543e-19
9.785250303222542308e-24 5.093280660128030334e-19
9.815491604645338112e-24 5.103032510305786377e-19
9.845826366764939251e-24 5.112803741947663559e-19
9.876254878421487194e-24 5.122594399049289679e-19
9.906777429347787938e-24 5.132404525722765071e-19
9.937394310172062672e-24 5.142234166196711724e-19
9.968105812420719002e-24 5.152083364816728757e-19
9.998912228521129526e-24 5.161952166045734276e-19
1.002981385180432812e-23 5.171840614464348631e-19
1.006081097650813530e-23 5.181748754771243012e-19
1.009190389777946510e-23 5.191676631783340709e-19
1.012309291167746808e-23 5.201624290436309182e-19
1.015437831517626140e-23 5.211591775784950070e-19
1.018576040616767947e-23 5.221579133003368664e-19
1.021723948346444044e-23 5.231586407385543026e-19
1.024881584680249426e-23 5.241613644345493469e-19
1.028048979684420239e-23 5.251660889417716852e-19
1.031226163518112812e-23 5.261728188257609325e-19
1.034413166433690184e-23 5.271815586641603066e-19
1.037610018777010248e-23 5.281923130467864435e-19
1.040816750987714775e-23 5.292050865756307454e-19
1.044033393599518879e-23 5.302198838649226471e-19
1.047259977240493872e-23 5.312367095411388611e-19
1.050496532633392726e-23 5.322555682430735775e-19
1.053743090595891346e-23 5.332764646218451081e-19
1.056999682040915946e-23 5.342994033409395094e-19
1.060266337976929424e-23 5.353243890762662412e-19
1.063543089508217306e-23 5.363514265161611525e-19
1.066829967835219086e-23 5.373805203614567776e-19
1.070127004254773023e-23 5.384116753254974545e-19
1.073434230160449247e-23 5.394448961341907477e-19
1.076751677042838932e-23 5.404801875260225661e-19
1.080079376489855659e-23 5.415175542521284230e-19
1.083417360187034879e-23 5.425570010762924730e-19
1.086765659917836598e-23 5.435985327750241637e-19
1.090124307563937930e-23 5.446421541375568878e-19
1.093493335105573993e-23 5.456878699659244426e-19
1.096872774621786961e-23 5.467356850749644003e-19
1.100262658290769167e-23 5.477856042923794486e-19
1.103663018390158736e-23 5.488376324587674356e-19
1.107073887297348301e-23 5.498917744276563253e-19
1.110495297489783726e-23 5.509480350655422346e-19
1.113927281545309259e-23 5.520064192519516410e-19
1.117369872142423939e-23 5.530669318794331972e-19
1.120823102060628803e-23 5.541295778536471907e-19
1.124287004180729435e-23 5.551943620933694920e-19
1.127761611485150113e-23 5.562612895305423991e-19
1.131246957058246931e-23 5.573303651103134447e-19
1.134743074086623128e-23 5.584015937910831599e-19
1.138249995859435742e-23 5.594749805445203848e-19
1.141767755768750025e-23 5.605505303556417130e-19
1.145296387309801281e-23 5.616282482228035961e-19
1.148835924081351190e-23 5.627081391577816910e-19
1.152386399785998137e-23 5.637902081857832829e-19
1.155947848230489013e-23 5.648744603455068924e-19
1.159520303326079064e-23 5.659609006891788685e-19
1.163103799088797403e-23 5.670495342825779439e-19
1.166698369639809211e-23 5.681403662050951316e-19
1.170304049205731358e-23 5.692334015497626137e-19
1.173920872118957571e-23 5.703286454233028529e-19
1.177548872817986109e-23 5.714261029461649923e-19
1.181188085847747424e-23 5.725257792525619295e-19
1.184838545859932572e-23 5.736276794905200061e-19
1.188500287613314412e-23 5.747318088219032737e-19
1.192173345974116715e-23 5.758381724224921687e-19
1.195857755916287904e-23 5.769467754819800452e-19
1.199553552521873245e-23 5.780576232040434719e-19
1.203260770981338993e-23 5.791707208063716986e-19
1.206979446593897707e-23 5.802860735207126856e-19
1.210709614767883528e-23 5.814036865929195193e-19
1.214451311021030475e-23 5.825235652829924931e-19
1.218204570980850075e-23 5.836457148651051081e-19
1.221969430384960355e-23 5.847701406276671465e-19
1.225745925081426439e-23 5.858968478733506724e-19
1.229534091029102323e-23 5.870258419191581132e-19
1.233333964297971920e-23 5.881571280964313112e-19
1.237145581069484216e-23 5.892907117509161388e-19
1.240968977636936486e-23 5.904265982428133431e-19
1.244804190405760525e-23 5.915647929467891384e-19
1.248651255893908799e-23 5.927053012520516656e-19
1.252510210732192837e-23 5.938481285623866219e-19
1.256381091664621046e-23 5.949932802961838387e-19
1.260263935548790141e-23 5.961407618865027632e-19
1.264158779356174325e-23 5.972905787811034660e-19
1.268065660172518194e-23 5.984427364425037445e-19
1.271984615198180275e-23 5.995972403480019458e-19
1.275915681748485969e-23 6.007540959897477440e-19
1.279858897254084315e-23 6.019133088747603407e-19
1.283814299261303572e-23 6.030748845249951018e-19
1.287781925432508431e-23 6.042388284773799581e-19
1.291761813546449128e-23 6.054051462838557528e-19
1.295754001498662440e-23 6.065738435114309386e-19
1.299758527301769375e-23 6.077449257422173034e-19
1.303775429085879988e-23 6.089183985734850519e-19
1.307804745098944703e-23 6.100942676176992055e-19
1.311846513707109017e-23 6.112725385025702546e-19
1.315900773395120815e-23 6.124532168711126105e-19
1.319967562766633199e-23 6.136363083816565460e-19
1.324046920544614009e-23 6.148218187079334178e-19
1.328138885571704634e-23 6.160097535390957927e-19
1.332243496810589418e-23 6.172001185797730104e-19
1.336360793344367555e-23 6.183929195501221247e-19
1.340490814376923514e-23 6.195881621858707549e-19
1.344633599233290858e-23 6.207858522383546420e-19
1.348789187360070131e-23 6.219859954745879449e-19
1.352957618325738013e-23 6.231885976772875069e-19
1.357138931821069028e-23 6.243936646449341971e-19
1.361333167659502004e-23 6.256012021918117172e-19
1.365540365777507712e-23 6.268112161480586986e-19
1.369760566235013803e-23 6.280237123597257095e-19
1.373993809215720431e-23 6.292386966888009661e-19
1.378240135027525487e-23 6.304561750132856366e-19
1.382499584102899288e-23 6.316761532272199374e-19
1.386772196999268377e-23 6.328986372407405260e-19
1.391058014399401377e-23 6.341236329801295158e-19
1.395357077111797493e-23 6.353511463878721576e-19
1.399669426071075012e-23 6.365811834226881362e-19
1.403995102338347758e-23 6.378137500595855925e-19
1.408334147101664723e-23 6.390488522899325757e-19
1.412686601676331273e-23 6.402864961214753395e-19
1.417052507505349369e-23 6.415266875783971794e-19
1.421431906159800195e-23 6.427694327013864177e-19
1.425824839339229419e-23 6.440147375476592261e-19
1.430231348872088891e-23 6.452626081910419594e-19
1.434651476716067542e-23 6.465130507219800140e-19
1.439085264958534840e-23 6.477660712476303696e-19
1.443532755816932817e-23 6.490216758918839298e-19
1.447993991639174562e-23 6.502798707954310995e-19
1.452469014904050647e-23 6.515406621157983785e-19
1.456957868221632324e-23 6.528040560274278052e-19
1.461460594333675892e-23 6.540700587216865869e-19
1.465977236114020897e-23 6.553386764069603144e-19
1.470507836569042407e-23 6.566099153086817549e-19
1.475052438837992485e-23 6.578837816693778446e-19
1.479611086193455701e-23 6.591602817487455702e-19
1.484183822041750854e-23 6.604394218236804731e-19
1.488770689923331814e-23 6.617212081883292266e-19
1.493371733513250964e-23 6.630056471541847776e-19
1.497986996621501265e-23 6.642927450500730570e-19
1.502616523193482932e-23 6.655825082222532249e-19
1.507260357310409269e-23 6.668749430344565741e-19
1.511918543189726323e-23 6.681700558679304413e-19
1.516591125185534591e-23 6.694678531215156296e-19
1.521278147789010436e-23 6.707683412116761639e-19
1.525979655628817806e-23 6.720715265725578395e-19
1.530695693471583126e-23 6.733774156560664147e-19
1.535426306222245606e-23 6.746860149318884107e-19
1.540171538924536834e-23 6.759973308875593859e-19
1.544931436761395436e-23 6.773113700285241215e-19
1.549706045055385256e-23 6.786281388781762951e-19
1.554495409269177017e-23 6.799476439779428370e-19
1.559299575005906258e-23 6.812698918872951966e-19
1.564118588009657635e-23 6.825948891838537276e-19
1.568952494165887517e-23 6.839226424633938515e-19
1.573801339501861559e-23 6.852531583399510203e-19
1.578665170187092280e-23 6.865864434458278427e-19
1.583544032533778997e-23 6.879225044316986620e-19
1.588437972997249213e-23 6.892613479666169711e-19
1.593347038176386804e-23 6.906029807381213383e-19
1.598271274814129534e-23 6.919474094522472521e-19
1.603210729797834349e-23 6.932946408336137878e-19
1.608165450159776664e-23 6.946446816254658821e-19
1.613135483077584711e-23 6.959975385897412584e-19
1.618120875874676817e-23 6.973532185071231018e-19
1.623121676020762762e-23 6.987117281770924438e-19
1.628137931132219045e-23 7.000730744179911406e-19
1.633169688972592591e-23 7.014372640670845618e-19
1.638216997453043910e-23 7.028043039806151316e-19
1.643279904632802893e-23 7.041742010338606842e-19
1.648358458719626670e-23 7.055469621211776046e-19
1.653452708070258050e-23 7.069225941561001105e-19
1.658562701190872507e-23 7.083011040713538302e-19
1.663688486737595099e-23 7.096824988189503652e-19
1.668830113516881329e-23 7.110667853702211873e-19
1.673987630486036716e-23 7.124539707158874529e-19
1.679161086753669360e-23 7.138440618661198037e-19
1.684350531580143385e-23 7.152370658506032700e-19
1.689556014378103802e-23 7.166329897185976491e-19
1.694777584712863538e-23 7.180318405389771791e-19
1.700015292302931233e-23 7.194336254003170133e-19
1.705269187020469980e-23 7.208383514109432943e-19
1.710539318891773393e-23 7.222460256989842877e-19
1.715825738097740220e-23 7.236566554124519448e-19
1.721128494974354529e-23 7.250702477192981401e-19
1.726447640013162960e-23 7.264868098074556935e-19
1.731783223861741689e-23 7.279063488849259038e-19
1.737135297324236274e-23 7.293288721798301635e-19
1.742503911361759561e-23 7.307543869404674482e-19
1.747889117092934173e-23 7.321829004353812422e-19
1.753290965794364472e-23 7.336144199534277167e-19
1.758709508901110577e-23 7.350489528038337002e-19
1.764144798007236145e-23 7.364865063162537823e-19
1.769596884866212444e-23 7.379270878408447512e-19
1.775065821391469959e-23 7.393707047483233709e-19
1.780551659656876814e-23 7.408173644300200191e-19
1.786054451897236007e-23 7.422670742979630424e-19
1.791574250508781177e-23 7.437198417849329717e-19
1.797111108049677654e-23 7.451756743445210700e-19
1.802665077240505885e-23 7.466345794512048291e-19
1.808236210964824202e-23 7.480965646004021846e-19
1.813824562269582593e-23 7.495616373085520194e-19
1.819430184365687823e-23 7.510298051131534534e-19
1.825053130628495084e-23 7.525010755728519315e-19
1.830693454598314927e-23 7.539754562675160694e-19
1.836351209980910202e-23 7.554529547982549860e-19
1.842026450648066467e-23 7.569335787875543708e-19
1.847719230638013698e-23 7.584173358792786025e-19
1.853429604156003159e-23 7.599042337387688747e-19
1.859157625574806991e-23 7.613942800529161892e-19
1.864903349435236309e-23 7.628874825302006446e-19
1.870666830446660182e-23 7.643838489007863847e-19
1.876448123487527263e-23 7.658833869165775468e-19
1.882247283605872714e-23 7.673861043512756546e-19
1.888064366019903611e-23 7.688920090004800550e-19
1.893899426118432104e-23 7.704011086817067927e-19
1.899752519461465522e-23 7.719134112345118694e-19
1.905623701780719181e-23 7.734289245205105032e-19
1.911513028980130955e-23 7.749476564234733288e-19
1.917420557136457545e-23 7.764696148336607871e-19
1.923346342499713237e-23 7.779948069242128225e-19
1.929290441493768811e-23 7.795232388421886018e-19
1.935252910716872875e-23 7.810549166643818560e-19
1.941233806942190535e-23 7.825898464752439099e-19
1.947233187118344712e-23 7.841280343668468970e-19
1.953251108369958041e-23 7.856694864389034037e-19
1.959287627998196246e-23 7.872142087987518320e-19
1.965342803481298289e-23 7.887622075613200001e-19
1.971416692475188210e-23 7.903134888491660680e-19
1.977509352813926817e-23 7.918680587924251892e-19
1.983620842510327347e-23 7.934259235288167329e-19
1.989751219756491493e-23 7.949870892036355215e-19
1.995900542924347190e-23 7.965515619697474965e-19
2.002068870566269574e-23 7.981193479875807636e-19
2.008256261415541187e-23 7.996904534250988219e-19
2.014462774386975868e-23 8.012648844578024899e-19
2.020688468577463302e-23 8.028426472687196019e-19
2.026933403266532378e-23 8.044237480484070301e-19
2.033197637916915423e-23 8.060081929949116845e-19
2.039481232175113910e-23 8.075959883138010390e-19
2.045784245871949768e-23 8.091871402180951459e-19
2.052106739023202786e-23 8.107816549283308659e-19
2.058448771830081113e-23 8.123795386724829048e-19
2.064810404679860721e-23 8.139807976859932804e-19
2.071191698146445532e-23 8.155854382117432998e-19
2.077592712990924599e-23 8.171934665000546192e-19
2.084013510162221571e-23 8.188048888086723918e-19
2.090454150797570470e-23 8.204197114027483194e-19
2.096914696223167502e-23 8.220379405548360305e-19
2.103395207954736770e-23 8.236595825448905985e-19
2.109895747698117134e-23 8.252846436602346458e-19
2.116416377349849370e-23 8.269131301955642174e-19
2.122957158997765097e-23 8.285450484529251884e-19
2.129518154921578341e-23 8.301804047417080641e-19
2.136099427593460942e-23 8.318192053786416245e-19
2.142701039678707291e-23 8.334614566877753979e-19
2.149323054036226870e-23 8.351071650004673356e-19
2.155965533719211633e-23 8.367563366553664780e-19
2.162628541975718758e-23 8.384089779984057326e-19
2.169312142249256927e-23 8.400650953827961924e-19
2.176016398179459002e-23 8.417246951690083582e-19
2.182741373602583371e-23 8.433877837247598126e-19
2.189487132552191918e-23 8.450543674249901828e-19
2.196253739259742175e-23 8.467244526518786667e-19
2.203041258155198876e-23 8.483980457948069588e-19
2.209849753867647562e-23 8.500751532503339241e-19
2.216679291225909660e-23 8.517557814222371019e-19
2.223529935259141986e-23 8.534399367214205499e-19
2.230401751197527933e-23 8.551276255659804226e-19
2.237294804472791166e-23 8.568188543811425706e-19
2.244209160718888865e-23 8.585136295992490596e-19
2.251144885772620929e-23 8.602119576597689551e-19
2.258102045674236824e-23 8.619138450092657746e-19
2.265080706668138820e-23 8.636192981014079836e-19
2.272080935203402149e-23 8.653283233969063070e-19
2.279102797934480893e-23 8.670409273635539806e-19
2.286146361721824816e-23 8.687571164761760029e-19
2.293211693632515904e-23 8.704768972166328910e-19
2.300298860940906945e-23 8.722002760737938136e-19
2.307407931129261589e-23 8.739272595435342800e-19
2.314538971888397930e-23 8.756578541287082139e-19
2.321692051118312989e-23 8.773920663391464129e-19
2.328867236928905347e-23 8.791299026916344002e-19
2.336064597640511172e-23 8.808713697098914321e-19
2.343284201784628322e-23 8.826164739245668385e-19
2.350526118104551996e-23 8.843652218732130600e-19
2.357790415556008910e-23 8.861176201002817961e-19
2.365077163307890810e-23 8.878736751571022421e-19
2.372386430742798426e-23 8.896333936018583631e-19
2.379718287457778805e-23 8.913967819995800350e-19
2.387072803264967719e-23 8.931638469221393847e-19
2.394450048192255874e-23 8.949345949482080350e-19
2.401850092483955417e-23 8.967090326632615339e-19
2.409273006601467322e-23 8.984871666595419917e-19
2.416718861223934376e-23 9.002690035360680959e-19
2.424187727248992618e-23 9.020545498986175848e-19
2.431679675793327344e-23 9.038438123596663890e-19
2.439194778193430126e-23 9.056367975384217563e-19
2.446733106006257382e-23 9.074335120607927858e-19
2.454294731009912167e-23 9.092339625593472868e-19
2.461879725204308026e-23 9.110381556733200603e-19
2.469488160811934544e-23 9.128460980486082767e-19
2.477120110278423337e-23 9.146577963377083052e-19
2.484775646273320652e-23 9.164732571997367068e-19
2.492454841690757104e-23 9.182924873003998044e-19
2.500157769650142685e-23 9.201154933119613271e-19
2.507884503496862364e-23 9.219422819132641733e-19
2.515635116802975800e-23 9.237728597896533735e-19
2.523409683367916760e-23 9.256072336330155718e-19
2.531208277219174321e-23 9.274454101417277962e-19
2.539030972613083093e-23 9.292873960206328068e-19
2.546877844035403326e-23 9.311331979810587401e-19
2.554748966202093800e-23 9.329828227407411091e-19
2.562644414060085884e-23 9.348362770238622845e-19
2.570564262787870993e-23 9.366935675609935245e-19
2.578508587796300803e-23 9.385547010891013302e-19
2.586477464729284026e-23 9.404196843514942902e-19
2.594470969464506697e-23 9.422885240978371394e-19
2.602489178114154805e-23 9.441612270841166705e-19
2.610532167025638693e-23 9.460378000726161191e-19
2.618600012782320985e-23 9.479182498319003336e-19
2.626692792204244213e-23 9.498025831368163536e-19
2.634810582348842287e-23 9.516908067684123277e-19
2.642953460511758935e-23 9.535829275140037658e-19
2.651121504227455723e-23 9.554789521670724278e-19
2.659314791270036374e-23 9.573788875272921308e-19
2.667533399653942366e-23 9.592827404004883048e-19
2.675777407634784888e-23 9.611905175986285557e-19
2.684046893709959034e-23 9.631022259397895390e-19
2.692341936619476643e-23 9.650178722481546489e-19
2.700662615346696868e-23 9.669374633539585516e-19
2.709009009119074380e-23 9.688610060935064445e-19
2.717381197408919319e-23 9.707885073091178187e-19
2.725779259934149031e-23 9.727199738491174079e-19
2.734203276659048020e-23 9.746554125678209358e-19
2.742653327795033195e-23 9.765948303254977535e-19
2.751129493801389729e-23 9.785382339883629429e-19
2.759631855386130351e-23 9.804856304285540131e-19
2.768160493506628929e-23 9.824370265240804410e-19
2.776715489370456839e-23 9.843924291588281010e-19
2.785296924436225209e-23 9.863518452225509834e-19
2.793904880414226732e-23 9.883152816107904980e-19
2.802539439267300249e-23 9.902827452249164964e-19
2.811200683211590701e-23 9.922542429720671831e-19
2.819888694717333776e-23 9.942297817651194557e-19
2.828603556509637608e-23 9.962093685227062389e-19
2.837345351569272125e-23 9.981930101691294322e-19
2.846114163133460744e-23 1.000180713634391688e-18
2.854910074696669714e-23 1.002172485854158469e-18
2.863733170011405101e-23 1.004168333769704704e-18
2.872583533088988028e-23 1.006168264327932310e-18
2.881461248200444526e-23 1.008172284481310873e-18
2.890366399877171445e-23 1.010180401187865328e-18
2.899299072911809267e-23 1.012192621411151685e-18
2.908259352359120192e-23 1.014208952120260307e-18
2.917247323536658177e-23 1.016229400289718266e-18
2.926263072025674063e-23 1.018253972899521502e-18
2.935306683671906680e-23 1.020282676935108250e-18
2.944378244586402175e-23 1.022315519387305304e-18
2.953477841146332734e-23 1.024352507252322432e-18
2.962605559995817673e-23 1.026393647531712125e-18
2.971761488046751566e-23 1.028438947232350527e-18
2.980945712479629450e-23 1.030488413366424729e-18
2.990158320744352032e-23 1.032542052951377108e-18
2.999399400561159037e-23 1.034599873009892995e-18
3.008669039921314516e-23 1.036661880569888361e-18
3.017967327088044307e-23 1.038728082664452604e-18
3.027294350597327727e-23 1.040798486331828914e-18
3.036650199258837384e-23 1.042873098615422935e-18
3.046034962156638591e-23 1.044951926563716484e-18
3.055448728650135055e-23 1.047034977230283925e-18
3.064891588374896423e-23 1.049122257673748443e-18
3.074363631243509931e-23 1.051213774957747385e-18
3.083864947446437920e-23 1.053309536150917810e-18
3.093395627452877132e-23 1.055409548326860670e-18
3.102955762011617400e-23 1.057513818564097283e-18
3.112545442151909168e-23 1.059622353946077420e-18
3.122164759184301616e-23 1.061735161561113057e-18
3.131813804701617735e-23 1.063852248502371053e-18
3.141492670579669612e-23 1.065973621867829240e-18
3.151201448978211170e-23 1.068099288760253505e-18
3.160940232341895023e-23 1.070229256287191433e-18
3.170709113400994223e-23 1.072363531560888916e-18
3.180508185172391445e-23 1.074502121698298241e-18
3.190337540960438271e-23 1.076645033821054399e-18
3.200197274357842685e-23 1.078792275055407683e-18
3.210087479246561279e-23 1.080943852532238126e-18
3.220008249798692037e-23 1.083099773386986172e-18
3.229959680477372415e-23 1.085260044759645548e-18
3.239941866037676828e-23 1.087424673794715695e-18
3.249954901527495335e-23 1.089593667641178655e-18
3.259998882288541036e-23 1.091767033452482510e-18
3.270073903957102977e-23 1.093944778386471467e-18
3.280180062465058249e-23 1.096126909605408013e-18
3.290317454040736567e-23 1.098313434275862551e-18
3.300486175209940009e-23 1.100504359568791216e-18
3.310686322796703561e-23 1.102699692659377939e-18
3.320917993924324264e-23 1.104899440727103214e-18
3.331181286016257525e-23 1.107103610955664739e-18
3.341476296797046937e-23 1.109312210532944490e-18
3.351803124293251743e-23 1.111525246650982718e-18
3.362161866834384878e-23 1.113742726505961193e-18
3.372552623053843376e-23 1.115964657298129827e-18
3.382975491889852878e-23 1.118191046231820156e-18
3.393430572586379227e-23 1.120421900515364642e-18
3.403917964694184652e-23 1.122657227361109386e-18
3.414437768071609471e-23 1.124897033985340556e-18
3.424990082885605937e-23 1.127141327608265898e-18
3.435575009612776201e-23 1.129390115454003759e-18
3.446192649040161067e-23 1.131643404750484866e-18
3.456843102266312046e-23 1.133901202729488913e-18
3.467526470702224105e-23 1.136163516626553088e-18
3.478242856072304871e-23 1.138430353680993637e-18
3.488992360415339114e-23 1.140701721135797241e-18
3.499775086085463828e-23 1.142977626237666087e-18
3.510591135753140948e-23 1.145258076236909631e-18
3.521440612406133597e-23 1.147543078387448250e-18
3.532323619350491743e-23 1.149832639946793800e-18
3.543240260211500231e-23 1.152126768175939253e-18
3.554190638934786689e-23 1.154425470339428995e-18
3.565174859787135554e-23 1.156728753705231140e-18
3.576193027357566005e-23 1.159036625544717303e-18
3.587245246558418118e-23 1.161349093132682827e-18
3.598331622626176299e-23 1.163666163747259727e-18
3.609452261122585414e-23 1.165987844669846395e-18
3.620607267935630569e-23 1.168314143185160373e-18
3.631796749280543330e-23 1.170645066581126066e-18
3.643020811700812058e-23 1.172980622148852984e-18
3.654279562069198717e-23 1.175320817182639012e-18
3.665573107588755671e-23 1.177665658979873540e-18
3.676901555793844254e-23 1.180015154841015119e-18
3.688265014551132763e-23 1.182369312069586069e-18
3.699663592060740803e-23 1.184728137972100065e-18
3.711097396857088579e-23 1.187091639858014180e-18
3.722566537810054173e-23 1.189459825039731005e-18
3.734071124125946263e-23 1.191832700832517181e-18
3.745611265348666103e-23 1.194210274554489340e-18
3.757187071360570332e-23 1.196592553526555365e-18
3.768798652383636477e-23 1.198979545072392626e-18
3.780446118980482109e-23 1.201371256518389816e-18
3.792129582055420437e-23 1.203767695193623072e-18
3.803849152855512372e-23 1.206168868429806862e-18
3.815604942971629175e-23 1.208574783561243912e-18
3.827397064339512170e-23 1.210985447924801129e-18
3.839225629240841261e-23 1.213400868859851251e-18
3.851090750304269960e-23 1.215821053708239328e-18
3.862992540506626151e-23 1.218246009814266358e-18
3.874931113173796654e-23 1.220675744524578931e-18
3.886906581981902126e-23 1.223110265188203890e-18
3.898919060958474912e-23 1.225549579156463019e-18
3.910968664483353591e-23 1.227993693782921232e-18
3.923055507289899028e-23 1.230442616423387149e-18
3.935179704466055845e-23 1.232896354435826629e-18
3.947341371455446218e-23 1.235354915180336760e-18
3.959540624058473667e-23 1.237818306019119481e-18
3.971777578433419203e-23 1.240286534316403389e-18
3.984052351097553346e-23 1.242759607438407526e-18
3.996365058928242856e-23 1.245237532753342541e-18
4.008715819164029243e-23 1.247720317631294744e-18
4.021104749405879500e-23 1.250207969444234391e-18
4.033531967618108273e-23 1.252700495565954439e-18
4.045997592129629175e-23 1.255197903372015076e-18
4.058501741635020964e-23 1.257700200239717724e-18
4.071044535195785905e-23 1.260207393548049187e-18
4.083626092241284878e-23 1.262719490677619444e-18
4.096246532570010438e-23 1.265236499010660296e-18
4.108905976350691189e-23 1.267758425930942750e-18
4.121604544123436723e-23 1.270285278823722705e-18
4.134342356800886069e-23 1.272817065075738446e-18
4.147119535669358509e-23 1.275353792075110886e-18
4.159936202390008496e-23 1.277895467211359162e-18
4.172792478999984107e-23 1.280442097875272367e-18
4.185688487913554931e-23 1.282993691458934979e-18
4.198624351923414511e-23 1.285550255355660600e-18
4.211600194201643668e-23 1.288111796959917430e-18
4.224616138300985908e-23 1.290678323667298218e-18
4.237672308156129889e-23 1.293249842874490412e-18
4.250768828084678026e-23 1.295826361979182173e-18
4.263905822788471863e-23 1.298407888380068540e-18
4.277083417354744646e-23 1.300994429476747617e-18
4.290301737257309743e-23 1.303585992669726935e-18
4.303560908357758479e-23 1.306182585360318485e-18
4.316861056906656195e-23 1.308784214950653933e-18
4.330202309544747137e-23 1.311390888843561556e-18
4.343584793304156391e-23 1.314002614442561808e-18
4.357008635609567737e-23 1.316619399151808390e-18
4.370473964279576047e-23 1.319241250376065522e-18
4.383980907527694689e-23 1.321868175520602019e-18
4.397529593963714396e-23 1.324500181991168177e-18
4.411120152594858778e-23 1.327137277193934915e-18
4.424752712827156713e-23 1.329779468535499940e-18
4.438427404466457383e-23 1.332426763422741180e-18
4.452144357719810894e-23 1.335079169262822371e-18
4.465903703196673158e-23 1.337736693463141058e-18
4.479705571910146040e-23 1.340399343431266579e-18
4.493550095278229844e-23 1.343067126574869575e-18
4.507437405125070519e-23 1.345740050301725457e-18
4.521367633682216841e-23 1.348418122019576704e-18
4.535340913589878201e-23 1.351101349136175232e-18
4.549357377898152403e-23 1.353789739059133133e-18
4.563417160068439199e-23 1.356483299195965435e-18
4.577520393974488828e-23 1.359182036953959133e-18
4.591667213903787924e-23 1.361885959740149118e-18
4.605857754558951893e-23 1.364595074961272727e-18
4.620092151058781087e-23 1.367309390023696361e-18
4.634370538939697265e-23 1.370028912333380243e-18
4.648693054156997843e-23 1.372753649295814284e-18
4.663059833086150113e-23 1.375483608315953179e-18
4.677471012524089576e-23 1.378218796798180199e-18
4.691926729690522391e-23 1.380959222146232659e-18
4.706427122229230761e-23 1.383704891763165710e-18
4.720972328209387136e-23 1.386455813051286662e-18
4.735562486126864301e-23 1.389211993412088351e-18
4.750197734905519015e-23 1.391973440246203879e-18
4.764878213898667847e-23 1.394740160953358077e-18
4.779604062890182145e-23 1.397512162932312620e-18
4.794375422095935073e-23 1.400289453580757788e-18
4.809192432165253344e-23 1.403072040295345592e-18
4.824055234182023364e-23 1.405859930471552069e-18
4.838963969666191157e-23 1.408653131503639538e-18
4.853918780575068343e-23 1.411451650784648504e-18
4.868919809304686309e-23 1.414255495706259576e-18
4.883967198691150374e-23 1.417064673658794811e-18
4.899061092012001602e-23 1.419879192031129507e-18
4.914201632987579788e-23 1.422699058210652338e-18
4.929388965782391145e-23 1.425524279583207188e-18
4.944623235006444253e-23 1.428354863532972589e-18
4.959904585716782902e-23 1.431190817442533947e-18
4.975233163418629854e-23 1.434032148692661090e-18
4.990609114066932022e-23 1.436878864662390512e-18
5.006032584067668802e-23 1.439730972728863781e-18
5.021503720279409012e-23 1.442588480267337177e-18
5.037022670014465815e-23 1.445451394651060927e-18
5.052589581040461893e-23 1.448319723251278249e-18
5.068204601581694779e-23 1.451193473437103437e-18
5.083867880320549217e-23 1.454072652575532262e-18
5.099579566398913042e-23 1.456957268031286550e-18
5.115339809419596006e-23 1.459847327166846730e-18
5.131148759447756237e-23 1.462742837342335891e-18
5.147006567012327876e-23 1.465643805915448527e-18
5.162913383107411102e-23 1.468550240241428769e-18
5.178869359193880796e-23 1.471462147672996625e-18
5.194874647200574374e-23 1.474379535560243788e-18
5.210929399525865779e-23 1.477302411250622268e-18
5.227033769039241817e-23 1.480230782088869673e-18
5.243187909082505860e-23 1.483164655416903855e-18
5.259391973471406500e-23 1.486104038573800763e-18
5.275646116497058128e-23 1.489048938895750919e-18
5.291950492927413830e-23 1.491999363715910543e-18
5.308305258008734758e-23 1.494955320364441996e-18
5.324710567467072424e-23 1.497916816168343336e-18
5.341166577509748063e-23 1.500883858451488762e-18
5.357673444826840219e-23 1.503856454534466839e-18
5.374231326592637068e-23 1.506834611734568551e-18
5.390840380467304448e-23 1.509818337365742434e-18
5.407500764598122474e-23 1.512807638738453208e-18
5.424212637621172377e-23 1.515802523159679660e-18
5.440976158662752970e-23 1.518802997932804287e-18
5.457791487341078067e-23 1.521809070357611565e-18
5.474658783767527206e-23 1.524820747730144850e-18
5.491578208548346589e-23 1.527838037342670750e-18
5.508549922786139609e-23 1.530860946483623081e-18
5.525574088081393820e-23 1.533889482437501174e-18
5.542650866534024356e-23 1.536923652484867568e-18
5.559780420744913835e-23 1.539963463902202988e-18
5.576962913817466355e-23 1.543008923961859346e-18
5.594198509359152100e-23 1.546060039932034135e-18
5.611487371483029604e-23 1.549116819076646778e-18
5.628829664809480775e-23 1.552179268655302035e-18
5.646225554467512176e-23 1.555247395923197757e-18
5.663675206096460662e-23 1.558321208131077116e-18
5.681178785847708424e-23 1.561400712525158699e-18
5.698736460385991323e-23 1.564485916347009778e-18
5.716348396891167998e-23 1.567576826833565378e-18
5.734014763059764474e-23 1.570673451216989228e-18
5.751735727106575182e-23 1.573775796724647754e-18
5.769511457766261632e-23 1.576883870578983360e-18
5.787342124294958136e-23 1.579997679997496897e-18
5.805227896471885766e-23 1.583117232192643667e-18
5.823168944600967479e-23 1.586242534371793745e-18
5.841165439512404458e-23 1.589373593737103521e-18
5.859217552564488722e-23 1.592510417485522056e-18
5.877325455644952597e-23 1.595653012808615821e-18
5.895489321172797779e-23 1.598801386892598167e-18
5.913709322099832889e-23 1.601955546918174861e-18
5.931985631912523692e-23 1.605115500060551408e-18
5.950318424633348450e-23 1.608281253489267033e-18
5.968707874822649320e-23 1.611452814368189291e-18
5.987154157580248662e-23 1.614630189855416037e-18
6.005657448547113538e-23 1.617813387103189720e-18
6.024217923907029615e-23 1.621002413257833249e-18
6.042835760388278598e-23 1.624197275459698191e-18
6.061511135265318006e-23 1.627397980843042853e-18
6.080244226360477418e-23 1.630604536535979516e-18
6.099035212045588878e-23 1.633816949660398164e-18
6.117884271243898250e-23 1.637035227331925661e-18
6.136791583431461707e-23 1.640259376659766853e-18
6.155757328639003011e-23 1.643489404746686473e-18
6.174781687453784897e-23 1.646725318688943459e-18
6.193864841021022025e-23 1.649967125576167316e-18
6.213006971045809957e-23 1.653214832491314778e-18
6.232208259794800243e-23 1.656468446510557719e-18
6.251468890097944852e-23 1.659727974703274684e-18
6.270789045350225324e-23 1.662993424131878511e-18
6.290168909513408960e-23 1.666264801851797270e-18
6.309608667117795605e-23 1.669542114911406082e-18
6.329108503263975013e-23 1.672825370351901743e-18
6.348668603624591264e-23 1.676114575207258039e-18
6.368289154446057811e-23 1.679409736504122714e-18
6.387970342550535834e-23 1.682710861261749287e-18
6.407712355337407138e-23 1.686017956491952374e-18
6.427515380785207839e-23 1.689331029198920678e-18
6.447379607453582038e-23 1.692650086379290367e-18
6.467305224484755886e-23 1.695975135021921861e-18
6.487292421605554739e-23 1.699306182107889237e-18
6.507341389129153463e-23 1.702643234610411475e-18
6.527452317956890226e-23 1.705986299494723033e-18
6.547625399580081459e-23 1.709335383718026472e-18
6.567860826081848575e-23 1.712690494229375358e-18
6.588158790138945862e-23 1.716051637969651922e-18
6.608519485023595433e-23 1.719418821871435516e-18
6.628943104605270444e-23 1.722792052858894959e-18
6.649429843352762797e-23 1.726171337847803747e-18
6.669979896335704222e-23 1.729556683745370188e-18
6.690593459226645732e-23 1.732948097450153240e-18
6.711270728302806757e-23 1.736345585852016477e-18
6.732011900448168696e-23 1.739749155832066658e-18
6.752817173155015998e-23 1.743158814262497336e-18
6.773686744526037936e-23 1.746574568006538979e-18
6.794620813276160036e-23 1.749996423918362097e-18
6.815619578734435441e-23 1.753424388843054896e-18
6.836683240845943339e-23 1.756858469616449182e-18
6.857812000173695612e-23 1.760298673065059878e-18
6.879006057900539962e-23 1.763745006006061536e-18
6.900265615831081844e-23 1.767197475247101899e-18
6.921590876393546451e-23 1.770656087586276871e-18
6.942982042641931042e-23 1.774120849812070424e-18
6.964439318257603614e-23 1.777591768703177412e-18
6.985962907551409391e-23 1.781068851028480847e-18
7.007553015465783182e-23 1.784552103546974477e-18
7.029209847576366868e-23 1.788041533007614486e-18
7.050933610094187588e-23 1.791537146149317574e-18
7.072724509867570268e-23 1.795038949700759882e-18
7.094582754384101876e-23 1.798546950380400111e-18
7.116508551772610953e-23 1.802061154896330064e-18
7.138502110805145967e-23 1.805581569946170264e-18
7.160563640898967780e-23 1.809108202217044531e-18
7.182693352118539756e-23 1.812641058385415120e-18
7.204891455177469684e-23 1.816180145117066163e-18
7.227158161440751436e-23 1.819725469066965767e-18
7.249493682926428303e-23 1.823277036879159321e-18
7.271898232307840529e-23 1.826834855186745612e-18
7.294372022915539024e-23 1.830398930611705807e-18
7.316915268739547012e-23 1.833969269764891506e-18
7.339528184431049217e-23 1.837545879245867204e-18
7.362210985304665266e-23 1.841128765642857909e-18
7.384963887340445684e-23 1.844717935532630496e-18
7.407787107185929005e-23 1.848313395480427466e-18
7.430680862158200065e-23 1.851915152039861010e-18
7.453645370245961219e-23 1.855523211752807474e-18
7.476680850111612972e-23 1.859137581149326469e-18
7.499787521093325195e-23 1.862758266747580366e-18
7.522965603207077785e-23 1.866385275053727983e-18
7.546215317148988146e-23 1.870018612561817894e-18
7.569536884297052092e-23 1.873658285753731799e-18
7.592930526713434888e-23 1.877304301099025836e-18
7.616396467146770516e-23 1.880956665054900528e-18
7.639934929033907286e-23 1.884615384066079841e-18
7.663546136502292912e-23 1.888280464564702559e-18
7.687230314372035153e-23 1.891951912970252951e-18
7.710987688158050619e-23 1.895629735689451761e-18
7.734818484072208873e-23 1.899313939116146435e-18
7.758722929025488283e-23 1.903004529631228300e-18
7.782701250630133060e-23 1.906701513602562851e-18
7.806753677201824393e-23 1.910404897384825272e-18
7.830880437761851586e-23 1.914114687319483878e-18
7.855081762039230301e-23 1.917830889734622537e-18
7.879357880473145236e-23 1.921553510944922574e-18
7.903709024214762735e-23 1.925282557251512544e-18
7.928135425129617041e-23 1.929018034941841120e-18
7.952637315800021239e-23 1.932759950289701363e-18
7.977214929526885740e-23 1.936508309554969180e-18
8.001868500332203281e-23 1.940263118983639914e-18
8.026598262961210658e-23 1.944024384807647693e-18
8.051404452884626864e-23 1.947792113244806113e-18
8.076287306300890060e-23 1.951566311201016546e-18
8.101247060138409818e-23 1.955346994154614725e-18
8.126283952057822895e-23 1.959134183385209080e-18
8.151398220454256063e-23 1.962927900379825303e-18
8.176590104459528981e-23 1.966728166728873775e-18
8.201859843944699144e-23 1.970535004126680739e-18
8.227207679521942671e-23 1.974348434371729812e-18
8.252633852547115710e-23 1.978168479367182369e-18
8.278138605121917345e-23 1.981995161121291233e-18
8.303722180096461579e-23 1.985828501747741953e-18
8.329384821071189864e-23 1.989668523466126193e-18
8.355126772399458361e-23 1.993515248602373914e-18
8.380948279189794893e-23 1.997368699589101197e-18
8.406849587308237002e-23 2.001228898966089025e-18
8.432830943380668831e-23 2.005095869380706994e-18
8.458892594795173286e-23 2.008969633588311205e-18
8.485034789704384206e-23 2.012850214452684919e-18
8.511257777027851454e-23 2.016737634946469194e-18
8.537561806454341358e-23 2.020631918151608546e-18
8.563947128444490980e-23 2.024533087259770803e-18
8.590413994232778244e-23 2.028441165572755012e-18
8.616962655830116251e-23 2.032356176502956366e-18
8.643593366026473457e-23 2.036278143573880804e-18
8.670306378392852030e-23 2.040207090420412338e-18
8.697101947283983255e-23 2.044143040789445908e-18
8.723980327840685584e-23 2.048086018540160866e-18
8.750941775992287320e-23 2.052036047644642283e-18
8.777986548459064599e-23 2.055993152188203731e-18
8.805114902754691117e-23 2.059957356369866457e-18
8.832327097188681985e-23 2.063928684502846258e-18
8.859623390868859915e-23 2.067907161015023405e-18
8.887004043703746174e-23 2.071892810449332071e-18
8.914469316405328877e-23 2.075885657464293425e-18
8.942019470491107167e-23 2.079885726834452047e-18
8.969654768286870087e-23 2.083893043450796554e-18
8.997375472929052271e-23 2.087907632321318504e-18
9.025181848367533968e-23 2.091929518571453816e-18
9.053074159367708740e-23 2.095958727444496850e-18
9.081052671513299946e-23 2.099995284302150064e-18
9.109117651208819874e-23 2.104039214624943868e-18
9.137269365682101758e-23 2.108090544012774728e-18
9.165508082986847074e-23 2.112149298185345434e-18
9.193834072005176361e-23 2.116215502982679324e-18
9.222247602450188275e-23 2.120289184365578653e-18
9.250748944868532743e-23 2.124370368416128420e-18
9.279338370642906541e-23 2.128459081338175922e-18
9.308016151994939130e-23 2.132555349457899674e-18
9.336782561987336757e-23 2.136659199224186890e-18
9.365637874526703645e-23 2.140770657209193162e-18
9.394582364366379633e-23 2.144889750108892118e-18
9.423616307108603088e-23 2.149016504743517998e-18
9.452739979207435533e-23 2.153150948058044447e-18
9.481953657971318348e-23 2.157293107122784243e-18
9.511257621565715281e-23 2.161443009133873093e-18
9.540652149015759663e-23 2.165600681413707976e-18
9.570137520208913373e-23 2.169766151411571529e-18
9.599714015897626986e-23 2.173939446704107364e-18
9.629381917702018719e-23 2.178120594995813109e-18
9.659141508112473454e-23 2.182309624119625889e-18
9.688993070492648476e-23 2.186506562037421528e-18
9.718936889081698682e-23 2.190711436840514907e-18
9.748973248997301129e-23 2.194924276750253915e-18
9.779102436238207032e-23 2.199145110118511340e-18
9.809324737687286295e-23 2.203373965428239913e-18
9.839640441113778582e-23 2.207610871294042779e-18
9.870049835176356657e-23 2.211855856462628774e-18
9.900553209425791226e-23 2.216108949813481505e-18
9.931150854307708651e-23 2.220370180359301922e-18
9.961843061165358060e-23 2.224639577246640025e-18
9.992630122242383166e-23 2.228917169756402537e-18
1.002351233068560701e-22 2.233202987304429531e-18
1.005448998054782376e-22 2.237497059442070281e-18
1.008556336679051294e-22 2.241799415856700953e-18
1.011673278528698032e-22 2.246110086372372099e-18
1.014799853282467838e-22 2.250429100950299391e-18
1.017936090710828373e-22 2.254756489689452562e-18
1.021082020676277691e-22 2.259092282827180570e-18
1.024237673133578632e-22 2.263436510739758558e-18
1.027403078130077854e-22 2.267789203942937516e-18
1.030578265805983009e-22 2.272150393092611808e-18
1.033763266394650394e-22 2.276520108985309512e-18
1.036958110222872117e-22 2.280898382558832989e-18
1.040162827711165273e-22 2.285285244892918315e-18
1.043377449374061467e-22 2.289680727209702517e-18
1.046602005820397631e-22 2.294084860874406891e-18
1.049836527753607077e-22 2.298497677395924025e-18
1.053081045972003497e-22 2.302919208427440645e-18
1.056335591369108453e-22 2.307349485767017319e-18
1.059600194933894120e-22 2.311788541358231336e-18
1.062874887751104076e-22 2.316236407290747931e-18
1.066159701001575272e-22 2.320693115801002841e-18
1.069454665962482649e-22 2.325158699272794716e-18
1.072759814007672161e-22 2.329633190237877537e-18
1.076075176607950881e-22 2.334116621376657032e-18
1.079400785331385580e-22 2.338609025518773080e-18
1.082736671843604829e-22 2.343110435643771468e-18
1.086082867908099453e-22 2.347620884881690925e-18
1.089439405386525342e-22 2.352140406513775319e-18
1.092806316239006491e-22 2.356669033973068781e-18
1.096183632524431224e-22 2.361206800845082838e-18
1.099571386400792620e-22 2.365753740868483975e-18
1.102969610125440300e-22 2.370309887935648687e-18
1.106378336055425320e-22 2.374875276093459271e-18
1.109797596647788168e-22 2.379449939543848868e-18
1.113227424459905296e-22 2.384033912644553729e-18
1.116667852149744439e-22 2.388627229909751852e-18
1.120118912476212093e-22 2.393229926010700468e-18
1.123580638299455851e-22 2.397842035776467893e-18
1.127053062581177081e-22 2.402463594194630328e-18
1.130536218384946201e-22 2.407094636411873908e-18
1.134030138876515824e-22 2.411735197734750046e-18
1.137534857324137673e-22 2.416385313630387651e-18
1.141050407098878557e-22 2.421045019727083608e-18
1.144576821674929287e-22 2.425714351815125927e-18
1.148114134629961086e-22 2.430393345847462039e-18
1.151662379645388435e-22 2.435082037940320485e-18
1.155221590506717952e-22 2.439780464374060640e-18
1.158791801103899164e-22 2.444488661593766280e-18
1.162373045431589698e-22 2.449206666210052547e-18
1.165965357589517099e-22 2.453934514999735792e-18
1.169568771782794564e-22 2.458672244906596239e-18
1.173183322322245149e-22 2.463419893042055913e-18
1.176809043624730432e-22 2.468177496685983682e-18
1.180445970213476834e-22 2.472945093287380881e-18
1.184094136718404518e-22 2.477722720465160167e-18
1.187753577876457944e-22 2.482510416008838076e-18
1.191424328531925835e-22 2.487308217879357784e-18
1.195106423636812395e-22 2.492116164209808634e-18
1.198799898251112148e-22 2.496934293306148358e-18
1.202504787543181620e-22 2.501762643648055883e-18
1.206221126790055788e-22 2.506601253889574200e-18
1.209948951377822123e-22 2.511450162860005926e-18
1.213688296801900116e-22 2.516309409564653248e-18
1.217439198667416974e-22 2.521179033185527043e-18
1.221201692689537693e-22 2.526059073082201999e-18
1.224975814693804778e-22 2.530949568792586598e-18
1.228761600616479608e-22 2.535850560033734315e-18
1.232559086504884972e-22 2.540762086702622471e-18
1.236368308517746905e-22 2.545684188876917592e-18
1.240189302925540987e-22 2.550616906815835145e-18
1.244022106110825482e-22 2.555560280960949586e-18
1.247866754568630419e-22 2.560514351936972819e-18
1.251723284906742306e-22 2.565479160552627799e-18
1.255591733846084278e-22 2.570454747801344563e-18
1.259472138221096253e-22 2.575441154862288291e-18
1.263364534980023638e-22 2.580438423101010269e-18
1.267268961185311348e-22 2.585446594070412399e-18
1.271185454013945175e-22 2.590465709511460943e-18
1.275114050757806784e-22 2.595495811354160277e-18
1.279054788824027773e-22 2.600536941718351766e-18
1.283007705735346788e-22 2.605589142914528432e-18
1.286972839130466405e-22 2.610652457444790984e-18
1.290950226764411653e-22 2.615726928003583144e-18
1.294939906508889245e-22 2.620812597478726632e-18
1.298941916352637643e-22 2.625909508952092940e-18
1.302956294401831661e-22 2.631017705700725758e-18
1.306983078880380806e-22 2.636137231197462280e-18
1.311022308130325889e-22 2.641268129112047936e-18
1.315074020612235875e-22 2.646410443311919855e-18
1.319138254905509275e-22 2.651564217863083936e-18
1.323215049708786042e-22 2.656729497031078585e-18
1.327304443840303041e-22 2.661906325281882593e-18
1.331406476238265504e-22 2.667094747282791827e-18
1.335521185961217077e-22 2.672294807903377181e-18
1.339648612188411507e-22 2.677506552216351248e-18
1.343788794220186457e-22 2.682730025498593683e-18
1.347941771478336365e-22 2.687965273231952391e-18
1.352107583506478498e-22 2.693212341104317428e-18
1.356286269970472365e-22 2.698471275010527337e-18
1.360477870658731696e-22 2.703742121053245067e-18
1.364682425482635865e-22 2.709024925543988345e-18
1.368899974476944365e-22 2.714319735004091866e-18
1.373130557800110200e-22 2.719626596165616723e-18
1.377374215734706823e-22 2.724945555972418138e-18
1.381630988687801707e-22 2.730276661581025999e-18
1.385900917191339556e-22 2.735619960361647886e-18
1.390184041902529749e-22 2.740975499899215619e-18
1.394480403604231904e-22 2.746343327994340132e-18
1.398790043205345665e-22 2.751723492664272134e-18
1.403113001741199331e-22 2.757116042143985629e-18
1.407449320373940345e-22 2.762521024887129331e-18
1.411799040392917102e-22 2.767938489567063583e-18
1.416162203215116462e-22 2.773368485077901898e-18
1.420538850385490542e-22 2.778811060535500120e-18
1.424929023577385066e-22 2.784266265278508365e-18
1.429332764592972884e-22 2.789734148869432592e-18
1.433750115363580997e-22 2.795214761095638788e-18
1.438181117950137243e-22 2.800708151970424935e-18
1.442625814543558214e-22 2.806214371734098379e-18
1.447084247465151505e-22 2.811733470854978079e-18
1.451556459167018913e-22 2.817265500030545167e-18
1.456042492232460334e-22 2.822810510188457516e-18
1.460542389376379075e-22 2.828368552487672567e-18
1.465056193445689044e-22 2.833939678319471918e-18
1.469583947419710187e-22 2.839523939308638456e-18
1.474125694410626227e-22 2.845121387314514072e-18
1.478681477663823203e-22 2.850732074432086280e-18
1.483251340558348150e-22 2.856356052993101394e-18
1.487835326607299834e-22 2.861993375567242436e-18
1.492433479458290250e-22 2.867644094963234999e-18
1.497045842893787396e-22 2.873308264229856435e-18
1.501672460831581473e-22 2.878985936657299031e-18
1.506313377325190671e-22 2.884677165778128349e-18
1.510968636564280341e-22 2.890382005368456891e-18
1.515638282875083831e-22 2.896100509449244096e-18
1.520322360720824720e-22 2.901832732287275490e-18
1.525020914702140228e-22 2.907578728396436490e-18
1.529733989557505810e-22 2.913338552538890304e-18
1.534461630163648222e-22 2.919112259726199598e-18
1.539203881536023475e-22 2.924899905220641897e-18
1.543960788829170664e-22 2.930701544536198751e-18
1.548732397337177930e-22 2.936517233439991703e-18
1.553518752494153127e-22 2.942347027953365435e-18
1.558319899874580471e-22 2.948190984353088004e-18
1.563135885193804135e-22 2.954049159172658555e-18
1.567966754308451901e-22 2.959921609203456322e-18
1.572812553216871026e-22 2.965808391496084551e-18
1.577673328059567181e-22 2.971709563361513723e-18
1.582549125119642669e-22 2.977625182372353831e-18
1.587439990823237940e-22 2.983555306364201758e-18
1.592345971739973112e-22 2.989499993436761009e-18
1.597267114583378669e-22 2.995459301955285779e-18
1.602203466211392458e-22 3.001433290551738433e-18
1.607155073626727622e-22 3.007422018126120326e-18
1.612121983977372184e-22 3.013425543847792218e-18
1.617104244557011049e-22 3.019443927156693005e-18
1.622101902805530998e-22 3.025477227764846566e-18
1.627115006309390967e-22 3.031525505657422564e-18
1.632143602802130094e-22 3.037588821094259471e-18
1.637187740164806654e-22 3.043667234611092545e-18
1.642247466426456261e-22 3.049760807020981322e-18
1.647322829764547965e-22 3.055869599415620413e-18
1.652413878505442923e-22 3.061993673166675322e-18
1.657520661124854966e-22 3.068133089927147932e-18
1.662643226248312561e-22 3.074287911632841368e-18
1.667781622651606681e-22 3.080458200503586431e-18
1.672935899261311541e-22 3.086644019044854369e-18
1.678106105155167582e-22 3.092845430048868137e-18
1.683292289562589985e-22 3.099062496596251384e-18
1.688494501865178367e-22 3.105295282057356954e-18
1.693712791597104929e-22 3.111543850093666656e-18
1.698947208445641313e-22 3.117808264659267292e-18
1.704197802251617043e-22 3.124088590002223850e-18
1.709464623009895131e-22 3.130384890666095593e-18
1.714747720869846981e-22 3.136697231491412862e-18
1.720047146135831277e-22 3.143025677617033704e-18
1.725362949267671709e-22 3.149370294481726598e-18
1.730695180881138458e-22 3.155731147825586399e-18
1.736043891748429438e-22 3.162108303691526937e-18
1.741409132798639319e-22 3.168501828426867977e-18
1.746790955118302374e-22 3.174911788684732682e-18
1.752189409951793086e-22 3.181338251425610305e-18
1.757604548701855586e-22 3.187781283918881530e-18
1.763036422930138512e-22 3.194240953744375778e-18
1.768485084357597254e-22 3.200717328793848778e-18
1.773950584865046207e-22 3.207210477272647732e-18
1.779432976493636725e-22 3.213720467701160761e-18
1.784932311445353180e-22 3.220247368916409659e-18
1.790448642083510900e-22 3.226791250073678836e-18
1.795982020933252936e-22 3.233352180648147741e-18
1.801532500682051761e-22 3.239930230436308732e-18
1.807100134180210499e-22 3.246525469557736231e-18
1.812684974441350995e-22 3.253137968456680628e-18
1.818287074642978048e-22 3.259767797903674505e-18
1.823906488126897182e-22 3.266415028997145409e-18
1.829543268399781473e-22 3.273079733165086018e-18
1.835197469133650912e-22 3.279761982166688104e-18
1.840869144166444637e-22 3.286461848094100517e-18
1.846558347502441995e-22 3.293179403373989960e-18
1.852265133312837828e-22 3.299914720769273172e-18
1.857989555936242765e-22 3.306667873380836782e-18
1.863731669879201615e-22 3.313438934649171654e-18
1.869491529816710582e-22 3.320227978356183645e-18
1.875269190592739187e-22 3.327035078626849906e-18
1.881064707220752423e-22 3.333860309931000751e-18
1.886878134884234083e-22 3.340703747085020642e-18
1.892709528937197159e-22 3.347565465253580365e-18
1.898558944904772064e-22 3.354445539951594934e-18
1.904426438483643910e-22 3.361344047045715416e-18
1.910312065542627330e-22 3.368261062756333437e-18
1.916215882123246933e-22 3.375196663659282166e-18
1.922137944440176706e-22 3.382150926687695991e-18
1.928078308881836929e-22 3.389123929133758493e-18
1.934037032010917038e-22 3.396115748650652645e-18
1.940014170564913054e-22 3.403126463254236367e-18
1.946009781456668084e-22 3.410156151325086712e-18
1.952023921774914216e-22 3.417204891610245912e-18
1.958056648784816309e-22 3.424272763225044079e-18
1.964108019928517183e-22 3.431359845655135296e-18
1.970178092825668476e-22 3.438466218758295284e-18
1.976266925274043306e-22 3.445591962766428988e-18
1.982374575249990488e-22 3.452737158287271173e-18
1.988501100909050960e-22 3.459901886306586995e-18
1.994646560586478999e-22 3.467086228189894549e-18
2.000811012797862174e-22 3.474290265684666209e-18
2.006994516239582377e-22 3.481514080921999949e-18
2.013197129789438365e-22 3.488757756418793720e-18
2.019418912507190718e-22 3.496021375079737242e-18
2.025659923635123962e-22 3.503305020199163598e-18
2.031920222598611273e-22 3.510608775463265593e-18
2.038199869006679425e-22 3.517932724951968527e-18
2.044498922652577253e-22 3.525276953141020984e-18
2.050817443514343658e-22 3.532641544904044795e-18
2.057155491755363610e-22 3.540026585514598090e-18
2.063513127725007386e-22 3.547432160648274566e-18
2.069890411959103824e-22 3.554858356384768079e-18
2.076287405180568033e-22 3.562305259209895646e-18
2.082704168300029815e-22 3.569772956017913950e-18
2.089140762416312564e-22 3.577261534113390575e-18
2.095597248817081898e-22 3.584771081213570587e-18
2.102073688979413899e-22 3.592301685450377962e-18
2.108570144570378152e-22 3.599853435372601133e-18
2.115086677447627378e-22 3.607426419948150176e-18
2.121623349659984239e-22 3.615020728566196135e-18
2.128180223448034727e-22 3.622636451039320360e-18
2.134757361244717324e-22 3.630273677605837177e-18
2.141354825675903221e-22 3.637932498931947852e-18
2.147972679561061418e-22 3.645613006114031672e-18
2.154610985913750551e-22 3.653315290680856916e-18
2.161269807942291738e-22 3.661039444595874252e-18
2.167949209050331884e-22 3.668785560259477005e-18
2.174649252837521703e-22 3.676553730511429377e-18
2.181370003100012244e-22 3.684344048632945672e-18
2.188111523831134333e-22 3.692156608349250249e-18
2.194873879221990076e-22 3.699991503831736871e-18
2.201657133662064587e-22 3.707848829700452386e-18
2.208461351739838191e-22 3.715728681026390892e-18
2.215286598243401435e-22 3.723631153333898842e-18
2.222132938161072932e-22 3.731556342603104795e-18
2.229000436682017201e-22 3.739504345272273675e-18
2.235889159196848400e-22 3.747475258240240372e-18
2.242799171298323867e-22 3.755469178868952744e-18
2.249730538781860869e-22 3.763486204985798136e-18
2.256683327646217917e-22 3.771526434886101703e-18
2.263657604094177023e-22 3.779589967335720245e-18
2.270653434533064211e-22 3.787676901573411877e-18
2.277670885575457161e-22 3.795787337313377482e-18
2.284710024039797410e-22 3.803921374747903089e-18
2.291770916951031230e-22 3.812079114549720294e-18
2.298853631541243453e-22 3.820260657874811951e-18
2.305958235250300705e-22 3.828466106364720211e-18
2.313084795726492281e-22 3.836695562149388418e-18
2.320233380827173382e-22 3.844949127849581627e-18
2.327404058619413039e-22 3.853226906579648376e-18
2.334596897380623245e-22 3.861529001950055992e-18
2.341811965599283057e-22 3.869855518070187032e-18
2.349049331975478381e-22 3.878206559550876893e-18
2.356309065421612914e-22 3.886582231507137076e-18
2.363591235063120490e-22 3.894982639560968583e-18
2.370895910239010985e-22 3.903407889843927259e-18
2.378223160502603819e-22 3.911858089000000357e-18
2.385573055622174955e-22 3.920333344188285895e-18
2.392945665581616579e-22 3.928833763085819150e-18
2.400341060581108549e-22 3.937359453890288986e-18
2.407759311037782310e-22 3.945910525322953719e-18
2.415200487586394218e-22 3.954487086631389027e-18
2.422664661079997456e-22 3.963089247592358360e-18
2.430151902590595602e-22 3.971717118514675640e-18
2.437662283409900595e-22 3.980370810242145773e-18
2.445195875049892265e-22 3.989050434156345692e-18
2.452752749243576295e-22 3.997756102179539440e-18
2.460332977945630270e-22 4.006487926777758893e-18
2.467936633333167752e-22 4.015246020963722697e-18
2.475563787806304394e-22 4.024030498299609608e-18
2.483214513988930008e-22 4.032841472900277105e-18
2.490888884729377184e-22 4.041679059436120240e-18
2.498586973101116242e-22 4.050543373136246343e-18
2.506308852403451598e-22 4.059434529791346198e-18
2.514054596162218124e-22 4.068352645756898016e-18
2.521824278130483153e-22 4.077297837956168812e-18
2.529617972289247076e-22 4.086270223883339797e-18
2.537435752848127947e-22 4.095269921606632550e-18
2.545277694246151419e-22 4.104297049771501439e-18
2.553143871152333313e-22 4.113351727603654254e-18
2.561034358466454042e-22 4.122434074912344767e-18
2.568949231319835839e-22 4.131544212093570557e-18
2.576888565075930042e-22 4.140682260133239232e-18
2.584852435331119244e-22 4.149848340610430956e-18
2.592840917915418365e-22 4.159042575700691018e-18
2.600854088893192637e-22 4.168265088179250761e-18
2.608892024563885475e-22 4.177516001424356354e-18
2.616954801462743051e-22 4.186795439420587559e-18
2.625042496361544979e-22 4.196103526762233497e-18
2.633155186269331243e-22 4.205440388656593696e-18
2.641292948433119248e-22 4.214806150927359250e-18
2.649455860338721493e-22 4.224200940018172711e-18
2.657643999711355417e-22 4.233624882995777366e-18
2.665857444516470951e-22 4.243078107553741219e-18
2.674096272960446876e-22 4.252560742015681767e-18
2.682360563491424954e-22 4.262072915338998449e-18
2.690650394799924953e-22 4.271614757118236865e-18
2.698965845819682061e-22 4.281186397588559300e-18
2.707306995728375226e-22 4.290787967629546509e-18
2.715673923948382765e-22 4.300419598768443294e-18
2.724066710147536089e-22 4.310081423184124380e-18
2.732485434239882365e-22 4.319773573710413178e-18
2.740930176386441062e-22 4.329496183839915923e-18
2.749401016995969435e-22 4.339249387727595436e-18
2.757898036725706379e-22 4.349033320194467360e-18
2.766421316482228655e-22 4.358848116731440473e-18
2.774970937422087070e-22 4.368693913502899682e-18
2.783546980952646722e-22 4.378570847350534775e-18
2.792149528732930061e-22 4.388479055797124486e-18
2.800778662674258242e-22 4.398418677050382964e-18
2.809434464941122869e-22 4.408389850006696846e-18
2.818117017951943016e-22 4.418392714255145059e-18
2.826826404379853744e-22 4.428427410081194296e-18
2.835562707153490397e-22 4.438494078470763495e-18
2.844326009457778530e-22 4.448592861114062602e-18
2.853116394734728074e-22 4.458723900409584646e-18
2.861933946684225149e-22 4.468887339468086241e-18
2.870778749264829990e-22 4.479083322116662092e-18
2.879650886694554654e-22 4.489311992902555248e-18
2.888550443451756395e-22 4.499573497097599842e-18
2.897477504275801583e-22 4.509867980701891140e-18
2.906432154167944506e-22 4.520195590448185140e-18
2.915414478392206165e-22 4.530556473805908350e-18
2.924424562476044783e-22 4.540950778985384827e-18
2.933462492211265158e-22 4.551378654941963826e-18
2.942528353654810486e-22 4.561840251380266863e-18
2.951622233129584258e-22 4.572335718758434773e-18
2.960744217225269822e-22 4.582865208292396341e-18
2.969894392799156043e-22 4.593428871960231695e-18
2.979072846976964389e-22 4.604026862506336927e-18
2.988279667153677411e-22 4.614659333445907667e-18
2.997514940994348429e-22 4.625326439069284746e-18
3.006778756435031582e-22 4.636028334446400014e-18
3.016071201683475369e-22 4.646765175431210601e-18
3.025392365220057403e-22 4.657537118666002988e-18
3.034742335798579043e-22 4.668344321586049901e-18
3.044121202447210495e-22 4.679186942424233315e-18
3.053529054469188581e-22 4.690065140215397828e-18
3.062965981443765603e-22 4.700979074800899704e-18
3.072432073227039239e-22 4.711928906833382414e-18
3.081927419952807362e-22 4.722914797781418121e-18
3.091452112033425682e-22 4.733936909934009738e-18
3.101006240160669619e-22 4.744995406405459678e-18
3.110589895306597584e-22 4.756090451140032915e-18
3.120203168724416146e-22 4.767222208916614654e-18
3.129846151949324973e-22 4.778390845353706962e-18
3.139518936799489675e-22 4.789596526914216631e-18
3.149221615376762616e-22 4.800839420910035810e-18
3.158954280067636473e-22 4.812119695507267438e-18
3.168717023544203443e-22 4.823437519731005401e-18
3.178509938764878404e-22 4.834793063470283403e-18
3.188333118975392443e-22 4.846186497482948339e-18
3.198186657709651442e-22 4.857617993400951978e-18
3.208070648790626623e-22 4.869087723735047154e-18
3.217985186331250756e-22 4.880595861880142618e-18
3.227930364735311056e-22 4.892142582120308920e-18
3.237906278698351024e-22 4.903728046911456995e-18
3.247913023208569000e-22 4.915352260493032428e-18
3.257950693547698367e-22 4.927015118199838525e-18
3.268019385292020829e-22 4.938716511540095376e-18
3.278119194313115438e-22 4.950456330223287703e-18
3.288250216778879861e-22 4.962234462143173539e-18
3.298412549154391313e-22 4.974050793360825251e-18
3.308606288202932528e-22 4.985905208087526521e-18
3.318831530986753011e-22 4.997797588667566851e-18
3.329088374868099710e-22 5.009727815561419727e-18
3.339376917510116503e-22 5.021695767328359938e-18
3.349697256877776132e-22 5.033701320609720320e-18
3.360049491238811665e-22 5.045744350111622319e-18
3.370433719164652186e-22 5.057824728588030125e-18
3.380850039531362725e-22 5.069942326823668441e-18
3.391298551520582770e-22 5.082097013616916374e-18
3.401779354620445974e-22 5.094288655762958628e-18
3.412292548626637630e-22 5.106517118036625471e-18
3.422838233643176609e-22 5.118782263175387539e-18
3.433416510083454500e-22 5.131083951862369911e-18
3.444027478671273332e-22 5.143422042709590351e-18
3.454671240441637860e-22 5.155796392240606680e-18
3.465347896741830438e-22 5.168206854873937600e-18
3.476057549232345768e-22 5.180653282905925001e-18
3.486800299887860452e-22 5.193135526493949095e-18
3.497576250998204419e-22 5.205653433639438633e-18
3.508385505169333763e-22 5.218206850171242425e-18
3.519228165324307346e-22 5.230795619728510905e-18
3.530104334704268567e-22 5.243419583744159325e-18
3.541014116869398457e-22 5.256078581427835603e-18
3.551957615700016883e-22 5.268772449749562244e-18
3.562934935397398804e-22 5.281501023422583234e-18
3.573946180484883475e-22 5.294264134887066826e-18
3.584991455808807786e-22 5.307061614293252881e-18
3.596070866539625805e-22 5.319893289484966903e-18
3.607184518172731620e-22 5.332758985982992338e-18
3.618332516529583117e-22 5.345658526968670120e-18
3.629514967758678575e-22 5.358591733267240147e-18
3.640731978336567596e-22 5.371558423331608007e-18
3.651983655068866261e-22 5.384558413225927575e-18
3.663270105091273223e-22 5.397591516609086554e-18
3.674591435870589101e-22 5.410657544718767475e-18
3.685947755205741040e-22 5.423756306354964822e-18
3.697339171228778116e-22 5.436887607863691659e-18
3.708765792406022855e-22 5.450051253121451249e-18
3.720227727538920876e-22 5.463247043518528451e-18
3.731725085765168429e-22 5.476474777943263348e-18
3.743257976559844628e-22 5.489734252766284814e-18
3.754826509736267214e-22 5.503025261824330393e-18
3.766430795447164754e-22 5.516347596404685554e-18
3.778070944185690862e-22 5.529701045229419566e-18
3.789747066786479319e-22 5.543085394439531251e-18
3.801459274426697318e-22 5.556500427579680972e-18
3.813207678627105289e-22 5.569945925582452711e-18
3.824992391253118137e-22 5.583421666753079130e-18
3.836813524515870705e-22 5.596927426753900861e-18
3.848671190973287482e-22 5.610462978589334999e-18
3.860565503531118909e-22 5.624028092590459972e-18
3.872496575444147447e-22 5.637622536400158904e-18
3.884464520317073889e-22 5.651246074957918645e-18
3.896469452105693334e-22 5.664898470485037084e-18
3.908511485118077257e-22 5.678579482469765754e-18
3.920590734015470180e-22 5.692288867652507908e-18
3.932707313813509364e-22 5.706026380011439524e-18
3.944861339883287455e-22 5.719791770747622637e-18
3.957052927952450867e-22 5.733584788270996898e-18
3.969282194106302867e-22 5.747405178185699358e-18
3.981549254788907595e-22 5.761252683276111500e-18
3.993854226804199736e-22 5.775127043492684389e-18
4.006197227317095594e-22 5.789027995937962584e-18
4.018578373854578309e-22 5.802955274852601117e-18
4.030997784306945292e-22 5.816908611601991837e-18
4.043455576928734514e-22 5.830887734662196416e-18
4.055951870339984167e-22 5.844892369606732927e-18
4.068486783527292957e-22 5.858922239093045037e-18
4.081060435845087291e-22 5.872977062849552814e-18
4.093672947016558849e-22 5.887056557662087259e-18
4.106324437134936467e-22 5.901160437361293944e-18
4.119015026664597690e-22 5.915288412809670738e-18
4.131744836442214637e-22 5.929440191888872846e-18
4.144513987677904580e-22 5.943615479487123390e-18
4.157322601956385218e-22 5.957813977486843546e-18
4.170170801238131364e-22 5.972035384752482208e-18
4.183058707860535391e-22 5.986279397118240112e-18
4.195986444539040883e-22 6.000545707376203021e-18
4.208954134368445077e-22 6.014834005264587396e-18
4.221961900823866536e-22 6.029143977456105462e-18
4.235009867762023142e-22 6.043475307546281753e-18
4.248098159422516206e-22 6.057827676042525377e-18
4.261226900428806134e-22 6.072200760352653794e-18
4.274396215789533204e-22 6.086594234774050594e-18
4.287606230899681783e-22 6.101007770482876440e-18
4.300857071541764750e-22 6.115441035523576602e-18
4.314148863887028146e-22 6.129893694798107303e-18
4.327481734496649235e-22 6.144365410056066486e-18
4.340855810322942094e-22 6.158855839884414740e-18
4.354271218710568841e-22 6.173364659223088284e-18
4.367728087397710425e-22 6.187891761302171780e-18
4.381226544517433965e-22 6.202437178616952882e-18
4.394766718598690509e-22 6.217000946264684493e-18
4.408348738567688948e-22 6.231583099752700848e-18
4.421972733749046123e-22 6.246183675000154700e-18
4.435638833867164506e-22 6.260802708339936317e-18
4.449347169047253465e-22 6.275440236520282019e-18
4.463097869816706945e-22 6.290096296706747870e-18
4.476891067106317521e-22 6.304770926483776617e-18
4.490726892251515837e-22 6.319464163856763824e-18
4.504605476993626033e-22 6.334176047253681821e-18
4.518526953481118356e-22 6.348906615526877745e-18
4.532491454270868342e-22 6.363655907954975598e-18
4.546499112329417897e-22 6.378423964244725130e-18
4.560550061034202502e-22 6.393210824532412399e-18
4.574644434174975920e-22 6.408016529386397367e-18
4.588782365954854971e-22 6.422841119808299511e-18
4.602963990991711321e-22 6.437684637235001557e-18
4.617189444319565145e-22 6.452547123540747971e-18
4.631458861389645894e-22 6.467428621038521617e-18
4.645772378071834861e-22 6.482329172482191553e-18
4.660130130655914970e-22 6.497248821068214783e-18
4.674532255852876981e-22 6.512187610437707786e-18
4.688978890796213475e-22 6.527145584677735351e-18
4.703470173043229768e-22 6.542122788323943705e-18
4.718006240576350119e-22 6.557119266361669850e-18
4.732587231804435222e-22 6.572135064228356681e-18
4.747213285564057384e-22 6.587170227814945816e-18
4.761884541120981648e-22 6.602224803468251115e-18
4.776601138171254773e-22 6.617298837992361521e-18
4.791363216842695755e-22 6.632392378650698733e-18
4.806170917696146558e-22 6.647505473167890743e-18
4.821024381726970164e-22 6.662638169731842599e-18
4.835923750366159297e-22 6.677790516995144644e-18
4.850869165481838234e-22 6.692962564077436018e-18
4.865860769380572779e-22 6.708154360567013195e-18
4.880898704808728192e-22 6.723365956522912298e-18
4.895983114953826179e-22 6.738597402476626257e-18
4.911114143445911290e-22 6.753848749434195600e-18
4.926291934358913548e-22 6.769120048877884011e-18
4.941516632212025191e-22 6.784411352768377745e-18
4.956788381971035090e-22 6.799722713546466573e-18
4.972107329049868180e-22 6.815054184135162314e-18
4.987473619311729919e-22 6.830405817941431394e-18
5.002887399070616565e-22 6.845777668858279475e-18
5.018348815092829210e-22 6.861169791266685090e-18
5.033858014598126706e-22 6.876582240037355320e-18
5.049415145261293307e-22 6.892015070532961412e-18
5.065020355213499417e-22 6.907468338609902163e-18
5.080673793043716887e-22 6.922942100620265286e-18
5.096375607800129609e-22 6.938436413413883530e-18
5.112125948991557275e-22 6.953951334340265238e-18
5.127924966588872550e-22 6.969486921250561101e-18
5.143772811026437059e-22 6.985043232499506270e-18
5.159669633203525145e-22 7.000620326947545809e-18
5.175615584485727880e-22 7.016218263962636596e-18
5.191610816706553614e-22 7.031837103422439803e-18
5.207655482168628867e-22 7.047476905716080427e-18
5.223749733645267844e-22 7.063137731746453777e-18
5.239893724382059824e-22 7.078819642932089781e-18
5.256087608098071924e-22 7.094522701209031151e-18
5.272331538987480690e-22 7.110246969033105979e-18
5.288625671721002434e-22 7.125992509381915298e-18
5.304970161447359311e-22 7.141759385756669648e-18
5.321365163794763266e-22 7.157547662184592636e-18
5.337810834872393392e-22 7.173357403220567993e-18
5.354307331271886459e-22 7.189188673949549298e-18
5.370854810068821796e-22 7.205041539988431979e-18
5.387453428824178909e-22 7.220916067488068608e-18
5.404103345586011379e-22 7.236812323135604668e-18
5.420804718890686306e-22 7.252730374156415271e-18
5.437557707764573259e-22 7.268670288316088091e-18
5.454362471725468037e-22 7.284632133922583490e-18
5.471219170784286317e-22 7.300615979828641159e-18
5.488127965446327548e-22 7.316621895433388655e-18
5.505089016712976128e-22 7.332649950684815836e-18
5.522102486083188164e-22 7.348700216081804021e-18
5.539168535555036549e-22 7.364772762676261460e-18
5.556287327627245680e-22 7.380867662075261886e-18
5.573459025300743116e-22 7.396984986443153798e-18
5.590683792080211229e-22 7.413124808503862326e-18
5.607961791975641677e-22 7.429287201542856767e-18
5.625293189503854142e-22 7.445472239409420096e-18
5.642678149690244528e-22 7.461679996518943136e-18
5.660116838070081763e-22 7.477910547855004564e-18
5.677609420690221203e-22 7.494163968971356926e-18
5.695156064110824612e-22 7.510440335994610616e-18
5.712756935406669195e-22 7.526739725626076606e-18
5.730412202168921182e-22 7.543062215143980491e-18
5.748122032506688424e-22 7.559407882406026294e-18
5.765886595048620000e-22 7.575776805851246893e-18
5.783706058944510539e-22 7.592169064502370605e-18
5.801580593866912052e-22 7.608584737968388068e-18
5.819510370012750475e-22 7.625023906446233192e-18
5.837495558104943147e-22 7.641486650723645858e-18
5.855536329393980557e-22 7.657973052180969972e-18
5.873632855659744128e-22 7.674483192793818946e-18
5.891785309212858507e-22 7.691017155135166491e-18
5.909993862896521569e-22 7.707575022377646946e-18
5.928258690088054198e-22 7.724156878295991199e-18
5.946579964700745335e-22 7.740762807269351660e-18
5.964957861185218374e-22 7.757392894283471639e-18
5.983392554531280926e-22 7.774047224933205997e-18
6.001884220269550754e-22 7.790725885424755225e-18
6.020433034473120279e-22 7.807428962578210755e-18
6.039039173759236124e-22 7.824156543829699675e-18
6.057702815290978661e-22 7.840908717233945445e-18
6.076424136778953783e-22 7.857685571466656050e-18
6.095203316482979971e-22 7.874487195826713398e-18
6.114040533213735871e-22 7.891313680238869620e-18
6.132935966334666471e-22 7.908165115256167583e-18
6.151889795763388997e-22 7.925041592061993155e-18
6.170902201973553951e-22 7.941943202473082742e-18
6.189973365996719323e-22 7.958870038941529335e-18
6.209103469423765883e-22 7.975822194557478811e-18
6.228292694406833459e-22 7.992799763051501139e-18
6.247541223661004241e-22 8.009802838797243542e-18
6.266849240466036873e-22 8.026831516813770885e-18
6.286216928668120289e-22 8.043885892768075547e-18
6.305644472681617208e-22 8.060966062977712095e-18
6.325132057490822671e-22 8.078072124413287127e-18
6.344679868651726345e-22 8.095204174700993791e-18
6.364288092293777642e-22 8.112362312125126283e-18
6.383956915121608528e-22 8.129546635630754580e-18
6.403686524417014932e-22 8.146757244826319047e-18
6.423477108040432227e-22 8.163994239986041707e-18
6.443328854432876211e-22 8.181257722052654897e-18
6.463241952617900062e-22 8.198547792640193094e-18
6.483216592203073589e-22 8.215864554036277840e-18
6.503252963382002253e-22 8.233208109204929598e-18
6.523351256936082891e-22 8.250578561789288711e-18
6.543511664236324319e-22 8.267976016114223875e-18
6.563734377245166998e-22 8.285400577189076206e-18
6.584019588518308341e-22 8.302852350710112108e-18
6.604367491206541189e-22 8.320331443063587807e-18
6.624778279057590398e-22 8.337837961328176028e-18
6.645252146417904297e-22 8.355372013277936544e-18
6.665789288234717914e-22 8.372933707384824514e-18
6.686389900057592403e-22 8.390523152821628674e-18
6.707054178040485797e-22 8.408140459464692297e-18
6.727782318943515306e-22 8.425785737896635685e-18
6.748574520135049698e-22 8.443459099409339048e-18
6.769430979593260954e-22 8.461160656006520171e-18
6.790351895908225108e-22 8.478890520406803576e-18
6.811337468283761662e-22 8.496648806046324378e-18
6.832387896539328485e-22 8.514435627081768171e-18
6.853503381111927048e-22 8.532251098393125885e-18
6.874684123058007675e-22 8.550095335586755234e-18
6.895930324055384178e-22 8.567968454998109384e-18
6.917242186405157914e-22 8.585870573694655114e-18
6.938619913033582583e-22 8.603801809478855703e-18
6.960063707494227143e-22 8.621762280891314039e-18
6.981573773969571659e-22 8.639752107213296368e-18
7.003150317273119429e-22 8.657771408470151197e-18
7.024793542851525102e-22 8.675820305433984029e-18
7.046503656786200874e-22 8.693898919626920657e-18
7.068280865795513248e-22 8.712007373323946756e-18
7.090125377236688278e-22 8.730145789555884601e-18
7.112037399107791103e-22 8.748314292112758052e-18
7.134017140049705475e-22 8.766513005546624437e-18
7.156064809348117058e-22 8.784742055174659130e-18
7.178180616935511763e-22 8.803001567082386480e-18
7.200364773393168452e-22 8.821291668126805992e-18
7.222617489953109315e-22 8.839612485939281212e-18
7.244938978500346472e-22 8.857964148929066498e-18
7.267329451574544599e-22 8.876346786286240589e-18
7.289789122372280692e-22 8.894760527984948337e-18
7.312318204748956836e-22 8.913205504786492975e-18
7.334916913221073138e-22 8.931681848242998470e-18
7.357585462967913856e-22 8.950189690699957909e-18
7.380324069833832563e-22 8.968729165300128502e-18
7.403132950330253305e-22 8.987300405986495974e-18
7.426012321637724427e-22 9.005903547505630304e-18
7.448962401607992145e-22 9.024538725410879686e-18
7.471983408766073175e-22 9.043206076066146898e-18
7.495075562312335833e-22 9.061905736648542456e-18
7.518239082124585826e-22 9.080637845152392093e-18
7.541474188760099394e-22 9.099402540392242750e-18
7.564781103457971472e-22 9.118199962006598880e-18
7.588160048140848841e-22 9.137030250460891460e-18
7.611611245417229393e-22 9.155893547051254358e-18
7.635134918583770808e-22 9.174789993908118885e-18
7.658731291627040621e-22 9.193719733999378484e-18
7.682400589225899192e-22 9.212682911133889303e-18
7.706143036753576095e-22 9.231679669965329755e-18
7.729958860279817040e-22 9.250710155995420673e-18
7.753848286573036444e-22 9.269774515577681649e-18
7.777811543102474691e-22 9.288872895921024040e-18
7.801848858040367630e-22 9.308005445093166805e-18
7.825960460264114182e-22 9.327172312024386675e-18
7.850146579358395995e-22 9.346373646511305295e-18
7.874407445617619652e-22 9.365609599220366693e-18
7.898743290047721283e-22 9.384880321691522729e-18
7.923154344368627589e-22 9.404185966342086507e-18
7.947640841016325647e-22 9.423526686470323837e-18
7.972203013145346493e-22 9.442902636259562411e-18
7.996841094630584794e-22 9.462313970781219354e-18
8.021555320069793711e-22 9.481760845999549807e-18
8.046345924785747809e-22 9.501243418774663695e-18
8.071213144828488727e-22 9.520761846866842897e-18
8.096157216977569895e-22 9.540316288940274467e-18
8.121178378744308785e-22 9.559906904566948715e-18
8.146276868374055145e-22 9.579533854230568076e-18
8.171452924848452650e-22 9.599197299330425162e-18
8.196706787887653530e-22 9.618897402185490357e-18
8.222038697952862344e-22 9.638634326038410044e-18
8.247448896248228996e-22 9.658408235059307626e-18
8.272937624723345481e-22 9.678219294349948149e-18
8.298505126075749221e-22 9.698067669948009253e-18
8.324151643752832069e-22 9.717953528830751217e-18
8.349877421954426392e-22 9.737877038919326426e-18
8.375682705635066728e-22 9.757838369082980973e-18
8.401567740506315377e-22 9.777837689143148421e-18
8.427532773039107754e-22 9.797875169877693010e-18
8.453578050466097733e-22 9.817950983024846257e-18
8.479703820784009574e-22 9.838065301287782969e-18
8.505910332756005840e-22 9.858218298338884476e-18
8.532197835914043089e-22 9.878410148823531947e-18
8.558566580561192771e-22 9.898641028365115347e-18
8.585016817774295019e-22 9.918911113568745089e-18
8.611548799405933485e-22 9.939220582026176252e-18
8.638162778087040232e-22 9.959569612319634249e-18
8.664859007229517558e-22 9.979958384026728259e-18
8.691637741028218470e-22 1.000038707772454190e-17
8.718499234463662543e-22 1.002085587499432172e-17
8.745443743304381270e-22 1.004136495842597307e-17
8.772471524109363086e-22 1.006191451162230488e-17
8.799582834230487117e-22 1.008250471920408791e-17
8.826777931814979487e-22 1.010313576681406220e-17
8.854057075807871517e-22 1.012380784112198769e-17
8.881420525954463557e-22 1.014452112982913232e-17
8.908868542802722998e-22 1.016527582167295136e-17
8.936401387706060317e-22 1.018607210643178199e-17
8.964019322825381020e-22 1.020691017492957650e-17
8.991722611131869215e-22 1.022779021904066010e-17
9.019511516409349884e-22 1.024871243169444250e-17
9.047386303257089377e-22 1.026967700688039147e-17
9.075347237091881217e-22 1.029068413965287071e-17
9.103394584150857877e-22 1.031173402613573905e-17
9.131528611493958378e-22 1.033282686352768906e-17
9.159749587006474880e-22 1.035396285010690323e-17
9.188057779401591755e-22 1.037514218523609832e-17
9.216453458222954738e-22 1.039636506936745425e-17
9.244936893847232572e-22 1.041763170404772314e-17
9.273508357486695571e-22 1.043894229192352030e-17
9.302168121191715187e-22 1.046029703674590790e-17
9.330916457853664197e-22 1.048169614337611729e-17
9.359753641207058914e-22 1.050313981779012502e-17
9.388679945832386027e-22 1.052462826708421493e-17
9.417695647158961394e-22 1.054616169948044010e-17
9.446801021467076030e-22 1.056774032433114334e-17
9.475996345890947066e-22 1.058936435212506630e-17
9.505281898421271861e-22 1.061103399449201944e-17
9.534657957907879924e-22 1.063274946420869679e-17
9.564124804062381060e-22 1.065451097520399616e-17
9.593682717460839858e-22 1.067631874256431156e-17
9.623331979546437012e-22 1.069817298253892430e-17
9.653072872632151326e-22 1.072007391254588708e-17
9.682905679903374015e-22 1.074202175117718702e-17
9.712830685420916089e-22 1.076401671820470833e-17
9.742848174123240852e-22 1.078605903458530445e-17
9.772958431829490096e-22 1.080814892246691018e-17
9.803161745242055139e-22 1.083028660519407450e-17
9.833458401949616187e-22 1.085247230731368287e-17
9.863848690429406804e-22 1.087470625458072271e-17
9.894332900050277722e-22 1.089698867396407045e-17
9.924911321075376965e-22 1.091931979365226003e-17
9.955584244664905212e-22 1.094169984305950725e-17
9.986351962878899366e-22 1.096412905283162160e-17
1.001721476868000296e-21 1.098660765485164536e-17
1.004817295593626288e-21 1.100913588224630780e-17
1.007922681942392425e-21 1.103171396939175056e-17
1.011037665483015191e-21 1.105434215191958279e-17
1.014162275875618262e-21 1.107702066672323212e-17
1.017296542871965164e-21 1.109974975196377633e-17
1.020440496315766775e-21 1.112252964707628507e-17
1.023594166142991287e-21 1.114536059277628945e-17
1.026757582382098923e-21 1.116824283106557525e-17
1.029930775154360736e-21 1.119117660523873105e-17
1.033113774674137900e-21 1.121416215988957776e-17
1.036306611249169103e-21 1.123719974091756583e-17
1.039509315280858675e-21 1.126028959553397053e-17
1.042721917264566615e-21 1.128343197226853104e-17
1.045944447789899167e-21 1.130662712097620660e-17
1.049176937540999216e-21 1.132987529284310995e-17
1.052419417296838752e-21 1.135317674039398912e-17
1.055671917931504373e-21 1.137653171749791593e-17
1.058934470414524166e-21 1.139994047937579090e-17
1.062207105811111646e-21 1.142340328260675582e-17
1.065489855282487562e-21 1.144692038513465724e-17
1.068782750086202258e-21 1.147049204627568849e-17
1.072085821576381313e-21 1.149411852672444636e-17
1.075399101204059373e-21 1.151780008856110174e-17
1.078722620517469987e-21 1.154153699525877516e-17
1.082056411162346342e-21 1.156532951168997245e-17
1.085400504882223132e-21 1.158917790413389408e-17
1.088754933518738236e-21 1.161308244028378600e-17
1.092119729011936278e-21 1.163704338925344466e-17
1.095494923400571996e-21 1.166106102158522740e-17
1.098880548822407224e-21 1.168513560925657588e-17
1.102276637514552626e-21 1.170926742568805265e-17
1.105683221813720293e-21 1.173345674574977376e-17
1.109100334156559081e-21 1.175770384576947914e-17
1.112528007079990147e-21 1.178200900354013466e-17
1.115966273221463116e-21 1.180637249832677456e-17
1.119415165319302516e-21 1.183079461087436850e-17
1.122874716213010592e-21 1.185527562341543436e-17
1.126344958843579888e-21 1.187981581967792071e-17
1.129825926253807344e-21 1.190441548489233735e-17
1.133317651588608383e-21 1.192907490580008304e-17
1.136820168095332701e-21 1.195379437066083183e-17
1.140333509124081176e-21 1.197857416926064661e-17
1.143857708128022784e-21 1.200341459291988776e-17
1.147392798663704363e-21 1.202831593450082902e-17
1.150938814391407026e-21 1.205327848841619788e-17
1.154495789075411160e-21 1.207830255063680993e-17
1.158063756584345130e-21 1.210338841870004141e-17
1.161642750891537359e-21 1.212853639171766393e-17
1.165232806075281333e-21 1.215374677038442636e-17
1.168833956319199721e-21 1.217901985698591883e-17
1.172446235912559598e-21 1.220435595540742891e-17
1.176069679250598383e-21 1.222975537114201049e-17
1.179704320834852604e-21 1.225521841129894245e-17
1.183350195273485343e-21 1.228074538461250323e-17
1.187007337281616123e-21 1.230633660002088101e-17
1.190675781681651747e-21 1.233199230016059875e-17
1.194355563403607904e-21 1.235771263246824665e-17
1.198046717485480070e-21 1.238349773735108950e-17
1.201749279073520164e-21 1.240934775542861266e-17
1.205463283422608952e-21 1.243526282753296882e-17
1.209188765896572389e-21 1.246124309470803199e-17
1.212925761968557784e-21 1.248728869820948227e-17
1.216674307221312905e-21 1.251339977950420339e-17
1.220434437347563642e-21 1.253957648027000694e-17
1.224206188150344277e-21 1.256581894239537659e-17
1.227989595543338090e-21 1.259212730797891187e-17
1.231784695551219669e-21 1.261850171932906473e-17
1.235591524309997962e-21 1.264494231896385141e-17
1.239410118067360088e-21 1.267144924961020225e-17
1.243240513183016460e-21 1.269802265420404333e-17
1.247082746129036883e-21 1.272466267588926882e-17
1.250936853490239128e-21 1.275136945801807993e-17
1.254802871964475371e-21 1.277814314415004351e-17
1.258680838363011931e-21 1.280498387805187791e-17
1.262570789610911818e-21 1.283189180369705082e-17
1.266472762747323815e-21 1.285886706526554353e-17
1.270386794925876309e-21 1.288590980714290343e-17
1.274312923415020919e-21 1.291302017392054436e-17
1.278251185598387585e-21 1.294019831039468977e-17
1.282201618975140038e-21 1.296744436156640651e-17
1.286164261160333150e-21 1.299475847264088847e-17
1.290139149885271415e-21 1.302214078902720845e-17
1.294126322997867426e-21 1.304959145633760025e-17
1.298125818462992265e-21 1.307711062038728294e-17
1.302137674362879124e-21 1.310469842719420208e-17
1.306161928897422537e-21 1.313235502297773239e-17
1.310198620384584630e-21 1.316008055415933103e-17
1.314247787260737802e-21 1.318787516736104922e-17
1.318309468081074739e-21 1.321573900940589588e-17
1.322383701519910279e-21 1.324367222731680689e-17
1.326470526371093304e-21 1.327167496831634151e-17
1.330569981548364847e-21 1.329974737982620015e-17
1.334682106085728792e-21 1.332788960946673292e-17
1.338806939137823329e-21 1.335610180505653280e-17
1.342944519980294487e-21 1.338438411461184402e-17
1.347094888010169083e-21 1.341273668634585643e-17
1.351258082746230892e-21 1.344115966866848668e-17
1.355434143829385136e-21 1.346965321018566333e-17
1.359623111023080159e-21 1.349821745969947321e-17
1.363825024213620396e-21 1.352685256620629866e-17
1.368039923410578446e-21 1.355555867889723356e-17
1.372267848747210356e-21 1.358433594715773969e-17
1.376508840480769713e-21 1.361318452056643114e-17
1.380762938992936838e-21 1.364210454889481390e-17
1.385030184790191560e-21 1.367109618210662794e-17
1.389310618504198592e-21 1.370015957035757761e-17
1.393604280892194969e-21 1.372929486399458129e-17
1.397911212837377872e-21 1.375850221355499487e-17
1.402231455349293951e-21 1.378778176976642374e-17
1.406565049564229774e-21 1.381713368354595706e-17
1.410912036745603599e-21 1.384655810599936968e-17
1.415272458284346421e-21 1.387605518842082937e-17
1.419646355699342829e-21 1.390562508229239760e-17
1.424033770637756760e-21 1.393526793928302812e-17
1.428434744875462388e-21 1.396498391124795368e-17
1.432849320317477082e-21 1.399477315022876465e-17
1.437277538998291106e-21 1.402463580845190367e-17
1.441719443082312997e-21 1.405457203832861333e-17
1.446175074864261325e-21 1.408458199245403014e-17
1.450644476769565874e-21 1.411466582360652515e-17
1.455127691354772383e-21 1.414482368474746663e-17
1.459624761307947292e-21 1.417505572902007071e-17
1.464135729449084561e-21 1.420536210974884053e-17
1.468660638730513235e-21 1.423574298043931358e-17
1.473199532237294666e-21 1.426619849477667498e-17
1.477752453187680488e-21 1.429672880662601330e-17
1.482319444933451909e-21 1.432733407003071200e-17
1.486900550960381260e-21 1.435801443921227379e-17
1.491495814888620940e-21 1.438877006856963343e-17
1.496105280473168162e-21 1.441960111267815630e-17
1.500728991604208572e-21 1.445050772628943806e-17
1.505366992307582119e-21 1.448149006432998269e-17
1.510019326745190626e-21 1.451254828190111318e-17
1.514686039215418334e-21 1.454368253427751083e-17
1.519367174153553761e-21 1.457489297690721838e-17
1.524062776132212319e-21 1.460617976541060463e-17
1.528772889861760806e-21 1.463754305557950777e-17
1.533497560190743969e-21 1.466898300337648657e-17
1.538236832106297719e-21 1.470049976493450301e-17
1.542990750734629102e-21 1.473209349655562189e-17
1.547759361341368950e-21 1.476376435471046230e-17
1.552542709332042269e-21 1.479551249603732560e-17
1.557340840252537305e-21 1.482733807734193651e-17
1.562153799789463648e-21 1.485924125559571448e-17
1.566981633770638605e-21 1.489122218793593079e-17
1.571824388165509626e-21 1.492328103166418013e-17
1.576682109085592902e-21 1.495541794424608788e-17
1.581554842784912155e-21 1.498763308331010217e-17
1.586442635660439497e-21 1.501992660664718879e-17
1.591345534252535910e-21 1.505229867220937058e-17
1.596263585245396426e-21 1.508474943810945318e-17
1.601196835467479519e-21 1.511727906261983865e-17
1.606145331892006634e-21 1.514988770417181365e-17
1.611109121637330455e-21 1.518257552135479753e-17
1.616088251967436127e-21 1.521534267291527621e-17
1.621082770292364631e-21 1.524818931775604404e-17
1.626092724168717391e-21 1.528111561493533488e-17
1.631118161300029996e-21 1.531412172366617190e-17
1.636159129537278500e-21 1.534720780331482373e-17
1.641215676879322734e-21 1.538037401340079524e-17
1.646287851473362577e-21 1.541362051359516045e-17
1.651375701615397063e-21 1.544694746372021122e-17
1.656479275750683669e-21 1.548035502374822161e-17
1.661598622474200234e-21 1.551384335380085619e-17
1.666733790531106887e-21 1.554741261414748451e-17
1.671884828817197429e-21 1.558106296520523655e-17
1.677051786379418253e-21 1.561479456753784713e-17
1.682234712416255213e-21 1.564860758185405360e-17
1.687433656278241257e-21 1.568250216900685622e-17
1.692648667468468751e-21 1.571647848999380171e-17
1.697879795642977485e-21 1.575053670595388015e-17
1.703127090611283366e-21 1.578467697816846793e-17
1.708390602336838835e-21 1.581889946805900741e-17
1.713670380937507577e-21 1.585320433718701303e-17
1.718966476686042433e-21 1.588759174725231186e-17
1.724278940010565374e-21 1.592206186009259978e-17
1.729607821495044849e-21 1.595661483768208877e-17
1.734953171879779523e-21 1.599125084213061942e-17
1.740315042061867347e-21 1.602597003568262862e-17
1.745693483095745343e-21 1.606077258071635454e-17
1.751088546193592097e-21 1.609565863974222813e-17
1.756500282725871303e-21 1.613062837540229374e-17
1.761928744221792938e-21 1.616568195046914297e-17
1.767373982369860565e-21 1.620081952784464507e-17
1.772836049018278723e-21 1.623604127055910572e-17
1.778314996175502106e-21 1.627134734176984337e-17
1.783810876010718183e-21 1.630673790476057909e-17
1.789323740854342595e-21 1.634221312294000061e-17
1.794853643198519067e-21 1.637777315984089029e-17
1.800400635697616693e-21 1.641341817911880617e-17
1.805964771168734364e-21 1.644914834455096346e-17
1.811546102592201430e-21 1.648496382003557815e-17
1.817144683112067464e-21 1.652086476959005202e-17
1.822760566036669502e-21 1.655685135735042722e-17
1.828393804839048459e-21 1.659292374756987632e-17
1.834044453157503200e-21 1.662908210461769469e-17
1.839712564796147260e-21 1.666532659297836066e-17
1.845398193725331271e-21 1.670165737724968656e-17
1.851101394082214341e-21 1.673807462214257227e-17
1.856822220171268486e-21 1.677457849247900532e-17
1.862560726464791709e-21 1.681116915319147846e-17
1.868316967603430107e-21 1.684784676932142428e-17
1.874090998396695842e-21 1.688461150601825379e-17
1.879882873823489997e-21 1.692146352853780029e-17
1.885692649032625444e-21 1.695840300224168761e-17
1.891520379343353079e-21 1.699543009259527172e-17
1.897366120245871902e-21 1.703254496516724013e-17
1.903229927401919954e-21 1.706974778562814200e-17
1.909111856645211043e-21 1.710703871974865329e-17
1.915011963982013268e-21 1.714441793339867079e-17
1.920930305591728312e-21 1.718188559254654482e-17
1.926866937827334547e-21 1.721944186325682975e-17
1.932821917215982874e-21 1.725708691168961225e-17
1.938795300459522969e-21 1.729482090409909378e-17
1.944787144435040808e-21 1.733264400683242274e-17
1.950797506195400716e-21 1.737055638632813827e-17
1.956826442969788915e-21 1.740855820911511337e-17
1.962874012164258947e-21 1.744664964181084150e-17
1.968940271362277115e-21 1.748483085112062315e-17
1.975025278325255111e-21 1.752310200383571384e-17
1.981129090993164668e-21 1.756146326683273552e-17
1.987251767484992704e-21 1.759991480707119602e-17
1.993393366099358979e-21 1.763845679159311927e-17
1.999553945315038200e-21 1.767708938752118094e-17
2.005733563791583692e-21 1.771581276205769471e-17
2.011932280369785560e-21 1.775462708248248908e-17
2.018150154072298492e-21 1.779353251615235887e-17
2.024387244104187197e-21 1.783252923049919167e-17
2.030643609853488000e-21 1.787161739302877841e-17
2.036919310891777224e-21 1.791079717131927876e-17
2.043214406974736550e-21 1.795006873301940921e-17
2.049528958042722527e-21 1.798943224584800860e-17
2.055863024221336822e-21 1.802888787759132948e-17
2.062216665821983313e-21 1.806843579610234476e-17
2.068589943342508310e-21 1.810807616929978324e-17
2.074982917467675267e-21 1.814780916516539014e-17
2.081395649069794845e-21 1.818763495174320296e-17
2.087828199209354229e-21 1.822755369713793677e-17
2.094280629135496346e-21 1.826756556951348047e-17
2.100753000286671757e-21 1.830767073709164567e-17
2.107245374291207023e-21 1.834786936815001584e-17
2.113757812967890389e-21 1.838816163102090784e-17
2.120290378326560845e-21 1.842854769408974489e-17
2.126843132568699447e-21 1.846902772579360826e-17
2.133416138088019888e-21 1.850960189461957946e-17
2.140009457471064329e-21 1.855027036910290057e-17
2.146623153497780427e-21 1.859103331782580328e-17
2.153257289142190144e-21 1.863189090941592808e-17
2.159911927572883645e-21 1.867284331254473422e-17
2.166587132153691865e-21 1.871389069592511157e-17
2.173282966444252631e-21 1.875503322831110017e-17
2.179999494200688494e-21 1.879627107849546512e-17
2.186736779376107778e-21 1.883760441530795863e-17
2.193494886121282035e-21 1.887903340761420142e-17
2.200273878785241886e-21 1.892055822431351338e-17
2.207073821915887894e-21 1.896217903433793052e-17
2.213894780260605966e-21 1.900389600664987544e-17
2.220736818766883872e-21 1.904570931024074288e-17
2.227600002582929274e-21 1.908761911412910320e-17
2.234484397058290387e-21 1.912962558735953454e-17
2.241390067744460091e-21 1.917172889900013296e-17
2.248317080395572195e-21 1.921392921814159413e-17
2.255265500968919415e-21 1.925622671389470504e-17
2.262235395625634585e-21 1.929862155538900969e-17
2.269226830731377909e-21 1.934111391177162889e-17
2.276239872856855677e-21 1.938370395220454854e-17
2.283274588778530077e-21 1.942639184586301112e-17
2.290331045479236471e-21 1.946917776193470828e-17
2.297409310148819478e-21 1.951206186961662858e-17
2.304509450184773947e-21 1.955504433811438868e-17
2.311631533192887814e-21 1.959812533664001480e-17
2.318775626987883072e-21 1.964130503441000126e-17
2.325941799594063517e-21 1.968458360064365273e-17
2.333130119245962493e-21 1.972796120456125070e-17
2.340340654388972204e-21 1.977143801538221694e-17
2.347573473680073461e-21 1.981501420232356964e-17
2.354828645988372836e-21 1.985868993459722714e-17
2.362106240395817738e-21 1.990246538140925910e-17
2.369406326197910363e-21 1.994634071195719332e-17
2.376728972904253121e-21 1.999031609542840099e-17
2.384074250239286661e-21 2.003439170099821704e-17
2.391442228142934979e-21 2.007856769782818362e-17
2.398832976771271974e-21 2.012284425506385308e-17
2.406246566497187622e-21 2.016722154183301604e-17
2.413683067911059794e-21 2.021169972724376934e-17
2.421142551821426452e-21 2.025627898038273187e-17
2.428625089255658220e-21 2.030095947031279505e-17
2.436130751460615908e-21 2.034574136607117223e-17
2.443659609903409222e-21 2.039062483666815694e-17
2.451211736271956490e-21 2.043561005108397967e-17
2.458787202475727196e-21 2.048069717826741510e-17
2.466386080646487525e-21 2.052588638713419818e-17
2.474008443138866108e-21 2.057117784656430631e-17
2.481654362531123639e-21 2.061657172540008571e-17
2.489323911625824695e-21 2.066206819244480321e-17
2.497017163450528360e-21 2.070766741645987902e-17
2.504734191258486755e-21 2.075336956616298239e-17
2.512475068529340927e-21 2.079917481022657404e-17
2.520239868969819375e-21 2.084508331727478774e-17
2.528028666514442598e-21 2.089109525588269997e-17
2.535841535326225376e-21 2.093721079457290329e-17
2.543678549797361385e-21 2.098343010181383929e-17
2.551539784550016510e-21 2.102975334601875394e-17
2.559425314436913771e-21 2.107618069554177795e-17
2.567335214542108586e-21 2.112271231867713791e-17
2.575269560181765541e-21 2.116934838365672805e-17
2.583228426904751960e-21 2.121608905864705346e-17
2.591211890493438379e-21 2.126293451174872775e-17
2.599220026964402329e-21 2.130988491099279070e-17
2.607252912569149060e-21 2.135694042433929077e-17
2.615310623794839409e-21 2.140410121967507877e-17
2.623393237365018036e-21 2.145136746481132416e-17
2.631500830240343177e-21 2.149873932748144121e-17
2.639633479619320148e-21 2.154621697533901515e-17
2.647791262939014168e-21 2.159380057595512750e-17
2.655974257875874896e-21 2.164149029681685836e-17
2.664182542346345432e-21 2.168928630532413415e-17
2.672416194507692497e-21 2.173718876878821147e-17
2.680675292758703831e-21 2.178519785442879281e-17
2.688959915740525899e-21 2.183331372937251975e-17
2.697270142337278904e-21 2.188153656064989759e-17
2.705606051676896757e-21 2.192986651519314143e-17
2.713967723131857568e-21 2.197830375983448748e-17
2.722355236319940104e-21 2.202684846130291745e-17
2.730768671104982501e-21 2.207550078622246684e-17
2.739208107597640973e-21 2.212426090111000314e-17
2.747673626156154165e-21 2.217312897237210739e-17
2.756165307387107508e-21 2.222210516630332082e-17
2.764683232146178766e-21 2.227118964908359954e-17
2.773227481538996800e-21 2.232038258677641322e-17
2.781798136921780666e-21 2.236968414532490255e-17
2.790395279902180328e-21 2.241909449055105640e-17
2.799018992340121504e-21 2.246861378815281223e-17
2.807669356348450784e-21 2.251824220370114399e-17
2.816346454293806056e-21 2.256797990263760933e-17
2.825050368797380485e-21 2.261782705027301835e-17
2.833781182735706427e-21 2.266778381178335989e-17
2.842538979241446864e-21 2.271785035220877234e-17
2.851323841704186089e-21 2.276802683644991667e-17
2.860135853771223777e-21 2.281831342926629399e-17
2.868975099348371312e-21 2.286871029527340748e-17
2.877841662600727424e-21 2.291921759893974868e-17
2.886735627953573822e-21 2.296983550458557109e-17
2.895657080093037234e-21 2.302056417637870547e-17
2.904606103966990301e-21 2.307140377833348754e-17
2.913582784785814058e-21 2.312235447430704163e-17
2.922587208023302587e-21 2.317341642799750889e-17
2.931619459417335213e-21 2.322458980294098734e-17
2.940679624970788315e-21 2.327587476250925157e-17
2.949767790952330145e-21 2.332727146990664044e-17
2.958884043897241231e-21 2.337878008816827293e-17
2.968028470608240043e-21 2.343040078015624551e-17
2.977201158156308658e-21 2.348213370855849516e-17
2.986402193881521819e-21 2.353397903588446056e-17
2.995631665393878615e-21 2.358593692446376942e-17
3.004889660574111599e-21 2.363800753644271016e-17
3.014176267574623046e-21 2.369019103378255868e-17
3.023491574820176708e-21 2.374248757825553234e-17
3.032835671008811503e-21 2.379489733144291333e-17
3.042208645112762725e-21 2.384742045473233393e-17
3.051610586379159440e-21 2.390005710931452855e-17
3.061041584330974291e-21 2.395280745618144794e-17
3.070501728767849909e-21 2.400567165612247195e-17
3.079991109766955058e-21 2.405864986972231728e-17
3.089509817683840765e-21 2.411174225735845515e-17
3.099057943153303606e-21 2.416494897919726254e-17
3.108635577090244847e-21 2.421827019519261701e-17
3.118242810690539378e-21 2.427170606508203561e-17
3.127879735431903123e-21 2.432525674838438535e-17
3.137546443074736772e-21 2.437892240439599125e-17
3.147243025663104164e-21 2.443270319219039600e-17
3.156969575525454134e-21 2.448659927061238188e-17
3.166726185275576709e-21 2.454061079827665803e-17
3.176512947813561184e-21 2.459473795274691488e-17
3.186329956326527746e-21 2.464898099504049041e-17
3.196177304289616772e-21 2.470334020956949899e-17
3.206055085466853618e-21 2.475781588161676638e-17
3.215963393912040865e-21 2.481240829733866471e-17
3.225902323969654703e-21 2.486711774376780257e-17
3.235871970275742069e-21 2.492194450881638392e-17
3.245872427758823429e-21 2.497688888127909842e-17
3.255903791640795177e-21 2.503195115083581474e-17
3.265966157437809849e-21 2.508713160805517659e-17
3.276059620961292877e-21 2.514243054439804171e-17
3.286184278318694528e-21 2.519784825221951256e-17
3.296340225914512682e-21 2.525338502477237829e-17
3.306527560451154607e-21 2.530904115621076948e-17
3.316746378929968008e-21 2.536481694159293754e-17
3.326996778652002375e-21 2.542071267688437326e-17
3.337278857219042285e-21 2.547672865896061092e-17
3.347592712534511315e-21 2.553286518561127736e-17
3.357938442804402653e-21 2.558912255554236307e-17
3.368316146538214982e-21 2.564550106837959947e-17
3.378725922549891370e-21 2.570200102467253881e-17
3.389167869958757785e-21 2.575862272589632911e-17
3.399642088190470261e-21 2.581536647445601285e-17
3.410148676977928963e-21 2.587223257368921398e-17
3.420687736362345347e-21 2.592922132786975564e-17
3.431259366694022314e-21 2.598633304221052900e-17
3.441863668633394660e-21 2.604356802286696611e-17
3.452500743152074799e-21 2.610092657694086091e-17
3.463170691533641190e-21 2.615840901248219043e-17
3.473873615374717908e-21 2.621601563849407905e-17
3.484609616585912788e-21 2.627374676493481381e-17
3.495378797392789414e-21 2.633160270272230328e-17
3.506181260336838358e-21 2.638958376373647500e-17
3.517017108276455196e-21 2.644769026082300715e-17
3.527886444387917764e-21 2.650592250779687534e-17
3.538789372166371692e-21 2.656428081944537862e-17
3.549725995426785095e-21 2.662276551153168936e-17
3.560696418305051469e-21 2.668137690079885307e-17
3.571700745258810466e-21 2.674011530497166492e-17
3.582739081068557563e-21 2.679898104276183751e-17
3.593811530838580695e-21 2.685797443386989281e-17
3.604918199998083462e-21 2.691709579899054560e-17
3.616059194302006663e-21 2.697634545981405925e-17
3.627234619832158269e-21 2.703572373903088959e-17
3.638444582998192191e-21 2.709523096033516693e-17
3.649689190538620143e-21 2.715486744842782073e-17
3.660968549521828778e-21 2.721463352902049617e-17
3.672282767347100575e-21 2.727452952883889445e-17
3.683631951745634737e-21 2.733455577562592827e-17
3.695016210781573349e-21 2.739471259814624852e-17
3.706435652853000455e-21 2.745500032618866633e-17
3.717890386693096109e-21 2.751541929057090779e-17
3.729380521370987249e-21 2.757596982314223018e-17
3.740906166292879177e-21 2.763665225678724296e-17
3.752467431203190805e-21 2.769746692543070877e-17
3.764064426185410792e-21 2.775841416403883146e-17
3.775697261663274168e-21 2.781949430862526810e-17
3.787366048401777960e-21 2.788070769625363420e-17
3.799070897508240451e-21 2.794205466504117072e-17
3.810811920433354426e-21 2.800353555416263595e-17
3.822589228972253958e-21 2.806515070385424369e-17
3.834402935265572911e-21 2.812690045541696039e-17
3.846253151800517751e-21 2.818878515122086244e-17
3.858139991411903479e-21 2.825080513470769989e-17
3.870063567283356590e-21 2.831296075039623983e-17
3.882023992948202049e-21 2.837525234388506434e-17
3.894021382290670765e-21 2.843768026185636686e-17
3.906055849546921981e-21 2.850024485207997667e-17
3.918127509306256017e-21 2.856294646341736478e-17
3.930236476512017041e-21 2.862578544582508904e-17
3.942382866462811078e-21 2.868876215035926233e-17
3.954566794813576547e-21 2.875187692917841213e-17
3.966788377576681898e-21 2.881513013554836165e-17
3.979047731123033018e-21 2.887852212384576115e-17
3.991344972183177632e-21 2.894205324956154545e-17
4.003680217848421743e-21 2.900572386930571016e-17
4.016053585571940045e-21 2.906953434081105266e-17
4.028465193169863027e-21 2.913348502293609949e-17
4.040915158822532587e-21 2.919757627567093652e-17
4.053403601075425871e-21 2.926180846013932287e-17
4.065930638840384567e-21 2.932618193860376302e-17
4.078496391396847946e-21 2.939069707447012907e-17
4.091100978392787992e-21 2.945535423228918911e-17
4.103744519845982320e-21 2.952015377776382410e-17
4.116427136145121591e-21 2.958509607775096306e-17
4.129148948050959797e-21 2.965018150026652574e-17
4.141910076697460045e-21 2.971541041448889237e-17
4.154710643592951613e-21 2.978078319076404979e-17
4.167550770621282505e-21 2.984630020060847570e-17
4.180430580042985539e-21 2.991196181671475310e-17
4.193350194496436912e-21 2.997776841295383832e-17
4.206309736998993706e-21 3.004372036438090349e-17
4.219309330948301411e-21 3.010981804723892338e-17
4.232349100123260654e-21 3.017606183896287241e-17
4.245429168685312152e-21 3.024245211818352722e-17
4.258549661179720922e-21 3.030898926473297632e-17
4.271710702536555036e-21 3.037567365964696822e-17
4.284912418072011964e-21 3.044250568517111139e-17
4.298154933489581649e-21 3.050948572476386328e-17
4.311438374881237424e-21 3.057661416310128198e-17
4.324762868728640475e-21 3.064389138608154985e-17
4.338128541904345799e-21 3.071131778082911506e-17
4.351535521673004410e-21 3.077889373569882688e-17
4.364983935692579830e-21 3.084661964028050870e-17
4.378473912015528478e-21 3.091449588540337065e-17
4.392005579090156093e-21 3.098252286314105710e-17
4.405579065761634115e-21 3.105070096681456175e-17
4.419194501273363634e-21 3.111903059099771885e-17
4.432852015268136969e-21 3.118751213152149261e-17
4.446551737789514403e-21 3.125614598547886446e-17
4.460293799282848086e-21 3.132493255122867257e-17
4.474078330596668559e-21 3.139387222839989511e-17
4.487905462983891463e-21 3.146296541789706139e-17
4.501775328103071655e-21 3.153221252190415912e-17
4.515688058019652051e-21 3.160161394388981135e-17
4.529643785207225262e-21 3.167117008861079553e-17
4.543642642548792970e-21 3.174088136211771960e-17
4.557684763338032077e-21 3.181074817175900327e-17
4.571770281280525497e-21 3.188077092618590701e-17
4.585899330495184029e-21 3.195095003535701255e-17
4.600072045515302614e-21 3.202128591054264787e-17
4.614288561289950612e-21 3.209177896432977445e-17
4.628549013185368106e-21 3.216242961062696698e-17
4.642853536986034938e-21 3.223323826466886297e-17
4.657202268896106883e-21 3.230420534302072959e-17
4.671595345540680297e-21 3.237533126358361584e-17
4.686032903967090606e-21 3.244661644559850647e-17
4.700515081646218339e-21 3.251806130965222605e-17
4.715042016473797394e-21 3.258966627768136482e-17
4.729613846771728592e-21 3.266143177297662974e-17
4.744230711289393969e-21 3.273335822018954365e-17
4.758892749204945494e-21 3.280544604533502755e-17
4.773600100126778108e-21 3.287769567579860512e-17
4.788352904094631862e-21 3.295010754033943491e-17
4.803151301581077747e-21 3.302268206909594946e-17
4.817995433492776315e-21 3.309541969359058845e-17
4.832885441171979308e-21 3.316832084673614045e-17
4.847821466397639317e-21 3.324138596283817723e-17
4.862803651386913670e-21 3.331461547760192551e-17
4.877832138796482487e-21 3.338800982813753017e-17
4.892907071723908113e-21 3.346156945296322812e-17
4.908028593708992303e-21 3.353529479201275626e-17
4.923196848735149193e-21 3.360918628663808162e-17
4.938411981230771512e-21 3.368324437961664908e-17
4.953674136070608821e-21 3.375746951515482643e-17
4.968983458577105135e-21 3.383186213889448641e-17
4.984340094521944178e-21 3.390642269791698808e-17
4.999744190127196670e-21 3.398115164074906236e-17
5.015195892066830972e-21 3.405604941736732339e-17
5.030695347468234274e-21 3.413111647920491836e-17
5.046242703913366648e-21 3.420635327915460900e-17
5.061838109440333388e-21 3.428176027157621030e-17
5.077481712544749713e-21 3.435733791230044236e-17
5.093173662181156626e-21 3.443308665863496396e-17
5.108914107764438277e-21 3.450900696936919196e-17
5.124703199171246852e-21 3.458509930477991583e-17
5.140541086741426707e-21 3.466136412663717711e-17
5.156427921279447532e-21 3.473780189820839858e-17
5.172363854055840519e-21 3.481441308426504030e-17
5.188349036808595418e-21 3.489119815108732045e-17
5.204383621744775009e-21 3.496815756647013175e-17
5.220467761541712030e-21 3.504529179972854505e-17
5.236601609348585287e-21 3.512260132170180907e-17
5.252785318788011553e-21 3.520008660476184915e-17
5.269019043957248521e-21 3.527774812281584953e-17
5.285302939429834104e-21 3.535558635131351952e-17
5.301637160257015833e-21 3.543360176725199305e-17
5.318021861969227655e-21 3.551179484918160952e-17
5.334457200577568237e-21 3.559016607721187961e-17
5.350943332575289797e-21 3.566871593301682853e-17
5.367480414939286187e-21 3.574744489984069066e-17
5.384068605131588499e-21 3.582635346250285221e-17
5.400708061100817786e-21 3.590544210740534542e-17
5.417398941283871757e-21 3.598471132253757556e-17
5.434141404607160080e-21 3.606416159748106644e-17
5.450935610488301608e-21 3.614379342341729350e-17
5.467781718837549264e-21 3.622360729313196099e-17
5.484679890059491785e-21 3.630360370102160244e-17
5.501630285054315353e-21 3.638378314309893018e-17
5.518633065219511353e-21 3.646414611699897980e-17
5.535688392451370476e-21 3.654469312198550117e-17
5.552796429146524215e-21 3.662542465895564228e-17
5.569957338203490120e-21 3.670634123044741264e-17
5.587171283024222323e-21 3.678744334064412057e-17
5.604438427515670342e-21 3.686873149538167021e-17
5.621758936091336368e-21 3.695020620215406506e-17
5.639132973672796456e-21 3.703186797011891763e-17
5.656560705691455675e-21 3.711371731010512238e-17
5.674042298089845856e-21 3.719575473461681853e-17
5.691577917323343127e-21 3.727798075784056990e-17
5.709167730361893730e-21 3.736039589565284675e-17
5.726811904691324557e-21 3.744300066562326756e-17
5.744510608315123879e-21 3.752579558702316549e-17
5.762264009755994129e-21 3.760878118083104268e-17
5.780072278057457346e-21 3.769195796973851134e-17
5.797935582785464379e-21 3.777532647815712230e-17
5.815854094030007852e-21 3.785888723222382543e-17
5.833827982406746419e-21 3.794264075980893222e-17
5.851857419058622991e-21 3.802658759052026958e-17
5.869942575657450624e-21 3.811072825571064943e-17
5.888083624405738387e-21 3.819506328848560316e-17
5.906280738038043277e-21 3.827959322370683297e-17
5.924534089822804366e-21 3.836431859800107416e-17
5.942843853563900096e-21 3.844923994976550630e-17
5.961210203602493709e-21 3.853435781917505010e-17
5.979633314818403969e-21 3.861967274818779092e-17
5.998113362631965643e-21 3.870518528055209696e-17
6.016650523005646975e-21 3.879089596181344782e-17
6.035244972445731121e-21 3.887680533932020310e-17
6.053896888003990797e-21 3.896291396223192236e-17
6.072606447279379494e-21 3.904922238152375936e-17
6.091373828419718165e-21 3.913573114999456021e-17
6.110199210123393958e-21 3.922244082227383367e-17
6.129082771641010801e-21 3.930935195482653980e-17
6.148024692777297270e-21 3.939646510596376421e-17
6.167025153892517189e-21 3.948378083584446225e-17
6.186084335904336873e-21 3.957129970648564632e-17
6.205202420289701411e-21 3.965902228176921451e-17
6.224379589086256539e-21 3.974694912744715827e-17
6.243616024894288115e-21 3.983508081114899502e-17
6.262911910878405048e-21 3.992341790238926841e-17
6.282267430769288436e-21 4.001196097257509189e-17
6.301682768865436940e-21 4.010071059501110983e-17
6.321158110034925697e-21 4.018966734490795317e-17
6.340693639717162229e-21 4.027883179938953635e-17
6.360289543924655138e-21 4.036820453749901695e-17
6.379946009244733150e-21 4.045778614020586459e-17
6.399663222841527465e-21 4.054757719041557994e-17
6.419441372457444798e-21 4.063757827297252356e-17
6.439280646415160260e-21 4.072778997467113246e-17
6.459181233619309322e-21 4.081821288425967343e-17
6.479143323558492734e-21 4.090884759245125003e-17
6.499167106306768372e-21 4.099969469192785173e-17
6.519252772525671203e-21 4.109075477734856913e-17
6.539400513465974464e-21 4.118202844535774141e-17
6.559610520969511015e-21 4.127351629459178491e-17
6.579882987471001467e-21 4.136521892568653324e-17
6.600218105999886832e-21 4.145713694128410902e-17
6.620616070182162661e-21 4.154927094604150885e-17
6.641077074242227490e-21 4.164162154663751205e-17
6.661601313004674861e-21 4.173418935177960167e-17
6.682188981896366697e-21 4.182697497221327059e-17
6.702840276947967285e-21 4.191997902072721071e-17
6.723555394795974522e-21 4.201320211216241572e-17
6.744334532684754938e-21 4.210664486342009434e-17
6.765177888468094213e-21 4.220030789346814758e-17
6.786085660611297650e-21 4.229419182334945181e-17
6.807058048193032596e-21 4.238829727618988912e-17
6.828095250907210735e-21 4.248262487720549018e-17
6.849197469064906499e-21 4.257717525371085290e-17
6.870364903596246884e-21 4.267194903512630377e-17
6.891597756052338885e-21 4.276694685298641514e-17
6.912896228607180382e-21 4.286216934094722818e-17
6.934260524059589076e-21 4.295761713479481945e-17
6.955690845835074252e-21 4.305329087245229586e-17
6.977187397988003452e-21 4.314919119398963078e-17
6.998750385203200398e-21 4.324531874162922307e-17
7.020380012798069525e-21 4.334167415975546196e-17
7.042076486724717521e-21 4.343825809492313343e-17
7.063840013571578328e-21 4.353507119586427335e-17
7.085670800565597867e-21 4.363211411349694981e-17
7.107569055574162979e-21 4.372938750093374946e-17
7.129534987107072495e-21 4.382689201348933953e-17
7.151568804318520337e-21 4.392462830868936100e-17
7.173670717009096688e-21 4.402259704627839729e-17
7.195840935627778612e-21 4.412079888822764104e-17
7.218079671273932727e-21 4.421923449874448987e-17
7.240387135699271223e-21 4.431790454428000969e-17
7.262763541310102798e-21 4.441680969353859217e-17
7.285209101168996775e-21 4.451595061748388341e-17
7.307724028997056607e-21 4.461532798934978496e-17
7.330308539175824742e-21 4.471494248464804039e-17
7.352962846749572671e-21 4.481479478117645668e-17
7.375687167426984615e-21 4.491488555902813642e-17
7.398481717583453593e-21 4.501521550059976695e-17
7.421346714263079575e-21 4.511578529059966924e-17
7.444282375180735342e-21 4.521659561605806541e-17
7.467288918724145891e-21 4.531764716633390113e-17
7.490366563955955795e-21 4.541894063312585886e-17
7.513515530615831183e-21 4.552047671047792302e-17
7.536736039122536125e-21 4.562225609479211887e-17
7.560028310575978938e-21 4.572427948483413312e-17
7.583392566759565430e-21 4.582654758174449359e-17
7.606829030141932236e-21 4.592906108904591548e-17
7.630337923879256431e-21 4.603182071265258896e-17
7.653919471817568149e-21 4.613482716088083494e-17
7.677573898494504986e-21 4.623808114445589673e-17
7.701301429141698348e-21 4.634158337652166514e-17
7.725102289686857365e-21 4.644533457265081045e-17
7.748976706755925032e-21 4.654933545085329967e-17
7.772924907675226823e-21 4.665358673158561013e-17
7.796947120473641879e-21 4.675808913775929606e-17
7.821043573884771180e-21 4.686284339475194633e-17
7.845214497349119264e-21 4.696785023041453691e-17
7.869460121016206734e-21 4.707311037508240713e-17
7.893780675747030328e-21 4.717862456158438700e-17
7.918176393115863968e-21 4.728439352525085228e-17
7.942647505412727859e-21 4.739041800392491641e-17
7.967194245645470907e-21 4.749669873797058413e-17
7.991816847542244326e-21 4.760323647028433171e-17
8.016515545553343317e-21 4.771003194630237314e-17
8.041290574853694222e-21 4.781708591401093988e-17
8.066142171345033232e-21 4.792439912395697374e-17
8.091070571658149797e-21 4.803197232925754996e-17
8.116076013155139056e-21 4.813980628560788301e-17
8.141158733931664813e-21 4.824790175129423795e-17
8.166318972819225505e-21 4.835625948720067277e-17
8.191556969387427708e-21 4.846488025682096989e-17
8.216872963946199452e-21 4.857376482626719656e-17
8.242267197548346586e-21 4.868291396428174727e-17
8.267739911991450127e-21 4.879232844224491193e-17
8.293291349820365453e-21 4.890200903418526662e-17
8.318921754329730521e-21 4.901195651581607384e-17
8.344631369565887291e-21 4.912217156668795255e-17
8.370420440329468184e-21 4.923265468550859194e-17
8.396289212177663565e-21 4.934340635140070549e-17
8.422237931426552419e-21 4.945442704344645428e-17
8.448266845153460114e-21 4.956571724068251049e-17
8.474376201199301108e-21 4.967727742209264329e-17
8.500566248170939721e-21 4.978910806660129705e-17
8.526837235443561440e-21 4.990120965306783513e-17
8.553189413162978008e-21 5.001358266027975440e-17
8.579623032248280099e-21 5.012622756694647920e-17
8.606138344393820421e-21 5.023914485169176845e-17
8.632735602071876916e-21 5.035233499304853884e-17
8.659415058534926260e-21 5.046579846945048316e-17
8.686176967818332643e-21 5.057953575922788559e-17
8.713021584742339900e-21 5.069354734059842660e-17
8.739949164914790387e-21 5.080783369166190128e-17
8.766959964733479727e-21 5.092239529039309487e-17
8.794054241388597325e-21 5.103723261463494195e-17
8.821232252865183438e-21 5.115234614209174710e-17
8.848494257945578708e-21 5.126773635032225158e-17
8.875840516211888761e-21 5.138340371673239181e-17
8.903271288048459320e-21 5.149934871856980822e-17
8.930786834644279107e-21 5.161557183291390427e-17
8.958387417995761908e-21 5.173207353667288832e-17
8.986073300908801903e-21 5.184885430657267405e-17
9.013844747001489524e-21 5.196591461915269582e-17
9.041702020706852902e-21 5.208325495075696003e-17
9.069645387274926732e-21 5.220087577752872030e-17
9.097675112775573462e-21 5.231877757540029624e-17
9.125791464100946375e-21 5.243696082008952975e-17
9.153994708968026401e-21 5.255542598708993039e-17
9.182285115921175481e-21 5.267417355166371127e-17
9.210662954334688420e-21 5.279320398883515760e-17
9.239128494415362801e-21 5.291251777338289228e-17
9.267682007205070404e-21 5.303211537983280067e-17
9.296323764583337652e-21 5.315199728244942103e-17
9.325054039269856838e-21 5.327216395522883851e-17
9.353873104827387063e-21 5.339261587189375486e-17
9.382781235663908866e-21 5.351335350588176637e-17
9.411778707035455946e-21 5.363437733033847988e-17
9.440865795048970951e-21 5.375568781811441278e-17
9.470042776664476667e-21 5.387728544175121260e-17
9.499309929698014564e-21 5.399917067347734293e-17
9.528667532824216214e-21 5.412134398519917174e-17
9.558115865578960472e-21 5.424380584849429076e-17
9.587655208362024637e-21 5.436655673460251748e-17
9.617285842439768723e-21 5.448959711441799424e-17
9.647008049947800156e-21 5.461292745848243978e-17
9.676822113893670080e-21 5.473654823697599104e-17
9.706728318159480887e-21 5.486045991970882153e-17
9.736726947504913533e-21 5.498466297611581034e-17
9.766818287569457411e-21 5.510915787524456133e-17
9.797002624875452712e-21 5.523394508575039261e-17
9.827280246830655825e-21 5.535902507588584718e-17
9.857651441731293745e-21 5.548439831349519555e-17
9.888116498764334562e-21 5.561006526600348409e-17
9.918675708010558413e-21 5.573602640040978666e-17
9.949329360447238745e-21 5.586228218327892147e-17
9.980077747950916850e-21 5.598883308073186157e-17
1.001092116330017190e-20 5.611567955843856110e-17
1.004185990017842106e-20 5.624282208160908061e-17
1.007289425317670609e-20 5.637026111498515614e-17
1.010402451779650396e-20 5.649799712283159565e-17
1.013525099045245328e-20 5.662603056892741674e-17
1.016657396847551102e-20 5.675436191655837703e-17
1.019799375011528916e-20 5.688299162850754487e-17
1.022951063454313474e-20 5.701192016704503183e-17
1.026112492185523837e-20 5.714114799392328414e-17
1.029283691307498149e-20 5.727067557036389394e-17
1.032464691015614726e-20 5.740050335705199098e-17
1.035655521598570261e-20 5.753063181412585186e-17
1.038856213438668713e-20 5.766106140116793901e-17
1.042066797012110650e-20 5.779179257719727099e-17
1.045287302889283041e-20 5.792282580065876049e-17
1.048517761735050702e-20 5.805416152941591739e-17
1.051758204309048344e-20 5.818580022074008821e-17
1.055008661465964351e-20 5.831774233130223468e-17
1.058269164155869539e-20 5.844998831716546422e-17
1.061539743424460004e-20 5.858253863377214936e-17
1.064820430413387090e-20 5.871539373593756746e-17
1.068111256360536494e-20 5.884855407783946073e-17
1.071412252600361247e-20 5.898202011301036942e-17
1.074723450564126514e-20 5.911579229432583591e-17
1.078044881780245127e-20 5.924987107399671330e-17
1.081376577874568132e-20 5.938425690355967446e-17
1.084718570570686165e-20 5.951895023386616794e-17
1.088070891690231732e-20 5.965395151507498545e-17
1.091433573153181945e-20 5.978926119664272154e-17
1.094806646978162753e-20 5.992487972731165724e-17
1.098190145282753184e-20 6.006080755510357238e-17
1.101584100283783260e-20 6.019704512730618707e-17
1.104988544297675247e-20 6.033359289046779990e-17
1.108403509740698992e-20 6.047045129038446899e-17
1.111829029129306404e-20 6.060762077209075512e-17
1.115265135080468489e-20 6.074510177985108132e-17
1.118711860311932043e-20 6.088289475714862715e-17
1.122169237642567070e-20 6.102100014667543094e-17
1.125637299992669817e-20 6.115941839032324398e-17
1.129116080384277241e-20 6.129814992917360809e-17
1.132605611941480421e-20 6.143719520348644184e-17
1.136105927890740538e-20 6.157655465269133834e-17
1.139617061561205291e-20 6.171622871537695269e-17
1.143139046385025631e-20 6.185621782928131374e-17
1.146671915897675035e-20 6.199652243128028697e-17
1.150215703738258264e-20 6.213714295737777541e-17
1.153770443649870664e-20 6.227807984269848430e-17
1.157336169479861783e-20 6.241933352147235336e-17
1.160912915180186546e-20 6.256090442702680384e-17
1.164500714807756441e-20 6.270279299177850473e-17
1.168099602524707946e-20 6.284499964721898839e-17
1.171709612598764538e-20 6.298752482390677430e-17
1.175330779403554027e-20 6.313036895145461163e-17
1.178963137418936410e-20 6.327353245852112231e-17
1.182606721231330983e-20 6.341701577279973229e-17
1.186261565534046902e-20 6.356081932100712215e-17
1.189927705127612405e-20 6.370494352887245418e-17
1.193605174920107030e-20 6.384938882112806632e-17
1.197294009927483905e-20 6.399415562149632037e-17
1.200994245273942153e-20 6.413924435268246522e-17
1.204705916192202982e-20 6.428465543635871179e-17
1.208429058023883593e-20 6.443038929315878489e-17
1.212163706219815259e-20 6.457644634266101207e-17
1.215909896340418878e-20 6.472282700338423137e-17
1.219667664055985889e-20 6.486953169277023918e-17
1.223437045147055937e-20 6.501656082717643163e-17
1.227218075504748794e-20 6.516391482186372518e-17
1.231010791131105458e-20 6.531159409098582071e-17
1.234815228139431210e-20 6.545959904757618731e-17
1.238631422754639422e-20 6.560793010353950805e-17
1.242459411313596872e-20 6.575658766963856521e-17
1.246299230265468756e-20 6.590557215548333179e-17
1.250150916172056625e-20 6.605488396951956999e-17
1.254014505708186585e-20 6.620452351901698601e-17
1.257890035661997884e-20 6.635449121005951714e-17
1.261777542935323130e-20 6.650478744753018323e-17
1.265677064544070923e-20 6.665541263510459088e-17
1.269588637618516699e-20 6.680636717523418247e-17
1.273512299403696942e-20 6.695765146913838455e-17
1.277448087259754501e-20 6.710926591679053156e-17
1.281396038662292777e-20 6.726121091690799280e-17
1.285356191202734429e-20 6.741348686693856453e-17
1.289328582588677520e-20 6.756609416305049831e-17
1.293313250644256030e-20 6.771903320011872057e-17
1.297310233310499006e-20 6.787230437171491022e-17
1.301319568645681597e-20 6.802590807009258424e-17
1.305341294825730102e-20 6.817984468618044168e-17
1.309375450144521238e-20 6.833411460956408428e-17
1.313422073014289747e-20 6.848871822847773340e-17
1.317481201965972656e-20 6.864365592979073314e-17
1.321552875649618688e-20 6.879892809899776351e-17
1.325637132834692496e-20 6.895453512020178133e-17
1.329734012410486635e-20 6.911047737610666160e-17
1.333843553386480566e-20 6.926675524800243106e-17
1.337965794892712601e-20 6.942336911575297919e-17
1.342100776180152599e-20 6.958031935778560579e-17
1.346248536621075269e-20 6.973760635107516986e-17
1.350409115709435273e-20 6.989523047113509157e-17
1.354582553061243382e-20 7.005319209200283236e-17
1.358768888414932257e-20 7.021149158622690337e-17
1.362968161631780149e-20 7.037012932485773189e-17
1.367180412696222211e-20 7.052910567743050366e-17
1.371405681716265923e-20 7.068842101195406948e-17
1.375644008923905926e-20 7.084807569490062844e-17
1.379895434675440589e-20 7.100807009119007391e-17
1.384159999451899932e-20 7.116840456417758134e-17
1.388437743859420879e-20 7.132907947564184929e-17
1.392728708629633346e-20 7.149009518577214483e-17
1.397032934620048741e-20 7.165145205315393156e-17
1.401350462814448155e-20 7.181315043475736939e-17
1.405681334323272968e-20 7.197519068592376839e-17
1.410025590384016651e-20 7.213757316035259724e-17
1.414383272361605143e-20 7.230029821008782602e-17
1.418754421748837704e-20 7.246336618550684525e-17
1.423139080166711917e-20 7.262677743530419556e-17
1.427537289364866952e-20 7.279053230648041276e-17
1.431949091221957321e-20 7.295463114432823510e-17
1.436374527746098241e-20 7.311907429241877351e-17
1.440813641075196361e-20 7.328386209259023337e-17
1.445266473477396633e-20 7.344899488493088009e-17
1.449733067351474420e-20 7.361447300776927689e-17
1.454213465227237836e-20 7.378029679765865552e-17
1.458707709765933394e-20 7.394646658936345635e-17
1.463215843760651956e-20 7.411298271584679283e-17
1.467737910136736788e-20 7.427984550825684366e-17
1.472273951952191622e-20 7.444705529591216026e-17
1.476824012398079075e-20 7.461461240628744263e-17
1.481388134798979267e-20 7.478251716500301295e-17
1.485966362613331068e-20 7.495076989580781814e-17
1.490558739433881985e-20 7.511937092056564941e-17
1.495165308988138349e-20 7.528832055924448033e-17
1.499786115138710476e-20 7.545761912989885304e-17
1.504421201883777899e-20 7.562726694865803302e-17
1.509070613357496524e-20 7.579726432971208074e-17
1.513734393830419022e-20 7.596761158529568004e-17
1.518412587709915828e-20 7.613830902567779663e-17
1.523105239540598241e-20 7.630935695914334942e-17
1.527812394004743032e-20 7.648075569198275813e-17
1.532534095922717052e-20 7.665250552847621530e-17
1.537270390253404548e-20 7.682460677087725591e-17
1.542021322094622742e-20 7.699705971940393188e-17
1.546786936683600906e-20 7.716986467221852366e-17
1.551567279397336959e-20 7.734302192541755612e-17
1.556362395753065411e-20 7.751653177301469021e-17
1.561172331408729814e-20 7.769039450692905019e-17
1.565997132163342372e-20 7.786461041696630341e-17
1.570836843957469033e-20 7.803917979081030319e-17
1.575691512873654697e-20 7.821410291400239366e-17
1.580561185136863174e-20 7.838938006993071076e-17
1.585445907114915633e-20 7.856501153981508297e-17
1.590345725318933263e-20 7.874099760269055152e-17
1.595260686403780238e-20 7.891733853539448976e-17
1.600190837168506681e-20 7.909403461255118342e-17
1.605136224556782901e-20 7.927108610655711338e-17
1.610096895657396826e-20 7.944849328756668226e-17
1.615072897704625945e-20 7.962625642347563597e-17
1.620064278078737450e-20 7.980437577990789966e-17
1.625071084306414650e-20 7.998285162019945531e-17
1.630093364061261021e-20 8.016168420538565835e-17
1.635131165164176364e-20 8.034087379418281038e-17
1.640184535583863266e-20 8.052042064297481012e-17
1.645253523437272170e-20 8.070032500579975517e-17
1.650338176990058481e-20 8.088058713433081206e-17
1.655438544657042684e-20 8.106120727786506130e-17
1.660554675002671365e-20 8.124218568330599454e-17
1.665686616741479128e-20 8.142352259514821803e-17
1.670834418738552933e-20 8.160521825546395573e-17
1.675998130009983776e-20 8.178727290388539853e-17
1.681177799723387303e-20 8.196968677759161412e-17
1.686373477198291095e-20 8.215246011129087153e-17
1.691585211906644140e-20 8.233559313720693471e-17
1.696813053473330210e-20 8.251908608506358110e-17
1.702057051676556664e-20 8.270293918206792466e-17
1.707317256448384978e-20 8.288715265289484816e-17
1.712593717875191161e-20 8.307172671967263113e-17
1.717886486198143027e-20 8.325666160196666728e-17
1.723195611813678670e-20 8.344195751676447613e-17
1.728521145273986436e-20 8.362761467845758390e-17
1.733863137287485810e-20 8.381363329882996171e-17
1.739221638719311001e-20 8.400001358703746594e-17
1.744596700591780087e-20 8.418675574959625182e-17
1.749988374084939392e-20 8.437385999036512264e-17
1.755396710536962817e-20 8.456132651052784207e-17
1.760821761444699824e-20 8.474915550858082046e-17
1.766263578464136757e-20 8.493734718031478624e-17
1.771722213410945436e-20 8.512590171879873742e-17
1.777197718260890903e-20 8.531481931436643246e-17
1.782690145150383331e-20 8.550410015459601537e-17
1.788199546376960705e-20 8.569374442429820754e-17
1.793725974399786254e-20 8.588375230549714082e-17
1.799269481840148893e-20 8.607412397741663876e-17
1.804830121481962159e-20 8.626485961646155512e-17
1.810407946272269466e-20 8.645595939620401809e-17
1.816003009321746652e-20 8.664742348736470722e-17
1.821615363905192793e-20 8.683925205779841965e-17
1.827245063462097446e-20 8.703144527247768901e-17
1.832892161597060442e-20 8.722400329347401292e-17
1.838556712080345895e-20 8.741692627994573661e-17
1.844238768848440720e-20 8.761021438811734535e-17
1.849938386004476528e-20 8.780386777126604143e-17
1.855655617818806209e-20 8.799788657970214595e-17
1.861390518729504667e-20 8.819227096075637840e-17
1.867143143342887922e-20 8.838702105876133077e-17
1.872913546434032507e-20 8.858213701503306492e-17
1.878701782947297578e-20 8.877761896785884822e-17
1.884507907996847321e-20 8.897346705247545991e-17
1.890331976867176369e-20 8.916968140105693910e-17
1.896174045013635824e-20 8.936626214269469066e-17
1.902034168062946335e-20 8.956320940338328574e-17
1.907912401813789418e-20 8.976052330600172633e-17
1.913808802237245006e-20 8.995820397029734757e-17
1.919723425477372534e-20 9.015625151286761228e-17
1.925656327851790529e-20 9.035466604714780971e-17
1.931607565852120773e-20 9.055344768338762389e-17
1.937577196144587448e-20 9.075259652863947326e-17
1.943565275570542257e-20 9.095211268673822217e-17
1.949571861147004582e-20 9.115199625828614324e-17
1.955597010067204660e-20 9.135224734063596912e-17
1.961640779701128560e-20 9.155286602787178733e-17
1.967703227596064062e-20 9.175385241079401487e-17
1.973784411477149551e-20 9.195520657690155029e-17
1.979884389247905147e-20 9.215692861037467754e-17
1.986003218990851716e-20 9.235901859205858625e-17
1.992140958967964665e-20 9.256147659944348987e-17
1.998297667621278201e-20 9.276430270665140001e-17
2.004473403573490196e-20 9.296749698441687327e-17
2.010668225628423207e-20 9.317105950006779508e-17
2.016882192771649497e-20 9.337499031751199372e-17
2.023115364171035111e-20 9.357928949721729692e-17
2.029367799177305623e-20 9.378395709619483021e-17
2.035639557324608861e-20 9.398899316798164965e-17
2.041930698331083362e-20 9.419439776262265967e-17
2.048241282099426522e-20 9.440017092665516862e-17
2.054571368717464547e-20 9.460631270308877284e-17
2.060921018458725721e-20 9.481282313139055322e-17
2.067290291782995916e-20 9.501970224746489754e-17
2.073679249336962574e-20 9.522695008363862314e-17
2.080087951954691678e-20 9.543456666864074994e-17
2.086516460658256081e-20 9.564255202758694517e-17
2.092964836658368362e-20 9.585090618196190953e-17
2.099433141354862003e-20 9.605962914959975433e-17
2.105921436337342893e-20 9.626872094466829814e-17
2.112429783385760494e-20 9.647818157765151473e-17
2.118958244470994338e-20 9.668801105532970055e-17
2.125506881755445055e-20 9.689820938076380849e-17
2.132075757593626288e-20 9.710877655327641656e-17
2.138664934532758126e-20 9.731971256843664098e-17
2.145274475313362334e-20 9.753101741803822058e-17
2.151904442869843142e-20 9.774269109013661798e-17
2.158554900331156203e-20 9.795473394598389312e-17
2.165225911021303922e-20 9.816714762920754891e-17
2.171917538460009225e-20 9.837993406664182319e-17
2.178629846363284917e-20 9.859309519809242785e-17
2.185362898644111669e-20 9.880663297639292773e-17
2.192116759412939057e-20 9.902054936745933227e-17
2.198891492978368368e-20 9.923484635034791658e-17
2.205687163847746326e-20 9.944952591730991162e-17
2.212503836727779285e-20 9.966459007385140837e-17
2.219341576525150126e-20 9.988004083878882462e-17
2.226200448347134858e-20 1.000958802443067137e-16
2.233080517502224031e-20 1.003121103360197022e-16
2.239981849500744145e-20 1.005287331730246907e-16
2.246904510055462521e-20 1.007457508279648746e-16
2.253848565082286945e-20 1.009631653870893030e-16
2.260814080700782970e-20 1.011809789503090605e-16
2.267801123234858819e-20 1.013991936312611404e-16
2.274809759213451498e-20 1.016178115573669680e-16
2.281840055371050714e-20 1.018368348698948813e-16
2.288892078648407248e-20 1.020562657240194801e-16
2.295965896193152270e-20 1.022761062888856469e-16
2.303061575360436502e-20 1.024963587476716686e-16
2.310179183713571493e-20 1.027170252976482896e-16
2.317318789024673604e-20 1.029381081502448410e-16
2.324480459275308591e-20 1.031596095311128050e-16
2.331664262657138597e-20 1.033815316801884806e-16
2.338870267572553798e-20 1.036038768517573739e-16
2.346098542635398538e-20 1.038266473145228540e-16
2.353349156671511190e-20 1.040498453516649475e-16
2.360622178719454808e-20 1.042734732609119896e-16
2.367917678031137637e-20 1.044975333546040283e-16
2.375235724072547974e-20 1.047220279597610245e-16
2.382576386524300954e-20 1.049469594181478710e-16
2.389939735282379128e-20 1.051723300863457719e-16
2.397325840458778251e-20 1.053981423358159561e-16
2.404734772382175044e-20 1.056243985529713027e-16
2.412166601598596444e-20 1.058511011392454531e-16
2.419621398872093089e-20 1.060782525111609364e-16
2.427099235185410675e-20 1.063058551004000064e-16
2.434600181740667351e-20 1.065339113538760216e-16
2.442124309960010935e-20 1.067624237338014964e-16
2.449671691486379961e-20 1.069913947177657673e-16
2.457242398184064908e-20 1.072208267988010225e-16
2.464836502139452687e-20 1.074507224854557530e-16
2.472454075661773548e-20 1.076810843018731078e-16
2.480095191283668622e-20 1.079119147878570603e-16
2.487759921761961799e-20 1.081432164989533771e-16
2.495448340078331098e-20 1.083749920065190256e-16
2.503160519440005005e-20 1.086072438978013066e-16
2.510896533280458223e-20 1.088399747760112676e-16
2.518656455260111618e-20 1.090731872604016767e-16
2.526440359267033990e-20 1.093068839863407568e-16
2.534248319417644727e-20 1.095410676053951387e-16
2.542080410057419484e-20 1.097757407854039159e-16
2.549936705761578701e-20 1.100109062105557555e-16
2.557817281335878738e-20 1.102465665814726286e-16
2.565722211817201390e-20 1.104827246152880549e-16
2.573651572474329078e-20 1.107193830457234753e-16
2.581605438808726048e-20 1.109565446231753829e-16
2.589583886555129997e-20 1.111942121147913502e-16
2.597586991682357953e-20 1.114323883045560150e-16
2.605614830394008637e-20 1.116710759933713958e-16
2.613667479129187397e-20 1.119102779991409673e-16
2.621745014563235048e-20 1.121499971568543400e-16
2.629847513608457324e-20 1.123902363186694247e-16
2.637975053414856725e-20 1.126309983540014503e-16
2.646127711370868590e-20 1.128722861496032558e-16
2.654305565104075189e-20 1.131141026096571917e-16
2.662508692482031170e-20 1.133564506558605888e-16
2.670737171612876542e-20 1.135993332275102153e-16
2.678991080846165129e-20 1.138427532815937355e-16
2.687270498773569338e-20 1.140867137928771994e-16
2.695575504229713429e-20 1.143312177539985966e-16
2.703906176292794919e-20 1.145762681755517959e-16
2.712262594285424479e-20 1.148218680861814062e-16
2.720644837775358081e-20 1.150680205326746045e-16
2.729052986576257441e-20 1.153147285800508445e-16
2.737487120748446550e-20 1.155619953116599459e-16
2.745947320599677230e-20 1.158098238292666021e-16
2.754433666685891079e-20 1.160582172531564564e-16
2.762946239811988041e-20 1.163071787222228278e-16
2.771485121032573300e-20 1.165567113940643573e-16
2.780050391652819139e-20 1.168068184450846755e-16
2.788642133229102300e-20 1.170575030705848470e-16
2.797260427569850189e-20 1.173087684848645419e-16
2.805905356736387686e-20 1.175606179213226159e-16
2.814577003043581124e-20 1.178130546325488641e-16
2.823275449060713987e-20 1.180660818904336239e-16
2.832000777612248858e-20 1.183197029862618956e-16
2.840753071778618854e-20 1.185739212308193706e-16
2.849532414897016051e-20 1.188287399544932080e-16
2.858338890562186538e-20 1.190841625073736252e-16
2.867172582627224857e-20 1.193401922593613803e-16
2.876033575204374473e-20 1.195968326002699789e-16
2.884921952665803557e-20 1.198540869399313815e-16
2.893837799644503558e-20 1.201119587083058520e-16
2.902781201034952442e-20 1.203704513555848553e-16
2.911752241994018676e-20 1.206295683523009058e-16
2.920751007941723777e-20 1.208893131894363316e-16
2.929777584562151710e-20 1.211496893785340112e-16
2.938832057804119955e-20 1.214107004518051265e-16
2.947914513882097334e-20 1.216723499622449286e-16
2.957025039276995449e-20 1.219346414837389625e-16
2.966163720736996826e-20 1.221975786111838613e-16
2.975330645278378258e-20 1.224611649605917970e-16
2.984525900186340153e-20 1.227254041692156129e-16
2.993749573015838897e-20 1.229902998956559116e-16
3.003001751592418018e-20 1.232558558199828110e-16
3.012282524013021283e-20 1.235220756438489976e-16
3.021591978646930991e-20 1.237889630906151557e-16
3.030930204136458902e-20 1.240565219054620842e-16
3.040297289397867067e-20 1.243247558555119095e-16
3.049693323622286862e-20 1.245936687299542794e-16
3.059118396276419542e-20 1.248632643401641741e-16
3.068572597103490181e-20 1.251335465198237604e-16
3.078056016124072210e-20 1.254045191250491030e-16
3.087568743636949871e-20 1.256761860345149764e-16
3.097110870219974654e-20 1.259485511495787907e-16
3.106682486730928357e-20 1.262216183944084607e-16
3.116283684308389752e-20 1.264953917161099300e-16
3.125914554372600051e-20 1.267698750848578759e-16
3.135575188626309713e-20 1.270450724940190423e-16
3.145265679055753444e-20 1.273209879602938161e-16
3.154986117931371824e-20 1.275976255238362075e-16
3.164736597808792923e-20 1.278749892483937995e-16
3.174517211529662262e-20 1.281530832214406456e-16
3.184328052222629247e-20 1.284319115543112287e-16
3.194169213304080226e-20 1.287114783823343456e-16
3.204040788479130345e-20 1.289917878649737703e-16
3.213942871742490215e-20 1.292728441859633965e-16
3.223875557379362073e-20 1.295546515534471856e-16
3.233838939966334734e-20 1.298372142001202256e-16
3.243833114372286373e-20 1.301205363833670771e-16
3.253858175759287307e-20 1.304046223854087483e-16
3.263914219583507584e-20 1.306894765134395375e-16
3.274001341596094490e-20 1.309751030997779766e-16
3.284119637844198104e-20 1.312615065020106506e-16
3.294269204671718197e-20 1.315486911031352772e-16
3.304450138720307523e-20 1.318366613117112310e-16
3.314662536930369693e-20 1.321254215620114735e-16
3.324906496541821717e-20 1.324149763141679994e-16
3.335182115095127995e-20 1.327053300543252204e-16
3.345489490432199479e-20 1.329964872947932262e-16
3.355828720697330160e-20 1.332884525741978655e-16
3.366199904338126932e-20 1.335812304576432759e-16
3.376603140106449683e-20 1.338748255368583405e-16
3.387038527059350791e-20 1.341692424303637791e-16
3.397506164560018226e-20 1.344644857836200100e-16
3.408006152278720458e-20 1.347605602691976671e-16
3.418538590193731511e-20 1.350574705869308117e-16
3.429103578592389014e-20 1.353552214640851569e-16
3.439701218071887446e-20 1.356538176555157907e-16
3.450331609540313927e-20 1.359532639438359181e-16
3.460994854217697847e-20 1.362535651395840259e-16
3.471691053636804712e-20 1.365547260813873488e-16
3.482420309644214063e-20 1.368567516361316975e-16
3.493182724401262578e-20 1.371596466991335031e-16
3.503978400385017271e-20 1.374634161943120609e-16
3.514807440389248084e-20 1.377680650743575818e-16
3.525669947525411316e-20 1.380735983209091303e-16
3.536566025223627638e-20 1.383800209447300961e-16
3.547495777233669725e-20 1.386873379858831245e-16
3.558459307625917408e-20 1.389955545139083497e-16
3.569456720792469889e-20 1.393046756280079136e-16
3.580488121447960657e-20 1.396147064572182590e-16
3.591553614630673919e-20 1.399256521606004167e-16
3.602653305703483499e-20 1.402375179274199898e-16
3.613787300354978294e-20 1.405503089773344827e-16
3.624955704600285618e-20 1.408640305605772051e-16
3.636158624782204485e-20 1.411786879581504439e-16
3.647396167572185427e-20 1.414942864820093417e-16
3.658668439971347028e-20 1.418108314752571155e-16
3.669975549311494254e-20 1.421283283123378589e-16
3.681317603256141005e-20 1.424467823992288026e-16
3.692694709801535070e-20 1.427661991736372089e-16
3.704106977277687293e-20 1.430865841051987212e-16
3.715554514349370655e-20 1.434079426956732723e-16
3.727037430017278234e-20 1.437302804791496216e-16
3.738555833618877839e-20 1.440536030222454791e-16
3.750109834829545902e-20 1.443779159243080977e-16
3.761699543663700763e-20 1.447032248176277839e-16
3.773325070475668140e-20 1.450295353676355562e-16
3.784986525960855946e-20 1.453568532731158668e-16
3.796684021156774423e-20 1.456851842664208754e-16
3.808417667444095414e-20 1.460145341136731872e-16
3.820187576547713422e-20 1.463449086149874976e-16
3.831993860537807281e-20 1.466763136046818591e-16
3.843836631830910253e-20 1.470087549514966643e-16
3.855716003190976509e-20 1.473422385588112127e-16
3.867632087730427754e-20 1.476767703648642470e-16
3.879584998911352115e-20 1.480123563429791230e-16
3.891574850546399099e-20 1.483490025017858004e-16
3.903601756799986912e-20 1.486867148854454217e-16
3.915665832189326208e-20 1.490254995738777995e-16
3.927767191585639442e-20 1.493653626829961773e-16
3.939905950215063054e-20 1.497063103649275919e-16
3.952082223659870428e-20 1.500483488082576925e-16
3.964296127859542594e-20 1.503914842382591891e-16
3.976547779111870819e-20 1.507357229171263664e-16
3.988837294074065220e-20 1.510810711442212330e-16
4.001164789763865187e-20 1.514275352563076158e-16
4.013530383560651004e-20 1.517751216277946471e-16
4.025934193206566304e-20 1.521238366709854279e-16
4.038376336807602606e-20 1.524736868363169161e-16
4.050856932834856592e-20 1.528246786126135447e-16
4.063376100125461171e-20 1.531768185273343579e-16
4.075933957883815063e-20 1.535301131468251744e-16
4.088530625682816600e-20 1.538845690765784441e-16
4.101166223464805625e-20 1.542401929614796680e-16
4.113840871542836413e-20 1.545969914860756110e-16
4.126554690601790495e-20 1.549549713748260717e-16
4.139307801699525598e-20 1.553141393923751767e-16
4.152100326268028795e-20 1.556745023438093876e-16
4.164932386114572061e-20 1.560360670749265023e-16
4.177804103422874452e-20 1.563988404725057411e-16
4.190715600754260676e-20 1.567628294645742098e-16
4.203667001048833497e-20 1.571280410206881524e-16
4.216658427626605825e-20 1.574944821522003755e-16
4.229690004188815161e-20 1.578621599125459146e-16
4.242761854818894388e-20 1.582310813975117749e-16
4.255874103983754918e-20 1.586012537455257531e-16
4.269026876535077673e-20 1.589726841379454565e-16
4.282220297710292294e-20 1.593453797993325798e-16
4.295454493133911453e-20 1.597193479977509221e-16
4.308729588818687612e-20 1.600945960450566139e-16
4.322045711166817336e-20 1.604711312971896503e-16
4.335402986971142584e-20 1.608489611544709710e-16
4.348801543416358035e-20 1.612280930619020800e-16
4.362241508080222008e-20 1.616085345094625687e-16
4.375723008934772213e-20 1.619902930324191282e-16
4.389246174347508990e-20 1.623733762116219882e-16
4.402811133082758505e-20 1.627577916738271909e-16
4.416418014302684469e-20 1.631435470919933021e-16
4.430066947568628462e-20 1.635306501856004309e-16
4.443758062842447252e-20 1.639191087209695705e-16
4.457491490487536546e-20 1.643089305115739768e-16
4.471267361270217662e-20 1.647001234183657809e-16
4.485085806360943037e-20 1.650926953500961438e-16
4.498946957335548084e-20 1.654866542636436688e-16
4.512850946176502444e-20 1.658820081643385743e-16
4.526797905274169064e-20 1.662787651063034567e-16
4.540787967428061466e-20 1.666769331927757623e-16
4.554821265848110647e-20 1.670765205764553296e-16
4.568897934155932587e-20 1.674775354598356123e-16
4.583018106386062643e-20 1.678799860955508521e-16
4.597181916987382547e-20 1.682838807867224873e-16
4.611389500824176055e-20 1.686892278873011487e-16
4.625640993177524043e-20 1.690960358024222875e-16
4.639936529746706221e-20 1.695043129887597583e-16
4.654276246650269427e-20 1.699140679548813728e-16
4.668660280427469661e-20 1.703253092616046027e-16
4.683088768039538388e-20 1.707380455223675410e-16
4.697561846870987353e-20 1.711522854035869713e-16
4.712079654730911596e-20 1.715680376250280475e-16
4.726642329854307507e-20 1.719853109601803588e-16
4.741250010903386073e-20 1.724041142366265000e-16
4.755902836968892739e-20 1.728244563364206018e-16
4.770600947571394171e-20 1.732463461964713720e-16
4.785344482662762424e-20 1.736697928089271579e-16
4.800133582627273329e-20 1.740948052215577556e-16
4.814968388283099082e-20 1.745213925381457089e-16
4.829849040883570936e-20 1.749495639188832550e-16
4.844775682118682030e-20 1.753793285807663106e-16
4.859748454116199005e-20 1.758106957979917131e-16
4.874767499443173865e-20 1.762436749023651354e-16
4.889832961107262636e-20 1.766782752837025177e-16
4.904944982558085551e-20 1.771145063902459201e-16
4.920103707688593260e-20 1.775523777290703533e-16
4.935309280836439055e-20 1.779918988665014312e-16
4.950561846785349286e-20 1.784330794285390874e-16
4.965861550766506423e-20 1.788759291012783343e-16
4.981208538459886975e-20 1.793204576313323388e-16
4.996602955995814269e-20 1.797666748262729272e-16
5.012044949956106186e-20 1.802145905550518371e-16
5.027534667375588819e-20 1.806642147484483959e-16
5.043072255743623981e-20 1.811155573995080780e-16
5.058657863005265359e-20 1.815686285639809389e-16
5.074291637562831762e-20 1.820234383607789823e-16
5.089973728277279345e-20 1.824799969724233452e-16
5.105704284469618370e-20 1.829383146455026264e-16
5.121483455922335989e-20 1.833984016911288973e-16
5.137311392880822032e-20 1.838602684854063097e-16
5.153188246054798409e-20 1.843239254698959572e-16
5.169114166619756938e-20 1.847893831520858387e-16
5.185089306218352030e-20 1.852566521058632877e-16
5.201113816962019678e-20 1.857257429720087498e-16
5.217187851432167319e-20 1.861966664586604217e-16
5.233311562681796426e-20 1.866694333418079552e-16
5.249485104236878352e-20 1.871440544657889954e-16
5.265708630097982336e-20 1.876205407437818739e-16
5.281982294741488240e-20 1.880989031583010383e-16
5.298306253121229005e-20 1.885791527617020951e-16
5.314680660669920656e-20 1.890613006766934112e-16
5.331105673300644662e-20 1.895453580968444362e-16
5.347581447408330909e-20 1.900313362871019373e-16
5.364108139871248481e-20 1.905192465843173289e-16
5.380685908052497663e-20 1.910091003977597276e-16
5.397314909801509151e-20 1.915009092096561246e-16
5.413995303455504750e-20 1.919946845757184683e-16
5.430727247841176548e-20 1.924904381256902217e-16
5.447510902275939971e-20 1.929881815638768958e-16
5.464346426569581658e-20 1.934879266697045631e-16
5.481233981025909137e-20 1.939896852982676232e-16
5.498173726444018936e-20 1.944934693808828045e-16
5.515165824120002230e-20 1.949992909256560600e-16
5.532210435848430214e-20 1.955071588756060222e-16
5.549307723923905683e-20 1.960170675952411133e-16
5.566457851142600165e-20 1.965290070909163247e-16
5.583660980803806699e-20 1.970429672153862096e-16
5.600917276711493822e-20 1.975589376665280130e-16
5.618226903175866775e-20 1.980769079856241496e-16
5.635590025014932323e-20 1.985968675556391827e-16
5.653006807556019031e-20 1.991188055995069366e-16
5.670477416637538294e-20 1.996427111784295154e-16
5.688002018610286741e-20 2.001685731901500669e-16
5.705580780339167534e-20 2.006963803672677019e-16
5.723213869204920101e-20 2.012261212755292164e-16
5.740901453105430965e-20 2.017577843121366884e-16
5.758643700457526064e-20 2.022913577040493074e-16
5.776440780198518722e-20 2.028268295063099537e-16
5.794292861787825015e-20 2.033641876003509470e-16
5.812200115208575541e-20 2.039034196923277998e-16
5.830162710969231991e-20 2.044445133114412854e-16
5.848180820105214566e-20 2.049874558082778966e-16
5.866254614180525771e-20 2.055322343531433276e-16
5.884384265289338108e-20 2.060788359344165651e-16
5.902569946057828521e-20 2.066272473569016618e-16
5.920811829645526548e-20 2.071774552401832825e-16
5.939110089747160809e-20 2.077294460169993819e-16
5.957464900594216598e-20 2.082832059316049843e-16
5.975876436956782369e-20 2.088387210381729407e-16
5.994344874144932797e-20 2.093959771991639693e-16
6.012870388010583685e-20 2.099549600837300752e-16
6.031453154949120585e-20 2.105156551661245520e-16
6.050093351901080368e-20 2.110780477241150645e-16
6.068791156353832807e-20 2.116421228374023775e-16
6.087546746343274189e-20 2.122078653860574492e-16
6.106360300455518524e-20 2.127752600489604241e-16
6.125231997828599585e-20 2.133442913022572260e-16
6.144162018154129613e-20 2.139149434178140317e-16
6.163150541679204787e-20 2.144872004617005385e-16
6.182197749207826801e-20 2.150610462926612496e-16
6.201303822102769809e-20 2.156364645606191042e-16
6.220468942287461821e-20 2.162134387051784656e-16
6.239693292247411094e-20 2.167919519541445283e-16
6.258977055032151321e-20 2.173719873220470384e-16
6.278320414256929227e-20 2.179535276086920929e-16
6.297723554104451147e-20 2.185365553977079737e-16
6.317186659326644049e-20 2.191210530551230526e-16
6.336709915246408127e-20 2.197070027279413801e-16
6.356293507759385050e-20 2.202943863427387101e-16
6.375937623335723797e-20 2.208831856042786654e-16
6.395642449021811585e-20 2.214733819941203732e-16
6.415408172442253967e-20 2.220649567692893829e-16
6.435234981801356596e-20 2.226578909608998708e-16
6.455123065885120968e-20 2.232521653728457230e-16
6.475072614062940442e-20 2.238477605804732764e-16
6.495083816289610434e-20 2.244446569293052382e-16
6.515156863106824622e-20 2.250428345337402977e-16
6.535291945645195968e-20 2.256422732758002671e-16
6.555489255626028572e-20 2.262429528038803782e-16
6.575748985363141291e-20 2.268448525315287667e-16
6.596071327764697369e-20 2.274479516362368030e-16
6.616456476335041295e-20 2.280522290582431300e-16
6.636904625176545287e-20 2.286576634993747278e-16
6.657415968991450961e-20 2.292642334218834916e-16
6.677990703083676099e-20 2.298719170473238308e-16
6.698629023360887425e-20 2.304806923554478198e-16
6.719331126336038945e-20 2.310905370830999055e-16
6.740097209129408620e-20 2.317014287231638762e-16
6.760927469470639846e-20 2.323133445235137757e-16
6.781822105700290628e-20 2.329262614859853762e-16
6.802781316771950898e-20 2.335401563653802908e-16
6.823805302254070946e-20 2.341550056684860112e-16
6.844894262331871701e-20 2.347707856531202025e-16
6.866048397809241769e-20 2.353874723272033974e-16
6.887267910110656145e-20 2.360050414478513130e-16
6.908553001283093718e-20 2.366234685204919675e-16
6.929903873997954769e-20 2.372427287980146473e-16
6.951320731552942368e-20 2.378627972799297702e-16
6.972803777874220619e-20 2.384836487115833768e-16
6.994353217518014386e-20 2.391052575833559935e-16
7.015969255672786795e-20 2.397275981299294350e-16
7.037652098161082110e-20 2.403506443295587848e-16
7.059401951441704442e-20 2.409743699033780000e-16
7.081219022611352381e-20 2.415987483147332749e-16
7.103103519406810944e-20 2.422237527685445070e-16
7.125055650206873897e-20 2.428493562107004874e-16
7.147075624034333476e-20 2.434755313274793348e-16
7.169163650557964102e-20 2.441022505449991519e-16
7.191319940094520528e-20 2.447294860287064005e-16
7.213544703610743214e-20 2.453572096828832573e-16
7.235838152725362499e-20 2.459853951038780623e-16
7.258200499711059440e-20 2.466140343541031646e-16
7.280631957496719148e-20 2.472431298558650337e-16
7.303132739669107549e-20 2.478726841975311775e-16
7.325703060475076578e-20 2.485027000232504446e-16
7.348343134823789830e-20 2.491331800331449639e-16
7.371053178288406543e-20 2.497641269834669804e-16
7.393833407108374660e-20 2.503955436867821661e-16
7.416684038191431391e-20 2.510274330121404583e-16
7.439605289115663954e-20 2.516597978852539473e-16
7.462597378131587174e-20 2.522926412886713137e-16
7.485660524164215060e-20 2.529259662619471372e-16
7.508794946815154055e-20 2.535597759018195878e-16
7.532000866364685439e-20 2.541940733623909765e-16
7.555278503773867009e-20 2.548288618552911969e-16
7.578628080686574559e-20 2.554641446498564026e-16
7.602049819431859942e-20 2.560999250733149319e-16
7.625543943025698853e-20 2.567362065109442415e-16
7.649110675173292312e-20 2.573729924062589514e-16
7.672750240271393432e-20 2.580102862611828167e-16
7.696462863410063624e-20 2.586480916362264676e-16
7.720248770375069175e-20 2.592864121506578034e-16
7.744108187649964867e-20 2.599252514826840716e-16
7.768041342418253423e-20 2.605646133696245789e-16
7.792048462565547364e-20 2.612045016080951371e-16
7.816129776681740497e-20 2.618449200541707160e-16
7.840285514063184211e-20 2.624858726235833982e-16
7.864515904714864987e-20 2.631273632918781302e-16
7.888821179352540975e-20 2.637693960946098878e-16
7.913201569405186717e-20 2.644119751275152046e-16
7.937657307016816770e-20 2.650551045466877424e-16
7.962188625048947276e-20 2.656987885687638707e-16
7.986795757082690420e-20 2.663430314710991257e-16
8.011478937421235261e-20 2.669878375919550215e-16
8.036238401091689406e-20 2.676332113306728466e-16
8.061074383847575497e-20 2.682791571478651598e-16
8.085987122171013529e-20 2.689256795655852966e-16
8.110976853274966965e-20 2.695727831675200485e-16
8.136043815105512931e-20 2.702204725991775599e-16
8.161188246344093139e-20 2.708687525680602362e-16
8.186410386409799732e-20 2.715176278438562896e-16
8.211710475461645467e-20 2.721671032586309882e-16
8.237088754400788173e-20 2.728171837069986280e-16
8.262545464873091026e-20 2.734678741463308902e-16
8.288080849271025612e-20 2.741191795969224534e-16
8.313695150736169617e-20 2.747711051422012246e-16
8.339388613161740629e-20 2.754236559289031211e-16
8.365161481194499198e-20 2.760768371672725404e-16
8.391014000237353654e-20 2.767306541312448820e-16
8.416946416451633910e-20 2.773851121586506659e-16
8.442958976759429059e-20 2.780402166514037249e-16
8.469051928845938211e-20 2.786959730756881154e-16
8.495225521161833373e-20 2.793523869621714054e-16
8.521480002925624723e-20 2.800094639061879868e-16
8.547815624126028310e-20 2.806672095679388534e-16
8.574232635524281977e-20 2.813256296726924654e-16
8.600731288656810371e-20 2.819847300109910857e-16
8.627311835837201427e-20 2.826445164388398102e-16
8.653974530158888226e-20 2.833049948779173915e-16
8.680719625497415571e-20 2.839661713157755739e-16
8.707547376513145926e-20 2.846280518060502122e-16
8.734458038653253947e-20 2.852906424686593253e-16
8.761451868154445663e-20 2.859539494900207725e-16
8.788529122045327365e-20 2.866179791232446367e-16
8.815690058148849132e-20 2.872827376883618958e-16
8.842934935084764000e-20 2.879482315725276034e-16
8.870264012272089545e-20 2.886144672302278663e-16
8.897677549931576681e-20 2.892814511835084171e-16
8.925175809088189298e-20 2.899491900221719770e-16
8.952759051573511671e-20 2.906176904040162455e-16
8.980427540028543469e-20 2.912869590550384618e-16
9.008181537905750868e-20 2.919570027696596882e-16
9.036021309471802575e-20 2.926278284109428307e-16
9.063947119810302246e-20 2.932994429108266850e-16
9.091959234823875704e-20 2.939718532703448942e-16
9.120057921236990029e-20 2.946450665598488024e-16
9.148243446598427164e-20 2.953190899192424362e-16
9.176516079283826152e-20 2.959939305582085631e-16
9.204876088498242207e-20 2.966695957564473706e-16
9.233323744278707005e-20 2.973460928639019827e-16
9.261859317496802201e-20 2.980234293010026608e-16
9.290483079861236570e-20 2.987016125588939963e-16
9.319195303920435172e-20 2.993806501996894163e-16
9.347996263065057514e-20 3.000605498566975871e-16
9.376886231530905696e-20 3.007413192346748494e-16
9.405865484401075440e-20 3.014229661100659692e-16
9.434934297608808871e-20 3.021054983312584461e-16
9.464092947940348505e-20 3.027889238188255326e-16
9.493341713037115956e-20 3.034732505657779294e-16
9.522680871398656204e-20 3.041584866378239620e-16
9.552110702385220746e-20 3.048446401736170856e-16
9.581631486220419363e-20 3.055317193850205972e-16
9.611243503993895957e-20 3.062197325573655933e-16
9.640947037664000780e-20 3.069086880497138575e-16
9.670742370060474698e-20 3.075985942951228690e-16
9.700629784887144289e-20 3.082894598009107112e-16
9.730609566724542315e-20 3.089812931489304481e-16
9.760682001032937444e-20 3.096741029958418371e-16
9.790847374154571945e-20 3.103678980733817113e-16
9.821105973316710676e-20 3.110626871886409189e-16
9.851458086634209789e-20 3.117584792243459960e-16
9.881904003112588592e-20 3.124552831391478892e-16
9.912444012650296126e-20 3.131531079678932752e-16
9.943078406041789041e-20 3.138519628219206790e-16
9.973807474980227903e-20 3.145518568893459921e-16
1.000463151206024812e-19 3.152527994353616484e-16
1.003555081078075013e-19 3.159547998025232762e-16
1.006656566554769080e-19 3.166578674110564176e-16
1.009767637167688808e-19 3.173620117591487023e-16
1.012888322539683403e-19 3.180672424232579475e-16
1.016018652385143207e-19 3.187735690584233634e-16
1.019158656510315549e-19 3.194810013985705957e-16
1.022308364813538988e-19 3.201895492568174589e-16
1.025467807285553146e-19 3.208992225258005735e-16
1.028637014009808664e-19 3.216100311779941157e-16
1.031816015162704207e-19 3.223219852660177684e-16
1.035004841013906777e-19 3.230350949229749456e-16
1.038203521926631688e-19 3.237493703627761762e-16
1.041412088357932186e-19 3.244648218804702774e-16
1.044630570858988328e-19 3.251814598525806559e-16
1.047859000075398892e-19 3.258992947374341155e-16
1.051097406747472905e-19 3.266183370755151537e-16
1.054345821710522031e-19 3.273385974897987626e-16
1.057604275895146082e-19 3.280600866861075365e-16
1.060872800327561518e-19 3.287828154534531990e-16
1.064151426129845313e-19 3.295067946644005643e-16
1.067440184520266213e-19 3.302320352754163610e-16
1.070739106813563642e-19 3.309585483272353132e-16
1.074048224421281964e-19 3.316863449452326801e-16
1.077367568852016282e-19 3.324154363397765807e-16
1.080697171711747792e-19 3.331458338066194665e-16
1.084037064704136164e-19 3.338775487272555244e-16
1.087387279630820704e-19 3.346105925693149593e-16
1.090747848391724055e-19 3.353449768869456549e-16
1.094118802985355529e-19 3.360807133211937007e-16
1.097500175509115283e-19 3.368178136004025060e-16
1.100891998159600901e-19 3.375562895406058500e-16
1.104294303232904716e-19 3.382961530459275383e-16
1.107707123124956375e-19 3.390374161089855465e-16
1.111130490331778756e-19 3.397800908112992695e-16
1.114564437449823077e-19 3.405241893236971158e-16
1.118008997176307374e-19 3.412697239067495433e-16
1.121464202309473136e-19 3.420167069111649686e-16
1.124930085748933899e-19 3.427651507782318249e-16
1.128406680495979055e-19 3.435150680402448428e-16
1.131894019653888750e-19 3.442664713209289644e-16
1.135392136428248767e-19 3.450193733358940231e-16
1.138901064127266381e-19 3.457737868930578194e-16
1.142420836162088380e-19 3.465297248931097739e-16
1.145951486047118116e-19 3.472872003299502246e-16
1.149493047400326308e-19 3.480462262911540298e-16
1.153045553943607336e-19 3.488068159584335318e-16
1.156609039503045741e-19 3.495689826080867278e-16
1.160183538009274448e-19 3.503327396114924775e-16
1.163769083497779306e-19 3.510981004355630630e-16
1.167365710109261884e-19 3.518650786432416639e-16
1.170973452089906450e-19 3.526336878939771038e-16
1.174592343791744700e-19 3.534039419442164938e-16
1.178222419672973530e-19 3.541758546478999964e-16
1.181863714298282449e-19 3.549494399569584488e-16
1.185516262339183150e-19 3.557247119218233119e-16
1.189180098574340051e-19 3.565016846919348943e-16
1.192855257889900351e-19 3.572803725162601898e-16
1.196541775279826971e-19 3.580607897438040106e-16
1.200239685846222355e-19 3.588429508241501941e-16
1.203949024799700416e-19 3.596268703079835344e-16
1.207669827459665069e-19 3.604125628476292631e-16
1.211402129254673755e-19 3.612000431975934696e-16
1.215145965722806014e-19 3.619893262151164861e-16
1.218901372511942261e-19 3.627804268607295282e-16
1.222668385380141754e-19 3.635733601987964938e-16
1.226447040195975056e-19 3.643681413981026019e-16
1.230237372938863237e-19 3.651647857324152724e-16
1.234039419699423101e-19 3.659633085810565432e-16
1.237853216679808073e-19 3.667637254294885530e-16
1.241678800194055588e-19 3.675660518699184992e-16
1.245516206668430392e-19 3.683703036018678006e-16
1.249365472641773129e-19 3.691764964327945584e-16
1.253226634765837626e-19 3.699846462786851524e-16
1.257099729805680408e-19 3.707947691646870058e-16
1.260984794639949348e-19 3.716068812257098458e-16
1.264881866261265966e-19 3.724209987070606864e-16
1.268790981776608203e-19 3.732371379650845323e-16
1.272712178407602444e-19 3.740553154677881206e-16
1.276645493490918575e-19 3.748755477954942321e-16
1.280590964478614961e-19 3.756978516414996504e-16
1.284548628938496433e-19 3.765222438127240985e-16
1.288518524554470099e-19 3.773487412303846167e-16
1.292500689126905737e-19 3.781773609306688055e-16
1.296495160572994981e-19 3.790081200654068369e-16
1.300501976927112429e-19 3.798410359027638769e-16
1.304521176341167131e-19 3.806761258279398051e-16
1.308552797085008715e-19 3.815134073438623769e-16
1.312596877546727592e-19 3.823528980718984312e-16
1.316653456233063255e-19 3.831946157525669709e-16
1.320722571769749259e-19 3.840385782462677749e-16
1.324804262901924651e-19 3.848848035340119325e-16
1.328898568494437540e-19 3.857333097181517861e-16
1.333005527532258695e-19 3.865841150231347867e-16
1.337125179120841931e-19 3.874372377962539963e-16
1.341257562486496780e-19 3.882926965084091904e-16
1.345402716976760674e-19 3.891505097548727442e-16
1.349560682060775224e-19 3.900106947542961799e-16
1.353731497329661538e-19 3.908732598467423061e-16
1.357915202496896496e-19 3.917382100742161407e-16
1.362111837398680366e-19 3.926055504777606366e-16
1.366321441994361225e-19 3.934752861027337667e-16
1.370544056366747208e-19 3.943474219987423083e-16
1.374779720722522260e-19 3.952219632196007740e-16
1.379028475392663589e-19 3.960989148232788035e-16
1.383290360832756550e-19 3.969782818718479164e-16
1.387565417623425813e-19 3.978600694314138667e-16
1.391853686470711165e-19 3.987442825720824757e-16
1.396155208206453413e-19 3.996309263678998261e-16
1.400470023788684867e-19 4.005200058967830400e-16
1.404798174302017657e-19 4.014115262404881815e-16
1.409139700958036865e-19 4.023054924845402457e-16
1.413494645095691486e-19 4.032019097181717261e-16
1.417863048181676483e-19 4.041007830342859816e-16
1.422244951810875035e-19 4.050021175293864860e-16
1.426640397706684012e-19 4.059059183035194380e-16
1.431049427721458146e-19 4.068121904602191327e-16
1.435472083836884865e-19 4.077209391064469236e-16
1.439908408164431832e-19 4.086321693525503988e-16
1.444358442945675796e-19 4.095458863121697039e-16
1.448822230552753739e-19 4.104620951022158485e-16
1.453299813488753363e-19 4.113808008427822549e-16
1.457791234388117774e-19 4.123020086571018144e-16
1.462296536017052333e-19 4.132257236714749537e-16
1.466815761273931028e-19 4.141519510152260493e-16
1.471348953189705015e-19 4.150806958206159144e-16
1.475896154928312837e-19 4.160119632228061511e-16
1.480457409787078612e-19 4.169457583597734613e-16
1.485032761197173773e-19 4.178820863722767114e-16
1.489622252723956757e-19 4.188209524037579793e-16
1.494225928067425116e-19 4.197623616003059715e-16
1.498843831062667143e-19 4.207063191105800455e-16
1.503476005680207344e-19 4.216528300857547927e-16
1.508122496026472986e-19 4.226018996794402644e-16
1.512783346344202162e-19 4.235535330476315344e-16
1.517458601012865560e-19 4.245077353486341020e-16
1.522148304549088251e-19 4.254645117430035939e-16
1.526852501607073146e-19 4.264238673934703289e-16
1.531571236979028316e-19 4.273858074648869574e-16
1.536304555595590694e-19 4.283503371241463215e-16
1.541052502526244002e-19 4.293174615401159300e-16
1.545815122979795662e-19 4.302871858835852033e-16
1.550592462304733812e-19 4.312595153271720922e-16
1.555384565989708549e-19 4.322344550452687448e-16
1.560191479663939746e-19 4.332120102139690303e-16
1.565013249097702384e-19 4.341921860110072048e-16
1.569849920202686462e-19 4.351749876156658609e-16
1.574701539032484496e-19 4.361604202087201164e-16
1.579568151783017875e-19 4.371484889723626719e-16
1.584449804792975970e-19 4.381391990901350323e-16
1.589346544544257894e-19 4.391325557468518254e-16
1.594258417662415711e-19 4.401285641285244303e-16
1.599185470917096431e-19 4.411272294222909167e-16
1.604127751222489793e-19 4.421285568163448008e-16
1.609085305637759670e-19 4.431325514998514263e-16
1.614058181367546501e-19 4.441392186628919057e-16
1.619046425762336341e-19 4.451485634963590399e-16
1.624050086318952219e-19 4.461605911919071275e-16
1.629069210681045969e-19 4.471753069418691336e-16
1.634103846639472104e-19 4.481927159391667110e-16
1.639154042132795295e-19 4.492128233772493589e-16
1.644219845247735265e-19 4.502356344500067610e-16
1.649301304219623231e-19 4.512611543516969004e-16
1.654398467432861721e-19 4.522893882768577072e-16
1.659511383421385113e-19 4.533203414202434565e-16
1.664640100869121856e-19 4.543540189767263583e-16
1.669784668610457658e-19 4.553904261412350261e-16
1.674945135630701802e-19 4.564295681086580386e-16
1.680121551066537811e-19 4.574714500737623914e-16
1.685313964206547785e-19 4.585160772311374878e-16
1.690522424491598550e-19 4.595634547750776971e-16
1.695746981515354435e-19 4.606135878995187527e-16
1.700987685024790052e-19 4.616664817979513717e-16
1.706244584920581019e-19 4.627221416633472012e-16
1.711517731257635276e-19 4.637805726880451226e-16
1.716807174245555307e-19 4.648417800637059918e-16
1.722112964249116014e-19 4.659057689811942109e-16
1.727435151788744993e-19 4.669725446305119570e-16
1.732773787541003054e-19 4.680421122007030398e-16
1.738128922339066429e-19 4.691144768797722406e-16
1.743500607173211620e-19 4.701896438545919309e-16
1.748888893191286291e-19 4.712676183108174670e-16
1.754293831699252622e-19 4.723484054328015986e-16
1.759715474161591994e-19 4.734320104035030596e-16
1.765153872201849787e-19 4.745184384043934826e-16
1.770609077603100731e-19 4.756076946153671726e-16
1.776081142308497076e-19 4.766997842146646864e-16
1.781570118421679055e-19 4.777947123787681115e-16
1.787076058207327145e-19 4.788924842823062048e-16
1.792599014091645474e-19 4.799931050979760006e-16
1.798139038662861601e-19 4.810965799964400604e-16
1.803696184671726775e-19 4.822029141462401923e-16
1.809270505032018606e-19 4.833121127137005187e-16
1.814862052821044209e-19 4.844241808628230517e-16
1.820470881280146728e-19 4.855391237552204420e-16
1.826097043815195966e-19 4.866569465499899589e-16
1.831740593997157736e-19 4.877776544036383510e-16
1.837401585562513714e-19 4.889012524699750544e-16
1.843080072413818275e-19 4.900277459000192055e-16
1.848776108620256292e-19 4.911571398419091191e-16
1.854489748418068761e-19 4.922894394407901719e-16
1.860221046211128418e-19 4.934246498387237875e-16
1.865970056571443369e-19 4.945627761745883358e-16
1.871736834239675887e-19 4.957038235839793418e-16
1.877521434125664578e-19 4.968477971991168936e-16
1.883323911308946791e-19 4.979947021487339194e-16
1.889144321039283194e-19 4.991445435579650572e-16
1.894982718737183552e-19 5.002973265482834470e-16
1.900839159994419025e-19 5.014530562373453254e-16
1.906713700574613907e-19 5.026117377389510752e-16
1.912606396413683298e-19 5.037733761628747337e-16
1.918517303620427492e-19 5.049379766148092643e-16
1.924446478477035366e-19 5.061055441962268306e-16
1.930393977439683104e-19 5.072760840043236740e-16
1.936359857138976683e-19 5.084496011318464661e-16
1.942344174380555886e-19 5.096261006670433991e-16
1.948346986145617438e-19 5.108055876935326433e-16
1.954368349591458116e-19 5.119880672901911180e-16
1.960408322052019790e-19 5.131735445310612081e-16
1.966466961038434696e-19 5.143620244852350979e-16
1.972544324239573129e-19 5.155535122167385125e-16
1.978640469522592570e-19 5.167480127844430558e-16
1.984755454933472854e-19 5.179455312419193833e-16
1.990889338697633190e-19 5.191460726373706426e-16
1.997042179220390054e-19 5.203496420134880129e-16
2.003214035087561203e-19 5.215562444073464766e-16
2.009404965066072587e-19 5.227658848503068038e-16
2.015615028104420574e-19 5.239785683678843050e-16
2.021844283333298114e-19 5.251942999796461811e-16
2.028092790066140984e-19 5.264130846990865872e-16
2.034360607799693767e-19 5.276349275335263489e-16
2.040647796214574877e-19 5.288598334839905899e-16
2.046954415175846149e-19 5.300878075450887271e-16
2.053280524733582432e-19 5.313188547049059029e-16
2.059626185123442390e-19 5.325529799448742044e-16
2.065991456767243871e-19 5.337901882396744496e-16
2.072376400273520743e-19 5.350304845570907415e-16
2.078781076438168320e-19 5.362738738579265531e-16
2.085205546244920992e-19 5.375203610958543503e-16
2.091649870865982969e-19 5.387699512173035744e-16
2.098114111662662394e-19 5.400226491613590756e-16
2.104598330185853063e-19 5.412784598596052146e-16
2.111102588176689003e-19 5.425373882360354396e-16
2.117626947567114787e-19 5.437994392069175879e-16
2.124171470480475831e-19 5.450646176806677672e-16
2.130736219232109658e-19 5.463329285577303499e-16
2.137321256329939079e-19 5.476043767304577703e-16
2.143926644475067790e-19 5.488789670829821379e-16
2.150552446562376930e-19 5.501567044910815248e-16
2.157198725681106708e-19 5.514375938220705122e-16
2.163865545115527112e-19 5.527216399346650969e-16
2.170552968345436000e-19 5.540088476788519386e-16
2.177261059046831974e-19 5.552992218957687481e-16
2.183989881092487099e-19 5.565927674175637718e-16
2.190739498552625319e-19 5.578894890672826888e-16
2.197509975695426321e-19 5.591893916587353919e-16
2.204301376987708283e-19 5.604924799963459069e-16
2.211113767095523464e-19 5.617987588750532919e-16
2.217947210884775466e-19 5.631082330801567246e-16
2.224801773421834569e-19 5.644209073871950040e-16
2.231677519974159806e-19 5.657367865618027805e-16
2.238574516010918149e-19 5.670558753595927198e-16
2.245492827203609955e-19 5.683781785260138034e-16
2.252432519426674190e-19 5.697037007962095315e-16
2.259393658758190429e-19 5.710324468949062000e-16
2.266376311480395972e-19 5.723644215362417181e-16
2.273380544080374357e-19 5.736996294236613795e-16
2.280406423250743407e-19 5.750380752497730086e-16
2.287454015890176669e-19 5.763797636961933292e-16
2.294523389104118900e-19 5.777246994334260857e-16
2.301614610205402361e-19 5.790728871207235981e-16
2.308727746714890567e-19 5.804243314059431891e-16
2.315862866362120094e-19 5.817790369253991743e-16
2.323020037085944327e-19 5.831370083037470969e-16
2.330199327035182976e-19 5.844982501538054446e-16
2.337400804569269192e-19 5.858627670764425476e-16
2.344624538258881753e-19 5.872305636604308355e-16
2.351870596886673544e-19 5.886016444823029697e-16
2.359139049447814672e-19 5.899760141061967331e-16
2.366429965150721429e-19 5.913536770837139226e-16
2.373743413417681258e-19 5.927346379537846654e-16
2.381079463885587976e-19 5.941189012425344955e-16
2.388438186406490661e-19 5.955064714630959149e-16
2.395819651048335141e-19 5.968973531154913462e-16
2.403223928095612064e-19 5.982915506864985332e-16
2.410651088050026645e-19 5.996890686494688069e-16
2.418101201631168402e-19 6.010899114641997836e-16
2.425574339777187163e-19 6.024940835767900168e-16
2.433070573645466177e-19 6.039015894194729421e-16
2.440589974613300038e-19 6.053124334104699517e-16
2.448132614278555284e-19 6.067266199538527388e-16
2.455698564460432100e-19 6.081441534393869051e-16
2.463287897200026689e-19 6.095650382423631450e-16
2.470900684761079014e-19 6.109892787234606741e-16
2.478536999630719580e-19 6.124168792285990218e-16
2.486196914520040468e-19 6.138478440887612280e-16
2.493880502364866675e-19 6.152821776198615114e-16
2.501587836326432592e-19 6.167198841225809896e-16
2.509318989792076306e-19 6.181609667391292542e-16
2.517074036375939190e-19 6.196054215038071812e-16
2.524853049919667426e-19 6.210532416492802830e-16
2.532656104493114489e-19 6.225044202842546390e-16
2.540483274395047475e-19 6.239589503980702350e-16
2.548334634153831297e-19 6.254168248599380361e-16
2.556210258528224087e-19 6.268780364181951051e-16
2.564110222507964126e-19 6.283425776995466058e-16
2.572034601314564290e-19 6.298104412082986352e-16
2.579983470401989978e-19 6.312816193256313876e-16
2.587956905457459333e-19 6.327561043088367197e-16
2.595954982402039320e-19 6.342338882905513785e-16
2.603977777391450764e-19 6.357149632780083719e-16
2.612025366816774205e-19 6.371993211522976089e-16
2.620097827305176932e-19 6.386869536675998172e-16
2.628195235720642434e-19 6.401778524504433374e-16
2.636317669164701286e-19 6.416720089989434639e-16
2.644465204977167822e-19 6.431694146820554926e-16
2.652637920736873429e-19 6.446700607388328952e-16
2.660835894262385883e-19 6.461739382776451641e-16
2.669059203612836055e-19 6.476810382754831215e-16
2.677307927088530837e-19 6.491913515771501401e-16
2.685582143231764922e-19 6.507048688945549288e-16
2.693881930827633067e-19 6.522215808059506768e-16
2.702207368904649277e-19 6.537414777551828744e-16
2.710558536735586990e-19 6.552645500509438397e-16
2.718935513838212381e-19 6.567907878660507135e-16
2.727338379976041247e-19 6.583201812366594581e-16
2.735767215159097825e-19 6.598527200615589253e-16
2.744222099644677462e-19 6.613883941014150292e-16
2.752703113938110725e-19 6.629271929780250753e-16
2.761210338793529922e-19 6.644691061735823448e-16
2.769743855214637068e-19 6.660141230299378199e-16
2.778303744455454996e-19 6.675622327478678243e-16
2.786890088021187768e-19 6.691134243863282545e-16
2.795502967668864895e-19 6.706676868617295178e-16
2.804142465408184898e-19 6.722250089471896779e-16
2.812808663502365606e-19 6.737853792718308903e-16
2.821501644468791747e-19 6.753487863200066136e-16
2.830221491079889322e-19 6.769152184306068209e-16
2.838968286363893088e-19 6.784846637963309655e-16
2.847742113605636190e-19 6.800571104629442827e-16
2.856543056347343642e-19 6.816325463285636728e-16
2.865371198389427740e-19 6.832109591429368800e-16
2.874226623791285392e-19 6.847923365067274885e-16
2.883109416872099790e-19 6.863766658707881843e-16
2.892019662211617039e-19 6.879639345354453569e-16
2.900957444651049420e-19 6.895541296498048032e-16
2.909922849293739835e-19 6.911472382110270602e-16
2.918915961506065549e-19 6.927432470635931725e-16
2.927936866918205193e-19 6.943421428986422468e-16
2.936985651425049247e-19 6.959439122532532919e-16
2.946062401186874114e-19 6.975485415097282436e-16
2.955167202630258382e-19 6.991560168948972735e-16
2.964300142448882568e-19 7.007663244794375092e-16
2.973461307604352451e-19 7.023794501771689758e-16
2.982650785327029631e-19 7.039953797443527071e-16
2.991868663116860638e-19 7.056140987790279053e-16
3.001115028744210866e-19 7.072355927202952603e-16
3.010389970250699459e-19 7.088598468476597309e-16
3.019693575950013016e-19 7.104868462803302324e-16
3.029025934428846411e-19 7.121165759765731662e-16
3.038387134547597089e-19 7.137490207329979082e-16
3.047777265441284696e-19 7.153841651839064922e-16
3.057196416520476012e-19 7.170219938006418129e-16
3.066644677471985982e-19 7.186624908908975705e-16
3.076122138259831058e-19 7.203056405980680518e-16
3.085628889126062641e-19 7.219514269005961366e-16
3.095165020591623159e-19 7.235998336113089782e-16
3.104730623457211772e-19 7.252508443767733071e-16
3.114325788804145744e-19 7.269044426766541854e-16
3.123950607995229518e-19 7.285606118230618300e-16
3.133605172675623794e-19 7.302193349599177630e-16
3.143289574773693417e-19 7.318805950623204689e-16
3.153003906501984309e-19 7.335443749359188418e-16
3.162748260357948576e-19 7.352106572162805048e-16
3.172522729124926257e-19 7.368794243682638773e-16
3.182327405872979245e-19 7.385506586853991157e-16
3.192162383959879777e-19 7.402243422892949890e-16
3.202027757031844208e-19 7.419004571289975350e-16
3.211923619024528240e-19 7.435789849804154735e-16
3.221850064163895995e-19 7.452599074456885260e-16
3.231807186967116052e-19 7.469432059526163788e-16
3.241795082243463269e-19 7.486288617540515564e-16
3.251813845095219633e-19 7.503168559273174391e-16
3.261863570918580411e-19 7.520071693736317040e-16
3.271944355404563669e-19 7.536997828175233575e-16
3.282056294539892352e-19 7.553946768062443429e-16
3.292199484608017429e-19 7.570918317092399194e-16
3.302374022189873824e-19 7.587912277175597773e-16
3.312580004164877564e-19 7.604928448432902554e-16
3.322817527711933527e-19 7.621966629190460185e-16
3.333086690310195694e-19 7.639026615973751582e-16
3.343387589740104271e-19 7.656108203502508701e-16
3.353720324084290870e-19 7.673211184685150115e-16
3.364084991728509218e-19 7.690335350613753005e-16
3.374481691362576454e-19 7.707480490558490715e-16
3.384910521981308167e-19 7.724646391962729972e-16
3.395371582885464995e-19 7.741832840437792854e-16
3.405864973682695843e-19 7.759039619757793694e-16
3.416390794288486888e-19 7.776266542921467154e-16
3.426949144927084582e-19 7.793514300298479049e-16
3.437540126132563580e-19 7.810784570862769135e-16
3.448163838749612515e-19 7.828079100216576588e-16
3.458820383934583156e-19 7.845399649404400458e-16
3.469509863156533291e-19 7.862747994969483098e-16
3.480232378198026475e-19 7.880125929014176758e-16
3.490988031156213921e-19 7.897535259264304773e-16
3.501776924443777720e-19 7.914977809138049832e-16
3.512599160789905846e-19 7.932455417818389150e-16
3.523454843241271010e-19 7.949969940330403834e-16
3.534344075163011440e-19 7.967523247622489145e-16
3.545266960239715030e-19 7.985117226652003103e-16
3.556223602476406861e-19 8.002753780475502315e-16
3.567214106199510240e-19 8.020434828343086778e-16
3.578238576057956517e-19 8.038162305798274602e-16
3.589297117024006977e-19 8.055938164781014425e-16
3.600389834394339543e-19 8.073764373736538356e-16
3.611516833791139339e-19 8.091642917728804120e-16
3.622678221162927795e-19 8.109575798558297625e-16
3.633874102785691251e-19 8.127565034885205708e-16
3.645104585263859804e-19 8.145612662357247097e-16
3.656369775531325644e-19 8.163720733742725640e-16
3.667669780852459952e-19 8.181891319068681537e-16
3.679004708823133632e-19 8.200126505763988741e-16
3.690374667371742879e-19 8.218428398808165677e-16
3.701779764760236655e-19 8.236799120884986183e-16
3.713220109585146585e-19 8.255240812541601629e-16
3.724695810778592288e-19 8.273755632353660349e-16
3.736206977609438386e-19 8.292345757095277587e-16
3.747753719684153461e-19 8.311013381914861745e-16
3.759336146947945395e-19 8.329760720516940903e-16
3.770954369685898633e-19 8.348590005349425583e-16
3.782608498523842291e-19 8.367503487796842195e-16
3.794298644429524498e-19 8.386503438379357719e-16
3.806024918713638911e-19 8.405592146958467290e-16
3.817787433030884942e-19 8.424771922947807421e-16
3.829586299381030872e-19 8.444045095531052201e-16
3.841421630109980333e-19 8.463414013885574097e-16
3.853293537910841683e-19 8.482881047412779504e-16
3.865202135824999782e-19 8.502448585974619109e-16
3.877147537243164666e-19 8.522119040137140804e-16
3.889129855906572359e-19 8.541894841420103026e-16
3.901149205907883324e-19 8.561778442553828855e-16
3.913205701692391944e-19 8.581772317742534686e-16
3.925299458059053044e-19 8.601878962935057430e-16
3.937430590161704374e-19 8.622100896102251537e-16
3.949599213509970354e-19 8.642440657521676076e-16
3.961805443970488886e-19 8.662900810069414106e-16
3.974049397767984106e-19 8.683483939519633728e-16
3.986331191486373301e-19 8.704192654851195645e-16
3.998650942069874811e-19 8.725029588562154247e-16
4.011008766824123617e-19 8.745997396991785433e-16
4.023404783417286936e-19 8.767098760650364972e-16
4.035839109881186562e-19 8.788336384557314726e-16
4.048311864612387493e-19 8.809712998586673430e-16
4.060823166373457971e-19 8.831231357821730099e-16
4.073373134293903561e-19 8.852894242916852834e-16
4.085961887871398780e-19 8.874704460468679431e-16
4.098589546973024510e-19 8.896664843395380010e-16
4.111256231836212181e-19 8.918778251324611906e-16
4.123962063070019705e-19 8.941047570990756494e-16
4.136707161656246585e-19 8.963475716640426236e-16
4.149491648950586585e-19 8.986065630447858124e-16
4.162315646683783289e-19 9.008820282191528043e-16
4.175179276962789512e-19 9.031741800007672441e-16
4.188082662271927670e-19 9.054829776928417120e-16
4.201025925474059782e-19 9.078083333824047789e-16
4.214009189811719921e-19 9.101501580914774340e-16
4.227032578908425769e-19 9.125083617498747389e-16
4.240096216769651693e-19 9.148828531680818311e-16
4.253200227784143675e-19 9.172735400101890923e-16
4.266344736725036352e-19 9.196803287668746491e-16
4.279529868751181424e-19 9.221031247284633918e-16
4.292755749408126989e-19 9.245418319579688370e-16
4.306022504629456549e-19 9.269963532643093271e-16
4.319330260737949382e-19 9.294665901754804490e-16
4.332679144446786653e-19 9.319524429118757580e-16
4.346069282860755122e-19 9.344538103596059246e-16
4.359500803477459517e-19 9.369705900439366045e-16
4.372973834188535869e-19 9.395026781027622013e-16
4.386488503280868221e-19 9.420499692602127505e-16
4.400044939437774996e-19 9.446123568002284598e-16
4.413643271740380264e-19 9.471897325403939810e-16
4.427283629668622925e-19 9.497819868056586930e-16
4.440966143102599087e-19 9.523890084022593265e-16
4.454690942323910211e-19 9.550106845917597349e-16
4.468458158016680972e-19 9.576469010650817906e-16
4.482267921268953624e-19 9.602975419167407934e-16
4.496120363573897494e-19 9.629624896190984309e-16
4.510015616831060826e-19 9.656416249968040798e-16
4.523953813347627458e-19 9.683348272012656894e-16
4.537935085839675413e-19 9.710419736853125550e-16
4.551959567433443202e-19 9.737629401779306671e-16
4.566027391666596116e-19 9.764976006591294060e-16
4.580138692489494460e-19 9.792458273349527945e-16
4.594293604266437697e-19 9.820074906126238714e-16
4.608492261777087710e-19 9.847824590758235659e-16
4.622734800217532884e-19 9.875705994600776453e-16
4.637021355201682474e-19 9.903717766283789415e-16
4.651352062762675425e-19 9.931858535469073947e-16
4.665727059353945410e-19 9.960126912608692171e-16
4.680146481850675872e-19 9.988521488706084089e-16
4.694610467551059581e-19 1.001704083507817869e-15
4.709119154177611154e-19 1.004568350311909856e-15
4.723672679878475728e-19 1.007444802406659395e-15
4.738271183228747254e-19 1.010333290876947274e-15
4.752914803231781022e-19 1.013233664745726296e-15
4.767603679320527369e-19 1.016145770951233849e-15
4.782337951358811452e-19 1.019069454324332658e-15
4.797117759642825854e-19 1.022004557566148757e-15
4.811943244902230281e-19 1.024950921225884770e-15
4.826814548301648977e-19 1.027908383678843827e-15
4.841731811441935098e-19 1.030876781104744564e-15
4.856695176361679673e-19 1.033855947466265685e-15
4.871704785538321908e-19 1.036845714487768020e-15
4.886760781889669707e-19 1.039845911634397002e-15
4.901863308775217003e-19 1.042856366091333263e-15
4.917012509997509249e-19 1.045876902743410835e-15
4.932208529803514676e-19 1.048907344154941633e-15
4.947451512885997482e-19 1.051947510549841691e-15
4.962741604384891022e-19 1.054997219792127946e-15
4.978078949888688325e-19 1.058056287366590957e-15
4.993463695435777731e-19 1.061124526359884131e-15
5.008895987516004817e-19 1.064201747441902463e-15
5.024375973071818328e-19 1.067287758847459074e-15
5.039903799499791659e-19 1.070382366358305690e-15
5.055479614652152045e-19 1.073485373285572993e-15
5.071103566837938045e-19 1.076596580452444275e-15
5.086775804824579766e-19 1.079715786177273030e-15
5.102496477839273016e-19 1.082842786257049410e-15
5.118265735570398713e-19 1.085977373951262504e-15
5.134083728168950962e-19 1.089119339966095701e-15
5.149950606249964171e-19 1.092268472439098337e-15
5.165866520893948830e-19 1.095424556924209565e-15
5.181831623648330178e-19 1.098587376377206038e-15
5.197846066528846436e-19 1.101756711141591165e-15
5.213910002021168505e-19 1.104932338934925526e-15
5.230023583082096939e-19 1.108114034835557248e-15
5.246186963141187423e-19 1.111301571269851336e-15
5.262400296102126857e-19 1.114494717999858390e-15
5.278663736344368466e-19 1.117693242111515224e-15
5.294977438724347061e-19 1.120896908003198294e-15
5.311341558577125713e-19 1.124105477374898556e-15
5.327756251717826716e-19 1.127318709217843407e-15
5.344221674443122257e-19 1.130536359804656041e-15
5.360737983532717385e-19 1.133758182679988317e-15
5.377305336250844527e-19 1.136983928651735019e-15
5.393923890347760906e-19 1.140213345782784539e-15
5.410593804061251720e-19 1.143446179383296717e-15
5.427315236118090008e-19 1.146682172003569567e-15
5.444088345735728568e-19 1.149921063427487988e-15
5.460913292623547006e-19 1.153162590666515594e-15
5.477790236984506104e-19 1.156406487954280572e-15
5.494719339516807975e-19 1.159652486741890634e-15
5.511700761415159471e-19 1.162900315693639444e-15
5.528734664372483371e-19 1.166149700683546674e-15
5.545821210581411945e-19 1.169400364792417331e-15
5.562960562735837319e-19 1.172652028305606316e-15
5.580152884032455115e-19 1.175904408711372866e-15
5.597398338172318675e-19 1.179157220699987168e-15
5.614697089362400988e-19 1.182410176163446957e-15
5.632049302317156618e-19 1.185662984195925200e-15
5.649455142260043196e-19 1.188915351094883370e-15
5.666914774925278822e-19 1.192166980362927445e-15
5.684428366559145925e-19 1.195417616107705706e-15
5.701996083921755414e-19 1.198667211245761174e-15
5.719618094288546015e-19 1.201915782781651727e-15
5.737294565452057085e-19 1.205163348403202381e-15
5.755025665723255585e-19 1.208409926468313568e-15
5.772811563933314670e-19 1.211655536005868125e-15
5.790652429435182362e-19 1.214900196716548357e-15
5.808548432105193554e-19 1.218143928973640284e-15
5.826499742344682974e-19 1.221386753823894480e-15
5.844506531081610672e-19 1.224628692988263664e-15
5.862568969772191354e-19 1.227869768862713052e-15
5.880687230402521796e-19 1.231110004519015532e-15
5.898861485490177438e-19 1.234349423705471302e-15
5.917091908086039130e-19 1.237588050847717833e-15
5.935378671775659577e-19 1.240825911049441025e-15
5.953721950681056381e-19 1.244063030093113188e-15
5.972121919462515677e-19 1.247299434440742857e-15
5.990578753319967241e-19 1.250535151234587323e-15
6.009092627994842055e-19 1.253770208297871492e-15
6.027663719771702604e-19 1.257004634135487795e-15
6.046292205479915547e-19 1.260238457934720167e-15
6.064978262495340758e-19 1.263471709565934894e-15
6.083722068742016513e-19 1.266704419583267312e-15
6.102523802693855272e-19 1.269936619225331985e-15
6.121383643376344277e-19 1.273168340415911373e-15
6.140301770368247109e-19 1.276399615764606256e-15
6.159278363803264802e-19 1.279630478567555762e-15
6.178313604371955034e-19 1.282860962808146945e-15
6.197407673323143835e-19 1.286091103157616694e-15
6.216560752465809141e-19 1.289320934975777280e-15
6.235773024170962434e-19 1.292550494311744872e-15
6.255044671373077778e-19 1.295779817904532367e-15
6.274375877572039898e-19 1.299008943183796439e-15
6.293766826834838998e-19 1.302237908270499002e-15
6.313217703797324322e-19 1.305466751977623688e-15
6.332728693665962527e-19 1.308695513810832777e-15
6.352299982219600870e-19 1.311924233969192747e-15
6.371931755811234252e-19 1.315152953345866896e-15
6.391624201369781887e-19 1.318381713528804412e-15
6.411377506401814858e-19 1.321610556801510301e-15
6.431191858993550424e-19 1.324839526143690279e-15
6.451067447812326314e-19 1.328068665232053441e-15
6.471004462108612363e-19 1.331298018440972536e-15
6.491003091717700516e-19 1.334527630843274407e-15
6.511063527061728976e-19 1.337757548211002026e-15
6.531185959151177697e-19 1.340987817016150115e-15
6.551370579586893491e-19 1.344218484431446307e-15
6.571617580561869591e-19 1.347449598331116938e-15
6.591927154863067583e-19 1.350681207291740000e-15
6.612299495873258590e-19 1.353913360592976222e-15
6.632734797572863500e-19 1.357146108218448645e-15
6.653233254541798973e-19 1.360379500856557714e-15
6.673795061961330181e-19 1.363613589901330687e-15
6.694420415615875406e-19 1.366848427453265712e-15
6.715109511895087009e-19 1.370084066320280039e-15
6.735862547795397951e-19 1.373320560018498883e-15
6.756679720922055572e-19 1.376557962773265954e-15
6.777561229491172710e-19 1.379796329520024611e-15
6.798507272331282889e-19 1.383035715905267064e-15
6.819518048885454025e-19 1.386276178287521433e-15
6.840593759213132506e-19 1.389517773738319684e-15
6.861734603992047936e-19 1.392760560043234580e-15
6.882940784520124620e-19 1.396004595702879174e-15
6.904212502717396903e-19 1.399249939933945934e-15
6.925549961127935097e-19 1.402496652670330080e-15
6.946953362921768524e-19 1.405744794564175221e-15
6.968422911896769077e-19 1.408994426987021341e-15
6.989958812480813073e-19 1.412245612030939976e-15
7.011561269733393259e-19 1.415498412509701920e-15
7.033230489347794147e-19 1.418752891959961701e-15
7.054966677652937058e-19 1.422009114642498856e-15
7.076770041615575683e-19 1.425267145543455060e-15
7.098640788841922524e-19 1.428527050375611289e-15
7.120579127579852167e-19 1.431788895579680771e-15
7.142585266720830094e-19 1.435052748325663452e-15
7.164659415801901209e-19 1.438318676514199291e-15
7.186801785007682210e-19 1.441586748777962965e-15
7.209012585172368412e-19 1.444857034483078100e-15
7.231292027781733822e-19 1.448129603730596781e-15
7.253640324975153365e-19 1.451404527357968405e-15
7.276057689547554818e-19 1.454681876940595126e-15
7.298544334951688512e-19 1.457961724793348631e-15
7.321100475299802898e-19 1.461244143972204860e-15
7.343726325365857436e-19 1.464529208275821331e-15
7.366422100587751860e-19 1.467816992247263762e-15
7.389188017069015220e-19 1.471107571175657551e-15
7.412024291581104477e-19 1.474401021097959160e-15
7.434931141565409396e-19 1.477697418800724547e-15
7.457908785135321000e-19 1.480996841821916644e-15
7.480957441078308676e-19 1.484299368452785999e-15
7.504077328858006931e-19 1.487605077739768974e-15
7.527268668616299239e-19 1.490914049486387123e-15
7.550531681175418273e-19 1.494226364255293897e-15
7.573866588040049018e-19 1.497542103370237518e-15
7.597273611399373146e-19 1.500861348918195055e-15
7.620752974129432135e-19 1.504184183751455799e-15
7.644304899794881785e-19 1.507510691489749413e-15
7.667929612651303341e-19 1.510840956522495570e-15
7.691627337647526160e-19 1.514175064011078630e-15
7.715398300427395714e-19 1.517513099891075185e-15
7.739242727332175229e-19 1.520855150874677446e-15
7.763160845402630501e-19 1.524201304453040292e-15
7.787152882381199455e-19 1.527551648898762050e-15
7.811219066714156895e-19 1.530906273268363875e-15
7.835359627553791762e-19 1.534265267404873872e-15
7.859574794760585365e-19 1.537628721940388714e-15
7.883864798905404050e-19 1.540996728298763862e-15
7.908229871271629279e-19 1.544369378698292535e-15
7.932670243857614157e-19 1.547746766154550341e-15
7.957186149378512095e-19 1.551128984483107972e-15
7.981777821268745859e-19 1.554516128302476222e-15
8.006445493684100090e-19 1.557908293037054156e-15
8.031189401504214422e-19 1.561305574920080236e-15
8.056009780334428520e-19 1.564708070996720124e-15
8.080906866508285791e-19 1.568115879127180314e-15
8.105880897089714500e-19 1.571529097989827879e-15
8.130932109875293625e-19 1.574947827084527550e-15
8.156060743396508123e-19 1.578372166735851792e-15
8.181267036922025376e-19 1.581802218096488478e-15
8.206551230459973571e-19 1.585238083150645226e-15
8.231913564760223921e-19 1.588679864717563969e-15
8.257354281316618972e-19 1.592127666455067868e-15
8.282873622369537937e-19 1.595581592863187315e-15
8.308471830907801442e-19 1.599041749287840954e-15
8.334149150671188718e-19 1.602508241924620044e-15
8.359905826152958644e-19 1.605981177822620347e-15
8.385742102601770855e-19 1.609460664888298286e-15
8.411658226024295389e-19 1.612946811889513455e-15
8.437654443187485272e-19 1.616439728459516509e-15
8.463731001620926162e-19 1.619939525101092266e-15
8.489888149619193683e-19 1.623446313190798450e-15
8.516126136244217502e-19 1.626960204983097153e-15
8.542445211327651191e-19 1.630481313614884477e-15
8.568845625473256524e-19 1.634009753109773452e-15
8.595327630059211708e-19 1.637545638382641431e-15
8.621891477240791310e-19 1.641089085244232693e-15
8.648537419952344189e-19 1.644640210405771511e-15
8.675265711909983058e-19 1.648199131483726666e-15
8.702076607613859008e-19 1.651765967004645596e-15
8.728970362350868399e-19 1.655340836410084176e-15
8.755947232196658719e-19 1.658923860061468476e-15
8.783007474018347997e-19 1.662515159245357443e-15
8.810151345476903326e-19 1.666114856178451581e-15
8.837379105029590643e-19 1.669723074012937478e-15
8.864691011932443776e-19 1.673339936841752670e-15
8.892087326242720004e-19 1.676965569704084392e-15
8.919568308821384502e-19 1.680600098590839341e-15
8.947134221335594796e-19 1.684243650450252285e-15
8.974785326261117801e-19 1.687896353193599581e-15
9.002521886885116646e-19 1.691558335701030042e-15
9.030344167308230674e-19 1.695229727827371741e-15
9.058252432447292930e-19 1.698910660408189478e-15
9.086246948038090023e-19 1.702601265265857234e-15
9.114327980637440199e-19 1.706301675215690380e-15
9.142495797626026384e-19 1.710012024072287726e-15
9.170750667210874862e-19 1.713732446655901373e-15
9.199092858427905199e-19 1.717463078798883880e-15
9.227522641144489807e-19 1.721204057352310746e-15
9.256040286062026988e-19 1.724955520192635245e-15
9.284646064718517826e-19 1.728717606228569462e-15
9.313340249491150785e-19 1.732490455407853899e-15
9.342123113598818901e-19 1.736274208724376754e-15
9.370994931105027933e-19 1.740069008225271097e-15
9.399955976920045706e-19 1.743874997018107516e-15
9.429006526803827594e-19 1.747692319278272915e-15
9.458146857368485565e-19 1.751521120256401593e-15
9.487377246081234850e-19 1.755361546285981433e-15
9.516697971266572177e-19 1.759213744790989489e-15
9.546109312109228211e-19 1.763077864293731486e-15
9.575611548656757942e-19 1.766954054422749363e-15
9.605204961822200384e-19 1.770842465920849116e-15
9.634889833386757549e-19 1.774743250653286805e-15
9.664666446002475339e-19 1.778656561616039765e-15
9.694535083194932148e-19 1.782582552944201068e-15
9.724496029365948639e-19 1.786521379920551684e-15
9.754549569796203164e-19 1.790473198984154524e-15
9.784695990648274727e-19 1.794438167739232286e-15
9.814935578968890550e-19 1.798416444963983365e-15
9.845268622691890073e-19 1.802408190619706217e-15
9.875695410641214005e-19 1.806413565859955664e-15
9.906216232533176913e-19 1.810432733039857766e-15
9.936831378979535233e-19 1.814465855725562346e-15
9.967541141490183574e-19 1.818513098703817396e-15
9.998345812475928051e-19 1.822574627991722154e-15
1.002924568525126926e-18 1.826650610846571306e-15
1.006024105403719294e-18 1.830741215775914142e-15
1.009133221396397993e-18 1.834846612547607011e-15
1.012251946107400644e-18 1.838966972200228650e-15
1.015380309232456747e-18 1.843102467053460415e-15
1.018518340559062321e-18 1.847253270718683438e-15
1.021666069966796332e-18 1.851419558109762361e-15
1.024823527427556043e-18 1.855601505453877574e-15
1.027990743005865738e-18 1.859799290302657231e-15
1.031167746859190461e-18 1.864013091543317542e-15
1.034354569238170973e-18 1.868243089410081925e-15
1.037551240486945774e-18 1.872489465495652627e-15
1.040757791043432667e-18 1.876752402762923729e-15
1.043974251439617270e-18 1.881032085556856261e-15
1.047200652301844210e-18 1.885328699616425503e-15
1.050437024351108905e-18 1.889642432086910256e-15
1.053683398403350113e-18 1.893973454575010710e-15
1.056939805369743055e-18 1.898321826352373553e-15
1.060206276256985034e-18 1.902687560248187676e-15
1.063482842167626116e-18 1.907070668761739160e-15
1.066769534300311799e-18 1.911471164199162672e-15
1.070066383950116577e-18 1.915889058670002433e-15
1.073373422508823211e-18 1.920324364083407147e-15
1.076690681465256484e-18 1.924777092144716593e-15
1.080018192405532032e-18 1.929247254351552434e-15
1.083355987013390113e-18 1.933734861990265969e-15
1.086704097070490461e-18 1.938239926132254552e-15
1.090062554456713312e-18 1.942762457630227515e-15
1.093431391150463701e-18 1.947302467114464604e-15
1.096810639228976142e-18 1.951859964989087820e-15
1.100200330868619698e-18 1.956434961428317093e-15
1.103600498345204392e-18 1.961027466372666392e-15
1.107011174034279540e-18 1.965637489525170210e-15
1.110432390411478295e-18 1.970265040347587568e-15
1.113864180052772449e-18 1.974910128056551579e-15
1.117306575634809857e-18 1.979572761619746240e-15
1.120759609935252434e-18 1.984252949752061520e-15
1.124223315833034813e-18 1.988950700911697965e-15
1.127697726308712162e-18 1.993666023296302859e-15
1.131182874444766799e-18 1.998398924839027891e-15
1.134678793425921918e-18 2.003149413204662159e-15
1.138185516539458026e-18 2.007917495785670903e-15
1.141703077175530331e-18 2.012703179698227538e-15
1.145231508827486140e-18 2.017506471778245287e-15
1.148770845092183405e-18 2.022327378577449837e-15
1.152321119670302146e-18 2.027165906359294618e-15
1.155882366366702675e-18 2.032022061095029120e-15
1.159454619090690603e-18 2.036895848459580250e-15
1.163037911856377760e-18 2.041787273827591461e-15
1.166632278782986877e-18 2.046696342269242186e-15
1.170237754095214815e-18 2.051623058546342184e-15
1.173854372123501235e-18 2.056567427108046055e-15
1.177482167304393366e-18 2.061529452086888427e-15
1.181121174180864557e-18 2.066509137294552897e-15
1.184771427402643415e-18 2.071506486217803482e-15
1.188432961726543143e-18 2.076521502014280386e-15
1.192105812016793181e-18 2.081554187508355720e-15
1.195790013245370275e-18 2.086604545186900076e-15
1.199485600492332436e-18 2.091672577195149688e-15
1.203192608946142684e-18 2.096758285332397280e-15
1.206911073904043453e-18 2.101861671047830032e-15
1.210641030772333728e-18 2.106982735436233447e-15
1.214382515066734977e-18 2.112121479233739391e-15
1.218135562412760732e-18 2.117277902813574128e-15
1.221900208545994504e-18 2.122452006181687248e-15
1.225676489312470922e-18 2.127643788972496942e-15
1.229464440669006612e-18 2.132853250444581637e-15
1.233264098683542621e-18 2.138080389476245026e-15
1.237075499535488201e-18 2.143325204561296836e-15
1.240898679516064584e-18 2.148587693804529510e-15
1.244733675028651076e-18 2.153867854917454012e-15
1.248580522589131910e-18 2.159165685213853413e-15
1.252439258826233098e-18 2.164481181605353838e-15
1.256309920481912428e-18 2.169814340597009201e-15
1.260192544411647777e-18 2.175165158282875311e-15
1.264087167584829422e-18 2.180533630341519276e-15
1.267993827085090917e-18 2.185919752031550211e-15
1.271912560110703521e-18 2.191323518187210691e-15
1.275843403974869323e-18 2.196744923213752844e-15
1.279786396106116450e-18 2.202183961083004948e-15
1.283741574048646303e-18 2.207640625328844953e-15
1.287708975462690246e-18 2.213114909042628236e-15
1.291688638124868982e-18 2.218606804868652842e-15
1.295680599928551354e-18 2.224116304999622741e-15
1.299684898884215647e-18 2.229643401171960808e-15
1.303701573119811860e-18 2.235188084661404618e-15
1.307730660881113379e-18 2.240750346278165205e-15
1.311772200532123925e-18 2.246330176362580437e-15
1.315826230555379732e-18 2.251927564780246165e-15
1.319892789552346483e-18 2.257542500917455035e-15
1.323971916243820287e-18 2.263174973676636472e-15
1.328063649470231594e-18 2.268824971471564747e-15
1.332168028192057530e-18 2.274492482222728757e-15
1.336285091490183016e-18 2.280177493352626864e-15
1.340414878566271892e-18 2.285879991781129183e-15
1.344557428743141122e-18 2.291599963920686829e-15
1.348712781465134238e-18 2.297337395671639379e-15
1.352880976298498239e-18 2.303092272417482096e-15
1.357062052931758764e-18 2.308864579020135137e-15
1.361256051176099310e-18 2.314654299815158321e-15
1.365463010965728311e-18 2.320461418606998631e-15
1.369682972358304577e-18 2.326285918664232208e-15
1.373915975535251220e-18 2.332127782714762153e-15
1.378162060802172042e-18 2.337986992940971375e-15
1.382421268589269075e-18 2.343863530975050561e-15
1.386693639451660360e-18 2.349757377894033482e-15
1.390979214069810006e-18 2.355668514215072895e-15
1.395278033249905674e-18 2.361596919890541328e-15
1.399590137924246073e-18 2.367542574303270692e-15
1.403915569151631346e-18 2.373505456261603765e-15
1.408254368117753651e-18 2.379485543994618421e-15
1.412606576135589853e-18 2.385482815147209874e-15
1.416972234645793840e-18 2.391497246775250621e-15
1.421351385217080747e-18 2.397528815340639947e-15
1.425744069546668374e-18 2.403577496706567209e-15
1.430150329460604984e-18 2.409643266132429204e-15
1.434570206914213613e-18 2.415726098269008651e-15
1.439003743992468206e-18 2.421825967153602191e-15
1.443450982910442355e-18 2.427942846205065542e-15
1.447911966013639022e-18 2.434076708218878001e-15
1.452386735778442167e-18 2.440227525362243612e-15
1.456875334812509062e-18 2.446395269169109904e-15
1.461377805855175504e-18 2.452579910535293522e-15
1.465894191777863346e-18 2.458781419713486735e-15
1.470424535584488404e-18 2.464999766308342045e-15
1.474968880411870105e-18 2.471234919271466470e-15
1.479527269530142288e-18 2.477486846896567682e-15
1.484099746343152834e-18 2.483755516814319312e-15
1.488686354388925312e-18 2.490040895987585583e-15
1.493287137340001599e-18 2.496342950706351295e-15
1.497902139003892745e-18 2.502661646582729524e-15
1.502531403323534067e-18 2.508996948546076204e-15
1.507174974377629697e-18 2.515348820837909866e-15
1.511832896381120780e-18 2.521717227007018722e-15
1.516505213685595307e-18 2.528102129904428526e-15
1.521191970779709126e-18 2.534503491678439063e-15
1.525893212289610609e-18 2.540921273769658657e-15
1.530608982979365127e-18 2.547355436905985445e-15
1.535339327751381450e-18 2.553805941097658849e-15
1.540084291646838535e-18 2.560272745632222699e-15
1.544843919846103258e-18 2.566755809069594854e-15
1.549618257669209780e-18 2.573255089237121042e-15
1.554407350576216034e-18 2.579770543224448056e-15
1.559211244167686559e-18 2.586302127378688823e-15
1.564029984185101759e-18 2.592849797299368961e-15
1.568863616511344389e-18 2.599413507833508627e-15
1.573712187171059903e-18 2.605993213070553297e-15
1.578575742331145636e-18 2.612588866337476121e-15
1.583454328301177397e-18 2.619200420193813229e-15
1.588347991533850896e-18 2.625827826426657619e-15
1.593256778625423742e-18 2.632471036045739426e-15
1.598180736316159177e-18 2.639129999278412316e-15
1.603119911490771351e-18 2.645804665564795682e-15
1.608074351178871562e-18 2.652494983552717253e-15
1.613044102555402168e-18 2.659200901092845039e-15
1.618029212941140407e-18 2.665922365233775880e-15
1.623029729803067600e-18 2.672659322217028148e-15
1.628045700754862190e-18 2.679411717472123208e-15
1.633077173557392394e-18 2.686179495611801755e-15
1.638124196119091564e-18 2.692962600426987340e-15
1.643186816496467023e-18 2.699760974881867818e-15
1.648265082894544566e-18 2.706574561109139701e-15
1.653359043667328179e-18 2.713403300404974438e-15
1.658468747318259185e-18 2.720247133224319954e-15
1.663594242500678846e-18 2.727105999175867727e-15
1.668735578018291940e-18 2.733979837017297131e-15
1.673892802825630330e-18 2.740868584650456288e-15
1.679065966028520385e-18 2.747772179116416306e-15
1.684255116884535771e-18 2.754690556590809110e-15
1.689460304803522070e-18 2.761623652378908499e-15
1.694681579347984859e-18 2.768571400910874894e-15
1.699918990233602001e-18 2.775533735736978389e-15
1.705172587329739610e-18 2.782510589522872685e-15
1.710442420659843200e-18 2.789501894044764505e-15
1.715728540401969439e-18 2.796507580184679239e-15
1.721030996889250294e-18 2.803527577925877272e-15
1.726349840610372399e-18 2.810561816347969747e-15
1.731685122210057380e-18 2.817610223622350674e-15
1.737036892489544302e-18 2.824672727007463361e-15
1.742405202407073074e-18 2.831749252844165074e-15
1.747790103078370941e-18 2.838839726551109437e-15
1.753191645777122990e-18 2.845944072620067697e-15
1.758609881935519113e-18 2.853062214611429457e-15
1.764044863144656139e-18 2.860194075149518423e-15
1.769496641155089424e-18 2.867339575918073801e-15
1.774965267877293147e-18 2.874498637655707650e-15
1.780450795382214975e-18 2.881671180151406004e-15
1.785953275901683980e-18 2.888857122239990553e-15
1.791472761828966458e-18 2.896056381797660400e-15
1.797009305719249724e-18 2.903268875737559847e-15
1.802562960290142857e-18 2.910494520005307123e-15
1.808133778422178592e-18 2.917733229574627655e-15
1.813721813159317145e-18 2.924984918442909618e-15
1.819327117709451194e-18 2.932249499626950006e-15
1.824949745444911242e-18 2.939526885158496780e-15
1.830589749902960965e-18 2.946816986080027275e-15
1.836247184786365748e-18 2.954119712440486776e-15
1.841922103963813305e-18 2.961434973290934796e-15
1.847614561470474130e-18 2.968762676680400791e-15
1.853324611508558087e-18 2.976102729651711091e-15
1.859052308447741965e-18 2.983455038237237329e-15
1.864797706825747648e-18 2.990819507454778197e-15
1.870560861348844776e-18 2.998196041303537435e-15
1.876341826892373832e-18 3.005584542759921179e-15
1.882140658501266527e-18 3.012984913773596018e-15
1.887957411390570808e-18 3.020397055263416108e-15
1.893792140945977407e-18 3.027820867113481629e-15
1.899644902724346009e-18 3.035256248169129004e-15
1.905515752454218697e-18 3.042703096233104527e-15
1.911404746036414302e-18 3.050161308061663845e-15
1.917311939544465199e-18 3.057630779360619367e-15
1.923237389225215503e-18 3.065111404781686262e-15
1.929181151499323350e-18 3.072603077918623348e-15
1.935143282961862946e-18 3.080105691303567262e-15
1.941123840382767911e-18 3.087619136403224226e-15
1.947122880707434869e-18 3.095143303629619468e-15
1.953140461057249997e-18 3.102678115555235907e-15
1.959176638730133678e-18 3.110223598455227355e-15
1.965231471201085150e-18 3.117779799332822059e-15
1.971305016122729864e-18 3.125346765650923037e-15
1.977397331325867978e-18 3.132924545333969002e-15
1.983508474820027493e-18 3.140513186769891526e-15
1.989638504793996576e-18 3.148112738811790578e-15
1.995787479616445250e-18 3.155723250780153199e-15
2.001955457836383767e-18 3.163344772464367718e-15
2.008142498183766963e-18 3.170977354124889963e-15
2.014348659570104010e-18 3.178621046495043446e-15
2.020574001088920636e-18 3.186275900782958773e-15
2.026818582016387751e-18 3.193941968673498467e-15
2.033082461811869180e-18 3.201619302330218077e-15
2.039365700118487116e-18 3.209307954397217235e-15
2.045668356763691427e-18 3.217007978001229751e-15
2.051990491759828958e-18 3.224719426753496362e-15
2.058332165304713610e-18 3.232442354751758975e-15
2.064693437782201032e-18 3.240176816582241893e-15
2.071074369762746760e-18 3.247922867321642894e-15
2.077475022004048706e-18 3.255680562539158246e-15
2.083895455451526715e-18 3.263449958298422901e-15
2.090335731238968906e-18 3.271231111159601771e-15
2.096795910689079791e-18 3.279024078181395802e-15
2.103276055314133939e-18 3.286828916923109573e-15
2.109776226816456684e-18 3.294645685446629369e-15
2.116296487089083181e-18 3.302474442318582293e-15
2.122836898216327325e-18 3.310315246612313939e-15
2.129397522474375323e-18 3.318168157910066439e-15
2.135978422331877721e-18 3.326033236304979010e-15
2.142579660450544140e-18 3.333910542403289670e-15
2.149201299685740689e-18 3.341800137326380356e-15
2.155843403087087396e-18 3.349702082712906063e-15
2.162506033899040991e-18 3.357616440720983928e-15
2.169189255561568983e-18 3.365543274030343671e-15
2.175893131710646933e-18 3.373482645844469347e-15
2.182617726178915970e-18 3.381434619892679576e-15
2.189363102996346463e-18 3.389399260432554866e-15
2.196129326390740304e-18 3.397376632251875055e-15
2.202916460788411535e-18 3.405366800671048216e-15
2.209724570814784536e-18 3.413369831545168792e-15
2.216553721295009175e-18 3.421385791266328568e-15
2.223403977254575941e-18 3.429414746765915407e-15
2.230275403919937255e-18 3.437456765516831925e-15
2.237168066719128005e-18 3.445511915535698778e-15
2.244082031282388001e-18 3.453580265385317881e-15
2.251017363442786753e-18 3.461661884176805880e-15
2.257974129236832832e-18 3.469756841571987559e-15
2.264952394905176449e-18 3.477865207785801470e-15
2.271952226893128301e-18 3.485987053588499671e-15
2.278973691851347900e-18 3.494122450308108184e-15
2.286016856636535365e-18 3.502271469832801466e-15
2.293081788311954121e-18 3.510434184613220478e-15
2.300168554148146186e-18 3.518610667664975344e-15
2.307277221623552710e-18 3.526800992570966969e-15
2.314407858425157234e-18 3.535005233483895619e-15
2.321560532449129334e-18 3.543223465128713882e-15
2.328735311801471351e-18 3.551455762805040188e-15
2.335932264798668198e-18 3.559702202389642143e-15
2.343151459968335628e-18 3.567962860338982975e-15
2.350392966049855408e-18 3.576237813691736812e-15
2.357656851995105627e-18 3.584527140071264524e-15
2.364943186969002273e-18 3.592830917688162929e-15
2.372252040350235319e-18 3.601149225342904320e-15
2.379583481731888876e-18 3.609482142428307967e-15
2.386937580922183443e-18 3.617829748932271938e-15
2.394314407945024029e-18 3.626192125440227253e-15
2.401714033040742021e-18 3.634569353137846037e-15
2.409136526666748071e-18 3.642961513813769405e-15
2.416581959498201172e-18 3.651368689862089214e-15
2.424050402428680797e-18 3.659790964285217156e-15
2.431541926570863680e-18 3.668228420696476950e-15
2.439056603257200581e-18 3.676681143322880345e-15
2.446594504040594218e-18 3.685149217007786373e-15
2.454155700695061401e-18 3.693632727213682866e-15
2.461740265216497237e-18 3.702131760025121815e-15
2.469348269823240203e-18 3.710646402151300518e-15
2.476979786956817478e-18 3.719176740928907791e-15
2.484634889282699139e-18 3.727722864325107440e-15
2.492313649690866693e-18 3.736284860940240901e-15
2.500016141296587687e-18 3.744862820010720777e-15
2.507742437441092868e-18 3.753456831412006427e-15
2.515492611692273749e-18 3.762066985661383905e-15
2.523266737845382883e-18 3.770693373921082756e-15
2.531064889923737594e-18 3.779336088001048859e-15
2.538887142179424097e-18 3.787995220362050172e-15
2.546733569094004318e-18 3.796670864118592364e-15
2.554604245379204601e-18 3.805363113041910961e-15
2.562499245977709968e-18 3.814072061563170969e-15
2.570418646063753832e-18 3.822797804776394335e-15
2.578362521043915338e-18 3.831540438441458410e-15
2.586330946557797669e-18 3.840300058987448605e-15
2.594323998478830397e-18 3.849076763515595318e-15
2.602341752914867282e-18 3.857870649802475138e-15
2.610384286208993631e-18 3.866681816303187584e-15
2.618451674940233107e-18 3.875510362154549203e-15
2.626543995924277275e-18 3.884356387178286088e-15
2.634661326214216300e-18 3.893219991884384965e-15
2.642803743101271954e-18 3.902101277474171322e-15
2.650971324115536018e-18 3.911000345843789868e-15
2.659164147026705218e-18 3.919917299587436491e-15
2.667382289844802679e-18 3.928852242000588651e-15
2.675625830821006456e-18 3.937805277083673576e-15
2.683894848448264297e-18 3.946776509545070668e-15
2.692189421462105994e-18 3.955766044804827042e-15
2.700509628841459981e-18 3.964773988997993615e-15
2.708855549809272714e-18 3.973800448978025887e-15
2.717227263833349913e-18 3.982845532320395342e-15
2.725624850627094196e-18 3.991909347325961837e-15
2.734048390150261586e-18 4.000992003024717528e-15
2.742497962609722635e-18 4.010093609179157676e-15
2.750973648460228945e-18 4.019214276288023791e-15
2.759475528405175837e-18 4.028354115589811697e-15
2.768003683397373493e-18 4.037513239066540709e-15
2.776558194639816175e-18 4.046691759447318497e-15
2.785139143586432561e-18 4.055889790212134716e-15
2.793746611942953190e-18 4.065107445595598630e-15
2.802380681667552951e-18 4.074344840590649123e-15
2.811041434971696176e-18 4.083602090952314414e-15
2.819728954320992147e-18 4.092879313201772321e-15
2.828443322435839890e-18 4.102176624629794428e-15
2.837184622292309481e-18 4.111494143301062732e-15
2.845952937122907802e-18 4.120831988057735295e-15
2.854748350417372402e-18 4.130190278523619320e-15
2.863570945923464983e-18 4.139569135108031041e-15
2.872420807647769894e-18 4.148968679009822866e-15
2.881298019856493770e-18 4.158389032221423916e-15
2.890202667076268266e-18 4.167830317532870320e-15
2.899134834094929669e-18 4.177292658535998008e-15
2.908094605962422547e-18 4.186776179628508501e-15
2.917082067991468048e-18 4.196281006018074931e-15
2.926097305758444429e-18 4.205807263726590849e-15
2.935140405104276458e-18 4.215355079594492389e-15
2.944211452135107559e-18 4.224924581284836682e-15
2.953310533223216555e-18 4.234515897287713169e-15
2.962437735007815775e-18 4.244129156924576017e-15
2.971593144395875350e-18 4.253764490352511864e-15
2.980776848562951750e-18 4.263422028568726857e-15
2.989988934954017090e-18 4.273101903414947707e-15
2.999229491284292283e-18 4.282804247581917407e-15
3.008498605540081743e-18 4.292529194613804964e-15
3.017796365979611547e-18 4.302276878912862048e-15
3.027122861133844874e-18 4.312047435743846920e-15
3.036478179807424173e-18 4.321841001238842008e-15
3.045862411079368342e-18 4.331657712401751202e-15
3.055275644303993717e-18 4.341497707112887082e-15
3.064717969111842364e-18 4.351361124133968347e-15
3.074189475410383120e-18 4.361248103112660504e-15
3.083690253384969549e-18 4.371158784587403695e-15
3.093220393499672717e-18 4.381093309992368320e-15
3.102779986498142849e-18 4.391051821662142447e-15
3.112369123404473305e-18 4.401034462836735563e-15
3.121987895524066474e-18 4.411041377666561012e-15
3.131636394444505071e-18 4.421072711217454732e-15
3.141314712036422649e-18 4.431128609475524383e-15
3.151022940454352557e-18 4.441209219352430771e-15
3.160761172137710158e-18 4.451314688690381334e-15
3.170529499811516213e-18 4.461445166267309809e-15
3.180328016487384110e-18 4.471600801802106373e-15
3.190156815464353405e-18 4.481781745959688446e-15
3.200015990329882837e-18 4.491988150356636310e-15
3.209905634960584101e-18 4.502220167566095094e-15
3.219825843523221411e-18 4.512477951123364638e-15
3.229776710475579704e-18 4.522761655531369460e-15
3.239758330567367521e-18 4.533071436265951216e-15
3.249770798841116027e-18 4.543407449781363127e-15
3.259814210633085358e-18 4.553769853516004198e-15
3.269888661574172114e-18 4.564158805897777169e-15
3.279994247590820327e-18 4.574574466349881906e-15
3.290131064905907390e-18 4.585016995296330326e-15
3.300299210039768262e-18 4.595486554167892836e-15
3.310498779810953519e-18 4.605983305407676364e-15
3.320729871337230064e-18 4.616507412476969818e-15
3.330992582036589545e-18 4.627059039861207879e-15
3.341287009628011795e-18 4.637638353075747824e-15
3.351613252132504446e-18 4.648245518671967423e-15
3.361971407874008117e-18 4.658880704243165621e-15
3.372361575480334729e-18 4.669544078430628085e-15
3.382783853884104277e-18 4.680235810929860785e-15
3.393238342323688532e-18 4.690956072496517497e-15
3.403725140344154752e-18 4.701705034952808506e-15
3.414244347798214389e-18 4.712482871193753906e-15
3.424796064847145233e-18 4.723289755193299641e-15
3.435380391961857596e-18 4.734125862010906860e-15
3.445997429923683567e-18 4.744991367797836770e-15
3.456647279825447055e-18 4.755886449803647694e-15
3.467330043072370516e-18 4.766811286382716589e-15
3.478045821383155016e-18 4.777766057000811826e-15
3.488794716790777180e-18 4.788750942241753555e-15
3.499576831643575804e-18 4.799766123813962026e-15
3.510392268606196327e-18 4.810811784557433496e-15
3.521241130660569592e-18 4.821888108450255428e-15
3.532123521106890987e-18 4.832995280615736213e-15
3.543039543564606522e-18 4.844133487329097871e-15
3.553989301973395823e-18 4.855302916024444055e-15
3.564972900594166682e-18 4.866503755301984443e-15
3.575990444010013403e-18 4.877736194934835504e-15
3.587042037127333064e-18 4.889000425876471292e-15
3.598127785176648282e-18 4.900296640267570757e-15
3.609247793713694973e-18 4.911625026366836224e-15
3.620402168620519365e-18 4.922985634444484888e-15
3.631591016106305374e-18 4.934378361628548734e-15
3.642814442708507055e-18 4.945803095666104934e-15
3.654072555293831592e-18 4.957259722674283103e-15
3.665365461059258504e-18 4.968748127127626957e-15
3.676693267533058846e-18 4.980268191845566413e-15
3.688056082575819033e-18 4.991819797979903102e-15
3.699454014381469285e-18 5.003402825002172024e-15
3.710887171478313618e-18 5.015017150691295091e-15
3.722355662730060599e-18 5.026662651120900974e-15
3.733859597336833303e-18 5.038339200646835066e-15
3.745399084836327956e-18 5.050046671894975532e-15
3.756974235104675978e-18 5.061784935748350416e-15
3.768585158357580282e-18 5.073553861334996283e-15
3.780231965151458508e-18 5.085353316015543129e-15
3.791914766384308148e-18 5.097183165370648613e-15
3.803633673296890611e-18 5.109043273188848813e-15
3.815388797473753504e-18 5.120933501454001136e-15
3.827180250844299138e-18 5.132853710333149268e-15
3.839008145683845332e-18 5.144803758164091523e-15
3.850872594614697768e-18 5.156783501443264720e-15
3.862773710607221583e-18 5.168792794813444268e-15
3.874711606980915262e-18 5.180831491051466334e-15
3.886686397405460659e-18 5.192899441056212704e-15
3.898698195901929398e-18 5.204996493836395270e-15
3.910747116843681127e-18 5.217122496498425714e-15
3.922833274957577624e-18 5.229277294234383018e-15
3.934956785325011245e-18 5.241460730309985697e-15
3.947117763383129811e-18 5.253672646052680791e-15
3.959316324925744113e-18 5.265912880839467007e-15
3.971552586104555879e-18 5.278181272085285052e-15
3.983826663430234757e-18 5.290477655230926764e-15
3.996138673773525341e-18 5.302801863731288972e-15
4.008488734366362663e-18 5.315153729043596592e-15
4.020876962802985389e-18 5.327533080615703817e-15
4.033303477041058246e-18 5.339939745874342463e-15
4.045768395402793683e-18 5.352373550213523338e-15
4.058271836576043491e-18 5.364834316982991271e-15
4.070813919615567605e-18 5.377321867476618595e-15
4.083394763943960860e-18 5.389836020921006112e-15
4.096014489352896372e-18 5.402376594463945998e-15
4.108673216004361214e-18 5.414943403163208938e-15
4.121371064431604748e-18 5.427536259975167170e-15
4.134108155540415894e-18 5.440154975743501155e-15
4.146884610610243259e-18 5.452799359188020631e-15
4.159700551295349920e-18 5.465469216893697074e-15
4.172556099625969752e-18 5.478164353299407446e-15
4.185451378009473003e-18 5.490884570686987172e-15
4.198386509231528784e-18 5.503629669170458243e-15
4.211361616457274495e-18 5.516399446684982799e-15
4.224376823232455204e-18 5.529193698976115683e-15
4.237432253484737131e-18 5.542012219589251855e-15
4.250528031524682939e-18 5.554854799858792962e-15
4.263664282047068300e-18 5.567721228897624721e-15
4.276841130132005869e-18 5.580611293586753656e-15
4.290058701246271863e-18 5.593524778564862579e-15
4.303317121244292136e-18 5.606461466217828994e-15
4.316616516369480319e-18 5.619421136668602434e-15
4.329957013255406469e-18 5.632403567767209596e-15
4.343338738927001165e-18 5.645408535080324017e-15
4.356761820801763451e-18 5.658435811881643555e-15
4.370226386690978019e-18 5.671485169141718021e-15
4.383732564800929321e-18 5.684556375518348747e-15
4.397280483734123375e-18 5.697649197346799610e-15
4.410870272490475681e-18 5.710763398630063274e-15
4.424502060468684793e-18 5.723898741029670965e-15
4.438175977467246898e-18 5.737054983855904280e-15
4.451892153685799349e-18 5.750231884058688584e-15
4.465650719726471120e-18 5.763429196218413815e-15
4.479451806594908178e-18 5.776646672536622779e-15
4.493295545701664772e-18 5.789884062827168800e-15
4.507182068863419847e-18 5.803141114507362342e-15
4.521111508304231987e-18 5.816417572588934600e-15
4.535083996656795886e-18 5.829713179669695301e-15
4.549099666963709611e-18 5.843027675924721915e-15
4.563158652678738785e-18 5.856360799097997729e-15
4.577261087668087699e-18 5.869712284494124862e-15
4.591407106211634987e-18 5.883081864969949722e-15
4.605596843004364979e-18 5.896469270926850307e-15
4.619830433157425423e-18 5.909874230302271731e-15
4.634108012199558834e-18 5.923296468562265179e-15
4.648429716078323532e-18 5.936735708693563796e-15
4.662795681161538095e-18 5.950191671196258114e-15
4.677206044238349860e-18 5.963664074075964243e-15
4.691660942520691698e-18 5.977152750566384779e-15
4.706160513644549276e-18 5.990658112650044645e-15
4.720704895671273770e-18 6.004180754531931291e-15
4.735294227088891499e-18 6.017721275875682207e-15
4.749928646813429735e-18 6.031280281774651084e-15
4.764608294190232496e-18 6.044858382770402656e-15
4.779333308995291752e-18 6.058456194871822069e-15
4.794103831436537024e-18 6.072074339574978395e-15
4.808920002155329140e-18 6.085713443883575855e-15
4.823781962227561091e-18 6.099374140329751345e-15
4.838689853165123284e-18 6.113057066995951127e-15
4.853643816917363392e-18 6.126762867537564040e-15
4.868643995872208791e-18 6.140492191205443473e-15
4.883690532857672633e-18 6.154245692869936865e-15
4.898783571143178886e-18 6.168024033045305675e-15
4.913923254440927437e-18 6.181827877914805644e-15
4.929109726907256876e-18 6.195657899356567737e-15
4.944343133144024233e-18 6.209514774969978446e-15
4.959623618199976243e-18 6.223399188103242588e-15
4.974951327572132930e-18 6.237311827881196960e-15
4.990326407207173508e-18 6.251253389234282838e-15
5.005749003502782994e-18 6.265224572927882135e-15
5.021219263309211434e-18 6.279226085592963068e-15
5.036737333930427927e-18 6.293258639756888331e-15
5.052303363125641337e-18 6.307322953875427864e-15
5.067917499110837184e-18 6.321419752365748222e-15
5.083579890559934742e-18 6.335549765639517915e-15
5.099290686606374010e-18 6.349713730137596776e-15
5.115050036844490820e-18 6.363912388365165515e-15
5.130858091330941258e-18 6.378146488927798752e-15
5.146715000586132246e-18 6.392416786568403425e-15
5.162620915595653660e-18 6.406724042204986300e-15
5.178575987811715846e-18 6.421069022969449358e-15
5.194580369154591758e-18 6.435452502247138547e-15
5.210634212014022111e-18 6.449875259717318660e-15
5.226737669250834712e-18 6.464338081394785747e-15
5.242890894198146229e-18 6.478841759671921287e-15
5.259094040662990769e-18 6.493387093362331979e-15
5.275347262927700374e-18 6.507974887744850818e-15
5.291650715751547462e-18 6.522605954609112753e-15
5.308004554371955077e-18 6.537281112301467963e-15
5.324408934506152421e-18 6.552001185772356114e-15
5.340864012352613134e-18 6.566767006624643018e-15
5.357369944592540579e-18 6.581579413162703563e-15
5.373926888391361584e-18 6.596439250442917487e-15
5.390535001400223282e-18 6.611347370324789928e-15
5.407194441757491482e-18 6.626304631523653647e-15
5.423905368090259826e-18 6.641311899663980248e-15
5.440667939515815039e-18 6.656370047333970140e-15
5.457482315643327895e-18 6.671479954141386533e-15
5.474348656575107380e-18 6.686642506770137278e-15
5.491267122908258538e-18 6.701858599038504634e-15
5.508237875736346467e-18 6.717129131958103943e-15
5.525261076650659738e-18 6.732455013793994040e-15
5.542336887741931397e-18 6.747837160126360658e-15
5.559465471601834262e-18 6.763276493913095181e-15
5.576646991324530142e-18 6.778773945553491222e-15
5.593881610508225214e-18 6.794330452953453441e-15
5.611169493256723098e-18 6.809946961591700332e-15
5.628510804180991786e-18 6.825624424587470572e-15
5.645905708400728277e-18 6.841363802769155502e-15
5.663354371545885448e-18 6.857166064744562179e-15
5.680856959758434664e-18 6.873032186972336050e-15
5.698413639693670024e-18 6.888963153834506971e-15
5.716024578521980210e-18 6.904959957710908764e-15
5.733689943930344555e-18 6.921023599054177016e-15
5.751409904124121842e-18 6.937155086467044820e-15
5.769184627828368412e-18 6.953355436780150501e-15
5.787014284289630051e-18 6.969625675131834832e-15
5.804899043277512006e-18 6.985966835049131023e-15
5.822839075086289064e-18 7.002379958530237759e-15
5.840834550536531806e-18 7.018866096128463468e-15
5.858885640976730550e-18 7.035426307037546359e-15
5.876992518284930085e-18 7.052061659178883510e-15
5.895155354870361313e-18 7.068773229289626114e-15
5.913374323675038234e-18 7.085562103012719279e-15
5.931649598175598363e-18 7.102429374989003117e-15
5.949981352384661667e-18 7.119376148949392713e-15
5.968369760852634007e-18 7.136403537810211183e-15
5.986814998669514425e-18 7.153512663769707588e-15
6.005317241466273349e-18 7.170704658405702934e-15
6.023876665416715342e-18 7.187980662775108122e-15
6.042493447239109987e-18 7.205341827515844782e-15
6.061167764197875147e-18 7.222789312949510786e-15
6.079899794105263311e-18 7.240324289186178842e-15
6.098689715323055638e-18 7.257947936231279255e-15
6.117537706764261400e-18 7.275661444093517680e-15
6.136443947894818196e-18 7.293466012895449753e-15
6.155408618735303714e-18 7.311362852984980271e-15
6.174431899862599734e-18 7.329353185049721200e-15
6.193513972411809589e-18 7.347438240232280542e-15
6.212655018077685660e-18 7.365619260248083442e-15
6.231855219116504462e-18 7.383897497504860956e-15
6.251114758347960219e-18 7.402274215224148820e-15
6.270433819156596988e-18 7.420750687564715791e-15
6.289812585493760775e-18 7.439328199748208676e-15
6.309251241879297441e-18 7.458008048186412949e-15
6.328749973403312230e-18 7.476791540611216010e-15
6.348308965727930838e-18 7.495679996205922547e-15
6.367928405089067416e-18 7.514674742555587700e-15
6.387608478298197970e-18 7.533776545357562003e-15
6.407349372744138376e-18 7.552984940671098777e-15
6.427151276394778491e-18 7.572299297455898860e-15
6.447014377799078180e-18 7.591718976299610099e-15
6.466938866088551061e-18 7.611243329276267838e-15
6.486924930979222013e-18 7.630871699806197953e-15
6.506972762773590090e-18 7.650603422515705321e-15
6.527082552362125347e-18 7.670437823097011563e-15
6.547254491225299547e-18 7.690374218169141004e-15
6.567488771435351078e-18 7.710411915138607834e-15
6.587785585658120755e-18 7.730550212060911068e-15
6.608145127154879905e-18 7.750788397502487044e-15
6.628567589784176187e-18 7.771125750402721871e-15
6.649053168003675545e-18 7.791561539937058818e-15
6.669602056872014183e-18 7.812095025379943202e-15
6.690214452050658247e-18 7.832725455969013668e-15
6.710890549805708802e-18 7.853452070768925865e-15
6.731630547009994165e-18 7.874274098536763313e-15
6.752434641144611419e-18 7.895190757587235267e-15
6.773303030300971748e-18 7.916201255658761275e-15
6.794235913182855024e-18 7.937304789780297251e-15
6.815233489107968263e-18 7.958500546138590700e-15
6.836295958010064155e-18 7.979787699946327347e-15
6.857423520440791492e-18 8.001165415310809466e-15
6.878616377571602613e-18 8.022632845103359954e-15
6.899874731195670854e-18 8.044189130829641487e-15
6.921198783729810324e-18 8.065833402500523149e-15
6.942588738216404908e-18 8.087564778503969415e-15
6.964044798325338824e-18 8.109382365477596521e-15
6.985567168355884031e-18 8.131285258182063443e-15
7.007156053238865748e-18 8.153272539375535726e-15
7.028811658538281004e-18 8.175343279688871915e-15
7.050534190453475709e-18 8.197496537501758191e-15
7.072323855820998169e-18 8.219731358819857484e-15
7.094180862116797728e-18 8.242046777153373806e-15
7.116105417457856416e-18 8.264441813395416206e-15
7.138097730604395293e-18 8.286915475702932843e-15
7.160158010961811165e-18 8.309466759377869087e-15
7.182286468582668769e-18 8.332094646749441073e-15
7.204483314168699111e-18 8.354798107057848139e-15
7.226748759072803980e-18 8.377576096339192220e-15
7.249083015301074321e-18 8.400427557311179789e-15
7.271486295514805527e-18 8.423351419260748622e-15
7.293958813032461887e-18 8.446346597932139480e-15
7.316500781831944563e-18 8.469411995417664118e-15
7.339112416552278705e-18 8.492546500047679696e-15
7.361793932495825956e-18 8.515748986284111494e-15
7.384545545630526239e-18 8.539018314614505733e-15
7.407367472591580245e-18 8.562353331447071633e-15
7.430259930683765173e-18 8.585752869007881794e-15
7.453223137883434619e-18 8.609215745239610854e-15
7.476257312840600115e-18 8.632740763701569456e-15
7.499362674881011136e-18 8.656326713471450047e-15
7.522539444008241269e-18 8.679972369048621995e-15
7.545787840905785164e-18 8.703676490259616588e-15
7.569108086939160109e-18 8.727437822164464001e-15
7.592500404157949055e-18 8.751255094965573548e-15
7.615965015298170283e-18 8.775127023918526139e-15
7.639502143784015360e-18 8.799052309243507286e-15
7.663112013730232674e-18 8.823029636040353096e-15
7.686794849944135020e-18 8.847057674203935471e-15
7.710550877927987753e-18 8.871135078343141360e-15
7.734380323880783727e-18 8.895260487700128113e-15
7.758283414700646856e-18 8.919432526072959894e-15
7.782260377986929063e-18 8.943649801739843896e-15
7.806311442042375029e-18 8.967910907385726841e-15
7.830436835875303884e-18 8.992214420030753178e-15
7.854636789201780118e-18 9.016558900961097765e-15
7.878911532447806055e-18 9.040942895662406513e-15
7.903261296751518960e-18 9.065364933755240748e-15
7.927686313965318801e-18 9.089823528932640442e-15
7.952186816658341144e-18 9.114317178901082716e-15
7.976763038118281399e-18 9.138844365322470577e-15
8.001415212353812240e-18 9.163403553760007601e-15
8.026143574097001036e-18 9.187993193625839654e-15
8.050948358805161826e-18 9.212611718131569647e-15
8.075829802663354403e-18 9.237257544241093121e-15
8.100788142586567551e-18 9.261929072626723382e-15
8.125823616221973152e-18 9.286624687627528599e-15
8.150936461951194159e-18 9.311342757210795952e-15
8.176126918892571036e-18 9.336081632936207877e-15
8.201395226903438971e-18 9.360839649922564758e-15
8.226741626582411264e-18 9.385615126818369886e-15
8.252166359271673491e-18 9.410406365774209855e-15
8.277669667059205258e-18 9.435211652419155003e-15
8.303251792781368652e-18 9.460029255839775712e-15
8.328912980024803355e-18 9.484857428562083800e-15
8.354653473128955004e-18 9.509694406537178413e-15
8.380473517188605094e-18 9.534538409129987400e-15
8.406373358055792285e-18 9.559387639110675040e-15
8.432353242342431669e-18 9.584240282650230731e-15
8.458413417422591983e-18 9.609094509318911782e-15
8.484554131434849874e-18 9.633948472088136673e-15
8.510775633284654937e-18 9.658800307336071775e-15
8.537078172646697838e-18 9.683648134856446076e-15
8.563461999967289221e-18 9.708490057871201358e-15
8.589927366466741705e-18 9.733324163046548672e-15
8.616474524141697941e-18 9.758148520512672501e-15
8.643103725767802264e-18 9.782961183887355573e-15
8.669815224901692877e-18 9.807760218623644998e-15
8.696609275883695070e-18 9.832544758929672099e-15
8.723486133840101520e-18 9.857315335896967840e-15
8.750446054685882463e-18 9.882072582373667073e-15
8.777489295126704063e-18 9.906817141036215384e-15
8.804616112661650911e-18 9.931549664386475551e-15
8.831826765585604935e-18 9.956270814748393817e-15
8.859121512991712126e-18 9.980981264265824210e-15
8.886500614773843108e-18 1.000568169489992215e-14
8.913964331629072198e-18 1.003037279842740896e-14
8.941512925060153378e-18 1.005505527643911875e-14
8.969146657378019384e-18 1.007972984033875367e-14
8.996865791704199129e-18 1.010439721134224168e-14
9.024670591973618784e-18 1.012905812047768772e-14
9.052561322936670986e-18 1.015371330858502815e-14
9.080538250161966618e-18 1.017836352631695531e-14
9.108601640039069620e-18 1.020300953414032166e-14
9.136751759780603192e-18 1.022765210233722690e-14
9.164988877425084761e-18 1.025229201100744127e-14
9.193313261839401955e-18 1.027693005007082110e-14
9.221725182721376404e-18 1.030156701927079711e-14
9.250224910602330617e-18 1.032620372817791646e-14
9.278812716849662566e-18 1.035084099619439123e-14
9.307488873669434137e-18 1.037547965255867073e-14
9.336253654108956495e-18 1.040012053635142737e-14
9.365107332059315368e-18 1.042476449650129163e-14
9.394050182258290753e-18 1.044941239179211911e-14
9.423082480292504713e-18 1.047406509087012020e-14
9.452204502600361122e-18 1.049872347225217156e-14
9.481416526474512387e-18 1.052338842433469393e-14
9.510718830064822307e-18 1.054806084540346400e-14
9.540111692380540059e-18 1.057274164364334423e-14
9.569595393293270750e-18 1.059743173715002422e-14
9.599170213539562333e-18 1.062213205394141663e-14
9.628836434723580330e-18 1.064684353197043355e-14
9.658594339319785651e-18 1.067156711913857700e-14
9.688444210675624733e-18 1.069630377330980082e-14
9.718386333014232000e-18 1.072105446232606379e-14
9.748420991437132333e-18 1.074582016402282135e-14
9.778548471926874199e-18 1.077060186624613753e-14
9.808769061350077242e-18 1.079540056687055896e-14
9.839083047459681772e-18 1.082021727381719717e-14
9.869490718897925478e-18 1.084505300507364414e-14
9.899992365199337099e-18 1.086990878871455054e-14
9.930588276793012096e-18 1.089478566292276404e-14
9.961278745005692606e-18 1.091968467601198540e-14
9.992064062064471444e-18 1.094460688644997204e-14
1.002294452109956236e-17 1.096955336288328456e-14
1.005392041614710266e-17 1.099452518416269128e-14
1.008499204215194655e-17 1.101952343936938519e-14
1.011615969497047241e-17 1.104454922784297435e-14
1.014742367137340541e-17 1.106960365920993449e-14
1.017878426904855542e-17 1.109468785341356682e-14
1.021024178660398785e-17 1.111980294074483460e-14
1.024179652357036098e-17 1.114495006187435932e-14
1.027344878040412299e-17 1.117013036788580215e-14
1.030519885849018976e-17 1.119534502031003899e-14
1.033704706014516661e-17 1.122059519116125711e-14
1.036899368861971175e-17 1.124588206297313713e-14
1.040103904810176417e-17 1.127120682883734147e-14
1.043318344371935239e-17 1.129657069244290850e-14
1.046542718154350804e-17 1.132197486811647031e-14
1.049777056859117015e-17 1.134742058086463493e-14
1.053021391282811563e-17 1.137290906641680899e-14
1.056275752317188823e-17 1.139844157126991499e-14
1.059540170949474138e-17 1.142401935273438982e-14
1.062814678262650087e-17 1.144964367898122927e-14
1.066099305435787130e-17 1.147531582909124607e-14
1.069394083744288894e-17 1.150103709310419858e-14
1.072699044560214957e-17 1.152680877207131155e-14
1.076014219352607182e-17 1.155263217810786480e-14
1.079339639687735462e-17 1.157850863444734212e-14
1.082675337229434526e-17 1.160443947549806999e-14
1.086021343739395761e-17 1.163042604690021590e-14
1.089377691077470115e-17 1.165646970558499708e-14
1.092744411201971630e-17 1.168257181983544016e-14
1.096121536169981119e-17 1.170873376934816479e-14
1.099509098137651851e-17 1.173495694529766625e-14
1.102907129360515542e-17 1.176124275040131926e-14
1.106315662193789887e-17 1.178759259898662518e-14
1.109734729092677160e-17 1.181400791705986022e-14
1.113164362612709334e-17 1.184049014237702725e-14
1.116604595410004158e-17 1.186704072451517192e-14
1.120055460241603042e-17 1.189366112494669812e-14
1.123516989965810632e-17 1.192035281711528162e-14
1.126989217542452121e-17 1.194711728651307748e-14
1.130472176033224533e-17 1.197395603075971816e-14
1.133965898602001948e-17 1.200087055968375079e-14
1.137470418515151353e-17 1.202786239540550856e-14
1.140985769141849418e-17 1.205493307242220991e-14
1.144511983954400199e-17 1.208208413769401850e-14
1.148049096528553611e-17 1.210931715073349848e-14
1.151597140543825746e-17 1.213663368369573553e-14
1.155156149783809641e-17 1.216403532147114157e-14
1.158726158136534580e-17 1.219152366178024911e-14
1.162307199594732647e-17 1.221910031526996165e-14
1.165899308256199869e-17 1.224676690561279403e-14
1.169502518324101750e-17 1.227452506960718237e-14
1.173116864107337503e-17 1.230237645728093371e-14
1.176742380020809061e-17 1.233032273199578955e-14
1.180379100585787163e-17 1.235836538698936731e-14
1.184027060430230589e-17 1.238650464911055890e-14
1.187686294289115731e-17 1.241474020176989407e-14
1.191356837004767236e-17 1.244307172174975753e-14
1.195038723527190185e-17 1.247149888112087138e-14
1.198731988914402439e-17 1.250002134719591472e-14
1.202436668332768513e-17 1.252863878248422418e-14
1.206152797057324676e-17 1.255735084464518640e-14
1.209880410472154427e-17 1.258615718644300005e-14
1.213619544070665988e-17 1.261505745570037752e-14
1.217370233455959764e-17 1.264405129525292675e-14
1.221132514341197514e-17 1.267313834290355341e-14
1.224906422549882606e-17 1.270231823137646723e-14
1.228691994016240582e-17 1.273159058827148798e-14
1.232489264785551807e-17 1.276095503601854712e-14
1.236298271014494743e-17 1.279041119183214374e-14
1.240119048971489694e-17 1.281995866766563318e-14
1.243951635037044698e-17 1.284959707016579502e-14
1.247796065704101580e-17 1.287932600062761074e-14
1.251652377578383390e-17 1.290914505494874025e-14
1.255520607378733061e-17 1.293905382358410550e-14
1.259400791937503983e-17 1.296905189150125835e-14
1.263292968200848738e-17 1.299913883813461716e-14
1.267197173229112460e-17 1.302931423734075573e-14
1.271113444197164855e-17 1.305957765735333096e-14
1.275041818394795255e-17 1.308992866073869678e-14
1.278982333227006435e-17 1.312036680435031588e-14
1.282935026214411199e-17 1.315089163928490538e-14
1.286899934993580284e-17 1.318150271083743543e-14
1.290877097317399502e-17 1.321219955845678265e-14
1.294866551055430428e-17 1.324298171570162173e-14
1.298868334194270317e-17 1.327384871019598891e-14
1.302882484837913875e-17 1.330480006358531558e-14
1.306909041208116252e-17 1.333583529149255031e-14
1.310948041644746031e-17 1.336695390347420978e-14
1.314999524606193216e-17 1.339815540297707035e-14
1.319063528669671679e-17 1.342943928729412435e-14
1.323140092531617444e-17 1.346080504752157300e-14
1.327229255008090511e-17 1.349225216851580661e-14
1.331331055035079616e-17 1.352378012884989898e-14
1.335445531668915459e-17 1.355538840077102619e-14
1.339572724086632779e-17 1.358707645015781926e-14
1.343712671586342596e-17 1.361884373647756680e-14
1.347865413587606461e-17 1.365068971274426349e-14
1.352030989631812703e-17 1.368261382547623551e-14
1.356209439382551444e-17 1.371461551465414485e-14
1.360400802625993782e-17 1.374669421367949671e-14
1.364605119271269270e-17 1.377884934933290882e-14
1.368822429350836001e-17 1.381108034173249427e-14
1.373052773020905393e-17 1.384338660429384892e-14
1.377296190561758352e-17 1.387576754368789466e-14
1.381552722378161729e-17 1.390822255980073112e-14
1.385822408999786793e-17 1.394075104569373038e-14
1.390105291081528468e-17 1.397335238756243096e-14
1.394401409403936126e-17 1.400602596469752397e-14
1.398710804873591998e-17 1.403877114944456119e-14
1.403033518523499742e-17 1.407158730716480712e-14
1.407369591513475491e-17 1.410447379619622819e-14
1.411719065130539815e-17 1.413742996781454828e-14
1.416081980789310608e-17 1.417045516619468764e-14
1.420458380032397526e-17 1.420354872837250310e-14
1.424848304530786240e-17 1.423670998420660725e-14
1.429251796084281253e-17 1.426993825634125092e-14
1.433668896621834688e-17 1.430323286016847050e-14
1.438099648201990953e-17 1.433659310379103827e-14
1.442544093013265453e-17 1.437001828798600445e-14
1.447002273374591404e-17 1.440350770616839692e-14
1.451474231735654795e-17 1.443706064435469071e-14
1.455960010677342432e-17 1.447067638112753324e-14
1.460459652912138528e-17 1.450435418760021407e-14
1.464973201284529610e-17 1.453809332738180668e-14
1.469500698771412816e-17 1.457189305654225665e-14
1.474042188482506042e-17 1.460575262357857427e-14
1.478597713660756854e-17 1.463967126938051588e-14
1.483167317682755715e-17 1.467364822719741074e-14
1.487751044059136273e-17 1.470768272260486476e-14
1.492348936435037274e-17 1.474177397347240774e-14
1.496961038590447688e-17 1.477592118993079666e-14
1.501587394440656916e-17 1.481012357434043289e-14
1.506228048036712085e-17 1.484438032126005065e-14
1.510883043565763474e-17 1.487869061741531093e-14
1.515552425351532913e-17 1.491305364166873008e-14
1.520236237854725767e-17 1.494746856498922353e-14
1.524934525673452487e-17 1.498193455042272851e-14
1.529647333543654168e-17 1.501645075306299735e-14
1.534374706339528096e-17 1.505101632002262418e-14
1.539116689073954845e-17 1.508563039040527698e-14
1.543873326898928453e-17 1.512029209527770885e-14
1.548644665105971190e-17 1.515500055764236241e-14
1.553430749126617043e-17 1.518975489241132480e-14
1.558231624532768553e-17 1.522455420637935809e-14
1.563047337037180608e-17 1.525939759819860837e-14
1.567877932493869973e-17 1.529428415835336541e-14
1.572723456898604013e-17 1.532921296913571208e-14
1.577583956389261847e-17 1.536418310462116429e-14
1.582459477246323991e-17 1.539919363064510935e-14
1.587350065893300997e-17 1.543424360478025713e-14
1.592255768897174720e-17 1.546933207631396506e-14
1.597176632968842362e-17 1.550445808622655392e-14
1.602112704963562055e-17 1.553962066982536487e-14
1.607064031881396592e-17 1.557481968353714835e-14
1.612030660867663022e-17 1.561005698931678969e-14
1.617012639213368367e-17 1.564533476372118517e-14
1.622010014355710675e-17 1.568065520333720147e-14
1.627022833878454034e-17 1.571602052484150604e-14
1.632051145512419767e-17 1.575143296506405147e-14
1.637094997135980696e-17 1.578689478105462692e-14
1.642154436775438627e-17 1.582240825015243257e-14
1.647229512605533107e-17 1.585797567005885668e-14
1.652320272949887617e-17 1.589359935891405197e-14
1.657426766281470568e-17 1.592928165537634549e-14
1.662549041223054747e-17 1.596502491870528355e-14
1.667687146547682933e-17 1.600083152884829605e-14
1.672841131179130118e-17 1.603670388653052874e-14
1.678011044192370045e-17 1.607264441334865458e-14
1.683196934814028804e-17 1.610865555186785316e-14
1.688398852422909608e-17 1.614473976572322981e-14
1.693616846550377979e-17 1.618089953972367700e-14
1.698850966880891148e-17 1.621713737996111897e-14
1.704101263252440865e-17 1.625345581392229965e-14
1.709367785657086188e-17 1.628985739060518064e-14
1.714650584241344218e-17 1.632634468063916045e-14
1.719949709306723498e-17 1.636292027640889098e-14
1.725265211310189326e-17 1.639958679218282713e-14
1.730597140864644769e-17 1.643634686424554084e-14
1.735945548739411378e-17 1.647320315103405836e-14
1.741310485860713290e-17 1.651015833327882971e-14
1.746692003312162253e-17 1.654721511414871811e-14
1.752090152335244192e-17 1.658437621940044815e-14
1.757504984329791295e-17 1.662164439753238948e-14
1.762936550854531135e-17 1.665902241994311467e-14
1.768384903627489724e-17 1.669651308109397717e-14
1.773850094526527697e-17 1.673411919867652963e-14
1.779332175589877106e-17 1.677184361378523086e-14
1.784831199016551561e-17 1.680968919109356056e-14
1.790347217166899059e-17 1.684765881903607265e-14
1.795880282563088231e-17 1.688575540999503660e-14
1.801430447889606320e-17 1.692398190049151220e-14
1.806997765993762691e-17 1.696234125138194942e-14
1.812582289886190808e-17 1.700083644805984336e-14
1.818184072741353904e-17 1.703947050066193306e-14
1.823803167898050038e-17 1.707824644428040505e-14
1.829439628859921464e-17 1.711716733917972282e-14
1.835093509295948288e-17 1.715623627101894991e-14
1.840764863041019157e-17 1.719545635107997684e-14
1.846453744096354347e-17 1.723483071650026032e-14
1.852160206630064746e-17 1.727436253051182919e-14
1.857884304977713919e-17 1.731405498268616573e-14
1.863626093642742735e-17 1.735391128918357410e-14
1.869385627297050842e-17 1.739393469300972421e-14
1.875162960781500802e-17 1.743412846427733896e-14
1.880958149106441328e-17 1.747449590047379164e-14
1.886771247452230207e-17 1.751504032673485330e-14
1.892602311169760008e-17 1.755576509612474466e-14
1.898451395780985322e-17 1.759667358992188677e-14
1.904318556979450928e-17 1.763776921791141383e-14
1.910203850630807019e-17 1.767905541868366864e-14
1.916107332773403623e-17 1.772053565993967167e-14
1.922029059618730019e-17 1.776221343880191329e-14
1.927969087552012548e-17 1.780409228213345434e-14
1.933927473132720286e-17 1.784617574686221108e-14
1.939904273095167164e-17 1.788846742031321074e-14
1.945899544348956321e-17 1.793097092054680149e-14
1.951913343979585925e-17 1.797368989670433439e-14
1.957945729248977029e-17 1.801662802936097357e-14
1.963996757596018381e-17 1.805978903088549886e-14
1.970066486637113693e-17 1.810317664580746369e-14
1.976154974166729841e-17 1.814679465119172422e-14
1.982262278157947218e-17 1.819064685702052881e-14
1.988388456763012859e-17 1.823473710658288085e-14
1.994533568313876006e-17 1.827906927687216253e-14
2.000697671322809642e-17 1.832364727899129062e-14
2.006880824482870869e-17 1.836847505856546743e-14
2.013083086668506415e-17 1.841355659616315489e-14
2.019304516936164006e-17 1.845889590772613939e-14
2.025545174524756126e-17 1.850449704500597382e-14
2.031805118856289570e-17 1.855036409601044444e-14
2.038084409536414558e-17 1.859650118545781595e-14
2.044383106354992046e-17 1.864291247523976973e-14
2.050701269286664099e-17 1.868960216489335727e-14
2.057038958491423976e-17 1.873657449208144801e-14
2.063396234315189897e-17 1.878383373308236897e-14
2.069773157290378202e-17 1.883138418479536590e-14
2.076169788136464180e-17 1.887922821611190737e-14
2.082586187760627027e-17 1.892736452546074362e-14
2.089022417258229016e-17 1.897579138752237130e-14
2.095478537913464766e-17 1.902450705476224769e-14
2.101954611199909133e-17 1.907350975700630464e-14
2.108450698781174178e-17 1.912279770101767737e-14
2.114966862511390501e-17 1.917236907007415267e-14
2.121503164435866370e-17 1.922222202354695826e-14
2.128059666791661182e-17 1.927235469648077319e-14
2.134636432008177730e-17 1.932276519917505412e-14
2.141233522707756621e-17 1.937345161676583810e-14
2.147851001706273155e-17 1.942441200881018009e-14
2.154488932013734218e-17 1.947564440887079873e-14
2.161147376834879781e-17 1.952714682410261232e-14
2.167826399569765922e-17 1.957891723484037907e-14
2.174526063814439976e-17 1.963095359418904800e-14
2.181246433361438816e-17 1.968325382761367743e-14
2.187987572200450754e-17 1.973581583253236070e-14
2.194749544518977444e-17 1.978863747791173302e-14
2.201532414702838325e-17 1.984171660386118769e-14
2.208336247336854707e-17 1.989505102123226101e-14
2.215161107205447582e-17 1.994863851121812444e-14
2.222007059293253921e-17 2.000247682495521296e-14
2.228874168785746055e-17 2.005656368312722960e-14
2.235762501069850741e-17 2.011089677557125762e-14
2.242672121734574096e-17 2.016547376088557998e-14
2.249603096571624663e-17 2.022029226604044584e-14
2.256555491576021707e-17 2.027534988599055057e-14
2.263529372946796863e-17 2.033064418329079736e-14
2.270524807087515219e-17 2.038617268771304649e-14
2.277541860606979742e-17 2.044193289586708663e-14
2.284580600319829706e-17 2.049792227082313649e-14
2.291641093247250354e-17 2.055413824173834125e-14
2.298723406617500453e-17 2.061057820348397585e-14
2.305827607866625658e-17 2.066723951627815448e-14
2.312953764639083127e-17 2.072411950531957513e-14
2.320101944788384628e-17 2.078121546042534089e-14
2.327272216377743347e-17 2.083852463567184837e-14
2.334464647680721919e-17 2.089604424903875589e-14
2.341679307181882013e-17 2.095377148205672547e-14
2.348916263577436983e-17 2.101170347945816260e-14
2.356175585775886044e-17 2.106983734883185290e-14
2.363457342898748281e-17 2.112817016028197231e-14
2.370761604281104991e-17 2.118669894608929336e-14
2.378088439472316742e-17 2.124542070037762326e-14
2.385437918236745064e-17 2.130433237878446393e-14
2.392810110554299406e-17 2.136343089813456559e-14
2.400205086621182245e-17 2.142271313611844068e-14
2.407622916850536196e-17 2.148217593097574351e-14
2.415063671873116393e-17 2.154181608118217134e-14
2.422527422537962255e-17 2.160163034514160356e-14
2.430014239913071713e-17 2.166161544088267419e-14
2.437524195286077905e-17 2.172176804576007764e-14
2.445057360164929262e-17 2.178208479616145003e-14
2.452613806278568669e-17 2.184256228721815071e-14
2.460193605577596906e-17 2.190319707252255664e-14
2.467796830235039630e-17 2.196398566384997309e-14
2.475423552646910985e-17 2.202492453088558997e-14
2.483073845432965787e-17 2.208601010095780583e-14
2.490747781437451100e-17 2.214723875877737048e-14
2.498445433729677548e-17 2.220860684618083165e-14
2.506166875604797077e-17 2.227011066188193653e-14
2.513912180584479962e-17 2.233174646122796839e-14
2.521681422417614918e-17 2.239351045596229632e-14
2.529474675081011991e-17 2.245539881399368388e-14
2.537292012780106058e-17 2.251740765917200649e-14
2.545133509949664030e-17 2.257953307107035226e-14
2.552999241254493287e-17 2.264177108477430148e-14
2.560889281590131621e-17 2.270411769067738445e-14
2.568803706083644112e-17 2.276656883428480026e-14
2.576742590094213229e-17 2.282912041602301731e-14
2.584706009213940328e-17 2.289176829105736346e-14
2.592694039268521730e-17 2.295450826911692095e-14
2.600706756318057301e-17 2.301733611432776126e-14
2.608744236657647340e-17 2.308024754505250021e-14
2.616806556818202083e-17 2.314323823373886195e-14
2.624893793567151371e-17 2.320630380677601160e-14
2.633006023909174346e-17 2.326943984435920882e-14
2.641143325086932843e-17 2.333264188036252348e-14
2.649305774581807563e-17 2.339590540221967355e-14
2.657493450114634544e-17 2.345922585081510230e-14
2.665706429646446565e-17 2.352259862038203539e-14
2.673944791379192374e-17 2.358601905841011473e-14
2.682208613756570220e-17 2.364948246556306665e-14
2.690497975464642308e-17 2.371298409560361493e-14
2.698812955432649546e-17 2.377651915532951372e-14
2.707153632833830597e-17 2.384008280451951363e-14
2.715520087086041572e-17 2.390367015588587239e-14
2.723912397852602208e-17 2.396727627504077770e-14
2.732330645043031721e-17 2.403089618047041270e-14
2.740774908813809015e-17 2.409452484351943116e-14
2.749245269569136579e-17 2.415815718838624322e-14
2.757741807961706547e-17 2.422178809212832921e-14
2.766264604893467372e-17 2.428541238467853434e-14
2.774813741516395430e-17 2.434902484887183001e-14
2.783389299233243205e-17 2.441262022048285095e-14
2.791991359698408577e-17 2.447619318827552093e-14
2.800620004818572383e-17 2.453973839406226778e-14
2.809275316753571401e-17 2.460325043277578449e-14
2.817957377917132977e-17 2.466672411932465958e-14
2.826666270977755098e-17 2.473015786919361760e-14
2.835402078859352273e-17 2.479355273143083930e-14
2.844164884742137453e-17 2.485690983441007037e-14
2.852954772063394255e-17 2.492023032763418149e-14
2.861771824518267049e-17 2.498351538173212653e-14
2.870616126060560920e-17 2.504676618845601741e-14
2.879487760903539770e-17 2.510998396067791187e-14
2.888386813520728119e-17 2.517316993238764254e-14
2.897313368646716609e-17 2.523632535869043770e-14
2.906267511277943469e-17 2.529945151580528682e-14
2.915249326673599854e-17 2.536254970106323340e-14
2.924258900356299148e-17 2.542562123290612862e-14
2.933296318112961962e-17 2.548866745088581087e-14
2.942361665995705457e-17 2.555168971566443399e-14
2.951455030322518186e-17 2.561468940901384243e-14
2.960576497678178379e-17 2.567766793381671355e-14
2.969726154915055745e-17 2.574062671406768093e-14
2.978904089153934232e-17 2.580356719487502889e-14
2.988110387784848338e-17 2.586649084246343770e-14
2.997345138467907107e-17 2.592939914417644480e-14
3.006608429134136603e-17 2.599229360848055954e-14
3.015900347986311912e-17 2.605517576496924218e-14
3.025220983499798392e-17 2.611804716436823974e-14
3.034570424423370112e-17 2.618090937854120901e-14
3.043948759780154023e-17 2.624376400049686992e-14
3.053356078868326987e-17 2.630661264439526281e-14
3.062792471262043309e-17 2.636945694555693077e-14
3.072258026812359796e-17 2.643229856047190631e-14
3.081752835647943887e-17 2.649513916680935444e-14
3.091276988176029526e-17 2.655798046342848417e-14
3.100830575083254097e-17 2.662082417039101566e-14
3.110413687336523089e-17 2.668367202897338865e-14
3.120026416183873528e-17 2.674652580168115443e-14
3.129668853155346040e-17 2.680938727226353822e-14
3.139341090063852595e-17 2.687225824572987271e-14
3.149043219006055351e-17 2.693514054836646075e-14
3.158775332363212828e-17 2.699803602775479174e-14
3.168537522802166600e-17 2.706094655279169541e-14
3.178329883276067296e-17 2.712387401370925590e-14
3.188152507025362523e-17 2.718682032209695027e-14
3.198005487578633800e-17 2.724978741092483791e-14
3.207888918753590028e-17 2.731277723456876934e-14
3.217802894657806429e-17 2.737579176883513125e-14
3.227747509689722955e-17 2.743883301098858279e-14
3.237722858539518189e-17 2.750190297978082063e-14
3.247729036190009146e-17 2.756500371548035058e-14
3.257766137917559694e-17 2.762813727990399150e-14
3.267834259292983428e-17 2.769130575645034512e-14
3.277933496182455175e-17 2.775451125013325321e-14
3.288063944748424351e-17 2.781775588761924952e-14
3.298225701450504271e-17 2.788104181726386633e-14
3.308418863046496442e-17 2.794437120915268362e-14
3.318643526593151688e-17 2.800774625514003688e-14
3.328899789447173481e-17 2.807116916889321857e-14
3.339187749266229287e-17 2.813464218593725073e-14
3.349507504009714162e-17 2.819816756369890969e-14
3.359859151939794752e-17 2.826174758155672096e-14
3.370242791622316491e-17 2.832538454088967925e-14
3.380658521927742834e-17 2.838908076512903563e-14
3.391106442032095728e-17 2.845283859981174756e-14
3.401586651417899781e-17 2.851666041263588221e-14
3.412099249875131976e-17 2.858054859351791614e-14
3.422644337502168919e-17 2.864450555465219962e-14
3.433222014706713137e-17 2.870853373057178100e-14
3.443832382206861119e-17 2.877263557821301753e-14
3.454475541031894644e-17 2.883681357697944157e-14
3.465151592523353755e-17 2.890107022881059973e-14
3.475860638335947027e-17 2.896540805825122021e-14
3.486602780438631327e-17 2.902982961252367440e-14
3.497378121115412996e-17 2.909433746160155549e-14
3.508186762966435613e-17 2.915893419828656406e-14
3.519028808908928482e-17 2.922362243828714169e-14
3.529904362178186543e-17 2.928840482029956590e-14
3.540813526328552746e-17 2.935328400609151257e-14
3.551756405234404135e-17 2.941826268058771361e-14
3.562733103091143465e-17 2.948334355195825265e-14
3.573743724416187746e-17 2.954852935170966892e-14
3.584788374049934595e-17 2.961382283477772104e-14
3.595867157156880204e-17 2.967922677962409503e-14
3.606980179226443941e-17 2.974474398833397695e-14
3.618127546074057968e-17 2.981037728671710914e-14
3.629309363842267333e-17 2.987612952441260142e-14
3.640525739001560117e-17 2.994200357499395058e-14
3.651776778351502661e-17 3.000800233607905805e-14
3.663062589021723789e-17 3.007412872944207150e-14
3.674383278472937247e-17 3.014038570112790844e-14
3.685738954497963524e-17 3.020677622156989122e-14
3.697129725222755990e-17 3.027330328571053736e-14
3.708555699107431956e-17 3.033996991312471025e-14
3.720016984947304979e-17 3.040677914814598202e-14
3.731513691873888806e-17 3.047373405999642324e-14
3.743045929356059715e-17 3.054083774291883495e-14
3.754613807200916863e-17 3.060809331631209198e-14
3.766217435554947090e-17 3.067550392487019696e-14
3.777856924905014693e-17 3.074307273872401662e-14
3.789532386079536090e-17 3.081080295358663411e-14
3.801243930249350647e-17 3.087869779090101112e-14
3.812991668928900272e-17 3.094676049799245894e-14
3.824775713977264178e-17 3.101499434818172326e-14
3.836596177599220149e-17 3.108340253036932231e-14
3.848453172346315665e-17 3.115198790703955841e-14
3.860346811117938409e-17 3.122075329333490645e-14
3.872277207162391709e-17 3.128970152635582245e-14
3.884244474077971206e-17 3.135883546530109144e-14
3.896248725814017495e-17 3.142815799160970248e-14
3.908290076672127764e-17 3.149767200910669957e-14
3.920368641307049424e-17 3.156738044414976465e-14
3.932484534727873262e-17 3.163728624577973859e-14
3.944637872299220431e-17 3.170739238587424075e-14
3.956828769742149641e-17 3.177770185930187555e-14
3.969057343135387902e-17 3.184821768408134887e-14
3.981323708916403501e-17 3.191894290154226312e-14
3.993627983882514103e-17 3.198988057648888479e-14
4.005970285191999169e-17 3.206103379736687179e-14
4.018350730365216689e-17 3.213240567643236100e-14
4.030769437285719911e-17 3.220399934992490557e-14
4.043226524201382083e-17 3.227581797824192674e-14
4.055722109725520582e-17 3.234786474611749499e-14
4.068256312837993926e-17 3.242014286280353451e-14
4.080829252886467642e-17 3.249265556225466912e-14
4.093441049587351662e-17 3.256540610331340896e-14
4.106091823027037844e-17 3.263839776990255044e-14
4.118781693663146745e-17 3.271163387121892687e-14
4.131510782325471786e-17 3.278511774192854103e-14
4.144279210217264234e-17 3.285885274236692327e-14
4.157087098916353631e-17 3.293284225874339595e-14
4.169934570376306435e-17 3.300708970334673267e-14
4.182821746927585889e-17 3.308159851475484378e-14
4.195748751278716824e-17 3.315637215804845044e-14
4.208715706517455393e-17 3.323141412502720722e-14
4.221722736111960038e-17 3.330672793443009723e-14
4.234769963911932869e-17 3.338231713215887543e-14
4.247857514149936078e-17 3.345818529150538042e-14
4.260985511442370621e-17 3.353433601338161049e-14
4.274154080790796940e-17 3.361077292655436870e-14
4.287363347583058478e-17 3.368749968788334113e-14
4.300613437594614725e-17 3.376451998256298053e-14
4.313904476989529149e-17 3.384183752436687655e-14
4.327236592321809023e-17 3.391945605589826001e-14
4.340609910536577625e-17 3.399737934884215450e-14
4.354024558971281563e-17 3.407561120422276584e-14
4.367480665356904267e-17 3.415415545266442468e-14
4.380978357819180710e-17 3.423301595465607578e-14
4.394517764879818296e-17 3.431219660082058882e-14
4.408099015457720822e-17 3.439170131218775473e-14
4.421722238870179788e-17 3.447153404047107493e-14
4.435387564834249966e-17 3.455169876834954874e-14
4.449095123467768145e-17 3.463219950975301383e-14
4.462845045290699742e-17 3.471304031015138050e-14
4.476637461226490337e-17 3.479422524685052395e-14
4.490472502603096743e-17 3.487575842928904741e-14
4.504350301154379223e-17 3.495764399934188635e-14
4.518270989021322371e-17 3.503988613162835545e-14
4.532234698753291749e-17 3.512248903382387493e-14
4.546241563309297907e-17 3.520545694697636686e-14
4.560291716059259183e-17 3.528879414582805359e-14
4.574385290785274351e-17 3.537250493914148454e-14
4.588522421682895280e-17 3.545659367003022035e-14
4.602703243362367541e-17 3.554106471629424391e-14
4.616927890850062680e-17 3.562592249076199154e-14
4.631196499589537636e-17 3.571117144163392398e-14
4.645509205442975027e-17 3.579681605283463606e-14
4.659866144692402185e-17 3.588286084436781251e-14
4.674267454041138844e-17 3.596931037267767776e-14
4.688713270614872575e-17 3.605616923101434581e-14
4.703203731963115099e-17 3.614344204980563876e-14
4.717738976060476789e-17 3.623113349703379629e-14
4.732319141307975072e-17 3.631924827861705718e-14
4.746944366534357617e-17 3.640779113879817642e-14
4.761614790997423062e-17 3.649676686053676048e-14
4.776330554385342976e-17 3.658618026590817846e-14
4.791091796817997985e-17 3.667603621650827934e-14
4.805898658848268305e-17 3.676633961386334714e-14
4.820751281463530109e-17 3.685709539984693509e-14
4.835649806086764248e-17 3.694830855710041683e-14
4.850594374578017495e-17 3.703998410946156504e-14
4.865585129235874873e-17 3.713212712239993958e-14
4.880622212798575161e-17 3.722474270345449073e-14
4.895705768445530064e-17 3.731783600268197926e-14
4.910835939798645554e-17 3.741141221310893694e-14
4.926012870923691902e-17 3.750547626791653441e-14
4.941236706331675555e-17 3.760003004211897478e-14
4.956507590980211016e-17 3.769507360577854806e-14
4.971825670274906895e-17 3.779060699769029761e-14
4.987191090070746417e-17 3.788663024776715370e-14
5.002603996673477171e-17 3.798314337682449874e-14
5.018064536840963888e-17 3.808014639636696025e-14
5.033572857784749519e-17 3.817763930837297614e-14
5.049129107171210790e-17 3.827562210507681665e-14
5.064733433123086629e-17 3.837409476875072620e-14
5.080385984221012737e-17 3.847305727149009448e-14
5.096086909504689480e-17 3.857250957499007631e-14
5.111836358474466385e-17 3.867245163032864853e-14
5.127634481092722648e-17 3.877288337774366535e-14
5.143481427785295096e-17 3.887380474641280398e-14
5.159377349442912928e-17 3.897521565423031067e-14
5.175322397422633072e-17 3.907711600758315359e-14
5.191316723549279236e-17 3.917950570112754166e-14
5.207360480116891449e-17 3.928238461756307051e-14
5.223453819890130593e-17 3.938575262740701361e-14
5.239596896105905433e-17 3.948960958876798862e-14
5.255789862474573786e-17 3.959395534711701100e-14
5.272032873181536255e-17 3.969878973505957634e-14
5.288326082888830603e-17 3.980411257210697901e-14
5.304669646736350164e-17 3.990992366444477209e-14
5.321063720343489365e-17 4.001622280470223689e-14
5.337508459810584622e-17 4.012300977172042635e-14
5.354004021720401474e-17 4.023028433031981075e-14
5.370550563139621702e-17 4.033804623106569575e-14
5.387148241620343403e-17 4.044629521003465012e-14
5.403797215201578590e-17 4.055503098857907814e-14
5.420497642410758807e-17 4.066425327309062435e-14
5.437249682265244444e-17 4.077396175476412752e-14
5.454053494273793369e-17 4.088415610935925208e-14
5.470909238438260070e-17 4.099483599696256769e-14
5.487817075254849808e-17 4.110600106174769765e-14
5.504777165715780783e-17 4.121765093173559354e-14
5.521789671310953678e-17 4.132978521855409673e-14
5.538854754029216302e-17 4.144240351719551827e-14
5.555972576360088609e-17 4.155550540577466052e-14
5.573143301295265846e-17 4.166909044528602473e-14
5.590367092330167311e-17 4.178315817935922629e-14
5.607644113465494349e-17 4.189770813401524296e-14
5.624974529208791438e-17 4.201273981742054911e-14
5.642358504576017749e-17 4.212825271964101630e-14
5.659796205093107606e-17 4.224424631239564352e-14
5.677287796797511232e-17 4.236072004880804081e-14
5.694833446239956131e-17 4.247767336316054442e-14
5.712433320485752403e-17 4.259510567064223574e-14
5.730087587116576308e-17 4.271301636710231813e-14
5.747796414231962943e-17 4.283140482879756150e-14
5.765559970451103363e-17 4.295027041214438544e-14
5.783378424914163456e-17 4.306961245346427172e-14
5.801251947284084769e-17 4.318943026873399198e-14
5.819180707748151133e-17 4.330972315333208047e-14
5.837164877019608294e-17 4.343049038178541404e-14
5.855204626339293406e-17 4.355173120751634122e-14
5.873300127477262052e-17 4.367344486258706604e-14
5.891451552734426368e-17 4.379563055744596930e-14
5.909659074944191924e-17 4.391828748067074282e-14
5.927922867474058871e-17 4.404141479871363786e-14
5.946243104227464666e-17 4.416501165564499699e-14
5.964619959645148558e-17 4.428907717289502519e-14
5.983053608706958570e-17 4.441361044899711345e-14
6.001544226933665882e-17 4.453861055933057545e-14
6.020091990388339171e-17 4.466407655586149097e-14
6.038697075678220624e-17 4.479000746688350513e-14
6.057359659956356659e-17 4.491640229675990244e-14
6.076079920923282885e-17 4.504326002566308076e-14
6.094858036828721385e-17 4.517057960931548934e-14
6.113694186473273065e-17 4.529835997872801103e-14
6.132588549210119875e-17 4.542660003994102023e-14
6.151541304946739344e-17 4.555529867376234228e-14
6.170552634146556258e-17 4.568445473550524430e-14
6.189622717830875370e-17 4.581406705473086267e-14
6.208751737580290259e-17 4.594413443498132190e-14
6.227939875536622195e-17 4.607465565352123441e-14
6.247187314404550870e-17 4.620562946107355832e-14
6.266494237453555732e-17 4.633705458156013161e-14
6.285860828519360585e-17 4.646892971183605954e-14
6.305287272005879861e-17 4.660125352142892986e-14
6.324773752886931923e-17 4.673402465227495457e-14
6.344320456707993050e-17 4.686724171845730162e-14
6.363927569587971141e-17 4.700090330594295618e-14
6.383595278220970793e-17 4.713500797231944933e-14
6.403323769878075629e-17 4.726955424653182030e-14
6.423113232409133103e-17 4.740454062862070200e-14
6.442963854244483824e-17 4.753996558945797691e-14
6.462875824396971921e-17 4.767582757048603015e-14
6.482849332463425393e-17 4.781212498345266695e-14
6.502884568626624558e-17 4.794885621015010070e-14
6.522981723657265583e-17 4.808601960215268507e-14
6.543140988915461779e-17 4.822361348055386363e-14
6.563362556352779853e-17 4.836163613570410390e-14
6.583646618514008679e-17 4.850008582694980970e-14
6.603993368539002029e-17 4.863896078237162755e-14
6.624403000164507746e-17 4.877825919852289195e-14
6.644875707726016632e-17 4.891797924016851874e-14
6.665411686159617508e-17 4.905811904002535624e-14
6.686011131003843641e-17 4.919867669443208362e-14
6.706674238401542588e-17 4.933964711798874695e-14
6.727401205101686882e-17 4.948101635814953525e-14
6.748192228461463278e-17 4.962276876767771276e-14
6.769047506447828291e-17 4.976488851035673495e-14
6.789967237639555532e-17 4.990735955972728226e-14
6.810951621229287984e-17 5.005016569787555075e-14
6.832000857025110790e-17 5.019329051426941726e-14
6.853115145452668854e-17 5.033671740465226705e-14
6.874294687557025591e-17 5.048042956999003493e-14
6.895539685004568524e-17 5.062441001547248840e-14
6.916850340084939522e-17 5.076864154957274767e-14
6.938226855712955190e-17 5.091310678316372990e-14
6.959669435430538340e-17 5.105778812869424396e-14
6.981178283408659331e-17 5.120266779942535409e-14
7.002753604449221939e-17 5.134772780872746072e-14
7.024395603987237657e-17 5.149294996944170803e-14
7.046104488092449017e-17 5.163831589330286600e-14
7.067880463471510059e-17 5.178380699042900049e-14
7.089723737469843845e-17 5.192940446887736976e-14
7.111634518073848808e-17 5.207508933426815049e-14
7.133613013912529473e-17 5.222084238947427658e-14
7.155659434259720062e-17 5.236664423438572121e-14
7.177773989036009805e-17 5.251247526574059224e-14
7.199956888810750838e-17 5.265831567703258305e-14
7.222208344804059937e-17 5.280414545848841115e-14
7.244528568888825186e-17 5.294994439712373258e-14
7.266917773592733592e-17 5.309569207687228798e-14
7.289376172100282682e-17 5.324136787879502639e-14
7.311903978254761283e-17 5.338695098136454330e-14
7.334501406560517501e-17 5.353242036083468405e-14
7.357168672184644903e-17 5.367775479168459049e-14
7.379905990959211058e-17 5.382293284715002087e-14
7.402713579383494689e-17 5.396793289983805551e-14
7.425591654625682965e-17 5.411273312242252503e-14
7.448540434525178911e-17 5.425731148842995560e-14
7.471560137594621638e-17 5.440164577311001071e-14
7.494650983021962029e-17 5.454571355439541498e-14
7.517813190672550756e-17 5.468949221395060273e-14
7.541046981091231230e-17 5.483295893831179238e-14
7.564352575504441170e-17 5.497609072011810803e-14
7.587730195822319112e-17 5.511886435943646820e-14
7.611180064640752984e-17 5.526125646517931401e-14
7.634702405243749147e-17 5.540324345662011197e-14
7.658297441605188850e-17 5.554480156500117870e-14
7.681965398391203438e-17 5.568590683524223379e-14
7.705706500962194574e-17 5.582653512774590672e-14
7.729520975375225479e-17 5.596666212030353648e-14
7.753409048385802025e-17 5.610626331009940839e-14
7.777370947450279997e-17 5.624531401581880500e-14
7.801406900727967902e-17 5.638378937985790840e-14
7.825517137083302495e-17 5.652166437063461996e-14
7.849701886088021849e-17 5.665891378500869089e-14
7.873961378023358138e-17 5.679551225080120518e-14
7.898295843882227961e-17 5.693143422942490686e-14
7.922705515371428826e-17 5.706665401861820261e-14
7.947190624913782633e-17 5.720114575528822275e-14
7.971751405650611955e-17 5.733488341846338879e-14
7.996388091443563052e-17 5.746784083235192180e-14
8.021100916877034079e-17 5.759999166951308852e-14
8.045890117260602065e-17 5.773130945413968312e-14
8.070755928630868113e-17 5.786176756544802126e-14
8.095698587753973123e-17 5.799133924118327191e-14
8.120718332127783182e-17 5.811999758123611328e-14
8.145815399984150149e-17 5.824771555137112919e-14
8.170990030291179623e-17 5.837446598707035406e-14
8.196242462755510016e-17 5.850022159749018652e-14
8.221572937824591624e-17 5.862495496953133112e-14
8.246981696688980478e-17 5.874863857202469622e-14
8.272468981284557023e-17 5.887124476003170830e-14
8.298035034295114565e-17 5.899274577926020383e-14
8.323680099154252538e-17 5.911311377059442201e-14
8.349404420047971116e-17 5.923232077474155961e-14
8.375208241916857836e-17 5.935033873699461012e-14
8.401091810458695771e-17 5.946713951210896310e-14
8.427055372130387611e-17 5.958269486929642380e-14
8.453099174150583556e-17 5.969697649733375015e-14
8.479223464501959149e-17 5.980995600978761303e-14
8.505428491933583095e-17 5.992160495035409912e-14
8.531714505963280146e-17 6.003189479831395542e-14
8.558081756880010004e-17 6.014079697410272981e-14
8.584530495746251170e-17 6.024828284499479783e-14
8.611060974400389701e-17 6.035432373090231079e-14
8.637673445459047595e-17 6.045889091028688151e-14
8.664368162319767373e-17 6.056195562618636801e-14
8.691145379163010122e-17 6.066348909235020454e-14
8.718005350954774757e-17 6.076346249949162279e-14
8.744948333449249334e-17 6.086184702164805435e-14
8.771974583190814017e-17 6.095861382265095134e-14
8.799084357516772509e-17 6.105373406270833210e-14
8.826277914559727262e-17 6.114717890509341293e-14
8.853555513250040971e-17 6.123891952294133261e-14
8.880917413318296833e-17 6.132892710615273299e-14
8.908363875297779762e-17 6.141717286840269345e-14
8.935895160526948974e-17 6.150362805425340372e-14
8.963511531151929061e-17 6.158826394636946441e-14
8.991213250129010929e-17 6.167105187283533549e-14
9.019000581227073845e-17 6.175196321457234540e-14
9.046873789030398220e-17 6.183096941285493247e-14
9.074833138940738837e-17 6.190804197692136037e-14
9.102878897180073533e-17 6.198315553809875806e-14
9.131011330793362983e-17 6.205635318394894276e-14
9.159230707650647343e-17 6.212774587559217796e-14
9.187537296449891081e-17 6.219744814098238871e-14
9.215931366719470353e-17 6.226557519482972756e-14
9.244413188820738034e-17 6.233224290761716005e-14
9.272983033950599840e-17 6.239756777674667172e-14
9.301641174144094153e-17 6.246166689983452155e-14
9.330387882276980469e-17 6.252465795018401659e-14
9.359223432068345104e-17 6.258665915445754235e-14
9.388148098083124317e-17 6.264778927256615076e-14
9.417162155735025560e-17 6.270816757980374122e-14
9.446265881288693147e-17 6.276791385123518783e-14
9.475459551862643066e-17 6.282714834836826294e-14
9.504743445431749119e-17 6.288599180811549155e-14
9.534117840830198689e-17 6.294456543407375463e-14
9.563583017753679363e-17 6.300299089012770009e-14
9.593139256762361810e-17 6.306139029640116972e-14
9.622786839283482072e-17 6.311988622756795141e-14
9.652526047614029850e-17 6.317860171353768424e-14
9.682357164923430632e-17 6.323766024253476364e-14
9.712280475256247544e-17 6.329718576658269177e-14
9.742296263534881964e-17 6.335730270941202309e-14
9.772404815562285231e-17 6.341813597680725334e-14
9.802606418024605028e-17 6.347981096940906014e-14
9.832901358494231126e-17 6.354245359799102990e-14
9.863289925432054725e-17 6.360619030122448982e-14
9.893772408190456272e-17 6.367114806595633527e-14
9.924349097016300663e-17 6.373745445001642481e-14
9.955020283053216313e-17 6.380523760757567173e-14
9.985786258344693900e-17 6.387462631707808150e-14
1.001664731583678082e-16 6.394575001177221842e-14
1.004760374938087793e-16 6.401873881286479536e-14
1.007865585373653018e-16 6.409372356532618675e-14
1.010980392457419620e-16 6.417083587637710938e-14
1.014104825847822879e-16 6.425020815668611954e-14
1.017238915294944726e-16 6.433197366431283837e-14
1.020382690640810065e-16 6.441626655143412707e-14
1.023536181819682593e-16 6.450322191388881784e-14
1.026699418858325743e-16 6.459297584358617413e-14
1.029872431876304298e-16 6.468566548381761132e-14
1.033055251086263695e-16 6.478142908752352834e-14
1.036247906794234111e-16 6.488040607856510599e-14
1.039450429399893497e-16 6.498273711604854271e-14
1.042662849396870301e-16 6.508856416177050360e-14
1.045885197373046073e-16 6.519803055083747880e-14
1.049117504010821335e-16 6.531128106552597176e-14
1.052359800087424960e-16 6.542846201245761985e-14
1.055612116475198413e-16 6.554972130315645836e-14
1.058874484141906855e-16 6.567520853807448398e-14
1.062146934151008589e-16 6.580507509416117272e-14
1.065429497661963207e-16 6.593947421607314292e-14
1.068722205930542086e-16 6.607856111111331273e-14
1.072025090309098811e-16 6.622249304800105648e-14
1.075338182246881646e-16 6.637142945957842356e-14
1.078661513290346116e-16 6.652553204956653327e-14
1.081995115083428521e-16 6.668496490348304049e-14
1.085339019367865177e-16 6.684989460385885556e-14
1.088693257983485775e-16 6.702049034987227048e-14
1.092057862868534348e-16 6.719692408155119576e-14
1.095432866059946359e-16 6.737937060868137527e-14
1.098818299693667818e-16 6.756800774458482648e-14
1.102214196004973912e-16 6.776301644492668194e-14
1.105620587328749662e-16 6.796458095172659435e-14
1.109037506099815332e-16 6.817288894275421189e-14
1.112464984853226686e-16 6.838813168650301087e-14
1.115903056224602121e-16 6.861050420294534290e-14
1.119351752950407397e-16 6.884020543027724605e-14
1.122811107868279560e-16 6.907743839788368307e-14
1.126281153917354692e-16 6.932241040575529863e-14
1.129761924138552887e-16 6.957533321060837374e-14
1.133253451674907842e-16 6.983642321896436362e-14
1.136755769771894981e-16 7.010590168747367770e-14
1.140268911777721112e-16 7.038399493075660987e-14
1.143792911143660429e-16 7.067093453708435977e-14
1.147327801424363405e-16 7.096695759220494807e-14
1.150873616278195262e-16 7.127230691165707337e-14
1.154430389467528093e-16 7.158723128192355295e-14
1.157998154859076625e-16 7.191198571079349668e-14
1.161576946424234713e-16 7.224683168733122900e-14
1.165166798239371167e-16 7.259203745184641473e-14
1.168767744486166742e-16 7.294787827631636462e-14
1.172379819451955565e-16 7.331463675569667883e-14
1.176003057530022193e-16 7.369260311060778206e-14
1.179637493219948711e-16 7.408207550188992791e-14
1.183283161127932742e-16 7.448336035755690034e-14
1.186940095967137009e-16 7.489677271270523470e-14
1.190608332557990830e-16 7.532263656294664771e-14
1.194287905828535983e-16 7.576128523198760858e-14
1.197978850814773559e-16 7.621306175400195806e-14
1.201681202660969399e-16 7.667797751927780027e-14
1.205394996620007109e-16 7.715458320172203891e-14
1.209120268053714204e-16 7.764100291518638367e-14
1.212857052433218574e-16 7.813531326844579430e-14
1.216605385339257624e-16 7.863554107952604726e-14
1.220365302462530050e-16 7.913966157528551985e-14
1.224136839604051814e-16 7.964559710212167694e-14
1.227920032675467008e-16 8.015121637167276208e-14
1.231714917699404565e-16 8.065433426617777924e-14
1.235521530809836202e-16 8.115271238868806674e-14
1.239339908252390737e-16 8.164453365089196420e-14
1.243170086384718932e-16 8.212946534009294460e-14
1.247012101676829995e-16 8.260747784598018474e-14
1.250865990711458399e-16 8.307854610149228908e-14
1.254731790184382630e-16 8.354264955638897271e-14
1.258609536904789300e-16 8.399977214767498732e-14
1.262499267795639220e-16 8.444990226696531154e-14
1.266401019893988131e-16 8.489303272491457974e-14
1.270314830351359678e-16 8.532916071281370491e-14
1.274240736434089310e-16 8.575828776147129289e-14
1.278178775523699234e-16 8.618041969749821472e-14
1.282128985117224312e-16 8.659556659709657666e-14
1.286091402827583073e-16 8.700374273749166203e-14
1.290066066383952916e-16 8.740496654610506775e-14
1.294053013632097238e-16 8.779926054760054175e-14
1.298052282534742118e-16 8.818665130891217923e-14
1.302063911171952751e-16 8.856716938238289947e-14
1.306087937741465260e-16 8.894084924711962997e-14
1.310124400559070283e-16 8.930772924869867328e-14
1.314173338058969191e-16 8.966785153733054827e-14
1.318234788794159399e-16 9.002126200460379639e-14
1.322308791436770614e-16 9.036801021892579163e-14
1.326395384778448425e-16 9.070814935978037273e-14
1.330494607730740345e-16 9.104173615091497219e-14
1.334606499325433548e-16 9.136883079256519615e-14
1.338731098714948555e-16 9.168949689285131487e-14
1.342868445172700635e-16 9.200380139843285797e-14
1.347018578093496204e-16 9.231181452455494110e-14
1.351181536993874749e-16 9.261360968457511817e-14
1.355357361512501286e-16 9.290926341909758290e-14
1.359546091410561038e-16 9.319885532480964789e-14
1.363747766572103820e-16 9.348246798312561544e-14
1.367962427004442168e-16 9.376018688874421442e-14
1.372190112838546755e-16 9.403210037821922698e-14
1.376430864329396697e-16 9.429829955863375249e-14
1.380684721856384580e-16 9.455887823648935741e-14
1.384951725923690188e-16 9.481393284689165994e-14
1.389231917160687747e-16 9.506356238312826267e-14
1.393525336322299681e-16 9.530786832673176525e-14
1.397832024289401647e-16 9.554695457810829557e-14
1.402152022069228793e-16 9.578092738782751041e-14
1.406485370795731241e-16 9.600989528864404045e-14
1.410832111729990213e-16 9.623396902833938851e-14
1.415192286260597665e-16 9.645326150346444190e-14
1.419565935904074882e-16 9.666788769404726022e-14
1.423953102305231651e-16 9.687796459935317833e-14
1.428353827237582145e-16 9.708361117475768286e-14
1.432768152603758082e-16 9.728494826980685883e-14
1.437196120435874071e-16 9.748209856753028239e-14
1.441637772895944966e-16 9.767518652506754987e-14
1.446093152276304459e-16 9.786433831567752237e-14
1.450562300999973620e-16 9.804968177218168146e-14
1.455045261621086888e-16 9.823134633190449057e-14
1.459542076825287236e-16 9.840946298316368498e-14
1.464052789430154627e-16 9.858416421336606412e-14
1.468577442385578989e-16 9.875558395875556260e-14
1.473116078774186701e-16 9.892385755586379654e-14
1.477668741811769533e-16 9.908912169471949215e-14
1.482235474847659104e-16 9.925151437384341575e-14
1.486816321365163970e-16 9.941117485709000813e-14
1.491411324981971687e-16 9.956824363236585172e-14
1.496020529450588853e-16 9.972286237227120376e-14
1.500643978658720745e-16 9.987517389669900274e-14
1.505281716629707166e-16 1.000253221374281025e-13
1.509933787522961002e-16 1.001734521047493947e-13
1.514600235634350325e-16 1.003197098561522336e-13
1.519281105396640650e-16 1.004642424671084872e-13
1.523976441379934478e-16 1.006071980039858045e-13
1.528686288292060303e-16 1.007487254991132499e-13
1.533410690979022016e-16 1.008889749280352375e-13
1.538149694425413303e-16 1.010280971889774689e-13
1.542903343754871980e-16 1.011662440845545110e-13
1.547671684230471960e-16 1.013035683057396125e-13
1.552454761255171420e-16 1.014402234181290196e-13
1.557252620372266403e-16 1.015763638505208101e-13
1.562065307265784748e-16 1.017121448858308386e-13
1.566892867760947824e-16 1.018477226543764750e-13
1.571735347824592080e-16 1.019832541295424015e-13
1.576592793565634959e-16 1.021188971258599816e-13
1.581465251235473527e-16 1.022548102995132680e-13
1.586352767228444717e-16 1.023911531513062293e-13
1.591255388082286572e-16 1.025280860321049194e-13
1.596173160478542780e-16 1.026657701507806242e-13
1.601106131243025883e-16 1.028043675846786021e-13
1.606054347346282951e-16 1.029440412926348688e-13
1.611017855904004312e-16 1.030849551305660711e-13
1.615996704177497610e-16 1.032272738696553933e-13
1.620990939574124878e-16 1.033711632171645257e-13
1.626000609647780541e-16 1.035167898398928104e-13
1.631025762099303845e-16 1.036643213903152193e-13
1.636066444776954142e-16 1.038139265354255831e-13
1.641122705676885194e-16 1.039657749883179240e-13
1.646194592943563022e-16 1.041200375425298881e-13
1.651282154870250564e-16 1.042768861091898514e-13
1.656385439899454613e-16 1.044364937569987263e-13
1.661504496623413185e-16 1.045990347550774519e-13
1.666639373784518793e-16 1.047646846187254838e-13
1.671790120275802115e-16 1.049336201581245232e-13
1.676956785141417640e-16 1.051060195300338722e-13
1.682139417577070638e-16 1.052820585805107265e-13
1.687338066930505510e-16 1.054618104005313910e-13
1.692552782701996860e-16 1.056452328938433569e-13
1.697783614544778190e-16 1.058322778719675678e-13
1.703030612265544301e-16 1.060228970531743760e-13
1.708293825824909332e-16 1.062170420428145516e-13
1.713573305337912614e-16 1.064146643139004556e-13
1.718869101074452541e-16 1.066157151879373884e-13
1.724181263459786271e-16 1.068201458160000035e-13
1.729509843075031630e-16 1.070279071600574455e-13
1.734854890657605924e-16 1.072389499745397404e-13
1.740216457101737706e-16 1.074532247881491752e-13
1.745594593458936893e-16 1.076706818859171200e-13
1.750989350938509001e-16 1.078912712915012952e-13
1.756400780908000853e-16 1.081149427497281533e-13
1.761828934893710380e-16 1.083416457093788612e-13
1.767273864581199134e-16 1.085713293062190216e-13
1.772735621815740954e-16 1.088039423462740769e-13
1.778214258602837928e-16 1.090394332893500807e-13
1.783709827108736359e-16 1.092777502328067280e-13
1.789222379660880606e-16 1.095188408955730518e-13
1.794751968748440142e-16 1.097626526024225094e-13
1.800298647022794702e-16 1.100091322684938402e-13
1.805862467298065287e-16 1.102582263840773972e-13
1.811443482551572936e-16 1.105098809996504936e-13
1.817041745924364549e-16 1.107640417111835746e-13
1.822657310721741918e-16 1.110206536457052745e-13
1.828290230413724444e-16 1.112796614471391450e-13
1.833940558635580139e-16 1.115410092624112340e-13
1.839608349188360075e-16 1.118046407278374386e-13
1.845293656039363821e-16 1.120704989557800683e-13
1.850996533322684978e-16 1.123385265216047682e-13
1.856717035339710885e-16 1.126086654509123695e-13
1.862455216559669881e-16 1.128808572070748624e-13
1.868211131620104382e-16 1.131550426790593720e-13
1.873984835327414204e-16 1.134311621695655457e-13
1.879776382657401376e-16 1.137091553834658505e-13
1.885585828755747640e-16 1.139889614165644568e-13
1.891413228938569126e-16 1.142705187446724735e-13
1.897258638692930092e-16 1.145537652130110227e-13
1.903122113677399566e-16 1.148386380259503923e-13
1.909003709722536252e-16 1.151250737370782906e-13
1.914903482831443439e-16 1.154130082396222667e-13
1.920821489180325151e-16 1.157023767572193314e-13
1.926757785118974502e-16 1.159931138350440611e-13
1.932712427171333291e-16 1.162851533313007141e-13
1.938685472036054069e-16 1.165784284090919304e-13
1.944676976586993421e-16 1.168728715286607070e-13
1.950686997873783891e-16 1.171684144400212510e-13
1.956715593122361533e-16 1.174649881759872413e-13
1.962762819735543999e-16 1.177625230455958589e-13
1.968828735293527517e-16 1.180609486279464675e-13
1.974913397554459809e-16 1.183601937664509667e-13
1.981016864455014719e-16 1.186601865635162375e-13
1.987139194110894377e-16 1.189608543756502016e-13
1.993280444817416406e-16 1.192621238090182238e-13
1.999440675050051086e-16 1.195639207154416319e-13
2.005619943465011769e-16 1.198661701888580652e-13
2.011818308899764433e-16 1.201687965622466344e-13
2.018035830373611686e-16 1.204717234050237965e-13
2.024272567088280464e-16 1.207748735209288797e-13
2.030528578428435290e-16 1.210781689463915072e-13
2.036803923962269175e-16 1.213815309494051293e-13
2.043098663442095511e-16 1.216848800289078747e-13
2.049412856804866996e-16 1.219881359146758963e-13
2.055746564172779603e-16 1.222912175677469333e-13
2.062099845853828481e-16 1.225940431813721438e-13
2.068472762342416613e-16 1.228965301825152692e-13
2.074865374319878171e-16 1.231985952338969574e-13
2.081277742655083971e-16 1.235001542366022197e-13
2.087709928405044951e-16 1.238011223332558671e-13
2.094161992815443170e-16 1.241014139117678204e-13
2.100633997321249097e-16 1.244009426096670229e-13
2.107126003547289090e-16 1.246996213190295623e-13
2.113638073308866879e-16 1.249973621920017321e-13
2.120170268612300480e-16 1.252940766469350213e-13
2.126722651655537998e-16 1.255896753751365933e-13
2.133295284828776641e-16 1.258840683482446428e-13
2.139888230715004071e-16 1.261771648262332769e-13
2.146501552090620622e-16 1.264688734306082802e-13
2.153135311926063482e-16 1.267591645124255215e-13
2.159789573386353232e-16 1.270481875902619067e-13
2.166464399831730843e-16 1.273361256776599674e-13
2.173159854818243165e-16 1.276231635739859057e-13
2.179876002098383137e-16 1.279094878497969189e-13
2.186612905621644941e-16 1.281952868349056959e-13
2.193370629535157319e-16 1.284807506091965114e-13
2.200149238184323528e-16 1.287660709962389358e-13
2.206948796113378972e-16 1.290514415597389460e-13
2.213769368066041269e-16 1.293370576028860766e-13
2.220611018986110527e-16 1.296231161706307667e-13
2.227473814018121878e-16 1.299098160549467814e-13
2.234357818507911981e-16 1.301973578031208654e-13
2.241263098003270077e-16 1.304859437291174896e-13
2.248189718254587073e-16 1.307757779280682693e-13
2.255137745215428456e-16 1.310670662939332099e-13
2.262107245043188058e-16 1.313600165403746474e-13
2.269098284099747739e-16 1.316548382249101504e-13
2.276110928952052770e-16 1.319517427763747240e-13
2.283145246372782356e-16 1.322509435257587590e-13
2.290201303340967911e-16 1.325526557404687275e-13
2.297279167042666548e-16 1.328570966620669957e-13
2.304378904871546313e-16 1.331644855475390689e-13
2.311500584429555238e-16 1.334750437141579160e-13
2.318644273527593353e-16 1.337889945879956337e-13
2.325810040186101373e-16 1.341065637561480831e-13
2.332997952635747006e-16 1.344279790227313416e-13
2.340208079318055551e-16 1.347534704687247922e-13
2.347440488886098178e-16 1.350832705157245143e-13
2.354695250205090967e-16 1.354176139936689234e-13
2.361972432353076783e-16 1.357567382126355897e-13
2.369272104621613555e-16 1.361008830387584599e-13
2.376594336516375291e-16 1.364502909743702435e-13
2.383939197757843809e-16 1.368052072424355713e-13
2.391306758282000470e-16 1.371658789696610924e-13
2.398697088240934587e-16 1.375324407070335480e-13
2.406110258003550443e-16 1.379048008033799517e-13
2.413546338156217603e-16 1.382828401968739952e-13
2.421005399503481390e-16 1.386664387669579880e-13
2.428487513068679669e-16 1.390554752762039856e-13
2.435992750094647399e-16 1.394498273132369388e-13
2.443521182044425627e-16 1.398493712367369287e-13
2.451072880601881724e-16 1.402539821205223313e-13
2.458647917672432181e-16 1.406635336997430663e-13
2.466246365383705745e-16 1.410778983181914289e-13
2.473868296086273611e-16 1.414969468767536768e-13
2.481513782354275082e-16 1.419205487830189345e-13
2.489182896986139380e-16 1.423485719020681556e-13
2.496875713005310415e-16 1.427808825084714452e-13
2.504592303660879838e-16 1.432173452395029790e-13
2.512332742428315264e-16 1.436578230496190583e-13
2.520097103010191449e-16 1.441021771662141716e-13
2.527885459336830247e-16 1.445502670466841408e-13
2.535697885567044609e-16 1.450019503368301799e-13
2.543534456088824893e-16 1.454570828306335524e-13
2.551395245520089755e-16 1.459155184314382374e-13
2.559280328709331051e-16 1.463771091145525368e-13
2.567189780736362262e-16 1.468417048913471942e-13
2.575123676913060026e-16 1.473091537748452326e-13
2.583082092784022837e-16 1.477793017468548782e-13
2.591065104127328352e-16 1.482519927266937880e-13
2.599072786955236461e-16 1.487270685415296724e-13
2.607105217514954978e-16 1.492043688983849968e-13
2.615162472289301294e-16 1.496837313578440586e-13
2.623244627997463141e-16 1.501649913095012884e-13
2.631351761595760328e-16 1.506479819492084564e-13
2.639483950278313802e-16 1.511325342581347701e-13
2.647641271477814287e-16 1.516184769837178650e-13
2.655823802866288469e-16 1.521056366225298214e-13
2.664031622355777418e-16 1.525938374051039488e-13
2.672264808099119033e-16 1.530829012827797921e-13
2.680523438490672323e-16 1.535726479166013462e-13
2.688807592167106261e-16 1.540628946683236388e-13
2.697117348008083140e-16 1.545534565935635238e-13
2.705452785137044470e-16 1.550441464371585540e-13
2.713813982921992944e-16 1.555347746307647292e-13
2.722201020976187121e-16 1.560251523988917016e-13
2.730613979158929307e-16 1.565151761066918179e-13
2.739052937576359832e-16 1.570048384237925495e-13
2.747517976582154216e-16 1.574941371702874525e-13
2.756009176778332235e-16 1.579830702736772944e-13
2.764526619016001428e-16 1.584716357691567199e-13
2.773070384396175536e-16 1.589598317998870578e-13
2.781640554270474621e-16 1.594476566172692544e-13
2.790237210241937097e-16 1.599351085812035792e-13
2.798860434165829790e-16 1.604221861603527884e-13
2.807510308150358902e-16 1.609088879323845142e-13
2.816186914557495848e-16 1.613952125842143846e-13
2.824890336003742450e-16 1.618811589122489178e-13
2.833620655360958752e-16 1.623667258226138996e-13
2.842377955757087781e-16 1.628519123313731698e-13
2.851162320576977939e-16 1.633367175647505383e-13
2.859973833463213766e-16 1.638211407593400887e-13
2.868812578316841701e-16 1.643051812623112069e-13
2.877678639298204786e-16 1.647888385316066162e-13
2.886572100827778374e-16 1.652721121361407416e-13
2.895493047586904254e-16 1.657550017559782823e-13
2.904441564518642629e-16 1.662375071825220240e-13
2.913417736828559493e-16 1.667196283186875240e-13
2.922421649985583039e-16 1.672013651790714606e-13
2.931453389722747654e-16 1.676827178901185939e-13
2.940513042038046381e-16 1.681636866902774175e-13
2.949600693195283384e-16 1.686442719301616413e-13
2.958716429724826320e-16 1.691244740726874665e-13
2.967860338424476063e-16 1.696042936932253237e-13
2.977032506360270352e-16 1.700837314797369210e-13
2.986233020867359922e-16 1.705627882329055758e-13
2.995461969550769260e-16 1.710414648662670272e-13
3.004719440286265340e-16 1.715197624063312361e-13
3.014005521221232273e-16 1.719976819927061037e-13
3.023320300775436005e-16 1.724752248782045294e-13
3.032663867641903901e-16 1.729523924289596479e-13
3.042036310787806789e-16 1.734291861245271660e-13
3.051437719455230562e-16 1.739056075579888112e-13
3.060868183162075486e-16 1.743816584360467675e-13
3.070327791702885480e-16 1.748573405791176574e-13
3.079816635149751373e-16 1.753326559214236453e-13
3.089334803853093839e-16 1.758076065110723343e-13
3.098882388442561718e-16 1.762821945101401950e-13
3.108459479827932301e-16 1.767564221947518059e-13
3.118066169199901179e-16 1.772302919551496260e-13
3.127702548031002249e-16 1.777038062957661667e-13
3.137368708076450812e-16 1.781769678352912650e-13
3.147064741375071962e-16 1.786497793067376671e-13
3.156790740250096843e-16 1.791222435574934588e-13
3.166546797310081181e-16 1.795943635493864870e-13
3.176333005449826766e-16 1.800661423587396686e-13
3.186149457851187576e-16 1.805375831764161761e-13
3.195996247983995700e-16 1.810086893078711620e-13
3.205873469606990713e-16 1.814794641731988882e-13
3.215781216768634672e-16 1.819499113071738227e-13
3.225719583808059236e-16 1.824200343592939827e-13
3.235688665355937857e-16 1.828898370938164775e-13
3.245688556335438818e-16 1.833593233897991602e-13
3.255719351963051566e-16 1.838284972411291030e-13
3.265781147749531376e-16 1.842973627565582403e-13
3.275874039500849429e-16 1.847659241597331818e-13
3.285998123319025558e-16 1.852341857892239901e-13
3.296153495603095589e-16 1.857021520985511914e-13
3.306340253050002751e-16 1.861698276562106906e-13
3.316558492655572908e-16 1.866372171457006052e-13
3.326808311715357651e-16 1.871043253655405265e-13
3.337089807825598190e-16 1.875711572292940871e-13
3.347403078884199596e-16 1.880377177655912254e-13
3.357748223091578336e-16 1.885040121181451751e-13
3.368125338951638977e-16 1.889700455457725335e-13
3.378534525272754348e-16 1.894358234224138603e-13
3.388975881168622441e-16 1.899013512371456427e-13
3.399449506059265798e-16 1.903666345941998851e-13
3.409955499671950534e-16 1.908316792129825112e-13
3.420493962042191642e-16 1.912964909280848748e-13
3.431064993514621726e-16 1.917610756893045106e-13
3.441668694743988417e-16 1.922254395616578062e-13
3.452305166696154747e-16 1.926895887253993131e-13
3.462974510648976757e-16 1.931535294760348992e-13
3.473676828193322605e-16 1.936172682243394440e-13
3.484412221234013780e-16 1.940808114963720102e-13
3.495180791990851110e-16 1.945441659334995475e-13
3.505982642999501739e-16 1.950073382924090596e-13
3.516817877112519716e-16 1.954703354451280016e-13
3.527686597500368555e-16 1.959331643790463675e-13
3.538588907652315608e-16 1.963958321969350172e-13
3.549524911377462511e-16 1.968583461169699359e-13
3.560494712805775146e-16 1.973207134727563918e-13
3.571498416388990826e-16 1.977829417133496356e-13
3.582536126901667975e-16 1.982450384032870363e-13
3.593607949442157412e-16 1.987070112226103200e-13
3.604713989433657949e-16 1.991688679669012143e-13
3.615854352625137380e-16 1.996306165473074236e-13
3.627029145092378715e-16 2.000922649905806459e-13
3.638238473239036755e-16 2.005538214391130753e-13
3.649482443797562046e-16 2.010152941509699910e-13
3.660761163830276691e-16 2.014766914999358272e-13
3.672074740730364368e-16 2.019380219755536282e-13
3.683423282222950578e-16 2.023992941831729360e-13
3.694806896366041387e-16 2.028605168439980809e-13
3.706225691551595786e-16 2.033217028713681021e-13
3.717679776506603472e-16 2.037828865308018485e-13
3.729169260294028028e-16 2.042441093030772874e-13
3.740694252313893584e-16 2.047054130795057487e-13
3.752254862304369985e-16 2.051668401586917396e-13
3.763851200342726827e-16 2.056284332468156460e-13
3.775483376846441806e-16 2.060902354580003204e-13
3.787151502574223768e-16 2.065522903147703116e-13
3.798855688627126978e-16 2.070146417486062139e-13
3.810596046449516487e-16 2.074773341005795416e-13
3.822372687830175992e-16 2.079404121220951421e-13
3.834185724903419631e-16 2.084039209757191089e-13
3.846035270150064751e-16 2.088679062361127165e-13
3.857921436398567377e-16 2.093324138910567032e-13
3.869844336826062515e-16 2.097974903425847819e-13
3.881804084959507515e-16 2.102631824082121428e-13
3.893800794676666662e-16 2.107295373222726040e-13
3.905834580207242703e-16 2.111966027373512337e-13
3.917905556134013789e-16 2.116644267258482129e-13
3.930013837393827443e-16 2.121330577816196412e-13
3.942159539278743912e-16 2.126025448217508203e-13
3.954342777437181006e-16 2.130729371884352574e-13
3.966563667874919890e-16 2.135442846509661540e-13
3.978822326956273587e-16 2.140166374078444951e-13
3.991118871405162297e-16 2.144900460890024248e-13
4.003453418306289779e-16 2.149645617581517294e-13
4.015826085106162468e-16 2.154402359152428878e-13
4.028236989614253532e-16 2.159171204990540996e-13
4.040686250004175319e-16 2.163952678899036545e-13
4.053173984814707836e-16 2.168747309124826872e-13
4.065700312950973163e-16 2.173555628388235417e-13
4.078265353685619732e-16 2.178378173913934181e-13
4.090869226659859183e-16 2.183215487463149701e-13
4.103512051884669384e-16 2.188068115367300077e-13
4.116193949741905237e-16 2.192936608562874747e-13
4.128915040985513036e-16 2.197821522627815480e-13
4.141675446742577680e-16 2.202723417819114126e-13
4.154475288514527163e-16 2.207642859111984542e-13
4.167314688178340517e-16 2.212580416240382528e-13
4.180193767987606860e-16 2.217536663738935614e-13
4.193112650573755524e-16 2.222512180986442996e-13
4.206071458947192017e-16 2.227507552250761341e-13
4.219070316498536530e-16 2.232523366735296089e-13
4.232109346999696795e-16 2.237560218626936169e-13
4.245188674605095741e-16 2.242618707145596740e-13
4.258308423852909522e-16 2.247699436595342678e-13
4.271468719666145782e-16 2.252803016417039803e-13
4.284669687353886612e-16 2.257930061242692374e-13
4.297911452612534946e-16 2.263081190951410313e-13
4.311194141526904173e-16 2.268257030727022048e-13
4.324517880571491661e-16 2.273458211117376912e-13
4.337882796611645773e-16 2.278685368095376725e-13
4.351289016904844807e-16 2.283939143121775177e-13
4.364736669101803377e-16 2.289220183209585739e-13
4.378225881247740507e-16 2.294529140990503493e-13
4.391756781783651665e-16 2.299866674783008950e-13
4.405329499547426483e-16 2.305233448662253297e-13
4.418944163775144463e-16 2.310630132531974243e-13
4.432600904102271575e-16 2.316057402198129930e-13
4.446299850564966321e-16 2.321515939444618988e-13
4.460041133601209775e-16 2.327006432110799423e-13
4.473824884052101284e-16 2.332529574171058816e-13
4.487651233163157139e-16 2.338086065816468116e-13
4.501520312585456878e-16 2.343676613538243369e-13
4.515432254376942944e-16 2.349301930213541481e-13
4.529387191003741033e-16 2.354962735193147721e-13
4.543385255341306905e-16 2.360659754391422524e-13
4.557426580675766461e-16 2.366393720378344015e-13
4.571511300705146364e-16 2.372165372473753286e-13
4.585639549540723982e-16 2.377975456843861490e-13
4.599811461708191936e-16 2.383824726599969289e-13
4.614027172148992270e-16 2.389713941899505666e-13
4.628286816221661450e-16 2.395643870049411370e-13
4.642590529703003802e-16 2.401615285611899289e-13
4.656938448789461169e-16 2.407628970512569537e-13
4.671330710098370156e-16 2.413685714151012049e-13
4.685767450669342640e-16 2.419786313513943115e-13
4.700248807965451030e-16 2.425931573290697144e-13
4.714774919874597931e-16 2.432122305991472999e-13
4.729345924710888758e-16 2.438359332068078940e-13
4.743961961215826862e-16 2.444643480037338744e-13
4.758623168559696996e-16 2.450975586607216049e-13
4.773329686342948777e-16 2.457356496805653385e-13
4.788081654597408576e-16 2.463787064112159228e-13
4.802879213787688620e-16 2.470268150592320264e-13
4.817722504812488612e-16 2.476800479713894183e-13
4.832611669006013708e-16 2.483383781658815265e-13
4.847546848139204158e-16 2.490017367074589312e-13
4.862528184421141443e-16 2.496700537409974902e-13
4.877555820500465274e-16 2.503432586070969808e-13
4.892629899466610126e-16 2.510212798244294473e-13
4.907750564851247872e-16 2.517040450722700091e-13
4.922917960629615038e-16 2.523914811732325448e-13
4.938132231221965293e-16 2.530835140761953089e-13
4.953393521494818810e-16 2.537800688394254685e-13
4.968701976762408839e-16 2.544810696139238129e-13
4.984057742788120389e-16 2.551864396269632339e-13
4.999460965785762272e-16 2.558961011658652518e-13
5.014911792421013671e-16 2.566099755619770265e-13
5.030410369812885508e-16 2.573279831748992383e-13
5.045956845535001355e-16 2.580500433769246013e-13
5.061551367617077538e-16 2.587760745377312860e-13
5.077194084546296734e-16 2.595059940093198917e-13
5.092885145268804844e-16 2.602397181111941200e-13
5.108624699191000771e-16 2.609771621158052436e-13
5.124412896181024418e-16 2.617182402342609759e-13
5.140249886570247626e-16 2.624628656023055574e-13
5.156135821154574815e-16 2.632109502665675750e-13
5.172070851195969430e-16 2.639624051711071696e-13
5.188055128423845288e-16 2.647171401442443569e-13
5.204088805036601905e-16 2.654750638856864826e-13
5.220172033702942878e-16 2.662360839539674370e-13
5.236304967563394441e-16 2.670001067541913564e-13
5.252487760231826981e-16 2.677670375261106501e-13
5.268720565796791173e-16 2.685367803325124536e-13
5.285003538823047380e-16 2.693092380479622774e-13
5.301336834353101965e-16 2.700843123478752671e-13
5.317720607908557223e-16 2.708619036979547565e-13
5.334155015491674317e-16 2.716419113439783243e-13
5.350640213586817879e-16 2.724242333019583632e-13
5.367176359162033727e-16 2.732087663486900371e-13
5.383763609670410643e-16 2.739954060126568381e-13
5.400402123051646255e-16 2.747840465653637694e-13
5.417092057733616875e-16 2.755745810130615505e-13
5.433833572633752089e-16 2.763669010888690145e-13
5.450626827160640086e-16 2.771608972453352985e-13
5.467471981215497900e-16 2.779564586474236511e-13
5.484369195193782657e-16 2.787534731659399314e-13
5.501318629986588845e-16 2.795518273714002437e-13
5.518320446982241816e-16 2.803514065283646190e-13
5.535374808067907056e-16 2.811520945902403278e-13
5.552481875630992392e-16 2.819537741945449786e-13
5.569641812560766139e-16 2.827563266586750425e-13
5.586854782249971307e-16 2.835596319761615282e-13
5.604120948596249495e-16 2.843635688134251259e-13
5.621440476003790599e-16 2.851680145070555078e-13
5.638813529384849392e-16 2.859728450616082734e-13
5.656240274161414957e-16 2.867779351479434187e-13
5.673720876266640492e-16 2.875831581020906391e-13
5.691255502146497949e-16 2.883883859246872563e-13
5.708844318761426751e-16 2.891934892809649907e-13
5.726487493587790229e-16 2.899983375013191024e-13
5.744185194619559838e-16 2.908027985824484912e-13
5.761937590369867243e-16 2.916067391890965416e-13
5.779744849872705296e-16 2.924100246563944316e-13
5.797607142684397295e-16 2.932125189928041262e-13
5.815524638885276268e-16 2.940140848836908446e-13
5.833497509081382011e-16 2.948145836955269189e-13
5.851525924405941188e-16 2.956138754807289628e-13
5.869610056521065355e-16 2.964118189831465768e-13
5.887750077619459829e-16 2.972082716442152104e-13
5.905946160425920551e-16 2.980030896097624292e-13
5.924198478199071556e-16 2.987961277375048950e-13
5.942507204732970297e-16 2.995872396052243983e-13
5.960872514358855968e-16 3.003762775196424298e-13
5.979294581946664109e-16 3.011630925259893031e-13
5.997773582906767034e-16 3.019475344182979182e-13
6.016309693191716226e-16 3.027294517504204001e-13
6.034903089297770758e-16 3.035086918477442861e-13
6.053553948266673211e-16 3.042851008196918185e-13
6.072262447687292481e-16 3.050585235729304997e-13
6.091028765697405618e-16 3.058288038253564532e-13
6.109853080985254839e-16 3.065957841208284773e-13
6.128735572791312605e-16 3.073593058446748541e-13
6.147676420910073320e-16 3.081192092399828606e-13
6.166675805691608375e-16 3.088753334246630542e-13
6.185733908043361793e-16 3.096275164093130719e-13
6.204850909431945869e-16 3.103755951158778639e-13
6.224026991884721858e-16 3.111194053971034829e-13
6.243262337991629139e-16 3.118588528720015694e-13
6.262557130906876338e-16 3.125944003274011554e-13
6.281911554350788250e-16 3.133267794129379820e-13
6.301325792611398350e-16 3.140567306165720147e-13
6.320800030546281911e-16 3.147850016445395722e-13
6.340334453584395032e-16 3.155123473720844827e-13
6.359929247727681945e-16 3.162395298121414918e-13
6.379584599552927853e-16 3.169673181023010494e-13
6.399300696213610779e-16 3.176964885103364354e-13
6.419077725441526618e-16 3.184278244586203803e-13
6.438915875548684380e-16 3.191621165677221382e-13
6.458815335429041679e-16 3.199001312088041488e-13
6.478776294560415752e-16 3.206419186891966026e-13
6.498798943006122315e-16 3.213868067739063630e-13
6.518883471416867847e-16 3.221340855500402480e-13
6.539030071032646796e-16 3.228831539723114705e-13
6.559238933684398188e-16 3.236338815877433111e-13
6.579510251795940311e-16 3.243862593885489757e-13
6.599844218385751566e-16 3.251402782577795781e-13
6.620241027068915995e-16 3.258959289686163105e-13
6.640700872058800599e-16 3.266532021837393547e-13
6.661223948168990016e-16 3.274120884547097181e-13
6.681810450815221205e-16 3.281725782213708106e-13
6.702460576017081469e-16 3.289346618112114987e-13
6.723174520399957925e-16 3.296983294387694997e-13
6.743952481196986979e-16 3.304635712050195290e-13
6.764794656250775028e-16 3.312303770967676561e-13
6.785701244015384418e-16 3.319987369860464697e-13
6.806672443558176419e-16 3.327686406295206931e-13
6.827708454561808030e-16 3.335400776678858320e-13
6.848809477325976347e-16 3.343130376252751030e-13
6.869975712769399592e-16 3.350875099086685828e-13
6.891207362431823775e-16 3.358634838073043772e-13
6.912504628475766079e-16 3.366409502533299802e-13
6.933867713688554063e-16 3.374199326008811093e-13
6.955296821484204140e-16 3.382004830522643275e-13
6.976792155905465711e-16 3.389826552512214197e-13
6.998353921625598073e-16 3.397665033167009508e-13
7.019982323950401740e-16 3.405520818453562158e-13
7.041677568820261587e-16 3.413394459141169519e-13
7.063439862811934612e-16 3.421286510828566726e-13
7.085269413140601955e-16 3.429197533971515352e-13
7.107166427661931774e-16 3.437128093911240268e-13
7.129131114873879816e-16 3.445078760903812625e-13
7.151163683918795678e-16 3.453050110150450195e-13
7.173264344585353544e-16 3.461042721828795641e-13
7.195433307310666332e-16 3.469057181125135866e-13
7.217670783182116836e-16 3.477094078267626568e-13
7.239976983939449195e-16 3.485154008560392230e-13
7.262352121976880082e-16 3.493237572418860023e-13
7.284796410344941678e-16 3.501345375405829304e-13
7.307310062752626392e-16 3.509478028268755326e-13
7.329893293569365912e-16 3.517636146978017450e-13
7.352546317827187755e-16 3.525820352766318267e-13
7.375269351222588811e-16 3.534031272168987446e-13
7.398062610118672171e-16 3.542269537065567960e-13
7.420926311547305645e-16 3.550535784722452435e-13
7.443860673210997284e-16 3.558830657836480280e-13
7.466865913485069673e-16 3.567154804579876753e-13
7.489942251419822396e-16 3.575508878646365859e-13
7.513089906742439113e-16 3.583893539298119815e-13
7.536309099859199321e-16 3.592308887673785610e-13
7.559600051857519536e-16 3.600751155753850405e-13
7.582962984508176895e-16 3.609214914457401685e-13
7.606398120267237920e-16 3.617694677570070135e-13
7.629905682278271270e-16 3.626184906944456200e-13
7.653485894374562474e-16 3.634680012297261813e-13
7.677138981081059454e-16 3.643174351091867505e-13
7.700865167616636557e-16 3.651662228508162324e-13
7.724664679896174193e-16 3.660137897500469702e-13
7.748537744532838637e-16 3.668595558945521101e-13
7.772484588840046298e-16 3.677029361881485158e-13
7.796505440833727748e-16 3.685433403839592692e-13
7.820600529234591749e-16 3.693801731269881276e-13
7.844770083470110233e-16 3.702128350078168119e-13
7.869014333676803031e-16 3.710415498330805043e-13
7.893333510702519659e-16 3.718688764324292490e-13
7.917727846108451897e-16 3.726978043775238722e-13
7.942197572171460931e-16 3.735313499937806424e-13
7.966742921886227980e-16 3.743725566118907209e-13
7.991364128967598207e-16 3.752244950656821699e-13
8.016061427852619916e-16 3.760902644401471952e-13
8.040835053702862822e-16 3.769729930737412465e-13
8.065685242406766884e-16 3.778758398191357707e-13
8.090612230581683480e-16 3.788019955669558341e-13
8.115616255576261715e-16 3.797546850373050488e-13
8.140697555472644409e-16 3.807369581064427626e-13
8.165856369088868209e-16 3.817498146668760590e-13
8.191092935980933359e-16 3.827930783526184430e-13
8.216407496445189025e-16 3.838665617702605910e-13
8.241800291520721563e-16 3.849700799874682038e-13
8.267271562991445994e-16 3.861034502885454909e-13
8.292821553388510052e-16 3.872664919321346121e-13
8.318450505992705143e-16 3.884590259109077951e-13
8.344158664836582464e-16 3.896808747130548238e-13
8.369946274706905374e-16 3.909318620855849325e-13
8.395813581146917369e-16 3.922118127992001114e-13
8.421760830458818121e-16 3.935205524147127101e-13
8.447788269705899314e-16 3.948579070508588094e-13
8.473896146714999980e-16 3.962237031534663111e-13
8.500084710078972671e-16 3.976177672658388604e-13
8.526354209158842967e-16 3.990399258002942045e-13
8.552704894086318052e-16 4.004900048107862576e-13
8.579137015766103999e-16 4.019678297665152486e-13
8.605650825878433073e-16 4.034732253265015670e-13
8.632246576881247901e-16 4.050060151149823962e-13
8.658924522012712997e-16 4.065660214976853592e-13
8.685684915293730252e-16 4.081530653588231696e-13
8.712528011530146751e-16 4.097669658788333715e-13
8.739454066315288005e-16 4.114075403127878923e-13
8.766463336032495129e-16 4.130746037694596842e-13
8.793556077857356325e-16 4.147679689909790053e-13
8.820732549760294350e-16 4.164874461331089745e-13
8.847993010508954795e-16 4.182328425460709321e-13
8.875337719670812276e-16 4.200039625559401013e-13
8.902766937615423627e-16 4.218006072465700532e-13
8.930280925517023247e-16 4.236225742420787380e-13
8.957879945357104648e-16 4.254696597430417137e-13
8.985564259926712098e-16 4.273417774395440841e-13
9.013334132829081330e-16 4.292390201246937376e-13
9.041189828482071208e-16 4.311614965255201376e-13
9.069131612120839938e-16 4.331093167817895372e-13
9.097159749800142622e-16 4.350825924157077734e-13
9.125274508396973946e-16 4.370814363013508844e-13
9.153476155613224666e-16 4.391059626338392527e-13
9.181764959978004806e-16 4.411562868981803509e-13
9.210141190850315922e-16 4.432325258378288102e-13
9.238605118421723370e-16 4.453347974229547241e-13
9.267157013718707112e-16 4.474632208183004819e-13
9.295797148605389198e-16 4.496179163507484634e-13
9.324525795786054184e-16 4.517990054764892277e-13
9.353343228807888446e-16 4.540066107478139283e-13
9.382249722063364512e-16 4.562408557795157550e-13
9.411245550792962635e-16 4.585018652148552178e-13
9.440330991087908141e-16 4.607897646911469799e-13
9.469506319892571534e-16 4.631046808048323283e-13
9.498771815007219650e-16 4.654467410761557742e-13
9.528127755090774702e-16 4.678160739133469818e-13
9.557574419663240021e-16 4.702128085763202417e-13
9.587112089108514322e-16 4.726370751398645299e-13
9.616741044676977195e-16 4.750890044563286957e-13
9.646461568488338861e-16 4.775687281177967296e-13
9.676273943534073813e-16 4.800763784176656687e-13
9.706178453680248880e-16 4.826120883117266066e-13
9.736175383670331572e-16 4.851759913786480390e-13
9.766265019127669075e-16 4.877682217798684075e-13
9.796447646558373511e-16 4.903889142189077397e-13
9.826723553353956733e-16 4.930382039000528456e-13
9.857093027794239247e-16 4.957162264864459578e-13
9.887556359049843017e-16 4.984231180574864447e-13
9.918113837185076720e-16 5.011590150656193070e-13
9.948765753160811147e-16 5.039240542924546201e-13
9.979512398837013415e-16 5.067183728041966146e-13
1.001035406697563815e-15 5.095421079063846187e-13
1.004129105124354428e-15 5.123953970979576748e-13
1.007232364621504703e-15 5.152783780245435739e-13
1.010345214737488403e-15 5.181911884310771179e-13
1.013467685112094276e-15 5.211339661136560270e-13
1.016599805476725436e-15 5.241068488706390354e-13
1.019741605654657903e-15 5.271099744529780982e-13
1.022893115561335644e-15 5.301434805137827906e-13
1.026054365204669352e-15 5.332075045571164944e-13
1.029225384685296371e-15 5.363021838859005798e-13
1.032406204196884417e-15 5.394276555491422613e-13
1.035596854026409840e-15 5.425840562882263216e-13
1.038797364554464297e-15 5.457715224824547806e-13
1.042007766255517641e-15 5.489901900936564898e-13
1.045228089698220842e-15 5.522401946100202366e-13
1.048458365545710091e-15 5.555216709890158483e-13
1.051698624555873442e-15 5.588347535994600457e-13
1.054948897581655698e-15 5.621795761626747400e-13
1.058209215571365875e-15 5.655562716927969447e-13
1.061479609568945610e-15 5.689649724361020686e-13
1.064760110714282143e-15 5.724058098094919504e-13
1.068050750243496249e-15 5.758789143380219218e-13
1.071351559489256602e-15 5.793844155914976963e-13
1.074662569881052914e-15 5.829224421201373375e-13
1.077983812945507145e-15 5.864931213892727617e-13
1.081315320306687664e-15 5.900965797131465112e-13
1.084657123686383775e-15 5.937329421876409272e-13
1.088009254904425398e-15 5.974023326221397530e-13
1.091371745878976928e-15 6.011048734703653534e-13
1.094744628626859277e-15 6.048406857602213388e-13
1.098127935263827760e-15 6.086098890226840119e-13
1.101521698004891775e-15 6.124126012196446928e-13
1.104925949164634294e-15 6.162489386708245960e-13
1.108340721157493090e-15 6.201190159795869683e-13
1.111766046498082595e-15 6.240229459578178408e-13
1.115201957801517133e-15 6.279608395497609905e-13
1.118648487783694517e-15 6.319328057548392230e-13
1.122105669261625794e-15 6.359389515494365290e-13
1.125573535153737769e-15 6.399793818076785770e-13
1.129052118480205911e-15 6.440541992211963956e-13
1.132541452363240306e-15 6.481635042178066033e-13
1.136041570027415214e-15 6.523073948791760393e-13
1.139552504799999593e-15 6.564859668575655095e-13
1.143074290111246024e-15 6.606993132913498271e-13
1.146606959494728145e-15 6.649475247196539239e-13
1.150150546587650082e-15 6.692306889958995518e-13
1.153705085131185856e-15 6.735488912003334576e-13
1.157270608970772839e-15 6.779022135515180473e-13
1.160847152056447020e-15 6.822907353167999903e-13
1.164434748443181429e-15 6.867145327218006864e-13
1.168033432291181954e-15 6.911736788587750134e-13
1.171643237866225966e-15 6.956682435940737275e-13
1.175264199540003890e-15 7.001982934745353353e-13
1.178896351790417597e-15 7.047638916328879131e-13
1.182539729201927105e-15 7.093650976921442141e-13
1.186194366465871447e-15 7.140019676690003620e-13
1.189860298380817353e-15 7.186745538763089141e-13
1.193537559852861969e-15 7.233829048244589799e-13
1.197226185895979566e-15 7.281270651219040165e-13
1.200926211632369818e-15 7.329070753746690775e-13
1.204637672292763097e-15 7.377229720849391967e-13
1.208360603216774664e-15 7.425747875486929606e-13
1.212095039853232251e-15 7.474625497524217585e-13
1.215841017760532817e-15 7.523862822689748998e-13
1.219598572606951590e-15 7.573460041524145776e-13
1.223367740170996853e-15 7.623417298320789934e-13
1.227148556341764931e-15 7.673734690057585240e-13
1.230941057119252189e-15 7.724412265319835175e-13
1.234745278614713569e-15 7.775450023215137874e-13
1.238561257051020530e-15 7.826847912280497974e-13
1.242389028762975812e-15 7.878605829380231640e-13
1.246228630197680248e-15 7.930723618597460732e-13
1.250080097914869419e-15 7.983201070117401812e-13
1.253943468587281450e-15 8.036037919103324430e-13
1.257818779000976904e-15 8.089233844565621947e-13
1.261706066055703030e-15 8.142788468223679886e-13
1.265605366765261378e-15 8.196701353361937237e-13
1.269516718257828860e-15 8.250972003677813301e-13
1.273440157776332662e-15 8.305599862125847986e-13
1.277375722678793394e-15 8.360584309754202402e-13
1.281323450438702562e-15 8.415924664536817567e-13
1.285283378645347775e-15 8.471620180199103694e-13
1.289255545004185876e-15 8.527670045040001472e-13
1.293239987337218838e-15 8.584073380748554397e-13
1.297236743583320936e-15 8.640829241216623882e-13
1.301245851798617015e-15 8.697936611347404855e-13
1.305267350156859953e-15 8.755394405861032287e-13
1.309301276949762579e-15 8.813201468095664076e-13
1.313347670587383619e-15 8.871356568807016003e-13
1.317406569598482884e-15 8.929858404964952267e-13
1.321478012630908796e-15 8.988705598547855617e-13
1.325562038451935430e-15 9.047896695335687825e-13
1.329658685948646491e-15 9.107430163701399254e-13
1.333767994128322646e-15 9.167304393402629214e-13
1.337890002118780534e-15 9.227517694371214181e-13
1.342024749168766019e-15 9.288068295504549891e-13
1.346172274648318241e-15 9.348954343456874683e-13
1.350332618049165633e-15 9.410173901431448478e-13
1.354505818985069070e-15 9.471724947974650273e-13
1.358691917192216102e-15 9.533605375771887104e-13
1.362890952529615190e-15 9.595812990446697840e-13
1.367102964979442410e-15 9.658345509361763364e-13
1.371327994647438839e-15 9.721200560424878633e-13
1.375566081763309130e-15 9.784375680898503258e-13
1.379817266681070384e-15 9.847868316214259819e-13
1.384081589879459992e-15 9.911675818792696978e-13
1.388359091962308964e-15 9.975795446869066615e-13
1.392649813658951147e-15 1.004022436332632465e-12
1.396953795824577625e-15 1.010495963453370567e-12
1.401271079440642193e-15 1.016999822919484157e-12
1.405601705615269195e-15 1.023533701720345941e-12
1.409945715583609895e-15 1.030097276850841324e-12
1.414303150708253077e-15 1.036690215198820960e-12
1.418674052479635848e-15 1.043312173433711465e-12
1.423058462516403746e-15 1.049962797895995735e-12
1.427456422565831212e-15 1.056641724488190897e-12
1.431867974504205756e-15 1.063348578566823090e-12
1.436293160337251780e-15 1.070082974835937249e-12
1.440732022200494634e-15 1.076844517241788288e-12
1.445184602359679105e-15 1.083632798869211083e-12
1.449650943211190081e-15 1.090447401839417216e-12
1.454131087282420552e-15 1.097287897209487687e-12
1.458625077232200948e-15 1.104153844873533509e-12
1.463132955851191599e-15 1.111044793465646789e-12
1.467654766062316407e-15 1.117960280264779398e-12
1.472190550921133617e-15 1.124899831101436147e-12
1.476740353616265147e-15 1.131862960266529021e-12
1.481304217469825341e-15 1.138849170422274112e-12
1.485882185937797251e-15 1.145857952515318872e-12
1.490474302610464147e-15 1.152888785692089592e-12
1.495080611212844176e-15 1.159941137216634754e-12
1.499701155605068426e-15 1.167014462390719307e-12
1.504335979782824265e-15 1.174108204476654122e-12
1.508985127877761409e-15 1.181221794622641533e-12
1.513648644157936640e-15 1.188354651790888575e-12
1.518326573028198768e-15 1.195506182688483684e-12
1.523018959030629808e-15 1.202675781701192359e-12
1.527725846844987723e-15 1.209862830830312140e-12
1.532447281289093954e-15 1.217066699632423934e-12
1.537183307319286027e-15 1.224286745162498102e-12
1.541933970030832891e-15 1.231522311920192141e-12
1.546699314658388708e-15 1.238772731799478696e-12
1.551479386576386891e-15 1.246037324041785861e-12
1.556274231299489949e-15 1.253315395192601496e-12
1.561083894483042691e-15 1.260606239061855600e-12
1.565908421923468823e-15 1.267909136687841827e-12
1.570747859558725138e-15 1.275223356305048316e-12
1.575602253468759839e-15 1.282548153316112514e-12
1.580471649875910721e-15 1.289882770267404204e-12
1.585356095145373360e-15 1.297226436829037253e-12
1.590255635785627095e-15 1.304578369778962950e-12
1.595170318448906176e-15 1.311937772991370293e-12
1.600100189931603268e-15 1.319303837429520452e-12
1.605045297174735864e-15 1.326675741142998859e-12
1.610005687264411712e-15 1.334052649269718134e-12
1.614981407432238631e-15 1.341433714042344282e-12
1.619972505055800388e-15 1.348818074799735254e-12
1.624979027659093925e-15 1.356204858003136196e-12
1.630001022913009580e-15 1.363593177257338394e-12
1.635038538635744450e-15 1.370982133336930741e-12
1.640091622793277083e-15 1.378370814217621334e-12
1.645160323499845734e-15 1.385758295112940577e-12
1.650244689018364873e-15 1.393143638516055005e-12
1.655344767760905611e-15 1.400525894247169822e-12
1.660460608289177096e-15 1.407904099506394543e-12
1.665592259314947570e-15 1.415277278932134556e-12
1.670739769700535828e-15 1.422644444665219837e-12
1.675903188459263040e-15 1.430004596418768991e-12
1.681082564755946183e-15 1.437356721553952617e-12
1.686277947907325404e-15 1.444699795161532396e-12
1.691489387382554498e-15 1.452032780149563840e-12
1.696716932803692169e-15 1.459354627337121152e-12
1.701960633946133140e-15 1.466664275554168174e-12
1.707220540739109876e-15 1.473960651747686508e-12
1.712496703266154256e-15 1.481242671094092110e-12
1.717789171765602056e-15 1.488509237118113824e-12
1.723097996631029383e-15 1.495759241817975940e-12
1.728423228411753997e-15 1.502991565797208902e-12
1.733764917813337224e-15 1.510205078403062509e-12
1.739123115698024536e-15 1.517398637871470332e-12
1.744497873085251010e-15 1.524571091478786060e-12
1.749889241152148964e-15 1.531721275700340856e-12
1.755297271233991886e-15 1.538848016375655316e-12
1.760722014824712124e-15 1.545950128880671560e-12
1.766163523577376373e-15 1.553026418306879235e-12
1.771621849304707311e-15 1.560075679647452354e-12
1.777097043979532456e-15 1.567096697990226337e-12
1.782589159735301465e-15 1.574088261255733372e-12
1.788098248866604810e-15 1.581049597463359153e-12
1.793624363829626385e-15 1.587980497422791322e-12
1.799167557242673624e-15 1.594880796365888227e-12
1.804727881886663435e-15 1.601750338896533015e-12
1.810305390705654684e-15 1.608588978996804372e-12
1.815900136807306523e-15 1.615396580030809497e-12
1.821512173463408109e-15 1.622173014746438635e-12
1.827141554110406745e-15 1.628918165274859396e-12
1.832788332349873314e-15 1.635631923127955644e-12
1.838452561949033174e-15 1.642314189193589590e-12
1.844134296841302985e-15 1.648964873728956876e-12
1.849833591126757315e-15 1.655583896351705499e-12
1.855550499072674142e-15 1.662171186029282619e-12
1.861285075114037355e-15 1.668726681066200914e-12
1.867037373854084617e-15 1.675250329089510207e-12
1.872807450064782265e-15 1.681742087032305149e-12
1.878595358687369221e-15 1.688201921115459593e-12
1.884401154832902893e-15 1.694629806827651876e-12
1.890224893782738401e-15 1.701025728903477659e-12
1.896066630989085516e-15 1.707389681300025722e-12
1.901926422075521813e-15 1.713721667171739640e-12
1.907804322837551579e-15 1.720021698843634974e-12
1.913700389243092935e-15 1.726289797783007116e-12
1.919614677433032013e-15 1.732525994569551810e-12
1.925547243721781858e-15 1.738730328864092836e-12
1.931498144597771527e-15 1.744902849375730665e-12
1.937467436724007362e-15 1.751043613827715400e-12
1.943455176938637025e-15 1.757152688921922439e-12
1.949461422255442143e-15 1.763230150302030820e-12
1.955486229864412992e-15 1.769276082515428686e-12
1.961529657132277822e-15 1.775290578973901002e-12
1.967591761603080699e-15 1.781273741913157080e-12
1.973672600998681643e-15 1.787225682351231830e-12
1.979772233219328945e-15 1.793146520045772874e-12
1.985890716344237009e-15 1.799036383450380711e-12
1.992028108632088856e-15 1.804895409669811521e-12
1.998184468521624614e-15 1.810723744414362269e-12
2.004359854632180311e-15 1.816521541953303833e-12
2.010554325764280307e-15 1.822288965067473817e-12
2.016767940900146507e-15 1.828026185001040979e-12
2.023000759204286061e-15 1.833733381412519014e-12
2.029252840024078274e-15 1.839410742325109461e-12
2.035524242890290132e-15 1.845058464076240455e-12
2.041815027517669915e-15 1.850676751266622825e-12
2.048125253805537266e-15 1.856265816708653084e-12
2.054454981838306604e-15 1.861825881374314785e-12
2.060804271886091778e-15 1.867357174342511589e-12
2.067173184405262224e-15 1.872859932746051376e-12
2.073561780039053534e-15 1.878334401718226849e-12
2.079970119618092844e-15 1.883780834338887239e-12
2.086398264161005858e-15 1.889199491580423573e-12
2.092846274875020331e-15 1.894590642253301173e-12
2.099314213156499728e-15 1.899954562951480677e-12
2.105802140591561695e-15 1.905291537997597537e-12
2.112310118956646828e-15 1.910601859388032053e-12
2.118838210219141476e-15 1.915885826737919635e-12
2.125386476537916534e-15 1.921143747226009603e-12
2.131954980263944332e-15 1.926375935539624554e-12
2.138543783940919471e-15 1.931582713819621755e-12
2.145152950305800767e-15 1.936764411605388054e-12
2.151782542289436425e-15 1.941921365780044818e-12
2.158432623017188028e-15 1.947053920515754250e-12
2.165103255809479584e-15 1.952162427219246238e-12
2.171794504182436501e-15 1.957247244477523312e-12
2.178506431848470139e-15 1.962308738004045035e-12
2.185239102716923486e-15 1.967347280585059413e-12
2.191992580894623365e-15 1.972363252026326077e-12
2.198766930686518619e-15 1.977357039100352828e-12
2.205562216596319881e-15 1.982329035493973061e-12
2.212378503327059269e-15 1.987279641756471284e-12
2.219215855781733700e-15 1.992209265248217545e-12
2.226074339063948998e-15 1.997118320089917396e-12
2.232954018478487085e-15 2.002007227112358248e-12
2.239854959531963495e-15 2.006876413806907781e-12
2.246777227933432428e-15 2.011726314276684843e-12
2.253720889595049007e-15 2.016557369188374158e-12
2.260686010632642768e-15 2.021370025724892453e-12
2.267672657366374004e-15 2.026164737538779170e-12
2.274680896321392457e-15 2.030941964706523418e-12
2.281710794228416340e-15 2.035702173683582791e-12
2.288762418024404850e-15 2.040445837260520181e-12
2.295835834853176231e-15 2.045173434519904355e-12
2.302931112066083833e-15 2.049885450794303476e-12
2.310048317222602628e-15 2.054582377625258081e-12
2.317187518091000927e-15 2.059264712723256518e-12
2.324348782649011698e-15 2.063932959928898256e-12
2.331532179084425003e-15 2.068587629175063699e-12
2.338737775795766024e-15 2.073229236450277517e-12
2.345965641392972690e-15 2.077858303763318399e-12
2.353215844697994429e-15 2.082475359108953265e-12
2.360488454745483600e-15 2.087080936434991395e-12
2.367783540783434473e-15 2.091675575610583389e-12
2.375101172273881368e-15 2.096259822395905070e-12
2.382441418893502138e-15 2.100834228413091460e-12
2.389804350534309599e-15 2.105399351118654265e-12
2.397190037304346917e-15 2.109955753777285531e-12
2.404598549528298186e-15 2.114504005437076558e-12
2.412029957748193663e-15 2.119044680906255062e-12
2.419484332724065321e-15 2.123578360731460374e-12
2.426961745434657210e-15 2.128105631177504575e-12
2.434462267078044718e-15 2.132627084208730643e-12
2.441985969072339810e-15 2.137143317472005567e-12
2.449532923056402582e-15 2.141654934281383580e-12
2.457103200890462488e-15 2.146162543604292084e-12
2.464696874656832654e-15 2.150666760049592458e-12
2.472314016660627346e-15 2.155168203857300883e-12
2.479954699430388723e-15 2.159667500890037046e-12
2.487618995718819685e-15 2.164165282626341660e-12
2.495306978503453224e-15 2.168662186155753372e-12
2.503018720987401840e-15 2.173158854175836887e-12
2.510754296599928679e-15 2.177655934990876768e-12
2.518513778997333814e-15 2.182154082512836285e-12
2.526297242063479631e-15 2.186653956263942355e-12
2.534104759910586787e-15 2.191156221381384479e-12
2.541936406879919731e-15 2.195661548624059815e-12
2.549792257542495100e-15 2.200170614381292102e-12
2.557672386699769212e-15 2.204684100683604390e-12
2.565576869384435606e-15 2.209202695215701095e-12
2.573505780861013528e-15 2.213727091331417025e-12
2.581459196626647842e-15 2.218257988070989217e-12
2.589437192411806770e-15 2.222796090180423788e-12
2.597439844181004102e-15 2.227342108133139958e-12
2.605467228133522182e-15 2.231896758153813288e-12
2.613519420704114388e-15 2.236460762244571615e-12
2.621596498563820820e-15 2.241034848213496033e-12
2.629698538620569009e-15 2.245619749705435788e-12
2.637825618019991185e-15 2.250216206235229605e-12
2.645977814146138981e-15 2.254824963223382285e-12
2.654155204622218256e-15 2.259446772034146525e-12
2.662357867311330234e-15 2.264082390016095154e-12
2.670585880317188966e-15 2.268732580545215302e-12
2.678839321984954770e-15 2.273398113070630735e-12
2.687118270901847564e-15 2.278079763162739880e-12
2.695422805897981878e-15 2.282778312564131870e-12
2.703753006047097339e-15 2.287494549243098419e-12
2.712108950667311637e-15 2.292229267449855446e-12
2.720490719321873497e-15 2.296983267775467180e-12
2.728898391819900652e-15 2.301757357213566022e-12
2.737332048217226691e-15 2.306552349224887989e-12
2.745791768817031355e-15 2.311369063804571201e-12
2.754277634170693694e-15 2.316208327552441602e-12
2.762789725078535958e-15 2.321070973746134022e-12
2.771328122590594318e-15 2.325957842417243289e-12
2.779892908007367097e-15 2.330869780430422560e-12
2.788484162880679762e-15 2.335807641565541991e-12
2.797101969014325076e-15 2.340772286602923069e-12
2.805746408464934010e-15 2.345764583411714061e-12
2.814417563542732251e-15 2.350785407041440893e-12
2.823115516812325916e-15 2.355835639816750428e-12
2.831840351093486858e-15 2.360916171434832389e-12
2.840592149461917467e-15 2.366027732570147410e-12
2.849370995250135379e-15 2.371170422835162239e-12
2.858176972048128625e-15 2.376344190087149885e-12
2.867010163704241521e-15 2.381548981502464674e-12
2.875870654325952878e-15 2.386784743557017881e-12
2.884758528280674728e-15 2.392051422006800208e-12
2.893673870196556563e-15 2.397348961868317836e-12
2.902616764963268280e-15 2.402677307399034122e-12
2.911587297732900670e-15 2.408036402077799593e-12
2.920585553920637522e-15 2.413426188585201961e-12
2.929611619205660451e-15 2.418846608783941990e-12
2.938665579531943276e-15 2.424297603699167358e-12
2.947747521109069287e-15 2.429779113498783093e-12
2.956857530413052442e-15 2.435291077473758778e-12
2.965995694187136091e-15 2.440833434018286716e-12
2.975162099442716341e-15 2.446406120610203035e-12
2.984356833460025599e-15 2.452009073791018627e-12
2.993579983789059487e-15 2.457642229146181114e-12
3.002831638250387001e-15 2.463305521285210804e-12
3.012111884935985915e-15 2.468998883821900052e-12
3.021420812210083312e-15 2.474722249354349855e-12
3.030758508709969292e-15 2.480475549445090051e-12
3.040125063346943611e-15 2.486258714601244354e-12
3.049520565307010659e-15 2.492071674254360958e-12
3.058945104051828863e-15 2.497914356740668450e-12
3.068398769319538196e-15 2.503786689280933878e-12
3.077881651125614119e-15 2.509688597960546600e-12
3.087393839763699833e-15 2.515620007709389284e-12
3.096935425806565533e-15 2.521580842281894694e-12
3.106506500106822322e-15 2.527571024236904972e-12
3.116107153797885024e-15 2.533590474917577776e-12
3.125737478294816652e-15 2.539639114431348150e-12
3.135397565295198922e-15 2.545716861629757112e-12
3.145087506780003544e-15 2.551823634088337189e-12
3.154807395014444593e-15 2.557959348086460396e-12
3.164557322548958267e-15 2.564123918587223360e-12
3.174337382219930617e-15 2.570317259217216137e-12
3.184147667150685200e-15 2.576539282246358470e-12
3.193988270752340959e-15 2.582789898567740492e-12
3.203859286724706013e-15 2.589069017677402041e-12
3.213760809057165511e-15 2.595376547654113179e-12
3.223692932029554115e-15 2.601712395139187433e-12
3.233655750213156278e-15 2.608076465316276051e-12
3.243649358471449742e-15 2.614468661891119441e-12
3.253673851961114493e-15 2.620888887071307101e-12
3.263729326132911947e-15 2.627337041546119531e-12
3.273815876732593715e-15 2.633813024466248575e-12
3.283933599801813528e-15 2.640316733423597332e-12
3.294082591679015102e-15 2.646848064431059873e-12
3.304262949000456865e-15 2.653406911902320340e-12
3.314474768700970052e-15 2.659993168631637108e-12
3.324718148014990145e-15 2.666606725773634210e-12
3.334993184477455382e-15 2.673247472823122656e-12
3.345299975924736034e-15 2.679915297594923768e-12
3.355638620495564871e-15 2.686610086203715134e-12
3.366009216631945136e-15 2.693331723043841829e-12
3.376411863080197368e-15 2.700080090769270208e-12
3.386846658891734847e-15 2.706855070273379740e-12
3.397313703424116730e-15 2.713656540668885701e-12
3.407813096341966672e-15 2.720484379267827301e-12
3.418344937617921832e-15 2.727338461561462106e-12
3.428909327533555837e-15 2.734218661200254568e-12
3.439506366680447294e-15 2.741124849973932410e-12
3.450136155960968259e-15 2.748056897791445670e-12
3.460798796589357873e-15 2.755014672661086500e-12
3.471494390092657561e-15 2.761998040670594822e-12
3.482223038311678171e-15 2.769006865967278937e-12
3.492984843401968697e-15 2.776041010738218924e-12
3.503779907834761731e-15 2.783100335190447832e-12
3.514608334398063270e-15 2.790184697531298464e-12
3.525470226197458543e-15 2.797293953948638285e-12
3.536365686657209704e-15 2.804427958591269119e-12
3.547294819521211938e-15 2.811586563549301400e-12
3.558257728853979139e-15 2.818769618834690386e-12
3.569254519041638270e-15 2.825976972361699269e-12
3.580285294792891377e-15 2.833208469927481833e-12
3.591350161140130650e-15 2.840463955192816181e-12
3.602449223440261985e-15 2.847743269662671637e-12
3.613582587375826753e-15 2.855046252667084238e-12
3.624750358955978402e-15 2.862372741341951846e-12
3.635952644517491416e-15 2.869722570610001317e-12
3.647189550725772631e-15 2.877095573161731846e-12
3.658461184575848892e-15 2.884491579436464531e-12
3.669767653393506953e-15 2.891910417603649630e-12
3.681109064836129673e-15 2.899351913543897948e-12
3.692485526893849329e-15 2.906815890830429455e-12
3.703897147890537638e-15 2.914302170710426990e-12
3.715344036484844684e-15 2.921810572086615736e-12
3.726826301671226017e-15 2.929340911498807969e-12
3.738344052780957919e-15 2.936893003105587546e-12
3.749897399483293867e-15 2.944466658666317517e-12
3.761486451786329134e-15 2.952061687522699413e-12
3.773111320038168295e-15 2.959677896581114466e-12
3.784772114927948384e-15 2.967315090294602551e-12
3.796468947486890445e-15 2.974973070645194526e-12
3.808201929089325839e-15 2.982651637126200549e-12
3.819971171453881113e-15 2.990350586724849787e-12
3.831776786644356006e-15 2.998069713904767758e-12
3.843618887070916199e-15 3.005808810588797795e-12
3.855497585491127519e-15 3.013567666141913381e-12
3.867412995011035885e-15 3.021346067354230255e-12
3.879365229086238586e-15 3.029143798424154621e-12
3.891354401522938193e-15 3.036960640941733719e-12
3.903380626479148731e-15 3.044796373872146948e-12
3.915444018465594191e-15 3.052650773539247876e-12
3.927544692346925742e-15 3.060523613609399485e-12
3.939682763342785118e-15 3.068414665075399487e-12
3.951858347028897974e-15 3.076323696240607981e-12
3.964071559338176719e-15 3.084250472703154690e-12
3.976322516561793362e-15 3.092194757340460825e-12
3.988611335350414083e-15 3.100156310293853045e-12
4.000938132715115888e-15 3.108134888953278787e-12
4.013303026028632221e-15 3.116130247942428327e-12
4.025706133026434491e-15 3.124142139103793829e-12
4.038147571807858566e-15 3.132170311484152485e-12
4.050627460837223379e-15 3.140214511320016542e-12
4.063145918944929020e-15 3.148274482023527605e-12
4.075703065328722070e-15 3.156349964168373166e-12
4.088299019554627246e-15 3.164440695475986252e-12
4.100933901558223780e-15 3.172546410801930879e-12
4.113607831645749820e-15 3.180666842122562143e-12
4.126320930495251013e-15 3.188801718521878174e-12
4.139073319157692012e-15 3.196950766178564737e-12
4.151865119058250995e-15 3.205113708353388002e-12
4.164696451997264721e-15 3.213290265376609925e-12
4.177567440151530148e-15 3.221480154635916585e-12
4.190478206075430144e-15 3.229683090564381246e-12
4.203428872702103359e-15 3.237898784628777610e-12
4.216419563344610957e-15 3.246126945318128934e-12
4.229450401697079673e-15 3.254367278132519286e-12
4.242521511836016844e-15 3.262619485572189538e-12
4.255633018221283075e-15 3.270883267126841782e-12
4.268785045697416736e-15 3.279158319265291489e-12
4.281977719494789643e-15 3.287444335425326470e-12
4.295211165230796662e-15 3.295741006003973368e-12
4.308485508911052407e-15 3.304048018347906726e-12
4.321800876930557973e-15 3.312365056744230848e-12
4.335157396075041989e-15 3.320691802411611844e-12
4.348555193521960113e-15 3.329027933491571229e-12
4.361994396841843982e-15 3.337373147653578748e-12
4.375475133999482136e-15 3.345727373185751206e-12
4.388997533355138017e-15 3.354090675674014758e-12
4.402561723665772708e-15 3.362463123316229414e-12
4.416167834086232167e-15 3.370844785166471935e-12
4.429815994170627732e-15 3.379235731137951164e-12
4.443506333873345864e-15 3.387636032005876092e-12
4.457238983550432599e-15 3.396045759410360285e-12
4.471014073960802080e-15 3.404464985859392134e-12
4.484831736267476651e-15 3.412893784731795022e-12
4.498692102038837984e-15 3.421332230280141434e-12
4.512595303249842721e-15 3.429780397633733315e-12
4.526541472283426639e-15 3.438238362801706013e-12
4.540530741931545164e-15 3.446706202675870908e-12
4.554563245396582273e-15 3.455183995033865806e-12
4.568639116292584273e-15 3.463671818542165179e-12
4.582758488646532233e-15 3.472169752759119896e-12
4.596921496899578920e-15 3.480677878138039762e-12
4.611128275908480581e-15 3.489196276030455791e-12
4.625378960946655591e-15 3.497725028688993530e-12
4.639673687705620185e-15 3.506264219270597365e-12
4.654012592296248265e-15 3.514813931839779870e-12
4.668395811250061979e-15 3.523374251371712429e-12
4.682823481520534128e-15 3.531945263755477005e-12
4.697295740484354289e-15 3.540527055797199977e-12
4.711812725942888996e-15 3.549119715223458202e-12
4.726374576123264849e-15 3.557723330684355495e-12
4.740981429679838156e-15 3.566337991756949695e-12
4.755633425695474470e-15 3.574963788948461220e-12
4.770330703682877820e-15 3.583600813699720326e-12
4.785073403585912838e-15 3.592249158388411612e-12
4.799861665780903227e-15 3.600908916332505119e-12
4.814695631078121919e-15 3.609580181793726615e-12
4.829575440722899423e-15 3.618263049980861469e-12
4.844501236397123452e-15 3.626957617053287133e-12
4.859473160220548430e-15 3.635663980124455538e-12
4.874491354752150755e-15 3.644382237265377920e-12
4.889555962991484853e-15 3.653112487508182740e-12
4.904667128380005308e-15 3.661854830849632824e-12
4.919824994802591728e-15 3.670609368254837979e-12
4.935029706588679975e-15 3.679376201660699019e-12
4.950281408513795708e-15 3.688155433979669663e-12
4.965580245800893868e-15 3.696947169103431189e-12
4.980926364121739979e-15 3.705751511906538807e-12
4.996319909598297747e-15 3.714568568250218297e-12
5.011761028804080383e-15 3.723398444986083472e-12
5.027249868765708604e-15 3.732241249960026510e-12
5.042786576964065522e-15 3.741097092015901493e-12
5.058371301335866480e-15 3.749966080999506026e-12
5.074004190275022203e-15 3.758848327762436021e-12
5.089685392634057168e-15 3.767743944165999463e-12
5.105415057725480647e-15 3.776653043085162476e-12
5.121193335323377838e-15 3.785575738412667461e-12
5.137020375664586846e-15 3.794512145062874149e-12
5.152896329450292182e-15 3.803462378975956897e-12
5.168821347847421046e-15 3.812426557121967085e-12
5.184795582490080632e-15 3.821404797504941553e-12
5.200819185481005689e-15 3.830397219167125742e-12
5.216892309392958746e-15 3.839403942193150801e-12
5.233015107270358326e-15 3.848425087714315694e-12
5.249187732630477219e-15 3.857460777912833776e-12
5.265410339465076220e-15 3.866511136026132675e-12
5.281683082241828017e-15 3.875576286351310085e-12
5.298006115905786054e-15 3.884656354249459494e-12
5.314379595880862854e-15 3.893751466150149407e-12
5.330803678071262592e-15 3.902861749555861357e-12
5.347278518863144800e-15 3.911987333046647649e-12
5.363804275125846318e-15 3.921128346284494248e-12
5.380381104213554461e-15 3.930284920018113421e-12
5.397009163966757740e-15 3.939457186087514232e-12
5.413688612713752581e-15 3.948645277428670780e-12
5.430419609272146112e-15 3.957849328078377850e-12
5.447202312950328171e-15 3.967069473178882797e-12
5.464036883549164204e-15 3.976305848982914869e-12
5.480923481363250342e-15 3.985558592858367184e-12
5.497862267182618133e-15 3.994827843293305850e-12
5.514853402294219171e-15 4.004113739900984752e-12
5.531897048483462594e-15 4.013416423424780364e-12
5.548993368035755724e-15 4.022736035743345469e-12
5.566142523738002114e-15 4.032072719875627982e-12
5.583344678880336258e-15 4.041426619986177344e-12
5.600599997257402327e-15 4.050797881390210198e-12
5.617908643170097559e-15 4.060186650558959599e-12
5.635270781427090811e-15 4.069593075124994329e-12
5.652686577346393182e-15 4.079017303887581037e-12
5.670156196756882097e-15 4.088459486818031829e-12
5.687679806000070715e-15 4.097919775065413752e-12
5.705257571931407975e-15 4.107398320961779263e-12
5.722889661922059846e-15 4.116895278027982334e-12
5.740576243860448391e-15 4.126410800979145607e-12
5.758317486153857890e-15 4.135945045730519316e-12
5.776113557730032282e-15 4.145498169403147153e-12
5.793964628038742632e-15 4.155070330329648451e-12
5.811870867053582581e-15 4.164661688060220906e-12
5.829832445273309404e-15 4.174272403368418714e-12
5.847849533723652086e-15 4.183902638257173872e-12
5.865922303958896137e-15 4.193552555964941868e-12
5.884050928063514961e-15 4.203222320971679355e-12
5.902235578653806740e-15 4.212912099005102126e-12
5.920476428879494246e-15 4.222622057046855851e-12
5.938773652425563672e-15 4.232352363338903298e-12
5.957127423513628577e-15 4.242103187389771813e-12
5.975537916903782129e-15 4.251874699981010816e-12
5.994005307896215058e-15 4.261667073173717971e-12
6.012529772332882522e-15 4.271480480315082309e-12
6.031111486599177277e-15 4.281315096044938668e-12
6.049750627625562624e-15 4.291171096302486112e-12
6.068447372889454624e-15 4.301048658333176791e-12
6.087201900416613658e-15 4.310947960695281693e-12
6.106014388783036896e-15 4.320869183266994376e-12
6.124885017116612542e-15 4.330812507253270557e-12
6.143813965098821407e-15 4.340778115192940737e-12
6.162801412966399828e-15 4.350766190965764658e-12
6.181847541513257388e-15 4.360776919799641672e-12
6.200952532091894497e-15 4.370810488277861494e-12
6.220116566615332741e-15 4.380867084346349304e-12
6.239339827558795149e-15 4.390946897321192765e-12
6.258622497961444055e-15 4.401050117896034953e-12
6.277964761428124485e-15 4.411176938149597335e-12
6.297366802131060202e-15 4.421327551553402279e-12
6.316828804811813241e-15 4.431502152979464862e-12
6.336350954782734623e-15 4.441700938707983873e-12
6.355933437928934925e-15 4.451924106435286463e-12
6.375576440710002429e-15 4.462171855281772795e-12
6.395280150161777259e-15 4.472444385799918854e-12
6.415044753898135003e-15 4.482741899982410121e-12
6.434870440112718261e-15 4.493064601270293826e-12
6.454757397580939560e-15 4.503412688403974345e-12
6.474705815661464418e-15 4.513786270885792420e-12
6.494715884298223723e-15 4.524185389719469870e-12
6.514787794022168160e-15 4.534610084124101691e-12
6.534921735953085750e-15 4.545060393249228621e-12
6.555117901801420174e-15 4.555536356173755506e-12
6.575376483870039395e-15 4.566038011904943982e-12
6.595697675056287487e-15 4.576565399377466543e-12
6.616081668853495309e-15 4.587118557452228787e-12
6.636528659353037845e-15 4.597697524915396017e-12
6.657038841246128870e-15 4.608302340477335842e-12
6.677612409825676347e-15 4.618933042771538968e-12
6.698249560988139407e-15 4.629589670353614297e-12
6.718950491235341151e-15 4.640272261700123285e-12
6.739715397676556765e-15 4.650980855207705908e-12
6.760544478030062842e-15 4.661715489191729223e-12
6.781437930625240488e-15 4.672476201885455340e-12
6.802395954404405475e-15 4.683263031438787730e-12
6.823418748924706242e-15 4.694076015917320448e-12
6.844506514359964311e-15 4.704915193301089285e-12
6.865659451502806572e-15 4.715780601483658964e-12
6.886877761766243798e-15 4.726672278270833896e-12
6.908161647185806090e-15 4.737590261379700951e-12
6.929511310421415634e-15 4.748534588437380604e-12
6.950926954759313884e-15 4.759505296980010734e-12
6.972408784113999801e-15 4.770502424451618942e-12
6.993957003030111278e-15 4.781526008202829276e-12
7.015571816684602400e-15 4.792576085490081898e-12
7.037253430888355878e-15 4.803652693474103130e-12
7.059002052088368977e-15 4.814755869218986984e-12
7.080817887369663353e-15 4.825885649691024677e-12
7.102701144457257204e-15 4.837042071757417811e-12
7.124652031718141364e-15 4.848225172185306600e-12
7.146670758163208072e-15 4.859434987640503247e-12
7.168757533449468457e-15 4.870671554686376383e-12
7.190912567881708358e-15 4.881934909782573947e-12
7.213136072414717645e-15 4.893225089283964164e-12
7.235428258655237128e-15 4.904542129439366505e-12
7.257789338863982775e-15 4.915886066390415928e-12
7.280219525957658881e-15 4.927256936170351996e-12
7.302719033510933380e-15 4.938654774702799917e-12
7.325288075758698719e-15 4.950079617800642053e-12
7.347926867597766331e-15 4.961531501164700414e-12
7.370635624589144866e-15 4.973010460382595241e-12
7.393414562960031273e-15 4.984516530927508277e-12
7.416263899605872887e-15 4.996049748156941993e-12
7.439183852092435819e-15 5.007610147311542639e-12
7.462174638657807087e-15 5.019197763513761721e-12
7.485236478214724908e-15 5.030812631766832536e-12
7.508369590352290530e-15 5.042454786953220007e-12
7.531574195338309570e-15 5.054124263833640030e-12
7.554850514121322539e-15 5.065821097045649060e-12
7.578198768332711104e-15 5.077545321102452621e-12
7.601619180288747549e-15 5.089296970391608791e-12
7.625111972992958200e-15 5.101076079173827018e-12
7.648677370137874696e-15 5.112882681581574675e-12
7.672315596107411619e-15 5.124716811617918683e-12
7.696026875978944350e-15 5.136578503155173265e-12
7.719811435525446883e-15 5.148467789933626863e-12
7.743669501217643840e-15 5.160384705560211704e-12
7.767601300226105683e-15 5.172329283507298569e-12
7.791607060423662627e-15 5.184301557111335662e-12
7.815687010387196938e-15 5.196301559571502827e-12
7.839841379400069462e-15 5.208329323948474007e-12
7.864070397454238510e-15 5.220384883163001990e-12
7.888374295252456044e-15 5.232468269994707528e-12
7.912753304210460713e-15 5.244579517080674580e-12
7.937207656459110931e-15 5.256718656914119881e-12
7.961737584846865056e-15 5.268885721843103698e-12
7.986343322941605237e-15 5.281080744069135586e-12
8.011025105033114436e-15 5.293303755645819708e-12
8.035783166135250532e-15 5.305554788477563182e-12
8.060617741988185102e-15 5.317833874318133358e-12
8.085529069060639059e-15 5.330141044769358884e-12
8.110517384552075684e-15 5.342476331279716073e-12
8.135582926395220243e-15 5.354839765143051776e-12
8.160725933257931172e-15 5.367231377497015454e-12
8.185946644545735471e-15 5.379651199321861228e-12
8.211245300404043827e-15 5.392099261438969606e-12
8.236622141720435156e-15 5.404575594509463742e-12
8.262077410126947455e-15 5.417080229032799023e-12
8.287611348002321320e-15 5.429613195345372050e-12
8.313224198474565323e-15 5.442174523619193432e-12
8.338916205422876103e-15 5.454764243860314207e-12
8.364687613480224245e-15 5.467382385907468748e-12
8.390538668035616740e-15 5.480028979430743514e-12
8.416469615236438319e-15 5.492704053930014786e-12
8.442480701990721798e-15 5.505407638733572180e-12
8.468572175969773407e-15 5.518139762996718743e-12
8.494744285610124427e-15 5.530900455700285422e-12
8.520997280116162837e-15 5.543689745649128565e-12
8.547331409462444674e-15 5.556507661470786564e-12
8.573746924396076388e-15 5.569354231613948273e-12
8.600244076439089321e-15 5.582229484346986062e-12
8.626823117890779465e-15 5.595133447756508244e-12
8.653484301830384853e-15 5.608066149745961598e-12
8.680227882119067183e-15 5.621027618033980233e-12
8.707054113402620762e-15 5.634017880153034156e-12
8.733963251113824893e-15 5.647036963447925961e-12
8.760955551474865675e-15 5.660084895074215640e-12
8.788031271499790938e-15 5.673161701996841669e-12
8.815190668996875251e-15 5.686267410988478775e-12
8.842434002571363576e-15 5.699402048628313311e-12
8.869761531627506534e-15 5.712565641300062552e-12
8.897173516371313525e-15 5.725758215190884174e-12
8.924670217812960336e-15 5.738979796289630606e-12
8.952251897769277203e-15 5.752230410385403088e-12
8.979918818866235304e-15 5.765510083066018473e-12
9.007671244541378029e-15 5.778818839716371021e-12
9.035509439046624589e-15 5.792156705517114086e-12
9.063433667450341568e-15 5.805523705442851460e-12
9.091444195640163885e-15 5.818919864260723737e-12
9.119541290325451311e-15 5.832345206528898547e-12
9.147725219039830177e-15 5.845799756594861262e-12
9.175996250143659355e-15 5.859283538593976322e-12
9.204354652826895397e-15 5.872796576447914452e-12
9.232800697111197220e-15 5.886338897958182922e-12
9.261334653852803868e-15 5.899910561466383674e-12
9.289956794745032047e-15 5.913511639368674158e-12
9.318667392320866742e-15 5.927142204362123009e-12
9.347466719955556574e-15 5.940802329376743907e-12
9.376355051869139728e-15 5.954492087576449582e-12
9.405332663129359585e-15 5.968211552359949274e-12
9.434399829653827777e-15 5.981960797361478978e-12
9.463556828212952441e-15 5.995739896451724751e-12
9.492803936432503593e-15 6.009548923738727443e-12
9.522141432796252658e-15 6.023387953568644442e-12
9.551569596648623041e-15 6.037257060526769116e-12
9.581088708197274437e-15 6.051156319438188352e-12
9.610699048516083145e-15 6.065085805368963549e-12
9.640400899547347725e-15 6.079045593626704158e-12
9.670194544104788249e-15 6.093035759761630733e-12
9.700080265876162159e-15 6.107056379567389993e-12
9.730058349425957442e-15 6.121107529082014489e-12
9.760129080198115775e-15 6.135189284588706154e-12
9.790292744518657859e-15 6.149301722616845244e-12
9.820549629598736305e-15 6.163444919942886179e-12
9.850900023536888622e-15 6.177618953591134639e-12
9.881344215322099578e-15 6.191823900834784772e-12
9.911882494836478593e-15 6.206059839196788381e-12
9.942515152858008127e-15 6.220326846450743496e-12
9.973242481063325208e-15 6.234625000621863725e-12
1.000406477203040829e-14 6.248954379987847441e-12
1.003498231924169640e-14 6.263315063079921455e-12
1.006599541708638476e-14 6.277707128683542979e-12
1.009710436086356597e-14 6.292130655839537010e-12
1.012830944678495005e-14 6.306585723844959047e-12
1.015961097197768854e-14 6.321072412254020017e-12
1.019100923448712450e-14 6.335590800879068550e-12
1.022250453327995420e-14 6.350140969791565183e-12
1.025409716824658430e-14 6.364722999322872374e-12
1.028578744020431568e-14 6.379336970065412887e-12
1.031757565090012018e-14 6.393982962873517159e-12
1.034946210301352317e-14 6.408661058864381351e-12
1.038144710015947970e-14 6.423371339419082737e-12
1.041353094689117811e-14 6.438113886183499788e-12
1.044571394870328698e-14 6.452888781069356644e-12
1.047799641203435012e-14 6.467696106255129460e-12
1.051037864427003985e-14 6.482535944187007680e-12
1.054286095374600789e-14 6.497408377580012024e-12
1.057544364975081685e-14 6.512313489418802283e-12
1.060812704252888258e-14 6.527251362958806611e-12
1.064091144328334570e-14 6.542222081727148066e-12
1.067379716417938008e-14 6.557225729523739977e-12
1.070678451834664455e-14 6.572262390422124437e-12
1.073987381988261200e-14 6.587332148770645216e-12
1.077306538385547227e-14 6.602435089193340372e-12
1.080635952630713466e-14 6.617571296591056204e-12
1.083975656425623500e-14 6.632740856142322085e-12
1.087325681570106235e-14 6.647943853304494302e-12
1.090686059962295110e-14 6.663180373814970172e-12
1.094056823598877850e-14 6.678450503691751874e-12
1.097438004575436466e-14 6.693754329234810014e-12
1.100829635086744653e-14 6.709091937027077205e-12
1.104231747427074029e-14 6.724463413935467502e-12
1.107644373990501474e-14 6.739868847111927346e-12
1.111067547271208422e-14 6.755308323994437224e-12
1.114501299863827332e-14 6.770781932308213670e-12
1.117945664463696645e-14 6.786289760066624489e-12
1.121400673867208989e-14 6.801831895572255858e-12
1.124866360972113786e-14 6.817408427418098163e-12
1.128342758777831531e-14 6.833019444488526663e-12
1.131829900385757668e-14 6.848665035960303962e-12
1.135327818999615360e-14 6.864345291304000107e-12
1.138836547925716137e-14 6.880060300284571780e-12
1.142356120573313771e-14 6.895810152962887408e-12
1.145886570454913202e-14 6.911594939696581004e-12
1.149427931186590178e-14 6.927414751141244470e-12
1.152980236488310115e-14 6.943269678251484998e-12
1.156543520184241119e-14 6.959159812282058404e-12
1.160117816203113070e-14 6.975085244789075164e-12
1.163703158578483949e-14 6.991046067630874448e-12
1.167299581449102075e-14 7.007042372969387673e-12
1.170907119059221184e-14 7.023074253271145824e-12
1.174525805758927482e-14 7.039141801308378861e-12
1.178155676004465454e-14 7.055245110160275066e-12
1.181796764358557028e-14 7.071384273213973017e-12
1.185449105490769192e-14 7.087559384165901717e-12
1.189112734177786460e-14 7.103770537022681283e-12
1.192787685303780064e-14 7.120017826102446110e-12
1.196473993860730438e-14 7.136301346035955591e-12
1.200171694948761064e-14 7.152621191767701600e-12
1.203880823776472476e-14 7.168977458557230042e-12
1.207601415661266797e-14 7.185370241980079509e-12
1.211333506029724814e-14 7.201799637929240157e-12
1.215077130417883188e-14 7.218265742616074588e-12
1.218832324471612468e-14 7.234768652571583665e-12
1.222599123946946685e-14 7.251308464647721599e-12
1.226377564710424136e-14 7.267885276018383070e-12
1.230167682739428330e-14 7.284499184180759518e-12
1.233969514122520887e-14 7.301150286956466818e-12
1.237783095059825085e-14 7.317838682492849870e-12
1.241608461863310792e-14 7.334564469264023841e-12
1.245445650957179750e-14 7.351327746072268422e-12
1.249294698878202573e-14 7.368128612049124805e-12
1.253155642276066952e-14 7.384967166656693006e-12
1.257028517913715920e-14 7.401843509688799931e-12
1.260913362667739121e-14 7.418757741272409783e-12
1.264810213528662805e-14 7.435709961868606341e-12
1.268719107601342355e-14 7.452700272274006599e-12
1.272640082105305449e-14 7.469728773622051616e-12
1.276573174375107043e-14 7.486795567384092197e-12
1.280518421860684361e-14 7.503900755370807374e-12
1.284475862127703046e-14 7.521044439733333700e-12
1.288445532857956954e-14 7.538226722964866302e-12
1.292427471849663663e-14 7.555447707901395583e-12
1.296421717017867106e-14 7.572707497723477908e-12
1.300428306394787354e-14 7.590006195957227574e-12
1.304447278130182701e-14 7.607343906475793457e-12
1.308478670491713802e-14 7.624720733500531928e-12
1.312522521865296297e-14 7.642136781602357483e-12
1.316578870755509596e-14 7.659592155703136996e-12
1.320647755785899642e-14 7.677086961076840017e-12
1.324729215699388967e-14 7.694621303350942717e-12
1.328823289358634671e-14 7.712195288507772054e-12
1.332930015746399347e-14 7.729809022885824098e-12
1.337049433965921373e-14 7.747462613181058109e-12
1.341181583241277155e-14 7.765156166448297258e-12
1.345326502917797331e-14 7.782889790102579251e-12
1.349484232462376795e-14 7.800663591920421341e-12
1.353654811463893420e-14 7.818477680041238807e-12
1.357838279633575042e-14 7.836332162968752134e-12
1.362034676805376214e-14 7.854227149572256865e-12
1.366244042936347713e-14 7.872162749088019465e-12
1.370466418107060628e-14 7.890139071120825055e-12
1.374701842521921594e-14 7.908156225645113174e-12
1.378950356509600347e-14 7.926214323006477035e-12
1.383212000523401916e-14 7.944313473923064247e-12
1.387486815141652688e-14 7.962453789487059921e-12
1.391774841068085528e-14 7.980635381165872510e-12
1.396076119132217650e-14 7.998858360803768786e-12
1.400390690289783376e-14 8.017122840623302014e-12
1.404718595623056634e-14 8.035428933226470335e-12
1.409059876341287503e-14 8.053776751596438975e-12
1.413414573781083398e-14 8.072166409098806870e-12
1.417782729406802076e-14 8.090598019483104313e-12
1.422164384810947018e-14 8.109071696884324532e-12
1.426559581714551597e-14 8.127587555824098221e-12
1.430968361967622740e-14 8.146145711212633860e-12
1.435390767549470512e-14 8.164746278349762999e-12
1.439826840569152716e-14 8.183389372926428217e-12
1.444276623265865540e-14 8.202075111026436031e-12
1.448740158009345557e-14 8.220803609127754213e-12
1.453217487300272364e-14 8.239574984104069217e-12
1.457708653770662694e-14 8.258389353226102881e-12
1.462213700184322590e-14 8.277246834163526900e-12
1.466732669437184095e-14 8.296147544985943486e-12
1.471265604557760894e-14 8.315091604164843457e-12
1.475812548707546216e-14 8.334079130574826013e-12
1.480373545181423992e-14 8.353110243495309632e-12
1.484948637408080950e-14 8.372185062612005496e-12
1.489537868950407363e-14 8.391303708018423210e-12
1.494141283505961839e-14 8.410466300217542940e-12
1.498758924907313378e-14 8.429672960123185428e-12
1.503390837122507424e-14 8.448923809061630812e-12
1.508037064255472922e-14 8.468218968773303682e-12
1.512697650546441993e-14 8.487558561414223879e-12
1.517372640372358243e-14 8.506942709557559073e-12
1.522062078247349769e-14 8.526371536195416446e-12
1.526766008823078148e-14 8.545845164740101243e-12
1.531484476889213648e-14 8.565363719026021540e-12
1.536217527373848593e-14 8.584927323311135815e-12
1.540965205343925237e-14 8.604536102278536224e-12
1.545727556005665540e-14 8.624190181038253207e-12
1.550504624704988628e-14 8.643889685128564119e-12
1.555296456927992635e-14 8.663634740518091875e-12
1.560103098301313156e-14 8.683425473606892241e-12
1.564924594592606982e-14 8.703262011228549249e-12
1.569760991710975555e-14 8.723144480651529060e-12
1.574612335707402946e-14 8.743073009581047585e-12
1.579478672775193518e-14 8.763047726160582670e-12
1.584360049250398851e-14 8.783068758973549464e-12
1.589256511612310946e-14 8.803136237045282741e-12
1.594168106483826984e-14 8.823250289844295445e-12
1.599094880631945689e-14 8.843411047284057450e-12
1.604036880968198037e-14 8.863618639725011815e-12
1.608994154549096279e-14 8.883873197975906024e-12
1.613966748576579804e-14 8.904174853295754927e-12
1.618954710398452803e-14 8.924523737395341619e-12
1.623958087508887242e-14 8.944919982439295088e-12
1.628976927548796152e-14 8.965363721047381065e-12
1.634011278306340078e-14 8.985855086296592597e-12
1.639061187717368213e-14 9.006394211722710702e-12
1.644126703865876249e-14 9.026981231322157450e-12
1.649207874984462969e-14 9.047616279553693940e-12
1.654304749454776432e-14 9.068299491340255615e-12
1.659417375808028620e-14 9.089031002070737478e-12
1.664545802725376936e-14 9.109810947601675922e-12
1.669690079038440744e-14 9.130639464259145430e-12
1.674850253729753868e-14 9.151516688840492097e-12
1.680026375933230644e-14 9.172442758616210946e-12
1.685218494934619675e-14 9.193417811331660061e-12
1.690426660172028582e-14 9.214441985209147931e-12
1.695650921236312123e-14 9.235515418949340624e-12
1.700891327871598838e-14 9.256638251733462214e-12
1.706147929975752056e-14 9.277810623224910374e-12
1.711420777600843845e-14 9.299032673571308165e-12
1.716709920953632430e-14 9.320304543406203640e-12
1.722015410396026045e-14 9.341626373851003697e-12
1.727337296445618093e-14 9.362998306496399677e-12
1.732675629776084733e-14 9.384420478031809992e-12
1.738030461217722256e-14 9.405893012986752314e-12
1.743401841757919446e-14 9.427416034423661953e-12
1.748789822541640059e-14 9.448989665719651816e-12
1.754194454871911905e-14 9.470614030567354131e-12
1.759615790210300489e-14 9.492289252975828406e-12
1.765053880177456161e-14 9.514015457271553403e-12
1.770508776553519591e-14 9.535792768098869802e-12
1.775980531278672393e-14 9.557621310421138582e-12
1.781469196453617386e-14 9.579501209521532659e-12
1.786974824340073996e-14 9.601432591003959383e-12
1.792497467361276819e-14 9.623415580793753627e-12
1.798037178102459977e-14 9.645450305138676220e-12
1.803594009311415637e-14 9.667536890609850987e-12
1.809168013898909579e-14 9.689675464102430370e-12
1.814759244939241605e-14 9.711866152836524393e-12
1.820367755670739364e-14 9.734109084358189398e-12
1.825993599496261962e-14 9.756404386540227765e-12
1.831636829983710513e-14 9.778752187583000547e-12
1.837297500866523229e-14 9.801152616015442063e-12
1.842975666044245604e-14 9.823605800695950086e-12
1.848671379582954828e-14 9.846111870813023996e-12
1.854384695715834072e-14 9.868670955886432856e-12
1.860115668843674838e-14 9.891283185767963423e-12
1.865864353535393187e-14 9.913948690642389504e-12
1.871630804528535562e-14 9.936667601028292670e-12
1.877415076729860642e-14 9.959440047779033231e-12
1.883217225215770386e-14 9.982266162083653341e-12
1.889037305232895363e-14 1.000514607546759594e-11
1.894875372198605931e-14 1.002807991979386959e-11
1.900731481701540150e-14 1.005106782726383850e-11
1.906605689502131995e-14 1.007410993041814503e-11
1.912498051533127909e-14 1.009720636213750937e-11
1.918408623900180971e-14 1.012035725564396715e-11
1.924337462882291708e-14 1.014356274450136698e-11
1.930284624932406686e-14 1.016682296261663871e-11
1.936250166677940422e-14 1.019013804424051075e-11
1.942234144921313699e-14 1.021350812396850365e-11
1.948236616640495988e-14 1.023693333674190108e-11
1.954257638989530198e-14 1.026041381784849135e-11
1.960297269299142309e-14 1.028394970292401990e-11
1.966355565077190707e-14 1.030754112795236044e-11
1.972432584009277708e-14 1.033118822926710480e-11
1.978528383959282511e-14 1.035489114355207661e-11
1.984643022969913406e-14 1.037865000784259472e-11
1.990776559263258391e-14 1.040246495952621150e-11
1.996929051241325707e-14 1.042633613634369518e-11
2.003100557486663248e-14 1.045026367639020429e-11
2.009291136762818624e-14 1.047424771811583542e-11
2.015500848014965833e-14 1.049828840032692211e-11
2.021729750370447684e-14 1.052238586218687497e-11
2.027977903139340302e-14 1.054654024321711873e-11
2.034245365815017638e-14 1.057075168329808580e-11
2.040532198074700835e-14 1.059502032267015978e-11
2.046838459780093729e-14 1.061934630193489689e-11
2.053164210977853015e-14 1.064372976205549118e-11
2.059509511900225012e-14 1.066817084435822701e-11
2.065874422965604495e-14 1.069266969053316401e-11
2.072259004779109297e-14 1.071722644263534881e-11
2.078663318133140090e-14 1.074184124308557274e-11
2.085087424008027563e-14 1.076651423467158671e-11
2.091531383572510157e-14 1.079124556054890262e-11
2.097995258184386295e-14 1.081603536424186766e-11
2.104479109391080154e-14 1.084088378964469830e-11
2.110982998930228261e-14 1.086579098102239957e-11
2.117506988730266721e-14 1.089075708301185398e-11
2.124051140911004562e-14 1.091578224062269874e-11
2.130615517784283852e-14 1.094086659923854396e-11
2.137200181854469427e-14 1.096601030461781596e-11
2.143805195819112793e-14 1.099121350289477669e-11
2.150430622569532414e-14 1.101647634058058038e-11
2.157076525191412299e-14 1.104179896456433491e-11
2.163742966965402168e-14 1.106718152211400014e-11
2.170430011367703417e-14 1.109262416087753978e-11
2.177137722070743753e-14 1.111812702888406201e-11
2.183866162943676698e-14 1.114369027454450450e-11
2.190615398053061276e-14 1.116931404665289616e-11
2.197385491663453971e-14 1.119499849438736366e-11
2.204176508238021198e-14 1.122074376731120582e-11
2.210988512439152409e-14 1.124655001537390493e-11
2.217821569129058047e-14 1.127241738891204441e-11
2.224675743370459010e-14 1.129834603865072572e-11
2.231551100427099098e-14 1.132433611570417414e-11
2.238447705764436683e-14 1.135038777157704099e-11
2.245365625050251502e-14 1.137650115816546182e-11
2.252304924155269437e-14 1.140267642775802897e-11
2.259265669153771511e-14 1.142891373303690960e-11
2.266247926324296294e-14 1.145521322707902341e-11
2.273251762150160550e-14 1.148157506335679555e-11
2.280277243320166369e-14 1.150799939573959282e-11
2.287324436729217746e-14 1.153448637849455898e-11
2.294393409478957029e-14 1.156103616628773271e-11
2.301484228878403270e-14 1.158764891418533525e-11
2.308596962444576681e-14 1.161432477765444729e-11
2.315731677903213981e-14 1.164106391256467631e-11
2.322888443189302605e-14 1.166786647518858145e-11
2.330067326447800465e-14 1.169473262220331496e-11
2.337268396034268932e-14 1.172166251069146874e-11
2.344491720515521278e-14 1.174865629814213097e-11
2.351737368670276169e-14 1.177571414245216077e-11
2.359005409489794118e-14 1.180283620192712852e-11
2.366295912178610810e-14 1.183002263528271977e-11
2.373608946155080154e-14 1.185727360164539116e-11
2.380944581052112974e-14 1.188458926055385680e-11
2.388302886717820716e-14 1.191196977196009474e-11
2.395683933216179671e-14 1.193941529623041814e-11
2.403087790827699614e-14 1.196692599414669338e-11
2.410514530050071298e-14 1.199450202690725291e-11
2.417964221598919034e-14 1.202214355612858513e-11
2.425436936408352885e-14 1.204985074384570599e-11
2.432932745631725663e-14 1.207762375251393449e-11
2.440451720642289259e-14 1.210546274500956481e-11
2.447993933033874326e-14 1.213336788463136229e-11
2.455559454621571855e-14 1.216133933510157485e-11
2.463148357442397396e-14 1.218937726056700891e-11
2.470760713756057514e-14 1.221748182560043821e-11
2.478396596045516508e-14 1.224565319520146171e-11
2.486056077017767285e-14 1.227389153479775886e-11
2.493739229604503787e-14 1.230219701024641924e-11
2.501446126962815185e-14 1.233056978783485862e-11
2.509176842475862096e-14 1.235901003428216633e-11
2.516931449753656600e-14 1.238751791674036058e-11
2.524710022633642222e-14 1.241609360279531907e-11
2.532512635181475840e-14 1.244473726046803747e-11
2.540339361691715578e-14 1.247344905821594941e-11
2.548190276688526048e-14 1.250222916493403636e-11
2.556065454926388321e-14 1.253107774995596664e-11
2.563964971390792549e-14 1.255999498305529900e-11
2.571888901299032506e-14 1.258898103444689629e-11
2.579837320100799126e-14 1.261803607478783178e-11
2.587810303478981671e-14 1.264716027517875599e-11
2.595807927350366032e-14 1.267635380716494191e-11
2.603830267866360160e-14 1.270561684273785378e-11
2.611877401413717300e-14 1.273494955433595649e-11
2.619949404615241862e-14 1.276435211484616315e-11
2.628046354330606047e-14 1.279382469760515339e-11
2.636168327656951908e-14 1.282336747640023287e-11
2.644315401929712082e-14 1.285298062547097797e-11
2.652487654723323548e-14 1.288266431951019375e-11
2.660685163851967583e-14 1.291241873366524531e-11
2.668908007370309707e-14 1.294224404353939217e-11
2.677156263574221657e-14 1.297214042519266396e-11
2.685430011001613785e-14 1.300210805514384758e-11
2.693729328433051953e-14 1.303214711037095253e-11
2.702054294892595929e-14 1.306225776831284418e-11
2.710404989648528618e-14 1.309244020687044747e-11
2.718781492214111150e-14 1.312269460440801835e-11
2.727183882348341140e-14 1.315302113975444913e-11
2.735612240056687904e-14 1.318341999220445440e-11
2.744066645591945377e-14 1.321389134152002984e-11
2.752547179454861304e-14 1.324443536793134727e-11
2.761053922394993317e-14 1.327505225213842683e-11
2.769586955411454881e-14 1.330574217531226457e-11
2.778146359753688374e-14 1.333650531909608786e-11
2.786732216922212930e-14 1.336734186560663970e-11
2.795344608669495027e-14 1.339825199743576043e-11
2.803983617000587147e-14 1.342923589765117288e-11
2.812649324174002149e-14 1.346029374979820300e-11
2.821341812702472153e-14 1.349142573790095113e-11
2.830061165353734881e-14 1.352263204646355537e-11
2.838807465151321879e-14 1.355391286047155360e-11
2.847580795375324983e-14 1.358526836539320010e-11
2.856381239563282989e-14 1.361669874718093577e-11
2.865208881510838311e-14 1.364820419227237527e-11
2.874063805272625547e-14 1.367978488759188055e-11
2.882946095163051189e-14 1.371144102055189378e-11
2.891855835757094481e-14 1.374317277905417645e-11
2.900793111891114574e-14 1.377498035149130056e-11
2.909758008663632448e-14 1.380686392674764870e-11
2.918750611436237158e-14 1.383882369420135274e-11
2.927771005834257307e-14 1.387085984372511293e-11
2.936819277747669818e-14 1.390297256568769068e-11
2.945895513331893213e-14 1.393516205095547897e-11
2.954999799008611809e-14 1.396742849089360896e-11
2.964132221466593616e-14 1.399977207734619463e-11
2.973292867662494341e-14 1.403219300107487105e-11
2.982481824821783824e-14 1.406469145067602785e-11
2.991699180439426358e-14 1.409726761495717798e-11
3.000945022280815324e-14 1.412992168318969047e-11
3.010219438382582881e-14 1.416265384510966767e-11
3.019522517053438056e-14 1.419546429091894208e-11
3.028854346875007344e-14 1.422835321128651422e-11
3.038215016702654505e-14 1.426132079734935235e-11
3.047604615666424662e-14 1.429436724071419549e-11
3.057023233171745446e-14 1.432749273345779245e-11
3.066470958900374889e-14 1.436069746812866129e-11
3.075947882811234465e-14 1.439398163774815071e-11
3.085454095141262946e-14 1.442734543581139490e-11
3.094989686406250079e-14 1.446078905628877235e-11
3.104554747401800881e-14 1.449431269362693508e-11
3.114149369204048776e-14 1.452791654274991035e-11
3.123773643170621787e-14 1.456160079906032861e-11
3.133427660941490723e-14 1.459536565844054304e-11
3.143111514439837555e-14 1.462921131725392045e-11
3.152825295872932628e-14 1.466313797234605614e-11
3.162569097732989159e-14 1.469714582104554782e-11
3.172343012798142684e-14 1.473123506116596661e-11
3.182147134133182491e-14 1.476540589100620277e-11
3.191981555090541163e-14 1.479965850935213300e-11
3.201846369311155392e-14 1.483399311547770608e-11
3.211741670725359591e-14 1.486840990914613522e-11
3.221667553553780783e-14 1.490290909061110973e-11
3.231624112308207611e-14 1.493749086061793559e-11
3.241611441792595026e-14 1.497215542040500248e-11
3.251629637103812765e-14 1.500690297170447195e-11
3.261678793632651932e-14 1.504173371674412245e-11
3.271759007064709156e-14 1.507664785824791801e-11
3.281870373381297882e-14 1.511164559943787586e-11
3.292012988860360296e-14 1.514672714403463514e-11
3.302186950077360314e-14 1.518189269625922754e-11
3.312392353906307208e-14 1.521714246083417914e-11
3.322629297520519853e-14 1.525247664298427625e-11
3.332897878393657300e-14 1.528789544843853313e-11
3.343198194300620595e-14 1.532339908343084471e-11
3.353530343318484271e-14 1.535898775470148910e-11
3.363894423827403221e-14 1.539466166949815509e-11
3.374290534511656517e-14 1.543042103557777745e-11
3.384718774360426808e-14 1.546626606120708625e-11
3.395179242668847925e-14 1.550219695516390901e-11
3.405672039038927532e-14 1.553821392673901247e-11
3.416197263380490605e-14 1.557431718573682960e-11
3.426755015912134900e-14 1.561050694247676178e-11
3.437345397162154869e-14 1.564678340779471359e-11
3.447968507969612613e-14 1.568314679304420758e-11
3.458624449485128009e-14 1.571959731009758300e-11
3.469313323171954714e-14 1.575613517134732389e-11
3.480035230806919858e-14 1.579276058970728359e-11
3.490790274481390239e-14 1.582947377861413239e-11
3.501578556602246093e-14 1.586627495202839795e-11
3.512400179892828362e-14 1.590316432443594192e-11
3.523255247394028578e-14 1.594014211084933643e-11
3.534143862465101710e-14 1.597720852680865898e-11
3.545066128784761731e-14 1.601436378838334387e-11
3.556022150352142769e-14 1.605160811217326792e-11
3.567012031487786760e-14 1.608894171530985225e-11
3.578035876834638672e-14 1.612636481545778452e-11
3.589093791359013337e-14 1.616387763081581059e-11
3.600185880351711845e-14 1.620148038011877009e-11
3.611312249428847639e-14 1.623917328263795195e-11
3.622473004532971115e-14 1.627695655818325920e-11
3.633668251934046550e-14 1.631483042710408142e-11
3.644898098230466257e-14 1.635279511029065507e-11
3.656162650350064116e-14 1.639085082917551105e-11
3.667462015551105754e-14 1.642899780573475424e-11
3.678796301423426394e-14 1.646723626248949816e-11
3.690165615889278410e-14 1.650556642250691507e-11
3.701570067204478015e-14 1.654398850940180957e-11
3.713009763959406167e-14 1.658250274733788525e-11
3.724484815080040399e-14 1.662110936102911463e-11
3.735995329828965191e-14 1.665980857574087984e-11
3.747541417806531283e-14 1.669860061729205348e-11
3.759123188951719002e-14 1.673748571205528617e-11
3.770740753543303884e-14 1.677646408695906803e-11
3.782394222200878405e-14 1.681553596948896305e-11
3.794083705885904639e-14 1.685470158768875608e-11
3.805809315902771330e-14 1.689396117016221390e-11
3.817571163899821937e-14 1.693331494607399957e-11
3.829369361870542342e-14 1.697276314515156270e-11
3.841204022154439958e-14 1.701230599768600217e-11
3.853075257438239638e-14 1.705194373453365588e-11
3.864983180756924346e-14 1.709167658711763554e-11
3.876927905494810529e-14 1.713150478742894465e-11
3.888909545386628541e-14 1.717142856802820075e-11
3.900928214518575299e-14 1.721144816204651104e-11
3.912984027329525973e-14 1.725156380318756616e-11
3.925077098611932028e-14 1.729177572572841574e-11
3.937207543513044903e-14 1.733208416452118410e-11
3.949375477535976868e-14 1.737248935499447257e-11
3.961581016540802281e-14 1.741299153315452598e-11
3.973824276745661986e-14 1.745359093558708413e-11
3.986105374727836169e-14 1.749428779945823478e-11
3.998424427424983182e-14 1.753508236251663993e-11
4.010781552136060305e-14 1.757597486309397855e-11
4.023176866522570771e-14 1.761696554010703707e-11
4.035610488609647985e-14 1.765805463305903745e-11
4.048082536787184533e-14 1.769924238204087795e-11
4.060593129810954265e-14 1.774052902773281328e-11
4.073142386803714171e-14 1.778191481140558558e-11
4.085730427256469085e-14 1.782339997492245036e-11
4.098357371029410746e-14 1.786498476073978066e-11
4.111023338353192594e-14 1.790666941190923203e-11
4.123728449830039227e-14 1.794845417207894769e-11
4.136472826434896873e-14 1.799033928549480257e-11
4.149256589516552315e-14 1.803232499700215136e-11
4.162079860798919674e-14 1.807441155204758949e-11
4.174942762382001564e-14 1.811659919667954446e-11
4.187845416743181557e-14 1.815888817755044717e-11
4.200787946738362038e-14 1.820127874191800502e-11
4.213770475603129826e-14 1.824377113764677223e-11
4.226793126953931260e-14 1.828636561320935186e-11
4.239856024789215733e-14 1.832906241768827636e-11
4.252959293490751510e-14 1.837186180077738081e-11
4.266103057824605812e-14 1.841476401278302752e-11
4.279287442942470100e-14 1.845776930462580241e-11
4.292512574382816862e-14 1.850087792784214355e-11
4.305778578072094260e-14 1.854409013458565618e-11
4.319085580325927099e-14 1.858740617762868636e-11
4.332433707850281180e-14 1.863082631036369740e-11
4.345823087742815724e-14 1.867435078680524739e-11
4.359253847493876075e-14 1.871797986159099727e-11
4.372726114987854962e-14 1.876171378998327799e-11
4.386240018504367580e-14 1.880555282787102919e-11
4.399795686719480955e-14 1.884949723177085906e-11
4.413393248706933204e-14 1.889354725882885374e-11
4.427032833939328192e-14 1.893770316682203787e-11
4.440714572289515085e-14 1.898196521415999014e-11
4.454438594031603776e-14 1.902633365988619718e-11
4.468205029842355173e-14 1.907080876367984682e-11
4.482014010802384052e-14 1.911539078585714322e-11
4.495865668397411139e-14 1.916007998737317447e-11
4.509760134519512036e-14 1.920487662982294656e-11
4.523697541468339634e-14 1.924978097544362584e-11
4.537678021952528923e-14 1.929479328711562789e-11
4.551701709090738286e-14 1.933991382836433007e-11
4.565768736413068186e-14 1.938514286336170972e-11
4.579879237862293050e-14 1.943048065692765277e-11
4.594033347795136072e-14 1.947592747453202171e-11
4.608231200983513715e-14 1.952148358229554739e-11
4.622472932615967025e-14 1.956714924699246243e-11
4.636758678298723751e-14 1.961292473605106018e-11
4.651088574057141012e-14 1.965881031755576597e-11
4.665462756336960537e-14 1.970480626024861691e-11
4.679881362005611860e-14 1.975091283353092602e-11
4.694344528353511100e-14 1.979713030746518209e-11
4.708852393095331976e-14 1.984345895277588338e-11
4.723405094371471825e-14 1.988989904085228731e-11
4.738002770749133289e-14 1.993645084374883377e-11
4.752645561223801060e-14 1.998311463418761694e-11
4.767333605220524255e-14 2.002989068488940302e-11
4.782067042595245489e-14 2.007677925331662628e-11
4.796846013636131206e-14 2.012378058122164184e-11
4.811670659064869204e-14 2.017089490999361114e-11
4.826541120038164940e-14 2.021812248138068878e-11
4.841457538148852250e-14 2.026546353748899501e-11
4.856420055427394076e-14 2.031291832078284511e-11
4.871428814343200814e-14 2.036048707408435523e-11
4.886483957805983361e-14 2.040817004057317418e-11
4.901585629167113750e-14 2.045596746378620232e-11
4.916733972220952326e-14 2.050387958761704872e-11
4.931929131206376241e-14 2.055190665631673557e-11
4.947171250807912264e-14 2.060004891449199211e-11
4.962460476157273475e-14 2.064830660710602687e-11
4.977796952834702860e-14 2.069667997947773929e-11
4.993180826870359804e-14 2.074516927728162922e-11
5.008612244745668108e-14 2.079377474654736072e-11
5.024091353394874769e-14 2.084249663365971684e-11
5.039618300206203611e-14 2.089133518535780473e-11
5.055193233023424179e-14 2.094029064873522368e-11
5.070816300147214880e-14 2.098936327123930898e-11
5.086487650336578524e-14 2.103855330067131618e-11
5.102207432810257851e-14 2.108786098518549365e-11
5.117975797248111938e-14 2.113728657328911497e-11
5.133792893792712850e-14 2.118683031384228501e-11
5.149658873050521364e-14 2.123649245605720969e-11
5.165573886093489928e-14 2.128627324949791489e-11
5.181538084460457372e-14 2.133617294407988778e-11
5.197551620158595361e-14 2.138619179007008974e-11
5.213614645664851064e-14 2.143633003808605809e-11
5.229727313927359530e-14 2.148658793909574778e-11
5.245889778367070639e-14 2.153696574441730194e-11
5.262102192878952580e-14 2.158746370571845093e-11
5.278364711833628904e-14 2.163808207501618274e-11
5.294677490078805410e-14 2.168882110467618720e-11
5.311040682940743107e-14 2.173968104741285280e-11
5.327454446225740642e-14 2.179066215628846208e-11
5.343918936221570660e-14 2.184176468471293317e-11
5.360434309699144611e-14 2.189298888644371637e-11
5.377000723913743379e-14 2.194433501558466326e-11
5.393618336606687770e-14 2.199580332658614623e-11
5.410287306006798850e-14 2.204739407424430564e-11
5.427007790831903097e-14 2.209910751370115966e-11
5.443779950290344485e-14 2.215094390044329565e-11
5.460603944082454921e-14 2.220290349030204144e-11
5.477479932402255664e-14 2.225498653945325523e-11
5.494408075938710661e-14 2.230719330441589428e-11
5.511388535877439961e-14 2.235952404205236703e-11
5.528421473902205920e-14 2.241197900956778349e-11
5.545507052196455588e-14 2.246455846450950936e-11
5.562645433444816389e-14 2.251726266476641313e-11
5.579836780834831610e-14 2.257009186856927646e-11
5.597081258058235837e-14 2.262304633448892012e-11
5.614379029312699915e-14 2.267612632143690510e-11
5.631730259303348078e-14 2.272933208866422727e-11
5.649135113244323692e-14 2.278266389576127856e-11
5.666593756860365071e-14 2.283612200265724924e-11
5.684106356388335878e-14 2.288970666961919084e-11
5.701673078578995321e-14 2.294341815725230697e-11
5.719294090698302618e-14 2.299725672649859300e-11
5.736969560529203608e-14 2.305122263863660988e-11
5.754699656373174392e-14 2.310531615528111901e-11
5.772484547051824301e-14 2.315953753838209672e-11
5.790324401908508959e-14 2.321388705022467290e-11
5.808219390809892856e-14 2.326836495342798393e-11
5.826169684147750476e-14 2.332297151094558626e-11
5.844175452840315568e-14 2.337770698606348862e-11
5.862236868334086055e-14 2.343257164240069487e-11
5.880354102605419429e-14 2.348756574390813450e-11
5.898527328162164746e-14 2.354268955486806480e-11
5.916756718045303458e-14 2.359794333989362181e-11
5.935042445830556160e-14 2.365332736392804154e-11
5.953384685630221590e-14 2.370884189224439180e-11
5.971783612094546084e-14 2.376448719044435085e-11
5.990239400413582770e-14 2.382026352445816533e-11
6.008752226318808413e-14 2.387617116054360345e-11
6.027322266084798324e-14 2.393221036528546051e-11
6.045949696530902537e-14 2.398838140559510663e-11
6.064634695022882846e-14 2.404468454870938488e-11
6.083377439474799766e-14 2.410112006219064681e-11
6.102178108350403449e-14 2.415768821392513688e-11
6.121036880665042099e-14 2.421438927212317020e-11
6.139953935987304063e-14 2.427122350531803711e-11
6.158929454440738179e-14 2.432819118236530850e-11
6.177963616705514801e-14 2.438529257244221867e-11
6.197056604020343051e-14 2.444252794504724526e-11
6.216208598183905906e-14 2.449989756999886527e-11
6.235419781556777455e-14 2.455740171743510911e-11
6.254690337063121784e-14 2.461504065781293381e-11
6.274020448192428472e-14 2.467281466190747981e-11
6.293410299001261968e-14 2.473072400081100793e-11
6.312860074114959219e-14 2.478876894593250191e-11
6.332369958729599934e-14 2.484694976899717406e-11
6.351940138613454294e-14 2.490526674204494660e-11
6.371570800108960789e-14 2.496372013743037088e-11
6.391262130134450352e-14 2.502231022782125737e-11
6.411014316185924765e-14 2.508103728619869826e-11
6.430827546338841379e-14 2.513990158585565870e-11
6.450702009249849873e-14 2.519890340039601387e-11
6.470637894158805420e-14 2.525804300373502076e-11
6.490635390890245443e-14 2.531732067009670092e-11
6.510694689855417926e-14 2.537673667401430895e-11
6.530815982054032063e-14 2.543629129032914994e-11
6.550999459076083358e-14 2.549598479418976192e-11
6.571245313103674952e-14 2.555581746105108229e-11
6.591553736912796030e-14 2.561578956667343961e-11
6.611924923875371598e-14 2.567590138712233719e-11
6.632359067960777094e-14 2.573615319876670176e-11
6.652856363737908359e-14 2.579654527827866049e-11
6.673417006376973932e-14 2.585707790263240690e-11
6.694041191651355496e-14 2.591775134910359337e-11
6.714729115939473379e-14 2.597856589526811300e-11
6.735480976226596515e-14 2.603952181900126918e-11
6.756296970106947755e-14 2.610061939847755911e-11
6.777177295785242465e-14 2.616185891216856708e-11
6.798122152078808979e-14 2.622324063884297095e-11
6.819131738419416237e-14 2.628476485756545320e-11
6.840206254855177145e-14 2.634643184769540525e-11
6.861345902052397665e-14 2.640824188888646865e-11
6.882550881297711161e-14 2.647019526108549463e-11
6.903821394499658640e-14 2.653229224453142932e-11
6.925157644190835721e-14 2.659453311975435090e-11
6.946559833529761913e-14 2.665691816757470381e-11
6.968028166302820590e-14 2.671944766910214516e-11
6.989562846926197688e-14 2.678212190573475642e-11
7.011164080447766142e-14 2.684494115915797705e-11
7.032832072549274497e-14 2.690790571134360933e-11
7.054567029547954925e-14 2.697101584454891687e-11
7.076369158398723199e-14 2.703427184131514795e-11
7.098238666696088368e-14 2.709767398446748708e-11
7.120175762676128065e-14 2.716122255711287067e-11
7.142180655218473910e-14 2.722491784263993214e-11
7.164253553848243908e-14 2.728876012471730235e-11
7.186394668738265139e-14 2.735274968729331872e-11
7.208604210710728473e-14 2.741688681459402841e-11
7.230882391239432727e-14 2.748117179112279738e-11
7.253229422451729672e-14 2.754560490165906307e-11
7.275645517130557409e-14 2.761018643125725527e-11
7.298130888716453536e-14 2.767491666109243008e-11
7.320685751309535508e-14 2.773979583959680089e-11
7.343310319671778865e-14 2.780482419939746018e-11
7.366004809228698453e-14 2.787000197279751703e-11
7.388769436071640540e-14 2.793532939186815656e-11
7.411604416959784628e-14 2.800080668844435856e-11
7.434509969322200801e-14 2.806643409412118168e-11
7.457486311259862901e-14 2.813221184024914930e-11
7.480533661547970931e-14 2.819814015793118637e-11
7.503652239637663833e-14 2.826421927801767250e-11
7.526842265658357038e-14 2.833044943110236097e-11
7.550103960419773313e-14 2.839683084751906680e-11
7.573437545414048068e-14 2.846336375733676825e-11
7.596843242817839721e-14 2.853004839035576177e-11
7.620321275494379473e-14 2.859688497610361006e-11
7.643871866995842939e-14 2.866387374383097712e-11
7.667495241565109621e-14 2.873101492250714016e-11
7.691191624138140856e-14 2.879830874081607012e-11
7.714961240346062404e-14 2.886575542715212460e-11
7.738804316517313937e-14 2.893335520961568894e-11
7.762721079679801054e-14 2.900110831600923099e-11
7.786711757562998066e-14 2.906901497383229602e-11
7.810776578600365066e-14 2.913707541027865681e-11
7.834915771931146534e-14 2.920528985223033274e-11
7.859129567402802288e-14 2.927365852625411955e-11
7.883418195573138043e-14 2.934218165859718197e-11
7.907781887712496545e-14 2.941085947518263026e-11
7.932220875805962603e-14 2.947969220160498366e-11
7.956735392555504998e-14 2.954868006312580181e-11
7.981325671382450353e-14 2.961782328467005941e-11
8.005991946429323387e-14 2.968712209082017496e-11
8.030734452562325835e-14 2.975657670581254700e-11
8.055553425373516222e-14 2.982618735353310150e-11
8.080449101183048971e-14 2.989595425751236757e-11
8.105421717041424863e-14 2.996587764092128343e-11
8.130471510731684703e-14 3.003595772656631080e-11
8.155598720771934936e-14 3.010619473688567389e-11
8.180803586417221980e-14 3.017658889394377587e-11
8.206086347662079302e-14 3.024714041942695962e-11
8.231447245242738750e-14 3.031784953463941703e-11
8.256886520639428981e-14 3.038871646049771538e-11
8.282404416078606989e-14 3.045974141752666796e-11
8.308001174535530425e-14 3.053092462585500422e-11
8.333677039736172315e-14 3.060226630520970881e-11
8.359432256159803482e-14 3.067376667491197612e-11
8.385267069041259410e-14 3.074542595387257677e-11
8.411181724373276539e-14 3.081724436058679764e-11
8.437176468908827294e-14 3.088922211312958212e-11
8.463251550163405882e-14 3.096135942915119392e-11
8.489407216417661201e-14 3.103365652587238320e-11
8.515643716719344377e-14 3.110611362007896470e-11
8.541961300885959337e-14 3.117873092811770764e-11
8.568360219507067543e-14 3.125150866589084277e-11
8.594840723946681085e-14 3.132444704885186179e-11
8.621403066345648192e-14 3.139754629200014720e-11
8.648047499623989524e-14 3.147080660987587991e-11
8.674774277483586612e-14 3.154422821655621358e-11
8.701583654410174831e-14 3.161781132564885747e-11
8.728475885676045728e-14 3.169155615028802457e-11
8.755451227342411076e-14 3.176546290312900322e-11
8.782509936261840142e-14 3.183953179634391134e-11
8.809652270080703259e-14 3.191376304161546675e-11
8.836878487241554819e-14 3.198815685013272198e-11
8.864188846985882297e-14 3.206271343258666992e-11
8.891583609356140875e-14 3.213743299916360693e-11
8.919063035198521408e-14 3.221231575954080961e-11
8.946627386165357383e-14 3.228736192288176550e-11
8.974276924717617732e-14 3.236257169783057675e-11
9.002011914127408458e-14 3.243794529250681604e-11
9.029832618480402333e-14 3.251348291450033091e-11
9.057739302678653550e-14 3.258918477086689454e-11
9.085732232442667696e-14 3.266505106812157543e-11
9.113811674314239126e-14 3.274108201223432358e-11
9.141977895658905898e-14 3.281727780862475540e-11
9.170231164668500634e-14 3.289363866215670592e-11
9.198571750363625651e-14 3.297016477713289094e-11
9.226999922596516840e-14 3.304685635728991156e-11
9.255515952053164124e-14 3.312371360579259324e-11
9.284120110256184176e-14 3.320073672522864141e-11
9.312812669567338459e-14 3.327792591760351032e-11
9.341593903190118172e-14 3.335528138433480027e-11
9.370464085172350638e-14 3.343280332624718457e-11
9.399423490408729978e-14 3.351049194356642551e-11
9.428472394643745357e-14 3.358834743591476015e-11
9.457611074473839309e-14 3.366637000230448970e-11
9.486839807350354923e-14 3.374455984113344947e-11
9.516158871582098061e-14 3.382291715017845594e-11
9.545568546337986669e-14 3.390144212659099002e-11
9.575069111649708924e-14 3.398013496689056015e-11
9.604660848414314483e-14 3.405899586695991372e-11
9.634344038397198271e-14 3.413802502203930495e-11
9.664118964234315601e-14 3.421722262672069822e-11
9.693985909435188685e-14 3.429658887494202943e-11
9.723945158385521859e-14 3.437612395998217188e-11
9.753996996349915271e-14 3.445582807445494564e-11
9.784141709474578558e-14 3.453570141030296544e-11
9.814379584789975109e-14 3.461574415879254182e-11
9.844710910213876537e-14 3.469595651050887966e-11
9.875135974553621973e-14 3.477633865534824576e-11
9.905655067509192732e-14 3.485689078251358096e-11
9.936268479675884342e-14 3.493761308050863873e-11
9.966976502547077024e-14 3.501850573713193649e-11
9.997779428517012483e-14 3.509956893947146932e-11
1.002867755088349370e-13 3.518080287389778884e-11
1.005967116385100379e-13 3.526220772605988671e-11
1.009076056253302334e-13 3.534378368087764007e-11
1.012194604295515682e-13 3.542553092253688084e-11
1.015322790205787910e-13 3.550744963448319185e-11
1.018460643769936019e-13 3.558953999941633626e-11
1.021608194865821302e-13 3.567180219928359493e-11
1.024765473463667914e-13 3.575423641527521042e-11
1.027932509626297640e-13 3.583684282781663219e-11
1.031109333509449855e-13 3.591962161656396713e-11
1.034295975362060215e-13 3.600257296039717464e-11
1.037492465526548810e-13 3.608569703741447033e-11
1.040698834439108448e-13 3.616899402492613501e-11
1.043915112629987000e-13 3.625246409944807176e-11
1.047141330723811278e-13 3.633610743669715951e-11
1.050377519439827857e-13 3.641992421158298121e-11
1.053623709592229729e-13 3.650391459820361689e-11
1.056879932090441172e-13 3.658807876983823772e-11
1.060146217939411714e-13 3.667241689894174881e-11
1.063422598239912115e-13 3.675692915713847547e-11
1.066709104188820752e-13 3.684161571521531955e-11
1.070005767079456330e-13 3.692647674311558148e-11
1.073312618301823502e-13 3.701151240684278442e-11
1.076629689342946211e-13 3.709672286178212145e-11
1.079957011787158873e-13 3.718210826042665199e-11
1.083294617316407532e-13 3.726766875426514131e-11
1.086642537710551144e-13 3.735340449377446072e-11
1.090000804847655157e-13 3.743931562841320283e-11
1.093369450704331166e-13 3.752540230661466987e-11
1.096748507355987576e-13 3.761166467577915767e-11
1.100138006977170524e-13 3.769810288226729294e-11
1.103537981841861998e-13 3.778471707139304754e-11
1.106948464323786171e-13 3.787150738741667504e-11
1.110369486896709422e-13 3.795847397353674919e-11
1.113801082134785284e-13 3.804561697188490998e-11
1.117243282712810544e-13 3.813293652351640926e-11
1.120696121406572470e-13 3.822043276840455307e-11
1.124159631093151851e-13 3.830810584543268192e-11
1.127633844751235902e-13 3.839595589238735298e-11
1.131118795461432665e-13 3.848398304595081793e-11
1.134614516406576329e-13 3.857218744169408236e-11
1.138121040872080521e-13 3.866056921406970676e-11
1.141638402246199316e-13 3.874912849640372207e-11
1.145166634020382544e-13 3.883786542088913508e-11
1.148705769789585529e-13 3.892678011857831572e-11
1.152255843252588543e-13 3.901587271937563651e-11
1.155816888212317655e-13 3.910514335202998910e-11
1.159388938576158002e-13 3.919459214412764342e-11
1.162972028356313254e-13 3.928421922208484826e-11
1.166566191670073454e-13 3.937402471114001185e-11
1.170171462740178017e-13 3.946400873534663850e-11
1.173787875895130768e-13 3.955417141756576765e-11
1.177415465569528617e-13 3.964451287945831601e-11
1.181054266304387953e-13 3.973503324147788493e-11
1.184704312747464991e-13 3.982573262286308317e-11
1.188365639653623310e-13 3.991661114163017272e-11
1.192038281885107502e-13 4.000766891456490038e-11
1.195722274411913741e-13 4.009890605721596437e-11
1.199417652312112649e-13 4.019032268388611564e-11
1.203124450772183271e-13 4.028191890762614142e-11
1.206842705087349568e-13 4.037369484022566934e-11
1.210572450661904041e-13 4.046565059220608464e-11
1.214313723009586637e-13 4.055778627281418418e-11
1.218066557753862680e-13 4.065010199001232783e-11
1.221830990628301272e-13 4.074259785047192437e-11
1.225607057476906740e-13 4.083527395956567674e-11
1.229394794254458415e-13 4.092813042135991119e-11
1.233194237026844351e-13 4.102116733860593064e-11
1.237005421971444271e-13 4.111438481273427619e-11
1.240828385377413808e-13 4.120778294384466514e-11
1.244663163646070227e-13 4.130136183069932841e-11
1.248509793291228669e-13 4.139512157071521041e-11
1.252368310939550764e-13 4.148906225995598161e-11
1.256238753330892236e-13 4.158318399312423202e-11
1.260121157318643688e-13 4.167748686355341266e-11
1.264015559870121124e-13 4.177197096320044257e-11
1.267921998066857761e-13 4.186663638263735308e-11
1.271840509104997072e-13 4.196148321104324212e-11
1.275771130295637361e-13 4.205651153619721090e-11
1.279713899065187192e-13 4.215172144446941355e-11
1.283668852955720311e-13 4.224711302081353495e-11
1.287636029625325022e-13 4.234268634875880974e-11
1.291615466848502525e-13 4.243844151040264875e-11
1.295607202516464540e-13 4.253437858640125570e-11
1.299611274637536697e-13 4.263049765596268662e-11
1.303627721337508668e-13 4.272679879683835189e-11
1.307656580859998174e-13 4.282328208531556510e-11
1.311697891566814495e-13 4.291994759620826317e-11
1.315751691938313143e-13 4.301679540285030485e-11
1.319818020573806318e-13 4.311382557708673369e-11
1.323896916191863814e-13 4.321103818926540273e-11
1.327988417630726762e-13 4.330843330822910995e-11
1.332092563848665327e-13 4.340601100130781104e-11
1.336209393924350298e-13 4.350377133430994050e-11
1.340338947057225173e-13 4.360171437151430140e-11
1.344481262567868154e-13 4.369984017566182589e-11
1.348636379898410687e-13 4.379814880794834382e-11
1.352804338612846943e-13 4.389664032801495381e-11
1.356985178397454886e-13 4.399531479394072734e-11
1.361178939061162047e-13 4.409417226223353214e-11
1.365385660535926452e-13 4.419321278782301409e-11
1.369605382877103662e-13 4.429243642405125271e-11
1.373838146263874905e-13 4.439184322266587225e-11
1.378083990999560096e-13 4.449143323380969549e-11
1.382342957512049246e-13 4.459120650601417798e-11
1.386615086354173294e-13 4.469116308619012814e-11
1.390900418204092855e-13 4.479130301961983607e-11
1.395198993865683185e-13 4.489162634994873716e-11
1.399510854268913591e-13 4.499213311917607399e-11
1.403836040470280613e-13 4.509282336764860844e-11
1.408174593653132145e-13 4.519369713405013980e-11
1.412526555128104913e-13 4.529475445539389854e-11
1.416891966333504890e-13 4.539599536701431333e-11
1.421270868835704381e-13 4.549741990255839669e-11
1.425663304329536070e-13 4.559902809397714361e-11
1.430069314638677989e-13 4.570081997151742132e-11
1.434488941716100578e-13 4.580279556371347773e-11
1.438922227644394095e-13 4.590495489737800407e-11
1.443369214636216184e-13 4.600729799759426365e-11
1.447829945034683657e-13 4.610982488770679910e-11
1.452304461313774365e-13 4.621253558931390367e-11
1.456792806078731103e-13 4.631543012225825085e-11
1.461295022066457170e-13 4.641850850461870656e-11
1.465811152145970000e-13 4.652177075270243866e-11
1.470341239318736897e-13 4.662521688103487441e-11
1.474885326719133967e-13 4.672884690235210724e-11
1.479443457614843700e-13 4.683266082759250861e-11
1.484015675407267705e-13 4.693665866588744808e-11
1.488602023631938431e-13 4.704084042455355790e-11
1.493202545958924073e-13 4.714520610908223813e-11
1.497817286193290783e-13 4.724975572313457722e-11
1.502446288275448000e-13 4.735448926852869878e-11
1.507089596281614700e-13 4.745940674523380971e-11
1.511747254424228087e-13 4.756450815136051318e-11
1.516419307052362890e-13 4.766979348315200041e-11
1.521105798652142833e-13 4.777526273497587583e-11
1.525806773847212941e-13 4.788091589931633761e-11
1.530522277399090677e-13 4.798675296676292029e-11
1.535252354207640523e-13 4.809277392600403884e-11
1.539997049311491002e-13 4.819897876381756014e-11
1.544756407888461544e-13 4.830536746506228558e-11
1.549530475255993905e-13 4.841194001266870346e-11
1.554319296871570697e-13 4.851869638763024538e-11
1.559122918333198556e-13 4.862563656899629407e-11
1.563941385379767354e-13 4.873276053386081602e-11
1.568774743891534622e-13 4.884006825735499447e-11
1.573623039890551667e-13 4.894755971263829843e-11
1.578486319541100278e-13 4.905523487089021731e-11
1.583364629150133229e-13 4.916309370130027663e-11
1.588258015167701655e-13 4.927113617106028963e-11
1.593166524187449316e-13 4.937936224535536816e-11
1.598090202946979388e-13 4.948777188735462983e-11
1.603029098328349743e-13 4.959636505820306835e-11
1.607983257358507134e-13 4.970514171701185359e-11
1.612952727209735525e-13 4.981410182085058316e-11
1.617937555200104414e-13 4.992324532473772466e-11
1.622937788793906807e-13 5.003257218163145848e-11
1.627953475602163587e-13 5.014208234242257573e-11
1.632984663382997371e-13 5.025177575592333711e-11
1.638031400042140913e-13 5.036165236886004767e-11
1.643093733633379372e-13 5.047171212586366061e-11
1.648171712359007976e-13 5.058195496946143430e-11
1.653265384570277576e-13 5.069238084006720007e-11
1.658374798767909101e-13 5.080298967597371074e-11
1.663500003602474743e-13 5.091378141334252059e-11
1.668641047874913681e-13 5.102475598619583635e-11
1.673797980536985451e-13 5.113591332640741172e-11
1.678970850691734179e-13 5.124725336369350660e-11
1.684159707593957355e-13 5.135877602560435028e-11
1.689364600650660212e-13 5.147048123751467410e-11
1.694585579421581805e-13 5.158236892261647365e-11
1.699822693619583759e-13 5.169443900190698880e-11
1.705075993111179884e-13 5.180669139418290046e-11
1.710345527916995601e-13 5.191912601602977117e-11
1.715631348212245049e-13 5.203174278181331442e-11
1.720933504327208946e-13 5.214454160367064465e-11
1.726252046747699822e-13 5.225752239150175342e-11
1.731587026115598454e-13 5.237068505296000326e-11
1.736938493229251946e-13 5.248402949344321614e-11
1.742306499044014455e-13 5.259755561608531116e-11
1.747691094672716210e-13 5.271126332174661101e-11
1.753092331386153240e-13 5.282515250900546683e-11
1.758510260613572301e-13 5.293922307414918500e-11
1.763944933943148738e-13 5.305347491116465031e-11
1.769396403122534015e-13 5.316790791173076503e-11
1.774864720059262645e-13 5.328252196520760505e-11
1.780349936821303251e-13 5.339731695862880077e-11
1.785852105637540725e-13 5.351229277669224428e-11
1.791371278898273014e-13 5.362744931739972890e-11
1.796907509155710946e-13 5.374278655847245668e-11
1.802460849124461898e-13 5.385830450283897656e-11
1.808031351682093226e-13 5.397400315214389810e-11
1.813619069869544751e-13 5.408988250672754794e-11
1.819224056891695221e-13 5.420594256562235096e-11
1.824846366117852290e-13 5.432218332654767327e-11
1.830486051082261424e-13 5.443860478590508534e-11
1.836143165484600681e-13 5.455520693877336013e-11
1.841817763190552219e-13 5.467198977890450519e-11
1.847509898232224370e-13 5.478895329871741667e-11
1.853219624808726943e-13 5.490609748929508112e-11
1.858946997286672053e-13 5.502342234037838452e-11
1.864692070200691866e-13 5.514092784036139480e-11
1.870454898253957611e-13 5.525861397628751674e-11
1.876235536318684949e-13 5.537648073384335274e-11
1.882034039436718618e-13 5.549452809735608553e-11
1.887850462819963592e-13 5.561275604978653767e-11
1.893684861850972750e-13 5.573116457272435708e-11
1.899537292083458566e-13 5.584975364638545143e-11
1.905407809242822459e-13 5.596852324960478918e-11
1.911296469226684664e-13 5.608747335983300031e-11
1.917203328105401466e-13 5.620660395313122586e-11
1.923128442122661707e-13 5.632591500416648443e-11
1.929071867695927791e-13 5.644540648620632778e-11
1.935033661417036481e-13 5.656507837111440773e-11
1.941013880052720934e-13 5.668493062934632080e-11
1.947012580545152429e-13 5.680496322994318465e-11
1.953029820012481336e-13 5.692517614052887870e-11
1.959065655749365715e-13 5.704556932730341372e-11
1.965120145227580948e-13 5.716614275503979112e-11
1.971193346096470843e-13 5.728689638707775390e-11
1.977285316183560293e-13 5.740783018531963780e-11
1.983396113495089682e-13 5.752894411022593810e-11
1.989525796216568476e-13 5.765023812080976500e-11
1.995674422713327553e-13 5.777171217463261070e-11
2.001842051531059668e-13 5.789336622779916017e-11
2.008028741396442460e-13 5.801520023495312943e-11
2.014234551217598393e-13 5.813721414927205682e-11
2.020459540084722311e-13 5.825940792246167437e-11
2.026703767270627200e-13 5.838178150475297386e-11
2.032967292231308384e-13 5.850433484489578323e-11
2.039250174606493330e-13 5.862706789015436575e-11
2.045552474220276015e-13 5.874998058630391741e-11
2.051874251081586210e-13 5.887307287762383318e-11
2.058215565384828638e-13 5.899634470689381663e-11
2.064576477510438339e-13 5.911979601538949849e-11
2.070957048025455715e-13 5.924342674287678855e-11
2.077357337684104104e-13 5.936723682760753296e-11
2.083777407428350438e-13 5.949122620631473211e-11
2.090217318388553496e-13 5.961539481420857270e-11
2.096677131883944798e-13 5.973974258497000422e-11
2.103156909423279125e-13 5.986426945074677105e-11
2.109656712705404526e-13 5.998897534214883709e-11
2.116176603619849476e-13 6.011386018824321592e-11
2.122716644247411306e-13 6.023892391654982195e-11
2.129276896860730747e-13 6.036416645303564140e-11
2.135857423924954825e-13 6.048958772211163034e-11
2.142458288098225826e-13 6.061518764662586464e-11
2.149079552232348993e-13 6.074096614786021828e-11
2.155721279373373122e-13 6.086692314552520644e-11
2.162383532762189850e-13 6.099305855775498363e-11
2.169066375835137978e-13 6.111937230110303972e-11
2.175769872224587110e-13 6.124586429053721108e-11
2.182494085759616696e-13 6.137253443943511811e-11
2.189239080466516621e-13 6.149938265957858179e-11
2.196004920569467258e-13 6.162640886115039252e-11
2.202791670491133957e-13 6.175361295272778309e-11
2.209599394853280212e-13 6.188099484127904250e-11
2.216428158477382843e-13 6.200855443215850109e-11
2.223278026385231535e-13 6.213629162910074033e-11
2.230149063799619748e-13 6.226420633421826635e-11
2.237041336144857419e-13 6.239229844799366467e-11
2.243954909047466924e-13 6.252056786927710572e-11
2.250889848336788920e-13 6.264901449528139466e-11
2.257846220045609404e-13 6.277763822157567710e-11
2.264824090410770597e-13 6.290643894208253100e-11
2.271823525873874233e-13 6.303541654907297776e-11
2.278844593081805114e-13 6.316457093316048515e-11
2.285887358887438176e-13 6.329390198329781371e-11
2.292951890350257210e-13 6.342340958677135568e-11
2.300038254736993021e-13 6.355309362919652094e-11
2.307146519522264614e-13 6.368295399451343304e-11
2.314276752389201190e-13 6.381299056498135869e-11
2.321429021230165129e-13 6.394320322117651054e-11
2.328603394147282099e-13 6.407359184198391756e-11
2.335799939453166052e-13 6.420415630459464622e-11
2.343018725671550819e-13 6.433489648450105713e-11
2.350259821537944421e-13 6.446581225549168684e-11
2.357523296000279848e-13 6.459690348964755144e-11
2.364809218219555237e-13 6.472817005733532223e-11
2.372117657570567952e-13 6.485961182720624011e-11
2.379448683642461867e-13 6.499122866618743018e-11
2.386802366239462960e-13 6.512302043947967865e-11
2.394178775381528578e-13 6.525498701055292216e-11
2.401577981305011850e-13 6.538712824114005684e-11
2.409000054463332151e-13 6.551944399123387515e-11
2.416445065527624875e-13 6.565193411908114638e-11
2.423913085387493184e-13 6.578459848117974735e-11
2.431404185151566400e-13 6.591743693227177357e-11
2.438918436148252764e-13 6.605044932534035973e-11
2.446455909926402837e-13 6.618363551160523366e-11
2.454016678255987543e-13 6.631699534051750760e-11
2.461600813128783278e-13 6.645052865975502539e-11
2.469208386759037331e-13 6.658423531521803264e-11
2.476839471584234275e-13 6.671811515102532519e-11
2.484494140265666982e-13 6.685216800950823913e-11
2.492172465689208059e-13 6.698639373120679922e-11
2.499874520965983351e-13 6.712079215486567349e-11
2.507600379433068660e-13 6.725536311742883533e-11
2.515350114654167283e-13 6.739010645403461330e-11
2.523123800420393573e-13 6.752502199801351983e-11
2.530921510750850509e-13 6.766010958088034127e-11
2.538743319893417801e-13 6.779536903233231553e-11
2.546589302325438009e-13 6.793080018024309623e-11
2.554459532754426898e-13 6.806640285065954737e-11
2.562354086118781769e-13 6.820217686779494497e-11
2.570273037588477679e-13 6.833812205402728390e-11
2.578216462565864127e-13 6.847423822989394002e-11
2.586184436686259789e-13 6.861052521408532409e-11
2.594177035818753754e-13 6.874698282344283974e-11
2.602194336066909308e-13 6.888361087295292514e-11
2.610236413769487417e-13 6.902040917574313683e-11
2.618303345501174247e-13 6.915737754307834984e-11
2.626395208073287477e-13 6.929451578435447635e-11
2.634512078534595199e-13 6.943182370709664320e-11
2.642654034171920758e-13 6.956930111695238070e-11
2.650821152510962149e-13 6.970694781768786143e-11
2.659013511317012478e-13 6.984476361118485009e-11
2.667231188595696056e-13 6.998274829743421527e-11
2.675474262593715611e-13 7.012090167453334451e-11
2.683742811799571731e-13 7.025922353868052205e-11
2.692036914944400441e-13 7.039771368417151674e-11
2.700356651002589655e-13 7.053637190339428289e-11
2.708702099192619781e-13 7.067519798682530259e-11
2.717073338977796293e-13 7.081419172302506204e-11
2.725470450067004512e-13 7.095335289863363135e-11
2.733893512415449241e-13 7.109268129836594700e-11
2.742342606225502949e-13 7.123217670500890377e-11
2.750817811947336354e-13 7.137183889941565497e-11
2.759319210279773171e-13 7.151166766050145069e-11
2.767846882171038331e-13 7.165166276523972158e-11
2.776400908819525382e-13 7.179182398865825321e-11
2.784981371674571975e-13 7.193215110383415827e-11
2.793588352437212622e-13 7.207264388188917208e-11
2.802221933061046573e-13 7.221330209198786889e-11
2.810882195752882031e-13 7.235412550133024316e-11
2.819569222973610081e-13 7.249511387514916340e-11
2.828283097438967553e-13 7.263626697670674029e-11
2.837023902120324112e-13 7.277758456728804529e-11
2.845791720245471377e-13 7.291906640619980527e-11
2.854586635299393856e-13 7.306071225076254429e-11
2.863408731025156505e-13 7.320252185631086789e-11
2.872258091424561070e-13 7.334449497618595392e-11
2.881134800759040708e-13 7.348663136173215328e-11
2.890038943550438505e-13 7.362893076229286700e-11
2.898970604581811734e-13 7.377139292520776736e-11
2.907929868898240656e-13 7.391401759580683967e-11
2.916916821807611577e-13 7.405680451740680210e-11
2.925931548881528139e-13 7.419975343130861120e-11
2.934974135955979770e-13 7.434286407679106420e-11
2.944044669132257017e-13 7.448613619110773586e-11
2.953143234777745198e-13 7.462956950948351460e-11
2.962269919526748861e-13 7.477316376510920007e-11
2.971424810281315225e-13 7.491691868913912490e-11
2.980607994212037940e-13 7.506083401068579102e-11
2.989819558758984527e-13 7.520490945681694868e-11
2.999059591632382507e-13 7.534914475255085304e-11
3.008328180813551889e-13 7.549353962085221876e-11
3.017625414555719027e-13 7.563809378262887255e-11
3.026951381384857734e-13 7.578280695672728113e-11
3.036306170100504145e-13 7.592767885992908751e-11
3.045689869776706376e-13 7.607270920694755664e-11
3.055102569762719230e-13 7.621789771042201778e-11
3.064544359683956884e-13 7.636324408091558982e-11
3.074015329442820381e-13 7.650874802691081265e-11
3.083515569219554889e-13 7.665440925480573103e-11
3.093045169473105974e-13 7.680022746890984917e-11
3.102604220941958688e-13 7.694620237144078318e-11
3.112192814645100863e-13 7.709233366252050001e-11
3.121811041882737005e-13 7.723862104017066459e-11
3.131458994237261678e-13 7.738506420030971880e-11
3.141136763574103650e-13 7.753166283674878436e-11
3.150844442042603363e-13 7.767841664118765619e-11
3.160582122076886355e-13 7.782532530321220451e-11
3.170349896396721542e-13 7.797238851028780913e-11
3.180147858008504203e-13 7.811960594850397708e-11
3.189976100205990565e-13 7.826697791193641837e-11
3.199834716571284325e-13 7.841450641325676566e-11
3.209723800975706033e-13 7.856219378004124765e-11
3.219643447580684696e-13 7.871004235757634015e-11
3.229593750838655944e-13 7.885805450890943089e-11
3.239574805493932935e-13 7.900623261489660213e-11
3.249586706583716594e-13 7.915457907425781909e-11
3.259629549438839298e-13 7.930309630362449290e-11
3.269703429684781677e-13 7.945178673759525057e-11
3.279808443242552610e-13 7.960065282878759511e-11
3.289944686329606576e-13 7.974969704789306805e-11
3.300112255460756454e-13 7.989892188373056387e-11
3.310311247449067657e-13 8.004832984330411630e-11
3.320541759406887562e-13 8.019792345185856498e-11
3.330803888746607860e-13 8.034770525293504122e-11
3.341097733181699550e-13 8.049767780843130043e-11
3.351423390727617662e-13 8.064784369866001256e-11
3.361780959702733753e-13 8.079820552240722048e-11
3.372170538729244680e-13 8.094876589699435268e-11
3.382592226734220708e-13 8.109952745833957678e-11
3.393046122950385030e-13 8.125049286101818378e-11
3.403532326917165419e-13 8.140166477832718563e-11
3.414050938481617125e-13 8.155304590234953806e-11
3.424602057799372542e-13 8.170463894401774307e-11
3.435185785335594401e-13 8.185644663318048860e-11
3.445802221865904738e-13 8.200847171866868085e-11
3.456451468477457740e-13 8.216071696836386759e-11
3.467133626569731381e-13 8.231318516926547247e-11
3.477848797855607855e-13 8.246587912756116998e-11
3.488597084362313634e-13 8.261880166869656251e-11
3.499378588432387820e-13 8.277195563744740350e-11
3.510193412724660579e-13 8.292534389799067042e-11
3.521041660215200284e-13 8.307896933397782192e-11
3.531923434198409079e-13 8.323283484861198411e-11
3.542838838287832698e-13 8.338694336471819632e-11
3.553787976417265118e-13 8.354129782482400948e-11
3.564770952841705797e-13 8.369590119123391946e-11
3.575787872138354775e-13 8.385075644610933218e-11
3.586838839207608278e-13 8.400586659154709407e-11
3.597923959274027061e-13 8.416123464966074962e-11
3.609043337887456212e-13 8.431686366266085547e-11
3.620197080923855159e-13 8.447275669293868075e-11
3.631385294586421517e-13 8.462891682314867954e-11
3.642608085406573560e-13 8.478534715629379390e-11
3.653865560244965521e-13 8.494205081581166161e-11
3.665157826292503899e-13 8.509903094566121159e-11
3.676484991071337505e-13 8.525629071041053897e-11
3.687847162436005039e-13 8.541383329532704191e-11
3.699244448574275698e-13 8.557166190646661490e-11
3.710676958008306341e-13 8.572977977076617673e-11
3.722144799595638609e-13 8.588819013613582353e-11
3.733648082530240472e-13 8.604689627155338586e-11
3.745186916343510926e-13 8.620590146715930895e-11
3.756761410905449776e-13 8.636520903435308380e-11
3.768371676425515412e-13 8.652482230589049267e-11
3.780017823453801666e-13 8.668474463598316796e-11
3.791699962882055629e-13 8.684497940039839676e-11
3.803418205944735355e-13 8.700552999656048925e-11
3.815172664220069084e-13 8.716639984365318105e-11
3.826963449631085681e-13 8.732759238272359949e-11
3.838790674446807142e-13 8.748911107678942229e-11
3.850654451283127069e-13 8.765095941094267580e-11
3.862554893104010749e-13 8.781314089245865139e-11
3.874492113222538217e-13 8.797565905090638581e-11
3.886466225301983164e-13 8.813851743825809455e-11
3.898477343356895385e-13 8.830171962900119024e-11
3.910525581754155449e-13 8.846526922025205871e-11
3.922611055214188915e-13 8.862916983187141195e-11
3.934733878811870559e-13 8.879342510657966685e-11
3.946894167977744140e-13 8.895803871007424977e-11
3.959092038499092221e-13 8.912301433115057172e-11
3.971327606521037798e-13 8.928835568182016004e-11
3.983600988547649968e-13 8.945406649743445119e-11
3.995912301443021324e-13 8.962015053680717472e-11
4.008261662432509936e-13 8.978661158234213968e-11
4.020649189103661247e-13 8.995345344015410647e-11
4.033074999407457123e-13 9.012067994020319072e-11
4.045539211659406880e-13 9.028829493642033624e-11
4.058041944540674659e-13 9.045630230683974152e-11
4.070583317099173483e-13 9.062470595373163506e-11
4.083163448750835009e-13 9.079350980373755826e-11
4.095782459280545555e-13 9.096271780800404549e-11
4.108440468843419386e-13 9.113233394232241768e-11
4.121137597965909938e-13 9.130236220726641735e-11
4.133873967546958396e-13 9.147280662833363070e-11
4.146649698859142275e-13 9.164367125608868032e-11
4.159464913549799268e-13 9.181496016630579749e-11
4.172319733642319204e-13 9.198667738692958837e-11
4.185214281537103812e-13 9.215881571391211124e-11
4.198148680012866258e-13 9.233134456085570677e-11
4.211123052227767104e-13 9.250423021260862001e-11
4.224137521720588135e-13 9.267743869675063565e-11
4.237192212411906181e-13 9.285093578231977552e-11
4.250287248605240186e-13 9.302468697866753242e-11
4.263422754988373465e-13 9.319865753444158008e-11
4.276598856634332649e-13 9.337281243669491259e-11
4.289815679002716502e-13 9.354711641012806938e-11
4.303073347940856120e-13 9.372153391646286908e-11
4.316371989685015007e-13 9.389602915395218862e-11
4.329711730861589150e-13 9.407056605702223353e-11
4.343092698488276306e-13 9.424510829605572608e-11
4.356515019975431073e-13 9.441961927731446054e-11
4.369978823127060997e-13 9.459406214300082473e-11
4.383484236142188215e-13 9.476839977146296665e-11
4.397031387616034385e-13 9.494259477754766457e-11
4.410620406541242472e-13 9.511660951309472254e-11
4.424251422309109139e-13 9.529040606758485959e-11
4.437924564710777759e-13 9.546394626893328617e-11
4.451639963938618729e-13 9.563719828913475676e-11
4.465397750587254362e-13 9.581015608052099470e-11
4.479198055654945257e-13 9.598281996502538234e-11
4.493041010544801493e-13 9.615519028724650319e-11
4.506926747066035204e-13 9.632726741442755286e-11
4.520855397435176821e-13 9.649905173642904209e-11
4.534827094277483154e-13 9.667054366570696699e-11
4.548841970627978435e-13 9.684174363728314678e-11
4.562900159932867959e-13 9.701265210872082204e-11
4.577001796050771987e-13 9.718326956009765495e-11
4.591147013254001556e-13 9.735359649397724333e-11
4.605335946229835298e-13 9.752363343538169435e-11
4.619568730081765459e-13 9.769338093176172977e-11
4.633845500330935776e-13 9.786283955296902708e-11
4.648166392917201701e-13 9.803200989122499338e-11
4.662531544200580394e-13 9.820089256108988837e-11
4.676941090962508860e-13 9.836948819943366612e-11
4.691395170407148538e-13 9.853779746540234512e-11
4.705893920162686853e-13 9.870582104038746715e-11
4.720437478282615556e-13 9.887355962799391480e-11
4.735025983247194845e-13 9.904101395400559640e-11
4.749659573964540859e-13 9.920818476635268193e-11
4.764338389772106968e-13 9.937507283507846408e-11
4.779062570437966148e-13 9.954167895230320788e-11
4.793832256162143838e-13 9.970800393219081787e-11
4.808647587577956859e-13 9.987404861091395441e-11
4.823508705753305883e-13 1.000398138466163711e-10
4.838415752192181969e-13 1.002053005193803573e-10
4.853368868835776268e-13 1.003705095311861162e-10
4.868368198063985549e-13 1.005354418058784703e-10
4.883413882696735971e-13 1.007000982891276483e-10
4.898506065995334118e-13 1.008644799483920230e-10
4.913644891663838227e-13 1.010285877728813405e-10
4.928830503850381962e-13 1.011924227735174551e-10
4.944063047148709218e-13 1.013559859828975585e-10
4.959342666599312106e-13 1.015192784552513730e-10
4.974669507690966766e-13 1.016823012664063069e-10
4.990043716362086421e-13 1.018450555137451387e-10
5.005465439002102708e-13 1.020075423161683936e-10
5.020934822452825795e-13 1.021697628140518468e-10
5.036452014010000399e-13 1.023317181692098951e-10
5.052017161424467994e-13 1.024934095648509666e-10
5.067630412903733934e-13 1.026548382055386562e-10
5.083291917113338682e-13 1.028160053171521760e-10
5.099001823178271446e-13 1.029769121468418427e-10
5.114760280684395939e-13 1.031375599629913503e-10
5.130567439679825643e-13 1.032979500551721590e-10
5.146423450676523244e-13 1.034580837341064268e-10
5.162328464651486067e-13 1.036179623316207268e-10
5.178282633048342480e-13 1.037775872006060575e-10
5.194286107778761490e-13 1.039369597149755925e-10
5.210339041223892640e-13 1.040960812696219770e-10
5.226441586235819022e-13 1.042549532803743274e-10
5.242593896138972942e-13 1.044135771839556574e-10
5.258796124731759578e-13 1.045719544379419324e-10
5.275048426287772715e-13 1.047300865207162648e-10
5.291350955557431534e-13 1.048879749314282134e-10
5.307703867769407377e-13 1.050456211899496594e-10
5.324107318632110089e-13 1.052030268368325029e-10
5.340561464335163249e-13 1.053601934332647585e-10
5.357066461550851132e-13 1.055171225610274122e-10
5.373622467435785792e-13 1.056738158224535020e-10
5.390229639632139957e-13 1.058302748403811625e-10
5.406888136269320171e-13 1.059865012581122527e-10
5.423598115965435971e-13 1.061424967393703380e-10
5.440359737828804399e-13 1.062982629682555445e-10
5.457173161459463606e-13 1.064538016492025789e-10
5.474038546950656166e-13 1.066091145069356866e-10
5.490956054890521399e-13 1.067642032864305105e-10
5.507925846363365631e-13 1.069190697528645897e-10
5.524948082951368655e-13 1.070737156915782232e-10
5.542022926736081176e-13 1.072281429080312242e-10
5.559150540299964674e-13 1.073823532277589888e-10
5.576331086727897935e-13 1.075363484963316800e-10
5.593564729608909765e-13 1.076901305793101930e-10
5.610851633037462381e-13 1.078437013622033230e-10
5.628191961615199265e-13 1.079970627504273238e-10
5.645585880452462811e-13 1.081502166692614596e-10
5.663033555169870531e-13 1.083031650638079127e-10
5.680535151899890255e-13 1.084559098989492225e-10
5.698090837288373925e-13 1.086084531593057503e-10
5.715700778496332721e-13 1.087607968491961814e-10
5.733365143201248723e-13 1.089129429925943306e-10
5.751084099598859116e-13 1.090648936330891925e-10
5.768857816404708169e-13 1.092166508338433233e-10
5.786686462855753732e-13 1.093682166775522060e-10
5.804570208711984844e-13 1.095195932664058508e-10
5.822509224257980775e-13 1.096707827220450973e-10
5.840503680304732598e-13 1.098217871855256959e-10
5.858553748190975040e-13 1.099726088172751529e-10
5.876659599785016137e-13 1.101232497970553909e-10
5.894821407486321513e-13 1.102737123239241167e-10
5.913039344227157238e-13 1.104239986161941604e-10
5.931313583474234691e-13 1.105741109113973636e-10
5.949644299230317063e-13 1.107240514662438023e-10
5.968031666036068192e-13 1.108738225565875489e-10
5.986475858971424806e-13 1.110234264773857791e-10
6.004977053657454444e-13 1.111728655426643916e-10
6.023535426257982156e-13 1.113221420854790532e-10
6.042151153481266666e-13 1.114712584578808066e-10
6.060824412581636164e-13 1.116202170308786141e-10
6.079555381361367426e-13 1.117690201944061802e-10
6.098344238172090373e-13 1.119176703572836814e-10
6.117191161916677294e-13 1.120661699471854288e-10
6.136096332050901855e-13 1.122145214106048419e-10
6.155059928585141518e-13 1.123627272128198109e-10
6.174082132086100168e-13 1.125107898378608626e-10
6.193163123678470145e-13 1.126587117884770911e-10
6.212303085046859841e-13 1.128064955861048931e-10
6.231502198437224502e-13 1.129541437708339373e-10
6.250760646658798883e-13 1.131016589013781478e-10
6.270078613085790573e-13 1.132490435550422558e-10
6.289456281659123829e-13 1.133963003276933388e-10
6.308893836888192484e-13 1.135434318337300602e-10
6.328391463852565402e-13 1.136904407060519728e-10
6.347949348203954465e-13 1.138373295960343679e-10
6.367567676167670619e-13 1.139841011734953423e-10
6.387246634544609030e-13 1.141307581266705446e-10
6.406986410712970692e-13 1.142773031621858640e-10
6.426787192630048663e-13 1.144237390050300828e-10
6.446649168834018332e-13 1.145700683985291297e-10
6.466572528445678219e-13 1.147162941043214585e-10
6.486557461170464411e-13 1.148624189023312294e-10
6.506604157299938916e-13 1.150084455907464272e-10
6.526712807713809154e-13 1.151543769859929219e-10
6.546883603881701057e-13 1.153002159227138405e-10
6.567116737864972570e-13 1.154459652537448809e-10
6.587412402318549362e-13 1.155916278500946922e-10
6.607770790492701970e-13 1.157372066009226059e-10
6.628192096235103651e-13 1.158827044135192221e-10
6.648676513992351061e-13 1.160281242132862737e-10
6.669224238812031189e-13 1.161734689437169933e-10
6.689835466344525767e-13 1.163187415663802676e-10
6.710510392844874250e-13 1.164639450608994668e-10
6.731249215174585284e-13 1.166090824249385765e-10
6.752052130803735969e-13 1.167541566741864552e-10
6.772919337812515746e-13 1.168991708423388045e-10
6.793851034893337773e-13 1.170441279810860456e-10
6.814847421352672615e-13 1.171890311600982235e-10
6.835908697112947566e-13 1.173338834670129351e-10
6.857035062714452036e-13 1.174786880074218617e-10
6.878226719317184366e-13 1.176234479048609463e-10
6.899483868703000563e-13 1.177681663007998212e-10
6.920806713277191512e-13 1.179128463546290641e-10
6.942195456070638775e-13 1.180574912436542273e-10
6.963650300741689689e-13 1.182021041630879531e-10
6.985171451578099092e-13 1.183466883260394275e-10
7.006759113498972068e-13 1.184912469635112524e-10
7.028413492056657217e-13 1.186357833243922079e-10
7.050134793438935773e-13 1.187803006754541503e-10
7.071923224470640218e-13 1.189248023013448515e-10
7.093778992615851486e-13 1.190692915045889043e-10
7.115702305979817468e-13 1.192137716055825520e-10
7.137693373310937157e-13 1.193582459425952398e-10
7.159752404002742770e-13 1.195027178717668486e-10
7.181879608095842494e-13 1.196471907671100214e-10
7.204075196280145956e-13 1.197916680205127228e-10
7.226339379896527267e-13 1.199361530417379025e-10
7.248672370939065641e-13 1.200806492584290533e-10
7.271074382057010351e-13 1.202251601161153289e-10
7.293545626556800215e-13 1.203696890782143876e-10
7.316086318404099235e-13 1.205142396260427579e-10
7.338696672225768623e-13 1.206588152588194574e-10
7.361376903312158914e-13 1.208034194936766941e-10
7.384127227618789170e-13 1.209480558656701810e-10
7.406947861768654235e-13 1.210927279277862439e-10
7.429839023054217973e-13 1.212374392509569183e-10
7.452800929439489292e-13 1.213821934240715808e-10
7.475833799562029511e-13 1.215269940539881682e-10
7.498937852735286886e-13 1.216718447655530039e-10
7.522113308950311152e-13 1.218167492016114737e-10
7.545360388878095111e-13 1.219617110230279816e-10
7.568679313871617345e-13 1.221067339087026223e-10
7.592070305967946513e-13 1.222518215555906982e-10
7.615533587890353736e-13 1.223969776787234239e-10
7.639069383050377515e-13 1.225422060112283480e-10
7.662677915550195618e-13 1.226875103043531340e-10
7.686359410184384050e-13 1.228328943274870414e-10
7.710114092442311150e-13 1.229783618681878867e-10
7.733942188510217660e-13 1.231239167322070135e-10
7.757843925273373534e-13 1.232695627435156335e-10
7.781819530318236765e-13 1.234153037443352769e-10
7.805869231934559710e-13 1.235611435951641587e-10
7.829993259117811457e-13 1.237070861748119205e-10
7.854191841570982238e-13 1.238531353804283490e-10
7.878465209707021951e-13 1.239992951275361529e-10
7.902813594650971729e-13 1.241455693500683415e-10
7.927237228242164167e-13 1.242919620004012341e-10
7.951736343036430617e-13 1.244384770493925879e-10
7.976311172308251939e-13 1.245851184864180717e-10
8.000961950053237416e-13 1.247318903194149251e-10
8.025688910989964509e-13 1.248787965749160802e-10
8.050492290562473920e-13 1.250258412980975430e-10
8.075372324942444588e-13 1.251730285528201925e-10
8.100329251031444393e-13 1.253203624216722249e-10
8.125363306463185925e-13 1.254678470060191464e-10
8.150474729605719644e-13 1.256154864260464508e-10
8.175663759563974390e-13 1.257632848208128174e-10
8.200930636181630450e-13 1.259112463186346152e-10
8.226275600043672194e-13 1.260593734937125152e-10
8.251698892478612530e-13 1.262076666039760116e-10
8.277200755560788048e-13 1.263561257201279537e-10
8.302781432112598632e-13 1.265047509125489521e-10
8.328441165707090374e-13 1.266535422513011014e-10
8.354180200669868032e-13 1.268024998061232752e-10
8.379998782081691070e-13 1.269516236464297563e-10
8.405897155780740531e-13 1.271009138413109605e-10
8.431875568364961643e-13 1.272503704595311101e-10
8.457934267194409441e-13 1.273999935695262950e-10
8.484073500393533820e-13 1.275497832394049384e-10
8.510293516853825056e-13 1.276997395369456511e-10
8.536594566235759579e-13 1.278498625295960422e-10
8.562976898971460643e-13 1.280001522844709875e-10
8.589440766267011647e-13 1.281506088683518799e-10
8.615986420104849220e-13 1.283012323476853365e-10
8.642614113246157319e-13 1.284520227885828890e-10
8.669324099233211856e-13 1.286029802568174937e-10
8.696116632392070643e-13 1.287541048178249271e-10
8.722991967834573694e-13 1.289053965366999092e-10
8.749950361461055393e-13 1.290568554781974728e-10
8.776992069962707289e-13 1.292084817067290607e-10
8.804117350824027730e-13 1.293602752863634820e-10
8.831326462325269477e-13 1.295122362808248699e-10
8.858619663544826734e-13 1.296643647534902778e-10
8.885997214361992756e-13 1.298166607673914372e-10
8.913459375459001543e-13 1.299691243852090962e-10
8.941006408323794537e-13 1.301217556692760962e-10
8.968638575252445008e-13 1.302745546815732614e-10
8.996356139351649092e-13 1.304275214837290113e-10
9.024159364541161286e-13 1.305806561370186625e-10
9.052048515556599512e-13 1.307339587023620769e-10
9.080023857951527203e-13 1.308874292403238938e-10
9.108085658100274525e-13 1.310410678111099629e-10
9.136234183200398107e-13 1.311948744745677320e-10
9.164469701275231649e-13 1.313488492901856527e-10
9.192792481176435521e-13 1.315029923170899232e-10
9.221202792586473659e-13 1.316573036140436609e-10
9.249700906021497389e-13 1.318117832394479884e-10
9.278287092833457808e-13 1.319664312513369927e-10
9.306961625212993642e-13 1.321212477073792505e-10
9.335724776191949550e-13 1.322762326648750880e-10
9.364576819645973171e-13 1.324313861807558570e-10
9.393518030297128343e-13 1.325867083115834181e-10
9.422548683716427534e-13 1.327421991135462117e-10
9.451669056326762113e-13 1.328978586424620236e-10
9.480879425405085410e-13 1.330536869537730222e-10
9.510180069085342992e-13 1.332096841025458873e-10
9.539571266361059616e-13 1.333658501434703374e-10
9.569053297087984759e-13 1.335221851308589996e-10
9.598626441986766410e-13 1.336786891186435589e-10
9.628290982645533991e-13 1.338353621603754554e-10
9.658047201522907391e-13 1.339922043092249542e-10
9.687895381950204256e-13 1.341492156179779916e-10
9.717835808134457105e-13 1.343063961390357871e-10
9.747868765161040673e-13 1.344637459244140687e-10
9.777994538996382062e-13 1.346212650257411073e-10
9.808213416490693100e-13 1.347789534942556755e-10
9.838525685380609808e-13 1.349368113808074348e-10
9.868931634292262016e-13 1.350948387358552556e-10
9.899431552743537203e-13 1.352530356094633914e-10
9.930025731147156173e-13 1.354114020513046326e-10
9.960714460813360985e-13 1.355699381106539731e-10
9.991498033952685688e-13 1.357286438363922554e-10
1.002237674367866243e-12 1.358875192769994237e-10
1.005335088401093347e-12 1.360465644805595387e-10
1.008442074987756150e-12 1.362057794947535914e-10
1.011558663711816789e-12 1.363651643668615713e-10
1.014684884248666707e-12 1.365247191437597262e-10
1.017820766365408575e-12 1.366844438719195800e-10
1.020966339921140837e-12 1.368443385974076997e-10
1.024121634867232763e-12 1.370044033658813274e-10
1.027286681247643323e-12 1.371646382225909908e-10
1.030461509199157675e-12 1.373250432123771686e-10
1.033646148951706237e-12 1.374856183796670078e-10
1.036840630828645801e-12 1.376463637684768825e-10
1.040044985247046708e-12 1.378072794224076379e-10
1.043259242717983848e-12 1.379683653846460636e-10
1.046483433846817778e-12 1.381296216979602924e-10
1.049717589333520261e-12 1.382910484047031866e-10
1.052961739972915998e-12 1.384526455468055912e-10
1.056215916655009178e-12 1.386144131657780661e-10
1.059480150365270045e-12 1.387763513027093606e-10
1.062754472184928931e-12 1.389384599982636220e-10
1.066038913291272924e-12 1.391007392926819978e-10
1.069333504957933637e-12 1.392631892257768462e-10
1.072638278555220026e-12 1.394258098369347597e-10
1.075953265550364561e-12 1.395886011651127916e-10
1.079278497507858259e-12 1.397515632488365169e-10
1.082614006089741894e-12 1.399146961262006791e-10
1.085959823055907708e-12 1.400779998348667596e-10
1.089315980264401729e-12 1.402414744120612464e-10
1.092682509671718813e-12 1.404051198945741089e-10
1.096059443333141723e-12 1.405689363187604519e-10
1.099446813402992951e-12 1.407329237205336401e-10
1.102844652134977428e-12 1.408970821353680119e-10
1.106252991882479792e-12 1.410614115982972513e-10
1.109671865098872764e-12 1.412259121439113113e-10
1.113101304337817038e-12 1.413905838063557425e-10
1.116541342253607628e-12 1.415554266193309686e-10
1.119992011601430537e-12 1.417204406160903482e-10
1.123453345237710520e-12 1.418856258294377965e-10
1.126925376120415010e-12 1.420509822917288449e-10
1.130408137309368152e-12 1.422165100348668158e-10
1.133901661966565234e-12 1.423822090903017881e-10
1.137405983356479649e-12 1.425480794890314246e-10
1.140921134846416308e-12 1.427141212615973017e-10
1.144447149906773560e-12 1.428803344380832543e-10
1.147984062111399842e-12 1.430467190481157642e-10
1.151531905137903257e-12 1.432132751208622279e-10
1.155090712767972072e-12 1.433800026850268985e-10
1.158660518887697430e-12 1.435469017688535476e-10
1.162241357487885762e-12 1.437139724001200894e-10
1.165833262664420278e-12 1.438812146061426384e-10
1.169436268618529153e-12 1.440486284137670054e-10
1.173050409657148832e-12 1.442162138493714373e-10
1.176675720193241491e-12 1.443839709388666172e-10
1.180312234746122199e-12 1.445518997076907528e-10
1.183959987941788288e-12 1.447200001808090857e-10
1.187619014513238439e-12 1.448882723827141235e-10
1.191289349300843454e-12 1.450567163374231330e-10
1.194971027252618283e-12 1.452253320684766662e-10
1.198664083424595223e-12 1.453941195989367254e-10
1.202368552981146635e-12 1.455630789513857807e-10
1.206084471195320375e-12 1.457322101479258914e-10
1.209811873449175841e-12 1.459015132101761465e-10
1.213550795234110519e-12 1.460709881592718896e-10
1.217301272151237632e-12 1.462406350158642792e-10
1.221063339911666439e-12 1.464104538001167215e-10
1.224837034336880488e-12 1.465804445317039919e-10
1.228622391359070021e-12 1.467506072298133976e-10
1.232419447021473468e-12 1.469209419131392205e-10
1.236228237478710870e-12 1.470914485998832339e-10
1.240048798997168176e-12 1.472621273077559951e-10
1.243881167955282607e-12 1.474329780539696593e-10
1.247725380843928571e-12 1.476040008552410814e-10
1.251581474266755730e-12 1.477751957277885072e-10
1.255449484940537359e-12 1.479465626873314962e-10
1.259329449695519312e-12 1.481181017490869923e-10
1.263221405475761721e-12 1.482898129277698404e-10
1.267125389339530772e-12 1.484616962375920376e-10
1.271041438459589920e-12 1.486337516922590102e-10
1.274969590123596106e-12 1.488059793049697948e-10
1.278909881734443276e-12 1.489783790884145571e-10
1.282862350810618817e-12 1.491509510547736865e-10
1.286827034986561007e-12 1.493236952157162459e-10
1.290803972013007172e-12 1.494966115823990922e-10
1.294793199757394155e-12 1.496697001654654292e-10
1.298794756204157191e-12 1.498429609750412141e-10
1.302808679455132399e-12 1.500163940207363470e-10
1.306835007729909781e-12 1.501899993116415945e-10
1.310873779366196532e-12 1.503637768563282022e-10
1.314925032820183169e-12 1.505377266628448700e-10
1.318988806666897549e-12 1.507118487387188639e-10
1.323065139600616235e-12 1.508861430909519577e-10
1.327154070435168231e-12 1.510606097260205102e-10
1.331255638104347153e-12 1.512352486498735010e-10
1.335369881662271509e-12 1.514100598679294284e-10
1.339496840283756485e-12 1.515850433850791013e-10
1.343636553264675835e-12 1.517601992056788662e-10
1.347789060022380727e-12 1.519355273335549247e-10
1.351954400096007705e-12 1.521110277719950094e-10
1.356132613146900770e-12 1.522867005237537870e-10
1.360323738958976500e-12 1.524625455910460336e-10
1.364527817439104517e-12 1.526385629755484183e-10
1.368744888617485744e-12 1.528147526783962982e-10
1.372974992648023576e-12 1.529911147001828912e-10
1.377218169808750608e-12 1.531676490409588361e-10
1.381474460502144675e-12 1.533443557002290655e-10
1.385743905255559008e-12 1.535212346769501942e-10
1.390026544721596643e-12 1.536982859695329241e-10
1.394322419678496750e-12 1.538755095758378042e-10
1.398631571030524393e-12 1.540529054931730853e-10
1.402954039808347164e-12 1.542304737182950822e-10
1.407289867169472601e-12 1.544082142474075268e-10
1.411639094398571107e-12 1.545861270761564507e-10
1.416001762907914377e-12 1.547642121996318649e-10
1.420377914237758902e-12 1.549424696123646579e-10
1.424767590056741176e-12 1.551208993083261306e-10
1.429170832162274933e-12 1.552995012809249460e-10
1.433587682480936666e-12 1.554782755230077755e-10
1.438018183068912133e-12 1.556572220268572307e-10
1.442462376112326342e-12 1.558363407841882447e-10
1.446920303927692483e-12 1.560156317861497782e-10
1.451392008962302696e-12 1.561950950233199856e-10
1.455877533794632374e-12 1.563747304857070678e-10
1.460376921134745875e-12 1.565545381627481611e-10
1.464890213824690525e-12 1.567345180433057438e-10
1.469417454838953426e-12 1.569146701156670936e-10
1.473958687284797697e-12 1.570949943675434601e-10
1.478513954402722111e-12 1.572754907860679714e-10
1.483083299566859337e-12 1.574561593577929455e-10
1.487666766285390337e-12 1.576370000686906917e-10
1.492264398200945842e-12 1.578180129041507963e-10
1.496876239091070022e-12 1.579991978489781067e-10
1.501502332868565617e-12 1.581805548873923947e-10
1.506142723581959631e-12 1.583620840030255399e-10
1.510797455415911066e-12 1.585437851789213217e-10
1.515466572691631580e-12 1.587256583975326805e-10
1.520150119867307556e-12 1.589077036407213289e-10
1.524848141538510468e-12 1.590899208897545729e-10
1.529560682438672259e-12 1.592723101253065782e-10
1.534287787439435731e-12 1.594548713274540537e-10
1.539029501551132145e-12 1.596376044756764318e-10
1.543785869923196631e-12 1.598205095488531550e-10
1.548556937844599350e-12 1.600035865252627963e-10
1.553342750744275441e-12 1.601868353825820258e-10
1.558143354191545275e-12 1.603702560978830254e-10
1.562958793896599535e-12 1.605538486476330495e-10
1.567789115710858279e-12 1.607376130076923054e-10
1.572634365627457440e-12 1.609215491533113681e-10
1.577494589781675129e-12 1.611056570591324216e-10
1.582369834451370073e-12 1.612899366991849155e-10
1.587260146057423273e-12 1.614743880468857723e-10
1.592165571164165732e-12 1.616590110750348895e-10
1.597086156479874639e-12 1.618438057558206195e-10
1.602021948857140314e-12 1.620287720608101282e-10
1.606972995293363805e-12 1.622139099609518759e-10
1.611939342931191280e-12 1.623992194265740928e-10
1.616921039058963565e-12 1.625847004273815474e-10
1.621918131111165884e-12 1.627703529324574596e-10
1.626930666668866083e-12 1.629561769102561335e-10
1.631958693460221727e-12 1.631421723286090063e-10
1.637002259360853903e-12 1.633283391547167380e-10
1.642061412394356333e-12 1.635146773551487726e-10
1.647136200732740270e-12 1.637011868958458967e-10
1.652226672696891499e-12 1.638878677421134928e-10
1.657332876757018874e-12 1.640747198586228580e-10
1.662454861533168469e-12 1.642617432094108676e-10
1.667592675795606078e-12 1.644489377578737712e-10
1.672746368465335001e-12 1.646363034667708639e-10
1.677915988614549629e-12 1.648238402982188503e-10
1.683101585467101535e-12 1.650115482136938872e-10
1.688303208398967994e-12 1.651994271740270080e-10
1.693520906938709806e-12 1.653874771394032698e-10
1.698754730767996355e-12 1.655756980693629942e-10
1.704004729721997393e-12 1.657640899227962869e-10
1.709270953789911335e-12 1.659526526579419525e-10
1.714553453115428731e-12 1.661413862323906736e-10
1.719852277997208461e-12 1.663302906030758602e-10
1.725167478889358171e-12 1.665193657262796988e-10
1.730499106401898953e-12 1.667086115576257330e-10
1.735847211301305156e-12 1.668980280520815006e-10
1.741211844510901618e-12 1.670876151639532862e-10
1.746593057111406705e-12 1.672773728468882663e-10
1.751990900341403050e-12 1.674673010538693915e-10
1.757405425597826274e-12 1.676573997372167047e-10
1.762836684436453899e-12 1.678476688485840582e-10
1.768284728572382348e-12 1.680381083389587777e-10
1.773749609880576654e-12 1.682287181586595424e-10
1.779231380396278393e-12 1.684194982573340592e-10
1.784730092315557608e-12 1.686104485839583639e-10
1.790245797995797082e-12 1.688015690868362275e-10
1.795778549956189537e-12 1.689928597135941664e-10
1.801328400878238260e-12 1.691843204111845971e-10
1.806895403606243802e-12 1.693759511258807168e-10
1.812479611147866605e-12 1.695677518032773317e-10
1.818081076674542411e-12 1.697597223882863585e-10
1.823699853522048118e-12 1.699518628251375224e-10
1.829335995190995346e-12 1.701441730573775562e-10
1.834989555347338334e-12 1.703366530278661931e-10
1.840660587822871343e-12 1.705293026787751589e-10
1.846349146615800972e-12 1.707221219515890251e-10
1.852055285891169446e-12 1.709151107871013829e-10
1.857779059981431783e-12 1.711082691254124652e-10
1.863520523386957032e-12 1.713015969059301290e-10
1.869279730776547681e-12 1.714950940673670891e-10
1.875056736987959473e-12 1.716887605477387216e-10
1.880851597028409511e-12 1.718825962843621067e-10
1.886664366075160692e-12 1.720766012138550987e-10
1.892495099475954690e-12 1.722707752721341286e-10
1.898343852749600427e-12 1.724651183944120844e-10
1.904210681586488239e-12 1.726596305151972770e-10
1.910095641849119787e-12 1.728543115682931563e-10
1.915998789572638371e-12 1.730491614867931408e-10
1.921920180965349559e-12 1.732441802030837975e-10
1.927859872409316522e-12 1.734393676488403439e-10
1.933817920460805138e-12 1.736347237550250451e-10
1.939794381850883366e-12 1.738302484518862839e-10
1.945789313485946318e-12 1.740259416689576036e-10
1.951802772448258690e-12 1.742218033350548393e-10
1.957834815996498003e-12 1.744178333782759366e-10
1.963885501566282093e-12 1.746140317259973846e-10
1.969954886770783842e-12 1.748103983048765421e-10
1.976043029401180308e-12 1.750069330408449172e-10
1.982149987427267058e-12 1.752036358591098209e-10
1.988275818997997770e-12 1.754005066841534634e-10
1.994420582442032724e-12 1.755975454397281452e-10
2.000584336268282451e-12 1.757947520488579894e-10
2.006767139166526903e-12 1.759921264338359175e-10
2.012969050007878725e-12 1.761896685162216584e-10
2.019190127845407274e-12 1.763873782168413357e-10
2.025430431914685899e-12 1.765852554557840287e-10
2.031690021634354572e-12 1.767833001524033501e-10
2.037968956606686957e-12 1.769815122253128186e-10
2.044267296618141323e-12 1.771798915923847729e-10
2.050585101639994665e-12 1.773784381707527505e-10
2.056922431828816477e-12 1.775771518768022589e-10
2.063279347527106095e-12 1.777760326261773935e-10
2.069655909263850483e-12 1.779750803337724362e-10
2.076052177755103015e-12 1.781742949137365859e-10
2.082468213904558223e-12 1.783736762794665657e-10
2.088904078804117652e-12 1.785732243436084324e-10
2.095359833734537715e-12 1.787729390180565163e-10
2.101835540165911942e-12 1.789728202139486655e-10
2.108331259758324487e-12 1.791728678416686494e-10
2.114847054362419621e-12 1.793730818108406272e-10
2.121382986019990214e-12 1.795734620303314739e-10
2.127939116964570648e-12 1.797740084082453529e-10
2.134515509622009550e-12 1.799747208519254467e-10
2.141112226611134600e-12 1.801755992679509851e-10
2.147729330744246098e-12 1.803766435621351511e-10
2.154366885027780967e-12 1.805778536395240727e-10
2.161024952662899212e-12 1.807792294043966679e-10
2.167703597046082497e-12 1.809807707602597591e-10
2.174402881769740794e-12 1.811824776098497536e-10
2.181122870622797229e-12 1.813843498551291791e-10
2.187863627591368241e-12 1.815863873972864261e-10
2.194625216859265631e-12 1.817885901367335500e-10
2.201407702808680352e-12 1.819909579731039707e-10
2.208211150020774225e-12 1.821934908052517231e-10
2.215035623276299108e-12 1.823961885312503456e-10
2.221881187556192240e-12 1.825990510483896229e-10
2.228747908042268927e-12 1.828020782531777055e-10
2.235635850117734682e-12 1.830052700413351133e-10
2.242545079367880328e-12 1.832086263077945020e-10
2.249475661580686637e-12 1.834121469467009485e-10
2.256427662747453193e-12 1.836158318514092615e-10
2.263401149063424838e-12 1.838196809144816043e-10
2.270396186928404787e-12 1.840236940276867187e-10
2.277412842947460234e-12 1.842278710819995891e-10
2.284451183931444997e-12 1.844322119675967381e-10
2.291511276897711184e-12 1.846367165738584493e-10
2.298593189070727152e-12 1.848413847893633908e-10
2.305696987882718898e-12 1.850462165018903730e-10
2.312822740974311447e-12 1.852512115984153238e-10
2.319970516195154082e-12 1.854563699651086527e-10
2.327140381604642112e-12 1.856616914873367752e-10
2.334332405472451624e-12 1.858671760496574085e-10
2.341546656279264889e-12 1.860728235358193132e-10
2.348783202717403669e-12 1.862786338287620345e-10
2.356042113691483125e-12 1.864846068106110684e-10
2.363323458319068151e-12 1.866907423626789735e-10
2.370627305931312339e-12 1.868970403654644918e-10
2.377953726073694278e-12 1.871035006986483612e-10
2.385302788506565652e-12 1.873101232410930571e-10
2.392674563205891166e-12 1.875169078708419134e-10
2.400069120363896409e-12 1.877238544651163050e-10
2.407486530389735889e-12 1.879309629003154410e-10
2.414926863910163106e-12 1.881382330520134177e-10
2.422390191770184049e-12 1.883456647949583658e-10
2.429876585033810876e-12 1.885532580030723470e-10
2.437386114984618880e-12 1.887610125494463649e-10
2.444918853126505011e-12 1.889689283063428206e-10
2.452474871184349460e-12 1.891770051451900590e-10
2.460054241104697030e-12 1.893852429365848755e-10
2.467657035056424374e-12 1.895936415552704895e-10
2.475283325431505382e-12 1.898022010453727733e-10
2.482933184845581479e-12 1.900109216594005511e-10
2.490606686138731861e-12 1.902198036634322094e-10
2.498303902376148402e-12 1.904288473244553868e-10
2.506024906848831572e-12 1.906380529103654753e-10
2.513769773074286752e-12 1.908474206899661112e-10
2.521538574797203993e-12 1.910569509329750686e-10
2.529331385990243598e-12 1.912666439100240529e-10
2.537148280854617326e-12 1.914764998926598640e-10
2.544989333820874780e-12 1.916865191533476788e-10
2.552854619549593263e-12 1.918967019654700953e-10
2.560744212932089849e-12 1.921070486033338273e-10
2.568658189091131836e-12 1.923175593421674295e-10
2.576596623381632256e-12 1.925282344581238571e-10
2.584559591391452420e-12 1.927390742282844460e-10
2.592547168941993624e-12 1.929500789306599731e-10
2.600559432089004946e-12 1.931612488441893119e-10
2.608596457123285618e-12 1.933725842487451710e-10
2.616658320571410429e-12 1.935840854251362658e-10
2.624745099196460776e-12 1.937957526551061807e-10
2.632856869998731887e-12 1.940075862213354889e-10
2.640993710216553541e-12 1.942195864074476979e-10
2.649155697326895102e-12 1.944317534980076210e-10
2.657342909046190282e-12 1.946440877785227728e-10
2.665555423331055262e-12 1.948565895354478933e-10
2.673793318379031464e-12 1.950692590561841463e-10
2.682056672629328721e-12 1.952820966290838757e-10
2.690345564763552286e-12 1.954951025434496233e-10
2.698660073706538097e-12 1.957082770895403070e-10
2.707000278626973157e-12 1.959216205585676271e-10
2.715366258938237259e-12 1.961351332427006941e-10
2.723758094299137267e-12 1.963488154350693887e-10
2.732175864614665639e-12 1.965626674297650081e-10
2.740619650036738339e-12 1.967766895218399817e-10
2.749089530965047875e-12 1.969908820073154447e-10
2.757585588047694584e-12 1.972052451831777491e-10
2.766107902182044914e-12 1.974197793473808929e-10
2.774656554515477829e-12 1.976344847988528275e-10
2.783231626446157457e-12 1.978493618374925627e-10
2.791833199623810192e-12 1.980644107641762413e-10
2.800461355950477153e-12 1.982796318807535461e-10
2.809116177581386196e-12 1.984950254900580908e-10
2.817797746925597746e-12 1.987105918959010879e-10
2.826506146646879235e-12 1.989263314030766468e-10
2.835241459664470884e-12 1.991422443173661431e-10
2.844003769153875330e-12 1.993583309455357108e-10
2.852793158547647237e-12 1.995745915953413606e-10
2.861609711536168380e-12 1.997910265755307119e-10
2.870453512068533384e-12 2.000076361958438197e-10
2.879324644353212928e-12 2.002244207670157858e-10
2.888223192858946758e-12 2.004413806007794726e-10
2.897149242315524422e-12 2.006585160098662271e-10
2.906102877714594270e-12 2.008758273080077937e-10
2.915084184310469236e-12 2.010933148099412516e-10
2.924093247620918468e-12 2.013109788314061191e-10
2.933130153428074484e-12 2.015288196891527297e-10
2.942194987779108085e-12 2.017468377009371647e-10
2.951287836987141560e-12 2.019650331855298101e-10
2.960408787632049218e-12 2.021834064627116596e-10
2.969557926561279308e-12 2.024019578532827159e-10
2.978735340890682824e-12 2.026206876790571570e-10
2.987941118005316849e-12 2.028395962628701084e-10
2.997175345560375543e-12 2.030586839285806935e-10
3.006438111481878377e-12 2.032779510010676135e-10
3.015729503967603947e-12 2.034973978062396935e-10
3.025049611487906249e-12 2.037170246710309977e-10
3.034398522786556398e-12 2.039368319234057142e-10
3.043776326881563748e-12 2.041568198923616709e-10
3.053183113066121827e-12 2.043769889079310850e-10
3.062618970909310298e-12 2.045973393011826311e-10
3.072083990257046550e-12 2.048178714042213894e-10
3.081578261232916507e-12 2.050385855501960318e-10
3.091101874239033315e-12 2.052594820732959269e-10
3.100654919956898047e-12 2.054805613087568266e-10
3.110237489348236171e-12 2.057018235928602460e-10
3.119849673655967712e-12 2.059232692629390209e-10
3.129491564404921745e-12 2.061448986573752916e-10
3.139163253402810997e-12 2.063667121156062414e-10
3.148864832741078414e-12 2.065887099781240189e-10
3.158596394795776851e-12 2.068108925864794091e-10
3.168358032228445932e-12 2.070332602832811091e-10
3.178149837986971133e-12 2.072558134122022424e-10
3.187971905306569700e-12 2.074785523179810825e-10
3.197824327710525335e-12 2.077014773464203554e-10
3.207707199011180167e-12 2.079245888443923056e-10
3.217620613310804745e-12 2.081478871598409709e-10
3.227564665002491053e-12 2.083713726417828032e-10
3.237539448771053605e-12 2.085950456403090203e-10
3.247545059593903480e-12 2.088189065065898972e-10
3.257581592742059270e-12 2.090429555928756190e-10
3.267649143780893890e-12 2.092671932524969272e-10
3.277747808571152394e-12 2.094916198398711425e-10
3.287877683269836919e-12 2.097162357104991924e-10
3.298038864331122715e-12 2.099410412209737017e-10
3.308231448507249954e-12 2.101660367289761751e-10
3.318455532849551648e-12 2.103912225932828650e-10
3.328711214709217413e-12 2.106165991737656245e-10
3.338998591738327452e-12 2.108421668313918559e-10
3.349317761890755661e-12 2.110679259282320582e-10
3.359668823423101422e-12 2.112938768274576046e-10
3.370051874895627453e-12 2.115200198933444648e-10
3.380467015173167764e-12 2.117463554912748846e-10
3.390914343426181833e-12 2.119728839877425308e-10
3.401393959131532102e-12 2.121996057503510945e-10
3.411905962073541381e-12 2.124265211478181691e-10
3.422450452344916965e-12 2.126536305499773697e-10
3.433027530347700596e-12 2.128809343277808922e-10
3.443637296794227722e-12 2.131084328533024085e-10
3.454279852708057265e-12 2.133361264997364202e-10
3.464955299425044369e-12 2.135640156414074353e-10
3.475663738594139717e-12 2.137921006537632212e-10
3.486405272178466315e-12 2.140203819133831284e-10
3.497180002456265420e-12 2.142488597979797966e-10
3.507988032021868315e-12 2.144775346863999559e-10
3.518829463786674550e-12 2.147064069586267018e-10
3.529704400980101095e-12 2.149354769957850523e-10
3.540612947150683769e-12 2.151647451801404235e-10
3.551555206166886649e-12 2.153942118951025839e-10
3.562531282218208747e-12 2.156238775252279554e-10
3.573541279816146497e-12 2.158537424562221463e-10
3.584585303795189357e-12 2.160838070749430019e-10
3.595663459313816631e-12 2.163140717694007591e-10
3.606775851855471665e-12 2.165445369287634750e-10
3.617922587229681047e-12 2.167752029433580353e-10
3.629103771572888247e-12 2.170060702046709033e-10
3.640319511349580492e-12 2.172371391053537299e-10
3.651569913353272657e-12 2.174684100392226035e-10
3.662855084707526298e-12 2.176998834012645126e-10
3.674175132866937581e-12 2.179315595876349417e-10
3.685530165618279504e-12 2.181634389956644110e-10
3.696920291081351696e-12 2.183955220238577273e-10
3.708345617710127484e-12 2.186278090719003683e-10
3.719806254293756362e-12 2.188603005406562339e-10
3.731302309957600395e-12 2.190929968321733072e-10
3.742833894164275459e-12 2.193258983496869632e-10
3.754401116714658566e-12 2.195590054976168669e-10
3.766004087749059160e-12 2.197923186815789934e-10
3.777642917748083456e-12 2.200258383083778469e-10
3.789317717533806553e-12 2.202595647860161544e-10
3.801028598270801558e-12 2.204934985236933408e-10
3.812775671467193760e-12 2.207276399318120427e-10
3.824559048975725299e-12 2.209619894219759627e-10
3.836378842994786722e-12 2.211965474069947038e-10
3.848235166069612512e-12 2.214313143008902830e-10
3.860128131093163207e-12 2.216662905188902555e-10
3.872057851307326579e-12 2.219014764774397087e-10
3.884024440303964542e-12 2.221368725941975145e-10
3.896028012025993979e-12 2.223724792880429201e-10
3.908068680768471602e-12 2.226082969790748767e-10
3.920146561179652981e-12 2.228443260886186047e-10
3.932261768262207452e-12 2.230805670392235520e-10
3.944414417374125282e-12 2.233170202546698042e-10
3.956604624229943083e-12 2.235536861599684212e-10
3.968832504901810910e-12 2.237905651813647971e-10
3.981098175820602171e-12 2.240276577463420984e-10
3.993401753777017071e-12 2.242649642836214968e-10
4.005743355922667479e-12 2.245024852231672871e-10
4.018123099771317700e-12 2.247402209961901442e-10
4.030541103199811014e-12 2.249781720351459861e-10
4.042997484449321755e-12 2.252163387737417380e-10
4.055492362126449062e-12 2.254547216469387445e-10
4.068025855204344564e-12 2.256933210909507791e-10
4.080598083023813399e-12 2.259321375432514115e-10
4.093209165294582449e-12 2.261711714425775487e-10
4.105859222096242229e-12 2.264104232289265920e-10
4.118548373879522393e-12 2.266498933435622007e-10
4.131276741467404875e-12 2.268895822290187131e-10
4.144044446056275797e-12 2.271294903291022318e-10
4.156851609217077391e-12 2.273696180888925880e-10
4.169698352896432440e-12 2.276099659547451776e-10
4.182584799417944022e-12 2.278505343742994646e-10
4.195511071483151129e-12 2.280913237964743552e-10
4.208477292172836485e-12 2.283323346714758739e-10
4.221483584948166342e-12 2.285735674507975523e-10
4.234530073651859356e-12 2.288150225872230133e-10
4.247616882509373240e-12 2.290567005348314256e-10
4.260744136130047788e-12 2.292986017489984343e-10
4.273911959508432080e-12 2.295407266863975827e-10
4.287120478025267571e-12 2.297830758050069295e-10
4.300369817448819328e-12 2.300256495641063346e-10
4.313660103936037643e-12 2.302684484242867395e-10
4.326991464033760836e-12 2.305114728474473233e-10
4.340364024679922096e-12 2.307547232968023273e-10
4.353777913204718361e-12 2.309982002368815459e-10
4.367233257331969026e-12 2.312419041335339715e-10
4.380730185180113571e-12 2.314858354539314134e-10
4.394268825263581571e-12 2.317299946665689891e-10
4.407849306493972890e-12 2.319743822412720775e-10
4.421471758181288758e-12 2.322189986491933979e-10
4.435136310035165266e-12 2.324638443628225488e-10
4.448843092166066482e-12 2.327089198559831382e-10
4.462592235086673048e-12 2.329542256038397891e-10
4.476383869712906459e-12 2.331997620828993542e-10
4.490218127365319280e-12 2.334455297710115365e-10
4.504095139770310063e-12 2.336915291473773159e-10
4.518015039061377856e-12 2.339377606925473210e-10
4.531977957780341964e-12 2.341842248884261199e-10
4.545984028878754788e-12 2.344309222182751672e-10
4.560033385718943871e-12 2.346778531667160091e-10
4.574126162075428775e-12 2.349250182197339541e-10
4.588262492136159422e-12 2.351724178646801929e-10
4.602442510503794030e-12 2.354200525902723667e-10
4.616666352196980267e-12 2.356679228866033045e-10
4.630934152651600873e-12 2.359160292451374042e-10
4.645246047722219611e-12 2.361643721587212824e-10
4.659602173683142702e-12 2.364129521215790701e-10
4.674002667229869632e-12 2.366617696293198568e-10
4.688447665480358953e-12 2.369108251789412585e-10
4.702937305976331265e-12 2.371601192688270389e-10
4.717471726684578640e-12 2.374096523987588967e-10
4.732051065998242558e-12 2.376594250699107794e-10
4.746675462738281665e-12 2.379094377848591189e-10
4.761345056154567143e-12 2.381596910475811776e-10
4.776059985927359353e-12 2.384101853634597013e-10
4.790820392168599500e-12 2.386609212392851417e-10
4.805626415423245724e-12 2.389118991832629985e-10
4.820478196670609995e-12 2.391631197050085971e-10
4.835375877325660280e-12 2.394145833155594965e-10
4.850319599240527076e-12 2.396662905273734216e-10
4.865309504705614935e-12 2.399182418543298656e-10
4.880345736451117074e-12 2.401704378117399129e-10
4.895428437648333698e-12 2.404228789163410690e-10
4.910557751911035554e-12 2.406755656863071354e-10
4.925733823296791136e-12 2.409284986412471233e-10
4.940956796308500683e-12 2.411816783022136295e-10
4.956226815895528708e-12 2.414351051916983382e-10
4.971544027455245269e-12 2.416887798336420506e-10
4.986908576834371749e-12 2.419427027534345296e-10
5.002320610330368650e-12 2.421968744779193602e-10
5.017780274692827417e-12 2.424512955353947758e-10
5.033287717124828344e-12 2.427059664556192940e-10
5.048843085284506072e-12 2.429608877698160590e-10
5.064446527286210393e-12 2.432160600106715491e-10
5.080098191702076599e-12 2.434714837123434353e-10
5.095798227563404386e-12 2.437271594104602188e-10
5.111546784362073916e-12 2.439830876421280557e-10
5.127344012051969147e-12 2.442392689459315842e-10
5.143190061050363205e-12 2.444957038619387323e-10
5.159085082239523461e-12 2.447523929317017000e-10
5.175029226967887688e-12 2.450093366982635773e-10
5.191022647051682872e-12 2.452665357061592226e-10
5.207065494776318660e-12 2.455239905014203294e-10
5.223157922897847039e-12 2.457817016315769769e-10
5.239300084644409907e-12 2.460396696456610944e-10
5.255492133717657556e-12 2.462978950942115792e-10
5.271734224294385261e-12 2.465563785292785872e-10
5.288026511027740933e-12 2.468151205044233787e-10
5.304369149048871400e-12 2.470741215747226084e-10
5.320762293968357052e-12 2.473333822967745818e-10
5.337206101877691715e-12 2.475929032287005988e-10
5.353700729350768187e-12 2.478526849301461948e-10
5.370246333445330647e-12 2.481127279622902394e-10
5.386843071704637096e-12 2.483730328878436960e-10
5.403491102158704170e-12 2.486336002710552565e-10
5.420190583325983304e-12 2.488944306777116520e-10
5.436941674214826887e-12 2.491555246751470617e-10
5.453744534325001250e-12 2.494168828322415618e-10
5.470599323649164127e-12 2.496785057194253650e-10
5.487506202674561826e-12 2.499403939086860068e-10
5.504465332384293429e-12 2.502025479735674145e-10
5.521476874259021694e-12 2.504649684891743020e-10
5.538540990278463438e-12 2.507276560321784766e-10
5.555657842922934038e-12 2.509906111808197185e-10
5.572827595174894354e-12 2.512538345149111569e-10
5.590050410520457265e-12 2.515173266158392702e-10
5.607326452951124425e-12 2.517810880665746395e-10
5.624655886965077924e-12 2.520451194516675541e-10
5.642038877568925933e-12 2.523094213572571102e-10
5.659475590279228621e-12 2.525739943710701775e-10
5.676966191124076590e-12 2.528388390824322555e-10
5.694510846644668490e-12 2.531039560822623037e-10
5.712109723896852291e-12 2.533693459630834950e-10
5.729762990452901623e-12 2.536350093190251804e-10
5.747470814402831670e-12 2.539009467458210793e-10
5.765233364356187624e-12 2.541671588145940131e-10
5.783050809443600499e-12 2.544336459494303312e-10
5.800923319318400290e-12 2.547004085230647002e-10
5.818851064158229140e-12 2.549674469088507250e-10
5.836834214666617344e-12 2.552347614808071149e-10
5.854872942074795232e-12 2.555023526136300406e-10
5.872967418143041372e-12 2.557702206826826385e-10
5.891117815162505765e-12 2.560383660640070054e-10
5.909324305956804427e-12 2.563067891343201656e-10
5.927587063883665673e-12 2.565754902710145366e-10
5.945906262836577205e-12 2.568444698521636156e-10
5.964282077246397668e-12 2.571137282565178438e-10
5.982714682083208910e-12 2.573832658635114821e-10
6.001204252857692472e-12 2.576530830532602333e-10
6.019750965622992354e-12 2.579231802065605699e-10
6.038354996976346761e-12 2.581935577048986260e-10
6.057016524060765886e-12 2.584642159304430632e-10
6.075735724566670930e-12 2.587351552660518950e-10
6.094512776733784332e-12 2.590063760952721242e-10
6.113347859352528873e-12 2.592778788023400539e-10
6.132241151765927602e-12 2.595496637721834584e-10
6.151192833871265471e-12 2.598217313904248919e-10
6.170203086121796200e-12 2.600940820433782249e-10
6.189272089528466919e-12 2.603667161180558301e-10
6.208400025661587067e-12 2.606396340021630511e-10
6.227587076652760634e-12 2.609128360841081796e-10
6.246833425196317574e-12 2.611863227529962002e-10
6.266139254551254123e-12 2.614600943986331331e-10
6.285504748542929975e-12 2.617341514115279988e-10
6.304930091564814729e-12 2.620084941828925592e-10
6.324415468580248074e-12 2.622831231046444716e-10
6.343961065124143422e-12 2.625580385694067197e-10
6.363567067304968622e-12 2.628332409705108193e-10
6.383233661806202411e-12 2.631087307019965594e-10
6.402961035888319159e-12 2.633845081586157766e-10
6.422749377390524015e-12 2.636605737358283740e-10
6.442598874732536510e-12 2.639369278298121441e-10
6.462509716916388711e-12 2.642135708374555309e-10
6.482482093528169241e-12 2.644905031563628515e-10
6.502516194740041154e-12 2.647677251848612757e-10
6.522612211311736347e-12 2.650452373219891931e-10
6.542770334592581510e-12 2.653230399675096557e-10
6.562990756523268809e-12 2.656011335219041732e-10
6.583273669637681499e-12 2.658795183863800030e-10
6.603619267064730038e-12 2.661581949628666863e-10
6.624027742530134888e-12 2.664371636540192533e-10
6.644499290358487198e-12 2.667164248632217391e-10
6.665034105474776339e-12 2.669959789945835641e-10
6.685632383406460281e-12 2.672758264529458936e-10
6.706294320285276663e-12 2.675559676438810688e-10
6.727020112849105570e-12 2.678364029736931755e-10
6.747809958443791104e-12 2.681171328494201123e-10
6.768664055025238416e-12 2.683981576788372607e-10
6.789582601160971942e-12 2.686794778704540218e-10
6.810565796032242932e-12 2.689610938335207955e-10
6.831613839435872035e-12 2.692430059780248443e-10
6.852726931786150027e-12 2.695252147146975316e-10
6.873905274116750677e-12 2.698077204550098234e-10
6.895149068082583007e-12 2.700905236111785444e-10
6.916458515961941649e-12 2.703736245961669979e-10
6.937833820658090918e-12 2.706570238236813989e-10
6.959275185701424861e-12 2.709407217081812654e-10
6.980782815251347793e-12 2.712247186648718704e-10
7.002356914098218661e-12 2.715090151097106527e-10
7.023997687665299441e-12 2.717936114594097497e-10
7.045705342010655067e-12 2.720785081314324308e-10
7.067480083829347401e-12 2.723637055440014206e-10
7.089322120455054047e-12 2.726492041160916092e-10
7.111231659862275247e-12 2.729350042674403921e-10
7.133208910668256429e-12 2.732211064185420870e-10
7.155254082134974570e-12 2.735075109906563603e-10
7.177367384171129409e-12 2.737942184058010411e-10
7.199549027334085378e-12 2.740812290867600830e-10
7.221799222832110007e-12 2.743685434570874411e-10
7.244118182526033930e-12 2.746561619410983871e-10
7.266506118931501404e-12 2.749440849638801072e-10
7.288963245220935669e-12 2.752323129512900478e-10
7.311489775225571356e-12 2.755208463299564844e-10
7.334085923437424697e-12 2.758096855272811062e-10
7.356751905011582002e-12 2.760988309714412393e-10
7.379487935767883911e-12 2.763882830913917082e-10
7.402294232193224374e-12 2.766780423168610610e-10
7.425171011443547514e-12 2.769681090783612896e-10
7.448118491345920428e-12 2.772584838071831245e-10
7.471136890400597908e-12 2.775491669354007399e-10
7.494226427783058079e-12 2.778401588958710811e-10
7.517387323346315919e-12 2.781314601222376906e-10
7.540619797622661633e-12 2.784230710489298290e-10
7.563924071826000022e-12 2.787149921111664043e-10
7.587300367853900665e-12 2.790072237449551963e-10
7.610748908289703024e-12 2.792997663870965271e-10
7.634269916404642562e-12 2.795926204751837784e-10
7.657863616159908999e-12 2.798857864476020468e-10
7.681530232209034149e-12 2.801792647435384327e-10
7.705269989899652912e-12 2.804730558029727337e-10
7.729083115275899187e-12 2.807671600666841657e-10
7.752969835080493214e-12 2.810615779762565331e-10
7.776930376756908071e-12 2.813563099740731618e-10
7.800964968451528106e-12 2.816513565033202601e-10
7.825073839015758886e-12 2.819467180079914162e-10
7.849257218008463508e-12 2.822423949328884771e-10
7.873515335697765592e-12 2.825383877236186536e-10
7.897848423063495280e-12 2.828346968266016028e-10
7.922256711799325041e-12 2.831313226890686531e-10
7.946740434314974952e-12 2.834282657590634239e-10
7.971299823738432508e-12 2.837255264854456002e-10
7.995935113918094897e-12 2.840231053178882957e-10
8.020646539425266692e-12 2.843210027068898917e-10
8.045434335556000009e-12 2.846192191037602856e-10
8.070298738333588972e-12 2.849177549606358832e-10
8.095239984510765297e-12 2.852166107304738087e-10
8.120258311571937493e-12 2.855157868670569191e-10
8.145353957735397755e-12 2.858152838249920986e-10
8.170527161955848746e-12 2.861151020597179097e-10
8.195778163926280903e-12 2.864152420274983379e-10
8.221107204080526687e-12 2.867157041854304427e-10
8.246514523595473931e-12 2.870164889914427039e-10
8.272000364393372902e-12 2.873175969042988981e-10
8.297564969144128820e-12 2.876190283835976862e-10
8.323208581267552367e-12 2.879207838897751974e-10
8.348931444935947862e-12 2.882228638841087003e-10
8.374733805076027729e-12 2.885252688287141212e-10
8.400615907371518438e-12 2.888279991865510073e-10
8.426577998265432026e-12 2.891310554214206654e-10
8.452620324962411922e-12 2.894344379979733998e-10
8.478743135431088479e-12 2.897381473817046351e-10
8.504946678406368258e-12 2.900421840389579142e-10
8.531231203392078745e-12 2.903465484369325502e-10
8.557596960662936137e-12 2.906512410436729763e-10
8.584044201267193286e-12 2.909562623280838418e-10
8.610573177028972612e-12 2.912616127599213268e-10
8.637184140550653936e-12 2.915672928098010002e-10
8.663877345215286555e-12 2.918733029491975100e-10
8.690653045188931840e-12 2.921796436504441690e-10
8.717511495423356424e-12 2.924863153867397797e-10
8.744452951658050066e-12 2.927933186321461521e-10
8.771477670422930146e-12 2.931006538615888801e-10
8.798585909040723041e-12 2.934083215508630273e-10
8.825777925629408509e-12 2.937163221766339551e-10
8.853053979104680224e-12 2.940246562164337547e-10
8.880414329182338465e-12 2.943333241486691061e-10
8.907859236381051152e-12 2.946423264526252583e-10
8.935388962024402413e-12 2.949516636084582746e-10
8.963003768243669773e-12 2.952613360972028911e-10
8.990703917980242696e-12 2.955713444007744292e-10
9.018489674988136431e-12 2.958816890019683306e-10
9.046361303836418627e-12 2.961923703844630523e-10
9.074319069912033380e-12 2.965033890328236337e-10
9.102363239421878879e-12 2.968147454324995771e-10
9.130494079395639525e-12 2.971264400698283634e-10
9.158711857688251323e-12 2.974384734320395874e-10
9.187016842982462584e-12 2.977508460072502023e-10
9.215409304791380093e-12 2.980635582844757894e-10
9.243889513460965188e-12 2.983766107536218213e-10
9.272457740172911122e-12 2.986900039054948804e-10
9.301114256946769177e-12 2.990037382318002811e-10
9.329859336642847027e-12 2.993178142251394325e-10
9.358693252964719357e-12 2.996322323790201790e-10
9.387616280461848351e-12 2.999469931878513194e-10
9.416628694532188012e-12 3.002620971469514479e-10
9.445730771424728719e-12 3.005775447525404755e-10
9.474922788242444051e-12 3.008933365017549844e-10
9.504205022944463757e-12 3.012094728926374744e-10
9.533577754349020583e-12 3.015259544241443250e-10
9.563041262136040060e-12 3.018427815961487938e-10
9.592595826849796532e-12 3.021599549094374489e-10
9.622241729901585330e-12 3.024774748657183897e-10
9.651979253572323875e-12 3.027953419676155592e-10
9.681808681015558280e-12 3.031135567186802218e-10
9.711730296259678324e-12 3.034321196233841907e-10
9.741744384210945058e-12 3.037510311871249454e-10
9.771851230656124218e-12 3.040702919162282177e-10
9.802051122265198788e-12 3.043899023179482492e-10
9.832344346594112275e-12 3.047098629004711524e-10
9.862731192087411805e-12 3.050301741729139282e-10
9.893211948081329046e-12 3.053508366453326859e-10
9.923786904806043651e-12 3.056718508287168012e-10
9.954456353388775488e-12 3.059932172349932076e-10
9.985220585856468129e-12 3.063149363770321345e-10
1.001607989513857574e-11 3.066370087686429715e-10
1.004703457506977243e-11 3.069594349245812479e-10
1.007808492039306708e-11 3.072822153605493561e-10
1.010923122676213142e-11 3.076053505931943805e-10
1.014047379074443266e-11 3.079288411401151802e-10
1.017181290982397996e-11 3.082526875198609416e-10
1.020324888240415660e-11 3.085768902519366063e-10
1.023478200781056335e-11 3.089014498567989942e-10
1.026641258629377796e-11 3.092263668558633173e-10
1.029814091903255882e-11 3.095516417715071088e-10
1.032996730813620214e-11 3.098772751270633989e-10
1.036189205664775529e-11 3.102032674468325022e-10
1.039391546854682155e-11 3.105296192560773647e-10
1.042603784875245355e-11 3.108563310810286303e-10
1.045825950312605329e-11 3.111834034488846408e-10
1.049058073847420423e-11 3.115108368878141761e-10
1.052300186255192836e-11 3.118386319269606413e-10
1.055552318406511278e-11 3.121667890964386555e-10
1.058814501267377964e-11 3.124953089273412368e-10
1.062086765899495708e-11 3.128241919517409923e-10
1.065369143460563409e-11 3.131534387026860851e-10
1.068661665204572998e-11 3.134830497142113497e-10
1.071964362482097984e-11 3.138130255213335874e-10
1.075277266740626747e-11 3.141433666600566327e-10
1.078600409524810368e-11 3.144740736673724392e-10
1.081933822476796736e-11 3.148051470812606656e-10
1.085277537336524421e-11 3.151365874406963794e-10
1.088631585942023496e-11 3.154683952856449897e-10
1.091996000229711191e-11 3.158005711570713985e-10
1.095370812234730520e-11 3.161331155969349341e-10
1.098756054091202470e-11 3.164660291481991735e-10
1.102151758032567221e-11 3.167993123548241363e-10
1.105557956391882698e-11 3.171329657617768828e-10
1.108974681602131701e-11 3.174669899150315140e-10
1.112401966196531447e-11 3.178013853615665866e-10
1.115839842808833586e-11 3.181361526493716270e-10
1.119288344173671876e-11 3.184712923274503371e-10
1.122747503126819060e-11 3.188068049458190942e-10
1.126217352605535834e-11 3.191426910555079858e-10
1.129697925648875547e-11 3.194789512085717692e-10
1.133189255397998431e-11 3.198155859623811813e-10
1.136691375096487773e-11 3.201525958877278096e-10
1.140204318090656714e-11 3.204899815587122738e-10
1.143728117829902709e-11 3.208277435505411344e-10
1.147262807866971192e-11 3.211658824395303044e-10
1.150808421858311004e-11 3.215043988031027747e-10
1.154364993564386684e-11 3.218432932197977648e-10
1.157932556849999169e-11 3.221825662692684994e-10
1.161511145684608421e-11 3.225222185322854144e-10
1.165100794142647821e-11 3.228622505907376037e-10
1.168701536403886064e-11 3.232026630276394891e-10
1.172313406753695667e-11 3.235434564271251844e-10
1.175936439583417768e-11 3.238846313744588359e-10
1.179570669390679913e-11 3.242261884560323985e-10
1.183216130779724344e-11 3.245681282593689454e-10
1.186872858461737740e-11 3.249104513731239079e-10
1.190540887255171908e-11 3.252531583870911249e-10
1.194220252086114565e-11 3.255962498922012399e-10
1.197910987988562532e-11 3.259397264805244410e-10
1.201613130104795580e-11 3.262835887452760963e-10
1.205326713685700032e-11 3.266278372808157714e-10
1.209051774091105775e-11 3.269724726826493491e-10
1.212788346790111478e-11 3.273174955474339926e-10
1.216536467361463125e-11 3.276629064729802133e-10
1.220296171493833348e-11 3.280087060582523362e-10
1.224067494986199798e-11 3.283548949033716534e-10
1.227850473748177148e-11 3.287014736096177685e-10
1.231645143800359114e-11 3.290484427794334043e-10
1.235451541274660153e-11 3.293958030164267295e-10
1.239269702414650692e-11 3.297435549253691872e-10
1.243099663575942450e-11 3.300916991122070236e-10
1.246941461226473266e-11 3.304402361840522928e-10
1.250795131946895484e-11 3.307891667491943854e-10
1.254660712430913935e-11 3.311384914170955822e-10
1.258538239485635064e-11 3.314882107984017563e-10
1.262427750031917840e-11 3.318383255049375646e-10
1.266329281104714476e-11 3.321888361497089300e-10
1.270242869853465125e-11 3.325397433469115709e-10
1.274168553542388839e-11 3.328910477119297612e-10
1.278106369550880043e-11 3.332427498613375187e-10
1.282056355373854424e-11 3.335948504129001048e-10
1.286018548622105172e-11 3.339473499855834855e-10
1.289992987022661965e-11 3.343002491995484888e-10
1.293979708419139124e-11 3.346535486761569058e-10
1.297978750772138219e-11 3.350072490379774874e-10
1.301990152159546633e-11 3.353613509087813432e-10
1.306013950776941451e-11 3.357158549135503687e-10
1.310050184937943443e-11 3.360707616784738325e-10
1.314098893074581698e-11 3.364260718309579412e-10
1.318160113737659070e-11 3.367817859996238229e-10
1.322233885597108900e-11 3.371379048143108360e-10
1.326320247442406670e-11 3.374944289060795675e-10
1.330419238182873890e-11 3.378513589072151937e-10
1.334530896848092338e-11 3.382086954512254123e-10
1.338655262588264175e-11 3.385664391728501097e-10
1.342792374674585788e-11 3.389245907080592416e-10
1.346942272499609687e-11 3.392831506940551595e-10
1.351104995577664554e-11 3.396421197692790212e-10
1.355280583545164302e-11 3.400014985734108426e-10
1.359469076161030721e-11 3.403612877473683603e-10
1.363670513307060209e-11 3.407214879333171129e-10
1.367884934988304083e-11 3.410820997746678558e-10
1.372112381333448567e-11 3.414431239160807492e-10
1.376352892595187183e-11 3.418045610034651512e-10
1.380606509150647267e-11 3.421664116839910429e-10
1.384873271501708400e-11 3.425286766060792062e-10
1.389153220275431993e-11 3.428913564194151300e-10
1.393446396224437882e-11 3.432544517749415666e-10
1.397752840227291259e-11 3.436179633248685086e-10
1.402072593288892838e-11 3.439818917226749471e-10
1.406405696540857223e-11 3.443462376231073725e-10
1.410752191241950574e-11 3.447110016821876844e-10
1.415112118778415175e-11 3.450761845572119504e-10
1.419485520664408393e-11 3.454417869067533019e-10
1.423872438542387506e-11 3.458078093906678789e-10
1.428272914183505364e-11 3.461742526700931244e-10
1.432686989488008791e-11 3.465411174074536260e-10
1.437114706485625198e-11 3.469084042664630288e-10
1.441556107336010417e-11 3.472761139121287918e-10
1.446011234329079259e-11 3.476442470107478455e-10
1.450480129885454962e-11 3.480128042299163621e-10
1.454962836556861948e-11 3.483817862385303769e-10
1.459459397026530359e-11 3.487511937067893031e-10
1.463969854109603349e-11 3.491210273061953635e-10
1.468494250753531615e-11 3.494912877095597424e-10
1.473032630038531247e-11 3.498619755910041886e-10
1.477585035177921389e-11 3.502330916259650473e-10
1.482151509518584038e-11 3.506046364911922268e-10
1.486732096541365026e-11 3.509766108647556090e-10
1.491326839861486972e-11 3.513490154260479957e-10
1.495935783228953495e-11 3.517218508557815420e-10
1.500558970529014183e-11 3.520951178360041447e-10
1.505196445782509038e-11 3.524688170500861553e-10
1.509848253146336994e-11 3.528429491827332537e-10
1.514514436913863688e-11 3.532175149199863956e-10
1.519195041515342813e-11 3.535925149492249155e-10
1.523890111518340365e-11 3.539679499591692657e-10
1.528599691628145327e-11 3.543438206398825162e-10
1.533323826688246590e-11 3.547201276827782129e-10
1.538062561680683537e-11 3.550968717806157242e-10
1.542815941726525223e-11 3.554740536275080484e-10
1.547584012086287201e-11 3.558516739189234669e-10
1.552366818160362556e-11 3.562297333516869413e-10
1.557164405489454561e-11 3.566082326239882807e-10
1.561976819754997056e-11 3.569871724353760421e-10
1.566804106779640087e-11 3.573665534867692140e-10
1.571646312527611156e-11 3.577463764804549413e-10
1.576503483105201837e-11 3.581266421200929720e-10
1.581375664761195900e-11 3.585073511107169493e-10
1.586262903887309082e-11 3.588885041587426837e-10
1.591165247018629490e-11 3.592701019719618452e-10
1.596082740834050258e-11 3.596521452595527173e-10
1.601015432156763916e-11 3.600346347320819025e-10
1.605963367954630420e-11 3.604175711015043229e-10
1.610926595340677987e-11 3.608009550811679759e-10
1.615905161573537037e-11 3.611847873858164160e-10
1.620899114057890299e-11 3.615690687315905127e-10
1.625908500344911928e-11 3.619537998360342403e-10
1.630933368132772856e-11 3.623389814180972120e-10
1.635973765267014324e-11 3.627246141981341100e-10
1.641029739741058397e-11 3.631106988979139925e-10
1.646101339696650645e-11 3.634972362406129000e-10
1.651188613424318316e-11 3.638842269508311228e-10
1.656291609363830460e-11 3.642716717545806386e-10
1.661410376104645445e-11 3.646595713793023793e-10
1.666544962386428589e-11 3.650479265538588387e-10
1.671695417099434088e-11 3.654367380085435327e-10
1.676861789285024912e-11 3.658260064750789838e-10
1.682044128136125811e-11 3.662157326866247336e-10
1.687242482997692812e-11 3.666059173777753274e-10
1.692456903367182701e-11 3.669965612845685852e-10
1.697687438895009593e-11 3.673876651444806909e-10
1.702934139385073874e-11 3.677792296964436145e-10
1.708197054795153172e-11 3.681712556808314121e-10
1.713476235237433888e-11 3.685637438394748047e-10
1.718771730978973248e-11 3.689566949156565773e-10
1.724083592442179787e-11 3.693501096541236245e-10
1.729411870205291231e-11 3.697439888010812120e-10
1.734756615002843995e-11 3.701383331041995942e-10
1.740117877726211812e-11 3.705331433126214586e-10
1.745495709424005434e-11 3.709284201769569111e-10
1.750890161302615469e-11 3.713241644492931954e-10
1.756301284726686069e-11 3.717203768831912808e-10
1.761729131219603485e-11 3.721170582336970293e-10
1.767173752463986560e-11 3.725142092573400581e-10
1.772635200302165588e-11 3.729118307121333259e-10
1.778113526736732257e-11 3.733099233575838865e-10
1.783608783930949369e-11 3.737084879546909759e-10
1.789121024209303687e-11 3.741075252659518541e-10
1.794650300057991584e-11 3.745070360553594269e-10
1.800196664125417936e-11 3.749070210884136201e-10
1.805760169222682090e-11 3.753074811321179667e-10
1.811340868324140734e-11 3.757084169549893787e-10
1.816938814567823427e-11 3.761098293270518392e-10
1.822554061255997409e-11 3.765117190198507750e-10
1.828186661855660351e-11 3.769140868064451466e-10
1.833836669999049919e-11 3.773169334614202698e-10
1.839504139484153968e-11 3.777202597608855403e-10
1.845189124275207824e-11 3.781240664824780015e-10
1.850891678503268141e-11 3.785283544053692201e-10
1.856611856466639091e-11 3.789331243102648729e-10
1.862349712631448159e-11 3.793383769794077447e-10
1.868105301632150211e-11 3.797441131965853288e-10
1.873878678272048351e-11 3.801503337471287406e-10
1.879669897523814793e-11 3.805570394179177328e-10
1.885479014529999446e-11 3.809642309973809540e-10
1.891306084603616371e-11 3.813719092755076320e-10
1.897151163228578052e-11 3.817800750438426632e-10
1.903014306060285731e-11 3.821887290954926610e-10
1.908895568926143165e-11 3.825978722251279717e-10
1.914795007826088800e-11 3.830075052289899647e-10
1.920712678933128592e-11 3.834176289048891710e-10
1.926648638593855903e-11 3.838282440522112285e-10
1.932602943329049914e-11 3.842393514719256190e-10
1.938575649834120236e-11 3.846509519665769834e-10
1.944566814979708551e-11 3.850630463402992348e-10
1.950576495812216591e-11 3.854756353988123016e-10
1.956604749554346387e-11 3.858887199494294691e-10
1.962651633605647630e-11 3.863023008010607913e-10
1.968717205543046938e-11 3.867163787611694281e-10
1.974801523121460488e-11 3.871309546243911396e-10
1.980904644274247348e-11 3.875460291826202025e-10
1.987026627113826629e-11 3.879616032292692869e-10
1.993167529932212575e-11 3.883776775592644933e-10
1.999327411201571285e-11 3.887942529690595695e-10
2.005506329574761296e-11 3.892113302566305859e-10
2.011704343885956225e-11 3.896289102214836388e-10
2.017921513151107155e-11 3.900469936646534540e-10
2.024157896568570768e-11 3.904655813887140369e-10
2.030413553519656069e-11 3.908846741977744854e-10
2.036688543569189512e-11 3.913042728974838490e-10
2.042982926466083686e-11 3.917243782950399177e-10
2.049296762143887267e-11 3.921449911991853449e-10
2.055630110721423814e-11 3.925661124202138509e-10
2.061983032503264171e-11 3.929877427699747725e-10
2.068355587980366886e-11 3.934098830618750796e-10
2.074747837830637847e-11 3.938325341108794779e-10
2.081159842919508020e-11 3.942556967335198186e-10
2.087591664300512472e-11 3.946793717478935992e-10
2.094043363215855505e-11 3.951035599736705805e-10
2.100515001097061416e-11 3.955282622320929421e-10
2.107006639565457230e-11 3.959534793459814860e-10
2.113518340432827987e-11 3.963792121397376529e-10
2.120050165701987042e-11 3.968054614393423851e-10
2.126602177567368662e-11 3.972322280723709636e-10
2.133174438415618038e-11 3.976595128679835477e-10
2.139767010826168700e-11 3.980873166569342218e-10
2.146379957571909101e-11 3.985156402715812838e-10
2.153013341619673762e-11 3.989444845458751475e-10
2.159667226130914062e-11 3.993738503153759718e-10
2.166341674462281785e-11 3.998037384172453891e-10
2.173036750166232385e-11 4.002341496902615494e-10
2.179752516991629534e-11 4.006650849748152947e-10
2.186489038884335461e-11 4.010965451129107794e-10
2.193246379987890791e-11 4.015285309481799978e-10
2.200024604644016990e-11 4.019610433258751840e-10
2.206823777393302345e-11 4.023940830928748609e-10
2.213643962975797471e-11 4.028276510976930428e-10
2.220485226331632138e-11 4.032617481904740650e-10
2.227347632601614334e-11 4.036963752230031825e-10
2.234231247127925937e-11 4.041315330487072937e-10
2.241136135454632915e-11 4.045672225226568012e-10
2.248062363328383262e-11 4.050034445015705754e-10
2.255009996699015426e-11 4.054401998438208656e-10
2.261979101720185158e-11 4.058774894094339722e-10
2.268969744749996886e-11 4.063153140600952095e-10
2.275981992351615370e-11 4.067536746591536107e-10
2.283015911293974305e-11 4.071925720716243574e-10
2.290071568552301705e-11 4.076320071641891419e-10
2.297149031308830119e-11 4.080719808052069200e-10
2.304248366953419274e-11 4.085124938647105510e-10
2.311369643084196823e-11 4.089535472144112953e-10
2.318512927508202959e-11 4.093951417277100332e-10
2.325678288242015646e-11 4.098372782796861495e-10
2.332865793512475380e-11 4.102799577471184199e-10
2.340075511757220260e-11 4.107231810084757568e-10
2.347307511625414627e-11 4.111669489439249643e-10
2.354561861978382370e-11 4.116112624353345120e-10
2.361838631890262531e-11 4.120561223662808426e-10
2.369137890648669113e-11 4.125015296220433566e-10
2.376459707755329235e-11 4.129474850896197673e-10
2.383804152926822747e-11 4.133939896577223266e-10
2.391171296095131210e-11 4.138410442167799963e-10
2.398561207408379448e-11 4.142886496589480642e-10
2.405973957231485661e-11 4.147368068781088161e-10
2.413409616146830275e-11 4.151855167698721045e-10
2.420868254954908646e-11 4.156347802315852748e-10
2.428349944675084885e-11 4.160845981623334238e-10
2.435854756546147951e-11 4.165349714629435872e-10
2.443382762027070970e-11 4.169859010359836539e-10
2.450934032797670721e-11 4.174373877857779277e-10
2.458508640759289738e-11 4.178894326183978212e-10
2.466106658035481962e-11 4.183420364416741081e-10
2.473728156972679012e-11 4.187952001651949595e-10
2.481373210140959526e-11 4.192489247003170067e-10
2.489041890334618817e-11 4.197032109601617743e-10
2.496734270572944355e-11 4.201580598596236416e-10
2.504450424100887854e-11 4.206134723153695327e-10
2.512190424389765784e-11 4.210694492458498766e-10
2.519954345137956667e-11 4.215259915712934887e-10
2.527742260271584138e-11 4.219831002137174455e-10
2.535554243945301807e-11 4.224407760969336506e-10
2.543390370542875507e-11 4.228990201465410276e-10
2.551250714677975909e-11 4.233578332899425811e-10
2.559135351194866434e-11 4.238172164563386759e-10
2.567044355169116374e-11 4.242771705767401683e-10
2.574977801908316278e-11 4.247376965839629777e-10
2.582935766952773616e-11 4.251987954126380647e-10
2.590918326076316703e-11 4.256604679992168075e-10
2.598925555286888261e-11 4.261227152819674349e-10
2.606957530827356125e-11 4.265855382009877959e-10
2.615014329176215692e-11 4.270489376982017404e-10
2.623096027048318561e-11 4.275129147173662543e-10
2.631202701395604711e-11 4.279774702040735269e-10
2.639334429407811419e-11 4.284426051057613426e-10
2.647491288513295601e-11 4.289083203717104441e-10
2.655673356379642558e-11 4.293746169530475311e-10
2.663880710914489608e-11 4.298414958027563755e-10
2.672113430266247600e-11 4.303089578756728066e-10
2.680371592824845710e-11 4.307770041284947923e-10
2.688655277222454567e-11 4.312456355197879192e-10
2.696964562334323134e-11 4.317148530099818773e-10
2.705299527279399093e-11 4.321846575613833843e-10
2.713660251421167977e-11 4.326550501381712227e-10
2.722046814368388913e-11 4.331260317064078206e-10
2.730459295975851360e-11 4.335976032340402852e-10
2.738897776345136050e-11 4.340697656909013337e-10
2.747362335825355255e-11 4.345425200487193743e-10
2.755853055014007102e-11 4.350158672811197992e-10
2.764370014757608567e-11 4.354898083636271553e-10
2.772913296152555933e-11 4.359643442736710381e-10
2.781482980545873452e-11 4.364394759905915721e-10
2.790079149535987215e-11 4.369152044956404959e-10
2.798701884973504833e-11 4.373915307719881938e-10
2.807351268961968943e-11 4.378684558047234885e-10
2.816027383858732540e-11 4.383459805808668246e-10
2.824730312275604236e-11 4.388241060893604977e-10
2.833460137079728437e-11 4.393028333210867483e-10
2.842216941394349511e-11 4.397821632688610933e-10
2.851000808599604076e-11 4.402620969274443718e-10
2.859811822333315544e-11 4.407426352935450193e-10
2.868650066491765402e-11 4.412237793658144153e-10
2.877515625230588248e-11 4.417055301448677179e-10
2.886408582965429657e-11 4.421878886332743510e-10
2.895329024372846387e-11 4.426708558355669482e-10
2.904277034391087355e-11 4.431544327582467814e-10
2.913252698220903043e-11 4.436386204097836572e-10
2.922256101326355881e-11 4.441234198006295654e-10
2.931287329435613493e-11 4.446088319432053408e-10
2.940346468541854729e-11 4.450948578519320443e-10
2.949433604903951432e-11 4.455814985432050619e-10
2.958548825047379636e-11 4.460687550354190233e-10
2.967692215765024771e-11 4.465566283489641316e-10
2.976863864118003677e-11 4.470451195062337110e-10
2.986063857436471748e-11 4.475342295316253961e-10
2.995292283320550928e-11 4.480239594515483696e-10
3.004549229641018595e-11 4.485143102944265161e-10
3.013834784540240725e-11 4.490052830906975947e-10
3.023149036432987444e-11 4.494968788728307132e-10
3.032492074007273771e-11 4.499890986753176430e-10
3.041863986225205548e-11 4.504819435346790226e-10
3.051264862323801448e-11 4.509754144894797641e-10
3.060694791815940351e-11 4.514695125803207811e-10
3.070153864491067040e-11 4.519642388498465371e-10
3.079642170416145390e-11 4.524595943427574529e-10
3.089159799936489434e-11 4.529555801058001356e-10
3.098706843676627369e-11 4.534521971877842844e-10
3.108283392541161706e-11 4.539494466395826382e-10
3.117889537715608717e-11 4.544473295141321139e-10
3.127525370667371677e-11 4.549458468664511764e-10
3.137190983146456235e-11 4.554449997543046855e-10
3.146886467186446883e-11 4.559447892391058843e-10
3.156611915105358688e-11 4.564452163845742990e-10
3.166367419506513591e-11 4.569462822565349406e-10
3.176153073279425744e-11 4.574479879229148412e-10
3.185968969600656482e-11 4.579503344537509637e-10
3.195815201934809525e-11 4.584533229211980086e-10
3.205691864035260576e-11 4.589569543995247432e-10
3.215599049945157044e-11 4.594612299651302351e-10
3.225536853998285943e-11 4.599661506965353218e-10
3.235505370819974091e-11 4.604717176743969832e-10
3.245504695327985734e-11 4.609779319815081860e-10
3.255534922733403365e-11 4.614847947028057943e-10
3.265596148541638432e-11 4.619923069253751186e-10
3.275688468553180971e-11 4.625004697384482616e-10
3.285811978864621305e-11 4.630092842334184388e-10
3.295966775869532802e-11 4.635187515038349117e-10
3.306152956259396632e-11 4.640288726454176193e-10
3.316370617024489053e-11 4.645396487560519038e-10
3.326619855454916675e-11 4.650510809358049002e-10
3.336900769141379667e-11 4.655631702869170568e-10
3.347213455976210253e-11 4.660759179138168181e-10
3.357558014154275505e-11 4.665893249231235199e-10
3.367934542173914382e-11 4.671033924236443389e-10
3.378343138837873477e-11 4.676181215263935767e-10
3.388783903254223380e-11 4.681335133445828367e-10
3.399256934837408810e-11 4.686495689936371540e-10
3.409762333309034435e-11 4.691662895911918940e-10
3.420300198698920174e-11 4.696836762571005068e-10
3.430870631346027896e-11 4.702017301134432126e-10
3.441473731899417206e-11 4.707204522845247272e-10
3.452109601319204454e-11 4.712398438968842915e-10
3.462778340877492666e-11 4.717599060792957746e-10
3.473480052159453991e-11 4.722806399627821499e-10
3.484214837064120690e-11 4.728020466806090840e-10
3.494982797805475979e-11 4.733241273682933123e-10
3.505784036913393014e-11 4.738468831636154602e-10
3.516618657234613930e-11 4.743703152066117712e-10
3.527486761933727598e-11 4.748944246395912707e-10
3.538388454494126052e-11 4.754192126071298728e-10
3.549323838719101796e-11 4.759446802560860965e-10
3.560293018732665290e-11 4.764708287355972400e-10
3.571296098980649367e-11 4.769976591970899270e-10
3.582333184231678584e-11 4.775251727942810378e-10
3.593404379578164424e-11 4.780533706831884623e-10
3.604509790437275941e-11 4.785822540221257233e-10
3.615649522552062916e-11 4.791118239717238970e-10
3.626823681992284330e-11 4.796420816949182745e-10
3.638032375155538628e-11 4.801730283569650090e-10
3.649275708768245354e-11 4.807046651254414258e-10
3.660553789886661670e-11 4.812369931702542942e-10
3.671866725897900831e-11 4.817700136636434465e-10
3.683214624520928673e-11 4.823037277801833289e-10
3.694597593807703576e-11 4.828381366967984076e-10
3.706015742144030135e-11 4.833732415927564481e-10
3.717469178250707524e-11 4.839090436496789584e-10
3.728958011184537620e-11 4.844455440515475996e-10
3.740482350339361565e-11 4.849827439847082183e-10
3.752042305447102786e-11 4.855206446378739487e-10
3.763637986578779004e-11 4.860592472021323469e-10
3.775269504145675792e-11 4.865985528709539729e-10
3.786936968900211238e-11 4.871385628401927010e-10
3.798640491937115972e-11 4.876792783080906825e-10
3.810380184694456801e-11 4.882207004752852737e-10
3.822156158954701056e-11 4.887628305448164805e-10
3.833968526845779005e-11 4.893056697221301633e-10
3.845817400842120410e-11 4.898492192150818632e-10
3.857702893765852651e-11 4.903934802339469350e-10
3.869625118787684772e-11 4.909384539914176514e-10
3.881584189428110126e-11 4.914841417026189202e-10
3.893580219558457796e-11 4.920305445851045617e-10
3.905613323401976981e-11 4.925776638588682686e-10
3.917683615534922667e-11 4.931255007463454674e-10
3.929791210887614811e-11 4.936740564724221074e-10
3.941936224745662949e-11 4.942233322644383825e-10
3.954118772750869639e-11 4.947733293521924540e-10
3.966338970902460886e-11 4.953240489679493424e-10
3.978596935558156959e-11 4.958754923464446501e-10
3.990892783435283266e-11 4.964276607248900411e-10
4.003226631611845688e-11 4.969805553429732411e-10
4.015598597527778458e-11 4.975341774428798548e-10
4.028008798985865051e-11 4.980885282692790962e-10
4.040457354152991225e-11 4.986436090693415740e-10
4.052944381561238459e-11 4.991994210927419789e-10
4.065470000109008393e-11 4.997559655916617729e-10
4.078034329062162147e-11 5.003132438207995282e-10
4.090637488055114396e-11 5.008712570373699974e-10
4.103279597092113555e-11 5.014300065011230345e-10
4.115960776548177534e-11 5.019894934743293268e-10
4.128681147170379097e-11 5.025497192218035554e-10
4.141440830078958031e-11 5.031106850108999491e-10
4.154239946768476613e-11 5.036723921115207635e-10
4.167078619108975728e-11 5.042348417961262066e-10
4.179956969347101900e-11 5.047980353397322678e-10
4.192875120107406224e-11 5.053619740199226087e-10
4.205833194393309195e-11 5.059266591168499066e-10
4.218831315588406749e-11 5.064920919132473326e-10
4.231869607457611514e-11 5.070582736944253456e-10
4.244948194148332185e-11 5.076252057482861682e-10
4.258067200191654203e-11 5.081928893653281292e-10
4.271226750503490691e-11 5.087613258386420451e-10
4.284426970385914348e-11 5.093305164639353112e-10
4.297667985528135849e-11 5.099004625395157720e-10
4.310949922007844781e-11 5.104711653663159161e-10
4.324272906292374157e-11 5.110426262478895675e-10
4.337637065239903063e-11 5.116148464904158144e-10
4.351042526100665113e-11 5.121878274027140025e-10
4.364489416518126538e-11 5.127615702962386679e-10
4.377977864530341985e-11 5.133360764850982523e-10
4.391507998570958767e-11 5.139113472860482788e-10
4.405079947470586880e-11 5.144873840185007611e-10
4.418693840457984845e-11 5.150641880045394028e-10
4.432349807161292724e-11 5.156417605689108086e-10
4.446047977609230883e-11 5.162201030390397875e-10
4.459788482232481647e-11 5.167992167450387615e-10
4.473571451864713578e-11 5.173791030197011483e-10
4.487397017743974113e-11 5.179597631985199732e-10
4.501265311513900608e-11 5.185411986196850768e-10
4.515176465224975326e-11 5.191234106240903534e-10
4.529130611335782363e-11 5.197064005553497770e-10
4.543127882714230972e-11 5.202901697597863383e-10
4.557168412638971463e-11 5.208747195864587213e-10
4.571252334800438870e-11 5.214600513871467237e-10
4.585379783302275319e-11 5.220461665163691450e-10
4.599550892662572086e-11 5.226330663313908178e-10
4.613765797815145268e-11 5.232207521922221937e-10
4.628024634110826960e-11 5.238092254616287528e-10
4.642327537318709902e-11 5.243984875051390688e-10
4.656674643627596983e-11 5.249885396910493580e-10
4.671066089647067531e-11 5.255793833906460950e-10
4.685502012408930694e-11 5.261710199836157732e-10
4.699982549368492062e-11 5.267634508584762800e-10
4.714507838405863579e-11 5.273566774068886857e-10
4.729078017827274763e-11 5.279507010233627671e-10
4.743693226366350304e-11 5.285455231052716902e-10
4.758353603185589945e-11 5.291411450528556291e-10
4.773059287877456744e-11 5.297375682692276594e-10
4.787810420465863408e-11 5.303347941603767569e-10
4.802607141407465417e-11 5.309328241351858922e-10
4.817449591593000662e-11 5.315316596054209673e-10
4.832337912348629737e-11 5.321313019857531490e-10
4.847272245437240046e-11 5.327317526937592831e-10
4.862252733059957986e-11 5.333330131499306826e-10
4.877279517857262415e-11 5.339350847776720943e-10
4.892352742910501362e-11 5.345379690033159671e-10
4.907472551743217455e-11 5.351416672561307243e-10
4.922639088322510832e-11 5.357461809683221076e-10
4.937852497060371675e-11 5.363515115750340039e-10
4.953112922815217606e-11 5.369576605143777075e-10
4.968420510893027824e-11 5.375646292274106196e-10
4.983775407048892135e-11 5.381724191581617881e-10
4.999177757488353826e-11 5.387810317536324237e-10
5.014627708868806178e-11 5.393904684638037593e-10
5.030125408300885749e-11 5.400007307416390133e-10
5.045671003349833345e-11 5.406118200430982798e-10
5.061264642037063723e-11 5.412237378271434913e-10
5.076906472841328170e-11 5.418364855557372814e-10
5.092596644700291958e-11 5.424500646938598384e-10
5.108335307011912122e-11 5.430644767095115940e-10
5.124122609635861112e-11 5.436797230737183929e-10
5.139958702894950450e-11 5.442958052605421428e-10
5.155843737576522716e-11 5.449127247470839166e-10
5.171777864934055511e-11 5.455304830134947051e-10
5.187761236688349226e-11 5.461490815429787266e-10
5.203794005029136824e-11 5.467685218218057304e-10
5.219876322616495854e-11 5.473888053393090328e-10
5.236008342582298608e-11 5.480099335879015434e-10
5.252190218531670670e-11 5.486319080630791773e-10
5.268422104544412633e-11 5.492547302634261287e-10
5.284704155176636367e-11 5.498784016906235558e-10
5.301036525461979939e-11 5.505029238494627124e-10
5.317419370913255515e-11 5.511282982478363661e-10
5.333852847523889166e-11 5.517545263967638206e-10
5.350337111769402689e-11 5.523816098103855387e-10
5.366872320608905115e-11 5.530095500059751364e-10
5.383458631486544799e-11 5.536383485039479654e-10
5.400096202333181229e-11 5.542680068278662823e-10
5.416785191567629030e-11 5.548985265044449362e-10
5.433525758098337528e-11 5.555299090635641892e-10
5.450318061324864809e-11 5.561621560382649608e-10
5.467162261139391204e-11 5.567952689647765380e-10
5.484058517928199810e-11 5.574292493824952757e-10
5.501006992573380618e-11 5.580640988340241979e-10
5.518007846454097123e-11 5.586998188651563504e-10
5.535061241448297563e-11 5.593364110248900006e-10
5.552167339934214179e-11 5.599738768654381499e-10
5.569326304791910304e-11 5.606122179422319461e-10
5.586538299404828092e-11 5.612514358139317465e-10
5.603803487661301357e-11 5.618915320424287724e-10
5.621122033956297175e-11 5.625325081928666160e-10
5.638494103192708353e-11 5.631743658336267647e-10
5.655919860783104726e-11 5.638171065363536231e-10
5.673399472651264088e-11 5.644607318759544097e-10
5.690933105233752235e-11 5.651052434306125987e-10
5.708520925481504302e-11 5.657506427817875063e-10
5.726163100861373141e-11 5.663969315142233896e-10
5.743859799357907117e-11 5.670441112159678516e-10
5.761611189474668421e-11 5.676921834783624319e-10
5.779417440236028962e-11 5.683411498960632862e-10
5.797278721188728435e-11 5.689910120670437711e-10
5.815195202403489911e-11 5.696417715926007517e-10
5.833167054476641887e-11 5.702934300773661818e-10
5.851194448531691865e-11 5.709459891293086552e-10
5.869277556221146150e-11 5.715994503597530508e-10
5.887416549727860484e-11 5.722538153833724679e-10
5.905611601766871471e-11 5.729090858182078717e-10
5.923862885586987611e-11 5.735652632856698510e-10
5.942170574972444952e-11 5.742223494105522667e-10
5.960534844244511044e-11 5.748803458210283227e-10
5.978955868263335758e-11 5.755392541486762086e-10
5.997433822429331642e-11 5.761990760284712411e-10
6.015968882685033783e-11 5.768598130987989960e-10
6.034561225516727033e-11 5.775214670014661647e-10
6.053211027956126212e-11 5.781840393817057240e-10
6.071918467582062784e-11 5.788475318881810723e-10
6.090683722522126296e-11 5.795119461730021590e-10
6.109506971454557841e-11 5.801772838917313791e-10
6.128388393609654979e-11 5.808435467033853301e-10
6.147328168771672953e-11 5.815107362704470133e-10
6.166326477280495857e-11 5.821788542588737955e-10
6.185383500033342694e-11 5.828479023381096097e-10
6.204499418486495411e-11 5.835178821810849551e-10
6.223674414656979105e-11 5.841887954642265133e-10
6.242908671124491682e-11 5.848606438674763800e-10
6.262202371032841087e-11 5.855334290742849307e-10
6.281555698091893050e-11 5.862071527716257101e-10
6.300968836579268102e-11 5.868818166500034965e-10
6.320441971342094165e-11 5.875574224034665037e-10
6.339975287798772061e-11 5.882339717296043120e-10
6.359568971940684163e-11 5.889114663295664806e-10
6.379223210334175746e-11 5.895899079080666830e-10
6.398938190122018067e-11 5.902692981733909791e-10
6.418714099025400055e-11 5.909496388374039153e-10
6.438551125345662812e-11 5.916309316155611395e-10
6.458449457966089679e-11 5.923131782269136400e-10
6.478409286353711819e-11 5.929963803941179820e-10
6.498430800561051755e-11 5.936805398434469574e-10
6.518514191228148675e-11 5.943656583047957891e-10
6.538659649584056398e-11 5.950517375116908159e-10
6.558867367448873853e-11 5.957387792012953863e-10
6.579137537235522213e-11 5.964267851144208190e-10
6.599470351951568582e-11 5.971157569955369487e-10
6.619866005201023811e-11 5.978056965927761595e-10
6.640324691186385897e-11 5.984966056727774504e-10
6.660846604710179315e-11 5.991884861056746942e-10
6.681431941177015211e-11 5.998813398069717934e-10
6.702080896595406033e-11 6.005751686967160429e-10
6.722793667579625393e-11 6.012699746993897701e-10
6.743570451351582151e-11 6.019657597439246038e-10
6.764411445742649255e-11 6.026625257636967171e-10
6.785316849195757544e-11 6.033602746965647752e-10
6.806286860766962223e-11 6.040590084848524607e-10
6.827321680127554758e-11 6.047587290753777354e-10
6.848421507565911104e-11 6.054594384194615253e-10
6.869586543989400688e-11 6.061611384729350625e-10
6.890816990926291506e-11 6.068638311961535328e-10
6.912113050527622911e-11 6.075675185540050721e-10
6.933474925569349825e-11 6.082722025159335133e-10
6.954902819453932471e-11 6.089778850559299082e-10
6.976396936212509017e-11 6.096845681525599273e-10
6.997957480506772243e-11 6.103922537889747169e-10
7.019584657630919877e-11 6.111009439529101753e-10
7.041278673513613979e-11 6.118106406367151803e-10
7.063039734719880870e-11 6.125213458373492110e-10
7.084868048453308334e-11 6.132330615564039579e-10
7.106763822557671541e-11 6.139457898001088030e-10
7.128727265519147049e-11 6.146595325793430207e-10
7.150758586468236002e-11 6.153742919096557337e-10
7.172857995181758406e-11 6.160900698112652922e-10
7.195025702084847413e-11 6.168068683090816084e-10
7.217261918252898362e-11 6.175246894327094645e-10
7.239566855413808633e-11 6.182435352164693996e-10
7.261940725949644932e-11 6.189634076994030860e-10
7.284383742898898648e-11 6.196843089252872881e-10
7.306896119958459455e-11 6.204062409426486483e-10
7.329478071485641909e-11 6.211292058047709244e-10
7.352129812500175845e-11 6.218532055697049163e-10
7.374851558686486297e-11 6.225782423002966932e-10
7.397643526395393095e-11 6.233043180641791152e-10
7.420505932646406291e-11 6.240314349337957180e-10
7.443438995129734659e-11 6.247595949864128104e-10
7.466442932208357519e-11 6.254888003041249547e-10
7.489517962920106912e-11 6.262190529738787474e-10
7.512664306979689018e-11 6.269503550874672366e-10
7.535882184781019649e-11 6.276827087415668345e-10
7.559171817398960039e-11 6.284161160377298727e-10
7.582533426591662673e-11 6.291505790824011459e-10
7.605967234802626317e-11 6.298860999869376611e-10
7.629473465162806617e-11 6.306226808676143239e-10
7.653052341492748680e-11 6.313603238456387250e-10
7.676704088304651141e-11 6.320990310471611693e-10
7.700428930804753359e-11 6.328388046032973201e-10
7.724227094895108687e-11 6.335796466501285094e-10
7.748098807175980704e-11 6.343215593287198323e-10
7.772044294947944779e-11 6.350645447851304869e-10
7.796063786214042612e-11 6.358086051704353845e-10
7.820157509681965218e-11 6.365537426407245286e-10
7.844325694766155776e-11 6.372999593571228682e-10
7.868568571590254977e-11 6.380472574858122173e-10
7.892886370988910488e-11 6.387956391980261888e-10
7.917279324510227470e-11 6.395451066700741825e-10
7.941747664417907618e-11 6.402956620833527592e-10
7.966291623693467036e-11 6.410473076243580479e-10
7.990911436038448949e-11 6.418000454847017729e-10
8.015607335876583417e-11 6.425538778611171471e-10
8.040379558356288266e-11 6.433088069554815165e-10
8.065228339352504390e-11 6.440648349748223568e-10
8.090153915469214783e-11 6.448219641313356782e-10
8.115156524041623635e-11 6.455801966423918162e-10
8.140236403138420743e-11 6.463395347305562139e-10
8.165393791563977417e-11 6.470999806236026571e-10
8.190628928860895228e-11 6.478615365545218565e-10
8.215942055311873629e-11 6.486242047615376807e-10
8.241333411942280676e-11 6.493879874881225629e-10
8.266803240522365735e-11 6.501528869830042216e-10
8.292351783569573008e-11 6.509189055001889246e-10
8.317979284350847291e-11 6.516860452989650052e-10
8.343685986884876416e-11 6.524543086439267468e-10
8.369472135944695574e-11 6.532236978049828612e-10
8.395337977059607925e-11 6.539942150573654845e-10
8.421283756517788925e-11 6.547658626816516839e-10
8.447309721368568829e-11 6.555386429637786567e-10
8.473416119424782397e-11 6.563125581950445580e-10
8.499603199265134119e-11 6.570876106721378652e-10
8.525871210236483296e-11 6.578638026971403767e-10
8.552220402456511701e-11 6.586411365775547158e-10
8.578651026815676500e-11 6.594196146263000910e-10
8.605163334979880493e-11 6.601992391617352508e-10
8.631757579392803733e-11 6.609800125076776116e-10
8.658434013278297174e-11 6.617619369934105997e-10
8.685192890642804765e-11 6.625450149536993669e-10
8.712034466277702816e-11 6.633292487288061976e-10
8.738958995762014189e-11 6.641146406645081889e-10
8.765966735464418082e-11 6.649011931120988023e-10
8.793057942545965514e-11 6.656889084284200200e-10
8.820232874962470389e-11 6.664777889758582090e-10
8.847491791466950978e-11 6.672678371223778288e-10
8.874834951612036487e-11 6.680590552415188464e-10
8.902262615752714859e-11 6.688514457124235163e-10
8.929775045048387794e-11 6.696450109198433081e-10
8.957372501465637928e-11 6.704397532541566910e-10
8.985055247780658675e-11 6.712356751113829888e-10
9.012823547581751283e-11 6.720327788932002682e-10
9.040677665271836096e-11 6.728310670069520590e-10
9.068617866070895329e-11 6.736305418145605765e-10
9.096644416018799692e-11 6.744312053276163671e-10
9.124757581977386687e-11 6.752330594101877950e-10
9.152957631633311793e-11 6.760361059288603349e-10
9.181244833500508037e-11 6.768403467532940921e-10
9.209619456922756715e-11 6.776457837562188389e-10
9.238081772076241315e-11 6.784524188134467329e-10
9.266632049972049735e-11 6.792602538038675604e-10
9.295270562459059079e-11 6.800692906094753099e-10
9.323997582226064349e-11 6.808795311153497671e-10
9.352813382804682631e-11 6.816909772096680957e-10
9.381718238571878577e-11 6.825036307837200362e-10
9.410712424752579072e-11 6.833174937319010826e-10
9.439796217422295653e-11 6.841325679517243724e-10
9.468969893509668095e-11 6.849488553438189290e-10
9.498233730799420283e-11 6.857663578119493074e-10
9.527588007934536735e-11 6.865850772630037035e-10
9.557033004419223647e-11 6.874050156070038798e-10
9.586569000621495128e-11 6.882261747571226405e-10
9.616196277775840856e-11 6.890485566296670799e-10
9.645915117985909245e-11 6.898721631441080519e-10
9.675725804227106601e-11 6.906969962230609372e-10
9.705628620349612455e-11 6.915230577923155256e-10
9.735623851080607781e-11 6.923503497808213333e-10
9.765711782027303252e-11 6.931788741207004246e-10
9.795892699679577169e-11 6.940086327472548560e-10
9.826166891412701283e-11 6.948396275989671936e-10
9.856534645490005864e-11 6.956718606175106460e-10
9.886996251065933810e-11 6.965053337477543372e-10
9.917551998188321853e-11 6.973400489377558626e-10
9.948202177801477934e-11 6.981760081387894126e-10
9.978947081748874703e-11 6.990132133053285055e-10
1.000978700277592575e-10 6.998516663950657363e-10
1.004072223453277088e-10 7.006913693689140176e-10
1.007175307157699804e-10 7.015323241910057523e-10
1.010287980937676852e-10 7.023745328287143403e-10
1.013410274431314211e-10 7.032179972526409436e-10
1.016542217368322427e-10 7.040627194366280317e-10
1.019683839570292035e-10 7.049087013577642407e-10
1.022835170950976615e-10 7.057559449963952304e-10
1.025996241516578680e-10 7.066044523361160331e-10
1.029167081366026271e-10 7.074542253637916292e-10
1.032347720691293097e-10 7.083052660695500200e-10
1.035538189777636352e-10 7.091575764467946350e-10
1.038738519003917762e-10 7.100111584922052629e-10
1.041948738842885089e-10 7.108660142057479776e-10
1.045168879861462157e-10 7.117221455906784468e-10
1.048398972721039531e-10 7.125795546535418286e-10
1.051639048177758470e-10 7.134382434041914868e-10
1.054889137082837667e-10 7.142982138557811324e-10
1.058149270382815585e-10 7.151594680247806432e-10
1.061419479119879777e-10 7.160220079309691368e-10
1.064699794432153430e-10 7.168858355974525477e-10
1.067990247553992241e-10 7.177509530506643510e-10
1.071290869816281172e-10 7.186173623203686650e-10
1.074601692646725124e-10 7.194850654396702797e-10
1.077922747570182266e-10 7.203540644450157954e-10
1.081254066208911672e-10 7.212243613762061326e-10
1.084595680282910267e-10 7.220959582763895020e-10
1.087947621610205314e-10 7.229688571920822902e-10
1.091309922107157756e-10 7.238430601731594437e-10
1.094682613788756771e-10 7.247185692728749421e-10
1.098065728768960982e-10 7.255953865478547666e-10
1.101459299260950233e-10 7.264735140581078603e-10
1.104863357577467959e-10 7.273529538670360545e-10
1.108277936131120142e-10 7.282337080414304495e-10
1.111703067434684074e-10 7.291157786514835123e-10
1.115138784101417393e-10 7.299991677707880428e-10
1.118585118845360128e-10 7.308838774763549579e-10
1.122042104481682247e-10 7.317699098486062603e-10
1.125509773926941506e-10 7.326572669713909623e-10
1.128988160199433576e-10 7.335459509319778475e-10
1.132477296419496807e-10 7.344359638210738757e-10
1.135977215809828371e-10 7.353273077328221151e-10
1.139487951695799489e-10 7.362199847648154939e-10
1.143009537505764723e-10 7.371139970180890457e-10
1.146542006771416371e-10 7.380093465971440009e-10
1.150085393128048776e-10 7.389060356099298994e-10
1.153639730314915306e-10 7.398040661678740583e-10
1.157205052175540228e-10 7.407034403858712325e-10
1.160781392658041564e-10 7.416041603823000549e-10
1.164368785815453567e-10 7.425062282790154883e-10
1.167967265806042081e-10 7.434096462013652656e-10
1.171576866893667724e-10 7.443144162781979550e-10
1.175197623448054336e-10 7.452205406418610985e-10
1.178829569945155392e-10 7.461280214282067955e-10
1.182472740967472209e-10 7.470368607766002852e-10
1.186127171204383011e-10 7.479470608299279075e-10
1.189792895452473798e-10 7.488586237346011361e-10
1.193469948615859397e-10 7.497715516405585428e-10
1.197158365706554917e-10 7.506858467012782052e-10
1.200858181844751305e-10 7.516015113171118057e-10
1.204569432259187833e-10 7.525185489963570050e-10
1.208292152287477547e-10 7.534369635699258615e-10
1.212026377376445629e-10 7.543567588804450688e-10
1.215772143082454328e-10 7.552779387822575066e-10
1.219529485071783723e-10 7.562005071414801435e-10
1.223298439120909858e-10 7.571244678360141700e-10
1.227079041116886281e-10 7.580498247556003160e-10
1.230871327057675176e-10 7.589765818018501803e-10
1.234675333052490642e-10 7.599047428882838675e-10
1.238491095322141972e-10 7.608343119403670042e-10
1.242318650199368923e-10 7.617652928955424822e-10
1.246158034129227900e-10 7.626976897032845350e-10
1.250009283669378374e-10 7.636315063251198314e-10
1.253872435490470617e-10 7.645667467346685243e-10
1.257747526376486660e-10 7.655034149176871603e-10
1.261634593225088483e-10 7.664415148721042488e-10
1.265533673047970599e-10 7.673810506080557273e-10
1.269444802971201785e-10 7.683220261479319040e-10
1.273368020235619800e-10 7.692644455264047543e-10
1.277303362197124263e-10 7.702083127904775523e-10
1.281250866327072919e-10 7.711536319995133048e-10
1.285210570212629833e-10 7.721004072252811766e-10
1.289182511557120821e-10 7.730486425519937140e-10
1.293166728180394821e-10 7.739983420763486174e-10
1.297163258019171826e-10 7.749495099075516951e-10
1.301172139127447171e-10 7.759021501673923442e-10
1.305193409676790094e-10 7.768562669902447908e-10
1.309227107956749824e-10 7.778118645231329207e-10
1.313273272375208952e-10 7.787689469257564387e-10
1.317331941458749965e-10 7.797275183705398792e-10
1.321403153853010941e-10 7.806875830426641423e-10
1.325486948323096552e-10 7.816491451401296700e-10
1.329583363753882052e-10 7.826122088737610988e-10
1.333692439150428161e-10 7.835767784672759159e-10
1.337814213638339855e-10 7.845428581573200279e-10
1.341948726464139887e-10 7.855104521934975392e-10
1.346096016995642572e-10 7.864795648384323771e-10
1.350256124722317489e-10 7.874502003677867998e-10
1.354429089255708753e-10 7.884223630703234353e-10
1.358614950329747540e-10 7.893960572479352663e-10
1.362813747801173170e-10 7.903712872156909183e-10
1.367025521649902755e-10 7.913480573018742613e-10
1.371250311979410926e-10 7.923263718480320760e-10
1.375488159017111629e-10 7.933062352090139646e-10
1.379739103114731129e-10 7.942876517530122633e-10
1.384003184748735824e-10 7.952706258616162218e-10
1.388280444520651218e-10 7.962551619298384734e-10
1.392570923157492838e-10 7.972412643661663203e-10
1.396874661512142597e-10 7.982289375926109506e-10
1.401191700563738602e-10 7.992181860447371138e-10
1.405522081418065227e-10 8.002090141717266062e-10
1.409865845307932057e-10 8.012014264363992614e-10
1.414223033593613593e-10 8.021954273152804685e-10
1.418593687763173401e-10 8.031910212986248501e-10
1.422977849432905361e-10 8.041882128904697191e-10
1.427375560347718820e-10 8.051870066086824345e-10
1.431786862381535130e-10 8.061874069850054831e-10
1.436211797537687528e-10 8.071894185650952532e-10
1.440650407949308109e-10 8.081930459085593615e-10
1.445102735879777344e-10 8.091982935890386469e-10
1.449568823723054692e-10 8.102051661942071711e-10
1.454048714004129935e-10 8.112136683258437692e-10
1.458542449379416861e-10 8.122238045998694799e-10
1.463050072637158324e-10 8.132355796463989341e-10
1.467571626697821998e-10 8.142489981097841954e-10
1.472107154614557657e-10 8.152640646486642873e-10
1.476656699573534502e-10 8.162807839359997286e-10
1.481220304894400772e-10 8.172991606591401547e-10
1.485798014030683884e-10 8.183191995198477896e-10
1.490389870570204030e-10 8.193409052343653772e-10
1.494995918235489832e-10 8.203642825334486491e-10
1.499616200884182110e-10 8.213893361624202975e-10
1.504250762509500207e-10 8.224160708812288085e-10
1.508899647240587590e-10 8.234444914644676944e-10
1.513562899342981541e-10 8.244746027014558330e-10
1.518240563219021314e-10 8.255064093962591818e-10
1.522932683408272064e-10 8.265399163677601573e-10
1.527639304587948007e-10 8.275751284496917563e-10
1.532360471573325748e-10 8.286120504906949417e-10
1.537096229318221200e-10 8.296506873543683765e-10
1.541846622915342434e-10 8.306910439193085422e-10
1.546611697596768666e-10 8.317331250428435558e-10
1.551391498734368755e-10 8.327769344857966013e-10
1.556186071840233928e-10 8.338224747270159059e-10
1.560995462567109719e-10 8.348697481758069688e-10
1.565819716708819125e-10 8.359187572440399622e-10
1.570658880200748832e-10 8.369695043461483879e-10
1.575512999120210852e-10 8.380219918991232867e-10
1.580382119686931070e-10 8.390762223225021749e-10
1.585266288263478608e-10 8.401321980383850711e-10
1.590165551355704747e-10 8.411899214714200200e-10
1.595079955613187792e-10 8.422493950488068155e-10
1.600009547829663207e-10 8.433106212002801463e-10
1.604954374943521993e-10 8.443736023581396847e-10
1.609914484038178268e-10 8.454383409572122433e-10
1.614889922342570996e-10 8.465048394348672846e-10
1.619880737231599817e-10 8.475731002310085454e-10
1.624886976226576890e-10 8.486431257880808615e-10
1.629908686995664780e-10 8.497149185510522800e-10
1.634945917354384920e-10 8.507884809674392876e-10
1.639998715265992940e-10 8.518638154872679340e-10
1.645067128841987387e-10 8.529409245630955446e-10
1.650151206342555881e-10 8.540198106500052412e-10
1.655250996177033689e-10 8.551004762055943608e-10
1.660366546904365647e-10 8.561829236899809700e-10
1.665497907233553361e-10 8.572671555658013833e-10
1.670645126024175291e-10 8.583531742982015813e-10
1.675808252286769069e-10 8.594409823548375207e-10
1.680987335183353135e-10 8.605305822058728596e-10
1.686182424027880656e-10 8.616219763239758558e-10
1.691393568286710241e-10 8.627151671843169881e-10
1.696620817579075625e-10 8.638101572645662686e-10
1.701864221677544756e-10 8.649069490448906574e-10
1.707123830508549705e-10 8.660055450079571645e-10
1.712399694152778028e-10 8.671059476389121705e-10
1.717691862845706038e-10 8.682081594253966260e-10
1.723000386978062025e-10 8.693121828575435698e-10
1.728325317096307316e-10 8.704180204279597245e-10
1.733666703903116554e-10 8.715256746317322170e-10
1.739024598257847125e-10 8.726351479664317842e-10
1.744399051177079409e-10 8.737464429321033633e-10
1.749790113835017963e-10 8.748595620312576138e-10
1.755197837564035651e-10 8.759745077688800161e-10
1.760622273855147464e-10 8.770912826524157756e-10
1.766063474358501915e-10 8.782098891917788180e-10
1.771521490883871404e-10 8.793303298993400025e-10
1.776996375401132499e-10 8.804526072899240194e-10
1.782488180040818078e-10 8.815767238808153875e-10
1.787996957094526528e-10 8.827026821917496651e-10
1.793522759015478020e-10 8.838304847449035238e-10
1.799065638418999188e-10 8.849601340649016763e-10
1.804625648083024606e-10 8.860916326788132574e-10
1.810202840948583533e-10 8.872249831161365211e-10
1.815797270120364720e-10 8.883601879088172455e-10
1.821408988867131554e-10 8.894972495912303281e-10
1.827038050622289969e-10 8.906361707001697558e-10
1.832684508984381134e-10 8.917769537748678373e-10
1.838348417717593011e-10 8.929196013569665620e-10
1.844029830752271145e-10 8.940641159905362111e-10
1.849728802185418325e-10 8.952105002220599518e-10
1.855445386281268705e-10 8.963587566004362152e-10
1.861179637471714834e-10 8.975088876769660820e-10
1.866931610356886424e-10 8.986608960053630016e-10
1.872701359705654412e-10 8.998147841417392475e-10
1.878488940456152602e-10 9.009705546446026078e-10
1.884294407716301891e-10 9.021282100748630035e-10
1.890117816764317951e-10 9.032877529958185291e-10
1.895959223049299818e-10 9.044491859731562804e-10
1.901818682191666750e-10 9.056125115749479079e-10
1.907696249983746814e-10 9.067777323716496171e-10
1.913591982390295168e-10 9.079448509360890369e-10
1.919505935549025528e-10 9.091138698434744220e-10
1.925438165771145501e-10 9.102847916713780060e-10
1.931388729541876166e-10 9.114576189997456170e-10
1.937357683521053584e-10 9.126323544108796176e-10
1.943345084543573669e-10 9.138090004894518290e-10
1.949350989619996287e-10 9.149875598224800601e-10
1.955375455937072583e-10 9.161680353210402578e-10
1.961418540858288854e-10 9.173504315581196850e-10
1.967480301924397237e-10 9.185347536518158708e-10
1.973560796854027562e-10 9.197210067358595405e-10
1.979660083544141269e-10 9.209091959593747339e-10
1.985778220070645849e-10 9.220993264869510798e-10
1.991915264688932768e-10 9.232914034986961153e-10
1.998071275834430645e-10 9.244854321902788163e-10
2.004246312123164373e-10 9.256814177729696119e-10
2.010440432352293564e-10 9.268793654737033543e-10
2.016653695500740431e-10 9.280792805351366003e-10
2.022886160729652231e-10 9.292811682156843178e-10
2.029137887383029924e-10 9.304850337895614517e-10
2.035408934988276955e-10 9.316908825468625398e-10
2.041699363256766134e-10 9.328987197935835298e-10
2.048009232084408058e-10 9.341085508516967428e-10
2.054338601552205329e-10 9.353203810591876821e-10
2.060687531926890512e-10 9.365342157701079737e-10
2.067056083661399958e-10 9.377500603546398857e-10
2.073444317395517450e-10 9.389679201991248663e-10
2.079852293956433071e-10 9.401878007061363357e-10
2.086280074359323262e-10 9.414097072945282828e-10
2.092727719807932433e-10 9.426336453994784857e-10
2.099195291695137256e-10 9.438596204725472411e-10
2.105682851603600915e-10 9.450876379817410575e-10
2.112190461306255711e-10 9.463177034115455358e-10
2.118718182766960931e-10 9.475498222629921636e-10
2.125266078141074378e-10 9.487840000537054648e-10
2.131834209776045613e-10 9.500202423179666928e-10
2.138422640212008426e-10 9.512585546067584976e-10
2.145031432182359343e-10 9.524989424878147640e-10
2.151660648614425058e-10 9.537414115456958847e-10
2.158310352629956416e-10 9.549859673818232953e-10
2.164980607545799461e-10 9.562326156145342749e-10
2.171671476874480669e-10 9.574813618791572196e-10
2.178383024324812337e-10 9.587322118280399733e-10
2.185115313802480405e-10 9.599851711306294440e-10
2.191868409410725321e-10 9.612402454735129627e-10
2.198642375450844558e-10 9.624974405604751522e-10
2.205437276422876329e-10 9.637567621125672035e-10
2.212253177026196452e-10 9.650182158681358268e-10
2.219090142160134595e-10 9.662818075829146553e-10
2.225948236924590271e-10 9.675475430300531965e-10
2.232827526620637194e-10 9.688154280001846607e-10
2.239728076751216305e-10 9.700854683014929630e-10
2.246649953021650428e-10 9.713576697597499463e-10
2.253593221340342468e-10 9.726320382183865188e-10
2.260557947819386227e-10 9.739085795385445594e-10
2.267544198775193516e-10 9.751872995991443333e-10
2.274552040729128233e-10 9.764682042969335023e-10
2.281581540408118485e-10 9.777512995465379962e-10
2.288632764745368990e-10 9.790365912805594136e-10
2.295705780880884533e-10 9.803240854495754354e-10
2.302800656162185215e-10 9.816137880222469445e-10
2.309917458144928392e-10 9.829057049853575240e-10
2.317056254593552321e-10 9.841998423438794247e-10
2.324217113481920590e-10 9.854962061210205075e-10
2.331400102993951032e-10 9.867948023582972422e-10
2.338605291524341317e-10 9.880956371156106014e-10
2.345832747679105842e-10 9.893987164712601224e-10
2.353082540276303397e-10 9.907040465220543358e-10
2.360354738346676414e-10 9.920116333833440598e-10
2.367649411134307031e-10 9.933214831890829908e-10
2.374966628097273660e-10 9.946336020919118694e-10
2.382306458908298262e-10 9.959479962631872246e-10
2.389668973455483050e-10 9.972646718930866326e-10
2.397054241842861083e-10 9.985836351906217452e-10
2.404462334391141765e-10 9.999048923837394122e-10
2.411893321638359660e-10 1.001228449719363248e-09
2.419347274340548129e-10 1.002554313457929067e-09
2.426824263472391254e-10 1.003882489415279445e-09
2.434324360227979673e-10 1.005212982616844313e-09
2.441847636021371509e-10 1.006545798019624674e-09
2.449394162487346659e-10 1.007880940592703124e-09
2.456964011482075777e-10 1.009218415317237855e-09
2.464557255083797522e-10 1.010558227186538549e-09
2.472173965593510296e-10 1.011900381206059554e-09
2.479814215535638635e-10 1.013244882393457993e-09
2.487478077658802489e-10 1.014591735778630574e-09
2.495165624936393150e-10 1.015940946403721653e-09
2.502876930567343556e-10 1.017292519323170803e-09
2.510612067976810206e-10 1.018646459603753336e-09
2.518371110816867989e-10 1.020002772324603680e-09
2.526154132967215869e-10 1.021361462577255079e-09
2.533961208535854145e-10 1.022722535465659446e-09
2.541792411859878540e-10 1.024085996106250229e-09
2.549647817506059746e-10 1.025451849627943239e-09
2.557527500271638034e-10 1.026820101172193311e-09
2.565431535185015502e-10 1.028190755893008986e-09
2.573359997506467449e-10 1.029563818957016617e-09
2.581312962728862021e-10 1.030939295543458098e-09
2.589290506578357632e-10 1.032317190844254346e-09
2.597292705015206358e-10 1.033697510064029291e-09
2.605319634234352611e-10 1.035080258420136550e-09
2.613371370666241711e-10 1.036465441142708651e-09
2.621447990977527638e-10 1.037853063474681839e-09
2.629549572071802502e-10 1.039243130671834135e-09
2.637676191090328603e-10 1.040635648002823174e-09
2.645827925412751869e-10 1.042030620749208335e-09
2.654004852657924901e-10 1.043428054205514016e-09
2.662207050684515989e-10 1.044827953679232329e-09
2.670434597591837322e-10 1.046230324490877069e-09
2.678687571720567222e-10 1.047635171974019283e-09
2.686966051653494608e-10 1.049042501475311467e-09
2.695270116216247428e-10 1.050452318354534918e-09
2.703599844478130183e-10 1.051864627984638826e-09
2.711955315752744828e-10 1.053279435751761978e-09
2.720336609598832945e-10 1.054696747055268334e-09
2.728743805821014004e-10 1.056116567307809476e-09
2.737176984470541711e-10 1.057538901935327297e-09
2.745636225846069156e-10 1.058963756377109422e-09
2.754121610494389654e-10 1.060391136085813815e-09
2.762633219211293910e-10 1.061821046527540129e-09
2.771171133042203848e-10 1.063253493181809018e-09
2.779735433283034428e-10 1.064688481541648584e-09
2.788326201480947416e-10 1.066126017113597270e-09
2.796943519435123246e-10 1.067566105417771482e-09
2.805587469197544774e-10 1.069008751987875307e-09
2.814258133073752080e-10 1.070453962371257797e-09
2.822955593623719797e-10 1.071901742128938613e-09
2.831679933662505412e-10 1.073352096835649174e-09
2.840431236261128664e-10 1.074805032079874224e-09
2.849209584747340825e-10 1.076260553463882025e-09
2.858015062706416200e-10 1.077718666603762199e-09
2.866847753981950882e-10 1.079179377129478877e-09
2.875707742676634610e-10 1.080642690684882275e-09
2.884595113153148263e-10 1.082108612927776941e-09
2.893509950034823015e-10 1.083577149529942019e-09
2.902452338206543519e-10 1.085048306177160408e-09
2.911422362815530620e-10 1.086522088569281624e-09
2.920420109272151998e-10 1.087998502420245173e-09
2.929445663250712639e-10 1.089477553458125838e-09
2.938499110690364734e-10 1.090959247425162005e-09
2.947580537795784934e-10 1.092443590077813780e-09
2.956690031038087868e-10 1.093930587255587926e-09
2.965827677155627989e-10 1.095420245413017363e-09
2.974993563154824172e-10 1.096912571332420217e-09
2.984187776310987928e-10 1.098407571818410440e-09
2.993410404169130938e-10 1.099905253695404070e-09
3.002661534544896666e-10 1.101405623807671751e-09
3.011941255525248470e-10 1.102908689019417942e-09
3.021249655469406901e-10 1.104414456214834059e-09
3.030586823009667061e-10 1.105922932298162581e-09
3.039952847052241293e-10 1.107434124193774398e-09
3.049347816778107039e-10 1.108948038846220913e-09
3.058771821643830406e-10 1.110464683220296504e-09
3.068224951382516904e-10 1.111984064301130955e-09
3.077707296004518686e-10 1.113506189094220272e-09
3.087218945798388389e-10 1.115031064625511879e-09
3.096759991331716142e-10 1.116558697941467490e-09
3.106330523451990861e-10 1.118089096109125552e-09
3.115930633287465177e-10 1.119622266216183146e-09
3.125560412247998120e-10 1.121158215371036510e-09
3.135219952026027060e-10 1.122696950702878652e-09
3.144909344597289422e-10 1.124238479361736157e-09
3.154628682221796689e-10 1.125782808518568244e-09
3.164378057444692085e-10 1.127329945365311224e-09
3.174157563097128424e-10 1.128879897114945918e-09
3.183967292297152672e-10 1.130432671001587195e-09
3.193807338450567252e-10 1.131988274280535886e-09
3.203677795251924209e-10 1.133546714228360664e-09
3.213578756685258817e-10 1.135107998142937965e-09
3.223510317025090986e-10 1.136672133343563030e-09
3.233472570837294834e-10 1.138239127170990650e-09
3.243465612980001345e-10 1.139808986987509606e-09
3.253489538604473121e-10 1.141381720177016705e-09
3.263544443156117152e-10 1.142957334145103635e-09
3.273630422375236003e-10 1.144535836319095633e-09
3.283747572298042147e-10 1.146117234148138754e-09
3.293895989257548214e-10 1.147701535103278452e-09
3.304075769884485680e-10 1.149288746677516039e-09
3.314287011108220971e-10 1.150878876385900702e-09
3.324529810157654501e-10 1.152471931765568180e-09
3.334804264562253618e-10 1.154067920375859254e-09
3.345110472152818780e-10 1.155666849798350355e-09
3.355448531062523728e-10 1.157268727636944138e-09
3.365818539727823328e-10 1.158873561517953857e-09
3.376220596889388273e-10 1.160481359090152785e-09
3.386654801593049631e-10 1.162092128024864588e-09
3.397121253190709250e-10 1.163705876016024121e-09
3.407620051341400626e-10 1.165322610780285788e-09
3.418151296012070067e-10 1.166942340057047737e-09
3.428715087478639105e-10 1.168565071608560636e-09
3.439311526326931454e-10 1.170190813219997981e-09
3.449940713453630989e-10 1.171819572699514620e-09
3.460602750067244376e-10 1.173451357878352634e-09
3.471297737689032689e-10 1.175086176610887242e-09
3.482025778154093460e-10 1.176724036774720068e-09
3.492786973612162530e-10 1.178364946270755861e-09
3.503581426528695070e-10 1.180008913023270533e-09
3.514409239685816839e-10 1.181655944979988497e-09
3.525270516183301808e-10 1.183306050112168693e-09
3.536165359439553403e-10 1.184959236414681729e-09
3.547093873192559899e-10 1.186615511906075841e-09
3.558056161500999221e-10 1.188274884577155009e-09
3.569052328745055273e-10 1.189937361721775777e-09
3.580082479627528937e-10 1.191602950123181059e-09
3.591146719174802781e-10 1.193271656569027397e-09
3.602245152737844525e-10 1.194943487863626205e-09
3.613377885993179501e-10 1.196618450827996700e-09
3.624545024944014582e-10 1.198296552299928569e-09
3.635746675921070014e-10 1.199977799133997059e-09
3.646982945583712140e-10 1.201662198201616542e-09
3.658253940920936191e-10 1.203349756391100067e-09
3.669559769252388374e-10 1.205040480607686454e-09
3.680900538229384333e-10 1.206734377773608535e-09
3.692276355835907460e-10 1.208431454828108458e-09
3.703687330389754533e-10 1.210131718727523091e-09
3.715133570543388750e-10 1.211835176445290640e-09
3.726615185285093646e-10 1.213541834972019101e-09
3.738132283939980700e-10 1.215251701315528029e-09
3.749684976171030034e-10 1.216964782500904582e-09
3.761273371980136278e-10 1.218681085570518616e-09
3.772897581709122384e-10 1.220400617584118845e-09
3.784557716040916808e-10 1.222123385618834700e-09
3.796253886000418945e-10 1.223849396769251402e-09
3.807986202955683034e-10 1.225578658147442627e-09
3.819754778618944896e-10 1.227311176883027588e-09
3.831559725047687962e-10 1.229046960123200811e-09
3.843401154645707749e-10 1.230786015032814852e-09
3.855279180164153078e-10 1.232528348794375338e-09
3.867193914702724966e-10 1.234273968608164418e-09
3.879145471710562743e-10 1.236022881692204165e-09
3.891133964987453289e-10 1.237775095282358524e-09
3.903159508684880517e-10 1.239530616632372809e-09
3.915222217307113634e-10 1.241289453013913410e-09
3.927322205712297467e-10 1.243051611716624454e-09
3.939459589113512807e-10 1.244817100048160476e-09
3.951634483080003736e-10 1.246585925334269969e-09
3.963847003538083392e-10 1.248358094918808823e-09
3.976097266772368536e-10 1.250133616163794503e-09
3.988385389426851781e-10 1.251912496449482154e-09
4.000711488506015190e-10 1.253694743174391484e-09
4.013075681375909224e-10 1.255480363755343569e-09
4.025478085765402824e-10 1.257269365627555157e-09
4.037918819767107781e-10 1.259061756244648177e-09
4.050398001838632432e-10 1.260857543078714054e-09
4.062915750803679746e-10 1.262656733620367474e-09
4.075472185853176421e-10 1.264459335378779889e-09
4.088067426546408193e-10 1.266265355881760574e-09
4.100701592812125670e-10 1.268074802675777107e-09
4.113374804949819744e-10 1.269887683326032084e-09
4.126087183630665092e-10 1.271704005416487525e-09
4.138838849898805407e-10 1.273523776549939316e-09
4.151629925172470095e-10 1.275347004348053611e-09
4.164460531245131291e-10 1.277173696451420180e-09
4.177330790286665533e-10 1.279003860519624582e-09
4.190240824844478208e-10 1.280837504231251679e-09
4.203190757844812051e-10 1.282674635284009926e-09
4.216180712593709257e-10 1.284515261394705720e-09
4.229210812778324634e-10 1.286359390313175195e-09
4.242281182468066589e-10 1.288207030496014765e-09
4.255391946115780521e-10 1.290058191415152370e-09
4.268543228558933233e-10 1.291912882648843197e-09
4.281735155020766853e-10 1.293771113805000163e-09
4.294967851111629563e-10 1.295632894521285531e-09
4.308241442829964071e-10 1.297498234465187422e-09
4.321556056563646104e-10 1.299367143334166432e-09
4.334911819091152793e-10 1.301239630855723671e-09
4.348308857582769324e-10 1.303115706787521318e-09
4.361747299601766121e-10 1.304995380917478168e-09
4.375227273105753354e-10 1.306878663063892050e-09
4.388748906447688029e-10 1.308765563075516962e-09
4.402312328377236773e-10 1.310656090831681980e-09
4.415917668041966968e-10 1.312550256242406234e-09
4.429565054988576670e-10 1.314448069248490315e-09
4.443254619164127622e-10 1.316349539821623595e-09
4.456986490917246219e-10 1.318254677964495078e-09
4.470760800999510586e-10 1.320163493710919331e-09
4.484577680566477314e-10 1.322075997125902248e-09
4.498437261179074747e-10 1.323992198305781256e-09
4.512339674804820481e-10 1.325912107378325821e-09
4.526285053819077652e-10 1.327835734502844147e-09
4.540273531006315348e-10 1.329763089870294853e-09
4.554305239561335425e-10 1.331694183703395124e-09
4.568380313090689565e-10 1.333629026256726793e-09
4.582498885613729284e-10 1.335567627816865595e-09
4.596661091564029196e-10 1.337509998702459330e-09
4.610867065790630890e-10 1.339456149264368282e-09
4.625116943559327121e-10 1.341406089885770884e-09
4.639410860553949118e-10 1.343359830982268157e-09
4.653748952877619757e-10 1.345317383001991239e-09
4.668131357054204230e-10 1.347278756425743042e-09
4.682558210029379695e-10 1.349243961767078280e-09
4.697029649172091628e-10 1.351213009572437681e-09
4.711545812275823547e-10 1.353185910421257378e-09
4.726106837559911197e-10 1.355162674926083065e-09
4.740712863670854659e-10 1.357143313732687452e-09
4.755364029683603590e-10 1.359127837520174287e-09
4.770060475103035802e-10 1.361116257001135517e-09
4.784802339865049145e-10 1.363108582921703814e-09
4.799589764338054562e-10 1.365104826061719050e-09
4.814422889324270634e-10 1.367104997234831895e-09
4.829301856061066710e-10 1.369109107288630585e-09
4.844226806222262613e-10 1.371117167104722194e-09
4.859197881919642388e-10 1.373129187598914198e-09
4.874215225704067884e-10 1.375145179721285614e-09
4.889278980566992502e-10 1.377165154456317280e-09
4.904389289941783647e-10 1.379189122823016966e-09
4.919546297705092747e-10 1.381217095875055652e-09
4.934750148178218029e-10 1.383249084700854384e-09
4.950000986128444560e-10 1.385285100423735645e-09
4.965298956770579693e-10 1.387325154202041644e-09
4.980644205768098714e-10 1.389369257189171563e-09
4.996036879234686505e-10 1.391417419749020398e-09
5.011477123735595146e-10 1.393469651501482986e-09
5.026965086289033585e-10 1.395525962062324876e-09
5.042500914367572808e-10 1.397586361073009434e-09
5.058084755899504485e-10 1.399650858200797098e-09
5.073716759270418813e-10 1.401719463138823345e-09
5.089397073324363608e-10 1.403792185606145010e-09
5.105125847365433523e-10 1.405869035347851542e-09
5.120903231159146270e-10 1.407950022135117738e-09
5.136729374933869506e-10 1.410035155765301143e-09
5.152604429382251858e-10 1.412124446061994369e-09
5.168528545662613618e-10 1.414217902875133249e-09
5.184501875400559744e-10 1.416315536081055360e-09
5.200524570690163765e-10 1.418417355582582533e-09
5.216596784095590090e-10 1.420523371309099854e-09
5.232718668652500210e-10 1.422633593216635684e-09
5.248890377869513712e-10 1.424748031287933634e-09
5.265112065729669279e-10 1.426866695532544169e-09
5.281383886691844349e-10 1.428989595986892852e-09
5.297705995692403262e-10 1.431116742714381260e-09
5.314078548146409087e-10 1.433248145805441372e-09
5.330501699949280047e-10 1.435383815377616218e-09
5.346975607478227781e-10 1.437523761575666585e-09
5.363500427593747304e-10 1.439667994571630163e-09
5.380076317641067672e-10 1.441816524564899502e-09
5.396703435451824957e-10 1.443969361782337823e-09
5.413381939345301985e-10 1.446126516478305070e-09
5.430111988130108544e-10 1.448287998934796670e-09
5.446893741105655834e-10 1.450453819461489652e-09
5.463727358063668142e-10 1.452623988395824737e-09
5.480612999289704851e-10 1.454798516103115537e-09
5.497550825564643163e-10 1.456977412976600449e-09
5.514540998166389329e-10 1.459160689437572530e-09
5.531583678871143200e-10 1.461348355935391075e-09
5.548679029955118766e-10 1.463540422947642710e-09
5.565827214196042382e-10 1.465736900980158352e-09
5.583028394874708905e-10 1.467937800567155065e-09
5.600282735776528522e-10 1.470143132271273495e-09
5.617590401193045657e-10 1.472352906683700084e-09
5.634951555923685360e-10 1.474567134424230557e-09
5.652366365277046809e-10 1.476785826141366699e-09
5.669834995072661068e-10 1.479008992512375917e-09
5.687357611642525508e-10 1.481236644243429376e-09
5.704934381832682688e-10 1.483468792069625780e-09
5.722565473004817847e-10 1.485705446755135716e-09
5.740251053037795392e-10 1.487946619093241773e-09
5.757991290329453883e-10 1.490192319906466961e-09
5.775786353797922278e-10 1.492442560046626410e-09
5.793636412883415953e-10 1.494697350394935317e-09
5.811541637549809381e-10 1.496956701996538083e-09
5.829502198286248095e-10 1.499220627131390403e-09
5.847518266108771000e-10 1.501489138752366840e-09
5.865590012561899591e-10 1.503762249859765465e-09
5.883717609720452584e-10 1.506039973495849909e-09
5.901901230190903523e-10 1.508322322744931255e-09
5.920141047113216087e-10 1.510609310733551672e-09
5.938437234162437450e-10 1.512900950630645922e-09
5.956789965550364013e-10 1.515197255647680324e-09
5.975199416027137860e-10 1.517498239038808890e-09
5.993665760883118263e-10 1.519803914101045165e-09
6.012189175950249623e-10 1.522114294174378244e-09
6.030769837603932969e-10 1.524429392641949994e-09
6.049407922764659641e-10 1.526749222930231863e-09
6.068103608899691501e-10 1.529073798509133448e-09
6.086857074024754583e-10 1.531403132892207637e-09
6.105668496705680012e-10 1.533737239636765377e-09
6.124538056060307559e-10 1.536076132344087851e-09
6.143465931759890806e-10 1.538419824659526767e-09
6.162452304031006907e-10 1.540768330272695237e-09
6.181497353657221282e-10 1.543121662917629072e-09
6.200601261980813327e-10 1.545479836372931542e-09
6.219764210904499018e-10 1.547842864461961555e-09
6.238986382893113187e-10 1.550210761052963531e-09
6.258267960975551328e-10 1.552583540059263438e-09
6.277609128746207861e-10 1.554961215439399282e-09
6.297010070366923107e-10 1.557343801197317976e-09
6.316470970568693479e-10 1.559731311382514101e-09
6.335992014653420978e-10 1.562123760090199060e-09
6.355573388495689555e-10 1.564521161461491749e-09
6.375215278544469108e-10 1.566923529683544904e-09
6.394917871825112088e-10 1.569330878989769477e-09
6.414681355940812438e-10 1.571743223659935755e-09
6.434505919074604268e-10 1.574160578020398151e-09
6.454391749991103073e-10 1.576582956444220932e-09
6.474339038038298643e-10 1.579010373351397839e-09
6.494347973149362455e-10 1.581442843208980087e-09
6.514418745844398193e-10 1.583880380531246358e-09
6.534551547232474547e-10 1.586322999879938542e-09
6.554746569013121372e-10 1.588770715864361621e-09
6.575004003478367655e-10 1.591223543141568752e-09
6.595324043514523058e-10 1.593681496416592048e-09
6.615706882604010121e-10 1.596144590442545357e-09
6.636152714827155109e-10 1.598612840020845116e-09
6.656661734864250791e-10 1.601086260001393165e-09
6.677234137997089830e-10 1.603564865282714257e-09
6.697870120111032731e-10 1.606048670812169064e-09
6.718569877696825574e-10 1.608537691482343390e-09
6.739333607852470472e-10 1.611031941162858908e-09
6.760161508285096036e-10 1.613531433132930307e-09
6.781053777312794751e-10 1.616036180701884750e-09
6.802010613866721942e-10 1.618546197217427066e-09
6.823032217492667422e-10 1.621061496065722673e-09
6.844118788353168936e-10 1.623582090671538408e-09
6.865270527229368150e-10 1.626107994498371562e-09
6.886487635522919366e-10 1.628639221048569002e-09
6.907770315257910653e-10 1.631175783863439452e-09
6.929118769082725000e-10 1.633717696523408597e-09
6.950533200272204432e-10 1.636264972648115236e-09
6.972013812729237156e-10 1.638817625896554390e-09
6.993560810986930986e-10 1.641375669967198688e-09
7.015174400210506546e-10 1.643939118598118721e-09
7.036854786199241147e-10 1.646507985567122631e-09
7.058602175388438511e-10 1.649082284691871707e-09
7.080416774851332322e-10 1.651662029830014806e-09
7.102298792301288591e-10 1.654247234879329174e-09
7.124248436093436237e-10 1.656837913777830880e-09
7.146265915226886000e-10 1.659434080503899926e-09
7.168351439346658805e-10 1.662035749076438444e-09
7.190505218745681336e-10 1.664642933554973060e-09
7.212727464366735079e-10 1.667255648039790138e-09
7.235018387804693846e-10 1.669873906672098736e-09
7.257378201308189511e-10 1.672497723634119319e-09
7.279807117781865042e-10 1.675127113149240925e-09
7.302305350788348362e-10 1.677762089482141726e-09
7.324873114550278939e-10 1.680402666938928406e-09
7.347510623952352993e-10 1.683048859867275958e-09
7.370218094543307694e-10 1.685700682656549277e-09
7.392995742538211419e-10 1.688358149737963222e-09
7.415843784820166708e-10 1.691021275584668846e-09
7.438762438942612931e-10 1.693690074711942824e-09
7.461751923131336335e-10 1.696364561677294568e-09
7.484812456286551439e-10 1.699044751080596308e-09
7.507944257984983458e-10 1.701730657564244180e-09
7.531147548481894899e-10 1.704422295813283752e-09
7.554422548713436820e-10 1.707119680555548785e-09
7.577769480298372466e-10 1.709822826561798543e-09
7.601188565540443011e-10 1.712531748645846420e-09
7.624680027430418961e-10 1.715246461664728068e-09
7.648244089648219803e-10 1.717966980518812646e-09
7.671880976565052274e-10 1.720693320151960403e-09
7.695590913245476237e-10 1.723425495551737745e-09
7.719374125449802476e-10 1.726163521806905250e-09
7.743230839635864928e-10 1.728907414205390184e-09
7.767161282961427777e-10 1.731657188106400862e-09
7.791165683286287532e-10 1.734412858914884550e-09
7.815244269174439201e-10 1.737174442081643271e-09
7.839397269896255914e-10 1.739941953103509582e-09
7.863624915430603404e-10 1.742715407523499601e-09
7.887927436467294665e-10 1.745494820930954870e-09
7.912305064408890103e-10 1.748280208961707582e-09
7.936758031373169772e-10 1.751071587298217481e-09
7.961286570195269571e-10 1.753868971669751154e-09
7.985890914429902219e-10 1.756672377852512931e-09
8.010571298353517234e-10 1.759481821669825831e-09
8.035327956966790747e-10 1.762297318992276732e-09
8.060161125996470110e-10 1.765118885737860096e-09
8.085071041897885430e-10 1.767946537872161392e-09
8.110057941857126083e-10 1.770780291408503511e-09
8.135122063793309257e-10 1.773620162408086144e-09
8.160263646360839192e-10 1.776466166980183683e-09
8.185482928951612649e-10 1.779318321282274060e-09
8.210780151697571794e-10 1.782176641520243676e-09
8.236155555472579834e-10 1.785041143948479220e-09
8.261609381894992511e-10 1.787911844870079839e-09
8.287141873329883221e-10 1.790788760637008102e-09
8.312753272891353945e-10 1.793671907650258742e-09
8.338443824444854465e-10 1.796561302360003413e-09
8.364213772609428149e-10 1.799456961265774532e-09
8.390063362760319647e-10 1.802358900916642915e-09
8.415992841030899114e-10 1.805267137911332340e-09
8.442002454315282308e-10 1.808181688898436481e-09
8.468092450270608437e-10 1.811102570576554145e-09
8.494263077319402792e-10 1.814029799694488419e-09
8.520514584651938353e-10 1.816963393051376951e-09
8.546847222228541547e-10 1.819903367496878479e-09
8.573261240782250610e-10 1.822849739931369287e-09
8.599756891820782197e-10 1.825802527306060662e-09
8.626334427629209390e-10 1.828761746623202178e-09
8.652994101272291238e-10 1.831727414936245679e-09
8.679736166596881924e-10 1.834699549350024578e-09
8.706560878234351303e-10 1.837678167020911839e-09
8.733468491602933057e-10 1.840663285156988317e-09
8.760459262910446123e-10 1.843654921018266504e-09
8.787533449156305775e-10 1.846653092220978642e-09
8.814691308134254353e-10 1.849657818624519832e-09
8.841933098434743544e-10 1.852669121115532447e-09
8.869259079447401447e-10 1.855687020659867814e-09
8.896669511363424161e-10 1.858711538298865765e-09
8.924164655178349941e-10 1.861742695149689225e-09
8.951744772694100264e-10 1.864780512405594915e-09
8.979410126521771568e-10 1.867825011336257394e-09
9.007160980084058888e-10 1.870876213288063539e-09
9.034997597617763248e-10 1.873934139684424596e-09
9.062920244176310424e-10 1.876998812026093198e-09
9.090929185632198370e-10 1.880070251891447504e-09
9.119024688679827204e-10 1.883148480936874592e-09
9.147207020837591978e-10 1.886233520896966092e-09
9.175476450450727144e-10 1.889325393584944183e-09
9.203833246693790165e-10 1.892424120892898991e-09
9.232277679573218536e-10 1.895529724792166201e-09
9.260810019929906452e-10 1.898642227333612018e-09
9.289430539441703928e-10 1.901761650647940464e-09
9.318139510626310896e-10 1.904888016946075953e-09
9.346937206843414433e-10 1.908021348519407305e-09
9.375823902297592167e-10 1.911161667740171146e-09
9.404799872040856889e-10 1.914308997061759205e-09
9.433865391975263207e-10 1.917463359019046708e-09
9.463020738855542114e-10 1.920624776228707941e-09
9.492266190291656982e-10 1.923793271389560776e-09
9.521602024751762793e-10 1.926968867282939728e-09
9.551028521564379561e-10 1.930151586772942040e-09
9.580545960921370183e-10 1.933341452806824732e-09
9.610154623880533645e-10 1.936538488415334231e-09
9.639854792368276820e-10 1.939742716713038896e-09
9.669646749182298669e-10 1.942954160898662375e-09
9.699530777994204128e-10 1.946172844255425230e-09
9.729507163352523321e-10 1.949398790151422542e-09
9.759576190684947014e-10 1.952632022039915082e-09
9.789738146301354097e-10 1.955872563459721808e-09
9.819993317396473035e-10 1.959120438035529641e-09
9.850341992052595024e-10 1.962375669478276038e-09
9.880784459242258191e-10 1.965638281585471594e-09
9.911321008831308158e-10 1.968908298241598741e-09
9.941951931581179001e-10 1.972185743274750181e-09
9.972677519151982763e-10 1.975470637726163174e-09
1.000349806410520813e-09 1.978763000050194172e-09
1.003441385990649976e-09 1.982062848652120521e-09
1.006542520092846451e-09 1.985370201987144053e-09
1.009653238245338040e-09 1.988685078560502339e-09
1.012773570067634205e-09 1.992007496927656465e-09
1.015903545270759117e-09 1.995337475694374573e-09
1.019043193657566613e-09 1.998675033516913839e-09
1.022192545123016468e-09 2.002020189102152829e-09
1.025351629654458744e-09 2.005372961207754859e-09
1.028520477331919162e-09 2.008733368642273052e-09
1.031699118328377452e-09 2.012101430265318255e-09
1.034887582910088505e-09 2.015477164987734399e-09
1.038085901436819151e-09 2.018860591771684529e-09
1.041294104362171592e-09 2.022251729630842294e-09
1.044512222233865463e-09 2.025650597630516852e-09
1.047740285694027148e-09 2.029057214887806312e-09
1.050978325479483005e-09 2.032471600571746212e-09
1.054226372422043097e-09 2.035893773903465859e-09
1.057484457448828339e-09 2.039323754156319846e-09
1.060752611582514723e-09 2.042761560656053908e-09
1.064030865941661915e-09 2.046207212780938505e-09
1.067319251741001529e-09 2.049660729961928059e-09
1.070617800291734290e-09 2.053122131682814807e-09
1.073926543001819548e-09 2.056591437480354948e-09
1.077245511376309046e-09 2.060068666944474610e-09
1.080574737017594660e-09 2.063553839718365388e-09
1.083914251625743819e-09 2.067046975498657229e-09
1.087264086998793366e-09 2.070548094035571866e-09
1.090624275033051678e-09 2.074057215133075858e-09
1.093994847723402870e-09 2.077574358649041051e-09
1.097375837163602091e-09 2.081099544495375696e-09
1.100767275546617156e-09 2.084632792638218414e-09
1.104169195164881038e-09 2.088174123098061042e-09
1.107581628410635771e-09 2.091723555949890071e-09
1.111004607776231062e-09 2.095281111323395104e-09
1.114438165854434895e-09 2.098846809403079278e-09
1.117882335338742693e-09 2.102420670429455787e-09
1.121337149023679859e-09 2.106002715294617088e-09
1.124802639805150842e-09 2.109592966548712296e-09
1.128278840680697429e-09 2.113191447077349487e-09
1.131765784749849262e-09 2.116798179838663518e-09
1.135263505214430100e-09 2.120413187863554672e-09
1.138772035378874007e-09 2.124036494255970310e-09
1.142291408650541960e-09 2.127668122193147649e-09
1.145821658540031628e-09 2.131308094925833795e-09
1.149362818661532639e-09 2.134956435778652179e-09
1.152914922733091494e-09 2.138613168150241941e-09
1.156478004576969109e-09 2.142278315513582184e-09
1.160052098119954733e-09 2.145951901416267836e-09
1.163637237393687929e-09 2.149633949480729685e-09
1.167233456534983032e-09 2.153324483404520580e-09
1.170840789786144514e-09 2.157023526960598738e-09
1.174459271495331565e-09 2.160731103997571355e-09
1.178088936116827338e-09 2.164447238439976672e-09
1.181729818211405804e-09 2.168171954288531297e-09
1.185381952446650425e-09 2.171905275620423864e-09
1.189045373597285230e-09 2.175647226589576826e-09
1.192720116545495766e-09 2.179397831426913225e-09
1.196406216281299667e-09 2.183157114440659443e-09
1.200103707902822529e-09 2.186925100016581357e-09
1.203812626616670132e-09 2.190701812618259378e-09
1.207533007738254148e-09 2.194487276787413121e-09
1.211264886692128388e-09 2.198281517144130119e-09
1.215008299012326497e-09 2.202084558387146652e-09
1.218763280342689935e-09 2.205896425294164969e-09
1.222529866437247029e-09 2.209717142722111369e-09
1.226308093160494423e-09 2.213546735607410827e-09
1.230097996487777579e-09 2.217385228966269060e-09
1.233899612505623515e-09 2.221232647894972794e-09
1.237712977412085525e-09 2.225089017570183414e-09
1.241538127517085641e-09 2.228954363249168160e-09
1.245375099242752529e-09 2.232828710270149200e-09
1.249223929123807577e-09 2.236712084052602236e-09
1.253084653807851723e-09 2.240604510158505101e-09
1.256957310055756296e-09 2.244506015850491667e-09
1.260841934742001124e-09 2.248416630233540030e-09
1.264738564855027122e-09 2.252336382605916822e-09
1.268647237497587844e-09 2.256265302373308829e-09
1.272567989887092557e-09 2.260203419049222108e-09
1.276500859356001628e-09 2.264150762255449758e-09
1.280445883352120593e-09 2.268107361722497089e-09
1.284403099438997616e-09 2.272073247290046913e-09
1.288372545296270693e-09 2.276048448907396294e-09
1.292354258720027485e-09 2.280032996633892473e-09
1.296348277623163269e-09 2.284026920639425866e-09
1.300354640035733326e-09 2.288030251204825046e-09
1.304373384105356189e-09 2.292043018722398128e-09
1.308404548097514114e-09 2.296065253696289704e-09
1.312448170395959021e-09 2.300096986743034220e-09
1.316504289503067562e-09 2.304138248591926971e-09
1.320572944040208592e-09 2.308189070085596093e-09
1.324654172748098863e-09 2.312249482180354533e-09
1.328748014487215782e-09 2.316319515946784860e-09
1.332854508238102849e-09 2.320399202570102817e-09
1.336973693101783661e-09 2.324488573350714422e-09
1.341105608300122976e-09 2.328587659704640313e-09
1.345250293176201221e-09 2.332696493164020331e-09
1.349407787194688374e-09 2.336815105377576736e-09
1.353578129942208548e-09 2.340943528111096047e-09
1.357761361127762054e-09 2.345081793247955119e-09
1.361957520583036016e-09 2.349229932789543430e-09
1.366166648262828913e-09 2.353387978855806941e-09
1.370388784245419092e-09 2.357555963685701814e-09
1.374623968732946926e-09 2.361733919637693609e-09
1.378872242051797383e-09 2.365921879190297025e-09
1.383133644652972673e-09 2.370119874942479971e-09
1.387408217112523000e-09 2.374327939614309187e-09
1.391696000131864614e-09 2.378546106047300963e-09
1.395997034538212634e-09 2.382774407150680047e-09
1.400311361284958861e-09 2.387012873534039600e-09
1.404639021452061384e-09 2.391261532571472773e-09
1.408980056246435829e-09 2.395520411475231109e-09
1.413334507002336492e-09 2.399789537538090943e-09
1.417702415181795149e-09 2.404068938133675175e-09
1.422083822374947800e-09 2.408358640716600095e-09
1.426478770300476171e-09 2.412658672822824037e-09
1.430887300805993183e-09 2.416969062069873205e-09
1.435309455868442068e-09 2.421289836157073279e-09
1.439745277594495687e-09 2.425621022865870774e-09
1.444194808220945720e-09 2.429962650060030327e-09
1.448658090115151618e-09 2.434314745685942817e-09
1.453135165775374372e-09 2.438677337772849949e-09
1.457626077831226911e-09 2.443050454433151961e-09
1.462130869044069494e-09 2.447434123862611941e-09
1.466649582307416066e-09 2.451828374340679666e-09
1.471182260647330472e-09 2.456233234230714527e-09
1.475728947222885547e-09 2.460648731980296552e-09
1.480289685326499981e-09 2.465074896121441055e-09
1.484864518384400719e-09 2.469511755270910074e-09
1.489453489957022484e-09 2.473959338130448113e-09
1.494056643739424262e-09 2.478417673487079103e-09
1.498674023561703724e-09 2.482886790213374822e-09
1.503305673389403990e-09 2.487366717267704287e-09
1.507951637323979743e-09 2.491857483694539401e-09
1.512611959603144649e-09 2.496359118624703932e-09
1.517286684601341397e-09 2.500871651275656824e-09
1.521975856830151160e-09 2.505395110951767646e-09
1.526679520938718760e-09 2.509929527044603211e-09
1.531397721714177015e-09 2.514474929033177800e-09
1.536130504082060742e-09 2.519031346484241017e-09
1.540877913106784247e-09 2.523598809052619834e-09
1.545639993991996184e-09 2.528177346481401390e-09
1.550416792081059737e-09 2.532766988981136580e-09
1.555208352857470962e-09 2.537367769929983803e-09
1.560014721945293269e-09 2.541979724315313097e-09
1.564835945109591066e-09 2.546602887259998266e-09
1.569672068256852245e-09 2.551237294013060637e-09
1.574523137435477870e-09 2.555882979950240233e-09
1.579389198836142419e-09 2.560539980574432934e-09
1.584270298792285951e-09 2.565208331516264953e-09
1.589166483780541348e-09 2.569888068534574260e-09
1.594077800421178098e-09 2.574579227516904405e-09
1.599004295478532012e-09 2.579281844480091817e-09
1.603946015861503396e-09 2.583995955570757149e-09
1.608903008623925354e-09 2.588721597065774291e-09
1.613875320965063609e-09 2.593458805372870488e-09
1.618863000230053049e-09 2.598207617031136711e-09
1.623866093910349368e-09 2.602968068711529755e-09
1.628884649644179675e-09 2.607740197217423557e-09
1.633918715216983788e-09 2.612524039485146446e-09
1.638968338561922750e-09 2.617319632584545284e-09
1.644033567760254986e-09 2.622127013719470605e-09
1.649114451041846676e-09 2.626946220228347371e-09
1.654211036785618635e-09 2.631777289584739108e-09
1.659323373520007057e-09 2.636620259397847525e-09
1.664451509923424666e-09 2.641475167413111389e-09
1.669595494824711531e-09 2.646342051512729309e-09
1.674755377203653705e-09 2.651220949716253232e-09
1.679931206191368487e-09 2.656111900181088890e-09
1.685123031070826582e-09 2.661014941203075656e-09
1.690330901277307250e-09 2.665930111217095344e-09
1.695554866398869807e-09 2.670857448797562732e-09
1.700794976176825112e-09 2.675796992659048010e-09
1.706051280506195897e-09 2.680748781656821070e-09
1.711323829436246573e-09 2.685712854466158130e-09
1.716612673170877592e-09 2.690689243085903430e-09
1.721917862069158145e-09 2.695677973087663596e-09
1.727239446645792081e-09 2.700679069823880031e-09
1.732577477571598489e-09 2.705692558686403914e-09
1.737932005673995193e-09 2.710718465106405215e-09
1.743303081937467344e-09 2.715756814554342089e-09
1.748690757504110468e-09 2.720807632539898422e-09
1.754095083674032266e-09 2.725870944611904422e-09
1.759516111905896903e-09 2.730946776358289885e-09
1.764953893817401872e-09 2.736035153405984931e-09
1.770408481185769138e-09 2.741136101420910906e-09
1.775879925948223451e-09 2.746249646107867886e-09
1.781368280202545111e-09 2.751375813210528474e-09
1.786873596207478803e-09 2.756514628511290145e-09
1.792395926383289462e-09 2.761666117831238852e-09
1.797935323312246585e-09 2.766830307030139102e-09
1.803491839739125506e-09 2.772007222006266862e-09
1.809065528571708871e-09 2.777196888696417831e-09
1.814656442881275917e-09 2.782399333075777989e-09
1.820264635903167231e-09 2.787614581157940139e-09
1.825890161037202265e-09 2.792842658994714895e-09
1.831533071848248234e-09 2.798083592676135235e-09
1.837193422066713320e-09 2.803337408330362611e-09
1.842871265589060560e-09 2.808604132123623261e-09
1.848566656478319247e-09 2.813883790260102327e-09
1.854279648964585171e-09 2.819176408981897532e-09
1.860010297445598195e-09 2.824482014568940603e-09
1.865758656487168463e-09 2.829800633338902552e-09
1.871524780823756870e-09 2.835132291647121302e-09
1.877308725358981093e-09 2.840477015886524346e-09
1.883110545166137956e-09 2.845834833808830155e-09
1.888930295488729099e-09 2.851205799834604850e-09
1.894768031740970112e-09 2.856589993334634000e-09
1.900623809508380726e-09 2.861987495049460093e-09
1.906497684548220739e-09 2.867398386165347335e-09
1.912389712790083516e-09 2.872822748316862050e-09
1.918299950336413391e-09 2.878260663589215248e-09
1.924228453463037961e-09 2.883712214520821928e-09
1.930175278619705748e-09 2.889177484105766896e-09
1.936140482430607740e-09 2.894656555796299136e-09
1.942124121694978750e-09 2.900149513505432460e-09
1.948126253387544922e-09 2.905656441609408029e-09
1.954146934659126742e-09 2.911177424950366555e-09
1.960186222837171335e-09 2.916712548838873275e-09
1.966244175426295503e-09 2.922261899056600909e-09
1.972320850108816365e-09 2.927825561858885645e-09
1.978416304745369260e-09 2.933403623977526326e-09
1.984530597375356905e-09 2.938996172623300312e-09
1.990663786217570608e-09 2.944603295488813534e-09
1.996815929670725043e-09 2.950225080751114799e-09
2.002987086314017833e-09 2.955861617074536741e-09
2.009177314907684179e-09 2.961512993613405251e-09
2.015386674393541554e-09 2.967179300014831626e-09
2.021615223895617125e-09 2.972860626421625070e-09
2.027863022720610969e-09 2.978557063474971106e-09
2.034130130358525974e-09 2.984268702317431762e-09
2.040416606483219981e-09 2.989995634595745159e-09
2.046722510952972403e-09 2.995737952463795923e-09
2.053047903811054565e-09 3.001495748585485083e-09
2.059392845286284745e-09 3.007269116137713298e-09
2.065757395793668409e-09 3.013058136506393503e-09
2.072141615934873841e-09 3.018862768845928145e-09
2.078545566498874034e-09 3.024682901354128615e-09
2.084969308462511656e-09 3.030518420326678840e-09
2.091412902991077663e-09 3.036369210978249773e-09
2.097876411438894459e-09 3.042235157434978247e-09
2.104359895349881690e-09 3.048116142726827138e-09
2.110863416458213852e-09 3.054012048780287564e-09
2.117387036688801295e-09 3.059922756410698514e-09
2.123930818157951968e-09 3.065848145314999501e-09
2.130494823173943004e-09 3.071788094064299175e-09
2.137079114237615871e-09 3.077742480096549811e-09
2.143683754042970294e-09 3.083711179709292934e-09
2.150308805477744928e-09 3.089694068052390471e-09
2.156954331624084901e-09 3.095691019120938705e-09
2.163620395759037703e-09 3.101701905747942354e-09
2.170307061355226926e-09 3.107726599597409264e-09
2.177014392081437911e-09 3.113764971157201090e-09
2.183742451803223237e-09 3.119816889732098211e-09
2.190491304583495406e-09 3.125882223436780275e-09
2.197261014683205948e-09 3.131960839189098743e-09
2.204051646561852076e-09 3.138052602703052468e-09
2.210863264878159936e-09 3.144157378482142952e-09
2.217695934490683483e-09 3.150275029812576166e-09
2.224549720458422802e-09 3.156405418756671159e-09
2.231424688041441594e-09 3.162548406146164857e-09
2.238320902701472265e-09 3.168703851575717457e-09
2.245238430102610751e-09 3.174871613396467447e-09
2.252177336111832684e-09 3.181051548709459660e-09
