{
  "status": "recalc_seam_still_alive",
  "linearity": {
    "sample_stem": "s25y11d016t0231#103",
    "offsets_ns": [
      -0.005,
      -0.002,
      -0.001,
      0.001,
      0.002,
      0.005
    ],
    "runs": {
      "-0.005": {
        "changed_93_lines": 1456,
        "total_93_lines": 1761,
        "mean_delta_ns": -0.004999999999992891,
        "min_delta_ns": -0.005000000001018634,
        "max_delta_ns": 0.0,
        "frfin_line_diff_count": 12,
        "frd_exact_match": true,
        "npt_line_diff_count": 1,
        "npt_time_of_flight_delta_s": -5.000000413701855e-12,
        "npt_pmm_delta_ps": -5.0,
        "npt_first_diff": [
          11,
          "11 10116.445646369561     2.516121436073 std 2 1840.7     12  480.2  -0.297  -1.614   -1993.0   0.00 0",
          "11 10116.445646369561     2.516121436078 std 2 1840.7     12  480.2  -0.297  -1.614   -1988.0   0.00 0"
        ]
      },
      "-0.002": {
        "changed_93_lines": 1456,
        "total_93_lines": 1761,
        "mean_delta_ns": -0.002000000000003112,
        "min_delta_ns": -0.0020000000004074536,
        "max_delta_ns": 0.0,
        "frfin_line_diff_count": 12,
        "frd_exact_match": true,
        "npt_line_diff_count": 1,
        "npt_time_of_flight_delta_s": -2.000177801164682e-12,
        "npt_pmm_delta_ps": -2.0,
        "npt_first_diff": [
          11,
          "11 10116.445646369561     2.516121436076 std 2 1840.7     12  480.2  -0.297  -1.614   -1990.0   0.00 0",
          "11 10116.445646369561     2.516121436078 std 2 1840.7     12  480.2  -0.297  -1.614   -1988.0   0.00 0"
        ]
      },
      "-0.001": {
        "changed_93_lines": 1456,
        "total_93_lines": 1761,
        "mean_delta_ns": -0.0010000000000047519,
        "min_delta_ns": -0.0010000000002037268,
        "max_delta_ns": 0.0,
        "frfin_line_diff_count": 12,
        "frd_exact_match": true,
        "npt_line_diff_count": 1,
        "npt_time_of_flight_delta_s": -1.000088900582341e-12,
        "npt_pmm_delta_ps": -1.0,
        "npt_first_diff": [
          11,
          "11 10116.445646369561     2.516121436077 std 2 1840.7     12  480.2  -0.297  -1.614   -1989.0   0.00 0",
          "11 10116.445646369561     2.516121436078 std 2 1840.7     12  480.2  -0.297  -1.614   -1988.0   0.00 0"
        ]
      },
      "+0.001": {
        "changed_93_lines": 1456,
        "total_93_lines": 1761,
        "mean_delta_ns": 0.0010000000000017883,
        "min_delta_ns": 0.0,
        "max_delta_ns": 0.0010000000002037268,
        "frfin_line_diff_count": 12,
        "frd_exact_match": true,
        "npt_line_diff_count": 1,
        "npt_time_of_flight_delta_s": 1.000088900582341e-12,
        "npt_pmm_delta_ps": 1.0,
        "npt_first_diff": [
          11,
          "11 10116.445646369561     2.516121436079 std 2 1840.7     12  480.2  -0.297  -1.614   -1987.0   0.00 0",
          "11 10116.445646369561     2.516121436078 std 2 1840.7     12  480.2  -0.297  -1.614   -1988.0   0.00 0"
        ]
      },
      "+0.002": {
        "changed_93_lines": 1456,
        "total_93_lines": 1761,
        "mean_delta_ns": 0.0020000000000075678,
        "min_delta_ns": 0.0,
        "max_delta_ns": 0.0020000000004074536,
        "frfin_line_diff_count": 12,
        "frd_exact_match": true,
        "npt_line_diff_count": 1,
        "npt_time_of_flight_delta_s": 2.000177801164682e-12,
        "npt_pmm_delta_ps": 2.0,
        "npt_first_diff": [
          11,
          "11 10116.445646369561     2.516121436080 std 2 1840.7     12  480.2  -0.297  -1.614   -1986.0   0.00 0",
          "11 10116.445646369561     2.516121436078 std 2 1840.7     12  480.2  -0.297  -1.614   -1988.0   0.00 0"
        ]
      },
      "+0.005": {
        "changed_93_lines": 1456,
        "total_93_lines": 1761,
        "mean_delta_ns": 0.005000000000001432,
        "min_delta_ns": 0.0,
        "max_delta_ns": 0.005000000001018634,
        "frfin_line_diff_count": 12,
        "frd_exact_match": true,
        "npt_line_diff_count": 1,
        "npt_time_of_flight_delta_s": 5.000000413701855e-12,
        "npt_pmm_delta_ps": 5.0,
        "npt_first_diff": [
          11,
          "11 10116.445646369561     2.516121436083 std 2 1840.7     12  480.2  -0.297  -1.614   -1983.0   0.00 0",
          "11 10116.445646369561     2.516121436078 std 2 1840.7     12  480.2  -0.297  -1.614   -1988.0   0.00 0"
        ]
      }
    },
    "odd_symmetry": [
      {
        "epsilon_ns": 0.001,
        "frrec_mean_sum_ns": -2.963558218271878e-15,
        "npt_tof_sum_s": 0.0,
        "npt_pmm_sum_ps": 0.0
      },
      {
        "epsilon_ns": 0.002,
        "frrec_mean_sum_ns": 4.455637248046429e-15,
        "npt_tof_sum_s": 0.0,
        "npt_pmm_sum_ps": 0.0
      },
      {
        "epsilon_ns": 0.005,
        "frrec_mean_sum_ns": 8.54091103397181e-15,
        "npt_tof_sum_s": 0.0,
        "npt_pmm_sum_ps": 0.0
      }
    ],
    "scaling": [
      {
        "epsilon_ns": 0.001,
        "frrec_gain": 1.0000000000017883,
        "npt_tof_gain_s_per_ns": 1.000088900582341e-09,
        "npt_pmm_gain_ps_per_ns": 1000.0
      },
      {
        "epsilon_ns": 0.002,
        "frrec_gain": 1.0000000000037839,
        "npt_tof_gain_s_per_ns": 1.000088900582341e-09,
        "npt_pmm_gain_ps_per_ns": 1000.0
      },
      {
        "epsilon_ns": 0.005,
        "frrec_gain": 1.0000000000002864,
        "npt_tof_gain_s_per_ns": 1.000000082740371e-09,
        "npt_pmm_gain_ps_per_ns": 1000.0
      }
    ]
  },
  "waveform": {
    "sample_stems": [
      "s25y11d016t0231#103",
      "s25y11d042t0234#103"
    ],
    "synthetic_model": {
      "kind": "slow_sine_synodic_like",
      "amplitude_ns": 0.005,
      "period_s": 2551442.8032,
      "t0_jd": 2415664,
      "t0_sod": 56466.13162457943,
      "phase_rad": 0.0
    },
    "runs": {
      "s25y11d016t0231#103": {
        "changed_93_lines": 1456,
        "total_93_lines": 1761,
        "mean_delta_ns": -0.0024148351648379273,
        "min_delta_ns": -0.0030000000006111804,
        "max_delta_ns": 0.0,
        "frfin_line_diff_count": 12,
        "frd_exact_match": true,
        "npt_line_diff_count": 1,
        "npt_time_of_flight_delta_s": -2.999822612537173e-12,
        "npt_pmm_delta_ps": -2.400000000000091,
        "npt_first_diff": [
          11,
          "11 10116.445646369561     2.516121436075 std 2 1840.7     12  480.2  -0.297  -1.614   -1990.4   0.00 0",
          "11 10116.445646369561     2.516121436078 std 2 1840.7     12  480.2  -0.297  -1.614   -1988.0   0.00 0"
        ]
      },
      "s25y11d042t0234#103": {
        "changed_93_lines": 256,
        "total_93_lines": 714,
        "mean_delta_ns": 0.001249999999999139,
        "min_delta_ns": 0.0,
        "max_delta_ns": 0.0020000000000095497,
        "frfin_line_diff_count": 9,
        "frd_exact_match": true,
        "npt_line_diff_count": 1,
        "npt_time_of_flight_delta_s": 1.000088900582341e-12,
        "npt_pmm_delta_ps": 0.0,
        "npt_first_diff": [
          12,
          "11 10517.382463431954     2.598984146810 std 2 1490.5      9  328.4   0.640  -0.929   -2499.5   2.72 0",
          "11 10517.382463431954     2.598984146809 std 2 1490.5      9  328.4   0.640  -0.929   -2499.5   4.67 0"
        ]
      }
    }
  },
  "assessment": "The bounded recalc seam survives constant and slow time-varying synthetic probes. The next valid escalation is a true prediction/state-level insertion test rather than a broader residual-level fudge layer."
}