{
  "status": "weakfield_local_state_gate_completed",
  "model": {
    "sigma_cases": [
      -0.001,
      -0.0005,
      0.0005,
      0.001
    ],
    "sigma2_fixed": 0.0,
    "analytic_sigma1_coeff_m": 13.1,
    "analytic_delta_sep_to_range_coeff_m": 29424977538.18508,
    "injection_class": "delta_r_rel = A_N * delta_SEP * u_ES(t), delta_v_rel = A_N * delta_SEP * d(u_ES)/dt"
  },
  "runs": {
    "s25y11d016t0231#103": {
      "-0.001": {
        "changed_93_lines": 1456,
        "total_93_lines": 1761,
        "mean_delta_ns": -0.058138736263734295,
        "min_delta_ns": -0.059000000001105946,
        "max_delta_ns": 0.0,
        "frfin_line_diff_count": 12,
        "frd_exact_match": true,
        "npt_line_diff_count": 1,
        "npt_time_of_flight_delta_s": 0.0,
        "npt_pmm_delta_ps": -58.09999999999991,
        "npt_first_diff": [
          11,
          "11 10116.445646369561     2.516121436078 std 2 1840.7     12  480.2  -0.297  -1.614   -2046.1   0.25 0",
          "11 10116.445646369561     2.516121436078 std 2 1840.7     12  480.2  -0.297  -1.614   -1988.0   0.00 0"
        ],
        "sigma1": -0.001,
        "sigma2": 0.0,
        "delta_sep": -4.452e-13,
        "relative_amp_m": -0.0131
      },
      "-0.0005": {
        "changed_93_lines": 1456,
        "total_93_lines": 1761,
        "mean_delta_ns": -0.029098901098904645,
        "min_delta_ns": -0.030000000000654836,
        "max_delta_ns": 0.0,
        "frfin_line_diff_count": 12,
        "frd_exact_match": true,
        "npt_line_diff_count": 1,
        "npt_time_of_flight_delta_s": 0.0,
        "npt_pmm_delta_ps": -29.09999999999991,
        "npt_first_diff": [
          11,
          "11 10116.445646369561     2.516121436078 std 2 1840.7     12  480.2  -0.297  -1.614   -2017.1   0.03 0",
          "11 10116.445646369561     2.516121436078 std 2 1840.7     12  480.2  -0.297  -1.614   -1988.0   0.00 0"
        ],
        "sigma1": -0.0005,
        "sigma2": 0.0,
        "delta_sep": -2.226e-13,
        "relative_amp_m": -0.00655
      },
      "+0.0005": {
        "changed_93_lines": 1456,
        "total_93_lines": 1761,
        "mean_delta_ns": 0.02909821428572112,
        "min_delta_ns": 0.0,
        "max_delta_ns": 0.030000000000654836,
        "frfin_line_diff_count": 12,
        "frd_exact_match": true,
        "npt_line_diff_count": 1,
        "npt_time_of_flight_delta_s": 0.0,
        "npt_pmm_delta_ps": 29.09999999999991,
        "npt_first_diff": [
          11,
          "11 10116.445646369561     2.516121436078 std 2 1840.7     12  480.2  -0.297  -1.614   -1958.9   0.00 0",
          "11 10116.445646369561     2.516121436078 std 2 1840.7     12  480.2  -0.297  -1.614   -1988.0   0.00 0"
        ],
        "sigma1": 0.0005,
        "sigma2": 0.0,
        "delta_sep": 2.226e-13,
        "relative_amp_m": 0.00655
      },
      "+0.001": {
        "changed_93_lines": 1456,
        "total_93_lines": 1761,
        "mean_delta_ns": 0.0581421703296742,
        "min_delta_ns": 0.0,
        "max_delta_ns": 0.059000000001105946,
        "frfin_line_diff_count": 12,
        "frd_exact_match": true,
        "npt_line_diff_count": 1,
        "npt_time_of_flight_delta_s": 0.0,
        "npt_pmm_delta_ps": 58.09999999999991,
        "npt_first_diff": [
          11,
          "11 10116.445646369561     2.516121436078 std 2 1840.7     12  480.2  -0.297  -1.614   -1929.9   0.25 0",
          "11 10116.445646369561     2.516121436078 std 2 1840.7     12  480.2  -0.297  -1.614   -1988.0   0.00 0"
        ],
        "sigma1": 0.001,
        "sigma2": 0.0,
        "delta_sep": 4.452e-13,
        "relative_amp_m": 0.0131
      }
    },
    "s25y11d042t0234#103": {
      "-0.001": {
        "changed_93_lines": 256,
        "total_93_lines": 714,
        "mean_delta_ns": 0.004128906249999625,
        "min_delta_ns": 0.0,
        "max_delta_ns": 0.005000000000023874,
        "frfin_line_diff_count": 9,
        "frd_exact_match": true,
        "npt_line_diff_count": 1,
        "npt_time_of_flight_delta_s": 0.0,
        "npt_pmm_delta_ps": 1.0,
        "npt_first_diff": [
          12,
          "11 10517.382463431954     2.598984146809 std 2 1490.5      9  328.4   0.640  -0.929   -2498.5   1.83 0",
          "11 10517.382463431954     2.598984146809 std 2 1490.5      9  328.4   0.640  -0.929   -2499.5   4.67 0"
        ],
        "sigma1": -0.001,
        "sigma2": 0.0,
        "delta_sep": -4.452e-13,
        "relative_amp_m": -0.0131
      },
      "-0.0005": {
        "changed_93_lines": 256,
        "total_93_lines": 714,
        "mean_delta_ns": 0.0019492187499998322,
        "min_delta_ns": 0.0,
        "max_delta_ns": 0.0020000000000095497,
        "frfin_line_diff_count": 9,
        "frd_exact_match": true,
        "npt_line_diff_count": 1,
        "npt_time_of_flight_delta_s": 0.0,
        "npt_pmm_delta_ps": 0.0,
        "npt_first_diff": [
          12,
          "11 10517.382463431954     2.598984146809 std 2 1490.5      9  328.4   0.640  -0.929   -2499.5   2.67 0",
          "11 10517.382463431954     2.598984146809 std 2 1490.5      9  328.4   0.640  -0.929   -2499.5   4.67 0"
        ],
        "sigma1": -0.0005,
        "sigma2": 0.0,
        "delta_sep": -2.226e-13,
        "relative_amp_m": -0.00655
      },
      "+0.0005": {
        "changed_93_lines": 256,
        "total_93_lines": 714,
        "mean_delta_ns": -0.0019218750000008656,
        "min_delta_ns": -0.0020000000000095497,
        "max_delta_ns": 0.0,
        "frfin_line_diff_count": 9,
        "frd_exact_match": true,
        "npt_line_diff_count": 1,
        "npt_time_of_flight_delta_s": 0.0,
        "npt_pmm_delta_ps": 0.0,
        "npt_first_diff": [
          12,
          "11 10517.382463431954     2.598984146809 std 2 1490.5      9  328.4   0.640  -0.929   -2499.5   1.80 0",
          "11 10517.382463431954     2.598984146809 std 2 1490.5      9  328.4   0.640  -0.929   -2499.5   4.67 0"
        ],
        "sigma1": 0.0005,
        "sigma2": 0.0,
        "delta_sep": 2.226e-13,
        "relative_amp_m": 0.00655
      },
      "+0.001": {
        "changed_93_lines": 256,
        "total_93_lines": 714,
        "mean_delta_ns": -0.0040898437500008844,
        "min_delta_ns": -0.005000000000023874,
        "max_delta_ns": 0.0,
        "frfin_line_diff_count": 9,
        "frd_exact_match": true,
        "npt_line_diff_count": 1,
        "npt_time_of_flight_delta_s": 0.0,
        "npt_pmm_delta_ps": 0.0,
        "npt_first_diff": [
          12,
          "11 10517.382463431954     2.598984146809 std 2 1490.5      9  328.4   0.640  -0.929   -2499.5   4.66 0",
          "11 10517.382463431954     2.598984146809 std 2 1490.5      9  328.4   0.640  -0.929   -2499.5   4.67 0"
        ],
        "sigma1": 0.001,
        "sigma2": 0.0,
        "delta_sep": 4.452e-13,
        "relative_amp_m": 0.0131
      }
    }
  },
  "odd_symmetry": {
    "s25y11d016t0231#103": [
      {
        "epsilon_sigma1": 0.0005,
        "frrec_mean_sum_ns": -6.868131835237323e-07,
        "npt_tof_sum_s": 0.0,
        "npt_pmm_sum_ps": 0.0
      },
      {
        "epsilon_sigma1": 0.001,
        "frrec_mean_sum_ns": 3.4340659399029194e-06,
        "npt_tof_sum_s": 0.0,
        "npt_pmm_sum_ps": 0.0
      }
    ],
    "s25y11d042t0234#103": [
      {
        "epsilon_sigma1": 0.0005,
        "frrec_mean_sum_ns": 2.7343749998966563e-05,
        "npt_tof_sum_s": 0.0,
        "npt_pmm_sum_ps": 0.0
      },
      {
        "epsilon_sigma1": 0.001,
        "frrec_mean_sum_ns": 3.9062499998740625e-05,
        "npt_tof_sum_s": 0.0,
        "npt_pmm_sum_ps": 1.0
      }
    ]
  },
  "scaling": {
    "s25y11d016t0231#103": [
      {
        "epsilon_sigma1": 0.0005,
        "frrec_gain_ns_per_sigma1": 58.19642857144224,
        "npt_pmm_gain_ps_per_sigma1": 58199.99999999982
      },
      {
        "epsilon_sigma1": 0.001,
        "frrec_gain_ns_per_sigma1": 58.142170329674194,