CONSERVATIVE TWO CARRIER STEP 4 {"classification": "Counterexample candidate", "step": 0, "time_seconds": 0.0, "elapsed_seconds": 4.343757793000009, "maximum_changes": [0.0, 0.0, 0.0, 0.0, 0.0], "maximum_local_energy_defect": 0.0, "maximum_local_baryon_defect": 0.0, "maximum_isotope_inventory_defect": 0.0, "isotope_inventory_defects": [0.0, 0.0, 0.0, 0.0, 0.0, 0.0, 0.0, 0.0, 0.0, 0.0, 0.0, 0.0, 0.0, 0.0, 0.0, 0.0, 0.0, 0.0, 0.0, 0.0, 0.0, 0.0, 0.0, 0.0, 0.0, 0.0], "total_energy_defect_over_initial_heat_capacity": 0.0, "relative_total_baryon_defect": 0.0, "maximum_local_rest_characteristic_speed_over_c": 0.32270080250607924, "maximum_characteristic_imaginary_part": 0.0, "sampled_cone_inside_light_cone": true}
CONSERVATIVE NATIVE STAGE 4 1 0 4410110.656379944
CONSERVATIVE NATIVE STAGE 4 1 1 1559493.4091326047
CONSERVATIVE NATIVE STAGE 4 1 2 14.18705844874486
CONSERVATIVE NATIVE STAGE 4 1 3 0.00010595905098074791
CONSERVATIVE TWO CARRIER STEP 4 {"classification": "Counterexample candidate", "step": 1, "time_seconds": 2.5706250555811038e-05, "elapsed_seconds": 5.027627635000016, "maximum_changes": [2.1796141195212879e-10, 0.0044176953253546375, 1.747957328797996e-10, 6.2699182059846366e-12, 6.269918173830352e-12], "maximum_local_energy_defect": 1.0595905079299627e-13, "maximum_local_baryon_defect": 3.0287668752053694e-24, "maximum_isotope_inventory_defect": 1.0115197961268797e-26, "isotope_inventory_defects": [-2.1560842853200837e-29, -1.1922197871936062e-46, 2.8571053336009263e-34, -1.0115197961268797e-26, 1.5155843090968496e-45, -1.523138273445269e-37, -3.7207461189409716e-43, -8.52665454385432e-31, -2.363734507008896e-31, -3.218725251611538e-38, -1.2047363472500485e-28, -4.988484681955796e-33, -9.130320611414891e-47, -7.778775226889171e-39, -1.6770868081046456e-29, -1.8235337455830822e-30, -5.529674911309932e-34, -3.376595625799658e-41, -7.686391547530166e-40, -1.6967379931632e-34, -8.478908639784497e-55, -1.4915018242794568e-49, -2.1678879136428937e-29, -5.340845757558674e-32, -4.193204359292275e-29, -6.389422216869911e-31], "total_energy_defect_over_initial_heat_capacity": -7.13010833233227e-17, "relative_total_baryon_defect": -1.0341198881103096e-26, "maximum_local_rest_characteristic_speed_over_c": 0.3205015096626215, "maximum_characteristic_imaginary_part": 0.0, "sampled_cone_inside_light_cone": true}
CONSERVATIVE NATIVE STAGE 4 2 0 9492873.284219595
CONSERVATIVE NATIVE STAGE 4 2 1 13203.290385367229
CONSERVATIVE NATIVE STAGE 4 2 2 16.29274909055434
CONSERVATIVE NATIVE STAGE 4 2 3 7.639269142657825e-05
CONSERVATIVE TWO CARRIER STEP 4 {"classification": "Counterexample candidate", "step": 2, "time_seconds": 5.1412501111622075e-05, "elapsed_seconds": 5.624350052000011, "maximum_changes": [5.812101254286533e-10, 0.00881546778733108, 3.4843329148294896e-10, 1.0755462019874645e-11, 1.075546196388522e-11], "maximum_local_energy_defect": 1.9220719331470735e-13, "maximum_local_baryon_defect": 4.044688247546752e-24, "maximum_isotope_inventory_defect": 1.3092782673275493e-26, "isotope_inventory_defects": [9.666089803474288e-29, 4.471031304271479e-46, 5.2524236472646084e-33, -1.3092782673275493e-26, 3.657554766539695e-43, 4.699497648062846e-37, 1.8293025393112147e-43, -1.0987640302473426e-30, -3.0467201349439174e-31, -3.7609253347224373e-38, -1.5603145419050028e-28, -6.467742330700014e-33, -1.122152934692163e-46, -9.00785987748672e-39, -2.0089027859053656e-29, -2.2704537983038992e-30, -6.352292636083232e-34, -3.241042101262837e-41, -7.56195233249855e-40, -1.7365618360295865e-34, -9.127241292159172e-55, -1.7932531029923e-49, -2.7875600047530413e-29, -7.00365663414552e-32, -5.392086977896696e-29, -8.232014415745157e-31], "total_energy_defect_over_initial_heat_capacity": -9.386394563322163e-17, "relative_total_baryon_defect": -1.3258531440750044e-26, "maximum_local_rest_characteristic_speed_over_c": 0.31797807708066467, "maximum_characteristic_imaginary_part": 0.0, "sampled_cone_inside_light_cone": true}
CONSERVATIVE NATIVE STAGE 4 3 0 11965973.518470423
CONSERVATIVE NATIVE STAGE 4 3 1 14450.860683391189
CONSERVATIVE NATIVE STAGE 4 3 2 18.275109767768853
CONSERVATIVE NATIVE STAGE 4 3 3 0.0003021507990053453
CONSERVATIVE TWO CARRIER STEP 4 {"classification": "Counterexample candidate", "step": 3, "time_seconds": 7.71187516674331e-05, "elapsed_seconds": 6.313850076000023, "maximum_changes": [1.1381373390836598e-09, 0.013173506431244314, 5.204362129294386e-10, 1.2955033675577268e-11, 1.2955033606151474e-11], "maximum_local_energy_defect": 1.1707720766034551e-13, "maximum_local_baryon_defect": 4.3666766844512095e-24, "maximum_isotope_inventory_defect": 8.39131416630989e-27, "isotope_inventory_defects": [-8.163312652167535e-29, -4.1327589130391704e-46, -1.5932641317335146e-33, -8.39131416630989e-27, -1.4399547290103851e-43, -4.817079994407623e-37, -7.994016417005486e-43, -7.453004018759267e-31, -2.0690982470646725e-31, -4.731142419309005e-38, -1.0017127095513939e-28, -4.117594905855083e-33, -1.3381009137801663e-46, -1.1463634591245841e-38, -1.3089840070143602e-29, -9.670573528094753e-31, -3.381425909271973e-34, -5.299412310491017e-41, -1.2028252004799427e-39, -1.0983693235346312e-34, -1.296647257924971e-54, -2.2236609592375128e-49, -1.760703102106906e-29, -4.773220707000221e-32, -3.406575151356698e-29, -5.1083348266368255e-31], "total_energy_defect_over_initial_heat_capacity": -7.397409439788503e-17, "relative_total_baryon_defect": -8.640138308940736e-27, "maximum_local_rest_characteristic_speed_over_c": 0.3150721129504501, "maximum_characteristic_imaginary_part": 0.0, "sampled_cone_inside_light_cone": true}
CONSERVATIVE NATIVE STAGE 4 4 0 14532759.783347601
CONSERVATIVE NATIVE STAGE 4 4 1 15367.5907585747
CONSERVATIVE NATIVE STAGE 4 4 2 10.439042556647728
CONSERVATIVE NATIVE STAGE 4 4 3 0.0003456819587273344
CONSERVATIVE TWO CARRIER STEP 4 {"classification": "Counterexample candidate", "step": 4, "time_seconds": 0.00010282500222324415, "elapsed_seconds": 6.936660220000022, "maximum_changes": [1.9048179607245003e-09, 0.01746694179919387, 6.90561421484465e-10, 1.2808405414161937e-11, 1.2808405341654219e-11], "maximum_local_energy_defect": 2.6849342479805157e-13, "maximum_local_baryon_defect": 4.463356769964773e-24, "maximum_isotope_inventory_defect": 6.603207073917818e-27, "isotope_inventory_defects": [-3.4319862719433547e-28, -1.6758621070295253e-45, -1.1718855757354998e-32, -6.603207073917818e-27, -8.980804888164801e-43, -1.857926124745012e-36, -2.212630235929481e-42, -6.353844574203118e-31, -1.766928041483837e-31, -5.919742725593134e-38, -7.888427111332913e-29, -3.199948017217221e-33, -1.5601048345594179e-46, -1.4507829945244278e-38, -1.2421712064968085e-29, -4.086176761919256e-31, -2.9536652717423627e-34, -7.941887984880723e-41, -1.764079799156828e-39, -1.3779193987425441e-34, -1.7513919309203368e-54, -2.6211102679356245e-49, -1.383915632997187e-29, -3.883841284422206e-32, -2.6812328648266255e-29, -3.9222824089769734e-31], "total_energy_defect_over_initial_heat_capacity": -4.577801522014199e-17, "relative_total_baryon_defect": -7.079725614295588e-27, "maximum_local_rest_characteristic_speed_over_c": 0.3118038697351925, "maximum_characteristic_imaginary_part": 0.0, "sampled_cone_inside_light_cone": true}
CONSERVATIVE NATIVE STAGE 4 5 0 37679792.24788873
CONSERVATIVE NATIVE STAGE 4 5 1 70242.65145595094
CONSERVATIVE NATIVE STAGE 4 5 2 947.6580989104643
CONSERVATIVE NATIVE STAGE 4 5 3 0.038635269727290165
CONSERVATIVE TWO CARRIER STEP 4 {"classification": "Counterexample candidate", "step": 5, "time_seconds": 0.0001542375033348662, "elapsed_seconds": 7.5327831470000035, "maximum_changes": [4.0862743044295504e-09, 0.0257413129213512, 1.0245543518022292e-09, 1.22777041967398e-11, 1.2277704163799547e-11], "maximum_local_energy_defect": 1.4365405733237352e-11, "maximum_local_baryon_defect": 3.061909975499229e-21, "maximum_isotope_inventory_defect": 2.179177118332982e-26, "isotope_inventory_defects": [9.853597132904623e-27, 4.75729580107395e-44, 3.8331293298068266e-31, 2.179177118332982e-26, 2.8577828138933556e-41, 5.255117254725492e-35, 5.391072292728154e-41, 2.2919057371377315e-30, 6.285330024359849e-31, 4.017976438933008e-37, 2.4971388289908683e-28, 9.854696492239008e-33, 6.589537381580791e-46, 1.0361488283271795e-37, 1.548747485179592e-28, 1.2187389264897038e-29, 7.878917539528608e-33, 9.630274907071036e-40, 2.0547302774001994e-38, 4.026327689959095e-33, 1.6014868290060925e-53, 1.3281944387207924e-48, 5.933827873008637e-29, 5.53836321520406e-32, 1.1544532697241152e-28, 1.6235642179312235e-30], "total_energy_defect_over_initial_heat_capacity": 1.8157817248147564e-16, "relative_total_baryon_defect": 3.2242533530069066e-26, "maximum_local_rest_characteristic_speed_over_c": 0.3044190645044134, "maximum_characteristic_imaginary_part": 0.0, "sampled_cone_inside_light_cone": true}
CONSERVATIVE NATIVE STAGE 4 6 0 42605023.21759912
CONSERVATIVE NATIVE STAGE 4 6 1 67925.5507563593
CONSERVATIVE NATIVE STAGE 4 6 2 1317.385895686188
CONSERVATIVE NATIVE STAGE 4 6 3 0.05023038734433582
CONSERVATIVE TWO CARRIER STEP 4 {"classification": "Counterexample candidate", "step": 6, "time_seconds": 0.0002056500044464883, "elapsed_seconds": 8.139814615000006, "maximum_changes": [7.135136630947915e-09, 0.033460411559995476, 1.3498009738486367e-09, 1.747832004697091e-11, 1.7478320001291006e-11], "maximum_local_energy_defect": 5.273029700314546e-11, "maximum_local_baryon_defect": 4.082528545288416e-21, "maximum_isotope_inventory_defect": 5.601345306459242e-26, "isotope_inventory_defects": [3.632500657363658e-26, 1.754271028320148e-43, 1.408989628242843e-30, 5.601345306459242e-26, 1.0513618115683366e-40, 1.9406090986205657e-34, 2.002082246472966e-40, 6.765444253360751e-30, 1.854553049975282e-30, 1.5808272016001524e-36, 6.37882732630993e-28, 2.4305266459778965e-32, 2.81944452093851e-45, 4.056520607005166e-37, 5.131651273256233e-28, 3.163383071231224e-29, 2.52131370563648e-32, 3.6789607121857594e-39, 7.880669216387461e-38, 1.3660564911226717e-32, 6.280883598363071e-53, 5.571344354337337e-48, 1.6199445256794454e-28, 1.1748967033451691e-31, 3.1624477960026276e-28, 4.265657760047603e-30], "total_energy_defect_over_initial_heat_capacity": 2.0996298506365863e-16, "relative_total_baryon_defect": 9.401560571697954e-26, "maximum_local_rest_characteristic_speed_over_c": 0.2962857681343266, "maximum_characteristic_imaginary_part": 0.0, "sampled_cone_inside_light_cone": true}
CONSERVATIVE NATIVE STAGE 4 7 0 50962665.98992081
CONSERVATIVE NATIVE STAGE 4 7 1 75592.32655219757
CONSERVATIVE NATIVE STAGE 4 7 2 1394.7875499543075
CONSERVATIVE NATIVE STAGE 4 7 3 0.07931039940228177
CONSERVATIVE TWO CARRIER STEP 4 {"classification": "Counterexample candidate", "step": 7, "time_seconds": 0.00025706250555811036, "elapsed_seconds": 9.400172824000009, "maximum_changes": [1.105132040584996e-08, 0.04049075837702394, 1.666185660451568e-09, 2.863473902038367e-11, 2.8634738949454506e-11], "maximum_local_energy_defect": 1.1839219369592347e-10, "maximum_local_baryon_defect": 4.422705365332322e-21, "maximum_isotope_inventory_defect": 1.0774811973537433e-25, "isotope_inventory_defects": [7.484247636751524e-26, 3.614830565244113e-43, 2.899199379217134e-30, 1.0774811973537433e-25, 2.1644079235431357e-40, 4.002242623104453e-34, 4.140346537815112e-40, 1.338653964576987e-29, 3.668464359110555e-30, 3.347297385216701e-36, 1.226392052344002e-27, 4.634363020070356e-32, 6.143344954594435e-45, 8.57542200338974e-37, 1.0375256644523987e-27, 6.002415371944276e-29, 5.04448856743566e-32, 7.694916063378766e-39, 1.6500088949467243e-37, 2.7684611666541224e-32, 1.3272749153683316e-52, 1.2096810475804347e-47, 3.1576717476674035e-28, 2.174315402558354e-31, 6.169383022047815e-28, 8.253765374251607e-30], "total_energy_defect_over_initial_heat_capacity": 1.0627543751114047e-16, "relative_total_baryon_defect": 1.8587830019968218e-25, "maximum_local_rest_characteristic_speed_over_c": 0.2878208084326205, "maximum_characteristic_imaginary_part": 0.0, "sampled_cone_inside_light_cone": true}
CONSERVATIVE NATIVE STAGE 4 8 0 58368340.661408424
CONSERVATIVE NATIVE STAGE 4 8 1 75565.27883253418
CONSERVATIVE NATIVE STAGE 4 8 2 1215.6971356475487
CONSERVATIVE NATIVE STAGE 4 8 3 0.11627307167240267
CONSERVATIVE TWO CARRIER STEP 4 {"classification": "Counterexample candidate", "step": 8, "time_seconds": 0.0003084750066697324, "elapsed_seconds": 10.369346564000011, "maximum_changes": [1.583333599775327e-08, 0.04672256494760787, 1.9797543503144437e-09, 5.3835954495272933e-11, 5.383595433703945e-11], "maximum_local_energy_defect": 2.0715088146878025e-10, "maximum_local_baryon_defect": 4.536058405940877e-21, "maximum_isotope_inventory_defect": 1.6814242321118088e-25, "isotope_inventory_defects": [1.2045679273262495e-25, 5.8191843515229275e-43, 4.6587831872504005e-30, 1.6814242321118088e-25, 3.480268624601393e-40, 6.4512871793371554e-34, 6.70174675492872e-40, 2.1049460640138632e-29, 5.763942118595482e-30, 5.566903092934539e-36, 1.9110574991697745e-27, 7.197715820203144e-32, 1.0476094642506996e-44, 1.4238458225532282e-36, 1.6576605641102953e-27, 9.506890055417071e-29, 8.071936282622068e-32, 1.260461392424106e-38, 2.707224559903558e-37, 4.439135737332188e-32, 2.199034700130635e-52, 2.0628028765832364e-47, 4.958885734456125e-28, 3.316165367621077e-31, 9.689641053246808e-28, 1.2899329397708447e-29], "total_energy_defect_over_initial_heat_capacity": 6.55958623471002e-19, "relative_total_baryon_defect": 2.937789903512581e-25, "maximum_local_rest_characteristic_speed_over_c": 0.27938801293999593, "maximum_characteristic_imaginary_part": 0.0, "sampled_cone_inside_light_cone": true}
CONSERVATIVE NATIVE STAGE 4 9 0 143679204.0266436
CONSERVATIVE NATIVE STAGE 4 9 1 314658.1106512956
CONSERVATIVE NATIVE STAGE 4 9 2 8178.327764969579
CONSERVATIVE NATIVE STAGE 4 9 3 2.3213560413180283
CONSERVATIVE NATIVE STAGE 4 9 4 0.00048639926120237553
CONSERVATIVE TWO CARRIER STEP 4 {"classification": "Counterexample candidate", "step": 9, "time_seconds": 0.0004113000088929766, "elapsed_seconds": 10.958045429999999, "maximum_changes": [2.7982699748800958e-08, 0.05644512325377317, 2.639434345992311e-09, 1.1240294924799377e-10, 1.1240294889904577e-10], "maximum_local_energy_defect": 2.7805636321137987e-10, "maximum_local_baryon_defect": 4.626744634788441e-21, "maximum_isotope_inventory_defect": 2.203750198956424e-25, "isotope_inventory_defects": [1.5697443502989046e-25, 7.584079371531591e-43, 6.067423715099176e-30, 2.203750198956424e-25, 4.533701303486595e-40, 8.413073240109224e-34, 8.754844263280217e-40, 2.749368448521378e-29, 7.527283367932678e-30, 7.342874844254614e-36, 2.505055498934137e-27, 9.441527026066095e-32, 1.3947903068395902e-44, 1.8774986585965683e-36, 2.161349403824855e-27, 1.2434845563438578e-28, 1.0531087943042059e-31, 1.6545105921531805e-38, 3.5567369352962614e-37, 5.787379035340369e-32, 2.8995433285251392e-52, 2.7564898838191172e-47, 6.486414714113384e-28, 4.415149403698416e-31, 1.267317078258462e-27, 1.6873071202325325e-29], "total_energy_defect_over_initial_heat_capacity": -5.4683172372558914e-17, "relative_total_baryon_defect": 3.841250068369627e-25, "maximum_local_rest_characteristic_speed_over_c": 0.2638660177210988, "maximum_characteristic_imaginary_part": 0.0, "sampled_cone_inside_light_cone": true}
CONSERVATIVE NATIVE STAGE 4 10 0 149424851.99902374
CONSERVATIVE NATIVE STAGE 4 10 1 161267.788249727
CONSERVATIVE NATIVE STAGE 4 10 2 2290.141020226245
CONSERVATIVE NATIVE STAGE 4 10 3 3.422792703020387
CONSERVATIVE NATIVE STAGE 4 10 4 0.0001290489331649876
CONSERVATIVE TWO CARRIER STEP 4 {"classification": "Counterexample candidate", "step": 10, "time_seconds": 0.0005141250111162207, "elapsed_seconds": 11.626341906000022, "maximum_changes": [4.355742989226926e-08, 0.06233695645895632, 3.298910932293551e-09, 1.7494102223447205e-10, 1.7494102170263953e-10], "maximum_local_energy_defect": 3.017089030106596e-10, "maximum_local_baryon_defect": 4.656975045389624e-21, "maximum_isotope_inventory_defect": 2.4437059405478214e-25, "isotope_inventory_defects": [1.6916251958086719e-25, 8.17285613594971e-43, 6.537462499463366e-30, 2.4437059405478214e-25, 4.885333341097307e-40, 9.066007924254249e-34, 9.429797568151108e-40, 3.014996556139957e-29, 8.255868004510758e-30, 7.936817914027775e-36, 2.7812440679337567e-27, 1.0517870221176393e-31, 1.511867728943949e-44, 2.02933037642552e-36, 2.3415758554867317e-27, 1.3586108591648808e-28, 1.1401418826716142e-31, 1.786167227665892e-38, 3.840379950581415e-37, 6.252709190781366e-32, 3.1344024234753466e-52, 2.9798888951266894e-47, 7.142232867940881e-28, 5.09104050538179e-31, 1.3951507136514221e-27, 1.8644317762456497e-29], "total_energy_defect_over_initial_heat_capacity": -4.223163511275955e-17, "relative_total_baryon_defect": 4.209726455461067e-25, "maximum_local_rest_characteristic_speed_over_c": 0.2510875745524797, "maximum_characteristic_imaginary_part": 0.0, "sampled_cone_inside_light_cone": true}
CONSERVATIVE NATIVE STAGE 4 11 0 166821811.65438277
CONSERVATIVE NATIVE STAGE 4 11 1 46782.28246509502
CONSERVATIVE NATIVE STAGE 4 11 2 216.78083472740113
CONSERVATIVE NATIVE STAGE 4 11 3 1.375288375805848
CONSERVATIVE NATIVE STAGE 4 11 4 9.046834536547934e-05
CONSERVATIVE TWO CARRIER STEP 4 {"classification": "Counterexample candidate", "step": 11, "time_seconds": 0.0006169500133394648, "elapsed_seconds": 12.598351421000018, "maximum_changes": [6.252698833772375e-08, 0.06440644204421415, 3.958137859806519e-09, 2.3474555331886655e-10, 2.3474555263777947e-10], "maximum_local_energy_defect": 3.095942767650425e-10, "maximum_local_baryon_defect": 4.667062132777326e-21, "maximum_isotope_inventory_defect": 2.665227869515628e-25, "isotope_inventory_defects": [1.7329733821143045e-25, 8.372228790390801e-43, 6.69680196678096e-30, 2.665227869515628e-25, 5.004523123427002e-40, 9.285791790958722e-34, 9.66638569783834e-40, 3.214333744000736e-29, 8.804904306917298e-30, 8.140224398054528e-36, 3.040946280176992e-27, 1.1577687479752681e-31, 1.5528467637188022e-44, 2.0810471553754954e-36, 2.4290243312437466e-27, 1.4385723581693366e-28, 1.181524502258409e-31, 1.830503929734221e-38, 3.937257542059935e-37, 6.446984188383558e-32, 3.2151511946496782e-52, 3.0697417150646734e-47, 7.674043280491168e-28, 5.981777772973134e-31, 1.4983731444204332e-27, 2.0170749837542875e-29], "total_energy_defect_over_initial_heat_capacity": 1.6319440297725586e-16, "relative_total_baryon_defect": 4.477817207846379e-25, "maximum_local_rest_characteristic_speed_over_c": 0.25729110513852826, "maximum_characteristic_imaginary_part": 0.0, "sampled_cone_inside_light_cone": true}
CONSERVATIVE NATIVE STAGE 4 12 0 181518762.86428636
CONSERVATIVE NATIVE STAGE 4 12 1 33126.07033567752
CONSERVATIVE NATIVE STAGE 4 12 2 64.51046652590507
CONSERVATIVE NATIVE STAGE 4 12 3 0.057434509849150606
CONSERVATIVE TWO CARRIER STEP 4 {"classification": "Counterexample candidate", "step": 12, "time_seconds": 0.0007197750155627091, "elapsed_seconds": 13.40025974400001, "maximum_changes": [8.485350124860444e-08, 0.06287548017519111, 4.6170666881731766e-09, 2.860432262784781e-10, 2.860432255009223e-10], "maximum_local_energy_defect": 3.1494146632354674e-10, "maximum_local_baryon_defect": 6.7041518117077724e-21, "maximum_isotope_inventory_defect": 2.101731369530255e-25, "isotope_inventory_defects": [1.6451816768695673e-25, 7.970436954907554e-43, 6.209445504327772e-30, 2.101731369530255e-25, 4.6823113734583895e-40, 8.9787138477489e-34, 9.836995202605588e-40, 2.682641294433058e-29, 7.314615004588117e-30, 1.1338888926227814e-35, 2.3621549339797334e-27, 8.761932865875321e-32, 2.6071431082259986e-44, 2.856736716574763e-36, 2.2141394318101412e-27, 1.2948027563175063e-28, 1.102144921391495e-31, 2.1603631915920027e-38, 4.723774421312991e-37, 6.017444020155818e-32, 4.2044502530229046e-52, 5.0986956338288525e-47, 6.288677044183435e-28, 3.907869533565904e-31, 1.2255497627298802e-27, 1.595596474794956e-29], "total_energy_defect_over_initial_heat_capacity": 7.398418842987008e-17, "relative_total_baryon_defect": 3.8132844727043525e-25, "maximum_local_rest_characteristic_speed_over_c": 0.2656793274577938, "maximum_characteristic_imaginary_part": 0.0, "sampled_cone_inside_light_cone": true}
CONSERVATIVE NATIVE STAGE 4 13 0 432707021.2162597
CONSERVATIVE NATIVE STAGE 4 13 1 16117752.564372627
CONSERVATIVE NATIVE STAGE 4 13 2 14078.819161205776
CONSERVATIVE NATIVE STAGE 4 13 3 27.395985764191597
CONSERVATIVE NATIVE STAGE 4 13 4 0.005532470560231425
CONSERVATIVE TWO CARRIER STEP 4 {"classification": "Counterexample candidate", "step": 13, "time_seconds": 0.0009254250200091973, "elapsed_seconds": 14.253655837000025, "maximum_changes": [1.3934459451218356e-07, 0.05165411778217424, 5.933793786822964e-09, 3.4400825516494397e-10, 3.440082543917343e-10], "maximum_local_energy_defect": 3.1934566888101466e-10, "maximum_local_baryon_defect": 2.7864696317034627e-20, "maximum_isotope_inventory_defect": 1.7549735918572244e-25, "isotope_inventory_defects": [1.5758359221712813e-25, 7.65242504843443e-43, 5.821479511230138e-30, 1.7549735918572244e-25, 4.4267075793572844e-40, 8.751346523274963e-34, 9.974869368765526e-40, 2.340746156082173e-29, 6.353387788616496e-30, 1.3921213669413948e-35, 1.9425195082931638e-27, 7.02264564198709e-32, 3.4552723117029707e-44, 3.482201338722548e-36, 2.0623771025113256e-27, 1.2090814064852392e-28, 1.0474392986486733e-31, 2.4246922827562847e-38, 5.357644386662154e-37, 5.702583844241997e-32, 4.9990619418634795e-52, 6.723336073551596e-47, 5.410274875752245e-28, 2.7352559194763614e-31, 1.051757138347603e-27, 1.3268567143439063e-29], "total_energy_defect_over_initial_heat_capacity": 1.4529834987994357e-16, "relative_total_baryon_defect": 3.388680415284178e-25, "maximum_local_rest_characteristic_speed_over_c": 0.28218090660273176, "maximum_characteristic_imaginary_part": 0.0, "sampled_cone_inside_light_cone": true}
CONSERVATIVE NATIVE STAGE 4 14 0 529723428.7683722
CONSERVATIVE NATIVE STAGE 4 14 1 624603.9875603052
CONSERVATIVE NATIVE STAGE 4 14 2 12495.135717170044
CONSERVATIVE NATIVE STAGE 4 14 3 37.44774123552717
CONSERVATIVE NATIVE STAGE 4 14 4 0.05930255487227666
CONSERVATIVE TWO CARRIER STEP 4 {"classification": "Counterexample candidate", "step": 14, "time_seconds": 0.0011310750244556856, "elapsed_seconds": 15.087259931000006, "maximum_changes": [2.0656948042043377e-07, 0.04066800237692015, 7.248697425743997e-09, 3.3057190230093425e-10, 3.3057190177484413e-10], "maximum_local_energy_defect": 3.0150466646225757e-10, "maximum_local_baryon_defect": 3.7150328008089175e-20, "maximum_isotope_inventory_defect": 1.829625311411823e-25, "isotope_inventory_defects": [1.534759780503944e-25, 7.449809660874393e-43, 5.6925605077085146e-30, 1.829625311411823e-25, 4.321744669367464e-40, 8.509633153490467e-34, 9.635933697691908e-40, 2.3450436942783173e-29, 6.362895811067511e-30, 1.2992754596629329e-35, 2.0341599498341372e-27, 7.459355017575638e-32, 3.1834881956204163e-44, 3.25443277732316e-36, 2.0354349356320056e-27, 1.237585951337116e-28, 1.0363698840453122e-31, 2.2934912514076014e-38, 5.0440194997773156e-37, 5.608109853698672e-32, 4.6884325131469896e-52, 6.217179261044041e-47, 5.546280356821171e-28, 3.1720763750665476e-31, 1.0784567445233173e-27, 1.3768614394580583e-29], "total_energy_defect_over_initial_heat_capacity": 4.991830513464653e-16, "relative_total_baryon_defect": 3.4230813605432996e-25, "maximum_local_rest_characteristic_speed_over_c": 0.29285290241785966, "maximum_characteristic_imaginary_part": 0.0, "sampled_cone_inside_light_cone": true}
CONSERVATIVE NATIVE STAGE 4 15 0 719579550.3475388
CONSERVATIVE NATIVE STAGE 4 15 1 924553.1834423713
CONSERVATIVE NATIVE STAGE 4 15 2 52561.17858655738
CONSERVATIVE NATIVE STAGE 4 15 3 1365.7311480323556
CONSERVATIVE NATIVE STAGE 4 15 4 0.2745899422549634
CONSERVATIVE TWO CARRIER STEP 4 {"classification": "Counterexample candidate", "step": 15, "time_seconds": 0.001336725028902174, "elapsed_seconds": 15.892788198000005, "maximum_changes": [2.860073474897597e-07, 0.03492337429081838, 8.561409193453942e-09, 2.5255113393282773e-10, 2.5255113379779877e-10], "maximum_local_energy_defect": 3.506372561025434e-10, "maximum_local_baryon_defect": 4.0248044755239034e-20, "maximum_isotope_inventory_defect": 2.2361237308818916e-25, "isotope_inventory_defects": [1.6172097736177774e-25, 7.89964216174515e-43, 5.6714569013402685e-30, 2.2361237308818916e-25, 4.401863145743945e-40, 9.318592320387945e-34, 1.1662826073570254e-39, 2.8110102543473876e-29, 7.63380205204149e-30, 2.1640305345589354e-35, 2.4836598824325455e-27, 9.116474269362917e-32, 5.839755482810503e-44, 5.363529683872366e-36, 2.162664481937552e-27, 1.3517081831312029e-28, 1.1115813481877256e-31, 3.330293262614399e-38, 7.483201122054574e-37, 5.885240596994301e-32, 7.477401591017547e-52, 1.1264874520822984e-46, 6.3947974636125365e-28, 5.437515649707396e-31, 1.2343984199418477e-27, 1.5782818437332473e-29], "total_energy_defect_over_initial_heat_capacity": 7.537669598581643e-16, "relative_total_baryon_defect": 3.91983631746376e-25, "maximum_local_rest_characteristic_speed_over_c": 0.2935164593596455, "maximum_characteristic_imaginary_part": 0.0, "sampled_cone_inside_light_cone": true}
CONSERVATIVE NATIVE STAGE 4 16 0 974554350.1747029
CONSERVATIVE NATIVE STAGE 4 16 1 563105.5772594541
CONSERVATIVE NATIVE STAGE 4 16 2 14836.920429254542
CONSERVATIVE NATIVE STAGE 4 16 3 534.4693663556171
CONSERVATIVE NATIVE STAGE 4 16 4 0.03777330005206344
CONSERVATIVE TWO CARRIER STEP 4 {"classification": "Counterexample candidate", "step": 16, "time_seconds": 0.0015423750333486623, "elapsed_seconds": 16.77016602400002, "maximum_changes": [3.77030909023873e-07, 0.029242480652158447, 9.871543821281103e-09, 1.5284052458575979e-10, 1.528405243432077e-10], "maximum_local_energy_defect": 3.7185307284983965e-10, "maximum_local_baryon_defect": 4.12814405754817e-20, "maximum_isotope_inventory_defect": 2.53260670518978e-25, "isotope_inventory_defects": [1.6756729661841358e-25, 8.218191012026666e-43, 5.672723699630815e-30, 2.53260670518978e-25, 4.4665934773184146e-40, 9.869401030975435e-34, 1.2956820365305437e-39, 3.1482018308295717e-29, 8.557582742701275e-30, 2.7387685592665404e-35, 2.813504973125728e-27, 1.0340983152799041e-31, 7.605869028891843e-44, 6.762788560714943e-36, 2.255963815617106e-27, 1.4371700557195768e-28, 1.1660018265369534e-31, 4.0257013503054896e-38, 9.104355158396995e-37, 6.089588632644941e-32, 9.330920871363591e-52, 1.4587166563079637e-46, 7.02078594053429e-28, 7.049402028864116e-31, 1.3500538458385296e-27, 1.7297437651664235e-29], "total_energy_defect_over_initial_heat_capacity": 9.16714989595743e-16, "relative_total_baryon_defect": 4.280820821759231e-25, "maximum_local_rest_characteristic_speed_over_c": 0.29556136599801885, "maximum_characteristic_imaginary_part": 0.0, "sampled_cone_inside_light_cone": true}
CONSERVATIVE NATIVE STAGE 4 17 0 2728885951.758256
CONSERVATIVE NATIVE STAGE 4 17 1 566374.8470295116
CONSERVATIVE NATIVE STAGE 4 17 2 72715.60579720329
CONSERVATIVE NATIVE STAGE 4 17 3 1611.64221037308
CONSERVATIVE NATIVE STAGE 4 17 4 2.446207962890897
CONSERVATIVE NATIVE STAGE 4 17 5 0.0008212180733201761
CONSERVATIVE TWO CARRIER STEP 4 {"classification": "Counterexample candidate", "step": 17, "time_seconds": 0.0019536750422416388, "elapsed_seconds": 17.86990458400001, "maximum_changes": [5.901562982975475e-07, 0.02558320129228258, 1.248220854064438e-08, 1.3828577887856898e-10, 1.3828577868456684e-10], "maximum_local_energy_defect": 3.888283184314258e-10, "maximum_local_baryon_defect": 1.907855976241176e-18, "maximum_isotope_inventory_defect": 5.37633934675508e-25, "isotope_inventory_defects": [-8.726943641553363e-26, -5.580859390829198e-43, 5.6663250679249876e-30, 5.37633934675508e-25, 4.2926627682500955e-40, 9.044361329308198e-34, 1.204945833393252e-39, 7.96302064620343e-29, 2.2266589107860374e-29, -2.2308306920877835e-34, 6.651019448114468e-27, 2.419510774204071e-31, -1.07500152318837e-42, -5.336409669751443e-35, -4.249190385652572e-27, -2.245040570290016e-28, -2.760761306157998e-31, -4.483552722516534e-37, -1.0165318640786131e-35, -1.2112385257693384e-31, -9.859116428860763e-51, -1.534438040116099e-45, 4.416102437008488e-28, 5.570061760297287e-30, 5.189063285701079e-28, 7.896211897594331e-30], "total_energy_defect_over_initial_heat_capacity": 8.983226034947513e-16, "relative_total_baryon_defect": 4.534967628810899e-25, "maximum_local_rest_characteristic_speed_over_c": 0.31706396167163386, "maximum_characteristic_imaginary_part": 0.0, "sampled_cone_inside_light_cone": true}
CONSERVATIVE NATIVE STAGE 4 18 0 3276639006.0443583
CONSERVATIVE NATIVE STAGE 4 18 1 594902.3024794002
CONSERVATIVE NATIVE STAGE 4 18 2 83588.51101780239
CONSERVATIVE NATIVE STAGE 4 18 3 145.96284737136847
CONSERVATIVE NATIVE STAGE 4 18 4 1.2463480513611453
CONSERVATIVE NATIVE STAGE 4 18 5 0.0022441258082909346
CONSERVATIVE TWO CARRIER STEP 4 {"classification": "Counterexample candidate", "step": 18, "time_seconds": 0.0023649750511346153, "elapsed_seconds": 18.63017693399999, "maximum_changes": [8.389732923373237e-07, 0.04591279500018143, 1.507757279504756e-08, 1.1227262613627266e-10, 1.1227262599638719e-10], "maximum_local_energy_defect": 3.9449308005450605e-10, "maximum_local_baryon_defect": 8.322209526172979e-18, "maximum_isotope_inventory_defect": 1.4281617004669674e-24, "isotope_inventory_defects": [-9.59254879118409e-25, -5.2784089859143634e-42, 5.6130604232279764e-30, 1.4281617004669674e-24, 3.5397541133630784e-40, 4.858181576435562e-34, 5.82651228308358e-40, 2.3394615996617396e-28, 6.628350468204158e-29, -1.080047359769441e-33, 1.8830951077093224e-26, 6.810380575258136e-31, -4.99249045636957e-42, -2.5912424299551535e-34, -2.636641659237455e-26, -1.4841108913398543e-27, -1.611051352693859e-30, -2.1100359723154977e-36, -4.783958188871592e-35, -7.386846765651805e-31, -4.663547262778372e-50, -7.275084570122985e-45, -5.758674430420211e-28, 2.15843084551088e-29, -2.5377436544819073e-27, -2.708672252301218e-29], "total_energy_defect_over_initial_heat_capacity": 8.300330878148336e-16, "relative_total_baryon_defect": 4.569534072977206e-25, "maximum_local_rest_characteristic_speed_over_c": 0.3049541754185051, "maximum_characteristic_imaginary_part": 0.0, "sampled_cone_inside_light_cone": true}
CONSERVATIVE NATIVE STAGE 4 19 0 3921620952.7554917
CONSERVATIVE NATIVE STAGE 4 19 1 282290.15788819914
CONSERVATIVE NATIVE STAGE 4 19 2 80994.00362890374
CONSERVATIVE NATIVE STAGE 4 19 3 1985.9401875072474
CONSERVATIVE NATIVE STAGE 4 19 4 50.691329783277055
CONSERVATIVE NATIVE STAGE 4 19 5 0.00749938397279557
CONSERVATIVE TWO CARRIER STEP 4 {"classification": "Counterexample candidate", "step": 19, "time_seconds": 0.002776275060027592, "elapsed_seconds": 19.341787863000008, "maximum_changes": [1.1160817526090043e-06, 0.05302537165817002, 1.7654743128102473e-08, 2.0836351778332272e-10, 2.0836351739286113e-10], "maximum_local_energy_defect": 3.9637800382338835e-10, "maximum_local_baryon_defect": 8.875031166630072e-18, "maximum_isotope_inventory_defect": 1.3828946662542039e-24, "isotope_inventory_defects": [1.3828946662542039e-24, 7.401415974019854e-42, 5.84325478968404e-30, -9.661430759755339e-25, 5.597914819819344e-40, 1.6410007117677002e-33, 2.3626760868812568e-39, -1.793195111004598e-28, -5.161188621402012e-29, 1.222178731928144e-33, -1.3922352056537948e-26, -5.016663495294373e-31, 5.523578842856316e-42, 2.936503210265037e-34, 3.2932809757775336e-26, 1.8897342019984195e-27, 1.969450282965852e-30, 2.3499488236327794e-36, 5.326888189498773e-35, 9.175677271570517e-31, 5.211916843186391e-50, 8.140293020575652e-45, 2.1324102286896968e-27, -2.1355687922618708e-29, 5.6137206054536904e-27, 6.581201879847279e-29], "total_energy_defect_over_initial_heat_capacity": 5.802642241188703e-16, "relative_total_baryon_defect": 4.450911304537243e-25, "maximum_local_rest_characteristic_speed_over_c": 0.29618830379011907, "maximum_characteristic_imaginary_part": 0.0, "sampled_cone_inside_light_cone": true}
CONSERVATIVE NATIVE STAGE 4 20 0 4479381325.836912
CONSERVATIVE NATIVE STAGE 4 20 1 321721.4067320439
CONSERVATIVE NATIVE STAGE 4 20 2 68457.5731368275
CONSERVATIVE NATIVE STAGE 4 20 3 7647.402550380279
CONSERVATIVE NATIVE STAGE 4 20 4 362.7224546163253
CONSERVATIVE NATIVE STAGE 4 20 5 0.013838234630902316
CONSERVATIVE TWO CARRIER STEP 4 {"classification": "Counterexample candidate", "step": 20, "time_seconds": 0.0031875750689205687, "elapsed_seconds": 20.045558565999983, "maximum_changes": [1.413118860766243e-06, 0.04741749625314217, 2.0210712690387196e-08, 2.664720848886473e-10, 2.6647208445679095e-10], "maximum_local_energy_defect": 3.9700168208301745e-10, "maximum_local_baryon_defect": 5.028314999476463e-17, "maximum_isotope_inventory_defect": 7.022879868298007e-24, "isotope_inventory_defects": [7.022879868298007e-24, 3.7935084363204566e-41, 6.564668657747087e-30, -6.712983086856845e-24, 1.0562174976620072e-39, 4.4176872048865125e-33, 6.61180422193192e-39, -1.1733444302645408e-27, -3.351944613970133e-28, 6.765963399158403e-33, -9.256750621175892e-26, -3.339798331330488e-30, 3.0848043704069284e-41, 1.6247581645889896e-33, 1.7579101777963097e-25, 1.0021354055993278e-26, 1.0593985135286708e-29, 1.3091246874071476e-35, 2.967789031941427e-34, 4.907161948186783e-30, 2.899376437798135e-49, 4.527063637465331e-44, 8.700184835874576e-27, -1.2469122857574362e-28, 2.5334786871694592e-26, 2.9097679565418597e-28], "total_energy_defect_over_initial_heat_capacity": 3.931972343884838e-16, "relative_total_baryon_defect": 4.35682802923169e-25, "maximum_local_rest_characteristic_speed_over_c": 0.3103944809383137, "maximum_characteristic_imaginary_part": 0.0, "sampled_cone_inside_light_cone": true}
CONSERVATIVE NATIVE STAGE 4 21 0 11338066157.645548
CONSERVATIVE NATIVE STAGE 4 21 1 2840518.7098650485
CONSERVATIVE NATIVE STAGE 4 21 2 200729.70104712062
CONSERVATIVE NATIVE STAGE 4 21 3 107165.77657355163
CONSERVATIVE NATIVE STAGE 4 21 4 3426.082754938416
CONSERVATIVE NATIVE STAGE 4 21 5 54.29665045688609
CONSERVATIVE NATIVE STAGE 4 21 6 5.1964238300229315
CONSERVATIVE NATIVE STAGE 4 21 7 0.05855627262941218
CONSERVATIVE TWO CARRIER STEP 4 {"classification": "Counterexample candidate", "step": 21, "time_seconds": 0.004010175086706522, "elapsed_seconds": 21.008323243000035, "maximum_changes": [2.1457438208001774e-06, 0.056519569129760874, 2.5244624211707952e-08, 1.9645456978764102e-10, 1.9645456972470358e-10], "maximum_local_energy_defect": 3.9750004306990687e-10, "maximum_local_baryon_defect": 5.242624926519855e-17, "maximum_isotope_inventory_defect": 7.517535261633432e-24, "isotope_inventory_defects": [-6.968284608795947e-24, -3.779695372829973e-41, 2.7552973844365856e-30, 7.517535261633432e-24, -1.760588155475747e-40, -2.5170209395556544e-33, -3.9474348112140823e-39, 1.2899048684546255e-27, 3.6755530547163425e-28, -6.983175324857459e-33, 1.02222674455617e-25, 3.685751480587736e-30, -3.196113383732219e-41, -1.6765815399396527e-33, -1.7861464138658681e-25, -1.0153445910458882e-26, -1.080015615765599e-29, -1.3549466371886126e-35, -3.0719515185135714e-34, -4.990897381105053e-30, -2.9987634821691774e-49, -4.682435857730523e-44, -7.646832314826313e-27, 1.3152067222419605e-28, -2.3688713798017368e-26, -2.6921187118586426e-28], "total_energy_defect_over_initial_heat_capacity": 2.918421445093033e-16, "relative_total_baryon_defect": 4.327361071097135e-25, "maximum_local_rest_characteristic_speed_over_c": 0.3086072448555296, "maximum_characteristic_imaginary_part": 0.0, "sampled_cone_inside_light_cone": true}
CONSERVATIVE NATIVE STAGE 4 22 0 13208012430.582968
CONSERVATIVE NATIVE STAGE 4 22 1 3251930.021973435
CONSERVATIVE NATIVE STAGE 4 22 2 25018.297826075806
CONSERVATIVE NATIVE STAGE 4 22 3 12490.206599813038
CONSERVATIVE NATIVE STAGE 4 22 4 6245.213618311672
CONSERVATIVE NATIVE STAGE 4 22 5 3122.614994723785
CONSERVATIVE NATIVE STAGE 4 22 6 1561.3099596159198
CONSERVATIVE NATIVE STAGE 4 22 7 1366.146563578829
CONSERVATIVE NATIVE STAGE 4 22 8 1280.762583976287
CONSERVATIVE NATIVE STAGE 4 22 9 1270.7566469049282
CONSERVATIVE NATIVE STAGE 4 22 10 33.971660157552236
CONSERVATIVE NATIVE STAGE 4 22 11 0.01760771386257953
CONSERVATIVE TWO CARRIER STEP 4 {"classification": "Counterexample candidate", "step": 22, "time_seconds": 0.004832775104492475, "elapsed_seconds": 22.00532829200003, "maximum_changes": [3.10001397310027e-06, 0.06117510172614876, 3.015564878772833e-08, 1.465532993225753e-10, 1.4655329933648826e-10], "maximum_local_energy_defect": 3.976637630238868e-10, "maximum_local_baryon_defect": 8.703424904987944e-17, "maximum_isotope_inventory_defect": 1.3754913205215017e-23, "isotope_inventory_defects": [-1.150335522466639e-23, -6.234833445329777e-41, 1.565689587222506e-30, 1.3754913205215017e-23, -5.734301194823231e-40, -4.798425558678339e-33, -7.464900030705247e-39, 2.3084485954852316e-27, 6.568494499799802e-28, -1.1377441606478215e-32, 1.838754156001389e-25, 6.638439654938844e-30, -5.257620120239311e-41, -2.7322561464909433e-33, -2.9481207809217317e-25, -1.6818343067166985e-26, -1.786775084595841e-29, -2.2356328735324223e-35, -5.075549499530039e-34, -8.276659763243025e-30, -4.955779623246208e-49, -7.743955098213575e-44, -1.0244396774320283e-26, 2.2593792026477366e-28, -3.4856100864405105e-26, -3.839155887711867e-28], "total_energy_defect_over_initial_heat_capacity": 1.527345876512232e-16, "relative_total_baryon_defect": 2.0807005248575042e-24, "maximum_local_rest_characteristic_speed_over_c": 0.31381575286875757, "maximum_characteristic_imaginary_part": 0.0, "sampled_cone_inside_light_cone": true}
CONSERVATIVE NATIVE STAGE 4 23 0 16655130228.270016
CONSERVATIVE NATIVE STAGE 4 23 1 77038781.27956104
CONSERVATIVE NATIVE STAGE 4 23 2 12197716.469671918
CONSERVATIVE NATIVE STAGE 4 23 3 14977.28160434572
CONSERVATIVE NATIVE STAGE 4 23 4 85.95620692138345
CONSERVATIVE NATIVE STAGE 4 23 5 0.0002431139359376532
CONSERVATIVE TWO CARRIER STEP 4 {"classification": "Counterexample candidate", "step": 23, "time_seconds": 0.0056553751222784285, "elapsed_seconds": 22.892688220999986, "maximum_changes": [4.219415833872571e-06, 0.06848635543502099, 3.492236997505214e-08, 1.7013744368732781e-10, 1.701374435646734e-10], "maximum_local_energy_defect": 3.9771989861358575e-10, "maximum_local_baryon_defect": 9.856968924634919e-17, "maximum_isotope_inventory_defect": 1.5942315464928828e-23, "isotope_inventory_defects": [-1.2991465221279111e-23, -7.040219546844469e-41, 1.2043186298983744e-30, 1.5942315464928828e-23, -6.821936104748102e-40, -5.320594928778808e-33, -8.05621919975676e-39, 2.6616511789049568e-27, 7.5711695682208925e-28, -1.281800123736344e-32, 2.123041040550611e-25, 7.666985375149525e-30, -5.936458341858096e-41, -3.078217886989734e-33, -3.331738490341136e-25, -1.9019727825005442e-26, -2.020567843333419e-29, -2.5262694240678416e-35, -5.736291038301904e-34, -9.364496106838634e-30, -5.599645754099027e-49, -8.750661992940922e-44, -1.0874273846650246e-26, 2.5793913223948175e-28, -3.8136528060169013e-26, -4.160429058563608e-28], "total_energy_defect_over_initial_heat_capacity": 1.7923689541047802e-16, "relative_total_baryon_defect": 2.763459336694311e-24, "maximum_local_rest_characteristic_speed_over_c": 0.31381243823677074, "maximum_characteristic_imaginary_part": 0.0, "sampled_cone_inside_light_cone": true}
CONSERVATIVE NATIVE STAGE 4 24 0 20166914119.430855
CONSERVATIVE NATIVE STAGE 4 24 1 119706.48995759759
CONSERVATIVE NATIVE STAGE 4 24 2 31207.186732021117
CONSERVATIVE NATIVE STAGE 4 24 3 2849.764947915137
CONSERVATIVE NATIVE STAGE 4 24 4 1.9564905371179007
CONSERVATIVE NATIVE STAGE 4 24 5 0.0003316749592718689
CONSERVATIVE TWO CARRIER STEP 4 {"classification": "Counterexample candidate", "step": 24, "time_seconds": 0.0064779751400643815, "elapsed_seconds": 23.633969430999997, "maximum_changes": [5.498005131922422e-06, 0.07440163637884632, 3.9523127081196956e-08, 1.9030012700933166e-10, 1.9030012684060003e-10], "maximum_local_energy_defect": 3.9774142676931054e-10, "maximum_local_baryon_defect": 1.0241445747491921e-16, "maximum_isotope_inventory_defect": 1.6793225219693556e-23, "isotope_inventory_defects": [-1.3459239309045655e-23, -7.293304516492231e-41, 1.1277095934731128e-30, 1.6793225219693556e-23, -6.9007315377916644e-40, -5.238065774357308e-33, -7.672517837452352e-39, 2.794968484743994e-27, 7.948204899484275e-28, -1.327181981009735e-32, 2.231489688736877e-25, 8.060233497541962e-30, -6.154327054641391e-41, -3.187058853200121e-33, -3.455159496106468e-25, -1.9729213620231567e-26, -2.0963529841292137e-29, -2.619770994701325e-35, -5.948307042179432e-34, -9.718398713489914e-30, -5.8050159194876565e-49, -9.069331776480362e-44, -1.081534562520556e-26, 2.6920122639770836e-28, -3.872608367588403e-26, -4.197863911504271e-28], "total_energy_defect_over_initial_heat_capacity": 2.482603480835451e-16, "relative_total_baryon_defect": 3.1431219824334985e-24, "maximum_local_rest_characteristic_speed_over_c": 0.3196900785232882, "maximum_characteristic_imaginary_part": 0.0, "sampled_cone_inside_light_cone": true}
CONSERVATIVE NATIVE STAGE 4 25 0 52757040575.35793
CONSERVATIVE NATIVE STAGE 4 25 1 2477053.533939368
CONSERVATIVE NATIVE STAGE 4 25 2 554952.0938904487
CONSERVATIVE NATIVE STAGE 4 25 3 112103.61623347198
CONSERVATIVE NATIVE STAGE 4 25 4 818.037244597472
CONSERVATIVE NATIVE STAGE 4 25 5 2.727791611759771
CONSERVATIVE NATIVE STAGE 4 25 6 0.3366387228904467
CONSERVATIVE TWO CARRIER STEP 4 {"classification": "Counterexample candidate", "step": 25, "time_seconds": 0.008123175175636288, "elapsed_seconds": 24.66349474500001, "maximum_changes": [8.49804450060574e-06, 0.08779015540083683, 4.812874778885601e-08, 1.825012482039536e-10, 1.8250124808316576e-10], "maximum_local_energy_defect": 3.977648022182252e-10, "maximum_local_baryon_defect": 8.78245564347174e-16, "maximum_isotope_inventory_defect": 5.441649736901725e-23, "isotope_inventory_defects": [-4.552676009816079e-24, -2.6015794347714246e-41, 1.6885389451732402e-29, 5.441649736901725e-23, 8.661306170676191e-39, 8.871190960800848e-32, 2.4267061815929316e-37, 7.88386753109222e-27, 2.1962605066883565e-27, 4.5303071453773474e-33, 6.472217450890026e-25, 2.3195200109327128e-29, 2.4148986582492286e-41, 1.2738850847872249e-33, -2.1111888464326996e-25, -1.3392419518271084e-26, -1.3983495113483008e-29, -4.305993243116119e-36, -3.0401480345723664e-34, -7.042789416347089e-30, 2.3750448230492036e-49, -1.6026950068229192e-44, 7.191511142509955e-26, 4.545877150689032e-28, 1.1617704544788932e-25, 1.7146431473617738e-27], "total_energy_defect_over_initial_heat_capacity": 3.302442552587695e-16, "relative_total_baryon_defect": 5.048350880538113e-23, "maximum_local_rest_characteristic_speed_over_c": 0.3269251864991178, "maximum_characteristic_imaginary_part": 0.0, "sampled_cone_inside_light_cone": true}
CONSERVATIVE NATIVE STAGE 4 26 0 62518964162.085945
CONSERVATIVE NATIVE STAGE 4 26 1 2586365.6399279693
CONSERVATIVE NATIVE STAGE 4 26 2 120798.20290295442
CONSERVATIVE NATIVE STAGE 4 26 3 71393.62911265595
CONSERVATIVE NATIVE STAGE 4 26 4 10.544466124598998
CONSERVATIVE NATIVE STAGE 4 26 5 1.203739584844768
CONSERVATIVE NATIVE STAGE 4 26 6 0.00039498860248792883
CONSERVATIVE TWO CARRIER STEP 4 {"classification": "Counterexample candidate", "step": 26, "time_seconds": 0.009768375211208194, "elapsed_seconds": 25.399649330000017, "maximum_changes": [1.2034256538501725e-05, 0.09999256571332124, 5.5822501457805756e-08, 1.7892165779394466e-10, 1.7892165767610945e-10], "maximum_local_energy_defect": 3.9777197458292144e-10, "maximum_local_baryon_defect": 1.1702330454991258e-15, "maximum_isotope_inventory_defect": 6.690425167587214e-23, "isotope_inventory_defects": [-1.598793370222226e-24, -1.0444789084001632e-41, 2.2122363112727197e-29, 6.690425167587214e-23, 1.176178880353525e-38, 1.1999415840441004e-31, 3.258221087331407e-37, 9.57344244046415e-27, 2.6615439104484732e-27, 1.044882388302715e-32, 7.879800217820556e-25, 2.8218499062969227e-29, 5.264411802967339e-41, 2.7565050399468057e-33, -1.6653097560068028e-25, -1.1292225647659774e-26, -1.1667056905078092e-29, 2.969128231978058e-36, -2.049898779036785e-34, -6.155042561688681e-30, 5.0935689937146144e-49, 9.420802699057491e-45, 9.937562640526124e-26, 5.161355344752484e-28, 1.6759261844511665e-25, 2.423089676952957e-27], "total_energy_defect_over_initial_heat_capacity": 3.250309242785872e-16, "relative_total_baryon_defect": 6.619773407053402e-23, "maximum_local_rest_characteristic_speed_over_c": 0.332996797939707, "maximum_characteristic_imaginary_part": 0.0, "sampled_cone_inside_light_cone": true}
CONSERVATIVE NATIVE STAGE 4 27 0 80059665850.11111
CONSERVATIVE NATIVE STAGE 4 27 1 3376613.481936185
CONSERVATIVE NATIVE STAGE 4 27 2 450123.5621933748
CONSERVATIVE NATIVE STAGE 4 27 3 392495.4259294476
CONSERVATIVE NATIVE STAGE 4 27 4 1079.045343221296
CONSERVATIVE NATIVE STAGE 4 27 5 0.06879611821383251
CONSERVATIVE TWO CARRIER STEP 4 {"classification": "Counterexample candidate", "step": 27, "time_seconds": 0.0114135752467801, "elapsed_seconds": 26.554778250999988, "maximum_changes": [1.6036169731914908e-05, 0.11142306746742119, 6.374761976138213e-08, 1.8071403611492857e-10, 1.8071403598879622e-10], "maximum_local_energy_defect": 3.990543279057364e-10, "maximum_local_baryon_defect": 1.4668600683105867e-15, "maximum_isotope_inventory_defect": 6.370864275928586e-23, "isotope_inventory_defects": [-9.989001622456504e-25, -8.134204629740882e-42, 7.297870793589243e-31, 6.370864275928586e-23, 3.732614243894147e-39, 1.2508565604778535e-31, 5.798921065873456e-37, 9.336220369765836e-27, 2.5897356389892658e-27, 2.3927822911634457e-32, 7.475163322959402e-25, 2.5445457383820036e-29, 1.3413258406209511e-40, 4.639909905928655e-33, -1.4793686680150689e-25, -1.0775188688607153e-26, -1.0092763804033772e-29, 1.627169312666593e-35, 8.42610683337931e-33, -5.6049534780570454e-30, 1.2428393497465062e-48, 2.2851581864917143e-42, 9.583764445015182e-26, 4.823129191365958e-28, 1.6188631820637303e-25, 2.3351471339051947e-27], "total_energy_defect_over_initial_heat_capacity": 2.2958530616976023e-16, "relative_total_baryon_defect": 6.357170241751683e-23, "maximum_local_rest_characteristic_speed_over_c": 0.33934153783473686, "maximum_characteristic_imaginary_part": 0.0, "sampled_cone_inside_light_cone": true}
CONSERVATIVE NATIVE STAGE 4 28 0 99026277132.89224
CONSERVATIVE NATIVE STAGE 4 28 1 6573842.0111768
CONSERVATIVE NATIVE STAGE 4 28 2 591143.83972189
CONSERVATIVE NATIVE STAGE 4 28 3 190082.58211565376
CONSERVATIVE NATIVE STAGE 4 28 4 2575.778382389878
CONSERVATIVE NATIVE STAGE 4 28 5 2539.6015352280883
CONSERVATIVE NATIVE STAGE 4 28 6 2538.5265237950953
CONSERVATIVE NATIVE STAGE 4 28 7 0.0005747032548273707
CONSERVATIVE TWO CARRIER STEP 4 {"classification": "Counterexample candidate", "step": 28, "time_seconds": 0.013058775282352006, "elapsed_seconds": 27.282363403000005, "maximum_changes": [2.0423042393501006e-05, 0.12228813422424871, 7.182999576290444e-08, 1.8078620758970493e-10, 1.8078620746414962e-10], "maximum_local_energy_defect": 3.994873953745924e-10, "maximum_local_baryon_defect": 1.5657357515415128e-15, "maximum_isotope_inventory_defect": 6.198475454761284e-23, "isotope_inventory_defects": [-1.1784940666396651e-24, -9.233161954833933e-42, -2.0824106031901964e-29, 6.198475454761284e-23, -8.17454216182686e-41, 1.2464483889716871e-31, 6.6202895518329254e-37, 9.17884321214505e-27, 2.5442238519256277e-27, 2.840229936732518e-32, 7.264306771765936e-25, 2.4229816867652134e-29, 1.6125584438673855e-40, 5.2633715027983585e-33, -1.4721123545821542e-25, -1.0915779993853047e-26, -9.829135835797463e-30, 2.0657564486949192e-35, 1.1302280189868896e-32, -5.5639708122404186e-30, 1.4860922969772536e-48, 3.043588756290802e-42, 9.280566639174947e-26, 4.693806845210873e-28, 1.5636410705159052e-25, 2.2563367039313227e-27], "total_energy_defect_over_initial_heat_capacity": 1.4495905163082326e-16, "relative_total_baryon_defect": 6.163485321667879e-23, "maximum_local_rest_characteristic_speed_over_c": 0.34485424510548585, "maximum_characteristic_imaginary_part": 0.0, "sampled_cone_inside_light_cone": true}
CONSERVATIVE NATIVE STAGE 4 29 0 263854002637.49033
CONSERVATIVE NATIVE STAGE 4 29 1 3104398501.562909
CONSERVATIVE NATIVE STAGE 4 29 2 668501116.929989
CONSERVATIVE NATIVE STAGE 4 29 3 55569962.3658511
CONSERVATIVE NATIVE STAGE 4 29 4 19807622.637240678
CONSERVATIVE NATIVE STAGE 4 29 5 215880.848847257
CONSERVATIVE NATIVE STAGE 4 29 6 25406.21210783833
CONSERVATIVE NATIVE STAGE 4 29 7 2.0326472045797885
CONSERVATIVE NATIVE STAGE 4 29 8 0.34466223627399994
CONSERVATIVE TWO CARRIER STEP 4 {"classification": "Counterexample candidate", "step": 29, "time_seconds": 0.01634917535349582, "elapsed_seconds": 28.15231546200002, "maximum_changes": [2.992065446588743e-05, 0.1424692148460171, 8.727843342499077e-08, 1.8039805376676616e-10, 1.8039805364220977e-10], "maximum_local_energy_defect": 3.998332706048886e-10, "maximum_local_baryon_defect": 1.675138534030056e-15, "maximum_isotope_inventory_defect": 4.090324846952655e-23, "isotope_inventory_defects": [-2.2597865086598604e-23, -1.2747717157312453e-40, -6.107235645805003e-28, 4.090324846952655e-23, -7.08277276362545e-37, -5.181262614716182e-30, -1.0843170348337721e-35, 7.915881451889525e-27, 2.4504268470880584e-27, 1.0302883702480783e-31, 2.037266226776948e-25, 5.160273445259533e-30, 2.845725695245545e-40, 1.9924867214604514e-32, 5.404799790719583e-25, -1.65469076003592e-26, 2.7333023358706995e-29, -2.720680707840651e-35, 9.251155434894387e-33, 9.768775665141933e-30, -3.1936498330150904e-48, 2.0314443618801736e-42, 1.367579202882535e-25, 3.024844292653093e-28, 2.5530337855584118e-25, 3.1061226539955033e-27], "total_energy_defect_over_initial_heat_capacity": 2.4306991880353213e-17, "relative_total_baryon_defect": 1.9428761655730968e-23, "maximum_local_rest_characteristic_speed_over_c": 0.354207092906058, "maximum_characteristic_imaginary_part": 0.0, "sampled_cone_inside_light_cone": true}
CONSERVATIVE NATIVE STAGE 4 30 0 321079174845.09705
CONSERVATIVE NATIVE STAGE 4 30 1 106443881.23203881
CONSERVATIVE NATIVE STAGE 4 30 2 44766612.66406672
CONSERVATIVE NATIVE STAGE 4 30 3 27021619.73837596
CONSERVATIVE NATIVE STAGE 4 30 4 676595.6546865782
CONSERVATIVE NATIVE STAGE 4 30 5 597364.5755345278
CONSERVATIVE NATIVE STAGE 4 30 6 453985.06927248783
CONSERVATIVE NATIVE STAGE 4 30 7 16316.42612173628
CONSERVATIVE NATIVE STAGE 4 30 8 4763.774669676212
CONSERVATIVE NATIVE STAGE 4 30 9 436.8229018991102
CONSERVATIVE NATIVE STAGE 4 30 10 1.808037599623272
CONSERVATIVE NATIVE STAGE 4 30 11 0.000818988209463205
CONSERVATIVE TWO CARRIER STEP 4 {"classification": "Counterexample candidate", "step": 30, "time_seconds": 0.019639575424639632, "elapsed_seconds": 28.893504837999984, "maximum_changes": [3.978512113918308e-05, 0.16079408580925145, 1.0183233326220363e-07, 1.803124648272084e-10, 1.8031246470255608e-10], "maximum_local_energy_defect": 3.9994425863452594e-10, "maximum_local_baryon_defect": 1.711606126533563e-15, "maximum_isotope_inventory_defect": 3.387449180394657e-23, "isotope_inventory_defects": [-2.973112738346936e-23, -1.6689924816275423e-40, -8.073168153601654e-28, 3.387449180394657e-23, -9.443093959113615e-37, -6.949915781088018e-30, -1.4678406950853534e-35, 7.49508158994138e-27, 2.4188488521284783e-27, 1.2790512145054866e-31, 2.950028149997407e-26, -1.1994050482125871e-30, 3.256869540410901e-40, 2.4811829452585124e-32, 7.697178121257141e-25, -1.842419227256624e-26, 3.972066566714358e-29, -4.3152790772936214e-35, 8.567206238521392e-33, 1.488087181077136e-29, -4.7535060832350914e-48, 1.6941512302787306e-42, 1.5140240030382528e-25, 2.4680086979067464e-28, 2.882678481242834e-25, 3.3891744328479925e-27], "total_energy_defect_over_initial_heat_capacity": -9.020943448602666e-17, "relative_total_baryon_defect": 5.3579095588396285e-24, "maximum_local_rest_characteristic_speed_over_c": 0.36208486757832675, "maximum_characteristic_imaginary_part": 0.0, "sampled_cone_inside_light_cone": true}
CONSERVATIVE NATIVE STAGE 4 31 0 420058903241.7747
CONSERVATIVE NATIVE STAGE 4 31 1 127816842.45224552
CONSERVATIVE NATIVE STAGE 4 31 2 50130393.446317114
CONSERVATIVE NATIVE STAGE 4 31 3 19366491.514883216
CONSERVATIVE NATIVE STAGE 4 31 4 4922872.797832755
CONSERVATIVE NATIVE STAGE 4 31 5 4146045.3616243596
CONSERVATIVE NATIVE STAGE 4 31 6 2637083.1943687727
CONSERVATIVE NATIVE STAGE 4 31 7 433685.58571886393
CONSERVATIVE NATIVE STAGE 4 31 8 6335.269916788137
CONSERVATIVE NATIVE STAGE 4 31 9 25.393951086836005
CONSERVATIVE NATIVE STAGE 4 31 10 0.0010110922063627677
CONSERVATIVE TWO CARRIER STEP 4 {"classification": "Counterexample candidate", "step": 31, "time_seconds": 0.022929975495783444, "elapsed_seconds": 29.620813846999994, "maximum_changes": [4.933403645084879e-05, 0.17755444491668718, 1.1555360303436603e-07, 1.8020620232174403e-10, 1.8020620219717833e-10], "maximum_local_energy_defect": 3.9998257614117e-10, "maximum_local_baryon_defect": 1.7237619887101902e-15, "maximum_isotope_inventory_defect": 3.227970837415237e-23, "isotope_inventory_defects": [-3.227970837415237e-23, -1.809916937889145e-40, -8.72834373763255e-28, 3.129968356749636e-23, -1.023027396171856e-36, -7.539791204219056e-30, -1.5956751202674867e-35, 7.319369347384482e-27, 2.3987098252677494e-27, 1.3603057123893303e-31, -3.1679705934743875e-26, -3.434939591727678e-30, 3.3870248590597716e-40, 2.64010145031692e-32, 8.449743038868982e-25, -1.9103884837744421e-26, 4.3796997458635835e-29, -4.863340477337852e-35, 8.336501265896664e-33, 1.656400629294393e-29, -5.277546799428828e-48, 1.5810546294051353e-42, 1.5564150669256178e-25, 2.2684678256025576e-28, 2.9804309210665856e-25, 3.4668293492729195e-27], "total_energy_defect_over_initial_heat_capacity": 2.06642234132263e-17, "relative_total_baryon_defect": 2.550202825647653e-25, "maximum_local_rest_characteristic_speed_over_c": 0.3688591811675323, "maximum_characteristic_imaginary_part": 0.0, "sampled_cone_inside_light_cone": true}
CONSERVATIVE NATIVE STAGE 4 32 0 528243139761.77515
CONSERVATIVE NATIVE STAGE 4 32 1 142332767.63187736
CONSERVATIVE NATIVE STAGE 4 32 2 43385546.959856376
CONSERVATIVE NATIVE STAGE 4 32 3 2550763.3022923246
CONSERVATIVE NATIVE STAGE 4 32 4 2509264.584720214
CONSERVATIVE NATIVE STAGE 4 32 5 2316735.9275773875
CONSERVATIVE NATIVE STAGE 4 32 6 2200300.8388583683
CONSERVATIVE NATIVE STAGE 4 32 7 1409553.5236514772
CONSERVATIVE NATIVE STAGE 4 32 8 1289450.2970416367
CONSERVATIVE NATIVE STAGE 4 32 9 1284485.0962175792
CONSERVATIVE NATIVE STAGE 4 32 10 1248188.1845996974
CONSERVATIVE NATIVE STAGE 4 32 11 1243436.8103654978
CONSERVATIVE NATIVE STAGE 4 32 12 1241081.9740901745
CONSERVATIVE NATIVE STAGE 4 32 13 150.4591322196172
CONSERVATIVE NATIVE STAGE 4 32 14 0.020766813619104922
CONSERVATIVE TWO CARRIER STEP 4 {"classification": "Counterexample candidate", "step": 32, "time_seconds": 0.02622037556692726, "elapsed_seconds": 31.142977919000003, "maximum_changes": [5.7906383623345924e-05, 0.19299695162921135, 1.2849807873523152e-07, 1.8010822990028675e-10, 1.8010822977580666e-10], "maximum_local_energy_defect": 3.997964397821051e-10, "maximum_local_baryon_defect": 1.7278140496305993e-15, "maximum_isotope_inventory_defect": 1.16964076638293e-22, "isotope_inventory_defects": [-1.1031388318807523e-23, -6.582601785693035e-41, -8.69627827688839e-28, 1.16964076638293e-22, -1.0253790339441881e-36, -7.573054197293192e-30, -1.6045615991790475e-35, 1.8404865203769887e-26, 5.4790986808815216e-27, 1.5889178343669417e-31, 9.216709501248967e-25, 3.151021796734327e-29, 4.089207720093027e-40, 3.182094861864739e-32, 1.2106301094066506e-24, -1.5089096087453279e-27, 6.235969582722526e-29, -2.484638361243052e-35, 8.851778476984774e-33, 2.415850281525201e-29, -4.787497867102126e-48, 1.660235118100769e-42, 3.5139265477071696e-25, 6.318816499963706e-28, 6.666476950061095e-25, 8.523320687803094e-27], "total_energy_defect_over_initial_heat_capacity": -8.847673594850612e-16, "relative_total_baryon_defect": 1.0907620709115222e-22, "maximum_local_rest_characteristic_speed_over_c": 0.37480625511501436, "maximum_characteristic_imaginary_part": 0.0, "sampled_cone_inside_light_cone": true}
CONSERVATIVE NATIVE STAGE 4 33 0 645201092982.7368
CONSERVATIVE NATIVE STAGE 4 33 1 5604366645.816105
CONSERVATIVE NATIVE STAGE 4 33 2 412565795.70243585
CONSERVATIVE NATIVE STAGE 4 33 3 42001378.62822784
CONSERVATIVE NATIVE STAGE 4 33 4 6805617.532839356
CONSERVATIVE NATIVE STAGE 4 33 5 70423.44763636858
CONSERVATIVE NATIVE STAGE 4 33 6 33138.40079157491
CONSERVATIVE NATIVE STAGE 4 33 7 41.11870530715108
CONSERVATIVE NATIVE STAGE 4 33 8 0.7608000417816619
CONSERVATIVE TWO CARRIER STEP 4 {"classification": "Counterexample candidate", "step": 33, "time_seconds": 0.02951077563807107, "elapsed_seconds": 32.665017336000034, "maximum_changes": [6.49246518663182e-05, 0.20731139156558664, 1.4071470121783623e-07, 1.8002475761020156e-10, 1.800247574857865e-10], "maximum_local_energy_defect": 4.756982509992844e-10, "maximum_local_baryon_defect": 2.068485865175289e-15, "maximum_isotope_inventory_defect": 3.4501688149188625e-21, "isotope_inventory_defects": [3.4501688149188625e-21, 1.8734877326099947e-38, 1.2557130122191234e-26, -3.341635343752497e-21, 1.5863436624079358e-35, 1.1852838187024826e-28, 2.562541124066932e-34, -5.488145838059179e-25, -1.616410343213345e-25, 1.2744905003070184e-30, -3.483486736985198e-23, -1.261558640662339e-27, 1.1229499120228685e-38, 3.7097961157319884e-31, 4.8227783411381973e-23, 3.7306816430560004e-24, 3.0139619873409976e-27, 6.29067219278601e-33, 1.9520032867852635e-31, 1.446652674219613e-27, 2.270729807488152e-46, 4.992982243213619e-41, 2.708306234161616e-25, -4.843028309206324e-26, 3.5790761309015044e-24, 3.962745437409492e-26], "total_energy_defect_over_initial_heat_capacity": -1.1930033561485166e-15, "relative_total_baryon_defect": 1.2877490121472439e-22, "maximum_local_rest_characteristic_speed_over_c": 0.380114177609486, "maximum_characteristic_imaginary_part": 0.0, "sampled_cone_inside_light_cone": true}
CONSERVATIVE NATIVE STAGE 4 34 0 770451425754.512
CONSERVATIVE NATIVE STAGE 4 34 1 146961097.9980604
CONSERVATIVE NATIVE STAGE 4 34 2 18885216.420121722
CONSERVATIVE NATIVE STAGE 4 34 3 18227091.10801066
CONSERVATIVE NATIVE STAGE 4 34 4 7759910.308195832
CONSERVATIVE NATIVE STAGE 4 34 5 2289946.681421412
CONSERVATIVE NATIVE STAGE 4 34 6 373633.3450145735
CONSERVATIVE NATIVE STAGE 4 34 7 60334.86523226281
CONSERVATIVE NATIVE STAGE 4 34 8 1734.7455711789562
CONSERVATIVE NATIVE STAGE 4 34 9 0.0010143762636087366
CONSERVATIVE TWO CARRIER STEP 4 {"classification": "Counterexample candidate", "step": 34, "time_seconds": 0.03280117570921488, "elapsed_seconds": 33.44737862600002, "maximum_changes": [6.993735546595485e-05, 0.22064919455390145, 1.5224624074404665e-07, 1.7995011867109803e-10, 1.7995011854673918e-10], "maximum_local_energy_defect": 6.446160212869763e-10, "maximum_local_baryon_defect": 2.8025662743876885e-15, "maximum_isotope_inventory_defect": 4.603899291959952e-21, "isotope_inventory_defects": [4.603899291959952e-21, 2.5001742102559697e-38, 1.7032800180440284e-26, -4.4945233078006834e-21, 2.1493086115358385e-35, 1.605619639087e-28, 3.4701969399746684e-34, -7.378912855055381e-25, -2.173493040741858e-25, 1.646350156831332e-30, -4.675386441424894e-23, -1.6925937743096263e-27, 1.4836347418729521e-38, 4.840309345841028e-31, 6.390028833837251e-23, 4.974748846435685e-24, 3.9978216155294055e-27, 8.395833236876324e-33, 2.573166089729473e-31, 1.920816209574268e-27, 3.043598152495249e-46, 6.601962318986908e-41, 2.4394328101158385e-25, -6.478438943193797e-26, 4.549826932245781e-24, 4.9994763488294244e-26], "total_energy_defect_over_initial_heat_capacity": -1.1129255596859718e-15, "relative_total_baryon_defect": 1.3532033831736075e-22, "maximum_local_rest_characteristic_speed_over_c": 0.3849117387003582, "maximum_characteristic_imaginary_part": 0.0, "sampled_cone_inside_light_cone": true}
CONSERVATIVE NATIVE STAGE 4 35 0 903534948952.6837
CONSERVATIVE NATIVE STAGE 4 35 1 136700279.0767842
CONSERVATIVE NATIVE STAGE 4 35 2 22371673.40598367
CONSERVATIVE NATIVE STAGE 4 35 3 21763615.498732757
CONSERVATIVE NATIVE STAGE 4 35 4 14271385.061762273
CONSERVATIVE NATIVE STAGE 4 35 5 1041572.0310837445
CONSERVATIVE NATIVE STAGE 4 35 6 213495.53708172808
CONSERVATIVE NATIVE STAGE 4 35 7 3248.1720996387394
CONSERVATIVE NATIVE STAGE 4 35 8 539.7591799218538
CONSERVATIVE NATIVE STAGE 4 35 9 8.258547936021127
CONSERVATIVE NATIVE STAGE 4 35 10 0.03361511358862994
CONSERVATIVE TWO CARRIER STEP 4 {"classification": "Counterexample candidate", "step": 35, "time_seconds": 0.036091575780358695, "elapsed_seconds": 34.28709030500002, "maximum_changes": [7.257390979581258e-05, 0.2331523869586575, 1.6313027792994279e-07, 1.7988305687782057e-10, 1.7988305675350949e-10], "maximum_local_energy_defect": 7.00915888876224e-10, "maximum_local_baryon_defect": 3.047225282939916e-15, "maximum_isotope_inventory_defect": 4.991548331354518e-21, "isotope_inventory_defects": [4.991548331354518e-21, 2.7107357146428817e-38, 1.8521517069596136e-26, -4.886012057540565e-21, 2.336788573840842e-35, 1.7455968212515748e-28, 3.7724093125097766e-34, -8.0160452249452325e-25, -2.361100022190298e-25, 1.7733268495005017e-30, -5.078596382658656e-23, -1.838426957781321e-27, 1.6055207492454598e-38, 5.224205064029716e-31, 6.91101673127435e-23, 5.388405359341275e-24, 4.32483822604539e-27, 9.099400709756631e-33, 2.780428590795858e-31, 2.0785259552954843e-27, 3.3020054774175578e-46, 7.13910061962925e-41, 2.2474360699889024e-25, -7.025948878177869e-26, 4.854279569363283e-24, 5.31888841250053e-26], "total_energy_defect_over_initial_heat_capacity": -1.0103747933469199e-15, "relative_total_baryon_defect": 1.332800299612556e-22, "maximum_local_rest_characteristic_speed_over_c": 0.389291335938858, "maximum_characteristic_imaginary_part": 0.0, "sampled_cone_inside_light_cone": true}
CONSERVATIVE NATIVE STAGE 4 36 0 1044033077890.0587
CONSERVATIVE NATIVE STAGE 4 36 1 9761502468.607096
CONSERVATIVE NATIVE STAGE 4 36 2 2301679714.591238
CONSERVATIVE NATIVE STAGE 4 36 3 81223927.24863963
CONSERVATIVE NATIVE STAGE 4 36 4 28935296.559039492
CONSERVATIVE NATIVE STAGE 4 36 5 14194.760861779565
CONSERVATIVE NATIVE STAGE 4 36 6 11057.450784623696
CONSERVATIVE NATIVE STAGE 4 36 7 0.15111571526520134
CONSERVATIVE TWO CARRIER STEP 4 {"classification": "Counterexample candidate", "step": 36, "time_seconds": 0.03938197585150251, "elapsed_seconds": 35.13087203500001, "maximum_changes": [7.267148920334203e-05, 0.24490410454890088, 1.734000567731411e-07, 1.79822425291761e-10, 1.7982242516749107e-10], "maximum_local_energy_defect": 7.196908877133902e-10, "maximum_local_baryon_defect": 3.1288313076959288e-15, "maximum_isotope_inventory_defect": 5.01065751269401e-21, "isotope_inventory_defects": [5.01065751269401e-21, 2.7211677984755787e-38, 1.87286550706057e-26, -4.923166981938589e-21, 2.3866212471398873e-35, 1.7829426082296792e-28, 3.8529468493095125e-34, -8.100472172941566e-25, -2.387126879686088e-25, 1.7462593003676747e-30, -5.124765780907988e-23, -1.859575312447764e-27, 1.605017009665621e-38, 5.178233282938223e-31, 6.952065430891118e-23, 5.438637741608582e-24, 4.3547345865762245e-27, 9.175300202084678e-33, 2.8150930040212125e-31, 2.0921537008763554e-27, 3.3397402388410174e-46, 7.245371843074878e-41, 1.9918798879683267e-25, -7.078973992932656e-26, 4.836042307152025e-24, 5.285423403691459e-26], "total_energy_defect_over_initial_heat_capacity": -4.3591779092351083e-16, "relative_total_baryon_defect": 1.1516979141389442e-22, "maximum_local_rest_characteristic_speed_over_c": 0.39332116867721206, "maximum_characteristic_imaginary_part": 0.0, "sampled_cone_inside_light_cone": true}
CONSERVATIVE NATIVE STAGE 4 37 0 1178985338112.7576
CONSERVATIVE NATIVE STAGE 4 37 1 1250323362.7414277
CONSERVATIVE NATIVE STAGE 4 37 2 694630387.3899245
CONSERVATIVE NATIVE STAGE 4 37 3 117300685.40733863
CONSERVATIVE NATIVE STAGE 4 37 4 43066320.605873436
CONSERVATIVE NATIVE STAGE 4 37 5 509699.19044468936
CONSERVATIVE NATIVE STAGE 4 37 6 27395.797089263808
CONSERVATIVE NATIVE STAGE 4 37 7 10.182996125339036
CONSERVATIVE NATIVE STAGE 4 37 8 0.638503204779734
CONSERVATIVE TWO CARRIER STEP 4 {"classification": "Counterexample candidate", "step": 37, "time_seconds": 0.04267237592264632, "elapsed_seconds": 35.907448405999986, "maximum_changes": [7.029257932079988e-05, 0.25598346815930545, 1.8308522342638777e-07, 1.797672475344933e-10, 1.797672474102593e-10], "maximum_local_energy_defect": 7.296524661986139e-10, "maximum_local_baryon_defect": 3.1655356071248877e-15, "maximum_isotope_inventory_defect": 5.484645609587913e-21, "isotope_inventory_defects": [5.484645609587913e-21, 2.9785363420686174e-38, 1.7357921350109335e-26, -5.3976300732207694e-21, 2.429390181499592e-35, 1.7983322848932836e-28, 3.8605283228654125e-34, -8.815726455220393e-25, -2.5974685586715666e-25, 2.064062248132137e-30, -5.658557651762098e-23, -2.0781660221977106e-27, 1.8163701821181844e-38, 5.961030126200317e-31, 7.749745568044737e-23, 5.9704264521968724e-24, 4.895536041375542e-27, 1.0060278330202099e-32, 3.0697490907644053e-31, 2.329640371361113e-27, 3.614429666320398e-46, 7.805231523629244e-41, 2.691386997840213e-25, -7.884615579744985e-26, 5.4853618460667325e-24, 6.01354792044817e-26], "total_energy_defect_over_initial_heat_capacity": -2.898804161606182e-16, "relative_total_baryon_defect": 1.184692037160433e-22, "maximum_local_rest_characteristic_speed_over_c": 0.39705293535365943, "maximum_characteristic_imaginary_part": 0.0, "sampled_cone_inside_light_cone": true}
CONSERVATIVE NATIVE STAGE 4 38 0 1310572298941.1062
CONSERVATIVE NATIVE STAGE 4 38 1 113597520.77227344
CONSERVATIVE NATIVE STAGE 4 38 2 50657456.08033439
CONSERVATIVE NATIVE STAGE 4 38 3 27253791.067970973
CONSERVATIVE NATIVE STAGE 4 38 4 21755447.34806077
CONSERVATIVE NATIVE STAGE 4 38 5 8200762.748253898
CONSERVATIVE NATIVE STAGE 4 38 6 2430723.1640234515
CONSERVATIVE NATIVE STAGE 4 38 7 567718.6766640011
CONSERVATIVE NATIVE STAGE 4 38 8 2159.491248621189
CONSERVATIVE NATIVE STAGE 4 38 9 558.7325168630463
CONSERVATIVE NATIVE STAGE 4 38 10 0.00221876459222029
CONSERVATIVE TWO CARRIER STEP 4 {"classification": "Counterexample candidate", "step": 38, "time_seconds": 0.04596277599379014, "elapsed_seconds": 36.61169632800002, "maximum_changes": [6.573216286764927e-05, 0.2664623569547973, 1.9221240730300737e-07, 1.7971681288453276e-10, 1.7971681276033038e-10], "maximum_local_energy_defect": 7.329755240571953e-10, "maximum_local_baryon_defect": 3.179956180472795e-15, "maximum_isotope_inventory_defect": 5.6423736410999434e-21, "isotope_inventory_defects": [5.6423736410999434e-21, 3.064183045622907e-38, 1.689989973998617e-26, -5.555362366485373e-21, 2.443647442052878e-35, 1.8034686181527602e-28, 3.863052990999791e-34, -9.053741148282586e-25, -2.6674691332593273e-25, 2.169775649013227e-30, -5.836139814329046e-23, -2.1509045142774645e-27, 1.8866997912314875e-38, 6.221438416937282e-31, 8.015664100720821e-23, 6.147741148174671e-24, 5.0758335410367675e-27, 1.0355114755402816e-32, 3.154613263336078e-31, 2.408808942071897e-27, 3.705918364269195e-46, 7.991782957053881e-41, 2.9299159787650686e-25, -8.153027433650075e-26, 5.702784469209117e-24, 6.257621533359512e-26], "total_energy_defect_over_initial_heat_capacity": -1.5660744557262142e-16, "relative_total_baryon_defect": 1.1975449007836313e-22, "maximum_local_rest_characteristic_speed_over_c": 0.4005268081016036, "maximum_characteristic_imaginary_part": 0.0, "sampled_cone_inside_light_cone": true}
CONSERVATIVE NATIVE STAGE 4 39 0 1445054872624.4185
CONSERVATIVE NATIVE STAGE 4 39 1 120233562.16475035
CONSERVATIVE NATIVE STAGE 4 39 2 55784354.67207146
CONSERVATIVE NATIVE STAGE 4 39 3 27681469.173622254
CONSERVATIVE NATIVE STAGE 4 39 4 26684575.703491397
CONSERVATIVE NATIVE STAGE 4 39 5 14905838.709374389
CONSERVATIVE NATIVE STAGE 4 39 6 8861610.900471047
CONSERVATIVE NATIVE STAGE 4 39 7 1517793.0313286255
CONSERVATIVE NATIVE STAGE 4 39 8 35255.84505251418
CONSERVATIVE NATIVE STAGE 4 39 9 20369.558442054673
CONSERVATIVE NATIVE STAGE 4 39 10 0.1423395820952952
CONSERVATIVE TWO CARRIER STEP 4 {"classification": "Counterexample candidate", "step": 39, "time_seconds": 0.04925317606493395, "elapsed_seconds": 37.47703276600001, "maximum_changes": [6.0167243836784506e-05, 0.276402064385937, 2.0080565369282392e-07, 1.7967059590094217e-10, 1.7967059577676775e-10], "maximum_local_energy_defect": 7.34082214144504e-10, "maximum_local_baryon_defect": 3.1847578468424814e-15, "maximum_isotope_inventory_defect": 5.677665589079064e-21, "isotope_inventory_defects": [5.677665589079064e-21, 3.083363641524003e-38, 1.674683506449927e-26, -5.581978772768048e-21, 2.4484426178805424e-35, 1.805174348791024e-28, 3.863852275685423e-34, -9.109914031691995e-25, -2.6843691312412255e-25, 2.18921808547008e-30, -5.876166855263149e-23, -2.168218477243574e-27, 1.9017391478896063e-38, 6.2708328074753185e-31, 8.106110787456632e-23, 6.208667823331141e-24, 5.137857579055187e-27, 1.044068504442548e-32, 3.1808196899076564e-31, 2.4356475019047462e-27, 3.731441727417225e-46, 8.047450800584659e-41, 3.3008917980143164e-25, -8.23389800909848e-26, 5.8284088401390556e-24, 6.411725010689835e-26], "total_energy_defect_over_initial_heat_capacity": 3.771964253729899e-17, "relative_total_baryon_defect": 1.2915578284551787e-22, "maximum_local_rest_characteristic_speed_over_c": 0.4037747534186586, "maximum_characteristic_imaginary_part": 0.0, "sampled_cone_inside_light_cone": true}
CONSERVATIVE NATIVE STAGE 4 40 0 1582793671092.9644
CONSERVATIVE NATIVE STAGE 4 40 1 130120637.53965361
CONSERVATIVE NATIVE STAGE 4 40 2 59721190.603631034
CONSERVATIVE NATIVE STAGE 4 40 3 28234757.761522036
CONSERVATIVE NATIVE STAGE 4 40 4 27078703.499375243
CONSERVATIVE NATIVE STAGE 4 40 5 14520939.511122353
CONSERVATIVE NATIVE STAGE 4 40 6 4608004.574769242
CONSERVATIVE NATIVE STAGE 4 40 7 1379920.2223939004
CONSERVATIVE NATIVE STAGE 4 40 8 5793.072678878093
CONSERVATIVE NATIVE STAGE 4 40 9 51.13144844943216
CONSERVATIVE NATIVE STAGE 4 40 10 2.1769960693735837
CONSERVATIVE NATIVE STAGE 4 40 11 0.0006639340097565688
CONSERVATIVE TWO CARRIER STEP 4 {"classification": "Counterexample candidate", "step": 40, "time_seconds": 0.05254357613607776, "elapsed_seconds": 38.37449169100003, "maximum_changes": [7.01270091220062e-05, 0.2858553439278617, 2.0888677486020607e-07, 1.7962814463373643e-10, 1.79628144509587e-10], "maximum_local_energy_defect": 7.692295995104847e-10, "maximum_local_baryon_defect": 3.1863584022990435e-15, "maximum_isotope_inventory_defect": 5.689447092046373e-21, "isotope_inventory_defects": [5.689447092046373e-21, 3.08976922973947e-38, 1.6695925919078376e-26, -5.5907724145421456e-21, 2.450044084014349e-35, 1.8057497839927868e-28, 3.864130453018474e-34, -9.128559201866228e-25, -2.6899817643220013e-25, 2.1957091467731723e-30, -5.889409545904804e-23, -2.1739659020857093e-27, 1.9067562041266134e-38, 6.287335972749994e-31, 8.136289225050027e-23, 6.2289841027356666e-24, 5.1585523822725666e-27, 1.0469203654319818e-32, 3.189577237110551e-31, 2.4445992454578132e-27, 3.7399484990079196e-46, 8.066048529074177e-41, 3.426145210290516e-25, -8.260833571407453e-26, 5.870562829870632e-24, 6.463503746819628e-26], "total_energy_defect_over_initial_heat_capacity": 3.366936062321833e-16, "relative_total_baryon_defect": 1.3237508258897743e-22, "maximum_local_rest_characteristic_speed_over_c": 0.406822771895257, "maximum_characteristic_imaginary_part": 0.0, "sampled_cone_inside_light_cone": true}
CONSERVATIVE NATIVE STAGE 4 41 0 1723817287465.5469
CONSERVATIVE NATIVE STAGE 4 41 1 128454249.45544916
CONSERVATIVE NATIVE STAGE 4 41 2 57913448.592387125
CONSERVATIVE NATIVE STAGE 4 41 3 22685353.596091613
CONSERVATIVE NATIVE STAGE 4 41 4 22396624.938284714
CONSERVATIVE NATIVE STAGE 4 41 5 13081341.56881721
CONSERVATIVE NATIVE STAGE 4 41 6 3069060.4473009096
CONSERVATIVE NATIVE STAGE 4 41 7 1006851.7673656588
CONSERVATIVE NATIVE STAGE 4 41 8 7451.433475950151
CONSERVATIVE NATIVE STAGE 4 41 9 281.74167823555575
CONSERVATIVE NATIVE STAGE 4 41 10 4.674653268241175
CONSERVATIVE NATIVE STAGE 4 41 11 0.0007885592162190036
CONSERVATIVE TWO CARRIER STEP 4 {"classification": "Counterexample candidate", "step": 41, "time_seconds": 0.055833976207221574, "elapsed_seconds": 39.94281058999999, "maximum_changes": [8.093687045746368e-05, 0.2948678613482436, 2.1744500728678982e-07, 1.795890315458131e-10, 1.7958903142168607e-10], "maximum_local_energy_defect": 7.854492317729814e-10, "maximum_local_baryon_defect": 3.186891920784564e-15, "maximum_isotope_inventory_defect": 5.6933919261252674e-21, "isotope_inventory_defects": [5.6933919261252674e-21, 3.0919034622286126e-38, 1.6679027881525647e-26, -5.5936348649614434e-21, 2.450577545668922e-35, 1.8059361708448954e-28, 3.8642220297097545e-34, -9.134676836419097e-25, -2.6918171381781883e-25, 2.1978810639383144e-30, -5.893732911334851e-23, -2.1758559592750994e-27, 1.9084322753242214e-38, 6.292840780465791e-31, 8.14634204629628e-23, 6.2357408537126014e-24, 5.165455452419335e-27, 1.0478707834980811e-32, 3.192480766869512e-31, 2.4475887831280263e-27, 3.742779585357647e-46, 8.072263626068638e-41, 3.469038553030093e-25, -8.269769335454869e-26, 5.8848331373620344e-24, 6.481062952221765e-26], "total_energy_defect_over_initial_heat_capacity": 4.337111931705344e-16, "relative_total_baryon_defect": 1.3351364724032007e-22, "maximum_local_rest_characteristic_speed_over_c": 0.40969239621396925, "maximum_characteristic_imaginary_part": 0.0, "sampled_cone_inside_light_cone": true}
CONSERVATIVE NATIVE STAGE 4 42 0 1868051241003.003
CONSERVATIVE NATIVE STAGE 4 42 1 123576465.37738563
CONSERVATIVE NATIVE STAGE 4 42 2 53571995.96440688
CONSERVATIVE NATIVE STAGE 4 42 3 14738951.188870441
CONSERVATIVE NATIVE STAGE 4 42 4 14557941.295449533
CONSERVATIVE NATIVE STAGE 4 42 5 10402090.922029316
CONSERVATIVE NATIVE STAGE 4 42 6 3062919.5173834763
CONSERVATIVE NATIVE STAGE 4 42 7 512549.5971166026
CONSERVATIVE NATIVE STAGE 4 42 8 1855.9168666412563
CONSERVATIVE NATIVE STAGE 4 42 9 208.97940348003675
CONSERVATIVE NATIVE STAGE 4 42 10 0.04897154154313045
CONSERVATIVE TWO CARRIER STEP 4 {"classification": "Counterexample candidate", "step": 42, "time_seconds": 0.059124376278365386, "elapsed_seconds": 41.30929852900002, "maximum_changes": [9.261539116228486e-05, 0.3034793172378116, 2.3884798770180756e-07, 1.795528731921827e-10, 1.7955287306807592e-10], "maximum_local_energy_defect": 8.235034713254575e-10, "maximum_local_baryon_defect": 3.3226551424765357e-15, "maximum_isotope_inventory_defect": 5.688983059575628e-21, "isotope_inventory_defects": [5.688983059575628e-21, 3.089511328739746e-38, 1.6673133546542944e-26, -5.5861473535426e-21, 2.450770873524975e-35, 1.80599655195236e-28, 3.864239279100176e-34, -9.129284473681886e-25, -2.6903669133723403e-25, 2.193367874877709e-30, -5.88903413748229e-23, -2.1742658816986414e-27, 1.9062064075077268e-38, 6.2822627506465935e-31, 8.150311477401966e-23, 6.238623574793835e-24, 5.1684310625144084e-27, 1.0477729012188022e-32, 3.192777108499667e-31, 2.4487512901369406e-27, 3.7420726271181746e-46, 8.072233474763294e-41, 3.576546355380936e-25, -8.27005075272897e-26, 5.906636301678642e-24, 6.51022960048502e-26], "total_energy_defect_over_initial_heat_capacity": 5.574607630586457e-16, "relative_total_baryon_defect": 1.3670915427389145e-22, "maximum_local_rest_characteristic_speed_over_c": 0.41240172618407844, "maximum_characteristic_imaginary_part": 0.0, "sampled_cone_inside_light_cone": true}
CONSERVATIVE NATIVE STAGE 4 43 0 2015393388477.8564
CONSERVATIVE NATIVE STAGE 4 43 1 6706890589.220813
CONSERVATIVE NATIVE STAGE 4 43 2 853140581.6731198
CONSERVATIVE NATIVE STAGE 4 43 3 75353915.08916934
CONSERVATIVE NATIVE STAGE 4 43 4 18860028.644988794
CONSERVATIVE NATIVE STAGE 4 43 5 66621.1465205988
CONSERVATIVE NATIVE STAGE 4 43 6 24826.20270394477
CONSERVATIVE NATIVE STAGE 4 43 7 7904.479813416607
CONSERVATIVE NATIVE STAGE 4 43 8 2.581029447502885
CONSERVATIVE NATIVE STAGE 4 43 9 0.3428959253672389
CONSERVATIVE TWO CARRIER STEP 4 {"classification": "Counterexample candidate", "step": 43, "time_seconds": 0.0624147763495092, "elapsed_seconds": 42.255206155000025, "maximum_changes": [0.00010518056170356092, 0.3117243803173309, 2.609477086455537e-07, 1.7951937670735271e-10, 1.7951937658326425e-10], "maximum_local_energy_defect": 1.0647855010783369e-09, "maximum_local_baryon_defect": 4.296123193991919e-15, "maximum_isotope_inventory_defect": 5.4807008263242905e-21, "isotope_inventory_defects": [5.4807008263242905e-21, 2.9765078971545414e-38, 1.6608160270099117e-26, -5.359437808786355e-21, 2.4350852124649733e-35, 1.796945537692457e-28, 3.848560995534114e-34, -8.837057800499686e-25, -2.6065857281699205e-25, 2.047271281475844e-30, -5.670505300123792e-23, -2.0953904133112433e-27, 1.8179548293413458e-38, 5.923577741389778e-31, 7.912086672894811e-23, 6.082313208988677e-24, 5.0175955471824374e-27, 1.0171420815889866e-32, 3.1186943089171072e-31, 2.377767187149402e-27, 3.6460614527587835e-46, 7.909276134464774e-41, 4.166117710049917e-25, -8.001185620557831e-26, 5.856331456639949e-24, 6.489001681534942e-26], "total_energy_defect_over_initial_heat_capacity": 6.848032752943438e-16, "relative_total_baryon_defect": 1.5484258027799454e-22, "maximum_local_rest_characteristic_speed_over_c": 0.4149661706226348, "maximum_characteristic_imaginary_part": 0.0, "sampled_cone_inside_light_cone": true}
CONSERVATIVE NATIVE STAGE 4 44 0 2165738284501.9714
CONSERVATIVE NATIVE STAGE 4 44 1 113691104.50263372
CONSERVATIVE NATIVE STAGE 4 44 2 36077761.91752978
CONSERVATIVE NATIVE STAGE 4 44 3 6510690.24337315
CONSERVATIVE NATIVE STAGE 4 44 4 4774706.838569763
CONSERVATIVE NATIVE STAGE 4 44 5 4612714.270223556
CONSERVATIVE NATIVE STAGE 4 44 6 2307148.329886764
CONSERVATIVE NATIVE STAGE 4 44 7 1730373.7374966773
CONSERVATIVE NATIVE STAGE 4 44 8 1728499.3718790764
CONSERVATIVE NATIVE STAGE 4 44 9 864257.248458076
CONSERVATIVE NATIVE STAGE 4 44 10 648244.0958671031
CONSERVATIVE NATIVE STAGE 4 44 11 567215.1280265489
CONSERVATIVE NATIVE STAGE 4 44 12 549489.778532517
CONSERVATIVE NATIVE STAGE 4 44 13 544917.0356048052
CONSERVATIVE NATIVE STAGE 4 44 14 438442.30844928755
CONSERVATIVE NATIVE STAGE 4 44 15 436421.3170867118
CONSERVATIVE NATIVE STAGE 4 44 16 0.0008043617485987092
CONSERVATIVE TWO CARRIER STEP 4 {"classification": "Counterexample candidate", "step": 44, "time_seconds": 0.06570517642065302, "elapsed_seconds": 43.035977126000006, "maximum_changes": [0.00011864977573775812, 0.3196334562831719, 2.8372034478957e-07, 1.7948825905002158e-10, 1.794882589259498e-10], "maximum_local_energy_defect": 1.1453346192343533e-09, "maximum_local_baryon_defect": 4.621068238287957e-15, "maximum_isotope_inventory_defect": 5.411554722466259e-21, "isotope_inventory_defects": [5.411554722466259e-21, 2.938995369690966e-38, 1.6574251840197416e-26, -5.28031803502704e-21, 2.4297698511622946e-35, 1.793917191493145e-28, 3.8433573983335944e-34, -8.73491597548566e-25, -2.5773291829885367e-25, 1.9993011237751584e-30, -5.59371805927682e-23, -2.0676722443516866e-27, 1.7887224037253073e-38, 5.805727276183341e-31, 7.83319987134835e-23, 6.030380263329892e-24, 4.9675436663543786e-27, 1.0069828309718123e-32, 3.094108523559391e-31, 2.354148911345465e-27, 3.6141673221284e-46, 7.855159622189986e-41, 4.431367383207024e-25, -7.909422245766347e-26, 5.852053771903247e-24, 6.499232274818292e-26], "total_energy_defect_over_initial_heat_capacity": 9.65418987575268e-16, "relative_total_baryon_defect": 1.6477161204710793e-22, "maximum_local_rest_characteristic_speed_over_c": 0.41739897292334655, "maximum_characteristic_imaginary_part": 0.0, "sampled_cone_inside_light_cone": true}
CONSERVATIVE NATIVE STAGE 4 45 0 2318984628044.0537
CONSERVATIVE NATIVE STAGE 4 45 1 114564102.74099611
CONSERVATIVE NATIVE STAGE 4 45 2 23370522.322141606
CONSERVATIVE NATIVE STAGE 4 45 3 18538612.270045213
CONSERVATIVE NATIVE STAGE 4 45 4 1515149.3106384848
CONSERVATIVE NATIVE STAGE 4 45 5 2157.2240754620725
CONSERVATIVE NATIVE STAGE 4 45 6 36.88607688821734
CONSERVATIVE NATIVE STAGE 4 45 7 0.39063973217909714
CONSERVATIVE TWO CARRIER STEP 4 {"classification": "Counterexample candidate", "step": 45, "time_seconds": 0.06899557649179683, "elapsed_seconds": 44.996236374000006, "maximum_changes": [0.00013303985093106812, 0.32723330863708133, 3.0714383977603315e-07, 1.7945924369066973e-10, 1.794592435666133e-10], "maximum_local_energy_defect": 9.117578369247177e-10, "maximum_local_baryon_defect": 3.67865653024131e-15, "maximum_isotope_inventory_defect": 5.781299175621077e-21, "isotope_inventory_defects": [5.781299175621077e-21, 3.139717700848407e-38, 1.6804344379980423e-26, -5.656067058754249e-21, 2.4651550321814094e-35, 1.816247235110538e-28, 3.886014261413358e-34, -9.250099751256828e-25, -2.725230325667182e-25, 2.2433682399600076e-30, -5.969549361641744e-23, -2.199321243905725e-27, 1.9386635651950998e-38, 6.4116227023343676e-31, 8.310677598427268e-23, 6.346728665823855e-24, 5.26758925227332e-27, 1.0641995956023349e-32, 3.2310526344946887e-31, 2.4960272984629018e-27, 3.790325929304295e-46, 8.149742979026485e-41, 4.146580131076819e-25, -8.415445351142873e-26, 6.112655399262574e-24, 6.762088238293912e-26], "total_energy_defect_over_initial_heat_capacity": 1.24897793489687e-15, "relative_total_baryon_defect": 1.602911943255834e-22, "maximum_local_rest_characteristic_speed_over_c": 0.41971160186118667, "maximum_characteristic_imaginary_part": 0.0, "sampled_cone_inside_light_cone": true}
CONSERVATIVE NATIVE STAGE 4 46 0 2475037158033.541
CONSERVATIVE NATIVE STAGE 4 46 1 123624209.14051965
CONSERVATIVE NATIVE STAGE 4 46 2 10478357.282954251
CONSERVATIVE NATIVE STAGE 4 46 3 5177015.476729997
CONSERVATIVE NATIVE STAGE 4 46 4 3834872.151639807
CONSERVATIVE NATIVE STAGE 4 46 5 2305845.3960770764
CONSERVATIVE NATIVE STAGE 4 46 6 1852.9602383978288
CONSERVATIVE NATIVE STAGE 4 46 7 1639.4679638156783
CONSERVATIVE NATIVE STAGE 4 46 8 1236.166256600546
CONSERVATIVE NATIVE STAGE 4 46 9 971.9420420427826
CONSERVATIVE NATIVE STAGE 4 46 10 0.0008392985071478819
CONSERVATIVE TWO CARRIER STEP 4 {"classification": "Counterexample candidate", "step": 46, "time_seconds": 0.07228597656294064, "elapsed_seconds": 46.305223257999984, "maximum_changes": [0.00014836706149083193, 0.3345475539284665, 3.3119770431243216e-07, 1.7943208012919272e-10, 1.7943208000515034e-10], "maximum_local_energy_defect": 8.338984958614379e-10, "maximum_local_baryon_defect": 3.3645191638298817e-15, "maximum_isotope_inventory_defect": 5.9037206576873796e-21, "isotope_inventory_defects": [5.9037206576873796e-21, 3.2062157437435726e-38, 1.6848232820215796e-26, -5.782786670701173e-21, 2.476709997879735e-35, 1.8236502580480118e-28, 3.900193008774135e-34, -9.42357315567312e-25, -2.7750133275475735e-25, 2.324685137140726e-30, -6.096511242247382e-23, -2.2438516937052783e-27, 1.9886374804572065e-38, 6.613504249652161e-31, 8.468636686463683e-23, 6.451505934321238e-24, 5.3670420243775624e-27, 1.0832618603398755e-32, 3.276678611016895e-31, 2.5430136927593202e-27, 3.849030096105317e-46, 8.247899384160915e-41, 4.0107800395591524e-25, -8.584530121991604e-26, 6.191546654607463e-24, 6.838802547117923e-26], "total_energy_defect_over_initial_heat_capacity": 1.2830063237539025e-15, "relative_total_baryon_defect": 1.5645330499582895e-22, "maximum_local_rest_characteristic_speed_over_c": 0.4219140447702435, "maximum_characteristic_imaginary_part": 0.0, "sampled_cone_inside_light_cone": true}
CONSERVATIVE NATIVE STAGE 4 47 0 2633806768841.1646
CONSERVATIVE NATIVE STAGE 4 47 1 145902080.3405851
CONSERVATIVE NATIVE STAGE 4 47 2 31110508.135294568
CONSERVATIVE NATIVE STAGE 4 47 3 8154186.461874694
CONSERVATIVE NATIVE STAGE 4 47 4 4077129.160520647
CONSERVATIVE NATIVE STAGE 4 47 5 3729168.5336416145
CONSERVATIVE NATIVE STAGE 4 47 6 7106.836225648725
CONSERVATIVE NATIVE STAGE 4 47 7 0.0009290634951236591
CONSERVATIVE TWO CARRIER STEP 4 {"classification": "Counterexample candidate", "step": 47, "time_seconds": 0.07557637663408445, "elapsed_seconds": 48.108355638000006, "maximum_changes": [0.00016464717181107171, 0.34159710479195604, 3.5586284110050876e-07, 1.7940655538521727e-10, 1.794065552611879e-10], "maximum_local_energy_defect": 8.079483777184727e-10, "maximum_local_baryon_defect": 3.2598067681281875e-15, "maximum_isotope_inventory_defect": 5.9332228581332725e-21, "isotope_inventory_defects": [5.9332228581332725e-21, 3.2229195838345815e-38, 1.64238352918322e-26, -5.844799949198108e-21, 2.477311882209415e-35, 1.825511169475785e-28, 3.904288997490639e-34, -9.505059290798718e-25, -2.798117905360347e-25, 2.351233992109596e-30, -6.161569732168627e-23, -2.267425055360833e-27, 2.0051837873837955e-38, 6.679391563929592e-31, 8.505094340765054e-23, 6.4772688454584155e-24, 5.392524957603869e-27, 1.0894969022974132e-32, 3.2916202936309443e-31, 2.554481215699724e-27, 3.868389103848884e-46, 8.280375434016589e-41, 3.4135062270422606e-25, -8.64602328423014e-26, 6.1101171596414016e-24, 6.716920221404052e-26], "total_energy_defect_over_initial_heat_capacity": 1.503503511425067e-15, "relative_total_baryon_defect": 1.2352492498850473e-22, "maximum_local_rest_characteristic_speed_over_c": 0.42401504415284247, "maximum_characteristic_imaginary_part": 0.0, "sampled_cone_inside_light_cone": true}
CONSERVATIVE NATIVE STAGE 4 48 0 2795210102778.768
CONSERVATIVE NATIVE STAGE 4 48 1 183026150.8882021
CONSERVATIVE NATIVE STAGE 4 48 2 25757055.583024923
CONSERVATIVE NATIVE STAGE 4 48 3 10677568.599761242
CONSERVATIVE NATIVE STAGE 4 48 4 5150909.910359311
CONSERVATIVE NATIVE STAGE 4 48 5 5091834.367207909
CONSERVATIVE NATIVE STAGE 4 48 6 3818884.505059216
CONSERVATIVE NATIVE STAGE 4 48 7 2864168.289236149
CONSERVATIVE NATIVE STAGE 4 48 8 632832.5630056234
CONSERVATIVE NATIVE STAGE 4 48 9 567260.4896406669
CONSERVATIVE NATIVE STAGE 4 48 10 531835.7039136966
CONSERVATIVE NATIVE STAGE 4 48 11 516761.1101902463
CONSERVATIVE NATIVE STAGE 4 48 12 0.0008890206088202501
CONSERVATIVE TWO CARRIER STEP 4 {"classification": "Counterexample candidate", "step": 48, "time_seconds": 0.07886677670522826, "elapsed_seconds": 49.11780125200002, "maximum_changes": [0.00018189546810735006, 0.3484005973136416, 3.811213958392447e-07, 1.7938250794077953e-10, 1.793825078167622e-10], "maximum_local_energy_defect": 7.99314580684587e-10, "maximum_local_baryon_defect": 3.22494938463962e-15, "maximum_isotope_inventory_defect": 5.936704706919896e-21, "isotope_inventory_defects": [5.936704706919896e-21, 3.2262939319586755e-38, 1.5522092646029436e-26, -5.862286385701899e-21, 2.4745674537045554e-35, 1.8275508035681357e-28, 3.9106672038983355e-34, -9.52655333105789e-25, -2.804250786024547e-25, 2.3694793350751557e-30, -6.180259754647571e-23, -2.2748845797936155e-27, 2.0145089428065243e-38, 6.725288287688946e-31, 8.509041748949939e-23, 6.4817078258238225e-24, 5.397828078995323e-27, 1.093278015814452e-32, 3.3011344977664226e-31, 2.555494673159752e-27, 3.880430753964961e-46, 8.302716381806723e-41, 3.1636018053524667e-25, -8.660370223650528e-26, 6.0691554584945045e-24, 6.657801882477089e-26], "total_energy_defect_over_initial_heat_capacity": 1.856376069120078e-15, "relative_total_baryon_defect": 1.093101791737852e-22, "maximum_local_rest_characteristic_speed_over_c": 0.42602230363468435, "maximum_characteristic_imaginary_part": 0.0, "sampled_cone_inside_light_cone": true}
CONSERVATIVE NATIVE STAGE 4 49 0 2959169035877.947
CONSERVATIVE NATIVE STAGE 4 49 1 8044351907.964653
CONSERVATIVE NATIVE STAGE 4 49 2 569572033.2059788
CONSERVATIVE NATIVE STAGE 4 49 3 37063914.51337031
CONSERVATIVE NATIVE STAGE 4 49 4 4751096.722164025
CONSERVATIVE NATIVE STAGE 4 49 5 13266.810909653826
CONSERVATIVE NATIVE STAGE 4 49 6 7881.873858719375
CONSERVATIVE NATIVE STAGE 4 49 7 942.7243749086462
CONSERVATIVE NATIVE STAGE 4 49 8 0.48392869453461207
CONSERVATIVE TWO CARRIER STEP 4 {"classification": "Counterexample candidate", "step": 49, "time_seconds": 0.08215717677637208, "elapsed_seconds": 50.30563842900003, "maximum_changes": [0.00020012678733684566, 0.3549747388003949, 4.069566307757874e-07, 1.793597685174425e-10, 1.7935976839343637e-10], "maximum_local_energy_defect": 7.346025116618651e-10, "maximum_local_baryon_defect": 3.187186275193097e-15, "maximum_isotope_inventory_defect": 7.678336048958906e-21, "isotope_inventory_defects": [7.678336048958906e-21, 4.1715486303659163e-38, 3.6338207860633595e-26, -7.669691357165021e-21, 3.5761572761390507e-35, 2.9788373966064428e-28, 7.13213791622322e-34, -1.3115532768245353e-24, -3.8300925847029455e-25, 2.321564750766029e-30, -8.04100637855582e-23, -2.943004297998374e-27, 2.2942322011038927e-38, 7.537044430176587e-31, 1.0809728771903262e-22, 8.525751728179957e-24, 6.328172135543383e-27, 1.4604513081798487e-32, 4.529474607808547e-31, 3.256975371303815e-27, 5.5058311485321386e-46, 1.2177013511294128e-40, 1.2315806527490386e-25, -1.1119328054411788e-25, 7.220678855922193e-24, 7.80095789840472e-26], "total_energy_defect_over_initial_heat_capacity": 1.8182133060749695e-15, "relative_total_baryon_defect": 5.048487453823491e-23, "maximum_local_rest_characteristic_speed_over_c": 0.42794264543980287, "maximum_characteristic_imaginary_part": 0.0, "sampled_cone_inside_light_cone": true}
CONSERVATIVE NATIVE STAGE 4 50 0 3125610180801.966
CONSERVATIVE NATIVE STAGE 4 50 1 271897524.3781106
CONSERVATIVE NATIVE STAGE 4 50 2 19478449.58542339
CONSERVATIVE NATIVE STAGE 4 50 3 9291831.713911984
CONSERVATIVE NATIVE STAGE 4 50 4 4068417.143106596
CONSERVATIVE NATIVE STAGE 4 50 5 3559830.4012973565
CONSERVATIVE NATIVE STAGE 4 50 6 2669872.7985735796
CONSERVATIVE NATIVE STAGE 4 50 7 2586434.390955529
CONSERVATIVE NATIVE STAGE 4 50 8 2424782.2404159936
CONSERVATIVE NATIVE STAGE 4 50 9 2349007.794815434
CONSERVATIVE NATIVE STAGE 4 50 10 2330656.171260844
CONSERVATIVE NATIVE STAGE 4 50 11 1742014.7057090155
CONSERVATIVE NATIVE STAGE 4 50 12 1224031.5429088718
CONSERVATIVE NATIVE STAGE 4 50 13 1023086.9722116312
CONSERVATIVE NATIVE STAGE 4 50 14 273.09531354356903
CONSERVATIVE NATIVE STAGE 4 50 15 194.2393883260125
CONSERVATIVE NATIVE STAGE 4 50 16 0.0008893685885021868
CONSERVATIVE TWO CARRIER STEP 4 {"classification": "Counterexample candidate", "step": 50, "time_seconds": 0.08544757684751589, "elapsed_seconds": 51.08910828500004, "maximum_changes": [0.0002193555434568767, 0.3613345771359854, 4.3335281610398033e-07, 1.7933822912961877e-10, 1.7933822900562305e-10], "maximum_local_energy_defect": 7.345908381216608e-10, "maximum_local_baryon_defect": 3.187157539064739e-15, "maximum_isotope_inventory_defect": 8.272940131594974e-21, "isotope_inventory_defects": [8.258433021369061e-21, 4.486408942132475e-38, 4.3259980040323e-26, -8.272940131594974e-21, 3.943218517770026e-35, 3.3625730650621315e-28, 8.205930481032864e-34, -1.4312798373090997e-24, -4.172298919492551e-25, 2.3055636685324744e-30, -8.662154053440248e-23, -3.1660602614243172e-27, 2.3874664597732575e-38, 7.8075670433013395e-31, 1.1575970593586559e-22, 9.206714439949155e-24, 6.6379786277598e-27, 1.582836865090789e-32, 4.938914652753063e-31, 3.490630083514673e-27, 6.047614152977266e-46, 1.3468395998043472e-40, 5.65316136886159e-26, -1.1939189370444297e-25, 7.600181944228631e-24, 8.176089715986013e-26], "total_energy_defect_over_initial_heat_capacity": 1.858269843221331e-15, "relative_total_baryon_defect": 2.960660464496021e-23, "maximum_local_rest_characteristic_speed_over_c": 0.42978214295106415, "maximum_characteristic_imaginary_part": 0.0, "sampled_cone_inside_light_cone": true}
CONSERVATIVE NATIVE STAGE 4 51 0 3294464441261.7036
CONSERVATIVE NATIVE STAGE 4 51 1 297388878.2996621
CONSERVATIVE NATIVE STAGE 4 51 2 21502146.52409393
CONSERVATIVE NATIVE STAGE 4 51 3 10214627.855119847
CONSERVATIVE NATIVE STAGE 4 51 4 4957820.880791533
CONSERVATIVE NATIVE STAGE 4 51 5 3942432.5255658976
CONSERVATIVE NATIVE STAGE 4 51 6 3695991.519028572
CONSERVATIVE NATIVE STAGE 4 51 7 3580486.5868156888
CONSERVATIVE NATIVE STAGE 4 51 8 2685364.938306469
CONSERVATIVE NATIVE STAGE 4 51 9 2643406.1109293965
CONSERVATIVE NATIVE STAGE 4 51 10 2622754.5005730437
CONSERVATIVE NATIVE STAGE 4 51 11 2540793.422934741
CONSERVATIVE NATIVE STAGE 4 51 12 2498538.7233386366
CONSERVATIVE NATIVE STAGE 4 51 13 224049.81890429763
CONSERVATIVE NATIVE STAGE 4 51 14 223115.33812898112
CONSERVATIVE NATIVE STAGE 4 51 15 0.0007893104251909994
CONSERVATIVE TWO CARRIER STEP 4 {"classification": "Counterexample candidate", "step": 51, "time_seconds": 0.0887379769186597, "elapsed_seconds": 52.364854922000035, "maximum_changes": [0.0002395957512655704, 0.3674937166114515, 4.602951359557719e-07, 1.7931780388905477e-10, 1.7931780376506872e-10], "maximum_local_energy_defect": 7.345881188045124e-10, "maximum_local_baryon_defect": 3.1871531494451594e-15, "maximum_isotope_inventory_defect": 8.535326550074017e-21, "isotope_inventory_defects": [8.41531358445424e-21, 4.573782726893205e-38, 4.413581435748595e-26, -8.535326550074017e-21, 4.054920222516475e-35, 3.4885127501551625e-28, 8.561802748599755e-34, -1.4784813815691518e-24, -4.306409955313908e-25, 2.2990485140169668e-30, -8.939858741298309e-23, -3.2675760046009306e-27, 2.418347595029107e-38, 7.894617349459651e-31, 1.1779226297345759e-22, 9.404038562585991e-24, 6.71653462446761e-27, 1.623286698797594e-32, 5.074631680993876e-31, 3.554919457840029e-27, 6.227589277132838e-46, 1.3898267834242868e-40, -1.3935200930016743e-25, -1.222737511512967e-25, 7.386975603407016e-24, 7.836260117608425e-26], "total_energy_defect_over_initial_heat_capacity": 1.767366375205433e-15, "relative_total_baryon_defect": -7.694979793804625e-23, "maximum_local_rest_characteristic_speed_over_c": 0.43154621887874495, "maximum_characteristic_imaginary_part": 0.0, "sampled_cone_inside_light_cone": true}
CONSERVATIVE NATIVE STAGE 4 52 0 3465666618213.7793
CONSERVATIVE NATIVE STAGE 4 52 1 295310787.9725766
CONSERVATIVE NATIVE STAGE 4 52 2 23586801.472518332
CONSERVATIVE NATIVE STAGE 4 52 3 9896749.991330756
CONSERVATIVE NATIVE STAGE 4 52 4 4943999.535341256
CONSERVATIVE NATIVE STAGE 4 52 5 3707807.4732227875
CONSERVATIVE NATIVE STAGE 4 52 6 3476036.851084959
CONSERVATIVE NATIVE STAGE 4 52 7 3421716.076166335
CONSERVATIVE NATIVE STAGE 4 52 8 2566287.055881218
CONSERVATIVE NATIVE STAGE 4 52 9 2526188.819852368
CONSERVATIVE NATIVE STAGE 4 52 10 2210415.2162906737
CONSERVATIVE NATIVE STAGE 4 52 11 2162401.901200617
CONSERVATIVE NATIVE STAGE 4 52 12 54247.5520700716
CONSERVATIVE NATIVE STAGE 4 52 13 0.0009594277011804464
CONSERVATIVE TWO CARRIER STEP 4 {"classification": "Counterexample candidate", "step": 52, "time_seconds": 0.09202837698980351, "elapsed_seconds": 53.347435735999994, "maximum_changes": [0.00026086104809491784, 0.3734644993880089, 4.877696062930125e-07, 1.7929840408296252e-10, 1.792984039589855e-10], "maximum_local_energy_defect": 7.345900864881528e-10, "maximum_local_baryon_defect": 3.1871552103461644e-15, "maximum_isotope_inventory_defect": 8.667302858493591e-21, "isotope_inventory_defects": [8.442190262750084e-21, 4.590639539260862e-38, 4.3442582247753613e-26, -8.667302858493591e-21, 4.0848440140621005e-35, 3.529136833235307e-28, 8.679018514763687e-34, -1.499534988385742e-24, -4.365746012529152e-25, 2.2956374383695427e-30, -9.083597383858261e-23, -3.3210483418024126e-27, 2.428399801446646e-38, 7.920487477481938e-31, 1.1810548420747162e-22, 9.449183831603027e-24, 6.725483219422866e-27, 1.6364969095206732e-32, 5.119299229789261e-31, 3.5669160431576225e-27, 6.2871162778579645e-46, 1.404111399614201e-40, -3.288567795911164e-25, -1.2335036040913297e-25, 7.073519368662853e-24, 7.391204418321612e-26], "total_energy_defect_over_initial_heat_capacity": 1.708674117135313e-15, "relative_total_baryon_defect": -1.8367663145872551e-22, "maximum_local_rest_characteristic_speed_over_c": 0.4332397282183388, "maximum_characteristic_imaginary_part": 0.0, "sampled_cone_inside_light_cone": true}
CONSERVATIVE NATIVE STAGE 4 53 0 3639155063086.079
CONSERVATIVE NATIVE STAGE 4 53 1 262611279.49980932
CONSERVATIVE NATIVE STAGE 4 53 2 25872151.288103376
CONSERVATIVE NATIVE STAGE 4 53 3 25148604.565203592
CONSERVATIVE NATIVE STAGE 4 53 4 3104405.433295901
CONSERVATIVE NATIVE STAGE 4 53 5 17649.680834064857
CONSERVATIVE NATIVE STAGE 4 53 6 601.5269117784766
CONSERVATIVE NATIVE STAGE 4 53 7 37.193529612009634
CONSERVATIVE NATIVE STAGE 4 53 8 2.529150680278235
CONSERVATIVE NATIVE STAGE 4 53 9 0.23192821639693242
CONSERVATIVE TWO CARRIER STEP 4 {"classification": "Counterexample candidate", "step": 53, "time_seconds": 0.09531877706094732, "elapsed_seconds": 54.08569203900001, "maximum_changes": [0.00028316471360731086, 0.37925815969171284, 5.157630027324961e-07, 1.7927994901423556e-10, 1.7927994889026699e-10], "maximum_local_energy_defect": 7.583714146266468e-10, "maximum_local_baryon_defect": 3.290433276804575e-15, "maximum_isotope_inventory_defect": 8.923867355004973e-21, "isotope_inventory_defects": [8.634680704817403e-21, 4.695938747846373e-38, 4.3839452986955456e-26, -8.923867355004973e-21, 4.1738363159774914e-35, 3.6017676561635597e-28, 8.845777425821382e-34, -1.5381708549462263e-24, -4.477811479379902e-25, 2.3656160733277556e-30, -9.341289001303619e-23, -3.414793694260757e-27, 2.493140739510153e-38, 8.132524237794477e-31, 1.203298307137458e-22, 9.633623597547476e-24, 6.861006621760922e-27, 1.6718646020059649e-32, 5.223529745388182e-31, 3.635682544975999e-27, 6.421603688195573e-46, 1.43224072073097e-40, -4.669340584101554e-25, -1.2618913483550694e-25, 6.97357646004334e-24, 7.207876520535042e-26], "total_energy_defect_over_initial_heat_capacity": 1.674798199147526e-15, "relative_total_baryon_defect": -2.482103080956089e-22, "maximum_local_rest_characteristic_speed_over_c": 0.4348670313657366, "maximum_characteristic_imaginary_part": 0.0, "sampled_cone_inside_light_cone": true}
CONSERVATIVE NATIVE STAGE 4 54 0 3814871372218.02
CONSERVATIVE NATIVE STAGE 4 54 1 203356901.30433342
CONSERVATIVE NATIVE STAGE 4 54 2 23407609.609378234
CONSERVATIVE NATIVE STAGE 4 54 3 12421463.966034343
CONSERVATIVE NATIVE STAGE 4 54 4 614137.8840095738
CONSERVATIVE NATIVE STAGE 4 54 5 10157.673600636821
CONSERVATIVE NATIVE STAGE 4 54 6 635.1147821458358
CONSERVATIVE NATIVE STAGE 4 54 7 28.692238524469715
CONSERVATIVE NATIVE STAGE 4 54 8 1.2953717066087738
CONSERVATIVE NATIVE STAGE 4 54 9 0.06900118623653645
CONSERVATIVE TWO CARRIER STEP 4 {"classification": "Counterexample candidate", "step": 54, "time_seconds": 0.09860917713209114, "elapsed_seconds": 54.89216876100002, "maximum_changes": [0.0003065196879169536, 0.3848849559928822, 5.442627969023626e-07, 1.792623689434874e-10, 1.7926236881952674e-10], "maximum_local_energy_defect": 7.662965693482133e-10, "maximum_local_baryon_defect": 3.3248574610717482e-15, "maximum_isotope_inventory_defect": 9.022899312478506e-21, "isotope_inventory_defects": [8.706275094327878e-21, 4.735059147158574e-38, 4.397216623127711e-26, -9.022899312478506e-21, 4.203487701320413e-35, 3.6259812808981026e-28, 8.901396847650412e-34, -1.5523333528632817e-24, -4.518726799646229e-25, 2.395500204025982e-30, -9.437832679641313e-23, -3.449886214201579e-27, 2.518299459980005e-38, 8.21871733929844e-31, 1.2105786795267477e-22, 9.694048628332291e-24, 6.905054422219889e-27, 1.6841755548758115e-32, 5.259104117707368e-31, 3.6583045616672715e-27, 6.468532852301579e-46, 1.441891284676862e-40, -5.296967264701509e-25, -1.2718305524333362e-25, 6.909531133325127e-24, 7.104706842058684e-26], "total_energy_defect_over_initial_heat_capacity": 1.779814543503375e-15, "relative_total_baryon_defect": -2.759765257599192e-22, "maximum_local_rest_characteristic_speed_over_c": 0.43643205605381963, "maximum_characteristic_imaginary_part": 0.0, "sampled_cone_inside_light_cone": true}
CONSERVATIVE NATIVE STAGE 4 55 0 3992760116925.184
CONSERVATIVE NATIVE STAGE 4 55 1 5687063295.8436985
CONSERVATIVE NATIVE STAGE 4 55 2 1799467793.1062207
CONSERVATIVE NATIVE STAGE 4 55 3 2819239.9237721944
CONSERVATIVE NATIVE STAGE 4 55 4 137871.40634377254
CONSERVATIVE NATIVE STAGE 4 55 5 3787.966516407772
CONSERVATIVE NATIVE STAGE 4 55 6 133.33807758991608
CONSERVATIVE NATIVE STAGE 4 55 7 1.921321233129677
CONSERVATIVE NATIVE STAGE 4 55 8 0.02557817758222623
CONSERVATIVE TWO CARRIER STEP 4 {"classification": "Counterexample candidate", "step": 55, "time_seconds": 0.10189957720323495, "elapsed_seconds": 56.104454445000016, "maximum_changes": [0.00033093858823233786, 0.39035428606562844, 5.732571001752452e-07, 1.7924563068280986e-10, 1.792456305588566e-10], "maximum_local_energy_defect": 7.689389789532898e-10, "maximum_local_baryon_defect": 3.336330511899344e-15, "maximum_isotope_inventory_defect": 9.05209794267883e-21, "isotope_inventory_defects": [8.720960764373624e-21, 4.743143092484856e-38, 4.4028019860988514e-26, -9.05209794267883e-21, 4.2137864857081754e-35, 3.634505202736555e-28, 8.921192079801727e-34, -1.556228195300219e-24, -4.529929523744932e-25, 2.3952918247737142e-30, -9.463366173338808e-23, -3.458774675816986e-27, 2.5221830634143545e-38, 8.223427474756165e-31, 1.2106757602487867e-22, 9.701358763711112e-24, 6.905441759180512e-27, 1.686542425802054e-32, 5.266614713573222e-31, 3.659498013545983e-27, 6.480303216829703e-46, 1.4444009656803986e-40, -5.710566233059036e-25, -1.273830195080102e-25, 6.838803867441178e-24, 7.009476764460984e-26], "total_energy_defect_over_initial_heat_capacity": 1.7829939088906753e-15, "relative_total_baryon_defect": -2.908343634779588e-22, "maximum_local_rest_characteristic_speed_over_c": 0.4379383527574596, "maximum_characteristic_imaginary_part": 0.0, "sampled_cone_inside_light_cone": true}
CONSERVATIVE NATIVE STAGE 4 56 0 4172768605197.206
CONSERVATIVE NATIVE STAGE 4 56 1 56796545.080999024
CONSERVATIVE NATIVE STAGE 4 56 2 19458174.173991375
CONSERVATIVE NATIVE STAGE 4 56 3 1050276.4358111818
CONSERVATIVE NATIVE STAGE 4 56 4 133196.33953471525
CONSERVATIVE NATIVE STAGE 4 56 5 16.682729242358675
CONSERVATIVE NATIVE STAGE 4 56 6 0.15695397774267383
CONSERVATIVE TWO CARRIER STEP 4 {"classification": "Counterexample candidate", "step": 56, "time_seconds": 0.10518997727437876, "elapsed_seconds": 57.02361617700004, "maximum_changes": [0.00035643372418330666, 0.3956747826877933, 6.02734613762606e-07, 1.7922968885590445e-10, 1.7922968873195815e-10], "maximum_local_energy_defect": 7.405570578200131e-10, "maximum_local_baryon_defect": 3.21309374125588e-15, "maximum_isotope_inventory_defect": 9.254847651130183e-21, "isotope_inventory_defects": [8.760554623791149e-21, 4.765277315116978e-38, 4.532744422763568e-26, -9.254847651130183e-21, 4.2709619831091305e-35, 3.691640508310748e-28, 9.069011040657644e-34, -1.5896234520965489e-24, -4.6193895468090965e-25, 2.31590065849991e-30, -9.683115598317249e-23, -3.490844090812451e-27, 2.4871162087498206e-38, 8.080896935312328e-31, 1.2147903874234007e-22, 9.761836383457224e-24, 6.891529580636981e-27, 1.6897045615549543e-32, 5.219974267598259e-31, 3.677163283842296e-27, 6.484555009305659e-46, 1.4317782675265348e-40, -8.69786350563624e-25, -1.2899515755623531e-25, 6.338802099389009e-24, 6.304918381891569e-26], "total_energy_defect_over_initial_heat_capacity": 1.6223828438565424e-15, "relative_total_baryon_defect": -4.565658652734683e-22, "maximum_local_rest_characteristic_speed_over_c": 0.4393891357888568, "maximum_characteristic_imaginary_part": 0.0, "sampled_cone_inside_light_cone": true}
CONSERVATIVE NATIVE STAGE 4 57 0 4354846669092.037
CONSERVATIVE NATIVE STAGE 4 57 1 234212302.10253683
CONSERVATIVE NATIVE STAGE 4 57 2 27256085.052227322
CONSERVATIVE NATIVE STAGE 4 57 3 20098938.15249218
CONSERVATIVE NATIVE STAGE 4 57 4 567907.2741012648
CONSERVATIVE NATIVE STAGE 4 57 5 466386.953878001
CONSERVATIVE NATIVE STAGE 4 57 6 0.000945070140836023
CONSERVATIVE TWO CARRIER STEP 4 {"classification": "Counterexample candidate", "step": 57, "time_seconds": 0.10848037734552257, "elapsed_seconds": 57.83643959899999, "maximum_changes": [0.0003830171119670911, 0.40085439173601733, 6.326845838548364e-07, 1.7921447136431236e-10, 1.792144712403726e-10], "maximum_local_energy_defect": 7.310950521475559e-10, "maximum_local_baryon_defect": 3.1720172791738807e-15, "maximum_isotope_inventory_defect": 9.354575860493639e-21, "isotope_inventory_defects": [8.753443809930712e-21, 4.763160486515005e-38, 4.4802361233795616e-26, -9.354575860493639e-21, 4.28415036741594e-35, 3.710536001504444e-28, 9.119914145095153e-34, -1.6045867288444472e-24, -4.659760771907949e-25, 2.2911773312734134e-30, -9.793474132735111e-23, -3.515984793602957e-27, 2.476398512947069e-38, 8.038165915774832e-31, 1.2132701758136362e-22, 9.766043611151122e-24, 6.873304592449531e-27, 1.6911675652790041e-32, 5.205694343119733e-31, 3.675377833240579e-27, 6.48780489165682e-46, 1.4279958176972635e-40, -1.0624648493555854e-24, -1.2960407891569286e-25, 5.989546747513502e-24, 5.820123738249807e-26], "total_energy_defect_over_initial_heat_capacity": 1.4630077674733165e-15, "relative_total_baryon_defect": -5.652428661730535e-22, "maximum_local_rest_characteristic_speed_over_c": 0.44078732002838933, "maximum_characteristic_imaginary_part": 0.0, "sampled_cone_inside_light_cone": true}
CONSERVATIVE NATIVE STAGE 4 58 0 4538946473131.417
CONSERVATIVE NATIVE STAGE 4 58 1 533486987.32231975
CONSERVATIVE NATIVE STAGE 4 58 2 51227526.04514993
CONSERVATIVE NATIVE STAGE 4 58 3 26005660.388410963
CONSERVATIVE NATIVE STAGE 4 58 4 12005571.741709983
CONSERVATIVE NATIVE STAGE 4 58 5 9004178.802982073
CONSERVATIVE NATIVE STAGE 4 58 6 8441419.806501577
CONSERVATIVE NATIVE STAGE 4 58 7 8309521.804566016
CONSERVATIVE NATIVE STAGE 4 58 8 6232141.355440789
CONSERVATIVE NATIVE STAGE 4 58 9 4997845.383118875
CONSERVATIVE NATIVE STAGE 4 58 10 2461051.2947564167
CONSERVATIVE NATIVE STAGE 4 58 11 2203118.836254027
CONSERVATIVE NATIVE STAGE 4 58 12 190530.37823483537
CONSERVATIVE NATIVE STAGE 4 58 13 179829.14564210558
CONSERVATIVE NATIVE STAGE 4 58 14 175622.05109724225
CONSERVATIVE NATIVE STAGE 4 58 15 153826.82926950336
CONSERVATIVE NATIVE STAGE 4 58 16 2.8357981384745394
CONSERVATIVE NATIVE STAGE 4 58 17 0.0009077879342213923
CONSERVATIVE TWO CARRIER STEP 4 {"classification": "Counterexample candidate", "step": 58, "time_seconds": 0.1117707774166664, "elapsed_seconds": 58.879697875999994, "maximum_changes": [0.00041070048743037336, 0.40590044049066654, 6.630967609890814e-07, 1.791999206182318e-10, 1.7919992049429823e-10], "maximum_local_energy_defect": 7.27941378304208e-10, "maximum_local_baryon_defect": 3.158325120832262e-15, "maximum_isotope_inventory_defect": 9.38766993781908e-21, "isotope_inventory_defects": [8.751207900952065e-21, 4.762540358041085e-38, 4.462855231859137e-26, -9.38766993781908e-21, 4.288626113136868e-35, 3.7169110351743624e-28, 9.137057093626145e-34, -1.6095693155072004e-24, -4.673203940368486e-25, 2.2829433226490046e-30, -9.830096292234001e-23, -3.524258744068598e-27, 2.4728211788087504e-38, 8.023977599468114e-31, 1.2127853334538554e-22, 9.767610880601077e-24, 6.867284381968099e-27, 1.6916707663029745e-32, 5.200951801479782e-31, 3.674833836272748e-27, 6.488960188369557e-46, 1.4267335243935432e-40, -1.1261812598498354e-24, -1.2980724391670764e-25, 5.874194873159036e-24, 5.659995159244542e-26], "total_energy_defect_over_initial_heat_capacity": 1.335680266848297e-15, "relative_total_baryon_defect": -6.011857199108173e-22, "maximum_local_rest_characteristic_speed_over_c": 0.44213555727246834, "maximum_characteristic_imaginary_part": 0.0, "sampled_cone_inside_light_cone": true}
CONSERVATIVE NATIVE STAGE 4 59 0 4725022341456.219
CONSERVATIVE NATIVE STAGE 4 59 1 803981473.8772025
CONSERVATIVE NATIVE STAGE 4 59 2 71423683.3204618
CONSERVATIVE NATIVE STAGE 4 59 3 36659395.807942286
CONSERVATIVE NATIVE STAGE 4 59 4 27553792.611327987
CONSERVATIVE NATIVE STAGE 4 59 5 25271378.465937108
CONSERVATIVE NATIVE STAGE 4 59 6 16558726.800873403
CONSERVATIVE NATIVE STAGE 4 59 7 85160.03593562792
CONSERVATIVE NATIVE STAGE 4 59 8 64120.725017970464
CONSERVATIVE NATIVE STAGE 4 59 9 60069.15260327398
CONSERVATIVE NATIVE STAGE 4 59 10 59701.82732130352
CONSERVATIVE NATIVE STAGE 4 59 11 29422.263311432216
CONSERVATIVE NATIVE STAGE 4 59 12 1645.908320003845
CONSERVATIVE NATIVE STAGE 4 59 13 0.0010522970196163931
CONSERVATIVE TWO CARRIER STEP 4 {"classification": "Counterexample candidate", "step": 59, "time_seconds": 0.11506117748781021, "elapsed_seconds": 59.746217082000015, "maximum_changes": [0.0004394953181889582, 0.41081969905125243, 6.939613632969964e-07, 1.7918599418891384e-10, 1.791859940649861e-10], "maximum_local_energy_defect": 7.268893883792564e-10, "maximum_local_baryon_defect": 3.1537614317791783e-15, "maximum_isotope_inventory_defect": 9.396064904541713e-21, "isotope_inventory_defects": [8.750695013619006e-21, 4.762473784170305e-38, 4.457048964663357e-26, -9.396064904541713e-21, 4.290147953879996e-35, 3.7190359032483944e-28, 9.142820607878651e-34, -1.6108767023863275e-24, -4.676719796511798e-25, 2.2805669782338448e-30, -9.83935144343641e-23, -3.525947499249651e-27, 2.471706256100382e-38, 8.020139221006194e-31, 1.2126711506569864e-22, 9.768309065262184e-24, 6.86545262423364e-27, 1.6918667770101643e-32, 5.199426534847562e-31, 3.674712695697373e-27, 6.489402440374842e-46, 1.4263202965459047e-40, -1.142260032094505e-24, -1.2985959069829583e-25, 5.8451548033979914e-24, 5.619675921655929e-26], "total_energy_defect_over_initial_heat_capacity": 1.0469931919740437e-15, "relative_total_baryon_defect": -6.102152202797718e-22, "maximum_local_rest_characteristic_speed_over_c": 0.44343626558698007, "maximum_characteristic_imaginary_part": 0.0, "sampled_cone_inside_light_cone": true}
CONSERVATIVE NATIVE STAGE 4 60 0 4913030601224.695
CONSERVATIVE NATIVE STAGE 4 60 1 1013663835.3747209
CONSERVATIVE NATIVE STAGE 4 60 2 84935107.6225732
CONSERVATIVE NATIVE STAGE 4 60 3 43991089.51326014
CONSERVATIVE NATIVE STAGE 4 60 4 22244252.100094024
CONSERVATIVE NATIVE STAGE 4 60 5 15761592.320190642
CONSERVATIVE NATIVE STAGE 4 60 6 16115.136787566533
CONSERVATIVE NATIVE STAGE 4 60 7 16085.254970057746
CONSERVATIVE NATIVE STAGE 4 60 8 0.0009832708427453094
CONSERVATIVE TWO CARRIER STEP 4 {"classification": "Counterexample candidate", "step": 60, "time_seconds": 0.11835157755895402, "elapsed_seconds": 60.52886464500003, "maximum_changes": [0.0004694128148753418, 0.41561843536699117, 7.252690432511309e-07, 1.7917265403775884e-10, 1.7917265391383658e-10], "maximum_local_energy_defect": 7.265385431118042e-10, "maximum_local_baryon_defect": 3.152244106855078e-15, "maximum_isotope_inventory_defect": 9.44864095433254e-21, "isotope_inventory_defects": [8.722108440214519e-21, 4.74876772831603e-38, 4.3448559057746395e-26, -9.44864095433254e-21, 4.282479768929853e-35, 3.7182099595937046e-28, 9.143164789925489e-34, -1.6172639968175755e-24, -4.6942641052027925e-25, 2.2784054241363444e-30, -9.899693384313975e-23, -3.5484806251191344e-27, 2.4710685968414324e-38, 8.015342336769563e-31, 1.208561556879157e-22, 9.745483431667803e-24, 6.845594084880684e-27, 1.6916305161819423e-32, 5.1982513024240815e-31, 3.6641148918074704e-27, 6.489020370726675e-46, 1.4261337133290233e-40, -1.28651562833509e-24, -1.3000644843905497e-25, 5.564423804998428e-24, 5.235216877867255e-26], "total_energy_defect_over_initial_heat_capacity": 9.014691336239422e-16, "relative_total_baryon_defect": -6.928478443622186e-22, "maximum_local_rest_characteristic_speed_over_c": 0.4446916544035096, "maximum_characteristic_imaginary_part": 0.0, "sampled_cone_inside_light_cone": true}
CONSERVATIVE NATIVE STAGE 4 61 0 5102929440583.068
CONSERVATIVE NATIVE STAGE 4 61 1 1138924940.5722742
CONSERVATIVE NATIVE STAGE 4 61 2 831815151.5721848
CONSERVATIVE NATIVE STAGE 4 61 3 163913945.84385043
CONSERVATIVE NATIVE STAGE 4 61 4 33021102.832753107
CONSERVATIVE NATIVE STAGE 4 61 5 1061698.5433158642
CONSERVATIVE NATIVE STAGE 4 61 6 209253.56983987533
CONSERVATIVE NATIVE STAGE 4 61 7 1281.3632096161557
CONSERVATIVE NATIVE STAGE 4 61 8 8.038153586580517
CONSERVATIVE NATIVE STAGE 4 61 9 1.8074050983418926
CONSERVATIVE NATIVE STAGE 4 61 10 0.0010459491012389647
CONSERVATIVE TWO CARRIER STEP 4 {"classification": "Counterexample candidate", "step": 61, "time_seconds": 0.12164197763009783, "elapsed_seconds": 61.373996386000016, "maximum_changes": [0.0005004639415953593, 0.42030246403603727, 7.570108575369444e-07, 1.7915986239155097e-10, 1.7915986226763392e-10], "maximum_local_energy_defect": 7.264211265653784e-10, "maximum_local_baryon_defect": 3.151738323915543e-15, "maximum_isotope_inventory_defect": 9.46551993399663e-21, "isotope_inventory_defects": [8.712646305878664e-21, 4.744223123019011e-38, 4.307505013300664e-26, -9.46551993399663e-21, 4.2799112121110496e-35, 3.7179127061735554e-28, 9.143267328982745e-34, -1.6193075088020014e-24, -4.699880762525668e-25, 2.277775140269525e-30, -9.919130078011931e-23, -3.555732884116726e-27, 2.470883593797137e-38, 8.013943070538957e-31, 1.207200608929284e-22, 9.737957578032741e-24, 6.839020342586467e-27, 1.691554941451604e-32, 5.197880688616038e-31, 3.66058938041057e-27, 6.4888855163474386e-46, 1.4260715033373076e-40, -1.3333363461625696e-24, -1.3005199515509307e-25, 5.473144084353567e-24, 5.110249994593617e-26], "total_energy_defect_over_initial_heat_capacity": 6.383520754425198e-16, "relative_total_baryon_defect": -7.196725803220934e-22, "maximum_local_rest_characteristic_speed_over_c": 0.4459037470387065, "maximum_characteristic_imaginary_part": 0.0, "sampled_cone_inside_light_cone": true}
CONSERVATIVE NATIVE STAGE 4 62 0 5294678779797.892
CONSERVATIVE NATIVE STAGE 4 62 1 1159199229.95873
CONSERVATIVE NATIVE STAGE 4 62 2 87388457.8776438
CONSERVATIVE NATIVE STAGE 4 62 3 45490406.96346227
CONSERVATIVE NATIVE STAGE 4 62 4 23009206.348727677
CONSERVATIVE NATIVE STAGE 4 62 5 19689919.18783247
CONSERVATIVE NATIVE STAGE 4 62 6 14165220.472303094
CONSERVATIVE NATIVE STAGE 4 62 7 248875.41054068998
CONSERVATIVE NATIVE STAGE 4 62 8 245738.4799594417
CONSERVATIVE NATIVE STAGE 4 62 9 227452.0810129541
CONSERVATIVE NATIVE STAGE 4 62 10 187164.18053605882
CONSERVATIVE NATIVE STAGE 4 62 11 85979.84884780968
CONSERVATIVE NATIVE STAGE 4 62 12 4116.708306279149
CONSERVATIVE NATIVE STAGE 4 62 13 0.0015040120528702176
CONSERVATIVE TWO CARRIER STEP 4 {"classification": "Counterexample candidate", "step": 62, "time_seconds": 0.12493237770124165, "elapsed_seconds": 61.97418906300001, "maximum_changes": [0.0005326594256643692, 0.4248771892596152, 7.89178239786155e-07, 1.7914753989454817e-10, 1.791475397706361e-10], "maximum_local_energy_defect": 7.263819105642935e-10, "maximum_local_baryon_defect": 3.1515697680990666e-15, "maximum_isotope_inventory_defect": 9.472455950940175e-21, "isotope_inventory_defects": [8.710065257545768e-21, 4.74301117209495e-38, 4.2963903923372126e-26, -9.472455950940175e-21, 4.27959852432847e-35, 3.718368956362627e-28, 9.144754945284327e-34, -1.6202300654428463e-24, -4.702394311891528e-25, 2.277069049412949e-30, -9.926998667774502e-23, -3.558187434690152e-27, 2.4705939559271734e-38, 8.01269655569436e-31, 1.2068211809486968e-22, 9.736196182333105e-24, 6.836882484780566e-27, 1.6915872750863633e-32, 5.19747526351032e-31, 3.65967297482496e-27, 6.488981010056267e-46, 1.425965306973789e-40, -1.3502570850522763e-24, -1.3007980449686576e-25, 5.440889603188519e-24, 5.0658475827623573e-26], "total_energy_defect_over_initial_heat_capacity": 7.041581363125291e-16, "relative_total_baryon_defect": -7.293573402696881e-22, "maximum_local_rest_characteristic_speed_over_c": 0.44707439765580004, "maximum_characteristic_imaginary_part": 0.0, "sampled_cone_inside_light_cone": true}
CONSERVATIVE NATIVE STAGE 4 63 0 5488240153654.537
CONSERVATIVE NATIVE STAGE 4 63 1 1057317670.5186081
CONSERVATIVE NATIVE STAGE 4 63 2 74568046.35379267
CONSERVATIVE NATIVE STAGE 4 63 3 38589760.641603604
CONSERVATIVE NATIVE STAGE 4 63 4 19516522.697652344
CONSERVATIVE NATIVE STAGE 4 63 5 12640441.195891203
CONSERVATIVE NATIVE STAGE 4 63 6 8008054.928649815
CONSERVATIVE NATIVE STAGE 4 63 7 7873993.2041872805
CONSERVATIVE NATIVE STAGE 4 63 8 5905490.019388819
CONSERVATIVE NATIVE STAGE 4 63 9 12043.089760676852
CONSERVATIVE NATIVE STAGE 4 63 10 0.0013847823874037013
CONSERVATIVE TWO CARRIER STEP 4 {"classification": "Counterexample candidate", "step": 63, "time_seconds": 0.12822277777238544, "elapsed_seconds": 62.545313736, "maximum_changes": [0.0005660097666950685, 0.4293476443831147, 8.217629756272578e-07, 1.791356763964624e-10, 1.7913567627255503e-10], "maximum_local_energy_defect": 7.263675073364724e-10, "maximum_local_baryon_defect": 3.1515172479783886e-15, "maximum_isotope_inventory_defect": 9.521047311945891e-21, "isotope_inventory_defects": [8.682791477395007e-21, 4.729880459956159e-38, 4.1898683959201787e-26, -9.521047311945891e-21, 4.2719118292644493e-35, 3.7171048004192958e-28, 9.143769973634614e-34, -1.6260699092007586e-24, -4.718450363139487e-25, 2.275563120338102e-30, -9.982824360825471e-23, -3.5794296208365e-27, 2.4702496446209105e-38, 8.008994113489116e-31, 1.202912149879655e-22, 9.714205761447752e-24, 6.818277119612253e-27, 1.6913125100278046e-32, 5.196737367127677e-31, 3.649569230540378e-27, 6.488538410418149e-46, 1.4258837353601538e-40, -1.4849723496634817e-24, -1.3021004413078614e-25, 5.1782924534156556e-24, 4.706235021508908e-26], "total_energy_defect_over_initial_heat_capacity": 7.198599976387349e-16, "relative_total_baryon_defect": -8.065827579680707e-22, "maximum_local_rest_characteristic_speed_over_c": 0.44820531729884555, "maximum_characteristic_imaginary_part": 0.0, "sampled_cone_inside_light_cone": true}
CONSERVATIVE NATIVE STAGE 4 64 0 5683576606097.473
CONSERVATIVE NATIVE STAGE 4 64 1 822301569.5079644
CONSERVATIVE NATIVE STAGE 4 64 2 51669214.46711248
CONSERVATIVE NATIVE STAGE 4 64 3 26449904.385405168
CONSERVATIVE NATIVE STAGE 4 64 4 13339580.849700533
CONSERVATIVE NATIVE STAGE 4 64 5 6666436.215518898
CONSERVATIVE NATIVE STAGE 4 64 6 4656256.366113761
CONSERVATIVE NATIVE STAGE 4 64 7 4365241.355697263
CONSERVATIVE NATIVE STAGE 4 64 8 4350139.8592516845
CONSERVATIVE NATIVE STAGE 4 64 9 3896504.9813959217
CONSERVATIVE NATIVE STAGE 4 64 10 204889.43189064617
CONSERVATIVE NATIVE STAGE 4 64 11 203730.3850845289
CONSERVATIVE NATIVE STAGE 4 64 12 0.0008235813692765734
CONSERVATIVE TWO CARRIER STEP 4 {"classification": "Counterexample candidate", "step": 64, "time_seconds": 0.13151317784352926, "elapsed_seconds": 63.19084430900003, "maximum_changes": [0.0006005252450933084, 0.43371852558503143, 8.54757180147057e-07, 1.7912427016338753e-10, 1.791242700394846e-10], "maximum_local_energy_defect": 7.263611960798707e-10, "maximum_local_baryon_defect": 3.1514999762341224e-15, "maximum_isotope_inventory_defect": 9.539562955678405e-21, "isotope_inventory_defects": [8.672022386454313e-21, 4.724705938146302e-38, 4.1476838534261255e-26, -9.539562955678405e-21, 4.2688548657913426e-35, 3.716586025667763e-28, 9.143360720106566e-34, -1.6282806990968202e-24, -4.724530346085164e-25, 2.2750580886784175e-30, -1.0004115411348075e-22, -3.587545325231174e-27, 2.4701313983459694e-38, 8.007744451908221e-31, 1.2013712074520984e-22, 9.705515516449636e-24, 6.810927530879651e-27, 1.6912051835021769e-32, 5.196432891510305e-31, 3.645574508271833e-27, 6.4883627687680516e-46, 1.4258512347502842e-40, -1.5369310666217093e-24, -1.3025700454452872e-25, 5.076803746566594e-24, 4.5673160549570616e-26], "total_energy_defect_over_initial_heat_capacity": 6.475182499559733e-16, "relative_total_baryon_defect": -8.3637423614302175e-22, "maximum_local_rest_characteristic_speed_over_c": 0.4492980847424667, "maximum_characteristic_imaginary_part": 0.0, "sampled_cone_inside_light_cone": true}
CONSERVATIVE NATIVE STAGE 4 65 0 5880652593473.943
CONSERVATIVE NATIVE STAGE 4 65 1 452274891.7280645
CONSERVATIVE NATIVE STAGE 4 65 2 47134378.12510584
CONSERVATIVE NATIVE STAGE 4 65 3 43684634.679552816
CONSERVATIVE NATIVE STAGE 4 65 4 2840785.972211393
CONSERVATIVE NATIVE STAGE 4 65 5 4316.429912752318
CONSERVATIVE NATIVE STAGE 4 65 6 156.14849484497233
CONSERVATIVE NATIVE STAGE 4 65 7 0.9120041004318752
CONSERVATIVE TWO CARRIER STEP 4 {"classification": "Counterexample candidate", "step": 65, "time_seconds": 0.13480357791467307, "elapsed_seconds": 63.940166532999996, "maximum_changes": [0.0006362159300143609, 0.43799422319021664, 8.881532774272767e-07, 1.791133006642354e-10, 1.791133005403367e-10], "maximum_local_energy_defect": 8.708224497715643e-10, "maximum_local_baryon_defect": 3.3646452894118995e-15, "maximum_isotope_inventory_defect": 8.66303281962939e-21, "isotope_inventory_defects": [7.82946537371989e-21, 4.267538595704421e-38, 4.0983518540088217e-26, -8.66303281962939e-21, 4.195616340041805e-35, 3.673956551280263e-28, 9.067963516335144e-34, -1.5101121444419253e-24, -4.384812694426511e-25, 1.6821412267062032e-30, -9.131945849340861e-23, -3.275107151411856e-27, 2.1277996659046637e-38, 6.546458567557276e-31, 1.0947794573188427e-22, 8.999194813031266e-24, 6.131699476197272e-27, 1.5639504710743975e-32, 4.886028175383294e-31, 3.327423337301505e-27, 6.1020354942686225e-46, 1.3596644326932053e-40, -1.4227905944307333e-24, -1.1873861898584462e-25, 4.580689622791123e-24, 4.098845281280287e-26], "total_energy_defect_over_initial_heat_capacity": 7.596695027604216e-16, "relative_total_baryon_defect": -8.052541646995947e-22, "maximum_local_rest_characteristic_speed_over_c": 0.4503541583419019, "maximum_characteristic_imaginary_part": 0.0, "sampled_cone_inside_light_cone": true}
CONSERVATIVE NATIVE STAGE 4 66 0 6079433896404.41
CONSERVATIVE NATIVE STAGE 4 66 1 117756410.11879188
CONSERVATIVE NATIVE STAGE 4 66 2 43403965.0629543
CONSERVATIVE NATIVE STAGE 4 66 3 22262442.70500117
CONSERVATIVE NATIVE STAGE 4 66 4 1607048.8590528949
CONSERVATIVE NATIVE STAGE 4 66 5 1573.9677661894323
CONSERVATIVE NATIVE STAGE 4 66 6 1.8873857280339104
CONSERVATIVE NATIVE STAGE 4 66 7 0.0793370404917598
CONSERVATIVE TWO CARRIER STEP 4 {"classification": "Counterexample candidate", "step": 66, "time_seconds": 0.1380939779858169, "elapsed_seconds": 64.61889357100003, "maximum_changes": [0.0006730916868294311, 0.44217885011143226, 9.219439819302534e-07, 1.7910274608647918e-10, 1.7910274596258448e-10], "maximum_local_energy_defect": 1.0734464367248203e-09, "maximum_local_baryon_defect": 4.148054808676919e-15, "maximum_isotope_inventory_defect": 8.295254314679502e-21, "isotope_inventory_defects": [7.478658693532366e-21, 4.0779318290995344e-38, 3.9057486991989996e-26, -8.295254314679502e-21, 4.1649785605456935e-35, 3.656165661555971e-28, 9.036666537409919e-34, -1.460669928137048e-24, -4.24291835585226e-25, 1.4395396863981063e-30, -8.762784943430581e-23, -3.1440620042732737e-27, 1.985352131089436e-38, 5.947870560950981e-31, 1.0495768802233416e-22, 8.705333044248503e-24, 5.844498666975358e-27, 1.510378430346694e-32, 4.754723660846218e-31, 3.1915434297779916e-27, 5.9390213749883805e-46, 1.3316252110311775e-40, -1.3739922832089717e-24, -1.1385982332776585e-25, 4.373287464949843e-24, 3.902637349207597e-26], "total_energy_defect_over_initial_heat_capacity": 8.297892922258305e-16, "relative_total_baryon_defect": -7.894996340099443e-22, "maximum_local_rest_characteristic_speed_over_c": 0.45137488963413785, "maximum_characteristic_imaginary_part": 0.0, "sampled_cone_inside_light_cone": true}
CONSERVATIVE NATIVE STAGE 4 67 0 6279887539888.267
CONSERVATIVE NATIVE STAGE 4 67 1 157583724.05377144
CONSERVATIVE NATIVE STAGE 4 67 2 59972979.53410734
CONSERVATIVE NATIVE STAGE 4 67 3 58676212.43657255
CONSERVATIVE NATIVE STAGE 4 67 4 12450505.141387627
CONSERVATIVE NATIVE STAGE 4 67 5 171.45220157784746
CONSERVATIVE NATIVE STAGE 4 67 6 1.664734494362413
CONSERVATIVE NATIVE STAGE 4 67 7 0.032194276778321824
CONSERVATIVE TWO CARRIER STEP 4 {"classification": "Counterexample candidate", "step": 67, "time_seconds": 0.14138437805696072, "elapsed_seconds": 65.49457202300002, "maximum_changes": [0.0007111621841472596, 0.4462762673003327, 9.561222816029234e-07, 1.7909258860981328e-10, 1.790925884859224e-10], "maximum_local_energy_defect": 1.1412206189633026e-09, "maximum_local_baryon_defect": 4.410077266787766e-15, "maximum_isotope_inventory_defect": 8.18474875845849e-21, "isotope_inventory_defects": [7.36451245564467e-21, 4.016108100667041e-38, 3.873555725876392e-26, -8.18474875845849e-21, 4.154742789188305e-35, 3.650236609875182e-28, 9.026231118102862e-34, -1.4454626394643353e-24, -4.19911517128721e-25, 1.3606970073491187e-30, -8.651264507453743e-23, -3.1043051759013758e-27, 1.9392745957240978e-38, 5.75312260488305e-31, 1.0343508878330204e-22, 8.605480551334113e-24, 5.747645662239181e-27, 1.492696593992046e-32, 4.71122925489826e-31, 3.1461716631919367e-27, 5.885520270914164e-46, 1.322384576017261e-40, -1.376971824457426e-24, -1.1229017344995839e-25, 4.268559158960854e-24, 3.788475733467617e-26], "total_energy_defect_over_initial_heat_capacity": 8.324809601437635e-16, "relative_total_baryon_defect": -7.93748636321609e-22, "maximum_local_rest_characteristic_speed_over_c": 0.4523615345597388, "maximum_characteristic_imaginary_part": 0.0, "sampled_cone_inside_light_cone": true}
CONSERVATIVE NATIVE STAGE 4 68 0 6481981720686.324
CONSERVATIVE NATIVE STAGE 4 68 1 3389345020.6897106
CONSERVATIVE NATIVE STAGE 4 68 2 3311256757.3964205
CONSERVATIVE NATIVE STAGE 4 68 3 85952447.7028039
CONSERVATIVE NATIVE STAGE 4 68 4 18322433.20832041
CONSERVATIVE NATIVE STAGE 4 68 5 13741.673887879442
CONSERVATIVE NATIVE STAGE 4 68 6 2544.6966624473816
CONSERVATIVE NATIVE STAGE 4 68 7 11.758384985035066
CONSERVATIVE NATIVE STAGE 4 68 8 0.014232944301974889
CONSERVATIVE TWO CARRIER STEP 4 {"classification": "Counterexample candidate", "step": 68, "time_seconds": 0.14467477812810453, "elapsed_seconds": 66.25054478799998, "maximum_changes": [0.0007504369004289048, 0.450290105253476, 9.906814224045013e-07, 1.7908282922062012e-10, 1.7908282909673287e-10], "maximum_local_energy_defect": 1.1637270805275997e-09, "maximum_local_baryon_defect": 4.4970983408571305e-15, "maximum_isotope_inventory_defect": 8.121871964119099e-21, "isotope_inventory_defects": [7.30410478328691e-21, 3.9833938089998266e-38, 3.82629063456898e-26, -8.121871964119099e-21, 4.1353525456258674e-35, 3.6315865520850276e-28, 8.976104899836466e-34, -1.4350679871499149e-24, -4.169317489710156e-25, 1.3380766886114572e-30, -8.585876135029248e-23, -3.080953554834306e-27, 1.9212485895246802e-38, 5.683483647773332e-31, 1.0259863619803517e-22, 8.54278527169839e-24, 5.701936741762428e-27, 1.481721866760607e-32, 4.679339048630235e-31, 3.1208682132175222e-27, 5.844991618126582e-46, 1.3138031272619521e-40, -1.3721944714879938e-24, -1.114027354406328e-25, 4.222475755521386e-24, 3.741603385494174e-26], "total_energy_defect_over_initial_heat_capacity": 6.564970900337684e-16, "relative_total_baryon_defect": -7.915512752094435e-22, "maximum_local_rest_characteristic_speed_over_c": 0.453315263701361, "maximum_characteristic_imaginary_part": 0.0, "sampled_cone_inside_light_cone": true}
CONSERVATIVE NATIVE STAGE 4 69 0 6685685740738.491
CONSERVATIVE NATIVE STAGE 4 69 1 502969562.85780627
CONSERVATIVE NATIVE STAGE 4 69 2 70340591.6058223
CONSERVATIVE NATIVE STAGE 4 69 3 35230914.8098022
CONSERVATIVE NATIVE STAGE 4 69 4 23191286.178312518
CONSERVATIVE NATIVE STAGE 4 69 5 203400.6894883336
CONSERVATIVE NATIVE STAGE 4 69 6 0.000958540931094473
CONSERVATIVE TWO CARRIER STEP 4 {"classification": "Counterexample candidate", "step": 69, "time_seconds": 0.14796517819924834, "elapsed_seconds": 67.91882609300004, "maximum_changes": [0.0007909251302253127, 0.4542237790785698, 1.0256148938767967e-06, 1.7907348129376267e-10, 1.7907348116987883e-10], "maximum_local_energy_defect": 1.171224216217027e-09, "maximum_local_baryon_defect": 4.526131415510945e-15, "maximum_isotope_inventory_defect": 8.933602639455301e-21, "isotope_inventory_defects": [6.80605791961285e-21, 3.7421201684332856e-38, 1.952185139897393e-26, -8.933602639455301e-21, 3.9911977654507593e-35, 3.5998184877263344e-28, 8.932826164967819e-34, -1.5310838708791212e-24, -4.432973803495621e-25, 1.3083371130383126e-30, -9.521878216440192e-23, -3.440726839669825e-27, 1.9110124321588457e-38, 5.603491446436819e-31, 9.547433684343694e-23, 8.134142661569177e-24, 5.3628605285252986e-27, 1.4730384994065405e-32, 4.657887283453403e-31, 2.9349306522767553e-27, 5.822676954409945e-46, 1.3101061886677631e-40, -3.698249450091311e-24, -1.132570836890154e-25, -3.3632075570052226e-25, -2.4933691691441695e-26], "total_energy_defect_over_initial_heat_capacity": 4.587904926291777e-16, "relative_total_baryon_defect": -2.125270119519271e-21, "maximum_local_rest_characteristic_speed_over_c": 0.4542371689692043, "maximum_characteristic_imaginary_part": 0.0, "sampled_cone_inside_light_cone": true}
CONSERVATIVE NATIVE STAGE 4 70 0 6890969945085.48
CONSERVATIVE NATIVE STAGE 4 70 1 678945045.6819371
CONSERVATIVE NATIVE STAGE 4 70 2 74818377.64718983
CONSERVATIVE NATIVE STAGE 4 70 3 37541241.68190758
CONSERVATIVE NATIVE STAGE 4 70 4 21175127.080387823
CONSERVATIVE NATIVE STAGE 4 70 5 697465.515808785
CONSERVATIVE NATIVE STAGE 4 70 6 541854.6799062387
CONSERVATIVE NATIVE STAGE 4 70 7 186213.66841710295
CONSERVATIVE NATIVE STAGE 4 70 8 71393.29357987214
CONSERVATIVE NATIVE STAGE 4 70 9 0.0007803706177573365
CONSERVATIVE TWO CARRIER STEP 4 {"classification": "Counterexample candidate", "step": 70, "time_seconds": 0.15125557827039215, "elapsed_seconds": 70.94312112000003, "maximum_changes": [0.000832635990060058, 0.4580805021981236, 1.0609164156848541e-06, 1.7906450736845915e-10, 1.790645072445786e-10], "maximum_local_energy_defect": 1.1737264799803171e-09, "maximum_local_baryon_defect": 4.5358082237910905e-15, "maximum_isotope_inventory_defect": 9.182066095521576e-21, "isotope_inventory_defects": [6.652623178933732e-21, 3.6677805685863976e-38, 1.3765100779482605e-26, -9.182066095521576e-21, 3.9467625775637784e-35, 3.5898958887236096e-28, 8.919071033013262e-34, -1.5604433126461036e-24, -4.513595122779222e-25, 1.2990218609352869e-30, -9.808458890358561e-23, -3.550898336500757e-27, 1.9077161148160764e-38, 5.578339847816914e-31, 9.327987863678717e-23, 8.008148882141253e-24, 5.258370236614112e-27, 1.4702753009786476e-32, 4.651006443708998e-31, 2.8776172721838336e-27, 5.815470306781831e-46, 1.3088943578844054e-40, -4.41198406996457e-24, -1.1381719544879047e-25, -1.735721275353286e-24, -4.407085178766115e-26], "total_energy_defect_over_initial_heat_capacity": 5.282858121723697e-16, "relative_total_baryon_defect": -2.5345182956149896e-21, "maximum_local_rest_characteristic_speed_over_c": 0.4551282658324522, "maximum_characteristic_imaginary_part": 0.0, "sampled_cone_inside_light_cone": true}
CONSERVATIVE NATIVE STAGE 4 71 0 7097805663173.33
CONSERVATIVE NATIVE STAGE 4 71 1 842837721.4045491
CONSERVATIVE NATIVE STAGE 4 71 2 79360431.36697242
CONSERVATIVE NATIVE STAGE 4 71 3 39893303.38630728
CONSERVATIVE NATIVE STAGE 4 71 4 19946164.2559495
CONSERVATIVE NATIVE STAGE 4 71 5 19322835.343542274
CONSERVATIVE NATIVE STAGE 4 71 6 14492126.506914731
CONSERVATIVE NATIVE STAGE 4 71 7 13727995.929134937
CONSERVATIVE NATIVE STAGE 4 71 8 245798.51802839834
CONSERVATIVE NATIVE STAGE 4 71 9 0.0011074462401491666
CONSERVATIVE TWO CARRIER STEP 4 {"classification": "Counterexample candidate", "step": 71, "time_seconds": 0.15454597834153597, "elapsed_seconds": 72.68987498499999, "maximum_changes": [0.00087557842398255, 0.46186330092038747, 1.096579924898885e-06, 1.7905587174962747e-10, 1.7905587162575e-10], "maximum_local_energy_defect": 1.174554576258825e-09, "maximum_local_baryon_defect": 4.539053670939735e-15, "maximum_isotope_inventory_defect": 1.0268270129953421e-20, "isotope_inventory_defects": [6.024885176514336e-21, 3.3649370088492067e-38, -1.0556521194061651e-26, -1.0268270129953421e-20, 3.7656594027969734e-35, 3.5557285713806355e-28, 8.882366971539647e-34, -1.6900777638178976e-24, -4.870060545239552e-25, 1.2694379180547416e-30, -1.1058224821235055e-22, -4.030574855599193e-27, 1.9015864681399312e-38, 5.502188088995392e-31, 8.428960328063629e-23, 7.498202155854631e-24, 4.8327896116513935e-27, 1.4633172120287904e-32, 4.635747565135657e-31, 2.644322984190796e-27, 5.802483217806078e-46, 1.3074917203786921e-40, -7.456066696697753e-24, -1.16589260004562e-25, -7.68013891858028e-24, -1.2543427276481825e-25], "total_energy_defect_over_initial_heat_capacity": 5.794075743456154e-16, "relative_total_baryon_defect": -4.279739403962066e-21, "maximum_local_rest_characteristic_speed_over_c": 0.4559895032351611, "maximum_characteristic_imaginary_part": 0.0, "sampled_cone_inside_light_cone": true}
CONSERVATIVE NATIVE STAGE 4 72 0 7306165154585.919
CONSERVATIVE NATIVE STAGE 4 72 1 983740663.187574
CONSERVATIVE NATIVE STAGE 4 72 2 85658552.83804671
CONSERVATIVE NATIVE STAGE 4 72 3 42304073.6278034
CONSERVATIVE NATIVE STAGE 4 72 4 21152216.440223176
CONSERVATIVE NATIVE STAGE 4 72 5 19830246.08670708
CONSERVATIVE NATIVE STAGE 4 72 6 19520388.9026762
CONSERVATIVE NATIVE STAGE 4 72 7 14640291.676339695
CONSERVATIVE NATIVE STAGE 4 72 8 14525914.397396585
CONSERVATIVE NATIVE STAGE 4 72 9 13618044.748527534
CONSERVATIVE NATIVE STAGE 4 72 10 13511653.77399911
CONSERVATIVE NATIVE STAGE 4 72 11 13406093.978832908
CONSERVATIVE NATIVE STAGE 4 72 12 3194126.891855622
CONSERVATIVE NATIVE STAGE 4 72 13 3193017.8614227497
CONSERVATIVE NATIVE STAGE 4 72 14 0.016133220560645894
CONSERVATIVE TWO CARRIER STEP 4 {"classification": "Counterexample candidate", "step": 72, "time_seconds": 0.15783637841267978, "elapsed_seconds": 73.69970973100001, "maximum_changes": [0.0009197612088139746, 0.4655750277905838, 1.132599564097554e-06, 1.7904755715189484e-10, 1.7904755702802035e-10], "maximum_local_energy_defect": 1.1748189711018747e-09, "maximum_local_baryon_defect": 4.540153033309648e-15, "maximum_isotope_inventory_defect": 1.0258506004128614e-20, "isotope_inventory_defects": [5.764448913876044e-21, 3.2768487470293054e-38, -4.283920366779172e-26, -1.0258506004128614e-20, 3.6600104886051446e-35, 3.63451875732396e-28, 9.142266757662834e-34, -1.6842213680489467e-24, -4.8543469249932805e-25, 1.654345246869972e-30, -1.1069443015849667e-22, -4.06416104759775e-27, 2.0661525831732699e-38, 6.498130393045203e-31, 8.089523998375036e-23, 7.343166672099598e-24, 4.70352081271716e-27, 1.5406243869877363e-32, 4.846754432681559e-31, 2.5312063335707505e-27, 6.063743877672972e-46, 1.3621617555482098e-40, -7.879084493268413e-24, -1.148885708970341e-25, -8.626823020433449e-24, -1.3830231988443674e-25], "total_energy_defect_over_initial_heat_capacity": 2.2862502967814932e-15, "relative_total_baryon_defect": -4.535484571088091e-21, "maximum_local_rest_characteristic_speed_over_c": 0.45682177042777894, "maximum_characteristic_imaginary_part": 0.0, "sampled_cone_inside_light_cone": true}
CONSERVATIVE NATIVE STAGE 4 73 0 7516021558351.911
CONSERVATIVE NATIVE STAGE 4 73 1 1091446588.484973
CONSERVATIVE NATIVE STAGE 4 73 2 94548415.65073985
CONSERVATIVE NATIVE STAGE 4 73 3 44776046.73986272
CONSERVATIVE NATIVE STAGE 4 73 4 22388741.180201486
CONSERVATIVE NATIVE STAGE 4 73 5 19879857.733560376
CONSERVATIVE NATIVE STAGE 4 73 6 14692733.658468861
CONSERVATIVE NATIVE STAGE 4 73 7 14577940.290628608
CONSERVATIVE NATIVE STAGE 4 73 8 360888.56577050226
CONSERVATIVE NATIVE STAGE 4 73 9 0.0014823326107432952
CONSERVATIVE TWO CARRIER STEP 4 {"classification": "Counterexample candidate", "step": 73, "time_seconds": 0.1611267784838236, "elapsed_seconds": 74.835017867, "maximum_changes": [0.000965192959105766, 0.46921837400735233, 1.1689696702857873e-06, 1.7903954992543582e-10, 1.7903954980156417e-10], "maximum_local_energy_defect": 1.1748880597481997e-09, "maximum_local_baryon_defect": 4.540514084796332e-15, "maximum_isotope_inventory_defect": 1.1714899625470873e-20, "isotope_inventory_defects": [4.836095792874737e-21, 2.841651760719507e-38, -8.632033105965397e-26, -1.1714899625470873e-20, 3.3817763966316144e-35, 3.615684805499592e-28, 9.181977294976066e-34, -1.8565231492738373e-24, -5.32830931502996e-25, 1.7451707086576778e-30, -1.27524727624727e-22, -4.719951955802643e-27, 2.113970711933584e-38, 6.7339275203656905e-31, 6.771231871424956e-23, 6.608315232880978e-24, 4.0902007718592456e-27, 1.5576585282082797e-32, 4.898301933750243e-31, 2.180800966299717e-27, 6.135537003656707e-46, 1.3789507212177175e-40, -1.2107025750755034e-23, -1.1806368457356422e-25, -1.6922016372935617e-23, -2.5181717341239285e-25], "total_energy_defect_over_initial_heat_capacity": 2.603337682004629e-15, "relative_total_baryon_defect": -6.96389142953658e-21, "maximum_local_rest_characteristic_speed_over_c": 0.4576259011853333, "maximum_characteristic_imaginary_part": 0.0, "sampled_cone_inside_light_cone": true}
CONSERVATIVE NATIVE STAGE 4 74 0 7727348845449.922
CONSERVATIVE NATIVE STAGE 4 74 1 1157245582.1248527
CONSERVATIVE NATIVE STAGE 4 74 2 99754014.26731867
CONSERVATIVE NATIVE STAGE 4 74 3 47279769.146981396
CONSERVATIVE NATIVE STAGE 4 74 4 23645193.030564588
CONSERVATIVE NATIVE STAGE 4 74 5 20689975.12033311
CONSERVATIVE NATIVE STAGE 4 74 6 20043426.169375926
CONSERVATIVE NATIVE STAGE 4 74 7 15032569.62649346
CONSERVATIVE NATIVE STAGE 4 74 8 14915127.675961941
CONSERVATIVE NATIVE STAGE 4 74 9 14449029.937397202
CONSERVATIVE NATIVE STAGE 4 74 10 14223263.844656235
CONSERVATIVE NATIVE STAGE 4 74 11 340117.3536286669
CONSERVATIVE NATIVE STAGE 4 74 12 0.0013231025310953273
CONSERVATIVE TWO CARRIER STEP 4 {"classification": "Counterexample candidate", "step": 74, "time_seconds": 0.1644171785549674, "elapsed_seconds": 75.70691669499999, "maximum_changes": [0.00101188213182945, 0.4727958809204891, 1.20568476454898e-06, 1.7903183592721354e-10, 1.7903183580334463e-10], "maximum_local_energy_defect": 1.1748925277524818e-09, "maximum_local_baryon_defect": 4.540635631436256e-15, "maximum_isotope_inventory_defect": 1.357717867448048e-20, "isotope_inventory_defects": [3.7332371079065694e-21, 2.3139536937720644e-38, -1.3165844821798445e-25, -1.357717867448048e-20, 3.059959780124619e-35, 3.566909365142765e-28, 9.151012289453493e-34, -2.0783425503562273e-24, -5.938360627316772e-25, 1.7399453041553476e-30, -1.4897480168968953e-22, -5.54656012353508e-27, 2.1232192267274567e-38, 6.7214448796266005e-31, 5.1955401577702825e-23, 5.719259288568717e-24, 3.348119318998785e-27, 1.5550907659144387e-32, 4.897771210371158e-31, 1.7692049262505476e-27, 6.14501947111957e-46, 1.3831903299545039e-40, -1.7370714760849746e-23, -1.22655249313393e-25, -2.721244034214373e-23, -3.926626783930969e-25], "total_energy_defect_over_initial_heat_capacity": 2.8778963565493843e-15, "relative_total_baryon_defect": -9.983189820642383e-21, "maximum_local_rest_characteristic_speed_over_c": 0.4584026782984048, "maximum_characteristic_imaginary_part": 0.0, "sampled_cone_inside_light_cone": true}
CONSERVATIVE NATIVE STAGE 4 75 0 7940121774434.453
CONSERVATIVE NATIVE STAGE 4 75 1 4808182067.533062
CONSERVATIVE NATIVE STAGE 4 75 2 2783104916.957555
CONSERVATIVE NATIVE STAGE 4 75 3 184211407.1640498
CONSERVATIVE NATIVE STAGE 4 75 4 26036964.292251397
CONSERVATIVE NATIVE STAGE 4 75 5 315534.1332547769
CONSERVATIVE NATIVE STAGE 4 75 6 65598.80289562844
CONSERVATIVE NATIVE STAGE 4 75 7 95.66859019766267
CONSERVATIVE NATIVE STAGE 4 75 8 0.8521822921410619
CONSERVATIVE TWO CARRIER STEP 4 {"classification": "Counterexample candidate", "step": 75, "time_seconds": 0.16770757862611121, "elapsed_seconds": 76.445818145, "maximum_changes": [0.0010598370308142254, 0.476309950344377, 1.2427395424161687e-06, 1.790243774485924e-10, 1.790243773247261e-10], "maximum_local_energy_defect": 1.1468596316624882e-09, "maximum_local_baryon_defect": 4.432284267660568e-15, "maximum_isotope_inventory_defect": 1.3035200907438864e-20, "isotope_inventory_defects": [3.2631779642268446e-21, 2.082575138427661e-38, -1.4777576168349667e-25, -1.3035200907438864e-20, 2.8916431302050465e-35, 3.504493271614096e-28, 9.040577673723405e-34, -2.001131365142528e-24, -5.717673433226399e-25, 1.7694268548247052e-30, -1.437800173364762e-22, -5.372807855911709e-27, 2.0791087925368947e-38, 6.764920931513028e-31, 4.701869802683e-23, 5.375653248353704e-24, 3.087002062340609e-27, 1.535087882389959e-32, 4.838513547458274e-31, 1.6109697548936062e-27, 6.057000630279674e-46, 1.3663416865682966e-40, -1.715888368966162e-23, -1.1684509792324144e-25, -2.7144727750235785e-23, -3.909185765297532e-25], "total_energy_defect_over_initial_heat_capacity": 3.7524470231187965e-15, "relative_total_baryon_defect": -9.910977944333405e-21, "maximum_local_rest_characteristic_speed_over_c": 0.4591528364343639, "maximum_characteristic_imaginary_part": 0.0, "sampled_cone_inside_light_cone": true}
CONSERVATIVE NATIVE STAGE 4 76 0 8154315849678.711
CONSERVATIVE NATIVE STAGE 4 76 1 1141877272.7652433
CONSERVATIVE NATIVE STAGE 4 76 2 104184363.8823308
CONSERVATIVE NATIVE STAGE 4 76 3 52491433.883638866
CONSERVATIVE NATIVE STAGE 4 76 4 26246254.863233875
CONSERVATIVE NATIVE STAGE 4 76 5 20893725.2182521
CONSERVATIVE NATIVE STAGE 4 76 6 15467983.373621983
CONSERVATIVE NATIVE STAGE 4 76 7 282939.3546958744
CONSERVATIVE NATIVE STAGE 4 76 8 0.0009272278818301541
CONSERVATIVE TWO CARRIER STEP 4 {"classification": "Counterexample candidate", "step": 76, "time_seconds": 0.17099797869725503, "elapsed_seconds": 76.97005565200001, "maximum_changes": [0.0011090658109497243, 0.47976285430356014, 1.2801288648027104e-06, 1.790171401375716e-10, 1.7901714001370783e-10], "maximum_local_energy_defect": 1.1375090072875626e-09, "maximum_local_baryon_defect": 4.396187932677414e-15, "maximum_isotope_inventory_defect": 1.4003573587332118e-20, "isotope_inventory_defects": [2.445530982335183e-21, 1.6866634454164097e-38, -1.7882566373136714e-25, -1.4003573587332118e-20, 2.6448144178348204e-35, 3.448309612368599e-28, 8.96692005250702e-34, -2.1126118643787623e-24, -6.021464576261461e-25, 1.7491779823609436e-30, -1.552667958318412e-22, -5.8222007847145434e-27, 2.0586864931641698e-38, 6.702342203509878e-31, 3.590603778172705e-23, 4.724621814557115e-24, 2.552021415460934e-27, 1.5215066274971417e-32, 4.8039282856251595e-31, 1.3126898171258819e-27, 6.015537874755401e-46, 1.359581407545653e-40, -2.0302877337691972e-23, -1.1786471503779447e-25, -3.339777912911111e-23, -4.762401825096574e-25], "total_energy_defect_over_initial_heat_capacity": 4.036415982551962e-15, "relative_total_baryon_defect": -1.1729899183863764e-20, "maximum_local_rest_characteristic_speed_over_c": 0.4598770678472665, "maximum_characteristic_imaginary_part": 0.0, "sampled_cone_inside_light_cone": true}
CONSERVATIVE NATIVE STAGE 4 77 0 8369907282619.259
CONSERVATIVE NATIVE STAGE 4 77 1 1060115663.4815754
CONSERVATIVE NATIVE STAGE 4 77 2 109588951.85041846
CONSERVATIVE NATIVE STAGE 4 77 3 55138212.9096908
CONSERVATIVE NATIVE STAGE 4 77 4 27569555.40001282
CONSERVATIVE NATIVE STAGE 4 77 5 20677108.843038466
CONSERVATIVE NATIVE STAGE 4 77 6 19384766.04075168
CONSERVATIVE NATIVE STAGE 4 77 7 14538574.530214714
CONSERVATIVE NATIVE STAGE 4 77 8 14342228.518758899
CONSERVATIVE NATIVE STAGE 4 77 9 13539201.778457215
CONSERVATIVE NATIVE STAGE 4 77 10 12175752.015119478
CONSERVATIVE NATIVE STAGE 4 77 11 88405.11073767964
CONSERVATIVE NATIVE STAGE 4 77 12 0.0010739454901115347
CONSERVATIVE TWO CARRIER STEP 4 {"classification": "Counterexample candidate", "step": 77, "time_seconds": 0.17428837876839884, "elapsed_seconds": 77.62557104600003, "maximum_changes": [0.0011595764821710202, 0.4831567438437345, 1.3178477494774092e-06, 1.7901013513741534e-10, 1.7901013501355397e-10], "maximum_local_energy_defect": 1.1343920230636954e-09, "maximum_local_baryon_defect": 4.384175133443585e-15, "maximum_isotope_inventory_defect": 1.4687653647170935e-20, "isotope_inventory_defects": [1.966434889706218e-21, 1.455037239326541e-38, -1.9718643970928606e-25, -1.4687653647170935e-20, 2.5030401577198176e-35, 3.418555189748395e-28, 8.930893366114476e-34, -2.192952881729607e-24, -6.241479269064849e-25, 1.73255247106829e-30, -1.6325103172382498e-22, -6.131406483792697e-27, 2.049981635261434e-38, 6.656296169225025e-31, 2.9241959074921335e-23, 4.339907444806233e-24, 2.2336431360146483e-27, 1.5148008880765007e-32, 4.787750014496853e-31, 1.136575062547103e-27, 5.997893937532572e-46, 1.3569663465719445e-40, -2.23595017549077e-23, -1.1914268518000882e-25, -3.745053564521321e-23, -5.316273467997801e-25], "total_energy_defect_over_initial_heat_capacity": 3.992768977738931e-15, "relative_total_baryon_defect": -1.2914431475935175e-20, "maximum_local_rest_characteristic_speed_over_c": 0.4605760285655447, "maximum_characteristic_imaginary_part": 0.0, "sampled_cone_inside_light_cone": true}
CONSERVATIVE NATIVE STAGE 4 78 0 8586872955853.05
CONSERVATIVE NATIVE STAGE 4 78 1 936762102.3746983
CONSERVATIVE NATIVE STAGE 4 78 2 115091316.65030842
CONSERVATIVE NATIVE STAGE 4 78 3 57809042.82528125
CONSERVATIVE NATIVE STAGE 4 78 4 28905065.31179978
CONSERVATIVE NATIVE STAGE 4 78 5 21678889.221064467
CONSERVATIVE NATIVE STAGE 4 78 6 18969079.705866076
CONSERVATIVE NATIVE STAGE 4 78 7 18376282.357607853
CONSERVATIVE NATIVE STAGE 4 78 8 17279059.032940414
CONSERVATIVE NATIVE STAGE 4 78 9 58876.47603871407
CONSERVATIVE NATIVE STAGE 4 78 10 45886.46803713513
CONSERVATIVE NATIVE STAGE 4 78 11 0.0008641497362721116
CONSERVATIVE TWO CARRIER STEP 4 {"classification": "Counterexample candidate", "step": 78, "time_seconds": 0.17757877883954265, "elapsed_seconds": 78.24442459500003, "maximum_changes": [0.0012113769132374, 0.48649365656163623, 1.3558913631270299e-06, 1.790033699600231e-10, 1.79003369836164e-10], "maximum_local_energy_defect": 1.1333552022933415e-09, "maximum_local_baryon_defect": 4.380185427168751e-15, "maximum_isotope_inventory_defect": 1.515645818393282e-20, "isotope_inventory_defects": [1.669336922913295e-21, 1.311554804135574e-38, -2.086345530830449e-25, -1.515645818393282e-20, 2.4162040016789626e-35, 3.401283025104372e-28, 8.911265832843779e-34, -2.2485230982408822e-24, -6.393975072220398e-25, 1.72035986029356e-30, -1.6868140372662456e-22, -6.3406936997434595e-27, 2.0458017211629272e-38, 6.623935316818287e-31, 2.505164647411696e-23, 4.1000563035644696e-24, 2.0343576645692557e-27, 1.511104324273992e-32, 4.779222876755595e-31, 1.0268369167376413e-27, 5.989461540441842e-46, 1.3558545349928158e-40, -2.3716817442845533e-23, -1.201954131842255e-25, -4.011235880212501e-23, -5.680346512115369e-25], "total_energy_defect_over_initial_heat_capacity": 3.935279022134535e-15, "relative_total_baryon_defect": -1.369438497383882e-20, "maximum_local_rest_characteristic_speed_over_c": 0.46125033849612757, "maximum_characteristic_imaginary_part": 0.0, "sampled_cone_inside_light_cone": true}
CONSERVATIVE NATIVE STAGE 4 79 0 8805190388862.34
CONSERVATIVE NATIVE STAGE 4 79 1 783809077.438975
CONSERVATIVE NATIVE STAGE 4 79 2 120600438.69575529
CONSERVATIVE NATIVE STAGE 4 79 3 89635707.99995123
CONSERVATIVE NATIVE STAGE 4 79 4 8952140.680753607
CONSERVATIVE NATIVE STAGE 4 79 5 44000.12174591554
CONSERVATIVE NATIVE STAGE 4 79 6 9735.575830151545
CONSERVATIVE NATIVE STAGE 4 79 7 594.800722539576
CONSERVATIVE NATIVE STAGE 4 79 8 0.4433794956523503
CONSERVATIVE TWO CARRIER STEP 4 {"classification": "Counterexample candidate", "step": 79, "time_seconds": 0.18086917891068646, "elapsed_seconds": 80.375447649, "maximum_changes": [0.0012644748353165978, 0.4897755238557161, 1.3942550138881277e-06, 1.789968358960664e-10, 1.7899683577220954e-10], "maximum_local_energy_defect": 1.1409507743563051e-09, "maximum_local_baryon_defect": 4.43547176945588e-15, "maximum_isotope_inventory_defect": 1.552918980235526e-20, "isotope_inventory_defects": [1.4817998913495305e-21, 1.215775509205491e-38, -2.124448223060675e-25, -1.552918980235526e-20, 2.3870441838485223e-35, 3.3953254076324912e-28, 8.904308948393563e-34, -2.298784565754316e-24, -6.533248655334311e-25, 1.619683884874334e-30, -1.7319523244214022e-22, -6.509348391974698e-27, 2.0080536567898198e-38, 6.3836203740179276e-31, 2.3078535366717734e-23, 4.000142798742648e-24, 1.9465841929940885e-27, 1.502708425853786e-32, 4.76537772245725e-31, 9.823284598068315e-28, 5.96573220167904e-46, 1.353082954525346e-40, -2.4675092229809762e-23, -1.2195875047496209e-25, -4.192886136427115e-23, -5.930554860283979e-25], "total_energy_defect_over_initial_heat_capacity": 3.5016823510919445e-15, "relative_total_baryon_defect": -1.426412787628366e-20, "maximum_local_rest_characteristic_speed_over_c": 0.46190058367800824, "maximum_characteristic_imaginary_part": 0.0, "sampled_cone_inside_light_cone": true}
CONSERVATIVE NATIVE STAGE 4 80 0 9024837705723.05
CONSERVATIVE NATIVE STAGE 4 80 1 617013847.289937
CONSERVATIVE NATIVE STAGE 4 80 2 125867102.57773085
CONSERVATIVE NATIVE STAGE 4 80 3 59301704.92054386
CONSERVATIVE NATIVE STAGE 4 80 4 4929593.844376667
CONSERVATIVE NATIVE STAGE 4 80 5 11797.694550495422
CONSERVATIVE NATIVE STAGE 4 80 6 2966.7387050702687
CONSERVATIVE NATIVE STAGE 4 80 7 108.29005044709177
CONSERVATIVE NATIVE STAGE 4 80 8 3.921643093576942
CONSERVATIVE NATIVE STAGE 4 80 9 0.16423236601090915
CONSERVATIVE TWO CARRIER STEP 4 {"classification": "Counterexample candidate", "step": 80, "time_seconds": 0.18415957898183027, "elapsed_seconds": 81.23607879599999, "maximum_changes": [0.001318877845386013, 0.4930041774417643, 1.432934144279612e-06, 1.7899052152394709e-10, 1.7899052140009233e-10], "maximum_local_energy_defect": 1.1446173356283141e-09, "maximum_local_baryon_defect": 4.4237283615736325e-15, "maximum_isotope_inventory_defect": 1.570973581300673e-20, "isotope_inventory_defects": [1.4337003603584647e-21, 1.1916085060080226e-38, -2.1365427790763295e-25, -1.570973581300673e-20, 2.3772623274073076e-35, 3.393354260643292e-28, 8.902038955735911e-34, -2.3217824506531e-24, -6.597002762592129e-25, 1.597704945269556e-30, -1.7522476278839467e-22, -6.584613729638834e-27, 2.00309080017016e-38, 6.330960297575195e-31, 2.234040612414023e-23, 3.962249713052879e-24, 1.9126386886632213e-27, 1.5008936059235154e-32, 4.761915383488276e-31, 9.66149077357155e-28, 5.962362569344856e-46, 1.3526444571919818e-40, -2.508300802985667e-23, -1.2280124666910737e-25, -4.269659690711692e-23, -6.036313369388084e-25], "total_energy_defect_over_initial_heat_capacity": 3.4734301727444424e-15, "relative_total_baryon_defect": -1.449684499782402e-20, "maximum_local_rest_characteristic_speed_over_c": 0.4625273198954102, "maximum_characteristic_imaginary_part": 0.0, "sampled_cone_inside_light_cone": true}
CONSERVATIVE NATIVE STAGE 4 81 0 9245793604743.467
CONSERVATIVE NATIVE STAGE 4 81 1 454116984.1866002
CONSERVATIVE NATIVE STAGE 4 81 2 130124408.46427672
CONSERVATIVE NATIVE STAGE 4 81 3 33552434.361601282
CONSERVATIVE NATIVE STAGE 4 81 4 2206104.5532936943
CONSERVATIVE NATIVE STAGE 4 81 5 1012.9485342942731
CONSERVATIVE NATIVE STAGE 4 81 6 454.5618620841708
CONSERVATIVE NATIVE STAGE 4 81 7 1.787620340177522
CONSERVATIVE NATIVE STAGE 4 81 8 0.025384286198756417
CONSERVATIVE TWO CARRIER STEP 4 {"classification": "Counterexample candidate", "step": 81, "time_seconds": 0.1874499790529741, "elapsed_seconds": 81.98330124700001, "maximum_changes": [0.0013745934094610331, 0.49618135511087225, 1.4719243245101419e-06, 1.7898441693358533e-10, 1.7898441680973264e-10], "maximum_local_energy_defect": 1.1510485986393504e-09, "maximum_local_baryon_defect": 4.448587930571245e-15, "maximum_isotope_inventory_defect": 1.6046403492871053e-20, "isotope_inventory_defects": [1.494549302941115e-21, 1.2253161065778345e-38, -2.12796888430185e-25, -1.6046403492871053e-20, 2.440415003088769e-35, 3.462116591273333e-28, 9.09559658484351e-34, -2.3735001812128442e-24, -6.742521253231469e-25, 1.551703670993603e-30, -1.7892282676961972e-22, -6.719328625443525e-27, 2.0082892460651037e-38, 6.277564809966356e-31, 2.311003610984317e-23, 4.0583733174831675e-24, 1.941839068501525e-27, 1.51990812831355e-32, 4.829248485238719e-31, 9.976380249718558e-28, 6.053680075900776e-46, 1.3748486361023364e-40, -2.5575494281567866e-23, -1.255360730473127e-25, -4.351622184219683e-23, -6.152326127091024e-25], "total_energy_defect_over_initial_heat_capacity": 3.5192423816388833e-15, "relative_total_baryon_defect": -1.477681652828215e-20, "maximum_local_rest_characteristic_speed_over_c": 0.4631310754543001, "maximum_characteristic_imaginary_part": 0.0, "sampled_cone_inside_light_cone": true}
CONSERVATIVE NATIVE STAGE 4 82 0 9468037329727.266
CONSERVATIVE NATIVE STAGE 4 82 1 4770234253.099661
CONSERVATIVE NATIVE STAGE 4 82 2 2695244239.8641977
CONSERVATIVE NATIVE STAGE 4 82 3 15687249.26083454
CONSERVATIVE NATIVE STAGE 4 82 4 969551.5721598126
CONSERVATIVE NATIVE STAGE 4 82 5 1606.3210368456603
CONSERVATIVE NATIVE STAGE 4 82 6 43.49191030096265
CONSERVATIVE NATIVE STAGE 4 82 7 0.6083528600295145
CONSERVATIVE TWO CARRIER STEP 4 {"classification": "Counterexample candidate", "step": 82, "time_seconds": 0.1907403791241179, "elapsed_seconds": 82.65323611700003, "maximum_changes": [0.0014316288656604013, 0.49930870596960175, 1.5112212460847944e-06, 1.7897853702772235e-10, 1.789785369038716e-10], "maximum_local_energy_defect": 1.5055369319985123e-09, "maximum_local_baryon_defect": 6.073939607791869e-15, "maximum_isotope_inventory_defect": 1.2657158414333363e-20, "isotope_inventory_defects": [-1.0486873222210639e-21, -1.5440422371876502e-39, -2.4481699659610177e-25, -1.2657158414333363e-20, 7.709579169319042e-36, 1.7207462399942592e-28, 4.224229439934525e-34, -1.742939891753051e-24, -4.946494326158337e-25, 1.7602236632618848e-30, -1.4337469685267504e-22, -5.439142024280124e-27, 1.6220239018752955e-38, 5.369184845453963e-31, -1.0447569350976236e-23, 1.0110300587594812e-24, 5.850413484980603e-28, 9.736894835109467e-33, 3.0099316191485066e-31, -4.812546020297835e-29, 3.615442295684786e-46, 7.973534143367749e-41, -2.3964676039144618e-23, -8.445241019628827e-26, -4.284841811417109e-23, -5.991336108180944e-25], "total_energy_defect_over_initial_heat_capacity": 4.231123659144381e-15, "relative_total_baryon_defect": -1.3928714281052887e-20, "maximum_local_rest_characteristic_speed_over_c": 0.4637123548581499, "maximum_characteristic_imaginary_part": 0.0, "sampled_cone_inside_light_cone": true}
CONSERVATIVE NATIVE STAGE 4 83 0 9691548642902.639
CONSERVATIVE NATIVE STAGE 4 83 1 292682039.67000383
CONSERVATIVE NATIVE STAGE 4 83 2 121783470.32141535
CONSERVATIVE NATIVE STAGE 4 83 3 12574460.754261026
CONSERVATIVE NATIVE STAGE 4 83 4 1008538.0895887739
CONSERVATIVE NATIVE STAGE 4 83 5 3501.446043051505
CONSERVATIVE NATIVE STAGE 4 83 6 48.82876229109353
CONSERVATIVE NATIVE STAGE 4 83 7 1.227562472090108
CONSERVATIVE NATIVE STAGE 4 83 8 0.024706633709923705
CONSERVATIVE TWO CARRIER STEP 4 {"classification": "Counterexample candidate", "step": 83, "time_seconds": 0.1940307791952617, "elapsed_seconds": 83.18139439699999, "maximum_changes": [0.0014899914271156584, 0.5023877950826665, 1.5508207157542266e-06, 1.7897289637513108e-10, 1.789728962512822e-10], "maximum_local_energy_defect": 1.6579605815808729e-09, "maximum_local_baryon_defect": 6.688909016494433e-15, "maximum_isotope_inventory_defect": 1.151413917262481e-20, "isotope_inventory_defects": [-1.9076289106071783e-21, -6.20411944538226e-39, -2.5559570488929467e-25, -1.151413917262481e-20, 2.089516753031856e-36, 1.134570251710349e-28, 2.58455311153728e-34, -1.5305417632711558e-24, -4.341577580830127e-25, 1.827907015077314e-30, -1.313976468231315e-22, -5.00825992889699e-27, 1.4908882346110304e-38, 5.057546928143371e-31, -2.1748238038842336e-23, -1.484915661329798e-26, 1.2833862030594809e-28, 7.896603638321517e-33, 2.3978210805351635e-31, -4.0023812336749633e-28, 2.7943505121229224e-46, 6.030719718081962e-41, -2.3421930682045567e-23, -7.061722978901746e-26, -4.262295556878071e-23, -5.937056874821542e-25], "total_energy_defect_over_initial_heat_capacity": 4.421357984771353e-15, "relative_total_baryon_defect": -1.3643908364136652e-20, "maximum_local_rest_characteristic_speed_over_c": 0.4642716394452948, "maximum_characteristic_imaginary_part": 0.0, "sampled_cone_inside_light_cone": true}
CONSERVATIVE NATIVE STAGE 4 84 0 9916307798870.996
CONSERVATIVE NATIVE STAGE 4 84 1 306127204.5570193
CONSERVATIVE NATIVE STAGE 4 84 2 106226425.87319165
CONSERVATIVE NATIVE STAGE 4 84 3 10308089.511448072
CONSERVATIVE NATIVE STAGE 4 84 4 805329.3523749226
CONSERVATIVE NATIVE STAGE 4 84 5 1403.8603452587502
CONSERVATIVE NATIVE STAGE 4 84 6 50.266008650746485
CONSERVATIVE NATIVE STAGE 4 84 7 1.2146297736522242
CONSERVATIVE NATIVE STAGE 4 84 8 0.05234524526828193
CONSERVATIVE TWO CARRIER STEP 4 {"classification": "Counterexample candidate", "step": 84, "time_seconds": 0.19732117926640552, "elapsed_seconds": 83.70234983399999, "maximum_changes": [0.0015496881847308298, 0.5054201082160794, 1.5907186498217995e-06, 1.789674635549386e-10, 1.789674634310915e-10], "maximum_local_energy_defect": 1.6738716304139877e-09, "maximum_local_baryon_defect": 6.753111674657554e-15, "maximum_isotope_inventory_defect": 1.1105501380446442e-20, "isotope_inventory_defects": [-2.220048351116583e-21, -7.899209506115612e-39, -2.5958342953187463e-25, -1.1105501380446442e-20, 9.628866784581505e-39, 9.175887470428138e-29, 1.9773832583016442e-34, -1.4534253230503202e-24, -4.1217521231572735e-25, 1.857359048035455e-30, -1.2708970535860097e-22, -4.852466321509631e-27, 1.4446838729994656e-38, 4.9525030914081995e-31, -2.5951277867905368e-23, -3.9589521605453233e-25, -4.244228060562242e-29, 7.217638166230777e-33, 2.1703611184635083e-31, -5.309831988417133e-28, 2.491041305276329e-46, 5.308885515792344e-41, -2.324164250186634e-23, -6.555447906371492e-26, -4.2577444150451217e-23, -5.922193279604197e-25], "total_energy_defect_over_initial_heat_capacity": 4.447238786502111e-15, "relative_total_baryon_defect": -1.3547627365088816e-20, "maximum_local_rest_characteristic_speed_over_c": 0.4648093868787567, "maximum_characteristic_imaginary_part": 0.0, "sampled_cone_inside_light_cone": true}
CONSERVATIVE NATIVE STAGE 4 85 0 10142295519547.443
CONSERVATIVE NATIVE STAGE 4 85 1 319947508.0487872
CONSERVATIVE NATIVE STAGE 4 85 2 115353105.99976526
CONSERVATIVE NATIVE STAGE 4 85 3 22958097.367519416
CONSERVATIVE NATIVE STAGE 4 85 4 3832402.086450613
CONSERVATIVE NATIVE STAGE 4 85 5 940.0852245717207
CONSERVATIVE NATIVE STAGE 4 85 6 14.010839935611601
CONSERVATIVE NATIVE STAGE 4 85 7 0.3821269295529346
CONSERVATIVE TWO CARRIER STEP 4 {"classification": "Counterexample candidate", "step": 85, "time_seconds": 0.20061157933754933, "elapsed_seconds": 84.19952097199999, "maximum_changes": [0.0016107261098035626, 0.5084070579017571, 1.6309110687587425e-06, 1.7896220973874011e-10, 1.7896220961489476e-10], "maximum_local_energy_defect": 1.933926600183646e-09, "maximum_local_baryon_defect": 7.802339017328141e-15, "maximum_isotope_inventory_defect": 1.0929655070327638e-20, "isotope_inventory_defects": [-2.3668703710046115e-21, -8.696018566181198e-39, -2.6095804208299537e-25, -1.0929655070327638e-20, -6.964161954540106e-37, 8.440059827417144e-29, 1.7723521134270393e-34, -1.4248630286948267e-24, -4.040941935650367e-25, 1.8298688103560475e-30, -1.2543843822472688e-22, -4.796838503564791e-27, 1.4114915369570918e-38, 4.828842264312569e-31, -2.7357268447359195e-23, -5.208796424639361e-25, -9.462395937533047e-29, 6.964899022466131e-33, 2.0939721513822583e-31, -5.741922141531253e-28, 2.3817905985844137e-46, 5.067834246678498e-41, -2.3157499504170228e-23, -6.378373135515532e-26, -4.2518518843078024e-23, -5.91137384764694e-25], "total_energy_defect_over_initial_heat_capacity": 4.213681671967398e-15, "relative_total_baryon_defect": -1.3518270416931298e-20, "maximum_local_rest_characteristic_speed_over_c": 0.46532603624478286, "maximum_characteristic_imaginary_part": 0.0, "sampled_cone_inside_light_cone": true}
CONSERVATIVE NATIVE STAGE 4 86 0 10369492971276.027
CONSERVATIVE NATIVE STAGE 4 86 1 334146554.17687654
CONSERVATIVE NATIVE STAGE 4 86 2 144408745.22610852
CONSERVATIVE NATIVE STAGE 4 86 3 44526629.70725875
CONSERVATIVE NATIVE STAGE 4 86 4 9039046.819293763
CONSERVATIVE NATIVE STAGE 4 86 5 5954.114534620583
CONSERVATIVE NATIVE STAGE 4 86 6 566.7965475827191
CONSERVATIVE NATIVE STAGE 4 86 7 0.359440810790528
CONSERVATIVE TWO CARRIER STEP 4 {"classification": "Counterexample candidate", "step": 86, "time_seconds": 0.20390197940869315, "elapsed_seconds": 84.69491609100001, "maximum_changes": [0.001673112056517959, 0.5113499889912004, 1.6713940922192303e-06, 1.7895712396267571e-10, 1.7895712383883204e-10], "maximum_local_energy_defect": 1.7809844051335161e-09, "maximum_local_baryon_defect": 7.185275052223913e-15, "maximum_isotope_inventory_defect": 1.1013701643211164e-20, "isotope_inventory_defects": [-2.3792783990436168e-21, -8.762078610846426e-39, -2.612378784766574e-25, -1.1013701643211164e-20, -8.559157848741415e-37, 8.273034344624347e-29, 1.724384801132981e-34, -1.4326351672368766e-24, -4.0615991124928293e-25, 1.8354567393768847e-30, -1.2625526041381514e-22, -4.821185340372365e-27, 1.411977283803696e-38, 4.828292856880329e-31, -2.791846198904771e-23, -5.625356905109953e-25, -1.229012869089253e-28, 6.90687397152061e-33, 2.063110402635543e-31, -5.886587508476983e-28, 2.35555003832504e-46, 4.976081150147919e-41, -2.334732445705616e-23, -6.393433112056196e-26, -4.289121999487468e-23, -5.962090265811883e-25], "total_energy_defect_over_initial_heat_capacity": 4.01679483714566e-15, "relative_total_baryon_defect": -1.3616739176524152e-20, "maximum_local_rest_characteristic_speed_over_c": 0.4658220109743152, "maximum_characteristic_imaginary_part": 0.0, "sampled_cone_inside_light_cone": true}
CONSERVATIVE NATIVE STAGE 4 87 0 10597881743610.36
CONSERVATIVE NATIVE STAGE 4 87 1 348727902.5554293
CONSERVATIVE NATIVE STAGE 4 87 2 164995448.6495569
CONSERVATIVE NATIVE STAGE 4 87 3 73435454.42826155
CONSERVATIVE NATIVE STAGE 4 87 4 13762661.507374154
CONSERVATIVE NATIVE STAGE 4 87 5 11450.875901900026
CONSERVATIVE NATIVE STAGE 4 87 6 57.53711577208471
CONSERVATIVE NATIVE STAGE 4 87 7 0.579887897880809
CONSERVATIVE TWO CARRIER STEP 4 {"classification": "Counterexample candidate", "step": 87, "time_seconds": 0.20719237947983696, "elapsed_seconds": 85.17350617600002, "maximum_changes": [0.0017368527643177726, 0.5142501833064705, 1.7121639344326165e-06, 1.7895219985082766e-10, 1.7895219972698564e-10], "maximum_local_energy_defect": 2.116595618314789e-09, "maximum_local_baryon_defect": 8.539319002384336e-15, "maximum_isotope_inventory_defect": 1.0676797937194747e-20, "isotope_inventory_defects": [-2.4221807760103483e-21, -8.9961270390978e-39, -2.6154507828591833e-25, -1.0676797937194747e-20, -1.0023547871919709e-36, 8.120328997480443e-29, 1.6831085606317504e-34, -1.3899496587636256e-24, -3.943070612767247e-25, 1.8349424520348783e-30, -1.2281748019624432e-22, -4.702625456181144e-27, 1.3977629531116366e-38, 4.815099737034027e-31, -2.7623152397314295e-23, -5.609499628890692e-25, -1.022695696968395e-28, 6.863855108403214e-33, 2.061998322636959e-31, -5.878707944901213e-28, 2.3336987988486823e-46, 4.960889318470121e-41, -2.278227399543897e-23, -6.204798606518847e-26, -4.187187969210963e-23, -5.820753110441433e-25], "total_energy_defect_over_initial_heat_capacity": 4.220795889031053e-15, "relative_total_baryon_defect": -1.3317289973694833e-20, "maximum_local_rest_characteristic_speed_over_c": 0.4662977198608139, "maximum_characteristic_imaginary_part": 0.0, "sampled_cone_inside_light_cone": true}
CONSERVATIVE NATIVE STAGE 4 88 0 10827443829463.877
CONSERVATIVE NATIVE STAGE 4 88 1 484370315.19319713
CONSERVATIVE NATIVE STAGE 4 88 2 177576530.65877804
CONSERVATIVE NATIVE STAGE 4 88 3 107757505.55416754
CONSERVATIVE NATIVE STAGE 4 88 4 18891465.660038065
CONSERVATIVE NATIVE STAGE 4 88 5 6853.767322739145
CONSERVATIVE NATIVE STAGE 4 88 6 3916.4189398617978
CONSERVATIVE NATIVE STAGE 4 88 7 21.138076600357426
CONSERVATIVE NATIVE STAGE 4 88 8 0.06180354923072497
CONSERVATIVE TWO CARRIER STEP 4 {"classification": "Counterexample candidate", "step": 88, "time_seconds": 0.21048277955098077, "elapsed_seconds": 85.69603517600004, "maximum_changes": [0.0018019548601680077, 0.517108863729376, 1.7532168999064392e-06, 1.7894743080681906e-10, 1.789474306829786e-10], "maximum_local_energy_defect": 2.18726364696796e-09, "maximum_local_baryon_defect": 8.824435236751686e-15, "maximum_isotope_inventory_defect": 1.0614651948942635e-20, "isotope_inventory_defects": [-2.434471259524558e-21, -9.063352817248307e-39, -2.6163294138915233e-25, -1.0614651948942635e-20, -1.047139085577739e-36, 8.07377382934882e-29, 1.6704320064546358e-34, -1.381942336058299e-24, -3.920874885229342e-25, 1.833492552279797e-30, -1.2219267871745826e-22, -4.6816888135119e-27, 1.3943571186771154e-38, 4.808069154016368e-31, -2.761071699479079e-23, -5.638917700122981e-25, -9.975191409531692e-29, 6.850158132664135e-33, 2.0608806469652254e-31, -5.888451754726084e-28, 2.3274572961233664e-46, 4.955131630083927e-41, -2.268483105310205e-23, -6.16839137889382e-26, -4.16984763696022e-23, -5.796641450988571e-25], "total_energy_defect_over_initial_heat_capacity": 4.332077514977234e-15, "relative_total_baryon_defect": -1.326649061797011e-20, "maximum_local_rest_characteristic_speed_over_c": 0.46675355840161165, "maximum_characteristic_imaginary_part": 0.0, "sampled_cone_inside_light_cone": true}
CONSERVATIVE NATIVE STAGE 4 89 0 11058161606582.502
CONSERVATIVE NATIVE STAGE 4 89 1 3029576730.8020773
CONSERVATIVE NATIVE STAGE 4 89 2 350251308.7706541
CONSERVATIVE NATIVE STAGE 4 89 3 149940506.2158571
CONSERVATIVE NATIVE STAGE 4 89 4 24709394.4338351
CONSERVATIVE NATIVE STAGE 4 89 5 21088.669659994186
CONSERVATIVE NATIVE STAGE 4 89 6 13602.349422555732
CONSERVATIVE NATIVE STAGE 4 89 7 32.492731119741904
CONSERVATIVE NATIVE STAGE 4 89 8 0.1351070237723593
CONSERVATIVE TWO CARRIER STEP 4 {"classification": "Counterexample candidate", "step": 89, "time_seconds": 0.21377317962212458, "elapsed_seconds": 86.21200907900001, "maximum_changes": [0.001868424860711555, 0.5199271978095732, 1.7945493794194177e-06, 1.789427950200971e-10, 1.7894279489625816e-10], "maximum_local_energy_defect": 2.3008910067697555e-09, "maximum_local_baryon_defect": 9.282879740161257e-15, "maximum_isotope_inventory_defect": 1.025023191283759e-20, "isotope_inventory_defects": [-2.413258683795861e-21, -8.948813481193985e-39, -2.616969726176788e-25, -1.025023191283759e-20, -1.0783760276642688e-36, 8.039822898913613e-29, 1.6613085020187184e-34, -1.3346807401020372e-24, -3.789413874701456e-25, 1.8776289335023348e-30, -1.1823105313881826e-22, -4.5394934799022635e-27, 1.40059962631621e-38, 4.910168294181073e-31, -2.693181339476934e-23, -5.384557712173389e-25, -6.799586068357773e-29, 6.87152872394744e-33, 2.0683915003427755e-31, -5.794754226365292e-28, 2.3282708308161428e-46, 4.964890416020968e-41, -2.1983192349216493e-23, -5.964313419400215e-26, -4.0414309205170744e-23, -5.618897542617425e-25], "total_energy_defect_over_initial_heat_capacity": 4.608588898094796e-15, "relative_total_baryon_defect": -1.287414799708188e-20, "maximum_local_rest_characteristic_speed_over_c": 0.46718990945856387, "maximum_characteristic_imaginary_part": 0.0, "sampled_cone_inside_light_cone": true}
CONSERVATIVE NATIVE STAGE 4 90 0 11290017820053.846
CONSERVATIVE NATIVE STAGE 4 90 1 889891116.4149599
CONSERVATIVE NATIVE STAGE 4 90 2 196004323.19596604
CONSERVATIVE NATIVE STAGE 4 90 3 183340553.2520987
CONSERVATIVE NATIVE STAGE 4 90 4 29401876.51570556
CONSERVATIVE NATIVE STAGE 4 90 5 66676.96586319292
CONSERVATIVE NATIVE STAGE 4 90 6 34292.386063742815
CONSERVATIVE NATIVE STAGE 4 90 7 685.043508672466
CONSERVATIVE NATIVE STAGE 4 90 8 0.09673183764083636
CONSERVATIVE TWO CARRIER STEP 4 {"classification": "Counterexample candidate", "step": 90, "time_seconds": 0.2170635796932684, "elapsed_seconds": 86.72686932900004, "maximum_changes": [0.0019362691743271398, 0.5227063011422992, 1.8361578462634445e-06, 1.7893825008129057e-10, 1.7893824995745315e-10], "maximum_local_energy_defect": 2.274278915964397e-09, "maximum_local_baryon_defect": 9.175496687149636e-15, "maximum_isotope_inventory_defect": 1.0130803930029827e-20, "isotope_inventory_defects": [-2.3933598910243282e-21, -8.840942383730254e-39, -2.6172212945235304e-25, -1.0130803930029827e-20, -1.0885886421645273e-36, 8.028514139883119e-29, 1.658311912952735e-34, -1.3184927658955946e-24, -3.74435292013017e-25, 1.90500673453617e-30, -1.1687075638211838e-22, -4.49063411603924e-27, 1.4086756253990903e-38, 4.9741140734927275e-31, -2.668603642586933e-23, -5.299235472211192e-25, -5.731608258399954e-29, 6.888516607504368e-33, 2.0727045222073698e-31, -5.7618948301213e-28, 2.3320700809403197e-46, 4.97317955775629e-41, -2.1738466194044367e-23, -5.893501568993471e-26, -3.996614207234311e-23, -5.556804956112588e-25], "total_energy_defect_over_initial_heat_capacity": 4.8238936383127974e-15, "relative_total_baryon_defect": -1.2732477353189163e-20, "maximum_local_rest_characteristic_speed_over_c": 0.4676071443727324, "maximum_characteristic_imaginary_part": 0.0, "sampled_cone_inside_light_cone": true}
NATIVE COMPOSITION RESPONSES 9454
CONSERVATIVE NATIVE STAGE 4 91 0 11522995565855.33
CONSERVATIVE NATIVE STAGE 4 91 1 1105815914.5519142
CONSERVATIVE NATIVE STAGE 4 91 2 204510842.30880713
CONSERVATIVE NATIVE STAGE 4 91 3 102558659.78245193
CONSERVATIVE NATIVE STAGE 4 91 4 51280834.95111078
CONSERVATIVE NATIVE STAGE 4 91 5 44871072.64251357
CONSERVATIVE NATIVE STAGE 4 91 6 43947913.58413564
CONSERVATIVE NATIVE STAGE 4 91 7 28105706.19106699
CONSERVATIVE NATIVE STAGE 4 91 8 159003.10814889832
CONSERVATIVE NATIVE STAGE 4 91 9 0.0013077814795260634
CONSERVATIVE TWO CARRIER STEP 4 {"classification": "Counterexample candidate", "step": 91, "time_seconds": 0.2203539797644122, "elapsed_seconds": 1198.475885113, "maximum_changes": [0.002005494103097876, 0.5254472408267777, 1.8780388526257644e-06, 1.7893380798961332e-10, 1.7893380786577735e-10], "maximum_local_energy_defect": 2.2654622619239025e-09, "maximum_local_baryon_defect": 9.13990019656542e-15, "maximum_isotope_inventory_defect": 1.0732326058512196e-20, "isotope_inventory_defects": [-2.754361132369853e-21, -1.0578283869542446e-38, -2.759923466389129e-25, -1.0732326058512196e-20, -2.1515233793733244e-36, 7.827990427331652e-29, 1.6368675734308929e-34, -1.3897112011676097e-24, -3.940075036322671e-25, 1.8968965894849243e-30, -1.2379350424361975e-22, -4.7573757487528735e-27, 1.4080806019085852e-38, 4.951378234394156e-31, -3.187016668359699e-23, -8.254447237026704e-25, -3.0298392816152985e-28, 6.855363294460325e-33, 2.0658340310740184e-31, -7.116257166715089e-28, 2.326513377006863e-46, 4.969487480043095e-41, -2.3448860368767906e-23, -6.035791762788575e-26, -4.331445073494376e-23, -6.0148873103469665e-25], "total_energy_defect_over_initial_heat_capacity": 4.882637897387229e-15, "relative_total_baryon_defect": -1.3712570869029467e-20, "maximum_local_rest_characteristic_speed_over_c": 0.46800562831813947, "maximum_characteristic_imaginary_part": 0.0, "sampled_cone_inside_light_cone": true}
NATIVE COMPOSITION RESPONSES 9454
CONSERVATIVE NATIVE STAGE 4 92 0 11757078276138.695
CONSERVATIVE NATIVE STAGE 4 92 1 1309284002.7064085
CONSERVATIVE NATIVE STAGE 4 92 2 213012897.98852322
CONSERVATIVE NATIVE STAGE 4 92 3 106926794.17934683
CONSERVATIVE NATIVE STAGE 4 92 4 53465294.82656413
CONSERVATIVE NATIVE STAGE 4 92 5 46782495.34856955
CONSERVATIVE NATIVE STAGE 4 92 6 46412427.71097507
CONSERVATIVE NATIVE STAGE 4 92 7 6457131.256827305
CONSERVATIVE NATIVE STAGE 4 92 8 5999013.325939183
CONSERVATIVE NATIVE STAGE 4 92 9 4813054.082226469
CONSERVATIVE NATIVE STAGE 4 92 10 4808091.4273201935
CONSERVATIVE NATIVE STAGE 4 92 11 0.04527187294784492
CONSERVATIVE TWO CARRIER STEP 4 {"classification": "Counterexample candidate", "step": 92, "time_seconds": 0.22364437983555602, "elapsed_seconds": 3061.7017536360004, "maximum_changes": [0.002076105844694203, 0.5281510379650926, 1.920189026256987e-06, 1.7892948792421041e-10, 1.7892948780037584e-10], "maximum_local_energy_defect": 2.2630891606340884e-09, "maximum_local_baryon_defect": 9.13029940841003e-15, "maximum_isotope_inventory_defect": 1.0421095107413251e-20, "isotope_inventory_defects": [-3.73983686117962e-21, -1.4797001467050407e-38, -3.478355631258041e-25, -1.0421095107413251e-20, -6.64111065802664e-36, 7.45206513488148e-29, 1.6614844398219283e-34, -1.3173817826361863e-24, -3.731481827740824e-25, 2.637238932752765e-30, -1.2111602626540412e-22, -4.725307379094421e-27, 1.6587552606090998e-38, 6.733425781150339e-31, -4.5041637043275584e-23, -1.6394487339524083e-24, -8.865200316141027e-28, 7.679643784738433e-33, 2.2582143089654205e-31, -1.1284688015978192e-27, 2.554955252106975e-46, 5.39634603214853e-41, -2.4594284874594057e-23, -5.1526856521845254e-26, -4.614954223318871e-23, -6.391402993377742e-25], "total_energy_defect_over_initial_heat_capacity": 8.615524737283395e-15, "relative_total_baryon_defect": -1.4402082182375033e-20, "maximum_local_rest_characteristic_speed_over_c": 0.46838571880576013, "maximum_characteristic_imaginary_part": 0.0, "sampled_cone_inside_light_cone": true}
NATIVE COMPOSITION RESPONSES 9454
CONSERVATIVE NATIVE STAGE 4 93 0 11992249704835.68
CONSERVATIVE NATIVE STAGE 4 93 1 1485378162.6415493
CONSERVATIVE NATIVE STAGE 4 93 2 221609905.8506321
CONSERVATIVE NATIVE STAGE 4 93 3 111349251.0665067
CONSERVATIVE NATIVE STAGE 4 93 4 55676954.42781628
CONSERVATIVE NATIVE STAGE 4 93 5 48717762.51885793
CONSERVATIVE NATIVE STAGE 4 93 6 47195355.32021327
CONSERVATIVE NATIVE STAGE 4 93 7 46205814.31645341
CONSERVATIVE NATIVE STAGE 4 93 8 43568809.16181074
CONSERVATIVE NATIVE STAGE 4 93 9 795702.960170841
CONSERVATIVE NATIVE STAGE 4 93 10 696923.3291257801
CONSERVATIVE NATIVE STAGE 4 93 11 622974.2070361427
CONSERVATIVE NATIVE STAGE 4 93 12 620816.2532666988
CONSERVATIVE NATIVE STAGE 4 93 13 278125.1517557694
CONSERVATIVE NATIVE STAGE 4 93 14 47.71184810354611
CONSERVATIVE NATIVE STAGE 4 93 15 0.001023619636199171
CONSERVATIVE TWO CARRIER STEP 4 {"classification": "Counterexample candidate", "step": 93, "time_seconds": 0.22693477990669983, "elapsed_seconds": 4917.653321961, "maximum_changes": [0.002148110494175321, 0.530818670386224, 1.9626050673481694e-06, 1.7892528997750659e-10, 1.7892528985367338e-10], "maximum_local_energy_defect": 2.262304149076134e-09, "maximum_local_baryon_defect": 9.127129147698119e-15, "maximum_isotope_inventory_defect": 1.0318427416311278e-20, "isotope_inventory_defects": [-4.068500320520352e-21, -1.620379390632769e-38, -3.7178824449506645e-25, -1.0318427416311278e-20, -8.137553681498323e-36, 7.326957311461736e-29, 1.6696747619934887e-34, -1.29341723658162e-24, -3.6623505291366237e-25, 2.8838002897232134e-30, -1.202351840724615e-22, -4.715064591905692e-27, 1.742273936763654e-38, 7.326997390488242e-31, -4.9433453492260646e-23, -1.910870655410668e-24, -1.0810863846078047e-27, 7.954331159418665e-33, 2.3223472728528607e-31, -1.2674528099572162e-27, 2.6311458454859376e-46, 5.538580849578661e-41, -2.4978270075781956e-23, -4.8589757131011716e-26, -4.70984788783178e-23, -6.517446438492695e-25], "total_energy_defect_over_initial_heat_capacity": 9.936606392624424e-15, "relative_total_baryon_defect": -1.4633143873947928e-20, "maximum_local_rest_characteristic_speed_over_c": 0.46874776536162815, "maximum_characteristic_imaginary_part": 0.0, "sampled_cone_inside_light_cone": true}
NATIVE COMPOSITION RESPONSES 9454
CONSERVATIVE NATIVE STAGE 4 94 0 12228493913982.398
CONSERVATIVE NATIVE STAGE 4 94 1 1621134741.6258788
CONSERVATIVE NATIVE STAGE 4 94 2 230346215.25916705
CONSERVATIVE NATIVE STAGE 4 94 3 115828181.3051251
CONSERVATIVE NATIVE STAGE 4 94 4 57916773.51163349
CONSERVATIVE NATIVE STAGE 4 94 5 50677664.37252336
CONSERVATIVE NATIVE STAGE 4 94 6 47510332.04651075
CONSERVATIVE NATIVE STAGE 4 94 7 46767951.287297755
CONSERVATIVE NATIVE STAGE 4 94 8 43828187.572895125
CONSERVATIVE NATIVE STAGE 4 94 9 660798.0002762998
CONSERVATIVE NATIVE STAGE 4 94 10 0.005224728386915384
CONSERVATIVE TWO CARRIER STEP 4 {"classification": "Counterexample candidate", "step": 94, "time_seconds": 0.23022517997784364, "elapsed_seconds": 6385.247462514, "maximum_changes": [0.002221514045714317, 0.5334510752652445, 2.0052837455701573e-06, 1.7892120861369392e-10, 1.78921208489862e-10], "maximum_local_energy_defect": 2.262536188425865e-09, "maximum_local_baryon_defect": 9.128028700532673e-15, "maximum_isotope_inventory_defect": 1.2938162171765089e-20, "isotope_inventory_defects": [-5.722073249192004e-21, -2.4116067112489454e-38, -4.399755121130123e-25, -1.2938162171765089e-20, -1.3107614221527238e-35, 6.455850364782236e-29, 1.5861361632363999e-34, -1.6018904819418903e-24, -4.509418614608623e-25, 2.902868982280596e-30, -1.5048630144968653e-22, -5.88477684248445e-27, 1.758635097381014e-38, 7.362044349300949e-31, -7.299691184434446e-23, -3.2551980986880392e-24, -2.1918099962985163e-27, 7.889521260397921e-33, 2.3100012646984315e-31, -1.8879426685897472e-27, 2.6292381537951237e-46, 5.560816485246617e-41, -3.2561226798626644e-23, -5.431877050838283e-26, -6.19774854294088e-23, -8.552645752757104e-25], "total_energy_defect_over_initial_heat_capacity": 1.065914031024922e-14, "relative_total_baryon_defect": -1.898471447086076e-20, "maximum_local_rest_characteristic_speed_over_c": 0.4690921112809521, "maximum_characteristic_imaginary_part": 0.0, "sampled_cone_inside_light_cone": true}
NATIVE COMPOSITION RESPONSES 9454
CONSERVATIVE NATIVE STAGE 4 95 0 12465795260974.416
CONSERVATIVE NATIVE STAGE 4 95 1 1706466630.2576869
CONSERVATIVE NATIVE STAGE 4 95 2 239241277.4016448
CONSERVATIVE NATIVE STAGE 4 95 3 120338478.61350344
CONSERVATIVE NATIVE STAGE 4 95 4 60172183.01022378
CONSERVATIVE NATIVE STAGE 4 95 5 54063223.72892311
CONSERVATIVE NATIVE STAGE 4 95 6 1107751.5047762431
CONSERVATIVE NATIVE STAGE 4 95 7 0.014899002334892626
CONSERVATIVE TWO CARRIER STEP 4 {"classification": "Counterexample candidate", "step": 95, "time_seconds": 0.23351558004898745, "elapsed_seconds": 7531.589982536, "maximum_changes": [0.0022963223942516204, 0.5360491514109854, 2.048221897279828e-06, 1.7891723920217982e-10, 1.789172390783492e-10], "maximum_local_energy_defect": 2.26373881502996e-09, "maximum_local_baryon_defect": 9.132819157233646e-15, "maximum_isotope_inventory_defect": 1.8194894195264636e-20, "isotope_inventory_defects": [-8.857518722213384e-21, -3.9205547015638214e-38, -5.6388807756449435e-25, -1.8194894195264636e-20, -2.2279109236168265e-35, 4.771237838120229e-29, 1.4132044264498374e-34, -2.2264605233155756e-24, -6.225964332614526e-25, 2.8175531099816282e-30, -2.1104878676743678e-22, -8.21500350957661e-27, 1.7483415271874223e-38, 7.133958531480047e-31, -1.1780968171422616e-22, -5.8031157488649184e-24, -4.311659368138968e-27, 7.615689057542584e-33, 2.251118217484878e-31, -3.0568597269293476e-27, 2.5847260021864052e-46, 5.528580771826505e-41, -4.7460792878942526e-23, -6.707210234047571e-26, -9.112259153768777e-23, -1.2540919142069175e-24], "total_energy_defect_over_initial_heat_capacity": 1.1080139394594478e-14, "relative_total_baryon_defect": -2.753018262850526e-20, "maximum_local_rest_characteristic_speed_over_c": 0.4694190948931912, "maximum_characteristic_imaginary_part": 0.0, "sampled_cone_inside_light_cone": true}
NATIVE COMPOSITION RESPONSES 9454
CONSERVATIVE NATIVE STAGE 4 96 0 12704138386574.617
CONSERVATIVE NATIVE STAGE 4 96 1 1735106550.542265
CONSERVATIVE NATIVE STAGE 4 96 2 248301417.8198164
CONSERVATIVE NATIVE STAGE 4 96 3 124885512.72934899
CONSERVATIVE NATIVE STAGE 4 96 4 62445685.3685392
CONSERVATIVE NATIVE STAGE 4 96 5 47072531.03944171
CONSERVATIVE NATIVE STAGE 4 96 6 1131045.7158896914
CONSERVATIVE NATIVE STAGE 4 96 7 0.015562006395626557
CONSERVATIVE TWO CARRIER STEP 4 {"classification": "Counterexample candidate", "step": 96, "time_seconds": 0.23680598012013127, "elapsed_seconds": 8721.215423694, "maximum_changes": [0.002372541337080996, 0.5386137614388274, 2.0914164228882174e-06, 1.7891337743971053e-10, 1.7891337731588116e-10], "maximum_local_energy_defect": 2.26530511925414e-09, "maximum_local_baryon_defect": 9.139058289279377e-15, "maximum_isotope_inventory_defect": 2.4419302468261465e-20, "isotope_inventory_defects": [-1.25412410512176e-20, -5.694804193667702e-38, -7.085236776922171e-25, -2.4419302468261465e-20, -3.301099928196831e-35, 2.786109001541527e-29, 1.207497482770115e-34, -2.9668897521963865e-24, -8.261195885303659e-25, 2.6962641847813222e-30, -2.827381939530156e-22, -1.0971504167559245e-26, 1.7290085213105046e-38, 6.815049644916844e-31, -1.7048118228475243e-22, -8.796482992690008e-24, -6.804688902756969e-27, 7.26741112320014e-33, 2.1757331058859507e-31, -4.428853691062922e-27, 2.5252268426288252e-46, 5.477588405189029e-41, -6.50531000217567e-23, -8.23727519759151e-26, -1.2552049193589813e-22, -1.7248253028358147e-24], "total_energy_defect_over_initial_heat_capacity": 1.1388790320026298e-14, "relative_total_baryon_defect": -3.7619211772847895e-20, "maximum_local_rest_characteristic_speed_over_c": 0.4697290503735194, "maximum_characteristic_imaginary_part": 0.0, "sampled_cone_inside_light_cone": true}
NATIVE COMPOSITION RESPONSES 9454
CONSERVATIVE NATIVE STAGE 4 97 0 12943508203602.883
CONSERVATIVE NATIVE STAGE 4 97 1 10269891757.138527
CONSERVATIVE NATIVE STAGE 4 97 2 272170059.2006876
CONSERVATIVE NATIVE STAGE 4 97 3 136826473.7219885
CONSERVATIVE NATIVE STAGE 4 97 4 68415919.62820916
CONSERVATIVE NATIVE STAGE 4 97 5 51312312.46858686
CONSERVATIVE NATIVE STAGE 4 97 6 49708843.264712594
CONSERVATIVE NATIVE STAGE 4 97 7 48155370.20365773
CONSERVATIVE NATIVE STAGE 4 97 8 44239049.69029134
CONSERVATIVE NATIVE STAGE 4 97 9 237508.32789699716
CONSERVATIVE NATIVE STAGE 4 97 10 0.0009797208913777339
CONSERVATIVE TWO CARRIER STEP 4 {"classification": "Counterexample candidate", "step": 97, "time_seconds": 0.24009638019127508, "elapsed_seconds": 10481.074285868, "maximum_changes": [0.0024501765753740484, 0.541145733903418, 2.134864284311913e-06, 1.7890967113693632e-10, 1.7890967101310815e-10], "maximum_local_energy_defect": 2.265924293733361e-09, "maximum_local_baryon_defect": 9.14152620876801e-15, "maximum_isotope_inventory_defect": 2.746421317459419e-20, "isotope_inventory_defects": [-1.432646461511002e-20, -6.55502251020746e-38, -7.7837533320919665e-25, -2.746421317459419e-20, -3.8195667162933325e-35, 1.826128111307383e-29, 1.1079083247418593e-34, -3.329555446590008e-24, -9.258268362054742e-25, 2.63021028086454e-30, -3.17792329259349e-22, -1.2318555871094704e-26, 1.7176908343488638e-38, 6.6430929381754855e-31, -1.9602125137968331e-22, -1.0246637018052923e-23, -8.013435176508176e-27, 7.092976218626243e-33, 2.138084442941224e-31, -5.0932005846390205e-27, 2.495217612618985e-46, 5.450991706849149e-41, -7.362992373265407e-23, -8.997296643154614e-26, -1.4228189161444838e-22, -1.9542224877671863e-24], "total_energy_defect_over_initial_heat_capacity": 1.147192294110607e-14, "relative_total_baryon_defect": -4.2537435308798223e-20, "maximum_local_rest_characteristic_speed_over_c": 0.47002231113541537, "maximum_characteristic_imaginary_part": 0.0, "sampled_cone_inside_light_cone": true}
NATIVE COMPOSITION RESPONSES 9454
CONSERVATIVE NATIVE STAGE 4 98 0 13183889886737.193
CONSERVATIVE NATIVE STAGE 4 98 1 1621097881.367571
CONSERVATIVE NATIVE STAGE 4 98 2 266888182.93252316
CONSERVATIVE NATIVE STAGE 4 98 3 252258079.46876565
CONSERVATIVE NATIVE STAGE 4 98 4 31878978.27415147
CONSERVATIVE NATIVE STAGE 4 98 5 260492.8758406818
CONSERVATIVE NATIVE STAGE 4 98 6 49207.86118671244
CONSERVATIVE NATIVE STAGE 4 98 7 59.330580701149294
CONSERVATIVE NATIVE STAGE 4 98 8 0.24881033717624423
CONSERVATIVE TWO CARRIER STEP 4 {"classification": "Counterexample candidate", "step": 98, "time_seconds": 0.2433867802624189, "elapsed_seconds": 10891.096983024001, "maximum_changes": [0.0025292337156427474, 0.5436458649022545, 2.1785625027170607e-06, 1.7890610901607926e-10, 1.7890610889225223e-10], "maximum_local_energy_defect": 2.432004243088761e-09, "maximum_local_baryon_defect": 9.811563850020759e-15, "maximum_isotope_inventory_defect": 2.785194039294348e-20, "isotope_inventory_defects": [-1.4872516756242608e-20, -6.815259014313144e-38, -8.016595209201874e-25, -2.785194039294348e-20, -3.992312596465593e-35, 1.5032186776988477e-29, 1.073687484669679e-34, -3.369488927615441e-24, -9.365249466102736e-25, 2.6860145425315265e-30, -3.226288453755748e-22, -1.2518119933556977e-26, 1.725267993957005e-38, 6.770542955223828e-31, -2.0325181828737e-22, -1.0677318603408494e-23, -8.35928000960713e-27, 7.08438549548244e-33, 2.135287318742477e-31, -5.295493000262992e-27, 2.490478681458417e-46, 5.450747702743126e-41, -7.526168814778221e-23, -8.903487391001935e-26, -1.45616805118714e-22, -1.9995303499178388e-24], "total_energy_defect_over_initial_heat_capacity": 1.2180195806782824e-14, "relative_total_baryon_defect": -4.3488838907189805e-20, "maximum_local_rest_characteristic_speed_over_c": 0.4702992048410694, "maximum_characteristic_imaginary_part": 0.0, "sampled_cone_inside_light_cone": true}
NATIVE COMPOSITION RESPONSES 9454
CONSERVATIVE NATIVE STAGE 4 99 0 13425268861859.75
CONSERVATIVE NATIVE STAGE 4 99 1 1490758344.9949112
CONSERVATIVE NATIVE STAGE 4 99 2 276363860.776929
CONSERVATIVE NATIVE STAGE 4 99 3 222445424.05609187
CONSERVATIVE NATIVE STAGE 4 99 4 26623533.618985992
CONSERVATIVE NATIVE STAGE 4 99 5 171059.00560710274
CONSERVATIVE NATIVE STAGE 4 99 6 35915.34417835367
CONSERVATIVE NATIVE STAGE 4 99 7 38.68038805369696
CONSERVATIVE NATIVE STAGE 4 99 8 0.11527276937889004
CONSERVATIVE TWO CARRIER STEP 4 {"classification": "Counterexample candidate", "step": 99, "time_seconds": 0.24667718033356273, "elapsed_seconds": 11255.929593249, "maximum_changes": [0.002609718271144838, 0.5461149203011522, 2.222508156330495e-06, 1.7890265645763329e-10, 1.789026563338074e-10], "maximum_local_energy_defect": 2.4105156754173713e-09, "maximum_local_baryon_defect": 9.724850351482769e-15, "maximum_isotope_inventory_defect": 2.81497356642383e-20, "isotope_inventory_defects": [-1.5055746359969376e-20, -6.902688559912306e-38, -8.093603700198732e-25, -2.81497356642383e-20, -4.046814679654311e-35, 1.4287768312922857e-29, 1.0716194844579174e-34, -3.40456421595218e-24, -9.461576099759835e-25, 2.6905960248873246e-30, -3.260465945336844e-22, -1.2650270305062911e-26, 1.728561367774185e-38, 6.782372532886011e-31, -2.0591913564490736e-22, -1.0828782720129041e-23, -8.486767552670159e-27, 7.083760531647162e-33, 2.1359430643006296e-31, -5.365826236621396e-27, 2.4937466013906913e-46, 5.46119582628166e-41, -7.611844289799443e-23, -8.967533742225215e-26, -1.4729832857074334e-22, -2.022527011112918e-24], "total_energy_defect_over_initial_heat_capacity": 1.230333976665175e-14, "relative_total_baryon_defect": -4.3978830649686037e-20, "maximum_local_rest_characteristic_speed_over_c": 0.47056005597164, "maximum_characteristic_imaginary_part": 0.0, "sampled_cone_inside_light_cone": true}
NATIVE COMPOSITION RESPONSES 9454
CONSERVATIVE NATIVE STAGE 4 100 0 13667630796533.996
CONSERVATIVE NATIVE STAGE 4 100 1 1327541669.5124218
CONSERVATIVE NATIVE STAGE 4 100 2 285884263.9024792
CONSERVATIVE NATIVE STAGE 4 100 3 189546479.8419341
CONSERVATIVE NATIVE STAGE 4 100 4 21634667.947190978
CONSERVATIVE NATIVE STAGE 4 100 5 89911.218991103
CONSERVATIVE NATIVE STAGE 4 100 6 24547.13755772739
CONSERVATIVE NATIVE STAGE 4 100 7 613.7729982108641
CONSERVATIVE NATIVE STAGE 4 100 8 0.32825644860415254
CONSERVATIVE TWO CARRIER STEP 4 {"classification": "Counterexample candidate", "step": 100, "time_seconds": 0.24996758040470654, "elapsed_seconds": 11606.546576381, "maximum_changes": [0.002691635663237017, 0.548553637386479, 2.2666983783385536e-06, 1.7889929979607708e-10, 1.788992996722523e-10], "maximum_local_energy_defect": 2.6221904565133427e-09, "maximum_local_baryon_defect": 1.0578887786708111e-14, "maximum_isotope_inventory_defect": 2.986577530308751e-20, "isotope_inventory_defects": [-1.4976237437506165e-20, -6.855254855200799e-38, -8.075315437011402e-25, -2.986577530308751e-20, -3.835970726361965e-35, 3.799051268773815e-29, 1.7414778910818359e-34, -3.657684561150541e-24, -1.017142147840213e-24, 2.4046883231728663e-30, -3.4519393573728824e-22, -1.3348794899141678e-26, 1.707922851125422e-38, 6.296646492474481e-31, -2.0480684633395886e-22, -1.0562239818074959e-23, -8.452614381718169e-27, 7.650954143611707e-33, 2.355727779322356e-31, -5.283912138388823e-27, 2.788080711704649e-46, 6.208812410757115e-41, -7.901652108810945e-23, -1.022362984702708e-25, -1.523419320931235e-22, -2.0931965708207816e-24], "total_energy_defect_over_initial_heat_capacity": 1.1178997817085459e-14, "relative_total_baryon_defect": -4.564154452570594e-20, "maximum_local_rest_characteristic_speed_over_c": 0.4708051886397458, "maximum_characteristic_imaginary_part": 0.0, "sampled_cone_inside_light_cone": true}
NATIVE COMPOSITION RESPONSES 9454
CONSERVATIVE NATIVE STAGE 4 101 0 13910961591295.914
CONSERVATIVE NATIVE STAGE 4 101 1 1147547815.2931795
CONSERVATIVE NATIVE STAGE 4 101 2 295332788.0408212
CONSERVATIVE NATIVE STAGE 4 101 3 156801674.65187386
CONSERVATIVE NATIVE STAGE 4 101 4 17061406.853582263
CONSERVATIVE NATIVE STAGE 4 101 5 37677.652274712374
CONSERVATIVE NATIVE STAGE 4 101 6 12209.239105287785
CONSERVATIVE NATIVE STAGE 4 101 7 37.03302798807253
CONSERVATIVE NATIVE STAGE 4 101 8 0.2333832381136404
CONSERVATIVE TWO CARRIER STEP 4 {"classification": "Counterexample candidate", "step": 101, "time_seconds": 0.25325798047585035, "elapsed_seconds": 11938.480337118, "maximum_changes": [0.002774991222678763, 0.5509627263607357, 2.3111303549285836e-06, 1.7889603578590936e-10, 1.7889603566208564e-10], "maximum_local_energy_defect": 2.8483374982170843e-09, "maximum_local_baryon_defect": 1.1491295633929186e-14, "maximum_isotope_inventory_defect": 2.954907391912304e-20, "isotope_inventory_defects": [-1.5084959774636338e-20, -6.912965167302607e-38, -8.093645942912153e-25, -2.954907391912304e-20, -3.8931666138164e-35, 3.255192867626429e-29, 1.5914492043598455e-34, -3.6121214524263305e-24, -1.0043306985539293e-24, 2.4132605973672535e-30, -3.4194359708330246e-22, -1.3232831141566844e-26, 1.6878772285868345e-38, 6.274550729054418e-31, -2.056753167712174e-22, -1.065176749119453e-23, -8.485549072518058e-27, 7.482473130502483e-33, 2.301432840628108e-31, -5.316537883692825e-27, 2.709111045775972e-46, 6.030139682852892e-41, -7.861481509915184e-23, -9.978383077804761e-26, -1.5168680842782907e-22, -2.0839099236988523e-24], "total_energy_defect_over_initial_heat_capacity": 1.141044393068204e-14, "relative_total_baryon_defect": -4.54301771871306e-20, "maximum_local_rest_characteristic_speed_over_c": 0.47103492654642065, "maximum_characteristic_imaginary_part": 0.0, "sampled_cone_inside_light_cone": true}
NATIVE COMPOSITION RESPONSES 9454
CONSERVATIVE NATIVE STAGE 4 102 0 14155247371325.562
CONSERVATIVE NATIVE STAGE 4 102 1 968093152.201802
CONSERVATIVE NATIVE STAGE 4 102 2 304516766.18426776
CONSERVATIVE NATIVE STAGE 4 102 3 127362638.50503299
CONSERVATIVE NATIVE STAGE 4 102 4 13089290.874315951
CONSERVATIVE NATIVE STAGE 4 102 5 15358.467671297074
CONSERVATIVE NATIVE STAGE 4 102 6 5140.6247085556615
CONSERVATIVE NATIVE STAGE 4 102 7 30.268662721586058
CONSERVATIVE NATIVE STAGE 4 102 8 0.5509424777683821
CONSERVATIVE TWO CARRIER STEP 4 {"classification": "Counterexample candidate", "step": 102, "time_seconds": 0.25654838054699414, "elapsed_seconds": 12272.951487814, "maximum_changes": [0.0028597901908896132, 0.5533428719310673, 2.3558013234553084e-06, 1.7889286128852068e-10, 1.7889286116469802e-10], "maximum_local_energy_defect": 3.2910148605128267e-09, "maximum_local_baryon_defect": 1.3277285423277827e-14, "maximum_isotope_inventory_defect": 2.7824948389504376e-20, "isotope_inventory_defects": [-1.5284510550366638e-20, -7.021157954069273e-38, -8.133549692697096e-25, -2.7824948389504376e-20, -4.0879075914202593e-35, 1.2342744582962318e-29, 1.0272079735420383e-34, -3.3674886172268466e-24, -9.358066056223262e-25, 2.601766631238649e-30, -3.23329290329783e-22, -1.2561419580976873e-26, 1.6682338357208414e-38, 6.561118793031954e-31, -2.0686096515878443e-22, -1.0892916607930562e-23, -8.519212665051923e-27, 6.965374773052428e-33, 2.1183975084405085e-31, -5.3974311436819206e-27, 2.44398303333762e-46, 5.40114371115451e-41, -7.583353469659164e-23, -8.768048169958577e-26, -1.4684817479627611e-22, -2.0161794241941043e-24], "total_energy_defect_over_initial_heat_capacity": 1.2615981840025389e-14, "relative_total_baryon_defect": -4.388036856874859e-20, "maximum_local_rest_characteristic_speed_over_c": 0.47124959293043883, "maximum_characteristic_imaginary_part": 0.0, "sampled_cone_inside_light_cone": true}
NATIVE COMPOSITION RESPONSES 9454
CONSERVATIVE NATIVE STAGE 4 103 0 14400474478582.129
CONSERVATIVE NATIVE STAGE 4 103 1 805877019.6865
CONSERVATIVE NATIVE STAGE 4 103 2 313176038.4046687
CONSERVATIVE NATIVE STAGE 4 103 3 103923372.57613598
CONSERVATIVE NATIVE STAGE 4 103 4 10574381.795828577
CONSERVATIVE NATIVE STAGE 4 103 5 4047.6922185344724
CONSERVATIVE NATIVE STAGE 4 103 6 2648.651643388015
CONSERVATIVE NATIVE STAGE 4 103 7 23.336842892509342
CONSERVATIVE NATIVE STAGE 4 103 8 0.007039450589835067
CONSERVATIVE TWO CARRIER STEP 4 {"classification": "Counterexample candidate", "step": 103, "time_seconds": 0.259838780618138, "elapsed_seconds": 12611.356078704, "maximum_changes": [0.0029460377211628316, 0.5556947348331993, 2.4007085707202013e-06, 1.7888977295142943e-10, 1.7888977282760779e-10], "maximum_local_energy_defect": 3.436003283374216e-09, "maximum_local_baryon_defect": 1.3862232035885905e-14, "maximum_isotope_inventory_defect": 2.720038591296628e-20, "isotope_inventory_defects": [-1.5344467582997967e-20, -7.053714430986031e-38, -8.146940068418148e-25, -2.720038591296628e-20, -4.153219850699716e-35, 5.5617720809867556e-30, 8.379241032277637e-35, -3.2792927998657492e-24, -9.11115725337722e-25, 2.6742224816300734e-30, -3.165656819462532e-22, -1.2317631360390664e-26, 1.6642369231190226e-38, 6.678975853721704e-31, -2.0715504157817596e-22, -1.0969699816668641e-23, -8.525970309831605e-27, 6.798857428404894e-33, 2.0587719881800584e-31, -5.422998887416694e-27, 2.356794957798158e-46, 5.193944637137513e-41, -7.480632237566251e-23, -8.335608997148455e-26, -1.450518875299993e-22, -1.9910663939678687e-24], "total_energy_defect_over_initial_heat_capacity": 1.2975807771426066e-14, "relative_total_baryon_defect": -4.330647972399334e-20, "maximum_local_rest_characteristic_speed_over_c": 0.4714495109708109, "maximum_characteristic_imaginary_part": 0.0, "sampled_cone_inside_light_cone": true}
NATIVE COMPOSITION RESPONSES 9454
CONSERVATIVE NATIVE STAGE 4 104 0 14646629464445.328
CONSERVATIVE NATIVE STAGE 4 104 1 4510364687.15601
CONSERVATIVE NATIVE STAGE 4 104 2 3013283809.6807327
CONSERVATIVE NATIVE STAGE 4 104 3 88325616.26460046
CONSERVATIVE NATIVE STAGE 4 104 4 9293421.69703081
CONSERVATIVE NATIVE STAGE 4 104 5 2034.540052896349
CONSERVATIVE NATIVE STAGE 4 104 6 772.3417403774388
CONSERVATIVE NATIVE STAGE 4 104 7 2.149341525199485
CONSERVATIVE NATIVE STAGE 4 104 8 0.0821216251872849
CONSERVATIVE TWO CARRIER STEP 4 {"classification": "Counterexample candidate", "step": 104, "time_seconds": 0.26312918068928176, "elapsed_seconds": 12927.825841335, "maximum_changes": [0.0030337388798374523, 0.558018953198846, 2.44584943138734e-06, 1.7888674517401452e-10, 1.7888674505019388e-10], "maximum_local_energy_defect": 3.539080516229436e-09, "maximum_local_baryon_defect": 1.4278103931842084e-14, "maximum_isotope_inventory_defect": 2.685322875606364e-20, "isotope_inventory_defects": [-1.5359291032347808e-20, -7.061872508406196e-38, -8.151791888073476e-25, -2.685322875606364e-20, -4.1768499875272234e-35, 3.1077576727344487e-30, 7.697155007089861e-35, -3.231918502786677e-24, -8.978916901574171e-25, 2.71348952289072e-30, -3.1281233045907153e-22, -1.2183424656148978e-26, 1.6646493214857985e-38, 6.753051994151974e-31, -2.07004857666544e-22, -1.098632134197448e-23, -8.515877126727258e-27, 6.749956106901087e-33, 2.041888631976598e-31, -5.4282644281936935e-27, 2.327770337378492e-46, 5.12921250619085e-41, -7.419990167536749e-23, -8.113891026271852e-26, -1.4397044248569371e-22, -1.976013747968632e-24], "total_energy_defect_over_initial_heat_capacity": 1.3389837805452617e-14, "relative_total_baryon_defect": -4.296848082125444e-20, "maximum_local_rest_characteristic_speed_over_c": 0.4716350031003898, "maximum_characteristic_imaginary_part": 0.0, "sampled_cone_inside_light_cone": true}
NATIVE COMPOSITION RESPONSES 9454
CONSERVATIVE NATIVE STAGE 4 105 0 14893699082634.775
CONSERVATIVE NATIVE STAGE 4 105 1 680309262.7868322
CONSERVATIVE NATIVE STAGE 4 105 2 328882661.54685307
CONSERVATIVE NATIVE STAGE 4 105 3 81578980.63578579
CONSERVATIVE NATIVE STAGE 4 105 4 9369077.387735428
CONSERVATIVE NATIVE STAGE 4 105 5 5151.728098797958
CONSERVATIVE NATIVE STAGE 4 105 6 176.46569957059506
CONSERVATIVE NATIVE STAGE 4 105 7 0.46387277806086313
CONSERVATIVE TWO CARRIER STEP 4 {"classification": "Counterexample candidate", "step": 105, "time_seconds": 0.2664195807604256, "elapsed_seconds": 13262.826684133, "maximum_changes": [0.003122898647432201, 0.5603161441521716, 2.4912212864933225e-06, 1.7888374698908763e-10, 1.78883746865268e-10], "maximum_local_energy_defect": 3.882688090407518e-09, "maximum_local_baryon_defect": 1.5664411968202835e-14, "maximum_isotope_inventory_defect": 2.603505593097892e-20, "isotope_inventory_defects": [-1.535149790551224e-20, -7.058007632278187e-38, -8.1571135247826785e-25, -2.603505593097892e-20, -4.1999724531321775e-35, 7.021469094530625e-31, 7.052581910151325e-35, -3.1248013682463275e-24, -8.681697470517263e-25, 2.8011044510354995e-30, -3.040179255862462e-22, -1.187781426482085e-26, 1.6734920662127326e-38, 6.944214653715965e-31, -2.0581770828551428e-22, -1.0955610142243293e-23, -8.45120987480088e-27, 6.755311247058391e-33, 2.05431142351485e-31, -5.416176565688554e-27, 2.315590934190698e-46, 5.138676375346007e-41, -7.268351671709837e-23, -7.644868556857653e-26, -1.4121274852333233e-22, -1.9377972666936008e-24], "total_energy_defect_over_initial_heat_capacity": 1.3996070790128906e-14, "relative_total_baryon_defect": -4.212798522860122e-20, "maximum_local_rest_characteristic_speed_over_c": 0.47180639217142867, "maximum_characteristic_imaginary_part": 0.0, "sampled_cone_inside_light_cone": true}
NATIVE COMPOSITION RESPONSES 9454
CONSERVATIVE NATIVE STAGE 4 106 0 15141670282809.03
CONSERVATIVE NATIVE STAGE 4 106 1 702761317.6434634
CONSERVATIVE NATIVE STAGE 4 106 2 337798722.0681307
CONSERVATIVE NATIVE STAGE 4 106 3 83961558.43622562
CONSERVATIVE NATIVE STAGE 4 106 4 10752179.040818742
CONSERVATIVE NATIVE STAGE 4 106 5 16947.22434913276
CONSERVATIVE NATIVE STAGE 4 106 6 192.24259952971136
CONSERVATIVE NATIVE STAGE 4 106 7 0.5833946338308083
CONSERVATIVE TWO CARRIER STEP 4 {"classification": "Counterexample candidate", "step": 106, "time_seconds": 0.2697099808315694, "elapsed_seconds": 13575.119249795, "maximum_changes": [0.003213521919745753, 0.5625869050880149, 2.536821562000269e-06, 1.7888079443697397e-10, 1.7888079431315532e-10], "maximum_local_energy_defect": 4.386153644156168e-09, "maximum_local_baryon_defect": 1.7695676666346006e-14, "maximum_isotope_inventory_defect": 2.4943397180095317e-20, "isotope_inventory_defects": [-1.534564163011221e-20, -7.055492332410838e-38, -8.1646006354428675e-25, -2.4943397180095317e-20, -4.2308369591547415e-35, -2.4960940647778642e-30, 6.20682911190266e-35, -2.982274148090768e-24, -8.286877016622823e-25, 2.9160301349008363e-30, -2.923234332716656e-22, -1.1477883190432021e-26, 1.6866995451702825e-38, 7.195350901913541e-31, -2.041912976975073e-22, -1.0910851986783997e-23, -8.358772746220929e-27, 6.773355806634565e-33, 2.082406325027253e-31, -5.398620466511284e-27, 2.3065542250439825e-46, 5.186871969860191e-41, -7.066347961637601e-23, -7.024743722320075e-26, -1.375359583330581e-22, -1.8868566274983187e-24], "total_energy_defect_over_initial_heat_capacity": 1.4728043380611764e-14, "relative_total_baryon_defect": -4.101126804527624e-20, "maximum_local_rest_characteristic_speed_over_c": 0.47196400416707274, "maximum_characteristic_imaginary_part": 0.0, "sampled_cone_inside_light_cone": true}
NATIVE COMPOSITION RESPONSES 9454
CONSERVATIVE NATIVE STAGE 4 107 0 15390530204967.182
CONSERVATIVE NATIVE STAGE 4 107 1 725656011.2927208
CONSERVATIVE NATIVE STAGE 4 107 2 349308214.9334152
CONSERVATIVE NATIVE STAGE 4 107 3 95140793.13207704
CONSERVATIVE NATIVE STAGE 4 107 4 13324409.193989996
CONSERVATIVE NATIVE STAGE 4 107 5 20498.53264857955
CONSERVATIVE NATIVE STAGE 4 107 6 813.3247941815696
CONSERVATIVE NATIVE STAGE 4 107 7 1.2577201792145367
CONSERVATIVE NATIVE STAGE 4 107 8 0.037299295816150824
CONSERVATIVE TWO CARRIER STEP 4 {"classification": "Counterexample candidate", "step": 107, "time_seconds": 0.2730003809027132, "elapsed_seconds": 13899.166769976, "maximum_changes": [0.0033056135089232224, 0.5648318138202809, 2.582647727439521e-06, 1.7887790783164475e-10, 1.7887790770782705e-10], "maximum_local_energy_defect": 4.578841709001614e-09, "maximum_local_baryon_defect": 1.8473085815818572e-14, "maximum_isotope_inventory_defect": 2.4533100567687373e-20, "isotope_inventory_defects": [-1.5343877051586145e-20, -7.054792117924013e-38, -8.167388085773842e-25, -2.4533100567687373e-20, -4.2423272127099997e-35, -3.683108148664458e-30, 5.893043344458312e-35, -2.928765936794734e-24, -8.138694454627411e-25, 2.9586930959494527e-30, -2.879308763836868e-22, -1.1327727357780256e-26, 1.691393716033544e-38, 7.288328386852889e-31, -2.0357785580655666e-22, -1.0893804191507427e-23, -8.32398515834025e-27, 6.780090269335311e-33, 2.093050170029636e-31, -5.391941810125995e-27, 2.3031751899579708e-46, 5.20536610960338e-41, -6.990470839163632e-23, -6.792012877477373e-26, -1.3615472189398664e-22, -1.867721465764648e-24], "total_energy_defect_over_initial_heat_capacity": 1.4857771692384267e-14, "relative_total_baryon_defect": -4.059203966221435e-20, "maximum_local_rest_characteristic_speed_over_c": 0.47210816627590607, "maximum_characteristic_imaginary_part": 0.0, "sampled_cone_inside_light_cone": true}
NATIVE COMPOSITION RESPONSES 9454
CONSERVATIVE NATIVE STAGE 4 108 0 15640266173573.81
CONSERVATIVE NATIVE STAGE 4 108 1 748995840.1521808
CONSERVATIVE NATIVE STAGE 4 108 2 363099412.5259094
CONSERVATIVE NATIVE STAGE 4 108 3 114288459.31934302
CONSERVATIVE NATIVE STAGE 4 108 4 16868280.088867873
CONSERVATIVE NATIVE STAGE 4 108 5 21024.2638797285
CONSERVATIVE NATIVE STAGE 4 108 6 2527.4949543913594
CONSERVATIVE NATIVE STAGE 4 108 7 8.772987250642132
CONSERVATIVE NATIVE STAGE 4 108 8 0.045248866187188895
CONSERVATIVE TWO CARRIER STEP 4 {"classification": "Counterexample candidate", "step": 108, "time_seconds": 0.276290780973857, "elapsed_seconds": 14216.88637792, "maximum_changes": [0.003399178144489089, 0.5670514290857599, 2.6286972945912134e-06, 1.7887509001286106e-10, 1.7887508988904427e-10], "maximum_local_energy_defect": 4.612905113733781e-09, "maximum_local_baryon_defect": 1.8610550772598242e-14, "maximum_isotope_inventory_defect": 2.446963985144009e-20, "isotope_inventory_defects": [-1.5345032667371003e-20, -7.055410493737773e-38, -8.167883909143439e-25, -2.446963985144009e-20, -4.244403364562185e-35, -3.89655248868003e-30, 5.836411264662894e-35, -2.920507904258187e-24, -8.115821516755717e-25, 2.9644363197857667e-30, -2.8725509153723e-22, -1.1304810275748882e-26, 1.6916946309628916e-38, 7.30043596412678e-31, -2.034916905062343e-22, -1.0891758387508549e-23, -8.318772917088316e-27, 6.779704509217673e-33, 2.094144832372425e-31, -5.3911286688656686e-27, 2.3021962454803538e-46, 5.206725591676383e-41, -6.97891377251026e-23, -6.755937769959742e-26, -1.359447946062355e-22, -1.8648128009532818e-24], "total_energy_defect_over_initial_heat_capacity": 1.4912031001107804e-14, "relative_total_baryon_defect": -4.0528542429413476e-20, "maximum_local_rest_characteristic_speed_over_c": 0.47223920602863706, "maximum_characteristic_imaginary_part": 0.0, "sampled_cone_inside_light_cone": true}
NATIVE COMPOSITION RESPONSES 9454
CONSERVATIVE NATIVE STAGE 4 109 0 15890865691742.3
CONSERVATIVE NATIVE STAGE 4 109 1 772783250.6379926
CONSERVATIVE NATIVE STAGE 4 109 2 377704202.57111824
CONSERVATIVE NATIVE STAGE 4 109 3 140104515.4153852
CONSERVATIVE NATIVE STAGE 4 109 4 21103817.704134155
CONSERVATIVE NATIVE STAGE 4 109 5 15387.553129494047
CONSERVATIVE NATIVE STAGE 4 109 6 6315.64926580856
CONSERVATIVE NATIVE STAGE 4 109 7 51.15839733623485
CONSERVATIVE NATIVE STAGE 4 109 8 0.5115576408908402
CONSERVATIVE TWO CARRIER STEP 4 {"classification": "Counterexample candidate", "step": 109, "time_seconds": 0.27958118104500085, "elapsed_seconds": 14544.869509877, "maximum_changes": [0.003494220474347828, 0.5692462912933584, 2.6749678161839132e-06, 1.7887233790082866e-10, 1.7887233777701278e-10], "maximum_local_energy_defect": 4.283221166162412e-09, "maximum_local_baryon_defect": 1.7280453732517816e-14, "maximum_isotope_inventory_defect": 2.5249183166186935e-20, "isotope_inventory_defects": [-1.53682987432557e-20, -7.067690849835128e-38, -8.1645540728787675e-25, -2.5249183166186935e-20, -4.2315939463616183e-35, -2.5481119230335124e-30, 6.190423129066981e-35, -3.0215034372796933e-24, -8.396035065916315e-25, 2.879216718158466e-30, -2.9564307926210154e-22, -1.159810734014048e-26, 1.6809830232463533e-38, 7.10821975693925e-31, -2.0484674430160583e-22, -1.0939318401400458e-23, -8.388963240395529e-27, 6.745565207108474e-33, 2.066261072534684e-31, -5.4089621231063434e-27, 2.3020326938876445e-46, 5.152329432077947e-41, -7.126191607094585e-23, -7.190631712517012e-26, -1.3863630683310558e-22, -1.902069232084372e-24], "total_energy_defect_over_initial_heat_capacity": 1.4145024603607822e-14, "relative_total_baryon_defect": -4.134542396621064e-20, "maximum_local_rest_characteristic_speed_over_c": 0.47235745200014084, "maximum_characteristic_imaginary_part": 0.0, "sampled_cone_inside_light_cone": true}
NATIVE COMPOSITION RESPONSES 9454
CONSERVATIVE NATIVE STAGE 4 110 0 16142316435687.934
CONSERVATIVE NATIVE STAGE 4 110 1 892603929.5407434
CONSERVATIVE NATIVE STAGE 4 110 2 392118282.5877206
CONSERVATIVE NATIVE STAGE 4 110 3 170786066.7525156
CONSERVATIVE NATIVE STAGE 4 110 4 25761376.4430142
CONSERVATIVE NATIVE STAGE 4 110 5 12101.507211463988
CONSERVATIVE NATIVE STAGE 4 110 6 7816.042019757586
CONSERVATIVE NATIVE STAGE 4 110 7 6607.020436810058
CONSERVATIVE NATIVE STAGE 4 110 8 98.33242649675944
CONSERVATIVE NATIVE STAGE 4 110 9 0.06811302398446249
CONSERVATIVE TWO CARRIER STEP 4 {"classification": "Counterexample candidate", "step": 110, "time_seconds": 0.28287158111614463, "elapsed_seconds": 14958.988298518, "maximum_changes": [0.003590745065753457, 0.5714169232479183, 2.72145688463557e-06, 1.7886964878584273e-10, 1.7886964866202772e-10], "maximum_local_energy_defect": 4.1279177912697465e-09, "maximum_local_baryon_defect": 1.6653893860209357e-14, "maximum_isotope_inventory_defect": 2.554580132582218e-20, "isotope_inventory_defects": [-1.5371826992299747e-20, -7.069507389939658e-38, -8.163513947310092e-25, -2.554580132582218e-20, -4.227405794087732e-35, -2.1003523126991787e-30, 6.308471367280749e-35, -3.0595099289733655e-24, -8.501523324406524e-25, 2.8532704741016334e-30, -2.988068791938308e-22, -1.1709250061650887e-26, 1.6800463055695412e-38, 7.049990399638717e-31, -2.053613479246853e-22, -1.0958152056324205e-23, -8.415593733763225e-27, 6.736842917877429e-33, 2.0572606423474345e-31, -5.415933714339612e-27, 2.3034756321064732e-46, 5.136161189888345e-41, -7.181668592111686e-23, -7.35378060419403e-26, -1.3965060257267802e-22, -1.9161058505986196e-24], "total_energy_defect_over_initial_heat_capacity": 1.4022794117146291e-14, "relative_total_baryon_defect": -4.165090424532225e-20, "maximum_local_rest_characteristic_speed_over_c": 0.47246323421879927, "maximum_characteristic_imaginary_part": 0.0, "sampled_cone_inside_light_cone": true}
NATIVE COMPOSITION RESPONSES 9454
CONSERVATIVE NATIVE STAGE 4 111 0 16394606249384.688
CONSERVATIVE NATIVE STAGE 4 111 1 1065172255.9187498
CONSERVATIVE NATIVE STAGE 4 111 2 406106436.4713087
CONSERVATIVE NATIVE STAGE 4 111 3 204007613.04922777
CONSERVATIVE NATIVE STAGE 4 111 4 30535373.696086045
CONSERVATIVE NATIVE STAGE 4 111 5 25838.172474979052
CONSERVATIVE NATIVE STAGE 4 111 6 24746.65328419621
CONSERVATIVE NATIVE STAGE 4 111 7 530.6417940047477
CONSERVATIVE NATIVE STAGE 4 111 8 0.10314799320193661
CONSERVATIVE TWO CARRIER STEP 4 {"classification": "Counterexample candidate", "step": 111, "time_seconds": 0.28616198118728847, "elapsed_seconds": 15304.571333104, "maximum_changes": [0.003688756406249178, 0.5735638308701808, 2.768162130843275e-06, 1.788670201773461e-10, 1.7886702005353199e-10], "maximum_local_energy_defect": 4.144915342813149e-09, "maximum_local_baryon_defect": 1.6722474425190184e-14, "maximum_isotope_inventory_defect": 2.559268108814374e-20, "isotope_inventory_defects": [-1.537952617136978e-20, -7.073732190237585e-38, -8.163209693722324e-25, -2.559268108814374e-20, -4.225740105170668e-35, -1.928152715664902e-30, 6.353688234055412e-35, -3.0660809890448197e-24, -8.51969726451052e-25, 2.8401124036111372e-30, -2.9934538448252918e-22, -1.1727363360522176e-26, 1.6755700347541802e-38, 7.019958018214389e-31, -2.0544003506015258e-22, -1.0959855083660812e-23, -8.419863236988711e-27, 6.72988751252445e-33, 2.0534938400137054e-31, -5.416645809454618e-27, 2.301557758782969e-46, 5.127302766998548e-41, -7.191179559448892e-23, -7.382923948950194e-26, -1.398235302980743e-22, -1.9185102683796285e-24], "total_energy_defect_over_initial_heat_capacity": 1.405165862094666e-14, "relative_total_baryon_defect": -4.1706441940092e-20, "maximum_local_rest_characteristic_speed_over_c": 0.4725568842424373, "maximum_characteristic_imaginary_part": 0.0, "sampled_cone_inside_light_cone": true}
NATIVE COMPOSITION RESPONSES 9454
CONSERVATIVE NATIVE STAGE 4 112 0 16647723139415.193
CONSERVATIVE NATIVE STAGE 4 112 1 7084880442.515129
CONSERVATIVE NATIVE STAGE 4 112 2 1809648194.1513999
CONSERVATIVE NATIVE STAGE 4 112 3 236995127.62231568
CONSERVATIVE NATIVE STAGE 4 112 4 35002196.442213565
CONSERVATIVE NATIVE STAGE 4 112 5 76588.64901650723
CONSERVATIVE NATIVE STAGE 4 112 6 37529.727374231305
CONSERVATIVE NATIVE STAGE 4 112 7 3.8648599071803234
CONSERVATIVE NATIVE STAGE 4 112 8 0.3383831117439787
CONSERVATIVE TWO CARRIER STEP 4 {"classification": "Counterexample candidate", "step": 112, "time_seconds": 0.28945238125843226, "elapsed_seconds": 15671.441797913, "maximum_changes": [0.003788258904579583, 0.5756875039570842, 2.8150812229805946e-06, 1.7886448478799722e-10, 1.7886448466418392e-10], "maximum_local_energy_defect": 3.9249924752373215e-09, "maximum_local_baryon_defect": 1.583518384765993e-14, "maximum_isotope_inventory_defect": 2.6203875266069826e-20, "isotope_inventory_defects": [-1.5411871141022173e-20, -7.091154841987695e-38, -8.162198297969923e-25, -2.6203875266069826e-20, -4.2218461398973674e-35, -1.4846832953217818e-30, 6.472136322097869e-35, -3.144824867578368e-24, -8.738608447593219e-25, 2.771497491619488e-30, -3.0595916201060953e-22, -1.1964420594319135e-26, 1.667192434350202e-38, 6.860180100707149e-31, -2.0661352144378833e-22, -1.1005880183806779e-23, -8.475598491004106e-27, 6.692536384093998e-33, 2.0380458834037907e-31, -5.4335593133426846e-27, 2.299189713796694e-46, 5.103000933561268e-41, -7.308722637442782e-23, -7.720488643151329e-26, -1.419773708213365e-22, -1.948314746979742e-24], "total_energy_defect_over_initial_heat_capacity": 1.3582024883259108e-14, "relative_total_baryon_defect": -4.236118400642123e-20, "maximum_local_rest_characteristic_speed_over_c": 0.47263873676708895, "maximum_characteristic_imaginary_part": 0.0, "sampled_cone_inside_light_cone": true}
NATIVE COMPOSITION RESPONSES 9454
CONSERVATIVE NATIVE STAGE 4 113 0 16901655270313.426
CONSERVATIVE NATIVE STAGE 4 113 1 1422366006.070843
CONSERVATIVE NATIVE STAGE 4 113 2 433284240.9731884
CONSERVATIVE NATIVE STAGE 4 113 3 266715213.86446908
CONSERVATIVE NATIVE STAGE 4 113 4 38789874.2705476
CONSERVATIVE NATIVE STAGE 4 113 5 124722.79502453576
CONSERVATIVE NATIVE STAGE 4 113 6 53147.41209781955
CONSERVATIVE NATIVE STAGE 4 113 7 10.511668618545139
CONSERVATIVE NATIVE STAGE 4 113 8 0.03462823049021712
CONSERVATIVE TWO CARRIER STEP 4 {"classification": "Counterexample candidate", "step": 113, "time_seconds": 0.2927427813295761, "elapsed_seconds": 16036.77748086, "maximum_changes": [0.003889256891574645, 0.5777884166814301, 2.862211865409842e-06, 1.788620545396727e-10, 1.788620544158602e-10], "maximum_local_energy_defect": 3.856207430934182e-09, "maximum_local_baryon_defect": 1.555766880476408e-14, "maximum_isotope_inventory_defect": 2.6724804111865147e-20, "isotope_inventory_defects": [-1.5463388105129547e-20, -7.1189476077085e-38, -8.16126816580761e-25, -2.6724804111865147e-20, -4.218343877052625e-35, -1.0992768689716355e-30, 6.575318909882419e-35, -3.2132658315924613e-24, -8.928907897633348e-25, 2.6892666642991118e-30, -3.117136821393235e-22, -1.2170638968427046e-26, 1.6490199453934565e-38, 6.667776414167884e-31, -2.0766139459272755e-22, -1.1045503758261712e-23, -8.523844662259804e-27, 6.64205109420036e-33, 2.0222953392668895e-31, -5.4484101974460366e-27, 2.2907418541524792e-46, 5.075230486785731e-41, -7.41169472953036e-23, -8.01556540944962e-26, -1.4386482616704285e-22, -1.9744393790201164e-24], "total_energy_defect_over_initial_heat_capacity": 1.3079092013566184e-14, "relative_total_baryon_defect": -4.294359999143403e-20, "maximum_local_rest_characteristic_speed_over_c": 0.47270912711699803, "maximum_characteristic_imaginary_part": 0.0, "sampled_cone_inside_light_cone": true}
NATIVE COMPOSITION RESPONSES 9454
CONSERVATIVE NATIVE STAGE 4 114 0 17156390959589.15
CONSERVATIVE NATIVE STAGE 4 114 1 1575529444.8811362
CONSERVATIVE NATIVE STAGE 4 114 2 446748956.76784134
CONSERVATIVE NATIVE STAGE 4 114 3 290237517.4912937
CONSERVATIVE NATIVE STAGE 4 114 4 41425041.638459615
CONSERVATIVE NATIVE STAGE 4 114 5 168544.30920330243
CONSERVATIVE NATIVE STAGE 4 114 6 62271.28373258807
CONSERVATIVE NATIVE STAGE 4 114 7 18.396913348590736
CONSERVATIVE NATIVE STAGE 4 114 8 0.4480376078603211
CONSERVATIVE TWO CARRIER STEP 4 {"classification": "Counterexample candidate", "step": 114, "time_seconds": 0.2960331814007199, "elapsed_seconds": 16383.743089253, "maximum_changes": [0.003991754621006077, 0.5798670283720191, 2.909551797648934e-06, 1.7885970347779462e-10, 1.788597033539829e-10], "maximum_local_energy_defect": 4.1319707984292055e-09, "maximum_local_baryon_defect": 1.6670272354403365e-14, "maximum_isotope_inventory_defect": 2.495297415640771e-20, "isotope_inventory_defects": [-1.5290777809455202e-20, -7.02566828626403e-38, -8.163128782882729e-25, -2.495297415640771e-20, -4.224524439552317e-35, -1.8298644574485047e-30, 6.376868123251966e-35, -2.9816482209974075e-24, -8.284669290605906e-25, 2.955390079456156e-30, -2.9218907996690367e-22, -1.146555671646786e-26, 1.70379950738954e-38, 7.294113180093498e-31, -2.0403159689475378e-22, -1.0902415735021395e-23, -8.359628819987856e-27, 6.811084339911369e-33, 2.067172583740421e-31, -5.395459147812465e-27, 2.3173566117662446e-46, 5.146130593515293e-41, -7.061379578558604e-23, -7.019530186865143e-26, -1.374392129108508e-22, -1.88551896059176e-24], "total_energy_defect_over_initial_heat_capacity": 1.4553025050323542e-14, "relative_total_baryon_defect": -4.0965587544988374e-20, "maximum_local_rest_characteristic_speed_over_c": 0.47276839053525394, "maximum_characteristic_imaginary_part": 0.0, "sampled_cone_inside_light_cone": true}
NATIVE COMPOSITION RESPONSES 9454
CONSERVATIVE NATIVE STAGE 4 115 0 17411918672930.717
CONSERVATIVE NATIVE STAGE 4 115 1 1692770298.7343044
CONSERVATIVE NATIVE STAGE 4 115 2 460242258.02791744
CONSERVATIVE NATIVE STAGE 4 115 3 305129789.55312127
CONSERVATIVE NATIVE STAGE 4 115 4 42578496.47368405
CONSERVATIVE NATIVE STAGE 4 115 5 199510.33529940547
CONSERVATIVE NATIVE STAGE 4 115 6 65360.652197862575
CONSERVATIVE NATIVE STAGE 4 115 7 27.64942204327288
CONSERVATIVE NATIVE STAGE 4 115 8 0.3838056898456661
CONSERVATIVE TWO CARRIER STEP 4 {"classification": "Counterexample candidate", "step": 115, "time_seconds": 0.2993235814718637, "elapsed_seconds": 16753.005130829, "maximum_changes": [0.004095756270418605, 0.5819237842274892, 2.9570987933361855e-06, 1.7885741049369368e-10, 1.7885741036988274e-10], "maximum_local_energy_defect": 3.968021441134027e-09, "maximum_local_baryon_defect": 1.6008839840270592e-14, "maximum_isotope_inventory_defect": 2.57761621665328e-20, "isotope_inventory_defects": [-1.536492739292498e-20, -7.065727573582128e-38, -8.162557398072926e-25, -2.57761621665328e-20, -4.222883332586049e-35, -1.6156603614326753e-30, 6.436107851907464e-35, -3.0886803858428383e-24, -8.582564053767127e-25, 2.8401265215622882e-30, -3.012283733319282e-22, -1.1793099027957003e-26, 1.6824443999597638e-38, 7.0220461609632145e-31, -2.0572468630587878e-22, -1.09705046569865e-23, -8.435764258489917e-27, 6.737396404713683e-33, 2.048603465082313e-31, -5.420412139482063e-27, 2.306891404511708e-46, 5.119487555022999e-41, -7.223549754853338e-23, -7.479077230989859e-26, -1.4041442449094292e-22, -1.9266877334666386e-24], "total_energy_defect_over_initial_heat_capacity": 1.3806208647790654e-14, "relative_total_baryon_defect": -4.187852834947386e-20, "maximum_local_rest_characteristic_speed_over_c": 0.4728168640742541, "maximum_characteristic_imaginary_part": 0.0, "sampled_cone_inside_light_cone": true}
NATIVE COMPOSITION RESPONSES 9454
CONSERVATIVE NATIVE STAGE 4 116 0 17668227019945.258
CONSERVATIVE NATIVE STAGE 4 116 1 1763694332.1119914
CONSERVATIVE NATIVE STAGE 4 116 2 473800303.26132786
CONSERVATIVE NATIVE STAGE 4 116 3 309872564.939697
CONSERVATIVE NATIVE STAGE 4 116 4 42077953.71175897
CONSERVATIVE NATIVE STAGE 4 116 5 209355.3013201983
CONSERVATIVE NATIVE STAGE 4 116 6 63189.14991134256
CONSERVATIVE NATIVE STAGE 4 116 7 31.73334700050291
CONSERVATIVE NATIVE STAGE 4 116 8 0.06716088990581391
CONSERVATIVE TWO CARRIER STEP 4 {"classification": "Counterexample candidate", "step": 116, "time_seconds": 0.30261398154300756, "elapsed_seconds": 17092.409676966, "maximum_changes": [0.004201265941937559, 0.5839591158034034, 3.0048506592346066e-06, 1.788551690868276e-10, 1.7885516896301741e-10], "maximum_local_energy_defect": 3.958145615238351e-09, "maximum_local_baryon_defect": 1.5969016553723236e-14, "maximum_isotope_inventory_defect": 2.5566856333333627e-20, "isotope_inventory_defects": [-1.5335417671356528e-20, -7.049790445011886e-38, -8.162694534888134e-25, -2.5566856333333627e-20, -4.2232940811155137e-35, -1.6708240620028655e-30, 6.421958129207588e-35, -3.0608769848477945e-24, -8.505252557645195e-25, 2.879815871402046e-30, -2.9888030248681076e-22, -1.1707980929008989e-26, 1.6926959758341602e-38, 7.115930348152984e-31, -2.0527391048866407e-22, -1.0952983853081157e-23, -8.416079394670125e-27, 6.764430583872753e-33, 2.0547544612691605e-31, -5.413797601792787e-27, 2.312392156531119e-46, 5.130147346817911e-41, -7.181084296942501e-23, -7.359201847162267e-26, -1.3963518752539303e-22, -1.915900636699237e-24], "total_energy_defect_over_initial_heat_capacity": 1.409856147732021e-14, "relative_total_baryon_defect": -4.163571598112794e-20, "maximum_local_rest_characteristic_speed_over_c": 0.47285488694701616, "maximum_characteristic_imaginary_part": 0.0, "sampled_cone_inside_light_cone": true}
NATIVE COMPOSITION RESPONSES 9454
CONSERVATIVE NATIVE STAGE 4 117 0 17925304750072.92
CONSERVATIVE NATIVE STAGE 4 117 1 1782475544.5948472
CONSERVATIVE NATIVE STAGE 4 117 2 487431654.8811983
CONSERVATIVE NATIVE STAGE 4 117 3 304129924.3412586
CONSERVATIVE NATIVE STAGE 4 117 4 39981538.315755375
CONSERVATIVE NATIVE STAGE 4 117 5 195927.78063179585
CONSERVATIVE NATIVE STAGE 4 117 6 57139.90043252143
CONSERVATIVE NATIVE STAGE 4 117 7 32.14044709361233
CONSERVATIVE NATIVE STAGE 4 117 8 0.315432629784009
CONSERVATIVE TWO CARRIER STEP 4 {"classification": "Counterexample candidate", "step": 117, "time_seconds": 0.30590438161415134, "elapsed_seconds": 17432.937607758002, "maximum_changes": [0.004308287663053549, 0.5859734415401924, 3.05280523428634e-06, 1.7885297671536895e-10, 1.7885297659155953e-10], "maximum_local_energy_defect": 3.7445651795483284e-09, "maximum_local_baryon_defect": 1.510731527704356e-14, "maximum_isotope_inventory_defect": 2.732568032172198e-20, "isotope_inventory_defects": [-1.5522857916503143e-20, -7.151082069138483e-38, -8.1618304770526125e-25, -2.732568032172198e-20, -4.221005422557081e-35, -1.3361413333329453e-30, 6.517035076945653e-35, -3.2908985061108562e-24, -9.145446820581264e-25, 2.6070149142231306e-30, -3.1832447110824116e-22, -1.2413719676760425e-26, 1.634739128076046e-38, 6.470955208834694e-31, -2.0896248324860627e-22, -1.1100909387664483e-23, -8.579800363935297e-27, 6.584201984463833e-33, 2.0109882553656307e-31, -5.4682894047973386e-27, 2.2823908551589317e-46, 5.06296462545963e-41, -7.531001851319168e-23, -8.348167665380859e-26, -1.4605665702430753e-22, -2.004761902568997e-24], "total_energy_defect_over_initial_heat_capacity": 1.2510515954073358e-14, "relative_total_baryon_defect": -4.361561598255805e-20, "maximum_local_rest_characteristic_speed_over_c": 0.4728827999644504, "maximum_characteristic_imaginary_part": 0.0, "sampled_cone_inside_light_cone": true}
NATIVE COMPOSITION RESPONSES 9454
CONSERVATIVE NATIVE STAGE 4 118 0 18183140748591.645
CONSERVATIVE NATIVE STAGE 4 118 1 1748447181.9975824
CONSERVATIVE NATIVE STAGE 4 118 2 501120276.96702576
CONSERVATIVE NATIVE STAGE 4 118 3 288813757.02697396
CONSERVATIVE NATIVE STAGE 4 118 4 36591375.06852896
CONSERVATIVE NATIVE STAGE 4 118 5 163505.4927624623
CONSERVATIVE NATIVE STAGE 4 118 6 48430.33021180084
CONSERVATIVE NATIVE STAGE 4 118 7 26.20499119400481
CONSERVATIVE NATIVE STAGE 4 118 8 0.04672760801758608
CONSERVATIVE TWO CARRIER STEP 4 {"classification": "Counterexample candidate", "step": 118, "time_seconds": 0.3091947816852952, "elapsed_seconds": 17778.309086033, "maximum_changes": [0.00441682538738508, 0.5879671673153416, 3.1009603887064296e-06, 1.7885083062953427e-10, 1.7885083050572557e-10], "maximum_local_energy_defect": 3.6709250771057106e-09, "maximum_local_baryon_defect": 1.4810220710042392e-14, "maximum_isotope_inventory_defect": 2.7225111116554576e-20, "isotope_inventory_defects": [-1.5493958791344777e-20, -7.135468456166764e-38, -8.161758438607364e-25, -2.7225111116554576e-20, -4.220498977042803e-35, -1.2816160532257935e-30, 6.526708674678371e-35, -3.2768854162587044e-24, -9.106373121703642e-25, 2.6395105951485907e-30, -3.1712972141029334e-22, -1.2369811690117544e-26, 1.645819398037453e-38, 6.54821243831524e-31, -2.0870664024847775e-22, -1.1091097287937609e-23, -8.569748500659105e-27, 6.608512940320028e-33, 2.0157417196336577e-31, -5.4645491179274864e-27, 2.288890730084011e-46, 5.072980196892902e-41, -7.508851910983899e-23, -8.286909842820052e-26, -1.4564893895581234e-22, -1.9991193558230004e-24], "total_energy_defect_over_initial_heat_capacity": 1.2626051240368868e-14, "relative_total_baryon_defect": -4.3484051980926686e-20, "maximum_local_rest_characteristic_speed_over_c": 0.472900945247477, "maximum_characteristic_imaginary_part": 0.0, "sampled_cone_inside_light_cone": true}
NATIVE COMPOSITION RESPONSES 9454
CONSERVATIVE NATIVE STAGE 4 119 0 18441724032777.84
CONSERVATIVE NATIVE STAGE 4 119 1 1665959394.915287
CONSERVATIVE NATIVE STAGE 4 119 2 514822516.07137656
CONSERVATIVE NATIVE STAGE 4 119 3 265907226.5215757
CONSERVATIVE NATIVE STAGE 4 119 4 32380974.860456735
CONSERVATIVE NATIVE STAGE 4 119 5 121590.88721622812
CONSERVATIVE NATIVE STAGE 4 119 6 38354.84021434233
CONSERVATIVE NATIVE STAGE 4 119 7 17.797568431858657
CONSERVATIVE NATIVE STAGE 4 119 8 0.28408325576091265
CONSERVATIVE TWO CARRIER STEP 4 {"classification": "Counterexample candidate", "step": 119, "time_seconds": 0.31248518175643897, "elapsed_seconds": 18114.94125156, "maximum_changes": [0.0045268829954200765, 0.5899406869521308, 3.14931402311227e-06, 1.7884872808701694e-10, 1.7884872796320894e-10], "maximum_local_energy_defect": 3.835767199347153e-09, "maximum_local_baryon_defect": 1.5475269230082605e-14, "maximum_isotope_inventory_defect": 2.6159382268987723e-20, "isotope_inventory_defects": [-1.538682823659847e-20, -7.077551812792378e-38, -8.162113063437324e-25, -2.6159382268987723e-20, -4.2211524925438264e-35, -1.4146861721117305e-30, 6.484950541089064e-35, -3.13794312969506e-24, -8.719658455674751e-25, 2.7972664643282587e-30, -3.0538064709885037e-22, -1.1942989422746526e-26, 1.6772659893548204e-38, 6.921637506624605e-31, -2.064742775229802e-22, -1.1000769029981309e-23, -8.470610862094721e-27, 6.712624198753669e-33, 2.0393232669949434e-31, -5.431315611386206e-27, 2.3052416105247423e-46, 5.106025873524456e-41, -7.297515494845899e-23, -7.690051619708568e-26, -1.4177016775692787e-22, -1.945451463411041e-24], "total_energy_defect_over_initial_heat_capacity": 1.343620839829692e-14, "relative_total_baryon_defect": -4.229084549295398e-20, "maximum_local_rest_characteristic_speed_over_c": 0.47290966610981655, "maximum_characteristic_imaginary_part": 0.0, "sampled_cone_inside_light_cone": true}
NATIVE COMPOSITION RESPONSES 9454
CONSERVATIVE NATIVE STAGE 4 120 0 18701043748228.48
CONSERVATIVE NATIVE STAGE 4 120 1 7027494178.908646
CONSERVATIVE NATIVE STAGE 4 120 2 1826174885.0675871
CONSERVATIVE NATIVE STAGE 4 120 3 238099430.15040636
CONSERVATIVE NATIVE STAGE 4 120 4 27869039.028394964
CONSERVATIVE NATIVE STAGE 4 120 5 79229.77209614152
CONSERVATIVE NATIVE STAGE 4 120 6 27140.732522790095
CONSERVATIVE NATIVE STAGE 4 120 7 10.196941960342626
CONSERVATIVE NATIVE STAGE 4 120 8 0.042702880689143664
CONSERVATIVE TWO CARRIER STEP 4 {"classification": "Counterexample candidate", "step": 120, "time_seconds": 0.3157755818275828, "elapsed_seconds": 18448.492576452, "maximum_changes": [0.004638464295235883, 0.5918943825813064, 3.1978640677203504e-06, 1.7884663181763382e-10, 1.7884663169382654e-10], "maximum_local_energy_defect": 3.8622460353638985e-09, "maximum_local_baryon_defect": 1.5582083654821127e-14, "maximum_isotope_inventory_defect": 2.5923959267839424e-20, "isotope_inventory_defects": [-1.5361055532384597e-20, -7.063567071211797e-38, -8.162219064640529e-25, -2.5923959267839424e-20, -4.221184310064072e-35, -1.4336808441228046e-30, 6.478007129089714e-35, -3.107169925894564e-24, -8.633915806898826e-25, 2.834130288204633e-30, -3.0277647830522173e-22, -1.1848278088108813e-26, 1.68513248551442e-38, 7.008835972422118e-31, -2.0597328491977087e-22, -1.0980469611219199e-23, -8.448423996779658e-27, 6.737464865243429e-33, 2.0450366219842256e-31, -5.4238767976800735e-27, 2.309496996451503e-46, 5.114643214403689e-41, -7.250555070934429e-23, -7.557652404370323e-26, -1.4090795349286835e-22, -1.9335205680021402e-24], "total_energy_defect_over_initial_heat_capacity": 1.3488187163185248e-14, "relative_total_baryon_defect": -4.202504001673849e-20, "maximum_local_rest_characteristic_speed_over_c": 0.47290930547160187, "maximum_characteristic_imaginary_part": 0.0, "sampled_cone_inside_light_cone": true}
NATIVE COMPOSITION RESPONSES 9454
CONSERVATIVE NATIVE STAGE 4 121 0 18961089165036.227
CONSERVATIVE NATIVE STAGE 4 121 1 1392538517.0079226
CONSERVATIVE NATIVE STAGE 4 121 2 541898566.7961131
CONSERVATIVE NATIVE STAGE 4 121 3 208303065.39242166
CONSERVATIVE NATIVE STAGE 4 121 4 23575106.634423956
CONSERVATIVE NATIVE STAGE 4 121 5 47350.90264191081
CONSERVATIVE NATIVE STAGE 4 121 6 18553.783579771345
CONSERVATIVE NATIVE STAGE 4 121 7 202.85032562815096
CONSERVATIVE NATIVE STAGE 4 121 8 0.013509122541762118
CONSERVATIVE TWO CARRIER STEP 4 {"classification": "Counterexample candidate", "step": 121, "time_seconds": 0.3190659818987266, "elapsed_seconds": 18760.159667275, "maximum_changes": [0.0047515730232004895, 0.5938286253273923, 3.246608481518562e-06, 1.788445234895421e-10, 1.7884452336573554e-10], "maximum_local_energy_defect": 3.8793505890195e-09, "maximum_local_baryon_defect": 1.5651080782457443e-14, "maximum_isotope_inventory_defect": 2.5943848722845096e-20, "isotope_inventory_defects": [-1.536733794625476e-20, -7.066906353739278e-38, -8.162207311949287e-25, -2.5943848722845096e-20, -4.2213547991810554e-35, -1.4489244525914339e-30, 6.475111473039824e-35, -3.1099712627626907e-24, -8.641825653017663e-25, 2.8273140914694267e-30, -3.030171744008359e-22, -1.1857178559129764e-26, 1.682710164492082e-38, 6.992341594529783e-31, -2.060232328258968e-22, -1.0982306779785754e-23, -8.45032867157383e-27, 6.73244854183151e-33, 2.044450165719929e-31, -5.424696680839818e-27, 2.3081493348897584e-46, 5.113665493840415e-41, -7.255010687403923e-23, -7.56981453757745e-26, -1.40989597298078e-22, -1.9346556280147903e-24], "total_energy_defect_over_initial_heat_capacity": 1.3158929275404173e-14, "relative_total_baryon_defect": -4.2051658716179057e-20, "maximum_local_rest_characteristic_speed_over_c": 0.4729002079615547, "maximum_characteristic_imaginary_part": 0.0, "sampled_cone_inside_light_cone": true}
NATIVE COMPOSITION RESPONSES 9454
CONSERVATIVE NATIVE STAGE 4 122 0 19221849674609.543
CONSERVATIVE NATIVE STAGE 4 122 1 1225586496.1349154
CONSERVATIVE NATIVE STAGE 4 122 2 554945921.1575354
CONSERVATIVE NATIVE STAGE 4 122 3 179322887.4475258
CONSERVATIVE NATIVE STAGE 4 122 4 21247389.376166224
CONSERVATIVE NATIVE STAGE 4 122 5 8597.291327333965
CONSERVATIVE NATIVE STAGE 4 122 6 5967.340540382779
CONSERVATIVE NATIVE STAGE 4 122 7 65.47328215016806
CONSERVATIVE NATIVE STAGE 4 122 8 0.8500989244250258
CONSERVATIVE TWO CARRIER STEP 4 {"classification": "Counterexample candidate", "step": 122, "time_seconds": 0.32235638196987043, "elapsed_seconds": 19073.461839874, "maximum_changes": [0.0048662128446565495, 0.5957437756859569, 3.295545251463036e-06, 1.7884242315349922e-10, 1.788424230296934e-10], "maximum_local_energy_defect": 4.451784681387971e-09, "maximum_local_baryon_defect": 1.7960583311408534e-14, "maximum_isotope_inventory_defect": 2.1295715712086893e-20, "isotope_inventory_defects": [-1.6577303903148927e-20, -7.72609176847673e-38, -8.352032432306921e-25, -2.1295715712086893e-20, -5.208229125023426e-35, -1.045547742934607e-28, -2.2378223168576563e-34, -2.3920640410846685e-24, -6.619815284895018e-25, 3.3637417294590786e-30, -2.52784995973935e-22, -1.0040519729590904e-26, 1.544021256557001e-38, 7.439452131557998e-31, -2.2007559748996483e-22, -1.2544979890955757e-23, -8.992682096680625e-27, 3.7981363007865694e-33, 1.020058904593219e-31, -5.954198496814508e-27, 9.199012047556231e-47, 1.7626354542615854e-41, -6.631170995799802e-23, -3.669147409079609e-26, -1.3087989768920642e-22, -1.790758987247476e-24], "total_energy_defect_over_initial_heat_capacity": 1.560268745275873e-14, "relative_total_baryon_defect": -3.856160469633045e-20, "maximum_local_rest_characteristic_speed_over_c": 0.47288272049793567, "maximum_characteristic_imaginary_part": 0.0, "sampled_cone_inside_light_cone": true}
NATIVE COMPOSITION RESPONSES 9454
CONSERVATIVE NATIVE STAGE 4 123 0 19483314786683.164
CONSERVATIVE NATIVE STAGE 4 123 1 1154051767.6398213
CONSERVATIVE NATIVE STAGE 4 123 2 567319048.8548894
CONSERVATIVE NATIVE STAGE 4 123 3 153085511.25582343
CONSERVATIVE NATIVE STAGE 4 123 4 20994375.919367693
CONSERVATIVE NATIVE STAGE 4 123 5 32193.236794887373
CONSERVATIVE NATIVE STAGE 4 123 6 1347.2714583969494
CONSERVATIVE NATIVE STAGE 4 123 7 11.563250958235088
CONSERVATIVE NATIVE STAGE 4 123 8 0.4062807698396051
CONSERVATIVE TWO CARRIER STEP 4 {"classification": "Counterexample candidate", "step": 123, "time_seconds": 0.3256467820410142, "elapsed_seconds": 19386.211635084, "maximum_changes": [0.004982387354587593, 0.5976401837968689, 3.344672391745816e-06, 1.788403477043146e-10, 1.7884034758050943e-10], "maximum_local_energy_defect": 4.3717422129205785e-09, "maximum_local_baryon_defect": 1.763763789383092e-14, "maximum_isotope_inventory_defect": 2.2044770996614646e-20, "isotope_inventory_defects": [-1.5940107957483177e-20, -7.3786806859124e-38, -8.272124206152137e-25, -2.2044770996614646e-20, -4.7924231222907443e-35, -6.122595765020917e-29, -1.0256454832613042e-34, -2.5367235351577856e-24, -7.032261770369083e-25, 3.32109282320015e-30, -2.605940002239151e-22, -1.0319680715157212e-26, 1.6399583412710773e-38, 7.68599226542268e-31, -2.1159678186976533e-22, -1.1783237021200691e-23, -8.651665673196632e-27, 5.156999097508037e-33, 1.4755442884916747e-31, -5.692985764319626e-27, 1.5242206385622002e-46, 3.204139547228054e-41, -6.653493616724466e-23, -4.634904750202988e-26, -1.3072418642542368e-22, -1.7903025807735843e-24], "total_energy_defect_over_initial_heat_capacity": 1.5348409387929044e-14, "relative_total_baryon_defect": -3.867229506138573e-20, "maximum_local_rest_characteristic_speed_over_c": 0.47285719033603796, "maximum_characteristic_imaginary_part": 0.0, "sampled_cone_inside_light_cone": true}
NATIVE COMPOSITION RESPONSES 9454
CONSERVATIVE NATIVE STAGE 4 124 0 19745474126115.84
CONSERVATIVE NATIVE STAGE 4 124 1 1184812290.4485936
CONSERVATIVE NATIVE STAGE 4 124 2 578682592.6277153
CONSERVATIVE NATIVE STAGE 4 124 3 130963048.69337144
CONSERVATIVE NATIVE STAGE 4 124 4 19779024.31785958
CONSERVATIVE NATIVE STAGE 4 124 5 43710.316039249155
CONSERVATIVE NATIVE STAGE 4 124 6 3698.2604406951923
CONSERVATIVE NATIVE STAGE 4 124 7 31.326084729684094
CONSERVATIVE NATIVE STAGE 4 124 8 0.8656167294114411
CONSERVATIVE TWO CARRIER STEP 4 {"classification": "Counterexample candidate", "step": 124, "time_seconds": 0.32893718211215806, "elapsed_seconds": 19706.73129093, "maximum_changes": [0.005100100078266813, 0.5995181898888214, 3.393987943092452e-06, 1.788382994501518e-10, 1.7883829932634734e-10], "maximum_local_energy_defect": 3.7679834786386115e-09, "maximum_local_baryon_defect": 1.520175711658384e-14, "maximum_isotope_inventory_defect": 2.737997752871901e-20, "isotope_inventory_defects": [-1.2944085626482111e-20, -5.74336864315355e-38, -7.874010371562023e-25, -2.737997752871901e-20, -2.7235936955295487e-35, 1.5447518148264103e-28, 5.008576552353981e-34, -3.466359632834203e-24, -9.668909591489842e-25, 2.8597808362829256e-30, -3.172203775857997e-22, -1.2353681846726305e-26, 2.0641947773078958e-38, 8.321741998937993e-31, -1.7287429207328206e-22, -8.134297364595455e-24, -7.108306324703124e-27, 1.1743188437574151e-32, 3.7047284035007545e-31, -4.4455465846306355e-27, 4.5003883303845826e-46, 1.0320722535885185e-40, -7.085263370575774e-23, -1.0339103728670646e-25, -1.35839450970551e-22, -1.8694908411186803e-24], "total_energy_defect_over_initial_heat_capacity": 1.331576622310316e-14, "relative_total_baryon_defect": -4.1036414852548244e-20, "maximum_local_rest_characteristic_speed_over_c": 0.472823964398546, "maximum_characteristic_imaginary_part": 0.0, "sampled_cone_inside_light_cone": true}
NATIVE COMPOSITION RESPONSES 9454
CONSERVATIVE NATIVE STAGE 4 125 0 20008317429797.438
CONSERVATIVE NATIVE STAGE 4 125 1 1216052776.980386
CONSERVATIVE NATIVE STAGE 4 125 2 588748366.8591549
CONSERVATIVE NATIVE STAGE 4 125 3 113522207.58247997
CONSERVATIVE NATIVE STAGE 4 125 4 16629892.975917669
CONSERVATIVE NATIVE STAGE 4 125 5 33228.915216553345
CONSERVATIVE NATIVE STAGE 4 125 6 3103.7740095690265
CONSERVATIVE NATIVE STAGE 4 125 7 16.913266124320817
CONSERVATIVE NATIVE STAGE 4 125 8 0.48675146608207803
CONSERVATIVE TWO CARRIER STEP 4 {"classification": "Counterexample candidate", "step": 125, "time_seconds": 0.33222758218330184, "elapsed_seconds": 20064.105298056, "maximum_changes": [0.005219354471889335, 0.6013781246779686, 3.443489972075748e-06, 1.7883627627750562e-10, 1.7883627615370184e-10], "maximum_local_energy_defect": 3.242229620049011e-09, "maximum_local_baryon_defect": 1.3080566995545411e-14, "maximum_isotope_inventory_defect": 3.147169192851222e-20, "isotope_inventory_defects": [-1.0677130462070573e-20, -4.5035413636742393e-38, -7.572516784188111e-25, -3.147169192851222e-20, -1.1595703733217885e-35, 3.174679714957287e-28, 9.567734328469106e-34, -4.17601639040862e-24, -1.1681070307683147e-24, 2.5096769285067835e-30, -3.606160560578096e-22, -1.3909255894315223e-26, 2.3850603469797596e-38, 8.797994225321351e-31, -1.4376895000479522e-22, -5.385310461261963e-24, -5.9520520884960576e-27, 1.6711729492398296e-32, 5.382082521118926e-31, -3.506006639619788e-27, 6.745919932274897e-46, 1.5679119150757912e-40, -7.42267749181739e-23, -1.4676479131735311e-25, -1.3991232856069793e-22, -1.932180877649179e-24], "total_energy_defect_over_initial_heat_capacity": 1.180466640060759e-14, "relative_total_baryon_defect": -4.2881158069670685e-20, "maximum_local_rest_characteristic_speed_over_c": 0.47278338947892945, "maximum_characteristic_imaginary_part": 0.0, "sampled_cone_inside_light_cone": true}
NATIVE COMPOSITION RESPONSES 9454
CONSERVATIVE NATIVE STAGE 4 126 0 20271834543747.89
CONSERVATIVE NATIVE STAGE 4 126 1 1247774865.9656963
CONSERVATIVE NATIVE STAGE 4 126 2 597496093.1370163
CONSERVATIVE NATIVE STAGE 4 126 3 100627866.79879877
CONSERVATIVE NATIVE STAGE 4 126 4 12780053.819183435
CONSERVATIVE NATIVE STAGE 4 126 5 6415.569347582847
CONSERVATIVE NATIVE STAGE 4 126 6 350.91890561171874
CONSERVATIVE NATIVE STAGE 4 126 7 0.15202498908196518
CONSERVATIVE TWO CARRIER STEP 4 {"classification": "Counterexample candidate", "step": 126, "time_seconds": 0.3355179822544457, "elapsed_seconds": 20376.519798396, "maximum_changes": [0.005340153923188756, 0.6032203097007683, 3.493176570452871e-06, 1.7883427618612042e-10, 1.7883427606231728e-10], "maximum_local_energy_defect": 3.168328394423963e-09, "maximum_local_baryon_defect": 1.2782409200726932e-14, "maximum_isotope_inventory_defect": 3.184043807203554e-20, "isotope_inventory_defects": [-1.0264072165223218e-20, -4.282884809231247e-38, -7.5245703351904325e-25, -3.184043807203554e-20, -9.055846954668333e-36, 3.4407762693257195e-28, 1.0313066818643763e-33, -4.252521250760756e-24, -1.1900797887789444e-24, 2.5118661516267467e-30, -3.643710417443704e-22, -1.4048252518903938e-26, 2.4557137579779705e-38, 9.017685172399265e-31, -1.3827795795523836e-22, -4.904023448746085e-24, -5.726466799003521e-27, 1.7578851856095117e-32, 5.676155139349111e-31, -3.340482769480238e-27, 7.129513555380961e-46, 1.6603183860405958e-40, -7.416498005761324e-23, -1.5220914414997382e-25, -1.394471348472999e-22, -1.9267979889862578e-24], "total_energy_defect_over_initial_heat_capacity": 1.1931759384334339e-14, "relative_total_baryon_defect": -4.283434336672829e-20, "maximum_local_rest_characteristic_speed_over_c": 0.4727358121895772, "maximum_characteristic_imaginary_part": 0.0, "sampled_cone_inside_light_cone": true}
NATIVE COMPOSITION RESPONSES 9454
CONSERVATIVE NATIVE STAGE 4 127 0 20536015420335.008
CONSERVATIVE NATIVE STAGE 4 127 1 1279980103.3294904
CONSERVATIVE NATIVE STAGE 4 127 2 605403774.0420762
CONSERVATIVE NATIVE STAGE 4 127 3 91668101.53683488
CONSERVATIVE NATIVE STAGE 4 127 4 12939211.462509489
CONSERVATIVE NATIVE STAGE 4 127 5 1199.4583715828871
CONSERVATIVE NATIVE STAGE 4 127 6 855.6699348725948
CONSERVATIVE NATIVE STAGE 4 127 7 0.9527510636521136
CONSERVATIVE TWO CARRIER STEP 4 {"classification": "Counterexample candidate", "step": 127, "time_seconds": 0.33880838232558946, "elapsed_seconds": 20700.132828233, "maximum_changes": [0.005462501752038568, 0.6050450576389467, 3.5430458545272915e-06, 1.7883229723028263e-10, 1.7883229710648014e-10], "maximum_local_energy_defect": 3.778861992722222e-09, "maximum_local_baryon_defect": 1.5245621772118722e-14, "maximum_isotope_inventory_defect": 3.0321063126471227e-20, "isotope_inventory_defects": [-1.0069096571032334e-20, -4.1973309208716807e-38, -7.520664246995216e-25, -3.0321063126471227e-20, -8.609048250383594e-36, 3.492797831557949e-28, 1.0464236769288394e-33, -4.0642252655674894e-24, -1.1381777735764395e-24, 2.7146396419108197e-30, -3.4793192759960892e-22, -1.348386766330921e-26, 2.513729564268162e-38, 9.547348634025919e-31, -1.33509705221755e-22, -4.641670493238335e-24, -5.4909961910913466e-27, 1.7957130538352945e-32, 5.826271602859901e-31, -3.246013735247237e-27, 7.263942258422477e-46, 1.700665113265124e-40, -7.102622668312465e-23, -1.4488415093291273e-25, -1.3358927622584063e-22, -1.8460975414201272e-24], "total_energy_defect_over_initial_heat_capacity": 1.3302196948037631e-14, "relative_total_baryon_defect": -4.108942759815811e-20, "maximum_local_rest_characteristic_speed_over_c": 0.47268157870987654, "maximum_characteristic_imaginary_part": 0.0, "sampled_cone_inside_light_cone": true}
NATIVE COMPOSITION RESPONSES 9454
CONSERVATIVE NATIVE STAGE 4 128 0 20800850115590.598
CONSERVATIVE NATIVE STAGE 4 128 1 4294447254.8132167
CONSERVATIVE NATIVE STAGE 4 128 2 2954002902.331841
CONSERVATIVE NATIVE STAGE 4 128 3 85497076.84145074
CONSERVATIVE NATIVE STAGE 4 128 4 13368729.368929725
CONSERVATIVE NATIVE STAGE 4 128 5 3068.5073773235727
CONSERVATIVE NATIVE STAGE 4 128 6 824.0737428225881
CONSERVATIVE NATIVE STAGE 4 128 7 0.2262489727379706
CONSERVATIVE TWO CARRIER STEP 4 {"classification": "Counterexample candidate", "step": 128, "time_seconds": 0.3420987823967333, "elapsed_seconds": 20992.20602827, "maximum_changes": [0.005586401211039785, 0.6068526726638629, 3.5930959645078726e-06, 1.7883035817360857e-10, 1.7883035804980672e-10], "maximum_local_energy_defect": 4.133205791387773e-09, "maximum_local_baryon_defect": 1.667522999149731e-14, "maximum_isotope_inventory_defect": 2.9476430105803237e-20, "isotope_inventory_defects": [-9.999176017110171e-21, -4.169911105427547e-38, -7.522523053525955e-25, -2.9476430105803237e-20, -8.570244502983397e-36, 3.499778014794728e-28, 1.0487409929882065e-33, -3.9573348248166124e-24, -1.1086778056216057e-24, 2.822342439035758e-30, -3.3883047005304536e-22, -1.317332345389434e-26, 2.53988745823573e-38, 9.812406086267225e-31, -1.313541678661463e-22, -4.536406875263197e-24, -5.379195557488322e-27, 1.8097186650456346e-32, 5.888596677514437e-31, -3.2074020899796386e-27, 7.308916554920808e-46, 1.7165200957337013e-40, -6.934691349001896e-23, -1.405559782853701e-25, -1.3048110272796704e-22, -1.8032014150877424e-24], "total_energy_defect_over_initial_heat_capacity": 1.4108997348473108e-14, "relative_total_baryon_defect": -4.0158530226812026e-20, "maximum_local_rest_characteristic_speed_over_c": 0.472621035336692, "maximum_characteristic_imaginary_part": 0.0, "sampled_cone_inside_light_cone": true}
NATIVE COMPOSITION RESPONSES 9454
CONSERVATIVE NATIVE STAGE 4 129 0 21066328786787.785
CONSERVATIVE NATIVE STAGE 4 129 1 1345846099.5359316
CONSERVATIVE NATIVE STAGE 4 129 2 622158095.6101673
CONSERVATIVE NATIVE STAGE 4 129 3 80781921.66592917
CONSERVATIVE NATIVE STAGE 4 129 4 13711727.923417566
CONSERVATIVE NATIVE STAGE 4 129 5 11510.604307300817
CONSERVATIVE NATIVE STAGE 4 129 6 985.8428601787947
CONSERVATIVE NATIVE STAGE 4 129 7 0.4872774876909772
CONSERVATIVE TWO CARRIER STEP 4 {"classification": "Counterexample candidate", "step": 129, "time_seconds": 0.3453891824678771, "elapsed_seconds": 21279.920352251, "maximum_changes": [0.005711855486094941, 0.6086434506644673, 3.6433250639078612e-06, 1.788284876085011e-10, 1.7882848748469985e-10], "maximum_local_energy_defect": 3.926468725298628e-09, "maximum_local_baryon_defect": 1.5841127501298813e-14, "maximum_isotope_inventory_defect": 2.9958558619265466e-20, "isotope_inventory_defects": [-9.991695777574979e-21, -4.161313977139948e-38, -7.5157818731099085e-25, -2.9958558619265466e-20, -8.299624479284803e-36, 3.5270088928152744e-28, 1.056078718621947e-33, -4.02168684499608e-24, -1.1264706010970734e-24, 2.7611479405537444e-30, -3.439858902200397e-22, -1.3345390372442265e-26, 2.5299241257497003e-38, 9.686085530298561e-31, -1.3193981659749653e-22, -4.541918748388075e-24, -5.420233764182569e-27, 1.8107301534911204e-32, 5.878708950128614e-31, -3.21122760774392e-27, 7.321285370724307e-46, 1.7156699808562244e-40, -7.022290702654715e-23, -1.4337280837252487e-25, -1.320675591727799e-22, -1.8251945336078832e-24], "total_energy_defect_over_initial_heat_capacity": 1.3771041665874438e-14, "relative_total_baryon_defect": -4.0641242401880785e-20, "maximum_local_rest_characteristic_speed_over_c": 0.4725545277656823, "maximum_characteristic_imaginary_part": 0.0, "sampled_cone_inside_light_cone": true}
NATIVE COMPOSITION RESPONSES 9454
CONSERVATIVE NATIVE STAGE 4 130 0 21332441689984.52
CONSERVATIVE NATIVE STAGE 4 130 1 1379509734.539315
CONSERVATIVE NATIVE STAGE 4 130 2 631779667.2945536
CONSERVATIVE NATIVE STAGE 4 130 3 76085181.08666848
CONSERVATIVE NATIVE STAGE 4 130 4 13670549.82194758
CONSERVATIVE NATIVE STAGE 4 130 5 10034.977235112246
CONSERVATIVE NATIVE STAGE 4 130 6 1116.2507768950188
CONSERVATIVE NATIVE STAGE 4 130 7 0.8122857207347548
CONSERVATIVE TWO CARRIER STEP 4 {"classification": "Counterexample candidate", "step": 130, "time_seconds": 0.3486795825390209, "elapsed_seconds": 21573.582869299, "maximum_changes": [0.005838867696967233, 0.6104176794811709, 3.693731339010991e-06, 1.7882666950040346e-10, 1.788266693766028e-10], "maximum_local_energy_defect": 3.3160326039511694e-09, "maximum_local_baryon_defect": 1.3378269778893198e-14, "maximum_isotope_inventory_defect": 3.139239520707204e-20, "isotope_inventory_defects": [-1.0019313570243308e-20, -4.165405053578527e-38, -7.501815656931156e-25, -3.139239520707204e-20, -7.791811718102463e-36, 3.577686935040319e-28, 1.0695533338492818e-33, -4.209781160947508e-24, -1.1784467256488524e-24, 2.5751925817475866e-30, -3.593578395443093e-22, -1.3861480833004937e-26, 2.4931570186391046e-38, 9.277271660157768e-31, -1.343814321274113e-22, -4.6155899222369716e-24, -5.569205612700598e-27, 1.8041833764013047e-32, 5.821545839237346e-31, -3.242329343692805e-27, 7.318633591084156e-46, 1.7044705332710058e-40, -7.291661783203513e-23, -1.5137216165998104e-25, -1.3698758190043506e-22, -1.8932712521178476e-24], "total_energy_defect_over_initial_heat_capacity": 1.2444820610645651e-14, "relative_total_baryon_defect": -4.212837292454761e-20, "maximum_local_rest_characteristic_speed_over_c": 0.47248239870453906, "maximum_characteristic_imaginary_part": 0.0, "sampled_cone_inside_light_cone": true}
NATIVE COMPOSITION RESPONSES 9454
CONSERVATIVE NATIVE STAGE 4 131 0 21599179177273.36
CONSERVATIVE NATIVE STAGE 4 131 1 1413662340.631331
CONSERVATIVE NATIVE STAGE 4 131 2 641240126.6901065
CONSERVATIVE NATIVE STAGE 4 131 3 69982331.58747436
CONSERVATIVE NATIVE STAGE 4 131 4 12997817.06532265
CONSERVATIVE NATIVE STAGE 4 131 5 8529.205650882062
CONSERVATIVE NATIVE STAGE 4 131 6 1136.854275894937
CONSERVATIVE NATIVE STAGE 4 131 7 1.0658217245558965
CONSERVATIVE NATIVE STAGE 4 131 8 0.11288531718005611
CONSERVATIVE TWO CARRIER STEP 4 {"classification": "Counterexample candidate", "step": 131, "time_seconds": 0.3519699826101647, "elapsed_seconds": 21885.747938984, "maximum_changes": [0.005967440897826357, 0.6121756393335395, 3.744312998317289e-06, 1.78824877236758e-10, 1.7882487711295792e-10], "maximum_local_energy_defect": 3.0372971401734026e-09, "maximum_local_baryon_defect": 1.2253675290980467e-14, "maximum_isotope_inventory_defect": 3.204455396450506e-20, "isotope_inventory_defects": [-1.0032974694505363e-20, -4.1686708104743295e-38, -7.495704660702677e-25, -3.204455396450506e-20, -7.569059840706005e-36, 3.6000988971906814e-28, 1.0755303007614508e-33, -4.2952111431573054e-24, -1.2020554241869622e-24, 2.49013635083569e-30, -3.6634943857228854e-22, -1.4096165581168208e-26, 2.4760652025697356e-38, 9.090002995110263e-31, -1.355172185193528e-22, -4.651041245177046e-24, -5.638202616645088e-27, 1.8009673668775107e-32, 5.79417648255886e-31, -3.257147879749704e-27, 7.316402171011433e-46, 1.6990377796768528e-40, -7.414471858049211e-23, -1.549945797027385e-25, -1.39232142320508e-22, -1.9243214485985526e-24], "total_energy_defect_over_initial_heat_capacity": 1.1996612682149252e-14, "relative_total_baryon_defect": -4.280624843399315e-20, "maximum_local_rest_characteristic_speed_over_c": 0.47240498896312655, "maximum_characteristic_imaginary_part": 0.0, "sampled_cone_inside_light_cone": true}
NATIVE COMPOSITION RESPONSES 9454
CONSERVATIVE NATIVE STAGE 4 132 0 21866531694461.395
CONSERVATIVE NATIVE STAGE 4 132 1 1448305223.5807183
CONSERVATIVE NATIVE STAGE 4 132 2 648625581.5353364
CONSERVATIVE NATIVE STAGE 4 132 3 61197606.967732035
CONSERVATIVE NATIVE STAGE 4 132 4 11366337.11625278
CONSERVATIVE NATIVE STAGE 4 132 5 5996.703702855889
CONSERVATIVE NATIVE STAGE 4 132 6 871.5341306950075
CONSERVATIVE NATIVE STAGE 4 132 7 0.06687309421896909
CONSERVATIVE TWO CARRIER STEP 4 {"classification": "Counterexample candidate", "step": 132, "time_seconds": 0.35526038268130855, "elapsed_seconds": 22184.688450234, "maximum_changes": [0.006097578077782305, 0.6139176030043376, 3.7950682719860176e-06, 1.7882310021614184e-10, 1.7882310009234237e-10], "maximum_local_energy_defect": 2.988967397966116e-09, "maximum_local_baryon_defect": 1.2058667226690133e-14, "maximum_isotope_inventory_defect": 3.211976036907749e-20, "isotope_inventory_defects": [-1.0030739431863062e-20, -4.166205687856375e-38, -7.495103602383967e-25, -3.211976036907749e-20, -7.548222601144665e-36, 3.6018964459484526e-28, 1.0760326712447298e-33, -4.304737822319983e-24, -1.2046968990611685e-24, 2.485624172866843e-30, -3.6713714244252613e-22, -1.4123645082102762e-26, 2.476787549420826e-38, 9.080101288691061e-31, -1.356364980728157e-22, -4.65499589166279e-24, -5.644831171960155e-27, 1.8010486883535623e-32, 5.79489408689326e-31, -3.258531207949809e-27, 7.317905991400824e-46, 1.6994913997416658e-40, -7.428137460978014e-23, -1.554047829470872e-25, -1.3948141858167937e-22, -1.9277725961851633e-24], "total_energy_defect_over_initial_heat_capacity": 1.188153814437496e-14, "relative_total_baryon_defect": -4.288047951828131e-20, "maximum_local_rest_characteristic_speed_over_c": 0.47232263819876197, "maximum_characteristic_imaginary_part": 0.0, "sampled_cone_inside_light_cone": true}
NATIVE COMPOSITION RESPONSES 9454
CONSERVATIVE NATIVE STAGE 4 133 0 22134489778936.88
CONSERVATIVE NATIVE STAGE 4 133 1 1483439680.673125
CONSERVATIVE NATIVE STAGE 4 133 2 651045797.204783
CONSERVATIVE NATIVE STAGE 4 133 3 48761798.707663834
CONSERVATIVE NATIVE STAGE 4 133 4 9373457.270966811
CONSERVATIVE NATIVE STAGE 4 133 5 6007.598655295804
CONSERVATIVE NATIVE STAGE 4 133 6 774.6045280216729
CONSERVATIVE NATIVE STAGE 4 133 7 1.3055185317744744
CONSERVATIVE NATIVE STAGE 4 133 8 0.13234534142271104
CONSERVATIVE TWO CARRIER STEP 4 {"classification": "Counterexample candidate", "step": 133, "time_seconds": 0.35855078275245233, "elapsed_seconds": 22561.707226318, "maximum_changes": [0.006229282161407253, 0.6156438359718853, 3.8459954113009335e-06, 1.788213356440661e-10, 1.788213355202672e-10], "maximum_local_energy_defect": 3.061087730316873e-09, "maximum_local_baryon_defect": 1.2349626956824234e-14, "maximum_isotope_inventory_defect": 3.1902651254933726e-20, "isotope_inventory_defects": [-1.0020227561410273e-20, -4.1602542504161576e-38, -7.497298984268057e-25, -3.1902651254933726e-20, -7.630200069797394e-36, 3.5930991260223715e-28, 1.0736926435529312e-33, -4.275901529669161e-24, -1.196757271623373e-24, 2.5226622912129338e-30, -3.64792212800539e-22, -1.4046961058323245e-26, 2.487317981616554e-38, 9.161429233691785e-31, -1.3521416037968735e-22, -4.6414025852762815e-24, -5.617551092714134e-27, 1.803099233411933e-32, 5.814868578924187e-31, -3.252440690684345e-27, 7.322683170053393e-46, 1.704240439569253e-40, -7.386328455046026e-23, -1.5420729903023824e-25, -1.3871532560766834e-22, -1.917179742933603e-24], "total_energy_defect_over_initial_heat_capacity": 1.211737711094625e-14, "relative_total_baryon_defect": -4.264872783812166e-20, "maximum_local_rest_characteristic_speed_over_c": 0.4722356843033377, "maximum_characteristic_imaginary_part": 0.0, "sampled_cone_inside_light_cone": true}
NATIVE COMPOSITION RESPONSES 9454
CONSERVATIVE NATIVE STAGE 4 134 0 22403044057499.566
CONSERVATIVE NATIVE STAGE 4 134 1 1519066906.6687224
CONSERVATIVE NATIVE STAGE 4 134 2 644487749.3275976
CONSERVATIVE NATIVE STAGE 4 134 3 32168652.302702542
CONSERVATIVE NATIVE STAGE 4 134 4 6460861.371347613
CONSERVATIVE NATIVE STAGE 4 134 5 3907.5366308311204
CONSERVATIVE NATIVE STAGE 4 134 6 294.8771103564084
CONSERVATIVE NATIVE STAGE 4 134 7 0.7652364077585502
CONSERVATIVE TWO CARRIER STEP 4 {"classification": "Counterexample candidate", "step": 134, "time_seconds": 0.3618411828235962, "elapsed_seconds": 22885.931444746002, "maximum_changes": [0.006362556009245563, 0.6173545965272982, 3.897092688144108e-06, 1.7881958109142537e-10, 1.7881958096762707e-10], "maximum_local_energy_defect": 2.574970311633895e-09, "maximum_local_baryon_defect": 1.0388331879358698e-14, "maximum_isotope_inventory_defect": 3.368682970996499e-20, "isotope_inventory_defects": [-1.010950284503586e-20, -4.2067510945861146e-38, -7.475024979869434e-25, -3.368682970996499e-20, -6.813535669052663e-36, 3.679713805111704e-28, 1.0965404193293167e-33, -4.5147224084556096e-24, -1.2624700709016703e-24, 2.189343903420864e-30, -3.841062849151324e-22, -1.4664833630311922e-26, 2.383641196670073e-38, 8.436550900498987e-31, -1.386336430149773e-22, -4.741658155153037e-24, -5.8489560563588815e-27, 1.78498704356854e-32, 5.622303026356447e-31, -3.299964201298143e-27, 7.276642105880084e-46, 1.6580566455393516e-40, -7.729950147781408e-23, -1.641350044073249e-25, -1.4500817014165303e-22, -2.004180796368723e-24], "total_energy_defect_over_initial_heat_capacity": 1.0634348237302234e-14, "relative_total_baryon_defect": -4.4555275415865626e-20, "maximum_local_rest_characteristic_speed_over_c": 0.4721444628355473, "maximum_characteristic_imaginary_part": 0.0, "sampled_cone_inside_light_cone": true}
NATIVE COMPOSITION RESPONSES 9454
CONSERVATIVE NATIVE STAGE 4 135 0 22672185244190.668
CONSERVATIVE NATIVE STAGE 4 135 1 1555188172.6237478
CONSERVATIVE NATIVE STAGE 4 135 2 625665149.7621571
CONSERVATIVE NATIVE STAGE 4 135 3 20389822.959414322
CONSERVATIVE NATIVE STAGE 4 135 4 5257467.089414386
CONSERVATIVE NATIVE STAGE 4 135 5 18438.2663531045
CONSERVATIVE NATIVE STAGE 4 135 6 341.98864961621325
CONSERVATIVE NATIVE STAGE 4 135 7 19.16456577601203
CONSERVATIVE NATIVE STAGE 4 135 8 0.025609089357088975
CONSERVATIVE TWO CARRIER STEP 4 {"classification": "Counterexample candidate", "step": 135, "time_seconds": 0.36513158289473996, "elapsed_seconds": 23264.540548769, "maximum_changes": [0.00649740241831225, 0.6190501359957111, 3.948358394480896e-06, 1.7881783401852097e-10, 1.7881783389472324e-10], "maximum_local_energy_defect": 2.408228354564047e-09, "maximum_local_baryon_defect": 9.715583135396023e-15, "maximum_isotope_inventory_defect": 3.419303435761644e-20, "isotope_inventory_defects": [-1.014402059903501e-20, -4.225009873902666e-38, -7.468826159334204e-25, -3.419303435761644e-20, -6.587897255916533e-36, 3.703728532646274e-28, 1.1028454818842101e-33, -4.582101851133317e-24, -1.2810179594759354e-24, 2.0856725305312218e-30, -3.89567832815668e-22, -1.4840004751816704e-26, 2.3509083877641592e-38, 8.208712998763664e-31, -1.3982467008735963e-22, -4.782960569602807e-24, -5.92730070323807e-27, 1.778337179497966e-32, 5.565356138217929e-31, -3.3194279843238194e-27, 7.260523258456715e-46, 1.6447748198562339e-40, -7.830041946843607e-23, -1.6685309395152289e-25, -1.4685224114283504e-22, -2.029612726152214e-24], "total_energy_defect_over_initial_heat_capacity": 1.0217250994352187e-14, "relative_total_baryon_defect": -4.5105947918694326e-20, "maximum_local_rest_characteristic_speed_over_c": 0.4720493067200066, "maximum_characteristic_imaginary_part": 0.0, "sampled_cone_inside_light_cone": true}
NATIVE COMPOSITION RESPONSES 9454
CONSERVATIVE NATIVE STAGE 4 136 0 22941904138195.258
CONSERVATIVE NATIVE STAGE 4 136 1 1591804524.6135252
CONSERVATIVE NATIVE STAGE 4 136 2 615882444.5040617
CONSERVATIVE NATIVE STAGE 4 136 3 92589939.41093953
CONSERVATIVE NATIVE STAGE 4 136 4 26783285.921754938
CONSERVATIVE NATIVE STAGE 4 136 5 23553.540066274738
CONSERVATIVE NATIVE STAGE 4 136 6 793.4719830946916
CONSERVATIVE NATIVE STAGE 4 136 7 89.35653382612152
CONSERVATIVE NATIVE STAGE 4 136 8 0.21574730469759942
CONSERVATIVE TWO CARRIER STEP 4 {"classification": "Counterexample candidate", "step": 136, "time_seconds": 0.3684219829658838, "elapsed_seconds": 23661.616340577, "maximum_changes": [0.0066338241225805585, 0.6207306991945469, 3.999790841876615e-06, 1.788160923027366e-10, 1.7881609217893943e-10], "maximum_local_energy_defect": 2.4964792508300193e-09, "maximum_local_baryon_defect": 1.0071637779739693e-14, "maximum_isotope_inventory_defect": 3.4589819505671983e-20, "isotope_inventory_defects": [-1.0068887669950605e-20, -4.183786299003078e-38, -7.464100600402843e-25, -3.4589819505671983e-20, -6.408033436575881e-36, 3.722346408562341e-28, 1.107715443756282e-33, -4.6390053900221324e-24, -1.2968238846749094e-24, 2.1118550897133723e-30, -3.9410470226222733e-22, -1.4987099758652264e-26, 2.370137360113686e-38, 8.2874432499718e-31, -1.3818154410592242e-22, -4.671640601943974e-24, -5.835178479959477e-27, 1.7918211751432344e-32, 5.564102020247787e-31, -3.265251594127086e-27, 7.288322097670811e-46, 1.6410141303867243e-40, -7.878673151626415e-23, -1.7017564572608922e-25, -1.4762243648230875e-22, -2.0409981598679416e-24], "total_energy_defect_over_initial_heat_capacity": 9.942086360934549e-15, "relative_total_baryon_defect": -4.5431898861011387e-20, "maximum_local_rest_characteristic_speed_over_c": 0.4719505459702713, "maximum_characteristic_imaginary_part": 0.0, "sampled_cone_inside_light_cone": true}
NATIVE COMPOSITION RESPONSES 9454
CONSERVATIVE NATIVE STAGE 4 137 0 23212191621877.125
CONSERVATIVE NATIVE STAGE 4 137 1 9852311236.92666
CONSERVATIVE NATIVE STAGE 4 137 2 653304544.2350006
CONSERVATIVE NATIVE STAGE 4 137 3 219605566.050979
CONSERVATIVE NATIVE STAGE 4 137 4 54839344.78188376
CONSERVATIVE NATIVE STAGE 4 137 5 235334.49333826214
CONSERVATIVE NATIVE STAGE 4 137 6 24992.767479933333
CONSERVATIVE NATIVE STAGE 4 137 7 1.0833974038362626
CONSERVATIVE NATIVE STAGE 4 137 8 0.23018789460744235
CONSERVATIVE TWO CARRIER STEP 4 {"classification": "Counterexample candidate", "step": 137, "time_seconds": 0.3717123830370276, "elapsed_seconds": 24025.260382313, "maximum_changes": [0.006771823793457752, 0.6223965247035742, 4.0513883610880655e-06, 1.7881430661949404e-10, 1.7881430649569746e-10], "maximum_local_energy_defect": 2.4117525743079497e-09, "maximum_local_baryon_defect": 9.729806226646843e-15, "maximum_isotope_inventory_defect": 3.458742680864983e-20, "isotope_inventory_defects": [-1.0124637532648564e-20, -4.2141773164949137e-38, -7.463416573812234e-25, -3.458742680864983e-20, -6.385233150841553e-36, 3.725217259715253e-28, 1.1084672694438374e-33, -4.636761242254009e-24, -1.2961208466298632e-24, 2.0492537843204994e-30, -3.939329513460684e-22, -1.4978239015683308e-26, 2.3424910175910212e-38, 8.139753179009128e-31, -1.3958221590307633e-22, -4.7481537263229535e-24, -5.920545300334303e-27, 1.7813190276136838e-32, 5.534980067289663e-31, -3.3027460117151595e-27, 7.264470916086314e-46, 1.6359250266735443e-40, -7.894460428043752e-23, -1.6951945314372076e-25, -1.4798154298768601e-22, -2.0455300419157353e-24], "total_energy_defect_over_initial_heat_capacity": 1.0102145583025652e-14, "relative_total_baryon_defect": -4.548688807120582e-20, "maximum_local_rest_characteristic_speed_over_c": 0.47184850564999653, "maximum_characteristic_imaginary_part": 0.0, "sampled_cone_inside_light_cone": true}
NATIVE COMPOSITION RESPONSES 9454
CONSERVATIVE NATIVE STAGE 4 138 0 23483038658567.6
CONSERVATIVE NATIVE STAGE 4 138 1 1666527021.964455
CONSERVATIVE NATIVE STAGE 4 138 2 721216789.6466211
CONSERVATIVE NATIVE STAGE 4 138 3 334285039.28394735
CONSERVATIVE NATIVE STAGE 4 138 4 69934277.23025224
CONSERVATIVE NATIVE STAGE 4 138 5 527506.8463332129
CONSERVATIVE NATIVE STAGE 4 138 6 94913.66241743778
CONSERVATIVE NATIVE STAGE 4 138 7 3.3469480789086696
CONSERVATIVE NATIVE STAGE 4 138 8 2.36495280050578
CONSERVATIVE NATIVE STAGE 4 138 9 0.16941343933139852
CONSERVATIVE TWO CARRIER STEP 4 {"classification": "Counterexample candidate", "step": 138, "time_seconds": 0.3750027831081714, "elapsed_seconds": 24402.847915209, "maximum_changes": [0.00691140404025287, 0.6240478454785737, 4.103149301595267e-06, 1.7881247123383857e-10, 1.788124711100426e-10], "maximum_local_energy_defect": 2.310756163345006e-09, "maximum_local_baryon_defect": 9.322338653153894e-15, "maximum_isotope_inventory_defect": 3.4507713980618745e-20, "isotope_inventory_defects": [-1.0206007517959634e-20, -4.258211682006789e-38, -7.463231839179749e-25, -3.4507713980618745e-20, -6.381333656591889e-36, 3.725912083365585e-28, 1.1086645312382893e-33, -4.623424351612763e-24, -1.2923139531241875e-24, 1.9674856326604066e-30, -3.9287328884352785e-22, -1.49389914534021e-26, 2.3046848508312403e-38, 7.944311085515777e-31, -1.4151280444253406e-22, -4.857611556286464e-24, -6.0378290631804e-27, 1.7663255189917306e-32, 5.499419406234307e-31, -3.3565753295455964e-27, 7.230475142633086e-46, 1.630202537373196e-40, -7.903625675617031e-23, -1.6813088866534542e-25, -1.4825317252589182e-22, -2.048643535647794e-24], "total_energy_defect_over_initial_heat_capacity": 1.0150301696308143e-14, "relative_total_baryon_defect": -4.548991216637421e-20, "maximum_local_rest_characteristic_speed_over_c": 0.47174350894171463, "maximum_characteristic_imaginary_part": 0.0, "sampled_cone_inside_light_cone": true}
NATIVE COMPOSITION RESPONSES 9454
CONSERVATIVE NATIVE STAGE 4 139 0 23754436291259.65
CONSERVATIVE NATIVE STAGE 4 139 1 2285803659.7318544
CONSERVATIVE NATIVE STAGE 4 139 2 779746853.585547
CONSERVATIVE NATIVE STAGE 4 139 3 446380708.8678441
CONSERVATIVE NATIVE STAGE 4 139 4 82782819.86011289
CONSERVATIVE NATIVE STAGE 4 139 5 796261.550735443
CONSERVATIVE NATIVE STAGE 4 139 6 220293.34600297932
CONSERVATIVE NATIVE STAGE 4 139 7 3.0348616896134475
CONSERVATIVE NATIVE STAGE 4 139 8 1.275570535771255
CONSERVATIVE NATIVE STAGE 4 139 9 1.1796509387961354
CONSERVATIVE NATIVE STAGE 4 139 10 0.004037176964359735
CONSERVATIVE TWO CARRIER STEP 4 {"classification": "Counterexample candidate", "step": 139, "time_seconds": 0.3782931831793152, "elapsed_seconds": 24795.000380869, "maximum_changes": [0.007052567410636714, 0.6256848888906947, 4.155072031179873e-06, 1.788106134670229e-10, 1.788106133432275e-10], "maximum_local_energy_defect": 2.2787057617158592e-09, "maximum_local_baryon_defect": 9.193046800134713e-15, "maximum_isotope_inventory_defect": 3.441201641352781e-20, "isotope_inventory_defects": [-1.0225851213502643e-20, -4.268821835926234e-38, -7.463130576824131e-25, -3.441201641352781e-20, -6.377970785579624e-36, 3.726237951028725e-28, 1.1087533114708884e-33, -4.6098923964390555e-24, -1.288510032741703e-24, 1.950587620166591e-30, -3.917502755530312e-22, -1.4897751707292573e-26, 2.2942602540758593e-38, 7.904001949767258e-31, -1.420319570166847e-22, -4.889149816966912e-24, -6.071919008293066e-27, 1.761997045728158e-32, 5.488592614642772e-31, -3.372919462350636e-27, 7.220235958616144e-46, 1.6284206440155482e-40, -7.893077532263109e-23, -1.6727130809097188e-25, -1.480951955154916e-22, -2.0462331744600837e-24], "total_energy_defect_over_initial_heat_capacity": 1.025765732274055e-14, "relative_total_baryon_defect": -4.541300711542739e-20, "maximum_local_rest_characteristic_speed_over_c": 0.47163587642651467, "maximum_characteristic_imaginary_part": 0.0, "sampled_cone_inside_light_cone": true}
NATIVE COMPOSITION RESPONSES 9454
CONSERVATIVE NATIVE STAGE 4 140 0 24026375641142.375
CONSERVATIVE NATIVE STAGE 4 140 1 3050299567.673724
CONSERVATIVE NATIVE STAGE 4 140 2 821824001.9970527
CONSERVATIVE NATIVE STAGE 4 140 3 548261619.5608361
CONSERVATIVE NATIVE STAGE 4 140 4 96130323.06773376
CONSERVATIVE NATIVE STAGE 4 140 5 1425429.0749473663
CONSERVATIVE NATIVE STAGE 4 140 6 407965.66609635274
CONSERVATIVE NATIVE STAGE 4 140 7 20.647844232123973
CONSERVATIVE NATIVE STAGE 4 140 8 0.20555083542338995
CONSERVATIVE TWO CARRIER STEP 4 {"classification": "Counterexample candidate", "step": 140, "time_seconds": 0.38158358325045905, "elapsed_seconds": 25131.912250003, "maximum_changes": [0.007195316391093188, 0.6273078768757339, 4.207154935557179e-06, 1.788087474373281e-10, 1.7880874731353325e-10], "maximum_local_energy_defect": 2.405056196901787e-09, "maximum_local_baryon_defect": 9.702835065415159e-15, "maximum_isotope_inventory_defect": 3.475747457507185e-20, "isotope_inventory_defects": [-1.0208253780234275e-20, -4.2537930310455335e-38, -7.460332589255604e-25, -3.475747457507185e-20, -6.288687272743813e-36, 3.7337559323980485e-28, 1.1106583298421057e-33, -4.6583665291965345e-24, -1.3020048646260684e-24, 1.9410608866743376e-30, -3.957288134571513e-22, -1.503560947480082e-26, 2.2992636651888783e-38, 7.888511604449458e-31, -1.4131454103989895e-22, -4.834454141952281e-24, -6.0242784090157374e-27, 1.7681595262050934e-32, 5.490498797883467e-31, -3.344428479119717e-27, 7.233268782944622e-46, 1.6271627493099613e-40, -7.945668541375639e-23, -1.699061636302259e-25, -1.4898799667274696e-22, -2.0590229729465828e-24], "total_energy_defect_over_initial_heat_capacity": 9.942195028861378e-15, "relative_total_baryon_defect": -4.574530578577624e-20, "maximum_local_rest_characteristic_speed_over_c": 0.4715259241066292, "maximum_characteristic_imaginary_part": 0.0, "sampled_cone_inside_light_cone": true}
NATIVE COMPOSITION RESPONSES 9454
CONSERVATIVE NATIVE STAGE 4 141 0 24298847905928.84
CONSERVATIVE NATIVE STAGE 4 141 1 3800991215.8262944
CONSERVATIVE NATIVE STAGE 4 141 2 853830676.5745901
CONSERVATIVE NATIVE STAGE 4 141 3 633867328.4873736
CONSERVATIVE NATIVE STAGE 4 141 4 109982873.99648266
CONSERVATIVE NATIVE STAGE 4 141 5 2301479.7607733174
CONSERVATIVE NATIVE STAGE 4 141 6 651680.979128596
CONSERVATIVE NATIVE STAGE 4 141 7 71.1752246777833
CONSERVATIVE NATIVE STAGE 4 141 8 2.510918510149773
CONSERVATIVE NATIVE STAGE 4 141 9 0.8055582879665136
CONSERVATIVE TWO CARRIER STEP 4 {"classification": "Counterexample candidate", "step": 141, "time_seconds": 0.38487398332160283, "elapsed_seconds": 25496.246740904, "maximum_changes": [0.00733965340736243, 0.6289170262102973, 4.259396418016172e-06, 1.78806874164289e-10, 1.7880687404049472e-10], "maximum_local_energy_defect": 2.7795380836964276e-09, "maximum_local_baryon_defect": 1.1213741856250461e-14, "maximum_isotope_inventory_defect": 3.5281658838918627e-20, "isotope_inventory_defects": [-9.900802115814613e-21, -4.085416711709039e-38, -7.458969350396322e-25, -3.5281658838918627e-20, -6.22159735854929e-36, 3.738993349862194e-28, 1.1118857678848058e-33, -4.738802028216213e-24, -1.3247312739089171e-24, 2.2270825457979725e-30, -4.0219087289582947e-22, -1.526602910134172e-26, 2.4373852516918944e-38, 8.578321098630091e-31, -1.3407389110959485e-22, -4.415016269496278e-24, -5.585375511700111e-27, 1.8253905210915308e-32, 5.613876245086405e-31, -3.1370954292606082e-27, 7.363110614740495e-46, 1.6458158698281598e-40, -7.95025730501398e-23, -1.7656838108015437e-25, -1.486615977400778e-22, -2.0570382581756524e-24], "total_energy_defect_over_initial_heat_capacity": 9.688055458949672e-15, "relative_total_baryon_defect": -4.59604820450135e-20, "maximum_local_rest_characteristic_speed_over_c": 0.4714139631535074, "maximum_characteristic_imaginary_part": 0.0, "sampled_cone_inside_light_cone": true}
NATIVE COMPOSITION RESPONSES 9454
CONSERVATIVE NATIVE STAGE 4 142 0 24571844358328.977
CONSERVATIVE NATIVE STAGE 4 142 1 4497244059.020691
CONSERVATIVE NATIVE STAGE 4 142 2 880578032.0221272
CONSERVATIVE NATIVE STAGE 4 142 3 699685617.69769
CONSERVATIVE NATIVE STAGE 4 142 4 123686502.9825844
CONSERVATIVE NATIVE STAGE 4 142 5 3384272.6291095857
CONSERVATIVE NATIVE STAGE 4 142 6 917461.4682999497
CONSERVATIVE NATIVE STAGE 4 142 7 169.05183719371553
CONSERVATIVE NATIVE STAGE 4 142 8 2.6490384071623603
CONSERVATIVE NATIVE STAGE 4 142 9 1.2154296419546504
CONSERVATIVE NATIVE STAGE 4 142 10 0.0007639959050980896
CONSERVATIVE TWO CARRIER STEP 4 {"classification": "Counterexample candidate", "step": 142, "time_seconds": 0.38816438339274667, "elapsed_seconds": 25909.620224004, "maximum_changes": [0.007485580824876362, 0.6305125487022641, 4.3117948990659985e-06, 1.788049924143267e-10, 1.78804992290533e-10], "maximum_local_energy_defect": 2.9042422929757127e-09, "maximum_local_baryon_defect": 1.1716892507366587e-14, "maximum_isotope_inventory_defect": 3.546036806544721e-20, "isotope_inventory_defects": [-9.79849526440899e-21, -4.0296524287704986e-38, -7.458504341376712e-25, -3.546036806544721e-20, -6.197855305785511e-36, 3.7408739792151405e-28, 1.1123033835167956e-33, -4.7661862652261365e-24, -1.3324584165581156e-24, 2.321583467848789e-30, -4.0439070402375314e-22, -1.5344550560115092e-26, 2.483328393322126e-38, 8.806806284534703e-31, -1.3167148902276883e-22, -4.275172020527629e-24, -5.439265310001964e-27, 1.8444290611510853e-32, 5.654947944076822e-31, -3.0680367027215244e-27, 7.406525599955139e-46, 1.6520273667633323e-40, -7.952623317422004e-23, -1.7881564562085545e-25, -1.485684995116887e-22, -2.056589253269331e-24], "total_energy_defect_over_initial_heat_capacity": 9.646770193669987e-15, "relative_total_baryon_defect": -4.603693495098925e-20, "maximum_local_rest_characteristic_speed_over_c": 0.4713003000434461, "maximum_characteristic_imaginary_part": 0.0, "sampled_cone_inside_light_cone": true}
NATIVE COMPOSITION RESPONSES 9454
CONSERVATIVE NATIVE STAGE 4 143 0 24845356344644.387
CONSERVATIVE NATIVE STAGE 4 143 1 5104682853.772796
CONSERVATIVE NATIVE STAGE 4 143 2 904570241.2234536
CONSERVATIVE NATIVE STAGE 4 143 3 745056373.8444903
CONSERVATIVE NATIVE STAGE 4 143 4 136251560.98274902
CONSERVATIVE NATIVE STAGE 4 143 5 4558472.490306599
CONSERVATIVE NATIVE STAGE 4 143 6 1168691.5289536181
CONSERVATIVE NATIVE STAGE 4 143 7 316.08039711513356
CONSERVATIVE NATIVE STAGE 4 143 8 0.615014056772824
CONSERVATIVE TWO CARRIER STEP 4 {"classification": "Counterexample candidate", "step": 143, "time_seconds": 0.39145478346389045, "elapsed_seconds": 26238.015296385, "maximum_changes": [0.007633100949187099, 0.6320946513489097, 4.364348816095316e-06, 1.7880310118869832e-10, 1.7880310106490516e-10], "maximum_local_energy_defect": 3.288893724634559e-09, "maximum_local_baryon_defect": 1.3268839451006382e-14, "maximum_isotope_inventory_defect": 3.660634715149169e-20, "isotope_inventory_defects": [-9.614960416587882e-21, -3.9196457262558444e-38, -7.455539501770177e-25, -3.660634715149169e-20, -6.115308710865735e-36, 3.74561669547904e-28, 1.1134670766255137e-33, -4.927050822636e-24, -1.3775503744881817e-24, 2.4562577138088622e-30, -4.1771480449388257e-22, -1.5825203119268156e-26, 2.576277573486167e-38, 9.136035414435703e-31, -1.2676553240808263e-22, -3.965133232928752e-24, -5.116400473307937e-27, 1.886417485075528e-32, 5.7457850843423075e-31, -2.9069816192030162e-27, 7.504579087904872e-46, 1.665605301826127e-40, -8.0946680229045e-23, -1.885773547737412e-25, -1.5081395873233278e-22, -2.0898879192159746e-24], "total_energy_defect_over_initial_heat_capacity": 9.036001849283488e-15, "relative_total_baryon_defect": -4.7011428581236994e-20, "maximum_local_rest_characteristic_speed_over_c": 0.4711852363921255, "maximum_characteristic_imaginary_part": 0.0, "sampled_cone_inside_light_cone": true}
NATIVE COMPOSITION RESPONSES 9454
CONSERVATIVE NATIVE STAGE 4 144 0 25119375283419.887
CONSERVATIVE NATIVE STAGE 4 144 1 5597849543.024573
CONSERVATIVE NATIVE STAGE 4 144 2 927055888.1884961
CONSERVATIVE NATIVE STAGE 4 144 3 771769025.8659616
CONSERVATIVE NATIVE STAGE 4 144 4 146544523.75762367
CONSERVATIVE NATIVE STAGE 4 144 5 5653990.198644849
CONSERVATIVE NATIVE STAGE 4 144 6 1376853.6441364933
CONSERVATIVE NATIVE STAGE 4 144 7 467.10642765106377
CONSERVATIVE NATIVE STAGE 4 144 8 3.6140523764620145
CONSERVATIVE NATIVE STAGE 4 144 9 2.8328842545341844
CONSERVATIVE NATIVE STAGE 4 144 10 0.0008454150545213813
CONSERVATIVE TWO CARRIER STEP 4 {"classification": "Counterexample candidate", "step": 144, "time_seconds": 0.3947451835350343, "elapsed_seconds": 26621.085730857, "maximum_changes": [0.007782216026388524, 0.6336635365003986, 4.4170566230438275e-06, 1.7880119942483435e-10, 1.7880119930104175e-10], "maximum_local_energy_defect": 3.417074641816796e-09, "maximum_local_baryon_defect": 1.378602316324061e-14, "maximum_isotope_inventory_defect": 3.698924897415917e-20, "isotope_inventory_defects": [-9.553967083975356e-21, -3.8832018018023343e-38, -7.454499857215615e-25, -3.698924897415917e-20, -6.087355322812327e-36, 3.7470978421199745e-28, 1.1138498020776219e-33, -4.980792126409765e-24, -1.392619495581677e-24, 2.5008084184751203e-30, -4.221692112541371e-22, -1.5985766015958914e-26, 2.6071127022564144e-38, 9.245070090298171e-31, -1.2513387725913646e-22, -3.8618867998039014e-24, -5.008931255651513e-27, 1.9004017164211378e-32, 5.77599590376608e-31, -2.8535003202374867e-27, 7.53713038264564e-46, 1.670111495143186e-40, -8.142229221005681e-23, -1.9183799515279084e-25, -1.5156638252635914e-22, -2.1010481632479026e-24], "total_energy_defect_over_initial_heat_capacity": 8.765640059148763e-15, "relative_total_baryon_defect": -4.733743679302417e-20, "maximum_local_rest_characteristic_speed_over_c": 0.47106906869679405, "maximum_characteristic_imaginary_part": 0.0, "sampled_cone_inside_light_cone": true}
NATIVE COMPOSITION RESPONSES 9454
CONSERVATIVE NATIVE STAGE 4 145 0 25393892664148.28
CONSERVATIVE NATIVE STAGE 4 145 1 5962259577.318638
CONSERVATIVE NATIVE STAGE 4 145 2 3846962081.543372
CONSERVATIVE NATIVE STAGE 4 145 3 783254272.1960884
CONSERVATIVE NATIVE STAGE 4 145 4 153596254.09428185
CONSERVATIVE NATIVE STAGE 4 145 5 6491153.858920553
CONSERVATIVE NATIVE STAGE 4 145 6 1484208.3432438208
CONSERVATIVE NATIVE STAGE 4 145 7 601.131004259488
CONSERVATIVE NATIVE STAGE 4 145 8 2.2016104960855407
CONSERVATIVE NATIVE STAGE 4 145 9 0.7328155339061176
CONSERVATIVE TWO CARRIER STEP 4 {"classification": "Counterexample candidate", "step": 145, "time_seconds": 0.3980355836061781, "elapsed_seconds": 26975.485868525, "maximum_changes": [0.007932928243531758, 0.6352194020333244, 4.469916790073185e-06, 1.7879929811496483e-10, 1.787992979911728e-10], "maximum_local_energy_defect": 3.1593383170655176e-09, "maximum_local_baryon_defect": 1.2746180532472322e-14, "maximum_isotope_inventory_defect": 3.670648535916761e-20, "isotope_inventory_defects": [-9.805701424839033e-21, -4.018399915303489e-38, -7.454571061428392e-25, -3.670648535916761e-20, -6.114912951201019e-36, 3.7448600757503875e-28, 1.1133684999529096e-33, -4.935245422512711e-24, -1.379671991575894e-24, 2.256662853799532e-30, -4.185562625444956e-22, -1.5856157239770418e-26, 2.493569810366724e-38, 8.658476460227529e-31, -1.3091169594609566e-22, -4.1912526887922e-24, -5.356453914835229e-27, 1.854985157290912e-32, 5.674413974995748e-31, -3.0154242552885375e-27, 7.433625121279721e-46, 1.6541814855254282e-40, -8.162653808902339e-23, -1.8742673523475697e-25, -1.522546203503395e-22, -2.108638350361204e-24], "total_energy_defect_over_initial_heat_capacity": 8.869533574271891e-15, "relative_total_baryon_defect": -4.730990420307433e-20, "maximum_local_rest_characteristic_speed_over_c": 0.4709520885190638, "maximum_characteristic_imaginary_part": 0.0, "sampled_cone_inside_light_cone": true}
NATIVE COMPOSITION RESPONSES 9454
CONSERVATIVE NATIVE STAGE 4 146 0 25668900046117.684
CONSERVATIVE NATIVE STAGE 4 146 1 6195519829.885636
CONSERVATIVE NATIVE STAGE 4 146 2 969757987.8720337
CONSERVATIVE NATIVE STAGE 4 146 3 783753641.5722262
CONSERVATIVE NATIVE STAGE 4 146 4 156955803.57849044
CONSERVATIVE NATIVE STAGE 4 146 5 6984969.461737819
CONSERVATIVE NATIVE STAGE 4 146 6 1593715.1006725102
CONSERVATIVE NATIVE STAGE 4 146 7 635.4851737606534
CONSERVATIVE NATIVE STAGE 4 146 8 0.8364492503670988
CONSERVATIVE TWO CARRIER STEP 4 {"classification": "Counterexample candidate", "step": 146, "time_seconds": 0.4013259836773219, "elapsed_seconds": 27303.739524586, "maximum_changes": [0.008085239729035281, 0.636762441490888, 4.52292780323587e-06, 1.7879743457530972e-10, 1.7879743445151822e-10], "maximum_local_energy_defect": 3.5397837151684475e-09, "maximum_local_baryon_defect": 1.4281138782247288e-14, "maximum_isotope_inventory_defect": 3.854006721342566e-20, "isotope_inventory_defects": [-9.725837094588728e-21, -3.9551046478122045e-38, -7.450431482597182e-25, -3.854006721342566e-20, -6.031130764745287e-36, 3.7473734693230195e-28, 1.1139028821774589e-33, -5.185501079151507e-24, -1.44960219511834e-24, 2.261777922586163e-30, -4.394895420547646e-22, -1.661596517450287e-26, 2.553293997789708e-38, 8.677472739619275e-31, -1.2794729479847206e-22, -3.968567034741984e-24, -5.123283695662469e-27, 1.8856334194395758e-32, 5.745695026554316e-31, -2.8887445328810622e-27, 7.508884277329717e-46, 1.665181113319034e-40, -8.448424242402966e-23, -2.008603918963791e-25, -1.5716153652789035e-22, -2.1786290295139202e-24], "total_energy_defect_over_initial_heat_capacity": 7.587473734206528e-15, "relative_total_baryon_defect": -4.908985085498641e-20, "maximum_local_rest_characteristic_speed_over_c": 0.4708345827361423, "maximum_characteristic_imaginary_part": 0.0, "sampled_cone_inside_light_cone": true}
NATIVE COMPOSITION RESPONSES 9454
CONSERVATIVE NATIVE STAGE 4 147 0 25944389057389.71
CONSERVATIVE NATIVE STAGE 4 147 1 6307394628.792859
CONSERVATIVE NATIVE STAGE 4 147 2 990508799.7705086
CONSERVATIVE NATIVE STAGE 4 147 3 777804581.4457887
CONSERVATIVE NATIVE STAGE 4 147 4 156836416.56813276
CONSERVATIVE NATIVE STAGE 4 147 5 7109109.826150228
CONSERVATIVE NATIVE STAGE 4 147 6 1603629.9745297208
CONSERVATIVE NATIVE STAGE 4 147 7 473.0475897140699
CONSERVATIVE NATIVE STAGE 4 147 8 3.2858440806130034
CONSERVATIVE NATIVE STAGE 4 147 9 0.0925717672799863
CONSERVATIVE TWO CARRIER STEP 4 {"classification": "Counterexample candidate", "step": 147, "time_seconds": 0.40461638374846576, "elapsed_seconds": 27670.590376112, "maximum_changes": [0.00823915255308775, 0.638292844105259, 4.576088164220307e-06, 1.78795601975521e-10, 1.7879560185173002e-10], "maximum_local_energy_defect": 3.6904040036721687e-09, "maximum_local_baryon_defect": 1.4888843772540008e-14, "maximum_isotope_inventory_defect": 3.9019549243012337e-20, "isotope_inventory_defects": [-9.660458419410508e-21, -3.915535415912891e-38, -7.451060364111105e-25, -3.9019549243012337e-20, -6.088583858591252e-36, 3.739877109892456e-28, 1.1117372234848916e-33, -5.251748786701664e-24, -1.4681418614111341e-24, 2.321110177485648e-30, -4.450694010158501e-22, -1.6818149857141884e-26, 2.5920136146873476e-38, 8.81518758918992e-31, -1.2606339874186672e-22, -3.8542655711349434e-24, -4.993961153920177e-27, 1.9007957935186353e-32, 5.777072415726431e-31, -2.8262291553140506e-27, 7.538803540123942e-46, 1.6685420867032647e-40, -8.509842435377254e-23, -2.0483590896755996e-25, -1.581477218535217e-22, -2.193176881644428e-24], "total_energy_defect_over_initial_heat_capacity": 7.244730557887642e-15, "relative_total_baryon_defect": -4.950934387976881e-20, "maximum_local_rest_characteristic_speed_over_c": 0.47071683088438404, "maximum_characteristic_imaginary_part": 0.0, "sampled_cone_inside_light_cone": true}
NATIVE COMPOSITION RESPONSES 9454
CONSERVATIVE NATIVE STAGE 4 148 0 26220351393295.75
CONSERVATIVE NATIVE STAGE 4 148 1 6318935191.266858
CONSERVATIVE NATIVE STAGE 4 148 2 1011054913.9087223
CONSERVATIVE NATIVE STAGE 4 148 3 769737583.3035772
CONSERVATIVE NATIVE STAGE 4 148 4 154266828.33870116
CONSERVATIVE NATIVE STAGE 4 148 5 6926073.357595418
CONSERVATIVE NATIVE STAGE 4 148 6 1559319.065316037
CONSERVATIVE NATIVE STAGE 4 148 7 275.20351780360386
CONSERVATIVE NATIVE STAGE 4 148 8 1.0828676185816979
CONSERVATIVE NATIVE STAGE 4 148 9 0.0008200865386942517
CONSERVATIVE TWO CARRIER STEP 4 {"classification": "Counterexample candidate", "step": 148, "time_seconds": 0.40790678381960954, "elapsed_seconds": 28101.219741473, "maximum_changes": [0.008394668728044553, 0.6398107951080632, 4.6293963900764506e-06, 1.787937722635202e-10, 1.7879377213972974e-10], "maximum_local_energy_defect": 3.740615942964101e-09, "maximum_local_baryon_defect": 1.5091412480852894e-14, "maximum_isotope_inventory_defect": 3.917921532692981e-20, "isotope_inventory_defects": [-9.638799255533171e-21, -3.9025114843104165e-38, -7.451264793105418e-25, -3.917921532692981e-20, -6.10926498685135e-36, 3.73737644125622e-28, 1.1109917418216808e-33, -5.273858587021788e-24, -1.4743239120145551e-24, 2.3409117852195722e-30, -4.469257430149994e-22, -1.688556827942296e-26, 2.6049424873214165e-38, 8.860775762171245e-31, -1.2543451200990212e-22, -3.816117566061321e-24, -4.950848916611554e-27, 1.9057817908121796e-32, 5.787543026644601e-31, -2.8054807645196533e-27, 7.548632239528755e-46, 1.6696591693960665e-40, -8.530318949432908e-23, -2.0615381917649317e-25, -1.5847677832718556e-22, -2.1980295607124288e-24], "total_energy_defect_over_initial_heat_capacity": 7.081032006808837e-15, "relative_total_baryon_defect": -4.964918390421441e-20, "maximum_local_rest_characteristic_speed_over_c": 0.4705991057805363, "maximum_characteristic_imaginary_part": 0.0, "sampled_cone_inside_light_cone": true}
NATIVE COMPOSITION RESPONSES 9454
CONSERVATIVE NATIVE STAGE 4 149 0 26496778815275.598
CONSERVATIVE NATIVE STAGE 4 149 1 6260697640.557546
CONSERVATIVE NATIVE STAGE 4 149 2 1031531597.610964
CONSERVATIVE NATIVE STAGE 4 149 3 763755522.7327472
CONSERVATIVE NATIVE STAGE 4 149 4 150736884.94021052
CONSERVATIVE NATIVE STAGE 4 149 5 6579884.985169283
CONSERVATIVE NATIVE STAGE 4 149 6 1500645.9685734608
CONSERVATIVE NATIVE STAGE 4 149 7 418.3167955726057
CONSERVATIVE NATIVE STAGE 4 149 8 1.9184067291392741
CONSERVATIVE NATIVE STAGE 4 149 9 0.340778891864044
CONSERVATIVE TWO CARRIER STEP 4 {"classification": "Counterexample candidate", "step": 149, "time_seconds": 0.4111971838907534, "elapsed_seconds": 28455.01444097, "maximum_changes": [0.008551790208819339, 0.6413164758459402, 4.682851012923623e-06, 1.787919321487535e-10, 1.787919320249636e-10], "maximum_local_energy_defect": 3.897100602820905e-09, "maximum_local_baryon_defect": 1.572275757019653e-14, "maximum_isotope_inventory_defect": 3.942456390151658e-20, "isotope_inventory_defects": [-9.505704274963587e-21, -3.8299665187053547e-38, -7.45124152702756e-25, -3.942456390151658e-20, -6.103614063327016e-36, 3.737432561638963e-28, 1.1108861760105148e-33, -5.310862069762018e-24, -1.4847873782410404e-24, 2.4678934281450534e-30, -4.499283166921771e-22, -1.6993961903105091e-26, 2.6668006736941753e-38, 9.165138119226803e-31, -1.2229286239001585e-22, -3.6347702510451585e-24, -4.758497737776977e-27, 1.9306535061995768e-32, 5.842803058473983e-31, -2.715256381795236e-27, 7.604505282649067e-46, 1.6781333869756928e-40, -8.535357037168294e-23, -2.091509313480706e-25, -1.5839014134111077e-22, -2.1979401806918437e-24], "total_energy_defect_over_initial_heat_capacity": 6.63610190765591e-15, "relative_total_baryon_defect": -4.976110247399908e-20, "maximum_local_rest_characteristic_speed_over_c": 0.4704816745676097, "maximum_characteristic_imaginary_part": 0.0, "sampled_cone_inside_light_cone": true}
NATIVE COMPOSITION RESPONSES 9454
CONSERVATIVE NATIVE STAGE 4 150 0 26773663149944.766
CONSERVATIVE NATIVE STAGE 4 150 1 6170129603.435378
CONSERVATIVE NATIVE STAGE 4 150 2 1052117682.913094
CONSERVATIVE NATIVE STAGE 4 150 3 764061620.8334639
CONSERVATIVE NATIVE STAGE 4 150 4 147946339.89792025
CONSERVATIVE NATIVE STAGE 4 150 5 6236147.052459551
CONSERVATIVE NATIVE STAGE 4 150 6 1450341.9589455952
CONSERVATIVE NATIVE STAGE 4 150 7 399.31179750041025
CONSERVATIVE NATIVE STAGE 4 150 8 0.015290743401436257
CONSERVATIVE TWO CARRIER STEP 4 {"classification": "Counterexample candidate", "step": 150, "time_seconds": 0.41448758396189717, "elapsed_seconds": 28779.996700944, "maximum_changes": [0.008710518893270694, 0.6428100638313733, 4.736450579673726e-06, 1.7879007891187165e-10, 1.7879007878808226e-10], "maximum_local_energy_defect": 3.94302431655104e-09, "maximum_local_baryon_defect": 1.5908029611295276e-14, "maximum_isotope_inventory_defect": 3.9503074880134285e-20, "isotope_inventory_defects": [-9.467537302940203e-21, -3.8094032393187343e-38, -7.451227670938892e-25, -3.9503074880134285e-20, -6.102961858695318e-36, 3.7373359626322575e-28, 1.1108196465776022e-33, -5.322483709681789e-24, -1.4880791252344656e-24, 2.5040406605453574e-30, -4.508764449839943e-22, -1.7028211272830605e-26, 2.6844553876924854e-38, 9.251318493255269e-31, -1.213948960148826e-22, -3.5827358392194455e-24, -4.702644734425806e-27, 1.9378232707228486e-32, 5.858542405521237e-31, -2.6891692016791494e-27, 7.620493627590994e-46, 1.680505905832182e-40, -8.538173864669506e-23, -2.100625463971823e-25, -1.5838947872478262e-22, -2.19825160403925e-24], "total_energy_defect_over_initial_heat_capacity": 6.310252320501242e-15, "relative_total_baryon_defect": -4.980144722951574e-20, "maximum_local_rest_characteristic_speed_over_c": 0.4703647983786294, "maximum_characteristic_imaginary_part": 0.0, "sampled_cone_inside_light_cone": true}
NATIVE COMPOSITION RESPONSES 9454
CONSERVATIVE NATIVE STAGE 4 151 0 27050996288117.543
CONSERVATIVE NATIVE STAGE 4 151 1 6088262479.410314
CONSERVATIVE NATIVE STAGE 4 151 2 1073064742.5133098
CONSERVATIVE NATIVE STAGE 4 151 3 774315339.5426733
CONSERVATIVE NATIVE STAGE 4 151 4 147548523.13292673
CONSERVATIVE NATIVE STAGE 4 151 5 6035027.899504654
CONSERVATIVE NATIVE STAGE 4 151 6 1406217.2291558203
CONSERVATIVE NATIVE STAGE 4 151 7 296.2627764455065
CONSERVATIVE NATIVE STAGE 4 151 8 1.700866846103975
CONSERVATIVE NATIVE STAGE 4 151 9 1.6134316535776274
CONSERVATIVE NATIVE STAGE 4 151 10 0.0007907947401360234
CONSERVATIVE TWO CARRIER STEP 4 {"classification": "Counterexample candidate", "step": 151, "time_seconds": 0.417777984033041, "elapsed_seconds": 29182.467662047, "maximum_changes": [0.008870856622583903, 0.6442917328648335, 4.790193651767547e-06, 1.787882112879574e-10, 1.7878821116416854e-10], "maximum_local_energy_defect": 3.957841186461462e-09, "maximum_local_baryon_defect": 1.5967805425269138e-14, "maximum_isotope_inventory_defect": 3.954552025661545e-20, "isotope_inventory_defects": [-9.456518515104755e-21, -3.8035083992923117e-38, -7.451199478848527e-25, -3.954552025661545e-20, -6.10305901046653e-36, 3.7374341630583116e-28, 1.1108352186732247e-33, -5.328509307886757e-24, -1.4897712594147405e-24, 2.5135582698445416e-30, -4.5136971820177085e-22, -1.704617743583477e-26, 2.689846868075323e-38, 9.27436262727782e-31, -1.211218462900355e-22, -3.566565686286705e-24, -4.68522555087449e-27, 1.9400917346875475e-32, 5.863469075210277e-31, -2.680817373245682e-27, 7.625835906412598e-46, 1.6812389219092963e-40, -8.542311732250647e-23, -2.1046141028990026e-25, -1.5844762550148296e-22, -2.1991639712385362e-24], "total_energy_defect_over_initial_heat_capacity": 6.249531892442835e-15, "relative_total_baryon_defect": -4.983318586967466e-20, "maximum_local_rest_characteristic_speed_over_c": 0.4702487318524811, "maximum_characteristic_imaginary_part": 0.0, "sampled_cone_inside_light_cone": true}
NATIVE COMPOSITION RESPONSES 9454
CONSERVATIVE NATIVE STAGE 4 152 0 27328770183826.137
CONSERVATIVE NATIVE STAGE 4 152 1 6055856342.53941
CONSERVATIVE NATIVE STAGE 4 152 2 1094669263.080276
CONSERVATIVE NATIVE STAGE 4 152 3 797470597.1684293
CONSERVATIVE NATIVE STAGE 4 152 4 150879275.29097113
CONSERVATIVE NATIVE STAGE 4 152 5 6079561.803179898
CONSERVATIVE NATIVE STAGE 4 152 6 1398188.9813007636
CONSERVATIVE NATIVE STAGE 4 152 7 187.38800697333767
CONSERVATIVE NATIVE STAGE 4 152 8 0.6284952130820656
CONSERVATIVE TWO CARRIER STEP 4 {"classification": "Counterexample candidate", "step": 152, "time_seconds": 0.4210683841041848, "elapsed_seconds": 29560.298210575, "maximum_changes": [0.009032805181648047, 0.6457616531613357, 4.844078804918424e-06, 1.787863279284946e-10, 1.7878632780470626e-10], "maximum_local_energy_defect": 3.6648767368273837e-09, "maximum_local_baryon_defect": 1.4785801003147244e-14, "maximum_isotope_inventory_defect": 3.8717666677703694e-20, "isotope_inventory_defects": [-9.639428038342399e-21, -3.910132823411079e-38, -7.4531470264496e-25, -3.8717666677703694e-20, -6.165899350329866e-36, 3.73387590373863e-28, 1.1100344166127844e-33, -5.211115390432261e-24, -1.4568335710845947e-24, 2.364199346178817e-30, -4.41684251806629e-22, -1.6696511938865447e-26, 2.5999010317471333e-38, 8.912117762486795e-31, -1.2570514735687152e-22, -3.847934547796108e-24, -4.979733243340522e-27, 1.9014102782136922e-32, 5.777823439404275e-31, -2.8247848742238885e-27, 7.535834600314539e-46, 1.6680779266833685e-40, -8.4526257837273e-23, -2.0296601842117429e-25, -1.5711344331008319e-22, -2.1787814119384533e-24], "total_energy_defect_over_initial_heat_capacity": 6.743568556777604e-15, "relative_total_baryon_defect": -4.9180999975219346e-20, "maximum_local_rest_characteristic_speed_over_c": 0.4701337229251139, "maximum_characteristic_imaginary_part": 0.0, "sampled_cone_inside_light_cone": true}
NATIVE COMPOSITION RESPONSES 9454
CONSERVATIVE NATIVE STAGE 4 153 0 145138591185.92554
CONSERVATIVE NATIVE STAGE 4 153 1 92293.02240936087
CONSERVATIVE NATIVE STAGE 4 153 2 66.17747179532405
CONSERVATIVE NATIVE STAGE 4 153 3 0.011428328232622631
CONSERVATIVE TWO CARRIER STEP 4 {"classification": "Counterexample candidate", "step": 153, "time_seconds": 0.4210940903547406, "elapsed_seconds": 29743.850041896, "maximum_changes": [0.009034076744315252, 0.6457730910035894, 4.844500341073472e-06, 1.7878631292441944e-10, 1.7878631280063111e-10], "maximum_local_energy_defect": 3.664885029356119e-09, "maximum_local_baryon_defect": 1.478573064126194e-14, "maximum_isotope_inventory_defect": 3.8717340890755134e-20, "isotope_inventory_defects": [-9.63954362220767e-21, -3.9100448336038405e-38, -7.453138351766953e-25, -3.8717340890755134e-20, -6.164298050000414e-36, 3.733942435161334e-28, 1.1100520664650701e-33, -5.211112566087115e-24, -1.456833712028517e-24, 2.3641816822238008e-30, -4.416840268479283e-22, -1.669649675274228e-26, 2.599880417305609e-38, 8.912114242541332e-31, -1.2570306587351998e-22, -3.847669493870823e-24, -4.979516148099985e-27, 1.901436536575118e-32, 5.777880341172877e-31, -2.8248297252277573e-27, 7.53610445300989e-46, 1.6680833009947717e-40, -8.452620080682953e-23, -2.0296651086356205e-25, -1.5711294351309625e-22, -2.1787782919268784e-24], "total_energy_defect_over_initial_heat_capacity": 6.7489391594535045e-15, "relative_total_baryon_defect": -4.918095305766511e-20, "maximum_local_rest_characteristic_speed_over_c": 0.47013282921564736, "maximum_characteristic_imaginary_part": 0.0, "sampled_cone_inside_light_cone": true}
NATIVE COMPOSITION RESPONSES 9454
CONSERVATIVE NATIVE STAGE 4 154 0 216055735345.08075
CONSERVATIVE NATIVE STAGE 4 154 1 137391.76653544224
CONSERVATIVE NATIVE STAGE 4 154 2 43.826819098644535
CONSERVATIVE NATIVE STAGE 4 154 3 0.0050928502821961956
CONSERVATIVE TWO CARRIER STEP 4 {"classification": "Counterexample candidate", "step": 154, "time_seconds": 0.4211197966052964, "elapsed_seconds": 29923.012329958, "maximum_changes": [0.009035348405357049, 0.6457845281387153, 4.8449218858348895e-06, 1.7878629776761302e-10, 1.787862976438247e-10], "maximum_local_energy_defect": 3.664895881622025e-09, "maximum_local_baryon_defect": 1.4785707233423988e-14, "maximum_isotope_inventory_defect": 3.871735573729555e-20, "isotope_inventory_defects": [-9.639432990287902e-21, -3.910140579962226e-38, -7.453147643197648e-25, -3.871735573729555e-20, -6.16470180590985e-36, 3.7339041600869375e-28, 1.110015673694272e-33, -5.211080050057751e-24, -1.4568243248881065e-24, 2.3641148472640615e-30, -4.41683132014995e-22, -1.669658008480114e-26, 2.599831459074864e-38, 8.911912784936164e-31, -1.257045362179819e-22, -3.8477068391304195e-24, -4.979483125943149e-27, 1.9014461668864856e-32, 5.778091964184408e-31, -2.8249869473877425e-27, 7.536173678313319e-46, 1.6680399214452082e-40, -8.452617946108503e-23, -2.029636374918535e-25, -1.5711293394165024e-22, -2.178783450790312e-24], "total_energy_defect_over_initial_heat_capacity": 6.781979965295739e-15, "relative_total_baryon_defect": -4.9180942538782844e-20, "maximum_local_rest_characteristic_speed_over_c": 0.4701319355806623, "maximum_characteristic_imaginary_part": 0.0, "sampled_cone_inside_light_cone": true}
NATIVE COMPOSITION RESPONSES 9454
CONSERVATIVE NATIVE STAGE 4 155 0 216072730683.293
CONSERVATIVE NATIVE STAGE 4 155 1 137413.396508395
CONSERVATIVE NATIVE STAGE 4 155 2 43.845129945811536
CONSERVATIVE NATIVE STAGE 4 155 3 0.00509636459263482
CONSERVATIVE TWO CARRIER STEP 4 {"classification": "Counterexample candidate", "step": 155, "time_seconds": 0.4211455028558522, "elapsed_seconds": 30103.696807618002, "maximum_changes": [0.009036620164808285, 0.645795964567455, 4.8453434391875015e-06, 1.7878628241565678e-10, 1.7878628229186845e-10], "maximum_local_energy_defect": 3.6649113217706914e-09, "maximum_local_baryon_defect": 1.4785699544583424e-14, "maximum_isotope_inventory_defect": 3.871712405944193e-20, "isotope_inventory_defects": [-9.639205661648718e-21, -3.9102600398558496e-38, -7.453153443848175e-25, -3.871712405944193e-20, -6.164923820808246e-36, 3.734053765022539e-28, 1.109974550202748e-33, -5.211008589896427e-24, -1.4568224115168484e-24, 2.3641039027294777e-30, -4.416794707412283e-22, -1.669660153053071e-26, 2.599789239934899e-38, 8.912098955808263e-31, -1.25704405973386e-22, -3.848010512465541e-24, -4.979358542103163e-27, 1.901419689104883e-32, 5.7781405180541445e-31, -2.825131039165685e-27, 7.53627138337284e-46, 1.6679920686125577e-40, -8.452612111786901e-23, -2.0296287684727216e-25, -1.5711331653860766e-22, -2.178785434939769e-24], "total_energy_defect_over_initial_heat_capacity": 6.560054417962749e-15, "relative_total_baryon_defect": -4.918095105406849e-20, "maximum_local_rest_characteristic_speed_over_c": 0.4701310420189264, "maximum_characteristic_imaginary_part": 0.0, "sampled_cone_inside_light_cone": true}
NATIVE COMPOSITION RESPONSES 9454
CONSERVATIVE NATIVE STAGE 4 156 0 216089728151.39447
CONSERVATIVE NATIVE STAGE 4 156 1 137434.68601189475
CONSERVATIVE NATIVE STAGE 4 156 2 43.86443572013559
CONSERVATIVE NATIVE STAGE 4 156 3 0.005100011114044251
CONSERVATIVE TWO CARRIER STEP 4 {"classification": "Counterexample candidate", "step": 156, "time_seconds": 0.42117120910640804, "elapsed_seconds": 30299.894622181, "maximum_changes": [0.00903789202268112, 0.6458074002904337, 4.8457650011258045e-06, 1.7878626686560402e-10, 1.7878626674181572e-10], "maximum_local_energy_defect": 3.6649336568645887e-09, "maximum_local_baryon_defect": 1.478569700316102e-14, "maximum_isotope_inventory_defect": 3.8717037280890124e-20, "isotope_inventory_defects": [-9.639508186906254e-21, -3.9105482165466373e-38, -7.453161375922081e-25, -3.8717037280890124e-20, -6.166242139288987e-36, 3.7339439136940514e-28, 1.1099534039701669e-33, -5.2109446684732045e-24, -1.4568098887835005e-24, 2.3640045690391137e-30, -4.416738168055617e-22, -1.669654214908957e-26, 2.59967306721602e-38, 8.91189129488504e-31, -1.2570958389043368e-22, -3.848559153747102e-24, -4.979709056404778e-27, 1.9014147703916978e-32, 5.7781066846014295e-31, -2.8251424848520864e-27, 7.536174272423427e-46, 1.6679678366215104e-40, -8.452609228392307e-23, -2.02962591365253e-25, -1.5711387304694013e-22, -2.1787863826668076e-24], "total_energy_defect_over_initial_heat_capacity": 6.404299788860837e-15, "relative_total_baryon_defect": -4.918095873452221e-20, "maximum_local_rest_characteristic_speed_over_c": 0.47013014853052765, "maximum_characteristic_imaginary_part": 0.0, "sampled_cone_inside_light_cone": true}
CONSERVATIVE FULL TIME COMPARISON {"classification": "Counterexample candidate", "passed": false, "endpoint_maximum_differences": [[2.5122662400412893e-05, 1.6540954517535735e-05, 8.526852385604436e-08, 3.394584737491349e-16, 3.394584732221263e-16], [3.838861334889712e-05, 2.304921438072256e-05, 1.389159964526958e-07, 8.170290722861804e-17, 8.170290710170728e-17]], "observed_orders": [-0.6116890854903817, -0.47867508853182983, -0.7041275516512753, 2.0547757794127213, 2.0547757794139074], "paths": [{"refinement": 1, "steps": 39, "duration_seconds": 0.42117120910640804, "maximum_path_speed_over_c": 0.4729098506888042, "maximum_path_local_energy_defect": 1.773807253003489e-09, "maximum_path_local_baryon_defect": 7.156581281676302e-15, "maximum_path_isotope_inventory_defect": 1.9183853682157106e-20}, {"refinement": 2, "steps": 78, "duration_seconds": 0.42117120910640804, "maximum_path_speed_over_c": 0.4729094171980754, "maximum_path_local_energy_defect": 3.6735008055104246e-09, "maximum_path_local_baryon_defect": 1.48240115288651e-14, "maximum_path_isotope_inventory_defect": 4.747387138840957e-20}, {"refinement": 4, "steps": 156, "duration_seconds": 0.42117120910640804, "maximum_path_speed_over_c": 0.47290966610981655, "maximum_path_local_energy_defect": 4.612905113733781e-09, "maximum_path_local_baryon_defect": 1.8610550772598242e-14, "maximum_path_isotope_inventory_defect": 3.954552025661545e-20}], "rigorous_time_error_bound": false, "physical_EOS_certified": false, "physical_exterior_match": false, "observational_closure": false}
Traceback (most recent call last):
  File "/mnt/e/lab/self-mass-unobservability/verification/gr_interrupted_recovery.py", line 216, in <module>
    globals()[parser.parse_args().action]()
  File "/mnt/e/lab/self-mass-unobservability/verification/gr_interrupted_recovery.py", line 144, in run_gr
    gr.compare()
  File "/mnt/e/lab/self-mass-unobservability/verification/gr_conservative_two_carrier.py", line 539, in compare
    assert passed,'The frozen full-time convergence gate failed.'
AssertionError: The frozen full-time convergence gate failed.
