Number of T =   1  Number of rho =   1  Number of materials =   9
TOPS results for  phGridcold      on Sep 19, 2026
Opacities in cm**2/gm, T in keV, density in gm/cc
Normalized composition for requested elements
No. Fraction Mass Fraction  At. No.  Chem. Sym.  Mat ID.
9.7044E-01   8.8941E-01      1         H         4525
2.9297E-02   1.0664E-01      2         He        4675
2.4325E-06   2.6953E-05      6         C         4387
1.1017E-04   1.4030E-03      7         N         4005
8.3156E-05   1.2116E-03      8         O         4105
2.5313E-09   4.3732E-08      9         F         4405
2.2228E-05   4.0413E-04     10         Ne        4145
4.1339E-05   9.0165E-04     12         Mg        4682
2.1699E-07   7.8856E-06     20         Ca        2302
Temperature grid used the following   1 points
1.0000E-03
Density grid used the following   1 points
1.9163E-09
Rosseland and Planck opacities and free electrons
Density     Ross opa    Planck opa  No. Free    Av Sq Free  T=  1.0000E-03
1.9163E-09  4.6641E+01  2.5727E+04  8.0279E-01  8.0283E-01
Frequency Dependent Energy Opacities
T (keV), Density (gm/cc) =   1.0000E-03  1.9163E-09
Photon energy(keV), Total, Absorp, Scatt (cm**2/gm)
1.2500E-06  4.9117E+06  4.9117E+06  1.4631E-01
2.5000E-06  1.3893E+07  1.3893E+07  1.4631E-01
3.7500E-06  1.3472E+07  1.3472E+07  1.4631E-01
5.0000E-06  9.4213E+06  9.4213E+06  1.4631E-01
6.2500E-06  6.4211E+06  6.4211E+06  1.4631E-01
7.5000E-06  4.5112E+06  4.5112E+06  1.4631E-01
8.7500E-06  3.2931E+06  3.2931E+06  1.4631E-01
1.0000E-05  2.4898E+06  2.4898E+06  1.4631E-01
1.1250E-05  1.9360E+06  1.9360E+06  1.4631E-01
1.2500E-05  1.5434E+06  1.5434E+06  1.4631E-01
1.3750E-05  1.2562E+06  1.2562E+06  1.4631E-01
1.5000E-05  1.0404E+06  1.0404E+06  1.4631E-01
1.6250E-05  8.7430E+05  8.7430E+05  1.4631E-01
1.7500E-05  7.4379E+05  7.4379E+05  1.4631E-01
1.8750E-05  6.3978E+05  6.3978E+05  1.4631E-01
2.0000E-05  5.5564E+05  5.5564E+05  1.4631E-01
2.1250E-05  4.8669E+05  4.8669E+05  1.4631E-01
2.2500E-05  4.2953E+05  4.2952E+05  1.4650E-01
2.3750E-05  3.8166E+05  3.8166E+05  1.4653E-01
2.5000E-05  3.4125E+05  3.4124E+05  1.4655E-01
2.6250E-05  3.0679E+05  3.0679E+05  1.4658E-01
2.7500E-05  2.7739E+05  2.7739E+05  1.4660E-01
2.8750E-05  2.5242E+05  2.5242E+05  1.4663E-01
3.0000E-05  2.3170E+05  2.3170E+05  1.4666E-01
3.1250E-05  2.1529E+05  2.1529E+05  1.4669E-01
3.2500E-05  1.9905E+05  1.9905E+05  1.4672E-01
3.3750E-05  1.8121E+05  1.8121E+05  1.4675E-01
3.5000E-05  1.6584E+05  1.6584E+05  1.4678E-01
3.6250E-05  1.5280E+05  1.5280E+05  1.4684E-01
3.7500E-05  1.4149E+05  1.4149E+05  1.4687E-01
3.8750E-05  1.3159E+05  1.3159E+05  1.4691E-01
4.0000E-05  1.2295E+05  1.2295E+05  1.4695E-01
4.1250E-05  1.1564E+05  1.1563E+05  1.4699E-01
4.2500E-05  1.1028E+05  1.1028E+05  1.4703E-01
4.3750E-05  1.0918E+05  1.0918E+05  1.4708E-01
4.5000E-05  1.0712E+05  1.0712E+05  1.4712E-01
4.6250E-05  9.4816E+04  9.4816E+04  1.4717E-01
4.7500E-05  8.6575E+04  8.6575E+04  1.4721E-01
4.8750E-05  8.0565E+04  8.0565E+04  1.4726E-01
5.0000E-05  7.5600E+04  7.5599E+04  1.4731E-01
5.1250E-05  7.1262E+04  7.1262E+04  1.4736E-01
5.2500E-05  6.7375E+04  6.7375E+04  1.4741E-01
5.3750E-05  6.3847E+04  6.3847E+04  1.4746E-01
5.5000E-05  6.0625E+04  6.0625E+04  1.4752E-01
5.6250E-05  5.7676E+04  5.7676E+04  1.4757E-01
5.7500E-05  5.4983E+04  5.4983E+04  1.4763E-01
5.8750E-05  5.2552E+04  5.2552E+04  1.4769E-01
6.0000E-05  5.0429E+04  5.0429E+04  1.4774E-01
6.1250E-05  4.8768E+04  4.8768E+04  1.4780E-01
6.2500E-05  4.8114E+04  4.8114E+04  1.4787E-01
6.3750E-05  5.1008E+04  5.1008E+04  1.4793E-01
6.5000E-05  6.6921E+04  6.6921E+04  1.4799E-01
6.6250E-05  4.9769E+04  4.9769E+04  1.4806E-01
6.7500E-05  4.2081E+04  4.2081E+04  1.4812E-01
6.8750E-05  3.8747E+04  3.8747E+04  1.4819E-01
7.0000E-05  3.6585E+04  3.6585E+04  1.4826E-01
7.1250E-05  3.4921E+04  3.4921E+04  1.4832E-01
7.2500E-05  3.3572E+04  3.3572E+04  1.4839E-01
7.3750E-05  3.2530E+04  3.2530E+04  1.4847E-01
7.5000E-05  3.1904E+04  3.1904E+04  1.4854E-01
7.6250E-05  3.1558E+04  3.1557E+04  1.4861E-01
7.7500E-05  3.0195E+04  3.0195E+04  1.4869E-01
7.8750E-05  2.8442E+04  2.8442E+04  1.4876E-01
8.0000E-05  2.7034E+04  2.7034E+04  1.4884E-01
8.1250E-05  2.5882E+04  2.5882E+04  1.4892E-01
8.2500E-05  2.4881E+04  2.4881E+04  1.4900E-01
8.3750E-05  2.3979E+04  2.3979E+04  1.4908E-01
8.5000E-05  2.3148E+04  2.3148E+04  1.4916E-01
8.6250E-05  2.2376E+04  2.2376E+04  1.4924E-01
8.7500E-05  2.1654E+04  2.1654E+04  1.4932E-01
8.8750E-05  2.0978E+04  2.0978E+04  1.4941E-01
9.0000E-05  2.0346E+04  2.0346E+04  1.4949E-01
9.1250E-05  1.9761E+04  1.9761E+04  1.4958E-01
9.2500E-05  1.9229E+04  1.9229E+04  1.4967E-01
9.3750E-05  1.8769E+04  1.8769E+04  1.4976E-01
9.5000E-05  1.8425E+04  1.8425E+04  1.4985E-01
9.6250E-05  1.8316E+04  1.8316E+04  1.4994E-01
9.7500E-05  1.8855E+04  1.8855E+04  1.5003E-01
9.8750E-05  2.2174E+04  2.2173E+04  1.5012E-01
1.0000E-04  5.3517E+04  5.3517E+04  1.5022E-01
1.0125E-04  2.7479E+04  2.7479E+04  1.5031E-01
1.0250E-04  1.8570E+04  1.8570E+04  1.5041E-01
1.0375E-04  1.6410E+04  1.6410E+04  1.5051E-01
1.0500E-04  1.5487E+04  1.5487E+04  1.5061E-01
1.0625E-04  1.5054E+04  1.5054E+04  1.5071E-01
1.0750E-04  1.5103E+04  1.5103E+04  1.5081E-01
1.0875E-04  1.6171E+04  1.6170E+04  1.5091E-01
1.1000E-04  1.6963E+04  1.6963E+04  1.5101E-01
1.1125E-04  1.4644E+04  1.4644E+04  1.5111E-01
1.1250E-04  1.3331E+04  1.3331E+04  1.5122E-01
1.1375E-04  1.2605E+04  1.2605E+04  1.5132E-01
1.1500E-04  1.2100E+04  1.2100E+04  1.5143E-01
1.1625E-04  1.1696E+04  1.1696E+04  1.5154E-01
1.1750E-04  1.1348E+04  1.1348E+04  1.5164E-01
1.1875E-04  1.1034E+04  1.1034E+04  1.5175E-01
1.2000E-04  1.0745E+04  1.0745E+04  1.5186E-01
1.2125E-04  1.0474E+04  1.0474E+04  1.5197E-01
1.2250E-04  1.0218E+04  1.0218E+04  1.5209E-01
1.2375E-04  9.9752E+03  9.9751E+03  1.5220E-01
1.2500E-04  9.7435E+03  9.7433E+03  1.5231E-01
1.2625E-04  9.5222E+03  9.5221E+03  1.5243E-01
1.2750E-04  9.3111E+03  9.3110E+03  1.5254E-01
1.2875E-04  9.1120E+03  9.1118E+03  1.5266E-01
1.3000E-04  8.9167E+03  8.9165E+03  1.5278E-01
1.3125E-04  8.7314E+03  8.7312E+03  1.5290E-01
1.3250E-04  8.5576E+03  8.5574E+03  1.5302E-01
1.3375E-04  8.3960E+03  8.3959E+03  1.5314E-01
1.3500E-04  8.2503E+03  8.2502E+03  1.5326E-01
1.3625E-04  8.2306E+03  8.2305E+03  1.5338E-01
1.3750E-04  8.1466E+03  8.1465E+03  1.5351E-01
1.3875E-04  8.1387E+03  8.1386E+03  1.5363E-01
1.4000E-04  8.2781E+03  8.2780E+03  1.5376E-01
1.4125E-04  8.5165E+03  8.5164E+03  1.5388E-01
1.4250E-04  8.2584E+03  8.2582E+03  1.5401E-01
1.4375E-04  7.7469E+03  7.7468E+03  1.5413E-01
1.4500E-04  7.3849E+03  7.3847E+03  1.5426E-01
1.4625E-04  7.1336E+03  7.1335E+03  1.5439E-01
1.4750E-04  6.9394E+03  6.9392E+03  1.5452E-01
1.4875E-04  6.7765E+03  6.7763E+03  1.5465E-01
1.5000E-04  6.6334E+03  6.6332E+03  1.5478E-01
1.5125E-04  6.5047E+03  6.5045E+03  1.5492E-01
1.5250E-04  6.3881E+03  6.3880E+03  1.5505E-01
1.5375E-04  6.2832E+03  6.2831E+03  1.5518E-01
1.5500E-04  6.1913E+03  6.1912E+03  1.5532E-01
1.5625E-04  6.1160E+03  6.1158E+03  1.5545E-01
1.5750E-04  6.0645E+03  6.0644E+03  1.5559E-01
1.5875E-04  6.0511E+03  6.0510E+03  1.5572E-01
1.6000E-04  6.1073E+03  6.1072E+03  1.5586E-01
1.6125E-04  6.3104E+03  6.3103E+03  1.5600E-01
1.6250E-04  6.8883E+03  6.8882E+03  1.5614E-01
1.6375E-04  8.7623E+03  8.7621E+03  1.5628E-01
1.6500E-04  1.7351E+04  1.7351E+04  1.5642E-01
1.6625E-04  1.1395E+05  1.1395E+05  1.5656E-01
1.6750E-04  1.3211E+04  1.3211E+04  1.5670E-01
1.6875E-04  7.5798E+03  7.5796E+03  1.5685E-01
1.7000E-04  6.2156E+03  6.2154E+03  1.5699E-01
1.7125E-04  5.6417E+03  5.6415E+03  1.5714E-01
1.7250E-04  5.3206E+03  5.3205E+03  1.5728E-01
1.7375E-04  5.1079E+03  5.1077E+03  1.5743E-01
1.7500E-04  4.9455E+03  4.9454E+03  1.5757E-01
1.7625E-04  4.8153E+03  4.8151E+03  1.5772E-01
1.7750E-04  4.7093E+03  4.7091E+03  1.5787E-01
1.7875E-04  4.6050E+03  4.6049E+03  1.5802E-01
1.8000E-04  4.5131E+03  4.5129E+03  1.5817E-01
1.8125E-04  4.4305E+03  4.4304E+03  1.5832E-01
1.8250E-04  4.3499E+03  4.3497E+03  1.5847E-01
1.8375E-04  4.2747E+03  4.2745E+03  1.5862E-01
1.8500E-04  4.2030E+03  4.2028E+03  1.5877E-01
1.8625E-04  4.1344E+03  4.1343E+03  1.5892E-01
1.8750E-04  4.0686E+03  4.0684E+03  1.5907E-01
1.8875E-04  4.0051E+03  4.0050E+03  1.5923E-01
1.9000E-04  3.9441E+03  3.9439E+03  1.5938E-01
1.9125E-04  3.8848E+03  3.8846E+03  1.5954E-01
1.9250E-04  3.8275E+03  3.8274E+03  1.5969E-01
1.9375E-04  3.7723E+03  3.7722E+03  1.5985E-01
1.9500E-04  3.7193E+03  3.7191E+03  1.6000E-01
1.9625E-04  3.6685E+03  3.6683E+03  1.6016E-01
1.9750E-04  3.6204E+03  3.6202E+03  1.6032E-01
1.9875E-04  3.5752E+03  3.5750E+03  1.6048E-01
2.0000E-04  3.5338E+03  3.5336E+03  1.6063E-01
2.0125E-04  3.4975E+03  3.4973E+03  1.6079E-01
2.0250E-04  3.4695E+03  3.4693E+03  1.6095E-01
2.0375E-04  3.4543E+03  3.4542E+03  1.6111E-01
2.0500E-04  3.4634E+03  3.4632E+03  1.6127E-01
2.0625E-04  3.5235E+03  3.5234E+03  1.6144E-01
2.0750E-04  3.7111E+03  3.7109E+03  1.6160E-01
2.0875E-04  4.2763E+03  4.2761E+03  1.6176E-01
2.1000E-04  5.1064E+03  5.1062E+03  1.6192E-01
2.1125E-04  4.1807E+03  4.1805E+03  1.6209E-01
2.1250E-04  3.5596E+03  3.5595E+03  1.6225E-01
2.1375E-04  3.3892E+03  3.3890E+03  1.6242E-01
2.1500E-04  3.2431E+03  3.2429E+03  1.6258E-01
2.1625E-04  3.1467E+03  3.1465E+03  1.6275E-01
2.1750E-04  3.0746E+03  3.0744E+03  1.6291E-01
2.1875E-04  3.0151E+03  3.0150E+03  1.6308E-01
2.2000E-04  2.9635E+03  2.9633E+03  1.6325E-01
2.2125E-04  2.9173E+03  2.9172E+03  1.6341E-01
2.2250E-04  2.8749E+03  2.8747E+03  1.6358E-01
2.2375E-04  2.8352E+03  2.8351E+03  1.6375E-01
2.2500E-04  2.7979E+03  2.7978E+03  1.6392E-01
2.2625E-04  2.7626E+03  2.7624E+03  1.6409E-01
2.2750E-04  2.7291E+03  2.7290E+03  1.6426E-01
2.2875E-04  2.6975E+03  2.6973E+03  1.6443E-01
2.3000E-04  2.6678E+03  2.6677E+03  1.6460E-01
2.3125E-04  2.6405E+03  2.6403E+03  1.6477E-01
2.3250E-04  2.6160E+03  2.6159E+03  1.6494E-01
2.3375E-04  2.5956E+03  2.5954E+03  1.6511E-01
2.3500E-04  2.5812E+03  2.5810E+03  1.6528E-01
2.3625E-04  2.5768E+03  2.5766E+03  1.6545E-01
2.3750E-04  2.5906E+03  2.5904E+03  1.6563E-01
2.3875E-04  2.6418E+03  2.6416E+03  1.6580E-01
2.4000E-04  2.7683E+03  2.7681E+03  1.6597E-01
2.4125E-04  2.9809E+03  2.9807E+03  1.6615E-01
2.4250E-04  2.9676E+03  2.9674E+03  1.6632E-01
2.4375E-04  2.7133E+03  2.7131E+03  1.6649E-01
2.4500E-04  2.5357E+03  2.5355E+03  1.6667E-01
2.4625E-04  2.4341E+03  2.4339E+03  1.6684E-01
2.4750E-04  2.3698E+03  2.3697E+03  1.6702E-01
2.4875E-04  2.3245E+03  2.3244E+03  1.6719E-01
2.5000E-04  2.2902E+03  2.2901E+03  1.6737E-01
2.5125E-04  2.2628E+03  2.2627E+03  1.6755E-01
2.5250E-04  2.2403E+03  2.2401E+03  1.6772E-01
2.5375E-04  2.2218E+03  2.2216E+03  1.6790E-01
2.5500E-04  2.2071E+03  2.2069E+03  1.6808E-01
2.5625E-04  2.1967E+03  2.1965E+03  1.6826E-01
2.5750E-04  2.1919E+03  2.1917E+03  1.6843E-01
2.5875E-04  2.2019E+03  2.2018E+03  1.6861E-01
2.6000E-04  2.2124E+03  2.2122E+03  1.6879E-01
2.6125E-04  2.2553E+03  2.2552E+03  1.6897E-01
2.6250E-04  2.3610E+03  2.3609E+03  1.6915E-01
2.6375E-04  2.6460E+03  2.6459E+03  1.6933E-01
2.6500E-04  3.6991E+03  3.6989E+03  1.6951E-01
2.6625E-04  1.2494E+04  1.2493E+04  1.6968E-01
2.6750E-04  5.6815E+03  5.6814E+03  1.6986E-01
2.6875E-04  2.9779E+03  2.9778E+03  1.7004E-01
2.7000E-04  2.4181E+03  2.4179E+03  1.7023E-01
2.7125E-04  2.2121E+03  2.2119E+03  1.7041E-01
2.7250E-04  2.1103E+03  2.1101E+03  1.7059E-01
2.7375E-04  2.0495E+03  2.0493E+03  1.7077E-01
2.7500E-04  2.0083E+03  2.0081E+03  1.7095E-01
2.7625E-04  1.9764E+03  1.9762E+03  1.7113E-01
2.7750E-04  1.9502E+03  1.9500E+03  1.7131E-01
2.7875E-04  2.0160E+03  2.0159E+03  1.7150E-01
2.8000E-04  1.9940E+03  1.9938E+03  1.7168E-01
2.8125E-04  1.9732E+03  1.9731E+03  1.7186E-01
2.8250E-04  1.9537E+03  1.9535E+03  1.7204E-01
2.8375E-04  1.9351E+03  1.9349E+03  1.7223E-01
2.8500E-04  1.9171E+03  1.9170E+03  1.7241E-01
2.8625E-04  1.8999E+03  1.8998E+03  1.7259E-01
2.8750E-04  1.8836E+03  1.8834E+03  1.7277E-01
2.8875E-04  1.8680E+03  1.8678E+03  1.7296E-01
2.9000E-04  1.8532E+03  1.8530E+03  1.7314E-01
2.9125E-04  1.8398E+03  1.8397E+03  1.7332E-01
2.9250E-04  1.8276E+03  1.8274E+03  1.7351E-01
2.9375E-04  1.8175E+03  1.8173E+03  1.7369E-01
2.9500E-04  1.8102E+03  1.8100E+03  1.7387E-01
2.9625E-04  1.8072E+03  1.8070E+03  1.7406E-01
2.9750E-04  1.8109E+03  1.8108E+03  1.7424E-01
2.9875E-04  1.8264E+03  1.8263E+03  1.7443E-01
3.0000E-04  1.8641E+03  1.8639E+03  1.7461E-01
3.0125E-04  1.9484E+03  1.9482E+03  1.7480E-01
3.0250E-04  2.1558E+03  2.1556E+03  1.7498E-01
3.0375E-04  2.8033E+03  2.8031E+03  1.7517E-01
3.0500E-04  6.6527E+03  6.6525E+03  1.7535E-01
3.0625E-04  1.5735E+05  1.5735E+05  1.7554E-01
3.0750E-04  5.1908E+03  5.1906E+03  1.7572E-01
3.0875E-04  2.5949E+03  2.5947E+03  1.7591E-01
3.1000E-04  2.0414E+03  2.0412E+03  1.7609E-01
3.1125E-04  1.8305E+03  1.8303E+03  1.7628E-01
3.1250E-04  1.7237E+03  1.7235E+03  1.7646E-01
3.1375E-04  1.6592E+03  1.6590E+03  1.7665E-01
3.1500E-04  1.6153E+03  1.6151E+03  1.7683E-01
3.1625E-04  1.5828E+03  1.5827E+03  1.7702E-01
3.1750E-04  1.5574E+03  1.5573E+03  1.7720E-01
3.1875E-04  1.5371E+03  1.5369E+03  1.7739E-01
3.2000E-04  1.5236E+03  1.5234E+03  1.7757E-01
3.2125E-04  1.5084E+03  1.5083E+03  1.7776E-01
3.2250E-04  1.4996E+03  1.4994E+03  1.7795E-01
3.2375E-04  1.4969E+03  1.4967E+03  1.7813E-01
3.2500E-04  1.5067E+03  1.5066E+03  1.7832E-01
3.2625E-04  1.5275E+03  1.5273E+03  1.7850E-01
3.2750E-04  1.5872E+03  1.5870E+03  1.7869E-01
3.2875E-04  1.7412E+03  1.7410E+03  1.7887E-01
3.3000E-04  2.2313E+03  2.2311E+03  1.7906E-01
3.3125E-04  4.3713E+03  4.3712E+03  1.7925E-01
3.3250E-04  3.2270E+03  3.2268E+03  1.7943E-01
3.3375E-04  1.9487E+03  1.9485E+03  1.7962E-01
3.3500E-04  1.6096E+03  1.6094E+03  1.7980E-01
3.3625E-04  1.4721E+03  1.4719E+03  1.7999E-01
3.3750E-04  1.3999E+03  1.3997E+03  1.8018E-01
3.3875E-04  1.3548E+03  1.3546E+03  1.8036E-01
3.4000E-04  1.3233E+03  1.3231E+03  1.8055E-01
3.4125E-04  1.2984E+03  1.2983E+03  1.8073E-01
3.4250E-04  1.2779E+03  1.2777E+03  1.8092E-01
3.4375E-04  1.2603E+03  1.2601E+03  1.8110E-01
3.4500E-04  1.2445E+03  1.2443E+03  1.8129E-01
3.4625E-04  1.2301E+03  1.2299E+03  1.8148E-01
3.4750E-04  1.2167E+03  1.2166E+03  1.8166E-01
3.4875E-04  1.2039E+03  1.2037E+03  1.8185E-01
3.5000E-04  1.1919E+03  1.1917E+03  1.8203E-01
3.5125E-04  1.1804E+03  1.1803E+03  1.8222E-01
3.5250E-04  1.1695E+03  1.1693E+03  1.8240E-01
3.5375E-04  1.1589E+03  1.1588E+03  1.8259E-01
3.5500E-04  1.1487E+03  1.1485E+03  1.8277E-01
3.5625E-04  1.1390E+03  1.1388E+03  1.8296E-01
3.5750E-04  1.1296E+03  1.1294E+03  1.8315E-01
3.5875E-04  1.1207E+03  1.1205E+03  1.8333E-01
3.6000E-04  1.1124E+03  1.1122E+03  1.8352E-01
3.6125E-04  1.1046E+03  1.1044E+03  1.8370E-01
3.6250E-04  1.0975E+03  1.0973E+03  1.8389E-01
3.6375E-04  1.0913E+03  1.0911E+03  1.8407E-01
3.6500E-04  1.0864E+03  1.0862E+03  1.8426E-01
3.6625E-04  1.0832E+03  1.0830E+03  1.8444E-01
3.6750E-04  1.0827E+03  1.0825E+03  1.8463E-01
3.6875E-04  1.0863E+03  1.0861E+03  1.8481E-01
3.7000E-04  1.0972E+03  1.0971E+03  1.8499E-01
3.7125E-04  1.1219E+03  1.1217E+03  1.8518E-01
3.7250E-04  1.1759E+03  1.1757E+03  1.8536E-01
3.7375E-04  1.3038E+03  1.3036E+03  1.8555E-01
3.7500E-04  1.6536E+03  1.6534E+03  1.8573E-01
3.7625E-04  2.1919E+03  2.1918E+03  1.8592E-01
3.7750E-04  1.6602E+03  1.6600E+03  1.8610E-01
3.7875E-04  1.2886E+03  1.2884E+03  1.8629E-01
3.8000E-04  1.1415E+03  1.1413E+03  1.8647E-01
3.8125E-04  1.0701E+03  1.0700E+03  1.8665E-01
3.8250E-04  1.0289E+03  1.0288E+03  1.8684E-01
3.8375E-04  1.0021E+03  1.0019E+03  1.8702E-01
3.8500E-04  9.8509E+02  9.8491E+02  1.8720E-01
3.8625E-04  9.6772E+02  9.6753E+02  1.8739E-01
3.8750E-04  9.5548E+02  9.5530E+02  1.8757E-01
3.8875E-04  9.4596E+02  9.4577E+02  1.8775E-01
3.9000E-04  9.3883E+02  9.3864E+02  1.8793E-01
3.9125E-04  9.2907E+02  9.2888E+02  1.8812E-01
3.9250E-04  9.2170E+02  9.2151E+02  1.8830E-01
3.9375E-04  9.1548E+02  9.1529E+02  1.8848E-01
3.9500E-04  9.1011E+02  9.0992E+02  1.8866E-01
3.9625E-04  9.0585E+02  9.0566E+02  1.8885E-01
3.9750E-04  9.0281E+02  9.0262E+02  1.8903E-01
3.9875E-04  9.0143E+02  9.0124E+02  1.8921E-01
4.0000E-04  9.0286E+02  9.0267E+02  1.8939E-01
4.0125E-04  9.2349E+02  9.2330E+02  1.8957E-01
4.0250E-04  9.1808E+02  9.1789E+02  1.8975E-01
4.0375E-04  9.4046E+02  9.4027E+02  1.8994E-01
4.0500E-04  9.9164E+02  9.9145E+02  1.9012E-01
4.0625E-04  1.0835E+03  1.0834E+03  1.9030E-01
4.0750E-04  1.2385E+03  1.2384E+03  1.9048E-01
4.0875E-04  1.2488E+03  1.2486E+03  1.9066E-01
4.1000E-04  1.0886E+03  1.0884E+03  1.9084E-01
4.1125E-04  9.7826E+02  9.7807E+02  1.9102E-01
4.1250E-04  9.1985E+02  9.1966E+02  1.9120E-01
4.1375E-04  8.8727E+02  8.8708E+02  1.9138E-01
4.1500E-04  8.6734E+02  8.6715E+02  1.9156E-01
4.1625E-04  8.5416E+02  8.5397E+02  1.9174E-01
4.1750E-04  8.4502E+02  8.4482E+02  1.9192E-01
4.1875E-04  8.3839E+02  8.3820E+02  1.9210E-01
4.2000E-04  8.3347E+02  8.3328E+02  1.9227E-01
4.2125E-04  8.2958E+02  8.2939E+02  1.9245E-01
4.2250E-04  8.2658E+02  8.2639E+02  1.9263E-01
4.2375E-04  8.2428E+02  8.2409E+02  1.9281E-01
4.2500E-04  8.2273E+02  8.2254E+02  1.9299E-01
4.2625E-04  8.2082E+02  8.2062E+02  1.9317E-01
4.2750E-04  8.1926E+02  8.1906E+02  1.9334E-01
4.2875E-04  8.1820E+02  8.1800E+02  1.9352E-01
4.3000E-04  8.1813E+02  8.1793E+02  1.9370E-01
4.3125E-04  8.1599E+02  8.1580E+02  1.9388E-01
4.3250E-04  8.1565E+02  8.1546E+02  1.9405E-01
4.3375E-04  8.1412E+02  8.1392E+02  1.9423E-01
4.3500E-04  8.1337E+02  8.1318E+02  1.9441E-01
4.3625E-04  8.1285E+02  8.1265E+02  1.9458E-01
4.3750E-04  8.1353E+02  8.1333E+02  1.9476E-01
4.3875E-04  8.1043E+02  8.1024E+02  1.9493E-01
4.4000E-04  8.0909E+02  8.0889E+02  1.9511E-01
4.4125E-04  8.0797E+02  8.0777E+02  1.9529E-01
4.4250E-04  8.0645E+02  8.0626E+02  1.9546E-01
4.4375E-04  8.0412E+02  8.0392E+02  1.9564E-01
4.4500E-04  8.0112E+02  8.0093E+02  1.9581E-01
4.4625E-04  7.9772E+02  7.9752E+02  1.9599E-01
4.4750E-04  7.9406E+02  7.9386E+02  1.9616E-01
4.4875E-04  7.9035E+02  7.9016E+02  1.9633E-01
4.5000E-04  7.8840E+02  7.8821E+02  1.9651E-01
4.5125E-04  7.8273E+02  7.8253E+02  1.9668E-01
4.5250E-04  7.7901E+02  7.7882E+02  1.9685E-01
4.5375E-04  7.7629E+02  7.7609E+02  1.9703E-01
4.5500E-04  7.7219E+02  7.7199E+02  1.9720E-01
4.5625E-04  7.6911E+02  7.6892E+02  1.9737E-01
4.5750E-04  7.6655E+02  7.6635E+02  1.9755E-01
4.5875E-04  7.6469E+02  7.6449E+02  1.9772E-01
4.6000E-04  7.6362E+02  7.6342E+02  1.9789E-01
4.6125E-04  7.6396E+02  7.6376E+02  1.9806E-01
4.6250E-04  7.6644E+02  7.6624E+02  1.9823E-01
4.6375E-04  7.7211E+02  7.7191E+02  1.9841E-01
4.6500E-04  7.8354E+02  7.8334E+02  1.9858E-01
4.6625E-04  8.0592E+02  8.0572E+02  1.9875E-01
4.6750E-04  8.5146E+02  8.5126E+02  1.9892E-01
4.6875E-04  9.5675E+02  9.5655E+02  1.9909E-01
4.7000E-04  1.2620E+03  1.2618E+03  1.9926E-01
4.7125E-04  2.8444E+03  2.8442E+03  1.9943E-01
4.7250E-04  3.2206E+04  3.2206E+04  1.9960E-01
4.7375E-04  2.4549E+03  2.4547E+03  1.9977E-01
4.7500E-04  1.1994E+03  1.1992E+03  1.9994E-01
4.7625E-04  9.2080E+02  9.2060E+02  2.0011E-01
4.7750E-04  8.1559E+02  8.1539E+02  2.0028E-01
4.7875E-04  7.6351E+02  7.6331E+02  2.0044E-01
4.8000E-04  7.3289E+02  7.3269E+02  2.0061E-01
4.8125E-04  7.1261E+02  7.1241E+02  2.0078E-01
4.8250E-04  6.9792E+02  6.9772E+02  2.0095E-01
4.8375E-04  6.8652E+02  6.8631E+02  2.0112E-01
4.8500E-04  6.7719E+02  6.7699E+02  2.0128E-01
4.8625E-04  6.6959E+02  6.6939E+02  2.0145E-01
4.8750E-04  6.6224E+02  6.6204E+02  2.0162E-01
4.8875E-04  6.5617E+02  6.5597E+02  2.0178E-01
4.9000E-04  6.5001E+02  6.4981E+02  2.0195E-01
4.9125E-04  6.4469E+02  6.4448E+02  2.0212E-01
4.9250E-04  6.3972E+02  6.3952E+02  2.0228E-01
4.9375E-04  6.3450E+02  6.3430E+02  2.0245E-01
4.9500E-04  6.2969E+02  6.2949E+02  2.0261E-01
4.9625E-04  6.2508E+02  6.2487E+02  2.0278E-01
4.9750E-04  6.2063E+02  6.2043E+02  2.0294E-01
4.9875E-04  6.1630E+02  6.1610E+02  2.0311E-01
5.0000E-04  6.1203E+02  6.1183E+02  2.0327E-01
5.0125E-04  6.0791E+02  6.0771E+02  2.0344E-01
5.0250E-04  6.0382E+02  6.0361E+02  2.0360E-01
5.0375E-04  5.9984E+02  5.9964E+02  2.0376E-01
5.0500E-04  5.9592E+02  5.9572E+02  2.0393E-01
5.0625E-04  5.9209E+02  5.9189E+02  2.0409E-01
5.0750E-04  5.8827E+02  5.8807E+02  2.0425E-01
5.0875E-04  5.8454E+02  5.8433E+02  2.0441E-01
5.1000E-04  5.8088E+02  5.8067E+02  2.0458E-01
5.1125E-04  5.7725E+02  5.7704E+02  2.0474E-01
5.1250E-04  5.7357E+02  5.7337E+02  2.0490E-01
5.1375E-04  5.7002E+02  5.6981E+02  2.0506E-01
5.1500E-04  5.6667E+02  5.6646E+02  2.0522E-01
5.1625E-04  5.6318E+02  5.6298E+02  2.0538E-01
5.1750E-04  5.5957E+02  5.5936E+02  2.0554E-01
5.1875E-04  5.5676E+02  5.5655E+02  2.0570E-01
5.2000E-04  5.5283E+02  5.5262E+02  2.0586E-01
5.2125E-04  5.4951E+02  5.4930E+02  2.0602E-01
5.2250E-04  5.4616E+02  5.4596E+02  2.0618E-01
5.2375E-04  5.4291E+02  5.4271E+02  2.0634E-01
5.2500E-04  5.3969E+02  5.3949E+02  2.0650E-01
5.2625E-04  5.3652E+02  5.3632E+02  2.0666E-01
5.2750E-04  5.3338E+02  5.3317E+02  2.0682E-01
5.2875E-04  5.3025E+02  5.3004E+02  2.0697E-01
5.3000E-04  5.2725E+02  5.2705E+02  2.0713E-01
5.3125E-04  5.2552E+02  5.2531E+02  2.0729E-01
5.3250E-04  5.2113E+02  5.2093E+02  2.0745E-01
5.3375E-04  5.1813E+02  5.1792E+02  2.0760E-01
5.3500E-04  5.1520E+02  5.1499E+02  2.0776E-01
5.3625E-04  5.1229E+02  5.1209E+02  2.0792E-01
5.3750E-04  5.0944E+02  5.0923E+02  2.0807E-01
5.3875E-04  5.0663E+02  5.0643E+02  2.0823E-01
5.4000E-04  5.0387E+02  5.0367E+02  2.0838E-01
5.4125E-04  5.0117E+02  5.0096E+02  2.0854E-01
5.4250E-04  4.9851E+02  4.9830E+02  2.0869E-01
5.4375E-04  4.9592E+02  4.9571E+02  2.0885E-01
5.4500E-04  4.9339E+02  4.9318E+02  2.0901E-01
5.4625E-04  4.9094E+02  4.9073E+02  2.0916E-01
5.4750E-04  4.8859E+02  4.8839E+02  2.0931E-01
5.4875E-04  4.8634E+02  4.8613E+02  2.0947E-01
5.5000E-04  4.8419E+02  4.8398E+02  2.0962E-01
5.5125E-04  4.8217E+02  4.8196E+02  2.0977E-01
5.5250E-04  4.8029E+02  4.8008E+02  2.0993E-01
5.5375E-04  4.7861E+02  4.7840E+02  2.1008E-01
5.5500E-04  4.7723E+02  4.7702E+02  2.1023E-01
5.5625E-04  4.7595E+02  4.7574E+02  2.1038E-01
5.5750E-04  4.7510E+02  4.7489E+02  2.1053E-01
5.5875E-04  4.7476E+02  4.7454E+02  2.1069E-01
5.6000E-04  4.7513E+02  4.7492E+02  2.1084E-01
5.6125E-04  4.7636E+02  4.7615E+02  2.1099E-01
5.6250E-04  4.7913E+02  4.7892E+02  2.1114E-01
5.6375E-04  4.8423E+02  4.8402E+02  2.1129E-01
5.6500E-04  4.9324E+02  4.9303E+02  2.1144E-01
5.6625E-04  5.0945E+02  5.0924E+02  2.1159E-01
5.6750E-04  5.4072E+02  5.4051E+02  2.1174E-01
5.6875E-04  6.0488E+02  6.0467E+02  2.1189E-01
5.7000E-04  7.7226E+02  7.7204E+02  2.1204E-01
5.7125E-04  1.4099E+03  1.4096E+03  2.1218E-01
5.7250E-04  7.0343E+03  7.0341E+03  2.1233E-01
5.7375E-04  2.0206E+03  2.0203E+03  2.1248E-01
5.7500E-04  8.8298E+02  8.8277E+02  2.1263E-01
5.7625E-04  6.3500E+02  6.3479E+02  2.1278E-01
5.7750E-04  5.4387E+02  5.4365E+02  2.1292E-01
5.7875E-04  5.0040E+02  5.0018E+02  2.1307E-01
5.8000E-04  4.7590E+02  4.7569E+02  2.1322E-01
5.8125E-04  4.6038E+02  4.6016E+02  2.1336E-01
5.8250E-04  4.4966E+02  4.4944E+02  2.1351E-01
5.8375E-04  4.4178E+02  4.4156E+02  2.1365E-01
5.8500E-04  4.3551E+02  4.3530E+02  2.1380E-01
5.8625E-04  4.3043E+02  4.3021E+02  2.1394E-01
5.8750E-04  4.2620E+02  4.2598E+02  2.1409E-01
5.8875E-04  4.2253E+02  4.2231E+02  2.1423E-01
5.9000E-04  4.1905E+02  4.1883E+02  2.1438E-01
5.9125E-04  4.1601E+02  4.1579E+02  2.1452E-01
5.9250E-04  4.1325E+02  4.1303E+02  2.1467E-01
5.9375E-04  4.1088E+02  4.1067E+02  2.1481E-01
5.9500E-04  4.0818E+02  4.0797E+02  2.1495E-01
5.9625E-04  4.0581E+02  4.0559E+02  2.1510E-01
5.9750E-04  4.0356E+02  4.0334E+02  2.1524E-01
5.9875E-04  4.0145E+02  4.0124E+02  2.1538E-01
6.0000E-04  3.9937E+02  3.9915E+02  2.1552E-01
6.0125E-04  3.9737E+02  3.9716E+02  2.1566E-01
6.0250E-04  3.9544E+02  3.9522E+02  2.1581E-01
6.0375E-04  3.9356E+02  3.9335E+02  2.1595E-01
6.0500E-04  3.9176E+02  3.9154E+02  2.1609E-01
6.0625E-04  3.9001E+02  3.8979E+02  2.1623E-01
6.0750E-04  3.8835E+02  3.8813E+02  2.1637E-01
6.0875E-04  3.8673E+02  3.8652E+02  2.1651E-01
6.1000E-04  3.8541E+02  3.8520E+02  2.1665E-01
6.1125E-04  3.8365E+02  3.8344E+02  2.1679E-01
6.1250E-04  3.8224E+02  3.8202E+02  2.1693E-01
6.1375E-04  3.8093E+02  3.8071E+02  2.1707E-01
6.1500E-04  3.7968E+02  3.7946E+02  2.1721E-01
6.1625E-04  3.7856E+02  3.7835E+02  2.1734E-01
6.1750E-04  3.7755E+02  3.7733E+02  2.1748E-01
6.1875E-04  3.7671E+02  3.7649E+02  2.1762E-01
6.2000E-04  3.7607E+02  3.7585E+02  2.1776E-01
6.2125E-04  3.7567E+02  3.7546E+02  2.1789E-01
6.2250E-04  3.7560E+02  3.7538E+02  2.1803E-01
6.2375E-04  3.7596E+02  3.7574E+02  2.1817E-01
6.2500E-04  3.7690E+02  3.7668E+02  2.1830E-01
6.2625E-04  3.7870E+02  3.7848E+02  2.1844E-01
6.2750E-04  3.8175E+02  3.8153E+02  2.1858E-01
6.2875E-04  3.8677E+02  3.8655E+02  2.1871E-01
6.3000E-04  3.9498E+02  3.9476E+02  2.1885E-01
6.3125E-04  4.0891E+02  4.0869E+02  2.1898E-01
6.3250E-04  4.3396E+02  4.3374E+02  2.1912E-01
6.3375E-04  4.8365E+02  4.8343E+02  2.1925E-01
6.3500E-04  5.9954E+02  5.9932E+02  2.1939E-01
6.3625E-04  9.6145E+02  9.6124E+02  2.1952E-01
6.3750E-04  2.4566E+03  2.4564E+03  2.1965E-01
6.3875E-04  1.4021E+03  1.4019E+03  2.1979E-01
6.4000E-04  7.0844E+02  7.0822E+02  2.1992E-01
6.4125E-04  5.2336E+02  5.2314E+02  2.2005E-01
6.4250E-04  4.5095E+02  4.5073E+02  2.2019E-01
6.4375E-04  4.1612E+02  4.1590E+02  2.2032E-01
6.4500E-04  3.9741E+02  3.9719E+02  2.2045E-01
6.4625E-04  3.8677E+02  3.8655E+02  2.2058E-01
6.4750E-04  3.8110E+02  3.8088E+02  2.2071E-01
6.4875E-04  3.7896E+02  3.7874E+02  2.2085E-01
6.5000E-04  3.7994E+02  3.7972E+02  2.2098E-01
6.5125E-04  3.8434E+02  3.8412E+02  2.2111E-01
6.5250E-04  3.9335E+02  3.9313E+02  2.2124E-01
6.5375E-04  4.0940E+02  4.0917E+02  2.2137E-01
6.5500E-04  4.3803E+02  4.3781E+02  2.2150E-01
6.5625E-04  4.9259E+02  4.9237E+02  2.2163E-01
6.5750E-04  6.1081E+02  6.1059E+02  2.2176E-01
6.5875E-04  9.3885E+02  9.3863E+02  2.2189E-01
6.6000E-04  2.5221E+03  2.5218E+03  2.2201E-01
6.6125E-04  1.5448E+05  1.5448E+05  2.2214E-01
6.6250E-04  3.8958E+03  3.8956E+03  2.2227E-01
6.6375E-04  1.1145E+03  1.1143E+03  2.2240E-01
6.6500E-04  7.1195E+02  7.1173E+02  2.2253E-01
6.6625E-04  5.1120E+02  5.1098E+02  2.2265E-01
6.6750E-04  4.4342E+02  4.4320E+02  2.2278E-01
6.6875E-04  4.1073E+02  4.1051E+02  2.2291E-01
6.7000E-04  3.8644E+02  3.8621E+02  2.2303E-01
6.7125E-04  3.7341E+02  3.7319E+02  2.2316E-01
6.7250E-04  3.6673E+02  3.6651E+02  2.2329E-01
6.7375E-04  3.6475E+02  3.6453E+02  2.2341E-01
6.7500E-04  3.6766E+02  3.6744E+02  2.2354E-01
6.7625E-04  3.7714E+02  3.7692E+02  2.2366E-01
6.7750E-04  3.9784E+02  3.9762E+02  2.2379E-01
6.7875E-04  4.4154E+02  4.4132E+02  2.2391E-01
6.8000E-04  5.4337E+02  5.4315E+02  2.2404E-01
6.8125E-04  8.1783E+02  8.1760E+02  2.2416E-01
6.8250E-04  1.1505E+03  1.1502E+03  2.2429E-01
6.8375E-04  7.4978E+02  7.4956E+02  2.2441E-01
6.8500E-04  5.1704E+02  5.1682E+02  2.2453E-01
6.8625E-04  4.2111E+02  4.2089E+02  2.2466E-01
6.8750E-04  3.7708E+02  3.7686E+02  2.2478E-01
6.8875E-04  3.5262E+02  3.5239E+02  2.2490E-01
6.9000E-04  3.3761E+02  3.3738E+02  2.2502E-01
6.9125E-04  3.2771E+02  3.2749E+02  2.2515E-01
6.9250E-04  3.2080E+02  3.2057E+02  2.2527E-01
6.9375E-04  3.2145E+02  3.2123E+02  2.2539E-01
6.9500E-04  3.1191E+02  3.1168E+02  2.2551E-01
6.9625E-04  3.0892E+02  3.0870E+02  2.2563E-01
6.9750E-04  3.0724E+02  3.0701E+02  2.2575E-01
6.9875E-04  3.0526E+02  3.0503E+02  2.2587E-01
7.0000E-04  3.0436E+02  3.0414E+02  2.2599E-01
7.0125E-04  3.0448E+02  3.0425E+02  2.2611E-01
7.0250E-04  3.1229E+02  3.1207E+02  2.2623E-01
7.0375E-04  3.0612E+02  3.0590E+02  2.2635E-01
7.0500E-04  3.0944E+02  3.0921E+02  2.2647E-01
7.0625E-04  3.1292E+02  3.1269E+02  2.2659E-01
7.0750E-04  3.1957E+02  3.1935E+02  2.2671E-01
7.0875E-04  3.3253E+02  3.3230E+02  2.2683E-01
7.1000E-04  3.5440E+02  3.5418E+02  2.2695E-01
7.1125E-04  3.9444E+02  3.9421E+02  2.2707E-01
7.1250E-04  4.7514E+02  4.7492E+02  2.2718E-01
7.1375E-04  5.9274E+02  5.9251E+02  2.2730E-01
7.1500E-04  5.8356E+02  5.8334E+02  2.2742E-01
7.1625E-04  4.6653E+02  4.6630E+02  2.2754E-01
7.1750E-04  3.9297E+02  3.9274E+02  2.2765E-01
7.1875E-04  3.5308E+02  3.5285E+02  2.2777E-01
7.2000E-04  3.3271E+02  3.3248E+02  2.2788E-01
7.2125E-04  3.2144E+02  3.2121E+02  2.2800E-01
7.2250E-04  3.1498E+02  3.1475E+02  2.2812E-01
7.2375E-04  3.1121E+02  3.1098E+02  2.2823E-01
7.2500E-04  3.0949E+02  3.0926E+02  2.2835E-01
7.2625E-04  3.0935E+02  3.0912E+02  2.2846E-01
7.2750E-04  3.0900E+02  3.0877E+02  2.2858E-01
7.2875E-04  3.0918E+02  3.0895E+02  2.2869E-01
7.3000E-04  3.1034E+02  3.1011E+02  2.2881E-01
7.3125E-04  3.1147E+02  3.1124E+02  2.2892E-01
7.3250E-04  3.1308E+02  3.1285E+02  2.2903E-01
7.3375E-04  3.2095E+02  3.2072E+02  2.2915E-01
7.3500E-04  3.1659E+02  3.1637E+02  2.2926E-01
7.3625E-04  3.1819E+02  3.1796E+02  2.2937E-01
7.3750E-04  3.1998E+02  3.1975E+02  2.2949E-01
7.3875E-04  3.2179E+02  3.2156E+02  2.2960E-01
7.4000E-04  3.2359E+02  3.2336E+02  2.2971E-01
7.4125E-04  3.2536E+02  3.2513E+02  2.2982E-01
7.4250E-04  3.2700E+02  3.2677E+02  2.2993E-01
7.4375E-04  3.2861E+02  3.2838E+02  2.3005E-01
7.4500E-04  3.3028E+02  3.3005E+02  2.3016E-01
7.4625E-04  3.3152E+02  3.3129E+02  2.3027E-01
7.4750E-04  3.3309E+02  3.3286E+02  2.3038E-01
7.4875E-04  3.3388E+02  3.3365E+02  2.3049E-01
7.5000E-04  3.3410E+02  3.3387E+02  2.3060E-01
7.5125E-04  3.3306E+02  3.3283E+02  2.3071E-01
7.5250E-04  3.3209E+02  3.3186E+02  2.3082E-01
7.5375E-04  3.3097E+02  3.3074E+02  2.3093E-01
7.5500E-04  3.2977E+02  3.2954E+02  2.3104E-01
7.5625E-04  3.2860E+02  3.2836E+02  2.3115E-01
7.5750E-04  3.2721E+02  3.2698E+02  2.3126E-01
7.5875E-04  3.2590E+02  3.2567E+02  2.3136E-01
7.6000E-04  3.2457E+02  3.2434E+02  2.3147E-01
7.6125E-04  3.2323E+02  3.2300E+02  2.3158E-01
7.6250E-04  3.2190E+02  3.2167E+02  2.3169E-01
7.6375E-04  3.2055E+02  3.2032E+02  2.3180E-01
7.6500E-04  3.1921E+02  3.1898E+02  2.3190E-01
7.6625E-04  3.1788E+02  3.1764E+02  2.3201E-01
7.6750E-04  3.1654E+02  3.1631E+02  2.3212E-01
7.6875E-04  3.1523E+02  3.1499E+02  2.3222E-01
7.7000E-04  3.1389E+02  3.1366E+02  2.3233E-01
7.7125E-04  3.1258E+02  3.1235E+02  2.3244E-01
7.7250E-04  3.1126E+02  3.1103E+02  2.3254E-01
7.7375E-04  3.0995E+02  3.0972E+02  2.3265E-01
7.7500E-04  3.0865E+02  3.0842E+02  2.3275E-01
7.7625E-04  3.0737E+02  3.0714E+02  2.3286E-01
7.7750E-04  3.0608E+02  3.0585E+02  2.3296E-01
7.7875E-04  3.0480E+02  3.0457E+02  2.3307E-01
7.8000E-04  3.0362E+02  3.0339E+02  2.3317E-01
7.8125E-04  3.0227E+02  3.0204E+02  2.3328E-01
7.8250E-04  3.0175E+02  3.0152E+02  2.3338E-01
7.8375E-04  2.9979E+02  2.9956E+02  2.3349E-01
7.8500E-04  2.9917E+02  2.9894E+02  2.3359E-01
7.8625E-04  2.9731E+02  2.9707E+02  2.3369E-01
7.8750E-04  2.9604E+02  2.9580E+02  2.3380E-01
7.8875E-04  2.9481E+02  2.9457E+02  2.3390E-01
7.9000E-04  2.9358E+02  2.9335E+02  2.3400E-01
7.9125E-04  2.9237E+02  2.9214E+02  2.3411E-01
7.9250E-04  2.9117E+02  2.9093E+02  2.3421E-01
7.9375E-04  2.8997E+02  2.8973E+02  2.3431E-01
7.9500E-04  2.8877E+02  2.8854E+02  2.3441E-01
7.9625E-04  2.8760E+02  2.8736E+02  2.3451E-01
7.9750E-04  2.8644E+02  2.8620E+02  2.3461E-01
7.9875E-04  2.8660E+02  2.8636E+02  2.3472E-01
8.0000E-04  2.8412E+02  2.8388E+02  2.3482E-01
8.0125E-04  2.8293E+02  2.8269E+02  2.3492E-01
8.0250E-04  2.8177E+02  2.8154E+02  2.3502E-01
8.0375E-04  2.8062E+02  2.8039E+02  2.3512E-01
8.0500E-04  2.7948E+02  2.7925E+02  2.3522E-01
8.0625E-04  2.7835E+02  2.7812E+02  2.3532E-01
8.0750E-04  2.7723E+02  2.7700E+02  2.3542E-01
8.0875E-04  2.7624E+02  2.7600E+02  2.3552E-01
8.1000E-04  2.7502E+02  2.7478E+02  2.3562E-01
8.1125E-04  2.7404E+02  2.7380E+02  2.3572E-01
8.1250E-04  2.7283E+02  2.7260E+02  2.3581E-01
8.1375E-04  2.7171E+02  2.7147E+02  2.3591E-01
8.1500E-04  2.7116E+02  2.7092E+02  2.3601E-01
8.1625E-04  2.6953E+02  2.6930E+02  2.3611E-01
8.1750E-04  2.6843E+02  2.6820E+02  2.3621E-01
8.1875E-04  2.6736E+02  2.6712E+02  2.3630E-01
8.2000E-04  2.6629E+02  2.6605E+02  2.3640E-01
8.2125E-04  2.6523E+02  2.6500E+02  2.3650E-01
8.2250E-04  2.6419E+02  2.6396E+02  2.3660E-01
8.2375E-04  2.6316E+02  2.6292E+02  2.3669E-01
8.2500E-04  2.6210E+02  2.6186E+02  2.3679E-01
8.2625E-04  2.6110E+02  2.6087E+02  2.3689E-01
8.2750E-04  2.6144E+02  2.6120E+02  2.3698E-01
8.2875E-04  2.5902E+02  2.5879E+02  2.3708E-01
8.3000E-04  2.5817E+02  2.5793E+02  2.3717E-01
8.3125E-04  2.5697E+02  2.5673E+02  2.3727E-01
8.3250E-04  2.5644E+02  2.5621E+02  2.3736E-01
8.3375E-04  2.5495E+02  2.5472E+02  2.3746E-01
8.3500E-04  2.5397E+02  2.5373E+02  2.3755E-01
8.3625E-04  2.5298E+02  2.5274E+02  2.3765E-01
8.3750E-04  2.5201E+02  2.5177E+02  2.3774E-01
8.3875E-04  2.5119E+02  2.5095E+02  2.3784E-01
8.4000E-04  2.5035E+02  2.5011E+02  2.3793E-01
8.4125E-04  2.4911E+02  2.4887E+02  2.3803E-01
8.4250E-04  2.4816E+02  2.4792E+02  2.3812E-01
8.4375E-04  2.4747E+02  2.4723E+02  2.3821E-01
8.4500E-04  2.4622E+02  2.4598E+02  2.3831E-01
8.4625E-04  2.4525E+02  2.4501E+02  2.3840E-01
8.4750E-04  2.4430E+02  2.4407E+02  2.3849E-01
8.4875E-04  2.4337E+02  2.4313E+02  2.3858E-01
8.5000E-04  2.4248E+02  2.4224E+02  2.3868E-01
8.5125E-04  2.4154E+02  2.4130E+02  2.3877E-01
8.5250E-04  2.4062E+02  2.4038E+02  2.3886E-01
8.5375E-04  2.3974E+02  2.3950E+02  2.3896E-01
8.5500E-04  2.3884E+02  2.3860E+02  2.3905E-01
8.5625E-04  2.3793E+02  2.3770E+02  2.3914E-01
8.5750E-04  2.3706E+02  2.3682E+02  2.3923E-01
8.5875E-04  2.3618E+02  2.3594E+02  2.3932E-01
8.6000E-04  2.3537E+02  2.3513E+02  2.3941E-01
8.6125E-04  2.3446E+02  2.3422E+02  2.3950E-01
8.6250E-04  2.3361E+02  2.3337E+02  2.3959E-01
8.6375E-04  2.3277E+02  2.3253E+02  2.3968E-01
8.6500E-04  2.3194E+02  2.3170E+02  2.3977E-01
8.6625E-04  2.3113E+02  2.3089E+02  2.3986E-01
8.6750E-04  2.3043E+02  2.3019E+02  2.3995E-01
8.6875E-04  2.2953E+02  2.2929E+02  2.4004E-01
8.7000E-04  2.2870E+02  2.2846E+02  2.4013E-01
8.7125E-04  2.2805E+02  2.2781E+02  2.4022E-01
8.7250E-04  2.2739E+02  2.2715E+02  2.4031E-01
8.7375E-04  2.2634E+02  2.2610E+02  2.4040E-01
8.7500E-04  2.2560E+02  2.2536E+02  2.4049E-01
8.7625E-04  2.2475E+02  2.2451E+02  2.4057E-01
8.7750E-04  2.2398E+02  2.2373E+02  2.4066E-01
8.7875E-04  2.2322E+02  2.2297E+02  2.4075E-01
8.8000E-04  2.2246E+02  2.2222E+02  2.4084E-01
8.8125E-04  2.2172E+02  2.2148E+02  2.4092E-01
8.8250E-04  2.2098E+02  2.2074E+02  2.4101E-01
8.8375E-04  2.2024E+02  2.2000E+02  2.4110E-01
8.8500E-04  2.1952E+02  2.1927E+02  2.4119E-01
8.8625E-04  2.1879E+02  2.1855E+02  2.4127E-01
8.8750E-04  2.1808E+02  2.1784E+02  2.4136E-01
8.8875E-04  2.1746E+02  2.1722E+02  2.4144E-01
8.9000E-04  2.1667E+02  2.1643E+02  2.4153E-01
8.9125E-04  2.1597E+02  2.1573E+02  2.4162E-01
8.9250E-04  2.1534E+02  2.1510E+02  2.4170E-01
8.9375E-04  2.1461E+02  2.1437E+02  2.4179E-01
8.9500E-04  2.1392E+02  2.1368E+02  2.4187E-01
8.9625E-04  2.1325E+02  2.1300E+02  2.4196E-01
8.9750E-04  2.1281E+02  2.1257E+02  2.4204E-01
8.9875E-04  2.1192E+02  2.1167E+02  2.4213E-01
9.0000E-04  2.1126E+02  2.1101E+02  2.4221E-01
9.0125E-04  2.1060E+02  2.1036E+02  2.4230E-01
9.0250E-04  2.0996E+02  2.0972E+02  2.4238E-01
9.0375E-04  2.0932E+02  2.0907E+02  2.4247E-01
9.0500E-04  2.0868E+02  2.0844E+02  2.4255E-01
9.0625E-04  2.0806E+02  2.0782E+02  2.4263E-01
9.0750E-04  2.0746E+02  2.0721E+02  2.4272E-01
9.0875E-04  2.0683E+02  2.0659E+02  2.4280E-01
9.1000E-04  2.0619E+02  2.0595E+02  2.4288E-01
9.1125E-04  2.0558E+02  2.0534E+02  2.4297E-01
9.1250E-04  2.0498E+02  2.0474E+02  2.4305E-01
9.1375E-04  2.0483E+02  2.0459E+02  2.4313E-01
9.1500E-04  2.0379E+02  2.0355E+02  2.4321E-01
9.1625E-04  2.0320E+02  2.0296E+02  2.4330E-01
9.1750E-04  2.0262E+02  2.0238E+02  2.4338E-01
9.1875E-04  2.0205E+02  2.0181E+02  2.4346E-01
9.2000E-04  2.0149E+02  2.0125E+02  2.4354E-01
9.2125E-04  2.0093E+02  2.0068E+02  2.4362E-01
9.2250E-04  2.0038E+02  2.0013E+02  2.4370E-01
9.2375E-04  1.9983E+02  1.9959E+02  2.4378E-01
9.2500E-04  1.9930E+02  1.9906E+02  2.4387E-01
9.2625E-04  1.9878E+02  1.9853E+02  2.4395E-01
9.2750E-04  1.9827E+02  1.9802E+02  2.4403E-01
9.2875E-04  1.9776E+02  1.9752E+02  2.4411E-01
9.3000E-04  1.9727E+02  1.9702E+02  2.4419E-01
9.3125E-04  1.9680E+02  1.9655E+02  2.4427E-01
9.3250E-04  1.9638E+02  1.9614E+02  2.4435E-01
9.3375E-04  1.9590E+02  1.9565E+02  2.4443E-01
9.3500E-04  1.9547E+02  1.9523E+02  2.4451E-01
9.3625E-04  1.9507E+02  1.9483E+02  2.4459E-01
9.3750E-04  1.9470E+02  1.9445E+02  2.4466E-01
9.3875E-04  1.9434E+02  1.9409E+02  2.4474E-01
9.4000E-04  1.9402E+02  1.9378E+02  2.4482E-01
9.4125E-04  1.9375E+02  1.9351E+02  2.4490E-01
9.4250E-04  1.9353E+02  1.9328E+02  2.4498E-01
9.4375E-04  1.9336E+02  1.9312E+02  2.4506E-01
9.4500E-04  1.9327E+02  1.9303E+02  2.4514E-01
9.4625E-04  1.9327E+02  1.9302E+02  2.4521E-01
9.4750E-04  1.9338E+02  1.9314E+02  2.4529E-01
9.4875E-04  1.9364E+02  1.9340E+02  2.4537E-01
9.5000E-04  1.9407E+02  1.9382E+02  2.4545E-01
9.5125E-04  1.9475E+02  1.9451E+02  2.4552E-01
9.5250E-04  1.9575E+02  1.9550E+02  2.4560E-01
9.5375E-04  1.9721E+02  1.9696E+02  2.4568E-01
9.5500E-04  1.9936E+02  1.9912E+02  2.4576E-01
9.5625E-04  2.0236E+02  2.0212E+02  2.4583E-01
9.5750E-04  2.0678E+02  2.0653E+02  2.4591E-01
9.5875E-04  2.1353E+02  2.1328E+02  2.4598E-01
9.6000E-04  2.2425E+02  2.2400E+02  2.4606E-01
9.6125E-04  2.4242E+02  2.4218E+02  2.4614E-01
9.6250E-04  2.7621E+02  2.7597E+02  2.4621E-01
9.6375E-04  3.4956E+02  3.4932E+02  2.4629E-01
9.6500E-04  5.5756E+02  5.5731E+02  2.4636E-01
9.6625E-04  1.6287E+03  1.6284E+03  2.4644E-01
9.6750E-04  9.9505E+04  9.9505E+04  2.4651E-01
9.6875E-04  1.7833E+03  1.7831E+03  2.4659E-01
9.7000E-04  5.7993E+02  5.7968E+02  2.4666E-01
9.7125E-04  3.5984E+02  3.5959E+02  2.4674E-01
9.7250E-04  2.7716E+02  2.7692E+02  2.4681E-01
9.7375E-04  2.4058E+02  2.4033E+02  2.4689E-01
9.7500E-04  2.2048E+02  2.2023E+02  2.4696E-01
9.7625E-04  2.0839E+02  2.0814E+02  2.4703E-01
9.7750E-04  2.0014E+02  1.9989E+02  2.4711E-01
9.7875E-04  1.9434E+02  1.9409E+02  2.4718E-01
9.8000E-04  1.9005E+02  1.8980E+02  2.4726E-01
9.8125E-04  1.8679E+02  1.8654E+02  2.4733E-01
9.8250E-04  1.8420E+02  1.8396E+02  2.4740E-01
9.8375E-04  1.8205E+02  1.8181E+02  2.4748E-01
9.8500E-04  1.8035E+02  1.8011E+02  2.4755E-01
9.8625E-04  1.7887E+02  1.7862E+02  2.4762E-01
9.8750E-04  1.7738E+02  1.7714E+02  2.4769E-01
9.8875E-04  1.7617E+02  1.7592E+02  2.4777E-01
9.9000E-04  1.7510E+02  1.7485E+02  2.4784E-01
9.9125E-04  1.7412E+02  1.7387E+02  2.4791E-01
9.9250E-04  1.7325E+02  1.7300E+02  2.4798E-01
9.9375E-04  1.7274E+02  1.7249E+02  2.4805E-01
9.9500E-04  1.7156E+02  1.7131E+02  2.4813E-01
9.9625E-04  1.7078E+02  1.7054E+02  2.4820E-01
9.9750E-04  1.7015E+02  1.6990E+02  2.4827E-01
9.9875E-04  1.6947E+02  1.6923E+02  2.4834E-01
1.0000E-03  1.6881E+02  1.6856E+02  2.4841E-01
1.0012E-03  1.6971E+02  1.6946E+02  2.4848E-01
1.0025E-03  1.6747E+02  1.6722E+02  2.4855E-01
1.0037E-03  1.6683E+02  1.6658E+02  2.4862E-01
1.0050E-03  1.6625E+02  1.6600E+02  2.4869E-01
1.0063E-03  1.6587E+02  1.6563E+02  2.4876E-01
1.0075E-03  1.6541E+02  1.6516E+02  2.4883E-01
1.0088E-03  1.6498E+02  1.6473E+02  2.4890E-01
1.0100E-03  1.6410E+02  1.6385E+02  2.4897E-01
1.0112E-03  1.6345E+02  1.6320E+02  2.4904E-01
1.0125E-03  1.6291E+02  1.6266E+02  2.4911E-01
1.0137E-03  1.6237E+02  1.6212E+02  2.4918E-01
1.0150E-03  1.6197E+02  1.6173E+02  2.4925E-01
1.0163E-03  1.6138E+02  1.6113E+02  2.4932E-01
1.0175E-03  1.6094E+02  1.6069E+02  2.4939E-01
1.0188E-03  1.6037E+02  1.6012E+02  2.4946E-01
1.0200E-03  1.6014E+02  1.5989E+02  2.4952E-01
1.0213E-03  1.5935E+02  1.5910E+02  2.4959E-01
1.0225E-03  1.5908E+02  1.5883E+02  2.4966E-01
1.0237E-03  1.5852E+02  1.5827E+02  2.4973E-01
1.0250E-03  1.5797E+02  1.5772E+02  2.4980E-01
1.0263E-03  1.5746E+02  1.5721E+02  2.4987E-01
1.0275E-03  1.5702E+02  1.5677E+02  2.4993E-01
1.0288E-03  1.5652E+02  1.5627E+02  2.5000E-01
1.0300E-03  1.5603E+02  1.5578E+02  2.5007E-01
1.0313E-03  1.5555E+02  1.5530E+02  2.5013E-01
1.0325E-03  1.5508E+02  1.5483E+02  2.5020E-01
1.0337E-03  1.5462E+02  1.5437E+02  2.5027E-01
1.0350E-03  1.5416E+02  1.5391E+02  2.5034E-01
1.0362E-03  1.5372E+02  1.5347E+02  2.5040E-01
1.0375E-03  1.5328E+02  1.5303E+02  2.5047E-01
1.0388E-03  1.5286E+02  1.5261E+02  2.5054E-01
1.0400E-03  1.5262E+02  1.5236E+02  2.5060E-01
1.0413E-03  1.5192E+02  1.5167E+02  2.5067E-01
1.0425E-03  1.5147E+02  1.5121E+02  2.5073E-01
1.0437E-03  1.5106E+02  1.5081E+02  2.5080E-01
1.0450E-03  1.5059E+02  1.5034E+02  2.5086E-01
1.0462E-03  1.5015E+02  1.4989E+02  2.5093E-01
1.0475E-03  1.4970E+02  1.4945E+02  2.5100E-01
1.0487E-03  1.4926E+02  1.4901E+02  2.5106E-01
1.0500E-03  1.4885E+02  1.4859E+02  2.5113E-01
1.0513E-03  1.4840E+02  1.4815E+02  2.5119E-01
1.0525E-03  1.4797E+02  1.4772E+02  2.5126E-01
1.0537E-03  1.4755E+02  1.4730E+02  2.5132E-01
1.0550E-03  1.4717E+02  1.4691E+02  2.5139E-01
1.0562E-03  1.4671E+02  1.4646E+02  2.5145E-01
1.0575E-03  1.4628E+02  1.4603E+02  2.5151E-01
1.0588E-03  1.4590E+02  1.4564E+02  2.5158E-01
1.0600E-03  1.4545E+02  1.4519E+02  2.5164E-01
1.0613E-03  1.4502E+02  1.4476E+02  2.5171E-01
1.0625E-03  1.4462E+02  1.4437E+02  2.5177E-01
1.0638E-03  1.4420E+02  1.4395E+02  2.5183E-01
1.0650E-03  1.4381E+02  1.4356E+02  2.5190E-01
1.0662E-03  1.4374E+02  1.4349E+02  2.5196E-01
1.0675E-03  1.4322E+02  1.4297E+02  2.5202E-01
1.0688E-03  1.4262E+02  1.4237E+02  2.5209E-01
1.0700E-03  1.4233E+02  1.4207E+02  2.5215E-01
1.0713E-03  1.4262E+02  1.4237E+02  2.5221E-01
1.0725E-03  1.4140E+02  1.4114E+02  2.5227E-01
1.0738E-03  1.4096E+02  1.4070E+02  2.5234E-01
1.0750E-03  1.4055E+02  1.4030E+02  2.5240E-01
1.0762E-03  1.4016E+02  1.3991E+02  2.5246E-01
1.0775E-03  1.3978E+02  1.3953E+02  2.5252E-01
1.0788E-03  1.3956E+02  1.3931E+02  2.5259E-01
1.0800E-03  1.3906E+02  1.3880E+02  2.5265E-01
1.0812E-03  1.3864E+02  1.3838E+02  2.5271E-01
1.0825E-03  1.3824E+02  1.3799E+02  2.5277E-01
1.0838E-03  1.3830E+02  1.3804E+02  2.5283E-01
1.0850E-03  1.3751E+02  1.3726E+02  2.5289E-01
1.0862E-03  1.3715E+02  1.3690E+02  2.5295E-01
1.0875E-03  1.3687E+02  1.3661E+02  2.5302E-01
1.0888E-03  1.3656E+02  1.3630E+02  2.5308E-01
1.0900E-03  1.3612E+02  1.3587E+02  2.5314E-01
1.0912E-03  1.3578E+02  1.3553E+02  2.5320E-01
1.0925E-03  1.3546E+02  1.3520E+02  2.5326E-01
1.0938E-03  1.3515E+02  1.3490E+02  2.5332E-01
1.0950E-03  1.3499E+02  1.3474E+02  2.5338E-01
1.0963E-03  1.3457E+02  1.3432E+02  2.5344E-01
1.0975E-03  1.3426E+02  1.3401E+02  2.5350E-01
1.0987E-03  1.3402E+02  1.3376E+02  2.5356E-01
1.1000E-03  1.3381E+02  1.3355E+02  2.5362E-01
1.1013E-03  1.3353E+02  1.3328E+02  2.5368E-01
1.1025E-03  1.3328E+02  1.3303E+02  2.5374E-01
1.1038E-03  1.3309E+02  1.3283E+02  2.5380E-01
1.1050E-03  1.3294E+02  1.3268E+02  2.5386E-01
1.1063E-03  1.3283E+02  1.3258E+02  2.5392E-01
1.1075E-03  1.3269E+02  1.3243E+02  2.5398E-01
1.1087E-03  1.3263E+02  1.3237E+02  2.5403E-01
1.1100E-03  1.3283E+02  1.3258E+02  2.5409E-01
1.1113E-03  1.3392E+02  1.3367E+02  2.5415E-01
1.1125E-03  1.3287E+02  1.3261E+02  2.5421E-01
1.1137E-03  1.3303E+02  1.3277E+02  2.5427E-01
1.1150E-03  1.3337E+02  1.3312E+02  2.5433E-01
1.1163E-03  1.3388E+02  1.3363E+02  2.5439E-01
1.1175E-03  1.3463E+02  1.3438E+02  2.5444E-01
1.1187E-03  1.3555E+02  1.3530E+02  2.5450E-01
1.1200E-03  1.3691E+02  1.3666E+02  2.5456E-01
1.1213E-03  1.3882E+02  1.3856E+02  2.5462E-01
1.1225E-03  1.4152E+02  1.4126E+02  2.5467E-01
1.1237E-03  1.4542E+02  1.4517E+02  2.5473E-01
1.1250E-03  1.5128E+02  1.5103E+02  2.5479E-01
1.1263E-03  1.6041E+02  1.6016E+02  2.5485E-01
1.1275E-03  1.7570E+02  1.7544E+02  2.5490E-01
1.1287E-03  2.0384E+02  2.0359E+02  2.5496E-01
1.1300E-03  2.6386E+02  2.6360E+02  2.5502E-01
1.1313E-03  4.2860E+02  4.2834E+02  2.5507E-01
1.1325E-03  1.1890E+03  1.1887E+03  2.5513E-01
1.1337E-03  1.9208E+04  1.9208E+04  2.5519E-01
1.1350E-03  1.4489E+03  1.4486E+03  2.5524E-01
1.1363E-03  4.6830E+02  4.6804E+02  2.5530E-01
1.1375E-03  2.7604E+02  2.7579E+02  2.5536E-01
1.1388E-03  2.0821E+02  2.0796E+02  2.5541E-01
1.1400E-03  1.7668E+02  1.7642E+02  2.5547E-01
1.1413E-03  1.6033E+02  1.6008E+02  2.5552E-01
1.1425E-03  1.4914E+02  1.4889E+02  2.5558E-01
1.1438E-03  1.4230E+02  1.4204E+02  2.5563E-01
1.1450E-03  1.3720E+02  1.3694E+02  2.5569E-01
1.1462E-03  1.3373E+02  1.3348E+02  2.5575E-01
1.1475E-03  1.3104E+02  1.3079E+02  2.5580E-01
1.1488E-03  1.2913E+02  1.2887E+02  2.5586E-01
1.1500E-03  1.2715E+02  1.2689E+02  2.5591E-01
1.1513E-03  1.2573E+02  1.2548E+02  2.5597E-01
1.1525E-03  1.2454E+02  1.2429E+02  2.5602E-01
1.1538E-03  1.2367E+02  1.2341E+02  2.5608E-01
1.1550E-03  1.2263E+02  1.2238E+02  2.5613E-01
1.1562E-03  1.2186E+02  1.2160E+02  2.5618E-01
1.1575E-03  1.2113E+02  1.2087E+02  2.5624E-01
1.1588E-03  1.2048E+02  1.2022E+02  2.5629E-01
1.1600E-03  1.1990E+02  1.1964E+02  2.5635E-01
1.1612E-03  1.2228E+02  1.2203E+02  2.5640E-01
1.1625E-03  1.1884E+02  1.1858E+02  2.5645E-01
1.1638E-03  1.1835E+02  1.1809E+02  2.5651E-01
1.1650E-03  1.1793E+02  1.1767E+02  2.5656E-01
1.1662E-03  1.1827E+02  1.1801E+02  2.5662E-01
1.1675E-03  1.1707E+02  1.1682E+02  2.5667E-01
1.1688E-03  1.1666E+02  1.1640E+02  2.5672E-01
1.1700E-03  1.1629E+02  1.1604E+02  2.5678E-01
1.1712E-03  1.1594E+02  1.1568E+02  2.5683E-01
1.1725E-03  1.1565E+02  1.1539E+02  2.5688E-01
1.1738E-03  1.1538E+02  1.1513E+02  2.5693E-01
1.1750E-03  1.1667E+02  1.1641E+02  2.5699E-01
1.1762E-03  1.3355E+02  1.3329E+02  2.5704E-01
1.1775E-03  1.1465E+02  1.1439E+02  2.5709E-01
1.1787E-03  1.1403E+02  1.1377E+02  2.5714E-01
1.1800E-03  1.1368E+02  1.1342E+02  2.5720E-01
1.1813E-03  1.1339E+02  1.1314E+02  2.5725E-01
1.1825E-03  1.1312E+02  1.1287E+02  2.5730E-01
1.1838E-03  1.1294E+02  1.1268E+02  2.5735E-01
1.1850E-03  1.1276E+02  1.1250E+02  2.5741E-01
1.1863E-03  1.1238E+02  1.1213E+02  2.5746E-01
1.1875E-03  1.1203E+02  1.1177E+02  2.5751E-01
1.1887E-03  1.1208E+02  1.1182E+02  2.5756E-01
1.1900E-03  1.1157E+02  1.1131E+02  2.5761E-01
1.1913E-03  1.1180E+02  1.1154E+02  2.5766E-01
1.1925E-03  1.1114E+02  1.1088E+02  2.5771E-01
1.1938E-03  1.1089E+02  1.1064E+02  2.5777E-01
1.1950E-03  1.1074E+02  1.1049E+02  2.5782E-01
1.1963E-03  1.1051E+02  1.1025E+02  2.5787E-01
1.1975E-03  1.1032E+02  1.1006E+02  2.5792E-01
1.1987E-03  1.1015E+02  1.0990E+02  2.5797E-01
1.2000E-03  1.1001E+02  1.0975E+02  2.5802E-01
1.2013E-03  1.0986E+02  1.0961E+02  2.5807E-01
1.2025E-03  1.0973E+02  1.0948E+02  2.5812E-01
1.2038E-03  1.0964E+02  1.0938E+02  2.5817E-01
1.2050E-03  1.0956E+02  1.0930E+02  2.5822E-01
1.2063E-03  1.0953E+02  1.0927E+02  2.5827E-01
1.2075E-03  1.0950E+02  1.0924E+02  2.5832E-01
1.2087E-03  1.0952E+02  1.0926E+02  2.5837E-01
1.2100E-03  1.0976E+02  1.0950E+02  2.5842E-01
1.2112E-03  1.0986E+02  1.0960E+02  2.5847E-01
1.2125E-03  1.0992E+02  1.0966E+02  2.5852E-01
1.2138E-03  1.1044E+02  1.1018E+02  2.5857E-01
1.2150E-03  1.1061E+02  1.1035E+02  2.5862E-01
1.2163E-03  1.1115E+02  1.1089E+02  2.5867E-01
1.2175E-03  1.1188E+02  1.1162E+02  2.5872E-01
1.2187E-03  1.1286E+02  1.1260E+02  2.5877E-01
1.2200E-03  1.1419E+02  1.1393E+02  2.5882E-01
1.2212E-03  1.1603E+02  1.1577E+02  2.5887E-01
1.2225E-03  1.1857E+02  1.1831E+02  2.5891E-01
1.2238E-03  1.2215E+02  1.2189E+02  2.5896E-01
1.2250E-03  1.2734E+02  1.2708E+02  2.5901E-01
1.2263E-03  1.3524E+02  1.3498E+02  2.5906E-01
1.2275E-03  1.4844E+02  1.4818E+02  2.5911E-01
1.2288E-03  1.7138E+02  1.7112E+02  2.5916E-01
1.2300E-03  2.1753E+02  2.1727E+02  2.5921E-01
1.2312E-03  3.3096E+02  3.3070E+02  2.5925E-01
1.2325E-03  7.3165E+02  7.3139E+02  2.5930E-01
1.2337E-03  3.9851E+03  3.9848E+03  2.5935E-01
1.2350E-03  1.5778E+03  1.5775E+03  2.5940E-01
1.2363E-03  4.8137E+02  4.8112E+02  2.5944E-01
1.2375E-03  2.6690E+02  2.6664E+02  2.5949E-01
1.2388E-03  1.9250E+02  1.9224E+02  2.5954E-01
1.2400E-03  1.5857E+02  1.5831E+02  2.5959E-01
1.2412E-03  1.4034E+02  1.4008E+02  2.5963E-01
1.2425E-03  1.2943E+02  1.2917E+02  2.5968E-01
1.2437E-03  1.2235E+02  1.2209E+02  2.5973E-01
1.2450E-03  1.1747E+02  1.1721E+02  2.5978E-01
1.2463E-03  1.1398E+02  1.1372E+02  2.5982E-01
1.2475E-03  1.1135E+02  1.1109E+02  2.5987E-01
1.2488E-03  1.0942E+02  1.0916E+02  2.5992E-01
1.2500E-03  1.0786E+02  1.0760E+02  2.5996E-01
1.2512E-03  1.0713E+02  1.0686E+02  2.6001E-01
1.2525E-03  1.8569E+02  1.8543E+02  2.6006E-01
1.2537E-03  1.0752E+02  1.0726E+02  2.6010E-01
1.2550E-03  1.0373E+02  1.0347E+02  2.6015E-01
1.2563E-03  1.0305E+02  1.0279E+02  2.6020E-01
1.2575E-03  1.0247E+02  1.0221E+02  2.6024E-01
1.2588E-03  1.0197E+02  1.0171E+02  2.6029E-01
1.2600E-03  1.0154E+02  1.0128E+02  2.6033E-01
1.2613E-03  1.0381E+02  1.0354E+02  2.6038E-01
1.2625E-03  1.0083E+02  1.0057E+02  2.6043E-01
1.2637E-03  1.0052E+02  1.0026E+02  2.6047E-01
1.2650E-03  1.0027E+02  1.0001E+02  2.6052E-01
1.2663E-03  1.0006E+02  9.9803E+01  2.6056E-01
1.2675E-03  9.9932E+01  9.9671E+01  2.6061E-01
1.2688E-03  9.9749E+01  9.9489E+01  2.6065E-01
1.2700E-03  9.9618E+01  9.9358E+01  2.6070E-01
1.2713E-03  9.9546E+01  9.9285E+01  2.6074E-01
1.2725E-03  9.9494E+01  9.9234E+01  2.6079E-01
1.2737E-03  1.0073E+02  1.0047E+02  2.6083E-01
1.2750E-03  9.9934E+01  9.9673E+01  2.6088E-01
1.2763E-03  9.9968E+01  9.9707E+01  2.6092E-01
1.2775E-03  9.9900E+01  9.9639E+01  2.6097E-01
1.2788E-03  1.0019E+02  9.9925E+01  2.6101E-01
1.2800E-03  1.0058E+02  1.0032E+02  2.6106E-01
1.2813E-03  1.0117E+02  1.0091E+02  2.6110E-01
1.2825E-03  1.0190E+02  1.0164E+02  2.6115E-01
1.2837E-03  1.0289E+02  1.0263E+02  2.6119E-01
1.2850E-03  1.0423E+02  1.0397E+02  2.6123E-01
1.2862E-03  1.0602E+02  1.0576E+02  2.6128E-01
1.2875E-03  1.0861E+02  1.0835E+02  2.6132E-01
1.2888E-03  1.1191E+02  1.1165E+02  2.6137E-01
1.2900E-03  1.1691E+02  1.1665E+02  2.6141E-01
1.2913E-03  1.2447E+02  1.2421E+02  2.6145E-01
1.2925E-03  1.3647E+02  1.3621E+02  2.6150E-01
1.2937E-03  1.5711E+02  1.5685E+02  2.6154E-01
1.2950E-03  1.9648E+02  1.9622E+02  2.6158E-01
1.2962E-03  2.8475E+02  2.8449E+02  2.6163E-01
1.2975E-03  5.4522E+02  5.4496E+02  2.6167E-01
1.2987E-03  1.6412E+03  1.6409E+03  2.6171E-01
1.3000E-03  1.1496E+03  1.1494E+03  2.6176E-01
1.3013E-03  4.2559E+02  4.2533E+02  2.6180E-01
1.3025E-03  2.4857E+02  2.4830E+02  2.6184E-01
1.3038E-03  1.8147E+02  1.8121E+02  2.6189E-01
1.3050E-03  1.4966E+02  1.4940E+02  2.6193E-01
1.3062E-03  2.2096E+02  2.2070E+02  2.6197E-01
1.3075E-03  1.2155E+02  1.2129E+02  2.6202E-01
1.3088E-03  1.1447E+02  1.1421E+02  2.6206E-01
1.3100E-03  1.1158E+02  1.1132E+02  2.6210E-01
1.3113E-03  1.0638E+02  1.0612E+02  2.6214E-01
1.3125E-03  1.0393E+02  1.0366E+02  2.6218E-01
1.3138E-03  1.0216E+02  1.0190E+02  2.6223E-01
1.3150E-03  1.0077E+02  1.0050E+02  2.6227E-01
1.3162E-03  9.9694E+01  9.9432E+01  2.6231E-01
1.3175E-03  9.8903E+01  9.8641E+01  2.6235E-01
1.3188E-03  9.8352E+01  9.8090E+01  2.6240E-01
1.3200E-03  9.7950E+01  9.7688E+01  2.6244E-01
1.3213E-03  9.7720E+01  9.7457E+01  2.6248E-01
1.3225E-03  9.7901E+01  9.7639E+01  2.6252E-01
1.3238E-03  9.7799E+01  9.7536E+01  2.6256E-01
1.3250E-03  9.8069E+01  9.7807E+01  2.6260E-01
1.3262E-03  9.8896E+01  9.8633E+01  2.6264E-01
1.3275E-03  9.9298E+01  9.9036E+01  2.6269E-01
1.3288E-03  1.0044E+02  1.0018E+02  2.6273E-01
1.3300E-03  1.0443E+02  1.0417E+02  2.6277E-01
1.3312E-03  1.0717E+02  1.0690E+02  2.6281E-01
1.3325E-03  1.0628E+02  1.0602E+02  2.6285E-01
1.3338E-03  1.1163E+02  1.1137E+02  2.6289E-01
1.3350E-03  1.1649E+02  1.1622E+02  2.6293E-01
1.3362E-03  1.8622E+02  1.8596E+02  2.6297E-01
1.3375E-03  1.3493E+02  1.3466E+02  2.6301E-01
1.3388E-03  1.5587E+02  1.5561E+02  2.6305E-01
1.3400E-03  1.9899E+02  1.9873E+02  2.6309E-01
1.3412E-03  2.7972E+02  2.7945E+02  2.6314E-01
1.3425E-03  4.9841E+02  4.9815E+02  2.6318E-01
1.3438E-03  8.3146E+02  8.3119E+02  2.6322E-01
1.3450E-03  5.2348E+02  5.2321E+02  2.6326E-01
1.3463E-03  2.9045E+02  2.9019E+02  2.6330E-01
1.3475E-03  2.0066E+02  2.0040E+02  2.6334E-01
1.3487E-03  1.6035E+02  1.6008E+02  2.6338E-01
1.3500E-03  1.3788E+02  1.3762E+02  2.6342E-01
1.3513E-03  1.2512E+02  1.2486E+02  2.6346E-01
1.3525E-03  1.1717E+02  1.1691E+02  2.6350E-01
1.3538E-03  1.1198E+02  1.1172E+02  2.6354E-01
1.3550E-03  1.0888E+02  1.0862E+02  2.6358E-01
1.3563E-03  1.0622E+02  1.0596E+02  2.6361E-01
1.3575E-03  1.0473E+02  1.0447E+02  2.6365E-01
1.3587E-03  1.0391E+02  1.0364E+02  2.6369E-01
1.3600E-03  1.0363E+02  1.0336E+02  2.6373E-01
1.3613E-03  1.0388E+02  1.0362E+02  2.6377E-01
1.3625E-03  1.0475E+02  1.0449E+02  2.6381E-01
1.3637E-03  1.0664E+02  1.0637E+02  2.6385E-01
1.3650E-03  1.1130E+02  1.1103E+02  2.6389E-01
1.3663E-03  1.1198E+02  1.1172E+02  2.6393E-01
1.3675E-03  1.1644E+02  1.1618E+02  2.6397E-01
1.3687E-03  1.2387E+02  1.2360E+02  2.6401E-01
1.3700E-03  1.3576E+02  1.3550E+02  2.6404E-01
1.3713E-03  1.5665E+02  1.5638E+02  2.6408E-01
1.3725E-03  1.9193E+02  1.9166E+02  2.6412E-01
1.3737E-03  2.6193E+02  2.6167E+02  2.6416E-01
1.3750E-03  3.6967E+02  3.6941E+02  2.6420E-01
1.3763E-03  3.8278E+02  3.8251E+02  2.6424E-01
1.3775E-03  2.7855E+02  2.7829E+02  2.6428E-01
1.3787E-03  2.0449E+02  2.0423E+02  2.6431E-01
1.3800E-03  1.6818E+02  1.6792E+02  2.6435E-01
1.3813E-03  1.4758E+02  1.4732E+02  2.6439E-01
1.3825E-03  1.3720E+02  1.3693E+02  2.6443E-01
1.3837E-03  1.3163E+02  1.3137E+02  2.6447E-01
1.3850E-03  1.2904E+02  1.2878E+02  2.6450E-01
1.3863E-03  1.2788E+02  1.2762E+02  2.6454E-01
1.3875E-03  1.2796E+02  1.2770E+02  2.6458E-01
1.3888E-03  1.2882E+02  1.2855E+02  2.6462E-01
1.3900E-03  1.3022E+02  1.2995E+02  2.6465E-01
1.3913E-03  1.3203E+02  1.3176E+02  2.6469E-01
1.3925E-03  1.3406E+02  1.3380E+02  2.6473E-01
1.3938E-03  1.3631E+02  1.3605E+02  2.6477E-01
1.3950E-03  1.3869E+02  1.3842E+02  2.6480E-01
1.3962E-03  1.4156E+02  1.4129E+02  2.6484E-01
1.3975E-03  1.4380E+02  1.4354E+02  2.6488E-01
1.3988E-03  1.4612E+02  1.4586E+02  2.6491E-01
1.4000E-03  1.4862E+02  1.4835E+02  2.6495E-01
1.4013E-03  1.5111E+02  1.5085E+02  2.6499E-01
1.4025E-03  1.5349E+02  1.5322E+02  2.6503E-01
1.4038E-03  1.5583E+02  1.5557E+02  2.6506E-01
1.4050E-03  1.5811E+02  1.5784E+02  2.6510E-01
1.4062E-03  1.6028E+02  1.6001E+02  2.6514E-01
1.4075E-03  1.6247E+02  1.6221E+02  2.6517E-01
1.4088E-03  1.6440E+02  1.6414E+02  2.6521E-01
1.4100E-03  1.6613E+02  1.6586E+02  2.6524E-01
1.4112E-03  1.6631E+02  1.6604E+02  2.6528E-01
1.4125E-03  1.6603E+02  1.6576E+02  2.6532E-01
1.4138E-03  1.6560E+02  1.6533E+02  2.6535E-01
1.4150E-03  1.6516E+02  1.6490E+02  2.6539E-01
1.4162E-03  1.6473E+02  1.6446E+02  2.6543E-01
1.4175E-03  1.6427E+02  1.6400E+02  2.6546E-01
1.4188E-03  1.6383E+02  1.6356E+02  2.6550E-01
1.4200E-03  1.6765E+02  1.6739E+02  2.6553E-01
1.4212E-03  1.6289E+02  1.6263E+02  2.6557E-01
1.4225E-03  1.6241E+02  1.6215E+02  2.6561E-01
1.4238E-03  1.6195E+02  1.6168E+02  2.6564E-01
1.4250E-03  1.6149E+02  1.6123E+02  2.6568E-01
1.4263E-03  1.6105E+02  1.6078E+02  2.6571E-01
1.4275E-03  1.6060E+02  1.6033E+02  2.6575E-01
1.4287E-03  1.6016E+02  1.5989E+02  2.6578E-01
1.4300E-03  1.5972E+02  1.5946E+02  2.6582E-01
1.4313E-03  1.5929E+02  1.5903E+02  2.6585E-01
1.4325E-03  1.5887E+02  1.5860E+02  2.6589E-01
1.4338E-03  1.5843E+02  1.5816E+02  2.6592E-01
1.4350E-03  1.5800E+02  1.5774E+02  2.6596E-01
1.4363E-03  1.5758E+02  1.5731E+02  2.6599E-01
1.4375E-03  1.5716E+02  1.5689E+02  2.6603E-01
1.4387E-03  1.5674E+02  1.5648E+02  2.6606E-01
1.4400E-03  1.5633E+02  1.5606E+02  2.6610E-01
1.4413E-03  1.5592E+02  1.5565E+02  2.6613E-01
1.4425E-03  1.5566E+02  1.5540E+02  2.6617E-01
1.4438E-03  1.5512E+02  1.5486E+02  2.6620E-01
1.4450E-03  1.5471E+02  1.5445E+02  2.6624E-01
1.4463E-03  1.5430E+02  1.5403E+02  2.6627E-01
1.4475E-03  1.5389E+02  1.5363E+02  2.6631E-01
1.4487E-03  1.5353E+02  1.5327E+02  2.6634E-01
1.4500E-03  1.5310E+02  1.5283E+02  2.6638E-01
1.4513E-03  1.5271E+02  1.5244E+02  2.6641E-01
1.4525E-03  1.5232E+02  1.5205E+02  2.6644E-01
1.4538E-03  1.5200E+02  1.5173E+02  2.6648E-01
1.4550E-03  1.5156E+02  1.5130E+02  2.6651E-01
1.4563E-03  1.5123E+02  1.5097E+02  2.6655E-01
1.4575E-03  1.5079E+02  1.5052E+02  2.6658E-01
1.4587E-03  1.5039E+02  1.5012E+02  2.6661E-01
1.4600E-03  1.5001E+02  1.4974E+02  2.6665E-01
1.4612E-03  1.4963E+02  1.4936E+02  2.6668E-01
1.4625E-03  1.4925E+02  1.4899E+02  2.6671E-01
1.4638E-03  1.4888E+02  1.4861E+02  2.6675E-01
1.4650E-03  1.4851E+02  1.4824E+02  2.6678E-01
1.4663E-03  1.4815E+02  1.4788E+02  2.6682E-01
1.4675E-03  1.4777E+02  1.4751E+02  2.6685E-01
1.4688E-03  1.4903E+02  1.4877E+02  2.6688E-01
1.4700E-03  1.4704E+02  1.4677E+02  2.6692E-01
1.4712E-03  1.4667E+02  1.4641E+02  2.6695E-01
1.4725E-03  1.4631E+02  1.4604E+02  2.6698E-01
1.4738E-03  1.4595E+02  1.4568E+02  2.6701E-01
1.4750E-03  1.4560E+02  1.4533E+02  2.6705E-01
1.4763E-03  1.4524E+02  1.4497E+02  2.6708E-01
1.4775E-03  1.4488E+02  1.4461E+02  2.6711E-01
1.4788E-03  1.4453E+02  1.4426E+02  2.6715E-01
1.4800E-03  1.4418E+02  1.4391E+02  2.6718E-01
1.4812E-03  1.4383E+02  1.4356E+02  2.6721E-01
1.4825E-03  1.4348E+02  1.4321E+02  2.6724E-01
1.4837E-03  1.4316E+02  1.4289E+02  2.6728E-01
1.4850E-03  1.4279E+02  1.4252E+02  2.6731E-01
1.4863E-03  1.4244E+02  1.4218E+02  2.6734E-01
1.4875E-03  1.4219E+02  1.4193E+02  2.6738E-01
1.4888E-03  1.4181E+02  1.4155E+02  2.6741E-01
1.4900E-03  1.4142E+02  1.4115E+02  2.6744E-01
1.4912E-03  1.4108E+02  1.4082E+02  2.6747E-01
1.4925E-03  1.4077E+02  1.4050E+02  2.6750E-01
1.4937E-03  1.4043E+02  1.4016E+02  2.6754E-01
1.4950E-03  1.4008E+02  1.3982E+02  2.6757E-01
1.4963E-03  1.3975E+02  1.3948E+02  2.6760E-01
1.4975E-03  1.3942E+02  1.3915E+02  2.6763E-01
1.4988E-03  1.3909E+02  1.3883E+02  2.6766E-01
1.5000E-03  1.3877E+02  1.3850E+02  2.6770E-01
1.5012E-03  1.3846E+02  1.3819E+02  2.6773E-01
1.5025E-03  1.3813E+02  1.3786E+02  2.6776E-01
1.5037E-03  1.3782E+02  1.3756E+02  2.6779E-01
1.5050E-03  1.3781E+02  1.3754E+02  2.6782E-01
1.5063E-03  1.3721E+02  1.3695E+02  2.6785E-01
1.5075E-03  1.3688E+02  1.3661E+02  2.6789E-01
1.5088E-03  1.3676E+02  1.3649E+02  2.6792E-01
1.5100E-03  1.3632E+02  1.3605E+02  2.6795E-01
1.5113E-03  1.3592E+02  1.3566E+02  2.6798E-01
1.5125E-03  1.3561E+02  1.3534E+02  2.6801E-01
1.5137E-03  1.3538E+02  1.3511E+02  2.6805E-01
1.5150E-03  1.3502E+02  1.3475E+02  2.6808E-01
1.5163E-03  1.3468E+02  1.3441E+02  2.6811E-01
1.5175E-03  1.3437E+02  1.3411E+02  2.6814E-01
1.5188E-03  1.3408E+02  1.3381E+02  2.6817E-01
1.5200E-03  1.3380E+02  1.3353E+02  2.6820E-01
1.5213E-03  1.3362E+02  1.3335E+02  2.6823E-01
1.5225E-03  1.3324E+02  1.3297E+02  2.6826E-01
1.5237E-03  1.3302E+02  1.3276E+02  2.6829E-01
1.5250E-03  1.3982E+02  1.3955E+02  2.6832E-01
1.5263E-03  1.3542E+02  1.3516E+02  2.6836E-01
1.5275E-03  1.3212E+02  1.3186E+02  2.6839E-01
1.5288E-03  1.3178E+02  1.3151E+02  2.6842E-01
1.5300E-03  1.3148E+02  1.3121E+02  2.6845E-01
1.5313E-03  1.3126E+02  1.3099E+02  2.6848E-01
1.5325E-03  1.3091E+02  1.3065E+02  2.6851E-01
1.5337E-03  1.3064E+02  1.3037E+02  2.6854E-01
1.5350E-03  1.3036E+02  1.3009E+02  2.6857E-01
1.5362E-03  1.3009E+02  1.2982E+02  2.6860E-01
1.5375E-03  1.2982E+02  1.2955E+02  2.6863E-01
1.5388E-03  1.2955E+02  1.2928E+02  2.6866E-01
1.5400E-03  1.2945E+02  1.2918E+02  2.6869E-01
1.5413E-03  1.2907E+02  1.2880E+02  2.6872E-01
1.5425E-03  1.2883E+02  1.2856E+02  2.6875E-01
1.5437E-03  1.2883E+02  1.2856E+02  2.6878E-01
1.5450E-03  1.2825E+02  1.2798E+02  2.6881E-01
1.5462E-03  1.2802E+02  1.2776E+02  2.6884E-01
1.5475E-03  1.2772E+02  1.2745E+02  2.6887E-01
1.5487E-03  1.2751E+02  1.2724E+02  2.6890E-01
1.5500E-03  1.2754E+02  1.2727E+02  2.6893E-01
1.5513E-03  1.2698E+02  1.2671E+02  2.6896E-01
1.5525E-03  1.2672E+02  1.2645E+02  2.6899E-01
1.5538E-03  1.2650E+02  1.2623E+02  2.6902E-01
1.5550E-03  1.2647E+02  1.2620E+02  2.6905E-01
1.5562E-03  1.2998E+02  1.2971E+02  2.6908E-01
1.5575E-03  1.2581E+02  1.2554E+02  2.6910E-01
1.5588E-03  1.2548E+02  1.2521E+02  2.6913E-01
1.5600E-03  1.2522E+02  1.2495E+02  2.6916E-01
1.5613E-03  1.2498E+02  1.2471E+02  2.6919E-01
1.5625E-03  1.2474E+02  1.2447E+02  2.6922E-01
1.5638E-03  1.2454E+02  1.2427E+02  2.6925E-01
1.5650E-03  1.2508E+02  1.2481E+02  2.6928E-01
1.5662E-03  1.2414E+02  1.2387E+02  2.6931E-01
1.5675E-03  1.2392E+02  1.2365E+02  2.6934E-01
1.5688E-03  1.2409E+02  1.2382E+02  2.6937E-01
1.5700E-03  1.6931E+02  1.6904E+02  2.6940E-01
1.5713E-03  1.2408E+02  1.2382E+02  2.6942E-01
1.5725E-03  1.2301E+02  1.2274E+02  2.6945E-01
1.5738E-03  1.2266E+02  1.2239E+02  2.6948E-01
1.5750E-03  1.2239E+02  1.2212E+02  2.6951E-01
1.5762E-03  1.2215E+02  1.2188E+02  2.6954E-01
1.5775E-03  1.2189E+02  1.2163E+02  2.6957E-01
1.5788E-03  1.2166E+02  1.2139E+02  2.6960E-01
1.5800E-03  1.2143E+02  1.2116E+02  2.6962E-01
1.5812E-03  1.2120E+02  1.2093E+02  2.6965E-01
1.5825E-03  1.2097E+02  1.2070E+02  2.6968E-01
1.5838E-03  1.2074E+02  1.2047E+02  2.6971E-01
1.5850E-03  1.2052E+02  1.2025E+02  2.6974E-01
1.5862E-03  1.2030E+02  1.2003E+02  2.6977E-01
1.5875E-03  1.2008E+02  1.1981E+02  2.6979E-01
1.5888E-03  1.1986E+02  1.1959E+02  2.6982E-01
1.5900E-03  1.1965E+02  1.1938E+02  2.6985E-01
1.5912E-03  1.1946E+02  1.1919E+02  2.6988E-01
1.5925E-03  1.1932E+02  1.1905E+02  2.6991E-01
1.5938E-03  1.1980E+02  1.1953E+02  2.6993E-01
1.5950E-03  1.2303E+02  1.2276E+02  2.6996E-01
1.5963E-03  1.1876E+02  1.1849E+02  2.6999E-01
1.5975E-03  1.1839E+02  1.1812E+02  2.7002E-01
1.5987E-03  1.1813E+02  1.1786E+02  2.7004E-01
1.6000E-03  1.1790E+02  1.1763E+02  2.7007E-01
1.6013E-03  1.1767E+02  1.1740E+02  2.7010E-01
1.6025E-03  1.1746E+02  1.1719E+02  2.7013E-01
1.6038E-03  1.1724E+02  1.1697E+02  2.7015E-01
1.6050E-03  1.1703E+02  1.1675E+02  2.7018E-01
1.6063E-03  1.1681E+02  1.1654E+02  2.7021E-01
1.6075E-03  1.1660E+02  1.1633E+02  2.7024E-01
1.6087E-03  1.1639E+02  1.1612E+02  2.7026E-01
1.6100E-03  1.1618E+02  1.1591E+02  2.7029E-01
1.6113E-03  1.1597E+02  1.1570E+02  2.7032E-01
1.6125E-03  1.1576E+02  1.1549E+02  2.7035E-01
1.6137E-03  1.1555E+02  1.1528E+02  2.7037E-01
1.6150E-03  1.1534E+02  1.1507E+02  2.7040E-01
1.6163E-03  1.1514E+02  1.1487E+02  2.7043E-01
1.6175E-03  1.1493E+02  1.1466E+02  2.7045E-01
1.6187E-03  1.1472E+02  1.1445E+02  2.7048E-01
1.6200E-03  1.1452E+02  1.1425E+02  2.7051E-01
1.6213E-03  1.1432E+02  1.1405E+02  2.7053E-01
1.6225E-03  1.1411E+02  1.1384E+02  2.7056E-01
1.6237E-03  1.1391E+02  1.1364E+02  2.7059E-01
1.6250E-03  1.1371E+02  1.1344E+02  2.7061E-01
1.6263E-03  1.1350E+02  1.1323E+02  2.7064E-01
1.6275E-03  1.1330E+02  1.1303E+02  2.7067E-01
1.6287E-03  1.1311E+02  1.1284E+02  2.7069E-01
1.6300E-03  1.1293E+02  1.1266E+02  2.7072E-01
1.6313E-03  1.1284E+02  1.1257E+02  2.7075E-01
1.6325E-03  1.1252E+02  1.1225E+02  2.7077E-01
1.6338E-03  1.1231E+02  1.1204E+02  2.7080E-01
1.6350E-03  1.1228E+02  1.1201E+02  2.7083E-01
1.6363E-03  1.1191E+02  1.1164E+02  2.7085E-01
1.6375E-03  1.1172E+02  1.1145E+02  2.7088E-01
1.6388E-03  1.1163E+02  1.1136E+02  2.7091E-01
1.6400E-03  1.1137E+02  1.1110E+02  2.7093E-01
1.6413E-03  1.1113E+02  1.1086E+02  2.7096E-01
1.6425E-03  1.1092E+02  1.1065E+02  2.7098E-01
1.6438E-03  1.1072E+02  1.1045E+02  2.7101E-01
1.6450E-03  1.1053E+02  1.1026E+02  2.7104E-01
1.6462E-03  1.1033E+02  1.1006E+02  2.7106E-01
1.6475E-03  1.1014E+02  1.0987E+02  2.7109E-01
1.6488E-03  1.0997E+02  1.0969E+02  2.7111E-01
1.6500E-03  1.0982E+02  1.0955E+02  2.7114E-01
1.6513E-03  1.0956E+02  1.0929E+02  2.7116E-01
1.6525E-03  1.0936E+02  1.0909E+02  2.7119E-01
1.6538E-03  1.0918E+02  1.0891E+02  2.7122E-01
1.6550E-03  1.0898E+02  1.0871E+02  2.7124E-01
1.6562E-03  1.0879E+02  1.0852E+02  2.7127E-01
1.6575E-03  1.0860E+02  1.0833E+02  2.7129E-01
1.6588E-03  1.0841E+02  1.0814E+02  2.7132E-01
1.6600E-03  1.0822E+02  1.0795E+02  2.7134E-01
1.6612E-03  1.0803E+02  1.0776E+02  2.7137E-01
1.6625E-03  1.0784E+02  1.0757E+02  2.7139E-01
1.6638E-03  1.0765E+02  1.0738E+02  2.7142E-01
1.6650E-03  1.0746E+02  1.0719E+02  2.7144E-01
1.6662E-03  1.0728E+02  1.0701E+02  2.7147E-01
1.6675E-03  1.0709E+02  1.0682E+02  2.7150E-01
1.6688E-03  1.0690E+02  1.0663E+02  2.7152E-01
1.6700E-03  1.0671E+02  1.0644E+02  2.7155E-01
1.6712E-03  1.0653E+02  1.0626E+02  2.7157E-01
1.6725E-03  1.0634E+02  1.0607E+02  2.7160E-01
1.6738E-03  1.0632E+02  1.0605E+02  2.7162E-01
1.6750E-03  1.0602E+02  1.0575E+02  2.7165E-01
1.6763E-03  1.0580E+02  1.0553E+02  2.7167E-01
1.6775E-03  1.0561E+02  1.0534E+02  2.7169E-01
1.6787E-03  1.0545E+02  1.0518E+02  2.7172E-01
1.6800E-03  1.0536E+02  1.0509E+02  2.7174E-01
1.6813E-03  1.0507E+02  1.0480E+02  2.7177E-01
1.6825E-03  1.0487E+02  1.0460E+02  2.7179E-01
1.6838E-03  1.0468E+02  1.0441E+02  2.7182E-01
1.6850E-03  1.0450E+02  1.0423E+02  2.7184E-01
1.6863E-03  1.0431E+02  1.0404E+02  2.7187E-01
1.6875E-03  1.0413E+02  1.0386E+02  2.7189E-01
1.6887E-03  1.0395E+02  1.0368E+02  2.7192E-01
1.6900E-03  1.0377E+02  1.0349E+02  2.7194E-01
1.6913E-03  1.0359E+02  1.0331E+02  2.7197E-01
1.6925E-03  1.0342E+02  1.0314E+02  2.7199E-01
1.6938E-03  1.0327E+02  1.0300E+02  2.7201E-01
1.6950E-03  1.0307E+02  1.0280E+02  2.7204E-01
1.6963E-03  1.0286E+02  1.0259E+02  2.7206E-01
1.6975E-03  1.0268E+02  1.0241E+02  2.7209E-01
1.6987E-03  1.0250E+02  1.0223E+02  2.7211E-01
1.7000E-03  1.0232E+02  1.0205E+02  2.7213E-01
1.7013E-03  1.0215E+02  1.0187E+02  2.7216E-01
1.7025E-03  1.0197E+02  1.0170E+02  2.7218E-01
1.7038E-03  1.0179E+02  1.0152E+02  2.7221E-01
1.7050E-03  1.0162E+02  1.0135E+02  2.7223E-01
1.7063E-03  1.0143E+02  1.0116E+02  2.7225E-01
1.7075E-03  1.0126E+02  1.0098E+02  2.7228E-01
1.7087E-03  1.0108E+02  1.0081E+02  2.7230E-01
1.7100E-03  1.0091E+02  1.0064E+02  2.7233E-01
1.7112E-03  1.0073E+02  1.0046E+02  2.7235E-01
1.7125E-03  1.0057E+02  1.0030E+02  2.7237E-01
1.7138E-03  1.0038E+02  1.0011E+02  2.7240E-01
1.7150E-03  1.0020E+02  9.9927E+01  2.7242E-01
1.7163E-03  1.0003E+02  9.9760E+01  2.7244E-01
1.7175E-03  9.9853E+01  9.9581E+01  2.7247E-01
1.7188E-03  9.9676E+01  9.9404E+01  2.7249E-01
1.7200E-03  9.9504E+01  9.9231E+01  2.7251E-01
1.7212E-03  9.9331E+01  9.9058E+01  2.7254E-01
1.7225E-03  9.9158E+01  9.8885E+01  2.7256E-01
1.7238E-03  9.8987E+01  9.8714E+01  2.7258E-01
1.7250E-03  9.8815E+01  9.8543E+01  2.7261E-01
1.7263E-03  9.8645E+01  9.8372E+01  2.7263E-01
1.7275E-03  9.8475E+01  9.8202E+01  2.7265E-01
1.7288E-03  9.8307E+01  9.8035E+01  2.7268E-01
1.7300E-03  9.8136E+01  9.7864E+01  2.7270E-01
1.7312E-03  9.7968E+01  9.7695E+01  2.7272E-01
1.7325E-03  9.7800E+01  9.7527E+01  2.7275E-01
1.7337E-03  9.7633E+01  9.7361E+01  2.7277E-01
1.7350E-03  9.7465E+01  9.7192E+01  2.7279E-01
1.7363E-03  9.7298E+01  9.7025E+01  2.7282E-01
1.7375E-03  9.7132E+01  9.6859E+01  2.7284E-01
1.7388E-03  9.6966E+01  9.6693E+01  2.7286E-01
1.7400E-03  9.6803E+01  9.6530E+01  2.7288E-01
1.7412E-03  9.6636E+01  9.6363E+01  2.7291E-01
1.7425E-03  9.6471E+01  9.6198E+01  2.7293E-01
1.7437E-03  9.6308E+01  9.6035E+01  2.7295E-01
1.7450E-03  9.6145E+01  9.5872E+01  2.7298E-01
1.7463E-03  9.5986E+01  9.5713E+01  2.7300E-01
1.7475E-03  9.5853E+01  9.5580E+01  2.7302E-01
1.7488E-03  9.5724E+01  9.5451E+01  2.7304E-01
1.7500E-03  9.5502E+01  9.5229E+01  2.7307E-01
1.7512E-03  9.5344E+01  9.5071E+01  2.7309E-01
1.7525E-03  9.5667E+01  9.5394E+01  2.7311E-01
1.7537E-03  9.5028E+01  9.4755E+01  2.7313E-01
1.7550E-03  9.4860E+01  9.4586E+01  2.7316E-01
1.7563E-03  9.4705E+01  9.4432E+01  2.7318E-01
1.7575E-03  1.0404E+02  1.0377E+02  2.7320E-01
1.7588E-03  9.4389E+01  9.4115E+01  2.7322E-01
1.7600E-03  9.4225E+01  9.3952E+01  2.7324E-01
1.7613E-03  9.4067E+01  9.3794E+01  2.7327E-01
1.7625E-03  9.3912E+01  9.3638E+01  2.7329E-01
1.7637E-03  9.3785E+01  9.3512E+01  2.7331E-01
1.7650E-03  9.3606E+01  9.3332E+01  2.7333E-01
1.7663E-03  9.3443E+01  9.3169E+01  2.7336E-01
1.7675E-03  9.3287E+01  9.3013E+01  2.7338E-01
1.7688E-03  9.3132E+01  9.2859E+01  2.7340E-01
1.7700E-03  9.2979E+01  9.2706E+01  2.7342E-01
1.7713E-03  9.2825E+01  9.2551E+01  2.7344E-01
1.7725E-03  9.2672E+01  9.2399E+01  2.7347E-01
1.7737E-03  9.2520E+01  9.2246E+01  2.7349E-01
1.7750E-03  9.2369E+01  9.2096E+01  2.7351E-01
1.7763E-03  9.2219E+01  9.1946E+01  2.7353E-01
1.7775E-03  9.2069E+01  9.1796E+01  2.7355E-01
1.7788E-03  9.1920E+01  9.1647E+01  2.7357E-01
1.7800E-03  9.1772E+01  9.1498E+01  2.7360E-01
1.7813E-03  9.1623E+01  9.1350E+01  2.7362E-01
1.7825E-03  9.1475E+01  9.1201E+01  2.7364E-01
1.7837E-03  9.1328E+01  9.1054E+01  2.7366E-01
1.7850E-03  9.1180E+01  9.0906E+01  2.7368E-01
1.7862E-03  9.1042E+01  9.0768E+01  2.7370E-01
1.7875E-03  9.0895E+01  9.0621E+01  2.7373E-01
1.7888E-03  9.0741E+01  9.0467E+01  2.7375E-01
1.7900E-03  9.0597E+01  9.0323E+01  2.7377E-01
1.7913E-03  9.0452E+01  9.0178E+01  2.7379E-01
1.7925E-03  9.0308E+01  9.0034E+01  2.7381E-01
1.7937E-03  9.0167E+01  8.9894E+01  2.7383E-01
1.7950E-03  9.0027E+01  8.9753E+01  2.7385E-01
1.7962E-03  8.9887E+01  8.9613E+01  2.7387E-01
1.7975E-03  8.9747E+01  8.9473E+01  2.7390E-01
1.7988E-03  8.9608E+01  8.9334E+01  2.7392E-01
1.8000E-03  8.9470E+01  8.9196E+01  2.7394E-01
1.8013E-03  8.9334E+01  8.9060E+01  2.7396E-01
1.8025E-03  8.9212E+01  8.8938E+01  2.7398E-01
1.8038E-03  8.9593E+01  8.9319E+01  2.7400E-01
1.8050E-03  8.8954E+01  8.8680E+01  2.7402E-01
1.8062E-03  8.8793E+01  8.8519E+01  2.7404E-01
1.8075E-03  8.8657E+01  8.8383E+01  2.7406E-01
1.8088E-03  8.8531E+01  8.8257E+01  2.7408E-01
1.8100E-03  8.8401E+01  8.8127E+01  2.7411E-01
1.8113E-03  8.8287E+01  8.8013E+01  2.7413E-01
1.8125E-03  8.8690E+01  8.8416E+01  2.7415E-01
1.8138E-03  8.8150E+01  8.7876E+01  2.7417E-01
1.8150E-03  8.7958E+01  8.7684E+01  2.7419E-01
1.8162E-03  8.7780E+01  8.7506E+01  2.7421E-01
1.8175E-03  8.7653E+01  8.7379E+01  2.7423E-01
1.8188E-03  8.7532E+01  8.7258E+01  2.7425E-01
1.8200E-03  8.7411E+01  8.7136E+01  2.7427E-01
1.8213E-03  8.7299E+01  8.7025E+01  2.7429E-01
1.8225E-03  8.7189E+01  8.6914E+01  2.7431E-01
1.8238E-03  8.7085E+01  8.6810E+01  2.7433E-01
1.8250E-03  8.6991E+01  8.6717E+01  2.7435E-01
1.8262E-03  8.6949E+01  8.6674E+01  2.7437E-01
1.8275E-03  8.6778E+01  8.6504E+01  2.7439E-01
1.8288E-03  8.6691E+01  8.6416E+01  2.7441E-01
1.8300E-03  8.7403E+01  8.7129E+01  2.7443E-01
1.8312E-03  8.6494E+01  8.6220E+01  2.7445E-01
1.8325E-03  8.6398E+01  8.6123E+01  2.7447E-01
1.8338E-03  8.6323E+01  8.6048E+01  2.7449E-01
1.8350E-03  8.6268E+01  8.5994E+01  2.7452E-01
1.8362E-03  8.6221E+01  8.5947E+01  2.7454E-01
1.8375E-03  8.6130E+01  8.5856E+01  2.7456E-01
1.8388E-03  8.6080E+01  8.5805E+01  2.7458E-01
1.8400E-03  8.6014E+01  8.5739E+01  2.7460E-01
1.8413E-03  8.5971E+01  8.5697E+01  2.7462E-01
1.8425E-03  8.5951E+01  8.5676E+01  2.7464E-01
1.8438E-03  8.5938E+01  8.5664E+01  2.7466E-01
1.8450E-03  8.5966E+01  8.5692E+01  2.7468E-01
1.8463E-03  8.5958E+01  8.5683E+01  2.7470E-01
1.8475E-03  8.5969E+01  8.5694E+01  2.7472E-01
1.8487E-03  8.5983E+01  8.5708E+01  2.7474E-01
1.8500E-03  8.6058E+01  8.5784E+01  2.7475E-01
1.8513E-03  8.6176E+01  8.5901E+01  2.7477E-01
1.8525E-03  8.6302E+01  8.6027E+01  2.7479E-01
1.8538E-03  8.6429E+01  8.6154E+01  2.7481E-01
1.8550E-03  8.6563E+01  8.6288E+01  2.7483E-01
1.8563E-03  8.6838E+01  8.6563E+01  2.7485E-01
1.8575E-03  8.7164E+01  8.6890E+01  2.7487E-01
1.8587E-03  8.7500E+01  8.7225E+01  2.7489E-01
1.8600E-03  8.7847E+01  8.7572E+01  2.7491E-01
1.8613E-03  8.8428E+01  8.8153E+01  2.7493E-01
1.8625E-03  8.9079E+01  8.8804E+01  2.7495E-01
1.8637E-03  8.9792E+01  8.9517E+01  2.7497E-01
1.8650E-03  9.0535E+01  9.0260E+01  2.7499E-01
1.8663E-03  9.1798E+01  9.1523E+01  2.7501E-01
1.8675E-03  9.3107E+01  9.2832E+01  2.7503E-01
1.8687E-03  9.4531E+01  9.4256E+01  2.7505E-01
1.8700E-03  9.6821E+01  9.6546E+01  2.7507E-01
1.8713E-03  9.9239E+01  9.8964E+01  2.7509E-01
1.8725E-03  1.0250E+02  1.0222E+02  2.7511E-01
1.8737E-03  1.0673E+02  1.0646E+02  2.7513E-01
1.8750E-03  1.1207E+02  1.1180E+02  2.7514E-01
1.8763E-03  1.1975E+02  1.1948E+02  2.7516E-01
1.8775E-03  1.2989E+02  1.2962E+02  2.7518E-01
1.8787E-03  1.4444E+02  1.4416E+02  2.7520E-01
1.8800E-03  1.6679E+02  1.6652E+02  2.7522E-01
1.8813E-03  2.0066E+02  2.0038E+02  2.7524E-01
1.8825E-03  2.5612E+02  2.5585E+02  2.7526E-01
1.8838E-03  3.5512E+02  3.5485E+02  2.7528E-01
1.8850E-03  5.5744E+02  5.5717E+02  2.7530E-01
1.8863E-03  1.0820E+03  1.0818E+03  2.7532E-01
1.8875E-03  2.9723E+03  2.9721E+03  2.7533E-01
1.8888E-03  2.1906E+04  2.1906E+04  2.7535E-01
1.8900E-03  4.0239E+05  4.0239E+05  2.7537E-01
1.8913E-03  7.7406E+03  7.7403E+03  2.7539E-01
1.8925E-03  1.8306E+03  1.8303E+03  2.7541E-01
1.8938E-03  8.0279E+02  8.0252E+02  2.7543E-01
1.8950E-03  4.5802E+02  4.5775E+02  2.7545E-01
1.8962E-03  3.0681E+02  3.0654E+02  2.7547E-01
1.8975E-03  2.2809E+02  2.2781E+02  2.7548E-01
1.8988E-03  1.8788E+02  1.8761E+02  2.7550E-01
1.9000E-03  1.5591E+02  1.5563E+02  2.7552E-01
1.9013E-03  1.3715E+02  1.3687E+02  2.7554E-01
1.9025E-03  1.2389E+02  1.2361E+02  2.7556E-01
1.9038E-03  1.1504E+02  1.1476E+02  2.7558E-01
1.9050E-03  1.0778E+02  1.0750E+02  2.7560E-01
1.9062E-03  1.0239E+02  1.0211E+02  2.7561E-01
1.9075E-03  9.8006E+01  9.7730E+01  2.7563E-01
1.9088E-03  9.4957E+01  9.4681E+01  2.7565E-01
1.9100E-03  9.2154E+01  9.1878E+01  2.7567E-01
1.9112E-03  8.9871E+01  8.9596E+01  2.7569E-01
1.9125E-03  8.9082E+01  8.8806E+01  2.7571E-01
1.9138E-03  8.6601E+01  8.6326E+01  2.7572E-01
1.9150E-03  8.5242E+01  8.4966E+01  2.7574E-01
1.9162E-03  8.4219E+01  8.3943E+01  2.7576E-01
1.9175E-03  8.3193E+01  8.2917E+01  2.7578E-01
1.9188E-03  8.2170E+01  8.1894E+01  2.7580E-01
1.9200E-03  8.1504E+01  8.1228E+01  2.7582E-01
1.9212E-03  8.0864E+01  8.0588E+01  2.7583E-01
1.9225E-03  8.0222E+01  7.9946E+01  2.7585E-01
1.9238E-03  7.9596E+01  7.9320E+01  2.7587E-01
1.9250E-03  7.9117E+01  7.8841E+01  2.7589E-01
1.9263E-03  7.8717E+01  7.8441E+01  2.7591E-01
1.9275E-03  7.8294E+01  7.8018E+01  2.7592E-01
1.9287E-03  7.7880E+01  7.7604E+01  2.7594E-01
1.9300E-03  7.7493E+01  7.7217E+01  2.7596E-01
1.9313E-03  7.7161E+01  7.6885E+01  2.7598E-01
1.9325E-03  7.6864E+01  7.6588E+01  2.7600E-01
1.9338E-03  7.6569E+01  7.6293E+01  2.7601E-01
1.9350E-03  7.6275E+01  7.5999E+01  2.7603E-01
1.9363E-03  7.5984E+01  7.5708E+01  2.7605E-01
1.9375E-03  7.5722E+01  7.5446E+01  2.7607E-01
1.9387E-03  7.5470E+01  7.5194E+01  2.7608E-01
1.9400E-03  7.5257E+01  7.4981E+01  2.7610E-01
1.9413E-03  7.5031E+01  7.4755E+01  2.7612E-01
1.9425E-03  7.4812E+01  7.4536E+01  2.7614E-01
1.9438E-03  7.4616E+01  7.4340E+01  2.7615E-01
1.9450E-03  7.4742E+01  7.4466E+01  2.7617E-01
1.9463E-03  7.5328E+01  7.5052E+01  2.7619E-01
1.9475E-03  7.3997E+01  7.3720E+01  2.7621E-01
1.9487E-03  7.3831E+01  7.3554E+01  2.7623E-01
1.9500E-03  7.3645E+01  7.3369E+01  2.7624E-01
1.9513E-03  7.3469E+01  7.3193E+01  2.7626E-01
1.9525E-03  7.3298E+01  7.3021E+01  2.7628E-01
1.9538E-03  7.3124E+01  7.2848E+01  2.7629E-01
1.9550E-03  7.2963E+01  7.2687E+01  2.7631E-01
1.9563E-03  7.2800E+01  7.2524E+01  2.7633E-01
1.9575E-03  7.2637E+01  7.2361E+01  2.7635E-01
1.9587E-03  7.2479E+01  7.2202E+01  2.7636E-01
1.9600E-03  7.2333E+01  7.2057E+01  2.7638E-01
1.9612E-03  7.2190E+01  7.1913E+01  2.7640E-01
1.9625E-03  7.2095E+01  7.1819E+01  2.7642E-01
1.9638E-03  7.2097E+01  7.1820E+01  2.7643E-01
1.9650E-03  7.1762E+01  7.1486E+01  2.7645E-01
1.9663E-03  7.1618E+01  7.1342E+01  2.7647E-01
1.9675E-03  7.1483E+01  7.1206E+01  2.7648E-01
1.9688E-03  7.1372E+01  7.1095E+01  2.7650E-01
1.9700E-03  7.1238E+01  7.0961E+01  2.7652E-01
1.9712E-03  7.1454E+01  7.1177E+01  2.7654E-01
1.9725E-03  7.1807E+01  7.1531E+01  2.7655E-01
1.9737E-03  7.0868E+01  7.0591E+01  2.7657E-01
1.9750E-03  7.0673E+01  7.0397E+01  2.7659E-01
1.9763E-03  7.0531E+01  7.0255E+01  2.7660E-01
1.9775E-03  7.0416E+01  7.0139E+01  2.7662E-01
1.9788E-03  7.0272E+01  6.9995E+01  2.7664E-01
1.9800E-03  7.0145E+01  6.9869E+01  2.7665E-01
1.9812E-03  7.0015E+01  6.9739E+01  2.7667E-01
1.9825E-03  6.9891E+01  6.9614E+01  2.7669E-01
1.9837E-03  6.9775E+01  6.9498E+01  2.7670E-01
1.9850E-03  6.9770E+01  6.9494E+01  2.7672E-01
1.9863E-03  6.9524E+01  6.9247E+01  2.7674E-01
1.9875E-03  6.9537E+01  6.9260E+01  2.7675E-01
1.9888E-03  6.9306E+01  6.9029E+01  2.7677E-01
1.9900E-03  6.9171E+01  6.8895E+01  2.7679E-01
1.9912E-03  6.9046E+01  6.8770E+01  2.7680E-01
1.9925E-03  6.8961E+01  6.8684E+01  2.7682E-01
1.9937E-03  6.8805E+01  6.8528E+01  2.7684E-01
1.9950E-03  6.8686E+01  6.8409E+01  2.7685E-01
1.9963E-03  6.8578E+01  6.8301E+01  2.7687E-01
1.9975E-03  6.8457E+01  6.8180E+01  2.7689E-01
1.9988E-03  6.8341E+01  6.8064E+01  2.7690E-01
2.0000E-03  6.8227E+01  6.7950E+01  2.7692E-01
2.0013E-03  6.8112E+01  6.7835E+01  2.7694E-01
2.0025E-03  6.8000E+01  6.7723E+01  2.7695E-01
2.0038E-03  6.7886E+01  6.7609E+01  2.7697E-01
2.0050E-03  6.7772E+01  6.7495E+01  2.7699E-01
2.0063E-03  6.7667E+01  6.7390E+01  2.7700E-01
2.0075E-03  6.7551E+01  6.7274E+01  2.7702E-01
2.0088E-03  6.7438E+01  6.7161E+01  2.7704E-01
2.0100E-03  6.7328E+01  6.7051E+01  2.7705E-01
2.0113E-03  6.7220E+01  6.6943E+01  2.7707E-01
2.0125E-03  6.7113E+01  6.6835E+01  2.7708E-01
2.0137E-03  6.7003E+01  6.6726E+01  2.7710E-01
2.0150E-03  6.6895E+01  6.6618E+01  2.7712E-01
2.0162E-03  6.6788E+01  6.6511E+01  2.7713E-01
2.0175E-03  6.6683E+01  6.6406E+01  2.7715E-01
2.0187E-03  6.6575E+01  6.6298E+01  2.7716E-01
2.0200E-03  6.6467E+01  6.6190E+01  2.7718E-01
2.0213E-03  6.6485E+01  6.6208E+01  2.7720E-01
2.0225E-03  6.6258E+01  6.5981E+01  2.7721E-01
2.0238E-03  6.6157E+01  6.5880E+01  2.7723E-01
2.0250E-03  6.6135E+01  6.5858E+01  2.7724E-01
2.0263E-03  6.5938E+01  6.5661E+01  2.7726E-01
2.0275E-03  6.5832E+01  6.5555E+01  2.7728E-01
2.0288E-03  6.5747E+01  6.5470E+01  2.7729E-01
2.0300E-03  6.5700E+01  6.5422E+01  2.7731E-01
2.0313E-03  6.5524E+01  6.5247E+01  2.7732E-01
2.0325E-03  6.5464E+01  6.5187E+01  2.7734E-01
2.0337E-03  6.5319E+01  6.5042E+01  2.7736E-01
2.0350E-03  6.5213E+01  6.4935E+01  2.7737E-01
2.0362E-03  6.5112E+01  6.4834E+01  2.7739E-01
2.0375E-03  6.5010E+01  6.4732E+01  2.7740E-01
2.0387E-03  6.4925E+01  6.4648E+01  2.7742E-01
2.0400E-03  6.4809E+01  6.4532E+01  2.7743E-01
2.0412E-03  6.4708E+01  6.4431E+01  2.7745E-01
2.0425E-03  6.4608E+01  6.4330E+01  2.7747E-01
2.0438E-03  6.4512E+01  6.4235E+01  2.7748E-01
2.0450E-03  6.4419E+01  6.4141E+01  2.7750E-01
2.0463E-03  6.4362E+01  6.4084E+01  2.7751E-01
2.0475E-03  6.9359E+01  6.9082E+01  2.7753E-01
2.0488E-03  6.4172E+01  6.3894E+01  2.7754E-01
2.0500E-03  6.4028E+01  6.3751E+01  2.7756E-01
2.0513E-03  6.3939E+01  6.3662E+01  2.7757E-01
2.0525E-03  6.3810E+01  6.3533E+01  2.7759E-01
2.0538E-03  6.3710E+01  6.3432E+01  2.7761E-01
2.0550E-03  6.3617E+01  6.3340E+01  2.7762E-01
2.0562E-03  6.3513E+01  6.3236E+01  2.7764E-01
2.0575E-03  6.3423E+01  6.3145E+01  2.7765E-01
2.0587E-03  6.3317E+01  6.3040E+01  2.7767E-01
2.0600E-03  6.3220E+01  6.2943E+01  2.7768E-01
2.0612E-03  6.3126E+01  6.2848E+01  2.7770E-01
2.0625E-03  6.3027E+01  6.2749E+01  2.7771E-01
2.0638E-03  6.2930E+01  6.2652E+01  2.7773E-01
2.0650E-03  6.2834E+01  6.2556E+01  2.7774E-01
2.0663E-03  6.2738E+01  6.2460E+01  2.7776E-01
2.0675E-03  6.2642E+01  6.2364E+01  2.7777E-01
2.0688E-03  6.2552E+01  6.2274E+01  2.7779E-01
2.0700E-03  6.2454E+01  6.2176E+01  2.7780E-01
2.0713E-03  6.2357E+01  6.2079E+01  2.7782E-01
2.0725E-03  6.2263E+01  6.1986E+01  2.7783E-01
2.0738E-03  6.2166E+01  6.1888E+01  2.7785E-01
2.0750E-03  6.2071E+01  6.1793E+01  2.7786E-01
2.0762E-03  6.1976E+01  6.1698E+01  2.7788E-01
2.0775E-03  6.1882E+01  6.1604E+01  2.7789E-01
2.0787E-03  6.1788E+01  6.1510E+01  2.7791E-01
2.0800E-03  6.1694E+01  6.1416E+01  2.7792E-01
2.0812E-03  6.1600E+01  6.1322E+01  2.7794E-01
2.0825E-03  6.1506E+01  6.1228E+01  2.7795E-01
2.0838E-03  6.1413E+01  6.1135E+01  2.7797E-01
2.0850E-03  6.1320E+01  6.1042E+01  2.7798E-01
2.0862E-03  6.1227E+01  6.0949E+01  2.7800E-01
2.0875E-03  6.1135E+01  6.0857E+01  2.7801E-01
2.0888E-03  6.1043E+01  6.0765E+01  2.7803E-01
2.0900E-03  6.0952E+01  6.0674E+01  2.7804E-01
2.0913E-03  6.0862E+01  6.0584E+01  2.7806E-01
2.0925E-03  6.0781E+01  6.0503E+01  2.7807E-01
2.0938E-03  6.0940E+01  6.0662E+01  2.7809E-01
2.0950E-03  6.0603E+01  6.0325E+01  2.7810E-01
2.0963E-03  6.0535E+01  6.0257E+01  2.7812E-01
2.0975E-03  6.0449E+01  6.0171E+01  2.7813E-01
2.0987E-03  6.0320E+01  6.0042E+01  2.7815E-01
2.1000E-03  6.0228E+01  5.9950E+01  2.7816E-01
2.1012E-03  6.0130E+01  5.9852E+01  2.7818E-01
2.1025E-03  6.0040E+01  5.9761E+01  2.7819E-01
2.1037E-03  5.9946E+01  5.9668E+01  2.7820E-01
2.1050E-03  5.9856E+01  5.9578E+01  2.7822E-01
2.1063E-03  5.9765E+01  5.9487E+01  2.7823E-01
2.1075E-03  5.9675E+01  5.9397E+01  2.7825E-01
2.1088E-03  5.9585E+01  5.9307E+01  2.7826E-01
2.1100E-03  5.9499E+01  5.9221E+01  2.7828E-01
2.1113E-03  5.9406E+01  5.9128E+01  2.7829E-01
2.1125E-03  5.9326E+01  5.9047E+01  2.7831E-01
2.1138E-03  5.9280E+01  5.9001E+01  2.7832E-01
2.1150E-03  5.9144E+01  5.8865E+01  2.7833E-01
2.1163E-03  5.9051E+01  5.8773E+01  2.7835E-01
2.1175E-03  5.8960E+01  5.8682E+01  2.7836E-01
2.1187E-03  5.8871E+01  5.8592E+01  2.7838E-01
2.1200E-03  5.8782E+01  5.8504E+01  2.7839E-01
2.1212E-03  5.8694E+01  5.8415E+01  2.7841E-01
2.1225E-03  5.8606E+01  5.8328E+01  2.7842E-01
2.1237E-03  5.8519E+01  5.8241E+01  2.7844E-01
2.1250E-03  5.8437E+01  5.8158E+01  2.7845E-01
2.1263E-03  5.8459E+01  5.8180E+01  2.7846E-01
2.1275E-03  5.8278E+01  5.7999E+01  2.7848E-01
2.1287E-03  5.8170E+01  5.7892E+01  2.7849E-01
2.1300E-03  5.8080E+01  5.7802E+01  2.7851E-01
2.1313E-03  5.7992E+01  5.7714E+01  2.7852E-01
2.1325E-03  5.7905E+01  5.7626E+01  2.7853E-01
2.1338E-03  5.7818E+01  5.7539E+01  2.7855E-01
2.1350E-03  5.7731E+01  5.7452E+01  2.7856E-01
2.1363E-03  5.7644E+01  5.7366E+01  2.7858E-01
2.1375E-03  5.7558E+01  5.7279E+01  2.7859E-01
2.1388E-03  5.7471E+01  5.7192E+01  2.7860E-01
2.1400E-03  5.7385E+01  5.7106E+01  2.7862E-01
2.1412E-03  5.7300E+01  5.7022E+01  2.7863E-01
2.1425E-03  5.7214E+01  5.6935E+01  2.7865E-01
2.1437E-03  5.7133E+01  5.6854E+01  2.7866E-01
2.1450E-03  5.7040E+01  5.6761E+01  2.7867E-01
2.1463E-03  5.6954E+01  5.6676E+01  2.7869E-01
2.1475E-03  5.6869E+01  5.6591E+01  2.7870E-01
2.1488E-03  5.6783E+01  5.6505E+01  2.7872E-01
2.1500E-03  5.6698E+01  5.6419E+01  2.7873E-01
2.1512E-03  5.6615E+01  5.6336E+01  2.7874E-01
2.1525E-03  5.6529E+01  5.6251E+01  2.7876E-01
2.1538E-03  5.6443E+01  5.6164E+01  2.7877E-01
2.1550E-03  5.6370E+01  5.6091E+01  2.7878E-01
2.1563E-03  5.6280E+01  5.6002E+01  2.7880E-01
2.1575E-03  5.6190E+01  5.5911E+01  2.7881E-01
2.1588E-03  5.6106E+01  5.5827E+01  2.7883E-01
2.1600E-03  5.6021E+01  5.5742E+01  2.7884E-01
2.1612E-03  5.5938E+01  5.5659E+01  2.7885E-01
2.1625E-03  5.5855E+01  5.5576E+01  2.7887E-01
2.1637E-03  5.5770E+01  5.5491E+01  2.7888E-01
2.1650E-03  5.5687E+01  5.5408E+01  2.7889E-01
2.1662E-03  5.5609E+01  5.5330E+01  2.7891E-01
2.1675E-03  5.5523E+01  5.5244E+01  2.7892E-01
2.1688E-03  5.5441E+01  5.5162E+01  2.7893E-01
2.1700E-03  5.5355E+01  5.5076E+01  2.7895E-01
2.1713E-03  5.5273E+01  5.4994E+01  2.7896E-01
2.1725E-03  5.5191E+01  5.4912E+01  2.7897E-01
2.1737E-03  5.5109E+01  5.4830E+01  2.7899E-01
2.1750E-03  5.5029E+01  5.4750E+01  2.7900E-01
2.1763E-03  5.4946E+01  5.4667E+01  2.7902E-01
2.1775E-03  5.4867E+01  5.4588E+01  2.7903E-01
2.1788E-03  5.4783E+01  5.4504E+01  2.7904E-01
2.1800E-03  5.4702E+01  5.4423E+01  2.7906E-01
2.1813E-03  5.4621E+01  5.4342E+01  2.7907E-01
2.1825E-03  5.4542E+01  5.4263E+01  2.7908E-01
2.1837E-03  5.4461E+01  5.4182E+01  2.7910E-01
2.1850E-03  5.4383E+01  5.4104E+01  2.7911E-01
2.1862E-03  5.4301E+01  5.4022E+01  2.7912E-01
2.1875E-03  5.4222E+01  5.3942E+01  2.7914E-01
2.1888E-03  5.4140E+01  5.3861E+01  2.7915E-01
2.1900E-03  5.4061E+01  5.3781E+01  2.7916E-01
2.1913E-03  5.3982E+01  5.3703E+01  2.7917E-01
2.1925E-03  5.3903E+01  5.3623E+01  2.7919E-01
2.1937E-03  5.3829E+01  5.3550E+01  2.7920E-01
2.1950E-03  5.3755E+01  5.3476E+01  2.7921E-01
2.1963E-03  5.3687E+01  5.3408E+01  2.7923E-01
2.1975E-03  5.3589E+01  5.3310E+01  2.7924E-01
2.1988E-03  5.3509E+01  5.3229E+01  2.7925E-01
2.2000E-03  5.3432E+01  5.3153E+01  2.7927E-01
2.2013E-03  5.3360E+01  5.3081E+01  2.7928E-01
2.2025E-03  5.3276E+01  5.2997E+01  2.7929E-01
2.2037E-03  5.3202E+01  5.2923E+01  2.7931E-01
2.2050E-03  5.3125E+01  5.2845E+01  2.7932E-01
2.2062E-03  5.3051E+01  5.2771E+01  2.7933E-01
2.2075E-03  5.2988E+01  5.2708E+01  2.7934E-01
2.2088E-03  5.3066E+01  5.2786E+01  2.7936E-01
2.2100E-03  5.3178E+01  5.2898E+01  2.7937E-01
2.2113E-03  5.2764E+01  5.2485E+01  2.7938E-01
2.2125E-03  5.2668E+01  5.2389E+01  2.7940E-01
2.2138E-03  5.2588E+01  5.2309E+01  2.7941E-01
2.2150E-03  5.2508E+01  5.2229E+01  2.7942E-01
2.2162E-03  5.2433E+01  5.2153E+01  2.7944E-01
2.2175E-03  5.2364E+01  5.2084E+01  2.7945E-01
2.2188E-03  5.2322E+01  5.2042E+01  2.7946E-01
2.2200E-03  5.2278E+01  5.1998E+01  2.7947E-01
2.2213E-03  5.2132E+01  5.1852E+01  2.7949E-01
2.2225E-03  5.2055E+01  5.1775E+01  2.7950E-01
2.2238E-03  5.1977E+01  5.1698E+01  2.7951E-01
2.2250E-03  5.1900E+01  5.1620E+01  2.7952E-01
2.2262E-03  5.1824E+01  5.1545E+01  2.7954E-01
2.2275E-03  5.1749E+01  5.1470E+01  2.7955E-01
2.2287E-03  5.1674E+01  5.1395E+01  2.7956E-01
2.2300E-03  5.1600E+01  5.1320E+01  2.7958E-01
2.2313E-03  5.1525E+01  5.1246E+01  2.7959E-01
2.2325E-03  5.1451E+01  5.1171E+01  2.7960E-01
2.2338E-03  5.1377E+01  5.1097E+01  2.7961E-01
2.2350E-03  5.1303E+01  5.1023E+01  2.7963E-01
2.2362E-03  5.1229E+01  5.0950E+01  2.7964E-01
2.2375E-03  5.1156E+01  5.0876E+01  2.7965E-01
2.2387E-03  5.1082E+01  5.0803E+01  2.7966E-01
2.2400E-03  5.1009E+01  5.0729E+01  2.7968E-01
2.2413E-03  5.0936E+01  5.0656E+01  2.7969E-01
2.2425E-03  5.0863E+01  5.0583E+01  2.7970E-01
2.2438E-03  5.0791E+01  5.0511E+01  2.7971E-01
2.2450E-03  5.0734E+01  5.0455E+01  2.7973E-01
2.2462E-03  5.0647E+01  5.0367E+01  2.7974E-01
2.2475E-03  5.0576E+01  5.0296E+01  2.7975E-01
2.2487E-03  5.0510E+01  5.0231E+01  2.7976E-01
2.2500E-03  5.0436E+01  5.0156E+01  2.7978E-01
2.2513E-03  5.0357E+01  5.0077E+01  2.7979E-01
2.2525E-03  5.0283E+01  5.0003E+01  2.7980E-01
2.2538E-03  5.0211E+01  4.9931E+01  2.7981E-01
2.2550E-03  5.0139E+01  4.9859E+01  2.7982E-01
2.2563E-03  5.0070E+01  4.9790E+01  2.7984E-01
2.2575E-03  4.9996E+01  4.9716E+01  2.7985E-01
2.2587E-03  4.9925E+01  4.9645E+01  2.7986E-01
2.2600E-03  4.9853E+01  4.9574E+01  2.7987E-01
2.2613E-03  4.9786E+01  4.9506E+01  2.7989E-01
2.2625E-03  4.9715E+01  4.9435E+01  2.7990E-01
2.2638E-03  4.9677E+01  4.9397E+01  2.7991E-01
2.2650E-03  4.9572E+01  4.9292E+01  2.7992E-01
2.2663E-03  4.9516E+01  4.9236E+01  2.7993E-01
2.2675E-03  4.9432E+01  4.9152E+01  2.7995E-01
2.2687E-03  4.9359E+01  4.9079E+01  2.7996E-01
2.2700E-03  4.9289E+01  4.9009E+01  2.7997E-01
2.2713E-03  4.9219E+01  4.8939E+01  2.7998E-01
2.2725E-03  4.9151E+01  4.8871E+01  2.8000E-01
2.2738E-03  4.9079E+01  4.8799E+01  2.8001E-01
2.2750E-03  4.9015E+01  4.8735E+01  2.8002E-01
2.2763E-03  4.9016E+01  4.8736E+01  2.8003E-01
2.2775E-03  4.8887E+01  4.8607E+01  2.8004E-01
2.2787E-03  4.8820E+01  4.8540E+01  2.8006E-01
2.2800E-03  4.8762E+01  4.8482E+01  2.8007E-01
2.2812E-03  4.8688E+01  4.8408E+01  2.8008E-01
2.2825E-03  4.8593E+01  4.8312E+01  2.8009E-01
2.2838E-03  4.8521E+01  4.8241E+01  2.8010E-01
2.2850E-03  4.8451E+01  4.8171E+01  2.8012E-01
2.2863E-03  4.8381E+01  4.8101E+01  2.8013E-01
2.2875E-03  4.8312E+01  4.8032E+01  2.8014E-01
2.2887E-03  4.8247E+01  4.7967E+01  2.8015E-01
2.2900E-03  4.8175E+01  4.7895E+01  2.8016E-01
2.2912E-03  4.8107E+01  4.7826E+01  2.8017E-01
2.2925E-03  4.8039E+01  4.7759E+01  2.8019E-01
2.2938E-03  4.7972E+01  4.7692E+01  2.8020E-01
2.2950E-03  4.7908E+01  4.7628E+01  2.8021E-01
2.2963E-03  4.7864E+01  4.7584E+01  2.8022E-01
2.2975E-03  4.7810E+01  4.7529E+01  2.8023E-01
2.2988E-03  4.7733E+01  4.7453E+01  2.8025E-01
2.3000E-03  4.8569E+01  4.8289E+01  2.8026E-01
2.3012E-03  4.8239E+01  4.7958E+01  2.8027E-01
2.3025E-03  4.7550E+01  4.7270E+01  2.8028E-01
2.3037E-03  4.7441E+01  4.7161E+01  2.8029E-01
2.3050E-03  4.7364E+01  4.7084E+01  2.8030E-01
2.3063E-03  4.7293E+01  4.7013E+01  2.8032E-01
2.3075E-03  4.7224E+01  4.6944E+01  2.8033E-01
2.3088E-03  4.7157E+01  4.6877E+01  2.8034E-01
2.3100E-03  4.7089E+01  4.6808E+01  2.8035E-01
2.3112E-03  4.7022E+01  4.6742E+01  2.8036E-01
2.3125E-03  4.6963E+01  4.6682E+01  2.8037E-01
2.3138E-03  4.6888E+01  4.6607E+01  2.8038E-01
2.3150E-03  4.6821E+01  4.6540E+01  2.8040E-01
2.3163E-03  4.6753E+01  4.6473E+01  2.8041E-01
2.3175E-03  4.6686E+01  4.6406E+01  2.8042E-01
2.3188E-03  4.6620E+01  4.6340E+01  2.8043E-01
2.3200E-03  4.6555E+01  4.6275E+01  2.8044E-01
2.3212E-03  4.6494E+01  4.6213E+01  2.8045E-01
2.3225E-03  4.6466E+01  4.6186E+01  2.8047E-01
2.3237E-03  4.6451E+01  4.6171E+01  2.8048E-01
2.3250E-03  4.6314E+01  4.6034E+01  2.8049E-01
2.3263E-03  4.6228E+01  4.5948E+01  2.8050E-01
2.3275E-03  4.6160E+01  4.5880E+01  2.8051E-01
2.3288E-03  4.6097E+01  4.5817E+01  2.8052E-01
2.3300E-03  4.6025E+01  4.5744E+01  2.8053E-01
2.3312E-03  4.5958E+01  4.5678E+01  2.8055E-01
2.3325E-03  4.5894E+01  4.5613E+01  2.8056E-01
2.3338E-03  4.5827E+01  4.5546E+01  2.8057E-01
2.3350E-03  4.5761E+01  4.5481E+01  2.8058E-01
2.3363E-03  4.5696E+01  4.5416E+01  2.8059E-01
2.3375E-03  4.5631E+01  4.5350E+01  2.8060E-01
2.3388E-03  4.5585E+01  4.5304E+01  2.8061E-01
2.3400E-03  4.5504E+01  4.5223E+01  2.8062E-01
2.3413E-03  4.5438E+01  4.5158E+01  2.8064E-01
2.3425E-03  4.5370E+01  4.5089E+01  2.8065E-01
2.3437E-03  4.5310E+01  4.5029E+01  2.8066E-01
2.3450E-03  4.5241E+01  4.4960E+01  2.8067E-01
2.3462E-03  4.5176E+01  4.4895E+01  2.8068E-01
2.3475E-03  4.5123E+01  4.4842E+01  2.8069E-01
2.3488E-03  4.5048E+01  4.4767E+01  2.8070E-01
2.3500E-03  4.4982E+01  4.4701E+01  2.8071E-01
2.3513E-03  4.4917E+01  4.4637E+01  2.8072E-01
2.3525E-03  4.4853E+01  4.4572E+01  2.8074E-01
2.3537E-03  4.4789E+01  4.4508E+01  2.8075E-01
2.3550E-03  4.4728E+01  4.4447E+01  2.8076E-01
2.3563E-03  4.4663E+01  4.4382E+01  2.8077E-01
2.3575E-03  4.4598E+01  4.4317E+01  2.8078E-01
2.3588E-03  4.4536E+01  4.4255E+01  2.8079E-01
2.3600E-03  4.4474E+01  4.4193E+01  2.8080E-01
2.3613E-03  4.4418E+01  4.4137E+01  2.8081E-01
2.3625E-03  4.4383E+01  4.4102E+01  2.8082E-01
2.3637E-03  4.5654E+01  4.5373E+01  2.8084E-01
2.3650E-03  4.4243E+01  4.3962E+01  2.8085E-01
2.3662E-03  4.4165E+01  4.3884E+01  2.8086E-01
2.3675E-03  4.4095E+01  4.3814E+01  2.8087E-01
2.3687E-03  4.4032E+01  4.3751E+01  2.8088E-01
2.3700E-03  4.3973E+01  4.3692E+01  2.8089E-01
2.3713E-03  4.3923E+01  4.3642E+01  2.8090E-01
2.3725E-03  4.3921E+01  4.3640E+01  2.8091E-01
2.3737E-03  4.7508E+01  4.7227E+01  2.8092E-01
2.3750E-03  4.3840E+01  4.3559E+01  2.8093E-01
2.3763E-03  4.3678E+01  4.3397E+01  2.8094E-01
2.3775E-03  4.3599E+01  4.3319E+01  2.8095E-01
2.3788E-03  4.3531E+01  4.3250E+01  2.8097E-01
2.3800E-03  4.3464E+01  4.3183E+01  2.8098E-01
2.3813E-03  4.3400E+01  4.3119E+01  2.8099E-01
2.3825E-03  4.3339E+01  4.3058E+01  2.8100E-01
2.3838E-03  4.3279E+01  4.2998E+01  2.8101E-01
2.3850E-03  4.3212E+01  4.2931E+01  2.8102E-01
2.3862E-03  4.3152E+01  4.2871E+01  2.8103E-01
2.3875E-03  4.3096E+01  4.2815E+01  2.8104E-01
2.3887E-03  4.3041E+01  4.2760E+01  2.8105E-01
2.3900E-03  4.2967E+01  4.2686E+01  2.8106E-01
2.3912E-03  4.2902E+01  4.2621E+01  2.8107E-01
2.3925E-03  4.2840E+01  4.2559E+01  2.8108E-01
2.3938E-03  4.2779E+01  4.2498E+01  2.8109E-01
2.3950E-03  4.2718E+01  4.2437E+01  2.8110E-01
2.3963E-03  4.2656E+01  4.2375E+01  2.8112E-01
2.3975E-03  4.2600E+01  4.2319E+01  2.8113E-01
2.3988E-03  4.2576E+01  4.2294E+01  2.8114E-01
2.4000E-03  4.2478E+01  4.2197E+01  2.8115E-01
2.4013E-03  4.2412E+01  4.2131E+01  2.8116E-01
2.4025E-03  4.2350E+01  4.2069E+01  2.8117E-01
2.4038E-03  4.2290E+01  4.2009E+01  2.8118E-01
2.4050E-03  4.2232E+01  4.1951E+01  2.8119E-01
2.4062E-03  4.2190E+01  4.1909E+01  2.8120E-01
2.4075E-03  4.2113E+01  4.1831E+01  2.8121E-01
2.4087E-03  4.2050E+01  4.1769E+01  2.8122E-01
2.4100E-03  4.1997E+01  4.1716E+01  2.8123E-01
2.4112E-03  4.1932E+01  4.1651E+01  2.8124E-01
2.4125E-03  4.1869E+01  4.1588E+01  2.8125E-01
2.4138E-03  4.1809E+01  4.1527E+01  2.8126E-01
2.4150E-03  4.1749E+01  4.1468E+01  2.8127E-01
2.4162E-03  4.1690E+01  4.1408E+01  2.8128E-01
2.4175E-03  4.1630E+01  4.1349E+01  2.8129E-01
2.4188E-03  4.1571E+01  4.1290E+01  2.8130E-01
2.4200E-03  4.1521E+01  4.1240E+01  2.8131E-01
2.4213E-03  4.1453E+01  4.1172E+01  2.8133E-01
2.4225E-03  4.1395E+01  4.1114E+01  2.8134E-01
2.4238E-03  4.1338E+01  4.1057E+01  2.8135E-01
2.4250E-03  4.1283E+01  4.1001E+01  2.8136E-01
2.4263E-03  4.1232E+01  4.0951E+01  2.8137E-01
2.4275E-03  4.1169E+01  4.0888E+01  2.8138E-01
2.4287E-03  4.1116E+01  4.0835E+01  2.8139E-01
2.4300E-03  4.1071E+01  4.0790E+01  2.8140E-01
2.4312E-03  4.1006E+01  4.0725E+01  2.8141E-01
2.4325E-03  4.0947E+01  4.0666E+01  2.8142E-01
2.4337E-03  4.0893E+01  4.0611E+01  2.8143E-01
2.4350E-03  4.0839E+01  4.0557E+01  2.8144E-01
2.4363E-03  4.0789E+01  4.0507E+01  2.8145E-01
2.4375E-03  4.0734E+01  4.0452E+01  2.8146E-01
2.4388E-03  4.0709E+01  4.0428E+01  2.8147E-01
2.4400E-03  4.0627E+01  4.0346E+01  2.8148E-01
2.4413E-03  4.0572E+01  4.0291E+01  2.8149E-01
2.4425E-03  4.0520E+01  4.0238E+01  2.8150E-01
2.4438E-03  4.0468E+01  4.0187E+01  2.8151E-01
2.4450E-03  4.0417E+01  4.0135E+01  2.8152E-01
2.4463E-03  4.0366E+01  4.0085E+01  2.8153E-01
2.4475E-03  4.0318E+01  4.0036E+01  2.8154E-01
2.4487E-03  4.0271E+01  3.9989E+01  2.8155E-01
2.4500E-03  4.0220E+01  3.9939E+01  2.8156E-01
2.4512E-03  4.0172E+01  3.9890E+01  2.8157E-01
2.4525E-03  4.0124E+01  3.9842E+01  2.8158E-01
2.4537E-03  4.0076E+01  3.9795E+01  2.8159E-01
2.4550E-03  4.0028E+01  3.9747E+01  2.8160E-01
2.4562E-03  3.9982E+01  3.9700E+01  2.8161E-01
2.4575E-03  3.9937E+01  3.9655E+01  2.8162E-01
2.4588E-03  3.9893E+01  3.9612E+01  2.8163E-01
2.4600E-03  3.9845E+01  3.9564E+01  2.8164E-01
2.4613E-03  3.9802E+01  3.9521E+01  2.8165E-01
2.4625E-03  3.9763E+01  3.9482E+01  2.8166E-01
2.4638E-03  3.9726E+01  3.9444E+01  2.8167E-01
2.4650E-03  3.9691E+01  3.9410E+01  2.8168E-01
2.4663E-03  3.9652E+01  3.9370E+01  2.8169E-01
2.4675E-03  3.9672E+01  3.9391E+01  2.8170E-01
2.4688E-03  3.9560E+01  3.9278E+01  2.8171E-01
2.4700E-03  3.9518E+01  3.9237E+01  2.8172E-01
2.4712E-03  3.9634E+01  3.9352E+01  2.8173E-01
2.4725E-03  3.9441E+01  3.9159E+01  2.8174E-01
2.4737E-03  3.9408E+01  3.9126E+01  2.8175E-01
2.4750E-03  3.9378E+01  3.9096E+01  2.8176E-01
2.4762E-03  3.9353E+01  3.9071E+01  2.8177E-01
2.4775E-03  3.9321E+01  3.9039E+01  2.8178E-01
2.4788E-03  3.9298E+01  3.9016E+01  2.8179E-01
2.4800E-03  3.9264E+01  3.8982E+01  2.8180E-01
2.4813E-03  3.9235E+01  3.8953E+01  2.8181E-01
2.4825E-03  3.9208E+01  3.8926E+01  2.8182E-01
2.4838E-03  3.9180E+01  3.8899E+01  2.8183E-01
2.4850E-03  3.9166E+01  3.8885E+01  2.8184E-01
2.4863E-03  3.9153E+01  3.8871E+01  2.8185E-01
2.4875E-03  3.9144E+01  3.8862E+01  2.8186E-01
2.4888E-03  3.9135E+01  3.8854E+01  2.8187E-01
2.4900E-03  3.9126E+01  3.8844E+01  2.8187E-01
2.4912E-03  3.9113E+01  3.8831E+01  2.8188E-01
2.4925E-03  3.9104E+01  3.8822E+01  2.8189E-01
2.4937E-03  3.9102E+01  3.8820E+01  2.8190E-01
2.4950E-03  3.9117E+01  3.8835E+01  2.8191E-01
2.4962E-03  3.9137E+01  3.8855E+01  2.8192E-01
2.4975E-03  3.9160E+01  3.8878E+01  2.8193E-01
2.4987E-03  3.9182E+01  3.8900E+01  2.8194E-01
2.5000E-03  3.9205E+01  3.8923E+01  2.8195E-01
2.5013E-03  3.9236E+01  3.8954E+01  2.8196E-01
2.5025E-03  3.9278E+01  3.8996E+01  2.8197E-01
2.5038E-03  3.9345E+01  3.9063E+01  2.8198E-01
2.5050E-03  3.9420E+01  3.9138E+01  2.8199E-01
2.5063E-03  3.9495E+01  3.9213E+01  2.8200E-01
2.5075E-03  3.9572E+01  3.9290E+01  2.8201E-01
2.5088E-03  3.9682E+01  3.9400E+01  2.8202E-01
2.5100E-03  3.9805E+01  3.9523E+01  2.8203E-01
2.5113E-03  4.0099E+01  3.9817E+01  2.8204E-01
2.5125E-03  4.0130E+01  3.9848E+01  2.8205E-01
2.5137E-03  4.0301E+01  4.0019E+01  2.8206E-01
2.5150E-03  4.0516E+01  4.0234E+01  2.8207E-01
2.5162E-03  4.0750E+01  4.0468E+01  2.8207E-01
2.5175E-03  4.1068E+01  4.0786E+01  2.8208E-01
2.5187E-03  4.1414E+01  4.1132E+01  2.8209E-01
2.5200E-03  4.1813E+01  4.1530E+01  2.8210E-01
2.5213E-03  4.2212E+01  4.1930E+01  2.8211E-01
2.5225E-03  4.2777E+01  4.2495E+01  2.8212E-01
2.5238E-03  4.3466E+01  4.3184E+01  2.8213E-01
2.5250E-03  4.4169E+01  4.3887E+01  2.8214E-01
2.5263E-03  4.5024E+01  4.4742E+01  2.8215E-01
2.5275E-03  4.6212E+01  4.5930E+01  2.8216E-01
2.5288E-03  4.7410E+01  4.7128E+01  2.8217E-01
2.5300E-03  4.9018E+01  4.8736E+01  2.8218E-01
2.5313E-03  5.0990E+01  5.0708E+01  2.8219E-01
2.5325E-03  5.3202E+01  5.2920E+01  2.8220E-01
2.5337E-03  5.6832E+01  5.6550E+01  2.8221E-01
2.5350E-03  6.0292E+01  6.0010E+01  2.8221E-01
2.5362E-03  6.5555E+01  6.5272E+01  2.8222E-01
2.5375E-03  7.2236E+01  7.1953E+01  2.8223E-01
2.5387E-03  8.1775E+01  8.1493E+01  2.8224E-01
2.5400E-03  9.5011E+01  9.4729E+01  2.8225E-01
2.5412E-03  1.1426E+02  1.1398E+02  2.8226E-01
2.5425E-03  1.4417E+02  1.4388E+02  2.8227E-01
2.5438E-03  1.9325E+02  1.9297E+02  2.8228E-01
2.5450E-03  2.8025E+02  2.7996E+02  2.8229E-01
2.5463E-03  4.6133E+02  4.6104E+02  2.8230E-01
2.5475E-03  9.1111E+02  9.1083E+02  2.8231E-01
2.5488E-03  2.4754E+03  2.4751E+03  2.8232E-01
2.5500E-03  1.3751E+04  1.3751E+04  2.8233E-01
2.5513E-03  1.1311E+05  1.1311E+05  2.8233E-01
2.5525E-03  9.4284E+03  9.4281E+03  2.8234E-01
2.5538E-03  2.0273E+03  2.0270E+03  2.8235E-01
2.5550E-03  8.0025E+02  7.9997E+02  2.8236E-01
2.5562E-03  4.2551E+02  4.2522E+02  2.8237E-01
2.5575E-03  2.6498E+02  2.6469E+02  2.8238E-01
2.5587E-03  1.8431E+02  1.8403E+02  2.8239E-01
2.5600E-03  1.3903E+02  1.3875E+02  2.8240E-01
2.5612E-03  1.1111E+02  1.1083E+02  2.8241E-01
2.5625E-03  9.2632E+01  9.2349E+01  2.8242E-01
2.5638E-03  8.0100E+01  7.9818E+01  2.8242E-01
2.5650E-03  7.0614E+01  7.0332E+01  2.8243E-01
2.5663E-03  6.4305E+01  6.4023E+01  2.8244E-01
2.5675E-03  5.9046E+01  5.8764E+01  2.8245E-01
2.5688E-03  5.5322E+01  5.5040E+01  2.8246E-01
2.5700E-03  5.1865E+01  5.1583E+01  2.8247E-01
2.5713E-03  4.9701E+01  4.9419E+01  2.8248E-01
2.5725E-03  4.7600E+01  4.7317E+01  2.8249E-01
2.5738E-03  4.5997E+01  4.5715E+01  2.8250E-01
2.5750E-03  4.4681E+01  4.4398E+01  2.8251E-01
2.5762E-03  4.3405E+01  4.3122E+01  2.8251E-01
2.5775E-03  4.2753E+01  4.2471E+01  2.8252E-01
2.5787E-03  4.1672E+01  4.1390E+01  2.8253E-01
2.5800E-03  4.0894E+01  4.0612E+01  2.8254E-01
2.5812E-03  4.0258E+01  3.9975E+01  2.8255E-01
2.5825E-03  3.9744E+01  3.9462E+01  2.8256E-01
2.5838E-03  3.9253E+01  3.8971E+01  2.8257E-01
2.5850E-03  3.8807E+01  3.8525E+01  2.8258E-01
2.5863E-03  3.8382E+01  3.8100E+01  2.8258E-01
2.5875E-03  3.8063E+01  3.7780E+01  2.8259E-01
2.5888E-03  3.7753E+01  3.7471E+01  2.8260E-01
2.5900E-03  3.7469E+01  3.7187E+01  2.8261E-01
2.5913E-03  3.7202E+01  3.6919E+01  2.8262E-01
2.5925E-03  3.6945E+01  3.6663E+01  2.8263E-01
2.5938E-03  3.6753E+01  3.6470E+01  2.8264E-01
2.5950E-03  3.6544E+01  3.6261E+01  2.8265E-01
2.5963E-03  3.6372E+01  3.6089E+01  2.8266E-01
2.5975E-03  3.6208E+01  3.5925E+01  2.8266E-01
2.5987E-03  3.6031E+01  3.5749E+01  2.8267E-01
2.6000E-03  3.5873E+01  3.5590E+01  2.8268E-01
2.6012E-03  3.5737E+01  3.5454E+01  2.8269E-01
2.6025E-03  3.5613E+01  3.5330E+01  2.8270E-01
2.6037E-03  3.5495E+01  3.5212E+01  2.8271E-01
2.6050E-03  3.5377E+01  3.5094E+01  2.8272E-01
2.6063E-03  3.5262E+01  3.4979E+01  2.8272E-01
2.6075E-03  3.5143E+01  3.4860E+01  2.8273E-01
2.6088E-03  3.5036E+01  3.4753E+01  2.8274E-01
2.6100E-03  3.4945E+01  3.4662E+01  2.8275E-01
2.6113E-03  3.4861E+01  3.4578E+01  2.8276E-01
2.6125E-03  3.4779E+01  3.4496E+01  2.8277E-01
2.6138E-03  3.4693E+01  3.4410E+01  2.8278E-01
2.6150E-03  3.4608E+01  3.4325E+01  2.8278E-01
2.6163E-03  3.4522E+01  3.4239E+01  2.8279E-01
2.6175E-03  3.4439E+01  3.4156E+01  2.8280E-01
2.6187E-03  3.4362E+01  3.4079E+01  2.8281E-01
2.6200E-03  3.4299E+01  3.4016E+01  2.8282E-01
2.6212E-03  3.4245E+01  3.3963E+01  2.8283E-01
2.6225E-03  3.4181E+01  3.3898E+01  2.8284E-01
2.6237E-03  3.4122E+01  3.3840E+01  2.8284E-01
2.6250E-03  3.4038E+01  3.3755E+01  2.8285E-01
2.6263E-03  3.3971E+01  3.3688E+01  2.8286E-01
2.6275E-03  3.3904E+01  3.3621E+01  2.8287E-01
2.6288E-03  3.3839E+01  3.3556E+01  2.8288E-01
2.6300E-03  3.3777E+01  3.3494E+01  2.8289E-01
2.6313E-03  3.3723E+01  3.3441E+01  2.8290E-01
2.6325E-03  3.3671E+01  3.3388E+01  2.8290E-01
2.6338E-03  3.3623E+01  3.3340E+01  2.8291E-01
2.6350E-03  3.3582E+01  3.3299E+01  2.8292E-01
2.6363E-03  3.3583E+01  3.3300E+01  2.8293E-01
2.6375E-03  3.4672E+01  3.4389E+01  2.8294E-01
2.6388E-03  3.3542E+01  3.3259E+01  2.8295E-01
2.6400E-03  3.3373E+01  3.3090E+01  2.8295E-01
2.6412E-03  3.3300E+01  3.3017E+01  2.8296E-01
2.6425E-03  3.3241E+01  3.2958E+01  2.8297E-01
2.6437E-03  3.3187E+01  3.2904E+01  2.8298E-01
2.6450E-03  3.3138E+01  3.2855E+01  2.8299E-01
2.6463E-03  3.3090E+01  3.2807E+01  2.8300E-01
2.6475E-03  3.3042E+01  3.2759E+01  2.8300E-01
2.6488E-03  3.2996E+01  3.2713E+01  2.8301E-01
2.6500E-03  3.2948E+01  3.2665E+01  2.8302E-01
2.6512E-03  3.2903E+01  3.2620E+01  2.8303E-01
2.6525E-03  3.2866E+01  3.2583E+01  2.8304E-01
2.6538E-03  3.2972E+01  3.2689E+01  2.8305E-01
2.6550E-03  3.2764E+01  3.2481E+01  2.8305E-01
2.6563E-03  3.2713E+01  3.2430E+01  2.8306E-01
2.6575E-03  3.2666E+01  3.2383E+01  2.8307E-01
2.6588E-03  3.2621E+01  3.2338E+01  2.8308E-01
2.6600E-03  3.2576E+01  3.2292E+01  2.8309E-01
2.6612E-03  3.2531E+01  3.2248E+01  2.8310E-01
2.6625E-03  3.2488E+01  3.2205E+01  2.8310E-01
2.6637E-03  3.2445E+01  3.2162E+01  2.8311E-01
2.6650E-03  3.2403E+01  3.2120E+01  2.8312E-01
2.6662E-03  3.2367E+01  3.2084E+01  2.8313E-01
2.6675E-03  3.2324E+01  3.2040E+01  2.8314E-01
2.6688E-03  3.2275E+01  3.1992E+01  2.8314E-01
2.6700E-03  3.2231E+01  3.1948E+01  2.8315E-01
2.6713E-03  3.2189E+01  3.1905E+01  2.8316E-01
2.6725E-03  3.2145E+01  3.1862E+01  2.8317E-01
2.6737E-03  3.2103E+01  3.1820E+01  2.8318E-01
2.6750E-03  3.2061E+01  3.1778E+01  2.8319E-01
2.6763E-03  3.2020E+01  3.1737E+01  2.8319E-01
2.6775E-03  3.1980E+01  3.1697E+01  2.8320E-01
2.6788E-03  3.1956E+01  3.1672E+01  2.8321E-01
2.6800E-03  3.1899E+01  3.1616E+01  2.8322E-01
2.6813E-03  3.1858E+01  3.1575E+01  2.8323E-01
2.6825E-03  3.2500E+01  3.2217E+01  2.8323E-01
2.6837E-03  3.1779E+01  3.1495E+01  2.8324E-01
2.6850E-03  3.1738E+01  3.1455E+01  2.8325E-01
2.6862E-03  3.1699E+01  3.1415E+01  2.8326E-01
2.6875E-03  3.1659E+01  3.1376E+01  2.8327E-01
2.6888E-03  3.1620E+01  3.1337E+01  2.8327E-01
2.6900E-03  3.1581E+01  3.1298E+01  2.8328E-01
2.6913E-03  3.1544E+01  3.1260E+01  2.8329E-01
2.6925E-03  3.1509E+01  3.1226E+01  2.8330E-01
2.6937E-03  3.1481E+01  3.1198E+01  2.8331E-01
2.6950E-03  3.1434E+01  3.1151E+01  2.8331E-01
2.6963E-03  3.1390E+01  3.1107E+01  2.8332E-01
2.6975E-03  3.1352E+01  3.1069E+01  2.8333E-01
2.6988E-03  3.1336E+01  3.1052E+01  2.8334E-01
2.7000E-03  3.1276E+01  3.0993E+01  2.8335E-01
2.7013E-03  3.1242E+01  3.0959E+01  2.8335E-01
2.7025E-03  3.1218E+01  3.0935E+01  2.8336E-01
2.7037E-03  3.1178E+01  3.0895E+01  2.8337E-01
2.7050E-03  3.1134E+01  3.0851E+01  2.8338E-01
2.7062E-03  3.1089E+01  3.0805E+01  2.8339E-01
2.7075E-03  3.1050E+01  3.0766E+01  2.8339E-01
2.7088E-03  3.1012E+01  3.0728E+01  2.8340E-01
2.7100E-03  3.0975E+01  3.0691E+01  2.8341E-01
2.7113E-03  3.0947E+01  3.0664E+01  2.8342E-01
2.7125E-03  3.0901E+01  3.0618E+01  2.8342E-01
2.7138E-03  3.0864E+01  3.0581E+01  2.8343E-01
2.7150E-03  3.0828E+01  3.0545E+01  2.8344E-01
2.7162E-03  3.0791E+01  3.0508E+01  2.8345E-01
2.7175E-03  3.0756E+01  3.0472E+01  2.8346E-01
2.7188E-03  3.0720E+01  3.0437E+01  2.8346E-01
2.7200E-03  3.0685E+01  3.0401E+01  2.8347E-01
2.7213E-03  3.0650E+01  3.0366E+01  2.8348E-01
2.7225E-03  3.0616E+01  3.0332E+01  2.8349E-01
2.7238E-03  3.0678E+01  3.0394E+01  2.8349E-01
2.7250E-03  3.0550E+01  3.0267E+01  2.8350E-01
2.7262E-03  3.0531E+01  3.0248E+01  2.8351E-01
2.7275E-03  3.0562E+01  3.0278E+01  2.8352E-01
2.7287E-03  3.0449E+01  3.0165E+01  2.8353E-01
2.7300E-03  3.0412E+01  3.0128E+01  2.8353E-01
2.7313E-03  3.0385E+01  3.0102E+01  2.8354E-01
2.7325E-03  3.0343E+01  3.0060E+01  2.8355E-01
2.7338E-03  3.0310E+01  3.0027E+01  2.8356E-01
2.7350E-03  3.0279E+01  2.9996E+01  2.8356E-01
2.7362E-03  3.0251E+01  2.9968E+01  2.8357E-01
2.7375E-03  3.0241E+01  2.9957E+01  2.8358E-01
2.7387E-03  3.0444E+01  3.0160E+01  2.8359E-01
2.7400E-03  3.0276E+01  2.9992E+01  2.8360E-01
2.7413E-03  3.0148E+01  2.9865E+01  2.8360E-01
2.7425E-03  3.0096E+01  2.9812E+01  2.8361E-01
2.7438E-03  3.0059E+01  2.9776E+01  2.8362E-01
2.7450E-03  3.0024E+01  2.9741E+01  2.8363E-01
2.7462E-03  3.0070E+01  2.9786E+01  2.8363E-01
2.7475E-03  2.9980E+01  2.9696E+01  2.8364E-01
2.7487E-03  2.9936E+01  2.9652E+01  2.8365E-01
2.7500E-03  2.9900E+01  2.9616E+01  2.8366E-01
2.7513E-03  2.9866E+01  2.9582E+01  2.8366E-01
2.7525E-03  2.9833E+01  2.9550E+01  2.8367E-01
2.7538E-03  2.9802E+01  2.9519E+01  2.8368E-01
2.7550E-03  2.9773E+01  2.9489E+01  2.8369E-01
2.7563E-03  2.9744E+01  2.9461E+01  2.8369E-01
2.7575E-03  2.9717E+01  2.9433E+01  2.8370E-01
2.7587E-03  2.9690E+01  2.9406E+01  2.8371E-01
2.7600E-03  2.9663E+01  2.9379E+01  2.8372E-01
2.7613E-03  2.9635E+01  2.9352E+01  2.8372E-01
2.7625E-03  2.9609E+01  2.9325E+01  2.8373E-01
2.7638E-03  2.9582E+01  2.9299E+01  2.8374E-01
2.7650E-03  2.9556E+01  2.9272E+01  2.8375E-01
2.7663E-03  2.9530E+01  2.9246E+01  2.8375E-01
2.7675E-03  2.9510E+01  2.9227E+01  2.8376E-01
2.7687E-03  2.9482E+01  2.9198E+01  2.8377E-01
2.7700E-03  2.9457E+01  2.9173E+01  2.8378E-01
2.7713E-03  2.9437E+01  2.9153E+01  2.8378E-01
2.7725E-03  2.9414E+01  2.9131E+01  2.8379E-01
2.7738E-03  2.9394E+01  2.9110E+01  2.8380E-01
2.7750E-03  2.9373E+01  2.9090E+01  2.8381E-01
2.7763E-03  2.9354E+01  2.9070E+01  2.8381E-01
2.7775E-03  2.9335E+01  2.9051E+01  2.8382E-01
2.7787E-03  2.9315E+01  2.9031E+01  2.8383E-01
2.7800E-03  2.9301E+01  2.9017E+01  2.8384E-01
2.7812E-03  2.9286E+01  2.9002E+01  2.8384E-01
2.7825E-03  2.9268E+01  2.8984E+01  2.8385E-01
2.7838E-03  2.9255E+01  2.8971E+01  2.8386E-01
2.7850E-03  2.9249E+01  2.8965E+01  2.8387E-01
2.7863E-03  2.9233E+01  2.8949E+01  2.8387E-01
2.7875E-03  2.9223E+01  2.8939E+01  2.8388E-01
2.7887E-03  2.9215E+01  2.8931E+01  2.8389E-01
2.7900E-03  2.9209E+01  2.8925E+01  2.8390E-01
2.7912E-03  2.9204E+01  2.8921E+01  2.8390E-01
2.7925E-03  2.9201E+01  2.8917E+01  2.8391E-01
2.7938E-03  2.9200E+01  2.8917E+01  2.8392E-01
2.7950E-03  2.9201E+01  2.8917E+01  2.8392E-01
2.7963E-03  2.9207E+01  2.8923E+01  2.8393E-01
2.7975E-03  2.9213E+01  2.8929E+01  2.8394E-01
2.7988E-03  2.9227E+01  2.8943E+01  2.8395E-01
2.8000E-03  2.9244E+01  2.8960E+01  2.8395E-01
2.8012E-03  2.9259E+01  2.8975E+01  2.8396E-01
2.8025E-03  2.9276E+01  2.8992E+01  2.8397E-01
2.8037E-03  2.9308E+01  2.9024E+01  2.8398E-01
2.8050E-03  2.9342E+01  2.9058E+01  2.8398E-01
2.8063E-03  2.9388E+01  2.9104E+01  2.8399E-01
2.8075E-03  2.9435E+01  2.9151E+01  2.8400E-01
2.8088E-03  2.9483E+01  2.9199E+01  2.8400E-01
2.8100E-03  2.9533E+01  2.9249E+01  2.8401E-01
2.8112E-03  2.9613E+01  2.9329E+01  2.8402E-01
2.8125E-03  2.9708E+01  2.9424E+01  2.8403E-01
2.8138E-03  2.9828E+01  2.9544E+01  2.8403E-01
2.8150E-03  3.0011E+01  2.9727E+01  2.8404E-01
2.8163E-03  3.5132E+01  3.4848E+01  2.8405E-01
2.8175E-03  3.0300E+01  3.0016E+01  2.8405E-01
2.8188E-03  3.0420E+01  3.0136E+01  2.8406E-01
2.8200E-03  3.0819E+01  3.0535E+01  2.8407E-01
2.8212E-03  3.1002E+01  3.0718E+01  2.8408E-01
2.8225E-03  3.1669E+01  3.1385E+01  2.8408E-01
2.8237E-03  3.7350E+01  3.7066E+01  2.8409E-01
2.8250E-03  4.2545E+01  4.2261E+01  2.8410E-01
2.8263E-03  3.2826E+01  3.2542E+01  2.8410E-01
2.8275E-03  3.2595E+01  3.2311E+01  2.8411E-01
2.8288E-03  3.2987E+01  3.2703E+01  2.8412E-01
2.8300E-03  3.3491E+01  3.3206E+01  2.8413E-01
2.8312E-03  3.4177E+01  3.3893E+01  2.8413E-01
2.8325E-03  4.7024E+01  4.6740E+01  2.8414E-01
2.8338E-03  3.6039E+01  3.5755E+01  2.8415E-01
2.8350E-03  3.7096E+01  3.6812E+01  2.8415E-01
2.8363E-03  3.8980E+01  3.8696E+01  2.8416E-01
2.8375E-03  4.0472E+01  4.0188E+01  2.8417E-01
2.8388E-03  4.2673E+01  4.2389E+01  2.8418E-01
2.8400E-03  4.5407E+01  4.5123E+01  2.8418E-01
2.8413E-03  4.9185E+01  4.8901E+01  2.8419E-01
2.8425E-03  5.3784E+01  5.3500E+01  2.8420E-01
2.8437E-03  6.0412E+01  6.0128E+01  2.8420E-01
2.8450E-03  6.9266E+01  6.8982E+01  2.8421E-01
2.8462E-03  8.1836E+01  8.1552E+01  2.8422E-01
2.8475E-03  1.0077E+02  1.0048E+02  2.8422E-01
2.8488E-03  1.3040E+02  1.3012E+02  2.8423E-01
2.8500E-03  1.8026E+02  1.7998E+02  2.8424E-01
2.8513E-03  2.7051E+02  2.7022E+02  2.8425E-01
2.8525E-03  4.5863E+02  4.5834E+02  2.8425E-01
2.8537E-03  9.3211E+02  9.3182E+02  2.8426E-01
2.8550E-03  2.4966E+03  2.4963E+03  2.8427E-01
2.8563E-03  1.0561E+04  1.0561E+04  2.8427E-01
2.8575E-03  2.5378E+04  2.5378E+04  2.8428E-01
2.8588E-03  5.9643E+03  5.9640E+03  2.8429E-01
2.8600E-03  1.6970E+03  1.6967E+03  2.8429E-01
2.8613E-03  7.1316E+02  7.1287E+02  2.8430E-01
2.8625E-03  3.7648E+02  3.7620E+02  2.8431E-01
2.8637E-03  2.3323E+02  2.3295E+02  2.8432E-01
2.8650E-03  1.6032E+02  1.6004E+02  2.8432E-01
2.8662E-03  1.1939E+02  1.1911E+02  2.8433E-01
2.8675E-03  9.3803E+01  9.3519E+01  2.8434E-01
2.8687E-03  7.7262E+01  7.6978E+01  2.8434E-01
2.8700E-03  6.5835E+01  6.5550E+01  2.8435E-01
2.8713E-03  5.8002E+01  5.7717E+01  2.8436E-01
2.8725E-03  5.1920E+01  5.1635E+01  2.8436E-01
2.8738E-03  4.7462E+01  4.7177E+01  2.8437E-01
2.8750E-03  4.4567E+01  4.4282E+01  2.8438E-01
2.8763E-03  4.1336E+01  4.1052E+01  2.8438E-01
2.8775E-03  3.9261E+01  3.8977E+01  2.8439E-01
2.8788E-03  3.7421E+01  3.7137E+01  2.8440E-01
2.8800E-03  3.5963E+01  3.5678E+01  2.8440E-01
2.8813E-03  3.4770E+01  3.4486E+01  2.8441E-01
2.8825E-03  3.3762E+01  3.3478E+01  2.8442E-01
2.8838E-03  3.2903E+01  3.2619E+01  2.8442E-01
2.8850E-03  3.2202E+01  3.1917E+01  2.8443E-01
2.8862E-03  3.1570E+01  3.1285E+01  2.8444E-01
2.8875E-03  3.0980E+01  3.0695E+01  2.8444E-01
2.8887E-03  3.0537E+01  3.0252E+01  2.8445E-01
2.8900E-03  3.0138E+01  2.9853E+01  2.8446E-01
2.8912E-03  2.9738E+01  2.9454E+01  2.8447E-01
2.8925E-03  2.9392E+01  2.9107E+01  2.8447E-01
2.8938E-03  2.9147E+01  2.8863E+01  2.8448E-01
2.8950E-03  2.8903E+01  2.8619E+01  2.8449E-01
2.8963E-03  2.8661E+01  2.8377E+01  2.8449E-01
2.8975E-03  2.8432E+01  2.8147E+01  2.8450E-01
2.8988E-03  2.8261E+01  2.7976E+01  2.8451E-01
2.9000E-03  2.8098E+01  2.7814E+01  2.8451E-01
2.9013E-03  2.7938E+01  2.7654E+01  2.8452E-01
2.9025E-03  2.7779E+01  2.7494E+01  2.8453E-01
2.9038E-03  2.7636E+01  2.7352E+01  2.8453E-01
2.9050E-03  2.7523E+01  2.7238E+01  2.8454E-01
2.9062E-03  2.7420E+01  2.7136E+01  2.8455E-01
2.9075E-03  2.7318E+01  2.7033E+01  2.8455E-01
2.9087E-03  2.7215E+01  2.6931E+01  2.8456E-01
2.9100E-03  2.7121E+01  2.6837E+01  2.8457E-01
2.9112E-03  2.7028E+01  2.6743E+01  2.8457E-01
2.9125E-03  2.6947E+01  2.6662E+01  2.8458E-01
2.9138E-03  2.6876E+01  2.6591E+01  2.8459E-01
2.9150E-03  2.6805E+01  2.6520E+01  2.8459E-01
2.9163E-03  2.6734E+01  2.6449E+01  2.8460E-01
2.9175E-03  2.6668E+01  2.6383E+01  2.8461E-01
2.9188E-03  2.6608E+01  2.6323E+01  2.8461E-01
2.9200E-03  2.6548E+01  2.6264E+01  2.8462E-01
2.9213E-03  2.6491E+01  2.6207E+01  2.8463E-01
2.9225E-03  2.6445E+01  2.6160E+01  2.8463E-01
2.9238E-03  2.6394E+01  2.6109E+01  2.8464E-01
2.9250E-03  2.6346E+01  2.6061E+01  2.8464E-01
2.9263E-03  2.6319E+01  2.6034E+01  2.8465E-01
2.9275E-03  2.6259E+01  2.5974E+01  2.8466E-01
2.9287E-03  2.6216E+01  2.5931E+01  2.8466E-01
2.9300E-03  2.6180E+01  2.5895E+01  2.8467E-01
2.9312E-03  2.6132E+01  2.5847E+01  2.8468E-01
2.9325E-03  2.6096E+01  2.5811E+01  2.8468E-01
2.9337E-03  2.6063E+01  2.5779E+01  2.8469E-01
2.9350E-03  2.6031E+01  2.5746E+01  2.8470E-01
2.9363E-03  2.6001E+01  2.5716E+01  2.8470E-01
2.9375E-03  2.5975E+01  2.5690E+01  2.8471E-01
2.9388E-03  2.5953E+01  2.5668E+01  2.8472E-01
2.9400E-03  2.5940E+01  2.5656E+01  2.8472E-01
2.9413E-03  2.5988E+01  2.5703E+01  2.8473E-01
2.9425E-03  2.6145E+01  2.5860E+01  2.8474E-01
2.9438E-03  2.5880E+01  2.5595E+01  2.8474E-01
2.9450E-03  2.5829E+01  2.5544E+01  2.8475E-01
2.9463E-03  2.5804E+01  2.5519E+01  2.8476E-01
2.9475E-03  2.5780E+01  2.5496E+01  2.8476E-01
2.9487E-03  2.5764E+01  2.5479E+01  2.8477E-01
2.9500E-03  2.5749E+01  2.5464E+01  2.8477E-01
2.9512E-03  2.5735E+01  2.5450E+01  2.8478E-01
2.9525E-03  2.5721E+01  2.5436E+01  2.8479E-01
2.9537E-03  2.5707E+01  2.5422E+01  2.8479E-01
2.9550E-03  2.5694E+01  2.5409E+01  2.8480E-01
2.9562E-03  2.5701E+01  2.5416E+01  2.8481E-01
2.9575E-03  2.5685E+01  2.5400E+01  2.8481E-01
2.9588E-03  2.5684E+01  2.5400E+01  2.8482E-01
2.9600E-03  2.5689E+01  2.5404E+01  2.8483E-01
2.9613E-03  2.5759E+01  2.5475E+01  2.8483E-01
2.9625E-03  2.5701E+01  2.5416E+01  2.8484E-01
2.9638E-03  2.5696E+01  2.5411E+01  2.8485E-01
2.9650E-03  2.5705E+01  2.5420E+01  2.8485E-01
2.9663E-03  2.5728E+01  2.5443E+01  2.8486E-01
2.9675E-03  2.5749E+01  2.5464E+01  2.8486E-01
2.9688E-03  2.5771E+01  2.5486E+01  2.8487E-01
2.9700E-03  2.5794E+01  2.5509E+01  2.8488E-01
2.9712E-03  2.5817E+01  2.5532E+01  2.8488E-01
2.9725E-03  2.5851E+01  2.5567E+01  2.8489E-01
2.9737E-03  2.5904E+01  2.5619E+01  2.8490E-01
2.9750E-03  2.5959E+01  2.5674E+01  2.8490E-01
2.9762E-03  2.6015E+01  2.5730E+01  2.8491E-01
2.9775E-03  2.6085E+01  2.5800E+01  2.8492E-01
2.9788E-03  2.6164E+01  2.5879E+01  2.8492E-01
2.9800E-03  2.6239E+01  2.5954E+01  2.8493E-01
2.9813E-03  2.6348E+01  2.6063E+01  2.8493E-01
2.9825E-03  2.6456E+01  2.6171E+01  2.8494E-01
2.9838E-03  2.6589E+01  2.6304E+01  2.8495E-01
2.9850E-03  2.6731E+01  2.6446E+01  2.8495E-01
2.9863E-03  2.6904E+01  2.6619E+01  2.8496E-01
2.9875E-03  2.7101E+01  2.6816E+01  2.8497E-01
2.9888E-03  2.7329E+01  2.7044E+01  2.8497E-01
2.9900E-03  2.7558E+01  2.7273E+01  2.8498E-01
2.9912E-03  2.7852E+01  2.7567E+01  2.8498E-01
2.9925E-03  2.8227E+01  2.7942E+01  2.8499E-01
2.9937E-03  2.8607E+01  2.8322E+01  2.8500E-01
2.9950E-03  2.9046E+01  2.8761E+01  2.8500E-01
2.9962E-03  2.9647E+01  2.9362E+01  2.8501E-01
2.9975E-03  3.0330E+01  3.0045E+01  2.8502E-01
2.9987E-03  3.1029E+01  3.0744E+01  2.8502E-01
3.0000E-03  3.1979E+01  3.1694E+01  2.8503E-01
3.0013E-03  3.3058E+01  3.2773E+01  2.8503E-01
3.0025E-03  3.4486E+01  3.4201E+01  2.8504E-01
3.0038E-03  3.6184E+01  3.5899E+01  2.8505E-01
3.0050E-03  3.8382E+01  3.8097E+01  2.8505E-01
3.0063E-03  4.1059E+01  4.0773E+01  2.8506E-01
3.0075E-03  4.4769E+01  4.4484E+01  2.8506E-01
3.0088E-03  4.9390E+01  4.9105E+01  2.8507E-01
3.0100E-03  5.5705E+01  5.5420E+01  2.8508E-01
3.0113E-03  6.4560E+01  6.4275E+01  2.8508E-01
3.0125E-03  7.7169E+01  7.6884E+01  2.8509E-01
3.0137E-03  9.5732E+01  9.5447E+01  2.8510E-01
3.0150E-03  1.2472E+02  1.2443E+02  2.8510E-01
3.0162E-03  1.7412E+02  1.7383E+02  2.8511E-01
3.0175E-03  2.6188E+02  2.6160E+02  2.8511E-01
3.0187E-03  4.4040E+02  4.4012E+02  2.8512E-01
3.0200E-03  8.4123E+02  8.4095E+02  2.8513E-01
3.0213E-03  1.9466E+03  1.9463E+03  2.8513E-01
3.0225E-03  5.3037E+03  5.3034E+03  2.8514E-01
3.0238E-03  8.1226E+03  8.1223E+03  2.8514E-01
3.0250E-03  4.0137E+03  4.0135E+03  2.8515E-01
3.0263E-03  1.5121E+03  1.5119E+03  2.8516E-01
3.0275E-03  6.9544E+02  6.9515E+02  2.8516E-01
3.0288E-03  3.7892E+02  3.7863E+02  2.8517E-01
3.0300E-03  2.3361E+02  2.3332E+02  2.8517E-01
3.0313E-03  1.5917E+02  1.5889E+02  2.8518E-01
3.0325E-03  1.1656E+02  1.1627E+02  2.8519E-01
3.0337E-03  9.0699E+01  9.0414E+01  2.8519E-01
3.0350E-03  7.3782E+01  7.3497E+01  2.8520E-01
3.0362E-03  6.2388E+01  6.2103E+01  2.8520E-01
3.0375E-03  5.4212E+01  5.3927E+01  2.8521E-01
3.0387E-03  4.8124E+01  4.7838E+01  2.8522E-01
3.0400E-03  4.3861E+01  4.3576E+01  2.8522E-01
3.0412E-03  4.0436E+01  4.0150E+01  2.8523E-01
3.0425E-03  3.7717E+01  3.7431E+01  2.8523E-01
3.0438E-03  3.5711E+01  3.5426E+01  2.8524E-01
3.0450E-03  3.4036E+01  3.3751E+01  2.8525E-01
3.0463E-03  3.2662E+01  3.2377E+01  2.8525E-01
3.0475E-03  3.1600E+01  3.1314E+01  2.8526E-01
3.0488E-03  3.0613E+01  3.0328E+01  2.8526E-01
3.0500E-03  2.9898E+01  2.9612E+01  2.8527E-01
3.0513E-03  2.9265E+01  2.8979E+01  2.8528E-01
3.0525E-03  2.8639E+01  2.8354E+01  2.8528E-01
3.0538E-03  2.8248E+01  2.7963E+01  2.8529E-01
3.0550E-03  2.7849E+01  2.7564E+01  2.8529E-01
3.0562E-03  2.7487E+01  2.7201E+01  2.8530E-01
3.0575E-03  2.7181E+01  2.6896E+01  2.8531E-01
3.0587E-03  2.6937E+01  2.6652E+01  2.8531E-01
3.0600E-03  2.6702E+01  2.6416E+01  2.8532E-01
3.0612E-03  2.6502E+01  2.6217E+01  2.8532E-01
3.0625E-03  2.6335E+01  2.6049E+01  2.8533E-01
3.0638E-03  2.6197E+01  2.5912E+01  2.8534E-01
3.0650E-03  2.6073E+01  2.5788E+01  2.8534E-01
3.0663E-03  2.5969E+01  2.5684E+01  2.8535E-01
3.0675E-03  2.5872E+01  2.5587E+01  2.8535E-01
3.0688E-03  2.5802E+01  2.5516E+01  2.8536E-01
3.0700E-03  2.5748E+01  2.5463E+01  2.8537E-01
3.0713E-03  2.5724E+01  2.5439E+01  2.8537E-01
3.0725E-03  2.5719E+01  2.5434E+01  2.8538E-01
3.0738E-03  2.5760E+01  2.5475E+01  2.8538E-01
3.0750E-03  2.6110E+01  2.5824E+01  2.8539E-01
3.0762E-03  1.2329E+02  1.2300E+02  2.8539E-01
3.0775E-03  2.6033E+01  2.5747E+01  2.8540E-01
3.0787E-03  2.5819E+01  2.5534E+01  2.8541E-01
3.0800E-03  2.5820E+01  2.5535E+01  2.8541E-01
3.0812E-03  2.5857E+01  2.5572E+01  2.8542E-01
3.0825E-03  2.7198E+01  2.6912E+01  2.8542E-01
3.0838E-03  2.6044E+01  2.5759E+01  2.8543E-01
3.0850E-03  2.6158E+01  2.5873E+01  2.8544E-01
3.0863E-03  2.6291E+01  2.6006E+01  2.8544E-01
3.0875E-03  2.6448E+01  2.6163E+01  2.8545E-01
3.0888E-03  2.6671E+01  2.6386E+01  2.8545E-01
3.0900E-03  2.6913E+01  2.6628E+01  2.8546E-01
3.0913E-03  2.7201E+01  2.6915E+01  2.8546E-01
3.0925E-03  2.7585E+01  2.7299E+01  2.8547E-01
3.0938E-03  2.8256E+01  2.7971E+01  2.8548E-01
3.0950E-03  3.3838E+01  3.3553E+01  2.8548E-01
3.0963E-03  3.0946E+01  3.0661E+01  2.8549E-01
3.0975E-03  2.9716E+01  2.9431E+01  2.8549E-01
3.0987E-03  3.0195E+01  2.9909E+01  2.8550E-01
3.1000E-03  3.1048E+01  3.0762E+01  2.8551E-01
3.1012E-03  3.2044E+01  3.1758E+01  2.8551E-01
3.1025E-03  3.3334E+01  3.3048E+01  2.8552E-01
3.1037E-03  3.4948E+01  3.4662E+01  2.8552E-01
3.1050E-03  3.6921E+01  3.6635E+01  2.8553E-01
3.1063E-03  3.9412E+01  3.9126E+01  2.8553E-01
3.1075E-03  4.2777E+01  4.2492E+01  2.8554E-01
3.1088E-03  4.7128E+01  4.6843E+01  2.8555E-01
3.1100E-03  5.2996E+01  5.2710E+01  2.8555E-01
3.1113E-03  6.1114E+01  6.0828E+01  2.8556E-01
3.1125E-03  7.2716E+01  7.2430E+01  2.8556E-01
3.1138E-03  9.0141E+01  8.9855E+01  2.8557E-01
3.1150E-03  1.1655E+02  1.1627E+02  2.8557E-01
3.1163E-03  1.5903E+02  1.5875E+02  2.8558E-01
3.1175E-03  2.3203E+02  2.3174E+02  2.8559E-01
3.1187E-03  3.6471E+02  3.6443E+02  2.8559E-01
3.1200E-03  6.2865E+02  6.2836E+02  2.8560E-01
3.1212E-03  1.2056E+03  1.2053E+03  2.8560E-01
3.1225E-03  2.3252E+03  2.3249E+03  2.8561E-01
3.1237E-03  3.4753E+03  3.4750E+03  2.8561E-01
3.1250E-03  2.5375E+03  2.5372E+03  2.8562E-01
3.1263E-03  1.3432E+03  1.3429E+03  2.8563E-01
3.1275E-03  6.9462E+02  6.9434E+02  2.8563E-01
3.1288E-03  3.9737E+02  3.9709E+02  2.8564E-01
3.1300E-03  2.4972E+02  2.4943E+02  2.8564E-01
3.1313E-03  1.6982E+02  1.6953E+02  2.8565E-01
3.1325E-03  1.2344E+02  1.2315E+02  2.8565E-01
3.1338E-03  9.5305E+01  9.5020E+01  2.8566E-01
3.1350E-03  7.6738E+01  7.6452E+01  2.8566E-01
3.1363E-03  6.4272E+01  6.3986E+01  2.8567E-01
3.1375E-03  5.5721E+01  5.5436E+01  2.8568E-01
3.1388E-03  4.9584E+01  4.9299E+01  2.8568E-01
3.1400E-03  4.5030E+01  4.4744E+01  2.8569E-01
3.1412E-03  4.1547E+01  4.1261E+01  2.8569E-01
3.1425E-03  3.9083E+01  3.8797E+01  2.8570E-01
3.1437E-03  3.7080E+01  3.6794E+01  2.8570E-01
3.1450E-03  3.5520E+01  3.5234E+01  2.8571E-01
3.1463E-03  3.4289E+01  3.4004E+01  2.8571E-01
3.1475E-03  3.3381E+01  3.3095E+01  2.8572E-01
3.1488E-03  3.2562E+01  3.2276E+01  2.8573E-01
3.1500E-03  3.2037E+01  3.1751E+01  2.8573E-01
3.1512E-03  3.1562E+01  3.1276E+01  2.8574E-01
3.1525E-03  3.1278E+01  3.0993E+01  2.8574E-01
3.1538E-03  3.1062E+01  3.0777E+01  2.8575E-01
3.1550E-03  3.0938E+01  3.0652E+01  2.8575E-01
3.1563E-03  3.0937E+01  3.0651E+01  2.8576E-01
3.1575E-03  3.0997E+01  3.0711E+01  2.8576E-01
3.1588E-03  3.1158E+01  3.0872E+01  2.8577E-01
3.1600E-03  3.1400E+01  3.1115E+01  2.8578E-01
3.1612E-03  3.1772E+01  3.1486E+01  2.8578E-01
3.1625E-03  3.2258E+01  3.1972E+01  2.8579E-01
3.1637E-03  3.2885E+01  3.2599E+01  2.8579E-01
3.1650E-03  3.3604E+01  3.3318E+01  2.8580E-01
3.1662E-03  3.4596E+01  3.4310E+01  2.8580E-01
3.1675E-03  3.5786E+01  3.5501E+01  2.8581E-01
3.1688E-03  3.7350E+01  3.7064E+01  2.8581E-01
3.1700E-03  3.9251E+01  3.8966E+01  2.8582E-01
3.1713E-03  4.1645E+01  4.1360E+01  2.8583E-01
3.1725E-03  4.4931E+01  4.4645E+01  2.8583E-01
3.1737E-03  4.9143E+01  4.8857E+01  2.8584E-01
3.1750E-03  5.4739E+01  5.4453E+01  2.8584E-01
3.1763E-03  6.2548E+01  6.2262E+01  2.8585E-01
3.1775E-03  7.3648E+01  7.3362E+01  2.8585E-01
3.1788E-03  8.9828E+01  8.9542E+01  2.8586E-01
3.1800E-03  1.1401E+02  1.1373E+02  2.8586E-01
3.1813E-03  1.5139E+02  1.5111E+02  2.8587E-01
3.1825E-03  2.1213E+02  2.1185E+02  2.8587E-01
3.1837E-03  3.1530E+02  3.1501E+02  2.8588E-01
3.1850E-03  4.9673E+02  4.9645E+02  2.8589E-01
3.1862E-03  8.0630E+02  8.0601E+02  2.8589E-01
3.1875E-03  1.2348E+03  1.2345E+03  2.8590E-01
3.1888E-03  1.4993E+03  1.4990E+03  2.8590E-01
3.1900E-03  1.3547E+03  1.3544E+03  2.8591E-01
3.1913E-03  9.2232E+02  9.2204E+02  2.8591E-01
3.1925E-03  5.7397E+02  5.7368E+02  2.8592E-01
3.1937E-03  3.5963E+02  3.5934E+02  2.8592E-01
3.1950E-03  2.3935E+02  2.3906E+02  2.8593E-01
3.1963E-03  1.6942E+02  1.6913E+02  2.8593E-01
3.1975E-03  1.2679E+02  1.2650E+02  2.8594E-01
3.1988E-03  9.9867E+01  9.9581E+01  2.8594E-01
3.2000E-03  8.2034E+01  8.1748E+01  2.8595E-01
3.2013E-03  7.0118E+01  6.9832E+01  2.8596E-01
3.2025E-03  6.2006E+01  6.1720E+01  2.8596E-01
3.2038E-03  5.6280E+01  5.5994E+01  2.8597E-01
3.2050E-03  5.2251E+01  5.1965E+01  2.8597E-01
3.2062E-03  4.9463E+01  4.9177E+01  2.8598E-01
3.2075E-03  4.7620E+01  4.7334E+01  2.8598E-01
3.2088E-03  4.6393E+01  4.6107E+01  2.8599E-01
3.2100E-03  4.5950E+01  4.5664E+01  2.8599E-01
3.2113E-03  4.5685E+01  4.5399E+01  2.8600E-01
3.2125E-03  4.6069E+01  4.5783E+01  2.8600E-01
3.2138E-03  4.6909E+01  4.6623E+01  2.8601E-01
3.2150E-03  4.8409E+01  4.8123E+01  2.8601E-01
3.2162E-03  5.0518E+01  5.0232E+01  2.8602E-01
3.2175E-03  5.3501E+01  5.3215E+01  2.8602E-01
3.2188E-03  5.7582E+01  5.7296E+01  2.8603E-01
3.2200E-03  6.3205E+01  6.2919E+01  2.8604E-01
3.2213E-03  7.0963E+01  7.0677E+01  2.8604E-01
3.2225E-03  8.1947E+01  8.1661E+01  2.8605E-01
3.2238E-03  9.7642E+01  9.7356E+01  2.8605E-01
3.2250E-03  1.2109E+02  1.2081E+02  2.8606E-01
3.2262E-03  1.5641E+02  1.5612E+02  2.8606E-01
3.2275E-03  2.1109E+02  2.1080E+02  2.8607E-01
3.2287E-03  2.9690E+02  2.9662E+02  2.8607E-01
3.2300E-03  4.2255E+02  4.2227E+02  2.8608E-01
3.2313E-03  5.8057E+02  5.8028E+02  2.8608E-01
3.2325E-03  7.2973E+02  7.2944E+02  2.8609E-01
3.2338E-03  7.9323E+02  7.9294E+02  2.8609E-01
3.2350E-03  6.8999E+02  6.8970E+02  2.8610E-01
3.2362E-03  5.3053E+02  5.3024E+02  2.8610E-01
3.2375E-03  3.8286E+02  3.8257E+02  2.8611E-01
3.2387E-03  2.7119E+02  2.7090E+02  2.8611E-01
3.2400E-03  1.9821E+02  1.9792E+02  2.8612E-01
3.2413E-03  1.5201E+02  1.5173E+02  2.8612E-01
3.2425E-03  1.2253E+02  1.2224E+02  2.8613E-01
3.2438E-03  1.0329E+02  1.0300E+02  2.8614E-01
3.2450E-03  9.1023E+01  9.0737E+01  2.8614E-01
3.2463E-03  8.3208E+01  8.2922E+01  2.8615E-01
3.2475E-03  7.8431E+01  7.8145E+01  2.8615E-01
3.2487E-03  7.6124E+01  7.5837E+01  2.8616E-01
3.2500E-03  7.5803E+01  7.5517E+01  2.8616E-01
3.2513E-03  7.7442E+01  7.7155E+01  2.8617E-01
3.2525E-03  8.1138E+01  8.0852E+01  2.8617E-01
3.2538E-03  8.7230E+01  8.6944E+01  2.8618E-01
3.2550E-03  9.6581E+01  9.6295E+01  2.8618E-01
3.2563E-03  1.1052E+02  1.1023E+02  2.8619E-01
3.2575E-03  1.3103E+02  1.3075E+02  2.8619E-01
3.2587E-03  1.6208E+02  1.6179E+02  2.8620E-01
3.2600E-03  2.0585E+02  2.0557E+02  2.8620E-01
3.2613E-03  2.6336E+02  2.6307E+02  2.8621E-01
3.2625E-03  3.2930E+02  3.2901E+02  2.8621E-01
3.2638E-03  3.9508E+02  3.9479E+02  2.8622E-01
3.2650E-03  4.3425E+02  4.3397E+02  2.8622E-01
3.2663E-03  4.3239E+02  4.3210E+02  2.8623E-01
3.2675E-03  3.8813E+02  3.8784E+02  2.8623E-01
3.2687E-03  3.2557E+02  3.2529E+02  2.8624E-01
3.2700E-03  2.6708E+02  2.6679E+02  2.8624E-01
3.2713E-03  2.1812E+02  2.1783E+02  2.8625E-01
3.2725E-03  1.8344E+02  1.8315E+02  2.8625E-01
3.2738E-03  1.6163E+02  1.6134E+02  2.8626E-01
3.2750E-03  1.6336E+02  1.6308E+02  2.8626E-01
3.2763E-03  1.4221E+02  1.4192E+02  2.8627E-01
3.2775E-03  1.3947E+02  1.3918E+02  2.8627E-01
3.2787E-03  1.3938E+02  1.3910E+02  2.8628E-01
3.2800E-03  1.4119E+02  1.4090E+02  2.8629E-01
3.2812E-03  1.4424E+02  1.4395E+02  2.8629E-01
3.2825E-03  1.4822E+02  1.4794E+02  2.8630E-01
3.2838E-03  1.5284E+02  1.5255E+02  2.8630E-01
3.2850E-03  1.5789E+02  1.5760E+02  2.8631E-01
3.2863E-03  1.6321E+02  1.6292E+02  2.8631E-01
3.2875E-03  1.6867E+02  1.6839E+02  2.8632E-01
3.2888E-03  1.7427E+02  1.7398E+02  2.8632E-01
3.2900E-03  1.7984E+02  1.7955E+02  2.8633E-01
3.2912E-03  1.8530E+02  1.8501E+02  2.8633E-01
3.2925E-03  1.9073E+02  1.9045E+02  2.8634E-01
3.2938E-03  1.9601E+02  1.9573E+02  2.8634E-01
3.2950E-03  2.0116E+02  2.0087E+02  2.8635E-01
3.2963E-03  2.0609E+02  2.0581E+02  2.8635E-01
3.2975E-03  2.1080E+02  2.1052E+02  2.8636E-01
3.2988E-03  2.1530E+02  2.1502E+02  2.8636E-01
3.3000E-03  2.1813E+02  2.1784E+02  2.8637E-01
3.3012E-03  2.1783E+02  2.1755E+02  2.8637E-01
3.3025E-03  2.1739E+02  2.1711E+02  2.8638E-01
3.3037E-03  2.1694E+02  2.1665E+02  2.8638E-01
3.3050E-03  2.1649E+02  2.1621E+02  2.8639E-01
3.3063E-03  2.1607E+02  2.1578E+02  2.8639E-01
3.3075E-03  2.1565E+02  2.1536E+02  2.8640E-01
3.3088E-03  2.1523E+02  2.1494E+02  2.8640E-01
3.3100E-03  2.1486E+02  2.1457E+02  2.8641E-01
3.3112E-03  2.1445E+02  2.1416E+02  2.8641E-01
3.3125E-03  2.1407E+02  2.1378E+02  2.8642E-01
3.3138E-03  2.1370E+02  2.1341E+02  2.8642E-01
3.3150E-03  2.1333E+02  2.1305E+02  2.8643E-01
3.3163E-03  2.1297E+02  2.1268E+02  2.8643E-01
3.3175E-03  2.1261E+02  2.1233E+02  2.8644E-01
3.3188E-03  2.1228E+02  2.1199E+02  2.8644E-01
3.3200E-03  2.1192E+02  2.1163E+02  2.8645E-01
3.3212E-03  2.1159E+02  2.1130E+02  2.8645E-01
3.3225E-03  2.1125E+02  2.1097E+02  2.8646E-01
3.3237E-03  2.1093E+02  2.1064E+02  2.8646E-01
3.3250E-03  2.1060E+02  2.1031E+02  2.8647E-01
3.3263E-03  2.1027E+02  2.0999E+02  2.8647E-01
3.3275E-03  2.0995E+02  2.0967E+02  2.8648E-01
3.3288E-03  2.0964E+02  2.0935E+02  2.8648E-01
3.3300E-03  2.0933E+02  2.0904E+02  2.8649E-01
3.3313E-03  2.0901E+02  2.0873E+02  2.8649E-01
3.3325E-03  2.0870E+02  2.0842E+02  2.8650E-01
3.3338E-03  2.0840E+02  2.0811E+02  2.8650E-01
3.3350E-03  2.0809E+02  2.0781E+02  2.8651E-01
3.3363E-03  2.0779E+02  2.0751E+02  2.8651E-01
3.3375E-03  2.0749E+02  2.0721E+02  2.8652E-01
3.3388E-03  2.0719E+02  2.0691E+02  2.8652E-01
3.3400E-03  2.0690E+02  2.0661E+02  2.8653E-01
3.3413E-03  2.0660E+02  2.0631E+02  2.8653E-01
3.3425E-03  2.0631E+02  2.0602E+02  2.8654E-01
3.3437E-03  2.0602E+02  2.0574E+02  2.8654E-01
3.3450E-03  2.0573E+02  2.0544E+02  2.8655E-01
3.3462E-03  2.0544E+02  2.0515E+02  2.8655E-01
3.3475E-03  2.0515E+02  2.0486E+02  2.8655E-01
3.3488E-03  2.0487E+02  2.0458E+02  2.8656E-01
3.3500E-03  2.0461E+02  2.0433E+02  2.8656E-01
3.3513E-03  2.0445E+02  2.0416E+02  2.8657E-01
3.3525E-03  2.0402E+02  2.0374E+02  2.8657E-01
3.3537E-03  2.0373E+02  2.0345E+02  2.8658E-01
3.3550E-03  2.0345E+02  2.0317E+02  2.8658E-01
3.3563E-03  2.0322E+02  2.0293E+02  2.8659E-01
3.3575E-03  2.0290E+02  2.0261E+02  2.8659E-01
3.3588E-03  2.0262E+02  2.0233E+02  2.8660E-01
3.3600E-03  2.0234E+02  2.0206E+02  2.8660E-01
3.3613E-03  2.0207E+02  2.0178E+02  2.8661E-01
3.3625E-03  2.0179E+02  2.0151E+02  2.8661E-01
3.3637E-03  2.0152E+02  2.0124E+02  2.8662E-01
3.3650E-03  2.0125E+02  2.0096E+02  2.8662E-01
3.3662E-03  2.0098E+02  2.0069E+02  2.8663E-01
3.3675E-03  2.0071E+02  2.0043E+02  2.8663E-01
3.3687E-03  2.0045E+02  2.0016E+02  2.8664E-01
3.3700E-03  2.0018E+02  1.9989E+02  2.8664E-01
3.3713E-03  1.9992E+02  1.9963E+02  2.8665E-01
3.3725E-03  1.9967E+02  1.9938E+02  2.8665E-01
3.3738E-03  1.9979E+02  1.9951E+02  2.8666E-01
3.3750E-03  1.9927E+02  1.9898E+02  2.8666E-01
3.3763E-03  1.9887E+02  1.9858E+02  2.8667E-01
3.3775E-03  1.9860E+02  1.9831E+02  2.8667E-01
3.3788E-03  1.9834E+02  1.9805E+02  2.8668E-01
3.3800E-03  1.9809E+02  1.9780E+02  2.8668E-01
3.3813E-03  1.9784E+02  1.9756E+02  2.8669E-01
3.3825E-03  1.9764E+02  1.9735E+02  2.8669E-01
3.3838E-03  1.9780E+02  1.9751E+02  2.8670E-01
3.3850E-03  2.0016E+02  1.9987E+02  2.8670E-01
3.3862E-03  1.9698E+02  1.9669E+02  2.8671E-01
3.3875E-03  1.9678E+02  1.9650E+02  2.8671E-01
3.3887E-03  3.4734E+02  3.4706E+02  2.8671E-01
3.3900E-03  1.9621E+02  1.9592E+02  2.8672E-01
3.3912E-03  1.9582E+02  1.9553E+02  2.8672E-01
3.3925E-03  1.9556E+02  1.9527E+02  2.8673E-01
3.3938E-03  1.9592E+02  1.9564E+02  2.8673E-01
3.3950E-03  1.9502E+02  1.9474E+02  2.8674E-01
3.3963E-03  1.9476E+02  1.9447E+02  2.8674E-01
3.3975E-03  1.9451E+02  1.9422E+02  2.8675E-01
3.3988E-03  1.9425E+02  1.9397E+02  2.8675E-01
3.4000E-03  1.9401E+02  1.9372E+02  2.8676E-01
3.4013E-03  1.9376E+02  1.9347E+02  2.8676E-01
3.4025E-03  1.9351E+02  1.9322E+02  2.8678E-01
3.4038E-03  1.9326E+02  1.9298E+02  2.8678E-01
3.4050E-03  1.9302E+02  1.9273E+02  2.8679E-01
3.4062E-03  1.9278E+02  1.9249E+02  2.8679E-01
3.4075E-03  1.9253E+02  1.9225E+02  2.8679E-01
3.4087E-03  1.9229E+02  1.9201E+02  2.8680E-01
3.4100E-03  1.9205E+02  1.9177E+02  2.8680E-01
3.4112E-03  1.9182E+02  1.9153E+02  2.8681E-01
3.4125E-03  1.9158E+02  1.9130E+02  2.8681E-01
3.4138E-03  1.9135E+02  1.9106E+02  2.8682E-01
3.4150E-03  1.9111E+02  1.9083E+02  2.8682E-01
3.4163E-03  1.9088E+02  1.9060E+02  2.8683E-01
3.4175E-03  1.9065E+02  1.9036E+02  2.8683E-01
3.4188E-03  1.9042E+02  1.9013E+02  2.8684E-01
3.4200E-03  1.9019E+02  1.8991E+02  2.8684E-01
3.4213E-03  1.8996E+02  1.8968E+02  2.8685E-01
3.4225E-03  1.8974E+02  1.8945E+02  2.8685E-01
3.4238E-03  1.8951E+02  1.8923E+02  2.8686E-01
3.4250E-03  1.8929E+02  1.8901E+02  2.8686E-01
3.4263E-03  1.8907E+02  1.8879E+02  2.8687E-01
3.4275E-03  1.8885E+02  1.8856E+02  2.8687E-01
3.4287E-03  1.8863E+02  1.8834E+02  2.8687E-01
3.4300E-03  1.8841E+02  1.8812E+02  2.8688E-01
3.4312E-03  1.8819E+02  1.8790E+02  2.8688E-01
3.4325E-03  1.8797E+02  1.8769E+02  2.8689E-01
3.4337E-03  1.8777E+02  1.8748E+02  2.8689E-01
3.4350E-03  1.8754E+02  1.8725E+02  2.8690E-01
3.4363E-03  1.8732E+02  1.8704E+02  2.8690E-01
3.4375E-03  1.8711E+02  1.8682E+02  2.8691E-01
3.4388E-03  1.8690E+02  1.8661E+02  2.8691E-01
3.4400E-03  1.8669E+02  1.8640E+02  2.8692E-01
3.4413E-03  1.8648E+02  1.8619E+02  2.8692E-01
3.4425E-03  1.8627E+02  1.8598E+02  2.8693E-01
3.4438E-03  1.8606E+02  1.8577E+02  2.8693E-01
3.4450E-03  1.8585E+02  1.8557E+02  2.8694E-01
3.4463E-03  1.8565E+02  1.8536E+02  2.8694E-01
3.4475E-03  1.8544E+02  1.8515E+02  2.8694E-01
3.4487E-03  1.8524E+02  1.8495E+02  2.8695E-01
3.4500E-03  1.8504E+02  1.8475E+02  2.8695E-01
3.4512E-03  1.8488E+02  1.8459E+02  2.8696E-01
3.4525E-03  1.8465E+02  1.8437E+02  2.8696E-01
3.4537E-03  1.8443E+02  1.8414E+02  2.8697E-01
3.4550E-03  1.8423E+02  1.8394E+02  2.8697E-01
3.4562E-03  1.8403E+02  1.8374E+02  2.8698E-01
3.4575E-03  1.8383E+02  1.8354E+02  2.8698E-01
3.4588E-03  1.8363E+02  1.8334E+02  2.8699E-01
3.4600E-03  1.8343E+02  1.8314E+02  2.8699E-01
3.4613E-03  1.8324E+02  1.8295E+02  2.8700E-01
3.4625E-03  1.8304E+02  1.8275E+02  2.8700E-01
3.4638E-03  1.8284E+02  1.8256E+02  2.8700E-01
3.4650E-03  1.8265E+02  1.8236E+02  2.8701E-01
3.4663E-03  1.8246E+02  1.8217E+02  2.8701E-01
3.4675E-03  1.8227E+02  1.8198E+02  2.8702E-01
3.4688E-03  1.8207E+02  1.8179E+02  2.8702E-01
3.4700E-03  1.8188E+02  1.8160E+02  2.8703E-01
3.4712E-03  1.8169E+02  1.8141E+02  2.8703E-01
3.4725E-03  1.8150E+02  1.8122E+02  2.8704E-01
3.4737E-03  1.8131E+02  1.8103E+02  2.8704E-01
3.4750E-03  1.8113E+02  1.8084E+02  2.8705E-01
3.4762E-03  1.8094E+02  1.8065E+02  2.8705E-01
3.4775E-03  1.8075E+02  1.8047E+02  2.8705E-01
3.4788E-03  1.8057E+02  1.8028E+02  2.8706E-01
3.4800E-03  1.8038E+02  1.8009E+02  2.8706E-01
3.4813E-03  1.8020E+02  1.7991E+02  2.8707E-01
3.4825E-03  1.8001E+02  1.7973E+02  2.8707E-01
3.4838E-03  1.7983E+02  1.7954E+02  2.8708E-01
3.4850E-03  1.7965E+02  1.7936E+02  2.8708E-01
3.4863E-03  1.7947E+02  1.7918E+02  2.8709E-01
3.4875E-03  1.7928E+02  1.7900E+02  2.8709E-01
3.4888E-03  1.7910E+02  1.7882E+02  2.8710E-01
3.4900E-03  1.7892E+02  1.7864E+02  2.8710E-01
3.4912E-03  1.7875E+02  1.7846E+02  2.8710E-01
3.4925E-03  1.7857E+02  1.7828E+02  2.8711E-01
3.4937E-03  1.7839E+02  1.7810E+02  2.8711E-01
3.4950E-03  1.7821E+02  1.7792E+02  2.8712E-01
3.4962E-03  1.7803E+02  1.7775E+02  2.8712E-01
3.4975E-03  1.7786E+02  1.7757E+02  2.8713E-01
3.4987E-03  1.7768E+02  1.7740E+02  2.8713E-01
3.5000E-03  1.7752E+02  1.7723E+02  2.8714E-01
3.5013E-03  1.7733E+02  1.7705E+02  2.8714E-01
3.5025E-03  1.7716E+02  1.7687E+02  2.8715E-01
3.5038E-03  1.7699E+02  1.7670E+02  2.8715E-01
3.5050E-03  1.7681E+02  1.7653E+02  2.8715E-01
3.5063E-03  1.7664E+02  1.7636E+02  2.8716E-01
3.5075E-03  1.7648E+02  1.7619E+02  2.8716E-01
3.5088E-03  1.7632E+02  1.7603E+02  2.8717E-01
3.5100E-03  1.7637E+02  1.7608E+02  2.8717E-01
3.5113E-03  1.7606E+02  1.7577E+02  2.8718E-01
3.5125E-03  1.7580E+02  1.7552E+02  2.8718E-01
3.5137E-03  1.7563E+02  1.7534E+02  2.8719E-01
3.5150E-03  1.7546E+02  1.7517E+02  2.8719E-01
3.5162E-03  1.7530E+02  1.7502E+02  2.8719E-01
3.5175E-03  1.7518E+02  1.7489E+02  2.8720E-01
3.5187E-03  1.7657E+02  1.7629E+02  2.8720E-01
3.5200E-03  1.7483E+02  1.7455E+02  2.8721E-01
3.5213E-03  1.7464E+02  1.7435E+02  2.8721E-01
3.5225E-03  1.7523E+02  1.7494E+02  2.8722E-01
3.5238E-03  1.7431E+02  1.7402E+02  2.8722E-01
3.5250E-03  1.7413E+02  1.7384E+02  2.8723E-01
3.5263E-03  1.7396E+02  1.7367E+02  2.8723E-01
3.5275E-03  1.7379E+02  1.7351E+02  2.8723E-01
3.5288E-03  1.7363E+02  1.7334E+02  2.8724E-01
3.5300E-03  1.7347E+02  1.7318E+02  2.8724E-01
3.5313E-03  1.7331E+02  1.7302E+02  2.8725E-01
3.5325E-03  1.7314E+02  1.7286E+02  2.8725E-01
3.5337E-03  1.7298E+02  1.7269E+02  2.8726E-01
3.5350E-03  1.7282E+02  1.7253E+02  2.8726E-01
3.5362E-03  1.7266E+02  1.7237E+02  2.8727E-01
3.5375E-03  1.7250E+02  1.7221E+02  2.8727E-01
3.5387E-03  1.7234E+02  1.7205E+02  2.8727E-01
3.5400E-03  1.7218E+02  1.7190E+02  2.8728E-01
3.5412E-03  1.7202E+02  1.7174E+02  2.8728E-01
3.5425E-03  1.7187E+02  1.7158E+02  2.8729E-01
3.5438E-03  1.7171E+02  1.7142E+02  2.8729E-01
3.5450E-03  1.7155E+02  1.7126E+02  2.8730E-01
3.5463E-03  1.7139E+02  1.7111E+02  2.8730E-01
3.5475E-03  1.7124E+02  1.7095E+02  2.8730E-01
3.5488E-03  1.7108E+02  1.7080E+02  2.8731E-01
3.5500E-03  1.7093E+02  1.7064E+02  2.8731E-01
3.5513E-03  1.7077E+02  1.7049E+02  2.8732E-01
3.5525E-03  1.7062E+02  1.7033E+02  2.8732E-01
3.5538E-03  1.7046E+02  1.7017E+02  2.8733E-01
3.5550E-03  1.7031E+02  1.7002E+02  2.8733E-01
3.5562E-03  1.7015E+02  1.6987E+02  2.8734E-01
3.5575E-03  1.7000E+02  1.6971E+02  2.8734E-01
3.5587E-03  1.6985E+02  1.6956E+02  2.8734E-01
3.5600E-03  1.6970E+02  1.6941E+02  2.8735E-01
3.5612E-03  1.6955E+02  1.6926E+02  2.8735E-01
3.5625E-03  1.6939E+02  1.6911E+02  2.8736E-01
3.5638E-03  1.6924E+02  1.6895E+02  2.8736E-01
3.5650E-03  1.6909E+02  1.6880E+02  2.8737E-01
3.5663E-03  1.6894E+02  1.6865E+02  2.8737E-01
3.5675E-03  1.6879E+02  1.6850E+02  2.8737E-01
3.5688E-03  1.6864E+02  1.6835E+02  2.8738E-01
3.5700E-03  1.6849E+02  1.6820E+02  2.8738E-01
3.5713E-03  1.6834E+02  1.6805E+02  2.8739E-01
3.5725E-03  1.6819E+02  1.6790E+02  2.8739E-01
3.5738E-03  1.6804E+02  1.6775E+02  2.8740E-01
3.5750E-03  1.6789E+02  1.6760E+02  2.8740E-01
3.5763E-03  1.6774E+02  1.6746E+02  2.8740E-01
3.5775E-03  1.6760E+02  1.6731E+02  2.8741E-01
3.5787E-03  1.6745E+02  1.6716E+02  2.8741E-01
3.5800E-03  1.6730E+02  1.6702E+02  2.8742E-01
3.5812E-03  1.6716E+02  1.6687E+02  2.8742E-01
3.5825E-03  1.6701E+02  1.6672E+02  2.8743E-01
3.5838E-03  1.6686E+02  1.6658E+02  2.8743E-01
3.5850E-03  1.6672E+02  1.6643E+02  2.8744E-01
3.5863E-03  1.6657E+02  1.6629E+02  2.8744E-01
3.5875E-03  1.6643E+02  1.6614E+02  2.8744E-01
3.5888E-03  1.6628E+02  1.6600E+02  2.8745E-01
3.5900E-03  1.6614E+02  1.6585E+02  2.8745E-01
3.5913E-03  1.6600E+02  1.6571E+02  2.8746E-01
3.5925E-03  1.6585E+02  1.6556E+02  2.8746E-01
3.5938E-03  1.6571E+02  1.6542E+02  2.8747E-01
3.5950E-03  1.6556E+02  1.6528E+02  2.8747E-01
3.5963E-03  1.6542E+02  1.6513E+02  2.8747E-01
3.5975E-03  1.6528E+02  1.6499E+02  2.8748E-01
3.5987E-03  1.6514E+02  1.6485E+02  2.8748E-01
3.6000E-03  1.6499E+02  1.6471E+02  2.8749E-01
3.6012E-03  1.6485E+02  1.6457E+02  2.8749E-01
3.6025E-03  1.6471E+02  1.6442E+02  2.8750E-01
3.6037E-03  1.6457E+02  1.6428E+02  2.8750E-01
3.6050E-03  1.6443E+02  1.6414E+02  2.8750E-01
3.6063E-03  1.6429E+02  1.6400E+02  2.8751E-01
3.6075E-03  1.6416E+02  1.6387E+02  2.8751E-01
3.6088E-03  1.6401E+02  1.6372E+02  2.8752E-01
3.6100E-03  1.6387E+02  1.6358E+02  2.8752E-01
3.6113E-03  1.6373E+02  1.6344E+02  2.8753E-01
3.6125E-03  1.6359E+02  1.6330E+02  2.8753E-01
3.6138E-03  1.6345E+02  1.6316E+02  2.8753E-01
3.6150E-03  1.6331E+02  1.6303E+02  2.8754E-01
3.6163E-03  1.6318E+02  1.6289E+02  2.8754E-01
3.6175E-03  1.6304E+02  1.6275E+02  2.8755E-01
3.6188E-03  1.6290E+02  1.6262E+02  2.8755E-01
3.6200E-03  1.6276E+02  1.6248E+02  2.8755E-01
3.6212E-03  1.6262E+02  1.6234E+02  2.8756E-01
3.6225E-03  1.6249E+02  1.6220E+02  2.8756E-01
3.6237E-03  1.6235E+02  1.6206E+02  2.8757E-01
3.6250E-03  1.6221E+02  1.6193E+02  2.8757E-01
3.6263E-03  1.6208E+02  1.6179E+02  2.8758E-01
3.6275E-03  1.6194E+02  1.6165E+02  2.8758E-01
3.6288E-03  1.6181E+02  1.6152E+02  2.8758E-01
3.6300E-03  1.6167E+02  1.6138E+02  2.8759E-01
3.6313E-03  1.6153E+02  1.6125E+02  2.8759E-01
3.6325E-03  1.6140E+02  1.6111E+02  2.8760E-01
3.6338E-03  1.6126E+02  1.6098E+02  2.8760E-01
3.6350E-03  1.6113E+02  1.6084E+02  2.8761E-01
3.6363E-03  1.6100E+02  1.6071E+02  2.8761E-01
3.6375E-03  1.6086E+02  1.6057E+02  2.8761E-01
3.6388E-03  1.6073E+02  1.6044E+02  2.8762E-01
3.6400E-03  1.6059E+02  1.6031E+02  2.8762E-01
3.6412E-03  1.6046E+02  1.6017E+02  2.8763E-01
3.6425E-03  1.6033E+02  1.6004E+02  2.8763E-01
3.6437E-03  1.6019E+02  1.5991E+02  2.8764E-01
3.6450E-03  1.6006E+02  1.5977E+02  2.8764E-01
3.6463E-03  1.5993E+02  1.5964E+02  2.8764E-01
3.6475E-03  1.5980E+02  1.5951E+02  2.8765E-01
3.6488E-03  1.5966E+02  1.5938E+02  2.8765E-01
3.6500E-03  1.5953E+02  1.5924E+02  2.8766E-01
3.6512E-03  1.5940E+02  1.5911E+02  2.8766E-01
3.6525E-03  1.5927E+02  1.5898E+02  2.8766E-01
3.6538E-03  1.5914E+02  1.5885E+02  2.8767E-01
3.6550E-03  1.5901E+02  1.5872E+02  2.8767E-01
3.6563E-03  1.5888E+02  1.5859E+02  2.8768E-01
3.6575E-03  1.5875E+02  1.5846E+02  2.8768E-01
3.6588E-03  1.5861E+02  1.5833E+02  2.8769E-01
3.6600E-03  1.5848E+02  1.5820E+02  2.8769E-01
3.6613E-03  1.5835E+02  1.5807E+02  2.8769E-01
3.6625E-03  1.5823E+02  1.5794E+02  2.8770E-01
3.6637E-03  1.5810E+02  1.5781E+02  2.8770E-01
3.6650E-03  1.5797E+02  1.5768E+02  2.8771E-01
3.6662E-03  1.5784E+02  1.5755E+02  2.8771E-01
3.6675E-03  1.5771E+02  1.5742E+02  2.8771E-01
3.6688E-03  1.5758E+02  1.5729E+02  2.8772E-01
3.6700E-03  1.5745E+02  1.5716E+02  2.8772E-01
3.6713E-03  1.5732E+02  1.5703E+02  2.8773E-01
3.6725E-03  1.5719E+02  1.5691E+02  2.8773E-01
3.6737E-03  1.5707E+02  1.5678E+02  2.8774E-01
3.6750E-03  1.5694E+02  1.5665E+02  2.8774E-01
3.6763E-03  1.5681E+02  1.5652E+02  2.8774E-01
3.6775E-03  1.5668E+02  1.5639E+02  2.8775E-01
3.6788E-03  1.5656E+02  1.5627E+02  2.8775E-01
3.6800E-03  1.5643E+02  1.5614E+02  2.8776E-01
3.6813E-03  1.5630E+02  1.5601E+02  2.8776E-01
3.6825E-03  1.5617E+02  1.5589E+02  2.8776E-01
3.6837E-03  1.5605E+02  1.5576E+02  2.8777E-01
3.6850E-03  1.5592E+02  1.5563E+02  2.8777E-01
3.6862E-03  1.5580E+02  1.5551E+02  2.8778E-01
3.6875E-03  1.5567E+02  1.5538E+02  2.8778E-01
3.6888E-03  1.5555E+02  1.5526E+02  2.8778E-01
3.6900E-03  1.5542E+02  1.5513E+02  2.8779E-01
3.6913E-03  1.5529E+02  1.5501E+02  2.8779E-01
3.6925E-03  1.5517E+02  1.5488E+02  2.8780E-01
3.6937E-03  1.5504E+02  1.5475E+02  2.8780E-01
3.6950E-03  1.5492E+02  1.5463E+02  2.8781E-01
3.6963E-03  1.5479E+02  1.5450E+02  2.8781E-01
3.6975E-03  1.5467E+02  1.5438E+02  2.8781E-01
3.6988E-03  1.5454E+02  1.5425E+02  2.8782E-01
3.7000E-03  1.5442E+02  1.5413E+02  2.8782E-01
3.7013E-03  1.5429E+02  1.5401E+02  2.8783E-01
3.7025E-03  1.5417E+02  1.5388E+02  2.8783E-01
3.7038E-03  1.5405E+02  1.5376E+02  2.8783E-01
3.7050E-03  1.5392E+02  1.5363E+02  2.8784E-01
3.7062E-03  1.5380E+02  1.5351E+02  2.8784E-01
3.7075E-03  1.5368E+02  1.5339E+02  2.8785E-01
3.7088E-03  1.5356E+02  1.5327E+02  2.8785E-01
3.7100E-03  1.5343E+02  1.5315E+02  2.8785E-01
3.7113E-03  1.5331E+02  1.5302E+02  2.8786E-01
3.7125E-03  1.5318E+02  1.5290E+02  2.8786E-01
3.7138E-03  1.5306E+02  1.5277E+02  2.8787E-01
3.7150E-03  1.5294E+02  1.5265E+02  2.8787E-01
3.7162E-03  1.5282E+02  1.5253E+02  2.8787E-01
3.7175E-03  1.5269E+02  1.5241E+02  2.8788E-01
3.7188E-03  1.5257E+02  1.5228E+02  2.8788E-01
3.7200E-03  1.5245E+02  1.5216E+02  2.8789E-01
3.7213E-03  1.5233E+02  1.5204E+02  2.8789E-01
3.7225E-03  1.5221E+02  1.5192E+02  2.8790E-01
3.7238E-03  1.5209E+02  1.5180E+02  2.8790E-01
3.7250E-03  1.5196E+02  1.5168E+02  2.8790E-01
3.7262E-03  1.5184E+02  1.5156E+02  2.8791E-01
3.7275E-03  1.5172E+02  1.5143E+02  2.8791E-01
3.7287E-03  1.5160E+02  1.5131E+02  2.8792E-01
3.7300E-03  1.5148E+02  1.5119E+02  2.8792E-01
3.7313E-03  1.5136E+02  1.5107E+02  2.8792E-01
3.7325E-03  1.5124E+02  1.5095E+02  2.8793E-01
3.7338E-03  1.5112E+02  1.5084E+02  2.8793E-01
3.7350E-03  1.5100E+02  1.5071E+02  2.8794E-01
3.7362E-03  1.5088E+02  1.5059E+02  2.8794E-01
3.7375E-03  1.5076E+02  1.5047E+02  2.8794E-01
3.7387E-03  1.5064E+02  1.5035E+02  2.8795E-01
3.7400E-03  1.5058E+02  1.5029E+02  2.8795E-01
3.7413E-03  1.5040E+02  1.5012E+02  2.8796E-01
3.7425E-03  1.5028E+02  1.4999E+02  2.8796E-01
3.7438E-03  1.5016E+02  1.4987E+02  2.8796E-01
3.7450E-03  1.5004E+02  1.4976E+02  2.8797E-01
3.7463E-03  1.4992E+02  1.4964E+02  2.8797E-01
3.7475E-03  1.4981E+02  1.4952E+02  2.8798E-01
3.7487E-03  1.4969E+02  1.4940E+02  2.8798E-01
3.7500E-03  1.4957E+02  1.4928E+02  2.8798E-01
3.7513E-03  1.4945E+02  1.4916E+02  2.8799E-01
3.7525E-03  1.4934E+02  1.4905E+02  2.8799E-01
3.7538E-03  1.4922E+02  1.4893E+02  2.8800E-01
3.7550E-03  1.4910E+02  1.4881E+02  2.8800E-01
3.7563E-03  1.4898E+02  1.4869E+02  2.8800E-01
3.7575E-03  1.4886E+02  1.4857E+02  2.8801E-01
3.7587E-03  1.4874E+02  1.4845E+02  2.8801E-01
3.7600E-03  1.4862E+02  1.4834E+02  2.8802E-01
3.7613E-03  1.4851E+02  1.4822E+02  2.8802E-01
3.7625E-03  1.4839E+02  1.4810E+02  2.8802E-01
3.7638E-03  1.4827E+02  1.4798E+02  2.8803E-01
3.7650E-03  1.4816E+02  1.4787E+02  2.8803E-01
3.7663E-03  1.4804E+02  1.4775E+02  2.8804E-01
3.7675E-03  1.4792E+02  1.4763E+02  2.8804E-01
3.7687E-03  1.4781E+02  1.4752E+02  2.8804E-01
3.7700E-03  1.4769E+02  1.4740E+02  2.8805E-01
3.7713E-03  1.4757E+02  1.4728E+02  2.8805E-01
3.7725E-03  1.4746E+02  1.4717E+02  2.8806E-01
3.7738E-03  1.4734E+02  1.4705E+02  2.8806E-01
3.7750E-03  1.4722E+02  1.4694E+02  2.8806E-01
3.7763E-03  1.4711E+02  1.4682E+02  2.8807E-01
3.7775E-03  1.4699E+02  1.4670E+02  2.8807E-01
3.7787E-03  1.4688E+02  1.4659E+02  2.8808E-01
3.7800E-03  1.4676E+02  1.4647E+02  2.8808E-01
3.7812E-03  1.4664E+02  1.4636E+02  2.8808E-01
3.7825E-03  1.4653E+02  1.4624E+02  2.8809E-01
3.7838E-03  1.4641E+02  1.4613E+02  2.8809E-01
3.7850E-03  1.4630E+02  1.4601E+02  2.8810E-01
3.7863E-03  1.4618E+02  1.4590E+02  2.8810E-01
3.7875E-03  1.4607E+02  1.4578E+02  2.8810E-01
3.7888E-03  1.4596E+02  1.4567E+02  2.8811E-01
3.7900E-03  1.4584E+02  1.4555E+02  2.8811E-01
3.7912E-03  1.4573E+02  1.4544E+02  2.8812E-01
3.7925E-03  1.4561E+02  1.4532E+02  2.8812E-01
3.7938E-03  1.4550E+02  1.4521E+02  2.8812E-01
3.7950E-03  1.4538E+02  1.4509E+02  2.8813E-01
3.7963E-03  1.4527E+02  1.4498E+02  2.8813E-01
3.7975E-03  1.4515E+02  1.4486E+02  2.8814E-01
3.7988E-03  1.4504E+02  1.4475E+02  2.8814E-01
3.8000E-03  1.4493E+02  1.4464E+02  2.8814E-01
3.8012E-03  1.4481E+02  1.4452E+02  2.8815E-01
3.8025E-03  1.4470E+02  1.4441E+02  2.8815E-01
3.8037E-03  1.4458E+02  1.4430E+02  2.8816E-01
3.8050E-03  1.4447E+02  1.4418E+02  2.8816E-01
3.8063E-03  1.4436E+02  1.4407E+02  2.8816E-01
3.8075E-03  1.4424E+02  1.4396E+02  2.8817E-01
3.8088E-03  1.4413E+02  1.4384E+02  2.8817E-01
3.8100E-03  1.4402E+02  1.4373E+02  2.8818E-01
3.8112E-03  1.4390E+02  1.4362E+02  2.8818E-01
3.8125E-03  1.4379E+02  1.4350E+02  2.8818E-01
3.8138E-03  1.4368E+02  1.4339E+02  2.8819E-01
3.8150E-03  1.4357E+02  1.4328E+02  2.8819E-01
3.8163E-03  1.4345E+02  1.4316E+02  2.8819E-01
3.8175E-03  1.4334E+02  1.4305E+02  2.8820E-01
3.8188E-03  1.4323E+02  1.4294E+02  2.8820E-01
3.8200E-03  1.4312E+02  1.4283E+02  2.8821E-01
3.8212E-03  1.4300E+02  1.4272E+02  2.8821E-01
3.8225E-03  1.4289E+02  1.4260E+02  2.8821E-01
3.8237E-03  1.4278E+02  1.4249E+02  2.8822E-01
3.8250E-03  1.4267E+02  1.4238E+02  2.8822E-01
3.8263E-03  1.4256E+02  1.4227E+02  2.8823E-01
3.8275E-03  1.4244E+02  1.4216E+02  2.8823E-01
3.8288E-03  1.4233E+02  1.4204E+02  2.8823E-01
3.8300E-03  1.4222E+02  1.4193E+02  2.8824E-01
3.8313E-03  1.4211E+02  1.4182E+02  2.8824E-01
3.8325E-03  1.4200E+02  1.4171E+02  2.8825E-01
3.8338E-03  1.4189E+02  1.4160E+02  2.8825E-01
3.8350E-03  1.4178E+02  1.4149E+02  2.8825E-01
3.8363E-03  1.4166E+02  1.4138E+02  2.8826E-01
3.8375E-03  1.4155E+02  1.4126E+02  2.8826E-01
3.8388E-03  1.4144E+02  1.4115E+02  2.8827E-01
3.8400E-03  1.4133E+02  1.4104E+02  2.8827E-01
3.8413E-03  1.4122E+02  1.4094E+02  2.8827E-01
3.8425E-03  1.4112E+02  1.4083E+02  2.8828E-01
3.8437E-03  1.4100E+02  1.4071E+02  2.8828E-01
3.8450E-03  1.4089E+02  1.4060E+02  2.8828E-01
3.8462E-03  1.4078E+02  1.4049E+02  2.8829E-01
3.8475E-03  1.4067E+02  1.4039E+02  2.8829E-01
3.8488E-03  1.4056E+02  1.4027E+02  2.8830E-01
3.8500E-03  1.4045E+02  1.4016E+02  2.8830E-01
3.8513E-03  1.4034E+02  1.4005E+02  2.8830E-01
3.8525E-03  1.4023E+02  1.3994E+02  2.8831E-01
3.8537E-03  1.4012E+02  1.3983E+02  2.8831E-01
3.8550E-03  1.4001E+02  1.3972E+02  2.8832E-01
3.8563E-03  1.3990E+02  1.3961E+02  2.8832E-01
3.8575E-03  1.3979E+02  1.3950E+02  2.8832E-01
3.8588E-03  1.3968E+02  1.3940E+02  2.8833E-01
3.8600E-03  1.3957E+02  1.3929E+02  2.8833E-01
3.8613E-03  1.3947E+02  1.3918E+02  2.8834E-01
3.8625E-03  1.3936E+02  1.3907E+02  2.8834E-01
3.8637E-03  1.3926E+02  1.3897E+02  2.8834E-01
3.8650E-03  1.3914E+02  1.3885E+02  2.8835E-01
3.8662E-03  1.3903E+02  1.3874E+02  2.8835E-01
3.8675E-03  1.3893E+02  1.3864E+02  2.8835E-01
3.8687E-03  1.3882E+02  1.3853E+02  2.8836E-01
3.8700E-03  1.3871E+02  1.3842E+02  2.8836E-01
3.8713E-03  1.3862E+02  1.3833E+02  2.8837E-01
3.8725E-03  1.3850E+02  1.3821E+02  2.8837E-01
3.8738E-03  1.3838E+02  1.3809E+02  2.8837E-01
3.8750E-03  1.3827E+02  1.3799E+02  2.8838E-01
3.8763E-03  1.3817E+02  1.3788E+02  2.8838E-01
3.8775E-03  1.3806E+02  1.3777E+02  2.8839E-01
3.8788E-03  1.3795E+02  1.3766E+02  2.8839E-01
3.8800E-03  1.3784E+02  1.3755E+02  2.8839E-01
3.8813E-03  1.3774E+02  1.3745E+02  2.8840E-01
3.8825E-03  1.3763E+02  1.3734E+02  2.8840E-01
3.8838E-03  1.3752E+02  1.3723E+02  2.8840E-01
3.8850E-03  1.3741E+02  1.3713E+02  2.8841E-01
3.8862E-03  1.3731E+02  1.3702E+02  2.8841E-01
3.8875E-03  1.3720E+02  1.3691E+02  2.8842E-01
3.8887E-03  1.3709E+02  1.3680E+02  2.8842E-01
3.8900E-03  1.3699E+02  1.3670E+02  2.8842E-01
3.8912E-03  1.3688E+02  1.3659E+02  2.8843E-01
3.8925E-03  1.3677E+02  1.3649E+02  2.8843E-01
3.8938E-03  1.3667E+02  1.3638E+02  2.8844E-01
3.8950E-03  1.3656E+02  1.3627E+02  2.8844E-01
3.8963E-03  1.3646E+02  1.3617E+02  2.8844E-01
3.8975E-03  1.3636E+02  1.3607E+02  2.8845E-01
3.8988E-03  1.3627E+02  1.3598E+02  2.8845E-01
3.9000E-03  1.3739E+02  1.3710E+02  2.8845E-01
3.9013E-03  1.3608E+02  1.3579E+02  2.8846E-01
3.9025E-03  1.3594E+02  1.3566E+02  2.8846E-01
3.9038E-03  1.3595E+02  1.3567E+02  2.8847E-01
3.9050E-03  1.3577E+02  1.3548E+02  2.8847E-01
3.9062E-03  1.3562E+02  1.3533E+02  2.8847E-01
3.9075E-03  1.3552E+02  1.3523E+02  2.8848E-01
3.9087E-03  1.3544E+02  1.3515E+02  2.8848E-01
3.9100E-03  1.3529E+02  1.3500E+02  2.8849E-01
3.9112E-03  1.3519E+02  1.3490E+02  2.8849E-01
3.9125E-03  1.3508E+02  1.3479E+02  2.8849E-01
3.9137E-03  1.3497E+02  1.3468E+02  2.8850E-01
3.9150E-03  1.3487E+02  1.3458E+02  2.8850E-01
3.9162E-03  1.3476E+02  1.3447E+02  2.8850E-01
3.9175E-03  1.3466E+02  1.3437E+02  2.8851E-01
3.9188E-03  1.3455E+02  1.3426E+02  2.8851E-01
3.9200E-03  1.3445E+02  1.3416E+02  2.8852E-01
3.9213E-03  1.3435E+02  1.3406E+02  2.8852E-01
3.9225E-03  1.3425E+02  1.3396E+02  2.8852E-01
3.9238E-03  1.3419E+02  1.3390E+02  2.8853E-01
3.9250E-03  1.3415E+02  1.3386E+02  2.8853E-01
3.9263E-03  1.3395E+02  1.3366E+02  2.8853E-01
3.9275E-03  1.3387E+02  1.3358E+02  2.8854E-01
3.9287E-03  1.3461E+02  1.3432E+02  2.8854E-01
3.9300E-03  1.3364E+02  1.3335E+02  2.8855E-01
3.9312E-03  1.3352E+02  1.3324E+02  2.8855E-01
3.9325E-03  1.3385E+02  1.3356E+02  2.8855E-01
3.9337E-03  1.3332E+02  1.3303E+02  2.8856E-01
3.9350E-03  1.3320E+02  1.3291E+02  2.8856E-01
3.9362E-03  1.3309E+02  1.3280E+02  2.8857E-01
3.9375E-03  1.3299E+02  1.3270E+02  2.8857E-01
3.9388E-03  1.3288E+02  1.3259E+02  2.8857E-01
3.9400E-03  1.3278E+02  1.3249E+02  2.8858E-01
3.9413E-03  1.3268E+02  1.3239E+02  2.8858E-01
3.9425E-03  1.3257E+02  1.3228E+02  2.8858E-01
3.9438E-03  1.3247E+02  1.3218E+02  2.8859E-01
3.9450E-03  1.3236E+02  1.3208E+02  2.8859E-01
3.9463E-03  1.3226E+02  1.3197E+02  2.8860E-01
3.9475E-03  1.3216E+02  1.3187E+02  2.8860E-01
3.9488E-03  1.3205E+02  1.3177E+02  2.8860E-01
3.9500E-03  1.3195E+02  1.3166E+02  2.8861E-01
3.9512E-03  1.3185E+02  1.3156E+02  2.8861E-01
3.9525E-03  1.3174E+02  1.3146E+02  2.8861E-01
3.9537E-03  1.3164E+02  1.3135E+02  2.8862E-01
3.9550E-03  1.3154E+02  1.3125E+02  2.8862E-01
3.9562E-03  1.3144E+02  1.3115E+02  2.8863E-01
3.9575E-03  1.3133E+02  1.3105E+02  2.8863E-01
3.9588E-03  1.3123E+02  1.3094E+02  2.8863E-01
3.9600E-03  1.3113E+02  1.3084E+02  2.8864E-01
3.9613E-03  1.3103E+02  1.3074E+02  2.8864E-01
3.9625E-03  1.3092E+02  1.3063E+02  2.8864E-01
3.9638E-03  1.3082E+02  1.3053E+02  2.8865E-01
3.9650E-03  1.3072E+02  1.3043E+02  2.8865E-01
3.9663E-03  1.3062E+02  1.3033E+02  2.8866E-01
3.9675E-03  1.3051E+02  1.3022E+02  2.8866E-01
3.9688E-03  1.3041E+02  1.3012E+02  2.8866E-01
3.9700E-03  1.3031E+02  1.3002E+02  2.8867E-01
3.9712E-03  1.3021E+02  1.2992E+02  2.8867E-01
3.9725E-03  1.3011E+02  1.2982E+02  2.8867E-01
3.9737E-03  1.3001E+02  1.2972E+02  2.8868E-01
3.9750E-03  1.2990E+02  1.2961E+02  2.8868E-01
3.9762E-03  1.2980E+02  1.2951E+02  2.8869E-01
3.9775E-03  1.2970E+02  1.2941E+02  2.8869E-01
3.9787E-03  1.2960E+02  1.2931E+02  2.8869E-01
3.9800E-03  1.2949E+02  1.2921E+02  2.8870E-01
3.9813E-03  1.2939E+02  1.2910E+02  2.8870E-01
3.9825E-03  1.2929E+02  1.2900E+02  2.8870E-01
3.9838E-03  1.2919E+02  1.2890E+02  2.8871E-01
3.9850E-03  1.2909E+02  1.2880E+02  2.8871E-01
3.9863E-03  1.2899E+02  1.2870E+02  2.8872E-01
3.9875E-03  1.2889E+02  1.2860E+02  2.8872E-01
3.9888E-03  1.2878E+02  1.2850E+02  2.8872E-01
3.9900E-03  1.2868E+02  1.2840E+02  2.8873E-01
3.9913E-03  1.2858E+02  1.2830E+02  2.8873E-01
3.9925E-03  1.2848E+02  1.2819E+02  2.8873E-01
3.9937E-03  1.2838E+02  1.2809E+02  2.8874E-01
3.9950E-03  1.2828E+02  1.2799E+02  2.8874E-01
3.9962E-03  1.2818E+02  1.2789E+02  2.8875E-01
3.9975E-03  1.2810E+02  1.2781E+02  2.8875E-01
3.9987E-03  1.2798E+02  1.2769E+02  2.8875E-01
4.0000E-03  1.2788E+02  1.2759E+02  2.8876E-01
4.0012E-03  1.2780E+02  1.2751E+02  2.8876E-01
4.0025E-03  1.2771E+02  1.2742E+02  2.8876E-01
4.0038E-03  1.2911E+02  1.2882E+02  2.8877E-01
4.0050E-03  1.2765E+02  1.2736E+02  2.8877E-01
4.0062E-03  1.5460E+02  1.5431E+02  2.8878E-01
4.0075E-03  1.2738E+02  1.2709E+02  2.8878E-01
4.0088E-03  1.2722E+02  1.2693E+02  2.8878E-01
4.0100E-03  1.2709E+02  1.2680E+02  2.8879E-01
4.0113E-03  1.2698E+02  1.2669E+02  2.8879E-01
4.0125E-03  1.2688E+02  1.2659E+02  2.8879E-01
4.0137E-03  1.2678E+02  1.2649E+02  2.8880E-01
4.0150E-03  1.2668E+02  1.2639E+02  2.8880E-01
4.0163E-03  1.2658E+02  1.2629E+02  2.8881E-01
4.0175E-03  1.2648E+02  1.2619E+02  2.8881E-01
4.0187E-03  1.2638E+02  1.2609E+02  2.8881E-01
4.0200E-03  1.2628E+02  1.2599E+02  2.8882E-01
4.0213E-03  1.2619E+02  1.2590E+02  2.8882E-01
4.0225E-03  1.2617E+02  1.2589E+02  2.8882E-01
4.0237E-03  1.2754E+02  1.2725E+02  2.8883E-01
4.0250E-03  1.2592E+02  1.2563E+02  2.8883E-01
4.0263E-03  1.2579E+02  1.2550E+02  2.8884E-01
4.0275E-03  1.2568E+02  1.2539E+02  2.8884E-01
4.0287E-03  1.2558E+02  1.2529E+02  2.8884E-01
4.0300E-03  1.2548E+02  1.2519E+02  2.8885E-01
4.0313E-03  1.2538E+02  1.2509E+02  2.8885E-01
4.0325E-03  1.2528E+02  1.2499E+02  2.8885E-01
4.0338E-03  1.2518E+02  1.2489E+02  2.8886E-01
4.0350E-03  1.2508E+02  1.2479E+02  2.8886E-01
4.0362E-03  1.2498E+02  1.2469E+02  2.8887E-01
4.0375E-03  1.2489E+02  1.2460E+02  2.8887E-01
4.0388E-03  1.2479E+02  1.2450E+02  2.8887E-01
4.0400E-03  1.2469E+02  1.2440E+02  2.8888E-01
4.0412E-03  1.2460E+02  1.2431E+02  2.8888E-01
4.0425E-03  1.2450E+02  1.2421E+02  2.8888E-01
4.0438E-03  1.2441E+02  1.2412E+02  2.8889E-01
4.0450E-03  1.2433E+02  1.2404E+02  2.8889E-01
4.0462E-03  1.2428E+02  1.2399E+02  2.8889E-01
4.0475E-03  1.2425E+02  1.2396E+02  2.8890E-01
4.0488E-03  1.2451E+02  1.2422E+02  2.8890E-01
4.0500E-03  1.3434E+02  1.3405E+02  2.8891E-01
4.0512E-03  1.2552E+02  1.2523E+02  2.8891E-01
4.0525E-03  1.2401E+02  1.2372E+02  2.8891E-01
4.0538E-03  1.2371E+02  1.2342E+02  2.8892E-01
4.0550E-03  1.2356E+02  1.2327E+02  2.8892E-01
4.0563E-03  1.2498E+02  1.2469E+02  2.8892E-01
4.0575E-03  1.2333E+02  1.2304E+02  2.8893E-01
4.0587E-03  1.2322E+02  1.2293E+02  2.8893E-01
4.0600E-03  1.2311E+02  1.2283E+02  2.8894E-01
4.0613E-03  1.2301E+02  1.2272E+02  2.8894E-01
4.0625E-03  1.2299E+02  1.2270E+02  2.8894E-01
4.0637E-03  1.2281E+02  1.2252E+02  2.8895E-01
4.0650E-03  1.2271E+02  1.2242E+02  2.8895E-01
4.0663E-03  1.2261E+02  1.2232E+02  2.8895E-01
4.0675E-03  1.2251E+02  1.2223E+02  2.8896E-01
4.0687E-03  1.2242E+02  1.2213E+02  2.8896E-01
4.0700E-03  1.2232E+02  1.2203E+02  2.8897E-01
4.0713E-03  1.2222E+02  1.2193E+02  2.8897E-01
4.0725E-03  1.2212E+02  1.2183E+02  2.8897E-01
4.0738E-03  1.2202E+02  1.2173E+02  2.8898E-01
4.0750E-03  1.2193E+02  1.2164E+02  2.8898E-01
4.0763E-03  1.2183E+02  1.2154E+02  2.8898E-01
4.0775E-03  1.2173E+02  1.2144E+02  2.8899E-01
4.0788E-03  1.2723E+02  1.2694E+02  2.8899E-01
4.0800E-03  1.2153E+02  1.2125E+02  2.8899E-01
4.0812E-03  1.2144E+02  1.2115E+02  2.8900E-01
4.0825E-03  1.2136E+02  1.2107E+02  2.8900E-01
4.0838E-03  1.2124E+02  1.2095E+02  2.8901E-01
4.0850E-03  1.2114E+02  1.2086E+02  2.8901E-01
4.0862E-03  1.2105E+02  1.2076E+02  2.8901E-01
4.0875E-03  1.2096E+02  1.2067E+02  2.8902E-01
4.0888E-03  1.2085E+02  1.2056E+02  2.8902E-01
4.0900E-03  1.2075E+02  1.2046E+02  2.8902E-01
4.0912E-03  1.2066E+02  1.2037E+02  2.8903E-01
4.0925E-03  1.2056E+02  1.2027E+02  2.8903E-01
4.0938E-03  1.2046E+02  1.2017E+02  2.8903E-01
4.0950E-03  1.2037E+02  1.2008E+02  2.8904E-01
4.0963E-03  1.2027E+02  1.1998E+02  2.8904E-01
4.0975E-03  1.2017E+02  1.1988E+02  2.8905E-01
4.0987E-03  1.2007E+02  1.1978E+02  2.8905E-01
4.1000E-03  1.1998E+02  1.1969E+02  2.8905E-01
4.1013E-03  1.1988E+02  1.1959E+02  2.8906E-01
4.1025E-03  1.1978E+02  1.1949E+02  2.8906E-01
4.1037E-03  1.1969E+02  1.1940E+02  2.8906E-01
4.1050E-03  1.1959E+02  1.1930E+02  2.8907E-01
4.1063E-03  1.1949E+02  1.1920E+02  2.8907E-01
4.1075E-03  1.1939E+02  1.1911E+02  2.8908E-01
4.1087E-03  1.1930E+02  1.1901E+02  2.8908E-01
4.1100E-03  1.1920E+02  1.1891E+02  2.8908E-01
4.1113E-03  1.1913E+02  1.1884E+02  2.8909E-01
4.1125E-03  1.1901E+02  1.1872E+02  2.8909E-01
4.1137E-03  1.1891E+02  1.1862E+02  2.8909E-01
4.1150E-03  1.1882E+02  1.1853E+02  2.8910E-01
4.1163E-03  1.1872E+02  1.1843E+02  2.8910E-01
4.1175E-03  1.1862E+02  1.1833E+02  2.8910E-01
4.1188E-03  1.1853E+02  1.1824E+02  2.8911E-01
4.1200E-03  1.1843E+02  1.1814E+02  2.8911E-01
4.1212E-03  1.1834E+02  1.1805E+02  2.8912E-01
4.1225E-03  1.1825E+02  1.1796E+02  2.8912E-01
4.1238E-03  1.1820E+02  1.1791E+02  2.8912E-01
4.1250E-03  1.1805E+02  1.1776E+02  2.8913E-01
4.1262E-03  1.1795E+02  1.1766E+02  2.8913E-01
4.1275E-03  1.1786E+02  1.1757E+02  2.8913E-01
4.1288E-03  1.1776E+02  1.1747E+02  2.8914E-01
4.1300E-03  1.1767E+02  1.1738E+02  2.8914E-01
4.1312E-03  1.1758E+02  1.1729E+02  2.8914E-01
4.1325E-03  1.1749E+02  1.1720E+02  2.8915E-01
4.1338E-03  1.1740E+02  1.1712E+02  2.8915E-01
4.1350E-03  1.1733E+02  1.1704E+02  2.8916E-01
4.1363E-03  1.1728E+02  1.1699E+02  2.8916E-01
4.1375E-03  1.1734E+02  1.1705E+02  2.8916E-01
4.1388E-03  1.1842E+02  1.1813E+02  2.8917E-01
4.1400E-03  1.2773E+02  1.2744E+02  2.8917E-01
4.1413E-03  1.1727E+02  1.1698E+02  2.8917E-01
4.1425E-03  1.1685E+02  1.1656E+02  2.8918E-01
4.1437E-03  1.1670E+02  1.1641E+02  2.8918E-01
4.1450E-03  1.1655E+02  1.1626E+02  2.8918E-01
4.1463E-03  1.1644E+02  1.1615E+02  2.8919E-01
4.1475E-03  1.1634E+02  1.1605E+02  2.8919E-01
4.1487E-03  1.1624E+02  1.1595E+02  2.8920E-01
4.1500E-03  1.1614E+02  1.1585E+02  2.8920E-01
4.1513E-03  1.1604E+02  1.1575E+02  2.8920E-01
4.1525E-03  1.1594E+02  1.1565E+02  2.8921E-01
4.1537E-03  1.1585E+02  1.1556E+02  2.8921E-01
4.1550E-03  1.1575E+02  1.1546E+02  2.8921E-01
4.1563E-03  1.1565E+02  1.1536E+02  2.8922E-01
4.1575E-03  1.1556E+02  1.1527E+02  2.8922E-01
4.1588E-03  1.1546E+02  1.1517E+02  2.8922E-01
4.1600E-03  1.1546E+02  1.1517E+02  2.8923E-01
4.1613E-03  1.1527E+02  1.1498E+02  2.8923E-01
4.1625E-03  1.1518E+02  1.1489E+02  2.8924E-01
4.1638E-03  1.1509E+02  1.1480E+02  2.8924E-01
4.1650E-03  1.1499E+02  1.1470E+02  2.8924E-01
4.1662E-03  1.1489E+02  1.1460E+02  2.8925E-01
4.1675E-03  1.1480E+02  1.1451E+02  2.8925E-01
4.1688E-03  1.1470E+02  1.1441E+02  2.8925E-01
4.1700E-03  1.1461E+02  1.1432E+02  2.8926E-01
4.1712E-03  1.1451E+02  1.1422E+02  2.8926E-01
4.1725E-03  1.1442E+02  1.1413E+02  2.8926E-01
4.1738E-03  1.1432E+02  1.1403E+02  2.8927E-01
4.1750E-03  1.1423E+02  1.1394E+02  2.8927E-01
4.1762E-03  1.1414E+02  1.1385E+02  2.8928E-01
4.1775E-03  1.1404E+02  1.1376E+02  2.8928E-01
4.1788E-03  1.1395E+02  1.1367E+02  2.8928E-01
4.1800E-03  1.1387E+02  1.1358E+02  2.8929E-01
4.1813E-03  1.1380E+02  1.1351E+02  2.8929E-01
4.1825E-03  1.1379E+02  1.1350E+02  2.8929E-01
4.1837E-03  1.1490E+02  1.1461E+02  2.8930E-01
4.1850E-03  1.1440E+02  1.1411E+02  2.8930E-01
4.1863E-03  1.1350E+02  1.1321E+02  2.8930E-01
4.1875E-03  1.1339E+02  1.1310E+02  2.8931E-01
4.1887E-03  1.1358E+02  1.1329E+02  2.8931E-01
4.1900E-03  1.1313E+02  1.1284E+02  2.8932E-01
4.1913E-03  1.1303E+02  1.1274E+02  2.8932E-01
4.1925E-03  1.1319E+02  1.1290E+02  2.8932E-01
4.1937E-03  1.1284E+02  1.1255E+02  2.8933E-01
4.1950E-03  1.1275E+02  1.1246E+02  2.8933E-01
4.1963E-03  1.1305E+02  1.1276E+02  2.8933E-01
4.1975E-03  1.1258E+02  1.1229E+02  2.8934E-01
4.1988E-03  1.1244E+02  1.1215E+02  2.8934E-01
4.2000E-03  1.1234E+02  1.1205E+02  2.8934E-01
4.2013E-03  1.1224E+02  1.1195E+02  2.8935E-01
4.2025E-03  1.1215E+02  1.1186E+02  2.8935E-01
4.2038E-03  1.1205E+02  1.1176E+02  2.8936E-01
4.2050E-03  1.1196E+02  1.1167E+02  2.8936E-01
4.2062E-03  1.1186E+02  1.1158E+02  2.8936E-01
4.2075E-03  1.1177E+02  1.1148E+02  2.8937E-01
4.2088E-03  1.1168E+02  1.1139E+02  2.8937E-01
4.2100E-03  1.1158E+02  1.1129E+02  2.8937E-01
4.2112E-03  1.1149E+02  1.1120E+02  2.8938E-01
4.2125E-03  1.1140E+02  1.1111E+02  2.8938E-01
4.2138E-03  1.1130E+02  1.1101E+02  2.8938E-01
4.2150E-03  1.1121E+02  1.1092E+02  2.8939E-01
4.2162E-03  1.1111E+02  1.1082E+02  2.8939E-01
4.2175E-03  1.1102E+02  1.1073E+02  2.8940E-01
4.2188E-03  1.1093E+02  1.1064E+02  2.8940E-01
4.2200E-03  1.1083E+02  1.1054E+02  2.8940E-01
4.2213E-03  1.1074E+02  1.1045E+02  2.8941E-01
4.2225E-03  1.1064E+02  1.1035E+02  2.8941E-01
4.2238E-03  1.1055E+02  1.1026E+02  2.8941E-01
4.2250E-03  1.1068E+02  1.1039E+02  2.8942E-01
4.2262E-03  1.1036E+02  1.1007E+02  2.8942E-01
4.2275E-03  1.1027E+02  1.0998E+02  2.8942E-01
4.2287E-03  1.1022E+02  1.0993E+02  2.8943E-01
4.2300E-03  1.1009E+02  1.0980E+02  2.8943E-01
4.2313E-03  1.0999E+02  1.0970E+02  2.8944E-01
4.2325E-03  1.0991E+02  1.0962E+02  2.8944E-01
4.2337E-03  1.0981E+02  1.0952E+02  2.8944E-01
4.2350E-03  1.0971E+02  1.0942E+02  2.8945E-01
4.2363E-03  1.0962E+02  1.0933E+02  2.8945E-01
4.2375E-03  1.0954E+02  1.0925E+02  2.8945E-01
4.2387E-03  1.0943E+02  1.0914E+02  2.8946E-01
4.2400E-03  1.0934E+02  1.0905E+02  2.8946E-01
4.2413E-03  1.0925E+02  1.0896E+02  2.8946E-01
4.2425E-03  1.0915E+02  1.0886E+02  2.8947E-01
4.2438E-03  1.0906E+02  1.0877E+02  2.8947E-01
4.2450E-03  1.0897E+02  1.0868E+02  2.8947E-01
4.2463E-03  1.0887E+02  1.0858E+02  2.8948E-01
4.2475E-03  1.0878E+02  1.0849E+02  2.8948E-01
4.2487E-03  1.0869E+02  1.0840E+02  2.8949E-01
4.2500E-03  1.0859E+02  1.0830E+02  2.8949E-01
4.2512E-03  1.0850E+02  1.0821E+02  2.8949E-01
4.2525E-03  1.0841E+02  1.0812E+02  2.8950E-01
4.2538E-03  1.0832E+02  1.0803E+02  2.8950E-01
4.2550E-03  1.0822E+02  1.0793E+02  2.8950E-01
4.2562E-03  1.0813E+02  1.0784E+02  2.8951E-01
4.2575E-03  1.0804E+02  1.0775E+02  2.8951E-01
4.2588E-03  1.0795E+02  1.0766E+02  2.8951E-01
4.2600E-03  1.0785E+02  1.0756E+02  2.8952E-01
4.2613E-03  1.0777E+02  1.0748E+02  2.8952E-01
4.2625E-03  1.0767E+02  1.0738E+02  2.8953E-01
4.2638E-03  1.0758E+02  1.0729E+02  2.8953E-01
4.2650E-03  1.0748E+02  1.0719E+02  2.8953E-01
4.2663E-03  1.0739E+02  1.0710E+02  2.8954E-01
4.2675E-03  1.0730E+02  1.0701E+02  2.8954E-01
4.2687E-03  1.0721E+02  1.0692E+02  2.8954E-01
4.2700E-03  1.0711E+02  1.0682E+02  2.8955E-01
4.2712E-03  1.0702E+02  1.0673E+02  2.8955E-01
4.2725E-03  1.0693E+02  1.0664E+02  2.8955E-01
4.2737E-03  1.0687E+02  1.0658E+02  2.8956E-01
4.2750E-03  1.0675E+02  1.0646E+02  2.8956E-01
4.2763E-03  1.0665E+02  1.0636E+02  2.8957E-01
4.2775E-03  1.0656E+02  1.0627E+02  2.8957E-01
4.2787E-03  1.0647E+02  1.0618E+02  2.8957E-01
4.2800E-03  1.0638E+02  1.0609E+02  2.8958E-01
4.2813E-03  1.0629E+02  1.0600E+02  2.8958E-01
4.2825E-03  1.0619E+02  1.0590E+02  2.8958E-01
4.2838E-03  1.0610E+02  1.0581E+02  2.8959E-01
4.2850E-03  1.0601E+02  1.0572E+02  2.8959E-01
4.2863E-03  1.0592E+02  1.0563E+02  2.8959E-01
4.2875E-03  1.0583E+02  1.0554E+02  2.8960E-01
4.2888E-03  1.0575E+02  1.0546E+02  2.8960E-01
4.2900E-03  1.0612E+02  1.0583E+02  2.8960E-01
4.2912E-03  1.0556E+02  1.0527E+02  2.8961E-01
4.2925E-03  1.0547E+02  1.0518E+02  2.8961E-01
4.2938E-03  1.0595E+02  1.0566E+02  2.8962E-01
4.2950E-03  1.0530E+02  1.0501E+02  2.8962E-01
4.2962E-03  1.0519E+02  1.0490E+02  2.8962E-01
4.2975E-03  1.0510E+02  1.0481E+02  2.8963E-01
4.2988E-03  1.0501E+02  1.0472E+02  2.8963E-01
4.3000E-03  1.0492E+02  1.0463E+02  2.8963E-01
4.3012E-03  1.0483E+02  1.0454E+02  2.8964E-01
4.3025E-03  1.0474E+02  1.0445E+02  2.8964E-01
4.3038E-03  1.0464E+02  1.0436E+02  2.8964E-01
4.3050E-03  1.0455E+02  1.0426E+02  2.8965E-01
4.3063E-03  1.0447E+02  1.0418E+02  2.8965E-01
4.3075E-03  1.0437E+02  1.0408E+02  2.8966E-01
4.3088E-03  1.0428E+02  1.0399E+02  2.8966E-01
4.3100E-03  1.0420E+02  1.0391E+02  2.8966E-01
4.3112E-03  1.0410E+02  1.0381E+02  2.8967E-01
4.3125E-03  1.0401E+02  1.0372E+02  2.8967E-01
4.3137E-03  1.0392E+02  1.0363E+02  2.8967E-01
4.3150E-03  1.0383E+02  1.0354E+02  2.8968E-01
4.3163E-03  1.0374E+02  1.0346E+02  2.8968E-01
4.3175E-03  1.0366E+02  1.0337E+02  2.8968E-01
4.3187E-03  1.0357E+02  1.0328E+02  2.8969E-01
4.3200E-03  1.0348E+02  1.0319E+02  2.8969E-01
4.3213E-03  1.0339E+02  1.0310E+02  2.8969E-01
4.3225E-03  1.0330E+02  1.0301E+02  2.8970E-01
4.3238E-03  1.0321E+02  1.0292E+02  2.8970E-01
4.3250E-03  1.0313E+02  1.0284E+02  2.8971E-01
4.3263E-03  1.0311E+02  1.0282E+02  2.8971E-01
4.3275E-03  1.0297E+02  1.0268E+02  2.8971E-01
4.3288E-03  1.0297E+02  1.0268E+02  2.8972E-01
4.3300E-03  1.0279E+02  1.0250E+02  2.8972E-01
4.3313E-03  1.0270E+02  1.0241E+02  2.8972E-01
4.3325E-03  1.0261E+02  1.0232E+02  2.8973E-01
4.3337E-03  1.0253E+02  1.0224E+02  2.8973E-01
4.3350E-03  1.0246E+02  1.0217E+02  2.8973E-01
4.3362E-03  1.0237E+02  1.0208E+02  2.8974E-01
4.3375E-03  1.0229E+02  1.0200E+02  2.8974E-01
4.3388E-03  1.0227E+02  1.0198E+02  2.8975E-01
4.3400E-03  1.0214E+02  1.0185E+02  2.8975E-01
4.3412E-03  1.0208E+02  1.0179E+02  2.8975E-01
4.3425E-03  1.0202E+02  1.0174E+02  2.8976E-01
4.3438E-03  1.0196E+02  1.0167E+02  2.8976E-01
4.3450E-03  1.0191E+02  1.0162E+02  2.8976E-01
4.3463E-03  1.0189E+02  1.0160E+02  2.8977E-01
4.3475E-03  1.0190E+02  1.0161E+02  2.8977E-01
4.3488E-03  1.0196E+02  1.0167E+02  2.8977E-01
4.3500E-03  1.0217E+02  1.0188E+02  2.8978E-01
4.3513E-03  1.0271E+02  1.0242E+02  2.8978E-01
4.3525E-03  1.0447E+02  1.0418E+02  2.8978E-01
4.3537E-03  1.1645E+02  1.1616E+02  2.8979E-01
4.3550E-03  5.7845E+02  5.7816E+02  2.8979E-01
4.3562E-03  1.0929E+02  1.0900E+02  2.8980E-01
4.3575E-03  1.0351E+02  1.0322E+02  2.8980E-01
4.3587E-03  1.0240E+02  1.0211E+02  2.8980E-01
4.3600E-03  1.0235E+02  1.0206E+02  2.8981E-01
4.3613E-03  1.0410E+02  1.0381E+02  2.8981E-01
4.3625E-03  1.4887E+02  1.4858E+02  2.8981E-01
4.3637E-03  1.1325E+02  1.1296E+02  2.8982E-01
4.3650E-03  1.0256E+02  1.0227E+02  2.8982E-01
4.3663E-03  1.0124E+02  1.0095E+02  2.8982E-01
4.3675E-03  1.0078E+02  1.0049E+02  2.8983E-01
4.3688E-03  1.0054E+02  1.0025E+02  2.8983E-01
4.3700E-03  1.0036E+02  1.0007E+02  2.8984E-01
4.3713E-03  1.0023E+02  9.9944E+01  2.8984E-01
4.3725E-03  1.0012E+02  9.9832E+01  2.8984E-01
4.3738E-03  1.0004E+02  9.9751E+01  2.8985E-01
4.3750E-03  1.0026E+02  9.9971E+01  2.8985E-01
4.3762E-03  9.9872E+01  9.9582E+01  2.8985E-01
4.3775E-03  9.9769E+01  9.9479E+01  2.8986E-01
4.3787E-03  9.9753E+01  9.9464E+01  2.8986E-01
4.3800E-03  9.9627E+01  9.9337E+01  2.8986E-01
4.3812E-03  9.9528E+01  9.9238E+01  2.8987E-01
4.3825E-03  9.9459E+01  9.9169E+01  2.8987E-01
4.3838E-03  9.9395E+01  9.9105E+01  2.8987E-01
4.3850E-03  9.9310E+01  9.9020E+01  2.8988E-01
4.3863E-03  9.9242E+01  9.8952E+01  2.8988E-01
4.3875E-03  9.9177E+01  9.8887E+01  2.8989E-01
4.3888E-03  9.9113E+01  9.8823E+01  2.8989E-01
4.3900E-03  9.9053E+01  9.8763E+01  2.8989E-01
4.3913E-03  1.0015E+02  9.9859E+01  2.8990E-01
4.3925E-03  9.8937E+01  9.8647E+01  2.8990E-01
4.3938E-03  9.8879E+01  9.8589E+01  2.8990E-01
4.3950E-03  9.8834E+01  9.8544E+01  2.8991E-01
4.3962E-03  9.8776E+01  9.8486E+01  2.8991E-01
4.3975E-03  9.8727E+01  9.8437E+01  2.8991E-01
4.3987E-03  9.8684E+01  9.8394E+01  2.8992E-01
4.4000E-03  9.8645E+01  9.8355E+01  2.8992E-01
4.4012E-03  9.8608E+01  9.8318E+01  2.8993E-01
4.4025E-03  9.8604E+01  9.8314E+01  2.8993E-01
4.4037E-03  9.8888E+01  9.8598E+01  2.8993E-01
4.4050E-03  9.8530E+01  9.8240E+01  2.8994E-01
4.4063E-03  9.8509E+01  9.8220E+01  2.8994E-01
4.4075E-03  9.9622E+01  9.9332E+01  2.8994E-01
4.4088E-03  9.8486E+01  9.8196E+01  2.8995E-01
4.4100E-03  9.8466E+01  9.8177E+01  2.8995E-01
4.4113E-03  9.8491E+01  9.8201E+01  2.8995E-01
4.4125E-03  9.8488E+01  9.8198E+01  2.8996E-01
4.4138E-03  9.8511E+01  9.8221E+01  2.8996E-01
4.4150E-03  9.8555E+01  9.8266E+01  2.8996E-01
4.4163E-03  9.8614E+01  9.8324E+01  2.8997E-01
4.4175E-03  9.8677E+01  9.8387E+01  2.8997E-01
4.4187E-03  9.8770E+01  9.8480E+01  2.8998E-01
4.4200E-03  9.8928E+01  9.8638E+01  2.8998E-01
4.4212E-03  9.9031E+01  9.8741E+01  2.8998E-01
4.4225E-03  9.9211E+01  9.8921E+01  2.8999E-01
4.4237E-03  1.0062E+02  1.0033E+02  2.8999E-01
4.4250E-03  9.9711E+01  9.9421E+01  2.8999E-01
4.4262E-03  1.0005E+02  9.9765E+01  2.9000E-01
4.4275E-03  1.0050E+02  1.0021E+02  2.9000E-01
4.4288E-03  1.0103E+02  1.0074E+02  2.9000E-01
4.4300E-03  1.0172E+02  1.0143E+02  2.9001E-01
4.4313E-03  1.0262E+02  1.0233E+02  2.9001E-01
4.4325E-03  1.0380E+02  1.0351E+02  2.9002E-01
4.4338E-03  1.0538E+02  1.0509E+02  2.9002E-01
4.4350E-03  1.0762E+02  1.0733E+02  2.9002E-01
4.4363E-03  1.1100E+02  1.1071E+02  2.9003E-01
4.4375E-03  1.1597E+02  1.1568E+02  2.9003E-01
4.4387E-03  1.2466E+02  1.2437E+02  2.9003E-01
4.4400E-03  1.6065E+02  1.6036E+02  2.9004E-01
4.4412E-03  1.8410E+02  1.8381E+02  2.9004E-01
4.4425E-03  3.5609E+02  3.5580E+02  2.9004E-01
4.4437E-03  5.1799E+03  5.1796E+03  2.9005E-01
4.4450E-03  9.3005E+02  9.2976E+02  2.9005E-01
4.4463E-03  2.7073E+02  2.7044E+02  2.9005E-01
4.4475E-03  2.0798E+02  2.0769E+02  2.9006E-01
4.4488E-03  2.3059E+02  2.3030E+02  2.9006E-01
4.4500E-03  3.7174E+02  3.7145E+02  2.9007E-01
4.4513E-03  1.4535E+03  1.4532E+03  2.9007E-01
4.4525E-03  1.8082E+04  1.8081E+04  2.9007E-01
4.4538E-03  6.5655E+02  6.5626E+02  2.9008E-01
4.4550E-03  2.6714E+02  2.6685E+02  2.9008E-01
4.4563E-03  2.0631E+02  2.0602E+02  2.9008E-01
4.4575E-03  1.4416E+02  1.4387E+02  2.9009E-01
4.4588E-03  1.2748E+02  1.2719E+02  2.9009E-01
4.4600E-03  1.1803E+02  1.1774E+02  2.9009E-01
4.4612E-03  1.1211E+02  1.1182E+02  2.9010E-01
4.4625E-03  1.0814E+02  1.0785E+02  2.9010E-01
4.4637E-03  1.0534E+02  1.0505E+02  2.9011E-01
4.4650E-03  1.0327E+02  1.0298E+02  2.9011E-01
4.4662E-03  1.0170E+02  1.0141E+02  2.9011E-01
4.4675E-03  1.0047E+02  1.0018E+02  2.9012E-01
4.4688E-03  9.9487E+01  9.9197E+01  2.9012E-01
4.4700E-03  9.8673E+01  9.8383E+01  2.9012E-01
4.4713E-03  9.8004E+01  9.7714E+01  2.9013E-01
4.4725E-03  9.8098E+01  9.7808E+01  2.9013E-01
4.4738E-03  9.6974E+01  9.6684E+01  2.9013E-01
4.4750E-03  9.6627E+01  9.6336E+01  2.9014E-01
4.4763E-03  9.8591E+01  9.8301E+01  2.9014E-01
4.4775E-03  9.6148E+01  9.5858E+01  2.9015E-01
4.4788E-03  9.5613E+01  9.5323E+01  2.9015E-01
4.4800E-03  9.5508E+01  9.5218E+01  2.9015E-01
4.4812E-03  9.5287E+01  9.4997E+01  2.9016E-01
4.4825E-03  9.4851E+01  9.4561E+01  2.9016E-01
4.4837E-03  9.4637E+01  9.4346E+01  2.9016E-01
4.4850E-03  9.4459E+01  9.4169E+01  2.9017E-01
4.4862E-03  9.4281E+01  9.3991E+01  2.9017E-01
4.4875E-03  9.4127E+01  9.3837E+01  2.9017E-01
4.4887E-03  9.5476E+01  9.5186E+01  2.9018E-01
4.4900E-03  9.3857E+01  9.3567E+01  2.9018E-01
4.4913E-03  9.3742E+01  9.3452E+01  2.9018E-01
4.4925E-03  9.3673E+01  9.3383E+01  2.9019E-01
4.4938E-03  9.3551E+01  9.3261E+01  2.9019E-01
4.4950E-03  9.3472E+01  9.3181E+01  2.9020E-01
4.4963E-03  9.3421E+01  9.3131E+01  2.9020E-01
4.4975E-03  9.3391E+01  9.3101E+01  2.9020E-01
4.4988E-03  9.3390E+01  9.3100E+01  2.9021E-01
4.5000E-03  9.3450E+01  9.3160E+01  2.9021E-01
4.5013E-03  9.3608E+01  9.3318E+01  2.9021E-01
4.5025E-03  9.3955E+01  9.3665E+01  2.9022E-01
4.5037E-03  9.4525E+01  9.4235E+01  2.9022E-01
4.5050E-03  1.0038E+02  1.0009E+02  2.9022E-01
4.5062E-03  9.9529E+01  9.9239E+01  2.9023E-01
4.5075E-03  1.1547E+02  1.1518E+02  2.9023E-01
4.5087E-03  7.0222E+02  7.0193E+02  2.9024E-01
4.5100E-03  1.5567E+02  1.5538E+02  2.9024E-01
4.5113E-03  1.0426E+02  1.0397E+02  2.9024E-01
4.5125E-03  9.7727E+01  9.7437E+01  2.9025E-01
4.5138E-03  9.6569E+01  9.6278E+01  2.9025E-01
4.5150E-03  9.9080E+01  9.8790E+01  2.9025E-01
4.5163E-03  1.2554E+02  1.2525E+02  2.9026E-01
4.5175E-03  3.6805E+02  3.6776E+02  2.9026E-01
4.5188E-03  1.0329E+02  1.0300E+02  2.9026E-01
4.5200E-03  9.5213E+01  9.4923E+01  2.9027E-01
4.5213E-03  9.8234E+01  9.7944E+01  2.9027E-01
4.5225E-03  9.2348E+01  9.2058E+01  2.9028E-01
4.5237E-03  9.1875E+01  9.1585E+01  2.9028E-01
4.5250E-03  9.1567E+01  9.1276E+01  2.9028E-01
4.5262E-03  9.1340E+01  9.1050E+01  2.9029E-01
4.5275E-03  9.1162E+01  9.0872E+01  2.9029E-01
4.5287E-03  9.1016E+01  9.0726E+01  2.9029E-01
4.5300E-03  9.0895E+01  9.0605E+01  2.9030E-01
4.5312E-03  9.0811E+01  9.0521E+01  2.9030E-01
4.5325E-03  9.0950E+01  9.0660E+01  2.9030E-01
4.5338E-03  9.2224E+01  9.1934E+01  2.9031E-01
4.5350E-03  9.0578E+01  9.0288E+01  2.9031E-01
4.5363E-03  9.0519E+01  9.0228E+01  2.9032E-01
4.5375E-03  1.0392E+02  1.0363E+02  2.9032E-01
4.5388E-03  9.0307E+01  9.0016E+01  2.9032E-01
4.5400E-03  9.0124E+01  8.9833E+01  2.9033E-01
4.5413E-03  9.0021E+01  8.9730E+01  2.9033E-01
4.5425E-03  8.9932E+01  8.9641E+01  2.9033E-01
4.5438E-03  8.9848E+01  8.9558E+01  2.9034E-01
4.5450E-03  8.9768E+01  8.9477E+01  2.9034E-01
4.5462E-03  8.9689E+01  8.9399E+01  2.9034E-01
4.5475E-03  8.9611E+01  8.9321E+01  2.9035E-01
4.5487E-03  8.9535E+01  8.9245E+01  2.9035E-01
4.5500E-03  8.9460E+01  8.9169E+01  2.9036E-01
4.5512E-03  8.9385E+01  8.9095E+01  2.9036E-01
4.5525E-03  8.9311E+01  8.9021E+01  2.9036E-01
4.5537E-03  8.9250E+01  8.8959E+01  2.9037E-01
4.5550E-03  8.9166E+01  8.8875E+01  2.9037E-01
4.5563E-03  8.9093E+01  8.8803E+01  2.9037E-01
4.5575E-03  8.9022E+01  8.8732E+01  2.9038E-01
4.5588E-03  8.8951E+01  8.8660E+01  2.9038E-01
4.5600E-03  8.8880E+01  8.8589E+01  2.9038E-01
4.5613E-03  8.8809E+01  8.8519E+01  2.9039E-01
4.5625E-03  8.8739E+01  8.8449E+01  2.9039E-01
4.5638E-03  8.8670E+01  8.8379E+01  2.9040E-01
4.5650E-03  8.8600E+01  8.8310E+01  2.9040E-01
4.5662E-03  8.8532E+01  8.8241E+01  2.9040E-01
4.5675E-03  8.8462E+01  8.8172E+01  2.9041E-01
4.5687E-03  8.8394E+01  8.8103E+01  2.9041E-01
4.5700E-03  8.8351E+01  8.8061E+01  2.9041E-01
4.5712E-03  8.8258E+01  8.7967E+01  2.9042E-01
4.5725E-03  8.8190E+01  8.7899E+01  2.9042E-01
4.5738E-03  8.8122E+01  8.7832E+01  2.9042E-01
4.5750E-03  8.8058E+01  8.7767E+01  2.9043E-01
4.5763E-03  8.7988E+01  8.7697E+01  2.9043E-01
4.5775E-03  8.7921E+01  8.7630E+01  2.9044E-01
4.5788E-03  8.7854E+01  8.7564E+01  2.9044E-01
4.5800E-03  8.7787E+01  8.7497E+01  2.9044E-01
4.5813E-03  8.7724E+01  8.7433E+01  2.9045E-01
4.5825E-03  8.7655E+01  8.7365E+01  2.9045E-01
4.5838E-03  8.7589E+01  8.7298E+01  2.9045E-01
4.5850E-03  8.7523E+01  8.7232E+01  2.9046E-01
4.5863E-03  8.7457E+01  8.7167E+01  2.9046E-01
4.5875E-03  8.7392E+01  8.7101E+01  2.9047E-01
4.5887E-03  8.7326E+01  8.7036E+01  2.9047E-01
4.5900E-03  8.7261E+01  8.6971E+01  2.9047E-01
4.5912E-03  8.7196E+01  8.6906E+01  2.9048E-01
4.5925E-03  8.7131E+01  8.6841E+01  2.9048E-01
4.5937E-03  8.7070E+01  8.6780E+01  2.9048E-01
4.5950E-03  8.7004E+01  8.6713E+01  2.9049E-01
4.5963E-03  8.6937E+01  8.6647E+01  2.9049E-01
4.5975E-03  8.6873E+01  8.6582E+01  2.9049E-01
4.5988E-03  8.6809E+01  8.6518E+01  2.9050E-01
4.6000E-03  8.6744E+01  8.6454E+01  2.9050E-01
4.6013E-03  8.6680E+01  8.6390E+01  2.9051E-01
4.6025E-03  8.6620E+01  8.6330E+01  2.9051E-01
4.6038E-03  8.6553E+01  8.6263E+01  2.9051E-01
4.6050E-03  8.6491E+01  8.6200E+01  2.9052E-01
4.6063E-03  8.6434E+01  8.6144E+01  2.9052E-01
4.6075E-03  8.6385E+01  8.6094E+01  2.9052E-01
4.6087E-03  8.6302E+01  8.6011E+01  2.9053E-01
4.6100E-03  8.6237E+01  8.5946E+01  2.9053E-01
4.6112E-03  8.6173E+01  8.5882E+01  2.9053E-01
4.6125E-03  8.6110E+01  8.5819E+01  2.9054E-01
4.6137E-03  8.6047E+01  8.5756E+01  2.9054E-01
4.6150E-03  8.5985E+01  8.5694E+01  2.9055E-01
4.6162E-03  8.5922E+01  8.5631E+01  2.9055E-01
4.6175E-03  8.5861E+01  8.5570E+01  2.9055E-01
4.6188E-03  8.6386E+01  8.6095E+01  2.9056E-01
4.6200E-03  8.5736E+01  8.5445E+01  2.9056E-01
4.6213E-03  8.5672E+01  8.5382E+01  2.9056E-01
4.6225E-03  8.5612E+01  8.5322E+01  2.9057E-01
4.6238E-03  8.5548E+01  8.5257E+01  2.9057E-01
4.6250E-03  8.5486E+01  8.5195E+01  2.9058E-01
4.6263E-03  8.5424E+01  8.5133E+01  2.9058E-01
4.6275E-03  8.5362E+01  8.5071E+01  2.9058E-01
4.6288E-03  8.5300E+01  8.5010E+01  2.9059E-01
4.6300E-03  8.5239E+01  8.4948E+01  2.9059E-01
4.6312E-03  8.5177E+01  8.4887E+01  2.9059E-01
4.6325E-03  8.5116E+01  8.4825E+01  2.9060E-01
4.6337E-03  8.5054E+01  8.4764E+01  2.9060E-01
4.6350E-03  8.4993E+01  8.4703E+01  2.9060E-01
4.6363E-03  8.4932E+01  8.4642E+01  2.9061E-01
4.6375E-03  8.4871E+01  8.4581E+01  2.9061E-01
4.6387E-03  8.4810E+01  8.4520E+01  2.9062E-01
4.6400E-03  8.4751E+01  8.4460E+01  2.9062E-01
4.6413E-03  8.4689E+01  8.4399E+01  2.9062E-01
4.6425E-03  8.4629E+01  8.4339E+01  2.9063E-01
4.6438E-03  8.4571E+01  8.4280E+01  2.9063E-01
4.6450E-03  8.4515E+01  8.4225E+01  2.9063E-01
4.6463E-03  8.4486E+01  8.4196E+01  2.9064E-01
4.6475E-03  8.4476E+01  8.4185E+01  2.9064E-01
4.6488E-03  8.4343E+01  8.4052E+01  2.9065E-01
4.6500E-03  8.4289E+01  8.3998E+01  2.9065E-01
4.6513E-03  8.4357E+01  8.4066E+01  2.9065E-01
4.6525E-03  8.4160E+01  8.3869E+01  2.9066E-01
4.6537E-03  8.4090E+01  8.3799E+01  2.9066E-01
4.6550E-03  8.4047E+01  8.3756E+01  2.9066E-01
4.6562E-03  8.3966E+01  8.3675E+01  2.9067E-01
4.6575E-03  8.3906E+01  8.3615E+01  2.9067E-01
4.6588E-03  8.3846E+01  8.3555E+01  2.9067E-01
4.6600E-03  8.3786E+01  8.3496E+01  2.9068E-01
4.6612E-03  8.3726E+01  8.3435E+01  2.9068E-01
4.6625E-03  8.3667E+01  8.3376E+01  2.9069E-01
4.6638E-03  8.3607E+01  8.3316E+01  2.9069E-01
4.6650E-03  8.3548E+01  8.3257E+01  2.9069E-01
4.6663E-03  8.3488E+01  8.3198E+01  2.9070E-01
4.6675E-03  8.3430E+01  8.3139E+01  2.9070E-01
4.6688E-03  8.3370E+01  8.3079E+01  2.9070E-01
4.6700E-03  8.3311E+01  8.3020E+01  2.9071E-01
4.6713E-03  8.3253E+01  8.2962E+01  2.9071E-01
4.6725E-03  8.3194E+01  8.2904E+01  2.9072E-01
4.6737E-03  8.3139E+01  8.2848E+01  2.9072E-01
4.6750E-03  8.3083E+01  8.2792E+01  2.9072E-01
4.6762E-03  8.3019E+01  8.2728E+01  2.9073E-01
4.6775E-03  8.2960E+01  8.2669E+01  2.9073E-01
4.6787E-03  8.2900E+01  8.2609E+01  2.9073E-01
4.6800E-03  8.2842E+01  8.2551E+01  2.9074E-01
4.6813E-03  8.2784E+01  8.2493E+01  2.9074E-01
4.6825E-03  8.2728E+01  8.2437E+01  2.9075E-01
4.6837E-03  8.2703E+01  8.2412E+01  2.9075E-01
4.6850E-03  8.2611E+01  8.2320E+01  2.9075E-01
4.6863E-03  8.2552E+01  8.2261E+01  2.9076E-01
4.6875E-03  8.2511E+01  8.2220E+01  2.9076E-01
4.6888E-03  8.2436E+01  8.2145E+01  2.9076E-01
4.6900E-03  8.2377E+01  8.2086E+01  2.9077E-01
4.6913E-03  8.2321E+01  8.2030E+01  2.9077E-01
4.6925E-03  8.2262E+01  8.1971E+01  2.9077E-01
4.6938E-03  8.2203E+01  8.1912E+01  2.9078E-01
4.6950E-03  8.2145E+01  8.1855E+01  2.9078E-01
4.6962E-03  8.2088E+01  8.1797E+01  2.9079E-01
4.6975E-03  8.2031E+01  8.1740E+01  2.9079E-01
4.6988E-03  8.1973E+01  8.1683E+01  2.9079E-01
4.7000E-03  8.1916E+01  8.1626E+01  2.9080E-01
4.7012E-03  8.1859E+01  8.1569E+01  2.9080E-01
4.7025E-03  8.1803E+01  8.1512E+01  2.9080E-01
4.7038E-03  8.1746E+01  8.1455E+01  2.9081E-01
4.7050E-03  8.1690E+01  8.1399E+01  2.9081E-01
4.7062E-03  8.1634E+01  8.1343E+01  2.9082E-01
4.7075E-03  8.1579E+01  8.1288E+01  2.9082E-01
4.7088E-03  8.1524E+01  8.1233E+01  2.9082E-01
4.7100E-03  8.1470E+01  8.1179E+01  2.9083E-01
4.7113E-03  8.1417E+01  8.1126E+01  2.9083E-01
4.7125E-03  8.1367E+01  8.1076E+01  2.9083E-01
4.7138E-03  8.1321E+01  8.1030E+01  2.9084E-01
4.7150E-03  8.1285E+01  8.0994E+01  2.9084E-01
4.7162E-03  8.1271E+01  8.0980E+01  2.9085E-01
4.7175E-03  8.1330E+01  8.1039E+01  2.9085E-01
4.7187E-03  8.1814E+01  8.1523E+01  2.9085E-01
4.7200E-03  1.2646E+02  1.2617E+02  2.9086E-01
4.7213E-03  8.2110E+01  8.1820E+01  2.9086E-01
4.7225E-03  8.1174E+01  8.0883E+01  2.9086E-01
4.7237E-03  8.1093E+01  8.0802E+01  2.9087E-01
4.7250E-03  8.0904E+01  8.0613E+01  2.9087E-01
4.7263E-03  8.0772E+01  8.0481E+01  2.9088E-01
4.7275E-03  8.0695E+01  8.0404E+01  2.9088E-01
4.7288E-03  8.0629E+01  8.0338E+01  2.9088E-01
4.7300E-03  8.0567E+01  8.0276E+01  2.9089E-01
4.7313E-03  8.0507E+01  8.0216E+01  2.9089E-01
4.7325E-03  8.0449E+01  8.0158E+01  2.9089E-01
4.7338E-03  8.0391E+01  8.0100E+01  2.9090E-01
4.7350E-03  8.0334E+01  8.0043E+01  2.9090E-01
4.7363E-03  8.0279E+01  7.9988E+01  2.9091E-01
4.7375E-03  8.0262E+01  7.9971E+01  2.9091E-01
4.7387E-03  8.0164E+01  7.9873E+01  2.9091E-01
4.7400E-03  8.0107E+01  7.9816E+01  2.9092E-01
4.7412E-03  8.0051E+01  7.9760E+01  2.9092E-01
4.7425E-03  7.9996E+01  7.9705E+01  2.9092E-01
4.7438E-03  7.9939E+01  7.9648E+01  2.9093E-01
4.7450E-03  7.9883E+01  7.9592E+01  2.9093E-01
4.7462E-03  7.9828E+01  7.9537E+01  2.9094E-01
4.7475E-03  7.9772E+01  7.9481E+01  2.9094E-01
4.7488E-03  7.9717E+01  7.9426E+01  2.9094E-01
4.7500E-03  7.9661E+01  7.9370E+01  2.9095E-01
4.7513E-03  7.9606E+01  7.9315E+01  2.9095E-01
4.7525E-03  7.9551E+01  7.9260E+01  2.9095E-01
4.7538E-03  7.9495E+01  7.9204E+01  2.9096E-01
4.7550E-03  7.9440E+01  7.9149E+01  2.9096E-01
4.7563E-03  7.9385E+01  7.9094E+01  2.9097E-01
4.7575E-03  7.9330E+01  7.9039E+01  2.9097E-01
4.7587E-03  7.9275E+01  7.8984E+01  2.9097E-01
4.7600E-03  7.9220E+01  7.8930E+01  2.9098E-01
4.7613E-03  7.9166E+01  7.8875E+01  2.9098E-01
4.7625E-03  7.9110E+01  7.8819E+01  2.9099E-01
4.7637E-03  7.9056E+01  7.8765E+01  2.9099E-01
4.7650E-03  7.9001E+01  7.8710E+01  2.9099E-01
4.7663E-03  7.8947E+01  7.8656E+01  2.9100E-01
4.7675E-03  7.8892E+01  7.8601E+01  2.9100E-01
4.7687E-03  7.8837E+01  7.8546E+01  2.9100E-01
4.7700E-03  7.8783E+01  7.8492E+01  2.9101E-01
4.7713E-03  7.8728E+01  7.8437E+01  2.9101E-01
4.7725E-03  7.8674E+01  7.8383E+01  2.9102E-01
4.7738E-03  7.8620E+01  7.8328E+01  2.9102E-01
4.7750E-03  7.8565E+01  7.8274E+01  2.9102E-01
4.7763E-03  7.8511E+01  7.8220E+01  2.9103E-01
4.7775E-03  7.8457E+01  7.8166E+01  2.9103E-01
4.7788E-03  7.8403E+01  7.8112E+01  2.9103E-01
4.7800E-03  7.8350E+01  7.8059E+01  2.9104E-01
4.7812E-03  7.8297E+01  7.8006E+01  2.9104E-01
4.7825E-03  7.8246E+01  7.7955E+01  2.9105E-01
4.7838E-03  7.8201E+01  7.7910E+01  2.9105E-01
4.7850E-03  7.8197E+01  7.7906E+01  2.9105E-01
4.7862E-03  7.8099E+01  7.7807E+01  2.9106E-01
4.7875E-03  7.8039E+01  7.7748E+01  2.9106E-01
4.7888E-03  7.8011E+01  7.7720E+01  2.9106E-01
4.7900E-03  7.7938E+01  7.7647E+01  2.9107E-01
4.7912E-03  7.7870E+01  7.7579E+01  2.9107E-01
4.7925E-03  7.7813E+01  7.7522E+01  2.9108E-01
4.7938E-03  7.7758E+01  7.7467E+01  2.9108E-01
4.7950E-03  7.7705E+01  7.7413E+01  2.9108E-01
4.7963E-03  7.7653E+01  7.7362E+01  2.9109E-01
4.7975E-03  7.7607E+01  7.7316E+01  2.9109E-01
4.7988E-03  7.7545E+01  7.7254E+01  2.9110E-01
4.8000E-03  7.7491E+01  7.7200E+01  2.9110E-01
4.8012E-03  7.7443E+01  7.7152E+01  2.9110E-01
4.8025E-03  7.7384E+01  7.7093E+01  2.9111E-01
4.8037E-03  7.7343E+01  7.7051E+01  2.9111E-01
4.8050E-03  7.7278E+01  7.6987E+01  2.9111E-01
4.8063E-03  7.7224E+01  7.6933E+01  2.9112E-01
4.8075E-03  7.7170E+01  7.6879E+01  2.9112E-01
4.8087E-03  7.7127E+01  7.6836E+01  2.9113E-01
4.8100E-03  7.7064E+01  7.6773E+01  2.9113E-01
4.8113E-03  7.7011E+01  7.6720E+01  2.9113E-01
4.8125E-03  7.6958E+01  7.6667E+01  2.9114E-01
4.8137E-03  7.6906E+01  7.6615E+01  2.9114E-01
4.8150E-03  7.6854E+01  7.6563E+01  2.9114E-01
4.8163E-03  7.6801E+01  7.6510E+01  2.9115E-01
4.8175E-03  7.6748E+01  7.6457E+01  2.9115E-01
4.8188E-03  7.6696E+01  7.6405E+01  2.9116E-01
4.8200E-03  7.6644E+01  7.6353E+01  2.9116E-01
4.8213E-03  7.6593E+01  7.6302E+01  2.9116E-01
4.8225E-03  7.6542E+01  7.6251E+01  2.9117E-01
4.8238E-03  7.6493E+01  7.6202E+01  2.9117E-01
4.8250E-03  7.6446E+01  7.6155E+01  2.9118E-01
4.8262E-03  7.6405E+01  7.6114E+01  2.9118E-01
4.8275E-03  7.6383E+01  7.6092E+01  2.9118E-01
4.8288E-03  7.6462E+01  7.6171E+01  2.9119E-01
4.8300E-03  7.6810E+01  7.6519E+01  2.9119E-01
4.8312E-03  7.6300E+01  7.6009E+01  2.9119E-01
4.8325E-03  7.6251E+01  7.5960E+01  2.9120E-01
4.8338E-03  7.6657E+01  7.6366E+01  2.9120E-01
4.8350E-03  7.6134E+01  7.5842E+01  2.9121E-01
4.8362E-03  7.6002E+01  7.5711E+01  2.9121E-01
4.8375E-03  7.5929E+01  7.5638E+01  2.9121E-01
4.8388E-03  7.5869E+01  7.5578E+01  2.9122E-01
4.8400E-03  7.5813E+01  7.5522E+01  2.9122E-01
4.8413E-03  7.5758E+01  7.5467E+01  2.9123E-01
4.8425E-03  7.5705E+01  7.5414E+01  2.9123E-01
4.8437E-03  7.5652E+01  7.5361E+01  2.9123E-01
4.8450E-03  7.5600E+01  7.5309E+01  2.9124E-01
4.8463E-03  7.5548E+01  7.5257E+01  2.9124E-01
4.8475E-03  7.5496E+01  7.5204E+01  2.9124E-01
4.8487E-03  7.5444E+01  7.5152E+01  2.9125E-01
4.8500E-03  7.5392E+01  7.5101E+01  2.9125E-01
4.8513E-03  7.5340E+01  7.5049E+01  2.9126E-01
4.8525E-03  7.5288E+01  7.4997E+01  2.9126E-01
4.8537E-03  7.5237E+01  7.4946E+01  2.9126E-01
4.8550E-03  7.5186E+01  7.4894E+01  2.9127E-01
4.8563E-03  7.5134E+01  7.4843E+01  2.9127E-01
4.8575E-03  7.5084E+01  7.4792E+01  2.9128E-01
4.8587E-03  7.5033E+01  7.4742E+01  2.9128E-01
4.8600E-03  7.4984E+01  7.4693E+01  2.9128E-01
4.8613E-03  7.4950E+01  7.4658E+01  2.9129E-01
4.8625E-03  7.5062E+01  7.4770E+01  2.9129E-01
4.8638E-03  7.4836E+01  7.4544E+01  2.9130E-01
4.8650E-03  7.4780E+01  7.4488E+01  2.9130E-01
4.8662E-03  7.4728E+01  7.4437E+01  2.9130E-01
4.8675E-03  7.4679E+01  7.4388E+01  2.9131E-01
4.8688E-03  7.4633E+01  7.4342E+01  2.9131E-01
4.8700E-03  7.4600E+01  7.4309E+01  2.9131E-01
4.8712E-03  7.4540E+01  7.4249E+01  2.9132E-01
4.8725E-03  7.4482E+01  7.4191E+01  2.9132E-01
4.8738E-03  7.4437E+01  7.4146E+01  2.9133E-01
4.8750E-03  7.4386E+01  7.4094E+01  2.9133E-01
4.8762E-03  7.4325E+01  7.4034E+01  2.9133E-01
4.8775E-03  7.4271E+01  7.3980E+01  2.9134E-01
4.8788E-03  7.4219E+01  7.3928E+01  2.9134E-01
4.8800E-03  7.4168E+01  7.3877E+01  2.9135E-01
4.8813E-03  7.4117E+01  7.3826E+01  2.9135E-01
4.8825E-03  7.4067E+01  7.3776E+01  2.9135E-01
4.8838E-03  7.4017E+01  7.3725E+01  2.9136E-01
4.8850E-03  7.3967E+01  7.3675E+01  2.9136E-01
4.8863E-03  7.3917E+01  7.3625E+01  2.9137E-01
4.8875E-03  7.3867E+01  7.3576E+01  2.9137E-01
4.8887E-03  7.3817E+01  7.3526E+01  2.9137E-01
4.8900E-03  7.3768E+01  7.3477E+01  2.9138E-01
4.8913E-03  7.3720E+01  7.3429E+01  2.9138E-01
4.8925E-03  7.3673E+01  7.3381E+01  2.9138E-01
4.8937E-03  7.3627E+01  7.3336E+01  2.9139E-01
4.8950E-03  7.3586E+01  7.3295E+01  2.9139E-01
4.8963E-03  7.3556E+01  7.3264E+01  2.9140E-01
4.8975E-03  7.3565E+01  7.3274E+01  2.9140E-01
4.8987E-03  7.3685E+01  7.3394E+01  2.9140E-01
4.9000E-03  7.3482E+01  7.3190E+01  2.9141E-01
4.9013E-03  7.3409E+01  7.3117E+01  2.9141E-01
4.9025E-03  7.3468E+01  7.3176E+01  2.9142E-01
4.9038E-03  7.3326E+01  7.3035E+01  2.9142E-01
4.9050E-03  7.3208E+01  7.2916E+01  2.9142E-01
4.9063E-03  7.3137E+01  7.2846E+01  2.9143E-01
4.9075E-03  7.3079E+01  7.2787E+01  2.9143E-01
4.9088E-03  7.3025E+01  7.2733E+01  2.9144E-01
4.9100E-03  7.2972E+01  7.2681E+01  2.9144E-01
4.9112E-03  7.2921E+01  7.2630E+01  2.9144E-01
4.9125E-03  7.2870E+01  7.2579E+01  2.9145E-01
4.9138E-03  7.2820E+01  7.2529E+01  2.9145E-01
4.9150E-03  7.2771E+01  7.2479E+01  2.9146E-01
4.9162E-03  7.2721E+01  7.2429E+01  2.9146E-01
4.9175E-03  7.2672E+01  7.2380E+01  2.9146E-01
4.9188E-03  7.2623E+01  7.2332E+01  2.9147E-01
4.9200E-03  7.2574E+01  7.2282E+01  2.9147E-01
4.9212E-03  7.2524E+01  7.2232E+01  2.9148E-01
4.9225E-03  7.2475E+01  7.2183E+01  2.9148E-01
4.9238E-03  7.2426E+01  7.2135E+01  2.9148E-01
4.9250E-03  7.2378E+01  7.2087E+01  2.9149E-01
4.9263E-03  7.2333E+01  7.2042E+01  2.9149E-01
4.9275E-03  7.2286E+01  7.1995E+01  2.9150E-01
4.9287E-03  7.2234E+01  7.1943E+01  2.9150E-01
4.9300E-03  7.2186E+01  7.1894E+01  2.9150E-01
4.9313E-03  7.2138E+01  7.1847E+01  2.9151E-01
4.9325E-03  7.2086E+01  7.1795E+01  2.9151E-01
4.9337E-03  7.2035E+01  7.1743E+01  2.9151E-01
4.9350E-03  7.1985E+01  7.1694E+01  2.9152E-01
4.9363E-03  7.1937E+01  7.1645E+01  2.9152E-01
4.9375E-03  7.1889E+01  7.1597E+01  2.9153E-01
4.9387E-03  7.1840E+01  7.1549E+01  2.9153E-01
4.9400E-03  7.1793E+01  7.1501E+01  2.9153E-01
4.9413E-03  7.1746E+01  7.1455E+01  2.9154E-01
4.9425E-03  7.1702E+01  7.1410E+01  2.9154E-01
4.9437E-03  7.1660E+01  7.1369E+01  2.9155E-01
4.9450E-03  7.1626E+01  7.1334E+01  2.9155E-01
4.9463E-03  7.1611E+01  7.1319E+01  2.9155E-01
4.9475E-03  7.1608E+01  7.1317E+01  2.9156E-01
4.9488E-03  7.1523E+01  7.1232E+01  2.9156E-01
4.9500E-03  7.1465E+01  7.1174E+01  2.9157E-01
4.9512E-03  7.1444E+01  7.1153E+01  2.9157E-01
4.9525E-03  7.1367E+01  7.1075E+01  2.9157E-01
4.9538E-03  7.1286E+01  7.0994E+01  2.9158E-01
4.9550E-03  7.1224E+01  7.0932E+01  2.9158E-01
4.9562E-03  7.1169E+01  7.0877E+01  2.9159E-01
4.9575E-03  7.1117E+01  7.0825E+01  2.9159E-01
4.9588E-03  7.1066E+01  7.0774E+01  2.9159E-01
4.9600E-03  7.1016E+01  7.0725E+01  2.9160E-01
4.9612E-03  7.0967E+01  7.0675E+01  2.9160E-01
4.9625E-03  7.0918E+01  7.0627E+01  2.9161E-01
4.9638E-03  7.0870E+01  7.0578E+01  2.9161E-01
4.9650E-03  7.0821E+01  7.0530E+01  2.9161E-01
4.9662E-03  7.0773E+01  7.0482E+01  2.9162E-01
4.9675E-03  7.0726E+01  7.0434E+01  2.9162E-01
4.9688E-03  7.0678E+01  7.0386E+01  2.9163E-01
4.9700E-03  7.0630E+01  7.0339E+01  2.9163E-01
4.9713E-03  7.0583E+01  7.0291E+01  2.9163E-01
4.9725E-03  7.0536E+01  7.0245E+01  2.9164E-01
4.9737E-03  7.0490E+01  7.0199E+01  2.9164E-01
4.9750E-03  7.0445E+01  7.0154E+01  2.9165E-01
4.9763E-03  7.0403E+01  7.0111E+01  2.9165E-01
4.9775E-03  7.0363E+01  7.0071E+01  2.9165E-01
4.9787E-03  7.0330E+01  7.0038E+01  2.9166E-01
4.9800E-03  7.0296E+01  7.0004E+01  2.9166E-01
4.9813E-03  7.0240E+01  6.9949E+01  2.9167E-01
4.9825E-03  7.0190E+01  6.9898E+01  2.9167E-01
4.9837E-03  7.0146E+01  6.9854E+01  2.9167E-01
4.9850E-03  7.0089E+01  6.9797E+01  2.9168E-01
4.9863E-03  7.0028E+01  6.9736E+01  2.9168E-01
4.9875E-03  6.9972E+01  6.9681E+01  2.9169E-01
4.9887E-03  6.9920E+01  6.9629E+01  2.9169E-01
4.9900E-03  6.9870E+01  6.9579E+01  2.9169E-01
4.9913E-03  6.9821E+01  6.9530E+01  2.9170E-01
4.9925E-03  6.9773E+01  6.9481E+01  2.9170E-01
4.9938E-03  6.9724E+01  6.9433E+01  2.9171E-01
4.9950E-03  6.9676E+01  6.9385E+01  2.9171E-01
4.9962E-03  6.9629E+01  6.9337E+01  2.9172E-01
4.9975E-03  6.9581E+01  6.9289E+01  2.9172E-01
4.9988E-03  6.9533E+01  6.9242E+01  2.9172E-01
5.0000E-03  6.9486E+01  6.9195E+01  2.9173E-01
5.0012E-03  6.9439E+01  6.9147E+01  2.9173E-01
5.0025E-03  6.9391E+01  6.9100E+01  2.9174E-01
5.0038E-03  6.9344E+01  6.9052E+01  2.9174E-01
5.0050E-03  6.9297E+01  6.9005E+01  2.9174E-01
5.0062E-03  6.9250E+01  6.8958E+01  2.9175E-01
5.0075E-03  6.9203E+01  6.8911E+01  2.9175E-01
5.0088E-03  6.9156E+01  6.8864E+01  2.9176E-01
5.0100E-03  6.9109E+01  6.8817E+01  2.9176E-01
5.0113E-03  6.9065E+01  6.8773E+01  2.9176E-01
5.0125E-03  6.9015E+01  6.8723E+01  2.9177E-01
5.0137E-03  6.8968E+01  6.8676E+01  2.9177E-01
5.0150E-03  6.8922E+01  6.8630E+01  2.9178E-01
5.0163E-03  6.8902E+01  6.8610E+01  2.9178E-01
5.0175E-03  6.8829E+01  6.8537E+01  2.9178E-01
5.0187E-03  6.8781E+01  6.8489E+01  2.9179E-01
5.0200E-03  6.8734E+01  6.8442E+01  2.9179E-01
5.0213E-03  6.8687E+01  6.8395E+01  2.9180E-01
5.0225E-03  6.8640E+01  6.8349E+01  2.9180E-01
5.0237E-03  6.8594E+01  6.8302E+01  2.9180E-01
5.0250E-03  6.8547E+01  6.8255E+01  2.9181E-01
5.0263E-03  6.8500E+01  6.8209E+01  2.9181E-01
5.0275E-03  6.8454E+01  6.8162E+01  2.9182E-01
5.0287E-03  6.8407E+01  6.8115E+01  2.9182E-01
5.0300E-03  6.8361E+01  6.8069E+01  2.9182E-01
5.0313E-03  6.8314E+01  6.8022E+01  2.9183E-01
5.0325E-03  6.8268E+01  6.7976E+01  2.9183E-01
5.0338E-03  6.8221E+01  6.7930E+01  2.9184E-01
5.0350E-03  6.8175E+01  6.7883E+01  2.9184E-01
5.0362E-03  6.8129E+01  6.7837E+01  2.9185E-01
5.0375E-03  6.8098E+01  6.7807E+01  2.9185E-01
5.0388E-03  6.8036E+01  6.7744E+01  2.9185E-01
5.0400E-03  6.7990E+01  6.7698E+01  2.9186E-01
5.0412E-03  6.7944E+01  6.7652E+01  2.9186E-01
5.0425E-03  6.7897E+01  6.7606E+01  2.9187E-01
5.0438E-03  6.7851E+01  6.7559E+01  2.9187E-01
5.0450E-03  6.7805E+01  6.7513E+01  2.9187E-01
5.0462E-03  6.7759E+01  6.7467E+01  2.9188E-01
5.0475E-03  6.7712E+01  6.7421E+01  2.9188E-01
5.0488E-03  6.7666E+01  6.7375E+01  2.9189E-01
5.0500E-03  6.7625E+01  6.7333E+01  2.9189E-01
5.0512E-03  6.7575E+01  6.7283E+01  2.9189E-01
5.0525E-03  6.7529E+01  6.7237E+01  2.9190E-01
5.0538E-03  6.7483E+01  6.7192E+01  2.9190E-01
5.0550E-03  6.7436E+01  6.7144E+01  2.9191E-01
5.0563E-03  6.7391E+01  6.7099E+01  2.9191E-01
5.0575E-03  6.7345E+01  6.7053E+01  2.9192E-01
5.0587E-03  6.7299E+01  6.7007E+01  2.9192E-01
5.0600E-03  6.7253E+01  6.6961E+01  2.9192E-01
5.0613E-03  6.7208E+01  6.6916E+01  2.9193E-01
5.0625E-03  6.7161E+01  6.6869E+01  2.9193E-01
5.0637E-03  6.7115E+01  6.6823E+01  2.9194E-01
5.0650E-03  6.7069E+01  6.6778E+01  2.9194E-01
5.0663E-03  6.7024E+01  6.6732E+01  2.9194E-01
5.0675E-03  6.6978E+01  6.6686E+01  2.9195E-01
5.0687E-03  6.6932E+01  6.6640E+01  2.9195E-01
5.0700E-03  6.6887E+01  6.6595E+01  2.9196E-01
5.0713E-03  6.6841E+01  6.6549E+01  2.9196E-01
5.0725E-03  6.6795E+01  6.6503E+01  2.9196E-01
5.0738E-03  6.6751E+01  6.6459E+01  2.9197E-01
5.0750E-03  6.6705E+01  6.6413E+01  2.9197E-01
5.0763E-03  6.6659E+01  6.6367E+01  2.9198E-01
5.0775E-03  6.6613E+01  6.6321E+01  2.9198E-01
5.0788E-03  6.6568E+01  6.6276E+01  2.9199E-01
5.0800E-03  6.6522E+01  6.6230E+01  2.9199E-01
5.0812E-03  6.6477E+01  6.6185E+01  2.9199E-01
5.0825E-03  6.6432E+01  6.6140E+01  2.9200E-01
5.0838E-03  6.6386E+01  6.6094E+01  2.9200E-01
5.0850E-03  6.6341E+01  6.6049E+01  2.9201E-01
5.0862E-03  6.6296E+01  6.6004E+01  2.9201E-01
5.0875E-03  6.6250E+01  6.5958E+01  2.9201E-01
5.0888E-03  6.6205E+01  6.5913E+01  2.9202E-01
5.0900E-03  6.6160E+01  6.5868E+01  2.9202E-01
5.0912E-03  6.6115E+01  6.5823E+01  2.9203E-01
5.0925E-03  6.6069E+01  6.5777E+01  2.9203E-01
5.0938E-03  6.6024E+01  6.5732E+01  2.9204E-01
5.0950E-03  6.5979E+01  6.5687E+01  2.9204E-01
5.0963E-03  6.5934E+01  6.5642E+01  2.9204E-01
5.0975E-03  6.5889E+01  6.5597E+01  2.9205E-01
5.0987E-03  6.5844E+01  6.5552E+01  2.9205E-01
5.1000E-03  6.5799E+01  6.5507E+01  2.9206E-01
5.1013E-03  6.5755E+01  6.5462E+01  2.9206E-01
5.1025E-03  6.5710E+01  6.5418E+01  2.9206E-01
5.1037E-03  6.5665E+01  6.5373E+01  2.9207E-01
5.1050E-03  6.5621E+01  6.5329E+01  2.9207E-01
5.1063E-03  6.5576E+01  6.5284E+01  2.9208E-01
5.1075E-03  6.5532E+01  6.5240E+01  2.9208E-01
5.1087E-03  6.5488E+01  6.5196E+01  2.9209E-01
5.1100E-03  6.5444E+01  6.5152E+01  2.9209E-01
5.1113E-03  6.5401E+01  6.5109E+01  2.9209E-01
5.1125E-03  6.5358E+01  6.5066E+01  2.9210E-01
5.1137E-03  6.5317E+01  6.5025E+01  2.9210E-01
5.1150E-03  6.5278E+01  6.4986E+01  2.9211E-01
5.1163E-03  6.5243E+01  6.4951E+01  2.9211E-01
5.1175E-03  6.5217E+01  6.4924E+01  2.9212E-01
5.1188E-03  6.5216E+01  6.4924E+01  2.9212E-01
5.1200E-03  6.5320E+01  6.5028E+01  2.9212E-01
5.1212E-03  6.6652E+01  6.6360E+01  2.9213E-01
5.1225E-03  6.8528E+01  6.8236E+01  2.9213E-01
5.1238E-03  6.5263E+01  6.4971E+01  2.9214E-01
5.1250E-03  6.5009E+01  6.4717E+01  2.9214E-01
5.1262E-03  6.4910E+01  6.4618E+01  2.9215E-01
5.1275E-03  6.4844E+01  6.4551E+01  2.9215E-01
5.1288E-03  6.4788E+01  6.4496E+01  2.9215E-01
5.1300E-03  6.4737E+01  6.4445E+01  2.9216E-01
5.1312E-03  6.4689E+01  6.4397E+01  2.9216E-01
5.1325E-03  6.4667E+01  6.4375E+01  2.9217E-01
5.1338E-03  6.4596E+01  6.4303E+01  2.9217E-01
5.1350E-03  6.4550E+01  6.4258E+01  2.9217E-01
5.1363E-03  6.4504E+01  6.4212E+01  2.9218E-01
5.1375E-03  6.4459E+01  6.4167E+01  2.9218E-01
5.1388E-03  6.4414E+01  6.4122E+01  2.9219E-01
5.1400E-03  6.4369E+01  6.4077E+01  2.9219E-01
5.1413E-03  6.4325E+01  6.4032E+01  2.9220E-01
5.1425E-03  6.4280E+01  6.3988E+01  2.9220E-01
5.1437E-03  6.4235E+01  6.3943E+01  2.9220E-01
5.1450E-03  6.4191E+01  6.3899E+01  2.9221E-01
5.1463E-03  6.4146E+01  6.3854E+01  2.9221E-01
5.1475E-03  6.4102E+01  6.3810E+01  2.9222E-01
5.1487E-03  6.4058E+01  6.3766E+01  2.9222E-01
5.1500E-03  6.4013E+01  6.3721E+01  2.9223E-01
5.1513E-03  6.3969E+01  6.3677E+01  2.9223E-01
5.1525E-03  6.3925E+01  6.3633E+01  2.9223E-01
5.1537E-03  6.3881E+01  6.3588E+01  2.9224E-01
5.1550E-03  6.3836E+01  6.3544E+01  2.9224E-01
5.1563E-03  6.3792E+01  6.3500E+01  2.9225E-01
5.1575E-03  6.3748E+01  6.3456E+01  2.9225E-01
5.1588E-03  6.3704E+01  6.3411E+01  2.9226E-01
5.1600E-03  6.3660E+01  6.3367E+01  2.9226E-01
5.1613E-03  6.3616E+01  6.3323E+01  2.9226E-01
5.1625E-03  6.3572E+01  6.3279E+01  2.9227E-01
5.1638E-03  6.3527E+01  6.3235E+01  2.9227E-01
5.1650E-03  6.3483E+01  6.3191E+01  2.9228E-01
5.1662E-03  6.3440E+01  6.3147E+01  2.9228E-01
5.1675E-03  6.3396E+01  6.3103E+01  2.9229E-01
5.1688E-03  6.3352E+01  6.3059E+01  2.9229E-01
5.1700E-03  6.3308E+01  6.3015E+01  2.9229E-01
5.1712E-03  6.3264E+01  6.2972E+01  2.9230E-01
5.1725E-03  6.3220E+01  6.2928E+01  2.9230E-01
5.1738E-03  6.3176E+01  6.2884E+01  2.9231E-01
5.1750E-03  6.3132E+01  6.2840E+01  2.9231E-01
5.1762E-03  6.3088E+01  6.2796E+01  2.9232E-01
5.1775E-03  6.3045E+01  6.2752E+01  2.9232E-01
5.1788E-03  6.3001E+01  6.2709E+01  2.9232E-01
5.1800E-03  6.2957E+01  6.2665E+01  2.9233E-01
5.1813E-03  6.2914E+01  6.2621E+01  2.9233E-01
5.1825E-03  6.2870E+01  6.2578E+01  2.9234E-01
5.1837E-03  6.2827E+01  6.2535E+01  2.9234E-01
5.1850E-03  6.2782E+01  6.2490E+01  2.9235E-01
5.1863E-03  6.2739E+01  6.2446E+01  2.9235E-01
5.1875E-03  6.2695E+01  6.2403E+01  2.9236E-01
5.1887E-03  6.2651E+01  6.2359E+01  2.9236E-01
5.1900E-03  6.2608E+01  6.2316E+01  2.9236E-01
5.1913E-03  6.2564E+01  6.2272E+01  2.9237E-01
5.1925E-03  6.2521E+01  6.2228E+01  2.9237E-01
5.1937E-03  6.2477E+01  6.2185E+01  2.9238E-01
5.1950E-03  6.2435E+01  6.2142E+01  2.9238E-01
5.1963E-03  6.2390E+01  6.2098E+01  2.9239E-01
5.1975E-03  6.2347E+01  6.2055E+01  2.9239E-01
5.1988E-03  6.2304E+01  6.2011E+01  2.9239E-01
5.2000E-03  6.2260E+01  6.1968E+01  2.9240E-01
5.2013E-03  6.2217E+01  6.1924E+01  2.9240E-01
5.2025E-03  6.2173E+01  6.1881E+01  2.9241E-01
5.2038E-03  6.2130E+01  6.1838E+01  2.9241E-01
5.2050E-03  6.2087E+01  6.1794E+01  2.9242E-01
5.2062E-03  6.2044E+01  6.1751E+01  2.9242E-01
5.2075E-03  6.2001E+01  6.1709E+01  2.9243E-01
5.2088E-03  6.1959E+01  6.1667E+01  2.9243E-01
5.2100E-03  6.1923E+01  6.1631E+01  2.9243E-01
5.2112E-03  6.2222E+01  6.1929E+01  2.9244E-01
5.2125E-03  6.1839E+01  6.1547E+01  2.9244E-01
5.2138E-03  6.1786E+01  6.1494E+01  2.9245E-01
5.2150E-03  6.1741E+01  6.1449E+01  2.9245E-01
5.2162E-03  6.1698E+01  6.1405E+01  2.9246E-01
5.2175E-03  6.1654E+01  6.1362E+01  2.9246E-01
5.2188E-03  6.1611E+01  6.1319E+01  2.9246E-01
5.2200E-03  6.1569E+01  6.1276E+01  2.9247E-01
5.2213E-03  6.1525E+01  6.1232E+01  2.9247E-01
5.2225E-03  6.1482E+01  6.1189E+01  2.9248E-01
5.2238E-03  6.1438E+01  6.1146E+01  2.9248E-01
5.2250E-03  6.1395E+01  6.1103E+01  2.9249E-01
5.2262E-03  6.1352E+01  6.1060E+01  2.9249E-01
5.2275E-03  6.1309E+01  6.1017E+01  2.9250E-01
5.2287E-03  6.1266E+01  6.0974E+01  2.9250E-01
5.2300E-03  6.1223E+01  6.0931E+01  2.9250E-01
5.2313E-03  6.1180E+01  6.0888E+01  2.9251E-01
5.2325E-03  6.1137E+01  6.0845E+01  2.9251E-01
5.2337E-03  6.1094E+01  6.0802E+01  2.9252E-01
5.2350E-03  6.1051E+01  6.0759E+01  2.9252E-01
5.2363E-03  6.1008E+01  6.0716E+01  2.9253E-01
5.2375E-03  6.0965E+01  6.0673E+01  2.9253E-01
5.2387E-03  6.0923E+01  6.0630E+01  2.9254E-01
5.2400E-03  6.0880E+01  6.0587E+01  2.9254E-01
5.2413E-03  6.0837E+01  6.0544E+01  2.9254E-01
5.2425E-03  6.0794E+01  6.0501E+01  2.9255E-01
5.2438E-03  6.0751E+01  6.0459E+01  2.9255E-01
5.2450E-03  6.0708E+01  6.0416E+01  2.9256E-01
5.2463E-03  6.0666E+01  6.0373E+01  2.9256E-01
5.2475E-03  6.0623E+01  6.0330E+01  2.9257E-01
5.2487E-03  6.0580E+01  6.0288E+01  2.9257E-01
5.2500E-03  6.0537E+01  6.0245E+01  2.9258E-01
5.2512E-03  6.0495E+01  6.0202E+01  2.9258E-01
5.2525E-03  6.0452E+01  6.0160E+01  2.9258E-01
5.2538E-03  6.0409E+01  6.0117E+01  2.9259E-01
5.2550E-03  6.0367E+01  6.0074E+01  2.9259E-01
5.2562E-03  6.0324E+01  6.0031E+01  2.9260E-01
5.2575E-03  6.0281E+01  5.9989E+01  2.9260E-01
5.2588E-03  6.0239E+01  5.9946E+01  2.9261E-01
5.2600E-03  6.0196E+01  5.9904E+01  2.9261E-01
5.2613E-03  6.0154E+01  5.9861E+01  2.9262E-01
5.2625E-03  6.0118E+01  5.9825E+01  2.9262E-01
5.2638E-03  6.0071E+01  5.9778E+01  2.9262E-01
5.2650E-03  6.0027E+01  5.9734E+01  2.9263E-01
5.2663E-03  5.9984E+01  5.9691E+01  2.9263E-01
5.2675E-03  5.9941E+01  5.9649E+01  2.9264E-01
5.2687E-03  5.9899E+01  5.9606E+01  2.9264E-01
5.2700E-03  5.9856E+01  5.9564E+01  2.9265E-01
5.2712E-03  5.9814E+01  5.9521E+01  2.9265E-01
5.2725E-03  5.9772E+01  5.9479E+01  2.9266E-01
5.2737E-03  5.9729E+01  5.9436E+01  2.9266E-01
5.2750E-03  5.9686E+01  5.9394E+01  2.9267E-01
5.2763E-03  5.9644E+01  5.9351E+01  2.9267E-01
5.2775E-03  5.9602E+01  5.9309E+01  2.9267E-01
5.2787E-03  5.9559E+01  5.9267E+01  2.9268E-01
5.2800E-03  5.9517E+01  5.9224E+01  2.9268E-01
5.2813E-03  5.9475E+01  5.9182E+01  2.9269E-01
5.2825E-03  5.9432E+01  5.9140E+01  2.9269E-01
5.2838E-03  5.9390E+01  5.9097E+01  2.9270E-01
5.2850E-03  5.9348E+01  5.9055E+01  2.9270E-01
5.2863E-03  5.9306E+01  5.9013E+01  2.9271E-01
5.2875E-03  5.9263E+01  5.8971E+01  2.9271E-01
5.2888E-03  5.9221E+01  5.8929E+01  2.9272E-01
5.2900E-03  5.9179E+01  5.8886E+01  2.9272E-01
5.2912E-03  5.9137E+01  5.8844E+01  2.9272E-01
5.2925E-03  5.9096E+01  5.8803E+01  2.9273E-01
5.2938E-03  5.9055E+01  5.8762E+01  2.9273E-01
5.2950E-03  5.9011E+01  5.8718E+01  2.9274E-01
5.2962E-03  5.8968E+01  5.8676E+01  2.9274E-01
5.2975E-03  5.8926E+01  5.8633E+01  2.9275E-01
5.2988E-03  5.8884E+01  5.8591E+01  2.9275E-01
5.3000E-03  5.8842E+01  5.8549E+01  2.9276E-01
5.3012E-03  5.8800E+01  5.8507E+01  2.9276E-01
5.3025E-03  5.8758E+01  5.8465E+01  2.9277E-01
5.3038E-03  5.8716E+01  5.8423E+01  2.9277E-01
5.3050E-03  5.8674E+01  5.8381E+01  2.9277E-01
5.3063E-03  5.8632E+01  5.8339E+01  2.9278E-01
5.3075E-03  5.8590E+01  5.8297E+01  2.9278E-01
5.3088E-03  5.8548E+01  5.8255E+01  2.9279E-01
5.3100E-03  5.8506E+01  5.8213E+01  2.9279E-01
5.3112E-03  5.8464E+01  5.8171E+01  2.9280E-01
5.3125E-03  5.8422E+01  5.8129E+01  2.9280E-01
5.3137E-03  5.8380E+01  5.8087E+01  2.9281E-01
5.3150E-03  5.8338E+01  5.8046E+01  2.9281E-01
5.3163E-03  5.8296E+01  5.8004E+01  2.9282E-01
5.3175E-03  5.8255E+01  5.7962E+01  2.9282E-01
5.3187E-03  5.8213E+01  5.7920E+01  2.9282E-01
5.3200E-03  5.8171E+01  5.7878E+01  2.9283E-01
5.3213E-03  5.8129E+01  5.7836E+01  2.9283E-01
5.3225E-03  5.8087E+01  5.7795E+01  2.9284E-01
5.3238E-03  5.8046E+01  5.7753E+01  2.9284E-01
5.3250E-03  5.8004E+01  5.7711E+01  2.9285E-01
5.3263E-03  5.7962E+01  5.7669E+01  2.9285E-01
5.3275E-03  5.7920E+01  5.7627E+01  2.9286E-01
5.3288E-03  5.7879E+01  5.7586E+01  2.9286E-01
5.3300E-03  5.7837E+01  5.7544E+01  2.9287E-01
5.3313E-03  5.7795E+01  5.7502E+01  2.9287E-01
5.3325E-03  5.7753E+01  5.7461E+01  2.9288E-01
5.3337E-03  5.7712E+01  5.7419E+01  2.9288E-01
5.3350E-03  5.7670E+01  5.7377E+01  2.9288E-01
5.3362E-03  5.7629E+01  5.7336E+01  2.9289E-01
5.3375E-03  5.7587E+01  5.7294E+01  2.9289E-01
5.3388E-03  5.7545E+01  5.7252E+01  2.9290E-01
5.3400E-03  5.7504E+01  5.7211E+01  2.9290E-01
5.3412E-03  5.7464E+01  5.7171E+01  2.9291E-01
5.3425E-03  5.7421E+01  5.7128E+01  2.9291E-01
5.3438E-03  5.7379E+01  5.7086E+01  2.9292E-01
5.3450E-03  5.7338E+01  5.7045E+01  2.9292E-01
5.3463E-03  5.7296E+01  5.7003E+01  2.9293E-01
5.3475E-03  5.7255E+01  5.6962E+01  2.9293E-01
5.3488E-03  5.7213E+01  5.6920E+01  2.9294E-01
5.3500E-03  5.7172E+01  5.6879E+01  2.9294E-01
5.3513E-03  5.7130E+01  5.6837E+01  2.9295E-01
5.3525E-03  5.7089E+01  5.6796E+01  2.9295E-01
5.3538E-03  5.7048E+01  5.6755E+01  2.9295E-01
5.3550E-03  5.7006E+01  5.6713E+01  2.9296E-01
5.3562E-03  5.6965E+01  5.6672E+01  2.9296E-01
5.3575E-03  5.6924E+01  5.6631E+01  2.9297E-01
5.3587E-03  5.6883E+01  5.6590E+01  2.9297E-01
5.3600E-03  5.6842E+01  5.6549E+01  2.9298E-01
5.3613E-03  5.6800E+01  5.6508E+01  2.9298E-01
5.3625E-03  5.6760E+01  5.6467E+01  2.9299E-01
5.3637E-03  5.6719E+01  5.6426E+01  2.9299E-01
5.3650E-03  5.6685E+01  5.6392E+01  2.9300E-01
5.3663E-03  5.6642E+01  5.6349E+01  2.9300E-01
5.3675E-03  5.6597E+01  5.6304E+01  2.9301E-01
5.3688E-03  5.6556E+01  5.6263E+01  2.9301E-01
5.3700E-03  5.6516E+01  5.6223E+01  2.9302E-01
5.3713E-03  5.6476E+01  5.6183E+01  2.9302E-01
5.3725E-03  5.6438E+01  5.6145E+01  2.9303E-01
5.3738E-03  5.6400E+01  5.6107E+01  2.9303E-01
5.3750E-03  5.6365E+01  5.6072E+01  2.9303E-01
5.3762E-03  5.6334E+01  5.6041E+01  2.9304E-01
5.3775E-03  5.6314E+01  5.6021E+01  2.9304E-01
5.3787E-03  5.6324E+01  5.6031E+01  2.9305E-01
5.3800E-03  5.6471E+01  5.6178E+01  2.9305E-01
5.3812E-03  5.8617E+01  5.8324E+01  2.9306E-01
5.3825E-03  5.7743E+01  5.7450E+01  2.9306E-01
5.3838E-03  5.6305E+01  5.6012E+01  2.9307E-01
5.3850E-03  5.6109E+01  5.5816E+01  2.9307E-01
5.3863E-03  5.6023E+01  5.5729E+01  2.9308E-01
5.3875E-03  5.5962E+01  5.5669E+01  2.9308E-01
5.3888E-03  5.5912E+01  5.5618E+01  2.9309E-01
5.3900E-03  5.5865E+01  5.5572E+01  2.9309E-01
5.3913E-03  5.5820E+01  5.5527E+01  2.9310E-01
5.3925E-03  5.5777E+01  5.5484E+01  2.9310E-01
5.3938E-03  5.5734E+01  5.5441E+01  2.9311E-01
5.3950E-03  5.5692E+01  5.5399E+01  2.9311E-01
5.3963E-03  5.5650E+01  5.5357E+01  2.9312E-01
5.3975E-03  5.5608E+01  5.5315E+01  2.9312E-01
5.3987E-03  5.5567E+01  5.5273E+01  2.9313E-01
5.4000E-03  5.5525E+01  5.5232E+01  2.9313E-01
5.4012E-03  5.5484E+01  5.5191E+01  2.9313E-01
5.4025E-03  5.5443E+01  5.5150E+01  2.9314E-01
5.4037E-03  5.5401E+01  5.5108E+01  2.9314E-01
5.4050E-03  5.5360E+01  5.5067E+01  2.9315E-01
5.4063E-03  5.5319E+01  5.5026E+01  2.9315E-01
5.4075E-03  5.5278E+01  5.4985E+01  2.9316E-01
5.4088E-03  5.5237E+01  5.4944E+01  2.9316E-01
5.4100E-03  5.5196E+01  5.4903E+01  2.9317E-01
5.4113E-03  5.5155E+01  5.4862E+01  2.9317E-01
5.4125E-03  5.5114E+01  5.4821E+01  2.9318E-01
5.4138E-03  5.5074E+01  5.4780E+01  2.9318E-01
5.4150E-03  5.5033E+01  5.4740E+01  2.9319E-01
5.4163E-03  5.4992E+01  5.4699E+01  2.9319E-01
5.4175E-03  5.4951E+01  5.4658E+01  2.9320E-01
5.4187E-03  5.4910E+01  5.4617E+01  2.9320E-01
5.4200E-03  5.4869E+01  5.4576E+01  2.9321E-01
5.4212E-03  5.4829E+01  5.4535E+01  2.9321E-01
5.4225E-03  5.4788E+01  5.4495E+01  2.9322E-01
5.4237E-03  5.4747E+01  5.4454E+01  2.9322E-01
5.4250E-03  5.4707E+01  5.4413E+01  2.9323E-01
5.4262E-03  5.4666E+01  5.4373E+01  2.9323E-01
5.4275E-03  5.4625E+01  5.4332E+01  2.9324E-01
5.4288E-03  5.4585E+01  5.4291E+01  2.9324E-01
5.4300E-03  5.4544E+01  5.4251E+01  2.9325E-01
5.4313E-03  5.4503E+01  5.4210E+01  2.9325E-01
5.4325E-03  5.4463E+01  5.4169E+01  2.9326E-01
5.4338E-03  5.4422E+01  5.4129E+01  2.9326E-01
5.4350E-03  5.4382E+01  5.4088E+01  2.9327E-01
5.4363E-03  5.4341E+01  5.4048E+01  2.9327E-01
5.4375E-03  5.4301E+01  5.4008E+01  2.9328E-01
5.4388E-03  5.4261E+01  5.3967E+01  2.9328E-01
5.4400E-03  5.4222E+01  5.3928E+01  2.9328E-01
5.4412E-03  5.4187E+01  5.3893E+01  2.9329E-01
5.4425E-03  5.4248E+01  5.3955E+01  2.9329E-01
5.4437E-03  5.4112E+01  5.3818E+01  2.9330E-01
5.4450E-03  5.4061E+01  5.3768E+01  2.9330E-01
5.4463E-03  5.4019E+01  5.3726E+01  2.9331E-01
5.4475E-03  5.3978E+01  5.3685E+01  2.9331E-01
5.4488E-03  5.3938E+01  5.3645E+01  2.9332E-01
5.4500E-03  5.3898E+01  5.3605E+01  2.9332E-01
5.4513E-03  5.3858E+01  5.3565E+01  2.9333E-01
5.4525E-03  5.3819E+01  5.3525E+01  2.9333E-01
5.4538E-03  5.3779E+01  5.3486E+01  2.9334E-01
5.4550E-03  5.3740E+01  5.3447E+01  2.9334E-01
5.4563E-03  5.3700E+01  5.3407E+01  2.9335E-01
5.4575E-03  5.3661E+01  5.3368E+01  2.9335E-01
5.4588E-03  5.3622E+01  5.3328E+01  2.9336E-01
5.4600E-03  5.3583E+01  5.3289E+01  2.9336E-01
5.4612E-03  5.3543E+01  5.3250E+01  2.9337E-01
5.4625E-03  5.3505E+01  5.3211E+01  2.9337E-01
5.4637E-03  5.3466E+01  5.3172E+01  2.9338E-01
5.4650E-03  5.3427E+01  5.3133E+01  2.9338E-01
5.4662E-03  5.3388E+01  5.3095E+01  2.9339E-01
5.4675E-03  5.3350E+01  5.3056E+01  2.9339E-01
5.4688E-03  5.3311E+01  5.3018E+01  2.9340E-01
5.4700E-03  5.3272E+01  5.2979E+01  2.9340E-01
5.4713E-03  5.3234E+01  5.2941E+01  2.9341E-01
5.4725E-03  5.3196E+01  5.2902E+01  2.9341E-01
5.4738E-03  5.3158E+01  5.2864E+01  2.9342E-01
5.4750E-03  5.3119E+01  5.2826E+01  2.9342E-01
5.4763E-03  5.3081E+01  5.2788E+01  2.9343E-01
5.4775E-03  5.3043E+01  5.2750E+01  2.9343E-01
5.4788E-03  5.3005E+01  5.2712E+01  2.9344E-01
5.4800E-03  5.2968E+01  5.2674E+01  2.9344E-01
5.4813E-03  5.2930E+01  5.2636E+01  2.9345E-01
5.4825E-03  5.2892E+01  5.2599E+01  2.9345E-01
5.4837E-03  5.2855E+01  5.2561E+01  2.9346E-01
5.4850E-03  5.2817E+01  5.2524E+01  2.9346E-01
5.4862E-03  5.2780E+01  5.2486E+01  2.9347E-01
5.4875E-03  5.2742E+01  5.2449E+01  2.9347E-01
5.4887E-03  5.2705E+01  5.2412E+01  2.9348E-01
5.4900E-03  5.2668E+01  5.2374E+01  2.9348E-01
5.4913E-03  5.2631E+01  5.2337E+01  2.9349E-01
5.4925E-03  5.2594E+01  5.2300E+01  2.9349E-01
5.4938E-03  5.2557E+01  5.2263E+01  2.9350E-01
5.4950E-03  5.2520E+01  5.2226E+01  2.9350E-01
5.4963E-03  5.2483E+01  5.2189E+01  2.9351E-01
5.4975E-03  5.2446E+01  5.2153E+01  2.9351E-01
5.4988E-03  5.2409E+01  5.2116E+01  2.9352E-01
5.5000E-03  5.2373E+01  5.2079E+01  2.9352E-01
5.5013E-03  5.2336E+01  5.2043E+01  2.9353E-01
5.5025E-03  5.2300E+01  5.2006E+01  2.9353E-01
5.5037E-03  5.2266E+01  5.1972E+01  2.9354E-01
5.5050E-03  5.2227E+01  5.1934E+01  2.9354E-01
5.5062E-03  5.2191E+01  5.1897E+01  2.9355E-01
5.5075E-03  5.2155E+01  5.1861E+01  2.9355E-01
5.5087E-03  5.2119E+01  5.1825E+01  2.9356E-01
5.5100E-03  5.2083E+01  5.1789E+01  2.9356E-01
5.5113E-03  5.2047E+01  5.1753E+01  2.9357E-01
5.5125E-03  5.2011E+01  5.1717E+01  2.9357E-01
5.5138E-03  5.1975E+01  5.1681E+01  2.9358E-01
5.5150E-03  5.1939E+01  5.1645E+01  2.9358E-01
5.5163E-03  5.1903E+01  5.1610E+01  2.9359E-01
5.5175E-03  5.1868E+01  5.1574E+01  2.9359E-01
5.5188E-03  5.1832E+01  5.1539E+01  2.9360E-01
5.5200E-03  5.1797E+01  5.1503E+01  2.9360E-01
5.5213E-03  5.1761E+01  5.1468E+01  2.9361E-01
5.5225E-03  5.1726E+01  5.1432E+01  2.9361E-01
5.5238E-03  5.1691E+01  5.1397E+01  2.9362E-01
5.5250E-03  5.1655E+01  5.1362E+01  2.9362E-01
5.5262E-03  5.1620E+01  5.1327E+01  2.9363E-01
5.5275E-03  5.1585E+01  5.1292E+01  2.9363E-01
5.5287E-03  5.1551E+01  5.1257E+01  2.9364E-01
5.5300E-03  5.1515E+01  5.1222E+01  2.9364E-01
5.5312E-03  5.1481E+01  5.1187E+01  2.9365E-01
5.5325E-03  5.1446E+01  5.1152E+01  2.9365E-01
5.5338E-03  5.1411E+01  5.1117E+01  2.9366E-01
5.5350E-03  5.1377E+01  5.1083E+01  2.9367E-01
5.5363E-03  5.1342E+01  5.1048E+01  2.9367E-01
5.5375E-03  5.1308E+01  5.1014E+01  2.9368E-01
5.5388E-03  5.1273E+01  5.0980E+01  2.9368E-01
5.5400E-03  5.1239E+01  5.0946E+01  2.9369E-01
5.5413E-03  5.1205E+01  5.0911E+01  2.9369E-01
5.5425E-03  5.1171E+01  5.0877E+01  2.9370E-01
5.5438E-03  5.1137E+01  5.0844E+01  2.9370E-01
5.5450E-03  5.1104E+01  5.0810E+01  2.9371E-01
5.5462E-03  5.1070E+01  5.0776E+01  2.9371E-01
5.5475E-03  5.1037E+01  5.0743E+01  2.9372E-01
5.5487E-03  5.1005E+01  5.0712E+01  2.9372E-01
5.5500E-03  5.0972E+01  5.0679E+01  2.9373E-01
5.5512E-03  5.0941E+01  5.0647E+01  2.9373E-01
5.5525E-03  5.0912E+01  5.0618E+01  2.9374E-01
5.5537E-03  5.0884E+01  5.0590E+01  2.9374E-01
5.5550E-03  5.0861E+01  5.0568E+01  2.9375E-01
5.5563E-03  5.0851E+01  5.0557E+01  2.9375E-01
5.5575E-03  5.0875E+01  5.0581E+01  2.9376E-01
5.5588E-03  5.1057E+01  5.0763E+01  2.9376E-01
5.5600E-03  5.3533E+01  5.3239E+01  2.9377E-01
5.5613E-03  5.1718E+01  5.1424E+01  2.9377E-01
5.5625E-03  5.0840E+01  5.0546E+01  2.9378E-01
5.5638E-03  5.0680E+01  5.0386E+01  2.9378E-01
5.5650E-03  5.0606E+01  5.0313E+01  2.9379E-01
5.5663E-03  5.0555E+01  5.0262E+01  2.9379E-01
5.5675E-03  5.0513E+01  5.0219E+01  2.9380E-01
5.5687E-03  5.0474E+01  5.0180E+01  2.9380E-01
5.5700E-03  5.0438E+01  5.0144E+01  2.9381E-01
5.5712E-03  5.0402E+01  5.0108E+01  2.9382E-01
5.5725E-03  5.0368E+01  5.0074E+01  2.9382E-01
5.5738E-03  5.0333E+01  5.0040E+01  2.9383E-01
5.5750E-03  5.0300E+01  5.0006E+01  2.9383E-01
5.5763E-03  5.0266E+01  4.9972E+01  2.9384E-01
5.5775E-03  5.0233E+01  4.9939E+01  2.9384E-01
5.5788E-03  5.0200E+01  4.9906E+01  2.9385E-01
5.5800E-03  5.0167E+01  4.9873E+01  2.9385E-01
5.5813E-03  5.0134E+01  4.9840E+01  2.9386E-01
5.5825E-03  5.0101E+01  4.9807E+01  2.9386E-01
5.5838E-03  5.0068E+01  4.9774E+01  2.9387E-01
5.5850E-03  5.0036E+01  4.9742E+01  2.9387E-01
5.5863E-03  5.0003E+01  4.9709E+01  2.9388E-01
5.5875E-03  4.9971E+01  4.9677E+01  2.9388E-01
5.5887E-03  4.9939E+01  4.9645E+01  2.9389E-01
5.5900E-03  4.9906E+01  4.9612E+01  2.9389E-01
5.5912E-03  4.9874E+01  4.9580E+01  2.9390E-01
5.5925E-03  4.9842E+01  4.9548E+01  2.9390E-01
5.5937E-03  4.9810E+01  4.9516E+01  2.9391E-01
5.5950E-03  4.9778E+01  4.9484E+01  2.9392E-01
5.5963E-03  4.9751E+01  4.9457E+01  2.9392E-01
5.5975E-03  4.9721E+01  4.9427E+01  2.9393E-01
5.5988E-03  4.9683E+01  4.9389E+01  2.9393E-01
5.6000E-03  4.9650E+01  4.9356E+01  2.9394E-01
5.6013E-03  4.9619E+01  4.9325E+01  2.9394E-01
5.6025E-03  4.9588E+01  4.9294E+01  2.9395E-01
5.6038E-03  4.9563E+01  4.9269E+01  2.9395E-01
5.6050E-03  4.9585E+01  4.9291E+01  2.9396E-01
5.6063E-03  4.9501E+01  4.9207E+01  2.9396E-01
5.6075E-03  4.9462E+01  4.9168E+01  2.9397E-01
5.6088E-03  4.9429E+01  4.9135E+01  2.9397E-01
5.6100E-03  4.9397E+01  4.9103E+01  2.9398E-01
5.6112E-03  4.9365E+01  4.9071E+01  2.9398E-01
5.6125E-03  4.9334E+01  4.9040E+01  2.9399E-01
5.6137E-03  4.9302E+01  4.9008E+01  2.9400E-01
5.6150E-03  4.9271E+01  4.8977E+01  2.9400E-01
5.6162E-03  4.9240E+01  4.8946E+01  2.9401E-01
5.6175E-03  4.9209E+01  4.8915E+01  2.9401E-01
5.6188E-03  4.9177E+01  4.8883E+01  2.9402E-01
5.6200E-03  4.9146E+01  4.8852E+01  2.9402E-01
5.6213E-03  4.9115E+01  4.8821E+01  2.9403E-01
5.6225E-03  4.9084E+01  4.8790E+01  2.9403E-01
5.6238E-03  4.9053E+01  4.8759E+01  2.9404E-01
5.6250E-03  4.9022E+01  4.8728E+01  2.9404E-01
5.6263E-03  4.8992E+01  4.8697E+01  2.9405E-01
5.6275E-03  4.8961E+01  4.8667E+01  2.9405E-01
5.6288E-03  4.8930E+01  4.8636E+01  2.9406E-01
5.6300E-03  4.8899E+01  4.8605E+01  2.9406E-01
5.6312E-03  4.8869E+01  4.8575E+01  2.9407E-01
5.6325E-03  4.8838E+01  4.8544E+01  2.9408E-01
5.6337E-03  4.8808E+01  4.8513E+01  2.9408E-01
5.6350E-03  4.8777E+01  4.8483E+01  2.9409E-01
5.6363E-03  4.8747E+01  4.8453E+01  2.9409E-01
5.6375E-03  4.8727E+01  4.8433E+01  2.9410E-01
5.6387E-03  4.8686E+01  4.8392E+01  2.9410E-01
5.6400E-03  4.8656E+01  4.8362E+01  2.9411E-01
5.6413E-03  4.8627E+01  4.8333E+01  2.9411E-01
5.6425E-03  4.8599E+01  4.8304E+01  2.9412E-01
5.6438E-03  4.8589E+01  4.8295E+01  2.9412E-01
5.6450E-03  4.8617E+01  4.8323E+01  2.9413E-01
5.6463E-03  4.8510E+01  4.8216E+01  2.9414E-01
5.6475E-03  4.8476E+01  4.8182E+01  2.9414E-01
5.6488E-03  4.8445E+01  4.8151E+01  2.9415E-01
5.6500E-03  4.8415E+01  4.8121E+01  2.9415E-01
5.6513E-03  4.8385E+01  4.8090E+01  2.9416E-01
5.6525E-03  4.8355E+01  4.8060E+01  2.9416E-01
5.6537E-03  4.8325E+01  4.8031E+01  2.9417E-01
5.6550E-03  4.8295E+01  4.8001E+01  2.9417E-01
5.6562E-03  4.8265E+01  4.7971E+01  2.9418E-01
5.6575E-03  4.8235E+01  4.7941E+01  2.9418E-01
5.6588E-03  4.8206E+01  4.7912E+01  2.9419E-01
5.6600E-03  4.8177E+01  4.7882E+01  2.9420E-01
5.6612E-03  4.8148E+01  4.7853E+01  2.9420E-01
5.6625E-03  4.8121E+01  4.7827E+01  2.9421E-01
5.6638E-03  4.8511E+01  4.8217E+01  2.9421E-01
5.6650E-03  4.8065E+01  4.7771E+01  2.9422E-01
5.6663E-03  4.8031E+01  4.7736E+01  2.9422E-01
5.6675E-03  4.8001E+01  4.7707E+01  2.9423E-01
5.6688E-03  4.7972E+01  4.7677E+01  2.9423E-01
5.6700E-03  4.7943E+01  4.7648E+01  2.9424E-01
5.6713E-03  4.7914E+01  4.7619E+01  2.9425E-01
5.6725E-03  4.7885E+01  4.7591E+01  2.9425E-01
5.6737E-03  4.7857E+01  4.7562E+01  2.9426E-01
5.6750E-03  4.7828E+01  4.7534E+01  2.9426E-01
5.6762E-03  4.7800E+01  4.7506E+01  2.9427E-01
5.6775E-03  4.7772E+01  4.7478E+01  2.9427E-01
5.6787E-03  4.7745E+01  4.7451E+01  2.9428E-01
5.6800E-03  4.7718E+01  4.7424E+01  2.9428E-01
5.6813E-03  4.7692E+01  4.7398E+01  2.9429E-01
5.6825E-03  4.7668E+01  4.7374E+01  2.9429E-01
5.6837E-03  4.7646E+01  4.7352E+01  2.9430E-01
5.6850E-03  4.7630E+01  4.7336E+01  2.9431E-01
5.6863E-03  4.7629E+01  4.7334E+01  2.9431E-01
5.6875E-03  4.7659E+01  4.7364E+01  2.9432E-01
5.6888E-03  4.7852E+01  4.7558E+01  2.9432E-01
5.6900E-03  4.9672E+01  4.9378E+01  2.9433E-01
5.6913E-03  4.8184E+01  4.7889E+01  2.9433E-01
5.6925E-03  4.7613E+01  4.7318E+01  2.9434E-01
5.6938E-03  4.7478E+01  4.7184E+01  2.9435E-01
5.6950E-03  4.7413E+01  4.7118E+01  2.9435E-01
5.6962E-03  4.7368E+01  4.7073E+01  2.9436E-01
5.6975E-03  4.7330E+01  4.7036E+01  2.9436E-01
5.6988E-03  4.7297E+01  4.7003E+01  2.9437E-01
5.7000E-03  4.7265E+01  4.6971E+01  2.9437E-01
5.7012E-03  4.7235E+01  4.6941E+01  2.9438E-01
5.7025E-03  4.7205E+01  4.6911E+01  2.9438E-01
5.7038E-03  4.7176E+01  4.6882E+01  2.9439E-01
5.7050E-03  4.7149E+01  4.6854E+01  2.9440E-01
5.7062E-03  4.8239E+01  4.7944E+01  2.9440E-01
5.7075E-03  4.7092E+01  4.6798E+01  2.9441E-01
5.7088E-03  4.7176E+01  4.6881E+01  2.9441E-01
5.7100E-03  4.7035E+01  4.6740E+01  2.9442E-01
5.7113E-03  4.7006E+01  4.6712E+01  2.9442E-01
5.7125E-03  4.6978E+01  4.6684E+01  2.9443E-01
5.7138E-03  4.6950E+01  4.6656E+01  2.9443E-01
5.7150E-03  4.6923E+01  4.6628E+01  2.9444E-01
5.7162E-03  4.6895E+01  4.6601E+01  2.9445E-01
5.7175E-03  4.6867E+01  4.6572E+01  2.9445E-01
5.7187E-03  4.6839E+01  4.6545E+01  2.9446E-01
5.7200E-03  4.6812E+01  4.6517E+01  2.9446E-01
5.7213E-03  4.6784E+01  4.6489E+01  2.9447E-01
5.7225E-03  4.6756E+01  4.6462E+01  2.9447E-01
5.7237E-03  4.6729E+01  4.6435E+01  2.9448E-01
5.7250E-03  4.6702E+01  4.6407E+01  2.9449E-01
5.7263E-03  4.6674E+01  4.6380E+01  2.9449E-01
5.7275E-03  4.6647E+01  4.6352E+01  2.9450E-01
5.7288E-03  4.6620E+01  4.6325E+01  2.9450E-01
5.7300E-03  4.6592E+01  4.6298E+01  2.9451E-01
5.7313E-03  4.6565E+01  4.6271E+01  2.9451E-01
5.7325E-03  4.6538E+01  4.6243E+01  2.9452E-01
5.7338E-03  4.6511E+01  4.6216E+01  2.9453E-01
5.7350E-03  4.6484E+01  4.6189E+01  2.9453E-01
5.7363E-03  4.6457E+01  4.6162E+01  2.9454E-01
5.7375E-03  4.6430E+01  4.6135E+01  2.9454E-01
5.7387E-03  4.6403E+01  4.6108E+01  2.9455E-01
5.7400E-03  4.6376E+01  4.6081E+01  2.9455E-01
5.7412E-03  4.6349E+01  4.6054E+01  2.9456E-01
5.7425E-03  4.6322E+01  4.6027E+01  2.9457E-01
5.7438E-03  4.6295E+01  4.6000E+01  2.9457E-01
5.7450E-03  4.6268E+01  4.5974E+01  2.9458E-01
5.7462E-03  4.6242E+01  4.5947E+01  2.9458E-01
5.7475E-03  4.6215E+01  4.5921E+01  2.9459E-01
5.7488E-03  4.6190E+01  4.5896E+01  2.9459E-01
5.7500E-03  4.6172E+01  4.5878E+01  2.9460E-01
5.7513E-03  4.9510E+01  4.9215E+01  2.9461E-01
5.7525E-03  4.6117E+01  4.5822E+01  2.9461E-01
5.7538E-03  4.6086E+01  4.5791E+01  2.9462E-01
5.7550E-03  4.6055E+01  4.5761E+01  2.9462E-01
5.7563E-03  4.6028E+01  4.5734E+01  2.9463E-01
5.7575E-03  4.6002E+01  4.5708E+01  2.9464E-01
5.7587E-03  4.5981E+01  4.5687E+01  2.9464E-01
5.7600E-03  4.5953E+01  4.5659E+01  2.9465E-01
5.7613E-03  4.5923E+01  4.5628E+01  2.9465E-01
5.7625E-03  4.5895E+01  4.5601E+01  2.9466E-01
5.7637E-03  4.5869E+01  4.5574E+01  2.9466E-01
5.7650E-03  4.5842E+01  4.5548E+01  2.9467E-01
5.7663E-03  4.5816E+01  4.5521E+01  2.9468E-01
5.7675E-03  4.5801E+01  4.5507E+01  2.9468E-01
5.7687E-03  4.5763E+01  4.5468E+01  2.9469E-01
5.7700E-03  4.5737E+01  4.5442E+01  2.9469E-01
5.7713E-03  4.5711E+01  4.5417E+01  2.9470E-01
5.7725E-03  4.5684E+01  4.5390E+01  2.9471E-01
5.7738E-03  4.5658E+01  4.5363E+01  2.9471E-01
5.7750E-03  4.5632E+01  4.5337E+01  2.9472E-01
5.7763E-03  4.5606E+01  4.5311E+01  2.9472E-01
5.7775E-03  4.5579E+01  4.5285E+01  2.9473E-01
5.7788E-03  4.5553E+01  4.5259E+01  2.9473E-01
5.7800E-03  4.5527E+01  4.5233E+01  2.9474E-01
5.7812E-03  4.5501E+01  4.5206E+01  2.9475E-01
5.7825E-03  4.5475E+01  4.5180E+01  2.9475E-01
5.7838E-03  4.5449E+01  4.5154E+01  2.9476E-01
5.7850E-03  4.5423E+01  4.5128E+01  2.9476E-01
5.7862E-03  4.5397E+01  4.5102E+01  2.9477E-01
5.7875E-03  4.5371E+01  4.5076E+01  2.9478E-01
5.7888E-03  4.5347E+01  4.5052E+01  2.9478E-01
5.7900E-03  4.5320E+01  4.5025E+01  2.9479E-01
5.7912E-03  4.5295E+01  4.5001E+01  2.9479E-01
5.7925E-03  4.5268E+01  4.4973E+01  2.9480E-01
5.7938E-03  4.5242E+01  4.4947E+01  2.9481E-01
5.7950E-03  4.5216E+01  4.4921E+01  2.9481E-01
5.7963E-03  4.5190E+01  4.4895E+01  2.9482E-01
5.7975E-03  4.5165E+01  4.4870E+01  2.9482E-01
5.7988E-03  4.5139E+01  4.4844E+01  2.9483E-01
5.8000E-03  4.5114E+01  4.4819E+01  2.9483E-01
5.8012E-03  4.5088E+01  4.4793E+01  2.9484E-01
5.8025E-03  4.5063E+01  4.4768E+01  2.9485E-01
5.8037E-03  4.5041E+01  4.4747E+01  2.9485E-01
5.8050E-03  4.5140E+01  4.4845E+01  2.9486E-01
5.8063E-03  4.4987E+01  4.4692E+01  2.9486E-01
5.8075E-03  4.4960E+01  4.4665E+01  2.9487E-01
5.8087E-03  4.4934E+01  4.4639E+01  2.9488E-01
5.8100E-03  4.4908E+01  4.4613E+01  2.9488E-01
5.8113E-03  4.4882E+01  4.4587E+01  2.9489E-01
5.8125E-03  4.4856E+01  4.4561E+01  2.9489E-01
5.8137E-03  4.4830E+01  4.4536E+01  2.9490E-01
5.8150E-03  4.4805E+01  4.4510E+01  2.9491E-01
5.8163E-03  4.4781E+01  4.4486E+01  2.9491E-01
5.8175E-03  4.4753E+01  4.4458E+01  2.9492E-01
5.8188E-03  4.4728E+01  4.4433E+01  2.9492E-01
5.8200E-03  4.4702E+01  4.4407E+01  2.9493E-01
5.8213E-03  4.4677E+01  4.4382E+01  2.9494E-01
5.8225E-03  4.4651E+01  4.4356E+01  2.9494E-01
5.8238E-03  4.4626E+01  4.4331E+01  2.9495E-01
5.8250E-03  4.4600E+01  4.4305E+01  2.9495E-01
5.8262E-03  4.4574E+01  4.4279E+01  2.9496E-01
5.8275E-03  4.4549E+01  4.4254E+01  2.9497E-01
5.8288E-03  4.4523E+01  4.4228E+01  2.9497E-01
5.8300E-03  4.4498E+01  4.4203E+01  2.9498E-01
5.8312E-03  4.4473E+01  4.4178E+01  2.9498E-01
5.8325E-03  4.4447E+01  4.4152E+01  2.9499E-01
5.8338E-03  4.4422E+01  4.4127E+01  2.9500E-01
5.8350E-03  4.4397E+01  4.4102E+01  2.9500E-01
5.8362E-03  4.4371E+01  4.4076E+01  2.9501E-01
5.8375E-03  4.4347E+01  4.4052E+01  2.9502E-01
5.8388E-03  4.4321E+01  4.4026E+01  2.9502E-01
5.8400E-03  4.4295E+01  4.4000E+01  2.9503E-01
5.8413E-03  4.4270E+01  4.3975E+01  2.9503E-01
5.8425E-03  4.4245E+01  4.3950E+01  2.9504E-01
5.8437E-03  4.4220E+01  4.3925E+01  2.9505E-01
5.8450E-03  4.4195E+01  4.3900E+01  2.9505E-01
5.8463E-03  4.4170E+01  4.3875E+01  2.9506E-01
5.8475E-03  4.4145E+01  4.3850E+01  2.9506E-01
5.8487E-03  4.4120E+01  4.3825E+01  2.9507E-01
5.8500E-03  4.4094E+01  4.3799E+01  2.9508E-01
5.8513E-03  4.4069E+01  4.3774E+01  2.9508E-01
5.8525E-03  4.4045E+01  4.3750E+01  2.9509E-01
5.8537E-03  4.4020E+01  4.3724E+01  2.9509E-01
5.8550E-03  4.3995E+01  4.3699E+01  2.9510E-01
5.8563E-03  4.3970E+01  4.3675E+01  2.9511E-01
5.8575E-03  4.3945E+01  4.3650E+01  2.9511E-01
5.8587E-03  4.3920E+01  4.3625E+01  2.9512E-01
5.8600E-03  4.3895E+01  4.3600E+01  2.9513E-01
5.8613E-03  4.3870E+01  4.3575E+01  2.9513E-01
5.8625E-03  4.3845E+01  4.3550E+01  2.9514E-01
5.8638E-03  4.3821E+01  4.3525E+01  2.9514E-01
5.8650E-03  4.3797E+01  4.3502E+01  2.9515E-01
5.8662E-03  4.3771E+01  4.3476E+01  2.9516E-01
5.8675E-03  4.3746E+01  4.3451E+01  2.9516E-01
5.8688E-03  4.3723E+01  4.3428E+01  2.9517E-01
5.8700E-03  4.3697E+01  4.3402E+01  2.9517E-01
5.8712E-03  4.3672E+01  4.3377E+01  2.9518E-01
5.8725E-03  4.3648E+01  4.3352E+01  2.9519E-01
5.8738E-03  4.3623E+01  4.3328E+01  2.9519E-01
5.8750E-03  4.3598E+01  4.3303E+01  2.9520E-01
5.8762E-03  4.3574E+01  4.3278E+01  2.9521E-01
5.8775E-03  4.3549E+01  4.3254E+01  2.9521E-01
5.8788E-03  4.3525E+01  4.3229E+01  2.9522E-01
5.8800E-03  4.3500E+01  4.3205E+01  2.9522E-01
5.8813E-03  4.3476E+01  4.3180E+01  2.9523E-01
5.8825E-03  4.3453E+01  4.3158E+01  2.9524E-01
5.8838E-03  4.3427E+01  4.3131E+01  2.9524E-01
5.8850E-03  4.3402E+01  4.3107E+01  2.9525E-01
5.8863E-03  4.3378E+01  4.3083E+01  2.9526E-01
5.8875E-03  4.3353E+01  4.3058E+01  2.9526E-01
5.8887E-03  4.3329E+01  4.3034E+01  2.9527E-01
5.8900E-03  4.3305E+01  4.3009E+01  2.9527E-01
5.8913E-03  4.3280E+01  4.2985E+01  2.9528E-01
5.8925E-03  4.3256E+01  4.2961E+01  2.9529E-01
5.8937E-03  4.3232E+01  4.2937E+01  2.9529E-01
5.8950E-03  4.3208E+01  4.2912E+01  2.9530E-01
5.8963E-03  4.3183E+01  4.2888E+01  2.9531E-01
5.8975E-03  4.3159E+01  4.2864E+01  2.9531E-01
5.8987E-03  4.3135E+01  4.2840E+01  2.9532E-01
5.9000E-03  4.3111E+01  4.2815E+01  2.9532E-01
5.9013E-03  4.3087E+01  4.2791E+01  2.9533E-01
5.9025E-03  4.3063E+01  4.2767E+01  2.9534E-01
5.9038E-03  4.3038E+01  4.2743E+01  2.9534E-01
5.9050E-03  4.3014E+01  4.2719E+01  2.9535E-01
5.9063E-03  4.2990E+01  4.2695E+01  2.9536E-01
5.9075E-03  4.2966E+01  4.2671E+01  2.9536E-01
5.9088E-03  4.2942E+01  4.2647E+01  2.9537E-01
5.9100E-03  4.2919E+01  4.2623E+01  2.9537E-01
5.9112E-03  4.2895E+01  4.2599E+01  2.9538E-01
5.9125E-03  4.2871E+01  4.2575E+01  2.9539E-01
5.9138E-03  4.2847E+01  4.2552E+01  2.9539E-01
5.9150E-03  4.2824E+01  4.2528E+01  2.9540E-01
5.9162E-03  4.2801E+01  4.2505E+01  2.9541E-01
5.9175E-03  4.2781E+01  4.2486E+01  2.9541E-01
5.9188E-03  4.2759E+01  4.2464E+01  2.9542E-01
5.9200E-03  4.2763E+01  4.2468E+01  2.9543E-01
5.9212E-03  4.3237E+01  4.2942E+01  2.9543E-01
5.9225E-03  4.2749E+01  4.2454E+01  2.9544E-01
5.9238E-03  4.2668E+01  4.2373E+01  2.9544E-01
5.9250E-03  4.2637E+01  4.2341E+01  2.9545E-01
5.9263E-03  4.2610E+01  4.2315E+01  2.9546E-01
5.9275E-03  4.2586E+01  4.2290E+01  2.9546E-01
5.9287E-03  4.2561E+01  4.2266E+01  2.9547E-01
5.9300E-03  4.2537E+01  4.2242E+01  2.9548E-01
5.9313E-03  4.2514E+01  4.2218E+01  2.9548E-01
5.9325E-03  4.2490E+01  4.2194E+01  2.9549E-01
5.9337E-03  4.2466E+01  4.2171E+01  2.9550E-01
5.9350E-03  4.2443E+01  4.2148E+01  2.9550E-01
5.9363E-03  4.2420E+01  4.2125E+01  2.9551E-01
5.9375E-03  4.2399E+01  4.2104E+01  2.9552E-01
5.9387E-03  4.2389E+01  4.2093E+01  2.9552E-01
5.9400E-03  4.6443E+01  4.6148E+01  2.9553E-01
5.9413E-03  4.2348E+01  4.2052E+01  2.9553E-01
5.9425E-03  4.2306E+01  4.2010E+01  2.9554E-01
5.9437E-03  4.2279E+01  4.1984E+01  2.9555E-01
5.9450E-03  4.2255E+01  4.1959E+01  2.9555E-01
5.9463E-03  4.2231E+01  4.1935E+01  2.9556E-01
5.9475E-03  4.2207E+01  4.1911E+01  2.9557E-01
5.9488E-03  4.2183E+01  4.1888E+01  2.9557E-01
5.9500E-03  4.2160E+01  4.1865E+01  2.9558E-01
5.9512E-03  4.2136E+01  4.1841E+01  2.9559E-01
5.9525E-03  4.2113E+01  4.1817E+01  2.9559E-01
5.9538E-03  4.2089E+01  4.1794E+01  2.9560E-01
5.9550E-03  4.2066E+01  4.1770E+01  2.9561E-01
5.9562E-03  4.2043E+01  4.1747E+01  2.9561E-01
5.9575E-03  4.2019E+01  4.1724E+01  2.9562E-01
5.9588E-03  4.1996E+01  4.1700E+01  2.9563E-01
5.9600E-03  4.1973E+01  4.1677E+01  2.9563E-01
5.9612E-03  4.1950E+01  4.1654E+01  2.9564E-01
5.9625E-03  4.1926E+01  4.1631E+01  2.9565E-01
5.9638E-03  4.1903E+01  4.1607E+01  2.9565E-01
5.9650E-03  4.1880E+01  4.1584E+01  2.9566E-01
5.9662E-03  4.1857E+01  4.1561E+01  2.9567E-01
5.9675E-03  4.1833E+01  4.1538E+01  2.9567E-01
5.9688E-03  4.1810E+01  4.1515E+01  2.9568E-01
5.9700E-03  4.1787E+01  4.1492E+01  2.9568E-01
5.9713E-03  4.1764E+01  4.1468E+01  2.9569E-01
5.9725E-03  4.1741E+01  4.1445E+01  2.9570E-01
5.9737E-03  4.1718E+01  4.1422E+01  2.9570E-01
5.9750E-03  4.1695E+01  4.1399E+01  2.9571E-01
5.9763E-03  4.1672E+01  4.1376E+01  2.9572E-01
5.9775E-03  4.1649E+01  4.1353E+01  2.9572E-01
5.9787E-03  4.1626E+01  4.1330E+01  2.9573E-01
5.9800E-03  4.1603E+01  4.1307E+01  2.9574E-01
5.9813E-03  4.1580E+01  4.1284E+01  2.9574E-01
5.9825E-03  4.1557E+01  4.1261E+01  2.9575E-01
5.9837E-03  4.1534E+01  4.1238E+01  2.9576E-01
5.9850E-03  4.1511E+01  4.1215E+01  2.9576E-01
5.9863E-03  4.1488E+01  4.1192E+01  2.9577E-01
5.9875E-03  4.1465E+01  4.1169E+01  2.9578E-01
5.9887E-03  4.1442E+01  4.1146E+01  2.9578E-01
5.9900E-03  4.1419E+01  4.1123E+01  2.9579E-01
5.9913E-03  4.1396E+01  4.1101E+01  2.9580E-01
5.9925E-03  4.1373E+01  4.1078E+01  2.9580E-01
5.9938E-03  4.1351E+01  4.1055E+01  2.9581E-01
5.9950E-03  4.1328E+01  4.1032E+01  2.9582E-01
5.9962E-03  4.1305E+01  4.1009E+01  2.9582E-01
5.9975E-03  4.1282E+01  4.0986E+01  2.9583E-01
5.9988E-03  4.1260E+01  4.0964E+01  2.9584E-01
6.0000E-03  4.1237E+01  4.0941E+01  2.9584E-01
6.0012E-03  4.1214E+01  4.0918E+01  2.9585E-01
6.0025E-03  4.1192E+01  4.0896E+01  2.9586E-01
6.0038E-03  4.1171E+01  4.0875E+01  2.9586E-01
6.0050E-03  4.1236E+01  4.0940E+01  2.9587E-01
6.0062E-03  4.1124E+01  4.0828E+01  2.9588E-01
6.0075E-03  4.1101E+01  4.0805E+01  2.9588E-01
6.0088E-03  4.1078E+01  4.0782E+01  2.9589E-01
6.0100E-03  4.1055E+01  4.0760E+01  2.9590E-01
6.0113E-03  4.1033E+01  4.0737E+01  2.9590E-01
6.0125E-03  4.1010E+01  4.0714E+01  2.9591E-01
6.0137E-03  4.0988E+01  4.0692E+01  2.9592E-01
6.0150E-03  4.0965E+01  4.0669E+01  2.9592E-01
6.0163E-03  4.0943E+01  4.0647E+01  2.9593E-01
6.0175E-03  4.0920E+01  4.0624E+01  2.9594E-01
6.0187E-03  4.0897E+01  4.0602E+01  2.9594E-01
6.0200E-03  4.0875E+01  4.0579E+01  2.9595E-01
6.0213E-03  4.0853E+01  4.0557E+01  2.9596E-01
6.0225E-03  4.0830E+01  4.0534E+01  2.9597E-01
6.0237E-03  4.0808E+01  4.0512E+01  2.9597E-01
6.0250E-03  4.0785E+01  4.0489E+01  2.9598E-01
6.0263E-03  4.0763E+01  4.0467E+01  2.9599E-01
6.0275E-03  4.0741E+01  4.0445E+01  2.9599E-01
6.0287E-03  4.0718E+01  4.0422E+01  2.9600E-01
6.0300E-03  4.0696E+01  4.0400E+01  2.9601E-01
6.0313E-03  4.0677E+01  4.0381E+01  2.9601E-01
6.0325E-03  4.0651E+01  4.0355E+01  2.9602E-01
6.0338E-03  4.0629E+01  4.0333E+01  2.9603E-01
6.0350E-03  4.0606E+01  4.0310E+01  2.9603E-01
6.0362E-03  4.0584E+01  4.0288E+01  2.9604E-01
6.0375E-03  4.0562E+01  4.0266E+01  2.9605E-01
6.0388E-03  4.0539E+01  4.0243E+01  2.9605E-01
6.0400E-03  4.0517E+01  4.0221E+01  2.9606E-01
6.0412E-03  4.0495E+01  4.0199E+01  2.9607E-01
6.0425E-03  4.0473E+01  4.0177E+01  2.9607E-01
6.0438E-03  4.0451E+01  4.0155E+01  2.9608E-01
6.0450E-03  4.0428E+01  4.0132E+01  2.9609E-01
6.0462E-03  4.0406E+01  4.0110E+01  2.9610E-01
6.0475E-03  4.0387E+01  4.0091E+01  2.9610E-01
6.0488E-03  4.0362E+01  4.0066E+01  2.9611E-01
6.0500E-03  4.0340E+01  4.0044E+01  2.9612E-01
6.0512E-03  4.0317E+01  4.0021E+01  2.9612E-01
6.0525E-03  4.0295E+01  3.9999E+01  2.9613E-01
6.0538E-03  4.0273E+01  3.9977E+01  2.9614E-01
6.0550E-03  4.0251E+01  3.9955E+01  2.9614E-01
6.0563E-03  4.0229E+01  3.9933E+01  2.9615E-01
6.0575E-03  4.0207E+01  3.9911E+01  2.9616E-01
6.0587E-03  4.0185E+01  3.9889E+01  2.9616E-01
6.0600E-03  4.0163E+01  3.9867E+01  2.9617E-01
6.0613E-03  4.0141E+01  3.9845E+01  2.9618E-01
6.0625E-03  4.0119E+01  3.9823E+01  2.9619E-01
6.0637E-03  4.0122E+01  3.9825E+01  2.9619E-01
6.0650E-03  4.0075E+01  3.9779E+01  2.9620E-01
6.0663E-03  4.0053E+01  3.9757E+01  2.9621E-01
6.0675E-03  4.0031E+01  3.9735E+01  2.9621E-01
6.0687E-03  4.0009E+01  3.9713E+01  2.9622E-01
6.0700E-03  3.9987E+01  3.9691E+01  2.9623E-01
6.0713E-03  3.9965E+01  3.9669E+01  2.9623E-01
6.0725E-03  3.9944E+01  3.9647E+01  2.9624E-01
6.0738E-03  3.9922E+01  3.9625E+01  2.9625E-01
6.0750E-03  3.9900E+01  3.9604E+01  2.9625E-01
6.0763E-03  3.9878E+01  3.9582E+01  2.9626E-01
6.0775E-03  3.9856E+01  3.9560E+01  2.9627E-01
6.0788E-03  3.9835E+01  3.9538E+01  2.9628E-01
6.0800E-03  3.9813E+01  3.9516E+01  2.9628E-01
6.0812E-03  3.9791E+01  3.9495E+01  2.9629E-01
6.0825E-03  3.9769E+01  3.9473E+01  2.9630E-01
6.0838E-03  3.9748E+01  3.9451E+01  2.9630E-01
6.0850E-03  3.9726E+01  3.9430E+01  2.9631E-01
6.0862E-03  3.9704E+01  3.9408E+01  2.9632E-01
6.0875E-03  3.9682E+01  3.9386E+01  2.9633E-01
6.0888E-03  3.9661E+01  3.9364E+01  2.9633E-01
6.0900E-03  3.9639E+01  3.9343E+01  2.9634E-01
6.0912E-03  3.9618E+01  3.9321E+01  2.9635E-01
6.0925E-03  3.9596E+01  3.9300E+01  2.9635E-01
6.0938E-03  3.9574E+01  3.9278E+01  2.9636E-01
6.0950E-03  3.9553E+01  3.9256E+01  2.9637E-01
6.0963E-03  3.9531E+01  3.9235E+01  2.9637E-01
6.0975E-03  3.9510E+01  3.9213E+01  2.9638E-01
6.0988E-03  3.9488E+01  3.9192E+01  2.9639E-01
6.1000E-03  3.9467E+01  3.9170E+01  2.9640E-01
6.1013E-03  3.9445E+01  3.9149E+01  2.9640E-01
6.1025E-03  3.9424E+01  3.9127E+01  2.9641E-01
6.1037E-03  3.9402E+01  3.9106E+01  2.9642E-01
6.1050E-03  3.9381E+01  3.9084E+01  2.9642E-01
6.1063E-03  3.9359E+01  3.9063E+01  2.9643E-01
6.1075E-03  3.9338E+01  3.9041E+01  2.9644E-01
6.1087E-03  3.9316E+01  3.9020E+01  2.9645E-01
6.1100E-03  3.9295E+01  3.8998E+01  2.9645E-01
6.1113E-03  3.9282E+01  3.8985E+01  2.9646E-01
6.1125E-03  3.9252E+01  3.8956E+01  2.9647E-01
6.1137E-03  3.9231E+01  3.8934E+01  2.9647E-01
6.1150E-03  3.9209E+01  3.8913E+01  2.9648E-01
6.1163E-03  3.9188E+01  3.8892E+01  2.9649E-01
6.1175E-03  3.9167E+01  3.8870E+01  2.9650E-01
6.1188E-03  3.9145E+01  3.8849E+01  2.9650E-01
6.1200E-03  3.9124E+01  3.8828E+01  2.9651E-01
6.1212E-03  3.9103E+01  3.8806E+01  2.9652E-01
6.1225E-03  3.9082E+01  3.8785E+01  2.9653E-01
6.1238E-03  3.9060E+01  3.8764E+01  2.9653E-01
6.1250E-03  3.9039E+01  3.8743E+01  2.9654E-01
6.1262E-03  3.9018E+01  3.8721E+01  2.9655E-01
6.1275E-03  3.8997E+01  3.8700E+01  2.9655E-01
6.1288E-03  3.8976E+01  3.8680E+01  2.9656E-01
6.1300E-03  3.8954E+01  3.8658E+01  2.9657E-01
6.1312E-03  3.8933E+01  3.8637E+01  2.9658E-01
6.1325E-03  3.8913E+01  3.8616E+01  2.9658E-01
6.1338E-03  3.8891E+01  3.8594E+01  2.9659E-01
6.1350E-03  3.8870E+01  3.8573E+01  2.9660E-01
6.1363E-03  3.8849E+01  3.8552E+01  2.9661E-01
6.1375E-03  3.8828E+01  3.8531E+01  2.9661E-01
6.1388E-03  3.8806E+01  3.8510E+01  2.9662E-01
6.1400E-03  3.8785E+01  3.8489E+01  2.9663E-01
6.1413E-03  3.8764E+01  3.8468E+01  2.9663E-01
6.1425E-03  3.8743E+01  3.8447E+01  2.9664E-01
6.1437E-03  3.8722E+01  3.8426E+01  2.9665E-01
6.1450E-03  3.8701E+01  3.8405E+01  2.9666E-01
6.1463E-03  3.8680E+01  3.8384E+01  2.9666E-01
6.1475E-03  3.8659E+01  3.8363E+01  2.9667E-01
6.1487E-03  3.8638E+01  3.8342E+01  2.9668E-01
6.1500E-03  3.8617E+01  3.8321E+01  2.9669E-01
6.1513E-03  3.8596E+01  3.8300E+01  2.9669E-01
6.1525E-03  3.8575E+01  3.8279E+01  2.9670E-01
6.1537E-03  3.8555E+01  3.8258E+01  2.9671E-01
6.1550E-03  3.8534E+01  3.8237E+01  2.9671E-01
6.1563E-03  3.8513E+01  3.8216E+01  2.9672E-01
6.1575E-03  3.8492E+01  3.8195E+01  2.9673E-01
6.1588E-03  3.8471E+01  3.8174E+01  2.9674E-01
6.1600E-03  3.8450E+01  3.8153E+01  2.9674E-01
6.1613E-03  3.8429E+01  3.8132E+01  2.9675E-01
6.1625E-03  3.8408E+01  3.8112E+01  2.9676E-01
6.1638E-03  3.8388E+01  3.8091E+01  2.9677E-01
6.1650E-03  3.8367E+01  3.8070E+01  2.9677E-01
6.1662E-03  3.8346E+01  3.8049E+01  2.9678E-01
6.1675E-03  3.8325E+01  3.8028E+01  2.9679E-01
6.1688E-03  3.8304E+01  3.8008E+01  2.9680E-01
6.1700E-03  3.8284E+01  3.7987E+01  2.9680E-01
6.1712E-03  3.8263E+01  3.7966E+01  2.9681E-01
6.1725E-03  3.8242E+01  3.7945E+01  2.9682E-01
6.1738E-03  3.8221E+01  3.7925E+01  2.9683E-01
6.1750E-03  3.8201E+01  3.7904E+01  2.9683E-01
6.1762E-03  3.8180E+01  3.7883E+01  2.9684E-01
6.1775E-03  3.8159E+01  3.7863E+01  2.9685E-01
6.1788E-03  3.8139E+01  3.7842E+01  2.9686E-01
6.1800E-03  3.8118E+01  3.7821E+01  2.9686E-01
6.1813E-03  3.8097E+01  3.7801E+01  2.9687E-01
6.1825E-03  3.8077E+01  3.7780E+01  2.9688E-01
6.1838E-03  3.8056E+01  3.7759E+01  2.9689E-01
6.1850E-03  3.8036E+01  3.7739E+01  2.9689E-01
6.1863E-03  3.8015E+01  3.7718E+01  2.9690E-01
6.1875E-03  3.7994E+01  3.7697E+01  2.9691E-01
6.1887E-03  3.7974E+01  3.7677E+01  2.9692E-01
6.1900E-03  3.7953E+01  3.7656E+01  2.9692E-01
6.1913E-03  3.7933E+01  3.7636E+01  2.9693E-01
6.1925E-03  3.7912E+01  3.7615E+01  2.9694E-01
6.1937E-03  3.7892E+01  3.7595E+01  2.9695E-01
6.1950E-03  3.7871E+01  3.7574E+01  2.9695E-01
6.1963E-03  3.7851E+01  3.7554E+01  2.9696E-01
6.1975E-03  3.7830E+01  3.7533E+01  2.9697E-01
6.1988E-03  3.7810E+01  3.7513E+01  2.9698E-01
6.2000E-03  3.7789E+01  3.7492E+01  2.9698E-01
6.2013E-03  3.7769E+01  3.7472E+01  2.9699E-01
6.2025E-03  3.7749E+01  3.7452E+01  2.9700E-01
6.2038E-03  3.7728E+01  3.7431E+01  2.9701E-01
6.2050E-03  3.7708E+01  3.7411E+01  2.9701E-01
6.2062E-03  3.7688E+01  3.7391E+01  2.9702E-01
6.2075E-03  3.7667E+01  3.7370E+01  2.9703E-01
6.2088E-03  3.7647E+01  3.7350E+01  2.9704E-01
6.2100E-03  3.7631E+01  3.7334E+01  2.9704E-01
6.2112E-03  3.7606E+01  3.7309E+01  2.9705E-01
6.2125E-03  3.7586E+01  3.7289E+01  2.9706E-01
6.2138E-03  3.7565E+01  3.7268E+01  2.9707E-01
6.2150E-03  3.7545E+01  3.7248E+01  2.9708E-01
6.2162E-03  3.7525E+01  3.7228E+01  2.9708E-01
6.2175E-03  3.7505E+01  3.7207E+01  2.9709E-01
6.2188E-03  3.7484E+01  3.7187E+01  2.9710E-01
6.2200E-03  3.7464E+01  3.7167E+01  2.9711E-01
6.2213E-03  3.7444E+01  3.7147E+01  2.9711E-01
6.2225E-03  3.7424E+01  3.7126E+01  2.9712E-01
6.2238E-03  3.7403E+01  3.7106E+01  2.9713E-01
6.2250E-03  3.7383E+01  3.7086E+01  2.9714E-01
6.2263E-03  3.7363E+01  3.7066E+01  2.9714E-01
6.2275E-03  3.7343E+01  3.7046E+01  2.9715E-01
6.2287E-03  3.7323E+01  3.7025E+01  2.9716E-01
6.2300E-03  3.7302E+01  3.7005E+01  2.9717E-01
6.2313E-03  3.7282E+01  3.6985E+01  2.9718E-01
6.2325E-03  3.7262E+01  3.6965E+01  2.9718E-01
6.2337E-03  3.7279E+01  3.6981E+01  2.9719E-01
6.2350E-03  3.7222E+01  3.6925E+01  2.9720E-01
6.2363E-03  3.7202E+01  3.6905E+01  2.9721E-01
6.2375E-03  3.7182E+01  3.6885E+01  2.9721E-01
6.2387E-03  3.7162E+01  3.6864E+01  2.9722E-01
6.2400E-03  3.7141E+01  3.6844E+01  2.9723E-01
6.2413E-03  3.7121E+01  3.6824E+01  2.9724E-01
6.2425E-03  3.7101E+01  3.6804E+01  2.9725E-01
6.2438E-03  3.7081E+01  3.6784E+01  2.9725E-01
6.2450E-03  3.7061E+01  3.6764E+01  2.9726E-01
6.2463E-03  3.7041E+01  3.6744E+01  2.9727E-01
6.2475E-03  3.7021E+01  3.6724E+01  2.9728E-01
6.2487E-03  3.7001E+01  3.6704E+01  2.9728E-01
6.2500E-03  3.6981E+01  3.6684E+01  2.9729E-01
6.2512E-03  3.6961E+01  3.6664E+01  2.9730E-01
6.2525E-03  3.6941E+01  3.6644E+01  2.9731E-01
6.2538E-03  3.6921E+01  3.6624E+01  2.9732E-01
6.2550E-03  3.6901E+01  3.6604E+01  2.9732E-01
6.2562E-03  3.6881E+01  3.6584E+01  2.9733E-01
6.2575E-03  3.6861E+01  3.6564E+01  2.9734E-01
6.2588E-03  3.6842E+01  3.6544E+01  2.9735E-01
6.2600E-03  3.6822E+01  3.6524E+01  2.9735E-01
6.2613E-03  3.6802E+01  3.6504E+01  2.9736E-01
6.2625E-03  3.6782E+01  3.6485E+01  2.9737E-01
6.2638E-03  3.6762E+01  3.6465E+01  2.9738E-01
6.2650E-03  3.6742E+01  3.6445E+01  2.9739E-01
6.2663E-03  3.6722E+01  3.6425E+01  2.9739E-01
6.2675E-03  3.6702E+01  3.6405E+01  2.9740E-01
6.2688E-03  3.6683E+01  3.6385E+01  2.9741E-01
6.2700E-03  3.6663E+01  3.6365E+01  2.9742E-01
6.2712E-03  3.6643E+01  3.6346E+01  2.9743E-01
6.2725E-03  3.6623E+01  3.6326E+01  2.9743E-01
6.2737E-03  3.6603E+01  3.6306E+01  2.9744E-01
6.2750E-03  3.6588E+01  3.6291E+01  2.9745E-01
6.2763E-03  3.6564E+01  3.6267E+01  2.9746E-01
6.2775E-03  3.6544E+01  3.6247E+01  2.9747E-01
6.2787E-03  3.6525E+01  3.6227E+01  2.9747E-01
6.2800E-03  3.6505E+01  3.6207E+01  2.9748E-01
6.2813E-03  3.6485E+01  3.6187E+01  2.9749E-01
6.2825E-03  3.6465E+01  3.6168E+01  2.9750E-01
6.2838E-03  3.6446E+01  3.6148E+01  2.9751E-01
6.2850E-03  3.6426E+01  3.6128E+01  2.9751E-01
6.2863E-03  3.6406E+01  3.6109E+01  2.9752E-01
6.2875E-03  3.6387E+01  3.6089E+01  2.9753E-01
6.2888E-03  3.6367E+01  3.6069E+01  2.9754E-01
6.2900E-03  3.6347E+01  3.6049E+01  2.9755E-01
6.2912E-03  3.6328E+01  3.6030E+01  2.9755E-01
6.2925E-03  3.6308E+01  3.6010E+01  2.9756E-01
6.2938E-03  3.6288E+01  3.5990E+01  2.9757E-01
6.2950E-03  3.6269E+01  3.5972E+01  2.9758E-01
6.2962E-03  3.6249E+01  3.5951E+01  2.9759E-01
6.2975E-03  3.6229E+01  3.5932E+01  2.9759E-01
6.2988E-03  3.6210E+01  3.5912E+01  2.9760E-01
6.3000E-03  3.6190E+01  3.5892E+01  2.9761E-01
6.3012E-03  3.6170E+01  3.5873E+01  2.9762E-01
6.3025E-03  3.6151E+01  3.5853E+01  2.9763E-01
6.3038E-03  3.6131E+01  3.5834E+01  2.9763E-01
6.3050E-03  3.6112E+01  3.5814E+01  2.9764E-01
6.3063E-03  3.6092E+01  3.5795E+01  2.9765E-01
6.3075E-03  3.6073E+01  3.5775E+01  2.9766E-01
6.3088E-03  3.6053E+01  3.5756E+01  2.9767E-01
6.3100E-03  3.6034E+01  3.5736E+01  2.9767E-01
6.3113E-03  3.6014E+01  3.5716E+01  2.9768E-01
6.3125E-03  3.5995E+01  3.5697E+01  2.9769E-01
6.3137E-03  3.5975E+01  3.5677E+01  2.9770E-01
6.3150E-03  3.5956E+01  3.5658E+01  2.9771E-01
6.3163E-03  3.5936E+01  3.5639E+01  2.9772E-01
6.3175E-03  3.5917E+01  3.5619E+01  2.9772E-01
6.3187E-03  3.5897E+01  3.5600E+01  2.9773E-01
6.3200E-03  3.5878E+01  3.5580E+01  2.9774E-01
6.3213E-03  3.5859E+01  3.5561E+01  2.9775E-01
6.3225E-03  3.5839E+01  3.5541E+01  2.9776E-01
6.3238E-03  3.5820E+01  3.5522E+01  2.9776E-01
6.3250E-03  3.5800E+01  3.5503E+01  2.9777E-01
6.3263E-03  3.5781E+01  3.5483E+01  2.9778E-01
6.3275E-03  3.5762E+01  3.5464E+01  2.9779E-01
6.3288E-03  3.5742E+01  3.5444E+01  2.9780E-01
6.3300E-03  3.5723E+01  3.5425E+01  2.9781E-01
6.3313E-03  3.5703E+01  3.5406E+01  2.9781E-01
6.3325E-03  3.5684E+01  3.5386E+01  2.9782E-01
6.3337E-03  3.5665E+01  3.5367E+01  2.9783E-01
6.3350E-03  3.5646E+01  3.5348E+01  2.9784E-01
6.3362E-03  3.5626E+01  3.5329E+01  2.9785E-01
6.3375E-03  3.5607E+01  3.5309E+01  2.9786E-01
6.3388E-03  3.5587E+01  3.5290E+01  2.9786E-01
6.3400E-03  3.5568E+01  3.5270E+01  2.9787E-01
6.3412E-03  3.5551E+01  3.5253E+01  2.9788E-01
6.3425E-03  3.5530E+01  3.5232E+01  2.9789E-01
6.3438E-03  3.5510E+01  3.5212E+01  2.9790E-01
6.3450E-03  3.5491E+01  3.5193E+01  2.9790E-01
6.3463E-03  3.5472E+01  3.5174E+01  2.9791E-01
6.3475E-03  3.5453E+01  3.5155E+01  2.9792E-01
6.3488E-03  3.5433E+01  3.5136E+01  2.9793E-01
6.3500E-03  3.5414E+01  3.5116E+01  2.9794E-01
6.3513E-03  3.5395E+01  3.5097E+01  2.9795E-01
6.3525E-03  3.5388E+01  3.5090E+01  2.9795E-01
6.3538E-03  3.5358E+01  3.5060E+01  2.9796E-01
6.3550E-03  3.5340E+01  3.5042E+01  2.9797E-01
6.3562E-03  3.5319E+01  3.5021E+01  2.9798E-01
6.3575E-03  3.5299E+01  3.5001E+01  2.9799E-01
6.3587E-03  3.5280E+01  3.4982E+01  2.9800E-01
6.3600E-03  3.5261E+01  3.4963E+01  2.9801E-01
6.3613E-03  3.5242E+01  3.4944E+01  2.9801E-01
6.3625E-03  3.5222E+01  3.4924E+01  2.9802E-01
6.3637E-03  3.5203E+01  3.4905E+01  2.9803E-01
6.3650E-03  3.5184E+01  3.4886E+01  2.9804E-01
6.3663E-03  3.5165E+01  3.4867E+01  2.9805E-01
6.3675E-03  3.5146E+01  3.4848E+01  2.9806E-01
6.3688E-03  3.5127E+01  3.4829E+01  2.9806E-01
6.3700E-03  3.5108E+01  3.4810E+01  2.9807E-01
6.3713E-03  3.5089E+01  3.4791E+01  2.9808E-01
6.3725E-03  3.5070E+01  3.4772E+01  2.9809E-01
6.3738E-03  3.5051E+01  3.4752E+01  2.9810E-01
6.3750E-03  3.5031E+01  3.4733E+01  2.9811E-01
6.3762E-03  3.5014E+01  3.4716E+01  2.9811E-01
6.3775E-03  3.4993E+01  3.4695E+01  2.9812E-01
6.3787E-03  3.4974E+01  3.4676E+01  2.9813E-01
6.3800E-03  3.4955E+01  3.4657E+01  2.9814E-01
6.3812E-03  3.4936E+01  3.4638E+01  2.9815E-01
6.3825E-03  3.4917E+01  3.4619E+01  2.9816E-01
6.3838E-03  3.4898E+01  3.4600E+01  2.9817E-01
6.3850E-03  3.4879E+01  3.4581E+01  2.9817E-01
6.3863E-03  3.4860E+01  3.4562E+01  2.9818E-01
6.3875E-03  3.4841E+01  3.4543E+01  2.9819E-01
6.3888E-03  3.4822E+01  3.4524E+01  2.9820E-01
6.3900E-03  3.4803E+01  3.4505E+01  2.9821E-01
6.3913E-03  3.4785E+01  3.4486E+01  2.9822E-01
6.3925E-03  3.4766E+01  3.4467E+01  2.9823E-01
6.3938E-03  3.4747E+01  3.4448E+01  2.9823E-01
6.3950E-03  3.4728E+01  3.4429E+01  2.9824E-01
6.3963E-03  3.4709E+01  3.4411E+01  2.9825E-01
6.3975E-03  3.4690E+01  3.4392E+01  2.9826E-01
6.3987E-03  3.4671E+01  3.4373E+01  2.9827E-01
6.4000E-03  3.4652E+01  3.4354E+01  2.9828E-01
6.4012E-03  3.4633E+01  3.4335E+01  2.9829E-01
6.4025E-03  3.4614E+01  3.4316E+01  2.9829E-01
6.4037E-03  3.4596E+01  3.4297E+01  2.9830E-01
6.4050E-03  3.4577E+01  3.4278E+01  2.9831E-01
6.4063E-03  3.4558E+01  3.4260E+01  2.9832E-01
6.4075E-03  3.4539E+01  3.4241E+01  2.9833E-01
6.4088E-03  3.4521E+01  3.4222E+01  2.9834E-01
6.4100E-03  3.4502E+01  3.4204E+01  2.9835E-01
6.4113E-03  3.4485E+01  3.4186E+01  2.9836E-01
6.4125E-03  3.4502E+01  3.4203E+01  2.9836E-01
6.4138E-03  3.4451E+01  3.4153E+01  2.9837E-01
6.4150E-03  3.4427E+01  3.4129E+01  2.9838E-01
6.4163E-03  3.4408E+01  3.4109E+01  2.9839E-01
6.4175E-03  3.4389E+01  3.4090E+01  2.9840E-01
6.4187E-03  3.4370E+01  3.4071E+01  2.9841E-01
6.4200E-03  3.4351E+01  3.4053E+01  2.9842E-01
6.4212E-03  3.4332E+01  3.4034E+01  2.9842E-01
6.4225E-03  3.4313E+01  3.4015E+01  2.9843E-01
6.4237E-03  3.4295E+01  3.3996E+01  2.9844E-01
6.4250E-03  3.4276E+01  3.3978E+01  2.9845E-01
6.4262E-03  3.4257E+01  3.3959E+01  2.9846E-01
6.4275E-03  3.4238E+01  3.3940E+01  2.9847E-01
6.4288E-03  3.4220E+01  3.3921E+01  2.9848E-01
6.4300E-03  3.4201E+01  3.3903E+01  2.9849E-01
6.4313E-03  3.4182E+01  3.3884E+01  2.9849E-01
6.4325E-03  3.4164E+01  3.3865E+01  2.9850E-01
6.4338E-03  3.4145E+01  3.3846E+01  2.9851E-01
6.4350E-03  3.4126E+01  3.3828E+01  2.9852E-01
6.4363E-03  3.4108E+01  3.3809E+01  2.9853E-01
6.4375E-03  3.4089E+01  3.3791E+01  2.9854E-01
6.4388E-03  3.4070E+01  3.3772E+01  2.9855E-01
6.4400E-03  3.4052E+01  3.3753E+01  2.9856E-01
6.4412E-03  3.4039E+01  3.3740E+01  2.9857E-01
6.4425E-03  3.4014E+01  3.3716E+01  2.9857E-01
6.4437E-03  3.3996E+01  3.3697E+01  2.9858E-01
6.4450E-03  3.3977E+01  3.3679E+01  2.9859E-01
6.4463E-03  3.3958E+01  3.3660E+01  2.9860E-01
6.4475E-03  3.3940E+01  3.3641E+01  2.9861E-01
6.4488E-03  3.3921E+01  3.3623E+01  2.9862E-01
6.4500E-03  3.3903E+01  3.3604E+01  2.9863E-01
6.4513E-03  3.3884E+01  3.3585E+01  2.9864E-01
6.4525E-03  3.3866E+01  3.3567E+01  2.9865E-01
6.4538E-03  3.3847E+01  3.3548E+01  2.9865E-01
6.4550E-03  3.3828E+01  3.3530E+01  2.9866E-01
6.4563E-03  3.3810E+01  3.3511E+01  2.9867E-01
6.4575E-03  3.3793E+01  3.3494E+01  2.9868E-01
6.4588E-03  3.3773E+01  3.3474E+01  2.9869E-01
6.4600E-03  3.3754E+01  3.3455E+01  2.9870E-01
6.4612E-03  3.3736E+01  3.3437E+01  2.9871E-01
6.4625E-03  3.3717E+01  3.3418E+01  2.9872E-01
6.4637E-03  3.3699E+01  3.3400E+01  2.9873E-01
6.4650E-03  3.3680E+01  3.3381E+01  2.9873E-01
6.4662E-03  3.3662E+01  3.3363E+01  2.9874E-01
6.4675E-03  3.3643E+01  3.3344E+01  2.9875E-01
6.4688E-03  3.3625E+01  3.3326E+01  2.9876E-01
6.4700E-03  3.3606E+01  3.3307E+01  2.9877E-01
6.4713E-03  3.3588E+01  3.3289E+01  2.9878E-01
6.4725E-03  3.3569E+01  3.3270E+01  2.9879E-01
6.4738E-03  3.3551E+01  3.3252E+01  2.9880E-01
6.4750E-03  3.3532E+01  3.3233E+01  2.9881E-01
6.4763E-03  3.3514E+01  3.3215E+01  2.9882E-01
6.4775E-03  3.3495E+01  3.3197E+01  2.9883E-01
6.4788E-03  3.3477E+01  3.3178E+01  2.9883E-01
6.4800E-03  3.3459E+01  3.3160E+01  2.9884E-01
6.4813E-03  3.3440E+01  3.3141E+01  2.9885E-01
6.4825E-03  3.3422E+01  3.3123E+01  2.9886E-01
6.4837E-03  3.3403E+01  3.3104E+01  2.9887E-01
6.4850E-03  3.3385E+01  3.3086E+01  2.9888E-01
6.4862E-03  3.3366E+01  3.3068E+01  2.9889E-01
6.4875E-03  3.3348E+01  3.3049E+01  2.9890E-01
6.4887E-03  3.3330E+01  3.3031E+01  2.9891E-01
6.4900E-03  3.3312E+01  3.3014E+01  2.9892E-01
6.4913E-03  3.3293E+01  3.2994E+01  2.9893E-01
6.4925E-03  3.3275E+01  3.2976E+01  2.9893E-01
6.4938E-03  3.3257E+01  3.2958E+01  2.9894E-01
6.4950E-03  3.3238E+01  3.2939E+01  2.9895E-01
6.4963E-03  3.3220E+01  3.2921E+01  2.9896E-01
6.4975E-03  3.3201E+01  3.2902E+01  2.9897E-01
6.4988E-03  3.3183E+01  3.2884E+01  2.9898E-01
6.5000E-03  3.3165E+01  3.2866E+01  2.9899E-01
6.5013E-03  3.3146E+01  3.2847E+01  2.9900E-01
6.5025E-03  3.3128E+01  3.2829E+01  2.9901E-01
6.5037E-03  3.3110E+01  3.2811E+01  2.9902E-01
6.5050E-03  3.3091E+01  3.2792E+01  2.9903E-01
6.5062E-03  3.3074E+01  3.2775E+01  2.9904E-01
6.5075E-03  3.3055E+01  3.2756E+01  2.9904E-01
6.5087E-03  3.3037E+01  3.2738E+01  2.9905E-01
6.5100E-03  3.3018E+01  3.2719E+01  2.9906E-01
6.5113E-03  3.3000E+01  3.2701E+01  2.9907E-01
6.5125E-03  3.2982E+01  3.2683E+01  2.9908E-01
6.5138E-03  3.2964E+01  3.2665E+01  2.9909E-01
6.5150E-03  3.2945E+01  3.2646E+01  2.9910E-01
6.5163E-03  3.2927E+01  3.2628E+01  2.9911E-01
6.5175E-03  3.2909E+01  3.2610E+01  2.9912E-01
6.5188E-03  3.2891E+01  3.2592E+01  2.9913E-01
6.5200E-03  3.2872E+01  3.2573E+01  2.9914E-01
6.5213E-03  3.2854E+01  3.2555E+01  2.9915E-01
6.5225E-03  3.2838E+01  3.2539E+01  2.9916E-01
6.5238E-03  3.2818E+01  3.2519E+01  2.9917E-01
6.5250E-03  3.2800E+01  3.2500E+01  2.9917E-01
6.5262E-03  3.2782E+01  3.2483E+01  2.9918E-01
6.5275E-03  3.2763E+01  3.2464E+01  2.9919E-01
6.5287E-03  3.2745E+01  3.2446E+01  2.9920E-01
6.5300E-03  3.2727E+01  3.2428E+01  2.9921E-01
6.5312E-03  3.2709E+01  3.2410E+01  2.9922E-01
6.5325E-03  3.2691E+01  3.2391E+01  2.9923E-01
6.5338E-03  3.2673E+01  3.2373E+01  2.9924E-01
6.5350E-03  3.2654E+01  3.2355E+01  2.9925E-01
6.5363E-03  3.2636E+01  3.2337E+01  2.9926E-01
6.5375E-03  3.2618E+01  3.2319E+01  2.9927E-01
6.5388E-03  3.2600E+01  3.2301E+01  2.9928E-01
6.5400E-03  3.2582E+01  3.2283E+01  2.9929E-01
6.5413E-03  3.2564E+01  3.2264E+01  2.9930E-01
6.5425E-03  3.2546E+01  3.2247E+01  2.9931E-01
6.5438E-03  3.2528E+01  3.2228E+01  2.9932E-01
6.5450E-03  3.2509E+01  3.2210E+01  2.9933E-01
6.5462E-03  3.2491E+01  3.2192E+01  2.9933E-01
6.5475E-03  3.2473E+01  3.2174E+01  2.9934E-01
6.5487E-03  3.2455E+01  3.2156E+01  2.9935E-01
6.5500E-03  3.2437E+01  3.2138E+01  2.9936E-01
6.5512E-03  3.2419E+01  3.2120E+01  2.9937E-01
6.5525E-03  3.2401E+01  3.2102E+01  2.9938E-01
6.5537E-03  3.2383E+01  3.2084E+01  2.9939E-01
6.5550E-03  3.2365E+01  3.2066E+01  2.9940E-01
6.5563E-03  3.2347E+01  3.2048E+01  2.9941E-01
6.5575E-03  3.2329E+01  3.2029E+01  2.9942E-01
6.5588E-03  3.2311E+01  3.2011E+01  2.9943E-01
6.5600E-03  3.2293E+01  3.1993E+01  2.9944E-01
6.5613E-03  3.2275E+01  3.1975E+01  2.9945E-01
6.5625E-03  3.2257E+01  3.1957E+01  2.9946E-01
6.5638E-03  3.2239E+01  3.1939E+01  2.9947E-01
6.5650E-03  3.2221E+01  3.1921E+01  2.9948E-01
6.5663E-03  3.2203E+01  3.1903E+01  2.9949E-01
6.5675E-03  3.2185E+01  3.1885E+01  2.9950E-01
6.5687E-03  3.2167E+01  3.1867E+01  2.9951E-01
6.5700E-03  3.2149E+01  3.1850E+01  2.9952E-01
6.5712E-03  3.2132E+01  3.1832E+01  2.9953E-01
6.5725E-03  3.2113E+01  3.1814E+01  2.9954E-01
6.5738E-03  3.2095E+01  3.1796E+01  2.9954E-01
6.5750E-03  3.2078E+01  3.1778E+01  2.9955E-01
6.5763E-03  3.2059E+01  3.1760E+01  2.9956E-01
6.5775E-03  3.2042E+01  3.1742E+01  2.9957E-01
6.5788E-03  3.2024E+01  3.1724E+01  2.9958E-01
6.5800E-03  3.2006E+01  3.1706E+01  2.9959E-01
6.5813E-03  3.1988E+01  3.1688E+01  2.9960E-01
6.5825E-03  3.1970E+01  3.1670E+01  2.9961E-01
6.5838E-03  3.1952E+01  3.1653E+01  2.9962E-01
6.5850E-03  3.1934E+01  3.1635E+01  2.9963E-01
6.5863E-03  3.1917E+01  3.1617E+01  2.9964E-01
6.5875E-03  3.1900E+01  3.1600E+01  2.9965E-01
6.5887E-03  3.1881E+01  3.1582E+01  2.9966E-01
6.5900E-03  3.1864E+01  3.1564E+01  2.9967E-01
6.5912E-03  3.1846E+01  3.1546E+01  2.9968E-01
6.5925E-03  3.1829E+01  3.1529E+01  2.9969E-01
6.5937E-03  3.1812E+01  3.1512E+01  2.9970E-01
6.5950E-03  3.1795E+01  3.1495E+01  2.9971E-01
6.5963E-03  3.1779E+01  3.1479E+01  2.9972E-01
6.5975E-03  3.1765E+01  3.1466E+01  2.9973E-01
6.5988E-03  3.1758E+01  3.1458E+01  2.9974E-01
6.6000E-03  3.1779E+01  3.1480E+01  2.9975E-01
6.6013E-03  3.2498E+01  3.2198E+01  2.9976E-01
6.6025E-03  3.1980E+01  3.1680E+01  2.9977E-01
6.6038E-03  3.1711E+01  3.1411E+01  2.9978E-01
6.6050E-03  3.1668E+01  3.1368E+01  2.9979E-01
6.6063E-03  3.1644E+01  3.1344E+01  2.9980E-01
6.6075E-03  3.1626E+01  3.1326E+01  2.9981E-01
6.6088E-03  3.1618E+01  3.1318E+01  2.9982E-01
6.6100E-03  3.1660E+01  3.1360E+01  2.9983E-01
6.6112E-03  1.7223E+02  1.7193E+02  2.9984E-01
6.6125E-03  3.1613E+01  3.1313E+01  2.9985E-01
6.6137E-03  3.1543E+01  3.1243E+01  2.9986E-01
6.6150E-03  3.1515E+01  3.1215E+01  2.9987E-01
6.6162E-03  3.1493E+01  3.1193E+01  2.9988E-01
6.6175E-03  3.1474E+01  3.1174E+01  2.9989E-01
6.6188E-03  3.1455E+01  3.1155E+01  2.9990E-01
6.6200E-03  3.1437E+01  3.1137E+01  2.9991E-01
6.6213E-03  3.1418E+01  3.1119E+01  2.9992E-01
6.6225E-03  3.1400E+01  3.1100E+01  2.9993E-01
6.6238E-03  3.1383E+01  3.1083E+01  2.9994E-01
6.6250E-03  3.1365E+01  3.1065E+01  2.9995E-01
6.6263E-03  3.1347E+01  3.1047E+01  2.9996E-01
6.6275E-03  3.1329E+01  3.1029E+01  2.9997E-01
6.6288E-03  3.1311E+01  3.1011E+01  2.9998E-01
6.6300E-03  3.1293E+01  3.0993E+01  2.9999E-01
6.6312E-03  3.1276E+01  3.0976E+01  3.0000E-01
6.6325E-03  3.1258E+01  3.0958E+01  3.0001E-01
6.6337E-03  3.1240E+01  3.0940E+01  3.0002E-01
6.6350E-03  3.1222E+01  3.0922E+01  3.0003E-01
6.6363E-03  3.1205E+01  3.0905E+01  3.0004E-01
6.6375E-03  3.1187E+01  3.0887E+01  3.0005E-01
6.6387E-03  3.1169E+01  3.0869E+01  3.0006E-01
6.6400E-03  3.1152E+01  3.0851E+01  3.0007E-01
6.6413E-03  3.1134E+01  3.0834E+01  3.0008E-01
6.6425E-03  3.1116E+01  3.0816E+01  3.0009E-01
6.6438E-03  3.1099E+01  3.0798E+01  3.0010E-01
6.6450E-03  3.1081E+01  3.0781E+01  3.0011E-01
6.6463E-03  3.1063E+01  3.0763E+01  3.0012E-01
6.6475E-03  3.1046E+01  3.0745E+01  3.0013E-01
6.6488E-03  3.1028E+01  3.0728E+01  3.0014E-01
6.6500E-03  3.1010E+01  3.0710E+01  3.0015E-01
6.6513E-03  3.0993E+01  3.0693E+01  3.0016E-01
6.6525E-03  3.0975E+01  3.0675E+01  3.0017E-01
6.6537E-03  3.0957E+01  3.0657E+01  3.0018E-01
6.6550E-03  3.0940E+01  3.0640E+01  3.0019E-01
6.6562E-03  3.0923E+01  3.0623E+01  3.0020E-01
6.6575E-03  3.0905E+01  3.0604E+01  3.0021E-01
6.6588E-03  3.0887E+01  3.0587E+01  3.0022E-01
6.6600E-03  3.0870E+01  3.0569E+01  3.0023E-01
6.6612E-03  3.0852E+01  3.0552E+01  3.0024E-01
6.6625E-03  3.0834E+01  3.0534E+01  3.0025E-01
6.6638E-03  3.0817E+01  3.0516E+01  3.0026E-01
6.6650E-03  3.0799E+01  3.0499E+01  3.0027E-01
6.6663E-03  3.0782E+01  3.0481E+01  3.0028E-01
6.6675E-03  3.0764E+01  3.0464E+01  3.0029E-01
6.6688E-03  3.0746E+01  3.0446E+01  3.0030E-01
6.6700E-03  3.0729E+01  3.0429E+01  3.0031E-01
6.6713E-03  3.0711E+01  3.0411E+01  3.0032E-01
6.6725E-03  3.0694E+01  3.0394E+01  3.0033E-01
6.6737E-03  3.0676E+01  3.0376E+01  3.0034E-01
6.6750E-03  3.0659E+01  3.0358E+01  3.0035E-01
6.6762E-03  3.0641E+01  3.0341E+01  3.0036E-01
6.6775E-03  3.0624E+01  3.0323E+01  3.0037E-01
6.6787E-03  3.0606E+01  3.0306E+01  3.0038E-01
6.6800E-03  3.0589E+01  3.0288E+01  3.0039E-01
6.6813E-03  3.0571E+01  3.0271E+01  3.0040E-01
6.6825E-03  3.0554E+01  3.0253E+01  3.0041E-01
6.6837E-03  3.0536E+01  3.0236E+01  3.0043E-01
6.6850E-03  3.0519E+01  3.0219E+01  3.0044E-01
6.6863E-03  3.0508E+01  3.0208E+01  3.0045E-01
6.6875E-03  3.0484E+01  3.0183E+01  3.0046E-01
6.6888E-03  3.0467E+01  3.0166E+01  3.0047E-01
6.6900E-03  3.0449E+01  3.0148E+01  3.0048E-01
6.6913E-03  3.0431E+01  3.0131E+01  3.0049E-01
6.6925E-03  3.0414E+01  3.0114E+01  3.0050E-01
6.6938E-03  3.0397E+01  3.0096E+01  3.0051E-01
6.6950E-03  3.0379E+01  3.0079E+01  3.0052E-01
6.6962E-03  3.0362E+01  3.0061E+01  3.0053E-01
6.6975E-03  3.0344E+01  3.0044E+01  3.0054E-01
6.6988E-03  3.0327E+01  3.0027E+01  3.0055E-01
6.7000E-03  3.0309E+01  3.0009E+01  3.0056E-01
6.7012E-03  3.0292E+01  2.9991E+01  3.0057E-01
6.7025E-03  3.0275E+01  2.9974E+01  3.0058E-01
6.7038E-03  3.0257E+01  2.9957E+01  3.0059E-01
6.7050E-03  3.0240E+01  2.9939E+01  3.0060E-01
6.7062E-03  3.0222E+01  2.9922E+01  3.0061E-01
6.7075E-03  3.0205E+01  2.9904E+01  3.0062E-01
6.7088E-03  3.0188E+01  2.9887E+01  3.0063E-01
6.7100E-03  3.0170E+01  2.9870E+01  3.0064E-01
6.7113E-03  3.0153E+01  2.9852E+01  3.0066E-01
6.7125E-03  3.0136E+01  2.9835E+01  3.0067E-01
6.7138E-03  3.0118E+01  2.9818E+01  3.0068E-01
6.7150E-03  3.0101E+01  2.9801E+01  3.0069E-01
6.7162E-03  3.0086E+01  2.9786E+01  3.0070E-01
6.7175E-03  3.0092E+01  2.9792E+01  3.0071E-01
6.7187E-03  3.0051E+01  2.9750E+01  3.0072E-01
6.7200E-03  3.0034E+01  2.9733E+01  3.0073E-01
6.7213E-03  3.0028E+01  2.9728E+01  3.0074E-01
6.7225E-03  3.0072E+01  2.9772E+01  3.0075E-01
6.7237E-03  2.9983E+01  2.9683E+01  3.0076E-01
6.7250E-03  2.9963E+01  2.9662E+01  3.0077E-01
6.7263E-03  2.9945E+01  2.9644E+01  3.0078E-01
6.7275E-03  2.9928E+01  2.9627E+01  3.0079E-01
6.7288E-03  2.9910E+01  2.9609E+01  3.0080E-01
6.7300E-03  2.9893E+01  2.9592E+01  3.0081E-01
6.7313E-03  2.9875E+01  2.9575E+01  3.0083E-01
6.7325E-03  2.9858E+01  2.9557E+01  3.0084E-01
6.7338E-03  2.9841E+01  2.9540E+01  3.0085E-01
6.7350E-03  2.9823E+01  2.9523E+01  3.0086E-01
6.7363E-03  2.9806E+01  2.9505E+01  3.0087E-01
6.7375E-03  2.9789E+01  2.9488E+01  3.0088E-01
6.7387E-03  2.9772E+01  2.9471E+01  3.0089E-01
6.7400E-03  2.9756E+01  2.9456E+01  3.0090E-01
6.7412E-03  2.9789E+01  2.9488E+01  3.0091E-01
6.7425E-03  2.9726E+01  2.9425E+01  3.0092E-01
6.7438E-03  2.9703E+01  2.9403E+01  3.0093E-01
6.7450E-03  2.9686E+01  2.9385E+01  3.0094E-01
6.7462E-03  2.9668E+01  2.9367E+01  3.0095E-01
6.7475E-03  2.9651E+01  2.9350E+01  3.0097E-01
6.7488E-03  2.9633E+01  2.9332E+01  3.0098E-01
6.7500E-03  2.9616E+01  2.9315E+01  3.0099E-01
6.7513E-03  2.9599E+01  2.9298E+01  3.0100E-01
6.7525E-03  2.9582E+01  2.9281E+01  3.0101E-01
6.7538E-03  2.9564E+01  2.9263E+01  3.0102E-01
6.7550E-03  2.9547E+01  2.9246E+01  3.0103E-01
6.7563E-03  2.9530E+01  2.9229E+01  3.0104E-01
6.7575E-03  2.9513E+01  2.9212E+01  3.0105E-01
6.7588E-03  2.9495E+01  2.9194E+01  3.0106E-01
6.7600E-03  2.9478E+01  2.9177E+01  3.0107E-01
6.7613E-03  2.9461E+01  2.9160E+01  3.0108E-01
6.7625E-03  2.9444E+01  2.9143E+01  3.0110E-01
6.7637E-03  2.9427E+01  2.9126E+01  3.0111E-01
6.7650E-03  2.9409E+01  2.9108E+01  3.0112E-01
6.7663E-03  2.9392E+01  2.9091E+01  3.0113E-01
6.7675E-03  2.9375E+01  2.9074E+01  3.0114E-01
6.7687E-03  2.9358E+01  2.9057E+01  3.0115E-01
6.7700E-03  2.9341E+01  2.9040E+01  3.0116E-01
6.7713E-03  2.9324E+01  2.9022E+01  3.0117E-01
6.7725E-03  2.9306E+01  2.9005E+01  3.0118E-01
6.7738E-03  2.9289E+01  2.8988E+01  3.0119E-01
6.7750E-03  2.9272E+01  2.8971E+01  3.0121E-01
6.7763E-03  2.9255E+01  2.8954E+01  3.0122E-01
6.7775E-03  2.9238E+01  2.8937E+01  3.0123E-01
6.7788E-03  2.9221E+01  2.8919E+01  3.0124E-01
6.7800E-03  2.9204E+01  2.8902E+01  3.0125E-01
6.7812E-03  2.9186E+01  2.8885E+01  3.0126E-01
6.7825E-03  2.9169E+01  2.8868E+01  3.0127E-01
6.7838E-03  2.9152E+01  2.8851E+01  3.0128E-01
6.7850E-03  2.9135E+01  2.8834E+01  3.0129E-01
6.7862E-03  2.9118E+01  2.8817E+01  3.0130E-01
6.7875E-03  2.9101E+01  2.8799E+01  3.0132E-01
6.7888E-03  2.9084E+01  2.8782E+01  3.0133E-01
6.7900E-03  2.9067E+01  2.8765E+01  3.0134E-01
6.7912E-03  2.9049E+01  2.8748E+01  3.0135E-01
6.7925E-03  2.9032E+01  2.8731E+01  3.0136E-01
6.7938E-03  2.9015E+01  2.8714E+01  3.0137E-01
6.7950E-03  2.8998E+01  2.8697E+01  3.0138E-01
6.7963E-03  2.8981E+01  2.8680E+01  3.0139E-01
6.7975E-03  2.8964E+01  2.8663E+01  3.0140E-01
6.7988E-03  2.8947E+01  2.8646E+01  3.0142E-01
6.8000E-03  2.8930E+01  2.8628E+01  3.0143E-01
6.8013E-03  2.8913E+01  2.8611E+01  3.0144E-01
6.8025E-03  2.8896E+01  2.8595E+01  3.0145E-01
6.8037E-03  2.8879E+01  2.8577E+01  3.0146E-01
6.8050E-03  2.8862E+01  2.8560E+01  3.0147E-01
6.8063E-03  2.8845E+01  2.8543E+01  3.0148E-01
6.8075E-03  2.8828E+01  2.8526E+01  3.0149E-01
6.8087E-03  2.8811E+01  2.8509E+01  3.0151E-01
6.8100E-03  2.8794E+01  2.8492E+01  3.0152E-01
6.8113E-03  2.8777E+01  2.8475E+01  3.0153E-01
6.8125E-03  2.8760E+01  2.8458E+01  3.0154E-01
6.8137E-03  2.8743E+01  2.8441E+01  3.0155E-01
6.8150E-03  2.8726E+01  2.8424E+01  3.0156E-01
6.8163E-03  2.8709E+01  2.8407E+01  3.0157E-01
6.8175E-03  2.8692E+01  2.8390E+01  3.0158E-01
6.8188E-03  2.8675E+01  2.8373E+01  3.0160E-01
6.8200E-03  2.8658E+01  2.8356E+01  3.0161E-01
6.8213E-03  2.8641E+01  2.8339E+01  3.0162E-01
6.8225E-03  2.8624E+01  2.8322E+01  3.0163E-01
6.8238E-03  2.8607E+01  2.8305E+01  3.0164E-01
6.8250E-03  2.8590E+01  2.8288E+01  3.0165E-01
6.8262E-03  2.8573E+01  2.8272E+01  3.0166E-01
6.8275E-03  2.8557E+01  2.8255E+01  3.0168E-01
6.8288E-03  2.8540E+01  2.8238E+01  3.0169E-01
6.8300E-03  2.8524E+01  2.8222E+01  3.0170E-01
6.8312E-03  2.8508E+01  2.8207E+01  3.0171E-01
6.8325E-03  2.8494E+01  2.8192E+01  3.0172E-01
6.8338E-03  2.8483E+01  2.8182E+01  3.0173E-01
6.8350E-03  2.8492E+01  2.8190E+01  3.0174E-01
6.8362E-03  2.9029E+01  2.8727E+01  3.0176E-01
6.8375E-03  2.8594E+01  2.8292E+01  3.0177E-01
6.8388E-03  2.8429E+01  2.8127E+01  3.0178E-01
6.8400E-03  2.8396E+01  2.8094E+01  3.0179E-01
6.8413E-03  2.8374E+01  2.8072E+01  3.0180E-01
6.8425E-03  2.8355E+01  2.8053E+01  3.0181E-01
6.8438E-03  2.8337E+01  2.8036E+01  3.0182E-01
6.8450E-03  2.8320E+01  2.8018E+01  3.0184E-01
6.8463E-03  2.8303E+01  2.8001E+01  3.0185E-01
6.8475E-03  2.8286E+01  2.7984E+01  3.0186E-01
6.8487E-03  2.8268E+01  2.7967E+01  3.0187E-01
6.8500E-03  2.8252E+01  2.7950E+01  3.0188E-01
6.8513E-03  2.8235E+01  2.7933E+01  3.0189E-01
6.8525E-03  2.8218E+01  2.7916E+01  3.0191E-01
6.8537E-03  2.8201E+01  2.7899E+01  3.0192E-01
6.8550E-03  2.8184E+01  2.7883E+01  3.0193E-01
6.8563E-03  2.8168E+01  2.7866E+01  3.0194E-01
6.8575E-03  2.8151E+01  2.7849E+01  3.0195E-01
6.8587E-03  2.8135E+01  2.7833E+01  3.0196E-01
6.8600E-03  2.8118E+01  2.7816E+01  3.0198E-01
6.8613E-03  2.8102E+01  2.7800E+01  3.0199E-01
6.8625E-03  2.8086E+01  2.7784E+01  3.0200E-01
6.8638E-03  2.8071E+01  2.7769E+01  3.0201E-01
6.8650E-03  2.8057E+01  2.7755E+01  3.0202E-01
6.8662E-03  2.8051E+01  2.7749E+01  3.0203E-01
6.8675E-03  2.8640E+01  2.8338E+01  3.0205E-01
6.8688E-03  2.8078E+01  2.7776E+01  3.0206E-01
6.8700E-03  2.7997E+01  2.7695E+01  3.0207E-01
6.8712E-03  2.7974E+01  2.7672E+01  3.0208E-01
6.8725E-03  2.7956E+01  2.7654E+01  3.0209E-01
6.8738E-03  2.7939E+01  2.7637E+01  3.0210E-01
6.8750E-03  2.7922E+01  2.7620E+01  3.0212E-01
6.8762E-03  2.7906E+01  2.7604E+01  3.0213E-01
6.8775E-03  2.7890E+01  2.7588E+01  3.0214E-01
6.8788E-03  2.7875E+01  2.7573E+01  3.0215E-01
6.8800E-03  2.7864E+01  2.7561E+01  3.0216E-01
6.8813E-03  2.7842E+01  2.7540E+01  3.0217E-01
6.8825E-03  2.7826E+01  2.7524E+01  3.0219E-01
6.8838E-03  2.7816E+01  2.7514E+01  3.0220E-01
6.8850E-03  2.7798E+01  2.7496E+01  3.0221E-01
6.8863E-03  2.7820E+01  2.7517E+01  3.0222E-01
6.8875E-03  2.7837E+01  2.7535E+01  3.0223E-01
6.8887E-03  2.7752E+01  2.7450E+01  3.0225E-01
6.8900E-03  2.7731E+01  2.7429E+01  3.0226E-01
6.8913E-03  2.7714E+01  2.7412E+01  3.0227E-01
6.8925E-03  2.7698E+01  2.7396E+01  3.0228E-01
6.8937E-03  2.7682E+01  2.7380E+01  3.0229E-01
6.8950E-03  2.7666E+01  2.7364E+01  3.0231E-01
6.8963E-03  2.7650E+01  2.7348E+01  3.0232E-01
6.8975E-03  2.7634E+01  2.7332E+01  3.0233E-01
6.8987E-03  2.7619E+01  2.7316E+01  3.0234E-01
6.9000E-03  2.7604E+01  2.7301E+01  3.0235E-01
6.9013E-03  2.7587E+01  2.7285E+01  3.0237E-01
6.9025E-03  2.7572E+01  2.7269E+01  3.0238E-01
6.9038E-03  2.7556E+01  2.7254E+01  3.0239E-01
6.9050E-03  2.7540E+01  2.7238E+01  3.0240E-01
6.9063E-03  2.7525E+01  2.7222E+01  3.0241E-01
6.9075E-03  2.7509E+01  2.7207E+01  3.0243E-01
6.9088E-03  2.7494E+01  2.7191E+01  3.0244E-01
6.9100E-03  2.7478E+01  2.7176E+01  3.0245E-01
6.9112E-03  2.7463E+01  2.7160E+01  3.0246E-01
6.9125E-03  2.7447E+01  2.7145E+01  3.0247E-01
6.9138E-03  2.7432E+01  2.7130E+01  3.0249E-01
6.9150E-03  2.7417E+01  2.7114E+01  3.0250E-01
6.9162E-03  2.7401E+01  2.7099E+01  3.0251E-01
6.9175E-03  2.7386E+01  2.7084E+01  3.0252E-01
6.9188E-03  2.7371E+01  2.7068E+01  3.0253E-01
6.9200E-03  2.7356E+01  2.7053E+01  3.0255E-01
6.9212E-03  2.7340E+01  2.7038E+01  3.0256E-01
6.9225E-03  2.7325E+01  2.7022E+01  3.0257E-01
6.9238E-03  2.7310E+01  2.7007E+01  3.0258E-01
6.9250E-03  2.7295E+01  2.6992E+01  3.0259E-01
6.9263E-03  2.7279E+01  2.6977E+01  3.0261E-01
6.9275E-03  2.7264E+01  2.6962E+01  3.0262E-01
6.9288E-03  2.7249E+01  2.6947E+01  3.0263E-01
6.9300E-03  2.7234E+01  2.6932E+01  3.0264E-01
6.9313E-03  2.7219E+01  2.6917E+01  3.0266E-01
6.9325E-03  2.7205E+01  2.6902E+01  3.0267E-01
6.9337E-03  2.7197E+01  2.6894E+01  3.0268E-01
6.9350E-03  2.7175E+01  2.6873E+01  3.0269E-01
6.9363E-03  2.7159E+01  2.6857E+01  3.0270E-01
6.9375E-03  2.7144E+01  2.6842E+01  3.0272E-01
6.9387E-03  2.7139E+01  2.6836E+01  3.0273E-01
6.9400E-03  2.7115E+01  2.6812E+01  3.0274E-01
6.9413E-03  2.7100E+01  2.6797E+01  3.0275E-01
6.9425E-03  2.7085E+01  2.6782E+01  3.0277E-01
6.9437E-03  2.7070E+01  2.6767E+01  3.0278E-01
6.9450E-03  2.7055E+01  2.6752E+01  3.0279E-01
6.9463E-03  2.7040E+01  2.6738E+01  3.0280E-01
6.9475E-03  2.7026E+01  2.6723E+01  3.0282E-01
6.9488E-03  2.7012E+01  2.6709E+01  3.0283E-01
6.9500E-03  2.6996E+01  2.6693E+01  3.0284E-01
6.9512E-03  2.6982E+01  2.6679E+01  3.0285E-01
6.9525E-03  2.6967E+01  2.6664E+01  3.0286E-01
6.9538E-03  2.6952E+01  2.6650E+01  3.0288E-01
6.9550E-03  2.6942E+01  2.6639E+01  3.0289E-01
6.9562E-03  2.6924E+01  2.6621E+01  3.0290E-01
6.9575E-03  2.6909E+01  2.6606E+01  3.0291E-01
6.9588E-03  2.6894E+01  2.6591E+01  3.0293E-01
6.9600E-03  2.6880E+01  2.6577E+01  3.0294E-01
6.9612E-03  2.6865E+01  2.6563E+01  3.0295E-01
6.9625E-03  2.6852E+01  2.6549E+01  3.0296E-01
6.9638E-03  2.6836E+01  2.6533E+01  3.0298E-01
6.9650E-03  2.6823E+01  2.6520E+01  3.0299E-01
6.9662E-03  2.6807E+01  2.6504E+01  3.0300E-01
6.9675E-03  2.6796E+01  2.6493E+01  3.0301E-01
6.9688E-03  2.6792E+01  2.6489E+01  3.0303E-01
6.9700E-03  2.6764E+01  2.6461E+01  3.0304E-01
6.9713E-03  2.7057E+01  2.6754E+01  3.0305E-01
6.9725E-03  2.6736E+01  2.6432E+01  3.0306E-01
6.9737E-03  2.6721E+01  2.6418E+01  3.0308E-01
6.9750E-03  2.6707E+01  2.6404E+01  3.0309E-01
6.9763E-03  2.6693E+01  2.6390E+01  3.0310E-01
6.9775E-03  2.6679E+01  2.6375E+01  3.0311E-01
6.9787E-03  2.6667E+01  2.6364E+01  3.0313E-01
6.9800E-03  2.6651E+01  2.6348E+01  3.0314E-01
6.9813E-03  2.6639E+01  2.6336E+01  3.0315E-01
6.9825E-03  2.6622E+01  2.6319E+01  3.0316E-01
6.9837E-03  2.6608E+01  2.6304E+01  3.0318E-01
6.9850E-03  2.6594E+01  2.6291E+01  3.0319E-01
6.9863E-03  2.6579E+01  2.6276E+01  3.0320E-01
6.9875E-03  2.6565E+01  2.6262E+01  3.0322E-01
6.9887E-03  2.6551E+01  2.6248E+01  3.0323E-01
6.9900E-03  2.6537E+01  2.6234E+01  3.0324E-01
6.9913E-03  2.6523E+01  2.6220E+01  3.0325E-01
6.9925E-03  2.6509E+01  2.6206E+01  3.0327E-01
6.9938E-03  2.6495E+01  2.6192E+01  3.0328E-01
6.9950E-03  2.6481E+01  2.6178E+01  3.0329E-01
6.9962E-03  2.6467E+01  2.6164E+01  3.0330E-01
6.9975E-03  2.6453E+01  2.6150E+01  3.0332E-01
6.9988E-03  2.6439E+01  2.6136E+01  3.0333E-01
7.0000E-03  2.6426E+01  2.6122E+01  3.0334E-01
7.0012E-03  2.6412E+01  2.6109E+01  3.0336E-01
7.0025E-03  2.6398E+01  2.6095E+01  3.0337E-01
7.0038E-03  2.6384E+01  2.6081E+01  3.0338E-01
7.0050E-03  2.6370E+01  2.6067E+01  3.0339E-01
7.0062E-03  2.6356E+01  2.6053E+01  3.0341E-01
7.0075E-03  2.6343E+01  2.6039E+01  3.0342E-01
7.0088E-03  2.6329E+01  2.6025E+01  3.0343E-01
7.0100E-03  2.6315E+01  2.6012E+01  3.0345E-01
7.0113E-03  2.6301E+01  2.5998E+01  3.0346E-01
7.0125E-03  2.6288E+01  2.5984E+01  3.0347E-01
7.0138E-03  2.6275E+01  2.5971E+01  3.0348E-01
7.0150E-03  2.6260E+01  2.5957E+01  3.0350E-01
7.0163E-03  2.6247E+01  2.5943E+01  3.0351E-01
7.0175E-03  2.6233E+01  2.5930E+01  3.0352E-01
7.0187E-03  2.6220E+01  2.5916E+01  3.0354E-01
7.0200E-03  2.6206E+01  2.5902E+01  3.0355E-01
7.0213E-03  2.6192E+01  2.5889E+01  3.0356E-01
7.0225E-03  2.6179E+01  2.5875E+01  3.0357E-01
7.0237E-03  2.6165E+01  2.5862E+01  3.0359E-01
7.0250E-03  2.6152E+01  2.5848E+01  3.0360E-01
7.0263E-03  2.6138E+01  2.5835E+01  3.0361E-01
7.0275E-03  2.6125E+01  2.5821E+01  3.0363E-01
7.0287E-03  2.6111E+01  2.5808E+01  3.0364E-01
7.0300E-03  2.6098E+01  2.5794E+01  3.0365E-01
7.0313E-03  2.6085E+01  2.5781E+01  3.0367E-01
7.0325E-03  2.6071E+01  2.5767E+01  3.0368E-01
7.0338E-03  2.6058E+01  2.5754E+01  3.0369E-01
7.0350E-03  2.6044E+01  2.5741E+01  3.0370E-01
7.0362E-03  2.6031E+01  2.5727E+01  3.0372E-01
7.0375E-03  2.6018E+01  2.5714E+01  3.0373E-01
7.0388E-03  2.6004E+01  2.5701E+01  3.0374E-01
7.0400E-03  2.5991E+01  2.5687E+01  3.0376E-01
7.0412E-03  2.5978E+01  2.5674E+01  3.0377E-01
7.0425E-03  2.5965E+01  2.5661E+01  3.0378E-01
7.0438E-03  2.5952E+01  2.5648E+01  3.0380E-01
7.0450E-03  2.5939E+01  2.5635E+01  3.0381E-01
7.0462E-03  2.5926E+01  2.5623E+01  3.0382E-01
7.0475E-03  2.5912E+01  2.5608E+01  3.0384E-01
7.0488E-03  2.5899E+01  2.5595E+01  3.0385E-01
7.0500E-03  2.5886E+01  2.5582E+01  3.0386E-01
7.0512E-03  2.5872E+01  2.5568E+01  3.0388E-01
7.0525E-03  2.5859E+01  2.5555E+01  3.0389E-01
7.0538E-03  2.5846E+01  2.5542E+01  3.0390E-01
7.0550E-03  2.5833E+01  2.5529E+01  3.0392E-01
7.0563E-03  2.5820E+01  2.5516E+01  3.0393E-01
7.0575E-03  2.5807E+01  2.5503E+01  3.0394E-01
7.0587E-03  2.5794E+01  2.5490E+01  3.0395E-01
7.0600E-03  2.5781E+01  2.5477E+01  3.0397E-01
7.0613E-03  2.5768E+01  2.5464E+01  3.0398E-01
7.0625E-03  2.5755E+01  2.5451E+01  3.0399E-01
7.0637E-03  2.5742E+01  2.5438E+01  3.0401E-01
7.0650E-03  2.5729E+01  2.5425E+01  3.0402E-01
7.0663E-03  2.5716E+01  2.5412E+01  3.0403E-01
7.0675E-03  2.5703E+01  2.5399E+01  3.0405E-01
7.0687E-03  2.5690E+01  2.5386E+01  3.0406E-01
7.0700E-03  2.5677E+01  2.5373E+01  3.0407E-01
7.0713E-03  2.5664E+01  2.5360E+01  3.0409E-01
7.0725E-03  2.5651E+01  2.5347E+01  3.0410E-01
7.0738E-03  2.5638E+01  2.5334E+01  3.0412E-01
7.0750E-03  2.5626E+01  2.5321E+01  3.0413E-01
7.0763E-03  2.5613E+01  2.5309E+01  3.0414E-01
7.0775E-03  2.5600E+01  2.5296E+01  3.0416E-01
7.0788E-03  2.5588E+01  2.5284E+01  3.0417E-01
7.0800E-03  2.5574E+01  2.5270E+01  3.0418E-01
7.0812E-03  2.5562E+01  2.5257E+01  3.0420E-01
7.0825E-03  2.5549E+01  2.5245E+01  3.0421E-01
7.0838E-03  2.5536E+01  2.5232E+01  3.0422E-01
7.0850E-03  2.5523E+01  2.5219E+01  3.0424E-01
7.0862E-03  2.5511E+01  2.5207E+01  3.0425E-01
7.0875E-03  2.5498E+01  2.5194E+01  3.0426E-01
7.0888E-03  2.5485E+01  2.5181E+01  3.0428E-01
7.0900E-03  2.5473E+01  2.5169E+01  3.0429E-01
7.0912E-03  2.5460E+01  2.5156E+01  3.0430E-01
7.0925E-03  2.5448E+01  2.5143E+01  3.0432E-01
7.0938E-03  2.5435E+01  2.5131E+01  3.0433E-01
7.0950E-03  2.5422E+01  2.5118E+01  3.0434E-01
7.0963E-03  2.5410E+01  2.5105E+01  3.0436E-01
7.0975E-03  2.5397E+01  2.5093E+01  3.0437E-01
7.0988E-03  2.5386E+01  2.5081E+01  3.0439E-01
7.1000E-03  2.5372E+01  2.5068E+01  3.0440E-01
7.1013E-03  2.5359E+01  2.5055E+01  3.0441E-01
7.1025E-03  2.5347E+01  2.5043E+01  3.0443E-01
7.1037E-03  2.5334E+01  2.5030E+01  3.0444E-01
7.1050E-03  2.5322E+01  2.5018E+01  3.0445E-01
7.1063E-03  2.5310E+01  2.5005E+01  3.0447E-01
7.1075E-03  2.5297E+01  2.4993E+01  3.0448E-01
7.1087E-03  2.5285E+01  2.4980E+01  3.0450E-01
7.1100E-03  2.5272E+01  2.4968E+01  3.0451E-01
7.1113E-03  2.5260E+01  2.4956E+01  3.0452E-01
7.1125E-03  2.5247E+01  2.4943E+01  3.0454E-01
7.1137E-03  2.5235E+01  2.4931E+01  3.0455E-01
7.1150E-03  2.5225E+01  2.4920E+01  3.0456E-01
7.1163E-03  2.5210E+01  2.4906E+01  3.0458E-01
7.1175E-03  2.5198E+01  2.4894E+01  3.0459E-01
7.1188E-03  2.5186E+01  2.4881E+01  3.0461E-01
7.1200E-03  2.5174E+01  2.4869E+01  3.0462E-01
7.1212E-03  2.5161E+01  2.4857E+01  3.0463E-01
7.1225E-03  2.5149E+01  2.4844E+01  3.0465E-01
7.1238E-03  2.5137E+01  2.4832E+01  3.0466E-01
7.1250E-03  2.5124E+01  2.4820E+01  3.0467E-01
7.1262E-03  2.5112E+01  2.4808E+01  3.0469E-01
7.1275E-03  2.5101E+01  2.4796E+01  3.0470E-01
7.1288E-03  2.5088E+01  2.4783E+01  3.0472E-01
7.1300E-03  2.5076E+01  2.4771E+01  3.0473E-01
7.1312E-03  2.5065E+01  2.4760E+01  3.0474E-01
7.1325E-03  2.5051E+01  2.4747E+01  3.0476E-01
7.1338E-03  2.5039E+01  2.4735E+01  3.0477E-01
7.1350E-03  2.5028E+01  2.4723E+01  3.0479E-01
7.1363E-03  2.5019E+01  2.4714E+01  3.0480E-01
7.1375E-03  2.5113E+01  2.4808E+01  3.0481E-01
7.1388E-03  2.4991E+01  2.4686E+01  3.0483E-01
7.1400E-03  2.4979E+01  2.4674E+01  3.0484E-01
7.1413E-03  2.4967E+01  2.4662E+01  3.0486E-01
7.1425E-03  2.4955E+01  2.4650E+01  3.0487E-01
7.1437E-03  2.4943E+01  2.4638E+01  3.0488E-01
7.1450E-03  2.4931E+01  2.4626E+01  3.0490E-01
7.1463E-03  2.4919E+01  2.4614E+01  3.0491E-01
7.1475E-03  2.4911E+01  2.4606E+01  3.0493E-01
7.1487E-03  2.4895E+01  2.4590E+01  3.0494E-01
7.1500E-03  2.4883E+01  2.4578E+01  3.0495E-01
7.1513E-03  2.4871E+01  2.4566E+01  3.0497E-01
7.1525E-03  2.4859E+01  2.4554E+01  3.0498E-01
7.1537E-03  2.4847E+01  2.4542E+01  3.0500E-01
7.1550E-03  2.4836E+01  2.4531E+01  3.0501E-01
7.1563E-03  2.4824E+01  2.4519E+01  3.0503E-01
7.1575E-03  2.4812E+01  2.4507E+01  3.0504E-01
7.1588E-03  2.4800E+01  2.4495E+01  3.0505E-01
7.1600E-03  2.4789E+01  2.4483E+01  3.0507E-01
7.1613E-03  2.4776E+01  2.4471E+01  3.0508E-01
7.1625E-03  2.4765E+01  2.4460E+01  3.0510E-01
7.1638E-03  2.4760E+01  2.4455E+01  3.0511E-01
7.1650E-03  2.4741E+01  2.4436E+01  3.0512E-01
7.1662E-03  2.4730E+01  2.4424E+01  3.0514E-01
7.1675E-03  2.4718E+01  2.4413E+01  3.0515E-01
7.1688E-03  2.4706E+01  2.4401E+01  3.0517E-01
7.1700E-03  2.4695E+01  2.4390E+01  3.0518E-01
7.1712E-03  2.4683E+01  2.4378E+01  3.0520E-01
7.1725E-03  2.4672E+01  2.4367E+01  3.0521E-01
7.1738E-03  2.4660E+01  2.4355E+01  3.0522E-01
7.1750E-03  2.4649E+01  2.4344E+01  3.0524E-01
7.1762E-03  2.4638E+01  2.4333E+01  3.0525E-01
7.1775E-03  2.4626E+01  2.4321E+01  3.0527E-01
7.1788E-03  2.4615E+01  2.4309E+01  3.0528E-01
7.1800E-03  2.4618E+01  2.4313E+01  3.0530E-01
7.1813E-03  2.4592E+01  2.4287E+01  3.0531E-01
7.1825E-03  2.4581E+01  2.4276E+01  3.0533E-01
7.1838E-03  2.4571E+01  2.4265E+01  3.0534E-01
7.1850E-03  2.4559E+01  2.4254E+01  3.0535E-01
7.1863E-03  2.4548E+01  2.4243E+01  3.0537E-01
7.1875E-03  2.4538E+01  2.4233E+01  3.0538E-01
7.1887E-03  2.4527E+01  2.4222E+01  3.0540E-01
7.1900E-03  2.4517E+01  2.4211E+01  3.0541E-01
7.1913E-03  2.4507E+01  2.4201E+01  3.0543E-01
7.1925E-03  2.4498E+01  2.4192E+01  3.0544E-01
7.1937E-03  2.4487E+01  2.4182E+01  3.0546E-01
7.1950E-03  2.4478E+01  2.4173E+01  3.0547E-01
7.1963E-03  2.4496E+01  2.4190E+01  3.0549E-01
7.1975E-03  2.4462E+01  2.4156E+01  3.0550E-01
7.1988E-03  2.4455E+01  2.4150E+01  3.0551E-01
7.2000E-03  2.4450E+01  2.4145E+01  3.0553E-01
7.2013E-03  2.4446E+01  2.4141E+01  3.0554E-01
7.2025E-03  2.4446E+01  2.4141E+01  3.0556E-01
7.2038E-03  2.4451E+01  2.4145E+01  3.0557E-01
7.2050E-03  2.4464E+01  2.4158E+01  3.0559E-01
7.2062E-03  2.4492E+01  2.4187E+01  3.0560E-01
7.2075E-03  2.4553E+01  2.4248E+01  3.0562E-01
7.2088E-03  2.4697E+01  2.4391E+01  3.0563E-01
7.2100E-03  2.5114E+01  2.4808E+01  3.0565E-01
7.2112E-03  2.7370E+01  2.7064E+01  3.0566E-01
7.2125E-03  2.6944E+03  2.6941E+03  3.0568E-01
7.2138E-03  2.7618E+01  2.7312E+01  3.0569E-01
7.2150E-03  2.5157E+01  2.4851E+01  3.0570E-01
7.2162E-03  2.4749E+01  2.4444E+01  3.0572E-01
7.2175E-03  2.4705E+01  2.4399E+01  3.0573E-01
7.2188E-03  2.5063E+01  2.4757E+01  3.0575E-01
7.2200E-03  3.0395E+01  3.0089E+01  3.0576E-01
7.2213E-03  3.1098E+01  3.0792E+01  3.0578E-01
7.2225E-03  2.4981E+01  2.4675E+01  3.0579E-01
7.2238E-03  2.4497E+01  2.4191E+01  3.0581E-01
7.2250E-03  2.4353E+01  2.4048E+01  3.0582E-01
7.2263E-03  2.4285E+01  2.3980E+01  3.0584E-01
7.2275E-03  2.4245E+01  2.3939E+01  3.0585E-01
7.2287E-03  2.4249E+01  2.3943E+01  3.0587E-01
7.2300E-03  2.4194E+01  2.3888E+01  3.0588E-01
7.2313E-03  2.4176E+01  2.3870E+01  3.0590E-01
7.2325E-03  2.4161E+01  2.3855E+01  3.0591E-01
7.2337E-03  2.4147E+01  2.3841E+01  3.0593E-01
7.2350E-03  2.4135E+01  2.3829E+01  3.0594E-01
7.2363E-03  2.4124E+01  2.3818E+01  3.0596E-01
7.2375E-03  2.4114E+01  2.3808E+01  3.0597E-01
7.2387E-03  2.4105E+01  2.3799E+01  3.0599E-01
7.2400E-03  2.4099E+01  2.3793E+01  3.0600E-01
7.2413E-03  2.4095E+01  2.3789E+01  3.0602E-01
7.2425E-03  2.4093E+01  2.3787E+01  3.0603E-01
7.2438E-03  2.4096E+01  2.3790E+01  3.0605E-01
7.2450E-03  2.4161E+01  2.3855E+01  3.0606E-01
7.2463E-03  2.4132E+01  2.3826E+01  3.0608E-01
7.2475E-03  2.4183E+01  2.3877E+01  3.0609E-01
7.2487E-03  2.4296E+01  2.3990E+01  3.0611E-01
7.2500E-03  2.4583E+01  2.4277E+01  3.0612E-01
7.2512E-03  2.5660E+01  2.5354E+01  3.0614E-01
7.2525E-03  3.9720E+01  3.9414E+01  3.0615E-01
7.2538E-03  3.8886E+01  3.8580E+01  3.0617E-01
7.2550E-03  2.5611E+01  2.5305E+01  3.0618E-01
7.2562E-03  2.4545E+01  2.4239E+01  3.0620E-01
7.2575E-03  2.4253E+01  2.3947E+01  3.0621E-01
7.2588E-03  2.4140E+01  2.3833E+01  3.0623E-01
7.2600E-03  2.4107E+01  2.3801E+01  3.0624E-01
7.2613E-03  2.4204E+01  2.3898E+01  3.0626E-01
7.2625E-03  2.4299E+01  2.3992E+01  3.0627E-01
7.2638E-03  2.5141E+01  2.4835E+01  3.0629E-01
7.2650E-03  6.1136E+01  6.0830E+01  3.0630E-01
7.2663E-03  2.7133E+01  2.6827E+01  3.0632E-01
7.2675E-03  2.4448E+01  2.4142E+01  3.0633E-01
7.2688E-03  2.4069E+01  2.3762E+01  3.0635E-01
7.2700E-03  2.3939E+01  2.3633E+01  3.0637E-01
7.2712E-03  2.3875E+01  2.3569E+01  3.0638E-01
7.2725E-03  2.3835E+01  2.3529E+01  3.0640E-01
7.2737E-03  2.3807E+01  2.3500E+01  3.0641E-01
7.2750E-03  2.3784E+01  2.3478E+01  3.0643E-01
7.2763E-03  2.3765E+01  2.3459E+01  3.0644E-01
7.2775E-03  2.3748E+01  2.3442E+01  3.0646E-01
7.2787E-03  2.3733E+01  2.3426E+01  3.0647E-01
7.2800E-03  2.3718E+01  2.3412E+01  3.0649E-01
7.2813E-03  2.3705E+01  2.3398E+01  3.0650E-01
7.2825E-03  2.3691E+01  2.3385E+01  3.0652E-01
7.2838E-03  2.3679E+01  2.3373E+01  3.0653E-01
7.2850E-03  2.3666E+01  2.3360E+01  3.0655E-01
7.2863E-03  2.3654E+01  2.3348E+01  3.0656E-01
7.2875E-03  2.3642E+01  2.3336E+01  3.0658E-01
7.2888E-03  2.3630E+01  2.3324E+01  3.0660E-01
7.2900E-03  2.3619E+01  2.3312E+01  3.0661E-01
7.2912E-03  2.3607E+01  2.3301E+01  3.0663E-01
7.2925E-03  2.3596E+01  2.3289E+01  3.0664E-01
7.2938E-03  2.3584E+01  2.3278E+01  3.0666E-01
7.2950E-03  2.3573E+01  2.3267E+01  3.0667E-01
7.2962E-03  2.3562E+01  2.3255E+01  3.0669E-01
7.2975E-03  2.3551E+01  2.3244E+01  3.0670E-01
7.2988E-03  2.3540E+01  2.3233E+01  3.0672E-01
7.3000E-03  2.3529E+01  2.3222E+01  3.0674E-01
7.3012E-03  2.3518E+01  2.3211E+01  3.0675E-01
7.3025E-03  2.3507E+01  2.3200E+01  3.0677E-01
7.3038E-03  2.3496E+01  2.3189E+01  3.0678E-01
7.3050E-03  2.3485E+01  2.3178E+01  3.0680E-01
7.3063E-03  2.3474E+01  2.3168E+01  3.0681E-01
7.3075E-03  2.3464E+01  2.3157E+01  3.0683E-01
7.3088E-03  2.3453E+01  2.3146E+01  3.0685E-01
7.3100E-03  2.3443E+01  2.3136E+01  3.0686E-01
7.3113E-03  2.3432E+01  2.3125E+01  3.0688E-01
7.3125E-03  2.3421E+01  2.3114E+01  3.0689E-01
7.3137E-03  2.3411E+01  2.3104E+01  3.0691E-01
7.3150E-03  2.3401E+01  2.3094E+01  3.0692E-01
7.3163E-03  2.3391E+01  2.3084E+01  3.0694E-01
7.3175E-03  2.3382E+01  2.3075E+01  3.0696E-01
7.3187E-03  2.3401E+01  2.3094E+01  3.0697E-01
7.3200E-03  2.3374E+01  2.3067E+01  3.0699E-01
7.3213E-03  2.3351E+01  2.3044E+01  3.0700E-01
7.3225E-03  2.3340E+01  2.3033E+01  3.0702E-01
7.3238E-03  2.3330E+01  2.3023E+01  3.0703E-01
7.3250E-03  2.3320E+01  2.3013E+01  3.0705E-01
7.3263E-03  2.3311E+01  2.3004E+01  3.0707E-01
7.3275E-03  2.3302E+01  2.2995E+01  3.0708E-01
7.3288E-03  2.3294E+01  2.2987E+01  3.0710E-01
7.3300E-03  2.3287E+01  2.2980E+01  3.0711E-01
7.3313E-03  2.3282E+01  2.2974E+01  3.0713E-01
7.3325E-03  2.3279E+01  2.2972E+01  3.0715E-01
7.3337E-03  2.3282E+01  2.2975E+01  3.0716E-01
7.3350E-03  2.3297E+01  2.2990E+01  3.0718E-01
7.3362E-03  2.3349E+01  2.3042E+01  3.0719E-01
7.3375E-03  2.3565E+01  2.3258E+01  3.0721E-01
7.3388E-03  2.6584E+01  2.6277E+01  3.0723E-01
7.3400E-03  2.6161E+01  2.5854E+01  3.0724E-01
7.3412E-03  2.3529E+01  2.3222E+01  3.0726E-01
7.3425E-03  2.3314E+01  2.3007E+01  3.0727E-01
7.3438E-03  2.3256E+01  2.2948E+01  3.0729E-01
7.3450E-03  2.3239E+01  2.2932E+01  3.0731E-01
7.3463E-03  2.3250E+01  2.2943E+01  3.0732E-01
7.3475E-03  2.3304E+01  2.2996E+01  3.0734E-01
7.3488E-03  2.3489E+01  2.3182E+01  3.0735E-01
7.3500E-03  2.4504E+01  2.4196E+01  3.0737E-01
7.3513E-03  2.5175E+03  2.5172E+03  3.0739E-01
7.3525E-03  2.4827E+01  2.4520E+01  3.0740E-01
7.3538E-03  2.3483E+01  2.3175E+01  3.0742E-01
7.3550E-03  2.3241E+01  2.2934E+01  3.0743E-01
7.3562E-03  2.3151E+01  2.2844E+01  3.0745E-01
7.3575E-03  2.3104E+01  2.2797E+01  3.0747E-01
7.3587E-03  2.3074E+01  2.2767E+01  3.0748E-01
7.3600E-03  2.3052E+01  2.2744E+01  3.0750E-01
7.3613E-03  2.3033E+01  2.2726E+01  3.0752E-01
7.3625E-03  2.3018E+01  2.2710E+01  3.0753E-01
7.3637E-03  2.3003E+01  2.2696E+01  3.0755E-01
7.3650E-03  2.2990E+01  2.2683E+01  3.0756E-01
7.3663E-03  2.2978E+01  2.2670E+01  3.0758E-01
7.3675E-03  2.2966E+01  2.2658E+01  3.0760E-01
7.3688E-03  2.2954E+01  2.2646E+01  3.0761E-01
7.3700E-03  2.2942E+01  2.2635E+01  3.0763E-01
7.3713E-03  2.2931E+01  2.2624E+01  3.0765E-01
7.3725E-03  2.2920E+01  2.2613E+01  3.0766E-01
7.3738E-03  2.2909E+01  2.2602E+01  3.0768E-01
7.3750E-03  2.2899E+01  2.2591E+01  3.0769E-01
7.3762E-03  2.2888E+01  2.2580E+01  3.0771E-01
7.3775E-03  2.2877E+01  2.2569E+01  3.0773E-01
7.3787E-03  2.2867E+01  2.2559E+01  3.0774E-01
7.3800E-03  2.2856E+01  2.2548E+01  3.0776E-01
7.3812E-03  2.2845E+01  2.2538E+01  3.0778E-01
7.3825E-03  2.2835E+01  2.2527E+01  3.0779E-01
7.3838E-03  2.2825E+01  2.2517E+01  3.0781E-01
7.3850E-03  2.2814E+01  2.2506E+01  3.0783E-01
7.3863E-03  2.2804E+01  2.2496E+01  3.0784E-01
7.3875E-03  2.2794E+01  2.2486E+01  3.0786E-01
7.3888E-03  2.2783E+01  2.2475E+01  3.0788E-01
7.3900E-03  2.2773E+01  2.2465E+01  3.0789E-01
7.3913E-03  2.2763E+01  2.2455E+01  3.0791E-01
7.3925E-03  2.2752E+01  2.2445E+01  3.0793E-01
7.3938E-03  2.2742E+01  2.2434E+01  3.0794E-01
7.3950E-03  2.2732E+01  2.2424E+01  3.0796E-01
7.3963E-03  2.2722E+01  2.2414E+01  3.0798E-01
7.3975E-03  2.2712E+01  2.2404E+01  3.0799E-01
7.3987E-03  2.2702E+01  2.2394E+01  3.0801E-01
7.4000E-03  2.2692E+01  2.2384E+01  3.0803E-01
7.4012E-03  2.2683E+01  2.2375E+01  3.0804E-01
7.4025E-03  2.2675E+01  2.2367E+01  3.0806E-01
7.4037E-03  2.2675E+01  2.2367E+01  3.0808E-01
7.4050E-03  2.2872E+01  2.2564E+01  3.0809E-01
7.4063E-03  2.2696E+01  2.2388E+01  3.0811E-01
7.4075E-03  2.2640E+01  2.2332E+01  3.0813E-01
7.4088E-03  2.2624E+01  2.2316E+01  3.0814E-01
7.4100E-03  2.2612E+01  2.2304E+01  3.0816E-01
7.4113E-03  2.2601E+01  2.2293E+01  3.0818E-01
7.4125E-03  2.2591E+01  2.2283E+01  3.0819E-01
7.4138E-03  2.2580E+01  2.2272E+01  3.0821E-01
7.4150E-03  2.2570E+01  2.2262E+01  3.0823E-01
7.4163E-03  2.2560E+01  2.2252E+01  3.0824E-01
7.4175E-03  2.2550E+01  2.2242E+01  3.0826E-01
7.4187E-03  2.2541E+01  2.2232E+01  3.0828E-01
7.4200E-03  2.2531E+01  2.2223E+01  3.0829E-01
7.4212E-03  2.2531E+01  2.2223E+01  3.0831E-01
7.4225E-03  2.2518E+01  2.2209E+01  3.0833E-01
7.4237E-03  2.2534E+01  2.2226E+01  3.0834E-01
7.4250E-03  2.2558E+01  2.2249E+01  3.0836E-01
7.4262E-03  2.2488E+01  2.2179E+01  3.0838E-01
7.4275E-03  2.2482E+01  2.2174E+01  3.0840E-01
7.4288E-03  2.2463E+01  2.2154E+01  3.0841E-01
7.4300E-03  2.2451E+01  2.2143E+01  3.0843E-01
7.4313E-03  2.2495E+01  2.2187E+01  3.0845E-01
7.4325E-03  2.2431E+01  2.2122E+01  3.0846E-01
7.4338E-03  2.2420E+01  2.2112E+01  3.0848E-01
7.4350E-03  2.2410E+01  2.2102E+01  3.0850E-01
7.4363E-03  2.2400E+01  2.2092E+01  3.0851E-01
7.4375E-03  2.2390E+01  2.2082E+01  3.0853E-01
7.4388E-03  2.2380E+01  2.2072E+01  3.0855E-01
7.4400E-03  2.2371E+01  2.2062E+01  3.0857E-01
7.4412E-03  2.2361E+01  2.2052E+01  3.0858E-01
7.4425E-03  2.2351E+01  2.2042E+01  3.0860E-01
7.4437E-03  2.2341E+01  2.2032E+01  3.0862E-01
7.4450E-03  2.2331E+01  2.2022E+01  3.0863E-01
7.4463E-03  2.2321E+01  2.2013E+01  3.0865E-01
7.4475E-03  2.2311E+01  2.2003E+01  3.0867E-01
7.4488E-03  2.2301E+01  2.1993E+01  3.0869E-01
7.4500E-03  2.2292E+01  2.1983E+01  3.0870E-01
7.4513E-03  2.2282E+01  2.1973E+01  3.0872E-01
7.4525E-03  2.2272E+01  2.1963E+01  3.0874E-01
7.4538E-03  2.2262E+01  2.1953E+01  3.0875E-01
7.4550E-03  2.2252E+01  2.1943E+01  3.0877E-01
7.4563E-03  2.2243E+01  2.1934E+01  3.0879E-01
7.4575E-03  2.2233E+01  2.1924E+01  3.0881E-01
7.4588E-03  2.2223E+01  2.1914E+01  3.0882E-01
7.4600E-03  2.2213E+01  2.1904E+01  3.0884E-01
7.4613E-03  2.2203E+01  2.1894E+01  3.0886E-01
7.4625E-03  2.2193E+01  2.1885E+01  3.0888E-01
7.4637E-03  2.2184E+01  2.1875E+01  3.0889E-01
7.4650E-03  2.2174E+01  2.1865E+01  3.0891E-01
7.4662E-03  2.2164E+01  2.1855E+01  3.0893E-01
7.4675E-03  2.2154E+01  2.1846E+01  3.0895E-01
7.4688E-03  2.2145E+01  2.1836E+01  3.0896E-01
7.4700E-03  2.2135E+01  2.1826E+01  3.0898E-01
7.4713E-03  2.2125E+01  2.1816E+01  3.0900E-01
7.4725E-03  2.2116E+01  2.1807E+01  3.0902E-01
7.4738E-03  2.2106E+01  2.1797E+01  3.0903E-01
7.4750E-03  2.2096E+01  2.1787E+01  3.0905E-01
7.4763E-03  2.2086E+01  2.1777E+01  3.0907E-01
7.4775E-03  2.2077E+01  2.1768E+01  3.0909E-01
7.4788E-03  2.2067E+01  2.1758E+01  3.0910E-01
7.4800E-03  2.2057E+01  2.1748E+01  3.0912E-01
7.4813E-03  2.2048E+01  2.1739E+01  3.0914E-01
7.4825E-03  2.2038E+01  2.1729E+01  3.0916E-01
7.4837E-03  2.2028E+01  2.1719E+01  3.0917E-01
7.4850E-03  2.2020E+01  2.1710E+01  3.0919E-01
7.4862E-03  2.2009E+01  2.1700E+01  3.0921E-01
7.4875E-03  2.1999E+01  2.1690E+01  3.0923E-01
7.4887E-03  2.1990E+01  2.1681E+01  3.0924E-01
7.4900E-03  2.1980E+01  2.1671E+01  3.0926E-01
7.4913E-03  2.1971E+01  2.1661E+01  3.0928E-01
7.4925E-03  2.1961E+01  2.1652E+01  3.0930E-01
7.4938E-03  2.1951E+01  2.1642E+01  3.0931E-01
7.4950E-03  2.1942E+01  2.1632E+01  3.0933E-01
7.4963E-03  2.1932E+01  2.1623E+01  3.0935E-01
7.4975E-03  2.1923E+01  2.1613E+01  3.0937E-01
7.4988E-03  2.1913E+01  2.1604E+01  3.0939E-01
7.5000E-03  2.1903E+01  2.1594E+01  3.0940E-01
7.5013E-03  2.1894E+01  2.1584E+01  3.0942E-01
7.5025E-03  2.1884E+01  2.1575E+01  3.0944E-01
7.5038E-03  2.1875E+01  2.1565E+01  3.0946E-01
7.5050E-03  2.1865E+01  2.1556E+01  3.0947E-01
7.5062E-03  2.1856E+01  2.1546E+01  3.0949E-01
7.5075E-03  2.1846E+01  2.1536E+01  3.0951E-01
7.5087E-03  2.1836E+01  2.1527E+01  3.0953E-01
7.5100E-03  2.1827E+01  2.1517E+01  3.0955E-01
7.5113E-03  2.1817E+01  2.1508E+01  3.0956E-01
7.5125E-03  2.1808E+01  2.1498E+01  3.0958E-01
7.5138E-03  2.1798E+01  2.1489E+01  3.0960E-01
7.5150E-03  2.1789E+01  2.1479E+01  3.0962E-01
7.5163E-03  2.1779E+01  2.1470E+01  3.0964E-01
7.5175E-03  2.1770E+01  2.1460E+01  3.0965E-01
7.5188E-03  2.1760E+01  2.1451E+01  3.0967E-01
7.5200E-03  2.1751E+01  2.1441E+01  3.0969E-01
7.5213E-03  2.1741E+01  2.1432E+01  3.0971E-01
7.5225E-03  2.1732E+01  2.1422E+01  3.0973E-01
7.5238E-03  2.1722E+01  2.1413E+01  3.0974E-01
7.5250E-03  2.1713E+01  2.1403E+01  3.0976E-01
7.5262E-03  2.1704E+01  2.1394E+01  3.0978E-01
7.5275E-03  2.1694E+01  2.1384E+01  3.0980E-01
7.5287E-03  2.1685E+01  2.1375E+01  3.0982E-01
7.5300E-03  2.1676E+01  2.1366E+01  3.0983E-01
7.5312E-03  2.1666E+01  2.1356E+01  3.0985E-01
7.5325E-03  2.1657E+01  2.1347E+01  3.0987E-01
7.5338E-03  2.1647E+01  2.1337E+01  3.0989E-01
7.5350E-03  2.1638E+01  2.1328E+01  3.0991E-01
7.5363E-03  2.1629E+01  2.1319E+01  3.0993E-01
7.5375E-03  2.1619E+01  2.1309E+01  3.0994E-01
7.5388E-03  2.1609E+01  2.1299E+01  3.0996E-01
7.5400E-03  2.1600E+01  2.1290E+01  3.0998E-01
7.5413E-03  2.1591E+01  2.1281E+01  3.1000E-01
7.5425E-03  2.1581E+01  2.1271E+01  3.1002E-01
7.5438E-03  2.1572E+01  2.1262E+01  3.1004E-01
7.5450E-03  2.1562E+01  2.1252E+01  3.1005E-01
7.5463E-03  2.1553E+01  2.1243E+01  3.1007E-01
7.5475E-03  2.1544E+01  2.1234E+01  3.1009E-01
7.5487E-03  2.1534E+01  2.1224E+01  3.1011E-01
7.5500E-03  2.1525E+01  2.1215E+01  3.1013E-01
7.5512E-03  2.1516E+01  2.1205E+01  3.1015E-01
7.5525E-03  2.1506E+01  2.1196E+01  3.1016E-01
7.5537E-03  2.1497E+01  2.1187E+01  3.1018E-01
7.5550E-03  2.1488E+01  2.1177E+01  3.1020E-01
7.5563E-03  2.1478E+01  2.1168E+01  3.1022E-01
7.5575E-03  2.1469E+01  2.1159E+01  3.1024E-01
7.5588E-03  2.1460E+01  2.1149E+01  3.1026E-01
7.5600E-03  2.1450E+01  2.1140E+01  3.1027E-01
7.5613E-03  2.1441E+01  2.1131E+01  3.1029E-01
7.5625E-03  2.1432E+01  2.1121E+01  3.1031E-01
7.5638E-03  2.1422E+01  2.1112E+01  3.1033E-01
7.5650E-03  2.1413E+01  2.1103E+01  3.1035E-01
7.5663E-03  2.1404E+01  2.1094E+01  3.1037E-01
7.5675E-03  2.1395E+01  2.1084E+01  3.1039E-01
7.5687E-03  2.1385E+01  2.1075E+01  3.1040E-01
7.5700E-03  2.1376E+01  2.1066E+01  3.1042E-01
7.5712E-03  2.1367E+01  2.1057E+01  3.1044E-01
7.5725E-03  2.1358E+01  2.1047E+01  3.1046E-01
7.5738E-03  2.1349E+01  2.1038E+01  3.1048E-01
7.5750E-03  2.1339E+01  2.1029E+01  3.1050E-01
7.5763E-03  2.1330E+01  2.1020E+01  3.1052E-01
7.5775E-03  2.1321E+01  2.1010E+01  3.1054E-01
7.5788E-03  2.1312E+01  2.1001E+01  3.1055E-01
7.5800E-03  2.1302E+01  2.0992E+01  3.1057E-01
7.5813E-03  2.1293E+01  2.0983E+01  3.1059E-01
7.5825E-03  2.1284E+01  2.0973E+01  3.1061E-01
7.5838E-03  2.1275E+01  2.0964E+01  3.1063E-01
7.5850E-03  2.1266E+01  2.0955E+01  3.1065E-01
7.5863E-03  2.1257E+01  2.0946E+01  3.1067E-01
7.5875E-03  2.1247E+01  2.0937E+01  3.1069E-01
7.5888E-03  2.1238E+01  2.0928E+01  3.1070E-01
7.5900E-03  2.1229E+01  2.0918E+01  3.1072E-01
7.5912E-03  2.1220E+01  2.0909E+01  3.1074E-01
7.5925E-03  2.1211E+01  2.0900E+01  3.1076E-01
7.5937E-03  2.1202E+01  2.0891E+01  3.1078E-01
7.5950E-03  2.1193E+01  2.0882E+01  3.1080E-01
7.5963E-03  2.1183E+01  2.0873E+01  3.1082E-01
7.5975E-03  2.1174E+01  2.0864E+01  3.1084E-01
7.5988E-03  2.1165E+01  2.0854E+01  3.1086E-01
7.6000E-03  2.1156E+01  2.0845E+01  3.1088E-01
7.6013E-03  2.1147E+01  2.0836E+01  3.1089E-01
7.6025E-03  2.1138E+01  2.0827E+01  3.1091E-01
7.6038E-03  2.1129E+01  2.0818E+01  3.1093E-01
7.6050E-03  2.1120E+01  2.0809E+01  3.1095E-01
7.6063E-03  2.1111E+01  2.0800E+01  3.1097E-01
7.6075E-03  2.1101E+01  2.0790E+01  3.1099E-01
7.6088E-03  2.1092E+01  2.0781E+01  3.1101E-01
7.6100E-03  2.1083E+01  2.0772E+01  3.1103E-01
7.6112E-03  2.1074E+01  2.0763E+01  3.1105E-01
7.6125E-03  2.1065E+01  2.0754E+01  3.1107E-01
7.6137E-03  2.1057E+01  2.0746E+01  3.1109E-01
7.6150E-03  2.1048E+01  2.0737E+01  3.1110E-01
7.6162E-03  2.1038E+01  2.0727E+01  3.1112E-01
7.6175E-03  2.1030E+01  2.0719E+01  3.1114E-01
7.6188E-03  2.1035E+01  2.0723E+01  3.1116E-01
7.6200E-03  2.1011E+01  2.0700E+01  3.1118E-01
7.6213E-03  2.1002E+01  2.0691E+01  3.1120E-01
7.6225E-03  2.0993E+01  2.0682E+01  3.1122E-01
7.6238E-03  2.0984E+01  2.0672E+01  3.1124E-01
7.6250E-03  2.0975E+01  2.0663E+01  3.1126E-01
7.6263E-03  2.0966E+01  2.0655E+01  3.1128E-01
7.6275E-03  2.0957E+01  2.0645E+01  3.1130E-01
7.6288E-03  2.0948E+01  2.0636E+01  3.1132E-01
7.6300E-03  2.0939E+01  2.0627E+01  3.1134E-01
7.6313E-03  2.0930E+01  2.0618E+01  3.1136E-01
7.6325E-03  2.0921E+01  2.0609E+01  3.1137E-01
7.6337E-03  2.0912E+01  2.0600E+01  3.1139E-01
7.6350E-03  2.0903E+01  2.0591E+01  3.1141E-01
7.6363E-03  2.0894E+01  2.0582E+01  3.1143E-01
7.6375E-03  2.0885E+01  2.0573E+01  3.1145E-01
7.6387E-03  2.0876E+01  2.0564E+01  3.1147E-01
7.6400E-03  2.0867E+01  2.0555E+01  3.1149E-01
7.6413E-03  2.0858E+01  2.0546E+01  3.1151E-01
7.6425E-03  2.0849E+01  2.0537E+01  3.1153E-01
7.6438E-03  2.0840E+01  2.0529E+01  3.1155E-01
7.6450E-03  2.0831E+01  2.0520E+01  3.1157E-01
7.6463E-03  2.0822E+01  2.0511E+01  3.1159E-01
7.6475E-03  2.0813E+01  2.0502E+01  3.1161E-01
7.6488E-03  2.0804E+01  2.0493E+01  3.1163E-01
7.6500E-03  2.0795E+01  2.0484E+01  3.1165E-01
7.6513E-03  2.0787E+01  2.0475E+01  3.1167E-01
7.6525E-03  2.0778E+01  2.0466E+01  3.1169E-01
7.6537E-03  2.0770E+01  2.0458E+01  3.1171E-01
7.6550E-03  2.0761E+01  2.0449E+01  3.1173E-01
7.6562E-03  2.0751E+01  2.0439E+01  3.1175E-01
7.6575E-03  2.0743E+01  2.0431E+01  3.1177E-01
7.6588E-03  2.0735E+01  2.0423E+01  3.1179E-01
7.6600E-03  2.0730E+01  2.0418E+01  3.1181E-01
7.6612E-03  2.0716E+01  2.0404E+01  3.1183E-01
7.6625E-03  2.0707E+01  2.0395E+01  3.1185E-01
7.6638E-03  2.0698E+01  2.0386E+01  3.1187E-01
7.6650E-03  2.0690E+01  2.0378E+01  3.1189E-01
7.6663E-03  2.0853E+01  2.0541E+01  3.1191E-01
7.6675E-03  2.0672E+01  2.0360E+01  3.1193E-01
7.6688E-03  2.0663E+01  2.0351E+01  3.1194E-01
7.6700E-03  2.0654E+01  2.0342E+01  3.1196E-01
7.6713E-03  2.0645E+01  2.0333E+01  3.1198E-01
7.6725E-03  2.0636E+01  2.0324E+01  3.1200E-01
7.6738E-03  2.0627E+01  2.0315E+01  3.1202E-01
7.6750E-03  2.0618E+01  2.0306E+01  3.1204E-01
7.6762E-03  2.0610E+01  2.0297E+01  3.1206E-01
7.6775E-03  2.0601E+01  2.0289E+01  3.1208E-01
7.6787E-03  2.0592E+01  2.0280E+01  3.1210E-01
7.6800E-03  2.0583E+01  2.0271E+01  3.1212E-01
7.6813E-03  2.0575E+01  2.0263E+01  3.1214E-01
7.6825E-03  2.0567E+01  2.0255E+01  3.1216E-01
7.6837E-03  2.0565E+01  2.0253E+01  3.1218E-01
7.6850E-03  2.0596E+01  2.0284E+01  3.1220E-01
7.6863E-03  2.0543E+01  2.0231E+01  3.1223E-01
7.6875E-03  2.0532E+01  2.0219E+01  3.1225E-01
7.6888E-03  2.0522E+01  2.0210E+01  3.1227E-01
7.6900E-03  2.0513E+01  2.0201E+01  3.1229E-01
7.6913E-03  2.0504E+01  2.0192E+01  3.1231E-01
7.6925E-03  2.0496E+01  2.0183E+01  3.1233E-01
7.6938E-03  2.0487E+01  2.0174E+01  3.1235E-01
7.6950E-03  2.0478E+01  2.0166E+01  3.1237E-01
7.6962E-03  2.0469E+01  2.0157E+01  3.1239E-01
7.6975E-03  2.0461E+01  2.0148E+01  3.1241E-01
7.6988E-03  2.0452E+01  2.0140E+01  3.1243E-01
7.7000E-03  2.0443E+01  2.0131E+01  3.1245E-01
7.7012E-03  2.0435E+01  2.0122E+01  3.1247E-01
7.7025E-03  2.0427E+01  2.0115E+01  3.1249E-01
7.7038E-03  2.0434E+01  2.0121E+01  3.1251E-01
7.7050E-03  2.0413E+01  2.0101E+01  3.1253E-01
7.7062E-03  2.0401E+01  2.0088E+01  3.1255E-01
7.7075E-03  2.0391E+01  2.0079E+01  3.1257E-01
7.7088E-03  2.0383E+01  2.0070E+01  3.1259E-01
7.7100E-03  2.0374E+01  2.0061E+01  3.1261E-01
7.7113E-03  2.0366E+01  2.0053E+01  3.1263E-01
7.7125E-03  2.0357E+01  2.0044E+01  3.1265E-01
7.7138E-03  2.0348E+01  2.0035E+01  3.1267E-01
7.7150E-03  2.0339E+01  2.0027E+01  3.1269E-01
7.7163E-03  2.0332E+01  2.0019E+01  3.1271E-01
7.7175E-03  2.0322E+01  2.0009E+01  3.1273E-01
7.7187E-03  2.0313E+01  2.0000E+01  3.1275E-01
7.7200E-03  2.0305E+01  1.9992E+01  3.1277E-01
7.7213E-03  2.0296E+01  1.9983E+01  3.1280E-01
7.7225E-03  2.0287E+01  1.9974E+01  3.1282E-01
7.7237E-03  2.0279E+01  1.9966E+01  3.1284E-01
7.7250E-03  2.0270E+01  1.9957E+01  3.1286E-01
7.7263E-03  2.0261E+01  1.9949E+01  3.1288E-01
7.7275E-03  2.0253E+01  1.9940E+01  3.1290E-01
7.7288E-03  2.0244E+01  1.9931E+01  3.1292E-01
7.7300E-03  2.0236E+01  1.9923E+01  3.1294E-01
7.7313E-03  2.0227E+01  1.9914E+01  3.1296E-01
7.7325E-03  2.0219E+01  1.9906E+01  3.1298E-01
7.7338E-03  2.0211E+01  1.9898E+01  3.1300E-01
7.7350E-03  2.0203E+01  1.9890E+01  3.1302E-01
7.7363E-03  2.0196E+01  1.9883E+01  3.1304E-01
7.7375E-03  2.0191E+01  1.9878E+01  3.1306E-01
7.7387E-03  2.0204E+01  1.9891E+01  3.1309E-01
7.7400E-03  2.0637E+01  2.0324E+01  3.1311E-01
7.7412E-03  2.0177E+01  1.9864E+01  3.1313E-01
7.7425E-03  2.0155E+01  1.9842E+01  3.1315E-01
7.7438E-03  2.0144E+01  1.9831E+01  3.1317E-01
7.7450E-03  2.0134E+01  1.9821E+01  3.1319E-01
7.7462E-03  2.0125E+01  1.9812E+01  3.1321E-01
7.7475E-03  2.0116E+01  1.9803E+01  3.1323E-01
7.7488E-03  2.0108E+01  1.9794E+01  3.1325E-01
7.7500E-03  2.0099E+01  1.9786E+01  3.1327E-01
7.7513E-03  2.0091E+01  1.9777E+01  3.1329E-01
7.7525E-03  2.0082E+01  1.9769E+01  3.1332E-01
7.7538E-03  2.0074E+01  1.9761E+01  3.1334E-01
7.7550E-03  2.0066E+01  1.9752E+01  3.1336E-01
7.7563E-03  2.0059E+01  1.9745E+01  3.1338E-01
7.7575E-03  2.0055E+01  1.9741E+01  3.1340E-01
7.7588E-03  2.0130E+01  1.9816E+01  3.1342E-01
7.7600E-03  2.0052E+01  1.9738E+01  3.1344E-01
7.7613E-03  2.0026E+01  1.9713E+01  3.1346E-01
7.7625E-03  2.0015E+01  1.9702E+01  3.1348E-01
7.7637E-03  2.0006E+01  1.9693E+01  3.1351E-01
7.7650E-03  1.9997E+01  1.9684E+01  3.1353E-01
7.7663E-03  1.9989E+01  1.9675E+01  3.1355E-01
7.7675E-03  1.9980E+01  1.9666E+01  3.1357E-01
7.7687E-03  1.9972E+01  1.9658E+01  3.1359E-01
7.7700E-03  1.9963E+01  1.9649E+01  3.1361E-01
7.7713E-03  1.9955E+01  1.9641E+01  3.1363E-01
7.7725E-03  1.9946E+01  1.9632E+01  3.1365E-01
7.7738E-03  1.9938E+01  1.9624E+01  3.1367E-01
7.7750E-03  1.9929E+01  1.9615E+01  3.1370E-01
7.7763E-03  1.9921E+01  1.9607E+01  3.1372E-01
7.7775E-03  1.9912E+01  1.9599E+01  3.1374E-01
7.7788E-03  1.9904E+01  1.9590E+01  3.1376E-01
7.7800E-03  1.9895E+01  1.9582E+01  3.1378E-01
7.7812E-03  1.9887E+01  1.9573E+01  3.1380E-01
7.7825E-03  1.9879E+01  1.9565E+01  3.1382E-01
7.7838E-03  1.9870E+01  1.9556E+01  3.1385E-01
7.7850E-03  1.9862E+01  1.9548E+01  3.1387E-01
7.7862E-03  1.9853E+01  1.9539E+01  3.1389E-01
7.7875E-03  1.9845E+01  1.9531E+01  3.1391E-01
7.7888E-03  1.9837E+01  1.9523E+01  3.1393E-01
7.7900E-03  1.9828E+01  1.9514E+01  3.1395E-01
7.7912E-03  1.9820E+01  1.9506E+01  3.1398E-01
7.7925E-03  1.9811E+01  1.9497E+01  3.1400E-01
7.7938E-03  1.9803E+01  1.9489E+01  3.1402E-01
7.7950E-03  1.9795E+01  1.9481E+01  3.1404E-01
7.7963E-03  1.9786E+01  1.9472E+01  3.1406E-01
7.7975E-03  1.9778E+01  1.9464E+01  3.1408E-01
7.7988E-03  1.9770E+01  1.9456E+01  3.1410E-01
7.8000E-03  1.9761E+01  1.9447E+01  3.1413E-01
7.8013E-03  1.9753E+01  1.9439E+01  3.1415E-01
7.8025E-03  1.9745E+01  1.9431E+01  3.1417E-01
7.8037E-03  1.9736E+01  1.9422E+01  3.1419E-01
7.8050E-03  1.9728E+01  1.9414E+01  3.1421E-01
7.8063E-03  1.9720E+01  1.9405E+01  3.1424E-01
7.8075E-03  1.9711E+01  1.9397E+01  3.1426E-01
7.8087E-03  1.9703E+01  1.9389E+01  3.1428E-01
7.8100E-03  1.9695E+01  1.9381E+01  3.1430E-01
7.8113E-03  1.9687E+01  1.9372E+01  3.1432E-01
7.8125E-03  1.9678E+01  1.9364E+01  3.1434E-01
7.8137E-03  1.9670E+01  1.9356E+01  3.1437E-01
7.8150E-03  1.9662E+01  1.9347E+01  3.1439E-01
7.8163E-03  1.9653E+01  1.9339E+01  3.1441E-01
7.8175E-03  1.9645E+01  1.9331E+01  3.1443E-01
7.8187E-03  1.9637E+01  1.9323E+01  3.1445E-01
7.8200E-03  1.9629E+01  1.9314E+01  3.1448E-01
7.8213E-03  1.9621E+01  1.9306E+01  3.1450E-01
7.8225E-03  1.9612E+01  1.9298E+01  3.1452E-01
7.8238E-03  1.9604E+01  1.9290E+01  3.1454E-01
7.8250E-03  1.9596E+01  1.9282E+01  3.1456E-01
7.8262E-03  1.9588E+01  1.9273E+01  3.1459E-01
7.8275E-03  1.9580E+01  1.9265E+01  3.1461E-01
7.8288E-03  1.9572E+01  1.9257E+01  3.1463E-01
7.8300E-03  1.9564E+01  1.9250E+01  3.1465E-01
7.8312E-03  1.9557E+01  1.9242E+01  3.1467E-01
7.8325E-03  1.9549E+01  1.9234E+01  3.1470E-01
7.8338E-03  1.9542E+01  1.9228E+01  3.1472E-01
7.8350E-03  1.9536E+01  1.9222E+01  3.1474E-01
7.8362E-03  1.9533E+01  1.9218E+01  3.1476E-01
7.8375E-03  1.9536E+01  1.9221E+01  3.1478E-01
7.8388E-03  1.9568E+01  1.9253E+01  3.1481E-01
7.8400E-03  2.0074E+01  1.9759E+01  3.1483E-01
7.8412E-03  2.0027E+01  1.9712E+01  3.1485E-01
7.8425E-03  1.9543E+01  1.9228E+01  3.1487E-01
7.8438E-03  1.9497E+01  1.9182E+01  3.1490E-01
7.8450E-03  1.9480E+01  1.9165E+01  3.1492E-01
7.8463E-03  1.9471E+01  1.9156E+01  3.1494E-01
7.8475E-03  1.9471E+01  1.9156E+01  3.1496E-01
7.8487E-03  1.9512E+01  1.9197E+01  3.1499E-01
7.8500E-03  2.4154E+01  2.3839E+01  3.1501E-01
7.8513E-03  1.9551E+01  1.9236E+01  3.1503E-01
7.8525E-03  1.9442E+01  1.9127E+01  3.1505E-01
7.8537E-03  1.9418E+01  1.9103E+01  3.1508E-01
7.8550E-03  1.9405E+01  1.9090E+01  3.1510E-01
7.8563E-03  1.9398E+01  1.9083E+01  3.1512E-01
7.8575E-03  1.9385E+01  1.9070E+01  3.1514E-01
7.8587E-03  1.9376E+01  1.9061E+01  3.1517E-01
7.8600E-03  1.9367E+01  1.9052E+01  3.1519E-01
7.8613E-03  1.9359E+01  1.9043E+01  3.1521E-01
7.8625E-03  1.9350E+01  1.9035E+01  3.1523E-01
7.8637E-03  1.9342E+01  1.9027E+01  3.1526E-01
7.8650E-03  1.9333E+01  1.9018E+01  3.1528E-01
7.8662E-03  1.9325E+01  1.9010E+01  3.1530E-01
7.8675E-03  1.9317E+01  1.9002E+01  3.1532E-01
7.8688E-03  1.9309E+01  1.8993E+01  3.1535E-01
7.8700E-03  1.9301E+01  1.8985E+01  3.1537E-01
7.8712E-03  1.9292E+01  1.8977E+01  3.1539E-01
7.8725E-03  1.9284E+01  1.8969E+01  3.1541E-01
7.8738E-03  1.9276E+01  1.8961E+01  3.1544E-01
7.8750E-03  1.9268E+01  1.8952E+01  3.1546E-01
7.8762E-03  1.9260E+01  1.8944E+01  3.1548E-01
7.8775E-03  1.9252E+01  1.8936E+01  3.1551E-01
7.8788E-03  1.9244E+01  1.8928E+01  3.1553E-01
7.8800E-03  1.9236E+01  1.8920E+01  3.1555E-01
7.8812E-03  1.9227E+01  1.8912E+01  3.1557E-01
7.8825E-03  1.9219E+01  1.8904E+01  3.1560E-01
7.8838E-03  1.9211E+01  1.8896E+01  3.1562E-01
7.8850E-03  1.9203E+01  1.8888E+01  3.1564E-01
7.8863E-03  1.9196E+01  1.8880E+01  3.1567E-01
7.8875E-03  1.9188E+01  1.8872E+01  3.1569E-01
7.8887E-03  1.9179E+01  1.8864E+01  3.1571E-01
7.8900E-03  1.9171E+01  1.8856E+01  3.1573E-01
7.8913E-03  1.9163E+01  1.8848E+01  3.1576E-01
7.8925E-03  1.9156E+01  1.8840E+01  3.1578E-01
7.8937E-03  1.9149E+01  1.8833E+01  3.1580E-01
7.8950E-03  1.9155E+01  1.8839E+01  3.1583E-01
7.8963E-03  1.9141E+01  1.8826E+01  3.1585E-01
7.8975E-03  1.9126E+01  1.8810E+01  3.1587E-01
7.8987E-03  1.9120E+01  1.8804E+01  3.1590E-01
7.9000E-03  1.9182E+01  1.8867E+01  3.1592E-01
7.9013E-03  1.9112E+01  1.8796E+01  3.1594E-01
7.9025E-03  1.9095E+01  1.8779E+01  3.1597E-01
7.9037E-03  1.9087E+01  1.8771E+01  3.1599E-01
7.9050E-03  1.9080E+01  1.8764E+01  3.1601E-01
7.9063E-03  1.9074E+01  1.8758E+01  3.1603E-01
7.9075E-03  1.9068E+01  1.8752E+01  3.1606E-01
7.9088E-03  1.9066E+01  1.8750E+01  3.1608E-01
7.9100E-03  1.9069E+01  1.8753E+01  3.1610E-01
7.9112E-03  1.9100E+01  1.8784E+01  3.1613E-01
7.9125E-03  2.0039E+01  1.9723E+01  3.1615E-01
7.9138E-03  9.1024E+01  9.0708E+01  3.1617E-01
7.9150E-03  1.9173E+01  1.8857E+01  3.1620E-01
7.9162E-03  1.9538E+01  1.9221E+01  3.1622E-01
7.9175E-03  6.6365E+01  6.6048E+01  3.1624E-01
7.9188E-03  5.9425E+01  5.9108E+01  3.1627E-01
7.9200E-03  1.9142E+01  1.8826E+01  3.1629E-01
7.9212E-03  2.1316E+01  2.1000E+01  3.1631E-01
7.9225E-03  1.9107E+01  1.8790E+01  3.1634E-01
7.9238E-03  1.8999E+01  1.8683E+01  3.1636E-01
7.9250E-03  1.8988E+01  1.8672E+01  3.1639E-01
7.9262E-03  1.8953E+01  1.8637E+01  3.1641E-01
7.9275E-03  1.8939E+01  1.8623E+01  3.1643E-01
7.9288E-03  1.8929E+01  1.8612E+01  3.1646E-01
7.9300E-03  1.8919E+01  1.8603E+01  3.1648E-01
7.9313E-03  1.8910E+01  1.8593E+01  3.1650E-01
7.9325E-03  1.8901E+01  1.8585E+01  3.1653E-01
7.9337E-03  1.8893E+01  1.8576E+01  3.1655E-01
7.9350E-03  1.8885E+01  1.8568E+01  3.1657E-01
7.9363E-03  1.8876E+01  1.8559E+01  3.1660E-01
7.9375E-03  1.8868E+01  1.8551E+01  3.1662E-01
7.9387E-03  1.8860E+01  1.8543E+01  3.1665E-01
7.9400E-03  1.8852E+01  1.8535E+01  3.1667E-01
7.9413E-03  1.8844E+01  1.8527E+01  3.1669E-01
7.9425E-03  1.8837E+01  1.8520E+01  3.1672E-01
7.9437E-03  1.8840E+01  1.8523E+01  3.1674E-01
7.9450E-03  1.8823E+01  1.8506E+01  3.1676E-01
7.9463E-03  1.8812E+01  1.8495E+01  3.1679E-01
7.9475E-03  1.8804E+01  1.8487E+01  3.1681E-01
7.9488E-03  1.8795E+01  1.8479E+01  3.1684E-01
7.9500E-03  1.8787E+01  1.8470E+01  3.1686E-01
7.9512E-03  1.8780E+01  1.8463E+01  3.1688E-01
7.9525E-03  1.8772E+01  1.8455E+01  3.1691E-01
7.9538E-03  1.8764E+01  1.8447E+01  3.1693E-01
7.9550E-03  1.8756E+01  1.8439E+01  3.1696E-01
7.9562E-03  1.8748E+01  1.8431E+01  3.1698E-01
7.9575E-03  1.8741E+01  1.8424E+01  3.1700E-01
7.9588E-03  1.8735E+01  1.8418E+01  3.1703E-01
7.9600E-03  1.8732E+01  1.8415E+01  3.1705E-01
7.9612E-03  1.8755E+01  1.8438E+01  3.1708E-01
7.9625E-03  1.8816E+01  1.8499E+01  3.1710E-01
7.9638E-03  1.8713E+01  1.8396E+01  3.1712E-01
7.9650E-03  1.8696E+01  1.8379E+01  3.1715E-01
7.9662E-03  1.8686E+01  1.8369E+01  3.1717E-01
7.9675E-03  1.8678E+01  1.8360E+01  3.1720E-01
7.9688E-03  1.8669E+01  1.8352E+01  3.1722E-01
7.9700E-03  1.8662E+01  1.8345E+01  3.1724E-01
7.9713E-03  1.8654E+01  1.8337E+01  3.1727E-01
7.9725E-03  1.8646E+01  1.8328E+01  3.1729E-01
7.9737E-03  1.8638E+01  1.8320E+01  3.1732E-01
7.9750E-03  1.8631E+01  1.8313E+01  3.1734E-01
7.9763E-03  1.8631E+01  1.8314E+01  3.1737E-01
7.9775E-03  1.8615E+01  1.8298E+01  3.1739E-01
7.9787E-03  1.8608E+01  1.8291E+01  3.1741E-01
7.9800E-03  1.8607E+01  1.8290E+01  3.1744E-01
7.9813E-03  1.8711E+01  1.8394E+01  3.1746E-01
7.9825E-03  1.8634E+01  1.8317E+01  3.1749E-01
7.9837E-03  1.8582E+01  1.8265E+01  3.1751E-01
7.9850E-03  1.8568E+01  1.8251E+01  3.1754E-01
7.9863E-03  1.8559E+01  1.8242E+01  3.1756E-01
7.9875E-03  1.8551E+01  1.8233E+01  3.1759E-01
7.9887E-03  1.8543E+01  1.8225E+01  3.1761E-01
7.9900E-03  1.8535E+01  1.8217E+01  3.1763E-01
7.9913E-03  1.8527E+01  1.8210E+01  3.1766E-01
7.9925E-03  1.8519E+01  1.8202E+01  3.1768E-01
7.9938E-03  1.8511E+01  1.8194E+01  3.1771E-01
7.9950E-03  1.8504E+01  1.8186E+01  3.1773E-01
7.9962E-03  1.8496E+01  1.8178E+01  3.1776E-01
7.9975E-03  1.8488E+01  1.8170E+01  3.1778E-01
7.9988E-03  1.8480E+01  1.8162E+01  3.1781E-01
8.0000E-03  1.8473E+01  1.8155E+01  3.1783E-01
8.0013E-03  1.8465E+01  1.8147E+01  3.1786E-01
8.0025E-03  1.8457E+01  1.8139E+01  3.1788E-01
8.0038E-03  1.8449E+01  1.8131E+01  3.1791E-01
8.0050E-03  1.8441E+01  1.8123E+01  3.1793E-01
8.0062E-03  1.8433E+01  1.8115E+01  3.1796E-01
8.0075E-03  1.8426E+01  1.8108E+01  3.1798E-01
8.0087E-03  1.8418E+01  1.8100E+01  3.1801E-01
8.0100E-03  1.8410E+01  1.8092E+01  3.1803E-01
8.0113E-03  1.8402E+01  1.8084E+01  3.1805E-01
8.0125E-03  1.8395E+01  1.8077E+01  3.1808E-01
8.0138E-03  1.8387E+01  1.8069E+01  3.1810E-01
8.0150E-03  1.8379E+01  1.8061E+01  3.1813E-01
8.0162E-03  1.8372E+01  1.8054E+01  3.1815E-01
8.0175E-03  1.8364E+01  1.8045E+01  3.1818E-01
8.0188E-03  1.8356E+01  1.8038E+01  3.1820E-01
8.0200E-03  1.8349E+01  1.8031E+01  3.1823E-01
8.0213E-03  1.8874E+01  1.8556E+01  3.1825E-01
8.0225E-03  1.8333E+01  1.8015E+01  3.1828E-01
8.0237E-03  1.8326E+01  1.8007E+01  3.1830E-01
8.0250E-03  1.8319E+01  1.8001E+01  3.1833E-01
8.0262E-03  1.8604E+01  1.8285E+01  3.1835E-01
8.0275E-03  1.8306E+01  1.7988E+01  3.1838E-01
8.0288E-03  1.8295E+01  1.7977E+01  3.1841E-01
8.0300E-03  1.8287E+01  1.7968E+01  3.1843E-01
8.0313E-03  1.8279E+01  1.7960E+01  3.1846E-01
8.0325E-03  1.8271E+01  1.7953E+01  3.1848E-01
8.0337E-03  1.8263E+01  1.7945E+01  3.1851E-01
8.0350E-03  1.8255E+01  1.7937E+01  3.1853E-01
8.0363E-03  1.8248E+01  1.7930E+01  3.1856E-01
8.0375E-03  1.8241E+01  1.7923E+01  3.1858E-01
8.0388E-03  1.8232E+01  1.7914E+01  3.1861E-01
8.0400E-03  1.8225E+01  1.7906E+01  3.1863E-01
8.0412E-03  1.8217E+01  1.7898E+01  3.1866E-01
8.0425E-03  1.8209E+01  1.7890E+01  3.1868E-01
8.0437E-03  1.8202E+01  1.7883E+01  3.1871E-01
8.0450E-03  1.8194E+01  1.7875E+01  3.1873E-01
8.0463E-03  1.8186E+01  1.7867E+01  3.1876E-01
8.0475E-03  1.8179E+01  1.7860E+01  3.1878E-01
8.0488E-03  1.8171E+01  1.7852E+01  3.1881E-01
8.0500E-03  1.8164E+01  1.7845E+01  3.1884E-01
8.0512E-03  1.8156E+01  1.7837E+01  3.1886E-01
8.0525E-03  1.8148E+01  1.7829E+01  3.1889E-01
8.0538E-03  1.8141E+01  1.7822E+01  3.1891E-01
8.0550E-03  1.8133E+01  1.7814E+01  3.1894E-01
8.0563E-03  1.8164E+01  1.7845E+01  3.1896E-01
8.0575E-03  1.8117E+01  1.7798E+01  3.1899E-01
8.0587E-03  1.8110E+01  1.7791E+01  3.1902E-01
8.0600E-03  1.8102E+01  1.7783E+01  3.1904E-01
8.0612E-03  1.8095E+01  1.7776E+01  3.1907E-01
8.0625E-03  1.8087E+01  1.7768E+01  3.1909E-01
8.0638E-03  1.8080E+01  1.7760E+01  3.1912E-01
8.0650E-03  1.8072E+01  1.7753E+01  3.1914E-01
8.0663E-03  1.8064E+01  1.7745E+01  3.1917E-01
8.0675E-03  1.8057E+01  1.7738E+01  3.1920E-01
8.0687E-03  1.8049E+01  1.7730E+01  3.1922E-01
8.0700E-03  1.8042E+01  1.7722E+01  3.1925E-01
8.0712E-03  1.8034E+01  1.7715E+01  3.1927E-01
8.0725E-03  1.8027E+01  1.7707E+01  3.1930E-01
8.0738E-03  1.8019E+01  1.7700E+01  3.1932E-01
8.0750E-03  1.8012E+01  1.7692E+01  3.1935E-01
8.0763E-03  1.8004E+01  1.7685E+01  3.1938E-01
8.0775E-03  1.7996E+01  1.7677E+01  3.1940E-01
8.0787E-03  1.7989E+01  1.7670E+01  3.1943E-01
8.0800E-03  1.7981E+01  1.7662E+01  3.1945E-01
8.0813E-03  1.7974E+01  1.7654E+01  3.1948E-01
8.0825E-03  1.7966E+01  1.7647E+01  3.1951E-01
8.0838E-03  1.7959E+01  1.7639E+01  3.1953E-01
8.0850E-03  1.7951E+01  1.7632E+01  3.1956E-01
8.0862E-03  1.7944E+01  1.7624E+01  3.1958E-01
8.0875E-03  1.7936E+01  1.7617E+01  3.1961E-01
8.0887E-03  1.7929E+01  1.7609E+01  3.1964E-01
8.0900E-03  1.7921E+01  1.7602E+01  3.1966E-01
8.0913E-03  1.7914E+01  1.7594E+01  3.1969E-01
8.0925E-03  1.7906E+01  1.7587E+01  3.1972E-01
8.0938E-03  1.7899E+01  1.7579E+01  3.1974E-01
8.0950E-03  1.7891E+01  1.7572E+01  3.1977E-01
8.0962E-03  1.7884E+01  1.7564E+01  3.1979E-01
8.0975E-03  1.7877E+01  1.7557E+01  3.1982E-01
8.0988E-03  1.7869E+01  1.7549E+01  3.1985E-01
8.1000E-03  1.7862E+01  1.7542E+01  3.1987E-01
8.1013E-03  1.7854E+01  1.7534E+01  3.1990E-01
8.1025E-03  1.7847E+01  1.7527E+01  3.1993E-01
8.1037E-03  1.7839E+01  1.7519E+01  3.1995E-01
8.1050E-03  1.7832E+01  1.7512E+01  3.1998E-01
8.1062E-03  1.7824E+01  1.7504E+01  3.2001E-01
8.1075E-03  1.7817E+01  1.7497E+01  3.2003E-01
8.1088E-03  1.7810E+01  1.7490E+01  3.2006E-01
8.1100E-03  1.7803E+01  1.7482E+01  3.2008E-01
8.1113E-03  1.7795E+01  1.7475E+01  3.2011E-01
8.1125E-03  1.7789E+01  1.7468E+01  3.2014E-01
8.1137E-03  1.7783E+01  1.7463E+01  3.2016E-01
8.1150E-03  1.7779E+01  1.7459E+01  3.2019E-01
8.1163E-03  1.7789E+01  1.7469E+01  3.2022E-01
8.1175E-03  1.7849E+01  1.7529E+01  3.2024E-01
8.1188E-03  1.7764E+01  1.7444E+01  3.2027E-01
8.1200E-03  1.7747E+01  1.7427E+01  3.2030E-01
8.1212E-03  1.7737E+01  1.7417E+01  3.2032E-01
8.1225E-03  1.7729E+01  1.7409E+01  3.2035E-01
8.1237E-03  1.7721E+01  1.7401E+01  3.2038E-01
8.1250E-03  1.7714E+01  1.7393E+01  3.2040E-01
8.1263E-03  1.7706E+01  1.7386E+01  3.2043E-01
8.1275E-03  1.7699E+01  1.7378E+01  3.2046E-01
8.1288E-03  1.7691E+01  1.7371E+01  3.2048E-01
8.1300E-03  1.7684E+01  1.7363E+01  3.2051E-01
8.1312E-03  1.7677E+01  1.7356E+01  3.2054E-01
8.1325E-03  1.7670E+01  1.7349E+01  3.2057E-01
8.1337E-03  1.7664E+01  1.7343E+01  3.2059E-01
8.1350E-03  1.7660E+01  1.7340E+01  3.2062E-01
8.1363E-03  1.7685E+01  1.7364E+01  3.2065E-01
8.1375E-03  1.7654E+01  1.7333E+01  3.2067E-01
8.1388E-03  1.7636E+01  1.7315E+01  3.2070E-01
8.1400E-03  1.7626E+01  1.7305E+01  3.2073E-01
8.1412E-03  1.7619E+01  1.7298E+01  3.2075E-01
8.1425E-03  1.7613E+01  1.7292E+01  3.2078E-01
8.1438E-03  1.7603E+01  1.7282E+01  3.2081E-01
8.1450E-03  1.7596E+01  1.7276E+01  3.2084E-01
8.1463E-03  1.7596E+01  1.7275E+01  3.2086E-01
8.1475E-03  1.7582E+01  1.7261E+01  3.2089E-01
8.1487E-03  1.7574E+01  1.7253E+01  3.2092E-01
8.1500E-03  1.7566E+01  1.7245E+01  3.2094E-01
8.1512E-03  1.7559E+01  1.7238E+01  3.2097E-01
8.1525E-03  1.7552E+01  1.7231E+01  3.2100E-01
8.1538E-03  1.7554E+01  1.7233E+01  3.2103E-01
8.1550E-03  1.7539E+01  1.7218E+01  3.2105E-01
8.1563E-03  1.7530E+01  1.7209E+01  3.2108E-01
8.1575E-03  1.7522E+01  1.7201E+01  3.2111E-01
8.1587E-03  1.7515E+01  1.7194E+01  3.2114E-01
8.1600E-03  1.7508E+01  1.7186E+01  3.2116E-01
8.1613E-03  1.7500E+01  1.7179E+01  3.2119E-01
8.1625E-03  1.7493E+01  1.7172E+01  3.2122E-01
8.1638E-03  1.7574E+01  1.7253E+01  3.2124E-01
8.1650E-03  1.7479E+01  1.7158E+01  3.2127E-01
8.1662E-03  1.7472E+01  1.7150E+01  3.2130E-01
8.1675E-03  1.7464E+01  1.7143E+01  3.2133E-01
8.1687E-03  1.7457E+01  1.7136E+01  3.2135E-01
8.1700E-03  1.7450E+01  1.7129E+01  3.2138E-01
8.1713E-03  1.7443E+01  1.7122E+01  3.2141E-01
8.1725E-03  1.7436E+01  1.7115E+01  3.2144E-01
8.1738E-03  1.7433E+01  1.7111E+01  3.2147E-01
8.1750E-03  1.7430E+01  1.7108E+01  3.2149E-01
8.1762E-03  1.8690E+01  1.8368E+01  3.2152E-01
8.1775E-03  1.7410E+01  1.7089E+01  3.2155E-01
8.1788E-03  1.7403E+01  1.7081E+01  3.2158E-01
8.1800E-03  1.7631E+01  1.7309E+01  3.2160E-01
8.1813E-03  1.7390E+01  1.7069E+01  3.2163E-01
8.1825E-03  1.7380E+01  1.7058E+01  3.2166E-01
8.1838E-03  1.7372E+01  1.7050E+01  3.2169E-01
8.1850E-03  1.7365E+01  1.7043E+01  3.2171E-01
8.1862E-03  1.7358E+01  1.7036E+01  3.2174E-01
8.1875E-03  1.7351E+01  1.7029E+01  3.2177E-01
8.1888E-03  1.7344E+01  1.7022E+01  3.2180E-01
8.1900E-03  1.7337E+01  1.7015E+01  3.2183E-01
8.1913E-03  1.7330E+01  1.7009E+01  3.2185E-01
8.1925E-03  1.7324E+01  1.7002E+01  3.2188E-01
8.1937E-03  1.7317E+01  1.6995E+01  3.2191E-01
8.1950E-03  1.7310E+01  1.6988E+01  3.2194E-01
8.1962E-03  1.7304E+01  1.6982E+01  3.2197E-01
8.1975E-03  1.7297E+01  1.6975E+01  3.2199E-01
8.1988E-03  1.7291E+01  1.6969E+01  3.2202E-01
8.2000E-03  1.7284E+01  1.6962E+01  3.2205E-01
8.2013E-03  1.7278E+01  1.6956E+01  3.2208E-01
8.2025E-03  1.7272E+01  1.6950E+01  3.2211E-01
8.2037E-03  1.7266E+01  1.6944E+01  3.2213E-01
8.2050E-03  1.7260E+01  1.6938E+01  3.2216E-01
8.2063E-03  1.7255E+01  1.6933E+01  3.2219E-01
8.2075E-03  1.7250E+01  1.6927E+01  3.2222E-01
8.2088E-03  1.7245E+01  1.6922E+01  3.2225E-01
8.2100E-03  1.7240E+01  1.6918E+01  3.2228E-01
8.2112E-03  1.7236E+01  1.6914E+01  3.2230E-01
8.2125E-03  1.7233E+01  1.6910E+01  3.2233E-01
8.2137E-03  1.7230E+01  1.6908E+01  3.2236E-01
8.2150E-03  1.7229E+01  1.6906E+01  3.2239E-01
8.2163E-03  1.7229E+01  1.6906E+01  3.2242E-01
8.2175E-03  1.7231E+01  1.6908E+01  3.2245E-01
8.2188E-03  1.7235E+01  1.6913E+01  3.2247E-01
8.2200E-03  1.7245E+01  1.6922E+01  3.2250E-01
8.2212E-03  1.7261E+01  1.6938E+01  3.2253E-01
8.2225E-03  1.7289E+01  1.6966E+01  3.2256E-01
8.2238E-03  1.7338E+01  1.7016E+01  3.2259E-01
8.2250E-03  1.7435E+01  1.7112E+01  3.2262E-01
8.2263E-03  1.7653E+01  1.7330E+01  3.2265E-01
8.2275E-03  1.8322E+01  1.7999E+01  3.2267E-01
8.2287E-03  2.2773E+01  2.2451E+01  3.2270E-01
8.2300E-03  3.8643E+02  3.8611E+02  3.2273E-01
8.2312E-03  2.0062E+01  1.9739E+01  3.2276E-01
8.2325E-03  1.8087E+01  1.7764E+01  3.2279E-01
8.2338E-03  1.7722E+01  1.7399E+01  3.2282E-01
8.2350E-03  1.7690E+01  1.7367E+01  3.2285E-01
8.2363E-03  1.7883E+01  1.7560E+01  3.2288E-01
8.2375E-03  1.8539E+01  1.8216E+01  3.2290E-01
8.2387E-03  2.1366E+01  2.1043E+01  3.2293E-01
8.2400E-03  8.9623E+01  8.9300E+01  3.2296E-01
8.2413E-03  3.4837E+01  3.4514E+01  3.2299E-01
8.2425E-03  1.9819E+01  1.9496E+01  3.2302E-01
8.2438E-03  1.8121E+01  1.7798E+01  3.2305E-01
8.2450E-03  1.7603E+01  1.7280E+01  3.2308E-01
8.2463E-03  1.7375E+01  1.7051E+01  3.2311E-01
8.2475E-03  1.7253E+01  1.6930E+01  3.2313E-01
8.2487E-03  1.7179E+01  1.6856E+01  3.2316E-01
8.2500E-03  1.7126E+01  1.6803E+01  3.2319E-01
8.2513E-03  1.7089E+01  1.6765E+01  3.2322E-01
8.2525E-03  1.7060E+01  1.6737E+01  3.2325E-01
8.2538E-03  1.7037E+01  1.6714E+01  3.2328E-01
8.2550E-03  1.7019E+01  1.6696E+01  3.2331E-01
8.2562E-03  1.7008E+01  1.6684E+01  3.2334E-01
8.2575E-03  1.6988E+01  1.6665E+01  3.2337E-01
8.2587E-03  1.6974E+01  1.6651E+01  3.2340E-01
8.2600E-03  1.6962E+01  1.6638E+01  3.2343E-01
8.2613E-03  1.6950E+01  1.6627E+01  3.2346E-01
8.2625E-03  1.6940E+01  1.6616E+01  3.2348E-01
8.2638E-03  1.6930E+01  1.6606E+01  3.2351E-01
8.2650E-03  1.6920E+01  1.6596E+01  3.2354E-01
8.2662E-03  1.6911E+01  1.6587E+01  3.2357E-01
8.2675E-03  1.6902E+01  1.6578E+01  3.2360E-01
8.2688E-03  1.6893E+01  1.6569E+01  3.2363E-01
8.2700E-03  1.6884E+01  1.6560E+01  3.2366E-01
8.2713E-03  1.6876E+01  1.6552E+01  3.2369E-01
8.2725E-03  1.6867E+01  1.6544E+01  3.2372E-01
8.2737E-03  1.6859E+01  1.6535E+01  3.2375E-01
8.2750E-03  1.6851E+01  1.6527E+01  3.2378E-01
8.2762E-03  1.6843E+01  1.6519E+01  3.2381E-01
8.2775E-03  1.6835E+01  1.6511E+01  3.2384E-01
8.2788E-03  1.6827E+01  1.6504E+01  3.2387E-01
8.2800E-03  1.6820E+01  1.6496E+01  3.2390E-01
8.2813E-03  1.6812E+01  1.6488E+01  3.2393E-01
8.2825E-03  1.6805E+01  1.6481E+01  3.2396E-01
8.2837E-03  1.6804E+01  1.6480E+01  3.2399E-01
8.2850E-03  1.6793E+01  1.6469E+01  3.2401E-01
8.2863E-03  1.6782E+01  1.6458E+01  3.2404E-01
8.2875E-03  1.6774E+01  1.6450E+01  3.2407E-01
8.2888E-03  1.6767E+01  1.6443E+01  3.2410E-01
8.2900E-03  1.6760E+01  1.6435E+01  3.2413E-01
8.2913E-03  1.6754E+01  1.6430E+01  3.2416E-01
8.2925E-03  1.6748E+01  1.6424E+01  3.2419E-01
8.2937E-03  1.6750E+01  1.6426E+01  3.2422E-01
8.2950E-03  1.6730E+01  1.6406E+01  3.2425E-01
8.2963E-03  1.6723E+01  1.6399E+01  3.2428E-01
8.2975E-03  1.6715E+01  1.6391E+01  3.2431E-01
8.2988E-03  1.6708E+01  1.6383E+01  3.2434E-01
8.3000E-03  1.6700E+01  1.6376E+01  3.2437E-01
8.3012E-03  1.6693E+01  1.6369E+01  3.2440E-01
8.3025E-03  1.6686E+01  1.6361E+01  3.2443E-01
8.3038E-03  1.6679E+01  1.6354E+01  3.2446E-01
8.3050E-03  1.6671E+01  1.6347E+01  3.2449E-01
8.3063E-03  1.6664E+01  1.6340E+01  3.2452E-01
8.3075E-03  1.6657E+01  1.6333E+01  3.2455E-01
8.3088E-03  1.6650E+01  1.6326E+01  3.2458E-01
8.3100E-03  1.6643E+01  1.6318E+01  3.2461E-01
8.3112E-03  1.6636E+01  1.6312E+01  3.2464E-01
8.3125E-03  1.6629E+01  1.6304E+01  3.2467E-01
8.3137E-03  1.6622E+01  1.6297E+01  3.2470E-01
8.3150E-03  1.6616E+01  1.6291E+01  3.2473E-01
8.3163E-03  1.6611E+01  1.6286E+01  3.2476E-01
8.3175E-03  1.6600E+01  1.6275E+01  3.2479E-01
8.3187E-03  1.6593E+01  1.6268E+01  3.2482E-01
8.3200E-03  1.6586E+01  1.6261E+01  3.2486E-01
8.3212E-03  1.6579E+01  1.6254E+01  3.2489E-01
8.3225E-03  1.6573E+01  1.6248E+01  3.2492E-01
8.3238E-03  1.6565E+01  1.6240E+01  3.2495E-01
8.3250E-03  1.6557E+01  1.6232E+01  3.2498E-01
8.3263E-03  1.6550E+01  1.6225E+01  3.2501E-01
8.3275E-03  1.6543E+01  1.6218E+01  3.2504E-01
8.3287E-03  1.6536E+01  1.6211E+01  3.2507E-01
8.3300E-03  1.6528E+01  1.6203E+01  3.2510E-01
8.3313E-03  1.6521E+01  1.6196E+01  3.2513E-01
8.3325E-03  1.6514E+01  1.6189E+01  3.2516E-01
8.3338E-03  1.6507E+01  1.6182E+01  3.2519E-01
8.3350E-03  1.6500E+01  1.6175E+01  3.2522E-01
8.3362E-03  1.6493E+01  1.6168E+01  3.2525E-01
8.3375E-03  1.6487E+01  1.6162E+01  3.2528E-01
8.3387E-03  1.6479E+01  1.6153E+01  3.2531E-01
8.3400E-03  1.6472E+01  1.6146E+01  3.2534E-01
8.3413E-03  1.6465E+01  1.6139E+01  3.2537E-01
8.3425E-03  1.6458E+01  1.6132E+01  3.2541E-01
8.3438E-03  1.6451E+01  1.6125E+01  3.2544E-01
8.3450E-03  1.6444E+01  1.6118E+01  3.2547E-01
8.3462E-03  1.6436E+01  1.6111E+01  3.2550E-01
8.3475E-03  1.6429E+01  1.6104E+01  3.2553E-01
8.3488E-03  1.6422E+01  1.6097E+01  3.2556E-01
8.3500E-03  1.6415E+01  1.6090E+01  3.2559E-01
8.3513E-03  1.6408E+01  1.6083E+01  3.2562E-01
8.3525E-03  1.6401E+01  1.6076E+01  3.2565E-01
8.3538E-03  1.6395E+01  1.6069E+01  3.2568E-01
8.3550E-03  1.6387E+01  1.6062E+01  3.2571E-01
8.3562E-03  1.6381E+01  1.6055E+01  3.2575E-01
8.3575E-03  1.6373E+01  1.6048E+01  3.2578E-01
8.3588E-03  1.6366E+01  1.6041E+01  3.2581E-01
8.3600E-03  1.6417E+01  1.6091E+01  3.2584E-01
8.3613E-03  1.6354E+01  1.6028E+01  3.2587E-01
8.3625E-03  1.6345E+01  1.6019E+01  3.2590E-01
8.3637E-03  1.6338E+01  1.6012E+01  3.2593E-01
8.3650E-03  1.6331E+01  1.6005E+01  3.2596E-01
8.3663E-03  1.6324E+01  1.5998E+01  3.2599E-01
8.3675E-03  1.6318E+01  1.5992E+01  3.2603E-01
8.3688E-03  1.6311E+01  1.5985E+01  3.2606E-01
8.3700E-03  1.6303E+01  1.5977E+01  3.2609E-01
8.3713E-03  1.6296E+01  1.5970E+01  3.2612E-01
8.3725E-03  1.6289E+01  1.5963E+01  3.2615E-01
8.3737E-03  1.6282E+01  1.5956E+01  3.2618E-01
8.3750E-03  1.6275E+01  1.5949E+01  3.2621E-01
8.3763E-03  1.6268E+01  1.5942E+01  3.2625E-01
8.3775E-03  1.6262E+01  1.5935E+01  3.2628E-01
8.3788E-03  1.6254E+01  1.5928E+01  3.2631E-01
8.3800E-03  1.6247E+01  1.5921E+01  3.2634E-01
8.3812E-03  1.6240E+01  1.5914E+01  3.2637E-01
8.3825E-03  1.6233E+01  1.5907E+01  3.2640E-01
8.3837E-03  1.6226E+01  1.5900E+01  3.2643E-01
8.3850E-03  1.6219E+01  1.5893E+01  3.2647E-01
8.3863E-03  1.6212E+01  1.5886E+01  3.2650E-01
8.3875E-03  1.6206E+01  1.5879E+01  3.2653E-01
8.3888E-03  1.6199E+01  1.5872E+01  3.2656E-01
8.3900E-03  1.6192E+01  1.5865E+01  3.2659E-01
8.3912E-03  1.6185E+01  1.5858E+01  3.2663E-01
8.3925E-03  1.6178E+01  1.5851E+01  3.2666E-01
8.3938E-03  1.6172E+01  1.5846E+01  3.2669E-01
8.3950E-03  1.6164E+01  1.5837E+01  3.2672E-01
8.3963E-03  1.6157E+01  1.5830E+01  3.2675E-01
8.3975E-03  1.6150E+01  1.5823E+01  3.2678E-01
8.3987E-03  1.6143E+01  1.5816E+01  3.2682E-01
8.4000E-03  1.6136E+01  1.5810E+01  3.2685E-01
8.4012E-03  1.6129E+01  1.5802E+01  3.2688E-01
8.4025E-03  1.6122E+01  1.5795E+01  3.2691E-01
8.4038E-03  1.6115E+01  1.5788E+01  3.2694E-01
8.4050E-03  1.6108E+01  1.5781E+01  3.2698E-01
8.4063E-03  1.6101E+01  1.5774E+01  3.2701E-01
8.4075E-03  1.6094E+01  1.5767E+01  3.2704E-01
8.4087E-03  1.6088E+01  1.5760E+01  3.2707E-01
8.4100E-03  1.6082E+01  1.5755E+01  3.2710E-01
8.4113E-03  1.6074E+01  1.5747E+01  3.2714E-01
8.4125E-03  1.6067E+01  1.5740E+01  3.2717E-01
8.4138E-03  1.6060E+01  1.5733E+01  3.2720E-01
8.4150E-03  1.6053E+01  1.5726E+01  3.2723E-01
8.4163E-03  1.6046E+01  1.5719E+01  3.2727E-01
8.4175E-03  1.6039E+01  1.5712E+01  3.2730E-01
8.4187E-03  1.6032E+01  1.5705E+01  3.2733E-01
8.4200E-03  1.6025E+01  1.5698E+01  3.2736E-01
8.4212E-03  1.6019E+01  1.5691E+01  3.2739E-01
8.4225E-03  1.6012E+01  1.5684E+01  3.2743E-01
8.4238E-03  1.6005E+01  1.5677E+01  3.2746E-01
8.4250E-03  1.5998E+01  1.5670E+01  3.2749E-01
8.4262E-03  1.5992E+01  1.5665E+01  3.2752E-01
8.4275E-03  1.5984E+01  1.5657E+01  3.2756E-01
8.4288E-03  1.5977E+01  1.5650E+01  3.2759E-01
8.4300E-03  1.5971E+01  1.5643E+01  3.2762E-01
8.4313E-03  1.5964E+01  1.5636E+01  3.2765E-01
8.4325E-03  1.5957E+01  1.5629E+01  3.2769E-01
8.4338E-03  1.5950E+01  1.5622E+01  3.2772E-01
8.4350E-03  1.5943E+01  1.5616E+01  3.2775E-01
8.4362E-03  1.5936E+01  1.5609E+01  3.2779E-01
8.4375E-03  1.5930E+01  1.5602E+01  3.2782E-01
8.4388E-03  1.5923E+01  1.5595E+01  3.2785E-01
8.4400E-03  1.5916E+01  1.5588E+01  3.2788E-01
8.4413E-03  1.5909E+01  1.5581E+01  3.2792E-01
8.4425E-03  1.5905E+01  1.5577E+01  3.2795E-01
8.4437E-03  1.5896E+01  1.5568E+01  3.2798E-01
8.4450E-03  1.5889E+01  1.5561E+01  3.2801E-01
8.4462E-03  1.5882E+01  1.5554E+01  3.2805E-01
8.4475E-03  1.5875E+01  1.5547E+01  3.2808E-01
8.4488E-03  1.5869E+01  1.5541E+01  3.2811E-01
8.4500E-03  1.5862E+01  1.5534E+01  3.2815E-01
8.4513E-03  1.5855E+01  1.5527E+01  3.2818E-01
8.4525E-03  1.5849E+01  1.5520E+01  3.2821E-01
8.4537E-03  1.5842E+01  1.5514E+01  3.2825E-01
8.4550E-03  1.5836E+01  1.5507E+01  3.2828E-01
8.4563E-03  1.5889E+01  1.5561E+01  3.2831E-01
8.4575E-03  1.5822E+01  1.5494E+01  3.2834E-01
8.4588E-03  1.5819E+01  1.5491E+01  3.2838E-01
8.4600E-03  1.5809E+01  1.5481E+01  3.2841E-01
8.4613E-03  1.5803E+01  1.5474E+01  3.2844E-01
8.4625E-03  1.5797E+01  1.5468E+01  3.2848E-01
8.4637E-03  1.5790E+01  1.5461E+01  3.2851E-01
8.4650E-03  1.5784E+01  1.5455E+01  3.2854E-01
8.4662E-03  1.5777E+01  1.5449E+01  3.2858E-01
8.4675E-03  1.5771E+01  1.5442E+01  3.2861E-01
8.4688E-03  1.5765E+01  1.5436E+01  3.2864E-01
8.4700E-03  1.5759E+01  1.5430E+01  3.2868E-01
8.4712E-03  1.5753E+01  1.5424E+01  3.2871E-01
8.4725E-03  1.5747E+01  1.5418E+01  3.2874E-01
8.4738E-03  1.5741E+01  1.5413E+01  3.2878E-01
8.4750E-03  1.5738E+01  1.5410E+01  3.2881E-01
8.4763E-03  1.5731E+01  1.5402E+01  3.2884E-01
8.4775E-03  1.5727E+01  1.5398E+01  3.2888E-01
8.4788E-03  1.5725E+01  1.5396E+01  3.2891E-01
8.4800E-03  1.5724E+01  1.5395E+01  3.2895E-01
8.4812E-03  1.5733E+01  1.5404E+01  3.2898E-01
8.4825E-03  1.5786E+01  1.5457E+01  3.2901E-01
8.4837E-03  1.7540E+01  1.7211E+01  3.2905E-01
8.4850E-03  1.5998E+01  1.5669E+01  3.2908E-01
8.4863E-03  1.5779E+01  1.5450E+01  3.2911E-01
8.4875E-03  1.6340E+01  1.6011E+01  3.2915E-01
8.4887E-03  1.5942E+01  1.5612E+01  3.2918E-01
8.4900E-03  1.5937E+02  1.5904E+02  3.2921E-01
8.4913E-03  1.5718E+01  1.5388E+01  3.2925E-01
8.4925E-03  1.5688E+01  1.5359E+01  3.2928E-01
8.4938E-03  1.5684E+01  1.5355E+01  3.2932E-01
8.4950E-03  1.5689E+01  1.5360E+01  3.2935E-01
8.4963E-03  1.5702E+01  1.5372E+01  3.2938E-01
8.4975E-03  1.5730E+01  1.5400E+01  3.2942E-01
8.4987E-03  1.5790E+01  1.5460E+01  3.2945E-01
8.5000E-03  1.5935E+01  1.5605E+01  3.2949E-01
8.5013E-03  1.6417E+01  1.6088E+01  3.2952E-01
8.5025E-03  2.0397E+01  2.0068E+01  3.2955E-01
8.5038E-03  4.0695E+01  4.0365E+01  3.2959E-01
8.5050E-03  1.6981E+01  1.6651E+01  3.2962E-01
8.5062E-03  1.6081E+01  1.5751E+01  3.2966E-01
8.5075E-03  1.5910E+01  1.5580E+01  3.2969E-01
8.5087E-03  1.5946E+01  1.5616E+01  3.2973E-01
8.5100E-03  1.6486E+01  1.6157E+01  3.2976E-01
8.5113E-03  4.9461E+01  4.9131E+01  3.2979E-01
8.5125E-03  1.7440E+01  1.7110E+01  3.2983E-01
8.5138E-03  1.6138E+01  1.5808E+01  3.2986E-01
8.5150E-03  3.8947E+01  3.8617E+01  3.2990E-01
8.5162E-03  1.6035E+01  1.5705E+01  3.2993E-01
8.5175E-03  1.6211E+01  1.5881E+01  3.2997E-01
8.5188E-03  1.9147E+01  1.8817E+01  3.3000E-01
8.5200E-03  3.2953E+01  3.2623E+01  3.3003E-01
8.5213E-03  1.6522E+01  1.6192E+01  3.3007E-01
8.5225E-03  1.5900E+01  1.5570E+01  3.3010E-01
8.5238E-03  1.5993E+01  1.5663E+01  3.3014E-01
8.5250E-03  1.6566E+01  1.6236E+01  3.3017E-01
8.5262E-03  1.6191E+01  1.5861E+01  3.3021E-01
8.5275E-03  4.6224E+01  4.5894E+01  3.3024E-01
8.5287E-03  1.6742E+01  1.6412E+01  3.3028E-01
8.5300E-03  1.5728E+01  1.5397E+01  3.3031E-01
8.5313E-03  1.5567E+01  1.5237E+01  3.3035E-01
8.5325E-03  1.5506E+01  1.5176E+01  3.3038E-01
8.5337E-03  1.5473E+01  1.5143E+01  3.3041E-01
8.5350E-03  1.5452E+01  1.5122E+01  3.3045E-01
8.5363E-03  1.5436E+01  1.5106E+01  3.3048E-01
8.5375E-03  1.5424E+01  1.5093E+01  3.3052E-01
8.5388E-03  1.5413E+01  1.5082E+01  3.3055E-01
8.5400E-03  1.5455E+01  1.5125E+01  3.3059E-01
8.5413E-03  1.5393E+01  1.5062E+01  3.3062E-01
8.5425E-03  1.5384E+01  1.5054E+01  3.3066E-01
8.5437E-03  1.5376E+01  1.5045E+01  3.3069E-01
8.5450E-03  1.5368E+01  1.5037E+01  3.3073E-01
8.5463E-03  1.5360E+01  1.5029E+01  3.3076E-01
8.5475E-03  1.5353E+01  1.5022E+01  3.3080E-01
8.5488E-03  1.5354E+01  1.5023E+01  3.3083E-01
8.5500E-03  1.5338E+01  1.5007E+01  3.3087E-01
8.5512E-03  1.5331E+01  1.5000E+01  3.3090E-01
8.5525E-03  1.5323E+01  1.4992E+01  3.3094E-01
8.5538E-03  1.5316E+01  1.4985E+01  3.3097E-01
8.5550E-03  1.5309E+01  1.4978E+01  3.3101E-01
8.5563E-03  1.5302E+01  1.4971E+01  3.3105E-01
8.5575E-03  1.5295E+01  1.4964E+01  3.3108E-01
8.5588E-03  1.5288E+01  1.4957E+01  3.3112E-01
8.5600E-03  1.5282E+01  1.4951E+01  3.3115E-01
8.5612E-03  1.5279E+01  1.4948E+01  3.3119E-01
8.5625E-03  1.5268E+01  1.4937E+01  3.3122E-01
8.5638E-03  1.5261E+01  1.4930E+01  3.3126E-01
8.5650E-03  1.5256E+01  1.4925E+01  3.3129E-01
8.5663E-03  1.5248E+01  1.4917E+01  3.3133E-01
8.5675E-03  1.5242E+01  1.4910E+01  3.3136E-01
8.5687E-03  1.5235E+01  1.4904E+01  3.3140E-01
8.5700E-03  1.5237E+01  1.4906E+01  3.3143E-01
8.5712E-03  1.5222E+01  1.4890E+01  3.3147E-01
8.5725E-03  1.5218E+01  1.4887E+01  3.3151E-01
8.5737E-03  1.5209E+01  1.4878E+01  3.3154E-01
8.5750E-03  1.5204E+01  1.4873E+01  3.3158E-01
8.5763E-03  1.5216E+01  1.4884E+01  3.3161E-01
8.5775E-03  1.6911E+01  1.6579E+01  3.3165E-01
8.5787E-03  1.5192E+01  1.4860E+01  3.3168E-01
8.5800E-03  1.5223E+01  1.4891E+01  3.3172E-01
8.5813E-03  1.5174E+01  1.4842E+01  3.3176E-01
8.5825E-03  1.5163E+01  1.4831E+01  3.3179E-01
8.5838E-03  1.5156E+01  1.4824E+01  3.3183E-01
8.5850E-03  1.5149E+01  1.4817E+01  3.3186E-01
8.5863E-03  1.5142E+01  1.4810E+01  3.3190E-01
8.5875E-03  1.5136E+01  1.4804E+01  3.3194E-01
8.5887E-03  1.5129E+01  1.4797E+01  3.3197E-01
8.5900E-03  1.5122E+01  1.4790E+01  3.3201E-01
8.5912E-03  1.5116E+01  1.4784E+01  3.3204E-01
8.5925E-03  1.5109E+01  1.4777E+01  3.3208E-01
8.5938E-03  1.5103E+01  1.4771E+01  3.3212E-01
8.5950E-03  1.5096E+01  1.4764E+01  3.3215E-01
8.5962E-03  1.5090E+01  1.4758E+01  3.3219E-01
8.5975E-03  1.5083E+01  1.4751E+01  3.3222E-01
8.5988E-03  1.5077E+01  1.4745E+01  3.3226E-01
8.6000E-03  1.5070E+01  1.4738E+01  3.3230E-01
8.6013E-03  1.5064E+01  1.4731E+01  3.3233E-01
8.6025E-03  1.5057E+01  1.4725E+01  3.3237E-01
8.6038E-03  1.5051E+01  1.4718E+01  3.3241E-01
8.6050E-03  1.5044E+01  1.4712E+01  3.3244E-01
8.6062E-03  1.5038E+01  1.4705E+01  3.3248E-01
8.6075E-03  1.5031E+01  1.4699E+01  3.3251E-01
8.6088E-03  1.5026E+01  1.4694E+01  3.3255E-01
8.6100E-03  1.5018E+01  1.4686E+01  3.3259E-01
8.6113E-03  1.5012E+01  1.4679E+01  3.3262E-01
8.6125E-03  1.5006E+01  1.4673E+01  3.3266E-01
8.6137E-03  1.5000E+01  1.4667E+01  3.3270E-01
8.6150E-03  1.4993E+01  1.4660E+01  3.3273E-01
8.6163E-03  1.4986E+01  1.4653E+01  3.3277E-01
8.6175E-03  1.4980E+01  1.4647E+01  3.3281E-01
8.6187E-03  1.4973E+01  1.4640E+01  3.3284E-01
8.6200E-03  1.4967E+01  1.4634E+01  3.3288E-01
8.6213E-03  1.4960E+01  1.4628E+01  3.3292E-01
8.6225E-03  1.4954E+01  1.4621E+01  3.3295E-01
8.6237E-03  1.4948E+01  1.4615E+01  3.3299E-01
8.6250E-03  1.4941E+01  1.4608E+01  3.3303E-01
8.6263E-03  1.4935E+01  1.4602E+01  3.3306E-01
8.6275E-03  1.4929E+01  1.4596E+01  3.3310E-01
8.6288E-03  1.4922E+01  1.4589E+01  3.3314E-01
8.6300E-03  1.4916E+01  1.4583E+01  3.3317E-01
8.6313E-03  1.4910E+01  1.4577E+01  3.3321E-01
8.6325E-03  1.4904E+01  1.4570E+01  3.3325E-01
8.6337E-03  1.4897E+01  1.4564E+01  3.3329E-01
8.6350E-03  1.4891E+01  1.4558E+01  3.3332E-01
8.6362E-03  1.4885E+01  1.4552E+01  3.3336E-01
8.6375E-03  1.4879E+01  1.4545E+01  3.3340E-01
8.6388E-03  1.4872E+01  1.4539E+01  3.3343E-01
8.6400E-03  1.4866E+01  1.4533E+01  3.3347E-01
8.6412E-03  1.4860E+01  1.4526E+01  3.3351E-01
8.6425E-03  1.4854E+01  1.4520E+01  3.3355E-01
8.6438E-03  1.4847E+01  1.4514E+01  3.3358E-01
8.6450E-03  1.4841E+01  1.4508E+01  3.3362E-01
8.6463E-03  1.4835E+01  1.4501E+01  3.3366E-01
8.6475E-03  1.4829E+01  1.4495E+01  3.3369E-01
8.6488E-03  1.4823E+01  1.4490E+01  3.3373E-01
8.6500E-03  1.4818E+01  1.4484E+01  3.3377E-01
8.6512E-03  1.4811E+01  1.4477E+01  3.3381E-01
8.6525E-03  1.4804E+01  1.4471E+01  3.3384E-01
8.6537E-03  1.4798E+01  1.4464E+01  3.3388E-01
8.6550E-03  1.4792E+01  1.4458E+01  3.3392E-01
8.6563E-03  1.4786E+01  1.4452E+01  3.3396E-01
8.6575E-03  1.4780E+01  1.4446E+01  3.3399E-01
8.6587E-03  1.4774E+01  1.4440E+01  3.3403E-01
8.6600E-03  1.4768E+01  1.4434E+01  3.3407E-01
8.6613E-03  1.4762E+01  1.4428E+01  3.3411E-01
8.6625E-03  1.4756E+01  1.4422E+01  3.3415E-01
8.6638E-03  1.4750E+01  1.4416E+01  3.3418E-01
8.6650E-03  1.4744E+01  1.4410E+01  3.3422E-01
8.6663E-03  1.4738E+01  1.4403E+01  3.3426E-01
8.6675E-03  1.4732E+01  1.4397E+01  3.3430E-01
8.6687E-03  1.4726E+01  1.4391E+01  3.3433E-01
8.6700E-03  1.4721E+01  1.4386E+01  3.3437E-01
8.6713E-03  1.4714E+01  1.4379E+01  3.3441E-01
8.6725E-03  1.4708E+01  1.4374E+01  3.3445E-01
8.6738E-03  1.4712E+01  1.4377E+01  3.3449E-01
8.6750E-03  1.4696E+01  1.4362E+01  3.3452E-01
8.6762E-03  1.4690E+01  1.4355E+01  3.3456E-01
8.6775E-03  1.4684E+01  1.4350E+01  3.3460E-01
8.6788E-03  1.4678E+01  1.4344E+01  3.3464E-01
8.6800E-03  1.4672E+01  1.4338E+01  3.3468E-01
8.6812E-03  1.4666E+01  1.4332E+01  3.3471E-01
8.6825E-03  1.4660E+01  1.4326E+01  3.3475E-01
8.6838E-03  1.4655E+01  1.4320E+01  3.3479E-01
8.6850E-03  1.4649E+01  1.4314E+01  3.3483E-01
8.6862E-03  1.4643E+01  1.4308E+01  3.3487E-01
8.6875E-03  1.4637E+01  1.4302E+01  3.3491E-01
8.6888E-03  1.4631E+01  1.4296E+01  3.3494E-01
8.6900E-03  1.4663E+01  1.4328E+01  3.3498E-01
8.6913E-03  1.4620E+01  1.4285E+01  3.3502E-01
8.6925E-03  1.4614E+01  1.4279E+01  3.3506E-01
8.6938E-03  1.4608E+01  1.4273E+01  3.3510E-01
8.6950E-03  1.4602E+01  1.4267E+01  3.3514E-01
8.6962E-03  1.4596E+01  1.4261E+01  3.3517E-01
8.6975E-03  1.4598E+01  1.4263E+01  3.3521E-01
8.6987E-03  1.4585E+01  1.4250E+01  3.3525E-01
8.7000E-03  1.4579E+01  1.4244E+01  3.3529E-01
8.7013E-03  1.4574E+01  1.4238E+01  3.3533E-01
8.7025E-03  1.4568E+01  1.4232E+01  3.3537E-01
8.7037E-03  1.4562E+01  1.4227E+01  3.3541E-01
8.7050E-03  1.4556E+01  1.4221E+01  3.3544E-01
8.7063E-03  1.4554E+01  1.4219E+01  3.3548E-01
8.7075E-03  1.4545E+01  1.4209E+01  3.3552E-01
8.7088E-03  1.4539E+01  1.4204E+01  3.3556E-01
8.7100E-03  1.4533E+01  1.4198E+01  3.3560E-01
8.7113E-03  1.4529E+01  1.4194E+01  3.3564E-01
8.7125E-03  1.4522E+01  1.4186E+01  3.3568E-01
8.7137E-03  1.4516E+01  1.4181E+01  3.3572E-01
8.7150E-03  1.4520E+01  1.4185E+01  3.3576E-01
8.7163E-03  1.4505E+01  1.4169E+01  3.3579E-01
8.7175E-03  1.4500E+01  1.4164E+01  3.3583E-01
8.7188E-03  1.4512E+01  1.4176E+01  3.3587E-01
8.7200E-03  1.4488E+01  1.4152E+01  3.3591E-01
8.7212E-03  1.4483E+01  1.4147E+01  3.3595E-01
8.7225E-03  1.4482E+01  1.4146E+01  3.3599E-01
8.7238E-03  1.4472E+01  1.4136E+01  3.3603E-01
8.7250E-03  1.4466E+01  1.4130E+01  3.3607E-01
8.7262E-03  1.4460E+01  1.4124E+01  3.3611E-01
8.7275E-03  1.4455E+01  1.4119E+01  3.3615E-01
8.7288E-03  1.4449E+01  1.4113E+01  3.3619E-01
8.7300E-03  1.4445E+01  1.4108E+01  3.3623E-01
8.7312E-03  1.4451E+01  1.4115E+01  3.3626E-01
8.7325E-03  1.4433E+01  1.4097E+01  3.3630E-01
8.7338E-03  1.4427E+01  1.4091E+01  3.3634E-01
8.7350E-03  1.4426E+01  1.4090E+01  3.3638E-01
8.7363E-03  1.4473E+01  1.4137E+01  3.3642E-01
8.7375E-03  1.4411E+01  1.4074E+01  3.3646E-01
8.7387E-03  1.4405E+01  1.4069E+01  3.3650E-01
8.7400E-03  1.4487E+01  1.4150E+01  3.3654E-01
8.7413E-03  1.4394E+01  1.4058E+01  3.3658E-01
8.7425E-03  1.4389E+01  1.4052E+01  3.3662E-01
8.7437E-03  1.4397E+01  1.4060E+01  3.3666E-01
8.7450E-03  1.4378E+01  1.4042E+01  3.3670E-01
8.7463E-03  1.4372E+01  1.4036E+01  3.3674E-01
8.7475E-03  1.4370E+01  1.4034E+01  3.3678E-01
8.7487E-03  1.4364E+01  1.4027E+01  3.3682E-01
8.7500E-03  1.4356E+01  1.4019E+01  3.3686E-01
8.7513E-03  1.4351E+01  1.4014E+01  3.3690E-01
8.7525E-03  1.4374E+01  1.4037E+01  3.3694E-01
8.7538E-03  1.4340E+01  1.4003E+01  3.3698E-01
8.7550E-03  1.4382E+01  1.4045E+01  3.3702E-01
8.7563E-03  1.4413E+01  1.4075E+01  3.3706E-01
8.7575E-03  1.4327E+01  1.3990E+01  3.3710E-01
8.7587E-03  1.4319E+01  1.3982E+01  3.3714E-01
8.7600E-03  1.5573E+01  1.5235E+01  3.3718E-01
8.7612E-03  1.4394E+01  1.4057E+01  3.3722E-01
8.7625E-03  1.4303E+01  1.3965E+01  3.3726E-01
8.7638E-03  1.4300E+01  1.3963E+01  3.3730E-01
8.7650E-03  1.4394E+01  1.4057E+01  3.3734E-01
8.7662E-03  1.4287E+01  1.3950E+01  3.3738E-01
8.7675E-03  1.4284E+01  1.3947E+01  3.3742E-01
8.7688E-03  1.4515E+01  1.4178E+01  3.3746E-01
8.7700E-03  1.4272E+01  1.3935E+01  3.3750E-01
8.7712E-03  1.4266E+01  1.3928E+01  3.3754E-01
8.7725E-03  1.4263E+01  1.3926E+01  3.3758E-01
8.7738E-03  1.4256E+01  1.3919E+01  3.3762E-01
8.7750E-03  1.4250E+01  1.3912E+01  3.3766E-01
8.7762E-03  1.4245E+01  1.3907E+01  3.3770E-01
8.7775E-03  1.4265E+01  1.3927E+01  3.3774E-01
8.7788E-03  1.4235E+01  1.3897E+01  3.3778E-01
8.7800E-03  1.4236E+01  1.3898E+01  3.3782E-01
8.7813E-03  1.4236E+01  1.3898E+01  3.3786E-01
8.7825E-03  1.4220E+01  1.3882E+01  3.3790E-01
8.7837E-03  1.4214E+01  1.3877E+01  3.3795E-01
8.7850E-03  1.4212E+01  1.3874E+01  3.3799E-01
8.7863E-03  1.4205E+01  1.3867E+01  3.3803E-01
8.7875E-03  1.4200E+01  1.3862E+01  3.3807E-01
8.7887E-03  1.4212E+01  1.3874E+01  3.3811E-01
8.7900E-03  1.4208E+01  1.3870E+01  3.3815E-01
8.7913E-03  1.4186E+01  1.3848E+01  3.3819E-01
8.7925E-03  1.4180E+01  1.3842E+01  3.3823E-01
8.7937E-03  1.4176E+01  1.3837E+01  3.3827E-01
8.7950E-03  1.4174E+01  1.3835E+01  3.3831E-01
8.7963E-03  1.4166E+01  1.3828E+01  3.3835E-01
8.7975E-03  1.4179E+01  1.3841E+01  3.3839E-01
8.7988E-03  1.4157E+01  1.3818E+01  3.3844E-01
8.8000E-03  1.4152E+01  1.3813E+01  3.3848E-01
8.8013E-03  1.4147E+01  1.3809E+01  3.3852E-01
8.8025E-03  1.4149E+01  1.3810E+01  3.3856E-01
8.8038E-03  1.4138E+01  1.3799E+01  3.3860E-01
8.8050E-03  1.4133E+01  1.3794E+01  3.3864E-01
8.8062E-03  1.4128E+01  1.3790E+01  3.3868E-01
8.8075E-03  1.4124E+01  1.3785E+01  3.3872E-01
8.8088E-03  1.4119E+01  1.3780E+01  3.3876E-01
8.8100E-03  1.4114E+01  1.3776E+01  3.3881E-01
8.8112E-03  1.4110E+01  1.3771E+01  3.3885E-01
8.8125E-03  1.4105E+01  1.3766E+01  3.3889E-01
8.8138E-03  1.4101E+01  1.3762E+01  3.3893E-01
8.8150E-03  1.4096E+01  1.3757E+01  3.3897E-01
8.8163E-03  1.4091E+01  1.3752E+01  3.3901E-01
8.8175E-03  1.4087E+01  1.3748E+01  3.3905E-01
8.8188E-03  1.4082E+01  1.3743E+01  3.3910E-01
8.8200E-03  1.4078E+01  1.3739E+01  3.3914E-01
8.8212E-03  1.4073E+01  1.3734E+01  3.3918E-01
8.8225E-03  1.4069E+01  1.3730E+01  3.3922E-01
8.8237E-03  1.4071E+01  1.3731E+01  3.3926E-01
8.8250E-03  1.4059E+01  1.3720E+01  3.3930E-01
8.8263E-03  1.4055E+01  1.3715E+01  3.3935E-01
8.8275E-03  1.4053E+01  1.3713E+01  3.3939E-01
8.8287E-03  1.4046E+01  1.3706E+01  3.3943E-01
8.8300E-03  1.4041E+01  1.3702E+01  3.3947E-01
8.8313E-03  1.4044E+01  1.3704E+01  3.3951E-01
8.8325E-03  1.4032E+01  1.3693E+01  3.3956E-01
8.8337E-03  1.4028E+01  1.3688E+01  3.3960E-01
8.8350E-03  1.4023E+01  1.3684E+01  3.3964E-01
8.8363E-03  1.4021E+01  1.3681E+01  3.3968E-01
8.8375E-03  1.4014E+01  1.3675E+01  3.3972E-01
8.8387E-03  1.4010E+01  1.3670E+01  3.3977E-01
8.8400E-03  1.4005E+01  1.3666E+01  3.3981E-01
8.8413E-03  1.4001E+01  1.3661E+01  3.3985E-01
8.8425E-03  1.3996E+01  1.3657E+01  3.3989E-01
8.8438E-03  1.3992E+01  1.3652E+01  3.3993E-01
8.8450E-03  1.3988E+01  1.3648E+01  3.3998E-01
8.8462E-03  1.3983E+01  1.3643E+01  3.4002E-01
8.8475E-03  1.3979E+01  1.3639E+01  3.4006E-01
8.8488E-03  1.3975E+01  1.3634E+01  3.4010E-01
8.8500E-03  1.3970E+01  1.3630E+01  3.4015E-01
8.8512E-03  1.3966E+01  1.3626E+01  3.4019E-01
8.8525E-03  1.3962E+01  1.3621E+01  3.4023E-01
8.8538E-03  1.3957E+01  1.3617E+01  3.4027E-01
8.8550E-03  1.3953E+01  1.3613E+01  3.4032E-01
8.8562E-03  1.3950E+01  1.3609E+01  3.4036E-01
8.8575E-03  1.3947E+01  1.3607E+01  3.4040E-01
8.8588E-03  1.3951E+01  1.3610E+01  3.4044E-01
8.8600E-03  1.7845E+01  1.7505E+01  3.4049E-01
8.8613E-03  1.3950E+01  1.3609E+01  3.4053E-01
8.8625E-03  1.3931E+01  1.3590E+01  3.4057E-01
8.8638E-03  1.3924E+01  1.3583E+01  3.4061E-01
8.8650E-03  1.3919E+01  1.3579E+01  3.4066E-01
8.8663E-03  1.3915E+01  1.3574E+01  3.4070E-01
8.8675E-03  1.3910E+01  1.3569E+01  3.4074E-01
8.8687E-03  1.3906E+01  1.3565E+01  3.4079E-01
8.8700E-03  1.3902E+01  1.3561E+01  3.4083E-01
8.8713E-03  1.3900E+01  1.3560E+01  3.4087E-01
8.8725E-03  1.3915E+01  1.3574E+01  3.4091E-01
8.8737E-03  1.3890E+01  1.3549E+01  3.4096E-01
8.8750E-03  1.3885E+01  1.3544E+01  3.4100E-01
8.8763E-03  1.3881E+01  1.3540E+01  3.4104E-01
8.8775E-03  1.3877E+01  1.3536E+01  3.4109E-01
8.8787E-03  1.3874E+01  1.3533E+01  3.4113E-01
8.8800E-03  1.3870E+01  1.3529E+01  3.4117E-01
8.8813E-03  1.3865E+01  1.3524E+01  3.4122E-01
8.8825E-03  1.3861E+01  1.3520E+01  3.4126E-01
8.8837E-03  1.3858E+01  1.3517E+01  3.4130E-01
8.8850E-03  1.3887E+01  1.3545E+01  3.4135E-01
8.8863E-03  1.3853E+01  1.3512E+01  3.4139E-01
8.8875E-03  1.3854E+01  1.3513E+01  3.4143E-01
8.8888E-03  1.3887E+01  1.3546E+01  3.4148E-01
8.8900E-03  1.4535E+01  1.4194E+01  3.4152E-01
8.8912E-03  1.3857E+01  1.3515E+01  3.4156E-01
8.8925E-03  1.3846E+01  1.3504E+01  3.4161E-01
8.8938E-03  1.3833E+01  1.3491E+01  3.4165E-01
8.8950E-03  1.3830E+01  1.3488E+01  3.4169E-01
8.8962E-03  1.3828E+01  1.3486E+01  3.4174E-01
8.8975E-03  1.3827E+01  1.3485E+01  3.4178E-01
8.8988E-03  1.3827E+01  1.3486E+01  3.4182E-01
8.9000E-03  1.3830E+01  1.3489E+01  3.4187E-01
8.9012E-03  1.3837E+01  1.3495E+01  3.4191E-01
8.9025E-03  1.3857E+01  1.3515E+01  3.4196E-01
8.9038E-03  1.3880E+01  1.3538E+01  3.4200E-01
8.9050E-03  1.3944E+01  1.3602E+01  3.4204E-01
8.9063E-03  1.4127E+01  1.3785E+01  3.4209E-01
8.9075E-03  1.5015E+01  1.4673E+01  3.4213E-01
8.9088E-03  5.4143E+02  5.4108E+02  3.4217E-01
8.9100E-03  1.5885E+01  1.5543E+01  3.4222E-01
8.9113E-03  1.4219E+01  1.3876E+01  3.4226E-01
8.9125E-03  1.3956E+01  1.3614E+01  3.4231E-01
8.9137E-03  1.3869E+01  1.3527E+01  3.4235E-01
8.9150E-03  1.3832E+01  1.3490E+01  3.4239E-01
8.9163E-03  1.3822E+01  1.3480E+01  3.4244E-01
8.9175E-03  1.3867E+01  1.3525E+01  3.4248E-01
8.9187E-03  8.4811E+01  8.4469E+01  3.4253E-01
8.9200E-03  1.3988E+01  1.3645E+01  3.4257E-01
8.9213E-03  1.8335E+01  1.7992E+01  3.4262E-01
8.9225E-03  1.4011E+01  1.3669E+01  3.4266E-01
8.9237E-03  1.3800E+01  1.3458E+01  3.4270E-01
8.9250E-03  1.3765E+01  1.3423E+01  3.4275E-01
8.9263E-03  1.3761E+01  1.3419E+01  3.4279E-01
8.9275E-03  1.3833E+01  1.3490E+01  3.4284E-01
8.9288E-03  1.4847E+01  1.4504E+01  3.4288E-01
8.9300E-03  1.3931E+01  1.3588E+01  3.4293E-01
8.9312E-03  1.6034E+01  1.5691E+01  3.4297E-01
8.9325E-03  1.3796E+01  1.3453E+01  3.4302E-01
8.9338E-03  1.3731E+01  1.3388E+01  3.4306E-01
8.9350E-03  1.3705E+01  1.3362E+01  3.4311E-01
8.9362E-03  1.3695E+01  1.3352E+01  3.4315E-01
8.9375E-03  1.3687E+01  1.3344E+01  3.4319E-01
8.9388E-03  1.3681E+01  1.3338E+01  3.4324E-01
8.9400E-03  1.3676E+01  1.3333E+01  3.4328E-01
8.9412E-03  1.3671E+01  1.3328E+01  3.4333E-01
8.9425E-03  1.3666E+01  1.3323E+01  3.4337E-01
8.9438E-03  1.3662E+01  1.3318E+01  3.4342E-01
8.9450E-03  1.3657E+01  1.3314E+01  3.4346E-01
8.9462E-03  1.3653E+01  1.3310E+01  3.4351E-01
8.9475E-03  1.3649E+01  1.3305E+01  3.4355E-01
8.9488E-03  1.3645E+01  1.3301E+01  3.4360E-01
8.9500E-03  1.3641E+01  1.3297E+01  3.4364E-01
8.9513E-03  1.3637E+01  1.3293E+01  3.4369E-01
8.9525E-03  1.3732E+01  1.3388E+01  3.4373E-01
8.9537E-03  1.3629E+01  1.3285E+01  3.4378E-01
8.9550E-03  1.3625E+01  1.3281E+01  3.4382E-01
8.9563E-03  1.3621E+01  1.3277E+01  3.4387E-01
8.9575E-03  1.3617E+01  1.3273E+01  3.4392E-01
8.9587E-03  1.3613E+01  1.3269E+01  3.4396E-01
8.9600E-03  1.3609E+01  1.3265E+01  3.4401E-01
8.9613E-03  1.3605E+01  1.3261E+01  3.4405E-01
8.9625E-03  1.3602E+01  1.3258E+01  3.4410E-01
8.9637E-03  1.3597E+01  1.3253E+01  3.4414E-01
8.9650E-03  1.3593E+01  1.3249E+01  3.4419E-01
8.9663E-03  1.3590E+01  1.3245E+01  3.4423E-01
8.9675E-03  1.3586E+01  1.3241E+01  3.4428E-01
8.9688E-03  1.3582E+01  1.3238E+01  3.4432E-01
8.9700E-03  1.3578E+01  1.3234E+01  3.4437E-01
8.9713E-03  1.3574E+01  1.3230E+01  3.4442E-01
8.9725E-03  1.3571E+01  1.3226E+01  3.4446E-01
8.9738E-03  1.3567E+01  1.3222E+01  3.4451E-01
8.9750E-03  1.3563E+01  1.3219E+01  3.4455E-01
8.9762E-03  1.3559E+01  1.3215E+01  3.4460E-01
8.9775E-03  1.3556E+01  1.3211E+01  3.4464E-01
8.9788E-03  1.3552E+01  1.3207E+01  3.4469E-01
8.9800E-03  1.3548E+01  1.3203E+01  3.4474E-01
8.9812E-03  1.3544E+01  1.3200E+01  3.4478E-01
8.9825E-03  1.3541E+01  1.3196E+01  3.4483E-01
8.9838E-03  1.3537E+01  1.3192E+01  3.4487E-01
8.9850E-03  1.3559E+01  1.3214E+01  3.4492E-01
8.9862E-03  1.3530E+01  1.3185E+01  3.4497E-01
8.9875E-03  1.3526E+01  1.3181E+01  3.4501E-01
8.9888E-03  1.3522E+01  1.3177E+01  3.4506E-01
8.9900E-03  1.3519E+01  1.3174E+01  3.4511E-01
8.9913E-03  1.3515E+01  1.3170E+01  3.4515E-01
8.9925E-03  1.3512E+01  1.3166E+01  3.4520E-01
8.9938E-03  1.3508E+01  1.3163E+01  3.4524E-01
8.9950E-03  1.3504E+01  1.3159E+01  3.4529E-01
8.9963E-03  1.3501E+01  1.3155E+01  3.4534E-01
8.9975E-03  1.3497E+01  1.3152E+01  3.4538E-01
8.9987E-03  1.3494E+01  1.3148E+01  3.4543E-01
9.0000E-03  1.3490E+01  1.3145E+01  3.4548E-01
9.0013E-03  1.3486E+01  1.3141E+01  3.4552E-01
9.0025E-03  1.3483E+01  1.3138E+01  3.4557E-01
9.0037E-03  1.3479E+01  1.3134E+01  3.4562E-01
9.0050E-03  1.3476E+01  1.3130E+01  3.4566E-01
9.0063E-03  1.3473E+01  1.3127E+01  3.4571E-01
9.0075E-03  1.3469E+01  1.3123E+01  3.4576E-01
9.0087E-03  1.3465E+01  1.3120E+01  3.4580E-01
9.0100E-03  1.3462E+01  1.3116E+01  3.4585E-01
9.0113E-03  1.3459E+01  1.3113E+01  3.4590E-01
9.0125E-03  1.3455E+01  1.3109E+01  3.4594E-01
9.0138E-03  1.3452E+01  1.3106E+01  3.4599E-01
9.0150E-03  1.3448E+01  1.3102E+01  3.4604E-01
9.0162E-03  1.3445E+01  1.3099E+01  3.4608E-01
9.0175E-03  1.3441E+01  1.3095E+01  3.4613E-01
9.0188E-03  1.3438E+01  1.3092E+01  3.4618E-01
9.0200E-03  1.3435E+01  1.3088E+01  3.4622E-01
9.0212E-03  1.3431E+01  1.3085E+01  3.4627E-01
9.0225E-03  1.3428E+01  1.3082E+01  3.4632E-01
9.0238E-03  1.3425E+01  1.3078E+01  3.4637E-01
9.0250E-03  1.3421E+01  1.3075E+01  3.4641E-01
9.0262E-03  1.3418E+01  1.3072E+01  3.4646E-01
9.0275E-03  1.3415E+01  1.3068E+01  3.4651E-01
9.0288E-03  1.3412E+01  1.3065E+01  3.4656E-01
9.0300E-03  1.3408E+01  1.3062E+01  3.4660E-01
9.0312E-03  1.3406E+01  1.3060E+01  3.4665E-01
9.0325E-03  1.3407E+01  1.3060E+01  3.4670E-01
9.0338E-03  1.3399E+01  1.3052E+01  3.4674E-01
9.0350E-03  1.3396E+01  1.3049E+01  3.4679E-01
9.0363E-03  1.3392E+01  1.3046E+01  3.4684E-01
9.0375E-03  1.3389E+01  1.3042E+01  3.4689E-01
9.0387E-03  1.3386E+01  1.3039E+01  3.4693E-01
9.0400E-03  1.3383E+01  1.3036E+01  3.4698E-01
9.0413E-03  1.3380E+01  1.3033E+01  3.4703E-01
9.0425E-03  1.3378E+01  1.3031E+01  3.4708E-01
9.0437E-03  1.3375E+01  1.3028E+01  3.4713E-01
9.0450E-03  1.3373E+01  1.3026E+01  3.4717E-01
9.0463E-03  1.3377E+01  1.3030E+01  3.4722E-01
9.0475E-03  1.3371E+01  1.3024E+01  3.4727E-01
9.0487E-03  1.3366E+01  1.3019E+01  3.4732E-01
9.0500E-03  1.3364E+01  1.3017E+01  3.4737E-01
9.0513E-03  1.3362E+01  1.3014E+01  3.4741E-01
9.0525E-03  1.3359E+01  1.3011E+01  3.4746E-01
9.0538E-03  1.3357E+01  1.3010E+01  3.4751E-01
9.0550E-03  1.3357E+01  1.3009E+01  3.4756E-01
9.0563E-03  1.3379E+01  1.3031E+01  3.4761E-01
9.0575E-03  1.3360E+01  1.3013E+01  3.4765E-01
9.0588E-03  1.3411E+01  1.3063E+01  3.4770E-01
9.0600E-03  1.3382E+01  1.3034E+01  3.4775E-01
9.0612E-03  1.3370E+01  1.3022E+01  3.4780E-01
9.0625E-03  1.3349E+01  1.3002E+01  3.4785E-01
9.0638E-03  1.3346E+01  1.2998E+01  3.4789E-01
9.0650E-03  1.3344E+01  1.2996E+01  3.4794E-01
9.0662E-03  1.3342E+01  1.2994E+01  3.4799E-01
9.0675E-03  1.3341E+01  1.2993E+01  3.4804E-01
9.0688E-03  1.3340E+01  1.2992E+01  3.4809E-01
9.0700E-03  1.3339E+01  1.2991E+01  3.4814E-01
9.0712E-03  1.3338E+01  1.2990E+01  3.4819E-01
9.0725E-03  1.3338E+01  1.2990E+01  3.4823E-01
9.0738E-03  1.3338E+01  1.2989E+01  3.4828E-01
9.0750E-03  1.3337E+01  1.2989E+01  3.4833E-01
9.0763E-03  1.3337E+01  1.2989E+01  3.4838E-01
9.0775E-03  1.3337E+01  1.2989E+01  3.4843E-01
9.0788E-03  1.3338E+01  1.2989E+01  3.4848E-01
9.0800E-03  1.3339E+01  1.2990E+01  3.4853E-01
9.0813E-03  1.3340E+01  1.2991E+01  3.4858E-01
9.0825E-03  1.3341E+01  1.2992E+01  3.4862E-01
9.0837E-03  1.3343E+01  1.2994E+01  3.4867E-01
9.0850E-03  1.3345E+01  1.2996E+01  3.4872E-01
9.0863E-03  1.3347E+01  1.2998E+01  3.4877E-01
9.0875E-03  1.3350E+01  1.3002E+01  3.4882E-01
9.0887E-03  1.3354E+01  1.3005E+01  3.4887E-01
9.0900E-03  1.3359E+01  1.3010E+01  3.4892E-01
9.0913E-03  1.3365E+01  1.3016E+01  3.4897E-01
9.0925E-03  1.3396E+01  1.3047E+01  3.4902E-01
9.0937E-03  1.3379E+01  1.3030E+01  3.4907E-01
9.0950E-03  1.3387E+01  1.3038E+01  3.4912E-01
9.0963E-03  1.3398E+01  1.3049E+01  3.4916E-01
9.0975E-03  1.3412E+01  1.3062E+01  3.4921E-01
9.0988E-03  1.3428E+01  1.3079E+01  3.4926E-01
9.1000E-03  1.3449E+01  1.3099E+01  3.4931E-01
9.1012E-03  1.3486E+01  1.3136E+01  3.4936E-01
9.1025E-03  1.3506E+01  1.3157E+01  3.4941E-01
9.1038E-03  1.3546E+01  1.3197E+01  3.4946E-01
9.1050E-03  1.3601E+01  1.3252E+01  3.4951E-01
9.1062E-03  1.3679E+01  1.3329E+01  3.4956E-01
9.1075E-03  1.3793E+01  1.3443E+01  3.4961E-01
9.1088E-03  1.3975E+01  1.3626E+01  3.4966E-01
9.1100E-03  1.4302E+01  1.3952E+01  3.4971E-01
9.1112E-03  1.5014E+01  1.4664E+01  3.4976E-01
9.1125E-03  1.7239E+01  1.6890E+01  3.4981E-01
9.1138E-03  3.5700E+01  3.5351E+01  3.4986E-01
9.1150E-03  1.2516E+02  1.2481E+02  3.4991E-01
9.1163E-03  2.0030E+01  1.9680E+01  3.4996E-01
9.1175E-03  1.6575E+01  1.6225E+01  3.5001E-01
9.1188E-03  1.6478E+01  1.6128E+01  3.5006E-01
9.1200E-03  1.8061E+01  1.7711E+01  3.5011E-01
9.1213E-03  2.4206E+01  2.3856E+01  3.5016E-01
9.1225E-03  7.5917E+01  7.5567E+01  3.5021E-01
9.1237E-03  4.1801E+02  4.1766E+02  3.5026E-01
9.1250E-03  3.1834E+01  3.1484E+01  3.5031E-01
9.1263E-03  1.9445E+01  1.9094E+01  3.5036E-01
9.1275E-03  1.6525E+01  1.6175E+01  3.5041E-01
9.1287E-03  1.5455E+01  1.5104E+01  3.5046E-01
9.1300E-03  1.5009E+01  1.4659E+01  3.5051E-01
9.1313E-03  1.4868E+01  1.4517E+01  3.5056E-01
9.1325E-03  1.4939E+01  1.4589E+01  3.5061E-01
9.1337E-03  1.5230E+01  1.4879E+01  3.5066E-01
9.1350E-03  1.5863E+01  1.5513E+01  3.5071E-01
9.1363E-03  1.7182E+01  1.6832E+01  3.5076E-01
9.1375E-03  2.0303E+01  1.9952E+01  3.5081E-01
9.1387E-03  3.0376E+01  3.0025E+01  3.5086E-01
9.1400E-03  1.0712E+02  1.0677E+02  3.5092E-01
9.1413E-03  1.1025E+03  1.1022E+03  3.5097E-01
9.1425E-03  4.6856E+01  4.6505E+01  3.5102E-01
9.1438E-03  2.3591E+01  2.3240E+01  3.5107E-01
9.1450E-03  1.8208E+01  1.7857E+01  3.5112E-01
9.1462E-03  1.6146E+01  1.5795E+01  3.5117E-01
9.1475E-03  1.5142E+01  1.4790E+01  3.5122E-01
9.1488E-03  1.4577E+01  1.4226E+01  3.5127E-01
9.1500E-03  1.4230E+01  1.3878E+01  3.5132E-01
9.1512E-03  1.3996E+01  1.3644E+01  3.5137E-01
9.1525E-03  1.3828E+01  1.3476E+01  3.5142E-01
9.1538E-03  1.3708E+01  1.3357E+01  3.5147E-01
9.1550E-03  1.3617E+01  1.3265E+01  3.5153E-01
9.1562E-03  1.3547E+01  1.3195E+01  3.5158E-01
9.1575E-03  1.3493E+01  1.3141E+01  3.5163E-01
9.1588E-03  1.3454E+01  1.3102E+01  3.5168E-01
9.1600E-03  1.3424E+01  1.3072E+01  3.5173E-01
9.1613E-03  1.3452E+01  1.3100E+01  3.5178E-01
9.1625E-03  1.3365E+01  1.3014E+01  3.5183E-01
9.1638E-03  1.3332E+01  1.2980E+01  3.5188E-01
9.1650E-03  1.3311E+01  1.2959E+01  3.5194E-01
9.1663E-03  1.3292E+01  1.2940E+01  3.5199E-01
9.1675E-03  1.3277E+01  1.2925E+01  3.5204E-01
9.1687E-03  1.3264E+01  1.2911E+01  3.5209E-01
9.1700E-03  1.3252E+01  1.2900E+01  3.5214E-01
9.1713E-03  1.3242E+01  1.2889E+01  3.5219E-01
9.1725E-03  1.3233E+01  1.2880E+01  3.5225E-01
9.1737E-03  1.3225E+01  1.2872E+01  3.5230E-01
9.1750E-03  1.3218E+01  1.2866E+01  3.5235E-01
9.1763E-03  1.3212E+01  1.2860E+01  3.5240E-01
9.1775E-03  1.3238E+01  1.2885E+01  3.5245E-01
9.1788E-03  1.3206E+01  1.2853E+01  3.5250E-01
9.1800E-03  1.3206E+01  1.2854E+01  3.5256E-01
9.1813E-03  1.3216E+01  1.2863E+01  3.5261E-01
9.1825E-03  1.3243E+01  1.2890E+01  3.5266E-01
9.1837E-03  1.3409E+01  1.3056E+01  3.5271E-01
9.1850E-03  1.7814E+01  1.7462E+01  3.5276E-01
9.1862E-03  1.3368E+01  1.3016E+01  3.5282E-01
9.1875E-03  1.3243E+01  1.2890E+01  3.5287E-01
9.1888E-03  1.3225E+01  1.2872E+01  3.5292E-01
9.1900E-03  1.3233E+01  1.2880E+01  3.5297E-01
9.1912E-03  1.3263E+01  1.2910E+01  3.5298E-01
9.1925E-03  1.3341E+01  1.2988E+01  3.5298E-01
9.1938E-03  1.3722E+01  1.3369E+01  3.5298E-01
9.1950E-03  1.4306E+01  1.3953E+01  3.5298E-01
9.1962E-03  1.5318E+01  1.4965E+01  3.5298E-01
9.1975E-03  2.1692E+02  2.1656E+02  3.5298E-01
9.1988E-03  1.5300E+01  1.4947E+01  3.5298E-01
9.2000E-03  1.3756E+01  1.3403E+01  3.5298E-01
9.2012E-03  1.3528E+01  1.3175E+01  3.5298E-01
9.2025E-03  1.3603E+01  1.3250E+01  3.5298E-01
9.2038E-03  1.4186E+01  1.3834E+01  3.5298E-01
9.2050E-03  2.1842E+01  2.1489E+01  3.5298E-01
9.2063E-03  2.1582E+01  2.1229E+01  3.5298E-01
9.2075E-03  1.4168E+01  1.3815E+01  3.5298E-01
9.2087E-03  1.3497E+01  1.3144E+01  3.5298E-01
9.2100E-03  1.3346E+01  1.2993E+01  3.5299E-01
9.2113E-03  1.3348E+01  1.2995E+01  3.5299E-01
9.2125E-03  1.3738E+01  1.3385E+01  3.5299E-01
9.2137E-03  1.1552E+02  1.1516E+02  3.5299E-01
9.2150E-03  1.3676E+01  1.3323E+01  3.5299E-01
9.2163E-03  1.3251E+01  1.2898E+01  3.5299E-01
9.2175E-03  1.3168E+01  1.2815E+01  3.5299E-01
9.2187E-03  1.3131E+01  1.2778E+01  3.5299E-01
9.2200E-03  1.3110E+01  1.2757E+01  3.5299E-01
9.2213E-03  1.3096E+01  1.2743E+01  3.5299E-01
9.2225E-03  1.3087E+01  1.2734E+01  3.5299E-01
9.2238E-03  1.3081E+01  1.2728E+01  3.5299E-01
9.2250E-03  1.3077E+01  1.2724E+01  3.5299E-01
9.2263E-03  1.3080E+01  1.2727E+01  3.5299E-01
9.2275E-03  1.3090E+01  1.2737E+01  3.5299E-01
9.2288E-03  1.3071E+01  1.2718E+01  3.5299E-01
9.2300E-03  1.3060E+01  1.2707E+01  3.5299E-01
9.2312E-03  1.3054E+01  1.2701E+01  3.5299E-01
9.2325E-03  1.3050E+01  1.2697E+01  3.5299E-01
9.2338E-03  1.3046E+01  1.2693E+01  3.5299E-01
9.2350E-03  1.3043E+01  1.2690E+01  3.5299E-01
9.2362E-03  1.3040E+01  1.2687E+01  3.5299E-01
9.2375E-03  1.3037E+01  1.2684E+01  3.5300E-01
9.2388E-03  1.3034E+01  1.2681E+01  3.5300E-01
9.2400E-03  1.3032E+01  1.2679E+01  3.5300E-01
9.2413E-03  1.3029E+01  1.2676E+01  3.5300E-01
9.2425E-03  1.3027E+01  1.2674E+01  3.5300E-01
9.2438E-03  1.3024E+01  1.2671E+01  3.5300E-01
9.2450E-03  1.3022E+01  1.2669E+01  3.5300E-01
9.2462E-03  1.3020E+01  1.2667E+01  3.5300E-01
9.2475E-03  1.3017E+01  1.2664E+01  3.5300E-01
9.2488E-03  1.3015E+01  1.2662E+01  3.5300E-01
9.2500E-03  1.3013E+01  1.2660E+01  3.5300E-01
9.2513E-03  1.3011E+01  1.2658E+01  3.5300E-01
9.2525E-03  1.3009E+01  1.2656E+01  3.5300E-01
9.2537E-03  1.3007E+01  1.2654E+01  3.5300E-01
9.2550E-03  1.3005E+01  1.2652E+01  3.5300E-01
9.2563E-03  1.3003E+01  1.2650E+01  3.5300E-01
9.2575E-03  1.3001E+01  1.2648E+01  3.5300E-01
9.2587E-03  1.2999E+01  1.2646E+01  3.5300E-01
9.2600E-03  1.2998E+01  1.2645E+01  3.5300E-01
9.2613E-03  1.2998E+01  1.2645E+01  3.5300E-01
9.2625E-03  1.2997E+01  1.2644E+01  3.5300E-01
9.2637E-03  1.2998E+01  1.2645E+01  3.5300E-01
9.2650E-03  1.2997E+01  1.2644E+01  3.5301E-01
9.2663E-03  1.2994E+01  1.2641E+01  3.5301E-01
9.2675E-03  1.2993E+01  1.2640E+01  3.5301E-01
9.2688E-03  1.2993E+01  1.2640E+01  3.5301E-01
9.2700E-03  1.2995E+01  1.2642E+01  3.5301E-01
9.2712E-03  1.2998E+01  1.2645E+01  3.5301E-01
9.2725E-03  1.3003E+01  1.2650E+01  3.5301E-01
9.2738E-03  1.3000E+01  1.2647E+01  3.5301E-01
9.2750E-03  1.2996E+01  1.2643E+01  3.5301E-01
9.2762E-03  1.2995E+01  1.2642E+01  3.5301E-01
9.2775E-03  1.2994E+01  1.2641E+01  3.5301E-01
9.2788E-03  1.2994E+01  1.2641E+01  3.5301E-01
9.2800E-03  1.2994E+01  1.2641E+01  3.5301E-01
9.2812E-03  1.2994E+01  1.2641E+01  3.5301E-01
9.2825E-03  1.2995E+01  1.2642E+01  3.5301E-01
9.2838E-03  1.2995E+01  1.2642E+01  3.5301E-01
9.2850E-03  1.2995E+01  1.2642E+01  3.5301E-01
9.2863E-03  1.2996E+01  1.2643E+01  3.5301E-01
9.2875E-03  1.2996E+01  1.2643E+01  3.5301E-01
9.2888E-03  1.2996E+01  1.2643E+01  3.5301E-01
9.2900E-03  1.2997E+01  1.2644E+01  3.5301E-01
9.2912E-03  1.2997E+01  1.2644E+01  3.5301E-01
9.2925E-03  1.2998E+01  1.2645E+01  3.5302E-01
9.2937E-03  1.2999E+01  1.2646E+01  3.5302E-01
9.2950E-03  1.3000E+01  1.2647E+01  3.5302E-01
9.2963E-03  1.3001E+01  1.2648E+01  3.5302E-01
9.2975E-03  1.3001E+01  1.2648E+01  3.5302E-01
9.2987E-03  1.3002E+01  1.2649E+01  3.5302E-01
9.3000E-03  1.3003E+01  1.2650E+01  3.5302E-01
9.3013E-03  1.3012E+01  1.2659E+01  3.5302E-01
9.3025E-03  1.3005E+01  1.2652E+01  3.5302E-01
9.3038E-03  1.3006E+01  1.2653E+01  3.5302E-01
9.3050E-03  1.3008E+01  1.2655E+01  3.5302E-01
9.3063E-03  1.3007E+01  1.2654E+01  3.5302E-01
9.3075E-03  1.3006E+01  1.2653E+01  3.5302E-01
9.3087E-03  1.3006E+01  1.2653E+01  3.5302E-01
9.3100E-03  1.3009E+01  1.2656E+01  3.5302E-01
9.3113E-03  1.3009E+01  1.2656E+01  3.5302E-01
9.3125E-03  1.3007E+01  1.2654E+01  3.5302E-01
9.3138E-03  1.3007E+01  1.2654E+01  3.5302E-01
9.3150E-03  1.3008E+01  1.2655E+01  3.5302E-01
9.3162E-03  1.3008E+01  1.2655E+01  3.5302E-01
9.3175E-03  1.3009E+01  1.2656E+01  3.5302E-01
9.3188E-03  1.3009E+01  1.2656E+01  3.5302E-01
9.3200E-03  1.3010E+01  1.2657E+01  3.5303E-01
9.3212E-03  1.3011E+01  1.2658E+01  3.5303E-01
9.3225E-03  1.3011E+01  1.2658E+01  3.5303E-01
9.3238E-03  1.3012E+01  1.2659E+01  3.5303E-01
9.3250E-03  1.3013E+01  1.2660E+01  3.5303E-01
9.3262E-03  1.3014E+01  1.2660E+01  3.5303E-01
9.3275E-03  1.3014E+01  1.2661E+01  3.5303E-01
9.3288E-03  1.3015E+01  1.2662E+01  3.5303E-01
9.3300E-03  1.3016E+01  1.2663E+01  3.5303E-01
9.3313E-03  1.3017E+01  1.2663E+01  3.5303E-01
9.3325E-03  1.3017E+01  1.2664E+01  3.5303E-01
9.3338E-03  1.3018E+01  1.2665E+01  3.5303E-01
9.3350E-03  1.3019E+01  1.2666E+01  3.5303E-01
9.3362E-03  1.3020E+01  1.2667E+01  3.5303E-01
9.3375E-03  1.3021E+01  1.2668E+01  3.5303E-01
9.3387E-03  1.3021E+01  1.2668E+01  3.5303E-01
9.3400E-03  1.3022E+01  1.2669E+01  3.5303E-01
9.3413E-03  1.3023E+01  1.2670E+01  3.5303E-01
9.3425E-03  1.3024E+01  1.2671E+01  3.5303E-01
9.3437E-03  1.3025E+01  1.2672E+01  3.5303E-01
9.3450E-03  1.3035E+01  1.2682E+01  3.5303E-01
9.3463E-03  1.3028E+01  1.2674E+01  3.5303E-01
9.3475E-03  1.3028E+01  1.2675E+01  3.5304E-01
9.3488E-03  1.3031E+01  1.2678E+01  3.5304E-01
9.3500E-03  1.3030E+01  1.2677E+01  3.5304E-01
9.3513E-03  1.3032E+01  1.2679E+01  3.5304E-01
9.3525E-03  1.3033E+01  1.2680E+01  3.5304E-01
9.3537E-03  1.3034E+01  1.2681E+01  3.5304E-01
9.3550E-03  1.3036E+01  1.2683E+01  3.5304E-01
9.3562E-03  1.3038E+01  1.2685E+01  3.5304E-01
9.3575E-03  1.3041E+01  1.2688E+01  3.5304E-01
9.3588E-03  1.3044E+01  1.2691E+01  3.5304E-01
9.3600E-03  1.3050E+01  1.2697E+01  3.5304E-01
9.3612E-03  1.3060E+01  1.2707E+01  3.5304E-01
9.3625E-03  1.3084E+01  1.2731E+01  3.5304E-01
9.3638E-03  1.3169E+01  1.2816E+01  3.5304E-01
9.3650E-03  1.4119E+01  1.3766E+01  3.5304E-01
9.3663E-03  1.3395E+01  1.3042E+01  3.5304E-01
9.3675E-03  1.3124E+01  1.2771E+01  3.5304E-01
9.3688E-03  1.3082E+01  1.2729E+01  3.5304E-01
9.3700E-03  1.3071E+01  1.2718E+01  3.5304E-01
9.3712E-03  1.3074E+01  1.2721E+01  3.5304E-01
9.3725E-03  1.3094E+01  1.2741E+01  3.5304E-01
9.3738E-03  1.3198E+01  1.2845E+01  3.5304E-01
9.3750E-03  1.4462E+01  1.4109E+01  3.5305E-01
9.3763E-03  1.3175E+01  1.2822E+01  3.5305E-01
9.3775E-03  1.3089E+01  1.2736E+01  3.5305E-01
9.3787E-03  1.3070E+01  1.2717E+01  3.5305E-01
9.3800E-03  1.3064E+01  1.2710E+01  3.5305E-01
9.3813E-03  1.3061E+01  1.2708E+01  3.5305E-01
9.3825E-03  1.3060E+01  1.2707E+01  3.5305E-01
9.3837E-03  1.3060E+01  1.2707E+01  3.5305E-01
9.3850E-03  1.3060E+01  1.2707E+01  3.5305E-01
9.3863E-03  1.3060E+01  1.2707E+01  3.5305E-01
9.3875E-03  1.3061E+01  1.2708E+01  3.5305E-01
9.3887E-03  1.3062E+01  1.2709E+01  3.5305E-01
9.3900E-03  1.3062E+01  1.2709E+01  3.5305E-01
9.3913E-03  1.3063E+01  1.2710E+01  3.5305E-01
9.3925E-03  1.3064E+01  1.2711E+01  3.5305E-01
9.3938E-03  1.3065E+01  1.2712E+01  3.5305E-01
9.3950E-03  1.3066E+01  1.2713E+01  3.5305E-01
9.3963E-03  1.3067E+01  1.2714E+01  3.5305E-01
9.3975E-03  1.3069E+01  1.2716E+01  3.5305E-01
9.3987E-03  1.3070E+01  1.2717E+01  3.5305E-01
9.4000E-03  1.3071E+01  1.2718E+01  3.5305E-01
9.4012E-03  1.3072E+01  1.2719E+01  3.5305E-01
9.4025E-03  1.3073E+01  1.2720E+01  3.5306E-01
9.4038E-03  1.3074E+01  1.2721E+01  3.5306E-01
9.4050E-03  1.3075E+01  1.2722E+01  3.5306E-01
9.4062E-03  1.3077E+01  1.2724E+01  3.5306E-01
9.4075E-03  1.3078E+01  1.2725E+01  3.5306E-01
9.4088E-03  1.3079E+01  1.2726E+01  3.5306E-01
9.4100E-03  1.3080E+01  1.2727E+01  3.5306E-01
9.4113E-03  1.3082E+01  1.2729E+01  3.5306E-01
9.4125E-03  1.3083E+01  1.2730E+01  3.5306E-01
9.4138E-03  1.3084E+01  1.2731E+01  3.5306E-01
9.4150E-03  1.3085E+01  1.2732E+01  3.5306E-01
9.4162E-03  1.3087E+01  1.2733E+01  3.5306E-01
9.4175E-03  1.3088E+01  1.2735E+01  3.5306E-01
9.4188E-03  1.3089E+01  1.2736E+01  3.5306E-01
9.4200E-03  1.3090E+01  1.2737E+01  3.5306E-01
9.4213E-03  1.3092E+01  1.2739E+01  3.5306E-01
9.4225E-03  1.3093E+01  1.2740E+01  3.5306E-01
9.4237E-03  1.3094E+01  1.2741E+01  3.5306E-01
9.4250E-03  1.3096E+01  1.2743E+01  3.5306E-01
9.4263E-03  1.3097E+01  1.2744E+01  3.5306E-01
9.4275E-03  1.3098E+01  1.2745E+01  3.5306E-01
9.4288E-03  1.3100E+01  1.2747E+01  3.5306E-01
9.4300E-03  1.3101E+01  1.2748E+01  3.5307E-01
9.4313E-03  1.3103E+01  1.2749E+01  3.5307E-01
9.4325E-03  1.3104E+01  1.2751E+01  3.5307E-01
9.4337E-03  1.3105E+01  1.2752E+01  3.5307E-01
9.4350E-03  1.3107E+01  1.2754E+01  3.5307E-01
9.4363E-03  1.3111E+01  1.2757E+01  3.5307E-01
9.4375E-03  1.3114E+01  1.2761E+01  3.5307E-01
9.4388E-03  1.3117E+01  1.2764E+01  3.5307E-01
9.4400E-03  1.3120E+01  1.2767E+01  3.5307E-01
9.4412E-03  1.3124E+01  1.2771E+01  3.5307E-01
9.4425E-03  1.3127E+01  1.2774E+01  3.5307E-01
9.4437E-03  1.3131E+01  1.2778E+01  3.5307E-01
9.4450E-03  1.3138E+01  1.2784E+01  3.5307E-01
9.4462E-03  1.3144E+01  1.2791E+01  3.5307E-01
9.4475E-03  1.3150E+01  1.2797E+01  3.5307E-01
9.4488E-03  1.3156E+01  1.2803E+01  3.5307E-01
9.4500E-03  1.3163E+01  1.2810E+01  3.5307E-01
9.4512E-03  1.3169E+01  1.2816E+01  3.5307E-01
9.4525E-03  1.3175E+01  1.2822E+01  3.5307E-01
9.4538E-03  1.3182E+01  1.2829E+01  3.5307E-01
9.4550E-03  1.3188E+01  1.2835E+01  3.5307E-01
9.4563E-03  1.3194E+01  1.2841E+01  3.5308E-01
9.4575E-03  1.3201E+01  1.2848E+01  3.5308E-01
9.4588E-03  1.3207E+01  1.2854E+01  3.5308E-01
9.4600E-03  1.3214E+01  1.2861E+01  3.5308E-01
9.4612E-03  1.3220E+01  1.2867E+01  3.5308E-01
9.4625E-03  1.3227E+01  1.2874E+01  3.5308E-01
9.4637E-03  1.3233E+01  1.2880E+01  3.5308E-01
9.4650E-03  1.3240E+01  1.2887E+01  3.5308E-01
9.4663E-03  1.3246E+01  1.2893E+01  3.5308E-01
9.4675E-03  1.3253E+01  1.2900E+01  3.5308E-01
9.4687E-03  1.3260E+01  1.2907E+01  3.5308E-01
9.4700E-03  1.3266E+01  1.2913E+01  3.5308E-01
9.4713E-03  1.3273E+01  1.2920E+01  3.5308E-01
9.4725E-03  1.3280E+01  1.2927E+01  3.5308E-01
9.4738E-03  1.3287E+01  1.2933E+01  3.5308E-01
9.4750E-03  1.3293E+01  1.2940E+01  3.5308E-01
9.4763E-03  1.3300E+01  1.2947E+01  3.5308E-01
9.4775E-03  1.3307E+01  1.2954E+01  3.5308E-01
9.4787E-03  1.3314E+01  1.2961E+01  3.5308E-01
9.4800E-03  1.3321E+01  1.2968E+01  3.5308E-01
9.4813E-03  1.3328E+01  1.2975E+01  3.5308E-01
9.4825E-03  1.3335E+01  1.2982E+01  3.5308E-01
9.4838E-03  1.3343E+01  1.2990E+01  3.5309E-01
9.4850E-03  1.3351E+01  1.2998E+01  3.5309E-01
9.4862E-03  1.3359E+01  1.3006E+01  3.5309E-01
9.4875E-03  1.3369E+01  1.3016E+01  3.5309E-01
9.4887E-03  1.3380E+01  1.3027E+01  3.5309E-01
9.4900E-03  1.3395E+01  1.3042E+01  3.5309E-01
9.4913E-03  1.3421E+01  1.3068E+01  3.5309E-01
9.4925E-03  1.3487E+01  1.3134E+01  3.5309E-01
9.4938E-03  1.3860E+01  1.3507E+01  3.5309E-01
9.4950E-03  1.3838E+01  1.3485E+01  3.5309E-01
9.4962E-03  1.3507E+01  1.3154E+01  3.5309E-01
9.4975E-03  1.3460E+01  1.3106E+01  3.5309E-01
9.4988E-03  1.3452E+01  1.3098E+01  3.5309E-01
9.5000E-03  1.3458E+01  1.3104E+01  3.5309E-01
9.5013E-03  1.3478E+01  1.3125E+01  3.5309E-01
9.5025E-03  1.3549E+01  1.3196E+01  3.5309E-01
9.5038E-03  1.4069E+01  1.3716E+01  3.5309E-01
9.5050E-03  1.3612E+01  1.3259E+01  3.5309E-01
9.5062E-03  1.3510E+01  1.3157E+01  3.5309E-01
9.5075E-03  1.3492E+01  1.3139E+01  3.5309E-01
9.5087E-03  1.3490E+01  1.3137E+01  3.5309E-01
9.5100E-03  1.3492E+01  1.3139E+01  3.5309E-01
9.5113E-03  1.3497E+01  1.3144E+01  3.5310E-01
9.5125E-03  1.3502E+01  1.3149E+01  3.5310E-01
9.5137E-03  1.3508E+01  1.3155E+01  3.5310E-01
9.5150E-03  1.3515E+01  1.3162E+01  3.5310E-01
9.5163E-03  1.3521E+01  1.3168E+01  3.5310E-01
9.5175E-03  1.3528E+01  1.3175E+01  3.5310E-01
9.5188E-03  1.3535E+01  1.3182E+01  3.5310E-01
9.5200E-03  1.3542E+01  1.3189E+01  3.5310E-01
9.5213E-03  1.3549E+01  1.3195E+01  3.5310E-01
9.5225E-03  1.3556E+01  1.3203E+01  3.5310E-01
9.5237E-03  1.3563E+01  1.3209E+01  3.5310E-01
9.5250E-03  1.3570E+01  1.3216E+01  3.5310E-01
9.5262E-03  1.3577E+01  1.3224E+01  3.5310E-01
9.5275E-03  1.3584E+01  1.3231E+01  3.5310E-01
9.5288E-03  1.3591E+01  1.3238E+01  3.5310E-01
9.5300E-03  1.3598E+01  1.3245E+01  3.5310E-01
9.5312E-03  1.3605E+01  1.3252E+01  3.5310E-01
9.5325E-03  1.3613E+01  1.3260E+01  3.5310E-01
9.5338E-03  1.3620E+01  1.3267E+01  3.5310E-01
9.5350E-03  1.3627E+01  1.3274E+01  3.5310E-01
9.5363E-03  1.3635E+01  1.3281E+01  3.5310E-01
9.5375E-03  1.3642E+01  1.3289E+01  3.5311E-01
9.5388E-03  1.3649E+01  1.3296E+01  3.5311E-01
9.5400E-03  1.3657E+01  1.3303E+01  3.5311E-01
9.5412E-03  1.3664E+01  1.3311E+01  3.5311E-01
9.5425E-03  1.3676E+01  1.3323E+01  3.5311E-01
9.5438E-03  1.3679E+01  1.3326E+01  3.5311E-01
9.5450E-03  1.3686E+01  1.3333E+01  3.5311E-01
9.5463E-03  1.3694E+01  1.3341E+01  3.5311E-01
9.5475E-03  1.3701E+01  1.3348E+01  3.5311E-01
9.5487E-03  1.3709E+01  1.3356E+01  3.5311E-01
9.5500E-03  1.3717E+01  1.3363E+01  3.5311E-01
9.5512E-03  1.3724E+01  1.3371E+01  3.5311E-01
9.5525E-03  1.3732E+01  1.3379E+01  3.5311E-01
9.5538E-03  1.3739E+01  1.3386E+01  3.5311E-01
9.5550E-03  1.3747E+01  1.3394E+01  3.5311E-01
9.5563E-03  1.3755E+01  1.3402E+01  3.5311E-01
9.5575E-03  1.3763E+01  1.3409E+01  3.5311E-01
9.5587E-03  1.3772E+01  1.3419E+01  3.5311E-01
9.5600E-03  1.3778E+01  1.3425E+01  3.5311E-01
9.5613E-03  1.3786E+01  1.3433E+01  3.5311E-01
9.5625E-03  1.3794E+01  1.3441E+01  3.5311E-01
9.5638E-03  1.3802E+01  1.3449E+01  3.5311E-01
9.5650E-03  1.3810E+01  1.3457E+01  3.5312E-01
9.5663E-03  1.3819E+01  1.3465E+01  3.5312E-01
9.5675E-03  1.3827E+01  1.3474E+01  3.5312E-01
9.5687E-03  1.3835E+01  1.3482E+01  3.5312E-01
9.5700E-03  1.3844E+01  1.3491E+01  3.5312E-01
9.5712E-03  1.3854E+01  1.3500E+01  3.5312E-01
9.5725E-03  1.3864E+01  1.3511E+01  3.5312E-01
9.5738E-03  1.3879E+01  1.3526E+01  3.5312E-01
9.5750E-03  1.3962E+01  1.3609E+01  3.5312E-01
9.5762E-03  1.4012E+01  1.3659E+01  3.5312E-01
9.5775E-03  1.3908E+01  1.3555E+01  3.5312E-01
9.5788E-03  1.3913E+01  1.3559E+01  3.5312E-01
9.5800E-03  1.3926E+01  1.3573E+01  3.5312E-01
9.5813E-03  1.4137E+01  1.3784E+01  3.5312E-01
9.5825E-03  1.3956E+01  1.3603E+01  3.5312E-01
9.5838E-03  1.3968E+01  1.3614E+01  3.5312E-01
9.5850E-03  1.3984E+01  1.3631E+01  3.5312E-01
9.5862E-03  1.4508E+01  1.4155E+01  3.5312E-01
9.5875E-03  1.4031E+01  1.3678E+01  3.5312E-01
9.5888E-03  1.4057E+01  1.3704E+01  3.5312E-01
9.5900E-03  1.4078E+01  1.3725E+01  3.5312E-01
9.5913E-03  1.4109E+01  1.3755E+01  3.5313E-01
9.5925E-03  1.4154E+01  1.3801E+01  3.5313E-01
9.5937E-03  1.4187E+01  1.3834E+01  3.5313E-01
9.5950E-03  1.4232E+01  1.3879E+01  3.5313E-01
9.5962E-03  1.4298E+01  1.3945E+01  3.5313E-01
9.5975E-03  1.4394E+01  1.4041E+01  3.5313E-01
9.5988E-03  1.4556E+01  1.4203E+01  3.5313E-01
9.6000E-03  1.4892E+01  1.4539E+01  3.5313E-01
9.6013E-03  1.5825E+01  1.5472E+01  3.5313E-01
9.6025E-03  2.1732E+01  2.1379E+01  3.5313E-01
9.6037E-03  1.6266E+04  1.6266E+04  3.5313E-01
9.6050E-03  1.9741E+01  1.9388E+01  3.5313E-01
9.6063E-03  1.5799E+01  1.5445E+01  3.5313E-01
9.6075E-03  1.5359E+01  1.5006E+01  3.5313E-01
9.6088E-03  1.5737E+01  1.5384E+01  3.5313E-01
9.6100E-03  1.8550E+01  1.8197E+01  3.5313E-01
9.6113E-03  5.2671E+04  5.2671E+04  3.5313E-01
9.6125E-03  2.1802E+01  2.1449E+01  3.5313E-01
9.6137E-03  1.6276E+01  1.5923E+01  3.5313E-01
9.6150E-03  1.8682E+01  1.8329E+01  3.5313E-01
9.6163E-03  1.8103E+01  1.7749E+01  3.5313E-01
9.6175E-03  1.5413E+01  1.5060E+01  3.5313E-01
9.6188E-03  1.6607E+01  1.6253E+01  3.5314E-01
9.6200E-03  2.4818E+01  2.4465E+01  3.5314E-01
9.6212E-03  1.5371E+01  1.5018E+01  3.5314E-01
9.6225E-03  1.5269E+01  1.4915E+01  3.5314E-01
9.6238E-03  4.3203E+01  4.2849E+01  3.5314E-01
9.6250E-03  1.5083E+01  1.4730E+01  3.5314E-01
9.6263E-03  1.4749E+01  1.4396E+01  3.5314E-01
9.6275E-03  1.4685E+01  1.4332E+01  3.5314E-01
9.6288E-03  1.4668E+01  1.4315E+01  3.5314E-01
9.6300E-03  1.4666E+01  1.4313E+01  3.5314E-01
9.6312E-03  1.4671E+01  1.4318E+01  3.5314E-01
9.6325E-03  1.4680E+01  1.4327E+01  3.5314E-01
9.6337E-03  1.4691E+01  1.4338E+01  3.5314E-01
9.6350E-03  1.4705E+01  1.4351E+01  3.5314E-01
9.6363E-03  1.4719E+01  1.4366E+01  3.5314E-01
9.6375E-03  1.4734E+01  1.4381E+01  3.5314E-01
9.6387E-03  1.4750E+01  1.4397E+01  3.5314E-01
9.6400E-03  1.4766E+01  1.4413E+01  3.5314E-01
9.6412E-03  1.4783E+01  1.4430E+01  3.5314E-01
9.6425E-03  1.4801E+01  1.4447E+01  3.5314E-01
9.6438E-03  1.4818E+01  1.4465E+01  3.5314E-01
9.6450E-03  1.4836E+01  1.4483E+01  3.5315E-01
9.6463E-03  1.4855E+01  1.4502E+01  3.5315E-01
9.6475E-03  1.4874E+01  1.4521E+01  3.5315E-01
9.6487E-03  1.4893E+01  1.4540E+01  3.5315E-01
9.6500E-03  1.4913E+01  1.4559E+01  3.5315E-01
9.6513E-03  1.4933E+01  1.4580E+01  3.5315E-01
9.6525E-03  1.4956E+01  1.4603E+01  3.5315E-01
9.6538E-03  1.4979E+01  1.4625E+01  3.5315E-01
9.6550E-03  1.5005E+01  1.4652E+01  3.5315E-01
9.6562E-03  1.5040E+01  1.4686E+01  3.5315E-01
9.6575E-03  1.5092E+01  1.4739E+01  3.5315E-01
9.6587E-03  1.5209E+01  1.4855E+01  3.5315E-01
9.6600E-03  1.5819E+01  1.5466E+01  3.5315E-01
9.6613E-03  1.4355E+02  1.4320E+02  3.5315E-01
9.6625E-03  1.5620E+01  1.5267E+01  3.5315E-01
9.6638E-03  1.5267E+01  1.4914E+01  3.5315E-01
9.6650E-03  1.5217E+01  1.4864E+01  3.5315E-01
9.6662E-03  1.5221E+01  1.4868E+01  3.5315E-01
9.6675E-03  1.5248E+01  1.4895E+01  3.5315E-01
9.6688E-03  1.5302E+01  1.4949E+01  3.5315E-01
9.6700E-03  1.5416E+01  1.5063E+01  3.5315E-01
9.6713E-03  1.5804E+01  1.5451E+01  3.5315E-01
9.6725E-03  2.1105E+01  2.0752E+01  3.5316E-01
9.6738E-03  1.9974E+01  1.9621E+01  3.5316E-01
9.6750E-03  1.5820E+01  1.5467E+01  3.5316E-01
9.6762E-03  1.5497E+01  1.5144E+01  3.5316E-01
9.6775E-03  1.5421E+01  1.5068E+01  3.5316E-01
9.6788E-03  1.5402E+01  1.5048E+01  3.5316E-01
9.6800E-03  1.5403E+01  1.5049E+01  3.5316E-01
9.6813E-03  1.5414E+01  1.5061E+01  3.5316E-01
9.6825E-03  1.5437E+01  1.5084E+01  3.5316E-01
9.6837E-03  1.5496E+01  1.5143E+01  3.5316E-01
9.6850E-03  1.9833E+01  1.9480E+01  3.5316E-01
9.6863E-03  1.5655E+01  1.5302E+01  3.5316E-01
9.6875E-03  1.5547E+01  1.5194E+01  3.5316E-01
9.6888E-03  1.6157E+01  1.5804E+01  3.5316E-01
9.6900E-03  1.5682E+01  1.5329E+01  3.5316E-01
9.6913E-03  5.8298E+01  5.7945E+01  3.5316E-01
9.6925E-03  1.5580E+01  1.5227E+01  3.5316E-01
9.6937E-03  1.5584E+01  1.5231E+01  3.5316E-01
9.6950E-03  1.5600E+01  1.5246E+01  3.5316E-01
9.6963E-03  1.5626E+01  1.5272E+01  3.5316E-01
9.6975E-03  1.5653E+01  1.5299E+01  3.5316E-01
9.6988E-03  1.5680E+01  1.5327E+01  3.5317E-01
9.7000E-03  1.5708E+01  1.5355E+01  3.5317E-01
9.7012E-03  1.5736E+01  1.5383E+01  3.5317E-01
9.7025E-03  1.5773E+01  1.5420E+01  3.5317E-01
9.7037E-03  1.5816E+01  1.5463E+01  3.5317E-01
9.7050E-03  1.5858E+01  1.5505E+01  3.5317E-01
9.7063E-03  1.5902E+01  1.5548E+01  3.5317E-01
9.7075E-03  1.5946E+01  1.5592E+01  3.5317E-01
9.7088E-03  1.5991E+01  1.5638E+01  3.5317E-01
9.7100E-03  1.6039E+01  1.5685E+01  3.5317E-01
9.7112E-03  1.6092E+01  1.5739E+01  3.5317E-01
9.7125E-03  1.6161E+01  1.5807E+01  3.5317E-01
9.7138E-03  1.6296E+01  1.5943E+01  3.5317E-01
9.7150E-03  1.7569E+01  1.7216E+01  3.5317E-01
9.7163E-03  1.7583E+01  1.7230E+01  3.5317E-01
9.7175E-03  1.6494E+01  1.6140E+01  3.5317E-01
9.7187E-03  1.6584E+01  1.6231E+01  3.5317E-01
9.7200E-03  1.6616E+01  1.6262E+01  3.5317E-01
9.7212E-03  1.9062E+01  1.8708E+01  3.5317E-01
9.7225E-03  2.0631E+01  2.0278E+01  3.5317E-01
9.7238E-03  2.1553E+01  2.1200E+01  3.5317E-01
9.7250E-03  3.2219E+01  3.1866E+01  3.5317E-01
9.7263E-03  1.6624E+01  1.6271E+01  3.5318E-01
9.7275E-03  3.3201E+01  3.2847E+01  3.5318E-01
9.7287E-03  1.6692E+01  1.6338E+01  3.5318E-01
9.7300E-03  1.6715E+01  1.6362E+01  3.5318E-01
9.7313E-03  1.6755E+01  1.6402E+01  3.5318E-01
9.7325E-03  1.6802E+01  1.6449E+01  3.5318E-01
9.7338E-03  1.6973E+01  1.6620E+01  3.5318E-01
9.7350E-03  1.6926E+01  1.6573E+01  3.5318E-01
9.7363E-03  1.6927E+01  1.6574E+01  3.5318E-01
9.7375E-03  1.6966E+01  1.6613E+01  3.5318E-01
9.7387E-03  1.7008E+01  1.6654E+01  3.5318E-01
9.7400E-03  1.7050E+01  1.6697E+01  3.5318E-01
9.7413E-03  1.7094E+01  1.6741E+01  3.5318E-01
9.7425E-03  1.7137E+01  1.6784E+01  3.5318E-01
9.7438E-03  1.7181E+01  1.6828E+01  3.5318E-01
9.7450E-03  1.7225E+01  1.6872E+01  3.5318E-01
9.7462E-03  1.7269E+01  1.6916E+01  3.5318E-01
9.7475E-03  1.7314E+01  1.6961E+01  3.5318E-01
9.7487E-03  1.7359E+01  1.7006E+01  3.5318E-01
9.7500E-03  1.7406E+01  1.7053E+01  3.5318E-01
9.7513E-03  1.7651E+01  1.7298E+01  3.5318E-01
9.7525E-03  1.7621E+01  1.7268E+01  3.5319E-01
9.7538E-03  1.7570E+01  1.7216E+01  3.5319E-01
9.7550E-03  1.7591E+01  1.7237E+01  3.5319E-01
9.7562E-03  1.7633E+01  1.7280E+01  3.5319E-01
9.7575E-03  1.7680E+01  1.7327E+01  3.5319E-01
9.7588E-03  1.7729E+01  1.7375E+01  3.5319E-01
9.7600E-03  1.7780E+01  1.7427E+01  3.5319E-01
9.7613E-03  1.7835E+01  1.7482E+01  3.5319E-01
9.7625E-03  1.7898E+01  1.7545E+01  3.5319E-01
9.7637E-03  1.7978E+01  1.7625E+01  3.5319E-01
9.7650E-03  1.8115E+01  1.7762E+01  3.5319E-01
9.7662E-03  1.8619E+01  1.8266E+01  3.5319E-01
9.7675E-03  5.7471E+02  5.7435E+02  3.5319E-01
9.7688E-03  2.0866E+02  2.0831E+02  3.5319E-01
9.7700E-03  1.9144E+01  1.8791E+01  3.5319E-01
9.7713E-03  1.9132E+02  1.9097E+02  3.5319E-01
9.7725E-03  1.9633E+01  1.9280E+01  3.5319E-01
9.7737E-03  1.8572E+01  1.8218E+01  3.5319E-01
9.7750E-03  1.8445E+01  1.8091E+01  3.5319E-01
9.7763E-03  1.8433E+01  1.8080E+01  3.5319E-01
9.7775E-03  1.8455E+01  1.8102E+01  3.5319E-01
9.7788E-03  1.8490E+01  1.8137E+01  3.5320E-01
9.7800E-03  1.8532E+01  1.8179E+01  3.5320E-01
9.7813E-03  1.8579E+01  1.8225E+01  3.5320E-01
9.7825E-03  1.8629E+01  1.8276E+01  3.5320E-01
9.7837E-03  1.8683E+01  1.8330E+01  3.5320E-01
9.7850E-03  1.8742E+01  1.8389E+01  3.5320E-01
9.7863E-03  1.8806E+01  1.8453E+01  3.5320E-01
9.7875E-03  1.8877E+01  1.8524E+01  3.5320E-01
9.7888E-03  1.8958E+01  1.8605E+01  3.5320E-01
9.7900E-03  1.9059E+01  1.8706E+01  3.5320E-01
9.7912E-03  1.9202E+01  1.8849E+01  3.5320E-01
9.7925E-03  1.9394E+01  1.9041E+01  3.5320E-01
9.7937E-03  1.9682E+01  1.9328E+01  3.5320E-01
9.7950E-03  2.0190E+01  1.9837E+01  3.5320E-01
9.7963E-03  2.1354E+01  2.1001E+01  3.5320E-01
9.7975E-03  2.5477E+01  2.5123E+01  3.5320E-01
9.7988E-03  8.2600E+01  8.2247E+01  3.5320E-01
9.8000E-03  7.2155E+01  7.1801E+01  3.5320E-01
9.8012E-03  2.5410E+01  2.5057E+01  3.5320E-01
9.8025E-03  2.1745E+01  2.1392E+01  3.5320E-01
9.8038E-03  2.0794E+01  2.0441E+01  3.5320E-01
9.8050E-03  2.0456E+01  2.0103E+01  3.5320E-01
9.8063E-03  2.0330E+01  1.9977E+01  3.5321E-01
9.8075E-03  2.0297E+01  1.9944E+01  3.5321E-01
9.8087E-03  2.0311E+01  1.9958E+01  3.5321E-01
9.8100E-03  2.0352E+01  1.9999E+01  3.5321E-01
9.8112E-03  2.0408E+01  2.0055E+01  3.5321E-01
9.8125E-03  2.0475E+01  2.0122E+01  3.5321E-01
9.8138E-03  2.0548E+01  2.0195E+01  3.5321E-01
9.8150E-03  2.0626E+01  2.0273E+01  3.5321E-01
9.8163E-03  2.0708E+01  2.0355E+01  3.5321E-01
9.8175E-03  2.0792E+01  2.0439E+01  3.5321E-01
9.8187E-03  2.0879E+01  2.0525E+01  3.5321E-01
9.8200E-03  2.0966E+01  2.0613E+01  3.5321E-01
9.8213E-03  2.1055E+01  2.0702E+01  3.5321E-01
9.8225E-03  2.1145E+01  2.0792E+01  3.5321E-01
9.8238E-03  2.1236E+01  2.0883E+01  3.5321E-01
9.8250E-03  2.1327E+01  2.0974E+01  3.5321E-01
9.8262E-03  2.1419E+01  2.1066E+01  3.5321E-01
9.8275E-03  2.1511E+01  2.1158E+01  3.5321E-01
9.8287E-03  2.1604E+01  2.1251E+01  3.5321E-01
9.8300E-03  2.1698E+01  2.1344E+01  3.5321E-01
9.8313E-03  2.1791E+01  2.1438E+01  3.5321E-01
9.8325E-03  2.1885E+01  2.1532E+01  3.5322E-01
9.8338E-03  2.1979E+01  2.1626E+01  3.5322E-01
9.8350E-03  2.2074E+01  2.1720E+01  3.5322E-01
9.8362E-03  2.2168E+01  2.1815E+01  3.5322E-01
9.8375E-03  2.2263E+01  2.1910E+01  3.5322E-01
9.8388E-03  2.2358E+01  2.2005E+01  3.5322E-01
9.8400E-03  2.2453E+01  2.2100E+01  3.5322E-01
9.8413E-03  2.2549E+01  2.2196E+01  3.5322E-01
9.8425E-03  2.2644E+01  2.2291E+01  3.5322E-01
9.8438E-03  2.2740E+01  2.2387E+01  3.5322E-01
9.8450E-03  2.2836E+01  2.2483E+01  3.5322E-01
9.8462E-03  2.2932E+01  2.2579E+01  3.5322E-01
9.8475E-03  2.3029E+01  2.2676E+01  3.5322E-01
9.8488E-03  2.3125E+01  2.2772E+01  3.5322E-01
9.8500E-03  2.3222E+01  2.2869E+01  3.5322E-01
9.8513E-03  2.3319E+01  2.2966E+01  3.5322E-01
9.8525E-03  2.3416E+01  2.3063E+01  3.5322E-01
9.8537E-03  2.3513E+01  2.3160E+01  3.5322E-01
9.8550E-03  2.3611E+01  2.3258E+01  3.5322E-01
9.8562E-03  2.3709E+01  2.3356E+01  3.5322E-01
9.8575E-03  2.3807E+01  2.3454E+01  3.5322E-01
9.8588E-03  2.3905E+01  2.3552E+01  3.5323E-01
9.8600E-03  2.4004E+01  2.3651E+01  3.5323E-01
9.8613E-03  2.4103E+01  2.3750E+01  3.5323E-01
9.8625E-03  2.4203E+01  2.3850E+01  3.5323E-01
9.8637E-03  2.4303E+01  2.3950E+01  3.5323E-01
9.8650E-03  2.4404E+01  2.4051E+01  3.5323E-01
9.8663E-03  2.4507E+01  2.4153E+01  3.5323E-01
9.8675E-03  2.4624E+01  2.4270E+01  3.5323E-01
9.8688E-03  2.4768E+01  2.4415E+01  3.5323E-01
9.8700E-03  2.4915E+01  2.4562E+01  3.5323E-01
9.8712E-03  2.5067E+01  2.4714E+01  3.5323E-01
9.8725E-03  2.5239E+01  2.4886E+01  3.5323E-01
9.8737E-03  2.5476E+01  2.5122E+01  3.5323E-01
9.8750E-03  2.5746E+01  2.5393E+01  3.5323E-01
9.8763E-03  2.6109E+01  2.5755E+01  3.5323E-01
9.8775E-03  2.6839E+01  2.6485E+01  3.5323E-01
9.8788E-03  3.1273E+01  3.0920E+01  3.5323E-01
9.8800E-03  3.4029E+01  3.3676E+01  3.5323E-01
9.8812E-03  2.7826E+01  2.7472E+01  3.5323E-01
9.8825E-03  2.8289E+01  2.7936E+01  3.5323E-01
9.8838E-03  3.7431E+01  3.7077E+01  3.5323E-01
9.8850E-03  2.8069E+01  2.7716E+01  3.5324E-01
9.8863E-03  2.8481E+01  2.8128E+01  3.5324E-01
9.8875E-03  4.1903E+01  4.1550E+01  3.5324E-01
9.8887E-03  2.8995E+01  2.8642E+01  3.5324E-01
9.8900E-03  2.8521E+01  2.8168E+01  3.5324E-01
9.8912E-03  3.1117E+01  3.0764E+01  3.5324E-01
9.8925E-03  2.9210E+01  2.8857E+01  3.5324E-01
9.8938E-03  2.8768E+01  2.8415E+01  3.5324E-01
9.8950E-03  2.8868E+01  2.8514E+01  3.5324E-01
9.8963E-03  2.9032E+01  2.8679E+01  3.5324E-01
9.8975E-03  2.9216E+01  2.8863E+01  3.5324E-01
9.8987E-03  2.9410E+01  2.9057E+01  3.5324E-01
9.9000E-03  2.9615E+01  2.9262E+01  3.5324E-01
9.9012E-03  2.9983E+01  2.9630E+01  3.5324E-01
9.9025E-03  3.0069E+01  2.9715E+01  3.5324E-01
9.9038E-03  3.0297E+01  2.9944E+01  3.5324E-01
9.9050E-03  3.0526E+01  3.0173E+01  3.5324E-01
9.9063E-03  3.0613E+01  3.0259E+01  3.5324E-01
9.9075E-03  3.0812E+01  3.0458E+01  3.5324E-01
9.9087E-03  3.1039E+01  3.0686E+01  3.5324E-01
9.9100E-03  3.1252E+01  3.0898E+01  3.5324E-01
9.9113E-03  3.1577E+01  3.1224E+01  3.5325E-01
9.9125E-03  3.1630E+01  3.1277E+01  3.5325E-01
9.9138E-03  3.1832E+01  3.1478E+01  3.5325E-01
9.9150E-03  3.2041E+01  3.1688E+01  3.5325E-01
9.9162E-03  3.2296E+01  3.1943E+01  3.5325E-01
9.9175E-03  3.2489E+01  3.2136E+01  3.5325E-01
9.9187E-03  3.2845E+01  3.2492E+01  3.5325E-01
9.9200E-03  4.3119E+01  4.2766E+01  3.5325E-01
9.9213E-03  3.3256E+01  3.2903E+01  3.5325E-01
9.9225E-03  3.3332E+01  3.2979E+01  3.5325E-01
9.9238E-03  3.3556E+01  3.3203E+01  3.5325E-01
9.9250E-03  3.4365E+01  3.4012E+01  3.5325E-01
9.9262E-03  3.3923E+01  3.3570E+01  3.5325E-01
9.9275E-03  3.4103E+01  3.3750E+01  3.5325E-01
9.9288E-03  3.4304E+01  3.3950E+01  3.5325E-01
9.9300E-03  3.4516E+01  3.4163E+01  3.5325E-01
9.9313E-03  3.4804E+01  3.4451E+01  3.5325E-01
9.9325E-03  3.5093E+01  3.4740E+01  3.5325E-01
9.9337E-03  3.5382E+01  3.5029E+01  3.5325E-01
9.9350E-03  3.5734E+01  3.5381E+01  3.5325E-01
9.9362E-03  3.6154E+01  3.5800E+01  3.5325E-01
9.9375E-03  3.6574E+01  3.6220E+01  3.5326E-01
9.9388E-03  3.6994E+01  3.6641E+01  3.5326E-01
9.9400E-03  3.7415E+01  3.7062E+01  3.5326E-01
9.9413E-03  3.7837E+01  3.7484E+01  3.5326E-01
9.9425E-03  3.8259E+01  3.7906E+01  3.5326E-01
9.9437E-03  3.8681E+01  3.8328E+01  3.5326E-01
9.9450E-03  3.9104E+01  3.8751E+01  3.5326E-01
9.9462E-03  3.9528E+01  3.9174E+01  3.5326E-01
9.9475E-03  3.9951E+01  3.9598E+01  3.5326E-01
9.9488E-03  4.0376E+01  4.0022E+01  3.5326E-01
9.9500E-03  4.0800E+01  4.0447E+01  3.5326E-01
9.9513E-03  4.1225E+01  4.0872E+01  3.5326E-01
9.9525E-03  4.1651E+01  4.1298E+01  3.5326E-01
9.9537E-03  4.2077E+01  4.1724E+01  3.5326E-01
9.9550E-03  4.2503E+01  4.2150E+01  3.5326E-01
9.9563E-03  4.2930E+01  4.2577E+01  3.5326E-01
9.9575E-03  4.3357E+01  4.3004E+01  3.5326E-01
9.9588E-03  4.3785E+01  4.3432E+01  3.5326E-01
9.9600E-03  4.4213E+01  4.3860E+01  3.5326E-01
9.9612E-03  4.4642E+01  4.4288E+01  3.5326E-01
9.9625E-03  4.5070E+01  4.4717E+01  3.5326E-01
9.9637E-03  4.5500E+01  4.5147E+01  3.5327E-01
9.9650E-03  4.5930E+01  4.5576E+01  3.5327E-01
9.9663E-03  4.6360E+01  4.6007E+01  3.5327E-01
9.9675E-03  4.6791E+01  4.6437E+01  3.5327E-01
9.9688E-03  4.7223E+01  4.6870E+01  3.5327E-01
9.9700E-03  4.7653E+01  4.7300E+01  3.5327E-01
9.9712E-03  4.8085E+01  4.7732E+01  3.5327E-01
9.9725E-03  4.8518E+01  4.8164E+01  3.5327E-01
9.9738E-03  4.8950E+01  4.8597E+01  3.5327E-01
9.9750E-03  4.9384E+01  4.9030E+01  3.5327E-01
9.9763E-03  4.9817E+01  4.9464E+01  3.5327E-01
9.9775E-03  5.0251E+01  4.9898E+01  3.5327E-01
9.9787E-03  5.0686E+01  5.0333E+01  3.5327E-01
9.9800E-03  5.1121E+01  5.0768E+01  3.5327E-01
9.9812E-03  5.1594E+01  5.1241E+01  3.5327E-01
9.9825E-03  5.2201E+01  5.1848E+01  3.5327E-01
9.9838E-03  5.2809E+01  5.2456E+01  3.5327E-01
9.9850E-03  5.3440E+01  5.3086E+01  3.5327E-01
9.9863E-03  5.4320E+01  5.3967E+01  3.5327E-01
9.9875E-03  5.5202E+01  5.4848E+01  3.5327E-01
9.9887E-03  5.6084E+01  5.5731E+01  3.5327E-01
9.9900E-03  5.6967E+01  5.6614E+01  3.5328E-01
9.9913E-03  5.7851E+01  5.7498E+01  3.5328E-01
9.9925E-03  5.8736E+01  5.8383E+01  3.5328E-01
9.9938E-03  5.9622E+01  5.9268E+01  3.5328E-01
9.9950E-03  6.0508E+01  6.0155E+01  3.5328E-01
9.9962E-03  6.1396E+01  6.1043E+01  3.5328E-01
9.9975E-03  6.2284E+01  6.1931E+01  3.5328E-01
9.9987E-03  6.3174E+01  6.2820E+01  3.5328E-01
1.0000E-02  6.4064E+01  6.3711E+01  3.5328E-01
1.0001E-02  6.4956E+01  6.4602E+01  3.5328E-01
1.0002E-02  6.5847E+01  6.5494E+01  3.5328E-01
1.0004E-02  6.6740E+01  6.6387E+01  3.5328E-01
1.0005E-02  6.7634E+01  6.7280E+01  3.5328E-01
1.0006E-02  6.8528E+01  6.8175E+01  3.5328E-01
1.0008E-02  6.9424E+01  6.9070E+01  3.5328E-01
1.0009E-02  7.0320E+01  6.9967E+01  3.5328E-01
1.0010E-02  7.1217E+01  7.0864E+01  3.5328E-01
1.0011E-02  7.2116E+01  7.1762E+01  3.5328E-01
1.0012E-02  7.3015E+01  7.2661E+01  3.5328E-01
1.0014E-02  7.3915E+01  7.3562E+01  3.5328E-01
1.0015E-02  7.4816E+01  7.4462E+01  3.5328E-01
1.0016E-02  7.5717E+01  7.5364E+01  3.5329E-01
1.0018E-02  7.6620E+01  7.6267E+01  3.5329E-01
1.0019E-02  7.7523E+01  7.7170E+01  3.5329E-01
1.0020E-02  7.8428E+01  7.8075E+01  3.5329E-01
1.0021E-02  7.9339E+01  7.8985E+01  3.5329E-01
1.0023E-02  8.0438E+01  8.0084E+01  3.5329E-01
1.0024E-02  8.2112E+01  8.1758E+01  3.5329E-01
1.0025E-02  8.2790E+01  8.2437E+01  3.5329E-01
1.0026E-02  8.4218E+01  8.3865E+01  3.5329E-01
1.0027E-02  8.6073E+01  8.5720E+01  3.5329E-01
1.0029E-02  8.7923E+01  8.7570E+01  3.5329E-01
1.0030E-02  8.9777E+01  8.9424E+01  3.5329E-01
1.0031E-02  9.1634E+01  9.1281E+01  3.5329E-01
1.0033E-02  9.3493E+01  9.3140E+01  3.5329E-01
1.0034E-02  9.5356E+01  9.5002E+01  3.5329E-01
1.0035E-02  9.7224E+01  9.6871E+01  3.5329E-01
1.0036E-02  9.9081E+01  9.8728E+01  3.5329E-01
1.0037E-02  1.0095E+02  1.0059E+02  3.5329E-01
1.0039E-02  1.0282E+02  1.0246E+02  3.5329E-01
1.0040E-02  1.0469E+02  1.0433E+02  3.5329E-01
1.0041E-02  1.0656E+02  1.0621E+02  3.5330E-01
1.0043E-02  1.0843E+02  1.0808E+02  3.5330E-01
1.0044E-02  1.1031E+02  1.0996E+02  3.5330E-01
1.0045E-02  1.1219E+02  1.1184E+02  3.5330E-01
1.0046E-02  1.1407E+02  1.1372E+02  3.5330E-01
1.0047E-02  1.1596E+02  1.1560E+02  3.5330E-01
1.0049E-02  1.1784E+02  1.1749E+02  3.5330E-01
1.0050E-02  1.1973E+02  1.1938E+02  3.5330E-01
1.0051E-02  1.2163E+02  1.2127E+02  3.5330E-01
1.0053E-02  1.2353E+02  1.2317E+02  3.5330E-01
1.0054E-02  1.2543E+02  1.2508E+02  3.5330E-01
1.0055E-02  1.2735E+02  1.2700E+02  3.5330E-01
1.0056E-02  1.2929E+02  1.2894E+02  3.5330E-01
1.0057E-02  1.3195E+02  1.3160E+02  3.5330E-01
1.0059E-02  1.3477E+02  1.3442E+02  3.5330E-01
1.0060E-02  1.3866E+02  1.3830E+02  3.5330E-01
1.0061E-02  1.4577E+02  1.4541E+02  3.5330E-01
1.0063E-02  1.5698E+02  1.5663E+02  3.5330E-01
1.0064E-02  1.5075E+02  1.5040E+02  3.5330E-01
1.0065E-02  1.5361E+02  1.5325E+02  3.5330E-01
1.0066E-02  1.5722E+02  1.5687E+02  3.5330E-01
1.0068E-02  1.6108E+02  1.6072E+02  3.5331E-01
1.0069E-02  1.6531E+02  1.6496E+02  3.5331E-01
1.0070E-02  1.7384E+02  1.7348E+02  3.5331E-01
1.0071E-02  1.7359E+02  1.7324E+02  3.5331E-01
1.0072E-02  1.7661E+02  1.7626E+02  3.5331E-01
1.0074E-02  1.8131E+02  1.8095E+02  3.5331E-01
1.0075E-02  1.8476E+02  1.8441E+02  3.5331E-01
1.0076E-02  1.8799E+02  1.8764E+02  3.5331E-01
1.0078E-02  1.9205E+02  1.9169E+02  3.5331E-01
1.0079E-02  1.9600E+02  1.9565E+02  3.5331E-01
1.0080E-02  1.9939E+02  1.9904E+02  3.5331E-01
1.0081E-02  2.0326E+02  2.0290E+02  3.5331E-01
1.0082E-02  2.0718E+02  2.0683E+02  3.5331E-01
1.0084E-02  2.1143E+02  2.1108E+02  3.5331E-01
1.0085E-02  2.1948E+02  2.1913E+02  3.5331E-01
1.0086E-02  2.2242E+02  2.2206E+02  3.5331E-01
1.0088E-02  2.3978E+02  2.3943E+02  3.5331E-01
1.0089E-02  2.3907E+02  2.3872E+02  3.5331E-01
1.0090E-02  2.4785E+02  2.4750E+02  3.5331E-01
1.0091E-02  2.5362E+02  2.5326E+02  3.5331E-01
1.0092E-02  2.6137E+02  2.6102E+02  3.5331E-01
1.0094E-02  2.6925E+02  2.6890E+02  3.5332E-01
1.0095E-02  2.7711E+02  2.7675E+02  3.5332E-01
1.0096E-02  2.8505E+02  2.8470E+02  3.5332E-01
1.0098E-02  2.9302E+02  2.9266E+02  3.5332E-01
1.0099E-02  3.0100E+02  3.0065E+02  3.5332E-01
1.0100E-02  3.0901E+02  3.0866E+02  3.5332E-01
1.0101E-02  3.1735E+02  3.1700E+02  3.5332E-01
1.0102E-02  3.2903E+02  3.2868E+02  3.5332E-01
1.0104E-02  3.3505E+02  3.3469E+02  3.5332E-01
1.0105E-02  3.4120E+02  3.4085E+02  3.5332E-01
1.0106E-02  3.4948E+02  3.4913E+02  3.5332E-01
1.0108E-02  4.2213E+02  4.2178E+02  3.5332E-01
1.0109E-02  3.7283E+02  3.7247E+02  3.5332E-01
1.0110E-02  3.8838E+02  3.8802E+02  3.5332E-01
1.0111E-02  4.1414E+02  4.1379E+02  3.5332E-01
1.0113E-02  4.1974E+02  4.1938E+02  3.5332E-01
1.0114E-02  4.3540E+02  4.3504E+02  3.5332E-01
1.0115E-02  4.5112E+02  4.5076E+02  3.5332E-01
1.0116E-02  4.6685E+02  4.6650E+02  3.5332E-01
1.0117E-02  4.8261E+02  4.8226E+02  3.5332E-01
1.0119E-02  4.9839E+02  4.9803E+02  3.5332E-01
1.0120E-02  5.1418E+02  5.1382E+02  3.5333E-01
1.0121E-02  5.2998E+02  5.2963E+02  3.5333E-01
1.0123E-02  5.4580E+02  5.4545E+02  3.5333E-01
1.0124E-02  5.6164E+02  5.6129E+02  3.5333E-01
1.0125E-02  5.8056E+02  5.8021E+02  3.5333E-01
1.0126E-02  6.0256E+02  6.0220E+02  3.5333E-01
1.0127E-02  6.3470E+02  6.3435E+02  3.5333E-01
1.0129E-02  6.6700E+02  6.6665E+02  3.5333E-01
1.0130E-02  6.9965E+02  6.9929E+02  3.5333E-01
1.0131E-02  7.3195E+02  7.3160E+02  3.5333E-01
1.0133E-02  7.9048E+02  7.9012E+02  3.5333E-01
1.0134E-02  7.9653E+02  7.9617E+02  3.5333E-01
1.0135E-02  8.2902E+02  8.2866E+02  3.5333E-01
1.0136E-02  8.7111E+02  8.7076E+02  3.5333E-01
1.0137E-02  8.9974E+02  8.9939E+02  3.5333E-01
1.0139E-02  9.3225E+02  9.3189E+02  3.5333E-01
1.0140E-02  9.6971E+02  9.6935E+02  3.5333E-01
1.0141E-02  1.0193E+03  1.0189E+03  3.5333E-01
1.0143E-02  1.0827E+03  1.0823E+03  3.5333E-01
1.0144E-02  1.1463E+03  1.1460E+03  3.5333E-01
1.0145E-02  1.2100E+03  1.2097E+03  3.5333E-01
1.0146E-02  1.2738E+03  1.2735E+03  3.5334E-01
1.0148E-02  1.3377E+03  1.3373E+03  3.5334E-01
1.0149E-02  1.4016E+03  1.4013E+03  3.5334E-01
1.0150E-02  1.4656E+03  1.4653E+03  3.5334E-01
1.0151E-02  1.5307E+03  1.5303E+03  3.5334E-01
1.0153E-02  1.6190E+03  1.6186E+03  3.5334E-01
1.0154E-02  1.7438E+03  1.7434E+03  3.5334E-01
1.0155E-02  1.8724E+03  1.8721E+03  3.5334E-01
1.0156E-02  2.0012E+03  2.0008E+03  3.5334E-01
1.0158E-02  2.1301E+03  2.1297E+03  3.5334E-01
1.0159E-02  2.2591E+03  2.2587E+03  3.5334E-01
1.0160E-02  2.3882E+03  2.3879E+03  3.5334E-01
1.0161E-02  2.5279E+03  2.5275E+03  3.5334E-01
1.0162E-02  2.7228E+03  2.7224E+03  3.5334E-01
1.0164E-02  2.9746E+03  2.9743E+03  3.5334E-01
1.0165E-02  3.2268E+03  3.2265E+03  3.5334E-01
1.0166E-02  3.4792E+03  3.4789E+03  3.5334E-01
1.0168E-02  3.7319E+03  3.7315E+03  3.5334E-01
1.0169E-02  3.9848E+03  3.9844E+03  3.5334E-01
1.0170E-02  4.3186E+03  4.3182E+03  3.5334E-01
1.0171E-02  4.8208E+03  4.8204E+03  3.5335E-01
1.0172E-02  5.3249E+03  5.3246E+03  3.5335E-01
1.0174E-02  5.8296E+03  5.8292E+03  3.5335E-01
1.0175E-02  6.3347E+03  6.3344E+03  3.5335E-01
1.0176E-02  6.9650E+03  6.9646E+03  3.5335E-01
1.0178E-02  7.9348E+03  7.9344E+03  3.5335E-01
1.0179E-02  8.9269E+03  8.9266E+03  3.5335E-01
1.0180E-02  9.9213E+03  9.9210E+03  3.5335E-01
1.0181E-02  1.1083E+04  1.1082E+04  3.5335E-01
1.0182E-02  1.2918E+04  1.2918E+04  3.5335E-01
1.0184E-02  1.4873E+04  1.4873E+04  3.5335E-01
1.0185E-02  1.6848E+04  1.6847E+04  3.5335E-01
1.0186E-02  2.0023E+04  2.0023E+04  3.5335E-01
1.0188E-02  2.3842E+04  2.3842E+04  3.5335E-01
1.0189E-02  2.7988E+04  2.7987E+04  3.5335E-01
1.0190E-02  3.4776E+04  3.4776E+04  3.5335E-01
1.0191E-02  4.2164E+04  4.2164E+04  3.5335E-01
1.0193E-02  5.4262E+04  5.4262E+04  3.5335E-01
1.0194E-02  6.9113E+04  6.9113E+04  3.5335E-01
1.0195E-02  9.3897E+04  9.3896E+04  3.5335E-01
1.0196E-02  1.3062E+05  1.3062E+05  3.5335E-01
1.0197E-02  1.9118E+05  1.9118E+05  3.5336E-01
1.0199E-02  3.0839E+05  3.0839E+05  3.5336E-01
1.0200E-02  5.5608E+05  5.5608E+05  3.5336E-01
1.0201E-02  1.2077E+06  1.2077E+06  3.5336E-01
1.0203E-02  4.1598E+06  4.1598E+06  3.5336E-01
1.0204E-02  5.2883E+08  5.2883E+08  3.5336E-01
1.0205E-02  2.4223E+09  2.4223E+09  3.5336E-01
1.0206E-02  9.1164E+06  9.1164E+06  3.5336E-01
1.0207E-02  1.6713E+06  1.6713E+06  3.5336E-01
1.0209E-02  6.9570E+05  6.9570E+05  3.5336E-01
1.0210E-02  3.6843E+05  3.6842E+05  3.5336E-01
1.0211E-02  2.4436E+05  2.4436E+05  3.5336E-01
1.0213E-02  1.4771E+05  1.4771E+05  3.5336E-01
1.0214E-02  1.0278E+05  1.0278E+05  3.5336E-01
1.0215E-02  7.6281E+04  7.6280E+04  3.5336E-01
1.0216E-02  5.9520E+04  5.9520E+04  3.5336E-01
1.0217E-02  4.5614E+04  4.5614E+04  3.5336E-01
1.0219E-02  3.7365E+04  3.7365E+04  3.5336E-01
1.0220E-02  3.0036E+04  3.0036E+04  3.5336E-01
1.0221E-02  2.5215E+04  2.5215E+04  3.5336E-01
1.0223E-02  2.1434E+04  2.1433E+04  3.5337E-01
1.0224E-02  1.7865E+04  1.7864E+04  3.5337E-01
1.0225E-02  1.5716E+04  1.5716E+04  3.5337E-01
1.0226E-02  1.5631E+04  1.5631E+04  3.5337E-01
1.0227E-02  1.1763E+04  1.1762E+04  3.5337E-01
1.0229E-02  1.0347E+04  1.0347E+04  3.5337E-01
1.0230E-02  9.3518E+03  9.3514E+03  3.5337E-01
1.0231E-02  8.3600E+03  8.3596E+03  3.5337E-01
1.0233E-02  7.3692E+03  7.3689E+03  3.5337E-01
1.0234E-02  6.5889E+03  6.5885E+03  3.5337E-01
1.0235E-02  6.0747E+03  6.0744E+03  3.5337E-01
1.0236E-02  5.5671E+03  5.5667E+03  3.5337E-01
1.0238E-02  5.0595E+03  5.0591E+03  3.5337E-01
1.0239E-02  4.5519E+03  4.5516E+03  3.5337E-01
1.0240E-02  4.1456E+03  4.1453E+03  3.5337E-01
1.0241E-02  3.8716E+03  3.8713E+03  3.5337E-01
1.0242E-02  3.6181E+03  3.6178E+03  3.5337E-01
1.0244E-02  3.3646E+03  3.3643E+03  3.5337E-01
1.0245E-02  3.1111E+03  3.1108E+03  3.5337E-01
1.0246E-02  2.8577E+03  2.8573E+03  3.5337E-01
1.0248E-02  2.6340E+03  2.6336E+03  3.5338E-01
1.0249E-02  2.4757E+03  2.4753E+03  3.5338E-01
1.0250E-02  2.3462E+03  2.3458E+03  3.5338E-01
1.0251E-02  2.2166E+03  2.2163E+03  3.5338E-01
1.0252E-02  2.0871E+03  2.0868E+03  3.5338E-01
1.0254E-02  1.9576E+03  1.9573E+03  3.5338E-01
1.0255E-02  1.8281E+03  1.8278E+03  3.5338E-01
1.0256E-02  1.6987E+03  1.6983E+03  3.5338E-01
1.0258E-02  1.5978E+03  1.5975E+03  3.5338E-01
1.0259E-02  1.5227E+03  1.5223E+03  3.5338E-01
1.0260E-02  1.4576E+03  1.4573E+03  3.5338E-01
1.0261E-02  1.3923E+03  1.3919E+03  3.5338E-01
1.0262E-02  1.3271E+03  1.3268E+03  3.5338E-01
1.0264E-02  1.2621E+03  1.2617E+03  3.5338E-01
1.0265E-02  1.1971E+03  1.1968E+03  3.5338E-01
1.0266E-02  1.1324E+03  1.1320E+03  3.5338E-01
1.0268E-02  1.0681E+03  1.0677E+03  3.5338E-01
1.0269E-02  1.0107E+03  1.0104E+03  3.5338E-01
1.0270E-02  9.7534E+02  9.7499E+02  3.5338E-01
1.0271E-02  1.1904E+03  1.1900E+03  3.5338E-01
1.0273E-02  9.5173E+02  9.5138E+02  3.5339E-01
1.0274E-02  8.7408E+02  8.7373E+02  3.5339E-01
1.0275E-02  8.3696E+02  8.3661E+02  3.5339E-01
1.0276E-02  8.0348E+02  8.0313E+02  3.5339E-01
1.0278E-02  7.7090E+02  7.7055E+02  3.5339E-01
1.0279E-02  7.3865E+02  7.3830E+02  3.5339E-01
1.0280E-02  7.0654E+02  7.0619E+02  3.5339E-01
1.0281E-02  6.7451E+02  6.7416E+02  3.5339E-01
1.0283E-02  6.4252E+02  6.4217E+02  3.5339E-01
1.0284E-02  6.1657E+02  6.1622E+02  3.5339E-01
1.0285E-02  5.9479E+02  5.9443E+02  3.5339E-01
1.0286E-02  5.7838E+02  5.7803E+02  3.5339E-01
1.0287E-02  5.6199E+02  5.6164E+02  3.5339E-01
1.0289E-02  5.4560E+02  5.4525E+02  3.5339E-01
1.0290E-02  5.2922E+02  5.2887E+02  3.5339E-01
1.0291E-02  5.1284E+02  5.1249E+02  3.5339E-01
1.0293E-02  4.9647E+02  4.9611E+02  3.5339E-01
1.0294E-02  4.8010E+02  4.7975E+02  3.5339E-01
1.0295E-02  4.6375E+02  4.6340E+02  3.5339E-01
1.0296E-02  4.4740E+02  4.4704E+02  3.5339E-01
1.0297E-02  4.3100E+02  4.3064E+02  3.5340E-01
1.0299E-02  4.1461E+02  4.1426E+02  3.5340E-01
1.0300E-02  3.9824E+02  3.9788E+02  3.5340E-01
1.0301E-02  3.8354E+02  3.8318E+02  3.5340E-01
1.0303E-02  3.7221E+02  3.7186E+02  3.5340E-01
1.0304E-02  3.6272E+02  3.6237E+02  3.5340E-01
1.0305E-02  3.5451E+02  3.5416E+02  3.5340E-01
1.0306E-02  3.4618E+02  3.4583E+02  3.5340E-01
1.0307E-02  3.3789E+02  3.3754E+02  3.5340E-01
1.0309E-02  3.2963E+02  3.2927E+02  3.5340E-01
1.0310E-02  3.2137E+02  3.2102E+02  3.5340E-01
1.0311E-02  3.1313E+02  3.1277E+02  3.5340E-01
1.0313E-02  3.0488E+02  3.0453E+02  3.5340E-01
1.0314E-02  2.9663E+02  2.9628E+02  3.5340E-01
1.0315E-02  2.8839E+02  2.8804E+02  3.5340E-01
1.0316E-02  2.8015E+02  2.7979E+02  3.5340E-01
1.0318E-02  2.7190E+02  2.7155E+02  3.5340E-01
1.0319E-02  2.6366E+02  2.6331E+02  3.5340E-01
1.0320E-02  2.5542E+02  2.5507E+02  3.5340E-01
1.0321E-02  2.4718E+02  2.4682E+02  3.5340E-01
1.0323E-02  2.3893E+02  2.3858E+02  3.5341E-01
1.0324E-02  2.3256E+02  2.3221E+02  3.5341E-01
1.0325E-02  2.2693E+02  2.2657E+02  3.5341E-01
1.0326E-02  2.2242E+02  2.2206E+02  3.5341E-01
1.0328E-02  2.1841E+02  2.1806E+02  3.5341E-01
1.0329E-02  2.1441E+02  2.1405E+02  3.5341E-01
1.0330E-02  2.1039E+02  2.1003E+02  3.5341E-01
1.0331E-02  2.0637E+02  2.0601E+02  3.5341E-01
1.0332E-02  2.0235E+02  2.0200E+02  3.5341E-01
1.0334E-02  1.9835E+02  1.9799E+02  3.5341E-01
1.0335E-02  1.9435E+02  1.9399E+02  3.5341E-01
1.0336E-02  1.9035E+02  1.9000E+02  3.5341E-01
1.0338E-02  1.8635E+02  1.8600E+02  3.5341E-01
1.0339E-02  1.8231E+02  1.8196E+02  3.5341E-01
1.0340E-02  1.7828E+02  1.7793E+02  3.5341E-01
1.0341E-02  1.7437E+02  1.7402E+02  3.5341E-01
1.0342E-02  1.7023E+02  1.6988E+02  3.5341E-01
1.0344E-02  1.6622E+02  1.6586E+02  3.5341E-01
1.0345E-02  1.6220E+02  1.6185E+02  3.5341E-01
1.0346E-02  1.5818E+02  1.5783E+02  3.5341E-01
1.0348E-02  1.5417E+02  1.5382E+02  3.5342E-01
1.0349E-02  1.5016E+02  1.4980E+02  3.5342E-01
1.0350E-02  1.4620E+02  1.4585E+02  3.5342E-01
1.0351E-02  1.4345E+02  1.4310E+02  3.5342E-01
1.0352E-02  1.4071E+02  1.4035E+02  3.5342E-01
1.0354E-02  1.3852E+02  1.3817E+02  3.5342E-01
1.0355E-02  1.3658E+02  1.3623E+02  3.5342E-01
1.0356E-02  1.3464E+02  1.3429E+02  3.5342E-01
1.0358E-02  1.3270E+02  1.3235E+02  3.5342E-01
1.0359E-02  1.3076E+02  1.3041E+02  3.5342E-01
1.0360E-02  1.2882E+02  1.2847E+02  3.5342E-01
1.0361E-02  1.2688E+02  1.2653E+02  3.5342E-01
1.0363E-02  1.2494E+02  1.2459E+02  3.5342E-01
1.0364E-02  1.2300E+02  1.2265E+02  3.5342E-01
1.0365E-02  1.2106E+02  1.2071E+02  3.5342E-01
1.0366E-02  1.1912E+02  1.1877E+02  3.5342E-01
1.0367E-02  1.1718E+02  1.1683E+02  3.5342E-01
1.0369E-02  1.1524E+02  1.1489E+02  3.5342E-01
1.0370E-02  1.1331E+02  1.1295E+02  3.5342E-01
1.0371E-02  1.1138E+02  1.1103E+02  3.5342E-01
1.0373E-02  1.0953E+02  1.0918E+02  3.5343E-01
1.0374E-02  1.0749E+02  1.0714E+02  3.5343E-01
1.0375E-02  1.0555E+02  1.0520E+02  3.5343E-01
1.0376E-02  1.0361E+02  1.0326E+02  3.5343E-01
1.0377E-02  1.0169E+02  1.0134E+02  3.5343E-01
1.0379E-02  1.0200E+02  1.0165E+02  3.5343E-01
1.0380E-02  9.7818E+01  9.7464E+01  3.5343E-01
1.0381E-02  9.5858E+01  9.5504E+01  3.5343E-01
1.0383E-02  9.3916E+01  9.3562E+01  3.5343E-01
1.0384E-02  9.2205E+01  9.1852E+01  3.5343E-01
1.0385E-02  9.0883E+01  9.0529E+01  3.5343E-01
1.0386E-02  8.9561E+01  8.9207E+01  3.5343E-01
1.0387E-02  8.8485E+01  8.8131E+01  3.5343E-01
1.0389E-02  8.7539E+01  8.7186E+01  3.5343E-01
1.0390E-02  8.6596E+01  8.6243E+01  3.5343E-01
1.0391E-02  8.5656E+01  8.5303E+01  3.5343E-01
1.0393E-02  8.4724E+01  8.4370E+01  3.5343E-01
1.0394E-02  8.3810E+01  8.3456E+01  3.5343E-01
1.0395E-02  8.2961E+01  8.2608E+01  3.5343E-01
1.0396E-02  8.2592E+01  8.2239E+01  3.5343E-01
1.0398E-02  1.2586E+02  1.2551E+02  3.5344E-01
1.0399E-02  8.0498E+01  8.0145E+01  3.5344E-01
1.0400E-02  7.9157E+01  7.8803E+01  3.5344E-01
1.0401E-02  7.8137E+01  7.7784E+01  3.5344E-01
1.0403E-02  7.7174E+01  7.6820E+01  3.5344E-01
1.0404E-02  7.6255E+01  7.5902E+01  3.5344E-01
1.0405E-02  7.5326E+01  7.4972E+01  3.5344E-01
1.0406E-02  7.4482E+01  7.4129E+01  3.5344E-01
1.0408E-02  7.3917E+01  7.3564E+01  3.5344E-01
1.0409E-02  7.7778E+01  7.7424E+01  3.5344E-01
1.0410E-02  7.6752E+01  7.6398E+01  3.5344E-01
1.0411E-02  7.1821E+01  7.1467E+01  3.5344E-01
1.0412E-02  7.0407E+01  7.0054E+01  3.5344E-01
1.0414E-02  6.9699E+01  6.9346E+01  3.5344E-01
1.0415E-02  7.6588E+01  7.6234E+01  3.5344E-01
1.0416E-02  7.0093E+01  6.9740E+01  3.5344E-01
1.0418E-02  6.6181E+01  6.5828E+01  3.5344E-01
1.0419E-02  9.5335E+01  9.4982E+01  3.5344E-01
1.0420E-02  8.3455E+01  8.3101E+01  3.5344E-01
1.0421E-02  9.3831E+01  9.3478E+01  3.5344E-01
1.0422E-02  7.3734E+01  7.3381E+01  3.5345E-01
1.0424E-02  6.1360E+01  6.1007E+01  3.5345E-01
1.0425E-02  6.2265E+01  6.1912E+01  3.5345E-01
1.0426E-02  5.9776E+01  5.9423E+01  3.5345E-01
1.0428E-02  5.8960E+01  5.8607E+01  3.5345E-01
1.0429E-02  5.8375E+01  5.8022E+01  3.5345E-01
1.0430E-02  5.8009E+01  5.7656E+01  3.5345E-01
1.0431E-02  5.7638E+01  5.7284E+01  3.5345E-01
1.0432E-02  5.7320E+01  5.6966E+01  3.5345E-01
1.0434E-02  5.6805E+01  5.6451E+01  3.5345E-01
1.0435E-02  5.6141E+01  5.5788E+01  3.5345E-01
1.0436E-02  5.5682E+01  5.5329E+01  3.5345E-01
1.0438E-02  5.5297E+01  5.4943E+01  3.5345E-01
1.0439E-02  5.5043E+01  5.4690E+01  3.5345E-01
1.0440E-02  5.5594E+01  5.5241E+01  3.5345E-01
1.0441E-02  3.4244E+02  3.4208E+02  3.5345E-01
1.0443E-02  5.5965E+01  5.5612E+01  3.5345E-01
1.0444E-02  2.1637E+02  2.1602E+02  3.5345E-01
1.0445E-02  5.4948E+01  5.4594E+01  3.5345E-01
1.0446E-02  5.2468E+01  5.2115E+01  3.5346E-01
1.0448E-02  5.1674E+01  5.1320E+01  3.5346E-01
1.0449E-02  5.1097E+01  5.0744E+01  3.5346E-01
1.0450E-02  5.0582E+01  5.0229E+01  3.5346E-01
1.0451E-02  5.0092E+01  4.9739E+01  3.5346E-01
1.0452E-02  4.9614E+01  4.9260E+01  3.5346E-01
1.0454E-02  4.9156E+01  4.8803E+01  3.5346E-01
1.0455E-02  4.8674E+01  4.8320E+01  3.5346E-01
1.0456E-02  4.8207E+01  4.7853E+01  3.5346E-01
1.0457E-02  4.7742E+01  4.7389E+01  3.5346E-01
1.0459E-02  4.7279E+01  4.6926E+01  3.5346E-01
1.0460E-02  4.6817E+01  4.6463E+01  3.5346E-01
1.0461E-02  4.6355E+01  4.6001E+01  3.5346E-01
1.0463E-02  4.5893E+01  4.5540E+01  3.5346E-01
1.0464E-02  4.5432E+01  4.5079E+01  3.5346E-01
1.0465E-02  4.4971E+01  4.4618E+01  3.5346E-01
1.0466E-02  4.4511E+01  4.4157E+01  3.5346E-01
1.0467E-02  4.4050E+01  4.3697E+01  3.5346E-01
1.0469E-02  4.3590E+01  4.3236E+01  3.5346E-01
1.0470E-02  4.3130E+01  4.2776E+01  3.5346E-01
1.0471E-02  4.2670E+01  4.2316E+01  3.5347E-01
1.0473E-02  4.2210E+01  4.1856E+01  3.5347E-01
1.0474E-02  4.1750E+01  4.1396E+01  3.5347E-01
1.0475E-02  4.1313E+01  4.0959E+01  3.5347E-01
1.0476E-02  4.0998E+01  4.0645E+01  3.5347E-01
1.0477E-02  4.0683E+01  4.0330E+01  3.5347E-01
1.0479E-02  4.0369E+01  4.0015E+01  3.5347E-01
1.0480E-02  4.0103E+01  3.9750E+01  3.5347E-01
1.0481E-02  3.9881E+01  3.9528E+01  3.5347E-01
1.0483E-02  3.9659E+01  3.9306E+01  3.5347E-01
1.0484E-02  3.9437E+01  3.9083E+01  3.5347E-01
1.0485E-02  3.9215E+01  3.8861E+01  3.5347E-01
1.0486E-02  3.8993E+01  3.8639E+01  3.5347E-01
1.0488E-02  3.8771E+01  3.8417E+01  3.5347E-01
1.0489E-02  3.8549E+01  3.8196E+01  3.5347E-01
1.0490E-02  3.8327E+01  3.7974E+01  3.5347E-01
1.0491E-02  3.8106E+01  3.7752E+01  3.5347E-01
1.0493E-02  3.7884E+01  3.7531E+01  3.5347E-01
1.0494E-02  3.7665E+01  3.7311E+01  3.5347E-01
1.0495E-02  3.7462E+01  3.7108E+01  3.5348E-01
1.0496E-02  3.7269E+01  3.6916E+01  3.5348E-01
1.0497E-02  3.7003E+01  3.6649E+01  3.5348E-01
1.0499E-02  3.6783E+01  3.6430E+01  3.5348E-01
1.0500E-02  3.6590E+01  3.6237E+01  3.5348E-01
1.0501E-02  3.8886E+01  3.8533E+01  3.5348E-01
1.0502E-02  3.6866E+01  3.6513E+01  3.5348E-01
1.0504E-02  3.5897E+01  3.5543E+01  3.5348E-01
1.0505E-02  3.5670E+01  3.5317E+01  3.5348E-01
1.0506E-02  3.5447E+01  3.5094E+01  3.5348E-01
1.0508E-02  3.5226E+01  3.4872E+01  3.5348E-01
1.0509E-02  3.5004E+01  3.4651E+01  3.5348E-01
1.0510E-02  3.4783E+01  3.4429E+01  3.5348E-01
1.0511E-02  3.4562E+01  3.4208E+01  3.5348E-01
1.0512E-02  3.4341E+01  3.3987E+01  3.5348E-01
1.0514E-02  3.4120E+01  3.3766E+01  3.5348E-01
1.0515E-02  3.3899E+01  3.3546E+01  3.5348E-01
1.0516E-02  3.3679E+01  3.3325E+01  3.5348E-01
1.0518E-02  3.3458E+01  3.3105E+01  3.5348E-01
1.0519E-02  3.3238E+01  3.2885E+01  3.5349E-01
1.0520E-02  3.3019E+01  3.2665E+01  3.5349E-01
1.0521E-02  3.2799E+01  3.2446E+01  3.5349E-01
1.0523E-02  3.2580E+01  3.2227E+01  3.5349E-01
1.0524E-02  3.2362E+01  3.2009E+01  3.5349E-01
1.0525E-02  3.2146E+01  3.1792E+01  3.5349E-01
1.0526E-02  3.1931E+01  3.1577E+01  3.5349E-01
1.0528E-02  3.1719E+01  3.1365E+01  3.5349E-01
1.0529E-02  3.1512E+01  3.1159E+01  3.5349E-01
1.0530E-02  3.1317E+01  3.0964E+01  3.5349E-01
1.0531E-02  3.1151E+01  3.0797E+01  3.5349E-01
1.0533E-02  3.1083E+01  3.0729E+01  3.5349E-01
1.0534E-02  3.1672E+01  3.1318E+01  3.5349E-01
1.0535E-02  2.5902E+03  2.5899E+03  3.5349E-01
1.0536E-02  3.1328E+01  3.0975E+01  3.5349E-01
1.0537E-02  3.0255E+01  2.9902E+01  3.5349E-01
1.0539E-02  2.9952E+01  2.9599E+01  3.5349E-01
1.0540E-02  2.9754E+01  2.9401E+01  3.5349E-01
1.0541E-02  2.9589E+01  2.9236E+01  3.5349E-01
1.0542E-02  2.9452E+01  2.9099E+01  3.5349E-01
1.0544E-02  2.9361E+01  2.9007E+01  3.5350E-01
1.0545E-02  2.9284E+01  2.8931E+01  3.5350E-01
1.0546E-02  2.9235E+01  2.8881E+01  3.5350E-01
1.0547E-02  2.9247E+01  2.8894E+01  3.5350E-01
1.0549E-02  2.9449E+01  2.9095E+01  3.5350E-01
1.0550E-02  3.0660E+01  3.0307E+01  3.5350E-01
1.0551E-02  9.3447E+01  9.3094E+01  3.5350E-01
1.0553E-02  3.3990E+01  3.3636E+01  3.5350E-01
1.0554E-02  2.9463E+01  2.9110E+01  3.5350E-01
1.0555E-02  2.8810E+01  2.8456E+01  3.5350E-01
1.0556E-02  2.8570E+01  2.8216E+01  3.5350E-01
1.0557E-02  2.8463E+01  2.8110E+01  3.5350E-01
1.0559E-02  2.8464E+01  2.8111E+01  3.5350E-01
1.0560E-02  2.8668E+01  2.8314E+01  3.5350E-01
1.0561E-02  2.9576E+01  2.9222E+01  3.5350E-01
1.0563E-02  3.6513E+01  3.6159E+01  3.5350E-01
1.0564E-02  3.9331E+02  3.9296E+02  3.5350E-01
1.0565E-02  3.1766E+01  3.1412E+01  3.5350E-01
1.0566E-02  2.8719E+01  2.8365E+01  3.5350E-01
1.0568E-02  2.7838E+01  2.7485E+01  3.5351E-01
1.0569E-02  2.7484E+01  2.7130E+01  3.5351E-01
1.0570E-02  2.7260E+01  2.6906E+01  3.5351E-01
1.0571E-02  2.7089E+01  2.6736E+01  3.5351E-01
1.0573E-02  2.6942E+01  2.6589E+01  3.5351E-01
1.0574E-02  2.6811E+01  2.6457E+01  3.5351E-01
1.0575E-02  2.6686E+01  2.6333E+01  3.5351E-01
1.0576E-02  2.6567E+01  2.6214E+01  3.5351E-01
1.0578E-02  2.6452E+01  2.6099E+01  3.5351E-01
1.0579E-02  2.6340E+01  2.5986E+01  3.5351E-01
1.0580E-02  2.6229E+01  2.5875E+01  3.5351E-01
1.0581E-02  2.6119E+01  2.5765E+01  3.5351E-01
1.0582E-02  2.6010E+01  2.5657E+01  3.5351E-01
1.0584E-02  2.5902E+01  2.5549E+01  3.5351E-01
1.0585E-02  2.5795E+01  2.5441E+01  3.5351E-01
1.0586E-02  2.5688E+01  2.5335E+01  3.5351E-01
1.0588E-02  2.5582E+01  2.5228E+01  3.5351E-01
1.0589E-02  2.5476E+01  2.5122E+01  3.5351E-01
1.0590E-02  2.5370E+01  2.5017E+01  3.5351E-01
1.0591E-02  2.5265E+01  2.4911E+01  3.5352E-01
1.0592E-02  2.5160E+01  2.4806E+01  3.5352E-01
1.0594E-02  2.5055E+01  2.4702E+01  3.5352E-01
1.0595E-02  2.4951E+01  2.4597E+01  3.5352E-01
1.0596E-02  2.4847E+01  2.4493E+01  3.5352E-01
1.0598E-02  2.4743E+01  2.4390E+01  3.5352E-01
1.0599E-02  2.4640E+01  2.4287E+01  3.5352E-01
1.0600E-02  2.4549E+01  2.4195E+01  3.5352E-01
1.0601E-02  2.4439E+01  2.4086E+01  3.5352E-01
1.0602E-02  2.4347E+01  2.3993E+01  3.5352E-01
1.0604E-02  2.4309E+01  2.3955E+01  3.5352E-01
1.0605E-02  2.6232E+01  2.5878E+01  3.5352E-01
1.0606E-02  2.9449E+01  2.9096E+01  3.5352E-01
1.0608E-02  2.4000E+01  2.3646E+01  3.5352E-01
1.0609E-02  5.6368E+01  5.6015E+01  3.5352E-01
1.0610E-02  2.3910E+01  2.3556E+01  3.5352E-01
1.0611E-02  1.2560E+02  1.2525E+02  3.5352E-01
1.0613E-02  2.3794E+01  2.3441E+01  3.5352E-01
1.0614E-02  2.4053E+01  2.3699E+01  3.5352E-01
1.0615E-02  2.6886E+01  2.6533E+01  3.5353E-01
1.0616E-02  2.3767E+01  2.3413E+01  3.5353E-01
1.0618E-02  2.3398E+01  2.3044E+01  3.5353E-01
1.0619E-02  2.3324E+01  2.2970E+01  3.5353E-01
1.0620E-02  2.3341E+01  2.2987E+01  3.5353E-01
1.0621E-02  2.3511E+01  2.3158E+01  3.5353E-01
1.0622E-02  2.4174E+01  2.3820E+01  3.5353E-01
1.0624E-02  2.9749E+01  2.9396E+01  3.5353E-01
1.0625E-02  9.4161E+01  9.3808E+01  3.5353E-01
1.0626E-02  2.5102E+01  2.4748E+01  3.5353E-01
1.0627E-02  2.3600E+01  2.3246E+01  3.5353E-01
1.0629E-02  2.3292E+01  2.2938E+01  3.5353E-01
1.0630E-02  2.3302E+01  2.2949E+01  3.5353E-01
1.0631E-02  2.3710E+01  2.3356E+01  3.5353E-01
1.0633E-02  2.6041E+01  2.5688E+01  3.5353E-01
1.0634E-02  6.6085E+02  6.6050E+02  3.5353E-01
1.0635E-02  2.9386E+01  2.9032E+01  3.5353E-01
1.0636E-02  2.3844E+01  2.3491E+01  3.5353E-01
1.0637E-02  2.2982E+01  2.2628E+01  3.5353E-01
1.0639E-02  2.2669E+01  2.2316E+01  3.5354E-01
1.0640E-02  2.2505E+01  2.2151E+01  3.5354E-01
1.0641E-02  2.2402E+01  2.2048E+01  3.5354E-01
1.0643E-02  2.2344E+01  2.1991E+01  3.5354E-01
1.0644E-02  2.2358E+01  2.2005E+01  3.5354E-01
1.0645E-02  2.2663E+01  2.2309E+01  3.5354E-01
1.0646E-02  2.6266E+01  2.5912E+01  3.5354E-01
1.0648E-02  2.2164E+01  2.1811E+01  3.5354E-01
1.0649E-02  2.2036E+01  2.1682E+01  3.5354E-01
1.0650E-02  2.1971E+01  2.1617E+01  3.5354E-01
1.0651E-02  2.1921E+01  2.1567E+01  3.5354E-01
1.0653E-02  2.1882E+01  2.1528E+01  3.5354E-01
1.0654E-02  2.1858E+01  2.1505E+01  3.5354E-01
1.0655E-02  2.1875E+01  2.1521E+01  3.5354E-01
1.0656E-02  2.2083E+01  2.1729E+01  3.5354E-01
1.0658E-02  2.9787E+01  2.9433E+01  3.5354E-01
1.0659E-02  2.3047E+01  2.2693E+01  3.5354E-01
1.0660E-02  2.2193E+01  2.1839E+01  3.5354E-01
1.0661E-02  2.5845E+01  2.5491E+01  3.5355E-01
1.0663E-02  2.5714E+01  2.5361E+01  3.5355E-01
1.0664E-02  2.1881E+01  2.1528E+01  3.5355E-01
1.0665E-02  2.1549E+01  2.1196E+01  3.5355E-01
1.0666E-02  2.1427E+01  2.1073E+01  3.5355E-01
1.0667E-02  2.1352E+01  2.0999E+01  3.5355E-01
1.0669E-02  2.1295E+01  2.0942E+01  3.5355E-01
1.0670E-02  2.1246E+01  2.0893E+01  3.5355E-01
1.0671E-02  2.1201E+01  2.0848E+01  3.5355E-01
1.0672E-02  2.1159E+01  2.0806E+01  3.5355E-01
1.0674E-02  2.1118E+01  2.0765E+01  3.5355E-01
1.0675E-02  2.1078E+01  2.0725E+01  3.5355E-01
1.0676E-02  2.1039E+01  2.0686E+01  3.5355E-01
1.0678E-02  2.1000E+01  2.0647E+01  3.5355E-01
1.0679E-02  2.0962E+01  2.0608E+01  3.5355E-01
1.0680E-02  2.0924E+01  2.0570E+01  3.5355E-01
1.0681E-02  2.0886E+01  2.0532E+01  3.5355E-01
1.0682E-02  2.0848E+01  2.0494E+01  3.5355E-01
1.0684E-02  2.0809E+01  2.0456E+01  3.5355E-01
1.0685E-02  2.0771E+01  2.0418E+01  3.5356E-01
1.0686E-02  2.0733E+01  2.0379E+01  3.5356E-01
1.0688E-02  2.0694E+01  2.0341E+01  3.5356E-01
1.0689E-02  2.0656E+01  2.0302E+01  3.5356E-01
1.0690E-02  2.0617E+01  2.0263E+01  3.5356E-01
1.0691E-02  2.0584E+01  2.0230E+01  3.5356E-01
1.0693E-02  2.0538E+01  2.0184E+01  3.5356E-01
1.0694E-02  2.0498E+01  2.0145E+01  3.5356E-01
1.0695E-02  2.0458E+01  2.0105E+01  3.5356E-01
1.0696E-02  2.0414E+01  2.0060E+01  3.5356E-01
1.0698E-02  2.0367E+01  2.0013E+01  3.5356E-01
1.0699E-02  2.0320E+01  1.9967E+01  3.5356E-01
1.0700E-02  2.0276E+01  1.9922E+01  3.5356E-01
1.0701E-02  2.0227E+01  1.9874E+01  3.5356E-01
1.0703E-02  2.0181E+01  1.9827E+01  3.5356E-01
1.0704E-02  2.0136E+01  1.9782E+01  3.5356E-01
1.0705E-02  2.0089E+01  1.9735E+01  3.5356E-01
1.0706E-02  2.0043E+01  1.9690E+01  3.5356E-01
1.0708E-02  1.9998E+01  1.9645E+01  3.5356E-01
1.0709E-02  1.9971E+01  1.9617E+01  3.5357E-01
1.0710E-02  1.9946E+01  1.9593E+01  3.5357E-01
1.0711E-02  1.9943E+01  1.9590E+01  3.5357E-01
1.0712E-02  2.0445E+01  2.0091E+01  3.5357E-01
1.0714E-02  1.9879E+01  1.9525E+01  3.5357E-01
1.0715E-02  1.9844E+01  1.9491E+01  3.5357E-01
1.0716E-02  1.9836E+01  1.9483E+01  3.5357E-01
1.0717E-02  2.0006E+01  1.9653E+01  3.5357E-01
1.0719E-02  2.0416E+01  2.0062E+01  3.5357E-01
1.0720E-02  1.9861E+01  1.9507E+01  3.5357E-01
1.0721E-02  1.9789E+01  1.9436E+01  3.5357E-01
1.0723E-02  1.9784E+01  1.9431E+01  3.5357E-01
1.0724E-02  1.9816E+01  1.9462E+01  3.5357E-01
1.0725E-02  1.9964E+01  1.9611E+01  3.5357E-01
1.0726E-02  2.1335E+01  2.0981E+01  3.5357E-01
1.0727E-02  2.2840E+01  2.2486E+01  3.5357E-01
1.0729E-02  2.0086E+01  1.9733E+01  3.5357E-01
1.0730E-02  2.0211E+01  1.9857E+01  3.5357E-01
1.0731E-02  2.4291E+01  2.3937E+01  3.5358E-01
1.0733E-02  2.1153E+01  2.0800E+01  3.5358E-01
1.0734E-02  2.0435E+01  2.0082E+01  3.5358E-01
1.0735E-02  5.2105E+01  5.1752E+01  3.5358E-01
1.0736E-02  2.5433E+01  2.5080E+01  3.5358E-01
1.0738E-02  2.6399E+01  2.6046E+01  3.5358E-01
1.0739E-02  5.2676E+01  5.2323E+01  3.5358E-01
1.0740E-02  2.7097E+01  2.6744E+01  3.5358E-01
1.0741E-02  2.0579E+01  2.0225E+01  3.5358E-01
1.0743E-02  1.9821E+01  1.9468E+01  3.5358E-01
1.0744E-02  1.9659E+01  1.9305E+01  3.5358E-01
1.0745E-02  1.9652E+01  1.9298E+01  3.5358E-01
1.0746E-02  2.0295E+01  1.9941E+01  3.5358E-01
1.0748E-02  2.0845E+01  2.0491E+01  3.5358E-01
1.0749E-02  2.0421E+01  2.0068E+01  3.5358E-01
1.0750E-02  2.0189E+01  1.9836E+01  3.5358E-01
1.0751E-02  2.0004E+01  1.9651E+01  3.5358E-01
1.0752E-02  2.1743E+01  2.1389E+01  3.5358E-01
1.0754E-02  6.9320E+01  6.8966E+01  3.5359E-01
1.0755E-02  2.2995E+01  2.2641E+01  3.5359E-01
1.0756E-02  1.5154E+02  1.5118E+02  3.5359E-01
1.0757E-02  2.1734E+01  2.1380E+01  3.5359E-01
1.0759E-02  1.9865E+01  1.9511E+01  3.5359E-01
1.0760E-02  1.9472E+01  1.9118E+01  3.5359E-01
1.0761E-02  1.9313E+01  1.8960E+01  3.5359E-01
1.0762E-02  1.9226E+01  1.8873E+01  3.5359E-01
1.0764E-02  1.9169E+01  1.8815E+01  3.5359E-01
1.0765E-02  1.9126E+01  1.8772E+01  3.5359E-01
1.0766E-02  1.9091E+01  1.8737E+01  3.5359E-01
1.0768E-02  1.9061E+01  1.8707E+01  3.5359E-01
1.0769E-02  1.9034E+01  1.8680E+01  3.5359E-01
1.0770E-02  1.9009E+01  1.8655E+01  3.5359E-01
1.0771E-02  1.8986E+01  1.8632E+01  3.5359E-01
1.0773E-02  1.8963E+01  1.8610E+01  3.5359E-01
1.0774E-02  1.8942E+01  1.8588E+01  3.5359E-01
1.0775E-02  1.8921E+01  1.8568E+01  3.5359E-01
1.0776E-02  1.8901E+01  1.8547E+01  3.5360E-01
1.0778E-02  1.8881E+01  1.8528E+01  3.5360E-01
1.0779E-02  1.8862E+01  1.8508E+01  3.5360E-01
1.0780E-02  1.8843E+01  1.8489E+01  3.5360E-01
1.0781E-02  1.8824E+01  1.8471E+01  3.5360E-01
1.0783E-02  1.8806E+01  1.8453E+01  3.5360E-01
1.0784E-02  1.8789E+01  1.8435E+01  3.5360E-01
1.0785E-02  1.8772E+01  1.8418E+01  3.5360E-01
1.0786E-02  1.8755E+01  1.8402E+01  3.5360E-01
1.0788E-02  1.8741E+01  1.8387E+01  3.5360E-01
1.0789E-02  1.8729E+01  1.8376E+01  3.5360E-01
1.0790E-02  1.8722E+01  1.8368E+01  3.5360E-01
1.0791E-02  1.8734E+01  1.8380E+01  3.5360E-01
1.0793E-02  1.9115E+01  1.8761E+01  3.5360E-01
1.0794E-02  1.9281E+01  1.8927E+01  3.5360E-01
1.0795E-02  5.2950E+01  5.2596E+01  3.5360E-01
1.0796E-02  1.9174E+01  1.8820E+01  3.5360E-01
1.0797E-02  2.0297E+01  1.9943E+01  3.5360E-01
1.0799E-02  1.9612E+01  1.9258E+01  3.5360E-01
1.0800E-02  4.3959E+01  4.3606E+01  3.5361E-01
1.0801E-02  2.0891E+01  2.0537E+01  3.5361E-01
1.0802E-02  1.8698E+01  1.8345E+01  3.5361E-01
1.0804E-02  2.9115E+01  2.8762E+01  3.5361E-01
1.0805E-02  1.8602E+01  1.8249E+01  3.5361E-01
1.0806E-02  1.8906E+01  1.8552E+01  3.5361E-01
1.0807E-02  1.8643E+01  1.8289E+01  3.5361E-01
1.0809E-02  2.0573E+01  2.0220E+01  3.5361E-01
1.0810E-02  1.8678E+01  1.8325E+01  3.5361E-01
1.0811E-02  1.8749E+01  1.8395E+01  3.5361E-01
1.0813E-02  3.2896E+01  3.2542E+01  3.5361E-01
1.0814E-02  2.1652E+01  2.1299E+01  3.5361E-01
1.0815E-02  1.9308E+01  1.8955E+01  3.5361E-01
1.0816E-02  2.2147E+01  2.1794E+01  3.5361E-01
1.0818E-02  1.9179E+01  1.8825E+01  3.5361E-01
1.0819E-02  1.8723E+01  1.8370E+01  3.5361E-01
1.0820E-02  2.1996E+01  2.1643E+01  3.5361E-01
1.0821E-02  2.0522E+01  2.0168E+01  3.5361E-01
1.0823E-02  1.8269E+01  1.7916E+01  3.5362E-01
1.0824E-02  1.8229E+01  1.7876E+01  3.5362E-01
1.0825E-02  1.8218E+01  1.7864E+01  3.5362E-01
1.0826E-02  1.8224E+01  1.7870E+01  3.5362E-01
1.0828E-02  1.8189E+01  1.7836E+01  3.5362E-01
1.0829E-02  1.9058E+01  1.8705E+01  3.5362E-01
1.0830E-02  1.8202E+01  1.7849E+01  3.5362E-01
1.0831E-02  1.8168E+01  1.7814E+01  3.5362E-01
1.0833E-02  1.8154E+01  1.7801E+01  3.5362E-01
1.0834E-02  1.8146E+01  1.7793E+01  3.5362E-01
1.0835E-02  1.8141E+01  1.7787E+01  3.5362E-01
1.0836E-02  1.8137E+01  1.7783E+01  3.5362E-01
1.0837E-02  1.8132E+01  1.7779E+01  3.5362E-01
1.0839E-02  1.8128E+01  1.7775E+01  3.5362E-01
1.0840E-02  1.8124E+01  1.7771E+01  3.5362E-01
1.0841E-02  1.8121E+01  1.7767E+01  3.5362E-01
1.0842E-02  1.8117E+01  1.7763E+01  3.5362E-01
1.0844E-02  1.8113E+01  1.7759E+01  3.5362E-01
1.0845E-02  1.8109E+01  1.7756E+01  3.5363E-01
1.0846E-02  1.8106E+01  1.7752E+01  3.5363E-01
1.0847E-02  1.8102E+01  1.7749E+01  3.5363E-01
1.0849E-02  1.8099E+01  1.7745E+01  3.5363E-01
1.0850E-02  1.8095E+01  1.7742E+01  3.5363E-01
1.0851E-02  1.8092E+01  1.7738E+01  3.5363E-01
1.0852E-02  1.8088E+01  1.7735E+01  3.5363E-01
1.0854E-02  1.8085E+01  1.7731E+01  3.5363E-01
1.0855E-02  1.8082E+01  1.7728E+01  3.5363E-01
1.0856E-02  1.8078E+01  1.7725E+01  3.5363E-01
1.0858E-02  1.8075E+01  1.7722E+01  3.5363E-01
1.0859E-02  1.8072E+01  1.7718E+01  3.5363E-01
1.0860E-02  1.8069E+01  1.7715E+01  3.5363E-01
1.0861E-02  1.8066E+01  1.7712E+01  3.5363E-01
1.0863E-02  1.8063E+01  1.7709E+01  3.5363E-01
1.0864E-02  1.8060E+01  1.7706E+01  3.5363E-01
1.0865E-02  1.8057E+01  1.7703E+01  3.5363E-01
1.0866E-02  1.8054E+01  1.7700E+01  3.5363E-01
1.0868E-02  1.8051E+01  1.7698E+01  3.5364E-01
1.0869E-02  1.8048E+01  1.7695E+01  3.5364E-01
1.0870E-02  1.8046E+01  1.7692E+01  3.5364E-01
1.0871E-02  1.8043E+01  1.7690E+01  3.5364E-01
1.0873E-02  1.8041E+01  1.7687E+01  3.5364E-01
1.0874E-02  1.8038E+01  1.7685E+01  3.5364E-01
1.0875E-02  1.8037E+01  1.7683E+01  3.5364E-01
1.0876E-02  1.8037E+01  1.7683E+01  3.5364E-01
1.0878E-02  1.8064E+01  1.7711E+01  3.5364E-01
1.0879E-02  1.8044E+01  1.7690E+01  3.5364E-01
1.0880E-02  1.8032E+01  1.7679E+01  3.5364E-01
1.0881E-02  1.8027E+01  1.7673E+01  3.5364E-01
1.0882E-02  1.8027E+01  1.7673E+01  3.5364E-01
1.0884E-02  1.8026E+01  1.7672E+01  3.5364E-01
1.0885E-02  1.8023E+01  1.7670E+01  3.5364E-01
1.0886E-02  1.8023E+01  1.7670E+01  3.5364E-01
1.0887E-02  1.8024E+01  1.7671E+01  3.5364E-01
1.0889E-02  1.8027E+01  1.7673E+01  3.5365E-01
1.0890E-02  1.8033E+01  1.7680E+01  3.5365E-01
1.0891E-02  1.8064E+01  1.7710E+01  3.5365E-01
1.0893E-02  1.8180E+01  1.7826E+01  3.5365E-01
1.0894E-02  1.8185E+01  1.7831E+01  3.5365E-01
1.0895E-02  1.8078E+01  1.7725E+01  3.5365E-01
1.0896E-02  1.8094E+01  1.7740E+01  3.5365E-01
1.0898E-02  1.8220E+01  1.7866E+01  3.5365E-01
1.0899E-02  1.8624E+01  1.8270E+01  3.5365E-01
1.0900E-02  1.8238E+01  1.7884E+01  3.5365E-01
1.0901E-02  1.8363E+01  1.8009E+01  3.5365E-01
1.0903E-02  1.9100E+01  1.8747E+01  3.5365E-01
1.0904E-02  2.9896E+01  2.9542E+01  3.5365E-01
1.0905E-02  1.9264E+01  1.8910E+01  3.5365E-01
1.0906E-02  1.8926E+01  1.8573E+01  3.5365E-01
1.0908E-02  2.4797E+01  2.4443E+01  3.5365E-01
1.0909E-02  2.1053E+01  2.0699E+01  3.5365E-01
1.0910E-02  2.6670E+01  2.6317E+01  3.5365E-01
1.0911E-02  2.0930E+01  2.0577E+01  3.5366E-01
1.0913E-02  1.8870E+01  1.8516E+01  3.5366E-01
1.0914E-02  1.8841E+01  1.8487E+01  3.5366E-01
1.0915E-02  2.0936E+01  2.0582E+01  3.5366E-01
1.0916E-02  2.2135E+01  2.1781E+01  3.5366E-01
1.0918E-02  1.8954E+01  1.8600E+01  3.5366E-01
1.0919E-02  1.9073E+01  1.8719E+01  3.5366E-01
1.0920E-02  2.1537E+01  2.1183E+01  3.5366E-01
1.0921E-02  2.1449E+01  2.1096E+01  3.5366E-01
1.0922E-02  2.0842E+01  2.0489E+01  3.5366E-01
1.0924E-02  4.6226E+01  4.5872E+01  3.5366E-01
1.0925E-02  6.0972E+01  6.0619E+01  3.5366E-01
1.0926E-02  2.1176E+01  2.0822E+01  3.5366E-01
1.0927E-02  1.8922E+01  1.8568E+01  3.5366E-01
1.0929E-02  1.8439E+01  1.8086E+01  3.5366E-01
1.0930E-02  1.8309E+01  1.7955E+01  3.5366E-01
1.0931E-02  1.8129E+01  1.7775E+01  3.5366E-01
1.0932E-02  1.8076E+01  1.7722E+01  3.5366E-01
1.0934E-02  1.8039E+01  1.7685E+01  3.5367E-01
1.0935E-02  1.8014E+01  1.7660E+01  3.5367E-01
1.0936E-02  1.7997E+01  1.7643E+01  3.5367E-01
1.0938E-02  1.7989E+01  1.7635E+01  3.5367E-01
1.0939E-02  1.7973E+01  1.7620E+01  3.5367E-01
1.0940E-02  1.7965E+01  1.7612E+01  3.5367E-01
1.0941E-02  1.7965E+01  1.7611E+01  3.5367E-01
1.0943E-02  1.7954E+01  1.7600E+01  3.5367E-01
1.0944E-02  1.7949E+01  1.7595E+01  3.5367E-01
1.0945E-02  1.7946E+01  1.7592E+01  3.5367E-01
1.0946E-02  1.7942E+01  1.7588E+01  3.5367E-01
1.0948E-02  1.7939E+01  1.7585E+01  3.5367E-01
1.0949E-02  1.7936E+01  1.7582E+01  3.5367E-01
1.0950E-02  1.7944E+01  1.7591E+01  3.5367E-01
1.0951E-02  1.7932E+01  1.7578E+01  3.5367E-01
1.0953E-02  1.7930E+01  1.7576E+01  3.5367E-01
1.0954E-02  1.7928E+01  1.7575E+01  3.5367E-01
1.0955E-02  1.7927E+01  1.7573E+01  3.5367E-01
1.0956E-02  1.7926E+01  1.7572E+01  3.5368E-01
1.0958E-02  1.7924E+01  1.7571E+01  3.5368E-01
1.0959E-02  1.7923E+01  1.7570E+01  3.5368E-01
1.0960E-02  1.7922E+01  1.7569E+01  3.5368E-01
1.0961E-02  1.7922E+01  1.7568E+01  3.5368E-01
1.0963E-02  1.7921E+01  1.7567E+01  3.5368E-01
1.0964E-02  1.7920E+01  1.7567E+01  3.5368E-01
1.0965E-02  1.7920E+01  1.7566E+01  3.5368E-01
1.0966E-02  1.7921E+01  1.7567E+01  3.5368E-01
1.0967E-02  1.7924E+01  1.7570E+01  3.5368E-01
1.0969E-02  1.7928E+01  1.7574E+01  3.5368E-01
1.0970E-02  1.7931E+01  1.7578E+01  3.5368E-01
1.0971E-02  1.7939E+01  1.7586E+01  3.5368E-01
1.0972E-02  1.7939E+01  1.7585E+01  3.5368E-01
1.0974E-02  1.7943E+01  1.7589E+01  3.5368E-01
1.0975E-02  1.7961E+01  1.7608E+01  3.5368E-01
1.0976E-02  1.7955E+01  1.7601E+01  3.5368E-01
1.0977E-02  1.7962E+01  1.7608E+01  3.5369E-01
1.0979E-02  1.7969E+01  1.7615E+01  3.5369E-01
1.0980E-02  1.7976E+01  1.7622E+01  3.5369E-01
1.0981E-02  1.7983E+01  1.7629E+01  3.5369E-01
1.0983E-02  1.7991E+01  1.7637E+01  3.5369E-01
1.0984E-02  1.7998E+01  1.7645E+01  3.5369E-01
1.0985E-02  1.8006E+01  1.7652E+01  3.5369E-01
1.0986E-02  1.8014E+01  1.7661E+01  3.5369E-01
1.0988E-02  1.8023E+01  1.7669E+01  3.5369E-01
1.0989E-02  1.8032E+01  1.7678E+01  3.5369E-01
1.0990E-02  1.8041E+01  1.7688E+01  3.5369E-01
1.0991E-02  1.8051E+01  1.7698E+01  3.5369E-01
1.0993E-02  1.8062E+01  1.7709E+01  3.5369E-01
1.0994E-02  1.8075E+01  1.7721E+01  3.5369E-01
1.0995E-02  1.8089E+01  1.7735E+01  3.5369E-01
1.0996E-02  1.8106E+01  1.7753E+01  3.5369E-01
1.0998E-02  1.8130E+01  1.7776E+01  3.5369E-01
1.0999E-02  1.8170E+01  1.7816E+01  3.5370E-01
1.1000E-02  1.8285E+01  1.7932E+01  3.5370E-01
1.1001E-02  1.8381E+01  1.8027E+01  3.5370E-01
1.1003E-02  1.8313E+01  1.7959E+01  3.5370E-01
1.1004E-02  1.8431E+01  1.8077E+01  3.5370E-01
1.1005E-02  1.8935E+01  1.8581E+01  3.5370E-01
1.1006E-02  2.0997E+01  2.0643E+01  3.5370E-01
1.1007E-02  1.9867E+01  1.9513E+01  3.5370E-01
1.1009E-02  2.0329E+01  1.9976E+01  3.5370E-01
1.1010E-02  1.9436E+01  1.9082E+01  3.5370E-01
1.1011E-02  2.1957E+01  2.1604E+01  3.5370E-01
1.1012E-02  2.1495E+01  2.1141E+01  3.5370E-01
1.1014E-02  2.4670E+01  2.4317E+01  3.5370E-01
1.1015E-02  2.0546E+01  2.0192E+01  3.5370E-01
1.1016E-02  1.9046E+01  1.8692E+01  3.5370E-01
1.1017E-02  1.8843E+01  1.8489E+01  3.5370E-01
1.1019E-02  1.9052E+01  1.8698E+01  3.5370E-01
1.1020E-02  2.0406E+01  2.0053E+01  3.5370E-01
1.1021E-02  2.1048E+01  2.0695E+01  3.5371E-01
1.1023E-02  2.0299E+01  1.9945E+01  3.5371E-01
1.1024E-02  2.1881E+01  2.1528E+01  3.5371E-01
1.1025E-02  2.4336E+01  2.3983E+01  3.5371E-01
1.1026E-02  3.7930E+01  3.7576E+01  3.5371E-01
1.1028E-02  2.1430E+01  2.1076E+01  3.5371E-01
1.1029E-02  1.9404E+01  1.9050E+01  3.5371E-01
1.1030E-02  1.8846E+01  1.8492E+01  3.5371E-01
1.1031E-02  1.8620E+01  1.8266E+01  3.5371E-01
1.1033E-02  1.8509E+01  1.8155E+01  3.5371E-01
1.1034E-02  1.8448E+01  1.8095E+01  3.5371E-01
1.1035E-02  1.8413E+01  1.8059E+01  3.5371E-01
1.1036E-02  1.8391E+01  1.8038E+01  3.5371E-01
1.1038E-02  1.8379E+01  1.8025E+01  3.5371E-01
1.1039E-02  1.8371E+01  1.8018E+01  3.5371E-01
1.1040E-02  1.8368E+01  1.8014E+01  3.5371E-01
1.1041E-02  1.8367E+01  1.8013E+01  3.5371E-01
1.1043E-02  1.8368E+01  1.8014E+01  3.5372E-01
1.1044E-02  1.8371E+01  1.8017E+01  3.5372E-01
1.1045E-02  1.8374E+01  1.8021E+01  3.5372E-01
1.1046E-02  1.8379E+01  1.8026E+01  3.5372E-01
1.1048E-02  1.8385E+01  1.8031E+01  3.5372E-01
1.1049E-02  1.8391E+01  1.8037E+01  3.5372E-01
1.1050E-02  1.8398E+01  1.8044E+01  3.5372E-01
1.1051E-02  1.8405E+01  1.8052E+01  3.5372E-01
1.1052E-02  1.8413E+01  1.8060E+01  3.5372E-01
1.1054E-02  1.8422E+01  1.8068E+01  3.5372E-01
1.1055E-02  1.8431E+01  1.8077E+01  3.5372E-01
1.1056E-02  1.8441E+01  1.8087E+01  3.5372E-01
1.1057E-02  1.8451E+01  1.8097E+01  3.5372E-01
1.1059E-02  1.8462E+01  1.8109E+01  3.5372E-01
1.1060E-02  1.8475E+01  1.8121E+01  3.5372E-01
1.1061E-02  1.8491E+01  1.8137E+01  3.5372E-01
1.1062E-02  1.8508E+01  1.8154E+01  3.5372E-01
1.1064E-02  1.8528E+01  1.8174E+01  3.5373E-01
1.1065E-02  1.8552E+01  1.8198E+01  3.5373E-01
1.1066E-02  1.8582E+01  1.8228E+01  3.5373E-01
1.1068E-02  1.8627E+01  1.8274E+01  3.5373E-01
1.1069E-02  1.8713E+01  1.8360E+01  3.5373E-01
1.1070E-02  1.8845E+01  1.8491E+01  3.5373E-01
1.1071E-02  1.8899E+01  1.8545E+01  3.5373E-01
1.1073E-02  1.9201E+01  1.8847E+01  3.5373E-01
1.1074E-02  2.0226E+01  1.9872E+01  3.5373E-01
1.1075E-02  1.9753E+01  1.9399E+01  3.5373E-01
1.1076E-02  1.9854E+01  1.9500E+01  3.5373E-01
1.1078E-02  1.9916E+01  1.9562E+01  3.5373E-01
1.1079E-02  2.1176E+01  2.0822E+01  3.5373E-01
1.1080E-02  2.2293E+01  2.1939E+01  3.5373E-01
1.1081E-02  2.1069E+01  2.0716E+01  3.5373E-01
1.1083E-02  1.9610E+01  1.9256E+01  3.5373E-01
1.1084E-02  1.9280E+01  1.8926E+01  3.5373E-01
1.1085E-02  1.9252E+01  1.8898E+01  3.5374E-01
1.1086E-02  1.9448E+01  1.9094E+01  3.5374E-01
1.1088E-02  2.0086E+01  1.9732E+01  3.5374E-01
1.1089E-02  2.1029E+01  2.0675E+01  3.5374E-01
1.1090E-02  2.1532E+01  2.1178E+01  3.5374E-01
1.1091E-02  2.3660E+01  2.3307E+01  3.5374E-01
1.1092E-02  2.7045E+01  2.6691E+01  3.5374E-01
1.1094E-02  2.1687E+01  2.1333E+01  3.5374E-01
1.1095E-02  1.9928E+01  1.9574E+01  3.5374E-01
1.1096E-02  1.9379E+01  1.9025E+01  3.5374E-01
1.1097E-02  1.9144E+01  1.8791E+01  3.5374E-01
1.1099E-02  1.9027E+01  1.8674E+01  3.5374E-01
1.1100E-02  1.8964E+01  1.8610E+01  3.5374E-01
1.1101E-02  1.8928E+01  1.8574E+01  3.5374E-01
1.1102E-02  1.8909E+01  1.8555E+01  3.5374E-01
1.1104E-02  1.8900E+01  1.8546E+01  3.5374E-01
1.1105E-02  1.8898E+01  1.8545E+01  3.5374E-01
1.1106E-02  1.8902E+01  1.8549E+01  3.5375E-01
1.1107E-02  1.8911E+01  1.8558E+01  3.5375E-01
1.1109E-02  1.8926E+01  1.8572E+01  3.5375E-01
1.1110E-02  1.8945E+01  1.8592E+01  3.5375E-01
1.1111E-02  1.8973E+01  1.8619E+01  3.5375E-01
1.1113E-02  1.9012E+01  1.8658E+01  3.5375E-01
1.1114E-02  1.9074E+01  1.8720E+01  3.5375E-01
1.1115E-02  1.9200E+01  1.8846E+01  3.5375E-01
1.1116E-02  1.9399E+01  1.9046E+01  3.5375E-01
1.1118E-02  2.0719E+01  2.0366E+01  3.5375E-01
1.1119E-02  2.1825E+01  2.1471E+01  3.5375E-01
1.1120E-02  2.0246E+01  1.9892E+01  3.5375E-01
1.1121E-02  3.0923E+01  3.0569E+01  3.5375E-01
1.1123E-02  2.1421E+01  2.1068E+01  3.5375E-01
1.1124E-02  2.7718E+01  2.7365E+01  3.5375E-01
1.1125E-02  2.3026E+01  2.2673E+01  3.5375E-01
1.1126E-02  2.1489E+01  2.1135E+01  3.5375E-01
1.1128E-02  2.1048E+01  2.0694E+01  3.5376E-01
1.1129E-02  2.0736E+01  2.0382E+01  3.5376E-01
1.1130E-02  2.7503E+01  2.7149E+01  3.5376E-01
1.1131E-02  2.1207E+01  2.0853E+01  3.5376E-01
1.1133E-02  2.0562E+01  2.0208E+01  3.5376E-01
1.1134E-02  2.2038E+01  2.1684E+01  3.5376E-01
1.1135E-02  2.1931E+01  2.1577E+01  3.5376E-01
1.1136E-02  2.3014E+01  2.2660E+01  3.5376E-01
1.1137E-02  2.3921E+01  2.3567E+01  3.5376E-01
1.1139E-02  2.1781E+01  2.1428E+01  3.5376E-01
1.1140E-02  2.0399E+01  2.0045E+01  3.5376E-01
1.1141E-02  2.0455E+01  2.0102E+01  3.5376E-01
1.1142E-02  1.9686E+01  1.9332E+01  3.5376E-01
1.1144E-02  1.9536E+01  1.9182E+01  3.5376E-01
1.1145E-02  1.9459E+01  1.9105E+01  3.5376E-01
1.1146E-02  1.9452E+01  1.9098E+01  3.5376E-01
1.1148E-02  1.9475E+01  1.9121E+01  3.5376E-01
1.1149E-02  1.9497E+01  1.9143E+01  3.5377E-01
1.1150E-02  1.9595E+01  1.9242E+01  3.5377E-01
1.1151E-02  1.9687E+01  1.9333E+01  3.5377E-01
1.1153E-02  1.9700E+01  1.9346E+01  3.5377E-01
1.1154E-02  1.9716E+01  1.9362E+01  3.5377E-01
1.1155E-02  1.9837E+01  1.9483E+01  3.5377E-01
1.1156E-02  2.0122E+01  1.9768E+01  3.5377E-01
1.1158E-02  2.0399E+01  2.0045E+01  3.5377E-01
1.1159E-02  2.0199E+01  1.9845E+01  3.5377E-01
1.1160E-02  1.9911E+01  1.9557E+01  3.5377E-01
1.1161E-02  1.9773E+01  1.9419E+01  3.5377E-01
1.1163E-02  1.9735E+01  1.9382E+01  3.5377E-01
1.1164E-02  1.9764E+01  1.9410E+01  3.5377E-01
1.1165E-02  1.9861E+01  1.9508E+01  3.5377E-01
1.1166E-02  2.0066E+01  1.9713E+01  3.5377E-01
1.1168E-02  2.0465E+01  2.0111E+01  3.5377E-01
1.1169E-02  2.1048E+01  2.0694E+01  3.5377E-01
1.1170E-02  2.1152E+01  2.0798E+01  3.5378E-01
1.1171E-02  2.0572E+01  2.0218E+01  3.5378E-01
1.1173E-02  2.0137E+01  1.9783E+01  3.5378E-01
1.1174E-02  1.9913E+01  1.9559E+01  3.5378E-01
1.1175E-02  1.9797E+01  1.9443E+01  3.5378E-01
1.1176E-02  1.9735E+01  1.9381E+01  3.5378E-01
1.1177E-02  1.9698E+01  1.9344E+01  3.5378E-01
1.1179E-02  1.9679E+01  1.9325E+01  3.5378E-01
1.1180E-02  1.9670E+01  1.9316E+01  3.5378E-01
1.1181E-02  1.9668E+01  1.9314E+01  3.5378E-01
1.1182E-02  1.9670E+01  1.9316E+01  3.5378E-01
1.1184E-02  1.9675E+01  1.9321E+01  3.5378E-01
1.1185E-02  1.9683E+01  1.9329E+01  3.5378E-01
1.1186E-02  1.9692E+01  1.9338E+01  3.5378E-01
1.1187E-02  1.9703E+01  1.9349E+01  3.5378E-01
1.1189E-02  1.9714E+01  1.9361E+01  3.5378E-01
1.1190E-02  1.9727E+01  1.9373E+01  3.5379E-01
1.1191E-02  1.9740E+01  1.9386E+01  3.5379E-01
1.1193E-02  1.9754E+01  1.9400E+01  3.5379E-01
1.1194E-02  1.9768E+01  1.9414E+01  3.5379E-01
1.1195E-02  1.9782E+01  1.9428E+01  3.5379E-01
1.1196E-02  1.9797E+01  1.9443E+01  3.5379E-01
1.1198E-02  1.9812E+01  1.9458E+01  3.5379E-01
1.1199E-02  1.9827E+01  1.9474E+01  3.5379E-01
1.1200E-02  1.9843E+01  1.9489E+01  3.5379E-01
1.1201E-02  1.9859E+01  1.9505E+01  3.5379E-01
1.1203E-02  1.9875E+01  1.9521E+01  3.5379E-01
1.1204E-02  1.9891E+01  1.9537E+01  3.5379E-01
1.1205E-02  1.9907E+01  1.9553E+01  3.5379E-01
1.1206E-02  1.9923E+01  1.9569E+01  3.5379E-01
1.1208E-02  1.9939E+01  1.9586E+01  3.5379E-01
1.1209E-02  1.9956E+01  1.9602E+01  3.5379E-01
1.1210E-02  1.9972E+01  1.9619E+01  3.5379E-01
1.1211E-02  1.9989E+01  1.9635E+01  3.5380E-01
1.1213E-02  2.0006E+01  1.9652E+01  3.5380E-01
1.1214E-02  2.0023E+01  1.9669E+01  3.5380E-01
1.1215E-02  2.0039E+01  1.9686E+01  3.5380E-01
1.1216E-02  2.0056E+01  1.9703E+01  3.5380E-01
1.1218E-02  2.0074E+01  1.9721E+01  3.5380E-01
1.1219E-02  2.0091E+01  1.9737E+01  3.5380E-01
1.1220E-02  2.0108E+01  1.9754E+01  3.5380E-01
1.1221E-02  2.0125E+01  1.9771E+01  3.5380E-01
1.1222E-02  2.0142E+01  1.9789E+01  3.5380E-01
1.1224E-02  2.0160E+01  1.9806E+01  3.5380E-01
1.1225E-02  2.0177E+01  1.9823E+01  3.5380E-01
1.1226E-02  2.0195E+01  1.9841E+01  3.5380E-01
1.1227E-02  2.0212E+01  1.9858E+01  3.5380E-01
1.1229E-02  2.0230E+01  1.9876E+01  3.5380E-01
1.1230E-02  2.0247E+01  1.9894E+01  3.5380E-01
1.1231E-02  2.0265E+01  1.9911E+01  3.5381E-01
1.1232E-02  2.0283E+01  1.9929E+01  3.5381E-01
1.1234E-02  2.0301E+01  1.9947E+01  3.5381E-01
1.1235E-02  2.0318E+01  1.9965E+01  3.5381E-01
1.1236E-02  2.0336E+01  1.9983E+01  3.5381E-01
1.1238E-02  2.0354E+01  2.0001E+01  3.5381E-01
1.1239E-02  2.0372E+01  2.0019E+01  3.5381E-01
1.1240E-02  2.0390E+01  2.0037E+01  3.5381E-01
1.1241E-02  2.0409E+01  2.0055E+01  3.5381E-01
1.1243E-02  2.0427E+01  2.0073E+01  3.5381E-01
1.1244E-02  2.0445E+01  2.0091E+01  3.5381E-01
1.1245E-02  2.0464E+01  2.0110E+01  3.5381E-01
1.1246E-02  2.0483E+01  2.0129E+01  3.5381E-01
1.1248E-02  2.0501E+01  2.0147E+01  3.5381E-01
1.1249E-02  2.0519E+01  2.0166E+01  3.5381E-01
1.1250E-02  2.0538E+01  2.0184E+01  3.5381E-01
1.1251E-02  2.0558E+01  2.0204E+01  3.5381E-01
1.1253E-02  2.0579E+01  2.0225E+01  3.5382E-01
1.1254E-02  2.0601E+01  2.0247E+01  3.5382E-01
1.1255E-02  2.0622E+01  2.0268E+01  3.5382E-01
1.1256E-02  2.0644E+01  2.0291E+01  3.5382E-01
1.1258E-02  2.0667E+01  2.0313E+01  3.5382E-01
1.1259E-02  2.0691E+01  2.0337E+01  3.5382E-01
1.1260E-02  2.0719E+01  2.0365E+01  3.5382E-01
1.1261E-02  2.0769E+01  2.0415E+01  3.5382E-01
1.1262E-02  2.3795E+01  2.3441E+01  3.5382E-01
1.1264E-02  2.0831E+01  2.0477E+01  3.5382E-01
1.1265E-02  2.0830E+01  2.0476E+01  3.5382E-01
1.1266E-02  2.0895E+01  2.0541E+01  3.5382E-01
1.1267E-02  2.2088E+01  2.1734E+01  3.5382E-01
1.1269E-02  2.1137E+01  2.0784E+01  3.5382E-01
1.1270E-02  2.0936E+01  2.0582E+01  3.5382E-01
1.1271E-02  2.0935E+01  2.0581E+01  3.5382E-01
1.1273E-02  2.0952E+01  2.0598E+01  3.5383E-01
1.1274E-02  2.0976E+01  2.0622E+01  3.5383E-01
1.1275E-02  2.1003E+01  2.0649E+01  3.5383E-01
1.1276E-02  2.1033E+01  2.0679E+01  3.5383E-01
1.1277E-02  2.1067E+01  2.0713E+01  3.5383E-01
1.1279E-02  2.1106E+01  2.0752E+01  3.5383E-01
1.1280E-02  2.1153E+01  2.0799E+01  3.5383E-01
1.1281E-02  2.1213E+01  2.0859E+01  3.5383E-01
1.1283E-02  2.1300E+01  2.0947E+01  3.5383E-01
1.1284E-02  2.1451E+01  2.1097E+01  3.5383E-01
1.1285E-02  2.1792E+01  2.1438E+01  3.5383E-01
1.1286E-02  2.3127E+01  2.2773E+01  3.5383E-01
1.1288E-02  6.5071E+01  6.4718E+01  3.5383E-01
1.1289E-02  2.7033E+01  2.6679E+01  3.5383E-01
1.1290E-02  2.2536E+01  2.2182E+01  3.5383E-01
1.1291E-02  2.2285E+01  2.1931E+01  3.5383E-01
1.1293E-02  2.4977E+01  2.4623E+01  3.5384E-01
1.1294E-02  2.2372E+01  2.2019E+01  3.5384E-01
1.1295E-02  2.5347E+01  2.4993E+01  3.5384E-01
1.1296E-02  2.5229E+01  2.4876E+01  3.5384E-01
1.1298E-02  3.1898E+01  3.1544E+01  3.5384E-01
1.1299E-02  1.3683E+02  1.3648E+02  3.5384E-01
1.1300E-02  4.7459E+01  4.7106E+01  3.5384E-01
1.1301E-02  3.5566E+01  3.5212E+01  3.5384E-01
1.1303E-02  2.6983E+01  2.6629E+01  3.5384E-01
1.1304E-02  1.5145E+02  1.5109E+02  3.5384E-01
1.1305E-02  3.8324E+01  3.7970E+01  3.5384E-01
1.1306E-02  3.6004E+01  3.5651E+01  3.5384E-01
1.1307E-02  4.8439E+01  4.8086E+01  3.5384E-01
1.1309E-02  2.4493E+01  2.4139E+01  3.5384E-01
1.1310E-02  2.3344E+01  2.2990E+01  3.5384E-01
1.1311E-02  2.5520E+01  2.5167E+01  3.5384E-01
1.1312E-02  5.3194E+01  5.2840E+01  3.5385E-01
1.1314E-02  4.5765E+01  4.5412E+01  3.5385E-01
1.1315E-02  2.4752E+01  2.4398E+01  3.5385E-01
1.1316E-02  2.3181E+01  2.2827E+01  3.5385E-01
1.1318E-02  2.2776E+01  2.2422E+01  3.5385E-01
1.1319E-02  2.2968E+01  2.2614E+01  3.5385E-01
1.1320E-02  2.3994E+01  2.3640E+01  3.5385E-01
1.1321E-02  3.0562E+01  3.0208E+01  3.5385E-01
1.1322E-02  1.0392E+03  1.0388E+03  3.5385E-01
1.1324E-02  3.4682E+01  3.4328E+01  3.5385E-01
1.1325E-02  3.2311E+01  3.1958E+01  3.5385E-01
1.1326E-02  3.1970E+02  3.1935E+02  3.5385E-01
1.1328E-02  2.5399E+01  2.5045E+01  3.5385E-01
1.1329E-02  2.3182E+01  2.2828E+01  3.5385E-01
1.1330E-02  2.3243E+01  2.2890E+01  3.5385E-01
1.1331E-02  3.2677E+01  3.2323E+01  3.5385E-01
1.1333E-02  2.5945E+01  2.5591E+01  3.5386E-01
1.1334E-02  3.2449E+01  3.2095E+01  3.5386E-01
1.1335E-02  3.0691E+01  3.0337E+01  3.5386E-01
1.1336E-02  2.3276E+01  2.2923E+01  3.5386E-01
1.1338E-02  2.2736E+01  2.2382E+01  3.5386E-01
1.1339E-02  2.2794E+01  2.2440E+01  3.5386E-01
1.1340E-02  2.4339E+01  2.3985E+01  3.5386E-01
1.1341E-02  8.0733E+01  8.0379E+01  3.5386E-01
1.1343E-02  2.3627E+01  2.3274E+01  3.5386E-01
1.1344E-02  2.2581E+01  2.2228E+01  3.5386E-01
1.1345E-02  2.2459E+01  2.2105E+01  3.5386E-01
1.1346E-02  2.2423E+01  2.2070E+01  3.5386E-01
1.1347E-02  2.2417E+01  2.2063E+01  3.5386E-01
1.1349E-02  2.2423E+01  2.2069E+01  3.5386E-01
1.1350E-02  2.2436E+01  2.2082E+01  3.5386E-01
1.1351E-02  2.2453E+01  2.2099E+01  3.5386E-01
1.1352E-02  2.2472E+01  2.2118E+01  3.5387E-01
1.1354E-02  2.2493E+01  2.2139E+01  3.5387E-01
1.1355E-02  2.2515E+01  2.2161E+01  3.5387E-01
1.1356E-02  2.2538E+01  2.2184E+01  3.5387E-01
1.1357E-02  2.2562E+01  2.2208E+01  3.5387E-01
1.1359E-02  2.2587E+01  2.2234E+01  3.5387E-01
1.1360E-02  2.2613E+01  2.2259E+01  3.5387E-01
1.1361E-02  2.2639E+01  2.2285E+01  3.5387E-01
1.1363E-02  2.2666E+01  2.2312E+01  3.5387E-01
1.1364E-02  2.3440E+01  2.3086E+01  3.5387E-01
1.1365E-02  2.2720E+01  2.2366E+01  3.5387E-01
1.1366E-02  2.2747E+01  2.2393E+01  3.5387E-01
1.1367E-02  2.2774E+01  2.2421E+01  3.5387E-01
1.1369E-02  2.2803E+01  2.2449E+01  3.5387E-01
1.1370E-02  2.2831E+01  2.2477E+01  3.5387E-01
1.1371E-02  2.2860E+01  2.2506E+01  3.5387E-01
1.1373E-02  2.2889E+01  2.2535E+01  3.5388E-01
1.1374E-02  2.2918E+01  2.2564E+01  3.5388E-01
1.1375E-02  2.2947E+01  2.2593E+01  3.5388E-01
1.1376E-02  2.2977E+01  2.2623E+01  3.5388E-01
1.1378E-02  2.3006E+01  2.2653E+01  3.5388E-01
1.1379E-02  2.3036E+01  2.2682E+01  3.5388E-01
1.1380E-02  2.3067E+01  2.2713E+01  3.5388E-01
1.1381E-02  2.3097E+01  2.2743E+01  3.5388E-01
1.1383E-02  2.3128E+01  2.2774E+01  3.5388E-01
1.1384E-02  2.3159E+01  2.2805E+01  3.5388E-01
1.1385E-02  2.3191E+01  2.2837E+01  3.5388E-01
1.1386E-02  2.3223E+01  2.2869E+01  3.5388E-01
1.1388E-02  2.3257E+01  2.2903E+01  3.5388E-01
1.1389E-02  2.3292E+01  2.2938E+01  3.5388E-01
1.1390E-02  2.3330E+01  2.2976E+01  3.5388E-01
1.1391E-02  2.3372E+01  2.3018E+01  3.5388E-01
1.1392E-02  2.3425E+01  2.3071E+01  3.5389E-01
1.1394E-02  2.3509E+01  2.3155E+01  3.5389E-01
1.1395E-02  2.3746E+01  2.3392E+01  3.5389E-01
1.1396E-02  2.4693E+01  2.4339E+01  3.5389E-01
1.1398E-02  2.3873E+01  2.3519E+01  3.5389E-01
1.1399E-02  2.4094E+01  2.3740E+01  3.5389E-01
1.1400E-02  2.5755E+01  2.5401E+01  3.5389E-01
1.1401E-02  2.4727E+01  2.4374E+01  3.5389E-01
1.1402E-02  2.5986E+01  2.5632E+01  3.5389E-01
1.1404E-02  2.5121E+01  2.4767E+01  3.5389E-01
1.1405E-02  2.5889E+01  2.5535E+01  3.5389E-01
1.1406E-02  2.5087E+01  2.4734E+01  3.5389E-01
1.1408E-02  2.4600E+01  2.4246E+01  3.5389E-01
1.1409E-02  2.4780E+01  2.4426E+01  3.5389E-01
1.1410E-02  2.4377E+01  2.4023E+01  3.5389E-01
1.1411E-02  2.4043E+01  2.3689E+01  3.5389E-01
1.1412E-02  2.4175E+01  2.3821E+01  3.5390E-01
1.1414E-02  2.4013E+01  2.3659E+01  3.5390E-01
1.1415E-02  2.4004E+01  2.3650E+01  3.5390E-01
1.1416E-02  2.4011E+01  2.3657E+01  3.5390E-01
1.1418E-02  2.4034E+01  2.3680E+01  3.5390E-01
1.1419E-02  2.4063E+01  2.3709E+01  3.5390E-01
1.1420E-02  2.4094E+01  2.3740E+01  3.5390E-01
1.1421E-02  2.4126E+01  2.3772E+01  3.5390E-01
1.1423E-02  2.4160E+01  2.3806E+01  3.5390E-01
1.1424E-02  2.4194E+01  2.3840E+01  3.5390E-01
1.1425E-02  2.4229E+01  2.3875E+01  3.5390E-01
1.1426E-02  2.4286E+01  2.3932E+01  3.5390E-01
1.1428E-02  2.4299E+01  2.3945E+01  3.5390E-01
1.1429E-02  2.4335E+01  2.3982E+01  3.5390E-01
1.1430E-02  2.4372E+01  2.4018E+01  3.5390E-01
1.1431E-02  2.4409E+01  2.4055E+01  3.5391E-01
1.1432E-02  2.4447E+01  2.4093E+01  3.5391E-01
1.1434E-02  2.4486E+01  2.4133E+01  3.5391E-01
1.1435E-02  2.4538E+01  2.4184E+01  3.5391E-01
1.1436E-02  2.4573E+01  2.4219E+01  3.5391E-01
1.1437E-02  2.4625E+01  2.4271E+01  3.5391E-01
1.1439E-02  2.4700E+01  2.4346E+01  3.5391E-01
1.1440E-02  2.4868E+01  2.4514E+01  3.5391E-01
1.1441E-02  2.6257E+01  2.5903E+01  3.5391E-01
1.1443E-02  2.8561E+01  2.8207E+01  3.5391E-01
1.1444E-02  2.5050E+01  2.4697E+01  3.5391E-01
1.1445E-02  2.4909E+01  2.4555E+01  3.5391E-01
1.1446E-02  2.4905E+01  2.4551E+01  3.5391E-01
1.1447E-02  2.4930E+01  2.4576E+01  3.5391E-01
1.1449E-02  2.4973E+01  2.4619E+01  3.5391E-01
1.1450E-02  2.5552E+01  2.5198E+01  3.5391E-01
1.1451E-02  2.5071E+01  2.4717E+01  3.5392E-01
1.1453E-02  2.5150E+01  2.4796E+01  3.5392E-01
1.1454E-02  2.5284E+01  2.4930E+01  3.5392E-01
1.1455E-02  2.5654E+01  2.5300E+01  3.5392E-01
1.1456E-02  3.5718E+01  3.5364E+01  3.5392E-01
1.1458E-02  3.6880E+01  3.6526E+01  3.5392E-01
1.1459E-02  2.8274E+01  2.7921E+01  3.5392E-01
1.1460E-02  2.5853E+01  2.5499E+01  3.5392E-01
1.1461E-02  2.5670E+01  2.5316E+01  3.5392E-01
1.1463E-02  2.6019E+01  2.5665E+01  3.5392E-01
1.1464E-02  2.6004E+01  2.5650E+01  3.5392E-01
1.1465E-02  2.5865E+01  2.5511E+01  3.5392E-01
1.1466E-02  2.6089E+01  2.5735E+01  3.5392E-01
1.1468E-02  2.6711E+01  2.6357E+01  3.5392E-01
1.1469E-02  2.6755E+01  2.6402E+01  3.5392E-01
1.1470E-02  2.7923E+01  2.7569E+01  3.5393E-01
1.1471E-02  7.5875E+02  7.5840E+02  3.5393E-01
1.1473E-02  4.2465E+01  4.2111E+01  3.5393E-01
1.1474E-02  2.6832E+01  2.6479E+01  3.5393E-01
1.1475E-02  2.6428E+01  2.6074E+01  3.5393E-01
1.1476E-02  2.6466E+01  2.6112E+01  3.5393E-01
1.1477E-02  2.6207E+01  2.5853E+01  3.5393E-01
1.1479E-02  2.6180E+01  2.5827E+01  3.5393E-01
1.1480E-02  2.6125E+01  2.5771E+01  3.5393E-01
1.1481E-02  2.6111E+01  2.5757E+01  3.5393E-01
1.1482E-02  2.6134E+01  2.5780E+01  3.5393E-01
1.1484E-02  2.6170E+01  2.5816E+01  3.5393E-01
1.1485E-02  2.6207E+01  2.5853E+01  3.5393E-01
1.1486E-02  2.6256E+01  2.5902E+01  3.5393E-01
1.1488E-02  2.6319E+01  2.5965E+01  3.5393E-01
1.1489E-02  2.6934E+01  2.6580E+01  3.5393E-01
1.1490E-02  2.6799E+01  2.6445E+01  3.5394E-01
1.1491E-02  2.7820E+02  2.7784E+02  3.5394E-01
1.1492E-02  2.7277E+01  2.6923E+01  3.5394E-01
1.1494E-02  2.7554E+01  2.7200E+01  3.5394E-01
1.1495E-02  2.7566E+01  2.7212E+01  3.5394E-01
1.1496E-02  2.6809E+01  2.6455E+01  3.5394E-01
1.1498E-02  2.6676E+01  2.6322E+01  3.5394E-01
1.1499E-02  2.6716E+01  2.6362E+01  3.5394E-01
1.1500E-02  2.6765E+01  2.6411E+01  3.5394E-01
1.1501E-02  2.6822E+01  2.6468E+01  3.5394E-01
1.1503E-02  2.6904E+01  2.6550E+01  3.5394E-01
1.1504E-02  2.6960E+01  2.6606E+01  3.5394E-01
1.1505E-02  2.6988E+01  2.6634E+01  3.5394E-01
1.1506E-02  2.7058E+01  2.6704E+01  3.5394E-01
1.1508E-02  2.7155E+01  2.6801E+01  3.5394E-01
1.1509E-02  2.7358E+01  2.7004E+01  3.5395E-01
1.1510E-02  2.7552E+01  2.7198E+01  3.5395E-01
1.1511E-02  2.8639E+01  2.8285E+01  3.5395E-01
1.1513E-02  3.1601E+01  3.1247E+01  3.5395E-01
1.1514E-02  7.1138E+01  7.0784E+01  3.5395E-01
1.1515E-02  7.9477E+01  7.9123E+01  3.5395E-01
1.1516E-02  2.9030E+01  2.8676E+01  3.5395E-01
1.1517E-02  2.8383E+01  2.8029E+01  3.5395E-01
1.1519E-02  2.8058E+01  2.7704E+01  3.5395E-01
1.1520E-02  2.7994E+01  2.7640E+01  3.5395E-01
1.1521E-02  2.7975E+01  2.7621E+01  3.5395E-01
1.1523E-02  2.7906E+01  2.7552E+01  3.5395E-01
1.1524E-02  2.7861E+01  2.7508E+01  3.5395E-01
1.1525E-02  2.7843E+01  2.7489E+01  3.5395E-01
1.1526E-02  2.7843E+01  2.7489E+01  3.5395E-01
1.1527E-02  2.7868E+01  2.7514E+01  3.5396E-01
1.1529E-02  2.7903E+01  2.7549E+01  3.5396E-01
1.1530E-02  2.7977E+01  2.7623E+01  3.5396E-01
1.1531E-02  2.8000E+01  2.7646E+01  3.5396E-01
1.1533E-02  2.8040E+01  2.7686E+01  3.5396E-01
1.1534E-02  2.8567E+01  2.8213E+01  3.5396E-01
1.1535E-02  2.8437E+01  2.8084E+01  3.5396E-01
1.1536E-02  2.8209E+01  2.7855E+01  3.5396E-01
1.1537E-02  2.8303E+01  2.7949E+01  3.5396E-01
1.1539E-02  2.8349E+01  2.7995E+01  3.5396E-01
1.1540E-02  2.8429E+01  2.8075E+01  3.5396E-01
1.1541E-02  2.8526E+01  2.8172E+01  3.5396E-01
1.1543E-02  2.8622E+01  2.8268E+01  3.5396E-01
1.1544E-02  2.8700E+01  2.8346E+01  3.5396E-01
1.1545E-02  2.8805E+01  2.8451E+01  3.5396E-01
1.1546E-02  2.8933E+01  2.8579E+01  3.5396E-01
1.1548E-02  2.9034E+01  2.8680E+01  3.5397E-01
1.1549E-02  2.9160E+01  2.8806E+01  3.5397E-01
1.1550E-02  2.9281E+01  2.8927E+01  3.5397E-01
1.1551E-02  2.9273E+01  2.8919E+01  3.5397E-01
1.1553E-02  2.9246E+01  2.8892E+01  3.5397E-01
1.1554E-02  2.9254E+01  2.8900E+01  3.5397E-01
1.1555E-02  2.9252E+01  2.8898E+01  3.5397E-01
1.1556E-02  2.9273E+01  2.8919E+01  3.5397E-01
1.1558E-02  2.9285E+01  2.8931E+01  3.5397E-01
1.1559E-02  2.9316E+01  2.8962E+01  3.5397E-01
1.1560E-02  2.9373E+01  2.9019E+01  3.5397E-01
1.1561E-02  2.9408E+01  2.9054E+01  3.5397E-01
1.1562E-02  2.9461E+01  2.9107E+01  3.5397E-01
1.1564E-02  2.9517E+01  2.9163E+01  3.5397E-01
1.1565E-02  2.9574E+01  2.9220E+01  3.5397E-01
1.1566E-02  2.9632E+01  2.9278E+01  3.5398E-01
1.1568E-02  2.9691E+01  2.9337E+01  3.5398E-01
1.1569E-02  2.9751E+01  2.9397E+01  3.5398E-01
1.1570E-02  2.9812E+01  2.9458E+01  3.5398E-01
1.1571E-02  2.9878E+01  2.9524E+01  3.5398E-01
1.1572E-02  2.9935E+01  2.9581E+01  3.5398E-01
1.1574E-02  2.9998E+01  2.9644E+01  3.5398E-01
1.1575E-02  3.0060E+01  2.9706E+01  3.5398E-01
1.1576E-02  3.0123E+01  2.9769E+01  3.5398E-01
1.1578E-02  3.0185E+01  2.9831E+01  3.5398E-01
1.1579E-02  3.0355E+01  3.0001E+01  3.5398E-01
1.1580E-02  3.0352E+01  2.9998E+01  3.5398E-01
1.1581E-02  3.0404E+01  3.0050E+01  3.5398E-01
1.1582E-02  3.0439E+01  3.0085E+01  3.5398E-01
1.1584E-02  3.0519E+01  3.0165E+01  3.5398E-01
1.1585E-02  3.0603E+01  3.0249E+01  3.5399E-01
1.1586E-02  3.0688E+01  3.0334E+01  3.5399E-01
1.1588E-02  3.0772E+01  3.0418E+01  3.5399E-01
1.1589E-02  3.0857E+01  3.0503E+01  3.5399E-01
1.1590E-02  3.0943E+01  3.0589E+01  3.5399E-01
1.1591E-02  3.1029E+01  3.0675E+01  3.5399E-01
1.1593E-02  3.1116E+01  3.0762E+01  3.5399E-01
1.1594E-02  3.1203E+01  3.0849E+01  3.5399E-01
1.1595E-02  3.1291E+01  3.0937E+01  3.5399E-01
1.1596E-02  3.1381E+01  3.1027E+01  3.5399E-01
1.1598E-02  3.1473E+01  3.1119E+01  3.5399E-01
1.1599E-02  3.1569E+01  3.1215E+01  3.5399E-01
1.1600E-02  3.1684E+01  3.1330E+01  3.5399E-01
1.1601E-02  3.1829E+01  3.1475E+01  3.5399E-01
1.1602E-02  3.3170E+01  3.2816E+01  3.5399E-01
1.1604E-02  3.2168E+01  3.1814E+01  3.5400E-01
1.1605E-02  3.2114E+01  3.1760E+01  3.5400E-01
1.1606E-02  3.2274E+01  3.1920E+01  3.5400E-01
1.1607E-02  3.3254E+01  3.2900E+01  3.5400E-01
1.1609E-02  3.3368E+01  3.3014E+01  3.5400E-01
1.1610E-02  3.2605E+01  3.2251E+01  3.5400E-01
1.1611E-02  3.2664E+01  3.2310E+01  3.5400E-01
1.1613E-02  3.2823E+01  3.2469E+01  3.5400E-01
1.1614E-02  3.3091E+01  3.2737E+01  3.5400E-01
1.1615E-02  3.3679E+01  3.3325E+01  3.5400E-01
1.1616E-02  3.6352E+01  3.5998E+01  3.5400E-01
1.1617E-02  1.0257E+02  1.0221E+02  3.5400E-01
1.1619E-02  3.6100E+01  3.5746E+01  3.5400E-01
1.1620E-02  3.4555E+01  3.4201E+01  3.5400E-01
1.1621E-02  3.9652E+01  3.9298E+01  3.5400E-01
1.1623E-02  6.5668E+01  6.5314E+01  3.5401E-01
1.1624E-02  3.7007E+01  3.6653E+01  3.5401E-01
1.1625E-02  3.7588E+01  3.7234E+01  3.5401E-01
1.1626E-02  4.9386E+01  4.9032E+01  3.5401E-01
1.1627E-02  4.5763E+01  4.5409E+01  3.5401E-01
1.1629E-02  8.5973E+01  8.5619E+01  3.5401E-01
1.1630E-02  9.0155E+01  8.9801E+01  3.5401E-01
1.1631E-02  4.1026E+01  4.0672E+01  3.5401E-01
1.1633E-02  3.6946E+01  3.6592E+01  3.5401E-01
1.1634E-02  3.6045E+01  3.5691E+01  3.5401E-01
1.1635E-02  3.5946E+01  3.5592E+01  3.5401E-01
1.1636E-02  3.6422E+01  3.6068E+01  3.5401E-01
1.1638E-02  3.9318E+01  3.8964E+01  3.5401E-01
1.1639E-02  4.4634E+01  4.4280E+01  3.5401E-01
1.1640E-02  3.8695E+02  3.8660E+02  3.5402E-01
1.1641E-02  3.1351E+02  3.1315E+02  3.5402E-01
1.1643E-02  1.3288E+02  1.3253E+02  3.5402E-01
1.1644E-02  8.4962E+01  8.4608E+01  3.5402E-01
1.1645E-02  8.2720E+01  8.2366E+01  3.5402E-01
1.1646E-02  4.4940E+01  4.4586E+01  3.5402E-01
1.1648E-02  3.9937E+01  3.9583E+01  3.5402E-01
1.1649E-02  4.1260E+01  4.0906E+01  3.5402E-01
1.1650E-02  5.0092E+01  4.9738E+01  3.5402E-01
1.1651E-02  2.6115E+02  2.6080E+02  3.5402E-01
1.1652E-02  9.9457E+01  9.9103E+01  3.5402E-01
1.1654E-02  4.6002E+01  4.5648E+01  3.5402E-01
1.1655E-02  4.0552E+01  4.0198E+01  3.5402E-01
1.1656E-02  3.9237E+01  3.8883E+01  3.5402E-01
1.1658E-02  3.9086E+01  3.8732E+01  3.5402E-01
1.1659E-02  3.9650E+01  3.9295E+01  3.5403E-01
1.1660E-02  4.1227E+01  4.0873E+01  3.5403E-01
1.1661E-02  4.5594E+01  4.5240E+01  3.5403E-01
1.1662E-02  6.5668E+01  6.5314E+01  3.5403E-01
1.1664E-02  6.3399E+04  6.3399E+04  3.5403E-01
1.1665E-02  9.1809E+01  9.1455E+01  3.5403E-01
1.1666E-02  5.1853E+01  5.1499E+01  3.5403E-01
1.1668E-02  4.8949E+01  4.8595E+01  3.5403E-01
1.1669E-02  5.6577E+01  5.6223E+01  3.5403E-01
1.1670E-02  1.1597E+02  1.1561E+02  3.5403E-01
1.1671E-02  2.6168E+03  2.6165E+03  3.5403E-01
1.1672E-02  1.9398E+02  1.9362E+02  3.5403E-01
1.1674E-02  6.2248E+01  6.1894E+01  3.5403E-01
1.1675E-02  7.0069E+01  6.9715E+01  3.5403E-01
1.1676E-02  7.0165E+02  7.0129E+02  3.5403E-01
1.1678E-02  4.8236E+01  4.7882E+01  3.5404E-01
1.1679E-02  4.3243E+01  4.2889E+01  3.5404E-01
1.1680E-02  4.0574E+01  4.0220E+01  3.5404E-01
1.1681E-02  3.9901E+01  3.9547E+01  3.5404E-01
1.1683E-02  3.9555E+01  3.9201E+01  3.5404E-01
1.1684E-02  3.9392E+01  3.9038E+01  3.5404E-01
1.1685E-02  3.9326E+01  3.8972E+01  3.5404E-01
1.1686E-02  3.9337E+01  3.8983E+01  3.5404E-01
1.1687E-02  3.9353E+01  3.8999E+01  3.5404E-01
1.1689E-02  3.9411E+01  3.9057E+01  3.5404E-01
1.1690E-02  3.9489E+01  3.9135E+01  3.5404E-01
1.1691E-02  3.9581E+01  3.9227E+01  3.5404E-01
1.1693E-02  3.9685E+01  3.9331E+01  3.5404E-01
1.1694E-02  3.9797E+01  3.9443E+01  3.5404E-01
1.1695E-02  3.9917E+01  3.9563E+01  3.5405E-01
1.1696E-02  4.0039E+01  3.9685E+01  3.5405E-01
1.1697E-02  4.0168E+01  3.9814E+01  3.5405E-01
1.1699E-02  4.0338E+01  3.9984E+01  3.5405E-01
1.1700E-02  4.0507E+01  4.0153E+01  3.5405E-01
1.1701E-02  4.0572E+01  4.0218E+01  3.5405E-01
1.1703E-02  4.0712E+01  4.0358E+01  3.5405E-01
1.1704E-02  4.0854E+01  4.0500E+01  3.5405E-01
1.1705E-02  4.0998E+01  4.0644E+01  3.5405E-01
1.1706E-02  4.1251E+01  4.0897E+01  3.5405E-01
1.1707E-02  4.1290E+01  4.0936E+01  3.5405E-01
1.1709E-02  4.1437E+01  4.1083E+01  3.5405E-01
1.1710E-02  4.1586E+01  4.1231E+01  3.5405E-01
1.1711E-02  4.1735E+01  4.1381E+01  3.5405E-01
1.1713E-02  4.1886E+01  4.1531E+01  3.5405E-01
1.1714E-02  4.2037E+01  4.1683E+01  3.5406E-01
1.1715E-02  4.2189E+01  4.1835E+01  3.5406E-01
1.1716E-02  4.2341E+01  4.1987E+01  3.5406E-01
1.1717E-02  4.2494E+01  4.2140E+01  3.5406E-01
1.1719E-02  4.2648E+01  4.2294E+01  3.5406E-01
1.1720E-02  4.2802E+01  4.2448E+01  3.5406E-01
1.1721E-02  4.3585E+01  4.3231E+01  3.5406E-01
1.1723E-02  4.3156E+01  4.2802E+01  3.5406E-01
1.1724E-02  4.3355E+01  4.3001E+01  3.5406E-01
1.1725E-02  4.3827E+01  4.3473E+01  3.5406E-01
1.1726E-02  4.4042E+01  4.3688E+01  3.5406E-01
1.1728E-02  4.3958E+01  4.3604E+01  3.5406E-01
1.1729E-02  4.4159E+01  4.3805E+01  3.5406E-01
1.1730E-02  4.4362E+01  4.4008E+01  3.5406E-01
1.1731E-02  4.4564E+01  4.4210E+01  3.5407E-01
1.1732E-02  4.4767E+01  4.4413E+01  3.5407E-01
1.1734E-02  4.4971E+01  4.4617E+01  3.5407E-01
1.1735E-02  4.5175E+01  4.4821E+01  3.5407E-01
1.1736E-02  4.5380E+01  4.5026E+01  3.5407E-01
1.1738E-02  4.5588E+01  4.5234E+01  3.5407E-01
1.1739E-02  4.5809E+01  4.5455E+01  3.5407E-01
1.1740E-02  4.6021E+01  4.5667E+01  3.5407E-01
1.1741E-02  4.6237E+01  4.5883E+01  3.5407E-01
1.1742E-02  4.6423E+01  4.6069E+01  3.5407E-01
1.1744E-02  4.6624E+01  4.6270E+01  3.5407E-01
1.1745E-02  4.6841E+01  4.6486E+01  3.5407E-01
1.1746E-02  4.7064E+01  4.6710E+01  3.5407E-01
1.1748E-02  4.7245E+01  4.6891E+01  3.5407E-01
1.1749E-02  4.7444E+01  4.7090E+01  3.5407E-01
1.1750E-02  4.7652E+01  4.7297E+01  3.5408E-01
1.1751E-02  4.7859E+01  4.7505E+01  3.5408E-01
1.1752E-02  4.8068E+01  4.7714E+01  3.5408E-01
1.1754E-02  4.8278E+01  4.7924E+01  3.5408E-01
1.1755E-02  4.8488E+01  4.8134E+01  3.5408E-01
1.1756E-02  4.8699E+01  4.8345E+01  3.5408E-01
1.1758E-02  4.8911E+01  4.8557E+01  3.5408E-01
1.1759E-02  4.9161E+01  4.8807E+01  3.5408E-01
1.1760E-02  4.9462E+01  4.9108E+01  3.5408E-01
1.1761E-02  4.9764E+01  4.9410E+01  3.5408E-01
1.1763E-02  5.0067E+01  4.9713E+01  3.5408E-01
1.1764E-02  5.0370E+01  5.0016E+01  3.5408E-01
1.1765E-02  5.0675E+01  5.0321E+01  3.5408E-01
1.1766E-02  5.0980E+01  5.0626E+01  3.5408E-01
1.1768E-02  5.1287E+01  5.0933E+01  3.5409E-01
1.1769E-02  5.1596E+01  5.1242E+01  3.5409E-01
1.1770E-02  5.1904E+01  5.1550E+01  3.5409E-01
1.1771E-02  5.2214E+01  5.1860E+01  3.5409E-01
1.1773E-02  5.2527E+01  5.2173E+01  3.5409E-01
1.1774E-02  5.2842E+01  5.2488E+01  3.5409E-01
1.1775E-02  5.3159E+01  5.2805E+01  3.5409E-01
1.1776E-02  5.3480E+01  5.3126E+01  3.5409E-01
1.1777E-02  5.3806E+01  5.3452E+01  3.5409E-01
1.1779E-02  5.4139E+01  5.3785E+01  3.5409E-01
1.1780E-02  5.4486E+01  5.4132E+01  3.5409E-01
1.1781E-02  5.4871E+01  5.4517E+01  3.5409E-01
1.1783E-02  5.5464E+01  5.5110E+01  3.5409E-01
1.1784E-02  5.7273E+01  5.6919E+01  3.5409E-01
1.1785E-02  5.6110E+01  5.5756E+01  3.5410E-01
1.1786E-02  5.6393E+01  5.6039E+01  3.5410E-01
1.1787E-02  5.7031E+01  5.6677E+01  3.5410E-01
1.1789E-02  6.0531E+01  6.0177E+01  3.5410E-01
1.1790E-02  5.8258E+01  5.7903E+01  3.5410E-01
1.1791E-02  5.8978E+01  5.8624E+01  3.5410E-01
1.1793E-02  6.2586E+01  6.2232E+01  3.5410E-01
1.1794E-02  8.2932E+01  8.2578E+01  3.5410E-01
1.1795E-02  6.9723E+01  6.9369E+01  3.5410E-01
1.1796E-02  6.2706E+01  6.2352E+01  3.5410E-01
1.1797E-02  6.3819E+01  6.3465E+01  3.5410E-01
1.1799E-02  7.2100E+01  7.1746E+01  3.5410E-01
1.1800E-02  9.3347E+01  9.2992E+01  3.5410E-01
1.1801E-02  1.1592E+02  1.1557E+02  3.5410E-01
1.1803E-02  7.1087E+01  7.0733E+01  3.5411E-01
1.1804E-02  8.7691E+01  8.7337E+01  3.5411E-01
1.1805E-02  1.0684E+02  1.0649E+02  3.5411E-01
1.1806E-02  1.1041E+02  1.1005E+02  3.5411E-01
1.1808E-02  7.1535E+01  7.1181E+01  3.5411E-01
1.1809E-02  7.0006E+01  6.9652E+01  3.5411E-01
1.1810E-02  7.5879E+01  7.5525E+01  3.5411E-01
1.1811E-02  1.4404E+02  1.4368E+02  3.5411E-01
1.1813E-02  2.1281E+02  2.1245E+02  3.5411E-01
1.1814E-02  2.1890E+02  2.1855E+02  3.5411E-01
1.1815E-02  1.1074E+02  1.1039E+02  3.5411E-01
1.1816E-02  2.0039E+02  2.0004E+02  3.5411E-01
1.1818E-02  1.1767E+02  1.1731E+02  3.5411E-01
1.1819E-02  7.6982E+01  7.6628E+01  3.5411E-01
1.1820E-02  7.3565E+01  7.3211E+01  3.5411E-01
1.1821E-02  7.4187E+01  7.3833E+01  3.5412E-01
1.1822E-02  7.8312E+01  7.7957E+01  3.5412E-01
1.1824E-02  9.4916E+01  9.4562E+01  3.5412E-01
1.1825E-02  3.9010E+02  3.8974E+02  3.5412E-01
1.1826E-02  2.2358E+02  2.2322E+02  3.5412E-01
1.1828E-02  9.2845E+01  9.2491E+01  3.5412E-01
1.1829E-02  8.2785E+01  8.2431E+01  3.5412E-01
1.1830E-02  8.4407E+01  8.4053E+01  3.5412E-01
1.1831E-02  1.0710E+02  1.0674E+02  3.5412E-01
1.1832E-02  3.7311E+04  3.7311E+04  3.5412E-01
1.1834E-02  1.1261E+02  1.1226E+02  3.5412E-01
1.1835E-02  8.6114E+01  8.5760E+01  3.5412E-01
1.1836E-02  8.2767E+01  8.2413E+01  3.5412E-01
1.1838E-02  8.3340E+01  8.2986E+01  3.5412E-01
1.1839E-02  8.6389E+01  8.6035E+01  3.5413E-01
1.1840E-02  9.4145E+01  9.3791E+01  3.5413E-01
1.1841E-02  1.2139E+02  1.2104E+02  3.5413E-01
1.1842E-02  5.1780E+02  5.1744E+02  3.5413E-01
1.1844E-02  3.9956E+02  3.9921E+02  3.5413E-01
1.1845E-02  1.3191E+02  1.3156E+02  3.5413E-01
1.1846E-02  1.3192E+02  1.3157E+02  3.5413E-01
1.1848E-02  2.5682E+02  2.5646E+02  3.5413E-01
1.1849E-02  2.1982E+06  2.1982E+06  3.5413E-01
1.1850E-02  2.1825E+02  2.1790E+02  3.5413E-01
1.1851E-02  1.2028E+02  1.1993E+02  3.5413E-01
1.1853E-02  1.0206E+02  1.0171E+02  3.5413E-01
1.1854E-02  9.6556E+01  9.6202E+01  3.5413E-01
1.1855E-02  9.5354E+01  9.5000E+01  3.5414E-01
1.1856E-02  9.7012E+01  9.6658E+01  3.5414E-01
1.1857E-02  1.0330E+02  1.0295E+02  3.5414E-01
1.1859E-02  1.2733E+02  1.2698E+02  3.5414E-01
1.1860E-02  4.4441E+02  4.4406E+02  3.5414E-01
1.1861E-02  4.7669E+02  4.7633E+02  3.5414E-01
1.1863E-02  1.3219E+02  1.3183E+02  3.5414E-01
1.1864E-02  1.1341E+02  1.1306E+02  3.5414E-01
1.1865E-02  1.4719E+02  1.4684E+02  3.5414E-01
1.1866E-02  1.0710E+04  1.0710E+04  3.5414E-01
1.1867E-02  1.1375E+02  1.1340E+02  3.5414E-01
1.1869E-02  1.0107E+02  1.0072E+02  3.5414E-01
1.1870E-02  9.8427E+01  9.8073E+01  3.5414E-01
1.1871E-02  9.7738E+01  9.7384E+01  3.5414E-01
1.1873E-02  9.7721E+01  9.7367E+01  3.5415E-01
1.1874E-02  9.8149E+01  9.7794E+01  3.5415E-01
1.1875E-02  9.8999E+01  9.8644E+01  3.5415E-01
1.1876E-02  9.9948E+01  9.9594E+01  3.5415E-01
1.1877E-02  1.0096E+02  1.0061E+02  3.5415E-01
1.1879E-02  1.0202E+02  1.0167E+02  3.5415E-01
1.1880E-02  1.0311E+02  1.0276E+02  3.5415E-01
1.1881E-02  1.0423E+02  1.0388E+02  3.5415E-01
1.1883E-02  1.0537E+02  1.0502E+02  3.5415E-01
1.1884E-02  1.0654E+02  1.0618E+02  3.5415E-01
1.1885E-02  1.0772E+02  1.0736E+02  3.5415E-01
1.1886E-02  1.0892E+02  1.0857E+02  3.5415E-01
1.1887E-02  1.1016E+02  1.0980E+02  3.5415E-01
1.1889E-02  1.1145E+02  1.1109E+02  3.5415E-01
1.1890E-02  1.1293E+02  1.1258E+02  3.5416E-01
1.1891E-02  1.1510E+02  1.1474E+02  3.5416E-01
1.1893E-02  1.1590E+02  1.1554E+02  3.5416E-01
1.1894E-02  1.1760E+02  1.1724E+02  3.5416E-01
1.1895E-02  1.1995E+02  1.1960E+02  3.5416E-01
1.1896E-02  1.2509E+02  1.2474E+02  3.5416E-01
1.1898E-02  1.3486E+02  1.3451E+02  3.5416E-01
1.1899E-02  1.3412E+02  1.3377E+02  3.5416E-01
1.1900E-02  1.3145E+02  1.3110E+02  3.5416E-01
1.1901E-02  1.3428E+02  1.3393E+02  3.5416E-01
1.1902E-02  1.5427E+02  1.5392E+02  3.5416E-01
1.1904E-02  1.5937E+02  1.5902E+02  3.5416E-01
1.1905E-02  1.3910E+02  1.3875E+02  3.5416E-01
1.1906E-02  1.3578E+02  1.3543E+02  3.5416E-01
1.1908E-02  1.3648E+02  1.3613E+02  3.5417E-01
1.1909E-02  1.3858E+02  1.3823E+02  3.5417E-01
1.1910E-02  1.4352E+02  1.4317E+02  3.5417E-01
1.1911E-02  1.5643E+02  1.5608E+02  3.5417E-01
1.1912E-02  1.4887E+02  1.4852E+02  3.5417E-01
1.1914E-02  1.5758E+02  1.5722E+02  3.5417E-01
1.1915E-02  2.2854E+02  2.2818E+02  3.5417E-01
1.1916E-02  1.8365E+02  1.8329E+02  3.5417E-01
1.1918E-02  1.5865E+02  1.5830E+02  3.5417E-01
1.1919E-02  1.5445E+02  1.5410E+02  3.5417E-01
1.1920E-02  1.5498E+02  1.5463E+02  3.5417E-01
1.1921E-02  1.5660E+02  1.5624E+02  3.5417E-01
1.1922E-02  1.5860E+02  1.5825E+02  3.5417E-01
1.1924E-02  1.6078E+02  1.6042E+02  3.5417E-01
1.1925E-02  1.6305E+02  1.6270E+02  3.5418E-01
1.1926E-02  1.6538E+02  1.6503E+02  3.5418E-01
1.1928E-02  1.6774E+02  1.6739E+02  3.5418E-01
1.1929E-02  1.7030E+02  1.6995E+02  3.5418E-01
1.1930E-02  1.7357E+02  1.7322E+02  3.5418E-01
1.1931E-02  1.7686E+02  1.7651E+02  3.5418E-01
1.1932E-02  1.8017E+02  1.7981E+02  3.5418E-01
1.1934E-02  1.8349E+02  1.8313E+02  3.5418E-01
1.1935E-02  1.8684E+02  1.8648E+02  3.5418E-01
1.1936E-02  1.9025E+02  1.8989E+02  3.5418E-01
1.1938E-02  1.9388E+02  1.9353E+02  3.5418E-01
1.1939E-02  2.0000E+02  1.9965E+02  3.5418E-01
1.1940E-02  2.5812E+02  2.5777E+02  3.5418E-01
1.1941E-02  2.0422E+02  2.0386E+02  3.5419E-01
1.1943E-02  2.0701E+02  2.0666E+02  3.5419E-01
1.1944E-02  2.1026E+02  2.0990E+02  3.5419E-01
1.1945E-02  2.1367E+02  2.1332E+02  3.5419E-01
1.1946E-02  2.1778E+02  2.1743E+02  3.5419E-01
1.1947E-02  2.2699E+03  2.2695E+03  3.5419E-01
1.1949E-02  2.2401E+02  2.2365E+02  3.5419E-01
1.1950E-02  2.2875E+02  2.2839E+02  3.5419E-01
1.1951E-02  2.3381E+02  2.3345E+02  3.5419E-01
1.1953E-02  2.3893E+02  2.3858E+02  3.5419E-01
1.1954E-02  2.4409E+02  2.4373E+02  3.5419E-01
1.1955E-02  2.4927E+02  2.4891E+02  3.5419E-01
1.1956E-02  2.5449E+02  2.5413E+02  3.5419E-01
1.1957E-02  2.5977E+02  2.5942E+02  3.5419E-01
1.1959E-02  2.6521E+02  2.6486E+02  3.5420E-01
1.1960E-02  2.7285E+02  2.7249E+02  3.5420E-01
1.1961E-02  2.8016E+02  2.7980E+02  3.5420E-01
1.1963E-02  2.8811E+02  2.8775E+02  3.5420E-01
1.1964E-02  2.9918E+02  2.9883E+02  3.5420E-01
1.1965E-02  3.0672E+02  3.0637E+02  3.5420E-01
1.1966E-02  3.1296E+02  3.1261E+02  3.5420E-01
1.1967E-02  3.2147E+02  3.2111E+02  3.5420E-01
1.1969E-02  3.3546E+02  3.3511E+02  3.5420E-01
1.1970E-02  3.5024E+02  3.4989E+02  3.5420E-01
1.1971E-02  3.4342E+02  3.4306E+02  3.5420E-01
1.1973E-02  3.4600E+02  3.4564E+02  3.5420E-01
1.1974E-02  3.5185E+02  3.5149E+02  3.5420E-01
1.1975E-02  3.5877E+02  3.5842E+02  3.5421E-01
1.1976E-02  3.6693E+02  3.6658E+02  3.5421E-01
1.1977E-02  3.8037E+02  3.8002E+02  3.5421E-01
1.1979E-02  3.9695E+02  3.9659E+02  3.5421E-01
1.1980E-02  4.1129E+02  4.1094E+02  3.5421E-01
1.1981E-02  4.4260E+02  4.4225E+02  3.5421E-01
1.1983E-02  4.4559E+02  4.4523E+02  3.5421E-01
1.1984E-02  4.4388E+02  4.4352E+02  3.5421E-01
1.1985E-02  4.5187E+02  4.5152E+02  3.5421E-01
1.1986E-02  4.6417E+02  4.6382E+02  3.5421E-01
1.1988E-02  4.7764E+02  4.7728E+02  3.5421E-01
1.1989E-02  4.9155E+02  4.9120E+02  3.5421E-01
1.1990E-02  5.0569E+02  5.0533E+02  3.5421E-01
1.1991E-02  5.1994E+02  5.1959E+02  3.5421E-01
1.1992E-02  5.3427E+02  5.3392E+02  3.5422E-01
1.1994E-02  5.4865E+02  5.4830E+02  3.5422E-01
1.1995E-02  5.6308E+02  5.6273E+02  3.5422E-01
1.1996E-02  5.7754E+02  5.7719E+02  3.5422E-01
1.1998E-02  5.9203E+02  5.9168E+02  3.5422E-01
1.1999E-02  6.1041E+02  6.1005E+02  3.5422E-01
1.2000E-02  6.3482E+02  6.3447E+02  3.5422E-01
1.2005E-02  7.4094E+02  7.4059E+02  3.5422E-01
1.2010E-02  8.6737E+02  8.6702E+02  3.5423E-01
1.2015E-02  9.9611E+02  9.9576E+02  3.5423E-01
1.2020E-02  1.1474E+03  1.1470E+03  3.5423E-01
1.2025E-02  1.3771E+03  1.3767E+03  3.5424E-01
1.2030E-02  1.5966E+03  1.5963E+03  3.5424E-01
1.2035E-02  1.9872E+03  1.9868E+03  3.5424E-01
1.2040E-02  2.4706E+03  2.4702E+03  3.5424E-01
1.2045E-02  3.1461E+03  3.1457E+03  3.5425E-01
1.2050E-02  4.1254E+03  4.1251E+03  3.5425E-01
1.2055E-02  5.5915E+03  5.5911E+03  3.5425E-01
1.2060E-02  7.5633E+03  7.5629E+03  3.5426E-01
1.2065E-02  1.1286E+04  1.1285E+04  3.5426E-01
1.2070E-02  1.7829E+04  1.7828E+04  3.5426E-01
1.2075E-02  3.0861E+04  3.0860E+04  3.5427E-01
1.2080E-02  6.5033E+04  6.5032E+04  3.5427E-01
1.2085E-02  1.8084E+05  1.8084E+05  3.5427E-01
1.2090E-02  1.1645E+06  1.1645E+06  3.5427E-01
1.2095E-02  2.7105E+08  2.7105E+08  3.5428E-01
1.2100E-02  6.1156E+05  6.1156E+05  3.5428E-01
1.2105E-02  1.3255E+05  1.3255E+05  3.5428E-01
1.2110E-02  5.2475E+04  5.2475E+04  3.5429E-01
1.2115E-02  2.7043E+04  2.7043E+04  3.5429E-01
1.2120E-02  1.6082E+04  1.6082E+04  3.5429E-01
1.2125E-02  1.0411E+04  1.0410E+04  3.5430E-01
1.2130E-02  7.0736E+03  7.0732E+03  3.5430E-01
1.2135E-02  5.1691E+03  5.1688E+03  3.5430E-01
1.2140E-02  3.9272E+03  3.9269E+03  3.5430E-01
1.2145E-02  2.9515E+03  2.9511E+03  3.5431E-01
1.2150E-02  2.3903E+03  2.3899E+03  3.5431E-01
1.2155E-02  1.9039E+03  1.9036E+03  3.5431E-01
1.2160E-02  1.5718E+03  1.5715E+03  3.5432E-01
1.2165E-02  1.3458E+03  1.3454E+03  3.5432E-01
1.2170E-02  1.1326E+03  1.1322E+03  3.5432E-01
1.2175E-02  9.8644E+02  9.8608E+02  3.5433E-01
1.2180E-02  8.6156E+02  8.6120E+02  3.5433E-01
1.2185E-02  7.3672E+02  7.3636E+02  3.5433E-01
1.2190E-02  6.3633E+02  6.3598E+02  3.5434E-01
1.2195E-02  5.7582E+02  5.7546E+02  3.5434E-01
1.2200E-02  5.1892E+02  5.1856E+02  3.5434E-01
1.2205E-02  4.6211E+02  4.6175E+02  3.5434E-01
1.2210E-02  4.1775E+02  4.1739E+02  3.5435E-01
1.2215E-02  3.8675E+02  3.8639E+02  3.5435E-01
1.2220E-02  3.5123E+02  3.5088E+02  3.5435E-01
1.2225E-02  3.2246E+02  3.2211E+02  3.5436E-01
1.2230E-02  3.0132E+02  3.0097E+02  3.5436E-01
1.2235E-02  2.7508E+02  2.7472E+02  3.5436E-01
1.2240E-02  2.5462E+02  2.5426E+02  3.5437E-01
1.2245E-02  2.3836E+02  2.3800E+02  3.5437E-01
1.2250E-02  2.2479E+02  2.2443E+02  3.5437E-01
1.2255E-02  2.1137E+02  2.1102E+02  3.5438E-01
1.2260E-02  2.3193E+02  2.3157E+02  3.5438E-01
1.2265E-02  1.8817E+02  1.8781E+02  3.5438E-01
1.2270E-02  1.7848E+02  1.7812E+02  3.5439E-01
1.2275E-02  1.6977E+02  1.6942E+02  3.5439E-01
1.2280E-02  1.6377E+02  1.6342E+02  3.5439E-01
1.2285E-02  1.5781E+02  1.5745E+02  3.5440E-01
1.2290E-02  1.5191E+02  1.5156E+02  3.5440E-01
1.2295E-02  1.4606E+02  1.4570E+02  3.5440E-01
1.2300E-02  1.4102E+02  1.4067E+02  3.5440E-01
1.2305E-02  1.3670E+02  1.3634E+02  3.5441E-01
1.2310E-02  1.3251E+02  1.3215E+02  3.5441E-01
1.2315E-02  1.3287E+02  1.3252E+02  3.5441E-01
1.2320E-02  1.2622E+02  1.2586E+02  3.5442E-01
1.2325E-02  1.2311E+02  1.2275E+02  3.5442E-01
1.2330E-02  1.2156E+02  1.2121E+02  3.5442E-01
1.2335E-02  1.1898E+02  1.1862E+02  3.5443E-01
1.2340E-02  1.1562E+02  1.1527E+02  3.5443E-01
1.2345E-02  1.1346E+02  1.1311E+02  3.5443E-01
1.2350E-02  1.1184E+02  1.1149E+02  3.5444E-01
1.2355E-02  1.1038E+02  1.1003E+02  3.5444E-01
1.2360E-02  1.0940E+02  1.0904E+02  3.5444E-01
1.2365E-02  1.0720E+02  1.0685E+02  3.5445E-01
1.2370E-02  1.0604E+02  1.0568E+02  3.5445E-01
1.2375E-02  1.0541E+02  1.0506E+02  3.5445E-01
1.2380E-02  1.0493E+02  1.0458E+02  3.5446E-01
1.2385E-02  1.0448E+02  1.0412E+02  3.5446E-01
1.2390E-02  1.0404E+02  1.0369E+02  3.5446E-01
1.2395E-02  1.0374E+02  1.0338E+02  3.5447E-01
1.2400E-02  1.0363E+02  1.0327E+02  3.5447E-01
1.2405E-02  1.0386E+02  1.0351E+02  3.5447E-01
1.2410E-02  1.0415E+02  1.0380E+02  3.5448E-01
1.2415E-02  1.0461E+02  1.0426E+02  3.5448E-01
1.2420E-02  1.0700E+02  1.0664E+02  3.5448E-01
1.2425E-02  1.0798E+02  1.0763E+02  3.5449E-01
1.2430E-02  1.3128E+02  1.3092E+02  3.5449E-01
1.2435E-02  1.0938E+02  1.0902E+02  3.5449E-01
1.2440E-02  1.0800E+02  1.0765E+02  3.5450E-01
1.2445E-02  1.0991E+02  1.0956E+02  3.5450E-01
1.2450E-02  3.2668E+02  3.2632E+02  3.5450E-01
1.2455E-02  1.1458E+02  1.1423E+02  3.5451E-01
1.2460E-02  2.0768E+02  2.0733E+02  3.5451E-01
1.2465E-02  1.1508E+02  1.1473E+02  3.5451E-01
1.2470E-02  1.1546E+02  1.1511E+02  3.5452E-01
1.2475E-02  1.1752E+02  1.1717E+02  3.5452E-01
1.2480E-02  1.2071E+02  1.2036E+02  3.5452E-01
1.2485E-02  1.4068E+02  1.4033E+02  3.5453E-01
1.2490E-02  1.3212E+02  1.3177E+02  3.5453E-01
1.2495E-02  1.3741E+02  1.3706E+02  3.5453E-01
1.2500E-02  1.2885E+02  1.2850E+02  3.5454E-01
1.2505E-02  1.3220E+02  1.3185E+02  3.5454E-01
1.2510E-02  1.5913E+02  1.5878E+02  3.5454E-01
1.2515E-02  1.4903E+02  1.4868E+02  3.5455E-01
1.2520E-02  1.4255E+02  1.4220E+02  3.5455E-01
1.2525E-02  1.4555E+02  1.4520E+02  3.5455E-01
1.2530E-02  1.4934E+02  1.4898E+02  3.5456E-01
1.2535E-02  1.5346E+02  1.5310E+02  3.5456E-01
1.2540E-02  1.5749E+02  1.5714E+02  3.5456E-01
1.2545E-02  1.6178E+02  1.6143E+02  3.5457E-01
1.2550E-02  1.6673E+02  1.6637E+02  3.5457E-01
1.2555E-02  1.7379E+02  1.7344E+02  3.5457E-01
1.2560E-02  1.8201E+02  1.8166E+02  3.5458E-01
1.2565E-02  1.9029E+02  1.8993E+02  3.5458E-01
1.2570E-02  1.9864E+02  1.9828E+02  3.5458E-01
1.2575E-02  2.0706E+02  2.0670E+02  3.5459E-01
1.2580E-02  2.1554E+02  2.1519E+02  3.5459E-01
1.2585E-02  2.2410E+02  2.2375E+02  3.5460E-01
1.2590E-02  2.3699E+02  2.3664E+02  3.5460E-01
1.2595E-02  2.5399E+02  2.5363E+02  3.5460E-01
1.2600E-02  2.7108E+02  2.7072E+02  3.5461E-01
1.2605E-02  2.8827E+02  2.8791E+02  3.5461E-01
1.2610E-02  3.0565E+02  3.0530E+02  3.5461E-01
1.2615E-02  3.2372E+02  3.2336E+02  3.5462E-01
1.2620E-02  3.4705E+02  3.4670E+02  3.5462E-01
1.2625E-02  3.8108E+02  3.8072E+02  3.5462E-01
1.2630E-02  4.1426E+02  4.1390E+02  3.5463E-01
1.2635E-02  4.4359E+02  4.4323E+02  3.5463E-01
1.2640E-02  4.7605E+02  4.7570E+02  3.5463E-01
1.2645E-02  5.2129E+02  5.2094E+02  3.5464E-01
1.2650E-02  5.8030E+02  5.7994E+02  3.5464E-01
1.2655E-02  6.3913E+02  6.3878E+02  3.5464E-01
1.2660E-02  6.9859E+02  6.9824E+02  3.5465E-01
1.2665E-02  7.8412E+02  7.8377E+02  3.5465E-01
1.2670E-02  9.0506E+02  9.0470E+02  3.5466E-01
1.2675E-02  1.0266E+03  1.0262E+03  3.5466E-01
1.2680E-02  1.1664E+03  1.1661E+03  3.5466E-01
1.2685E-02  1.4248E+03  1.4245E+03  3.5467E-01
1.2690E-02  1.6683E+03  1.6679E+03  3.5467E-01
1.2695E-02  1.9868E+03  1.9864E+03  3.5467E-01
1.2700E-02  2.4662E+03  2.4659E+03  3.5468E-01
1.2705E-02  3.0182E+03  3.0178E+03  3.5468E-01
1.2710E-02  3.9488E+03  3.9484E+03  3.5468E-01
1.2715E-02  5.2625E+03  5.2622E+03  3.5469E-01
1.2720E-02  7.2691E+03  7.2687E+03  3.5469E-01
1.2725E-02  1.0579E+04  1.0579E+04  3.5469E-01
1.2730E-02  1.6475E+04  1.6475E+04  3.5470E-01
1.2735E-02  2.7860E+04  2.7860E+04  3.5470E-01
1.2740E-02  5.4819E+04  5.4818E+04  3.5471E-01
1.2745E-02  1.3776E+05  1.3776E+05  3.5471E-01
1.2750E-02  6.3391E+05  6.3391E+05  3.5471E-01
1.2755E-02  8.2072E+07  8.2072E+07  3.5472E-01
1.2760E-02  1.3431E+06  1.3431E+06  3.5472E-01
1.2765E-02  2.0008E+05  2.0008E+05  3.5472E-01
1.2770E-02  6.9263E+04  6.9262E+04  3.5473E-01
1.2775E-02  3.3249E+04  3.3249E+04  3.5473E-01
1.2780E-02  1.9099E+04  1.9099E+04  3.5474E-01
1.2785E-02  1.2113E+04  1.2113E+04  3.5474E-01
1.2790E-02  8.2108E+03  8.2104E+03  3.5474E-01
1.2795E-02  8.4747E+03  8.4744E+03  3.5475E-01
1.2800E-02  4.4737E+03  4.4733E+03  3.5475E-01
1.2805E-02  3.5818E+03  3.5815E+03  3.5475E-01
1.2810E-02  2.7916E+03  2.7912E+03  3.5476E-01
1.2815E-02  2.3518E+03  2.3514E+03  3.5476E-01
1.2820E-02  1.9302E+03  1.9298E+03  3.5476E-01
1.2825E-02  2.4592E+03  2.4589E+03  3.5477E-01
1.2830E-02  1.4612E+03  1.4608E+03  3.5477E-01
1.2835E-02  1.6266E+03  1.6263E+03  3.5478E-01
1.2840E-02  1.1897E+03  1.1894E+03  3.5478E-01
1.2845E-02  1.0800E+03  1.0796E+03  3.5478E-01
1.2850E-02  9.8779E+02  9.8744E+02  3.5479E-01
1.2855E-02  9.4124E+02  9.4089E+02  3.5479E-01
1.2860E-02  8.9603E+02  8.9567E+02  3.5479E-01
1.2865E-02  7.5204E+03  7.5200E+03  3.5480E-01
1.2870E-02  8.1294E+02  8.1258E+02  3.5480E-01
1.2875E-02  7.9841E+02  7.9805E+02  3.5481E-01
1.2880E-02  7.8163E+02  7.8128E+02  3.5481E-01
1.2885E-02  7.6642E+02  7.6606E+02  3.5481E-01
1.2890E-02  7.5152E+02  7.5117E+02  3.5482E-01
1.2895E-02  7.4118E+02  7.4083E+02  3.5482E-01
1.2900E-02  7.4499E+02  7.4464E+02  3.5483E-01
1.2905E-02  7.5414E+02  7.5378E+02  3.5483E-01
1.2910E-02  7.6933E+02  7.6898E+02  3.5483E-01
1.2915E-02  7.8679E+02  7.8643E+02  3.5484E-01
1.2920E-02  8.0500E+02  8.0465E+02  3.5484E-01
1.2925E-02  8.2569E+02  8.2534E+02  3.5484E-01
1.2930E-02  8.5729E+02  8.5694E+02  3.5485E-01
1.2935E-02  8.9428E+02  8.9392E+02  3.5485E-01
1.2940E-02  9.3329E+02  9.3294E+02  3.5486E-01
1.2945E-02  9.6852E+02  9.6816E+02  3.5486E-01
1.2950E-02  1.0224E+03  1.0220E+03  3.5486E-01
1.2955E-02  1.0590E+03  1.0586E+03  3.5487E-01
1.2960E-02  1.3084E+03  1.3080E+03  3.5487E-01
1.2965E-02  1.2117E+03  1.2114E+03  3.5488E-01
1.2970E-02  1.2962E+03  1.2958E+03  3.5488E-01
1.2975E-02  1.6892E+03  1.6888E+03  3.5488E-01
1.2980E-02  1.5475E+03  1.5471E+03  3.5489E-01
1.2985E-02  1.6965E+03  1.6961E+03  3.5489E-01
1.2990E-02  2.1096E+03  2.1093E+03  3.5490E-01
1.2995E-02  3.8413E+03  3.8409E+03  3.5490E-01
1.3000E-02  2.4744E+03  2.4741E+03  3.5490E-01
1.3005E-02  2.8996E+03  2.8993E+03  3.5491E-01
1.3010E-02  3.5174E+03  3.5171E+03  3.5491E-01
1.3015E-02  4.3522E+03  4.3518E+03  3.5491E-01
1.3020E-02  5.5158E+03  5.5155E+03  3.5492E-01
1.3025E-02  8.3455E+03  8.3452E+03  3.5492E-01
1.3030E-02  1.0437E+04  1.0437E+04  3.5493E-01
1.3035E-02  1.5707E+04  1.5706E+04  3.5493E-01
1.3040E-02  2.5660E+04  2.5659E+04  3.5493E-01
1.3045E-02  4.7979E+04  4.7978E+04  3.5494E-01
1.3050E-02  1.1523E+05  1.1523E+05  3.5494E-01
1.3055E-02  4.3588E+05  4.3588E+05  3.5495E-01
1.3060E-02  1.0315E+07  1.0315E+07  3.5495E-01
1.3065E-02  3.1293E+06  3.1293E+06  3.5495E-01
1.3070E-02  2.9595E+05  2.9595E+05  3.5496E-01
1.3075E-02  9.0359E+04  9.0358E+04  3.5496E-01
1.3080E-02  4.1319E+04  4.1319E+04  3.5497E-01
1.3085E-02  2.3160E+04  2.3159E+04  3.5497E-01
1.3090E-02  1.4532E+04  1.4532E+04  3.5497E-01
1.3095E-02  1.0170E+04  1.0169E+04  3.5498E-01
1.3100E-02  7.6193E+03  7.6189E+03  3.5498E-01
1.3105E-02  5.9786E+03  5.9783E+03  3.5499E-01
1.3110E-02  4.9244E+03  4.9241E+03  3.5499E-01
1.3115E-02  4.2878E+03  4.2874E+03  3.5500E-01
1.3120E-02  3.7993E+03  3.7990E+03  3.5500E-01
1.3125E-02  3.5085E+03  3.5082E+03  3.5500E-01
1.3130E-02  3.3153E+03  3.3149E+03  3.5501E-01
1.3135E-02  3.2776E+03  3.2772E+03  3.5501E-01
1.3140E-02  3.1795E+03  3.1791E+03  3.5502E-01
1.3145E-02  3.2543E+03  3.2539E+03  3.5502E-01
1.3150E-02  3.2591E+03  3.2587E+03  3.5502E-01
1.3155E-02  3.4204E+03  3.4200E+03  3.5503E-01
1.3160E-02  3.6049E+03  3.6045E+03  3.5503E-01
1.3165E-02  3.9521E+03  3.9518E+03  3.5504E-01
1.3170E-02  4.2232E+03  4.2228E+03  3.5504E-01
1.3175E-02  4.8399E+03  4.8396E+03  3.5504E-01
1.3180E-02  5.5849E+03  5.5845E+03  3.5505E-01
1.3185E-02  6.6782E+03  6.6779E+03  3.5505E-01
1.3190E-02  8.4442E+03  8.4438E+03  3.5506E-01
1.3195E-02  1.0984E+04  1.0983E+04  3.5506E-01
1.3200E-02  1.5290E+04  1.5290E+04  3.5507E-01
1.3205E-02  2.3683E+04  2.3682E+04  3.5507E-01
1.3210E-02  4.1531E+04  4.1531E+04  3.5507E-01
1.3215E-02  9.2641E+04  9.2641E+04  3.5508E-01
1.3220E-02  2.9394E+05  2.9394E+05  3.5508E-01
1.3225E-02  2.6952E+06  2.6952E+06  3.5509E-01
1.3230E-02  7.6736E+06  7.6736E+06  3.5509E-01
1.3235E-02  4.6237E+05  4.6237E+05  3.5510E-01
1.3240E-02  1.2226E+05  1.2226E+05  3.5510E-01
1.3245E-02  5.2294E+04  5.2293E+04  3.5510E-01
1.3250E-02  2.8763E+04  2.8762E+04  3.5511E-01
1.3255E-02  1.9428E+04  1.9428E+04  3.5511E-01
1.3260E-02  1.4677E+04  1.4676E+04  3.5512E-01
1.3265E-02  1.2197E+04  1.2196E+04  3.5512E-01
1.3270E-02  1.0858E+04  1.0857E+04  3.5512E-01
1.3275E-02  1.0440E+04  1.0440E+04  3.5513E-01
1.3280E-02  1.0507E+04  1.0507E+04  3.5513E-01
1.3285E-02  1.1229E+04  1.1229E+04  3.5514E-01
1.3290E-02  1.2616E+04  1.2616E+04  3.5514E-01
1.3295E-02  1.4995E+04  1.4995E+04  3.5515E-01
1.3300E-02  1.9196E+04  1.9196E+04  3.5515E-01
1.3305E-02  2.7312E+04  2.7312E+04  3.5515E-01
1.3310E-02  4.4768E+04  4.4768E+04  3.5516E-01
1.3315E-02  9.0535E+04  9.0535E+04  3.5516E-01
1.3320E-02  2.7435E+05  2.7435E+05  3.5517E-01
1.3325E-02  1.9184E+06  1.9184E+06  3.5517E-01
1.3330E-02  5.8054E+06  5.8054E+06  3.5518E-01
1.3335E-02  4.9443E+05  4.9443E+05  3.5518E-01
1.3340E-02  1.3490E+05  1.3490E+05  3.5519E-01
1.3345E-02  6.2085E+04  6.2084E+04  3.5519E-01
1.3350E-02  3.9203E+04  3.9202E+04  3.5519E-01
1.3355E-02  3.0829E+04  3.0829E+04  3.5520E-01
1.3360E-02  2.8471E+04  2.8471E+04  3.5520E-01
1.3365E-02  3.0120E+04  3.0120E+04  3.5521E-01
1.3370E-02  3.6194E+04  3.6194E+04  3.5521E-01
1.3375E-02  5.1660E+04  5.1659E+04  3.5522E-01
1.3380E-02  9.5624E+04  9.5624E+04  3.5522E-01
1.3385E-02  2.5827E+05  2.5826E+05  3.5523E-01
1.3390E-02  1.4597E+06  1.4597E+06  3.5523E-01
1.3395E-02  3.5254E+06  3.5254E+06  3.5523E-01
1.3400E-02  4.7148E+05  4.7148E+05  3.5524E-01
1.3405E-02  1.4864E+05  1.4864E+05  3.5524E-01
1.3410E-02  8.1088E+04  8.1088E+04  3.5525E-01
1.3415E-02  6.6987E+04  6.6987E+04  3.5525E-01
1.3420E-02  7.3995E+04  7.3995E+04  3.5526E-01
1.3425E-02  1.1308E+05  1.1308E+05  3.5526E-01
1.3430E-02  2.7323E+05  2.7323E+05  3.5527E-01
1.3435E-02  1.2800E+06  1.2800E+06  3.5527E-01
1.3440E-02  1.9714E+06  1.9714E+06  3.5527E-01
1.3445E-02  3.9746E+05  3.9746E+05  3.5528E-01
1.3450E-02  1.6937E+05  1.6937E+05  3.5528E-01
1.3455E-02  1.4024E+05  1.4024E+05  3.5529E-01
1.3460E-02  1.9953E+05  1.9953E+05  3.5529E-01
1.3465E-02  5.3948E+05  5.3948E+05  3.5530E-01
1.3470E-02  1.5628E+06  1.5628E+06  3.5530E-01
1.3475E-02  6.2449E+05  6.2449E+05  3.5531E-01
1.3480E-02  3.4272E+05  3.4272E+05  3.5531E-01
1.3485E-02  3.5132E+05  3.5132E+05  3.5532E-01
1.3490E-02  4.1284E+05  4.1284E+05  3.5532E-01
1.3495E-02  4.8289E+05  4.8289E+05  3.5532E-01
1.3500E-02  5.4864E+05  5.4864E+05  3.5533E-01
1.3505E-02  5.9302E+05  5.9302E+05  3.5533E-01
1.3510E-02  5.9028E+05  5.9028E+05  3.5534E-01
1.3515E-02  5.8810E+05  5.8810E+05  3.5534E-01
1.3520E-02  5.8616E+05  5.8616E+05  3.5535E-01
1.3525E-02  5.8442E+05  5.8442E+05  3.5535E-01
1.3530E-02  5.8288E+05  5.8288E+05  3.5536E-01
1.3535E-02  5.8141E+05  5.8141E+05  3.5536E-01
1.3540E-02  5.8000E+05  5.8000E+05  3.5537E-01
1.3545E-02  5.7863E+05  5.7863E+05  3.5537E-01
1.3550E-02  5.7732E+05  5.7732E+05  3.5538E-01
1.3555E-02  5.7603E+05  5.7603E+05  3.5538E-01
1.3560E-02  5.7476E+05  5.7476E+05  3.5538E-01
1.3565E-02  5.7352E+05  5.7352E+05  3.5539E-01
1.3570E-02  5.7229E+05  5.7229E+05  3.5539E-01
1.3575E-02  5.7108E+05  5.7108E+05  3.5540E-01
1.3580E-02  5.6989E+05  5.6989E+05  3.5540E-01
1.3585E-02  5.6870E+05  5.6870E+05  3.5541E-01
1.3590E-02  5.6752E+05  5.6752E+05  3.5541E-01
1.3595E-02  5.6636E+05  5.6636E+05  3.5542E-01
1.3600E-02  5.6520E+05  5.6520E+05  3.5542E-01
1.3605E-02  5.6405E+05  5.6405E+05  3.5543E-01
1.3610E-02  5.6292E+05  5.6291E+05  3.5535E-01
1.3615E-02  5.6181E+05  5.6181E+05  3.5536E-01
1.3620E-02  5.6072E+05  5.6072E+05  3.5536E-01
1.3625E-02  5.5962E+05  5.5962E+05  3.5537E-01
1.3630E-02  5.5856E+05  5.5856E+05  3.5537E-01
1.3635E-02  5.5751E+05  5.5751E+05  3.5537E-01
1.3640E-02  5.5649E+05  5.5649E+05  3.5538E-01
1.3645E-02  5.5548E+05  5.5548E+05  3.5538E-01
1.3650E-02  5.5475E+05  5.5475E+05  3.5539E-01
1.3655E-02  5.5352E+05  5.5352E+05  3.5539E-01
1.3660E-02  5.5255E+05  5.5255E+05  3.5540E-01
1.3665E-02  5.5160E+05  5.5160E+05  3.5540E-01
1.3670E-02  5.5064E+05  5.5064E+05  3.5541E-01
1.3675E-02  5.4971E+05  5.4971E+05  3.5541E-01
1.3680E-02  5.4880E+05  5.4880E+05  3.5542E-01
1.3685E-02  5.4794E+05  5.4794E+05  3.5542E-01
1.3690E-02  5.4701E+05  5.4701E+05  3.5543E-01
1.3695E-02  5.4612E+05  5.4612E+05  3.5543E-01
1.3700E-02  5.4525E+05  5.4525E+05  3.5544E-01
1.3705E-02  5.4440E+05  5.4440E+05  3.5544E-01
1.3710E-02  5.4355E+05  5.4355E+05  3.5545E-01
1.3715E-02  5.4272E+05  5.4272E+05  3.5545E-01
1.3720E-02  5.4189E+05  5.4189E+05  3.5546E-01
1.3725E-02  5.4109E+05  5.4109E+05  3.5546E-01
1.3730E-02  5.4031E+05  5.4031E+05  3.5547E-01
1.3735E-02  5.3948E+05  5.3948E+05  3.5547E-01
1.3740E-02  5.3868E+05  5.3868E+05  3.5548E-01
1.3745E-02  5.3790E+05  5.3790E+05  3.5548E-01
1.3750E-02  5.3713E+05  5.3713E+05  3.5549E-01
1.3755E-02  5.3637E+05  5.3637E+05  3.5549E-01
1.3760E-02  5.3562E+05  5.3562E+05  3.5550E-01
1.3765E-02  5.3502E+05  5.3502E+05  3.5550E-01
1.3770E-02  5.3413E+05  5.3413E+05  3.5551E-01
1.3775E-02  5.3340E+05  5.3340E+05  3.5551E-01
1.3780E-02  5.3268E+05  5.3268E+05  3.5552E-01
1.3785E-02  6.0939E+05  6.0939E+05  3.5552E-01
1.3790E-02  5.3125E+05  5.3125E+05  3.5553E-01
1.3795E-02  5.3056E+05  5.3056E+05  3.5553E-01
1.3800E-02  5.2987E+05  5.2987E+05  3.5554E-01
1.3805E-02  5.2917E+05  5.2917E+05  3.5554E-01
1.3810E-02  5.2861E+05  5.2861E+05  3.5555E-01
1.3815E-02  5.2814E+05  5.2814E+05  3.5555E-01
1.3820E-02  5.2750E+05  5.2750E+05  3.5556E-01
1.3825E-02  5.2766E+05  5.2766E+05  3.5556E-01
1.3830E-02  5.2644E+05  5.2644E+05  3.5557E-01
1.3835E-02  5.2517E+05  5.2517E+05  3.5557E-01
1.3840E-02  5.2451E+05  5.2451E+05  3.5558E-01
1.3845E-02  5.2386E+05  5.2386E+05  3.5558E-01
1.3850E-02  5.2323E+05  5.2323E+05  3.5559E-01
1.3855E-02  5.2260E+05  5.2260E+05  3.5560E-01
1.3860E-02  5.2197E+05  5.2197E+05  3.5560E-01
1.3865E-02  5.2135E+05  5.2135E+05  3.5561E-01
1.3870E-02  5.2073E+05  5.2073E+05  3.5561E-01
1.3875E-02  5.2012E+05  5.2012E+05  3.5562E-01
1.3880E-02  5.1952E+05  5.1952E+05  3.5562E-01
1.3885E-02  5.1892E+05  5.1892E+05  3.5563E-01
1.3890E-02  5.1832E+05  5.1832E+05  3.5563E-01
1.3895E-02  5.1773E+05  5.1773E+05  3.5564E-01
1.3900E-02  5.1722E+05  5.1722E+05  3.5564E-01
1.3905E-02  5.1739E+05  5.1739E+05  3.5565E-01
1.3910E-02  5.1597E+05  5.1597E+05  3.5565E-01
1.3915E-02  5.1540E+05  5.1540E+05  3.5566E-01
1.3920E-02  5.1483E+05  5.1483E+05  3.5566E-01
1.3925E-02  5.1426E+05  5.1426E+05  3.5567E-01
1.3930E-02  5.1370E+05  5.1370E+05  3.5567E-01
1.3935E-02  5.1314E+05  5.1314E+05  3.5568E-01
1.3940E-02  5.1258E+05  5.1258E+05  3.5568E-01
1.3945E-02  5.1203E+05  5.1203E+05  3.5569E-01
1.3950E-02  5.1148E+05  5.1148E+05  3.5570E-01
1.3955E-02  5.1094E+05  5.1093E+05  3.5570E-01
1.3960E-02  5.1039E+05  5.1039E+05  3.5571E-01
1.3965E-02  5.0986E+05  5.0986E+05  3.5571E-01
1.3970E-02  5.0933E+05  5.0932E+05  3.5572E-01
1.3975E-02  5.0881E+05  5.0881E+05  3.5572E-01
1.3980E-02  5.0831E+05  5.0831E+05  3.5573E-01
1.3985E-02  5.0777E+05  5.0777E+05  3.5573E-01
1.3990E-02  5.0758E+05  5.0758E+05  3.5574E-01
1.3995E-02  5.0673E+05  5.0673E+05  3.5574E-01
1.4000E-02  5.0681E+05  5.0681E+05  3.5575E-01
1.4005E-02  5.0572E+05  5.0572E+05  3.5575E-01
1.4010E-02  5.0516E+05  5.0516E+05  3.5576E-01
1.4015E-02  5.0465E+05  5.0465E+05  3.5577E-01
1.4020E-02  5.0415E+05  5.0415E+05  3.5577E-01
1.4025E-02  5.0365E+05  5.0365E+05  3.5578E-01
1.4030E-02  5.0315E+05  5.0315E+05  3.5578E-01
1.4035E-02  5.0266E+05  5.0265E+05  3.5579E-01
1.4040E-02  5.0231E+05  5.0231E+05  3.5579E-01
1.4045E-02  5.0167E+05  5.0167E+05  3.5580E-01
1.4050E-02  5.0118E+05  5.0118E+05  3.5580E-01
1.4055E-02  5.0070E+05  5.0070E+05  3.5581E-01
1.4060E-02  5.0021E+05  5.0021E+05  3.5581E-01
1.4065E-02  4.9973E+05  4.9973E+05  3.5582E-01
1.4070E-02  4.9925E+05  4.9925E+05  3.5583E-01
1.4075E-02  4.9878E+05  4.9878E+05  3.5583E-01
1.4080E-02  4.9834E+05  4.9834E+05  3.5584E-01
1.4085E-02  4.9787E+05  4.9787E+05  3.5584E-01
1.4090E-02  4.9742E+05  4.9742E+05  3.5585E-01
1.4095E-02  4.9695E+05  4.9695E+05  3.5585E-01
1.4100E-02  4.9648E+05  4.9647E+05  3.5586E-01
1.4105E-02  4.9615E+05  4.9615E+05  3.5586E-01
1.4110E-02  4.9552E+05  4.9552E+05  3.5587E-01
1.4115E-02  4.9506E+05  4.9506E+05  3.5588E-01
1.4120E-02  4.9460E+05  4.9460E+05  3.5588E-01
1.4125E-02  4.9414E+05  4.9414E+05  3.5589E-01
1.4130E-02  4.9369E+05  4.9369E+05  3.5589E-01
1.4135E-02  4.9324E+05  4.9324E+05  3.5590E-01
1.4140E-02  4.9279E+05  4.9279E+05  3.5590E-01
1.4145E-02  4.9235E+05  4.9235E+05  3.5591E-01
1.4150E-02  4.9192E+05  4.9192E+05  3.5591E-01
1.4155E-02  4.9152E+05  4.9152E+05  3.5592E-01
1.4160E-02  4.9114E+05  4.9114E+05  3.5593E-01
1.4165E-02  4.9062E+05  4.9062E+05  3.5593E-01
1.4170E-02  4.9041E+05  4.9041E+05  3.5594E-01
1.4175E-02  4.8977E+05  4.8977E+05  3.5594E-01
1.4180E-02  4.8928E+05  4.8928E+05  3.5595E-01
1.4185E-02  4.8885E+05  4.8885E+05  3.5595E-01
1.4190E-02  4.8849E+05  4.8849E+05  3.5596E-01
1.4195E-02  4.8800E+05  4.8800E+05  3.5597E-01
1.4200E-02  4.8759E+05  4.8759E+05  3.5597E-01
1.4205E-02  4.8724E+05  4.8724E+05  3.5598E-01
1.4210E-02  4.8741E+05  4.8741E+05  3.5598E-01
1.4215E-02  4.8637E+05  4.8637E+05  3.5599E-01
1.4220E-02  4.8590E+05  4.8589E+05  3.5599E-01
1.4225E-02  4.8546E+05  4.8546E+05  3.5600E-01
1.4230E-02  4.8504E+05  4.8504E+05  3.5601E-01
1.4235E-02  4.8464E+05  4.8464E+05  3.5601E-01
1.4240E-02  4.8422E+05  4.8422E+05  3.5602E-01
1.4245E-02  4.8380E+05  4.8380E+05  3.5602E-01
1.4250E-02  4.8342E+05  4.8342E+05  3.5603E-01
1.4255E-02  4.8297E+05  4.8297E+05  3.5604E-01
1.4260E-02  4.8255E+05  4.8255E+05  3.5604E-01
1.4265E-02  4.8215E+05  4.8214E+05  3.5605E-01
1.4270E-02  4.8174E+05  4.8174E+05  3.5605E-01
1.4275E-02  4.8133E+05  4.8133E+05  3.5606E-01
1.4280E-02  4.8093E+05  4.8093E+05  3.5606E-01
1.4285E-02  4.8053E+05  4.8053E+05  3.5607E-01
1.4290E-02  4.8013E+05  4.8012E+05  3.5608E-01
1.4295E-02  4.7973E+05  4.7973E+05  3.5608E-01
1.4300E-02  4.7937E+05  4.7936E+05  3.5609E-01
1.4305E-02  4.7893E+05  4.7893E+05  3.5609E-01
1.4310E-02  4.7857E+05  4.7857E+05  3.5610E-01
1.4315E-02  4.7815E+05  4.7815E+05  3.5611E-01
1.4320E-02  4.7774E+05  4.7774E+05  3.5611E-01
1.4325E-02  4.7735E+05  4.7735E+05  3.5612E-01
1.4330E-02  4.7696E+05  4.7696E+05  3.5612E-01
1.4335E-02  4.7657E+05  4.7657E+05  3.5613E-01
1.4340E-02  4.7618E+05  4.7618E+05  3.5614E-01
1.4345E-02  4.7579E+05  4.7579E+05  3.5614E-01
1.4350E-02  4.7540E+05  4.7540E+05  3.5615E-01
1.4355E-02  4.7502E+05  4.7502E+05  3.5615E-01
1.4360E-02  4.7463E+05  4.7463E+05  3.5616E-01
1.4365E-02  4.7425E+05  4.7425E+05  3.5617E-01
1.4370E-02  4.7389E+05  4.7389E+05  3.5617E-01
1.4375E-02  4.7350E+05  4.7350E+05  3.5618E-01
1.4380E-02  4.7313E+05  4.7313E+05  3.5618E-01
1.4385E-02  4.7273E+05  4.7273E+05  3.5619E-01
1.4390E-02  4.7235E+05  4.7235E+05  3.5620E-01
1.4395E-02  4.7197E+05  4.7197E+05  3.5620E-01
1.4400E-02  4.7159E+05  4.7159E+05  3.5621E-01
1.4405E-02  4.7130E+05  4.7130E+05  3.5621E-01
1.4410E-02  4.7084E+05  4.7084E+05  3.5622E-01
1.4415E-02  4.7047E+05  4.7047E+05  3.5623E-01
1.4420E-02  4.7010E+05  4.7010E+05  3.5623E-01
1.4425E-02  4.6975E+05  4.6975E+05  3.5624E-01
1.4430E-02  4.6935E+05  4.6935E+05  3.5624E-01
1.4435E-02  4.6898E+05  4.6898E+05  3.5625E-01
1.4440E-02  4.6861E+05  4.6861E+05  3.5626E-01
1.4445E-02  4.6824E+05  4.6824E+05  3.5626E-01
1.4450E-02  4.6788E+05  4.6788E+05  3.5627E-01
1.4455E-02  4.6753E+05  4.6753E+05  3.5628E-01
1.4460E-02  4.6714E+05  4.6714E+05  3.5628E-01
1.4465E-02  4.6678E+05  4.6678E+05  3.5629E-01
1.4470E-02  4.6641E+05  4.6641E+05  3.5629E-01
1.4475E-02  4.6605E+05  4.6605E+05  3.5630E-01
1.4480E-02  4.6568E+05  4.6568E+05  3.5631E-01
1.4485E-02  4.6532E+05  4.6532E+05  3.5631E-01
1.4490E-02  4.6496E+05  4.6496E+05  3.5632E-01
1.4495E-02  4.6460E+05  4.6460E+05  3.5633E-01
1.4500E-02  4.6424E+05  4.6424E+05  3.5633E-01
1.4505E-02  4.6388E+05  4.6388E+05  3.5634E-01
1.4510E-02  4.6353E+05  4.6353E+05  3.5634E-01
1.4515E-02  4.6317E+05  4.6317E+05  3.5635E-01
1.4520E-02  4.6298E+05  4.6298E+05  3.5636E-01
1.4525E-02  4.6246E+05  4.6246E+05  3.5636E-01
1.4530E-02  4.6210E+05  4.6210E+05  3.5637E-01
1.4535E-02  4.6175E+05  4.6175E+05  3.5638E-01
1.4540E-02  4.8377E+05  4.8377E+05  3.5638E-01
1.4545E-02  4.6104E+05  4.6104E+05  3.5639E-01
1.4550E-02  4.6069E+05  4.6069E+05  3.5640E-01
1.4555E-02  4.6033E+05  4.6033E+05  3.5640E-01
1.4560E-02  4.5998E+05  4.5998E+05  3.5641E-01
1.4565E-02  4.5964E+05  4.5964E+05  3.5641E-01
1.4570E-02  4.5929E+05  4.5929E+05  3.5642E-01
1.4575E-02  4.5894E+05  4.5894E+05  3.5643E-01
1.4580E-02  4.5859E+05  4.5859E+05  3.5643E-01
1.4585E-02  4.5825E+05  4.5824E+05  3.5644E-01
1.4590E-02  4.5789E+05  4.5789E+05  3.5645E-01
1.4595E-02  4.5755E+05  4.5754E+05  3.5645E-01
1.4600E-02  4.5720E+05  4.5720E+05  3.5646E-01
1.4605E-02  4.5685E+05  4.5685E+05  3.5647E-01
1.4610E-02  4.5651E+05  4.5651E+05  3.5647E-01
1.4615E-02  4.5617E+05  4.5617E+05  3.5648E-01
1.4620E-02  4.5582E+05  4.5582E+05  3.5649E-01
1.4625E-02  4.5548E+05  4.5548E+05  3.5649E-01
1.4630E-02  4.5514E+05  4.5514E+05  3.5650E-01
1.4635E-02  4.5480E+05  4.5480E+05  3.5651E-01
1.4640E-02  4.5446E+05  4.5446E+05  3.5651E-01
1.4645E-02  4.5412E+05  4.5412E+05  3.5652E-01
1.4650E-02  4.5378E+05  4.5378E+05  3.5653E-01
1.4655E-02  4.5344E+05  4.5344E+05  3.5653E-01
1.4660E-02  4.5310E+05  4.5310E+05  3.5654E-01
1.4665E-02  4.5276E+05  4.5276E+05  3.5654E-01
1.4670E-02  4.5242E+05  4.5242E+05  3.5655E-01
1.4675E-02  4.5209E+05  4.5208E+05  3.5656E-01
1.4680E-02  4.5175E+05  4.5175E+05  3.5656E-01
1.4685E-02  4.5141E+05  4.5141E+05  3.5657E-01
1.4690E-02  4.5108E+05  4.5108E+05  3.5658E-01
1.4695E-02  4.5074E+05  4.5074E+05  3.5658E-01
1.4700E-02  4.5041E+05  4.5041E+05  3.5659E-01
1.4705E-02  4.5007E+05  4.5007E+05  3.5660E-01
1.4710E-02  4.4974E+05  4.4974E+05  3.5660E-01
1.4715E-02  4.4941E+05  4.4941E+05  3.5661E-01
1.4720E-02  4.4908E+05  4.4908E+05  3.5662E-01
1.4725E-02  4.4876E+05  4.4876E+05  3.5663E-01
1.4730E-02  4.4845E+05  4.4845E+05  3.5663E-01
1.4735E-02  4.5024E+05  4.5024E+05  3.5664E-01
1.4740E-02  4.4776E+05  4.4776E+05  3.5665E-01
1.4745E-02  4.4742E+05  4.4742E+05  3.5665E-01
1.4750E-02  4.4717E+05  4.4717E+05  3.5666E-01
1.4755E-02  4.4684E+05  4.4684E+05  3.5667E-01
1.4760E-02  4.4644E+05  4.4643E+05  3.5667E-01
1.4765E-02  4.4611E+05  4.4610E+05  3.5668E-01
1.4770E-02  4.4578E+05  4.4578E+05  3.5669E-01
1.4775E-02  4.4545E+05  4.4545E+05  3.5669E-01
1.4780E-02  4.4512E+05  4.4512E+05  3.5670E-01
1.4785E-02  4.4480E+05  4.4480E+05  3.5671E-01
1.4790E-02  4.4447E+05  4.4447E+05  3.5672E-01
1.4795E-02  4.4414E+05  4.4414E+05  3.5672E-01
1.4800E-02  4.4382E+05  4.4382E+05  3.5673E-01
1.4805E-02  4.4350E+05  4.4349E+05  3.5674E-01
1.4810E-02  4.4317E+05  4.4317E+05  3.5674E-01
1.4815E-02  4.4285E+05  4.4285E+05  3.5675E-01
1.4820E-02  4.4252E+05  4.4252E+05  3.5676E-01
1.4825E-02  4.4220E+05  4.4220E+05  3.5676E-01
1.4830E-02  4.4188E+05  4.4188E+05  3.5677E-01
1.4835E-02  4.4156E+05  4.4155E+05  3.5678E-01
1.4840E-02  4.4123E+05  4.4123E+05  3.5679E-01
1.4845E-02  4.4091E+05  4.4091E+05  3.5679E-01
1.4850E-02  4.4059E+05  4.4059E+05  3.5680E-01
1.4855E-02  4.4027E+05  4.4027E+05  3.5681E-01
1.4860E-02  4.3995E+05  4.3995E+05  3.5681E-01
1.4865E-02  4.3963E+05  4.3963E+05  3.5682E-01
1.4870E-02  4.3931E+05  4.3931E+05  3.5683E-01
1.4875E-02  4.3899E+05  4.3899E+05  3.5683E-01
1.4880E-02  4.3867E+05  4.3867E+05  3.5684E-01
1.4885E-02  4.3835E+05  4.3835E+05  3.5685E-01
1.4890E-02  4.3804E+05  4.3804E+05  3.5686E-01
1.4895E-02  4.3772E+05  4.3772E+05  3.5686E-01
1.4900E-02  4.3740E+05  4.3740E+05  3.5687E-01
1.4905E-02  4.3708E+05  4.3708E+05  3.5688E-01
1.4910E-02  4.3677E+05  4.3677E+05  3.5688E-01
1.4915E-02  4.3645E+05  4.3645E+05  3.5689E-01
1.4920E-02  4.3614E+05  4.3613E+05  3.5690E-01
1.4925E-02  4.3582E+05  4.3582E+05  3.5691E-01
1.4930E-02  4.3550E+05  4.3550E+05  3.5691E-01
1.4935E-02  4.3519E+05  4.3519E+05  3.5692E-01
1.4940E-02  4.3487E+05  4.3487E+05  3.5693E-01
1.4945E-02  4.3456E+05  4.3456E+05  3.5693E-01
1.4950E-02  4.3425E+05  4.3425E+05  3.5694E-01
1.4955E-02  4.3393E+05  4.3393E+05  3.5695E-01
1.4960E-02  4.3362E+05  4.3362E+05  3.5696E-01
1.4965E-02  4.3331E+05  4.3331E+05  3.5696E-01
1.4970E-02  4.3299E+05  4.3299E+05  3.5697E-01
1.4975E-02  4.3268E+05  4.3268E+05  3.5698E-01
1.4980E-02  4.3237E+05  4.3237E+05  3.5698E-01
1.4985E-02  4.3206E+05  4.3206E+05  3.5699E-01
1.4990E-02  4.3175E+05  4.3175E+05  3.5700E-01
1.4995E-02  4.3144E+05  4.3144E+05  3.5701E-01
1.5000E-02  4.3113E+05  4.3113E+05  3.5701E-01
1.5005E-02  4.3081E+05  4.3081E+05  3.5702E-01
1.5010E-02  4.3050E+05  4.3050E+05  3.5703E-01
1.5015E-02  4.3019E+05  4.3019E+05  3.5704E-01
1.5020E-02  4.2991E+05  4.2991E+05  3.5704E-01
1.5025E-02  4.2958E+05  4.2958E+05  3.5705E-01
1.5030E-02  4.2927E+05  4.2927E+05  3.5706E-01
1.5035E-02  4.2896E+05  4.2896E+05  3.5707E-01
1.5040E-02  4.2865E+05  4.2865E+05  3.5707E-01
1.5045E-02  4.2834E+05  4.2834E+05  3.5708E-01
1.5050E-02  4.2803E+05  4.2803E+05  3.5709E-01
1.5055E-02  4.2773E+05  4.2773E+05  3.5710E-01
1.5060E-02  4.2742E+05  4.2742E+05  3.5710E-01
1.5065E-02  4.2711E+05  4.2711E+05  3.5711E-01
1.5070E-02  4.2681E+05  4.2681E+05  3.5712E-01
1.5075E-02  4.2650E+05  4.2650E+05  3.5713E-01
1.5080E-02  4.2619E+05  4.2619E+05  3.5713E-01
1.5085E-02  4.2589E+05  4.2589E+05  3.5714E-01
1.5090E-02  4.2558E+05  4.2558E+05  3.5715E-01
1.5095E-02  4.2528E+05  4.2527E+05  3.5716E-01
1.5100E-02  4.2497E+05  4.2497E+05  3.5716E-01
1.5105E-02  4.2467E+05  4.2466E+05  3.5717E-01
1.5110E-02  4.2436E+05  4.2436E+05  3.5718E-01
1.5115E-02  4.2406E+05  4.2406E+05  3.5719E-01
1.5120E-02  4.2375E+05  4.2375E+05  3.5719E-01
1.5125E-02  4.2345E+05  4.2345E+05  3.5720E-01
1.5130E-02  4.2314E+05  4.2314E+05  3.5721E-01
1.5135E-02  4.2284E+05  4.2284E+05  3.5722E-01
1.5140E-02  4.2254E+05  4.2254E+05  3.5722E-01
1.5145E-02  4.2224E+05  4.2223E+05  3.5723E-01
1.5150E-02  4.2193E+05  4.2193E+05  3.5724E-01
1.5155E-02  4.2163E+05  4.2163E+05  3.5725E-01
1.5160E-02  4.2133E+05  4.2133E+05  3.5725E-01
1.5165E-02  4.2103E+05  4.2103E+05  3.5726E-01
1.5170E-02  4.2072E+05  4.2072E+05  3.5727E-01
1.5175E-02  4.2042E+05  4.2042E+05  3.5728E-01
1.5180E-02  4.2012E+05  4.2012E+05  3.5729E-01
1.5185E-02  4.1982E+05  4.1982E+05  3.5729E-01
1.5190E-02  4.1952E+05  4.1952E+05  3.5730E-01
1.5195E-02  4.1922E+05  4.1922E+05  3.5731E-01
1.5200E-02  4.1892E+05  4.1892E+05  3.5732E-01
1.5205E-02  4.1862E+05  4.1862E+05  3.5732E-01
1.5210E-02  4.1832E+05  4.1832E+05  3.5733E-01
1.5215E-02  4.1802E+05  4.1802E+05  3.5735E-01
1.5220E-02  4.1772E+05  4.1772E+05  3.5736E-01
1.5225E-02  4.1742E+05  4.1742E+05  3.5736E-01
1.5230E-02  4.1712E+05  4.1712E+05  3.5737E-01
1.5235E-02  4.1683E+05  4.1683E+05  3.5738E-01
1.5240E-02  4.1653E+05  4.1653E+05  3.5739E-01
1.5245E-02  4.1623E+05  4.1623E+05  3.5739E-01
1.5250E-02  4.1593E+05  4.1593E+05  3.5740E-01
1.5255E-02  4.1563E+05  4.1563E+05  3.5741E-01
1.5260E-02  4.1534E+05  4.1534E+05  3.5742E-01
1.5265E-02  4.1504E+05  4.1504E+05  3.5743E-01
1.5270E-02  4.1474E+05  4.1474E+05  3.5743E-01
1.5275E-02  4.1445E+05  4.1445E+05  3.5744E-01
1.5280E-02  4.1415E+05  4.1415E+05  3.5745E-01
1.5285E-02  4.1386E+05  4.1386E+05  3.5746E-01
1.5290E-02  4.1356E+05  4.1356E+05  3.5747E-01
1.5295E-02  4.1329E+05  4.1329E+05  3.5747E-01
1.5300E-02  4.1298E+05  4.1298E+05  3.5748E-01
1.5305E-02  4.1269E+05  4.1269E+05  3.5749E-01
1.5310E-02  4.1241E+05  4.1241E+05  3.5750E-01
1.5315E-02  4.1214E+05  4.1214E+05  3.5751E-01
1.5320E-02  4.1186E+05  4.1186E+05  3.5751E-01
1.5325E-02  4.1212E+05  4.1212E+05  3.5752E-01
1.5330E-02  4.1131E+05  4.1131E+05  3.5753E-01
1.5335E-02  4.1187E+05  4.1187E+05  3.5754E-01
1.5340E-02  4.1074E+05  4.1074E+05  3.5755E-01
1.5345E-02  4.1044E+05  4.1044E+05  3.5756E-01
1.5350E-02  4.1016E+05  4.1016E+05  3.5756E-01
1.5355E-02  4.0988E+05  4.0988E+05  3.5757E-01
1.5360E-02  4.0956E+05  4.0956E+05  3.5758E-01
1.5365E-02  4.0927E+05  4.0927E+05  3.5759E-01
1.5370E-02  4.0897E+05  4.0897E+05  3.5760E-01
1.5375E-02  4.0868E+05  4.0868E+05  3.5760E-01
1.5380E-02  4.0839E+05  4.0839E+05  3.5761E-01
1.5385E-02  4.0809E+05  4.0809E+05  3.5762E-01
1.5390E-02  4.0780E+05  4.0780E+05  3.5763E-01
1.5395E-02  4.0751E+05  4.0751E+05  3.5764E-01
1.5400E-02  4.0722E+05  4.0722E+05  3.5765E-01
1.5405E-02  4.0698E+05  4.0698E+05  3.5765E-01
1.5410E-02  4.0664E+05  4.0664E+05  3.5766E-01
1.5415E-02  4.0647E+05  4.0647E+05  3.5767E-01
1.5420E-02  4.0606E+05  4.0606E+05  3.5768E-01
1.5425E-02  4.0576E+05  4.0576E+05  3.5769E-01
1.5430E-02  4.0547E+05  4.0547E+05  3.5770E-01
1.5435E-02  4.0631E+05  4.0631E+05  3.5770E-01
1.5440E-02  4.0489E+05  4.0489E+05  3.5771E-01
1.5445E-02  4.0459E+05  4.0459E+05  3.5772E-01
1.5450E-02  4.0430E+05  4.0430E+05  3.5773E-01
1.5455E-02  4.0401E+05  4.0401E+05  3.5774E-01
1.5460E-02  4.0374E+05  4.0374E+05  3.5775E-01
1.5465E-02  4.0353E+05  4.0353E+05  3.5775E-01
1.5470E-02  4.0315E+05  4.0315E+05  3.5776E-01
1.5475E-02  4.0285E+05  4.0285E+05  3.5777E-01
1.5480E-02  4.0258E+05  4.0258E+05  3.5778E-01
1.5485E-02  4.0230E+05  4.0230E+05  3.5779E-01
1.5490E-02  4.0199E+05  4.0199E+05  3.5780E-01
1.5495E-02  4.0172E+05  4.0172E+05  3.5781E-01
1.5500E-02  4.0140E+05  4.0140E+05  3.5781E-01
1.5505E-02  4.0111E+05  4.0111E+05  3.5782E-01
1.5510E-02  4.0082E+05  4.0082E+05  3.5783E-01
1.5515E-02  4.0053E+05  4.0053E+05  3.5784E-01
1.5520E-02  4.0025E+05  4.0025E+05  3.5785E-01
1.5525E-02  3.9996E+05  3.9996E+05  3.5786E-01
1.5530E-02  3.9967E+05  3.9967E+05  3.5787E-01
1.5535E-02  3.9938E+05  3.9938E+05  3.5787E-01
1.5540E-02  3.9909E+05  3.9909E+05  3.5788E-01
1.5545E-02  3.9880E+05  3.9880E+05  3.5789E-01
1.5550E-02  3.9852E+05  3.9852E+05  3.5790E-01
1.5555E-02  3.9823E+05  3.9823E+05  3.5791E-01
1.5560E-02  3.9798E+05  3.9798E+05  3.5792E-01
1.5565E-02  3.9766E+05  3.9766E+05  3.5793E-01
1.5570E-02  3.9737E+05  3.9737E+05  3.5794E-01
1.5575E-02  3.9708E+05  3.9708E+05  3.5794E-01
1.5580E-02  3.9679E+05  3.9679E+05  3.5795E-01
1.5585E-02  3.9651E+05  3.9651E+05  3.5796E-01
1.5590E-02  3.9624E+05  3.9624E+05  3.5797E-01
1.5595E-02  3.9594E+05  3.9594E+05  3.5798E-01
1.5600E-02  3.9565E+05  3.9565E+05  3.5799E-01
1.5605E-02  3.9536E+05  3.9536E+05  3.5800E-01
1.5610E-02  3.9508E+05  3.9507E+05  3.5801E-01
1.5615E-02  3.9479E+05  3.9479E+05  3.5801E-01
1.5620E-02  3.9450E+05  3.9450E+05  3.5802E-01
1.5625E-02  3.9422E+05  3.9422E+05  3.5803E-01
1.5630E-02  3.9393E+05  3.9393E+05  3.5804E-01
1.5635E-02  3.9364E+05  3.9364E+05  3.5805E-01
1.5640E-02  3.9336E+05  3.9336E+05  3.5806E-01
1.5645E-02  3.9307E+05  3.9307E+05  3.5807E-01
1.5650E-02  3.9279E+05  3.9279E+05  3.5808E-01
1.5655E-02  3.9250E+05  3.9250E+05  3.5809E-01
1.5660E-02  3.9222E+05  3.9222E+05  3.5809E-01
1.5665E-02  3.9193E+05  3.9193E+05  3.5810E-01
1.5670E-02  3.9165E+05  3.9165E+05  3.5811E-01
1.5675E-02  3.9139E+05  3.9139E+05  3.5812E-01
1.5680E-02  3.9110E+05  3.9110E+05  3.5813E-01
1.5685E-02  3.9080E+05  3.9080E+05  3.5814E-01
1.5690E-02  3.9081E+05  3.9081E+05  3.5815E-01
1.5695E-02  3.9023E+05  3.9023E+05  3.5816E-01
1.5700E-02  3.8995E+05  3.8994E+05  3.5817E-01
1.5705E-02  3.8967E+05  3.8967E+05  3.5818E-01
1.5710E-02  3.8959E+05  3.8959E+05  3.5818E-01
1.5715E-02  3.8910E+05  3.8910E+05  3.5819E-01
1.5720E-02  3.8927E+05  3.8927E+05  3.5820E-01
1.5725E-02  3.8855E+05  3.8855E+05  3.5821E-01
1.5730E-02  3.8920E+05  3.8920E+05  3.5822E-01
1.5735E-02  3.8797E+05  3.8797E+05  3.5823E-01
1.5740E-02  3.8768E+05  3.8768E+05  3.5824E-01
1.5745E-02  3.8741E+05  3.8741E+05  3.5825E-01
1.5750E-02  3.8880E+05  3.8880E+05  3.5826E-01
1.5755E-02  3.8683E+05  3.8683E+05  3.5827E-01
1.5760E-02  3.8655E+05  3.8654E+05  3.5828E-01
1.5765E-02  3.8626E+05  3.8626E+05  3.5829E-01
1.5770E-02  3.8598E+05  3.8598E+05  3.5830E-01
1.5775E-02  3.8570E+05  3.8570E+05  3.5830E-01
1.5780E-02  3.8541E+05  3.8541E+05  3.5831E-01
1.5785E-02  3.8513E+05  3.8513E+05  3.5832E-01
1.5790E-02  3.8485E+05  3.8485E+05  3.5833E-01
1.5795E-02  3.8457E+05  3.8457E+05  3.5834E-01
1.5800E-02  3.8429E+05  3.8429E+05  3.5835E-01
1.5805E-02  3.8400E+05  3.8400E+05  3.5836E-01
1.5810E-02  3.8372E+05  3.8372E+05  3.5837E-01
1.5815E-02  3.8344E+05  3.8344E+05  3.5838E-01
1.5820E-02  3.8316E+05  3.8316E+05  3.5839E-01
1.5825E-02  3.8288E+05  3.8288E+05  3.5840E-01
1.5830E-02  3.8260E+05  3.8260E+05  3.5841E-01
1.5835E-02  3.8232E+05  3.8232E+05  3.5842E-01
1.5840E-02  3.8204E+05  3.8204E+05  3.5843E-01
1.5845E-02  3.8176E+05  3.8176E+05  3.5844E-01
1.5850E-02  3.8148E+05  3.8148E+05  3.5845E-01
1.5855E-02  3.8122E+05  3.8122E+05  3.5846E-01
1.5860E-02  3.8105E+05  3.8105E+05  3.5846E-01
1.5865E-02  3.8064E+05  3.8064E+05  3.5847E-01
1.5870E-02  3.8038E+05  3.8038E+05  3.5848E-01
1.5875E-02  3.8008E+05  3.8008E+05  3.5849E-01
1.5880E-02  3.7981E+05  3.7981E+05  3.5850E-01
1.5885E-02  3.7951E+05  3.7951E+05  3.5851E-01
1.5890E-02  3.7925E+05  3.7925E+05  3.5852E-01
1.5895E-02  3.7899E+05  3.7899E+05  3.5853E-01
1.5900E-02  3.7901E+05  3.7901E+05  3.5854E-01
1.5905E-02  3.7840E+05  3.7840E+05  3.5855E-01
1.5910E-02  3.7812E+05  3.7812E+05  3.5856E-01
1.5915E-02  3.7785E+05  3.7785E+05  3.5857E-01
1.5920E-02  3.7959E+05  3.7959E+05  3.5858E-01
1.5925E-02  3.7728E+05  3.7728E+05  3.5859E-01
1.5930E-02  3.7700E+05  3.7700E+05  3.5860E-01
1.5935E-02  3.7671E+05  3.7671E+05  3.5861E-01
1.5940E-02  3.7643E+05  3.7643E+05  3.5862E-01
1.5945E-02  3.7616E+05  3.7615E+05  3.5863E-01
1.5950E-02  3.7588E+05  3.7588E+05  3.5864E-01
1.5955E-02  3.7560E+05  3.7560E+05  3.5865E-01
1.5960E-02  3.7532E+05  3.7532E+05  3.5866E-01
1.5965E-02  3.7504E+05  3.7504E+05  3.5867E-01
1.5970E-02  3.7476E+05  3.7476E+05  3.5868E-01
1.5975E-02  3.7448E+05  3.7448E+05  3.5869E-01
1.5980E-02  3.7424E+05  3.7424E+05  3.5870E-01
1.5985E-02  3.7394E+05  3.7394E+05  3.5871E-01
1.5990E-02  3.7406E+05  3.7406E+05  3.5872E-01
1.5995E-02  3.7341E+05  3.7341E+05  3.5873E-01
1.6000E-02  3.7313E+05  3.7313E+05  3.5874E-01
1.6005E-02  3.7288E+05  3.7288E+05  3.5875E-01
1.6010E-02  3.7257E+05  3.7256E+05  3.5876E-01
1.6015E-02  3.7227E+05  3.7227E+05  3.5877E-01
1.6020E-02  3.7210E+05  3.7210E+05  3.5878E-01
1.6025E-02  3.7174E+05  3.7174E+05  3.5879E-01
1.6030E-02  3.7143E+05  3.7143E+05  3.5880E-01
1.6035E-02  3.7115E+05  3.7115E+05  3.5881E-01
1.6040E-02  3.7087E+05  3.7087E+05  3.5882E-01
1.6045E-02  3.7059E+05  3.7059E+05  3.5883E-01
1.6050E-02  3.7032E+05  3.7032E+05  3.5884E-01
1.6055E-02  3.7005E+05  3.7005E+05  3.5885E-01
1.6060E-02  3.6988E+05  3.6987E+05  3.5886E-01
1.6065E-02  3.6950E+05  3.6950E+05  3.5887E-01
1.6070E-02  3.6936E+05  3.6936E+05  3.5888E-01
1.6075E-02  3.6895E+05  3.6895E+05  3.5889E-01
1.6080E-02  3.6868E+05  3.6868E+05  3.5890E-01
1.6085E-02  3.6841E+05  3.6841E+05  3.5891E-01
1.6090E-02  3.6822E+05  3.6822E+05  3.5892E-01
1.6095E-02  3.6784E+05  3.6784E+05  3.5893E-01
1.6100E-02  3.6756E+05  3.6756E+05  3.5894E-01
1.6105E-02  3.6730E+05  3.6730E+05  3.5895E-01
1.6110E-02  3.6702E+05  3.6702E+05  3.5896E-01
1.6115E-02  3.6683E+05  3.6683E+05  3.5897E-01
1.6120E-02  3.6646E+05  3.6646E+05  3.5898E-01
1.6125E-02  3.6619E+05  3.6619E+05  3.5899E-01
1.6130E-02  3.6594E+05  3.6594E+05  3.5900E-01
1.6135E-02  3.6570E+05  3.6570E+05  3.5901E-01
1.6140E-02  3.6537E+05  3.6537E+05  3.5902E-01
1.6145E-02  3.6510E+05  3.6510E+05  3.5903E-01
1.6150E-02  3.6480E+05  3.6480E+05  3.5904E-01
1.6155E-02  3.6452E+05  3.6452E+05  3.5905E-01
1.6160E-02  3.6432E+05  3.6432E+05  3.5906E-01
1.6165E-02  3.6403E+05  3.6403E+05  3.5907E-01
1.6170E-02  3.6370E+05  3.6370E+05  3.5908E-01
1.6175E-02  3.6341E+05  3.6341E+05  3.5909E-01
1.6180E-02  3.6313E+05  3.6313E+05  3.5911E-01
1.6185E-02  3.6286E+05  3.6286E+05  3.5912E-01
1.6190E-02  3.6258E+05  3.6258E+05  3.5913E-01
1.6195E-02  3.6230E+05  3.6230E+05  3.5914E-01
1.6200E-02  3.6203E+05  3.6203E+05  3.5915E-01
1.6205E-02  3.6175E+05  3.6175E+05  3.5916E-01
1.6210E-02  3.6148E+05  3.6148E+05  3.5917E-01
1.6215E-02  3.6120E+05  3.6120E+05  3.5918E-01
1.6220E-02  3.6093E+05  3.6093E+05  3.5919E-01
1.6225E-02  3.6065E+05  3.6065E+05  3.5920E-01
1.6230E-02  3.6038E+05  3.6038E+05  3.5921E-01
1.6235E-02  3.6010E+05  3.6010E+05  3.5922E-01
1.6240E-02  3.5983E+05  3.5983E+05  3.5923E-01
1.6245E-02  3.5956E+05  3.5956E+05  3.5924E-01
1.6250E-02  3.5930E+05  3.5930E+05  3.5925E-01
1.6255E-02  3.5901E+05  3.5901E+05  3.5926E-01
1.6260E-02  3.5874E+05  3.5874E+05  3.5928E-01
1.6265E-02  3.5846E+05  3.5846E+05  3.5929E-01
1.6270E-02  3.5818E+05  3.5818E+05  3.5930E-01
1.6275E-02  3.5791E+05  3.5791E+05  3.5931E-01
1.6280E-02  3.5764E+05  3.5763E+05  3.5932E-01
1.6285E-02  3.5736E+05  3.5736E+05  3.5933E-01
1.6290E-02  3.5709E+05  3.5709E+05  3.5934E-01
1.6295E-02  3.5681E+05  3.5681E+05  3.5935E-01
1.6300E-02  3.5654E+05  3.5654E+05  3.5936E-01
1.6305E-02  3.5627E+05  3.5627E+05  3.5937E-01
1.6310E-02  3.5599E+05  3.5599E+05  3.5938E-01
1.6315E-02  3.5572E+05  3.5572E+05  3.5939E-01
1.6320E-02  3.5545E+05  3.5545E+05  3.5941E-01
1.6325E-02  3.5517E+05  3.5517E+05  3.5942E-01
1.6330E-02  3.5492E+05  3.5492E+05  3.5943E-01
1.6335E-02  3.5463E+05  3.5463E+05  3.5944E-01
1.6340E-02  3.5435E+05  3.5435E+05  3.5945E-01
1.6345E-02  3.5408E+05  3.5408E+05  3.5946E-01
1.6350E-02  3.5380E+05  3.5380E+05  3.5947E-01
1.6355E-02  3.5353E+05  3.5353E+05  3.5948E-01
1.6360E-02  3.5326E+05  3.5326E+05  3.5949E-01
1.6365E-02  3.5299E+05  3.5299E+05  3.5950E-01
1.6370E-02  3.5272E+05  3.5272E+05  3.5952E-01
1.6375E-02  3.5245E+05  3.5245E+05  3.5953E-01
1.6380E-02  3.5217E+05  3.5217E+05  3.5954E-01
1.6385E-02  3.5189E+05  3.5189E+05  3.5955E-01
1.6390E-02  3.5162E+05  3.5162E+05  3.5956E-01
1.6395E-02  3.5135E+05  3.5135E+05  3.5957E-01
1.6400E-02  3.5108E+05  3.5108E+05  3.5958E-01
1.6405E-02  3.5081E+05  3.5081E+05  3.5959E-01
1.6410E-02  3.5053E+05  3.5053E+05  3.5961E-01
1.6415E-02  3.5026E+05  3.5026E+05  3.5962E-01
1.6420E-02  3.4999E+05  3.4999E+05  3.5963E-01
1.6425E-02  3.4971E+05  3.4971E+05  3.5964E-01
1.6430E-02  3.4944E+05  3.4944E+05  3.5965E-01
1.6435E-02  3.4917E+05  3.4917E+05  3.5966E-01
1.6440E-02  3.4890E+05  3.4890E+05  3.5967E-01
1.6445E-02  3.4862E+05  3.4862E+05  3.5968E-01
1.6450E-02  3.4835E+05  3.4835E+05  3.5970E-01
1.6455E-02  3.4808E+05  3.4808E+05  3.5971E-01
1.6460E-02  3.4783E+05  3.4783E+05  3.5972E-01
1.6465E-02  3.4754E+05  3.4754E+05  3.5973E-01
1.6470E-02  3.4758E+05  3.4758E+05  3.5974E-01
1.6475E-02  3.4699E+05  3.4699E+05  3.5975E-01
1.6480E-02  3.4672E+05  3.4672E+05  3.5976E-01
1.6485E-02  3.4646E+05  3.4646E+05  3.5978E-01
1.6490E-02  3.4622E+05  3.4622E+05  3.5979E-01
1.6495E-02  3.4591E+05  3.4591E+05  3.5980E-01
1.6500E-02  3.4563E+05  3.4563E+05  3.5981E-01
1.6505E-02  3.4536E+05  3.4536E+05  3.5982E-01
1.6510E-02  3.4509E+05  3.4509E+05  3.5983E-01
1.6515E-02  3.4482E+05  3.4482E+05  3.5985E-01
1.6520E-02  3.4455E+05  3.4455E+05  3.5986E-01
1.6525E-02  3.4428E+05  3.4428E+05  3.5987E-01
1.6530E-02  3.4401E+05  3.4400E+05  3.5988E-01
1.6535E-02  3.4373E+05  3.4373E+05  3.5989E-01
1.6540E-02  3.4346E+05  3.4346E+05  3.5990E-01
1.6545E-02  3.4319E+05  3.4319E+05  3.5992E-01
1.6550E-02  3.4292E+05  3.4292E+05  3.5993E-01
1.6555E-02  3.4265E+05  3.4265E+05  3.5994E-01
1.6560E-02  3.4238E+05  3.4238E+05  3.5995E-01
1.6565E-02  3.4211E+05  3.4211E+05  3.5996E-01
1.6570E-02  3.4184E+05  3.4184E+05  3.5997E-01
1.6575E-02  3.4157E+05  3.4157E+05  3.5999E-01
1.6580E-02  3.4130E+05  3.4129E+05  3.6000E-01
1.6585E-02  3.4102E+05  3.4102E+05  3.6001E-01
1.6590E-02  3.4075E+05  3.4075E+05  3.6002E-01
1.6595E-02  3.4048E+05  3.4048E+05  3.6003E-01
1.6600E-02  3.4021E+05  3.4021E+05  3.6005E-01
1.6605E-02  3.3994E+05  3.3994E+05  3.6006E-01
1.6610E-02  3.3967E+05  3.3967E+05  3.6007E-01
1.6615E-02  3.3940E+05  3.3940E+05  3.6008E-01
1.6620E-02  3.3913E+05  3.3913E+05  3.6009E-01
1.6625E-02  3.3886E+05  3.3886E+05  3.6010E-01
1.6630E-02  3.3859E+05  3.3859E+05  3.6012E-01
1.6635E-02  3.3832E+05  3.3832E+05  3.6013E-01
1.6640E-02  3.3805E+05  3.3805E+05  3.6014E-01
1.6645E-02  3.3778E+05  3.3778E+05  3.6015E-01
1.6650E-02  3.3751E+05  3.3751E+05  3.6017E-01
1.6655E-02  3.3724E+05  3.3724E+05  3.6018E-01
1.6660E-02  3.3697E+05  3.3697E+05  3.6019E-01
1.6665E-02  3.3670E+05  3.3670E+05  3.6020E-01
1.6670E-02  3.3643E+05  3.3643E+05  3.6021E-01
1.6675E-02  3.4038E+05  3.4038E+05  3.6023E-01
1.6680E-02  3.3589E+05  3.3589E+05  3.6024E-01
1.6685E-02  3.3572E+05  3.3572E+05  3.6025E-01
1.6690E-02  3.3535E+05  3.3535E+05  3.6026E-01
1.6695E-02  3.3508E+05  3.3508E+05  3.6027E-01
1.6700E-02  3.3483E+05  3.3483E+05  3.6029E-01
1.6705E-02  3.3455E+05  3.3455E+05  3.6030E-01
1.6710E-02  3.3427E+05  3.3427E+05  3.6031E-01
1.6715E-02  3.3400E+05  3.3400E+05  3.6032E-01
1.6720E-02  3.3373E+05  3.3373E+05  3.6034E-01
1.6725E-02  3.3346E+05  3.3346E+05  3.6035E-01
1.6730E-02  3.3319E+05  3.3319E+05  3.6036E-01
1.6735E-02  3.3292E+05  3.3292E+05  3.6037E-01
1.6740E-02  3.3265E+05  3.3265E+05  3.6039E-01
1.6745E-02  3.3239E+05  3.3239E+05  3.6040E-01
1.6750E-02  3.3212E+05  3.3212E+05  3.6041E-01
1.6755E-02  3.3185E+05  3.3185E+05  3.6042E-01
1.6760E-02  3.3158E+05  3.3158E+05  3.6044E-01
1.6765E-02  3.3131E+05  3.3131E+05  3.6045E-01
1.6770E-02  3.3104E+05  3.3104E+05  3.6046E-01
1.6775E-02  3.3077E+05  3.3077E+05  3.6047E-01
1.6780E-02  3.3050E+05  3.3050E+05  3.6049E-01
1.6785E-02  3.3023E+05  3.3023E+05  3.6050E-01
1.6790E-02  3.2997E+05  3.2997E+05  3.6051E-01
1.6795E-02  3.2983E+05  3.2983E+05  3.6052E-01
1.6800E-02  3.2945E+05  3.2945E+05  3.6054E-01
1.6805E-02  3.2916E+05  3.2916E+05  3.6055E-01
1.6810E-02  3.2889E+05  3.2889E+05  3.6056E-01
1.6815E-02  3.2862E+05  3.2862E+05  3.6057E-01
1.6820E-02  3.2835E+05  3.2835E+05  3.6059E-01
1.6825E-02  3.2808E+05  3.2808E+05  3.6060E-01
1.6830E-02  3.2781E+05  3.2781E+05  3.6061E-01
1.6835E-02  3.2755E+05  3.2754E+05  3.6063E-01
1.6840E-02  3.2728E+05  3.2728E+05  3.6064E-01
1.6845E-02  3.2701E+05  3.2701E+05  3.6065E-01
1.6850E-02  3.2674E+05  3.2674E+05  3.6066E-01
1.6855E-02  3.2647E+05  3.2647E+05  3.6068E-01
1.6860E-02  3.2620E+05  3.2620E+05  3.6069E-01
1.6865E-02  3.2593E+05  3.2593E+05  3.6070E-01
1.6870E-02  3.2567E+05  3.2567E+05  3.6072E-01
1.6875E-02  3.2540E+05  3.2540E+05  3.6073E-01
1.6880E-02  3.2513E+05  3.2513E+05  3.6074E-01
1.6885E-02  3.2486E+05  3.2486E+05  3.6075E-01
1.6890E-02  3.2459E+05  3.2459E+05  3.6077E-01
1.6895E-02  3.2433E+05  3.2432E+05  3.6078E-01
1.6900E-02  3.2406E+05  3.2406E+05  3.6079E-01
1.6905E-02  3.2379E+05  3.2379E+05  3.6081E-01
1.6910E-02  3.2352E+05  3.2352E+05  3.6082E-01
1.6915E-02  3.2325E+05  3.2325E+05  3.6083E-01
1.6920E-02  3.2299E+05  3.2298E+05  3.6085E-01
1.6925E-02  3.2272E+05  3.2272E+05  3.6086E-01
1.6930E-02  3.2245E+05  3.2245E+05  3.6087E-01
1.6935E-02  3.2218E+05  3.2218E+05  3.6088E-01
1.6940E-02  3.2191E+05  3.2191E+05  3.6090E-01
1.6945E-02  3.2165E+05  3.2165E+05  3.6091E-01
1.6950E-02  3.2138E+05  3.2138E+05  3.6092E-01
1.6955E-02  3.2111E+05  3.2111E+05  3.6094E-01
1.6960E-02  3.2084E+05  3.2084E+05  3.6095E-01
1.6965E-02  3.2058E+05  3.2058E+05  3.6096E-01
1.6970E-02  3.2031E+05  3.2031E+05  3.6098E-01
1.6975E-02  3.2004E+05  3.2004E+05  3.6099E-01
1.6980E-02  3.1977E+05  3.1977E+05  3.6100E-01
1.6985E-02  3.1951E+05  3.1951E+05  3.6102E-01
1.6990E-02  3.1924E+05  3.1924E+05  3.6103E-01
1.6995E-02  3.1897E+05  3.1897E+05  3.6104E-01
1.7000E-02  3.1870E+05  3.1870E+05  3.6106E-01
1.7005E-02  3.1844E+05  3.1844E+05  3.6107E-01
1.7010E-02  3.1817E+05  3.1817E+05  3.6108E-01
1.7015E-02  3.1790E+05  3.1790E+05  3.6110E-01
1.7020E-02  3.1763E+05  3.1763E+05  3.6111E-01
1.7025E-02  3.1737E+05  3.1737E+05  3.6113E-01
1.7030E-02  3.1710E+05  3.1710E+05  3.6114E-01
1.7035E-02  3.1683E+05  3.1683E+05  3.6115E-01
1.7040E-02  3.1657E+05  3.1656E+05  3.6117E-01
1.7045E-02  3.1630E+05  3.1630E+05  3.6118E-01
1.7050E-02  3.1603E+05  3.1603E+05  3.6119E-01
1.7055E-02  3.1576E+05  3.1576E+05  3.6121E-01
1.7060E-02  3.1550E+05  3.1550E+05  3.6122E-01
1.7065E-02  3.1523E+05  3.1523E+05  3.6123E-01
1.7070E-02  3.1496E+05  3.1496E+05  3.6125E-01
1.7075E-02  3.1470E+05  3.1470E+05  3.6126E-01
1.7080E-02  3.1443E+05  3.1443E+05  3.6128E-01
1.7085E-02  3.1416E+05  3.1416E+05  3.6129E-01
1.7090E-02  3.1390E+05  3.1390E+05  3.6130E-01
1.7095E-02  3.1363E+05  3.1363E+05  3.6132E-01
1.7100E-02  3.1336E+05  3.1336E+05  3.6133E-01
1.7105E-02  3.1310E+05  3.1310E+05  3.6134E-01
1.7110E-02  3.1283E+05  3.1283E+05  3.6136E-01
1.7115E-02  3.1256E+05  3.1256E+05  3.6137E-01
1.7120E-02  3.1230E+05  3.1230E+05  3.6139E-01
1.7125E-02  3.1203E+05  3.1203E+05  3.6140E-01
1.7130E-02  3.1176E+05  3.1176E+05  3.6141E-01
1.7135E-02  3.1150E+05  3.1150E+05  3.6143E-01
1.7140E-02  3.1123E+05  3.1123E+05  3.6144E-01
1.7145E-02  3.1096E+05  3.1096E+05  3.6146E-01
1.7150E-02  3.1070E+05  3.1070E+05  3.6147E-01
1.7155E-02  3.1043E+05  3.1043E+05  3.6148E-01
1.7160E-02  3.1016E+05  3.1016E+05  3.6150E-01
1.7165E-02  3.0990E+05  3.0990E+05  3.6151E-01
1.7170E-02  3.0963E+05  3.0963E+05  3.6153E-01
1.7175E-02  3.0937E+05  3.0936E+05  3.6154E-01
1.7180E-02  3.0910E+05  3.0910E+05  3.6155E-01
1.7185E-02  3.0883E+05  3.0883E+05  3.6157E-01
1.7190E-02  3.0857E+05  3.0857E+05  3.6158E-01
1.7195E-02  3.0830E+05  3.0830E+05  3.6160E-01
1.7200E-02  3.0803E+05  3.0803E+05  3.6161E-01
1.7205E-02  3.0777E+05  3.0777E+05  3.6163E-01
1.7210E-02  3.0750E+05  3.0750E+05  3.6164E-01
1.7215E-02  3.0948E+05  3.0948E+05  3.6165E-01
1.7220E-02  3.0697E+05  3.0697E+05  3.6167E-01
1.7225E-02  3.0670E+05  3.0670E+05  3.6168E-01
1.7230E-02  3.0644E+05  3.0644E+05  3.6170E-01
1.7235E-02  3.0617E+05  3.0617E+05  3.6171E-01
1.7240E-02  3.0591E+05  3.0591E+05  3.6173E-01
1.7245E-02  3.0564E+05  3.0564E+05  3.6174E-01
1.7250E-02  3.0538E+05  3.0537E+05  3.6175E-01
1.7255E-02  3.0511E+05  3.0511E+05  3.6177E-01
1.7260E-02  3.0484E+05  3.0484E+05  3.6178E-01
1.7265E-02  3.0458E+05  3.0458E+05  3.6180E-01
1.7270E-02  3.0431E+05  3.0431E+05  3.6181E-01
1.7275E-02  3.0414E+05  3.0414E+05  3.6183E-01
1.7280E-02  3.0378E+05  3.0378E+05  3.6184E-01
1.7285E-02  3.0359E+05  3.0359E+05  3.6186E-01
1.7290E-02  3.0325E+05  3.0325E+05  3.6187E-01
1.7295E-02  3.0299E+05  3.0299E+05  3.6189E-01
1.7300E-02  3.0273E+05  3.0273E+05  3.6190E-01
1.7305E-02  3.0250E+05  3.0250E+05  3.6192E-01
1.7310E-02  3.0220E+05  3.0220E+05  3.6193E-01
1.7315E-02  3.0198E+05  3.0198E+05  3.6194E-01
1.7320E-02  3.0167E+05  3.0167E+05  3.6196E-01
1.7325E-02  3.0465E+05  3.0465E+05  3.6197E-01
1.7330E-02  3.0116E+05  3.0116E+05  3.6199E-01
1.7335E-02  4.0430E+05  4.0430E+05  3.6200E-01
1.7340E-02  3.0063E+05  3.0063E+05  3.6202E-01
1.7345E-02  3.0041E+05  3.0041E+05  3.6203E-01
1.7350E-02  3.0011E+05  3.0011E+05  3.6205E-01
1.7355E-02  2.9986E+05  2.9986E+05  3.6206E-01
1.7360E-02  2.9959E+05  2.9959E+05  3.6208E-01
1.7365E-02  3.0705E+05  3.0705E+05  3.6209E-01
1.7370E-02  2.9908E+05  2.9908E+05  3.6211E-01
1.7375E-02  2.9882E+05  2.9882E+05  3.6212E-01
1.7380E-02  2.9857E+05  2.9857E+05  3.6214E-01
1.7385E-02  2.9851E+05  2.9851E+05  3.6215E-01
1.7390E-02  2.9806E+05  2.9806E+05  3.6217E-01
1.7395E-02  2.9780E+05  2.9780E+05  3.6218E-01
1.7400E-02  2.9755E+05  2.9755E+05  3.6220E-01
1.7405E-02  2.9730E+05  2.9730E+05  3.6221E-01
1.7410E-02  2.9704E+05  2.9704E+05  3.6223E-01
1.7415E-02  2.9679E+05  2.9679E+05  3.6224E-01
1.7420E-02  2.9654E+05  2.9654E+05  3.6226E-01
1.7425E-02  2.9629E+05  2.9629E+05  3.6227E-01
1.7430E-02  2.9604E+05  2.9604E+05  3.6229E-01
1.7435E-02  2.9579E+05  2.9579E+05  3.6231E-01
1.7440E-02  2.9554E+05  2.9554E+05  3.6232E-01
1.7445E-02  2.9530E+05  2.9530E+05  3.6234E-01
1.7450E-02  2.9505E+05  2.9505E+05  3.6235E-01
1.7455E-02  2.9480E+05  2.9480E+05  3.6237E-01
1.7460E-02  2.9455E+05  2.9455E+05  3.6238E-01
1.7465E-02  2.9431E+05  2.9431E+05  3.6240E-01
1.7470E-02  2.9406E+05  2.9406E+05  3.6241E-01
1.7475E-02  2.9382E+05  2.9382E+05  3.6243E-01
1.7480E-02  2.9357E+05  2.9357E+05  3.6244E-01
1.7485E-02  2.9333E+05  2.9333E+05  3.6246E-01
1.7490E-02  2.9309E+05  2.9309E+05  3.6247E-01
1.7495E-02  2.9284E+05  2.9284E+05  3.6249E-01
1.7500E-02  2.9260E+05  2.9260E+05  3.6251E-01
1.7505E-02  2.9236E+05  2.9236E+05  3.6252E-01
1.7510E-02  2.9212E+05  2.9212E+05  3.6254E-01
1.7515E-02  2.9188E+05  2.9188E+05  3.6255E-01
1.7520E-02  2.9164E+05  2.9164E+05  3.6257E-01
1.7525E-02  2.9140E+05  2.9140E+05  3.6258E-01
1.7530E-02  2.9116E+05  2.9116E+05  3.6260E-01
1.7535E-02  2.9092E+05  2.9092E+05  3.6262E-01
1.7540E-02  2.9141E+05  2.9141E+05  3.6263E-01
1.7545E-02  2.9044E+05  2.9044E+05  3.6265E-01
1.7550E-02  2.9020E+05  2.9020E+05  3.6266E-01
1.7555E-02  2.8997E+05  2.8997E+05  3.6268E-01
1.7560E-02  2.8973E+05  2.8973E+05  3.6269E-01
1.7565E-02  2.8949E+05  2.8949E+05  3.6271E-01
1.7570E-02  2.8926E+05  2.8926E+05  3.6273E-01
1.7575E-02  2.8902E+05  2.8902E+05  3.6274E-01
1.7580E-02  2.8879E+05  2.8879E+05  3.6276E-01
1.7585E-02  2.8855E+05  2.8855E+05  3.6277E-01
1.7590E-02  2.8832E+05  2.8832E+05  3.6279E-01
1.7595E-02  2.8809E+05  2.8809E+05  3.6281E-01
1.7600E-02  2.8785E+05  2.8785E+05  3.6282E-01
1.7605E-02  2.8762E+05  2.8762E+05  3.6284E-01
1.7610E-02  2.8739E+05  2.8739E+05  3.6285E-01
1.7615E-02  2.8716E+05  2.8716E+05  3.6287E-01
1.7620E-02  2.8693E+05  2.8693E+05  3.6289E-01
1.7625E-02  2.8670E+05  2.8670E+05  3.6290E-01
1.7630E-02  2.8647E+05  2.8647E+05  3.6292E-01
1.7635E-02  2.8624E+05  2.8624E+05  3.6293E-01
1.7640E-02  2.8611E+05  2.8611E+05  3.6295E-01
1.7645E-02  2.8578E+05  2.8578E+05  3.6297E-01
1.7650E-02  2.8555E+05  2.8555E+05  3.6298E-01
1.7655E-02  2.8533E+05  2.8533E+05  3.6300E-01
1.7660E-02  2.8627E+05  2.8627E+05  3.6302E-01
1.7665E-02  2.8487E+05  2.8487E+05  3.6303E-01
1.7670E-02  2.8471E+05  2.8471E+05  3.6305E-01
1.7675E-02  2.8442E+05  2.8442E+05  3.6307E-01
1.7680E-02  2.8432E+05  2.8432E+05  3.6308E-01
1.7685E-02  2.8397E+05  2.8397E+05  3.6310E-01
1.7690E-02  2.8376E+05  2.8376E+05  3.6311E-01
1.7695E-02  2.8353E+05  2.8353E+05  3.6313E-01
1.7700E-02  2.8339E+05  2.8339E+05  3.6315E-01
1.7705E-02  2.8307E+05  2.8307E+05  3.6316E-01
1.7710E-02  2.8284E+05  2.8284E+05  3.6318E-01
1.7715E-02  2.8262E+05  2.8262E+05  3.6320E-01
1.7720E-02  2.8240E+05  2.8240E+05  3.6321E-01
1.7725E-02  2.8217E+05  2.8217E+05  3.6323E-01
1.7730E-02  2.8195E+05  2.8195E+05  3.6325E-01
1.7735E-02  2.8173E+05  2.8173E+05  3.6328E-01
1.7740E-02  2.8151E+05  2.8151E+05  3.6330E-01
1.7745E-02  2.8129E+05  2.8129E+05  3.6332E-01
1.7750E-02  2.8107E+05  2.8107E+05  3.6333E-01
1.7755E-02  2.8085E+05  2.8085E+05  3.6335E-01
1.7760E-02  2.8063E+05  2.8063E+05  3.6337E-01
1.7765E-02  2.8041E+05  2.8041E+05  3.6338E-01
1.7770E-02  2.8019E+05  2.8019E+05  3.6340E-01
1.7775E-02  2.7998E+05  2.7997E+05  3.6342E-01
1.7780E-02  2.7976E+05  2.7976E+05  3.6343E-01
1.7785E-02  2.7954E+05  2.7954E+05  3.6345E-01
1.7790E-02  2.7932E+05  2.7932E+05  3.6347E-01
1.7795E-02  2.7911E+05  2.7911E+05  3.6349E-01
1.7800E-02  2.7889E+05  2.7889E+05  3.6350E-01
1.7805E-02  2.7867E+05  2.7867E+05  3.6352E-01
1.7810E-02  2.7846E+05  2.7846E+05  3.6354E-01
1.7815E-02  2.7824E+05  2.7824E+05  3.6355E-01
1.7820E-02  2.7809E+05  2.7809E+05  3.6357E-01
1.7825E-02  2.7782E+05  2.7782E+05  3.6359E-01
1.7830E-02  2.7762E+05  2.7762E+05  3.6360E-01
1.7835E-02  2.7739E+05  2.7739E+05  3.6362E-01
1.7840E-02  2.7718E+05  2.7718E+05  3.6364E-01
1.7845E-02  2.7698E+05  2.7698E+05  3.6366E-01
1.7850E-02  2.7683E+05  2.7683E+05  3.6367E-01
1.7855E-02  2.7655E+05  2.7655E+05  3.6369E-01
1.7860E-02  2.7633E+05  2.7633E+05  3.6371E-01
1.7865E-02  2.7613E+05  2.7613E+05  3.6373E-01
1.7870E-02  2.7606E+05  2.7606E+05  3.6374E-01
1.7875E-02  2.7570E+05  2.7570E+05  3.6376E-01
1.7880E-02  2.7548E+05  2.7548E+05  3.6378E-01
1.7885E-02  2.7527E+05  2.7527E+05  3.6380E-01
1.7890E-02  2.7506E+05  2.7506E+05  3.6381E-01
1.7895E-02  2.7485E+05  2.7485E+05  3.6383E-01
1.7900E-02  2.7464E+05  2.7464E+05  3.6385E-01
1.7905E-02  2.7443E+05  2.7443E+05  3.6387E-01
1.7910E-02  2.7422E+05  2.7422E+05  3.6388E-01
1.7915E-02  2.7402E+05  2.7402E+05  3.6390E-01
1.7920E-02  2.7381E+05  2.7381E+05  3.6392E-01
1.7925E-02  2.7360E+05  2.7360E+05  3.6394E-01
1.7930E-02  2.7342E+05  2.7342E+05  3.6395E-01
1.7935E-02  2.7319E+05  2.7319E+05  3.6397E-01
1.7940E-02  2.7302E+05  2.7302E+05  3.6399E-01
1.7945E-02  2.7285E+05  2.7284E+05  3.6401E-01
1.7950E-02  2.7259E+05  2.7259E+05  3.6402E-01
1.7955E-02  2.7241E+05  2.7241E+05  3.6404E-01
1.7960E-02  2.7219E+05  2.7219E+05  3.6406E-01
1.7965E-02  2.7196E+05  2.7196E+05  3.6408E-01
1.7970E-02  2.7181E+05  2.7181E+05  3.6410E-01
1.7975E-02  2.7158E+05  2.7158E+05  3.6411E-01
1.7980E-02  2.7135E+05  2.7135E+05  3.6413E-01
1.7985E-02  2.7114E+05  2.7114E+05  3.6415E-01
1.7990E-02  2.7094E+05  2.7094E+05  3.6417E-01
1.7995E-02  2.7073E+05  2.7073E+05  3.6419E-01
1.8000E-02  2.7053E+05  2.7053E+05  3.6420E-01
1.8005E-02  2.7033E+05  2.7033E+05  3.6422E-01
1.8010E-02  2.7017E+05  2.7017E+05  3.6424E-01
1.8015E-02  2.6994E+05  2.6994E+05  3.6426E-01
1.8020E-02  2.6990E+05  2.6990E+05  3.6428E-01
1.8025E-02  2.6954E+05  2.6954E+05  3.6429E-01
1.8030E-02  2.6935E+05  2.6935E+05  3.6431E-01
1.8035E-02  2.6914E+05  2.6914E+05  3.6433E-01
1.8040E-02  2.6907E+05  2.6907E+05  3.6435E-01
1.8045E-02  2.6873E+05  2.6873E+05  3.6437E-01
1.8050E-02  2.6853E+05  2.6853E+05  3.6438E-01
1.8055E-02  2.6834E+05  2.6834E+05  3.6440E-01
1.8060E-02  2.6814E+05  2.6814E+05  3.6442E-01
1.8065E-02  2.6799E+05  2.6799E+05  3.6444E-01
1.8070E-02  2.6774E+05  2.6774E+05  3.6446E-01
1.8075E-02  2.6754E+05  2.6754E+05  3.6448E-01
1.8080E-02  2.6737E+05  2.6737E+05  3.6449E-01
1.8085E-02  2.6719E+05  2.6719E+05  3.6451E-01
1.8090E-02  2.6696E+05  2.6696E+05  3.6453E-01
1.8095E-02  2.6678E+05  2.6678E+05  3.6455E-01
1.8100E-02  2.6656E+05  2.6656E+05  3.6457E-01
1.8105E-02  2.6643E+05  2.6643E+05  3.6459E-01
1.8110E-02  2.6616E+05  2.6616E+05  3.6461E-01
1.8115E-02  2.6599E+05  2.6599E+05  3.6462E-01
1.8120E-02  2.6578E+05  2.6578E+05  3.6464E-01
1.8125E-02  2.6557E+05  2.6557E+05  3.6466E-01
1.8130E-02  2.6537E+05  2.6537E+05  3.6468E-01
1.8135E-02  2.6518E+05  2.6518E+05  3.6470E-01
1.8140E-02  2.6498E+05  2.6498E+05  3.6472E-01
1.8145E-02  2.6479E+05  2.6479E+05  3.6474E-01
1.8150E-02  2.6460E+05  2.6460E+05  3.6476E-01
1.8155E-02  2.6440E+05  2.6440E+05  3.6477E-01
1.8160E-02  2.6421E+05  2.6421E+05  3.6479E-01
1.8165E-02  2.6401E+05  2.6401E+05  3.6481E-01
1.8170E-02  2.6382E+05  2.6382E+05  3.6483E-01
1.8175E-02  2.6363E+05  2.6363E+05  3.6485E-01
1.8180E-02  2.6344E+05  2.6344E+05  3.6487E-01
1.8185E-02  2.6325E+05  2.6325E+05  3.6489E-01
1.8190E-02  2.6306E+05  2.6306E+05  3.6491E-01
1.8195E-02  2.6286E+05  2.6286E+05  3.6493E-01
1.8200E-02  2.6267E+05  2.6267E+05  3.6495E-01
1.8205E-02  2.6248E+05  2.6248E+05  3.6496E-01
1.8210E-02  2.6229E+05  2.6229E+05  3.6498E-01
1.8215E-02  2.6210E+05  2.6210E+05  3.6500E-01
1.8220E-02  2.6191E+05  2.6191E+05  3.6502E-01
1.8225E-02  2.6172E+05  2.6172E+05  3.6504E-01
1.8230E-02  2.6153E+05  2.6153E+05  3.6506E-01
1.8235E-02  2.6134E+05  2.6134E+05  3.6508E-01
1.8240E-02  2.6115E+05  2.6115E+05  3.6510E-01
1.8245E-02  2.6097E+05  2.6097E+05  3.6512E-01
1.8250E-02  2.6078E+05  2.6078E+05  3.6514E-01
1.8255E-02  2.6061E+05  2.6061E+05  3.6516E-01
1.8260E-02  2.6040E+05  2.6040E+05  3.6518E-01
1.8265E-02  2.6021E+05  2.6021E+05  3.6520E-01
1.8270E-02  2.6003E+05  2.6003E+05  3.6522E-01
1.8275E-02  2.5984E+05  2.5984E+05  3.6524E-01
1.8280E-02  2.5965E+05  2.5965E+05  3.6526E-01
1.8285E-02  2.5947E+05  2.5947E+05  3.6527E-01
1.8290E-02  2.5928E+05  2.5928E+05  3.6529E-01
1.8295E-02  2.5909E+05  2.5909E+05  3.6531E-01
1.8300E-02  2.5891E+05  2.5891E+05  3.6533E-01
1.8305E-02  2.5872E+05  2.5872E+05  3.6535E-01
1.8310E-02  2.5854E+05  2.5854E+05  3.6537E-01
1.8315E-02  2.5835E+05  2.5835E+05  3.6539E-01
1.8320E-02  2.5817E+05  2.5817E+05  3.6541E-01
1.8325E-02  2.5798E+05  2.5798E+05  3.6543E-01
1.8330E-02  2.5780E+05  2.5780E+05  3.6545E-01
1.8335E-02  2.5761E+05  2.5761E+05  3.6547E-01
1.8340E-02  2.5743E+05  2.5743E+05  3.6549E-01
1.8345E-02  2.5725E+05  2.5725E+05  3.6551E-01
1.8350E-02  2.5706E+05  2.5706E+05  3.6553E-01
1.8355E-02  2.5688E+05  2.5688E+05  3.6555E-01
1.8360E-02  2.5670E+05  2.5670E+05  3.6557E-01
1.8365E-02  2.5651E+05  2.5651E+05  3.6559E-01
1.8370E-02  2.5633E+05  2.5633E+05  3.6561E-01
1.8375E-02  2.5615E+05  2.5615E+05  3.6563E-01
1.8380E-02  2.5597E+05  2.5597E+05  3.6565E-01
1.8385E-02  2.5578E+05  2.5578E+05  3.6567E-01
1.8390E-02  2.5560E+05  2.5560E+05  3.6569E-01
1.8395E-02  2.5542E+05  2.5542E+05  3.6571E-01
1.8400E-02  2.5524E+05  2.5524E+05  3.6573E-01
1.8405E-02  2.5506E+05  2.5506E+05  3.6575E-01
1.8410E-02  2.5488E+05  2.5488E+05  3.6577E-01
1.8415E-02  2.5470E+05  2.5470E+05  3.6579E-01
1.8420E-02  2.5452E+05  2.5452E+05  3.6581E-01
1.8425E-02  2.5434E+05  2.5434E+05  3.6583E-01
1.8430E-02  2.5416E+05  2.5416E+05  3.6585E-01
1.8435E-02  2.5398E+05  2.5398E+05  3.6588E-01
1.8440E-02  2.5380E+05  2.5380E+05  3.6590E-01
1.8445E-02  2.5362E+05  2.5362E+05  3.6592E-01
1.8450E-02  2.5344E+05  2.5344E+05  3.6594E-01
1.8455E-02  2.5326E+05  2.5326E+05  3.6596E-01
1.8460E-02  2.5308E+05  2.5308E+05  3.6598E-01
1.8465E-02  2.5291E+05  2.5291E+05  3.6600E-01
1.8470E-02  2.5273E+05  2.5273E+05  3.6602E-01
1.8475E-02  2.5255E+05  2.5255E+05  3.6604E-01
1.8480E-02  2.5237E+05  2.5237E+05  3.6606E-01
1.8485E-02  2.5220E+05  2.5219E+05  3.6608E-01
1.8490E-02  2.5202E+05  2.5202E+05  3.6610E-01
1.8495E-02  2.5184E+05  2.5184E+05  3.6612E-01
1.8500E-02  2.5166E+05  2.5166E+05  3.6614E-01
1.8505E-02  2.5149E+05  2.5149E+05  3.6616E-01
1.8510E-02  2.5131E+05  2.5131E+05  3.6619E-01
1.8515E-02  2.5114E+05  2.5113E+05  3.6621E-01
1.8520E-02  2.5096E+05  2.5096E+05  3.6623E-01
1.8525E-02  2.5078E+05  2.5078E+05  3.6625E-01
1.8530E-02  2.5061E+05  2.5061E+05  3.6627E-01
1.8535E-02  2.5044E+05  2.5044E+05  3.6629E-01
1.8540E-02  2.5026E+05  2.5026E+05  3.6631E-01
1.8545E-02  2.5008E+05  2.5008E+05  3.6633E-01
1.8550E-02  2.4991E+05  2.4991E+05  3.6635E-01
1.8555E-02  2.4973E+05  2.4973E+05  3.6637E-01
1.8560E-02  2.4956E+05  2.4956E+05  3.6640E-01
1.8565E-02  2.4938E+05  2.4938E+05  3.6642E-01
1.8570E-02  2.4921E+05  2.4921E+05  3.6644E-01
1.8575E-02  2.4904E+05  2.4904E+05  3.6646E-01
1.8580E-02  2.4886E+05  2.4886E+05  3.6648E-01
1.8585E-02  2.4869E+05  2.4869E+05  3.6650E-01
1.8590E-02  2.4852E+05  2.4852E+05  3.6652E-01
1.8595E-02  2.4835E+05  2.4835E+05  3.6655E-01
1.8600E-02  2.4823E+05  2.4823E+05  3.6657E-01
1.8605E-02  2.4800E+05  2.4800E+05  3.6659E-01
1.8610E-02  2.4783E+05  2.4783E+05  3.6661E-01
1.8615E-02  2.4765E+05  2.4765E+05  3.6663E-01
1.8620E-02  2.4748E+05  2.4748E+05  3.6665E-01
1.8625E-02  2.4731E+05  2.4731E+05  3.6667E-01
1.8630E-02  2.4714E+05  2.4714E+05  3.6670E-01
1.8635E-02  2.4697E+05  2.4697E+05  3.6672E-01
1.8640E-02  2.4680E+05  2.4680E+05  3.6674E-01
1.8645E-02  2.4663E+05  2.4662E+05  3.6676E-01
1.8650E-02  2.4645E+05  2.4645E+05  3.6678E-01
1.8655E-02  2.4628E+05  2.4628E+05  3.6680E-01
1.8660E-02  2.4611E+05  2.4611E+05  3.6683E-01
1.8665E-02  2.4594E+05  2.4594E+05  3.6685E-01
1.8670E-02  2.4577E+05  2.4577E+05  3.6687E-01
1.8675E-02  2.4560E+05  2.4560E+05  3.6689E-01
1.8680E-02  2.4543E+05  2.4543E+05  3.6691E-01
1.8685E-02  2.4526E+05  2.4526E+05  3.6694E-01
1.8690E-02  2.4509E+05  2.4509E+05  3.6696E-01
1.8695E-02  2.4493E+05  2.4492E+05  3.6698E-01
1.8700E-02  2.4476E+05  2.4476E+05  3.6700E-01
1.8705E-02  2.4459E+05  2.4459E+05  3.6702E-01
1.8710E-02  2.4442E+05  2.4442E+05  3.6705E-01
1.8715E-02  2.4425E+05  2.4425E+05  3.6707E-01
1.8720E-02  2.4408E+05  2.4408E+05  3.6709E-01
1.8725E-02  2.4391E+05  2.4391E+05  3.6711E-01
1.8730E-02  2.4375E+05  2.4375E+05  3.6713E-01
1.8735E-02  2.4358E+05  2.4358E+05  3.6716E-01
1.8740E-02  2.4341E+05  2.4341E+05  3.6718E-01
1.8745E-02  2.4324E+05  2.4324E+05  3.6720E-01
1.8750E-02  2.4308E+05  2.4308E+05  3.6722E-01
1.8755E-02  2.4291E+05  2.4291E+05  3.6725E-01
1.8760E-02  2.4274E+05  2.4274E+05  3.6727E-01
1.8765E-02  2.4258E+05  2.4258E+05  3.6729E-01
1.8770E-02  2.4241E+05  2.4241E+05  3.6731E-01
1.8775E-02  2.4224E+05  2.4224E+05  3.6734E-01
1.8780E-02  2.4208E+05  2.4208E+05  3.6736E-01
1.8785E-02  2.4191E+05  2.4191E+05  3.6738E-01
1.8790E-02  2.4174E+05  2.4174E+05  3.6740E-01
1.8795E-02  2.4158E+05  2.4158E+05  3.6743E-01
1.8800E-02  2.4141E+05  2.4141E+05  3.6745E-01
1.8805E-02  2.4125E+05  2.4125E+05  3.6747E-01
1.8810E-02  2.4108E+05  2.4108E+05  3.6749E-01
1.8815E-02  2.4093E+05  2.4093E+05  3.6752E-01
1.8820E-02  2.4113E+05  2.4113E+05  3.6754E-01
1.8825E-02  2.4059E+05  2.4059E+05  3.6756E-01
1.8830E-02  2.4043E+05  2.4042E+05  3.6759E-01
1.8835E-02  2.4026E+05  2.4026E+05  3.6761E-01
1.8840E-02  2.4010E+05  2.4010E+05  3.6763E-01
1.8845E-02  2.3993E+05  2.3993E+05  3.6766E-01
1.8850E-02  2.3977E+05  2.3977E+05  3.6768E-01
1.8855E-02  2.3960E+05  2.3960E+05  3.6770E-01
1.8860E-02  2.3944E+05  2.3944E+05  3.6772E-01
1.8865E-02  2.3928E+05  2.3928E+05  3.6775E-01
1.8870E-02  2.3911E+05  2.3911E+05  3.6777E-01
1.8875E-02  2.3895E+05  2.3895E+05  3.6779E-01
1.8880E-02  2.3879E+05  2.3879E+05  3.6782E-01
1.8885E-02  2.3862E+05  2.3862E+05  3.6784E-01
1.8890E-02  2.3846E+05  2.3846E+05  3.6786E-01
1.8895E-02  2.3830E+05  2.3830E+05  3.6789E-01
1.8900E-02  2.3814E+05  2.3814E+05  3.6791E-01
1.8905E-02  2.3798E+05  2.3798E+05  3.6793E-01
1.8910E-02  2.3792E+05  2.3792E+05  3.6796E-01
1.8915E-02  2.3766E+05  2.3766E+05  3.6798E-01
1.8920E-02  2.3749E+05  2.3749E+05  3.6800E-01
1.8925E-02  2.3733E+05  2.3733E+05  3.6803E-01
1.8930E-02  2.3717E+05  2.3717E+05  3.6805E-01
1.8935E-02  2.3701E+05  2.3701E+05  3.6807E-01
1.8940E-02  2.3684E+05  2.3684E+05  3.6810E-01
1.8945E-02  2.3668E+05  2.3668E+05  3.6812E-01
1.8950E-02  2.3652E+05  2.3652E+05  3.6815E-01
1.8955E-02  2.3636E+05  2.3636E+05  3.6817E-01
1.8960E-02  2.3620E+05  2.3620E+05  3.6819E-01
1.8965E-02  2.3604E+05  2.3604E+05  3.6822E-01
1.8970E-02  2.3588E+05  2.3588E+05  3.6824E-01
1.8975E-02  2.3572E+05  2.3572E+05  3.6826E-01
1.8980E-02  2.3556E+05  2.3556E+05  3.6829E-01
1.8985E-02  2.3542E+05  2.3542E+05  3.6831E-01
1.8990E-02  2.3562E+05  2.3562E+05  3.6834E-01
1.8995E-02  2.3508E+05  2.3508E+05  3.6836E-01
1.9000E-02  2.3494E+05  2.3494E+05  3.6838E-01
1.9005E-02  2.3477E+05  2.3477E+05  3.6841E-01
1.9010E-02  2.3461E+05  2.3461E+05  3.6843E-01
1.9015E-02  2.3445E+05  2.3445E+05  3.6846E-01
1.9020E-02  2.3429E+05  2.3429E+05  3.6848E-01
1.9025E-02  2.3413E+05  2.3413E+05  3.6850E-01
1.9030E-02  2.3397E+05  2.3397E+05  3.6853E-01
1.9035E-02  2.3382E+05  2.3382E+05  3.6855E-01
1.9040E-02  2.3366E+05  2.3366E+05  3.6858E-01
1.9045E-02  2.9963E+05  2.9963E+05  3.6860E-01
1.9050E-02  2.3351E+05  2.3351E+05  3.6863E-01
1.9055E-02  2.3328E+05  2.3328E+05  3.6865E-01
1.9060E-02  6.4251E+05  6.4251E+05  3.6868E-01
1.9065E-02  2.3289E+05  2.3289E+05  3.6870E-01
1.9070E-02  2.3567E+05  2.3566E+05  3.6872E-01
1.9075E-02  2.3256E+05  2.3256E+05  3.6875E-01
1.9080E-02  2.3240E+05  2.3240E+05  3.6877E-01
1.9085E-02  2.3224E+05  2.3224E+05  3.6880E-01
1.9090E-02  2.3208E+05  2.3208E+05  3.6882E-01
1.9095E-02  2.3193E+05  2.3193E+05  3.6885E-01
1.9100E-02  2.3177E+05  2.3177E+05  3.6887E-01
1.9105E-02  2.3161E+05  2.3161E+05  3.6890E-01
1.9110E-02  2.3146E+05  2.3146E+05  3.6892E-01
1.9115E-02  2.3130E+05  2.3130E+05  3.6895E-01
1.9120E-02  2.3115E+05  2.3114E+05  3.6897E-01
1.9125E-02  2.3099E+05  2.3099E+05  3.6900E-01
1.9130E-02  2.3083E+05  2.3083E+05  3.6902E-01
1.9135E-02  2.3068E+05  2.3068E+05  3.6905E-01
1.9140E-02  2.3052E+05  2.3052E+05  3.6907E-01
1.9145E-02  2.3037E+05  2.3037E+05  3.6910E-01
1.9150E-02  2.3021E+05  2.3021E+05  3.6912E-01
1.9155E-02  2.3006E+05  2.3006E+05  3.6915E-01
1.9160E-02  2.2995E+05  2.2995E+05  3.6917E-01
1.9165E-02  2.2975E+05  2.2975E+05  3.6920E-01
1.9170E-02  2.2960E+05  2.2960E+05  3.6922E-01
1.9175E-02  2.2947E+05  2.2947E+05  3.6925E-01
1.9180E-02  2.2929E+05  2.2929E+05  3.6927E-01
1.9185E-02  2.2913E+05  2.2913E+05  3.6930E-01
1.9190E-02  2.2898E+05  2.2898E+05  3.6932E-01
1.9195E-02  2.2883E+05  2.2883E+05  3.6935E-01
1.9200E-02  2.2869E+05  2.2869E+05  3.6937E-01
1.9205E-02  2.2853E+05  2.2853E+05  3.6940E-01
1.9210E-02  2.2836E+05  2.2836E+05  3.6942E-01
1.9215E-02  2.2821E+05  2.2821E+05  3.6945E-01
1.9220E-02  2.2806E+05  2.2806E+05  3.6948E-01
1.9225E-02  2.2790E+05  2.2790E+05  3.6950E-01
1.9230E-02  2.2775E+05  2.2775E+05  3.6953E-01
1.9235E-02  2.2760E+05  2.2760E+05  3.6955E-01
1.9240E-02  2.2744E+05  2.2744E+05  3.6958E-01
1.9245E-02  2.2729E+05  2.2729E+05  3.6960E-01
1.9250E-02  2.2714E+05  2.2714E+05  3.6963E-01
1.9255E-02  2.2699E+05  2.2699E+05  3.6966E-01
1.9260E-02  2.2684E+05  2.2683E+05  3.6968E-01
1.9265E-02  2.2668E+05  2.2668E+05  3.6971E-01
1.9270E-02  2.2657E+05  2.2657E+05  3.6973E-01
1.9275E-02  2.2638E+05  2.2638E+05  3.6976E-01
1.9280E-02  2.2623E+05  2.2623E+05  3.6979E-01
1.9285E-02  2.2608E+05  2.2608E+05  3.6981E-01
1.9290E-02  2.2593E+05  2.2593E+05  3.6984E-01
1.9295E-02  2.2578E+05  2.2578E+05  3.6986E-01
1.9300E-02  2.2566E+05  2.2566E+05  3.6989E-01
1.9305E-02  2.2826E+05  2.2826E+05  3.6992E-01
1.9310E-02  2.2539E+05  2.2539E+05  3.6994E-01
1.9315E-02  2.2544E+05  2.2544E+05  3.6997E-01
1.9320E-02  2.2507E+05  2.2507E+05  3.6999E-01
1.9325E-02  2.2490E+05  2.2490E+05  3.7002E-01
1.9330E-02  2.2472E+05  2.2472E+05  3.7005E-01
1.9335E-02  2.2457E+05  2.2457E+05  3.7007E-01
1.9340E-02  2.2442E+05  2.2442E+05  3.7010E-01
1.9345E-02  2.2427E+05  2.2427E+05  3.7013E-01
1.9350E-02  2.2412E+05  2.2412E+05  3.7015E-01
1.9355E-02  2.2397E+05  2.2397E+05  3.7018E-01
1.9360E-02  2.2382E+05  2.2382E+05  3.7021E-01
1.9365E-02  2.2367E+05  2.2367E+05  3.7023E-01
1.9370E-02  2.2352E+05  2.2352E+05  3.7026E-01
1.9375E-02  2.2337E+05  2.2337E+05  3.7029E-01
1.9380E-02  2.2322E+05  2.2322E+05  3.7031E-01
1.9385E-02  2.2307E+05  2.2307E+05  3.7034E-01
1.9390E-02  2.2292E+05  2.2292E+05  3.7037E-01
1.9395E-02  2.2277E+05  2.2277E+05  3.7039E-01
1.9400E-02  2.2262E+05  2.2262E+05  3.7042E-01
1.9405E-02  2.2247E+05  2.2247E+05  3.7045E-01
1.9410E-02  2.2232E+05  2.2232E+05  3.7047E-01
1.9415E-02  2.2217E+05  2.2217E+05  3.7050E-01
1.9420E-02  2.2203E+05  2.2203E+05  3.7053E-01
1.9425E-02  2.2188E+05  2.2188E+05  3.7055E-01
1.9430E-02  2.2173E+05  2.2173E+05  3.7058E-01
1.9435E-02  2.2158E+05  2.2158E+05  3.7061E-01
1.9440E-02  2.2143E+05  2.2143E+05  3.7063E-01
1.9445E-02  2.2128E+05  2.2128E+05  3.7066E-01
1.9450E-02  2.2114E+05  2.2114E+05  3.7069E-01
1.9455E-02  2.2099E+05  2.2099E+05  3.7072E-01
1.9460E-02  2.2084E+05  2.2084E+05  3.7074E-01
1.9465E-02  2.2069E+05  2.2069E+05  3.7077E-01
1.9470E-02  2.2055E+05  2.2055E+05  3.7080E-01
1.9475E-02  2.2040E+05  2.2040E+05  3.7083E-01
1.9480E-02  2.2025E+05  2.2025E+05  3.7085E-01
1.9485E-02  2.2011E+05  2.2011E+05  3.7088E-01
1.9490E-02  2.1997E+05  2.1997E+05  3.7091E-01
1.9495E-02  2.1981E+05  2.1981E+05  3.7094E-01
1.9500E-02  2.1967E+05  2.1966E+05  3.7096E-01
1.9505E-02  2.1952E+05  2.1952E+05  3.7099E-01
1.9510E-02  2.1937E+05  2.1937E+05  3.7102E-01
1.9515E-02  2.1923E+05  2.1922E+05  3.7105E-01
1.9520E-02  2.1908E+05  2.1908E+05  3.7107E-01
1.9525E-02  2.1893E+05  2.1893E+05  3.7110E-01
1.9530E-02  2.1879E+05  2.1879E+05  3.7113E-01
1.9535E-02  2.1864E+05  2.1864E+05  3.7116E-01
1.9540E-02  2.1849E+05  2.1849E+05  3.7119E-01
1.9545E-02  2.1835E+05  2.1835E+05  3.7121E-01
1.9550E-02  2.1820E+05  2.1820E+05  3.7124E-01
1.9555E-02  2.1806E+05  2.1806E+05  3.7127E-01
1.9560E-02  2.1791E+05  2.1791E+05  3.7130E-01
1.9565E-02  2.1777E+05  2.1777E+05  3.7133E-01
1.9570E-02  2.1762E+05  2.1762E+05  3.7135E-01
1.9575E-02  2.1748E+05  2.1748E+05  3.7138E-01
1.9580E-02  2.1733E+05  2.1733E+05  3.7141E-01
1.9585E-02  2.1719E+05  2.1719E+05  3.7144E-01
1.9590E-02  2.1704E+05  2.1704E+05  3.7147E-01
1.9595E-02  2.1690E+05  2.1690E+05  3.7149E-01
1.9600E-02  2.1675E+05  2.1675E+05  3.7152E-01
1.9605E-02  2.1661E+05  2.1661E+05  3.7155E-01
1.9610E-02  2.1646E+05  2.1646E+05  3.7158E-01
1.9615E-02  2.1632E+05  2.1632E+05  3.7161E-01
1.9620E-02  2.1617E+05  2.1617E+05  3.7164E-01
1.9625E-02  2.1603E+05  2.1603E+05  3.7167E-01
1.9630E-02  2.1589E+05  2.1589E+05  3.7169E-01
1.9635E-02  2.1574E+05  2.1574E+05  3.7172E-01
1.9640E-02  2.1560E+05  2.1560E+05  3.7175E-01
1.9645E-02  2.1545E+05  2.1545E+05  3.7178E-01
1.9650E-02  2.1531E+05  2.1531E+05  3.7181E-01
1.9655E-02  2.1517E+05  2.1517E+05  3.7184E-01
1.9660E-02  2.1502E+05  2.1502E+05  3.7187E-01
1.9665E-02  2.1488E+05  2.1488E+05  3.7190E-01
1.9670E-02  2.1474E+05  2.1474E+05  3.7192E-01
1.9675E-02  2.1459E+05  2.1459E+05  3.7195E-01
1.9680E-02  2.1445E+05  2.1445E+05  3.7198E-01
1.9685E-02  2.1431E+05  2.1431E+05  3.7201E-01
1.9690E-02  2.1417E+05  2.1417E+05  3.7204E-01
1.9695E-02  2.1402E+05  2.1402E+05  3.7207E-01
1.9700E-02  2.1388E+05  2.1388E+05  3.7210E-01
1.9705E-02  2.1375E+05  2.1375E+05  3.7213E-01
1.9710E-02  2.1372E+05  2.1372E+05  3.7216E-01
1.9715E-02  2.1346E+05  2.1346E+05  3.7219E-01
1.9720E-02  2.1331E+05  2.1331E+05  3.7222E-01
1.9725E-02  2.1317E+05  2.1317E+05  3.7224E-01
1.9730E-02  2.1303E+05  2.1303E+05  3.7227E-01
1.9735E-02  2.1289E+05  2.1289E+05  3.7230E-01
1.9740E-02  2.1274E+05  2.1274E+05  3.7233E-01
1.9745E-02  2.1260E+05  2.1260E+05  3.7236E-01
1.9750E-02  2.1246E+05  2.1246E+05  3.7239E-01
1.9755E-02  2.1232E+05  2.1232E+05  3.7242E-01
1.9760E-02  2.1217E+05  2.1217E+05  3.7245E-01
1.9765E-02  2.1203E+05  2.1203E+05  3.7248E-01
1.9770E-02  2.1189E+05  2.1189E+05  3.7251E-01
1.9775E-02  2.1175E+05  2.1175E+05  3.7254E-01
1.9780E-02  2.1161E+05  2.1161E+05  3.7257E-01
1.9785E-02  2.1147E+05  2.1147E+05  3.7260E-01
1.9790E-02  2.1133E+05  2.1133E+05  3.7263E-01
1.9795E-02  2.1119E+05  2.1119E+05  3.7266E-01
1.9800E-02  2.1138E+05  2.1138E+05  3.7269E-01
1.9805E-02  2.1091E+05  2.1091E+05  3.7272E-01
1.9810E-02  2.1076E+05  2.1076E+05  3.7275E-01
1.9815E-02  2.1062E+05  2.1062E+05  3.7278E-01
1.9820E-02  2.1048E+05  2.1048E+05  3.7281E-01
1.9825E-02  2.1034E+05  2.1034E+05  3.7284E-01
1.9830E-02  2.1020E+05  2.1020E+05  3.7287E-01
1.9835E-02  2.1006E+05  2.1006E+05  3.7290E-01
1.9840E-02  2.1142E+05  2.1142E+05  3.7293E-01
1.9845E-02  2.1393E+05  2.1393E+05  3.7296E-01
1.9850E-02  2.0965E+05  2.0965E+05  3.7299E-01
1.9855E-02  2.0950E+05  2.0950E+05  3.7302E-01
1.9860E-02  2.0936E+05  2.0936E+05  3.7305E-01
1.9865E-02  2.0923E+05  2.0923E+05  3.7308E-01
1.9870E-02  2.0909E+05  2.0909E+05  3.7311E-01
1.9875E-02  2.0894E+05  2.0894E+05  3.7314E-01
1.9880E-02  2.0880E+05  2.0880E+05  3.7318E-01
1.9885E-02  2.0866E+05  2.0866E+05  3.7321E-01
1.9890E-02  2.0852E+05  2.0852E+05  3.7324E-01
1.9895E-02  2.0838E+05  2.0838E+05  3.7327E-01
1.9900E-02  2.0825E+05  2.0824E+05  3.7330E-01
1.9905E-02  2.0811E+05  2.0811E+05  3.7333E-01
1.9910E-02  2.0797E+05  2.0797E+05  3.7336E-01
1.9915E-02  2.0783E+05  2.0783E+05  3.7339E-01
1.9920E-02  2.0769E+05  2.0769E+05  3.7342E-01
1.9925E-02  2.0755E+05  2.0755E+05  3.7345E-01
1.9930E-02  2.0741E+05  2.0741E+05  3.7348E-01
1.9935E-02  2.0728E+05  2.0727E+05  3.7352E-01
1.9940E-02  2.0715E+05  2.0715E+05  3.7355E-01
1.9945E-02  2.0702E+05  2.0702E+05  3.7358E-01
1.9950E-02  2.0686E+05  2.0686E+05  3.7361E-01
1.9955E-02  2.0673E+05  2.0673E+05  3.7364E-01
1.9960E-02  2.0658E+05  2.0658E+05  3.7367E-01
1.9965E-02  2.0644E+05  2.0644E+05  3.7370E-01
1.9970E-02  2.0631E+05  2.0631E+05  3.7373E-01
1.9975E-02  2.0617E+05  2.0617E+05  3.7377E-01
1.9980E-02  2.0603E+05  2.0603E+05  3.7380E-01
1.9985E-02  2.0589E+05  2.0589E+05  3.7383E-01
1.9990E-02  2.0576E+05  2.0575E+05  3.7386E-01
1.9995E-02  2.0562E+05  2.0562E+05  3.7389E-01
2.0000E-02  2.0548E+05  2.0548E+05  3.7392E-01
2.0010E-02  2.0522E+05  2.0522E+05  3.7399E-01
2.0020E-02  2.0493E+05  2.0493E+05  3.7405E-01
2.0030E-02  2.0466E+05  2.0466E+05  3.7412E-01
2.0040E-02  2.0438E+05  2.0438E+05  3.7418E-01
2.0050E-02  2.0411E+05  2.0411E+05  3.7424E-01
2.0060E-02  2.0384E+05  2.0384E+05  3.7431E-01
2.0070E-02  2.0356E+05  2.0356E+05  3.7437E-01
2.0080E-02  2.0329E+05  2.0329E+05  3.7444E-01
2.0090E-02  2.0361E+05  2.0360E+05  3.7450E-01
2.0100E-02  2.0275E+05  2.0275E+05  3.7453E-01
2.0110E-02  2.0248E+05  2.0248E+05  3.7453E-01
2.0120E-02  2.0220E+05  2.0220E+05  3.7453E-01
2.0130E-02  2.0193E+05  2.0193E+05  3.7453E-01
2.0140E-02  2.0166E+05  2.0166E+05  3.7453E-01
2.0150E-02  2.0140E+05  2.0140E+05  3.7453E-01
2.0160E-02  2.0116E+05  2.0116E+05  3.7453E-01
2.0170E-02  2.0085E+05  2.0085E+05  3.7453E-01
2.0180E-02  2.0059E+05  2.0059E+05  3.7453E-01
2.0190E-02  2.0032E+05  2.0032E+05  3.7453E-01
2.0200E-02  2.0005E+05  2.0005E+05  3.7453E-01
2.0210E-02  1.9978E+05  1.9978E+05  3.7453E-01
2.0220E-02  1.9951E+05  1.9951E+05  3.7453E-01
2.0230E-02  1.9924E+05  1.9924E+05  3.7453E-01
2.0240E-02  1.9897E+05  1.9897E+05  3.7453E-01
2.0250E-02  1.9873E+05  1.9873E+05  3.7453E-01
2.0260E-02  1.9844E+05  1.9844E+05  3.7453E-01
2.0270E-02  1.9817E+05  1.9817E+05  3.7453E-01
2.0280E-02  1.9791E+05  1.9791E+05  3.7453E-01
2.0290E-02  1.9777E+05  1.9777E+05  3.7453E-01
2.0300E-02  1.9738E+05  1.9738E+05  3.7453E-01
2.0310E-02  1.9712E+05  1.9712E+05  3.7453E-01
2.0320E-02  1.9687E+05  1.9687E+05  3.7453E-01
2.0330E-02  1.9659E+05  1.9659E+05  3.7453E-01
2.0340E-02  1.9631E+05  1.9631E+05  3.7453E-01
2.0350E-02  1.9605E+05  1.9605E+05  3.7453E-01
2.0360E-02  1.9578E+05  1.9578E+05  3.7453E-01
2.0370E-02  1.9552E+05  1.9552E+05  3.7453E-01
2.0380E-02  1.9527E+05  1.9527E+05  3.7453E-01
2.0390E-02  1.9500E+05  1.9499E+05  3.7453E-01
2.0400E-02  1.9476E+05  1.9476E+05  3.7453E-01
2.0410E-02  1.9447E+05  1.9447E+05  3.7453E-01
2.0420E-02  1.9424E+05  1.9424E+05  3.7453E-01
2.0430E-02  1.9402E+05  1.9402E+05  3.7453E-01
2.0440E-02  1.9368E+05  1.9368E+05  3.7453E-01
2.0450E-02  1.9342E+05  1.9342E+05  3.7453E-01
2.0460E-02  1.9316E+05  1.9316E+05  3.7453E-01
2.0470E-02  1.9290E+05  1.9290E+05  3.7453E-01
2.0480E-02  1.9270E+05  1.9270E+05  3.7453E-01
2.0490E-02  1.9246E+05  1.9246E+05  3.7453E-01
2.0500E-02  1.9233E+05  1.9233E+05  3.7453E-01
2.0510E-02  1.9186E+05  1.9186E+05  3.7453E-01
2.0520E-02  1.9163E+05  1.9163E+05  3.7453E-01
2.0530E-02  1.9140E+05  1.9140E+05  3.7453E-01
2.0540E-02  1.9125E+05  1.9125E+05  3.7453E-01
2.0550E-02  1.9083E+05  1.9083E+05  3.7453E-01
2.0560E-02  1.9057E+05  1.9057E+05  3.7453E-01
2.0570E-02  1.9042E+05  1.9042E+05  3.7453E-01
2.0580E-02  1.9006E+05  1.9006E+05  3.7453E-01
2.0590E-02  1.9004E+05  1.9004E+05  3.7453E-01
2.0600E-02  1.8955E+05  1.8955E+05  3.7453E-01
2.0610E-02  1.9012E+05  1.9012E+05  3.7453E-01
2.0620E-02  1.8909E+05  1.8909E+05  3.7453E-01
2.0630E-02  1.8885E+05  1.8885E+05  3.7453E-01
2.0640E-02  1.8859E+05  1.8859E+05  3.7453E-01
2.0650E-02  1.8834E+05  1.8834E+05  3.7453E-01
2.0660E-02  1.8809E+05  1.8809E+05  3.7453E-01
2.0670E-02  1.8786E+05  1.8786E+05  3.7453E-01
2.0680E-02  1.8758E+05  1.8758E+05  3.7453E-01
2.0690E-02  1.8733E+05  1.8733E+05  3.7453E-01
2.0700E-02  1.8709E+05  1.8709E+05  3.7453E-01
2.0710E-02  1.8689E+05  1.8689E+05  3.7453E-01
2.0720E-02  1.8665E+05  1.8665E+05  3.7453E-01
2.0730E-02  1.8641E+05  1.8641E+05  3.7453E-01
2.0740E-02  1.8618E+05  1.8618E+05  3.7453E-01
2.0750E-02  1.8595E+05  1.8595E+05  3.7453E-01
2.0760E-02  1.8574E+05  1.8573E+05  3.7453E-01
2.0770E-02  1.8553E+05  1.8553E+05  3.7453E-01
2.0780E-02  1.8533E+05  1.8533E+05  3.7453E-01
2.0790E-02  1.8516E+05  1.8516E+05  3.7453E-01
2.0800E-02  1.8503E+05  1.8503E+05  3.7453E-01
2.0810E-02  1.8496E+05  1.8496E+05  3.7453E-01
2.0820E-02  1.8575E+05  1.8575E+05  3.7453E-01
2.0830E-02  1.8523E+05  1.8522E+05  3.7453E-01
2.0840E-02  1.8593E+05  1.8593E+05  3.7453E-01
2.0850E-02  1.8794E+05  1.8794E+05  3.7453E-01
2.0860E-02  1.9550E+05  1.9550E+05  3.7453E-01
2.0870E-02  2.7311E+05  2.7311E+05  3.7453E-01
2.0880E-02  3.8602E+05  3.8601E+05  3.7453E-01
2.0890E-02  1.9869E+05  1.9869E+05  3.7453E-01
2.0900E-02  1.8756E+05  1.8756E+05  3.7453E-01
2.0910E-02  1.8446E+05  1.8446E+05  3.7453E-01
2.0920E-02  1.8299E+05  1.8299E+05  3.7453E-01
2.0930E-02  1.8217E+05  1.8217E+05  3.7453E-01
2.0940E-02  1.8161E+05  1.8161E+05  3.7453E-01
2.0950E-02  1.8118E+05  1.8118E+05  3.7453E-01
2.0960E-02  1.8081E+05  1.8081E+05  3.7453E-01
2.0970E-02  1.8048E+05  1.8048E+05  3.7453E-01
2.0980E-02  1.8018E+05  1.8018E+05  3.7453E-01
2.0990E-02  1.7988E+05  1.7988E+05  3.7453E-01
2.1000E-02  1.7960E+05  1.7960E+05  3.7453E-01
2.1010E-02  1.7932E+05  1.7932E+05  3.7453E-01
2.1020E-02  1.7905E+05  1.7905E+05  3.7453E-01
2.1030E-02  1.7879E+05  1.7879E+05  3.7453E-01
2.1040E-02  1.7852E+05  1.7852E+05  3.7453E-01
2.1050E-02  1.7827E+05  1.7827E+05  3.7453E-01
2.1060E-02  1.7801E+05  1.7801E+05  3.7453E-01
2.1070E-02  1.7775E+05  1.7775E+05  3.7453E-01
2.1080E-02  1.7750E+05  1.7750E+05  3.7453E-01
2.1090E-02  1.7725E+05  1.7725E+05  3.7453E-01
2.1100E-02  1.7700E+05  1.7699E+05  3.7453E-01
2.1110E-02  1.7674E+05  1.7674E+05  3.7453E-01
2.1120E-02  1.7649E+05  1.7649E+05  3.7453E-01
2.1130E-02  1.7624E+05  1.7624E+05  3.7453E-01
2.1140E-02  1.7600E+05  1.7599E+05  3.7453E-01
2.1150E-02  1.7575E+05  1.7575E+05  3.7453E-01
2.1160E-02  1.7550E+05  1.7550E+05  3.7453E-01
2.1170E-02  1.7525E+05  1.7525E+05  3.7453E-01
2.1180E-02  1.7500E+05  1.7500E+05  3.7453E-01
2.1190E-02  1.7476E+05  1.7476E+05  3.7453E-01
2.1200E-02  1.7451E+05  1.7451E+05  3.7453E-01
2.1210E-02  1.7426E+05  1.7426E+05  3.7453E-01
2.1220E-02  1.7402E+05  1.7402E+05  3.7453E-01
2.1230E-02  1.7377E+05  1.7377E+05  3.7453E-01
2.1240E-02  1.7353E+05  1.7353E+05  3.7453E-01
2.1250E-02  1.7328E+05  1.7328E+05  3.7453E-01
2.1260E-02  1.7304E+05  1.7303E+05  3.7453E-01
2.1270E-02  1.7279E+05  1.7279E+05  3.7453E-01
2.1280E-02  1.7255E+05  1.7255E+05  3.7453E-01
2.1290E-02  1.7230E+05  1.7230E+05  3.7453E-01
2.1300E-02  1.7206E+05  1.7206E+05  3.7453E-01
2.1310E-02  1.7181E+05  1.7181E+05  3.7453E-01
2.1320E-02  1.7157E+05  1.7157E+05  3.7453E-01
2.1330E-02  1.7133E+05  1.7133E+05  3.7453E-01
2.1340E-02  1.7108E+05  1.7108E+05  3.7453E-01
2.1350E-02  1.7084E+05  1.7084E+05  3.7453E-01
2.1360E-02  1.7060E+05  1.7060E+05  3.7453E-01
2.1370E-02  1.7035E+05  1.7035E+05  3.7453E-01
2.1380E-02  1.7011E+05  1.7011E+05  3.7453E-01
2.1390E-02  1.6987E+05  1.6987E+05  3.7453E-01
2.1400E-02  1.6963E+05  1.6963E+05  3.7453E-01
2.1410E-02  1.6939E+05  1.6939E+05  3.7453E-01
2.1420E-02  1.6914E+05  1.6914E+05  3.7453E-01
2.1430E-02  1.6890E+05  1.6890E+05  3.7453E-01
2.1440E-02  1.6866E+05  1.6866E+05  3.7453E-01
2.1450E-02  1.6842E+05  1.6842E+05  3.7453E-01
2.1460E-02  1.6818E+05  1.6818E+05  3.7453E-01
2.1470E-02  1.6794E+05  1.6794E+05  3.7453E-01
2.1480E-02  1.6770E+05  1.6770E+05  3.7453E-01
2.1490E-02  1.6746E+05  1.6746E+05  3.7453E-01
2.1500E-02  1.6722E+05  1.6722E+05  3.7453E-01
2.1510E-02  1.6698E+05  1.6698E+05  3.7453E-01
2.1520E-02  1.6674E+05  1.6674E+05  3.7453E-01
2.1530E-02  1.6650E+05  1.6650E+05  3.7453E-01
2.1540E-02  1.6626E+05  1.6626E+05  3.7453E-01
2.1550E-02  1.6602E+05  1.6602E+05  3.7453E-01
2.1560E-02  1.6578E+05  1.6578E+05  3.7453E-01
2.1570E-02  1.6554E+05  1.6554E+05  3.7453E-01
2.1580E-02  1.6530E+05  1.6530E+05  3.7453E-01
2.1590E-02  1.6507E+05  1.6507E+05  3.7453E-01
2.1600E-02  1.6483E+05  1.6483E+05  3.7453E-01
2.1610E-02  1.6459E+05  1.6459E+05  3.7453E-01
2.1620E-02  1.6435E+05  1.6435E+05  3.7452E-01
2.1630E-02  1.6411E+05  1.6411E+05  3.7452E-01
2.1640E-02  1.6388E+05  1.6387E+05  3.7452E-01
2.1650E-02  1.6364E+05  1.6364E+05  3.7452E-01
2.1660E-02  1.6340E+05  1.6340E+05  3.7452E-01
2.1670E-02  1.6316E+05  1.6316E+05  3.7452E-01
2.1680E-02  1.6293E+05  1.6293E+05  3.7452E-01
2.1690E-02  1.6269E+05  1.6269E+05  3.7452E-01
2.1700E-02  1.6245E+05  1.6245E+05  3.7452E-01
2.1710E-02  1.6222E+05  1.6222E+05  3.7452E-01
2.1720E-02  1.6198E+05  1.6198E+05  3.7452E-01
2.1730E-02  1.6174E+05  1.6174E+05  3.7452E-01
2.1740E-02  1.6151E+05  1.6151E+05  3.7452E-01
2.1750E-02  1.6127E+05  1.6127E+05  3.7452E-01
2.1760E-02  1.6104E+05  1.6104E+05  3.7452E-01
2.1770E-02  1.6080E+05  1.6080E+05  3.7452E-01
2.1780E-02  1.6057E+05  1.6057E+05  3.7452E-01
2.1790E-02  1.6033E+05  1.6033E+05  3.7452E-01
2.1800E-02  1.6010E+05  1.6010E+05  3.7452E-01
2.1810E-02  1.5987E+05  1.5987E+05  3.7452E-01
2.1820E-02  1.5965E+05  1.5965E+05  3.7452E-01
2.1830E-02  1.5941E+05  1.5941E+05  3.7452E-01
2.1840E-02  1.5919E+05  1.5919E+05  3.7452E-01
2.1850E-02  1.5896E+05  1.5896E+05  3.7452E-01
2.1860E-02  1.5873E+05  1.5873E+05  3.7452E-01
2.1870E-02  1.5851E+05  1.5851E+05  3.7452E-01
2.1880E-02  1.5829E+05  1.5828E+05  3.7452E-01
2.1890E-02  1.5806E+05  1.5806E+05  3.7452E-01
2.1900E-02  1.5784E+05  1.5784E+05  3.7452E-01
2.1910E-02  1.5762E+05  1.5762E+05  3.7452E-01
2.1920E-02  1.5740E+05  1.5740E+05  3.7452E-01
2.1930E-02  1.5718E+05  1.5718E+05  3.7452E-01
2.1940E-02  1.5696E+05  1.5696E+05  3.7452E-01
2.1950E-02  1.5675E+05  1.5674E+05  3.7452E-01
2.1960E-02  1.5653E+05  1.5653E+05  3.7452E-01
2.1970E-02  1.5631E+05  1.5631E+05  3.7452E-01
2.1980E-02  1.5610E+05  1.5610E+05  3.7452E-01
2.1990E-02  1.5588E+05  1.5588E+05  3.7452E-01
2.2000E-02  1.5567E+05  1.5567E+05  3.7452E-01
2.2010E-02  1.5546E+05  1.5546E+05  3.7452E-01
2.2020E-02  1.5525E+05  1.5525E+05  3.7452E-01
2.2030E-02  1.5504E+05  1.5504E+05  3.7452E-01
2.2040E-02  1.5484E+05  1.5484E+05  3.7452E-01
2.2050E-02  1.5462E+05  1.5462E+05  3.7452E-01
2.2060E-02  1.5441E+05  1.5441E+05  3.7452E-01
2.2070E-02  1.5421E+05  1.5420E+05  3.7452E-01
2.2080E-02  1.5400E+05  1.5400E+05  3.7452E-01
2.2090E-02  1.5379E+05  1.5379E+05  3.7452E-01
2.2100E-02  1.5359E+05  1.5359E+05  3.7452E-01
2.2110E-02  1.6551E+05  1.6551E+05  3.7452E-01
2.2120E-02  1.5319E+05  1.5319E+05  3.7452E-01
2.2130E-02  1.5298E+05  1.5298E+05  3.7452E-01
2.2140E-02  1.5278E+05  1.5278E+05  3.7452E-01
2.2150E-02  1.5258E+05  1.5258E+05  3.7452E-01
2.2160E-02  1.5238E+05  1.5238E+05  3.7452E-01
2.2170E-02  1.5218E+05  1.5218E+05  3.7452E-01
2.2180E-02  1.5198E+05  1.5198E+05  3.7452E-01
2.2190E-02  1.5178E+05  1.5178E+05  3.7452E-01
2.2200E-02  1.5158E+05  1.5158E+05  3.7452E-01
2.2210E-02  1.5139E+05  1.5139E+05  3.7452E-01
2.2220E-02  1.5120E+05  1.5120E+05  3.7452E-01
2.2230E-02  1.5100E+05  1.5100E+05  3.7452E-01
2.2240E-02  1.5080E+05  1.5080E+05  3.7452E-01
2.2250E-02  1.5062E+05  1.5062E+05  3.7452E-01
2.2260E-02  1.5042E+05  1.5042E+05  3.7452E-01
2.2270E-02  1.5022E+05  1.5022E+05  3.7452E-01
2.2280E-02  1.5003E+05  1.5003E+05  3.7452E-01
2.2290E-02  1.4989E+05  1.4989E+05  3.7452E-01
2.2300E-02  1.4965E+05  1.4965E+05  3.7452E-01
2.2310E-02  1.4946E+05  1.4946E+05  3.7452E-01
2.2320E-02  1.4927E+05  1.4927E+05  3.7452E-01
2.2330E-02  1.4908E+05  1.4908E+05  3.7452E-01
2.2340E-02  1.4890E+05  1.4890E+05  3.7452E-01
2.2350E-02  1.4871E+05  1.4871E+05  3.7452E-01
2.2360E-02  1.4852E+05  1.4852E+05  3.7452E-01
2.2370E-02  1.4834E+05  1.4834E+05  3.7452E-01
2.2380E-02  1.4815E+05  1.4815E+05  3.7452E-01
2.2390E-02  1.4797E+05  1.4797E+05  3.7452E-01
2.2400E-02  1.4778E+05  1.4778E+05  3.7452E-01
2.2410E-02  1.4760E+05  1.4760E+05  3.7452E-01
2.2420E-02  1.4742E+05  1.4742E+05  3.7452E-01
2.2430E-02  1.4724E+05  1.4724E+05  3.7452E-01
2.2440E-02  1.4706E+05  1.4706E+05  3.7452E-01
2.2450E-02  1.4689E+05  1.4689E+05  3.7452E-01
2.2460E-02  1.4670E+05  1.4669E+05  3.7452E-01
2.2470E-02  1.4652E+05  1.4652E+05  3.7452E-01
2.2480E-02  1.4634E+05  1.4634E+05  3.7452E-01
2.2490E-02  1.4616E+05  1.4616E+05  3.7452E-01
2.2500E-02  1.4598E+05  1.4598E+05  3.7452E-01
2.2510E-02  1.4580E+05  1.4580E+05  3.7452E-01
2.2520E-02  1.4563E+05  1.4563E+05  3.7452E-01
2.2530E-02  1.4545E+05  1.4545E+05  3.7452E-01
2.2540E-02  1.4528E+05  1.4528E+05  3.7452E-01
2.2550E-02  1.4510E+05  1.4510E+05  3.7452E-01
2.2560E-02  1.4493E+05  1.4493E+05  3.7452E-01
2.2570E-02  1.4476E+05  1.4476E+05  3.7452E-01
2.2580E-02  1.4459E+05  1.4458E+05  3.7452E-01
2.2590E-02  1.4441E+05  1.4441E+05  3.7452E-01
2.2600E-02  1.4425E+05  1.4425E+05  3.7452E-01
2.2610E-02  1.4407E+05  1.4407E+05  3.7452E-01
2.2620E-02  1.5619E+05  1.5619E+05  3.7452E-01
2.2630E-02  1.4374E+05  1.4374E+05  3.7452E-01
2.2640E-02  1.4357E+05  1.4357E+05  3.7452E-01
2.2650E-02  1.4341E+05  1.4341E+05  3.7452E-01
2.2660E-02  1.4324E+05  1.4324E+05  3.7452E-01
2.2670E-02  1.4309E+05  1.4309E+05  3.7452E-01
2.2680E-02  1.4295E+05  1.4294E+05  3.7452E-01
2.2690E-02  1.4285E+05  1.4285E+05  3.7452E-01
2.2700E-02  1.4259E+05  1.4259E+05  3.7452E-01
2.2710E-02  1.4243E+05  1.4243E+05  3.7452E-01
2.2720E-02  1.4227E+05  1.4227E+05  3.7452E-01
2.2730E-02  1.4211E+05  1.4211E+05  3.7452E-01
2.2740E-02  1.4197E+05  1.4196E+05  3.7452E-01
2.2750E-02  1.4182E+05  1.4182E+05  3.7452E-01
2.2760E-02  1.4169E+05  1.4169E+05  3.7452E-01
2.2770E-02  1.4157E+05  1.4157E+05  3.7452E-01
2.2780E-02  1.4147E+05  1.4147E+05  3.7452E-01
2.2790E-02  1.4141E+05  1.4141E+05  3.7452E-01
2.2800E-02  1.4143E+05  1.4143E+05  3.7452E-01
2.2810E-02  1.4161E+05  1.4161E+05  3.7452E-01
2.2820E-02  1.4222E+05  1.4222E+05  3.7452E-01
2.2830E-02  1.4426E+05  1.4426E+05  3.7452E-01
2.2840E-02  1.5532E+05  1.5532E+05  3.7452E-01
2.2850E-02  3.0187E+07  3.0187E+07  3.7452E-01
2.2860E-02  1.6245E+05  1.6245E+05  3.7452E-01
2.2870E-02  1.4863E+05  1.4863E+05  3.7452E-01
2.2880E-02  1.4238E+05  1.4238E+05  3.7452E-01
2.2890E-02  1.6745E+05  1.6745E+05  3.7452E-01
2.2900E-02  1.4005E+05  1.4005E+05  3.7452E-01
2.2910E-02  1.3964E+05  1.3964E+05  3.7452E-01
2.2920E-02  1.3931E+05  1.3931E+05  3.7452E-01
2.2930E-02  1.3906E+05  1.3906E+05  3.7452E-01
2.2940E-02  1.3884E+05  1.3884E+05  3.7452E-01
2.2950E-02  1.3864E+05  1.3864E+05  3.7452E-01
2.2960E-02  1.3846E+05  1.3846E+05  3.7452E-01
2.2970E-02  1.3829E+05  1.3829E+05  3.7452E-01
2.2980E-02  1.3812E+05  1.3812E+05  3.7452E-01
2.2990E-02  1.3795E+05  1.3795E+05  3.7452E-01
2.3000E-02  1.3779E+05  1.3779E+05  3.7452E-01
2.3010E-02  1.3764E+05  1.3763E+05  3.7452E-01
2.3020E-02  1.3748E+05  1.3748E+05  3.7452E-01
2.3030E-02  1.3732E+05  1.3732E+05  3.7452E-01
2.3040E-02  1.3717E+05  1.3717E+05  3.7452E-01
2.3050E-02  1.3702E+05  1.3702E+05  3.7452E-01
2.3060E-02  1.3687E+05  1.3687E+05  3.7452E-01
2.3070E-02  1.3673E+05  1.3672E+05  3.7452E-01
2.3080E-02  1.3658E+05  1.3658E+05  3.7452E-01
2.3090E-02  1.3643E+05  1.3643E+05  3.7452E-01
2.3100E-02  1.3629E+05  1.3629E+05  3.7452E-01
2.3110E-02  1.3615E+05  1.3614E+05  3.7452E-01
2.3120E-02  1.3600E+05  1.3600E+05  3.7452E-01
2.3130E-02  1.3586E+05  1.3586E+05  3.7452E-01
2.3140E-02  1.3572E+05  1.3572E+05  3.7452E-01
2.3150E-02  1.3558E+05  1.3558E+05  3.7452E-01
2.3160E-02  1.3545E+05  1.3545E+05  3.7452E-01
2.3170E-02  1.3531E+05  1.3531E+05  3.7452E-01
2.3180E-02  1.3518E+05  1.3518E+05  3.7452E-01
2.3190E-02  1.3504E+05  1.3504E+05  3.7452E-01
2.3200E-02  1.3491E+05  1.3491E+05  3.7452E-01
2.3210E-02  1.3478E+05  1.3478E+05  3.7452E-01
2.3220E-02  1.3469E+05  1.3469E+05  3.7452E-01
2.3230E-02  1.3452E+05  1.3452E+05  3.7452E-01
2.3240E-02  1.3440E+05  1.3440E+05  3.7452E-01
2.3250E-02  1.3427E+05  1.3427E+05  3.7452E-01
2.3260E-02  1.3415E+05  1.3415E+05  3.7452E-01
2.3270E-02  1.3403E+05  1.3403E+05  3.7452E-01
2.3280E-02  1.3391E+05  1.3391E+05  3.7452E-01
2.3290E-02  1.3380E+05  1.3380E+05  3.7452E-01
2.3300E-02  1.3369E+05  1.3369E+05  3.7452E-01
2.3310E-02  1.3358E+05  1.3358E+05  3.7452E-01
2.3320E-02  1.3358E+05  1.3358E+05  3.7452E-01
2.3330E-02  1.3336E+05  1.3336E+05  3.7452E-01
2.3340E-02  1.3326E+05  1.3326E+05  3.7452E-01
2.3350E-02  1.3316E+05  1.3316E+05  3.7452E-01
2.3360E-02  1.3307E+05  1.3307E+05  3.7452E-01
2.3370E-02  1.3298E+05  1.3298E+05  3.7452E-01
2.3380E-02  1.3292E+05  1.3292E+05  3.7452E-01
2.3390E-02  1.3282E+05  1.3282E+05  3.7452E-01
2.3400E-02  1.3275E+05  1.3275E+05  3.7452E-01
2.3410E-02  1.3270E+05  1.3269E+05  3.7452E-01
2.3420E-02  1.3269E+05  1.3268E+05  3.7452E-01
2.3430E-02  1.3263E+05  1.3263E+05  3.7452E-01
2.3440E-02  1.3265E+05  1.3265E+05  3.7452E-01
2.3450E-02  1.3277E+05  1.3277E+05  3.7452E-01
2.3460E-02  1.3385E+05  1.3385E+05  3.7452E-01
2.3470E-02  1.3277E+05  1.3277E+05  3.7452E-01
2.3480E-02  1.3297E+05  1.3297E+05  3.7452E-01
2.3490E-02  1.3346E+05  1.3346E+05  3.7452E-01
2.3500E-02  1.3481E+05  1.3481E+05  3.7452E-01
2.3510E-02  1.3994E+05  1.3994E+05  3.7452E-01
2.3520E-02  2.0789E+05  2.0789E+05  3.7452E-01
2.3530E-02  8.1714E+05  8.1714E+05  3.7452E-01
2.3540E-02  1.4450E+05  1.4450E+05  3.7452E-01
2.3550E-02  1.3577E+05  1.3577E+05  3.7452E-01
2.3560E-02  1.3386E+05  1.3386E+05  3.7452E-01
2.3570E-02  1.3319E+05  1.3319E+05  3.7451E-01
2.3580E-02  1.3289E+05  1.3289E+05  3.7451E-01
2.3590E-02  1.3275E+05  1.3275E+05  3.7451E-01
2.3600E-02  1.3268E+05  1.3268E+05  3.7451E-01
2.3610E-02  1.3264E+05  1.3264E+05  3.7451E-01
2.3620E-02  1.3263E+05  1.3263E+05  3.7451E-01
2.3630E-02  1.3263E+05  1.3263E+05  3.7451E-01
2.3640E-02  1.3265E+05  1.3265E+05  3.7451E-01
2.3650E-02  1.3267E+05  1.3267E+05  3.7451E-01
2.3660E-02  1.3279E+05  1.3279E+05  3.7451E-01
2.3670E-02  1.3273E+05  1.3273E+05  3.7451E-01
2.3680E-02  1.3277E+05  1.3277E+05  3.7451E-01
2.3690E-02  1.3282E+05  1.3282E+05  3.7451E-01
2.3700E-02  1.3288E+05  1.3288E+05  3.7451E-01
2.3710E-02  1.3294E+05  1.3294E+05  3.7451E-01
2.3720E-02  1.3302E+05  1.3302E+05  3.7451E-01
2.3730E-02  1.3311E+05  1.3311E+05  3.7451E-01
2.3740E-02  1.3322E+05  1.3322E+05  3.7451E-01
2.3750E-02  1.3334E+05  1.3334E+05  3.7451E-01
2.3760E-02  1.3356E+05  1.3356E+05  3.7451E-01
2.3770E-02  3.2784E+05  3.2784E+05  3.7451E-01
2.3780E-02  1.3404E+05  1.3404E+05  3.7451E-01
2.3790E-02  1.3447E+05  1.3447E+05  3.7451E-01
2.3800E-02  1.3532E+05  1.3532E+05  3.7451E-01
2.3810E-02  1.3729E+05  1.3728E+05  3.7451E-01
2.3820E-02  1.4445E+05  1.4445E+05  3.7451E-01
2.3830E-02  2.4043E+05  2.4043E+05  3.7451E-01
2.3840E-02  4.5812E+05  4.5812E+05  3.7451E-01
2.3850E-02  1.5051E+05  1.5051E+05  3.7451E-01
2.3860E-02  1.4056E+05  1.4056E+05  3.7451E-01
2.3870E-02  1.3888E+05  1.3888E+05  3.7451E-01
2.3880E-02  1.3873E+05  1.3873E+05  3.7451E-01
2.3890E-02  1.4269E+05  1.4269E+05  3.7451E-01
2.3900E-02  1.3945E+05  1.3945E+05  3.7451E-01
2.3910E-02  1.4256E+05  1.4256E+05  3.7451E-01
2.3920E-02  1.4070E+05  1.4070E+05  3.7451E-01
2.3930E-02  1.4238E+05  1.4238E+05  3.7451E-01
2.3940E-02  1.4223E+05  1.4223E+05  3.7451E-01
2.3950E-02  1.4304E+05  1.4304E+05  3.7451E-01
2.3960E-02  1.4414E+05  1.4414E+05  3.7451E-01
2.3970E-02  1.4563E+05  1.4563E+05  3.7451E-01
2.3980E-02  1.4839E+05  1.4839E+05  3.7451E-01
2.3990E-02  1.5802E+05  1.5802E+05  3.7451E-01
2.4000E-02  3.8298E+05  3.8298E+05  3.7451E-01
2.4010E-02  2.4882E+05  2.4882E+05  3.7451E-01
2.4020E-02  1.6010E+05  1.6010E+05  3.7451E-01
2.4030E-02  1.5596E+05  1.5596E+05  3.7451E-01
2.4040E-02  1.5649E+05  1.5649E+05  3.7451E-01
2.4050E-02  1.5941E+05  1.5941E+05  3.7451E-01
2.4060E-02  1.6007E+05  1.6007E+05  3.7451E-01
2.4070E-02  1.6260E+05  1.6260E+05  3.7451E-01
2.4080E-02  1.6607E+05  1.6607E+05  3.7451E-01
2.4090E-02  1.7363E+05  1.7363E+05  3.7451E-01
2.4100E-02  2.6683E+05  2.6682E+05  3.7451E-01
2.4110E-02  2.9020E+05  2.9020E+05  3.7451E-01
2.4120E-02  1.8496E+05  1.8496E+05  3.7451E-01
2.4130E-02  1.8374E+05  1.8374E+05  3.7451E-01
2.4140E-02  1.8729E+05  1.8729E+05  3.7451E-01
2.4150E-02  1.9274E+05  1.9274E+05  3.7451E-01
2.4160E-02  2.0602E+05  2.0602E+05  3.7451E-01
2.4170E-02  6.2027E+05  6.2027E+05  3.7451E-01
2.4180E-02  2.2187E+05  2.2187E+05  3.7451E-01
2.4190E-02  2.1620E+05  2.1620E+05  3.7451E-01
2.4200E-02  2.2240E+05  2.2240E+05  3.7451E-01
2.4210E-02  2.4516E+05  2.4516E+05  3.7451E-01
2.4220E-02  2.6254E+05  2.6254E+05  3.7451E-01
2.4230E-02  2.3951E+05  2.3951E+05  3.7451E-01
2.4240E-02  2.4478E+05  2.4478E+05  3.7451E-01
2.4250E-02  2.5707E+05  2.5707E+05  3.7451E-01
2.4260E-02  2.4792E+05  2.4792E+05  3.7451E-01
2.4270E-02  2.4847E+05  2.4847E+05  3.7451E-01
2.4280E-02  2.4933E+05  2.4933E+05  3.7451E-01
2.4290E-02  2.4920E+05  2.4920E+05  3.7451E-01
2.4300E-02  2.4903E+05  2.4902E+05  3.7451E-01
2.4310E-02  2.4886E+05  2.4886E+05  3.7451E-01
2.4320E-02  2.4870E+05  2.4870E+05  3.7451E-01
2.4330E-02  2.4854E+05  2.4854E+05  3.7451E-01
2.4340E-02  2.4838E+05  2.4838E+05  3.7451E-01
2.4350E-02  2.4822E+05  2.4822E+05  3.7451E-01
2.4360E-02  2.4807E+05  2.4807E+05  3.7451E-01
2.4370E-02  2.4792E+05  2.4792E+05  3.7451E-01
2.4380E-02  2.4777E+05  2.4776E+05  3.7451E-01
2.4390E-02  2.4761E+05  2.4761E+05  3.7451E-01
2.4400E-02  2.4746E+05  2.4746E+05  3.7451E-01
2.4410E-02  2.4731E+05  2.4731E+05  3.7451E-01
2.4420E-02  2.4716E+05  2.4716E+05  3.7451E-01
2.4430E-02  2.4701E+05  2.4701E+05  3.7451E-01
2.4440E-02  2.4685E+05  2.4685E+05  3.7451E-01
2.4450E-02  2.4670E+05  2.4670E+05  3.7451E-01
2.4460E-02  2.4654E+05  2.4654E+05  3.7451E-01
2.4470E-02  2.4639E+05  2.4639E+05  3.7451E-01
2.4480E-02  2.4623E+05  2.4623E+05  3.7451E-01
2.4490E-02  2.4608E+05  2.4607E+05  3.7451E-01
2.4500E-02  2.4592E+05  2.4592E+05  3.7451E-01
2.4510E-02  2.4576E+05  2.4576E+05  3.7451E-01
2.4520E-02  2.4560E+05  2.4560E+05  3.7451E-01
2.4530E-02  2.4545E+05  2.4545E+05  3.7451E-01
2.4540E-02  2.4690E+05  2.4690E+05  3.7451E-01
2.4550E-02  2.4514E+05  2.4514E+05  3.7451E-01
2.4560E-02  2.4497E+05  2.4497E+05  3.7451E-01
2.4570E-02  2.4481E+05  2.4481E+05  3.7451E-01
2.4580E-02  2.4465E+05  2.4465E+05  3.7451E-01
2.4590E-02  2.4449E+05  2.4449E+05  3.7451E-01
2.4600E-02  2.4433E+05  2.4433E+05  3.7451E-01
2.4610E-02  2.4416E+05  2.4416E+05  3.7451E-01
2.4620E-02  2.4400E+05  2.4400E+05  3.7451E-01
2.4630E-02  2.4384E+05  2.4384E+05  3.7451E-01
2.4640E-02  2.4368E+05  2.4368E+05  3.7451E-01
2.4650E-02  2.4351E+05  2.4351E+05  3.7451E-01
2.4660E-02  2.4335E+05  2.4335E+05  3.7451E-01
2.4670E-02  2.4318E+05  2.4318E+05  3.7451E-01
2.4680E-02  2.4302E+05  2.4302E+05  3.7451E-01
2.4690E-02  2.4286E+05  2.4285E+05  3.7451E-01
2.4700E-02  2.4269E+05  2.4269E+05  3.7451E-01
2.4710E-02  2.4252E+05  2.4252E+05  3.7451E-01
2.4720E-02  2.4236E+05  2.4236E+05  3.7451E-01
2.4730E-02  2.4219E+05  2.4219E+05  3.7451E-01
2.4740E-02  2.4202E+05  2.4202E+05  3.7451E-01
2.4750E-02  2.4186E+05  2.4186E+05  3.7451E-01
2.4760E-02  2.4169E+05  2.4169E+05  3.7451E-01
2.4770E-02  2.4152E+05  2.4152E+05  3.7451E-01
2.4780E-02  2.4135E+05  2.4135E+05  3.7451E-01
2.4790E-02  2.4118E+05  2.4118E+05  3.7451E-01
2.4800E-02  2.4103E+05  2.4103E+05  3.7451E-01
2.4810E-02  2.4089E+05  2.4089E+05  3.7451E-01
2.4820E-02  2.4072E+05  2.4072E+05  3.7451E-01
2.4830E-02  2.4051E+05  2.4051E+05  3.7451E-01
2.4840E-02  2.4034E+05  2.4033E+05  3.7451E-01
2.4850E-02  2.4016E+05  2.4016E+05  3.7451E-01
2.4860E-02  2.3999E+05  2.3999E+05  3.7451E-01
2.4870E-02  2.3982E+05  2.3982E+05  3.7451E-01
2.4880E-02  2.3965E+05  2.3965E+05  3.7451E-01
2.4890E-02  2.3948E+05  2.3948E+05  3.7451E-01
2.4900E-02  2.3931E+05  2.3931E+05  3.7451E-01
2.4910E-02  2.3914E+05  2.3913E+05  3.7451E-01
2.4920E-02  2.3896E+05  2.3896E+05  3.7451E-01
2.4930E-02  2.3879E+05  2.3879E+05  3.7451E-01
2.4940E-02  2.3861E+05  2.3861E+05  3.7451E-01
2.4950E-02  2.3844E+05  2.3844E+05  3.7451E-01
2.4960E-02  2.3827E+05  2.3827E+05  3.7451E-01
2.4970E-02  2.3809E+05  2.3809E+05  3.7451E-01
2.4980E-02  2.3794E+05  2.3794E+05  3.7451E-01
2.4990E-02  2.3884E+05  2.3884E+05  3.7451E-01
2.5000E-02  2.3758E+05  2.3758E+05  3.7450E-01
2.5010E-02  2.3740E+05  2.3739E+05  3.7450E-01
2.5020E-02  2.3722E+05  2.3722E+05  3.7450E-01
2.5030E-02  2.3704E+05  2.3704E+05  3.7450E-01
2.5040E-02  2.3687E+05  2.3687E+05  3.7450E-01
2.5050E-02  2.4517E+05  2.4517E+05  3.7450E-01
2.5060E-02  2.6413E+05  2.6413E+05  3.7450E-01
2.5070E-02  2.3642E+05  2.3642E+05  3.7450E-01
2.5080E-02  2.3616E+05  2.3616E+05  3.7450E-01
2.5090E-02  2.3598E+05  2.3598E+05  3.7450E-01
2.5100E-02  2.3581E+05  2.3581E+05  3.7450E-01
2.5110E-02  2.3563E+05  2.3563E+05  3.7450E-01
2.5120E-02  2.3545E+05  2.3545E+05  3.7450E-01
2.5130E-02  2.3529E+05  2.3529E+05  3.7450E-01
2.5140E-02  2.3510E+05  2.3510E+05  3.7450E-01
2.5150E-02  2.3492E+05  2.3492E+05  3.7450E-01
2.5160E-02  2.3474E+05  2.3474E+05  3.7450E-01
2.5170E-02  2.3456E+05  2.3456E+05  3.7450E-01
2.5180E-02  2.3438E+05  2.3438E+05  3.7450E-01
2.5190E-02  2.3420E+05  2.3420E+05  3.7450E-01
2.5200E-02  2.3402E+05  2.3402E+05  3.7450E-01
2.5210E-02  2.3385E+05  2.3384E+05  3.7450E-01
2.5220E-02  2.3367E+05  2.3366E+05  3.7450E-01
2.5230E-02  2.3349E+05  2.3348E+05  3.7450E-01
2.5240E-02  2.3330E+05  2.3330E+05  3.7450E-01
2.5250E-02  2.3312E+05  2.3312E+05  3.7450E-01
2.5260E-02  2.3294E+05  2.3294E+05  3.7450E-01
2.5270E-02  2.3276E+05  2.3276E+05  3.7450E-01
2.5280E-02  2.3258E+05  2.3258E+05  3.7450E-01
2.5290E-02  2.3240E+05  2.3240E+05  3.7450E-01
2.5300E-02  2.3222E+05  2.3222E+05  3.7450E-01
2.5310E-02  2.3204E+05  2.3204E+05  3.7450E-01
2.5320E-02  2.3186E+05  2.3186E+05  3.7450E-01
2.5330E-02  2.3168E+05  2.3168E+05  3.7450E-01
2.5340E-02  2.3149E+05  2.3149E+05  3.7450E-01
2.5350E-02  2.3131E+05  2.3131E+05  3.7450E-01
2.5360E-02  2.3113E+05  2.3113E+05  3.7450E-01
2.5370E-02  2.3095E+05  2.3095E+05  3.7450E-01
2.5380E-02  2.3077E+05  2.3077E+05  3.7450E-01
2.5390E-02  2.3058E+05  2.3058E+05  3.7450E-01
2.5400E-02  2.3042E+05  2.3042E+05  3.7450E-01
2.5410E-02  2.3022E+05  2.3022E+05  3.7450E-01
2.5420E-02  2.3004E+05  2.3004E+05  3.7450E-01
2.5430E-02  2.2985E+05  2.2985E+05  3.7450E-01
2.5440E-02  2.2967E+05  2.2967E+05  3.7450E-01
2.5450E-02  2.2949E+05  2.2949E+05  3.7450E-01
2.5460E-02  2.2930E+05  2.2930E+05  3.7450E-01
2.5470E-02  2.2912E+05  2.2912E+05  3.7450E-01
2.5480E-02  2.2894E+05  2.2894E+05  3.7450E-01
2.5490E-02  2.2875E+05  2.2875E+05  3.7450E-01
2.5500E-02  2.2857E+05  2.2857E+05  3.7450E-01
2.5510E-02  2.2839E+05  2.2838E+05  3.7450E-01
2.5520E-02  2.2820E+05  2.2820E+05  3.7450E-01
2.5530E-02  2.2802E+05  2.2802E+05  3.7450E-01
2.5540E-02  2.2783E+05  2.2783E+05  3.7450E-01
2.5550E-02  2.2765E+05  2.2765E+05  3.7450E-01
2.5560E-02  2.2746E+05  2.2746E+05  3.7450E-01
2.5570E-02  2.2728E+05  2.2728E+05  3.7450E-01
2.5580E-02  2.2710E+05  2.2710E+05  3.7450E-01
2.5590E-02  2.2691E+05  2.2691E+05  3.7450E-01
2.5600E-02  2.2673E+05  2.2673E+05  3.7450E-01
2.5610E-02  2.2654E+05  2.2654E+05  3.7450E-01
2.5620E-02  2.2636E+05  2.2636E+05  3.7450E-01
2.5630E-02  2.2617E+05  2.2617E+05  3.7450E-01
2.5640E-02  2.2599E+05  2.2599E+05  3.7450E-01
2.5650E-02  2.2580E+05  2.2580E+05  3.7450E-01
2.5660E-02  2.2562E+05  2.2562E+05  3.7450E-01
2.5670E-02  2.2543E+05  2.2543E+05  3.7450E-01
2.5680E-02  2.2525E+05  2.2525E+05  3.7450E-01
2.5690E-02  2.2506E+05  2.2506E+05  3.7450E-01
2.5700E-02  2.2487E+05  2.2487E+05  3.7450E-01
2.5710E-02  2.2503E+05  2.2503E+05  3.7450E-01
2.5720E-02  2.2450E+05  2.2450E+05  3.7450E-01
2.5730E-02  2.2432E+05  2.2432E+05  3.7450E-01
2.5740E-02  2.2413E+05  2.2413E+05  3.7450E-01
2.5750E-02  2.2395E+05  2.2394E+05  3.7450E-01
2.5760E-02  2.2376E+05  2.2376E+05  3.7450E-01
2.5770E-02  2.2357E+05  2.2357E+05  3.7450E-01
2.5780E-02  2.2339E+05  2.2339E+05  3.7450E-01
2.5790E-02  2.2320E+05  2.2320E+05  3.7450E-01
2.5800E-02  2.2302E+05  2.2301E+05  3.7450E-01
2.5810E-02  2.2283E+05  2.2283E+05  3.7450E-01
2.5820E-02  2.2264E+05  2.2264E+05  3.7450E-01
2.5830E-02  2.2246E+05  2.2246E+05  3.7450E-01
2.5840E-02  2.2227E+05  2.2227E+05  3.7450E-01
2.5850E-02  2.2208E+05  2.2208E+05  3.7450E-01
2.5860E-02  2.2190E+05  2.2190E+05  3.7450E-01
2.5870E-02  2.2171E+05  2.2171E+05  3.7450E-01
2.5880E-02  2.2152E+05  2.2152E+05  3.7450E-01
2.5890E-02  2.2134E+05  2.2134E+05  3.7450E-01
2.5900E-02  2.2115E+05  2.2115E+05  3.7450E-01
2.5910E-02  2.2096E+05  2.2096E+05  3.7450E-01
2.5920E-02  2.2078E+05  2.2078E+05  3.7448E-01
2.5930E-02  2.2059E+05  2.2059E+05  3.7448E-01
2.5940E-02  2.2040E+05  2.2040E+05  3.7448E-01
2.5950E-02  2.2022E+05  2.2022E+05  3.7448E-01
2.5960E-02  2.2003E+05  2.2003E+05  3.7448E-01
2.5970E-02  2.1984E+05  2.1984E+05  3.7448E-01
2.5980E-02  2.1966E+05  2.1966E+05  3.7448E-01
2.5990E-02  2.1947E+05  2.1947E+05  3.7448E-01
2.6000E-02  2.1928E+05  2.1928E+05  3.7448E-01
2.6010E-02  2.1909E+05  2.1909E+05  3.7448E-01
2.6020E-02  2.1891E+05  2.1891E+05  3.7448E-01
2.6030E-02  2.1872E+05  2.1872E+05  3.7448E-01
2.6040E-02  2.1854E+05  2.1854E+05  3.7448E-01
2.6050E-02  2.1834E+05  2.1834E+05  3.7448E-01
2.6060E-02  2.1816E+05  2.1816E+05  3.7448E-01
2.6070E-02  2.1797E+05  2.1797E+05  3.7448E-01
2.6080E-02  2.1778E+05  2.1778E+05  3.7448E-01
2.6090E-02  2.1760E+05  2.1760E+05  3.7448E-01
2.6100E-02  2.1741E+05  2.1741E+05  3.7448E-01
2.6110E-02  2.1722E+05  2.1722E+05  3.7448E-01
2.6120E-02  2.1703E+05  2.1703E+05  3.7448E-01
2.6130E-02  2.1685E+05  2.1685E+05  3.7448E-01
2.6140E-02  2.1666E+05  2.1666E+05  3.7448E-01
2.6150E-02  2.1648E+05  2.1648E+05  3.7448E-01
2.6160E-02  2.1633E+05  2.1633E+05  3.7448E-01
2.6170E-02  2.1610E+05  2.1610E+05  3.7448E-01
2.6180E-02  2.1591E+05  2.1591E+05  3.7448E-01
2.6190E-02  2.1572E+05  2.1572E+05  3.7447E-01
2.6200E-02  2.1657E+05  2.1657E+05  3.7447E-01
2.6210E-02  2.1535E+05  2.1535E+05  3.7447E-01
2.6220E-02  2.1516E+05  2.1516E+05  3.7447E-01
2.6230E-02  2.1499E+05  2.1499E+05  3.7447E-01
2.6240E-02  2.1481E+05  2.1481E+05  3.7447E-01
2.6250E-02  2.1460E+05  2.1460E+05  3.7447E-01
2.6260E-02  2.1442E+05  2.1441E+05  3.7447E-01
2.6270E-02  2.1422E+05  2.1422E+05  3.7447E-01
2.6280E-02  2.1404E+05  2.1404E+05  3.7447E-01
2.6290E-02  2.1385E+05  2.1385E+05  3.7447E-01
2.6300E-02  2.1366E+05  2.1366E+05  3.7447E-01
2.6310E-02  2.1347E+05  2.1347E+05  3.7447E-01
2.6320E-02  2.1329E+05  2.1329E+05  3.7447E-01
2.6330E-02  2.1311E+05  2.1311E+05  3.7447E-01
2.6340E-02  2.1291E+05  2.1291E+05  3.7447E-01
2.6350E-02  2.1272E+05  2.1272E+05  3.7447E-01
2.6360E-02  2.1254E+05  2.1254E+05  3.7447E-01
2.6370E-02  2.1260E+05  2.1260E+05  3.7447E-01
2.6380E-02  2.1217E+05  2.1217E+05  3.7447E-01
2.6390E-02  2.1242E+05  2.1242E+05  3.7447E-01
2.6400E-02  2.1179E+05  2.1178E+05  3.7447E-01
2.6410E-02  2.1160E+05  2.1160E+05  3.7447E-01
2.6420E-02  2.1141E+05  2.1141E+05  3.7447E-01
2.6430E-02  2.1122E+05  2.1122E+05  3.7447E-01
2.6440E-02  2.1104E+05  2.1104E+05  3.7447E-01
2.6450E-02  2.1085E+05  2.1085E+05  3.7447E-01
2.6460E-02  2.1066E+05  2.1066E+05  3.7447E-01
2.6470E-02  2.1048E+05  2.1048E+05  3.7447E-01
2.6480E-02  2.1029E+05  2.1029E+05  3.7447E-01
2.6490E-02  2.1010E+05  2.1010E+05  3.7447E-01
2.6500E-02  2.0991E+05  2.0991E+05  3.7447E-01
2.6510E-02  2.0973E+05  2.0972E+05  3.7447E-01
2.6520E-02  2.0954E+05  2.0954E+05  3.7447E-01
2.6530E-02  2.0935E+05  2.0935E+05  3.7447E-01
2.6540E-02  2.0916E+05  2.0916E+05  3.7447E-01
2.6550E-02  2.0898E+05  2.0898E+05  3.7447E-01
2.6560E-02  2.0879E+05  2.0879E+05  3.7447E-01
2.6570E-02  2.0860E+05  2.0860E+05  3.7447E-01
2.6580E-02  2.0841E+05  2.0841E+05  3.7447E-01
2.6590E-02  2.0823E+05  2.0823E+05  3.7447E-01
2.6600E-02  2.0804E+05  2.0804E+05  3.7447E-01
2.6610E-02  2.0785E+05  2.0785E+05  3.7447E-01
2.6620E-02  2.0767E+05  2.0767E+05  3.7447E-01
2.6630E-02  2.0748E+05  2.0748E+05  3.7447E-01
2.6640E-02  2.0729E+05  2.0729E+05  3.7447E-01
2.6650E-02  2.2234E+05  2.2234E+05  3.7447E-01
2.6660E-02  2.0693E+05  2.0693E+05  3.7447E-01
2.6670E-02  2.0674E+05  2.0674E+05  3.7447E-01
2.6680E-02  2.0664E+05  2.0664E+05  3.7447E-01
2.6690E-02  2.0665E+05  2.0665E+05  3.7447E-01
2.6700E-02  2.0620E+05  2.0620E+05  3.7447E-01
2.6710E-02  2.0599E+05  2.0599E+05  3.7447E-01
2.6720E-02  2.0580E+05  2.0580E+05  3.7447E-01
2.6730E-02  2.0571E+05  2.0571E+05  3.7447E-01
2.6740E-02  2.0546E+05  2.0546E+05  3.7447E-01
2.6750E-02  2.0993E+05  2.0993E+05  3.7447E-01
2.6760E-02  2.0506E+05  2.0506E+05  3.7447E-01
2.6770E-02  2.0487E+05  2.0487E+05  3.7447E-01
2.6780E-02  2.0468E+05  2.0468E+05  3.7447E-01
2.6790E-02  2.0449E+05  2.0449E+05  3.7447E-01
2.6800E-02  2.0431E+05  2.0430E+05  3.7447E-01
2.6810E-02  2.0412E+05  2.0412E+05  3.7447E-01
2.6820E-02  2.0393E+05  2.0393E+05  3.7447E-01
2.6830E-02  2.0375E+05  2.0375E+05  3.7447E-01
2.6840E-02  2.0356E+05  2.0356E+05  3.7447E-01
2.6850E-02  2.0338E+05  2.0338E+05  3.7447E-01
2.6860E-02  2.0319E+05  2.0319E+05  3.7447E-01
2.6870E-02  2.0300E+05  2.0300E+05  3.7447E-01
2.6880E-02  2.0282E+05  2.0282E+05  3.7447E-01
2.6890E-02  2.0263E+05  2.0263E+05  3.7447E-01
2.6900E-02  2.0244E+05  2.0244E+05  3.7447E-01
2.6910E-02  2.0230E+05  2.0230E+05  3.7447E-01
2.6920E-02  2.0208E+05  2.0208E+05  3.7447E-01
2.6930E-02  2.0189E+05  2.0189E+05  3.7447E-01
2.6940E-02  2.0170E+05  2.0170E+05  3.7447E-01
2.6950E-02  2.0151E+05  2.0151E+05  3.7447E-01
2.6960E-02  2.0133E+05  2.0133E+05  3.7447E-01
2.6970E-02  2.0135E+05  2.0135E+05  3.7447E-01
2.6980E-02  2.0096E+05  2.0096E+05  3.7446E-01
2.6990E-02  2.0149E+05  2.0149E+05  3.7446E-01
2.7000E-02  2.0059E+05  2.0058E+05  3.7446E-01
2.7010E-02  2.0040E+05  2.0040E+05  3.7446E-01
2.7020E-02  2.0021E+05  2.0021E+05  3.7446E-01
2.7030E-02  2.0019E+05  2.0019E+05  3.7446E-01
2.7040E-02  1.9984E+05  1.9984E+05  3.7446E-01
2.7050E-02  1.9966E+05  1.9966E+05  3.7446E-01
2.7060E-02  1.9953E+05  1.9953E+05  3.7446E-01
2.7070E-02  1.9929E+05  1.9929E+05  3.7446E-01
2.7080E-02  1.9910E+05  1.9910E+05  3.7446E-01
2.7090E-02  1.9892E+05  1.9892E+05  3.7446E-01
2.7100E-02  1.9874E+05  1.9874E+05  3.7446E-01
2.7110E-02  1.9855E+05  1.9855E+05  3.7446E-01
2.7120E-02  1.9837E+05  1.9837E+05  3.7446E-01
2.7130E-02  1.9818E+05  1.9818E+05  3.7446E-01
2.7140E-02  1.9799E+05  1.9799E+05  3.7446E-01
2.7150E-02  1.9781E+05  1.9781E+05  3.7446E-01
2.7160E-02  1.9762E+05  1.9762E+05  3.7446E-01
2.7170E-02  1.9744E+05  1.9744E+05  3.7446E-01
2.7180E-02  1.9725E+05  1.9725E+05  3.7446E-01
2.7190E-02  1.9707E+05  1.9707E+05  3.7446E-01
2.7200E-02  1.9688E+05  1.9688E+05  3.7446E-01
2.7210E-02  1.9670E+05  1.9670E+05  3.7446E-01
2.7220E-02  1.9652E+05  1.9652E+05  3.7447E-01
2.7230E-02  1.9635E+05  1.9635E+05  3.7447E-01
2.7240E-02  1.9618E+05  1.9618E+05  3.7447E-01
2.7250E-02  1.9597E+05  1.9597E+05  3.7447E-01
2.7260E-02  1.9579E+05  1.9579E+05  3.7447E-01
2.7270E-02  1.9560E+05  1.9560E+05  3.7447E-01
2.7280E-02  1.9544E+05  1.9543E+05  3.7447E-01
2.7290E-02  1.9523E+05  1.9523E+05  3.7447E-01
2.7300E-02  2.1054E+05  2.1054E+05  3.7447E-01
2.7310E-02  1.9487E+05  1.9487E+05  3.7447E-01
2.7320E-02  1.9982E+05  1.9982E+05  3.7447E-01
2.7330E-02  1.9450E+05  1.9449E+05  3.7447E-01
2.7340E-02  1.9431E+05  1.9431E+05  3.7447E-01
2.7350E-02  1.9412E+05  1.9412E+05  3.7447E-01
2.7360E-02  1.9394E+05  1.9394E+05  3.7447E-01
2.7370E-02  1.9376E+05  1.9376E+05  3.7447E-01
2.7380E-02  1.9357E+05  1.9357E+05  3.7447E-01
2.7390E-02  1.9339E+05  1.9339E+05  3.7447E-01
2.7400E-02  1.9321E+05  1.9321E+05  3.7447E-01
2.7410E-02  1.9303E+05  1.9303E+05  3.7447E-01
2.7420E-02  1.9284E+05  1.9284E+05  3.7447E-01
2.7430E-02  1.9266E+05  1.9266E+05  3.7447E-01
2.7440E-02  1.9248E+05  1.9248E+05  3.7446E-01
2.7450E-02  1.9230E+05  1.9230E+05  3.7446E-01
2.7460E-02  1.9212E+05  1.9212E+05  3.7446E-01
2.7470E-02  1.9194E+05  1.9194E+05  3.7446E-01
2.7480E-02  1.9176E+05  1.9176E+05  3.7446E-01
2.7490E-02  1.9158E+05  1.9158E+05  3.7446E-01
2.7500E-02  1.9140E+05  1.9140E+05  3.7446E-01
2.7510E-02  1.9122E+05  1.9122E+05  3.7446E-01
2.7520E-02  1.9107E+05  1.9107E+05  3.7446E-01
2.7530E-02  1.9087E+05  1.9087E+05  3.7446E-01
2.7540E-02  1.9098E+05  1.9098E+05  3.7446E-01
2.7550E-02  1.9062E+05  1.9062E+05  3.7446E-01
2.7560E-02  1.9034E+05  1.9034E+05  3.7446E-01
2.7570E-02  1.9018E+05  1.9018E+05  3.7446E-01
2.7580E-02  1.9001E+05  1.9001E+05  3.7446E-01
2.7590E-02  1.8982E+05  1.8982E+05  3.7446E-01
2.7600E-02  1.8965E+05  1.8965E+05  3.7446E-01
2.7610E-02  1.8946E+05  1.8946E+05  3.7446E-01
2.7620E-02  1.8928E+05  1.8928E+05  3.7446E-01
2.7630E-02  1.8911E+05  1.8911E+05  3.7446E-01
2.7640E-02  1.8894E+05  1.8894E+05  3.7446E-01
2.7650E-02  1.8877E+05  1.8877E+05  3.7446E-01
2.7660E-02  1.8858E+05  1.8858E+05  3.7446E-01
2.7670E-02  1.8841E+05  1.8841E+05  3.7446E-01
2.7680E-02  1.8824E+05  1.8824E+05  3.7446E-01
2.7690E-02  1.8807E+05  1.8806E+05  3.7446E-01
2.7700E-02  1.8789E+05  1.8789E+05  3.7446E-01
2.7710E-02  1.8772E+05  1.8772E+05  3.7446E-01
2.7720E-02  1.8755E+05  1.8755E+05  3.7446E-01
2.7730E-02  1.8739E+05  1.8739E+05  3.7446E-01
2.7740E-02  1.8722E+05  1.8721E+05  3.7446E-01
2.7750E-02  1.8704E+05  1.8704E+05  3.7446E-01
2.7760E-02  1.8689E+05  1.8689E+05  3.7446E-01
2.7770E-02  1.8672E+05  1.8672E+05  3.7446E-01
2.7780E-02  1.8653E+05  1.8653E+05  3.7446E-01
2.7790E-02  1.8636E+05  1.8636E+05  3.7446E-01
2.7800E-02  1.8619E+05  1.8619E+05  3.7446E-01
2.7810E-02  1.8604E+05  1.8604E+05  3.7446E-01
2.7820E-02  1.8588E+05  1.8588E+05  3.7446E-01
2.7830E-02  1.8568E+05  1.8568E+05  3.7446E-01
2.7840E-02  1.8552E+05  1.8552E+05  3.7446E-01
2.7850E-02  1.8535E+05  1.8535E+05  3.7446E-01
2.7860E-02  1.8518E+05  1.8518E+05  3.7446E-01
2.7870E-02  1.8503E+05  1.8503E+05  3.7446E-01
2.7880E-02  1.8485E+05  1.8485E+05  3.7446E-01
2.7890E-02  1.8471E+05  1.8471E+05  3.7446E-01
2.7900E-02  1.8454E+05  1.8454E+05  3.7446E-01
2.7910E-02  1.8435E+05  1.8435E+05  3.7446E-01
2.7920E-02  1.8418E+05  1.8418E+05  3.7446E-01
2.7930E-02  1.8402E+05  1.8402E+05  3.7446E-01
2.7940E-02  1.8385E+05  1.8385E+05  3.7446E-01
2.7950E-02  1.8369E+05  1.8369E+05  3.7446E-01
2.7960E-02  1.8353E+05  1.8353E+05  3.7446E-01
2.7970E-02  1.8342E+05  1.8342E+05  3.7446E-01
2.7980E-02  1.8322E+05  1.8322E+05  3.7446E-01
2.7990E-02  1.8310E+05  1.8310E+05  3.7446E-01
2.8000E-02  3.9090E+05  3.9090E+05  3.7446E-01
2.8010E-02  1.8282E+05  1.8281E+05  3.7446E-01
2.8020E-02  1.8301E+05  1.8301E+05  3.7446E-01
2.8030E-02  1.8244E+05  1.8244E+05  3.7446E-01
2.8040E-02  1.8814E+05  1.8814E+05  3.7446E-01
2.8050E-02  1.8206E+05  1.8206E+05  3.7446E-01
2.8060E-02  1.8190E+05  1.8190E+05  3.7446E-01
2.8070E-02  1.8173E+05  1.8173E+05  3.7446E-01
2.8080E-02  1.8158E+05  1.8158E+05  3.7446E-01
2.8090E-02  1.8141E+05  1.8141E+05  3.7446E-01
2.8100E-02  1.8125E+05  1.8125E+05  3.7446E-01
2.8110E-02  1.8114E+05  1.8114E+05  3.7446E-01
2.8120E-02  2.3917E+05  2.3917E+05  3.7446E-01
2.8130E-02  1.8077E+05  1.8077E+05  3.7446E-01
2.8140E-02  1.8061E+05  1.8061E+05  3.7446E-01
2.8150E-02  1.8049E+05  1.8049E+05  3.7446E-01
2.8160E-02  1.8030E+05  1.8030E+05  3.7446E-01
2.8170E-02  1.8014E+05  1.8014E+05  3.7446E-01
2.8180E-02  1.7998E+05  1.7998E+05  3.7446E-01
2.8190E-02  1.7982E+05  1.7982E+05  3.7446E-01
2.8200E-02  1.7966E+05  1.7966E+05  3.7446E-01
2.8210E-02  1.7950E+05  1.7950E+05  3.7445E-01
2.8220E-02  1.7936E+05  1.7936E+05  3.7445E-01
2.8230E-02  1.7919E+05  1.7919E+05  3.7445E-01
2.8240E-02  1.7903E+05  1.7903E+05  3.7445E-01
2.8250E-02  1.7887E+05  1.7887E+05  3.7445E-01
2.8260E-02  1.7872E+05  1.7872E+05  3.7445E-01
2.8270E-02  1.7857E+05  1.7857E+05  3.7445E-01
2.8280E-02  1.7852E+05  1.7852E+05  3.7445E-01
2.8290E-02  1.8922E+05  1.8922E+05  3.7445E-01
2.8300E-02  1.7825E+05  1.7825E+05  3.7445E-01
2.8310E-02  1.7794E+05  1.7794E+05  3.7445E-01
2.8320E-02  1.7779E+05  1.7779E+05  3.7445E-01
2.8330E-02  1.7763E+05  1.7763E+05  3.7445E-01
2.8340E-02  1.7747E+05  1.7747E+05  3.7445E-01
2.8350E-02  1.7732E+05  1.7732E+05  3.7445E-01
2.8360E-02  1.7716E+05  1.7716E+05  3.7445E-01
2.8370E-02  1.7707E+05  1.7707E+05  3.7445E-01
2.8380E-02  1.7686E+05  1.7686E+05  3.7445E-01
2.8390E-02  1.7689E+05  1.7689E+05  3.7445E-01
2.8400E-02  1.9640E+05  1.9640E+05  3.7445E-01
2.8410E-02  1.7650E+05  1.7650E+05  3.7445E-01
2.8420E-02  1.7634E+05  1.7634E+05  3.7445E-01
2.8430E-02  1.7622E+05  1.7622E+05  3.7445E-01
2.8440E-02  1.7611E+05  1.7611E+05  3.7445E-01
2.8450E-02  1.7603E+05  1.7603E+05  3.7445E-01
2.8460E-02  1.8342E+05  1.8342E+05  3.7445E-01
2.8470E-02  1.7577E+05  1.7577E+05  3.7445E-01
2.8480E-02  1.7565E+05  1.7565E+05  3.7445E-01
2.8490E-02  1.7553E+05  1.7553E+05  3.7445E-01
2.8500E-02  1.7541E+05  1.7541E+05  3.7445E-01
2.8510E-02  1.7529E+05  1.7529E+05  3.7445E-01
2.8520E-02  1.7517E+05  1.7517E+05  3.7445E-01
2.8530E-02  1.7505E+05  1.7505E+05  3.7445E-01
2.8540E-02  1.7489E+05  1.7489E+05  3.7445E-01
2.8550E-02  1.7481E+05  1.7481E+05  3.7445E-01
2.8560E-02  1.7459E+05  1.7459E+05  3.7445E-01
2.8570E-02  1.7444E+05  1.7444E+05  3.7445E-01
2.8580E-02  1.7429E+05  1.7429E+05  3.7445E-01
2.8590E-02  1.7415E+05  1.7415E+05  3.7445E-01
2.8600E-02  1.7401E+05  1.7401E+05  3.7445E-01
2.8610E-02  1.7386E+05  1.7386E+05  3.7445E-01
2.8620E-02  1.7389E+05  1.7389E+05  3.7445E-01
2.8630E-02  1.7356E+05  1.7355E+05  3.7445E-01
2.8640E-02  1.7341E+05  1.7341E+05  3.7445E-01
2.8650E-02  1.7405E+05  1.7405E+05  3.7445E-01
2.8660E-02  1.7317E+05  1.7317E+05  3.7445E-01
2.8670E-02  1.7305E+05  1.7305E+05  3.7445E-01
2.8680E-02  1.7535E+05  1.7535E+05  3.7445E-01
2.8690E-02  1.7279E+05  1.7279E+05  3.7445E-01
2.8700E-02  1.7280E+05  1.7280E+05  3.7445E-01
2.8710E-02  2.0616E+05  2.0616E+05  3.7445E-01
2.8720E-02  1.7366E+05  1.7366E+05  3.7445E-01
2.8730E-02  1.7719E+05  1.7718E+05  3.7445E-01
2.8740E-02  1.7196E+05  1.7196E+05  3.7445E-01
2.8750E-02  1.7181E+05  1.7181E+05  3.7445E-01
2.8760E-02  1.7166E+05  1.7166E+05  3.7445E-01
2.8770E-02  1.7150E+05  1.7150E+05  3.7445E-01
2.8780E-02  1.7141E+05  1.7141E+05  3.7445E-01
2.8790E-02  1.7122E+05  1.7122E+05  3.7445E-01
2.8800E-02  1.7107E+05  1.7107E+05  3.7445E-01
2.8810E-02  1.7092E+05  1.7092E+05  3.7445E-01
2.8820E-02  1.7078E+05  1.7078E+05  3.7445E-01
2.8830E-02  1.7360E+05  1.7360E+05  3.7445E-01
2.8840E-02  1.7049E+05  1.7049E+05  3.7445E-01
2.8850E-02  1.7035E+05  1.7035E+05  3.7445E-01
2.8860E-02  1.7021E+05  1.7021E+05  3.7445E-01
2.8870E-02  1.7009E+05  1.7009E+05  3.7445E-01
2.8880E-02  1.6993E+05  1.6993E+05  3.7445E-01
2.8890E-02  1.7106E+05  1.7106E+05  3.7445E-01
2.8900E-02  1.6964E+05  1.6964E+05  3.7445E-01
2.8910E-02  1.6949E+05  1.6949E+05  3.7445E-01
2.8920E-02  1.6935E+05  1.6935E+05  3.7445E-01
2.8930E-02  1.6921E+05  1.6921E+05  3.7445E-01
2.8940E-02  1.6907E+05  1.6906E+05  3.7445E-01
2.8950E-02  1.6892E+05  1.6892E+05  3.7445E-01
2.8960E-02  1.6878E+05  1.6878E+05  3.7445E-01
2.8970E-02  1.6864E+05  1.6864E+05  3.7445E-01
2.8980E-02  1.6852E+05  1.6852E+05  3.7444E-01
2.8990E-02  1.6836E+05  1.6836E+05  3.7444E-01
2.9000E-02  1.6822E+05  1.6822E+05  3.7444E-01
2.9010E-02  1.6820E+05  1.6820E+05  3.7444E-01
2.9020E-02  1.6794E+05  1.6794E+05  3.7444E-01
2.9030E-02  1.6780E+05  1.6780E+05  3.7444E-01
2.9040E-02  1.6766E+05  1.6766E+05  3.7444E-01
2.9050E-02  1.6752E+05  1.6752E+05  3.7444E-01
2.9060E-02  1.6738E+05  1.6738E+05  3.7444E-01
2.9070E-02  1.6724E+05  1.6724E+05  3.7444E-01
2.9080E-02  1.6710E+05  1.6710E+05  3.7444E-01
2.9090E-02  1.6697E+05  1.6697E+05  3.7444E-01
2.9100E-02  1.6687E+05  1.6687E+05  3.7444E-01
2.9110E-02  1.6675E+05  1.6674E+05  3.7444E-01
2.9120E-02  1.6685E+05  1.6685E+05  3.7444E-01
2.9130E-02  1.8501E+05  1.8501E+05  3.7444E-01
2.9140E-02  1.6635E+05  1.6635E+05  3.7444E-01
2.9150E-02  1.6629E+05  1.6629E+05  3.7444E-01
2.9160E-02  1.6601E+05  1.6601E+05  3.7444E-01
2.9170E-02  1.6588E+05  1.6588E+05  3.7444E-01
2.9180E-02  1.6572E+05  1.6572E+05  3.7444E-01
2.9190E-02  1.6558E+05  1.6558E+05  3.7444E-01
2.9200E-02  1.6545E+05  1.6545E+05  3.7444E-01
2.9210E-02  1.6531E+05  1.6531E+05  3.7444E-01
2.9220E-02  1.6518E+05  1.6518E+05  3.7444E-01
2.9230E-02  1.6516E+05  1.6516E+05  3.7444E-01
2.9240E-02  1.6492E+05  1.6492E+05  3.7444E-01
2.9250E-02  1.6479E+05  1.6479E+05  3.7444E-01
2.9260E-02  1.6493E+05  1.6493E+05  3.7444E-01
2.9270E-02  1.6450E+05  1.6450E+05  3.7444E-01
2.9280E-02  1.6442E+05  1.6442E+05  3.7444E-01
2.9290E-02  1.6422E+05  1.6422E+05  3.7444E-01
2.9300E-02  1.6409E+05  1.6409E+05  3.7444E-01
2.9310E-02  1.6395E+05  1.6395E+05  3.7444E-01
2.9320E-02  1.6382E+05  1.6382E+05  3.7444E-01
2.9330E-02  1.6368E+05  1.6368E+05  3.7444E-01
2.9340E-02  1.6355E+05  1.6355E+05  3.7444E-01
2.9350E-02  1.6342E+05  1.6342E+05  3.7444E-01
2.9360E-02  1.6329E+05  1.6329E+05  3.7444E-01
2.9370E-02  1.6346E+05  1.6346E+05  3.7444E-01
2.9380E-02  1.6309E+05  1.6309E+05  3.7444E-01
2.9390E-02  1.6322E+05  1.6322E+05  3.7444E-01
2.9400E-02  1.6935E+05  1.6935E+05  3.7444E-01
2.9410E-02  1.6424E+05  1.6424E+05  3.7444E-01
2.9420E-02  1.6251E+05  1.6251E+05  3.7444E-01
2.9430E-02  1.6248E+05  1.6248E+05  3.7444E-01
2.9440E-02  1.6222E+05  1.6222E+05  3.7444E-01
2.9450E-02  1.6212E+05  1.6212E+05  3.7444E-01
2.9460E-02  1.6216E+05  1.6216E+05  3.7444E-01
2.9470E-02  1.6322E+05  1.6322E+05  3.7444E-01
2.9480E-02  1.6188E+05  1.6188E+05  3.7444E-01
2.9490E-02  1.6164E+05  1.6164E+05  3.7444E-01
2.9500E-02  1.6143E+05  1.6143E+05  3.7444E-01
2.9510E-02  1.6129E+05  1.6129E+05  3.7444E-01
2.9520E-02  1.6230E+05  1.6230E+05  3.7444E-01
2.9530E-02  1.6103E+05  1.6103E+05  3.7444E-01
2.9540E-02  1.6090E+05  1.6090E+05  3.7444E-01
2.9550E-02  1.6078E+05  1.6078E+05  3.7444E-01
2.9560E-02  1.6316E+05  1.6316E+05  3.7444E-01
2.9570E-02  1.6079E+05  1.6079E+05  3.7444E-01
2.9580E-02  1.6451E+05  1.6451E+05  3.7444E-01
2.9590E-02  1.7305E+05  1.7305E+05  3.7444E-01
2.9600E-02  1.6024E+05  1.6024E+05  3.7444E-01
2.9610E-02  1.6006E+05  1.6006E+05  3.7444E-01
2.9620E-02  1.5988E+05  1.5988E+05  3.7444E-01
2.9630E-02  1.5984E+05  1.5984E+05  3.7444E-01
2.9640E-02  1.5961E+05  1.5961E+05  3.7444E-01
2.9650E-02  1.5948E+05  1.5948E+05  3.7444E-01
2.9660E-02  1.5934E+05  1.5934E+05  3.7444E-01
2.9670E-02  1.5922E+05  1.5922E+05  3.7444E-01
2.9680E-02  1.5910E+05  1.5910E+05  3.7444E-01
2.9690E-02  1.5911E+05  1.5911E+05  3.7444E-01
2.9700E-02  1.5901E+05  1.5901E+05  3.7444E-01
2.9710E-02  1.5927E+05  1.5927E+05  3.7444E-01
2.9720E-02  1.5960E+05  1.5960E+05  3.7444E-01
2.9730E-02  1.5866E+05  1.5866E+05  3.7443E-01
2.9740E-02  1.5932E+05  1.5932E+05  3.7443E-01
2.9750E-02  1.5820E+05  1.5820E+05  3.7443E-01
2.9760E-02  1.5808E+05  1.5808E+05  3.7443E-01
2.9770E-02  1.5794E+05  1.5794E+05  3.7443E-01
2.9780E-02  1.5781E+05  1.5781E+05  3.7443E-01
2.9790E-02  1.5769E+05  1.5769E+05  3.7443E-01
2.9800E-02  1.5755E+05  1.5755E+05  3.7443E-01
2.9810E-02  1.5743E+05  1.5743E+05  3.7443E-01
2.9820E-02  1.5730E+05  1.5730E+05  3.7443E-01
2.9830E-02  1.5717E+05  1.5717E+05  3.7443E-01
2.9840E-02  1.5705E+05  1.5705E+05  3.7443E-01
2.9850E-02  1.5692E+05  1.5692E+05  3.7443E-01
2.9860E-02  1.5680E+05  1.5680E+05  3.7443E-01
2.9870E-02  1.5674E+05  1.5674E+05  3.7443E-01
2.9880E-02  1.5654E+05  1.5654E+05  3.7443E-01
2.9890E-02  1.5642E+05  1.5642E+05  3.7443E-01
2.9900E-02  1.5629E+05  1.5629E+05  3.7443E-01
2.9910E-02  1.5617E+05  1.5617E+05  3.7443E-01
2.9920E-02  1.5605E+05  1.5605E+05  3.7443E-01
2.9930E-02  1.5592E+05  1.5592E+05  3.7443E-01
2.9940E-02  1.5580E+05  1.5579E+05  3.7443E-01
2.9950E-02  1.5567E+05  1.5567E+05  3.7443E-01
2.9960E-02  1.5555E+05  1.5555E+05  3.7443E-01
2.9970E-02  1.5543E+05  1.5543E+05  3.7443E-01
2.9980E-02  1.5530E+05  1.5530E+05  3.7443E-01
2.9990E-02  1.5521E+05  1.5521E+05  3.7443E-01
3.0000E-02  1.5505E+05  1.5505E+05  3.7505E-01
3.0100E-02  1.5399E+05  1.5399E+05  3.7505E-01
3.0200E-02  1.5262E+05  1.5262E+05  3.7513E-01
3.0300E-02  1.5142E+05  1.5142E+05  3.7513E-01
3.0400E-02  1.5024E+05  1.5024E+05  3.7513E-01
3.0500E-02  1.4908E+05  1.4907E+05  3.7513E-01
3.0600E-02  1.4792E+05  1.4792E+05  3.7513E-01
3.0700E-02  1.4679E+05  1.4679E+05  3.7513E-01
3.0800E-02  1.4567E+05  1.4567E+05  3.7513E-01
3.0900E-02  1.4456E+05  1.4456E+05  3.7513E-01
3.1000E-02  1.4347E+05  1.4347E+05  3.7513E-01
3.1100E-02  1.4239E+05  1.4239E+05  3.7513E-01
3.1200E-02  1.4132E+05  1.4132E+05  3.7513E-01
3.1300E-02  1.4027E+05  1.4027E+05  3.7513E-01
3.1400E-02  1.3924E+05  1.3924E+05  3.7513E-01
3.1500E-02  1.3840E+05  1.3840E+05  3.7513E-01
3.1600E-02  1.3716E+05  1.3716E+05  3.7513E-01
3.1700E-02  1.3614E+05  1.3614E+05  3.7513E-01
3.1800E-02  1.3514E+05  1.3514E+05  3.7513E-01
3.1900E-02  1.3415E+05  1.3415E+05  3.7513E-01
3.2000E-02  1.3318E+05  1.3318E+05  3.7513E-01
3.2100E-02  1.3220E+05  1.3220E+05  3.7514E-01
3.2200E-02  1.3121E+05  1.3121E+05  3.7514E-01
3.2300E-02  1.3025E+05  1.3025E+05  3.7514E-01
3.2400E-02  1.2930E+05  1.2930E+05  3.7514E-01
3.2500E-02  1.2835E+05  1.2835E+05  3.7514E-01
3.2600E-02  1.2747E+05  1.2747E+05  3.7514E-01
3.2700E-02  1.2677E+05  1.2676E+05  3.7514E-01
3.2800E-02  1.2587E+05  1.2587E+05  3.7514E-01
3.2900E-02  1.2495E+05  1.2495E+05  3.7514E-01
3.3000E-02  1.2404E+05  1.2404E+05  3.7514E-01
3.3100E-02  1.2314E+05  1.2314E+05  3.7514E-01
3.3200E-02  1.2224E+05  1.2224E+05  3.7514E-01
3.3300E-02  1.2135E+05  1.2135E+05  3.7514E-01
3.3400E-02  1.2047E+05  1.2047E+05  3.7514E-01
3.3500E-02  1.2059E+05  1.2059E+05  3.7514E-01
3.3600E-02  1.1872E+05  1.1872E+05  3.7514E-01
3.3700E-02  1.1785E+05  1.1785E+05  3.7514E-01
3.3800E-02  1.1698E+05  1.1698E+05  3.7514E-01
3.3900E-02  1.1612E+05  1.1612E+05  3.7514E-01
3.4000E-02  1.1528E+05  1.1528E+05  3.7514E-01
3.4100E-02  1.1442E+05  1.1442E+05  3.7514E-01
3.4200E-02  1.1363E+05  1.1363E+05  3.7514E-01
3.4300E-02  1.1274E+05  1.1274E+05  3.7514E-01
3.4400E-02  1.1195E+05  1.1195E+05  3.7514E-01
3.4500E-02  1.1109E+05  1.1109E+05  3.7515E-01
3.4600E-02  1.1027E+05  1.1027E+05  3.7515E-01
3.4700E-02  1.0946E+05  1.0946E+05  3.7515E-01
3.4800E-02  1.0867E+05  1.0867E+05  3.7515E-01
3.4900E-02  1.0790E+05  1.0790E+05  3.7521E-01
3.5000E-02  1.0713E+05  1.0713E+05  3.7521E-01
3.5100E-02  1.0648E+05  1.0648E+05  3.7523E-01
3.5200E-02  1.0564E+05  1.0564E+05  3.7523E-01
3.5300E-02  1.0491E+05  1.0491E+05  3.7523E-01
3.5400E-02  1.0589E+05  1.0589E+05  3.7523E-01
3.5500E-02  1.0348E+05  1.0348E+05  3.7523E-01
3.5600E-02  1.0287E+05  1.0287E+05  3.7523E-01
3.5700E-02  1.0209E+05  1.0209E+05  3.7523E-01
3.5800E-02  1.0140E+05  1.0140E+05  3.7523E-01
3.5900E-02  1.0073E+05  1.0073E+05  3.7523E-01
3.6000E-02  1.0006E+05  1.0006E+05  3.7523E-01
3.6100E-02  9.9397E+04  9.9396E+04  3.7523E-01
3.6200E-02  9.8742E+04  9.8741E+04  3.7523E-01
3.6300E-02  9.8094E+04  9.8094E+04  3.7523E-01
3.6400E-02  9.7451E+04  9.7451E+04  3.7523E-01
3.6500E-02  9.6819E+04  9.6819E+04  3.7523E-01
3.6600E-02  9.6186E+04  9.6185E+04  3.7523E-01
3.6700E-02  9.5561E+04  9.5561E+04  3.7523E-01
3.6800E-02  9.4943E+04  9.4943E+04  3.7523E-01
3.6900E-02  9.4330E+04  9.4330E+04  3.7523E-01
3.7000E-02  9.3721E+04  9.3721E+04  3.7523E-01
3.7100E-02  9.3118E+04  9.3118E+04  3.7523E-01
3.7200E-02  9.2519E+04  9.2519E+04  3.7523E-01
3.7300E-02  9.1925E+04  9.1925E+04  3.7523E-01
3.7400E-02  9.1336E+04  9.1336E+04  3.7523E-01
3.7500E-02  9.0751E+04  9.0750E+04  3.7523E-01
3.7600E-02  9.0170E+04  9.0170E+04  3.7523E-01
3.7700E-02  8.9593E+04  8.9592E+04  3.7523E-01
3.7800E-02  8.9020E+04  8.9019E+04  3.7523E-01
3.7900E-02  8.8451E+04  8.8450E+04  3.7523E-01
3.8000E-02  8.7887E+04  8.7886E+04  3.7523E-01
3.8100E-02  8.7323E+04  8.7323E+04  3.7523E-01
3.8200E-02  8.6764E+04  8.6764E+04  3.7523E-01
3.8300E-02  8.6209E+04  8.6209E+04  3.7523E-01
3.8400E-02  8.5657E+04  8.5657E+04  3.7523E-01
3.8500E-02  8.5116E+04  8.5116E+04  3.7523E-01
3.8600E-02  8.4563E+04  8.4563E+04  3.7523E-01
3.8700E-02  8.4020E+04  8.4020E+04  3.7523E-01
3.8800E-02  8.3480E+04  8.3480E+04  3.7523E-01
3.8900E-02  8.2945E+04  8.2944E+04  3.7523E-01
3.9000E-02  8.2413E+04  8.2413E+04  3.7524E-01
3.9100E-02  8.1973E+04  8.1972E+04  3.7524E-01
3.9200E-02  8.1418E+04  8.1417E+04  3.7524E-01
3.9300E-02  8.0936E+04  8.0936E+04  3.7524E-01
3.9400E-02  8.0413E+04  8.0412E+04  3.7524E-01
3.9500E-02  7.9905E+04  7.9905E+04  3.7524E-01
3.9600E-02  7.9424E+04  7.9423E+04  3.7524E-01
3.9700E-02  7.8924E+04  7.8924E+04  3.7524E-01
3.9800E-02  7.8418E+04  7.8418E+04  3.7524E-01
3.9900E-02  7.7934E+04  7.7934E+04  3.7524E-01
4.0000E-02  7.7481E+04  7.7481E+04  3.7524E-01
4.0100E-02  7.6980E+04  7.6979E+04  3.7524E-01
4.0200E-02  7.6513E+04  7.6512E+04  3.7524E-01
4.0300E-02  7.6043E+04  7.6043E+04  3.7524E-01
4.0400E-02  7.5584E+04  7.5584E+04  3.7524E-01
4.0500E-02  7.5125E+04  7.5124E+04  3.7524E-01
4.0600E-02  7.4671E+04  7.4671E+04  3.7524E-01
4.0700E-02  7.4221E+04  7.4221E+04  3.7524E-01
4.0800E-02  7.3776E+04  7.3775E+04  3.7524E-01
4.0900E-02  7.3332E+04  7.3332E+04  3.7524E-01
4.1000E-02  7.2893E+04  7.2893E+04  3.7531E-01
4.1100E-02  7.2458E+04  7.2457E+04  3.7531E-01
4.1200E-02  7.2025E+04  7.2025E+04  3.7531E-01
4.1300E-02  7.1596E+04  7.1596E+04  3.7531E-01
4.1400E-02  7.1171E+04  7.1170E+04  3.7531E-01
4.1500E-02  7.0750E+04  7.0750E+04  3.7531E-01
4.1600E-02  7.0336E+04  7.0336E+04  3.7531E-01
4.1700E-02  6.9914E+04  6.9914E+04  3.7531E-01
4.1800E-02  6.9499E+04  6.9499E+04  3.7531E-01
4.1900E-02  6.9087E+04  6.9086E+04  3.7531E-01
4.2000E-02  6.8677E+04  6.8677E+04  3.7531E-01
4.2100E-02  6.8270E+04  6.8270E+04  3.7531E-01
4.2200E-02  6.7866E+04  6.7865E+04  3.7531E-01
4.2300E-02  6.7463E+04  6.7463E+04  3.7531E-01
4.2400E-02  6.7063E+04  6.7063E+04  3.7531E-01
4.2500E-02  6.6666E+04  6.6665E+04  3.7531E-01
4.2600E-02  6.6270E+04  6.6270E+04  3.7531E-01
4.2700E-02  6.5877E+04  6.5876E+04  3.7531E-01
4.2800E-02  6.5485E+04  6.5485E+04  3.7531E-01
4.2900E-02  6.5284E+04  6.5283E+04  3.7531E-01
4.3000E-02  6.4709E+04  6.4708E+04  3.7531E-01
4.3100E-02  6.4323E+04  6.4323E+04  3.7531E-01
4.3200E-02  6.3940E+04  6.3939E+04  3.7531E-01
4.3300E-02  6.3558E+04  6.3558E+04  3.7531E-01
4.3400E-02  6.3179E+04  6.3178E+04  3.7531E-01
4.3500E-02  6.2804E+04  6.2804E+04  3.7531E-01
4.3600E-02  6.2435E+04  6.2435E+04  3.7531E-01
4.3700E-02  6.2071E+04  6.2070E+04  3.7531E-01
4.3800E-02  6.1711E+04  6.1711E+04  3.7531E-01
4.3900E-02  6.1356E+04  6.1356E+04  3.7531E-01
4.4000E-02  6.1005E+04  6.1005E+04  3.7531E-01
4.4100E-02  6.0659E+04  6.0658E+04  3.7531E-01
4.4200E-02  6.0316E+04  6.0316E+04  3.7531E-01
4.4300E-02  5.9977E+04  5.9977E+04  3.7531E-01
4.4400E-02  5.9642E+04  5.9642E+04  3.7531E-01
4.4500E-02  5.9310E+04  5.9310E+04  3.7531E-01
4.4600E-02  5.8998E+04  5.8998E+04  3.7531E-01
4.4700E-02  5.8657E+04  5.8657E+04  3.7531E-01
4.4800E-02  5.8335E+04  5.8335E+04  3.7531E-01
4.4900E-02  5.8017E+04  5.8016E+04  3.7531E-01
4.5000E-02  5.7701E+04  5.7700E+04  3.7531E-01
4.5100E-02  5.7388E+04  5.7387E+04  3.7531E-01
4.5200E-02  5.7077E+04  5.7077E+04  3.7531E-01
4.5300E-02  5.6770E+04  5.6769E+04  3.7531E-01
4.5400E-02  5.6464E+04  5.6464E+04  3.7531E-01
4.5500E-02  5.6838E+04  5.6837E+04  3.7531E-01
4.5600E-02  5.5861E+04  5.5861E+04  3.7531E-01
4.5700E-02  5.5563E+04  5.5563E+04  3.7531E-01
4.5800E-02  5.5268E+04  5.5267E+04  3.7531E-01
4.5900E-02  5.4974E+04  5.4973E+04  3.7531E-01
4.6000E-02  5.4693E+04  5.4693E+04  3.7531E-01
4.6100E-02  5.4392E+04  5.4392E+04  3.7531E-01
4.6200E-02  5.4105E+04  5.4104E+04  3.7531E-01
4.6300E-02  5.3819E+04  5.3819E+04  3.7531E-01
4.6400E-02  5.3535E+04  5.3535E+04  3.7531E-01
4.6500E-02  5.3253E+04  5.3253E+04  3.7531E-01
4.6600E-02  5.2972E+04  5.2972E+04  3.7531E-01
4.6700E-02  5.2819E+04  5.2818E+04  3.7531E-01
4.6800E-02  5.2417E+04  5.2417E+04  3.7531E-01
4.6900E-02  5.2141E+04  5.2140E+04  3.7531E-01
4.7000E-02  5.1868E+04  5.1867E+04  3.7531E-01
4.7100E-02  5.1594E+04  5.1594E+04  3.7531E-01
4.7200E-02  5.1323E+04  5.1323E+04  3.7531E-01
4.7300E-02  5.1054E+04  5.1053E+04  3.7531E-01
4.7400E-02  5.0786E+04  5.0785E+04  3.7531E-01
4.7500E-02  5.0519E+04  5.0519E+04  3.7531E-01
4.7600E-02  5.0253E+04  5.0253E+04  3.7531E-01
4.7700E-02  4.9989E+04  4.9989E+04  3.7531E-01
4.7800E-02  4.9726E+04  4.9726E+04  3.7531E-01
4.7900E-02  4.9465E+04  4.9464E+04  3.7531E-01
4.8000E-02  4.9204E+04  4.9204E+04  3.7531E-01
4.8100E-02  4.8945E+04  4.8944E+04  3.7531E-01
4.8200E-02  4.8731E+04  4.8731E+04  3.7531E-01
4.8300E-02  4.8452E+04  4.8452E+04  3.7531E-01
4.8400E-02  4.8212E+04  4.8212E+04  3.7531E-01
4.8500E-02  4.7955E+04  4.7955E+04  3.7531E-01
4.8600E-02  4.7700E+04  4.7699E+04  3.7531E-01
4.8700E-02  4.7445E+04  4.7445E+04  3.7531E-01
4.8800E-02  4.7205E+04  4.7205E+04  3.7531E-01
4.8900E-02  4.6940E+04  4.6940E+04  3.7531E-01
4.9000E-02  4.6691E+04  4.6691E+04  3.7531E-01
4.9100E-02  4.6441E+04  4.6440E+04  3.7531E-01
4.9200E-02  4.6194E+04  4.6194E+04  3.7531E-01
4.9300E-02  4.5950E+04  4.5950E+04  3.7531E-01
4.9400E-02  4.5709E+04  4.5708E+04  3.7531E-01
4.9500E-02  4.5470E+04  4.5470E+04  3.7531E-01
4.9600E-02  4.5235E+04  4.5235E+04  3.7531E-01
4.9700E-02  4.5000E+04  4.4999E+04  3.7531E-01
4.9800E-02  4.4768E+04  4.4768E+04  3.7531E-01
4.9900E-02  4.4539E+04  4.4538E+04  3.7531E-01
5.0000E-02  4.4312E+04  4.4311E+04  3.7531E-01
5.0100E-02  4.4087E+04  4.4087E+04  3.7531E-01
5.0200E-02  4.3864E+04  4.3864E+04  3.7531E-01
5.0300E-02  4.3648E+04  4.3647E+04  3.7531E-01
5.0400E-02  4.3426E+04  4.3426E+04  3.7531E-01
5.0500E-02  4.3209E+04  4.3208E+04  3.7535E-01
5.0600E-02  4.2993E+04  4.2993E+04  3.7535E-01
5.0700E-02  4.2779E+04  4.2779E+04  3.7535E-01
5.0800E-02  4.2567E+04  4.2567E+04  3.7535E-01
5.0900E-02  4.2357E+04  4.2356E+04  3.7535E-01
5.1000E-02  4.2148E+04  4.2148E+04  3.7535E-01
5.1100E-02  4.1941E+04  4.1940E+04  3.7535E-01
5.1200E-02  4.1735E+04  4.1735E+04  3.7535E-01
5.1300E-02  4.1531E+04  4.1530E+04  3.7535E-01
5.1400E-02  4.1396E+04  4.1396E+04  3.7535E-01
5.1500E-02  4.1127E+04  4.1126E+04  3.7535E-01
5.1600E-02  4.0927E+04  4.0926E+04  3.7535E-01
5.1700E-02  4.0728E+04  4.0728E+04  3.7535E-01
5.1800E-02  4.0531E+04  4.0530E+04  3.7535E-01
5.1900E-02  4.0335E+04  4.0334E+04  3.7535E-01
5.2000E-02  4.0140E+04  4.0139E+04  3.7535E-01
5.2100E-02  3.9946E+04  3.9946E+04  3.7535E-01
5.2200E-02  3.9754E+04  3.9753E+04  3.7535E-01
5.2300E-02  3.9562E+04  3.9562E+04  3.7535E-01
5.2400E-02  3.9372E+04  3.9372E+04  3.7535E-01
5.2500E-02  3.9183E+04  3.9183E+04  3.7535E-01
5.2600E-02  3.8995E+04  3.8995E+04  3.7535E-01
5.2700E-02  3.8809E+04  3.8808E+04  3.7535E-01
5.2800E-02  3.8622E+04  3.8622E+04  3.7535E-01
5.2900E-02  3.8438E+04  3.8438E+04  3.7535E-01
5.3000E-02  3.8253E+04  3.8253E+04  3.7535E-01
5.3100E-02  3.8070E+04  3.8070E+04  3.7535E-01
5.3200E-02  3.7888E+04  3.7888E+04  3.7535E-01
5.3300E-02  3.7708E+04  3.7707E+04  3.7535E-01
5.3400E-02  3.7527E+04  3.7526E+04  3.7535E-01
5.3500E-02  3.7347E+04  3.7347E+04  3.7535E-01
5.3600E-02  3.7169E+04  3.7169E+04  3.7535E-01
5.3700E-02  3.6992E+04  3.6992E+04  3.7535E-01
5.3800E-02  3.6816E+04  3.6815E+04  3.7537E-01
5.3900E-02  3.6642E+04  3.6641E+04  3.7537E-01
5.4000E-02  3.6483E+04  3.6483E+04  3.7537E-01
5.4100E-02  3.6297E+04  3.6297E+04  3.7537E-01
5.4200E-02  3.6123E+04  3.6123E+04  3.7537E-01
5.4300E-02  3.5950E+04  3.5949E+04  3.7537E-01
5.4400E-02  3.5777E+04  3.5777E+04  3.7537E-01
5.4500E-02  3.5605E+04  3.5605E+04  3.7537E-01
5.4600E-02  3.5434E+04  3.5434E+04  3.7537E-01
5.4700E-02  3.5265E+04  3.5264E+04  3.7537E-01
5.4800E-02  3.5097E+04  3.5097E+04  3.7537E-01
5.4900E-02  3.4931E+04  3.4931E+04  3.7537E-01
5.5000E-02  3.4785E+04  3.4784E+04  3.7537E-01
5.5100E-02  3.4605E+04  3.4605E+04  3.7537E-01
5.5200E-02  3.4444E+04  3.4444E+04  3.7537E-01
5.5300E-02  3.4285E+04  3.4285E+04  3.7537E-01
5.5400E-02  3.4127E+04  3.4127E+04  3.7537E-01
5.5500E-02  3.3971E+04  3.3971E+04  3.7537E-01
5.5600E-02  3.3816E+04  3.3816E+04  3.7537E-01
5.5700E-02  3.3662E+04  3.3662E+04  3.7537E-01
5.5800E-02  3.3510E+04  3.3510E+04  3.7537E-01
5.5900E-02  3.3359E+04  3.3359E+04  3.7537E-01
5.6000E-02  3.3211E+04  3.3210E+04  3.7537E-01
5.6100E-02  3.3061E+04  3.3060E+04  3.7537E-01
5.6200E-02  3.2913E+04  3.2913E+04  3.7537E-01
5.6300E-02  3.2767E+04  3.2766E+04  3.7537E-01
5.6400E-02  3.2621E+04  3.2621E+04  3.7537E-01
5.6500E-02  3.2477E+04  3.2477E+04  3.7537E-01
5.6600E-02  3.2334E+04  3.2333E+04  3.7537E-01
5.6700E-02  3.2192E+04  3.2191E+04  3.7537E-01
5.6800E-02  3.2050E+04  3.2050E+04  3.7537E-01
5.6900E-02  3.1910E+04  3.1910E+04  3.7537E-01
5.7000E-02  3.1770E+04  3.1770E+04  3.7537E-01
5.7100E-02  3.1632E+04  3.1631E+04  3.7537E-01
5.7200E-02  3.1494E+04  3.1494E+04  3.7537E-01
5.7300E-02  3.1357E+04  3.1357E+04  3.7537E-01
5.7400E-02  3.1221E+04  3.1221E+04  3.7537E-01
5.7500E-02  3.1125E+04  3.1125E+04  3.7537E-01
5.7600E-02  3.0953E+04  3.0952E+04  3.7537E-01
5.7700E-02  3.0817E+04  3.0817E+04  3.7537E-01
5.7800E-02  3.0687E+04  3.0686E+04  3.7537E-01
5.7900E-02  3.0552E+04  3.0552E+04  3.7537E-01
5.8000E-02  3.0426E+04  3.0426E+04  3.7537E-01
5.8100E-02  3.0290E+04  3.0289E+04  3.7537E-01
5.8200E-02  3.0159E+04  3.0159E+04  3.7537E-01
5.8300E-02  3.0030E+04  3.0029E+04  3.7537E-01
5.8400E-02  2.9901E+04  2.9900E+04  3.7537E-01
5.8500E-02  2.9782E+04  2.9782E+04  3.7537E-01
5.8600E-02  2.9644E+04  2.9644E+04  3.7537E-01
5.8700E-02  2.9517E+04  2.9517E+04  3.7537E-01
5.8800E-02  2.9391E+04  2.9390E+04  3.7537E-01
5.8900E-02  2.9265E+04  2.9264E+04  3.7537E-01
5.9000E-02  2.9139E+04  2.9139E+04  3.7536E-01
5.9100E-02  2.9014E+04  2.9014E+04  3.7536E-01
5.9200E-02  2.8890E+04  2.8890E+04  3.7536E-01
5.9300E-02  2.8766E+04  2.8766E+04  3.7536E-01
5.9400E-02  2.8643E+04  2.8642E+04  3.7536E-01
5.9500E-02  2.8520E+04  2.8519E+04  3.7536E-01
5.9600E-02  2.8397E+04  2.8397E+04  3.7536E-01
5.9700E-02  2.8276E+04  2.8275E+04  3.7536E-01
5.9800E-02  2.8154E+04  2.8154E+04  3.7536E-01
5.9900E-02  2.8033E+04  2.8033E+04  3.7536E-01
6.0000E-02  2.7913E+04  2.7912E+04  3.7536E-01
6.0100E-02  2.8940E+04  2.8939E+04  3.7536E-01
6.0200E-02  2.7674E+04  2.7673E+04  3.7536E-01
6.0300E-02  2.7554E+04  2.7553E+04  3.7536E-01
6.0400E-02  2.7435E+04  2.7435E+04  3.7536E-01
6.0500E-02  2.7458E+04  2.7458E+04  3.7536E-01
6.0600E-02  2.7314E+04  2.7314E+04  3.7536E-01
6.0700E-02  2.7081E+04  2.7080E+04  3.7536E-01
6.0800E-02  2.6963E+04  2.6963E+04  3.7536E-01
6.0900E-02  2.6847E+04  2.6846E+04  3.7536E-01
6.1000E-02  2.6730E+04  2.6730E+04  3.7536E-01
6.1100E-02  2.6614E+04  2.6613E+04  3.7536E-01
6.1200E-02  2.6498E+04  2.6498E+04  3.7536E-01
6.1300E-02  2.6383E+04  2.6382E+04  3.7536E-01
6.1400E-02  2.6268E+04  2.6267E+04  3.7536E-01
6.1500E-02  2.6153E+04  2.6152E+04  3.7536E-01
6.1600E-02  2.6038E+04  2.6038E+04  3.7536E-01
6.1700E-02  2.5924E+04  2.5924E+04  3.7536E-01
6.1800E-02  2.5810E+04  2.5810E+04  3.7536E-01
6.1900E-02  2.5698E+04  2.5697E+04  3.7536E-01
6.2000E-02  2.5591E+04  2.5591E+04  3.7536E-01
6.2100E-02  2.5476E+04  2.5475E+04  3.7536E-01
6.2200E-02  2.5366E+04  2.5366E+04  3.7536E-01
6.2300E-02  2.5258E+04  2.5257E+04  3.7536E-01
6.2400E-02  2.5150E+04  2.5150E+04  3.7536E-01
6.2500E-02  2.5044E+04  2.5043E+04  3.7536E-01
6.2600E-02  2.4938E+04  2.4938E+04  3.7536E-01
6.2700E-02  2.4833E+04  2.4833E+04  3.7536E-01
6.2800E-02  2.4729E+04  2.4729E+04  3.7536E-01
6.2900E-02  2.4626E+04  2.4626E+04  3.7536E-01
6.3000E-02  2.4524E+04  2.4524E+04  3.7536E-01
6.3100E-02  2.4423E+04  2.4422E+04  3.7536E-01
6.3200E-02  2.4322E+04  2.4322E+04  3.7536E-01
6.3300E-02  2.4222E+04  2.4222E+04  3.7536E-01
6.3400E-02  2.4169E+04  2.4168E+04  3.7536E-01
6.3500E-02  2.4025E+04  2.4025E+04  3.7536E-01
6.3600E-02  2.3928E+04  2.3927E+04  3.7536E-01
6.3700E-02  2.3831E+04  2.3830E+04  3.7536E-01
6.3800E-02  2.3734E+04  2.3734E+04  3.7536E-01
6.3900E-02  2.3638E+04  2.3638E+04  3.7536E-01
6.4000E-02  2.3543E+04  2.3543E+04  3.7536E-01
6.4100E-02  2.3449E+04  2.3448E+04  3.7536E-01
6.4200E-02  2.3355E+04  2.3355E+04  3.7536E-01
6.4300E-02  2.3262E+04  2.3261E+04  3.7536E-01
6.4400E-02  2.3169E+04  2.3169E+04  3.7536E-01
6.4500E-02  2.3077E+04  2.3077E+04  3.7536E-01
6.4600E-02  2.2986E+04  2.2985E+04  3.7536E-01
6.4700E-02  2.2895E+04  2.2894E+04  3.7536E-01
6.4800E-02  2.2805E+04  2.2804E+04  3.7536E-01
6.4900E-02  2.2756E+04  2.2755E+04  3.7536E-01
6.5000E-02  2.2626E+04  2.2625E+04  3.7536E-01
6.5100E-02  2.2537E+04  2.2537E+04  3.7536E-01
6.5200E-02  2.2448E+04  2.2448E+04  3.7536E-01
6.5300E-02  2.2368E+04  2.2368E+04  3.7536E-01
6.5400E-02  2.2273E+04  2.2273E+04  3.7536E-01
6.5500E-02  2.5293E+04  2.5293E+04  3.7536E-01
6.5600E-02  2.2115E+04  2.2114E+04  3.7536E-01
6.5700E-02  2.2014E+04  2.2014E+04  3.7536E-01
6.5800E-02  2.2029E+04  2.2029E+04  3.7535E-01
6.5900E-02  2.1849E+04  2.1849E+04  3.7535E-01
6.6000E-02  2.1758E+04  2.1758E+04  3.7535E-01
6.6100E-02  2.1676E+04  2.1676E+04  3.7535E-01
6.6200E-02  2.1591E+04  2.1591E+04  3.7535E-01
6.6300E-02  2.1507E+04  2.1506E+04  3.7535E-01
6.6400E-02  2.1448E+04  2.1447E+04  3.7535E-01
6.6500E-02  2.1426E+04  2.1426E+04  3.7535E-01
6.6600E-02  2.1291E+04  2.1291E+04  3.7535E-01
6.6700E-02  2.1185E+04  2.1185E+04  3.7535E-01
6.6800E-02  2.1096E+04  2.1095E+04  3.7535E-01
6.6900E-02  2.1026E+04  2.1026E+04  3.7535E-01
6.7000E-02  2.1002E+04  2.1002E+04  3.7535E-01
6.7100E-02  2.0930E+04  2.0929E+04  3.7535E-01
6.7200E-02  2.0851E+04  2.0851E+04  3.7535E-01
6.7300E-02  2.0849E+04  2.0848E+04  3.7535E-01
6.7400E-02  2.0695E+04  2.0694E+04  3.7535E-01
6.7500E-02  2.0623E+04  2.0623E+04  3.7535E-01
6.7600E-02  2.0539E+04  2.0538E+04  3.7535E-01
6.7700E-02  2.0460E+04  2.0459E+04  3.7535E-01
6.7800E-02  2.0381E+04  2.0381E+04  3.7535E-01
6.7900E-02  2.0304E+04  2.0304E+04  3.7535E-01
6.8000E-02  2.0225E+04  2.0225E+04  3.7535E-01
6.8100E-02  2.0150E+04  2.0149E+04  3.7535E-01
6.8200E-02  2.0072E+04  2.0072E+04  3.7535E-01
6.8300E-02  2.0002E+04  2.0002E+04  3.7535E-01
6.8400E-02  1.9919E+04  1.9919E+04  3.7535E-01
6.8500E-02  1.9840E+04  1.9840E+04  3.7535E-01
6.8600E-02  1.9767E+04  1.9767E+04  3.7535E-01
6.8700E-02  1.9691E+04  1.9690E+04  3.7535E-01
6.8800E-02  1.9616E+04  1.9616E+04  3.7535E-01
6.8900E-02  1.9541E+04  1.9540E+04  3.7535E-01
6.9000E-02  1.9467E+04  1.9466E+04  3.7535E-01
6.9100E-02  1.9393E+04  1.9393E+04  3.7535E-01
6.9200E-02  1.9320E+04  1.9320E+04  3.7535E-01
6.9300E-02  1.9248E+04  1.9248E+04  3.7535E-01
6.9400E-02  1.9178E+04  1.9178E+04  3.7535E-01
6.9500E-02  1.9105E+04  1.9105E+04  3.7535E-01
6.9600E-02  1.9035E+04  1.9034E+04  3.7535E-01
6.9700E-02  1.8964E+04  1.8964E+04  3.7535E-01
6.9800E-02  1.8895E+04  1.8894E+04  3.7535E-01
6.9900E-02  1.8825E+04  1.8825E+04  3.7535E-01
7.0000E-02  1.8756E+04  1.8756E+04  3.7535E-01
7.0100E-02  1.8688E+04  1.8688E+04  3.7535E-01
7.0200E-02  1.8621E+04  1.8620E+04  3.7535E-01
7.0300E-02  1.8553E+04  1.8552E+04  3.7535E-01
7.0400E-02  1.8486E+04  1.8485E+04  3.7535E-01
7.0500E-02  1.8423E+04  1.8422E+04  3.7535E-01
7.0600E-02  1.8353E+04  1.8352E+04  3.7535E-01
7.0700E-02  1.8287E+04  1.8286E+04  3.7535E-01
7.0800E-02  1.8221E+04  1.8221E+04  3.7535E-01
7.0900E-02  1.8156E+04  1.8156E+04  3.7535E-01
7.1000E-02  1.8092E+04  1.8092E+04  3.7535E-01
7.1100E-02  1.8027E+04  1.8027E+04  3.7535E-01
7.1200E-02  1.7963E+04  1.7963E+04  3.7535E-01
7.1300E-02  1.7899E+04  1.7899E+04  3.7535E-01
7.1400E-02  1.7836E+04  1.7836E+04  3.7535E-01
7.1500E-02  1.7774E+04  1.7773E+04  3.7535E-01
7.1600E-02  1.7710E+04  1.7710E+04  3.7535E-01
7.1700E-02  1.7740E+04  1.7740E+04  3.7535E-01
7.1800E-02  1.7586E+04  1.7585E+04  3.7534E-01
7.1900E-02  1.7524E+04  1.7524E+04  3.7539E-01
7.2000E-02  1.7463E+04  1.7462E+04  3.7539E-01
7.2100E-02  1.7401E+04  1.7401E+04  3.7539E-01
7.2200E-02  1.7340E+04  1.7340E+04  3.7539E-01
7.2300E-02  1.7279E+04  1.7279E+04  3.7539E-01
7.2400E-02  1.7219E+04  1.7219E+04  3.7539E-01
7.2500E-02  1.7159E+04  1.7158E+04  3.7539E-01
7.2600E-02  1.7101E+04  1.7100E+04  3.7539E-01
7.2700E-02  1.7040E+04  1.7039E+04  3.7539E-01
7.2800E-02  1.6980E+04  1.6980E+04  3.7539E-01
7.2900E-02  1.6921E+04  1.6920E+04  3.7539E-01
7.3000E-02  1.6862E+04  1.6862E+04  3.7539E-01
7.3100E-02  1.6803E+04  1.6803E+04  3.7539E-01
7.3200E-02  1.6745E+04  1.6744E+04  3.7539E-01
7.3300E-02  1.6687E+04  1.6686E+04  3.7539E-01
7.3400E-02  1.6629E+04  1.6628E+04  3.7539E-01
7.3500E-02  1.6571E+04  1.6570E+04  3.7539E-01
7.3600E-02  1.6513E+04  1.6513E+04  3.7539E-01
7.3700E-02  1.6456E+04  1.6456E+04  3.7539E-01
7.3800E-02  1.6407E+04  1.6407E+04  3.7539E-01
7.3900E-02  1.6342E+04  1.6341E+04  3.7539E-01
7.4000E-02  1.6285E+04  1.6285E+04  3.7539E-01
7.4100E-02  1.6228E+04  1.6228E+04  3.7539E-01
7.4200E-02  1.6172E+04  1.6172E+04  3.7539E-01
7.4300E-02  1.6116E+04  1.6116E+04  3.7539E-01
7.4400E-02  1.6060E+04  1.6060E+04  3.7539E-01
7.4500E-02  1.6004E+04  1.6004E+04  3.7539E-01
7.4600E-02  1.5949E+04  1.5948E+04  3.7539E-01
7.4700E-02  1.5893E+04  1.5893E+04  3.7539E-01
7.4800E-02  1.5857E+04  1.5856E+04  3.7539E-01
7.4900E-02  1.5783E+04  1.5783E+04  3.7539E-01
7.5000E-02  1.5728E+04  1.5727E+04  3.7539E-01
7.5100E-02  1.5673E+04  1.5673E+04  3.7539E-01
7.5200E-02  1.5619E+04  1.5618E+04  3.7538E-01
7.5300E-02  1.5564E+04  1.5564E+04  3.7538E-01
7.5400E-02  1.5510E+04  1.5509E+04  3.7538E-01
7.5500E-02  1.5456E+04  1.5455E+04  3.7538E-01
7.5600E-02  1.5402E+04  1.5402E+04  3.7538E-01
7.5700E-02  1.5348E+04  1.5347E+04  3.7538E-01
7.5800E-02  1.5294E+04  1.5294E+04  3.7538E-01
7.5900E-02  1.5240E+04  1.5240E+04  3.7538E-01
7.6000E-02  1.5187E+04  1.5187E+04  3.7538E-01
7.6100E-02  1.5135E+04  1.5134E+04  3.7538E-01
7.6200E-02  1.5081E+04  1.5080E+04  3.7538E-01
7.6300E-02  1.5035E+04  1.5035E+04  3.7538E-01
7.6400E-02  1.4976E+04  1.4975E+04  3.7538E-01
7.6500E-02  1.4922E+04  1.4922E+04  3.7538E-01
7.6600E-02  1.4869E+04  1.4869E+04  3.7538E-01
7.6700E-02  1.4817E+04  1.4817E+04  3.7538E-01
7.6800E-02  1.4765E+04  1.4764E+04  3.7538E-01
7.6900E-02  1.4712E+04  1.4712E+04  3.7538E-01
7.7000E-02  1.4691E+04  1.4691E+04  3.7538E-01
7.7100E-02  1.4608E+04  1.4608E+04  3.7538E-01
7.7200E-02  1.4557E+04  1.4556E+04  3.7538E-01
7.7300E-02  1.4505E+04  1.4505E+04  3.7538E-01
7.7400E-02  1.4454E+04  1.4454E+04  3.7538E-01
7.7500E-02  1.4402E+04  1.4401E+04  3.7538E-01
7.7600E-02  1.4363E+04  1.4362E+04  3.7538E-01
7.7700E-02  1.4299E+04  1.4299E+04  3.7538E-01
7.7800E-02  1.4248E+04  1.4248E+04  3.7538E-01
7.7900E-02  1.4198E+04  1.4197E+04  3.7538E-01
7.8000E-02  1.4408E+04  1.4408E+04  3.7538E-01
7.8100E-02  1.4098E+04  1.4097E+04  3.7538E-01
7.8200E-02  1.4048E+04  1.4048E+04  3.7538E-01
7.8300E-02  1.4010E+04  1.4010E+04  3.7538E-01
7.8400E-02  1.3964E+04  1.3964E+04  3.7538E-01
7.8500E-02  1.3946E+04  1.3946E+04  3.7538E-01
7.8600E-02  1.3927E+04  1.3926E+04  3.7538E-01
7.8700E-02  1.3892E+04  1.3891E+04  3.7538E-01
7.8800E-02  1.3845E+04  1.3844E+04  3.7538E-01
7.8900E-02  1.3798E+04  1.3797E+04  3.7538E-01
7.9000E-02  1.3752E+04  1.3751E+04  3.7538E-01
7.9100E-02  1.3705E+04  1.3705E+04  3.7538E-01
7.9200E-02  1.3660E+04  1.3659E+04  3.7538E-01
7.9300E-02  1.3614E+04  1.3614E+04  3.7538E-01
7.9400E-02  1.3569E+04  1.3569E+04  3.7538E-01
7.9500E-02  1.3524E+04  1.3524E+04  3.7538E-01
7.9600E-02  1.3480E+04  1.3480E+04  3.7538E-01
7.9700E-02  1.3436E+04  1.3435E+04  3.7538E-01
7.9800E-02  1.3392E+04  1.3391E+04  3.7538E-01
7.9900E-02  1.3348E+04  1.3347E+04  3.7538E-01
8.0000E-02  1.3304E+04  1.3304E+04  3.7538E-01
8.0100E-02  1.3261E+04  1.3260E+04  3.7538E-01
8.0200E-02  1.3218E+04  1.3217E+04  3.7538E-01
8.0300E-02  1.3175E+04  1.3174E+04  3.7538E-01
8.0400E-02  1.3132E+04  1.3132E+04  3.7538E-01
8.0500E-02  1.3090E+04  1.3089E+04  3.7537E-01
8.0600E-02  1.3048E+04  1.3047E+04  3.7537E-01
8.0700E-02  1.3006E+04  1.3005E+04  3.7537E-01
8.0800E-02  1.2964E+04  1.2964E+04  3.7537E-01
8.0900E-02  1.2923E+04  1.2922E+04  3.7537E-01
8.1000E-02  1.2881E+04  1.2881E+04  3.7537E-01
8.1100E-02  1.2840E+04  1.2840E+04  3.7537E-01
8.1200E-02  1.2799E+04  1.2799E+04  3.7537E-01
8.1300E-02  1.2759E+04  1.2758E+04  3.7537E-01
8.1400E-02  1.2718E+04  1.2718E+04  3.7537E-01
8.1500E-02  1.2678E+04  1.2678E+04  3.7537E-01
8.1600E-02  1.2638E+04  1.2638E+04  3.7537E-01
8.1700E-02  1.2598E+04  1.2598E+04  3.7537E-01
8.1800E-02  1.2559E+04  1.2558E+04  3.7537E-01
8.1900E-02  1.2519E+04  1.2519E+04  3.7537E-01
8.2000E-02  1.2480E+04  1.2480E+04  3.7537E-01
8.2100E-02  1.2441E+04  1.2440E+04  3.7537E-01
8.2200E-02  1.2402E+04  1.2401E+04  3.7537E-01
8.2300E-02  1.2363E+04  1.2363E+04  3.7537E-01
8.2400E-02  1.2325E+04  1.2324E+04  3.7537E-01
8.2500E-02  1.2286E+04  1.2286E+04  3.7537E-01
8.2600E-02  1.2248E+04  1.2248E+04  3.7537E-01
8.2700E-02  1.2210E+04  1.2209E+04  3.7537E-01
8.2800E-02  1.2172E+04  1.2172E+04  3.7537E-01
8.2900E-02  1.2134E+04  1.2134E+04  3.7542E-01
8.3000E-02  1.2096E+04  1.2096E+04  3.7541E-01
8.3100E-02  1.2059E+04  1.2059E+04  3.7541E-01
8.3200E-02  1.2022E+04  1.2021E+04  3.7541E-01
8.3300E-02  1.1985E+04  1.1984E+04  3.7541E-01
8.3400E-02  1.1948E+04  1.1947E+04  3.7541E-01
8.3500E-02  1.1911E+04  1.1910E+04  3.7541E-01
8.3600E-02  1.1874E+04  1.1874E+04  3.7541E-01
8.3700E-02  1.1837E+04  1.1837E+04  3.7541E-01
8.3800E-02  1.1801E+04  1.1800E+04  3.7541E-01
8.3900E-02  1.1764E+04  1.1764E+04  3.7541E-01
8.4000E-02  1.1728E+04  1.1728E+04  3.7541E-01
8.4100E-02  1.1692E+04  1.1692E+04  3.7541E-01
8.4200E-02  1.1656E+04  1.1656E+04  3.7541E-01
8.4300E-02  1.1620E+04  1.1620E+04  3.7541E-01
8.4400E-02  1.1585E+04  1.1584E+04  3.7541E-01
8.4500E-02  1.1549E+04  1.1549E+04  3.7541E-01
8.4600E-02  1.1514E+04  1.1513E+04  3.7541E-01
8.4700E-02  1.1478E+04  1.1478E+04  3.7541E-01
8.4800E-02  1.1443E+04  1.1443E+04  3.7541E-01
8.4900E-02  1.1408E+04  1.1408E+04  3.7541E-01
8.5000E-02  1.1373E+04  1.1373E+04  3.7541E-01
8.5100E-02  1.1338E+04  1.1338E+04  3.7541E-01
8.5200E-02  1.1303E+04  1.1303E+04  3.7541E-01
8.5300E-02  1.1269E+04  1.1268E+04  3.7541E-01
8.5400E-02  1.1234E+04  1.1234E+04  3.7541E-01
8.5500E-02  1.1200E+04  1.1199E+04  3.7541E-01
8.5600E-02  1.1165E+04  1.1165E+04  3.7541E-01
8.5700E-02  1.1131E+04  1.1131E+04  3.7541E-01
8.5800E-02  1.1097E+04  1.1097E+04  3.7541E-01
8.5900E-02  1.1063E+04  1.1062E+04  3.7541E-01
8.6000E-02  1.1029E+04  1.1029E+04  3.7541E-01
8.6100E-02  1.0995E+04  1.0995E+04  3.7541E-01
8.6200E-02  1.0961E+04  1.0961E+04  3.7541E-01
8.6300E-02  1.0928E+04  1.0927E+04  3.7541E-01
8.6400E-02  1.0894E+04  1.0894E+04  3.7541E-01
8.6500E-02  1.0861E+04  1.0860E+04  3.7541E-01
8.6600E-02  1.0827E+04  1.0827E+04  3.7541E-01
8.6700E-02  1.0795E+04  1.0794E+04  3.7541E-01
8.6800E-02  1.0762E+04  1.0761E+04  3.7541E-01
8.6900E-02  1.0729E+04  1.0729E+04  3.7541E-01
8.7000E-02  1.0697E+04  1.0697E+04  3.7541E-01
8.7100E-02  1.0665E+04  1.0664E+04  3.7541E-01
8.7200E-02  1.0633E+04  1.0632E+04  3.7541E-01
8.7300E-02  1.0601E+04  1.0601E+04  3.7541E-01
8.7400E-02  1.0569E+04  1.0569E+04  3.7541E-01
8.7500E-02  1.0538E+04  1.0538E+04  3.7541E-01
8.7600E-02  1.0507E+04  1.0506E+04  3.7541E-01
8.7700E-02  1.0476E+04  1.0475E+04  3.7541E-01
8.7800E-02  1.0445E+04  1.0445E+04  3.7541E-01
8.7900E-02  1.0414E+04  1.0414E+04  3.7541E-01
8.8000E-02  1.0384E+04  1.0383E+04  3.7540E-01
8.8100E-02  1.0353E+04  1.0353E+04  3.7540E-01
8.8200E-02  1.0323E+04  1.0323E+04  3.7540E-01
8.8300E-02  1.0293E+04  1.0292E+04  3.7540E-01
8.8400E-02  1.0263E+04  1.0262E+04  3.7540E-01
8.8500E-02  1.0233E+04  1.0233E+04  3.7540E-01
8.8600E-02  1.0203E+04  1.0203E+04  3.7540E-01
8.8700E-02  1.0174E+04  1.0173E+04  3.7540E-01
8.8800E-02  1.0144E+04  1.0144E+04  3.7540E-01
8.8900E-02  1.0115E+04  1.0115E+04  3.7540E-01
8.9000E-02  1.0086E+04  1.0086E+04  3.7540E-01
8.9100E-02  1.0057E+04  1.0057E+04  3.7540E-01
8.9200E-02  1.0028E+04  1.0028E+04  3.7540E-01
8.9300E-02  9.9995E+03  9.9991E+03  3.7540E-01
8.9400E-02  9.9708E+03  9.9705E+03  3.7540E-01
8.9500E-02  9.9423E+03  9.9420E+03  3.7540E-01
8.9600E-02  9.9139E+03  9.9136E+03  3.7540E-01
8.9700E-02  9.8857E+03  9.8853E+03  3.7540E-01
8.9800E-02  9.8575E+03  9.8571E+03  3.7540E-01
8.9900E-02  9.8295E+03  9.8291E+03  3.7540E-01
9.0000E-02  9.8015E+03  9.8012E+03  3.7540E-01
9.0100E-02  9.7737E+03  9.7733E+03  3.7540E-01
9.0200E-02  9.7460E+03  9.7456E+03  3.7540E-01
9.0300E-02  9.7184E+03  9.7180E+03  3.7540E-01
9.0400E-02  9.6909E+03  9.6905E+03  3.7540E-01
9.0500E-02  9.6634E+03  9.6631E+03  3.7540E-01
9.0600E-02  9.6361E+03  9.6358E+03  3.7540E-01
9.0700E-02  9.6089E+03  9.6085E+03  3.7540E-01
9.0800E-02  9.5818E+03  9.5814E+03  3.7540E-01
9.0900E-02  9.5548E+03  9.5544E+03  3.7540E-01
9.1000E-02  9.5278E+03  9.5275E+03  3.7540E-01
9.1100E-02  9.5010E+03  9.5006E+03  3.7540E-01
9.1200E-02  9.4742E+03  9.4739E+03  3.7540E-01
9.1300E-02  9.4476E+03  9.4472E+03  3.7540E-01
9.1400E-02  9.4210E+03  9.4206E+03  3.7540E-01
9.1500E-02  9.3945E+03  9.3941E+03  3.7540E-01
9.1600E-02  9.3681E+03  9.3677E+03  3.7540E-01
9.1700E-02  9.3418E+03  9.3414E+03  3.7540E-01
9.1800E-02  9.3155E+03  9.3152E+03  3.7540E-01
9.1900E-02  9.2894E+03  9.2890E+03  3.7540E-01
9.2000E-02  9.2633E+03  9.2629E+03  3.7540E-01
9.2100E-02  9.2373E+03  9.2369E+03  3.7540E-01
9.2200E-02  9.2114E+03  9.2110E+03  3.7540E-01
9.2300E-02  9.1855E+03  9.1851E+03  3.7540E-01
9.2400E-02  9.1597E+03  9.1593E+03  3.7540E-01
9.2500E-02  9.1340E+03  9.1336E+03  3.7540E-01
9.2600E-02  9.1084E+03  9.1080E+03  3.7540E-01
9.2700E-02  9.0828E+03  9.0825E+03  3.7540E-01
9.2800E-02  9.0574E+03  9.0570E+03  3.7540E-01
9.2900E-02  9.0319E+03  9.0316E+03  3.7539E-01
9.3000E-02  9.0066E+03  9.0062E+03  3.7539E-01
9.3100E-02  8.9813E+03  8.9809E+03  3.7539E-01
9.3200E-02  8.9561E+03  8.9557E+03  3.7539E-01
9.3300E-02  8.9310E+03  8.9306E+03  3.7539E-01
9.3400E-02  8.9059E+03  8.9055E+03  3.7539E-01
9.3500E-02  8.8809E+03  8.8805E+03  3.7539E-01
9.3600E-02  8.8559E+03  8.8555E+03  3.7539E-01
9.3700E-02  8.8310E+03  8.8307E+03  3.7539E-01
9.3800E-02  8.8062E+03  8.8058E+03  3.7539E-01
9.3900E-02  8.7814E+03  8.7811E+03  3.7539E-01
9.4000E-02  8.7567E+03  8.7564E+03  3.7539E-01
9.4100E-02  8.7321E+03  8.7317E+03  3.7539E-01
9.4200E-02  8.7075E+03  8.7071E+03  3.7539E-01
9.4300E-02  8.6830E+03  8.6826E+03  3.7539E-01
9.4400E-02  8.6585E+03  8.6581E+03  3.7539E-01
9.4500E-02  8.6341E+03  8.6337E+03  3.7539E-01
9.4600E-02  8.6097E+03  8.6093E+03  3.7539E-01
9.4700E-02  8.5854E+03  8.5850E+03  3.7539E-01
9.4800E-02  8.5612E+03  8.5608E+03  3.7539E-01
9.4900E-02  8.5370E+03  8.5366E+03  3.7539E-01
9.5000E-02  8.5128E+03  8.5124E+03  3.7539E-01
9.5100E-02  8.4887E+03  8.4884E+03  3.7539E-01
9.5200E-02  8.4649E+03  8.4645E+03  3.7539E-01
9.5300E-02  8.4407E+03  8.4403E+03  3.7539E-01
9.5400E-02  8.4168E+03  8.4164E+03  3.7539E-01
9.5500E-02  8.3929E+03  8.3925E+03  3.7539E-01
9.5600E-02  8.3690E+03  8.3686E+03  3.7539E-01
9.5700E-02  8.3452E+03  8.3448E+03  3.7539E-01
9.5800E-02  8.3215E+03  8.3211E+03  3.7539E-01
9.5900E-02  8.2978E+03  8.2974E+03  3.7539E-01
9.6000E-02  8.2741E+03  8.2737E+03  3.7539E-01
9.6100E-02  8.2505E+03  8.2501E+03  3.7539E-01
9.6200E-02  8.2269E+03  8.2266E+03  3.7539E-01
9.6300E-02  8.2034E+03  8.2030E+03  3.7539E-01
9.6400E-02  8.1799E+03  8.1796E+03  3.7539E-01
9.6500E-02  8.1565E+03  8.1561E+03  3.7539E-01
9.6600E-02  8.1331E+03  8.1327E+03  3.7539E-01
9.6700E-02  8.3334E+03  8.3330E+03  3.7539E-01
9.6800E-02  8.0865E+03  8.0861E+03  3.7539E-01
9.6900E-02  8.0632E+03  8.0628E+03  3.7539E-01
9.7000E-02  8.0400E+03  8.0396E+03  3.7539E-01
9.7100E-02  8.0168E+03  8.0164E+03  3.7539E-01
9.7200E-02  7.9937E+03  7.9933E+03  3.7539E-01
9.7300E-02  7.9706E+03  7.9702E+03  3.7539E-01
9.7400E-02  7.9475E+03  7.9471E+03  3.7539E-01
9.7500E-02  7.9245E+03  7.9241E+03  3.7539E-01
9.7600E-02  7.9015E+03  7.9011E+03  3.7538E-01
9.7700E-02  7.8786E+03  7.8782E+03  3.7538E-01
9.7800E-02  7.8557E+03  7.8553E+03  3.7538E-01
9.7900E-02  7.8329E+03  7.8325E+03  3.7538E-01
9.8000E-02  7.8103E+03  7.8099E+03  3.7538E-01
9.8100E-02  7.7879E+03  7.7875E+03  3.7538E-01
9.8200E-02  7.7656E+03  7.7652E+03  3.7538E-01
9.8300E-02  7.7435E+03  7.7431E+03  3.7538E-01
9.8400E-02  7.7215E+03  7.7211E+03  3.7538E-01
9.8500E-02  7.7012E+03  7.7008E+03  3.7538E-01
9.8600E-02  7.6779E+03  7.6775E+03  3.7538E-01
9.8700E-02  7.6564E+03  7.6560E+03  3.7538E-01
9.8800E-02  7.6349E+03  7.6345E+03  3.7538E-01
9.8900E-02  7.6136E+03  7.6133E+03  3.7538E-01
9.9000E-02  7.5940E+03  7.5936E+03  3.7538E-01
9.9100E-02  7.5714E+03  7.5710E+03  3.7538E-01
9.9200E-02  7.5505E+03  7.5501E+03  3.7538E-01
9.9300E-02  7.5300E+03  7.5297E+03  3.7538E-01
9.9400E-02  7.5091E+03  7.5087E+03  3.7538E-01
9.9500E-02  7.4886E+03  7.4883E+03  3.7538E-01
9.9600E-02  7.4759E+03  7.4755E+03  3.7538E-01
9.9700E-02  7.4478E+03  7.4474E+03  3.7538E-01
9.9800E-02  7.4276E+03  7.4272E+03  3.7538E-01
9.9900E-02  7.4075E+03  7.4071E+03  3.7538E-01
1.0000E-01  7.3875E+03  7.3871E+03  3.7538E-01
1.0100E-01  7.1933E+03  7.1929E+03  3.7538E-01
1.0200E-01  7.0083E+03  7.0079E+03  3.7538E-01
1.0300E-01  6.8311E+03  6.8307E+03  3.7537E-01
1.0400E-01  6.6606E+03  6.6602E+03  3.7537E-01
1.0500E-01  6.4959E+03  6.4956E+03  3.7537E-01
1.0600E-01  6.3364E+03  6.3360E+03  3.7537E-01
1.0700E-01  6.1816E+03  6.1812E+03  3.7536E-01
1.0800E-01  6.0305E+03  6.0301E+03  3.7536E-01
1.0900E-01  5.8893E+03  5.8889E+03  3.7536E-01
1.1000E-01  5.7484E+03  5.7480E+03  3.7536E-01
1.1100E-01  5.6134E+03  5.6131E+03  3.7536E-01
1.1200E-01  5.4836E+03  5.4833E+03  3.7535E-01
1.1300E-01  5.3582E+03  5.3579E+03  3.7537E-01
1.1400E-01  5.2366E+03  5.2363E+03  3.7536E-01
1.1500E-01  5.1183E+03  5.1180E+03  3.7536E-01
1.1600E-01  5.0030E+03  5.0026E+03  3.7536E-01
1.1700E-01  4.8902E+03  4.8898E+03  3.7536E-01
1.1800E-01  4.7798E+03  4.7794E+03  3.7536E-01
1.1900E-01  4.6715E+03  4.6711E+03  3.7535E-01
1.2000E-01  4.5720E+03  4.5716E+03  3.7535E-01
1.2100E-01  4.4665E+03  4.4661E+03  3.7535E-01
1.2200E-01  4.3632E+03  4.3628E+03  3.7535E-01
1.2300E-01  4.2614E+03  4.2610E+03  3.7534E-01
1.2400E-01  4.1630E+03  4.1626E+03  3.7536E-01
1.2500E-01  4.0698E+03  4.0694E+03  3.7536E-01
1.2600E-01  3.9810E+03  3.9806E+03  3.7535E-01
1.2700E-01  3.8960E+03  3.8956E+03  3.7535E-01
1.2800E-01  3.8144E+03  3.8140E+03  3.7535E-01
1.2900E-01  3.7358E+03  3.7354E+03  3.7535E-01
1.3000E-01  3.6597E+03  3.6593E+03  3.7534E-01
1.3100E-01  3.5860E+03  3.5856E+03  3.7534E-01
1.3200E-01  3.5143E+03  3.5140E+03  3.7534E-01
1.3300E-01  3.4445E+03  3.4442E+03  3.7534E-01
1.3400E-01  3.3764E+03  3.3761E+03  3.7533E-01
1.3500E-01  3.3099E+03  3.3095E+03  3.7533E-01
1.3600E-01  3.2447E+03  3.2444E+03  3.7533E-01
1.3700E-01  3.1809E+03  3.1805E+03  3.7533E-01
1.3800E-01  3.1191E+03  3.1188E+03  3.7533E-01
1.3900E-01  3.0595E+03  3.0592E+03  3.7532E-01
1.4000E-01  3.0018E+03  3.0015E+03  3.7532E-01
1.4100E-01  2.9458E+03  2.9454E+03  3.7532E-01
1.4200E-01  2.8912E+03  2.8908E+03  3.7532E-01
1.4300E-01  2.8379E+03  2.8375E+03  3.7531E-01
1.4400E-01  2.7858E+03  2.7855E+03  3.7531E-01
1.4500E-01  2.7348E+03  2.7344E+03  3.7531E-01
1.4600E-01  2.6847E+03  2.6844E+03  3.7531E-01
1.4700E-01  2.6356E+03  2.6352E+03  3.7531E-01
1.4800E-01  2.5872E+03  2.5868E+03  3.7530E-01
1.4900E-01  2.5396E+03  2.5392E+03  3.7530E-01
1.5000E-01  2.4926E+03  2.4923E+03  3.7530E-01
1.5100E-01  2.4463E+03  2.4459E+03  3.7530E-01
1.5200E-01  2.4006E+03  2.4002E+03  3.7529E-01
1.5300E-01  2.3554E+03  2.3550E+03  3.7529E-01
1.5400E-01  2.3107E+03  2.3103E+03  3.7529E-01
1.5500E-01  2.2665E+03  2.2661E+03  3.7529E-01
1.5600E-01  2.2238E+03  2.2235E+03  3.7528E-01
1.5700E-01  2.1831E+03  2.1827E+03  3.7528E-01
1.5800E-01  2.1439E+03  2.1435E+03  3.7528E-01
1.5900E-01  2.1062E+03  2.1059E+03  3.7528E-01
1.6000E-01  2.0699E+03  2.0695E+03  3.7528E-01
1.6100E-01  2.0346E+03  2.0343E+03  3.7527E-01
1.6200E-01  2.0005E+03  2.0001E+03  3.7527E-01
1.6300E-01  1.9673E+03  1.9669E+03  3.7527E-01
1.6400E-01  1.9350E+03  1.9346E+03  3.7527E-01
1.6500E-01  1.9034E+03  1.9031E+03  3.7526E-01
1.6600E-01  1.8726E+03  1.8723E+03  3.7526E-01
1.6700E-01  1.8425E+03  1.8421E+03  3.7526E-01
1.6800E-01  1.8130E+03  1.8126E+03  3.7526E-01
1.6900E-01  1.7840E+03  1.7836E+03  3.7525E-01
1.7000E-01  1.7556E+03  1.7552E+03  3.7525E-01
1.7100E-01  1.7277E+03  1.7273E+03  3.7525E-01
1.7200E-01  1.7002E+03  1.6998E+03  3.7525E-01
1.7300E-01  1.6733E+03  1.6729E+03  3.7525E-01
1.7400E-01  1.6472E+03  1.6468E+03  3.7524E-01
1.7500E-01  1.6218E+03  1.6214E+03  3.7524E-01
1.7600E-01  1.5970E+03  1.5967E+03  3.7524E-01
1.7700E-01  1.5728E+03  1.5724E+03  3.7524E-01
1.7800E-01  1.5491E+03  1.5487E+03  3.7523E-01
1.7900E-01  1.5259E+03  1.5255E+03  3.7523E-01
1.8000E-01  1.5031E+03  1.5027E+03  3.7523E-01
1.8100E-01  1.4807E+03  1.4803E+03  3.7523E-01
1.8200E-01  1.4586E+03  1.4583E+03  3.7522E-01
1.8300E-01  1.4369E+03  1.4366E+03  3.7522E-01
1.8400E-01  1.4155E+03  1.4152E+03  3.7522E-01
1.8500E-01  1.3944E+03  1.3941E+03  3.7522E-01
1.8600E-01  1.3736E+03  1.3732E+03  3.7522E-01
1.8700E-01  1.3530E+03  1.3526E+03  3.7521E-01
1.8800E-01  1.3327E+03  1.3323E+03  3.7521E-01
1.8900E-01  1.3126E+03  1.3122E+03  3.7521E-01
1.9000E-01  1.2927E+03  1.2923E+03  3.7521E-01
1.9100E-01  1.2729E+03  1.2726E+03  3.7520E-01
1.9200E-01  1.2534E+03  1.2530E+03  3.7520E-01
1.9300E-01  1.2341E+03  1.2337E+03  3.7520E-01
1.9400E-01  1.2149E+03  1.2145E+03  3.7520E-01
1.9500E-01  1.1958E+03  1.1955E+03  3.7519E-01
1.9600E-01  1.1774E+03  1.1770E+03  3.7519E-01
1.9700E-01  1.1596E+03  1.1592E+03  3.7519E-01
1.9800E-01  1.1424E+03  1.1421E+03  3.7519E-01
1.9900E-01  1.1258E+03  1.1255E+03  3.7519E-01
2.0000E-01  1.1097E+03  1.1094E+03  3.7518E-01
2.0100E-01  1.0941E+03  1.0937E+03  3.7518E-01
2.0200E-01  1.0789E+03  1.0785E+03  3.7518E-01
2.0300E-01  1.0640E+03  1.0637E+03  3.7518E-01
2.0400E-01  1.0496E+03  1.0492E+03  3.7517E-01
2.0500E-01  1.0354E+03  1.0351E+03  3.7517E-01
2.0600E-01  1.0216E+03  1.0212E+03  3.7517E-01
2.0700E-01  1.0081E+03  1.0077E+03  3.7517E-01
2.0800E-01  9.9479E+02  9.9441E+02  3.7516E-01
2.0900E-01  9.8176E+02  9.8138E+02  3.7516E-01
2.1000E-01  9.6896E+02  9.6858E+02  3.7516E-01
2.1100E-01  9.5638E+02  9.5600E+02  3.7516E-01
2.1200E-01  9.4400E+02  9.4363E+02  3.7516E-01
2.1300E-01  9.3182E+02  9.3144E+02  3.7515E-01
2.1400E-01  9.1981E+02  9.1944E+02  3.7515E-01
2.1500E-01  9.0798E+02  9.0760E+02  3.7515E-01
2.1600E-01  8.9631E+02  8.9593E+02  3.7515E-01
2.1700E-01  8.8480E+02  8.8443E+02  3.7514E-01
2.1800E-01  8.7355E+02  8.7318E+02  3.7514E-01
2.1900E-01  8.6256E+02  8.6218E+02  3.7514E-01
2.2000E-01  8.5179E+02  8.5141E+02  3.7514E-01
2.2100E-01  8.4123E+02  8.4085E+02  3.7513E-01
2.2200E-01  8.3086E+02  8.3049E+02  3.7513E-01
2.2300E-01  8.2068E+02  8.2031E+02  3.7513E-01
2.2400E-01  8.1066E+02  8.1029E+02  3.7513E-01
2.2500E-01  8.0080E+02  8.0043E+02  3.7513E-01
2.2600E-01  7.9109E+02  7.9071E+02  3.7512E-01
2.2700E-01  7.8151E+02  7.8114E+02  3.7512E-01
2.2800E-01  7.7206E+02  7.7168E+02  3.7512E-01
2.2900E-01  7.6272E+02  7.6235E+02  3.7512E-01
2.3000E-01  7.5350E+02  7.5313E+02  3.7511E-01
2.3100E-01  7.4439E+02  7.4401E+02  3.7511E-01
2.3200E-01  7.3537E+02  7.3500E+02  3.7511E-01
2.3300E-01  7.2645E+02  7.2608E+02  3.7511E-01
2.3400E-01  7.1762E+02  7.1724E+02  3.7510E-01
2.3500E-01  7.0887E+02  7.0850E+02  3.7510E-01
2.3600E-01  7.0021E+02  6.9983E+02  3.7510E-01
2.3700E-01  6.9162E+02  6.9124E+02  3.7510E-01
2.3800E-01  6.8310E+02  6.8272E+02  3.7509E-01
2.3900E-01  6.7465E+02  6.7428E+02  3.7509E-01
2.4000E-01  6.6627E+02  6.6589E+02  3.7509E-01
2.4100E-01  6.5795E+02  6.5757E+02  3.7509E-01
2.4200E-01  6.4968E+02  6.4931E+02  3.7509E-01
2.4300E-01  6.4148E+02  6.4110E+02  3.7508E-01
2.4400E-01  6.3333E+02  6.3295E+02  3.7508E-01
2.4500E-01  6.2523E+02  6.2485E+02  3.7508E-01
2.4600E-01  6.1727E+02  6.1690E+02  3.7508E-01
2.4700E-01  6.0956E+02  6.0919E+02  3.7507E-01
2.4800E-01  6.0209E+02  6.0171E+02  3.7507E-01
2.4900E-01  5.9482E+02  5.9445E+02  3.7507E-01
2.5000E-01  5.8775E+02  5.8738E+02  3.7507E-01
2.5100E-01  5.8086E+02  5.8049E+02  3.7506E-01
2.5200E-01  5.7414E+02  5.7377E+02  3.7506E-01
2.5300E-01  5.6757E+02  5.6720E+02  3.7506E-01
2.5400E-01  5.6115E+02  5.6078E+02  3.7506E-01
2.5500E-01  5.5487E+02  5.5450E+02  3.7506E-01
2.5600E-01  5.4872E+02  5.4834E+02  3.7505E-01
2.5700E-01  5.4268E+02  5.4231E+02  3.7505E-01
2.5800E-01  5.3676E+02  5.3639E+02  3.7505E-01
2.5900E-01  5.3095E+02  5.3057E+02  3.7505E-01
2.6000E-01  5.2523E+02  5.2486E+02  3.7504E-01
2.6100E-01  5.1961E+02  5.1924E+02  3.7504E-01
2.6200E-01  5.1408E+02  5.1371E+02  3.7504E-01
2.6300E-01  5.0863E+02  5.0826E+02  3.7504E-01
2.6400E-01  5.0326E+02  5.0289E+02  3.7503E-01
2.6500E-01  4.9797E+02  4.9760E+02  3.7503E-01
2.6600E-01  4.9275E+02  4.9238E+02  3.7503E-01
2.6700E-01  4.8760E+02  4.8722E+02  3.7503E-01
2.6800E-01  4.8251E+02  4.8214E+02  3.7502E-01
2.6900E-01  4.7749E+02  4.7711E+02  3.7502E-01
2.7000E-01  4.7252E+02  4.7215E+02  3.7502E-01
2.7100E-01  4.6761E+02  4.6724E+02  3.7502E-01
2.7200E-01  4.6276E+02  4.6238E+02  3.7502E-01
2.7300E-01  4.5796E+02  4.5759E+02  3.7501E-01
2.7400E-01  4.5325E+02  4.5288E+02  3.7501E-01
2.7500E-01  4.4863E+02  4.4825E+02  3.7501E-01
2.7600E-01  4.4408E+02  4.4370E+02  3.7501E-01
2.7700E-01  4.3960E+02  4.3923E+02  3.7500E-01
2.7800E-01  4.3520E+02  4.3482E+02  3.7500E-01
2.7900E-01  4.3085E+02  4.3048E+02  3.7500E-01
2.8000E-01  4.2657E+02  4.2620E+02  3.7500E-01
2.8100E-01  4.2235E+02  4.2197E+02  3.7499E-01
2.8200E-01  4.1818E+02  4.1780E+02  3.7499E-01
2.8300E-01  4.1406E+02  4.1368E+02  3.7499E-01
2.8400E-01  4.0999E+02  4.0961E+02  3.7499E-01
2.8500E-01  4.0596E+02  4.0559E+02  3.7499E-01
2.8600E-01  4.0198E+02  4.0161E+02  3.7498E-01
2.8700E-01  3.9804E+02  3.9767E+02  3.7498E-01
2.8800E-01  3.9414E+02  3.9377E+02  3.7498E-01
2.8900E-01  3.9030E+02  3.8992E+02  3.7498E-01
2.9000E-01  3.8644E+02  3.8607E+02  3.7497E-01
2.9100E-01  3.8264E+02  3.8227E+02  3.7497E-01
2.9200E-01  3.7888E+02  3.7850E+02  3.7497E-01
2.9300E-01  3.7515E+02  3.7477E+02  3.7497E-01
2.9400E-01  3.7144E+02  3.7107E+02  3.7496E-01
2.9500E-01  3.6797E+02  3.6760E+02  3.7496E-01
2.9600E-01  3.6412E+02  3.6375E+02  3.7496E-01
2.9700E-01  3.6053E+02  3.6015E+02  3.7496E-01
2.9800E-01  3.5692E+02  3.5655E+02  3.7495E-01
2.9900E-01  3.5336E+02  3.5298E+02  3.7495E-01
3.0000E-01  3.4980E+02  3.4943E+02  3.7495E-01
3.0100E-01  3.4628E+02  3.4590E+02  3.7495E-01
3.0200E-01  3.4277E+02  3.4240E+02  3.7495E-01
3.0300E-01  3.3929E+02  3.3891E+02  3.7494E-01
3.0400E-01  3.3582E+02  3.3544E+02  3.7494E-01
3.0500E-01  3.3237E+02  3.3200E+02  3.7494E-01
3.0600E-01  3.2894E+02  3.2857E+02  3.7494E-01
3.0700E-01  3.2553E+02  3.2516E+02  3.7493E-01
3.0800E-01  3.2214E+02  3.2176E+02  3.7493E-01
3.0900E-01  3.1878E+02  3.1840E+02  3.7493E-01
3.1000E-01  3.1550E+02  3.1513E+02  3.7493E-01
3.1100E-01  3.1231E+02  3.1193E+02  3.7492E-01
3.1200E-01  3.0919E+02  3.0882E+02  3.7492E-01
3.1300E-01  3.0615E+02  3.0577E+02  3.7492E-01
3.1400E-01  3.0317E+02  3.0280E+02  3.7492E-01
3.1500E-01  3.0029E+02  2.9991E+02  3.7492E-01
3.1600E-01  2.9967E+02  2.9929E+02  3.7491E-01
3.1700E-01  2.9566E+02  2.9529E+02  3.7491E-01
3.1800E-01  2.9294E+02  2.9257E+02  3.7491E-01
3.1900E-01  2.9025E+02  2.8988E+02  3.7491E-01
3.2000E-01  2.8761E+02  2.8723E+02  3.7490E-01
3.2100E-01  2.8500E+02  2.8463E+02  3.7490E-01
3.2200E-01  2.8245E+02  2.8207E+02  3.7490E-01
3.2300E-01  2.7993E+02  2.7955E+02  3.7490E-01
3.2400E-01  2.7745E+02  2.7708E+02  3.7489E-01
3.2500E-01  2.7501E+02  2.7464E+02  3.7489E-01
3.2600E-01  2.7260E+02  2.7223E+02  3.7489E-01
3.2700E-01  2.7023E+02  2.6986E+02  3.7489E-01
3.2800E-01  2.6789E+02  2.6752E+02  3.7489E-01
3.2900E-01  2.6558E+02  2.6521E+02  3.7488E-01
3.3000E-01  2.6330E+02  2.6293E+02  3.7488E-01
3.3100E-01  2.6105E+02  2.6067E+02  3.7488E-01
3.3200E-01  2.5882E+02  2.5845E+02  3.7488E-01
3.3300E-01  2.5662E+02  2.5625E+02  3.7487E-01
3.3400E-01  2.5445E+02  2.5407E+02  3.7487E-01
3.3500E-01  2.5230E+02  2.5192E+02  3.7487E-01
3.3600E-01  2.5017E+02  2.4979E+02  3.7487E-01
3.3700E-01  2.4806E+02  2.4769E+02  3.7487E-01
3.3800E-01  2.4598E+02  2.4560E+02  3.7486E-01
3.3900E-01  2.4391E+02  2.4354E+02  3.7486E-01
3.4000E-01  2.4187E+02  2.4149E+02  3.7486E-01
3.4100E-01  2.3984E+02  2.3947E+02  3.7486E-01
3.4200E-01  2.3783E+02  2.3746E+02  3.7485E-01
3.4300E-01  2.3584E+02  2.3547E+02  3.7485E-01
3.4400E-01  2.3388E+02  2.3351E+02  3.7485E-01
3.4500E-01  2.3195E+02  2.3157E+02  3.7485E-01
3.4600E-01  2.3004E+02  2.2966E+02  3.7484E-01
3.4700E-01  2.2816E+02  2.2778E+02  3.7484E-01
3.4800E-01  2.2630E+02  2.2592E+02  3.7484E-01
3.4900E-01  2.2446E+02  2.2409E+02  3.7484E-01
3.5000E-01  2.2265E+02  2.2227E+02  3.7484E-01
3.5100E-01  2.2085E+02  2.2048E+02  3.7483E-01
3.5200E-01  2.1908E+02  2.1871E+02  3.7483E-01
3.5300E-01  2.1733E+02  2.1695E+02  3.7483E-01
3.5400E-01  2.1583E+02  2.1545E+02  3.7483E-01
3.5500E-01  2.1387E+02  2.1349E+02  3.7482E-01
3.5600E-01  2.1217E+02  2.1179E+02  3.7482E-01
3.5700E-01  2.1049E+02  2.1011E+02  3.7482E-01
3.5800E-01  2.0881E+02  2.0844E+02  3.7482E-01
3.5900E-01  2.0716E+02  2.0678E+02  3.7481E-01
3.6000E-01  2.0552E+02  2.0514E+02  3.7481E-01
3.6100E-01  2.0389E+02  2.0351E+02  3.7481E-01
3.6200E-01  2.0227E+02  2.0190E+02  3.7481E-01
3.6300E-01  2.0067E+02  2.0029E+02  3.7480E-01
3.6400E-01  1.9907E+02  1.9870E+02  3.7480E-01
3.6500E-01  1.9749E+02  1.9712E+02  3.7480E-01
3.6600E-01  1.9592E+02  1.9554E+02  3.7480E-01
3.6700E-01  1.9437E+02  1.9400E+02  3.7480E-01
3.6800E-01  1.9282E+02  1.9245E+02  3.7479E-01
3.6900E-01  1.9128E+02  1.9091E+02  3.7479E-01
3.7000E-01  1.8975E+02  1.8938E+02  3.7479E-01
3.7100E-01  1.8823E+02  1.8786E+02  3.7479E-01
3.7200E-01  1.8672E+02  1.8635E+02  3.7478E-01
3.7300E-01  1.8522E+02  1.8484E+02  3.7478E-01
3.7400E-01  1.8372E+02  1.8335E+02  3.7478E-01
3.7500E-01  1.8242E+02  1.8205E+02  3.7478E-01
3.7600E-01  1.8104E+02  1.8066E+02  3.7477E-01
3.7700E-01  1.7958E+02  1.7920E+02  3.7477E-01
3.7800E-01  1.7812E+02  1.7774E+02  3.7477E-01
3.7900E-01  1.7666E+02  1.7629E+02  3.7477E-01
3.8000E-01  1.7521E+02  1.7484E+02  3.7477E-01
3.8100E-01  1.7377E+02  1.7339E+02  3.7476E-01
3.8200E-01  1.7233E+02  1.7195E+02  3.7476E-01
3.8300E-01  1.7090E+02  1.7052E+02  3.7476E-01
3.8400E-01  1.6947E+02  1.6910E+02  3.7476E-01
3.8500E-01  1.6805E+02  1.6768E+02  3.7475E-01
3.8600E-01  1.6664E+02  1.6626E+02  3.7475E-01
3.8700E-01  1.6523E+02  1.6485E+02  3.7475E-01
3.8800E-01  1.6382E+02  1.6345E+02  3.7475E-01
3.8900E-01  1.6244E+02  1.6206E+02  3.7474E-01
3.9000E-01  1.6108E+02  1.6071E+02  3.7474E-01
3.9100E-01  1.5976E+02  1.5938E+02  3.7474E-01
3.9200E-01  1.5846E+02  1.5808E+02  3.7474E-01
3.9300E-01  1.5718E+02  1.5681E+02  3.7474E-01
3.9400E-01  1.5593E+02  1.5556E+02  3.7473E-01
3.9500E-01  1.5471E+02  1.5433E+02  3.7473E-01
3.9600E-01  1.5351E+02  1.5313E+02  3.7473E-01
3.9700E-01  1.5254E+02  1.5217E+02  3.7473E-01
3.9800E-01  1.5117E+02  1.5080E+02  3.7472E-01
3.9900E-01  1.5004E+02  1.4967E+02  3.7472E-01
4.0000E-01  1.4944E+02  1.4907E+02  3.7472E-01
4.0100E-01  1.4857E+02  1.4820E+02  3.7472E-01
4.0200E-01  1.4736E+02  1.4698E+02  3.7471E-01
4.0300E-01  1.4594E+02  1.4556E+02  3.7471E-01
4.0400E-01  1.4453E+02  1.4416E+02  3.7471E-01
4.0500E-01  1.4348E+02  1.4310E+02  3.7471E-01
4.0600E-01  1.4244E+02  1.4206E+02  3.7470E-01
4.0700E-01  1.4142E+02  1.4104E+02  3.7470E-01
4.0800E-01  1.4040E+02  1.4003E+02  3.7470E-01
4.0900E-01  1.3941E+02  1.3903E+02  3.7470E-01
4.1000E-01  1.3850E+02  1.3813E+02  3.7470E-01
4.1100E-01  1.4074E+02  1.4037E+02  3.7469E-01
4.1200E-01  1.3668E+02  1.3630E+02  3.7469E-01
4.1300E-01  1.3869E+02  1.3831E+02  3.7469E-01
4.1400E-01  1.3797E+02  1.3760E+02  3.7469E-01
4.1500E-01  1.3666E+02  1.3629E+02  3.7468E-01
4.1600E-01  1.3572E+02  1.3535E+02  3.7468E-01
4.1700E-01  1.3480E+02  1.3442E+02  3.7468E-01
4.1800E-01  1.3388E+02  1.3350E+02  3.7468E-01
4.1900E-01  1.3297E+02  1.3259E+02  3.7467E-01
4.2000E-01  1.3206E+02  1.3169E+02  3.7467E-01
4.2100E-01  1.3117E+02  1.3080E+02  3.7467E-01
4.2200E-01  1.3028E+02  1.2991E+02  3.7467E-01
4.2300E-01  1.2941E+02  1.2904E+02  3.7466E-01
4.2400E-01  1.2854E+02  1.2816E+02  3.7466E-01
4.2500E-01  1.2767E+02  1.2730E+02  3.7466E-01
4.2600E-01  1.2687E+02  1.2649E+02  3.7466E-01
4.2700E-01  1.2624E+02  1.2586E+02  3.7466E-01
4.2800E-01  5.6558E+02  5.6521E+02  3.7466E-01
4.2900E-01  1.2428E+02  1.2391E+02  3.7466E-01
4.3000E-01  1.2345E+02  1.2308E+02  3.7465E-01
4.3100E-01  1.3203E+02  1.3165E+02  3.7465E-01
4.3200E-01  1.2186E+02  1.2149E+02  3.7465E-01
4.3300E-01  1.5057E+02  1.5020E+02  3.7465E-01
4.3400E-01  1.5416E+02  1.5379E+02  3.7465E-01
4.3500E-01  1.5387E+02  1.5349E+02  3.7464E-01
4.3600E-01  1.5310E+02  1.5272E+02  3.7464E-01
4.3700E-01  1.5225E+02  1.5187E+02  3.7464E-01
4.3800E-01  1.5136E+02  1.5098E+02  3.7464E-01
4.3900E-01  1.5046E+02  1.5008E+02  3.7463E-01
4.4000E-01  1.4955E+02  1.4918E+02  3.7463E-01
4.4100E-01  1.4864E+02  1.4827E+02  3.7463E-01
4.4200E-01  1.4774E+02  1.4736E+02  3.7463E-01
4.4300E-01  1.4694E+02  1.4657E+02  3.7462E-01
4.4400E-01  1.4594E+02  1.4557E+02  3.7462E-01
4.4500E-01  1.4505E+02  1.4467E+02  3.7469E-01
4.4600E-01  1.4416E+02  1.4379E+02  3.7469E-01
4.4700E-01  1.4328E+02  1.4291E+02  3.7469E-01
4.4800E-01  1.4240E+02  1.4203E+02  3.7469E-01
4.4900E-01  1.4153E+02  1.4116E+02  3.7468E-01
4.5000E-01  1.4067E+02  1.4030E+02  3.7468E-01
4.5100E-01  1.3981E+02  1.3943E+02  3.7468E-01
4.5200E-01  1.3895E+02  1.3857E+02  3.7468E-01
4.5300E-01  1.3810E+02  1.3772E+02  3.7467E-01
4.5400E-01  1.3725E+02  1.3688E+02  3.7467E-01
4.5500E-01  1.3641E+02  1.3603E+02  3.7467E-01
4.5600E-01  1.3557E+02  1.3520E+02  3.7467E-01
4.5700E-01  1.3474E+02  1.3437E+02  3.7467E-01
4.5800E-01  1.3391E+02  1.3354E+02  3.7466E-01
4.5900E-01  1.3309E+02  1.3272E+02  3.7466E-01
4.6000E-01  1.3227E+02  1.3190E+02  3.7466E-01
4.6100E-01  1.3146E+02  1.3108E+02  3.7466E-01
4.6200E-01  1.3065E+02  1.3027E+02  3.7465E-01
4.6300E-01  1.2984E+02  1.2946E+02  3.7465E-01
4.6400E-01  1.2904E+02  1.2866E+02  3.7465E-01
4.6500E-01  1.2824E+02  1.2786E+02  3.7465E-01
4.6600E-01  1.2745E+02  1.2707E+02  3.7464E-01
4.6700E-01  1.2668E+02  1.2630E+02  3.7464E-01
4.6800E-01  1.2589E+02  1.2552E+02  3.7464E-01
4.6900E-01  1.2511E+02  1.2473E+02  3.7464E-01
4.7000E-01  1.2433E+02  1.2395E+02  3.7464E-01
4.7100E-01  1.2355E+02  1.2318E+02  3.7463E-01
4.7200E-01  1.2278E+02  1.2240E+02  3.7463E-01
4.7300E-01  1.2201E+02  1.2164E+02  3.7463E-01
4.7400E-01  1.2124E+02  1.2087E+02  3.7463E-01
4.7500E-01  1.2048E+02  1.2011E+02  3.7462E-01
4.7600E-01  1.1972E+02  1.1935E+02  3.7462E-01
4.7700E-01  1.1896E+02  1.1859E+02  3.7462E-01
4.7800E-01  1.1821E+02  1.1784E+02  3.7462E-01
4.7900E-01  1.1746E+02  1.1709E+02  3.7461E-01
4.8000E-01  1.1671E+02  1.1634E+02  3.7461E-01
4.8100E-01  1.1597E+02  1.1559E+02  3.7461E-01
4.8200E-01  1.1523E+02  1.1485E+02  3.7461E-01
4.8300E-01  1.1449E+02  1.1411E+02  3.7461E-01
4.8400E-01  1.1375E+02  1.1338E+02  3.7460E-01
4.8500E-01  1.1302E+02  1.1265E+02  3.7460E-01
4.8600E-01  1.1229E+02  1.1191E+02  3.7460E-01
4.8700E-01  1.1156E+02  1.1119E+02  3.7460E-01
4.8800E-01  1.1084E+02  1.1046E+02  3.7459E-01
4.8900E-01  1.1012E+02  1.0974E+02  3.7459E-01
4.9000E-01  1.0941E+02  1.0903E+02  3.7459E-01
4.9100E-01  1.0871E+02  1.0834E+02  3.7459E-01
4.9200E-01  1.0802E+02  1.0765E+02  3.7458E-01
4.9300E-01  1.0734E+02  1.0697E+02  3.7458E-01
4.9400E-01  1.0668E+02  1.0630E+02  3.7458E-01
4.9500E-01  1.0602E+02  1.0564E+02  3.7458E-01
4.9600E-01  1.0537E+02  1.0499E+02  3.7457E-01
4.9700E-01  1.0472E+02  1.0435E+02  3.7457E-01
4.9800E-01  1.0409E+02  1.0371E+02  3.7457E-01
4.9900E-01  1.0346E+02  1.0309E+02  3.7457E-01
5.0000E-01  1.0284E+02  1.0247E+02  3.7457E-01
5.0100E-01  1.0223E+02  1.0186E+02  3.7456E-01
5.0200E-01  1.0163E+02  1.0125E+02  3.7456E-01
5.0300E-01  1.0103E+02  1.0065E+02  3.7456E-01
5.0400E-01  1.0044E+02  1.0006E+02  3.7456E-01
5.0500E-01  9.9853E+01  9.9478E+01  3.7455E-01
5.0600E-01  9.9274E+01  9.8899E+01  3.7455E-01
5.0700E-01  9.8701E+01  9.8327E+01  3.7455E-01
5.0800E-01  9.8135E+01  9.7760E+01  3.7455E-01
5.0900E-01  9.7574E+01  9.7200E+01  3.7454E-01
5.1000E-01  9.7019E+01  9.6645E+01  3.7454E-01
5.1100E-01  9.6470E+01  9.6095E+01  3.7454E-01
5.1200E-01  9.5926E+01  9.5551E+01  3.7454E-01
5.1300E-01  9.5387E+01  9.5012E+01  3.7453E-01
5.1400E-01  9.4853E+01  9.4478E+01  3.7453E-01
5.1500E-01  9.4324E+01  9.3949E+01  3.7453E-01
5.1600E-01  9.3800E+01  9.3425E+01  3.7453E-01
5.1700E-01  9.3280E+01  9.2906E+01  3.7453E-01
5.1800E-01  9.2766E+01  9.2391E+01  3.7452E-01
5.1900E-01  9.2255E+01  9.1881E+01  3.7452E-01
5.2000E-01  9.1749E+01  9.1374E+01  3.7452E-01
5.2100E-01  9.1247E+01  9.0873E+01  3.7452E-01
5.2200E-01  9.0749E+01  9.0375E+01  3.7451E-01
5.2300E-01  9.0256E+01  8.9882E+01  3.7451E-01
5.2400E-01  8.9767E+01  8.9392E+01  3.7451E-01
5.2500E-01  8.9282E+01  8.8908E+01  3.7451E-01
5.2600E-01  8.8803E+01  8.8428E+01  3.7450E-01
5.2700E-01  8.8336E+01  8.7962E+01  3.7450E-01
5.2800E-01  8.8204E+01  8.7829E+01  3.7450E-01
5.2900E-01  8.7433E+01  8.7058E+01  3.7450E-01
5.3000E-01  8.6935E+01  8.6560E+01  3.7450E-01
5.3100E-01  8.6717E+01  8.6342E+01  3.7449E-01
5.3200E-01  8.7522E+01  8.7148E+01  3.7449E-01
5.3300E-01  8.5594E+01  8.5219E+01  3.7449E-01
5.3400E-01  8.5087E+01  8.4712E+01  3.7449E-01
5.3500E-01  8.4625E+01  8.4250E+01  3.7448E-01
5.3600E-01  8.4172E+01  8.3798E+01  3.7448E-01
5.3700E-01  8.3725E+01  8.3351E+01  3.7448E-01
5.3800E-01  8.3282E+01  8.2908E+01  3.7448E-01
5.3900E-01  8.2842E+01  8.2468E+01  3.7447E-01
5.4000E-01  8.2406E+01  8.2031E+01  3.7447E-01
5.4100E-01  8.1972E+01  8.1598E+01  3.7447E-01
5.4200E-01  8.1542E+01  8.1168E+01  3.7447E-01
5.4300E-01  8.1114E+01  8.0740E+01  3.7446E-01
5.4400E-01  8.0692E+01  8.0317E+01  3.7446E-01
5.4500E-01  8.0309E+01  7.9935E+01  3.7446E-01
5.4600E-01  7.9874E+01  7.9500E+01  3.7446E-01
5.4700E-01  8.6824E+01  8.6449E+01  3.7446E-01
5.4800E-01  8.6448E+01  8.6074E+01  3.7445E-01
5.4900E-01  8.5975E+01  8.5601E+01  3.7445E-01
5.5000E-01  8.5548E+01  8.5173E+01  3.7445E-01
5.5100E-01  8.5123E+01  8.4749E+01  3.7445E-01
5.5200E-01  8.4702E+01  8.4327E+01  3.7444E-01
5.5300E-01  8.4284E+01  8.3909E+01  3.7444E-01
5.5400E-01  8.3868E+01  8.3494E+01  3.7444E-01
5.5500E-01  8.3456E+01  8.3082E+01  3.7444E-01
5.5600E-01  8.3048E+01  8.2673E+01  3.7443E-01
5.5700E-01  1.5616E+02  1.5579E+02  3.7443E-01
5.5800E-01  8.2239E+01  8.1865E+01  3.7443E-01
5.5900E-01  8.1838E+01  8.1464E+01  3.7443E-01
5.6000E-01  8.7155E+01  8.6781E+01  3.7443E-01
5.6100E-01  8.1131E+01  8.0756E+01  3.7442E-01
5.6200E-01  8.1685E+01  8.1311E+01  3.7442E-01
5.6300E-01  8.0278E+01  7.9904E+01  3.7442E-01
5.6400E-01  1.3177E+02  1.3139E+02  3.7442E-01
5.6500E-01  8.6179E+01  8.5805E+01  3.7443E-01
5.6600E-01  7.9110E+01  7.8736E+01  3.7443E-01
5.6700E-01  7.8750E+01  7.8375E+01  3.7443E-01
5.6800E-01  7.8355E+01  7.7980E+01  3.7443E-01
5.6900E-01  9.1349E+01  9.0975E+01  3.7442E-01
5.7000E-01  9.2283E+01  9.1909E+01  3.7442E-01
5.7100E-01  9.2033E+01  9.1659E+01  3.7442E-01
5.7200E-01  9.1630E+01  9.1255E+01  3.7442E-01
5.7300E-01  9.1233E+01  9.0858E+01  3.7441E-01
5.7400E-01  9.0826E+01  9.0451E+01  3.7441E-01
5.7500E-01  9.0415E+01  9.0040E+01  3.7441E-01
5.7600E-01  9.0002E+01  8.9627E+01  3.7441E-01
5.7700E-01  8.9588E+01  8.9214E+01  3.7441E-01
5.7800E-01  8.9176E+01  8.8801E+01  3.7440E-01
5.7900E-01  8.8763E+01  8.8389E+01  3.7440E-01
5.8000E-01  8.8352E+01  8.7978E+01  3.7440E-01
5.8100E-01  8.7943E+01  8.7568E+01  3.7440E-01
5.8200E-01  8.7534E+01  8.7160E+01  3.7439E-01
5.8300E-01  8.7127E+01  8.6753E+01  3.7439E-01
5.8400E-01  8.6722E+01  8.6348E+01  3.7443E-01
5.8500E-01  8.6318E+01  8.5944E+01  3.7443E-01
5.8600E-01  8.5916E+01  8.5541E+01  3.7442E-01
5.8700E-01  8.5515E+01  8.5140E+01  3.7442E-01
5.8800E-01  8.5115E+01  8.4741E+01  3.7442E-01
5.8900E-01  8.4718E+01  8.4343E+01  3.7442E-01
5.9000E-01  8.4321E+01  8.3947E+01  3.7442E-01
5.9100E-01  8.3926E+01  8.3552E+01  3.7441E-01
5.9200E-01  8.3533E+01  8.3158E+01  3.7441E-01
5.9300E-01  8.3141E+01  8.2767E+01  3.7441E-01
5.9400E-01  8.2750E+01  8.2376E+01  3.7441E-01
5.9500E-01  8.2361E+01  8.1987E+01  3.7440E-01
5.9600E-01  8.1974E+01  8.1599E+01  3.7440E-01
5.9700E-01  8.1588E+01  8.1213E+01  3.7440E-01
5.9800E-01  8.1203E+01  8.0828E+01  3.7440E-01
5.9900E-01  8.0819E+01  8.0445E+01  3.7439E-01
6.0000E-01  8.0437E+01  8.0063E+01  3.7439E-01
6.0100E-01  8.0056E+01  7.9682E+01  3.7439E-01
6.0200E-01  7.9677E+01  7.9302E+01  3.7439E-01
6.0300E-01  7.9298E+01  7.8924E+01  3.7439E-01
6.0400E-01  7.8921E+01  7.8547E+01  3.7438E-01
6.0500E-01  7.8546E+01  7.8171E+01  3.7438E-01
6.0600E-01  7.8171E+01  7.7797E+01  3.7438E-01
6.0700E-01  7.7798E+01  7.7424E+01  3.7438E-01
6.0800E-01  7.7426E+01  7.7052E+01  3.7437E-01
6.0900E-01  7.7055E+01  7.6681E+01  3.7437E-01
6.1000E-01  7.6686E+01  7.6311E+01  3.7437E-01
6.1100E-01  7.6317E+01  7.5943E+01  3.7437E-01
6.1200E-01  7.5950E+01  7.5576E+01  3.7436E-01
6.1300E-01  7.5584E+01  7.5209E+01  3.7436E-01
6.1400E-01  7.5219E+01  7.4845E+01  3.7436E-01
6.1500E-01  7.4856E+01  7.4481E+01  3.7436E-01
6.1600E-01  7.4496E+01  7.4122E+01  3.7435E-01
6.1700E-01  7.4141E+01  7.3766E+01  3.7435E-01
6.1800E-01  7.3789E+01  7.3414E+01  3.7435E-01
6.1900E-01  7.3440E+01  7.3066E+01  3.7435E-01
6.2000E-01  7.3096E+01  7.2721E+01  3.7435E-01
6.2100E-01  7.2754E+01  7.2380E+01  3.7434E-01
6.2200E-01  7.2416E+01  7.2041E+01  3.7434E-01
6.2300E-01  7.2081E+01  7.1706E+01  3.7434E-01
6.2400E-01  7.1749E+01  7.1374E+01  3.7434E-01
6.2500E-01  7.1420E+01  7.1045E+01  3.7433E-01
6.2600E-01  7.1093E+01  7.0719E+01  3.7433E-01
6.2700E-01  7.0770E+01  7.0396E+01  3.7433E-01
6.2800E-01  7.0449E+01  7.0075E+01  3.7433E-01
6.2900E-01  7.0132E+01  6.9757E+01  3.7432E-01
6.3000E-01  6.9816E+01  6.9442E+01  3.7432E-01
6.3100E-01  6.9503E+01  6.9129E+01  3.7432E-01
6.3200E-01  6.9193E+01  6.8818E+01  3.7432E-01
6.3300E-01  6.8885E+01  6.8510E+01  3.7432E-01
6.3400E-01  6.8579E+01  6.8205E+01  3.7431E-01
6.3500E-01  6.8276E+01  6.7901E+01  3.7431E-01
6.3600E-01  6.7974E+01  6.7600E+01  3.7431E-01
6.3700E-01  6.7676E+01  6.7301E+01  3.7431E-01
6.3800E-01  6.7379E+01  6.7004E+01  3.7430E-01
6.3900E-01  6.7084E+01  6.6710E+01  3.7430E-01
6.4000E-01  6.6792E+01  6.6417E+01  3.7430E-01
6.4100E-01  6.6501E+01  6.6127E+01  3.7430E-01
6.4200E-01  6.6213E+01  6.5839E+01  3.7429E-01
6.4300E-01  6.5926E+01  6.5552E+01  3.7429E-01
6.4400E-01  6.5642E+01  6.5268E+01  3.7429E-01
6.4500E-01  6.5359E+01  6.4985E+01  3.7429E-01
6.4600E-01  6.5078E+01  6.4704E+01  3.7428E-01
6.4700E-01  6.4799E+01  6.4425E+01  3.7428E-01
6.4800E-01  6.4522E+01  6.4148E+01  3.7428E-01
6.4900E-01  6.4247E+01  6.3872E+01  3.7428E-01
6.5000E-01  6.3973E+01  6.3598E+01  3.7428E-01
6.5100E-01  6.3700E+01  6.3326E+01  3.7427E-01
6.5200E-01  6.3430E+01  6.3056E+01  3.7427E-01
6.5300E-01  6.3161E+01  6.2787E+01  3.7427E-01
6.5400E-01  6.2893E+01  6.2519E+01  3.7427E-01
6.5500E-01  6.2627E+01  6.2253E+01  3.7426E-01
6.5600E-01  6.2363E+01  6.1989E+01  3.7426E-01
6.5700E-01  6.2100E+01  6.1726E+01  3.7426E-01
6.5800E-01  6.1838E+01  6.1464E+01  3.7426E-01
6.5900E-01  6.1578E+01  6.1204E+01  3.7425E-01
6.6000E-01  6.1320E+01  6.0946E+01  3.7425E-01
6.6100E-01  6.1063E+01  6.0688E+01  3.7425E-01
6.6200E-01  6.0807E+01  6.0432E+01  3.7425E-01
6.6300E-01  6.0552E+01  6.0178E+01  3.7425E-01
6.6400E-01  6.0299E+01  5.9925E+01  3.7424E-01
6.6500E-01  6.0047E+01  5.9673E+01  3.7424E-01
6.6600E-01  5.9797E+01  5.9423E+01  3.7424E-01
6.6700E-01  5.9548E+01  5.9174E+01  3.7424E-01
6.6800E-01  5.9300E+01  5.8926E+01  3.7423E-01
6.6900E-01  5.9053E+01  5.8679E+01  3.7423E-01
6.7000E-01  5.8808E+01  5.8434E+01  3.7423E-01
6.7100E-01  5.8564E+01  5.8190E+01  3.7423E-01
6.7200E-01  5.8321E+01  5.7947E+01  3.7422E-01
6.7300E-01  5.8079E+01  5.7705E+01  3.7422E-01
6.7400E-01  5.7839E+01  5.7464E+01  3.7422E-01
6.7500E-01  5.7599E+01  5.7225E+01  3.7422E-01
6.7600E-01  5.7361E+01  5.6987E+01  3.7421E-01
6.7700E-01  5.7123E+01  5.6749E+01  3.7421E-01
6.7800E-01  5.6887E+01  5.6513E+01  3.7421E-01
6.7900E-01  5.6652E+01  5.6278E+01  3.7421E-01
6.8000E-01  5.6418E+01  5.6044E+01  3.7421E-01
6.8100E-01  5.6185E+01  5.5811E+01  3.7420E-01
6.8200E-01  5.5970E+01  5.5595E+01  3.7420E-01
6.8300E-01  5.5723E+01  5.5349E+01  3.7420E-01
6.8400E-01  5.5493E+01  5.5119E+01  3.7420E-01
6.8500E-01  5.5265E+01  5.4891E+01  3.7419E-01
6.8600E-01  5.5038E+01  5.4664E+01  3.7419E-01
6.8700E-01  5.4813E+01  5.4439E+01  3.7419E-01
6.8800E-01  5.4588E+01  5.4214E+01  3.7419E-01
6.8900E-01  5.4366E+01  5.3991E+01  3.7418E-01
6.9000E-01  5.4144E+01  5.3770E+01  3.7418E-01
6.9100E-01  5.3923E+01  5.3549E+01  3.7418E-01
6.9200E-01  5.3704E+01  5.3330E+01  3.7418E-01
6.9300E-01  5.3486E+01  5.3112E+01  3.7418E-01
6.9400E-01  5.3269E+01  5.2895E+01  3.7417E-01
6.9500E-01  5.3054E+01  5.2680E+01  3.7417E-01
6.9600E-01  5.2840E+01  5.2466E+01  3.7417E-01
6.9700E-01  5.2628E+01  5.2254E+01  3.7417E-01
6.9800E-01  5.2419E+01  5.2045E+01  3.7416E-01
6.9900E-01  5.2208E+01  5.1834E+01  3.7416E-01
7.0000E-01  5.2000E+01  5.1626E+01  3.7416E-01
7.0100E-01  5.1794E+01  5.1419E+01  3.7416E-01
7.0200E-01  5.1588E+01  5.1214E+01  3.7415E-01
7.0300E-01  5.1384E+01  5.1010E+01  3.7415E-01
7.0400E-01  5.1182E+01  5.0808E+01  3.7415E-01
7.0500E-01  5.0980E+01  5.0606E+01  3.7415E-01
7.0600E-01  5.0780E+01  5.0406E+01  3.7414E-01
7.0700E-01  5.0581E+01  5.0207E+01  3.7414E-01
7.0800E-01  5.0384E+01  5.0009E+01  3.7414E-01
7.0900E-01  5.0187E+01  4.9813E+01  3.7414E-01
7.1000E-01  4.9992E+01  4.9617E+01  3.7414E-01
7.1100E-01  4.9797E+01  4.9423E+01  3.7413E-01
7.1200E-01  4.9604E+01  4.9230E+01  3.7413E-01
7.1300E-01  4.9412E+01  4.9038E+01  3.7413E-01
7.1400E-01  4.9221E+01  4.8847E+01  3.7413E-01
7.1500E-01  4.9031E+01  4.8657E+01  3.7412E-01
7.1600E-01  4.8842E+01  4.8468E+01  3.7412E-01
7.1700E-01  4.8654E+01  4.8280E+01  3.7412E-01
7.1800E-01  4.8467E+01  4.8093E+01  3.7412E-01
7.1900E-01  4.8282E+01  4.7908E+01  3.7411E-01
7.2000E-01  4.8096E+01  4.7722E+01  3.7411E-01
7.2100E-01  4.7912E+01  4.7538E+01  3.7411E-01
7.2200E-01  4.7729E+01  4.7355E+01  3.7411E-01
7.2300E-01  4.7547E+01  4.7172E+01  3.7411E-01
7.2400E-01  4.7365E+01  4.6991E+01  3.7410E-01
7.2500E-01  4.7185E+01  4.6811E+01  3.7410E-01
7.2600E-01  4.7006E+01  4.6631E+01  3.7410E-01
7.2700E-01  4.6827E+01  4.6453E+01  3.7410E-01
7.2800E-01  4.6649E+01  4.6275E+01  3.7409E-01
7.2900E-01  4.6472E+01  4.6098E+01  3.7409E-01
7.3000E-01  4.6296E+01  4.5922E+01  3.7409E-01
7.3100E-01  4.6121E+01  4.5747E+01  3.7409E-01
7.3200E-01  4.5946E+01  4.5572E+01  3.7408E-01
7.3300E-01  4.5773E+01  4.5399E+01  3.7408E-01
7.3400E-01  4.5600E+01  4.5226E+01  3.7408E-01
7.3500E-01  4.5428E+01  4.5053E+01  3.7408E-01
7.3600E-01  4.5256E+01  4.4882E+01  3.7407E-01
7.3700E-01  4.5085E+01  4.4711E+01  3.7407E-01
7.3800E-01  4.4915E+01  4.4541E+01  3.7407E-01
7.3900E-01  4.4746E+01  4.4372E+01  3.7407E-01
7.4000E-01  4.4577E+01  4.4203E+01  3.7407E-01
7.4100E-01  4.4410E+01  4.4036E+01  3.7406E-01
7.4200E-01  4.4242E+01  4.3868E+01  3.7406E-01
7.4300E-01  4.4076E+01  4.3702E+01  3.7406E-01
7.4400E-01  4.3910E+01  4.3536E+01  3.7406E-01
7.4500E-01  4.3744E+01  4.3370E+01  3.7405E-01
7.4600E-01  4.3580E+01  4.3206E+01  3.7405E-01
7.4700E-01  4.3416E+01  4.3042E+01  3.7405E-01
7.4800E-01  4.3252E+01  4.2878E+01  3.7405E-01
7.4900E-01  4.3089E+01  4.2715E+01  3.7404E-01
7.5000E-01  4.2927E+01  4.2553E+01  3.7404E-01
7.5100E-01  4.2765E+01  4.2391E+01  3.7404E-01
7.5200E-01  4.2604E+01  4.2230E+01  3.7404E-01
7.5300E-01  4.2444E+01  4.2070E+01  3.7404E-01
7.5400E-01  4.2284E+01  4.1910E+01  3.7403E-01
7.5500E-01  4.2124E+01  4.1750E+01  3.7403E-01
7.5600E-01  4.1965E+01  4.1591E+01  3.7403E-01
7.5700E-01  4.1807E+01  4.1433E+01  3.7403E-01
7.5800E-01  4.1649E+01  4.1275E+01  3.7402E-01
7.5900E-01  4.1492E+01  4.1118E+01  3.7402E-01
7.6000E-01  4.1335E+01  4.0961E+01  3.7402E-01
7.6100E-01  4.1178E+01  4.0804E+01  3.7402E-01
7.6200E-01  4.1022E+01  4.0648E+01  3.7401E-01
7.6300E-01  4.0867E+01  4.0493E+01  3.7401E-01
7.6400E-01  4.0712E+01  4.0338E+01  3.7401E-01
7.6500E-01  4.0557E+01  4.0183E+01  3.7401E-01
7.6600E-01  4.0403E+01  4.0029E+01  3.7401E-01
7.6700E-01  4.0250E+01  3.9876E+01  3.7400E-01
7.6800E-01  4.0097E+01  3.9723E+01  3.7400E-01
7.6900E-01  3.9944E+01  3.9570E+01  3.7400E-01
7.7000E-01  3.9792E+01  3.9418E+01  3.7400E-01
7.7100E-01  3.9640E+01  3.9266E+01  3.7399E-01
7.7200E-01  3.9489E+01  3.9115E+01  3.7399E-01
7.7300E-01  3.9338E+01  3.8964E+01  3.7399E-01
7.7400E-01  3.9188E+01  3.8814E+01  3.7399E-01
7.7500E-01  3.9039E+01  3.8665E+01  3.7398E-01
7.7600E-01  3.8891E+01  3.8517E+01  3.7398E-01
7.7700E-01  3.8745E+01  3.8371E+01  3.7398E-01
7.7800E-01  3.8600E+01  3.8226E+01  3.7398E-01
7.7900E-01  3.8456E+01  3.8082E+01  3.7397E-01
7.8000E-01  3.8314E+01  3.7940E+01  3.7397E-01
7.8100E-01  3.8172E+01  3.7798E+01  3.7397E-01
7.8200E-01  3.8032E+01  3.7658E+01  3.7397E-01
7.8300E-01  3.7892E+01  3.7518E+01  3.7397E-01
7.8400E-01  3.7754E+01  3.7380E+01  3.7396E-01
7.8500E-01  3.7617E+01  3.7243E+01  3.7396E-01
7.8600E-01  3.7480E+01  3.7106E+01  3.7396E-01
7.8700E-01  3.7345E+01  3.6971E+01  3.7396E-01
7.8800E-01  3.7211E+01  3.6837E+01  3.7395E-01
7.8900E-01  3.7077E+01  3.6703E+01  3.7395E-01
7.9000E-01  3.6945E+01  3.6571E+01  3.7395E-01
7.9100E-01  3.6813E+01  3.6439E+01  3.7395E-01
7.9200E-01  3.6682E+01  3.6308E+01  3.7394E-01
7.9300E-01  3.6552E+01  3.6178E+01  3.7394E-01
7.9400E-01  3.6423E+01  3.6049E+01  3.7394E-01
7.9500E-01  3.6294E+01  3.5920E+01  3.7394E-01
7.9600E-01  3.6167E+01  3.5793E+01  3.7394E-01
7.9700E-01  3.6040E+01  3.5666E+01  3.7393E-01
7.9800E-01  3.5914E+01  3.5540E+01  3.7393E-01
7.9900E-01  3.5788E+01  3.5415E+01  3.7393E-01
8.0000E-01  3.5664E+01  3.5290E+01  3.7393E-01
8.0100E-01  3.5540E+01  3.5166E+01  3.7392E-01
8.0200E-01  3.5417E+01  3.5043E+01  3.7392E-01
8.0300E-01  3.5294E+01  3.4920E+01  3.7392E-01
8.0400E-01  3.5173E+01  3.4799E+01  3.7392E-01
8.0500E-01  3.5051E+01  3.4678E+01  3.7391E-01
8.0600E-01  3.4931E+01  3.4557E+01  3.7391E-01
8.0700E-01  3.4811E+01  3.4437E+01  3.7391E-01
8.0800E-01  3.4692E+01  3.4318E+01  3.7391E-01
8.0900E-01  3.4574E+01  3.4200E+01  3.7390E-01
8.1000E-01  3.4456E+01  3.4082E+01  3.7390E-01
8.1100E-01  3.4338E+01  3.3965E+01  3.7390E-01
8.1200E-01  3.4222E+01  3.3848E+01  3.7390E-01
8.1300E-01  3.4106E+01  3.3732E+01  3.7390E-01
8.1400E-01  3.3990E+01  3.3616E+01  3.7389E-01
8.1500E-01  3.3875E+01  3.3501E+01  3.7389E-01
8.1600E-01  3.3761E+01  3.3387E+01  3.7389E-01
8.1700E-01  3.3647E+01  3.3273E+01  3.7389E-01
8.1800E-01  3.3533E+01  3.3160E+01  3.7388E-01
8.1900E-01  3.3421E+01  3.3047E+01  3.7388E-01
8.2000E-01  3.3308E+01  3.2934E+01  3.7388E-01
8.2100E-01  3.3196E+01  3.2822E+01  3.7388E-01
8.2200E-01  3.3085E+01  3.2711E+01  3.7387E-01
8.2300E-01  3.2974E+01  3.2600E+01  3.7387E-01
8.2400E-01  3.2864E+01  3.2490E+01  3.7387E-01
8.2500E-01  3.2754E+01  3.2380E+01  3.7387E-01
8.2600E-01  3.2644E+01  3.2270E+01  3.7387E-01
8.2700E-01  3.2535E+01  3.2161E+01  3.7386E-01
8.2800E-01  3.2427E+01  3.2053E+01  3.7386E-01
8.2900E-01  3.2319E+01  3.1945E+01  3.7386E-01
8.3000E-01  3.2211E+01  3.1837E+01  3.7386E-01
8.3100E-01  3.2104E+01  3.1730E+01  3.7385E-01
8.3200E-01  3.1997E+01  3.1623E+01  3.7385E-01
8.3300E-01  3.1890E+01  3.1516E+01  3.7385E-01
8.3400E-01  3.1784E+01  3.1410E+01  3.7385E-01
8.3500E-01  3.1679E+01  3.1305E+01  3.7384E-01
8.3600E-01  3.1574E+01  3.1200E+01  3.7384E-01
8.3700E-01  3.1469E+01  3.1095E+01  3.7384E-01
8.3800E-01  3.1364E+01  3.0991E+01  3.7384E-01
8.3900E-01  3.1260E+01  3.0887E+01  3.7384E-01
8.4000E-01  3.1157E+01  3.0783E+01  3.7383E-01
8.4100E-01  3.1054E+01  3.0680E+01  3.7383E-01
8.4200E-01  3.0951E+01  3.0577E+01  3.7383E-01
8.4300E-01  3.0848E+01  3.0475E+01  3.7383E-01
8.4400E-01  3.0746E+01  3.0372E+01  3.7382E-01
8.4500E-01  3.0645E+01  3.0271E+01  3.7382E-01
8.4600E-01  3.0543E+01  3.0169E+01  3.7382E-01
8.4700E-01  3.0442E+01  3.0068E+01  3.7382E-01
8.4800E-01  3.0342E+01  2.9968E+01  3.7381E-01
8.4900E-01  3.0244E+01  2.9870E+01  3.7381E-01
8.5000E-01  3.0207E+01  2.9833E+01  3.7381E-01
8.5100E-01  3.0042E+01  2.9669E+01  3.7381E-01
8.5200E-01  2.9942E+01  2.9568E+01  3.7380E-01
8.5300E-01  2.9843E+01  2.9469E+01  3.7380E-01
8.5400E-01  2.9744E+01  2.9370E+01  3.7380E-01
8.5500E-01  2.9645E+01  2.9272E+01  3.7380E-01
8.5600E-01  2.9547E+01  2.9173E+01  3.7380E-01
8.5700E-01  2.9449E+01  2.9076E+01  3.7379E-01
8.5800E-01  2.9352E+01  2.8978E+01  3.7379E-01
8.5900E-01  2.9255E+01  2.8881E+01  3.7379E-01
8.6000E-01  2.9158E+01  2.8784E+01  3.7379E-01
8.6100E-01  2.9061E+01  2.8687E+01  3.7378E-01
8.6200E-01  2.8965E+01  2.8591E+01  3.7378E-01
8.6300E-01  2.8869E+01  2.8495E+01  3.7378E-01
8.6400E-01  2.8774E+01  2.8400E+01  3.7378E-01
8.6500E-01  2.8679E+01  2.8305E+01  3.7377E-01
8.6600E-01  2.8584E+01  2.8210E+01  3.7377E-01
8.6700E-01  2.8490E+01  2.8116E+01  3.7377E-01
8.6800E-01  2.8396E+01  2.8022E+01  3.7377E-01
8.6900E-01  2.8304E+01  2.7930E+01  3.7377E-01
8.7000E-01  2.8242E+01  2.7868E+01  3.7376E-01
8.7100E-01  3.1620E+01  3.1246E+01  3.7376E-01
8.7200E-01  3.1525E+01  3.1151E+01  3.7376E-01
8.7300E-01  3.1427E+01  3.1053E+01  3.7376E-01
8.7400E-01  3.1328E+01  3.0954E+01  3.7375E-01
8.7500E-01  3.1230E+01  3.0856E+01  3.7375E-01
8.7600E-01  3.1132E+01  3.0758E+01  3.7375E-01
8.7700E-01  3.1035E+01  3.0661E+01  3.7375E-01
8.7800E-01  3.0938E+01  3.0564E+01  3.7374E-01
8.7900E-01  3.0842E+01  3.0468E+01  3.7374E-01
8.8000E-01  3.0746E+01  3.0372E+01  3.7374E-01
8.8100E-01  3.0650E+01  3.0277E+01  3.7374E-01
8.8200E-01  3.0556E+01  3.0182E+01  3.7373E-01
8.8300E-01  3.0461E+01  3.0087E+01  3.7373E-01
8.8400E-01  3.0367E+01  2.9994E+01  3.7373E-01
8.8500E-01  3.0274E+01  2.9900E+01  3.7373E-01
8.8600E-01  3.0181E+01  2.9808E+01  3.7373E-01
8.8700E-01  3.0088E+01  2.9714E+01  3.7372E-01
8.8800E-01  2.9996E+01  2.9622E+01  3.7372E-01
8.8900E-01  2.9906E+01  2.9532E+01  3.7372E-01
8.9000E-01  2.9813E+01  2.9439E+01  3.7372E-01
8.9100E-01  2.9722E+01  2.9348E+01  3.7371E-01
8.9200E-01  2.9631E+01  2.9258E+01  3.7371E-01
8.9300E-01  2.9541E+01  2.9167E+01  3.7371E-01
8.9400E-01  2.9451E+01  2.9078E+01  3.7371E-01
8.9500E-01  2.9362E+01  2.8988E+01  3.7372E-01
8.9600E-01  2.9273E+01  2.8899E+01  3.7372E-01
8.9700E-01  2.9349E+01  2.8976E+01  3.7372E-01
8.9800E-01  2.9272E+01  2.8898E+01  3.7371E-01
8.9900E-01  2.9185E+01  2.8811E+01  3.7371E-01
9.0000E-01  2.9097E+01  2.8723E+01  3.7371E-01
9.0100E-01  2.9010E+01  2.8636E+01  3.7371E-01
9.0200E-01  2.8922E+01  2.8549E+01  3.7370E-01
9.0300E-01  2.8835E+01  2.8462E+01  3.7370E-01
9.0400E-01  2.8749E+01  2.8375E+01  3.7370E-01
9.0500E-01  2.8662E+01  2.8289E+01  3.7370E-01
9.0600E-01  2.8576E+01  2.8203E+01  3.7369E-01
9.0700E-01  2.8491E+01  2.8117E+01  3.7369E-01
9.0800E-01  2.8405E+01  2.8032E+01  3.7369E-01
9.0900E-01  2.8320E+01  2.7946E+01  3.7369E-01
9.1000E-01  2.8235E+01  2.7862E+01  3.7369E-01
9.1100E-01  2.8151E+01  2.7777E+01  3.7368E-01
9.1200E-01  2.8067E+01  2.7693E+01  3.7368E-01
9.1300E-01  2.7983E+01  2.7609E+01  3.7368E-01
9.1400E-01  2.7899E+01  2.7526E+01  3.7368E-01
9.1500E-01  2.7817E+01  2.7443E+01  3.7367E-01
9.1600E-01  2.7734E+01  2.7360E+01  3.7367E-01
9.1700E-01  2.7652E+01  2.7278E+01  3.7367E-01
9.1800E-01  2.7570E+01  2.7196E+01  3.7367E-01
9.1900E-01  2.7488E+01  2.7115E+01  3.7367E-01
9.2000E-01  2.7407E+01  2.7033E+01  3.7366E-01
9.2100E-01  2.7326E+01  2.6953E+01  3.7366E-01
9.2200E-01  2.7246E+01  2.6872E+01  3.7366E-01
9.2300E-01  2.7166E+01  2.6792E+01  3.7366E-01
9.2400E-01  2.7086E+01  2.6712E+01  3.7365E-01
9.2500E-01  2.7006E+01  2.6632E+01  3.7365E-01
9.2600E-01  2.6927E+01  2.6553E+01  3.7365E-01
9.2700E-01  2.6848E+01  2.6474E+01  3.7365E-01
9.2800E-01  2.6769E+01  2.6396E+01  3.7364E-01
9.2900E-01  2.6691E+01  2.6317E+01  3.7364E-01
9.3000E-01  2.6613E+01  2.6239E+01  3.7364E-01
9.3100E-01  2.6535E+01  2.6162E+01  3.7364E-01
9.3200E-01  2.6458E+01  2.6084E+01  3.7363E-01
9.3300E-01  2.6381E+01  2.6007E+01  3.7363E-01
9.3400E-01  2.6304E+01  2.5930E+01  3.7363E-01
9.3500E-01  2.6227E+01  2.5854E+01  3.7363E-01
9.3600E-01  2.6151E+01  2.5777E+01  3.7363E-01
9.3700E-01  2.6075E+01  2.5701E+01  3.7362E-01
9.3800E-01  2.5999E+01  2.5625E+01  3.7362E-01
9.3900E-01  2.5923E+01  2.5550E+01  3.7362E-01
9.4000E-01  2.5848E+01  2.5475E+01  3.7362E-01
9.4100E-01  2.5773E+01  2.5399E+01  3.7361E-01
9.4200E-01  2.5698E+01  2.5325E+01  3.7361E-01
9.4300E-01  2.5624E+01  2.5250E+01  3.7361E-01
9.4400E-01  2.5549E+01  2.5176E+01  3.7361E-01
9.4500E-01  2.5475E+01  2.5102E+01  3.7360E-01
9.4600E-01  2.5401E+01  2.5028E+01  3.7360E-01
9.4700E-01  2.5328E+01  2.4954E+01  3.7360E-01
9.4800E-01  2.5254E+01  2.4881E+01  3.7360E-01
9.4900E-01  2.5181E+01  2.4808E+01  3.7360E-01
9.5000E-01  2.5108E+01  2.4735E+01  3.7359E-01
9.5100E-01  2.5035E+01  2.4662E+01  3.7359E-01
9.5200E-01  2.4963E+01  2.4589E+01  3.7359E-01
9.5300E-01  2.4891E+01  2.4517E+01  3.7359E-01
9.5400E-01  2.4818E+01  2.4445E+01  3.7358E-01
9.5500E-01  2.4746E+01  2.4373E+01  3.7358E-01
9.5600E-01  2.4675E+01  2.4301E+01  3.7358E-01
9.5700E-01  2.4603E+01  2.4230E+01  3.7358E-01
9.5800E-01  2.4532E+01  2.4158E+01  3.7357E-01
9.5900E-01  2.4461E+01  2.4087E+01  3.7357E-01
9.6000E-01  2.4390E+01  2.4016E+01  3.7357E-01
9.6100E-01  2.4319E+01  2.3946E+01  3.7357E-01
9.6200E-01  2.4249E+01  2.3875E+01  3.7357E-01
9.6300E-01  2.4178E+01  2.3805E+01  3.7356E-01
9.6400E-01  2.4108E+01  2.3734E+01  3.7356E-01
9.6500E-01  2.4038E+01  2.3664E+01  3.7356E-01
9.6600E-01  2.3968E+01  2.3595E+01  3.7356E-01
9.6700E-01  2.3898E+01  2.3525E+01  3.7355E-01
9.6800E-01  2.3829E+01  2.3455E+01  3.7355E-01
9.6900E-01  2.3760E+01  2.3386E+01  3.7355E-01
9.7000E-01  2.3691E+01  2.3317E+01  3.7355E-01
9.7100E-01  2.3622E+01  2.3248E+01  3.7354E-01
9.7200E-01  2.3553E+01  2.3179E+01  3.7354E-01
9.7300E-01  2.3484E+01  2.3111E+01  3.7354E-01
9.7400E-01  2.3416E+01  2.3043E+01  3.7354E-01
9.7500E-01  2.3348E+01  2.2975E+01  3.7353E-01
9.7600E-01  2.3281E+01  2.2907E+01  3.7353E-01
9.7700E-01  2.3214E+01  2.2841E+01  3.7353E-01
9.7800E-01  2.3148E+01  2.2774E+01  3.7353E-01
9.7900E-01  2.3081E+01  2.2708E+01  3.7353E-01
9.8000E-01  2.3016E+01  2.2642E+01  3.7352E-01
9.8100E-01  2.2951E+01  2.2577E+01  3.7352E-01
9.8200E-01  2.2886E+01  2.2512E+01  3.7352E-01
9.8300E-01  2.2821E+01  2.2448E+01  3.7352E-01
9.8400E-01  2.2757E+01  2.2384E+01  3.7351E-01
9.8500E-01  2.2693E+01  2.2320E+01  3.7351E-01
9.8600E-01  2.2630E+01  2.2256E+01  3.7351E-01
9.8700E-01  2.2567E+01  2.2193E+01  3.7351E-01
9.8800E-01  2.2504E+01  2.2131E+01  3.7350E-01
9.8900E-01  2.2442E+01  2.2068E+01  3.7350E-01
9.9000E-01  2.2380E+01  2.2006E+01  3.7350E-01
9.9100E-01  2.2318E+01  2.1945E+01  3.7350E-01
9.9200E-01  2.2257E+01  2.1883E+01  3.7350E-01
9.9300E-01  2.2196E+01  2.1822E+01  3.7349E-01
9.9400E-01  2.2135E+01  2.1761E+01  3.7349E-01
9.9500E-01  2.2074E+01  2.1701E+01  3.7349E-01
9.9600E-01  2.2014E+01  2.1641E+01  3.7349E-01
9.9700E-01  2.1954E+01  2.1581E+01  3.7348E-01
9.9800E-01  2.1895E+01  2.1521E+01  3.7348E-01
9.9900E-01  2.1835E+01  2.1462E+01  3.7348E-01
1.0000E+00  2.1776E+01  2.1403E+01  3.7348E-01
1.0100E+00  2.1200E+01  2.0827E+01  3.7345E-01
1.0200E+00  2.0648E+01  2.0275E+01  3.7343E-01
1.0300E+00  2.0117E+01  1.9743E+01  3.7341E-01
1.0400E+00  1.9603E+01  1.9230E+01  3.7338E-01
1.0500E+00  1.9105E+01  1.8732E+01  3.7336E-01
1.0600E+00  1.8622E+01  1.8249E+01  3.7334E-01
1.0700E+00  1.8152E+01  1.7778E+01  3.7331E-01
1.0800E+00  1.7693E+01  1.7320E+01  3.7329E-01
1.0900E+00  1.7245E+01  1.6872E+01  3.7327E-01
1.1000E+00  1.6808E+01  1.6435E+01  3.7324E-01
1.1100E+00  1.6386E+01  1.6013E+01  3.7322E-01
1.1200E+00  1.5979E+01  1.5606E+01  3.7320E-01
1.1300E+00  1.5586E+01  1.5213E+01  3.7317E-01
1.1400E+00  1.5205E+01  1.4832E+01  3.7315E-01
1.1500E+00  1.4836E+01  1.4463E+01  3.7313E-01
1.1600E+00  1.4479E+01  1.4106E+01  3.7311E-01
1.1700E+00  1.4134E+01  1.3761E+01  3.7308E-01
1.1800E+00  1.3800E+01  1.3427E+01  3.7306E-01
1.1900E+00  1.3475E+01  1.3102E+01  3.7304E-01
1.2000E+00  1.3160E+01  1.2787E+01  3.7301E-01
1.2100E+00  1.2852E+01  1.2479E+01  3.7299E-01
1.2200E+00  1.2551E+01  1.2178E+01  3.7297E-01
1.2300E+00  1.2259E+01  1.1886E+01  3.7294E-01
1.2400E+00  1.1980E+01  1.1607E+01  3.7292E-01
1.2500E+00  1.1714E+01  1.1341E+01  3.7290E-01
1.2600E+00  1.1459E+01  1.1086E+01  3.7287E-01
1.2700E+00  1.1213E+01  1.0840E+01  3.7285E-01
1.2800E+00  1.0976E+01  1.0604E+01  3.7283E-01
1.2900E+00  1.0748E+01  1.0375E+01  3.7280E-01
1.3000E+00  1.0526E+01  1.0154E+01  3.7278E-01
1.3100E+00  1.0312E+01  9.9395E+00  3.7276E-01
1.3200E+00  1.0104E+01  9.7312E+00  3.7273E-01
1.3300E+00  1.2273E+01  1.1900E+01  3.7271E-01
1.3400E+00  1.4353E+01  1.3980E+01  3.7269E-01
1.3500E+00  1.4102E+01  1.3729E+01  3.7268E-01
1.3600E+00  1.3838E+01  1.3465E+01  3.7267E-01
1.3700E+00  1.3568E+01  1.3195E+01  3.7265E-01
1.3800E+00  1.3302E+01  1.2929E+01  3.7263E-01
1.3900E+00  1.3041E+01  1.2668E+01  3.7260E-01
1.4000E+00  1.2787E+01  1.2414E+01  3.7258E-01
1.4100E+00  1.2540E+01  1.2168E+01  3.7256E-01
1.4200E+00  1.2301E+01  1.1928E+01  3.7253E-01
1.4300E+00  1.2067E+01  1.1695E+01  3.7251E-01
1.4400E+00  1.1839E+01  1.1467E+01  3.7249E-01
1.4500E+00  1.1617E+01  1.1244E+01  3.7246E-01
1.4600E+00  1.1401E+01  1.1028E+01  3.7244E-01
1.4700E+00  1.1191E+01  1.0818E+01  3.7242E-01
1.4800E+00  1.0985E+01  1.0613E+01  3.7239E-01
1.4900E+00  1.0785E+01  1.0413E+01  3.7237E-01
1.5000E+00  1.0590E+01  1.0217E+01  3.7235E-01
1.5100E+00  1.0398E+01  1.0026E+01  3.7233E-01
1.5200E+00  1.0211E+01  9.8384E+00  3.7230E-01
1.5300E+00  1.0027E+01  9.6547E+00  3.7228E-01
1.5400E+00  9.8468E+00  9.4745E+00  3.7226E-01
1.5500E+00  9.6713E+00  9.2991E+00  3.7223E-01
1.5600E+00  9.5014E+00  9.1292E+00  3.7221E-01
1.5700E+00  9.3367E+00  8.9645E+00  3.7219E-01
1.5800E+00  9.1766E+00  8.8044E+00  3.7216E-01
1.5900E+00  9.0208E+00  8.6487E+00  3.7214E-01
1.6000E+00  8.8691E+00  8.4970E+00  3.7212E-01
1.6100E+00  8.7213E+00  8.3492E+00  3.7209E-01
1.6200E+00  8.5771E+00  8.2050E+00  3.7207E-01
1.6300E+00  8.4363E+00  8.0642E+00  3.7205E-01
1.6400E+00  8.2987E+00  7.9266E+00  3.7203E-01
1.6500E+00  8.1641E+00  7.7921E+00  3.7200E-01
1.6600E+00  8.0325E+00  7.6606E+00  3.7198E-01
1.6700E+00  7.9038E+00  7.5318E+00  3.7196E-01
1.6800E+00  7.7778E+00  7.4059E+00  3.7193E-01
1.6900E+00  7.6544E+00  7.2825E+00  3.7191E-01
1.7000E+00  7.5336E+00  7.1617E+00  3.7189E-01
1.7100E+00  7.4152E+00  7.0433E+00  3.7186E-01
1.7200E+00  7.2990E+00  6.9272E+00  3.7184E-01
1.7300E+00  7.1850E+00  6.8132E+00  3.7182E-01
1.7400E+00  7.0731E+00  6.7013E+00  3.7180E-01
1.7500E+00  6.9637E+00  6.5919E+00  3.7177E-01
1.7600E+00  6.8573E+00  6.4855E+00  3.7175E-01
1.7700E+00  6.7539E+00  6.3821E+00  3.7173E-01
1.7800E+00  6.6532E+00  6.2815E+00  3.7170E-01
1.7900E+00  6.5550E+00  6.1833E+00  3.7168E-01
1.8000E+00  6.4590E+00  6.0874E+00  3.7166E-01
1.8100E+00  6.3652E+00  5.9936E+00  3.7163E-01
1.8200E+00  6.2735E+00  5.9019E+00  3.7161E-01
1.8300E+00  6.1842E+00  5.8126E+00  3.7159E-01
1.8400E+00  6.0970E+00  5.7254E+00  3.7157E-01
1.8500E+00  6.0118E+00  5.6402E+00  3.7154E-01
1.8600E+00  5.9284E+00  5.5569E+00  3.7152E-01
1.8700E+00  5.8467E+00  5.4752E+00  3.7150E-01
1.8800E+00  5.7666E+00  5.3952E+00  3.7147E-01
1.8900E+00  5.6880E+00  5.3166E+00  3.7145E-01
1.9000E+00  5.6108E+00  5.2393E+00  3.7143E-01
1.9100E+00  5.5348E+00  5.1634E+00  3.7140E-01
1.9200E+00  5.4600E+00  5.0886E+00  3.7138E-01
1.9300E+00  5.3864E+00  5.0150E+00  3.7136E-01
1.9400E+00  5.3138E+00  4.9425E+00  3.7134E-01
1.9500E+00  5.2424E+00  4.8711E+00  3.7131E-01
1.9600E+00  5.1721E+00  4.8009E+00  3.7129E-01
1.9700E+00  5.1030E+00  4.7317E+00  3.7127E-01
1.9800E+00  5.0350E+00  4.6637E+00  3.7124E-01
1.9900E+00  4.9679E+00  4.5967E+00  3.7122E-01
2.0000E+00  4.9019E+00  4.5307E+00  3.7120E-01
2.0100E+00  4.8369E+00  4.4657E+00  3.7117E-01
2.0200E+00  4.7727E+00  4.4016E+00  3.7115E-01
2.0300E+00  4.7096E+00  4.3384E+00  3.7113E-01
2.0400E+00  4.6473E+00  4.2762E+00  3.7111E-01
2.0500E+00  4.5859E+00  4.2148E+00  3.7108E-01
2.0600E+00  4.5253E+00  4.1543E+00  3.7106E-01
2.0700E+00  4.4655E+00  4.0945E+00  3.7104E-01
2.0800E+00  4.4065E+00  4.0355E+00  3.7101E-01
2.0900E+00  4.3482E+00  3.9772E+00  3.7099E-01
2.1000E+00  4.2907E+00  3.9197E+00  3.7097E-01
2.1100E+00  4.2339E+00  3.8629E+00  3.7095E-01
2.1200E+00  4.1778E+00  3.8069E+00  3.7092E-01
2.1300E+00  4.1227E+00  3.7518E+00  3.7090E-01
2.1400E+00  4.0687E+00  3.6978E+00  3.7088E-01
2.1500E+00  4.0158E+00  3.6449E+00  3.7085E-01
2.1600E+00  3.9641E+00  3.5933E+00  3.7083E-01
2.1700E+00  3.9135E+00  3.5427E+00  3.7081E-01
2.1800E+00  3.8640E+00  3.4932E+00  3.7079E-01
2.1900E+00  3.8155E+00  3.4448E+00  3.7076E-01
2.2000E+00  3.7683E+00  3.3975E+00  3.7074E-01
2.2100E+00  3.7223E+00  3.3516E+00  3.7072E-01
2.2200E+00  3.6777E+00  3.3070E+00  3.7069E-01
2.2300E+00  3.6343E+00  3.2637E+00  3.7067E-01
2.2400E+00  3.5922E+00  3.2215E+00  3.7065E-01
2.2500E+00  3.5512E+00  3.1805E+00  3.7063E-01
2.2600E+00  3.5112E+00  3.1406E+00  3.7060E-01
2.2700E+00  3.4723E+00  3.1017E+00  3.7058E-01
2.2800E+00  3.4343E+00  3.0637E+00  3.7056E-01
2.2900E+00  3.3973E+00  3.0267E+00  3.7053E-01
2.3000E+00  3.3613E+00  2.9908E+00  3.7051E-01
2.3100E+00  3.3264E+00  2.9559E+00  3.7049E-01
2.3200E+00  3.2925E+00  2.9220E+00  3.7047E-01
2.3300E+00  3.2594E+00  2.8890E+00  3.7044E-01
2.3400E+00  3.2272E+00  2.8568E+00  3.7042E-01
2.3500E+00  3.1959E+00  2.8255E+00  3.7040E-01
2.3600E+00  3.1653E+00  2.7950E+00  3.7037E-01
2.3700E+00  3.1356E+00  2.7652E+00  3.7035E-01
2.3800E+00  3.1065E+00  2.7362E+00  3.7033E-01
2.3900E+00  3.0782E+00  2.7079E+00  3.7031E-01
2.4000E+00  3.0505E+00  2.6802E+00  3.7028E-01
2.4100E+00  3.0235E+00  2.6532E+00  3.7026E-01
2.4200E+00  2.9971E+00  2.6269E+00  3.7024E-01
2.4300E+00  2.9714E+00  2.6012E+00  3.7021E-01
2.4400E+00  2.9456E+00  2.5755E+00  3.7019E-01
2.4500E+00  2.9170E+00  2.5468E+00  3.7017E-01
2.4600E+00  2.8887E+00  2.5186E+00  3.7015E-01
2.4700E+00  2.8608E+00  2.4907E+00  3.7012E-01
2.4800E+00  2.8332E+00  2.4631E+00  3.7010E-01
2.4900E+00  2.8060E+00  2.4359E+00  3.7008E-01
2.5000E+00  2.7791E+00  2.4090E+00  3.7005E-01
2.5100E+00  2.7524E+00  2.3824E+00  3.7003E-01
2.5200E+00  2.7261E+00  2.3561E+00  3.7001E-01
2.5300E+00  2.7001E+00  2.3301E+00  3.6999E-01
2.5400E+00  2.6743E+00  2.3043E+00  3.6996E-01
2.5500E+00  2.6488E+00  2.2789E+00  3.6994E-01
2.5600E+00  2.6236E+00  2.2537E+00  3.6992E-01
2.5700E+00  2.5986E+00  2.2287E+00  3.6989E-01
2.5800E+00  2.5739E+00  2.2040E+00  3.6987E-01
2.5900E+00  2.5493E+00  2.1795E+00  3.6985E-01
2.6000E+00  2.5251E+00  2.1552E+00  3.6983E-01
2.6100E+00  2.5010E+00  2.1312E+00  3.6980E-01
2.6200E+00  2.4771E+00  2.1073E+00  3.6978E-01
2.6300E+00  2.4535E+00  2.0837E+00  3.6976E-01
2.6400E+00  2.4300E+00  2.0603E+00  3.6974E-01
2.6500E+00  2.4068E+00  2.0370E+00  3.6971E-01
2.6600E+00  2.3837E+00  2.0140E+00  3.6969E-01
2.6700E+00  2.3608E+00  1.9912E+00  3.6967E-01
2.6800E+00  2.3383E+00  1.9686E+00  3.6964E-01
2.6900E+00  2.3160E+00  1.9464E+00  3.6962E-01
2.7000E+00  2.2940E+00  1.9244E+00  3.6960E-01
2.7100E+00  2.2725E+00  1.9029E+00  3.6958E-01
2.7200E+00  2.2513E+00  1.8817E+00  3.6955E-01
2.7300E+00  2.2304E+00  1.8608E+00  3.6953E-01
2.7400E+00  2.2098E+00  1.8403E+00  3.6951E-01
2.7500E+00  2.1895E+00  1.8200E+00  3.6949E-01
2.7600E+00  2.1695E+00  1.8001E+00  3.6946E-01
2.7700E+00  2.1500E+00  1.7805E+00  3.6944E-01
2.7800E+00  2.1308E+00  1.7614E+00  3.6942E-01
2.7900E+00  2.1120E+00  1.7426E+00  3.6939E-01
2.8000E+00  2.0936E+00  1.7242E+00  3.6937E-01
2.8100E+00  2.0756E+00  1.7062E+00  3.6935E-01
2.8200E+00  2.0579E+00  1.6886E+00  3.6933E-01
2.8300E+00  2.0406E+00  1.6713E+00  3.6930E-01
2.8400E+00  2.0235E+00  1.6542E+00  3.6928E-01
2.8500E+00  2.0068E+00  1.6375E+00  3.6926E-01
2.8600E+00  1.9903E+00  1.6211E+00  3.6924E-01
2.8700E+00  1.9741E+00  1.6049E+00  3.6921E-01
2.8800E+00  1.9582E+00  1.5890E+00  3.6919E-01
2.8900E+00  1.9425E+00  1.5734E+00  3.6917E-01
2.9000E+00  1.9272E+00  1.5580E+00  3.6914E-01
2.9100E+00  1.9121E+00  1.5430E+00  3.6912E-01
2.9200E+00  1.8973E+00  1.5282E+00  3.6910E-01
2.9300E+00  1.8827E+00  1.5137E+00  3.6908E-01
2.9400E+00  1.8684E+00  1.4993E+00  3.6905E-01
2.9500E+00  1.8543E+00  1.4852E+00  3.6903E-01
2.9600E+00  1.8404E+00  1.4714E+00  3.6901E-01
2.9700E+00  1.8267E+00  1.4577E+00  3.6899E-01
2.9800E+00  1.8132E+00  1.4442E+00  3.6896E-01
2.9900E+00  1.7998E+00  1.4309E+00  3.6894E-01
3.0000E+00  1.7867E+00  1.4177E+00  3.6892E-01
3.0100E+00  1.7737E+00  1.4048E+00  3.6890E-01
3.0200E+00  1.7609E+00  1.3920E+00  3.6887E-01
3.0300E+00  1.7482E+00  1.3793E+00  3.6885E-01
3.0400E+00  1.7357E+00  1.3668E+00  3.6883E-01
3.0500E+00  1.7233E+00  1.3545E+00  3.6880E-01
3.0600E+00  1.7110E+00  1.3423E+00  3.6878E-01
3.0700E+00  1.6989E+00  1.3302E+00  3.6876E-01
3.0800E+00  1.6870E+00  1.3182E+00  3.6874E-01
3.0900E+00  1.6751E+00  1.3064E+00  3.6871E-01
3.1000E+00  1.6634E+00  1.2947E+00  3.6869E-01
3.1100E+00  1.6518E+00  1.2831E+00  3.6867E-01
3.1200E+00  1.6403E+00  1.2717E+00  3.6865E-01
3.1300E+00  1.6289E+00  1.2603E+00  3.6862E-01
3.1400E+00  1.6177E+00  1.2491E+00  3.6860E-01
3.1500E+00  1.6065E+00  1.2379E+00  3.6858E-01
3.1600E+00  1.5954E+00  1.2269E+00  3.6856E-01
3.1700E+00  1.5844E+00  1.2159E+00  3.6853E-01
3.1800E+00  1.5736E+00  1.2050E+00  3.6851E-01
3.1900E+00  1.5628E+00  1.1943E+00  3.6849E-01
3.2000E+00  1.5521E+00  1.1836E+00  3.6847E-01
3.2100E+00  1.5415E+00  1.1730E+00  3.6844E-01
3.2200E+00  1.5309E+00  1.1625E+00  3.6842E-01
3.2300E+00  1.5205E+00  1.1521E+00  3.6840E-01
3.2400E+00  1.5101E+00  1.1417E+00  3.6838E-01
3.2500E+00  1.4998E+00  1.1315E+00  3.6835E-01
3.2600E+00  1.4896E+00  1.1213E+00  3.6833E-01
3.2700E+00  1.4795E+00  1.1112E+00  3.6831E-01
3.2800E+00  1.4694E+00  1.1011E+00  3.6828E-01
3.2900E+00  1.4594E+00  1.0911E+00  3.6826E-01
3.3000E+00  1.4494E+00  1.0812E+00  3.6824E-01
3.3100E+00  1.4396E+00  1.0713E+00  3.6822E-01
3.3200E+00  1.4297E+00  1.0615E+00  3.6819E-01
3.3300E+00  1.4200E+00  1.0518E+00  3.6817E-01
3.3400E+00  1.4103E+00  1.0421E+00  3.6815E-01
3.3500E+00  1.4007E+00  1.0325E+00  3.6813E-01
3.3600E+00  1.3911E+00  1.0230E+00  3.6810E-01
3.3700E+00  1.3817E+00  1.0136E+00  3.6808E-01
3.3800E+00  1.3723E+00  1.0042E+00  3.6806E-01
3.3900E+00  1.3630E+00  9.9501E-01  3.6804E-01
3.4000E+00  1.3539E+00  9.8591E-01  3.6801E-01
3.4100E+00  1.3449E+00  9.7694E-01  3.6799E-01
3.4200E+00  1.3361E+00  9.6809E-01  3.6797E-01
3.4300E+00  1.3273E+00  9.5935E-01  3.6795E-01
3.4400E+00  1.3186E+00  9.5071E-01  3.6792E-01
3.4500E+00  1.3101E+00  9.4219E-01  3.6790E-01
3.4600E+00  1.3016E+00  9.3376E-01  3.6788E-01
3.4700E+00  1.2933E+00  9.2544E-01  3.6786E-01
3.4800E+00  1.2851E+00  9.1725E-01  3.6783E-01
3.4900E+00  1.2770E+00  9.0919E-01  3.6781E-01
3.5000E+00  1.2691E+00  9.0127E-01  3.6779E-01
3.5100E+00  1.2613E+00  8.9349E-01  3.6777E-01
3.5200E+00  1.2536E+00  8.8584E-01  3.6774E-01
3.5300E+00  1.2460E+00  8.7832E-01  3.6772E-01
3.5400E+00  1.2386E+00  8.7092E-01  3.6770E-01
3.5500E+00  1.2313E+00  8.6364E-01  3.6768E-01
3.5600E+00  1.2241E+00  8.5647E-01  3.6765E-01
3.5700E+00  1.2170E+00  8.4940E-01  3.6763E-01
3.5800E+00  1.2100E+00  8.4243E-01  3.6761E-01
3.5900E+00  1.2031E+00  8.3556E-01  3.6759E-01
3.6000E+00  1.1963E+00  8.2877E-01  3.6756E-01
3.6100E+00  1.1896E+00  8.2208E-01  3.6754E-01
3.6200E+00  1.1830E+00  8.1548E-01  3.6752E-01
3.6300E+00  1.1765E+00  8.0899E-01  3.6750E-01
3.6400E+00  1.1701E+00  8.0259E-01  3.6747E-01
3.6500E+00  1.1637E+00  7.9629E-01  3.6745E-01
3.6600E+00  1.1575E+00  7.9008E-01  3.6743E-01
3.6700E+00  1.1514E+00  7.8395E-01  3.6741E-01
3.6800E+00  1.1453E+00  7.7791E-01  3.6738E-01
3.6900E+00  1.1393E+00  7.7195E-01  3.6736E-01
3.7000E+00  1.1334E+00  7.6607E-01  3.6734E-01
3.7100E+00  1.1276E+00  7.6026E-01  3.6732E-01
3.7200E+00  1.1218E+00  7.5452E-01  3.6729E-01
3.7300E+00  1.1161E+00  7.4885E-01  3.6727E-01
3.7400E+00  1.1105E+00  7.4325E-01  3.6725E-01
3.7500E+00  1.1049E+00  7.3770E-01  3.6723E-01
3.7600E+00  1.0994E+00  7.3222E-01  3.6720E-01
3.7700E+00  1.0940E+00  7.2680E-01  3.6718E-01
3.7800E+00  1.0886E+00  7.2144E-01  3.6716E-01
3.7900E+00  1.0833E+00  7.1613E-01  3.6714E-01
3.8000E+00  1.0780E+00  7.1087E-01  3.6712E-01
3.8100E+00  1.0728E+00  7.0567E-01  3.6709E-01
3.8200E+00  1.0676E+00  7.0051E-01  3.6707E-01
3.8300E+00  1.0625E+00  6.9541E-01  3.6705E-01
3.8400E+00  1.0574E+00  6.9035E-01  3.6703E-01
3.8500E+00  1.0523E+00  6.8534E-01  3.6700E-01
3.8600E+00  1.0474E+00  6.8037E-01  3.6698E-01
3.8700E+00  1.0424E+00  6.7545E-01  3.6696E-01
3.8800E+00  1.0375E+00  6.7057E-01  3.6694E-01
3.8900E+00  1.0326E+00  6.6573E-01  3.6691E-01
3.9000E+00  1.0278E+00  6.6093E-01  3.6689E-01
3.9100E+00  1.0230E+00  6.5617E-01  3.6687E-01
3.9200E+00  1.0183E+00  6.5145E-01  3.6685E-01
3.9300E+00  1.0136E+00  6.4676E-01  3.6682E-01
3.9400E+00  1.0089E+00  6.4211E-01  3.6680E-01
3.9500E+00  1.0043E+00  6.3749E-01  3.6678E-01
3.9600E+00  9.9967E-01  6.3291E-01  3.6676E-01
3.9700E+00  9.9510E-01  6.2836E-01  3.6673E-01
3.9800E+00  9.9054E-01  6.2383E-01  3.6671E-01
3.9900E+00  9.8601E-01  6.1932E-01  3.6669E-01
4.0000E+00  9.8151E-01  6.1484E-01  3.6667E-01
4.0100E+00  9.7704E-01  6.1039E-01  3.6664E-01
4.0200E+00  9.7260E-01  6.0598E-01  3.6662E-01
4.0300E+00  9.6819E-01  6.0159E-01  3.6660E-01
4.0400E+00  9.6380E-01  5.9722E-01  3.6658E-01
4.0500E+00  9.5944E-01  5.9289E-01  3.6656E-01
4.0600E+00  9.5538E-01  5.8884E-01  3.6653E-01
4.0700E+00  9.5755E-01  5.9104E-01  3.6651E-01
4.0800E+00  9.5408E-01  5.8760E-01  3.6649E-01
4.0900E+00  9.4980E-01  5.8334E-01  3.6647E-01
4.1000E+00  9.4553E-01  5.7909E-01  3.6644E-01
4.1100E+00  9.4128E-01  5.7486E-01  3.6642E-01
4.1200E+00  9.3705E-01  5.7065E-01  3.6640E-01
4.1300E+00  9.3284E-01  5.6646E-01  3.6638E-01
4.1400E+00  9.2865E-01  5.6230E-01  3.6635E-01
4.1500E+00  9.2449E-01  5.5815E-01  3.6633E-01
4.1600E+00  9.2034E-01  5.5403E-01  3.6631E-01
4.1700E+00  9.1622E-01  5.4993E-01  3.6629E-01
4.1800E+00  9.1211E-01  5.4585E-01  3.6627E-01
4.1900E+00  9.0803E-01  5.4179E-01  3.6624E-01
4.2000E+00  9.0397E-01  5.3775E-01  3.6622E-01
4.2100E+00  8.9993E-01  5.3373E-01  3.6620E-01
4.2200E+00  8.9591E-01  5.2973E-01  3.6618E-01
4.2300E+00  8.9192E-01  5.2576E-01  3.6615E-01
4.2400E+00  8.8796E-01  5.2183E-01  3.6613E-01
4.2500E+00  8.8404E-01  5.1793E-01  3.6611E-01
4.2600E+00  8.8016E-01  5.1407E-01  3.6609E-01
4.2700E+00  8.7631E-01  5.1025E-01  3.6606E-01
4.2800E+00  8.7252E-01  5.0648E-01  3.6604E-01
4.2900E+00  8.6876E-01  5.0274E-01  3.6602E-01
4.3000E+00  8.6505E-01  4.9906E-01  3.6600E-01
4.3100E+00  8.6138E-01  4.9541E-01  3.6598E-01
4.3200E+00  8.5775E-01  4.9180E-01  3.6595E-01
4.3300E+00  8.5415E-01  4.8822E-01  3.6593E-01
4.3400E+00  8.5060E-01  4.8469E-01  3.6591E-01
4.3500E+00  8.4707E-01  4.8119E-01  3.6589E-01
4.3600E+00  8.4358E-01  4.7772E-01  3.6586E-01
4.3700E+00  8.4014E-01  4.7429E-01  3.6584E-01
4.3800E+00  8.3673E-01  4.7091E-01  3.6582E-01
4.3900E+00  8.3337E-01  4.6758E-01  3.6580E-01
4.4000E+00  8.3006E-01  4.6429E-01  3.6577E-01
4.4100E+00  8.2680E-01  4.6104E-01  3.6575E-01
4.4200E+00  8.2358E-01  4.5785E-01  3.6573E-01
4.4300E+00  8.2040E-01  4.5470E-01  3.6571E-01
4.4400E+00  8.1727E-01  4.5159E-01  3.6569E-01
4.4500E+00  8.1418E-01  4.4852E-01  3.6566E-01
4.4600E+00  8.1113E-01  4.4549E-01  3.6564E-01
4.4700E+00  8.0811E-01  4.4250E-01  3.6562E-01
4.4800E+00  8.0514E-01  4.3954E-01  3.6560E-01
4.4900E+00  8.0220E-01  4.3662E-01  3.6557E-01
4.5000E+00  7.9929E-01  4.3373E-01  3.6555E-01
4.5100E+00  7.9641E-01  4.3088E-01  3.6553E-01
4.5200E+00  7.9357E-01  4.2806E-01  3.6551E-01
4.5300E+00  7.9075E-01  4.2527E-01  3.6549E-01
4.5400E+00  7.8797E-01  4.2251E-01  3.6546E-01
4.5500E+00  7.8522E-01  4.1977E-01  3.6544E-01
4.5600E+00  7.8250E-01  4.1708E-01  3.6542E-01
4.5700E+00  7.7981E-01  4.1441E-01  3.6540E-01
4.5800E+00  7.7716E-01  4.1178E-01  3.6537E-01
4.5900E+00  7.7454E-01  4.0918E-01  3.6535E-01
4.6000E+00  7.7195E-01  4.0662E-01  3.6533E-01
4.6100E+00  7.6939E-01  4.0408E-01  3.6531E-01
4.6200E+00  7.6686E-01  4.0157E-01  3.6529E-01
4.6300E+00  7.6435E-01  3.9909E-01  3.6526E-01
4.6400E+00  7.6188E-01  3.9664E-01  3.6524E-01
4.6500E+00  7.5943E-01  3.9421E-01  3.6522E-01
4.6600E+00  7.5700E-01  3.9180E-01  3.6520E-01
4.6700E+00  7.5460E-01  3.8942E-01  3.6517E-01
4.6800E+00  7.5222E-01  3.8707E-01  3.6515E-01
4.6900E+00  7.4987E-01  3.8474E-01  3.6513E-01
4.7000E+00  7.4753E-01  3.8243E-01  3.6511E-01
4.7100E+00  7.4522E-01  3.8014E-01  3.6509E-01
4.7200E+00  7.4293E-01  3.7787E-01  3.6506E-01
4.7300E+00  7.4066E-01  3.7562E-01  3.6504E-01
4.7400E+00  7.3841E-01  3.7339E-01  3.6502E-01
4.7500E+00  7.3618E-01  3.7119E-01  3.6500E-01
4.7600E+00  7.3397E-01  3.6900E-01  3.6498E-01
4.7700E+00  7.3178E-01  3.6682E-01  3.6495E-01
4.7800E+00  7.2960E-01  3.6467E-01  3.6493E-01
4.7900E+00  7.2744E-01  3.6253E-01  3.6491E-01
4.8000E+00  7.2530E-01  3.6041E-01  3.6489E-01
4.8100E+00  7.2317E-01  3.5831E-01  3.6486E-01
4.8200E+00  7.2106E-01  3.5622E-01  3.6484E-01
4.8300E+00  7.1897E-01  3.5415E-01  3.6482E-01
4.8400E+00  7.1689E-01  3.5209E-01  3.6480E-01
4.8500E+00  7.1483E-01  3.5005E-01  3.6478E-01
4.8600E+00  7.1278E-01  3.4803E-01  3.6475E-01
4.8700E+00  7.1075E-01  3.4602E-01  3.6473E-01
4.8800E+00  7.0873E-01  3.4402E-01  3.6471E-01
4.8900E+00  7.0672E-01  3.4203E-01  3.6469E-01
4.9000E+00  7.0471E-01  3.4005E-01  3.6467E-01
4.9100E+00  7.0273E-01  3.3808E-01  3.6464E-01
4.9200E+00  7.0075E-01  3.3613E-01  3.6462E-01
4.9300E+00  6.9879E-01  3.3419E-01  3.6460E-01
4.9400E+00  6.9684E-01  3.3226E-01  3.6458E-01
4.9500E+00  6.9490E-01  3.3034E-01  3.6455E-01
4.9600E+00  6.9297E-01  3.2844E-01  3.6453E-01
4.9700E+00  6.9105E-01  3.2654E-01  3.6451E-01
4.9800E+00  6.8915E-01  3.2466E-01  3.6449E-01
4.9900E+00  6.8725E-01  3.2279E-01  3.6447E-01
5.0000E+00  6.8537E-01  3.2092E-01  3.6444E-01
5.0100E+00  6.8349E-01  3.1907E-01  3.6442E-01
5.0200E+00  6.8163E-01  3.1723E-01  3.6440E-01
5.0300E+00  6.7978E-01  3.1540E-01  3.6438E-01
5.0400E+00  6.7793E-01  3.1358E-01  3.6436E-01
5.0500E+00  6.7609E-01  3.1176E-01  3.6433E-01
5.0600E+00  6.7426E-01  3.0995E-01  3.6431E-01
5.0700E+00  6.7244E-01  3.0815E-01  3.6429E-01
5.0800E+00  6.7063E-01  3.0636E-01  3.6427E-01
5.0900E+00  6.6882E-01  3.0458E-01  3.6425E-01
5.1000E+00  6.6703E-01  3.0280E-01  3.6422E-01
5.1100E+00  6.6524E-01  3.0104E-01  3.6420E-01
5.1200E+00  6.6346E-01  2.9928E-01  3.6418E-01
5.1300E+00  6.6169E-01  2.9753E-01  3.6416E-01
5.1400E+00  6.5993E-01  2.9579E-01  3.6414E-01
5.1500E+00  6.5817E-01  2.9406E-01  3.6411E-01
5.1600E+00  6.5643E-01  2.9233E-01  3.6409E-01
5.1700E+00  6.5469E-01  2.9062E-01  3.6407E-01
5.1800E+00  6.5295E-01  2.8891E-01  3.6405E-01
5.1900E+00  6.5123E-01  2.8720E-01  3.6403E-01
5.2000E+00  6.4951E-01  2.8551E-01  3.6400E-01
5.2100E+00  6.4780E-01  2.8382E-01  3.6398E-01
5.2200E+00  6.4610E-01  2.8214E-01  3.6396E-01
5.2300E+00  6.4440E-01  2.8046E-01  3.6394E-01
5.2400E+00  6.4271E-01  2.7880E-01  3.6392E-01
5.2500E+00  6.4103E-01  2.7713E-01  3.6389E-01
5.2600E+00  6.3935E-01  2.7548E-01  3.6387E-01
5.2700E+00  6.3768E-01  2.7383E-01  3.6385E-01
5.2800E+00  6.3602E-01  2.7219E-01  3.6383E-01
5.2900E+00  6.3436E-01  2.7056E-01  3.6380E-01
5.3000E+00  6.3271E-01  2.6893E-01  3.6378E-01
5.3100E+00  6.3107E-01  2.6731E-01  3.6376E-01
5.3200E+00  6.2943E-01  2.6570E-01  3.6374E-01
5.3300E+00  6.2781E-01  2.6410E-01  3.6372E-01
5.3400E+00  6.2621E-01  2.6251E-01  3.6369E-01
5.3500E+00  6.2461E-01  2.6093E-01  3.6367E-01
5.3600E+00  6.2302E-01  2.5937E-01  3.6365E-01
5.3700E+00  6.2145E-01  2.5782E-01  3.6363E-01
5.3800E+00  6.1989E-01  2.5629E-01  3.6361E-01
5.3900E+00  6.1835E-01  2.5477E-01  3.6359E-01
5.4000E+00  6.1683E-01  2.5326E-01  3.6356E-01
5.4100E+00  6.1532E-01  2.5177E-01  3.6354E-01
5.4200E+00  6.1382E-01  2.5030E-01  3.6352E-01
5.4300E+00  6.1233E-01  2.4883E-01  3.6350E-01
5.4400E+00  6.1086E-01  2.4738E-01  3.6348E-01
5.4500E+00  6.0940E-01  2.4594E-01  3.6345E-01
5.4600E+00  6.0795E-01  2.4452E-01  3.6343E-01
5.4700E+00  6.0651E-01  2.4310E-01  3.6341E-01
5.4800E+00  6.0508E-01  2.4170E-01  3.6339E-01
5.4900E+00  6.0367E-01  2.4031E-01  3.6337E-01
5.5000E+00  6.0227E-01  2.3893E-01  3.6334E-01
5.5100E+00  6.0089E-01  2.3757E-01  3.6332E-01
5.5200E+00  5.9952E-01  2.3622E-01  3.6330E-01
5.5300E+00  5.9816E-01  2.3488E-01  3.6328E-01
5.5400E+00  5.9682E-01  2.3357E-01  3.6326E-01
5.5500E+00  5.9550E-01  2.3226E-01  3.6323E-01
5.5600E+00  5.9419E-01  2.3098E-01  3.6321E-01
5.5700E+00  5.9289E-01  2.2970E-01  3.6319E-01
5.5800E+00  5.9161E-01  2.2845E-01  3.6317E-01
5.5900E+00  5.9035E-01  2.2720E-01  3.6315E-01
5.6000E+00  5.8909E-01  2.2597E-01  3.6312E-01
5.6100E+00  5.8785E-01  2.2475E-01  3.6310E-01
5.6200E+00  5.8662E-01  2.2354E-01  3.6308E-01
5.6300E+00  5.8540E-01  2.2235E-01  3.6306E-01
5.6400E+00  5.8420E-01  2.2116E-01  3.6304E-01
5.6500E+00  5.8300E-01  2.1999E-01  3.6301E-01
5.6600E+00  5.8182E-01  2.1883E-01  3.6299E-01
5.6700E+00  5.8065E-01  2.1768E-01  3.6297E-01
5.6800E+00  5.7949E-01  2.1654E-01  3.6295E-01
5.6900E+00  5.7833E-01  2.1541E-01  3.6293E-01
5.7000E+00  5.7719E-01  2.1429E-01  3.6290E-01
5.7100E+00  5.7606E-01  2.1317E-01  3.6288E-01
5.7200E+00  5.7493E-01  2.1207E-01  3.6286E-01
5.7300E+00  5.7382E-01  2.1098E-01  3.6284E-01
5.7400E+00  5.7272E-01  2.0990E-01  3.6282E-01
5.7500E+00  5.7163E-01  2.0883E-01  3.6280E-01
5.7600E+00  5.7054E-01  2.0777E-01  3.6277E-01
5.7700E+00  5.6947E-01  2.0672E-01  3.6275E-01
5.7800E+00  5.6841E-01  2.0568E-01  3.6273E-01
5.7900E+00  5.6736E-01  2.0465E-01  3.6271E-01
5.8000E+00  5.6632E-01  2.0363E-01  3.6269E-01
5.8100E+00  5.6529E-01  2.0262E-01  3.6266E-01
5.8200E+00  5.6426E-01  2.0162E-01  3.6264E-01
5.8300E+00  5.6325E-01  2.0063E-01  3.6262E-01
5.8400E+00  5.6224E-01  1.9964E-01  3.6260E-01
5.8500E+00  5.6124E-01  1.9866E-01  3.6258E-01
5.8600E+00  5.6025E-01  1.9770E-01  3.6255E-01
5.8700E+00  5.5927E-01  1.9673E-01  3.6253E-01
5.8800E+00  5.5829E-01  1.9578E-01  3.6251E-01
5.8900E+00  5.5732E-01  1.9483E-01  3.6249E-01
5.9000E+00  5.5636E-01  1.9390E-01  3.6247E-01
5.9100E+00  5.5541E-01  1.9296E-01  3.6245E-01
5.9200E+00  5.5446E-01  1.9204E-01  3.6242E-01
5.9300E+00  5.5352E-01  1.9112E-01  3.6240E-01
5.9400E+00  5.5259E-01  1.9021E-01  3.6238E-01
5.9500E+00  5.5166E-01  1.8930E-01  3.6236E-01
5.9600E+00  5.5074E-01  1.8840E-01  3.6234E-01
5.9700E+00  5.4982E-01  1.8751E-01  3.6231E-01
5.9800E+00  5.4891E-01  1.8662E-01  3.6229E-01
5.9900E+00  5.4801E-01  1.8574E-01  3.6227E-01
6.0000E+00  5.4711E-01  1.8486E-01  3.6225E-01
6.0100E+00  5.4622E-01  1.8399E-01  3.6223E-01
6.0200E+00  5.4533E-01  1.8313E-01  3.6221E-01
6.0300E+00  5.4445E-01  1.8227E-01  3.6218E-01
6.0400E+00  5.4357E-01  1.8141E-01  3.6216E-01
6.0500E+00  5.4270E-01  1.8056E-01  3.6214E-01
6.0600E+00  5.4184E-01  1.7972E-01  3.6212E-01
6.0700E+00  5.4097E-01  1.7888E-01  3.6210E-01
6.0800E+00  5.4012E-01  1.7804E-01  3.6207E-01
6.0900E+00  5.3927E-01  1.7721E-01  3.6205E-01
6.1000E+00  5.3842E-01  1.7639E-01  3.6203E-01
6.1100E+00  5.3758E-01  1.7557E-01  3.6201E-01
6.1200E+00  5.3674E-01  1.7475E-01  3.6199E-01
6.1300E+00  5.3590E-01  1.7394E-01  3.6197E-01
6.1400E+00  5.3508E-01  1.7313E-01  3.6194E-01
6.1500E+00  5.3425E-01  1.7233E-01  3.6192E-01
6.1600E+00  5.3343E-01  1.7153E-01  3.6190E-01
6.1700E+00  5.3261E-01  1.7073E-01  3.6188E-01
6.1800E+00  5.3180E-01  1.6994E-01  3.6186E-01
6.1900E+00  5.3099E-01  1.6916E-01  3.6184E-01
6.2000E+00  5.3019E-01  1.6837E-01  3.6181E-01
6.2100E+00  5.2939E-01  1.6759E-01  3.6179E-01
6.2200E+00  5.2859E-01  1.6682E-01  3.6177E-01
6.2300E+00  5.2780E-01  1.6605E-01  3.6175E-01
6.2400E+00  5.2701E-01  1.6528E-01  3.6173E-01
6.2500E+00  5.2622E-01  1.6451E-01  3.6170E-01
6.2600E+00  5.2544E-01  1.6375E-01  3.6168E-01
6.2700E+00  5.2466E-01  1.6300E-01  3.6166E-01
6.2800E+00  5.2388E-01  1.6224E-01  3.6164E-01
6.2900E+00  5.2311E-01  1.6149E-01  3.6162E-01
6.3000E+00  5.2234E-01  1.6074E-01  3.6160E-01
6.3100E+00  5.2157E-01  1.6000E-01  3.6157E-01
6.3200E+00  5.2081E-01  1.5926E-01  3.6155E-01
6.3300E+00  5.2005E-01  1.5852E-01  3.6153E-01
6.3400E+00  5.1929E-01  1.5778E-01  3.6151E-01
6.3500E+00  5.1854E-01  1.5705E-01  3.6149E-01
6.3600E+00  5.1778E-01  1.5632E-01  3.6147E-01
6.3700E+00  5.1704E-01  1.5559E-01  3.6144E-01
6.3800E+00  5.1629E-01  1.5487E-01  3.6142E-01
6.3900E+00  5.1555E-01  1.5415E-01  3.6140E-01
6.4000E+00  5.1481E-01  1.5343E-01  3.6138E-01
6.4100E+00  5.1407E-01  1.5271E-01  3.6136E-01
6.4200E+00  5.1333E-01  1.5200E-01  3.6134E-01
6.4300E+00  5.1260E-01  1.5129E-01  3.6131E-01
6.4400E+00  5.1187E-01  1.5058E-01  3.6129E-01
6.4500E+00  5.1114E-01  1.4987E-01  3.6127E-01
6.4600E+00  5.1042E-01  1.4917E-01  3.6125E-01
6.4700E+00  5.0970E-01  1.4847E-01  3.6123E-01
6.4800E+00  5.0898E-01  1.4777E-01  3.6121E-01
6.4900E+00  5.0826E-01  1.4708E-01  3.6118E-01
6.5000E+00  5.0754E-01  1.4638E-01  3.6116E-01
6.5100E+00  5.0683E-01  1.4569E-01  3.6114E-01
6.5200E+00  5.0612E-01  1.4500E-01  3.6112E-01
6.5300E+00  5.0541E-01  1.4432E-01  3.6110E-01
6.5400E+00  5.0471E-01  1.4363E-01  3.6108E-01
6.5500E+00  5.0400E-01  1.4295E-01  3.6105E-01
6.5600E+00  5.0330E-01  1.4227E-01  3.6103E-01
6.5700E+00  5.0260E-01  1.4159E-01  3.6101E-01
6.5800E+00  5.0191E-01  1.4092E-01  3.6099E-01
6.5900E+00  5.0121E-01  1.4024E-01  3.6097E-01
6.6000E+00  5.0052E-01  1.3957E-01  3.6095E-01
6.6100E+00  4.9983E-01  1.3891E-01  3.6092E-01
6.6200E+00  4.9914E-01  1.3824E-01  3.6090E-01
6.6300E+00  4.9846E-01  1.3757E-01  3.6088E-01
6.6400E+00  4.9777E-01  1.3691E-01  3.6086E-01
6.6500E+00  4.9709E-01  1.3625E-01  3.6084E-01
6.6600E+00  4.9641E-01  1.3559E-01  3.6082E-01
6.6700E+00  4.9573E-01  1.3494E-01  3.6079E-01
6.6800E+00  4.9506E-01  1.3428E-01  3.6077E-01
6.6900E+00  4.9439E-01  1.3363E-01  3.6075E-01
6.7000E+00  4.9372E-01  1.3299E-01  3.6073E-01
6.7100E+00  4.9305E-01  1.3235E-01  3.6071E-01
6.7200E+00  4.9239E-01  1.3171E-01  3.6069E-01
6.7300E+00  4.9174E-01  1.3107E-01  3.6066E-01
6.7400E+00  4.9108E-01  1.3044E-01  3.6064E-01
6.7500E+00  4.9043E-01  1.2981E-01  3.6062E-01
6.7600E+00  4.8979E-01  1.2919E-01  3.6060E-01
6.7700E+00  4.8915E-01  1.2857E-01  3.6058E-01
6.7800E+00  4.8851E-01  1.2796E-01  3.6056E-01
6.7900E+00  4.8788E-01  1.2735E-01  3.6053E-01
6.8000E+00  4.8726E-01  1.2674E-01  3.6051E-01
6.8100E+00  4.8663E-01  1.2614E-01  3.6049E-01
6.8200E+00  4.8602E-01  1.2555E-01  3.6047E-01
6.8300E+00  4.8540E-01  1.2496E-01  3.6045E-01
6.8400E+00  4.8480E-01  1.2437E-01  3.6043E-01
6.8500E+00  4.8419E-01  1.2379E-01  3.6040E-01
6.8600E+00  4.8359E-01  1.2321E-01  3.6038E-01
6.8700E+00  4.8299E-01  1.2263E-01  3.6036E-01
6.8800E+00  4.8240E-01  1.2206E-01  3.6034E-01
6.8900E+00  4.8181E-01  1.2149E-01  3.6032E-01
6.9000E+00  4.8122E-01  1.2093E-01  3.6030E-01
6.9100E+00  4.8064E-01  1.2037E-01  3.6028E-01
6.9200E+00  4.8006E-01  1.1981E-01  3.6025E-01
6.9300E+00  4.7949E-01  1.1926E-01  3.6023E-01
6.9400E+00  4.7893E-01  1.1871E-01  3.6021E-01
6.9500E+00  4.7836E-01  1.1817E-01  3.6019E-01
6.9600E+00  4.7780E-01  1.1764E-01  3.6017E-01
6.9700E+00  4.7725E-01  1.1710E-01  3.6015E-01
6.9800E+00  4.7670E-01  1.1658E-01  3.6012E-01
6.9900E+00  4.7616E-01  1.1606E-01  3.6010E-01
7.0000E+00  4.7562E-01  1.1554E-01  3.6008E-01
7.0100E+00  4.7509E-01  1.1503E-01  3.6006E-01
7.0200E+00  4.7456E-01  1.1452E-01  3.6004E-01
7.0300E+00  4.7403E-01  1.1402E-01  3.6002E-01
7.0400E+00  4.7351E-01  1.1352E-01  3.6000E-01
7.0500E+00  4.7300E-01  1.1302E-01  3.5997E-01
7.0600E+00  4.7249E-01  1.1253E-01  3.5995E-01
7.0700E+00  4.7198E-01  1.1205E-01  3.5993E-01
7.0800E+00  4.7147E-01  1.1157E-01  3.5991E-01
7.0900E+00  4.7097E-01  1.1109E-01  3.5989E-01
7.1000E+00  4.7048E-01  1.1061E-01  3.5987E-01
7.1100E+00  4.6999E-01  1.1014E-01  3.5984E-01
7.1200E+00  4.6950E-01  1.0967E-01  3.5982E-01
7.1300E+00  4.6901E-01  1.0921E-01  3.5980E-01
7.1400E+00  4.6853E-01  1.0875E-01  3.5978E-01
7.1500E+00  4.6805E-01  1.0829E-01  3.5976E-01
7.1600E+00  4.6757E-01  1.0784E-01  3.5974E-01
7.1700E+00  4.6710E-01  1.0738E-01  3.5972E-01
7.1800E+00  4.6663E-01  1.0694E-01  3.5969E-01
7.1900E+00  4.6616E-01  1.0649E-01  3.5967E-01
7.2000E+00  4.6570E-01  1.0605E-01  3.5965E-01
7.2100E+00  4.6524E-01  1.0561E-01  3.5963E-01
7.2200E+00  4.6478E-01  1.0518E-01  3.5961E-01
7.2300E+00  4.6433E-01  1.0474E-01  3.5959E-01
7.2400E+00  4.6388E-01  1.0432E-01  3.5957E-01
7.2500E+00  4.6344E-01  1.0389E-01  3.5954E-01
7.2600E+00  4.6299E-01  1.0347E-01  3.5952E-01
7.2700E+00  4.6255E-01  1.0305E-01  3.5950E-01
7.2800E+00  4.6212E-01  1.0264E-01  3.5948E-01
7.2900E+00  4.6168E-01  1.0223E-01  3.5946E-01
7.3000E+00  4.6125E-01  1.0182E-01  3.5944E-01
7.3100E+00  4.6083E-01  1.0141E-01  3.5941E-01
7.3200E+00  4.6040E-01  1.0101E-01  3.5939E-01
7.3300E+00  4.5998E-01  1.0061E-01  3.5937E-01
7.3400E+00  4.5956E-01  1.0021E-01  3.5935E-01
7.3500E+00  4.5915E-01  9.9817E-02  3.5933E-01
7.3600E+00  4.5873E-01  9.9425E-02  3.5931E-01
7.3700E+00  4.5832E-01  9.9035E-02  3.5929E-01
7.3800E+00  4.5791E-01  9.8648E-02  3.5926E-01
7.3900E+00  4.5751E-01  9.8264E-02  3.5924E-01
7.4000E+00  4.5710E-01  9.7882E-02  3.5922E-01
7.4100E+00  4.5670E-01  9.7502E-02  3.5920E-01
7.4200E+00  4.5630E-01  9.7125E-02  3.5918E-01
7.4300E+00  4.5591E-01  9.6750E-02  3.5916E-01
7.4400E+00  4.5551E-01  9.6377E-02  3.5914E-01
7.4500E+00  4.5512E-01  9.6006E-02  3.5911E-01
7.4600E+00  4.5473E-01  9.5638E-02  3.5909E-01
7.4700E+00  4.5434E-01  9.5271E-02  3.5907E-01
7.4800E+00  4.5396E-01  9.4907E-02  3.5905E-01
7.4900E+00  4.5357E-01  9.4545E-02  3.5903E-01
7.5000E+00  4.5319E-01  9.4184E-02  3.5901E-01
7.5100E+00  4.5281E-01  9.3826E-02  3.5899E-01
7.5200E+00  4.5243E-01  9.3469E-02  3.5896E-01
7.5300E+00  4.5206E-01  9.3115E-02  3.5894E-01
7.5400E+00  4.5168E-01  9.2762E-02  3.5892E-01
7.5500E+00  4.5131E-01  9.2411E-02  3.5890E-01
7.5600E+00  4.5094E-01  9.2062E-02  3.5888E-01
7.5700E+00  4.5057E-01  9.1715E-02  3.5886E-01
7.5800E+00  4.5021E-01  9.1369E-02  3.5884E-01
7.5900E+00  4.4984E-01  9.1025E-02  3.5881E-01
7.6000E+00  4.4948E-01  9.0682E-02  3.5879E-01
7.6100E+00  4.4911E-01  9.0342E-02  3.5877E-01
7.6200E+00  4.4875E-01  9.0003E-02  3.5875E-01
7.6300E+00  4.4839E-01  8.9665E-02  3.5873E-01
7.6400E+00  4.4804E-01  8.9329E-02  3.5871E-01
7.6500E+00  4.4768E-01  8.8995E-02  3.5869E-01
7.6600E+00  4.4733E-01  8.8662E-02  3.5867E-01
7.6700E+00  4.4697E-01  8.8330E-02  3.5864E-01
7.6800E+00  4.4662E-01  8.8001E-02  3.5862E-01
7.6900E+00  4.4627E-01  8.7672E-02  3.5860E-01
7.7000E+00  4.4593E-01  8.7345E-02  3.5858E-01
7.7100E+00  4.4558E-01  8.7020E-02  3.5856E-01
7.7200E+00  4.4523E-01  8.6696E-02  3.5854E-01
7.7300E+00  4.4489E-01  8.6373E-02  3.5852E-01
7.7400E+00  4.4455E-01  8.6052E-02  3.5849E-01
7.7500E+00  4.4420E-01  8.5732E-02  3.5847E-01
7.7600E+00  4.4386E-01  8.5413E-02  3.5845E-01
7.7700E+00  4.4353E-01  8.5096E-02  3.5843E-01
7.7800E+00  4.4319E-01  8.4780E-02  3.5841E-01
7.7900E+00  4.4285E-01  8.4465E-02  3.5839E-01
7.8000E+00  4.4252E-01  8.4151E-02  3.5837E-01
7.8100E+00  4.4218E-01  8.3839E-02  3.5835E-01
7.8200E+00  4.4185E-01  8.3528E-02  3.5832E-01
7.8300E+00  4.4152E-01  8.3218E-02  3.5830E-01
7.8400E+00  4.4119E-01  8.2909E-02  3.5828E-01
7.8500E+00  4.4086E-01  8.2601E-02  3.5826E-01
7.8600E+00  4.4053E-01  8.2294E-02  3.5824E-01
7.8700E+00  4.4021E-01  8.1989E-02  3.5822E-01
7.8800E+00  4.3988E-01  8.1685E-02  3.5820E-01
7.8900E+00  4.3956E-01  8.1381E-02  3.5817E-01
7.9000E+00  4.3923E-01  8.1079E-02  3.5815E-01
7.9100E+00  4.3891E-01  8.0778E-02  3.5813E-01
7.9200E+00  4.3859E-01  8.0478E-02  3.5811E-01
7.9300E+00  4.3827E-01  8.0178E-02  3.5809E-01
7.9400E+00  4.3795E-01  7.9880E-02  3.5807E-01
7.9500E+00  4.3763E-01  7.9583E-02  3.5805E-01
7.9600E+00  4.3731E-01  7.9287E-02  3.5803E-01
7.9700E+00  4.3700E-01  7.8991E-02  3.5800E-01
7.9800E+00  4.3668E-01  7.8696E-02  3.5798E-01
7.9900E+00  4.3636E-01  7.8402E-02  3.5796E-01
8.0000E+00  4.3605E-01  7.8109E-02  3.5794E-01
8.0100E+00  4.3574E-01  7.7817E-02  3.5792E-01
8.0200E+00  4.3542E-01  7.7526E-02  3.5790E-01
8.0300E+00  4.3511E-01  7.7236E-02  3.5788E-01
8.0400E+00  4.3480E-01  7.6946E-02  3.5786E-01
8.0500E+00  4.3449E-01  7.6658E-02  3.5783E-01
8.0600E+00  4.3418E-01  7.6370E-02  3.5781E-01
8.0700E+00  4.3387E-01  7.6083E-02  3.5779E-01
8.0800E+00  4.3357E-01  7.5797E-02  3.5777E-01
8.0900E+00  4.3326E-01  7.5512E-02  3.5775E-01
8.1000E+00  4.3295E-01  7.5227E-02  3.5773E-01
8.1100E+00  4.3265E-01  7.4944E-02  3.5771E-01
8.1200E+00  4.3235E-01  7.4661E-02  3.5769E-01
8.1300E+00  4.3204E-01  7.4379E-02  3.5766E-01
8.1400E+00  4.3174E-01  7.4097E-02  3.5764E-01
8.1500E+00  4.3144E-01  7.3817E-02  3.5762E-01
8.1600E+00  4.3114E-01  7.3537E-02  3.5760E-01
8.1700E+00  4.3084E-01  7.3258E-02  3.5758E-01
8.1800E+00  4.3054E-01  7.2980E-02  3.5756E-01
8.1900E+00  4.3024E-01  7.2702E-02  3.5754E-01
8.2000E+00  4.2994E-01  7.2425E-02  3.5752E-01
8.2100E+00  4.2964E-01  7.2149E-02  3.5749E-01
8.2200E+00  4.2935E-01  7.1873E-02  3.5747E-01
8.2300E+00  4.2905E-01  7.1599E-02  3.5745E-01
8.2400E+00  4.2876E-01  7.1325E-02  3.5743E-01
8.2500E+00  4.2846E-01  7.1051E-02  3.5741E-01
8.2600E+00  4.2817E-01  7.0779E-02  3.5739E-01
8.2700E+00  4.2787E-01  7.0507E-02  3.5737E-01
8.2800E+00  4.2758E-01  7.0236E-02  3.5735E-01
8.2900E+00  4.2729E-01  6.9965E-02  3.5732E-01
8.3000E+00  4.2700E-01  6.9696E-02  3.5730E-01
8.3100E+00  4.2671E-01  6.9426E-02  3.5728E-01
8.3200E+00  4.2642E-01  6.9158E-02  3.5726E-01
8.3300E+00  4.2613E-01  6.8890E-02  3.5724E-01
8.3400E+00  4.2584E-01  6.8623E-02  3.5722E-01
8.3500E+00  4.2555E-01  6.8357E-02  3.5720E-01
8.3600E+00  4.2527E-01  6.8091E-02  3.5718E-01
8.3700E+00  4.2498E-01  6.7826E-02  3.5715E-01
8.3800E+00  4.2469E-01  6.7561E-02  3.5713E-01
8.3900E+00  4.2441E-01  6.7297E-02  3.5711E-01
8.4000E+00  4.2413E-01  6.7034E-02  3.5709E-01
8.4100E+00  4.2384E-01  6.6772E-02  3.5707E-01
8.4200E+00  4.2356E-01  6.6511E-02  3.5705E-01
8.4300E+00  4.2328E-01  6.6251E-02  3.5703E-01
8.4400E+00  4.2300E-01  6.5993E-02  3.5701E-01
8.4500E+00  4.2272E-01  6.5735E-02  3.5699E-01
8.4600E+00  4.2244E-01  6.5479E-02  3.5696E-01
8.4700E+00  4.2217E-01  6.5224E-02  3.5694E-01
8.4800E+00  4.2189E-01  6.4970E-02  3.5692E-01
8.4900E+00  4.2162E-01  6.4718E-02  3.5690E-01
8.5000E+00  4.2135E-01  6.4467E-02  3.5688E-01
8.5100E+00  4.2108E-01  6.4218E-02  3.5686E-01
8.5200E+00  4.2081E-01  6.3970E-02  3.5684E-01
8.5300E+00  4.2054E-01  6.3724E-02  3.5682E-01
8.5400E+00  4.2027E-01  6.3480E-02  3.5679E-01
8.5500E+00  4.2001E-01  6.3237E-02  3.5677E-01
8.5600E+00  4.1975E-01  6.2995E-02  3.5675E-01
8.5700E+00  4.1949E-01  6.2755E-02  3.5673E-01
8.5800E+00  4.1923E-01  6.2517E-02  3.5671E-01
8.5900E+00  4.1897E-01  6.2279E-02  3.5669E-01
8.6000E+00  4.1871E-01  6.2043E-02  3.5667E-01
8.6100E+00  4.1846E-01  6.1809E-02  3.5665E-01
8.6200E+00  4.1820E-01  6.1575E-02  3.5663E-01
8.6300E+00  4.1795E-01  6.1343E-02  3.5660E-01
8.6400E+00  4.1770E-01  6.1113E-02  3.5658E-01
8.6500E+00  4.1745E-01  6.0883E-02  3.5656E-01
8.6600E+00  4.1720E-01  6.0655E-02  3.5654E-01
8.6700E+00  4.1695E-01  6.0427E-02  3.5652E-01
8.6800E+00  4.1670E-01  6.0201E-02  3.5650E-01
8.6900E+00  4.1645E-01  5.9976E-02  3.5648E-01
8.7000E+00  4.1621E-01  5.9753E-02  3.5646E-01
8.7100E+00  4.1597E-01  5.9532E-02  3.5644E-01
8.7200E+00  4.1573E-01  5.9311E-02  3.5641E-01
8.7300E+00  4.1549E-01  5.9093E-02  3.5639E-01
8.7400E+00  4.1525E-01  5.8875E-02  3.5637E-01
8.7500E+00  4.1501E-01  5.8660E-02  3.5635E-01
8.7600E+00  4.1478E-01  5.8446E-02  3.5633E-01
8.7700E+00  4.1454E-01  5.8233E-02  3.5631E-01
8.7800E+00  4.1431E-01  5.8022E-02  3.5629E-01
8.7900E+00  4.1408E-01  5.7813E-02  3.5627E-01
8.8000E+00  4.1385E-01  5.7605E-02  3.5625E-01
8.8100E+00  4.1362E-01  5.7399E-02  3.5623E-01
8.8200E+00  4.1340E-01  5.7194E-02  3.5620E-01
8.8300E+00  4.1317E-01  5.6991E-02  3.5618E-01
8.8400E+00  4.1295E-01  5.6789E-02  3.5616E-01
8.8500E+00  4.1273E-01  5.6588E-02  3.5614E-01
8.8600E+00  4.1251E-01  5.6389E-02  3.5612E-01
8.8700E+00  4.1229E-01  5.6191E-02  3.5610E-01
8.8800E+00  4.1207E-01  5.5995E-02  3.5608E-01
8.8900E+00  4.1186E-01  5.5799E-02  3.5606E-01
8.9000E+00  4.1164E-01  5.5606E-02  3.5604E-01
8.9100E+00  4.1143E-01  5.5413E-02  3.5601E-01
8.9200E+00  4.1121E-01  5.5221E-02  3.5599E-01
8.9300E+00  4.1100E-01  5.5031E-02  3.5597E-01
8.9400E+00  4.1079E-01  5.4842E-02  3.5595E-01
8.9500E+00  4.1058E-01  5.4654E-02  3.5593E-01
8.9600E+00  4.1038E-01  5.4467E-02  3.5591E-01
8.9700E+00  4.1017E-01  5.4281E-02  3.5589E-01
8.9800E+00  4.0996E-01  5.4096E-02  3.5587E-01
8.9900E+00  4.0976E-01  5.3912E-02  3.5585E-01
9.0000E+00  4.0956E-01  5.3730E-02  3.5583E-01
9.0100E+00  4.0935E-01  5.3548E-02  3.5580E-01
9.0200E+00  4.0915E-01  5.3367E-02  3.5578E-01
9.0300E+00  4.0895E-01  5.3188E-02  3.5576E-01
9.0400E+00  4.0875E-01  5.3009E-02  3.5574E-01
9.0500E+00  4.0855E-01  5.2831E-02  3.5572E-01
9.0600E+00  4.0835E-01  5.2655E-02  3.5570E-01
9.0700E+00  4.0816E-01  5.2479E-02  3.5568E-01
9.0800E+00  4.0796E-01  5.2305E-02  3.5566E-01
9.0900E+00  4.0777E-01  5.2131E-02  3.5564E-01
9.1000E+00  4.0757E-01  5.1959E-02  3.5562E-01
9.1100E+00  4.0738E-01  5.1788E-02  3.5559E-01
9.1200E+00  4.0719E-01  5.1618E-02  3.5557E-01
9.1300E+00  4.0700E-01  5.1449E-02  3.5555E-01
9.1400E+00  4.0681E-01  5.1281E-02  3.5553E-01
9.1500E+00  4.0662E-01  5.1114E-02  3.5551E-01
9.1600E+00  4.0644E-01  5.0948E-02  3.5549E-01
9.1700E+00  4.0625E-01  5.0783E-02  3.5547E-01
9.1800E+00  4.0607E-01  5.0620E-02  3.5545E-01
9.1900E+00  4.0588E-01  5.0456E-02  3.5543E-01
9.2000E+00  4.0570E-01  5.0294E-02  3.5541E-01
9.2100E+00  4.0552E-01  5.0133E-02  3.5538E-01
9.2200E+00  4.0534E-01  4.9973E-02  3.5536E-01
9.2300E+00  4.0516E-01  4.9814E-02  3.5534E-01
9.2400E+00  4.0498E-01  4.9655E-02  3.5532E-01
9.2500E+00  4.0480E-01  4.9497E-02  3.5530E-01
9.2600E+00  4.0462E-01  4.9341E-02  3.5528E-01
9.2700E+00  4.0444E-01  4.9185E-02  3.5526E-01
9.2800E+00  4.0427E-01  4.9029E-02  3.5524E-01
9.2900E+00  4.0409E-01  4.8875E-02  3.5522E-01
9.3000E+00  4.0392E-01  4.8721E-02  3.5520E-01
9.3100E+00  4.0374E-01  4.8568E-02  3.5518E-01
9.3200E+00  4.0357E-01  4.8416E-02  3.5515E-01
9.3300E+00  4.0340E-01  4.8265E-02  3.5513E-01
9.3400E+00  4.0323E-01  4.8114E-02  3.5511E-01
9.3500E+00  4.0306E-01  4.7964E-02  3.5509E-01
9.3600E+00  4.0289E-01  4.7815E-02  3.5507E-01
9.3700E+00  4.0272E-01  4.7667E-02  3.5505E-01
9.3800E+00  4.0255E-01  4.7519E-02  3.5503E-01
9.3900E+00  4.0238E-01  4.7372E-02  3.5501E-01
9.4000E+00  4.0221E-01  4.7225E-02  3.5499E-01
9.4100E+00  4.0205E-01  4.7079E-02  3.5497E-01
9.4200E+00  4.0188E-01  4.6934E-02  3.5494E-01
9.4300E+00  4.0171E-01  4.6790E-02  3.5492E-01
9.4400E+00  4.0155E-01  4.6646E-02  3.5490E-01
9.4500E+00  4.0138E-01  4.6503E-02  3.5488E-01
9.4600E+00  4.0122E-01  4.6360E-02  3.5486E-01
9.4700E+00  4.0106E-01  4.6218E-02  3.5484E-01
9.4800E+00  4.0090E-01  4.6076E-02  3.5482E-01
9.4900E+00  4.0073E-01  4.5935E-02  3.5480E-01
9.5000E+00  4.0057E-01  4.5795E-02  3.5478E-01
9.5100E+00  4.0041E-01  4.5655E-02  3.5476E-01
9.5200E+00  4.0025E-01  4.5516E-02  3.5474E-01
9.5300E+00  4.0009E-01  4.5378E-02  3.5472E-01
9.5400E+00  3.9993E-01  4.5240E-02  3.5469E-01
9.5500E+00  3.9978E-01  4.5102E-02  3.5467E-01
9.5600E+00  3.9962E-01  4.4965E-02  3.5465E-01
9.5700E+00  3.9946E-01  4.4829E-02  3.5463E-01
9.5800E+00  3.9930E-01  4.4693E-02  3.5461E-01
9.5900E+00  3.9915E-01  4.4557E-02  3.5459E-01
9.6000E+00  3.9899E-01  4.4422E-02  3.5457E-01
9.6100E+00  3.9884E-01  4.4288E-02  3.5455E-01
9.6200E+00  3.9868E-01  4.4154E-02  3.5453E-01
9.6300E+00  3.9853E-01  4.4020E-02  3.5451E-01
9.6400E+00  3.9837E-01  4.3887E-02  3.5449E-01
9.6500E+00  3.9822E-01  4.3755E-02  3.5446E-01
9.6600E+00  3.9807E-01  4.3623E-02  3.5444E-01
9.6700E+00  3.9791E-01  4.3491E-02  3.5442E-01
9.6800E+00  3.9776E-01  4.3360E-02  3.5440E-01
9.6900E+00  3.9761E-01  4.3229E-02  3.5438E-01
9.7000E+00  3.9746E-01  4.3099E-02  3.5436E-01
9.7100E+00  3.9731E-01  4.2969E-02  3.5434E-01
9.7200E+00  3.9716E-01  4.2840E-02  3.5432E-01
9.7300E+00  3.9701E-01  4.2711E-02  3.5430E-01
9.7400E+00  3.9686E-01  4.2583E-02  3.5428E-01
9.7500E+00  3.9671E-01  4.2454E-02  3.5426E-01
9.7600E+00  3.9656E-01  4.2327E-02  3.5424E-01
9.7700E+00  3.9641E-01  4.2200E-02  3.5421E-01
9.7800E+00  3.9627E-01  4.2073E-02  3.5419E-01
9.7900E+00  3.9612E-01  4.1946E-02  3.5417E-01
9.8000E+00  3.9597E-01  4.1820E-02  3.5415E-01
9.8100E+00  3.9583E-01  4.1695E-02  3.5413E-01
9.8200E+00  3.9568E-01  4.1569E-02  3.5411E-01
9.8300E+00  3.9553E-01  4.1444E-02  3.5409E-01
9.8400E+00  3.9539E-01  4.1320E-02  3.5407E-01
9.8500E+00  3.9524E-01  4.1196E-02  3.5405E-01
9.8600E+00  3.9510E-01  4.1072E-02  3.5403E-01
9.8700E+00  3.9496E-01  4.0949E-02  3.5401E-01
9.8800E+00  3.9481E-01  4.0826E-02  3.5399E-01
9.8900E+00  3.9467E-01  4.0703E-02  3.5397E-01
9.9000E+00  3.9452E-01  4.0581E-02  3.5394E-01
9.9100E+00  3.9438E-01  4.0459E-02  3.5392E-01
9.9200E+00  3.9424E-01  4.0337E-02  3.5390E-01
9.9300E+00  3.9410E-01  4.0216E-02  3.5388E-01
9.9400E+00  3.9396E-01  4.0095E-02  3.5386E-01
9.9500E+00  3.9381E-01  3.9974E-02  3.5384E-01
9.9600E+00  3.9367E-01  3.9854E-02  3.5382E-01
9.9700E+00  3.9353E-01  3.9734E-02  3.5380E-01
9.9800E+00  3.9339E-01  3.9614E-02  3.5378E-01
9.9900E+00  3.9325E-01  3.9495E-02  3.5376E-01
1.0000E+01  3.9311E-01  3.9376E-02  3.5374E-01
1.0100E+01  3.9173E-01  3.8203E-02  3.5353E-01
1.0200E+01  3.9038E-01  3.7059E-02  3.5332E-01
1.0300E+01  3.8906E-01  3.5941E-02  3.5311E-01
1.0400E+01  3.8776E-01  3.4847E-02  3.5291E-01
1.0500E+01  3.8648E-01  3.3777E-02  3.5270E-01
1.0600E+01  3.8523E-01  3.2731E-02  3.5250E-01
1.0700E+01  3.8401E-01  3.1721E-02  3.5229E-01
1.0800E+01  3.8285E-01  3.0763E-02  3.5208E-01
1.0900E+01  3.8173E-01  2.9850E-02  3.5188E-01
1.1000E+01  3.8065E-01  2.8974E-02  3.5167E-01
1.1100E+01  3.7962E-01  2.8148E-02  3.5147E-01
1.1200E+01  3.7863E-01  2.7369E-02  3.5126E-01
1.1300E+01  3.7769E-01  2.6630E-02  3.5106E-01
1.1400E+01  3.7678E-01  2.5925E-02  3.5085E-01
1.1500E+01  3.7591E-01  2.5255E-02  3.5065E-01
1.1600E+01  3.7506E-01  2.4617E-02  3.5045E-01
1.1700E+01  3.7425E-01  2.4007E-02  3.5024E-01
1.1800E+01  3.7346E-01  2.3423E-02  3.5004E-01
1.1900E+01  3.7270E-01  2.2860E-02  3.4984E-01
1.2000E+01  3.7195E-01  2.2316E-02  3.4963E-01
1.2100E+01  3.7122E-01  2.1788E-02  3.4943E-01
1.2200E+01  3.7050E-01  2.1272E-02  3.4923E-01
1.2300E+01  3.6980E-01  2.0770E-02  3.4903E-01
1.2400E+01  3.6911E-01  2.0279E-02  3.4883E-01
1.2500E+01  3.6842E-01  1.9800E-02  3.4862E-01
1.2600E+01  3.6775E-01  1.9331E-02  3.4842E-01
1.2700E+01  3.6709E-01  1.8871E-02  3.4822E-01
1.2800E+01  3.6644E-01  1.8420E-02  3.4802E-01
1.2900E+01  3.6580E-01  1.7977E-02  3.4782E-01
1.3000E+01  3.6516E-01  1.7541E-02  3.4762E-01
1.3100E+01  3.6453E-01  1.7112E-02  3.4742E-01
1.3200E+01  3.6391E-01  1.6690E-02  3.4722E-01
1.3300E+01  3.6330E-01  1.6275E-02  3.4702E-01
1.3400E+01  3.6269E-01  1.5869E-02  3.4682E-01
1.3500E+01  3.6210E-01  1.5477E-02  3.4662E-01
1.3600E+01  3.6152E-01  1.5100E-02  3.4642E-01
1.3700E+01  3.6096E-01  1.4738E-02  3.4623E-01
1.3800E+01  3.6042E-01  1.4388E-02  3.4603E-01
1.3900E+01  3.5988E-01  1.4054E-02  3.4583E-01
1.4000E+01  3.5937E-01  1.3735E-02  3.4563E-01
1.4100E+01  3.5886E-01  1.3430E-02  3.4543E-01
1.4200E+01  3.5837E-01  1.3137E-02  3.4524E-01
1.4300E+01  3.5789E-01  1.2855E-02  3.4504E-01
1.4400E+01  3.5743E-01  1.2584E-02  3.4484E-01
1.4500E+01  3.5697E-01  1.2323E-02  3.4465E-01
1.4600E+01  3.5652E-01  1.2072E-02  3.4445E-01
1.4700E+01  3.5608E-01  1.1829E-02  3.4425E-01
1.4800E+01  3.5565E-01  1.1595E-02  3.4406E-01
1.4900E+01  3.5523E-01  1.1368E-02  3.4386E-01
1.5000E+01  3.5481E-01  1.1147E-02  3.4367E-01
1.5100E+01  3.5440E-01  1.0931E-02  3.4347E-01
1.5200E+01  3.5400E-01  1.0721E-02  3.4327E-01
1.5300E+01  3.5360E-01  1.0516E-02  3.4308E-01
1.5400E+01  3.5320E-01  1.0315E-02  3.4289E-01
1.5500E+01  3.5281E-01  1.0119E-02  3.4269E-01
1.5600E+01  3.5242E-01  9.9261E-03  3.4250E-01
1.5700E+01  3.5204E-01  9.7368E-03  3.4230E-01
1.5800E+01  3.5166E-01  9.5508E-03  3.4211E-01
1.5900E+01  3.5128E-01  9.3678E-03  3.4192E-01
1.6000E+01  3.5091E-01  9.1877E-03  3.4172E-01
1.6100E+01  3.5054E-01  9.0102E-03  3.4153E-01
1.6200E+01  3.5017E-01  8.8353E-03  3.4134E-01
1.6300E+01  3.4981E-01  8.6627E-03  3.4114E-01
1.6400E+01  3.4944E-01  8.4924E-03  3.4095E-01
1.6500E+01  3.4908E-01  8.3243E-03  3.4076E-01
1.6600E+01  3.4873E-01  8.1584E-03  3.4057E-01
1.6700E+01  3.4837E-01  7.9946E-03  3.4038E-01
1.6800E+01  3.4802E-01  7.8333E-03  3.4019E-01
1.6900E+01  3.4767E-01  7.6759E-03  3.3999E-01
1.7000E+01  3.4733E-01  7.5233E-03  3.3980E-01
1.7100E+01  3.4699E-01  7.3760E-03  3.3961E-01
1.7200E+01  3.4666E-01  7.2332E-03  3.3942E-01
1.7300E+01  3.4633E-01  7.0946E-03  3.3923E-01
1.7400E+01  3.4600E-01  6.9604E-03  3.3904E-01
1.7500E+01  3.4568E-01  6.8311E-03  3.3885E-01
1.7600E+01  3.4537E-01  6.7068E-03  3.3866E-01
1.7700E+01  3.4506E-01  6.5870E-03  3.3847E-01
1.7800E+01  3.4476E-01  6.4713E-03  3.3828E-01
1.7900E+01  3.4445E-01  6.3591E-03  3.3810E-01
1.8000E+01  3.4416E-01  6.2503E-03  3.3791E-01
1.8100E+01  3.4386E-01  6.1446E-03  3.3772E-01
1.8200E+01  3.4357E-01  6.0423E-03  3.3753E-01
1.8300E+01  3.4329E-01  5.9433E-03  3.3734E-01
1.8400E+01  3.4300E-01  5.8471E-03  3.3715E-01
1.8500E+01  3.4272E-01  5.7536E-03  3.3697E-01
1.8600E+01  3.4244E-01  5.6625E-03  3.3678E-01
1.8700E+01  3.4217E-01  5.5736E-03  3.3659E-01
1.8800E+01  3.4189E-01  5.4868E-03  3.3641E-01
1.8900E+01  3.4162E-01  5.4018E-03  3.3622E-01
1.9000E+01  3.4135E-01  5.3186E-03  3.3603E-01
1.9100E+01  3.4108E-01  5.2370E-03  3.3585E-01
1.9200E+01  3.4082E-01  5.1570E-03  3.3566E-01
1.9300E+01  3.4055E-01  5.0783E-03  3.3547E-01
1.9400E+01  3.4029E-01  5.0010E-03  3.3529E-01
1.9500E+01  3.4003E-01  4.9249E-03  3.3510E-01
1.9600E+01  3.3977E-01  4.8500E-03  3.3492E-01
1.9700E+01  3.3951E-01  4.7761E-03  3.3473E-01
1.9800E+01  3.3925E-01  4.7033E-03  3.3455E-01
1.9900E+01  3.3900E-01  4.6314E-03  3.3436E-01
2.0000E+01  3.3874E-01  4.5605E-03  3.3418E-01
2.0100E+01  3.3849E-01  4.4904E-03  3.3400E-01
2.0200E+01  3.3823E-01  4.4212E-03  3.3381E-01
2.0300E+01  3.3798E-01  4.3527E-03  3.3363E-01
2.0400E+01  3.3773E-01  4.2850E-03  3.3344E-01
2.0500E+01  3.3748E-01  4.2180E-03  3.3326E-01
2.0600E+01  3.3723E-01  4.1517E-03  3.3308E-01
2.0700E+01  3.3698E-01  4.0861E-03  3.3290E-01
2.0800E+01  3.3673E-01  4.0211E-03  3.3271E-01
2.0900E+01  3.3649E-01  3.9568E-03  3.3253E-01
2.1000E+01  3.3624E-01  3.8931E-03  3.3235E-01
2.1100E+01  3.3600E-01  3.8301E-03  3.3217E-01
2.1200E+01  3.3575E-01  3.7683E-03  3.3198E-01
2.1300E+01  3.3551E-01  3.7077E-03  3.3180E-01
2.1400E+01  3.3527E-01  3.6488E-03  3.3162E-01
2.1500E+01  3.3503E-01  3.5915E-03  3.3144E-01
2.1600E+01  3.3480E-01  3.5355E-03  3.3126E-01
2.1700E+01  3.3456E-01  3.4810E-03  3.3108E-01
2.1800E+01  3.3433E-01  3.4276E-03  3.3090E-01
2.1900E+01  3.3409E-01  3.3757E-03  3.3072E-01
2.2000E+01  3.3386E-01  3.3253E-03  3.3054E-01
2.2100E+01  3.3364E-01  3.2765E-03  3.3036E-01
2.2200E+01  3.3341E-01  3.2291E-03  3.3018E-01
2.2300E+01  3.3318E-01  3.1830E-03  3.3000E-01
2.2400E+01  3.3296E-01  3.1382E-03  3.2982E-01
2.2500E+01  3.3274E-01  3.0945E-03  3.2964E-01
2.2600E+01  3.3251E-01  3.0518E-03  3.2946E-01
2.2700E+01  3.3229E-01  3.0101E-03  3.2928E-01
2.2800E+01  3.3208E-01  2.9694E-03  3.2911E-01
2.2900E+01  3.3186E-01  2.9297E-03  3.2893E-01
2.3000E+01  3.3164E-01  2.8911E-03  3.2875E-01
2.3100E+01  3.3143E-01  2.8534E-03  3.2857E-01
2.3200E+01  3.3121E-01  2.8165E-03  3.2839E-01
2.3300E+01  3.3100E-01  2.7804E-03  3.2822E-01
2.3400E+01  3.3078E-01  2.7451E-03  3.2804E-01
2.3500E+01  3.3057E-01  2.7104E-03  3.2786E-01
2.3600E+01  3.3036E-01  2.6764E-03  3.2769E-01
2.3700E+01  3.3015E-01  2.6430E-03  3.2751E-01
2.3800E+01  3.2994E-01  2.6101E-03  3.2733E-01
2.3900E+01  3.2973E-01  2.5778E-03  3.2716E-01
2.4000E+01  3.2953E-01  2.5460E-03  3.2698E-01
2.4100E+01  3.2932E-01  2.5147E-03  3.2681E-01
2.4200E+01  3.2911E-01  2.4838E-03  3.2663E-01
2.4300E+01  3.2891E-01  2.4534E-03  3.2645E-01
2.4400E+01  3.2870E-01  2.4233E-03  3.2628E-01
2.4500E+01  3.2850E-01  2.3937E-03  3.2610E-01
2.4600E+01  3.2829E-01  2.3644E-03  3.2593E-01
2.4700E+01  3.2809E-01  2.3355E-03  3.2576E-01
2.4800E+01  3.2789E-01  2.3069E-03  3.2558E-01
2.4900E+01  3.2769E-01  2.2786E-03  3.2541E-01
2.5000E+01  3.2748E-01  2.2506E-03  3.2523E-01
2.5100E+01  3.2728E-01  2.2229E-03  3.2506E-01
2.5200E+01  3.2708E-01  2.1955E-03  3.2489E-01
2.5300E+01  3.2688E-01  2.1683E-03  3.2471E-01
2.5400E+01  3.2668E-01  2.1414E-03  3.2454E-01
2.5500E+01  3.2648E-01  2.1148E-03  3.2437E-01
2.5600E+01  3.2628E-01  2.0883E-03  3.2419E-01
2.5700E+01  3.2608E-01  2.0621E-03  3.2402E-01
2.5800E+01  3.2589E-01  2.0362E-03  3.2385E-01
2.5900E+01  3.2569E-01  2.0104E-03  3.2368E-01
2.6000E+01  3.2549E-01  1.9848E-03  3.2350E-01
2.6100E+01  3.2529E-01  1.9595E-03  3.2333E-01
2.6200E+01  3.2510E-01  1.9344E-03  3.2316E-01
2.6300E+01  3.2490E-01  1.9095E-03  3.2299E-01
2.6400E+01  3.2470E-01  1.8847E-03  3.2282E-01
2.6500E+01  3.2451E-01  1.8602E-03  3.2265E-01
2.6600E+01  3.2431E-01  1.8360E-03  3.2248E-01
2.6700E+01  3.2412E-01  1.8121E-03  3.2231E-01
2.6800E+01  3.2393E-01  1.7887E-03  3.2214E-01
2.6900E+01  3.2373E-01  1.7658E-03  3.2197E-01
2.7000E+01  3.2354E-01  1.7435E-03  3.2180E-01
2.7100E+01  3.2335E-01  1.7216E-03  3.2163E-01
2.7200E+01  3.2316E-01  1.7001E-03  3.2146E-01
2.7300E+01  3.2297E-01  1.6791E-03  3.2129E-01
2.7400E+01  3.2278E-01  1.6585E-03  3.2112E-01
2.7500E+01  3.2259E-01  1.6383E-03  3.2095E-01
2.7600E+01  3.2240E-01  1.6185E-03  3.2078E-01
2.7700E+01  3.2221E-01  1.5993E-03  3.2061E-01
2.7800E+01  3.2202E-01  1.5805E-03  3.2044E-01
2.7900E+01  3.2184E-01  1.5622E-03  3.2027E-01
2.8000E+01  3.2165E-01  1.5443E-03  3.2011E-01
2.8100E+01  3.2147E-01  1.5268E-03  3.1994E-01
2.8200E+01  3.2128E-01  1.5097E-03  3.1977E-01
2.8300E+01  3.2110E-01  1.4929E-03  3.1960E-01
2.8400E+01  3.2091E-01  1.4764E-03  3.1944E-01
2.8500E+01  3.2073E-01  1.4602E-03  3.1927E-01
2.8600E+01  3.2055E-01  1.4444E-03  3.1910E-01
2.8700E+01  3.2036E-01  1.4288E-03  3.1894E-01
2.8800E+01  3.2018E-01  1.4136E-03  3.1877E-01
2.8900E+01  3.2000E-01  1.3987E-03  3.1860E-01
2.9000E+01  3.1982E-01  1.3841E-03  3.1844E-01
2.9100E+01  3.1964E-01  1.3698E-03  3.1827E-01
2.9200E+01  3.1946E-01  1.3557E-03  3.1810E-01
2.9300E+01  3.1928E-01  1.3418E-03  3.1794E-01
2.9400E+01  3.1910E-01  1.3282E-03  3.1777E-01
2.9500E+01  3.1892E-01  1.3148E-03  3.1761E-01
2.9600E+01  3.1874E-01  1.3016E-03  3.1744E-01
2.9700E+01  3.1857E-01  1.2886E-03  3.1728E-01
2.9800E+01  3.1839E-01  1.2758E-03  3.1711E-01
2.9900E+01  3.1821E-01  1.2631E-03  3.1695E-01
3.0000E+01  3.1804E-01  1.2506E-03  3.1678E-01