Number of T =   1  Number of rho =   1  Number of materials =   9
TOPS results for  phGridwarm      on Sep 19, 2026
Opacities in cm**2/gm, T in keV, density in gm/cc
Normalized composition for requested elements
No. Fraction Mass Fraction  At. No.  Chem. Sym.  Mat ID.
9.7044E-01   8.8941E-01      1         H         4525
2.9297E-02   1.0664E-01      2         He        4675
2.4325E-06   2.6953E-05      6         C         4387
1.1017E-04   1.4030E-03      7         N         4005
8.3156E-05   1.2116E-03      8         O         4105
2.5313E-09   4.3732E-08      9         F         4405
2.2228E-05   4.0413E-04     10         Ne        4145
4.1339E-05   9.0165E-04     12         Mg        4682
2.1699E-07   7.8856E-06     20         Ca        2302
Temperature grid used the following   1 points
3.0000E-03
Density grid used the following   1 points
1.9163E-09
Rosseland and Planck opacities and free electrons
Density     Ross opa    Planck opa  No. Free    Av Sq Free  T=  3.0000E-03
1.9163E-09  2.0873E+00  5.2384E+02  1.0058E+00  1.0175E+00
Frequency Dependent Energy Opacities
T (keV), Density (gm/cc) =   3.0000E-03  1.9163E-09
Photon energy(keV), Total, Absorp, Scatt (cm**2/gm)
3.7500E-06  5.3384E+06  5.3384E+06  1.8419E-01
7.5000E-06  1.7710E+06  1.7710E+06  1.8419E-01
1.1250E-05  7.5837E+05  7.5837E+05  1.8428E-01
1.5000E-05  4.0895E+05  4.0895E+05  1.8435E-01
1.8750E-05  2.5282E+05  2.5282E+05  1.8463E-01
2.2500E-05  1.7058E+05  1.7058E+05  1.8483E-01
2.6250E-05  1.2231E+05  1.2231E+05  1.8506E-01
3.0000E-05  9.1922E+04  9.1921E+04  1.8532E-01
3.3750E-05  7.1356E+04  7.1356E+04  1.8561E-01
3.7500E-05  5.6522E+04  5.6522E+04  1.8594E-01
4.1250E-05  4.6014E+04  4.6013E+04  1.8630E-01
4.5000E-05  3.9380E+04  3.9380E+04  1.8670E-01
4.8750E-05  3.2024E+04  3.2023E+04  1.8712E-01
5.2500E-05  2.7144E+04  2.7144E+04  1.8758E-01
5.6250E-05  2.3329E+04  2.3329E+04  1.8806E-01
6.0000E-05  2.0288E+04  2.0287E+04  1.8858E-01
6.3750E-05  1.8388E+04  1.8388E+04  1.8912E-01
6.7500E-05  1.5944E+04  1.5944E+04  1.8969E-01
7.1250E-05  1.3963E+04  1.3963E+04  1.9029E-01
7.5000E-05  1.2556E+04  1.2555E+04  1.9091E-01
7.8750E-05  1.1262E+04  1.1261E+04  1.9156E-01
8.2500E-05  1.0097E+04  1.0097E+04  1.9224E-01
8.6250E-05  9.1433E+03  9.1431E+03  1.9294E-01
9.0000E-05  8.3250E+03  8.3248E+03  1.9366E-01
9.3750E-05  7.6222E+03  7.6220E+03  1.9440E-01
9.7500E-05  7.1070E+03  7.1068E+03  1.9517E-01
1.0125E-04  7.3910E+03  7.3908E+03  1.9595E-01
1.0500E-04  6.0045E+03  6.0043E+03  1.9675E-01
1.0875E-04  5.7558E+03  5.7556E+03  1.9758E-01
1.1250E-04  5.1767E+03  5.1765E+03  1.9842E-01
1.1625E-04  4.7554E+03  4.7552E+03  1.9927E-01
1.2000E-04  4.4226E+03  4.4224E+03  2.0015E-01
1.2375E-04  4.1291E+03  4.1289E+03  2.0103E-01
1.2750E-04  3.9685E+03  3.9683E+03  2.0194E-01
1.3125E-04  3.6254E+03  3.6252E+03  2.0285E-01
1.3500E-04  3.4092E+03  3.4090E+03  2.0378E-01
1.3875E-04  3.2424E+03  3.2422E+03  2.0472E-01
1.4250E-04  3.1195E+03  3.1193E+03  2.0567E-01
1.4625E-04  2.8763E+03  2.8761E+03  2.0663E-01
1.5000E-04  2.7101E+03  2.7099E+03  2.0760E-01
1.5375E-04  2.5657E+03  2.5655E+03  2.0858E-01
1.5750E-04  2.4400E+03  2.4398E+03  2.0957E-01
1.6125E-04  2.3520E+03  2.3518E+03  2.1056E-01
1.6500E-04  3.1760E+03  3.1758E+03  2.1156E-01
1.6875E-04  2.2762E+03  2.2760E+03  2.1257E-01
1.7250E-04  2.0214E+03  2.0212E+03  2.1359E-01
1.7625E-04  1.9148E+03  1.9146E+03  2.1460E-01
1.8000E-04  1.8276E+03  1.8273E+03  2.1562E-01
1.8375E-04  1.7438E+03  1.7436E+03  2.1665E-01
1.8750E-04  1.6590E+03  1.6587E+03  2.1768E-01
1.9125E-04  1.5871E+03  1.5869E+03  2.1871E-01
1.9500E-04  1.5203E+03  1.5201E+03  2.1974E-01
1.9875E-04  1.4582E+03  1.4580E+03  2.2078E-01
2.0250E-04  1.4020E+03  1.4018E+03  2.2181E-01
2.0625E-04  1.3618E+03  1.3616E+03  2.2285E-01
2.1000E-04  1.5101E+03  1.5099E+03  2.2389E-01
2.1375E-04  1.2710E+03  1.2708E+03  2.2493E-01
2.1750E-04  1.2078E+03  1.2076E+03  2.2596E-01
2.2125E-04  1.1601E+03  1.1598E+03  2.2700E-01
2.2500E-04  1.1169E+03  1.1167E+03  2.2803E-01
2.2875E-04  1.0768E+03  1.0766E+03  2.2906E-01
2.3250E-04  1.0399E+03  1.0397E+03  2.3010E-01
2.3625E-04  1.0079E+03  1.0077E+03  2.3112E-01
2.4000E-04  9.9790E+02  9.9767E+02  2.3215E-01
2.4375E-04  9.6789E+02  9.6766E+02  2.3317E-01
2.4750E-04  9.1323E+02  9.1299E+02  2.3419E-01
2.5125E-04  8.8106E+02  8.8082E+02  2.3521E-01
2.5500E-04  8.5416E+02  8.5392E+02  2.3622E-01
2.5875E-04  8.3622E+02  8.3599E+02  2.3723E-01
2.6250E-04  8.2255E+02  8.2232E+02  2.3823E-01
2.6625E-04  1.6854E+03  1.6851E+03  2.3923E-01
2.7000E-04  7.8560E+02  7.8536E+02  2.4023E-01
2.7375E-04  7.4183E+02  7.4159E+02  2.4122E-01
2.7750E-04  7.1790E+02  7.1765E+02  2.4220E-01
2.8125E-04  7.0511E+02  7.0487E+02  2.4319E-01
2.8500E-04  6.8631E+02  6.8606E+02  2.4416E-01
2.8875E-04  6.6611E+02  6.6587E+02  2.4513E-01
2.9250E-04  6.5067E+02  6.5043E+02  2.4610E-01
2.9625E-04  6.3126E+02  6.3102E+02  2.4706E-01
3.0000E-04  6.1926E+02  6.1901E+02  2.4801E-01
3.0375E-04  6.5390E+02  6.5366E+02  2.4896E-01
3.0750E-04  7.6274E+02  7.6249E+02  2.4990E-01
3.1125E-04  5.8378E+02  5.8353E+02  2.5083E-01
3.1500E-04  5.5295E+02  5.5270E+02  2.5176E-01
3.1875E-04  5.3667E+02  5.3642E+02  2.5268E-01
3.2250E-04  5.2315E+02  5.2290E+02  2.5360E-01
3.2625E-04  5.1425E+02  5.1400E+02  2.5451E-01
3.3000E-04  5.6023E+02  5.5998E+02  2.5541E-01
3.3375E-04  5.2840E+02  5.2815E+02  2.5631E-01
3.3750E-04  4.7591E+02  4.7566E+02  2.5720E-01
3.4125E-04  4.8048E+02  4.8022E+02  2.5809E-01
3.4500E-04  4.4725E+02  4.4699E+02  2.5896E-01
3.4875E-04  4.3601E+02  4.3575E+02  2.5983E-01
3.5250E-04  4.2517E+02  4.2491E+02  2.6070E-01
3.5625E-04  4.1494E+02  4.1468E+02  2.6156E-01
3.6000E-04  4.0530E+02  4.0504E+02  2.6241E-01
3.6375E-04  3.9629E+02  3.9603E+02  2.6325E-01
3.6750E-04  3.8839E+02  3.8812E+02  2.6409E-01
3.7125E-04  3.8425E+02  3.8398E+02  2.6492E-01
3.7500E-04  4.2398E+02  4.2371E+02  2.6574E-01
3.7875E-04  3.8588E+02  3.8562E+02  2.6656E-01
3.8250E-04  3.5818E+02  3.5791E+02  2.6737E-01
3.8625E-04  3.4772E+02  3.4745E+02  2.6817E-01
3.9000E-04  3.3971E+02  3.3945E+02  2.6896E-01
3.9375E-04  3.3280E+02  3.3253E+02  2.6975E-01
3.9750E-04  3.2675E+02  3.2648E+02  2.7053E-01
4.0125E-04  5.2058E+02  5.2031E+02  2.7131E-01
4.0500E-04  3.2321E+02  3.2293E+02  2.7208E-01
4.0875E-04  3.4439E+02  3.4411E+02  2.7284E-01
4.1250E-04  3.0777E+02  3.0750E+02  2.7360E-01
4.1625E-04  2.9776E+02  2.9748E+02  2.7434E-01
4.2000E-04  2.9170E+02  2.9143E+02  2.7509E-01
4.2375E-04  2.8665E+02  2.8638E+02  2.7582E-01
4.2750E-04  2.8212E+02  2.8185E+02  2.7655E-01
4.3125E-04  2.7768E+02  2.7740E+02  2.7727E-01
4.3500E-04  2.7368E+02  2.7341E+02  2.7799E-01
4.3875E-04  3.2451E+02  3.2423E+02  2.7870E-01
4.4250E-04  2.6541E+02  2.6513E+02  2.7940E-01
4.4625E-04  2.6071E+02  2.6043E+02  2.8009E-01
4.5000E-04  2.5611E+02  2.5583E+02  2.8078E-01
4.5375E-04  2.5162E+02  2.5134E+02  2.8147E-01
4.5750E-04  2.4741E+02  2.4713E+02  2.8214E-01
4.6125E-04  2.4348E+02  2.4319E+02  2.8281E-01
4.6500E-04  2.4091E+02  2.4063E+02  2.8348E-01
4.6875E-04  2.4640E+02  2.4611E+02  2.8413E-01
4.7250E-04  2.8169E+03  2.8166E+03  2.8479E-01
4.7625E-04  2.4104E+02  2.4075E+02  2.8543E-01
4.8000E-04  2.2479E+02  2.2450E+02  2.8607E-01
4.8375E-04  2.1887E+02  2.1858E+02  2.8670E-01
4.8750E-04  2.1447E+02  2.1418E+02  2.8733E-01
4.9125E-04  2.1043E+02  2.1014E+02  2.8795E-01
4.9500E-04  2.0664E+02  2.0636E+02  2.8857E-01
4.9875E-04  2.0304E+02  2.0275E+02  2.8918E-01
5.0250E-04  1.9953E+02  1.9924E+02  2.8978E-01
5.0625E-04  1.9624E+02  1.9595E+02  2.9038E-01
5.1000E-04  1.9307E+02  1.9278E+02  2.9097E-01
5.1375E-04  1.8961E+02  1.8932E+02  2.9156E-01
5.1750E-04  1.8644E+02  1.8615E+02  2.9214E-01
5.2125E-04  1.8337E+02  1.8307E+02  2.9272E-01
5.2500E-04  1.8037E+02  1.8008E+02  2.9329E-01
5.2875E-04  1.7745E+02  1.7716E+02  2.9385E-01
5.3250E-04  1.7461E+02  1.7431E+02  2.9441E-01
5.3625E-04  1.7183E+02  1.7153E+02  2.9496E-01
5.4000E-04  1.6915E+02  1.6886E+02  2.9551E-01
5.4375E-04  1.6651E+02  1.6622E+02  2.9606E-01
5.4750E-04  1.6403E+02  1.6373E+02  2.9659E-01
5.5125E-04  1.6159E+02  1.6129E+02  2.9713E-01
5.5500E-04  1.5929E+02  1.5899E+02  2.9765E-01
5.5875E-04  1.5719E+02  1.5689E+02  2.9818E-01
5.6250E-04  1.5562E+02  1.5533E+02  2.9869E-01
5.6625E-04  1.6678E+02  1.6648E+02  2.9921E-01
5.7000E-04  1.6883E+02  1.6853E+02  2.9971E-01
5.7375E-04  2.5334E+02  2.5304E+02  3.0022E-01
5.7750E-04  1.5552E+02  1.5522E+02  3.0071E-01
5.8125E-04  1.4549E+02  1.4519E+02  3.0121E-01
5.8500E-04  1.4336E+02  1.4306E+02  3.0169E-01
5.8875E-04  1.3993E+02  1.3963E+02  3.0218E-01
5.9250E-04  1.3776E+02  1.3746E+02  3.0266E-01
5.9625E-04  1.3581E+02  1.3550E+02  3.0313E-01
6.0000E-04  1.3432E+02  1.3402E+02  3.0360E-01
6.0375E-04  1.3202E+02  1.3171E+02  3.0407E-01
6.0750E-04  1.3051E+02  1.3021E+02  3.0453E-01
6.1125E-04  1.2855E+02  1.2825E+02  3.0498E-01
6.1500E-04  1.2683E+02  1.2652E+02  3.0543E-01
6.1875E-04  1.2516E+02  1.2486E+02  3.0588E-01
6.2250E-04  1.2370E+02  1.2339E+02  3.0632E-01
6.2625E-04  1.2251E+02  1.2220E+02  3.0676E-01
6.3000E-04  1.2208E+02  1.2177E+02  3.0720E-01
6.3375E-04  1.2614E+02  1.2583E+02  3.0763E-01
6.3750E-04  2.9454E+02  2.9423E+02  3.0806E-01
6.4125E-04  1.2668E+02  1.2638E+02  3.0848E-01
6.4500E-04  1.1736E+02  1.1705E+02  3.0890E-01
6.4875E-04  1.1451E+02  1.1421E+02  3.0931E-01
6.5250E-04  1.1360E+02  1.1329E+02  3.0972E-01
6.5625E-04  1.1587E+02  1.1556E+02  3.1013E-01
6.6000E-04  1.8734E+02  1.8703E+02  3.1053E-01
6.6375E-04  1.3820E+02  1.3789E+02  3.1093E-01
6.6750E-04  1.1524E+02  1.1493E+02  3.1132E-01
6.7125E-04  1.0960E+02  1.0929E+02  3.1171E-01
6.7500E-04  1.0696E+02  1.0665E+02  3.1210E-01
6.7875E-04  1.1163E+02  1.1132E+02  3.1249E-01
6.8250E-04  1.7878E+02  1.7847E+02  3.1287E-01
6.8625E-04  1.0790E+02  1.0759E+02  3.1324E-01
6.9000E-04  1.0117E+02  1.0086E+02  3.1362E-01
6.9375E-04  9.8695E+01  9.8381E+01  3.1399E-01
6.9750E-04  9.7231E+01  9.6916E+01  3.1435E-01
7.0125E-04  9.6180E+01  9.5865E+01  3.1471E-01
7.0500E-04  9.5624E+01  9.5309E+01  3.1507E-01
7.0875E-04  9.6397E+01  9.6082E+01  3.1543E-01
7.1250E-04  1.0603E+02  1.0571E+02  3.1578E-01
7.1625E-04  1.0482E+02  1.0451E+02  3.1613E-01
7.2000E-04  9.4448E+01  9.4131E+01  3.1648E-01
7.2375E-04  9.1881E+01  9.1565E+01  3.1682E-01
7.2750E-04  9.0950E+01  9.0633E+01  3.1716E-01
7.3125E-04  9.0413E+01  9.0096E+01  3.1750E-01
7.3500E-04  9.0068E+01  8.9750E+01  3.1783E-01
7.3875E-04  8.9673E+01  8.9355E+01  3.1816E-01
7.4250E-04  8.9344E+01  8.9025E+01  3.1849E-01
7.4625E-04  8.9793E+01  8.9475E+01  3.1881E-01
7.5000E-04  8.8692E+01  8.8372E+01  3.1913E-01
7.5375E-04  8.7525E+01  8.7206E+01  3.1945E-01
7.5750E-04  8.6529E+01  8.6210E+01  3.1977E-01
7.6125E-04  8.5566E+01  8.5246E+01  3.2008E-01
7.6500E-04  8.4601E+01  8.4281E+01  3.2039E-01
7.6875E-04  8.3654E+01  8.3334E+01  3.2069E-01
7.7250E-04  8.2748E+01  8.2427E+01  3.2100E-01
7.7625E-04  8.1804E+01  8.1483E+01  3.2130E-01
7.8000E-04  8.0902E+01  8.0580E+01  3.2160E-01
7.8375E-04  8.0016E+01  7.9694E+01  3.2189E-01
7.8750E-04  7.9149E+01  7.8827E+01  3.2219E-01
7.9125E-04  7.8289E+01  7.7966E+01  3.2248E-01
7.9500E-04  7.7412E+01  7.7089E+01  3.2277E-01
7.9875E-04  7.6570E+01  7.6247E+01  3.2305E-01
8.0250E-04  7.5746E+01  7.5423E+01  3.2333E-01
8.0625E-04  7.4930E+01  7.4606E+01  3.2361E-01
8.1000E-04  7.4132E+01  7.3808E+01  3.2389E-01
8.1375E-04  7.3368E+01  7.3044E+01  3.2417E-01
8.1750E-04  7.2586E+01  7.2261E+01  3.2444E-01
8.2125E-04  7.1793E+01  7.1468E+01  3.2471E-01
8.2500E-04  7.1041E+01  7.0716E+01  3.2498E-01
8.2875E-04  7.0307E+01  6.9982E+01  3.2524E-01
8.3250E-04  6.9621E+01  6.9296E+01  3.2551E-01
8.3625E-04  6.9010E+01  6.8684E+01  3.2577E-01
8.4000E-04  8.7764E+01  8.7438E+01  3.2602E-01
8.4375E-04  6.7587E+01  6.7261E+01  3.2628E-01
8.4750E-04  6.6796E+01  6.6470E+01  3.2654E-01
8.5125E-04  6.6124E+01  6.5798E+01  3.2679E-01
8.5500E-04  6.5510E+01  6.5183E+01  3.2704E-01
8.5875E-04  6.4777E+01  6.4449E+01  3.2728E-01
8.6250E-04  6.4133E+01  6.3806E+01  3.2753E-01
8.6625E-04  6.3525E+01  6.3197E+01  3.2777E-01
8.7000E-04  6.2871E+01  6.2543E+01  3.2801E-01
8.7375E-04  6.2379E+01  6.2051E+01  3.2825E-01
8.7750E-04  6.1666E+01  6.1338E+01  3.2849E-01
8.8125E-04  6.1077E+01  6.0749E+01  3.2872E-01
8.8500E-04  6.0477E+01  6.0148E+01  3.2896E-01
8.8875E-04  5.9905E+01  5.9575E+01  3.2919E-01
8.9250E-04  5.9342E+01  5.9012E+01  3.2942E-01
8.9625E-04  5.8800E+01  5.8470E+01  3.2964E-01
9.0000E-04  5.8278E+01  5.7948E+01  3.2987E-01
9.0375E-04  5.8041E+01  5.7711E+01  3.3009E-01
9.0750E-04  5.7213E+01  5.6883E+01  3.3031E-01
9.1125E-04  5.6751E+01  5.6421E+01  3.3053E-01
9.1500E-04  5.6175E+01  5.5844E+01  3.3075E-01
9.1875E-04  5.5677E+01  5.5346E+01  3.3096E-01
9.2250E-04  5.5177E+01  5.4846E+01  3.3118E-01
9.2625E-04  5.4708E+01  5.4377E+01  3.3139E-01
9.3000E-04  5.4207E+01  5.3875E+01  3.3160E-01
9.3375E-04  5.3732E+01  5.3400E+01  3.3181E-01
9.3750E-04  5.3293E+01  5.2961E+01  3.3201E-01
9.4125E-04  5.2835E+01  5.2503E+01  3.3222E-01
9.4500E-04  5.2418E+01  5.2086E+01  3.3242E-01
9.4875E-04  5.2047E+01  5.1714E+01  3.3262E-01
9.5250E-04  5.1759E+01  5.1426E+01  3.3282E-01
9.5625E-04  5.1661E+01  5.1328E+01  3.3302E-01
9.6000E-04  5.2102E+01  5.1769E+01  3.3322E-01
9.6375E-04  5.6570E+01  5.6237E+01  3.3341E-01
9.6750E-04  5.5940E+03  5.5937E+03  3.3360E-01
9.7125E-04  5.6151E+01  5.5818E+01  3.3380E-01
9.7500E-04  5.1266E+01  5.0932E+01  3.3399E-01
9.7875E-04  4.9373E+01  4.9039E+01  3.3417E-01
9.8250E-04  4.9698E+01  4.9364E+01  3.3436E-01
9.8625E-04  5.5005E+01  5.4671E+01  3.3455E-01
9.9000E-04  4.7395E+01  4.7060E+01  3.3473E-01
9.9375E-04  4.6925E+01  4.6590E+01  3.3491E-01
9.9750E-04  4.6497E+01  4.6162E+01  3.3509E-01
1.0012E-03  4.6099E+01  4.5764E+01  3.3527E-01
1.0050E-03  4.5721E+01  4.5385E+01  3.3545E-01
1.0088E-03  4.5319E+01  4.4983E+01  3.3563E-01
1.0125E-03  4.4942E+01  4.4607E+01  3.3580E-01
1.0163E-03  4.4550E+01  4.4214E+01  3.3598E-01
1.0200E-03  4.4192E+01  4.3856E+01  3.3615E-01
1.0237E-03  4.3820E+01  4.3484E+01  3.3632E-01
1.0275E-03  4.3462E+01  4.3125E+01  3.3649E-01
1.0313E-03  4.3110E+01  4.2773E+01  3.3666E-01
1.0350E-03  4.2759E+01  4.2422E+01  3.3682E-01
1.0387E-03  4.2438E+01  4.2101E+01  3.3699E-01
1.0425E-03  4.2145E+01  4.1808E+01  3.3715E-01
1.0463E-03  4.1751E+01  4.1414E+01  3.3732E-01
1.0500E-03  4.1429E+01  4.1092E+01  3.3748E-01
1.0537E-03  4.1299E+01  4.0961E+01  3.3764E-01
1.0575E-03  4.0938E+01  4.0600E+01  3.3780E-01
1.0613E-03  4.0525E+01  4.0187E+01  3.3796E-01
1.0650E-03  4.1758E+01  4.1420E+01  3.3811E-01
1.0688E-03  4.0280E+01  3.9942E+01  3.3827E-01
1.0725E-03  3.9540E+01  3.9202E+01  3.3842E-01
1.0763E-03  3.9192E+01  3.8853E+01  3.3858E-01
1.0800E-03  3.8874E+01  3.8535E+01  3.3873E-01
1.0838E-03  3.8572E+01  3.8233E+01  3.3888E-01
1.0875E-03  3.8283E+01  3.7944E+01  3.3903E-01
1.0912E-03  3.7958E+01  3.7619E+01  3.3918E-01
1.0950E-03  3.7674E+01  3.7335E+01  3.3932E-01
1.0988E-03  3.7389E+01  3.7050E+01  3.3947E-01
1.1025E-03  3.7116E+01  3.6777E+01  3.3961E-01
1.1063E-03  3.6863E+01  3.6523E+01  3.3976E-01
1.1100E-03  3.6759E+01  3.6419E+01  3.3990E-01
1.1138E-03  3.6441E+01  3.6101E+01  3.4004E-01
1.1175E-03  3.6307E+01  3.5966E+01  3.4018E-01
1.1213E-03  3.6210E+01  3.5870E+01  3.4032E-01
1.1250E-03  3.6476E+01  3.6135E+01  3.4046E-01
1.1287E-03  3.8372E+01  3.8031E+01  3.4060E-01
1.1325E-03  8.0636E+01  8.0295E+01  3.4073E-01
1.1362E-03  4.8751E+01  4.8410E+01  3.4087E-01
1.1400E-03  3.6814E+01  3.6473E+01  3.4100E-01
1.1438E-03  3.6118E+01  3.5777E+01  3.4114E-01
1.1475E-03  3.4426E+01  3.4085E+01  3.4127E-01
1.1512E-03  3.4004E+01  3.3662E+01  3.4140E-01
1.1550E-03  3.3714E+01  3.3372E+01  3.4153E-01
1.1588E-03  3.3349E+01  3.3007E+01  3.4166E-01
1.1625E-03  3.3151E+01  3.2810E+01  3.4179E-01
1.1662E-03  3.2816E+01  3.2474E+01  3.4192E-01
1.1700E-03  3.2555E+01  3.2212E+01  3.4204E-01
1.1737E-03  3.2315E+01  3.1973E+01  3.4217E-01
1.1775E-03  3.2857E+01  3.2515E+01  3.4229E-01
1.1813E-03  3.3061E+01  3.2719E+01  3.4242E-01
1.1850E-03  3.1633E+01  3.1290E+01  3.4254E-01
1.1887E-03  3.1407E+01  3.1064E+01  3.4266E-01
1.1925E-03  3.1198E+01  3.0855E+01  3.4278E-01
1.1963E-03  3.0985E+01  3.0642E+01  3.4290E-01
1.2000E-03  3.0783E+01  3.0440E+01  3.4302E-01
1.2037E-03  3.0605E+01  3.0261E+01  3.4314E-01
1.2075E-03  3.0409E+01  3.0066E+01  3.4326E-01
1.2113E-03  3.0249E+01  2.9905E+01  3.4337E-01
1.2150E-03  3.0131E+01  2.9788E+01  3.4349E-01
1.2187E-03  3.0131E+01  2.9788E+01  3.4361E-01
1.2225E-03  3.3965E+01  3.3621E+01  3.4372E-01
1.2263E-03  3.1711E+01  3.1367E+01  3.4383E-01
1.2300E-03  3.4015E+01  3.3671E+01  3.4395E-01
1.2338E-03  2.5591E+02  2.5557E+02  3.4406E-01
1.2375E-03  3.7157E+01  3.6813E+01  3.4417E-01
1.2412E-03  3.0573E+01  3.0229E+01  3.4428E-01
1.2450E-03  2.9330E+01  2.8985E+01  3.4439E-01
1.2488E-03  2.8598E+01  2.8254E+01  3.4450E-01
1.2525E-03  2.8354E+01  2.8009E+01  3.4460E-01
1.2562E-03  2.8088E+01  2.7743E+01  3.4471E-01
1.2600E-03  2.7934E+01  2.7589E+01  3.4482E-01
1.2638E-03  2.7574E+01  2.7229E+01  3.4492E-01
1.2675E-03  2.7390E+01  2.7045E+01  3.4503E-01
1.2713E-03  2.7235E+01  2.6890E+01  3.4513E-01
1.2750E-03  2.7350E+01  2.7005E+01  3.4524E-01
1.2788E-03  2.7014E+01  2.6669E+01  3.4534E-01
1.2825E-03  2.6887E+01  2.6541E+01  3.4544E-01
1.2863E-03  2.6942E+01  2.6596E+01  3.4554E-01
1.2900E-03  2.7245E+01  2.6899E+01  3.4564E-01
1.2938E-03  2.8874E+01  2.8528E+01  3.4574E-01
1.2975E-03  4.9689E+01  4.9343E+01  3.4584E-01
1.3013E-03  4.2472E+01  4.2126E+01  3.4594E-01
1.3050E-03  2.8358E+01  2.8012E+01  3.4604E-01
1.3088E-03  2.7422E+01  2.7076E+01  3.4614E-01
1.3125E-03  2.6028E+01  2.5682E+01  3.4623E-01
1.3162E-03  2.5658E+01  2.5312E+01  3.4633E-01
1.3200E-03  2.5712E+01  2.5365E+01  3.4642E-01
1.3238E-03  2.8127E+01  2.7780E+01  3.4652E-01
1.3275E-03  2.7071E+01  2.6725E+01  3.4661E-01
1.3312E-03  2.7748E+01  2.7401E+01  3.4670E-01
1.3350E-03  2.5828E+01  2.5481E+01  3.4680E-01
1.3387E-03  2.7553E+01  2.7206E+01  3.4689E-01
1.3425E-03  4.7393E+01  4.7046E+01  3.4698E-01
1.3463E-03  3.4781E+01  3.4434E+01  3.4707E-01
1.3500E-03  2.6390E+01  2.6043E+01  3.4716E-01
1.3537E-03  2.5323E+01  2.4976E+01  3.4725E-01
1.3575E-03  2.4599E+01  2.4252E+01  3.4734E-01
1.3613E-03  2.4447E+01  2.4100E+01  3.4743E-01
1.3650E-03  2.4636E+01  2.4288E+01  3.4752E-01
1.3687E-03  2.5306E+01  2.4958E+01  3.4760E-01
1.3725E-03  2.8851E+01  2.8503E+01  3.4769E-01
1.3763E-03  4.1681E+01  4.1333E+01  3.4778E-01
1.3800E-03  2.7288E+01  2.6940E+01  3.4786E-01
1.3837E-03  2.5519E+01  2.5171E+01  3.4795E-01
1.3875E-03  2.5353E+01  2.5005E+01  3.4803E-01
1.3912E-03  2.5373E+01  2.5025E+01  3.4812E-01
1.3950E-03  2.5550E+01  2.5202E+01  3.4820E-01
1.3988E-03  2.5981E+01  2.5633E+01  3.4828E-01
1.4025E-03  2.6130E+01  2.5782E+01  3.4836E-01
1.4062E-03  2.6379E+01  2.6030E+01  3.4844E-01
1.4100E-03  2.6595E+01  2.6247E+01  3.4853E-01
1.4138E-03  2.6535E+01  2.6186E+01  3.4861E-01
1.4175E-03  2.6319E+01  2.5970E+01  3.4869E-01
1.4212E-03  2.6203E+01  2.5855E+01  3.4877E-01
1.4250E-03  2.6038E+01  2.5689E+01  3.4885E-01
1.4288E-03  2.5835E+01  2.5486E+01  3.4892E-01
1.4325E-03  2.5816E+01  2.5467E+01  3.4900E-01
1.4363E-03  2.5562E+01  2.5213E+01  3.4908E-01
1.4400E-03  2.5331E+01  2.4982E+01  3.4916E-01
1.4438E-03  2.5458E+01  2.5108E+01  3.4923E-01
1.4475E-03  2.5006E+01  2.4657E+01  3.4931E-01
1.4513E-03  2.4863E+01  2.4513E+01  3.4938E-01
1.4550E-03  2.4718E+01  2.4368E+01  3.4946E-01
1.4587E-03  2.4572E+01  2.4223E+01  3.4953E-01
1.4625E-03  2.4449E+01  2.4099E+01  3.4961E-01
1.4663E-03  2.4425E+01  2.4075E+01  3.4968E-01
1.4700E-03  2.4147E+01  2.3797E+01  3.4975E-01
1.4738E-03  2.3987E+01  2.3637E+01  3.4983E-01
1.4775E-03  2.3848E+01  2.3498E+01  3.4990E-01
1.4813E-03  2.3799E+01  2.3449E+01  3.4997E-01
1.4850E-03  2.3585E+01  2.3235E+01  3.5004E-01
1.4888E-03  2.3617E+01  2.3267E+01  3.5011E-01
1.4925E-03  2.3304E+01  2.2953E+01  3.5018E-01
1.4963E-03  2.3168E+01  2.2818E+01  3.5025E-01
1.5000E-03  2.3073E+01  2.2722E+01  3.5032E-01
1.5037E-03  2.3718E+01  2.3368E+01  3.5039E-01
1.5075E-03  2.3470E+01  2.3119E+01  3.5046E-01
1.5113E-03  2.2707E+01  2.2357E+01  3.5053E-01
1.5150E-03  2.2500E+01  2.2149E+01  3.5060E-01
1.5187E-03  2.2360E+01  2.2009E+01  3.5067E-01
1.5225E-03  2.2232E+01  2.1881E+01  3.5073E-01
1.5263E-03  2.2118E+01  2.1767E+01  3.5080E-01
1.5300E-03  2.1995E+01  2.1644E+01  3.5087E-01
1.5337E-03  2.1853E+01  2.1502E+01  3.5093E-01
1.5375E-03  2.1851E+01  2.1500E+01  3.5100E-01
1.5413E-03  2.1615E+01  2.1264E+01  3.5106E-01
1.5450E-03  2.1490E+01  2.1139E+01  3.5113E-01
1.5487E-03  2.1378E+01  2.1026E+01  3.5119E-01
1.5525E-03  2.1323E+01  2.0972E+01  3.5125E-01
1.5563E-03  2.1143E+01  2.0792E+01  3.5132E-01
1.5600E-03  2.1027E+01  2.0675E+01  3.5138E-01
1.5638E-03  2.0955E+01  2.0604E+01  3.5144E-01
1.5675E-03  2.0807E+01  2.0455E+01  3.5151E-01
1.5713E-03  2.0704E+01  2.0352E+01  3.5157E-01
1.5750E-03  2.0586E+01  2.0235E+01  3.5163E-01
1.5788E-03  2.0482E+01  2.0130E+01  3.5169E-01
1.5825E-03  2.0378E+01  2.0026E+01  3.5175E-01
1.5863E-03  2.0264E+01  1.9912E+01  3.5181E-01
1.5900E-03  2.0166E+01  1.9814E+01  3.5187E-01
1.5938E-03  2.0058E+01  1.9706E+01  3.5193E-01
1.5975E-03  1.9953E+01  1.9601E+01  3.5199E-01
1.6012E-03  1.9851E+01  1.9499E+01  3.5205E-01
1.6050E-03  1.9751E+01  1.9399E+01  3.5211E-01
1.6088E-03  1.9684E+01  1.9331E+01  3.5217E-01
1.6125E-03  1.9576E+01  1.9224E+01  3.5223E-01
1.6162E-03  1.9454E+01  1.9101E+01  3.5228E-01
1.6200E-03  1.9365E+01  1.9012E+01  3.5234E-01
1.6237E-03  1.9268E+01  1.8915E+01  3.5240E-01
1.6275E-03  1.9206E+01  1.8853E+01  3.5245E-01
1.6312E-03  1.9608E+01  1.9255E+01  3.5251E-01
1.6350E-03  1.9222E+01  1.8869E+01  3.5257E-01
1.6388E-03  1.8916E+01  1.8563E+01  3.5262E-01
1.6425E-03  1.8800E+01  1.8448E+01  3.5268E-01
1.6462E-03  1.8728E+01  1.8375E+01  3.5273E-01
1.6500E-03  1.8603E+01  1.8250E+01  3.5279E-01
1.6538E-03  1.8520E+01  1.8167E+01  3.5284E-01
1.6575E-03  1.8415E+01  1.8062E+01  3.5290E-01
1.6612E-03  1.8329E+01  1.7976E+01  3.5295E-01
1.6650E-03  1.8236E+01  1.7883E+01  3.5300E-01
1.6688E-03  1.8150E+01  1.7796E+01  3.5306E-01
1.6725E-03  1.8070E+01  1.7717E+01  3.5311E-01
1.6763E-03  1.8017E+01  1.7664E+01  3.5316E-01
1.6800E-03  1.7900E+01  1.7547E+01  3.5321E-01
1.6838E-03  1.7803E+01  1.7450E+01  3.5327E-01
1.6875E-03  1.7717E+01  1.7363E+01  3.5332E-01
1.6913E-03  1.7632E+01  1.7278E+01  3.5337E-01
1.6950E-03  1.7565E+01  1.7212E+01  3.5342E-01
1.6988E-03  1.7465E+01  1.7111E+01  3.5347E-01
1.7025E-03  1.7388E+01  1.7035E+01  3.5352E-01
1.7062E-03  1.7300E+01  1.6946E+01  3.5357E-01
1.7100E-03  1.7217E+01  1.6864E+01  3.5362E-01
1.7138E-03  1.7143E+01  1.6789E+01  3.5367E-01
1.7175E-03  2.0561E+01  2.0207E+01  3.5372E-01
1.7212E-03  1.6989E+01  1.6635E+01  3.5377E-01
1.7250E-03  1.6917E+01  1.6563E+01  3.5382E-01
1.7288E-03  1.6832E+01  1.6478E+01  3.5387E-01
1.7325E-03  1.6741E+01  1.6387E+01  3.5391E-01
1.7362E-03  1.6665E+01  1.6311E+01  3.5396E-01
1.7400E-03  1.6612E+01  1.6258E+01  3.5401E-01
1.7438E-03  1.6507E+01  1.6153E+01  3.5406E-01
1.7475E-03  1.6432E+01  1.6078E+01  3.5411E-01
1.7512E-03  1.6359E+01  1.6005E+01  3.5415E-01
1.7550E-03  1.6293E+01  1.5939E+01  3.5420E-01
1.7588E-03  1.6215E+01  1.5860E+01  3.5425E-01
1.7625E-03  1.6132E+01  1.5777E+01  3.5429E-01
1.7663E-03  1.6057E+01  1.5703E+01  3.5434E-01
1.7700E-03  1.5988E+01  1.5634E+01  3.5438E-01
1.7738E-03  1.5910E+01  1.5555E+01  3.5443E-01
1.7775E-03  1.5837E+01  1.5482E+01  3.5447E-01
1.7813E-03  1.5764E+01  1.5410E+01  3.5452E-01
1.7850E-03  1.5724E+01  1.5370E+01  3.5456E-01
1.7887E-03  1.5620E+01  1.5265E+01  3.5461E-01
1.7925E-03  1.5548E+01  1.5194E+01  3.5465E-01
1.7963E-03  1.5478E+01  1.5123E+01  3.5470E-01
1.8000E-03  1.5409E+01  1.5054E+01  3.5474E-01
1.8037E-03  1.5343E+01  1.4988E+01  3.5478E-01
1.8075E-03  1.5271E+01  1.4916E+01  3.5483E-01
1.8113E-03  1.5209E+01  1.4854E+01  3.5487E-01
1.8150E-03  1.6436E+01  1.6082E+01  3.5491E-01
1.8187E-03  1.5067E+01  1.4712E+01  3.5495E-01
1.8225E-03  1.5148E+01  1.4793E+01  3.5500E-01
1.8263E-03  1.4932E+01  1.4577E+01  3.5504E-01
1.8300E-03  1.4870E+01  1.4515E+01  3.5508E-01
1.8337E-03  1.4839E+01  1.4484E+01  3.5512E-01
1.8375E-03  1.4784E+01  1.4429E+01  3.5516E-01
1.8413E-03  1.4684E+01  1.4329E+01  3.5521E-01
1.8450E-03  1.4621E+01  1.4266E+01  3.5525E-01
1.8487E-03  1.4566E+01  1.4211E+01  3.5529E-01
1.8525E-03  1.4511E+01  1.4155E+01  3.5533E-01
1.8563E-03  1.4466E+01  1.4110E+01  3.5537E-01
1.8600E-03  1.4431E+01  1.4076E+01  3.5541E-01
1.8637E-03  1.4414E+01  1.4058E+01  3.5545E-01
1.8675E-03  1.4468E+01  1.4112E+01  3.5549E-01
1.8713E-03  1.4494E+01  1.4138E+01  3.5553E-01
1.8750E-03  1.4693E+01  1.4337E+01  3.5557E-01
1.8787E-03  1.5286E+01  1.4930E+01  3.5561E-01
1.8825E-03  1.7452E+01  1.7096E+01  3.5564E-01
1.8863E-03  3.3966E+01  3.3610E+01  3.5568E-01
1.8900E-03  9.8671E+03  9.8668E+03  3.5572E-01
1.8938E-03  2.8405E+01  2.8049E+01  3.5576E-01
1.8975E-03  1.7180E+01  1.6825E+01  3.5580E-01
1.9013E-03  1.4863E+01  1.4508E+01  3.5584E-01
1.9050E-03  1.4200E+01  1.3844E+01  3.5587E-01
1.9088E-03  1.3902E+01  1.3546E+01  3.5591E-01
1.9125E-03  1.3680E+01  1.3324E+01  3.5595E-01
1.9163E-03  1.3554E+01  1.3198E+01  3.5599E-01
1.9200E-03  1.3463E+01  1.3107E+01  3.5602E-01
1.9237E-03  1.3440E+01  1.3084E+01  3.5606E-01
1.9275E-03  1.3391E+01  1.3035E+01  3.5610E-01
1.9313E-03  1.3195E+01  1.2839E+01  3.5613E-01
1.9350E-03  1.3121E+01  1.2765E+01  3.5617E-01
1.9387E-03  1.3055E+01  1.2699E+01  3.5620E-01
1.9425E-03  1.2991E+01  1.2635E+01  3.5624E-01
1.9463E-03  1.2931E+01  1.2575E+01  3.5628E-01
1.9500E-03  1.2871E+01  1.2514E+01  3.5631E-01
1.9538E-03  1.2810E+01  1.2454E+01  3.5635E-01
1.9575E-03  1.2752E+01  1.2396E+01  3.5638E-01
1.9613E-03  1.2693E+01  1.2337E+01  3.5642E-01
1.9650E-03  1.2638E+01  1.2282E+01  3.5645E-01
1.9688E-03  1.2584E+01  1.2228E+01  3.5649E-01
1.9725E-03  1.2531E+01  1.2174E+01  3.5652E-01
1.9762E-03  1.2516E+01  1.2160E+01  3.5655E-01
1.9800E-03  1.2425E+01  1.2069E+01  3.5659E-01
1.9838E-03  1.2394E+01  1.2037E+01  3.5662E-01
1.9875E-03  1.5025E+01  1.4668E+01  3.5666E-01
1.9912E-03  1.2311E+01  1.1955E+01  3.5669E-01
1.9950E-03  1.2216E+01  1.1859E+01  3.5672E-01
1.9988E-03  1.2156E+01  1.1799E+01  3.5676E-01
2.0025E-03  1.2104E+01  1.1747E+01  3.5679E-01
2.0062E-03  1.2058E+01  1.1701E+01  3.5682E-01
2.0100E-03  1.2008E+01  1.1652E+01  3.5685E-01
2.0137E-03  1.1965E+01  1.1608E+01  3.5689E-01
2.0175E-03  1.1900E+01  1.1543E+01  3.5692E-01
2.0213E-03  1.1851E+01  1.1494E+01  3.5695E-01
2.0250E-03  1.1804E+01  1.1447E+01  3.5698E-01
2.0288E-03  1.1755E+01  1.1398E+01  3.5702E-01
2.0325E-03  1.1787E+01  1.1430E+01  3.5705E-01
2.0362E-03  1.1685E+01  1.1328E+01  3.5708E-01
2.0400E-03  1.1609E+01  1.1252E+01  3.5711E-01
2.0437E-03  1.1560E+01  1.1203E+01  3.5714E-01
2.0475E-03  1.1514E+01  1.1157E+01  3.5717E-01
2.0513E-03  1.1469E+01  1.1112E+01  3.5720E-01
2.0550E-03  1.1417E+01  1.1060E+01  3.5724E-01
2.0588E-03  1.1373E+01  1.1016E+01  3.5727E-01
2.0625E-03  1.1332E+01  1.0974E+01  3.5730E-01
2.0662E-03  1.1278E+01  1.0921E+01  3.5733E-01
2.0700E-03  1.1233E+01  1.0876E+01  3.5736E-01
2.0738E-03  1.1189E+01  1.0832E+01  3.5739E-01
2.0775E-03  1.1146E+01  1.0789E+01  3.5742E-01
2.0812E-03  1.1097E+01  1.0739E+01  3.5745E-01
2.0850E-03  1.1051E+01  1.0693E+01  3.5748E-01
2.0888E-03  1.1014E+01  1.0657E+01  3.5751E-01
2.0925E-03  1.0964E+01  1.0606E+01  3.5754E-01
2.0963E-03  1.0947E+01  1.0589E+01  3.5757E-01
2.1000E-03  1.0876E+01  1.0519E+01  3.5759E-01
2.1038E-03  1.0829E+01  1.0471E+01  3.5762E-01
2.1075E-03  1.0785E+01  1.0428E+01  3.5765E-01
2.1112E-03  1.0742E+01  1.0384E+01  3.5768E-01
2.1150E-03  1.0699E+01  1.0342E+01  3.5771E-01
2.1187E-03  1.0659E+01  1.0302E+01  3.5774E-01
2.1225E-03  1.0615E+01  1.0257E+01  3.5777E-01
2.1263E-03  1.0570E+01  1.0213E+01  3.5779E-01
2.1300E-03  1.0529E+01  1.0171E+01  3.5782E-01
2.1338E-03  1.0486E+01  1.0129E+01  3.5785E-01
2.1375E-03  1.1241E+01  1.0883E+01  3.5788E-01
2.1412E-03  1.0468E+01  1.0110E+01  3.5791E-01
2.1450E-03  1.0364E+01  1.0006E+01  3.5793E-01
2.1488E-03  1.0321E+01  9.9635E+00  3.5796E-01
2.1525E-03  1.0283E+01  9.9248E+00  3.5799E-01
2.1563E-03  1.0238E+01  9.8796E+00  3.5801E-01
2.1600E-03  1.0197E+01  9.8392E+00  3.5804E-01
2.1637E-03  1.0156E+01  9.7979E+00  3.5807E-01
2.1675E-03  1.0119E+01  9.7608E+00  3.5810E-01
2.1713E-03  1.0089E+01  9.7305E+00  3.5812E-01
2.1750E-03  1.0041E+01  9.6828E+00  3.5815E-01
2.1787E-03  1.0029E+01  9.6708E+00  3.5818E-01
2.1825E-03  9.9642E+00  9.6060E+00  3.5820E-01
2.1863E-03  9.9259E+00  9.5677E+00  3.5823E-01
2.1900E-03  9.8834E+00  9.5252E+00  3.5825E-01
2.1937E-03  9.8496E+00  9.4913E+00  3.5828E-01
2.1975E-03  9.8177E+00  9.4593E+00  3.5831E-01
2.2013E-03  9.8013E+00  9.4430E+00  3.5833E-01
2.2050E-03  9.7941E+00  9.4357E+00  3.5836E-01
2.2087E-03  1.2234E+01  1.1875E+01  3.5838E-01
2.2125E-03  9.7926E+00  9.4342E+00  3.5841E-01
2.2162E-03  9.6438E+00  9.2854E+00  3.5843E-01
2.2200E-03  9.5901E+00  9.2317E+00  3.5846E-01
2.2238E-03  9.5514E+00  9.1929E+00  3.5848E-01
2.2275E-03  9.5117E+00  9.1532E+00  3.5851E-01
2.2313E-03  9.4727E+00  9.1142E+00  3.5853E-01
2.2350E-03  9.4356E+00  9.0771E+00  3.5856E-01
2.2387E-03  9.3999E+00  9.0413E+00  3.5858E-01
2.2425E-03  9.4038E+00  9.0452E+00  3.5861E-01
2.2462E-03  9.3293E+00  8.9707E+00  3.5863E-01
2.2500E-03  9.2941E+00  8.9354E+00  3.5865E-01
2.2538E-03  9.2647E+00  8.9060E+00  3.5868E-01
2.2575E-03  9.2238E+00  8.8651E+00  3.5870E-01
2.2613E-03  9.1895E+00  8.8308E+00  3.5873E-01
2.2650E-03  9.2120E+00  8.8532E+00  3.5875E-01
2.2687E-03  9.1222E+00  8.7634E+00  3.5877E-01
2.2725E-03  9.0953E+00  8.7365E+00  3.5880E-01
2.2763E-03  9.0576E+00  8.6987E+00  3.5882E-01
2.2800E-03  9.0368E+00  8.6779E+00  3.5884E-01
2.2838E-03  9.0112E+00  8.6523E+00  3.5887E-01
2.2875E-03  9.0660E+00  8.7071E+00  3.5889E-01
2.2913E-03  1.4446E+01  1.4087E+01  3.5891E-01
2.2950E-03  8.9510E+00  8.5920E+00  3.5894E-01
2.2988E-03  8.8863E+00  8.5273E+00  3.5896E-01
2.3025E-03  8.8673E+00  8.5083E+00  3.5898E-01
2.3063E-03  8.8069E+00  8.4479E+00  3.5900E-01
2.3100E-03  8.7908E+00  8.4317E+00  3.5903E-01
2.3137E-03  8.7364E+00  8.3773E+00  3.5905E-01
2.3175E-03  8.6939E+00  8.3348E+00  3.5907E-01
2.3213E-03  8.6634E+00  8.3043E+00  3.5909E-01
2.3250E-03  8.6435E+00  8.2844E+00  3.5912E-01
2.3288E-03  8.6224E+00  8.2632E+00  3.5914E-01
2.3325E-03  8.5676E+00  8.2085E+00  3.5916E-01
2.3363E-03  8.5364E+00  8.1773E+00  3.5918E-01
2.3400E-03  8.5061E+00  8.1469E+00  3.5920E-01
2.3437E-03  8.4739E+00  8.1147E+00  3.5923E-01
2.3475E-03  8.4662E+00  8.1069E+00  3.5925E-01
2.3513E-03  8.4082E+00  8.0489E+00  3.5927E-01
2.3550E-03  8.3790E+00  8.0197E+00  3.5929E-01
2.3588E-03  8.3465E+00  7.9872E+00  3.5931E-01
2.3625E-03  8.3173E+00  7.9579E+00  3.5933E-01
2.3662E-03  8.3141E+00  7.9548E+00  3.5935E-01
2.3700E-03  8.8535E+00  8.4941E+00  3.5937E-01
2.3737E-03  8.2268E+00  7.8674E+00  3.5940E-01
2.3775E-03  8.1999E+00  7.8405E+00  3.5942E-01
2.3813E-03  8.1663E+00  7.8068E+00  3.5944E-01
2.3850E-03  8.1444E+00  7.7850E+00  3.5946E-01
2.3888E-03  8.1123E+00  7.7528E+00  3.5948E-01
2.3925E-03  8.0837E+00  7.7242E+00  3.5950E-01
2.3962E-03  8.0526E+00  7.6931E+00  3.5952E-01
2.4000E-03  8.0242E+00  7.6647E+00  3.5954E-01
2.4038E-03  7.9991E+00  7.6395E+00  3.5956E-01
2.4075E-03  8.0637E+00  7.7042E+00  3.5958E-01
2.4112E-03  7.9704E+00  7.6108E+00  3.5960E-01
2.4150E-03  7.9178E+00  7.5582E+00  3.5962E-01
2.4188E-03  7.9033E+00  7.5436E+00  3.5964E-01
2.4225E-03  7.8569E+00  7.4972E+00  3.5966E-01
2.4263E-03  7.8209E+00  7.4612E+00  3.5968E-01
2.4300E-03  7.7951E+00  7.4354E+00  3.5970E-01
2.4338E-03  7.7696E+00  7.4099E+00  3.5972E-01
2.4375E-03  7.7403E+00  7.3805E+00  3.5974E-01
2.4412E-03  7.7171E+00  7.3573E+00  3.5976E-01
2.4450E-03  7.7079E+00  7.3482E+00  3.5978E-01
2.4487E-03  7.6929E+00  7.3331E+00  3.5980E-01
2.4525E-03  7.6449E+00  7.2851E+00  3.5981E-01
2.4563E-03  7.6064E+00  7.2466E+00  3.5983E-01
2.4600E-03  7.5791E+00  7.2193E+00  3.5985E-01
2.4638E-03  7.5533E+00  7.1935E+00  3.5987E-01
2.4675E-03  7.5285E+00  7.1686E+00  3.5989E-01
2.4712E-03  7.5185E+00  7.1586E+00  3.5991E-01
2.4750E-03  7.6156E+00  7.2557E+00  3.5993E-01
2.4788E-03  7.4588E+00  7.0988E+00  3.5995E-01
2.4825E-03  7.4330E+00  7.0730E+00  3.5997E-01
2.4863E-03  7.4083E+00  7.0483E+00  3.5998E-01
2.4900E-03  7.3876E+00  7.0276E+00  3.6000E-01
2.4938E-03  7.3692E+00  7.0092E+00  3.6002E-01
2.4975E-03  7.3488E+00  6.9888E+00  3.6004E-01
2.5013E-03  7.3437E+00  6.9836E+00  3.6006E-01
2.5050E-03  7.3077E+00  6.9477E+00  3.6007E-01
2.5088E-03  7.2954E+00  6.9353E+00  3.6009E-01
2.5125E-03  7.2844E+00  6.9243E+00  3.6011E-01
2.5162E-03  7.5041E+00  7.1439E+00  3.6013E-01
2.5200E-03  7.2860E+00  6.9259E+00  3.6015E-01
2.5238E-03  7.2994E+00  6.9393E+00  3.6016E-01
2.5275E-03  7.3440E+00  6.9838E+00  3.6018E-01
2.5313E-03  7.4377E+00  7.0775E+00  3.6020E-01
2.5350E-03  7.7440E+00  7.3838E+00  3.6022E-01
2.5387E-03  8.1109E+00  7.7507E+00  3.6023E-01
2.5425E-03  9.4827E+00  9.1225E+00  3.6025E-01
2.5462E-03  1.6497E+01  1.6137E+01  3.6027E-01
2.5500E-03  3.8003E+02  3.7967E+02  3.6029E-01
2.5538E-03  5.3901E+01  5.3540E+01  3.6030E-01
2.5575E-03  1.3083E+01  1.2723E+01  3.6032E-01
2.5613E-03  8.6462E+00  8.2859E+00  3.6034E-01
2.5650E-03  7.7236E+00  7.3632E+00  3.6035E-01
2.5687E-03  7.3379E+00  6.9775E+00  3.6037E-01
2.5725E-03  7.1472E+00  6.7868E+00  3.6039E-01
2.5762E-03  7.0371E+00  6.6767E+00  3.6040E-01
2.5800E-03  6.9542E+00  6.5938E+00  3.6042E-01
2.5838E-03  7.1313E+00  6.7708E+00  3.6044E-01
2.5875E-03  6.8503E+00  6.4898E+00  3.6045E-01
2.5913E-03  6.8095E+00  6.4490E+00  3.6047E-01
2.5950E-03  6.7705E+00  6.4100E+00  3.6049E-01
2.5987E-03  6.9327E+00  6.5722E+00  3.6050E-01
2.6025E-03  6.7463E+00  6.3858E+00  3.6052E-01
2.6063E-03  6.6860E+00  6.3255E+00  3.6054E-01
2.6100E-03  6.6659E+00  6.3054E+00  3.6055E-01
2.6137E-03  6.6376E+00  6.2770E+00  3.6057E-01
2.6175E-03  6.6139E+00  6.2533E+00  3.6058E-01
2.6213E-03  6.6152E+00  6.2546E+00  3.6060E-01
2.6250E-03  6.5647E+00  6.2041E+00  3.6062E-01
2.6288E-03  6.5510E+00  6.1904E+00  3.6063E-01
2.6325E-03  6.5284E+00  6.1677E+00  3.6065E-01
2.6363E-03  6.6024E+00  6.2417E+00  3.6066E-01
2.6400E-03  6.5772E+00  6.2165E+00  3.6068E-01
2.6437E-03  7.1395E+00  6.7788E+00  3.6069E-01
2.6475E-03  7.1181E+00  6.7574E+00  3.6071E-01
2.6512E-03  6.5330E+00  6.1723E+00  3.6073E-01
2.6550E-03  6.5316E+00  6.1709E+00  3.6074E-01
2.6588E-03  6.3916E+00  6.0309E+00  3.6076E-01
2.6625E-03  6.3634E+00  6.0026E+00  3.6077E-01
2.6663E-03  6.3825E+00  6.0218E+00  3.6079E-01
2.6700E-03  6.3092E+00  5.9484E+00  3.6080E-01
2.6737E-03  6.2882E+00  5.9274E+00  3.6082E-01
2.6775E-03  6.2686E+00  5.9077E+00  3.6083E-01
2.6813E-03  6.2473E+00  5.8865E+00  3.6085E-01
2.6850E-03  6.2332E+00  5.8724E+00  3.6086E-01
2.6888E-03  6.2063E+00  5.8455E+00  3.6088E-01
2.6925E-03  6.1869E+00  5.8260E+00  3.6089E-01
2.6963E-03  6.1766E+00  5.8157E+00  3.6091E-01
2.7000E-03  6.1554E+00  5.7945E+00  3.6092E-01
2.7037E-03  6.1841E+00  5.8232E+00  3.6094E-01
2.7075E-03  6.2312E+00  5.8702E+00  3.6095E-01
2.7113E-03  6.1057E+00  5.7447E+00  3.6096E-01
2.7150E-03  6.0750E+00  5.7141E+00  3.6098E-01
2.7188E-03  6.0602E+00  5.6992E+00  3.6099E-01
2.7225E-03  6.0921E+00  5.7311E+00  3.6101E-01
2.7262E-03  7.0084E+00  6.6474E+00  3.6102E-01
2.7300E-03  9.8356E+00  9.4746E+00  3.6104E-01
2.7338E-03  6.0377E+00  5.6766E+00  3.6105E-01
2.7375E-03  6.0025E+00  5.6414E+00  3.6106E-01
2.7412E-03  5.9623E+00  5.6012E+00  3.6108E-01
2.7450E-03  5.9302E+00  5.5691E+00  3.6109E-01
2.7487E-03  5.9234E+00  5.5623E+00  3.6111E-01
2.7525E-03  6.2017E+00  5.8406E+00  3.6112E-01
2.7563E-03  5.8749E+00  5.5138E+00  3.6113E-01
2.7600E-03  5.8555E+00  5.4943E+00  3.6115E-01
2.7638E-03  5.8354E+00  5.4742E+00  3.6116E-01
2.7675E-03  6.3551E+00  5.9939E+00  3.6118E-01
2.7712E-03  5.8018E+00  5.4406E+00  3.6119E-01
2.7750E-03  5.7891E+00  5.4279E+00  3.6120E-01
2.7787E-03  5.7898E+00  5.4286E+00  3.6122E-01
2.7825E-03  5.7718E+00  5.4106E+00  3.6123E-01
2.7863E-03  5.7522E+00  5.3910E+00  3.6124E-01
2.7900E-03  5.9759E+00  5.6147E+00  3.6126E-01
2.7938E-03  5.7158E+00  5.3545E+00  3.6127E-01
2.7975E-03  5.6943E+00  5.3330E+00  3.6128E-01
2.8012E-03  5.6987E+00  5.3374E+00  3.6130E-01
2.8050E-03  6.1389E+00  5.7776E+00  3.6131E-01
2.8088E-03  5.7593E+00  5.3980E+00  3.6132E-01
2.8125E-03  5.7163E+00  5.3549E+00  3.6134E-01
2.8163E-03  5.6444E+00  5.2831E+00  3.6135E-01
2.8200E-03  5.6430E+00  5.2816E+00  3.6136E-01
2.8238E-03  5.6757E+00  5.3143E+00  3.6138E-01
2.8275E-03  5.6651E+00  5.3037E+00  3.6139E-01
2.8312E-03  8.2394E+00  7.8780E+00  3.6140E-01
2.8350E-03  7.1472E+00  6.7858E+00  3.6141E-01
2.8388E-03  5.8824E+00  5.5210E+00  3.6143E-01
2.8425E-03  6.1281E+00  5.7666E+00  3.6144E-01
2.8462E-03  6.7935E+00  6.4320E+00  3.6145E-01
2.8500E-03  9.0305E+00  8.6691E+00  3.6147E-01
2.8538E-03  2.8556E+01  2.8194E+01  3.6148E-01
2.8575E-03  4.7860E+02  4.7823E+02  3.6149E-01
2.8613E-03  2.2553E+01  2.2192E+01  3.6150E-01
2.8650E-03  8.5556E+00  8.1940E+00  3.6152E-01
2.8688E-03  6.6228E+00  6.2613E+00  3.6153E-01
2.8725E-03  6.1031E+00  5.7416E+00  3.6154E-01
2.8762E-03  7.0614E+00  6.6999E+00  3.6155E-01
2.8800E-03  5.6267E+00  5.2652E+00  3.6156E-01
2.8838E-03  5.4965E+00  5.1349E+00  3.6158E-01
2.8875E-03  5.4386E+00  5.0770E+00  3.6159E-01
2.8913E-03  5.3958E+00  5.0342E+00  3.6160E-01
2.8950E-03  5.3579E+00  4.9963E+00  3.6161E-01
2.8988E-03  5.3170E+00  4.9554E+00  3.6163E-01
2.9025E-03  5.2941E+00  4.9324E+00  3.6164E-01
2.9062E-03  5.2712E+00  4.9095E+00  3.6165E-01
2.9100E-03  5.2534E+00  4.8918E+00  3.6166E-01
2.9138E-03  5.2429E+00  4.8812E+00  3.6167E-01
2.9175E-03  5.7286E+00  5.3669E+00  3.6169E-01
2.9213E-03  5.2070E+00  4.8453E+00  3.6170E-01
2.9250E-03  5.2131E+00  4.8514E+00  3.6171E-01
2.9287E-03  5.1780E+00  4.8163E+00  3.6172E-01
2.9325E-03  5.1695E+00  4.8078E+00  3.6173E-01
2.9363E-03  5.2478E+00  4.8860E+00  3.6174E-01
2.9400E-03  5.1381E+00  4.7763E+00  3.6176E-01
2.9437E-03  5.2439E+00  4.8821E+00  3.6177E-01
2.9475E-03  5.1177E+00  4.7559E+00  3.6178E-01
2.9513E-03  5.0988E+00  4.7370E+00  3.6179E-01
2.9550E-03  5.1879E+00  4.8261E+00  3.6180E-01
2.9588E-03  5.1073E+00  4.7455E+00  3.6181E-01
2.9625E-03  5.3830E+00  5.0212E+00  3.6182E-01
2.9663E-03  5.0749E+00  4.7131E+00  3.6184E-01
2.9700E-03  5.0781E+00  4.7162E+00  3.6185E-01
2.9737E-03  5.0440E+00  4.6821E+00  3.6186E-01
2.9775E-03  5.3407E+00  4.9789E+00  3.6187E-01
2.9812E-03  5.0323E+00  4.6704E+00  3.6188E-01
2.9850E-03  5.0333E+00  4.6714E+00  3.6189E-01
2.9888E-03  5.0405E+00  4.6786E+00  3.6190E-01
2.9925E-03  5.0639E+00  4.7020E+00  3.6191E-01
2.9963E-03  5.1152E+00  4.7533E+00  3.6192E-01
3.0000E-03  1.0813E+01  1.0451E+01  3.6194E-01
3.0037E-03  5.2347E+00  4.8727E+00  3.6195E-01
3.0075E-03  5.4257E+00  5.0638E+00  3.6196E-01
3.0113E-03  5.8993E+00  5.5374E+00  3.6197E-01
3.0150E-03  7.3744E+00  7.0124E+00  3.6198E-01
3.0188E-03  1.5839E+01  1.5477E+01  3.6199E-01
3.0225E-03  1.1499E+02  1.1463E+02  3.6200E-01
3.0263E-03  4.5576E+01  4.5214E+01  3.6201E-01
3.0300E-03  1.0196E+01  9.8341E+00  3.6202E-01
3.0337E-03  6.4676E+00  6.1055E+00  3.6203E-01
3.0375E-03  5.5724E+00  5.2104E+00  3.6204E-01
3.0412E-03  5.2419E+00  4.8799E+00  3.6205E-01
3.0450E-03  5.0810E+00  4.7189E+00  3.6206E-01
3.0488E-03  4.9536E+00  4.5915E+00  3.6207E-01
3.0525E-03  5.0917E+00  4.7296E+00  3.6208E-01
3.0563E-03  5.7945E+00  5.4324E+00  3.6210E-01
3.0600E-03  4.8370E+00  4.4749E+00  3.6211E-01
3.0638E-03  5.2116E+00  4.8495E+00  3.6212E-01
3.0675E-03  4.7734E+00  4.4113E+00  3.6213E-01
3.0712E-03  4.7466E+00  4.3844E+00  3.6214E-01
3.0750E-03  4.7360E+00  4.3739E+00  3.6215E-01
3.0788E-03  4.7303E+00  4.3681E+00  3.6216E-01
3.0825E-03  4.8069E+00  4.4448E+00  3.6217E-01
3.0863E-03  4.7883E+00  4.4261E+00  3.6218E-01
3.0900E-03  4.7239E+00  4.3617E+00  3.6219E-01
3.0938E-03  4.7403E+00  4.3781E+00  3.6220E-01
3.0975E-03  4.7857E+00  4.4235E+00  3.6221E-01
3.1012E-03  4.8359E+00  4.4737E+00  3.6222E-01
3.1050E-03  4.9637E+00  4.6014E+00  3.6223E-01
3.1087E-03  5.5820E+00  5.2197E+00  3.6224E-01
3.1125E-03  5.8953E+00  5.5331E+00  3.6225E-01
3.1163E-03  8.2193E+00  7.8571E+00  3.6226E-01
3.1200E-03  2.0791E+01  2.0429E+01  3.6227E-01
3.1238E-03  6.8142E+01  6.7780E+01  3.6228E-01
3.1275E-03  2.2526E+01  2.2164E+01  3.6229E-01
3.1312E-03  8.5221E+00  8.1598E+00  3.6230E-01
3.1350E-03  5.9237E+00  5.5614E+00  3.6230E-01
3.1387E-03  5.2050E+00  4.8426E+00  3.6231E-01
3.1425E-03  4.9188E+00  4.5565E+00  3.6232E-01
3.1463E-03  4.7875E+00  4.4252E+00  3.6233E-01
3.1500E-03  4.7510E+00  4.3887E+00  3.6234E-01
3.1538E-03  4.6704E+00  4.3080E+00  3.6235E-01
3.1575E-03  4.6606E+00  4.2982E+00  3.6236E-01
3.1612E-03  4.6725E+00  4.3101E+00  3.6237E-01
3.1650E-03  4.8361E+00  4.4737E+00  3.6238E-01
3.1687E-03  4.8161E+00  4.4537E+00  3.6239E-01
3.1725E-03  5.0124E+00  4.6500E+00  3.6240E-01
3.1763E-03  5.5117E+00  5.1493E+00  3.6241E-01
3.1800E-03  7.0173E+00  6.6548E+00  3.6242E-01
3.1837E-03  3.7999E+01  3.7637E+01  3.6243E-01
3.1875E-03  2.7918E+01  2.7556E+01  3.6244E-01
3.1913E-03  2.3770E+01  2.3407E+01  3.6245E-01
3.1950E-03  1.0364E+01  1.0001E+01  3.6246E-01
3.1987E-03  6.5227E+00  6.1603E+00  3.6246E-01
3.2025E-03  5.4256E+00  5.0631E+00  3.6247E-01
3.2063E-03  5.0574E+00  4.6950E+00  3.6248E-01
3.2100E-03  9.3284E+00  8.9659E+00  3.6249E-01
3.2138E-03  4.9782E+00  4.6157E+00  3.6250E-01
3.2175E-03  5.2177E+00  4.8552E+00  3.6251E-01
3.2213E-03  5.6797E+00  5.3171E+00  3.6252E-01
3.2250E-03  7.1199E+00  6.7574E+00  3.6253E-01
3.2287E-03  1.1108E+01  1.0746E+01  3.6254E-01
3.2325E-03  1.7438E+01  1.7075E+01  3.6255E-01
3.2363E-03  1.4535E+01  1.4172E+01  3.6255E-01
3.2400E-03  8.9858E+00  8.6232E+00  3.6256E-01
3.2438E-03  6.5787E+00  6.2162E+00  3.6257E-01
3.2475E-03  5.8517E+00  5.4891E+00  3.6258E-01
3.2513E-03  5.8104E+00  5.4478E+00  3.6259E-01
3.2550E-03  6.3356E+00  5.9730E+00  3.6260E-01
3.2587E-03  7.7195E+00  7.3569E+00  3.6261E-01
3.2625E-03  1.0137E+01  9.7742E+00  3.6261E-01
3.2663E-03  1.1565E+01  1.1202E+01  3.6262E-01
3.2700E-03  9.4131E+00  9.0505E+00  3.6263E-01
3.2738E-03  7.7899E+00  7.4273E+00  3.6264E-01
3.2775E-03  7.3985E+00  7.0359E+00  3.6265E-01
3.2812E-03  7.1152E+00  6.7526E+00  3.6266E-01
3.2850E-03  7.3351E+00  6.9724E+00  3.6267E-01
3.2888E-03  7.9286E+00  7.5659E+00  3.6267E-01
3.2925E-03  7.9975E+00  7.6349E+00  3.6268E-01
3.2962E-03  8.3973E+00  8.0346E+00  3.6269E-01
3.3000E-03  8.4948E+00  8.1321E+00  3.6270E-01
3.3038E-03  8.6093E+00  8.2466E+00  3.6271E-01
3.3075E-03  8.4343E+00  8.0716E+00  3.6272E-01
3.3112E-03  8.3947E+00  8.0319E+00  3.6272E-01
3.3150E-03  8.3409E+00  7.9782E+00  3.6273E-01
3.3188E-03  8.3084E+00  7.9457E+00  3.6274E-01
3.3225E-03  8.2780E+00  7.9152E+00  3.6275E-01
3.3262E-03  8.2506E+00  7.8878E+00  3.6276E-01
3.3300E-03  9.2748E+00  8.9121E+00  3.6277E-01
3.3338E-03  8.2229E+00  7.8602E+00  3.6277E-01
3.3375E-03  8.2172E+00  7.8544E+00  3.6278E-01
3.3413E-03  8.2360E+00  7.8732E+00  3.6279E-01
3.3450E-03  8.1519E+00  7.7891E+00  3.6280E-01
3.3488E-03  8.3090E+00  7.9462E+00  3.6281E-01
3.3525E-03  8.4673E+00  8.1045E+00  3.6281E-01
3.3562E-03  8.0702E+00  7.7074E+00  3.6282E-01
3.3600E-03  8.0274E+00  7.6646E+00  3.6283E-01
3.3638E-03  7.9926E+00  7.6298E+00  3.6284E-01
3.3675E-03  7.9804E+00  7.6175E+00  3.6285E-01
3.3713E-03  8.0040E+00  7.6412E+00  3.6285E-01
3.3750E-03  7.9306E+00  7.5677E+00  3.6286E-01
3.3787E-03  7.9512E+00  7.5883E+00  3.6287E-01
3.3825E-03  7.8627E+00  7.4998E+00  3.6288E-01
3.3862E-03  7.8384E+00  7.4755E+00  3.6288E-01
3.3900E-03  7.8286E+00  7.4657E+00  3.6289E-01
3.3938E-03  7.7931E+00  7.4302E+00  3.6290E-01
3.3975E-03  7.7687E+00  7.4058E+00  3.6291E-01
3.4013E-03  7.7497E+00  7.3868E+00  3.6292E-01
3.4050E-03  7.7217E+00  7.3588E+00  3.6292E-01
3.4087E-03  7.6966E+00  7.3337E+00  3.6293E-01
3.4125E-03  7.6775E+00  7.3146E+00  3.6294E-01
3.4163E-03  7.6576E+00  7.2947E+00  3.6295E-01
3.4200E-03  7.6417E+00  7.2787E+00  3.6295E-01
3.4238E-03  7.6287E+00  7.2657E+00  3.6296E-01
3.4275E-03  7.6223E+00  7.2593E+00  3.6297E-01
3.4313E-03  7.5792E+00  7.2162E+00  3.6298E-01
3.4350E-03  7.5520E+00  7.1890E+00  3.6298E-01
3.4387E-03  7.5325E+00  7.1695E+00  3.6299E-01
3.4425E-03  7.5245E+00  7.1615E+00  3.6300E-01
3.4463E-03  7.5219E+00  7.1589E+00  3.6301E-01
3.4500E-03  7.8146E+00  7.4516E+00  3.6301E-01
3.4538E-03  7.7128E+00  7.3498E+00  3.6302E-01
3.4575E-03  7.4606E+00  7.0975E+00  3.6303E-01
3.4613E-03  7.4285E+00  7.0655E+00  3.6304E-01
3.4650E-03  7.3972E+00  7.0342E+00  3.6304E-01
3.4688E-03  7.3768E+00  7.0137E+00  3.6305E-01
3.4725E-03  7.3531E+00  6.9900E+00  3.6306E-01
3.4762E-03  7.3341E+00  6.9710E+00  3.6306E-01
3.4800E-03  7.3159E+00  6.9528E+00  3.6307E-01
3.4837E-03  7.2986E+00  6.9355E+00  3.6308E-01
3.4875E-03  7.2835E+00  6.9204E+00  3.6309E-01
3.4913E-03  7.2639E+00  6.9008E+00  3.6309E-01
3.4950E-03  7.2502E+00  6.8871E+00  3.6310E-01
3.4988E-03  7.2720E+00  6.9089E+00  3.6311E-01
3.5025E-03  7.2290E+00  6.8659E+00  3.6311E-01
3.5062E-03  7.2079E+00  6.8448E+00  3.6312E-01
3.5100E-03  7.2022E+00  6.8391E+00  3.6313E-01
3.5137E-03  7.2636E+00  6.9004E+00  3.6314E-01
3.5175E-03  8.5616E+00  8.1984E+00  3.6314E-01
3.5213E-03  7.2439E+00  6.8808E+00  3.6315E-01
3.5250E-03  7.1414E+00  6.7782E+00  3.6316E-01
3.5288E-03  7.1105E+00  6.7473E+00  3.6316E-01
3.5325E-03  7.0923E+00  6.7291E+00  3.6317E-01
3.5362E-03  7.0779E+00  6.7147E+00  3.6318E-01
3.5400E-03  7.0688E+00  6.7056E+00  3.6318E-01
3.5437E-03  7.0823E+00  6.7191E+00  3.6319E-01
3.5475E-03  7.0695E+00  6.7063E+00  3.6320E-01
3.5513E-03  7.0839E+00  6.7207E+00  3.6320E-01
3.5550E-03  7.1040E+00  6.7408E+00  3.6321E-01
3.5588E-03  7.1365E+00  6.7733E+00  3.6322E-01
3.5625E-03  7.5895E+00  7.2262E+00  3.6322E-01
3.5662E-03  7.0795E+00  6.7163E+00  3.6323E-01
3.5700E-03  7.0301E+00  6.6669E+00  3.6324E-01
3.5737E-03  7.0110E+00  6.6477E+00  3.6324E-01
3.5775E-03  6.9928E+00  6.6296E+00  3.6325E-01
3.5813E-03  6.9792E+00  6.6159E+00  3.6326E-01
3.5850E-03  7.0190E+00  6.6557E+00  3.6326E-01
3.5888E-03  6.9778E+00  6.6146E+00  3.6327E-01
3.5925E-03  7.0860E+00  6.7227E+00  3.6328E-01
3.5963E-03  7.1328E+00  6.7696E+00  3.6328E-01
3.6000E-03  6.9156E+00  6.5523E+00  3.6329E-01
3.6037E-03  6.8950E+00  6.5317E+00  3.6330E-01
3.6075E-03  6.8696E+00  6.5063E+00  3.6330E-01
3.6113E-03  6.8462E+00  6.4829E+00  3.6331E-01
3.6150E-03  6.8329E+00  6.4696E+00  3.6332E-01
3.6188E-03  6.8131E+00  6.4497E+00  3.6332E-01
3.6225E-03  6.8007E+00  6.4374E+00  3.6333E-01
3.6263E-03  6.7840E+00  6.4206E+00  3.6334E-01
3.6300E-03  6.7733E+00  6.4100E+00  3.6334E-01
3.6337E-03  6.7655E+00  6.4022E+00  3.6335E-01
3.6375E-03  6.7385E+00  6.3751E+00  3.6335E-01
3.6413E-03  6.7228E+00  6.3595E+00  3.6336E-01
3.6450E-03  6.7097E+00  6.3464E+00  3.6337E-01
3.6488E-03  6.6961E+00  6.3328E+00  3.6337E-01
3.6525E-03  6.6865E+00  6.3232E+00  3.6338E-01
3.6563E-03  6.6649E+00  6.3015E+00  3.6339E-01
3.6600E-03  6.6514E+00  6.2880E+00  3.6339E-01
3.6637E-03  6.6986E+00  6.3352E+00  3.6340E-01
3.6675E-03  6.6223E+00  6.2589E+00  3.6340E-01
3.6712E-03  6.6503E+00  6.2869E+00  3.6341E-01
3.6750E-03  6.5952E+00  6.2318E+00  3.6342E-01
3.6788E-03  6.5815E+00  6.2181E+00  3.6342E-01
3.6825E-03  6.8266E+00  6.4632E+00  3.6343E-01
3.6863E-03  6.5634E+00  6.2000E+00  3.6344E-01
3.6900E-03  6.5518E+00  6.1883E+00  3.6344E-01
3.6937E-03  6.5282E+00  6.1647E+00  3.6345E-01
3.6975E-03  6.5114E+00  6.1479E+00  3.6345E-01
3.7012E-03  6.4981E+00  6.1346E+00  3.6346E-01
3.7050E-03  6.4839E+00  6.1205E+00  3.6347E-01
3.7088E-03  6.4702E+00  6.1068E+00  3.6347E-01
3.7125E-03  6.4591E+00  6.0956E+00  3.6348E-01
3.7162E-03  6.5405E+00  6.1770E+00  3.6348E-01
3.7200E-03  6.4520E+00  6.0885E+00  3.6349E-01
3.7238E-03  6.4161E+00  6.0526E+00  3.6350E-01
3.7275E-03  6.4018E+00  6.0383E+00  3.6350E-01
3.7312E-03  6.3915E+00  6.0280E+00  3.6351E-01
3.7350E-03  6.3756E+00  6.0121E+00  3.6351E-01
3.7388E-03  6.3632E+00  5.9997E+00  3.6352E-01
3.7425E-03  6.3486E+00  5.9851E+00  3.6352E-01
3.7463E-03  6.3402E+00  5.9767E+00  3.6353E-01
3.7500E-03  6.3233E+00  5.9598E+00  3.6354E-01
3.7538E-03  6.3097E+00  5.9462E+00  3.6354E-01
3.7575E-03  6.2958E+00  5.9322E+00  3.6355E-01
3.7612E-03  6.2825E+00  5.9190E+00  3.6355E-01
3.7650E-03  6.2697E+00  5.9061E+00  3.6356E-01
3.7688E-03  6.2616E+00  5.8980E+00  3.6356E-01
3.7725E-03  6.2436E+00  5.8801E+00  3.6357E-01
3.7763E-03  6.2306E+00  5.8670E+00  3.6358E-01
3.7800E-03  6.2239E+00  5.8603E+00  3.6358E-01
3.7838E-03  6.2061E+00  5.8425E+00  3.6359E-01
3.7875E-03  6.2041E+00  5.8405E+00  3.6359E-01
3.7912E-03  6.2065E+00  5.8429E+00  3.6360E-01
3.7950E-03  6.1676E+00  5.8040E+00  3.6360E-01
3.7988E-03  6.1573E+00  5.7937E+00  3.6361E-01
3.8025E-03  6.1425E+00  5.7789E+00  3.6362E-01
3.8063E-03  6.1309E+00  5.7673E+00  3.6362E-01
3.8100E-03  6.1191E+00  5.7555E+00  3.6363E-01
3.8137E-03  6.1078E+00  5.7441E+00  3.6363E-01
3.8175E-03  6.0916E+00  5.7280E+00  3.6364E-01
3.8212E-03  6.0783E+00  5.7147E+00  3.6364E-01
3.8250E-03  6.0798E+00  5.7162E+00  3.6365E-01
3.8288E-03  6.0547E+00  5.6910E+00  3.6365E-01
3.8325E-03  6.0425E+00  5.6788E+00  3.6366E-01
3.8363E-03  6.0299E+00  5.6662E+00  3.6367E-01
3.8400E-03  6.0186E+00  5.6549E+00  3.6367E-01
3.8437E-03  6.0424E+00  5.6788E+00  3.6368E-01
3.8475E-03  6.0079E+00  5.6443E+00  3.6368E-01
3.8513E-03  6.0159E+00  5.6522E+00  3.6369E-01
3.8550E-03  1.5499E+01  1.5135E+01  3.6369E-01
3.8587E-03  5.9688E+00  5.6051E+00  3.6370E-01
3.8625E-03  6.2282E+00  5.8645E+00  3.6370E-01
3.8663E-03  6.0157E+00  5.6520E+00  3.6371E-01
3.8700E-03  1.5446E+02  1.5409E+02  3.6371E-01
3.8738E-03  6.0067E+00  5.6430E+00  3.6372E-01
3.8775E-03  5.9194E+00  5.5557E+00  3.6372E-01
3.8813E-03  5.8955E+00  5.5318E+00  3.6373E-01
3.8850E-03  8.0421E+00  7.6784E+00  3.6373E-01
3.8887E-03  5.8638E+00  5.5001E+00  3.6374E-01
3.8925E-03  5.8528E+00  5.4891E+00  3.6375E-01
3.8963E-03  5.8426E+00  5.4788E+00  3.6375E-01
3.9000E-03  5.9319E+00  5.5682E+00  3.6376E-01
3.9038E-03  5.8180E+00  5.4542E+00  3.6376E-01
3.9075E-03  5.8087E+00  5.4449E+00  3.6377E-01
3.9112E-03  7.3167E+00  6.9529E+00  3.6377E-01
3.9150E-03  5.7783E+00  5.4145E+00  3.6378E-01
3.9187E-03  5.7672E+00  5.4034E+00  3.6378E-01
3.9225E-03  5.7713E+00  5.4076E+00  3.6379E-01
3.9263E-03  5.7544E+00  5.3906E+00  3.6379E-01
3.9300E-03  5.7391E+00  5.3753E+00  3.6380E-01
3.9337E-03  5.7411E+00  5.3773E+00  3.6380E-01
3.9375E-03  5.7111E+00  5.3473E+00  3.6381E-01
3.9413E-03  5.7126E+00  5.3488E+00  3.6381E-01
3.9450E-03  5.6940E+00  5.3302E+00  3.6382E-01
3.9488E-03  5.6791E+00  5.3152E+00  3.6382E-01
3.9525E-03  5.6660E+00  5.3022E+00  3.6383E-01
3.9563E-03  5.6521E+00  5.2883E+00  3.6383E-01
3.9600E-03  5.6410E+00  5.2772E+00  3.6384E-01
3.9638E-03  5.6292E+00  5.2654E+00  3.6384E-01
3.9675E-03  5.6186E+00  5.2548E+00  3.6385E-01
3.9712E-03  5.6070E+00  5.2431E+00  3.6385E-01
3.9750E-03  5.5968E+00  5.2330E+00  3.6386E-01
3.9787E-03  5.5852E+00  5.2214E+00  3.6386E-01
3.9825E-03  5.5737E+00  5.2098E+00  3.6387E-01
3.9863E-03  5.5648E+00  5.2009E+00  3.6387E-01
3.9900E-03  5.5533E+00  5.1894E+00  3.6388E-01
3.9937E-03  5.6567E+00  5.2928E+00  3.6388E-01
3.9975E-03  5.5355E+00  5.1716E+00  3.6389E-01
4.0013E-03  5.5413E+00  5.1775E+00  3.6389E-01
4.0050E-03  5.6053E+00  5.2414E+00  3.6390E-01
4.0088E-03  7.3278E+00  6.9639E+00  3.6390E-01
4.0125E-03  5.4875E+00  5.1236E+00  3.6390E-01
4.0163E-03  5.4762E+00  5.1122E+00  3.6391E-01
4.0200E-03  5.4651E+00  5.1012E+00  3.6391E-01
4.0238E-03  5.4534E+00  5.0895E+00  3.6392E-01
4.0275E-03  5.4458E+00  5.0819E+00  3.6392E-01
4.0313E-03  5.7114E+00  5.3474E+00  3.6393E-01
4.0350E-03  5.4206E+00  5.0567E+00  3.6393E-01
4.0387E-03  5.4100E+00  5.0460E+00  3.6394E-01
4.0425E-03  5.4000E+00  5.0361E+00  3.6394E-01
4.0462E-03  5.3920E+00  5.0281E+00  3.6395E-01
4.0500E-03  5.6576E+00  5.2937E+00  3.6395E-01
4.0538E-03  5.3764E+00  5.0124E+00  3.6396E-01
4.0575E-03  5.3560E+00  4.9920E+00  3.6396E-01
4.0612E-03  5.3451E+00  4.9811E+00  3.6397E-01
4.0650E-03  5.3344E+00  4.9705E+00  3.6397E-01
4.0688E-03  5.3235E+00  4.9595E+00  3.6397E-01
4.0725E-03  5.3173E+00  4.9534E+00  3.6398E-01
4.0763E-03  5.3038E+00  4.9398E+00  3.6398E-01
4.0800E-03  5.2916E+00  4.9276E+00  3.6399E-01
4.0838E-03  5.2848E+00  4.9209E+00  3.6399E-01
4.0875E-03  5.2712E+00  4.9072E+00  3.6400E-01
4.0913E-03  5.2598E+00  4.8958E+00  3.6400E-01
4.0950E-03  5.2538E+00  4.8898E+00  3.6401E-01
4.0987E-03  5.2394E+00  4.8754E+00  3.6401E-01
4.1025E-03  5.2283E+00  4.8643E+00  3.6402E-01
4.1062E-03  5.2189E+00  4.8549E+00  3.6402E-01
4.1100E-03  5.2072E+00  4.8431E+00  3.6402E-01
4.1138E-03  5.1972E+00  4.8332E+00  3.6403E-01
4.1175E-03  5.3951E+00  5.0310E+00  3.6403E-01
4.1212E-03  5.1761E+00  4.8121E+00  3.6404E-01
4.1250E-03  5.1657E+00  4.8016E+00  3.6404E-01
4.1287E-03  5.4742E+00  5.1102E+00  3.6405E-01
4.1325E-03  5.1485E+00  4.7845E+00  3.6405E-01
4.1363E-03  5.1455E+00  4.7815E+00  3.6406E-01
4.1400E-03  5.1325E+00  4.7685E+00  3.6406E-01
4.1438E-03  5.1153E+00  4.7512E+00  3.6406E-01
4.1475E-03  5.1034E+00  4.7393E+00  3.6407E-01
4.1513E-03  5.0931E+00  4.7290E+00  3.6407E-01
4.1550E-03  5.0837E+00  4.7197E+00  3.6408E-01
4.1588E-03  5.1386E+00  4.7745E+00  3.6408E-01
4.1625E-03  5.2317E+00  4.8676E+00  3.6409E-01
4.1662E-03  5.0523E+00  4.6882E+00  3.6409E-01
4.1700E-03  5.0426E+00  4.6785E+00  3.6409E-01
4.1738E-03  5.0313E+00  4.6672E+00  3.6410E-01
4.1775E-03  5.0287E+00  4.6646E+00  3.6410E-01
4.1813E-03  5.0111E+00  4.6469E+00  3.6411E-01
4.1850E-03  5.0068E+00  4.6427E+00  3.6411E-01
4.1887E-03  5.0325E+00  4.6684E+00  3.6412E-01
4.1925E-03  4.9873E+00  4.6232E+00  3.6412E-01
4.1963E-03  4.9714E+00  4.6073E+00  3.6412E-01
4.2000E-03  4.9605E+00  4.5964E+00  3.6413E-01
4.2038E-03  4.9514E+00  4.5872E+00  3.6413E-01
4.2075E-03  4.9400E+00  4.5758E+00  3.6414E-01
4.2113E-03  4.9335E+00  4.5693E+00  3.6414E-01
4.2150E-03  4.9210E+00  4.5568E+00  3.6415E-01
4.2188E-03  4.9095E+00  4.5454E+00  3.6415E-01
4.2225E-03  4.9002E+00  4.5361E+00  3.6415E-01
4.2262E-03  4.8890E+00  4.5248E+00  3.6416E-01
4.2300E-03  4.8792E+00  4.5150E+00  3.6416E-01
4.2337E-03  4.8687E+00  4.5046E+00  3.6417E-01
4.2375E-03  4.8596E+00  4.4954E+00  3.6417E-01
4.2413E-03  4.8718E+00  4.5076E+00  3.6417E-01
4.2450E-03  4.8426E+00  4.4784E+00  3.6418E-01
4.2487E-03  4.8284E+00  4.4642E+00  3.6418E-01
4.2525E-03  4.8198E+00  4.4556E+00  3.6419E-01
4.2562E-03  4.8082E+00  4.4440E+00  3.6419E-01
4.2600E-03  4.8432E+00  4.4790E+00  3.6419E-01
4.2638E-03  4.7897E+00  4.4255E+00  3.6420E-01
4.2675E-03  4.7923E+00  4.4281E+00  3.6420E-01
4.2712E-03  4.7702E+00  4.4060E+00  3.6421E-01
4.2750E-03  4.7584E+00  4.3942E+00  3.6421E-01
4.2788E-03  4.7491E+00  4.3849E+00  3.6421E-01
4.2825E-03  4.7501E+00  4.3859E+00  3.6422E-01
4.2863E-03  4.7409E+00  4.3766E+00  3.6422E-01
4.2900E-03  4.7222E+00  4.3580E+00  3.6423E-01
4.2937E-03  4.7167E+00  4.3525E+00  3.6423E-01
4.2975E-03  4.9955E+00  4.6312E+00  3.6423E-01
4.3013E-03  4.7081E+00  4.3438E+00  3.6424E-01
4.3050E-03  4.7085E+00  4.3442E+00  3.6424E-01
4.3088E-03  4.6715E+00  4.3072E+00  3.6425E-01
4.3125E-03  4.6611E+00  4.2969E+00  3.6425E-01
4.3162E-03  4.6507E+00  4.2865E+00  3.6425E-01
4.3200E-03  4.6468E+00  4.2825E+00  3.6426E-01
4.3237E-03  4.7508E+00  4.3865E+00  3.6426E-01
4.3275E-03  4.9196E+00  4.5553E+00  3.6426E-01
4.3313E-03  4.6340E+00  4.2697E+00  3.6427E-01
4.3350E-03  4.6201E+00  4.2558E+00  3.6427E-01
4.3388E-03  4.5947E+00  4.2304E+00  3.6428E-01
4.3425E-03  4.5985E+00  4.2342E+00  3.6428E-01
4.3463E-03  4.6006E+00  4.2363E+00  3.6428E-01
4.3500E-03  4.5713E+00  4.2070E+00  3.6429E-01
4.3537E-03  4.5707E+00  4.2065E+00  3.6429E-01
4.3575E-03  4.5436E+00  4.1793E+00  3.6430E-01
4.3613E-03  5.2167E+00  4.8524E+00  3.6430E-01
4.3650E-03  4.5246E+00  4.1603E+00  3.6430E-01
4.3688E-03  4.5158E+00  4.1515E+00  3.6431E-01
4.3725E-03  4.5065E+00  4.1422E+00  3.6431E-01
4.3762E-03  4.4977E+00  4.1334E+00  3.6431E-01
4.3800E-03  4.4924E+00  4.1281E+00  3.6432E-01
4.3837E-03  4.4836E+00  4.1193E+00  3.6432E-01
4.3875E-03  4.5043E+00  4.1400E+00  3.6432E-01
4.3913E-03  4.4622E+00  4.0979E+00  3.6433E-01
4.3950E-03  4.4519E+00  4.0876E+00  3.6433E-01
4.3987E-03  4.4437E+00  4.0794E+00  3.6434E-01
4.4025E-03  4.4371E+00  4.0728E+00  3.6434E-01
4.4063E-03  4.4282E+00  4.0638E+00  3.6434E-01
4.4100E-03  4.4488E+00  4.0845E+00  3.6435E-01
4.4138E-03  4.4172E+00  4.0528E+00  3.6435E-01
4.4175E-03  4.3994E+00  4.0351E+00  3.6435E-01
4.4212E-03  4.3916E+00  4.0272E+00  3.6436E-01
4.4250E-03  4.3823E+00  4.0180E+00  3.6436E-01
4.4288E-03  4.4024E+00  4.0380E+00  3.6437E-01
4.4325E-03  4.3697E+00  4.0054E+00  3.6437E-01
4.4363E-03  4.3576E+00  3.9932E+00  3.6437E-01
4.4400E-03  4.3490E+00  3.9847E+00  3.6438E-01
4.4437E-03  4.4769E+00  4.1125E+00  3.6438E-01
4.4475E-03  4.3475E+00  3.9831E+00  3.6438E-01
4.4512E-03  4.3290E+00  3.9646E+00  3.6439E-01
4.4550E-03  4.5784E+00  4.2140E+00  3.6439E-01
4.4588E-03  4.3087E+00  3.9443E+00  3.6439E-01
4.4625E-03  4.3000E+00  3.9356E+00  3.6440E-01
4.4662E-03  4.2915E+00  3.9271E+00  3.6440E-01
4.4700E-03  4.2841E+00  3.9197E+00  3.6440E-01
4.4738E-03  4.2759E+00  3.9115E+00  3.6441E-01
4.4775E-03  4.2685E+00  3.9041E+00  3.6441E-01
4.4812E-03  4.2625E+00  3.8981E+00  3.6441E-01
4.4850E-03  4.2519E+00  3.8875E+00  3.6442E-01
4.4888E-03  4.2450E+00  3.8805E+00  3.6442E-01
4.4925E-03  4.2377E+00  3.8733E+00  3.6442E-01
4.4963E-03  4.2343E+00  3.8699E+00  3.6443E-01
4.5000E-03  4.2474E+00  3.8830E+00  3.6443E-01
4.5037E-03  4.4197E+00  4.0553E+00  3.6444E-01
4.5075E-03  7.0481E+01  7.0117E+01  3.6444E-01
4.5112E-03  4.2026E+00  3.8382E+00  3.6444E-01
4.5150E-03  4.1944E+00  3.8299E+00  3.6445E-01
4.5188E-03  4.1968E+00  3.8324E+00  3.6445E-01
4.5225E-03  4.1817E+00  3.8172E+00  3.6445E-01
4.5262E-03  4.1795E+00  3.8151E+00  3.6446E-01
4.5300E-03  4.1966E+00  3.8322E+00  3.6446E-01
4.5338E-03  4.5485E+00  4.1840E+00  3.6446E-01
4.5375E-03  4.3868E+00  4.0224E+00  3.6447E-01
4.5413E-03  4.1689E+00  3.8045E+00  3.6447E-01
4.5450E-03  4.2295E+00  3.8650E+00  3.6447E-01
4.5488E-03  4.1312E+00  3.7667E+00  3.6448E-01
4.5525E-03  4.1271E+00  3.7627E+00  3.6448E-01
4.5563E-03  4.3242E+00  3.9597E+00  3.6448E-01
4.5600E-03  4.1085E+00  3.7440E+00  3.6449E-01
4.5638E-03  4.1030E+00  3.7385E+00  3.6449E-01
4.5675E-03  4.0972E+00  3.7327E+00  3.6449E-01
4.5712E-03  4.1287E+00  3.7642E+00  3.6450E-01
4.5750E-03  4.0886E+00  3.7241E+00  3.6450E-01
4.5788E-03  4.2057E+00  3.8412E+00  3.6450E-01
4.5825E-03  4.0739E+00  3.7094E+00  3.6451E-01
4.5863E-03  4.0668E+00  3.7023E+00  3.6451E-01
4.5900E-03  4.0607E+00  3.6962E+00  3.6451E-01
4.5937E-03  4.0571E+00  3.6926E+00  3.6451E-01
4.5975E-03  4.0486E+00  3.6841E+00  3.6452E-01
4.6013E-03  4.0525E+00  3.6880E+00  3.6452E-01
4.6050E-03  4.0800E+00  3.7155E+00  3.6452E-01
4.6087E-03  4.1040E+00  3.7395E+00  3.6453E-01
4.6125E-03  4.0237E+00  3.6592E+00  3.6453E-01
4.6163E-03  4.0119E+00  3.6473E+00  3.6453E-01
4.6200E-03  4.0075E+00  3.6430E+00  3.6454E-01
4.6238E-03  3.9952E+00  3.6306E+00  3.6454E-01
4.6275E-03  3.9891E+00  3.6246E+00  3.6454E-01
4.6312E-03  3.9808E+00  3.6162E+00  3.6455E-01
4.6350E-03  3.9737E+00  3.6091E+00  3.6455E-01
4.6387E-03  3.9675E+00  3.6029E+00  3.6455E-01
4.6425E-03  3.9709E+00  3.6063E+00  3.6456E-01
4.6463E-03  3.9539E+00  3.5893E+00  3.6456E-01
4.6500E-03  3.9702E+00  3.6056E+00  3.6456E-01
4.6537E-03  3.9474E+00  3.5829E+00  3.6457E-01
4.6575E-03  3.9338E+00  3.5692E+00  3.6457E-01
4.6612E-03  4.2622E+00  3.8976E+00  3.6457E-01
4.6650E-03  3.9209E+00  3.5563E+00  3.6457E-01
4.6688E-03  3.9190E+00  3.5545E+00  3.6458E-01
4.6725E-03  4.0141E+00  3.6495E+00  3.6458E-01
4.6763E-03  3.9697E+00  3.6051E+00  3.6458E-01
4.6800E-03  3.9037E+00  3.5391E+00  3.6459E-01
4.6838E-03  3.9256E+00  3.5611E+00  3.6459E-01
4.6875E-03  3.8794E+00  3.5148E+00  3.6459E-01
4.6913E-03  3.8718E+00  3.5072E+00  3.6460E-01
4.6950E-03  3.8652E+00  3.5006E+00  3.6460E-01
4.6987E-03  3.8585E+00  3.4938E+00  3.6460E-01
4.7025E-03  3.8564E+00  3.4918E+00  3.6461E-01
4.7063E-03  3.8455E+00  3.4809E+00  3.6461E-01
4.7100E-03  3.8404E+00  3.4758E+00  3.6461E-01
4.7138E-03  3.8377E+00  3.4731E+00  3.6461E-01
4.7175E-03  3.8548E+00  3.4902E+00  3.6462E-01
4.7212E-03  3.9304E+00  3.5657E+00  3.6462E-01
4.7250E-03  3.8276E+00  3.4630E+00  3.6462E-01
4.7288E-03  3.8088E+00  3.4442E+00  3.6463E-01
4.7325E-03  3.8007E+00  3.4361E+00  3.6463E-01
4.7363E-03  3.8039E+00  3.4393E+00  3.6463E-01
4.7400E-03  3.8027E+00  3.4381E+00  3.6464E-01
4.7438E-03  3.7834E+00  3.4188E+00  3.6464E-01
4.7475E-03  4.0866E+00  3.7220E+00  3.6464E-01
4.7513E-03  3.7930E+00  3.4283E+00  3.6464E-01
4.7550E-03  3.7939E+00  3.4293E+00  3.6465E-01
4.7587E-03  3.7683E+00  3.4036E+00  3.6465E-01
4.7625E-03  3.7493E+00  3.3846E+00  3.6465E-01
4.7663E-03  3.7846E+00  3.4200E+00  3.6466E-01
4.7700E-03  3.7750E+00  3.4103E+00  3.6466E-01
4.7738E-03  3.7275E+00  3.3629E+00  3.6466E-01
4.7775E-03  3.7209E+00  3.3562E+00  3.6466E-01
4.7812E-03  3.7157E+00  3.3511E+00  3.6467E-01
4.7850E-03  3.7082E+00  3.3435E+00  3.6467E-01
4.7887E-03  3.7016E+00  3.3369E+00  3.6467E-01
4.7925E-03  3.7003E+00  3.3356E+00  3.6468E-01
4.7963E-03  3.6887E+00  3.3240E+00  3.6468E-01
4.8000E-03  3.6826E+00  3.3179E+00  3.6468E-01
4.8037E-03  3.6782E+00  3.3135E+00  3.6468E-01
4.8075E-03  3.6714E+00  3.3067E+00  3.6469E-01
4.8113E-03  3.6640E+00  3.2993E+00  3.6469E-01
4.8150E-03  3.6575E+00  3.2928E+00  3.6469E-01
4.8188E-03  3.6513E+00  3.2866E+00  3.6470E-01
4.8225E-03  3.8959E+00  3.5312E+00  3.6470E-01
4.8262E-03  3.6391E+00  3.2744E+00  3.6470E-01
4.8300E-03  3.6938E+00  3.3291E+00  3.6470E-01
4.8338E-03  3.6269E+00  3.2622E+00  3.6471E-01
4.8375E-03  3.6210E+00  3.2562E+00  3.6471E-01
4.8413E-03  3.6142E+00  3.2495E+00  3.6471E-01
4.8450E-03  3.6088E+00  3.2441E+00  3.6472E-01
4.8487E-03  3.6160E+00  3.2513E+00  3.6472E-01
4.8525E-03  3.5972E+00  3.2325E+00  3.6472E-01
4.8562E-03  3.5902E+00  3.2255E+00  3.6472E-01
4.8600E-03  3.5854E+00  3.2207E+00  3.6473E-01
4.8638E-03  3.5784E+00  3.2137E+00  3.6473E-01
4.8675E-03  3.5722E+00  3.2075E+00  3.6473E-01
4.8713E-03  3.5666E+00  3.2019E+00  3.6473E-01
4.8750E-03  3.5607E+00  3.1959E+00  3.6474E-01
4.8788E-03  3.5578E+00  3.1930E+00  3.6474E-01
4.8825E-03  3.5483E+00  3.1835E+00  3.6474E-01
4.8862E-03  3.5423E+00  3.1776E+00  3.6475E-01
4.8900E-03  3.5368E+00  3.1720E+00  3.6475E-01
4.8938E-03  3.5309E+00  3.1661E+00  3.6475E-01
4.8975E-03  3.5250E+00  3.1602E+00  3.6475E-01
4.9013E-03  3.5198E+00  3.1551E+00  3.6476E-01
4.9050E-03  3.5186E+00  3.1538E+00  3.6476E-01
4.9087E-03  3.5088E+00  3.1440E+00  3.6476E-01
4.9125E-03  3.5032E+00  3.1385E+00  3.6476E-01
4.9162E-03  3.4976E+00  3.1328E+00  3.6477E-01
4.9200E-03  3.4932E+00  3.1284E+00  3.6477E-01
4.9238E-03  3.4898E+00  3.1251E+00  3.6477E-01
4.9275E-03  3.4904E+00  3.1256E+00  3.6477E-01
4.9312E-03  3.5091E+00  3.1444E+00  3.6478E-01
4.9350E-03  3.9425E+00  3.5777E+00  3.6478E-01
4.9388E-03  3.6612E+00  3.2964E+00  3.6478E-01
4.9425E-03  3.4830E+00  3.1182E+00  3.6479E-01
4.9463E-03  3.4599E+00  3.0951E+00  3.6479E-01
4.9500E-03  3.4497E+00  3.0849E+00  3.6479E-01
4.9538E-03  3.4421E+00  3.0773E+00  3.6479E-01
4.9575E-03  3.4779E+00  3.1131E+00  3.6480E-01
4.9613E-03  3.5215E+00  3.1567E+00  3.6480E-01
4.9650E-03  3.4270E+00  3.0622E+00  3.6480E-01
4.9688E-03  3.4175E+00  3.0527E+00  3.6480E-01
4.9725E-03  3.4126E+00  3.0478E+00  3.6481E-01
4.9762E-03  3.4925E+00  3.1277E+00  3.6481E-01
4.9800E-03  3.4065E+00  3.0417E+00  3.6481E-01
4.9837E-03  3.3947E+00  3.0299E+00  3.6481E-01
4.9875E-03  3.3905E+00  3.0257E+00  3.6482E-01
4.9913E-03  3.3850E+00  3.0202E+00  3.6482E-01
4.9950E-03  3.3838E+00  3.0190E+00  3.6482E-01
4.9987E-03  3.5036E+00  3.1388E+00  3.6482E-01
5.0025E-03  3.3666E+00  3.0017E+00  3.6483E-01
5.0063E-03  3.3606E+00  2.9957E+00  3.6483E-01
5.0100E-03  3.3547E+00  2.9899E+00  3.6483E-01
5.0137E-03  3.3514E+00  2.9866E+00  3.6483E-01
5.0175E-03  3.3447E+00  2.9798E+00  3.6484E-01
5.0213E-03  3.3392E+00  2.9744E+00  3.6484E-01
5.0250E-03  3.3327E+00  2.9679E+00  3.6484E-01
5.0288E-03  3.3274E+00  2.9625E+00  3.6484E-01
5.0325E-03  3.3219E+00  2.9570E+00  3.6485E-01
5.0362E-03  3.3163E+00  2.9515E+00  3.6485E-01
5.0400E-03  3.3145E+00  2.9497E+00  3.6485E-01
5.0437E-03  3.3072E+00  2.9424E+00  3.6485E-01
5.0475E-03  3.3005E+00  2.9356E+00  3.6486E-01
5.0513E-03  3.2954E+00  2.9305E+00  3.6486E-01
5.0550E-03  3.2905E+00  2.9256E+00  3.6486E-01
5.0587E-03  3.3152E+00  2.9503E+00  3.6486E-01
5.0625E-03  3.2895E+00  2.9246E+00  3.6487E-01
5.0663E-03  3.2734E+00  2.9085E+00  3.6487E-01
5.0700E-03  3.2691E+00  2.9043E+00  3.6487E-01
5.0738E-03  3.2639E+00  2.8991E+00  3.6487E-01
5.0775E-03  3.2577E+00  2.8928E+00  3.6488E-01
5.0813E-03  3.2623E+00  2.8975E+00  3.6488E-01
5.0850E-03  3.2497E+00  2.8848E+00  3.6488E-01
5.0888E-03  3.2415E+00  2.8767E+00  3.6488E-01
5.0925E-03  3.2367E+00  2.8718E+00  3.6489E-01
5.0963E-03  3.2336E+00  2.8687E+00  3.6489E-01
5.1000E-03  3.2500E+00  2.8851E+00  3.6489E-01
5.1037E-03  3.2297E+00  2.8648E+00  3.6489E-01
5.1075E-03  3.2177E+00  2.8528E+00  3.6489E-01
5.1113E-03  3.2108E+00  2.8459E+00  3.6490E-01
5.1150E-03  3.2055E+00  2.8406E+00  3.6490E-01
5.1188E-03  3.2037E+00  2.8388E+00  3.6490E-01
5.1225E-03  3.2016E+00  2.8367E+00  3.6490E-01
5.1262E-03  3.2801E+00  2.9152E+00  3.6491E-01
5.1300E-03  3.1848E+00  2.8198E+00  3.6491E-01
5.1338E-03  3.1790E+00  2.8141E+00  3.6491E-01
5.1375E-03  3.1745E+00  2.8096E+00  3.6491E-01
5.1413E-03  3.1688E+00  2.8039E+00  3.6492E-01
5.1450E-03  3.1678E+00  2.8029E+00  3.6492E-01
5.1488E-03  3.1592E+00  2.7943E+00  3.6492E-01
5.1525E-03  3.1554E+00  2.7905E+00  3.6492E-01
5.1563E-03  3.1507E+00  2.7858E+00  3.6493E-01
5.1600E-03  3.1439E+00  2.7790E+00  3.6493E-01
5.1637E-03  3.1384E+00  2.7735E+00  3.6493E-01
5.1675E-03  3.1355E+00  2.7705E+00  3.6493E-01
5.1712E-03  3.1362E+00  2.7712E+00  3.6493E-01
5.1750E-03  3.1245E+00  2.7595E+00  3.6494E-01
5.1788E-03  3.1224E+00  2.7575E+00  3.6494E-01
5.1825E-03  3.1382E+00  2.7733E+00  3.6494E-01
5.1862E-03  3.1304E+00  2.7655E+00  3.6494E-01
5.1900E-03  3.1358E+00  2.7709E+00  3.6495E-01
5.1937E-03  3.2226E+00  2.8576E+00  3.6495E-01
5.1975E-03  5.3749E+00  5.0099E+00  3.6495E-01
5.2013E-03  3.1402E+00  2.7752E+00  3.6495E-01
5.2050E-03  3.1030E+00  2.7380E+00  3.6495E-01
5.2088E-03  3.1373E+00  2.7723E+00  3.6496E-01
5.2125E-03  3.0978E+00  2.7328E+00  3.6496E-01
5.2163E-03  3.0700E+00  2.7050E+00  3.6496E-01
5.2200E-03  3.0649E+00  2.6999E+00  3.6496E-01
5.2238E-03  3.0597E+00  2.6948E+00  3.6497E-01
5.2275E-03  3.0717E+00  2.7067E+00  3.6497E-01
5.2312E-03  3.1005E+00  2.7355E+00  3.6497E-01
5.2350E-03  3.0692E+00  2.7042E+00  3.6497E-01
5.2388E-03  3.0512E+00  2.6862E+00  3.6497E-01
5.2425E-03  3.0352E+00  2.6703E+00  3.6498E-01
5.2463E-03  3.0283E+00  2.6633E+00  3.6498E-01
5.2500E-03  3.0236E+00  2.6586E+00  3.6498E-01
5.2537E-03  3.0169E+00  2.6520E+00  3.6498E-01
5.2575E-03  3.0121E+00  2.6471E+00  3.6499E-01
5.2613E-03  3.0234E+00  2.6585E+00  3.6499E-01
5.2650E-03  3.0232E+00  2.6582E+00  3.6499E-01
5.2687E-03  2.9993E+00  2.6343E+00  3.6499E-01
5.2725E-03  2.9950E+00  2.6300E+00  3.6499E-01
5.2763E-03  2.9878E+00  2.6228E+00  3.6500E-01
5.2800E-03  2.9825E+00  2.6175E+00  3.6500E-01
5.2838E-03  2.9778E+00  2.6128E+00  3.6500E-01
5.2875E-03  2.9781E+00  2.6131E+00  3.6500E-01
5.2912E-03  3.0053E+00  2.6403E+00  3.6500E-01
5.2950E-03  2.9661E+00  2.6011E+00  3.6501E-01
5.2988E-03  2.9586E+00  2.5936E+00  3.6501E-01
5.3025E-03  2.9532E+00  2.5882E+00  3.6501E-01
5.3063E-03  2.9496E+00  2.5846E+00  3.6501E-01
5.3100E-03  2.9493E+00  2.5843E+00  3.6502E-01
5.3137E-03  2.9471E+00  2.5821E+00  3.6502E-01
5.3175E-03  2.9355E+00  2.5705E+00  3.6502E-01
5.3212E-03  2.9287E+00  2.5637E+00  3.6502E-01
5.3250E-03  2.9244E+00  2.5594E+00  3.6502E-01
5.3288E-03  2.9188E+00  2.5538E+00  3.6503E-01
5.3325E-03  2.9164E+00  2.5514E+00  3.6503E-01
5.3362E-03  2.9107E+00  2.5457E+00  3.6503E-01
5.3400E-03  2.9047E+00  2.5397E+00  3.6503E-01
5.3438E-03  2.9570E+00  2.5920E+00  3.6503E-01
5.3475E-03  2.8962E+00  2.5312E+00  3.6504E-01
5.3513E-03  2.8948E+00  2.5298E+00  3.6504E-01
5.3550E-03  2.8884E+00  2.5233E+00  3.6504E-01
5.3587E-03  2.8842E+00  2.5192E+00  3.6504E-01
5.3625E-03  2.8824E+00  2.5174E+00  3.6504E-01
5.3663E-03  2.8863E+00  2.5212E+00  3.6505E-01
5.3700E-03  2.9062E+00  2.5411E+00  3.6505E-01
5.3738E-03  3.3368E+00  2.9718E+00  3.6505E-01
5.3775E-03  3.0729E+00  2.7079E+00  3.6505E-01
5.3812E-03  2.8990E+00  2.5339E+00  3.6506E-01
5.3850E-03  2.8693E+00  2.5043E+00  3.6506E-01
5.3887E-03  2.8482E+00  2.4832E+00  3.6506E-01
5.3925E-03  2.8479E+00  2.4828E+00  3.6506E-01
5.3963E-03  2.8376E+00  2.4725E+00  3.6506E-01
5.4000E-03  2.8331E+00  2.4680E+00  3.6507E-01
5.4038E-03  2.8290E+00  2.4639E+00  3.6507E-01
5.4075E-03  2.8202E+00  2.4551E+00  3.6507E-01
5.4113E-03  2.8159E+00  2.4508E+00  3.6507E-01
5.4150E-03  2.8091E+00  2.4440E+00  3.6507E-01
5.4187E-03  2.8044E+00  2.4393E+00  3.6508E-01
5.4225E-03  2.8045E+00  2.4394E+00  3.6508E-01
5.4263E-03  2.7947E+00  2.4296E+00  3.6508E-01
5.4300E-03  2.7899E+00  2.4249E+00  3.6508E-01
5.4338E-03  2.7878E+00  2.4228E+00  3.6508E-01
5.4375E-03  2.7887E+00  2.4236E+00  3.6509E-01
5.4412E-03  2.7787E+00  2.4136E+00  3.6509E-01
5.4450E-03  2.7729E+00  2.4078E+00  3.6509E-01
5.4487E-03  2.7664E+00  2.4013E+00  3.6509E-01
5.4525E-03  2.7628E+00  2.3977E+00  3.6509E-01
5.4563E-03  2.7871E+00  2.4220E+00  3.6509E-01
5.4600E-03  2.7527E+00  2.3876E+00  3.6510E-01
5.4637E-03  2.7582E+00  2.3931E+00  3.6510E-01
5.4675E-03  2.7452E+00  2.3801E+00  3.6510E-01
5.4713E-03  2.7410E+00  2.3759E+00  3.6510E-01
5.4750E-03  2.7383E+00  2.3732E+00  3.6510E-01
5.4788E-03  2.7317E+00  2.3666E+00  3.6511E-01
5.4825E-03  2.7886E+00  2.4235E+00  3.6511E-01
5.4863E-03  2.7292E+00  2.3641E+00  3.6511E-01
5.4900E-03  2.7343E+00  2.3692E+00  3.6511E-01
5.4938E-03  2.7267E+00  2.3616E+00  3.6511E-01
5.4975E-03  2.7503E+00  2.3852E+00  3.6512E-01
5.5013E-03  3.0984E+00  2.7333E+00  3.6512E-01
5.5050E-03  2.9698E+00  2.6047E+00  3.6512E-01
5.5087E-03  2.7325E+00  2.3674E+00  3.6512E-01
5.5125E-03  2.7072E+00  2.3421E+00  3.6512E-01
5.5163E-03  2.7017E+00  2.3365E+00  3.6513E-01
5.5200E-03  2.6982E+00  2.3330E+00  3.6513E-01
5.5238E-03  2.6930E+00  2.3279E+00  3.6513E-01
5.5275E-03  2.6922E+00  2.3271E+00  3.6513E-01
5.5312E-03  2.6927E+00  2.3275E+00  3.6513E-01
5.5350E-03  2.6792E+00  2.3140E+00  3.6514E-01
5.5388E-03  2.6782E+00  2.3131E+00  3.6514E-01
5.5425E-03  2.6752E+00  2.3101E+00  3.6514E-01
5.5462E-03  2.6754E+00  2.3103E+00  3.6514E-01
5.5500E-03  2.6791E+00  2.3139E+00  3.6514E-01
5.5538E-03  2.6677E+00  2.3025E+00  3.6514E-01
5.5575E-03  2.6660E+00  2.3009E+00  3.6515E-01
5.5613E-03  2.6666E+00  2.3015E+00  3.6515E-01
5.5650E-03  2.7373E+00  2.3721E+00  3.6515E-01
5.5687E-03  2.6736E+00  2.3084E+00  3.6515E-01
5.5725E-03  2.6611E+00  2.2960E+00  3.6515E-01
5.5762E-03  2.6560E+00  2.2908E+00  3.6516E-01
5.5800E-03  2.6536E+00  2.2884E+00  3.6516E-01
5.5838E-03  2.6520E+00  2.2869E+00  3.6516E-01
5.5875E-03  2.6538E+00  2.2887E+00  3.6516E-01
5.5912E-03  2.6486E+00  2.2835E+00  3.6516E-01
5.5950E-03  2.6471E+00  2.2819E+00  3.6516E-01
5.5988E-03  2.6451E+00  2.2799E+00  3.6517E-01
5.6025E-03  2.6422E+00  2.2770E+00  3.6517E-01
5.6063E-03  2.6415E+00  2.2763E+00  3.6517E-01
5.6100E-03  2.6387E+00  2.2736E+00  3.6517E-01
5.6138E-03  2.6361E+00  2.2709E+00  3.6517E-01
5.6175E-03  2.7085E+00  2.3433E+00  3.6518E-01
5.6213E-03  2.6352E+00  2.2700E+00  3.6518E-01
5.6250E-03  2.6399E+00  2.2747E+00  3.6518E-01
5.6288E-03  2.6316E+00  2.2664E+00  3.6518E-01
5.6325E-03  2.6292E+00  2.2640E+00  3.6518E-01
5.6362E-03  2.6231E+00  2.2579E+00  3.6518E-01
5.6400E-03  2.6212E+00  2.2560E+00  3.6519E-01
5.6438E-03  2.6174E+00  2.2523E+00  3.6519E-01
5.6475E-03  2.6204E+00  2.2552E+00  3.6519E-01
5.6513E-03  2.8126E+00  2.4474E+00  3.6519E-01
5.6550E-03  2.6130E+00  2.2478E+00  3.6519E-01
5.6587E-03  2.6021E+00  2.2369E+00  3.6519E-01
5.6625E-03  2.5985E+00  2.2333E+00  3.6520E-01
5.6663E-03  2.6041E+00  2.2389E+00  3.6520E-01
5.6700E-03  2.6659E+00  2.3007E+00  3.6520E-01
5.6738E-03  2.5901E+00  2.2249E+00  3.6520E-01
5.6775E-03  2.5853E+00  2.2201E+00  3.6520E-01
5.6813E-03  2.5827E+00  2.2175E+00  3.6521E-01
5.6850E-03  2.5765E+00  2.2113E+00  3.6521E-01
5.6888E-03  2.5973E+00  2.2321E+00  3.6521E-01
5.6925E-03  2.5706E+00  2.2054E+00  3.6521E-01
5.6962E-03  2.5642E+00  2.1990E+00  3.6521E-01
5.7000E-03  2.5606E+00  2.1953E+00  3.6521E-01
5.7038E-03  2.5623E+00  2.1971E+00  3.6522E-01
5.7075E-03  2.5568E+00  2.1916E+00  3.6522E-01
5.7113E-03  2.5541E+00  2.1889E+00  3.6522E-01
5.7150E-03  2.5492E+00  2.1840E+00  3.6522E-01
5.7187E-03  2.5429E+00  2.1776E+00  3.6522E-01
5.7225E-03  2.5399E+00  2.1746E+00  3.6522E-01
5.7262E-03  2.9892E+01  2.9526E+01  3.6523E-01
5.7300E-03  2.5352E+00  2.1700E+00  3.6523E-01
5.7338E-03  2.5318E+00  2.1666E+00  3.6523E-01
5.7375E-03  2.5254E+00  2.1602E+00  3.6523E-01
5.7413E-03  2.5214E+00  2.1562E+00  3.6523E-01
5.7450E-03  2.5179E+00  2.1527E+00  3.6523E-01
5.7488E-03  2.5136E+00  2.1484E+00  3.6524E-01
5.7525E-03  2.5125E+00  2.1472E+00  3.6524E-01
5.7563E-03  2.5260E+00  2.1607E+00  3.6524E-01
5.7600E-03  2.5133E+00  2.1480E+00  3.6524E-01
5.7637E-03  2.5010E+00  2.1357E+00  3.6524E-01
5.7675E-03  2.4975E+00  2.1323E+00  3.6524E-01
5.7713E-03  2.4943E+00  2.1290E+00  3.6525E-01
5.7750E-03  2.4946E+00  2.1294E+00  3.6525E-01
5.7788E-03  2.4967E+00  2.1314E+00  3.6525E-01
5.7825E-03  2.4856E+00  2.1204E+00  3.6525E-01
5.7862E-03  2.4798E+00  2.1145E+00  3.6525E-01
5.7900E-03  2.4788E+00  2.1135E+00  3.6525E-01
5.7937E-03  2.4798E+00  2.1146E+00  3.6526E-01
5.7975E-03  2.4727E+00  2.1075E+00  3.6526E-01
5.8012E-03  2.4702E+00  2.1050E+00  3.6526E-01
5.8050E-03  2.4643E+00  2.0990E+00  3.6526E-01
5.8088E-03  2.4643E+00  2.0990E+00  3.6526E-01
5.8125E-03  2.4738E+00  2.1086E+00  3.6526E-01
5.8163E-03  2.4562E+00  2.0910E+00  3.6527E-01
5.8200E-03  2.4556E+00  2.0903E+00  3.6527E-01
5.8237E-03  2.4477E+00  2.0825E+00  3.6527E-01
5.8275E-03  2.4437E+00  2.0785E+00  3.6527E-01
5.8313E-03  2.4460E+00  2.0807E+00  3.6527E-01
5.8350E-03  2.5681E+00  2.2028E+00  3.6527E-01
5.8388E-03  2.4460E+00  2.0807E+00  3.6528E-01
5.8425E-03  2.4295E+00  2.0642E+00  3.6528E-01
5.8462E-03  2.4504E+00  2.0851E+00  3.6528E-01
5.8500E-03  2.4216E+00  2.0563E+00  3.6528E-01
5.8537E-03  2.4184E+00  2.0531E+00  3.6528E-01
5.8575E-03  2.4278E+00  2.0625E+00  3.6528E-01
5.8613E-03  2.4135E+00  2.0482E+00  3.6529E-01
5.8650E-03  2.4084E+00  2.0432E+00  3.6529E-01
5.8687E-03  2.4085E+00  2.0432E+00  3.6529E-01
5.8725E-03  2.4058E+00  2.0405E+00  3.6529E-01
5.8763E-03  2.3996E+00  2.0343E+00  3.6529E-01
5.8800E-03  2.4080E+00  2.0427E+00  3.6529E-01
5.8838E-03  2.3941E+00  2.0288E+00  3.6529E-01
5.8875E-03  2.3890E+00  2.0237E+00  3.6530E-01
5.8913E-03  2.3859E+00  2.0206E+00  3.6530E-01
5.8950E-03  2.3844E+00  2.0191E+00  3.6530E-01
5.8988E-03  2.3831E+00  2.0178E+00  3.6530E-01
5.9025E-03  2.3776E+00  2.0123E+00  3.6530E-01
5.9063E-03  2.3733E+00  2.0080E+00  3.6530E-01
5.9100E-03  2.3698E+00  2.0045E+00  3.6531E-01
5.9137E-03  2.3670E+00  2.0017E+00  3.6531E-01
5.9175E-03  2.3637E+00  1.9984E+00  3.6531E-01
5.9212E-03  2.3889E+00  2.0236E+00  3.6531E-01
5.9250E-03  2.5255E+00  2.1602E+00  3.6531E-01
5.9287E-03  2.3585E+00  1.9932E+00  3.6531E-01
5.9325E-03  2.3521E+00  1.9868E+00  3.6531E-01
5.9363E-03  2.3543E+00  1.9890E+00  3.6532E-01
5.9400E-03  2.3468E+00  1.9815E+00  3.6532E-01
5.9438E-03  2.3440E+00  1.9787E+00  3.6532E-01
5.9475E-03  2.3397E+00  1.9743E+00  3.6532E-01
5.9512E-03  2.3402E+00  1.9749E+00  3.6532E-01
5.9550E-03  2.3356E+00  1.9702E+00  3.6532E-01
5.9588E-03  2.3304E+00  1.9651E+00  3.6533E-01
5.9625E-03  2.4738E+00  2.1085E+00  3.6533E-01
5.9663E-03  2.3267E+00  1.9613E+00  3.6533E-01
5.9700E-03  2.3213E+00  1.9560E+00  3.6533E-01
5.9737E-03  2.3190E+00  1.9536E+00  3.6533E-01
5.9775E-03  2.3151E+00  1.9498E+00  3.6533E-01
5.9812E-03  2.3107E+00  1.9454E+00  3.6533E-01
5.9850E-03  2.3094E+00  1.9441E+00  3.6534E-01
5.9888E-03  2.3064E+00  1.9411E+00  3.6534E-01
5.9925E-03  2.3016E+00  1.9363E+00  3.6534E-01
5.9962E-03  2.2988E+00  1.9334E+00  3.6534E-01
6.0000E-03  2.2954E+00  1.9301E+00  3.6534E-01
6.0038E-03  2.2925E+00  1.9271E+00  3.6534E-01
6.0075E-03  2.2895E+00  1.9241E+00  3.6534E-01
6.0113E-03  2.2890E+00  1.9237E+00  3.6535E-01
6.0150E-03  2.2833E+00  1.9179E+00  3.6535E-01
6.0188E-03  2.2804E+00  1.9150E+00  3.6535E-01
6.0225E-03  2.2772E+00  1.9119E+00  3.6535E-01
6.0263E-03  2.2746E+00  1.9092E+00  3.6535E-01
6.0300E-03  2.4301E+00  2.0647E+00  3.6535E-01
6.0338E-03  2.2698E+00  1.9045E+00  3.6535E-01
6.0375E-03  2.2663E+00  1.9010E+00  3.6536E-01
6.0412E-03  2.2675E+00  1.9021E+00  3.6536E-01
6.0450E-03  2.3004E+00  1.9350E+00  3.6536E-01
6.0487E-03  2.2566E+00  1.8913E+00  3.6536E-01
6.0525E-03  2.2580E+00  1.8927E+00  3.6536E-01
6.0563E-03  2.2659E+00  1.9006E+00  3.6536E-01
6.0600E-03  2.2480E+00  1.8826E+00  3.6536E-01
6.0638E-03  2.2455E+00  1.8801E+00  3.6537E-01
6.0675E-03  2.2422E+00  1.8769E+00  3.6537E-01
6.0713E-03  2.2447E+00  1.8794E+00  3.6537E-01
6.0750E-03  2.2775E+00  1.9121E+00  3.6537E-01
6.0788E-03  2.2338E+00  1.8684E+00  3.6537E-01
6.0825E-03  2.2303E+00  1.8650E+00  3.6537E-01
6.0863E-03  2.2437E+00  1.8784E+00  3.6537E-01
6.0900E-03  2.3530E+00  1.9876E+00  3.6538E-01
6.0938E-03  2.2249E+00  1.8596E+00  3.6538E-01
6.0975E-03  2.2202E+00  1.8548E+00  3.6538E-01
6.1012E-03  2.2158E+00  1.8504E+00  3.6538E-01
6.1050E-03  2.2134E+00  1.8480E+00  3.6538E-01
6.1087E-03  2.2141E+00  1.8487E+00  3.6538E-01
6.1125E-03  2.2117E+00  1.8464E+00  3.6538E-01
6.1162E-03  2.2082E+00  1.8428E+00  3.6539E-01
6.1200E-03  2.2072E+00  1.8418E+00  3.6539E-01
6.1237E-03  2.1991E+00  1.8337E+00  3.6539E-01
6.1275E-03  2.1963E+00  1.8309E+00  3.6539E-01
6.1313E-03  2.1941E+00  1.8287E+00  3.6539E-01
6.1350E-03  2.1903E+00  1.8249E+00  3.6539E-01
6.1388E-03  2.1881E+00  1.8227E+00  3.6539E-01
6.1425E-03  2.1846E+00  1.8192E+00  3.6540E-01
6.1463E-03  2.1821E+00  1.8167E+00  3.6540E-01
6.1500E-03  2.1810E+00  1.8156E+00  3.6540E-01
6.1538E-03  2.1768E+00  1.8114E+00  3.6540E-01
6.1575E-03  2.1738E+00  1.8084E+00  3.6540E-01
6.1613E-03  2.1711E+00  1.8057E+00  3.6540E-01
6.1650E-03  2.1697E+00  1.8043E+00  3.6540E-01
6.1687E-03  2.1699E+00  1.8045E+00  3.6540E-01
6.1725E-03  2.1705E+00  1.8051E+00  3.6541E-01
6.1762E-03  2.1623E+00  1.7969E+00  3.6541E-01
6.1800E-03  2.1571E+00  1.7916E+00  3.6541E-01
6.1837E-03  2.1563E+00  1.7909E+00  3.6541E-01
6.1875E-03  2.1516E+00  1.7862E+00  3.6541E-01
6.1913E-03  2.2039E+00  1.8385E+00  3.6541E-01
6.1950E-03  2.1525E+00  1.7871E+00  3.6541E-01
6.1988E-03  2.2860E+00  1.9206E+00  3.6542E-01
6.2025E-03  2.1436E+00  1.7782E+00  3.6542E-01
6.2063E-03  2.1380E+00  1.7726E+00  3.6542E-01
6.2100E-03  2.1371E+00  1.7717E+00  3.6542E-01
6.2138E-03  2.1976E+00  1.8322E+00  3.6542E-01
6.2175E-03  2.1406E+00  1.7752E+00  3.6542E-01
6.2213E-03  2.1297E+00  1.7642E+00  3.6542E-01
6.2250E-03  2.1288E+00  1.7633E+00  3.6542E-01
6.2287E-03  2.1358E+00  1.7703E+00  3.6543E-01
6.2325E-03  2.1246E+00  1.7592E+00  3.6543E-01
6.2362E-03  2.1205E+00  1.7551E+00  3.6543E-01
6.2400E-03  2.1166E+00  1.7511E+00  3.6543E-01
6.2437E-03  2.1144E+00  1.7490E+00  3.6543E-01
6.2475E-03  2.1099E+00  1.7444E+00  3.6543E-01
6.2513E-03  2.1090E+00  1.7435E+00  3.6543E-01
6.2550E-03  2.1476E+00  1.7821E+00  3.6544E-01
6.2588E-03  2.1042E+00  1.7387E+00  3.6544E-01
6.2625E-03  2.1000E+00  1.7346E+00  3.6544E-01
6.2663E-03  2.1010E+00  1.7355E+00  3.6544E-01
6.2700E-03  2.0939E+00  1.7285E+00  3.6544E-01
6.2738E-03  2.0906E+00  1.7251E+00  3.6544E-01
6.2775E-03  2.1141E+00  1.7487E+00  3.6544E-01
6.2813E-03  2.0854E+00  1.7199E+00  3.6544E-01
6.2850E-03  2.0839E+00  1.7184E+00  3.6545E-01
6.2888E-03  2.0799E+00  1.7144E+00  3.6545E-01
6.2925E-03  2.0778E+00  1.7123E+00  3.6545E-01
6.2962E-03  2.1341E+00  1.7687E+00  3.6545E-01
6.3000E-03  2.0758E+00  1.7104E+00  3.6545E-01
6.3037E-03  2.0756E+00  1.7101E+00  3.6545E-01
6.3075E-03  2.0667E+00  1.7013E+00  3.6545E-01
6.3112E-03  2.0651E+00  1.6996E+00  3.6545E-01
6.3150E-03  2.0632E+00  1.6977E+00  3.6546E-01
6.3188E-03  2.0603E+00  1.6948E+00  3.6546E-01
6.3225E-03  2.0570E+00  1.6916E+00  3.6546E-01
6.3263E-03  2.0540E+00  1.6885E+00  3.6546E-01
6.3300E-03  2.0515E+00  1.6861E+00  3.6546E-01
6.3337E-03  2.0488E+00  1.6833E+00  3.6546E-01
6.3375E-03  2.0464E+00  1.6809E+00  3.6546E-01
6.3413E-03  2.0805E+00  1.7150E+00  3.6546E-01
6.3450E-03  2.0427E+00  1.6772E+00  3.6547E-01
6.3488E-03  2.0386E+00  1.6731E+00  3.6547E-01
6.3525E-03  2.0361E+00  1.6706E+00  3.6547E-01
6.3562E-03  2.0337E+00  1.6682E+00  3.6547E-01
6.3600E-03  2.0311E+00  1.6657E+00  3.6547E-01
6.3637E-03  2.0296E+00  1.6641E+00  3.6547E-01
6.3675E-03  2.0476E+00  1.6821E+00  3.6547E-01
6.3712E-03  2.0256E+00  1.6602E+00  3.6547E-01
6.3750E-03  2.0211E+00  1.6556E+00  3.6548E-01
6.3788E-03  2.0208E+00  1.6553E+00  3.6548E-01
6.3825E-03  2.0173E+00  1.6518E+00  3.6548E-01
6.3863E-03  2.0220E+00  1.6565E+00  3.6548E-01
6.3900E-03  2.0156E+00  1.6501E+00  3.6548E-01
6.3938E-03  2.0097E+00  1.6442E+00  3.6548E-01
6.3975E-03  2.0065E+00  1.6410E+00  3.6548E-01
6.4012E-03  2.0039E+00  1.6385E+00  3.6548E-01
6.4050E-03  2.0045E+00  1.6390E+00  3.6549E-01
6.4088E-03  2.0018E+00  1.6363E+00  3.6549E-01
6.4125E-03  1.9978E+00  1.6323E+00  3.6549E-01
6.4163E-03  1.9943E+00  1.6288E+00  3.6549E-01
6.4200E-03  1.9917E+00  1.6262E+00  3.6549E-01
6.4237E-03  1.9899E+00  1.6244E+00  3.6549E-01
6.4275E-03  1.9878E+00  1.6223E+00  3.6549E-01
6.4312E-03  1.9841E+00  1.6186E+00  3.6549E-01
6.4350E-03  1.9819E+00  1.6164E+00  3.6549E-01
6.4388E-03  1.9795E+00  1.6140E+00  3.6550E-01
6.4425E-03  1.9775E+00  1.6120E+00  3.6550E-01
6.4463E-03  1.9754E+00  1.6099E+00  3.6550E-01
6.4500E-03  1.9747E+00  1.6092E+00  3.6550E-01
6.4538E-03  1.9719E+00  1.6064E+00  3.6550E-01
6.4575E-03  1.9677E+00  1.6022E+00  3.6550E-01
6.4612E-03  1.9662E+00  1.6007E+00  3.6550E-01
6.4650E-03  1.9634E+00  1.5979E+00  3.6550E-01
6.4688E-03  1.9600E+00  1.5945E+00  3.6551E-01
6.4725E-03  1.9596E+00  1.5941E+00  3.6551E-01
6.4763E-03  1.9750E+00  1.6095E+00  3.6551E-01
6.4800E-03  1.9654E+00  1.5999E+00  3.6551E-01
6.4837E-03  1.9545E+00  1.5890E+00  3.6551E-01
6.4875E-03  1.9505E+00  1.5850E+00  3.6551E-01
6.4912E-03  1.9569E+00  1.5914E+00  3.6551E-01
6.4950E-03  1.9455E+00  1.5800E+00  3.6551E-01
6.4987E-03  1.9412E+00  1.5757E+00  3.6551E-01
6.5025E-03  1.9420E+00  1.5764E+00  3.6552E-01
6.5063E-03  1.9413E+00  1.5758E+00  3.6552E-01
6.5100E-03  1.9374E+00  1.5719E+00  3.6552E-01
6.5138E-03  1.9382E+00  1.5727E+00  3.6552E-01
6.5175E-03  1.9337E+00  1.5682E+00  3.6552E-01
6.5213E-03  1.9287E+00  1.5631E+00  3.6552E-01
6.5250E-03  1.9259E+00  1.5604E+00  3.6552E-01
6.5287E-03  1.9229E+00  1.5574E+00  3.6552E-01
6.5325E-03  1.9253E+00  1.5598E+00  3.6552E-01
6.5363E-03  1.9843E+00  1.6188E+00  3.6553E-01
6.5400E-03  2.0535E+00  1.6879E+00  3.6553E-01
6.5438E-03  1.9125E+00  1.5470E+00  3.6553E-01
6.5475E-03  1.9098E+00  1.5443E+00  3.6553E-01
6.5512E-03  1.9077E+00  1.5422E+00  3.6553E-01
6.5550E-03  1.9058E+00  1.5402E+00  3.6553E-01
6.5587E-03  1.9031E+00  1.5376E+00  3.6553E-01
6.5625E-03  1.9106E+00  1.5451E+00  3.6553E-01
6.5663E-03  1.8986E+00  1.5331E+00  3.6554E-01
6.5700E-03  1.8962E+00  1.5307E+00  3.6554E-01
6.5738E-03  1.8997E+00  1.5342E+00  3.6554E-01
6.5775E-03  1.8927E+00  1.5272E+00  3.6554E-01
6.5813E-03  1.8888E+00  1.5233E+00  3.6554E-01
6.5850E-03  1.8874E+00  1.5219E+00  3.6554E-01
6.5887E-03  1.8917E+00  1.5262E+00  3.6554E-01
6.5925E-03  1.8835E+00  1.5179E+00  3.6554E-01
6.5962E-03  1.8851E+00  1.5195E+00  3.6554E-01
6.6000E-03  1.8773E+00  1.5117E+00  3.6555E-01
6.6038E-03  1.8750E+00  1.5095E+00  3.6555E-01
6.6075E-03  1.8727E+00  1.5072E+00  3.6555E-01
6.6112E-03  1.8745E+00  1.5089E+00  3.6555E-01
6.6150E-03  2.6411E+00  2.2756E+00  3.6555E-01
6.6187E-03  1.8770E+00  1.5115E+00  3.6555E-01
6.6225E-03  1.8635E+00  1.4979E+00  3.6555E-01
6.6263E-03  1.8637E+00  1.4982E+00  3.6555E-01
6.6300E-03  1.8598E+00  1.4942E+00  3.6555E-01
6.6338E-03  1.8597E+00  1.4942E+00  3.6555E-01
6.6375E-03  1.8543E+00  1.4888E+00  3.6556E-01
6.6413E-03  1.8527E+00  1.4872E+00  3.6556E-01
6.6450E-03  1.8624E+00  1.4969E+00  3.6556E-01
6.6488E-03  1.8479E+00  1.4824E+00  3.6556E-01
6.6525E-03  1.8454E+00  1.4799E+00  3.6556E-01
6.6562E-03  1.8429E+00  1.4773E+00  3.6556E-01
6.6600E-03  1.8410E+00  1.4754E+00  3.6556E-01
6.6638E-03  1.8384E+00  1.4728E+00  3.6556E-01
6.6675E-03  1.8368E+00  1.4713E+00  3.6556E-01
6.6713E-03  1.8517E+00  1.4861E+00  3.6557E-01
6.6750E-03  1.8329E+00  1.4674E+00  3.6557E-01
6.6787E-03  1.8507E+00  1.4852E+00  3.6557E-01
6.6825E-03  1.8483E+00  1.4827E+00  3.6557E-01
6.6862E-03  1.8249E+00  1.4593E+00  3.6557E-01
6.6900E-03  1.8245E+00  1.4590E+00  3.6557E-01
6.6938E-03  1.8356E+00  1.4700E+00  3.6557E-01
6.6975E-03  1.8205E+00  1.4549E+00  3.6557E-01
6.7013E-03  3.4356E+00  3.0700E+00  3.6557E-01
6.7050E-03  1.8674E+00  1.5018E+00  3.6558E-01
6.7088E-03  1.8134E+00  1.4478E+00  3.6558E-01
6.7125E-03  1.8093E+00  1.4437E+00  3.6558E-01
6.7162E-03  1.8067E+00  1.4411E+00  3.6558E-01
6.7200E-03  1.8091E+00  1.4435E+00  3.6558E-01
6.7237E-03  1.8111E+00  1.4455E+00  3.6558E-01
6.7275E-03  3.2331E+00  2.8675E+00  3.6558E-01
6.7313E-03  1.7982E+00  1.4326E+00  3.6558E-01
6.7350E-03  1.7955E+00  1.4299E+00  3.6558E-01
6.7387E-03  1.7934E+00  1.4278E+00  3.6558E-01
6.7425E-03  1.7913E+00  1.4257E+00  3.6559E-01
6.7462E-03  1.7916E+00  1.4260E+00  3.6559E-01
6.7500E-03  1.7881E+00  1.4225E+00  3.6559E-01
6.7538E-03  4.1620E+00  3.7964E+00  3.6559E-01
6.7575E-03  1.7858E+00  1.4202E+00  3.6559E-01
6.7613E-03  1.7915E+00  1.4259E+00  3.6559E-01
6.7650E-03  1.8242E+00  1.4586E+00  3.6559E-01
6.7688E-03  1.7812E+00  1.4156E+00  3.6559E-01
6.7725E-03  1.7773E+00  1.4117E+00  3.6559E-01
6.7763E-03  1.7741E+00  1.4085E+00  3.6559E-01
6.7800E-03  1.7738E+00  1.4082E+00  3.6560E-01
6.7837E-03  2.0059E+00  1.6403E+00  3.6560E-01
6.7875E-03  1.7903E+00  1.4247E+00  3.6560E-01
6.7912E-03  1.7639E+00  1.3983E+00  3.6560E-01
6.7950E-03  1.7639E+00  1.3983E+00  3.6560E-01
6.7988E-03  1.7580E+00  1.3924E+00  3.6560E-01
6.8025E-03  1.8053E+00  1.4397E+00  3.6560E-01
6.8062E-03  1.7901E+00  1.4245E+00  3.6560E-01
6.8100E-03  1.9193E+00  1.5537E+00  3.6560E-01
6.8138E-03  1.7732E+00  1.4076E+00  3.6561E-01
6.8175E-03  1.7476E+00  1.3820E+00  3.6561E-01
6.8213E-03  1.7452E+00  1.3796E+00  3.6561E-01
6.8250E-03  1.7969E+00  1.4313E+00  3.6561E-01
6.8288E-03  1.7430E+00  1.3773E+00  3.6561E-01
6.8325E-03  1.7572E+00  1.3916E+00  3.6561E-01
6.8363E-03  1.7588E+00  1.3932E+00  3.6561E-01
6.8400E-03  1.7538E+00  1.3882E+00  3.6561E-01
6.8438E-03  1.7387E+00  1.3731E+00  3.6561E-01
6.8475E-03  1.7461E+00  1.3805E+00  3.6561E-01
6.8512E-03  1.7275E+00  1.3619E+00  3.6561E-01
6.8550E-03  1.7253E+00  1.3597E+00  3.6562E-01
6.8587E-03  1.7252E+00  1.3596E+00  3.6562E-01
6.8625E-03  1.7208E+00  1.3552E+00  3.6562E-01
6.8662E-03  1.7237E+00  1.3581E+00  3.6562E-01
6.8700E-03  1.7225E+00  1.3569E+00  3.6562E-01
6.8737E-03  1.7148E+00  1.3492E+00  3.6562E-01
6.8775E-03  1.7126E+00  1.3470E+00  3.6562E-01
6.8813E-03  1.7104E+00  1.3447E+00  3.6562E-01
6.8850E-03  1.7082E+00  1.3426E+00  3.6562E-01
6.8888E-03  1.7119E+00  1.3462E+00  3.6562E-01
6.8925E-03  1.7779E+00  1.4122E+00  3.6563E-01
6.8963E-03  1.7033E+00  1.3377E+00  3.6563E-01
6.9000E-03  1.7006E+00  1.3350E+00  3.6563E-01
6.9038E-03  1.6981E+00  1.3325E+00  3.6563E-01
6.9075E-03  1.7141E+00  1.3485E+00  3.6563E-01
6.9112E-03  1.7802E+00  1.4146E+00  3.6563E-01
6.9150E-03  1.6919E+00  1.3262E+00  3.6563E-01
6.9187E-03  1.6907E+00  1.3251E+00  3.6563E-01
6.9225E-03  1.6884E+00  1.3227E+00  3.6563E-01
6.9263E-03  1.6879E+00  1.3222E+00  3.6563E-01
6.9300E-03  1.6848E+00  1.3192E+00  3.6564E-01
6.9337E-03  2.8444E+00  2.4788E+00  3.6564E-01
6.9375E-03  1.6813E+00  1.3157E+00  3.6564E-01
6.9413E-03  1.6797E+00  1.3141E+00  3.6564E-01
6.9450E-03  1.6765E+00  1.3108E+00  3.6564E-01
6.9488E-03  1.6853E+00  1.3197E+00  3.6564E-01
6.9525E-03  1.7856E+00  1.4200E+00  3.6564E-01
6.9563E-03  1.7298E+00  1.3642E+00  3.6564E-01
6.9600E-03  1.6680E+00  1.3024E+00  3.6564E-01
6.9638E-03  1.6732E+00  1.3076E+00  3.6564E-01
6.9675E-03  1.6668E+00  1.3012E+00  3.6564E-01
6.9713E-03  1.6656E+00  1.2999E+00  3.6565E-01
6.9750E-03  4.0203E+00  3.6546E+00  3.6565E-01
6.9787E-03  1.7244E+00  1.3588E+00  3.6565E-01
6.9825E-03  1.6594E+00  1.2938E+00  3.6565E-01
6.9862E-03  1.6554E+00  1.2898E+00  3.6565E-01
6.9900E-03  1.6528E+00  1.2871E+00  3.6565E-01
6.9937E-03  1.6509E+00  1.2852E+00  3.6565E-01
6.9975E-03  1.6625E+00  1.2968E+00  3.6565E-01
7.0013E-03  1.6472E+00  1.2816E+00  3.6565E-01
7.0050E-03  1.6593E+00  1.2937E+00  3.6565E-01
7.0088E-03  1.6437E+00  1.2780E+00  3.6565E-01
7.0125E-03  1.6416E+00  1.2759E+00  3.6566E-01
7.0163E-03  1.6407E+00  1.2751E+00  3.6566E-01
7.0200E-03  1.6402E+00  1.2745E+00  3.6566E-01
7.0238E-03  1.6370E+00  1.2714E+00  3.6566E-01
7.0275E-03  1.7117E+00  1.3460E+00  3.6566E-01
7.0313E-03  1.6270E+01  1.5904E+01  3.6566E-01
7.0350E-03  1.6344E+00  1.2687E+00  3.6566E-01
7.0387E-03  1.6293E+00  1.2636E+00  3.6566E-01
7.0425E-03  1.6314E+00  1.2658E+00  3.6566E-01
7.0462E-03  1.6254E+00  1.2598E+00  3.6566E-01
7.0500E-03  1.6649E+00  1.2993E+00  3.6567E-01
7.0537E-03  1.6219E+00  1.2562E+00  3.6567E-01
7.0575E-03  1.6205E+00  1.2548E+00  3.6567E-01
7.0612E-03  2.2297E+00  1.8640E+00  3.6567E-01
7.0650E-03  1.6173E+00  1.2516E+00  3.6567E-01
7.0688E-03  1.6146E+00  1.2490E+00  3.6567E-01
7.0725E-03  1.6128E+00  1.2471E+00  3.6567E-01
7.0763E-03  1.6445E+00  1.2789E+00  3.6567E-01
7.0800E-03  1.6101E+00  1.2445E+00  3.6567E-01
7.0838E-03  1.6079E+00  1.2422E+00  3.6567E-01
7.0875E-03  1.6065E+00  1.2409E+00  3.6567E-01
7.0913E-03  1.6040E+00  1.2384E+00  3.6567E-01
7.0950E-03  1.6023E+00  1.2366E+00  3.6568E-01
7.0988E-03  1.6007E+00  1.2351E+00  3.6568E-01
7.1025E-03  1.6023E+00  1.2366E+00  3.6568E-01
7.1062E-03  1.5973E+00  1.2316E+00  3.6568E-01
7.1100E-03  1.7766E+00  1.4109E+00  3.6568E-01
7.1137E-03  1.5986E+00  1.2329E+00  3.6568E-01
7.1175E-03  1.5976E+00  1.2319E+00  3.6568E-01
7.1212E-03  2.2404E+00  1.8747E+00  3.6568E-01
7.1250E-03  1.5898E+00  1.2241E+00  3.6568E-01
7.1288E-03  1.5878E+00  1.2221E+00  3.6568E-01
7.1325E-03  1.5859E+00  1.2202E+00  3.6568E-01
7.1363E-03  1.5838E+00  1.2182E+00  3.6569E-01
7.1400E-03  1.5987E+00  1.2330E+00  3.6569E-01
7.1438E-03  1.5810E+00  1.2153E+00  3.6569E-01
7.1475E-03  1.5789E+00  1.2132E+00  3.6569E-01
7.1513E-03  1.5770E+00  1.2113E+00  3.6569E-01
7.1550E-03  1.5754E+00  1.2098E+00  3.6569E-01
7.1588E-03  1.5735E+00  1.2078E+00  3.6569E-01
7.1625E-03  1.5720E+00  1.2063E+00  3.6569E-01
7.1662E-03  1.5718E+00  1.2061E+00  3.6569E-01
7.1700E-03  1.5689E+00  1.2032E+00  3.6569E-01
7.1737E-03  1.5676E+00  1.2019E+00  3.6569E-01
7.1775E-03  1.5657E+00  1.2000E+00  3.6569E-01
7.1812E-03  1.6746E+00  1.3089E+00  3.6570E-01
7.1850E-03  1.5631E+00  1.1974E+00  3.6570E-01
7.1888E-03  1.5676E+00  1.2019E+00  3.6570E-01
7.1925E-03  1.5649E+00  1.1992E+00  3.6570E-01
7.1963E-03  1.5863E+00  1.2206E+00  3.6570E-01
7.2000E-03  1.5565E+00  1.1908E+00  3.6570E-01
7.2038E-03  1.5542E+00  1.1885E+00  3.6570E-01
7.2075E-03  1.5533E+00  1.1876E+00  3.6570E-01
7.2113E-03  1.5790E+00  1.2133E+00  3.6570E-01
7.2150E-03  1.5548E+00  1.1891E+00  3.6570E-01
7.2188E-03  1.5574E+00  1.1917E+00  3.6570E-01
7.2225E-03  1.5527E+00  1.1870E+00  3.6571E-01
7.2263E-03  1.6677E+00  1.3020E+00  3.6571E-01
7.2300E-03  1.5431E+00  1.1774E+00  3.6571E-01
7.2337E-03  1.5410E+00  1.1753E+00  3.6571E-01
7.2375E-03  1.5395E+00  1.1738E+00  3.6571E-01
7.2412E-03  1.5379E+00  1.1722E+00  3.6571E-01
7.2450E-03  1.5368E+00  1.1711E+00  3.6571E-01
7.2487E-03  1.5653E+00  1.1996E+00  3.6571E-01
7.2525E-03  1.5344E+00  1.1687E+00  3.6571E-01
7.2563E-03  1.5363E+00  1.1706E+00  3.6571E-01
7.2600E-03  1.5302E+00  1.1645E+00  3.6571E-01
7.2638E-03  2.4435E+00  2.0777E+00  3.6571E-01
7.2675E-03  1.5275E+00  1.1618E+00  3.6572E-01
7.2712E-03  1.5255E+00  1.1598E+00  3.6572E-01
7.2750E-03  1.5239E+00  1.1582E+00  3.6572E-01
7.2788E-03  1.5225E+00  1.1568E+00  3.6572E-01
7.2825E-03  1.5211E+00  1.1553E+00  3.6572E-01
7.2863E-03  1.5193E+00  1.1536E+00  3.6572E-01
7.2900E-03  1.5184E+00  1.1527E+00  3.6572E-01
7.2937E-03  1.5170E+00  1.1513E+00  3.6572E-01
7.2975E-03  1.5155E+00  1.1498E+00  3.6572E-01
7.3012E-03  1.5133E+00  1.1476E+00  3.6572E-01
7.3050E-03  1.5135E+00  1.1478E+00  3.6572E-01
7.3087E-03  1.5136E+00  1.1479E+00  3.6572E-01
7.3125E-03  1.5155E+00  1.1498E+00  3.6572E-01
7.3163E-03  1.5074E+00  1.1417E+00  3.6573E-01
7.3200E-03  1.5055E+00  1.1398E+00  3.6573E-01
7.3238E-03  1.5042E+00  1.1385E+00  3.6573E-01
7.3275E-03  1.5032E+00  1.1375E+00  3.6573E-01
7.3313E-03  1.5014E+00  1.1356E+00  3.6573E-01
7.3350E-03  1.5128E+00  1.1471E+00  3.6573E-01
7.3388E-03  1.4988E+00  1.1330E+00  3.6573E-01
7.3425E-03  1.4995E+00  1.1338E+00  3.6573E-01
7.3463E-03  1.4963E+00  1.1306E+00  3.6573E-01
7.3500E-03  1.5011E+00  1.1354E+00  3.6573E-01
7.3538E-03  1.4925E+00  1.1268E+00  3.6573E-01
7.3575E-03  1.4919E+00  1.1262E+00  3.6573E-01
7.3612E-03  1.4892E+00  1.1234E+00  3.6574E-01
7.3650E-03  1.4879E+00  1.1221E+00  3.6574E-01
7.3687E-03  1.4868E+00  1.1211E+00  3.6574E-01
7.3725E-03  1.4863E+00  1.1206E+00  3.6574E-01
7.3763E-03  1.4834E+00  1.1176E+00  3.6574E-01
7.3800E-03  1.4818E+00  1.1160E+00  3.6574E-01
7.3838E-03  1.4803E+00  1.1146E+00  3.6574E-01
7.3875E-03  1.4789E+00  1.1132E+00  3.6574E-01
7.3913E-03  1.4786E+00  1.1128E+00  3.6574E-01
7.3950E-03  1.4770E+00  1.1112E+00  3.6574E-01
7.3987E-03  1.4758E+00  1.1101E+00  3.6574E-01
7.4025E-03  1.4732E+00  1.1075E+00  3.6574E-01
7.4063E-03  1.4718E+00  1.1060E+00  3.6574E-01
7.4100E-03  1.4708E+00  1.1051E+00  3.6575E-01
7.4138E-03  1.4715E+00  1.1058E+00  3.6575E-01
7.4175E-03  1.4812E+00  1.1154E+00  3.6575E-01
7.4212E-03  1.4684E+00  1.1027E+00  3.6575E-01
7.4250E-03  1.4646E+00  1.0989E+00  3.6575E-01
7.4287E-03  1.4633E+00  1.0976E+00  3.6575E-01
7.4325E-03  1.4623E+00  1.0965E+00  3.6575E-01
7.4362E-03  1.4605E+00  1.0947E+00  3.6575E-01
7.4400E-03  1.4601E+00  1.0943E+00  3.6575E-01
7.4438E-03  1.4588E+00  1.0931E+00  3.6575E-01
7.4475E-03  1.4565E+00  1.0908E+00  3.6575E-01
7.4513E-03  1.4552E+00  1.0894E+00  3.6575E-01
7.4550E-03  1.4607E+00  1.0949E+00  3.6575E-01
7.4588E-03  1.4561E+00  1.0904E+00  3.6576E-01
7.4625E-03  1.4512E+00  1.0855E+00  3.6576E-01
7.4662E-03  1.4494E+00  1.0837E+00  3.6576E-01
7.4700E-03  1.4489E+00  1.0831E+00  3.6576E-01
7.4738E-03  1.4481E+00  1.0823E+00  3.6576E-01
7.4775E-03  1.4459E+00  1.0802E+00  3.6576E-01
7.4813E-03  1.5557E+00  1.1899E+00  3.6576E-01
7.4850E-03  1.4481E+00  1.0823E+00  3.6576E-01
7.4887E-03  1.4432E+00  1.0774E+00  3.6576E-01
7.4925E-03  1.4424E+00  1.0766E+00  3.6576E-01
7.4962E-03  1.4514E+00  1.0857E+00  3.6576E-01
7.5000E-03  1.4546E+00  1.0888E+00  3.6576E-01
7.5038E-03  1.4674E+00  1.1016E+00  3.6576E-01
7.5075E-03  7.9720E+00  7.6062E+00  3.6577E-01
7.5113E-03  1.4850E+00  1.1192E+00  3.6577E-01
7.5150E-03  1.4459E+00  1.0801E+00  3.6577E-01
7.5188E-03  1.4387E+00  1.0729E+00  3.6577E-01
7.5225E-03  1.4378E+00  1.0720E+00  3.6577E-01
7.5262E-03  1.4379E+00  1.0722E+00  3.6577E-01
7.5300E-03  1.4376E+00  1.0719E+00  3.6577E-01
7.5338E-03  1.4392E+00  1.0735E+00  3.6577E-01
7.5375E-03  1.6225E+00  1.2567E+00  3.6577E-01
7.5413E-03  2.3530E+00  1.9872E+00  3.6577E-01
7.5450E-03  1.8641E+00  1.4983E+00  3.6577E-01
7.5487E-03  1.5437E+00  1.1779E+00  3.6577E-01
7.5525E-03  1.7863E+00  1.4206E+00  3.6577E-01
7.5562E-03  4.1479E+00  3.7821E+00  3.6578E-01
7.5600E-03  1.1322E+03  1.1318E+03  3.6578E-01
7.5638E-03  2.9028E+00  2.5370E+00  3.6578E-01
7.5675E-03  1.6442E+00  1.2784E+00  3.6578E-01
7.5713E-03  1.5025E+00  1.1367E+00  3.6578E-01
7.5750E-03  1.4572E+00  1.0914E+00  3.6578E-01
7.5788E-03  1.4373E+00  1.0716E+00  3.6578E-01
7.5825E-03  1.4290E+00  1.0632E+00  3.6578E-01
7.5863E-03  1.4201E+00  1.0543E+00  3.6578E-01
7.5900E-03  1.4131E+00  1.0473E+00  3.6578E-01
7.5937E-03  1.4094E+00  1.0436E+00  3.6578E-01
7.5975E-03  1.4062E+00  1.0405E+00  3.6578E-01
7.6013E-03  1.4039E+00  1.0382E+00  3.6578E-01
7.6050E-03  1.4057E+00  1.0399E+00  3.6578E-01
7.6088E-03  1.4678E+00  1.1020E+00  3.6579E-01
7.6125E-03  1.3983E+00  1.0325E+00  3.6579E-01
7.6162E-03  1.3965E+00  1.0307E+00  3.6579E-01
7.6200E-03  1.3960E+00  1.0302E+00  3.6579E-01
7.6237E-03  1.3929E+00  1.0271E+00  3.6579E-01
7.6275E-03  1.3917E+00  1.0259E+00  3.6579E-01
7.6313E-03  1.3901E+00  1.0244E+00  3.6579E-01
7.6350E-03  1.3891E+00  1.0233E+00  3.6579E-01
7.6388E-03  1.4004E+00  1.0346E+00  3.6579E-01
7.6425E-03  1.3870E+00  1.0212E+00  3.6579E-01
7.6463E-03  1.6726E+00  1.3068E+00  3.6579E-01
7.6500E-03  1.4149E+00  1.0491E+00  3.6579E-01
7.6537E-03  1.3819E+00  1.0161E+00  3.6579E-01
7.6575E-03  1.3804E+00  1.0146E+00  3.6579E-01
7.6612E-03  1.3790E+00  1.0132E+00  3.6580E-01
7.6650E-03  1.3875E+00  1.0217E+00  3.6580E-01
7.6688E-03  1.3886E+00  1.0228E+00  3.6580E-01
7.6725E-03  1.3774E+00  1.0116E+00  3.6580E-01
7.6762E-03  1.3736E+00  1.0078E+00  3.6580E-01
7.6800E-03  1.3722E+00  1.0064E+00  3.6580E-01
7.6837E-03  1.3709E+00  1.0051E+00  3.6580E-01
7.6875E-03  1.3701E+00  1.0043E+00  3.6580E-01
7.6913E-03  1.4347E+00  1.0689E+00  3.6580E-01
7.6950E-03  1.3674E+00  1.0016E+00  3.6580E-01
7.6988E-03  1.3656E+00  9.9979E-01  3.6580E-01
7.7025E-03  1.3644E+00  9.9860E-01  3.6580E-01
7.7063E-03  1.3631E+00  9.9727E-01  3.6580E-01
7.7100E-03  1.3618E+00  9.9596E-01  3.6580E-01
7.7138E-03  1.3616E+00  9.9583E-01  3.6581E-01
7.7175E-03  1.3694E+00  1.0036E+00  3.6581E-01
7.7212E-03  1.4216E+00  1.0558E+00  3.6581E-01
7.7250E-03  1.5855E+00  1.2197E+00  3.6581E-01
7.7288E-03  1.3568E+00  9.9102E-01  3.6581E-01
7.7325E-03  1.3543E+00  9.8849E-01  3.6581E-01
7.7363E-03  1.3534E+00  9.8759E-01  3.6581E-01
7.7400E-03  1.3521E+00  9.8634E-01  3.6581E-01
7.7437E-03  1.3505E+00  9.8470E-01  3.6581E-01
7.7475E-03  1.3496E+00  9.8377E-01  3.6581E-01
7.7513E-03  1.3578E+00  9.9194E-01  3.6581E-01
7.7550E-03  1.3486E+00  9.8278E-01  3.6581E-01
7.7588E-03  1.3466E+00  9.8077E-01  3.6581E-01
7.7625E-03  1.3445E+00  9.7864E-01  3.6581E-01
7.7663E-03  1.3432E+00  9.7735E-01  3.6581E-01
7.7700E-03  1.3431E+00  9.7730E-01  3.6582E-01
7.7738E-03  1.3412E+00  9.7542E-01  3.6582E-01
7.7775E-03  1.3700E+00  1.0041E+00  3.6582E-01
7.7812E-03  1.3384E+00  9.7255E-01  3.6582E-01
7.7850E-03  1.3371E+00  9.7127E-01  3.6582E-01
7.7887E-03  1.3363E+00  9.7044E-01  3.6582E-01
7.7925E-03  1.3352E+00  9.6941E-01  3.6582E-01
7.7963E-03  1.3350E+00  9.6915E-01  3.6582E-01
7.8000E-03  1.9098E+00  1.5440E+00  3.6582E-01
7.8037E-03  1.3322E+00  9.6638E-01  3.6582E-01
7.8075E-03  1.3305E+00  9.6471E-01  3.6582E-01
7.8112E-03  1.3327E+00  9.6692E-01  3.6582E-01
7.8150E-03  1.3276E+00  9.6182E-01  3.6582E-01
7.8188E-03  1.3265E+00  9.6068E-01  3.6582E-01
7.8225E-03  1.3257E+00  9.5990E-01  3.6582E-01
7.8262E-03  1.3250E+00  9.5918E-01  3.6583E-01
7.8300E-03  1.3234E+00  9.5757E-01  3.6583E-01
7.8338E-03  1.3279E+00  9.6210E-01  3.6583E-01
7.8375E-03  1.3272E+00  9.6137E-01  3.6583E-01
7.8413E-03  1.3203E+00  9.5444E-01  3.6583E-01
7.8450E-03  1.3423E+00  9.7644E-01  3.6583E-01
7.8487E-03  1.3203E+00  9.5449E-01  3.6583E-01
7.8525E-03  1.3391E+00  9.7323E-01  3.6583E-01
7.8563E-03  1.3808E+00  1.0149E+00  3.6583E-01
7.8600E-03  1.3251E+00  9.5929E-01  3.6583E-01
7.8637E-03  1.3162E+00  9.5034E-01  3.6583E-01
7.8675E-03  1.3290E+00  9.6314E-01  3.6583E-01
7.8712E-03  1.3302E+00  9.6434E-01  3.6583E-01
7.8750E-03  1.3109E+00  9.4504E-01  3.6583E-01
7.8788E-03  1.3082E+00  9.4240E-01  3.6583E-01
7.8825E-03  1.3069E+00  9.4104E-01  3.6584E-01
7.8863E-03  1.3096E+00  9.4377E-01  3.6584E-01
7.8900E-03  1.3055E+00  9.3964E-01  3.6584E-01
7.8937E-03  1.3031E+00  9.3722E-01  3.6584E-01
7.8975E-03  1.3018E+00  9.3594E-01  3.6584E-01
7.9013E-03  1.3197E+00  9.5382E-01  3.6584E-01
7.9050E-03  1.3142E+00  9.4841E-01  3.6584E-01
7.9088E-03  1.3009E+00  9.3509E-01  3.6584E-01
7.9125E-03  1.2970E+00  9.3118E-01  3.6584E-01
7.9162E-03  1.3174E+00  9.5151E-01  3.6584E-01
7.9200E-03  1.2957E+00  9.2986E-01  3.6584E-01
7.9238E-03  1.2937E+00  9.2783E-01  3.6584E-01
7.9275E-03  1.2924E+00  9.2652E-01  3.6584E-01
7.9312E-03  1.3020E+00  9.3614E-01  3.6584E-01
7.9350E-03  1.2903E+00  9.2442E-01  3.6584E-01
7.9388E-03  1.2889E+00  9.2308E-01  3.6584E-01
7.9425E-03  1.2884E+00  9.2253E-01  3.6585E-01
7.9463E-03  1.2880E+00  9.2217E-01  3.6585E-01
7.9500E-03  1.2863E+00  9.2047E-01  3.6585E-01
7.9538E-03  1.2854E+00  9.1954E-01  3.6585E-01
7.9575E-03  1.2891E+00  9.2321E-01  3.6585E-01
7.9612E-03  1.2846E+00  9.1880E-01  3.6585E-01
7.9650E-03  1.3090E+00  9.4311E-01  3.6585E-01
7.9688E-03  1.2825E+00  9.1664E-01  3.6585E-01
7.9725E-03  1.4604E+00  1.0946E+00  3.6585E-01
7.9763E-03  1.2821E+00  9.1624E-01  3.6585E-01
7.9800E-03  1.2774E+00  9.1155E-01  3.6585E-01
7.9837E-03  1.2780E+00  9.1216E-01  3.6585E-01
7.9875E-03  1.3029E+00  9.3707E-01  3.6585E-01
7.9913E-03  1.2885E+00  9.2263E-01  3.6585E-01
7.9950E-03  1.2779E+00  9.1210E-01  3.6585E-01
7.9987E-03  1.2764E+00  9.1059E-01  3.6585E-01
8.0025E-03  1.2837E+00  9.1780E-01  3.6586E-01
8.0063E-03  1.2731E+00  9.0728E-01  3.6586E-01
8.0100E-03  1.2739E+00  9.0802E-01  3.6586E-01
8.0138E-03  1.2810E+00  9.1511E-01  3.6586E-01
8.0175E-03  1.3210E+00  9.5515E-01  3.6586E-01
8.0213E-03  1.3492E+00  9.8331E-01  3.6586E-01
8.0250E-03  1.6089E+00  1.2430E+00  3.6586E-01
8.0287E-03  1.6309E+00  1.2651E+00  3.6586E-01
8.0325E-03  1.3467E+00  9.8084E-01  3.6586E-01
8.0362E-03  1.5062E+00  1.1403E+00  3.6586E-01
8.0400E-03  1.1212E+01  1.0846E+01  3.6586E-01
8.0438E-03  1.3839E+00  1.0181E+00  3.6586E-01
8.0475E-03  1.2945E+00  9.2861E-01  3.6586E-01
8.0512E-03  1.2748E+00  9.0893E-01  3.6586E-01
8.0550E-03  1.2677E+00  9.0188E-01  3.6586E-01
8.0587E-03  1.2601E+00  8.9427E-01  3.6586E-01
8.0625E-03  1.2582E+00  8.9236E-01  3.6587E-01
8.0663E-03  1.2552E+00  8.8931E-01  3.6587E-01
8.0700E-03  1.2609E+00  8.9502E-01  3.6587E-01
8.0738E-03  1.2519E+00  8.8608E-01  3.6587E-01
8.0775E-03  1.2496E+00  8.8377E-01  3.6587E-01
8.0812E-03  1.2481E+00  8.8223E-01  3.6587E-01
8.0850E-03  1.2487E+00  8.8285E-01  3.6587E-01
8.0888E-03  1.2454E+00  8.7949E-01  3.6587E-01
8.0925E-03  1.2443E+00  8.7844E-01  3.6587E-01
8.0962E-03  1.2430E+00  8.7717E-01  3.6587E-01
8.1000E-03  1.2419E+00  8.7605E-01  3.6587E-01
8.1037E-03  1.2408E+00  8.7497E-01  3.6587E-01
8.1075E-03  1.2465E+00  8.8065E-01  3.6587E-01
8.1113E-03  1.2401E+00  8.7423E-01  3.6587E-01
8.1150E-03  1.2374E+00  8.7150E-01  3.6587E-01
8.1187E-03  1.2359E+00  8.7000E-01  3.6587E-01
8.1225E-03  1.2348E+00  8.6888E-01  3.6587E-01
8.1263E-03  1.2339E+00  8.6799E-01  3.6588E-01
8.1300E-03  1.2329E+00  8.6707E-01  3.6588E-01
8.1338E-03  1.2317E+00  8.6586E-01  3.6588E-01
8.1375E-03  1.2304E+00  8.6449E-01  3.6588E-01
8.1413E-03  1.2293E+00  8.6343E-01  3.6588E-01
8.1450E-03  1.2282E+00  8.6230E-01  3.6588E-01
8.1487E-03  1.2289E+00  8.6301E-01  3.6588E-01
8.1525E-03  1.2293E+00  8.6345E-01  3.6588E-01
8.1563E-03  1.2250E+00  8.5909E-01  3.6588E-01
8.1600E-03  1.2239E+00  8.5801E-01  3.6588E-01
8.1638E-03  1.2267E+00  8.6087E-01  3.6588E-01
8.1675E-03  1.2220E+00  8.5607E-01  3.6588E-01
8.1712E-03  1.2255E+00  8.5960E-01  3.6588E-01
8.1750E-03  1.2195E+00  8.5366E-01  3.6588E-01
8.1788E-03  1.2193E+00  8.5341E-01  3.6588E-01
8.1825E-03  1.2190E+00  8.5311E-01  3.6588E-01
8.1862E-03  1.2172E+00  8.5134E-01  3.6588E-01
8.1900E-03  1.2163E+00  8.5037E-01  3.6589E-01
8.1938E-03  1.2188E+00  8.5294E-01  3.6589E-01
8.1975E-03  1.2134E+00  8.4752E-01  3.6589E-01
8.2013E-03  1.2121E+00  8.4623E-01  3.6589E-01
8.2050E-03  1.2110E+00  8.4515E-01  3.6589E-01
8.2088E-03  1.2321E+00  8.6626E-01  3.6589E-01
8.2125E-03  1.2278E+00  8.6188E-01  3.6589E-01
8.2162E-03  1.2079E+00  8.4198E-01  3.6589E-01
8.2200E-03  1.2069E+00  8.4103E-01  3.6589E-01
8.2238E-03  1.2056E+00  8.3976E-01  3.6589E-01
8.2275E-03  1.2046E+00  8.3871E-01  3.6589E-01
8.2313E-03  1.2036E+00  8.3772E-01  3.6589E-01
8.2350E-03  1.2053E+00  8.3941E-01  3.6589E-01
8.2387E-03  1.2028E+00  8.3686E-01  3.6589E-01
8.2425E-03  1.2064E+00  8.4050E-01  3.6589E-01
8.2463E-03  1.2064E+00  8.4055E-01  3.6589E-01
8.2500E-03  1.2876E+00  9.2171E-01  3.6589E-01
8.2538E-03  1.1980E+00  8.3206E-01  3.6590E-01
8.2575E-03  1.1975E+00  8.3160E-01  3.6590E-01
8.2613E-03  1.1955E+00  8.2964E-01  3.6590E-01
8.2650E-03  1.1945E+00  8.2856E-01  3.6590E-01
8.2688E-03  1.1940E+00  8.2811E-01  3.6590E-01
8.2725E-03  1.1927E+00  8.2683E-01  3.6590E-01
8.2763E-03  1.2018E+00  8.3591E-01  3.6590E-01
8.2800E-03  1.1927E+00  8.2682E-01  3.6590E-01
8.2837E-03  1.1891E+00  8.2317E-01  3.6590E-01
8.2875E-03  1.1879E+00  8.2202E-01  3.6590E-01
8.2913E-03  1.1869E+00  8.2096E-01  3.6590E-01
8.2950E-03  1.1858E+00  8.1992E-01  3.6590E-01
8.2988E-03  1.1848E+00  8.1892E-01  3.6590E-01
8.3025E-03  1.1850E+00  8.1906E-01  3.6590E-01
8.3062E-03  1.1827E+00  8.1682E-01  3.6590E-01
8.3100E-03  1.1822E+00  8.1629E-01  3.6590E-01
8.3137E-03  1.1810E+00  8.1513E-01  3.6590E-01
8.3175E-03  1.3873E+00  1.0214E+00  3.6590E-01
8.3213E-03  1.5759E+00  1.2100E+00  3.6591E-01
8.3250E-03  1.1790E+00  8.1313E-01  3.6591E-01
8.3288E-03  1.1781E+00  8.1218E-01  3.6591E-01
8.3325E-03  1.1758E+00  8.0987E-01  3.6591E-01
8.3362E-03  1.1760E+00  8.1011E-01  3.6591E-01
8.3400E-03  1.1739E+00  8.0797E-01  3.6591E-01
8.3438E-03  1.1725E+00  8.0657E-01  3.6591E-01
8.3475E-03  1.1715E+00  8.0560E-01  3.6591E-01
8.3512E-03  1.2355E+00  8.6963E-01  3.6591E-01
8.3550E-03  1.1694E+00  8.0352E-01  3.6591E-01
8.3587E-03  1.1696E+00  8.0365E-01  3.6591E-01
8.3625E-03  1.2010E+00  8.3514E-01  3.6591E-01
8.3663E-03  1.2387E+00  8.7281E-01  3.6591E-01
8.3700E-03  1.1665E+00  8.0056E-01  3.6591E-01
8.3737E-03  1.1644E+00  7.9849E-01  3.6591E-01
8.3775E-03  1.1637E+00  7.9783E-01  3.6591E-01
8.3813E-03  1.1627E+00  7.9683E-01  3.6591E-01
8.3850E-03  1.3579E+00  9.9201E-01  3.6591E-01
8.3888E-03  1.1611E+00  7.9517E-01  3.6591E-01
8.3925E-03  1.1610E+00  7.9505E-01  3.6592E-01
8.3963E-03  1.1589E+00  7.9296E-01  3.6592E-01
8.4000E-03  1.1574E+00  7.9150E-01  3.6592E-01
8.4037E-03  1.1663E+00  8.0042E-01  3.6592E-01
8.4075E-03  1.1554E+00  7.8951E-01  3.6592E-01
8.4113E-03  1.1547E+00  7.8875E-01  3.6592E-01
8.4150E-03  1.1539E+00  7.8801E-01  3.6592E-01
8.4187E-03  1.1522E+00  7.8632E-01  3.6592E-01
8.4225E-03  1.1536E+00  7.8772E-01  3.6592E-01
8.4262E-03  1.2178E+00  8.5191E-01  3.6592E-01
8.4300E-03  1.1531E+00  7.8715E-01  3.6592E-01
8.4338E-03  1.1481E+00  7.8221E-01  3.6592E-01
8.4375E-03  1.1472E+00  7.8125E-01  3.6592E-01
8.4413E-03  1.1509E+00  7.8498E-01  3.6592E-01
8.4450E-03  1.1472E+00  7.8124E-01  3.6592E-01
8.4488E-03  1.1441E+00  7.7814E-01  3.6592E-01
8.4525E-03  1.1435E+00  7.7758E-01  3.6592E-01
8.4563E-03  1.1421E+00  7.7619E-01  3.6592E-01
8.4600E-03  1.1445E+00  7.7858E-01  3.6592E-01
8.4638E-03  1.1402E+00  7.7426E-01  3.6593E-01
8.4675E-03  1.1395E+00  7.7362E-01  3.6593E-01
8.4712E-03  1.1396E+00  7.7364E-01  3.6593E-01
8.4750E-03  1.1376E+00  7.7169E-01  3.6593E-01
8.4788E-03  1.1363E+00  7.7035E-01  3.6593E-01
8.4825E-03  1.1357E+00  7.6975E-01  3.6593E-01
8.4862E-03  1.1345E+00  7.6856E-01  3.6593E-01
8.4900E-03  1.1333E+00  7.6736E-01  3.6593E-01
8.4937E-03  1.1344E+00  7.6851E-01  3.6593E-01
8.4975E-03  1.1917E+00  8.2572E-01  3.6593E-01
8.5013E-03  1.1355E+00  7.6955E-01  3.6593E-01
8.5050E-03  1.1307E+00  7.6475E-01  3.6593E-01
8.5088E-03  1.1294E+00  7.6352E-01  3.6593E-01
8.5125E-03  1.1277E+00  7.6177E-01  3.6593E-01
8.5163E-03  1.1272E+00  7.6125E-01  3.6593E-01
8.5200E-03  1.1260E+00  7.6003E-01  3.6593E-01
8.5238E-03  1.1253E+00  7.5941E-01  3.6593E-01
8.5275E-03  1.1237E+00  7.5772E-01  3.6593E-01
8.5313E-03  1.1228E+00  7.5688E-01  3.6593E-01
8.5350E-03  1.1216E+00  7.5565E-01  3.6594E-01
8.5387E-03  1.1207E+00  7.5472E-01  3.6594E-01
8.5425E-03  1.1194E+00  7.5351E-01  3.6594E-01
8.5463E-03  1.1183E+00  7.5238E-01  3.6594E-01
8.5500E-03  1.1174E+00  7.5144E-01  3.6594E-01
8.5537E-03  1.1170E+00  7.5101E-01  3.6594E-01
8.5575E-03  1.1157E+00  7.4980E-01  3.6594E-01
8.5612E-03  1.1146E+00  7.4868E-01  3.6594E-01
8.5650E-03  1.1136E+00  7.4763E-01  3.6594E-01
8.5687E-03  1.1174E+00  7.5144E-01  3.6594E-01
8.5725E-03  1.1130E+00  7.4702E-01  3.6594E-01
8.5763E-03  1.1109E+00  7.4493E-01  3.6594E-01
8.5800E-03  1.1113E+00  7.4540E-01  3.6594E-01
8.5838E-03  1.1087E+00  7.4279E-01  3.6594E-01
8.5875E-03  1.1077E+00  7.4175E-01  3.6594E-01
8.5912E-03  1.1077E+00  7.4173E-01  3.6594E-01
8.5950E-03  1.1323E+00  7.6634E-01  3.6594E-01
8.5988E-03  1.1047E+00  7.3879E-01  3.6594E-01
8.6025E-03  1.1410E+00  7.7505E-01  3.6594E-01
8.6062E-03  1.1038E+00  7.3781E-01  3.6594E-01
8.6100E-03  1.1019E+00  7.3594E-01  3.6595E-01
8.6137E-03  1.1008E+00  7.3488E-01  3.6595E-01
8.6175E-03  1.1010E+00  7.3501E-01  3.6595E-01
8.6213E-03  1.0989E+00  7.3295E-01  3.6595E-01
8.6250E-03  1.0980E+00  7.3202E-01  3.6595E-01
8.6288E-03  1.1020E+00  7.3603E-01  3.6595E-01
8.6325E-03  1.0963E+00  7.3040E-01  3.6595E-01
8.6362E-03  1.0954E+00  7.2942E-01  3.6595E-01
8.6400E-03  1.0948E+00  7.2885E-01  3.6595E-01
8.6438E-03  1.0947E+00  7.2871E-01  3.6595E-01
8.6475E-03  1.0924E+00  7.2646E-01  3.6595E-01
8.6513E-03  1.0915E+00  7.2552E-01  3.6595E-01
8.6550E-03  1.0906E+00  7.2463E-01  3.6595E-01
8.6587E-03  1.0906E+00  7.2464E-01  3.6595E-01
8.6625E-03  1.0891E+00  7.2315E-01  3.6595E-01
8.6663E-03  1.0881E+00  7.2212E-01  3.6595E-01
8.6700E-03  1.0873E+00  7.2132E-01  3.6595E-01
8.6737E-03  1.0862E+00  7.2028E-01  3.6595E-01
8.6775E-03  1.0852E+00  7.1924E-01  3.6595E-01
8.6812E-03  1.0842E+00  7.1828E-01  3.6595E-01
8.6850E-03  1.0843E+00  7.1831E-01  3.6596E-01
8.6888E-03  1.0827E+00  7.1678E-01  3.6596E-01
8.6925E-03  1.0821E+00  7.1618E-01  3.6596E-01
8.6963E-03  1.0811E+00  7.1514E-01  3.6596E-01
8.7000E-03  1.0800E+00  7.1402E-01  3.6596E-01
8.7037E-03  1.0793E+00  7.1335E-01  3.6596E-01
8.7075E-03  1.0799E+00  7.1393E-01  3.6596E-01
8.7113E-03  1.0775E+00  7.1150E-01  3.6596E-01
8.7150E-03  1.0778E+00  7.1183E-01  3.6596E-01
8.7188E-03  1.0762E+00  7.1021E-01  3.6596E-01
8.7225E-03  1.0749E+00  7.0893E-01  3.6596E-01
8.7262E-03  1.0765E+00  7.1050E-01  3.6596E-01
8.7300E-03  1.0730E+00  7.0706E-01  3.6596E-01
8.7338E-03  1.0720E+00  7.0607E-01  3.6596E-01
8.7375E-03  1.0736E+00  7.0761E-01  3.6596E-01
8.7412E-03  1.1073E+00  7.4131E-01  3.6596E-01
8.7450E-03  1.0698E+00  7.0379E-01  3.6596E-01
8.7487E-03  1.0684E+00  7.0243E-01  3.6596E-01
8.7525E-03  1.0676E+00  7.0164E-01  3.6596E-01
8.7563E-03  1.0688E+00  7.0282E-01  3.6596E-01
8.7600E-03  1.0661E+00  7.0012E-01  3.6596E-01
8.7638E-03  1.1030E+00  7.3699E-01  3.6597E-01
8.7675E-03  1.0641E+00  6.9812E-01  3.6597E-01
8.7712E-03  1.0632E+00  6.9728E-01  3.6597E-01
8.7750E-03  1.0624E+00  6.9642E-01  3.6597E-01
8.7788E-03  1.0617E+00  6.9570E-01  3.6597E-01
8.7825E-03  1.0607E+00  6.9476E-01  3.6597E-01
8.7863E-03  1.0649E+00  6.9890E-01  3.6597E-01
8.7900E-03  1.0596E+00  6.9359E-01  3.6597E-01
8.7937E-03  1.0587E+00  6.9269E-01  3.6597E-01
8.7975E-03  1.0584E+00  6.9243E-01  3.6597E-01
8.8013E-03  1.0566E+00  6.9064E-01  3.6597E-01
8.8050E-03  1.0562E+00  6.9019E-01  3.6597E-01
8.8087E-03  1.0549E+00  6.8893E-01  3.6597E-01
8.8125E-03  1.0541E+00  6.8811E-01  3.6597E-01
8.8163E-03  1.0532E+00  6.8727E-01  3.6597E-01
8.8200E-03  1.0526E+00  6.8664E-01  3.6597E-01
8.8237E-03  1.0522E+00  6.8621E-01  3.6597E-01
8.8275E-03  1.0539E+00  6.8793E-01  3.6597E-01
8.8313E-03  1.0505E+00  6.8455E-01  3.6597E-01
8.8350E-03  1.0515E+00  6.8551E-01  3.6597E-01
8.8388E-03  1.0527E+00  6.8677E-01  3.6597E-01
8.8425E-03  1.0523E+00  6.8629E-01  3.6597E-01
8.8462E-03  1.0737E+00  7.0772E-01  3.6598E-01
8.8500E-03  1.0481E+00  6.8215E-01  3.6598E-01
8.8538E-03  1.0480E+00  6.8205E-01  3.6598E-01
8.8575E-03  1.0461E+00  6.8010E-01  3.6598E-01
8.8612E-03  1.0437E+00  6.7775E-01  3.6598E-01
8.8650E-03  1.0430E+00  6.7703E-01  3.6598E-01
8.8687E-03  1.0427E+00  6.7669E-01  3.6598E-01
8.8725E-03  1.0413E+00  6.7529E-01  3.6598E-01
8.8763E-03  1.0408E+00  6.7484E-01  3.6598E-01
8.8800E-03  1.0433E+00  6.7728E-01  3.6598E-01
8.8838E-03  1.0401E+00  6.7411E-01  3.6598E-01
8.8875E-03  1.0404E+00  6.7438E-01  3.6598E-01
8.8912E-03  7.4861E+00  7.1201E+00  3.6598E-01
8.8950E-03  1.0486E+00  6.8262E-01  3.6598E-01
8.8988E-03  1.0366E+00  6.7058E-01  3.6598E-01
8.9025E-03  1.0354E+00  6.6946E-01  3.6598E-01
8.9063E-03  1.0343E+00  6.6829E-01  3.6598E-01
8.9100E-03  1.0678E+00  7.0181E-01  3.6598E-01
8.9137E-03  1.0335E+00  6.6748E-01  3.6598E-01
8.9175E-03  1.0319E+00  6.6593E-01  3.6598E-01
8.9213E-03  1.0313E+00  6.6531E-01  3.6598E-01
8.9250E-03  1.0303E+00  6.6430E-01  3.6598E-01
8.9287E-03  1.0933E+00  7.2734E-01  3.6599E-01
8.9325E-03  1.0290E+00  6.6300E-01  3.6599E-01
8.9362E-03  1.0300E+00  6.6399E-01  3.6599E-01
8.9400E-03  1.0346E+00  6.6866E-01  3.6599E-01
8.9438E-03  1.0266E+00  6.6058E-01  3.6599E-01
8.9475E-03  1.0259E+00  6.5990E-01  3.6599E-01
8.9513E-03  1.0250E+00  6.5903E-01  3.6599E-01
8.9550E-03  1.0247E+00  6.5876E-01  3.6599E-01
8.9587E-03  1.0236E+00  6.5763E-01  3.6599E-01
8.9625E-03  1.2107E+00  8.4475E-01  3.6599E-01
8.9663E-03  1.0225E+00  6.5647E-01  3.6599E-01
8.9700E-03  1.0214E+00  6.5540E-01  3.6599E-01
8.9738E-03  1.0210E+00  6.5500E-01  3.6599E-01
8.9775E-03  1.0208E+00  6.5481E-01  3.6599E-01
8.9812E-03  1.0194E+00  6.5343E-01  3.6599E-01
8.9850E-03  1.0186E+00  6.5258E-01  3.6599E-01
8.9888E-03  1.0191E+00  6.5312E-01  3.6599E-01
8.9925E-03  1.0442E+00  6.7822E-01  3.6599E-01
8.9962E-03  1.0167E+00  6.5070E-01  3.6599E-01
9.0000E-03  1.1463E+00  7.8034E-01  3.6599E-01
9.0038E-03  1.0158E+00  6.4984E-01  3.6599E-01
9.0075E-03  1.0324E+00  6.6641E-01  3.6599E-01
9.0113E-03  1.0133E+00  6.4731E-01  3.6599E-01
9.0150E-03  1.0129E+00  6.4686E-01  3.6600E-01
9.0188E-03  1.0140E+00  6.4798E-01  3.6600E-01
9.0225E-03  1.0110E+00  6.4505E-01  3.6600E-01
9.0262E-03  1.0102E+00  6.4422E-01  3.6600E-01
9.0300E-03  1.0102E+00  6.4422E-01  3.6600E-01
9.0338E-03  1.0176E+00  6.5163E-01  3.6600E-01
9.0375E-03  1.0141E+00  6.4813E-01  3.6600E-01
9.0413E-03  1.0093E+00  6.4328E-01  3.6600E-01
9.0450E-03  1.0067E+00  6.4071E-01  3.6600E-01
9.0487E-03  1.0061E+00  6.4013E-01  3.6600E-01
9.0525E-03  1.0061E+00  6.4009E-01  3.6600E-01
9.0563E-03  1.0047E+00  6.3865E-01  3.6600E-01
9.0600E-03  1.0037E+00  6.3774E-01  3.6600E-01
9.0638E-03  1.0031E+00  6.3713E-01  3.6600E-01
9.0675E-03  1.0024E+00  6.3642E-01  3.6600E-01
9.0713E-03  1.0049E+00  6.3892E-01  3.6600E-01
9.0750E-03  1.0011E+00  6.3506E-01  3.6600E-01
9.0788E-03  1.0003E+00  6.3425E-01  3.6600E-01
9.0825E-03  1.0006E+00  6.3463E-01  3.6600E-01
9.0863E-03  9.9881E-01  6.3280E-01  3.6600E-01
9.0900E-03  9.9824E-01  6.3224E-01  3.6600E-01
9.0937E-03  9.9746E-01  6.3146E-01  3.6600E-01
9.0975E-03  1.0007E+00  6.3466E-01  3.6600E-01
9.1012E-03  9.9832E-01  6.3232E-01  3.6601E-01
9.1050E-03  9.9639E-01  6.3039E-01  3.6601E-01
9.1088E-03  9.9596E-01  6.2995E-01  3.6601E-01
9.1125E-03  9.9395E-01  6.2794E-01  3.6601E-01
9.1162E-03  9.9355E-01  6.2754E-01  3.6601E-01
9.1200E-03  9.9340E-01  6.2739E-01  3.6601E-01
9.1237E-03  9.9193E-01  6.2592E-01  3.6601E-01
9.1275E-03  9.9119E-01  6.2518E-01  3.6601E-01
9.1313E-03  9.9048E-01  6.2447E-01  3.6601E-01
9.1350E-03  9.8977E-01  6.2376E-01  3.6601E-01
9.1388E-03  9.9120E-01  6.2519E-01  3.6601E-01
9.1425E-03  9.8841E-01  6.2240E-01  3.6601E-01
9.1462E-03  9.8773E-01  6.2172E-01  3.6601E-01
9.1500E-03  9.8703E-01  6.2102E-01  3.6601E-01
9.1538E-03  9.8704E-01  6.2103E-01  3.6601E-01
9.1575E-03  9.9301E-01  6.2699E-01  3.6601E-01
9.1612E-03  9.8826E-01  6.2225E-01  3.6601E-01
9.1650E-03  9.8431E-01  6.1830E-01  3.6601E-01
9.1687E-03  9.8443E-01  6.1842E-01  3.6601E-01
9.1725E-03  9.8303E-01  6.1701E-01  3.6601E-01
9.1763E-03  9.8234E-01  6.1632E-01  3.6601E-01
9.1800E-03  9.8186E-01  6.1585E-01  3.6601E-01
9.1837E-03  1.0480E+00  6.8201E-01  3.6601E-01
9.1875E-03  9.8183E-01  6.1582E-01  3.6601E-01
9.1913E-03  9.8053E-01  6.1452E-01  3.6602E-01
9.1950E-03  9.8034E-01  6.1432E-01  3.6602E-01
9.1988E-03  9.7878E-01  6.1276E-01  3.6602E-01
9.2025E-03  9.7812E-01  6.1211E-01  3.6602E-01
9.2063E-03  9.8609E-01  6.2007E-01  3.6602E-01
9.2100E-03  9.8238E-01  6.1637E-01  3.6602E-01
9.2137E-03  9.7789E-01  6.1187E-01  3.6602E-01
9.2175E-03  1.0034E+00  6.3733E-01  3.6602E-01
9.2213E-03  1.0163E+00  6.5030E-01  3.6602E-01
9.2250E-03  9.8911E-01  6.2309E-01  3.6602E-01
9.2288E-03  9.7301E-01  6.0699E-01  3.6602E-01
9.2325E-03  9.7233E-01  6.0631E-01  3.6602E-01
9.2362E-03  9.7198E-01  6.0596E-01  3.6602E-01
9.2400E-03  9.7167E-01  6.0565E-01  3.6602E-01
9.2438E-03  9.7141E-01  6.0539E-01  3.6602E-01
9.2475E-03  9.6977E-01  6.0375E-01  3.6602E-01
9.2513E-03  9.6905E-01  6.0303E-01  3.6602E-01
9.2550E-03  9.6842E-01  6.0240E-01  3.6602E-01
9.2588E-03  9.7555E-01  6.0952E-01  3.6602E-01
9.2625E-03  9.8051E-01  6.1449E-01  3.6602E-01
9.2663E-03  9.6660E-01  6.0058E-01  3.6602E-01
9.2700E-03  9.6584E-01  5.9981E-01  3.6602E-01
9.2738E-03  9.6541E-01  5.9939E-01  3.6602E-01
9.2775E-03  9.6457E-01  5.9854E-01  3.6602E-01
9.2812E-03  9.6407E-01  5.9805E-01  3.6602E-01
9.2850E-03  9.6999E-01  6.0397E-01  3.6603E-01
9.2888E-03  9.6261E-01  5.9659E-01  3.6603E-01
9.2925E-03  9.6254E-01  5.9651E-01  3.6603E-01
9.2963E-03  9.6140E-01  5.9537E-01  3.6603E-01
9.3000E-03  9.6076E-01  5.9473E-01  3.6603E-01
9.3037E-03  9.6021E-01  5.9418E-01  3.6603E-01
9.3075E-03  2.2728E+00  1.9068E+00  3.6603E-01
9.3113E-03  9.5898E-01  5.9296E-01  3.6603E-01
9.3150E-03  9.5935E-01  5.9332E-01  3.6603E-01
9.3188E-03  9.5888E-01  5.9285E-01  3.6603E-01
9.3225E-03  9.6029E-01  5.9426E-01  3.6603E-01
9.3263E-03  9.5734E-01  5.9131E-01  3.6603E-01
9.3300E-03  9.5743E-01  5.9140E-01  3.6603E-01
9.3338E-03  9.5588E-01  5.8985E-01  3.6603E-01
9.3375E-03  9.5486E-01  5.8883E-01  3.6603E-01
9.3413E-03  9.5385E-01  5.8782E-01  3.6603E-01
9.3450E-03  9.5419E-01  5.8816E-01  3.6603E-01
9.3487E-03  9.5260E-01  5.8657E-01  3.6603E-01
9.3525E-03  9.5178E-01  5.8575E-01  3.6603E-01
9.3562E-03  9.5116E-01  5.8513E-01  3.6603E-01
9.3600E-03  9.5065E-01  5.8462E-01  3.6603E-01
9.3638E-03  9.4995E-01  5.8392E-01  3.6603E-01
9.3675E-03  9.4940E-01  5.8337E-01  3.6603E-01
9.3712E-03  9.4869E-01  5.8265E-01  3.6603E-01
9.3750E-03  9.4865E-01  5.8262E-01  3.6603E-01
9.3787E-03  9.4839E-01  5.8236E-01  3.6603E-01
9.3825E-03  9.4786E-01  5.8182E-01  3.6604E-01
9.3863E-03  9.4632E-01  5.8029E-01  3.6604E-01
9.3900E-03  9.4636E-01  5.8032E-01  3.6604E-01
9.3938E-03  9.4572E-01  5.7969E-01  3.6604E-01
9.3975E-03  9.4489E-01  5.7886E-01  3.6604E-01
9.4012E-03  1.0413E+00  6.7530E-01  3.6604E-01
9.4050E-03  1.0413E+00  6.7530E-01  3.6604E-01
9.4088E-03  9.4917E-01  5.8313E-01  3.6604E-01
9.4125E-03  9.4238E-01  5.7634E-01  3.6604E-01
9.4162E-03  9.4214E-01  5.7610E-01  3.6604E-01
9.4200E-03  9.4184E-01  5.7580E-01  3.6604E-01
9.4237E-03  9.4026E-01  5.7422E-01  3.6604E-01
9.4275E-03  9.4193E-01  5.7589E-01  3.6604E-01
9.4313E-03  9.6209E-01  5.9605E-01  3.6604E-01
9.4350E-03  9.3999E-01  5.7395E-01  3.6604E-01
9.4388E-03  9.4250E-01  5.7646E-01  3.6604E-01
9.4425E-03  9.3714E-01  5.7110E-01  3.6604E-01
9.4463E-03  9.3804E-01  5.7199E-01  3.6604E-01
9.4500E-03  9.7553E-01  6.0949E-01  3.6604E-01
9.4538E-03  1.3503E+00  9.8424E-01  3.6604E-01
9.4575E-03  3.5812E+00  3.2151E+00  3.6604E-01
9.4613E-03  9.3491E-01  5.6887E-01  3.6604E-01
9.4650E-03  9.3611E-01  5.7007E-01  3.6604E-01
9.4687E-03  9.3464E-01  5.6860E-01  3.6604E-01
9.4725E-03  1.1422E+00  7.7618E-01  3.6604E-01
9.4763E-03  1.1207E+00  7.5464E-01  3.6604E-01
9.4800E-03  9.3111E-01  5.6507E-01  3.6604E-01
9.4837E-03  9.3052E-01  5.6447E-01  3.6605E-01
9.4875E-03  9.2994E-01  5.6389E-01  3.6605E-01
9.4912E-03  9.2935E-01  5.6330E-01  3.6605E-01
9.4950E-03  9.2859E-01  5.6255E-01  3.6605E-01
9.4988E-03  9.2920E-01  5.6315E-01  3.6605E-01
9.5025E-03  9.2825E-01  5.6220E-01  3.6605E-01
9.5063E-03  9.2685E-01  5.6080E-01  3.6605E-01
9.5100E-03  9.2628E-01  5.6024E-01  3.6605E-01
9.5138E-03  9.2562E-01  5.5957E-01  3.6605E-01
9.5175E-03  9.2798E-01  5.6193E-01  3.6605E-01
9.5213E-03  9.2452E-01  5.5847E-01  3.6605E-01
9.5250E-03  9.2388E-01  5.5783E-01  3.6605E-01
9.5288E-03  9.2351E-01  5.5746E-01  3.6605E-01
9.5325E-03  9.2286E-01  5.5681E-01  3.6605E-01
9.5362E-03  9.2213E-01  5.5608E-01  3.6605E-01
9.5400E-03  9.2220E-01  5.5615E-01  3.6605E-01
9.5438E-03  9.2134E-01  5.5528E-01  3.6605E-01
9.5475E-03  9.2056E-01  5.5451E-01  3.6605E-01
9.5512E-03  9.2962E-01  5.6357E-01  3.6605E-01
9.5550E-03  9.2052E-01  5.5447E-01  3.6605E-01
9.5587E-03  9.4015E-01  5.7410E-01  3.6605E-01
9.5625E-03  9.2317E-01  5.5712E-01  3.6605E-01
9.5663E-03  9.1822E-01  5.5217E-01  3.6605E-01
9.5700E-03  9.1870E-01  5.5265E-01  3.6605E-01
9.5738E-03  9.1685E-01  5.5079E-01  3.6605E-01
9.5775E-03  9.1623E-01  5.5017E-01  3.6605E-01
9.5813E-03  9.1528E-01  5.4922E-01  3.6605E-01
9.5850E-03  9.6412E-01  5.9806E-01  3.6605E-01
9.5888E-03  9.1448E-01  5.4842E-01  3.6606E-01
9.5925E-03  9.1520E-01  5.4915E-01  3.6606E-01
9.5963E-03  9.1731E-01  5.5125E-01  3.6606E-01
9.6000E-03  1.5939E+00  1.2279E+00  3.6606E-01
9.6037E-03  1.1369E+00  7.7085E-01  3.6606E-01
9.6075E-03  9.4614E-01  5.8008E-01  3.6606E-01
9.6113E-03  9.9034E-01  6.2428E-01  3.6606E-01
9.6150E-03  9.1102E-01  5.4496E-01  3.6606E-01
9.6187E-03  9.1480E-01  5.4874E-01  3.6606E-01
9.6225E-03  9.1196E-01  5.4590E-01  3.6606E-01
9.6263E-03  9.6992E-01  6.0386E-01  3.6606E-01
9.6300E-03  9.0829E-01  5.4223E-01  3.6606E-01
9.6337E-03  9.0809E-01  5.4203E-01  3.6606E-01
9.6375E-03  9.0726E-01  5.4120E-01  3.6606E-01
9.6413E-03  9.3514E-01  5.6908E-01  3.6606E-01
9.6450E-03  9.0553E-01  5.3947E-01  3.6606E-01
9.6488E-03  9.0532E-01  5.3926E-01  3.6606E-01
9.6525E-03  9.2204E-01  5.5598E-01  3.6606E-01
9.6562E-03  9.0845E-01  5.4239E-01  3.6606E-01
9.6600E-03  9.0967E-01  5.4361E-01  3.6606E-01
9.6638E-03  2.6376E+00  2.2715E+00  3.6606E-01
9.6675E-03  1.3085E+00  9.4240E-01  3.6606E-01
9.6712E-03  9.0269E-01  5.3663E-01  3.6606E-01
9.6750E-03  9.0157E-01  5.3551E-01  3.6606E-01
9.6787E-03  9.0066E-01  5.3459E-01  3.6606E-01
9.6825E-03  9.1175E-01  5.4569E-01  3.6606E-01
9.6863E-03  8.9953E-01  5.3346E-01  3.6606E-01
9.6900E-03  8.9918E-01  5.3311E-01  3.6606E-01
9.6938E-03  8.9884E-01  5.3278E-01  3.6607E-01
9.6975E-03  8.9825E-01  5.3219E-01  3.6607E-01
9.7012E-03  8.9719E-01  5.3113E-01  3.6607E-01
9.7050E-03  8.9831E-01  5.3224E-01  3.6607E-01
9.7088E-03  9.0600E-01  5.3993E-01  3.6607E-01
9.7125E-03  8.9644E-01  5.3037E-01  3.6607E-01
9.7163E-03  8.9543E-01  5.2936E-01  3.6607E-01
9.7200E-03  8.9555E-01  5.2948E-01  3.6607E-01
9.7237E-03  8.9538E-01  5.2932E-01  3.6607E-01
9.7275E-03  1.0324E+00  6.6637E-01  3.6607E-01
9.7313E-03  9.0841E-01  5.4234E-01  3.6607E-01
9.7350E-03  8.9282E-01  5.2675E-01  3.6607E-01
9.7387E-03  8.9168E-01  5.2561E-01  3.6607E-01
9.7425E-03  8.9143E-01  5.2536E-01  3.6607E-01
9.7462E-03  8.9626E-01  5.3019E-01  3.6607E-01
9.7500E-03  8.9020E-01  5.2413E-01  3.6607E-01
9.7538E-03  8.8966E-01  5.2359E-01  3.6607E-01
9.7575E-03  8.8905E-01  5.2298E-01  3.6607E-01
9.7613E-03  8.8850E-01  5.2243E-01  3.6607E-01
9.7650E-03  8.8799E-01  5.2191E-01  3.6607E-01
9.7687E-03  8.8937E-01  5.2330E-01  3.6607E-01
9.7725E-03  8.8728E-01  5.2121E-01  3.6607E-01
9.7763E-03  8.8748E-01  5.2141E-01  3.6607E-01
9.7800E-03  8.8587E-01  5.1980E-01  3.6607E-01
9.7838E-03  8.8527E-01  5.1920E-01  3.6607E-01
9.7875E-03  9.3726E-01  5.7118E-01  3.6607E-01
9.7912E-03  8.8479E-01  5.1871E-01  3.6607E-01
9.7950E-03  9.5549E-01  5.8941E-01  3.6607E-01
9.7988E-03  8.8316E-01  5.1708E-01  3.6607E-01
9.8025E-03  8.8275E-01  5.1667E-01  3.6607E-01
9.8062E-03  8.8249E-01  5.1641E-01  3.6608E-01
9.8100E-03  8.8838E-01  5.2231E-01  3.6608E-01
9.8138E-03  8.8405E-01  5.1797E-01  3.6608E-01
9.8175E-03  9.4073E-01  5.7465E-01  3.6608E-01
9.8213E-03  8.8032E-01  5.1424E-01  3.6608E-01
9.8250E-03  8.7976E-01  5.1369E-01  3.6608E-01
9.8288E-03  8.7943E-01  5.1335E-01  3.6608E-01
9.8325E-03  8.7857E-01  5.1250E-01  3.6608E-01
9.8362E-03  8.7816E-01  5.1208E-01  3.6608E-01
9.8400E-03  8.7773E-01  5.1165E-01  3.6608E-01
9.8438E-03  8.7933E-01  5.1325E-01  3.6608E-01
9.8475E-03  8.8771E-01  5.2163E-01  3.6608E-01
9.8513E-03  9.3346E-01  5.6738E-01  3.6608E-01
9.8550E-03  8.7543E-01  5.0935E-01  3.6608E-01
9.8587E-03  8.7721E-01  5.1113E-01  3.6608E-01
9.8625E-03  8.7442E-01  5.0834E-01  3.6608E-01
9.8663E-03  8.7391E-01  5.0783E-01  3.6608E-01
9.8700E-03  8.7365E-01  5.0757E-01  3.6608E-01
9.8737E-03  8.7441E-01  5.0833E-01  3.6608E-01
9.8775E-03  8.7926E-01  5.1318E-01  3.6608E-01
9.8813E-03  8.7285E-01  5.0676E-01  3.6608E-01
9.8850E-03  8.7214E-01  5.0606E-01  3.6608E-01
9.8887E-03  8.7113E-01  5.0505E-01  3.6608E-01
9.8925E-03  8.7064E-01  5.0456E-01  3.6608E-01
9.8963E-03  8.7115E-01  5.0507E-01  3.6608E-01
9.9000E-03  8.6949E-01  5.0341E-01  3.6608E-01
9.9038E-03  8.6901E-01  5.0292E-01  3.6608E-01
9.9075E-03  8.6884E-01  5.0276E-01  3.6608E-01
9.9112E-03  8.6952E-01  5.0343E-01  3.6608E-01
9.9150E-03  8.6778E-01  5.0169E-01  3.6608E-01
9.9188E-03  9.8812E-01  6.2203E-01  3.6608E-01
9.9225E-03  8.6863E-01  5.0254E-01  3.6609E-01
9.9262E-03  8.6620E-01  5.0012E-01  3.6609E-01
9.9300E-03  8.6570E-01  4.9962E-01  3.6609E-01
9.9337E-03  8.6976E-01  5.0367E-01  3.6609E-01
9.9375E-03  9.3157E-01  5.6549E-01  3.6609E-01
9.9413E-03  9.4886E-01  5.8277E-01  3.6609E-01
9.9450E-03  8.6420E-01  4.9811E-01  3.6609E-01
9.9488E-03  8.6363E-01  4.9755E-01  3.6609E-01
9.9525E-03  8.7434E-01  5.0826E-01  3.6609E-01
9.9562E-03  8.6634E-01  5.0025E-01  3.6609E-01
9.9600E-03  9.6071E-01  5.9462E-01  3.6609E-01
9.9638E-03  8.6171E-01  4.9562E-01  3.6609E-01
9.9675E-03  8.6153E-01  4.9544E-01  3.6609E-01
9.9713E-03  8.6479E-01  4.9870E-01  3.6609E-01
9.9750E-03  8.6060E-01  4.9451E-01  3.6609E-01
9.9787E-03  1.0051E+00  6.3903E-01  3.6609E-01
9.9825E-03  1.0303E+00  6.6419E-01  3.6609E-01
9.9863E-03  1.2693E+00  9.0322E-01  3.6609E-01
9.9900E-03  8.5937E-01  4.9328E-01  3.6609E-01
9.9937E-03  8.5860E-01  4.9251E-01  3.6609E-01
9.9975E-03  8.5795E-01  4.9185E-01  3.6609E-01
1.0001E-02  9.7403E-01  6.0794E-01  3.6609E-01
1.0005E-02  9.0624E-01  5.4015E-01  3.6609E-01
1.0009E-02  8.7852E-01  5.1242E-01  3.6609E-01
1.0013E-02  9.0230E-01  5.3621E-01  3.6609E-01
1.0016E-02  8.5843E-01  4.9233E-01  3.6609E-01
1.0020E-02  8.5617E-01  4.9007E-01  3.6609E-01
1.0024E-02  8.6442E-01  4.9833E-01  3.6609E-01
1.0027E-02  9.2984E-01  5.6375E-01  3.6609E-01
1.0031E-02  8.5515E-01  4.8906E-01  3.6609E-01
1.0035E-02  8.5581E-01  4.8972E-01  3.6609E-01
1.0039E-02  8.7103E-01  5.0494E-01  3.6609E-01
1.0043E-02  4.5404E+02  4.5367E+02  3.6610E-01
1.0046E-02  1.0184E+00  6.5226E-01  3.6610E-01
1.0050E-02  8.5386E-01  4.8777E-01  3.6610E-01
1.0054E-02  8.5344E-01  4.8734E-01  3.6610E-01
1.0058E-02  8.5362E-01  4.8753E-01  3.6610E-01
1.0061E-02  8.5505E-01  4.8895E-01  3.6610E-01
1.0065E-02  8.5559E-01  4.8949E-01  3.6610E-01
1.0069E-02  8.5614E-01  4.9004E-01  3.6610E-01
1.0072E-02  8.5436E-01  4.8826E-01  3.6610E-01
1.0076E-02  8.5276E-01  4.8667E-01  3.6610E-01
1.0080E-02  8.5282E-01  4.8672E-01  3.6610E-01
1.0084E-02  8.5420E-01  4.8811E-01  3.6610E-01
1.0087E-02  8.5349E-01  4.8739E-01  3.6610E-01
1.0091E-02  8.5376E-01  4.8767E-01  3.6610E-01
1.0095E-02  8.5521E-01  4.8911E-01  3.6610E-01
1.0099E-02  8.5438E-01  4.8828E-01  3.6610E-01
1.0103E-02  8.5693E-01  4.9083E-01  3.6610E-01
1.0106E-02  8.5645E-01  4.9035E-01  3.6610E-01
1.0110E-02  8.5693E-01  4.9083E-01  3.6610E-01
1.0114E-02  8.6064E-01  4.9454E-01  3.6610E-01
1.0117E-02  8.6062E-01  4.9452E-01  3.6610E-01
1.0121E-02  8.6111E-01  4.9501E-01  3.6610E-01
1.0125E-02  8.6365E-01  4.9755E-01  3.6610E-01
1.0129E-02  8.6742E-01  5.0131E-01  3.6610E-01
1.0133E-02  8.6965E-01  5.0354E-01  3.6610E-01
1.0136E-02  8.7313E-01  5.0703E-01  3.6610E-01
1.0140E-02  8.7810E-01  5.1200E-01  3.6610E-01
1.0144E-02  8.8732E-01  5.2122E-01  3.6610E-01
1.0148E-02  8.9036E-01  5.2426E-01  3.6610E-01
1.0151E-02  9.1894E-01  5.5284E-01  3.6610E-01
1.0155E-02  9.3874E-01  5.7263E-01  3.6610E-01
1.0159E-02  9.2743E-01  5.6133E-01  3.6610E-01
1.0163E-02  9.4707E-01  5.8097E-01  3.6610E-01
1.0166E-02  9.7549E-01  6.0938E-01  3.6611E-01
1.0170E-02  1.0129E+00  6.4680E-01  3.6611E-01
1.0174E-02  1.0703E+00  7.0419E-01  3.6611E-01
1.0178E-02  1.3404E+00  9.7425E-01  3.6611E-01
1.0181E-02  1.2846E+00  9.1847E-01  3.6611E-01
1.0185E-02  1.5213E+00  1.1552E+00  3.6611E-01
1.0189E-02  1.9548E+00  1.5887E+00  3.6611E-01
1.0193E-02  3.0532E+00  2.6871E+00  3.6611E-01
1.0196E-02  6.2945E+00  5.9284E+00  3.6611E-01
1.0200E-02  2.5208E+01  2.4842E+01  3.6611E-01
1.0204E-02  4.0885E+04  4.0885E+04  3.6611E-01
1.0207E-02  1.0849E+02  1.0812E+02  3.6611E-01
1.0211E-02  1.0237E+01  9.8706E+00  3.6611E-01
1.0215E-02  4.0564E+00  3.6903E+00  3.6611E-01
1.0219E-02  2.3516E+00  1.9855E+00  3.6611E-01
1.0223E-02  1.6966E+00  1.3305E+00  3.6611E-01
1.0226E-02  1.3807E+00  1.0146E+00  3.6611E-01
1.0230E-02  1.2074E+00  8.4131E-01  3.6611E-01
1.0234E-02  1.1016E+00  7.3545E-01  3.6611E-01
1.0238E-02  1.0260E+00  6.5992E-01  3.6611E-01
1.0241E-02  9.8518E-01  6.1907E-01  3.6611E-01
1.0245E-02  9.4773E-01  5.8161E-01  3.6611E-01
1.0249E-02  9.2656E-01  5.6044E-01  3.6611E-01
1.0252E-02  9.0679E-01  5.4068E-01  3.6611E-01
1.0256E-02  8.9320E-01  5.2708E-01  3.6611E-01
1.0260E-02  8.8278E-01  5.1667E-01  3.6611E-01
1.0264E-02  8.7411E-01  5.0799E-01  3.6611E-01
1.0268E-02  8.6589E-01  4.9977E-01  3.6611E-01
1.0271E-02  8.5968E-01  4.9357E-01  3.6611E-01
1.0275E-02  8.5327E-01  4.8716E-01  3.6611E-01
1.0279E-02  8.4964E-01  4.8353E-01  3.6611E-01
1.0283E-02  8.4616E-01  4.8004E-01  3.6611E-01
1.0286E-02  8.4398E-01  4.7787E-01  3.6611E-01
1.0290E-02  8.3927E-01  4.7316E-01  3.6611E-01
1.0294E-02  8.3998E-01  4.7386E-01  3.6611E-01
1.0298E-02  8.3688E-01  4.7077E-01  3.6612E-01
1.0301E-02  8.3319E-01  4.6707E-01  3.6612E-01
1.0305E-02  8.3133E-01  4.6522E-01  3.6612E-01
1.0309E-02  8.2981E-01  4.6370E-01  3.6612E-01
1.0313E-02  8.3305E-01  4.6693E-01  3.6612E-01
1.0316E-02  8.8032E-01  5.1421E-01  3.6612E-01
1.0320E-02  8.5556E-01  4.8944E-01  3.6612E-01
1.0324E-02  8.2469E-01  4.5857E-01  3.6612E-01
1.0327E-02  8.2292E-01  4.5680E-01  3.6612E-01
1.0331E-02  8.2142E-01  4.5530E-01  3.6612E-01
1.0335E-02  8.2053E-01  4.5441E-01  3.6612E-01
1.0339E-02  8.1987E-01  4.5375E-01  3.6612E-01
1.0342E-02  8.2420E-01  4.5808E-01  3.6612E-01
1.0346E-02  8.1887E-01  4.5275E-01  3.6612E-01
1.0350E-02  8.2254E-01  4.5642E-01  3.6612E-01
1.0354E-02  8.1720E-01  4.5108E-01  3.6612E-01
1.0358E-02  8.5200E-01  4.8588E-01  3.6612E-01
1.0361E-02  8.1471E-01  4.4859E-01  3.6612E-01
1.0365E-02  9.0928E-01  5.4316E-01  3.6612E-01
1.0369E-02  8.1576E-01  4.4964E-01  3.6612E-01
1.0372E-02  8.1259E-01  4.4647E-01  3.6612E-01
1.0376E-02  8.1241E-01  4.4629E-01  3.6612E-01
1.0380E-02  1.4697E+00  1.1036E+00  3.6612E-01
1.0384E-02  8.1061E-01  4.4449E-01  3.6612E-01
1.0387E-02  8.1099E-01  4.4487E-01  3.6612E-01
1.0391E-02  8.0923E-01  4.4311E-01  3.6612E-01
1.0395E-02  8.0865E-01  4.4253E-01  3.6612E-01
1.0399E-02  8.0907E-01  4.4295E-01  3.6612E-01
1.0403E-02  8.1197E-01  4.4585E-01  3.6612E-01
1.0406E-02  8.0783E-01  4.4171E-01  3.6612E-01
1.0410E-02  8.0640E-01  4.4028E-01  3.6612E-01
1.0414E-02  8.0581E-01  4.3968E-01  3.6612E-01
1.0418E-02  8.0526E-01  4.3913E-01  3.6612E-01
1.0421E-02  8.0481E-01  4.3869E-01  3.6612E-01
1.0425E-02  8.4276E-01  4.7664E-01  3.6612E-01
1.0429E-02  8.1213E-01  4.4601E-01  3.6612E-01
1.0433E-02  8.0545E-01  4.3933E-01  3.6613E-01
1.0436E-02  8.0267E-01  4.3655E-01  3.6613E-01
1.0440E-02  8.0265E-01  4.3652E-01  3.6613E-01
1.0444E-02  8.0176E-01  4.3564E-01  3.6613E-01
1.0448E-02  8.0429E-01  4.3816E-01  3.6613E-01
1.0451E-02  8.5379E-01  4.8766E-01  3.6613E-01
1.0455E-02  8.6309E-01  4.9696E-01  3.6613E-01
1.0459E-02  8.3625E-01  4.7012E-01  3.6613E-01
1.0462E-02  8.2091E-01  4.5478E-01  3.6613E-01
1.0466E-02  7.9886E-01  4.3273E-01  3.6613E-01
1.0470E-02  7.9867E-01  4.3254E-01  3.6613E-01
1.0474E-02  7.9853E-01  4.3240E-01  3.6613E-01
1.0478E-02  7.9754E-01  4.3141E-01  3.6613E-01
1.0481E-02  7.9977E-01  4.3364E-01  3.6613E-01
1.0485E-02  7.9675E-01  4.3062E-01  3.6613E-01
1.0489E-02  7.9714E-01  4.3101E-01  3.6613E-01
1.0493E-02  7.9533E-01  4.2920E-01  3.6613E-01
1.0496E-02  7.9509E-01  4.2896E-01  3.6613E-01
1.0500E-02  7.9432E-01  4.2819E-01  3.6613E-01
1.0504E-02  7.9387E-01  4.2774E-01  3.6613E-01
1.0507E-02  7.9398E-01  4.2785E-01  3.6613E-01
1.0511E-02  8.0758E-01  4.4145E-01  3.6613E-01
1.0515E-02  7.9289E-01  4.2676E-01  3.6613E-01
1.0519E-02  7.9600E-01  4.2987E-01  3.6613E-01
1.0523E-02  7.9282E-01  4.2669E-01  3.6613E-01
1.0526E-02  8.0049E-01  4.3435E-01  3.6613E-01
1.0530E-02  7.9356E-01  4.2743E-01  3.6613E-01
1.0534E-02  7.9211E-01  4.2598E-01  3.6613E-01
1.0537E-02  7.9674E-01  4.3060E-01  3.6613E-01
1.0541E-02  7.9055E-01  4.2442E-01  3.6613E-01
1.0545E-02  7.9074E-01  4.2460E-01  3.6613E-01
1.0549E-02  7.9133E-01  4.2519E-01  3.6613E-01
1.0553E-02  7.9291E-01  4.2677E-01  3.6613E-01
1.0556E-02  7.9866E-01  4.3253E-01  3.6613E-01
1.0560E-02  9.0589E-01  5.3975E-01  3.6613E-01
1.0564E-02  5.1517E+02  5.1480E+02  3.6613E-01
1.0568E-02  1.9293E+02  1.9256E+02  3.6613E-01
1.0571E-02  3.3627E+00  2.9966E+00  3.6613E-01
1.0575E-02  1.7805E+01  1.7439E+01  3.6614E-01
1.0579E-02  7.9439E-01  4.2825E-01  3.6614E-01
1.0582E-02  7.8857E-01  4.2244E-01  3.6614E-01
1.0586E-02  8.0309E-01  4.3695E-01  3.6614E-01
1.0590E-02  7.9019E-01  4.2405E-01  3.6614E-01
1.0594E-02  7.8529E-01  4.1915E-01  3.6614E-01
1.0598E-02  7.8367E-01  4.1753E-01  3.6614E-01
1.0601E-02  7.8272E-01  4.1658E-01  3.6614E-01
1.0605E-02  7.8204E-01  4.1590E-01  3.6614E-01
1.0609E-02  7.8147E-01  4.1533E-01  3.6614E-01
1.0613E-02  7.8149E-01  4.1535E-01  3.6614E-01
1.0616E-02  7.8069E-01  4.1455E-01  3.6614E-01
1.0620E-02  7.7992E-01  4.1379E-01  3.6614E-01
1.0624E-02  8.5527E-01  4.8913E-01  3.6614E-01
1.0627E-02  7.7905E-01  4.1291E-01  3.6614E-01
1.0631E-02  7.7892E-01  4.1278E-01  3.6614E-01
1.0635E-02  7.7800E-01  4.1186E-01  3.6614E-01
1.0639E-02  7.7923E-01  4.1309E-01  3.6614E-01
1.0642E-02  7.7768E-01  4.1154E-01  3.6614E-01
1.0646E-02  7.7874E-01  4.1260E-01  3.6614E-01
1.0650E-02  7.7752E-01  4.1138E-01  3.6614E-01
1.0654E-02  7.7614E-01  4.1000E-01  3.6614E-01
1.0658E-02  7.7574E-01  4.0960E-01  3.6614E-01
1.0661E-02  7.7714E-01  4.1099E-01  3.6614E-01
1.0665E-02  7.7443E-01  4.0829E-01  3.6614E-01
1.0669E-02  7.7655E-01  4.1041E-01  3.6614E-01
1.0672E-02  7.7426E-01  4.0812E-01  3.6614E-01
1.0676E-02  1.1057E+00  7.3955E-01  3.6614E-01
1.0680E-02  7.7271E-01  4.0657E-01  3.6614E-01
1.0684E-02  7.7227E-01  4.0613E-01  3.6614E-01
1.0688E-02  7.7202E-01  4.0588E-01  3.6614E-01
1.0691E-02  7.7181E-01  4.0567E-01  3.6614E-01
1.0695E-02  7.7136E-01  4.0522E-01  3.6614E-01
1.0699E-02  9.6853E-01  6.0239E-01  3.6614E-01
1.0703E-02  7.7432E-01  4.0817E-01  3.6614E-01
1.0706E-02  7.6979E-01  4.0365E-01  3.6614E-01
1.0710E-02  7.6935E-01  4.0320E-01  3.6614E-01
1.0714E-02  7.6895E-01  4.0281E-01  3.6614E-01
1.0717E-02  7.9089E-01  4.2475E-01  3.6614E-01
1.0721E-02  7.8708E-01  4.2093E-01  3.6614E-01
1.0725E-02  7.6776E-01  4.0162E-01  3.6614E-01
1.0729E-02  7.6762E-01  4.0147E-01  3.6615E-01
1.0733E-02  7.6801E-01  4.0187E-01  3.6615E-01
1.0736E-02  7.6632E-01  4.0018E-01  3.6615E-01
1.0740E-02  7.6683E-01  4.0069E-01  3.6615E-01
1.0744E-02  7.6780E-01  4.0166E-01  3.6615E-01
1.0748E-02  7.6634E-01  4.0020E-01  3.6615E-01
1.0751E-02  7.6456E-01  3.9841E-01  3.6615E-01
1.0755E-02  7.7124E-01  4.0510E-01  3.6615E-01
1.0759E-02  7.6402E-01  3.9787E-01  3.6615E-01
1.0762E-02  7.6601E-01  3.9986E-01  3.6615E-01
1.0766E-02  7.6472E-01  3.9857E-01  3.6615E-01
1.0770E-02  7.6278E-01  3.9663E-01  3.6615E-01
1.0774E-02  7.6214E-01  3.9599E-01  3.6615E-01
1.0777E-02  7.6363E-01  3.9748E-01  3.6615E-01
1.0781E-02  7.6160E-01  3.9546E-01  3.6615E-01
1.0785E-02  7.6143E-01  3.9528E-01  3.6615E-01
1.0789E-02  7.6038E-01  3.9423E-01  3.6615E-01
1.0793E-02  7.6001E-01  3.9387E-01  3.6615E-01
1.0796E-02  7.6295E-01  3.9680E-01  3.6615E-01
1.0800E-02  7.5899E-01  3.9285E-01  3.6615E-01
1.0804E-02  7.5858E-01  3.9243E-01  3.6615E-01
1.0808E-02  7.5864E-01  3.9249E-01  3.6615E-01
1.0811E-02  7.5787E-01  3.9172E-01  3.6615E-01
1.0815E-02  7.6016E-01  3.9401E-01  3.6615E-01
1.0819E-02  7.5851E-01  3.9236E-01  3.6615E-01
1.0823E-02  7.5650E-01  3.9035E-01  3.6615E-01
1.0826E-02  7.7842E-01  4.1226E-01  3.6615E-01
1.0830E-02  7.5572E-01  3.8957E-01  3.6615E-01
1.0834E-02  7.5716E-01  3.9101E-01  3.6615E-01
1.0837E-02  9.3029E-01  5.6414E-01  3.6615E-01
1.0841E-02  1.4133E+00  1.0471E+00  3.6615E-01
1.0845E-02  7.6687E-01  4.0072E-01  3.6615E-01
1.0849E-02  7.6858E-01  4.0243E-01  3.6615E-01
1.0853E-02  7.5345E-01  3.8729E-01  3.6615E-01
1.0856E-02  7.5380E-01  3.8765E-01  3.6615E-01
1.0860E-02  7.7077E-01  4.0462E-01  3.6615E-01
1.0864E-02  8.0843E-01  4.4227E-01  3.6615E-01
1.0868E-02  7.5577E-01  3.8962E-01  3.6615E-01
1.0871E-02  7.5157E-01  3.8542E-01  3.6615E-01
1.0875E-02  7.5122E-01  3.8507E-01  3.6615E-01
1.0879E-02  7.5102E-01  3.8487E-01  3.6615E-01
1.0882E-02  7.5058E-01  3.8443E-01  3.6615E-01
1.0886E-02  7.5479E-01  3.8863E-01  3.6615E-01
1.0890E-02  7.5192E-01  3.8576E-01  3.6616E-01
1.0894E-02  7.4885E-01  3.8270E-01  3.6616E-01
1.0897E-02  7.8934E-01  4.2319E-01  3.6616E-01
1.0901E-02  7.4820E-01  3.8204E-01  3.6616E-01
1.0905E-02  7.4771E-01  3.8155E-01  3.6616E-01
1.0909E-02  7.4760E-01  3.8144E-01  3.6616E-01
1.0913E-02  7.4738E-01  3.8122E-01  3.6616E-01
1.0916E-02  7.4657E-01  3.8041E-01  3.6616E-01
1.0920E-02  7.4606E-01  3.7990E-01  3.6616E-01
1.0924E-02  7.4592E-01  3.7976E-01  3.6616E-01
1.0927E-02  7.4971E-01  3.8355E-01  3.6616E-01
1.0931E-02  7.4523E-01  3.7907E-01  3.6616E-01
1.0935E-02  7.4446E-01  3.7830E-01  3.6616E-01
1.0939E-02  7.4417E-01  3.7802E-01  3.6616E-01
1.0943E-02  7.4469E-01  3.7853E-01  3.6616E-01
1.0946E-02  7.4746E-01  3.8130E-01  3.6616E-01
1.0950E-02  7.4318E-01  3.7702E-01  3.6616E-01
1.0954E-02  7.4308E-01  3.7692E-01  3.6616E-01
1.0958E-02  7.4239E-01  3.7623E-01  3.6616E-01
1.0961E-02  7.4316E-01  3.7700E-01  3.6616E-01
1.0965E-02  7.4563E-01  3.7947E-01  3.6616E-01
1.0969E-02  7.6229E-01  3.9613E-01  3.6616E-01
1.0973E-02  7.4216E-01  3.7600E-01  3.6616E-01
1.0976E-02  7.4716E-01  3.8100E-01  3.6616E-01
1.0980E-02  7.7452E-01  4.0836E-01  3.6616E-01
1.0984E-02  7.8953E-01  4.2337E-01  3.6616E-01
1.0988E-02  7.4583E-01  3.7967E-01  3.6616E-01
1.0991E-02  7.7109E-01  4.0493E-01  3.6616E-01
1.0995E-02  1.3636E+02  1.3600E+02  3.6616E-01
1.0999E-02  7.4647E-01  3.8030E-01  3.6616E-01
1.1003E-02  7.4059E-01  3.7443E-01  3.6616E-01
1.1006E-02  7.7554E-01  4.0937E-01  3.6616E-01
1.1010E-02  7.3732E-01  3.7116E-01  3.6616E-01
1.1014E-02  7.3849E-01  3.7233E-01  3.6616E-01
1.1017E-02  7.3663E-01  3.7047E-01  3.6616E-01
1.1021E-02  7.3909E-01  3.7293E-01  3.6616E-01
1.1025E-02  7.3686E-01  3.7070E-01  3.6616E-01
1.1029E-02  7.3527E-01  3.6911E-01  3.6616E-01
1.1033E-02  7.3559E-01  3.6943E-01  3.6616E-01
1.1036E-02  7.3556E-01  3.6940E-01  3.6616E-01
1.1040E-02  7.3413E-01  3.6797E-01  3.6616E-01
1.1044E-02  7.3364E-01  3.6748E-01  3.6616E-01
1.1048E-02  7.3330E-01  3.6714E-01  3.6616E-01
1.1051E-02  7.3319E-01  3.6703E-01  3.6616E-01
1.1055E-02  7.3409E-01  3.6792E-01  3.6616E-01
1.1059E-02  7.3237E-01  3.6620E-01  3.6617E-01
1.1062E-02  7.3508E-01  3.6892E-01  3.6617E-01
1.1066E-02  7.3179E-01  3.6562E-01  3.6617E-01
1.1070E-02  7.3184E-01  3.6567E-01  3.6617E-01
1.1074E-02  7.3437E-01  3.6821E-01  3.6617E-01
1.1078E-02  7.4899E-01  3.8283E-01  3.6617E-01
1.1081E-02  8.5730E-01  4.9114E-01  3.6617E-01
1.1085E-02  7.3078E-01  3.6461E-01  3.6617E-01
1.1089E-02  7.3037E-01  3.6420E-01  3.6617E-01
1.1092E-02  7.2933E-01  3.6316E-01  3.6617E-01
1.1096E-02  7.2905E-01  3.6288E-01  3.6617E-01
1.1100E-02  7.2935E-01  3.6318E-01  3.6617E-01
1.1104E-02  7.2905E-01  3.6288E-01  3.6617E-01
1.1108E-02  7.2782E-01  3.6165E-01  3.6617E-01
1.1111E-02  7.3462E-01  3.6846E-01  3.6617E-01
1.1115E-02  7.3177E-01  3.6560E-01  3.6617E-01
1.1119E-02  7.9197E-01  4.2580E-01  3.6617E-01
1.1123E-02  7.2697E-01  3.6080E-01  3.6617E-01
1.1126E-02  7.2697E-01  3.6080E-01  3.6617E-01
1.1130E-02  7.2850E-01  3.6233E-01  3.6617E-01
1.1134E-02  7.2594E-01  3.5977E-01  3.6617E-01
1.1137E-02  7.2495E-01  3.5878E-01  3.6617E-01
1.1141E-02  7.2461E-01  3.5844E-01  3.6617E-01
1.1145E-02  9.2025E-01  5.5408E-01  3.6617E-01
1.1149E-02  7.2844E-01  3.6227E-01  3.6617E-01
1.1152E-02  7.2606E-01  3.5989E-01  3.6617E-01
1.1156E-02  7.2395E-01  3.5778E-01  3.6617E-01
1.1160E-02  8.1922E-01  4.5305E-01  3.6617E-01
1.1164E-02  7.2465E-01  3.5848E-01  3.6617E-01
1.1168E-02  7.2225E-01  3.5607E-01  3.6617E-01
1.1171E-02  7.2210E-01  3.5593E-01  3.6617E-01
1.1175E-02  7.2414E-01  3.5796E-01  3.6617E-01
1.1179E-02  7.3478E-01  3.6861E-01  3.6617E-01
1.1182E-02  7.6133E-01  3.9515E-01  3.6617E-01
1.1186E-02  7.2637E-01  3.6019E-01  3.6617E-01
1.1190E-02  7.2483E-01  3.5866E-01  3.6617E-01
1.1194E-02  7.3095E-01  3.6478E-01  3.6617E-01
1.1198E-02  7.2213E-01  3.5596E-01  3.6617E-01
1.1201E-02  7.9546E-01  4.2928E-01  3.6617E-01
1.1205E-02  7.2102E-01  3.5484E-01  3.6617E-01
1.1209E-02  7.6996E-01  4.0379E-01  3.6617E-01
1.1213E-02  7.2003E-01  3.5386E-01  3.6617E-01
1.1216E-02  7.2309E-01  3.5691E-01  3.6617E-01
1.1220E-02  7.2032E-01  3.5415E-01  3.6617E-01
1.1224E-02  7.6211E-01  3.9593E-01  3.6617E-01
1.1228E-02  9.1128E-01  5.4511E-01  3.6617E-01
1.1231E-02  7.1843E-01  3.5225E-01  3.6617E-01
1.1235E-02  7.1707E-01  3.5089E-01  3.6617E-01
1.1239E-02  7.1906E-01  3.5288E-01  3.6618E-01
1.1243E-02  7.1711E-01  3.5093E-01  3.6618E-01
1.1246E-02  7.2497E-01  3.5879E-01  3.6618E-01
1.1250E-02  7.1581E-01  3.4964E-01  3.6618E-01
1.1254E-02  7.1614E-01  3.4997E-01  3.6618E-01
1.1258E-02  7.2427E-01  3.5809E-01  3.6618E-01
1.1261E-02  8.2933E-01  4.6315E-01  3.6618E-01
1.1265E-02  1.3571E+00  9.9088E-01  3.6618E-01
1.1269E-02  7.1424E-01  3.4807E-01  3.6618E-01
1.1272E-02  7.1333E-01  3.4715E-01  3.6618E-01
1.1276E-02  7.1354E-01  3.4736E-01  3.6618E-01
1.1280E-02  7.1707E-01  3.5090E-01  3.6618E-01
1.1284E-02  7.1236E-01  3.4618E-01  3.6618E-01
1.1288E-02  7.1195E-01  3.4577E-01  3.6618E-01
1.1291E-02  7.1316E-01  3.4698E-01  3.6618E-01
1.1295E-02  7.1175E-01  3.4557E-01  3.6618E-01
1.1299E-02  7.1140E-01  3.4522E-01  3.6618E-01
1.1303E-02  7.1169E-01  3.4551E-01  3.6618E-01
1.1306E-02  7.8523E-01  4.1905E-01  3.6618E-01
1.1310E-02  7.1144E-01  3.4526E-01  3.6618E-01
1.1314E-02  7.0990E-01  3.4372E-01  3.6618E-01
1.1317E-02  7.0957E-01  3.4339E-01  3.6618E-01
1.1321E-02  7.1052E-01  3.4434E-01  3.6618E-01
1.1325E-02  7.1032E-01  3.4414E-01  3.6618E-01
1.1329E-02  7.1011E-01  3.4393E-01  3.6618E-01
1.1333E-02  7.1882E-01  3.5264E-01  3.6618E-01
1.1336E-02  7.0826E-01  3.4208E-01  3.6618E-01
1.1340E-02  7.0802E-01  3.4184E-01  3.6618E-01
1.1344E-02  7.1371E-01  3.4753E-01  3.6618E-01
1.1348E-02  7.0816E-01  3.4198E-01  3.6618E-01
1.1351E-02  7.0757E-01  3.4139E-01  3.6618E-01
1.1355E-02  7.0696E-01  3.4078E-01  3.6618E-01
1.1359E-02  7.0801E-01  3.4182E-01  3.6618E-01
1.1363E-02  7.0955E-01  3.4337E-01  3.6618E-01
1.1366E-02  7.3078E-01  3.6459E-01  3.6618E-01
1.1370E-02  7.1133E-01  3.4515E-01  3.6618E-01
1.1374E-02  7.0648E-01  3.4030E-01  3.6618E-01
1.1378E-02  7.0643E-01  3.4025E-01  3.6618E-01
1.1381E-02  7.0935E-01  3.4317E-01  3.6618E-01
1.1385E-02  7.0928E-01  3.4310E-01  3.6618E-01
1.1389E-02  7.0737E-01  3.4119E-01  3.6618E-01
1.1392E-02  7.1031E-01  3.4413E-01  3.6618E-01
1.1396E-02  7.5731E-01  3.9113E-01  3.6618E-01
1.1400E-02  7.1637E-01  3.5018E-01  3.6618E-01
1.1404E-02  7.2519E-01  3.5901E-01  3.6618E-01
1.1408E-02  7.2522E-01  3.5904E-01  3.6618E-01
1.1411E-02  7.4485E-01  3.7867E-01  3.6618E-01
1.1415E-02  7.9927E-01  4.3308E-01  3.6618E-01
1.1419E-02  7.9897E-01  4.3278E-01  3.6618E-01
1.1423E-02  9.8169E-01  6.1550E-01  3.6618E-01
1.1426E-02  2.7897E+00  2.4235E+00  3.6619E-01
1.1430E-02  1.2239E+02  1.2203E+02  3.6619E-01
1.1434E-02  1.6947E+00  1.3285E+00  3.6619E-01
1.1437E-02  9.0215E-01  5.3596E-01  3.6619E-01
1.1441E-02  7.7938E-01  4.1319E-01  3.6619E-01
1.1445E-02  7.4448E-01  3.7830E-01  3.6619E-01
1.1449E-02  7.2768E-01  3.6149E-01  3.6619E-01
1.1452E-02  7.8120E-01  4.1501E-01  3.6619E-01
1.1456E-02  7.0928E-01  3.4309E-01  3.6619E-01
1.1460E-02  7.1588E-01  3.4969E-01  3.6619E-01
1.1464E-02  7.0353E-01  3.3734E-01  3.6619E-01
1.1468E-02  7.0201E-01  3.3583E-01  3.6619E-01
1.1471E-02  7.0104E-01  3.3485E-01  3.6619E-01
1.1475E-02  6.9995E-01  3.3377E-01  3.6619E-01
1.1479E-02  7.5671E-01  3.9052E-01  3.6619E-01
1.1483E-02  6.9840E-01  3.3221E-01  3.6619E-01
1.1486E-02  7.0019E-01  3.3400E-01  3.6619E-01
1.1490E-02  6.9716E-01  3.3097E-01  3.6619E-01
1.1494E-02  7.8579E-01  4.1960E-01  3.6619E-01
1.1498E-02  7.1000E-01  3.4381E-01  3.6619E-01
1.1501E-02  7.7980E-01  4.1362E-01  3.6619E-01
1.1505E-02  6.9884E-01  3.3265E-01  3.6619E-01
1.1509E-02  6.9491E-01  3.2872E-01  3.6619E-01
1.1513E-02  7.2401E-01  3.5782E-01  3.6619E-01
1.1516E-02  7.3194E-01  3.6575E-01  3.6619E-01
1.1520E-02  6.9417E-01  3.2798E-01  3.6619E-01
1.1524E-02  6.9367E-01  3.2748E-01  3.6619E-01
1.1527E-02  6.9484E-01  3.2865E-01  3.6619E-01
1.1531E-02  7.0812E-01  3.4193E-01  3.6619E-01
1.1535E-02  6.9575E-01  3.2956E-01  3.6619E-01
1.1539E-02  9.7169E-01  6.0550E-01  3.6619E-01
1.1543E-02  6.9184E-01  3.2565E-01  3.6619E-01
1.1546E-02  6.9150E-01  3.2531E-01  3.6619E-01
1.1550E-02  6.9182E-01  3.2563E-01  3.6619E-01
1.1554E-02  6.9097E-01  3.2478E-01  3.6619E-01
1.1558E-02  1.0698E+00  7.0361E-01  3.6619E-01
1.1561E-02  1.0060E+00  6.3985E-01  3.6619E-01
1.1565E-02  6.9124E-01  3.2505E-01  3.6619E-01
1.1569E-02  6.9032E-01  3.2412E-01  3.6619E-01
1.1572E-02  6.9115E-01  3.2496E-01  3.6619E-01
1.1576E-02  6.8927E-01  3.2308E-01  3.6619E-01
1.1580E-02  6.9050E-01  3.2431E-01  3.6619E-01
1.1584E-02  6.8876E-01  3.2257E-01  3.6619E-01
1.1587E-02  6.9014E-01  3.2394E-01  3.6619E-01
1.1591E-02  6.9743E-01  3.3124E-01  3.6619E-01
1.1595E-02  6.8777E-01  3.2158E-01  3.6619E-01
1.1599E-02  6.9658E-01  3.3039E-01  3.6619E-01
1.1602E-02  6.8726E-01  3.2107E-01  3.6619E-01
1.1606E-02  6.8689E-01  3.2070E-01  3.6619E-01
1.1610E-02  6.8851E-01  3.2232E-01  3.6619E-01
1.1614E-02  6.8751E-01  3.2132E-01  3.6619E-01
1.1618E-02  6.9186E-01  3.2567E-01  3.6619E-01
1.1621E-02  6.8601E-01  3.1982E-01  3.6619E-01
1.1625E-02  6.8555E-01  3.1935E-01  3.6620E-01
1.1629E-02  6.8539E-01  3.1920E-01  3.6620E-01
1.1633E-02  6.8497E-01  3.1877E-01  3.6620E-01
1.1636E-02  6.8473E-01  3.1853E-01  3.6620E-01
1.1640E-02  7.2672E-01  3.6053E-01  3.6620E-01
1.1644E-02  8.7461E-01  5.0841E-01  3.6620E-01
1.1647E-02  6.8429E-01  3.1810E-01  3.6620E-01
1.1651E-02  6.8437E-01  3.1818E-01  3.6620E-01
1.1655E-02  6.8416E-01  3.1796E-01  3.6620E-01
1.1659E-02  6.8766E-01  3.2146E-01  3.6620E-01
1.1663E-02  6.8345E-01  3.1726E-01  3.6620E-01
1.1666E-02  6.8377E-01  3.1757E-01  3.6620E-01
1.1670E-02  6.8348E-01  3.1728E-01  3.6620E-01
1.1674E-02  6.8224E-01  3.1605E-01  3.6620E-01
1.1678E-02  6.8258E-01  3.1638E-01  3.6620E-01
1.1681E-02  6.8163E-01  3.1543E-01  3.6620E-01
1.1685E-02  7.0297E-01  3.3677E-01  3.6620E-01
1.1689E-02  6.8439E-01  3.1819E-01  3.6620E-01
1.1692E-02  6.8098E-01  3.1479E-01  3.6620E-01
1.1696E-02  6.8209E-01  3.1589E-01  3.6620E-01
1.1700E-02  6.8142E-01  3.1522E-01  3.6620E-01
1.1704E-02  7.2414E-01  3.5794E-01  3.6620E-01
1.1707E-02  7.2556E-01  3.5936E-01  3.6620E-01
1.1711E-02  6.7989E-01  3.1369E-01  3.6620E-01
1.1715E-02  6.7975E-01  3.1355E-01  3.6620E-01
1.1719E-02  6.7939E-01  3.1319E-01  3.6620E-01
1.1723E-02  6.8254E-01  3.1634E-01  3.6620E-01
1.1726E-02  6.8197E-01  3.1577E-01  3.6620E-01
1.1730E-02  6.8897E-01  3.2277E-01  3.6620E-01
1.1734E-02  6.8206E-01  3.1586E-01  3.6620E-01
1.1737E-02  6.7815E-01  3.1195E-01  3.6620E-01
1.1741E-02  6.8182E-01  3.1562E-01  3.6620E-01
1.1745E-02  1.8804E+00  1.5142E+00  3.6620E-01
1.1749E-02  9.3901E-01  5.7281E-01  3.6620E-01
1.1753E-02  7.8695E-01  4.2075E-01  3.6620E-01
1.1756E-02  7.7470E-01  4.0850E-01  3.6620E-01
1.1760E-02  6.8447E-01  3.1827E-01  3.6620E-01
1.1764E-02  7.5893E-01  3.9273E-01  3.6620E-01
1.1768E-02  1.2178E+00  8.5157E-01  3.6620E-01
1.1771E-02  1.0536E+00  6.8743E-01  3.6620E-01
1.1775E-02  7.5544E-01  3.8923E-01  3.6620E-01
1.1779E-02  6.8410E-01  3.1790E-01  3.6620E-01
1.1783E-02  6.9384E-01  3.2764E-01  3.6620E-01
1.1786E-02  8.2041E-01  4.5421E-01  3.6620E-01
1.1790E-02  8.7779E-01  5.1159E-01  3.6620E-01
1.1794E-02  7.0144E-01  3.3524E-01  3.6620E-01
1.1798E-02  6.7745E-01  3.1124E-01  3.6620E-01
1.1801E-02  6.7459E-01  3.0839E-01  3.6620E-01
1.1805E-02  8.6850E-01  5.0230E-01  3.6620E-01
1.1809E-02  6.9781E-01  3.3160E-01  3.6620E-01
1.1813E-02  6.7644E-01  3.1024E-01  3.6620E-01
1.1816E-02  7.9626E-01  4.3005E-01  3.6620E-01
1.1820E-02  6.7838E-01  3.1217E-01  3.6620E-01
1.1824E-02  6.7621E-01  3.1000E-01  3.6620E-01
1.1827E-02  7.0180E-01  3.3560E-01  3.6620E-01
1.1831E-02  6.9188E-01  3.2567E-01  3.6620E-01
1.1835E-02  6.7630E-01  3.1009E-01  3.6621E-01
1.1839E-02  6.7577E-01  3.0957E-01  3.6621E-01
1.1842E-02  6.7589E-01  3.0968E-01  3.6621E-01
1.1846E-02  7.0201E-01  3.3580E-01  3.6621E-01
1.1850E-02  7.7570E-01  4.0949E-01  3.6621E-01
1.1854E-02  3.7980E+00  3.4318E+00  3.6621E-01
1.1857E-02  6.8506E-01  3.1885E-01  3.6621E-01
1.1861E-02  8.3287E-01  4.6666E-01  3.6621E-01
1.1865E-02  7.3814E-01  3.7193E-01  3.6621E-01
1.1869E-02  6.7476E-01  3.0856E-01  3.6621E-01
1.1873E-02  9.8483E-01  6.1862E-01  3.6621E-01
1.1876E-02  6.9630E-01  3.3010E-01  3.6621E-01
1.1880E-02  6.7519E-01  3.0898E-01  3.6621E-01
1.1884E-02  6.7175E-01  3.0554E-01  3.6621E-01
1.1888E-02  6.7464E-01  3.0843E-01  3.6621E-01
1.1891E-02  6.9309E-01  3.2689E-01  3.6621E-01
1.1895E-02  6.9374E-01  3.2753E-01  3.6621E-01
1.1899E-02  6.7931E-01  3.1310E-01  3.6621E-01
1.1902E-02  6.7027E-01  3.0406E-01  3.6621E-01
1.1906E-02  6.7038E-01  3.0418E-01  3.6621E-01
1.1910E-02  6.7060E-01  3.0439E-01  3.6621E-01
1.1914E-02  6.7022E-01  3.0401E-01  3.6621E-01
1.1918E-02  6.9897E-01  3.3276E-01  3.6621E-01
1.1921E-02  6.7094E-01  3.0473E-01  3.6621E-01
1.1925E-02  6.7045E-01  3.0424E-01  3.6621E-01
1.1929E-02  6.7106E-01  3.0485E-01  3.6621E-01
1.1933E-02  6.8110E-01  3.1489E-01  3.6621E-01
1.1936E-02  6.7138E-01  3.0517E-01  3.6621E-01
1.1940E-02  6.7351E-01  3.0730E-01  3.6621E-01
1.1944E-02  6.8054E-01  3.1433E-01  3.6621E-01
1.1947E-02  6.7590E-01  3.0969E-01  3.6621E-01
1.1951E-02  6.7862E-01  3.1241E-01  3.6621E-01
1.1955E-02  6.7469E-01  3.0848E-01  3.6621E-01
1.1959E-02  6.7328E-01  3.0707E-01  3.6621E-01
1.1962E-02  6.7545E-01  3.0924E-01  3.6621E-01
1.1966E-02  6.7401E-01  3.0780E-01  3.6621E-01
1.1970E-02  6.7474E-01  3.0853E-01  3.6621E-01
1.1974E-02  6.7961E-01  3.1340E-01  3.6621E-01
1.1978E-02  7.3499E-01  3.6878E-01  3.6621E-01
1.1981E-02  7.6183E-01  3.9561E-01  3.6621E-01
1.1985E-02  6.8084E-01  3.1463E-01  3.6621E-01
1.1989E-02  7.6970E-01  4.0349E-01  3.6621E-01
1.1992E-02  6.8432E-01  3.1811E-01  3.6621E-01
1.1996E-02  7.0446E-01  3.3825E-01  3.6621E-01
1.2000E-02  6.8728E-01  3.2107E-01  3.6621E-01
1.2004E-02  6.9101E-01  3.2480E-01  3.6621E-01
1.2008E-02  6.9254E-01  3.2633E-01  3.6621E-01
1.2011E-02  6.9636E-01  3.3015E-01  3.6621E-01
1.2015E-02  7.0175E-01  3.3553E-01  3.6621E-01
1.2019E-02  7.1003E-01  3.4382E-01  3.6621E-01
1.2023E-02  1.0511E+01  1.0145E+01  3.6621E-01
1.2026E-02  7.2012E-01  3.5391E-01  3.6621E-01
1.2030E-02  7.7218E-01  4.0597E-01  3.6621E-01
1.2034E-02  7.3872E-01  3.7251E-01  3.6621E-01
1.2038E-02  7.5254E-01  3.8632E-01  3.6621E-01
1.2041E-02  7.7370E-01  4.0749E-01  3.6621E-01
1.2045E-02  8.3657E-01  4.7035E-01  3.6621E-01
1.2049E-02  8.2938E-01  4.6317E-01  3.6621E-01
1.2053E-02  8.7763E-01  5.1142E-01  3.6621E-01
1.2056E-02  9.1541E-01  5.4920E-01  3.6621E-01
1.2060E-02  1.0247E+00  6.5848E-01  3.6622E-01
1.2064E-02  1.0920E+00  7.2578E-01  3.6622E-01
1.2068E-02  1.2501E+00  8.8392E-01  3.6622E-01
1.2071E-02  1.4992E+00  1.1330E+00  3.6622E-01
1.2075E-02  1.9443E+00  1.5781E+00  3.6622E-01
1.2079E-02  2.8558E+00  2.4896E+00  3.6622E-01
1.2082E-02  4.9400E+00  4.5738E+00  3.6622E-01
1.2086E-02  1.1438E+01  1.1072E+01  3.6622E-01
1.2090E-02  5.3887E+01  5.3520E+01  3.6622E-01
1.2094E-02  9.6144E+03  9.6140E+03  3.6622E-01
1.2097E-02  1.5846E+02  1.5809E+02  3.6622E-01
1.2101E-02  1.6817E+01  1.6451E+01  3.6622E-01
1.2105E-02  6.2008E+00  5.8345E+00  3.6622E-01
1.2109E-02  3.3918E+00  3.0255E+00  3.6622E-01
1.2113E-02  2.1864E+00  1.8202E+00  3.6622E-01
1.2116E-02  1.6369E+00  1.2707E+00  3.6622E-01
1.2120E-02  1.3257E+00  9.5949E-01  3.6622E-01
1.2124E-02  1.1566E+00  7.9038E-01  3.6622E-01
1.2128E-02  1.0537E+00  6.8748E-01  3.6622E-01
1.2131E-02  9.3938E-01  5.7316E-01  3.6622E-01
1.2135E-02  8.7372E-01  5.0750E-01  3.6622E-01
1.2139E-02  8.3561E-01  4.6939E-01  3.6622E-01
1.2143E-02  8.0198E-01  4.3577E-01  3.6622E-01
1.2146E-02  8.4131E-01  4.7510E-01  3.6622E-01
1.2150E-02  7.5503E-01  3.8881E-01  3.6622E-01
1.2154E-02  7.3730E-01  3.7109E-01  3.6622E-01
1.2158E-02  7.2595E-01  3.5973E-01  3.6622E-01
1.2161E-02  7.5500E-01  3.8878E-01  3.6622E-01
1.2165E-02  7.0636E-01  3.4014E-01  3.6622E-01
1.2169E-02  7.0534E-01  3.3912E-01  3.6622E-01
1.2173E-02  6.9570E-01  3.2948E-01  3.6622E-01
1.2176E-02  6.8878E-01  3.2256E-01  3.6622E-01
1.2180E-02  6.8479E-01  3.1857E-01  3.6622E-01
1.2184E-02  6.8490E-01  3.1868E-01  3.6622E-01
1.2188E-02  7.3545E-01  3.6922E-01  3.6622E-01
1.2191E-02  6.8276E-01  3.1654E-01  3.6622E-01
1.2195E-02  6.7332E-01  3.0710E-01  3.6622E-01
1.2199E-02  6.6955E-01  3.0333E-01  3.6622E-01
1.2202E-02  6.6688E-01  3.0065E-01  3.6622E-01
1.2206E-02  6.6638E-01  3.0016E-01  3.6622E-01
1.2210E-02  6.6359E-01  2.9737E-01  3.6622E-01
1.2214E-02  6.6198E-01  2.9576E-01  3.6622E-01
1.2217E-02  6.8753E-01  3.2131E-01  3.6622E-01
1.2221E-02  6.5927E-01  2.9305E-01  3.6622E-01
1.2225E-02  7.0497E-01  3.3875E-01  3.6622E-01
1.2229E-02  6.5986E-01  2.9364E-01  3.6622E-01
1.2232E-02  6.6495E-01  2.9873E-01  3.6622E-01
1.2236E-02  6.5586E-01  2.8964E-01  3.6622E-01
1.2240E-02  6.5920E-01  2.9298E-01  3.6622E-01
1.2244E-02  6.5425E-01  2.8803E-01  3.6622E-01
1.2247E-02  6.7434E-01  3.0812E-01  3.6622E-01
1.2251E-02  1.4874E+00  1.1212E+00  3.6622E-01
1.2255E-02  6.5300E-01  2.8677E-01  3.6622E-01
1.2259E-02  6.9879E-01  3.3257E-01  3.6622E-01
1.2263E-02  6.5392E-01  2.8770E-01  3.6622E-01
1.2266E-02  6.5231E-01  2.8609E-01  3.6622E-01
1.2270E-02  7.4052E-01  3.7430E-01  3.6622E-01
1.2274E-02  6.9166E-01  3.2544E-01  3.6622E-01
1.2278E-02  6.4851E-01  2.8229E-01  3.6622E-01
1.2281E-02  6.4834E-01  2.8212E-01  3.6622E-01
1.2285E-02  6.4736E-01  2.8113E-01  3.6622E-01
1.2289E-02  6.6888E-01  3.0266E-01  3.6622E-01
1.2293E-02  6.5126E-01  2.8504E-01  3.6622E-01
1.2296E-02  6.5192E-01  2.8569E-01  3.6623E-01
1.2300E-02  6.4646E-01  2.8023E-01  3.6623E-01
1.2304E-02  6.9585E-01  3.2963E-01  3.6623E-01
1.2308E-02  6.6014E-01  2.9392E-01  3.6623E-01
1.2311E-02  6.4533E-01  2.7911E-01  3.6623E-01
1.2315E-02  7.8043E-01  4.1421E-01  3.6623E-01
1.2319E-02  6.4404E-01  2.7782E-01  3.6623E-01
1.2323E-02  6.4445E-01  2.7822E-01  3.6623E-01
1.2326E-02  6.4383E-01  2.7760E-01  3.6623E-01
1.2330E-02  6.4269E-01  2.7646E-01  3.6623E-01
1.2334E-02  1.3592E+00  9.9296E-01  3.6623E-01
1.2337E-02  6.6756E-01  3.0133E-01  3.6623E-01
1.2341E-02  6.4301E-01  2.7678E-01  3.6623E-01
1.2345E-02  6.4867E-01  2.8244E-01  3.6623E-01
1.2349E-02  6.4251E-01  2.7628E-01  3.6623E-01
1.2352E-02  6.5538E-01  2.8915E-01  3.6623E-01
1.2356E-02  6.4687E-01  2.8064E-01  3.6623E-01
1.2360E-02  6.6293E-01  2.9670E-01  3.6623E-01
1.2364E-02  6.5765E-01  2.9142E-01  3.6623E-01
1.2367E-02  6.4135E-01  2.7512E-01  3.6623E-01
1.2371E-02  6.3987E-01  2.7365E-01  3.6623E-01
1.2375E-02  6.3953E-01  2.7330E-01  3.6623E-01
1.2379E-02  6.4065E-01  2.7442E-01  3.6623E-01
1.2383E-02  6.3952E-01  2.7329E-01  3.6623E-01
1.2386E-02  6.4125E-01  2.7502E-01  3.6623E-01
1.2390E-02  6.6747E-01  3.0124E-01  3.6623E-01
1.2394E-02  6.3971E-01  2.7348E-01  3.6623E-01
1.2398E-02  7.3857E-01  3.7234E-01  3.6623E-01
1.2401E-02  6.9264E-01  3.2641E-01  3.6623E-01
1.2405E-02  6.4495E-01  2.7872E-01  3.6623E-01
1.2409E-02  6.3909E-01  2.7286E-01  3.6623E-01
1.2413E-02  6.6211E-01  2.9588E-01  3.6623E-01
1.2416E-02  7.2614E-01  3.5991E-01  3.6623E-01
1.2420E-02  6.6060E-01  2.9437E-01  3.6623E-01
1.2424E-02  6.6062E-01  2.9439E-01  3.6623E-01
1.2428E-02  6.3789E-01  2.7166E-01  3.6623E-01
1.2431E-02  6.3749E-01  2.7126E-01  3.6623E-01
1.2435E-02  6.3807E-01  2.7184E-01  3.6623E-01
1.2439E-02  6.4707E-01  2.8084E-01  3.6623E-01
1.2443E-02  6.3868E-01  2.7245E-01  3.6623E-01
1.2446E-02  7.0423E-01  3.3800E-01  3.6623E-01
1.2450E-02  6.3853E-01  2.7230E-01  3.6623E-01
1.2454E-02  6.4536E-01  2.7913E-01  3.6623E-01
1.2457E-02  6.4679E-01  2.8056E-01  3.6623E-01
1.2461E-02  7.6601E-01  3.9978E-01  3.6623E-01
1.2465E-02  7.7873E-01  4.1250E-01  3.6623E-01
1.2469E-02  6.6824E-01  3.0201E-01  3.6623E-01
1.2472E-02  6.5804E-01  2.9181E-01  3.6623E-01
1.2476E-02  6.5858E-01  2.9235E-01  3.6623E-01
1.2480E-02  6.8240E-01  3.1616E-01  3.6623E-01
1.2484E-02  7.3586E-01  3.6963E-01  3.6623E-01
1.2487E-02  8.2583E-01  4.5960E-01  3.6623E-01
1.2491E-02  1.5369E+00  1.1707E+00  3.6623E-01
1.2495E-02  2.1025E+01  2.0659E+01  3.6623E-01
1.2499E-02  3.4806E+00  3.1143E+00  3.6623E-01
1.2503E-02  9.5861E-01  5.9238E-01  3.6623E-01
1.2506E-02  7.3946E-01  3.7322E-01  3.6623E-01
1.2510E-02  6.8725E-01  3.2102E-01  3.6623E-01
1.2514E-02  6.6129E-01  2.9506E-01  3.6623E-01
1.2518E-02  6.5095E-01  2.8472E-01  3.6623E-01
1.2521E-02  6.4606E-01  2.7982E-01  3.6623E-01
1.2525E-02  6.4709E-01  2.8085E-01  3.6623E-01
1.2529E-02  6.4677E-01  2.8054E-01  3.6623E-01
1.2533E-02  6.3800E-01  2.7177E-01  3.6623E-01
1.2536E-02  6.3744E-01  2.7121E-01  3.6623E-01
1.2540E-02  6.6993E-01  3.0370E-01  3.6623E-01
1.2544E-02  7.3978E-01  3.7355E-01  3.6623E-01
1.2548E-02  6.3551E-01  2.6927E-01  3.6623E-01
1.2551E-02  6.7221E-01  3.0598E-01  3.6623E-01
1.2555E-02  6.3891E-01  2.7268E-01  3.6624E-01
1.2559E-02  6.3464E-01  2.6840E-01  3.6624E-01
1.2563E-02  6.3482E-01  2.6859E-01  3.6624E-01
1.2566E-02  6.3743E-01  2.7119E-01  3.6624E-01
1.2570E-02  6.3597E-01  2.6973E-01  3.6624E-01
1.2574E-02  6.3661E-01  2.7037E-01  3.6624E-01
1.2578E-02  6.3645E-01  2.7021E-01  3.6624E-01
1.2581E-02  1.0160E+00  6.4973E-01  3.6624E-01
1.2585E-02  6.3651E-01  2.7027E-01  3.6624E-01
1.2589E-02  6.4365E-01  2.7741E-01  3.6624E-01
1.2592E-02  6.4120E-01  2.7497E-01  3.6624E-01
1.2596E-02  6.3650E-01  2.7026E-01  3.6624E-01
1.2600E-02  6.3624E-01  2.7001E-01  3.6624E-01
1.2604E-02  6.3787E-01  2.7164E-01  3.6624E-01
1.2607E-02  6.3954E-01  2.7330E-01  3.6624E-01
1.2611E-02  6.4036E-01  2.7412E-01  3.6624E-01
1.2615E-02  6.4316E-01  2.7692E-01  3.6624E-01
1.2619E-02  6.3886E-01  2.7262E-01  3.6624E-01
1.2622E-02  6.4003E-01  2.7379E-01  3.6624E-01
1.2626E-02  6.4040E-01  2.7416E-01  3.6624E-01
1.2630E-02  6.4148E-01  2.7524E-01  3.6624E-01
1.2634E-02  6.4204E-01  2.7580E-01  3.6624E-01
1.2638E-02  6.4612E-01  2.7988E-01  3.6624E-01
1.2641E-02  6.4565E-01  2.7941E-01  3.6624E-01
1.2645E-02  6.4680E-01  2.8056E-01  3.6624E-01
1.2649E-02  6.4988E-01  2.8364E-01  3.6624E-01
1.2653E-02  6.5125E-01  2.8501E-01  3.6624E-01
1.2656E-02  6.5272E-01  2.8648E-01  3.6624E-01
1.2660E-02  6.6392E-01  2.9768E-01  3.6624E-01
1.2664E-02  6.7068E-01  3.0445E-01  3.6624E-01
1.2667E-02  6.6294E-01  2.9671E-01  3.6624E-01
1.2671E-02  6.6730E-01  3.0106E-01  3.6624E-01
1.2675E-02  6.7069E-01  3.0445E-01  3.6624E-01
1.2679E-02  6.7723E-01  3.1099E-01  3.6624E-01
1.2683E-02  6.8268E-01  3.1644E-01  3.6624E-01
1.2686E-02  6.8938E-01  3.2314E-01  3.6624E-01
1.2690E-02  7.0060E-01  3.3436E-01  3.6624E-01
1.2694E-02  7.1240E-01  3.4616E-01  3.6624E-01
1.2698E-02  1.4426E+00  1.0764E+00  3.6624E-01
1.2701E-02  7.4495E-01  3.7871E-01  3.6624E-01
1.2705E-02  7.6622E-01  3.9998E-01  3.6624E-01
1.2709E-02  8.0150E-01  4.3526E-01  3.6624E-01
1.2712E-02  9.0619E-01  5.3995E-01  3.6624E-01
1.2716E-02  8.8057E-01  5.1433E-01  3.6624E-01
1.2720E-02  9.6457E-01  5.9833E-01  3.6624E-01
1.2724E-02  1.0522E+00  6.8595E-01  3.6624E-01
1.2727E-02  1.2022E+00  8.3601E-01  3.6624E-01
1.2731E-02  1.4234E+00  1.0572E+00  3.6624E-01
1.2735E-02  1.7876E+00  1.4213E+00  3.6624E-01
1.2739E-02  2.5723E+00  2.2060E+00  3.6624E-01
1.2742E-02  4.1237E+00  3.7575E+00  3.6624E-01
1.2746E-02  8.4158E+00  8.0496E+00  3.6624E-01
1.2750E-02  2.7803E+01  2.7436E+01  3.6624E-01
1.2754E-02  7.8264E+02  7.8228E+02  3.6624E-01
1.2758E-02  1.0710E+03  1.0706E+03  3.6624E-01
1.2761E-02  3.1429E+01  3.1063E+01  3.6624E-01
1.2765E-02  8.9543E+00  8.5881E+00  3.6624E-01
1.2769E-02  4.3543E+00  3.9881E+00  3.6624E-01
1.2773E-02  2.6876E+00  2.3214E+00  3.6624E-01
1.2776E-02  1.8722E+00  1.5060E+00  3.6624E-01
1.2780E-02  1.4865E+00  1.1202E+00  3.6624E-01
1.2784E-02  1.2680E+00  9.0178E-01  3.6624E-01
1.2788E-02  1.1359E+00  7.6965E-01  3.6624E-01
1.2791E-02  1.0443E+00  6.7810E-01  3.6624E-01
1.2795E-02  1.0073E+00  6.4106E-01  3.6624E-01
1.2799E-02  9.9412E-01  6.2788E-01  3.6624E-01
1.2802E-02  1.0174E+00  6.5113E-01  3.6624E-01
1.2806E-02  1.0939E+00  7.2770E-01  3.6624E-01
1.2810E-02  1.2859E+00  9.1965E-01  3.6624E-01
1.2814E-02  1.7963E+00  1.4301E+00  3.6624E-01
1.2818E-02  3.8579E+00  3.4916E+00  3.6624E-01
1.2821E-02  4.4921E+01  4.4555E+01  3.6624E-01
1.2825E-02  1.6018E+01  1.5652E+01  3.6624E-01
1.2829E-02  3.0660E+00  2.6998E+00  3.6625E-01
1.2833E-02  1.8273E+00  1.4610E+00  3.6625E-01
1.2836E-02  1.7931E+00  1.4268E+00  3.6625E-01
1.2840E-02  3.5603E+00  3.1941E+00  3.6625E-01
1.2844E-02  2.7637E+05  2.7637E+05  3.6625E-01
1.2847E-02  3.9468E+00  3.5805E+00  3.6625E-01
1.2851E-02  1.5036E+00  1.1373E+00  3.6625E-01
1.2855E-02  1.0699E+00  7.0361E-01  3.6625E-01
1.2859E-02  8.9662E-01  5.3037E-01  3.6625E-01
1.2862E-02  8.1657E-01  4.5033E-01  3.6625E-01
1.2866E-02  7.7131E-01  4.0507E-01  3.6625E-01
1.2870E-02  7.4272E-01  3.7648E-01  3.6625E-01
1.2874E-02  7.2297E-01  3.5672E-01  3.6625E-01
1.2878E-02  7.0727E-01  3.4102E-01  3.6625E-01
1.2881E-02  7.0130E-01  3.3505E-01  3.6625E-01
1.2885E-02  7.0577E-01  3.3952E-01  3.6625E-01
1.2889E-02  6.9011E-01  3.2386E-01  3.6625E-01
1.2893E-02  6.7826E-01  3.1202E-01  3.6625E-01
1.2896E-02  6.8063E-01  3.1438E-01  3.6625E-01
1.2900E-02  6.7159E-01  3.0534E-01  3.6625E-01
1.2904E-02  6.7030E-01  3.0405E-01  3.6625E-01
1.2908E-02  6.7087E-01  3.0462E-01  3.6625E-01
1.2911E-02  7.4186E-01  3.7561E-01  3.6625E-01
1.2915E-02  6.8023E-01  3.1399E-01  3.6625E-01
1.2919E-02  6.9557E-01  3.2933E-01  3.6625E-01
1.2922E-02  7.3331E-01  3.6706E-01  3.6625E-01
1.2926E-02  8.8722E-01  5.2097E-01  3.6625E-01
1.2930E-02  1.5442E+00  1.1780E+00  3.6625E-01
1.2934E-02  6.6963E+00  6.3301E+00  3.6625E-01
1.2938E-02  2.8116E+00  2.4454E+00  3.6625E-01
1.2941E-02  1.0126E+00  6.4638E-01  3.6625E-01
1.2945E-02  7.6972E-01  4.0348E-01  3.6625E-01
1.2949E-02  7.0794E-01  3.4170E-01  3.6625E-01
1.2953E-02  6.8553E-01  3.1928E-01  3.6625E-01
1.2956E-02  6.7571E-01  3.0946E-01  3.6625E-01
1.2960E-02  6.7913E-01  3.1288E-01  3.6625E-01
1.2964E-02  6.6936E-01  3.0311E-01  3.6625E-01
1.2967E-02  6.6985E-01  3.0360E-01  3.6625E-01
1.2971E-02  6.7178E-01  3.0553E-01  3.6625E-01
1.2975E-02  6.7447E-01  3.0822E-01  3.6625E-01
1.2979E-02  6.7754E-01  3.1129E-01  3.6625E-01
1.2982E-02  6.8868E-01  3.2243E-01  3.6625E-01
1.2986E-02  1.2689E+00  9.0263E-01  3.6625E-01
1.2990E-02  7.6154E-01  3.9529E-01  3.6625E-01
1.2994E-02  7.1377E-01  3.4752E-01  3.6625E-01
1.2997E-02  7.3341E-01  3.6716E-01  3.6625E-01
1.3001E-02  1.9381E+00  1.5719E+00  3.6625E-01
1.3005E-02  7.8082E-01  4.1457E-01  3.6625E-01
1.3009E-02  7.8095E-01  4.1470E-01  3.6625E-01
1.3013E-02  7.8860E-01  4.2235E-01  3.6625E-01
1.3016E-02  8.2605E-01  4.5980E-01  3.6625E-01
1.3020E-02  8.7153E-01  5.0528E-01  3.6625E-01
1.3024E-02  9.2541E-01  5.5916E-01  3.6625E-01
1.3028E-02  1.0059E+00  6.3965E-01  3.6625E-01
1.3031E-02  1.1264E+00  7.6018E-01  3.6625E-01
1.3035E-02  1.3087E+00  9.4243E-01  3.6625E-01
1.3039E-02  1.6004E+00  1.2342E+00  3.6625E-01
1.3043E-02  2.1051E+00  1.7388E+00  3.6625E-01
1.3046E-02  3.2536E+00  2.8873E+00  3.6625E-01
1.3050E-02  5.4665E+00  5.1003E+00  3.6625E-01
1.3054E-02  1.2982E+01  1.2616E+01  3.6625E-01
1.3057E-02  6.7001E+01  6.6635E+01  3.6625E-01
1.3061E-02  1.1177E+03  1.1173E+03  3.6625E-01
1.3065E-02  1.8016E+02  1.7979E+02  3.6625E-01
1.3069E-02  1.9771E+01  1.9405E+01  3.6625E-01
1.3073E-02  7.0847E+00  6.7185E+00  3.6625E-01
1.3076E-02  3.7592E+00  3.3929E+00  3.6625E-01
1.3080E-02  2.4375E+00  2.0712E+00  3.6625E-01
1.3084E-02  1.7801E+00  1.4139E+00  3.6625E-01
1.3088E-02  1.4372E+00  1.0710E+00  3.6625E-01
1.3091E-02  1.2531E+00  8.8682E-01  3.6625E-01
1.3095E-02  1.1165E+00  7.5029E-01  3.6625E-01
1.3099E-02  1.0292E+00  6.6298E-01  3.6625E-01
1.3102E-02  9.6896E-01  6.0271E-01  3.6625E-01
1.3106E-02  9.4468E-01  5.7843E-01  3.6625E-01
1.3110E-02  9.2236E-01  5.5611E-01  3.6625E-01
1.3114E-02  9.0485E-01  5.3860E-01  3.6625E-01
1.3117E-02  8.8099E-01  5.1473E-01  3.6625E-01
1.3121E-02  8.7090E-01  5.0465E-01  3.6626E-01
1.3125E-02  8.6988E-01  5.0362E-01  3.6626E-01
1.3129E-02  8.7074E-01  5.0449E-01  3.6626E-01
1.3133E-02  8.7824E-01  5.1198E-01  3.6626E-01
1.3136E-02  8.8044E-01  5.1418E-01  3.6626E-01
1.3140E-02  8.9351E-01  5.2725E-01  3.6626E-01
1.3144E-02  9.0027E-01  5.3401E-01  3.6626E-01
1.3148E-02  9.1664E-01  5.5038E-01  3.6626E-01
1.3151E-02  9.8799E-01  6.2174E-01  3.6626E-01
1.3155E-02  9.7883E-01  6.1257E-01  3.6626E-01
1.3159E-02  1.0642E+00  6.9796E-01  3.6626E-01
1.3163E-02  2.2223E+00  1.8561E+00  3.6626E-01
1.3166E-02  2.3230E+00  1.9567E+00  3.6626E-01
1.3170E-02  1.1236E+00  7.5735E-01  3.6626E-01
1.3174E-02  1.0579E+00  6.9161E-01  3.6626E-01
1.3177E-02  1.0610E+00  6.9474E-01  3.6626E-01
1.3181E-02  1.0895E+00  7.2329E-01  3.6626E-01
1.3185E-02  1.1297E+00  7.6342E-01  3.6626E-01
1.3189E-02  1.1877E+00  8.2149E-01  3.6626E-01
1.3192E-02  1.2598E+00  8.9353E-01  3.6626E-01
1.3196E-02  1.3785E+00  1.0123E+00  3.6626E-01
1.3200E-02  1.5373E+00  1.1711E+00  3.6626E-01
1.3204E-02  1.7870E+00  1.4207E+00  3.6626E-01
1.3208E-02  2.2178E+00  1.8516E+00  3.6626E-01
1.3211E-02  3.0396E+00  2.6733E+00  3.6626E-01
1.3215E-02  4.8153E+00  4.4491E+00  3.6626E-01
1.3219E-02  9.8510E+00  9.4848E+00  3.6626E-01
1.3222E-02  3.4395E+01  3.4029E+01  3.6626E-01
1.3226E-02  2.9155E+02  2.9118E+02  3.6626E-01
1.3230E-02  3.0957E+02  3.0921E+02  3.6626E-01
1.3234E-02  3.6230E+01  3.5864E+01  3.6626E-01
1.3237E-02  1.0187E+01  9.8212E+00  3.6626E-01
1.3241E-02  4.9539E+00  4.5876E+00  3.6626E-01
1.3245E-02  3.1333E+00  2.7671E+00  3.6626E-01
1.3249E-02  2.3161E+00  1.9498E+00  3.6626E-01
1.3253E-02  1.8870E+00  1.5208E+00  3.6626E-01
1.3256E-02  1.6456E+00  1.2793E+00  3.6626E-01
1.3260E-02  1.4963E+00  1.1301E+00  3.6626E-01
1.3264E-02  1.4150E+00  1.0488E+00  3.6626E-01
1.3268E-02  1.3540E+00  9.8779E-01  3.6626E-01
1.3271E-02  1.3231E+00  9.5689E-01  3.6626E-01
1.3275E-02  1.3880E+00  1.0217E+00  3.6626E-01
1.3279E-02  1.3705E+00  1.0042E+00  3.6626E-01
1.3283E-02  1.5490E+03  1.5487E+03  3.6626E-01
1.3286E-02  1.3655E+00  9.9928E-01  3.6626E-01
1.3290E-02  1.4350E+00  1.0687E+00  3.6626E-01
1.3294E-02  1.4865E+00  1.1202E+00  3.6626E-01
1.3298E-02  1.6041E+00  1.2378E+00  3.6626E-01
1.3301E-02  1.7929E+00  1.4266E+00  3.6626E-01
1.3305E-02  2.0982E+00  1.7319E+00  3.6626E-01
1.3309E-02  2.6150E+00  2.2487E+00  3.6626E-01
1.3312E-02  3.6261E+00  3.2599E+00  3.6626E-01
1.3316E-02  6.0429E+00  5.6767E+00  3.6626E-01
1.3320E-02  1.3458E+01  1.3092E+01  3.6626E-01
1.3324E-02  5.1050E+01  5.0684E+01  3.6626E-01
1.3328E-02  2.2272E+02  2.2235E+02  3.6626E-01
1.3331E-02  1.1960E+02  1.1923E+02  3.6626E-01
1.3335E-02  2.4508E+01  2.4141E+01  3.6626E-01
1.3339E-02  8.7785E+00  8.4122E+00  3.6626E-01
1.3343E-02  4.8021E+00  4.4359E+00  3.6626E-01
1.3346E-02  3.6133E+00  3.2470E+00  3.6626E-01
1.3350E-02  4.5798E+00  4.2135E+00  3.6626E-01
1.3354E-02  2.3514E+00  1.9851E+00  3.6626E-01
1.3357E-02  2.2446E+00  1.8783E+00  3.6626E-01
1.3361E-02  2.3205E+00  1.9543E+00  3.6626E-01
1.3365E-02  5.1133E+00  4.7470E+00  3.6626E-01
1.3369E-02  3.0749E+00  2.7087E+00  3.6626E-01
1.3372E-02  2.9749E+00  2.6087E+00  3.6626E-01
1.3376E-02  3.7254E+00  3.3592E+00  3.6626E-01
1.3380E-02  5.4270E+00  5.0608E+00  3.6626E-01
1.3384E-02  1.0079E+01  9.7127E+00  3.6626E-01
1.3388E-02  2.6913E+01  2.6547E+01  3.6626E-01
1.3391E-02  8.8896E+01  8.8530E+01  3.6626E-01
1.3395E-02  1.0790E+02  1.0754E+02  3.6626E-01
1.3399E-02  3.5262E+01  3.4896E+01  3.6626E-01
1.3403E-02  1.2492E+01  1.2125E+01  3.6626E-01
1.3406E-02  7.3483E+00  6.9821E+00  3.6626E-01
1.3410E-02  5.1076E+00  4.7414E+00  3.6626E-01
1.3414E-02  4.5521E+00  4.1858E+00  3.6626E-01
1.3418E-02  4.3314E+00  3.9651E+00  3.6626E-01
1.3421E-02  4.9720E+00  4.6057E+00  3.6626E-01
1.3425E-02  6.8169E+00  6.4506E+00  3.6626E-01
1.3429E-02  1.4131E+01  1.3765E+01  3.6626E-01
1.3432E-02  2.6013E+01  2.5647E+01  3.6626E-01
1.3436E-02  1.0263E+04  1.0262E+04  3.6626E-01
1.3440E-02  6.0473E+01  6.0107E+01  3.6627E-01
1.3444E-02  2.8470E+01  2.8104E+01  3.6627E-01
1.3447E-02  1.8320E+01  1.7953E+01  3.6627E-01
1.3451E-02  1.3237E+01  1.2871E+01  3.6627E-01
1.3455E-02  3.7254E+01  3.6888E+01  3.6627E-01
1.3459E-02  1.1229E+01  1.0863E+01  3.6627E-01
1.3463E-02  1.1740E+02  1.1704E+02  3.6627E-01
1.3466E-02  2.8020E+01  2.7654E+01  3.6627E-01
1.3470E-02  4.4412E+01  4.4045E+01  3.6627E-01
1.3474E-02  3.0333E+01  2.9967E+01  3.6627E-01
1.3477E-02  1.8878E+01  1.8511E+01  3.6627E-01
1.3481E-02  1.5229E+01  1.4862E+01  3.6627E-01
1.3485E-02  1.5071E+01  1.4704E+01  3.6627E-01
1.3489E-02  1.6189E+01  1.5822E+01  3.6627E-01
1.3492E-02  1.7685E+01  1.7319E+01  3.6627E-01
1.3496E-02  1.9250E+01  1.8883E+01  3.6627E-01
1.3500E-02  2.0765E+01  2.0399E+01  3.6627E-01
1.3504E-02  2.2127E+01  2.1761E+01  3.6627E-01
1.3508E-02  2.2098E+01  2.1732E+01  3.6627E-01
1.3511E-02  2.2038E+01  2.1672E+01  3.6627E-01
1.3515E-02  2.2018E+01  2.1652E+01  3.6627E-01
1.3519E-02  2.3127E+01  2.2761E+01  3.6627E-01
1.3523E-02  2.1808E+01  2.1441E+01  3.6627E-01
1.3526E-02  2.1771E+01  2.1405E+01  3.6627E-01
1.3530E-02  2.1955E+01  2.1588E+01  3.6627E-01
1.3534E-02  2.1678E+01  2.1311E+01  3.6627E-01
1.3538E-02  2.4032E+01  2.3666E+01  3.6627E-01
1.3541E-02  2.1574E+01  2.1207E+01  3.6627E-01
1.3545E-02  2.1541E+01  2.1175E+01  3.6627E-01
1.3549E-02  2.1553E+01  2.1186E+01  3.6627E-01
1.3553E-02  2.1468E+01  2.1102E+01  3.6627E-01
1.3556E-02  2.1447E+01  2.1081E+01  3.6627E-01
1.3560E-02  2.1386E+01  2.1020E+01  3.6627E-01
1.3564E-02  2.1349E+01  2.0983E+01  3.6627E-01
1.3567E-02  2.1315E+01  2.0948E+01  3.6627E-01
1.3571E-02  2.1287E+01  2.0921E+01  3.6627E-01
1.3575E-02  2.1247E+01  2.0880E+01  3.6627E-01
1.3579E-02  2.1244E+01  2.0877E+01  3.6627E-01
1.3582E-02  2.1216E+01  2.0850E+01  3.6627E-01
1.3586E-02  2.1153E+01  2.0786E+01  3.6627E-01
1.3590E-02  2.1117E+01  2.0751E+01  3.6627E-01
1.3594E-02  2.1083E+01  2.0717E+01  3.6627E-01
1.3598E-02  2.1054E+01  2.0688E+01  3.6627E-01
1.3601E-02  2.1183E+01  2.0816E+01  3.6627E-01
1.3605E-02  2.1015E+01  2.0648E+01  3.6627E-01
1.3609E-02  2.0956E+01  2.0589E+01  3.6627E-01
1.3612E-02  2.0925E+01  2.0559E+01  3.6627E-01
1.3616E-02  2.0932E+01  2.0565E+01  3.6627E-01
1.3620E-02  2.0865E+01  2.0499E+01  3.6627E-01
1.3624E-02  2.0836E+01  2.0469E+01  3.6627E-01
1.3628E-02  2.0806E+01  2.0440E+01  3.6627E-01
1.3631E-02  2.0778E+01  2.0412E+01  3.6627E-01
1.3635E-02  2.0749E+01  2.0383E+01  3.6627E-01
1.3639E-02  2.0722E+01  2.0355E+01  3.6627E-01
1.3643E-02  2.0699E+01  2.0333E+01  3.6627E-01
1.3646E-02  2.0670E+01  2.0304E+01  3.6627E-01
1.3650E-02  2.6823E+01  2.6457E+01  3.6627E-01
1.3654E-02  2.0621E+01  2.0255E+01  3.6627E-01
1.3658E-02  2.0589E+01  2.0223E+01  3.6627E-01
1.3661E-02  2.0591E+01  2.0225E+01  3.6627E-01
1.3665E-02  2.0729E+01  2.0362E+01  3.6627E-01
1.3669E-02  2.0562E+01  2.0195E+01  3.6627E-01
1.3673E-02  2.0507E+01  2.0141E+01  3.6627E-01
1.3676E-02  2.0459E+01  2.0093E+01  3.6627E-01
1.3680E-02  2.0472E+01  2.0105E+01  3.6627E-01
1.3684E-02  2.0410E+01  2.0044E+01  3.6627E-01
1.3688E-02  2.0566E+01  2.0199E+01  3.6627E-01
1.3691E-02  2.0364E+01  1.9998E+01  3.6627E-01
1.3695E-02  2.0343E+01  1.9977E+01  3.6627E-01
1.3699E-02  2.0361E+01  1.9994E+01  3.6627E-01
1.3702E-02  2.0290E+01  1.9924E+01  3.6627E-01
1.3706E-02  2.0267E+01  1.9901E+01  3.6627E-01
1.3710E-02  2.0243E+01  1.9877E+01  3.6627E-01
1.3714E-02  2.0220E+01  1.9854E+01  3.6627E-01
1.3717E-02  2.0198E+01  1.9832E+01  3.6627E-01
1.3721E-02  2.0178E+01  1.9811E+01  3.6627E-01
1.3725E-02  2.0155E+01  1.9788E+01  3.6627E-01
1.3729E-02  2.0133E+01  1.9767E+01  3.6627E-01
1.3732E-02  2.0112E+01  1.9745E+01  3.6627E-01
1.3736E-02  2.0091E+01  1.9724E+01  3.6627E-01
1.3740E-02  2.0125E+01  1.9759E+01  3.6627E-01
1.3744E-02  2.0046E+01  1.9680E+01  3.6627E-01
1.3747E-02  2.0058E+01  1.9692E+01  3.6627E-01
1.3751E-02  2.0004E+01  1.9638E+01  3.6627E-01
1.3755E-02  1.9984E+01  1.9618E+01  3.6627E-01
1.3759E-02  1.9965E+01  1.9598E+01  3.6627E-01
1.3763E-02  1.9944E+01  1.9578E+01  3.6627E-01
1.3766E-02  1.9923E+01  1.9557E+01  3.6627E-01
1.3770E-02  1.9904E+01  1.9538E+01  3.6627E-01
1.3774E-02  1.9884E+01  1.9517E+01  3.6627E-01
1.3778E-02  1.9873E+01  1.9507E+01  3.6627E-01
1.3781E-02  1.9844E+01  1.9478E+01  3.6627E-01
1.3785E-02  2.0719E+01  2.0353E+01  3.6627E-01
1.3789E-02  1.9808E+01  1.9442E+01  3.6628E-01
1.3793E-02  1.9829E+01  1.9463E+01  3.6628E-01
1.3796E-02  1.9791E+01  1.9424E+01  3.6628E-01
1.3800E-02  1.9750E+01  1.9384E+01  3.6628E-01
1.3804E-02  1.9730E+01  1.9363E+01  3.6628E-01
1.3808E-02  1.9711E+01  1.9345E+01  3.6628E-01
1.3811E-02  1.9694E+01  1.9328E+01  3.6628E-01
1.3815E-02  1.9674E+01  1.9308E+01  3.6628E-01
1.3819E-02  1.9656E+01  1.9290E+01  3.6628E-01
1.3822E-02  1.9639E+01  1.9272E+01  3.6628E-01
1.3826E-02  1.9622E+01  1.9256E+01  3.6628E-01
1.3830E-02  1.9604E+01  1.9238E+01  3.6628E-01
1.3834E-02  1.9586E+01  1.9220E+01  3.6628E-01
1.3837E-02  1.9580E+01  1.9214E+01  3.6628E-01
1.3841E-02  1.9550E+01  1.9184E+01  3.6628E-01
1.3845E-02  1.9547E+01  1.9181E+01  3.6628E-01
1.3849E-02  1.9516E+01  1.9149E+01  3.6628E-01
1.3853E-02  1.9498E+01  1.9132E+01  3.6628E-01
1.3856E-02  1.9483E+01  1.9116E+01  3.6628E-01
1.3860E-02  1.9465E+01  1.9099E+01  3.6628E-01
1.3864E-02  1.9449E+01  1.9083E+01  3.6628E-01
1.3867E-02  1.9433E+01  1.9066E+01  3.6628E-01
1.3871E-02  1.9414E+01  1.9048E+01  3.6628E-01
1.3875E-02  1.9398E+01  1.9032E+01  3.6628E-01
1.3879E-02  1.9385E+01  1.9019E+01  3.6628E-01
1.3883E-02  1.9365E+01  1.8999E+01  3.6628E-01
1.3886E-02  1.9349E+01  1.8983E+01  3.6628E-01
1.3890E-02  1.9333E+01  1.8967E+01  3.6628E-01
1.3894E-02  1.9317E+01  1.8950E+01  3.6628E-01
1.3898E-02  1.9353E+01  1.8987E+01  3.6628E-01
1.3901E-02  1.9286E+01  1.8920E+01  3.6628E-01
1.3905E-02  1.9270E+01  1.8903E+01  3.6628E-01
1.3909E-02  1.9254E+01  1.8887E+01  3.6628E-01
1.3913E-02  2.2227E+01  2.1861E+01  3.6628E-01
1.3916E-02  1.9226E+01  1.8860E+01  3.6628E-01
1.3920E-02  1.9207E+01  1.8840E+01  3.6628E-01
1.3924E-02  1.9191E+01  1.8825E+01  3.6628E-01
1.3928E-02  1.9177E+01  1.8811E+01  3.6628E-01
1.3931E-02  1.9165E+01  1.8798E+01  3.6628E-01
1.3935E-02  1.9147E+01  1.8780E+01  3.6628E-01
1.3939E-02  1.9131E+01  1.8764E+01  3.6628E-01
1.3943E-02  1.9115E+01  1.8749E+01  3.6628E-01
1.3946E-02  1.9100E+01  1.8734E+01  3.6628E-01
1.3950E-02  1.9086E+01  1.8719E+01  3.6628E-01
1.3954E-02  1.9075E+01  1.8709E+01  3.6628E-01
1.3957E-02  1.9056E+01  1.8690E+01  3.6628E-01
1.3961E-02  1.9042E+01  1.8676E+01  3.6628E-01
1.3965E-02  1.9027E+01  1.8661E+01  3.6628E-01
1.3969E-02  1.9013E+01  1.8646E+01  3.6628E-01
1.3972E-02  1.9002E+01  1.8636E+01  3.6628E-01
1.3976E-02  1.8996E+01  1.8629E+01  3.6628E-01
1.3980E-02  1.9531E+01  1.9164E+01  3.6628E-01
1.3984E-02  1.8956E+01  1.8589E+01  3.6628E-01
1.3987E-02  1.8945E+01  1.8578E+01  3.6628E-01
1.3991E-02  1.8929E+01  1.8563E+01  3.6628E-01
1.3995E-02  1.8915E+01  1.8549E+01  3.6628E-01
1.3999E-02  1.8902E+01  1.8535E+01  3.6628E-01
1.4003E-02  1.8885E+01  1.8519E+01  3.6628E-01
1.4006E-02  1.8872E+01  1.8506E+01  3.6628E-01
1.4010E-02  1.8891E+01  1.8525E+01  3.6628E-01
1.4014E-02  1.8844E+01  1.8478E+01  3.6628E-01
1.4018E-02  1.8831E+01  1.8465E+01  3.6628E-01
1.4021E-02  1.8823E+01  1.8457E+01  3.6628E-01
1.4025E-02  1.8803E+01  1.8437E+01  3.6628E-01
1.4029E-02  1.8790E+01  1.8423E+01  3.6628E-01
1.4033E-02  1.8823E+01  1.8457E+01  3.6628E-01
1.4036E-02  1.8763E+01  1.8396E+01  3.6628E-01
1.4040E-02  1.8750E+01  1.8384E+01  3.6628E-01
1.4044E-02  1.8736E+01  1.8370E+01  3.6628E-01
1.4048E-02  1.8723E+01  1.8357E+01  3.6628E-01
1.4051E-02  1.8710E+01  1.8344E+01  3.6628E-01
1.4055E-02  1.8697E+01  1.8331E+01  3.6628E-01
1.4059E-02  1.8683E+01  1.8317E+01  3.6628E-01
1.4063E-02  1.8670E+01  1.8304E+01  3.6628E-01
1.4066E-02  1.8658E+01  1.8291E+01  3.6628E-01
1.4070E-02  1.8647E+01  1.8280E+01  3.6628E-01
1.4074E-02  1.8633E+01  1.8267E+01  3.6628E-01
1.4077E-02  1.8620E+01  1.8254E+01  3.6628E-01
1.4081E-02  1.9193E+01  1.8826E+01  3.6628E-01
1.4085E-02  1.8596E+01  1.8230E+01  3.6628E-01
1.4089E-02  1.8581E+01  1.8214E+01  3.6628E-01
1.4092E-02  1.8569E+01  1.8202E+01  3.6628E-01
1.4096E-02  1.8555E+01  1.8189E+01  3.6628E-01
1.4100E-02  1.8599E+01  1.8233E+01  3.6628E-01
1.4104E-02  1.8530E+01  1.8164E+01  3.6628E-01
1.4107E-02  1.8518E+01  1.8151E+01  3.6628E-01
1.4111E-02  1.8505E+01  1.8139E+01  3.6628E-01
1.4115E-02  1.8493E+01  1.8127E+01  3.6628E-01
1.4119E-02  1.8529E+01  1.8162E+01  3.6628E-01
1.4122E-02  1.8473E+01  1.8107E+01  3.6628E-01
1.4126E-02  1.8459E+01  1.8093E+01  3.6628E-01
1.4130E-02  1.8445E+01  1.8079E+01  3.6628E-01
1.4134E-02  1.8434E+01  1.8068E+01  3.6628E-01
1.4138E-02  1.8421E+01  1.8054E+01  3.6628E-01
1.4141E-02  1.8408E+01  1.8041E+01  3.6628E-01
1.4145E-02  1.8397E+01  1.8031E+01  3.6628E-01
1.4149E-02  1.8384E+01  1.8017E+01  3.6628E-01
1.4153E-02  1.8371E+01  1.8005E+01  3.6628E-01
1.4156E-02  1.8360E+01  1.7994E+01  3.6628E-01
1.4160E-02  1.8347E+01  1.7981E+01  3.6628E-01
1.4164E-02  1.8335E+01  1.7969E+01  3.6628E-01
1.4168E-02  1.8332E+01  1.7966E+01  3.6629E-01
1.4171E-02  1.8312E+01  1.7946E+01  3.6629E-01
1.4175E-02  1.8300E+01  1.7934E+01  3.6629E-01
1.4179E-02  1.8290E+01  1.7923E+01  3.6629E-01
1.4183E-02  1.8283E+01  1.7917E+01  3.6629E-01
1.4186E-02  1.8265E+01  1.7898E+01  3.6629E-01
1.4190E-02  1.8255E+01  1.7889E+01  3.6629E-01
1.4194E-02  1.8242E+01  1.7875E+01  3.6629E-01
1.4198E-02  1.8230E+01  1.7864E+01  3.6629E-01
1.4201E-02  1.8218E+01  1.7852E+01  3.6629E-01
1.4205E-02  1.8212E+01  1.7846E+01  3.6629E-01
1.4209E-02  1.8195E+01  1.7829E+01  3.6629E-01
1.4212E-02  1.8186E+01  1.7819E+01  3.6629E-01
1.4216E-02  1.8173E+01  1.7806E+01  3.6629E-01
1.4220E-02  1.8161E+01  1.7795E+01  3.6629E-01
1.4224E-02  1.8151E+01  1.7785E+01  3.6629E-01
1.4227E-02  1.8139E+01  1.7773E+01  3.6629E-01
1.4231E-02  1.8127E+01  1.7761E+01  3.6629E-01
1.4235E-02  1.8116E+01  1.7750E+01  3.6629E-01
1.4239E-02  1.8105E+01  1.7739E+01  3.6629E-01
1.4242E-02  1.8094E+01  1.7727E+01  3.6629E-01
1.4246E-02  1.8085E+01  1.7719E+01  3.6629E-01
1.4250E-02  1.8071E+01  1.7705E+01  3.6629E-01
1.4254E-02  1.8060E+01  1.7694E+01  3.6629E-01
1.4258E-02  1.8049E+01  1.7683E+01  3.6629E-01
1.4261E-02  1.8038E+01  1.7672E+01  3.6629E-01
1.4265E-02  1.8028E+01  1.7662E+01  3.6629E-01
1.4269E-02  1.8017E+01  1.7650E+01  3.6629E-01
1.4273E-02  1.8005E+01  1.7639E+01  3.6629E-01
1.4276E-02  1.7994E+01  1.7628E+01  3.6629E-01
1.4280E-02  1.7985E+01  1.7618E+01  3.6629E-01
1.4284E-02  1.7974E+01  1.7608E+01  3.6629E-01
1.4288E-02  1.7961E+01  1.7595E+01  3.6629E-01
1.4291E-02  1.7951E+01  1.7584E+01  3.6629E-01
1.4295E-02  1.7939E+01  1.7573E+01  3.6629E-01
1.4299E-02  1.7938E+01  1.7571E+01  3.6629E-01
1.4303E-02  1.7918E+01  1.7552E+01  3.6629E-01
1.4306E-02  1.7907E+01  1.7541E+01  3.6629E-01
1.4310E-02  1.7896E+01  1.7530E+01  3.6629E-01
1.4314E-02  1.7886E+01  1.7519E+01  3.6629E-01
1.4318E-02  1.7875E+01  1.7509E+01  3.6629E-01
1.4321E-02  1.7865E+01  1.7499E+01  3.6629E-01
1.4325E-02  1.7855E+01  1.7489E+01  3.6629E-01
1.4329E-02  1.7860E+01  1.7494E+01  3.6629E-01
1.4332E-02  1.7840E+01  1.7473E+01  3.6629E-01
1.4336E-02  1.7823E+01  1.7457E+01  3.6629E-01
1.4340E-02  1.7815E+01  1.7449E+01  3.6629E-01
1.4344E-02  1.7801E+01  1.7435E+01  3.6629E-01
1.4347E-02  1.7796E+01  1.7429E+01  3.6629E-01
1.4351E-02  1.7780E+01  1.7414E+01  3.6629E-01
1.4355E-02  1.7771E+01  1.7405E+01  3.6629E-01
1.4359E-02  1.7759E+01  1.7393E+01  3.6629E-01
1.4362E-02  1.7749E+01  1.7382E+01  3.6629E-01
1.4366E-02  1.7738E+01  1.7372E+01  3.6629E-01
1.4370E-02  1.7728E+01  1.7362E+01  3.6629E-01
1.4374E-02  1.7726E+01  1.7360E+01  3.6629E-01
1.4378E-02  1.7831E+01  1.7465E+01  3.6629E-01
1.4381E-02  1.7697E+01  1.7331E+01  3.6629E-01
1.4385E-02  1.7689E+01  1.7323E+01  3.6629E-01
1.4389E-02  1.7678E+01  1.7312E+01  3.6629E-01
1.4393E-02  1.7681E+01  1.7315E+01  3.6629E-01
1.4396E-02  1.7694E+01  1.7328E+01  3.6629E-01
1.4400E-02  1.7664E+01  1.7298E+01  3.6629E-01
1.4404E-02  1.7644E+01  1.7278E+01  3.6629E-01
1.4408E-02  1.7630E+01  1.7263E+01  3.6629E-01
1.4411E-02  1.7617E+01  1.7251E+01  3.6629E-01
1.4415E-02  1.7613E+01  1.7247E+01  3.6629E-01
1.4419E-02  1.7596E+01  1.7229E+01  3.6629E-01
1.4423E-02  1.7587E+01  1.7220E+01  3.6629E-01
1.4426E-02  1.7589E+01  1.7222E+01  3.6629E-01
1.4430E-02  1.7565E+01  1.7198E+01  3.6629E-01
1.4434E-02  1.7554E+01  1.7188E+01  3.6629E-01
1.4438E-02  1.7544E+01  1.7178E+01  3.6629E-01
1.4441E-02  1.7537E+01  1.7171E+01  3.6629E-01
1.4445E-02  1.7524E+01  1.7158E+01  3.6629E-01
1.4449E-02  1.7515E+01  1.7148E+01  3.6629E-01
1.4453E-02  1.7505E+01  1.7138E+01  3.6629E-01
1.4456E-02  1.7496E+01  1.7129E+01  3.6629E-01
1.4460E-02  1.7486E+01  1.7119E+01  3.6629E-01
1.4464E-02  1.7476E+01  1.7110E+01  3.6629E-01
1.4467E-02  1.7465E+01  1.7099E+01  3.6629E-01
1.4471E-02  1.7455E+01  1.7089E+01  3.6629E-01
1.4475E-02  1.7446E+01  1.7079E+01  3.6629E-01
1.4479E-02  1.7435E+01  1.7069E+01  3.6629E-01
1.4482E-02  1.7513E+01  1.7147E+01  3.6629E-01
1.4486E-02  1.7417E+01  1.7050E+01  3.6629E-01
1.4490E-02  1.7416E+01  1.7050E+01  3.6629E-01
1.4494E-02  1.7879E+01  1.7513E+01  3.6629E-01
1.4497E-02  1.7387E+01  1.7021E+01  3.6629E-01
1.4501E-02  1.7381E+01  1.7015E+01  3.6629E-01
1.4505E-02  1.7369E+01  1.7003E+01  3.6629E-01
1.4509E-02  1.7358E+01  1.6992E+01  3.6629E-01
1.4513E-02  1.7348E+01  1.6981E+01  3.6629E-01
1.4516E-02  1.7338E+01  1.6972E+01  3.6629E-01
1.4520E-02  1.7383E+01  1.7017E+01  3.6629E-01
1.4524E-02  1.7410E+01  1.7044E+01  3.6629E-01
1.4528E-02  1.7311E+01  1.6945E+01  3.6629E-01
1.4531E-02  1.7299E+01  1.6933E+01  3.6629E-01
1.4535E-02  1.7295E+01  1.6929E+01  3.6629E-01
1.4539E-02  1.7375E+01  1.7009E+01  3.6629E-01
1.4542E-02  1.7279E+01  1.6912E+01  3.6629E-01
1.4546E-02  1.7261E+01  1.6895E+01  3.6629E-01
1.4550E-02  1.7251E+01  1.6885E+01  3.6629E-01
1.4554E-02  1.7242E+01  1.6875E+01  3.6629E-01
1.4558E-02  1.7232E+01  1.6866E+01  3.6629E-01
1.4561E-02  1.7224E+01  1.6857E+01  3.6629E-01
1.4565E-02  1.7222E+01  1.6856E+01  3.6629E-01
1.4569E-02  1.7204E+01  1.6838E+01  3.6629E-01
1.4573E-02  1.7195E+01  1.6829E+01  3.6629E-01
1.4576E-02  1.7185E+01  1.6819E+01  3.6629E-01
1.4580E-02  1.7176E+01  1.6809E+01  3.6629E-01
1.4584E-02  1.7169E+01  1.6803E+01  3.6629E-01
1.4587E-02  1.7159E+01  1.6793E+01  3.6630E-01
1.4591E-02  1.7149E+01  1.6783E+01  3.6630E-01
1.4595E-02  1.7163E+01  1.6797E+01  3.6630E-01
1.4599E-02  1.7130E+01  1.6763E+01  3.6630E-01
1.4602E-02  1.7120E+01  1.6753E+01  3.6630E-01
1.4606E-02  1.7110E+01  1.6744E+01  3.6630E-01
1.4610E-02  1.7100E+01  1.6734E+01  3.6630E-01
1.4614E-02  1.7092E+01  1.6726E+01  3.6630E-01
1.4617E-02  1.7084E+01  1.6718E+01  3.6630E-01
1.4621E-02  1.7328E+01  1.6962E+01  3.6630E-01
1.4625E-02  1.7139E+01  1.6773E+01  3.6630E-01
1.4629E-02  1.7055E+01  1.6688E+01  3.6630E-01
1.4633E-02  1.7066E+01  1.6700E+01  3.6630E-01
1.4636E-02  1.7295E+01  1.6929E+01  3.6630E-01
1.4640E-02  1.7041E+01  1.6675E+01  3.6630E-01
1.4644E-02  1.7496E+01  1.7129E+01  3.6630E-01
1.4648E-02  1.9913E+01  1.9547E+01  3.6630E-01
1.4651E-02  2.2005E+01  2.1639E+01  3.6630E-01
1.4655E-02  1.8097E+01  1.7730E+01  3.6630E-01
1.4659E-02  1.7071E+01  1.6704E+01  3.6630E-01
1.4663E-02  1.7103E+01  1.6737E+01  3.6630E-01
1.4666E-02  1.9359E+01  1.8993E+01  3.6630E-01
1.4670E-02  1.6959E+01  1.6592E+01  3.6630E-01
1.4674E-02  1.6953E+01  1.6586E+01  3.6630E-01
1.4678E-02  1.6952E+01  1.6585E+01  3.6630E-01
1.4681E-02  1.7118E+01  1.6752E+01  3.6630E-01
1.4685E-02  1.6953E+01  1.6587E+01  3.6630E-01
1.4689E-02  1.6911E+01  1.6545E+01  3.6630E-01
1.4693E-02  1.6898E+01  1.6532E+01  3.6630E-01
1.4696E-02  1.7820E+01  1.7453E+01  3.6630E-01
1.4700E-02  1.6911E+01  1.6545E+01  3.6630E-01
1.4704E-02  1.6880E+01  1.6514E+01  3.6630E-01
1.4708E-02  1.6879E+01  1.6513E+01  3.6630E-01
1.4711E-02  1.7521E+01  1.7155E+01  3.6630E-01
1.4715E-02  1.6875E+01  1.6509E+01  3.6630E-01
1.4719E-02  1.6836E+01  1.6470E+01  3.6630E-01
1.4722E-02  1.6826E+01  1.6460E+01  3.6630E-01
1.4726E-02  1.7028E+01  1.6662E+01  3.6630E-01
1.4730E-02  1.6954E+01  1.6588E+01  3.6630E-01
1.4734E-02  1.7456E+01  1.7089E+01  3.6630E-01
1.4737E-02  1.8365E+01  1.7999E+01  3.6630E-01
1.4741E-02  1.6829E+01  1.6463E+01  3.6630E-01
1.4745E-02  1.6775E+01  1.6409E+01  3.6630E-01
1.4749E-02  1.6763E+01  1.6397E+01  3.6630E-01
1.4753E-02  1.6764E+01  1.6398E+01  3.6630E-01
1.4756E-02  1.6786E+01  1.6420E+01  3.6630E-01
1.4760E-02  1.7182E+01  1.6816E+01  3.6630E-01
1.4764E-02  1.7150E+01  1.6784E+01  3.6630E-01
1.4768E-02  2.0894E+01  2.0528E+01  3.6630E-01
1.4771E-02  1.6732E+01  1.6366E+01  3.6630E-01
1.4775E-02  1.6701E+01  1.6335E+01  3.6630E-01
1.4779E-02  1.7010E+01  1.6644E+01  3.6630E-01
1.4783E-02  1.7281E+01  1.6915E+01  3.6630E-01
1.4786E-02  1.6902E+01  1.6536E+01  3.6630E-01
1.4790E-02  1.7243E+01  1.6877E+01  3.6630E-01
1.4794E-02  1.8598E+01  1.8231E+01  3.6630E-01
1.4797E-02  1.6758E+01  1.6392E+01  3.6630E-01
1.4801E-02  1.6642E+01  1.6275E+01  3.6630E-01
1.4805E-02  1.6631E+01  1.6264E+01  3.6630E-01
1.4809E-02  1.6634E+01  1.6268E+01  3.6630E-01
1.4813E-02  1.6686E+01  1.6320E+01  3.6630E-01
1.4816E-02  2.0629E+01  2.0263E+01  3.6630E-01
1.4820E-02  1.6946E+01  1.6579E+01  3.6630E-01
1.4824E-02  1.7225E+01  1.6859E+01  3.6630E-01
1.4828E-02  1.6582E+01  1.6216E+01  3.6630E-01
1.4831E-02  1.6578E+01  1.6212E+01  3.6630E-01
1.4835E-02  1.6564E+01  1.6198E+01  3.6630E-01
1.4839E-02  1.6592E+01  1.6226E+01  3.6630E-01
1.4842E-02  1.6604E+01  1.6237E+01  3.6630E-01
1.4846E-02  1.6592E+01  1.6225E+01  3.6630E-01
1.4850E-02  1.6615E+01  1.6248E+01  3.6630E-01
1.4854E-02  1.6546E+01  1.6180E+01  3.6630E-01
1.4857E-02  1.6512E+01  1.6146E+01  3.6630E-01
1.4861E-02  1.6520E+01  1.6153E+01  3.6630E-01
1.4865E-02  1.6520E+01  1.6153E+01  3.6630E-01
1.4869E-02  1.6497E+01  1.6131E+01  3.6630E-01
1.4872E-02  1.6653E+01  1.6287E+01  3.6630E-01
1.4876E-02  1.6478E+01  1.6111E+01  3.6630E-01
1.4880E-02  1.6456E+01  1.6090E+01  3.6630E-01
1.4884E-02  1.6447E+01  1.6080E+01  3.6630E-01
1.4888E-02  1.6438E+01  1.6072E+01  3.6630E-01
1.4891E-02  1.6429E+01  1.6063E+01  3.6630E-01
1.4895E-02  1.6421E+01  1.6055E+01  3.6630E-01
1.4899E-02  1.6413E+01  1.6046E+01  3.6630E-01
1.4903E-02  1.6533E+01  1.6167E+01  3.6630E-01
1.4906E-02  1.6397E+01  1.6031E+01  3.6630E-01
1.4910E-02  1.6386E+01  1.6020E+01  3.6630E-01
1.4914E-02  1.6378E+01  1.6011E+01  3.6630E-01
1.4918E-02  1.6369E+01  1.6003E+01  3.6630E-01
1.4921E-02  1.6363E+01  1.5997E+01  3.6630E-01
1.4925E-02  1.6356E+01  1.5989E+01  3.6630E-01
1.4929E-02  1.6555E+01  1.6189E+01  3.6630E-01
1.4932E-02  1.7375E+01  1.7009E+01  3.6630E-01
1.4936E-02  1.9664E+01  1.9298E+01  3.6630E-01
1.4940E-02  1.6563E+01  1.6197E+01  3.6630E-01
1.4944E-02  1.6353E+01  1.5986E+01  3.6630E-01
1.4948E-02  1.6302E+01  1.5936E+01  3.6630E-01
1.4951E-02  1.6299E+01  1.5933E+01  3.6630E-01
1.4955E-02  1.7105E+01  1.6739E+01  3.6630E-01
1.4959E-02  1.7036E+01  1.6670E+01  3.6630E-01
1.4963E-02  1.6267E+01  1.5901E+01  3.6630E-01
1.4966E-02  1.6258E+01  1.5892E+01  3.6630E-01
1.4970E-02  1.6252E+01  1.5885E+01  3.6630E-01
1.4974E-02  1.6245E+01  1.5879E+01  3.6630E-01
1.4977E-02  1.6262E+01  1.5896E+01  3.6630E-01
1.4981E-02  1.6251E+01  1.5885E+01  3.6630E-01
1.4985E-02  1.6216E+01  1.5850E+01  3.6630E-01
1.4989E-02  1.6223E+01  1.5857E+01  3.6630E-01
1.4992E-02  1.6200E+01  1.5834E+01  3.6630E-01
1.4996E-02  1.6192E+01  1.5826E+01  3.6630E-01
1.5000E-02  1.6183E+01  1.5816E+01  3.6630E-01
1.5004E-02  1.6175E+01  1.5809E+01  3.6630E-01
1.5008E-02  1.6166E+01  1.5800E+01  3.6630E-01
1.5011E-02  1.6157E+01  1.5791E+01  3.6630E-01
1.5015E-02  1.6149E+01  1.5783E+01  3.6630E-01
1.5019E-02  1.6142E+01  1.5776E+01  3.6630E-01
1.5023E-02  1.6133E+01  1.5766E+01  3.6630E-01
1.5026E-02  1.6124E+01  1.5758E+01  3.6630E-01
1.5030E-02  1.6131E+01  1.5765E+01  3.6630E-01
1.5034E-02  1.6118E+01  1.5751E+01  3.6630E-01
1.5038E-02  1.6103E+01  1.5737E+01  3.6630E-01
1.5041E-02  1.6177E+01  1.5811E+01  3.6630E-01
1.5045E-02  1.6085E+01  1.5719E+01  3.6630E-01
1.5049E-02  1.6086E+01  1.5719E+01  3.6630E-01
1.5052E-02  1.6067E+01  1.5700E+01  3.6630E-01
1.5056E-02  1.6059E+01  1.5693E+01  3.6630E-01
1.5060E-02  1.6117E+01  1.5751E+01  3.6630E-01
1.5064E-02  1.6065E+01  1.5699E+01  3.6630E-01
1.5068E-02  1.6090E+01  1.5723E+01  3.6631E-01
1.5071E-02  1.6042E+01  1.5676E+01  3.6631E-01
1.5075E-02  1.6018E+01  1.5651E+01  3.6631E-01
1.5079E-02  1.6010E+01  1.5643E+01  3.6631E-01
1.5083E-02  1.6003E+01  1.5636E+01  3.6631E-01
1.5086E-02  1.5997E+01  1.5631E+01  3.6631E-01
1.5090E-02  1.5998E+01  1.5632E+01  3.6631E-01
1.5094E-02  1.6042E+01  1.5676E+01  3.6631E-01
1.5097E-02  1.5983E+01  1.5616E+01  3.6631E-01
1.5101E-02  1.5976E+01  1.5610E+01  3.6631E-01
1.5105E-02  1.7586E+01  1.7219E+01  3.6631E-01
1.5109E-02  1.5960E+01  1.5593E+01  3.6631E-01
1.5112E-02  1.5947E+01  1.5581E+01  3.6631E-01
1.5116E-02  1.5934E+01  1.5568E+01  3.6631E-01
1.5120E-02  1.5928E+01  1.5561E+01  3.6631E-01
1.5124E-02  1.5920E+01  1.5554E+01  3.6631E-01
1.5128E-02  1.5908E+01  1.5541E+01  3.6631E-01
1.5131E-02  1.5899E+01  1.5533E+01  3.6631E-01
1.5135E-02  1.5891E+01  1.5525E+01  3.6631E-01
1.5139E-02  1.5887E+01  1.5521E+01  3.6631E-01
1.5143E-02  1.5876E+01  1.5510E+01  3.6631E-01
1.5146E-02  1.5869E+01  1.5503E+01  3.6631E-01
1.5150E-02  1.5864E+01  1.5497E+01  3.6631E-01
1.5154E-02  1.5864E+01  1.5498E+01  3.6631E-01
1.5158E-02  1.5848E+01  1.5482E+01  3.6631E-01
1.5161E-02  1.5842E+01  1.5476E+01  3.6631E-01
1.5165E-02  1.5838E+01  1.5472E+01  3.6631E-01
1.5169E-02  1.5831E+01  1.5465E+01  3.6631E-01
1.5173E-02  1.5825E+01  1.5458E+01  3.6631E-01
1.5176E-02  1.5819E+01  1.5453E+01  3.6631E-01
1.5180E-02  1.5820E+01  1.5454E+01  3.6631E-01
1.5184E-02  1.5819E+01  1.5452E+01  3.6631E-01
1.5187E-02  1.5810E+01  1.5444E+01  3.6631E-01
1.5191E-02  1.5810E+01  1.5444E+01  3.6631E-01
1.5195E-02  1.5815E+01  1.5449E+01  3.6631E-01
1.5199E-02  1.5997E+01  1.5631E+01  3.6631E-01
1.5203E-02  1.5842E+01  1.5476E+01  3.6631E-01
1.5206E-02  1.5851E+01  1.5485E+01  3.6631E-01
1.5210E-02  1.5883E+01  1.5516E+01  3.6631E-01
1.5214E-02  1.5944E+01  1.5577E+01  3.6631E-01
1.5218E-02  1.6062E+01  1.5696E+01  3.6631E-01
1.5221E-02  1.6329E+01  1.5962E+01  3.6631E-01
1.5225E-02  1.7130E+01  1.6764E+01  3.6631E-01
1.5229E-02  2.2507E+01  2.2141E+01  3.6631E-01
1.5232E-02  5.1267E+05  5.1267E+05  3.6631E-01
1.5236E-02  2.0585E+01  2.0219E+01  3.6631E-01
1.5240E-02  1.7032E+01  1.6666E+01  3.6631E-01
1.5244E-02  1.6429E+01  1.6062E+01  3.6631E-01
1.5247E-02  1.6379E+01  1.6012E+01  3.6631E-01
1.5251E-02  1.6941E+01  1.6575E+01  3.6631E-01
1.5255E-02  2.4285E+01  2.3919E+01  3.6631E-01
1.5259E-02  9.3136E+04  9.3136E+04  3.6631E-01
1.5263E-02  1.7482E+01  1.7115E+01  3.6631E-01
1.5266E-02  1.6697E+01  1.6331E+01  3.6631E-01
1.5270E-02  2.8789E+01  2.8423E+01  3.6631E-01
1.5274E-02  1.7536E+01  1.7170E+01  3.6631E-01
1.5278E-02  1.6001E+01  1.5635E+01  3.6631E-01
1.5281E-02  1.5780E+01  1.5414E+01  3.6631E-01
1.5285E-02  1.5765E+01  1.5398E+01  3.6631E-01
1.5289E-02  1.5656E+01  1.5289E+01  3.6631E-01
1.5293E-02  1.5680E+01  1.5313E+01  3.6631E-01
1.5296E-02  1.5606E+01  1.5240E+01  3.6631E-01
1.5300E-02  1.5581E+01  1.5214E+01  3.6631E-01
1.5304E-02  1.5557E+01  1.5191E+01  3.6631E-01
1.5307E-02  1.5543E+01  1.5177E+01  3.6631E-01
1.5311E-02  1.5530E+01  1.5164E+01  3.6631E-01
1.5315E-02  1.5518E+01  1.5152E+01  3.6631E-01
1.5319E-02  1.5523E+01  1.5157E+01  3.6631E-01
1.5322E-02  1.5496E+01  1.5130E+01  3.6631E-01
1.5326E-02  1.5486E+01  1.5120E+01  3.6631E-01
1.5330E-02  1.5476E+01  1.5109E+01  3.6631E-01
1.5334E-02  1.5469E+01  1.5103E+01  3.6631E-01
1.5338E-02  1.5537E+01  1.5171E+01  3.6631E-01
1.5341E-02  1.5536E+01  1.5170E+01  3.6631E-01
1.5345E-02  1.5439E+01  1.5073E+01  3.6631E-01
1.5349E-02  1.5435E+01  1.5069E+01  3.6631E-01
1.5352E-02  1.5427E+01  1.5060E+01  3.6631E-01
1.5356E-02  1.5414E+01  1.5048E+01  3.6631E-01
1.5360E-02  1.5404E+01  1.5037E+01  3.6631E-01
1.5364E-02  1.5396E+01  1.5029E+01  3.6631E-01
1.5367E-02  1.5385E+01  1.5019E+01  3.6631E-01
1.5371E-02  1.5377E+01  1.5011E+01  3.6631E-01
1.5375E-02  1.5369E+01  1.5002E+01  3.6631E-01
1.5379E-02  1.5360E+01  1.4994E+01  3.6631E-01
1.5383E-02  1.5352E+01  1.4986E+01  3.6631E-01
1.5386E-02  1.5436E+01  1.5070E+01  3.6631E-01
1.5390E-02  1.5335E+01  1.4969E+01  3.6631E-01
1.5394E-02  1.5327E+01  1.4961E+01  3.6631E-01
1.5398E-02  1.5319E+01  1.4953E+01  3.6631E-01
1.5401E-02  1.5328E+01  1.4962E+01  3.6631E-01
1.5405E-02  1.5302E+01  1.4936E+01  3.6631E-01
1.5409E-02  1.5296E+01  1.4929E+01  3.6631E-01
1.5413E-02  1.5286E+01  1.4920E+01  3.6631E-01
1.5416E-02  1.5278E+01  1.4911E+01  3.6631E-01
1.5420E-02  1.5270E+01  1.4904E+01  3.6631E-01
1.5424E-02  1.5266E+01  1.4900E+01  3.6631E-01
1.5428E-02  1.5317E+01  1.4951E+01  3.6631E-01
1.5431E-02  1.5252E+01  1.4886E+01  3.6631E-01
1.5435E-02  1.5239E+01  1.4873E+01  3.6631E-01
1.5439E-02  1.5229E+01  1.4863E+01  3.6631E-01
1.5442E-02  1.5222E+01  1.4856E+01  3.6631E-01
1.5446E-02  1.5226E+01  1.4860E+01  3.6631E-01
1.5450E-02  1.5208E+01  1.4842E+01  3.6631E-01
1.5454E-02  1.5201E+01  1.4835E+01  3.6631E-01
1.5458E-02  1.5201E+01  1.4835E+01  3.6631E-01
1.5461E-02  1.5226E+01  1.4860E+01  3.6631E-01
1.5465E-02  1.9163E+01  1.8797E+01  3.6631E-01
1.5469E-02  1.5192E+01  1.4826E+01  3.6631E-01
1.5473E-02  1.5165E+01  1.4799E+01  3.6631E-01
1.5476E-02  1.5160E+01  1.4794E+01  3.6631E-01
1.5480E-02  1.5227E+01  1.4861E+01  3.6631E-01
1.5484E-02  1.5202E+01  1.4835E+01  3.6631E-01
1.5487E-02  1.5138E+01  1.4772E+01  3.6631E-01
1.5491E-02  1.5261E+01  1.4895E+01  3.6631E-01
1.5495E-02  1.5128E+01  1.4762E+01  3.6631E-01
1.5499E-02  1.5109E+01  1.4742E+01  3.6631E-01
1.5503E-02  1.5095E+01  1.4728E+01  3.6631E-01
1.5506E-02  1.5086E+01  1.4720E+01  3.6631E-01
1.5510E-02  1.5079E+01  1.4713E+01  3.6631E-01
1.5514E-02  1.5070E+01  1.4703E+01  3.6631E-01
1.5518E-02  1.5061E+01  1.4695E+01  3.6631E-01
1.5521E-02  1.5053E+01  1.4687E+01  3.6631E-01
1.5525E-02  1.5046E+01  1.4679E+01  3.6631E-01
1.5529E-02  1.5167E+01  1.4801E+01  3.6631E-01
1.5533E-02  1.5030E+01  1.4664E+01  3.6631E-01
1.5536E-02  1.5215E+01  1.4849E+01  3.6631E-01
1.5540E-02  1.5021E+01  1.4655E+01  3.6631E-01
1.5544E-02  1.5006E+01  1.4640E+01  3.6631E-01
1.5548E-02  1.4998E+01  1.4632E+01  3.6631E-01
1.5551E-02  1.4993E+01  1.4627E+01  3.6631E-01
1.5555E-02  1.4983E+01  1.4617E+01  3.6631E-01
1.5559E-02  1.4975E+01  1.4608E+01  3.6631E-01
1.5562E-02  1.5781E+01  1.5414E+01  3.6631E-01
1.5566E-02  1.4960E+01  1.4594E+01  3.6631E-01
1.5570E-02  1.4960E+01  1.4593E+01  3.6631E-01
1.5574E-02  1.4943E+01  1.4577E+01  3.6631E-01
1.5577E-02  1.4935E+01  1.4569E+01  3.6631E-01
1.5581E-02  1.4927E+01  1.4561E+01  3.6631E-01
1.5585E-02  1.4926E+01  1.4560E+01  3.6631E-01
1.5589E-02  1.4912E+01  1.4546E+01  3.6631E-01
1.5593E-02  1.4926E+01  1.4559E+01  3.6631E-01
1.5596E-02  1.4899E+01  1.4533E+01  3.6631E-01
1.5600E-02  1.4888E+01  1.4522E+01  3.6631E-01
1.5604E-02  1.4882E+01  1.4515E+01  3.6631E-01
1.5607E-02  1.4881E+01  1.4515E+01  3.6631E-01
1.5611E-02  1.4865E+01  1.4499E+01  3.6631E-01
1.5615E-02  1.5116E+01  1.4750E+01  3.6631E-01
1.5619E-02  1.4849E+01  1.4483E+01  3.6631E-01
1.5622E-02  1.4841E+01  1.4475E+01  3.6631E-01
1.5626E-02  1.4833E+01  1.4467E+01  3.6631E-01
1.5630E-02  1.4828E+01  1.4462E+01  3.6631E-01
1.5634E-02  1.4819E+01  1.4453E+01  3.6631E-01
1.5638E-02  1.4810E+01  1.4444E+01  3.6631E-01
1.5641E-02  1.4803E+01  1.4437E+01  3.6631E-01
1.5645E-02  1.4894E+01  1.4528E+01  3.6631E-01
1.5649E-02  1.4814E+01  1.4448E+01  3.6631E-01
1.5652E-02  1.4799E+01  1.4432E+01  3.6631E-01
1.5656E-02  1.4784E+01  1.4418E+01  3.6631E-01
1.5660E-02  1.4841E+01  1.4475E+01  3.6631E-01
1.5664E-02  1.4772E+01  1.4405E+01  3.6631E-01
1.5668E-02  1.4750E+01  1.4384E+01  3.6631E-01
1.5671E-02  1.4743E+01  1.4376E+01  3.6631E-01
1.5675E-02  1.4740E+01  1.4373E+01  3.6631E-01
1.5679E-02  1.4733E+01  1.4366E+01  3.6631E-01
1.5683E-02  1.4717E+01  1.4351E+01  3.6631E-01
1.5686E-02  1.4712E+01  1.4346E+01  3.6631E-01
1.5690E-02  1.4702E+01  1.4336E+01  3.6631E-01
1.5694E-02  1.4694E+01  1.4328E+01  3.6631E-01
1.5697E-02  1.4688E+01  1.4321E+01  3.6631E-01
1.5701E-02  1.4706E+01  1.4339E+01  3.6631E-01
1.5705E-02  1.4686E+01  1.4319E+01  3.6631E-01
1.5709E-02  1.4663E+01  1.4297E+01  3.6631E-01
1.5713E-02  1.4655E+01  1.4289E+01  3.6632E-01
1.5716E-02  1.4648E+01  1.4282E+01  3.6632E-01
1.5720E-02  1.4640E+01  1.4274E+01  3.6632E-01
1.5724E-02  1.4633E+01  1.4266E+01  3.6632E-01
1.5727E-02  1.4632E+01  1.4266E+01  3.6632E-01
1.5731E-02  1.4619E+01  1.4253E+01  3.6632E-01
1.5735E-02  1.4609E+01  1.4243E+01  3.6632E-01
1.5739E-02  1.4602E+01  1.4235E+01  3.6632E-01
1.5742E-02  1.4594E+01  1.4228E+01  3.6632E-01
1.5746E-02  1.4587E+01  1.4221E+01  3.6632E-01
1.5750E-02  1.4584E+01  1.4218E+01  3.6632E-01
1.5754E-02  1.4571E+01  1.4205E+01  3.6632E-01
1.5758E-02  1.4564E+01  1.4197E+01  3.6632E-01
1.5761E-02  1.4557E+01  1.4190E+01  3.6632E-01
1.5765E-02  1.4548E+01  1.4182E+01  3.6632E-01
1.5769E-02  1.4541E+01  1.4174E+01  3.6632E-01
1.5773E-02  1.4533E+01  1.4167E+01  3.6632E-01
1.5776E-02  1.4525E+01  1.4159E+01  3.6632E-01
1.5780E-02  1.4517E+01  1.4151E+01  3.6632E-01
1.5784E-02  1.4510E+01  1.4143E+01  3.6632E-01
1.5787E-02  1.4508E+01  1.4142E+01  3.6632E-01
1.5791E-02  1.4495E+01  1.4128E+01  3.6632E-01
1.5795E-02  1.4487E+01  1.4121E+01  3.6632E-01
1.5799E-02  1.4479E+01  1.4113E+01  3.6632E-01
1.5803E-02  1.4477E+01  1.4110E+01  3.6632E-01
1.5806E-02  1.4465E+01  1.4099E+01  3.6632E-01
1.5810E-02  1.4458E+01  1.4092E+01  3.6632E-01
1.5814E-02  1.4451E+01  1.4084E+01  3.6632E-01
1.5818E-02  1.4448E+01  1.4082E+01  3.6632E-01
1.5821E-02  1.4435E+01  1.4068E+01  3.6632E-01
1.5825E-02  1.4435E+01  1.4069E+01  3.6632E-01
1.5829E-02  1.4419E+01  1.4053E+01  3.6632E-01
1.5832E-02  1.4412E+01  1.4045E+01  3.6632E-01
1.5836E-02  1.4414E+01  1.4048E+01  3.6632E-01
1.5840E-02  1.4403E+01  1.4036E+01  3.6632E-01
1.5844E-02  1.4388E+01  1.4022E+01  3.6632E-01
1.5848E-02  1.4381E+01  1.4015E+01  3.6632E-01
1.5851E-02  1.4374E+01  1.4007E+01  3.6632E-01
1.5855E-02  1.4366E+01  1.3999E+01  3.6632E-01
1.5859E-02  1.4358E+01  1.3992E+01  3.6632E-01
1.5862E-02  1.4363E+01  1.3997E+01  3.6632E-01
1.5866E-02  1.4343E+01  1.3977E+01  3.6632E-01
1.5870E-02  1.4337E+01  1.3971E+01  3.6632E-01
1.5874E-02  1.4329E+01  1.3963E+01  3.6632E-01
1.5878E-02  1.4321E+01  1.3955E+01  3.6632E-01
1.5881E-02  1.4314E+01  1.3947E+01  3.6632E-01
1.5885E-02  1.4316E+01  1.3950E+01  3.6632E-01
1.5889E-02  1.4310E+01  1.3944E+01  3.6632E-01
1.5893E-02  1.4292E+01  1.3926E+01  3.6632E-01
1.5896E-02  1.4284E+01  1.3917E+01  3.6632E-01
1.5900E-02  1.4281E+01  1.3914E+01  3.6632E-01
1.5904E-02  1.4269E+01  1.3902E+01  3.6632E-01
1.5908E-02  1.4262E+01  1.3895E+01  3.6632E-01
1.5911E-02  1.4258E+01  1.3892E+01  3.6632E-01
1.5915E-02  1.4247E+01  1.3881E+01  3.6632E-01
1.5919E-02  1.4240E+01  1.3874E+01  3.6632E-01
1.5922E-02  1.4233E+01  1.3866E+01  3.6632E-01
1.5926E-02  1.4234E+01  1.3867E+01  3.6632E-01
1.5930E-02  1.4223E+01  1.3856E+01  3.6632E-01
1.5934E-02  1.4215E+01  1.3848E+01  3.6632E-01
1.5938E-02  1.4205E+01  1.3839E+01  3.6632E-01
1.5941E-02  1.4203E+01  1.3837E+01  3.6632E-01
1.5945E-02  1.4195E+01  1.3829E+01  3.6632E-01
1.5949E-02  1.4203E+01  1.3837E+01  3.6632E-01
1.5953E-02  1.4228E+01  1.3862E+01  3.6632E-01
1.5956E-02  1.4191E+01  1.3825E+01  3.6632E-01
1.5960E-02  1.4168E+01  1.3801E+01  3.6632E-01
1.5964E-02  1.4163E+01  1.3796E+01  3.6632E-01
1.5967E-02  1.4159E+01  1.3793E+01  3.6632E-01
1.5971E-02  1.4158E+01  1.3792E+01  3.6632E-01
1.5975E-02  1.4168E+01  1.3801E+01  3.6632E-01
1.5979E-02  1.4165E+01  1.3799E+01  3.6632E-01
1.5983E-02  1.4177E+01  1.3810E+01  3.6632E-01
1.5986E-02  1.4202E+01  1.3836E+01  3.6632E-01
1.5990E-02  1.4290E+01  1.3924E+01  3.6632E-01
1.5994E-02  1.4554E+01  1.4188E+01  3.6632E-01
1.5997E-02  1.7474E+01  1.7108E+01  3.6632E-01
1.6001E-02  2.1436E+01  2.1070E+01  3.6632E-01
1.6005E-02  1.4677E+01  1.4311E+01  3.6632E-01
1.6009E-02  1.4295E+01  1.3929E+01  3.6632E-01
1.6013E-02  1.4213E+01  1.3847E+01  3.6632E-01
1.6016E-02  1.4182E+01  1.3815E+01  3.6632E-01
1.6020E-02  1.4200E+01  1.3834E+01  3.6632E-01
1.6024E-02  1.4330E+01  1.3963E+01  3.6632E-01
1.6028E-02  1.4521E+01  1.4155E+01  3.6632E-01
1.6031E-02  1.5996E+01  1.5630E+01  3.6632E-01
1.6035E-02  1.3622E+05  1.3622E+05  3.6632E-01
1.6039E-02  1.5860E+01  1.5493E+01  3.6632E-01
1.6043E-02  1.4833E+01  1.4467E+01  3.6632E-01
1.6046E-02  7.8566E+01  7.8200E+01  3.6632E-01
1.6050E-02  1.5306E+01  1.4940E+01  3.6632E-01
1.6054E-02  1.6011E+01  1.5644E+01  3.6632E-01
1.6057E-02  1.9820E+01  1.9453E+01  3.6632E-01
1.6061E-02  1.4404E+01  1.4038E+01  3.6632E-01
1.6065E-02  1.4127E+01  1.3760E+01  3.6632E-01
1.6069E-02  1.4038E+01  1.3671E+01  3.6632E-01
1.6072E-02  1.4002E+01  1.3635E+01  3.6632E-01
1.6076E-02  1.3991E+01  1.3625E+01  3.6632E-01
1.6080E-02  1.4056E+01  1.3690E+01  3.6632E-01
1.6084E-02  1.4992E+01  1.4626E+01  3.6632E-01
1.6088E-02  1.3932E+01  1.3565E+01  3.6632E-01
1.6091E-02  1.3918E+01  1.3551E+01  3.6632E-01
1.6095E-02  1.4027E+01  1.3661E+01  3.6632E-01
1.6099E-02  1.3954E+01  1.3588E+01  3.6632E-01
1.6102E-02  1.4684E+01  1.4318E+01  3.6632E-01
1.6106E-02  1.3889E+01  1.3523E+01  3.6632E-01
1.6110E-02  1.3896E+01  1.3529E+01  3.6632E-01
1.6114E-02  1.3881E+01  1.3515E+01  3.6632E-01
1.6117E-02  1.3862E+01  1.3495E+01  3.6632E-01
1.6121E-02  1.3855E+01  1.3488E+01  3.6632E-01
1.6125E-02  1.3847E+01  1.3480E+01  3.6632E-01
1.6129E-02  1.3846E+01  1.3480E+01  3.6632E-01
1.6133E-02  1.3841E+01  1.3474E+01  3.6632E-01
1.6136E-02  1.3844E+01  1.3478E+01  3.6632E-01
1.6140E-02  1.3852E+01  1.3485E+01  3.6632E-01
1.6144E-02  1.3916E+01  1.3550E+01  3.6632E-01
1.6148E-02  1.3893E+01  1.3527E+01  3.6632E-01
1.6151E-02  1.3967E+01  1.3601E+01  3.6632E-01
1.6155E-02  1.4187E+01  1.3821E+01  3.6632E-01
1.6159E-02  1.5406E+01  1.5039E+01  3.6632E-01
1.6162E-02  7.7977E+04  7.7976E+04  3.6632E-01
1.6166E-02  1.5488E+01  1.5122E+01  3.6632E-01
1.6170E-02  1.5319E+01  1.4953E+01  3.6632E-01
1.6174E-02  1.2559E+03  1.2555E+03  3.6632E-01
1.6178E-02  1.4678E+01  1.4312E+01  3.6632E-01
1.6181E-02  1.9219E+04  1.9219E+04  3.6632E-01
1.6185E-02  1.4063E+01  1.3697E+01  3.6632E-01
1.6189E-02  1.3832E+01  1.3465E+01  3.6632E-01
1.6192E-02  1.3771E+01  1.3404E+01  3.6632E-01
1.6196E-02  1.3732E+01  1.3366E+01  3.6632E-01
1.6200E-02  1.3710E+01  1.3344E+01  3.6632E-01
1.6204E-02  1.3706E+01  1.3340E+01  3.6632E-01
1.6207E-02  1.3689E+01  1.3322E+01  3.6632E-01
1.6211E-02  1.3668E+01  1.3302E+01  3.6632E-01
1.6215E-02  1.3656E+01  1.3290E+01  3.6632E-01
1.6219E-02  1.3646E+01  1.3280E+01  3.6632E-01
1.6223E-02  1.3636E+01  1.3270E+01  3.6632E-01
1.6226E-02  1.3627E+01  1.3261E+01  3.6632E-01
1.6230E-02  1.3633E+01  1.3266E+01  3.6632E-01
1.6234E-02  1.3610E+01  1.3243E+01  3.6632E-01
1.6237E-02  1.3601E+01  1.3235E+01  3.6632E-01
1.6241E-02  1.3595E+01  1.3229E+01  3.6632E-01
1.6245E-02  1.3585E+01  1.3219E+01  3.6632E-01
1.6249E-02  1.3577E+01  1.3210E+01  3.6632E-01
1.6253E-02  1.3569E+01  1.3202E+01  3.6632E-01
1.6256E-02  1.3565E+01  1.3199E+01  3.6632E-01
1.6260E-02  1.3555E+01  1.3189E+01  3.6632E-01
1.6264E-02  1.3545E+01  1.3179E+01  3.6632E-01
1.6268E-02  1.3538E+01  1.3172E+01  3.6632E-01
1.6271E-02  1.3568E+01  1.3202E+01  3.6632E-01
1.6275E-02  1.3523E+01  1.3157E+01  3.6632E-01
1.6279E-02  1.3518E+01  1.3152E+01  3.6632E-01
1.6283E-02  1.4058E+01  1.3691E+01  3.6632E-01
1.6286E-02  1.3502E+01  1.3136E+01  3.6632E-01
1.6290E-02  1.3494E+01  1.3127E+01  3.6632E-01
1.6294E-02  1.3484E+01  1.3118E+01  3.6632E-01
1.6297E-02  1.3476E+01  1.3110E+01  3.6632E-01
1.6301E-02  1.3472E+01  1.3105E+01  3.6632E-01
1.6305E-02  1.3461E+01  1.3095E+01  3.6632E-01
1.6309E-02  1.3465E+01  1.3099E+01  3.6632E-01
1.6313E-02  1.3446E+01  1.3080E+01  3.6632E-01
1.6316E-02  1.3438E+01  1.3072E+01  3.6632E-01
1.6320E-02  1.3431E+01  1.3065E+01  3.6632E-01
1.6324E-02  1.3424E+01  1.3058E+01  3.6632E-01
1.6328E-02  1.3416E+01  1.3050E+01  3.6632E-01
1.6331E-02  1.3979E+01  1.3613E+01  3.6632E-01
1.6335E-02  1.3401E+01  1.3035E+01  3.6632E-01
1.6339E-02  1.3394E+01  1.3027E+01  3.6632E-01
1.6342E-02  1.3386E+01  1.3020E+01  3.6632E-01
1.6346E-02  1.3379E+01  1.3013E+01  3.6632E-01
1.6350E-02  1.3373E+01  1.3006E+01  3.6632E-01
1.6354E-02  1.3369E+01  1.3002E+01  3.6632E-01
1.6358E-02  1.3357E+01  1.2991E+01  3.6632E-01
1.6361E-02  1.3396E+01  1.3029E+01  3.6632E-01
1.6365E-02  1.3342E+01  1.2976E+01  3.6632E-01
1.6369E-02  1.3520E+01  1.3153E+01  3.6632E-01
1.6372E-02  1.3327E+01  1.2961E+01  3.6632E-01
1.6376E-02  1.3385E+01  1.3019E+01  3.6632E-01
1.6380E-02  1.3332E+01  1.2966E+01  3.6632E-01
1.6384E-02  1.3306E+01  1.2940E+01  3.6632E-01
1.6388E-02  1.3302E+01  1.2935E+01  3.6632E-01
1.6391E-02  1.3293E+01  1.2927E+01  3.6632E-01
1.6395E-02  1.3368E+01  1.3002E+01  3.6632E-01
1.6399E-02  1.3277E+01  1.2911E+01  3.6632E-01
1.6403E-02  1.3269E+01  1.2902E+01  3.6632E-01
1.6406E-02  1.3261E+01  1.2895E+01  3.6632E-01
1.6410E-02  1.5241E+01  1.4874E+01  3.6632E-01
1.6414E-02  1.3252E+01  1.2886E+01  3.6632E-01
1.6418E-02  1.3246E+01  1.2880E+01  3.6632E-01
1.6421E-02  1.3233E+01  1.2867E+01  3.6632E-01
1.6425E-02  1.3226E+01  1.2860E+01  3.6632E-01
1.6429E-02  1.3218E+01  1.2852E+01  3.6632E-01
1.6432E-02  1.3211E+01  1.2844E+01  3.6632E-01
1.6436E-02  1.3203E+01  1.2837E+01  3.6632E-01
1.6440E-02  1.3196E+01  1.2830E+01  3.6632E-01
1.6444E-02  1.3202E+01  1.2835E+01  3.6632E-01
1.6448E-02  1.3197E+01  1.2831E+01  3.6632E-01
1.6451E-02  1.3225E+01  1.2859E+01  3.6632E-01
1.6455E-02  1.3335E+01  1.2968E+01  3.6632E-01
1.6459E-02  1.3161E+01  1.2795E+01  3.6632E-01
1.6463E-02  1.3220E+01  1.2854E+01  3.6632E-01
1.6466E-02  1.3148E+01  1.2781E+01  3.6632E-01
1.6470E-02  1.3144E+01  1.2777E+01  3.6632E-01
1.6474E-02  1.3136E+01  1.2770E+01  3.6632E-01
1.6477E-02  1.3131E+01  1.2765E+01  3.6632E-01
1.6481E-02  1.3152E+01  1.2786E+01  3.6632E-01
1.6485E-02  1.3128E+01  1.2762E+01  3.6632E-01
1.6489E-02  1.3156E+01  1.2790E+01  3.6633E-01
1.6493E-02  2.1816E+01  2.1450E+01  3.6633E-01
1.6496E-02  1.3582E+01  1.3216E+01  3.6633E-01
1.6500E-02  1.3129E+01  1.2763E+01  3.6633E-01
1.6504E-02  1.3093E+01  1.2727E+01  3.6633E-01
1.6508E-02  1.3078E+01  1.2712E+01  3.6633E-01
1.6511E-02  1.3068E+01  1.2702E+01  3.6633E-01
1.6515E-02  1.3060E+01  1.2693E+01  3.6633E-01
1.6519E-02  1.3054E+01  1.2687E+01  3.6633E-01
1.6523E-02  1.3048E+01  1.2682E+01  3.6633E-01
1.6526E-02  1.3130E+01  1.2763E+01  3.6633E-01
1.6530E-02  1.3052E+01  1.2685E+01  3.6633E-01
1.6534E-02  1.3029E+01  1.2663E+01  3.6633E-01
1.6538E-02  1.3022E+01  1.2655E+01  3.6633E-01
1.6541E-02  1.3120E+01  1.2754E+01  3.6633E-01
1.6545E-02  1.3006E+01  1.2640E+01  3.6633E-01
1.6549E-02  1.3000E+01  1.2634E+01  3.6633E-01
1.6553E-02  1.2995E+01  1.2629E+01  3.6633E-01
1.6556E-02  1.2999E+01  1.2632E+01  3.6633E-01
1.6560E-02  1.2985E+01  1.2618E+01  3.6633E-01
1.6564E-02  1.5416E+01  1.5050E+01  3.6633E-01
1.6567E-02  1.2978E+01  1.2612E+01  3.6633E-01
1.6571E-02  1.2984E+01  1.2618E+01  3.6633E-01
1.6575E-02  1.3014E+01  1.2648E+01  3.6633E-01
1.6579E-02  3.5186E+01  3.4820E+01  3.6633E-01
1.6583E-02  1.2966E+01  1.2600E+01  3.6633E-01
1.6586E-02  1.2953E+01  1.2587E+01  3.6633E-01
1.6590E-02  1.2948E+01  1.2582E+01  3.6633E-01
1.6594E-02  1.2943E+01  1.2577E+01  3.6633E-01
1.6598E-02  1.2940E+01  1.2574E+01  3.6633E-01
1.6601E-02  1.2938E+01  1.2571E+01  3.6633E-01
1.6605E-02  1.2936E+01  1.2570E+01  3.6633E-01
1.6609E-02  1.2937E+01  1.2571E+01  3.6633E-01
1.6612E-02  1.2941E+01  1.2575E+01  3.6633E-01
1.6616E-02  1.2951E+01  1.2584E+01  3.6633E-01
1.6620E-02  1.2962E+01  1.2596E+01  3.6633E-01
1.6624E-02  1.2944E+01  1.2578E+01  3.6633E-01
1.6627E-02  1.2951E+01  1.2585E+01  3.6633E-01
1.6631E-02  1.2960E+01  1.2593E+01  3.6633E-01
1.6635E-02  1.2971E+01  1.2605E+01  3.6633E-01
1.6639E-02  1.2990E+01  1.2623E+01  3.6633E-01
1.6643E-02  1.3008E+01  1.2642E+01  3.6633E-01
1.6646E-02  1.3035E+01  1.2668E+01  3.6633E-01
1.6650E-02  1.3071E+01  1.2705E+01  3.6633E-01
1.6654E-02  1.3118E+01  1.2752E+01  3.6633E-01
1.6658E-02  1.3183E+01  1.2816E+01  3.6633E-01
1.6661E-02  1.3270E+01  1.2904E+01  3.6633E-01
1.6665E-02  1.3397E+01  1.3031E+01  3.6633E-01
1.6669E-02  1.3576E+01  1.3210E+01  3.6633E-01
1.6672E-02  1.3851E+01  1.3485E+01  3.6633E-01
1.6676E-02  1.4297E+01  1.3931E+01  3.6633E-01
1.6680E-02  1.5078E+01  1.4712E+01  3.6633E-01
1.6684E-02  1.6645E+01  1.6279E+01  3.6633E-01
1.6688E-02  2.0522E+01  2.0155E+01  3.6633E-01
1.6691E-02  3.5099E+01  3.4733E+01  3.6633E-01
1.6695E-02  2.5876E+02  2.5840E+02  3.6633E-01
1.6699E-02  1.7833E+02  1.7796E+02  3.6633E-01
1.6702E-02  3.2480E+01  3.2114E+01  3.6633E-01
1.6706E-02  1.9940E+01  1.9573E+01  3.6633E-01
1.6710E-02  1.6401E+01  1.6035E+01  3.6633E-01
1.6714E-02  1.4931E+01  1.4565E+01  3.6633E-01
1.6717E-02  1.4169E+01  1.3803E+01  3.6633E-01
1.6721E-02  1.3729E+01  1.3363E+01  3.6633E-01
1.6725E-02  1.3450E+01  1.3084E+01  3.6633E-01
1.6729E-02  1.3355E+01  1.2988E+01  3.6633E-01
1.6733E-02  1.3124E+01  1.2758E+01  3.6633E-01
1.6736E-02  1.3024E+01  1.2658E+01  3.6633E-01
1.6740E-02  1.2946E+01  1.2580E+01  3.6633E-01
1.6744E-02  1.2885E+01  1.2518E+01  3.6633E-01
1.6747E-02  1.2835E+01  1.2469E+01  3.6633E-01
1.6751E-02  1.2794E+01  1.2428E+01  3.6633E-01
1.6755E-02  1.2758E+01  1.2392E+01  3.6633E-01
1.6759E-02  1.2729E+01  1.2363E+01  3.6633E-01
1.6763E-02  1.2719E+01  1.2353E+01  3.6633E-01
1.6766E-02  1.2678E+01  1.2312E+01  3.6633E-01
1.6770E-02  1.2659E+01  1.2293E+01  3.6633E-01
1.6774E-02  1.2639E+01  1.2272E+01  3.6633E-01
1.6778E-02  1.2631E+01  1.2265E+01  3.6633E-01
1.6781E-02  1.2607E+01  1.2240E+01  3.6633E-01
1.6785E-02  1.2594E+01  1.2228E+01  3.6633E-01
1.6789E-02  1.2594E+01  1.2228E+01  3.6633E-01
1.6793E-02  1.2601E+01  1.2234E+01  3.6633E-01
1.6796E-02  8.1082E+02  8.1045E+02  3.6633E-01
1.6800E-02  1.2582E+01  1.2216E+01  3.6633E-01
1.6804E-02  1.2536E+01  1.2170E+01  3.6633E-01
1.6807E-02  1.2519E+01  1.2152E+01  3.6633E-01
1.6811E-02  1.2533E+01  1.2167E+01  3.6633E-01
1.6815E-02  1.2494E+01  1.2128E+01  3.6633E-01
1.6819E-02  1.2483E+01  1.2117E+01  3.6633E-01
1.6823E-02  1.2473E+01  1.2107E+01  3.6633E-01
1.6826E-02  1.2468E+01  1.2102E+01  3.6633E-01
1.6830E-02  1.2467E+01  1.2101E+01  3.6633E-01
1.6834E-02  1.2495E+01  1.2129E+01  3.6633E-01
1.6837E-02  1.2482E+01  1.2116E+01  3.6633E-01
1.6841E-02  2.0867E+01  2.0500E+01  3.6633E-01
1.6845E-02  1.2420E+01  1.2054E+01  3.6633E-01
1.6849E-02  1.2458E+01  1.2091E+01  3.6633E-01
1.6852E-02  1.7663E+01  1.7297E+01  3.6633E-01
1.6856E-02  1.2434E+01  1.2067E+01  3.6633E-01
1.6860E-02  1.2401E+01  1.2034E+01  3.6633E-01
1.6864E-02  1.2375E+01  1.2009E+01  3.6633E-01
1.6868E-02  1.2366E+01  1.2000E+01  3.6633E-01
1.6871E-02  1.2359E+01  1.1993E+01  3.6633E-01
1.6875E-02  1.2349E+01  1.1982E+01  3.6633E-01
1.6879E-02  1.2348E+01  1.1981E+01  3.6633E-01
1.6883E-02  1.2335E+01  1.1968E+01  3.6633E-01
1.6886E-02  1.2354E+01  1.1987E+01  3.6633E-01
1.6890E-02  1.2352E+01  1.1985E+01  3.6633E-01
1.6894E-02  1.2309E+01  1.1943E+01  3.6633E-01
1.6898E-02  1.2300E+01  1.1934E+01  3.6633E-01
1.6901E-02  1.2292E+01  1.1926E+01  3.6633E-01
1.6905E-02  1.2360E+01  1.1993E+01  3.6633E-01
1.6909E-02  1.2277E+01  1.1911E+01  3.6633E-01
1.6913E-02  1.2273E+01  1.1907E+01  3.6633E-01
1.6916E-02  1.2274E+01  1.1907E+01  3.6633E-01
1.6920E-02  1.2254E+01  1.1887E+01  3.6633E-01
1.6924E-02  1.2250E+01  1.1884E+01  3.6633E-01
1.6928E-02  1.2280E+01  1.1913E+01  3.6633E-01
1.6931E-02  1.2231E+01  1.1865E+01  3.6633E-01
1.6935E-02  1.2244E+01  1.1877E+01  3.6633E-01
1.6939E-02  1.2244E+01  1.1878E+01  3.6633E-01
1.6942E-02  1.2215E+01  1.1848E+01  3.6633E-01
1.6946E-02  1.2582E+01  1.2215E+01  3.6633E-01
1.6950E-02  1.2215E+01  1.1849E+01  3.6633E-01
1.6954E-02  1.2211E+01  1.1845E+01  3.6633E-01
1.6958E-02  1.2220E+01  1.1854E+01  3.6633E-01
1.6961E-02  2.4475E+01  2.4109E+01  3.6633E-01
1.6965E-02  1.2251E+01  1.1885E+01  3.6633E-01
1.6969E-02  1.2199E+01  1.1833E+01  3.6633E-01
1.6972E-02  1.2171E+01  1.1804E+01  3.6633E-01
1.6976E-02  1.2152E+01  1.1785E+01  3.6633E-01
1.6980E-02  1.2141E+01  1.1774E+01  3.6633E-01
1.6984E-02  1.2428E+01  1.2061E+01  3.6633E-01
1.6987E-02  9.3619E+01  9.3253E+01  3.6633E-01
1.6991E-02  1.2138E+01  1.1772E+01  3.6633E-01
1.6995E-02  1.2119E+01  1.1753E+01  3.6633E-01
1.6999E-02  1.2249E+01  1.1882E+01  3.6633E-01
1.7003E-02  1.2945E+01  1.2579E+01  3.6633E-01
1.7006E-02  1.6724E+01  1.6358E+01  3.6633E-01
1.7010E-02  1.2229E+01  1.1863E+01  3.6633E-01
1.7014E-02  1.2102E+01  1.1736E+01  3.6633E-01
1.7018E-02  1.2257E+01  1.1891E+01  3.6633E-01
1.7021E-02  2.4273E+01  2.3907E+01  3.6633E-01
1.7025E-02  1.3278E+01  1.2911E+01  3.6633E-01
1.7029E-02  2.0361E+01  1.9994E+01  3.6633E-01
1.7033E-02  1.2100E+01  1.1733E+01  3.6633E-01
1.7036E-02  1.2046E+01  1.1680E+01  3.6633E-01
1.7040E-02  1.2581E+01  1.2215E+01  3.6633E-01
1.7044E-02  1.3815E+01  1.3449E+01  3.6633E-01
1.7048E-02  1.2208E+01  1.1842E+01  3.6633E-01
1.7051E-02  1.2661E+01  1.2295E+01  3.6633E-01
1.7055E-02  1.3605E+01  1.3239E+01  3.6633E-01
1.7059E-02  1.2175E+01  1.1809E+01  3.6633E-01
1.7063E-02  1.2007E+01  1.1641E+01  3.6633E-01
1.7066E-02  1.2017E+01  1.1651E+01  3.6633E-01
1.7070E-02  1.1977E+01  1.1611E+01  3.6633E-01
1.7074E-02  1.1972E+01  1.1605E+01  3.6633E-01
1.7077E-02  1.2144E+01  1.1777E+01  3.6633E-01
1.7081E-02  1.6988E+01  1.6622E+01  3.6633E-01
1.7085E-02  1.1983E+01  1.1617E+01  3.6633E-01
1.7089E-02  1.1957E+01  1.1590E+01  3.6633E-01
1.7093E-02  1.1967E+01  1.1601E+01  3.6633E-01
1.7096E-02  1.1905E+01  1.1538E+01  3.6633E-01
1.7100E-02  1.1895E+01  1.1528E+01  3.6633E-01
1.7104E-02  1.1906E+01  1.1539E+01  3.6633E-01
1.7107E-02  1.1888E+01  1.1522E+01  3.6633E-01
1.7111E-02  1.1874E+01  1.1508E+01  3.6633E-01
1.7115E-02  1.1865E+01  1.1498E+01  3.6633E-01
1.7119E-02  1.1873E+01  1.1506E+01  3.6633E-01
1.7122E-02  1.1850E+01  1.1483E+01  3.6633E-01
1.7126E-02  1.1841E+01  1.1475E+01  3.6633E-01
1.7130E-02  1.2011E+01  1.1645E+01  3.6633E-01
1.7134E-02  1.1827E+01  1.1461E+01  3.6633E-01
1.7137E-02  1.2001E+01  1.1635E+01  3.6633E-01
1.7141E-02  1.1811E+01  1.1445E+01  3.6633E-01
1.7145E-02  1.1821E+01  1.1455E+01  3.6633E-01
1.7149E-02  1.1798E+01  1.1432E+01  3.6633E-01
1.7153E-02  1.1789E+01  1.1423E+01  3.6633E-01
1.7156E-02  1.1955E+01  1.1589E+01  3.6633E-01
1.7160E-02  1.1776E+01  1.1410E+01  3.6633E-01
1.7164E-02  1.1786E+01  1.1419E+01  3.6633E-01
1.7168E-02  1.1808E+01  1.1442E+01  3.6633E-01
1.7171E-02  1.1753E+01  1.1386E+01  3.6633E-01
1.7175E-02  1.1745E+01  1.1378E+01  3.6633E-01
1.7179E-02  1.1737E+01  1.1371E+01  3.6633E-01
1.7182E-02  1.1730E+01  1.1364E+01  3.6633E-01
1.7186E-02  1.1845E+01  1.1479E+01  3.6633E-01
1.7190E-02  1.1719E+01  1.1353E+01  3.6633E-01
1.7194E-02  1.3018E+01  1.2651E+01  3.6633E-01
1.7198E-02  1.1702E+01  1.1336E+01  3.6633E-01
1.7201E-02  1.1698E+01  1.1331E+01  3.6633E-01
1.7205E-02  1.1687E+01  1.1320E+01  3.6633E-01
1.7209E-02  1.1680E+01  1.1314E+01  3.6633E-01
1.7212E-02  1.1671E+01  1.1305E+01  3.6633E-01
1.7216E-02  1.1664E+01  1.1298E+01  3.6633E-01
1.7220E-02  1.1657E+01  1.1291E+01  3.6633E-01
1.7224E-02  1.1650E+01  1.1283E+01  3.6633E-01
1.7227E-02  1.1642E+01  1.1276E+01  3.6633E-01
1.7231E-02  1.1635E+01  1.1269E+01  3.6633E-01
1.7235E-02  1.1629E+01  1.1263E+01  3.6633E-01
1.7239E-02  1.1620E+01  1.1254E+01  3.6633E-01
1.7243E-02  1.1613E+01  1.1246E+01  3.6633E-01
1.7246E-02  1.1613E+01  1.1247E+01  3.6633E-01
1.7250E-02  1.1658E+01  1.1292E+01  3.6633E-01
1.7254E-02  1.1591E+01  1.1225E+01  3.6633E-01
1.7258E-02  1.1585E+01  1.1218E+01  3.6633E-01
1.7261E-02  1.1576E+01  1.1210E+01  3.6633E-01
1.7265E-02  1.1569E+01  1.1203E+01  3.6633E-01
1.7269E-02  1.1562E+01  1.1195E+01  3.6633E-01
1.7272E-02  1.1555E+01  1.1189E+01  3.6633E-01
1.7276E-02  1.1547E+01  1.1181E+01  3.6633E-01
1.7280E-02  1.1540E+01  1.1173E+01  3.6633E-01
1.7284E-02  1.1532E+01  1.1166E+01  3.6633E-01
1.7288E-02  1.1525E+01  1.1159E+01  3.6633E-01
1.7291E-02  1.1518E+01  1.1151E+01  3.6633E-01
1.7295E-02  1.1512E+01  1.1145E+01  3.6633E-01
1.7299E-02  1.1506E+01  1.1139E+01  3.6633E-01
1.7303E-02  1.1496E+01  1.1130E+01  3.6633E-01
1.7306E-02  1.1489E+01  1.1122E+01  3.6633E-01
1.7310E-02  1.1482E+01  1.1116E+01  3.6633E-01
1.7314E-02  1.1475E+01  1.1109E+01  3.6633E-01
1.7317E-02  1.1550E+01  1.1184E+01  3.6633E-01
1.7321E-02  1.1460E+01  1.1094E+01  3.6633E-01
1.7325E-02  1.1466E+01  1.1099E+01  3.6633E-01
1.7329E-02  1.1446E+01  1.1080E+01  3.6633E-01
1.7333E-02  1.1440E+01  1.1074E+01  3.6633E-01
1.7336E-02  1.1433E+01  1.1067E+01  3.6633E-01
1.7340E-02  1.1425E+01  1.1059E+01  3.6633E-01
1.7344E-02  1.1431E+01  1.1064E+01  3.6633E-01
1.7347E-02  1.1411E+01  1.1044E+01  3.6633E-01
1.7351E-02  1.1405E+01  1.1039E+01  3.6633E-01
1.7355E-02  1.1396E+01  1.1030E+01  3.6633E-01
1.7359E-02  1.1392E+01  1.1026E+01  3.6633E-01
1.7362E-02  1.1382E+01  1.1015E+01  3.6633E-01
1.7366E-02  1.1376E+01  1.1010E+01  3.6633E-01
1.7370E-02  1.1368E+01  1.1002E+01  3.6633E-01
1.7374E-02  1.1361E+01  1.0995E+01  3.6633E-01
1.7378E-02  1.1354E+01  1.0988E+01  3.6633E-01
1.7381E-02  1.1348E+01  1.0982E+01  3.6633E-01
1.7385E-02  1.1348E+01  1.0982E+01  3.6633E-01
1.7389E-02  1.1333E+01  1.0967E+01  3.6633E-01
1.7393E-02  1.1331E+01  1.0965E+01  3.6633E-01
1.7396E-02  1.1320E+01  1.0953E+01  3.6633E-01
1.7400E-02  1.1327E+01  1.0960E+01  3.6633E-01
1.7404E-02  1.1306E+01  1.0939E+01  3.6633E-01
1.7407E-02  1.1299E+01  1.0932E+01  3.6633E-01
1.7411E-02  1.1300E+01  1.0934E+01  3.6633E-01
1.7415E-02  1.1329E+01  1.0963E+01  3.6633E-01
1.7419E-02  1.1278E+01  1.0912E+01  3.6633E-01
1.7423E-02  1.1271E+01  1.0905E+01  3.6633E-01
1.7426E-02  1.1264E+01  1.0898E+01  3.6633E-01
1.7430E-02  1.1257E+01  1.0891E+01  3.6633E-01
1.7434E-02  1.1251E+01  1.0884E+01  3.6633E-01
1.7438E-02  1.1244E+01  1.0878E+01  3.6633E-01
1.7441E-02  1.1237E+01  1.0871E+01  3.6633E-01
1.7445E-02  1.1231E+01  1.0864E+01  3.6633E-01
1.7449E-02  1.1224E+01  1.0858E+01  3.6633E-01
1.7452E-02  1.1217E+01  1.0851E+01  3.6633E-01
1.7456E-02  1.1211E+01  1.0844E+01  3.6633E-01
1.7460E-02  1.1205E+01  1.0839E+01  3.6633E-01
1.7464E-02  1.1197E+01  1.0831E+01  3.6633E-01
1.7468E-02  1.1191E+01  1.0824E+01  3.6633E-01
1.7471E-02  1.1186E+01  1.0820E+01  3.6634E-01
1.7475E-02  1.1181E+01  1.0815E+01  3.6634E-01
1.7479E-02  1.1171E+01  1.0805E+01  3.6634E-01
1.7482E-02  1.1165E+01  1.0798E+01  3.6634E-01
1.7486E-02  1.1158E+01  1.0792E+01  3.6634E-01
1.7490E-02  1.1155E+01  1.0789E+01  3.6634E-01
1.7494E-02  1.1147E+01  1.0781E+01  3.6634E-01
1.7497E-02  1.1143E+01  1.0776E+01  3.6634E-01
1.7501E-02  1.1137E+01  1.0771E+01  3.6634E-01
1.7505E-02  1.1165E+01  1.0799E+01  3.6634E-01
1.7509E-02  1.1120E+01  1.0754E+01  3.6634E-01
1.7513E-02  1.1114E+01  1.0748E+01  3.6634E-01
1.7516E-02  1.1108E+01  1.0742E+01  3.6634E-01
1.7520E-02  1.1104E+01  1.0738E+01  3.6634E-01
1.7524E-02  1.1096E+01  1.0730E+01  3.6634E-01
1.7528E-02  1.1090E+01  1.0724E+01  3.6634E-01
1.7531E-02  1.1098E+01  1.0731E+01  3.6634E-01
1.7535E-02  1.1084E+01  1.0718E+01  3.6634E-01
1.7539E-02  2.8692E+01  2.8325E+01  3.6634E-01
1.7542E-02  1.1077E+01  1.0711E+01  3.6634E-01
1.7546E-02  1.1064E+01  1.0698E+01  3.6634E-01
1.7550E-02  1.1058E+01  1.0691E+01  3.6634E-01
1.7554E-02  1.1055E+01  1.0689E+01  3.6634E-01
1.7558E-02  1.1049E+01  1.0683E+01  3.6634E-01
1.7561E-02  1.1043E+01  1.0677E+01  3.6634E-01
1.7565E-02  1.1039E+01  1.0673E+01  3.6634E-01
1.7569E-02  1.1037E+01  1.0671E+01  3.6634E-01
1.7573E-02  1.1034E+01  1.0667E+01  3.6634E-01
1.7576E-02  1.1032E+01  1.0666E+01  3.6634E-01
1.7580E-02  1.1032E+01  1.0666E+01  3.6634E-01
1.7584E-02  1.1097E+01  1.0731E+01  3.6634E-01
1.7587E-02  1.1039E+01  1.0673E+01  3.6634E-01
1.7591E-02  1.1049E+01  1.0682E+01  3.6634E-01
1.7595E-02  1.1067E+01  1.0700E+01  3.6634E-01
1.7599E-02  1.1094E+01  1.0728E+01  3.6634E-01
1.7603E-02  1.1147E+01  1.0781E+01  3.6634E-01
1.7606E-02  1.1253E+01  1.0886E+01  3.6634E-01
1.7610E-02  1.1498E+01  1.1132E+01  3.6634E-01
1.7614E-02  1.2292E+01  1.1926E+01  3.6634E-01
1.7617E-02  1.8389E+01  1.8022E+01  3.6634E-01
1.7621E-02  3.6888E+02  3.6851E+02  3.6634E-01
1.7625E-02  1.3570E+01  1.3204E+01  3.6634E-01
1.7629E-02  1.1802E+01  1.1436E+01  3.6634E-01
1.7633E-02  1.1441E+01  1.1074E+01  3.6634E-01
1.7636E-02  1.1400E+01  1.1034E+01  3.6634E-01
1.7640E-02  1.1718E+01  1.1352E+01  3.6634E-01
1.7644E-02  1.4588E+01  1.4221E+01  3.6634E-01
1.7647E-02  6.5267E+02  6.5230E+02  3.6634E-01
1.7651E-02  1.2405E+01  1.2038E+01  3.6634E-01
1.7655E-02  1.1577E+01  1.1211E+01  3.6634E-01
1.7659E-02  1.3368E+01  1.3002E+01  3.6634E-01
1.7663E-02  1.3597E+01  1.3231E+01  3.6634E-01
1.7666E-02  1.1208E+01  1.0841E+01  3.6634E-01
1.7670E-02  1.1015E+01  1.0649E+01  3.6634E-01
1.7674E-02  1.0939E+01  1.0572E+01  3.6634E-01
1.7678E-02  1.0903E+01  1.0536E+01  3.6634E-01
1.7681E-02  1.0884E+01  1.0517E+01  3.6634E-01
1.7685E-02  1.0861E+01  1.0495E+01  3.6634E-01
1.7689E-02  1.0848E+01  1.0482E+01  3.6634E-01
1.7692E-02  4.1908E+01  4.1541E+01  3.6634E-01
1.7696E-02  1.0825E+01  1.0458E+01  3.6634E-01
1.7700E-02  1.0814E+01  1.0447E+01  3.6634E-01
1.7704E-02  1.0804E+01  1.0438E+01  3.6634E-01
1.7708E-02  1.0798E+01  1.0432E+01  3.6634E-01
1.7711E-02  1.0791E+01  1.0424E+01  3.6634E-01
1.7715E-02  1.0780E+01  1.0414E+01  3.6634E-01
1.7719E-02  1.0776E+01  1.0410E+01  3.6634E-01
1.7722E-02  1.0879E+01  1.0513E+01  3.6634E-01
1.7726E-02  1.0758E+01  1.0391E+01  3.6634E-01
1.7730E-02  1.0751E+01  1.0384E+01  3.6634E-01
1.7734E-02  1.0749E+01  1.0382E+01  3.6634E-01
1.7737E-02  1.0737E+01  1.0371E+01  3.6634E-01
1.7741E-02  1.0755E+01  1.0388E+01  3.6634E-01
1.7745E-02  1.0724E+01  1.0358E+01  3.6634E-01
1.7749E-02  1.0717E+01  1.0351E+01  3.6634E-01
1.7753E-02  1.0711E+01  1.0345E+01  3.6634E-01
1.7756E-02  1.0704E+01  1.0338E+01  3.6634E-01
1.7760E-02  1.0698E+01  1.0332E+01  3.6634E-01
1.7764E-02  1.0692E+01  1.0326E+01  3.6634E-01
1.7768E-02  1.0686E+01  1.0319E+01  3.6634E-01
1.7771E-02  1.0679E+01  1.0313E+01  3.6634E-01
1.7775E-02  1.0673E+01  1.0307E+01  3.6634E-01
1.7779E-02  1.0667E+01  1.0301E+01  3.6634E-01
1.7782E-02  1.1042E+01  1.0676E+01  3.6634E-01
1.7786E-02  1.0655E+01  1.0288E+01  3.6634E-01
1.7790E-02  1.0648E+01  1.0282E+01  3.6634E-01
1.7794E-02  1.0642E+01  1.0276E+01  3.6634E-01
1.7798E-02  1.0642E+01  1.0276E+01  3.6634E-01
1.7801E-02  1.0630E+01  1.0264E+01  3.6634E-01
1.7805E-02  1.0631E+01  1.0264E+01  3.6634E-01
1.7809E-02  1.0618E+01  1.0252E+01  3.6634E-01
1.7813E-02  1.0612E+01  1.0246E+01  3.6634E-01
1.7816E-02  1.0606E+01  1.0240E+01  3.6634E-01
1.7820E-02  1.0600E+01  1.0234E+01  3.6634E-01
1.7824E-02  1.0684E+01  1.0318E+01  3.6634E-01
1.7827E-02  1.0588E+01  1.0222E+01  3.6634E-01
1.7831E-02  1.0582E+01  1.0216E+01  3.6634E-01
1.7835E-02  1.0576E+01  1.0210E+01  3.6634E-01
1.7839E-02  1.0570E+01  1.0204E+01  3.6634E-01
1.7843E-02  1.0565E+01  1.0198E+01  3.6634E-01
1.7846E-02  1.0559E+01  1.0193E+01  3.6634E-01
1.7850E-02  1.0553E+01  1.0187E+01  3.6634E-01
1.7854E-02  1.0547E+01  1.0181E+01  3.6634E-01
1.7857E-02  1.0541E+01  1.0175E+01  3.6634E-01
1.7861E-02  1.0535E+01  1.0169E+01  3.6634E-01
1.7865E-02  1.0530E+01  1.0163E+01  3.6634E-01
1.7869E-02  1.0524E+01  1.0158E+01  3.6634E-01
1.7872E-02  1.0525E+01  1.0158E+01  3.6634E-01
1.7876E-02  1.0562E+01  1.0196E+01  3.6634E-01
1.7880E-02  1.0508E+01  1.0141E+01  3.6634E-01
1.7884E-02  1.0501E+01  1.0135E+01  3.6634E-01
1.7888E-02  1.0495E+01  1.0129E+01  3.6634E-01
1.7891E-02  1.0492E+01  1.0125E+01  3.6634E-01
1.7895E-02  1.0484E+01  1.0117E+01  3.6634E-01
1.7899E-02  1.0478E+01  1.0112E+01  3.6634E-01
1.7903E-02  1.0472E+01  1.0106E+01  3.6634E-01
1.7906E-02  1.0467E+01  1.0100E+01  3.6634E-01
1.7910E-02  1.0461E+01  1.0095E+01  3.6634E-01
1.7914E-02  1.0464E+01  1.0098E+01  3.6634E-01
1.7917E-02  1.0450E+01  1.0083E+01  3.6634E-01
1.7921E-02  1.0449E+01  1.0083E+01  3.6634E-01
1.7925E-02  1.0439E+01  1.0073E+01  3.6634E-01
1.7929E-02  1.0433E+01  1.0067E+01  3.6634E-01
1.7933E-02  1.0427E+01  1.0061E+01  3.6634E-01
1.7936E-02  1.0422E+01  1.0055E+01  3.6634E-01
1.7940E-02  1.0416E+01  1.0050E+01  3.6634E-01
1.7944E-02  1.0410E+01  1.0044E+01  3.6634E-01
1.7948E-02  1.0405E+01  1.0039E+01  3.6634E-01
1.7951E-02  1.0400E+01  1.0034E+01  3.6634E-01
1.7955E-02  1.0394E+01  1.0027E+01  3.6634E-01
1.7959E-02  1.0389E+01  1.0022E+01  3.6634E-01
1.7962E-02  1.0385E+01  1.0019E+01  3.6634E-01
1.7966E-02  1.0381E+01  1.0014E+01  3.6634E-01
1.7970E-02  1.0372E+01  1.0006E+01  3.6634E-01
1.7974E-02  1.0367E+01  1.0001E+01  3.6634E-01
1.7978E-02  1.0361E+01  9.9946E+00  3.6634E-01
1.7981E-02  1.0355E+01  9.9891E+00  3.6634E-01
1.7985E-02  1.0359E+01  9.9923E+00  3.6634E-01
1.7989E-02  1.0345E+01  9.9783E+00  3.6634E-01
1.7992E-02  1.0504E+01  1.0138E+01  3.6634E-01
1.7996E-02  1.0334E+01  9.9681E+00  3.6634E-01
1.8000E-02  1.0341E+01  9.9744E+00  3.6634E-01
1.8004E-02  1.0324E+01  9.9575E+00  3.6634E-01
1.8008E-02  1.0319E+01  9.9528E+00  3.6634E-01
1.8011E-02  1.0314E+01  9.9481E+00  3.6634E-01
1.8015E-02  1.0307E+01  9.9407E+00  3.6634E-01
1.8019E-02  1.0302E+01  9.9353E+00  3.6634E-01
1.8023E-02  1.0296E+01  9.9301E+00  3.6634E-01
1.8026E-02  1.0291E+01  9.9248E+00  3.6634E-01
1.8030E-02  1.0286E+01  9.9196E+00  3.6634E-01
1.8034E-02  1.0281E+01  9.9145E+00  3.6634E-01
1.8038E-02  1.0276E+01  9.9100E+00  3.6634E-01
1.8041E-02  1.0287E+01  9.9202E+00  3.6634E-01
1.8045E-02  1.0265E+01  9.8990E+00  3.6634E-01
1.8049E-02  1.0260E+01  9.8936E+00  3.6634E-01
1.8052E-02  1.0255E+01  9.8883E+00  3.6634E-01
1.8056E-02  1.0250E+01  9.8832E+00  3.6634E-01
1.8060E-02  1.0245E+01  9.8783E+00  3.6634E-01
1.8064E-02  1.0240E+01  9.8733E+00  3.6634E-01
1.8068E-02  1.0234E+01  9.8679E+00  3.6634E-01
1.8071E-02  1.0229E+01  9.8628E+00  3.6634E-01
1.8075E-02  1.0225E+01  9.8583E+00  3.6634E-01
1.8079E-02  1.0219E+01  9.8529E+00  3.6634E-01
1.8083E-02  1.0215E+01  9.8485E+00  3.6634E-01
1.8086E-02  1.0210E+01  9.8432E+00  3.6634E-01
1.8090E-02  1.0205E+01  9.8385E+00  3.6634E-01
1.8094E-02  1.0200E+01  9.8332E+00  3.6634E-01
1.8097E-02  1.0195E+01  9.8283E+00  3.6634E-01
1.8101E-02  1.0190E+01  9.8235E+00  3.6634E-01
1.8105E-02  1.0196E+01  9.8299E+00  3.6634E-01
1.8109E-02  1.0180E+01  9.8139E+00  3.6634E-01
1.8113E-02  1.0176E+01  9.8098E+00  3.6634E-01
1.8116E-02  1.0174E+01  9.8077E+00  3.6634E-01
1.8120E-02  1.0166E+01  9.8000E+00  3.6634E-01
1.8124E-02  1.0162E+01  9.7954E+00  3.6634E-01
1.8128E-02  1.0158E+01  9.7913E+00  3.6634E-01
1.8131E-02  1.0153E+01  9.7868E+00  3.6634E-01
1.8135E-02  1.0149E+01  9.7822E+00  3.6634E-01
1.8139E-02  1.0145E+01  9.7782E+00  3.6634E-01
1.8143E-02  1.0170E+01  9.8041E+00  3.6634E-01
1.8146E-02  1.0138E+01  9.7714E+00  3.6634E-01
1.8150E-02  1.0486E+01  1.0120E+01  3.6634E-01
1.8154E-02  1.0128E+01  9.7621E+00  3.6634E-01
1.8158E-02  1.7755E+01  1.7389E+01  3.6634E-01
1.8161E-02  1.0122E+01  9.7559E+00  3.6634E-01
1.8165E-02  1.0116E+01  9.7497E+00  3.6634E-01
1.8169E-02  1.0114E+01  9.7475E+00  3.6634E-01
1.8173E-02  1.0113E+01  9.7463E+00  3.6634E-01
1.8176E-02  1.0105E+01  9.7390E+00  3.6634E-01
1.8180E-02  1.0102E+01  9.7356E+00  3.6634E-01
1.8184E-02  1.0099E+01  9.7326E+00  3.6634E-01
1.8187E-02  1.0096E+01  9.7295E+00  3.6634E-01
1.8191E-02  1.0095E+01  9.7282E+00  3.6634E-01
1.8195E-02  1.0092E+01  9.7254E+00  3.6634E-01
1.8199E-02  1.0089E+01  9.7226E+00  3.6634E-01
1.8202E-02  1.0087E+01  9.7203E+00  3.6634E-01
1.8206E-02  1.0087E+01  9.7205E+00  3.6634E-01
1.8210E-02  1.0083E+01  9.7169E+00  3.6634E-01
1.8214E-02  1.0082E+01  9.7158E+00  3.6634E-01
1.8218E-02  1.0082E+01  9.7153E+00  3.6634E-01
1.8221E-02  1.0081E+01  9.7151E+00  3.6634E-01
1.8225E-02  1.0087E+01  9.7203E+00  3.6634E-01
1.8229E-02  1.0083E+01  9.7168E+00  3.6634E-01
1.8232E-02  1.0085E+01  9.7188E+00  3.6634E-01
1.8236E-02  1.0089E+01  9.7231E+00  3.6634E-01
1.8240E-02  1.0094E+01  9.7272E+00  3.6634E-01
1.8244E-02  1.0101E+01  9.7350E+00  3.6634E-01
1.8247E-02  1.0127E+01  9.7604E+00  3.6634E-01
1.8251E-02  1.0586E+01  1.0220E+01  3.6634E-01
1.8255E-02  1.3365E+01  1.2999E+01  3.6634E-01
1.8259E-02  1.0152E+01  9.7858E+00  3.6634E-01
1.8263E-02  1.0148E+01  9.7817E+00  3.6634E-01
1.8266E-02  1.0162E+01  9.7953E+00  3.6634E-01
1.8270E-02  1.0284E+01  9.9178E+00  3.6634E-01
1.8274E-02  1.0207E+01  9.8405E+00  3.6634E-01
1.8278E-02  1.0239E+01  9.8730E+00  3.6634E-01
1.8281E-02  1.0280E+01  9.9135E+00  3.6634E-01
1.8285E-02  1.0332E+01  9.9658E+00  3.6634E-01
1.8289E-02  1.0400E+01  1.0033E+01  3.6634E-01
1.8292E-02  1.0489E+01  1.0123E+01  3.6634E-01
1.8296E-02  1.0611E+01  1.0245E+01  3.6634E-01
1.8300E-02  1.0779E+01  1.0413E+01  3.6634E-01
1.8304E-02  1.1031E+01  1.0664E+01  3.6634E-01
1.8308E-02  1.1431E+01  1.1065E+01  3.6634E-01
1.8311E-02  1.2177E+01  1.1811E+01  3.6634E-01
1.8315E-02  1.4132E+01  1.3766E+01  3.6634E-01
1.8319E-02  3.2050E+01  3.1684E+01  3.6634E-01
1.8322E-02  4.0008E+01  3.9642E+01  3.6634E-01
1.8326E-02  2.1928E+01  2.1562E+01  3.6634E-01
1.8330E-02  3.7653E+01  3.7287E+01  3.6634E-01
1.8334E-02  3.2055E+02  3.2018E+02  3.6634E-01
1.8337E-02  1.8872E+02  1.8836E+02  3.6634E-01
1.8341E-02  1.2943E+04  1.2942E+04  3.6634E-01
1.8345E-02  4.5537E+01  4.5171E+01  3.6634E-01
1.8349E-02  1.9993E+01  1.9627E+01  3.6634E-01
1.8353E-02  1.7305E+01  1.6939E+01  3.6634E-01
1.8356E-02  1.0001E+05  1.0001E+05  3.6634E-01
1.8360E-02  1.5933E+01  1.5566E+01  3.6634E-01
1.8364E-02  1.2399E+01  1.2032E+01  3.6634E-01
1.8367E-02  1.1298E+01  1.0931E+01  3.6634E-01
1.8371E-02  1.0881E+01  1.0515E+01  3.6634E-01
1.8375E-02  1.0644E+01  1.0278E+01  3.6634E-01
1.8379E-02  1.0828E+01  1.0461E+01  3.6634E-01
1.8383E-02  1.0365E+01  9.9983E+00  3.6634E-01
1.8386E-02  1.0247E+01  9.8805E+00  3.6634E-01
1.8390E-02  1.0175E+01  9.8088E+00  3.6634E-01
1.8394E-02  1.0117E+01  9.7509E+00  3.6634E-01
1.8398E-02  1.0067E+01  9.7011E+00  3.6634E-01
1.8401E-02  1.0025E+01  9.6589E+00  3.6634E-01
1.8405E-02  9.9906E+00  9.6243E+00  3.6634E-01
1.8409E-02  9.9605E+00  9.5942E+00  3.6634E-01
1.8413E-02  9.9343E+00  9.5680E+00  3.6634E-01
1.8416E-02  9.9118E+00  9.5454E+00  3.6634E-01
1.8420E-02  9.8906E+00  9.5243E+00  3.6634E-01
1.8424E-02  9.8719E+00  9.5056E+00  3.6634E-01
1.8427E-02  9.8551E+00  9.4887E+00  3.6634E-01
1.8431E-02  9.8398E+00  9.4735E+00  3.6634E-01
1.8435E-02  9.8253E+00  9.4589E+00  3.6634E-01
1.8439E-02  9.8870E+00  9.5207E+00  3.6634E-01
1.8443E-02  9.7998E+00  9.4334E+00  3.6634E-01
1.8446E-02  9.7948E+00  9.4284E+00  3.6634E-01
1.8450E-02  9.7779E+00  9.4116E+00  3.6634E-01
1.8454E-02  9.7676E+00  9.4012E+00  3.6634E-01
1.8458E-02  9.7571E+00  9.3908E+00  3.6634E-01
1.8461E-02  9.7478E+00  9.3815E+00  3.6634E-01
1.8465E-02  9.7389E+00  9.3726E+00  3.6634E-01
1.8469E-02  9.7301E+00  9.3638E+00  3.6634E-01
1.8472E-02  9.7223E+00  9.3560E+00  3.6634E-01
1.8476E-02  9.7140E+00  9.3477E+00  3.6634E-01
1.8480E-02  9.7064E+00  9.3401E+00  3.6634E-01
1.8484E-02  9.7723E+00  9.4060E+00  3.6634E-01
1.8488E-02  9.7065E+00  9.3401E+00  3.6634E-01
1.8491E-02  9.7123E+00  9.3459E+00  3.6634E-01
1.8495E-02  9.6795E+00  9.3131E+00  3.6634E-01
1.8499E-02  9.6712E+00  9.3049E+00  3.6634E-01
1.8503E-02  9.6633E+00  9.2969E+00  3.6634E-01
1.8506E-02  9.6573E+00  9.2910E+00  3.6634E-01
1.8510E-02  9.6504E+00  9.2841E+00  3.6634E-01
1.8514E-02  9.6461E+00  9.2797E+00  3.6634E-01
1.8518E-02  9.6390E+00  9.2727E+00  3.6634E-01
1.8521E-02  9.6319E+00  9.2655E+00  3.6634E-01
1.8525E-02  9.6255E+00  9.2591E+00  3.6634E-01
1.8529E-02  9.6195E+00  9.2532E+00  3.6634E-01
1.8533E-02  9.6135E+00  9.2471E+00  3.6634E-01
1.8536E-02  9.6074E+00  9.2411E+00  3.6634E-01
1.8540E-02  9.6018E+00  9.2355E+00  3.6634E-01
1.8544E-02  9.5960E+00  9.2297E+00  3.6634E-01
1.8548E-02  9.5909E+00  9.2245E+00  3.6634E-01
1.8551E-02  9.5847E+00  9.2183E+00  3.6634E-01
1.8555E-02  9.5790E+00  9.2127E+00  3.6634E-01
1.8559E-02  9.5734E+00  9.2071E+00  3.6634E-01
1.8562E-02  9.5684E+00  9.2020E+00  3.6634E-01
1.8566E-02  9.5636E+00  9.1973E+00  3.6634E-01
1.8570E-02  9.5572E+00  9.1908E+00  3.6634E-01
1.8574E-02  9.5529E+00  9.1866E+00  3.6634E-01
1.8578E-02  9.5465E+00  9.1802E+00  3.6634E-01
1.8581E-02  9.5414E+00  9.1751E+00  3.6634E-01
1.8585E-02  9.5367E+00  9.1703E+00  3.6634E-01
1.8589E-02  9.5321E+00  9.1658E+00  3.6634E-01
1.8593E-02  9.5298E+00  9.1635E+00  3.6634E-01
1.8596E-02  9.5560E+00  9.1896E+00  3.6634E-01
1.8600E-02  9.6027E+00  9.2364E+00  3.6634E-01
1.8604E-02  9.5162E+00  9.1498E+00  3.6634E-01
1.8607E-02  9.5069E+00  9.1405E+00  3.6634E-01
1.8611E-02  9.5002E+00  9.1339E+00  3.6634E-01
1.8615E-02  9.4952E+00  9.1289E+00  3.6634E-01
1.8619E-02  9.4902E+00  9.1238E+00  3.6634E-01
1.8623E-02  9.5085E+00  9.1422E+00  3.6634E-01
1.8626E-02  9.4809E+00  9.1146E+00  3.6634E-01
1.8630E-02  9.4746E+00  9.1083E+00  3.6634E-01
1.8634E-02  9.4694E+00  9.1031E+00  3.6634E-01
1.8638E-02  9.4656E+00  9.0992E+00  3.6634E-01
1.8641E-02  9.4623E+00  9.0959E+00  3.6634E-01
1.8645E-02  9.4748E+00  9.1085E+00  3.6634E-01
1.8649E-02  9.4750E+00  9.1086E+00  3.6634E-01
1.8653E-02  9.4463E+00  9.0799E+00  3.6634E-01
1.8656E-02  9.4991E+00  9.1328E+00  3.6634E-01
1.8660E-02  9.4357E+00  9.0694E+00  3.6634E-01
1.8664E-02  9.4347E+00  9.0684E+00  3.6634E-01
1.8668E-02  9.4247E+00  9.0583E+00  3.6634E-01
1.8671E-02  9.4193E+00  9.0530E+00  3.6634E-01
1.8675E-02  9.4147E+00  9.0483E+00  3.6634E-01
1.8679E-02  9.4176E+00  9.0512E+00  3.6634E-01
1.8683E-02  9.4327E+00  9.0663E+00  3.6634E-01
1.8686E-02  9.7559E+00  9.3896E+00  3.6634E-01
1.8690E-02  9.4029E+00  9.0366E+00  3.6634E-01
1.8694E-02  9.3907E+00  9.0244E+00  3.6634E-01
1.8697E-02  9.3893E+00  9.0230E+00  3.6634E-01
1.8701E-02  9.3809E+00  9.0146E+00  3.6634E-01
1.8705E-02  9.3792E+00  9.0129E+00  3.6634E-01
1.8709E-02  9.3708E+00  9.0045E+00  3.6634E-01
1.8712E-02  9.3700E+00  9.0037E+00  3.6634E-01
1.8716E-02  9.3612E+00  8.9948E+00  3.6634E-01
1.8720E-02  9.3565E+00  8.9902E+00  3.6634E-01
1.8724E-02  9.3522E+00  8.9859E+00  3.6634E-01
1.8728E-02  9.3477E+00  8.9813E+00  3.6634E-01
1.8731E-02  9.3450E+00  8.9786E+00  3.6634E-01
1.8735E-02  9.6646E+00  9.2982E+00  3.6634E-01
1.8739E-02  9.3515E+00  8.9852E+00  3.6634E-01
1.8742E-02  9.3319E+00  8.9655E+00  3.6634E-01
1.8746E-02  9.3305E+00  8.9642E+00  3.6634E-01
1.8750E-02  9.3191E+00  8.9527E+00  3.6634E-01
1.8754E-02  9.3140E+00  8.9477E+00  3.6634E-01
1.8757E-02  9.3115E+00  8.9452E+00  3.6634E-01
1.8761E-02  9.3058E+00  8.9395E+00  3.6634E-01
1.8765E-02  9.2997E+00  8.9334E+00  3.6634E-01
1.8769E-02  9.2979E+00  8.9315E+00  3.6634E-01
1.8773E-02  9.2916E+00  8.9253E+00  3.6634E-01
1.8776E-02  9.2863E+00  8.9199E+00  3.6634E-01
1.8780E-02  9.2810E+00  8.9147E+00  3.6634E-01
1.8784E-02  9.2768E+00  8.9105E+00  3.6634E-01
1.8788E-02  9.2718E+00  8.9054E+00  3.6634E-01
1.8791E-02  9.2699E+00  8.9036E+00  3.6634E-01
1.8795E-02  9.2655E+00  8.8992E+00  3.6634E-01
1.8799E-02  9.3147E+00  8.9483E+00  3.6634E-01
1.8802E-02  9.2545E+00  8.8882E+00  3.6634E-01
1.8806E-02  9.2493E+00  8.8829E+00  3.6635E-01
1.8810E-02  9.2440E+00  8.8777E+00  3.6635E-01
1.8814E-02  9.2581E+00  8.8917E+00  3.6635E-01
1.8818E-02  9.2476E+00  8.8812E+00  3.6635E-01
1.8821E-02  9.2339E+00  8.8676E+00  3.6635E-01
1.8825E-02  9.2257E+00  8.8593E+00  3.6635E-01
1.8829E-02  9.2213E+00  8.8550E+00  3.6635E-01
1.8832E-02  9.2175E+00  8.8511E+00  3.6635E-01
1.8836E-02  9.2118E+00  8.8454E+00  3.6635E-01
1.8840E-02  9.2073E+00  8.8409E+00  3.6635E-01
1.8844E-02  9.2186E+00  8.8522E+00  3.6635E-01
1.8847E-02  9.1981E+00  8.8317E+00  3.6635E-01
1.8851E-02  9.1935E+00  8.8272E+00  3.6635E-01
1.8855E-02  9.1891E+00  8.8228E+00  3.6635E-01
1.8859E-02  9.1844E+00  8.8181E+00  3.6635E-01
1.8863E-02  9.1798E+00  8.8135E+00  3.6635E-01
1.8866E-02  9.1753E+00  8.8090E+00  3.6635E-01
1.8870E-02  9.1708E+00  8.8044E+00  3.6635E-01
1.8874E-02  9.1743E+00  8.8079E+00  3.6635E-01
1.8878E-02  9.1938E+00  8.8275E+00  3.6635E-01
1.8881E-02  9.1666E+00  8.8002E+00  3.6635E-01
1.8885E-02  9.1608E+00  8.7944E+00  3.6635E-01
1.8889E-02  9.1486E+00  8.7823E+00  3.6635E-01
1.8893E-02  9.1438E+00  8.7775E+00  3.6635E-01
1.8896E-02  9.1393E+00  8.7729E+00  3.6635E-01
1.8900E-02  9.1349E+00  8.7686E+00  3.6635E-01
1.8904E-02  9.1305E+00  8.7642E+00  3.6635E-01
1.8908E-02  9.1266E+00  8.7603E+00  3.6635E-01
1.8911E-02  9.1235E+00  8.7572E+00  3.6635E-01
1.8915E-02  9.1175E+00  8.7512E+00  3.6635E-01
1.8919E-02  9.1152E+00  8.7489E+00  3.6635E-01
1.8923E-02  9.1175E+00  8.7511E+00  3.6635E-01
1.8926E-02  9.1182E+00  8.7519E+00  3.6635E-01
1.8930E-02  1.0013E+03  1.0009E+03  3.6635E-01
1.8934E-02  9.1175E+00  8.7512E+00  3.6635E-01
1.8937E-02  9.0941E+00  8.7278E+00  3.6635E-01
1.8941E-02  9.1097E+00  8.7434E+00  3.6635E-01
1.8945E-02  9.0837E+00  8.7174E+00  3.6635E-01
1.8949E-02  9.0801E+00  8.7137E+00  3.6635E-01
1.8953E-02  9.0951E+00  8.7288E+00  3.6635E-01
1.8956E-02  4.7603E+01  4.7237E+01  3.6635E-01
1.8960E-02  9.0806E+00  8.7143E+00  3.6635E-01
1.8964E-02  1.7040E+01  1.6673E+01  3.6635E-01
1.8967E-02  9.1038E+00  8.7375E+00  3.6635E-01
1.8971E-02  9.0600E+00  8.6937E+00  3.6635E-01
1.8975E-02  9.0481E+00  8.6817E+00  3.6635E-01
1.8979E-02  9.0467E+00  8.6804E+00  3.6635E-01
1.8982E-02  6.8974E+01  6.8608E+01  3.6635E-01
1.8986E-02  9.3763E+00  9.0099E+00  3.6635E-01
1.8990E-02  9.2002E+00  8.8338E+00  3.6635E-01
1.8994E-02  9.0241E+00  8.6577E+00  3.6635E-01
1.8998E-02  9.0201E+00  8.6538E+00  3.6635E-01
1.9001E-02  9.0147E+00  8.6484E+00  3.6635E-01
1.9005E-02  9.0106E+00  8.6443E+00  3.6635E-01
1.9009E-02  9.0061E+00  8.6398E+00  3.6635E-01
1.9013E-02  9.0417E+00  8.6754E+00  3.6635E-01
1.9016E-02  9.0022E+00  8.6359E+00  3.6635E-01
1.9020E-02  8.9927E+00  8.6263E+00  3.6635E-01
1.9024E-02  8.9884E+00  8.6220E+00  3.6635E-01
1.9028E-02  8.9845E+00  8.6181E+00  3.6635E-01
1.9031E-02  8.9799E+00  8.6135E+00  3.6635E-01
1.9035E-02  8.9759E+00  8.6095E+00  3.6635E-01
1.9039E-02  8.9724E+00  8.6061E+00  3.6635E-01
1.9043E-02  8.9747E+00  8.6084E+00  3.6635E-01
1.9046E-02  9.0181E+00  8.6518E+00  3.6635E-01
1.9050E-02  9.2227E+00  8.8563E+00  3.6635E-01
1.9054E-02  8.9679E+00  8.6016E+00  3.6635E-01
1.9058E-02  8.9914E+00  8.6250E+00  3.6635E-01
1.9061E-02  9.0986E+00  8.7323E+00  3.6635E-01
1.9065E-02  8.9521E+00  8.5857E+00  3.6635E-01
1.9069E-02  8.9586E+00  8.5922E+00  3.6635E-01
1.9072E-02  8.9420E+00  8.5756E+00  3.6635E-01
1.9076E-02  8.9289E+00  8.5626E+00  3.6635E-01
1.9080E-02  8.9311E+00  8.5647E+00  3.6635E-01
1.9084E-02  8.9189E+00  8.5525E+00  3.6635E-01
1.9088E-02  8.9162E+00  8.5498E+00  3.6635E-01
1.9091E-02  8.9106E+00  8.5443E+00  3.6635E-01
1.9095E-02  8.9059E+00  8.5396E+00  3.6635E-01
1.9099E-02  8.9250E+00  8.5587E+00  3.6635E-01
1.9102E-02  8.8998E+00  8.5334E+00  3.6635E-01
1.9106E-02  8.9831E+00  8.6168E+00  3.6635E-01
1.9110E-02  8.8881E+00  8.5217E+00  3.6635E-01
1.9114E-02  8.8855E+00  8.5192E+00  3.6635E-01
1.9117E-02  8.8796E+00  8.5133E+00  3.6635E-01
1.9121E-02  8.8751E+00  8.5088E+00  3.6635E-01
1.9125E-02  8.8708E+00  8.5045E+00  3.6635E-01
1.9129E-02  8.8665E+00  8.5002E+00  3.6635E-01
1.9133E-02  8.8621E+00  8.4958E+00  3.6635E-01
1.9136E-02  8.8578E+00  8.4915E+00  3.6635E-01
1.9140E-02  8.8536E+00  8.4872E+00  3.6635E-01
1.9144E-02  8.8494E+00  8.4830E+00  3.6635E-01
1.9148E-02  8.8501E+00  8.4837E+00  3.6635E-01
1.9151E-02  8.8478E+00  8.4815E+00  3.6635E-01
1.9155E-02  8.9321E+00  8.5658E+00  3.6635E-01
1.9159E-02  8.8619E+00  8.4956E+00  3.6635E-01
1.9163E-02  8.8314E+00  8.4651E+00  3.6635E-01
1.9166E-02  8.8235E+00  8.4572E+00  3.6635E-01
1.9170E-02  8.8224E+00  8.4560E+00  3.6635E-01
1.9174E-02  8.8156E+00  8.4492E+00  3.6635E-01
1.9178E-02  8.8123E+00  8.4460E+00  3.6635E-01
1.9181E-02  8.8162E+00  8.4499E+00  3.6635E-01
1.9185E-02  8.8061E+00  8.4398E+00  3.6635E-01
1.9189E-02  8.7987E+00  8.4324E+00  3.6635E-01
1.9193E-02  8.7945E+00  8.4282E+00  3.6635E-01
1.9196E-02  8.7901E+00  8.4237E+00  3.6635E-01
1.9200E-02  8.7861E+00  8.4198E+00  3.6635E-01
1.9204E-02  8.7821E+00  8.4157E+00  3.6635E-01
1.9207E-02  8.7784E+00  8.4121E+00  3.6635E-01
1.9211E-02  1.9584E+01  1.9217E+01  3.6635E-01
1.9215E-02  8.7709E+00  8.4045E+00  3.6635E-01
1.9219E-02  1.6084E+01  1.5717E+01  3.6635E-01
1.9223E-02  8.7645E+00  8.3981E+00  3.6635E-01
1.9226E-02  8.7588E+00  8.3924E+00  3.6635E-01
1.9230E-02  2.8500E+01  2.8134E+01  3.6635E-01
1.9234E-02  8.7491E+00  8.3827E+00  3.6635E-01
1.9237E-02  8.7434E+00  8.3770E+00  3.6635E-01
1.9241E-02  8.7390E+00  8.3727E+00  3.6635E-01
1.9245E-02  8.7432E+00  8.3768E+00  3.6635E-01
1.9249E-02  8.7317E+00  8.3653E+00  3.6635E-01
1.9253E-02  8.7392E+00  8.3728E+00  3.6635E-01
1.9256E-02  8.7246E+00  8.3582E+00  3.6635E-01
1.9260E-02  8.7475E+00  8.3811E+00  3.6635E-01
1.9264E-02  8.7974E+00  8.4310E+00  3.6635E-01
1.9267E-02  8.9136E+00  8.5473E+00  3.6635E-01
1.9271E-02  8.7073E+00  8.3409E+00  3.6635E-01
1.9275E-02  8.7024E+00  8.3360E+00  3.6635E-01
1.9279E-02  8.6977E+00  8.3314E+00  3.6635E-01
1.9283E-02  8.6938E+00  8.3275E+00  3.6635E-01
1.9286E-02  8.6903E+00  8.3239E+00  3.6635E-01
1.9290E-02  8.6869E+00  8.3205E+00  3.6635E-01
1.9294E-02  8.6847E+00  8.3184E+00  3.6635E-01
1.9298E-02  8.6862E+00  8.3198E+00  3.6635E-01
1.9301E-02  8.7187E+00  8.3524E+00  3.6635E-01
1.9305E-02  1.5102E+02  1.5066E+02  3.6635E-01
1.9309E-02  8.7656E+00  8.3993E+00  3.6635E-01
1.9312E-02  8.6914E+00  8.3250E+00  3.6635E-01
1.9316E-02  4.3828E+02  4.3791E+02  3.6635E-01
1.9320E-02  1.0638E+01  1.0272E+01  3.6635E-01
1.9324E-02  9.6249E+00  9.2586E+00  3.6635E-01
1.9328E-02  8.6476E+00  8.2813E+00  3.6635E-01
1.9331E-02  8.6412E+00  8.2748E+00  3.6635E-01
1.9335E-02  8.6357E+00  8.2693E+00  3.6635E-01
1.9339E-02  8.6310E+00  8.2647E+00  3.6635E-01
1.9342E-02  8.6266E+00  8.2602E+00  3.6635E-01
1.9346E-02  8.6227E+00  8.2564E+00  3.6635E-01
1.9350E-02  8.6214E+00  8.2550E+00  3.6635E-01
1.9354E-02  8.6138E+00  8.2475E+00  3.6635E-01
1.9357E-02  8.6125E+00  8.2462E+00  3.6635E-01
1.9361E-02  8.6058E+00  8.2394E+00  3.6635E-01
1.9365E-02  8.6378E+00  8.2714E+00  3.6635E-01
1.9369E-02  8.5970E+00  8.2307E+00  3.6635E-01
1.9373E-02  8.5928E+00  8.2265E+00  3.6635E-01
1.9376E-02  8.6131E+00  8.2467E+00  3.6635E-01
1.9380E-02  8.5868E+00  8.2204E+00  3.6635E-01
1.9384E-02  8.5806E+00  8.2143E+00  3.6635E-01
1.9388E-02  8.5763E+00  8.2099E+00  3.6635E-01
1.9391E-02  8.5726E+00  8.2062E+00  3.6635E-01
1.9395E-02  8.5798E+00  8.2134E+00  3.6635E-01
1.9399E-02  8.5641E+00  8.1978E+00  3.6635E-01
1.9402E-02  8.5648E+00  8.1984E+00  3.6635E-01
1.9406E-02  8.5558E+00  8.1894E+00  3.6635E-01
1.9410E-02  8.5528E+00  8.1865E+00  3.6635E-01
1.9414E-02  8.5475E+00  8.1811E+00  3.6635E-01
1.9418E-02  8.5470E+00  8.1807E+00  3.6635E-01
1.9421E-02  8.5457E+00  8.1793E+00  3.6635E-01
1.9425E-02  8.6054E+00  8.2390E+00  3.6635E-01
1.9429E-02  8.5341E+00  8.1677E+00  3.6635E-01
1.9433E-02  8.5406E+00  8.1742E+00  3.6635E-01
1.9436E-02  8.5231E+00  8.1567E+00  3.6635E-01
1.9440E-02  8.5187E+00  8.1524E+00  3.6635E-01
1.9444E-02  8.5151E+00  8.1487E+00  3.6635E-01
1.9447E-02  8.5106E+00  8.1442E+00  3.6635E-01
1.9451E-02  8.6791E+00  8.3128E+00  3.6635E-01
1.9455E-02  8.5026E+00  8.1363E+00  3.6635E-01
1.9459E-02  8.4984E+00  8.1321E+00  3.6635E-01
1.9463E-02  8.5004E+00  8.1341E+00  3.6635E-01
1.9466E-02  8.4904E+00  8.1241E+00  3.6635E-01
1.9470E-02  8.4863E+00  8.1199E+00  3.6635E-01
1.9474E-02  8.4836E+00  8.1173E+00  3.6635E-01
1.9477E-02  8.5212E+00  8.1549E+00  3.6635E-01
1.9481E-02  8.4979E+00  8.1315E+00  3.6635E-01
1.9485E-02  8.5107E+00  8.1443E+00  3.6635E-01
1.9489E-02  8.4697E+00  8.1033E+00  3.6635E-01
1.9492E-02  8.4652E+00  8.0988E+00  3.6635E-01
1.9496E-02  8.4577E+00  8.0914E+00  3.6635E-01
1.9500E-02  8.4537E+00  8.0873E+00  3.6635E-01
1.9504E-02  8.4502E+00  8.0838E+00  3.6635E-01
1.9508E-02  8.4456E+00  8.0792E+00  3.6635E-01
1.9511E-02  8.4649E+00  8.0985E+00  3.6635E-01
1.9515E-02  8.4378E+00  8.0714E+00  3.6635E-01
1.9519E-02  8.6335E+00  8.2672E+00  3.6635E-01
1.9523E-02  8.4297E+00  8.0633E+00  3.6635E-01
1.9526E-02  8.4262E+00  8.0598E+00  3.6635E-01
1.9530E-02  8.4217E+00  8.0553E+00  3.6635E-01
1.9534E-02  8.4309E+00  8.0645E+00  3.6635E-01
1.9537E-02  8.4587E+00  8.0923E+00  3.6635E-01
1.9541E-02  8.4094E+00  8.0430E+00  3.6635E-01
1.9545E-02  8.4053E+00  8.0390E+00  3.6635E-01
1.9549E-02  8.4012E+00  8.0349E+00  3.6635E-01
1.9553E-02  8.3972E+00  8.0308E+00  3.6635E-01
1.9556E-02  8.3932E+00  8.0268E+00  3.6635E-01
1.9560E-02  8.3896E+00  8.0233E+00  3.6635E-01
1.9564E-02  8.4728E+00  8.1064E+00  3.6635E-01
1.9568E-02  8.3814E+00  8.0150E+00  3.6635E-01
1.9571E-02  8.3961E+00  8.0297E+00  3.6635E-01
1.9575E-02  8.3739E+00  8.0075E+00  3.6635E-01
1.9579E-02  8.3695E+00  8.0031E+00  3.6635E-01
1.9582E-02  8.3652E+00  7.9988E+00  3.6635E-01
1.9586E-02  8.4093E+00  8.0429E+00  3.6635E-01
1.9590E-02  8.3575E+00  7.9912E+00  3.6635E-01
1.9594E-02  8.3662E+00  7.9999E+00  3.6635E-01
1.9598E-02  8.3495E+00  7.9831E+00  3.6635E-01
1.9601E-02  8.3539E+00  7.9876E+00  3.6635E-01
1.9605E-02  8.3412E+00  7.9748E+00  3.6635E-01
1.9609E-02  8.3372E+00  7.9708E+00  3.6635E-01
1.9612E-02  8.3357E+00  7.9693E+00  3.6635E-01
1.9616E-02  8.3293E+00  7.9629E+00  3.6635E-01
1.9620E-02  8.4735E+00  8.1071E+00  3.6635E-01
1.9624E-02  8.3213E+00  7.9550E+00  3.6635E-01
1.9628E-02  8.3173E+00  7.9510E+00  3.6635E-01
1.9631E-02  8.3133E+00  7.9469E+00  3.6635E-01
1.9635E-02  8.3095E+00  7.9432E+00  3.6635E-01
1.9639E-02  8.3055E+00  7.9391E+00  3.6635E-01
1.9643E-02  8.3014E+00  7.9350E+00  3.6635E-01
1.9646E-02  8.2974E+00  7.9311E+00  3.6635E-01
1.9650E-02  8.3123E+00  7.9459E+00  3.6635E-01
1.9654E-02  8.2895E+00  7.9232E+00  3.6635E-01
1.9658E-02  8.2856E+00  7.9192E+00  3.6635E-01
1.9661E-02  8.2821E+00  7.9157E+00  3.6635E-01
1.9665E-02  8.2779E+00  7.9116E+00  3.6635E-01
1.9669E-02  8.2756E+00  7.9092E+00  3.6635E-01
1.9672E-02  8.2805E+00  7.9141E+00  3.6635E-01
1.9676E-02  8.2673E+00  7.9010E+00  3.6635E-01
1.9680E-02  8.2708E+00  7.9044E+00  3.6635E-01
1.9684E-02  8.2580E+00  7.8916E+00  3.6635E-01
1.9688E-02  8.2542E+00  7.8878E+00  3.6635E-01
1.9691E-02  8.2504E+00  7.8840E+00  3.6635E-01
1.9695E-02  8.2468E+00  7.8805E+00  3.6635E-01
1.9699E-02  8.2620E+00  7.8956E+00  3.6635E-01
1.9703E-02  8.3245E+00  7.9581E+00  3.6635E-01
1.9706E-02  8.2346E+00  7.8683E+00  3.6635E-01
1.9710E-02  8.2850E+00  7.9187E+00  3.6635E-01
1.9714E-02  8.2289E+00  7.8625E+00  3.6635E-01
1.9717E-02  8.2226E+00  7.8562E+00  3.6635E-01
1.9721E-02  8.2237E+00  7.8573E+00  3.6635E-01
1.9725E-02  8.2197E+00  7.8534E+00  3.6635E-01
1.9729E-02  8.2110E+00  7.8446E+00  3.6635E-01
1.9733E-02  8.2089E+00  7.8426E+00  3.6635E-01
1.9736E-02  8.2321E+00  7.8657E+00  3.6635E-01
1.9740E-02  8.1994E+00  7.8330E+00  3.6635E-01
1.9744E-02  8.1960E+00  7.8296E+00  3.6635E-01
1.9747E-02  8.1912E+00  7.8249E+00  3.6635E-01
1.9751E-02  8.2528E+00  7.8864E+00  3.6635E-01
1.9755E-02  8.1835E+00  7.8171E+00  3.6635E-01
1.9759E-02  8.1808E+00  7.8145E+00  3.6635E-01
1.9763E-02  8.1803E+00  7.8140E+00  3.6635E-01
1.9766E-02  8.1718E+00  7.8054E+00  3.6635E-01
1.9770E-02  8.1800E+00  7.8136E+00  3.6635E-01
1.9774E-02  8.1641E+00  7.7977E+00  3.6635E-01
1.9777E-02  8.1600E+00  7.7937E+00  3.6635E-01
1.9781E-02  8.1965E+00  7.8301E+00  3.6635E-01
1.9785E-02  8.1523E+00  7.7859E+00  3.6635E-01
1.9789E-02  8.1484E+00  7.7820E+00  3.6635E-01
1.9793E-02  8.1445E+00  7.7781E+00  3.6635E-01
1.9796E-02  8.1407E+00  7.7743E+00  3.6635E-01
1.9800E-02  8.1367E+00  7.7704E+00  3.6635E-01
1.9804E-02  8.1335E+00  7.7671E+00  3.6635E-01
1.9808E-02  8.1294E+00  7.7630E+00  3.6635E-01
1.9811E-02  8.1253E+00  7.7589E+00  3.6635E-01
1.9815E-02  8.1215E+00  7.7551E+00  3.6635E-01
1.9819E-02  8.1586E+00  7.7923E+00  3.6635E-01
1.9822E-02  8.1138E+00  7.7475E+00  3.6635E-01
1.9826E-02  8.1102E+00  7.7438E+00  3.6635E-01
1.9830E-02  8.1129E+00  7.7465E+00  3.6635E-01
1.9834E-02  8.1088E+00  7.7425E+00  3.6635E-01
1.9838E-02  8.1099E+00  7.7436E+00  3.6635E-01
1.9841E-02  8.0980E+00  7.7316E+00  3.6635E-01
1.9845E-02  8.0950E+00  7.7286E+00  3.6635E-01
1.9849E-02  8.0871E+00  7.7208E+00  3.6635E-01
1.9852E-02  8.0831E+00  7.7167E+00  3.6635E-01
1.9856E-02  8.0793E+00  7.7129E+00  3.6635E-01
1.9860E-02  8.0757E+00  7.7093E+00  3.6635E-01
1.9864E-02  8.0723E+00  7.7060E+00  3.6635E-01
1.9867E-02  8.0728E+00  7.7064E+00  3.6635E-01
1.9871E-02  8.0772E+00  7.7108E+00  3.6635E-01
1.9875E-02  8.0719E+00  7.7056E+00  3.6635E-01
1.9879E-02  8.1472E+00  7.7808E+00  3.6635E-01
1.9883E-02  8.0534E+00  7.6870E+00  3.6635E-01
1.9886E-02  8.0497E+00  7.6833E+00  3.6635E-01
1.9890E-02  8.0475E+00  7.6811E+00  3.6635E-01
1.9894E-02  8.0718E+00  7.7055E+00  3.6635E-01
1.9898E-02  8.0419E+00  7.6755E+00  3.6635E-01
1.9901E-02  8.0535E+00  7.6872E+00  3.6635E-01
1.9905E-02  8.0731E+00  7.7067E+00  3.6635E-01
1.9909E-02  8.0308E+00  7.6645E+00  3.6635E-01
1.9912E-02  8.0281E+00  7.6617E+00  3.6635E-01
1.9916E-02  8.0277E+00  7.6613E+00  3.6635E-01
1.9920E-02  8.1718E+00  7.8055E+00  3.6635E-01
1.9924E-02  8.0623E+00  7.6960E+00  3.6635E-01
1.9928E-02  8.0718E+00  7.7054E+00  3.6635E-01
1.9931E-02  8.3001E+00  7.9338E+00  3.6635E-01
1.9935E-02  1.0093E+03  1.0089E+03  3.6635E-01
1.9939E-02  8.1516E+00  7.7853E+00  3.6635E-01
1.9943E-02  8.0397E+00  7.6734E+00  3.6635E-01
1.9946E-02  8.0513E+00  7.6850E+00  3.6635E-01
1.9950E-02  8.0116E+00  7.6452E+00  3.6635E-01
1.9954E-02  8.0216E+00  7.6552E+00  3.6635E-01
1.9957E-02  8.1175E+00  7.7511E+00  3.6635E-01
1.9961E-02  1.2262E+03  1.2258E+03  3.6635E-01
1.9965E-02  8.0518E+00  7.6854E+00  3.6635E-01
1.9969E-02  7.9951E+00  7.6287E+00  3.6635E-01
1.9973E-02  7.9985E+00  7.6322E+00  3.6635E-01
1.9976E-02  1.7624E+03  1.7620E+03  3.6635E-01
1.9980E-02  7.9935E+00  7.6272E+00  3.6635E-01
1.9984E-02  7.9618E+00  7.5954E+00  3.6635E-01
1.9987E-02  7.9726E+00  7.6062E+00  3.6635E-01
1.9991E-02  7.9461E+00  7.5797E+00  3.6635E-01
1.9995E-02  7.9413E+00  7.5749E+00  3.6635E-01
1.9999E-02  7.9371E+00  7.5707E+00  3.6635E-01
2.0003E-02  7.9329E+00  7.5666E+00  3.6635E-01
2.0006E-02  7.9592E+00  7.5929E+00  3.6635E-01
2.0010E-02  7.9263E+00  7.5599E+00  3.6635E-01
2.0014E-02  7.9296E+00  7.5632E+00  3.6635E-01
2.0018E-02  7.9189E+00  7.5525E+00  3.6635E-01
2.0021E-02  7.9173E+00  7.5509E+00  3.6635E-01
2.0025E-02  7.9312E+00  7.5649E+00  3.6635E-01
2.0029E-02  8.0047E+00  7.6384E+00  3.6635E-01
2.0033E-02  7.9097E+00  7.5433E+00  3.6635E-01
2.0036E-02  7.9124E+00  7.5461E+00  3.6635E-01
2.0040E-02  7.9018E+00  7.5354E+00  3.6635E-01
2.0044E-02  7.9010E+00  7.5346E+00  3.6635E-01
2.0047E-02  7.9030E+00  7.5366E+00  3.6635E-01
2.0051E-02  7.9228E+00  7.5564E+00  3.6635E-01
2.0055E-02  7.9423E+00  7.5760E+00  3.6635E-01
2.0059E-02  8.0380E+00  7.6716E+00  3.6635E-01
2.0063E-02  9.5060E+00  9.1397E+00  3.6635E-01
2.0066E-02  9.3550E+00  8.9886E+00  3.6635E-01
2.0070E-02  8.0326E+00  7.6662E+00  3.6635E-01
2.0074E-02  7.9244E+00  7.5580E+00  3.6635E-01
2.0078E-02  7.8856E+00  7.5193E+00  3.6635E-01
2.0081E-02  7.8886E+00  7.5223E+00  3.6635E-01
2.0085E-02  7.8616E+00  7.4952E+00  3.6635E-01
2.0089E-02  7.8711E+00  7.5047E+00  3.6635E-01
2.0092E-02  7.9197E+00  7.5533E+00  3.6635E-01
2.0096E-02  7.8480E+00  7.4816E+00  3.6635E-01
2.0100E-02  7.8497E+00  7.4834E+00  3.6635E-01
2.0104E-02  7.8606E+00  7.4943E+00  3.6635E-01
2.0108E-02  7.9321E+00  7.5658E+00  3.6635E-01
2.0111E-02  4.0300E+03  4.0297E+03  3.6635E-01
2.0115E-02  7.9985E+00  7.6322E+00  3.6635E-01
2.0119E-02  7.8539E+00  7.4876E+00  3.6635E-01
2.0122E-02  7.8266E+00  7.4603E+00  3.6635E-01
2.0126E-02  7.8155E+00  7.4491E+00  3.6635E-01
2.0130E-02  7.8083E+00  7.4420E+00  3.6635E-01
2.0134E-02  7.8027E+00  7.4363E+00  3.6635E-01
2.0138E-02  7.7982E+00  7.4319E+00  3.6635E-01
2.0141E-02  7.7938E+00  7.4274E+00  3.6635E-01
2.0145E-02  7.7933E+00  7.4269E+00  3.6635E-01
2.0149E-02  7.9635E+00  7.5971E+00  3.6635E-01
2.0153E-02  7.7813E+00  7.4149E+00  3.6635E-01
2.0156E-02  7.7978E+00  7.4314E+00  3.6635E-01
2.0160E-02  7.7910E+00  7.4247E+00  3.6635E-01
2.0164E-02  7.7706E+00  7.4042E+00  3.6635E-01
2.0168E-02  7.7657E+00  7.3993E+00  3.6635E-01
2.0171E-02  7.7638E+00  7.3975E+00  3.6635E-01
2.0175E-02  7.7582E+00  7.3918E+00  3.6635E-01
2.0179E-02  7.7562E+00  7.3899E+00  3.6635E-01
2.0182E-02  7.7550E+00  7.3886E+00  3.6635E-01
2.0186E-02  7.7465E+00  7.3802E+00  3.6635E-01
2.0190E-02  7.7425E+00  7.3762E+00  3.6635E-01
2.0194E-02  7.7388E+00  7.3725E+00  3.6635E-01
2.0198E-02  7.7385E+00  7.3721E+00  3.6635E-01
2.0201E-02  7.7316E+00  7.3653E+00  3.6635E-01
2.0205E-02  7.7276E+00  7.3612E+00  3.6635E-01
2.0209E-02  7.7241E+00  7.3578E+00  3.6635E-01
2.0213E-02  7.7211E+00  7.3548E+00  3.6635E-01
2.0216E-02  7.7165E+00  7.3502E+00  3.6635E-01
2.0220E-02  7.7151E+00  7.3487E+00  3.6635E-01
2.0224E-02  7.7242E+00  7.3578E+00  3.6635E-01
2.0227E-02  7.7202E+00  7.3539E+00  3.6635E-01
2.0231E-02  7.7019E+00  7.3356E+00  3.6635E-01
2.0235E-02  7.6988E+00  7.3324E+00  3.6635E-01
2.0239E-02  7.6978E+00  7.3314E+00  3.6635E-01
2.0243E-02  7.6968E+00  7.3304E+00  3.6635E-01
2.0246E-02  1.6128E+01  1.5761E+01  3.6635E-01
2.0250E-02  7.6942E+00  7.3278E+00  3.6635E-01
2.0254E-02  7.6832E+00  7.3168E+00  3.6635E-01
2.0258E-02  7.6771E+00  7.3107E+00  3.6635E-01
2.0261E-02  7.6736E+00  7.3073E+00  3.6635E-01
2.0265E-02  7.6711E+00  7.3047E+00  3.6635E-01
2.0269E-02  7.6738E+00  7.3074E+00  3.6635E-01
2.0273E-02  1.4905E+01  1.4538E+01  3.6635E-01
2.0276E-02  7.6929E+00  7.3266E+00  3.6635E-01
2.0280E-02  7.6579E+00  7.2916E+00  3.6635E-01
2.0284E-02  7.6515E+00  7.2852E+00  3.6635E-01
2.0287E-02  7.6954E+00  7.3291E+00  3.6635E-01
2.0291E-02  7.6430E+00  7.2766E+00  3.6635E-01
2.0295E-02  7.6392E+00  7.2728E+00  3.6635E-01
2.0299E-02  7.6354E+00  7.2690E+00  3.6635E-01
2.0303E-02  7.6317E+00  7.2653E+00  3.6635E-01
2.0306E-02  7.6332E+00  7.2668E+00  3.6635E-01
2.0310E-02  7.6293E+00  7.2630E+00  3.6635E-01
2.0314E-02  7.6218E+00  7.2555E+00  3.6635E-01
2.0317E-02  7.6177E+00  7.2514E+00  3.6635E-01
2.0321E-02  7.6497E+00  7.2833E+00  3.6635E-01
2.0325E-02  7.6096E+00  7.2432E+00  3.6635E-01
2.0329E-02  7.6311E+00  7.2648E+00  3.6635E-01
2.0332E-02  7.6050E+00  7.2386E+00  3.6635E-01
2.0336E-02  7.5984E+00  7.2321E+00  3.6635E-01
2.0340E-02  7.5947E+00  7.2283E+00  3.6635E-01
2.0344E-02  7.5919E+00  7.2255E+00  3.6635E-01
2.0348E-02  7.5872E+00  7.2209E+00  3.6635E-01
2.0351E-02  7.5836E+00  7.2172E+00  3.6635E-01
2.0355E-02  7.5815E+00  7.2151E+00  3.6635E-01
2.0359E-02  7.5770E+00  7.2106E+00  3.6635E-01
2.0362E-02  7.5727E+00  7.2063E+00  3.6635E-01
2.0366E-02  7.5698E+00  7.2034E+00  3.6635E-01
2.0370E-02  7.7484E+00  7.3820E+00  3.6635E-01
2.0374E-02  7.5617E+00  7.1954E+00  3.6635E-01
2.0378E-02  7.5580E+00  7.1917E+00  3.6635E-01
2.0381E-02  7.5544E+00  7.1881E+00  3.6635E-01
2.0385E-02  7.5508E+00  7.1844E+00  3.6635E-01
2.0389E-02  7.5472E+00  7.1808E+00  3.6635E-01
2.0393E-02  7.5436E+00  7.1772E+00  3.6635E-01
2.0396E-02  7.5402E+00  7.1739E+00  3.6635E-01
2.0400E-02  7.5363E+00  7.1700E+00  3.6635E-01
2.0404E-02  7.5327E+00  7.1664E+00  3.6635E-01
2.0408E-02  7.5395E+00  7.1731E+00  3.6635E-01
2.0411E-02  7.5257E+00  7.1593E+00  3.6635E-01
2.0415E-02  7.5512E+00  7.1848E+00  3.6635E-01
2.0419E-02  7.5324E+00  7.1660E+00  3.6635E-01
2.0422E-02  7.5265E+00  7.1602E+00  3.6635E-01
2.0426E-02  7.6403E+00  7.2740E+00  3.6635E-01
2.0430E-02  7.5784E+00  7.2120E+00  3.6635E-01
2.0434E-02  7.5042E+00  7.1378E+00  3.6635E-01
2.0438E-02  7.5001E+00  7.1337E+00  3.6635E-01
2.0441E-02  7.4966E+00  7.1303E+00  3.6635E-01
2.0445E-02  7.4930E+00  7.1266E+00  3.6635E-01
2.0449E-02  7.4895E+00  7.1232E+00  3.6635E-01
2.0452E-02  7.4859E+00  7.1195E+00  3.6635E-01
2.0456E-02  7.5038E+00  7.1374E+00  3.6635E-01
2.0460E-02  7.4787E+00  7.1124E+00  3.6635E-01
2.0464E-02  7.4840E+00  7.1176E+00  3.6635E-01
2.0467E-02  7.4981E+00  7.1317E+00  3.6635E-01
2.0471E-02  7.4739E+00  7.1076E+00  3.6635E-01
2.0475E-02  1.7174E+02  1.7138E+02  3.6635E-01
2.0479E-02  7.4873E+00  7.1210E+00  3.6635E-01
2.0483E-02  7.4601E+00  7.0937E+00  3.6635E-01
2.0486E-02  7.4561E+00  7.0897E+00  3.6635E-01
2.0490E-02  7.4505E+00  7.0842E+00  3.6635E-01
2.0494E-02  7.4483E+00  7.0819E+00  3.6635E-01
2.0497E-02  7.8010E+00  7.4347E+00  3.6635E-01
2.0501E-02  7.4591E+00  7.0928E+00  3.6635E-01
2.0505E-02  7.4356E+00  7.0692E+00  3.6635E-01
2.0509E-02  7.4319E+00  7.0655E+00  3.6635E-01
2.0513E-02  7.4287E+00  7.0623E+00  3.6635E-01
2.0516E-02  7.4244E+00  7.0581E+00  3.6635E-01
2.0520E-02  7.4227E+00  7.0564E+00  3.6635E-01
2.0524E-02  7.4173E+00  7.0509E+00  3.6635E-01
2.0528E-02  7.4138E+00  7.0474E+00  3.6635E-01
2.0531E-02  7.4102E+00  7.0438E+00  3.6635E-01
2.0535E-02  7.4074E+00  7.0411E+00  3.6635E-01
2.0539E-02  7.4031E+00  7.0368E+00  3.6635E-01
2.0543E-02  7.4029E+00  7.0366E+00  3.6635E-01
2.0546E-02  7.3961E+00  7.0297E+00  3.6635E-01
2.0550E-02  7.3926E+00  7.0263E+00  3.6635E-01
2.0554E-02  7.3886E+00  7.0223E+00  3.6635E-01
2.0557E-02  7.3850E+00  7.0187E+00  3.6635E-01
2.0561E-02  7.3832E+00  7.0169E+00  3.6635E-01
2.0565E-02  7.3779E+00  7.0115E+00  3.6635E-01
2.0569E-02  7.3744E+00  7.0080E+00  3.6635E-01
2.0573E-02  7.3775E+00  7.0111E+00  3.6635E-01
2.0576E-02  7.4500E+00  7.0837E+00  3.6635E-01
2.0580E-02  7.3639E+00  6.9975E+00  3.6635E-01
2.0584E-02  7.3604E+00  6.9941E+00  3.6635E-01
2.0587E-02  1.2307E+01  1.1941E+01  3.6635E-01
2.0591E-02  7.3712E+00  7.0049E+00  3.6635E-01
2.0595E-02  7.3572E+00  6.9908E+00  3.6635E-01
2.0599E-02  7.3460E+00  6.9797E+00  3.6635E-01
2.0602E-02  7.3426E+00  6.9763E+00  3.6635E-01
2.0606E-02  8.2223E+00  7.8559E+00  3.6635E-01
2.0610E-02  7.3364E+00  6.9700E+00  3.6635E-01
2.0614E-02  7.3335E+00  6.9672E+00  3.6635E-01
2.0618E-02  7.3574E+00  6.9910E+00  3.6635E-01
2.0621E-02  7.3250E+00  6.9586E+00  3.6635E-01
2.0625E-02  7.3215E+00  6.9552E+00  3.6635E-01
2.0629E-02  7.3192E+00  6.9529E+00  3.6635E-01
2.0633E-02  7.3209E+00  6.9545E+00  3.6635E-01
2.0636E-02  5.9843E+01  5.9476E+01  3.6635E-01
2.0640E-02  7.3290E+00  6.9627E+00  3.6635E-01
2.0644E-02  7.5203E+00  7.1540E+00  3.6635E-01
2.0648E-02  8.0232E+00  7.6569E+00  3.6635E-01
2.0651E-02  5.0346E+01  4.9980E+01  3.6635E-01
2.0655E-02  7.3043E+00  6.9379E+00  3.6635E-01
2.0659E-02  7.2923E+00  6.9259E+00  3.6635E-01
2.0663E-02  7.3375E+00  6.9712E+00  3.6635E-01
2.0666E-02  7.3748E+00  7.0085E+00  3.6635E-01
2.0670E-02  7.5948E+00  7.2285E+00  3.6635E-01
2.0674E-02  8.0558E+00  7.6895E+00  3.6635E-01
2.0678E-02  1.1197E+01  1.0830E+01  3.6635E-01
2.0681E-02  7.3194E+00  6.9531E+00  3.6635E-01
2.0685E-02  7.2684E+00  6.9020E+00  3.6635E-01
2.0689E-02  7.5103E+00  7.1440E+00  3.6635E-01
2.0692E-02  7.2970E+00  6.9307E+00  3.6635E-01
2.0696E-02  7.3547E+00  6.9884E+00  3.6635E-01
2.0700E-02  7.2507E+00  6.8843E+00  3.6635E-01
2.0704E-02  7.2470E+00  6.8807E+00  3.6635E-01
2.0708E-02  7.2435E+00  6.8772E+00  3.6635E-01
2.0711E-02  7.2412E+00  6.8748E+00  3.6635E-01
2.0715E-02  7.2371E+00  6.8707E+00  3.6635E-01
2.0719E-02  7.2329E+00  6.8666E+00  3.6635E-01
2.0723E-02  7.2332E+00  6.8668E+00  3.6635E-01
2.0726E-02  7.2259E+00  6.8596E+00  3.6635E-01
2.0730E-02  7.3197E+00  6.9533E+00  3.6635E-01
2.0734E-02  7.2211E+00  6.8548E+00  3.6635E-01
2.0737E-02  7.2160E+00  6.8497E+00  3.6635E-01
2.0741E-02  7.2121E+00  6.8457E+00  3.6635E-01
2.0745E-02  7.2167E+00  6.8504E+00  3.6635E-01
2.0749E-02  7.2453E+00  6.8789E+00  3.6635E-01
2.0753E-02  7.4201E+00  7.0537E+00  3.6635E-01
2.0756E-02  7.1985E+00  6.8321E+00  3.6635E-01
2.0760E-02  7.1956E+00  6.8293E+00  3.6635E-01
2.0764E-02  7.2152E+00  6.8488E+00  3.6635E-01
2.0768E-02  7.1881E+00  6.8218E+00  3.6635E-01
2.0771E-02  7.1862E+00  6.8199E+00  3.6635E-01
2.0775E-02  7.6939E+00  7.3275E+00  3.6635E-01
2.0779E-02  7.1809E+00  6.8145E+00  3.6635E-01
2.0783E-02  7.1784E+00  6.8120E+00  3.6635E-01
2.0786E-02  7.1719E+00  6.8055E+00  3.6635E-01
2.0790E-02  7.1681E+00  6.8018E+00  3.6635E-01
2.0794E-02  8.0594E+00  7.6931E+00  3.6635E-01
2.0798E-02  7.1618E+00  6.7954E+00  3.6635E-01
2.0801E-02  7.1582E+00  6.7919E+00  3.6635E-01
2.0805E-02  7.1577E+00  6.7913E+00  3.6635E-01
2.0809E-02  7.1530E+00  6.7866E+00  3.6635E-01
2.0813E-02  7.1995E+00  6.8331E+00  3.6635E-01
2.0816E-02  7.1488E+00  6.7825E+00  3.6635E-01
2.0820E-02  7.1660E+00  6.7997E+00  3.6635E-01
2.0824E-02  7.1394E+00  6.7731E+00  3.6635E-01
2.0827E-02  7.1363E+00  6.7699E+00  3.6635E-01
2.0831E-02  7.1339E+00  6.7676E+00  3.6635E-01
2.0835E-02  7.1322E+00  6.7658E+00  3.6635E-01
2.0839E-02  7.1403E+00  6.7739E+00  3.6635E-01
2.0842E-02  7.1283E+00  6.7619E+00  3.6635E-01
2.0846E-02  7.3773E+00  7.0109E+00  3.6635E-01
2.0850E-02  7.1289E+00  6.7626E+00  3.6635E-01
2.0854E-02  7.1319E+00  6.7656E+00  3.6635E-01
2.0858E-02  7.1400E+00  6.7736E+00  3.6635E-01
2.0861E-02  7.1726E+00  6.8063E+00  3.6635E-01
2.0865E-02  7.2006E+00  6.8342E+00  3.6635E-01
2.0869E-02  7.3370E+00  6.9706E+00  3.6635E-01
2.0872E-02  8.1953E+00  7.8289E+00  3.6635E-01
2.0876E-02  4.7023E+06  4.7023E+06  3.6635E-01
2.0880E-02  7.9754E+00  7.6091E+00  3.6635E-01
2.0884E-02  7.3180E+00  6.9516E+00  3.6635E-01
2.0887E-02  7.1856E+00  6.8193E+00  3.6635E-01
2.0891E-02  7.1372E+00  6.7709E+00  3.6635E-01
2.0895E-02  7.1103E+00  6.7439E+00  3.6635E-01
2.0899E-02  7.0937E+00  6.7273E+00  3.6635E-01
2.0903E-02  7.0854E+00  6.7191E+00  3.6635E-01
2.0906E-02  7.0881E+00  6.7217E+00  3.6635E-01
2.0910E-02  7.0672E+00  6.7008E+00  3.6635E-01
2.0914E-02  7.0617E+00  6.6953E+00  3.6635E-01
2.0918E-02  7.0832E+00  6.7169E+00  3.6635E-01
2.0921E-02  7.8965E+00  7.5301E+00  3.6635E-01
2.0925E-02  7.0564E+00  6.6900E+00  3.6635E-01
2.0929E-02  7.0432E+00  6.6769E+00  3.6635E-01
2.0932E-02  7.0399E+00  6.6736E+00  3.6635E-01
2.0936E-02  7.0345E+00  6.6682E+00  3.6635E-01
2.0940E-02  7.1315E+00  6.7651E+00  3.6635E-01
2.0944E-02  7.3681E+00  7.0018E+00  3.6635E-01
2.0948E-02  7.1229E+00  6.7566E+00  3.6635E-01
2.0951E-02  7.0561E+00  6.6897E+00  3.6635E-01
2.0955E-02  7.0197E+00  6.6533E+00  3.6635E-01
2.0959E-02  7.0199E+00  6.6536E+00  3.6635E-01
2.0962E-02  7.5331E+00  7.1667E+00  3.6635E-01
2.0966E-02  7.0095E+00  6.6432E+00  3.6635E-01
2.0970E-02  7.1340E+00  6.7676E+00  3.6635E-01
2.0974E-02  8.2688E+00  7.9025E+00  3.6635E-01
2.0977E-02  6.9967E+00  6.6304E+00  3.6635E-01
2.0981E-02  7.0409E+00  6.6746E+00  3.6635E-01
2.0985E-02  6.9922E+00  6.6259E+00  3.6635E-01
2.0989E-02  7.3840E+00  7.0176E+00  3.6635E-01
2.0993E-02  7.0312E+00  6.6649E+00  3.6635E-01
2.0996E-02  7.0036E+00  6.6372E+00  3.6635E-01
2.1000E-02  6.9736E+00  6.6073E+00  3.6635E-01
2.1004E-02  7.0657E+00  6.6994E+00  3.6635E-01
2.1008E-02  7.1903E+00  6.8240E+00  3.6635E-01
2.1011E-02  6.9627E+00  6.5964E+00  3.6635E-01
2.1015E-02  6.9594E+00  6.5931E+00  3.6635E-01
2.1019E-02  6.9558E+00  6.5895E+00  3.6635E-01
2.1023E-02  7.1224E+00  6.7561E+00  3.6635E-01
2.1026E-02  6.9509E+00  6.5845E+00  3.6635E-01
2.1030E-02  6.9490E+00  6.5827E+00  3.6635E-01
2.1034E-02  6.9425E+00  6.5761E+00  3.6635E-01
2.1038E-02  6.9390E+00  6.5727E+00  3.6635E-01
2.1041E-02  6.9358E+00  6.5695E+00  3.6635E-01
2.1045E-02  6.9328E+00  6.5664E+00  3.6635E-01
2.1049E-02  6.9295E+00  6.5632E+00  3.6635E-01
2.1053E-02  6.9260E+00  6.5597E+00  3.6635E-01
2.1056E-02  6.9237E+00  6.5573E+00  3.6635E-01
2.1060E-02  6.9296E+00  6.5633E+00  3.6635E-01
2.1064E-02  6.9228E+00  6.5564E+00  3.6635E-01
2.1067E-02  6.9219E+00  6.5555E+00  3.6635E-01
2.1071E-02  7.2742E+00  6.9079E+00  3.6635E-01
2.1075E-02  6.9403E+00  6.5739E+00  3.6635E-01
2.1079E-02  6.9061E+00  6.5398E+00  3.6635E-01
2.1083E-02  6.9003E+00  6.5340E+00  3.6635E-01
2.1086E-02  6.8970E+00  6.5307E+00  3.6635E-01
2.1090E-02  6.8921E+00  6.5258E+00  3.6635E-01
2.1094E-02  6.8891E+00  6.5227E+00  3.6635E-01
2.1097E-02  6.8854E+00  6.5190E+00  3.6635E-01
2.1101E-02  6.8901E+00  6.5237E+00  3.6635E-01
2.1105E-02  6.8857E+00  6.5193E+00  3.6635E-01
2.1109E-02  6.9167E+00  6.5504E+00  3.6635E-01
2.1112E-02  6.9598E+00  6.5934E+00  3.6635E-01
2.1116E-02  6.8730E+00  6.5066E+00  3.6635E-01
2.1120E-02  6.8872E+00  6.5208E+00  3.6635E-01
2.1124E-02  6.8690E+00  6.5027E+00  3.6635E-01
2.1128E-02  6.8733E+00  6.5070E+00  3.6635E-01
2.1131E-02  6.8944E+00  6.5280E+00  3.6635E-01
2.1135E-02  6.8571E+00  6.4907E+00  3.6635E-01
2.1139E-02  6.9831E+00  6.6167E+00  3.6635E-01
2.1143E-02  6.8754E+00  6.5091E+00  3.6635E-01
2.1146E-02  6.8633E+00  6.4969E+00  3.6635E-01
2.1150E-02  6.8626E+00  6.4962E+00  3.6635E-01
2.1154E-02  6.8448E+00  6.4784E+00  3.6635E-01
2.1158E-02  6.8802E+00  6.5138E+00  3.6635E-01
2.1161E-02  6.8789E+00  6.5125E+00  3.6635E-01
2.1165E-02  7.0283E+00  6.6620E+00  3.6635E-01
2.1169E-02  6.8911E+00  6.5247E+00  3.6635E-01
2.1173E-02  6.8626E+00  6.4963E+00  3.6636E-01
2.1176E-02  6.8255E+00  6.4591E+00  3.6636E-01
2.1180E-02  6.8293E+00  6.4629E+00  3.6636E-01
2.1184E-02  6.8251E+00  6.4588E+00  3.6636E-01
2.1188E-02  7.2407E+00  6.8744E+00  3.6636E-01
2.1191E-02  7.1304E+00  6.7641E+00  3.6636E-01
2.1195E-02  7.0617E+00  6.6954E+00  3.6636E-01
2.1199E-02  7.0506E+00  6.6842E+00  3.6636E-01
2.1202E-02  6.8537E+00  6.4874E+00  3.6636E-01
2.1206E-02  7.0227E+00  6.6564E+00  3.6636E-01
2.1210E-02  6.8098E+00  6.4434E+00  3.6636E-01
2.1214E-02  6.8047E+00  6.4383E+00  3.6636E-01
2.1218E-02  6.8721E+00  6.5057E+00  3.6636E-01
2.1221E-02  6.9555E+00  6.5891E+00  3.6636E-01
2.1225E-02  6.8259E+00  6.4595E+00  3.6636E-01
2.1229E-02  6.8186E+00  6.4522E+00  3.6636E-01
2.1232E-02  6.8707E+00  6.5043E+00  3.6636E-01
2.1236E-02  6.7795E+00  6.4131E+00  3.6636E-01
2.1240E-02  6.7745E+00  6.4081E+00  3.6636E-01
2.1244E-02  6.9160E+00  6.5496E+00  3.6636E-01
2.1247E-02  6.7902E+00  6.4238E+00  3.6636E-01
2.1251E-02  6.8245E+00  6.4582E+00  3.6636E-01
2.1255E-02  8.9956E+00  8.6293E+00  3.6636E-01
2.1259E-02  7.9244E+00  7.5581E+00  3.6636E-01
2.1263E-02  7.8038E+00  7.4374E+00  3.6636E-01
2.1266E-02  6.7584E+00  6.3920E+00  3.6636E-01
2.1270E-02  8.0382E+00  7.6719E+00  3.6636E-01
2.1274E-02  6.7713E+00  6.4049E+00  3.6636E-01
2.1278E-02  6.7537E+00  6.3874E+00  3.6636E-01
2.1281E-02  6.7757E+00  6.4093E+00  3.6636E-01
2.1285E-02  6.7726E+00  6.4063E+00  3.6636E-01
2.1289E-02  6.7422E+00  6.3758E+00  3.6636E-01
2.1293E-02  6.7421E+00  6.3757E+00  3.6636E-01
2.1296E-02  6.7425E+00  6.3761E+00  3.6636E-01
2.1300E-02  6.7502E+00  6.3838E+00  3.6636E-01
2.1304E-02  6.7570E+00  6.3907E+00  3.6636E-01
2.1308E-02  6.8394E+00  6.4731E+00  3.6636E-01
2.1311E-02  6.7826E+00  6.4163E+00  3.6636E-01
2.1315E-02  6.9245E+00  6.5582E+00  3.6636E-01
2.1319E-02  1.2238E+02  1.2201E+02  3.6636E-01
2.1323E-02  6.8400E+00  6.4737E+00  3.6636E-01
2.1326E-02  6.7736E+00  6.4072E+00  3.6636E-01
2.1330E-02  6.7658E+00  6.3995E+00  3.6636E-01
2.1334E-02  7.5378E+00  7.1715E+00  3.6636E-01
2.1337E-02  6.7861E+00  6.4198E+00  3.6636E-01
2.1341E-02  6.8721E+00  6.5058E+00  3.6636E-01
2.1345E-02  1.6549E+02  1.6513E+02  3.6636E-01
2.1349E-02  6.8470E+00  6.4807E+00  3.6636E-01
2.1352E-02  6.8503E+00  6.4840E+00  3.6636E-01
2.1356E-02  4.3958E+02  4.3921E+02  3.6636E-01
2.1360E-02  6.9194E+00  6.5530E+00  3.6636E-01
2.1364E-02  6.9132E+00  6.5469E+00  3.6636E-01
2.1367E-02  6.9563E+00  6.5899E+00  3.6636E-01
2.1371E-02  7.0231E+00  6.6568E+00  3.6636E-01
2.1375E-02  7.1185E+00  6.7521E+00  3.6636E-01
2.1379E-02  7.2596E+00  6.8932E+00  3.6636E-01
2.1383E-02  7.4771E+00  7.1108E+00  3.6636E-01
2.1386E-02  7.8345E+00  7.4682E+00  3.6636E-01
2.1390E-02  1.2155E+01  1.1789E+01  3.6636E-01
2.1394E-02  9.8269E+00  9.4605E+00  3.6636E-01
2.1397E-02  1.3430E+01  1.3064E+01  3.6636E-01
2.1401E-02  2.9881E+01  2.9514E+01  3.6636E-01
2.1405E-02  2.6864E+04  2.6863E+04  3.6636E-01
2.1409E-02  5.9442E+01  5.9076E+01  3.6636E-01
2.1413E-02  1.6794E+01  1.6427E+01  3.6636E-01
2.1416E-02  1.1263E+01  1.0897E+01  3.6636E-01
2.1420E-02  8.8681E+00  8.5018E+00  3.6636E-01
2.1424E-02  8.0139E+00  7.6475E+00  3.6636E-01
2.1428E-02  7.5733E+00  7.2069E+00  3.6636E-01
2.1431E-02  7.2978E+00  6.9314E+00  3.6636E-01
2.1435E-02  7.1169E+00  6.7505E+00  3.6636E-01
2.1439E-02  7.0131E+00  6.6467E+00  3.6636E-01
2.1442E-02  6.9127E+00  6.5463E+00  3.6636E-01
2.1446E-02  6.8484E+00  6.4821E+00  3.6636E-01
2.1450E-02  6.7993E+00  6.4330E+00  3.6636E-01
2.1454E-02  6.8302E+00  6.4638E+00  3.6636E-01
2.1458E-02  6.7292E+00  6.3629E+00  3.6636E-01
2.1461E-02  6.7283E+00  6.3619E+00  3.6636E-01
2.1465E-02  6.7028E+00  6.3364E+00  3.6636E-01
2.1469E-02  6.8293E+00  6.4629E+00  3.6636E-01
2.1472E-02  6.6611E+00  6.2947E+00  3.6636E-01
2.1476E-02  6.6334E+00  6.2671E+00  3.6636E-01
2.1480E-02  6.6220E+00  6.2556E+00  3.6636E-01
2.1484E-02  6.6100E+00  6.2437E+00  3.6636E-01
2.1487E-02  6.6227E+00  6.2563E+00  3.6636E-01
2.1491E-02  6.5909E+00  6.2246E+00  3.6636E-01
2.1495E-02  6.5829E+00  6.2165E+00  3.6636E-01
2.1499E-02  6.5749E+00  6.2085E+00  3.6636E-01
2.1503E-02  6.5676E+00  6.2013E+00  3.6636E-01
2.1506E-02  6.5616E+00  6.1952E+00  3.6636E-01
2.1510E-02  7.6844E+00  7.3181E+00  3.6636E-01
2.1514E-02  6.5537E+00  6.1873E+00  3.6636E-01
2.1518E-02  6.5502E+00  6.1839E+00  3.6636E-01
2.1521E-02  6.5848E+00  6.2185E+00  3.6636E-01
2.1525E-02  6.5335E+00  6.1671E+00  3.6636E-01
2.1529E-02  6.5340E+00  6.1676E+00  3.6636E-01
2.1532E-02  6.5404E+00  6.1741E+00  3.6636E-01
2.1536E-02  6.5202E+00  6.1538E+00  3.6636E-01
2.1540E-02  6.5457E+00  6.1793E+00  3.6636E-01
2.1544E-02  6.5125E+00  6.1461E+00  3.6636E-01
2.1548E-02  6.5205E+00  6.1542E+00  3.6636E-01
2.1551E-02  6.5064E+00  6.1401E+00  3.6636E-01
2.1555E-02  6.5043E+00  6.1380E+00  3.6636E-01
2.1559E-02  6.5149E+00  6.1485E+00  3.6636E-01
2.1563E-02  6.5071E+00  6.1408E+00  3.6636E-01
2.1566E-02  6.5090E+00  6.1427E+00  3.6636E-01
2.1570E-02  6.5156E+00  6.1492E+00  3.6636E-01
2.1574E-02  6.5191E+00  6.1527E+00  3.6636E-01
2.1577E-02  6.5330E+00  6.1667E+00  3.6636E-01
2.1581E-02  6.5652E+00  6.1988E+00  3.6636E-01
2.1585E-02  6.6389E+00  6.2725E+00  3.6636E-01
2.1589E-02  6.8314E+00  6.4651E+00  3.6636E-01
2.1593E-02  7.7027E+00  7.3363E+00  3.6636E-01
2.1596E-02  1.1203E+03  1.1199E+03  3.6636E-01
2.1600E-02  9.7583E+00  9.3919E+00  3.6636E-01
2.1604E-02  7.0441E+00  6.6777E+00  3.6636E-01
2.1607E-02  6.6989E+00  6.3325E+00  3.6636E-01
2.1611E-02  6.5629E+00  6.1966E+00  3.6636E-01
2.1615E-02  6.5093E+00  6.1429E+00  3.6636E-01
2.1619E-02  6.4812E+00  6.1149E+00  3.6636E-01
2.1622E-02  6.4616E+00  6.0952E+00  3.6636E-01
2.1626E-02  6.4463E+00  6.0799E+00  3.6636E-01
2.1630E-02  6.4359E+00  6.0696E+00  3.6636E-01
2.1634E-02  6.4510E+00  6.0847E+00  3.6636E-01
2.1638E-02  6.4207E+00  6.0543E+00  3.6636E-01
2.1641E-02  6.4143E+00  6.0479E+00  3.6636E-01
2.1645E-02  6.4088E+00  6.0425E+00  3.6636E-01
2.1649E-02  6.4136E+00  6.0472E+00  3.6636E-01
2.1653E-02  6.4163E+00  6.0500E+00  3.6636E-01
2.1656E-02  6.3945E+00  6.0281E+00  3.6636E-01
2.1660E-02  6.3916E+00  6.0253E+00  3.6636E-01
2.1664E-02  6.3989E+00  6.0325E+00  3.6636E-01
2.1667E-02  6.3837E+00  6.0174E+00  3.6636E-01
2.1671E-02  6.3776E+00  6.0112E+00  3.6636E-01
2.1675E-02  6.3733E+00  6.0070E+00  3.6636E-01
2.1679E-02  6.3883E+00  6.0220E+00  3.6636E-01
2.1683E-02  6.3656E+00  5.9993E+00  3.6636E-01
2.1686E-02  6.4956E+00  6.1292E+00  3.6636E-01
2.1690E-02  6.3586E+00  5.9922E+00  3.6636E-01
2.1694E-02  6.3545E+00  5.9882E+00  3.6636E-01
2.1698E-02  6.7757E+00  6.4093E+00  3.6636E-01
2.1701E-02  6.3473E+00  5.9809E+00  3.6636E-01
2.1705E-02  6.3440E+00  5.9776E+00  3.6636E-01
2.1709E-02  6.3650E+00  5.9987E+00  3.6636E-01
2.1712E-02  6.3397E+00  5.9734E+00  3.6636E-01
2.1716E-02  6.3331E+00  5.9668E+00  3.6636E-01
2.1720E-02  6.3298E+00  5.9635E+00  3.6636E-01
2.1724E-02  6.3410E+00  5.9747E+00  3.6636E-01
2.1728E-02  6.3224E+00  5.9561E+00  3.6636E-01
2.1731E-02  6.3190E+00  5.9526E+00  3.6636E-01
2.1735E-02  6.3160E+00  5.9497E+00  3.6636E-01
2.1739E-02  6.3120E+00  5.9457E+00  3.6636E-01
2.1742E-02  6.3086E+00  5.9422E+00  3.6636E-01
2.1746E-02  6.3055E+00  5.9392E+00  3.6636E-01
2.1750E-02  6.3024E+00  5.9360E+00  3.6636E-01
2.1754E-02  6.2996E+00  5.9332E+00  3.6636E-01
2.1758E-02  6.2967E+00  5.9303E+00  3.6636E-01
2.1761E-02  6.2922E+00  5.9258E+00  3.6636E-01
2.1765E-02  6.2881E+00  5.9217E+00  3.6636E-01
2.1769E-02  6.2847E+00  5.9183E+00  3.6636E-01
2.1773E-02  6.2814E+00  5.9151E+00  3.6636E-01
2.1776E-02  6.3314E+00  5.9651E+00  3.6636E-01
2.1780E-02  6.2747E+00  5.9083E+00  3.6636E-01
2.1784E-02  6.2717E+00  5.9053E+00  3.6636E-01
2.1788E-02  6.2680E+00  5.9016E+00  3.6636E-01
2.1791E-02  6.2670E+00  5.9007E+00  3.6636E-01
2.1795E-02  6.2668E+00  5.9004E+00  3.6636E-01
2.1799E-02  6.2588E+00  5.8924E+00  3.6636E-01
2.1802E-02  6.2577E+00  5.8913E+00  3.6636E-01
2.1806E-02  6.2526E+00  5.8863E+00  3.6636E-01
2.1810E-02  6.2494E+00  5.8831E+00  3.6635E-01
2.1814E-02  6.2498E+00  5.8835E+00  3.6635E-01
2.1818E-02  6.2437E+00  5.8774E+00  3.6635E-01
2.1821E-02  6.2767E+00  5.9103E+00  3.6635E-01
2.1825E-02  6.2698E+00  5.9035E+00  3.6635E-01
2.1829E-02  6.2644E+00  5.8980E+00  3.6635E-01
2.1833E-02  6.2316E+00  5.8652E+00  3.6635E-01
2.1836E-02  6.2259E+00  5.8596E+00  3.6635E-01
2.1840E-02  6.2225E+00  5.8562E+00  3.6635E-01
2.1844E-02  6.2634E+00  5.8971E+00  3.6635E-01
2.1847E-02  6.2159E+00  5.8495E+00  3.6635E-01
2.1851E-02  6.2126E+00  5.8462E+00  3.6635E-01
2.1855E-02  6.2111E+00  5.8447E+00  3.6635E-01
2.1859E-02  6.2068E+00  5.8404E+00  3.6635E-01
2.1862E-02  6.2031E+00  5.8367E+00  3.6635E-01
2.1866E-02  8.0809E+00  7.7146E+00  3.6635E-01
2.1870E-02  6.1972E+00  5.8308E+00  3.6635E-01
2.1874E-02  6.1935E+00  5.8271E+00  3.6635E-01
2.1878E-02  6.1920E+00  5.8256E+00  3.6635E-01
2.1881E-02  6.1872E+00  5.8209E+00  3.6635E-01
2.1885E-02  6.1843E+00  5.8179E+00  3.6635E-01
2.1889E-02  6.1829E+00  5.8166E+00  3.6635E-01
2.1893E-02  6.1777E+00  5.8113E+00  3.6635E-01
2.1896E-02  6.1749E+00  5.8085E+00  3.6635E-01
2.1900E-02  6.1738E+00  5.8075E+00  3.6635E-01
2.1904E-02  6.1683E+00  5.8020E+00  3.6635E-01
2.1907E-02  6.1674E+00  5.8011E+00  3.6635E-01
2.1911E-02  6.1622E+00  5.7958E+00  3.6635E-01
2.1915E-02  6.1590E+00  5.7927E+00  3.6635E-01
2.1919E-02  6.2087E+00  5.8423E+00  3.6635E-01
2.1923E-02  6.1531E+00  5.7868E+00  3.6635E-01
2.1926E-02  6.1499E+00  5.7835E+00  3.6635E-01
2.1930E-02  6.1468E+00  5.7804E+00  3.6635E-01
2.1934E-02  6.1449E+00  5.7786E+00  3.6635E-01
2.1938E-02  6.1651E+00  5.7987E+00  3.6635E-01
2.1941E-02  6.1379E+00  5.7715E+00  3.6635E-01
2.1945E-02  6.1343E+00  5.7680E+00  3.6635E-01
2.1949E-02  6.1312E+00  5.7649E+00  3.6635E-01
2.1952E-02  6.1282E+00  5.7619E+00  3.6635E-01
2.1956E-02  6.1252E+00  5.7588E+00  3.6635E-01
2.1960E-02  6.1222E+00  5.7558E+00  3.6635E-01
2.1964E-02  6.1191E+00  5.7528E+00  3.6635E-01
2.1968E-02  6.1162E+00  5.7498E+00  3.6635E-01
2.1971E-02  6.1718E+00  5.8054E+00  3.6635E-01
2.1975E-02  6.1354E+00  5.7691E+00  3.6635E-01
2.1979E-02  6.1073E+00  5.7409E+00  3.6635E-01
2.1982E-02  6.1094E+00  5.7431E+00  3.6635E-01
2.1986E-02  6.1025E+00  5.7362E+00  3.6635E-01
2.1990E-02  6.1028E+00  5.7364E+00  3.6635E-01
2.1994E-02  6.1004E+00  5.7340E+00  3.6635E-01
2.1997E-02  6.0940E+00  5.7276E+00  3.6635E-01
2.2001E-02  6.0897E+00  5.7233E+00  3.6635E-01
2.2005E-02  6.1019E+00  5.7356E+00  3.6635E-01
2.2009E-02  6.0911E+00  5.7248E+00  3.6635E-01
2.2013E-02  6.0816E+00  5.7153E+00  3.6635E-01
2.2016E-02  6.0775E+00  5.7111E+00  3.6635E-01
2.2020E-02  6.1131E+00  5.7467E+00  3.6635E-01
2.2024E-02  6.0726E+00  5.7062E+00  3.6635E-01
2.2028E-02  6.0930E+00  5.7266E+00  3.6635E-01
2.2031E-02  6.0660E+00  5.6997E+00  3.6635E-01
2.2035E-02  6.0627E+00  5.6963E+00  3.6635E-01
2.2039E-02  6.0608E+00  5.6944E+00  3.6635E-01
2.2042E-02  6.0583E+00  5.6920E+00  3.6635E-01
2.2046E-02  6.0563E+00  5.6900E+00  3.6635E-01
2.2050E-02  6.0530E+00  5.6866E+00  3.6635E-01
2.2054E-02  6.0487E+00  5.6823E+00  3.6635E-01
2.2058E-02  6.0502E+00  5.6839E+00  3.6635E-01
2.2061E-02  6.0421E+00  5.6757E+00  3.6635E-01
2.2065E-02  6.0391E+00  5.6727E+00  3.6635E-01
2.2069E-02  6.0369E+00  5.6705E+00  3.6635E-01
2.2073E-02  6.0341E+00  5.6677E+00  3.6635E-01
2.2076E-02  6.0304E+00  5.6641E+00  3.6635E-01
2.2080E-02  6.0275E+00  5.6612E+00  3.6635E-01
2.2084E-02  6.0248E+00  5.6585E+00  3.6635E-01
2.2087E-02  6.0219E+00  5.6555E+00  3.6635E-01
2.2091E-02  6.0191E+00  5.6527E+00  3.6635E-01
2.2095E-02  6.0161E+00  5.6498E+00  3.6635E-01
2.2099E-02  6.0164E+00  5.6501E+00  3.6635E-01
2.2103E-02  6.0107E+00  5.6443E+00  3.6635E-01
2.2106E-02  6.0085E+00  5.6421E+00  3.6635E-01
2.2110E-02  6.1494E+00  5.7831E+00  3.6635E-01
2.2114E-02  6.0077E+00  5.6414E+00  3.6635E-01
2.2117E-02  6.1527E+00  5.7863E+00  3.6635E-01
2.2121E-02  5.9989E+00  5.6325E+00  3.6635E-01
2.2125E-02  5.9946E+00  5.6282E+00  3.6635E-01
2.2129E-02  5.9922E+00  5.6258E+00  3.6635E-01
2.2133E-02  5.9906E+00  5.6243E+00  3.6635E-01
2.2136E-02  6.0037E+00  5.6373E+00  3.6635E-01
2.2140E-02  5.9840E+00  5.6177E+00  3.6635E-01
2.2144E-02  5.9799E+00  5.6136E+00  3.6635E-01
2.2148E-02  5.9780E+00  5.6116E+00  3.6635E-01
2.2151E-02  5.9738E+00  5.6074E+00  3.6635E-01
2.2155E-02  5.9710E+00  5.6047E+00  3.6635E-01
2.2159E-02  5.9690E+00  5.6027E+00  3.6635E-01
2.2163E-02  6.6182E+00  6.2519E+00  3.6635E-01
2.2166E-02  5.9745E+00  5.6082E+00  3.6635E-01
2.2170E-02  5.9606E+00  5.5942E+00  3.6635E-01
2.2174E-02  5.9573E+00  5.5909E+00  3.6635E-01
2.2177E-02  5.9692E+00  5.6028E+00  3.6635E-01
2.2181E-02  5.9519E+00  5.5856E+00  3.6635E-01
2.2185E-02  5.9496E+00  5.5832E+00  3.6635E-01
2.2189E-02  5.9473E+00  5.5810E+00  3.6635E-01
2.2193E-02  5.9494E+00  5.5830E+00  3.6635E-01
2.2196E-02  5.9423E+00  5.5760E+00  3.6635E-01
2.2200E-02  5.9385E+00  5.5722E+00  3.6635E-01
2.2204E-02  5.9597E+00  5.5933E+00  3.6635E-01
2.2208E-02  5.9431E+00  5.5767E+00  3.6635E-01
2.2211E-02  5.9414E+00  5.5751E+00  3.6635E-01
2.2215E-02  5.9328E+00  5.5665E+00  3.6635E-01
2.2219E-02  5.9389E+00  5.5725E+00  3.6635E-01
2.2222E-02  6.1401E+00  5.7737E+00  3.6635E-01
2.2226E-02  6.0064E+00  5.6401E+00  3.6635E-01
2.2230E-02  5.9355E+00  5.5691E+00  3.6635E-01
2.2234E-02  5.9209E+00  5.5545E+00  3.6635E-01
2.2238E-02  5.9142E+00  5.5479E+00  3.6635E-01
2.2241E-02  5.9121E+00  5.5457E+00  3.6635E-01
2.2245E-02  5.9133E+00  5.5470E+00  3.6635E-01
2.2249E-02  6.0087E+00  5.6423E+00  3.6635E-01
2.2253E-02  1.3918E+02  1.3882E+02  3.6635E-01
2.2256E-02  8.3830E+00  8.0166E+00  3.6635E-01
2.2260E-02  5.9790E+00  5.6127E+00  3.6635E-01
2.2264E-02  5.9142E+00  5.5478E+00  3.6635E-01
2.2268E-02  5.8989E+00  5.5325E+00  3.6635E-01
2.2271E-02  5.8929E+00  5.5265E+00  3.6635E-01
2.2275E-02  5.9309E+00  5.5646E+00  3.6635E-01
2.2279E-02  5.9012E+00  5.5349E+00  3.6635E-01
2.2283E-02  5.8833E+00  5.5170E+00  3.6635E-01
2.2286E-02  5.8764E+00  5.5101E+00  3.6635E-01
2.2290E-02  5.8741E+00  5.5078E+00  3.6635E-01
2.2294E-02  5.8710E+00  5.5046E+00  3.6635E-01
2.2298E-02  5.9458E+00  5.5794E+00  3.6635E-01
2.2301E-02  5.8704E+00  5.5041E+00  3.6635E-01
2.2305E-02  5.8760E+00  5.5096E+00  3.6635E-01
2.2309E-02  5.8603E+00  5.4939E+00  3.6635E-01
2.2312E-02  5.8576E+00  5.4912E+00  3.6635E-01
2.2316E-02  5.8549E+00  5.4886E+00  3.6635E-01
2.2320E-02  5.8964E+00  5.5301E+00  3.6635E-01
2.2324E-02  5.8505E+00  5.4841E+00  3.6635E-01
2.2328E-02  5.8472E+00  5.4808E+00  3.6635E-01
2.2331E-02  5.8450E+00  5.4786E+00  3.6635E-01
2.2335E-02  5.8436E+00  5.4772E+00  3.6635E-01
2.2339E-02  5.8407E+00  5.4744E+00  3.6635E-01
2.2343E-02  5.8369E+00  5.4705E+00  3.6635E-01
2.2346E-02  5.8343E+00  5.4679E+00  3.6635E-01
2.2350E-02  5.9124E+00  5.5461E+00  3.6635E-01
2.2354E-02  5.8296E+00  5.4632E+00  3.6635E-01
2.2357E-02  5.8940E+00  5.5276E+00  3.6635E-01
2.2361E-02  5.8241E+00  5.4577E+00  3.6635E-01
2.2365E-02  5.8216E+00  5.4552E+00  3.6635E-01
2.2369E-02  5.8195E+00  5.4531E+00  3.6635E-01
2.2373E-02  5.8165E+00  5.4502E+00  3.6635E-01
2.2376E-02  5.8143E+00  5.4480E+00  3.6635E-01
2.2380E-02  5.8120E+00  5.4456E+00  3.6635E-01
2.2384E-02  5.8095E+00  5.4431E+00  3.6635E-01
2.2388E-02  5.8067E+00  5.4404E+00  3.6635E-01
2.2391E-02  5.8046E+00  5.4382E+00  3.6635E-01
2.2395E-02  5.8094E+00  5.4431E+00  3.6635E-01
2.2399E-02  6.8192E+00  6.4529E+00  3.6635E-01
2.2403E-02  5.7976E+00  5.4312E+00  3.6635E-01
2.2406E-02  5.7945E+00  5.4282E+00  3.6635E-01
2.2410E-02  5.7935E+00  5.4271E+00  3.6635E-01
2.2414E-02  5.7896E+00  5.4233E+00  3.6635E-01
2.2417E-02  5.7871E+00  5.4208E+00  3.6635E-01
2.2421E-02  5.7848E+00  5.4184E+00  3.6635E-01
2.2425E-02  5.7824E+00  5.4161E+00  3.6635E-01
2.2429E-02  5.7801E+00  5.4137E+00  3.6635E-01
2.2433E-02  5.7776E+00  5.4113E+00  3.6635E-01
2.2436E-02  5.7753E+00  5.4090E+00  3.6635E-01
2.2440E-02  5.7731E+00  5.4067E+00  3.6635E-01
2.2444E-02  5.8662E+00  5.4998E+00  3.6635E-01
2.2447E-02  5.7685E+00  5.4021E+00  3.6635E-01
2.2451E-02  5.7769E+00  5.4105E+00  3.6635E-01
2.2455E-02  5.7640E+00  5.3977E+00  3.6635E-01
2.2459E-02  5.7618E+00  5.3955E+00  3.6635E-01
2.2462E-02  5.7611E+00  5.3948E+00  3.6635E-01
2.2466E-02  5.8070E+00  5.4406E+00  3.6635E-01
2.2470E-02  5.7553E+00  5.3890E+00  3.6635E-01
2.2474E-02  5.7532E+00  5.3869E+00  3.6635E-01
2.2478E-02  5.7513E+00  5.3849E+00  3.6635E-01
2.2481E-02  5.7492E+00  5.3829E+00  3.6635E-01
2.2485E-02  5.8152E+00  5.4489E+00  3.6635E-01
2.2489E-02  5.7453E+00  5.3790E+00  3.6635E-01
2.2492E-02  5.7543E+00  5.3880E+00  3.6635E-01
2.2496E-02  5.7627E+00  5.3964E+00  3.6635E-01
2.2500E-02  5.7406E+00  5.3742E+00  3.6635E-01
2.2504E-02  5.7381E+00  5.3718E+00  3.6635E-01
2.2508E-02  5.7385E+00  5.3722E+00  3.6635E-01
2.2511E-02  5.7349E+00  5.3685E+00  3.6635E-01
2.2515E-02  5.7335E+00  5.3671E+00  3.6635E-01
2.2519E-02  5.7664E+00  5.4001E+00  3.6635E-01
2.2523E-02  5.7312E+00  5.3648E+00  3.6635E-01
2.2526E-02  5.7772E+00  5.4109E+00  3.6635E-01
2.2530E-02  5.7292E+00  5.3628E+00  3.6635E-01
2.2534E-02  5.7431E+00  5.3768E+00  3.6635E-01
2.2538E-02  5.7281E+00  5.3617E+00  3.6635E-01
2.2541E-02  5.7283E+00  5.3620E+00  3.6635E-01
2.2545E-02  5.7279E+00  5.3616E+00  3.6635E-01
2.2549E-02  6.7966E+00  6.4302E+00  3.6635E-01
2.2552E-02  5.7301E+00  5.3637E+00  3.6635E-01
2.2556E-02  5.7323E+00  5.3660E+00  3.6635E-01
2.2560E-02  5.7317E+00  5.3653E+00  3.6635E-01
2.2564E-02  5.7347E+00  5.3683E+00  3.6635E-01
2.2568E-02  5.7383E+00  5.3720E+00  3.6635E-01
2.2571E-02  5.7440E+00  5.3776E+00  3.6635E-01
2.2575E-02  5.7518E+00  5.3855E+00  3.6635E-01
2.2579E-02  5.7591E+00  5.3928E+00  3.6635E-01
2.2582E-02  5.7723E+00  5.4060E+00  3.6635E-01
2.2586E-02  5.7921E+00  5.4258E+00  3.6635E-01
2.2590E-02  5.8380E+00  5.4716E+00  3.6635E-01
2.2594E-02  5.8910E+00  5.5246E+00  3.6635E-01
2.2597E-02  2.0709E+02  2.0672E+02  3.6635E-01
2.2601E-02  6.4191E+00  6.0527E+00  3.6635E-01
2.2605E-02  1.2701E+01  1.2335E+01  3.6635E-01
2.2609E-02  1.0288E+01  9.9221E+00  3.6635E-01
2.2613E-02  6.4588E+00  6.0925E+00  3.6635E-01
2.2616E-02  6.2274E+00  5.8610E+00  3.6635E-01
2.2620E-02  2.3334E+01  2.2968E+01  3.6635E-01
2.2624E-02  6.5628E+00  6.1965E+00  3.6635E-01
2.2628E-02  7.0702E+00  6.7039E+00  3.6635E-01
2.2631E-02  8.3113E+00  7.9450E+00  3.6635E-01
2.2635E-02  1.3553E+01  1.3187E+01  3.6635E-01
2.2639E-02  2.1816E+02  2.1780E+02  3.6635E-01
2.2643E-02  4.1327E+01  4.0961E+01  3.6635E-01
2.2646E-02  1.1699E+01  1.1332E+01  3.6635E-01
2.2650E-02  1.1390E+01  1.1024E+01  3.6635E-01
2.2654E-02  5.5382E+04  5.5382E+04  3.6635E-01
2.2658E-02  1.1810E+01  1.1443E+01  3.6635E-01
2.2661E-02  7.2966E+00  6.9302E+00  3.6635E-01
2.2665E-02  6.4861E+00  6.1197E+00  3.6635E-01
2.2669E-02  6.1798E+00  5.8135E+00  3.6635E-01
2.2673E-02  6.0437E+00  5.6773E+00  3.6635E-01
2.2676E-02  6.0000E+00  5.6336E+00  3.6635E-01
2.2680E-02  6.1309E+00  5.7646E+00  3.6635E-01
2.2684E-02  8.5730E+00  8.2067E+00  3.6635E-01
2.2687E-02  9.1261E+00  8.7597E+00  3.6635E-01
2.2691E-02  6.0489E+00  5.6826E+00  3.6635E-01
2.2695E-02  5.8237E+00  5.4573E+00  3.6635E-01
2.2699E-02  5.7478E+00  5.3815E+00  3.6635E-01
2.2703E-02  5.7093E+00  5.3429E+00  3.6635E-01
2.2706E-02  5.6852E+00  5.3189E+00  3.6635E-01
2.2710E-02  5.6687E+00  5.3024E+00  3.6635E-01
2.2714E-02  5.6588E+00  5.2925E+00  3.6635E-01
2.2717E-02  5.6524E+00  5.2861E+00  3.6635E-01
2.2721E-02  5.6379E+00  5.2715E+00  3.6635E-01
2.2725E-02  5.6304E+00  5.2641E+00  3.6635E-01
2.2729E-02  5.6235E+00  5.2571E+00  3.6635E-01
2.2732E-02  6.8315E+00  6.4652E+00  3.6635E-01
2.2736E-02  5.6229E+00  5.2566E+00  3.6635E-01
2.2740E-02  5.6088E+00  5.2425E+00  3.6635E-01
2.2744E-02  5.6037E+00  5.2374E+00  3.6635E-01
2.2748E-02  5.5973E+00  5.2309E+00  3.6635E-01
2.2751E-02  5.5932E+00  5.2268E+00  3.6635E-01
2.2755E-02  5.5894E+00  5.2230E+00  3.6635E-01
2.2759E-02  5.5859E+00  5.2196E+00  3.6635E-01
2.2763E-02  5.5828E+00  5.2164E+00  3.6635E-01
2.2766E-02  5.5800E+00  5.2137E+00  3.6635E-01
2.2770E-02  5.5774E+00  5.2110E+00  3.6635E-01
2.2774E-02  5.5745E+00  5.2082E+00  3.6635E-01
2.2778E-02  5.5726E+00  5.2062E+00  3.6635E-01
2.2781E-02  5.5696E+00  5.2033E+00  3.6635E-01
2.2785E-02  5.5679E+00  5.2015E+00  3.6635E-01
2.2789E-02  5.5705E+00  5.2041E+00  3.6635E-01
2.2793E-02  5.6429E+00  5.2765E+00  3.6635E-01
2.2796E-02  5.5645E+00  5.1981E+00  3.6635E-01
2.2800E-02  5.5646E+00  5.1982E+00  3.6635E-01
2.2804E-02  5.6014E+00  5.2351E+00  3.6635E-01
2.2808E-02  5.5915E+00  5.2251E+00  3.6635E-01
2.2811E-02  5.5767E+00  5.2104E+00  3.6635E-01
2.2815E-02  5.5944E+00  5.2280E+00  3.6635E-01
2.2819E-02  5.5896E+00  5.2232E+00  3.6635E-01
2.2822E-02  5.6048E+00  5.2384E+00  3.6635E-01
2.2826E-02  5.6521E+00  5.2858E+00  3.6635E-01
2.2830E-02  5.6837E+00  5.3174E+00  3.6635E-01
2.2834E-02  5.7539E+00  5.3876E+00  3.6635E-01
2.2838E-02  1.6059E+01  1.5693E+01  3.6635E-01
2.2841E-02  6.2950E+00  5.9287E+00  3.6635E-01
2.2845E-02  7.7266E+00  7.3602E+00  3.6635E-01
2.2849E-02  2.2024E+02  2.1987E+02  3.6635E-01
2.2853E-02  3.5947E+03  3.5943E+03  3.6635E-01
2.2856E-02  7.5671E+00  7.2008E+00  3.6635E-01
2.2860E-02  6.2245E+00  5.8581E+00  3.6635E-01
2.2864E-02  8.1263E+00  7.7599E+00  3.6635E-01
2.2867E-02  6.3209E+00  5.9545E+00  3.6635E-01
2.2871E-02  6.1033E+00  5.7370E+00  3.6635E-01
2.2875E-02  5.7439E+00  5.3775E+00  3.6635E-01
2.2879E-02  5.6861E+00  5.3197E+00  3.6635E-01
2.2883E-02  5.6053E+00  5.2389E+00  3.6635E-01
2.2886E-02  5.5729E+00  5.2066E+00  3.6635E-01
2.2890E-02  6.5411E+00  6.1748E+00  3.6635E-01
2.2894E-02  5.5632E+00  5.1969E+00  3.6635E-01
2.2898E-02  5.5532E+00  5.1868E+00  3.6635E-01
2.2901E-02  5.5424E+00  5.1760E+00  3.6635E-01
2.2905E-02  5.5056E+00  5.1392E+00  3.6635E-01
2.2909E-02  5.5083E+00  5.1419E+00  3.6635E-01
2.2913E-02  5.7109E+00  5.3445E+00  3.6635E-01
2.2916E-02  5.5535E+00  5.1871E+00  3.6635E-01
2.2920E-02  5.4923E+00  5.1260E+00  3.6635E-01
2.2924E-02  5.4807E+00  5.1143E+00  3.6635E-01
2.2927E-02  5.4737E+00  5.1073E+00  3.6635E-01
2.2931E-02  6.0367E+00  5.6704E+00  3.6635E-01
2.2935E-02  5.5030E+00  5.1366E+00  3.6635E-01
2.2939E-02  5.9471E+00  5.5807E+00  3.6635E-01
2.2943E-02  5.4608E+00  5.0944E+00  3.6635E-01
2.2946E-02  5.5805E+00  5.2142E+00  3.6635E-01
2.2950E-02  5.4571E+00  5.0907E+00  3.6635E-01
2.2954E-02  5.4648E+00  5.0984E+00  3.6635E-01
2.2957E-02  5.5014E+00  5.1350E+00  3.6635E-01
2.2961E-02  6.0052E+00  5.6389E+00  3.6635E-01
2.2965E-02  5.9407E+00  5.5743E+00  3.6635E-01
2.2969E-02  5.4728E+00  5.1064E+00  3.6635E-01
2.2972E-02  5.4554E+00  5.0890E+00  3.6635E-01
2.2976E-02  5.4373E+00  5.0710E+00  3.6635E-01
2.2980E-02  5.4303E+00  5.0640E+00  3.6635E-01
2.2984E-02  5.4851E+00  5.1187E+00  3.6635E-01
2.2988E-02  5.4340E+00  5.0677E+00  3.6635E-01
2.2991E-02  5.5522E+00  5.1858E+00  3.6635E-01
2.2995E-02  5.4706E+00  5.1042E+00  3.6635E-01
2.2999E-02  5.4243E+00  5.0579E+00  3.6635E-01
2.3003E-02  5.4235E+00  5.0571E+00  3.6635E-01
2.3006E-02  5.4134E+00  5.0471E+00  3.6635E-01
2.3010E-02  5.4111E+00  5.0447E+00  3.6635E-01
2.3014E-02  5.4088E+00  5.0424E+00  3.6635E-01
2.3017E-02  5.4226E+00  5.0562E+00  3.6635E-01
2.3021E-02  5.4044E+00  5.0381E+00  3.6635E-01
2.3025E-02  5.4021E+00  5.0358E+00  3.6635E-01
2.3029E-02  5.4110E+00  5.0447E+00  3.6635E-01
2.3033E-02  5.4094E+00  5.0431E+00  3.6635E-01
2.3036E-02  5.3951E+00  5.0288E+00  3.6635E-01
2.3040E-02  5.4035E+00  5.0372E+00  3.6635E-01
2.3044E-02  5.3924E+00  5.0261E+00  3.6635E-01
2.3048E-02  5.3881E+00  5.0218E+00  3.6635E-01
2.3051E-02  5.4157E+00  5.0493E+00  3.6635E-01
2.3055E-02  5.3840E+00  5.0176E+00  3.6635E-01
2.3059E-02  5.3822E+00  5.0159E+00  3.6635E-01
2.3062E-02  5.3814E+00  5.0151E+00  3.6635E-01
2.3066E-02  5.3782E+00  5.0119E+00  3.6635E-01
2.3070E-02  5.3771E+00  5.0108E+00  3.6635E-01
2.3074E-02  5.3727E+00  5.0064E+00  3.6635E-01
2.3078E-02  5.3704E+00  5.0040E+00  3.6635E-01
2.3081E-02  5.3694E+00  5.0030E+00  3.6635E-01
2.3085E-02  5.3665E+00  5.0001E+00  3.6635E-01
2.3089E-02  5.3661E+00  4.9997E+00  3.6635E-01
2.3092E-02  5.3614E+00  4.9951E+00  3.6635E-01
2.3096E-02  5.3596E+00  4.9933E+00  3.6635E-01
2.3100E-02  5.4345E+00  5.0681E+00  3.6635E-01
2.3104E-02  5.3612E+00  4.9948E+00  3.6635E-01
2.3107E-02  5.3540E+00  4.9877E+00  3.6635E-01
2.3111E-02  5.3557E+00  4.9893E+00  3.6635E-01
2.3115E-02  5.3500E+00  4.9837E+00  3.6635E-01
2.3119E-02  3.7106E+01  3.6740E+01  3.6635E-01
2.3123E-02  5.3450E+00  4.9786E+00  3.6635E-01
2.3126E-02  5.3446E+00  4.9783E+00  3.6635E-01
2.3130E-02  5.3401E+00  4.9737E+00  3.6635E-01
2.3134E-02  5.3376E+00  4.9713E+00  3.6635E-01
2.3138E-02  5.3366E+00  4.9702E+00  3.6635E-01
2.3141E-02  5.3333E+00  4.9669E+00  3.6635E-01
2.3145E-02  5.3351E+00  4.9687E+00  3.6635E-01
2.3149E-02  5.3289E+00  4.9626E+00  3.6635E-01
2.3153E-02  5.3429E+00  4.9765E+00  3.6635E-01
2.3156E-02  5.3255E+00  4.9592E+00  3.6635E-01
2.3160E-02  5.3226E+00  4.9563E+00  3.6635E-01
2.3164E-02  5.3207E+00  4.9543E+00  3.6635E-01
2.3168E-02  5.3199E+00  4.9536E+00  3.6635E-01
2.3171E-02  5.3168E+00  4.9505E+00  3.6635E-01
2.3175E-02  5.3143E+00  4.9479E+00  3.6635E-01
2.3179E-02  5.3124E+00  4.9460E+00  3.6635E-01
2.3183E-02  5.3100E+00  4.9437E+00  3.6635E-01
2.3186E-02  5.3087E+00  4.9424E+00  3.6635E-01
2.3190E-02  5.3061E+00  4.9397E+00  3.6635E-01
2.3194E-02  5.3042E+00  4.9378E+00  3.6635E-01
2.3197E-02  5.3031E+00  4.9368E+00  3.6635E-01
2.3201E-02  5.3010E+00  4.9346E+00  3.6635E-01
2.3205E-02  5.2997E+00  4.9333E+00  3.6635E-01
2.3209E-02  5.3021E+00  4.9357E+00  3.6635E-01
2.3213E-02  5.3072E+00  4.9408E+00  3.6635E-01
2.3216E-02  5.3866E+00  5.0203E+00  3.6635E-01
2.3220E-02  5.6149E+00  5.2485E+00  3.6635E-01
2.3224E-02  5.3051E+00  4.9388E+00  3.6635E-01
2.3227E-02  5.2920E+00  4.9256E+00  3.6635E-01
2.3231E-02  5.2857E+00  4.9193E+00  3.6635E-01
2.3235E-02  5.2826E+00  4.9163E+00  3.6635E-01
2.3239E-02  5.2801E+00  4.9137E+00  3.6635E-01
2.3242E-02  5.3089E+00  4.9426E+00  3.6635E-01
2.3246E-02  5.2758E+00  4.9094E+00  3.6635E-01
2.3250E-02  5.2795E+00  4.9131E+00  3.6635E-01
2.3254E-02  5.2713E+00  4.9049E+00  3.6635E-01
2.3258E-02  5.2698E+00  4.9034E+00  3.6635E-01
2.3261E-02  5.2668E+00  4.9005E+00  3.6635E-01
2.3265E-02  5.2658E+00  4.8994E+00  3.6635E-01
2.3269E-02  5.2657E+00  4.8994E+00  3.6635E-01
2.3273E-02  5.2613E+00  4.8950E+00  3.6635E-01
2.3276E-02  5.2603E+00  4.8940E+00  3.6635E-01
2.3280E-02  5.2745E+00  4.9081E+00  3.6635E-01
2.3284E-02  5.2700E+00  4.9037E+00  3.6635E-01
2.3288E-02  6.0445E+01  6.0078E+01  3.6635E-01
2.3291E-02  5.2914E+00  4.9250E+00  3.6635E-01
2.3295E-02  5.2754E+00  4.9090E+00  3.6635E-01
2.3299E-02  5.2890E+00  4.9226E+00  3.6635E-01
2.3303E-02  5.2751E+00  4.9087E+00  3.6635E-01
2.3306E-02  5.2446E+00  4.8782E+00  3.6635E-01
2.3310E-02  5.2427E+00  4.8764E+00  3.6635E-01
2.3314E-02  5.2440E+00  4.8776E+00  3.6635E-01
2.3318E-02  5.3182E+00  4.9518E+00  3.6635E-01
2.3321E-02  1.1484E+01  1.1117E+01  3.6635E-01
2.3325E-02  5.3304E+00  4.9641E+00  3.6635E-01
2.3329E-02  1.0356E+01  9.9900E+00  3.6635E-01
2.3332E-02  6.6513E+01  6.6146E+01  3.6635E-01
2.3336E-02  5.2385E+00  4.8722E+00  3.6635E-01
2.3340E-02  5.2342E+00  4.8679E+00  3.6635E-01
2.3344E-02  5.2936E+00  4.9272E+00  3.6635E-01
2.3348E-02  5.2426E+00  4.8762E+00  3.6635E-01
2.3351E-02  5.2300E+00  4.8636E+00  3.6635E-01
2.3355E-02  5.2608E+00  4.8945E+00  3.6635E-01
2.3359E-02  5.5887E+00  5.2224E+00  3.6635E-01
2.3362E-02  5.2392E+00  4.8729E+00  3.6635E-01
2.3366E-02  5.2276E+00  4.8613E+00  3.6635E-01
2.3370E-02  5.2648E+00  4.8984E+00  3.6635E-01
2.3374E-02  6.7757E+00  6.4093E+00  3.6635E-01
2.3378E-02  5.2425E+00  4.8762E+00  3.6635E-01
2.3381E-02  8.3505E+00  7.9842E+00  3.6635E-01
2.3385E-02  5.2030E+00  4.8366E+00  3.6635E-01
2.3389E-02  5.3403E+00  4.9740E+00  3.6635E-01
2.3393E-02  5.4090E+00  5.0426E+00  3.6635E-01
2.3396E-02  5.1976E+00  4.8313E+00  3.6635E-01
2.3400E-02  5.2020E+00  4.8357E+00  3.6635E-01
2.3404E-02  5.1971E+00  4.8307E+00  3.6635E-01
2.3408E-02  5.2063E+00  4.8399E+00  3.6635E-01
2.3411E-02  5.1909E+00  4.8246E+00  3.6635E-01
2.3415E-02  5.1895E+00  4.8232E+00  3.6635E-01
2.3419E-02  5.3129E+00  4.9466E+00  3.6635E-01
2.3423E-02  5.1893E+00  4.8229E+00  3.6635E-01
2.3426E-02  5.2847E+00  4.9183E+00  3.6635E-01
2.3430E-02  5.1846E+00  4.8183E+00  3.6635E-01
2.3434E-02  5.1852E+00  4.8188E+00  3.6635E-01
2.3438E-02  5.1840E+00  4.8176E+00  3.6635E-01
2.3441E-02  5.1845E+00  4.8182E+00  3.6635E-01
2.3445E-02  5.1870E+00  4.8206E+00  3.6635E-01
2.3449E-02  5.1891E+00  4.8227E+00  3.6635E-01
2.3453E-02  5.2195E+00  4.8531E+00  3.6635E-01
2.3456E-02  5.2154E+00  4.8491E+00  3.6635E-01
2.3460E-02  5.2200E+00  4.8537E+00  3.6635E-01
2.3464E-02  5.1792E+00  4.8129E+00  3.6635E-01
2.3467E-02  5.1786E+00  4.8122E+00  3.6635E-01
2.3471E-02  5.1881E+00  4.8217E+00  3.6635E-01
2.3475E-02  5.1815E+00  4.8151E+00  3.6635E-01
2.3479E-02  5.1845E+00  4.8182E+00  3.6635E-01
2.3482E-02  5.1905E+00  4.8242E+00  3.6635E-01
2.3486E-02  5.2288E+00  4.8625E+00  3.6635E-01
2.3490E-02  5.2076E+00  4.8412E+00  3.6635E-01
2.3494E-02  5.2490E+00  4.8826E+00  3.6635E-01
2.3497E-02  5.2793E+00  4.9130E+00  3.6635E-01
2.3501E-02  5.2944E+00  4.9280E+00  3.6635E-01
2.3505E-02  5.3659E+00  4.9995E+00  3.6635E-01
2.3509E-02  5.4987E+00  5.1323E+00  3.6635E-01
2.3513E-02  5.7827E+00  5.4164E+00  3.6635E-01
2.3516E-02  6.5640E+00  6.1977E+00  3.6635E-01
2.3520E-02  9.6820E+00  9.3157E+00  3.6635E-01
2.3524E-02  1.4579E+02  1.4542E+02  3.6635E-01
2.3527E-02  1.3669E+02  1.3632E+02  3.6635E-01
2.3531E-02  1.6799E+01  1.6433E+01  3.6635E-01
2.3535E-02  7.0402E+00  6.6738E+00  3.6635E-01
2.3539E-02  6.0239E+00  5.6575E+00  3.6635E-01
2.3543E-02  5.5990E+00  5.2327E+00  3.6635E-01
2.3546E-02  5.4106E+00  5.0443E+00  3.6635E-01
2.3550E-02  5.3110E+00  4.9446E+00  3.6635E-01
2.3554E-02  5.2640E+00  4.8976E+00  3.6635E-01
2.3558E-02  5.2245E+00  4.8582E+00  3.6635E-01
2.3561E-02  5.4313E+00  5.0649E+00  3.6635E-01
2.3565E-02  5.1716E+00  4.8052E+00  3.6635E-01
2.3569E-02  5.1544E+00  4.7881E+00  3.6635E-01
2.3572E-02  5.1442E+00  4.7778E+00  3.6635E-01
2.3576E-02  5.1343E+00  4.7680E+00  3.6635E-01
2.3580E-02  5.1271E+00  4.7607E+00  3.6635E-01
2.3584E-02  5.1214E+00  4.7550E+00  3.6635E-01
2.3588E-02  5.1169E+00  4.7505E+00  3.6635E-01
2.3591E-02  5.1224E+00  4.7561E+00  3.6635E-01
2.3595E-02  5.1093E+00  4.7429E+00  3.6635E-01
2.3599E-02  5.1052E+00  4.7388E+00  3.6635E-01
2.3602E-02  5.1181E+00  4.7518E+00  3.6635E-01
2.3606E-02  5.1179E+00  4.7516E+00  3.6635E-01
2.3610E-02  5.2157E+00  4.8494E+00  3.6635E-01
2.3614E-02  5.2161E+00  4.8497E+00  3.6635E-01
2.3617E-02  5.0932E+00  4.7269E+00  3.6635E-01
2.3621E-02  5.1560E+00  4.7897E+00  3.6635E-01
2.3625E-02  5.3640E+00  4.9976E+00  3.6635E-01
2.3629E-02  5.3256E+00  4.9592E+00  3.6635E-01
2.3633E-02  5.1392E+00  4.7728E+00  3.6635E-01
2.3636E-02  5.1034E+00  4.7370E+00  3.6635E-01
2.3640E-02  5.0881E+00  4.7217E+00  3.6635E-01
2.3644E-02  5.1141E+00  4.7477E+00  3.6635E-01
2.3648E-02  5.2657E+00  4.8993E+00  3.6635E-01
2.3651E-02  5.2332E+00  4.8668E+00  3.6635E-01
2.3655E-02  2.2911E+01  2.2545E+01  3.6635E-01
2.3659E-02  5.3387E+00  4.9723E+00  3.6635E-01
2.3662E-02  5.2814E+00  4.9150E+00  3.6635E-01
2.3666E-02  5.3433E+00  4.9770E+00  3.6635E-01
2.3670E-02  6.6087E+01  6.5721E+01  3.6635E-01
2.3674E-02  5.2375E+00  4.8712E+00  3.6635E-01
2.3678E-02  5.0816E+00  4.7152E+00  3.6635E-01
2.3681E-02  5.8176E+00  5.4512E+00  3.6635E-01
2.3685E-02  5.2714E+00  4.9050E+00  3.6635E-01
2.3689E-02  5.3546E+00  4.9883E+00  3.6635E-01
2.3693E-02  5.6878E+00  5.3215E+00  3.6635E-01
2.3696E-02  5.0850E+00  4.7186E+00  3.6635E-01
2.3700E-02  5.1007E+00  4.7343E+00  3.6635E-01
2.3704E-02  5.3723E+00  5.0059E+00  3.6635E-01
2.3707E-02  5.0831E+00  4.7167E+00  3.6635E-01
2.3711E-02  5.0591E+00  4.6927E+00  3.6635E-01
2.3715E-02  5.1160E+00  4.7496E+00  3.6635E-01
2.3719E-02  5.0576E+00  4.6913E+00  3.6635E-01
2.3723E-02  5.0579E+00  4.6916E+00  3.6635E-01
2.3726E-02  5.0720E+00  4.7056E+00  3.6635E-01
2.3730E-02  5.0623E+00  4.6960E+00  3.6635E-01
2.3734E-02  5.0773E+00  4.7110E+00  3.6635E-01
2.3737E-02  2.6358E+01  2.5992E+01  3.6635E-01
2.3741E-02  5.1035E+00  4.7371E+00  3.6635E-01
2.3745E-02  5.0825E+00  4.7161E+00  3.6635E-01
2.3749E-02  5.0885E+00  4.7222E+00  3.6635E-01
2.3753E-02  5.1040E+00  4.7376E+00  3.6635E-01
2.3756E-02  5.1187E+00  4.7524E+00  3.6635E-01
2.3760E-02  5.2695E+00  4.9032E+00  3.6635E-01
2.3764E-02  1.3841E+01  1.3474E+01  3.6635E-01
2.3768E-02  1.7092E+02  1.7056E+02  3.6635E-01
2.3771E-02  6.5207E+01  6.4841E+01  3.6635E-01
2.3775E-02  6.0637E+00  5.6973E+00  3.6635E-01
2.3779E-02  5.5872E+00  5.2208E+00  3.6635E-01
2.3783E-02  5.9468E+00  5.5805E+00  3.6635E-01
2.3786E-02  6.6879E+00  6.3215E+00  3.6635E-01
2.3790E-02  9.8337E+00  9.4673E+00  3.6635E-01
2.3794E-02  6.9396E+01  6.9029E+01  3.6635E-01
2.3797E-02  3.6833E+01  3.6467E+01  3.6635E-01
2.3801E-02  9.0158E+00  8.6495E+00  3.6635E-01
2.3805E-02  6.5931E+00  6.2267E+00  3.6635E-01
2.3809E-02  5.9486E+00  5.5822E+00  3.6635E-01
2.3813E-02  5.7461E+00  5.3797E+00  3.6635E-01
2.3816E-02  5.7086E+00  5.3422E+00  3.6635E-01
2.3820E-02  5.8973E+00  5.5310E+00  3.6635E-01
2.3824E-02  6.4568E+00  6.0905E+00  3.6635E-01
2.3828E-02  8.2640E+00  7.8976E+00  3.6635E-01
2.3831E-02  1.9345E+01  1.8979E+01  3.6635E-01
2.3835E-02  2.6214E+02  2.6177E+02  3.6635E-01
2.3839E-02  8.2687E+01  8.2321E+01  3.6635E-01
2.3842E-02  1.1871E+01  1.1504E+01  3.6635E-01
2.3846E-02  8.7120E+00  8.3456E+00  3.6635E-01
2.3850E-02  6.7814E+00  6.4150E+00  3.6635E-01
2.3854E-02  5.6151E+00  5.2488E+00  3.6635E-01
2.3858E-02  5.4138E+00  5.0474E+00  3.6635E-01
2.3861E-02  5.5298E+00  5.1634E+00  3.6635E-01
2.3865E-02  8.9642E+01  8.9276E+01  3.6635E-01
2.3869E-02  5.6810E+00  5.3146E+00  3.6635E-01
2.3872E-02  5.1182E+00  4.7519E+00  3.6635E-01
2.3876E-02  5.0819E+00  4.7156E+00  3.6635E-01
2.3880E-02  5.0815E+00  4.7152E+00  3.6635E-01
2.3884E-02  5.1002E+00  4.7339E+00  3.6635E-01
2.3888E-02  4.2649E+01  4.2283E+01  3.6635E-01
2.3891E-02  5.2046E+00  4.8382E+00  3.6635E-01
2.3895E-02  5.0386E+00  4.6723E+00  3.6635E-01
2.3899E-02  5.0154E+00  4.6491E+00  3.6635E-01
2.3903E-02  5.0283E+00  4.6620E+00  3.6635E-01
2.3906E-02  5.0307E+00  4.6644E+00  3.6635E-01
2.3910E-02  6.6224E+00  6.2560E+00  3.6635E-01
2.3914E-02  1.7646E+01  1.7280E+01  3.6635E-01
2.3918E-02  1.0417E+02  1.0380E+02  3.6635E-01
2.3921E-02  5.0439E+00  4.6775E+00  3.6635E-01
2.3925E-02  5.3316E+00  4.9652E+00  3.6635E-01
2.3929E-02  2.4510E+01  2.4144E+01  3.6635E-01
2.3932E-02  5.8896E+00  5.5233E+00  3.6635E-01
2.3936E-02  1.8761E+01  1.8395E+01  3.6635E-01
2.3940E-02  3.5128E+01  3.4761E+01  3.6635E-01
2.3944E-02  5.0084E+00  4.6421E+00  3.6635E-01
2.3948E-02  5.0043E+00  4.6379E+00  3.6635E-01
2.3951E-02  4.9820E+00  4.6157E+00  3.6635E-01
2.3955E-02  4.9879E+00  4.6215E+00  3.6635E-01
2.3959E-02  4.9977E+00  4.6314E+00  3.6635E-01
2.3963E-02  5.0231E+00  4.6567E+00  3.6635E-01
2.3966E-02  5.0229E+00  4.6566E+00  3.6635E-01
2.3970E-02  5.0448E+00  4.6784E+00  3.6635E-01
2.3974E-02  5.0841E+00  4.7178E+00  3.6635E-01
2.3977E-02  5.1419E+00  4.7756E+00  3.6635E-01
2.3981E-02  5.2356E+00  4.8692E+00  3.6635E-01
2.3985E-02  5.4000E+00  5.0336E+00  3.6635E-01
2.3989E-02  5.7371E+00  5.3708E+00  3.6635E-01
2.3992E-02  6.5379E+00  6.1715E+00  3.6635E-01
2.3996E-02  9.2764E+00  8.9101E+00  3.6635E-01
2.4000E-02  2.7996E+01  2.7630E+01  3.6635E-01
2.4004E-02  1.5459E+02  1.5422E+02  3.6635E-01
2.4007E-02  4.0199E+01  3.9832E+01  3.6635E-01
2.4011E-02  1.0482E+01  1.0115E+01  3.6635E-01
2.4015E-02  6.8181E+00  6.4517E+00  3.6635E-01
2.4019E-02  5.8511E+00  5.4847E+00  3.6635E-01
2.4023E-02  5.4585E+00  5.0921E+00  3.6635E-01
2.4026E-02  5.2614E+00  4.8950E+00  3.6635E-01
2.4030E-02  5.1599E+00  4.7936E+00  3.6635E-01
2.4034E-02  5.0982E+00  4.7318E+00  3.6635E-01
2.4037E-02  5.0602E+00  4.6938E+00  3.6635E-01
2.4041E-02  5.0411E+00  4.6747E+00  3.6635E-01
2.4045E-02  6.0999E+00  5.7336E+00  3.6635E-01
2.4049E-02  5.2524E+00  4.8860E+00  3.6635E-01
2.4053E-02  5.0266E+00  4.6602E+00  3.6635E-01
2.4056E-02  1.0598E+01  1.0232E+01  3.6635E-01
2.4060E-02  5.0140E+00  4.6476E+00  3.6635E-01
2.4064E-02  5.0271E+00  4.6608E+00  3.6635E-01
2.4068E-02  5.0364E+00  4.6700E+00  3.6635E-01
2.4071E-02  5.0600E+00  4.6936E+00  3.6635E-01
2.4075E-02  5.0980E+00  4.7316E+00  3.6635E-01
2.4079E-02  5.1579E+00  4.7916E+00  3.6635E-01
2.4082E-02  5.2832E+00  4.9169E+00  3.6635E-01
2.4086E-02  6.9433E+00  6.5770E+00  3.6635E-01
2.4090E-02  5.8133E+00  5.4469E+00  3.6635E-01
2.4094E-02  6.7196E+00  6.3533E+00  3.6635E-01
2.4098E-02  9.8348E+00  9.4685E+00  3.6635E-01
2.4101E-02  2.6028E+01  2.5662E+01  3.6635E-01
2.4105E-02  7.4301E+01  7.3934E+01  3.6635E-01
2.4109E-02  3.0136E+01  2.9769E+01  3.6635E-01
2.4112E-02  1.0438E+01  1.0072E+01  3.6635E-01
2.4116E-02  6.9257E+00  6.5593E+00  3.6635E-01
2.4120E-02  6.0195E+00  5.6532E+00  3.6635E-01
2.4124E-02  5.5426E+00  5.1763E+00  3.6635E-01
2.4128E-02  5.3937E+00  5.0273E+00  3.6635E-01
2.4131E-02  5.2872E+00  4.9208E+00  3.6635E-01
2.4135E-02  5.2411E+00  4.8747E+00  3.6635E-01
2.4139E-02  5.2380E+00  4.8716E+00  3.6635E-01
2.4142E-02  5.2669E+00  4.9005E+00  3.6635E-01
2.4146E-02  5.3356E+00  4.9692E+00  3.6635E-01
2.4150E-02  5.4690E+00  5.1026E+00  3.6635E-01
2.4154E-02  5.7359E+00  5.3696E+00  3.6635E-01
2.4158E-02  6.3082E+00  5.9418E+00  3.6635E-01
2.4161E-02  7.8826E+00  7.5162E+00  3.6635E-01
2.4165E-02  1.3601E+01  1.3234E+01  3.6635E-01
2.4169E-02  3.2469E+01  3.2103E+01  3.6635E-01
2.4172E-02  3.3834E+01  3.3468E+01  3.6635E-01
2.4176E-02  1.4306E+01  1.3939E+01  3.6635E-01
2.4180E-02  8.2877E+00  7.9213E+00  3.6635E-01
2.4184E-02  6.5592E+00  6.1928E+00  3.6635E-01
2.4188E-02  6.0351E+00  5.6687E+00  3.6635E-01
2.4191E-02  5.8574E+00  5.4911E+00  3.6635E-01
2.4195E-02  5.8783E+00  5.5120E+00  3.6635E-01
2.4199E-02  6.0735E+00  5.7071E+00  3.6635E-01
2.4203E-02  6.6108E+00  6.2444E+00  3.6635E-01
2.4206E-02  8.0271E+00  7.6607E+00  3.6635E-01
2.4210E-02  1.2237E+01  1.1871E+01  3.6635E-01
2.4214E-02  2.1633E+01  2.1266E+01  3.6635E-01
2.4217E-02  2.1699E+01  2.1332E+01  3.6635E-01
2.4221E-02  1.2895E+01  1.2529E+01  3.6635E-01
2.4225E-02  8.4642E+00  8.0978E+00  3.6635E-01
2.4229E-02  7.2757E+00  6.9094E+00  3.6635E-01
2.4233E-02  7.0903E+00  6.7239E+00  3.6635E-01
2.4236E-02  7.5468E+00  7.1804E+00  3.6635E-01
2.4240E-02  9.0211E+00  8.6548E+00  3.6635E-01
2.4244E-02  1.2410E+01  1.2044E+01  3.6635E-01
2.4247E-02  1.6154E+01  1.5788E+01  3.6635E-01
2.4251E-02  1.3526E+01  1.3160E+01  3.6635E-01
2.4255E-02  1.0461E+01  1.0094E+01  3.6635E-01
2.4259E-02  9.3549E+00  8.9886E+00  3.6635E-01
2.4263E-02  9.2590E+00  8.8927E+00  3.6635E-01
2.4266E-02  9.5394E+00  9.1730E+00  3.6635E-01
2.4270E-02  9.9469E+00  9.5805E+00  3.6635E-01
2.4274E-02  1.0389E+01  1.0022E+01  3.6635E-01
2.4277E-02  1.0792E+01  1.0426E+01  3.6635E-01
2.4281E-02  1.1093E+01  1.0727E+01  3.6635E-01
2.4285E-02  1.1068E+01  1.0701E+01  3.6635E-01
2.4289E-02  1.1048E+01  1.0682E+01  3.6635E-01
2.4293E-02  1.1034E+01  1.0668E+01  3.6635E-01
2.4296E-02  1.1023E+01  1.0656E+01  3.6635E-01
2.4300E-02  1.1163E+01  1.0796E+01  3.6635E-01
2.4304E-02  1.1006E+01  1.0639E+01  3.6635E-01
2.4307E-02  1.0999E+01  1.0632E+01  3.6635E-01
2.4311E-02  1.0993E+01  1.0627E+01  3.6635E-01
2.4315E-02  1.7459E+01  1.7092E+01  3.6635E-01
2.4319E-02  1.1210E+01  1.0844E+01  3.6635E-01
2.4323E-02  1.2119E+01  1.1753E+01  3.6635E-01
2.4326E-02  1.0979E+01  1.0613E+01  3.6635E-01
2.4330E-02  1.0973E+01  1.0607E+01  3.6635E-01
2.4334E-02  1.1018E+01  1.0651E+01  3.6635E-01
2.4338E-02  1.0967E+01  1.0600E+01  3.6635E-01
2.4341E-02  1.0964E+01  1.0598E+01  3.6635E-01
2.4345E-02  1.0962E+01  1.0595E+01  3.6635E-01
2.4349E-02  1.0960E+01  1.0594E+01  3.6635E-01
2.4352E-02  1.1034E+01  1.0668E+01  3.6635E-01
2.4356E-02  1.0956E+01  1.0589E+01  3.6635E-01
2.4360E-02  1.0954E+01  1.0588E+01  3.6635E-01
2.4364E-02  1.0953E+01  1.0587E+01  3.6635E-01
2.4368E-02  1.0951E+01  1.0585E+01  3.6635E-01
2.4371E-02  1.0950E+01  1.0584E+01  3.6635E-01
2.4375E-02  1.0948E+01  1.0582E+01  3.6635E-01
2.4379E-02  1.0947E+01  1.0581E+01  3.6635E-01
2.4382E-02  1.0947E+01  1.0580E+01  3.6635E-01
2.4386E-02  1.0949E+01  1.0582E+01  3.6635E-01
2.4390E-02  1.0949E+01  1.0583E+01  3.6635E-01
2.4394E-02  1.1008E+01  1.0642E+01  3.6635E-01
2.4398E-02  1.1063E+01  1.0697E+01  3.6635E-01
2.4401E-02  1.1020E+01  1.0654E+01  3.6635E-01
2.4405E-02  1.0949E+01  1.0582E+01  3.6635E-01
2.4409E-02  1.0966E+01  1.0599E+01  3.6635E-01
2.4412E-02  1.0969E+01  1.0602E+01  3.6635E-01
2.4416E-02  1.1423E+01  1.1056E+01  3.6635E-01
2.4420E-02  1.0953E+01  1.0586E+01  3.6635E-01
2.4424E-02  1.0953E+01  1.0587E+01  3.6635E-01
2.4428E-02  1.0956E+01  1.0590E+01  3.6635E-01
2.4431E-02  1.0962E+01  1.0596E+01  3.6635E-01
2.4435E-02  1.1031E+01  1.0665E+01  3.6635E-01
2.4439E-02  1.0967E+01  1.0600E+01  3.6635E-01
2.4443E-02  1.1072E+01  1.0706E+01  3.6635E-01
2.4446E-02  1.0979E+01  1.0613E+01  3.6635E-01
2.4450E-02  1.0987E+01  1.0620E+01  3.6635E-01
2.4454E-02  1.1955E+01  1.1589E+01  3.6635E-01
2.4458E-02  1.1009E+01  1.0643E+01  3.6635E-01
2.4461E-02  1.1377E+01  1.1011E+01  3.6635E-01
2.4465E-02  1.1041E+01  1.0675E+01  3.6635E-01
2.4469E-02  1.1058E+01  1.0692E+01  3.6635E-01
2.4473E-02  1.1743E+01  1.1376E+01  3.6635E-01
2.4476E-02  1.1114E+01  1.0747E+01  3.6635E-01
2.4480E-02  1.1152E+01  1.0785E+01  3.6635E-01
2.4484E-02  1.1200E+01  1.0834E+01  3.6635E-01
2.4487E-02  1.1264E+01  1.0898E+01  3.6635E-01
2.4491E-02  1.1349E+01  1.0982E+01  3.6635E-01
2.4495E-02  1.1462E+01  1.1096E+01  3.6635E-01
2.4499E-02  1.1623E+01  1.1257E+01  3.6635E-01
2.4503E-02  1.1976E+01  1.1610E+01  3.6635E-01
2.4506E-02  1.2234E+01  1.1868E+01  3.6635E-01
2.4510E-02  1.2883E+01  1.2517E+01  3.6635E-01
2.4514E-02  1.4081E+01  1.3715E+01  3.6635E-01
2.4517E-02  1.6878E+01  1.6512E+01  3.6635E-01
2.4521E-02  2.6159E+01  2.5792E+01  3.6635E-01
2.4525E-02  1.1030E+02  1.0994E+02  3.6635E-01
2.4529E-02  1.4480E+03  1.4477E+03  3.6635E-01
2.4533E-02  1.0564E+02  1.0527E+02  3.6635E-01
2.4536E-02  1.9300E+01  1.8933E+01  3.6635E-01
2.4540E-02  1.5895E+01  1.5529E+01  3.6635E-01
2.4544E-02  1.5320E+01  1.4954E+01  3.6635E-01
2.4547E-02  1.7959E+01  1.7593E+01  3.6635E-01
2.4551E-02  4.7109E+01  4.6742E+01  3.6635E-01
2.4555E-02  1.5475E+03  1.5471E+03  3.6635E-01
2.4559E-02  2.1211E+01  2.0845E+01  3.6635E-01
2.4563E-02  1.5357E+01  1.4991E+01  3.6635E-01
2.4566E-02  2.7885E+01  2.7519E+01  3.6635E-01
2.4570E-02  1.9641E+01  1.9274E+01  3.6635E-01
2.4574E-02  1.2545E+01  1.2178E+01  3.6635E-01
2.4578E-02  1.1760E+01  1.1394E+01  3.6635E-01
2.4581E-02  1.1461E+01  1.1095E+01  3.6635E-01
2.4585E-02  1.1297E+01  1.0931E+01  3.6635E-01
2.4589E-02  1.1192E+01  1.0826E+01  3.6635E-01
2.4592E-02  1.1121E+01  1.0755E+01  3.6635E-01
2.4596E-02  1.1063E+01  1.0696E+01  3.6635E-01
2.4600E-02  1.1025E+01  1.0658E+01  3.6635E-01
2.4604E-02  1.0986E+01  1.0619E+01  3.6635E-01
2.4608E-02  1.0958E+01  1.0591E+01  3.6635E-01
2.4611E-02  1.0934E+01  1.0568E+01  3.6635E-01
2.4615E-02  1.0914E+01  1.0548E+01  3.6635E-01
2.4619E-02  1.0898E+01  1.0531E+01  3.6635E-01
2.4622E-02  1.0887E+01  1.0520E+01  3.6635E-01
2.4626E-02  1.2771E+01  1.2404E+01  3.6635E-01
2.4630E-02  1.0864E+01  1.0497E+01  3.6635E-01
2.4634E-02  1.0850E+01  1.0483E+01  3.6635E-01
2.4638E-02  1.1046E+01  1.0680E+01  3.6635E-01
2.4641E-02  1.0828E+01  1.0462E+01  3.6635E-01
2.4645E-02  1.0819E+01  1.0453E+01  3.6635E-01
2.4649E-02  1.0813E+01  1.0446E+01  3.6635E-01
2.4652E-02  1.0805E+01  1.0439E+01  3.6635E-01
2.4656E-02  1.0818E+01  1.0452E+01  3.6635E-01
2.4660E-02  1.0793E+01  1.0427E+01  3.6635E-01
2.4664E-02  1.0786E+01  1.0420E+01  3.6635E-01
2.4668E-02  1.0781E+01  1.0414E+01  3.6635E-01
2.4671E-02  1.0776E+01  1.0410E+01  3.6635E-01
2.4675E-02  1.0773E+01  1.0407E+01  3.6635E-01
2.4679E-02  1.0767E+01  1.0400E+01  3.6635E-01
2.4682E-02  1.0770E+01  1.0403E+01  3.6635E-01
2.4686E-02  1.0761E+01  1.0395E+01  3.6635E-01
2.4690E-02  1.0758E+01  1.0391E+01  3.6635E-01
2.4694E-02  1.0758E+01  1.0391E+01  3.6635E-01
2.4698E-02  1.0771E+01  1.0405E+01  3.6635E-01
2.4701E-02  1.0950E+01  1.0583E+01  3.6635E-01
2.4705E-02  1.1256E+01  1.0889E+01  3.6635E-01
2.4709E-02  1.0766E+01  1.0400E+01  3.6635E-01
2.4713E-02  1.0740E+01  1.0373E+01  3.6635E-01
2.4716E-02  1.0752E+01  1.0386E+01  3.6635E-01
2.4720E-02  1.0724E+01  1.0357E+01  3.6635E-01
2.4724E-02  1.0730E+01  1.0363E+01  3.6635E-01
2.4727E-02  1.0735E+01  1.0369E+01  3.6635E-01
2.4731E-02  1.0711E+01  1.0345E+01  3.6635E-01
2.4735E-02  1.0708E+01  1.0342E+01  3.6635E-01
2.4739E-02  1.0706E+01  1.0339E+01  3.6635E-01
2.4743E-02  1.0701E+01  1.0334E+01  3.6635E-01
2.4746E-02  1.0697E+01  1.0331E+01  3.6635E-01
2.4750E-02  1.0695E+01  1.0329E+01  3.6635E-01
2.4754E-02  1.0703E+01  1.0337E+01  3.6635E-01
2.4757E-02  1.0690E+01  1.0323E+01  3.6635E-01
2.4761E-02  1.0695E+01  1.0328E+01  3.6635E-01
2.4765E-02  1.0684E+01  1.0318E+01  3.6635E-01
2.4769E-02  1.0696E+01  1.0330E+01  3.6635E-01
2.4773E-02  3.0064E+01  2.9698E+01  3.6635E-01
2.4776E-02  1.7346E+01  1.6980E+01  3.6635E-01
2.4780E-02  1.8026E+01  1.7660E+01  3.6635E-01
2.4784E-02  1.0681E+01  1.0315E+01  3.6635E-01
2.4787E-02  1.0675E+01  1.0308E+01  3.6635E-01
2.4791E-02  1.0711E+01  1.0345E+01  3.6635E-01
2.4795E-02  1.0683E+01  1.0317E+01  3.6635E-01
2.4799E-02  2.0149E+01  1.9783E+01  3.6635E-01
2.4803E-02  1.0671E+01  1.0305E+01  3.6635E-01
2.4806E-02  1.0852E+01  1.0486E+01  3.6635E-01
2.4810E-02  1.0657E+01  1.0291E+01  3.6635E-01
2.4814E-02  1.0644E+01  1.0277E+01  3.6635E-01
2.4818E-02  1.0644E+01  1.0278E+01  3.6635E-01
2.4821E-02  1.1771E+01  1.1405E+01  3.6635E-01
2.4825E-02  1.1026E+01  1.0660E+01  3.6635E-01
2.4829E-02  1.0632E+01  1.0265E+01  3.6635E-01
2.4833E-02  1.0629E+01  1.0262E+01  3.6635E-01
2.4836E-02  1.0632E+01  1.0265E+01  3.6635E-01
2.4840E-02  1.0623E+01  1.0257E+01  3.6635E-01
2.4844E-02  1.0621E+01  1.0255E+01  3.6635E-01
2.4848E-02  1.0617E+01  1.0251E+01  3.6635E-01
2.4851E-02  1.0615E+01  1.0248E+01  3.6635E-01
2.4855E-02  1.0612E+01  1.0246E+01  3.6635E-01
2.4859E-02  1.0861E+01  1.0494E+01  3.6635E-01
2.4862E-02  1.0610E+01  1.0244E+01  3.6635E-01
2.4866E-02  1.0631E+01  1.0264E+01  3.6635E-01
2.4870E-02  1.0605E+01  1.0239E+01  3.6635E-01
2.4874E-02  1.0599E+01  1.0233E+01  3.6635E-01
2.4878E-02  1.0597E+01  1.0230E+01  3.6635E-01
2.4881E-02  1.0593E+01  1.0227E+01  3.6635E-01
2.4885E-02  1.0590E+01  1.0224E+01  3.6635E-01
2.4889E-02  1.0592E+01  1.0226E+01  3.6635E-01
2.4892E-02  1.0586E+01  1.0219E+01  3.6635E-01
2.4896E-02  1.0583E+01  1.0217E+01  3.6635E-01
2.4900E-02  1.0582E+01  1.0215E+01  3.6635E-01
2.4904E-02  1.0578E+01  1.0212E+01  3.6635E-01
2.4908E-02  1.0651E+01  1.0284E+01  3.6635E-01
2.4911E-02  1.0571E+01  1.0205E+01  3.6635E-01
2.4915E-02  1.0568E+01  1.0202E+01  3.6635E-01
2.4919E-02  1.0610E+01  1.0243E+01  3.6635E-01
2.4922E-02  1.0563E+01  1.0196E+01  3.6635E-01
2.4926E-02  1.0574E+01  1.0208E+01  3.6635E-01
2.4930E-02  1.0560E+01  1.0193E+01  3.6635E-01
2.4934E-02  2.3994E+01  2.3628E+01  3.6635E-01
2.4938E-02  1.0672E+01  1.0306E+01  3.6635E-01
2.4941E-02  1.0550E+01  1.0183E+01  3.6635E-01
2.4945E-02  1.0721E+01  1.0354E+01  3.6635E-01
2.4949E-02  1.0546E+01  1.0179E+01  3.6635E-01
2.4953E-02  1.0562E+01  1.0196E+01  3.6635E-01
2.4956E-02  1.0539E+01  1.0173E+01  3.6635E-01
2.4960E-02  1.0536E+01  1.0170E+01  3.6635E-01
2.4964E-02  1.0535E+01  1.0169E+01  3.6635E-01
2.4968E-02  1.0620E+01  1.0254E+01  3.6635E-01
2.4971E-02  1.0531E+01  1.0165E+01  3.6635E-01
2.4975E-02  1.0532E+01  1.0165E+01  3.6635E-01
2.4979E-02  1.0552E+01  1.0186E+01  3.6635E-01
2.4983E-02  5.3460E+01  5.3093E+01  3.6635E-01
2.4986E-02  1.1424E+01  1.1057E+01  3.6635E-01
2.4990E-02  2.0465E+01  2.0099E+01  3.6635E-01
2.4994E-02  1.2435E+01  1.2069E+01  3.6635E-01
2.4997E-02  2.1058E+01  2.0691E+01  3.6635E-01
2.5001E-02  1.8049E+01  1.7683E+01  3.6635E-01
2.5005E-02  1.1594E+01  1.1228E+01  3.6635E-01
2.5009E-02  1.0505E+01  1.0139E+01  3.6635E-01
2.5013E-02  1.0501E+01  1.0135E+01  3.6635E-01
2.5016E-02  1.0497E+01  1.0131E+01  3.6635E-01
2.5020E-02  1.0551E+01  1.0185E+01  3.6635E-01
2.5024E-02  1.0494E+01  1.0128E+01  3.6635E-01
2.5027E-02  1.0625E+01  1.0259E+01  3.6635E-01
2.5031E-02  1.0490E+01  1.0124E+01  3.6635E-01
2.5035E-02  1.0485E+01  1.0118E+01  3.6635E-01
2.5039E-02  1.0486E+01  1.0120E+01  3.6635E-01
2.5043E-02  1.0494E+01  1.0128E+01  3.6635E-01
2.5046E-02  1.0489E+01  1.0123E+01  3.6635E-01
2.5050E-02  1.3386E+01  1.3020E+01  3.6635E-01
2.5054E-02  1.0494E+01  1.0128E+01  3.6635E-01
2.5057E-02  1.0523E+01  1.0157E+01  3.6635E-01
2.5061E-02  1.6975E+01  1.6609E+01  3.6635E-01
2.5065E-02  1.0601E+01  1.0235E+01  3.6635E-01
2.5069E-02  1.2320E+01  1.1954E+01  3.6635E-01
2.5073E-02  1.1194E+01  1.0827E+01  3.6635E-01
2.5076E-02  1.0553E+01  1.0187E+01  3.6635E-01
2.5080E-02  1.0489E+01  1.0122E+01  3.6635E-01
2.5084E-02  1.0466E+01  1.0100E+01  3.6635E-01
2.5088E-02  1.0455E+01  1.0089E+01  3.6635E-01
2.5091E-02  1.0450E+01  1.0084E+01  3.6635E-01
2.5095E-02  1.0443E+01  1.0077E+01  3.6635E-01
2.5099E-02  1.0441E+01  1.0074E+01  3.6635E-01
2.5102E-02  1.0437E+01  1.0070E+01  3.6635E-01
2.5106E-02  1.0432E+01  1.0066E+01  3.6635E-01
2.5110E-02  1.0430E+01  1.0064E+01  3.6635E-01
2.5114E-02  2.1355E+01  2.0989E+01  3.6635E-01
2.5118E-02  4.5269E+01  4.4902E+01  3.6635E-01
2.5121E-02  1.0420E+01  1.0054E+01  3.6635E-01
2.5125E-02  1.0419E+01  1.0053E+01  3.6635E-01
2.5129E-02  1.0416E+01  1.0050E+01  3.6635E-01
2.5132E-02  1.0476E+01  1.0109E+01  3.6635E-01
2.5136E-02  1.0431E+01  1.0064E+01  3.6635E-01
2.5140E-02  1.0406E+01  1.0039E+01  3.6635E-01
2.5144E-02  1.0402E+01  1.0036E+01  3.6635E-01
2.5147E-02  1.0449E+01  1.0083E+01  3.6635E-01
2.5151E-02  1.0398E+01  1.0031E+01  3.6635E-01
2.5155E-02  1.0408E+01  1.0042E+01  3.6635E-01
2.5159E-02  1.0436E+01  1.0070E+01  3.6635E-01
2.5162E-02  1.0389E+01  1.0023E+01  3.6635E-01
2.5166E-02  1.0387E+01  1.0020E+01  3.6635E-01
2.5170E-02  1.0383E+01  1.0017E+01  3.6635E-01
2.5174E-02  1.0381E+01  1.0014E+01  3.6635E-01
2.5178E-02  1.0381E+01  1.0014E+01  3.6635E-01
2.5181E-02  1.0376E+01  1.0009E+01  3.6635E-01
2.5185E-02  1.0372E+01  1.0005E+01  3.6635E-01
2.5189E-02  1.0375E+01  1.0008E+01  3.6635E-01
2.5193E-02  1.0366E+01  9.9996E+00  3.6635E-01
2.5196E-02  1.0364E+01  9.9974E+00  3.6635E-01
2.5200E-02  1.0360E+01  9.9941E+00  3.6635E-01
2.5204E-02  1.0363E+01  9.9969E+00  3.6635E-01
2.5208E-02  1.0355E+01  9.9885E+00  3.6635E-01
2.5211E-02  1.0352E+01  9.9857E+00  3.6635E-01
2.5215E-02  1.0350E+01  9.9839E+00  3.6635E-01
2.5219E-02  1.0346E+01  9.9801E+00  3.6635E-01
2.5223E-02  1.0482E+01  1.0116E+01  3.6635E-01
2.5226E-02  1.0341E+01  9.9751E+00  3.6635E-01
2.5230E-02  1.0339E+01  9.9723E+00  3.6635E-01
2.5234E-02  1.0336E+01  9.9697E+00  3.6635E-01
2.5237E-02  1.0333E+01  9.9663E+00  3.6635E-01
2.5241E-02  1.0330E+01  9.9635E+00  3.6635E-01
2.5245E-02  1.0327E+01  9.9608E+00  3.6635E-01
2.5249E-02  1.0324E+01  9.9580E+00  3.6635E-01
2.5253E-02  1.0322E+01  9.9556E+00  3.6635E-01
2.5256E-02  1.0350E+01  9.9837E+00  3.6635E-01
2.5260E-02  1.0316E+01  9.9500E+00  3.6635E-01
2.5264E-02  1.0313E+01  9.9470E+00  3.6635E-01
2.5267E-02  1.0311E+01  9.9443E+00  3.6635E-01
2.5271E-02  1.0308E+01  9.9417E+00  3.6635E-01
2.5275E-02  1.0305E+01  9.9390E+00  3.6635E-01
2.5279E-02  1.0305E+01  9.9387E+00  3.6635E-01
2.5283E-02  1.0302E+01  9.9358E+00  3.6635E-01
2.5286E-02  5.0109E+01  4.9743E+01  3.6635E-01
2.5290E-02  1.0297E+01  9.9307E+00  3.6635E-01
2.5294E-02  1.0296E+01  9.9301E+00  3.6635E-01
2.5297E-02  1.0984E+01  1.0617E+01  3.6635E-01
2.5301E-02  1.0944E+01  1.0577E+01  3.6635E-01
2.5305E-02  1.0320E+01  9.9536E+00  3.6635E-01
2.5309E-02  1.0526E+01  1.0160E+01  3.6635E-01
2.5313E-02  1.0281E+01  9.9150E+00  3.6635E-01
2.5316E-02  1.1892E+01  1.1526E+01  3.6635E-01
2.5320E-02  1.0406E+01  1.0039E+01  3.6635E-01
2.5324E-02  2.4314E+01  2.3947E+01  3.6635E-01
2.5328E-02  1.3178E+01  1.2811E+01  3.6635E-01
2.5331E-02  1.0268E+01  9.9015E+00  3.6635E-01
2.5335E-02  1.0263E+01  9.8968E+00  3.6635E-01
2.5339E-02  1.0962E+01  1.0596E+01  3.6635E-01
2.5343E-02  1.0256E+01  9.8899E+00  3.6635E-01
2.5346E-02  1.0253E+01  9.8864E+00  3.6635E-01
2.5350E-02  1.0250E+01  9.8837E+00  3.6635E-01
2.5354E-02  1.0247E+01  9.8804E+00  3.6635E-01
2.5358E-02  1.0254E+01  9.8877E+00  3.6635E-01
2.5361E-02  1.0251E+01  9.8849E+00  3.6635E-01
2.5365E-02  1.0239E+01  9.8724E+00  3.6635E-01
2.5369E-02  1.0240E+01  9.8737E+00  3.6635E-01
2.5372E-02  1.0232E+01  9.8659E+00  3.6635E-01
2.5376E-02  1.0230E+01  9.8635E+00  3.6635E-01
2.5380E-02  1.0227E+01  9.8603E+00  3.6635E-01
2.5384E-02  1.0396E+01  1.0029E+01  3.6635E-01
2.5388E-02  1.0221E+01  9.8546E+00  3.6635E-01
2.5391E-02  1.0218E+01  9.8518E+00  3.6635E-01
2.5395E-02  1.0215E+01  9.8490E+00  3.6635E-01
2.5399E-02  1.0214E+01  9.8474E+00  3.6635E-01
2.5402E-02  1.0210E+01  9.8438E+00  3.6635E-01
2.5406E-02  1.0210E+01  9.8436E+00  3.6635E-01
2.5410E-02  1.0205E+01  9.8387E+00  3.6635E-01
2.5414E-02  1.0201E+01  9.8350E+00  3.6635E-01
2.5418E-02  1.0199E+01  9.8327E+00  3.6635E-01
2.5421E-02  1.0196E+01  9.8296E+00  3.6635E-01
2.5425E-02  1.0193E+01  9.8265E+00  3.6635E-01
2.5429E-02  1.0194E+01  9.8273E+00  3.6635E-01
2.5432E-02  1.0188E+01  9.8213E+00  3.6635E-01
2.5436E-02  1.0185E+01  9.8182E+00  3.6635E-01
2.5440E-02  1.0190E+01  9.8233E+00  3.6635E-01
2.5444E-02  1.0190E+01  9.8237E+00  3.6635E-01
2.5448E-02  1.0221E+01  9.8551E+00  3.6635E-01
2.5451E-02  1.0623E+01  1.0256E+01  3.6635E-01
2.5455E-02  1.0191E+01  9.8251E+00  3.6635E-01
2.5459E-02  1.0181E+01  9.8151E+00  3.6635E-01
2.5463E-02  1.0173E+01  9.8071E+00  3.6635E-01
2.5466E-02  1.0162E+01  9.7959E+00  3.6635E-01
2.5470E-02  1.0188E+01  9.8212E+00  3.6635E-01
2.5474E-02  1.0157E+01  9.7904E+00  3.6635E-01
2.5478E-02  1.0638E+01  1.0272E+01  3.6635E-01
2.5481E-02  1.0151E+01  9.7843E+00  3.6635E-01
2.5485E-02  1.0149E+01  9.7822E+00  3.6635E-01
2.5489E-02  1.0208E+01  9.8413E+00  3.6635E-01
2.5493E-02  1.0143E+01  9.7768E+00  3.6635E-01
2.5496E-02  1.0873E+01  1.0507E+01  3.6635E-01
2.5500E-02  1.0137E+01  9.7703E+00  3.6635E-01
2.5504E-02  1.0134E+01  9.7678E+00  3.6635E-01
2.5507E-02  1.0131E+01  9.7645E+00  3.6635E-01
2.5511E-02  1.1295E+01  1.0929E+01  3.6635E-01
2.5515E-02  1.0125E+01  9.7587E+00  3.6635E-01
2.5519E-02  1.0122E+01  9.7559E+00  3.6635E-01
2.5523E-02  1.0119E+01  9.7530E+00  3.6635E-01
2.5526E-02  1.0157E+01  9.7904E+00  3.6635E-01
2.5530E-02  1.0114E+01  9.7475E+00  3.6635E-01
2.5534E-02  1.0112E+01  9.7461E+00  3.6635E-01
2.5537E-02  1.0108E+01  9.7415E+00  3.6635E-01
2.5541E-02  1.0108E+01  9.7414E+00  3.6635E-01
2.5545E-02  1.0104E+01  9.7373E+00  3.6635E-01
2.5549E-02  1.0099E+01  9.7330E+00  3.6635E-01
2.5553E-02  1.0098E+01  9.7314E+00  3.6635E-01
2.5556E-02  1.0094E+01  9.7276E+00  3.6635E-01
2.5560E-02  1.0091E+01  9.7251E+00  3.6635E-01
2.5564E-02  1.0106E+01  9.7393E+00  3.6635E-01
2.5568E-02  1.0088E+01  9.7216E+00  3.6635E-01
2.5571E-02  1.0083E+01  9.7163E+00  3.6635E-01
2.5575E-02  1.0086E+01  9.7198E+00  3.6635E-01
2.5579E-02  1.0088E+01  9.7221E+00  3.6635E-01
2.5583E-02  1.0095E+01  9.7284E+00  3.6635E-01
2.5586E-02  1.0073E+01  9.7066E+00  3.6635E-01
2.5590E-02  1.0073E+01  9.7064E+00  3.6635E-01
2.5594E-02  1.0216E+01  9.8495E+00  3.6635E-01
2.5598E-02  1.3628E+02  1.3591E+02  3.6635E-01
2.5601E-02  1.0077E+01  9.7111E+00  3.6635E-01
2.5605E-02  1.0063E+01  9.6963E+00  3.6635E-01
2.5609E-02  1.0117E+01  9.7511E+00  3.6635E-01
2.5612E-02  1.4988E+01  1.4622E+01  3.6635E-01
2.5616E-02  1.0136E+01  9.7694E+00  3.6635E-01
2.5620E-02  1.3767E+01  1.3400E+01  3.6635E-01
2.5624E-02  1.0046E+01  9.6792E+00  3.6635E-01
2.5628E-02  1.0042E+01  9.6752E+00  3.6635E-01
2.5631E-02  1.0041E+01  9.6750E+00  3.6635E-01
2.5635E-02  1.0131E+01  9.7651E+00  3.6635E-01
2.5639E-02  1.0071E+01  9.7046E+00  3.6635E-01
2.5642E-02  2.4860E+01  2.4494E+01  3.6635E-01
2.5646E-02  1.0102E+01  9.7354E+00  3.6635E-01
2.5650E-02  1.0033E+01  9.6662E+00  3.6635E-01
2.5654E-02  1.0025E+01  9.6587E+00  3.6635E-01
2.5657E-02  1.0023E+01  9.6567E+00  3.6635E-01
2.5661E-02  1.0028E+01  9.6612E+00  3.6635E-01
2.5665E-02  1.0128E+01  9.7613E+00  3.6635E-01
2.5669E-02  1.0173E+01  9.8070E+00  3.6635E-01
2.5672E-02  1.0027E+01  9.6608E+00  3.6635E-01
2.5676E-02  1.6159E+01  1.5792E+01  3.6635E-01
2.5680E-02  1.0006E+01  9.6392E+00  3.6635E-01
2.5684E-02  1.0000E+01  9.6341E+00  3.6635E-01
2.5688E-02  9.9951E+00  9.6288E+00  3.6635E-01
2.5691E-02  9.9935E+00  9.6272E+00  3.6635E-01
2.5695E-02  9.9897E+00  9.6234E+00  3.6635E-01
2.5699E-02  9.9865E+00  9.6201E+00  3.6635E-01
2.5703E-02  9.9843E+00  9.6179E+00  3.6635E-01
2.5706E-02  9.9879E+00  9.6215E+00  3.6635E-01
2.5710E-02  1.1702E+01  1.1336E+01  3.6635E-01
2.5714E-02  9.9810E+00  9.6147E+00  3.6635E-01
2.5718E-02  1.0059E+01  9.6925E+00  3.6635E-01
2.5721E-02  9.9696E+00  9.6032E+00  3.6635E-01
2.5725E-02  9.9665E+00  9.6001E+00  3.6635E-01
2.5729E-02  1.0164E+01  9.7981E+00  3.6635E-01
2.5733E-02  9.9603E+00  9.5940E+00  3.6635E-01
2.5736E-02  9.9588E+00  9.5924E+00  3.6635E-01
2.5740E-02  9.9540E+00  9.5876E+00  3.6635E-01
2.5744E-02  9.9544E+00  9.5880E+00  3.6635E-01
2.5747E-02  1.0262E+01  9.8959E+00  3.6635E-01
2.5751E-02  9.9495E+00  9.5832E+00  3.6635E-01
2.5755E-02  9.9429E+00  9.5766E+00  3.6635E-01
2.5759E-02  9.9392E+00  9.5729E+00  3.6635E-01
2.5763E-02  9.9363E+00  9.5699E+00  3.6635E-01
2.5766E-02  9.9334E+00  9.5671E+00  3.6635E-01
2.5770E-02  9.9305E+00  9.5642E+00  3.6635E-01
2.5774E-02  9.9278E+00  9.5614E+00  3.6635E-01
2.5777E-02  9.9271E+00  9.5607E+00  3.6635E-01
2.5781E-02  9.9218E+00  9.5555E+00  3.6635E-01
2.5785E-02  9.9195E+00  9.5531E+00  3.6635E-01
2.5789E-02  9.9795E+00  9.6132E+00  3.6635E-01
2.5792E-02  9.9132E+00  9.5469E+00  3.6635E-01
2.5796E-02  9.9105E+00  9.5442E+00  3.6635E-01
2.5800E-02  9.9081E+00  9.5418E+00  3.6635E-01
2.5804E-02  9.9339E+00  9.5676E+00  3.6635E-01
2.5807E-02  9.9023E+00  9.5359E+00  3.6635E-01
2.5811E-02  9.9009E+00  9.5345E+00  3.6635E-01
2.5815E-02  9.9031E+00  9.5368E+00  3.6635E-01
2.5819E-02  9.8947E+00  9.5284E+00  3.6635E-01
2.5823E-02  1.0565E+01  1.0198E+01  3.6635E-01
2.5826E-02  1.0112E+01  9.7453E+00  3.6635E-01
2.5830E-02  9.9070E+00  9.5406E+00  3.6635E-01
2.5834E-02  9.9158E+00  9.5495E+00  3.6635E-01
2.5838E-02  9.8820E+00  9.5156E+00  3.6635E-01
2.5841E-02  9.8772E+00  9.5109E+00  3.6635E-01
2.5845E-02  9.8742E+00  9.5079E+00  3.6635E-01
2.5849E-02  9.8703E+00  9.5039E+00  3.6635E-01
2.5853E-02  9.8679E+00  9.5015E+00  3.6635E-01
2.5856E-02  9.8653E+00  9.4990E+00  3.6635E-01
2.5860E-02  9.8614E+00  9.4950E+00  3.6635E-01
2.5864E-02  9.8594E+00  9.4930E+00  3.6635E-01
2.5868E-02  9.8602E+00  9.4938E+00  3.6635E-01
2.5871E-02  9.8536E+00  9.4872E+00  3.6635E-01
2.5875E-02  9.8527E+00  9.4863E+00  3.6635E-01
2.5879E-02  9.8491E+00  9.4827E+00  3.6635E-01
2.5882E-02  9.8459E+00  9.4796E+00  3.6635E-01
2.5886E-02  9.8413E+00  9.4750E+00  3.6635E-01
2.5890E-02  9.8385E+00  9.4721E+00  3.6635E-01
2.5894E-02  9.8356E+00  9.4693E+00  3.6635E-01
2.5898E-02  9.8328E+00  9.4664E+00  3.6635E-01
2.5901E-02  9.8312E+00  9.4649E+00  3.6635E-01
2.5905E-02  9.8282E+00  9.4619E+00  3.6635E-01
2.5909E-02  9.8251E+00  9.4588E+00  3.6635E-01
2.5912E-02  9.8254E+00  9.4591E+00  3.6635E-01
2.5916E-02  9.8236E+00  9.4573E+00  3.6635E-01
2.5920E-02  9.8171E+00  9.4508E+00  3.6635E-01
2.5924E-02  9.8151E+00  9.4488E+00  3.6635E-01
2.5927E-02  9.8134E+00  9.4471E+00  3.6635E-01
2.5931E-02  9.8130E+00  9.4466E+00  3.6635E-01
2.5935E-02  9.8173E+00  9.4509E+00  3.6635E-01
2.5939E-02  9.8298E+00  9.4634E+00  3.6635E-01
2.5943E-02  9.8978E+00  9.5315E+00  3.6635E-01
2.5946E-02  1.0817E+03  1.0813E+03  3.6635E-01
2.5950E-02  9.9291E+00  9.5627E+00  3.6635E-01
2.5954E-02  9.9813E+00  9.6150E+00  3.6635E-01
2.5958E-02  1.0254E+01  9.8878E+00  3.6635E-01
2.5961E-02  9.8136E+00  9.4472E+00  3.6635E-01
2.5965E-02  1.2625E+01  1.2259E+01  3.6635E-01
2.5969E-02  9.9839E+00  9.6176E+00  3.6635E-01
2.5973E-02  9.8051E+00  9.4387E+00  3.6635E-01
2.5976E-02  9.8094E+00  9.4431E+00  3.6635E-01
2.5980E-02  9.7747E+00  9.4083E+00  3.6635E-01
2.5984E-02  9.7932E+00  9.4269E+00  3.6635E-01
2.5988E-02  9.7652E+00  9.3989E+00  3.6635E-01
2.5991E-02  9.7643E+00  9.3980E+00  3.6635E-01
2.5995E-02  9.7664E+00  9.4001E+00  3.6635E-01
2.5999E-02  9.7649E+00  9.3985E+00  3.6635E-01
2.6003E-02  9.7529E+00  9.3866E+00  3.6635E-01
2.6006E-02  9.7503E+00  9.3839E+00  3.6635E-01
2.6010E-02  9.7695E+00  9.4031E+00  3.6635E-01
2.6014E-02  9.7536E+00  9.3872E+00  3.6635E-01
2.6017E-02  9.8307E+00  9.4643E+00  3.6635E-01
2.6021E-02  9.7371E+00  9.3708E+00  3.6635E-01
2.6025E-02  9.7341E+00  9.3677E+00  3.6635E-01
2.6029E-02  9.7373E+00  9.3710E+00  3.6635E-01
2.6033E-02  9.8700E+00  9.5037E+00  3.6635E-01
2.6036E-02  9.7419E+00  9.3756E+00  3.6635E-01
2.6040E-02  9.7240E+00  9.3577E+00  3.6635E-01
2.6044E-02  9.7194E+00  9.3531E+00  3.6635E-01
2.6047E-02  9.7165E+00  9.3502E+00  3.6635E-01
2.6051E-02  9.7193E+00  9.3529E+00  3.6635E-01
2.6055E-02  9.8212E+00  9.4549E+00  3.6635E-01
2.6059E-02  9.7077E+00  9.3413E+00  3.6635E-01
2.6062E-02  9.7135E+00  9.3472E+00  3.6635E-01
2.6066E-02  9.7024E+00  9.3361E+00  3.6635E-01
2.6070E-02  9.7015E+00  9.3352E+00  3.6635E-01
2.6074E-02  9.6969E+00  9.3305E+00  3.6635E-01
2.6078E-02  9.6930E+00  9.3266E+00  3.6635E-01
2.6081E-02  9.9123E+00  9.5459E+00  3.6635E-01
2.6085E-02  9.6875E+00  9.3211E+00  3.6635E-01
2.6089E-02  9.6845E+00  9.3182E+00  3.6635E-01
2.6093E-02  9.6815E+00  9.3151E+00  3.6635E-01
2.6096E-02  9.6787E+00  9.3124E+00  3.6635E-01
2.6100E-02  9.8902E+00  9.5239E+00  3.6635E-01
2.6104E-02  9.6968E+00  9.3304E+00  3.6635E-01
2.6108E-02  9.6703E+00  9.3039E+00  3.6635E-01
2.6111E-02  9.6671E+00  9.3008E+00  3.6635E-01
2.6115E-02  9.6647E+00  9.2983E+00  3.6635E-01
2.6119E-02  9.7196E+00  9.3532E+00  3.6635E-01
2.6122E-02  9.6613E+00  9.2950E+00  3.6635E-01
2.6126E-02  9.6809E+00  9.3146E+00  3.6635E-01
2.6130E-02  9.6848E+00  9.3185E+00  3.6635E-01
2.6134E-02  1.4634E+01  1.4268E+01  3.6635E-01
2.6138E-02  9.8956E+00  9.5292E+00  3.6635E-01
2.6141E-02  9.6473E+00  9.2809E+00  3.6635E-01
2.6145E-02  9.9131E+00  9.5468E+00  3.6635E-01
2.6149E-02  9.6568E+00  9.2904E+00  3.6635E-01
2.6152E-02  9.6542E+00  9.2879E+00  3.6635E-01
2.6156E-02  9.7552E+00  9.3889E+00  3.6635E-01
2.6160E-02  9.6655E+00  9.2991E+00  3.6635E-01
2.6164E-02  9.6706E+00  9.3043E+00  3.6635E-01
2.6167E-02  9.6519E+00  9.2856E+00  3.6635E-01
2.6171E-02  9.6248E+00  9.2584E+00  3.6635E-01
2.6175E-02  9.7910E+00  9.4247E+00  3.6635E-01
2.6179E-02  1.1833E+01  1.1467E+01  3.6635E-01
2.6182E-02  9.6271E+00  9.2607E+00  3.6635E-01
2.6186E-02  9.6250E+00  9.2587E+00  3.6635E-01
2.6190E-02  9.6146E+00  9.2483E+00  3.6635E-01
2.6194E-02  9.8365E+00  9.4702E+00  3.6635E-01
2.6198E-02  9.6055E+00  9.2391E+00  3.6635E-01
2.6201E-02  9.6076E+00  9.2412E+00  3.6635E-01
2.6205E-02  1.0044E+01  9.6773E+00  3.6635E-01
2.6209E-02  9.5926E+00  9.2263E+00  3.6635E-01
2.6213E-02  9.5899E+00  9.2236E+00  3.6635E-01
2.6216E-02  9.5901E+00  9.2237E+00  3.6635E-01
2.6220E-02  9.5930E+00  9.2266E+00  3.6635E-01
2.6224E-02  9.6650E+00  9.2986E+00  3.6635E-01
2.6228E-02  9.5899E+00  9.2235E+00  3.6635E-01
2.6231E-02  1.0102E+01  9.7359E+00  3.6635E-01
2.6235E-02  1.0329E+01  9.9626E+00  3.6635E-01
2.6239E-02  9.6813E+00  9.3149E+00  3.6635E-01
2.6243E-02  9.5961E+00  9.2298E+00  3.6635E-01
2.6246E-02  1.1399E+01  1.1033E+01  3.6635E-01
2.6250E-02  9.5634E+00  9.1971E+00  3.6635E-01
2.6254E-02  9.5595E+00  9.1931E+00  3.6635E-01
2.6257E-02  9.5747E+00  9.2084E+00  3.6635E-01
2.6261E-02  9.5594E+00  9.1930E+00  3.6635E-01
2.6265E-02  1.0360E+01  9.9940E+00  3.6635E-01
2.6269E-02  9.5474E+00  9.1811E+00  3.6635E-01
2.6273E-02  9.5434E+00  9.1771E+00  3.6635E-01
2.6276E-02  9.5422E+00  9.1758E+00  3.6635E-01
2.6280E-02  9.5909E+00  9.2246E+00  3.6635E-01
2.6284E-02  9.7789E+00  9.4126E+00  3.6635E-01
2.6287E-02  9.5448E+00  9.1785E+00  3.6635E-01
2.6291E-02  9.5515E+00  9.1851E+00  3.6635E-01
2.6295E-02  9.5561E+00  9.1897E+00  3.6635E-01
2.6299E-02  9.5244E+00  9.1581E+00  3.6635E-01
2.6302E-02  9.5251E+00  9.1588E+00  3.6635E-01
2.6306E-02  9.5214E+00  9.1550E+00  3.6635E-01
2.6310E-02  9.5399E+00  9.1735E+00  3.6635E-01
2.6314E-02  9.5114E+00  9.1450E+00  3.6635E-01
2.6318E-02  9.5425E+00  9.1762E+00  3.6635E-01
2.6321E-02  9.5453E+00  9.1789E+00  3.6635E-01
2.6325E-02  9.5044E+00  9.1380E+00  3.6635E-01
2.6329E-02  9.4989E+00  9.1325E+00  3.6635E-01
2.6333E-02  9.4985E+00  9.1321E+00  3.6635E-01
2.6336E-02  9.4929E+00  9.1265E+00  3.6635E-01
2.6340E-02  9.4909E+00  9.1246E+00  3.6635E-01
2.6344E-02  9.4962E+00  9.1298E+00  3.6635E-01
2.6348E-02  9.4847E+00  9.1183E+00  3.6635E-01
2.6351E-02  9.4913E+00  9.1249E+00  3.6635E-01
2.6355E-02  9.4894E+00  9.1231E+00  3.6635E-01
2.6359E-02  1.0226E+01  9.8594E+00  3.6635E-01
2.6363E-02  9.4717E+00  9.1054E+00  3.6635E-01
2.6366E-02  9.4706E+00  9.1042E+00  3.6635E-01
2.6370E-02  9.4658E+00  9.0995E+00  3.6635E-01
2.6374E-02  9.4629E+00  9.0965E+00  3.6635E-01
2.6378E-02  9.4618E+00  9.0954E+00  3.6635E-01
2.6381E-02  9.4571E+00  9.0907E+00  3.6635E-01
2.6385E-02  9.4550E+00  9.0887E+00  3.6635E-01
2.6389E-02  9.4515E+00  9.0851E+00  3.6635E-01
2.6392E-02  9.4484E+00  9.0821E+00  3.6635E-01
2.6396E-02  9.4695E+00  9.1031E+00  3.6635E-01
2.6400E-02  9.4437E+00  9.0773E+00  3.6635E-01
2.6404E-02  9.4562E+00  9.0899E+00  3.6635E-01
2.6408E-02  9.4374E+00  9.0711E+00  3.6635E-01
2.6411E-02  9.4345E+00  9.0681E+00  3.6635E-01
2.6415E-02  9.4341E+00  9.0677E+00  3.6635E-01
2.6419E-02  9.4286E+00  9.0622E+00  3.6635E-01
2.6422E-02  9.5942E+00  9.2278E+00  3.6635E-01
2.6426E-02  9.4492E+00  9.0828E+00  3.6635E-01
2.6430E-02  9.4276E+00  9.0613E+00  3.6635E-01
2.6434E-02  9.4208E+00  9.0545E+00  3.6635E-01
2.6437E-02  9.4149E+00  9.0486E+00  3.6635E-01
2.6441E-02  9.4110E+00  9.0446E+00  3.6635E-01
2.6445E-02  9.4157E+00  9.0494E+00  3.6635E-01
2.6449E-02  9.4087E+00  9.0424E+00  3.6635E-01
2.6453E-02  2.2153E+01  2.1787E+01  3.6635E-01
2.6456E-02  9.4012E+00  9.0349E+00  3.6635E-01
2.6460E-02  9.3997E+00  9.0333E+00  3.6635E-01
2.6464E-02  9.3936E+00  9.0273E+00  3.6635E-01
2.6468E-02  9.4182E+00  9.0519E+00  3.6635E-01
2.6471E-02  9.3921E+00  9.0257E+00  3.6635E-01
2.6475E-02  9.3859E+00  9.0195E+00  3.6635E-01
2.6479E-02  9.3871E+00  9.0207E+00  3.6635E-01
2.6483E-02  1.1226E+01  1.0860E+01  3.6635E-01
2.6486E-02  9.3983E+00  9.0320E+00  3.6635E-01
2.6490E-02  9.3793E+00  9.0130E+00  3.6635E-01
2.6494E-02  9.3722E+00  9.0058E+00  3.6635E-01
2.6498E-02  9.3694E+00  9.0030E+00  3.6635E-01
2.6501E-02  9.3647E+00  8.9984E+00  3.6635E-01
2.6505E-02  9.3622E+00  8.9959E+00  3.6635E-01
2.6509E-02  9.3590E+00  8.9927E+00  3.6635E-01
2.6513E-02  9.3564E+00  8.9900E+00  3.6635E-01
2.6516E-02  9.3646E+00  8.9983E+00  3.6635E-01
2.6520E-02  9.3505E+00  8.9841E+00  3.6635E-01
2.6524E-02  9.3474E+00  8.9811E+00  3.6635E-01
2.6527E-02  9.3774E+00  9.0111E+00  3.6635E-01
2.6531E-02  9.3418E+00  8.9754E+00  3.6635E-01
2.6535E-02  9.3392E+00  8.9729E+00  3.6635E-01
2.6539E-02  9.3368E+00  8.9705E+00  3.6635E-01
2.6543E-02  9.3356E+00  8.9693E+00  3.6635E-01
2.6546E-02  1.4557E+01  1.4190E+01  3.6635E-01
2.6550E-02  9.3295E+00  8.9631E+00  3.6635E-01
2.6554E-02  9.3259E+00  8.9595E+00  3.6635E-01
2.6557E-02  9.3221E+00  8.9557E+00  3.6635E-01
2.6561E-02  9.3194E+00  8.9531E+00  3.6635E-01
2.6565E-02  9.3165E+00  8.9502E+00  3.6635E-01
2.6569E-02  9.3137E+00  8.9474E+00  3.6635E-01
2.6572E-02  9.3131E+00  8.9467E+00  3.6635E-01
2.6576E-02  9.3083E+00  8.9419E+00  3.6635E-01
2.6580E-02  9.3060E+00  8.9397E+00  3.6635E-01
2.6584E-02  9.3060E+00  8.9397E+00  3.6635E-01
2.6588E-02  9.4111E+00  9.0448E+00  3.6635E-01
2.6591E-02  9.3706E+00  9.0043E+00  3.6635E-01
2.6595E-02  9.2999E+00  8.9336E+00  3.6635E-01
2.6599E-02  9.2944E+00  8.9280E+00  3.6635E-01
2.6603E-02  9.2957E+00  8.9294E+00  3.6635E-01
2.6606E-02  8.1464E+01  8.1097E+01  3.6635E-01
2.6610E-02  9.3138E+00  8.9474E+00  3.6635E-01
2.6614E-02  9.4196E+00  9.0532E+00  3.6635E-01
2.6618E-02  9.3010E+00  8.9346E+00  3.6635E-01
2.6621E-02  9.2799E+00  8.9135E+00  3.6635E-01
2.6625E-02  9.2743E+00  8.9079E+00  3.6635E-01
2.6629E-02  9.2710E+00  8.9047E+00  3.6635E-01
2.6632E-02  9.2678E+00  8.9015E+00  3.6635E-01
2.6636E-02  9.2685E+00  8.9022E+00  3.6635E-01
2.6640E-02  9.2912E+00  8.9248E+00  3.6635E-01
2.6644E-02  9.2611E+00  8.8947E+00  3.6635E-01
2.6648E-02  9.2650E+00  8.8986E+00  3.6635E-01
2.6651E-02  1.4284E+01  1.3917E+01  3.6635E-01
2.6655E-02  9.2567E+00  8.8904E+00  3.6635E-01
2.6659E-02  9.3290E+00  8.9626E+00  3.6635E-01
2.6662E-02  9.2520E+00  8.8856E+00  3.6635E-01
2.6666E-02  9.2483E+00  8.8819E+00  3.6635E-01
2.6670E-02  9.2503E+00  8.8840E+00  3.6635E-01
2.6674E-02  9.2570E+00  8.8907E+00  3.6635E-01
2.6677E-02  1.0112E+01  9.7456E+00  3.6635E-01
2.6681E-02  2.3082E+01  2.2716E+01  3.6635E-01
2.6685E-02  9.4780E+00  9.1116E+00  3.6635E-01
2.6689E-02  1.4540E+01  1.4174E+01  3.6635E-01
2.6693E-02  7.1443E+01  7.1077E+01  3.6635E-01
2.6696E-02  9.4428E+00  9.0765E+00  3.6635E-01
2.6700E-02  9.2502E+00  8.8839E+00  3.6635E-01
2.6704E-02  9.2413E+00  8.8750E+00  3.6635E-01
2.6707E-02  9.2407E+00  8.8744E+00  3.6635E-01
2.6711E-02  9.2439E+00  8.8775E+00  3.6635E-01
2.6715E-02  1.0141E+01  9.7742E+00  3.6635E-01
2.6719E-02  9.2693E+00  8.9029E+00  3.6635E-01
2.6723E-02  9.3091E+00  8.9427E+00  3.6635E-01
2.6726E-02  9.7049E+00  9.3386E+00  3.6635E-01
2.6730E-02  9.9834E+00  9.6171E+00  3.6635E-01
2.6734E-02  1.3613E+04  1.3613E+04  3.6635E-01
2.6738E-02  2.5888E+01  2.5521E+01  3.6635E-01
2.6741E-02  9.4958E+00  9.1295E+00  3.6635E-01
2.6745E-02  9.6117E+00  9.2453E+00  3.6635E-01
2.6749E-02  1.5099E+01  1.4733E+01  3.6635E-01
2.6753E-02  1.4480E+01  1.4114E+01  3.6635E-01
2.6756E-02  2.0048E+01  1.9682E+01  3.6635E-01
2.6760E-02  9.3129E+00  8.9465E+00  3.6635E-01
2.6764E-02  9.3720E+00  9.0057E+00  3.6635E-01
2.6767E-02  9.9563E+00  9.5899E+00  3.6635E-01
2.6771E-02  1.2464E+01  1.2098E+01  3.6635E-01
2.6775E-02  1.4914E+01  1.4548E+01  3.6635E-01
2.6779E-02  1.0862E+01  1.0496E+01  3.6635E-01
2.6783E-02  9.4879E+00  9.1216E+00  3.6635E-01
2.6786E-02  9.4369E+00  9.0706E+00  3.6635E-01
2.6790E-02  9.8504E+00  9.4841E+00  3.6635E-01
2.6794E-02  9.6514E+00  9.2850E+00  3.6635E-01
2.6797E-02  9.9477E+00  9.5813E+00  3.6635E-01
2.6801E-02  1.0930E+01  1.0563E+01  3.6635E-01
2.6805E-02  1.6931E+01  1.6564E+01  3.6635E-01
2.6809E-02  8.3610E+03  8.3606E+03  3.6635E-01
2.6812E-02  2.1695E+01  2.1329E+01  3.6635E-01
2.6816E-02  1.1503E+01  1.1136E+01  3.6635E-01
2.6820E-02  1.0157E+01  9.7908E+00  3.6635E-01
2.6824E-02  9.7780E+00  9.4116E+00  3.6635E-01
2.6828E-02  9.7932E+00  9.4268E+00  3.6635E-01
2.6831E-02  9.7991E+00  9.4328E+00  3.6635E-01
2.6835E-02  9.8267E+00  9.4603E+00  3.6635E-01
2.6839E-02  1.1133E+01  1.0767E+01  3.6635E-01
2.6842E-02  1.1857E+04  1.1857E+04  3.6635E-01
2.6846E-02  2.3749E+01  2.3383E+01  3.6635E-01
2.6850E-02  9.8872E+00  9.5209E+00  3.6635E-01
2.6854E-02  1.1645E+01  1.1279E+01  3.6635E-01
2.6858E-02  9.5236E+00  9.1573E+00  3.6635E-01
2.6861E-02  9.2762E+00  8.9099E+00  3.6635E-01
2.6865E-02  9.3386E+00  8.9723E+00  3.6635E-01
2.6869E-02  9.3152E+00  8.9488E+00  3.6635E-01
2.6873E-02  9.9483E+00  9.5819E+00  3.6635E-01
2.6876E-02  9.7791E+00  9.4127E+00  3.6635E-01
2.6880E-02  1.4289E+01  1.3923E+01  3.6635E-01
2.6884E-02  1.7393E+01  1.7026E+01  3.6635E-01
2.6888E-02  1.0982E+01  1.0615E+01  3.6635E-01
2.6891E-02  9.3490E+00  8.9826E+00  3.6635E-01
2.6895E-02  9.2093E+00  8.8430E+00  3.6635E-01
2.6899E-02  9.1828E+00  8.8165E+00  3.6635E-01
2.6902E-02  9.1307E+00  8.7643E+00  3.6635E-01
2.6906E-02  9.1215E+00  8.7552E+00  3.6635E-01
2.6910E-02  9.1924E+00  8.8260E+00  3.6635E-01
2.6914E-02  1.1633E+01  1.1267E+01  3.6635E-01
2.6918E-02  9.1085E+00  8.7422E+00  3.6635E-01
2.6921E-02  9.1206E+00  8.7543E+00  3.6635E-01
2.6925E-02  9.0722E+00  8.7059E+00  3.6635E-01
2.6929E-02  9.0846E+00  8.7183E+00  3.6635E-01
2.6932E-02  9.0770E+00  8.7107E+00  3.6635E-01
2.6936E-02  9.0567E+00  8.6904E+00  3.6635E-01
2.6940E-02  9.0822E+00  8.7159E+00  3.6635E-01
2.6944E-02  9.0547E+00  8.6883E+00  3.6635E-01
2.6947E-02  9.0471E+00  8.6807E+00  3.6635E-01
2.6951E-02  9.0468E+00  8.6804E+00  3.6635E-01
2.6955E-02  9.0817E+00  8.7153E+00  3.6635E-01
2.6959E-02  9.0400E+00  8.6736E+00  3.6635E-01
2.6963E-02  9.0741E+00  8.7078E+00  3.6635E-01
2.6966E-02  9.0395E+00  8.6732E+00  3.6635E-01
2.6970E-02  1.2060E+01  1.1693E+01  3.6635E-01
2.6974E-02  9.0439E+00  8.6776E+00  3.6635E-01
2.6977E-02  9.0621E+00  8.6958E+00  3.6635E-01
2.6981E-02  9.0487E+00  8.6824E+00  3.6635E-01
2.6985E-02  1.1545E+01  1.1179E+01  3.6635E-01
2.6989E-02  9.5364E+00  9.1700E+00  3.6635E-01
2.6993E-02  9.1274E+00  8.7611E+00  3.6635E-01
2.6996E-02  9.0556E+00  8.6893E+00  3.6635E-01
2.7000E-02  9.0181E+00  8.6517E+00  3.6635E-01
2.7004E-02  9.0151E+00  8.6487E+00  3.6635E-01
2.7008E-02  9.0244E+00  8.6581E+00  3.6635E-01
2.7011E-02  9.0104E+00  8.6440E+00  3.6635E-01
2.7015E-02  9.0086E+00  8.6422E+00  3.6635E-01
2.7019E-02  9.1452E+00  8.7788E+00  3.6635E-01
2.7023E-02  9.0048E+00  8.6385E+00  3.6635E-01
2.7026E-02  9.0027E+00  8.6363E+00  3.6635E-01
2.7030E-02  9.1845E+00  8.8182E+00  3.6635E-01
2.7034E-02  8.9984E+00  8.6320E+00  3.6635E-01
2.7037E-02  8.9954E+00  8.6291E+00  3.6635E-01
2.7041E-02  8.9918E+00  8.6255E+00  3.6635E-01
2.7045E-02  8.9888E+00  8.6225E+00  3.6635E-01
2.7049E-02  8.9888E+00  8.6224E+00  3.6635E-01
2.7053E-02  9.0154E+00  8.6490E+00  3.6635E-01
2.7056E-02  8.9887E+00  8.6224E+00  3.6635E-01
2.7060E-02  9.1004E+00  8.7340E+00  3.6635E-01
2.7064E-02  8.9767E+00  8.6104E+00  3.6635E-01
2.7068E-02  8.9724E+00  8.6061E+00  3.6635E-01
2.7071E-02  8.9693E+00  8.6030E+00  3.6635E-01
2.7075E-02  8.9666E+00  8.6002E+00  3.6635E-01
2.7079E-02  8.9626E+00  8.5962E+00  3.6635E-01
2.7082E-02  8.9613E+00  8.5950E+00  3.6635E-01
2.7086E-02  8.9575E+00  8.5911E+00  3.6635E-01
2.7090E-02  8.9557E+00  8.5893E+00  3.6635E-01
2.7094E-02  8.9571E+00  8.5908E+00  3.6635E-01
2.7098E-02  8.9535E+00  8.5871E+00  3.6635E-01
2.7101E-02  2.4849E+01  2.4483E+01  3.6635E-01
2.7105E-02  8.9528E+00  8.5865E+00  3.6635E-01
2.7109E-02  8.9459E+00  8.5796E+00  3.6635E-01
2.7113E-02  9.0219E+00  8.6555E+00  3.6635E-01
2.7116E-02  2.6600E+02  2.6563E+02  3.6635E-01
2.7120E-02  8.9600E+00  8.5937E+00  3.6635E-01
2.7124E-02  9.0290E+00  8.6627E+00  3.6635E-01
2.7128E-02  8.9335E+00  8.5672E+00  3.6635E-01
2.7131E-02  8.9416E+00  8.5753E+00  3.6635E-01
2.7135E-02  8.9243E+00  8.5579E+00  3.6635E-01
2.7139E-02  1.0274E+01  9.9076E+00  3.6635E-01
2.7142E-02  8.9153E+00  8.5490E+00  3.6635E-01
2.7146E-02  8.9121E+00  8.5458E+00  3.6635E-01
2.7150E-02  9.0763E+00  8.7099E+00  3.6635E-01
2.7154E-02  8.9079E+00  8.5416E+00  3.6635E-01
2.7158E-02  8.9231E+00  8.5568E+00  3.6635E-01
2.7161E-02  8.9565E+00  8.5901E+00  3.6635E-01
2.7165E-02  8.9020E+00  8.5356E+00  3.6635E-01
2.7169E-02  9.1554E+00  8.7891E+00  3.6635E-01
2.7172E-02  8.9110E+00  8.5446E+00  3.6635E-01
2.7176E-02  8.9066E+00  8.5403E+00  3.6635E-01
2.7180E-02  8.9208E+00  8.5544E+00  3.6635E-01
2.7184E-02  8.9421E+00  8.5757E+00  3.6635E-01
2.7187E-02  1.0113E+01  9.7463E+00  3.6635E-01
2.7191E-02  9.2046E+00  8.8383E+00  3.6635E-01
2.7195E-02  4.0770E+02  4.0734E+02  3.6635E-01
2.7199E-02  9.7355E+00  9.3691E+00  3.6635E-01
2.7203E-02  1.3773E+03  1.3769E+03  3.6635E-01
2.7206E-02  1.7552E+02  1.7515E+02  3.6635E-01
2.7210E-02  9.0502E+00  8.6839E+00  3.6635E-01
2.7214E-02  1.3681E+03  1.3677E+03  3.6635E-01
2.7217E-02  8.9932E+00  8.6268E+00  3.6635E-01
2.7221E-02  2.1721E+01  2.1354E+01  3.6635E-01
2.7225E-02  4.1341E+02  4.1305E+02  3.6635E-01
2.7229E-02  8.8930E+00  8.5267E+00  3.6635E-01
2.7233E-02  9.3183E+00  8.9520E+00  3.6635E-01
2.7236E-02  9.1762E+00  8.8099E+00  3.6635E-01
2.7240E-02  8.8696E+00  8.5032E+00  3.6635E-01
2.7244E-02  8.9587E+00  8.5924E+00  3.6635E-01
2.7248E-02  8.8580E+00  8.4916E+00  3.6635E-01
2.7251E-02  2.3646E+01  2.3280E+01  3.6635E-01
2.7255E-02  8.8688E+00  8.5025E+00  3.6635E-01
2.7259E-02  1.8235E+01  1.7869E+01  3.6635E-01
2.7263E-02  4.2855E+01  4.2489E+01  3.6635E-01
2.7266E-02  8.8355E+00  8.4692E+00  3.6635E-01
2.7270E-02  8.8426E+00  8.4762E+00  3.6635E-01
2.7274E-02  8.8289E+00  8.4625E+00  3.6635E-01
2.7277E-02  9.3947E+00  9.0283E+00  3.6635E-01
2.7281E-02  8.8351E+00  8.4688E+00  3.6635E-01
2.7285E-02  9.1551E+00  8.7887E+00  3.6635E-01
2.7289E-02  8.9085E+00  8.5422E+00  3.6635E-01
2.7293E-02  8.9406E+00  8.5742E+00  3.6635E-01
2.7296E-02  9.0685E+00  8.7021E+00  3.6635E-01
2.7300E-02  1.3981E+01  1.3615E+01  3.6635E-01
2.7304E-02  8.8110E+00  8.4447E+00  3.6635E-01
2.7307E-02  8.7948E+00  8.4285E+00  3.6635E-01
2.7311E-02  1.4701E+01  1.4335E+01  3.6635E-01
2.7315E-02  8.8027E+00  8.4363E+00  3.6635E-01
2.7319E-02  8.9780E+00  8.6117E+00  3.6635E-01
2.7322E-02  9.0600E+00  8.6936E+00  3.6635E-01
2.7326E-02  8.7929E+00  8.4266E+00  3.6635E-01
2.7330E-02  8.7746E+00  8.4083E+00  3.6635E-01
2.7334E-02  8.7679E+00  8.4015E+00  3.6635E-01
2.7338E-02  8.7698E+00  8.4035E+00  3.6635E-01
2.7341E-02  8.7592E+00  8.3928E+00  3.6635E-01
2.7345E-02  8.7637E+00  8.3974E+00  3.6635E-01
2.7349E-02  8.7525E+00  8.3861E+00  3.6635E-01
2.7352E-02  8.7510E+00  8.3847E+00  3.6635E-01
2.7356E-02  8.7474E+00  8.3810E+00  3.6635E-01
2.7360E-02  8.7470E+00  8.3806E+00  3.6635E-01
2.7364E-02  8.7629E+00  8.3965E+00  3.6635E-01
2.7368E-02  8.7389E+00  8.3726E+00  3.6635E-01
2.7371E-02  8.7427E+00  8.3763E+00  3.6635E-01
2.7375E-02  8.7318E+00  8.3655E+00  3.6635E-01
2.7379E-02  8.7302E+00  8.3639E+00  3.6635E-01
2.7383E-02  8.7265E+00  8.3602E+00  3.6635E-01
2.7386E-02  8.7721E+00  8.4058E+00  3.6635E-01
2.7390E-02  8.7310E+00  8.3647E+00  3.6635E-01
2.7394E-02  8.7230E+00  8.3566E+00  3.6635E-01
2.7398E-02  8.7151E+00  8.3487E+00  3.6635E-01
2.7401E-02  8.7118E+00  8.3455E+00  3.6635E-01
2.7405E-02  8.7091E+00  8.3427E+00  3.6635E-01
2.7409E-02  8.7077E+00  8.3414E+00  3.6635E-01
2.7412E-02  8.7556E+00  8.3893E+00  3.6635E-01
2.7416E-02  8.7132E+00  8.3469E+00  3.6635E-01
2.7420E-02  8.7020E+00  8.3357E+00  3.6635E-01
2.7424E-02  8.6945E+00  8.3281E+00  3.6635E-01
2.7428E-02  8.6930E+00  8.3267E+00  3.6635E-01
2.7431E-02  8.6892E+00  8.3228E+00  3.6635E-01
2.7435E-02  8.6856E+00  8.3192E+00  3.6635E-01
2.7439E-02  8.6835E+00  8.3171E+00  3.6635E-01
2.7443E-02  8.7028E+00  8.3364E+00  3.6635E-01
2.7446E-02  8.6768E+00  8.3105E+00  3.6635E-01
2.7450E-02  8.6803E+00  8.3140E+00  3.6635E-01
2.7454E-02  8.7044E+00  8.3381E+00  3.6635E-01
2.7457E-02  8.6683E+00  8.3020E+00  3.6635E-01
2.7461E-02  8.6663E+00  8.3000E+00  3.6635E-01
2.7465E-02  8.6627E+00  8.2963E+00  3.6635E-01
2.7469E-02  8.6660E+00  8.2997E+00  3.6635E-01
2.7473E-02  8.6570E+00  8.2907E+00  3.6635E-01
2.7476E-02  8.6542E+00  8.2878E+00  3.6634E-01
2.7480E-02  8.6534E+00  8.2870E+00  3.6634E-01
2.7484E-02  8.6486E+00  8.2823E+00  3.6634E-01
2.7487E-02  8.6458E+00  8.2794E+00  3.6634E-01
2.7491E-02  8.6458E+00  8.2795E+00  3.6634E-01
2.7495E-02  8.6404E+00  8.2741E+00  3.6634E-01
2.7499E-02  8.6388E+00  8.2725E+00  3.6634E-01
2.7503E-02  8.6560E+00  8.2897E+00  3.6634E-01
2.7506E-02  8.6400E+00  8.2737E+00  3.6634E-01
2.7510E-02  8.6725E+00  8.3062E+00  3.6634E-01
2.7514E-02  9.0526E+00  8.6862E+00  3.6634E-01
2.7518E-02  8.6307E+00  8.2644E+00  3.6634E-01
2.7521E-02  9.8846E+00  9.5182E+00  3.6634E-01
2.7525E-02  8.6237E+00  8.2574E+00  3.6634E-01
2.7529E-02  8.6230E+00  8.2566E+00  3.6634E-01
2.7533E-02  9.3602E+00  8.9939E+00  3.6634E-01
2.7536E-02  8.6243E+00  8.2580E+00  3.6634E-01
2.7540E-02  1.5696E+01  1.5330E+01  3.6634E-01
2.7544E-02  8.6305E+00  8.2641E+00  3.6634E-01
2.7547E-02  8.6273E+00  8.2609E+00  3.6634E-01
2.7551E-02  9.2649E+00  8.8985E+00  3.6634E-01
2.7555E-02  8.6226E+00  8.2563E+00  3.6634E-01
2.7559E-02  8.5970E+00  8.2307E+00  3.6634E-01
2.7563E-02  8.5956E+00  8.2293E+00  3.6634E-01
2.7566E-02  8.6207E+00  8.2544E+00  3.6634E-01
2.7570E-02  8.6462E+00  8.2798E+00  3.6634E-01
2.7574E-02  8.6182E+00  8.2519E+00  3.6634E-01
2.7578E-02  8.6020E+00  8.2356E+00  3.6634E-01
2.7581E-02  1.0768E+01  1.0402E+01  3.6634E-01
2.7585E-02  1.1388E+01  1.1022E+01  3.6634E-01
2.7589E-02  1.0787E+01  1.0421E+01  3.6634E-01
2.7592E-02  8.5844E+00  8.2180E+00  3.6634E-01
2.7596E-02  9.4526E+00  9.0862E+00  3.6634E-01
2.7600E-02  1.3315E+01  1.2948E+01  3.6634E-01
2.7604E-02  8.5668E+00  8.2004E+00  3.6634E-01
2.7608E-02  8.5718E+00  8.2055E+00  3.6634E-01
2.7611E-02  9.4762E+00  9.1099E+00  3.6634E-01
2.7615E-02  8.5529E+00  8.1866E+00  3.6634E-01
2.7619E-02  8.5505E+00  8.1842E+00  3.6634E-01
2.7622E-02  8.5623E+00  8.1959E+00  3.6634E-01
2.7626E-02  8.6132E+00  8.2468E+00  3.6634E-01
2.7630E-02  8.5414E+00  8.1750E+00  3.6634E-01
2.7634E-02  8.5388E+00  8.1724E+00  3.6634E-01
2.7638E-02  8.5358E+00  8.1695E+00  3.6634E-01
2.7641E-02  8.5677E+00  8.2014E+00  3.6634E-01
2.7645E-02  8.5403E+00  8.1739E+00  3.6634E-01
2.7649E-02  8.6041E+00  8.2378E+00  3.6634E-01
2.7652E-02  8.5762E+00  8.2099E+00  3.6634E-01
2.7656E-02  8.5232E+00  8.1569E+00  3.6634E-01
2.7660E-02  8.5205E+00  8.1542E+00  3.6634E-01
2.7664E-02  8.5187E+00  8.1523E+00  3.6634E-01
2.7668E-02  8.5237E+00  8.1573E+00  3.6634E-01
2.7671E-02  8.5205E+00  8.1541E+00  3.6634E-01
2.7675E-02  6.7391E+01  6.7025E+01  3.6634E-01
2.7679E-02  8.5291E+00  8.1628E+00  3.6634E-01
2.7682E-02  8.5180E+00  8.1516E+00  3.6634E-01
2.7686E-02  8.7573E+00  8.3910E+00  3.6634E-01
2.7690E-02  8.5903E+00  8.2239E+00  3.6634E-01
2.7694E-02  8.5226E+00  8.1562E+00  3.6634E-01
2.7697E-02  8.5007E+00  8.1344E+00  3.6634E-01
2.7701E-02  8.4959E+00  8.1295E+00  3.6634E-01
2.7705E-02  8.4977E+00  8.1313E+00  3.6634E-01
2.7709E-02  8.5129E+00  8.1465E+00  3.6634E-01
2.7713E-02  8.7822E+00  8.4159E+00  3.6634E-01
2.7716E-02  8.6529E+00  8.2865E+00  3.6634E-01
2.7720E-02  8.4955E+00  8.1291E+00  3.6634E-01
2.7724E-02  9.7641E+00  9.3978E+00  3.6634E-01
2.7727E-02  8.4810E+00  8.1147E+00  3.6634E-01
2.7731E-02  8.6783E+00  8.3120E+00  3.6634E-01
2.7735E-02  9.1576E+00  8.7913E+00  3.6634E-01
2.7739E-02  8.4883E+00  8.1220E+00  3.6634E-01
2.7743E-02  8.4873E+00  8.1210E+00  3.6634E-01
2.7746E-02  8.4689E+00  8.1025E+00  3.6634E-01
2.7750E-02  8.4714E+00  8.1051E+00  3.6634E-01
2.7754E-02  8.8549E+00  8.4886E+00  3.6634E-01
2.7757E-02  8.5203E+00  8.1540E+00  3.6634E-01
2.7761E-02  8.8313E+00  8.4650E+00  3.6634E-01
2.7765E-02  1.1787E+01  1.1420E+01  3.6634E-01
2.7769E-02  8.5014E+00  8.1350E+00  3.6634E-01
2.7773E-02  8.4697E+00  8.1033E+00  3.6634E-01
2.7776E-02  8.4561E+00  8.0898E+00  3.6634E-01
2.7780E-02  8.4400E+00  8.0737E+00  3.6634E-01
2.7784E-02  8.4425E+00  8.0762E+00  3.6634E-01
2.7787E-02  1.0555E+01  1.0189E+01  3.6634E-01
2.7791E-02  8.4305E+00  8.0641E+00  3.6634E-01
2.7795E-02  8.4251E+00  8.0588E+00  3.6634E-01
2.7799E-02  8.4243E+00  8.0580E+00  3.6634E-01
2.7803E-02  8.4245E+00  8.0582E+00  3.6634E-01
2.7806E-02  8.4284E+00  8.0621E+00  3.6634E-01
2.7810E-02  8.4824E+00  8.1160E+00  3.6634E-01
2.7814E-02  8.5069E+00  8.1405E+00  3.6634E-01
2.7818E-02  2.1342E+01  2.0975E+01  3.6634E-01
2.7821E-02  8.5780E+00  8.2117E+00  3.6634E-01
2.7825E-02  8.4240E+00  8.0576E+00  3.6634E-01
2.7829E-02  8.4115E+00  8.0451E+00  3.6634E-01
2.7832E-02  8.4177E+00  8.0514E+00  3.6634E-01
2.7836E-02  8.4082E+00  8.0418E+00  3.6634E-01
2.7840E-02  8.4052E+00  8.0388E+00  3.6634E-01
2.7844E-02  8.3918E+00  8.0255E+00  3.6634E-01
2.7848E-02  9.3562E+00  8.9899E+00  3.6634E-01
2.7851E-02  8.9140E+00  8.5477E+00  3.6634E-01
2.7855E-02  8.3892E+00  8.0228E+00  3.6634E-01
2.7859E-02  8.3953E+00  8.0289E+00  3.6634E-01
2.7862E-02  8.4031E+00  8.0368E+00  3.6634E-01
2.7866E-02  8.5014E+00  8.1351E+00  3.6634E-01
2.7870E-02  8.4730E+00  8.1067E+00  3.6634E-01
2.7874E-02  8.3881E+00  8.0217E+00  3.6634E-01
2.7878E-02  8.3799E+00  8.0136E+00  3.6634E-01
2.7881E-02  8.3886E+00  8.0223E+00  3.6634E-01
2.7885E-02  8.4114E+00  8.0450E+00  3.6634E-01
2.7889E-02  8.4500E+00  8.0836E+00  3.6634E-01
2.7892E-02  8.5475E+00  8.1812E+00  3.6634E-01
2.7896E-02  1.3889E+02  1.3853E+02  3.6634E-01
2.7900E-02  8.4714E+00  8.1051E+00  3.6634E-01
2.7904E-02  8.3741E+00  8.0077E+00  3.6634E-01
2.7908E-02  8.9645E+00  8.5981E+00  3.6634E-01
2.7911E-02  8.3493E+00  7.9829E+00  3.6634E-01
2.7915E-02  8.3459E+00  7.9795E+00  3.6634E-01
2.7919E-02  8.3462E+00  7.9799E+00  3.6634E-01
2.7922E-02  8.3400E+00  7.9737E+00  3.6634E-01
2.7926E-02  8.3334E+00  7.9670E+00  3.6634E-01
2.7930E-02  8.3360E+00  7.9696E+00  3.6634E-01
2.7934E-02  8.3306E+00  7.9643E+00  3.6634E-01
2.7938E-02  8.3577E+00  7.9913E+00  3.6634E-01
2.7941E-02  8.4095E+00  8.0432E+00  3.6634E-01
2.7945E-02  8.3542E+00  7.9879E+00  3.6634E-01
2.7949E-02  8.6090E+00  8.2427E+00  3.6634E-01
2.7953E-02  8.3500E+00  7.9837E+00  3.6634E-01
2.7956E-02  8.3286E+00  7.9622E+00  3.6634E-01
2.7960E-02  1.2325E+01  1.1959E+01  3.6634E-01
2.7964E-02  8.3542E+00  7.9878E+00  3.6634E-01
2.7967E-02  8.3303E+00  7.9639E+00  3.6634E-01
2.7971E-02  9.9275E+00  9.5611E+00  3.6634E-01
2.7975E-02  8.4621E+00  8.0958E+00  3.6634E-01
2.7979E-02  8.3082E+00  7.9419E+00  3.6634E-01
2.7983E-02  1.3750E+01  1.3384E+01  3.6634E-01
2.7986E-02  8.3173E+00  7.9510E+00  3.6634E-01
2.7990E-02  8.3406E+00  7.9743E+00  3.6634E-01
2.7994E-02  8.9778E+00  8.6115E+00  3.6634E-01
2.7997E-02  8.5183E+00  8.1519E+00  3.6634E-01
2.8001E-02  1.8452E+01  1.8086E+01  3.6634E-01
2.8005E-02  4.4615E+01  4.4249E+01  3.6634E-01
2.8009E-02  8.6056E+00  8.2393E+00  3.6634E-01
2.8013E-02  8.3014E+00  7.9350E+00  3.6634E-01
2.8016E-02  8.3524E+00  7.9861E+00  3.6634E-01
2.8020E-02  8.5333E+00  8.1669E+00  3.6634E-01
2.8024E-02  1.6068E+01  1.5702E+01  3.6634E-01
2.8028E-02  8.5625E+00  8.1962E+00  3.6634E-01
2.8031E-02  8.3233E+00  7.9570E+00  3.6634E-01
2.8035E-02  1.7411E+01  1.7044E+01  3.6634E-01
2.8039E-02  8.4636E+00  8.0972E+00  3.6634E-01
2.8043E-02  8.3011E+00  7.9347E+00  3.6634E-01
2.8046E-02  1.2685E+01  1.2318E+01  3.6634E-01
2.8050E-02  8.2533E+00  7.8870E+00  3.6634E-01
2.8054E-02  8.4347E+00  8.0683E+00  3.6634E-01
2.8057E-02  8.2438E+00  7.8775E+00  3.6634E-01
2.8061E-02  8.8231E+00  8.4568E+00  3.6634E-01
2.8065E-02  8.2507E+00  7.8844E+00  3.6634E-01
2.8069E-02  8.2367E+00  7.8703E+00  3.6634E-01
2.8073E-02  9.5697E+00  9.2033E+00  3.6634E-01
2.8076E-02  8.2277E+00  7.8614E+00  3.6634E-01
2.8080E-02  8.3034E+00  7.9371E+00  3.6634E-01
2.8084E-02  8.2238E+00  7.8574E+00  3.6634E-01
2.8088E-02  8.2206E+00  7.8542E+00  3.6634E-01
2.8091E-02  8.2184E+00  7.8520E+00  3.6634E-01
2.8095E-02  8.2182E+00  7.8518E+00  3.6634E-01
2.8099E-02  8.2141E+00  7.8477E+00  3.6634E-01
2.8102E-02  8.7049E+00  8.3385E+00  3.6634E-01
2.8106E-02  8.2110E+00  7.8447E+00  3.6634E-01
2.8110E-02  8.4505E+00  8.0841E+00  3.6634E-01
2.8114E-02  1.3572E+01  1.3206E+01  3.6634E-01
2.8118E-02  2.3346E+01  2.2979E+01  3.6634E-01
2.8121E-02  8.2328E+00  7.8665E+00  3.6634E-01
2.8125E-02  8.2024E+00  7.8361E+00  3.6634E-01
2.8129E-02  8.1999E+00  7.8336E+00  3.6634E-01
2.8132E-02  8.2009E+00  7.8346E+00  3.6634E-01
2.8136E-02  8.2179E+00  7.8516E+00  3.6634E-01
2.8140E-02  2.7530E+01  2.7163E+01  3.6634E-01
2.8144E-02  8.2888E+00  7.9225E+00  3.6634E-01
2.8148E-02  4.2439E+01  4.2072E+01  3.6634E-01
2.8151E-02  1.7696E+01  1.7329E+01  3.6634E-01
2.8155E-02  2.7066E+01  2.6700E+01  3.6634E-01
2.8159E-02  8.2482E+00  7.8819E+00  3.6634E-01
2.8163E-02  8.1998E+00  7.8334E+00  3.6634E-01
2.8166E-02  8.1832E+00  7.8168E+00  3.6634E-01
2.8170E-02  8.1739E+00  7.8076E+00  3.6634E-01
2.8174E-02  8.1783E+00  7.8120E+00  3.6634E-01
2.8178E-02  8.1813E+00  7.8150E+00  3.6634E-01
2.8181E-02  8.1609E+00  7.7946E+00  3.6634E-01
2.8185E-02  8.1578E+00  7.7915E+00  3.6634E-01
2.8189E-02  8.1561E+00  7.7897E+00  3.6634E-01
2.8193E-02  8.1513E+00  7.7849E+00  3.6634E-01
2.8196E-02  8.2284E+00  7.8621E+00  3.6634E-01
2.8200E-02  8.1484E+00  7.7821E+00  3.6634E-01
2.8204E-02  8.1426E+00  7.7762E+00  3.6634E-01
2.8207E-02  8.1410E+00  7.7747E+00  3.6634E-01
2.8211E-02  8.1381E+00  7.7717E+00  3.6634E-01
2.8215E-02  8.1346E+00  7.7683E+00  3.6634E-01
2.8219E-02  8.1364E+00  7.7700E+00  3.6634E-01
2.8223E-02  8.1306E+00  7.7643E+00  3.6634E-01
2.8226E-02  8.3073E+00  7.9410E+00  3.6634E-01
2.8230E-02  8.1246E+00  7.7583E+00  3.6634E-01
2.8234E-02  8.1705E+00  7.8042E+00  3.6634E-01
2.8237E-02  8.2774E+00  7.9111E+00  3.6634E-01
2.8241E-02  8.1176E+00  7.7513E+00  3.6634E-01
2.8245E-02  8.1247E+00  7.7584E+00  3.6634E-01
2.8249E-02  8.1124E+00  7.7461E+00  3.6634E-01
2.8253E-02  8.1098E+00  7.7434E+00  3.6634E-01
2.8256E-02  8.1083E+00  7.7419E+00  3.6634E-01
2.8260E-02  8.1066E+00  7.7403E+00  3.6634E-01
2.8264E-02  8.1030E+00  7.7367E+00  3.6634E-01
2.8267E-02  8.1451E+00  7.7788E+00  3.6634E-01
2.8271E-02  8.1927E+00  7.8264E+00  3.6634E-01
2.8275E-02  8.1218E+00  7.7555E+00  3.6634E-01
2.8279E-02  9.0371E+00  8.6707E+00  3.6634E-01
2.8283E-02  8.5325E+00  8.1661E+00  3.6634E-01
2.8286E-02  9.8915E+00  9.5251E+00  3.6634E-01
2.8290E-02  1.1412E+01  1.1045E+01  3.6634E-01
2.8294E-02  8.1154E+00  7.7491E+00  3.6634E-01
2.8297E-02  8.1165E+00  7.7501E+00  3.6634E-01
2.8301E-02  9.8025E+00  9.4362E+00  3.6634E-01
2.8305E-02  1.1571E+01  1.1204E+01  3.6634E-01
2.8309E-02  8.4008E+00  8.0345E+00  3.6634E-01
2.8313E-02  8.0748E+00  7.7085E+00  3.6634E-01
2.8316E-02  8.0746E+00  7.7083E+00  3.6634E-01
2.8320E-02  8.0717E+00  7.7053E+00  3.6634E-01
2.8324E-02  8.1329E+00  7.7665E+00  3.6634E-01
2.8328E-02  8.0636E+00  7.6972E+00  3.6634E-01
2.8331E-02  8.0718E+00  7.7054E+00  3.6634E-01
2.8335E-02  8.0763E+00  7.7099E+00  3.6634E-01
2.8339E-02  8.0625E+00  7.6962E+00  3.6634E-01
2.8342E-02  8.0610E+00  7.6947E+00  3.6634E-01
2.8346E-02  8.0538E+00  7.6875E+00  3.6634E-01
2.8350E-02  8.0516E+00  7.6853E+00  3.6634E-01
2.8354E-02  8.0528E+00  7.6864E+00  3.6634E-01
2.8358E-02  8.0539E+00  7.6875E+00  3.6634E-01
2.8361E-02  8.0551E+00  7.6888E+00  3.6634E-01
2.8365E-02  8.0590E+00  7.6927E+00  3.6634E-01
2.8369E-02  8.0439E+00  7.6776E+00  3.6634E-01
2.8372E-02  8.0524E+00  7.6861E+00  3.6634E-01
2.8376E-02  8.0579E+00  7.6916E+00  3.6634E-01
2.8380E-02  8.0779E+00  7.7115E+00  3.6634E-01
2.8384E-02  9.7637E+00  9.3974E+00  3.6634E-01
2.8388E-02  8.0565E+00  7.6902E+00  3.6634E-01
2.8391E-02  1.1632E+01  1.1265E+01  3.6634E-01
2.8395E-02  1.0933E+01  1.0566E+01  3.6634E-01
2.8399E-02  8.4639E+00  8.0976E+00  3.6634E-01
2.8402E-02  1.3533E+01  1.3166E+01  3.6634E-01
2.8406E-02  8.0869E+00  7.7205E+00  3.6634E-01
2.8410E-02  8.3204E+00  7.9541E+00  3.6634E-01
2.8414E-02  8.0703E+00  7.7039E+00  3.6634E-01
2.8418E-02  8.4489E+00  8.0825E+00  3.6634E-01
2.8421E-02  8.0789E+00  7.7126E+00  3.6634E-01
2.8425E-02  8.0842E+00  7.7179E+00  3.6634E-01
2.8429E-02  8.3400E+00  7.9737E+00  3.6634E-01
2.8432E-02  8.1147E+00  7.7483E+00  3.6634E-01
2.8436E-02  8.1086E+00  7.7422E+00  3.6634E-01
2.8440E-02  9.6941E+00  9.3278E+00  3.6634E-01
2.8444E-02  8.2430E+00  7.8767E+00  3.6634E-01
2.8448E-02  8.2770E+00  7.9106E+00  3.6634E-01
2.8451E-02  8.1401E+00  7.7738E+00  3.6634E-01
2.8455E-02  8.1595E+00  7.7931E+00  3.6634E-01
2.8459E-02  1.2721E+01  1.2354E+01  3.6634E-01
2.8463E-02  8.2786E+00  7.9123E+00  3.6634E-01
2.8466E-02  8.1978E+00  7.8314E+00  3.6634E-01
2.8470E-02  8.2144E+00  7.8481E+00  3.6634E-01
2.8474E-02  8.2234E+00  7.8571E+00  3.6634E-01
2.8477E-02  8.2591E+00  7.8927E+00  3.6634E-01
2.8481E-02  8.4489E+00  8.0826E+00  3.6634E-01
2.8485E-02  8.6312E+00  8.2649E+00  3.6634E-01
2.8489E-02  8.7469E+00  8.3806E+00  3.6634E-01
2.8493E-02  4.7975E+03  4.7971E+03  3.6634E-01
2.8496E-02  2.3889E+03  2.3885E+03  3.6634E-01
2.8500E-02  9.1699E+00  8.8035E+00  3.6634E-01
2.8504E-02  1.4478E+03  1.4475E+03  3.6634E-01
2.8507E-02  1.8476E+04  1.8475E+04  3.6634E-01
2.8511E-02  5.9224E+03  5.9220E+03  3.6634E-01
2.8515E-02  9.2804E+00  8.9141E+00  3.6634E-01
2.8519E-02  1.6781E+03  1.6777E+03  3.6634E-01
2.8523E-02  9.0001E+00  8.6337E+00  3.6634E-01
2.8526E-02  8.4407E+00  8.0743E+00  3.6634E-01
2.8530E-02  8.3485E+00  7.9822E+00  3.6634E-01
2.8534E-02  8.3103E+00  7.9440E+00  3.6634E-01
2.8537E-02  8.3012E+00  7.9349E+00  3.6634E-01
2.8541E-02  2.7839E+01  2.7472E+01  3.6634E-01
2.8545E-02  8.2998E+00  7.9335E+00  3.6634E-01
2.8549E-02  8.7057E+00  8.3394E+00  3.6634E-01
2.8553E-02  1.1241E+01  1.0874E+01  3.6634E-01
2.8556E-02  8.2494E+00  7.8830E+00  3.6634E-01
2.8560E-02  8.2413E+00  7.8750E+00  3.6634E-01
2.8564E-02  8.2396E+00  7.8733E+00  3.6634E-01
2.8568E-02  1.0386E+01  1.0019E+01  3.6634E-01
2.8571E-02  8.2521E+00  7.8858E+00  3.6634E-01
2.8575E-02  8.2295E+00  7.8632E+00  3.6634E-01
2.8579E-02  8.2243E+00  7.8580E+00  3.6634E-01
2.8583E-02  8.2174E+00  7.8511E+00  3.6634E-01
2.8586E-02  8.3680E+00  8.0016E+00  3.6634E-01
2.8590E-02  8.2138E+00  7.8474E+00  3.6634E-01
2.8594E-02  8.2163E+00  7.8500E+00  3.6634E-01
2.8598E-02  9.1984E+00  8.8321E+00  3.6634E-01
2.8601E-02  8.2066E+00  7.8403E+00  3.6634E-01
2.8605E-02  1.0101E+01  9.7342E+00  3.6634E-01
2.8609E-02  8.2069E+00  7.8406E+00  3.6634E-01
2.8612E-02  8.2307E+00  7.8643E+00  3.6634E-01
2.8616E-02  8.1936E+00  7.8273E+00  3.6634E-01
2.8620E-02  9.6158E+00  9.2495E+00  3.6634E-01
2.8624E-02  8.3540E+00  7.9877E+00  3.6634E-01
2.8628E-02  8.1884E+00  7.8221E+00  3.6634E-01
2.8631E-02  8.3977E+00  8.0313E+00  3.6634E-01
2.8635E-02  8.1897E+00  7.8233E+00  3.6634E-01
2.8639E-02  8.1860E+00  7.8196E+00  3.6634E-01
2.8642E-02  8.1918E+00  7.8255E+00  3.6634E-01
2.8646E-02  8.2189E+00  7.8526E+00  3.6634E-01
2.8650E-02  8.9879E+00  8.6215E+00  3.6634E-01
2.8654E-02  8.6261E+00  8.2597E+00  3.6634E-01
2.8658E-02  8.2347E+00  7.8683E+00  3.6634E-01
2.8661E-02  8.2976E+00  7.9313E+00  3.6634E-01
2.8665E-02  6.6822E+01  6.6456E+01  3.6634E-01
2.8669E-02  8.2959E+00  7.9296E+00  3.6634E-01
2.8672E-02  9.6840E+00  9.3177E+00  3.6634E-01
2.8676E-02  8.1907E+00  7.8243E+00  3.6634E-01
2.8680E-02  1.1916E+01  1.1550E+01  3.6634E-01
2.8684E-02  9.8170E+00  9.4506E+00  3.6634E-01
2.8688E-02  8.1707E+00  7.8044E+00  3.6634E-01
2.8691E-02  8.8616E+00  8.4953E+00  3.6634E-01
2.8695E-02  8.1899E+00  7.8235E+00  3.6634E-01
2.8699E-02  8.2203E+00  7.8540E+00  3.6634E-01
2.8703E-02  1.1030E+01  1.0664E+01  3.6634E-01
2.8706E-02  8.5131E+00  8.1467E+00  3.6634E-01
2.8710E-02  1.8690E+01  1.8324E+01  3.6634E-01
2.8714E-02  2.3466E+01  2.3100E+01  3.6634E-01
2.8717E-02  8.5725E+00  8.2062E+00  3.6634E-01
2.8721E-02  1.2183E+01  1.1817E+01  3.6634E-01
2.8725E-02  2.1906E+01  2.1540E+01  3.6634E-01
2.8729E-02  1.1245E+01  1.0879E+01  3.6634E-01
2.8733E-02  8.1892E+00  7.8229E+00  3.6634E-01
2.8736E-02  8.1523E+00  7.7859E+00  3.6634E-01
2.8740E-02  8.1213E+00  7.7550E+00  3.6634E-01
2.8744E-02  8.1127E+00  7.7464E+00  3.6634E-01
2.8747E-02  8.1094E+00  7.7431E+00  3.6634E-01
2.8751E-02  8.1757E+00  7.8093E+00  3.6634E-01
2.8755E-02  8.1549E+00  7.7886E+00  3.6634E-01
2.8759E-02  8.1041E+00  7.7377E+00  3.6634E-01
2.8763E-02  8.0990E+00  7.7326E+00  3.6634E-01
2.8766E-02  8.0965E+00  7.7301E+00  3.6634E-01
2.8770E-02  8.0947E+00  7.7284E+00  3.6634E-01
2.8774E-02  8.0925E+00  7.7261E+00  3.6634E-01
2.8777E-02  8.0900E+00  7.7237E+00  3.6634E-01
2.8781E-02  8.2089E+00  7.8426E+00  3.6634E-01
2.8785E-02  8.0859E+00  7.7195E+00  3.6634E-01
2.8789E-02  8.0835E+00  7.7172E+00  3.6634E-01
2.8793E-02  8.0809E+00  7.7145E+00  3.6634E-01
2.8796E-02  8.0797E+00  7.7134E+00  3.6634E-01
2.8800E-02  8.0764E+00  7.7100E+00  3.6634E-01
2.8804E-02  8.0736E+00  7.7073E+00  3.6634E-01
2.8807E-02  8.0748E+00  7.7085E+00  3.6634E-01
2.8811E-02  8.2241E+00  7.8578E+00  3.6634E-01
2.8815E-02  8.0688E+00  7.7025E+00  3.6634E-01
2.8819E-02  8.0659E+00  7.6996E+00  3.6634E-01
2.8823E-02  8.0650E+00  7.6987E+00  3.6634E-01
2.8826E-02  8.0712E+00  7.7049E+00  3.6634E-01
2.8830E-02  1.3414E+01  1.3048E+01  3.6634E-01
2.8834E-02  8.0806E+00  7.7142E+00  3.6634E-01
2.8838E-02  8.0635E+00  7.6972E+00  3.6634E-01
2.8841E-02  9.1986E+00  8.8322E+00  3.6634E-01
2.8845E-02  8.0607E+00  7.6944E+00  3.6634E-01
2.8849E-02  8.1868E+00  7.8204E+00  3.6634E-01
2.8852E-02  8.0500E+00  7.6836E+00  3.6634E-01
2.8856E-02  8.3876E+00  8.0212E+00  3.6634E-01
2.8860E-02  8.0562E+00  7.6898E+00  3.6634E-01
2.8864E-02  8.8042E+00  8.4379E+00  3.6634E-01
2.8868E-02  8.0800E+00  7.7137E+00  3.6634E-01
2.8871E-02  8.3448E+00  7.9785E+00  3.6634E-01
2.8875E-02  9.2691E+00  8.9028E+00  3.6634E-01
2.8879E-02  8.0416E+00  7.6753E+00  3.6634E-01
2.8882E-02  8.0569E+00  7.6905E+00  3.6634E-01
2.8886E-02  8.0793E+00  7.7129E+00  3.6634E-01
2.8890E-02  1.2632E+01  1.2265E+01  3.6634E-01
2.8894E-02  8.3779E+00  8.0115E+00  3.6634E-01
2.8898E-02  8.0296E+00  7.6633E+00  3.6634E-01
2.8901E-02  8.0926E+00  7.7263E+00  3.6634E-01
2.8905E-02  8.1012E+00  7.7349E+00  3.6634E-01
2.8909E-02  8.0220E+00  7.6556E+00  3.6634E-01
2.8912E-02  8.0213E+00  7.6549E+00  3.6634E-01
2.8916E-02  8.0217E+00  7.6553E+00  3.6634E-01
2.8920E-02  8.0357E+00  7.6693E+00  3.6634E-01
2.8924E-02  8.0218E+00  7.6555E+00  3.6634E-01
2.8928E-02  8.0235E+00  7.6571E+00  3.6634E-01
2.8931E-02  8.0213E+00  7.6550E+00  3.6634E-01
2.8935E-02  8.0214E+00  7.6551E+00  3.6634E-01
2.8939E-02  8.0233E+00  7.6569E+00  3.6634E-01
2.8943E-02  8.0518E+00  7.6854E+00  3.6634E-01
2.8946E-02  8.0295E+00  7.6632E+00  3.6634E-01
2.8950E-02  8.0353E+00  7.6689E+00  3.6634E-01
2.8954E-02  8.0429E+00  7.6766E+00  3.6634E-01
2.8958E-02  8.0516E+00  7.6852E+00  3.6634E-01
2.8961E-02  8.0654E+00  7.6991E+00  3.6634E-01
2.8965E-02  8.0854E+00  7.7191E+00  3.6634E-01
2.8969E-02  8.1135E+00  7.7472E+00  3.6634E-01
2.8973E-02  8.1649E+00  7.7986E+00  3.6634E-01
2.8976E-02  8.2538E+00  7.8875E+00  3.6634E-01
2.8980E-02  8.4766E+00  8.1102E+00  3.6634E-01
2.8984E-02  8.6239E+00  8.2575E+00  3.6634E-01
2.8987E-02  9.3534E+00  8.9871E+00  3.6634E-01
2.8991E-02  1.3132E+01  1.2766E+01  3.6634E-01
2.8995E-02  6.6122E+04  6.6122E+04  3.6634E-01
2.8999E-02  1.5203E+01  1.4837E+01  3.6634E-01
2.9003E-02  1.0296E+01  9.9292E+00  3.6634E-01
2.9006E-02  1.5617E+01  1.5251E+01  3.6634E-01
2.9010E-02  9.0617E+01  9.0250E+01  3.6634E-01
2.9014E-02  1.3374E+01  1.3008E+01  3.6634E-01
2.9017E-02  4.4841E+03  4.4837E+03  3.6634E-01
2.9021E-02  1.8835E+01  1.8469E+01  3.6634E-01
2.9025E-02  2.3724E+01  2.3358E+01  3.6634E-01
2.9029E-02  9.1519E+00  8.7856E+00  3.6634E-01
2.9033E-02  8.9780E+00  8.6117E+00  3.6634E-01
2.9036E-02  8.2419E+00  7.8755E+00  3.6634E-01
2.9040E-02  8.1388E+00  7.7725E+00  3.6634E-01
2.9044E-02  8.1437E+00  7.7774E+00  3.6634E-01
2.9047E-02  8.0585E+00  7.6922E+00  3.6634E-01
2.9051E-02  8.0206E+00  7.6543E+00  3.6634E-01
2.9055E-02  7.9999E+00  7.6336E+00  3.6634E-01
2.9059E-02  7.9918E+00  7.6255E+00  3.6634E-01
2.9063E-02  7.9693E+00  7.6029E+00  3.6634E-01
2.9066E-02  7.9611E+00  7.5947E+00  3.6634E-01
2.9070E-02  7.9552E+00  7.5888E+00  3.6634E-01
2.9074E-02  7.9537E+00  7.5873E+00  3.6634E-01
2.9078E-02  7.9394E+00  7.5731E+00  3.6634E-01
2.9081E-02  7.9436E+00  7.5773E+00  3.6634E-01
2.9085E-02  7.9461E+00  7.5798E+00  3.6634E-01
2.9089E-02  7.9297E+00  7.5633E+00  3.6634E-01
2.9093E-02  7.9363E+00  7.5699E+00  3.6634E-01
2.9096E-02  8.1565E+00  7.7901E+00  3.6634E-01
2.9100E-02  7.9480E+00  7.5817E+00  3.6634E-01
2.9104E-02  8.9586E+00  8.5923E+00  3.6634E-01
2.9108E-02  7.9446E+00  7.5783E+00  3.6634E-01
2.9111E-02  7.9772E+00  7.6109E+00  3.6634E-01
2.9115E-02  1.4353E+01  1.3986E+01  3.6634E-01
2.9119E-02  8.6451E+00  8.2788E+00  3.6634E-01
2.9122E-02  8.6781E+00  8.3118E+00  3.6634E-01
2.9126E-02  1.2595E+01  1.2228E+01  3.6634E-01
2.9130E-02  1.5555E+01  1.5188E+01  3.6634E-01
2.9134E-02  8.1801E+00  7.8137E+00  3.6634E-01
2.9138E-02  7.9206E+00  7.5542E+00  3.6634E-01
2.9141E-02  9.6069E+00  9.2406E+00  3.6634E-01
2.9145E-02  1.0152E+01  9.7858E+00  3.6634E-01
2.9149E-02  7.9275E+00  7.5611E+00  3.6634E-01
2.9152E-02  7.8813E+00  7.5150E+00  3.6634E-01
2.9156E-02  7.9092E+00  7.5429E+00  3.6634E-01
2.9160E-02  4.2968E+01  4.2602E+01  3.6634E-01
2.9164E-02  8.1327E+00  7.7664E+00  3.6634E-01
2.9168E-02  5.4717E+01  5.4350E+01  3.6634E-01
2.9171E-02  8.0754E+00  7.7091E+00  3.6634E-01
2.9175E-02  8.2055E+00  7.8391E+00  3.6634E-01
2.9179E-02  7.9474E+00  7.5811E+00  3.6634E-01
2.9182E-02  7.8597E+00  7.4934E+00  3.6634E-01
2.9186E-02  7.8738E+00  7.5075E+00  3.6634E-01
2.9190E-02  7.8444E+00  7.4780E+00  3.6634E-01
2.9194E-02  7.8990E+00  7.5327E+00  3.6634E-01
2.9198E-02  7.8379E+00  7.4716E+00  3.6634E-01
2.9201E-02  7.8473E+00  7.4809E+00  3.6634E-01
2.9205E-02  7.8541E+00  7.4878E+00  3.6634E-01
2.9209E-02  7.8318E+00  7.4654E+00  3.6634E-01
2.9213E-02  7.9514E+00  7.5850E+00  3.6634E-01
2.9216E-02  7.8615E+00  7.4952E+00  3.6634E-01
2.9220E-02  7.8293E+00  7.4630E+00  3.6634E-01
2.9224E-02  7.8700E+00  7.5036E+00  3.6634E-01
2.9228E-02  7.8300E+00  7.4636E+00  3.6634E-01
2.9231E-02  9.0381E+00  8.6717E+00  3.6634E-01
2.9235E-02  7.8568E+00  7.4904E+00  3.6634E-01
2.9239E-02  7.8833E+00  7.5169E+00  3.6634E-01
2.9243E-02  7.9893E+00  7.6230E+00  3.6634E-01
2.9246E-02  8.1841E+00  7.8178E+00  3.6634E-01
2.9250E-02  7.8829E+00  7.5166E+00  3.6634E-01
2.9254E-02  7.8219E+00  7.4555E+00  3.6634E-01
2.9257E-02  1.4163E+01  1.3797E+01  3.6634E-01
2.9261E-02  7.8136E+00  7.4473E+00  3.6634E-01
2.9265E-02  7.7983E+00  7.4319E+00  3.6634E-01
2.9269E-02  7.7956E+00  7.4292E+00  3.6634E-01
2.9272E-02  7.7948E+00  7.4284E+00  3.6634E-01
2.9276E-02  7.7897E+00  7.4233E+00  3.6634E-01
2.9280E-02  7.7969E+00  7.4306E+00  3.6634E-01
2.9284E-02  8.8592E+00  8.4928E+00  3.6634E-01
2.9287E-02  7.7857E+00  7.4193E+00  3.6634E-01
2.9291E-02  7.7812E+00  7.4148E+00  3.6634E-01
2.9295E-02  7.7828E+00  7.4165E+00  3.6634E-01
2.9299E-02  8.7075E+00  8.3411E+00  3.6634E-01
2.9303E-02  7.8389E+00  7.4726E+00  3.6634E-01
2.9306E-02  3.8842E+01  3.8476E+01  3.6634E-01
2.9310E-02  7.8748E+00  7.5085E+00  3.6634E-01
2.9314E-02  7.8645E+00  7.4982E+00  3.6634E-01
2.9318E-02  7.7654E+00  7.3991E+00  3.6634E-01
2.9321E-02  7.7622E+00  7.3959E+00  3.6634E-01
2.9325E-02  7.7595E+00  7.3932E+00  3.6634E-01
2.9329E-02  7.7975E+00  7.4312E+00  3.6634E-01
2.9333E-02  7.7629E+00  7.3966E+00  3.6634E-01
2.9336E-02  7.7529E+00  7.3866E+00  3.6634E-01
2.9340E-02  7.7525E+00  7.3861E+00  3.6634E-01
2.9344E-02  7.7487E+00  7.3823E+00  3.6634E-01
2.9348E-02  7.7467E+00  7.3804E+00  3.6634E-01
2.9351E-02  7.7449E+00  7.3786E+00  3.6634E-01
2.9355E-02  7.7434E+00  7.3770E+00  3.6634E-01
2.9359E-02  7.7424E+00  7.3761E+00  3.6634E-01
2.9362E-02  7.7864E+00  7.4201E+00  3.6634E-01
2.9366E-02  7.7422E+00  7.3758E+00  3.6634E-01
2.9370E-02  7.9071E+00  7.5407E+00  3.6634E-01
2.9374E-02  7.8661E+00  7.4998E+00  3.6634E-01
2.9378E-02  7.9219E+00  7.5556E+00  3.6634E-01
2.9381E-02  7.7676E+00  7.4013E+00  3.6634E-01
2.9385E-02  7.8399E+00  7.4736E+00  3.6634E-01
2.9389E-02  8.1386E+00  7.7722E+00  3.6634E-01
2.9392E-02  7.9738E+00  7.6075E+00  3.6634E-01
2.9396E-02  1.6668E+01  1.6302E+01  3.6634E-01
2.9400E-02  1.1004E+01  1.0638E+01  3.6634E-01
2.9404E-02  8.5564E+00  8.1901E+00  3.6634E-01
2.9407E-02  7.8014E+00  7.4351E+00  3.6634E-01
2.9411E-02  8.5202E+00  8.1539E+00  3.6634E-01
2.9415E-02  1.0096E+01  9.7295E+00  3.6634E-01
2.9419E-02  7.7410E+00  7.3747E+00  3.6634E-01
2.9422E-02  7.7564E+00  7.3900E+00  3.6634E-01
2.9426E-02  7.8579E+00  7.4916E+00  3.6634E-01
2.9430E-02  9.7439E+00  9.3775E+00  3.6634E-01
2.9434E-02  7.7236E+00  7.3573E+00  3.6634E-01
2.9438E-02  7.7021E+00  7.3358E+00  3.6634E-01
2.9441E-02  7.6962E+00  7.3299E+00  3.6634E-01
2.9445E-02  7.6947E+00  7.3284E+00  3.6634E-01
2.9449E-02  7.8328E+00  7.4665E+00  3.6634E-01
2.9453E-02  7.7015E+00  7.3352E+00  3.6634E-01
2.9456E-02  7.6926E+00  7.3263E+00  3.6634E-01
2.9460E-02  7.8566E+00  7.4903E+00  3.6634E-01
2.9464E-02  1.2956E+01  1.2589E+01  3.6634E-01
2.9468E-02  7.7169E+00  7.3506E+00  3.6634E-01
2.9471E-02  7.7484E+00  7.3821E+00  3.6634E-01
2.9475E-02  7.6907E+00  7.3244E+00  3.6634E-01
2.9479E-02  7.6932E+00  7.3268E+00  3.6634E-01
2.9483E-02  7.6872E+00  7.3209E+00  3.6634E-01
2.9486E-02  7.8568E+00  7.4904E+00  3.6634E-01
2.9490E-02  7.8290E+00  7.4627E+00  3.6634E-01
2.9494E-02  7.7100E+00  7.3437E+00  3.6634E-01
2.9497E-02  7.6623E+00  7.2960E+00  3.6634E-01
2.9501E-02  7.6676E+00  7.3013E+00  3.6634E-01
2.9505E-02  7.6647E+00  7.2984E+00  3.6634E-01
2.9509E-02  7.6550E+00  7.2886E+00  3.6634E-01
2.9513E-02  7.6546E+00  7.2883E+00  3.6634E-01
2.9516E-02  7.6666E+00  7.3003E+00  3.6634E-01
2.9520E-02  1.1453E+01  1.1087E+01  3.6634E-01
2.9524E-02  7.7318E+00  7.3654E+00  3.6634E-01
2.9527E-02  7.6511E+00  7.2848E+00  3.6634E-01
2.9531E-02  7.6689E+00  7.3026E+00  3.6634E-01
2.9535E-02  7.7042E+00  7.3379E+00  3.6634E-01
2.9539E-02  7.6842E+00  7.3179E+00  3.6634E-01
2.9542E-02  7.7641E+00  7.3978E+00  3.6634E-01
2.9546E-02  7.7511E+00  7.3848E+00  3.6634E-01
2.9550E-02  7.6524E+00  7.2861E+00  3.6634E-01
2.9554E-02  1.7490E+01  1.7123E+01  3.6634E-01
2.9557E-02  7.7602E+00  7.3938E+00  3.6634E-01
2.9561E-02  1.0218E+01  9.8518E+00  3.6634E-01
2.9565E-02  7.7242E+00  7.3578E+00  3.6634E-01
2.9569E-02  3.4728E+01  3.4362E+01  3.6634E-01
2.9573E-02  9.9523E+00  9.5860E+00  3.6634E-01
2.9576E-02  7.0307E+01  6.9940E+01  3.6634E-01
2.9580E-02  8.7190E+00  8.3526E+00  3.6634E-01
2.9584E-02  1.5521E+01  1.5155E+01  3.6634E-01
2.9588E-02  7.8447E+00  7.4784E+00  3.6634E-01
2.9591E-02  7.3240E+01  7.2874E+01  3.6634E-01
2.9595E-02  8.5647E+00  8.1983E+00  3.6634E-01
2.9599E-02  8.5390E+00  8.1727E+00  3.6634E-01
2.9603E-02  7.7539E+00  7.3875E+00  3.6634E-01
2.9606E-02  7.6575E+00  7.2912E+00  3.6634E-01
2.9610E-02  7.6883E+00  7.3220E+00  3.6634E-01
2.9614E-02  7.6204E+00  7.2541E+00  3.6634E-01
2.9618E-02  7.7069E+00  7.3406E+00  3.6634E-01
2.9621E-02  7.7327E+00  7.3664E+00  3.6634E-01
2.9625E-02  7.8206E+00  7.4542E+00  3.6634E-01
2.9629E-02  7.7014E+00  7.3350E+00  3.6634E-01
2.9632E-02  7.8184E+00  7.4520E+00  3.6634E-01
2.9636E-02  7.6301E+00  7.2638E+00  3.6634E-01
2.9640E-02  1.4379E+01  1.4013E+01  3.6634E-01
2.9644E-02  9.3524E+00  8.9860E+00  3.6634E-01
2.9648E-02  7.6127E+00  7.2464E+00  3.6634E-01
2.9651E-02  7.6375E+00  7.2712E+00  3.6634E-01
2.9655E-02  7.6114E+00  7.2450E+00  3.6634E-01
2.9659E-02  7.5949E+00  7.2286E+00  3.6634E-01
2.9662E-02  7.6053E+00  7.2390E+00  3.6634E-01
2.9666E-02  7.6564E+00  7.2901E+00  3.6634E-01
2.9670E-02  8.0439E+00  7.6776E+00  3.6634E-01
2.9674E-02  2.2600E+02  2.2564E+02  3.6634E-01
2.9678E-02  7.7682E+00  7.4019E+00  3.6634E-01
2.9681E-02  8.0909E+00  7.7246E+00  3.6634E-01
2.9685E-02  7.6349E+00  7.2686E+00  3.6634E-01
2.9689E-02  8.0516E+00  7.6853E+00  3.6634E-01
2.9693E-02  8.4140E+00  8.0477E+00  3.6634E-01
2.9696E-02  3.0302E+01  2.9936E+01  3.6634E-01
2.9700E-02  8.3858E+00  8.0195E+00  3.6634E-01
2.9704E-02  9.3636E+00  8.9972E+00  3.6634E-01
2.9708E-02  7.7901E+00  7.4237E+00  3.6634E-01
2.9711E-02  8.8565E+00  8.4902E+00  3.6634E-01
2.9715E-02  9.3453E+00  8.9789E+00  3.6634E-01
2.9719E-02  8.0778E+00  7.7115E+00  3.6634E-01
2.9723E-02  7.8434E+00  7.4771E+00  3.6634E-01
2.9726E-02  8.1147E+00  7.7484E+00  3.6634E-01
2.9730E-02  7.9377E+00  7.5713E+00  3.6634E-01
2.9734E-02  8.4448E+00  8.0785E+00  3.6634E-01
2.9738E-02  2.1978E+01  2.1612E+01  3.6634E-01
2.9741E-02  7.5852E+00  7.2189E+00  3.6634E-01
2.9745E-02  7.6485E+00  7.2822E+00  3.6634E-01
2.9749E-02  7.5345E+00  7.1681E+00  3.6634E-01
2.9753E-02  7.5333E+00  7.1669E+00  3.6634E-01
2.9756E-02  7.5664E+00  7.2001E+00  3.6634E-01
2.9760E-02  1.2175E+01  1.1809E+01  3.6634E-01
2.9764E-02  7.6865E+00  7.3202E+00  3.6634E-01
2.9767E-02  7.5326E+00  7.1663E+00  3.6634E-01
2.9771E-02  7.5245E+00  7.1581E+00  3.6634E-01
2.9775E-02  7.5132E+00  7.1468E+00  3.6634E-01
2.9779E-02  7.5078E+00  7.1415E+00  3.6634E-01
2.9782E-02  7.5111E+00  7.1448E+00  3.6634E-01
2.9786E-02  1.5470E+01  1.5104E+01  3.6634E-01
2.9790E-02  7.5503E+00  7.1840E+00  3.6634E-01
2.9794E-02  1.2256E+01  1.1890E+01  3.6634E-01
2.9797E-02  7.5054E+00  7.1391E+00  3.6634E-01
2.9801E-02  7.4997E+00  7.1334E+00  3.6634E-01
2.9805E-02  8.0903E+00  7.7239E+00  3.6634E-01
2.9809E-02  7.5268E+00  7.1605E+00  3.6634E-01
2.9813E-02  8.6565E+00  8.2901E+00  3.6634E-01
2.9816E-02  7.5047E+00  7.1384E+00  3.6634E-01
2.9820E-02  7.4896E+00  7.1232E+00  3.6634E-01
2.9824E-02  7.4811E+00  7.1148E+00  3.6634E-01
2.9828E-02  7.4820E+00  7.1157E+00  3.6634E-01
2.9831E-02  7.4942E+00  7.1279E+00  3.6634E-01
2.9835E-02  7.5336E+00  7.1673E+00  3.6634E-01
2.9839E-02  7.5011E+00  7.1347E+00  3.6634E-01
2.9843E-02  9.7208E+00  9.3544E+00  3.6634E-01
2.9846E-02  7.8764E+00  7.5100E+00  3.6634E-01
2.9850E-02  7.5437E+00  7.1773E+00  3.6634E-01
2.9854E-02  7.4952E+00  7.1289E+00  3.6634E-01
2.9858E-02  7.5616E+00  7.1952E+00  3.6634E-01
2.9861E-02  1.6455E+01  1.6088E+01  3.6634E-01
2.9865E-02  8.3307E+00  7.9643E+00  3.6634E-01
2.9869E-02  4.9066E+03  4.9062E+03  3.6634E-01
2.9872E-02  2.1987E+02  2.1951E+02  3.6634E-01
2.9876E-02  7.6974E+00  7.3311E+00  3.6634E-01
2.9880E-02  1.6943E+01  1.6577E+01  3.6634E-01
2.9884E-02  7.5045E+00  7.1381E+00  3.6634E-01
2.9888E-02  8.1102E+00  7.7438E+00  3.6634E-01
2.9891E-02  7.4918E+00  7.1254E+00  3.6634E-01
2.9895E-02  7.4811E+00  7.1148E+00  3.6634E-01
2.9899E-02  9.4378E+00  9.0715E+00  3.6634E-01
2.9902E-02  7.4396E+00  7.0732E+00  3.6634E-01
2.9906E-02  7.4344E+00  7.0681E+00  3.6634E-01
2.9910E-02  7.4393E+00  7.0730E+00  3.6634E-01
2.9914E-02  7.4284E+00  7.0620E+00  3.6634E-01
2.9917E-02  7.4299E+00  7.0636E+00  3.6634E-01
2.9921E-02  7.6512E+00  7.2848E+00  3.6634E-01
2.9925E-02  7.4282E+00  7.0618E+00  3.6634E-01
2.9929E-02  2.5582E+01  2.5216E+01  3.6634E-01
2.9932E-02  3.9819E+01  3.9453E+01  3.6634E-01
2.9936E-02  7.4387E+00  7.0724E+00  3.6634E-01
2.9940E-02  7.4175E+00  7.0511E+00  3.6634E-01
2.9944E-02  7.4272E+00  7.0609E+00  3.6634E-01
2.9948E-02  7.4366E+00  7.0703E+00  3.6634E-01
2.9951E-02  7.4080E+00  7.0416E+00  3.6634E-01
2.9955E-02  7.4047E+00  7.0383E+00  3.6634E-01
2.9959E-02  7.4024E+00  7.0361E+00  3.6634E-01
2.9963E-02  7.4008E+00  7.0345E+00  3.6634E-01
2.9966E-02  7.4003E+00  7.0340E+00  3.6634E-01
2.9970E-02  7.4049E+00  7.0385E+00  3.6634E-01
2.9974E-02  1.2662E+01  1.2296E+01  3.6634E-01
2.9978E-02  7.6274E+00  7.2611E+00  3.6634E-01
2.9981E-02  7.4019E+00  7.0356E+00  3.6634E-01
2.9985E-02  7.3966E+00  7.0303E+00  3.6634E-01
2.9989E-02  7.5219E+00  7.1556E+00  3.6634E-01
2.9993E-02  7.5075E+00  7.1412E+00  3.6634E-01
2.9996E-02  7.7629E+00  7.3966E+00  3.6634E-01
3.0000E-02  7.4287E+00  7.0623E+00  3.6634E-01
3.0004E-02  7.4331E+00  7.0667E+00  3.6634E-01
3.0007E-02  7.6392E+00  7.2728E+00  3.6634E-01
3.0011E-02  7.4006E+00  7.0342E+00  3.6634E-01
3.0015E-02  7.4182E+00  7.0519E+00  3.6634E-01
3.0019E-02  7.8941E+00  7.5278E+00  3.6634E-01
3.0023E-02  7.4894E+00  7.1231E+00  3.6634E-01
3.0026E-02  7.6907E+00  7.3244E+00  3.6634E-01
3.0030E-02  7.5845E+00  7.2181E+00  3.6634E-01
3.0034E-02  7.4566E+00  7.0903E+00  3.6634E-01
3.0037E-02  7.3679E+00  7.0015E+00  3.6634E-01
3.0041E-02  8.1708E+00  7.8045E+00  3.6634E-01
3.0045E-02  7.3578E+00  6.9915E+00  3.6634E-01
3.0049E-02  7.3965E+00  7.0302E+00  3.6634E-01
3.0052E-02  7.3682E+00  7.0019E+00  3.6634E-01
3.0056E-02  7.3530E+00  6.9867E+00  3.6634E-01
3.0060E-02  7.3952E+00  7.0288E+00  3.6634E-01
3.0064E-02  7.3683E+00  7.0020E+00  3.6634E-01
3.0068E-02  9.0061E+00  8.6397E+00  3.6634E-01
3.0071E-02  7.3684E+00  7.0020E+00  3.6634E-01
3.0075E-02  7.3425E+00  6.9762E+00  3.6634E-01
3.0079E-02  7.3399E+00  6.9736E+00  3.6634E-01
3.0083E-02  7.3506E+00  6.9843E+00  3.6634E-01
3.0086E-02  7.3373E+00  6.9710E+00  3.6634E-01
3.0090E-02  1.8611E+01  1.8245E+01  3.6634E-01
3.0094E-02  7.4255E+00  7.0591E+00  3.6634E-01
3.0098E-02  1.3631E+01  1.3265E+01  3.6634E-01
3.0101E-02  7.3531E+00  6.9868E+00  3.6634E-01
3.0105E-02  7.3362E+00  6.9699E+00  3.6634E-01
3.0109E-02  7.4599E+00  7.0936E+00  3.6634E-01
3.0113E-02  7.3365E+00  6.9702E+00  3.6634E-01
3.0116E-02  7.3265E+00  6.9601E+00  3.6634E-01
3.0120E-02  7.3754E+00  7.0090E+00  3.6634E-01
3.0124E-02  7.4914E+00  7.1250E+00  3.6634E-01
3.0128E-02  7.6369E+00  7.2705E+00  3.6634E-01
3.0131E-02  7.3230E+00  6.9567E+00  3.6634E-01
3.0135E-02  7.3123E+00  6.9460E+00  3.6634E-01
3.0139E-02  7.3094E+00  6.9430E+00  3.6634E-01
3.0142E-02  7.3091E+00  6.9428E+00  3.6634E-01
3.0146E-02  7.3173E+00  6.9509E+00  3.6634E-01
3.0150E-02  7.5022E+00  7.1358E+00  3.6634E-01
3.0154E-02  7.6457E+00  7.2793E+00  3.6634E-01
3.0158E-02  7.7825E+00  7.4162E+00  3.6634E-01
3.0161E-02  7.3189E+00  6.9526E+00  3.6634E-01
3.0165E-02  7.2996E+00  6.9333E+00  3.6634E-01
3.0169E-02  7.2949E+00  6.9285E+00  3.6634E-01
3.0172E-02  7.2980E+00  6.9316E+00  3.6634E-01
3.0176E-02  7.2892E+00  6.9229E+00  3.6634E-01
3.0180E-02  7.2846E+00  6.9183E+00  3.6634E-01
3.0184E-02  7.2827E+00  6.9164E+00  3.6634E-01
3.0187E-02  7.2833E+00  6.9169E+00  3.6634E-01
3.0191E-02  7.5796E+00  7.2133E+00  3.6634E-01
3.0195E-02  7.2897E+00  6.9234E+00  3.6634E-01
3.0199E-02  7.6215E+00  7.2552E+00  3.6634E-01
3.0203E-02  7.2739E+00  6.9076E+00  3.6634E-01
3.0206E-02  7.2695E+00  6.9032E+00  3.6634E-01
3.0210E-02  7.3385E+00  6.9722E+00  3.6634E-01
3.0214E-02  7.2861E+00  6.9198E+00  3.6634E-01
3.0218E-02  7.2675E+00  6.9012E+00  3.6634E-01
3.0221E-02  7.2994E+00  6.9331E+00  3.6634E-01
3.0225E-02  7.2604E+00  6.8941E+00  3.6634E-01
3.0229E-02  7.5835E+00  7.2172E+00  3.6634E-01
3.0233E-02  7.2540E+00  6.8876E+00  3.6634E-01
3.0236E-02  7.2570E+00  6.8907E+00  3.6634E-01
3.0240E-02  7.2504E+00  6.8841E+00  3.6634E-01
3.0244E-02  7.5849E+00  7.2186E+00  3.6634E-01
3.0248E-02  7.2517E+00  6.8854E+00  3.6634E-01
3.0251E-02  7.2441E+00  6.8777E+00  3.6634E-01
3.0255E-02  7.2468E+00  6.8805E+00  3.6634E-01
3.0259E-02  7.2407E+00  6.8744E+00  3.6634E-01
3.0263E-02  7.2379E+00  6.8716E+00  3.6634E-01
3.0266E-02  7.2360E+00  6.8696E+00  3.6634E-01
3.0270E-02  7.2343E+00  6.8679E+00  3.6634E-01
3.0274E-02  7.2931E+00  6.9267E+00  3.6634E-01
3.0277E-02  7.2391E+00  6.8728E+00  3.6634E-01
3.0281E-02  7.2757E+00  6.9093E+00  3.6634E-01
3.0285E-02  7.2267E+00  6.8603E+00  3.6634E-01
3.0289E-02  7.2277E+00  6.8614E+00  3.6634E-01
3.0292E-02  7.2817E+00  6.9154E+00  3.6634E-01
3.0296E-02  7.2421E+00  6.8758E+00  3.6634E-01
3.0300E-02  7.2355E+00  6.8692E+00  3.6634E-01
3.0304E-02  7.2164E+00  6.8501E+00  3.6634E-01
3.0307E-02  7.2187E+00  6.8523E+00  3.6634E-01
3.0311E-02  7.2133E+00  6.8470E+00  3.6634E-01
3.0315E-02  7.2106E+00  6.8443E+00  3.6634E-01
3.0319E-02  7.2094E+00  6.8431E+00  3.6634E-01
3.0322E-02  7.2109E+00  6.8446E+00  3.6634E-01
3.0326E-02  7.2051E+00  6.8387E+00  3.6634E-01
3.0330E-02  7.2033E+00  6.8369E+00  3.6634E-01
3.0334E-02  7.2253E+00  6.8590E+00  3.6634E-01
3.0338E-02  7.1994E+00  6.8330E+00  3.6634E-01
3.0341E-02  7.2638E+00  6.8975E+00  3.6634E-01
3.0345E-02  7.1955E+00  6.8292E+00  3.6634E-01
3.0349E-02  7.1931E+00  6.8267E+00  3.6634E-01
3.0353E-02  7.1921E+00  6.8257E+00  3.6634E-01
3.0356E-02  7.2015E+00  6.8352E+00  3.6634E-01
3.0360E-02  7.1996E+00  6.8332E+00  3.6634E-01
3.0364E-02  7.1854E+00  6.8191E+00  3.6634E-01
3.0368E-02  7.1943E+00  6.8280E+00  3.6634E-01
3.0371E-02  7.1829E+00  6.8165E+00  3.6634E-01
3.0375E-02  7.1902E+00  6.8239E+00  3.6634E-01
3.0379E-02  7.1812E+00  6.8148E+00  3.6634E-01
3.0382E-02  7.1765E+00  6.8102E+00  3.6634E-01
3.0386E-02  7.2019E+00  6.8356E+00  3.6634E-01
3.0390E-02  7.2053E+00  6.8390E+00  3.6634E-01
3.0394E-02  7.2221E+00  6.8558E+00  3.6634E-01
3.0398E-02  7.1720E+00  6.8057E+00  3.6634E-01
3.0401E-02  7.3115E+00  6.9451E+00  3.6634E-01
3.0405E-02  7.2422E+00  6.8758E+00  3.6634E-01
3.0409E-02  7.2286E+00  6.8623E+00  3.6634E-01
3.0412E-02  7.1669E+00  6.8005E+00  3.6634E-01
3.0416E-02  7.8085E+00  7.4422E+00  3.6634E-01
3.0420E-02  7.1853E+00  6.8190E+00  3.6634E-01
3.0424E-02  7.8571E+00  7.4907E+00  3.6634E-01
3.0427E-02  7.2941E+00  6.9278E+00  3.6634E-01
3.0431E-02  7.2989E+00  6.9325E+00  3.6634E-01
3.0435E-02  7.1625E+00  6.7961E+00  3.6634E-01
3.0439E-02  7.1613E+00  6.7950E+00  3.6634E-01
3.0443E-02  7.1853E+00  6.8189E+00  3.6633E-01
3.0446E-02  7.1824E+00  6.8160E+00  3.6633E-01
3.0450E-02  7.8498E+00  7.4835E+00  3.6633E-01
3.0454E-02  7.3460E+00  6.9797E+00  3.6633E-01
3.0458E-02  7.2140E+00  6.8477E+00  3.6633E-01
3.0461E-02  8.1483E+00  7.7820E+00  3.6633E-01
3.0465E-02  7.1952E+00  6.8289E+00  3.6633E-01
3.0469E-02  7.6746E+00  7.3083E+00  3.6633E-01
3.0473E-02  7.1489E+00  6.7825E+00  3.6633E-01
3.0476E-02  7.1336E+00  6.7672E+00  3.6633E-01
3.0480E-02  7.1289E+00  6.7626E+00  3.6633E-01
3.0484E-02  7.1261E+00  6.7598E+00  3.6633E-01
3.0488E-02  7.1237E+00  6.7574E+00  3.6633E-01
3.0491E-02  7.1215E+00  6.7552E+00  3.6633E-01
3.0495E-02  7.1188E+00  6.7524E+00  3.6633E-01
3.0499E-02  7.1166E+00  6.7503E+00  3.6633E-01
3.0503E-02  7.1213E+00  6.7549E+00  3.6633E-01
3.0506E-02  7.1181E+00  6.7517E+00  3.6633E-01
3.0510E-02  7.1112E+00  6.7449E+00  3.6633E-01
3.0514E-02  7.1137E+00  6.7474E+00  3.6633E-01
3.0517E-02  7.1074E+00  6.7411E+00  3.6633E-01
3.0521E-02  7.1710E+00  6.8047E+00  3.6633E-01
3.0525E-02  7.1194E+00  6.7531E+00  3.6633E-01
3.0529E-02  7.1015E+00  6.7352E+00  3.6633E-01
3.0533E-02  7.1142E+00  6.7478E+00  3.6633E-01
3.0536E-02  7.0997E+00  6.7334E+00  3.6633E-01
3.0540E-02  7.0969E+00  6.7305E+00  3.6633E-01
3.0544E-02  7.2809E+00  6.9146E+00  3.6633E-01
3.0547E-02  7.8277E+00  7.4614E+00  3.6633E-01
3.0551E-02  7.1016E+00  6.7352E+00  3.6633E-01
3.0555E-02  7.0894E+00  6.7231E+00  3.6633E-01
3.0559E-02  7.0909E+00  6.7246E+00  3.6633E-01
3.0562E-02  7.0862E+00  6.7199E+00  3.6633E-01
3.0566E-02  7.1066E+00  6.7403E+00  3.6633E-01
3.0570E-02  7.0929E+00  6.7265E+00  3.6633E-01
3.0574E-02  8.1495E+00  7.7832E+00  3.6633E-01
3.0578E-02  7.1002E+00  6.7338E+00  3.6633E-01
3.0581E-02  7.0775E+00  6.7112E+00  3.6633E-01
3.0585E-02  7.1003E+00  6.7340E+00  3.6633E-01
3.0589E-02  7.0720E+00  6.7057E+00  3.6633E-01
3.0593E-02  7.0698E+00  6.7035E+00  3.6633E-01
3.0596E-02  7.0680E+00  6.7017E+00  3.6633E-01
3.0600E-02  7.0664E+00  6.7001E+00  3.6633E-01
3.0604E-02  7.0654E+00  6.6991E+00  3.6633E-01
3.0608E-02  7.0640E+00  6.6977E+00  3.6633E-01
3.0611E-02  7.0622E+00  6.6959E+00  3.6633E-01
3.0615E-02  7.0621E+00  6.6958E+00  3.6633E-01
3.0619E-02  7.0668E+00  6.7004E+00  3.6633E-01
3.0623E-02  7.0907E+00  6.7243E+00  3.6633E-01
3.0626E-02  7.3605E+00  6.9942E+00  3.6633E-01
3.0630E-02  7.1664E+00  6.8001E+00  3.6633E-01
3.0634E-02  7.0862E+00  6.7199E+00  3.6633E-01
3.0638E-02  7.0688E+00  6.7025E+00  3.6633E-01
3.0641E-02  7.0803E+00  6.7140E+00  3.6633E-01
3.0645E-02  7.1146E+00  6.7483E+00  3.6633E-01
3.0649E-02  2.2668E+02  2.2631E+02  3.6633E-01
3.0652E-02  1.2044E+01  1.1678E+01  3.6633E-01
3.0656E-02  7.0678E+00  6.7015E+00  3.6633E-01
3.0660E-02  7.0468E+00  6.6805E+00  3.6633E-01
3.0664E-02  7.0397E+00  6.6733E+00  3.6633E-01
3.0668E-02  7.0515E+00  6.6851E+00  3.6633E-01
3.0671E-02  7.0354E+00  6.6691E+00  3.6633E-01
3.0675E-02  7.0449E+00  6.6786E+00  3.6633E-01
3.0679E-02  7.0293E+00  6.6630E+00  3.6633E-01
3.0682E-02  7.4669E+00  7.1006E+00  3.6633E-01
3.0686E-02  7.0252E+00  6.6588E+00  3.6633E-01
3.0690E-02  7.0317E+00  6.6654E+00  3.6633E-01
3.0694E-02  7.0296E+00  6.6633E+00  3.6633E-01
3.0697E-02  7.0210E+00  6.6547E+00  3.6633E-01
3.0701E-02  7.0209E+00  6.6546E+00  3.6633E-01
3.0705E-02  7.0225E+00  6.6562E+00  3.6633E-01
3.0709E-02  7.0309E+00  6.6646E+00  3.6633E-01
3.0713E-02  5.4392E+01  5.4026E+01  3.6633E-01
3.0716E-02  9.7157E+00  9.3494E+00  3.6633E-01
3.0720E-02  7.6190E+00  7.2527E+00  3.6633E-01
3.0724E-02  7.0446E+00  6.6783E+00  3.6633E-01
3.0728E-02  7.0296E+00  6.6633E+00  3.6633E-01
3.0731E-02  7.0395E+00  6.6732E+00  3.6633E-01
3.0735E-02  7.0726E+00  6.7062E+00  3.6633E-01
3.0739E-02  7.4055E+00  7.0391E+00  3.6633E-01
3.0743E-02  2.7951E+02  2.7915E+02  3.6633E-01
3.0746E-02  7.1556E+00  6.7893E+00  3.6633E-01
3.0750E-02  7.1723E+00  6.8060E+00  3.6633E-01
3.0754E-02  1.0093E+02  1.0056E+02  3.6633E-01
3.0758E-02  2.8893E+01  2.8526E+01  3.6633E-01
3.0761E-02  1.0146E+01  9.7798E+00  3.6633E-01
3.0765E-02  7.0269E+00  6.6606E+00  3.6633E-01
3.0769E-02  7.0034E+00  6.6371E+00  3.6633E-01
3.0773E-02  6.9917E+00  6.6254E+00  3.6633E-01
3.0776E-02  6.9875E+00  6.6212E+00  3.6633E-01
3.0780E-02  6.9854E+00  6.6191E+00  3.6633E-01
3.0784E-02  6.9930E+00  6.6266E+00  3.6633E-01
3.0787E-02  7.8854E+00  7.5191E+00  3.6633E-01
3.0791E-02  7.0008E+00  6.6345E+00  3.6633E-01
3.0795E-02  6.9784E+00  6.6121E+00  3.6633E-01
3.0799E-02  6.9733E+00  6.6070E+00  3.6633E-01
3.0803E-02  6.9771E+00  6.6107E+00  3.6633E-01
3.0806E-02  1.3995E+01  1.3628E+01  3.6633E-01
3.0810E-02  7.2289E+00  6.8626E+00  3.6633E-01
3.0814E-02  7.6777E+00  7.3114E+00  3.6633E-01
3.0818E-02  7.1505E+00  6.7842E+00  3.6633E-01
3.0821E-02  6.9789E+00  6.6125E+00  3.6633E-01
3.0825E-02  7.2089E+00  6.8426E+00  3.6633E-01
3.0829E-02  6.9766E+00  6.6102E+00  3.6633E-01
3.0832E-02  7.0177E+00  6.6514E+00  3.6633E-01
3.0836E-02  7.7012E+00  7.3349E+00  3.6633E-01
3.0840E-02  8.7980E+00  8.4317E+00  3.6633E-01
3.0844E-02  7.1244E+00  6.7581E+00  3.6633E-01
3.0848E-02  6.9605E+00  6.5942E+00  3.6633E-01
3.0851E-02  7.2204E+00  6.8541E+00  3.6633E-01
3.0855E-02  6.9887E+00  6.6224E+00  3.6633E-01
3.0859E-02  6.9816E+00  6.6153E+00  3.6633E-01
3.0863E-02  7.5440E+00  7.1777E+00  3.6633E-01
3.0866E-02  7.2412E+00  6.8748E+00  3.6633E-01
3.0870E-02  7.7871E+00  7.4208E+00  3.6633E-01
3.0874E-02  8.2033E+00  7.8369E+00  3.6633E-01
3.0878E-02  7.1605E+00  6.7941E+00  3.6633E-01
3.0881E-02  6.9422E+00  6.5759E+00  3.6633E-01
3.0885E-02  6.9796E+00  6.6133E+00  3.6633E-01
3.0889E-02  6.9311E+00  6.5648E+00  3.6633E-01
3.0892E-02  6.9323E+00  6.5660E+00  3.6633E-01
3.0896E-02  6.9455E+00  6.5792E+00  3.6633E-01
3.0900E-02  6.9436E+00  6.5772E+00  3.6633E-01
3.0904E-02  6.9193E+00  6.5530E+00  3.6633E-01
3.0908E-02  6.9448E+00  6.5784E+00  3.6633E-01
3.0911E-02  6.9184E+00  6.5520E+00  3.6633E-01
3.0915E-02  7.6504E+00  7.2841E+00  3.6633E-01
3.0919E-02  6.9143E+00  6.5480E+00  3.6633E-01
3.0922E-02  6.9080E+00  6.5417E+00  3.6633E-01
3.0926E-02  6.9056E+00  6.5393E+00  3.6633E-01
3.0930E-02  6.9041E+00  6.5378E+00  3.6633E-01
3.0934E-02  6.9034E+00  6.5371E+00  3.6633E-01
3.0937E-02  6.9183E+00  6.5519E+00  3.6633E-01
3.0941E-02  6.9439E+00  6.5776E+00  3.6633E-01
3.0945E-02  6.9415E+00  6.5751E+00  3.6633E-01
3.0949E-02  6.8994E+00  6.5331E+00  3.6633E-01
3.0953E-02  8.2569E+00  7.8906E+00  3.6633E-01
3.0956E-02  6.9007E+00  6.5343E+00  3.6633E-01
3.0960E-02  6.8902E+00  6.5239E+00  3.6633E-01
3.0964E-02  6.9982E+00  6.6318E+00  3.6633E-01
3.0967E-02  6.8871E+00  6.5207E+00  3.6633E-01
3.0971E-02  6.9061E+00  6.5397E+00  3.6633E-01
3.0975E-02  6.8997E+00  6.5334E+00  3.6633E-01
3.0979E-02  6.8809E+00  6.5146E+00  3.6633E-01
3.0983E-02  8.2815E+00  7.9151E+00  3.6633E-01
3.0986E-02  6.9009E+00  6.5346E+00  3.6633E-01
3.0990E-02  6.8745E+00  6.5081E+00  3.6633E-01
3.0994E-02  6.8725E+00  6.5062E+00  3.6633E-01
3.0998E-02  6.8707E+00  6.5044E+00  3.6633E-01
3.1001E-02  6.9503E+00  6.5840E+00  3.6633E-01
3.1005E-02  6.8673E+00  6.5010E+00  3.6633E-01
3.1009E-02  6.9185E+00  6.5522E+00  3.6633E-01
3.1013E-02  6.8702E+00  6.5039E+00  3.6633E-01
3.1016E-02  7.2133E+00  6.8470E+00  3.6633E-01
3.1020E-02  6.8635E+00  6.4971E+00  3.6633E-01
3.1024E-02  6.8589E+00  6.4926E+00  3.6633E-01
3.1027E-02  6.8570E+00  6.4906E+00  3.6633E-01
3.1031E-02  6.8554E+00  6.4891E+00  3.6633E-01
3.1035E-02  6.8542E+00  6.4879E+00  3.6633E-01
3.1039E-02  6.8532E+00  6.4869E+00  3.6633E-01
3.1043E-02  6.8512E+00  6.4849E+00  3.6633E-01
3.1046E-02  6.8524E+00  6.4860E+00  3.6633E-01
3.1050E-02  6.8508E+00  6.4845E+00  3.6633E-01
3.1054E-02  6.9003E+00  6.5339E+00  3.6633E-01
3.1057E-02  6.8514E+00  6.4851E+00  3.6633E-01
3.1061E-02  1.5931E+01  1.5564E+01  3.6633E-01
3.1065E-02  1.6074E+01  1.5708E+01  3.6633E-01
3.1069E-02  6.8446E+00  6.4783E+00  3.6633E-01
3.1072E-02  6.8436E+00  6.4773E+00  3.6633E-01
3.1076E-02  6.8580E+00  6.4917E+00  3.6633E-01
3.1080E-02  6.8576E+00  6.4913E+00  3.6633E-01
3.1084E-02  6.9266E+00  6.5603E+00  3.6633E-01
3.1088E-02  7.4479E+00  7.0816E+00  3.6633E-01
3.1091E-02  6.8531E+00  6.4867E+00  3.6633E-01
3.1095E-02  7.2432E+00  6.8769E+00  3.6633E-01
3.1099E-02  6.9153E+00  6.5489E+00  3.6633E-01
3.1102E-02  7.4112E+00  7.0449E+00  3.6633E-01
3.1106E-02  7.6083E+00  7.2420E+00  3.6633E-01
3.1110E-02  7.5158E+02  7.5121E+02  3.6633E-01
3.1114E-02  6.8934E+00  6.5270E+00  3.6633E-01
3.1118E-02  6.8709E+00  6.5046E+00  3.6633E-01
3.1121E-02  6.8511E+00  6.4848E+00  3.6633E-01
3.1125E-02  6.9198E+00  6.5534E+00  3.6633E-01
3.1129E-02  7.1129E+00  6.7466E+00  3.6633E-01
3.1133E-02  8.5725E+00  8.2062E+00  3.6633E-01
3.1136E-02  7.0159E+00  6.6495E+00  3.6633E-01
3.1140E-02  6.9332E+00  6.5669E+00  3.6633E-01
3.1144E-02  6.8367E+00  6.4703E+00  3.6633E-01
3.1148E-02  6.8246E+00  6.4583E+00  3.6633E-01
3.1151E-02  6.8611E+00  6.4948E+00  3.6633E-01
3.1155E-02  6.9537E+00  6.5874E+00  3.6633E-01
3.1159E-02  1.0051E+01  9.6850E+00  3.6633E-01
3.1162E-02  6.9912E+00  6.6249E+00  3.6633E-01
3.1166E-02  2.7164E+02  2.7128E+02  3.6633E-01
3.1170E-02  6.8540E+00  6.4877E+00  3.6633E-01
3.1174E-02  6.8614E+00  6.4951E+00  3.6633E-01
3.1178E-02  6.8090E+00  6.4427E+00  3.6633E-01
3.1181E-02  6.9621E+00  6.5958E+00  3.6633E-01
3.1185E-02  6.9806E+00  6.6143E+00  3.6633E-01
3.1189E-02  6.9535E+00  6.5871E+00  3.6633E-01
3.1193E-02  6.7990E+00  6.4326E+00  3.6633E-01
3.1196E-02  6.7939E+00  6.4275E+00  3.6633E-01
3.1200E-02  6.7963E+00  6.4299E+00  3.6633E-01
3.1204E-02  6.8072E+00  6.4409E+00  3.6633E-01
3.1207E-02  9.4650E+01  9.4283E+01  3.6633E-01
3.1211E-02  6.8199E+00  6.4536E+00  3.6633E-01
3.1215E-02  6.8675E+00  6.5011E+00  3.6633E-01
3.1219E-02  1.9045E+01  1.8678E+01  3.6633E-01
3.1223E-02  1.8424E+02  1.8388E+02  3.6633E-01
3.1226E-02  6.8258E+00  6.4594E+00  3.6633E-01
3.1230E-02  2.6046E+01  2.5679E+01  3.6633E-01
3.1234E-02  1.3876E+02  1.3839E+02  3.6633E-01
3.1237E-02  6.9628E+00  6.5964E+00  3.6633E-01
3.1241E-02  1.7629E+01  1.7263E+01  3.6633E-01
3.1245E-02  1.5011E+01  1.4645E+01  3.6633E-01
3.1249E-02  7.3696E+00  7.0033E+00  3.6633E-01
3.1253E-02  6.7686E+00  6.4023E+00  3.6633E-01
3.1256E-02  6.7658E+00  6.3995E+00  3.6633E-01
3.1260E-02  6.7646E+00  6.3982E+00  3.6633E-01
3.1264E-02  6.7670E+00  6.4006E+00  3.6633E-01
3.1267E-02  6.8603E+00  6.4939E+00  3.6633E-01
3.1271E-02  6.8624E+00  6.4961E+00  3.6633E-01
3.1275E-02  6.7733E+00  6.4070E+00  3.6633E-01
3.1279E-02  6.9815E+00  6.6151E+00  3.6633E-01
3.1283E-02  6.9935E+00  6.6271E+00  3.6633E-01
3.1286E-02  8.1292E+00  7.7629E+00  3.6633E-01
3.1290E-02  6.8962E+00  6.5299E+00  3.6633E-01
3.1294E-02  6.7729E+00  6.4066E+00  3.6633E-01
3.1297E-02  6.7669E+00  6.4006E+00  3.6633E-01
3.1301E-02  6.8063E+00  6.4399E+00  3.6633E-01
3.1305E-02  6.8540E+00  6.4877E+00  3.6633E-01
3.1309E-02  7.0572E+00  6.6908E+00  3.6633E-01
3.1313E-02  9.7859E+00  9.4196E+00  3.6633E-01
3.1316E-02  7.2017E+00  6.8353E+00  3.6633E-01
3.1320E-02  7.2233E+00  6.8570E+00  3.6633E-01
3.1324E-02  6.9508E+00  6.5845E+00  3.6633E-01
3.1328E-02  6.7490E+00  6.3826E+00  3.6633E-01
3.1331E-02  6.7403E+00  6.3740E+00  3.6633E-01
3.1335E-02  6.7331E+00  6.3668E+00  3.6633E-01
3.1339E-02  6.7406E+00  6.3743E+00  3.6633E-01
3.1343E-02  7.6516E+00  7.2852E+00  3.6633E-01
3.1346E-02  6.7322E+00  6.3658E+00  3.6633E-01
3.1350E-02  7.0588E+00  6.6925E+00  3.6633E-01
3.1354E-02  6.7390E+00  6.3727E+00  3.6633E-01
3.1358E-02  6.9239E+00  6.5576E+00  3.6633E-01
3.1361E-02  6.7513E+00  6.3850E+00  3.6633E-01
3.1365E-02  6.7209E+00  6.3546E+00  3.6633E-01
3.1369E-02  6.7263E+00  6.3600E+00  3.6633E-01
3.1372E-02  7.3044E+00  6.9381E+00  3.6633E-01
3.1376E-02  6.7228E+00  6.3565E+00  3.6633E-01
3.1380E-02  6.7341E+00  6.3677E+00  3.6633E-01
3.1384E-02  6.8174E+00  6.4511E+00  3.6633E-01
3.1387E-02  7.1411E+00  6.7748E+00  3.6633E-01
3.1391E-02  4.2991E+02  4.2954E+02  3.6633E-01
3.1395E-02  6.8512E+00  6.4849E+00  3.6633E-01
3.1399E-02  6.8051E+00  6.4388E+00  3.6633E-01
3.1402E-02  6.9103E+00  6.5440E+00  3.6633E-01
3.1406E-02  6.7481E+00  6.3817E+00  3.6633E-01
3.1410E-02  6.7534E+00  6.3871E+00  3.6633E-01
3.1414E-02  7.4457E+00  7.0794E+00  3.6633E-01
3.1418E-02  8.9969E+00  8.6306E+00  3.6633E-01
3.1421E-02  6.7589E+00  6.3926E+00  3.6633E-01
3.1425E-02  6.7407E+00  6.3744E+00  3.6633E-01
3.1429E-02  6.7017E+00  6.3353E+00  3.6633E-01
3.1432E-02  6.7056E+00  6.3393E+00  3.6633E-01
3.1436E-02  6.7322E+00  6.3659E+00  3.6633E-01
3.1440E-02  6.9552E+00  6.5889E+00  3.6633E-01
3.1444E-02  1.0406E+01  1.0040E+01  3.6633E-01
3.1448E-02  7.7084E+00  7.3421E+00  3.6633E-01
3.1451E-02  6.7915E+00  6.4252E+00  3.6633E-01
3.1455E-02  6.7310E+00  6.3647E+00  3.6633E-01
3.1459E-02  7.0421E+00  6.6758E+00  3.6633E-01
3.1463E-02  6.6834E+00  6.3171E+00  3.6633E-01
3.1466E-02  6.6774E+00  6.3111E+00  3.6633E-01
3.1470E-02  6.6942E+00  6.3279E+00  3.6633E-01
3.1474E-02  1.2433E+01  1.2067E+01  3.6633E-01
3.1477E-02  6.7324E+00  6.3661E+00  3.6633E-01
3.1481E-02  6.6808E+00  6.3145E+00  3.6633E-01
3.1485E-02  6.9528E+00  6.5865E+00  3.6633E-01
3.1489E-02  6.6754E+00  6.3091E+00  3.6633E-01
3.1492E-02  6.6608E+00  6.2945E+00  3.6633E-01
3.1496E-02  6.6645E+00  6.2982E+00  3.6633E-01
3.1500E-02  1.3584E+01  1.3218E+01  3.6633E-01
3.1504E-02  6.6618E+00  6.2954E+00  3.6633E-01
3.1508E-02  6.6637E+00  6.2973E+00  3.6633E-01
3.1511E-02  6.6831E+00  6.3168E+00  3.6633E-01
3.1515E-02  6.8360E+00  6.4697E+00  3.6633E-01
3.1519E-02  2.5455E+02  2.5418E+02  3.6633E-01
3.1523E-02  6.8122E+00  6.4459E+00  3.6633E-01
3.1526E-02  7.6245E+00  7.2582E+00  3.6633E-01
3.1530E-02  5.2280E+01  5.1913E+01  3.6633E-01
3.1534E-02  6.9943E+00  6.6280E+00  3.6633E-01
3.1537E-02  2.9600E+02  2.9563E+02  3.6633E-01
3.1541E-02  1.1179E+02  1.1143E+02  3.6633E-01
3.1545E-02  6.8520E+00  6.4856E+00  3.6633E-01
3.1549E-02  1.0281E+02  1.0244E+02  3.6633E-01
3.1553E-02  7.0283E+00  6.6619E+00  3.6633E-01
3.1556E-02  7.6069E+00  7.2405E+00  3.6633E-01
3.1560E-02  6.6552E+00  6.2888E+00  3.6633E-01
3.1564E-02  6.6390E+00  6.2726E+00  3.6633E-01
3.1568E-02  6.6881E+00  6.3217E+00  3.6633E-01
3.1571E-02  6.6335E+00  6.2671E+00  3.6633E-01
3.1575E-02  6.6681E+00  6.3018E+00  3.6633E-01
3.1579E-02  6.6343E+00  6.2680E+00  3.6633E-01
3.1582E-02  7.4793E+00  7.1129E+00  3.6633E-01
3.1586E-02  1.3507E+01  1.3141E+01  3.6633E-01
3.1590E-02  6.8863E+00  6.5200E+00  3.6633E-01
3.1594E-02  6.6699E+00  6.3036E+00  3.6633E-01
3.1598E-02  6.6262E+00  6.2599E+00  3.6633E-01
3.1601E-02  6.6055E+00  6.2392E+00  3.6633E-01
3.1605E-02  6.6240E+00  6.2577E+00  3.6633E-01
3.1609E-02  6.6046E+00  6.2383E+00  3.6633E-01
3.1613E-02  6.6117E+00  6.2454E+00  3.6633E-01
3.1616E-02  6.5978E+00  6.2314E+00  3.6633E-01
3.1620E-02  6.5998E+00  6.2335E+00  3.6633E-01
3.1624E-02  6.5955E+00  6.2292E+00  3.6633E-01
3.1628E-02  6.5947E+00  6.2284E+00  3.6633E-01
3.1631E-02  6.5937E+00  6.2274E+00  3.6633E-01
3.1635E-02  6.5908E+00  6.2244E+00  3.6633E-01
3.1639E-02  7.0667E+00  6.7003E+00  3.6633E-01
3.1642E-02  6.5912E+00  6.2249E+00  3.6633E-01
3.1646E-02  7.2209E+00  6.8546E+00  3.6633E-01
3.1650E-02  6.6468E+00  6.2805E+00  3.6633E-01
3.1654E-02  6.7167E+00  6.3504E+00  3.6633E-01
3.1657E-02  7.4502E+00  7.0839E+00  3.6633E-01
3.1661E-02  6.6055E+00  6.2392E+00  3.6633E-01
3.1665E-02  6.6001E+00  6.2337E+00  3.6633E-01
3.1669E-02  1.5009E+02  1.4972E+02  3.6633E-01
3.1672E-02  6.6116E+00  6.2452E+00  3.6633E-01
3.1676E-02  6.5732E+00  6.2069E+00  3.6633E-01
3.1680E-02  6.5709E+00  6.2046E+00  3.6633E-01
3.1684E-02  6.5689E+00  6.2026E+00  3.6633E-01
3.1688E-02  6.5963E+00  6.2299E+00  3.6633E-01
3.1691E-02  6.5641E+00  6.1978E+00  3.6633E-01
3.1695E-02  6.5617E+00  6.1954E+00  3.6633E-01
3.1699E-02  6.5609E+00  6.1946E+00  3.6633E-01
3.1703E-02  6.5582E+00  6.1919E+00  3.6633E-01
3.1706E-02  6.5611E+00  6.1948E+00  3.6633E-01
3.1710E-02  6.5576E+00  6.1912E+00  3.6633E-01
3.1714E-02  6.5538E+00  6.1875E+00  3.6633E-01
3.1718E-02  6.6224E+00  6.2561E+00  3.6633E-01
3.1721E-02  6.5565E+00  6.1902E+00  3.6633E-01
3.1725E-02  6.5575E+00  6.1912E+00  3.6633E-01
3.1729E-02  6.5483E+00  6.1820E+00  3.6633E-01
3.1733E-02  6.5450E+00  6.1787E+00  3.6633E-01
3.1736E-02  6.6422E+00  6.2758E+00  3.6633E-01
3.1740E-02  6.5426E+00  6.1762E+00  3.6633E-01
3.1744E-02  6.5405E+00  6.1742E+00  3.6633E-01
3.1747E-02  6.5560E+00  6.1897E+00  3.6633E-01
3.1751E-02  6.5460E+00  6.1797E+00  3.6633E-01
3.1755E-02  6.5709E+00  6.2045E+00  3.6633E-01
3.1759E-02  6.5400E+00  6.1737E+00  3.6633E-01
3.1762E-02  6.5323E+00  6.1659E+00  3.6633E-01
3.1766E-02  6.5318E+00  6.1655E+00  3.6633E-01
3.1770E-02  6.5497E+00  6.1834E+00  3.6633E-01
3.1774E-02  6.5276E+00  6.1613E+00  3.6633E-01
3.1778E-02  6.6294E+00  6.2631E+00  3.6633E-01
3.1781E-02  6.6538E+00  6.2875E+00  3.6633E-01
3.1785E-02  6.9610E+00  6.5947E+00  3.6633E-01
3.1789E-02  6.5224E+00  6.1560E+00  3.6633E-01
3.1793E-02  6.5237E+00  6.1574E+00  3.6633E-01
3.1796E-02  6.5209E+00  6.1546E+00  3.6633E-01
3.1800E-02  6.8172E+00  6.4509E+00  3.6633E-01
3.1804E-02  6.5536E+00  6.1873E+00  3.6633E-01
3.1807E-02  6.5147E+00  6.1484E+00  3.6633E-01
3.1811E-02  7.0215E+00  6.6552E+00  3.6633E-01
3.1815E-02  6.5096E+00  6.1433E+00  3.6633E-01
3.1819E-02  6.5098E+00  6.1435E+00  3.6633E-01
3.1823E-02  6.5075E+00  6.1412E+00  3.6633E-01
3.1826E-02  6.5102E+00  6.1438E+00  3.6633E-01
3.1830E-02  6.5163E+00  6.1500E+00  3.6633E-01
3.1834E-02  6.5058E+00  6.1395E+00  3.6633E-01
3.1838E-02  6.5005E+00  6.1342E+00  3.6633E-01
3.1841E-02  6.5049E+00  6.1386E+00  3.6633E-01
3.1845E-02  6.5068E+00  6.1404E+00  3.6633E-01
3.1849E-02  6.5089E+00  6.1426E+00  3.6633E-01
3.1852E-02  6.4949E+00  6.1286E+00  3.6633E-01
3.1856E-02  6.5333E+00  6.1670E+00  3.6633E-01
3.1860E-02  6.5306E+00  6.1643E+00  3.6633E-01
3.1864E-02  8.3082E+00  7.9419E+00  3.6633E-01
3.1867E-02  6.4967E+00  6.1304E+00  3.6633E-01
3.1871E-02  6.5209E+00  6.1546E+00  3.6633E-01
3.1875E-02  1.0562E+01  1.0196E+01  3.6633E-01
3.1879E-02  6.5214E+00  6.1551E+00  3.6633E-01
3.1883E-02  6.6223E+00  6.2560E+00  3.6633E-01
3.1886E-02  6.6955E+00  6.3291E+00  3.6633E-01
3.1890E-02  6.7710E+00  6.4047E+00  3.6633E-01
3.1894E-02  6.5030E+00  6.1367E+00  3.6633E-01
3.1898E-02  6.5150E+00  6.1486E+00  3.6633E-01
3.1901E-02  6.4871E+00  6.1207E+00  3.6633E-01
3.1905E-02  6.4988E+00  6.1325E+00  3.6633E-01
3.1909E-02  6.5296E+00  6.1633E+00  3.6633E-01
3.1912E-02  6.4814E+00  6.1151E+00  3.6633E-01
3.1916E-02  6.4967E+00  6.1303E+00  3.6633E-01
3.1920E-02  1.1398E+01  1.1031E+01  3.6633E-01
3.1924E-02  6.4942E+00  6.1279E+00  3.6633E-01
3.1927E-02  6.5439E+00  6.1776E+00  3.6633E-01
3.1931E-02  3.4399E+02  3.4362E+02  3.6633E-01
3.1935E-02  6.5415E+00  6.1751E+00  3.6633E-01
3.1939E-02  1.5604E+02  1.5568E+02  3.6633E-01
3.1943E-02  6.8707E+00  6.5044E+00  3.6633E-01
3.1946E-02  6.5104E+00  6.1441E+00  3.6633E-01
3.1950E-02  6.4693E+00  6.1030E+00  3.6633E-01
3.1954E-02  6.7019E+00  6.3356E+00  3.6633E-01
3.1957E-02  6.4694E+00  6.1031E+00  3.6633E-01
3.1961E-02  6.4558E+00  6.0894E+00  3.6633E-01
3.1965E-02  6.4538E+00  6.0875E+00  3.6633E-01
3.1969E-02  6.4566E+00  6.0902E+00  3.6633E-01
3.1973E-02  7.8520E+00  7.4857E+00  3.6633E-01
3.1976E-02  6.6100E+00  6.2437E+00  3.6633E-01
3.1980E-02  6.4852E+00  6.1188E+00  3.6633E-01
3.1984E-02  6.5472E+00  6.1809E+00  3.6633E-01
3.1988E-02  6.5203E+00  6.1539E+00  3.6633E-01
3.1991E-02  6.4665E+00  6.1001E+00  3.6633E-01
3.1995E-02  6.4734E+00  6.1070E+00  3.6633E-01
3.1999E-02  6.4526E+00  6.0862E+00  3.6633E-01
3.2003E-02  6.4526E+00  6.0862E+00  3.6633E-01
3.2006E-02  6.4499E+00  6.0835E+00  3.6633E-01
3.2010E-02  6.4521E+00  6.0857E+00  3.6633E-01
3.2014E-02  6.4579E+00  6.0916E+00  3.6633E-01
3.2017E-02  6.4631E+00  6.0967E+00  3.6633E-01
3.2021E-02  6.4837E+00  6.1174E+00  3.6633E-01
3.2025E-02  6.4964E+00  6.1301E+00  3.6633E-01
3.2029E-02  6.6171E+00  6.2508E+00  3.6633E-01
3.2032E-02  2.4281E+01  2.3915E+01  3.6633E-01
3.2036E-02  6.2933E+02  6.2896E+02  3.6633E-01
3.2040E-02  6.6171E+00  6.2507E+00  3.6633E-01
3.2044E-02  6.6636E+00  6.2973E+00  3.6633E-01
3.2047E-02  6.7227E+00  6.3563E+00  3.6633E-01
3.2051E-02  5.4671E+01  5.4305E+01  3.6633E-01
3.2055E-02  7.2136E+00  6.8473E+00  3.6633E-01
3.2059E-02  8.3346E+00  7.9683E+00  3.6633E-01
3.2063E-02  1.9191E+01  1.8825E+01  3.6633E-01
3.2066E-02  1.8244E+03  1.8240E+03  3.6633E-01
3.2070E-02  9.4944E+00  9.1281E+00  3.6633E-01
3.2074E-02  7.4102E+00  7.0438E+00  3.6633E-01
3.2078E-02  7.0190E+00  6.6527E+00  3.6633E-01
3.2081E-02  6.7273E+00  6.3610E+00  3.6633E-01
3.2085E-02  6.5868E+00  6.2204E+00  3.6633E-01
3.2089E-02  6.5279E+00  6.1616E+00  3.6633E-01
3.2093E-02  6.4955E+00  6.1292E+00  3.6633E-01
3.2096E-02  6.7562E+00  6.3899E+00  3.6633E-01
3.2100E-02  6.5078E+00  6.1415E+00  3.6633E-01
3.2104E-02  7.0310E+00  6.6646E+00  3.6633E-01
3.2108E-02  6.5979E+00  6.2316E+00  3.6633E-01
3.2111E-02  2.9689E+02  2.9652E+02  3.6633E-01
3.2115E-02  6.6010E+00  6.2347E+00  3.6633E-01
3.2119E-02  7.2860E+01  7.2494E+01  3.6633E-01
3.2122E-02  6.7269E+00  6.3606E+00  3.6633E-01
3.2126E-02  6.8016E+00  6.4353E+00  3.6633E-01
3.2130E-02  7.9500E+00  7.5837E+00  3.6633E-01
3.2134E-02  6.6401E+00  6.2738E+00  3.6633E-01
3.2137E-02  6.4092E+00  6.0428E+00  3.6633E-01
3.2141E-02  6.5655E+00  6.1992E+00  3.6633E-01
3.2145E-02  7.1039E+00  6.7376E+00  3.6633E-01
3.2149E-02  6.4621E+00  6.0957E+00  3.6633E-01
3.2153E-02  7.3248E+00  6.9585E+00  3.6633E-01
3.2156E-02  1.0280E+01  9.9136E+00  3.6633E-01
3.2160E-02  6.4013E+00  6.0350E+00  3.6633E-01
3.2164E-02  6.5576E+00  6.1913E+00  3.6633E-01
3.2168E-02  6.3694E+00  6.0031E+00  3.6633E-01
3.2171E-02  6.3678E+00  6.0015E+00  3.6633E-01
3.2175E-02  6.8305E+00  6.4642E+00  3.6633E-01
3.2179E-02  8.2521E+00  7.8858E+00  3.6633E-01
3.2182E-02  6.3886E+00  6.0223E+00  3.6632E-01
3.2186E-02  6.4900E+00  6.1237E+00  3.6632E-01
3.2190E-02  6.7302E+00  6.3638E+00  3.6632E-01
3.2194E-02  6.4097E+00  6.0433E+00  3.6632E-01
3.2198E-02  6.8002E+00  6.4339E+00  3.6632E-01
3.2201E-02  1.0385E+01  1.0019E+01  3.6632E-01
3.2205E-02  6.3933E+00  6.0270E+00  3.6632E-01
3.2209E-02  6.9456E+00  6.5793E+00  3.6632E-01
3.2213E-02  6.3553E+00  5.9890E+00  3.6632E-01
3.2216E-02  6.3459E+00  5.9796E+00  3.6632E-01
3.2220E-02  6.3528E+00  5.9865E+00  3.6632E-01
3.2224E-02  6.3405E+00  5.9742E+00  3.6632E-01
3.2227E-02  6.3403E+00  5.9740E+00  3.6632E-01
3.2231E-02  6.3413E+00  5.9750E+00  3.6632E-01
3.2235E-02  6.3450E+00  5.9787E+00  3.6632E-01
3.2239E-02  6.3343E+00  5.9680E+00  3.6632E-01
3.2243E-02  8.2086E+00  7.8423E+00  3.6632E-01
3.2246E-02  6.3394E+00  5.9731E+00  3.6632E-01
3.2250E-02  6.6726E+00  6.3062E+00  3.6632E-01
3.2254E-02  7.7758E+00  7.4094E+00  3.6632E-01
3.2258E-02  6.3417E+00  5.9753E+00  3.6632E-01
3.2261E-02  6.3780E+00  6.0117E+00  3.6632E-01
3.2265E-02  6.4784E+00  6.1121E+00  3.6632E-01
3.2269E-02  2.4133E+01  2.3766E+01  3.6632E-01
3.2273E-02  6.5388E+00  6.1725E+00  3.6632E-01
3.2276E-02  6.8811E+00  6.5148E+00  3.6632E-01
3.2280E-02  6.6226E+00  6.2562E+00  3.6632E-01
3.2284E-02  6.3142E+00  5.9478E+00  3.6632E-01
3.2287E-02  6.3098E+00  5.9435E+00  3.6632E-01
3.2291E-02  6.3183E+00  5.9520E+00  3.6632E-01
3.2295E-02  6.3175E+00  5.9512E+00  3.6632E-01
3.2299E-02  6.3059E+00  5.9396E+00  3.6632E-01
3.2302E-02  6.3033E+00  5.9370E+00  3.6632E-01
3.2306E-02  6.3036E+00  5.9373E+00  3.6632E-01
3.2310E-02  6.3008E+00  5.9344E+00  3.6632E-01
3.2314E-02  6.3056E+00  5.9393E+00  3.6632E-01
3.2318E-02  6.3036E+00  5.9372E+00  3.6632E-01
3.2321E-02  6.3102E+00  5.9439E+00  3.6632E-01
3.2325E-02  6.3303E+00  5.9640E+00  3.6632E-01
3.2329E-02  7.3782E+00  7.0118E+00  3.6632E-01
3.2333E-02  6.6552E+00  6.2888E+00  3.6632E-01
3.2336E-02  6.6362E+00  6.2699E+00  3.6632E-01
3.2340E-02  6.4090E+00  6.0427E+00  3.6632E-01
3.2344E-02  6.3031E+00  5.9367E+00  3.6632E-01
3.2348E-02  6.2867E+00  5.9204E+00  3.6632E-01
3.2351E-02  6.2847E+00  5.9183E+00  3.6632E-01
3.2355E-02  6.2831E+00  5.9168E+00  3.6632E-01
3.2359E-02  6.3448E+00  5.9785E+00  3.6632E-01
3.2363E-02  6.2870E+00  5.9207E+00  3.6632E-01
3.2366E-02  6.3523E+00  5.9859E+00  3.6632E-01
3.2370E-02  6.2790E+00  5.9127E+00  3.6632E-01
3.2374E-02  6.2863E+00  5.9200E+00  3.6632E-01
3.2378E-02  7.0573E+00  6.6909E+00  3.6632E-01
3.2381E-02  6.2759E+00  5.9096E+00  3.6632E-01
3.2385E-02  7.6539E+00  7.2876E+00  3.6632E-01
3.2389E-02  6.2739E+00  5.9076E+00  3.6632E-01
3.2392E-02  6.2828E+00  5.9165E+00  3.6632E-01
3.2396E-02  6.2786E+00  5.9123E+00  3.6632E-01
3.2400E-02  6.7307E+00  6.3644E+00  3.6632E-01
3.2404E-02  6.2613E+00  5.8949E+00  3.6632E-01
3.2407E-02  6.2590E+00  5.8927E+00  3.6632E-01
3.2411E-02  6.2572E+00  5.8909E+00  3.6632E-01
3.2415E-02  6.2557E+00  5.8894E+00  3.6632E-01
3.2419E-02  6.2560E+00  5.8897E+00  3.6632E-01
3.2422E-02  6.2539E+00  5.8876E+00  3.6632E-01
3.2426E-02  6.6362E+00  6.2699E+00  3.6632E-01
3.2430E-02  6.2501E+00  5.8838E+00  3.6632E-01
3.2434E-02  6.2506E+00  5.8843E+00  3.6632E-01
3.2438E-02  6.2494E+00  5.8831E+00  3.6632E-01
3.2441E-02  6.2474E+00  5.8811E+00  3.6632E-01
3.2445E-02  6.2477E+00  5.8813E+00  3.6632E-01
3.2449E-02  6.3172E+00  5.9509E+00  3.6632E-01
3.2453E-02  6.2744E+00  5.9081E+00  3.6632E-01
3.2456E-02  7.0866E+00  6.7202E+00  3.6632E-01
3.2460E-02  6.9926E+00  6.6263E+00  3.6632E-01
3.2464E-02  7.2148E+00  6.8485E+00  3.6632E-01
3.2468E-02  6.3084E+00  5.9420E+00  3.6632E-01
3.2471E-02  6.2507E+00  5.8844E+00  3.6632E-01
3.2475E-02  6.2540E+00  5.8877E+00  3.6632E-01
3.2479E-02  1.0602E+01  1.0236E+01  3.6632E-01
3.2483E-02  6.2427E+00  5.8763E+00  3.6632E-01
3.2486E-02  6.3044E+00  5.9381E+00  3.6632E-01
3.2490E-02  6.2342E+00  5.8679E+00  3.6632E-01
3.2494E-02  6.2415E+00  5.8752E+00  3.6632E-01
3.2497E-02  6.2505E+00  5.8841E+00  3.6632E-01
3.2501E-02  6.3975E+00  6.0312E+00  3.6632E-01
3.2505E-02  6.2268E+00  5.8605E+00  3.6632E-01
3.2509E-02  6.2580E+00  5.8917E+00  3.6632E-01
3.2512E-02  6.2251E+00  5.8588E+00  3.6632E-01
3.2516E-02  6.2216E+00  5.8553E+00  3.6632E-01
3.2520E-02  6.2201E+00  5.8538E+00  3.6632E-01
3.2524E-02  6.2193E+00  5.8530E+00  3.6632E-01
3.2528E-02  6.2197E+00  5.8534E+00  3.6632E-01
3.2531E-02  6.2798E+00  5.9135E+00  3.6632E-01
3.2535E-02  6.2167E+00  5.8504E+00  3.6632E-01
3.2539E-02  6.2223E+00  5.8560E+00  3.6632E-01
3.2543E-02  6.2189E+00  5.8526E+00  3.6632E-01
3.2546E-02  6.2216E+00  5.8553E+00  3.6632E-01
3.2550E-02  6.2225E+00  5.8561E+00  3.6632E-01
3.2554E-02  6.2395E+00  5.8732E+00  3.6632E-01
3.2557E-02  6.2265E+00  5.8602E+00  3.6632E-01
3.2561E-02  6.3313E+00  5.9649E+00  3.6632E-01
3.2565E-02  6.2479E+00  5.8816E+00  3.6632E-01
3.2569E-02  6.6460E+00  6.2797E+00  3.6632E-01
3.2572E-02  6.2980E+00  5.9317E+00  3.6632E-01
3.2576E-02  6.3903E+00  6.0239E+00  3.6632E-01
3.2580E-02  6.6073E+00  6.2410E+00  3.6632E-01
3.2584E-02  8.1216E+00  7.7552E+00  3.6632E-01
3.2588E-02  5.8814E+03  5.8810E+03  3.6632E-01
3.2591E-02  7.6765E+00  7.3101E+00  3.6632E-01
3.2595E-02  7.2541E+00  6.8878E+00  3.6632E-01
3.2599E-02  3.3645E+03  3.3641E+03  3.6632E-01
3.2602E-02  7.1179E+00  6.7516E+00  3.6632E-01
3.2606E-02  6.5979E+00  6.2316E+00  3.6632E-01
3.2610E-02  7.1552E+00  6.7889E+00  3.6632E-01
3.2614E-02  6.4988E+00  6.1325E+00  3.6632E-01
3.2618E-02  6.5071E+00  6.1408E+00  3.6632E-01
3.2621E-02  6.5296E+00  6.1633E+00  3.6632E-01
3.2625E-02  6.5519E+00  6.1856E+00  3.6632E-01
3.2629E-02  6.5729E+00  6.2066E+00  3.6632E-01
3.2633E-02  6.6159E+00  6.2495E+00  3.6632E-01
3.2636E-02  6.6314E+00  6.2651E+00  3.6632E-01
3.2640E-02  6.6545E+00  6.2882E+00  3.6632E-01
3.2644E-02  6.6928E+00  6.3265E+00  3.6632E-01
3.2648E-02  6.7336E+00  6.3673E+00  3.6632E-01
3.2651E-02  6.7532E+00  6.3869E+00  3.6632E-01
3.2655E-02  6.7805E+00  6.4142E+00  3.6632E-01
3.2659E-02  6.8074E+00  6.4411E+00  3.6632E-01
3.2662E-02  6.8255E+00  6.4592E+00  3.6632E-01
3.2666E-02  6.8582E+00  6.4919E+00  3.6632E-01
3.2670E-02  6.8811E+00  6.5148E+00  3.6632E-01
3.2674E-02  6.9128E+00  6.5464E+00  3.6632E-01
3.2677E-02  6.9393E+00  6.5729E+00  3.6632E-01
3.2681E-02  6.9618E+00  6.5955E+00  3.6632E-01
3.2685E-02  6.9866E+00  6.6203E+00  3.6632E-01
3.2689E-02  7.0148E+00  6.6484E+00  3.6632E-01
3.2693E-02  7.0402E+00  6.6738E+00  3.6632E-01
3.2696E-02  7.0596E+00  6.6933E+00  3.6632E-01
3.2700E-02  7.0850E+00  6.7187E+00  3.6632E-01
3.2704E-02  7.1040E+00  6.7377E+00  3.6632E-01
3.2708E-02  7.1268E+00  6.7605E+00  3.6632E-01
3.2711E-02  7.1563E+00  6.7900E+00  3.6632E-01
3.2715E-02  7.1753E+00  6.8090E+00  3.6632E-01
3.2719E-02  7.1721E+00  6.8058E+00  3.6632E-01
3.2723E-02  7.2013E+00  6.8350E+00  3.6632E-01
3.2726E-02  7.1847E+00  6.8183E+00  3.6632E-01
3.2730E-02  7.1904E+00  6.8241E+00  3.6632E-01
3.2734E-02  7.2628E+00  6.8965E+00  3.6632E-01
3.2738E-02  5.5291E+01  5.4925E+01  3.6632E-01
3.2741E-02  7.2706E+00  6.9043E+00  3.6632E-01
3.2745E-02  7.2843E+00  6.9179E+00  3.6632E-01
3.2749E-02  1.7659E+01  1.7293E+01  3.6632E-01
3.2753E-02  7.2014E+00  6.8351E+00  3.6632E-01
3.2756E-02  7.1758E+00  6.8094E+00  3.6632E-01
3.2760E-02  7.1742E+00  6.8079E+00  3.6632E-01
3.2764E-02  1.4630E+01  1.4264E+01  3.6632E-01
3.2767E-02  7.2609E+00  6.8946E+00  3.6632E-01
3.2771E-02  7.1569E+00  6.7906E+00  3.6632E-01
3.2775E-02  7.1504E+00  6.7841E+00  3.6632E-01
3.2779E-02  7.1509E+00  6.7845E+00  3.6632E-01
3.2782E-02  7.1469E+00  6.7806E+00  3.6632E-01
3.2786E-02  7.1533E+00  6.7870E+00  3.6632E-01
3.2790E-02  7.5578E+00  7.1915E+00  3.6632E-01
3.2794E-02  7.1661E+00  6.7997E+00  3.6632E-01
3.2798E-02  7.1588E+00  6.7925E+00  3.6632E-01
3.2801E-02  7.1448E+00  6.7785E+00  3.6632E-01
3.2805E-02  7.1496E+00  6.7833E+00  3.6632E-01
3.2809E-02  7.1754E+00  6.8090E+00  3.6632E-01
3.2813E-02  3.4834E+01  3.4467E+01  3.6632E-01
3.2816E-02  7.5645E+00  7.1982E+00  3.6632E-01
3.2820E-02  7.9021E+00  7.5358E+00  3.6632E-01
3.2824E-02  7.2338E+00  6.8675E+00  3.6632E-01
3.2828E-02  3.4294E+01  3.3927E+01  3.6632E-01
3.2831E-02  7.1686E+00  6.8023E+00  3.6632E-01
3.2835E-02  7.1696E+00  6.8033E+00  3.6632E-01
3.2839E-02  8.3652E+00  7.9989E+00  3.6632E-01
3.2842E-02  7.2301E+00  6.8638E+00  3.6632E-01
3.2846E-02  3.2645E+01  3.2279E+01  3.6632E-01
3.2850E-02  7.9072E+00  7.5409E+00  3.6632E-01
3.2854E-02  7.2020E+00  6.8357E+00  3.6632E-01
3.2858E-02  7.3834E+00  7.0171E+00  3.6632E-01
3.2861E-02  7.2135E+00  6.8472E+00  3.6632E-01
3.2865E-02  8.4638E+00  8.0975E+00  3.6632E-01
3.2869E-02  3.8530E+01  3.8163E+01  3.6632E-01
3.2872E-02  1.1468E+01  1.1102E+01  3.6632E-01
3.2876E-02  7.1821E+00  6.8157E+00  3.6632E-01
3.2880E-02  7.1441E+00  6.7777E+00  3.6632E-01
3.2884E-02  7.1835E+00  6.8171E+00  3.6632E-01
3.2888E-02  7.1127E+00  6.7464E+00  3.6632E-01
3.2891E-02  7.1112E+00  6.7448E+00  3.6632E-01
3.2895E-02  7.3112E+00  6.9449E+00  3.6632E-01
3.2899E-02  7.1064E+00  6.7401E+00  3.6632E-01
3.2903E-02  8.5094E+00  8.1430E+00  3.6632E-01
3.2906E-02  7.1076E+00  6.7412E+00  3.6632E-01
3.2910E-02  7.1004E+00  6.7341E+00  3.6632E-01
3.2914E-02  7.0963E+00  6.7300E+00  3.6632E-01
3.2918E-02  7.1048E+00  6.7385E+00  3.6632E-01
3.2921E-02  7.0970E+00  6.7307E+00  3.6632E-01
3.2925E-02  7.0916E+00  6.7253E+00  3.6632E-01
3.2929E-02  7.1428E+00  6.7765E+00  3.6632E-01
3.2932E-02  7.0911E+00  6.7248E+00  3.6632E-01
3.2936E-02  7.0977E+00  6.7313E+00  3.6632E-01
3.2940E-02  8.7808E+00  8.4145E+00  3.6632E-01
3.2944E-02  1.2243E+01  1.1877E+01  3.6632E-01
3.2947E-02  7.1583E+00  6.7920E+00  3.6632E-01
3.2951E-02  7.0913E+00  6.7250E+00  3.6632E-01
3.2955E-02  7.0832E+00  6.7169E+00  3.6632E-01
3.2959E-02  7.0942E+00  6.7279E+00  3.6632E-01
3.2963E-02  7.0999E+00  6.7336E+00  3.6632E-01
3.2966E-02  7.0794E+00  6.7130E+00  3.6632E-01
3.2970E-02  7.0841E+00  6.7178E+00  3.6632E-01
3.2974E-02  7.0752E+00  6.7089E+00  3.6632E-01
3.2977E-02  7.0741E+00  6.7078E+00  3.6632E-01
3.2981E-02  7.0717E+00  6.7054E+00  3.6632E-01
3.2985E-02  7.1114E+00  6.7450E+00  3.6632E-01
3.2989E-02  7.0846E+00  6.7182E+00  3.6632E-01
3.2993E-02  7.0702E+00  6.7038E+00  3.6632E-01
3.2996E-02  7.1004E+00  6.7341E+00  3.6632E-01
3.3000E-02  7.0807E+00  6.7143E+00  3.6632E-01
3.3004E-02  7.0628E+00  6.6965E+00  3.6632E-01
3.3008E-02  7.0697E+00  6.7033E+00  3.6632E-01
3.3011E-02  7.1493E+00  6.7830E+00  3.6632E-01
3.3015E-02  7.1078E+00  6.7415E+00  3.6632E-01
3.3019E-02  7.0830E+00  6.7167E+00  3.6632E-01
3.3023E-02  7.0609E+00  6.6946E+00  3.6632E-01
3.3026E-02  7.0657E+00  6.6993E+00  3.6632E-01
3.3030E-02  9.3267E+00  8.9604E+00  3.6632E-01
3.3034E-02  7.0675E+00  6.7012E+00  3.6632E-01
3.3037E-02  7.0726E+00  6.7062E+00  3.6632E-01
3.3041E-02  7.0706E+00  6.7043E+00  3.6632E-01
3.3045E-02  7.0525E+00  6.6862E+00  3.6632E-01
3.3049E-02  7.0542E+00  6.6879E+00  3.6632E-01
3.3052E-02  7.0849E+00  6.7186E+00  3.6632E-01
3.3056E-02  8.7204E+00  8.3540E+00  3.6632E-01
3.3060E-02  7.0985E+00  6.7322E+00  3.6632E-01
3.3064E-02  7.0452E+00  6.6788E+00  3.6632E-01
3.3068E-02  7.0460E+00  6.6797E+00  3.6632E-01
3.3071E-02  7.1217E+00  6.7554E+00  3.6632E-01
3.3075E-02  7.0399E+00  6.6736E+00  3.6632E-01
3.3079E-02  7.0688E+00  6.7025E+00  3.6632E-01
3.3083E-02  7.0938E+00  6.7275E+00  3.6632E-01
3.3086E-02  7.0882E+00  6.7219E+00  3.6632E-01
3.3090E-02  7.6192E+00  7.2529E+00  3.6632E-01
3.3094E-02  2.4230E+01  2.3863E+01  3.6632E-01
3.3098E-02  7.4407E+00  7.0744E+00  3.6632E-01
3.3101E-02  7.0577E+00  6.6914E+00  3.6632E-01
3.3105E-02  7.2418E+00  6.8755E+00  3.6632E-01
3.3109E-02  3.9107E+01  3.8741E+01  3.6632E-01
3.3113E-02  7.1752E+00  6.8089E+00  3.6632E-01
3.3116E-02  7.8544E+00  7.4880E+00  3.6632E-01
3.3120E-02  9.7484E+00  9.3821E+00  3.6632E-01
3.3124E-02  7.0393E+00  6.6730E+00  3.6632E-01
3.3128E-02  1.6097E+02  1.6060E+02  3.6632E-01
3.3131E-02  7.8184E+00  7.4521E+00  3.6632E-01
3.3135E-02  7.7506E+00  7.3843E+00  3.6632E-01
3.3139E-02  7.1491E+00  6.7828E+00  3.6632E-01
3.3142E-02  7.0239E+00  6.6576E+00  3.6632E-01
3.3146E-02  7.0907E+00  6.7243E+00  3.6632E-01
3.3150E-02  7.2542E+00  6.8878E+00  3.6632E-01
3.3154E-02  7.0917E+00  6.7254E+00  3.6632E-01
3.3157E-02  8.6414E+00  8.2751E+00  3.6632E-01
3.3161E-02  7.3757E+00  7.0094E+00  3.6632E-01
3.3165E-02  1.1010E+01  1.0643E+01  3.6632E-01
3.3169E-02  1.0501E+01  1.0134E+01  3.6632E-01
3.3173E-02  7.1624E+00  6.7961E+00  3.6632E-01
3.3176E-02  7.5533E+00  7.1870E+00  3.6632E-01
3.3180E-02  7.0227E+00  6.6564E+00  3.6632E-01
3.3184E-02  7.0087E+00  6.6424E+00  3.6632E-01
3.3188E-02  7.0061E+00  6.6398E+00  3.6632E-01
3.3191E-02  7.0082E+00  6.6419E+00  3.6632E-01
3.3195E-02  6.9971E+00  6.6308E+00  3.6632E-01
3.3199E-02  7.0078E+00  6.6415E+00  3.6632E-01
3.3203E-02  7.0018E+00  6.6355E+00  3.6632E-01
3.3206E-02  7.0040E+00  6.6377E+00  3.6632E-01
3.3210E-02  7.0162E+00  6.6498E+00  3.6632E-01
3.3214E-02  4.5473E+01  4.5107E+01  3.6632E-01
3.3217E-02  1.1450E+01  1.1084E+01  3.6632E-01
3.3221E-02  6.9937E+00  6.6273E+00  3.6632E-01
3.3225E-02  7.0364E+00  6.6701E+00  3.6632E-01
3.3229E-02  7.0012E+00  6.6349E+00  3.6632E-01
3.3233E-02  7.0433E+00  6.6770E+00  3.6632E-01
3.3236E-02  7.0549E+00  6.6886E+00  3.6632E-01
3.3240E-02  6.9927E+00  6.6264E+00  3.6632E-01
3.3244E-02  7.4242E+00  7.0579E+00  3.6632E-01
3.3247E-02  7.0677E+00  6.7014E+00  3.6632E-01
3.3251E-02  6.9969E+00  6.6306E+00  3.6632E-01
3.3255E-02  7.6249E+00  7.2586E+00  3.6632E-01
3.3259E-02  7.0611E+00  6.6948E+00  3.6632E-01
3.3263E-02  6.9827E+00  6.6164E+00  3.6632E-01
3.3266E-02  6.9808E+00  6.6145E+00  3.6632E-01
3.3270E-02  6.9857E+00  6.6194E+00  3.6632E-01
3.3274E-02  7.0884E+00  6.7221E+00  3.6632E-01
3.3278E-02  7.0074E+00  6.6411E+00  3.6632E-01
3.3281E-02  6.9781E+00  6.6118E+00  3.6632E-01
3.3285E-02  6.9981E+00  6.6318E+00  3.6632E-01
3.3289E-02  7.5034E+00  7.1371E+00  3.6632E-01
3.3293E-02  6.9621E+00  6.5958E+00  3.6632E-01
3.3296E-02  6.9724E+00  6.6061E+00  3.6632E-01
3.3300E-02  6.9710E+00  6.6047E+00  3.6632E-01
3.3304E-02  6.9870E+00  6.6207E+00  3.6632E-01
3.3307E-02  6.9630E+00  6.5967E+00  3.6632E-01
3.3311E-02  6.9884E+00  6.6221E+00  3.6632E-01
3.3315E-02  6.9660E+00  6.5996E+00  3.6632E-01
3.3319E-02  7.1352E+00  6.7689E+00  3.6632E-01
3.3322E-02  7.0319E+00  6.6656E+00  3.6632E-01
3.3326E-02  6.9602E+00  6.5939E+00  3.6632E-01
3.3330E-02  7.0539E+00  6.6876E+00  3.6632E-01
3.3334E-02  7.0708E+00  6.7045E+00  3.6632E-01
3.3338E-02  6.9670E+00  6.6006E+00  3.6632E-01
3.3341E-02  6.9542E+00  6.5878E+00  3.6632E-01
3.3345E-02  6.9858E+00  6.6195E+00  3.6632E-01
3.3349E-02  9.9401E+00  9.5737E+00  3.6632E-01
3.3353E-02  6.9415E+00  6.5752E+00  3.6632E-01
3.3356E-02  6.9458E+00  6.5795E+00  3.6632E-01
3.3360E-02  6.9382E+00  6.5718E+00  3.6632E-01
3.3364E-02  7.0103E+00  6.6439E+00  3.6632E-01
3.3368E-02  6.9813E+00  6.6150E+00  3.6632E-01
3.3371E-02  6.9840E+00  6.6176E+00  3.6632E-01
3.3375E-02  1.0249E+01  9.8830E+00  3.6632E-01
3.3379E-02  1.5416E+01  1.5050E+01  3.6632E-01
3.3383E-02  2.4054E+01  2.3688E+01  3.6632E-01
3.3386E-02  1.9279E+02  1.9242E+02  3.6632E-01
3.3390E-02  7.0415E+00  6.6752E+00  3.6632E-01
3.3394E-02  6.9925E+00  6.6262E+00  3.6632E-01
3.3398E-02  6.9742E+00  6.6079E+00  3.6632E-01
3.3401E-02  7.0042E+00  6.6379E+00  3.6632E-01
3.3405E-02  6.9663E+00  6.6000E+00  3.6632E-01
3.3409E-02  8.1695E+00  7.8032E+00  3.6632E-01
3.3412E-02  6.9718E+00  6.6055E+00  3.6632E-01
3.3416E-02  6.9940E+00  6.6277E+00  3.6632E-01
3.3420E-02  7.0203E+00  6.6539E+00  3.6632E-01
3.3424E-02  7.0233E+00  6.6570E+00  3.6632E-01
3.3427E-02  7.1842E+00  6.8179E+00  3.6632E-01
3.3431E-02  2.1876E+01  2.1509E+01  3.6632E-01
3.3435E-02  1.4057E+01  1.3690E+01  3.6632E-01
3.3439E-02  7.1026E+00  6.7363E+00  3.6632E-01
3.3443E-02  7.6997E+00  7.3334E+00  3.6632E-01
3.3446E-02  7.0817E+00  6.7154E+00  3.6632E-01
3.3450E-02  7.2001E+00  6.8338E+00  3.6632E-01
3.3454E-02  7.0279E+00  6.6616E+00  3.6632E-01
3.3458E-02  7.0556E+00  6.6893E+00  3.6632E-01
3.3461E-02  7.4541E+00  7.0878E+00  3.6632E-01
3.3465E-02  6.9623E+00  6.5959E+00  3.6632E-01
3.3469E-02  6.9599E+00  6.5936E+00  3.6632E-01
3.3473E-02  6.9319E+00  6.5655E+00  3.6632E-01
3.3476E-02  7.1944E+00  6.8281E+00  3.6632E-01
3.3480E-02  6.9643E+00  6.5980E+00  3.6632E-01
3.3484E-02  6.9573E+00  6.5910E+00  3.6632E-01
3.3487E-02  7.0731E+00  6.7068E+00  3.6632E-01
3.3491E-02  7.0134E+00  6.6470E+00  3.6632E-01
3.3495E-02  7.7525E+00  7.3862E+00  3.6632E-01
3.3499E-02  7.1090E+00  6.7427E+00  3.6632E-01
3.3503E-02  7.3459E+00  6.9796E+00  3.6632E-01
3.3506E-02  7.0392E+00  6.6729E+00  3.6632E-01
3.3510E-02  6.9769E+00  6.6106E+00  3.6632E-01
3.3514E-02  1.4211E+01  1.3845E+01  3.6632E-01
3.3517E-02  4.7711E+01  4.7344E+01  3.6632E-01
3.3521E-02  2.1036E+02  2.0999E+02  3.6632E-01
3.3525E-02  1.0236E+01  9.8698E+00  3.6632E-01
3.3529E-02  7.0628E+00  6.6965E+00  3.6632E-01
3.3532E-02  7.1594E+00  6.7931E+00  3.6632E-01
3.3536E-02  7.2116E+00  6.8453E+00  3.6632E-01
3.3540E-02  7.1248E+00  6.7584E+00  3.6632E-01
3.3544E-02  8.4005E+00  8.0342E+00  3.6632E-01
3.3548E-02  4.3512E+01  4.3146E+01  3.6632E-01
3.3551E-02  7.6373E+00  7.2709E+00  3.6632E-01
3.3555E-02  3.5718E+02  3.5681E+02  3.6632E-01
3.3559E-02  7.3600E+00  6.9937E+00  3.6632E-01
3.3563E-02  8.5864E+00  8.2201E+00  3.6632E-01
3.3566E-02  7.4073E+00  7.0410E+00  3.6632E-01
3.3570E-02  7.6202E+00  7.2539E+00  3.6632E-01
3.3574E-02  6.9916E+00  6.6252E+00  3.6632E-01
3.3578E-02  7.5458E+00  7.1795E+00  3.6632E-01
3.3581E-02  7.1291E+00  6.7628E+00  3.6632E-01
3.3585E-02  7.8581E+00  7.4918E+00  3.6632E-01
3.3589E-02  6.8804E+00  6.5141E+00  3.6632E-01
3.3592E-02  6.8615E+00  6.4952E+00  3.6632E-01
3.3596E-02  7.2102E+01  7.1736E+01  3.6632E-01
3.3600E-02  6.8959E+00  6.5296E+00  3.6632E-01
3.3604E-02  6.8854E+00  6.5191E+00  3.6632E-01
3.3608E-02  6.8940E+00  6.5277E+00  3.6632E-01
3.3611E-02  9.4371E+00  9.0708E+00  3.6632E-01
3.3615E-02  1.4453E+01  1.4087E+01  3.6632E-01
3.3619E-02  1.2598E+01  1.2232E+01  3.6632E-01
3.3622E-02  7.1138E+00  6.7475E+00  3.6632E-01
3.3626E-02  6.9599E+00  6.5935E+00  3.6632E-01
3.3630E-02  7.7647E+00  7.3984E+00  3.6632E-01
3.3634E-02  6.8832E+00  6.5169E+00  3.6632E-01
3.3638E-02  6.8683E+00  6.5020E+00  3.6632E-01
3.3641E-02  6.9523E+00  6.5860E+00  3.6632E-01
3.3645E-02  7.0813E+00  6.7150E+00  3.6632E-01
3.3649E-02  7.2228E+00  6.8565E+00  3.6632E-01
3.3653E-02  7.1762E+00  6.8098E+00  3.6632E-01
3.3656E-02  7.3900E+00  7.0237E+00  3.6632E-01
3.3660E-02  6.8937E+00  6.5274E+00  3.6632E-01
3.3664E-02  7.0606E+00  6.6943E+00  3.6632E-01
3.3668E-02  1.0040E+01  9.6735E+00  3.6632E-01
3.3671E-02  8.2352E+00  7.8689E+00  3.6632E-01
3.3675E-02  6.8276E+00  6.4613E+00  3.6632E-01
3.3679E-02  6.9940E+00  6.6277E+00  3.6632E-01
3.3682E-02  6.8306E+00  6.4642E+00  3.6632E-01
3.3686E-02  6.8183E+00  6.4520E+00  3.6632E-01
3.3690E-02  1.0910E+01  1.0544E+01  3.6632E-01
3.3694E-02  6.8254E+00  6.4591E+00  3.6632E-01
3.3697E-02  6.8808E+00  6.5145E+00  3.6632E-01
3.3701E-02  6.8165E+00  6.4502E+00  3.6632E-01
3.3705E-02  6.8290E+00  6.4627E+00  3.6632E-01
3.3709E-02  6.8429E+00  6.4766E+00  3.6632E-01
3.3712E-02  6.8283E+00  6.4620E+00  3.6632E-01
3.3716E-02  6.8352E+00  6.4689E+00  3.6632E-01
3.3720E-02  7.0220E+00  6.6557E+00  3.6632E-01
3.3724E-02  4.8639E+01  4.8273E+01  3.6632E-01
3.3728E-02  7.2475E+00  6.8811E+00  3.6632E-01
3.3731E-02  2.4051E+02  2.4014E+02  3.6632E-01
3.3735E-02  7.3364E+01  7.2998E+01  3.6632E-01
3.3739E-02  6.9773E+00  6.6110E+00  3.6632E-01
3.3743E-02  2.0707E+01  2.0341E+01  3.6632E-01
3.3746E-02  1.2303E+01  1.1937E+01  3.6632E-01
3.3750E-02  1.0091E+01  9.7247E+00  3.6632E-01
3.3754E-02  7.7726E+00  7.4063E+00  3.6632E-01
3.3757E-02  6.8998E+00  6.5334E+00  3.6632E-01
3.3761E-02  6.8222E+00  6.4559E+00  3.6632E-01
3.3765E-02  6.9399E+00  6.5736E+00  3.6632E-01
3.3769E-02  2.0964E+01  2.0598E+01  3.6632E-01
3.3773E-02  7.3258E+00  6.9595E+00  3.6632E-01
3.3776E-02  7.1214E+00  6.7551E+00  3.6632E-01
3.3780E-02  7.0182E+00  6.6519E+00  3.6632E-01
3.3784E-02  1.3213E+01  1.2847E+01  3.6632E-01
3.3787E-02  7.1461E+00  6.7797E+00  3.6632E-01
3.3791E-02  7.0275E+00  6.6612E+00  3.6632E-01
3.3795E-02  6.8089E+00  6.4426E+00  3.6632E-01
3.3799E-02  6.7759E+00  6.4096E+00  3.6632E-01
3.3802E-02  6.7748E+00  6.4085E+00  3.6632E-01
3.3806E-02  6.8131E+00  6.4468E+00  3.6632E-01
3.3810E-02  8.5139E+00  8.1476E+00  3.6632E-01
3.3814E-02  6.7779E+00  6.4116E+00  3.6632E-01
3.3818E-02  4.8925E+01  4.8558E+01  3.6632E-01
3.3821E-02  3.4066E+01  3.3700E+01  3.6632E-01
3.3825E-02  7.9487E+00  7.5824E+00  3.6632E-01
3.3829E-02  7.4985E+00  7.1322E+00  3.6632E-01
3.3833E-02  6.8020E+00  6.4357E+00  3.6632E-01
3.3836E-02  6.9492E+00  6.5829E+00  3.6632E-01
3.3840E-02  6.7798E+00  6.4135E+00  3.6632E-01
3.3844E-02  6.7753E+00  6.4090E+00  3.6632E-01
3.3848E-02  6.7737E+00  6.4074E+00  3.6632E-01
3.3851E-02  6.7849E+00  6.4186E+00  3.6632E-01
3.3855E-02  6.8385E+00  6.4722E+00  3.6632E-01
3.3859E-02  6.7897E+00  6.4234E+00  3.6632E-01
3.3862E-02  6.7701E+00  6.4038E+00  3.6632E-01
3.3866E-02  6.8170E+00  6.4507E+00  3.6632E-01
3.3870E-02  2.3033E+01  2.2667E+01  3.6632E-01
3.3874E-02  6.8385E+00  6.4722E+00  3.6632E-01
3.3878E-02  6.8130E+00  6.4467E+00  3.6632E-01
3.3881E-02  6.7713E+00  6.4050E+00  3.6632E-01
3.3885E-02  7.4142E+00  7.0479E+00  3.6632E-01
3.3889E-02  6.7741E+00  6.4078E+00  3.6632E-01
3.3892E-02  9.4570E+00  9.0907E+00  3.6632E-01
3.3896E-02  6.8017E+00  6.4354E+00  3.6632E-01
3.3900E-02  6.7818E+00  6.4154E+00  3.6632E-01
3.3904E-02  6.7817E+00  6.4154E+00  3.6632E-01
3.3908E-02  6.8035E+00  6.4372E+00  3.6632E-01
3.3911E-02  6.7980E+00  6.4317E+00  3.6632E-01
3.3915E-02  6.8033E+00  6.4370E+00  3.6632E-01
3.3919E-02  7.3871E+00  7.0208E+00  3.6632E-01
3.3923E-02  1.2426E+01  1.2059E+01  3.6632E-01
3.3926E-02  6.8475E+00  6.4812E+00  3.6631E-01
3.3930E-02  9.6796E+00  9.3133E+00  3.6631E-01
3.3934E-02  9.6842E+00  9.3178E+00  3.6631E-01
3.3938E-02  1.6796E+01  1.6430E+01  3.6631E-01
3.3941E-02  7.0198E+00  6.6535E+00  3.6631E-01
3.3945E-02  7.4796E+00  7.1133E+00  3.6631E-01
3.3949E-02  7.0273E+00  6.6610E+00  3.6631E-01
3.3953E-02  7.0433E+00  6.6770E+00  3.6631E-01
3.3956E-02  7.1080E+00  6.7416E+00  3.6631E-01
3.3960E-02  7.4552E+00  7.0889E+00  3.6631E-01
3.3964E-02  2.1580E+01  2.1213E+01  3.6631E-01
3.3967E-02  1.1832E+01  1.1466E+01  3.6631E-01
3.3971E-02  1.5653E+03  1.5650E+03  3.6631E-01
3.3975E-02  9.2187E+00  8.8524E+00  3.6631E-01
3.3979E-02  3.7455E+01  3.7089E+01  3.6631E-01
3.3983E-02  3.0182E+01  2.9816E+01  3.6631E-01
3.3986E-02  2.0732E+01  2.0366E+01  3.6631E-01
3.3990E-02  8.5555E+00  8.1892E+00  3.6631E-01
3.3994E-02  1.0485E+01  1.0119E+01  3.6631E-01
3.3997E-02  1.4520E+03  1.4516E+03  3.6631E-01
3.4001E-02  1.2090E+03  1.2086E+03  3.6631E-01
3.4005E-02  5.1505E+02  5.1469E+02  3.6631E-01
3.4009E-02  7.8574E+01  7.8208E+01  3.6631E-01
3.4013E-02  5.7162E+01  5.6795E+01  3.6631E-01
3.4016E-02  1.2617E+03  1.2613E+03  3.6631E-01
3.4020E-02  8.1495E+00  7.7832E+00  3.6631E-01
3.4024E-02  1.6452E+01  1.6085E+01  3.6631E-01
3.4028E-02  1.4220E+01  1.3854E+01  3.6631E-01
3.4031E-02  3.4550E+02  3.4513E+02  3.6631E-01
3.4035E-02  1.5202E+01  1.4836E+01  3.6631E-01
3.4039E-02  7.3784E+01  7.3417E+01  3.6631E-01
3.4043E-02  9.3213E+00  8.9550E+00  3.6631E-01
3.4046E-02  7.2609E+00  6.8946E+00  3.6631E-01
3.4050E-02  8.1835E+00  7.8172E+00  3.6631E-01
3.4054E-02  4.4152E+02  4.4116E+02  3.6631E-01
3.4057E-02  7.3325E+00  6.9662E+00  3.6631E-01
3.4061E-02  7.3015E+00  6.9352E+00  3.6631E-01
3.4065E-02  7.1784E+00  6.8121E+00  3.6631E-01
3.4069E-02  7.2520E+00  6.8857E+00  3.6631E-01
3.4072E-02  7.3541E+00  6.9878E+00  3.6631E-01
3.4076E-02  7.4814E+00  7.1151E+00  3.6631E-01
3.4080E-02  7.7242E+00  7.3579E+00  3.6631E-01
3.4084E-02  8.2068E+00  7.8405E+00  3.6631E-01
3.4087E-02  8.8877E+00  8.5214E+00  3.6631E-01
3.4091E-02  1.0092E+01  9.7256E+00  3.6631E-01
3.4095E-02  1.3925E+01  1.3559E+01  3.6631E-01
3.4099E-02  1.3124E+03  1.3121E+03  3.6631E-01
3.4103E-02  2.0748E+03  2.0744E+03  3.6631E-01
3.4106E-02  1.3610E+02  1.3573E+02  3.6631E-01
3.4110E-02  1.2086E+04  1.2085E+04  3.6631E-01
3.4114E-02  6.1548E+03  6.1545E+03  3.6631E-01
3.4118E-02  3.3289E+02  3.3252E+02  3.6631E-01
3.4121E-02  4.1996E+01  4.1630E+01  3.6631E-01
3.4125E-02  2.0082E+02  2.0046E+02  3.6631E-01
3.4129E-02  9.1194E+00  8.7530E+00  3.6631E-01
3.4132E-02  8.2560E+00  7.8897E+00  3.6631E-01
3.4136E-02  9.5001E+00  9.1337E+00  3.6631E-01
3.4140E-02  7.3953E+00  7.0290E+00  3.6631E-01
3.4144E-02  7.2499E+00  6.8836E+00  3.6631E-01
3.4148E-02  7.1290E+00  6.7627E+00  3.6631E-01
3.4151E-02  7.0774E+00  6.7111E+00  3.6631E-01
3.4155E-02  1.0079E+01  9.7125E+00  3.6631E-01
3.4159E-02  7.1556E+00  6.7892E+00  3.6631E-01
3.4162E-02  6.9864E+00  6.6201E+00  3.6631E-01
3.4166E-02  7.4949E+00  7.1286E+00  3.6631E-01
3.4170E-02  6.8521E+00  6.4858E+00  3.6631E-01
3.4174E-02  6.8261E+00  6.4598E+00  3.6631E-01
3.4177E-02  6.8297E+00  6.4634E+00  3.6631E-01
3.4181E-02  6.8003E+00  6.4340E+00  3.6631E-01
3.4185E-02  6.7982E+00  6.4319E+00  3.6631E-01
3.4189E-02  8.0822E+00  7.7158E+00  3.6631E-01
3.4193E-02  1.1737E+01  1.1371E+01  3.6631E-01
3.4196E-02  7.1209E+00  6.7545E+00  3.6631E-01
3.4200E-02  6.8707E+00  6.5044E+00  3.6631E-01
3.4204E-02  1.1198E+01  1.0832E+01  3.6631E-01
3.4208E-02  1.9139E+01  1.8772E+01  3.6631E-01
3.4211E-02  7.5758E+00  7.2095E+00  3.6631E-01
3.4215E-02  7.2825E+00  6.9162E+00  3.6631E-01
3.4219E-02  6.7990E+00  6.4327E+00  3.6631E-01
3.4223E-02  6.7894E+00  6.4231E+00  3.6631E-01
3.4226E-02  1.9384E+02  1.9348E+02  3.6631E-01
3.4230E-02  6.9802E+00  6.6139E+00  3.6631E-01
3.4234E-02  1.6942E+01  1.6576E+01  3.6631E-01
3.4237E-02  1.0885E+01  1.0518E+01  3.6631E-01
3.4241E-02  7.0274E+00  6.6611E+00  3.6631E-01
3.4245E-02  6.8168E+00  6.4504E+00  3.6631E-01
3.4249E-02  7.8661E+00  7.4998E+00  3.6631E-01
3.4253E-02  6.7020E+00  6.3357E+00  3.6631E-01
3.4256E-02  6.8873E+00  6.5210E+00  3.6631E-01
3.4260E-02  7.6089E+00  7.2426E+00  3.6631E-01
3.4264E-02  7.2966E+00  6.9303E+00  3.6631E-01
3.4267E-02  6.7052E+00  6.3389E+00  3.6631E-01
3.4271E-02  6.7131E+00  6.3468E+00  3.6631E-01
3.4275E-02  1.8699E+01  1.8332E+01  3.6631E-01
3.4279E-02  6.7863E+00  6.4200E+00  3.6631E-01
3.4283E-02  6.7749E+00  6.4086E+00  3.6631E-01
3.4286E-02  8.3512E+00  7.9849E+00  3.6631E-01
3.4290E-02  6.8199E+00  6.4536E+00  3.6631E-01
3.4294E-02  6.9512E+00  6.5849E+00  3.6631E-01
3.4298E-02  1.5965E+02  1.5928E+02  3.6631E-01
3.4301E-02  7.0485E+00  6.6822E+00  3.6631E-01
3.4305E-02  1.5216E+02  1.5179E+02  3.6631E-01
3.4309E-02  4.4733E+01  4.4366E+01  3.6631E-01
3.4313E-02  7.3415E+00  6.9752E+00  3.6631E-01
3.4316E-02  7.5558E+00  7.1895E+00  3.6631E-01
3.4320E-02  8.0786E+00  7.7122E+00  3.6631E-01
3.4324E-02  1.6717E+02  1.6680E+02  3.6631E-01
3.4328E-02  1.2596E+01  1.2230E+01  3.6631E-01
3.4331E-02  3.3782E+01  3.3416E+01  3.6631E-01
3.4335E-02  4.3155E+04  4.3154E+04  3.6631E-01
3.4339E-02  2.9476E+01  2.9110E+01  3.6631E-01
3.4342E-02  1.7635E+04  1.7635E+04  3.6631E-01
3.4346E-02  1.7622E+01  1.7255E+01  3.6631E-01
3.4350E-02  2.9649E+02  2.9613E+02  3.6631E-01
3.4354E-02  1.2084E+04  1.2084E+04  3.6631E-01
3.4357E-02  9.6831E+00  9.3168E+00  3.6631E-01
3.4361E-02  1.7334E+03  1.7330E+03  3.6631E-01
3.4365E-02  8.1944E+03  8.1941E+03  3.6631E-01
3.4369E-02  1.0526E+04  1.0525E+04  3.6631E-01
3.4373E-02  2.4003E+03  2.4000E+03  3.6631E-01
3.4376E-02  8.4389E+00  8.0726E+00  3.6631E-01
3.4380E-02  1.4153E+01  1.3787E+01  3.6631E-01
3.4384E-02  6.9588E+00  6.5925E+00  3.6631E-01
3.4388E-02  7.0469E+00  6.6806E+00  3.6631E-01
3.4391E-02  1.5339E+01  1.4973E+01  3.6631E-01
3.4395E-02  9.0020E+00  8.6357E+00  3.6631E-01
3.4399E-02  6.8849E+00  6.5186E+00  3.6631E-01
3.4402E-02  2.0098E+01  1.9732E+01  3.6631E-01
3.4406E-02  2.1679E+01  2.1313E+01  3.6631E-01
3.4410E-02  6.7414E+00  6.3751E+00  3.6631E-01
3.4414E-02  7.0668E+00  6.7005E+00  3.6631E-01
3.4418E-02  1.2942E+01  1.2575E+01  3.6631E-01
3.4421E-02  8.3239E+00  7.9576E+00  3.6631E-01
3.4425E-02  6.9108E+00  6.5445E+00  3.6631E-01
3.4429E-02  6.8624E+00  6.4961E+00  3.6631E-01
3.4432E-02  7.0598E+00  6.6935E+00  3.6631E-01
3.4436E-02  7.7118E+00  7.3455E+00  3.6631E-01
3.4440E-02  6.6395E+00  6.2731E+00  3.6631E-01
3.4444E-02  6.6489E+00  6.2826E+00  3.6631E-01
3.4447E-02  6.6361E+00  6.2697E+00  3.6631E-01
3.4451E-02  6.8149E+00  6.4486E+00  3.6631E-01
3.4455E-02  6.9068E+00  6.5405E+00  3.6631E-01
3.4459E-02  7.3198E+00  6.9535E+00  3.6631E-01
3.4463E-02  6.6536E+00  6.2873E+00  3.6631E-01
3.4466E-02  6.6869E+00  6.3206E+00  3.6631E-01
3.4470E-02  6.6436E+00  6.2773E+00  3.6631E-01
3.4474E-02  6.7121E+00  6.3458E+00  3.6631E-01
3.4478E-02  3.4119E+01  3.3753E+01  3.6631E-01
3.4481E-02  6.6818E+00  6.3155E+00  3.6631E-01
3.4485E-02  6.7157E+00  6.3494E+00  3.6631E-01
3.4489E-02  6.8614E+00  6.4951E+00  3.6631E-01
3.4493E-02  6.7406E+00  6.3743E+00  3.6631E-01
3.4496E-02  2.0384E+01  2.0018E+01  3.6631E-01
3.4500E-02  3.5464E+02  3.5427E+02  3.6631E-01
3.4504E-02  4.7515E+01  4.7148E+01  3.6631E-01
3.4507E-02  7.6910E+00  7.3246E+00  3.6631E-01
3.4511E-02  7.0446E+00  6.6783E+00  3.6631E-01
3.4515E-02  2.1311E+01  2.0944E+01  3.6631E-01
3.4519E-02  7.0604E+00  6.6941E+00  3.6631E-01
3.4523E-02  1.0735E+01  1.0369E+01  3.6631E-01
3.4526E-02  8.9148E+00  8.5485E+00  3.6631E-01
3.4530E-02  1.2258E+01  1.1892E+01  3.6631E-01
3.4534E-02  7.1479E+00  6.7816E+00  3.6631E-01
3.4537E-02  7.2384E+00  6.8721E+00  3.6631E-01
3.4541E-02  7.5101E+00  7.1437E+00  3.6631E-01
3.4545E-02  7.6291E+00  7.2628E+00  3.6631E-01
3.4549E-02  1.0352E+01  9.9857E+00  3.6631E-01
3.4552E-02  1.0784E+01  1.0418E+01  3.6631E-01
3.4556E-02  9.3341E+00  8.9678E+00  3.6631E-01
3.4560E-02  9.1915E+00  8.8252E+00  3.6631E-01
3.4564E-02  1.0898E+01  1.0532E+01  3.6631E-01
3.4568E-02  1.2417E+01  1.2051E+01  3.6631E-01
3.4571E-02  1.6559E+01  1.6192E+01  3.6631E-01
3.4575E-02  2.8842E+01  2.8476E+01  3.6631E-01
3.4579E-02  1.0035E+02  9.9983E+01  3.6631E-01
3.4583E-02  5.5795E+05  5.5795E+05  3.6631E-01
3.4586E-02  9.4471E+01  9.4105E+01  3.6631E-01
3.4590E-02  3.0375E+01  3.0008E+01  3.6631E-01
3.4594E-02  2.1413E+01  2.1047E+01  3.6631E-01
3.4598E-02  2.6819E+01  2.6453E+01  3.6631E-01
3.4601E-02  1.2568E+02  1.2531E+02  3.6631E-01
3.4605E-02  1.3604E+04  1.3604E+04  3.6631E-01
3.4609E-02  3.0771E+01  3.0405E+01  3.6631E-01
3.4612E-02  1.8000E+01  1.7634E+01  3.6631E-01
3.4616E-02  2.8924E+01  2.8558E+01  3.6631E-01
3.4620E-02  9.4452E+00  9.0789E+00  3.6631E-01
3.4624E-02  8.7656E+00  8.3993E+00  3.6631E-01
3.4627E-02  8.6864E+00  8.3201E+00  3.6631E-01
3.4631E-02  7.6841E+00  7.3177E+00  3.6631E-01
3.4635E-02  8.5584E+00  8.1921E+00  3.6631E-01
3.4639E-02  7.3817E+00  7.0154E+00  3.6631E-01
3.4642E-02  7.1276E+00  6.7613E+00  3.6631E-01
3.4646E-02  7.0571E+00  6.6908E+00  3.6631E-01
3.4650E-02  7.4064E+00  7.0400E+00  3.6631E-01
3.4654E-02  6.9031E+00  6.5368E+00  3.6631E-01
3.4658E-02  6.8200E+00  6.4537E+00  3.6631E-01
3.4661E-02  7.1220E+00  6.7557E+00  3.6631E-01
3.4665E-02  6.8032E+00  6.4369E+00  3.6631E-01
3.4669E-02  6.8557E+00  6.4894E+00  3.6631E-01
3.4672E-02  6.7219E+00  6.3556E+00  3.6631E-01
3.4676E-02  9.1900E+01  9.1533E+01  3.6631E-01
3.4680E-02  6.7927E+00  6.4263E+00  3.6631E-01
3.4684E-02  1.8282E+01  1.7916E+01  3.6631E-01
3.4688E-02  9.8453E+00  9.4790E+00  3.6631E-01
3.4691E-02  3.2853E+01  3.2487E+01  3.6631E-01
3.4695E-02  4.5384E+01  4.5018E+01  3.6631E-01
3.4699E-02  2.8322E+01  2.7955E+01  3.6631E-01
3.4703E-02  3.7265E+01  3.6899E+01  3.6631E-01
3.4706E-02  7.1635E+00  6.7972E+00  3.6631E-01
3.4710E-02  7.1024E+00  6.7361E+00  3.6631E-01
3.4714E-02  6.7448E+00  6.3785E+00  3.6631E-01
3.4717E-02  2.3649E+01  2.3282E+01  3.6631E-01
3.4721E-02  1.0252E+01  9.8855E+00  3.6631E-01
3.4725E-02  6.9959E+00  6.6296E+00  3.6631E-01
3.4729E-02  6.4976E+00  6.1312E+00  3.6631E-01
3.4732E-02  6.4866E+00  6.1203E+00  3.6631E-01
3.4736E-02  6.4927E+00  6.1264E+00  3.6631E-01
3.4740E-02  6.4903E+00  6.1240E+00  3.6631E-01
3.4744E-02  1.8985E+01  1.8619E+01  3.6631E-01
3.4748E-02  6.6624E+00  6.2961E+00  3.6631E-01
3.4751E-02  6.5391E+00  6.1728E+00  3.6631E-01
3.4755E-02  4.4942E+02  4.4906E+02  3.6631E-01
3.4759E-02  9.7850E+00  9.4187E+00  3.6631E-01
3.4763E-02  7.5941E+00  7.2278E+00  3.6631E-01
3.4766E-02  6.5688E+00  6.2025E+00  3.6631E-01
3.4770E-02  6.4693E+00  6.1030E+00  3.6631E-01
3.4774E-02  6.8051E+00  6.4388E+00  3.6631E-01
3.4777E-02  6.4419E+00  6.0755E+00  3.6631E-01
3.4781E-02  6.9253E+00  6.5590E+00  3.6631E-01
3.4785E-02  6.5566E+00  6.1903E+00  3.6631E-01
3.4789E-02  6.5319E+00  6.1656E+00  3.6631E-01
3.4793E-02  6.4242E+00  6.0579E+00  3.6631E-01
3.4796E-02  6.5886E+00  6.2223E+00  3.6631E-01
3.4800E-02  6.3998E+00  6.0335E+00  3.6631E-01
3.4804E-02  6.3955E+00  6.0292E+00  3.6631E-01
3.4807E-02  6.3948E+00  6.0285E+00  3.6631E-01
3.4811E-02  1.2410E+01  1.2044E+01  3.6631E-01
3.4815E-02  6.4075E+00  6.0412E+00  3.6631E-01
3.4819E-02  6.4081E+00  6.0418E+00  3.6631E-01
3.4822E-02  6.6713E+00  6.3050E+00  3.6631E-01
3.4826E-02  6.3802E+00  6.0139E+00  3.6631E-01
3.4830E-02  6.3763E+00  6.0099E+00  3.6631E-01
3.4834E-02  6.3737E+00  6.0074E+00  3.6631E-01
3.4838E-02  6.3715E+00  6.0052E+00  3.6631E-01
3.4841E-02  6.5050E+00  6.1387E+00  3.6631E-01
3.4845E-02  6.3812E+00  6.0149E+00  3.6631E-01
3.4849E-02  7.2436E+00  6.8773E+00  3.6631E-01
3.4853E-02  6.8772E+00  6.5109E+00  3.6631E-01
3.4856E-02  6.3686E+00  6.0023E+00  3.6631E-01
3.4860E-02  6.3586E+00  5.9923E+00  3.6631E-01
3.4864E-02  6.3788E+00  6.0125E+00  3.6631E-01
3.4868E-02  6.3553E+00  5.9890E+00  3.6631E-01
3.4871E-02  6.3585E+00  5.9922E+00  3.6631E-01
3.4875E-02  6.3500E+00  5.9837E+00  3.6631E-01
3.4879E-02  6.3498E+00  5.9835E+00  3.6631E-01
3.4882E-02  6.3582E+00  5.9919E+00  3.6631E-01
3.4886E-02  6.3510E+00  5.9847E+00  3.6631E-01
3.4890E-02  6.3464E+00  5.9801E+00  3.6631E-01
3.4894E-02  6.3402E+00  5.9739E+00  3.6631E-01
3.4898E-02  6.3399E+00  5.9736E+00  3.6631E-01
3.4901E-02  6.3373E+00  5.9710E+00  3.6631E-01
3.4905E-02  6.3337E+00  5.9674E+00  3.6631E-01
3.4909E-02  6.3350E+00  5.9687E+00  3.6631E-01
3.4912E-02  6.3323E+00  5.9660E+00  3.6631E-01
3.4916E-02  6.3300E+00  5.9637E+00  3.6631E-01
3.4920E-02  6.3281E+00  5.9618E+00  3.6631E-01
3.4924E-02  6.3265E+00  5.9602E+00  3.6631E-01
3.4928E-02  6.3279E+00  5.9616E+00  3.6631E-01
3.4931E-02  6.3332E+00  5.9669E+00  3.6631E-01
3.4935E-02  6.3940E+00  6.0277E+00  3.6631E-01
3.4939E-02  7.3098E+00  6.9435E+00  3.6631E-01
3.4943E-02  6.3332E+00  5.9668E+00  3.6631E-01
3.4946E-02  6.3204E+00  5.9541E+00  3.6631E-01
3.4950E-02  6.3162E+00  5.9499E+00  3.6631E-01
3.4954E-02  6.3130E+00  5.9467E+00  3.6631E-01
3.4958E-02  6.3107E+00  5.9444E+00  3.6631E-01
3.4961E-02  6.3097E+00  5.9434E+00  3.6631E-01
3.4965E-02  6.3225E+00  5.9562E+00  3.6631E-01
3.4969E-02  6.3060E+00  5.9397E+00  3.6631E-01
3.4973E-02  6.3050E+00  5.9387E+00  3.6631E-01
3.4976E-02  6.3688E+00  6.0025E+00  3.6631E-01
3.4980E-02  6.3908E+00  6.0245E+00  3.6631E-01
3.4984E-02  6.2990E+00  5.9327E+00  3.6631E-01
3.4987E-02  6.2999E+00  5.9336E+00  3.6631E-01
3.4991E-02  6.2958E+00  5.9295E+00  3.6631E-01
3.4995E-02  6.2997E+00  5.9334E+00  3.6631E-01
3.4999E-02  6.2954E+00  5.9291E+00  3.6631E-01
3.5002E-02  6.3038E+00  5.9375E+00  3.6631E-01
3.5006E-02  8.5037E+00  8.1374E+00  3.6631E-01
3.5010E-02  6.2920E+00  5.9257E+00  3.6631E-01
3.5014E-02  6.2905E+00  5.9241E+00  3.6631E-01
3.5018E-02  6.3257E+00  5.9594E+00  3.6631E-01
3.5021E-02  6.8015E+00  6.4352E+00  3.6631E-01
3.5025E-02  6.3912E+00  6.0249E+00  3.6631E-01
3.5029E-02  6.2881E+00  5.9218E+00  3.6631E-01
3.5033E-02  6.2841E+00  5.9178E+00  3.6631E-01
3.5036E-02  6.2933E+00  5.9270E+00  3.6631E-01
3.5040E-02  6.3663E+00  6.0000E+00  3.6631E-01
3.5044E-02  6.3157E+00  5.9494E+00  3.6631E-01
3.5047E-02  6.2819E+00  5.9156E+00  3.6631E-01
3.5051E-02  6.3106E+00  5.9443E+00  3.6631E-01
3.5055E-02  6.2857E+00  5.9194E+00  3.6631E-01
3.5059E-02  6.2883E+00  5.9220E+00  3.6631E-01
3.5063E-02  6.4262E+00  6.0599E+00  3.6631E-01
3.5066E-02  6.3009E+00  5.9346E+00  3.6631E-01
3.5070E-02  6.2919E+00  5.9255E+00  3.6631E-01
3.5074E-02  6.3018E+00  5.9355E+00  3.6631E-01
3.5078E-02  6.3711E+00  6.0048E+00  3.6631E-01
3.5081E-02  8.3076E+00  7.9413E+00  3.6631E-01
3.5085E-02  6.4788E+00  6.1125E+00  3.6631E-01
3.5089E-02  7.7239E+00  7.3576E+00  3.6631E-01
3.5092E-02  4.0345E+02  4.0309E+02  3.6631E-01
3.5096E-02  6.9777E+00  6.6114E+00  3.6631E-01
3.5100E-02  7.0247E+00  6.6584E+00  3.6631E-01
3.5104E-02  7.0411E+02  7.0374E+02  3.6631E-01
3.5107E-02  8.2248E+00  7.8585E+00  3.6631E-01
3.5111E-02  6.7243E+00  6.3580E+00  3.6631E-01
3.5115E-02  6.3671E+00  6.0008E+00  3.6631E-01
3.5119E-02  6.4137E+00  6.0474E+00  3.6631E-01
3.5123E-02  6.2886E+00  5.9223E+00  3.6631E-01
3.5126E-02  6.3093E+00  5.9430E+00  3.6631E-01
3.5130E-02  6.2720E+00  5.9056E+00  3.6631E-01
3.5134E-02  6.2895E+00  5.9232E+00  3.6631E-01
3.5138E-02  6.4952E+00  6.1289E+00  3.6631E-01
3.5141E-02  6.3299E+00  5.9636E+00  3.6631E-01
3.5145E-02  7.1458E+00  6.7795E+00  3.6631E-01
3.5149E-02  6.2591E+00  5.8928E+00  3.6631E-01
3.5152E-02  7.9619E+00  7.5956E+00  3.6631E-01
3.5156E-02  6.2392E+00  5.8729E+00  3.6631E-01
3.5160E-02  6.2350E+00  5.8687E+00  3.6631E-01
3.5164E-02  6.2333E+00  5.8670E+00  3.6631E-01
3.5168E-02  6.2892E+00  5.9229E+00  3.6631E-01
3.5171E-02  6.2605E+00  5.8942E+00  3.6631E-01
3.5175E-02  6.2264E+00  5.8601E+00  3.6631E-01
3.5179E-02  6.2233E+00  5.8570E+00  3.6631E-01
3.5182E-02  6.2228E+00  5.8565E+00  3.6631E-01
3.5186E-02  6.2300E+00  5.8637E+00  3.6631E-01
3.5190E-02  6.2224E+00  5.8560E+00  3.6631E-01
3.5194E-02  6.2226E+00  5.8563E+00  3.6631E-01
3.5197E-02  6.2193E+00  5.8530E+00  3.6631E-01
3.5201E-02  6.2376E+00  5.8713E+00  3.6631E-01
3.5205E-02  6.2204E+00  5.8541E+00  3.6631E-01
3.5209E-02  6.2171E+00  5.8508E+00  3.6631E-01
3.5213E-02  6.2154E+00  5.8491E+00  3.6631E-01
3.5216E-02  6.2220E+00  5.8557E+00  3.6631E-01
3.5220E-02  6.2142E+00  5.8479E+00  3.6631E-01
3.5224E-02  6.2305E+00  5.8642E+00  3.6631E-01
3.5228E-02  6.2423E+00  5.8760E+00  3.6631E-01
3.5231E-02  6.3703E+00  6.0040E+00  3.6631E-01
3.5235E-02  5.9047E+02  5.9010E+02  3.6631E-01
3.5239E-02  1.7210E+01  1.6843E+01  3.6631E-01
3.5243E-02  6.4734E+00  6.1071E+00  3.6631E-01
3.5246E-02  6.2082E+00  5.8419E+00  3.6631E-01
3.5250E-02  6.2175E+00  5.8512E+00  3.6631E-01
3.5254E-02  6.3269E+00  5.9606E+00  3.6631E-01
3.5257E-02  1.5417E+01  1.5051E+01  3.6631E-01
3.5261E-02  6.1967E+00  5.8304E+00  3.6631E-01
3.5265E-02  6.1921E+00  5.8257E+00  3.6631E-01
3.5269E-02  6.1905E+00  5.8242E+00  3.6631E-01
3.5272E-02  6.1899E+00  5.8236E+00  3.6631E-01
3.5276E-02  6.2142E+00  5.8479E+00  3.6631E-01
3.5280E-02  6.2297E+00  5.8634E+00  3.6631E-01
3.5284E-02  6.2046E+00  5.8383E+00  3.6631E-01
3.5287E-02  6.1934E+00  5.8271E+00  3.6631E-01
3.5291E-02  6.2337E+00  5.8674E+00  3.6631E-01
3.5295E-02  6.1816E+00  5.8153E+00  3.6631E-01
3.5299E-02  6.2584E+00  5.8921E+00  3.6631E-01
3.5303E-02  6.2531E+00  5.8868E+00  3.6631E-01
3.5306E-02  6.5855E+00  6.2192E+00  3.6631E-01
3.5310E-02  6.1860E+00  5.8197E+00  3.6631E-01
3.5314E-02  6.4361E+00  6.0698E+00  3.6631E-01
3.5318E-02  6.9633E+00  6.5970E+00  3.6631E-01
3.5321E-02  2.7447E+02  2.7411E+02  3.6631E-01
3.5325E-02  1.1749E+01  1.1383E+01  3.6631E-01
3.5329E-02  8.0092E+00  7.6429E+00  3.6631E-01
3.5333E-02  6.1855E+00  5.8192E+00  3.6631E-01
3.5336E-02  6.1859E+00  5.8196E+00  3.6631E-01
3.5340E-02  6.6288E+00  6.2624E+00  3.6631E-01
3.5344E-02  6.1684E+00  5.8021E+00  3.6631E-01
3.5348E-02  6.1902E+00  5.8239E+00  3.6631E-01
3.5351E-02  6.2511E+00  5.8848E+00  3.6631E-01
3.5355E-02  1.3053E+01  1.2687E+01  3.6631E-01
3.5359E-02  6.8227E+00  6.4564E+00  3.6631E-01
3.5362E-02  6.3454E+00  5.9791E+00  3.6631E-01
3.5366E-02  7.3403E+00  6.9740E+00  3.6631E-01
3.5370E-02  6.2326E+00  5.8663E+00  3.6631E-01
3.5374E-02  6.2235E+00  5.8571E+00  3.6631E-01
3.5377E-02  6.1894E+00  5.8231E+00  3.6631E-01
3.5381E-02  7.1842E+00  6.8179E+00  3.6631E-01
3.5385E-02  6.1530E+00  5.7867E+00  3.6631E-01
3.5389E-02  6.2079E+00  5.8416E+00  3.6631E-01
3.5393E-02  6.2419E+00  5.8756E+00  3.6631E-01
3.5396E-02  6.2260E+00  5.8597E+00  3.6631E-01
3.5400E-02  6.7538E+00  6.3875E+00  3.6631E-01
3.5404E-02  6.1871E+00  5.8208E+00  3.6631E-01
3.5408E-02  6.3459E+00  5.9796E+00  3.6631E-01
3.5411E-02  6.2336E+00  5.8673E+00  3.6631E-01
3.5415E-02  6.1442E+00  5.7779E+00  3.6631E-01
3.5419E-02  6.2060E+00  5.8397E+00  3.6631E-01
3.5422E-02  6.1347E+00  5.7684E+00  3.6631E-01
3.5426E-02  6.1332E+00  5.7669E+00  3.6631E-01
3.5430E-02  6.1305E+00  5.7642E+00  3.6631E-01
3.5434E-02  6.1497E+00  5.7834E+00  3.6631E-01
3.5438E-02  6.1875E+00  5.8212E+00  3.6631E-01
3.5441E-02  4.1026E+01  4.0659E+01  3.6631E-01
3.5445E-02  6.1431E+00  5.7768E+00  3.6631E-01
3.5449E-02  6.1243E+00  5.7580E+00  3.6631E-01
3.5453E-02  6.1388E+00  5.7725E+00  3.6631E-01
3.5456E-02  1.5588E+01  1.5221E+01  3.6631E-01
3.5460E-02  6.1205E+00  5.7542E+00  3.6631E-01
3.5464E-02  6.1174E+00  5.7511E+00  3.6631E-01
3.5467E-02  6.1187E+00  5.7524E+00  3.6631E-01
3.5471E-02  6.1137E+00  5.7474E+00  3.6631E-01
3.5475E-02  6.1163E+00  5.7500E+00  3.6631E-01
3.5479E-02  6.1140E+00  5.7477E+00  3.6631E-01
3.5483E-02  6.1146E+00  5.7483E+00  3.6631E-01
3.5486E-02  6.1102E+00  5.7439E+00  3.6631E-01
3.5490E-02  6.1100E+00  5.7437E+00  3.6631E-01
3.5494E-02  6.1088E+00  5.7425E+00  3.6631E-01
3.5498E-02  6.1060E+00  5.7397E+00  3.6631E-01
3.5501E-02  6.1103E+00  5.7440E+00  3.6631E-01
3.5505E-02  6.1057E+00  5.7393E+00  3.6631E-01
3.5509E-02  6.3029E+00  5.9366E+00  3.6631E-01
3.5513E-02  6.1055E+00  5.7392E+00  3.6631E-01
3.5516E-02  9.1910E+00  8.8247E+00  3.6631E-01
3.5520E-02  6.1401E+00  5.7738E+00  3.6631E-01
3.5524E-02  6.2795E+00  5.9132E+00  3.6631E-01
3.5527E-02  6.1109E+00  5.7446E+00  3.6631E-01
3.5531E-02  2.3423E+01  2.3056E+01  3.6631E-01
3.5535E-02  6.1339E+00  5.7676E+00  3.6631E-01
3.5539E-02  6.0993E+00  5.7330E+00  3.6631E-01
3.5542E-02  6.0986E+00  5.7323E+00  3.6631E-01
3.5546E-02  6.0983E+00  5.7320E+00  3.6631E-01
3.5550E-02  6.1070E+00  5.7407E+00  3.6631E-01
3.5554E-02  6.3912E+00  6.0249E+00  3.6631E-01
3.5557E-02  3.8326E+01  3.7960E+01  3.6631E-01
3.5561E-02  6.0940E+00  5.7277E+00  3.6631E-01
3.5565E-02  6.0854E+00  5.7191E+00  3.6631E-01
3.5569E-02  6.0903E+00  5.7240E+00  3.6631E-01
3.5572E-02  6.1129E+00  5.7466E+00  3.6631E-01
3.5576E-02  6.1305E+00  5.7642E+00  3.6631E-01
3.5580E-02  6.0816E+00  5.7153E+00  3.6631E-01
3.5584E-02  6.0982E+00  5.7319E+00  3.6631E-01
3.5588E-02  6.1206E+00  5.7543E+00  3.6631E-01
3.5591E-02  6.1383E+00  5.7720E+00  3.6631E-01
3.5595E-02  6.1004E+00  5.7341E+00  3.6631E-01
3.5599E-02  6.1494E+00  5.7831E+00  3.6631E-01
3.5603E-02  8.1091E+00  7.7428E+00  3.6631E-01
3.5606E-02  6.2174E+00  5.8511E+00  3.6631E-01
3.5610E-02  6.3070E+00  5.9407E+00  3.6631E-01
3.5614E-02  6.1069E+00  5.7406E+00  3.6631E-01
3.5618E-02  6.0957E+00  5.7294E+00  3.6631E-01
3.5621E-02  7.3987E+00  7.0324E+00  3.6631E-01
3.5625E-02  8.3957E+00  8.0294E+00  3.6631E-01
3.5629E-02  6.1563E+00  5.7900E+00  3.6631E-01
3.5632E-02  6.0741E+00  5.7078E+00  3.6631E-01
3.5636E-02  6.0793E+00  5.7130E+00  3.6631E-01
3.5640E-02  6.2021E+00  5.8357E+00  3.6631E-01
3.5644E-02  6.0557E+00  5.6894E+00  3.6631E-01
3.5647E-02  6.0695E+00  5.7032E+00  3.6631E-01
3.5651E-02  6.0541E+00  5.6878E+00  3.6631E-01
3.5655E-02  6.0606E+00  5.6943E+00  3.6631E-01
3.5659E-02  6.1106E+00  5.7443E+00  3.6631E-01
3.5662E-02  6.0749E+00  5.7086E+00  3.6631E-01
3.5666E-02  6.0579E+00  5.6916E+00  3.6631E-01
3.5670E-02  6.0602E+00  5.6939E+00  3.6631E-01
3.5674E-02  6.0491E+00  5.6828E+00  3.6631E-01
3.5678E-02  6.0607E+00  5.6944E+00  3.6631E-01
3.5681E-02  6.1689E+00  5.8026E+00  3.6631E-01
3.5685E-02  7.2677E+00  6.9014E+00  3.6631E-01
3.5689E-02  6.5838E+00  6.2175E+00  3.6631E-01
3.5693E-02  6.0530E+00  5.6867E+00  3.6631E-01
3.5696E-02  6.1550E+00  5.7887E+00  3.6631E-01
3.5700E-02  6.0433E+00  5.6770E+00  3.6631E-01
3.5704E-02  6.3350E+00  5.9687E+00  3.6631E-01
3.5708E-02  6.4522E+00  6.0859E+00  3.6631E-01
3.5711E-02  6.0391E+00  5.6728E+00  3.6631E-01
3.5715E-02  6.0403E+00  5.6740E+00  3.6631E-01
3.5719E-02  6.9140E+00  6.5477E+00  3.6631E-01
3.5723E-02  6.0828E+00  5.7165E+00  3.6631E-01
3.5726E-02  6.0544E+00  5.6881E+00  3.6630E-01
3.5730E-02  6.1191E+00  5.7528E+00  3.6630E-01
3.5734E-02  8.6980E+00  8.3317E+00  3.6630E-01
3.5737E-02  6.1662E+00  5.7999E+00  3.6630E-01
3.5741E-02  9.6236E+00  9.2573E+00  3.6630E-01
3.5745E-02  6.1651E+00  5.7988E+00  3.6630E-01
3.5749E-02  6.7226E+00  6.3563E+00  3.6630E-01
3.5752E-02  6.4078E+00  6.0415E+00  3.6630E-01
3.5756E-02  6.0630E+00  5.6967E+00  3.6630E-01
3.5760E-02  7.1093E+00  6.7430E+00  3.6630E-01
3.5764E-02  6.0539E+00  5.6876E+00  3.6630E-01
3.5768E-02  6.3736E+00  6.0073E+00  3.6630E-01
3.5771E-02  6.1710E+00  5.8047E+00  3.6630E-01
3.5775E-02  6.0275E+00  5.6612E+00  3.6630E-01
3.5779E-02  6.0625E+00  5.6962E+00  3.6630E-01
3.5783E-02  6.6168E+00  6.2505E+00  3.6630E-01
3.5786E-02  6.0108E+00  5.6445E+00  3.6630E-01
3.5790E-02  6.0924E+00  5.7261E+00  3.6630E-01
3.5794E-02  6.0427E+00  5.6764E+00  3.6630E-01
3.5797E-02  9.8578E+00  9.4915E+00  3.6630E-01
3.5801E-02  6.1833E+00  5.8170E+00  3.6630E-01
3.5805E-02  6.0342E+00  5.6679E+00  3.6630E-01
3.5809E-02  6.5233E+00  6.1570E+00  3.6630E-01
3.5813E-02  6.1230E+00  5.7567E+00  3.6630E-01
3.5816E-02  6.0128E+00  5.6465E+00  3.6630E-01
3.5820E-02  6.1617E+00  5.7954E+00  3.6630E-01
3.5824E-02  6.1129E+00  5.7466E+00  3.6630E-01
3.5828E-02  5.9955E+00  5.6292E+00  3.6630E-01
3.5831E-02  1.5045E+01  1.4678E+01  3.6630E-01
3.5835E-02  6.0023E+00  5.6360E+00  3.6630E-01
3.5839E-02  6.0865E+00  5.7202E+00  3.6630E-01
3.5842E-02  6.0881E+00  5.7218E+00  3.6630E-01
3.5846E-02  1.7964E+01  1.7597E+01  3.6630E-01
3.5850E-02  6.0306E+00  5.6642E+00  3.6630E-01
3.5854E-02  6.1032E+00  5.7369E+00  3.6630E-01
3.5858E-02  5.9931E+00  5.6268E+00  3.6630E-01
3.5861E-02  5.9949E+00  5.6286E+00  3.6630E-01
3.5865E-02  5.9833E+00  5.6170E+00  3.6630E-01
3.5869E-02  5.9786E+00  5.6123E+00  3.6630E-01
3.5873E-02  5.9769E+00  5.6106E+00  3.6630E-01
3.5876E-02  5.9849E+00  5.6186E+00  3.6630E-01
3.5880E-02  5.9815E+00  5.6151E+00  3.6630E-01
3.5884E-02  5.9917E+00  5.6254E+00  3.6630E-01
3.5888E-02  5.9729E+00  5.6066E+00  3.6630E-01
3.5891E-02  5.9703E+00  5.6040E+00  3.6630E-01
3.5895E-02  5.9700E+00  5.6037E+00  3.6630E-01
3.5899E-02  5.9693E+00  5.6030E+00  3.6630E-01
3.5902E-02  5.9677E+00  5.6014E+00  3.6630E-01
3.5906E-02  5.9667E+00  5.6004E+00  3.6630E-01
3.5910E-02  5.9666E+00  5.6003E+00  3.6630E-01
3.5914E-02  5.9726E+00  5.6063E+00  3.6630E-01
3.5917E-02  5.9679E+00  5.6016E+00  3.6630E-01
3.5921E-02  5.9651E+00  5.5988E+00  3.6630E-01
3.5925E-02  5.9684E+00  5.6021E+00  3.6630E-01
3.5929E-02  5.9745E+00  5.6082E+00  3.6630E-01
3.5932E-02  5.9757E+00  5.6094E+00  3.6630E-01
3.5936E-02  5.9901E+00  5.6238E+00  3.6630E-01
3.5940E-02  6.2346E+00  5.8683E+00  3.6630E-01
3.5944E-02  9.9479E+00  9.5816E+00  3.6630E-01
3.5948E-02  6.1716E+00  5.8053E+00  3.6630E-01
3.5951E-02  6.9763E+00  6.6099E+00  3.6630E-01
3.5955E-02  5.9752E+00  5.6089E+00  3.6630E-01
3.5959E-02  6.0104E+00  5.6441E+00  3.6630E-01
3.5963E-02  5.9547E+00  5.5884E+00  3.6630E-01
3.5966E-02  5.9786E+00  5.6123E+00  3.6630E-01
3.5970E-02  1.3327E+01  1.2960E+01  3.6630E-01
3.5974E-02  5.9669E+00  5.6006E+00  3.6630E-01
3.5978E-02  6.6585E+01  6.6218E+01  3.6630E-01
3.5981E-02  5.9564E+00  5.5901E+00  3.6630E-01
3.5985E-02  5.9617E+00  5.5954E+00  3.6630E-01
3.5989E-02  5.9487E+01  5.9121E+01  3.6630E-01
3.5993E-02  2.1598E+01  2.1232E+01  3.6630E-01
3.5996E-02  7.6816E+01  7.6449E+01  3.6630E-01
3.6000E-02  5.9463E+00  5.5800E+00  3.6630E-01
3.6015E-02  6.5514E+00  6.1851E+00  3.6630E-01
3.6030E-02  6.0176E+00  5.6513E+00  3.6630E-01
3.6045E-02  7.6245E+00  7.2582E+00  3.6630E-01
3.6060E-02  5.9416E+00  5.5753E+00  3.6630E-01
3.6075E-02  5.9205E+00  5.5542E+00  3.6630E-01
3.6090E-02  6.0283E+00  5.6620E+00  3.6630E-01
3.6105E-02  6.0723E+00  5.7060E+00  3.6630E-01
3.6120E-02  5.9354E+00  5.5691E+00  3.6630E-01
3.6135E-02  5.9351E+00  5.5688E+00  3.6630E-01
3.6150E-02  5.9234E+00  5.5571E+00  3.6630E-01
3.6165E-02  5.9130E+00  5.5467E+00  3.6630E-01
3.6180E-02  7.4449E+00  7.0786E+00  3.6630E-01
3.6195E-02  5.8761E+00  5.5098E+00  3.6630E-01
3.6210E-02  6.2273E+00  5.8610E+00  3.6630E-01
3.6225E-02  5.8782E+00  5.5119E+00  3.6630E-01
3.6240E-02  6.2490E+00  5.8827E+00  3.6630E-01
3.6255E-02  3.9233E+02  3.9197E+02  3.6630E-01
3.6270E-02  5.8608E+00  5.4945E+00  3.6630E-01
3.6285E-02  6.0552E+00  5.6889E+00  3.6630E-01
3.6300E-02  5.9018E+00  5.5355E+00  3.6630E-01
3.6315E-02  1.6351E+01  1.5985E+01  3.6630E-01
3.6330E-02  5.9533E+00  5.5869E+00  3.6630E-01
3.6345E-02  5.9000E+03  5.8996E+03  3.6630E-01
3.6360E-02  5.9196E+00  5.5533E+00  3.6630E-01
3.6375E-02  5.8841E+00  5.5178E+00  3.6630E-01
3.6390E-02  5.8225E+00  5.4562E+00  3.6630E-01
3.6405E-02  5.8122E+00  5.4459E+00  3.6630E-01
3.6420E-02  5.9290E+00  5.5627E+00  3.6630E-01
3.6435E-02  5.9282E+00  5.5619E+00  3.6630E-01
3.6450E-02  5.9719E+00  5.6056E+00  3.6630E-01
3.6465E-02  5.8392E+00  5.4729E+00  3.6630E-01
3.6480E-02  5.8251E+00  5.4588E+00  3.6630E-01
3.6495E-02  6.1356E+00  5.7693E+00  3.6630E-01
3.6510E-02  6.1998E+00  5.8335E+00  3.6630E-01
3.6525E-02  5.8121E+00  5.4458E+00  3.6630E-01
3.6540E-02  5.7782E+00  5.4119E+00  3.6630E-01
3.6555E-02  5.7719E+00  5.4056E+00  3.6630E-01
3.6570E-02  5.7831E+00  5.4168E+00  3.6630E-01
3.6585E-02  5.7996E+00  5.4333E+00  3.6630E-01
3.6600E-02  5.7553E+00  5.3890E+00  3.6630E-01
3.6615E-02  7.2298E+00  6.8635E+00  3.6630E-01
3.6630E-02  5.9099E+00  5.5436E+00  3.6630E-01
3.6645E-02  6.0069E+00  5.6406E+00  3.6630E-01
3.6660E-02  5.8216E+00  5.4553E+00  3.6630E-01
3.6675E-02  5.7352E+00  5.3689E+00  3.6630E-01
3.6690E-02  5.7176E+00  5.3513E+00  3.6630E-01
3.6705E-02  5.8480E+00  5.4817E+00  3.6630E-01
3.6720E-02  5.7294E+00  5.3631E+00  3.6630E-01
3.6735E-02  5.8113E+00  5.4450E+00  3.6630E-01
3.6750E-02  5.7057E+00  5.3394E+00  3.6630E-01
3.6765E-02  5.7091E+00  5.3428E+00  3.6630E-01
3.6780E-02  5.6914E+00  5.3251E+00  3.6630E-01
3.6795E-02  5.8863E+00  5.5200E+00  3.6630E-01
3.6810E-02  5.7469E+00  5.3806E+00  3.6630E-01
3.6825E-02  5.6853E+00  5.3190E+00  3.6630E-01
3.6840E-02  5.6720E+00  5.3057E+00  3.6630E-01
3.6855E-02  5.7011E+00  5.3348E+00  3.6630E-01
3.6870E-02  5.6808E+00  5.3145E+00  3.6630E-01
3.6885E-02  4.6382E+01  4.6015E+01  3.6630E-01
3.6900E-02  9.3511E+00  8.9848E+00  3.6630E-01
3.6915E-02  6.3770E+00  6.0107E+00  3.6630E-01
3.6930E-02  6.9707E+00  6.6044E+00  3.6630E-01
3.6945E-02  5.6688E+00  5.3025E+00  3.6630E-01
3.6960E-02  5.8546E+00  5.4883E+00  3.6630E-01
3.6975E-02  1.7268E+02  1.7231E+02  3.6630E-01
3.6990E-02  6.4222E+00  6.0559E+00  3.6630E-01
3.7005E-02  5.7129E+00  5.3466E+00  3.6630E-01
3.7020E-02  5.6306E+00  5.2643E+00  3.6630E-01
3.7035E-02  9.6122E+00  9.2459E+00  3.6630E-01
3.7050E-02  2.1586E+02  2.1549E+02  3.6630E-01
3.7065E-02  6.0456E+00  5.6793E+00  3.6630E-01
3.7080E-02  1.1106E+01  1.0740E+01  3.6630E-01
3.7095E-02  5.7710E+00  5.4047E+00  3.6630E-01
3.7110E-02  5.6107E+00  5.2444E+00  3.6630E-01
3.7125E-02  5.6250E+00  5.2587E+00  3.6630E-01
3.7140E-02  7.9274E+00  7.5611E+00  3.6630E-01
3.7155E-02  5.7148E+00  5.3485E+00  3.6630E-01
3.7170E-02  1.4475E+02  1.4438E+02  3.6630E-01
3.7185E-02  5.6613E+00  5.2950E+00  3.6630E-01
3.7200E-02  1.5220E+01  1.4853E+01  3.6630E-01
3.7215E-02  9.0250E+00  8.6587E+00  3.6630E-01
3.7230E-02  6.2532E+00  5.8869E+00  3.6630E-01
3.7245E-02  5.6104E+00  5.2441E+00  3.6630E-01
3.7260E-02  5.5789E+00  5.2126E+00  3.6630E-01
3.7275E-02  5.6186E+00  5.2523E+00  3.6630E-01
3.7290E-02  5.6720E+00  5.3057E+00  3.6630E-01
3.7305E-02  5.7489E+00  5.3826E+00  3.6630E-01
3.7320E-02  1.0489E+01  1.0123E+01  3.6630E-01
3.7335E-02  6.0026E+00  5.6363E+00  3.6630E-01
3.7350E-02  5.6759E+00  5.3096E+00  3.6630E-01
3.7365E-02  5.6043E+00  5.2380E+00  3.6630E-01
3.7380E-02  5.7383E+00  5.3720E+00  3.6630E-01
3.7395E-02  5.5491E+00  5.1828E+00  3.6630E-01
3.7410E-02  5.5466E+00  5.1803E+00  3.6630E-01
3.7425E-02  5.5547E+00  5.1884E+00  3.6630E-01
3.7440E-02  9.5724E+01  9.5358E+01  3.6630E-01
3.7455E-02  5.7724E+00  5.4061E+00  3.6630E-01
3.7470E-02  5.6543E+00  5.2880E+00  3.6630E-01
3.7485E-02  5.5093E+00  5.1430E+00  3.6630E-01
3.7500E-02  5.5378E+00  5.1715E+00  3.6630E-01
3.7515E-02  5.5350E+00  5.1687E+00  3.6629E-01
3.7530E-02  5.5191E+00  5.1528E+00  3.6629E-01
3.7545E-02  6.4654E+00  6.0992E+00  3.6629E-01
3.7560E-02  6.9892E+00  6.6229E+00  3.6629E-01
3.7575E-02  5.4764E+00  5.1101E+00  3.6629E-01
3.7590E-02  2.5595E+01  2.5229E+01  3.6629E-01
3.7605E-02  5.6201E+00  5.2538E+00  3.6629E-01
3.7620E-02  5.7543E+00  5.3880E+00  3.6629E-01
3.7635E-02  5.5306E+00  5.1643E+00  3.6629E-01
3.7650E-02  5.4925E+00  5.1262E+00  3.6629E-01
3.7665E-02  5.6886E+00  5.3223E+00  3.6629E-01
3.7680E-02  5.4853E+00  5.1190E+00  3.6629E-01
3.7695E-02  5.5055E+00  5.1392E+00  3.6629E-01
3.7710E-02  5.4993E+00  5.1330E+00  3.6629E-01
3.7725E-02  5.5677E+00  5.2014E+00  3.6629E-01
3.7740E-02  6.4782E+00  6.1119E+00  3.6629E-01
3.7755E-02  5.6988E+00  5.3325E+00  3.6629E-01
3.7770E-02  5.4426E+00  5.0763E+00  3.6629E-01
3.7785E-02  5.5769E+00  5.2106E+00  3.6629E-01
3.7800E-02  5.4133E+00  5.0470E+00  3.6629E-01
3.7815E-02  5.4315E+00  5.0653E+00  3.6629E-01
3.7830E-02  6.3017E+00  5.9354E+00  3.6629E-01
3.7845E-02  5.4317E+00  5.0655E+00  3.6629E-01
3.7860E-02  1.9231E+01  1.8865E+01  3.6629E-01
3.7875E-02  7.3279E+02  7.3242E+02  3.6629E-01
3.7890E-02  2.1842E+01  2.1476E+01  3.6629E-01
3.7905E-02  6.0032E+00  5.6369E+00  3.6629E-01
3.7920E-02  6.8079E+01  6.7713E+01  3.6629E-01
3.7935E-02  5.4103E+00  5.0440E+00  3.6629E-01
3.7950E-02  5.3868E+00  5.0205E+00  3.6629E-01
3.7965E-02  5.3728E+00  5.0065E+00  3.6629E-01
3.7980E-02  7.1111E+00  6.7448E+00  3.6629E-01
3.7995E-02  5.3962E+00  5.0299E+00  3.6629E-01
3.8010E-02  5.4036E+00  5.0373E+00  3.6629E-01
3.8025E-02  5.3935E+00  5.0272E+00  3.6629E-01
3.8040E-02  5.4477E+00  5.0814E+00  3.6629E-01
3.8055E-02  4.0754E+01  4.0387E+01  3.6629E-01
3.8070E-02  5.9427E+00  5.5764E+00  3.6629E-01
3.8085E-02  5.3461E+00  4.9798E+00  3.6629E-01
3.8100E-02  5.4228E+00  5.0565E+00  3.6629E-01
3.8115E-02  5.4279E+00  5.0616E+00  3.6629E-01
3.8130E-02  5.3272E+00  4.9609E+00  3.6629E-01
3.8145E-02  5.3340E+00  4.9677E+00  3.6629E-01
3.8160E-02  5.3265E+00  4.9603E+00  3.6629E-01
3.8175E-02  5.3672E+00  5.0009E+00  3.6629E-01
3.8190E-02  5.3400E+00  4.9737E+00  3.6629E-01
3.8205E-02  5.3628E+00  4.9965E+00  3.6629E-01
3.8220E-02  6.0760E+00  5.7097E+00  3.6629E-01
3.8235E-02  5.7726E+00  5.4063E+00  3.6629E-01
3.8250E-02  5.3283E+00  4.9620E+00  3.6629E-01
3.8265E-02  5.3125E+00  4.9462E+00  3.6629E-01
3.8280E-02  5.3000E+00  4.9337E+00  3.6629E-01
3.8295E-02  5.3199E+00  4.9537E+00  3.6629E-01
3.8310E-02  6.5883E+00  6.2220E+00  3.6629E-01
3.8325E-02  1.3076E+02  1.3039E+02  3.6629E-01
3.8340E-02  1.6720E+01  1.6353E+01  3.6629E-01
3.8355E-02  1.1057E+01  1.0691E+01  3.6629E-01
3.8370E-02  9.5515E+00  9.1852E+00  3.6629E-01
3.8385E-02  1.0648E+01  1.0282E+01  3.6629E-01
3.8400E-02  2.1617E+04  2.1616E+04  3.6629E-01
3.8415E-02  5.6078E+00  5.2415E+00  3.6629E-01
3.8430E-02  5.3940E+00  5.0277E+00  3.6629E-01
3.8445E-02  1.7297E+01  1.6931E+01  3.6629E-01
3.8460E-02  2.9743E+01  2.9377E+01  3.6629E-01
3.8475E-02  5.1983E+01  5.1617E+01  3.6629E-01
3.8490E-02  6.2247E+00  5.8584E+00  3.6629E-01
3.8505E-02  6.7233E+00  6.3570E+00  3.6629E-01
3.8520E-02  8.3577E+00  7.9914E+00  3.6629E-01
3.8535E-02  5.6936E+00  5.3273E+00  3.6629E-01
3.8550E-02  5.2490E+00  4.8827E+00  3.6629E-01
3.8565E-02  5.2358E+00  4.8695E+00  3.6629E-01
3.8580E-02  5.3251E+00  4.9588E+00  3.6629E-01
3.8595E-02  5.6865E+00  5.3202E+00  3.6629E-01
3.8610E-02  5.2290E+00  4.8627E+00  3.6629E-01
3.8625E-02  5.2782E+00  4.9119E+00  3.6629E-01
3.8640E-02  5.9365E+00  5.5702E+00  3.6629E-01
3.8655E-02  2.3439E+02  2.3402E+02  3.6629E-01
3.8670E-02  3.6028E+02  3.5991E+02  3.6629E-01
3.8685E-02  5.4356E+00  5.0693E+00  3.6629E-01
3.8700E-02  6.2894E+00  5.9231E+00  3.6629E-01
3.8715E-02  5.6686E+00  5.3023E+00  3.6629E-01
3.8730E-02  5.2746E+00  4.9083E+00  3.6629E-01
3.8745E-02  2.2670E+03  2.2667E+03  3.6629E-01
3.8760E-02  6.1553E+00  5.7890E+00  3.6629E-01
3.8775E-02  8.7789E+00  8.4126E+00  3.6629E-01
3.8790E-02  5.1894E+00  4.8231E+00  3.6629E-01
3.8805E-02  5.1817E+00  4.8154E+00  3.6629E-01
3.8820E-02  5.2022E+00  4.8359E+00  3.6629E-01
3.8835E-02  5.3682E+00  5.0019E+00  3.6629E-01
3.8850E-02  8.0211E+00  7.6548E+00  3.6629E-01
3.8865E-02  5.2511E+00  4.8848E+00  3.6629E-01
3.8880E-02  5.2136E+00  4.8473E+00  3.6629E-01
3.8895E-02  5.9048E+00  5.5386E+00  3.6629E-01
3.8910E-02  1.5557E+01  1.5191E+01  3.6629E-01
3.8925E-02  6.3790E+00  6.0127E+00  3.6629E-01
3.8940E-02  2.4025E+01  2.3658E+01  3.6629E-01
3.8955E-02  5.3021E+00  4.9358E+00  3.6629E-01
3.8970E-02  5.3703E+00  5.0040E+00  3.6629E-01
3.8985E-02  5.4028E+00  5.0366E+00  3.6629E-01
3.9000E-02  6.6635E+00  6.2972E+00  3.6629E-01
3.9015E-02  6.1858E+00  5.8196E+00  3.6629E-01
3.9030E-02  6.3856E+00  6.0193E+00  3.6629E-01
3.9045E-02  7.8394E+00  7.4731E+00  3.6629E-01
3.9060E-02  5.7452E+03  5.7449E+03  3.6629E-01
3.9075E-02  5.4151E+00  5.0488E+00  3.6629E-01
3.9090E-02  6.1253E+00  5.7590E+00  3.6629E-01
3.9105E-02  1.3094E+01  1.2728E+01  3.6629E-01
3.9120E-02  5.3700E+00  5.0037E+00  3.6629E-01
3.9135E-02  1.6598E+01  1.6231E+01  3.6629E-01
3.9150E-02  8.3598E+00  7.9935E+00  3.6629E-01
3.9165E-02  5.5008E+00  5.1345E+00  3.6629E-01
3.9180E-02  5.3777E+00  5.0114E+00  3.6629E-01
3.9195E-02  5.4181E+00  5.0518E+00  3.6629E-01
3.9210E-02  5.4230E+00  5.0567E+00  3.6629E-01
3.9225E-02  6.5475E+00  6.1812E+00  3.6629E-01
3.9240E-02  5.8628E+02  5.8591E+02  3.6629E-01
3.9255E-02  1.4278E+01  1.3912E+01  3.6629E-01
3.9270E-02  5.4942E+00  5.1279E+00  3.6629E-01
3.9285E-02  5.5203E+00  5.1541E+00  3.6629E-01
3.9300E-02  5.5820E+00  5.2158E+00  3.6629E-01
3.9315E-02  3.5249E+03  3.5246E+03  3.6629E-01
3.9330E-02  5.5157E+00  5.1494E+00  3.6629E-01
3.9345E-02  6.0959E+00  5.7296E+00  3.6628E-01
3.9360E-02  5.7012E+00  5.3349E+00  3.6628E-01
3.9375E-02  6.2778E+00  5.9115E+00  3.6628E-01
3.9390E-02  1.6599E+01  1.6232E+01  3.6628E-01
3.9405E-02  7.5010E+00  7.1348E+00  3.6628E-01
3.9420E-02  5.7505E+00  5.3842E+00  3.6628E-01
3.9435E-02  5.7879E+00  5.4216E+00  3.6628E-01
3.9450E-02  6.1225E+00  5.7562E+00  3.6628E-01
3.9465E-02  8.3055E+00  7.9392E+00  3.6628E-01
3.9480E-02  9.9132E+00  9.5470E+00  3.6628E-01
3.9495E-02  1.8600E+05  1.8600E+05  3.6628E-01
3.9510E-02  1.1282E+01  1.0916E+01  3.6628E-01
3.9525E-02  6.6750E+00  6.3087E+00  3.6628E-01
3.9540E-02  5.9056E+00  5.5393E+00  3.6628E-01
3.9555E-02  5.7066E+00  5.3403E+00  3.6628E-01
3.9570E-02  5.5244E+00  5.1581E+00  3.6628E-01
3.9585E-02  5.4760E+00  5.1098E+00  3.6628E-01
3.9600E-02  5.5888E+00  5.2225E+00  3.6628E-01
3.9615E-02  1.4818E+01  1.4452E+01  3.6628E-01
3.9630E-02  5.5039E+00  5.1376E+00  3.6628E-01
3.9645E-02  5.6027E+00  5.2365E+00  3.6628E-01
3.9660E-02  1.0940E+02  1.0903E+02  3.6628E-01
3.9675E-02  3.1930E+01  3.1563E+01  3.6628E-01
3.9690E-02  8.5153E+00  8.1491E+00  3.6628E-01
3.9705E-02  2.3570E+01  2.3203E+01  3.6628E-01
3.9720E-02  8.1436E+00  7.7773E+00  3.6628E-01
3.9735E-02  5.5352E+00  5.1689E+00  3.6628E-01
3.9750E-02  5.4346E+00  5.0683E+00  3.6628E-01
3.9765E-02  2.4554E+01  2.4188E+01  3.6628E-01
3.9780E-02  8.2651E+00  7.8988E+00  3.6628E-01
3.9795E-02  6.4642E+00  6.0979E+00  3.6628E-01
3.9810E-02  5.8331E+00  5.4668E+00  3.6628E-01
3.9825E-02  9.4670E+00  9.1007E+00  3.6628E-01
3.9840E-02  5.4539E+00  5.0876E+00  3.6628E-01
3.9855E-02  6.7270E+00  6.3607E+00  3.6628E-01
3.9870E-02  7.1183E+00  6.7520E+00  3.6628E-01
3.9885E-02  6.3287E+00  5.9624E+00  3.6628E-01
3.9900E-02  5.6156E+00  5.2493E+00  3.6628E-01
3.9915E-02  5.4814E+00  5.1151E+00  3.6628E-01
3.9930E-02  2.0563E+01  2.0196E+01  3.6628E-01
3.9945E-02  5.4657E+00  5.0995E+00  3.6628E-01
3.9960E-02  5.8062E+00  5.4400E+00  3.6628E-01
3.9975E-02  5.4680E+00  5.1018E+00  3.6628E-01
3.9990E-02  5.4746E+00  5.1083E+00  3.6628E-01
4.0005E-02  5.6325E+00  5.2662E+00  3.6628E-01
4.0020E-02  1.0364E+01  9.9975E+00  3.6628E-01
4.0035E-02  1.0216E+02  1.0180E+02  3.6628E-01
4.0050E-02  5.7681E+00  5.4018E+00  3.6628E-01
4.0065E-02  5.7467E+00  5.3804E+00  3.6628E-01
4.0080E-02  5.6289E+00  5.2626E+00  3.6628E-01
4.0095E-02  2.2190E+01  2.1824E+01  3.6628E-01
4.0110E-02  5.5249E+00  5.1586E+00  3.6628E-01
4.0125E-02  5.6201E+00  5.2538E+00  3.6628E-01
4.0140E-02  5.9499E+00  5.5837E+00  3.6628E-01
4.0155E-02  5.6047E+00  5.2384E+00  3.6628E-01
4.0170E-02  9.2396E+00  8.8733E+00  3.6628E-01
4.0185E-02  5.7635E+00  5.3973E+00  3.6628E-01
4.0200E-02  7.2360E+00  6.8697E+00  3.6628E-01
4.0215E-02  6.0687E+00  5.7024E+00  3.6628E-01
4.0230E-02  1.7172E+01  1.6806E+01  3.6628E-01
4.0245E-02  5.9353E+00  5.5690E+00  3.6628E-01
4.0260E-02  5.9211E+00  5.5548E+00  3.6628E-01
4.0275E-02  1.5177E+01  1.4811E+01  3.6628E-01
4.0290E-02  6.5536E+00  6.1873E+00  3.6628E-01
4.0305E-02  6.2817E+00  5.9155E+00  3.6628E-01
4.0320E-02  6.2666E+00  5.9003E+00  3.6628E-01
4.0335E-02  8.9397E+00  8.5734E+00  3.6628E-01
4.0350E-02  6.3335E+00  5.9672E+00  3.6628E-01
4.0365E-02  6.4275E+00  6.0612E+00  3.6628E-01
4.0380E-02  6.6334E+00  6.2671E+00  3.6628E-01
4.0395E-02  7.4396E+00  7.0734E+00  3.6628E-01
4.0410E-02  7.4637E+00  7.0974E+00  3.6628E-01
4.0425E-02  4.5682E+02  4.5645E+02  3.6628E-01
4.0440E-02  7.2616E+00  6.8953E+00  3.6628E-01
4.0455E-02  7.4861E+00  7.1198E+00  3.6628E-01
4.0470E-02  2.1714E+01  2.1348E+01  3.6628E-01
4.0485E-02  8.1216E+00  7.7553E+00  3.6628E-01
4.0500E-02  1.2696E+01  1.2330E+01  3.6628E-01
4.0515E-02  4.2194E+03  4.2191E+03  3.6628E-01
4.0530E-02  9.5630E+00  9.1968E+00  3.6628E-01
4.0545E-02  1.0140E+01  9.7735E+00  3.6628E-01
4.0560E-02  1.2995E+01  1.2629E+01  3.6628E-01
4.0575E-02  1.2021E+01  1.1655E+01  3.6628E-01
4.0590E-02  1.4687E+01  1.4321E+01  3.6628E-01
4.0605E-02  1.4382E+01  1.4016E+01  3.6628E-01
4.0620E-02  2.0071E+01  1.9705E+01  3.6628E-01
4.0635E-02  1.9700E+01  1.9334E+01  3.6628E-01
4.0650E-02  3.3887E+01  3.3521E+01  3.6628E-01
4.0665E-02  2.6837E+01  2.6471E+01  3.6628E-01
4.0680E-02  3.6065E+01  3.5698E+01  3.6628E-01
4.0695E-02  4.3960E+01  4.3593E+01  3.6628E-01
4.0710E-02  9.7283E+02  9.7246E+02  3.6628E-01
4.0725E-02  9.5608E+01  9.5242E+01  3.6628E-01
4.0740E-02  1.1651E+02  1.1614E+02  3.6628E-01
4.0755E-02  2.0806E+02  2.0770E+02  3.6628E-01
4.0770E-02  2.6518E+03  2.6515E+03  3.6628E-01
4.0785E-02  7.2187E+02  7.2150E+02  3.6628E-01
4.0800E-02  2.3763E+03  2.3759E+03  3.6628E-01
4.0815E-02  3.2456E+05  3.2456E+05  3.6628E-01
4.0830E-02  1.1359E+04  1.1359E+04  3.6628E-01
4.0845E-02  1.4608E+03  1.4605E+03  3.6628E-01
4.0860E-02  5.2948E+02  5.2911E+02  3.6628E-01
4.0875E-02  3.3872E+02  3.3835E+02  3.6628E-01
4.0890E-02  1.5851E+02  1.5815E+02  3.6628E-01
4.0905E-02  1.0178E+02  1.0141E+02  3.6628E-01
4.0920E-02  6.9581E+01  6.9214E+01  3.6628E-01
4.0935E-02  5.0204E+01  4.9838E+01  3.6628E-01
4.0950E-02  3.8053E+01  3.7687E+01  3.6628E-01
4.0965E-02  3.0518E+01  3.0152E+01  3.6628E-01
4.0980E-02  2.4652E+01  2.4286E+01  3.6628E-01
4.0995E-02  2.0609E+01  2.0243E+01  3.6628E-01
4.1010E-02  1.7971E+01  1.7605E+01  3.6628E-01
4.1025E-02  1.5363E+01  1.4997E+01  3.6628E-01
4.1040E-02  1.4109E+01  1.3743E+01  3.6628E-01
4.1055E-02  4.5544E+01  4.5178E+01  3.6628E-01
4.1070E-02  2.0493E+02  2.0457E+02  3.6628E-01
4.1085E-02  2.8090E+02  2.8054E+02  3.6628E-01
4.1100E-02  1.5717E+01  1.5351E+01  3.6628E-01
4.1115E-02  1.6586E+01  1.6219E+01  3.6628E-01
4.1130E-02  1.1291E+01  1.0925E+01  3.6628E-01
4.1145E-02  8.8099E+00  8.4436E+00  3.6628E-01
4.1160E-02  8.5271E+00  8.1608E+00  3.6628E-01
4.1175E-02  8.3318E+00  7.9655E+00  3.6628E-01
4.1190E-02  8.3648E+00  7.9986E+00  3.6628E-01
4.1205E-02  9.3453E+00  8.9790E+00  3.6628E-01
4.1220E-02  3.2006E+03  3.2003E+03  3.6627E-01
4.1235E-02  8.5638E+02  8.5602E+02  3.6627E-01
4.1250E-02  1.2837E+02  1.2801E+02  3.6627E-01
4.1265E-02  6.6027E+01  6.5661E+01  3.6627E-01
4.1280E-02  1.1184E+01  1.0818E+01  3.6627E-01
4.1295E-02  7.3783E+00  7.0120E+00  3.6627E-01
4.1310E-02  6.7525E+00  6.3862E+00  3.6627E-01
4.1325E-02  8.7435E+02  8.7399E+02  3.6627E-01
4.1340E-02  6.4065E+00  6.0402E+00  3.6627E-01
4.1355E-02  5.9795E+01  5.9429E+01  3.6627E-01
4.1370E-02  6.6111E+00  6.2448E+00  3.6627E-01
4.1385E-02  5.9872E+00  5.6209E+00  3.6627E-01
4.1400E-02  6.1670E+00  5.8008E+00  3.6627E-01
4.1415E-02  6.5542E+00  6.1879E+00  3.6627E-01
4.1430E-02  2.1948E+01  2.1581E+01  3.6627E-01
4.1445E-02  1.8519E+04  1.8519E+04  3.6627E-01
4.1460E-02  9.2271E+00  8.8608E+00  3.6627E-01
4.1475E-02  5.8157E+01  5.7791E+01  3.6627E-01
4.1490E-02  5.5017E+02  5.4980E+02  3.6627E-01
4.1505E-02  9.0114E+03  9.0110E+03  3.6627E-01
4.1520E-02  2.2625E+02  2.2588E+02  3.6627E-01
4.1535E-02  2.2642E+01  2.2276E+01  3.6627E-01
4.1550E-02  7.7956E+00  7.4293E+00  3.6627E-01
4.1565E-02  1.1323E+02  1.1287E+02  3.6627E-01
4.1580E-02  7.1388E+00  6.7726E+00  3.6627E-01
4.1595E-02  7.0641E+00  6.6978E+00  3.6627E-01
4.1610E-02  6.9522E+00  6.5859E+00  3.6627E-01
4.1625E-02  6.9472E+00  6.5809E+00  3.6627E-01
4.1640E-02  6.8705E+00  6.5043E+00  3.6627E-01
4.1655E-02  6.9156E+00  6.5493E+00  3.6627E-01
4.1670E-02  1.1316E+01  1.0950E+01  3.6627E-01
4.1685E-02  6.8058E+00  6.4395E+00  3.6627E-01
4.1700E-02  6.7810E+00  6.4147E+00  3.6627E-01
4.1715E-02  7.2900E+00  6.9237E+00  3.6627E-01
4.1730E-02  6.7580E+00  6.3917E+00  3.6627E-01
4.1745E-02  6.8497E+00  6.4834E+00  3.6627E-01
4.1760E-02  7.2319E+00  6.8656E+00  3.6627E-01
4.1775E-02  7.4230E+00  7.0567E+00  3.6627E-01
4.1790E-02  6.7586E+00  6.3923E+00  3.6627E-01
4.1805E-02  6.9112E+00  6.5449E+00  3.6627E-01
4.1820E-02  6.7546E+00  6.3884E+00  3.6627E-01
4.1835E-02  6.6772E+00  6.3109E+00  3.6627E-01
4.1850E-02  6.7386E+00  6.3723E+00  3.6627E-01
4.1865E-02  4.7860E+01  4.7493E+01  3.6627E-01
4.1880E-02  6.6592E+00  6.2930E+00  3.6627E-01
4.1895E-02  6.7788E+00  6.4126E+00  3.6627E-01
4.1910E-02  8.1249E+00  7.7586E+00  3.6627E-01
4.1925E-02  6.6327E+00  6.2664E+00  3.6627E-01
4.1940E-02  6.7314E+00  6.3651E+00  3.6627E-01
4.1955E-02  6.6227E+00  6.2564E+00  3.6627E-01
4.1970E-02  6.6222E+00  6.2559E+00  3.6627E-01
4.1985E-02  6.6073E+00  6.2410E+00  3.6627E-01
4.2000E-02  6.6042E+00  6.2380E+00  3.6627E-01
4.2015E-02  6.6045E+00  6.2382E+00  3.6627E-01
4.2030E-02  6.5877E+00  6.2215E+00  3.6627E-01
4.2045E-02  8.8149E+00  8.4486E+00  3.6627E-01
4.2060E-02  6.5727E+00  6.2064E+00  3.6627E-01
4.2075E-02  1.8647E+02  1.8610E+02  3.6627E-01
4.2090E-02  6.6321E+00  6.2658E+00  3.6627E-01
4.2105E-02  6.5518E+00  6.1856E+00  3.6627E-01
4.2120E-02  6.5563E+00  6.1900E+00  3.6627E-01
4.2135E-02  6.5412E+00  6.1750E+00  3.6627E-01
4.2150E-02  6.5368E+00  6.1705E+00  3.6627E-01
4.2165E-02  6.5426E+00  6.1763E+00  3.6627E-01
4.2180E-02  6.8679E+00  6.5016E+00  3.6627E-01
4.2195E-02  6.8268E+00  6.4605E+00  3.6627E-01
4.2210E-02  8.0132E+00  7.6469E+00  3.6627E-01
4.2225E-02  2.3578E+01  2.3211E+01  3.6627E-01
4.2240E-02  6.5318E+00  6.1655E+00  3.6627E-01
4.2255E-02  2.3564E+02  2.3527E+02  3.6627E-01
4.2270E-02  1.9322E+01  1.8955E+01  3.6627E-01
4.2285E-02  6.5567E+00  6.1904E+00  3.6627E-01
4.2300E-02  7.8215E+00  7.4552E+00  3.6627E-01
4.2315E-02  6.5055E+00  6.1392E+00  3.6627E-01
4.2330E-02  6.4826E+00  6.1163E+00  3.6627E-01
4.2345E-02  6.5494E+00  6.1832E+00  3.6627E-01
4.2360E-02  6.8712E+00  6.5049E+00  3.6627E-01
4.2375E-02  6.6029E+00  6.2367E+00  3.6627E-01
4.2390E-02  6.4620E+00  6.0957E+00  3.6627E-01
4.2405E-02  6.5286E+00  6.1623E+00  3.6627E-01
4.2420E-02  6.4599E+00  6.0937E+00  3.6627E-01
4.2435E-02  6.7419E+00  6.3756E+00  3.6627E-01
4.2450E-02  1.1727E+01  1.1361E+01  3.6627E-01
4.2465E-02  6.6510E+00  6.2847E+00  3.6627E-01
4.2480E-02  7.2344E+00  6.8681E+00  3.6627E-01
4.2495E-02  6.5336E+00  6.1673E+00  3.6627E-01
4.2510E-02  6.4350E+00  6.0687E+00  3.6627E-01
4.2525E-02  6.5918E+00  6.2256E+00  3.6627E-01
4.2540E-02  1.5982E+01  1.5615E+01  3.6627E-01
4.2555E-02  6.4695E+00  6.1033E+00  3.6627E-01
4.2570E-02  6.4723E+00  6.1060E+00  3.6627E-01
4.2585E-02  6.4214E+00  6.0551E+00  3.6627E-01
4.2600E-02  6.8660E+00  6.4997E+00  3.6627E-01
4.2615E-02  6.4340E+00  6.0678E+00  3.6627E-01
4.2630E-02  1.0502E+01  1.0135E+01  3.6627E-01
4.2645E-02  7.1158E+00  6.7495E+00  3.6627E-01
4.2660E-02  6.8995E+00  6.5332E+00  3.6627E-01
4.2675E-02  1.1233E+02  1.1196E+02  3.6627E-01
4.2690E-02  2.7368E+02  2.7332E+02  3.6627E-01
4.2705E-02  6.8531E+00  6.4869E+00  3.6627E-01
4.2720E-02  8.1398E+00  7.7736E+00  3.6627E-01
4.2735E-02  6.5333E+00  6.1671E+00  3.6627E-01
4.2750E-02  6.4827E+00  6.1164E+00  3.6627E-01
4.2765E-02  6.7924E+00  6.4261E+00  3.6627E-01
4.2780E-02  6.4199E+00  6.0536E+00  3.6627E-01
4.2795E-02  6.3691E+00  6.0028E+00  3.6627E-01
4.2810E-02  6.3763E+00  6.0100E+00  3.6627E-01
4.2825E-02  6.4094E+00  6.0432E+00  3.6627E-01
4.2840E-02  1.0171E+01  9.8048E+00  3.6627E-01
4.2855E-02  1.7552E+01  1.7186E+01  3.6627E-01
4.2870E-02  4.4287E+01  4.3921E+01  3.6627E-01
4.2885E-02  6.5228E+02  6.5191E+02  3.6627E-01
4.2900E-02  7.7957E+00  7.4295E+00  3.6626E-01
4.2915E-02  6.6094E+00  6.2432E+00  3.6626E-01
4.2930E-02  6.4318E+00  6.0655E+00  3.6626E-01
4.2945E-02  6.4445E+00  6.0783E+00  3.6626E-01
4.2960E-02  6.4925E+00  6.1263E+00  3.6626E-01
4.2975E-02  6.4399E+00  6.0736E+00  3.6626E-01
4.2990E-02  6.4472E+00  6.0809E+00  3.6626E-01
4.3005E-02  6.5240E+00  6.1578E+00  3.6626E-01
4.3020E-02  6.5956E+00  6.2294E+00  3.6626E-01
4.3035E-02  3.9773E+03  3.9769E+03  3.6626E-01
4.3050E-02  6.8843E+00  6.5180E+00  3.6626E-01
4.3065E-02  6.7057E+00  6.3394E+00  3.6626E-01
4.3080E-02  8.2657E+00  7.8995E+00  3.6626E-01
4.3095E-02  6.4582E+00  6.0919E+00  3.6626E-01
4.3110E-02  6.7316E+00  6.3654E+00  3.6626E-01
4.3125E-02  6.4802E+00  6.1140E+00  3.6626E-01
4.3140E-02  6.7739E+00  6.4076E+00  3.6626E-01
4.3155E-02  1.1833E+03  1.1830E+03  3.6626E-01
4.3170E-02  6.5332E+00  6.1669E+00  3.6626E-01
4.3185E-02  2.6208E+01  2.5842E+01  3.6626E-01
4.3200E-02  1.0410E+01  1.0044E+01  3.6626E-01
4.3215E-02  6.7759E+00  6.4097E+00  3.6626E-01
4.3230E-02  6.5949E+00  6.2287E+00  3.6626E-01
4.3245E-02  2.1040E+01  2.0674E+01  3.6626E-01
4.3260E-02  8.2008E+00  7.8345E+00  3.6626E-01
4.3275E-02  6.9238E+00  6.5575E+00  3.6626E-01
4.3290E-02  6.4385E+00  6.0723E+00  3.6626E-01
4.3305E-02  6.3604E+00  5.9941E+00  3.6626E-01
4.3320E-02  6.3500E+00  5.9837E+00  3.6626E-01
4.3335E-02  7.0963E+00  6.7300E+00  3.6626E-01
4.3350E-02  6.3399E+00  5.9736E+00  3.6626E-01
4.3365E-02  6.3371E+00  5.9709E+00  3.6626E-01
4.3380E-02  6.3299E+00  5.9637E+00  3.6626E-01
4.3395E-02  6.3318E+00  5.9656E+00  3.6626E-01
4.3410E-02  6.3439E+00  5.9776E+00  3.6626E-01
4.3425E-02  6.4133E+00  6.0471E+00  3.6626E-01
4.3440E-02  1.5184E+01  1.4818E+01  3.6626E-01
4.3455E-02  6.6991E+00  6.3328E+00  3.6626E-01
4.3470E-02  6.3821E+00  6.0158E+00  3.6626E-01
4.3485E-02  6.3887E+00  6.0224E+00  3.6626E-01
4.3500E-02  6.3329E+00  5.9666E+00  3.6626E-01
4.3515E-02  6.3970E+00  6.0308E+00  3.6626E-01
4.3530E-02  6.3290E+00  5.9627E+00  3.6626E-01
4.3545E-02  6.3296E+00  5.9633E+00  3.6626E-01
4.3560E-02  6.3682E+00  6.0019E+00  3.6626E-01
4.3575E-02  7.1607E+00  6.7945E+00  3.6626E-01
4.3590E-02  6.4160E+00  6.0497E+00  3.6626E-01
4.3605E-02  6.3813E+00  6.0150E+00  3.6626E-01
4.3620E-02  6.4387E+00  6.0725E+00  3.6626E-01
4.3635E-02  6.6801E+00  6.3139E+00  3.6626E-01
4.3650E-02  1.7863E+02  1.7827E+02  3.6626E-01
4.3665E-02  1.1653E+03  1.1649E+03  3.6626E-01
4.3680E-02  2.2411E+03  2.2407E+03  3.6626E-01
4.3695E-02  9.7262E+00  9.3600E+00  3.6626E-01
4.3710E-02  7.0431E+00  6.6768E+00  3.6626E-01
4.3725E-02  6.4324E+00  6.0661E+00  3.6626E-01
4.3740E-02  6.3769E+00  6.0107E+00  3.6626E-01
4.3755E-02  6.3815E+00  6.0152E+00  3.6626E-01
4.3770E-02  2.7290E+01  2.6924E+01  3.6626E-01
4.3785E-02  6.3820E+00  6.0157E+00  3.6626E-01
4.3800E-02  6.4328E+00  6.0665E+00  3.6626E-01
4.3815E-02  8.3789E+00  8.0127E+00  3.6626E-01
4.3830E-02  6.5828E+00  6.2165E+00  3.6626E-01
4.3845E-02  6.7880E+00  6.4217E+00  3.6626E-01
4.3860E-02  9.2760E+00  8.9097E+00  3.6626E-01
4.3875E-02  1.6736E+01  1.6370E+01  3.6626E-01
4.3890E-02  7.4422E+00  7.0759E+00  3.6626E-01
4.3905E-02  7.9781E+00  7.6119E+00  3.6626E-01
4.3920E-02  1.2746E+01  1.2380E+01  3.6626E-01
4.3935E-02  8.8298E+03  8.8295E+03  3.6626E-01
4.3950E-02  8.7832E+04  8.7832E+04  3.6626E-01
4.3965E-02  1.3456E+01  1.3089E+01  3.6626E-01
4.3980E-02  7.9816E+00  7.6154E+00  3.6626E-01
4.3995E-02  8.0645E+00  7.6982E+00  3.6626E-01
4.4010E-02  2.9955E+01  2.9589E+01  3.6626E-01
4.4025E-02  1.5668E+01  1.5302E+01  3.6626E-01
4.4040E-02  2.7586E+01  2.7220E+01  3.6626E-01
4.4055E-02  7.7680E+00  7.4017E+00  3.6626E-01
4.4070E-02  9.0770E+00  8.7107E+00  3.6626E-01
4.4085E-02  6.6059E+00  6.2397E+00  3.6626E-01
4.4100E-02  6.6093E+00  6.2430E+00  3.6626E-01
4.4115E-02  6.2896E+00  5.9233E+00  3.6626E-01
4.4130E-02  6.3108E+00  5.9445E+00  3.6626E-01
4.4145E-02  6.3287E+00  5.9624E+00  3.6626E-01
4.4160E-02  6.8992E+00  6.5330E+00  3.6626E-01
4.4175E-02  6.9950E+00  6.6288E+00  3.6626E-01
4.4190E-02  1.1034E+01  1.0668E+01  3.6626E-01
4.4205E-02  6.2883E+00  5.9221E+00  3.6626E-01
4.4220E-02  6.6492E+00  6.2829E+00  3.6626E-01
4.4235E-02  1.2023E+01  1.1656E+01  3.6626E-01
4.4250E-02  6.2868E+00  5.9206E+00  3.6626E-01
4.4265E-02  6.1778E+00  5.8115E+00  3.6626E-01
4.4280E-02  6.1670E+00  5.8007E+00  3.6626E-01
4.4295E-02  6.4552E+00  6.0889E+00  3.6626E-01
4.4310E-02  6.3067E+00  5.9405E+00  3.6626E-01
4.4325E-02  6.2048E+00  5.8385E+00  3.6626E-01
4.4340E-02  6.4110E+00  6.0447E+00  3.6626E-01
4.4355E-02  6.1793E+00  5.8130E+00  3.6626E-01
4.4370E-02  6.1641E+00  5.7979E+00  3.6626E-01
4.4385E-02  6.1513E+00  5.7850E+00  3.6626E-01
4.4400E-02  6.1870E+00  5.8207E+00  3.6626E-01
4.4415E-02  6.8612E+00  6.4949E+00  3.6626E-01
4.4430E-02  8.9594E+00  8.5931E+00  3.6626E-01
4.4445E-02  8.7060E+00  8.3397E+00  3.6625E-01
4.4460E-02  1.4484E+01  1.4117E+01  3.6625E-01
4.4475E-02  6.4237E+00  6.0575E+00  3.6625E-01
4.4490E-02  6.2115E+00  5.8453E+00  3.6625E-01
4.4505E-02  6.7547E+00  6.3884E+00  3.6625E-01
4.4520E-02  6.2249E+00  5.8587E+00  3.6625E-01
4.4535E-02  9.9701E+00  9.6039E+00  3.6625E-01
4.4550E-02  6.2101E+00  5.8439E+00  3.6625E-01
4.4565E-02  6.1312E+00  5.7649E+00  3.6625E-01
4.4580E-02  6.2445E+00  5.8783E+00  3.6625E-01
4.4595E-02  6.3190E+00  5.9527E+00  3.6625E-01
4.4610E-02  7.4937E+00  7.1274E+00  3.6625E-01
4.4625E-02  6.2782E+00  5.9119E+00  3.6625E-01
4.4640E-02  1.2014E+02  1.1977E+02  3.6625E-01
4.4655E-02  2.0405E+03  2.0401E+03  3.6625E-01
4.4670E-02  9.1478E+00  8.7815E+00  3.6625E-01
4.4685E-02  1.2268E+01  1.1902E+01  3.6625E-01
4.4700E-02  2.5915E+02  2.5879E+02  3.6625E-01
4.4715E-02  1.3071E+01  1.2705E+01  3.6625E-01
4.4730E-02  1.4152E+01  1.3786E+01  3.6625E-01
4.4745E-02  1.6094E+01  1.5727E+01  3.6625E-01
4.4760E-02  1.7134E+01  1.6768E+01  3.6625E-01
4.4775E-02  1.9497E+01  1.9131E+01  3.6625E-01
4.4790E-02  2.0545E+01  2.0179E+01  3.6625E-01
4.4805E-02  2.2065E+01  2.1699E+01  3.6625E-01
4.4820E-02  2.4821E+01  2.4454E+01  3.6625E-01
4.4835E-02  2.4654E+01  2.4288E+01  3.6625E-01
4.4850E-02  2.5903E+01  2.5536E+01  3.6625E-01
4.4865E-02  2.7660E+01  2.7294E+01  3.6625E-01
4.4880E-02  1.6281E+02  1.6244E+02  3.6625E-01
4.4895E-02  3.1009E+02  3.0973E+02  3.6625E-01
4.4910E-02  3.0670E+01  3.0304E+01  3.6625E-01
4.4925E-02  3.1671E+01  3.1304E+01  3.6625E-01
4.4940E-02  4.3285E+01  4.2919E+01  3.6625E-01
4.4955E-02  3.4125E+01  3.3759E+01  3.6625E-01
4.4970E-02  7.8990E+01  7.8624E+01  3.6625E-01
4.4985E-02  3.8296E+01  3.7929E+01  3.6625E-01
4.5000E-02  3.2712E+01  3.2346E+01  3.6625E-01
4.5015E-02  3.2742E+01  3.2376E+01  3.6625E-01
4.5030E-02  3.7557E+01  3.7191E+01  3.6625E-01
4.5045E-02  3.6159E+01  3.5793E+01  3.6625E-01
4.5060E-02  3.4728E+01  3.4362E+01  3.6625E-01
4.5075E-02  3.2743E+01  3.2376E+01  3.6625E-01
4.5090E-02  3.2684E+01  3.2318E+01  3.6625E-01
4.5105E-02  3.2600E+01  3.2234E+01  3.6625E-01
4.5120E-02  3.2610E+01  3.2244E+01  3.6625E-01
4.5135E-02  3.2819E+01  3.2452E+01  3.6625E-01
4.5150E-02  3.3139E+01  3.2773E+01  3.6625E-01
4.5165E-02  4.0584E+01  4.0218E+01  3.6625E-01
4.5180E-02  3.4235E+03  3.4231E+03  3.6625E-01
4.5195E-02  4.5387E+01  4.5021E+01  3.6625E-01
4.5210E-02  3.8655E+01  3.8289E+01  3.6625E-01
4.5225E-02  7.7075E+01  7.6709E+01  3.6625E-01
4.5240E-02  3.2928E+03  3.2924E+03  3.6625E-01
4.5255E-02  3.8106E+01  3.7740E+01  3.6625E-01
4.5270E-02  4.7051E+01  4.6684E+01  3.6625E-01
4.5285E-02  3.2524E+01  3.2158E+01  3.6625E-01
4.5300E-02  3.2407E+01  3.2040E+01  3.6625E-01
4.5315E-02  3.3115E+01  3.2749E+01  3.6625E-01
4.5330E-02  5.1515E+01  5.1148E+01  3.6625E-01
4.5345E-02  4.5817E+01  4.5451E+01  3.6625E-01
4.5360E-02  3.5807E+01  3.5441E+01  3.6625E-01
4.5375E-02  3.2658E+01  3.2291E+01  3.6625E-01
4.5390E-02  3.2208E+01  3.1841E+01  3.6625E-01
4.5405E-02  3.3808E+01  3.3441E+01  3.6625E-01
4.5420E-02  3.3853E+01  3.3487E+01  3.6625E-01
4.5435E-02  3.2257E+01  3.1891E+01  3.6625E-01
4.5450E-02  3.2161E+01  3.1794E+01  3.6625E-01
4.5465E-02  3.2352E+01  3.1986E+01  3.6625E-01
4.5480E-02  3.2707E+02  3.2670E+02  3.6625E-01
4.5495E-02  3.2869E+01  3.2503E+01  3.6625E-01
4.5510E-02  8.6850E+02  8.6813E+02  3.6625E-01
4.5525E-02  3.2482E+01  3.2115E+01  3.6625E-01
4.5540E-02  3.3222E+01  3.2856E+01  3.6625E-01
4.5555E-02  3.3330E+01  3.2963E+01  3.6625E-01
4.5570E-02  3.4290E+01  3.3924E+01  3.6625E-01
4.5585E-02  2.7428E+04  2.7428E+04  3.6625E-01
4.5600E-02  4.0319E+01  3.9953E+01  3.6625E-01
4.5615E-02  3.6220E+01  3.5854E+01  3.6625E-01
4.5630E-02  1.5286E+02  1.5249E+02  3.6625E-01
4.5645E-02  1.3214E+02  1.3177E+02  3.6625E-01
4.5660E-02  3.3248E+01  3.2882E+01  3.6625E-01
4.5675E-02  3.2444E+01  3.2078E+01  3.6625E-01
4.5690E-02  3.2309E+01  3.1943E+01  3.6625E-01
4.5705E-02  3.2092E+01  3.1726E+01  3.6625E-01
4.5720E-02  3.2064E+01  3.1698E+01  3.6625E-01
4.5735E-02  3.1967E+01  3.1601E+01  3.6625E-01
4.5750E-02  3.1941E+01  3.1575E+01  3.6625E-01
4.5765E-02  4.4781E+01  4.4415E+01  3.6625E-01
4.5780E-02  3.1854E+01  3.1488E+01  3.6625E-01
4.5795E-02  3.1987E+01  3.1620E+01  3.6625E-01
4.5810E-02  3.1845E+01  3.1479E+01  3.6625E-01
4.5825E-02  4.2699E+01  4.2332E+01  3.6625E-01
4.5840E-02  3.3320E+01  3.2954E+01  3.6625E-01
4.5855E-02  4.9607E+01  4.9240E+01  3.6625E-01
4.5870E-02  3.1768E+01  3.1401E+01  3.6625E-01
4.5885E-02  3.2332E+01  3.1966E+01  3.6625E-01
4.5900E-02  3.2094E+01  3.1728E+01  3.6625E-01
4.5915E-02  3.4084E+01  3.3718E+01  3.6625E-01
4.5930E-02  3.1633E+01  3.1267E+01  3.6625E-01
4.5945E-02  3.1622E+01  3.1256E+01  3.6625E-01
4.5960E-02  3.7855E+01  3.7489E+01  3.6625E-01
4.5975E-02  3.1883E+01  3.1517E+01  3.6625E-01
4.5990E-02  3.1546E+01  3.1180E+01  3.6625E-01
4.6005E-02  3.1667E+01  3.1301E+01  3.6625E-01
4.6020E-02  3.1920E+01  3.1554E+01  3.6625E-01
4.6035E-02  3.1772E+01  3.1405E+01  3.6625E-01
4.6050E-02  3.3773E+01  3.3407E+01  3.6625E-01
4.6065E-02  3.1820E+01  3.1454E+01  3.6625E-01
4.6080E-02  3.2337E+01  3.1971E+01  3.6625E-01
4.6095E-02  4.7695E+04  4.7695E+04  3.6625E-01
4.6110E-02  3.3078E+01  3.2712E+01  3.6625E-01
4.6125E-02  3.1795E+01  3.1429E+01  3.6625E-01
4.6140E-02  4.4979E+01  4.4613E+01  3.6624E-01
4.6155E-02  4.0448E+01  4.0082E+01  3.6624E-01
4.6170E-02  3.3455E+01  3.3089E+01  3.6624E-01
4.6185E-02  4.9284E+01  4.8918E+01  3.6624E-01
4.6200E-02  6.0234E+01  5.9867E+01  3.6624E-01
4.6215E-02  1.8623E+02  1.8587E+02  3.6624E-01
4.6230E-02  3.6320E+01  3.5954E+01  3.6624E-01
4.6245E-02  7.0723E+01  7.0357E+01  3.6624E-01
4.6260E-02  1.0496E+04  1.0496E+04  3.6624E-01
4.6275E-02  3.1374E+01  3.1008E+01  3.6624E-01
4.6290E-02  3.1350E+01  3.0984E+01  3.6624E-01
4.6305E-02  3.2786E+01  3.2420E+01  3.6624E-01
4.6320E-02  3.1289E+01  3.0922E+01  3.6624E-01
4.6335E-02  2.6403E+03  2.6400E+03  3.6624E-01
4.6350E-02  3.1304E+01  3.0937E+01  3.6624E-01
4.6365E-02  3.1215E+01  3.0849E+01  3.6624E-01
4.6380E-02  3.2697E+01  3.2331E+01  3.6624E-01
4.6395E-02  3.1199E+01  3.0833E+01  3.6624E-01
4.6410E-02  1.0802E+04  1.0802E+04  3.6624E-01
4.6425E-02  3.1173E+01  3.0807E+01  3.6624E-01
4.6440E-02  3.1074E+01  3.0707E+01  3.6624E-01
4.6455E-02  3.2208E+01  3.1842E+01  3.6624E-01
4.6470E-02  3.6364E+01  3.5997E+01  3.6624E-01
4.6485E-02  3.1309E+01  3.0943E+01  3.6624E-01
4.6500E-02  3.2210E+01  3.1844E+01  3.6624E-01
4.6515E-02  3.5289E+01  3.4922E+01  3.6624E-01
4.6530E-02  7.1368E+01  7.1002E+01  3.6624E-01
4.6545E-02  1.1926E+02  1.1889E+02  3.6624E-01
4.6560E-02  4.1063E+01  4.0697E+01  3.6624E-01
4.6575E-02  9.3745E+03  9.3741E+03  3.6624E-01
4.6590E-02  3.1675E+01  3.1309E+01  3.6624E-01
4.6605E-02  3.1947E+01  3.1580E+01  3.6624E-01
4.6620E-02  3.2068E+01  3.1701E+01  3.6624E-01
4.6635E-02  3.6199E+03  3.6196E+03  3.6624E-01
4.6650E-02  3.2584E+01  3.2218E+01  3.6624E-01
4.6665E-02  3.1116E+01  3.0749E+01  3.6624E-01
4.6680E-02  3.0894E+01  3.0527E+01  3.6624E-01
4.6695E-02  3.2083E+01  3.1717E+01  3.6624E-01
4.6710E-02  3.1230E+01  3.0864E+01  3.6624E-01
4.6725E-02  3.1501E+01  3.1135E+01  3.6624E-01
4.6740E-02  3.2217E+01  3.1851E+01  3.6624E-01
4.6755E-02  3.4181E+01  3.3815E+01  3.6625E-01
4.6770E-02  3.8328E+01  3.7962E+01  3.6625E-01
4.6785E-02  1.1973E+02  1.1936E+02  3.6625E-01
4.6800E-02  9.8991E+01  9.8624E+01  3.6625E-01
4.6815E-02  3.9674E+01  3.9308E+01  3.6625E-01
4.6830E-02  3.3996E+01  3.3630E+01  3.6625E-01
4.6845E-02  3.4830E+01  3.4464E+01  3.6625E-01
4.6860E-02  3.7258E+01  3.6892E+01  3.6625E-01
4.6875E-02  4.0020E+01  3.9654E+01  3.6625E-01
4.6890E-02  7.3298E+01  7.2932E+01  3.6625E-01
4.6905E-02  4.7161E+01  4.6795E+01  3.6625E-01
4.6920E-02  5.1240E+01  5.0874E+01  3.6625E-01
4.6935E-02  2.9556E+02  2.9520E+02  3.6625E-01
4.6950E-02  5.6177E+01  5.5811E+01  3.6625E-01
4.6965E-02  5.9430E+01  5.9064E+01  3.6625E-01
4.6980E-02  6.2751E+01  6.2385E+01  3.6625E-01
4.6995E-02  6.6049E+01  6.5682E+01  3.6625E-01
4.7010E-02  7.0341E+01  6.9974E+01  3.6625E-01
4.7025E-02  7.4019E+01  7.3653E+01  3.6625E-01
4.7040E-02  3.8514E+02  3.8477E+02  3.6625E-01
4.7055E-02  1.0181E+02  1.0144E+02  3.6625E-01
4.7070E-02  1.5845E+02  1.5808E+02  3.6625E-01
4.7085E-02  8.8456E+01  8.8090E+01  3.6625E-01
4.7100E-02  9.3130E+01  9.2764E+01  3.6625E-01
4.7115E-02  9.1966E+01  9.1600E+01  3.6625E-01
4.7130E-02  3.6231E+02  3.6195E+02  3.6625E-01
4.7145E-02  3.0452E+02  3.0415E+02  3.6625E-01
4.7160E-02  9.9743E+01  9.9377E+01  3.6625E-01
4.7175E-02  9.5065E+01  9.4699E+01  3.6625E-01
4.7190E-02  1.8934E+02  1.8898E+02  3.6625E-01
4.7205E-02  1.1432E+03  1.1428E+03  3.6625E-01
4.7220E-02  1.2559E+02  1.2522E+02  3.6625E-01
4.7235E-02  9.8829E+01  9.8463E+01  3.6625E-01
4.7250E-02  1.0367E+02  1.0331E+02  3.6625E-01
4.7265E-02  1.2497E+02  1.2460E+02  3.6625E-01
4.7280E-02  6.9962E+02  6.9925E+02  3.6625E-01
4.7295E-02  9.0269E+01  8.9903E+01  3.6625E-01
4.7310E-02  9.0206E+01  8.9840E+01  3.6625E-01
4.7325E-02  9.0590E+01  9.0223E+01  3.6625E-01
4.7340E-02  9.0360E+01  8.9994E+01  3.6625E-01
4.7355E-02  2.4138E+03  2.4135E+03  3.6625E-01
4.7370E-02  9.0120E+01  8.9754E+01  3.6625E-01
4.7385E-02  9.3845E+01  9.3479E+01  3.6625E-01
4.7400E-02  9.6380E+01  9.6014E+01  3.6625E-01
4.7415E-02  1.1586E+02  1.1549E+02  3.6625E-01
4.7430E-02  9.0137E+01  8.9771E+01  3.6625E-01
4.7445E-02  8.9762E+01  8.9396E+01  3.6624E-01
4.7460E-02  8.9838E+01  8.9472E+01  3.6624E-01
4.7475E-02  9.7105E+01  9.6738E+01  3.6624E-01
4.7490E-02  1.0211E+02  1.0174E+02  3.6624E-01
4.7505E-02  4.1719E+02  4.1683E+02  3.6624E-01
4.7520E-02  2.1871E+02  2.1835E+02  3.6624E-01
4.7535E-02  9.4673E+01  9.4307E+01  3.6624E-01
4.7550E-02  1.6969E+02  1.6933E+02  3.6624E-01
4.7565E-02  1.3132E+02  1.3095E+02  3.6624E-01
4.7580E-02  9.1915E+01  9.1549E+01  3.6624E-01
4.7595E-02  8.9795E+01  8.9428E+01  3.6624E-01
4.7610E-02  8.9298E+01  8.8931E+01  3.6624E-01
4.7625E-02  8.9082E+01  8.8716E+01  3.6624E-01
4.7640E-02  8.8974E+01  8.8608E+01  3.6624E-01
4.7655E-02  9.0140E+01  8.9774E+01  3.6624E-01
4.7670E-02  8.8935E+01  8.8568E+01  3.6624E-01
4.7685E-02  8.8942E+01  8.8576E+01  3.6624E-01
4.7700E-02  8.8934E+01  8.8568E+01  3.6624E-01
4.7715E-02  8.9104E+01  8.8738E+01  3.6624E-01
4.7730E-02  9.4631E+01  9.4265E+01  3.6624E-01
4.7745E-02  9.0797E+01  9.0430E+01  3.6624E-01
4.7760E-02  1.1719E+02  1.1683E+02  3.6624E-01
4.7775E-02  1.2264E+02  1.2227E+02  3.6624E-01
4.7790E-02  3.8521E+02  3.8484E+02  3.6624E-01
4.7805E-02  9.8549E+01  9.8183E+01  3.6624E-01
4.7820E-02  9.1154E+01  9.0787E+01  3.6624E-01
4.7835E-02  1.6186E+02  1.6149E+02  3.6624E-01
4.7850E-02  1.1268E+02  1.1231E+02  3.6624E-01
4.7865E-02  1.9110E+03  1.9106E+03  3.6624E-01
4.7880E-02  1.0006E+02  9.9689E+01  3.6624E-01
4.7895E-02  5.3282E+03  5.3278E+03  3.6624E-01
4.7910E-02  1.1248E+02  1.1211E+02  3.6624E-01
4.7925E-02  8.8353E+01  8.7987E+01  3.6624E-01
4.7940E-02  8.8215E+01  8.7849E+01  3.6624E-01
4.7955E-02  8.8188E+01  8.7822E+01  3.6624E-01
4.7970E-02  8.8314E+01  8.7948E+01  3.6624E-01
4.7985E-02  9.5165E+01  9.4799E+01  3.6624E-01
4.8000E-02  1.4632E+03  1.4628E+03  3.6624E-01
4.8015E-02  9.0544E+01  9.0177E+01  3.6624E-01
4.8030E-02  8.9116E+01  8.8750E+01  3.6624E-01
4.8045E-02  9.0289E+01  8.9923E+01  3.6624E-01
4.8060E-02  8.8490E+01  8.8124E+01  3.6624E-01
4.8075E-02  8.9123E+01  8.8756E+01  3.6624E-01
4.8090E-02  9.9036E+01  9.8670E+01  3.6624E-01
4.8105E-02  8.9882E+01  8.9516E+01  3.6624E-01
4.8120E-02  8.9014E+01  8.8648E+01  3.6624E-01
4.8135E-02  8.9726E+01  8.9359E+01  3.6624E-01
4.8150E-02  1.1482E+02  1.1445E+02  3.6624E-01
4.8165E-02  9.0637E+01  9.0271E+01  3.6624E-01
4.8180E-02  9.1447E+01  9.1081E+01  3.6624E-01
4.8195E-02  9.2704E+01  9.2338E+01  3.6624E-01
4.8210E-02  9.4675E+01  9.4309E+01  3.6624E-01
4.8225E-02  9.7732E+01  9.7366E+01  3.6624E-01
4.8240E-02  1.0424E+02  1.0388E+02  3.6624E-01
4.8255E-02  1.0191E+02  1.0154E+02  3.6624E-01
4.8270E-02  1.0693E+02  1.0657E+02  3.6624E-01
4.8285E-02  1.2540E+02  1.2504E+02  3.6624E-01
4.8300E-02  1.3326E+02  1.3290E+02  3.6624E-01
4.8315E-02  1.6998E+02  1.6962E+02  3.6624E-01
4.8330E-02  2.3850E+02  2.3813E+02  3.6624E-01
4.8345E-02  4.7667E+02  4.7630E+02  3.6624E-01
4.8360E-02  1.6221E+03  1.6217E+03  3.6624E-01
4.8375E-02  8.6899E+05  8.6899E+05  3.6624E-01
4.8390E-02  7.3388E+03  7.3384E+03  3.6624E-01
4.8405E-02  8.9976E+02  8.9939E+02  3.6624E-01
4.8420E-02  3.3969E+02  3.3933E+02  3.6624E-01
4.8435E-02  2.1884E+02  2.1847E+02  3.6624E-01
4.8450E-02  1.6110E+02  1.6074E+02  3.6624E-01
4.8465E-02  1.2964E+02  1.2928E+02  3.6624E-01
4.8480E-02  1.1389E+02  1.1352E+02  3.6624E-01
4.8495E-02  1.0482E+02  1.0445E+02  3.6624E-01
4.8510E-02  1.3974E+02  1.3937E+02  3.6624E-01
4.8525E-02  9.6196E+01  9.5830E+01  3.6624E-01
4.8540E-02  9.4456E+01  9.4090E+01  3.6624E-01
4.8555E-02  9.2034E+01  9.1668E+01  3.6624E-01
4.8570E-02  9.0781E+01  9.0414E+01  3.6624E-01
4.8585E-02  8.9577E+01  8.9211E+01  3.6624E-01
4.8600E-02  1.3462E+02  1.3425E+02  3.6624E-01
4.8615E-02  8.8505E+01  8.8139E+01  3.6624E-01
4.8630E-02  8.7939E+01  8.7572E+01  3.6624E-01
4.8645E-02  8.7661E+01  8.7295E+01  3.6624E-01
4.8660E-02  8.6790E+01  8.6423E+01  3.6624E-01
4.8675E-02  8.9829E+01  8.9463E+01  3.6624E-01
4.8690E-02  8.6320E+01  8.5954E+01  3.6624E-01
4.8705E-02  8.5979E+01  8.5613E+01  3.6624E-01
4.8720E-02  8.5637E+01  8.5271E+01  3.6624E-01
4.8735E-02  8.5462E+01  8.5096E+01  3.6625E-01
4.8750E-02  9.0330E+01  8.9964E+01  3.6625E-01
4.8765E-02  8.5123E+01  8.4757E+01  3.6625E-01
4.8780E-02  8.5019E+01  8.4653E+01  3.6625E-01
4.8795E-02  8.4869E+01  8.4503E+01  3.6625E-01
4.8810E-02  9.3453E+01  9.3086E+01  3.6625E-01
4.8825E-02  8.4594E+01  8.4228E+01  3.6625E-01
4.8840E-02  8.8328E+01  8.7962E+01  3.6625E-01
4.8855E-02  8.4361E+01  8.3995E+01  3.6625E-01
4.8870E-02  8.4275E+01  8.3909E+01  3.6625E-01
4.8885E-02  8.4147E+01  8.3781E+01  3.6625E-01
4.8900E-02  8.4087E+01  8.3721E+01  3.6625E-01
4.8915E-02  8.4190E+01  8.3823E+01  3.6625E-01
4.8930E-02  8.9191E+01  8.8825E+01  3.6625E-01
4.8945E-02  8.3880E+01  8.3513E+01  3.6625E-01
4.8960E-02  1.0173E+02  1.0136E+02  3.6625E-01
4.8975E-02  8.5289E+01  8.4923E+01  3.6625E-01
4.8990E-02  8.3632E+01  8.3266E+01  3.6625E-01
4.9005E-02  8.3825E+01  8.3458E+01  3.6625E-01
4.9020E-02  8.3439E+01  8.3072E+01  3.6625E-01
4.9035E-02  8.3386E+01  8.3019E+01  3.6625E-01
4.9050E-02  8.3344E+01  8.2977E+01  3.6625E-01
4.9065E-02  8.3534E+01  8.3168E+01  3.6625E-01
4.9080E-02  1.1837E+02  1.1800E+02  3.6625E-01
4.9095E-02  8.3451E+01  8.3085E+01  3.6625E-01
4.9110E-02  8.8189E+01  8.7822E+01  3.6625E-01
4.9125E-02  8.3969E+01  8.3603E+01  3.6625E-01
4.9140E-02  8.3354E+01  8.2988E+01  3.6625E-01
4.9155E-02  8.3203E+01  8.2837E+01  3.6625E-01
4.9170E-02  8.7702E+01  8.7335E+01  3.6625E-01
4.9185E-02  8.6629E+01  8.6263E+01  3.6625E-01
4.9200E-02  8.5761E+01  8.5394E+01  3.6625E-01
4.9215E-02  8.3186E+01  8.2820E+01  3.6625E-01
4.9230E-02  8.7695E+01  8.7329E+01  3.6625E-01
4.9245E-02  8.3275E+01  8.2909E+01  3.6625E-01
4.9260E-02  8.2823E+01  8.2457E+01  3.6625E-01
4.9275E-02  1.4155E+02  1.4118E+02  3.6625E-01
4.9290E-02  8.2498E+01  8.2131E+01  3.6625E-01
4.9305E-02  8.2348E+01  8.1982E+01  3.6625E-01
4.9320E-02  8.2187E+01  8.1821E+01  3.6625E-01
4.9335E-02  1.1598E+02  1.1561E+02  3.6625E-01
4.9350E-02  8.2054E+01  8.1687E+01  3.6625E-01
4.9365E-02  8.2198E+01  8.1832E+01  3.6625E-01
4.9380E-02  8.2348E+01  8.1982E+01  3.6625E-01
4.9395E-02  8.2005E+01  8.1638E+01  3.6625E-01
4.9410E-02  8.1956E+01  8.1590E+01  3.6625E-01
4.9425E-02  8.2006E+01  8.1639E+01  3.6625E-01
4.9440E-02  8.2453E+01  8.2087E+01  3.6625E-01
4.9455E-02  8.2403E+01  8.2036E+01  3.6625E-01
4.9470E-02  1.0299E+02  1.0263E+02  3.6625E-01
4.9485E-02  8.3747E+01  8.3381E+01  3.6625E-01
4.9500E-02  8.3438E+01  8.3071E+01  3.6625E-01
4.9515E-02  1.1233E+03  1.1230E+03  3.6625E-01
4.9530E-02  8.1444E+01  8.1077E+01  3.6625E-01
4.9545E-02  8.2020E+01  8.1653E+01  3.6625E-01
4.9560E-02  8.1671E+01  8.1305E+01  3.6625E-01
4.9575E-02  9.0118E+01  8.9752E+01  3.6625E-01
4.9590E-02  8.1722E+01  8.1356E+01  3.6625E-01
4.9605E-02  8.1153E+01  8.0786E+01  3.6625E-01
4.9620E-02  1.3138E+02  1.3101E+02  3.6625E-01
4.9635E-02  8.1073E+01  8.0707E+01  3.6625E-01
4.9650E-02  1.5957E+02  1.5920E+02  3.6625E-01
4.9665E-02  9.9797E+01  9.9431E+01  3.6625E-01
4.9680E-02  2.2710E+02  2.2673E+02  3.6625E-01
4.9695E-02  8.1151E+01  8.0785E+01  3.6625E-01
4.9710E-02  8.1390E+01  8.1024E+01  3.6625E-01
4.9725E-02  8.0906E+01  8.0539E+01  3.6625E-01
4.9740E-02  8.0901E+01  8.0534E+01  3.6625E-01
4.9755E-02  8.0623E+01  8.0257E+01  3.6625E-01
4.9770E-02  8.0559E+01  8.0193E+01  3.6625E-01
4.9785E-02  8.0606E+01  8.0240E+01  3.6625E-01
4.9800E-02  8.0658E+01  8.0291E+01  3.6625E-01
4.9815E-02  8.0950E+01  8.0584E+01  3.6625E-01
4.9830E-02  1.0651E+02  1.0614E+02  3.6625E-01
4.9845E-02  8.0541E+01  8.0175E+01  3.6624E-01
4.9860E-02  8.0663E+01  8.0297E+01  3.6624E-01
4.9875E-02  8.1935E+01  8.1569E+01  3.6624E-01
4.9890E-02  8.0373E+01  8.0007E+01  3.6624E-01
4.9905E-02  8.0396E+01  8.0029E+01  3.6624E-01
4.9920E-02  8.0529E+01  8.0163E+01  3.6624E-01
4.9935E-02  8.0415E+01  8.0049E+01  3.6624E-01
4.9950E-02  8.2002E+01  8.1636E+01  3.6624E-01
4.9965E-02  1.0834E+02  1.0798E+02  3.6624E-01
4.9980E-02  8.0984E+01  8.0618E+01  3.6624E-01
4.9995E-02  8.2770E+01  8.2404E+01  3.6624E-01
5.0010E-02  8.6574E+01  8.6208E+01  3.6624E-01
5.0025E-02  7.9948E+01  7.9582E+01  3.6624E-01
5.0040E-02  7.9767E+01  7.9401E+01  3.6624E-01
5.0055E-02  8.0433E+01  8.0067E+01  3.6624E-01
5.0070E-02  8.5096E+01  8.4730E+01  3.6624E-01
5.0085E-02  1.0860E+03  1.0857E+03  3.6624E-01
5.0100E-02  8.0010E+01  7.9644E+01  3.6624E-01
5.0115E-02  8.0802E+01  8.0436E+01  3.6624E-01
5.0130E-02  8.6145E+01  8.5778E+01  3.6624E-01
5.0145E-02  8.1591E+01  8.1225E+01  3.6624E-01
5.0160E-02  2.2915E+03  2.2911E+03  3.6624E-01
5.0175E-02  3.0231E+02  3.0195E+02  3.6624E-01
5.0190E-02  8.7374E+01  8.7008E+01  3.6624E-01
5.0205E-02  7.9178E+01  7.8812E+01  3.6624E-01
5.0220E-02  7.9278E+01  7.8912E+01  3.6624E-01
5.0235E-02  7.9170E+01  7.8804E+01  3.6624E-01
5.0250E-02  7.9530E+01  7.9164E+01  3.6624E-01
5.0265E-02  8.1884E+01  8.1518E+01  3.6624E-01
5.0280E-02  2.8664E+02  2.8628E+02  3.6624E-01
5.0295E-02  7.9250E+01  7.8884E+01  3.6624E-01
5.0310E-02  7.8933E+01  7.8567E+01  3.6624E-01
5.0325E-02  7.8932E+01  7.8565E+01  3.6624E-01
5.0340E-02  7.8790E+01  7.8424E+01  3.6624E-01
5.0355E-02  7.8756E+01  7.8389E+01  3.6624E-01
5.0370E-02  7.8941E+01  7.8575E+01  3.6624E-01
5.0385E-02  8.1811E+01  8.1444E+01  3.6624E-01
5.0400E-02  7.9603E+01  7.9237E+01  3.6624E-01
5.0415E-02  4.6217E+02  4.6180E+02  3.6624E-01
5.0430E-02  7.9806E+01  7.9440E+01  3.6624E-01
5.0445E-02  7.8687E+01  7.8321E+01  3.6624E-01
5.0460E-02  7.8580E+01  7.8214E+01  3.6624E-01
5.0475E-02  8.1227E+01  8.0861E+01  3.6624E-01
5.0490E-02  2.1753E+03  2.1749E+03  3.6624E-01
5.0505E-02  7.8754E+01  7.8387E+01  3.6624E-01
5.0520E-02  8.0000E+01  7.9634E+01  3.6624E-01
5.0535E-02  7.8470E+01  7.8103E+01  3.6624E-01
5.0550E-02  8.3250E+01  8.2884E+01  3.6624E-01
5.0565E-02  9.4504E+01  9.4138E+01  3.6624E-01
5.0580E-02  8.2541E+01  8.2175E+01  3.6624E-01
5.0595E-02  8.0638E+01  8.0272E+01  3.6624E-01
5.0610E-02  7.9116E+01  7.8750E+01  3.6624E-01
5.0625E-02  7.9630E+01  7.9264E+01  3.6624E-01
5.0640E-02  8.3902E+01  8.3536E+01  3.6624E-01
5.0655E-02  8.0933E+01  8.0567E+01  3.6624E-01
5.0670E-02  8.8413E+01  8.8046E+01  3.6624E-01
5.0685E-02  8.3535E+01  8.3169E+01  3.6624E-01
5.0700E-02  3.9972E+03  3.9968E+03  3.6624E-01
5.0715E-02  1.0296E+02  1.0260E+02  3.6624E-01
5.0730E-02  2.1360E+04  2.1359E+04  3.6624E-01
5.0745E-02  3.4234E+03  3.4230E+03  3.6624E-01
5.0760E-02  9.0464E+01  9.0098E+01  3.6624E-01
5.0775E-02  9.2101E+01  9.1735E+01  3.6624E-01
5.0790E-02  9.1694E+01  9.1328E+01  3.6624E-01
5.0805E-02  8.9895E+01  8.9529E+01  3.6624E-01
5.0820E-02  7.5074E+02  7.5037E+02  3.6624E-01
5.0835E-02  6.3379E+03  6.3375E+03  3.6624E-01
5.0850E-02  9.6165E+01  9.5799E+01  3.6624E-01
5.0865E-02  1.0046E+02  1.0010E+02  3.6624E-01
5.0880E-02  1.3130E+02  1.3094E+02  3.6624E-01
5.0895E-02  1.0569E+02  1.0532E+02  3.6624E-01
5.0910E-02  1.1293E+02  1.1256E+02  3.6624E-01
5.0925E-02  1.2145E+02  1.2109E+02  3.6624E-01
5.0940E-02  1.6827E+03  1.6824E+03  3.6624E-01
5.0955E-02  2.5248E+02  2.5211E+02  3.6624E-01
5.0970E-02  2.3083E+02  2.3047E+02  3.6624E-01
5.0985E-02  3.7981E+02  3.7944E+02  3.6624E-01
5.1000E-02  4.7000E+03  4.6996E+03  3.6624E-01
5.1015E-02  1.1111E+04  1.1111E+04  3.6624E-01
5.1030E-02  2.8899E+05  2.8899E+05  3.6624E-01
5.1045E-02  1.6790E+03  1.6787E+03  3.6624E-01
5.1060E-02  4.7801E+02  4.7765E+02  3.6624E-01
5.1075E-02  2.5284E+02  2.5248E+02  3.6624E-01
5.1090E-02  1.7595E+02  1.7558E+02  3.6624E-01
5.1105E-02  1.6484E+02  1.6448E+02  3.6624E-01
5.1120E-02  1.2776E+02  1.2740E+02  3.6624E-01
5.1135E-02  1.1900E+05  1.1900E+05  3.6624E-01
5.1150E-02  3.3087E+02  3.3050E+02  3.6624E-01
5.1165E-02  1.0243E+02  1.0207E+02  3.6624E-01
5.1180E-02  4.3516E+02  4.3479E+02  3.6624E-01
5.1195E-02  9.5568E+01  9.5202E+01  3.6624E-01
5.1210E-02  9.3456E+01  9.3090E+01  3.6624E-01
5.1225E-02  9.2343E+01  9.1976E+01  3.6624E-01
5.1240E-02  9.1295E+01  9.0929E+01  3.6623E-01
5.1255E-02  9.0879E+01  9.0513E+01  3.6623E-01
5.1270E-02  9.3643E+01  9.3276E+01  3.6623E-01
5.1285E-02  8.9388E+01  8.9022E+01  3.6623E-01
5.1300E-02  8.8946E+01  8.8580E+01  3.6623E-01
5.1315E-02  8.8730E+01  8.8364E+01  3.6623E-01
5.1330E-02  8.8540E+01  8.8174E+01  3.6623E-01
5.1345E-02  8.8129E+01  8.7763E+01  3.6623E-01
5.1360E-02  8.8018E+01  8.7651E+01  3.6623E-01
5.1375E-02  9.1446E+01  9.1079E+01  3.6623E-01
5.1390E-02  9.6793E+01  9.6427E+01  3.6623E-01
5.1405E-02  8.8673E+01  8.8306E+01  3.6623E-01
5.1420E-02  8.7700E+01  8.7334E+01  3.6623E-01
5.1435E-02  1.1150E+02  1.1114E+02  3.6623E-01
5.1450E-02  8.9250E+01  8.8884E+01  3.6623E-01
5.1465E-02  1.0080E+02  1.0043E+02  3.6623E-01
5.1480E-02  8.9711E+01  8.9344E+01  3.6623E-01
5.1495E-02  8.7202E+01  8.6836E+01  3.6623E-01
5.1510E-02  8.6922E+01  8.6555E+01  3.6623E-01
5.1525E-02  8.6651E+01  8.6285E+01  3.6623E-01
5.1540E-02  8.6524E+01  8.6158E+01  3.6623E-01
5.1555E-02  1.8196E+02  1.8159E+02  3.6623E-01
5.1570E-02  1.8527E+03  1.8523E+03  3.6623E-01
5.1585E-02  1.9652E+04  1.9652E+04  3.6623E-01
5.1600E-02  1.0660E+02  1.0624E+02  3.6623E-01
5.1615E-02  8.7964E+01  8.7598E+01  3.6623E-01
5.1630E-02  8.6808E+01  8.6442E+01  3.6623E-01
5.1645E-02  9.9428E+01  9.9061E+01  3.6623E-01
5.1660E-02  8.6299E+01  8.5932E+01  3.6623E-01
5.1675E-02  1.5109E+02  1.5072E+02  3.6623E-01
5.1690E-02  1.3529E+02  1.3492E+02  3.6623E-01
5.1705E-02  8.6148E+01  8.5781E+01  3.6623E-01
5.1720E-02  8.5895E+01  8.5529E+01  3.6623E-01
5.1735E-02  8.6497E+01  8.6130E+01  3.6623E-01
5.1750E-02  8.5924E+01  8.5558E+01  3.6623E-01
5.1765E-02  1.0249E+02  1.0213E+02  3.6623E-01
5.1780E-02  8.7177E+01  8.6810E+01  3.6623E-01
5.1795E-02  8.9070E+01  8.8704E+01  3.6623E-01
5.1810E-02  7.2246E+02  7.2210E+02  3.6623E-01
5.1825E-02  8.6655E+01  8.6288E+01  3.6623E-01
5.1840E-02  9.2731E+02  9.2694E+02  3.6623E-01
5.1855E-02  1.1723E+02  1.1687E+02  3.6623E-01
5.1870E-02  1.0221E+02  1.0185E+02  3.6623E-01
5.1885E-02  8.9987E+01  8.9621E+01  3.6623E-01
5.1900E-02  8.7579E+01  8.7213E+01  3.6623E-01
5.1915E-02  1.0049E+02  1.0012E+02  3.6623E-01
5.1930E-02  8.7202E+01  8.6836E+01  3.6623E-01
5.1945E-02  5.8445E+02  5.8408E+02  3.6623E-01
5.1960E-02  5.1193E+03  5.1189E+03  3.6623E-01
5.1975E-02  8.9843E+01  8.9477E+01  3.6623E-01
5.1990E-02  8.7798E+01  8.7432E+01  3.6623E-01
5.2005E-02  9.2144E+01  9.1778E+01  3.6623E-01
5.2020E-02  9.0490E+01  9.0124E+01  3.6623E-01
5.2035E-02  9.3258E+01  9.2891E+01  3.6623E-01
5.2050E-02  9.4715E+01  9.4349E+01  3.6623E-01
5.2065E-02  2.2842E+02  2.2805E+02  3.6623E-01
5.2080E-02  8.4077E+02  8.4041E+02  3.6623E-01
5.2095E-02  9.7897E+01  9.7530E+01  3.6623E-01
5.2110E-02  2.9149E+03  2.9145E+03  3.6623E-01
5.2125E-02  1.5880E+02  1.5843E+02  3.6623E-01
5.2140E-02  1.1104E+02  1.1067E+02  3.6623E-01
5.2155E-02  1.3097E+02  1.3060E+02  3.6623E-01
5.2170E-02  1.8553E+02  1.8517E+02  3.6623E-01
5.2185E-02  1.8804E+02  1.8767E+02  3.6623E-01
5.2200E-02  2.6628E+02  2.6591E+02  3.6623E-01
5.2215E-02  5.1929E+02  5.1893E+02  3.6623E-01
5.2230E-02  1.8230E+03  1.8227E+03  3.6623E-01
5.2245E-02  2.4868E+05  2.4868E+05  3.6623E-01
5.2260E-02  9.1638E+03  9.1634E+03  3.6623E-01
5.2275E-02  1.0355E+03  1.0351E+03  3.6623E-01
5.2290E-02  3.9454E+02  3.9417E+02  3.6623E-01
5.2305E-02  2.4903E+02  2.4866E+02  3.6623E-01
5.2320E-02  2.6578E+02  2.6541E+02  3.6623E-01
5.2335E-02  1.3566E+02  1.3529E+02  3.6623E-01
5.2350E-02  1.5180E+02  1.5143E+02  3.6623E-01
5.2365E-02  1.0750E+02  1.0713E+02  3.6623E-01
5.2380E-02  1.0078E+02  1.0041E+02  3.6623E-01
5.2395E-02  9.7052E+01  9.6685E+01  3.6623E-01
5.2410E-02  3.2508E+02  3.2471E+02  3.6623E-01
5.2425E-02  1.2357E+02  1.2320E+02  3.6623E-01
5.2440E-02  9.0800E+01  9.0433E+01  3.6623E-01
5.2455E-02  8.9807E+01  8.9441E+01  3.6623E-01
5.2470E-02  8.9290E+01  8.8924E+01  3.6623E-01
5.2485E-02  9.3936E+01  9.3570E+01  3.6623E-01
5.2500E-02  8.8295E+01  8.7929E+01  3.6623E-01
5.2515E-02  1.2498E+02  1.2461E+02  3.6623E-01
5.2530E-02  8.9509E+01  8.9142E+01  3.6623E-01
5.2545E-02  8.7457E+01  8.7091E+01  3.6623E-01
5.2560E-02  8.7304E+01  8.6938E+01  3.6623E-01
5.2575E-02  8.7317E+01  8.6951E+01  3.6623E-01
5.2590E-02  9.4445E+01  9.4078E+01  3.6623E-01
5.2605E-02  8.7062E+01  8.6696E+01  3.6623E-01
5.2620E-02  8.7378E+01  8.7012E+01  3.6623E-01
5.2635E-02  8.7660E+01  8.7293E+01  3.6623E-01
5.2650E-02  8.8677E+01  8.8310E+01  3.6622E-01
5.2665E-02  8.9851E+01  8.9485E+01  3.6622E-01
5.2680E-02  1.9094E+02  1.9057E+02  3.6622E-01
5.2695E-02  9.3041E+01  9.2674E+01  3.6622E-01
5.2710E-02  9.0890E+01  9.0523E+01  3.6622E-01
5.2725E-02  9.1555E+01  9.1189E+01  3.6622E-01
5.2740E-02  9.2782E+01  9.2415E+01  3.6622E-01
5.2755E-02  9.4480E+01  9.4113E+01  3.6622E-01
5.2770E-02  1.1556E+02  1.1519E+02  3.6622E-01
5.2785E-02  1.3570E+02  1.3534E+02  3.6622E-01
5.2800E-02  1.0800E+02  1.0764E+02  3.6622E-01
5.2815E-02  1.2715E+02  1.2679E+02  3.6622E-01
5.2830E-02  3.2271E+03  3.2267E+03  3.6622E-01
5.2845E-02  1.8565E+02  1.8528E+02  3.6622E-01
5.2860E-02  2.4515E+02  2.4478E+02  3.6622E-01
5.2875E-02  4.2386E+02  4.2349E+02  3.6622E-01
5.2890E-02  1.1991E+03  1.1987E+03  3.6622E-01
5.2905E-02  1.0935E+04  1.0935E+04  3.6622E-01
5.2920E-02  1.3610E+05  1.3610E+05  3.6622E-01
5.2935E-02  1.8939E+03  1.8936E+03  3.6622E-01
5.2950E-02  5.7772E+02  5.7735E+02  3.6622E-01
5.2965E-02  2.0065E+03  2.0061E+03  3.6622E-01
5.2980E-02  2.5848E+02  2.5812E+02  3.6622E-01
5.2995E-02  7.7791E+02  7.7754E+02  3.6622E-01
5.3010E-02  2.2586E+02  2.2549E+02  3.6622E-01
5.3025E-02  3.9250E+02  3.9213E+02  3.6622E-01
5.3040E-02  2.5921E+03  2.5917E+03  3.6622E-01
5.3055E-02  2.2029E+02  2.1993E+02  3.6622E-01
5.3070E-02  2.8392E+02  2.8355E+02  3.6622E-01
5.3085E-02  2.3107E+02  2.3070E+02  3.6622E-01
5.3100E-02  3.5644E+03  3.5640E+03  3.6622E-01
5.3115E-02  2.4369E+02  2.4333E+02  3.6622E-01
5.3130E-02  2.5053E+02  2.5017E+02  3.6622E-01
5.3145E-02  2.5622E+02  2.5586E+02  3.6622E-01
5.3160E-02  2.6029E+02  2.5992E+02  3.6622E-01
5.3175E-02  2.9888E+02  2.9852E+02  3.6622E-01
5.3190E-02  4.9822E+02  4.9785E+02  3.6622E-01
5.3205E-02  1.1628E+04  1.1628E+04  3.6622E-01
5.3220E-02  3.7420E+03  3.7417E+03  3.6622E-01
5.3235E-02  7.1820E+02  7.1783E+02  3.6622E-01
5.3250E-02  5.4498E+03  5.4495E+03  3.6622E-01
5.3265E-02  4.3453E+02  4.3416E+02  3.6622E-01
5.3280E-02  9.7444E+02  9.7408E+02  3.6622E-01
5.3295E-02  1.8827E+03  1.8823E+03  3.6622E-01
5.3310E-02  6.3769E+04  6.3768E+04  3.6622E-01
5.3325E-02  1.5554E+04  1.5554E+04  3.6622E-01
5.3340E-02  1.4157E+03  1.4153E+03  3.6622E-01
5.3355E-02  7.7583E+02  7.7547E+02  3.6622E-01
5.3370E-02  2.3687E+03  2.3684E+03  3.6622E-01
5.3385E-02  3.4005E+02  3.3969E+02  3.6622E-01
5.3400E-02  3.1624E+02  3.1587E+02  3.6622E-01
5.3415E-02  2.9416E+02  2.9379E+02  3.6622E-01
5.3430E-02  6.8804E+02  6.8767E+02  3.6622E-01
5.3445E-02  2.8706E+02  2.8669E+02  3.6622E-01
5.3460E-02  8.1323E+02  8.1287E+02  3.6622E-01
5.3475E-02  2.9781E+02  2.9744E+02  3.6622E-01
5.3490E-02  3.1062E+02  3.1026E+02  3.6622E-01
5.3505E-02  3.3960E+02  3.3924E+02  3.6622E-01
5.3520E-02  5.2383E+02  5.2347E+02  3.6622E-01
5.3535E-02  5.6362E+02  5.6325E+02  3.6622E-01
5.3550E-02  1.2185E+03  1.2182E+03  3.6622E-01
5.3565E-02  8.8129E+03  8.8126E+03  3.6622E-01
5.3580E-02  2.2533E+05  2.2533E+05  3.6622E-01
5.3595E-02  2.6121E+03  2.6117E+03  3.6622E-01
5.3610E-02  8.4039E+02  8.4002E+02  3.6622E-01
5.3625E-02  5.6946E+02  5.6909E+02  3.6622E-01
5.3640E-02  4.4084E+02  4.4047E+02  3.6622E-01
5.3655E-02  4.2950E+02  4.2914E+02  3.6622E-01
5.3670E-02  3.7102E+02  3.7066E+02  3.6622E-01
5.3685E-02  3.9295E+02  3.9258E+02  3.6622E-01
5.3700E-02  4.5544E+02  4.5507E+02  3.6622E-01
5.3715E-02  6.4005E+02  6.3968E+02  3.6622E-01
5.3730E-02  1.4260E+03  1.4256E+03  3.6622E-01
5.3745E-02  1.3365E+04  1.3364E+04  3.6622E-01
5.3760E-02  8.1041E+04  8.1041E+04  3.6622E-01
5.3775E-02  9.9556E+03  9.9552E+03  3.6622E-01
5.3790E-02  8.2108E+02  8.2071E+02  3.6622E-01
5.3805E-02  2.5939E+03  2.5935E+03  3.6622E-01
5.3820E-02  1.1611E+04  1.1610E+04  3.6622E-01
5.3835E-02  8.9024E+02  8.8987E+02  3.6622E-01
5.3850E-02  1.1130E+03  1.1126E+03  3.6622E-01
5.3865E-02  3.2160E+03  3.2156E+03  3.6622E-01
5.3880E-02  1.8689E+05  1.8689E+05  3.6622E-01
5.3895E-02  2.2271E+04  2.2271E+04  3.6622E-01
5.3910E-02  4.6878E+03  4.6874E+03  3.6622E-01
5.3925E-02  6.6069E+03  6.6066E+03  3.6622E-01
5.3940E-02  9.0728E+03  9.0724E+03  3.6622E-01
5.3955E-02  1.1685E+04  1.1684E+04  3.6622E-01
5.3970E-02  1.4244E+04  1.4244E+04  3.6622E-01
5.3985E-02  1.6797E+04  1.6796E+04  3.6622E-01
5.4000E-02  1.8842E+04  1.8842E+04  3.6622E-01
5.4015E-02  2.0754E+04  2.0754E+04  3.6622E-01
5.4030E-02  2.1701E+04  2.1700E+04  3.6622E-01
5.4045E-02  2.2571E+04  2.2571E+04  3.6622E-01
5.4060E-02  2.1097E+04  2.1096E+04  3.6622E-01
5.4075E-02  2.1461E+04  2.1461E+04  3.6622E-01
5.4090E-02  2.0948E+04  2.0948E+04  3.6622E-01
5.4105E-02  2.0883E+04  2.0883E+04  3.6622E-01
5.4120E-02  2.0855E+04  2.0855E+04  3.6622E-01
5.4135E-02  2.0818E+04  2.0817E+04  3.6622E-01
5.4150E-02  2.0796E+04  2.0795E+04  3.6622E-01
5.4165E-02  2.0754E+04  2.0754E+04  3.6622E-01
5.4180E-02  2.0723E+04  2.0723E+04  3.6622E-01
5.4195E-02  2.0698E+04  2.0698E+04  3.6622E-01
5.4210E-02  2.0665E+04  2.0665E+04  3.6622E-01
5.4225E-02  2.0641E+04  2.0641E+04  3.6622E-01
5.4240E-02  2.0613E+04  2.0613E+04  3.6622E-01
5.4255E-02  2.0893E+04  2.0893E+04  3.6622E-01
5.4270E-02  2.2088E+04  2.2088E+04  3.6622E-01
5.4285E-02  2.0538E+04  2.0537E+04  3.6622E-01
5.4300E-02  2.1251E+04  2.1251E+04  3.6622E-01
5.4315E-02  2.0492E+04  2.0491E+04  3.6622E-01
5.4330E-02  2.0480E+04  2.0480E+04  3.6622E-01
5.4345E-02  2.0418E+04  2.0418E+04  3.6622E-01
5.4360E-02  2.0480E+04  2.0480E+04  3.6622E-01
5.4375E-02  2.0328E+04  2.0327E+04  3.6622E-01
5.4390E-02  2.0529E+04  2.0528E+04  3.6622E-01
5.4405E-02  2.0266E+04  2.0266E+04  3.6622E-01
5.4420E-02  2.0234E+04  2.0234E+04  3.6622E-01
5.4435E-02  2.0212E+04  2.0211E+04  3.7488E-01
5.4450E-02  2.0176E+04  2.0175E+04  3.7488E-01
5.4465E-02  2.0153E+04  2.0153E+04  3.7488E-01
5.4480E-02  2.0119E+04  2.0119E+04  3.7488E-01
5.4495E-02  2.0131E+04  2.0131E+04  3.7488E-01
5.4510E-02  2.0115E+04  2.0114E+04  3.7488E-01
5.4525E-02  2.0039E+04  2.0038E+04  3.7488E-01
5.4540E-02  2.0033E+04  2.0032E+04  3.7488E-01
5.4555E-02  2.0366E+04  2.0366E+04  3.7488E-01
5.4570E-02  2.1163E+04  2.1162E+04  3.7488E-01
5.4585E-02  1.9946E+04  1.9946E+04  3.7488E-01
5.4600E-02  1.9928E+04  1.9928E+04  3.7488E-01
5.4615E-02  1.9877E+04  1.9877E+04  3.7488E-01
5.4630E-02  1.9847E+04  1.9847E+04  3.7488E-01
5.4645E-02  1.9821E+04  1.9821E+04  3.7488E-01
5.4660E-02  1.9796E+04  1.9795E+04  3.7488E-01
5.4675E-02  1.9771E+04  1.9771E+04  3.7488E-01
5.4690E-02  1.9746E+04  1.9746E+04  3.7488E-01
5.4705E-02  1.9722E+04  1.9721E+04  3.7488E-01
5.4720E-02  1.9698E+04  1.9698E+04  3.7488E-01
5.4735E-02  1.9675E+04  1.9675E+04  3.7488E-01
5.4750E-02  1.9651E+04  1.9650E+04  3.7488E-01
5.4765E-02  1.9628E+04  1.9628E+04  3.7488E-01
5.4780E-02  1.9605E+04  1.9605E+04  3.7488E-01
5.4795E-02  1.9586E+04  1.9586E+04  3.7488E-01
5.4810E-02  1.9563E+04  1.9563E+04  3.7488E-01
5.4825E-02  1.9948E+04  1.9948E+04  3.7488E-01
5.4840E-02  1.9512E+04  1.9512E+04  3.7488E-01
5.4855E-02  1.9489E+04  1.9489E+04  3.7488E-01
5.4870E-02  1.9467E+04  1.9467E+04  3.7488E-01
5.4885E-02  1.9445E+04  1.9445E+04  3.7488E-01
5.4900E-02  1.9424E+04  1.9423E+04  3.7488E-01
5.4915E-02  1.9429E+04  1.9428E+04  3.7488E-01
5.4930E-02  2.3983E+04  2.3983E+04  3.7488E-01
5.4945E-02  1.9360E+04  1.9360E+04  3.7488E-01
5.4960E-02  1.9344E+04  1.9343E+04  3.7488E-01
5.4975E-02  1.9429E+04  1.9428E+04  3.7488E-01
5.4990E-02  1.9297E+04  1.9297E+04  3.7488E-01
5.5005E-02  1.9443E+04  1.9442E+04  3.7488E-01
5.5020E-02  1.9265E+04  1.9265E+04  3.7488E-01
5.5035E-02  1.9236E+04  1.9236E+04  3.7488E-01
5.5050E-02  1.9216E+04  1.9216E+04  3.7488E-01
5.5065E-02  1.9196E+04  1.9196E+04  3.7488E-01
5.5080E-02  1.9177E+04  1.9176E+04  3.7488E-01
5.5095E-02  1.9157E+04  1.9157E+04  3.7488E-01
5.5110E-02  1.9138E+04  1.9138E+04  3.7488E-01
5.5125E-02  1.9119E+04  1.9118E+04  3.7488E-01
5.5140E-02  1.9101E+04  1.9101E+04  3.7488E-01
5.5155E-02  1.9081E+04  1.9080E+04  3.7488E-01
5.5170E-02  1.9062E+04  1.9061E+04  3.7488E-01
5.5185E-02  1.9043E+04  1.9043E+04  3.7488E-01
5.5200E-02  1.9025E+04  1.9024E+04  3.7488E-01
5.5215E-02  1.9006E+04  1.9006E+04  3.7488E-01
5.5230E-02  1.8988E+04  1.8987E+04  3.7488E-01
5.5245E-02  1.8970E+04  1.8970E+04  3.7488E-01
5.5260E-02  1.8952E+04  1.8951E+04  3.7493E-01
5.5275E-02  1.8934E+04  1.8933E+04  3.7493E-01
5.5290E-02  1.8916E+04  1.8916E+04  3.7493E-01
5.5305E-02  1.8898E+04  1.8898E+04  3.7493E-01
5.5320E-02  1.8881E+04  1.8880E+04  3.7493E-01
5.5335E-02  1.8864E+04  1.8864E+04  3.7493E-01
5.5350E-02  1.8850E+04  1.8849E+04  3.7493E-01
5.5365E-02  1.8834E+04  1.8834E+04  3.7493E-01
5.5380E-02  2.2908E+04  2.2908E+04  3.7492E-01
5.5395E-02  1.8800E+04  1.8800E+04  3.7492E-01
5.5410E-02  1.8784E+04  1.8784E+04  3.7492E-01
5.5425E-02  1.8769E+04  1.8769E+04  3.7492E-01
5.5440E-02  1.8756E+04  1.8756E+04  3.7492E-01
5.5455E-02  3.1207E+04  3.1207E+04  3.7492E-01
5.5470E-02  1.8725E+04  1.8725E+04  3.7492E-01
5.5485E-02  1.8711E+04  1.8710E+04  3.7492E-01
5.5500E-02  1.8696E+04  1.8696E+04  3.7492E-01
5.5515E-02  1.9162E+04  1.9161E+04  3.7492E-01
5.5530E-02  1.8668E+04  1.8667E+04  3.7492E-01
5.5545E-02  1.8654E+04  1.8653E+04  3.7492E-01
5.5560E-02  1.8640E+04  1.8639E+04  3.7492E-01
5.5575E-02  1.8625E+04  1.8625E+04  3.7492E-01
5.5590E-02  1.8611E+04  1.8611E+04  3.7492E-01
5.5605E-02  1.8597E+04  1.8597E+04  3.7492E-01
5.5620E-02  1.8583E+04  1.8583E+04  3.7492E-01
5.5635E-02  1.8569E+04  1.8569E+04  3.7492E-01
5.5650E-02  1.8555E+04  1.8555E+04  3.7492E-01
5.5665E-02  1.8559E+04  1.8558E+04  3.7492E-01
5.5680E-02  1.8525E+04  1.8525E+04  3.7492E-01
5.5695E-02  1.8510E+04  1.8510E+04  3.7492E-01
5.5710E-02  1.8495E+04  1.8494E+04  3.7492E-01
5.5725E-02  1.8480E+04  1.8479E+04  3.7492E-01
5.5740E-02  1.8465E+04  1.8464E+04  3.7492E-01
5.5755E-02  1.8450E+04  1.8449E+04  3.7492E-01
5.5770E-02  1.8435E+04  1.8435E+04  3.7492E-01
5.5785E-02  1.8420E+04  1.8420E+04  3.7492E-01
5.5800E-02  1.8405E+04  1.8405E+04  3.7492E-01
5.5815E-02  1.8391E+04  1.8390E+04  3.7492E-01
5.5830E-02  1.8376E+04  1.8376E+04  3.7492E-01
5.5845E-02  1.8364E+04  1.8363E+04  3.7492E-01
5.5860E-02  1.8347E+04  1.8347E+04  3.7492E-01
5.5875E-02  1.8333E+04  1.8333E+04  3.7492E-01
5.5890E-02  1.8463E+04  1.8463E+04  3.7492E-01
5.5905E-02  1.8304E+04  1.8304E+04  3.7492E-01
5.5920E-02  1.8290E+04  1.8290E+04  3.7492E-01
5.5935E-02  1.8276E+04  1.8276E+04  3.7492E-01
5.5950E-02  1.8262E+04  1.8262E+04  3.7492E-01
5.5965E-02  1.8248E+04  1.8248E+04  3.7492E-01
5.5980E-02  1.8234E+04  1.8234E+04  3.7492E-01
5.5995E-02  1.8220E+04  1.8220E+04  3.7492E-01
5.6010E-02  1.8207E+04  1.8207E+04  3.7492E-01
5.6025E-02  1.8342E+04  1.8342E+04  3.7492E-01
5.6040E-02  1.8179E+04  1.8179E+04  3.7492E-01
5.6055E-02  1.8166E+04  1.8166E+04  3.7492E-01
5.6070E-02  1.8152E+04  1.8151E+04  3.7492E-01
5.6085E-02  1.8138E+04  1.8138E+04  3.7492E-01
5.6100E-02  1.8125E+04  1.8124E+04  3.7492E-01
5.6115E-02  1.8111E+04  1.8111E+04  3.7492E-01
5.6130E-02  1.8098E+04  1.8097E+04  3.7492E-01
5.6145E-02  1.8085E+04  1.8084E+04  3.7492E-01
5.6160E-02  1.8071E+04  1.8071E+04  3.7492E-01
5.6175E-02  1.8058E+04  1.8058E+04  3.7492E-01
5.6190E-02  1.8047E+04  1.8047E+04  3.7492E-01
5.6205E-02  1.8032E+04  1.8032E+04  3.7492E-01
5.6220E-02  1.8019E+04  1.8018E+04  3.7492E-01
5.6235E-02  1.8006E+04  1.8005E+04  3.7492E-01
5.6250E-02  1.7993E+04  1.7993E+04  3.7492E-01
5.6265E-02  1.7980E+04  1.7980E+04  3.7492E-01
5.6280E-02  1.7967E+04  1.7967E+04  3.7492E-01
5.6295E-02  1.7954E+04  1.7954E+04  3.7492E-01
5.6310E-02  1.7947E+04  1.7947E+04  3.7492E-01
5.6325E-02  1.7929E+04  1.7928E+04  3.7492E-01
5.6340E-02  1.7916E+04  1.7916E+04  3.7492E-01
5.6355E-02  1.7904E+04  1.7904E+04  3.7492E-01
5.6370E-02  1.7891E+04  1.7891E+04  3.7492E-01
5.6385E-02  1.7878E+04  1.7878E+04  3.7492E-01
5.6400E-02  1.7866E+04  1.7866E+04  3.7492E-01
5.6415E-02  1.7853E+04  1.7853E+04  3.7492E-01
5.6430E-02  2.1501E+04  2.1501E+04  3.7492E-01
5.6445E-02  1.8085E+04  1.8085E+04  3.7492E-01
5.6460E-02  1.7988E+04  1.7988E+04  3.7492E-01
5.6475E-02  1.7807E+04  1.7806E+04  3.7492E-01
5.6490E-02  1.7793E+04  1.7793E+04  3.7492E-01
5.6505E-02  1.7816E+04  1.7816E+04  3.7492E-01
5.6520E-02  1.7785E+04  1.7785E+04  3.7492E-01
5.6535E-02  1.7756E+04  1.7756E+04  3.7492E-01
5.6550E-02  1.7743E+04  1.7743E+04  3.7492E-01
5.6565E-02  1.7892E+04  1.7892E+04  3.7492E-01
5.6580E-02  1.7756E+04  1.7756E+04  3.7492E-01
5.6595E-02  1.8065E+04  1.8064E+04  3.7492E-01
5.6610E-02  1.7700E+04  1.7700E+04  3.7492E-01
5.6625E-02  1.7689E+04  1.7689E+04  3.7492E-01
5.6640E-02  1.8402E+04  1.8402E+04  3.7492E-01
5.6655E-02  1.7660E+04  1.7660E+04  3.7492E-01
5.6670E-02  1.7655E+04  1.7655E+04  3.7492E-01
5.6685E-02  1.7648E+04  1.7647E+04  3.7492E-01
5.6700E-02  1.7624E+04  1.7624E+04  3.7492E-01
5.6715E-02  1.7622E+04  1.7622E+04  3.7492E-01
5.6730E-02  1.7601E+04  1.7601E+04  3.7492E-01
5.6745E-02  1.7597E+04  1.7597E+04  3.7492E-01
5.6760E-02  1.7579E+04  1.7578E+04  3.7492E-01
5.6775E-02  2.2251E+04  2.2251E+04  3.7492E-01
5.6790E-02  1.7558E+04  1.7558E+04  3.7491E-01
5.6805E-02  1.7544E+04  1.7544E+04  3.7491E-01
5.6820E-02  1.7533E+04  1.7533E+04  3.7491E-01
5.6835E-02  1.7528E+04  1.7527E+04  3.7491E-01
5.6850E-02  1.7564E+04  1.7564E+04  3.7491E-01
5.6865E-02  1.7499E+04  1.7498E+04  3.7491E-01
5.6880E-02  1.7487E+04  1.7486E+04  3.7491E-01
5.6895E-02  1.7476E+04  1.7475E+04  3.7491E-01
5.6910E-02  1.7464E+04  1.7464E+04  3.7491E-01
5.6925E-02  1.7453E+04  1.7452E+04  3.7491E-01
5.6940E-02  1.7442E+04  1.7441E+04  3.7491E-01
5.6955E-02  1.7431E+04  1.7430E+04  3.7491E-01
5.6970E-02  1.7431E+04  1.7430E+04  3.7491E-01
5.6985E-02  1.7410E+04  1.7410E+04  3.7491E-01
5.7000E-02  1.7401E+04  1.7400E+04  3.7491E-01
5.7015E-02  1.7388E+04  1.7388E+04  3.7491E-01
5.7030E-02  1.7375E+04  1.7374E+04  3.7491E-01
5.7045E-02  1.7364E+04  1.7363E+04  3.7491E-01
5.7060E-02  1.7353E+04  1.7352E+04  3.7491E-01
5.7075E-02  1.7342E+04  1.7342E+04  3.7491E-01
5.7090E-02  1.7332E+04  1.7331E+04  3.7491E-01
5.7105E-02  1.7320E+04  1.7320E+04  3.7491E-01
5.7120E-02  1.7309E+04  1.7309E+04  3.7491E-01
5.7135E-02  1.7390E+04  1.7390E+04  3.7491E-01
5.7150E-02  1.7288E+04  1.7287E+04  3.7491E-01
5.7165E-02  1.7277E+04  1.7277E+04  3.7491E-01
5.7180E-02  1.7284E+04  1.7283E+04  3.7491E-01
5.7195E-02  1.7257E+04  1.7257E+04  3.7491E-01
5.7210E-02  1.7245E+04  1.7245E+04  3.7491E-01
5.7225E-02  1.7241E+04  1.7240E+04  3.7491E-01
5.7240E-02  1.7224E+04  1.7224E+04  3.7491E-01
5.7255E-02  1.7214E+04  1.7214E+04  3.7491E-01
5.7270E-02  1.7206E+04  1.7205E+04  3.7491E-01
5.7285E-02  1.7193E+04  1.7193E+04  3.7491E-01
5.7300E-02  1.7183E+04  1.7182E+04  3.7491E-01
5.7315E-02  1.7173E+04  1.7173E+04  3.7491E-01
5.7330E-02  1.7163E+04  1.7162E+04  3.7491E-01
5.7345E-02  1.7152E+04  1.7151E+04  3.7491E-01
5.7360E-02  1.7141E+04  1.7141E+04  3.7491E-01
5.7375E-02  1.7131E+04  1.7131E+04  3.7495E-01
5.7390E-02  1.7121E+04  1.7120E+04  3.7495E-01
5.7405E-02  1.7163E+04  1.7163E+04  3.7495E-01
5.7420E-02  1.7101E+04  1.7101E+04  3.7494E-01
5.7435E-02  1.7100E+04  1.7100E+04  3.7494E-01
5.7450E-02  1.7080E+04  1.7080E+04  3.7494E-01
5.7465E-02  1.7071E+04  1.7071E+04  3.7494E-01
5.7480E-02  1.7084E+04  1.7083E+04  3.7494E-01
5.7495E-02  1.7050E+04  1.7049E+04  3.7494E-01
5.7510E-02  1.7039E+04  1.7039E+04  3.7494E-01
5.7525E-02  1.7029E+04  1.7029E+04  3.7494E-01
5.7540E-02  1.7019E+04  1.7018E+04  3.7494E-01
5.7555E-02  1.7009E+04  1.7008E+04  3.7494E-01
5.7570E-02  1.6999E+04  1.6998E+04  3.7494E-01
5.7585E-02  1.6989E+04  1.6989E+04  3.7494E-01
5.7600E-02  1.7000E+04  1.7000E+04  3.7494E-01
5.7615E-02  1.6968E+04  1.6968E+04  3.7494E-01
5.7630E-02  1.6958E+04  1.6958E+04  3.7494E-01
5.7645E-02  1.6949E+04  1.6948E+04  3.7494E-01
5.7660E-02  1.6938E+04  1.6937E+04  3.7494E-01
5.7675E-02  1.6928E+04  1.6927E+04  3.7494E-01
5.7690E-02  1.6918E+04  1.6918E+04  3.7494E-01
5.7705E-02  1.6907E+04  1.6907E+04  3.7494E-01
5.7720E-02  1.6898E+04  1.6897E+04  3.7494E-01
5.7735E-02  1.6888E+04  1.6887E+04  3.7494E-01
5.7750E-02  1.6878E+04  1.6877E+04  3.7494E-01
5.7765E-02  1.6868E+04  1.6867E+04  3.7494E-01
5.7780E-02  1.6858E+04  1.6857E+04  3.7494E-01
5.7795E-02  1.6848E+04  1.6847E+04  3.7494E-01
5.7810E-02  1.6838E+04  1.6838E+04  3.7494E-01
5.7825E-02  1.6830E+04  1.6829E+04  3.7494E-01
5.7840E-02  2.3563E+04  2.3562E+04  3.7494E-01
5.7855E-02  1.6809E+04  1.6809E+04  3.7494E-01
5.7870E-02  1.6799E+04  1.6798E+04  3.7494E-01
5.7885E-02  1.6789E+04  1.6788E+04  3.7494E-01
5.7900E-02  1.6780E+04  1.6780E+04  3.7494E-01
5.7915E-02  1.7714E+04  1.7714E+04  3.7494E-01
5.7930E-02  1.6760E+04  1.6759E+04  3.7494E-01
5.7945E-02  1.6750E+04  1.6749E+04  3.7494E-01
5.7960E-02  1.6740E+04  1.6739E+04  3.7494E-01
5.7975E-02  1.6730E+04  1.6730E+04  3.7494E-01
5.7990E-02  1.6720E+04  1.6720E+04  3.7494E-01
5.8005E-02  1.6711E+04  1.6711E+04  3.7494E-01
5.8020E-02  1.6701E+04  1.6701E+04  3.7494E-01
5.8035E-02  1.6691E+04  1.6691E+04  3.7494E-01
5.8050E-02  1.6682E+04  1.6681E+04  3.7494E-01
5.8065E-02  1.6672E+04  1.6672E+04  3.7494E-01
5.8080E-02  1.6662E+04  1.6662E+04  3.7494E-01
5.8095E-02  2.0803E+04  2.0803E+04  3.7494E-01
5.8110E-02  1.6643E+04  1.6643E+04  3.7494E-01
5.8125E-02  1.6634E+04  1.6633E+04  3.7494E-01
5.8140E-02  1.6627E+04  1.6626E+04  3.7494E-01
5.8155E-02  1.6615E+04  1.6614E+04  3.7494E-01
5.8170E-02  1.6605E+04  1.6605E+04  3.7494E-01
5.8185E-02  1.6596E+04  1.6595E+04  3.7494E-01
5.8200E-02  1.6601E+04  1.6601E+04  3.7494E-01
5.8215E-02  1.8515E+04  1.8515E+04  3.7494E-01
5.8230E-02  1.7031E+04  1.7030E+04  3.7494E-01
5.8245E-02  1.6560E+04  1.6559E+04  3.7494E-01
5.8260E-02  1.6549E+04  1.6549E+04  3.7494E-01
5.8275E-02  1.6549E+04  1.6549E+04  3.7494E-01
5.8290E-02  1.6534E+04  1.6533E+04  3.7494E-01
5.8305E-02  1.8315E+04  1.8315E+04  3.7494E-01
5.8320E-02  1.6711E+04  1.6711E+04  3.7494E-01
5.8335E-02  1.6501E+04  1.6501E+04  3.7494E-01
5.8350E-02  1.6492E+04  1.6492E+04  3.7494E-01
5.8365E-02  1.6483E+04  1.6483E+04  3.7494E-01
5.8380E-02  1.6476E+04  1.6475E+04  3.7494E-01
5.8395E-02  1.6629E+04  1.6629E+04  3.7494E-01
5.8410E-02  1.6582E+04  1.6582E+04  3.7494E-01
5.8425E-02  1.6473E+04  1.6473E+04  3.7494E-01
5.8440E-02  1.6436E+04  1.6435E+04  3.7494E-01
5.8455E-02  1.6427E+04  1.6427E+04  3.7494E-01
5.8470E-02  1.6417E+04  1.6417E+04  3.7494E-01
5.8485E-02  1.6408E+04  1.6408E+04  3.7494E-01
5.8500E-02  1.6404E+04  1.6404E+04  3.7494E-01
5.8515E-02  1.6390E+04  1.6390E+04  3.7494E-01
5.8530E-02  1.6420E+04  1.6420E+04  3.7494E-01
5.8545E-02  1.6371E+04  1.6371E+04  3.7494E-01
5.8560E-02  1.6362E+04  1.6362E+04  3.7494E-01
5.8575E-02  1.6353E+04  1.6352E+04  3.7494E-01
5.8590E-02  1.6345E+04  1.6345E+04  3.7494E-01
5.8605E-02  1.6424E+04  1.6423E+04  3.7494E-01
5.8620E-02  2.2661E+04  2.2661E+04  3.7494E-01
5.8635E-02  1.6316E+04  1.6316E+04  3.7494E-01
5.8650E-02  1.6307E+04  1.6307E+04  3.7494E-01
5.8665E-02  1.6298E+04  1.6298E+04  3.7494E-01
5.8680E-02  1.6289E+04  1.6288E+04  3.7494E-01
5.8695E-02  1.6280E+04  1.6279E+04  3.7494E-01
5.8710E-02  1.6271E+04  1.6270E+04  3.7494E-01
5.8725E-02  1.6262E+04  1.6261E+04  3.7494E-01
5.8740E-02  1.6252E+04  1.6252E+04  3.7494E-01
5.8755E-02  1.6243E+04  1.6243E+04  3.7494E-01
5.8770E-02  1.6258E+04  1.6258E+04  3.7494E-01
5.8785E-02  1.6225E+04  1.6225E+04  3.7494E-01
5.8800E-02  1.6218E+04  1.6217E+04  3.7494E-01
5.8815E-02  1.6222E+04  1.6221E+04  3.7494E-01
5.8830E-02  1.6198E+04  1.6198E+04  3.7494E-01
5.8845E-02  1.6190E+04  1.6189E+04  3.7494E-01
5.8860E-02  1.6181E+04  1.6180E+04  3.7494E-01
5.8875E-02  2.3930E+04  2.3929E+04  3.7493E-01
5.8890E-02  1.7093E+04  1.7093E+04  3.7493E-01
5.8905E-02  1.6184E+04  1.6183E+04  3.7493E-01
5.8920E-02  1.6253E+04  1.6252E+04  3.7493E-01
5.8935E-02  1.6140E+04  1.6139E+04  3.7493E-01
5.8950E-02  1.6127E+04  1.6126E+04  3.7493E-01
5.8965E-02  1.6118E+04  1.6118E+04  3.7493E-01
5.8980E-02  1.6109E+04  1.6108E+04  3.7493E-01
5.8995E-02  1.6100E+04  1.6100E+04  3.7493E-01
5.9010E-02  1.6093E+04  1.6092E+04  3.7493E-01
5.9025E-02  1.6083E+04  1.6082E+04  3.7493E-01
5.9040E-02  1.6074E+04  1.6074E+04  3.7493E-01
5.9055E-02  1.6064E+04  1.6064E+04  3.7493E-01
5.9070E-02  1.6056E+04  1.6055E+04  3.7493E-01
5.9085E-02  1.6047E+04  1.6047E+04  3.7493E-01
5.9100E-02  1.6038E+04  1.6038E+04  3.7493E-01
5.9115E-02  1.6029E+04  1.6029E+04  3.7493E-01
5.9130E-02  1.6022E+04  1.6022E+04  3.7493E-01
5.9145E-02  1.6012E+04  1.6011E+04  3.7493E-01
5.9160E-02  1.6004E+04  1.6004E+04  3.7493E-01
5.9175E-02  1.5994E+04  1.5994E+04  3.7493E-01
5.9190E-02  1.5985E+04  1.5985E+04  3.7493E-01
5.9205E-02  1.5977E+04  1.5977E+04  3.7493E-01
5.9220E-02  1.5968E+04  1.5968E+04  3.7493E-01
5.9235E-02  1.5959E+04  1.5959E+04  3.7493E-01
5.9250E-02  1.5951E+04  1.5951E+04  3.7493E-01
5.9265E-02  1.5941E+04  1.5941E+04  3.7493E-01
5.9280E-02  1.5933E+04  1.5932E+04  3.7493E-01
5.9295E-02  1.5924E+04  1.5924E+04  3.7493E-01
5.9310E-02  1.5916E+04  1.5915E+04  3.7493E-01
5.9325E-02  1.5908E+04  1.5908E+04  3.7493E-01
5.9340E-02  1.5903E+04  1.5903E+04  3.7494E-01
5.9355E-02  1.5891E+04  1.5891E+04  3.7494E-01
5.9370E-02  1.5881E+04  1.5880E+04  3.7494E-01
5.9385E-02  1.5872E+04  1.5872E+04  3.7494E-01
5.9400E-02  1.5863E+04  1.5863E+04  3.7494E-01
5.9415E-02  1.5855E+04  1.5854E+04  3.7494E-01
5.9430E-02  1.5847E+04  1.5847E+04  3.7494E-01
5.9445E-02  1.6295E+04  1.6295E+04  3.7494E-01
5.9460E-02  1.5834E+04  1.5833E+04  3.7493E-01
5.9475E-02  1.6250E+04  1.6250E+04  3.7493E-01
5.9490E-02  1.5812E+04  1.5812E+04  3.7493E-01
5.9505E-02  1.5804E+04  1.5804E+04  3.7493E-01
5.9520E-02  1.5797E+04  1.5796E+04  3.7493E-01
5.9535E-02  1.5893E+04  1.5893E+04  3.7493E-01
5.9550E-02  1.6230E+04  1.6230E+04  3.7493E-01
5.9565E-02  1.5769E+04  1.5768E+04  3.7493E-01
5.9580E-02  1.5761E+04  1.5760E+04  3.7493E-01
5.9595E-02  1.5752E+04  1.5752E+04  3.7493E-01
5.9610E-02  1.5745E+04  1.5745E+04  3.7493E-01
5.9625E-02  1.7866E+04  1.7865E+04  3.7493E-01
5.9640E-02  1.5856E+04  1.5855E+04  3.7493E-01
5.9655E-02  1.5721E+04  1.5721E+04  3.7493E-01
5.9670E-02  1.5712E+04  1.5712E+04  3.7493E-01
5.9685E-02  1.6243E+04  1.6243E+04  3.7493E-01
5.9700E-02  1.5692E+04  1.5691E+04  3.7493E-01
5.9715E-02  1.5683E+04  1.5683E+04  3.7493E-01
5.9730E-02  1.5676E+04  1.5676E+04  3.7493E-01
5.9745E-02  1.5666E+04  1.5666E+04  3.7493E-01
5.9760E-02  1.5659E+04  1.5659E+04  3.7493E-01
5.9775E-02  1.5656E+04  1.5656E+04  3.7493E-01
5.9790E-02  1.5641E+04  1.5640E+04  3.7493E-01
5.9805E-02  1.5633E+04  1.5632E+04  3.7493E-01
5.9820E-02  1.5624E+04  1.5624E+04  3.7493E-01
5.9835E-02  1.5621E+04  1.5620E+04  3.7493E-01
5.9850E-02  1.5634E+04  1.5633E+04  3.7493E-01
5.9865E-02  1.5612E+04  1.5612E+04  3.7493E-01
5.9880E-02  1.5607E+04  1.5607E+04  3.7493E-01
5.9895E-02  1.5582E+04  1.5582E+04  3.7493E-01
5.9910E-02  1.5575E+04  1.5575E+04  3.7493E-01
5.9925E-02  1.6412E+04  1.6411E+04  3.7493E-01
5.9940E-02  1.6705E+04  1.6704E+04  3.7493E-01
5.9955E-02  1.6089E+04  1.6089E+04  3.7493E-01
5.9970E-02  1.5541E+04  1.5541E+04  3.7493E-01
5.9985E-02  1.6305E+04  1.6305E+04  3.7493E-01
6.0000E-02  1.5524E+04  1.5523E+04  3.7493E-01
6.0030E-02  1.5513E+04  1.5512E+04  3.7493E-01
6.0060E-02  1.6881E+04  1.6881E+04  3.7493E-01
6.0090E-02  1.5473E+04  1.5473E+04  3.7493E-01
6.0120E-02  1.5517E+04  1.5517E+04  3.7493E-01
6.0150E-02  1.5440E+04  1.5440E+04  3.7493E-01
6.0180E-02  1.5423E+04  1.5423E+04  3.7493E-01
6.0210E-02  1.5413E+04  1.5413E+04  3.7493E-01
6.0240E-02  1.5577E+04  1.5577E+04  3.7493E-01
6.0270E-02  1.5374E+04  1.5374E+04  3.7493E-01
6.0300E-02  1.5356E+04  1.5356E+04  3.7493E-01
6.0330E-02  1.5340E+04  1.5339E+04  3.7493E-01
6.0360E-02  1.5325E+04  1.5324E+04  3.7493E-01
6.0390E-02  1.5307E+04  1.5306E+04  3.7493E-01
6.0420E-02  1.5290E+04  1.5290E+04  3.7493E-01
6.0450E-02  1.5274E+04  1.5273E+04  3.7493E-01
6.0480E-02  1.5258E+04  1.5257E+04  3.7493E-01
6.0510E-02  1.5286E+04  1.5286E+04  3.7493E-01
6.0540E-02  1.5225E+04  1.5225E+04  3.7493E-01
6.0570E-02  1.5236E+04  1.5235E+04  3.7493E-01
6.0600E-02  1.5210E+04  1.5210E+04  3.7493E-01
6.0630E-02  1.5176E+04  1.5176E+04  3.7493E-01
6.0660E-02  1.5168E+04  1.5168E+04  3.7493E-01
6.0690E-02  1.5401E+04  1.5401E+04  3.7493E-01
6.0720E-02  1.5127E+04  1.5127E+04  3.7493E-01
6.0750E-02  1.5111E+04  1.5111E+04  3.7492E-01
6.0780E-02  1.5095E+04  1.5095E+04  3.7492E-01
6.0810E-02  1.5078E+04  1.5078E+04  3.7492E-01
6.0840E-02  1.5063E+04  1.5063E+04  3.7492E-01
6.0870E-02  1.5061E+04  1.5061E+04  3.7492E-01
6.0900E-02  1.5036E+04  1.5035E+04  3.7492E-01
6.0930E-02  1.5014E+04  1.5014E+04  3.7492E-01
6.0960E-02  1.4997E+04  1.4997E+04  3.7492E-01
6.0990E-02  1.4981E+04  1.4981E+04  3.7492E-01
6.1020E-02  1.4969E+04  1.4968E+04  3.7492E-01
6.1050E-02  1.5117E+04  1.5116E+04  3.7492E-01
6.1080E-02  1.4933E+04  1.4933E+04  3.7492E-01
6.1110E-02  1.4917E+04  1.4917E+04  3.7492E-01
6.1140E-02  1.4901E+04  1.4900E+04  3.7492E-01
6.1170E-02  1.4885E+04  1.4885E+04  3.7492E-01
6.1200E-02  1.5469E+04  1.5469E+04  3.7492E-01
6.1230E-02  1.4853E+04  1.4853E+04  3.7492E-01
6.1260E-02  1.4855E+04  1.4854E+04  3.7492E-01
6.1290E-02  1.6161E+04  1.6161E+04  3.7492E-01
6.1320E-02  1.4853E+04  1.4853E+04  3.7492E-01
6.1350E-02  1.4808E+04  1.4807E+04  3.7492E-01
6.1380E-02  1.4774E+04  1.4774E+04  3.7492E-01
6.1410E-02  1.4759E+04  1.4758E+04  3.7492E-01
6.1440E-02  1.4768E+04  1.4768E+04  3.7492E-01
6.1470E-02  1.4729E+04  1.4729E+04  3.7492E-01
6.1500E-02  1.4710E+04  1.4710E+04  3.7492E-01
6.1530E-02  1.4694E+04  1.4694E+04  3.7492E-01
6.1560E-02  1.4679E+04  1.4679E+04  3.7492E-01
6.1590E-02  1.5050E+04  1.5049E+04  3.7492E-01
6.1620E-02  1.4647E+04  1.4646E+04  3.7492E-01
6.1650E-02  1.4634E+04  1.4634E+04  3.7492E-01
6.1680E-02  1.4669E+04  1.4668E+04  3.7492E-01
6.1710E-02  1.4603E+04  1.4603E+04  3.7492E-01
6.1740E-02  1.4591E+04  1.4590E+04  3.7492E-01
6.1770E-02  1.4762E+04  1.4762E+04  3.7492E-01
6.1800E-02  1.4598E+04  1.4597E+04  3.7492E-01
6.1830E-02  1.4537E+04  1.4536E+04  3.7492E-01
6.1860E-02  1.4521E+04  1.4520E+04  3.7492E-01
6.1890E-02  1.4505E+04  1.4505E+04  3.7492E-01
6.1920E-02  1.4489E+04  1.4489E+04  3.7492E-01
6.1950E-02  1.4475E+04  1.4475E+04  3.7491E-01
6.1980E-02  1.4460E+04  1.4459E+04  3.7491E-01
6.2010E-02  1.4443E+04  1.4443E+04  3.7491E-01
6.2040E-02  1.4430E+04  1.4430E+04  3.7491E-01
6.2070E-02  1.4444E+04  1.4443E+04  3.7491E-01
6.2100E-02  1.4756E+04  1.4756E+04  3.7491E-01
6.2130E-02  1.4621E+04  1.4621E+04  3.7491E-01
6.2160E-02  1.4388E+04  1.4388E+04  3.7491E-01
6.2190E-02  1.4442E+04  1.4442E+04  3.7491E-01
6.2220E-02  1.4334E+04  1.4333E+04  3.7491E-01
6.2250E-02  1.4318E+04  1.4318E+04  3.7491E-01
6.2280E-02  1.4302E+04  1.4302E+04  3.7491E-01
6.2310E-02  1.4287E+04  1.4287E+04  3.7491E-01
6.2340E-02  1.4280E+04  1.4280E+04  3.7491E-01
6.2370E-02  1.4260E+04  1.4259E+04  3.7491E-01
6.2400E-02  1.4241E+04  1.4241E+04  3.7491E-01
6.2430E-02  1.4226E+04  1.4225E+04  3.7491E-01
6.2460E-02  1.6743E+04  1.6743E+04  3.7491E-01
6.2490E-02  1.4195E+04  1.4194E+04  3.7491E-01
6.2520E-02  1.4181E+04  1.4180E+04  3.7491E-01
6.2550E-02  1.4165E+04  1.4164E+04  3.7491E-01
6.2580E-02  1.4276E+04  1.4276E+04  3.7491E-01
6.2610E-02  1.4133E+04  1.4132E+04  3.7491E-01
6.2640E-02  1.4117E+04  1.4117E+04  3.7491E-01
6.2670E-02  1.4129E+04  1.4128E+04  3.7491E-01
6.2700E-02  1.4087E+04  1.4086E+04  3.7491E-01
6.2730E-02  1.4072E+04  1.4071E+04  3.7491E-01
6.2760E-02  1.4056E+04  1.4055E+04  3.7491E-01
6.2790E-02  1.4050E+04  1.4049E+04  3.7491E-01
6.2820E-02  1.4025E+04  1.4025E+04  3.7491E-01
6.2850E-02  1.4075E+04  1.4074E+04  3.7491E-01
6.2880E-02  1.4131E+04  1.4130E+04  3.7491E-01
6.2910E-02  1.3980E+04  1.3979E+04  3.7491E-01
6.2940E-02  1.3965E+04  1.3964E+04  3.7491E-01
6.2970E-02  1.3950E+04  1.3949E+04  3.7491E-01
6.3000E-02  1.5671E+04  1.5671E+04  3.7491E-01
6.3030E-02  1.6275E+04  1.6275E+04  3.7491E-01
6.3060E-02  1.5000E+04  1.5000E+04  3.7491E-01
6.3090E-02  1.3889E+04  1.3889E+04  3.7491E-01
6.3120E-02  1.4450E+04  1.4450E+04  3.7491E-01
6.3150E-02  1.3995E+04  1.3995E+04  3.7491E-01
6.3180E-02  1.3843E+04  1.3843E+04  3.7490E-01
6.3210E-02  1.3829E+04  1.3829E+04  3.7490E-01
6.3240E-02  1.3814E+04  1.3814E+04  3.7490E-01
6.3270E-02  1.4163E+04  1.4163E+04  3.7490E-01
6.3300E-02  1.3790E+04  1.3790E+04  3.7490E-01
6.3330E-02  1.3767E+04  1.3766E+04  3.7490E-01
6.3360E-02  1.3752E+04  1.3751E+04  3.7490E-01
6.3390E-02  1.3737E+04  1.3736E+04  3.7490E-01
6.3420E-02  1.3721E+04  1.3721E+04  3.7490E-01
6.3450E-02  1.3706E+04  1.3706E+04  3.7490E-01
6.3480E-02  1.3691E+04  1.3691E+04  3.7490E-01
6.3510E-02  1.3676E+04  1.3675E+04  3.7490E-01
6.3540E-02  1.3665E+04  1.3665E+04  3.7490E-01
6.3570E-02  1.4486E+04  1.4485E+04  3.7490E-01
6.3600E-02  1.3631E+04  1.3630E+04  3.7490E-01
6.3630E-02  1.3615E+04  1.3615E+04  3.7490E-01
6.3660E-02  1.3600E+04  1.3600E+04  3.7490E-01
6.3690E-02  1.3585E+04  1.3585E+04  3.7490E-01
6.3720E-02  1.3570E+04  1.3570E+04  3.7490E-01
6.3750E-02  1.3555E+04  1.3555E+04  3.7490E-01
6.3780E-02  1.3540E+04  1.3540E+04  3.7490E-01
6.3810E-02  1.3526E+04  1.3526E+04  3.7490E-01
6.3840E-02  1.3519E+04  1.3519E+04  3.7490E-01
6.3870E-02  1.3496E+04  1.3496E+04  3.7490E-01
6.3900E-02  1.3480E+04  1.3479E+04  3.7490E-01
6.3930E-02  1.3465E+04  1.3464E+04  3.7490E-01
6.3960E-02  1.3450E+04  1.3449E+04  3.7490E-01
6.3990E-02  1.3435E+04  1.3434E+04  3.7490E-01
6.4020E-02  1.3420E+04  1.3419E+04  3.7490E-01
6.4050E-02  1.3405E+04  1.3404E+04  3.7490E-01
6.4080E-02  1.3395E+04  1.3395E+04  3.7490E-01
6.4110E-02  1.3375E+04  1.3374E+04  3.7490E-01
6.4140E-02  1.3360E+04  1.3359E+04  3.7490E-01
6.4170E-02  1.3345E+04  1.3344E+04  3.7490E-01
6.4200E-02  1.3330E+04  1.3329E+04  3.7490E-01
6.4230E-02  1.3315E+04  1.3314E+04  3.7490E-01
6.4260E-02  1.3300E+04  1.3300E+04  3.7490E-01
6.4290E-02  1.3285E+04  1.3285E+04  3.7490E-01
6.4320E-02  1.3271E+04  1.3270E+04  3.7490E-01
6.4350E-02  1.3255E+04  1.3255E+04  3.7490E-01
6.4380E-02  1.3240E+04  1.3240E+04  3.7490E-01
6.4410E-02  1.3225E+04  1.3225E+04  3.7489E-01
6.4440E-02  1.3211E+04  1.3211E+04  3.7489E-01
6.4470E-02  1.3196E+04  1.3196E+04  3.7489E-01
6.4500E-02  1.3418E+04  1.3417E+04  3.7489E-01
6.4530E-02  1.3339E+04  1.3339E+04  3.7489E-01
6.4560E-02  1.3362E+04  1.3362E+04  3.7489E-01
6.4590E-02  1.3138E+04  1.3137E+04  3.7489E-01
6.4620E-02  1.3122E+04  1.3122E+04  3.7489E-01
6.4650E-02  1.3108E+04  1.3107E+04  3.7489E-01
6.4680E-02  1.3092E+04  1.3091E+04  3.7489E-01
6.4710E-02  1.3085E+04  1.3085E+04  3.7489E-01
6.4740E-02  1.3105E+04  1.3104E+04  3.7489E-01
6.4770E-02  1.3047E+04  1.3047E+04  3.7489E-01
6.4800E-02  1.3033E+04  1.3033E+04  3.7489E-01
6.4830E-02  1.3017E+04  1.3016E+04  3.7489E-01
6.4860E-02  1.3002E+04  1.3002E+04  3.7489E-01
6.4890E-02  1.2987E+04  1.2987E+04  3.7489E-01
6.4920E-02  1.2987E+04  1.2987E+04  3.7489E-01
6.4950E-02  1.3729E+04  1.3728E+04  3.7489E-01
6.4980E-02  1.2943E+04  1.2942E+04  3.7489E-01
6.5010E-02  1.2972E+04  1.2972E+04  3.7489E-01
6.5040E-02  1.2913E+04  1.2913E+04  3.7489E-01
6.5070E-02  1.2898E+04  1.2898E+04  3.7489E-01
6.5100E-02  1.2884E+04  1.2883E+04  3.7489E-01
6.5130E-02  1.2869E+04  1.2868E+04  3.7489E-01
6.5160E-02  1.2854E+04  1.2854E+04  3.7489E-01
6.5190E-02  1.2841E+04  1.2841E+04  3.7489E-01
6.5220E-02  1.2826E+04  1.2826E+04  3.7489E-01
6.5250E-02  1.3102E+04  1.3102E+04  3.7489E-01
6.5280E-02  1.2799E+04  1.2798E+04  3.7489E-01
6.5310E-02  1.2790E+04  1.2790E+04  3.7489E-01
6.5340E-02  1.2784E+04  1.2783E+04  3.7489E-01
6.5370E-02  1.4119E+04  1.4119E+04  3.7489E-01
6.5400E-02  1.3332E+04  1.3331E+04  3.7489E-01
6.5430E-02  1.2769E+04  1.2769E+04  3.7489E-01
6.5460E-02  1.2777E+04  1.2776E+04  3.7489E-01
6.5490E-02  1.3244E+04  1.3243E+04  3.7489E-01
6.5520E-02  1.2753E+04  1.2753E+04  3.7489E-01
6.5550E-02  1.2750E+04  1.2749E+04  3.7489E-01
6.5580E-02  1.2737E+04  1.2737E+04  3.7489E-01
6.5610E-02  1.2725E+04  1.2725E+04  3.7489E-01
6.5640E-02  1.2732E+04  1.2731E+04  3.7489E-01
6.5670E-02  1.2697E+04  1.2697E+04  3.7489E-01
6.5700E-02  1.2686E+04  1.2686E+04  3.7489E-01
6.5730E-02  1.2675E+04  1.2675E+04  3.7489E-01
6.5760E-02  1.2740E+04  1.2740E+04  3.7488E-01
6.5790E-02  1.2680E+04  1.2680E+04  3.7488E-01
6.5820E-02  1.2625E+04  1.2625E+04  3.7488E-01
6.5850E-02  1.2610E+04  1.2609E+04  3.7488E-01
6.5880E-02  1.2595E+04  1.2594E+04  3.7488E-01
6.5910E-02  1.2580E+04  1.2580E+04  3.7488E-01
6.5940E-02  1.2566E+04  1.2566E+04  3.7488E-01
6.5970E-02  1.2734E+04  1.2734E+04  3.7488E-01
6.6000E-02  1.2541E+04  1.2540E+04  3.7488E-01
6.6030E-02  1.3146E+04  1.3146E+04  3.7488E-01
6.6060E-02  1.3810E+04  1.3809E+04  3.7488E-01
6.6090E-02  1.2731E+04  1.2731E+04  3.7488E-01
6.6120E-02  1.2478E+04  1.2478E+04  3.7488E-01
6.6150E-02  1.2464E+04  1.2463E+04  3.7488E-01
6.6180E-02  1.2479E+04  1.2478E+04  3.7488E-01
6.6210E-02  1.2433E+04  1.2433E+04  3.7488E-01
6.6240E-02  1.2421E+04  1.2421E+04  3.7488E-01
6.6270E-02  1.2410E+04  1.2409E+04  3.7488E-01
6.6300E-02  1.2411E+04  1.2411E+04  3.7488E-01
6.6330E-02  1.2389E+04  1.2389E+04  3.7488E-01
6.6360E-02  1.2379E+04  1.2378E+04  3.7488E-01
6.6390E-02  1.2384E+04  1.2384E+04  3.7488E-01
6.6420E-02  1.2455E+04  1.2455E+04  3.7488E-01
6.6450E-02  1.2349E+04  1.2348E+04  3.7488E-01
6.6480E-02  1.2341E+04  1.2341E+04  3.7488E-01
6.6510E-02  1.2583E+04  1.2583E+04  3.7488E-01
6.6540E-02  1.2316E+04  1.2316E+04  3.7488E-01
6.6570E-02  1.2386E+04  1.2385E+04  3.7488E-01
6.6600E-02  1.2287E+04  1.2286E+04  3.7488E-01
6.6630E-02  1.2272E+04  1.2272E+04  3.7488E-01
6.6660E-02  1.2321E+04  1.2321E+04  3.7488E-01
6.6690E-02  1.2249E+04  1.2248E+04  3.7488E-01
6.6720E-02  1.2593E+04  1.2593E+04  3.7488E-01
6.6750E-02  1.2421E+04  1.2421E+04  3.7488E-01
6.6780E-02  1.2199E+04  1.2199E+04  3.7488E-01
6.6810E-02  1.2188E+04  1.2188E+04  3.7488E-01
6.6840E-02  1.2206E+04  1.2205E+04  3.7488E-01
6.6870E-02  1.2154E+04  1.2154E+04  3.7488E-01
6.6900E-02  1.2139E+04  1.2139E+04  3.7488E-01
6.6930E-02  1.2134E+04  1.2134E+04  3.7488E-01
6.6960E-02  1.2111E+04  1.2111E+04  3.7488E-01
6.6990E-02  1.2095E+04  1.2095E+04  3.7488E-01
6.7020E-02  1.2782E+04  1.2782E+04  3.7488E-01
6.7050E-02  1.2067E+04  1.2067E+04  3.7487E-01
6.7080E-02  1.2051E+04  1.2051E+04  3.7487E-01
6.7110E-02  1.2037E+04  1.2036E+04  3.7487E-01
6.7140E-02  1.3410E+04  1.3409E+04  3.7487E-01
6.7170E-02  1.2007E+04  1.2007E+04  3.7487E-01
6.7200E-02  1.1993E+04  1.1993E+04  3.7487E-01
6.7230E-02  1.1979E+04  1.1978E+04  3.7487E-01
6.7260E-02  1.1970E+04  1.1969E+04  3.7487E-01
6.7290E-02  1.1949E+04  1.1949E+04  3.7487E-01
6.7320E-02  1.1934E+04  1.1934E+04  3.7487E-01
6.7350E-02  1.1920E+04  1.1919E+04  3.7487E-01
6.7380E-02  1.1906E+04  1.1906E+04  3.7487E-01
6.7410E-02  1.1895E+04  1.1895E+04  3.7487E-01
6.7440E-02  1.1876E+04  1.1875E+04  3.7487E-01
6.7470E-02  1.1861E+04  1.1861E+04  3.7487E-01
6.7500E-02  1.1847E+04  1.1846E+04  3.7487E-01
6.7530E-02  1.1834E+04  1.1834E+04  3.7487E-01
6.7560E-02  1.1828E+04  1.1828E+04  3.7487E-01
6.7590E-02  1.5973E+04  1.5973E+04  3.7487E-01
6.7620E-02  1.1789E+04  1.1789E+04  3.7487E-01
6.7650E-02  1.1774E+04  1.1774E+04  3.7487E-01
6.7680E-02  1.4791E+04  1.4790E+04  3.7487E-01
6.7710E-02  1.2341E+04  1.2341E+04  3.7487E-01
6.7740E-02  1.1918E+04  1.1917E+04  3.7488E-01
6.7770E-02  1.1716E+04  1.1715E+04  3.7488E-01
6.7800E-02  1.1701E+04  1.1701E+04  3.7488E-01
6.7830E-02  1.1687E+04  1.1686E+04  3.7488E-01
6.7860E-02  1.1672E+04  1.1672E+04  3.7488E-01
6.7890E-02  1.1658E+04  1.1657E+04  3.7488E-01
6.7920E-02  1.1643E+04  1.1643E+04  3.7488E-01
6.7950E-02  1.1628E+04  1.1628E+04  3.7487E-01
6.7980E-02  1.1625E+04  1.1625E+04  3.7487E-01
6.8010E-02  1.1600E+04  1.1600E+04  3.7487E-01
6.8040E-02  1.1637E+04  1.1637E+04  3.7487E-01
6.8070E-02  1.1572E+04  1.1571E+04  3.7487E-01
6.8100E-02  1.1556E+04  1.1556E+04  3.7487E-01
6.8130E-02  1.1542E+04  1.1541E+04  3.7487E-01
6.8160E-02  1.1548E+04  1.1548E+04  3.7487E-01
6.8190E-02  1.1515E+04  1.1514E+04  3.7487E-01
6.8220E-02  1.1498E+04  1.1498E+04  3.7487E-01
6.8250E-02  1.4873E+04  1.4873E+04  3.7487E-01
6.8280E-02  1.1469E+04  1.1469E+04  3.7487E-01
6.8310E-02  1.1455E+04  1.1454E+04  3.7487E-01
6.8340E-02  1.1440E+04  1.1440E+04  3.7487E-01
6.8370E-02  1.1427E+04  1.1427E+04  3.7487E-01
6.8400E-02  1.1412E+04  1.1411E+04  3.7487E-01
6.8430E-02  1.1423E+04  1.1422E+04  3.7487E-01
6.8460E-02  1.1383E+04  1.1382E+04  3.7487E-01
6.8490E-02  1.1368E+04  1.1368E+04  3.7487E-01
6.8520E-02  1.1469E+04  1.1469E+04  3.7487E-01
6.8550E-02  1.1341E+04  1.1340E+04  3.7487E-01
6.8580E-02  1.1328E+04  1.1328E+04  3.7487E-01
6.8610E-02  1.1389E+04  1.1389E+04  3.7487E-01
6.8640E-02  1.1754E+04  1.1754E+04  3.7487E-01
6.8670E-02  1.1283E+04  1.1282E+04  3.7492E-01
6.8700E-02  1.1272E+04  1.1272E+04  3.7492E-01
6.8730E-02  1.1254E+04  1.1253E+04  3.7492E-01
6.8760E-02  1.1240E+04  1.1239E+04  3.7495E-01
6.8790E-02  1.2530E+04  1.2529E+04  3.7495E-01
6.8820E-02  1.1220E+04  1.1220E+04  3.7495E-01
6.8850E-02  1.1196E+04  1.1196E+04  3.7495E-01
6.8880E-02  1.1223E+04  1.1222E+04  3.7495E-01
6.8910E-02  1.1168E+04  1.1167E+04  3.7495E-01
6.8940E-02  1.1153E+04  1.1153E+04  3.7495E-01
6.8970E-02  1.1139E+04  1.1138E+04  3.7495E-01
6.9000E-02  1.1124E+04  1.1124E+04  3.7495E-01
6.9030E-02  1.1110E+04  1.1110E+04  3.7495E-01
6.9060E-02  1.1096E+04  1.1095E+04  3.7495E-01
6.9090E-02  1.1081E+04  1.1081E+04  3.7495E-01
6.9120E-02  1.1067E+04  1.1067E+04  3.7495E-01
6.9150E-02  1.1066E+04  1.1065E+04  3.7495E-01
6.9180E-02  1.1040E+04  1.1040E+04  3.7494E-01
6.9210E-02  1.1024E+04  1.1024E+04  3.7494E-01
6.9240E-02  1.1144E+04  1.1144E+04  3.7494E-01
6.9270E-02  1.0996E+04  1.0995E+04  3.7494E-01
6.9300E-02  1.0981E+04  1.0981E+04  3.7494E-01
6.9330E-02  1.0984E+04  1.0983E+04  3.7494E-01
6.9360E-02  1.0953E+04  1.0953E+04  3.7494E-01
6.9390E-02  1.0943E+04  1.0943E+04  3.7494E-01
6.9420E-02  1.0925E+04  1.0925E+04  3.7494E-01
6.9450E-02  1.0911E+04  1.0911E+04  3.7494E-01
6.9480E-02  1.0897E+04  1.0897E+04  3.7494E-01
6.9510E-02  1.0883E+04  1.0883E+04  3.7494E-01
6.9540E-02  1.0870E+04  1.0870E+04  3.7494E-01
6.9570E-02  1.0856E+04  1.0856E+04  3.7494E-01
6.9600E-02  1.0843E+04  1.0842E+04  3.7494E-01
6.9630E-02  1.0829E+04  1.0828E+04  3.7494E-01
6.9660E-02  1.0974E+04  1.0973E+04  3.7494E-01
6.9690E-02  1.0801E+04  1.0801E+04  3.7494E-01
6.9720E-02  1.0788E+04  1.0787E+04  3.7494E-01
6.9750E-02  1.0774E+04  1.0774E+04  3.7494E-01
6.9780E-02  1.0831E+04  1.0830E+04  3.7494E-01
6.9810E-02  1.0748E+04  1.0748E+04  3.7494E-01
6.9840E-02  1.0739E+04  1.0738E+04  3.7494E-01
6.9870E-02  1.0725E+04  1.0724E+04  3.7494E-01
6.9900E-02  1.0708E+04  1.0707E+04  3.7494E-01
6.9930E-02  1.0694E+04  1.0694E+04  3.7494E-01
6.9960E-02  1.0735E+04  1.0735E+04  3.7494E-01
6.9990E-02  1.0668E+04  1.0668E+04  3.7494E-01
7.0020E-02  1.0655E+04  1.0654E+04  3.7494E-01
7.0050E-02  1.0646E+04  1.0646E+04  3.7494E-01
7.0080E-02  1.0630E+04  1.0629E+04  3.7494E-01
7.0110E-02  1.1915E+04  1.1915E+04  3.7494E-01
7.0140E-02  1.0603E+04  1.0602E+04  3.7494E-01
7.0170E-02  1.0590E+04  1.0589E+04  3.7494E-01
7.0200E-02  1.0951E+04  1.0950E+04  3.7494E-01
7.0230E-02  1.0776E+04  1.0775E+04  3.7494E-01
7.0260E-02  1.0551E+04  1.0551E+04  3.7494E-01
7.0290E-02  1.0544E+04  1.0543E+04  3.7494E-01
7.0320E-02  1.0527E+04  1.0526E+04  3.7494E-01
7.0350E-02  1.0513E+04  1.0513E+04  3.7494E-01
7.0380E-02  1.0547E+04  1.0547E+04  3.7494E-01
7.0410E-02  1.0489E+04  1.0488E+04  3.7494E-01
7.0440E-02  1.0475E+04  1.0475E+04  3.7494E-01
7.0470E-02  1.0464E+04  1.0464E+04  3.7494E-01
7.0500E-02  1.0456E+04  1.0455E+04  3.7493E-01
7.0530E-02  1.0438E+04  1.0437E+04  3.7493E-01
7.0560E-02  1.0425E+04  1.0425E+04  3.7493E-01
7.0590E-02  1.0413E+04  1.0412E+04  3.7493E-01
7.0620E-02  1.0401E+04  1.0400E+04  3.7493E-01
7.0650E-02  1.0388E+04  1.0388E+04  3.7493E-01
7.0680E-02  1.0376E+04  1.0375E+04  3.7493E-01
7.0710E-02  1.0364E+04  1.0363E+04  3.7493E-01
7.0740E-02  1.0351E+04  1.0351E+04  3.7493E-01
7.0770E-02  1.0339E+04  1.0339E+04  3.7493E-01
7.0800E-02  1.0327E+04  1.0327E+04  3.7493E-01
7.0830E-02  1.0315E+04  1.0314E+04  3.7493E-01
7.0860E-02  1.0303E+04  1.0302E+04  3.7493E-01
7.0890E-02  1.0291E+04  1.0290E+04  3.7493E-01
7.0920E-02  1.0279E+04  1.0278E+04  3.7493E-01
7.0950E-02  1.0267E+04  1.0266E+04  3.7493E-01
7.0980E-02  1.0255E+04  1.0254E+04  3.7493E-01
7.1010E-02  1.0243E+04  1.0242E+04  3.7493E-01
7.1040E-02  1.0231E+04  1.0230E+04  3.7493E-01
7.1070E-02  1.0219E+04  1.0219E+04  3.7493E-01
7.1100E-02  1.0207E+04  1.0207E+04  3.7493E-01
7.1130E-02  1.0195E+04  1.0195E+04  3.7493E-01
7.1160E-02  1.0183E+04  1.0183E+04  3.7493E-01
7.1190E-02  1.0172E+04  1.0171E+04  3.7493E-01
7.1220E-02  1.0160E+04  1.0160E+04  3.7493E-01
7.1250E-02  1.0150E+04  1.0150E+04  3.7493E-01
7.1280E-02  1.0216E+04  1.0215E+04  3.7493E-01
7.1310E-02  1.0272E+04  1.0271E+04  3.7493E-01
7.1340E-02  1.0114E+04  1.0113E+04  3.7493E-01
7.1370E-02  1.0102E+04  1.0102E+04  3.7493E-01
7.1400E-02  1.0090E+04  1.0090E+04  3.7493E-01
7.1430E-02  1.0542E+04  1.0541E+04  3.7493E-01
7.1460E-02  1.0094E+04  1.0093E+04  3.7493E-01
7.1490E-02  1.0057E+04  1.0056E+04  3.7493E-01
7.1520E-02  1.0045E+04  1.0045E+04  3.7493E-01
7.1550E-02  1.0033E+04  1.0033E+04  3.7493E-01
7.1580E-02  1.0022E+04  1.0022E+04  3.7493E-01
7.1610E-02  1.0010E+04  1.0010E+04  3.7493E-01
7.1640E-02  9.9993E+03  9.9989E+03  3.7493E-01
7.1670E-02  9.9885E+03  9.9882E+03  3.7493E-01
7.1700E-02  1.0029E+04  1.0029E+04  3.7493E-01
7.1730E-02  1.1097E+04  1.1096E+04  3.7493E-01
7.1760E-02  9.9612E+03  9.9608E+03  3.7493E-01
7.1790E-02  9.9432E+03  9.9428E+03  3.7493E-01
7.1820E-02  9.9318E+03  9.9315E+03  3.7493E-01
7.1850E-02  9.9207E+03  9.9203E+03  3.7493E-01
7.1880E-02  9.9097E+03  9.9094E+03  3.7493E-01
7.1910E-02  9.8994E+03  9.8990E+03  3.7493E-01
7.1940E-02  9.8935E+03  9.8931E+03  3.7493E-01
7.1970E-02  9.8821E+03  9.8817E+03  3.7493E-01
7.2000E-02  9.8659E+03  9.8656E+03  3.7493E-01
7.2030E-02  9.8555E+03  9.8551E+03  3.7492E-01
7.2060E-02  9.8435E+03  9.8432E+03  3.7492E-01
7.2090E-02  9.8326E+03  9.8322E+03  3.7492E-01
7.2120E-02  9.8216E+03  9.8213E+03  3.7492E-01
7.2150E-02  9.8108E+03  9.8104E+03  3.7492E-01
7.2180E-02  9.8105E+03  9.8101E+03  3.7492E-01
7.2210E-02  9.7891E+03  9.7887E+03  3.7492E-01
7.2240E-02  9.7796E+03  9.7793E+03  3.7492E-01
7.2270E-02  9.7675E+03  9.7671E+03  3.7492E-01
7.2300E-02  9.7567E+03  9.7564E+03  3.7492E-01
7.2330E-02  9.7460E+03  9.7456E+03  3.7492E-01
7.2360E-02  9.7354E+03  9.7350E+03  3.7492E-01
7.2390E-02  9.7265E+03  9.7261E+03  3.7492E-01
7.2420E-02  9.7478E+03  9.7474E+03  3.7492E-01
7.2450E-02  1.6697E+04  1.6696E+04  3.7492E-01
7.2480E-02  9.6931E+03  9.6927E+03  3.7492E-01
7.2510E-02  1.2115E+04  1.2115E+04  3.7492E-01
7.2540E-02  9.6716E+03  9.6712E+03  3.7492E-01
7.2570E-02  9.6756E+03  9.6752E+03  3.7492E-01
7.2600E-02  9.6548E+03  9.6544E+03  3.7492E-01
7.2630E-02  9.6463E+03  9.6459E+03  3.7492E-01
7.2660E-02  9.6296E+03  9.6292E+03  3.7492E-01
7.2690E-02  9.6201E+03  9.6197E+03  3.7492E-01
7.2720E-02  9.6086E+03  9.6083E+03  3.7492E-01
7.2750E-02  9.5985E+03  9.5981E+03  3.7492E-01
7.2780E-02  9.5878E+03  9.5874E+03  3.7492E-01
7.2810E-02  9.5790E+03  9.5786E+03  3.7492E-01
7.2840E-02  9.5671E+03  9.5668E+03  3.7492E-01
7.2870E-02  9.5571E+03  9.5567E+03  3.7492E-01
7.2900E-02  9.5465E+03  9.5461E+03  3.7492E-01
7.2930E-02  9.6784E+03  9.6780E+03  3.7492E-01
7.2960E-02  9.5260E+03  9.5256E+03  3.7492E-01
7.2990E-02  9.5270E+03  9.5266E+03  3.7492E-01
7.3020E-02  9.5058E+03  9.5055E+03  3.7492E-01
7.3050E-02  9.6116E+03  9.6112E+03  3.7492E-01
7.3080E-02  9.4856E+03  9.4853E+03  3.7492E-01
7.3110E-02  9.7289E+03  9.7285E+03  3.7492E-01
7.3140E-02  9.5351E+03  9.5347E+03  3.7492E-01
7.3170E-02  1.0439E+04  1.0439E+04  3.7492E-01
7.3200E-02  9.6228E+03  9.6224E+03  3.7492E-01
7.3230E-02  9.4357E+03  9.4353E+03  3.7492E-01
7.3260E-02  9.4276E+03  9.4273E+03  3.7492E-01
7.3290E-02  9.4156E+03  9.4153E+03  3.7492E-01
7.3320E-02  9.4057E+03  9.4054E+03  3.7492E-01
7.3350E-02  9.3958E+03  9.3955E+03  3.7492E-01
7.3380E-02  9.3860E+03  9.3856E+03  3.7492E-01
7.3410E-02  9.3761E+03  9.3757E+03  3.7492E-01
7.3440E-02  9.3663E+03  9.3659E+03  3.7492E-01
7.3470E-02  9.3565E+03  9.3561E+03  3.7491E-01
7.3500E-02  9.3467E+03  9.3463E+03  3.7491E-01
7.3530E-02  9.3368E+03  9.3364E+03  3.7491E-01
7.3560E-02  9.3269E+03  9.3266E+03  3.7491E-01
7.3590E-02  9.3173E+03  9.3169E+03  3.7491E-01
7.3620E-02  9.3072E+03  9.3069E+03  3.7491E-01
7.3650E-02  9.2974E+03  9.2971E+03  3.7491E-01
7.3680E-02  9.2876E+03  9.2873E+03  3.7491E-01
7.3710E-02  9.2785E+03  9.2781E+03  3.7491E-01
7.3740E-02  9.2714E+03  9.2710E+03  3.7491E-01
7.3770E-02  9.2609E+03  9.2605E+03  3.7491E-01
7.3800E-02  9.2539E+03  9.2535E+03  3.7491E-01
7.3830E-02  9.2437E+03  9.2433E+03  3.7491E-01
7.3860E-02  9.2352E+03  9.2348E+03  3.7491E-01
7.3890E-02  9.2268E+03  9.2264E+03  3.7491E-01
7.3920E-02  9.2184E+03  9.2181E+03  3.7491E-01
7.3950E-02  9.2101E+03  9.2097E+03  3.7491E-01
7.3980E-02  9.2018E+03  9.2014E+03  3.7491E-01
7.4010E-02  9.1935E+03  9.1931E+03  3.7491E-01
7.4040E-02  9.1851E+03  9.1847E+03  3.7491E-01
7.4070E-02  9.1767E+03  9.1764E+03  3.7491E-01
7.4100E-02  9.1684E+03  9.1681E+03  3.7491E-01
7.4130E-02  9.1599E+03  9.1596E+03  3.7491E-01
7.4160E-02  9.1515E+03  9.1511E+03  3.7491E-01
7.4190E-02  9.1670E+03  9.1666E+03  3.7491E-01
7.4220E-02  9.2974E+03  9.2970E+03  3.7491E-01
7.4250E-02  9.1501E+03  9.1497E+03  3.7491E-01
7.4280E-02  1.5659E+04  1.5659E+04  3.7491E-01
7.4310E-02  9.1070E+03  9.1067E+03  3.7491E-01
7.4340E-02  9.0973E+03  9.0969E+03  3.7491E-01
7.4370E-02  9.0878E+03  9.0874E+03  3.7491E-01
7.4400E-02  9.0798E+03  9.0794E+03  3.7491E-01
7.4430E-02  9.0694E+03  9.0690E+03  3.7491E-01
7.4460E-02  9.0597E+03  9.0593E+03  3.7491E-01
7.4490E-02  9.0504E+03  9.0501E+03  3.7491E-01
7.4520E-02  9.0423E+03  9.0419E+03  3.7491E-01
7.4550E-02  9.0424E+03  9.0420E+03  3.7491E-01
7.4580E-02  9.0227E+03  9.0224E+03  3.7491E-01
7.4610E-02  9.0131E+03  9.0127E+03  3.7491E-01
7.4640E-02  9.0037E+03  9.0033E+03  3.7491E-01
7.4670E-02  8.9944E+03  8.9940E+03  3.7491E-01
7.4700E-02  8.9852E+03  8.9848E+03  3.7491E-01
7.4730E-02  8.9760E+03  8.9756E+03  3.7491E-01
7.4760E-02  8.9675E+03  8.9672E+03  3.7491E-01
7.4790E-02  9.0500E+03  9.0496E+03  3.7491E-01
7.4820E-02  8.9741E+03  8.9737E+03  3.7491E-01
7.4850E-02  8.9397E+03  8.9394E+03  3.7491E-01
7.4880E-02  8.9397E+03  8.9394E+03  3.7490E-01
7.4910E-02  8.9553E+03  8.9550E+03  3.7490E-01
7.4940E-02  8.9121E+03  8.9117E+03  3.7490E-01
7.4970E-02  8.9331E+03  8.9328E+03  3.7490E-01
7.5000E-02  8.8947E+03  8.8943E+03  3.7490E-01
7.5030E-02  9.9395E+03  9.9392E+03  3.7490E-01
7.5060E-02  8.8754E+03  8.8750E+03  3.7490E-01
7.5090E-02  8.8661E+03  8.8657E+03  3.7490E-01
7.5120E-02  8.8570E+03  8.8566E+03  3.7490E-01
7.5150E-02  8.8480E+03  8.8477E+03  3.7490E-01
7.5180E-02  8.8492E+03  8.8488E+03  3.7490E-01
7.5210E-02  8.8305E+03  8.8301E+03  3.7490E-01
7.5240E-02  8.8226E+03  8.8222E+03  3.7490E-01
7.5270E-02  8.8177E+03  8.8173E+03  3.7490E-01
7.5300E-02  8.8273E+03  8.8269E+03  3.7490E-01
7.5330E-02  8.7993E+03  8.7989E+03  3.7490E-01
7.5360E-02  9.0155E+03  9.0152E+03  3.7490E-01
7.5390E-02  8.7912E+03  8.7908E+03  3.7490E-01
7.5420E-02  8.7713E+03  8.7709E+03  3.7490E-01
7.5450E-02  8.7659E+03  8.7655E+03  3.7490E-01
7.5480E-02  8.7532E+03  8.7528E+03  3.7490E-01
7.5510E-02  8.7448E+03  8.7444E+03  3.7490E-01
7.5540E-02  8.7369E+03  8.7365E+03  3.7490E-01
7.5570E-02  8.7318E+03  8.7314E+03  3.7490E-01
7.5600E-02  8.7231E+03  8.7227E+03  3.7490E-01
7.5630E-02  8.7456E+03  8.7452E+03  3.7490E-01
7.5660E-02  8.7030E+03  8.7026E+03  3.7490E-01
7.5690E-02  8.7699E+03  8.7696E+03  3.7490E-01
7.5720E-02  8.6902E+03  8.6899E+03  3.7490E-01
7.5750E-02  8.6760E+03  8.6756E+03  3.7490E-01
7.5780E-02  8.6672E+03  8.6668E+03  3.7490E-01
7.5810E-02  8.6586E+03  8.6582E+03  3.7490E-01
7.5840E-02  8.6528E+03  8.6525E+03  3.7490E-01
7.5870E-02  8.6815E+03  8.6811E+03  3.7490E-01
7.5900E-02  8.7204E+03  8.7200E+03  3.7490E-01
7.5930E-02  8.6256E+03  8.6252E+03  3.7490E-01
7.5960E-02  8.9788E+03  8.9784E+03  3.7490E-01
7.5990E-02  8.6092E+03  8.6088E+03  3.7490E-01
7.6020E-02  8.6013E+03  8.6009E+03  3.7490E-01
7.6050E-02  8.6376E+03  8.6373E+03  3.7490E-01
7.6080E-02  8.6668E+03  8.6665E+03  3.7490E-01
7.6110E-02  8.5752E+03  8.5749E+03  3.7490E-01
7.6140E-02  8.5770E+03  8.5766E+03  3.7490E-01
7.6170E-02  8.5585E+03  8.5581E+03  3.7490E-01
7.6200E-02  8.5507E+03  8.5503E+03  3.7490E-01
7.6230E-02  8.5424E+03  8.5420E+03  3.7490E-01
7.6260E-02  8.5346E+03  8.5343E+03  3.7489E-01
7.6290E-02  8.5299E+03  8.5295E+03  3.7492E-01
7.6320E-02  8.5233E+03  8.5229E+03  3.7492E-01
7.6350E-02  8.5123E+03  8.5119E+03  3.7492E-01
7.6380E-02  8.5042E+03  8.5038E+03  3.7492E-01
7.6410E-02  8.5552E+03  8.5548E+03  3.7492E-01
7.6440E-02  8.4865E+03  8.4861E+03  3.7492E-01
7.6470E-02  8.4798E+03  8.4794E+03  3.7492E-01
7.6500E-02  8.4695E+03  8.4691E+03  3.7492E-01
7.6530E-02  8.4628E+03  8.4625E+03  3.7492E-01
7.6560E-02  8.4679E+03  8.4675E+03  3.7492E-01
7.6590E-02  8.4442E+03  8.4438E+03  3.7492E-01
7.6620E-02  8.4888E+03  8.4884E+03  3.7492E-01
7.6650E-02  8.4333E+03  8.4329E+03  3.7492E-01
7.6680E-02  8.4578E+03  8.4574E+03  3.7492E-01
7.6710E-02  8.4139E+03  8.4135E+03  3.7492E-01
7.6740E-02  8.4018E+03  8.4015E+03  3.7491E-01
7.6770E-02  8.3936E+03  8.3932E+03  3.7491E-01
7.6800E-02  8.3849E+03  8.3845E+03  3.7491E-01
7.6830E-02  8.3766E+03  8.3762E+03  3.7491E-01
7.6860E-02  8.4424E+03  8.4420E+03  3.7491E-01
7.6890E-02  8.6474E+03  8.6470E+03  3.7491E-01
7.6920E-02  8.3515E+03  8.3511E+03  3.7491E-01
7.6950E-02  8.3440E+03  8.3437E+03  3.7491E-01
7.6980E-02  8.3382E+03  8.3378E+03  3.7491E-01
7.7010E-02  8.3337E+03  8.3333E+03  3.7491E-01
7.7040E-02  8.3362E+03  8.3358E+03  3.7491E-01
7.7070E-02  8.3099E+03  8.3096E+03  3.7491E-01
7.7100E-02  8.3017E+03  8.3013E+03  3.7491E-01
7.7130E-02  8.2972E+03  8.2968E+03  3.7491E-01
7.7160E-02  8.5795E+03  8.5791E+03  3.7491E-01
7.7190E-02  8.2843E+03  8.2839E+03  3.7491E-01
7.7220E-02  8.2962E+03  8.2958E+03  3.7491E-01
7.7250E-02  8.2795E+03  8.2791E+03  3.7491E-01
7.7280E-02  8.2533E+03  8.2530E+03  3.7491E-01
7.7310E-02  8.2439E+03  8.2435E+03  3.7491E-01
7.7340E-02  8.2355E+03  8.2351E+03  3.7491E-01
7.7370E-02  8.2273E+03  8.2269E+03  3.7491E-01
7.7400E-02  8.2200E+03  8.2196E+03  3.7491E-01
7.7430E-02  8.2109E+03  8.2106E+03  3.7491E-01
7.7460E-02  8.2027E+03  8.2023E+03  3.7491E-01
7.7490E-02  8.1945E+03  8.1942E+03  3.7491E-01
7.7520E-02  8.1887E+03  8.1884E+03  3.7491E-01
7.7550E-02  8.1791E+03  8.1787E+03  3.7491E-01
7.7580E-02  8.1825E+03  8.1821E+03  3.7491E-01
7.7610E-02  8.1652E+03  8.1648E+03  3.7491E-01
7.7640E-02  8.1543E+03  8.1539E+03  3.7491E-01
7.7670E-02  8.1462E+03  8.1458E+03  3.7491E-01
7.7700E-02  8.1384E+03  8.1380E+03  3.7491E-01
7.7730E-02  8.1296E+03  8.1292E+03  3.7491E-01
7.7760E-02  8.1413E+03  8.1409E+03  3.7491E-01
7.7790E-02  8.7669E+03  8.7665E+03  3.7491E-01
7.7820E-02  8.1071E+03  8.1067E+03  3.7491E-01
7.7850E-02  8.1093E+03  8.1090E+03  3.7491E-01
7.7880E-02  8.0909E+03  8.0905E+03  3.7491E-01
7.7910E-02  8.0815E+03  8.0812E+03  3.7491E-01
7.7940E-02  8.0737E+03  8.0733E+03  3.7491E-01
7.7970E-02  8.0676E+03  8.0672E+03  3.7491E-01
7.8000E-02  2.1116E+04  2.1116E+04  3.7491E-01
7.8030E-02  8.0509E+03  8.0505E+03  3.7491E-01
7.8060E-02  8.0466E+03  8.0462E+03  3.7491E-01
7.8090E-02  8.0334E+03  8.0331E+03  3.7491E-01
7.8120E-02  8.0252E+03  8.0248E+03  3.7491E-01
7.8150E-02  8.0175E+03  8.0171E+03  3.7491E-01
7.8180E-02  8.0094E+03  8.0090E+03  3.7491E-01
7.8210E-02  8.0018E+03  8.0014E+03  3.7491E-01
7.8240E-02  7.9951E+03  7.9947E+03  3.7491E-01
7.8270E-02  9.7109E+03  9.7105E+03  3.7491E-01
7.8300E-02  7.9914E+03  7.9910E+03  3.7491E-01
7.8330E-02  7.9719E+03  7.9715E+03  3.7491E-01
7.8360E-02  7.9703E+03  7.9699E+03  3.7491E-01
7.8390E-02  7.9759E+03  7.9755E+03  3.7491E-01
7.8420E-02  7.9845E+03  7.9841E+03  3.7491E-01
7.8450E-02  8.0767E+03  8.0764E+03  3.7491E-01
7.8480E-02  8.0054E+03  8.0050E+03  3.7491E-01
7.8510E-02  8.0163E+03  8.0159E+03  3.7491E-01
7.8540E-02  8.0283E+03  8.0279E+03  3.7491E-01
7.8570E-02  8.0461E+03  8.0458E+03  3.7491E-01
7.8600E-02  8.0438E+03  8.0434E+03  3.7491E-01
7.8630E-02  8.0498E+03  8.0495E+03  3.7491E-01
7.8660E-02  8.0531E+03  8.0527E+03  3.7491E-01
7.8690E-02  8.0453E+03  8.0449E+03  3.7491E-01
7.8720E-02  8.0376E+03  8.0372E+03  3.7491E-01
7.8750E-02  8.0298E+03  8.0294E+03  3.7491E-01
7.8780E-02  8.0221E+03  8.0218E+03  3.7491E-01
7.8810E-02  8.0144E+03  8.0140E+03  3.7491E-01
7.8840E-02  8.0070E+03  8.0066E+03  3.7491E-01
7.8870E-02  7.9990E+03  7.9986E+03  3.7491E-01
7.8900E-02  7.9913E+03  7.9910E+03  3.7491E-01
7.8930E-02  7.9837E+03  7.9833E+03  3.7491E-01
7.8960E-02  7.9760E+03  7.9756E+03  3.7491E-01
7.8990E-02  7.9684E+03  7.9680E+03  3.7491E-01
7.9020E-02  7.9607E+03  7.9603E+03  3.7491E-01
7.9050E-02  7.9531E+03  7.9527E+03  3.7491E-01
7.9080E-02  7.9454E+03  7.9451E+03  3.7491E-01
7.9110E-02  7.9378E+03  7.9374E+03  3.7491E-01
7.9140E-02  7.9302E+03  7.9298E+03  3.7491E-01
7.9170E-02  7.9226E+03  7.9222E+03  3.7491E-01
7.9200E-02  7.9150E+03  7.9146E+03  3.7491E-01
7.9230E-02  7.9091E+03  7.9087E+03  3.7491E-01
7.9260E-02  7.8998E+03  7.8994E+03  3.7491E-01
7.9290E-02  7.8922E+03  7.8918E+03  3.7491E-01
7.9320E-02  7.8847E+03  7.8843E+03  3.7491E-01
7.9350E-02  7.8771E+03  7.8767E+03  3.7491E-01
7.9380E-02  7.8695E+03  7.8691E+03  3.7491E-01
7.9410E-02  7.8619E+03  7.8616E+03  3.7491E-01
7.9440E-02  7.8544E+03  7.8540E+03  3.7491E-01
7.9470E-02  7.8988E+03  7.8984E+03  3.7490E-01
7.9500E-02  7.8395E+03  7.8391E+03  3.7490E-01
7.9530E-02  7.8318E+03  7.8314E+03  3.7490E-01
7.9560E-02  7.8243E+03  7.8239E+03  3.7490E-01
7.9590E-02  7.8182E+03  7.8178E+03  3.7490E-01
7.9620E-02  7.8210E+03  7.8207E+03  3.7490E-01
7.9650E-02  7.8018E+03  7.8014E+03  3.7490E-01
7.9680E-02  7.7942E+03  7.7939E+03  3.7490E-01
7.9710E-02  7.7867E+03  7.7863E+03  3.7490E-01
7.9740E-02  7.7791E+03  7.7788E+03  3.7490E-01
7.9770E-02  7.7716E+03  7.7712E+03  3.7490E-01
7.9800E-02  7.7640E+03  7.7637E+03  3.7490E-01
7.9830E-02  7.7565E+03  7.7561E+03  3.7490E-01
7.9860E-02  7.7489E+03  7.7485E+03  3.7490E-01
7.9890E-02  7.7414E+03  7.7410E+03  3.7490E-01
7.9920E-02  7.7347E+03  7.7343E+03  3.7490E-01
7.9950E-02  7.7263E+03  7.7259E+03  3.7490E-01
7.9980E-02  7.7187E+03  7.7183E+03  3.7490E-01
8.0010E-02  7.7145E+03  7.7141E+03  3.7490E-01
8.0040E-02  7.7036E+03  7.7033E+03  3.7490E-01
8.0070E-02  7.6961E+03  7.6957E+03  3.7490E-01
8.0100E-02  7.6886E+03  7.6882E+03  3.7490E-01
8.0130E-02  7.6811E+03  7.6807E+03  3.7490E-01
8.0160E-02  7.6735E+03  7.6732E+03  3.7490E-01
8.0190E-02  7.6661E+03  7.6657E+03  3.7490E-01
8.0220E-02  7.6585E+03  7.6581E+03  3.7490E-01
8.0250E-02  7.6510E+03  7.6506E+03  3.7490E-01
8.0280E-02  7.6436E+03  7.6432E+03  3.7490E-01
8.0310E-02  7.6360E+03  7.6357E+03  3.7490E-01
8.0340E-02  7.6286E+03  7.6282E+03  3.7490E-01
8.0370E-02  7.6211E+03  7.6207E+03  3.7490E-01
8.0400E-02  7.6136E+03  7.6132E+03  3.7490E-01
8.0430E-02  7.6061E+03  7.6058E+03  3.7490E-01
8.0460E-02  7.5987E+03  7.5983E+03  3.7490E-01
8.0490E-02  7.5914E+03  7.5910E+03  3.7490E-01
8.0520E-02  7.5838E+03  7.5834E+03  3.7490E-01
8.0550E-02  7.5763E+03  7.5760E+03  3.7490E-01
8.0580E-02  7.5692E+03  7.5689E+03  3.7490E-01
8.0610E-02  7.5731E+03  7.5727E+03  3.7490E-01
8.0640E-02  7.5542E+03  7.5538E+03  3.7490E-01
8.0670E-02  7.5469E+03  7.5465E+03  3.7490E-01
8.0700E-02  7.5406E+03  7.5403E+03  3.7490E-01
8.0730E-02  7.5318E+03  7.5314E+03  3.7490E-01
8.0760E-02  7.5245E+03  7.5241E+03  3.7489E-01
8.0790E-02  7.5180E+03  7.5176E+03  3.7489E-01
8.0820E-02  7.5098E+03  7.5095E+03  3.7489E-01
8.0850E-02  7.8487E+03  7.8483E+03  3.7489E-01
8.0880E-02  7.4950E+03  7.4946E+03  3.7489E-01
8.0910E-02  7.5797E+03  7.5794E+03  3.7489E-01
8.0940E-02  7.4801E+03  7.4797E+03  3.7489E-01
8.0970E-02  7.4728E+03  7.4724E+03  3.7489E-01
8.1000E-02  7.4659E+03  7.4655E+03  3.7489E-01
8.1030E-02  7.4584E+03  7.4580E+03  3.7489E-01
8.1060E-02  7.4507E+03  7.4503E+03  3.7489E-01
8.1090E-02  7.4434E+03  7.4430E+03  3.7489E-01
8.1120E-02  7.4415E+03  7.4411E+03  3.7489E-01
8.1150E-02  7.4287E+03  7.4283E+03  3.7489E-01
8.1180E-02  7.4277E+03  7.4273E+03  3.7489E-01
8.1210E-02  7.4168E+03  7.4164E+03  3.7489E-01
8.1240E-02  7.4067E+03  7.4063E+03  3.7489E-01
8.1270E-02  7.3994E+03  7.3990E+03  3.7489E-01
8.1300E-02  7.3922E+03  7.3918E+03  3.7489E-01
8.1330E-02  7.3848E+03  7.3844E+03  3.7489E-01
8.1360E-02  7.3775E+03  7.3771E+03  3.7489E-01
8.1390E-02  7.3702E+03  7.3698E+03  3.7489E-01
8.1420E-02  7.3629E+03  7.3626E+03  3.7489E-01
8.1450E-02  7.3560E+03  7.3556E+03  3.7489E-01
8.1480E-02  7.3484E+03  7.3480E+03  3.7489E-01
8.1510E-02  7.3411E+03  7.3407E+03  3.7489E-01
8.1540E-02  7.3338E+03  7.3335E+03  3.7489E-01
8.1570E-02  7.3266E+03  7.3262E+03  3.7489E-01
8.1600E-02  7.3198E+03  7.3194E+03  3.7489E-01
8.1630E-02  7.3165E+03  7.3161E+03  3.7489E-01
8.1660E-02  7.3049E+03  7.3045E+03  3.7489E-01
8.1690E-02  7.2976E+03  7.2972E+03  3.7489E-01
8.1720E-02  7.2904E+03  7.2900E+03  3.7489E-01
8.1750E-02  7.2832E+03  7.2828E+03  3.7489E-01
8.1780E-02  7.2760E+03  7.2756E+03  3.7489E-01
8.1810E-02  7.8614E+03  7.8611E+03  3.7489E-01
8.1840E-02  7.2615E+03  7.2612E+03  3.7489E-01
8.1870E-02  7.2543E+03  7.2539E+03  3.7489E-01
8.1900E-02  7.2471E+03  7.2468E+03  3.7489E-01
8.1930E-02  7.2399E+03  7.2396E+03  3.7489E-01
8.1960E-02  7.6246E+03  7.6243E+03  3.7489E-01
8.1990E-02  7.2263E+03  7.2259E+03  3.7489E-01
8.2020E-02  7.2213E+03  7.2210E+03  3.7489E-01
8.2050E-02  7.2112E+03  7.2108E+03  3.7488E-01
8.2080E-02  7.2049E+03  7.2045E+03  3.7488E-01
8.2110E-02  7.1969E+03  7.1965E+03  3.7488E-01
8.2140E-02  7.1897E+03  7.1893E+03  3.7488E-01
8.2170E-02  7.1938E+03  7.1934E+03  3.7488E-01
8.2200E-02  7.1754E+03  7.1750E+03  3.7488E-01
8.2230E-02  7.1683E+03  7.1679E+03  3.7488E-01
8.2260E-02  7.1611E+03  7.1608E+03  3.7488E-01
8.2290E-02  7.1540E+03  7.1536E+03  3.7488E-01
8.2320E-02  7.1469E+03  7.1465E+03  3.7488E-01
8.2350E-02  7.1400E+03  7.1397E+03  3.7488E-01
8.2380E-02  7.1326E+03  7.1323E+03  3.7488E-01
8.2410E-02  7.1255E+03  7.1251E+03  3.7488E-01
8.2440E-02  7.1184E+03  7.1180E+03  3.7488E-01
8.2470E-02  7.1113E+03  7.1109E+03  3.7488E-01
8.2500E-02  7.1043E+03  7.1039E+03  3.7488E-01
8.2530E-02  7.0983E+03  7.0980E+03  3.7488E-01
8.2560E-02  7.0901E+03  7.0897E+03  3.7488E-01
8.2590E-02  7.4770E+03  7.4767E+03  3.7488E-01
8.2620E-02  7.2754E+03  7.2751E+03  3.7488E-01
8.2650E-02  7.2192E+03  7.2189E+03  3.7488E-01
8.2680E-02  7.0643E+03  7.0639E+03  3.7488E-01
8.2710E-02  7.4435E+03  7.4432E+03  3.7488E-01
8.2740E-02  7.8912E+03  7.8908E+03  3.7488E-01
8.2770E-02  7.0406E+03  7.0402E+03  3.7488E-01
8.2800E-02  7.0335E+03  7.0331E+03  3.7488E-01
8.2830E-02  7.0575E+03  7.0571E+03  3.7488E-01
8.2860E-02  7.0222E+03  7.0218E+03  3.7497E-01
8.2890E-02  7.0127E+03  7.0123E+03  3.7497E-01
8.2920E-02  7.0053E+03  7.0050E+03  3.7497E-01
8.2950E-02  6.9985E+03  6.9981E+03  3.7497E-01
8.2980E-02  6.9913E+03  6.9909E+03  3.7497E-01
8.3010E-02  6.9846E+03  6.9842E+03  3.7497E-01
8.3040E-02  6.9811E+03  6.9807E+03  3.7497E-01
8.3070E-02  7.0605E+03  7.0601E+03  3.7497E-01
8.3100E-02  6.9632E+03  6.9628E+03  3.7497E-01
8.3130E-02  6.9562E+03  6.9558E+03  3.7497E-01
8.3160E-02  6.9852E+03  6.9849E+03  3.7497E-01
8.3190E-02  6.9422E+03  6.9418E+03  3.7497E-01
8.3220E-02  6.9352E+03  6.9348E+03  3.7497E-01
8.3250E-02  6.9283E+03  6.9280E+03  3.7497E-01
8.3280E-02  6.9212E+03  6.9208E+03  3.7497E-01
8.3310E-02  6.9142E+03  6.9139E+03  3.7497E-01
8.3340E-02  6.9073E+03  6.9069E+03  3.7497E-01
8.3370E-02  6.9003E+03  6.8999E+03  3.7497E-01
8.3400E-02  6.8935E+03  6.8932E+03  3.7496E-01
8.3430E-02  6.8864E+03  6.8860E+03  3.7496E-01
8.3460E-02  6.8794E+03  6.8790E+03  3.7496E-01
8.3490E-02  6.9398E+03  6.9394E+03  3.7496E-01
8.3520E-02  7.2092E+03  7.2088E+03  3.7496E-01
8.3550E-02  6.8586E+03  6.8582E+03  3.7496E-01
8.3580E-02  6.8516E+03  6.8513E+03  3.7496E-01
8.3610E-02  6.8447E+03  6.8443E+03  3.7496E-01
8.3640E-02  6.8390E+03  6.8387E+03  3.7496E-01
8.3670E-02  6.8309E+03  6.8305E+03  3.7496E-01
8.3700E-02  6.8252E+03  6.8248E+03  3.7496E-01
8.3730E-02  6.8198E+03  6.8194E+03  3.7496E-01
8.3760E-02  6.8184E+03  6.8180E+03  3.7496E-01
8.3790E-02  6.8632E+03  6.8628E+03  3.7496E-01
8.3820E-02  6.8604E+03  6.8600E+03  3.7496E-01
8.3850E-02  6.7915E+03  6.7911E+03  3.7496E-01
8.3880E-02  6.9551E+03  6.9548E+03  3.7496E-01
8.3910E-02  6.7756E+03  6.7752E+03  3.7496E-01
8.3940E-02  6.7689E+03  6.7685E+03  3.7496E-01
8.3970E-02  6.7618E+03  6.7614E+03  3.7496E-01
8.4000E-02  6.7550E+03  6.7546E+03  3.7496E-01
8.4030E-02  6.7484E+03  6.7480E+03  3.7496E-01
8.4060E-02  6.7412E+03  6.7408E+03  3.7496E-01
8.4090E-02  6.7343E+03  6.7340E+03  3.7496E-01
8.4120E-02  6.7287E+03  6.7283E+03  3.7496E-01
8.4150E-02  6.7205E+03  6.7202E+03  3.7496E-01
8.4180E-02  6.7137E+03  6.7133E+03  3.7496E-01
8.4210E-02  6.7068E+03  6.7065E+03  3.7496E-01
8.4240E-02  6.7000E+03  6.6996E+03  3.7496E-01
8.4270E-02  6.6931E+03  6.6927E+03  3.7496E-01
8.4300E-02  6.6863E+03  6.6859E+03  3.7496E-01
8.4330E-02  6.6850E+03  6.6847E+03  3.7496E-01
8.4360E-02  6.6726E+03  6.6722E+03  3.7496E-01
8.4390E-02  6.6658E+03  6.6654E+03  3.7496E-01
8.4420E-02  6.6599E+03  6.6595E+03  3.7496E-01
8.4450E-02  6.6558E+03  6.6554E+03  3.7496E-01
8.4480E-02  6.6456E+03  6.6452E+03  3.7496E-01
8.4510E-02  6.6504E+03  6.6501E+03  3.7496E-01
8.4540E-02  6.6348E+03  6.6344E+03  3.7496E-01
8.4570E-02  6.6707E+03  6.6703E+03  3.7496E-01
8.4600E-02  6.7478E+03  6.7474E+03  3.7496E-01
8.4630E-02  6.6117E+03  6.6113E+03  3.7496E-01
8.4660E-02  6.6045E+03  6.6041E+03  3.7496E-01
8.4690E-02  6.5978E+03  6.5974E+03  3.7496E-01
8.4720E-02  6.5910E+03  6.5906E+03  3.7496E-01
8.4750E-02  6.5841E+03  6.5837E+03  3.7495E-01
8.4780E-02  6.5773E+03  6.5769E+03  3.7495E-01
8.4810E-02  6.5708E+03  6.5704E+03  3.7495E-01
8.4840E-02  6.5637E+03  6.5634E+03  3.7495E-01
8.4870E-02  6.5570E+03  6.5566E+03  3.7495E-01
8.4900E-02  6.5582E+03  6.5578E+03  3.7495E-01
8.4930E-02  6.5594E+03  6.5590E+03  3.7495E-01
8.4960E-02  6.5437E+03  6.5433E+03  3.7495E-01
8.4990E-02  6.5306E+03  6.5303E+03  3.7495E-01
8.5020E-02  6.5232E+03  6.5228E+03  3.7495E-01
8.5050E-02  6.5164E+03  6.5160E+03  3.7495E-01
8.5080E-02  6.5098E+03  6.5094E+03  3.7495E-01
8.5110E-02  6.5030E+03  6.5027E+03  3.7495E-01
8.5140E-02  6.5267E+03  6.5263E+03  3.7495E-01
8.5170E-02  6.4918E+03  6.4914E+03  3.7495E-01
8.5200E-02  6.4828E+03  6.4824E+03  3.7495E-01
8.5230E-02  6.4768E+03  6.4764E+03  3.7495E-01
8.5260E-02  6.4723E+03  6.4719E+03  3.7495E-01
8.5290E-02  6.4650E+03  6.4646E+03  3.7495E-01
8.5320E-02  6.4589E+03  6.4585E+03  3.7495E-01
8.5350E-02  6.4496E+03  6.4492E+03  3.7495E-01
8.5380E-02  6.4424E+03  6.4421E+03  3.7495E-01
8.5410E-02  6.4400E+03  6.4396E+03  3.7495E-01
8.5440E-02  6.4289E+03  6.4286E+03  3.7495E-01
8.5470E-02  6.4431E+03  6.4427E+03  3.7495E-01
8.5500E-02  6.4157E+03  6.4153E+03  3.7495E-01
8.5530E-02  6.4088E+03  6.4084E+03  3.7495E-01
8.5560E-02  6.4021E+03  6.4018E+03  3.7495E-01
8.5590E-02  6.3961E+03  6.3957E+03  3.7495E-01
8.5620E-02  6.3888E+03  6.3884E+03  3.7495E-01
8.5650E-02  6.3821E+03  6.3817E+03  3.7495E-01
8.5680E-02  6.3754E+03  6.3750E+03  3.7495E-01
8.5710E-02  6.3688E+03  6.3684E+03  3.7495E-01
8.5740E-02  6.3799E+03  6.3795E+03  3.7495E-01
8.5770E-02  6.3562E+03  6.3558E+03  3.7495E-01
8.5800E-02  6.3488E+03  6.3484E+03  3.7495E-01
8.5830E-02  6.3426E+03  6.3422E+03  3.7495E-01
8.5860E-02  6.3354E+03  6.3350E+03  3.7495E-01
8.5890E-02  6.3287E+03  6.3283E+03  3.7495E-01
8.5920E-02  6.3221E+03  6.3217E+03  3.7495E-01
8.5950E-02  6.3154E+03  6.3150E+03  3.7495E-01
8.5980E-02  6.3121E+03  6.3118E+03  3.7495E-01
8.6010E-02  6.3021E+03  6.3017E+03  3.7495E-01
8.6040E-02  6.2955E+03  6.2951E+03  3.7495E-01
8.6070E-02  6.2888E+03  6.2885E+03  3.7495E-01
8.6100E-02  6.2822E+03  6.2818E+03  3.7494E-01
8.6130E-02  6.2756E+03  6.2752E+03  3.7494E-01
8.6160E-02  6.2690E+03  6.2686E+03  3.7494E-01
8.6190E-02  6.2623E+03  6.2619E+03  3.7494E-01
8.6220E-02  6.2557E+03  6.2553E+03  3.7494E-01
8.6250E-02  6.2491E+03  6.2487E+03  3.7494E-01
8.6280E-02  6.2432E+03  6.2428E+03  3.7494E-01
8.6310E-02  6.2377E+03  6.2373E+03  3.7494E-01
8.6340E-02  6.2296E+03  6.2292E+03  3.7494E-01
8.6370E-02  6.2228E+03  6.2224E+03  3.7494E-01
8.6400E-02  6.2310E+03  6.2306E+03  3.7494E-01
8.6430E-02  6.2104E+03  6.2100E+03  3.7494E-01
8.6460E-02  6.2104E+03  6.2101E+03  3.7494E-01
8.6490E-02  6.1976E+03  6.1972E+03  3.7494E-01
8.6520E-02  6.1914E+03  6.1910E+03  3.7494E-01
8.6550E-02  6.1853E+03  6.1850E+03  3.7494E-01
8.6580E-02  6.1791E+03  6.1788E+03  3.7494E-01
8.6610E-02  6.1730E+03  6.1726E+03  3.7494E-01
8.6640E-02  6.1669E+03  6.1665E+03  3.7494E-01
8.6670E-02  6.1608E+03  6.1604E+03  3.7494E-01
8.6700E-02  6.1546E+03  6.1542E+03  3.7494E-01
8.6730E-02  6.1485E+03  6.1481E+03  3.7494E-01
8.6760E-02  6.1423E+03  6.1419E+03  3.7494E-01
8.6790E-02  6.1361E+03  6.1358E+03  3.7494E-01
8.6820E-02  6.1300E+03  6.1296E+03  3.7494E-01
8.6850E-02  6.1238E+03  6.1234E+03  3.7494E-01
8.6880E-02  6.1177E+03  6.1173E+03  3.7494E-01
8.6910E-02  6.1120E+03  6.1116E+03  3.7494E-01
8.6940E-02  6.1050E+03  6.1046E+03  3.7494E-01
8.6970E-02  6.0984E+03  6.0980E+03  3.7494E-01
8.7000E-02  6.0919E+03  6.0915E+03  3.7494E-01
8.7030E-02  6.0854E+03  6.0850E+03  3.7494E-01
8.7060E-02  6.0791E+03  6.0787E+03  3.7494E-01
8.7090E-02  6.0723E+03  6.0719E+03  3.7494E-01
8.7120E-02  6.0658E+03  6.0654E+03  3.7494E-01
8.7150E-02  6.0593E+03  6.0589E+03  3.7494E-01
8.7180E-02  6.0529E+03  6.0525E+03  3.7494E-01
8.7210E-02  6.0464E+03  6.0460E+03  3.7494E-01
8.7240E-02  6.0400E+03  6.0396E+03  3.7494E-01
8.7270E-02  6.0346E+03  6.0342E+03  3.7494E-01
8.7300E-02  6.0272E+03  6.0269E+03  3.7494E-01
8.7330E-02  6.0209E+03  6.0205E+03  3.7494E-01
8.7360E-02  6.0146E+03  6.0142E+03  3.7494E-01
8.7390E-02  6.0086E+03  6.0082E+03  3.7494E-01
8.7420E-02  6.0019E+03  6.0016E+03  3.7494E-01
8.7450E-02  5.9957E+03  5.9953E+03  3.7494E-01
8.7480E-02  5.9894E+03  5.9890E+03  3.7493E-01
8.7510E-02  5.9832E+03  5.9828E+03  3.7493E-01
8.7540E-02  5.9772E+03  5.9768E+03  3.7493E-01
8.7570E-02  5.9708E+03  5.9704E+03  3.7493E-01
8.7600E-02  5.9646E+03  5.9642E+03  3.7493E-01
8.7630E-02  5.9585E+03  5.9582E+03  3.7493E-01
8.7660E-02  5.9525E+03  5.9521E+03  3.7493E-01
8.7690E-02  5.9461E+03  5.9458E+03  3.7493E-01
8.7720E-02  5.9478E+03  5.9474E+03  3.7493E-01
8.7750E-02  5.9344E+03  5.9340E+03  3.7493E-01
8.7780E-02  5.9279E+03  5.9275E+03  3.7493E-01
8.7810E-02  5.9226E+03  5.9222E+03  3.7493E-01
8.7840E-02  5.9158E+03  5.9154E+03  3.7493E-01
8.7870E-02  5.9097E+03  5.9094E+03  3.7493E-01
8.7900E-02  5.9038E+03  5.9034E+03  3.7493E-01
8.7930E-02  5.8978E+03  5.8975E+03  3.7493E-01
8.7960E-02  5.9023E+03  5.9020E+03  3.7493E-01
8.7990E-02  5.8858E+03  5.8855E+03  3.7493E-01
8.8020E-02  5.8799E+03  5.8796E+03  3.7493E-01
8.8050E-02  5.8870E+03  5.8866E+03  3.7493E-01
8.8080E-02  5.8681E+03  5.8677E+03  3.7493E-01
8.8110E-02  5.8624E+03  5.8620E+03  3.7493E-01
8.8140E-02  5.8594E+03  5.8590E+03  3.7493E-01
8.8170E-02  5.8509E+03  5.8505E+03  3.7493E-01
8.8200E-02  5.8447E+03  5.8443E+03  3.7493E-01
8.8230E-02  5.8388E+03  5.8384E+03  3.7493E-01
8.8260E-02  6.0796E+03  6.0792E+03  3.7493E-01
8.8290E-02  5.8274E+03  5.8270E+03  3.7493E-01
8.8320E-02  5.8216E+03  5.8213E+03  3.7493E-01
8.8350E-02  5.8158E+03  5.8154E+03  3.7493E-01
8.8380E-02  5.8100E+03  5.8097E+03  3.7493E-01
8.8410E-02  5.8043E+03  5.8040E+03  3.7493E-01
8.8440E-02  5.7987E+03  5.7983E+03  3.7493E-01
8.8470E-02  5.7930E+03  5.7926E+03  3.7493E-01
8.8500E-02  5.8045E+03  5.8041E+03  3.7493E-01
8.8530E-02  5.8302E+03  5.8298E+03  3.7493E-01
8.8560E-02  5.7761E+03  5.7757E+03  3.7493E-01
8.8590E-02  5.7704E+03  5.7701E+03  3.7493E-01
8.8620E-02  5.7649E+03  5.7645E+03  3.7493E-01
8.8650E-02  5.7593E+03  5.7589E+03  3.7493E-01
8.8680E-02  5.7541E+03  5.7537E+03  3.7493E-01
8.8710E-02  5.7481E+03  5.7478E+03  3.7493E-01
8.8740E-02  5.7426E+03  5.7423E+03  3.7493E-01
8.8770E-02  5.7371E+03  5.7367E+03  3.7493E-01
8.8800E-02  5.7316E+03  5.7312E+03  3.7493E-01
8.8830E-02  5.7261E+03  5.7257E+03  3.7493E-01
8.8860E-02  5.7205E+03  5.7202E+03  3.7493E-01
8.8890E-02  5.7150E+03  5.7147E+03  3.7492E-01
8.8920E-02  5.7096E+03  5.7092E+03  3.7492E-01
8.8950E-02  5.7041E+03  5.7038E+03  3.7492E-01
8.8980E-02  5.6987E+03  5.6983E+03  3.7492E-01
8.9010E-02  5.6932E+03  5.6928E+03  3.7492E-01
8.9040E-02  5.6878E+03  5.6874E+03  3.7492E-01
8.9070E-02  5.6824E+03  5.6820E+03  3.7492E-01
8.9100E-02  5.6770E+03  5.6766E+03  3.7492E-01
8.9130E-02  5.6746E+03  5.6742E+03  3.7492E-01
8.9160E-02  5.6662E+03  5.6658E+03  3.7492E-01
8.9190E-02  5.6608E+03  5.6605E+03  3.7492E-01
8.9220E-02  5.6555E+03  5.6551E+03  3.7492E-01
8.9250E-02  5.6502E+03  5.6498E+03  3.7492E-01
8.9280E-02  5.6451E+03  5.6447E+03  3.7492E-01
8.9310E-02  5.6395E+03  5.6392E+03  3.7492E-01
8.9340E-02  5.6343E+03  5.6339E+03  3.7493E-01
8.9370E-02  5.6298E+03  5.6294E+03  3.7493E-01
8.9400E-02  5.6263E+03  5.6259E+03  3.7493E-01
8.9430E-02  5.7184E+03  5.7180E+03  3.7493E-01
8.9460E-02  5.6132E+03  5.6128E+03  3.7493E-01
8.9490E-02  5.6100E+03  5.6096E+03  3.7493E-01
8.9520E-02  5.6027E+03  5.6023E+03  3.7493E-01
8.9550E-02  5.5975E+03  5.5971E+03  3.7493E-01
8.9580E-02  5.5923E+03  5.5919E+03  3.7493E-01
8.9610E-02  5.5871E+03  5.5868E+03  3.7493E-01
8.9640E-02  5.5820E+03  5.5816E+03  3.7493E-01
8.9670E-02  5.5768E+03  5.5764E+03  3.7493E-01
8.9700E-02  5.5716E+03  5.5713E+03  3.7493E-01
8.9730E-02  5.5665E+03  5.5662E+03  3.7493E-01
8.9760E-02  5.5630E+03  5.5627E+03  3.7493E-01
8.9790E-02  5.5563E+03  5.5559E+03  3.7493E-01
8.9820E-02  5.5512E+03  5.5508E+03  3.7493E-01
8.9850E-02  5.5500E+03  5.5496E+03  3.7493E-01
8.9880E-02  5.5410E+03  5.5406E+03  3.7493E-01
8.9910E-02  5.5359E+03  5.5355E+03  3.7493E-01
8.9940E-02  5.5309E+03  5.5305E+03  3.7493E-01
8.9970E-02  5.5258E+03  5.5254E+03  3.7493E-01
9.0000E-02  5.5208E+03  5.5204E+03  3.7541E-01
9.0300E-02  5.4749E+03  5.4746E+03  3.7541E-01
9.0600E-02  5.4781E+03  5.4777E+03  3.7540E-01
9.0900E-02  5.3778E+03  5.3774E+03  3.7540E-01
9.1200E-02  5.3977E+03  5.3973E+03  3.7540E-01
9.1500E-02  5.2937E+03  5.2933E+03  3.7540E-01
9.1800E-02  5.2458E+03  5.2454E+03  3.7540E-01
9.2100E-02  5.2018E+03  5.2015E+03  3.7540E-01
9.2400E-02  5.1574E+03  5.1570E+03  3.7540E-01
9.2700E-02  5.1145E+03  5.1141E+03  3.7540E-01
9.3000E-02  5.0722E+03  5.0718E+03  3.7540E-01
9.3300E-02  5.0305E+03  5.0301E+03  3.7540E-01
9.3600E-02  4.9894E+03  4.9891E+03  3.7540E-01
9.3900E-02  4.9493E+03  4.9489E+03  3.7540E-01
9.4200E-02  4.9085E+03  4.9081E+03  3.7541E-01
9.4500E-02  4.8689E+03  4.8686E+03  3.7541E-01
9.4800E-02  4.8299E+03  4.8295E+03  3.7541E-01
9.5100E-02  4.7913E+03  4.7909E+03  3.7541E-01
9.5400E-02  4.7532E+03  4.7528E+03  3.7541E-01
9.5700E-02  4.7155E+03  4.7151E+03  3.7541E-01
9.6000E-02  4.6800E+03  4.6796E+03  3.7541E-01
9.6300E-02  4.6413E+03  4.6409E+03  3.7541E-01
9.6600E-02  4.6047E+03  4.6044E+03  3.7541E-01
9.6900E-02  4.5687E+03  4.5683E+03  3.7541E-01
9.7200E-02  4.5328E+03  4.5324E+03  3.7541E-01
9.7500E-02  4.4982E+03  4.4978E+03  3.7541E-01
9.7800E-02  4.4622E+03  4.4618E+03  3.7541E-01
9.8100E-02  4.4273E+03  4.4269E+03  3.7540E-01
9.8400E-02  4.3928E+03  4.3924E+03  3.7540E-01
9.8700E-02  4.3585E+03  4.3581E+03  3.7540E-01
9.9000E-02  4.3918E+03  4.3914E+03  3.7540E-01
9.9300E-02  4.2908E+03  4.2905E+03  3.7540E-01
9.9600E-02  4.2676E+03  4.2672E+03  3.7540E-01
9.9900E-02  4.2242E+03  4.2238E+03  3.7540E-01
1.0020E-01  4.1912E+03  4.1909E+03  3.7540E-01
1.0050E-01  4.1584E+03  4.1581E+03  3.7540E-01
1.0080E-01  4.1552E+03  4.1549E+03  3.7540E-01
1.0110E-01  4.0936E+03  4.0932E+03  3.7540E-01
1.0140E-01  4.0615E+03  4.0611E+03  3.7540E-01
1.0170E-01  4.0297E+03  4.0293E+03  3.7540E-01
1.0200E-01  3.9979E+03  3.9975E+03  3.7540E-01
1.0230E-01  3.9664E+03  3.9660E+03  3.7540E-01
1.0260E-01  3.9351E+03  3.9347E+03  3.7539E-01
1.0290E-01  3.9039E+03  3.9035E+03  3.7539E-01
1.0320E-01  3.8729E+03  3.8725E+03  3.7539E-01
1.0350E-01  3.8421E+03  3.8417E+03  3.7539E-01
1.0380E-01  3.8115E+03  3.8112E+03  3.7539E-01
1.0410E-01  3.7810E+03  3.7806E+03  3.7539E-01
1.0440E-01  3.7505E+03  3.7501E+03  3.7539E-01
1.0470E-01  3.7203E+03  3.7199E+03  3.7539E-01
1.0500E-01  3.6902E+03  3.6899E+03  3.7539E-01
1.0530E-01  3.6602E+03  3.6598E+03  3.7539E-01
1.0560E-01  3.6304E+03  3.6300E+03  3.7539E-01
1.0590E-01  3.6007E+03  3.6003E+03  3.7539E-01
1.0620E-01  3.5711E+03  3.5708E+03  3.7539E-01
1.0650E-01  3.5421E+03  3.5417E+03  3.7539E-01
1.0680E-01  3.5124E+03  3.5120E+03  3.7539E-01
1.0710E-01  3.4832E+03  3.4828E+03  3.7538E-01
1.0740E-01  3.4541E+03  3.4537E+03  3.7538E-01
1.0770E-01  3.4251E+03  3.4247E+03  3.7538E-01
1.0800E-01  3.3962E+03  3.3958E+03  3.7538E-01
1.0830E-01  3.3674E+03  3.3670E+03  3.7538E-01
1.0860E-01  3.3388E+03  3.3384E+03  3.7538E-01
1.0890E-01  3.3102E+03  3.3098E+03  3.7538E-01
1.0920E-01  3.2818E+03  3.2814E+03  3.7538E-01
1.0950E-01  3.2534E+03  3.2530E+03  3.7538E-01
1.0980E-01  3.2254E+03  3.2250E+03  3.7538E-01
1.1010E-01  3.1981E+03  3.1977E+03  3.7538E-01
1.1040E-01  3.1726E+03  3.1723E+03  3.7538E-01
1.1070E-01  3.1455E+03  3.1451E+03  3.7538E-01
1.1100E-01  3.1201E+03  3.1197E+03  3.7538E-01
1.1130E-01  3.0952E+03  3.0948E+03  3.7537E-01
1.1160E-01  3.0713E+03  3.0709E+03  3.7537E-01
1.1190E-01  3.0470E+03  3.0466E+03  3.7537E-01
1.1220E-01  3.0236E+03  3.0233E+03  3.7537E-01
1.1250E-01  3.0007E+03  3.0003E+03  3.7537E-01
1.1280E-01  2.9782E+03  2.9779E+03  3.7537E-01
1.1310E-01  2.9561E+03  2.9558E+03  3.7537E-01
1.1340E-01  2.9344E+03  2.9341E+03  3.7537E-01
1.1370E-01  2.9131E+03  2.9127E+03  3.7537E-01
1.1400E-01  2.8921E+03  2.8917E+03  3.7537E-01
1.1430E-01  2.8715E+03  2.8711E+03  3.7537E-01
1.1460E-01  2.8580E+03  2.8576E+03  3.7537E-01
1.1490E-01  2.8311E+03  2.8308E+03  3.7537E-01
1.1520E-01  2.8114E+03  2.8111E+03  3.7537E-01
1.1550E-01  2.7920E+03  2.7916E+03  3.7537E-01
1.1580E-01  2.7728E+03  2.7724E+03  3.7536E-01
1.1610E-01  2.7538E+03  2.7534E+03  3.7536E-01
1.1640E-01  2.7351E+03  2.7347E+03  3.7536E-01
1.1670E-01  2.7166E+03  2.7163E+03  3.7536E-01
1.1700E-01  2.6984E+03  2.6980E+03  3.7536E-01
1.1730E-01  2.6804E+03  2.6800E+03  3.7536E-01
1.1760E-01  2.6626E+03  2.6622E+03  3.7536E-01
1.1790E-01  2.6449E+03  2.6446E+03  3.7536E-01
1.1820E-01  2.6275E+03  2.6271E+03  3.7536E-01
1.1850E-01  2.6104E+03  2.6100E+03  3.7536E-01
1.1880E-01  2.5950E+03  2.5946E+03  3.7536E-01
1.1910E-01  2.5763E+03  2.5759E+03  3.7536E-01
1.1940E-01  2.5637E+03  2.5634E+03  3.7536E-01
1.1970E-01  2.5577E+03  2.5574E+03  3.7536E-01
1.2000E-01  2.5407E+03  2.5403E+03  3.7536E-01
1.2030E-01  2.5237E+03  2.5234E+03  3.7535E-01
1.2060E-01  2.5070E+03  2.5066E+03  3.7535E-01
1.2090E-01  2.4908E+03  2.4904E+03  3.7535E-01
1.2120E-01  2.4749E+03  2.4745E+03  3.7535E-01
1.2150E-01  2.4592E+03  2.4588E+03  3.7535E-01
1.2180E-01  2.4436E+03  2.4432E+03  3.7535E-01
1.2210E-01  2.4281E+03  2.4278E+03  3.7535E-01
1.2240E-01  2.4127E+03  2.4123E+03  3.7535E-01
1.2270E-01  2.3974E+03  2.3970E+03  3.7535E-01
1.2300E-01  2.3823E+03  2.3819E+03  3.7535E-01
1.2330E-01  2.3673E+03  2.3669E+03  3.7535E-01
1.2360E-01  2.3523E+03  2.3519E+03  3.7538E-01
1.2390E-01  2.3375E+03  2.3371E+03  3.7538E-01
1.2420E-01  2.3227E+03  2.3223E+03  3.7538E-01
1.2450E-01  2.3081E+03  2.3077E+03  3.7538E-01
1.2480E-01  2.2935E+03  2.2932E+03  3.7537E-01
1.2510E-01  2.2791E+03  2.2787E+03  3.7537E-01
1.2540E-01  2.2647E+03  2.2643E+03  3.7537E-01
1.2570E-01  2.2504E+03  2.2500E+03  3.7537E-01
1.2600E-01  2.2362E+03  2.2358E+03  3.7537E-01
1.2630E-01  2.2221E+03  2.2217E+03  3.7537E-01
1.2660E-01  2.2081E+03  2.2077E+03  3.7537E-01
1.2690E-01  2.1941E+03  2.1937E+03  3.7537E-01
1.2720E-01  2.1802E+03  2.1799E+03  3.7537E-01
1.2750E-01  2.1664E+03  2.1661E+03  3.7537E-01
1.2780E-01  2.1527E+03  2.1523E+03  3.7537E-01
1.2810E-01  2.1391E+03  2.1387E+03  3.7537E-01
1.2840E-01  2.1277E+03  2.1273E+03  3.7537E-01
1.2870E-01  2.1119E+03  2.1115E+03  3.7537E-01
1.2900E-01  2.0985E+03  2.0981E+03  3.7536E-01
1.2930E-01  2.0851E+03  2.0847E+03  3.7536E-01
1.2960E-01  2.0717E+03  2.0713E+03  3.7536E-01
1.2990E-01  2.0584E+03  2.0580E+03  3.7536E-01
1.3020E-01  2.0452E+03  2.0448E+03  3.7536E-01
1.3050E-01  2.0320E+03  2.0316E+03  3.7536E-01
1.3080E-01  2.0189E+03  2.0185E+03  3.7536E-01
1.3110E-01  2.0058E+03  2.0055E+03  3.7536E-01
1.3140E-01  1.9928E+03  1.9924E+03  3.7536E-01
1.3170E-01  1.9799E+03  1.9795E+03  3.7536E-01
1.3200E-01  1.9669E+03  1.9666E+03  3.7536E-01
1.3230E-01  1.9541E+03  1.9537E+03  3.7536E-01
1.3260E-01  1.9413E+03  1.9409E+03  3.7536E-01
1.3290E-01  1.9285E+03  1.9281E+03  3.7536E-01
1.3320E-01  1.9158E+03  1.9154E+03  3.7536E-01
1.3350E-01  1.9031E+03  1.9027E+03  3.7535E-01
1.3380E-01  1.8904E+03  1.8901E+03  3.7535E-01
1.3410E-01  1.8778E+03  1.8775E+03  3.7535E-01
1.3440E-01  1.8653E+03  1.8649E+03  3.7535E-01
1.3470E-01  1.8528E+03  1.8524E+03  3.7535E-01
1.3500E-01  1.8403E+03  1.8399E+03  3.7535E-01
1.3530E-01  1.8279E+03  1.8275E+03  3.7535E-01
1.3560E-01  1.8155E+03  1.8151E+03  3.7535E-01
1.3590E-01  1.8031E+03  1.8027E+03  3.7535E-01
1.3620E-01  1.7908E+03  1.7904E+03  3.7535E-01
1.3650E-01  1.7785E+03  1.7781E+03  3.7535E-01
1.3680E-01  1.7663E+03  1.7659E+03  3.7535E-01
1.3710E-01  1.7541E+03  1.7537E+03  3.7535E-01
1.3740E-01  1.7419E+03  1.7415E+03  3.7535E-01
1.3770E-01  1.7297E+03  1.7294E+03  3.7534E-01
1.3800E-01  1.7177E+03  1.7173E+03  3.7534E-01
1.3830E-01  1.7059E+03  1.7055E+03  3.7534E-01
1.3860E-01  1.6943E+03  1.6940E+03  3.7534E-01
1.3890E-01  1.6829E+03  1.6825E+03  3.7534E-01
1.3920E-01  1.6718E+03  1.6714E+03  3.7534E-01
1.3950E-01  1.6608E+03  1.6605E+03  3.7534E-01
1.3980E-01  1.6501E+03  1.6497E+03  3.7534E-01
1.4010E-01  1.6396E+03  1.6392E+03  3.7534E-01
1.4040E-01  1.6292E+03  1.6288E+03  3.7534E-01
1.4070E-01  1.6190E+03  1.6186E+03  3.7534E-01
1.4100E-01  1.6089E+03  1.6086E+03  3.7534E-01
1.4130E-01  1.5991E+03  1.5987E+03  3.7534E-01
1.4160E-01  1.5893E+03  1.5890E+03  3.7534E-01
1.4190E-01  1.5798E+03  1.5794E+03  3.7533E-01
1.4220E-01  1.5703E+03  1.5700E+03  3.7533E-01
1.4250E-01  1.5610E+03  1.5607E+03  3.7533E-01
1.4280E-01  1.5518E+03  1.5515E+03  3.7533E-01
1.4310E-01  1.5428E+03  1.5424E+03  3.7533E-01
1.4340E-01  1.5339E+03  1.5335E+03  3.7533E-01
1.4370E-01  1.5250E+03  1.5247E+03  3.7533E-01
1.4400E-01  1.5163E+03  1.5160E+03  3.7533E-01
1.4430E-01  1.5077E+03  1.5074E+03  3.7533E-01
1.4460E-01  1.4992E+03  1.4989E+03  3.7533E-01
1.4490E-01  1.4908E+03  1.4905E+03  3.7533E-01
1.4520E-01  1.4825E+03  1.4822E+03  3.7533E-01
1.4550E-01  1.4743E+03  1.4740E+03  3.7533E-01
1.4580E-01  1.4662E+03  1.4658E+03  3.7533E-01
1.4610E-01  1.4582E+03  1.4578E+03  3.7533E-01
1.4640E-01  1.4502E+03  1.4498E+03  3.7532E-01
1.4670E-01  1.4423E+03  1.4420E+03  3.7532E-01
1.4700E-01  1.4346E+03  1.4342E+03  3.7532E-01
1.4730E-01  1.4268E+03  1.4265E+03  3.7532E-01
1.4760E-01  1.4192E+03  1.4188E+03  3.7532E-01
1.4790E-01  1.4116E+03  1.4113E+03  3.7532E-01
1.4820E-01  1.4041E+03  1.4037E+03  3.7532E-01
1.4850E-01  1.3967E+03  1.3963E+03  3.7532E-01
1.4880E-01  1.3893E+03  1.3889E+03  3.7532E-01
1.4910E-01  1.3820E+03  1.3816E+03  3.7532E-01
1.4940E-01  1.3747E+03  1.3744E+03  3.7532E-01
1.4970E-01  1.3676E+03  1.3672E+03  3.7532E-01
1.5000E-01  1.3604E+03  1.3600E+03  3.7532E-01
1.5030E-01  1.3533E+03  1.3530E+03  3.7532E-01
1.5060E-01  1.3463E+03  1.3459E+03  3.7531E-01
1.5090E-01  1.3393E+03  1.3390E+03  3.7531E-01
1.5120E-01  1.3324E+03  1.3320E+03  3.7531E-01
1.5150E-01  1.3255E+03  1.3252E+03  3.7531E-01
1.5180E-01  1.3187E+03  1.3183E+03  3.7531E-01
1.5210E-01  1.3119E+03  1.3116E+03  3.7531E-01
1.5240E-01  1.3052E+03  1.3048E+03  3.7531E-01
1.5270E-01  1.2985E+03  1.2981E+03  3.7531E-01
1.5300E-01  1.2919E+03  1.2915E+03  3.7531E-01
1.5330E-01  1.2853E+03  1.2849E+03  3.7531E-01
1.5360E-01  1.2787E+03  1.2783E+03  3.7531E-01
1.5390E-01  1.2722E+03  1.2718E+03  3.7531E-01
1.5420E-01  1.2657E+03  1.2653E+03  3.7531E-01
1.5450E-01  1.2592E+03  1.2589E+03  3.7531E-01
1.5480E-01  1.2528E+03  1.2525E+03  3.7530E-01
1.5510E-01  1.2465E+03  1.2461E+03  3.7530E-01
1.5540E-01  1.2402E+03  1.2398E+03  3.7530E-01
1.5570E-01  1.2338E+03  1.2334E+03  3.7530E-01
1.5600E-01  1.2275E+03  1.2272E+03  3.7530E-01
1.5630E-01  1.2213E+03  1.2209E+03  3.7530E-01
1.5660E-01  1.2151E+03  1.2147E+03  3.7530E-01
1.5690E-01  1.2089E+03  1.2086E+03  3.7530E-01
1.5720E-01  1.2028E+03  1.2024E+03  3.7530E-01
1.5750E-01  1.1967E+03  1.1963E+03  3.7530E-01
1.5780E-01  1.1906E+03  1.1902E+03  3.7530E-01
1.5810E-01  1.1845E+03  1.1842E+03  3.7530E-01
1.5840E-01  1.1785E+03  1.1781E+03  3.7530E-01
1.5870E-01  1.1725E+03  1.1721E+03  3.7530E-01
1.5900E-01  1.1665E+03  1.1662E+03  3.7530E-01
1.5930E-01  1.1606E+03  1.1602E+03  3.7529E-01
1.5960E-01  1.1547E+03  1.1543E+03  3.7529E-01
1.5990E-01  1.1488E+03  1.1484E+03  3.7529E-01
1.6020E-01  1.1429E+03  1.1425E+03  3.7529E-01
1.6050E-01  1.1370E+03  1.1367E+03  3.7529E-01
1.6080E-01  1.1312E+03  1.1308E+03  3.7529E-01
1.6110E-01  1.1254E+03  1.1250E+03  3.7529E-01
1.6140E-01  1.1196E+03  1.1193E+03  3.7529E-01
1.6170E-01  1.1139E+03  1.1135E+03  3.7529E-01
1.6200E-01  1.1082E+03  1.1078E+03  3.7529E-01
1.6230E-01  1.1024E+03  1.1021E+03  3.7529E-01
1.6260E-01  1.0968E+03  1.0964E+03  3.7529E-01
1.6290E-01  1.0911E+03  1.0907E+03  3.7529E-01
1.6320E-01  1.0855E+03  1.0851E+03  3.7529E-01
1.6350E-01  1.0798E+03  1.0795E+03  3.7528E-01
1.6380E-01  1.0742E+03  1.0739E+03  3.7528E-01
1.6410E-01  1.0686E+03  1.0683E+03  3.7528E-01
1.6440E-01  1.0631E+03  1.0627E+03  3.7528E-01
1.6470E-01  1.0575E+03  1.0572E+03  3.7528E-01
1.6500E-01  1.0520E+03  1.0516E+03  3.7528E-01
1.6530E-01  1.0465E+03  1.0461E+03  3.7528E-01
1.6560E-01  1.0410E+03  1.0406E+03  3.7528E-01
1.6590E-01  1.0355E+03  1.0352E+03  3.7528E-01
1.6620E-01  1.0301E+03  1.0297E+03  3.7528E-01
1.6650E-01  1.0246E+03  1.0243E+03  3.7528E-01
1.6680E-01  1.0192E+03  1.0188E+03  3.7528E-01
1.6710E-01  1.0138E+03  1.0134E+03  3.7528E-01
1.6740E-01  1.0084E+03  1.0080E+03  3.7528E-01
1.6770E-01  1.0030E+03  1.0026E+03  3.7527E-01
1.6800E-01  9.9766E+02  9.9729E+02  3.7527E-01
1.6830E-01  9.9232E+02  9.9194E+02  3.7527E-01
1.6860E-01  9.8698E+02  9.8661E+02  3.7527E-01
1.6890E-01  9.8167E+02  9.8129E+02  3.7527E-01
1.6920E-01  9.7636E+02  9.7599E+02  3.7527E-01
1.6950E-01  9.7107E+02  9.7070E+02  3.7527E-01
1.6980E-01  9.6580E+02  9.6543E+02  3.7527E-01
1.7010E-01  9.6054E+02  9.6017E+02  3.7527E-01
1.7040E-01  9.5529E+02  9.5492E+02  3.7527E-01
1.7070E-01  9.5006E+02  9.4969E+02  3.7527E-01
1.7100E-01  9.4484E+02  9.4447E+02  3.7527E-01
1.7130E-01  9.3964E+02  9.3926E+02  3.7527E-01
1.7160E-01  9.3444E+02  9.3407E+02  3.7527E-01
1.7190E-01  9.2926E+02  9.2889E+02  3.7527E-01
1.7220E-01  9.2409E+02  9.2372E+02  3.7526E-01
1.7250E-01  9.1894E+02  9.1856E+02  3.7526E-01
1.7280E-01  9.1379E+02  9.1342E+02  3.7526E-01
1.7310E-01  9.0866E+02  9.0829E+02  3.7526E-01
1.7340E-01  9.0355E+02  9.0317E+02  3.7526E-01
1.7370E-01  8.9848E+02  8.9810E+02  3.7526E-01
1.7400E-01  8.9349E+02  8.9312E+02  3.7526E-01
1.7430E-01  8.8859E+02  8.8821E+02  3.7526E-01
1.7460E-01  8.8376E+02  8.8339E+02  3.7526E-01
1.7490E-01  8.7901E+02  8.7864E+02  3.7526E-01
1.7520E-01  8.7434E+02  8.7396E+02  3.7526E-01
1.7550E-01  8.6973E+02  8.6935E+02  3.7526E-01
1.7580E-01  8.6519E+02  8.6481E+02  3.7526E-01
1.7610E-01  8.6071E+02  8.6033E+02  3.7526E-01
1.7640E-01  8.5629E+02  8.5592E+02  3.7525E-01
1.7670E-01  8.5194E+02  8.5156E+02  3.7525E-01
1.7700E-01  8.4764E+02  8.4727E+02  3.7525E-01
1.7730E-01  8.4340E+02  8.4303E+02  3.7525E-01
1.7760E-01  8.3921E+02  8.3884E+02  3.7525E-01
1.7790E-01  8.3508E+02  8.3470E+02  3.7525E-01
1.7820E-01  8.3099E+02  8.3062E+02  3.7525E-01
1.7850E-01  8.2696E+02  8.2658E+02  3.7525E-01
1.7880E-01  8.2297E+02  8.2260E+02  3.7525E-01
1.7910E-01  8.1903E+02  8.1865E+02  3.7525E-01
1.7940E-01  8.1513E+02  8.1476E+02  3.7525E-01
1.7970E-01  8.1128E+02  8.1090E+02  3.7525E-01
1.8000E-01  8.0747E+02  8.0709E+02  3.7525E-01
1.8030E-01  8.0369E+02  8.0332E+02  3.7525E-01
1.8060E-01  7.9996E+02  7.9958E+02  3.7524E-01
1.8090E-01  7.9626E+02  7.9589E+02  3.7524E-01
1.8120E-01  7.9261E+02  7.9223E+02  3.7524E-01
1.8150E-01  7.8898E+02  7.8861E+02  3.7524E-01
1.8180E-01  7.8540E+02  7.8502E+02  3.7524E-01
1.8210E-01  7.8184E+02  7.8147E+02  3.7524E-01
1.8240E-01  7.7832E+02  7.7795E+02  3.7524E-01
1.8270E-01  7.7483E+02  7.7446E+02  3.7524E-01
1.8300E-01  7.7138E+02  7.7100E+02  3.7524E-01
1.8330E-01  7.6795E+02  7.6757E+02  3.7524E-01
1.8360E-01  7.6455E+02  7.6417E+02  3.7524E-01
1.8390E-01  7.6118E+02  7.6080E+02  3.7524E-01
1.8420E-01  7.5784E+02  7.5746E+02  3.7524E-01
1.8450E-01  7.5452E+02  7.5415E+02  3.7524E-01
1.8480E-01  7.5124E+02  7.5086E+02  3.7524E-01
1.8510E-01  7.4797E+02  7.4760E+02  3.7523E-01
1.8540E-01  7.4473E+02  7.4436E+02  3.7523E-01
1.8570E-01  7.4152E+02  7.4115E+02  3.7523E-01
1.8600E-01  7.3833E+02  7.3796E+02  3.7523E-01
1.8630E-01  7.3517E+02  7.3479E+02  3.7523E-01
1.8660E-01  7.3202E+02  7.3165E+02  3.7523E-01
1.8690E-01  7.2890E+02  7.2853E+02  3.7523E-01
1.8720E-01  7.2580E+02  7.2543E+02  3.7523E-01
1.8750E-01  7.2272E+02  7.2235E+02  3.7523E-01
1.8780E-01  7.1966E+02  7.1929E+02  3.7523E-01
1.8810E-01  7.1662E+02  7.1625E+02  3.7523E-01
1.8840E-01  7.1361E+02  7.1323E+02  3.7523E-01
1.8870E-01  7.1061E+02  7.1023E+02  3.7523E-01
1.8900E-01  7.0762E+02  7.0725E+02  3.7523E-01
1.8930E-01  7.0466E+02  7.0429E+02  3.7522E-01
1.8960E-01  7.0172E+02  7.0134E+02  3.7522E-01
1.8990E-01  6.9879E+02  6.9841E+02  3.7522E-01
1.9020E-01  6.9588E+02  6.9550E+02  3.7522E-01
1.9050E-01  6.9298E+02  6.9261E+02  3.7522E-01
1.9080E-01  6.9011E+02  6.8973E+02  3.7522E-01
1.9110E-01  6.8724E+02  6.8687E+02  3.7522E-01
1.9140E-01  6.8440E+02  6.8402E+02  3.7522E-01
1.9170E-01  6.8157E+02  6.8119E+02  3.7522E-01
1.9200E-01  6.7875E+02  6.7837E+02  3.7522E-01
1.9230E-01  6.7595E+02  6.7557E+02  3.7522E-01
1.9260E-01  6.7316E+02  6.7278E+02  3.7522E-01
1.9290E-01  6.7039E+02  6.7001E+02  3.7522E-01
1.9320E-01  6.6763E+02  6.6725E+02  3.7522E-01
1.9350E-01  6.6488E+02  6.6451E+02  3.7521E-01
1.9380E-01  6.6215E+02  6.6177E+02  3.7521E-01
1.9410E-01  6.5943E+02  6.5905E+02  3.7521E-01
1.9440E-01  6.5672E+02  6.5635E+02  3.7521E-01
1.9470E-01  6.5403E+02  6.5365E+02  3.7521E-01
1.9500E-01  6.5134E+02  6.5097E+02  3.7521E-01
1.9530E-01  6.4867E+02  6.4830E+02  3.7521E-01
1.9560E-01  6.4602E+02  6.4564E+02  3.7521E-01
1.9590E-01  6.4337E+02  6.4299E+02  3.7521E-01
1.9620E-01  6.4073E+02  6.4036E+02  3.7521E-01
1.9650E-01  6.3811E+02  6.3773E+02  3.7521E-01
1.9680E-01  6.3549E+02  6.3512E+02  3.7521E-01
1.9710E-01  6.3289E+02  6.3251E+02  3.7521E-01
1.9740E-01  6.3030E+02  6.2992E+02  3.7521E-01
1.9770E-01  6.2771E+02  6.2734E+02  3.7521E-01
1.9800E-01  6.2514E+02  6.2476E+02  3.7520E-01
1.9830E-01  6.2258E+02  6.2220E+02  3.7520E-01
1.9860E-01  6.2002E+02  6.1965E+02  3.7520E-01
1.9890E-01  6.1748E+02  6.1710E+02  3.7520E-01
1.9920E-01  6.1494E+02  6.1457E+02  3.7520E-01
1.9950E-01  6.1242E+02  6.1204E+02  3.7520E-01
1.9980E-01  6.0990E+02  6.0953E+02  3.7520E-01
2.0010E-01  6.0739E+02  6.0702E+02  3.7520E-01
2.0040E-01  6.0489E+02  6.0452E+02  3.7520E-01
2.0070E-01  6.0240E+02  6.0203E+02  3.7520E-01
2.0100E-01  5.9992E+02  5.9955E+02  3.7520E-01
2.0130E-01  5.9745E+02  5.9707E+02  3.7520E-01
2.0160E-01  5.9498E+02  5.9461E+02  3.7520E-01
2.0190E-01  5.9252E+02  5.9215E+02  3.7520E-01
2.0220E-01  5.9008E+02  5.8970E+02  3.7519E-01
2.0250E-01  5.8764E+02  5.8726E+02  3.7519E-01
2.0280E-01  5.8520E+02  5.8483E+02  3.7519E-01
2.0310E-01  5.8278E+02  5.8240E+02  3.7519E-01
2.0340E-01  5.8036E+02  5.7999E+02  3.7519E-01
2.0370E-01  5.7796E+02  5.7758E+02  3.7519E-01
2.0400E-01  5.7556E+02  5.7518E+02  3.7519E-01
2.0430E-01  5.7317E+02  5.7279E+02  3.7519E-01
2.0460E-01  5.7078E+02  5.7041E+02  3.7519E-01
2.0490E-01  5.6840E+02  5.6803E+02  3.7519E-01
2.0520E-01  5.6603E+02  5.6566E+02  3.7519E-01
2.0550E-01  5.6367E+02  5.6330E+02  3.7519E-01
2.0580E-01  5.6132E+02  5.6094E+02  3.7519E-01
2.0610E-01  5.5897E+02  5.5859E+02  3.7519E-01
2.0640E-01  5.5663E+02  5.5625E+02  3.7518E-01
2.0670E-01  5.5429E+02  5.5392E+02  3.7518E-01
2.0700E-01  5.5196E+02  5.5159E+02  3.7518E-01
2.0730E-01  5.4964E+02  5.4927E+02  3.7518E-01
2.0760E-01  5.4733E+02  5.4695E+02  3.7518E-01
2.0790E-01  5.4502E+02  5.4464E+02  3.7518E-01
2.0820E-01  5.4271E+02  5.4234E+02  3.7518E-01
2.0850E-01  5.4042E+02  5.4004E+02  3.7518E-01
2.0880E-01  5.3813E+02  5.3775E+02  3.7518E-01
2.0910E-01  5.3584E+02  5.3547E+02  3.7518E-01
2.0940E-01  5.3356E+02  5.3319E+02  3.7518E-01
2.0970E-01  5.3129E+02  5.3091E+02  3.7518E-01
2.1000E-01  5.2902E+02  5.2865E+02  3.7518E-01
2.1030E-01  5.2676E+02  5.2638E+02  3.7518E-01
2.1060E-01  5.2450E+02  5.2413E+02  3.7517E-01
2.1090E-01  5.2225E+02  5.2187E+02  3.7517E-01
2.1120E-01  5.2000E+02  5.1963E+02  3.7517E-01
2.1150E-01  5.1776E+02  5.1739E+02  3.7517E-01
2.1180E-01  5.1553E+02  5.1515E+02  3.7517E-01
2.1210E-01  5.1330E+02  5.1292E+02  3.7517E-01
2.1240E-01  5.1107E+02  5.1069E+02  3.7517E-01
2.1270E-01  5.0885E+02  5.0847E+02  3.7517E-01
2.1300E-01  5.0663E+02  5.0626E+02  3.7517E-01
2.1330E-01  5.0442E+02  5.0405E+02  3.7517E-01
2.1360E-01  5.0222E+02  5.0184E+02  3.7517E-01
2.1390E-01  5.0002E+02  4.9964E+02  3.7517E-01
2.1420E-01  4.9782E+02  4.9745E+02  3.7517E-01
2.1450E-01  4.9563E+02  4.9526E+02  3.7517E-01
2.1480E-01  4.9344E+02  4.9307E+02  3.7517E-01
2.1510E-01  4.9126E+02  4.9089E+02  3.7516E-01
2.1540E-01  4.8909E+02  4.8871E+02  3.7516E-01
2.1570E-01  4.8691E+02  4.8654E+02  3.7516E-01
2.1600E-01  4.8475E+02  4.8437E+02  3.7516E-01
2.1630E-01  4.8258E+02  4.8221E+02  3.7516E-01
2.1660E-01  4.8042E+02  4.8005E+02  3.7516E-01
2.1690E-01  4.7827E+02  4.7789E+02  3.7516E-01
2.1720E-01  4.7612E+02  4.7574E+02  3.7516E-01
2.1750E-01  4.7397E+02  4.7360E+02  3.7516E-01
2.1780E-01  4.7183E+02  4.7145E+02  3.7516E-01
2.1810E-01  4.6969E+02  4.6932E+02  3.7516E-01
2.1840E-01  4.6756E+02  4.6719E+02  3.7516E-01
2.1870E-01  4.6546E+02  4.6509E+02  3.7516E-01
2.1900E-01  4.6339E+02  4.6302E+02  3.7516E-01
2.1930E-01  4.6135E+02  4.6097E+02  3.7515E-01
2.1960E-01  4.5933E+02  4.5895E+02  3.7515E-01
2.1990E-01  4.5734E+02  4.5696E+02  3.7515E-01
2.2020E-01  4.5537E+02  4.5499E+02  3.7515E-01
2.2050E-01  4.5342E+02  4.5305E+02  3.7515E-01
2.2080E-01  4.5150E+02  4.5113E+02  3.7515E-01
2.2110E-01  4.4960E+02  4.4923E+02  3.7515E-01
2.2140E-01  4.4773E+02  4.4735E+02  3.7515E-01
2.2170E-01  4.4587E+02  4.4550E+02  3.7515E-01
2.2200E-01  4.4404E+02  4.4366E+02  3.7515E-01
2.2230E-01  4.4222E+02  4.4184E+02  3.7515E-01
2.2260E-01  4.4042E+02  4.4005E+02  3.7515E-01
2.2290E-01  4.3865E+02  4.3827E+02  3.7515E-01
2.2320E-01  4.3689E+02  4.3651E+02  3.7515E-01
2.2350E-01  4.3515E+02  4.3477E+02  3.7514E-01
2.2380E-01  4.3342E+02  4.3305E+02  3.7514E-01
2.2410E-01  4.3172E+02  4.3134E+02  3.7514E-01
2.2440E-01  4.3003E+02  4.2965E+02  3.7514E-01
2.2470E-01  4.2835E+02  4.2798E+02  3.7514E-01
2.2500E-01  4.2669E+02  4.2632E+02  3.7514E-01
2.2530E-01  4.2505E+02  4.2468E+02  3.7514E-01
2.2560E-01  4.2342E+02  4.2305E+02  3.7514E-01
2.2590E-01  4.2181E+02  4.2143E+02  3.7514E-01
2.2620E-01  4.2021E+02  4.1983E+02  3.7514E-01
2.2650E-01  4.1862E+02  4.1825E+02  3.7514E-01
2.2680E-01  4.1705E+02  4.1668E+02  3.7514E-01
2.2710E-01  4.1549E+02  4.1512E+02  3.7514E-01
2.2740E-01  4.1395E+02  4.1357E+02  3.7514E-01
2.2770E-01  4.1241E+02  4.1204E+02  3.7513E-01
2.2800E-01  4.1089E+02  4.1051E+02  3.7513E-01
2.2830E-01  4.0938E+02  4.0900E+02  3.7513E-01
2.2860E-01  4.0788E+02  4.0751E+02  3.7513E-01
2.2890E-01  4.0639E+02  4.0602E+02  3.7513E-01
2.2920E-01  4.0492E+02  4.0454E+02  3.7513E-01
2.2950E-01  4.0345E+02  4.0308E+02  3.7513E-01
2.2980E-01  4.0200E+02  4.0162E+02  3.7513E-01
2.3010E-01  4.0056E+02  4.0018E+02  3.7513E-01
2.3040E-01  3.9912E+02  3.9875E+02  3.7513E-01
2.3070E-01  3.9770E+02  3.9732E+02  3.7513E-01
2.3100E-01  3.9628E+02  3.9591E+02  3.7513E-01
2.3130E-01  3.9488E+02  3.9450E+02  3.7513E-01
2.3160E-01  3.9348E+02  3.9311E+02  3.7513E-01
2.3190E-01  3.9210E+02  3.9172E+02  3.7513E-01
2.3220E-01  3.9072E+02  3.9035E+02  3.7512E-01
2.3250E-01  3.8935E+02  3.8898E+02  3.7512E-01
2.3280E-01  3.8799E+02  3.8762E+02  3.7512E-01
2.3310E-01  3.8664E+02  3.8627E+02  3.7512E-01
2.3340E-01  3.8530E+02  3.8492E+02  3.7512E-01
2.3370E-01  3.8396E+02  3.8359E+02  3.7512E-01
2.3400E-01  3.8263E+02  3.8226E+02  3.7512E-01
2.3430E-01  3.8131E+02  3.8094E+02  3.7512E-01
2.3460E-01  3.8000E+02  3.7963E+02  3.7512E-01
2.3490E-01  3.7870E+02  3.7832E+02  3.7512E-01
2.3520E-01  3.7740E+02  3.7702E+02  3.7512E-01
2.3550E-01  3.7611E+02  3.7573E+02  3.7512E-01
2.3580E-01  3.7483E+02  3.7445E+02  3.7512E-01
2.3610E-01  3.7355E+02  3.7317E+02  3.7512E-01
2.3640E-01  3.7228E+02  3.7190E+02  3.7511E-01
2.3670E-01  3.7102E+02  3.7064E+02  3.7511E-01
2.3700E-01  3.6976E+02  3.6938E+02  3.7511E-01
2.3730E-01  3.6851E+02  3.6813E+02  3.7511E-01
2.3760E-01  3.6726E+02  3.6689E+02  3.7511E-01
2.3790E-01  3.6603E+02  3.6565E+02  3.7511E-01
2.3820E-01  3.6479E+02  3.6442E+02  3.7511E-01
2.3850E-01  3.6357E+02  3.6319E+02  3.7511E-01
2.3880E-01  3.6235E+02  3.6197E+02  3.7511E-01
2.3910E-01  3.6113E+02  3.6076E+02  3.7511E-01
2.3940E-01  3.5992E+02  3.5955E+02  3.7511E-01
2.3970E-01  3.5872E+02  3.5834E+02  3.7511E-01
2.4000E-01  3.5752E+02  3.5714E+02  3.7511E-01
2.4030E-01  3.5633E+02  3.5595E+02  3.7511E-01
2.4060E-01  3.5514E+02  3.5476E+02  3.7510E-01
2.4090E-01  3.5395E+02  3.5358E+02  3.7510E-01
2.4120E-01  3.5278E+02  3.5240E+02  3.7510E-01
2.4150E-01  3.5160E+02  3.5123E+02  3.7510E-01
2.4180E-01  3.5043E+02  3.5006E+02  3.7510E-01
2.4210E-01  3.4927E+02  3.4890E+02  3.7510E-01
2.4240E-01  3.4811E+02  3.4774E+02  3.7510E-01
2.4270E-01  3.4696E+02  3.4658E+02  3.7510E-01
2.4300E-01  3.4581E+02  3.4543E+02  3.7510E-01
2.4330E-01  3.4466E+02  3.4429E+02  3.7510E-01
2.4360E-01  3.4352E+02  3.4315E+02  3.7510E-01
2.4390E-01  3.4239E+02  3.4201E+02  3.7510E-01
2.4420E-01  3.4125E+02  3.4088E+02  3.7510E-01
2.4450E-01  3.4013E+02  3.3975E+02  3.7510E-01
2.4480E-01  3.3900E+02  3.3863E+02  3.7509E-01
2.4510E-01  3.3788E+02  3.3751E+02  3.7509E-01
2.4540E-01  3.3677E+02  3.3639E+02  3.7509E-01
2.4570E-01  3.3565E+02  3.3528E+02  3.7509E-01
2.4600E-01  3.3455E+02  3.3417E+02  3.7509E-01
2.4630E-01  3.3344E+02  3.3307E+02  3.7509E-01
2.4660E-01  3.3234E+02  3.3197E+02  3.7509E-01
2.4690E-01  3.3125E+02  3.3087E+02  3.7509E-01
2.4720E-01  3.3015E+02  3.2978E+02  3.7509E-01
2.4750E-01  3.2906E+02  3.2869E+02  3.7509E-01
2.4780E-01  3.2798E+02  3.2760E+02  3.7509E-01
2.4810E-01  3.2690E+02  3.2652E+02  3.7509E-01
2.4840E-01  3.2582E+02  3.2544E+02  3.7509E-01
2.4870E-01  3.2474E+02  3.2437E+02  3.7509E-01
2.4900E-01  3.2367E+02  3.2329E+02  3.7509E-01
2.4930E-01  3.2260E+02  3.2223E+02  3.7508E-01
2.4960E-01  3.2154E+02  3.2116E+02  3.7508E-01
2.4990E-01  3.2047E+02  3.2010E+02  3.7508E-01
2.5020E-01  3.1941E+02  3.1904E+02  3.7508E-01
2.5050E-01  3.1836E+02  3.1798E+02  3.7508E-01
2.5080E-01  3.1730E+02  3.1693E+02  3.7508E-01
2.5110E-01  3.1625E+02  3.1588E+02  3.7508E-01
2.5140E-01  3.1521E+02  3.1483E+02  3.7508E-01
2.5170E-01  3.1416E+02  3.1379E+02  3.7508E-01
2.5200E-01  3.1312E+02  3.1275E+02  3.7508E-01
2.5230E-01  3.1208E+02  3.1171E+02  3.7508E-01
2.5260E-01  3.1105E+02  3.1067E+02  3.7508E-01
2.5290E-01  3.1002E+02  3.0964E+02  3.7508E-01
2.5320E-01  3.0899E+02  3.0861E+02  3.7508E-01
2.5350E-01  3.0796E+02  3.0758E+02  3.7507E-01
2.5380E-01  3.0693E+02  3.0656E+02  3.7507E-01
2.5410E-01  3.0591E+02  3.0554E+02  3.7507E-01
2.5440E-01  3.0489E+02  3.0452E+02  3.7507E-01
2.5470E-01  3.0388E+02  3.0350E+02  3.7507E-01
2.5500E-01  3.0286E+02  3.0249E+02  3.7507E-01
2.5530E-01  3.0185E+02  3.0148E+02  3.7507E-01
2.5560E-01  3.0085E+02  3.0047E+02  3.7507E-01
2.5590E-01  2.9984E+02  2.9947E+02  3.7507E-01
2.5620E-01  2.9884E+02  2.9847E+02  3.7507E-01
2.5650E-01  2.9784E+02  2.9747E+02  3.7507E-01
2.5680E-01  2.9685E+02  2.9647E+02  3.7507E-01
2.5710E-01  2.9585E+02  2.9548E+02  3.7507E-01
2.5740E-01  2.9486E+02  2.9449E+02  3.7507E-01
2.5770E-01  2.9388E+02  2.9350E+02  3.7506E-01
2.5800E-01  2.9289E+02  2.9251E+02  3.7506E-01
2.5830E-01  2.9191E+02  2.9153E+02  3.7506E-01
2.5860E-01  2.9093E+02  2.9055E+02  3.7506E-01
2.5890E-01  2.8995E+02  2.8957E+02  3.7506E-01
2.5920E-01  2.8897E+02  2.8860E+02  3.7506E-01
2.5950E-01  2.8800E+02  2.8762E+02  3.7506E-01
2.5980E-01  2.8703E+02  2.8665E+02  3.7506E-01
2.6010E-01  2.8606E+02  2.8568E+02  3.7506E-01
2.6040E-01  2.8509E+02  2.8472E+02  3.7506E-01
2.6070E-01  2.8413E+02  2.8375E+02  3.7506E-01
2.6100E-01  2.8317E+02  2.8279E+02  3.7506E-01
2.6130E-01  2.8221E+02  2.8183E+02  3.7506E-01
2.6160E-01  2.8125E+02  2.8087E+02  3.7506E-01
2.6190E-01  2.8029E+02  2.7992E+02  3.7505E-01
2.6220E-01  2.7934E+02  2.7897E+02  3.7505E-01
2.6250E-01  2.7839E+02  2.7801E+02  3.7505E-01
2.6280E-01  2.7744E+02  2.7706E+02  3.7505E-01
2.6310E-01  2.7649E+02  2.7612E+02  3.7505E-01
2.6340E-01  2.7555E+02  2.7517E+02  3.7505E-01
2.6370E-01  2.7460E+02  2.7423E+02  3.7505E-01
2.6400E-01  2.7366E+02  2.7329E+02  3.7505E-01
2.6430E-01  2.7272E+02  2.7235E+02  3.7505E-01
2.6460E-01  2.7179E+02  2.7141E+02  3.7505E-01
2.6490E-01  2.7085E+02  2.7047E+02  3.7505E-01
2.6520E-01  2.6992E+02  2.6954E+02  3.7505E-01
2.6550E-01  2.6898E+02  2.6861E+02  3.7505E-01
2.6580E-01  2.6805E+02  2.6768E+02  3.7505E-01
2.6610E-01  2.6712E+02  2.6675E+02  3.7505E-01
2.6640E-01  2.6620E+02  2.6582E+02  3.7504E-01
2.6670E-01  2.6527E+02  2.6490E+02  3.7504E-01
2.6700E-01  2.6435E+02  2.6397E+02  3.7504E-01
2.6730E-01  2.6343E+02  2.6305E+02  3.7504E-01
2.6760E-01  2.6251E+02  2.6213E+02  3.7504E-01
2.6790E-01  2.6159E+02  2.6122E+02  3.7504E-01
2.6820E-01  2.6067E+02  2.6030E+02  3.7504E-01
2.6850E-01  2.5976E+02  2.5939E+02  3.7504E-01
2.6880E-01  2.5885E+02  2.5847E+02  3.7504E-01
2.6910E-01  2.5794E+02  2.5756E+02  3.7504E-01
2.6940E-01  2.5703E+02  2.5665E+02  3.7504E-01
2.6970E-01  2.5612E+02  2.5574E+02  3.7504E-01
2.7000E-01  2.5521E+02  2.5484E+02  3.7504E-01
2.7030E-01  2.5431E+02  2.5393E+02  3.7504E-01
2.7060E-01  2.5341E+02  2.5303E+02  3.7503E-01
2.7090E-01  2.5250E+02  2.5213E+02  3.7503E-01
2.7120E-01  2.5160E+02  2.5123E+02  3.7503E-01
2.7150E-01  2.5071E+02  2.5033E+02  3.7503E-01
2.7180E-01  2.4981E+02  2.4943E+02  3.7503E-01
2.7210E-01  2.4891E+02  2.4854E+02  3.7503E-01
2.7240E-01  2.4802E+02  2.4764E+02  3.7503E-01
2.7270E-01  2.4713E+02  2.4675E+02  3.7503E-01
2.7300E-01  2.4624E+02  2.4586E+02  3.7503E-01
2.7330E-01  2.4535E+02  2.4497E+02  3.7503E-01
2.7360E-01  2.4446E+02  2.4408E+02  3.7503E-01
2.7390E-01  2.4357E+02  2.4320E+02  3.7503E-01
2.7420E-01  2.4269E+02  2.4231E+02  3.7503E-01
2.7450E-01  2.4180E+02  2.4143E+02  3.7503E-01
2.7480E-01  2.4093E+02  2.4055E+02  3.7502E-01
2.7510E-01  2.4006E+02  2.3968E+02  3.7502E-01
2.7540E-01  2.3920E+02  2.3882E+02  3.7502E-01
2.7570E-01  2.3835E+02  2.3797E+02  3.7502E-01
2.7600E-01  2.3750E+02  2.3713E+02  3.7502E-01
2.7630E-01  2.3667E+02  2.3629E+02  3.7502E-01
2.7660E-01  2.3584E+02  2.3547E+02  3.7502E-01
2.7690E-01  2.3503E+02  2.3465E+02  3.7502E-01
2.7720E-01  2.3422E+02  2.3384E+02  3.7502E-01
2.7750E-01  2.3342E+02  2.3304E+02  3.7502E-01
2.7780E-01  2.3262E+02  2.3225E+02  3.7502E-01
2.7810E-01  2.3184E+02  2.3146E+02  3.7502E-01
2.7840E-01  2.3106E+02  2.3068E+02  3.7502E-01
2.7870E-01  2.3029E+02  2.2991E+02  3.7502E-01
2.7900E-01  2.2952E+02  2.2915E+02  3.7501E-01
2.7930E-01  2.2876E+02  2.2839E+02  3.7501E-01
2.7960E-01  2.2801E+02  2.2764E+02  3.7501E-01
2.7990E-01  2.2727E+02  2.2689E+02  3.7501E-01
2.8020E-01  2.2653E+02  2.2615E+02  3.7501E-01
2.8050E-01  2.2579E+02  2.2542E+02  3.7501E-01
2.8080E-01  2.2507E+02  2.2469E+02  3.7501E-01
2.8110E-01  2.2435E+02  2.2397E+02  3.7501E-01
2.8140E-01  2.2363E+02  2.2326E+02  3.7501E-01
2.8170E-01  2.2292E+02  2.2255E+02  3.7501E-01
2.8200E-01  2.2222E+02  2.2184E+02  3.7501E-01
2.8230E-01  2.2152E+02  2.2115E+02  3.7501E-01
2.8260E-01  2.2083E+02  2.2045E+02  3.7501E-01
2.8290E-01  2.2014E+02  2.1977E+02  3.7501E-01
2.8320E-01  2.2628E+02  2.2591E+02  3.7501E-01
2.8350E-01  2.1878E+02  2.1840E+02  3.7500E-01
2.8380E-01  2.1811E+02  2.1773E+02  3.7500E-01
2.8410E-01  2.1744E+02  2.1706E+02  3.7500E-01
2.8440E-01  2.1678E+02  2.1640E+02  3.7500E-01
2.8470E-01  2.1612E+02  2.1574E+02  3.7500E-01
2.8500E-01  2.1546E+02  2.1509E+02  3.7500E-01
2.8530E-01  2.1481E+02  2.1444E+02  3.7500E-01
2.8560E-01  2.1417E+02  2.1379E+02  3.7500E-01
2.8590E-01  2.1353E+02  2.1315E+02  3.7500E-01
2.8620E-01  2.1289E+02  2.1251E+02  3.7500E-01
2.8650E-01  2.1226E+02  2.1188E+02  3.7500E-01
2.8680E-01  2.1163E+02  2.1125E+02  3.7500E-01
2.8710E-01  2.1100E+02  2.1063E+02  3.7500E-01
2.8740E-01  2.1038E+02  2.1001E+02  3.7500E-01
2.8770E-01  2.0976E+02  2.0939E+02  3.7499E-01
2.8800E-01  2.0915E+02  2.0877E+02  3.7499E-01
2.8830E-01  2.0854E+02  2.0816E+02  3.7499E-01
2.8860E-01  2.0793E+02  2.0756E+02  3.7499E-01
2.8890E-01  2.0733E+02  2.0695E+02  3.7499E-01
2.8920E-01  2.0673E+02  2.0636E+02  3.7499E-01
2.8950E-01  2.0613E+02  2.0576E+02  3.7499E-01
2.8980E-01  2.0554E+02  2.0517E+02  3.7499E-01
2.9010E-01  2.0495E+02  2.0458E+02  3.7499E-01
2.9040E-01  2.0437E+02  2.0399E+02  3.7499E-01
2.9070E-01  2.0378E+02  2.0341E+02  3.7499E-01
2.9100E-01  2.0326E+02  2.0288E+02  3.7499E-01
2.9130E-01  2.0263E+02  2.0225E+02  3.7499E-01
2.9160E-01  2.0205E+02  2.0168E+02  3.7499E-01
2.9190E-01  2.0148E+02  2.0111E+02  3.7498E-01
2.9220E-01  2.0092E+02  2.0054E+02  3.7498E-01
2.9250E-01  2.0198E+02  2.0160E+02  3.7498E-01
2.9280E-01  2.0090E+02  2.0052E+02  3.7498E-01
2.9310E-01  1.9923E+02  1.9885E+02  3.7498E-01
2.9340E-01  1.9908E+02  1.9870E+02  3.7498E-01
2.9370E-01  1.9812E+02  1.9774E+02  3.7498E-01
2.9400E-01  1.9757E+02  1.9719E+02  3.7498E-01
2.9430E-01  1.9702E+02  1.9664E+02  3.7498E-01
2.9460E-01  1.9811E+02  1.9774E+02  3.7498E-01
2.9490E-01  1.9597E+02  1.9559E+02  3.7498E-01
2.9520E-01  1.9539E+02  1.9502E+02  3.7498E-01
2.9550E-01  1.9485E+02  1.9447E+02  3.7498E-01
2.9580E-01  1.9431E+02  1.9393E+02  3.7498E-01
2.9610E-01  1.9377E+02  1.9340E+02  3.7497E-01
2.9640E-01  1.9324E+02  1.9287E+02  3.7497E-01
2.9670E-01  1.9271E+02  1.9234E+02  3.7497E-01
2.9700E-01  1.9219E+02  1.9181E+02  3.7497E-01
2.9730E-01  1.9166E+02  1.9129E+02  3.7497E-01
2.9760E-01  1.9114E+02  1.9076E+02  3.7497E-01
2.9790E-01  1.9062E+02  1.9024E+02  3.7497E-01
2.9820E-01  1.9010E+02  1.8973E+02  3.7497E-01
2.9850E-01  2.9225E+02  2.9188E+02  3.7497E-01
2.9880E-01  1.8909E+02  1.8871E+02  3.7497E-01
2.9910E-01  1.8866E+02  1.8829E+02  3.7497E-01
2.9940E-01  3.0901E+02  3.0863E+02  3.7497E-01
2.9970E-01  1.8758E+02  1.8721E+02  3.7497E-01
3.0000E-01  1.8704E+02  1.8667E+02  3.7497E-01
3.0300E-01  1.8206E+02  1.8169E+02  3.7496E-01
3.0600E-01  1.7726E+02  1.7688E+02  3.7495E-01
3.0900E-01  1.7260E+02  1.7223E+02  3.7494E-01
3.1200E-01  1.6808E+02  1.6770E+02  3.7494E-01
3.1500E-01  1.6367E+02  1.6329E+02  3.7493E-01
3.1800E-01  1.5936E+02  1.5898E+02  3.7492E-01
3.2100E-01  1.5514E+02  1.5477E+02  3.7492E-01
3.2400E-01  1.5102E+02  1.5065E+02  3.7491E-01
3.2700E-01  1.4926E+02  1.4889E+02  3.7490E-01
3.3000E-01  1.4305E+02  1.4267E+02  3.7490E-01
3.3300E-01  1.3917E+02  1.3880E+02  3.7489E-01
3.3600E-01  1.3539E+02  1.3502E+02  3.7488E-01
3.3900E-01  1.3186E+02  1.3148E+02  3.7487E-01
3.4200E-01  1.2803E+02  1.2765E+02  3.7487E-01
3.4500E-01  1.2438E+02  1.2400E+02  3.7486E-01
3.4800E-01  1.3491E+02  1.3454E+02  3.7485E-01
3.5100E-01  1.1762E+02  1.1725E+02  3.7485E-01
3.5400E-01  1.1460E+02  1.1423E+02  3.7484E-01
3.5700E-01  1.1178E+02  1.1140E+02  3.7483E-01
3.6000E-01  1.0919E+02  1.0882E+02  3.7483E-01
3.6300E-01  1.0714E+02  1.0676E+02  3.7482E-01
3.6600E-01  1.0472E+02  1.0435E+02  3.7481E-01
3.6900E-01  1.0237E+02  1.0200E+02  3.7481E-01
3.7200E-01  1.0012E+02  9.9745E+01  3.7480E-01
3.7500E-01  9.7966E+01  9.7592E+01  3.7479E-01
3.7800E-01  9.5874E+01  9.5500E+01  3.7479E-01
3.8100E-01  9.3831E+01  9.3457E+01  3.7478E-01
3.8400E-01  9.1841E+01  9.1466E+01  3.7477E-01
3.8700E-01  8.9910E+01  8.9535E+01  3.7476E-01
3.9000E-01  8.8010E+01  8.7635E+01  3.7476E-01
3.9300E-01  8.7036E+01  8.6662E+01  3.7475E-01
3.9600E-01  8.4564E+01  8.4190E+01  3.7474E-01
3.9900E-01  8.2827E+01  8.2452E+01  3.7474E-01
4.0200E-01  8.1060E+01  8.0685E+01  3.7473E-01
4.0500E-01  7.9472E+01  7.9097E+01  3.7472E-01
4.0800E-01  7.7819E+01  7.7444E+01  3.7472E-01
4.1100E-01  7.6066E+01  7.5691E+01  3.7471E-01
4.1400E-01  1.2480E+02  1.2443E+02  3.7470E-01
4.1700E-01  7.3301E+01  7.2926E+01  3.7469E-01
4.2000E-01  7.1176E+01  7.0801E+01  3.7469E-01
4.2300E-01  6.9604E+01  6.9229E+01  3.7468E-01
4.2600E-01  6.8065E+01  6.7690E+01  3.7467E-01
4.2900E-01  6.6535E+01  6.6160E+01  3.7467E-01
4.3200E-01  6.5030E+01  6.4655E+01  3.7466E-01
4.3500E-01  6.3566E+01  6.3192E+01  3.7465E-01
4.3800E-01  6.2144E+01  6.1769E+01  3.7465E-01
4.4100E-01  6.0830E+01  6.0455E+01  3.7464E-01
4.4400E-01  5.9545E+01  5.9170E+01  3.7463E-01
4.4700E-01  5.8345E+01  5.7970E+01  3.7462E-01
4.5000E-01  5.7352E+01  5.6977E+01  3.7462E-01
4.5300E-01  5.6124E+01  5.5749E+01  3.7461E-01
4.5600E-01  5.8070E+01  5.7695E+01  3.7460E-01
4.5900E-01  7.2412E+01  7.2037E+01  3.7460E-01
4.6200E-01  6.9819E+01  6.9444E+01  3.7459E-01
4.6500E-01  6.8825E+01  6.8450E+01  3.7458E-01
4.6800E-01  6.7790E+01  6.7416E+01  3.7462E-01
4.7100E-01  6.7281E+01  6.6906E+01  3.7461E-01
4.7400E-01  7.6623E+01  7.6248E+01  3.7460E-01
4.7700E-01  6.4623E+01  6.4248E+01  3.7460E-01
4.8000E-01  6.3537E+01  6.3163E+01  3.7459E-01
4.8300E-01  6.3253E+01  6.2879E+01  3.7458E-01
4.8600E-01  6.6122E+01  6.5748E+01  3.7458E-01
4.8900E-01  7.3036E+01  7.2661E+01  3.7457E-01
4.9200E-01  7.1702E+01  7.1328E+01  3.7458E-01
4.9500E-01  7.0493E+01  7.0119E+01  3.7459E-01
4.9800E-01  6.9342E+01  6.8967E+01  3.7459E-01
5.0100E-01  6.8226E+01  6.7851E+01  3.7458E-01
5.0400E-01  6.7134E+01  6.6760E+01  3.7457E-01
5.0700E-01  6.6066E+01  6.5691E+01  3.7456E-01
5.1000E-01  6.5259E+01  6.4884E+01  3.7456E-01
5.1300E-01  6.3984E+01  6.3609E+01  3.7455E-01
5.1600E-01  6.2963E+01  6.2588E+01  3.7454E-01
5.1900E-01  6.1964E+01  6.1589E+01  3.7454E-01
5.2200E-01  6.0974E+01  6.0599E+01  3.7453E-01
5.2500E-01  5.9997E+01  5.9622E+01  3.7452E-01
5.2800E-01  5.9044E+01  5.8670E+01  3.7452E-01
5.3100E-01  5.8086E+01  5.7712E+01  3.7451E-01
5.3400E-01  5.7150E+01  5.6775E+01  3.7450E-01
5.3700E-01  3.2428E+02  3.2390E+02  3.7449E-01
5.4000E-01  5.5741E+01  5.5366E+01  3.7449E-01
5.4300E-01  5.4535E+01  5.4160E+01  3.7448E-01
5.4600E-01  5.6594E+01  5.6219E+01  3.7447E-01
5.4900E-01  5.2598E+01  5.2223E+01  3.7447E-01
5.5200E-01  5.1757E+01  5.1382E+01  3.7446E-01
5.5500E-01  5.0919E+01  5.0544E+01  3.7445E-01
5.5800E-01  5.0128E+01  4.9753E+01  3.7444E-01
5.6100E-01  4.9402E+01  4.9028E+01  3.7444E-01
5.6400E-01  4.9138E+01  4.8763E+01  3.7443E-01
5.6700E-01  4.7902E+01  4.7528E+01  3.7442E-01
5.7000E-01  4.7254E+01  4.6879E+01  3.7442E-01
5.7300E-01  4.6573E+01  4.6199E+01  3.7441E-01
5.7600E-01  4.5912E+01  4.5538E+01  3.7440E-01
5.7900E-01  4.5265E+01  4.4890E+01  3.7440E-01
5.8200E-01  4.4630E+01  4.4256E+01  3.7439E-01
5.8500E-01  4.4013E+01  4.3639E+01  3.7438E-01
5.8800E-01  4.3419E+01  4.3045E+01  3.7438E-01
5.9100E-01  7.6541E+01  7.6166E+01  3.7437E-01
5.9400E-01  4.6358E+01  4.5984E+01  3.7436E-01
5.9700E-01  5.7167E+01  5.6793E+01  3.7435E-01
6.0000E-01  5.7138E+01  5.6764E+01  3.7435E-01
6.0300E-01  5.6454E+01  5.6079E+01  3.7434E-01
6.0600E-01  5.5851E+01  5.5476E+01  3.7433E-01
6.0900E-01  5.5150E+01  5.4775E+01  3.7438E-01
6.1200E-01  5.4475E+01  5.4101E+01  3.7437E-01
6.1500E-01  5.3803E+01  5.3429E+01  3.7436E-01
6.1800E-01  5.3127E+01  5.2752E+01  3.7435E-01
6.2100E-01  5.2538E+01  5.2164E+01  3.7435E-01
6.2400E-01  5.4947E+01  5.4573E+01  3.7434E-01
6.2700E-01  5.3777E+01  5.3403E+01  3.7433E-01
6.3000E-01  5.3385E+01  5.3011E+01  3.7433E-01
6.3300E-01  5.2746E+01  5.2372E+01  3.7432E-01
6.3600E-01  5.2110E+01  5.1736E+01  3.7431E-01
6.3900E-01  5.1479E+01  5.1105E+01  3.7432E-01
6.4200E-01  5.0853E+01  5.0479E+01  3.7431E-01
6.4500E-01  5.0234E+01  4.9860E+01  3.7430E-01
6.4800E-01  4.9621E+01  4.9246E+01  3.7430E-01
6.5100E-01  4.9013E+01  4.8639E+01  3.7429E-01
6.5400E-01  4.8411E+01  4.8037E+01  3.7428E-01
6.5700E-01  4.7816E+01  4.7442E+01  3.7427E-01
6.6000E-01  4.7226E+01  4.6852E+01  3.7427E-01
6.6300E-01  4.6643E+01  4.6268E+01  3.7426E-01
6.6600E-01  4.6065E+01  4.5690E+01  3.7425E-01
6.6900E-01  4.5492E+01  4.5118E+01  3.7425E-01
6.7200E-01  4.4925E+01  4.4551E+01  3.7424E-01
6.7500E-01  4.4364E+01  4.3990E+01  3.7423E-01
6.7800E-01  4.3808E+01  4.3434E+01  3.7423E-01
6.8100E-01  4.3258E+01  4.2883E+01  3.7422E-01
6.8400E-01  4.2712E+01  4.2338E+01  3.7421E-01
6.8700E-01  4.2178E+01  4.1804E+01  3.7420E-01
6.9000E-01  4.1640E+01  4.1265E+01  3.7420E-01
6.9300E-01  4.1119E+01  4.0745E+01  3.7419E-01
6.9600E-01  4.0611E+01  4.0236E+01  3.7418E-01
6.9900E-01  4.0114E+01  3.9740E+01  3.7418E-01
7.0200E-01  3.9628E+01  3.9253E+01  3.7417E-01
7.0500E-01  3.9151E+01  3.8777E+01  3.7416E-01
7.0800E-01  3.8684E+01  3.8310E+01  3.7416E-01
7.1100E-01  3.8226E+01  3.7852E+01  3.7415E-01
7.1400E-01  3.7776E+01  3.7402E+01  3.7414E-01
7.1700E-01  3.7335E+01  3.6961E+01  3.7413E-01
7.2000E-01  3.6900E+01  3.6526E+01  3.7413E-01
7.2300E-01  3.6474E+01  3.6099E+01  3.7412E-01
7.2600E-01  3.6054E+01  3.5680E+01  3.7411E-01
7.2900E-01  3.5640E+01  3.5266E+01  3.7411E-01
7.3200E-01  3.5234E+01  3.4860E+01  3.7410E-01
7.3500E-01  3.4833E+01  3.4459E+01  3.7409E-01
7.3800E-01  3.4441E+01  3.4067E+01  3.7409E-01
7.4100E-01  3.4055E+01  3.3681E+01  3.7408E-01
7.4400E-01  3.3677E+01  3.3303E+01  3.7407E-01
7.4700E-01  3.3318E+01  3.2944E+01  3.7406E-01
7.5000E-01  3.2941E+01  3.2567E+01  3.7406E-01
7.5300E-01  3.2582E+01  3.2208E+01  3.7405E-01
7.5600E-01  3.2230E+01  3.1856E+01  3.7404E-01
7.5900E-01  3.1883E+01  3.1509E+01  3.7404E-01
7.6200E-01  3.1543E+01  3.1169E+01  3.7403E-01
7.6500E-01  3.1207E+01  3.0833E+01  3.7402E-01
7.6800E-01  3.0878E+01  3.0504E+01  3.7402E-01
7.7100E-01  3.0553E+01  3.0179E+01  3.7401E-01
7.7400E-01  3.0234E+01  2.9860E+01  3.7400E-01
7.7700E-01  2.9919E+01  2.9545E+01  3.7399E-01
7.8000E-01  2.9609E+01  2.9236E+01  3.7399E-01
7.8300E-01  2.9304E+01  2.8930E+01  3.7398E-01
7.8600E-01  2.9005E+01  2.8631E+01  3.7397E-01
7.8900E-01  2.8710E+01  2.8336E+01  3.7397E-01
7.9200E-01  2.8419E+01  2.8045E+01  3.7396E-01
7.9500E-01  2.8134E+01  2.7760E+01  3.7395E-01
7.9800E-01  2.7853E+01  2.7479E+01  3.7395E-01
8.0100E-01  2.7575E+01  2.7202E+01  3.7394E-01
8.0400E-01  2.7303E+01  2.6929E+01  3.7393E-01
8.0700E-01  2.7034E+01  2.6660E+01  3.7392E-01
8.1000E-01  2.6769E+01  2.6395E+01  3.7392E-01
8.1300E-01  2.6508E+01  2.6134E+01  3.7391E-01
8.1600E-01  2.6250E+01  2.5876E+01  3.7390E-01
8.1900E-01  2.5996E+01  2.5622E+01  3.7390E-01
8.2200E-01  2.5745E+01  2.5371E+01  3.7389E-01
8.2500E-01  2.5496E+01  2.5123E+01  3.7388E-01
8.2800E-01  2.5251E+01  2.4877E+01  3.7388E-01
8.3100E-01  2.5008E+01  2.4635E+01  3.7387E-01
8.3400E-01  2.4768E+01  2.4395E+01  3.7386E-01
8.3700E-01  2.4531E+01  2.4157E+01  3.7385E-01
8.4000E-01  2.4296E+01  2.3922E+01  3.7385E-01
8.4300E-01  2.4063E+01  2.3689E+01  3.7384E-01
8.4600E-01  2.3833E+01  2.3459E+01  3.7383E-01
8.4900E-01  2.3606E+01  2.3232E+01  3.7383E-01
8.5200E-01  2.3383E+01  2.3009E+01  3.7382E-01
8.5500E-01  2.3325E+01  2.2951E+01  3.7381E-01
8.5800E-01  2.2949E+01  2.2575E+01  3.7381E-01
8.6100E-01  2.2712E+01  2.2338E+01  3.7380E-01
8.6400E-01  2.2503E+01  2.2130E+01  3.7379E-01
8.6700E-01  2.2273E+01  2.1900E+01  3.7378E-01
8.7000E-01  2.2059E+01  2.1685E+01  3.7378E-01
8.7300E-01  2.1849E+01  2.1475E+01  3.7377E-01
8.7600E-01  2.1643E+01  2.1270E+01  3.7376E-01
8.7900E-01  2.1441E+01  2.1067E+01  3.7376E-01
8.8200E-01  2.1242E+01  2.0868E+01  3.7375E-01
8.8500E-01  2.1046E+01  2.0672E+01  3.7374E-01
8.8800E-01  2.0853E+01  2.0479E+01  3.7374E-01
8.9100E-01  2.0662E+01  2.0289E+01  3.7373E-01
8.9400E-01  2.0475E+01  2.0102E+01  3.7372E-01
8.9700E-01  2.0344E+01  1.9970E+01  3.7372E-01
9.0000E-01  2.0164E+01  1.9791E+01  3.7371E-01
9.0300E-01  1.9983E+01  1.9609E+01  3.7370E-01
9.0600E-01  2.0026E+01  1.9652E+01  3.7369E-01
9.0900E-01  1.9627E+01  1.9253E+01  3.7369E-01
9.1200E-01  4.4623E+01  4.4250E+01  3.7368E-01
9.1500E-01  1.9277E+01  1.8904E+01  3.7367E-01
9.1800E-01  1.9105E+01  1.8732E+01  3.7367E-01
9.2100E-01  1.8935E+01  1.8561E+01  3.7366E-01
9.2400E-01  2.9209E+01  2.8835E+01  3.7365E-01
9.2700E-01  2.0015E+01  1.9642E+01  3.7365E-01
9.3000E-01  2.4137E+01  2.3763E+01  3.7364E-01
9.3300E-01  2.1695E+01  2.1322E+01  3.7363E-01
9.3600E-01  2.1529E+01  2.1156E+01  3.7362E-01
9.3900E-01  2.1354E+01  2.0980E+01  3.7362E-01
9.4200E-01  2.1176E+01  2.0802E+01  3.7361E-01
9.4500E-01  2.0998E+01  2.0624E+01  3.7360E-01
9.4800E-01  2.0820E+01  2.0446E+01  3.7361E-01
9.5100E-01  2.0643E+01  2.0270E+01  3.7361E-01
9.5400E-01  2.0467E+01  2.0094E+01  3.7360E-01
9.5700E-01  2.0295E+01  1.9921E+01  3.7359E-01
9.6000E-01  2.0121E+01  1.9748E+01  3.7358E-01
9.6300E-01  1.9984E+01  1.9610E+01  3.7358E-01
9.6600E-01  1.9818E+01  1.9444E+01  3.7357E-01
9.6900E-01  1.9653E+01  1.9279E+01  3.7356E-01
9.7200E-01  1.9490E+01  1.9116E+01  3.7356E-01
9.7500E-01  1.9328E+01  1.8954E+01  3.7355E-01
9.7800E-01  1.9168E+01  1.8794E+01  3.7354E-01
9.8100E-01  1.9010E+01  1.8636E+01  3.7354E-01
9.8400E-01  1.8853E+01  1.8480E+01  3.7353E-01
9.8700E-01  1.8699E+01  1.8325E+01  3.7352E-01
9.9000E-01  1.8546E+01  1.8173E+01  3.7351E-01
9.9300E-01  1.8396E+01  1.8022E+01  3.7351E-01
9.9600E-01  1.8247E+01  1.7874E+01  3.7350E-01
9.9900E-01  1.8100E+01  1.7727E+01  3.7349E-01
1.0020E+00  1.7955E+01  1.7582E+01  3.7349E-01
1.0050E+00  1.7812E+01  1.7438E+01  3.7348E-01
1.0080E+00  1.7670E+01  1.7296E+01  3.7347E-01
1.0110E+00  1.7529E+01  1.7156E+01  3.7347E-01
1.0140E+00  1.7391E+01  1.7017E+01  3.7346E-01
1.0170E+00  1.7254E+01  1.6881E+01  3.7345E-01
1.0200E+00  1.7119E+01  1.6745E+01  3.7345E-01
1.0230E+00  1.6985E+01  1.6612E+01  3.7344E-01
1.0260E+00  1.6853E+01  1.6479E+01  3.7343E-01
1.0290E+00  1.6722E+01  1.6349E+01  3.7342E-01
1.0320E+00  1.6592E+01  1.6219E+01  3.7342E-01
1.0350E+00  1.6464E+01  1.6091E+01  3.7341E-01
1.0380E+00  1.6337E+01  1.5964E+01  3.7340E-01
1.0410E+00  1.6211E+01  1.5838E+01  3.7340E-01
1.0440E+00  1.6087E+01  1.5713E+01  3.7339E-01
1.0470E+00  1.5963E+01  1.5590E+01  3.7338E-01
1.0500E+00  1.5841E+01  1.5468E+01  3.7338E-01
1.0530E+00  1.5720E+01  1.5346E+01  3.7337E-01
1.0560E+00  1.5599E+01  1.5226E+01  3.7336E-01
1.0590E+00  1.5480E+01  1.5107E+01  3.7335E-01
1.0620E+00  1.5362E+01  1.4988E+01  3.7335E-01
1.0650E+00  1.5244E+01  1.4871E+01  3.7334E-01
1.0680E+00  1.5128E+01  1.4755E+01  3.7333E-01
1.0710E+00  1.5012E+01  1.4639E+01  3.7333E-01
1.0740E+00  1.4898E+01  1.4524E+01  3.7332E-01
1.0770E+00  1.4784E+01  1.4410E+01  3.7331E-01
1.0800E+00  1.4671E+01  1.4297E+01  3.7331E-01
1.0830E+00  1.4559E+01  1.4185E+01  3.7330E-01
1.0860E+00  1.4447E+01  1.4074E+01  3.7329E-01
1.0890E+00  1.4337E+01  1.3963E+01  3.7329E-01
1.0920E+00  1.4227E+01  1.3854E+01  3.7328E-01
1.0950E+00  1.4119E+01  1.3746E+01  3.7327E-01
1.0980E+00  1.4012E+01  1.3639E+01  3.7326E-01
1.1010E+00  1.3907E+01  1.3534E+01  3.7326E-01
1.1040E+00  1.3803E+01  1.3430E+01  3.7325E-01
1.1070E+00  1.3701E+01  1.3327E+01  3.7324E-01
1.1100E+00  1.3599E+01  1.3226E+01  3.7324E-01
1.1130E+00  1.3499E+01  1.3126E+01  3.7323E-01
1.1160E+00  1.3400E+01  1.3027E+01  3.7322E-01
1.1190E+00  1.3302E+01  1.2929E+01  3.7322E-01
1.1220E+00  1.3205E+01  1.2832E+01  3.7321E-01
1.1250E+00  1.3109E+01  1.2736E+01  3.7320E-01
1.1280E+00  1.3014E+01  1.2641E+01  3.7319E-01
1.1310E+00  1.2920E+01  1.2547E+01  3.7319E-01
1.1340E+00  1.2827E+01  1.2454E+01  3.7318E-01
1.1370E+00  1.2734E+01  1.2361E+01  3.7317E-01
1.1400E+00  1.2643E+01  1.2270E+01  3.7317E-01
1.1430E+00  1.2552E+01  1.2179E+01  3.7316E-01
1.1460E+00  1.2462E+01  1.2089E+01  3.7315E-01
1.1490E+00  1.2373E+01  1.2000E+01  3.7315E-01
1.1520E+00  1.2285E+01  1.1912E+01  3.7314E-01
1.1550E+00  1.2197E+01  1.1824E+01  3.7313E-01
1.1580E+00  1.2110E+01  1.1737E+01  3.7312E-01
1.1610E+00  1.2024E+01  1.1651E+01  3.7312E-01
1.1640E+00  1.1939E+01  1.1566E+01  3.7311E-01
1.1670E+00  1.1854E+01  1.1481E+01  3.7310E-01
1.1700E+00  1.1770E+01  1.1397E+01  3.7310E-01
1.1730E+00  1.1688E+01  1.1315E+01  3.7309E-01
1.1760E+00  1.1606E+01  1.1233E+01  3.7308E-01
1.1790E+00  1.1524E+01  1.1151E+01  3.7308E-01
1.1820E+00  1.1444E+01  1.1071E+01  3.7307E-01
1.1850E+00  1.1364E+01  1.0991E+01  3.7306E-01
1.1880E+00  1.1285E+01  1.0912E+01  3.7306E-01
1.1910E+00  1.1207E+01  1.0834E+01  3.7305E-01
1.1940E+00  1.1130E+01  1.0757E+01  3.7304E-01
1.1970E+00  1.1053E+01  1.0680E+01  3.7303E-01
1.2000E+00  1.0977E+01  1.0604E+01  3.7303E-01
1.2030E+00  1.0901E+01  1.0528E+01  3.7302E-01
1.2060E+00  1.0827E+01  1.0454E+01  3.7301E-01
1.2090E+00  1.0753E+01  1.0380E+01  3.7301E-01
1.2120E+00  1.0681E+01  1.0308E+01  3.7300E-01
1.2150E+00  1.0609E+01  1.0236E+01  3.7299E-01
1.2180E+00  1.0538E+01  1.0165E+01  3.7299E-01
1.2210E+00  1.0468E+01  1.0095E+01  3.7298E-01
1.2240E+00  1.0398E+01  1.0025E+01  3.7297E-01
1.2270E+00  1.0330E+01  9.9566E+00  3.7297E-01
1.2300E+00  1.0262E+01  9.8887E+00  3.7296E-01
1.2330E+00  1.0195E+01  9.8216E+00  3.7295E-01
1.2360E+00  1.0128E+01  9.7552E+00  3.7294E-01
1.2390E+00  1.0062E+01  9.6894E+00  3.7294E-01
1.2420E+00  9.9974E+00  9.6245E+00  3.7293E-01
1.2450E+00  9.9332E+00  9.5603E+00  3.7292E-01
1.2480E+00  9.8697E+00  9.4968E+00  3.7292E-01
1.2510E+00  9.8069E+00  9.4340E+00  3.7291E-01
1.2540E+00  9.7448E+00  9.3719E+00  3.7290E-01
1.2570E+00  9.6835E+00  9.3106E+00  3.7290E-01
1.2600E+00  9.6225E+00  9.2496E+00  3.7289E-01
1.2630E+00  9.5622E+00  9.1894E+00  3.7288E-01
1.2660E+00  9.5026E+00  9.1297E+00  3.7287E-01
1.2690E+00  9.4436E+00  9.0707E+00  3.7287E-01
1.2720E+00  9.3852E+00  9.0123E+00  3.7286E-01
1.2750E+00  9.3274E+00  8.9546E+00  3.7285E-01
1.2780E+00  9.2703E+00  8.8974E+00  3.7285E-01
1.2810E+00  9.2137E+00  8.8408E+00  3.7284E-01
1.2840E+00  9.1577E+00  8.7848E+00  3.7283E-01
1.2870E+00  9.1022E+00  8.7293E+00  3.7283E-01
1.2900E+00  9.0472E+00  8.6744E+00  3.7282E-01
1.2930E+00  8.9927E+00  8.6199E+00  3.7281E-01
1.2960E+00  8.9387E+00  8.5659E+00  3.7281E-01
1.2990E+00  8.8852E+00  8.5124E+00  3.7280E-01
1.3020E+00  8.8321E+00  8.4593E+00  3.7279E-01
1.3050E+00  8.7794E+00  8.4067E+00  3.7278E-01
1.3080E+00  8.7273E+00  8.3545E+00  3.7278E-01
1.3110E+00  8.6758E+00  8.3031E+00  3.7277E-01
1.3140E+00  4.5520E+02  4.5483E+02  3.7276E-01
1.3170E+00  8.5733E+00  8.2006E+00  3.7276E-01
1.3200E+00  8.5223E+00  8.1495E+00  3.7275E-01
1.3230E+00  8.4721E+00  8.0994E+00  3.7274E-01
1.3260E+00  8.4227E+00  8.0500E+00  3.7274E-01
1.3290E+00  8.3733E+00  8.0006E+00  3.7273E-01
1.3320E+00  8.3236E+00  7.9509E+00  3.7272E-01
1.3350E+00  1.2280E+01  1.1908E+01  3.7271E-01
1.3380E+00  1.2857E+01  1.2485E+01  3.7271E-01
1.3410E+00  1.2840E+01  1.2467E+01  3.7270E-01
1.3440E+00  1.2786E+01  1.2413E+01  3.7269E-01
1.3470E+00  1.2722E+01  1.2350E+01  3.7269E-01
1.3500E+00  1.2655E+01  1.2283E+01  3.7268E-01
1.3530E+00  1.2587E+01  1.2214E+01  3.7267E-01
1.3560E+00  1.2518E+01  1.2145E+01  3.7267E-01
1.3590E+00  1.2448E+01  1.2075E+01  3.7269E-01
1.3620E+00  1.2425E+01  1.2052E+01  3.7268E-01
1.3650E+00  1.2309E+01  1.1936E+01  3.7268E-01
1.3680E+00  1.2239E+01  1.1867E+01  3.7267E-01
1.3710E+00  1.2171E+01  1.1798E+01  3.7266E-01
1.3740E+00  1.2103E+01  1.1731E+01  3.7265E-01
1.3770E+00  1.2035E+01  1.1663E+01  3.7265E-01
1.3800E+00  1.1967E+01  1.1595E+01  3.7264E-01
1.3830E+00  1.1900E+01  1.1527E+01  3.7263E-01
1.3860E+00  1.1833E+01  1.1460E+01  3.7263E-01
1.3890E+00  1.1766E+01  1.1393E+01  3.7262E-01
1.3920E+00  1.1700E+01  1.1327E+01  3.7261E-01
1.3950E+00  1.1634E+01  1.1261E+01  3.7261E-01
1.3980E+00  1.1569E+01  1.1196E+01  3.7260E-01
1.4010E+00  1.1504E+01  1.1131E+01  3.7259E-01
1.4040E+00  1.1439E+01  1.1067E+01  3.7259E-01
1.4070E+00  1.1375E+01  1.1003E+01  3.7258E-01
1.4100E+00  1.1312E+01  1.0939E+01  3.7257E-01
1.4130E+00  1.1248E+01  1.0876E+01  3.7256E-01
1.4160E+00  1.1186E+01  1.0813E+01  3.7256E-01
1.4190E+00  1.1123E+01  1.0751E+01  3.7255E-01
1.4220E+00  1.1061E+01  1.0688E+01  3.7254E-01
1.4250E+00  1.0999E+01  1.0627E+01  3.7254E-01
1.4280E+00  1.0938E+01  1.0565E+01  3.7253E-01
1.4310E+00  1.0877E+01  1.0504E+01  3.7252E-01
1.4340E+00  1.0816E+01  1.0444E+01  3.7252E-01
1.4370E+00  1.0756E+01  1.0383E+01  3.7251E-01
1.4400E+00  1.0696E+01  1.0323E+01  3.7250E-01
1.4430E+00  1.0636E+01  1.0264E+01  3.7250E-01
1.4460E+00  1.0577E+01  1.0204E+01  3.7249E-01
1.4490E+00  1.0518E+01  1.0145E+01  3.7248E-01
1.4520E+00  1.0459E+01  1.0087E+01  3.7247E-01
1.4550E+00  1.0401E+01  1.0028E+01  3.7247E-01
1.4580E+00  1.0343E+01  9.9701E+00  3.7246E-01
1.4610E+00  1.0285E+01  9.9123E+00  3.7245E-01
1.4640E+00  1.0227E+01  9.8548E+00  3.7245E-01
1.4670E+00  1.0170E+01  9.7977E+00  3.7244E-01
1.4700E+00  1.0113E+01  9.7410E+00  3.7243E-01
1.4730E+00  1.0057E+01  9.6847E+00  3.7243E-01
1.4760E+00  1.0001E+01  9.6287E+00  3.7242E-01
1.4790E+00  9.9454E+00  9.5730E+00  3.7241E-01
1.4820E+00  9.8901E+00  9.5177E+00  3.7241E-01
1.4850E+00  9.8351E+00  9.4627E+00  3.7240E-01
1.4880E+00  9.7805E+00  9.4082E+00  3.7239E-01
1.4910E+00  9.7264E+00  9.3540E+00  3.7238E-01
1.4940E+00  9.6726E+00  9.3002E+00  3.7238E-01
1.4970E+00  9.6192E+00  9.2468E+00  3.7237E-01
1.5000E+00  9.5662E+00  9.1938E+00  3.7236E-01
1.5030E+00  9.5135E+00  9.1412E+00  3.7236E-01
1.5060E+00  9.4612E+00  9.0889E+00  3.7235E-01
1.5090E+00  9.4093E+00  9.0370E+00  3.7234E-01
1.5120E+00  9.3578E+00  8.9854E+00  3.7234E-01
1.5150E+00  9.3067E+00  8.9343E+00  3.7233E-01
1.5180E+00  9.2560E+00  8.8837E+00  3.7232E-01
1.5210E+00  9.2058E+00  8.8335E+00  3.7232E-01
1.5240E+00  9.1561E+00  8.7838E+00  3.7231E-01
1.5270E+00  9.1068E+00  8.7345E+00  3.7230E-01
1.5300E+00  9.0579E+00  8.6856E+00  3.7229E-01
1.5330E+00  9.0094E+00  8.6372E+00  3.7229E-01
1.5360E+00  8.9614E+00  8.5891E+00  3.7228E-01
1.5390E+00  8.9138E+00  8.5415E+00  3.7227E-01
1.5420E+00  8.8665E+00  8.4943E+00  3.7227E-01
1.5450E+00  8.8197E+00  8.4474E+00  3.7226E-01
1.5480E+00  8.7732E+00  8.4009E+00  3.7225E-01
1.5510E+00  8.7271E+00  8.3548E+00  3.7225E-01
1.5540E+00  8.6813E+00  8.3091E+00  3.7224E-01
1.5570E+00  8.6360E+00  8.2638E+00  3.7223E-01
1.5600E+00  8.5910E+00  8.2188E+00  3.7223E-01
1.5630E+00  8.5464E+00  8.1742E+00  3.7222E-01
1.5660E+00  8.5022E+00  8.1300E+00  3.7221E-01
1.5690E+00  8.4584E+00  8.0862E+00  3.7220E-01
1.5720E+00  8.4149E+00  8.0427E+00  3.7220E-01
1.5750E+00  8.3718E+00  7.9997E+00  3.7219E-01
1.5780E+00  8.3291E+00  7.9569E+00  3.7218E-01
1.5810E+00  8.2867E+00  7.9145E+00  3.7218E-01
1.5840E+00  8.2447E+00  7.8725E+00  3.7217E-01
1.5870E+00  8.2029E+00  7.8308E+00  3.7216E-01
1.5900E+00  8.1615E+00  7.7894E+00  3.7216E-01
1.5930E+00  8.1205E+00  7.7483E+00  3.7215E-01
1.5960E+00  8.0797E+00  7.7076E+00  3.7214E-01
1.5990E+00  8.0393E+00  7.6672E+00  3.7214E-01
1.6020E+00  7.9993E+00  7.6272E+00  3.7213E-01
1.6050E+00  7.9596E+00  7.5874E+00  3.7212E-01
1.6080E+00  7.9202E+00  7.5480E+00  3.7211E-01
1.6110E+00  7.8811E+00  7.5090E+00  3.7211E-01
1.6140E+00  7.8423E+00  7.4702E+00  3.7210E-01
1.6170E+00  7.8038E+00  7.4317E+00  3.7209E-01
1.6200E+00  7.7656E+00  7.3935E+00  3.7209E-01
1.6230E+00  7.7278E+00  7.3557E+00  3.7208E-01
1.6260E+00  7.6902E+00  7.3181E+00  3.7207E-01
1.6290E+00  7.6528E+00  7.2808E+00  3.7207E-01
1.6320E+00  7.6158E+00  7.2438E+00  3.7206E-01
1.6350E+00  7.5791E+00  7.2070E+00  3.7205E-01
1.6380E+00  7.5426E+00  7.1705E+00  3.7205E-01
1.6410E+00  7.5063E+00  7.1343E+00  3.7204E-01
1.6440E+00  7.4704E+00  7.0984E+00  3.7203E-01
1.6470E+00  7.4347E+00  7.0627E+00  3.7202E-01
1.6500E+00  7.3992E+00  7.0272E+00  3.7202E-01
1.6530E+00  7.3640E+00  6.9920E+00  3.7201E-01
1.6560E+00  7.3291E+00  6.9571E+00  3.7200E-01
1.6590E+00  7.2944E+00  6.9224E+00  3.7200E-01
1.6620E+00  7.2599E+00  6.8879E+00  3.7199E-01
1.6650E+00  7.2257E+00  6.8537E+00  3.7198E-01
1.6680E+00  7.1917E+00  6.8197E+00  3.7198E-01
1.6710E+00  7.1579E+00  6.7859E+00  3.7197E-01
1.6740E+00  7.1244E+00  6.7524E+00  3.7196E-01
1.6770E+00  7.0911E+00  6.7191E+00  3.7196E-01
1.6800E+00  7.0580E+00  6.6860E+00  3.7195E-01
1.6830E+00  7.0251E+00  6.6532E+00  3.7194E-01
1.6860E+00  6.9925E+00  6.6205E+00  3.7193E-01
1.6890E+00  6.9600E+00  6.5881E+00  3.7193E-01
1.6920E+00  6.9278E+00  6.5559E+00  3.7192E-01
1.6950E+00  6.8958E+00  6.5239E+00  3.7191E-01
1.6980E+00  6.8640E+00  6.4921E+00  3.7191E-01
1.7010E+00  6.8324E+00  6.4605E+00  3.7190E-01
1.7040E+00  6.8011E+00  6.4292E+00  3.7189E-01
1.7070E+00  6.7699E+00  6.3980E+00  3.7189E-01
1.7100E+00  6.7390E+00  6.3671E+00  3.7188E-01
1.7130E+00  6.7082E+00  6.3364E+00  3.7187E-01
1.7160E+00  6.6777E+00  6.3058E+00  3.7187E-01
1.7190E+00  6.6473E+00  6.2755E+00  3.7186E-01
1.7220E+00  6.6172E+00  6.2453E+00  3.7185E-01
1.7250E+00  6.5872E+00  6.2154E+00  3.7184E-01
1.7280E+00  6.5575E+00  6.1856E+00  3.7184E-01
1.7310E+00  6.5280E+00  6.1562E+00  3.7183E-01
1.7340E+00  6.4987E+00  6.1269E+00  3.7182E-01
1.7370E+00  6.4697E+00  6.0979E+00  3.7182E-01
1.7400E+00  6.4409E+00  6.0691E+00  3.7181E-01
1.7430E+00  6.4124E+00  6.0406E+00  3.7180E-01
1.7460E+00  6.3841E+00  6.0123E+00  3.7180E-01
1.7490E+00  6.3559E+00  5.9841E+00  3.7179E-01
1.7520E+00  6.3280E+00  5.9562E+00  3.7178E-01
1.7550E+00  6.3003E+00  5.9285E+00  3.7178E-01
1.7580E+00  6.2728E+00  5.9010E+00  3.7177E-01
1.7610E+00  6.2455E+00  5.8737E+00  3.7176E-01
1.7640E+00  6.2183E+00  5.8466E+00  3.7175E-01
1.7670E+00  6.1914E+00  5.8196E+00  3.7175E-01
1.7700E+00  6.1646E+00  5.7929E+00  3.7174E-01
1.7730E+00  6.1380E+00  5.7663E+00  3.7173E-01
1.7760E+00  6.1115E+00  5.7398E+00  3.7173E-01
1.7790E+00  6.0853E+00  5.7135E+00  3.7172E-01
1.7820E+00  6.0592E+00  5.6874E+00  3.7171E-01
1.7850E+00  6.0332E+00  5.6615E+00  3.7171E-01
1.7880E+00  6.0074E+00  5.6357E+00  3.7170E-01
1.7910E+00  5.9817E+00  5.6100E+00  3.7169E-01
1.7940E+00  5.9562E+00  5.5845E+00  3.7169E-01
1.7970E+00  5.9308E+00  5.5592E+00  3.7168E-01
1.8000E+00  5.9056E+00  5.5339E+00  3.7167E-01
1.8030E+00  5.8805E+00  5.5089E+00  3.7167E-01
1.8060E+00  5.8556E+00  5.4839E+00  3.7166E-01
1.8090E+00  5.8307E+00  5.4591E+00  3.7165E-01
1.8120E+00  5.8061E+00  5.4344E+00  3.7164E-01
1.8150E+00  5.7815E+00  5.4098E+00  3.7164E-01
1.8180E+00  5.7570E+00  5.3854E+00  3.7163E-01
1.8210E+00  5.7327E+00  5.3611E+00  3.7162E-01
1.8240E+00  5.7085E+00  5.3369E+00  3.7162E-01
1.8270E+00  5.6844E+00  5.3128E+00  3.7161E-01
1.8300E+00  5.6604E+00  5.2888E+00  3.7160E-01
1.8330E+00  5.6366E+00  5.2650E+00  3.7160E-01
1.8360E+00  5.6128E+00  5.2412E+00  3.7159E-01
1.8390E+00  5.5892E+00  5.2176E+00  3.7158E-01
1.8420E+00  5.5656E+00  5.1941E+00  3.7158E-01
1.8450E+00  5.5422E+00  5.1707E+00  3.7157E-01
1.8480E+00  5.5190E+00  5.1474E+00  3.7156E-01
1.8510E+00  5.4959E+00  5.1243E+00  3.7155E-01
1.8540E+00  5.4729E+00  5.1013E+00  3.7155E-01
1.8570E+00  5.4500E+00  5.0784E+00  3.7154E-01
1.8600E+00  5.4272E+00  5.0557E+00  3.7153E-01
1.8630E+00  5.4046E+00  5.0330E+00  3.7153E-01
1.8660E+00  5.3820E+00  5.0105E+00  3.7152E-01
1.8690E+00  5.3596E+00  4.9881E+00  3.7151E-01
1.8720E+00  5.3373E+00  4.9658E+00  3.7151E-01
1.8750E+00  5.3152E+00  4.9437E+00  3.7150E-01
1.8780E+00  5.2932E+00  4.9217E+00  3.7149E-01
1.8810E+00  5.2713E+00  4.8998E+00  3.7149E-01
1.8840E+00  5.2496E+00  4.8781E+00  3.7148E-01
1.8870E+00  5.2280E+00  4.8565E+00  3.7147E-01
1.8900E+00  5.2065E+00  4.8350E+00  3.7147E-01
1.8930E+00  5.1851E+00  4.8136E+00  3.7146E-01
1.8960E+00  5.1638E+00  4.7924E+00  3.7145E-01
1.8990E+00  5.1427E+00  4.7713E+00  3.7144E-01
1.9020E+00  5.1217E+00  4.7502E+00  3.7144E-01
1.9050E+00  5.1008E+00  4.7294E+00  3.7143E-01
1.9080E+00  5.0801E+00  4.7087E+00  3.7142E-01
1.9110E+00  5.0595E+00  4.6881E+00  3.7142E-01
1.9140E+00  5.0391E+00  4.6677E+00  3.7141E-01
1.9170E+00  5.0188E+00  4.6474E+00  3.7140E-01
1.9200E+00  4.9987E+00  4.6273E+00  3.7140E-01
1.9230E+00  4.9787E+00  4.6073E+00  3.7139E-01
1.9260E+00  4.9589E+00  4.5875E+00  3.7138E-01
1.9290E+00  4.9392E+00  4.5678E+00  3.7138E-01
1.9320E+00  4.9196E+00  4.5482E+00  3.7137E-01
1.9350E+00  4.9001E+00  4.5288E+00  3.7136E-01
1.9380E+00  4.8808E+00  4.5095E+00  3.7135E-01
1.9410E+00  4.8616E+00  4.4903E+00  3.7135E-01
1.9440E+00  4.8425E+00  4.4712E+00  3.7134E-01
1.9470E+00  4.8236E+00  4.4522E+00  3.7133E-01
1.9500E+00  4.8047E+00  4.4334E+00  3.7133E-01
1.9530E+00  4.7860E+00  4.4147E+00  3.7132E-01
1.9560E+00  4.7674E+00  4.3960E+00  3.7131E-01
1.9590E+00  4.7489E+00  4.3776E+00  3.7131E-01
1.9620E+00  4.7305E+00  4.3592E+00  3.7130E-01
1.9650E+00  4.7122E+00  4.3409E+00  3.7129E-01
1.9680E+00  4.6941E+00  4.3228E+00  3.7129E-01
1.9710E+00  4.6760E+00  4.3047E+00  3.7128E-01
1.9740E+00  4.6581E+00  4.2868E+00  3.7127E-01
1.9770E+00  4.6403E+00  4.2690E+00  3.7127E-01
1.9800E+00  4.6226E+00  4.2513E+00  3.7126E-01
1.9830E+00  4.6050E+00  4.2337E+00  3.7125E-01
1.9860E+00  4.5875E+00  4.2163E+00  3.7124E-01
1.9890E+00  4.5701E+00  4.1989E+00  3.7124E-01
1.9920E+00  4.5528E+00  4.1816E+00  3.7123E-01
1.9950E+00  4.5356E+00  4.1644E+00  3.7122E-01
1.9980E+00  4.5185E+00  4.1473E+00  3.7122E-01
2.0010E+00  4.5015E+00  4.1303E+00  3.7121E-01
2.0040E+00  4.4846E+00  4.1134E+00  3.7120E-01
2.0070E+00  4.4677E+00  4.0966E+00  3.7120E-01
2.0100E+00  4.4510E+00  4.0798E+00  3.7119E-01
2.0130E+00  4.4344E+00  4.0632E+00  3.7118E-01
2.0160E+00  4.4178E+00  4.0467E+00  3.7118E-01
2.0190E+00  4.4014E+00  4.0302E+00  3.7117E-01
2.0220E+00  4.3850E+00  4.0139E+00  3.7116E-01
2.0250E+00  4.3688E+00  3.9976E+00  3.7116E-01
2.0280E+00  4.3526E+00  3.9814E+00  3.7115E-01
2.0310E+00  4.3365E+00  3.9653E+00  3.7114E-01
2.0340E+00  4.3205E+00  3.9493E+00  3.7113E-01
2.0370E+00  4.3045E+00  3.9334E+00  3.7113E-01
2.0400E+00  4.2887E+00  3.9175E+00  3.7112E-01
2.0430E+00  4.2729E+00  3.9018E+00  3.7111E-01
2.0460E+00  4.2572E+00  3.8861E+00  3.7111E-01
2.0490E+00  4.2415E+00  3.8704E+00  3.7110E-01
2.0520E+00  4.2260E+00  3.8549E+00  3.7109E-01
2.0550E+00  4.2105E+00  3.8394E+00  3.7109E-01
2.0580E+00  4.1950E+00  3.8240E+00  3.7108E-01
2.0610E+00  4.1797E+00  3.8086E+00  3.7107E-01
2.0640E+00  4.1644E+00  3.7933E+00  3.7107E-01
2.0670E+00  4.1492E+00  3.7781E+00  3.7106E-01
2.0700E+00  4.1340E+00  3.7630E+00  3.7105E-01
2.0730E+00  4.1189E+00  3.7479E+00  3.7105E-01
2.0760E+00  4.1039E+00  3.7328E+00  3.7104E-01
2.0790E+00  4.0889E+00  3.7179E+00  3.7103E-01
2.0820E+00  4.0740E+00  3.7029E+00  3.7102E-01
2.0850E+00  4.0591E+00  3.6881E+00  3.7102E-01
2.0880E+00  4.0443E+00  3.6733E+00  3.7101E-01
2.0910E+00  4.0295E+00  3.6585E+00  3.7100E-01
2.0940E+00  4.0149E+00  3.6439E+00  3.7100E-01
2.0970E+00  4.0002E+00  3.6292E+00  3.7099E-01
2.1000E+00  3.9856E+00  3.6146E+00  3.7098E-01
2.1030E+00  3.9711E+00  3.6001E+00  3.7098E-01
2.1060E+00  3.9566E+00  3.5856E+00  3.7097E-01
2.1090E+00  3.9422E+00  3.5712E+00  3.7096E-01
2.1120E+00  3.9278E+00  3.5568E+00  3.7096E-01
2.1150E+00  3.9134E+00  3.5425E+00  3.7095E-01
2.1180E+00  3.8991E+00  3.5282E+00  3.7094E-01
2.1210E+00  3.8849E+00  3.5140E+00  3.7094E-01
2.1240E+00  3.8707E+00  3.4998E+00  3.7093E-01
2.1270E+00  3.8566E+00  3.4856E+00  3.7092E-01
2.1300E+00  3.8424E+00  3.4715E+00  3.7091E-01
2.1330E+00  3.8284E+00  3.4575E+00  3.7091E-01
2.1360E+00  3.8144E+00  3.4435E+00  3.7090E-01
2.1390E+00  3.8004E+00  3.4295E+00  3.7089E-01
2.1420E+00  3.7866E+00  3.4157E+00  3.7089E-01
2.1450E+00  3.7728E+00  3.4019E+00  3.7088E-01
2.1480E+00  3.7592E+00  3.3883E+00  3.7087E-01
2.1510E+00  3.7456E+00  3.3747E+00  3.7087E-01
2.1540E+00  3.7321E+00  3.3613E+00  3.7086E-01
2.1570E+00  3.7188E+00  3.3479E+00  3.7085E-01
2.1600E+00  3.7055E+00  3.3346E+00  3.7085E-01
2.1630E+00  3.6923E+00  3.3215E+00  3.7084E-01
2.1660E+00  3.6792E+00  3.3084E+00  3.7083E-01
2.1690E+00  3.6662E+00  3.2953E+00  3.7083E-01
2.1720E+00  3.6532E+00  3.2824E+00  3.7082E-01
2.1750E+00  3.6403E+00  3.2695E+00  3.7081E-01
2.1780E+00  3.6276E+00  3.2568E+00  3.7080E-01
2.1810E+00  3.6149E+00  3.2441E+00  3.7080E-01
2.1840E+00  3.6024E+00  3.2316E+00  3.7079E-01
2.1870E+00  3.5899E+00  3.2191E+00  3.7078E-01
2.1900E+00  3.5775E+00  3.2067E+00  3.7078E-01
2.1930E+00  3.5652E+00  3.1945E+00  3.7077E-01
2.1960E+00  3.5530E+00  3.1822E+00  3.7076E-01
2.1990E+00  3.5409E+00  3.1701E+00  3.7076E-01
2.2020E+00  3.5288E+00  3.1581E+00  3.7075E-01
2.2050E+00  3.5169E+00  3.1461E+00  3.7074E-01
2.2080E+00  3.5050E+00  3.1342E+00  3.7074E-01
2.2110E+00  3.4932E+00  3.1224E+00  3.7073E-01
2.2140E+00  3.4814E+00  3.1107E+00  3.7072E-01
2.2170E+00  3.4697E+00  3.0990E+00  3.7072E-01
2.2200E+00  3.4581E+00  3.0874E+00  3.7071E-01
2.2230E+00  3.4466E+00  3.0759E+00  3.7070E-01
2.2260E+00  3.4351E+00  3.0644E+00  3.7069E-01
2.2290E+00  3.4237E+00  3.0530E+00  3.7069E-01
2.2320E+00  3.4124E+00  3.0417E+00  3.7068E-01
2.2350E+00  3.4011E+00  3.0304E+00  3.7067E-01
2.2380E+00  3.3899E+00  3.0192E+00  3.7067E-01
2.2410E+00  3.3787E+00  3.0081E+00  3.7066E-01
2.2440E+00  3.3676E+00  2.9970E+00  3.7065E-01
2.2470E+00  3.3566E+00  2.9859E+00  3.7065E-01
2.2500E+00  3.3456E+00  2.9750E+00  3.7064E-01
2.2530E+00  3.3347E+00  2.9640E+00  3.7063E-01
2.2560E+00  3.3238E+00  2.9532E+00  3.7063E-01
2.2590E+00  3.3130E+00  2.9424E+00  3.7062E-01
2.2620E+00  3.3022E+00  2.9316E+00  3.7061E-01
2.2650E+00  3.2915E+00  2.9209E+00  3.7061E-01
2.2680E+00  3.2808E+00  2.9102E+00  3.7060E-01
2.2710E+00  3.2702E+00  2.8996E+00  3.7059E-01
2.2740E+00  3.2596E+00  2.8890E+00  3.7059E-01
2.2770E+00  3.2491E+00  2.8785E+00  3.7058E-01
2.2800E+00  3.2386E+00  2.8680E+00  3.7057E-01
2.2830E+00  3.2282E+00  2.8576E+00  3.7056E-01
2.2860E+00  3.2178E+00  2.8472E+00  3.7056E-01
2.2890E+00  3.2074E+00  2.8369E+00  3.7055E-01
2.2920E+00  3.1971E+00  2.8266E+00  3.7054E-01
2.2950E+00  3.1868E+00  2.8163E+00  3.7054E-01
2.2980E+00  3.1766E+00  2.8061E+00  3.7053E-01
2.3010E+00  3.1664E+00  2.7959E+00  3.7052E-01
2.3040E+00  3.1563E+00  2.7858E+00  3.7052E-01
2.3070E+00  3.1462E+00  2.7757E+00  3.7051E-01
2.3100E+00  3.1361E+00  2.7656E+00  3.7050E-01
2.3130E+00  3.1261E+00  2.7556E+00  3.7050E-01
2.3160E+00  3.1161E+00  2.7456E+00  3.7049E-01
2.3190E+00  3.1062E+00  2.7357E+00  3.7048E-01
2.3220E+00  3.0963E+00  2.7258E+00  3.7048E-01
2.3250E+00  3.0864E+00  2.7159E+00  3.7047E-01
2.3280E+00  3.0766E+00  2.7061E+00  3.7046E-01
2.3310E+00  3.0668E+00  2.6964E+00  3.7045E-01
2.3340E+00  3.0571E+00  2.6867E+00  3.7045E-01
2.3370E+00  3.0474E+00  2.6770E+00  3.7044E-01
2.3400E+00  3.0378E+00  2.6674E+00  3.7043E-01
2.3430E+00  3.0282E+00  2.6578E+00  3.7043E-01
2.3460E+00  3.0187E+00  2.6482E+00  3.7042E-01
2.3490E+00  3.0091E+00  2.6387E+00  3.7041E-01
2.3520E+00  2.9997E+00  2.6293E+00  3.7041E-01
2.3550E+00  2.9902E+00  2.6198E+00  3.7040E-01
2.3580E+00  2.9809E+00  2.6105E+00  3.7039E-01
2.3610E+00  2.9715E+00  2.6011E+00  3.7039E-01
2.3640E+00  2.9622E+00  2.5919E+00  3.7038E-01
2.3670E+00  2.9530E+00  2.5826E+00  3.7037E-01
2.3700E+00  2.9438E+00  2.5734E+00  3.7037E-01
2.3730E+00  2.9346E+00  2.5643E+00  3.7036E-01
2.3760E+00  2.9255E+00  2.5552E+00  3.7035E-01
2.3790E+00  2.9165E+00  2.5461E+00  3.7035E-01
2.3820E+00  2.9074E+00  2.5371E+00  3.7034E-01
2.3850E+00  2.8984E+00  2.5281E+00  3.7033E-01
2.3880E+00  2.8895E+00  2.5192E+00  3.7032E-01
2.3910E+00  2.8806E+00  2.5103E+00  3.7032E-01
2.3940E+00  2.8717E+00  2.5014E+00  3.7031E-01
2.3970E+00  2.8629E+00  2.4926E+00  3.7030E-01
2.4000E+00  2.8541E+00  2.4838E+00  3.7030E-01
2.4030E+00  2.8454E+00  2.4751E+00  3.7029E-01
2.4060E+00  2.8368E+00  2.4665E+00  3.7028E-01
2.4090E+00  2.8282E+00  2.4579E+00  3.7028E-01
2.4120E+00  2.8196E+00  2.4493E+00  3.7027E-01
2.4150E+00  2.8111E+00  2.4408E+00  3.7026E-01
2.4180E+00  2.8026E+00  2.4324E+00  3.7026E-01
2.4210E+00  2.7942E+00  2.4240E+00  3.7025E-01
2.4240E+00  2.7859E+00  2.4156E+00  3.7024E-01
2.4270E+00  2.7776E+00  2.4073E+00  3.7024E-01
2.4300E+00  2.7693E+00  2.3991E+00  3.7023E-01
2.4330E+00  2.7611E+00  2.3908E+00  3.7022E-01
2.4360E+00  2.7529E+00  2.3826E+00  3.7022E-01
2.4390E+00  2.7447E+00  2.3745E+00  3.7021E-01
2.4420E+00  2.7366E+00  2.3664E+00  3.7020E-01
2.4450E+00  2.7286E+00  2.3584E+00  3.7019E-01
2.4480E+00  2.7205E+00  2.3503E+00  3.7019E-01
2.4510E+00  2.7126E+00  2.3424E+00  3.7018E-01
2.4540E+00  2.7046E+00  2.3344E+00  3.7017E-01
2.4570E+00  2.6967E+00  2.3265E+00  3.7017E-01
2.4600E+00  2.6888E+00  2.3187E+00  3.7016E-01
2.4630E+00  2.6810E+00  2.3109E+00  3.7015E-01
2.4660E+00  2.6732E+00  2.3031E+00  3.7015E-01
2.4690E+00  2.6655E+00  2.2954E+00  3.7014E-01
2.4720E+00  2.6578E+00  2.2876E+00  3.7013E-01
2.4750E+00  2.6501E+00  2.2800E+00  3.7013E-01
2.4780E+00  2.6425E+00  2.2724E+00  3.7012E-01
2.4810E+00  2.6349E+00  2.2648E+00  3.7011E-01
2.4840E+00  2.6273E+00  2.2572E+00  3.7011E-01
2.4870E+00  2.6198E+00  2.2497E+00  3.7010E-01
2.4900E+00  2.6123E+00  2.2423E+00  3.7009E-01
2.4930E+00  2.6049E+00  2.2348E+00  3.7009E-01
2.4960E+00  2.5975E+00  2.2274E+00  3.7008E-01
2.4990E+00  2.5901E+00  2.2200E+00  3.7007E-01
2.5020E+00  2.5828E+00  2.2127E+00  3.7006E-01
2.5050E+00  2.5755E+00  2.2054E+00  3.7006E-01
2.5080E+00  2.5682E+00  2.1981E+00  3.7005E-01
2.5110E+00  2.5609E+00  2.1909E+00  3.7004E-01
2.5140E+00  2.5537E+00  2.1837E+00  3.7004E-01
2.5170E+00  2.5465E+00  2.1765E+00  3.7003E-01
2.5200E+00  2.5394E+00  2.1694E+00  3.7002E-01
2.5230E+00  2.5323E+00  2.1623E+00  3.7002E-01
2.5260E+00  2.5252E+00  2.1552E+00  3.7001E-01
2.5290E+00  2.5181E+00  2.1481E+00  3.7000E-01
2.5320E+00  2.5111E+00  2.1411E+00  3.7000E-01
2.5350E+00  2.5041E+00  2.1341E+00  3.6999E-01
2.5380E+00  2.4971E+00  2.1272E+00  3.6998E-01
2.5410E+00  2.4902E+00  2.1202E+00  3.6998E-01
2.5440E+00  2.4833E+00  2.1133E+00  3.6997E-01
2.5470E+00  2.4764E+00  2.1065E+00  3.6996E-01
2.5500E+00  2.4696E+00  2.0996E+00  3.6996E-01
2.5530E+00  2.4627E+00  2.0928E+00  3.6995E-01
2.5560E+00  2.4560E+00  2.0860E+00  3.6994E-01
2.5590E+00  2.4492E+00  2.0792E+00  3.6993E-01
2.5620E+00  2.4424E+00  2.0725E+00  3.6993E-01
2.5650E+00  2.4357E+00  2.0658E+00  3.6992E-01
2.5680E+00  2.4290E+00  2.0591E+00  3.6991E-01
2.5710E+00  2.4224E+00  2.0525E+00  3.6991E-01
2.5740E+00  2.4157E+00  2.0458E+00  3.6990E-01
2.5770E+00  2.4091E+00  2.0392E+00  3.6989E-01
2.5800E+00  2.4025E+00  2.0326E+00  3.6989E-01
2.5830E+00  2.3960E+00  2.0261E+00  3.6988E-01
2.5860E+00  2.3894E+00  2.0195E+00  3.6987E-01
2.5890E+00  2.3829E+00  2.0130E+00  3.6987E-01
2.5920E+00  2.3764E+00  2.0065E+00  3.6986E-01
2.5950E+00  2.3699E+00  2.0000E+00  3.6985E-01
2.5980E+00  2.3634E+00  1.9936E+00  3.6985E-01
2.6010E+00  2.3570E+00  1.9872E+00  3.6984E-01
2.6040E+00  2.3506E+00  1.9807E+00  3.6983E-01
2.6070E+00  2.3442E+00  1.9744E+00  3.6983E-01
2.6100E+00  2.3378E+00  1.9680E+00  3.6982E-01
2.6130E+00  2.3314E+00  1.9616E+00  3.6981E-01
2.6160E+00  2.3251E+00  1.9553E+00  3.6980E-01
2.6190E+00  2.3188E+00  1.9490E+00  3.6980E-01
2.6220E+00  2.3125E+00  1.9427E+00  3.6979E-01
2.6250E+00  2.3062E+00  1.9364E+00  3.6978E-01
2.6280E+00  2.2999E+00  1.9302E+00  3.6978E-01
2.6310E+00  2.2937E+00  1.9239E+00  3.6977E-01
2.6340E+00  2.2875E+00  1.9177E+00  3.6976E-01
2.6370E+00  2.2813E+00  1.9115E+00  3.6976E-01
2.6400E+00  2.2751E+00  1.9053E+00  3.6975E-01
2.6430E+00  2.2689E+00  1.8991E+00  3.6974E-01
2.6460E+00  2.2627E+00  1.8930E+00  3.6974E-01
2.6490E+00  2.2566E+00  1.8868E+00  3.6973E-01
2.6520E+00  2.2504E+00  1.8807E+00  3.6972E-01
2.6550E+00  2.2443E+00  1.8746E+00  3.6972E-01
2.6580E+00  2.2382E+00  1.8685E+00  3.6971E-01
2.6610E+00  2.2321E+00  1.8624E+00  3.6970E-01
2.6640E+00  2.2261E+00  1.8564E+00  3.6970E-01
2.6670E+00  2.2200E+00  1.8503E+00  3.6969E-01
2.6700E+00  2.2140E+00  1.8443E+00  3.6968E-01
2.6730E+00  2.2080E+00  1.8383E+00  3.6968E-01
2.6760E+00  2.2020E+00  1.8323E+00  3.6967E-01
2.6790E+00  2.1960E+00  1.8263E+00  3.6966E-01
2.6820E+00  2.1900E+00  1.8203E+00  3.6965E-01
2.6850E+00  2.1840E+00  1.8144E+00  3.6965E-01
2.6880E+00  2.1781E+00  1.8084E+00  3.6964E-01
2.6910E+00  2.1721E+00  1.8025E+00  3.6963E-01
2.6940E+00  2.1663E+00  1.7966E+00  3.6963E-01
2.6970E+00  2.1604E+00  1.7908E+00  3.6962E-01
2.7000E+00  2.1546E+00  1.7850E+00  3.6961E-01
2.7030E+00  2.1488E+00  1.7792E+00  3.6961E-01
2.7060E+00  2.1430E+00  1.7734E+00  3.6960E-01
2.7090E+00  2.1373E+00  1.7677E+00  3.6959E-01
2.7120E+00  2.1316E+00  1.7620E+00  3.6959E-01
2.7150E+00  2.1259E+00  1.7564E+00  3.6958E-01
2.7180E+00  2.1203E+00  1.7507E+00  3.6957E-01
2.7210E+00  2.1147E+00  1.7451E+00  3.6957E-01
2.7240E+00  2.1091E+00  1.7396E+00  3.6956E-01
2.7270E+00  2.1036E+00  1.7340E+00  3.6955E-01
2.7300E+00  2.0981E+00  1.7285E+00  3.6955E-01
2.7330E+00  2.0926E+00  1.7230E+00  3.6954E-01
2.7360E+00  2.0871E+00  1.7176E+00  3.6953E-01
2.7390E+00  2.0817E+00  1.7122E+00  3.6953E-01
2.7420E+00  2.0763E+00  1.7068E+00  3.6952E-01
2.7450E+00  2.0709E+00  1.7014E+00  3.6951E-01
2.7480E+00  2.0656E+00  1.6961E+00  3.6950E-01
2.7510E+00  2.0603E+00  1.6908E+00  3.6950E-01
2.7540E+00  2.0550E+00  1.6855E+00  3.6949E-01
2.7570E+00  2.0498E+00  1.6803E+00  3.6948E-01
2.7600E+00  2.0446E+00  1.6751E+00  3.6948E-01
2.7630E+00  2.0394E+00  1.6699E+00  3.6947E-01
2.7660E+00  2.0342E+00  1.6648E+00  3.6946E-01
2.7690E+00  2.0291E+00  1.6597E+00  3.6946E-01
2.7720E+00  2.0240E+00  1.6546E+00  3.6945E-01
2.7750E+00  2.0189E+00  1.6495E+00  3.6944E-01
2.7780E+00  2.0139E+00  1.6445E+00  3.6944E-01
2.7810E+00  2.0089E+00  1.6394E+00  3.6943E-01
2.7840E+00  2.0039E+00  1.6344E+00  3.6942E-01
2.7870E+00  1.9989E+00  1.6295E+00  3.6942E-01
2.7900E+00  1.9939E+00  1.6245E+00  3.6941E-01
2.7930E+00  1.9890E+00  1.6196E+00  3.6940E-01
2.7960E+00  1.9841E+00  1.6147E+00  3.6940E-01
2.7990E+00  1.9792E+00  1.6098E+00  3.6939E-01
2.8020E+00  1.9744E+00  1.6050E+00  3.6938E-01
2.8050E+00  1.9695E+00  1.6002E+00  3.6938E-01
2.8080E+00  1.9647E+00  1.5953E+00  3.6937E-01
2.8110E+00  1.9599E+00  1.5906E+00  3.6936E-01
2.8140E+00  1.9551E+00  1.5858E+00  3.6935E-01
2.8170E+00  1.9504E+00  1.5810E+00  3.6935E-01
2.8200E+00  1.9456E+00  1.5763E+00  3.6934E-01
2.8230E+00  1.9409E+00  1.5716E+00  3.6933E-01
2.8260E+00  1.9362E+00  1.5669E+00  3.6933E-01
2.8290E+00  1.9316E+00  1.5622E+00  3.6932E-01
2.8320E+00  1.9269E+00  1.5576E+00  3.6931E-01
2.8350E+00  1.9223E+00  1.5530E+00  3.6931E-01
2.8380E+00  1.9176E+00  1.5483E+00  3.6930E-01
2.8410E+00  1.9130E+00  1.5437E+00  3.6929E-01
2.8440E+00  1.9084E+00  1.5392E+00  3.6929E-01
2.8470E+00  1.9039E+00  1.5346E+00  3.6928E-01
2.8500E+00  1.8993E+00  1.5300E+00  3.6927E-01
2.8530E+00  1.8948E+00  1.5255E+00  3.6927E-01
2.8560E+00  1.8903E+00  1.5210E+00  3.6926E-01
2.8590E+00  1.8858E+00  1.5165E+00  3.6925E-01
2.8620E+00  1.8813E+00  1.5120E+00  3.6925E-01
2.8650E+00  1.8768E+00  1.5076E+00  3.6924E-01
2.8680E+00  1.8723E+00  1.5031E+00  3.6923E-01
2.8710E+00  1.8679E+00  1.4987E+00  3.6923E-01
2.8740E+00  1.8635E+00  1.4943E+00  3.6922E-01
2.8770E+00  1.8591E+00  1.4899E+00  3.6921E-01
2.8800E+00  1.8547E+00  1.4855E+00  3.6920E-01
2.8830E+00  1.8503E+00  1.4811E+00  3.6920E-01
2.8860E+00  1.8459E+00  1.4767E+00  3.6919E-01
2.8890E+00  1.8416E+00  1.4724E+00  3.6918E-01
2.8920E+00  1.8372E+00  1.4681E+00  3.6918E-01
2.8950E+00  1.8329E+00  1.4637E+00  3.6917E-01
2.8980E+00  1.8286E+00  1.4594E+00  3.6916E-01
2.9010E+00  1.8243E+00  1.4551E+00  3.6916E-01
2.9040E+00  1.8200E+00  1.4509E+00  3.6915E-01
2.9070E+00  1.8157E+00  1.4466E+00  3.6914E-01
2.9100E+00  1.8115E+00  1.4424E+00  3.6914E-01
2.9130E+00  1.8072E+00  1.4381E+00  3.6913E-01
2.9160E+00  1.8030E+00  1.4339E+00  3.6912E-01
2.9190E+00  1.7988E+00  1.4297E+00  3.6912E-01
2.9220E+00  1.7946E+00  1.4255E+00  3.6911E-01
2.9250E+00  1.7904E+00  1.4213E+00  3.6910E-01
2.9280E+00  1.7862E+00  1.4171E+00  3.6910E-01
2.9310E+00  1.7821E+00  1.4130E+00  3.6909E-01
2.9340E+00  1.7780E+00  1.4089E+00  3.6908E-01
2.9370E+00  1.7738E+00  1.4048E+00  3.6908E-01
2.9400E+00  1.7697E+00  1.4006E+00  3.6907E-01
2.9430E+00  1.7656E+00  1.3966E+00  3.6906E-01
2.9460E+00  1.7615E+00  1.3925E+00  3.6906E-01
2.9490E+00  1.7575E+00  1.3884E+00  3.6905E-01
2.9520E+00  1.7534E+00  1.3844E+00  3.6904E-01
2.9550E+00  1.7494E+00  1.3803E+00  3.6903E-01
2.9580E+00  1.7453E+00  1.3763E+00  3.6903E-01
2.9610E+00  1.7413E+00  1.3723E+00  3.6902E-01
2.9640E+00  1.7373E+00  1.3683E+00  3.6901E-01
2.9670E+00  1.7333E+00  1.3643E+00  3.6901E-01
2.9700E+00  1.7294E+00  1.3604E+00  3.6900E-01
2.9730E+00  1.7254E+00  1.3564E+00  3.6899E-01
2.9760E+00  1.7215E+00  1.3525E+00  3.6899E-01
2.9790E+00  1.7176E+00  1.3486E+00  3.6898E-01
2.9820E+00  1.7137E+00  1.3447E+00  3.6897E-01
2.9850E+00  1.7098E+00  1.3408E+00  3.6897E-01
2.9880E+00  1.7059E+00  1.3370E+00  3.6896E-01
2.9910E+00  1.7021E+00  1.3331E+00  3.6895E-01
2.9940E+00  1.6982E+00  1.3293E+00  3.6895E-01
2.9970E+00  1.6944E+00  1.3255E+00  3.6894E-01
3.0000E+00  1.6906E+00  1.3217E+00  3.6893E-01
3.0300E+00  1.6533E+00  1.2844E+00  3.6886E-01
3.0600E+00  1.6177E+00  1.2489E+00  3.6880E-01
3.0900E+00  1.5836E+00  1.2148E+00  3.6873E-01
3.1200E+00  1.5508E+00  1.1821E+00  3.6866E-01
3.1500E+00  1.5193E+00  1.1507E+00  3.6859E-01
3.1800E+00  1.4889E+00  1.1203E+00  3.6853E-01
3.2100E+00  1.4595E+00  1.0911E+00  3.6846E-01
3.2400E+00  1.4311E+00  1.0627E+00  3.6839E-01
3.2700E+00  1.4035E+00  1.0352E+00  3.6832E-01
3.3000E+00  1.3766E+00  1.0083E+00  3.6825E-01
3.3300E+00  1.3503E+00  9.8210E-01  3.6819E-01
3.3600E+00  1.3245E+00  9.5643E-01  3.6812E-01
3.3900E+00  1.2993E+00  9.3127E-01  3.6805E-01
3.4200E+00  1.2751E+00  9.0710E-01  3.6798E-01
3.4500E+00  1.2519E+00  8.8398E-01  3.6792E-01
3.4800E+00  1.2298E+00  8.6191E-01  3.6785E-01
3.5100E+00  1.2085E+00  8.4076E-01  3.6778E-01
3.5400E+00  1.1881E+00  8.2041E-01  3.6771E-01
3.5700E+00  1.1684E+00  8.0075E-01  3.6765E-01
3.6000E+00  1.1493E+00  7.8170E-01  3.6758E-01
3.6300E+00  1.1307E+00  7.6319E-01  3.6751E-01
3.6600E+00  1.1126E+00  7.4516E-01  3.6744E-01
3.6900E+00  1.0950E+00  7.2761E-01  3.6738E-01
3.7200E+00  1.0779E+00  7.1055E-01  3.6731E-01
3.7500E+00  1.0612E+00  6.9399E-01  3.6724E-01
3.7800E+00  1.0451E+00  6.7795E-01  3.6717E-01
3.8100E+00  1.0295E+00  6.6242E-01  3.6711E-01
3.8400E+00  1.0145E+00  6.4747E-01  3.6704E-01
3.8700E+00  1.0000E+00  6.3305E-01  3.6697E-01
3.9000E+00  9.8599E-01  6.1909E-01  3.6691E-01
3.9300E+00  9.7242E-01  6.0558E-01  3.6684E-01
3.9600E+00  9.5926E-01  5.9249E-01  3.6677E-01
3.9900E+00  9.4649E-01  5.7978E-01  3.6670E-01
4.0200E+00  9.3452E-01  5.6789E-01  3.6664E-01
4.0500E+00  9.2197E-01  5.5540E-01  3.6657E-01
4.0800E+00  9.1304E-01  5.4653E-01  3.6650E-01
4.1100E+00  9.0599E-01  5.3956E-01  3.6644E-01
4.1400E+00  8.9469E-01  5.2832E-01  3.6637E-01
4.1700E+00  8.8348E-01  5.1718E-01  3.6630E-01
4.2000E+00  8.7246E-01  5.0623E-01  3.6624E-01
4.2300E+00  8.6163E-01  4.9546E-01  3.6617E-01
4.2600E+00  8.5095E-01  4.8485E-01  3.6610E-01
4.2900E+00  8.4061E-01  4.7458E-01  3.6603E-01
4.3200E+00  8.3066E-01  4.6469E-01  3.6597E-01
4.3500E+00  8.2105E-01  4.5515E-01  3.6590E-01
4.3800E+00  8.1177E-01  4.4593E-01  3.6583E-01
4.4100E+00  8.0277E-01  4.3700E-01  3.6577E-01
4.4400E+00  7.9402E-01  4.2832E-01  3.6570E-01
4.4700E+00  7.8550E-01  4.1987E-01  3.6563E-01
4.5000E+00  7.7720E-01  4.1163E-01  3.6557E-01
4.5300E+00  7.6909E-01  4.0359E-01  3.6550E-01
4.5600E+00  7.6115E-01  3.9572E-01  3.6543E-01
4.5900E+00  7.5338E-01  3.8801E-01  3.6537E-01
4.6200E+00  7.4577E-01  3.8047E-01  3.6530E-01
4.6500E+00  7.3832E-01  3.7309E-01  3.6523E-01
4.6800E+00  7.3104E-01  3.6588E-01  3.6517E-01
4.7100E+00  7.2394E-01  3.5884E-01  3.6510E-01
4.7400E+00  7.1702E-01  3.5198E-01  3.6503E-01
4.7700E+00  7.1027E-01  3.4530E-01  3.6497E-01
4.8000E+00  7.0372E-01  3.3882E-01  3.6490E-01
4.8300E+00  6.9737E-01  3.3254E-01  3.6483E-01
4.8600E+00  6.9121E-01  3.2644E-01  3.6477E-01
4.8900E+00  6.8523E-01  3.2053E-01  3.6470E-01
4.9200E+00  6.7941E-01  3.1477E-01  3.6464E-01
4.9500E+00  6.7375E-01  3.0918E-01  3.6457E-01
4.9800E+00  6.6825E-01  3.0375E-01  3.6450E-01
5.0100E+00  6.6290E-01  2.9846E-01  3.6444E-01
5.0400E+00  6.5767E-01  2.9330E-01  3.6437E-01
5.0700E+00  6.5258E-01  2.8828E-01  3.6430E-01
5.1000E+00  6.4761E-01  2.8338E-01  3.6424E-01
5.1300E+00  6.4276E-01  2.7859E-01  3.6417E-01
5.1600E+00  6.3802E-01  2.7391E-01  3.6411E-01
5.1900E+00  6.3337E-01  2.6933E-01  3.6404E-01
5.2200E+00  6.2882E-01  2.6485E-01  3.6397E-01
5.2500E+00  6.2436E-01  2.6045E-01  3.6391E-01
5.2800E+00  6.1998E-01  2.5614E-01  3.6384E-01
5.3100E+00  6.1568E-01  2.5191E-01  3.6378E-01
5.3400E+00  6.1146E-01  2.4775E-01  3.6371E-01
5.3700E+00  6.0731E-01  2.4367E-01  3.6364E-01
5.4000E+00  6.0333E-01  2.3975E-01  3.6358E-01
5.4300E+00  5.9949E-01  2.3598E-01  3.6351E-01
5.4600E+00  5.9566E-01  2.3222E-01  3.6345E-01
5.4900E+00  5.9185E-01  2.2847E-01  3.6338E-01
5.5200E+00  5.8814E-01  2.2483E-01  3.6331E-01
5.5500E+00  5.8452E-01  2.2127E-01  3.6325E-01
5.5800E+00  5.8099E-01  2.1780E-01  3.6318E-01
5.6100E+00  5.7753E-01  2.1441E-01  3.6312E-01
5.6400E+00  5.7414E-01  2.1109E-01  3.6305E-01
5.6700E+00  5.7082E-01  2.0784E-01  3.6299E-01
5.7000E+00  5.6755E-01  2.0463E-01  3.6292E-01
5.7300E+00  5.6434E-01  2.0149E-01  3.6285E-01
5.7600E+00  5.6118E-01  1.9839E-01  3.6279E-01
5.7900E+00  5.5807E-01  1.9535E-01  3.6272E-01
5.8200E+00  5.5501E-01  1.9235E-01  3.6266E-01
5.8500E+00  5.5200E-01  1.8941E-01  3.6259E-01
5.8800E+00  5.4905E-01  1.8652E-01  3.6253E-01
5.9100E+00  5.4614E-01  1.8368E-01  3.6246E-01
5.9400E+00  5.4330E-01  1.8090E-01  3.6239E-01
5.9700E+00  5.4051E-01  1.7818E-01  3.6233E-01
6.0000E+00  5.3777E-01  1.7551E-01  3.6226E-01
6.0300E+00  5.3509E-01  1.7289E-01  3.6220E-01
6.0600E+00  5.3248E-01  1.7035E-01  3.6213E-01
6.0900E+00  5.2993E-01  1.6786E-01  3.6207E-01
6.1200E+00  5.2743E-01  1.6543E-01  3.6200E-01
6.1500E+00  5.2498E-01  1.6305E-01  3.6194E-01
6.1800E+00  5.2259E-01  1.6071E-01  3.6187E-01
6.2100E+00  5.2024E-01  1.5843E-01  3.6181E-01
6.2400E+00  5.1794E-01  1.5620E-01  3.6174E-01
6.2700E+00  5.1569E-01  1.5401E-01  3.6168E-01
6.3000E+00  5.1348E-01  1.5186E-01  3.6161E-01
6.3300E+00  5.1130E-01  1.4976E-01  3.6155E-01
6.3600E+00  5.0917E-01  1.4769E-01  3.6148E-01
6.3900E+00  5.0707E-01  1.4566E-01  3.6141E-01
6.4200E+00  5.0501E-01  1.4366E-01  3.6135E-01
6.4500E+00  5.0298E-01  1.4169E-01  3.6128E-01
6.4800E+00  5.0098E-01  1.3976E-01  3.6122E-01
6.5100E+00  4.9901E-01  1.3785E-01  3.6115E-01
6.5400E+00  4.9706E-01  1.3597E-01  3.6109E-01
6.5700E+00  4.9514E-01  1.3412E-01  3.6102E-01
6.6000E+00  4.9325E-01  1.3229E-01  3.6096E-01
6.6300E+00  4.9138E-01  1.3048E-01  3.6089E-01
6.6600E+00  4.8953E-01  1.2870E-01  3.6083E-01
6.6900E+00  4.8770E-01  1.2693E-01  3.6076E-01
6.7200E+00  4.8589E-01  1.2519E-01  3.6070E-01
6.7500E+00  4.8410E-01  1.2346E-01  3.6064E-01
6.7800E+00  4.8234E-01  1.2177E-01  3.6057E-01
6.8100E+00  4.8064E-01  1.2013E-01  3.6051E-01
6.8400E+00  4.7897E-01  1.1853E-01  3.6044E-01
6.8700E+00  4.7734E-01  1.1697E-01  3.6038E-01
6.9000E+00  4.7575E-01  1.1544E-01  3.6031E-01
6.9300E+00  4.7419E-01  1.1395E-01  3.6025E-01
6.9600E+00  4.7267E-01  1.1249E-01  3.6018E-01
6.9900E+00  4.7117E-01  1.1105E-01  3.6012E-01
7.0200E+00  4.6970E-01  1.0965E-01  3.6005E-01
7.0500E+00  4.6825E-01  1.0826E-01  3.5999E-01
7.0800E+00  4.6683E-01  1.0691E-01  3.5992E-01
7.1100E+00  4.6543E-01  1.0557E-01  3.5986E-01
7.1400E+00  4.6405E-01  1.0426E-01  3.5979E-01
7.1700E+00  4.6269E-01  1.0296E-01  3.5973E-01
7.2000E+00  4.6135E-01  1.0168E-01  3.5967E-01
7.2300E+00  4.6003E-01  1.0042E-01  3.5960E-01
7.2600E+00  4.5872E-01  9.9181E-02  3.5954E-01
7.2900E+00  4.5743E-01  9.7955E-02  3.5947E-01
7.3200E+00  4.5615E-01  9.6744E-02  3.5941E-01
7.3500E+00  4.5489E-01  9.5551E-02  3.5934E-01
7.3800E+00  4.5365E-01  9.4375E-02  3.5928E-01
7.4100E+00  4.5243E-01  9.3216E-02  3.5921E-01
7.4400E+00  4.5122E-01  9.2073E-02  3.5915E-01
7.4700E+00  4.5004E-01  9.0951E-02  3.5909E-01
7.5000E+00  4.4887E-01  8.9847E-02  3.5902E-01
7.5300E+00  4.4772E-01  8.8760E-02  3.5896E-01
7.5600E+00  4.4658E-01  8.7691E-02  3.5889E-01
7.5900E+00  4.4547E-01  8.6644E-02  3.5883E-01
7.6200E+00  4.4438E-01  8.5615E-02  3.5877E-01
7.6500E+00  4.4331E-01  8.4605E-02  3.5870E-01
7.6800E+00  4.4225E-01  8.3615E-02  3.5864E-01
7.7100E+00  4.4122E-01  8.2642E-02  3.5857E-01
7.7400E+00  4.4020E-01  8.1687E-02  3.5851E-01
7.7700E+00  4.3919E-01  8.0746E-02  3.5844E-01
7.8000E+00  4.3820E-01  7.9822E-02  3.5838E-01
7.8300E+00  4.3723E-01  7.8914E-02  3.5832E-01
7.8600E+00  4.3627E-01  7.8021E-02  3.5825E-01
7.8900E+00  4.3533E-01  7.7142E-02  3.5819E-01
7.9200E+00  4.3440E-01  7.6277E-02  3.5812E-01
7.9500E+00  4.3349E-01  7.5425E-02  3.5806E-01
7.9800E+00  4.3258E-01  7.4583E-02  3.5800E-01
8.0100E+00  4.3169E-01  7.3752E-02  3.5793E-01
8.0400E+00  4.3080E-01  7.2933E-02  3.5787E-01
8.0700E+00  4.2993E-01  7.2124E-02  3.5781E-01
8.1000E+00  4.2907E-01  7.1326E-02  3.5774E-01
8.1300E+00  4.2822E-01  7.0538E-02  3.5768E-01
8.1600E+00  4.2737E-01  6.9760E-02  3.5761E-01
8.1900E+00  4.2654E-01  6.8990E-02  3.5755E-01
8.2200E+00  4.2572E-01  6.8228E-02  3.5749E-01
8.2500E+00  4.2490E-01  6.7475E-02  3.5742E-01
8.2800E+00  4.2409E-01  6.6730E-02  3.5736E-01
8.3100E+00  4.2329E-01  6.5992E-02  3.5730E-01
8.3400E+00  4.2249E-01  6.5261E-02  3.5723E-01
8.3700E+00  4.2171E-01  6.4538E-02  3.5717E-01
8.4000E+00  4.2093E-01  6.3821E-02  3.5711E-01
8.4300E+00  4.2015E-01  6.3111E-02  3.5704E-01
8.4600E+00  4.1938E-01  6.2406E-02  3.5698E-01
8.4900E+00  4.1862E-01  6.1708E-02  3.5691E-01
8.5200E+00  4.1788E-01  6.1025E-02  3.5685E-01
8.5500E+00  4.1715E-01  6.0358E-02  3.5679E-01
8.5800E+00  4.1643E-01  5.9705E-02  3.5672E-01
8.6100E+00  4.1573E-01  5.9066E-02  3.5666E-01
8.6400E+00  4.1504E-01  5.8439E-02  3.5660E-01
8.6700E+00  4.1436E-01  5.7825E-02  3.5653E-01
8.7000E+00  4.1369E-01  5.7222E-02  3.5647E-01
8.7300E+00  4.1304E-01  5.6629E-02  3.5641E-01
8.7600E+00  4.1239E-01  5.6046E-02  3.5634E-01
8.7900E+00  4.1175E-01  5.5473E-02  3.5628E-01
8.8200E+00  4.1113E-01  5.4909E-02  3.5622E-01
8.8500E+00  4.1051E-01  5.4353E-02  3.5616E-01
8.8800E+00  4.0990E-01  5.3805E-02  3.5609E-01
8.9100E+00  4.0929E-01  5.3264E-02  3.5603E-01
8.9400E+00  4.0870E-01  5.2730E-02  3.5597E-01
8.9700E+00  4.0811E-01  5.2203E-02  3.5590E-01
9.0000E+00  4.0752E-01  5.1683E-02  3.5584E-01
9.0300E+00  4.0694E-01  5.1168E-02  3.5578E-01
9.0600E+00  4.0637E-01  5.0660E-02  3.5571E-01
9.0900E+00  4.0581E-01  5.0158E-02  3.5565E-01
9.1200E+00  4.0525E-01  4.9660E-02  3.5559E-01
9.1500E+00  4.0469E-01  4.9169E-02  3.5552E-01
9.1800E+00  4.0414E-01  4.8682E-02  3.5546E-01
9.2100E+00  4.0360E-01  4.8200E-02  3.5540E-01
9.2400E+00  4.0306E-01  4.7723E-02  3.5534E-01
9.2700E+00  4.0252E-01  4.7250E-02  3.5527E-01
9.3000E+00  4.0199E-01  4.6783E-02  3.5521E-01
9.3300E+00  4.0147E-01  4.6321E-02  3.5515E-01
9.3600E+00  4.0095E-01  4.5864E-02  3.5508E-01
9.3900E+00  4.0044E-01  4.5413E-02  3.5502E-01
9.4200E+00  3.9993E-01  4.4969E-02  3.5496E-01
9.4500E+00  3.9943E-01  4.4530E-02  3.5490E-01
9.4800E+00  3.9893E-01  4.4096E-02  3.5483E-01
9.5100E+00  3.9844E-01  4.3668E-02  3.5477E-01
9.5400E+00  3.9795E-01  4.3246E-02  3.5471E-01
9.5700E+00  3.9748E-01  4.2832E-02  3.5465E-01
9.6000E+00  3.9701E-01  4.2423E-02  3.5458E-01
9.6300E+00  3.9654E-01  4.2020E-02  3.5452E-01
9.6600E+00  3.9608E-01  4.1623E-02  3.5446E-01
9.6900E+00  3.9563E-01  4.1232E-02  3.5440E-01
9.7200E+00  3.9518E-01  4.0845E-02  3.5433E-01
9.7500E+00  3.9473E-01  4.0464E-02  3.5427E-01
9.7800E+00  3.9430E-01  4.0087E-02  3.5421E-01
9.8100E+00  3.9386E-01  3.9715E-02  3.5415E-01
9.8400E+00  3.9343E-01  3.9349E-02  3.5408E-01
9.8700E+00  3.9301E-01  3.8987E-02  3.5402E-01
9.9000E+00  3.9259E-01  3.8629E-02  3.5396E-01
9.9300E+00  3.9217E-01  3.8276E-02  3.5390E-01
9.9600E+00  3.9176E-01  3.7927E-02  3.5383E-01
9.9900E+00  3.9135E-01  3.7582E-02  3.5377E-01
1.0020E+01  3.9095E-01  3.7241E-02  3.5371E-01
1.0050E+01  3.9055E-01  3.6904E-02  3.5365E-01
1.0080E+01  3.9016E-01  3.6570E-02  3.5358E-01
1.0110E+01  3.8976E-01  3.6241E-02  3.5352E-01
1.0140E+01  3.8937E-01  3.5915E-02  3.5346E-01
1.0170E+01  3.8899E-01  3.5592E-02  3.5340E-01
1.0200E+01  3.8861E-01  3.5272E-02  3.5334E-01
1.0230E+01  3.8823E-01  3.4955E-02  3.5327E-01
1.0260E+01  3.8785E-01  3.4642E-02  3.5321E-01
1.0290E+01  3.8748E-01  3.4331E-02  3.5315E-01
1.0320E+01  3.8711E-01  3.4023E-02  3.5309E-01
1.0350E+01  3.8674E-01  3.3718E-02  3.5303E-01
1.0380E+01  3.8638E-01  3.3415E-02  3.5296E-01
1.0410E+01  3.8602E-01  3.3114E-02  3.5290E-01
1.0440E+01  3.8566E-01  3.2817E-02  3.5284E-01
1.0470E+01  3.8530E-01  3.2521E-02  3.5278E-01
1.0500E+01  3.8494E-01  3.2228E-02  3.5272E-01
1.0530E+01  3.8459E-01  3.1937E-02  3.5265E-01
1.0560E+01  3.8424E-01  3.1649E-02  3.5259E-01
1.0590E+01  3.8389E-01  3.1362E-02  3.5253E-01
1.0620E+01  3.8355E-01  3.1078E-02  3.5247E-01
1.0650E+01  3.8320E-01  3.0795E-02  3.5241E-01
1.0680E+01  3.8286E-01  3.0515E-02  3.5234E-01
1.0710E+01  3.8252E-01  3.0239E-02  3.5228E-01
1.0740E+01  3.8219E-01  2.9969E-02  3.5222E-01
1.0770E+01  3.8186E-01  2.9704E-02  3.5216E-01
1.0800E+01  3.8154E-01  2.9444E-02  3.5210E-01
1.0830E+01  3.8122E-01  2.9189E-02  3.5204E-01
1.0860E+01  3.8091E-01  2.8938E-02  3.5197E-01
1.0890E+01  3.8060E-01  2.8691E-02  3.5191E-01
1.0920E+01  3.8030E-01  2.8448E-02  3.5185E-01
1.0950E+01  3.8000E-01  2.8208E-02  3.5179E-01
1.0980E+01  3.7970E-01  2.7972E-02  3.5173E-01
1.1010E+01  3.7941E-01  2.7740E-02  3.5167E-01
1.1040E+01  3.7912E-01  2.7510E-02  3.5161E-01
1.1070E+01  3.7883E-01  2.7284E-02  3.5154E-01
1.1100E+01  3.7854E-01  2.7061E-02  3.5148E-01
1.1130E+01  3.7826E-01  2.6840E-02  3.5142E-01
1.1160E+01  3.7798E-01  2.6622E-02  3.5136E-01
1.1190E+01  3.7770E-01  2.6407E-02  3.5130E-01
1.1220E+01  3.7743E-01  2.6194E-02  3.5124E-01
1.1250E+01  3.7716E-01  2.5983E-02  3.5118E-01
1.1280E+01  3.7689E-01  2.5775E-02  3.5111E-01
1.1310E+01  3.7662E-01  2.5569E-02  3.5105E-01
1.1340E+01  3.7636E-01  2.5365E-02  3.5099E-01
1.1370E+01  3.7609E-01  2.5163E-02  3.5093E-01
1.1400E+01  3.7583E-01  2.4964E-02  3.5087E-01
1.1430E+01  3.7557E-01  2.4766E-02  3.5081E-01
1.1460E+01  3.7532E-01  2.4569E-02  3.5075E-01
1.1490E+01  3.7506E-01  2.4375E-02  3.5069E-01
1.1520E+01  3.7481E-01  2.4182E-02  3.5062E-01
1.1550E+01  3.7455E-01  2.3991E-02  3.5056E-01
1.1580E+01  3.7430E-01  2.3802E-02  3.5050E-01
1.1610E+01  3.7406E-01  2.3615E-02  3.5044E-01
1.1640E+01  3.7381E-01  2.3430E-02  3.5038E-01
1.1670E+01  3.7356E-01  2.3246E-02  3.5032E-01
1.1700E+01  3.7332E-01  2.3064E-02  3.5026E-01
1.1730E+01  3.7308E-01  2.2884E-02  3.5020E-01
1.1760E+01  3.7284E-01  2.2705E-02  3.5014E-01
1.1790E+01  3.7260E-01  2.2529E-02  3.5007E-01
1.1820E+01  3.7237E-01  2.2355E-02  3.5001E-01
1.1850E+01  3.7214E-01  2.2183E-02  3.4995E-01
1.1880E+01  3.7190E-01  2.2012E-02  3.4989E-01
1.1910E+01  3.7167E-01  2.1844E-02  3.4983E-01
1.1940E+01  3.7145E-01  2.1677E-02  3.4977E-01
1.1970E+01  3.7122E-01  2.1513E-02  3.4971E-01
1.2000E+01  3.7100E-01  2.1350E-02  3.4965E-01
1.2030E+01  3.7078E-01  2.1190E-02  3.4959E-01
1.2060E+01  3.7056E-01  2.1032E-02  3.4953E-01
1.2090E+01  3.7034E-01  2.0874E-02  3.4947E-01
1.2120E+01  3.7012E-01  2.0716E-02  3.4941E-01
1.2150E+01  3.6991E-01  2.0561E-02  3.4934E-01
1.2180E+01  3.6969E-01  2.0407E-02  3.4928E-01
1.2210E+01  3.6948E-01  2.0255E-02  3.4922E-01
1.2240E+01  3.6927E-01  2.0105E-02  3.4916E-01
1.2270E+01  3.6906E-01  1.9956E-02  3.4910E-01
1.2300E+01  3.6885E-01  1.9808E-02  3.4904E-01
1.2330E+01  3.6864E-01  1.9662E-02  3.4898E-01
1.2360E+01  3.6844E-01  1.9518E-02  3.4892E-01
1.2390E+01  3.6824E-01  1.9375E-02  3.4886E-01
1.2420E+01  3.6803E-01  1.9234E-02  3.4880E-01
1.2450E+01  3.6783E-01  1.9094E-02  3.4874E-01
1.2480E+01  3.6763E-01  1.8955E-02  3.4868E-01
1.2510E+01  3.6744E-01  1.8818E-02  3.4862E-01
1.2540E+01  3.6724E-01  1.8682E-02  3.4856E-01
1.2570E+01  3.6704E-01  1.8547E-02  3.4850E-01
1.2600E+01  3.6685E-01  1.8413E-02  3.4844E-01
1.2630E+01  3.6666E-01  1.8281E-02  3.4838E-01
1.2660E+01  3.6647E-01  1.8150E-02  3.4832E-01
1.2690E+01  3.6628E-01  1.8020E-02  3.4826E-01
1.2720E+01  3.6609E-01  1.7891E-02  3.4820E-01
1.2750E+01  3.6590E-01  1.7763E-02  3.4814E-01
1.2780E+01  3.6571E-01  1.7636E-02  3.4808E-01
1.2810E+01  3.6553E-01  1.7510E-02  3.4802E-01
1.2840E+01  3.6534E-01  1.7385E-02  3.4796E-01
1.2870E+01  3.6516E-01  1.7261E-02  3.4789E-01
1.2900E+01  3.6497E-01  1.7138E-02  3.4783E-01
1.2930E+01  3.6479E-01  1.7016E-02  3.4777E-01
1.2960E+01  3.6461E-01  1.6895E-02  3.4771E-01
1.2990E+01  3.6443E-01  1.6774E-02  3.4765E-01
1.3020E+01  3.6425E-01  1.6655E-02  3.4759E-01
1.3050E+01  3.6407E-01  1.6536E-02  3.4753E-01
1.3080E+01  3.6389E-01  1.6417E-02  3.4747E-01
1.3110E+01  3.6371E-01  1.6300E-02  3.4741E-01
1.3140E+01  3.6354E-01  1.6183E-02  3.4735E-01
1.3170E+01  3.6336E-01  1.6068E-02  3.4729E-01
1.3200E+01  3.6319E-01  1.5952E-02  3.4723E-01
1.3230E+01  3.6301E-01  1.5838E-02  3.4717E-01
1.3260E+01  3.6284E-01  1.5724E-02  3.4711E-01
1.3290E+01  3.6267E-01  1.5611E-02  3.4706E-01
1.3320E+01  3.6249E-01  1.5498E-02  3.4700E-01
1.3350E+01  3.6232E-01  1.5386E-02  3.4694E-01
1.3380E+01  3.6215E-01  1.5275E-02  3.4688E-01
1.3410E+01  3.6198E-01  1.5164E-02  3.4682E-01
1.3440E+01  3.6181E-01  1.5054E-02  3.4676E-01
1.3470E+01  3.6164E-01  1.4945E-02  3.4670E-01
1.3500E+01  3.6148E-01  1.4839E-02  3.4664E-01
1.3530E+01  3.6131E-01  1.4733E-02  3.4658E-01
1.3560E+01  3.6115E-01  1.4630E-02  3.4652E-01
1.3590E+01  3.6099E-01  1.4527E-02  3.4646E-01
1.3620E+01  3.6082E-01  1.4427E-02  3.4640E-01
1.3650E+01  3.6067E-01  1.4327E-02  3.4634E-01
1.3680E+01  3.6051E-01  1.4229E-02  3.4628E-01
1.3710E+01  3.6035E-01  1.4132E-02  3.4622E-01
1.3740E+01  3.6020E-01  1.4036E-02  3.4616E-01
1.3770E+01  3.6004E-01  1.3941E-02  3.4610E-01
1.3800E+01  3.5989E-01  1.3847E-02  3.4604E-01
1.3830E+01  3.5974E-01  1.3755E-02  3.4598E-01
1.3860E+01  3.5959E-01  1.3663E-02  3.4592E-01
1.3890E+01  3.5944E-01  1.3573E-02  3.4586E-01
1.3920E+01  3.5929E-01  1.3483E-02  3.4580E-01
1.3950E+01  3.5914E-01  1.3394E-02  3.4574E-01
1.3980E+01  3.5899E-01  1.3306E-02  3.4568E-01
1.4010E+01  3.5884E-01  1.3219E-02  3.4562E-01
1.4040E+01  3.5870E-01  1.3133E-02  3.4557E-01
1.4070E+01  3.5855E-01  1.3047E-02  3.4551E-01
1.4100E+01  3.5841E-01  1.2962E-02  3.4545E-01
1.4130E+01  3.5827E-01  1.2878E-02  3.4539E-01
1.4160E+01  3.5812E-01  1.2795E-02  3.4533E-01
1.4190E+01  3.5798E-01  1.2713E-02  3.4527E-01
1.4220E+01  3.5784E-01  1.2631E-02  3.4521E-01
1.4250E+01  3.5770E-01  1.2549E-02  3.4515E-01
1.4280E+01  3.5756E-01  1.2469E-02  3.4509E-01
1.4310E+01  3.5742E-01  1.2389E-02  3.4503E-01
1.4340E+01  3.5728E-01  1.2309E-02  3.4497E-01
1.4370E+01  3.5714E-01  1.2230E-02  3.4491E-01
1.4400E+01  3.5701E-01  1.2152E-02  3.4486E-01
1.4430E+01  3.5687E-01  1.2074E-02  3.4480E-01
1.4460E+01  3.5673E-01  1.1997E-02  3.4474E-01
1.4490E+01  3.5660E-01  1.1920E-02  3.4468E-01
1.4520E+01  3.5646E-01  1.1844E-02  3.4462E-01
1.4550E+01  3.5633E-01  1.1768E-02  3.4456E-01
1.4580E+01  3.5619E-01  1.1693E-02  3.4450E-01
1.4610E+01  3.5606E-01  1.1619E-02  3.4444E-01
1.4640E+01  3.5593E-01  1.1545E-02  3.4438E-01
1.4670E+01  3.5580E-01  1.1471E-02  3.4432E-01
1.4700E+01  3.5566E-01  1.1398E-02  3.4427E-01
1.4730E+01  3.5553E-01  1.1326E-02  3.4421E-01
1.4760E+01  3.5540E-01  1.1254E-02  3.4415E-01
1.4790E+01  3.5527E-01  1.1183E-02  3.4409E-01
1.4820E+01  3.5514E-01  1.1112E-02  3.4403E-01
1.4850E+01  3.5501E-01  1.1042E-02  3.4397E-01
1.4880E+01  3.5489E-01  1.0972E-02  3.4391E-01
1.4910E+01  3.5476E-01  1.0903E-02  3.4385E-01
1.4940E+01  3.5463E-01  1.0835E-02  3.4380E-01
1.4970E+01  3.5450E-01  1.0767E-02  3.4374E-01
1.5000E+01  3.5438E-01  1.0700E-02  3.4368E-01
1.5030E+01  3.5425E-01  1.0633E-02  3.4362E-01
1.5060E+01  3.5413E-01  1.0567E-02  3.4356E-01
1.5090E+01  3.5400E-01  1.0502E-02  3.4350E-01
1.5120E+01  3.5388E-01  1.0437E-02  3.4344E-01
1.5150E+01  3.5376E-01  1.0373E-02  3.4339E-01
1.5180E+01  3.5364E-01  1.0309E-02  3.4333E-01
1.5210E+01  3.5352E-01  1.0247E-02  3.4327E-01
1.5240E+01  3.5339E-01  1.0184E-02  3.4321E-01
1.5270E+01  3.5327E-01  1.0123E-02  3.4315E-01
1.5300E+01  3.5316E-01  1.0061E-02  3.4309E-01
1.5330E+01  3.5304E-01  1.0001E-02  3.4304E-01
1.5360E+01  3.5292E-01  9.9407E-03  3.4298E-01
1.5390E+01  3.5280E-01  9.8811E-03  3.4292E-01
1.5420E+01  3.5268E-01  9.8220E-03  3.4286E-01
1.5450E+01  3.5257E-01  9.7634E-03  3.4280E-01
1.5480E+01  3.5245E-01  9.7052E-03  3.4274E-01
1.5510E+01  3.5233E-01  9.6476E-03  3.4269E-01
1.5540E+01  3.5222E-01  9.5904E-03  3.4263E-01
1.5570E+01  3.5210E-01  9.5337E-03  3.4257E-01
1.5600E+01  3.5199E-01  9.4774E-03  3.4251E-01
1.5630E+01  3.5187E-01  9.4216E-03  3.4245E-01
1.5660E+01  3.5176E-01  9.3663E-03  3.4239E-01
1.5690E+01  3.5165E-01  9.3114E-03  3.4234E-01
1.5720E+01  3.5153E-01  9.2569E-03  3.4228E-01
1.5750E+01  3.5142E-01  9.2028E-03  3.4222E-01
1.5780E+01  3.5131E-01  9.1491E-03  3.4216E-01
1.5810E+01  3.5120E-01  9.0958E-03  3.4210E-01
1.5840E+01  3.5109E-01  9.0429E-03  3.4205E-01
1.5870E+01  3.5098E-01  8.9904E-03  3.4199E-01
1.5900E+01  3.5087E-01  8.9382E-03  3.4193E-01
1.5930E+01  3.5076E-01  8.8864E-03  3.4187E-01
1.5960E+01  3.5065E-01  8.8350E-03  3.4181E-01
1.5990E+01  3.5054E-01  8.7839E-03  3.4176E-01
1.6020E+01  3.5043E-01  8.7331E-03  3.4170E-01
1.6050E+01  3.5032E-01  8.6827E-03  3.4164E-01
1.6080E+01  3.5021E-01  8.6327E-03  3.4158E-01
1.6110E+01  3.5011E-01  8.5829E-03  3.4152E-01
1.6140E+01  3.5000E-01  8.5334E-03  3.4147E-01
1.6170E+01  3.4989E-01  8.4843E-03  3.4141E-01
1.6200E+01  3.4979E-01  8.4354E-03  3.4135E-01
1.6230E+01  3.4968E-01  8.3868E-03  3.4129E-01
1.6260E+01  3.4957E-01  8.3385E-03  3.4123E-01
1.6290E+01  3.4947E-01  8.2905E-03  3.4118E-01
1.6320E+01  3.4936E-01  8.2427E-03  3.4112E-01
1.6350E+01  3.4926E-01  8.1952E-03  3.4106E-01
1.6380E+01  3.4915E-01  8.1479E-03  3.4100E-01
1.6410E+01  3.4905E-01  8.1009E-03  3.4095E-01
1.6440E+01  3.4894E-01  8.0541E-03  3.4089E-01
1.6470E+01  3.4884E-01  8.0076E-03  3.4083E-01
1.6500E+01  3.4873E-01  7.9613E-03  3.4077E-01
1.6530E+01  3.4863E-01  7.9153E-03  3.4072E-01
1.6560E+01  3.4853E-01  7.8695E-03  3.4066E-01
1.6590E+01  3.4842E-01  7.8239E-03  3.4060E-01
1.6620E+01  3.4832E-01  7.7785E-03  3.4054E-01
1.6650E+01  3.4822E-01  7.7333E-03  3.4049E-01
1.6680E+01  3.4812E-01  7.6884E-03  3.4043E-01
1.6710E+01  3.4801E-01  7.6436E-03  3.4037E-01
1.6740E+01  3.4791E-01  7.5991E-03  3.4031E-01
1.6770E+01  3.4781E-01  7.5548E-03  3.4026E-01
1.6800E+01  3.4771E-01  7.5106E-03  3.4020E-01
1.6830E+01  3.4761E-01  7.4666E-03  3.4014E-01
1.6860E+01  3.4751E-01  7.4229E-03  3.4008E-01
1.6890E+01  3.4741E-01  7.3792E-03  3.4003E-01
1.6920E+01  3.4731E-01  7.3360E-03  3.3997E-01
1.6950E+01  3.4721E-01  7.2934E-03  3.3991E-01
1.6980E+01  3.4711E-01  7.2512E-03  3.3985E-01
1.7010E+01  3.4701E-01  7.2097E-03  3.3980E-01
1.7040E+01  3.4691E-01  7.1686E-03  3.3974E-01
1.7070E+01  3.4681E-01  7.1280E-03  3.3968E-01
1.7100E+01  3.4671E-01  7.0879E-03  3.3963E-01
1.7130E+01  3.4662E-01  7.0482E-03  3.3957E-01
1.7160E+01  3.4652E-01  7.0090E-03  3.3951E-01
1.7190E+01  3.4642E-01  6.9702E-03  3.3945E-01
1.7220E+01  3.4633E-01  6.9318E-03  3.3940E-01
1.7250E+01  3.4623E-01  6.8938E-03  3.3934E-01
1.7280E+01  3.4614E-01  6.8562E-03  3.3928E-01
1.7310E+01  3.4605E-01  6.8190E-03  3.3923E-01
1.7340E+01  3.4595E-01  6.7821E-03  3.3917E-01
1.7370E+01  3.4586E-01  6.7456E-03  3.3911E-01
1.7400E+01  3.4576E-01  6.7094E-03  3.3906E-01
1.7430E+01  3.4567E-01  6.6735E-03  3.3900E-01
1.7460E+01  3.4558E-01  6.6379E-03  3.3894E-01
1.7490E+01  3.4549E-01  6.6027E-03  3.3888E-01
1.7520E+01  3.4540E-01  6.5677E-03  3.3883E-01
1.7550E+01  3.4530E-01  6.5331E-03  3.3877E-01
1.7580E+01  3.4521E-01  6.4987E-03  3.3871E-01
1.7610E+01  3.4512E-01  6.4646E-03  3.3866E-01
1.7640E+01  3.4503E-01  6.4307E-03  3.3860E-01
1.7670E+01  3.4494E-01  6.3971E-03  3.3854E-01
1.7700E+01  3.4485E-01  6.3638E-03  3.3849E-01
1.7730E+01  3.4476E-01  6.3307E-03  3.3843E-01
1.7760E+01  3.4467E-01  6.2978E-03  3.3837E-01
1.7790E+01  3.4458E-01  6.2652E-03  3.3832E-01
1.7820E+01  3.4449E-01  6.2327E-03  3.3826E-01
1.7850E+01  3.4440E-01  6.2005E-03  3.3820E-01
1.7880E+01  3.4431E-01  6.1686E-03  3.3815E-01
1.7910E+01  3.4423E-01  6.1368E-03  3.3809E-01
1.7940E+01  3.4414E-01  6.1052E-03  3.3803E-01
1.7970E+01  3.4405E-01  6.0738E-03  3.3798E-01
1.8000E+01  3.4396E-01  6.0426E-03  3.3792E-01
1.8030E+01  3.4387E-01  6.0116E-03  3.3786E-01
1.8060E+01  3.4379E-01  5.9808E-03  3.3781E-01
1.8090E+01  3.4370E-01  5.9502E-03  3.3775E-01
1.8120E+01  3.4361E-01  5.9197E-03  3.3769E-01
1.8150E+01  3.4353E-01  5.8894E-03  3.3764E-01
1.8180E+01  3.4344E-01  5.8593E-03  3.3758E-01
1.8210E+01  3.4335E-01  5.8294E-03  3.3752E-01
1.8240E+01  3.4327E-01  5.7996E-03  3.3747E-01
1.8270E+01  3.4318E-01  5.7699E-03  3.3741E-01
1.8300E+01  3.4310E-01  5.7405E-03  3.3736E-01
1.8330E+01  3.4301E-01  5.7111E-03  3.3730E-01
1.8360E+01  3.4292E-01  5.6820E-03  3.3724E-01
1.8390E+01  3.4284E-01  5.6531E-03  3.3719E-01
1.8420E+01  3.4275E-01  5.6243E-03  3.3713E-01
1.8450E+01  3.4267E-01  5.5957E-03  3.3707E-01
1.8480E+01  3.4258E-01  5.5673E-03  3.3702E-01
1.8510E+01  3.4250E-01  5.5390E-03  3.3696E-01
1.8540E+01  3.4242E-01  5.5109E-03  3.3690E-01
1.8570E+01  3.4233E-01  5.4829E-03  3.3685E-01
1.8600E+01  3.4225E-01  5.4551E-03  3.3679E-01
1.8630E+01  3.4216E-01  5.4275E-03  3.3674E-01
1.8660E+01  3.4208E-01  5.4001E-03  3.3668E-01
1.8690E+01  3.4200E-01  5.3729E-03  3.3662E-01
1.8720E+01  3.4191E-01  5.3458E-03  3.3657E-01
1.8750E+01  3.4183E-01  5.3190E-03  3.3651E-01
1.8780E+01  3.4175E-01  5.2924E-03  3.3646E-01
1.8810E+01  3.4167E-01  5.2659E-03  3.3640E-01
1.8840E+01  3.4158E-01  5.2396E-03  3.3634E-01
1.8870E+01  3.4150E-01  5.2135E-03  3.3629E-01
1.8900E+01  3.4142E-01  5.1875E-03  3.3623E-01
1.8930E+01  3.4134E-01  5.1617E-03  3.3618E-01
1.8960E+01  3.4126E-01  5.1361E-03  3.3612E-01
1.8990E+01  3.4117E-01  5.1108E-03  3.3606E-01
1.9020E+01  3.4109E-01  5.0856E-03  3.3601E-01
1.9050E+01  3.4101E-01  5.0607E-03  3.3595E-01
1.9080E+01  3.4093E-01  5.0359E-03  3.3590E-01
1.9110E+01  3.4085E-01  5.0114E-03  3.3584E-01
1.9140E+01  3.4077E-01  4.9870E-03  3.3578E-01
1.9170E+01  3.4069E-01  4.9628E-03  3.3573E-01
1.9200E+01  3.4061E-01  4.9388E-03  3.3567E-01
1.9230E+01  3.4053E-01  4.9150E-03  3.3562E-01
1.9260E+01  3.4045E-01  4.8913E-03  3.3556E-01
1.9290E+01  3.4037E-01  4.8678E-03  3.3551E-01
1.9320E+01  3.4029E-01  4.8445E-03  3.3545E-01
1.9350E+01  3.4022E-01  4.8213E-03  3.3539E-01
1.9380E+01  3.4014E-01  4.7983E-03  3.3534E-01
1.9410E+01  3.4006E-01  4.7754E-03  3.3528E-01
1.9440E+01  3.3998E-01  4.7526E-03  3.3523E-01
1.9470E+01  3.3990E-01  4.7301E-03  3.3517E-01
1.9500E+01  3.3982E-01  4.7076E-03  3.3512E-01
1.9530E+01  3.3975E-01  4.6853E-03  3.3506E-01
1.9560E+01  3.3967E-01  4.6632E-03  3.3501E-01
1.9590E+01  3.3959E-01  4.6412E-03  3.3495E-01
1.9620E+01  3.3951E-01  4.6193E-03  3.3489E-01
1.9650E+01  3.3944E-01  4.5976E-03  3.3484E-01
1.9680E+01  3.3936E-01  4.5761E-03  3.3478E-01
1.9710E+01  3.3928E-01  4.5546E-03  3.3473E-01
1.9740E+01  3.3921E-01  4.5333E-03  3.3467E-01
1.9770E+01  3.3913E-01  4.5121E-03  3.3462E-01
1.9800E+01  3.3905E-01  4.4911E-03  3.3456E-01
1.9830E+01  3.3898E-01  4.4702E-03  3.3451E-01
1.9860E+01  3.3890E-01  4.4494E-03  3.3445E-01
1.9890E+01  3.3882E-01  4.4287E-03  3.3440E-01
1.9920E+01  3.3875E-01  4.4081E-03  3.3434E-01
1.9950E+01  3.3867E-01  4.3876E-03  3.3428E-01
1.9980E+01  3.3860E-01  4.3673E-03  3.3423E-01
2.0010E+01  3.3852E-01  4.3471E-03  3.3417E-01
2.0040E+01  3.3845E-01  4.3270E-03  3.3412E-01
2.0070E+01  3.3837E-01  4.3070E-03  3.3406E-01
2.0100E+01  3.3830E-01  4.2871E-03  3.3401E-01
2.0130E+01  3.3822E-01  4.2673E-03  3.3395E-01
2.0160E+01  3.3815E-01  4.2476E-03  3.3390E-01
2.0190E+01  3.3807E-01  4.2280E-03  3.3384E-01
2.0220E+01  3.3800E-01  4.2086E-03  3.3379E-01
2.0250E+01  3.3792E-01  4.1892E-03  3.3373E-01
2.0280E+01  3.3785E-01  4.1699E-03  3.3368E-01
2.0310E+01  3.3777E-01  4.1507E-03  3.3362E-01
2.0340E+01  3.3770E-01  4.1316E-03  3.3357E-01
2.0370E+01  3.3763E-01  4.1126E-03  3.3351E-01
2.0400E+01  3.3755E-01  4.0937E-03  3.3346E-01
2.0430E+01  3.3748E-01  4.0748E-03  3.3340E-01
2.0460E+01  3.3740E-01  4.0561E-03  3.3335E-01
2.0490E+01  3.3733E-01  4.0374E-03  3.3329E-01
2.0520E+01  3.3726E-01  4.0188E-03  3.3324E-01
2.0550E+01  3.3718E-01  4.0003E-03  3.3318E-01
2.0580E+01  3.3711E-01  3.9819E-03  3.3313E-01
2.0610E+01  3.3704E-01  3.9635E-03  3.3307E-01
2.0640E+01  3.3696E-01  3.9452E-03  3.3302E-01
2.0670E+01  3.3689E-01  3.9270E-03  3.3296E-01
2.0700E+01  3.3682E-01  3.9089E-03  3.3291E-01
2.0730E+01  3.3674E-01  3.8908E-03  3.3285E-01
2.0760E+01  3.3667E-01  3.8729E-03  3.3280E-01
2.0790E+01  3.3660E-01  3.8549E-03  3.3274E-01
2.0820E+01  3.3653E-01  3.8371E-03  3.3269E-01
2.0850E+01  3.3645E-01  3.8193E-03  3.3263E-01
2.0880E+01  3.3638E-01  3.8016E-03  3.3258E-01
2.0910E+01  3.3631E-01  3.7840E-03  3.3253E-01
2.0940E+01  3.3624E-01  3.7664E-03  3.3247E-01
2.0970E+01  3.3617E-01  3.7489E-03  3.3242E-01
2.1000E+01  3.3609E-01  3.7315E-03  3.3236E-01
2.1030E+01  3.3602E-01  3.7141E-03  3.3231E-01
2.1060E+01  3.3595E-01  3.6968E-03  3.3225E-01
2.1090E+01  3.3588E-01  3.6795E-03  3.3220E-01
2.1120E+01  3.3581E-01  3.6623E-03  3.3214E-01
2.1150E+01  3.3573E-01  3.6451E-03  3.3209E-01
2.1180E+01  3.3566E-01  3.6281E-03  3.3203E-01
2.1210E+01  3.3559E-01  3.6110E-03  3.3198E-01
2.1240E+01  3.3552E-01  3.5940E-03  3.3193E-01
2.1270E+01  3.3545E-01  3.5771E-03  3.3187E-01
2.1300E+01  3.3538E-01  3.5604E-03  3.3182E-01
2.1330E+01  3.3531E-01  3.5438E-03  3.3176E-01
2.1360E+01  3.3524E-01  3.5274E-03  3.3171E-01
2.1390E+01  3.3516E-01  3.5112E-03  3.3165E-01
2.1420E+01  3.3509E-01  3.4951E-03  3.3160E-01
2.1450E+01  3.3502E-01  3.4792E-03  3.3154E-01
2.1480E+01  3.3495E-01  3.4634E-03  3.3149E-01
2.1510E+01  3.3488E-01  3.4478E-03  3.3144E-01
2.1540E+01  3.3481E-01  3.4323E-03  3.3138E-01
2.1570E+01  3.3474E-01  3.4170E-03  3.3133E-01
2.1600E+01  3.3467E-01  3.4017E-03  3.3127E-01
2.1630E+01  3.3461E-01  3.3867E-03  3.3122E-01
2.1660E+01  3.3454E-01  3.3717E-03  3.3116E-01
2.1690E+01  3.3447E-01  3.3569E-03  3.3111E-01
2.1720E+01  3.3440E-01  3.3421E-03  3.3106E-01
2.1750E+01  3.3433E-01  3.3275E-03  3.3100E-01
2.1780E+01  3.3426E-01  3.3131E-03  3.3095E-01
2.1810E+01  3.3419E-01  3.2987E-03  3.3089E-01
2.1840E+01  3.3412E-01  3.2844E-03  3.3084E-01
2.1870E+01  3.3406E-01  3.2702E-03  3.3079E-01
2.1900E+01  3.3399E-01  3.2562E-03  3.3073E-01
2.1930E+01  3.3392E-01  3.2422E-03  3.3068E-01
2.1960E+01  3.3385E-01  3.2284E-03  3.3062E-01
2.1990E+01  3.3378E-01  3.2146E-03  3.3057E-01
2.2020E+01  3.3372E-01  3.2009E-03  3.3052E-01
2.2050E+01  3.3365E-01  3.1873E-03  3.3046E-01
2.2080E+01  3.3358E-01  3.1738E-03  3.3041E-01
2.2110E+01  3.3351E-01  3.1604E-03  3.3035E-01
2.2140E+01  3.3345E-01  3.1471E-03  3.3030E-01
2.2170E+01  3.3338E-01  3.1339E-03  3.3025E-01
2.2200E+01  3.3331E-01  3.1207E-03  3.3019E-01
2.2230E+01  3.3325E-01  3.1076E-03  3.3014E-01
2.2260E+01  3.3318E-01  3.0946E-03  3.3008E-01
2.2290E+01  3.3311E-01  3.0817E-03  3.3003E-01
2.2320E+01  3.3305E-01  3.0689E-03  3.2998E-01
2.2350E+01  3.3298E-01  3.0561E-03  3.2992E-01
2.2380E+01  3.3291E-01  3.0434E-03  3.2987E-01
2.2410E+01  3.3285E-01  3.0307E-03  3.2982E-01
2.2440E+01  3.3278E-01  3.0182E-03  3.2976E-01
2.2470E+01  3.3271E-01  3.0057E-03  3.2971E-01
2.2500E+01  3.3265E-01  2.9932E-03  3.2965E-01
2.2530E+01  3.3258E-01  2.9809E-03  3.2960E-01
2.2560E+01  3.3252E-01  2.9686E-03  3.2955E-01
2.2590E+01  3.3245E-01  2.9563E-03  3.2949E-01
2.2620E+01  3.3238E-01  2.9441E-03  3.2944E-01
2.2650E+01  3.3232E-01  2.9320E-03  3.2939E-01
2.2680E+01  3.3225E-01  2.9199E-03  3.2933E-01
2.2710E+01  3.3219E-01  2.9079E-03  3.2928E-01
2.2740E+01  3.3212E-01  2.8960E-03  3.2923E-01
2.2770E+01  3.3206E-01  2.8841E-03  3.2917E-01
2.2800E+01  3.3199E-01  2.8722E-03  3.2912E-01
2.2830E+01  3.3193E-01  2.8604E-03  3.2907E-01
2.2860E+01  3.3186E-01  2.8487E-03  3.2901E-01
2.2890E+01  3.3180E-01  2.8370E-03  3.2896E-01
2.2920E+01  3.3173E-01  2.8254E-03  3.2891E-01
2.2950E+01  3.3167E-01  2.8138E-03  3.2885E-01
2.2980E+01  3.3160E-01  2.8022E-03  3.2880E-01
2.3010E+01  3.3154E-01  2.7907E-03  3.2874E-01
2.3040E+01  3.3147E-01  2.7793E-03  3.2869E-01
2.3070E+01  3.3141E-01  2.7679E-03  3.2864E-01
2.3100E+01  3.3134E-01  2.7566E-03  3.2858E-01
2.3130E+01  3.3128E-01  2.7453E-03  3.2853E-01
2.3160E+01  3.3121E-01  2.7341E-03  3.2848E-01
2.3190E+01  3.3115E-01  2.7229E-03  3.2843E-01
2.3220E+01  3.3108E-01  2.7118E-03  3.2837E-01
2.3250E+01  3.3102E-01  2.7008E-03  3.2832E-01
2.3280E+01  3.3096E-01  2.6898E-03  3.2827E-01
2.3310E+01  3.3089E-01  2.6788E-03  3.2821E-01
2.3340E+01  3.3083E-01  2.6679E-03  3.2816E-01
2.3370E+01  3.3076E-01  2.6570E-03  3.2811E-01
2.3400E+01  3.3070E-01  2.6462E-03  3.2805E-01
2.3430E+01  3.3064E-01  2.6355E-03  3.2800E-01
2.3460E+01  3.3057E-01  2.6248E-03  3.2795E-01
2.3490E+01  3.3051E-01  2.6141E-03  3.2789E-01
2.3520E+01  3.3044E-01  2.6036E-03  3.2784E-01
2.3550E+01  3.3038E-01  2.5931E-03  3.2779E-01
2.3580E+01  3.3032E-01  2.5826E-03  3.2773E-01
2.3610E+01  3.3025E-01  2.5722E-03  3.2768E-01
2.3640E+01  3.3019E-01  2.5619E-03  3.2763E-01
2.3670E+01  3.3013E-01  2.5516E-03  3.2758E-01
2.3700E+01  3.3006E-01  2.5414E-03  3.2752E-01
2.3730E+01  3.3000E-01  2.5312E-03  3.2747E-01
2.3760E+01  3.2994E-01  2.5210E-03  3.2742E-01
2.3790E+01  3.2987E-01  2.5110E-03  3.2736E-01
2.3820E+01  3.2981E-01  2.5009E-03  3.2731E-01
2.3850E+01  3.2975E-01  2.4910E-03  3.2726E-01
2.3880E+01  3.2969E-01  2.4811E-03  3.2721E-01
2.3910E+01  3.2962E-01  2.4713E-03  3.2715E-01
2.3940E+01  3.2956E-01  2.4615E-03  3.2710E-01
2.3970E+01  3.2950E-01  2.4518E-03  3.2705E-01
2.4000E+01  3.2944E-01  2.4422E-03  3.2699E-01
2.4030E+01  3.2937E-01  2.4326E-03  3.2694E-01
2.4060E+01  3.2931E-01  2.4231E-03  3.2689E-01
2.4090E+01  3.2925E-01  2.4137E-03  3.2684E-01
2.4120E+01  3.2919E-01  2.4043E-03  3.2678E-01
2.4150E+01  3.2913E-01  2.3949E-03  3.2673E-01
2.4180E+01  3.2906E-01  2.3856E-03  3.2668E-01
2.4210E+01  3.2900E-01  2.3764E-03  3.2663E-01
2.4240E+01  3.2894E-01  2.3672E-03  3.2657E-01
2.4270E+01  3.2888E-01  2.3581E-03  3.2652E-01
2.4300E+01  3.2882E-01  2.3490E-03  3.2647E-01
2.4330E+01  3.2876E-01  2.3399E-03  3.2642E-01
2.4360E+01  3.2869E-01  2.3309E-03  3.2636E-01
2.4390E+01  3.2863E-01  2.3220E-03  3.2631E-01
2.4420E+01  3.2857E-01  2.3131E-03  3.2626E-01
2.4450E+01  3.2851E-01  2.3042E-03  3.2621E-01
2.4480E+01  3.2845E-01  2.2954E-03  3.2615E-01
2.4510E+01  3.2839E-01  2.2867E-03  3.2610E-01
2.4540E+01  3.2833E-01  2.2780E-03  3.2605E-01
2.4570E+01  3.2826E-01  2.2693E-03  3.2600E-01
2.4600E+01  3.2820E-01  2.2607E-03  3.2594E-01
2.4630E+01  3.2814E-01  2.2521E-03  3.2589E-01
2.4660E+01  3.2808E-01  2.2436E-03  3.2584E-01
2.4690E+01  3.2802E-01  2.2351E-03  3.2579E-01
2.4720E+01  3.2796E-01  2.2266E-03  3.2573E-01
2.4750E+01  3.2790E-01  2.2182E-03  3.2568E-01
2.4780E+01  3.2784E-01  2.2099E-03  3.2563E-01
2.4810E+01  3.2778E-01  2.2016E-03  3.2558E-01
2.4840E+01  3.2772E-01  2.1933E-03  3.2552E-01
2.4870E+01  3.2766E-01  2.1850E-03  3.2547E-01
2.4900E+01  3.2760E-01  2.1768E-03  3.2542E-01
2.4930E+01  3.2754E-01  2.1687E-03  3.2537E-01
2.4960E+01  3.2748E-01  2.1606E-03  3.2532E-01
2.4990E+01  3.2742E-01  2.1525E-03  3.2526E-01
2.5020E+01  3.2736E-01  2.1444E-03  3.2521E-01
2.5050E+01  3.2730E-01  2.1364E-03  3.2516E-01
2.5080E+01  3.2724E-01  2.1284E-03  3.2511E-01
2.5110E+01  3.2718E-01  2.1205E-03  3.2505E-01
2.5140E+01  3.2712E-01  2.1126E-03  3.2500E-01
2.5170E+01  3.2706E-01  2.1047E-03  3.2495E-01
2.5200E+01  3.2700E-01  2.0969E-03  3.2490E-01
2.5230E+01  3.2694E-01  2.0891E-03  3.2485E-01
2.5260E+01  3.2688E-01  2.0813E-03  3.2479E-01
2.5290E+01  3.2682E-01  2.0736E-03  3.2474E-01
2.5320E+01  3.2676E-01  2.0659E-03  3.2469E-01
2.5350E+01  3.2670E-01  2.0582E-03  3.2464E-01
2.5380E+01  3.2664E-01  2.0506E-03  3.2459E-01
2.5410E+01  3.2658E-01  2.0430E-03  3.2454E-01
2.5440E+01  3.2652E-01  2.0354E-03  3.2448E-01
2.5470E+01  3.2646E-01  2.0279E-03  3.2443E-01
2.5500E+01  3.2640E-01  2.0204E-03  3.2438E-01
2.5530E+01  3.2634E-01  2.0129E-03  3.2433E-01
2.5560E+01  3.2628E-01  2.0055E-03  3.2428E-01
2.5590E+01  3.2622E-01  1.9980E-03  3.2422E-01
2.5620E+01  3.2616E-01  1.9906E-03  3.2417E-01
2.5650E+01  3.2610E-01  1.9833E-03  3.2412E-01
2.5680E+01  3.2604E-01  1.9759E-03  3.2407E-01
2.5710E+01  3.2599E-01  1.9686E-03  3.2402E-01
2.5740E+01  3.2593E-01  1.9613E-03  3.2397E-01
2.5770E+01  3.2587E-01  1.9540E-03  3.2391E-01
2.5800E+01  3.2581E-01  1.9468E-03  3.2386E-01
2.5830E+01  3.2575E-01  1.9396E-03  3.2381E-01
2.5860E+01  3.2569E-01  1.9324E-03  3.2376E-01
2.5890E+01  3.2563E-01  1.9252E-03  3.2371E-01
2.5920E+01  3.2557E-01  1.9181E-03  3.2366E-01
2.5950E+01  3.2551E-01  1.9110E-03  3.2360E-01
2.5980E+01  3.2546E-01  1.9039E-03  3.2355E-01
2.6010E+01  3.2540E-01  1.8968E-03  3.2350E-01
2.6040E+01  3.2534E-01  1.8897E-03  3.2345E-01
2.6070E+01  3.2528E-01  1.8827E-03  3.2340E-01
2.6100E+01  3.2522E-01  1.8757E-03  3.2335E-01
2.6130E+01  3.2516E-01  1.8687E-03  3.2329E-01
2.6160E+01  3.2510E-01  1.8618E-03  3.2324E-01
2.6190E+01  3.2505E-01  1.8548E-03  3.2319E-01
2.6220E+01  3.2499E-01  1.8479E-03  3.2314E-01
2.6250E+01  3.2493E-01  1.8410E-03  3.2309E-01
2.6280E+01  3.2487E-01  1.8342E-03  3.2304E-01
2.6310E+01  3.2481E-01  1.8273E-03  3.2299E-01
2.6340E+01  3.2476E-01  1.8205E-03  3.2293E-01
2.6370E+01  3.2470E-01  1.8137E-03  3.2288E-01
2.6400E+01  3.2464E-01  1.8069E-03  3.2283E-01
2.6430E+01  3.2458E-01  1.8001E-03  3.2278E-01
2.6460E+01  3.2452E-01  1.7934E-03  3.2273E-01
2.6490E+01  3.2446E-01  1.7866E-03  3.2268E-01
2.6520E+01  3.2441E-01  1.7799E-03  3.2263E-01
2.6550E+01  3.2435E-01  1.7732E-03  3.2258E-01
2.6580E+01  3.2429E-01  1.7665E-03  3.2252E-01
2.6610E+01  3.2423E-01  1.7599E-03  3.2247E-01
2.6640E+01  3.2418E-01  1.7532E-03  3.2242E-01
2.6670E+01  3.2412E-01  1.7466E-03  3.2237E-01
2.6700E+01  3.2406E-01  1.7400E-03  3.2232E-01
2.6730E+01  3.2400E-01  1.7334E-03  3.2227E-01
2.6760E+01  3.2394E-01  1.7268E-03  3.2222E-01
2.6790E+01  3.2389E-01  1.7203E-03  3.2217E-01
2.6820E+01  3.2383E-01  1.7139E-03  3.2212E-01
2.6850E+01  3.2377E-01  1.7075E-03  3.2206E-01
2.6880E+01  3.2371E-01  1.7011E-03  3.2201E-01
2.6910E+01  3.2366E-01  1.6948E-03  3.2196E-01
2.6940E+01  3.2360E-01  1.6886E-03  3.2191E-01
2.6970E+01  3.2354E-01  1.6824E-03  3.2186E-01
2.7000E+01  3.2349E-01  1.6762E-03  3.2181E-01
2.7030E+01  3.2343E-01  1.6702E-03  3.2176E-01
2.7060E+01  3.2337E-01  1.6641E-03  3.2171E-01
2.7090E+01  3.2331E-01  1.6581E-03  3.2166E-01
2.7120E+01  3.2326E-01  1.6521E-03  3.2161E-01
2.7150E+01  3.2320E-01  1.6462E-03  3.2155E-01
2.7180E+01  3.2314E-01  1.6403E-03  3.2150E-01
2.7210E+01  3.2309E-01  1.6345E-03  3.2145E-01
2.7240E+01  3.2303E-01  1.6287E-03  3.2140E-01
2.7270E+01  3.2297E-01  1.6230E-03  3.2135E-01
2.7300E+01  3.2292E-01  1.6172E-03  3.2130E-01
2.7330E+01  3.2286E-01  1.6116E-03  3.2125E-01
2.7360E+01  3.2280E-01  1.6059E-03  3.2120E-01
2.7390E+01  3.2275E-01  1.6003E-03  3.2115E-01
2.7420E+01  3.2269E-01  1.5947E-03  3.2110E-01
2.7450E+01  3.2264E-01  1.5892E-03  3.2105E-01
2.7480E+01  3.2258E-01  1.5837E-03  3.2100E-01
2.7510E+01  3.2252E-01  1.5782E-03  3.2095E-01
2.7540E+01  3.2247E-01  1.5728E-03  3.2089E-01
2.7570E+01  3.2241E-01  1.5674E-03  3.2084E-01
2.7600E+01  3.2236E-01  1.5620E-03  3.2079E-01
2.7630E+01  3.2230E-01  1.5567E-03  3.2074E-01
2.7660E+01  3.2224E-01  1.5514E-03  3.2069E-01
2.7690E+01  3.2219E-01  1.5461E-03  3.2064E-01
2.7720E+01  3.2213E-01  1.5409E-03  3.2059E-01
2.7750E+01  3.2208E-01  1.5356E-03  3.2054E-01
2.7780E+01  3.2202E-01  1.5304E-03  3.2049E-01
2.7810E+01  3.2196E-01  1.5253E-03  3.2044E-01
2.7840E+01  3.2191E-01  1.5201E-03  3.2039E-01
2.7870E+01  3.2185E-01  1.5150E-03  3.2034E-01
2.7900E+01  3.2180E-01  1.5099E-03  3.2029E-01
2.7930E+01  3.2174E-01  1.5049E-03  3.2024E-01
2.7960E+01  3.2169E-01  1.4998E-03  3.2019E-01
2.7990E+01  3.2163E-01  1.4948E-03  3.2014E-01
2.8020E+01  3.2158E-01  1.4898E-03  3.2009E-01
2.8050E+01  3.2152E-01  1.4848E-03  3.2004E-01
2.8080E+01  3.2147E-01  1.4799E-03  3.1999E-01
2.8110E+01  3.2141E-01  1.4750E-03  3.1993E-01
2.8140E+01  3.2135E-01  1.4701E-03  3.1988E-01
2.8170E+01  3.2130E-01  1.4652E-03  3.1983E-01
2.8200E+01  3.2124E-01  1.4603E-03  3.1978E-01
2.8230E+01  3.2119E-01  1.4555E-03  3.1973E-01
2.8260E+01  3.2113E-01  1.4507E-03  3.1968E-01
2.8290E+01  3.2108E-01  1.4459E-03  3.1963E-01
2.8320E+01  3.2102E-01  1.4411E-03  3.1958E-01
2.8350E+01  3.2097E-01  1.4364E-03  3.1953E-01
2.8380E+01  3.2091E-01  1.4316E-03  3.1948E-01
2.8410E+01  3.2086E-01  1.4269E-03  3.1943E-01
2.8440E+01  3.2080E-01  1.4222E-03  3.1938E-01
2.8470E+01  3.2075E-01  1.4176E-03  3.1933E-01
2.8500E+01  3.2069E-01  1.4129E-03  3.1928E-01
2.8530E+01  3.2064E-01  1.4083E-03  3.1923E-01
2.8560E+01  3.2059E-01  1.4036E-03  3.1918E-01
2.8590E+01  3.2053E-01  1.3990E-03  3.1913E-01
2.8620E+01  3.2048E-01  1.3944E-03  3.1908E-01
2.8650E+01  3.2042E-01  1.3899E-03  3.1903E-01
2.8680E+01  3.2037E-01  1.3853E-03  3.1898E-01
2.8710E+01  3.2031E-01  1.3808E-03  3.1893E-01
2.8740E+01  3.2026E-01  1.3763E-03  3.1888E-01
2.8770E+01  3.2020E-01  1.3718E-03  3.1883E-01
2.8800E+01  3.2015E-01  1.3673E-03  3.1878E-01
2.8830E+01  3.2009E-01  1.3628E-03  3.1873E-01
2.8860E+01  3.2004E-01  1.3583E-03  3.1868E-01
2.8890E+01  3.1999E-01  1.3539E-03  3.1863E-01
2.8920E+01  3.1993E-01  1.3495E-03  3.1858E-01
2.8950E+01  3.1988E-01  1.3451E-03  3.1853E-01
2.8980E+01  3.1982E-01  1.3407E-03  3.1848E-01
2.9010E+01  3.1977E-01  1.3363E-03  3.1843E-01
2.9040E+01  3.1971E-01  1.3319E-03  3.1838E-01
2.9070E+01  3.1966E-01  1.3276E-03  3.1833E-01
2.9100E+01  3.1961E-01  1.3232E-03  3.1828E-01
2.9130E+01  3.1955E-01  1.3189E-03  3.1823E-01
2.9160E+01  3.1950E-01  1.3146E-03  3.1818E-01
2.9190E+01  3.1944E-01  1.3104E-03  3.1813E-01
2.9220E+01  3.1939E-01  1.3061E-03  3.1808E-01
2.9250E+01  3.1934E-01  1.3018E-03  3.1803E-01
2.9280E+01  3.1928E-01  1.2976E-03  3.1798E-01
2.9310E+01  3.1923E-01  1.2934E-03  3.1794E-01
2.9340E+01  3.1917E-01  1.2892E-03  3.1789E-01
2.9370E+01  3.1912E-01  1.2850E-03  3.1784E-01
2.9400E+01  3.1907E-01  1.2808E-03  3.1779E-01
2.9430E+01  3.1901E-01  1.2767E-03  3.1774E-01
2.9460E+01  3.1896E-01  1.2725E-03  3.1769E-01
2.9490E+01  3.1891E-01  1.2684E-03  3.1764E-01
2.9520E+01  3.1885E-01  1.2643E-03  3.1759E-01
2.9550E+01  3.1880E-01  1.2602E-03  3.1754E-01
2.9580E+01  3.1875E-01  1.2562E-03  3.1749E-01
2.9610E+01  3.1869E-01  1.2521E-03  3.1744E-01
2.9640E+01  3.1864E-01  1.2481E-03  3.1739E-01
2.9670E+01  3.1858E-01  1.2441E-03  3.1734E-01
2.9700E+01  3.1853E-01  1.2401E-03  3.1729E-01
2.9730E+01  3.1848E-01  1.2361E-03  3.1724E-01
2.9760E+01  3.1842E-01  1.2321E-03  3.1719E-01
2.9790E+01  3.1837E-01  1.2282E-03  3.1714E-01
2.9820E+01  3.1832E-01  1.2243E-03  3.1709E-01
2.9850E+01  3.1826E-01  1.2204E-03  3.1704E-01
2.9880E+01  3.1821E-01  1.2165E-03  3.1699E-01
2.9910E+01  3.1816E-01  1.2126E-03  3.1695E-01
2.9940E+01  3.1810E-01  1.2087E-03  3.1690E-01
2.9970E+01  3.1805E-01  1.2049E-03  3.1685E-01
3.0000E+01  3.1800E-01  1.2011E-03  3.1680E-01
3.0300E+01  3.1747E-01  1.1639E-03  3.1631E-01
3.0600E+01  3.1694E-01  1.1284E-03  3.1582E-01
3.0900E+01  3.1642E-01  1.0945E-03  3.1533E-01
3.1200E+01  3.1590E-01  1.0619E-03  3.1484E-01
3.1500E+01  3.1538E-01  1.0306E-03  3.1435E-01
3.1800E+01  3.1487E-01  1.0003E-03  3.1387E-01
3.2100E+01  3.1436E-01  9.7113E-04  3.1339E-01
3.2400E+01  3.1385E-01  9.4279E-04  3.1291E-01
3.2700E+01  3.1334E-01  9.1523E-04  3.1243E-01
3.3000E+01  3.1284E-01  8.8837E-04  3.1195E-01
3.3300E+01  3.1234E-01  8.6216E-04  3.1148E-01
3.3600E+01  3.1184E-01  8.3653E-04  3.1100E-01
3.3900E+01  3.1134E-01  8.1182E-04  3.1053E-01
3.4200E+01  3.1085E-01  7.8861E-04  3.1006E-01
3.4500E+01  3.1036E-01  7.6666E-04  3.0959E-01
3.4800E+01  3.0987E-01  7.4578E-04  3.0912E-01
3.5100E+01  3.0938E-01  7.2580E-04  3.0865E-01
3.5400E+01  3.0890E-01  7.0661E-04  3.0819E-01
3.5700E+01  3.0841E-01  6.8810E-04  3.0773E-01
3.6000E+01  3.0793E-01  6.7018E-04  3.0726E-01
3.6300E+01  3.0746E-01  6.5280E-04  3.0680E-01
3.6600E+01  3.0698E-01  6.3588E-04  3.0634E-01
3.6900E+01  3.0651E-01  6.1940E-04  3.0589E-01
3.7200E+01  3.0603E-01  6.0335E-04  3.0543E-01
3.7500E+01  3.0556E-01  5.8781E-04  3.0498E-01
3.7800E+01  3.0510E-01  5.7277E-04  3.0452E-01
3.8100E+01  3.0463E-01  5.5830E-04  3.0407E-01
3.8400E+01  3.0417E-01  5.4436E-04  3.0362E-01
3.8700E+01  3.0371E-01  5.3089E-04  3.0317E-01
3.9000E+01  3.0325E-01  5.1783E-04  3.0273E-01
3.9300E+01  3.0279E-01  5.0516E-04  3.0228E-01
3.9600E+01  3.0233E-01  4.9285E-04  3.0184E-01
3.9900E+01  3.0188E-01  4.8086E-04  3.0139E-01
4.0200E+01  3.0142E-01  4.6919E-04  3.0095E-01
4.0500E+01  3.0097E-01  4.5783E-04  3.0051E-01
4.0800E+01  3.0052E-01  4.4673E-04  3.0008E-01
4.1100E+01  3.0007E-01  4.3590E-04  2.9964E-01
4.1400E+01  2.9963E-01  4.2530E-04  2.9920E-01
4.1700E+01  2.9918E-01  4.1495E-04  2.9877E-01
4.2000E+01  2.9874E-01  4.0482E-04  2.9834E-01
4.2300E+01  2.9830E-01  3.9490E-04  2.9790E-01
4.2600E+01  2.9786E-01  3.8531E-04  2.9747E-01
4.2900E+01  2.9742E-01  3.7626E-04  2.9704E-01
4.3200E+01  2.9698E-01  3.6767E-04  2.9662E-01
4.3500E+01  2.9655E-01  3.5949E-04  2.9619E-01
4.3800E+01  2.9612E-01  3.5168E-04  2.9577E-01
4.4100E+01  2.9569E-01  3.4419E-04  2.9534E-01
4.4400E+01  2.9526E-01  3.3700E-04  2.9492E-01
4.4700E+01  2.9483E-01  3.3009E-04  2.9450E-01
4.5000E+01  2.9440E-01  3.2342E-04  2.9408E-01
4.5300E+01  2.9398E-01  3.1698E-04  2.9366E-01
4.5600E+01  2.9356E-01  3.1076E-04  2.9325E-01
4.5900E+01  2.9314E-01  3.0469E-04  2.9283E-01
4.6200E+01  2.9272E-01  2.9851E-04  2.9242E-01
4.6500E+01  2.9230E-01  2.9248E-04  2.9200E-01
4.6800E+01  2.9188E-01  2.8660E-04  2.9159E-01
4.7100E+01  2.9146E-01  2.8090E-04  2.9118E-01
4.7400E+01  2.9105E-01  2.7537E-04  2.9077E-01
4.7700E+01  2.9064E-01  2.7000E-04  2.9037E-01
4.8000E+01  2.9022E-01  2.6479E-04  2.8996E-01
4.8300E+01  2.8981E-01  2.5972E-04  2.8955E-01
4.8600E+01  2.8940E-01  2.5478E-04  2.8915E-01
4.8900E+01  2.8900E-01  2.4989E-04  2.8875E-01
4.9200E+01  2.8859E-01  2.4498E-04  2.8835E-01
4.9500E+01  2.8819E-01  2.4016E-04  2.8795E-01
4.9800E+01  2.8778E-01  2.3544E-04  2.8755E-01
5.0100E+01  2.8738E-01  2.3080E-04  2.8715E-01
5.0400E+01  2.8698E-01  2.2625E-04  2.8675E-01
5.0700E+01  2.8658E-01  2.2179E-04  2.8636E-01
5.1000E+01  2.8618E-01  2.1741E-04  2.8596E-01
5.1300E+01  2.8578E-01  2.1310E-04  2.8557E-01
5.1600E+01  2.8539E-01  2.0888E-04  2.8518E-01
5.1900E+01  2.8499E-01  2.0472E-04  2.8479E-01
5.2200E+01  2.8460E-01  2.0064E-04  2.8440E-01
5.2500E+01  2.8421E-01  1.9663E-04  2.8401E-01
5.2800E+01  2.8382E-01  1.9269E-04  2.8362E-01
5.3100E+01  2.8343E-01  1.8882E-04  2.8324E-01
5.3400E+01  2.8304E-01  1.8502E-04  2.8285E-01
5.3700E+01  2.8265E-01  1.8138E-04  2.8247E-01
5.4000E+01  2.8227E-01  1.7790E-04  2.8209E-01
5.4300E+01  2.8188E-01  1.7457E-04  2.8171E-01
5.4600E+01  2.8150E-01  1.7137E-04  2.8133E-01
5.4900E+01  2.8112E-01  1.6830E-04  2.8095E-01
5.5200E+01  2.8074E-01  1.6534E-04  2.8057E-01
5.5500E+01  2.8036E-01  1.6248E-04  2.8019E-01
5.5800E+01  2.7998E-01  1.5972E-04  2.7982E-01
5.6100E+01  2.7960E-01  1.5704E-04  2.7945E-01
5.6400E+01  2.7923E-01  1.5446E-04  2.7907E-01
5.6700E+01  2.7885E-01  1.5195E-04  2.7870E-01
5.7000E+01  2.7848E-01  1.4952E-04  2.7833E-01
5.7300E+01  2.7811E-01  1.4717E-04  2.7796E-01
5.7600E+01  2.7774E-01  1.4488E-04  2.7759E-01
5.7900E+01  2.7737E-01  1.4266E-04  2.7722E-01
5.8200E+01  2.7700E-01  1.4050E-04  2.7686E-01
5.8500E+01  2.7663E-01  1.3840E-04  2.7649E-01
5.8800E+01  2.7626E-01  1.3636E-04  2.7613E-01
5.9100E+01  2.7590E-01  1.3439E-04  2.7576E-01
5.9400E+01  2.7554E-01  1.3249E-04  2.7540E-01
5.9700E+01  2.7517E-01  1.3063E-04  2.7504E-01
6.0000E+01  2.7481E-01  1.2861E-04  2.7468E-01
6.0300E+01  2.7445E-01  1.2664E-04  2.7432E-01
6.0600E+01  2.7409E-01  1.2471E-04  2.7397E-01
6.0900E+01  2.7373E-01  1.2282E-04  2.7361E-01
6.1200E+01  2.7337E-01  1.2097E-04  2.7325E-01
6.1500E+01  2.7302E-01  1.1916E-04  2.7290E-01
6.1800E+01  2.7266E-01  1.1737E-04  2.7254E-01
6.2100E+01  2.7231E-01  1.1562E-04  2.7219E-01
6.2400E+01  2.7195E-01  1.1391E-04  2.7184E-01
6.2700E+01  2.7160E-01  1.1221E-04  2.7149E-01
6.3000E+01  2.7125E-01  1.1054E-04  2.7114E-01
6.3300E+01  2.7090E-01  1.0886E-04  2.7079E-01
6.3600E+01  2.7055E-01  1.0721E-04  2.7045E-01
6.3900E+01  2.7020E-01  1.0558E-04  2.7010E-01
6.4200E+01  2.6986E-01  1.0397E-04  2.6975E-01
6.4500E+01  2.6951E-01  1.0238E-04  2.6941E-01
6.4800E+01  2.6917E-01  1.0082E-04  2.6907E-01
6.5100E+01  2.6882E-01  9.9270E-05  2.6872E-01
6.5400E+01  2.6848E-01  9.7742E-05  2.6838E-01
6.5700E+01  2.6814E-01  9.6234E-05  2.6804E-01
6.6000E+01  2.6780E-01  9.4744E-05  2.6770E-01
6.6300E+01  2.6746E-01  9.3273E-05  2.6736E-01
6.6600E+01  2.6712E-01  9.1819E-05  2.6703E-01
6.6900E+01  2.6678E-01  9.0382E-05  2.6669E-01
6.7200E+01  2.6644E-01  8.8966E-05  2.6635E-01
6.7500E+01  2.6611E-01  8.7596E-05  2.6602E-01
6.7800E+01  2.6577E-01  8.6274E-05  2.6569E-01
6.8100E+01  2.6544E-01  8.4993E-05  2.6535E-01
6.8400E+01  2.6511E-01  8.3752E-05  2.6502E-01
6.8700E+01  2.6477E-01  8.2546E-05  2.6469E-01
6.9000E+01  2.6444E-01  8.1374E-05  2.6436E-01
6.9300E+01  2.6411E-01  8.0232E-05  2.6403E-01
6.9600E+01  2.6378E-01  7.9119E-05  2.6370E-01
6.9900E+01  2.6346E-01  7.8032E-05  2.6338E-01
7.0200E+01  2.6313E-01  7.6970E-05  2.6305E-01
7.0500E+01  2.6280E-01  7.5932E-05  2.6273E-01
7.0800E+01  2.6248E-01  7.4915E-05  2.6240E-01
7.1100E+01  2.6215E-01  7.3919E-05  2.6208E-01
7.1400E+01  2.6183E-01  7.2942E-05  2.6176E-01
7.1700E+01  2.6151E-01  7.1984E-05  2.6144E-01
7.2000E+01  2.6119E-01  7.1043E-05  2.6112E-01
7.2300E+01  2.6087E-01  7.0118E-05  2.6080E-01
7.2600E+01  2.6055E-01  6.9210E-05  2.6048E-01
7.2900E+01  2.6023E-01  6.8316E-05  2.6016E-01
7.3200E+01  2.5991E-01  6.7436E-05  2.5984E-01
7.3500E+01  2.5959E-01  6.6571E-05  2.5953E-01
7.3800E+01  2.5928E-01  6.5718E-05  2.5921E-01
7.4100E+01  2.5896E-01  6.4878E-05  2.5890E-01
7.4400E+01  2.5865E-01  6.4051E-05  2.5858E-01
7.4700E+01  2.5833E-01  6.3237E-05  2.5827E-01
7.5000E+01  2.5802E-01  6.2435E-05  2.5796E-01
7.5300E+01  2.5771E-01  6.1646E-05  2.5765E-01
7.5600E+01  2.5740E-01  6.0867E-05  2.5734E-01
7.5900E+01  2.5709E-01  6.0100E-05  2.5703E-01
7.6200E+01  2.5678E-01  5.9343E-05  2.5672E-01
7.6500E+01  2.5647E-01  5.8597E-05  2.5641E-01
7.6800E+01  2.5617E-01  5.7861E-05  2.5611E-01
7.7100E+01  2.5586E-01  5.7135E-05  2.5580E-01
7.7400E+01  2.5555E-01  5.6419E-05  2.5550E-01
7.7700E+01  2.5525E-01  5.5712E-05  2.5519E-01
7.8000E+01  2.5495E-01  5.5014E-05  2.5489E-01
7.8300E+01  2.5464E-01  5.4324E-05  2.5459E-01
7.8600E+01  2.5434E-01  5.3644E-05  2.5429E-01
7.8900E+01  2.5404E-01  5.2972E-05  2.5399E-01
7.9200E+01  2.5374E-01  5.2308E-05  2.5369E-01
7.9500E+01  2.5344E-01  5.1652E-05  2.5339E-01
7.9800E+01  2.5314E-01  5.1004E-05  2.5309E-01
8.0100E+01  2.5284E-01  5.0364E-05  2.5279E-01
8.0400E+01  2.5255E-01  4.9731E-05  2.5250E-01
8.0700E+01  2.5225E-01  4.9105E-05  2.5220E-01
8.1000E+01  2.5195E-01  4.8487E-05  2.5191E-01
8.1300E+01  2.5166E-01  4.7876E-05  2.5161E-01
8.1600E+01  2.5137E-01  4.7272E-05  2.5132E-01
8.1900E+01  2.5107E-01  4.6674E-05  2.5103E-01
8.2200E+01  2.5078E-01  4.6084E-05  2.5073E-01
8.2500E+01  2.5049E-01  4.5500E-05  2.5044E-01
8.2800E+01  2.5020E-01  4.4924E-05  2.5015E-01
8.3100E+01  2.4991E-01  4.4354E-05  2.4986E-01
8.3400E+01  2.4962E-01  4.3791E-05  2.4958E-01
8.3700E+01  2.4933E-01  4.3234E-05  2.4929E-01
8.4000E+01  2.4904E-01  4.2684E-05  2.4900E-01
8.4300E+01  2.4876E-01  4.2140E-05  2.4871E-01
8.4600E+01  2.4847E-01  4.1606E-05  2.4843E-01
8.4900E+01  2.4819E-01  4.1088E-05  2.4814E-01
8.5200E+01  2.4790E-01  4.0586E-05  2.4786E-01
8.5500E+01  2.4762E-01  4.0099E-05  2.4758E-01
8.5800E+01  2.4733E-01  3.9625E-05  2.4729E-01
8.6100E+01  2.4705E-01  3.9164E-05  2.4701E-01
8.6400E+01  2.4677E-01  3.8716E-05  2.4673E-01
8.6700E+01  2.4649E-01  3.8279E-05  2.4645E-01
8.7000E+01  2.4621E-01  3.7853E-05  2.4617E-01
8.7300E+01  2.4593E-01  3.7437E-05  2.4589E-01
8.7600E+01  2.4565E-01  3.7032E-05  2.4562E-01
8.7900E+01  2.4538E-01  3.6635E-05  2.4534E-01
8.8200E+01  2.4510E-01  3.6248E-05  2.4506E-01
8.8500E+01  2.4482E-01  3.5870E-05  2.4479E-01
8.8800E+01  2.4455E-01  3.5500E-05  2.4451E-01
8.9100E+01  2.4427E-01  3.5138E-05  2.4424E-01
8.9400E+01  2.4400E-01  3.4784E-05  2.4396E-01
8.9700E+01  2.4373E-01  3.4437E-05  2.4369E-01
9.0000E+01  2.4345E-01  3.4097E-05  2.4342E-01